2026-09-29 22:54:15.171 | INFO     | __main__:preflight:1812 -  preflight: 
open_documents=0 started_clean=True launched_by_us=False close_documents=True
2026-09-29 22:54:16.067 | INFO     | __main__:convert_folder:1486 -  export: 
one_osascript=True documents=2605 accept_all=False reject_all=False
2026-09-29 22:57:06.598 | INFO     | __main__:_note_buttons:510 -  Microsoft 
Word shows button 'Cancel'
2026-09-29 22:57:06.614 | INFO     | __main__:_note_buttons:510 -  Microsoft 
Word shows button 'Create'
2026-09-29 22:57:06.615 | INFO     | __main__:_note_buttons:510 -  Microsoft 
Word shows button 'missing value'
2026-09-29 22:57:12.730 | WARNING  | __main__:_loop_word:540 -  Word dialog 
dismissed via 'Cancel'
2026-09-29 22:59:48.701 | WARNING  | __main__:_loop_word:540 -  Word dialog 
dismissed via 'Cancel'
2026-09-29 23:05:18.020 | INFO     | __main__:_convert_batched:1685 -  one 
osascript for 2145 document(s)
2026-09-29 23:05:23.102 | INFO     | __main__:_loop:1067 -  2/2145
2026-09-29 23:05:28.129 | INFO     | __main__:_loop:1067 -  9/2145
2026-09-29 23:05:33.148 | INFO     | __main__:_loop:1067 -  15/2145
2026-09-29 23:05:58.203 | INFO     | __main__:_loop:1067 -  19/2145
2026-09-29 23:06:03.237 | INFO     | __main__:_loop:1067 -  23/2145
2026-09-29 23:06:08.288 | INFO     | __main__:_loop:1067 -  26/2145
2026-09-29 23:06:13.327 | INFO     | __main__:_loop:1067 -  28/2145
2026-09-29 23:06:18.394 | INFO     | __main__:_loop:1067 -  29/2145
2026-09-29 23:06:21.636 | WARNING  | __main__:run_batch_with_resume:1206 -  2116
item(s) never reached (Word crashed on or could not load an item); recycling 
Word and retrying the rest first, retried items last (pass 2, 0 of 3 stalled 
passes used)
2026-09-29 23:06:21.642 | WARNING  | __main__♻725 -  restarting a Word this run 
did not launch. If you set "Optimize for: Best for printing" by hand, re-check 
it before trusting the PDFs rendered after this point.
2026-09-29 23:06:21.674 | WARNING  | __main__♻731 -  recycling (restart 1)
2026-09-29 23:06:22.121 | INFO     | __main__:_note_buttons:510 -  Microsoft 
Error Reporting shows button 'OK'
2026-09-29 23:06:22.128 | INFO     | __main__:_note_buttons:510 -  Microsoft 
Error Reporting shows button 'More Information'
2026-09-29 23:06:22.129 | INFO     | __main__:_note_buttons:510 -  Microsoft 
Error Reporting shows button 'missing value'
2026-09-29 23:06:22.819 | WARNING  | __main__:_loop_merp:551 -  error report 
declined via 'OK'
2026-09-29 23:06:31.120 | INFO     | __main__:_loop:1067 -  3/2116
2026-09-29 23:06:33.347 | INFO     | __main__:_note_buttons:510 -  Microsoft 
Word shows button 'No'
2026-09-29 23:06:33.362 | INFO     | __main__:_note_buttons:510 -  Microsoft 
Word shows button 'Yes'
2026-09-29 23:06:36.238 | INFO     | __main__:_loop:1067 -  4/2116
2026-09-29 23:06:38.241 | WARNING  | __main__:_loop_word:540 -  Word dialog 
dismissed via 'No'
2026-09-29 23:06:55.755 | WARNING  | __main__:run_batch_with_resume:1206 -  2112
item(s) never reached (Word crashed on or could not load an item); recycling 
Word and retrying the rest first, retried items last (pass 3, 0 of 3 stalled 
passes used)
2026-09-29 23:06:55.762 | WARNING  | __main__♻725 -  restarting a Word this run 
did not launch. If you set "Optimize for: Best for printing" by hand, re-check 
it before trusting the PDFs rendered after this point.
2026-09-29 23:06:55.763 | WARNING  | __main__♻731 -  recycling (restart 2)
2026-09-29 23:07:00.821 | WARNING  | __main__:_loop_word:540 -  Word dialog 
dismissed via 'Cancel'
2026-09-29 23:07:05.731 | INFO     | __main__:_loop:1067 -  0/2112
2026-09-29 23:07:10.802 | WARNING  | __main__:_loop_word:540 -  Word dialog 
dismissed via 'No'
2026-09-29 23:07:24.833 | WARNING  | __main__:run_batch_with_resume:1206 -  2112
item(s) never reached (Word crashed on or could not load an item); recycling 
Word and retrying the rest first, retried items last (pass 4, 0 of 3 stalled 
passes used)
2026-09-29 23:07:24.838 | WARNING  | __main__♻725 -  restarting a Word this run 
did not launch. If you set "Optimize for: Best for printing" by hand, re-check 
it before trusting the PDFs rendered after this point.
2026-09-29 23:07:24.840 | WARNING  | __main__♻731 -  recycling (restart 3)
2026-09-29 23:07:35.442 | INFO     | __main__:_loop:1067 -  0/2112
2026-09-29 23:07:37.414 | WARNING  | __main__:_loop_word:540 -  Word dialog 
dismissed via 'No'
2026-09-29 23:07:42.709 | WARNING  | __main__:run_batch_with_resume:1206 -  2112
item(s) never reached (Word crashed on or could not load an item); recycling 
Word and retrying the rest first, retried items last (pass 5, 0 of 3 stalled 
passes used)
2026-09-29 23:07:42.719 | WARNING  | __main__♻725 -  restarting a Word this run 
did not launch. If you set "Optimize for: Best for printing" by hand, re-check 
it before trusting the PDFs rendered after this point.
2026-09-29 23:07:42.720 | WARNING  | __main__♻731 -  recycling (restart 4)
2026-09-29 23:07:53.151 | INFO     | __main__:_loop:1067 -  0/2112
2026-09-29 23:07:58.238 | INFO     | __main__:_loop:1067 -  4/2112
2026-09-29 23:08:03.377 | INFO     | __main__:_loop:1067 -  8/2112
2026-09-29 23:08:08.445 | INFO     | __main__:_loop:1067 -  11/2112
2026-09-29 23:08:13.500 | INFO     | __main__:_loop:1067 -  15/2112
2026-09-29 23:08:18.538 | INFO     | __main__:_loop:1067 -  21/2112
2026-09-29 23:08:23.604 | INFO     | __main__:_loop:1067 -  24/2112
2026-09-29 23:08:28.665 | INFO     | __main__:_loop:1067 -  28/2112
2026-09-29 23:08:33.699 | INFO     | __main__:_loop:1067 -  32/2112
2026-09-29 23:08:38.732 | INFO     | __main__:_loop:1067 -  37/2112
2026-09-29 23:09:14.356 | WARNING  | __main__:_loop:1072 -  item 38/2112 open 
for more than 30 s:
-- Word windows {name, subrole}: ,
-- Word window text: 
-- crash reporters: 
-- batch-pdf-5.log:
        45      document loaded empty (Word could not read it)
        46
        47
        48
        49
        50
        51
        52
        53
        54
        55
        56
        57
        58
        59
        60
        61
        62
        63
        64
        65
        66
        67
        68
        69
        70
        71
        72
        73
        74
        75
        76
        77
        78
        79
        80
        81
        82
-- newest diagnostic reports: biome-2026-09-29-094107.ips, 
soffice-2026-09-28-104720.ips, soffice-2026-09-28-105517.ips, 
soffice-2026-09-28-105123.000.ips, soffice-2026-09-28-105123.ips
2026-09-29 23:11:14.891 | INFO     | __main__:_loop:1067 -  40/2112
2026-09-29 23:11:19.971 | INFO     | __main__:_loop:1067 -  44/2112
2026-09-29 23:11:25.039 | INFO     | __main__:_loop:1067 -  49/2112
2026-09-29 23:11:30.066 | INFO     | __main__:_loop:1067 -  53/2112
2026-09-29 23:11:35.149 | INFO     | __main__:_loop:1067 -  56/2112
2026-09-29 23:11:40.212 | INFO     | __main__:_loop:1067 -  61/2112
2026-09-29 23:11:45.260 | INFO     | __main__:_loop:1067 -  62/2112
2026-09-29 23:12:18.593 | WARNING  | __main__:_loop:1072 -  item 63/2112 open 
for more than 30 s:
-- Word windows {name, subrole}: ,
-- Word window text: 
-- crash reporters: 
-- batch-pdf-5.log:
        45      document loaded empty (Word could not read it)
        46
        47
        48
        49
        50
        51
        52
        53
        54
        55
        56
        57
        58
        59
        60
        61
        62
        63
        64
        65
        66
        67
        68
        69
        70
        71
        72
        73
        74
        75
        76
        77
        78
        79
        80
        81
        82
        83      document loaded empty (Word could not read it)
        84
        85
        86
        87
        88
        89
        90
        91
        92
        93
        94
        95
        96      Microsoft Word got an error: document 
"00096__0a45c11e26_f3be0709437e3db487c472a0932f83d94984b9015dcc4642__vs__99c11b7
d8e_f518c13245b2fdb7c69dc16a268913a43656a97451645fbe_redline_f30cea827b_docxodus
.docx" doesn’t understand the “save as” message.
        97
        98
        99
        100
        101
        102
        103
        104
        105
        106
        107
        108
-- newest diagnostic reports: biome-2026-09-29-094107.ips, 
soffice-2026-09-28-104720.ips, soffice-2026-09-28-105517.ips, 
soffice-2026-09-28-105123.000.ips, soffice-2026-09-28-105123.ips
2026-09-29 23:12:45.239 | INFO     | __main__:_note_buttons:510 -  Microsoft 
Word shows button 'OK'
2026-09-29 23:12:48.817 | INFO     | __main__:_loop:1067 -  64/2112
2026-09-29 23:12:53.873 | INFO     | __main__:_loop:1067 -  67/2112
2026-09-29 23:12:58.913 | INFO     | __main__:_loop:1067 -  72/2112
2026-09-29 23:13:03.962 | INFO     | __main__:_loop:1067 -  77/2112
2026-09-29 23:13:08.997 | INFO     | __main__:_loop:1067 -  81/2112
2026-09-29 23:13:14.052 | INFO     | __main__:_loop:1067 -  86/2112
2026-09-29 23:13:19.127 | INFO     | __main__:_loop:1067 -  91/2112
2026-09-29 23:13:24.167 | INFO     | __main__:_loop:1067 -  93/2112
2026-09-29 23:13:34.217 | INFO     | __main__:_loop:1067 -  94/2112
2026-09-29 23:13:38.888 | WARNING  | __main__:_loop_word:540 -  Word dialog 
dismissed via 'No'
2026-09-29 23:13:39.250 | INFO     | __main__:_loop:1067 -  98/2112
2026-09-29 23:13:49.339 | INFO     | __main__:_loop:1067 -  102/2112
2026-09-29 23:13:54.412 | INFO     | __main__:_loop:1067 -  106/2112
2026-09-29 23:13:59.479 | INFO     | __main__:_loop:1067 -  110/2112
2026-09-29 23:14:09.525 | INFO     | __main__:_loop:1067 -  112/2112
2026-09-29 23:14:14.603 | INFO     | __main__:_loop:1067 -  116/2112
2026-09-29 23:14:19.690 | INFO     | __main__:_loop:1067 -  121/2112
2026-09-29 23:14:24.758 | INFO     | __main__:_loop:1067 -  125/2112
2026-09-29 23:14:29.826 | INFO     | __main__:_loop:1067 -  129/2112
2026-09-29 23:14:34.881 | INFO     | __main__:_loop:1067 -  131/2112
2026-09-29 23:14:50.036 | INFO     | __main__:_loop:1067 -  132/2112
2026-09-29 23:14:55.203 | INFO     | __main__:_loop:1067 -  136/2112
2026-09-29 23:15:00.287 | INFO     | __main__:_loop:1067 -  140/2112
2026-09-29 23:15:05.344 | INFO     | __main__:_loop:1067 -  144/2112
2026-09-29 23:15:10.430 | INFO     | __main__:_loop:1067 -  148/2112
2026-09-29 23:15:15.481 | INFO     | __main__:_loop:1067 -  152/2112
2026-09-29 23:15:20.536 | INFO     | __main__:_loop:1067 -  155/2112
2026-09-29 23:15:25.600 | INFO     | __main__:_loop:1067 -  156/2112
2026-09-29 23:15:45.808 | INFO     | __main__:_loop:1067 -  158/2112
2026-09-29 23:15:50.873 | INFO     | __main__:_loop:1067 -  161/2112
2026-09-29 23:15:55.920 | INFO     | __main__:_loop:1067 -  164/2112
2026-09-29 23:16:00.986 | INFO     | __main__:_loop:1067 -  168/2112
2026-09-29 23:16:06.045 | INFO     | __main__:_loop:1067 -  171/2112
2026-09-29 23:16:11.097 | INFO     | __main__:_loop:1067 -  173/2112
2026-09-29 23:16:16.158 | INFO     | __main__:_loop:1067 -  174/2112
2026-09-29 23:16:31.281 | INFO     | __main__:_loop:1067 -  176/2112
2026-09-29 23:16:36.432 | INFO     | __main__:_loop:1067 -  179/2112
2026-09-29 23:16:41.564 | INFO     | __main__:_loop:1067 -  183/2112
2026-09-29 23:16:46.675 | INFO     | __main__:_loop:1067 -  186/2112
2026-09-29 23:16:51.729 | INFO     | __main__:_loop:1067 -  190/2112
2026-09-29 23:17:11.824 | INFO     | __main__:_loop:1067 -  194/2112
2026-09-29 23:17:16.872 | INFO     | __main__:_loop:1067 -  198/2112
2026-09-29 23:17:21.942 | INFO     | __main__:_loop:1067 -  199/2112
2026-09-29 23:17:37.142 | INFO     | __main__:_loop:1067 -  201/2112
2026-09-29 23:17:42.237 | INFO     | __main__:_loop:1067 -  205/2112
2026-09-29 23:17:47.286 | INFO     | __main__:_loop:1067 -  206/2112
2026-09-29 23:17:49.622 | WARNING  | __main__:_loop_word:540 -  Word dialog 
dismissed via 'No'
2026-09-29 23:17:57.473 | INFO     | __main__:_loop:1067 -  209/2112
2026-09-29 23:18:02.593 | INFO     | __main__:_loop:1067 -  213/2112
2026-09-29 23:18:12.646 | INFO     | __main__:_loop:1067 -  217/2112
2026-09-29 23:18:17.686 | INFO     | __main__:_loop:1067 -  219/2112
2026-09-29 23:18:22.732 | INFO     | __main__:_loop:1067 -  221/2112
2026-09-29 23:18:38.761 | WARNING  | __main__:run_batch_with_resume:1206 -  1891
item(s) never reached (Word crashed on or could not load an item); recycling 
Word and retrying the rest first, retried items last (pass 6, 0 of 3 stalled 
passes used)
2026-09-29 23:18:38.776 | WARNING  | __main__♻725 -  restarting a Word this run 
did not launch. If you set "Optimize for: Best for printing" by hand, re-check 
it before trusting the PDFs rendered after this point.
2026-09-29 23:18:38.778 | WARNING  | __main__♻731 -  recycling (restart 5)
2026-09-29 23:18:53.034 | INFO     | __main__:_loop:1067 -  0/1891
2026-09-29 23:18:56.799 | WARNING  | __main__:_loop_word:540 -  Word dialog 
dismissed via 'No'
2026-09-29 23:19:26.088 | WARNING  | __main__:_loop:1072 -  item 1/1891 open for
more than 30 s:
-- Word windows {name, subrole}: ,
-- Word window text: 
-- crash reporters: 
-- batch-pdf-6.log:
        283     document loaded empty (Word could not read it)
        284     document loaded empty (Word could not read it)
        285     document loaded empty (Word could not read it)
        0       0
-- newest diagnostic reports: biome-2026-09-29-094107.ips, 
soffice-2026-09-28-104720.ips, soffice-2026-09-28-105517.ips, 
soffice-2026-09-28-105123.000.ips, soffice-2026-09-28-105123.ips
2026-09-29 23:19:26.101 | WARNING  | __main__:run_batch_with_resume:1206 -  1891
item(s) never reached (Word crashed on or could not load an item); recycling 
Word and retrying the rest first, retried items last (pass 7, 0 of 3 stalled 
passes used)
2026-09-29 23:19:26.103 | WARNING  | __main__♻725 -  restarting a Word this run 
did not launch. If you set "Optimize for: Best for printing" by hand, re-check 
it before trusting the PDFs rendered after this point.
2026-09-29 23:19:26.104 | WARNING  | __main__♻731 -  recycling (restart 6)
2026-09-29 23:19:37.683 | INFO     | __main__:_loop:1067 -  0/1891
2026-09-29 23:19:42.023 | WARNING  | __main__:_loop_word:540 -  Word dialog 
dismissed via 'No'
2026-09-29 23:19:54.695 | WARNING  | __main__:_loop_word:540 -  Word dialog 
dismissed via 'OK'
2026-09-29 23:19:54.925 | WARNING  | __main__:run_batch_with_resume:1206 -  1891
item(s) never reached (Word crashed on or could not load an item); recycling 
Word and retrying the rest first, retried items last (pass 8, 0 of 3 stalled 
passes used)
2026-09-29 23:19:54.927 | WARNING  | __main__♻725 -  restarting a Word this run 
did not launch. If you set "Optimize for: Best for printing" by hand, re-check 
it before trusting the PDFs rendered after this point.
2026-09-29 23:19:54.928 | WARNING  | __main__♻731 -  recycling (restart 7)
2026-09-29 23:20:05.901 | INFO     | __main__:_loop:1067 -  0/1891
2026-09-29 23:20:07.109 | WARNING  | __main__:_loop_word:540 -  Word dialog 
dismissed via 'No'
2026-09-29 23:20:31.039 | INFO     | __main__:_loop:1067 -  3/1891
2026-09-29 23:20:36.127 | INFO     | __main__:_loop:1067 -  6/1891
2026-09-29 23:20:41.207 | INFO     | __main__:_loop:1067 -  9/1891
2026-09-29 23:20:46.273 | INFO     | __main__:_loop:1067 -  13/1891
2026-09-29 23:20:51.383 | INFO     | __main__:_loop:1067 -  18/1891
2026-09-29 23:20:56.571 | INFO     | __main__:_loop:1067 -  22/1891
2026-09-29 23:21:01.723 | INFO     | __main__:_loop:1067 -  23/1891
2026-09-29 23:21:26.931 | INFO     | __main__:_loop:1067 -  24/1891
2026-09-29 23:21:32.055 | INFO     | __main__:_loop:1067 -  27/1891
2026-09-29 23:22:14.435 | WARNING  | __main__:_loop:1072 -  item 28/1891 open 
for more than 30 s:
-- Word windows {name, subrole}: ,
-- Word window text: 
-- crash reporters: 
-- batch-pdf-8.log:
        289     document loaded empty (Word could not read it)
        290
        291
        292
        293
        294
        295
        296     document loaded empty (Word could not read it)
        297
        298
        299
        300
        301     Microsoft Word got an error: document 
"00301__23536e24d2_5ddba7ca1e7abc522e338baa1f7afc84bf0051381d8dd6e8__vs__66396a2
dff_5cb08eac0fbc63f2dc66c9020486fde76b78b3b56e6cc368_redline_1a6df64b8c_docxodus
.docx" doesn’t understand the “save as” message.
        302
        303
        304
        305
        306
        307
        308
        309
        310
        311
        312
        313
        314
        315
        316
        317
-- newest diagnostic reports: biome-2026-09-29-094107.ips, 
soffice-2026-09-28-104720.ips, soffice-2026-09-28-105517.ips, 
soffice-2026-09-28-105123.000.ips, soffice-2026-09-28-105123.ips
2026-09-29 23:24:40.432 | INFO     | __main__:_loop:1067 -  28/1891
2026-09-29 23:24:55.539 | INFO     | __main__:_loop:1067 -  30/1891
2026-09-29 23:25:00.580 | INFO     | __main__:_loop:1067 -  34/1891
2026-09-29 23:25:05.620 | INFO     | __main__:_loop:1067 -  39/1891
2026-09-29 23:25:10.766 | INFO     | __main__:_loop:1067 -  42/1891
2026-09-29 23:25:15.823 | INFO     | __main__:_loop:1067 -  46/1891
2026-09-29 23:25:20.896 | INFO     | __main__:_loop:1067 -  50/1891
2026-09-29 23:25:25.939 | INFO     | __main__:_loop:1067 -  54/1891
2026-09-29 23:25:30.981 | INFO     | __main__:_loop:1067 -  59/1891
2026-09-29 23:25:36.024 | INFO     | __main__:_loop:1067 -  63/1891
2026-09-29 23:25:41.077 | INFO     | __main__:_loop:1067 -  67/1891
2026-09-29 23:25:46.108 | INFO     | __main__:_loop:1067 -  73/1891
2026-09-29 23:25:51.154 | INFO     | __main__:_loop:1067 -  77/1891
2026-09-29 23:25:56.205 | INFO     | __main__:_loop:1067 -  81/1891
2026-09-29 23:26:01.240 | INFO     | __main__:_loop:1067 -  85/1891
2026-09-29 23:26:06.285 | INFO     | __main__:_loop:1067 -  89/1891
2026-09-29 23:26:11.337 | INFO     | __main__:_loop:1067 -  90/1891
2026-09-29 23:26:45.877 | WARNING  | __main__:_loop:1072 -  item 91/1891 open 
for more than 30 s:
-- Word windows {name, subrole}: ,
-- Word window text: 
-- crash reporters: 
-- batch-pdf-8.log:
        289     document loaded empty (Word could not read it)
        290
        291
        292
        293
        294
        295
        296     document loaded empty (Word could not read it)
        297
        298
        299
        300
        301     Microsoft Word got an error: document 
"00301__23536e24d2_5ddba7ca1e7abc522e338baa1f7afc84bf0051381d8dd6e8__vs__66396a2
dff_5cb08eac0fbc63f2dc66c9020486fde76b78b3b56e6cc368_redline_1a6df64b8c_docxodus
.docx" doesn’t understand the “save as” message.
        302
        303
        304
        305
        306
        307
        308
        309
        310
        311
        312
        313
        314
        315
        316
        317
        318     document loaded empty (Word could not read it)
        319     document loaded empty (Word could not read it)
        320
        321
        322
        323
        324
        325
        326
        327
        328
        329
        330
        331
        332
        333
        334
        335
        336
        337
        338
        339
        340
        341
        342
        343
        344
        345
        346
        347
        348
        349
        350
        351
        352
        353
        354
        355
        356
        357
        358
        359
        360
        361
        362
        363
        364
        365
        366
        367
        368
        369
        370
        371
        372
        373
        374
        375
        376
        377
        378
        379
        380
        381
        382
-- newest diagnostic reports: biome-2026-09-29-094107.ips, 
soffice-2026-09-28-104720.ips, soffice-2026-09-28-105517.ips, 
soffice-2026-09-28-105123.000.ips, soffice-2026-09-28-105123.ips
2026-09-29 23:30:06.876 | WARNING  | __main__:run_batch_with_resume:1206 -  1800
item(s) never reached (Word crashed on or could not load an item); recycling 
Word and retrying the rest first, retried items last (pass 9, 0 of 3 stalled 
passes used)
2026-09-29 23:30:06.888 | WARNING  | __main__♻725 -  restarting a Word this run 
did not launch. If you set "Optimize for: Best for printing" by hand, re-check 
it before trusting the PDFs rendered after this point.
2026-09-29 23:30:06.889 | WARNING  | __main__♻731 -  recycling (restart 8)
2026-09-29 23:30:24.648 | INFO     | __main__:_loop:1067 -  2/1800
2026-09-29 23:30:34.799 | INFO     | __main__:_loop:1067 -  3/1800
2026-09-29 23:30:39.846 | INFO     | __main__:_loop:1067 -  8/1800
2026-09-29 23:30:44.879 | INFO     | __main__:_loop:1067 -  12/1800
2026-09-29 23:30:49.942 | INFO     | __main__:_loop:1067 -  17/1800
2026-09-29 23:30:55.012 | INFO     | __main__:_loop:1067 -  21/1800
2026-09-29 23:31:00.112 | INFO     | __main__:_loop:1067 -  25/1800
2026-09-29 23:31:40.468 | WARNING  | __main__:_loop:1072 -  item 26/1800 open 
for more than 30 s:
-- Word windows {name, subrole}: , Open new and recent files, AXDialog, 
AXStandardWindow
-- Word window text: Microsoft Word, Word experienced an error trying to open 
the file.
Try these suggestions.
* Check the file permissions for the document or drive.
* Make sure there is sufficient free memory and disk space.
* Open the file with the Text Recovery converter.
(00411__2da026a400_2d048ff116f39f2f4d8...),
-- crash reporters: 
-- batch-pdf-9.log:
        384
        385
        386     document loaded empty (Word could not read it)
        387     document loaded empty (Word could not read it)
        388
        389
        390
        391
        392
        393
        394
        395
        396
        397
        398
        399
        400
        401
        402
        403
        404
        405
        406
        407
        408
        409
        410
        411     document loaded empty (Word could not read it)
        412
        413
        414
        415
        416
-- newest diagnostic reports: biome-2026-09-29-094107.ips, 
soffice-2026-09-28-104720.ips, soffice-2026-09-28-105517.ips, 
soffice-2026-09-28-105123.000.ips, soffice-2026-09-28-105123.ips
2026-09-29 23:31:45.685 | INFO     | __main__:_loop:1067 -  34/1800
2026-09-29 23:31:50.729 | INFO     | __main__:_loop:1067 -  38/1800
2026-09-29 23:31:55.878 | INFO     | __main__:_loop:1067 -  43/1800
2026-09-29 23:32:01.016 | INFO     | __main__:_loop:1067 -  47/1800
2026-09-29 23:32:11.216 | INFO     | __main__:_loop:1067 -  48/1800
2026-09-29 23:32:16.364 | INFO     | __main__:_loop:1067 -  50/1800
2026-09-29 23:32:21.398 | INFO     | __main__:_loop:1067 -  54/1800
2026-09-29 23:32:26.466 | INFO     | __main__:_loop:1067 -  58/1800
2026-09-29 23:33:11.781 | WARNING  | __main__:_loop:1072 -  item 59/1800 open 
for more than 30 s:
-- Word windows {name, subrole}: osascript timed out
-- Word window text: 
-- crash reporters: 
-- batch-pdf-9.log:
        384
        385
        386     document loaded empty (Word could not read it)
        387     document loaded empty (Word could not read it)
        388
        389
        390
        391
        392
        393
        394
        395
        396
        397
        398
        399
        400
        401
        402
        403
        404
        405
        406
        407
        408
        409
        410
        411     document loaded empty (Word could not read it)
        412
        413
        414
        415
        416
        417
        418
        419
        420
        421
        422
        423
        424
        425
        426
        427
        428
        429
        430
        431
        432
        433
        434     document loaded empty (Word could not read it)
        435
        436
        437
        438
        439
        440
        441
        442
        443
        444
        445
-- newest diagnostic reports: biome-2026-09-29-094107.ips, 
soffice-2026-09-28-104720.ips, soffice-2026-09-28-105517.ips, 
soffice-2026-09-28-105123.000.ips, soffice-2026-09-28-105123.ips
2026-09-29 23:35:37.994 | INFO     | __main__:_loop:1067 -  62/1800
2026-09-29 23:35:43.041 | INFO     | __main__:_loop:1067 -  66/1800
2026-09-29 23:35:48.213 | INFO     | __main__:_loop:1067 -  71/1800
2026-09-29 23:35:53.308 | INFO     | __main__:_loop:1067 -  75/1800
2026-09-29 23:35:58.419 | INFO     | __main__:_loop:1067 -  78/1800
2026-09-29 23:36:03.542 | INFO     | __main__:_loop:1067 -  82/1800
2026-09-29 23:36:08.618 | INFO     | __main__:_loop:1067 -  83/1800
2026-09-29 23:36:13.688 | INFO     | __main__:_loop:1067 -  86/1800
2026-09-29 23:36:33.881 | INFO     | __main__:_loop:1067 -  88/1800
2026-09-29 23:36:38.974 | INFO     | __main__:_loop:1067 -  92/1800
2026-09-29 23:36:43.995 | INFO     | __main__:_loop:1067 -  96/1800
2026-09-29 23:36:49.133 | INFO     | __main__:_loop:1067 -  99/1800
2026-09-29 23:36:54.272 | INFO     | __main__:_loop:1067 -  100/1800
2026-09-29 23:37:04.396 | INFO     | __main__:_loop:1067 -  101/1800
2026-09-29 23:37:09.476 | INFO     | __main__:_loop:1067 -  105/1800
2026-09-29 23:37:14.555 | INFO     | __main__:_loop:1067 -  109/1800
2026-09-29 23:37:19.636 | INFO     | __main__:_loop:1067 -  113/1800
2026-09-29 23:37:58.505 | WARNING  | __main__:run_batch_with_resume:1206 -  1687
item(s) never reached (Word crashed on or could not load an item); recycling 
Word and retrying the rest first, retried items last (pass 10, 0 of 3 stalled 
passes used)
2026-09-29 23:37:58.600 | WARNING  | __main__♻725 -  restarting a Word this run 
did not launch. If you set "Optimize for: Best for printing" by hand, re-check 
it before trusting the PDFs rendered after this point.
2026-09-29 23:37:58.607 | WARNING  | __main__♻731 -  recycling (restart 9)
2026-09-29 23:38:16.172 | INFO     | __main__:_loop:1067 -  0/1687
2026-09-29 23:38:18.781 | WARNING  | __main__:_loop:1072 -  item 114/1800 open 
for more than 30 s:
-- Word windows {name, subrole}: osascript timed out
-- Word window text: osascript timed out
-- crash reporters: 
-- batch-pdf-9.log:
        384
        385
        386     document loaded empty (Word could not read it)
        387     document loaded empty (Word could not read it)
        388
        389
        390
        391
        392
        393
        394
        395
        396
        397
        398
        399
        400
        401
        402
        403
        404
        405
        406
        407
        408
        409
        410
        411     document loaded empty (Word could not read it)
        412
        413
        414
        415
        416
        417
        418
        419
        420
        421
        422
        423
        424
        425
        426
        427
        428
        429
        430
        431
        432
        433
        434     document loaded empty (Word could not read it)
        435
        436
        437
        438
        439
        440
        441
        442
        443
        444
        445
        446     document loaded empty (Word could not read it)
        447
        448
        449
        450
        451
        452
        453
        454
        455
        456
        457
        458
        459
        460
        461
        462
        463
        464
        465
        466
        467
        468
        469
        470
        471     document loaded empty (Word could not read it)
        472
        473
        474
        475
        476
        477
        478
        479
        480
        481
        482
        483
        484
        485
        486
        487
        488
        489
        490     document loaded empty (Word could not read it)
        491     document loaded empty (Word could not read it)
        492
        493
        494
        495
        496
        497
        498
        499
        500
        501
        502
        503
        504
        505     document loaded empty (Word could not read it)
        506     document loaded empty (Word could not read it)
        507     document loaded empty (Word could not read it)
        113     0
-- newest diagnostic reports: biome-2026-09-29-094107.ips, 
soffice-2026-09-28-104720.ips, soffice-2026-09-28-105517.ips, 
soffice-2026-09-28-105123.000.ips, soffice-2026-09-28-105123.ips
2026-09-29 23:38:26.294 | WARNING  | __main__:run_batch_with_resume:1206 -  1687
item(s) never reached (Word crashed on or could not load an item); recycling 
Word and retrying the rest first, retried items last (pass 11, 0 of 3 stalled 
passes used)
2026-09-29 23:38:26.300 | WARNING  | __main__♻725 -  restarting a Word this run 
did not launch. If you set "Optimize for: Best for printing" by hand, re-check 
it before trusting the PDFs rendered after this point.
2026-09-29 23:38:26.302 | WARNING  | __main__♻731 -  recycling (restart 10)
2026-09-29 23:38:42.980 | INFO     | __main__:_loop:1067 -  0/1687
2026-09-29 23:38:51.045 | WARNING  | __main__:run_batch_with_resume:1206 -  1687
item(s) never reached (Word crashed on or could not load an item); recycling 
Word and retrying the rest first, retried items last (pass 12, 0 of 3 stalled 
passes used)
2026-09-29 23:38:51.068 | WARNING  | __main__♻725 -  restarting a Word this run 
did not launch. If you set "Optimize for: Best for printing" by hand, re-check 
it before trusting the PDFs rendered after this point.
2026-09-29 23:38:51.070 | WARNING  | __main__♻731 -  recycling (restart 11)
2026-09-29 23:39:02.656 | INFO     | __main__:_loop:1067 -  0/1687
2026-09-29 23:39:12.739 | INFO     | __main__:_loop:1067 -  2/1687
2026-09-29 23:39:17.777 | INFO     | __main__:_loop:1067 -  6/1687
2026-09-29 23:39:22.834 | INFO     | __main__:_loop:1067 -  9/1687
2026-09-29 23:39:27.921 | INFO     | __main__:_loop:1067 -  14/1687
2026-09-29 23:39:33.062 | INFO     | __main__:_loop:1067 -  20/1687
2026-09-29 23:39:38.146 | INFO     | __main__:_loop:1067 -  24/1687
2026-09-29 23:39:43.369 | INFO     | __main__:_loop:1067 -  29/1687
2026-09-29 23:39:48.456 | INFO     | __main__:_loop:1067 -  33/1687
2026-09-29 23:39:53.523 | INFO     | __main__:_loop:1067 -  36/1687
2026-09-29 23:39:58.596 | INFO     | __main__:_loop:1067 -  39/1687
2026-09-29 23:40:03.700 | INFO     | __main__:_loop:1067 -  43/1687
2026-09-29 23:40:08.771 | INFO     | __main__:_loop:1067 -  44/1687
2026-09-29 23:40:13.874 | INFO     | __main__:_loop:1067 -  45/1687
2026-09-29 23:40:19.026 | INFO     | __main__:_loop:1067 -  48/1687
2026-09-29 23:40:35.344 | WARNING  | __main__:run_batch_with_resume:1206 -  1639
item(s) never reached (Word crashed on or could not load an item); recycling 
Word and retrying the rest first, retried items last (pass 13, 0 of 3 stalled 
passes used)
2026-09-29 23:40:35.385 | WARNING  | __main__♻725 -  restarting a Word this run 
did not launch. If you set "Optimize for: Best for printing" by hand, re-check 
it before trusting the PDFs rendered after this point.
2026-09-29 23:40:35.387 | WARNING  | __main__♻731 -  recycling (restart 12)
2026-09-29 23:40:51.474 | INFO     | __main__:_loop:1067 -  0/1639
2026-09-29 23:41:02.943 | WARNING  | __main__:run_batch_with_resume:1206 -  1639
item(s) never reached (Word crashed on or could not load an item); recycling 
Word and retrying the rest first, retried items last (pass 14, 0 of 3 stalled 
passes used)
2026-09-29 23:41:02.973 | WARNING  | __main__♻725 -  restarting a Word this run 
did not launch. If you set "Optimize for: Best for printing" by hand, re-check 
it before trusting the PDFs rendered after this point.
2026-09-29 23:41:02.974 | WARNING  | __main__♻731 -  recycling (restart 13)
2026-09-29 23:41:14.608 | INFO     | __main__:_loop:1067 -  0/1639
2026-09-29 23:41:21.082 | WARNING  | __main__:run_batch_with_resume:1206 -  1639
item(s) never reached (Word crashed on or could not load an item); recycling 
Word and retrying the rest first, retried items last (pass 15, 0 of 3 stalled 
passes used)
2026-09-29 23:41:21.088 | WARNING  | __main__♻725 -  restarting a Word this run 
did not launch. If you set "Optimize for: Best for printing" by hand, re-check 
it before trusting the PDFs rendered after this point.
2026-09-29 23:41:21.090 | WARNING  | __main__♻731 -  recycling (restart 14)
2026-09-29 23:41:33.568 | INFO     | __main__:_loop:1067 -  0/1639
2026-09-29 23:41:43.846 | INFO     | __main__:_loop:1067 -  2/1639
2026-09-29 23:41:48.922 | INFO     | __main__:_loop:1067 -  8/1639
2026-09-29 23:41:54.176 | INFO     | __main__:_loop:1067 -  11/1639
2026-09-29 23:41:59.229 | INFO     | __main__:_loop:1067 -  14/1639
2026-09-29 23:42:04.284 | INFO     | __main__:_loop:1067 -  17/1639
2026-09-29 23:42:09.357 | INFO     | __main__:_loop:1067 -  20/1639
2026-09-29 23:42:14.460 | INFO     | __main__:_loop:1067 -  23/1639
2026-09-29 23:42:18.780 | WARNING  | __main__:run_batch_with_resume:1206 -  1616
item(s) never reached (Word crashed on or could not load an item); recycling 
Word and retrying the rest first, retried items last (pass 16, 0 of 3 stalled 
passes used)
2026-09-29 23:42:18.785 | WARNING  | __main__♻725 -  restarting a Word this run 
did not launch. If you set "Optimize for: Best for printing" by hand, re-check 
it before trusting the PDFs rendered after this point.
2026-09-29 23:42:18.786 | WARNING  | __main__♻731 -  recycling (restart 15)
2026-09-29 23:42:30.935 | WARNING  | __main__:_loop_word:540 -  Word dialog 
dismissed via 'Cancel'
2026-09-29 23:42:35.566 | INFO     | __main__:_loop:1067 -  0/1616
2026-09-29 23:42:43.408 | WARNING  | __main__:_loop_word:540 -  Word dialog 
dismissed via 'No'
2026-09-29 23:43:03.781 | WARNING  | __main__:run_batch_with_resume:1206 -  1616
item(s) never reached (Word crashed on or could not load an item); recycling 
Word and retrying the rest first, retried items last (pass 17, 0 of 3 stalled 
passes used)
2026-09-29 23:43:03.789 | WARNING  | __main__♻725 -  restarting a Word this run 
did not launch. If you set "Optimize for: Best for printing" by hand, re-check 
it before trusting the PDFs rendered after this point.
2026-09-29 23:43:03.792 | WARNING  | __main__♻731 -  recycling (restart 16)
2026-09-29 23:43:12.205 | WARNING  | __main__:_loop_word:540 -  Word dialog 
dismissed via 'Cancel'
2026-09-29 23:43:15.573 | INFO     | __main__:_loop:1067 -  0/1616
2026-09-29 23:43:21.617 | WARNING  | __main__:run_batch_with_resume:1206 -  1616
item(s) never reached (Word crashed on or could not load an item); recycling 
Word and retrying the rest first, retried items last (pass 18, 0 of 3 stalled 
passes used)
2026-09-29 23:43:21.753 | WARNING  | __main__♻725 -  restarting a Word this run 
did not launch. If you set "Optimize for: Best for printing" by hand, re-check 
it before trusting the PDFs rendered after this point.
2026-09-29 23:43:21.754 | WARNING  | __main__♻731 -  recycling (restart 17)
2026-09-29 23:43:31.859 | WARNING  | __main__:_loop_word:540 -  Word dialog 
dismissed via 'Cancel'
2026-09-29 23:43:35.445 | INFO     | __main__:_loop:1067 -  0/1616
2026-09-29 23:43:50.568 | INFO     | __main__:_loop:1067 -  1/1616
2026-09-29 23:43:51.736 | WARNING  | __main__:_loop_word:540 -  Word dialog 
dismissed via 'No'
2026-09-29 23:43:55.623 | INFO     | __main__:_loop:1067 -  2/1616
2026-09-29 23:44:00.794 | INFO     | __main__:_loop:1067 -  5/1616
2026-09-29 23:44:31.068 | INFO     | __main__:_loop:1067 -  6/1616
2026-09-29 23:44:36.144 | INFO     | __main__:_loop:1067 -  7/1616
2026-09-29 23:44:51.388 | INFO     | __main__:_loop:1067 -  9/1616
2026-09-29 23:44:56.448 | INFO     | __main__:_loop:1067 -  12/1616
2026-09-29 23:45:01.523 | INFO     | __main__:_loop:1067 -  15/1616
2026-09-29 23:45:06.618 | INFO     | __main__:_loop:1067 -  18/1616
2026-09-29 23:45:11.791 | INFO     | __main__:_loop:1067 -  23/1616
2026-09-29 23:45:16.988 | INFO     | __main__:_loop:1067 -  25/1616
2026-09-29 23:45:22.190 | INFO     | __main__:_loop:1067 -  26/1616
2026-09-29 23:45:27.347 | INFO     | __main__:_loop:1067 -  32/1616
2026-09-29 23:45:32.475 | INFO     | __main__:_loop:1067 -  34/1616
2026-09-29 23:45:37.550 | INFO     | __main__:_loop:1067 -  38/1616
2026-09-29 23:45:42.592 | INFO     | __main__:_loop:1067 -  43/1616
2026-09-29 23:45:47.641 | INFO     | __main__:_loop:1067 -  48/1616
2026-09-29 23:45:52.692 | INFO     | __main__:_loop:1067 -  52/1616
2026-09-29 23:45:57.737 | INFO     | __main__:_loop:1067 -  56/1616
2026-09-29 23:46:02.811 | INFO     | __main__:_loop:1067 -  61/1616
2026-09-29 23:46:07.926 | INFO     | __main__:_loop:1067 -  66/1616
2026-09-29 23:46:13.013 | INFO     | __main__:_loop:1067 -  68/1616
2026-09-29 23:46:43.248 | INFO     | __main__:_loop:1067 -  71/1616
2026-09-29 23:46:48.304 | INFO     | __main__:_loop:1067 -  74/1616
2026-09-29 23:46:53.393 | INFO     | __main__:_loop:1067 -  77/1616
2026-09-29 23:46:58.487 | INFO     | __main__:_loop:1067 -  79/1616
2026-09-29 23:47:03.564 | INFO     | __main__:_loop:1067 -  82/1616
2026-09-29 23:47:08.613 | INFO     | __main__:_loop:1067 -  87/1616
2026-09-29 23:47:13.708 | INFO     | __main__:_loop:1067 -  90/1616
2026-09-29 23:47:18.847 | INFO     | __main__:_loop:1067 -  94/1616
2026-09-29 23:47:23.991 | INFO     | __main__:_loop:1067 -  97/1616
2026-09-29 23:47:29.132 | INFO     | __main__:_loop:1067 -  101/1616
2026-09-29 23:47:34.292 | INFO     | __main__:_loop:1067 -  102/1616
2026-09-29 23:47:39.370 | INFO     | __main__:_loop:1067 -  103/1616
2026-09-29 23:48:15.865 | WARNING  | __main__:_loop:1072 -  item 104/1616 open 
for more than 30 s:
-- Word windows {name, subrole}: ,
-- Word window text: 
-- crash reporters: 
-- batch-pdf-18.log:
        611     document loaded empty (Word could not read it)
        612
        613     document loaded empty (Word could not read it)
        614
        615     document loaded empty (Word could not read it)
        616
        617
        618
        619     document loaded empty (Word could not read it)
        620
        621
        622     document loaded empty (Word could not read it)
        623
        624
        625
        626
        627
        628
        629
        630
        631
        632
        633
        634
        635
        636
        637
        638
        639
        640
        641
        642
        643
        644
        645
        646
        647
        648
        649     document loaded empty (Word could not read it)
        650
        651
        652
        653
        654
        655
        656
        657
        658
        659
        660
        661
        662
        663
        664
        665
        666
        667
        668
        669
        670
        671
        672
        673
        674
        675
        676
        677
        678
        679
        680
        681
        682
        683
        684
        685     document loaded empty (Word could not read it)
        686
        687
        688
        689
        690
        691
        692
        693
        694
        695
        696
        697
        698
        699
        700
        701
        702
        703
        704
        705
        706
        707
        708
        709
        710
        711
        712
        713
        714
        715
        716
        717
        718
        719
        720
-- newest diagnostic reports: biome-2026-09-29-094107.ips, 
soffice-2026-09-28-104720.ips, soffice-2026-09-28-105517.ips, 
soffice-2026-09-28-105123.000.ips, soffice-2026-09-28-105123.ips
2026-09-29 23:51:35.165 | WARNING  | __main__:run_batch_with_resume:1206 -  1512
item(s) never reached (Word crashed on or could not load an item); recycling 
Word and retrying the rest first, retried items last (pass 19, 0 of 3 stalled 
passes used)
2026-09-29 23:51:35.171 | WARNING  | __main__♻725 -  restarting a Word this run 
did not launch. If you set "Optimize for: Best for printing" by hand, re-check 
it before trusting the PDFs rendered after this point.
2026-09-29 23:51:35.172 | WARNING  | __main__♻731 -  recycling (restart 18)
2026-09-29 23:51:47.922 | WARNING  | __main__:_loop_word:540 -  Word dialog 
dismissed via 'No'
2026-09-29 23:52:01.075 | INFO     | __main__:_loop:1067 -  2/1512
2026-09-29 23:52:06.105 | INFO     | __main__:_loop:1067 -  9/1512
2026-09-29 23:52:11.141 | INFO     | __main__:_loop:1067 -  12/1512
2026-09-29 23:52:16.190 | INFO     | __main__:_loop:1067 -  19/1512
2026-09-29 23:52:21.222 | INFO     | __main__:_loop:1067 -  20/1512
2026-09-29 23:52:26.258 | INFO     | __main__:_loop:1067 -  22/1512
2026-09-29 23:52:31.284 | INFO     | __main__:_loop:1067 -  28/1512
2026-09-29 23:52:36.319 | INFO     | __main__:_loop:1067 -  32/1512
2026-09-29 23:52:41.390 | INFO     | __main__:_loop:1067 -  38/1512
2026-09-29 23:52:46.448 | INFO     | __main__:_loop:1067 -  43/1512
2026-09-29 23:52:51.484 | INFO     | __main__:_loop:1067 -  47/1512
2026-09-29 23:52:56.516 | INFO     | __main__:_loop:1067 -  51/1512
2026-09-29 23:53:01.549 | INFO     | __main__:_loop:1067 -  57/1512
2026-09-29 23:53:06.596 | INFO     | __main__:_loop:1067 -  62/1512
2026-09-29 23:53:11.633 | INFO     | __main__:_loop:1067 -  67/1512
2026-09-29 23:53:16.665 | INFO     | __main__:_loop:1067 -  71/1512
2026-09-29 23:53:26.742 | INFO     | __main__:_loop:1067 -  72/1512
2026-09-29 23:53:31.770 | INFO     | __main__:_loop:1067 -  76/1512
2026-09-29 23:54:23.119 | WARNING  | __main__:_loop:1072 -  item 77/1512 open 
for more than 30 s:
-- Word windows {name, subrole}: ,
-- Word window text: 
-- crash reporters: 
-- batch-pdf-19.log:
        722
        723
        724
        725
        726
        727
        728
        729
        730
        731
        732
        733
        734
        735
        736
        737
        738
        739
        740
        741
        742
        743
        744
        745
        746
        747
        748
        749
        750
        751
        752
        753
        754
        755
        756
        757
        758
        759
        760
        761
        762
        763
        764
        765
        766
        767
        768
        769
        770
        771
        772
        773
        774
        775
        776
        777
        778
        779
        780
        781
        782
        783
        784
        785
        786
        787
        788
        789
        790
        791
        792
        793     document loaded empty (Word could not read it)
        794
        795
        796
        797
        798
-- newest diagnostic reports: biome-2026-09-29-094107.ips, 
soffice-2026-09-28-104720.ips, soffice-2026-09-28-105517.ips, 
soffice-2026-09-28-105123.000.ips, soffice-2026-09-28-105123.ips
2026-09-29 23:55:18.485 | INFO     | __main__:_loop:1067 -  79/1512
2026-09-29 23:55:43.638 | INFO     | __main__:_loop:1067 -  82/1512
2026-09-29 23:55:48.672 | INFO     | __main__:_loop:1067 -  84/1512
2026-09-29 23:55:53.701 | INFO     | __main__:_loop:1067 -  87/1512
2026-09-29 23:55:58.733 | INFO     | __main__:_loop:1067 -  91/1512
2026-09-29 23:56:03.782 | INFO     | __main__:_loop:1067 -  92/1512
2026-09-29 23:56:08.815 | INFO     | __main__:_loop:1067 -  93/1512
2026-09-29 23:56:11.648 | WARNING  | __main__:run_batch_with_resume:1206 -  1419
item(s) never reached (Word crashed on or could not load an item); recycling 
Word and retrying the rest first, retried items last (pass 20, 0 of 3 stalled 
passes used)
2026-09-29 23:56:11.655 | WARNING  | __main__♻725 -  restarting a Word this run 
did not launch. If you set "Optimize for: Best for printing" by hand, re-check 
it before trusting the PDFs rendered after this point.
2026-09-29 23:56:11.656 | WARNING  | __main__♻731 -  recycling (restart 19)
2026-09-29 23:56:24.943 | WARNING  | __main__:_loop_word:540 -  Word dialog 
dismissed via 'No'
2026-09-29 23:56:25.115 | INFO     | __main__:_loop:1067 -  0/1419
2026-09-29 23:56:28.472 | WARNING  | __main__:run_batch_with_resume:1206 -  1419
item(s) never reached (Word crashed on or could not load an item); recycling 
Word and retrying the rest first, retried items last (pass 21, 0 of 3 stalled 
passes used)
2026-09-29 23:56:28.474 | WARNING  | __main__♻725 -  restarting a Word this run 
did not launch. If you set "Optimize for: Best for printing" by hand, re-check 
it before trusting the PDFs rendered after this point.
2026-09-29 23:56:28.475 | WARNING  | __main__♻731 -  recycling (restart 20)
2026-09-29 23:56:32.979 | WARNING  | __main__:_loop_word:540 -  Word dialog 
dismissed via 'Cancel'
2026-09-29 23:56:37.895 | INFO     | __main__:_loop:1067 -  0/1419
2026-09-29 23:56:47.769 | WARNING  | __main__:run_batch_with_resume:1206 -  1419
item(s) never reached (Word crashed on or could not load an item); recycling 
Word and retrying the rest first, retried items last (pass 22, 0 of 3 stalled 
passes used)
2026-09-29 23:56:47.771 | WARNING  | __main__♻725 -  restarting a Word this run 
did not launch. If you set "Optimize for: Best for printing" by hand, re-check 
it before trusting the PDFs rendered after this point.
2026-09-29 23:56:47.773 | WARNING  | __main__♻731 -  recycling (restart 21)
2026-09-29 23:56:57.135 | INFO     | __main__:_loop:1067 -  0/1419
2026-09-29 23:57:07.188 | INFO     | __main__:_loop:1067 -  3/1419
2026-09-29 23:57:12.210 | INFO     | __main__:_loop:1067 -  5/1419
2026-09-29 23:57:17.256 | INFO     | __main__:_loop:1067 -  9/1419
2026-09-29 23:57:22.293 | INFO     | __main__:_loop:1067 -  14/1419
2026-09-29 23:57:27.330 | INFO     | __main__:_loop:1067 -  19/1419
2026-09-29 23:58:02.631 | WARNING  | __main__:_loop:1072 -  item 20/1419 open 
for more than 30 s:
-- Word windows {name, subrole}: ,
-- Word window text: 
-- crash reporters: 
-- batch-pdf-22.log:
        829     document loaded empty (Word could not read it)
        830
        831
        832
        833
        834
        835
        836
        837     Microsoft Word got an error: document 
"00837__6224dfcb8b_2d7b815409b79ddc3ea9c52dc6aa856770ee6499e1110934__vs__2a79eeb
eca_ce5848f5c0c3c529d63050f39d5186f8ea29859af3eb5d82_redline_4f54cef23c_docxodus
.docx" doesn’t understand the “save as” message.
        838
        839
        840
        841
        842
        843
        844
        845
        846
        847
        848
-- newest diagnostic reports: biome-2026-09-29-094107.ips, 
soffice-2026-09-28-104720.ips, soffice-2026-09-28-105517.ips, 
soffice-2026-09-28-105123.000.ips, soffice-2026-09-28-105123.ips
2026-09-29 23:58:22.788 | INFO     | __main__:_loop:1067 -  22/1419
2026-09-29 23:58:27.814 | INFO     | __main__:_loop:1067 -  27/1419
2026-09-29 23:58:32.844 | INFO     | __main__:_loop:1067 -  33/1419
2026-09-29 23:58:37.884 | INFO     | __main__:_loop:1067 -  36/1419
2026-09-29 23:58:42.911 | INFO     | __main__:_loop:1067 -  40/1419
2026-09-29 23:58:47.944 | INFO     | __main__:_loop:1067 -  41/1419
2026-09-29 23:58:52.990 | INFO     | __main__:_loop:1067 -  44/1419
2026-09-29 23:59:13.115 | INFO     | __main__:_loop:1067 -  45/1419
2026-09-29 23:59:18.153 | INFO     | __main__:_loop:1067 -  47/1419
2026-09-29 23:59:23.180 | INFO     | __main__:_loop:1067 -  52/1419
2026-09-29 23:59:28.228 | INFO     | __main__:_loop:1067 -  55/1419
2026-09-29 23:59:34.885 | WARNING  | __main__:_loop_word:540 -  Word dialog 
dismissed via 'No'
2026-09-29 23:59:41.467 | WARNING  | __main__:_loop_word:540 -  Word dialog 
dismissed via 'OK'
2026-09-29 23:59:43.322 | INFO     | __main__:_loop:1067 -  56/1419
2026-09-29 23:59:52.164 | WARNING  | __main__:_loop_word:540 -  Word dialog 
dismissed via 'No'
2026-09-30 00:00:05.862 | WARNING  | __main__:_loop_word:540 -  Word dialog 
dismissed via 'OK'
2026-09-30 00:00:08.462 | INFO     | __main__:_loop:1067 -  57/1419
2026-09-30 00:00:13.488 | INFO     | __main__:_loop:1067 -  63/1419
2026-09-30 00:00:18.521 | INFO     | __main__:_loop:1067 -  66/1419
2026-09-30 00:00:22.977 | WARNING  | __main__:_loop_word:540 -  Word dialog 
dismissed via 'No'
2026-09-30 00:00:32.621 | WARNING  | __main__:_loop_word:540 -  Word dialog 
dismissed via 'OK'
2026-09-30 00:00:38.618 | INFO     | __main__:_loop:1067 -  67/1419
2026-09-30 00:00:44.007 | WARNING  | __main__:_loop_word:540 -  Word dialog 
dismissed via 'No'
2026-09-30 00:00:50.210 | WARNING  | __main__:_loop_word:540 -  Word dialog 
dismissed via 'OK'
2026-09-30 00:00:53.741 | INFO     | __main__:_loop:1067 -  70/1419
2026-09-30 00:00:58.777 | INFO     | __main__:_loop:1067 -  74/1419
2026-09-30 00:01:03.810 | INFO     | __main__:_loop:1067 -  79/1419
2026-09-30 00:01:08.842 | INFO     | __main__:_loop:1067 -  84/1419
2026-09-30 00:01:13.873 | INFO     | __main__:_loop:1067 -  89/1419
2026-09-30 00:01:18.909 | INFO     | __main__:_loop:1067 -  92/1419
2026-09-30 00:01:23.957 | INFO     | __main__:_loop:1067 -  94/1419
2026-09-30 00:01:28.994 | INFO     | __main__:_loop:1067 -  96/1419
2026-09-30 00:01:34.023 | INFO     | __main__:_loop:1067 -  97/1419
2026-09-30 00:01:39.068 | INFO     | __main__:_loop:1067 -  99/1419
2026-09-30 00:01:44.119 | INFO     | __main__:_loop:1067 -  103/1419
2026-09-30 00:01:49.151 | INFO     | __main__:_loop:1067 -  106/1419
2026-09-30 00:01:54.195 | INFO     | __main__:_loop:1067 -  107/1419
2026-09-30 00:01:57.270 | WARNING  | __main__:_loop_word:540 -  Word dialog 
dismissed via 'No'
2026-09-30 00:02:01.895 | WARNING  | __main__:_loop_word:540 -  Word dialog 
dismissed via 'OK'
2026-09-30 00:02:04.261 | INFO     | __main__:_loop:1067 -  108/1419
2026-09-30 00:02:09.287 | INFO     | __main__:_loop:1067 -  113/1419
2026-09-30 00:02:14.323 | INFO     | __main__:_loop:1067 -  117/1419
2026-09-30 00:02:19.349 | INFO     | __main__:_loop:1067 -  122/1419
2026-09-30 00:02:24.405 | INFO     | __main__:_loop:1067 -  126/1419
2026-09-30 00:02:29.435 | INFO     | __main__:_loop:1067 -  130/1419
2026-09-30 00:02:34.462 | INFO     | __main__:_loop:1067 -  135/1419
2026-09-30 00:02:39.501 | INFO     | __main__:_loop:1067 -  140/1419
2026-09-30 00:02:44.533 | INFO     | __main__:_loop:1067 -  144/1419
2026-09-30 00:02:49.577 | INFO     | __main__:_loop:1067 -  149/1419
2026-09-30 00:02:54.612 | INFO     | __main__:_loop:1067 -  150/1419
2026-09-30 00:03:00.979 | WARNING  | __main__:_loop_word:540 -  Word dialog 
dismissed via 'No'
2026-09-30 00:03:08.921 | WARNING  | __main__:_loop_word:540 -  Word dialog 
dismissed via 'OK'
2026-09-30 00:03:14.713 | INFO     | __main__:_loop:1067 -  154/1419
2026-09-30 00:03:19.746 | INFO     | __main__:_loop:1067 -  159/1419
2026-09-30 00:03:24.784 | INFO     | __main__:_loop:1067 -  163/1419
2026-09-30 00:03:29.817 | INFO     | __main__:_loop:1067 -  168/1419
2026-09-30 00:03:34.855 | INFO     | __main__:_loop:1067 -  172/1419
2026-09-30 00:03:39.886 | INFO     | __main__:_loop:1067 -  176/1419
2026-09-30 00:03:44.917 | INFO     | __main__:_loop:1067 -  180/1419
2026-09-30 00:03:48.029 | WARNING  | __main__:_loop_word:540 -  Word dialog 
dismissed via 'No'
2026-09-30 00:03:57.825 | WARNING  | __main__:_loop_word:540 -  Word dialog 
dismissed via 'OK'
2026-09-30 00:04:00.011 | INFO     | __main__:_loop:1067 -  181/1419
2026-09-30 00:04:05.054 | INFO     | __main__:_loop:1067 -  185/1419
2026-09-30 00:04:10.082 | INFO     | __main__:_loop:1067 -  190/1419
2026-09-30 00:04:15.123 | INFO     | __main__:_loop:1067 -  193/1419
2026-09-30 00:04:19.995 | WARNING  | __main__:_loop_word:540 -  Word dialog 
dismissed via 'No'
2026-09-30 00:04:24.727 | WARNING  | __main__:_loop_word:540 -  Word dialog 
dismissed via 'OK'
2026-09-30 00:04:30.206 | INFO     | __main__:_loop:1067 -  196/1419
2026-09-30 00:04:35.238 | INFO     | __main__:_loop:1067 -  199/1419
2026-09-30 00:04:40.271 | INFO     | __main__:_loop:1067 -  202/1419
2026-09-30 00:04:45.316 | INFO     | __main__:_loop:1067 -  206/1419
2026-09-30 00:04:50.357 | INFO     | __main__:_loop:1067 -  211/1419
2026-09-30 00:04:55.423 | INFO     | __main__:_loop:1067 -  214/1419
2026-09-30 00:04:57.399 | WARNING  | __main__:_loop_word:540 -  Word dialog 
dismissed via 'No'
2026-09-30 00:05:02.010 | WARNING  | __main__:_loop_word:540 -  Word dialog 
dismissed via 'OK'
2026-09-30 00:05:05.464 | INFO     | __main__:_loop:1067 -  215/1419
2026-09-30 00:05:10.505 | INFO     | __main__:_loop:1067 -  218/1419
2026-09-30 00:05:15.550 | INFO     | __main__:_loop:1067 -  221/1419
2026-09-30 00:05:20.596 | INFO     | __main__:_loop:1067 -  225/1419
2026-09-30 00:05:29.948 | WARNING  | __main__:_loop_word:540 -  Word dialog 
dismissed via 'No'
2026-09-30 00:05:36.178 | WARNING  | __main__:_loop_word:540 -  Word dialog 
dismissed via 'OK'
2026-09-30 00:05:40.673 | INFO     | __main__:_loop:1067 -  226/1419
2026-09-30 00:05:42.160 | WARNING  | __main__:_loop_word:540 -  Word dialog 
dismissed via 'No'
2026-09-30 00:05:46.818 | WARNING  | __main__:_loop_word:540 -  Word dialog 
dismissed via 'OK'
2026-09-30 00:05:50.713 | INFO     | __main__:_loop:1067 -  227/1419
2026-09-30 00:05:55.758 | INFO     | __main__:_loop:1067 -  228/1419
2026-09-30 00:05:56.409 | WARNING  | __main__:_loop_word:540 -  Word dialog 
dismissed via 'No'
2026-09-30 00:06:06.142 | WARNING  | __main__:_loop_word:540 -  Word dialog 
dismissed via 'OK'
2026-09-30 00:06:10.836 | INFO     | __main__:_loop:1067 -  229/1419
2026-09-30 00:06:12.583 | WARNING  | __main__:_loop_word:540 -  Word dialog 
dismissed via 'No'
2026-09-30 00:06:17.190 | WARNING  | __main__:_loop_word:540 -  Word dialog 
dismissed via 'OK'
2026-09-30 00:06:20.901 | INFO     | __main__:_loop:1067 -  231/1419
2026-09-30 00:06:25.939 | INFO     | __main__:_loop:1067 -  234/1419
2026-09-30 00:06:30.972 | INFO     | __main__:_loop:1067 -  237/1419
2026-09-30 00:06:35.998 | INFO     | __main__:_loop:1067 -  240/1419
2026-09-30 00:06:41.064 | INFO     | __main__:_loop:1067 -  244/1419
2026-09-30 00:06:46.190 | INFO     | __main__:_loop:1067 -  248/1419
2026-09-30 00:06:51.234 | INFO     | __main__:_loop:1067 -  252/1419
2026-09-30 00:06:56.277 | INFO     | __main__:_loop:1067 -  255/1419
2026-09-30 00:07:01.321 | INFO     | __main__:_loop:1067 -  259/1419
2026-09-30 00:07:06.360 | INFO     | __main__:_loop:1067 -  261/1419
2026-09-30 00:07:12.637 | WARNING  | __main__:_loop_word:540 -  Word dialog 
dismissed via 'No'
2026-09-30 00:07:19.125 | WARNING  | __main__:_loop_word:540 -  Word dialog 
dismissed via 'OK'
2026-09-30 00:07:21.434 | INFO     | __main__:_loop:1067 -  262/1419
2026-09-30 00:07:26.482 | INFO     | __main__:_loop:1067 -  264/1419
2026-09-30 00:07:56.676 | INFO     | __main__:_loop:1067 -  265/1419
2026-09-30 00:08:26.734 | INFO     | __main__:_loop:1067 -  266/1419
2026-09-30 00:08:31.782 | INFO     | __main__:_loop:1067 -  269/1419
2026-09-30 00:08:36.807 | INFO     | __main__:_loop:1067 -  273/1419
2026-09-30 00:08:41.838 | INFO     | __main__:_loop:1067 -  276/1419
2026-09-30 00:08:46.868 | INFO     | __main__:_loop:1067 -  277/1419
2026-09-30 00:08:57.560 | WARNING  | __main__:run_batch_with_resume:1206 -  1142
item(s) never reached (Word crashed on or could not load an item); recycling 
Word and retrying the rest first, retried items last (pass 23, 0 of 3 stalled 
passes used)
2026-09-30 00:08:57.564 | WARNING  | __main__♻725 -  restarting a Word this run 
did not launch. If you set "Optimize for: Best for printing" by hand, re-check 
it before trusting the PDFs rendered after this point.
2026-09-30 00:08:57.564 | WARNING  | __main__♻731 -  recycling (restart 22)
2026-09-30 00:09:12.110 | INFO     | __main__:_loop:1067 -  0/1142
2026-09-30 00:09:18.182 | WARNING  | __main__:_loop_word:540 -  Word dialog 
dismissed via 'No'
2026-09-30 00:09:47.186 | WARNING  | __main__:_loop:1072 -  item 1/1142 open for
more than 30 s:
-- Word windows {name, subrole}: ,
-- Word window text: 
-- crash reporters: 
-- batch-pdf-23.log:

-- newest diagnostic reports: biome-2026-09-29-094107.ips, 
soffice-2026-09-28-104720.ips, soffice-2026-09-28-105517.ips, 
soffice-2026-09-28-105123.000.ips, soffice-2026-09-28-105123.ips
2026-09-30 00:10:02.140 | WARNING  | __main__:run_batch_with_resume:1206 -  1142
item(s) never reached (Word crashed on or could not load an item); recycling 
Word and retrying the rest first, retried items last (pass 24, 0 of 3 stalled 
passes used)
2026-09-30 00:10:02.191 | WARNING  | __main__♻725 -  restarting a Word this run 
did not launch. If you set "Optimize for: Best for printing" by hand, re-check 
it before trusting the PDFs rendered after this point.
2026-09-30 00:10:02.192 | WARNING  | __main__♻731 -  recycling (restart 23)
2026-09-30 00:10:11.948 | INFO     | __main__:_loop:1067 -  0/1142
2026-09-30 00:10:13.800 | WARNING  | __main__:_loop_word:540 -  Word dialog 
dismissed via 'OK'
2026-09-30 00:10:16.490 | WARNING  | __main__:run_batch_with_resume:1206 -  1142
item(s) never reached (Word crashed on or could not load an item); recycling 
Word and retrying the rest first, retried items last (pass 25, 0 of 3 stalled 
passes used)
2026-09-30 00:10:16.492 | WARNING  | __main__♻725 -  restarting a Word this run 
did not launch. If you set "Optimize for: Best for printing" by hand, re-check 
it before trusting the PDFs rendered after this point.
2026-09-30 00:10:16.493 | WARNING  | __main__♻731 -  recycling (restart 24)
2026-09-30 00:10:25.590 | INFO     | __main__:_loop:1067 -  0/1142
2026-09-30 00:10:27.400 | WARNING  | __main__:_loop_word:540 -  Word dialog 
dismissed via 'No'
2026-09-30 00:10:35.654 | INFO     | __main__:_loop:1067 -  5/1142
2026-09-30 00:10:40.687 | INFO     | __main__:_loop:1067 -  11/1142
2026-09-30 00:10:45.711 | INFO     | __main__:_loop:1067 -  15/1142
2026-09-30 00:10:50.743 | INFO     | __main__:_loop:1067 -  19/1142
2026-09-30 00:10:55.787 | INFO     | __main__:_loop:1067 -  25/1142
2026-09-30 00:11:00.819 | INFO     | __main__:_loop:1067 -  28/1142
2026-09-30 00:11:05.877 | INFO     | __main__:_loop:1067 -  32/1142
2026-09-30 00:11:10.929 | INFO     | __main__:_loop:1067 -  38/1142
2026-09-30 00:11:15.989 | INFO     | __main__:_loop:1067 -  43/1142
2026-09-30 00:11:21.036 | INFO     | __main__:_loop:1067 -  46/1142
2026-09-30 00:11:26.084 | INFO     | __main__:_loop:1067 -  48/1142
2026-09-30 00:11:31.117 | INFO     | __main__:_loop:1067 -  53/1142
2026-09-30 00:11:36.161 | INFO     | __main__:_loop:1067 -  56/1142
2026-09-30 00:11:41.199 | INFO     | __main__:_loop:1067 -  59/1142
2026-09-30 00:11:48.015 | WARNING  | __main__:run_batch_with_resume:1206 -  1083
item(s) never reached (Word crashed on or could not load an item); recycling 
Word and retrying the rest first, retried items last (pass 26, 0 of 3 stalled 
passes used)
2026-09-30 00:11:48.019 | WARNING  | __main__♻725 -  restarting a Word this run 
did not launch. If you set "Optimize for: Best for printing" by hand, re-check 
it before trusting the PDFs rendered after this point.
2026-09-30 00:11:48.020 | WARNING  | __main__♻731 -  recycling (restart 25)
2026-09-30 00:12:01.521 | INFO     | __main__:_loop:1067 -  0/1083
2026-09-30 00:12:10.952 | WARNING  | __main__:run_batch_with_resume:1206 -  1083
item(s) never reached (Word crashed on or could not load an item); recycling 
Word and retrying the rest first, retried items last (pass 27, 0 of 3 stalled 
passes used)
2026-09-30 00:12:10.965 | WARNING  | __main__♻725 -  restarting a Word this run 
did not launch. If you set "Optimize for: Best for printing" by hand, re-check 
it before trusting the PDFs rendered after this point.
2026-09-30 00:12:10.965 | WARNING  | __main__♻731 -  recycling (restart 26)
2026-09-30 00:12:20.409 | INFO     | __main__:_loop:1067 -  0/1083
2026-09-30 00:12:26.151 | WARNING  | __main__:_loop_word:540 -  Word dialog 
dismissed via 'OK'
2026-09-30 00:12:26.365 | WARNING  | __main__:run_batch_with_resume:1206 -  1083
item(s) never reached (Word crashed on or could not load an item); recycling 
Word and retrying the rest first, retried items last (pass 28, 0 of 3 stalled 
passes used)
2026-09-30 00:12:26.366 | WARNING  | __main__♻725 -  restarting a Word this run 
did not launch. If you set "Optimize for: Best for printing" by hand, re-check 
it before trusting the PDFs rendered after this point.
2026-09-30 00:12:26.367 | WARNING  | __main__♻731 -  recycling (restart 27)
2026-09-30 00:12:37.393 | INFO     | __main__:_loop:1067 -  0/1083
2026-09-30 00:12:42.442 | INFO     | __main__:_loop:1067 -  2/1083
2026-09-30 00:13:18.127 | WARNING  | __main__:_loop:1072 -  item 3/1083 open for
more than 30 s:
-- Word windows {name, subrole}: ,
-- Word window text: 
-- crash reporters: 
-- batch-pdf-28.log:
        1206    document loaded empty (Word could not read it)
        1207
        1208
-- newest diagnostic reports: .AppCleaner-2026-09-30-001317.ips, 
biome-2026-09-29-094107.ips, soffice-2026-09-28-104720.ips, 
soffice-2026-09-28-105517.ips, soffice-2026-09-28-105123.000.ips
2026-09-30 00:14:28.531 | INFO     | __main__:_loop:1067 -  4/1083
2026-09-30 00:14:33.605 | INFO     | __main__:_loop:1067 -  9/1083
2026-09-30 00:14:38.654 | INFO     | __main__:_loop:1067 -  15/1083
2026-09-30 00:14:43.683 | INFO     | __main__:_loop:1067 -  17/1083
2026-09-30 00:14:48.710 | INFO     | __main__:_loop:1067 -  21/1083
2026-09-30 00:14:49.592 | WARNING  | __main__:_loop_word:540 -  Word dialog 
dismissed via 'No'
2026-09-30 00:14:53.743 | INFO     | __main__:_loop:1067 -  24/1083
2026-09-30 00:14:58.769 | INFO     | __main__:_loop:1067 -  27/1083
2026-09-30 00:15:03.806 | INFO     | __main__:_loop:1067 -  32/1083
2026-09-30 00:15:08.860 | INFO     | __main__:_loop:1067 -  35/1083
2026-09-30 00:15:13.891 | INFO     | __main__:_loop:1067 -  39/1083
2026-09-30 00:15:18.963 | INFO     | __main__:_loop:1067 -  44/1083
2026-09-30 00:15:23.999 | INFO     | __main__:_loop:1067 -  49/1083
2026-09-30 00:15:29.026 | INFO     | __main__:_loop:1067 -  52/1083
2026-09-30 00:15:34.048 | INFO     | __main__:_loop:1067 -  57/1083
2026-09-30 00:15:39.084 | INFO     | __main__:_loop:1067 -  61/1083
2026-09-30 00:15:44.178 | INFO     | __main__:_loop:1067 -  66/1083
2026-09-30 00:15:49.213 | INFO     | __main__:_loop:1067 -  69/1083
2026-09-30 00:15:54.234 | INFO     | __main__:_loop:1067 -  73/1083
2026-09-30 00:15:59.274 | INFO     | __main__:_loop:1067 -  77/1083
2026-09-30 00:15:59.709 | WARNING  | __main__:_loop_word:540 -  Word dialog 
dismissed via 'OK'
2026-09-30 00:16:07.059 | WARNING  | __main__:run_batch_with_resume:1206 -  1006
item(s) never reached (Word crashed on or could not load an item); recycling 
Word and retrying the rest first, retried items last (pass 29, 0 of 3 stalled 
passes used)
2026-09-30 00:16:07.071 | WARNING  | __main__♻725 -  restarting a Word this run 
did not launch. If you set "Optimize for: Best for printing" by hand, re-check 
it before trusting the PDFs rendered after this point.
2026-09-30 00:16:07.071 | WARNING  | __main__♻731 -  recycling (restart 28)
2026-09-30 00:16:20.519 | INFO     | __main__:_loop:1067 -  0/1006
2026-09-30 00:16:26.771 | WARNING  | __main__:_loop_word:540 -  Word dialog 
dismissed via 'OK'
2026-09-30 00:16:27.001 | WARNING  | __main__:run_batch_with_resume:1206 -  1006
item(s) never reached (Word crashed on or could not load an item); recycling 
Word and retrying the rest first, retried items last (pass 30, 0 of 3 stalled 
passes used)
2026-09-30 00:16:27.011 | WARNING  | __main__♻725 -  restarting a Word this run 
did not launch. If you set "Optimize for: Best for printing" by hand, re-check 
it before trusting the PDFs rendered after this point.
2026-09-30 00:16:27.012 | WARNING  | __main__♻731 -  recycling (restart 29)
2026-09-30 00:16:36.678 | INFO     | __main__:_loop:1067 -  0/1006
2026-09-30 00:17:14.817 | WARNING  | __main__:_loop:1072 -  item 1/1006 open for
more than 30 s:
-- Word windows {name, subrole}: ,
-- Word window text: 
-- crash reporters: 
-- batch-pdf-30.log:
        1297    Microsoft Word got an error: Connection is invalid.
        0       0
-- newest diagnostic reports: AppCleaner-2026-09-30-001317.ips, 
biome-2026-09-29-094107.ips, soffice-2026-09-28-104720.ips, 
soffice-2026-09-28-105517.ips, soffice-2026-09-28-105123.000.ips
2026-09-30 00:17:14.823 | WARNING  | __main__:run_batch_with_resume:1206 -  1006
item(s) never reached (Word crashed on or could not load an item); recycling 
Word and retrying the rest first, retried items last (pass 31, 0 of 3 stalled 
passes used)
2026-09-30 00:17:14.825 | WARNING  | __main__♻725 -  restarting a Word this run 
did not launch. If you set "Optimize for: Best for printing" by hand, re-check 
it before trusting the PDFs rendered after this point.
2026-09-30 00:17:14.826 | WARNING  | __main__♻731 -  recycling (restart 30)
2026-09-30 00:17:25.967 | INFO     | __main__:_loop:1067 -  0/1006
2026-09-30 00:17:29.169 | WARNING  | __main__:run_batch_with_resume:1206 -  1006
item(s) never reached (Word crashed on or could not load an item); recycling 
Word and retrying the rest first, retried items last (pass 32, 0 of 3 stalled 
passes used)
2026-09-30 00:17:29.172 | WARNING  | __main__♻725 -  restarting a Word this run 
did not launch. If you set "Optimize for: Best for printing" by hand, re-check 
it before trusting the PDFs rendered after this point.
2026-09-30 00:17:29.172 | WARNING  | __main__♻731 -  recycling (restart 31)
2026-09-30 00:17:38.140 | INFO     | __main__:_loop:1067 -  1/1006
2026-09-30 00:17:43.177 | INFO     | __main__:_loop:1067 -  5/1006
2026-09-30 00:17:48.218 | INFO     | __main__:_loop:1067 -  10/1006
2026-09-30 00:17:53.256 | INFO     | __main__:_loop:1067 -  15/1006
2026-09-30 00:17:58.289 | INFO     | __main__:_loop:1067 -  17/1006
2026-09-30 00:18:03.320 | INFO     | __main__:_loop:1067 -  20/1006
2026-09-30 00:18:03.762 | WARNING  | __main__:_loop_word:540 -  Word dialog 
dismissed via 'No'
2026-09-30 00:18:08.359 | INFO     | __main__:_loop:1067 -  22/1006
2026-09-30 00:18:13.391 | INFO     | __main__:_loop:1067 -  26/1006
2026-09-30 00:18:18.431 | INFO     | __main__:_loop:1067 -  30/1006
2026-09-30 00:18:23.467 | INFO     | __main__:_loop:1067 -  34/1006
2026-09-30 00:18:28.513 | INFO     | __main__:_loop:1067 -  39/1006
2026-09-30 00:18:38.576 | INFO     | __main__:_loop:1067 -  44/1006
2026-09-30 00:18:43.608 | INFO     | __main__:_loop:1067 -  49/1006
2026-09-30 00:18:48.649 | INFO     | __main__:_loop:1067 -  55/1006
2026-09-30 00:18:53.702 | INFO     | __main__:_loop:1067 -  57/1006
2026-09-30 00:18:58.750 | INFO     | __main__:_loop:1067 -  61/1006
2026-09-30 00:19:03.787 | INFO     | __main__:_loop:1067 -  67/1006
2026-09-30 00:19:08.833 | INFO     | __main__:_loop:1067 -  71/1006
2026-09-30 00:19:13.879 | INFO     | __main__:_loop:1067 -  74/1006
2026-09-30 00:19:18.909 | INFO     | __main__:_loop:1067 -  76/1006
2026-09-30 00:19:23.957 | INFO     | __main__:_loop:1067 -  80/1006
2026-09-30 00:19:28.998 | INFO     | __main__:_loop:1067 -  81/1006
2026-09-30 00:19:34.037 | INFO     | __main__:_loop:1067 -  84/1006
2026-09-30 00:19:39.084 | INFO     | __main__:_loop:1067 -  87/1006
2026-09-30 00:19:44.138 | INFO     | __main__:_loop:1067 -  91/1006
2026-09-30 00:19:49.227 | INFO     | __main__:_loop:1067 -  92/1006
2026-09-30 00:19:54.298 | INFO     | __main__:_loop:1067 -  94/1006
2026-09-30 00:19:59.468 | INFO     | __main__:_loop:1067 -  98/1006
2026-09-30 00:20:04.648 | INFO     | __main__:_loop:1067 -  102/1006
2026-09-30 00:20:09.792 | INFO     | __main__:_loop:1067 -  106/1006
2026-09-30 00:20:14.898 | INFO     | __main__:_loop:1067 -  110/1006
2026-09-30 00:20:19.939 | INFO     | __main__:_loop:1067 -  114/1006
2026-09-30 00:20:24.999 | INFO     | __main__:_loop:1067 -  117/1006
2026-09-30 00:20:33.972 | WARNING  | __main__:_loop_word:540 -  Word dialog 
dismissed via 'No'
2026-09-30 00:21:25.652 | WARNING  | __main__:_loop:1072 -  item 118/1006 open 
for more than 30 s:
-- Word windows {name, subrole}: osascript timed out
-- Word window text: osascript timed out
-- crash reporters: osascript timed out
-- batch-pdf-32.log:
        1301
        1302    document loaded empty (Word could not read it)
        1303
        1304
        1305
        1306
        1307    Microsoft Word got an error: document 
"01307__99a9687bfa_0d7e2285e49a85261daba0c8e2c0ad90b673b2e22cc612ca__vs__0e847e9
11d_05fd9d10497dff54ee9d8b126cb1ca49718369f80c5226c2_redline_8c0d466e54_docxodus
.docx" doesn’t understand the “save as” message.
        1308
        1309
        1310
        1311
        1312
        1313
        1314
        1315
        1316
        1317
        1318    document loaded empty (Word could not read it)
        1319
        1320    document loaded empty (Word could not read it)
        1321
        1322
        1323
        1324    document loaded empty (Word could not read it)
        1325
        1326
        1327
        1328
        1329
        1330    document loaded empty (Word could not read it)
        1331
        1332
        1333
        1334
        1335
        1336
        1337
        1338
        1339
        1340
        1341
        1342
        1343
        1344
        1345    document loaded empty (Word could not read it)
        1346
        1347
        1348
        1349
        1350
        1351
        1352
        1353
        1354
        1355
        1356
        1357
        1358
        1359
        1360
        1361
        1362
        1363    document loaded empty (Word could not read it)
        1364
        1365
        1366
        1367
        1368
        1369
        1370
        1371
        1372
        1373
        1374
        1375
        1376
        1377
        1378
        1379
        1380
        1381
        1382    document loaded empty (Word could not read it)
        1383
        1384
        1385
        1386
        1387
        1388
        1389    document loaded empty (Word could not read it)
        1390
        1391    document loaded empty (Word could not read it)
        1392
        1393
        1394
        1395
        1396
        1397
        1398
        1399
        1400
        1401
        1402
        1403    document loaded empty (Word could not read it)
        1404
        1405
        1406
        1407
        1408
        1409
        1410
        1411
        1412
        1413
        1414
        1415
        1416
        1417
        1418
        1419
        1420
        1421
        1422
        1423
        1424
        1425
        1426
        1427
        1428
-- newest diagnostic reports: AppCleaner-2026-09-30-001317.ips, 
biome-2026-09-29-094107.ips, soffice-2026-09-28-104720.ips, 
soffice-2026-09-28-105517.ips, soffice-2026-09-28-105123.000.ips
2026-09-30 00:24:23.211 | WARNING  | __main__:run_batch_with_resume:1206 -  888 
item(s) never reached (Word crashed on or could not load an item); recycling 
Word and retrying the rest first, retried items last (pass 33, 0 of 3 stalled 
passes used)
2026-09-30 00:24:23.275 | WARNING  | __main__♻725 -  restarting a Word this run 
did not launch. If you set "Optimize for: Best for printing" by hand, re-check 
it before trusting the PDFs rendered after this point.
2026-09-30 00:24:23.277 | WARNING  | __main__♻731 -  recycling (restart 32)
2026-09-30 00:24:39.824 | INFO     | __main__:_loop:1067 -  0/888
2026-09-30 00:24:54.998 | INFO     | __main__:_loop:1067 -  1/888
2026-09-30 00:25:49.698 | WARNING  | __main__:_loop:1072 -  item 2/888 open for 
more than 30 s:
-- Word windows {name, subrole}: osascript timed out
-- Word window text: Microsoft Word, Word found unreadable content in 
01431__a88f2ae357_0095a6095a0f74201c196f4944b3d93f4cf5cc20e4.... Do you want to 
recover the contents of this document? If you trust the source of this document,
click Yes.
-- crash reporters: osascript timed out
-- batch-pdf-33.log:
        1430
-- newest diagnostic reports: AppCleaner-2026-09-30-001317.ips, 
biome-2026-09-29-094107.ips, soffice-2026-09-28-104720.ips, 
soffice-2026-09-28-105517.ips, soffice-2026-09-28-105123.000.ips
2026-09-30 00:28:56.090 | INFO     | __main__:_loop:1067 -  2/888
2026-09-30 00:28:56.166 | WARNING  | __main__:run_batch_with_resume:1206 -  886 
item(s) never reached (ended without reaching them); recycling Word and retrying
the rest first, retried items last (pass 34, 1 of 3 stalled passes used)
2026-09-30 00:28:56.168 | WARNING  | __main__♻725 -  restarting a Word this run 
did not launch. If you set "Optimize for: Best for printing" by hand, re-check 
it before trusting the PDFs rendered after this point.
2026-09-30 00:28:56.173 | WARNING  | __main__♻731 -  recycling (restart 33)
2026-09-30 00:29:08.605 | WARNING  | __main__:_loop_merp:551 -  error report 
declined via 'OK'
2026-09-30 00:29:12.417 | INFO     | __main__:_loop:1067 -  0/886
2026-09-30 00:30:13.314 | WARNING  | __main__:_loop:1072 -  item 1/886 open for 
more than 30 s:
-- Word windows {name, subrole}: osascript timed out
-- Word window text: osascript timed out
-- crash reporters: osascript timed out
-- batch-pdf-34.log:

-- newest diagnostic reports: AppCleaner-2026-09-30-001317.ips, 
biome-2026-09-29-094107.ips, soffice-2026-09-28-104720.ips, 
soffice-2026-09-28-105517.ips, soffice-2026-09-28-105123.000.ips
2026-09-30 00:33:08.555 | WARNING  | __main__:run_batch_with_resume:1206 -  885 
item(s) never reached (ended without reaching them); recycling Word and retrying
the rest first, retried items last (pass 35, 2 of 3 stalled passes used)
2026-09-30 00:33:08.559 | WARNING  | __main__♻725 -  restarting a Word this run 
did not launch. If you set "Optimize for: Best for printing" by hand, re-check 
it before trusting the PDFs rendered after this point.
2026-09-30 00:33:08.559 | WARNING  | __main__♻731 -  recycling (restart 34)
2026-09-30 00:33:12.529 | WARNING  | __main__:_loop_word:540 -  Word dialog 
dismissed via 'OK'
2026-09-30 00:33:18.493 | WARNING  | __main__:_loop_word:540 -  Word dialog 
dismissed via 'No'
2026-09-30 00:33:21.310 | INFO     | __main__:_loop:1067 -  0/885
2026-09-30 00:33:21.650 | WARNING  | __main__:_loop_word:540 -  Word dialog 
dismissed via 'OK'
2026-09-30 00:33:29.626 | WARNING  | __main__:_loop_word:540 -  Word dialog 
dismissed via 'No'
2026-09-30 00:33:34.299 | WARNING  | __main__:_loop_word:540 -  Word dialog 
dismissed via 'OK'
2026-09-30 00:33:39.184 | WARNING  | __main__:_loop_word:540 -  Word dialog 
dismissed via 'No'
2026-09-30 00:33:43.897 | WARNING  | __main__:_loop_word:540 -  Word dialog 
dismissed via 'OK'
2026-09-30 00:33:44.044 | WARNING  | __main__:run_batch_with_resume:1206 -  885 
item(s) never reached (Word crashed on or could not load an item); recycling 
Word and retrying the rest first, retried items last (pass 36, 2 of 3 stalled 
passes used)
2026-09-30 00:33:44.046 | WARNING  | __main__♻725 -  restarting a Word this run 
did not launch. If you set "Optimize for: Best for printing" by hand, re-check 
it before trusting the PDFs rendered after this point.
2026-09-30 00:33:44.047 | WARNING  | __main__♻731 -  recycling (restart 35)
2026-09-30 00:33:51.013 | WARNING  | __main__:_loop_word:540 -  Word dialog 
dismissed via 'No'
2026-09-30 00:33:52.997 | INFO     | __main__:_loop:1067 -  0/885
2026-09-30 00:33:55.594 | WARNING  | __main__:_loop_word:540 -  Word dialog 
dismissed via 'OK'
2026-09-30 00:34:00.497 | WARNING  | __main__:_loop_word:540 -  Word dialog 
dismissed via 'No'
2026-09-30 00:34:05.165 | WARNING  | __main__:_loop_word:540 -  Word dialog 
dismissed via 'OK'
2026-09-30 00:34:09.949 | WARNING  | __main__:_loop_word:540 -  Word dialog 
dismissed via 'No'
2026-09-30 00:34:14.552 | WARNING  | __main__:_loop_word:540 -  Word dialog 
dismissed via 'OK'
2026-09-30 00:34:14.727 | WARNING  | __main__:run_batch_with_resume:1206 -  885 
item(s) never reached (Word crashed on or could not load an item); recycling 
Word and retrying the rest first, retried items last (pass 37, 2 of 3 stalled 
passes used)
2026-09-30 00:34:14.729 | WARNING  | __main__♻725 -  restarting a Word this run 
did not launch. If you set "Optimize for: Best for printing" by hand, re-check 
it before trusting the PDFs rendered after this point.
2026-09-30 00:34:14.729 | WARNING  | __main__♻731 -  recycling (restart 36)
2026-09-30 00:34:21.703 | WARNING  | __main__:_loop_word:540 -  Word dialog 
dismissed via 'No'
2026-09-30 00:34:23.647 | INFO     | __main__:_loop:1067 -  0/885
2026-09-30 00:34:26.277 | WARNING  | __main__:_loop_word:540 -  Word dialog 
dismissed via 'OK'
2026-09-30 00:34:31.133 | WARNING  | __main__:_loop_word:540 -  Word dialog 
dismissed via 'No'
2026-09-30 00:34:35.734 | WARNING  | __main__:_loop_word:540 -  Word dialog 
dismissed via 'OK'
2026-09-30 00:34:38.711 | INFO     | __main__:_loop:1067 -  1/885
2026-09-30 00:34:41.796 | WARNING  | __main__:_loop_word:540 -  Word dialog 
dismissed via 'No'
2026-09-30 00:34:43.740 | INFO     | __main__:_loop:1067 -  2/885
2026-09-30 00:34:46.546 | WARNING  | __main__:_loop_word:540 -  Word dialog 
dismissed via 'OK'
2026-09-30 00:34:48.765 | INFO     | __main__:_loop:1067 -  4/885
2026-09-30 00:34:53.801 | INFO     | __main__:_loop:1067 -  9/885
2026-09-30 00:34:58.847 | INFO     | __main__:_loop:1067 -  14/885
2026-09-30 00:35:02.728 | WARNING  | __main__:_loop_word:540 -  Word dialog 
dismissed via 'No'
2026-09-30 00:35:07.396 | WARNING  | __main__:_loop_word:540 -  Word dialog 
dismissed via 'OK'
2026-09-30 00:35:12.315 | WARNING  | __main__:_loop_word:540 -  Word dialog 
dismissed via 'No'
2026-09-30 00:35:16.899 | WARNING  | __main__:_loop_word:540 -  Word dialog 
dismissed via 'OK'
2026-09-30 00:35:21.735 | WARNING  | __main__:_loop_word:540 -  Word dialog 
dismissed via 'No'
2026-09-30 00:35:26.569 | WARNING  | __main__:_loop_word:540 -  Word dialog 
dismissed via 'OK'
2026-09-30 00:35:26.747 | WARNING  | __main__:run_batch_with_resume:1206 -  871 
item(s) never reached (Word crashed on or could not load an item); recycling 
Word and retrying the rest first, retried items last (pass 38, 2 of 3 stalled 
passes used)
2026-09-30 00:35:26.749 | WARNING  | __main__♻725 -  restarting a Word this run 
did not launch. If you set "Optimize for: Best for printing" by hand, re-check 
it before trusting the PDFs rendered after this point.
2026-09-30 00:35:26.750 | WARNING  | __main__♻731 -  recycling (restart 37)
2026-09-30 00:35:38.760 | INFO     | __main__:_loop:1067 -  4/871
2026-09-30 00:35:39.682 | WARNING  | __main__:_loop_word:540 -  Word dialog 
dismissed via 'No'
2026-09-30 00:35:44.311 | WARNING  | __main__:_loop_word:540 -  Word dialog 
dismissed via 'OK'
2026-09-30 00:35:48.793 | INFO     | __main__:_loop:1067 -  6/871
2026-09-30 00:35:49.845 | WARNING  | __main__:_loop_word:540 -  Word dialog 
dismissed via 'No'
2026-09-30 00:35:54.384 | WARNING  | __main__:_loop_word:540 -  Word dialog 
dismissed via 'OK'
2026-09-30 00:35:58.825 | INFO     | __main__:_loop:1067 -  10/871
2026-09-30 00:36:03.853 | INFO     | __main__:_loop:1067 -  14/871
2026-09-30 00:36:08.885 | INFO     | __main__:_loop:1067 -  20/871
2026-09-30 00:36:13.910 | INFO     | __main__:_loop:1067 -  23/871
2026-09-30 00:36:18.943 | INFO     | __main__:_loop:1067 -  28/871
2026-09-30 00:36:23.973 | INFO     | __main__:_loop:1067 -  32/871
2026-09-30 00:36:25.450 | WARNING  | __main__:_loop_word:540 -  Word dialog 
dismissed via 'No'
2026-09-30 00:36:30.114 | WARNING  | __main__:_loop_word:540 -  Word dialog 
dismissed via 'OK'
2026-09-30 00:36:34.011 | INFO     | __main__:_loop:1067 -  35/871
2026-09-30 00:36:39.043 | INFO     | __main__:_loop:1067 -  39/871
2026-09-30 00:36:44.075 | INFO     | __main__:_loop:1067 -  42/871
2026-09-30 00:36:49.100 | INFO     | __main__:_loop:1067 -  48/871
2026-09-30 00:36:54.130 | INFO     | __main__:_loop:1067 -  52/871
2026-09-30 00:36:59.162 | INFO     | __main__:_loop:1067 -  55/871
2026-09-30 00:37:01.564 | WARNING  | __main__:_loop_word:540 -  Word dialog 
dismissed via 'No'
2026-09-30 00:37:06.265 | WARNING  | __main__:_loop_word:540 -  Word dialog 
dismissed via 'OK'
2026-09-30 00:37:09.200 | INFO     | __main__:_loop:1067 -  57/871
2026-09-30 00:37:14.229 | INFO     | __main__:_loop:1067 -  62/871
2026-09-30 00:37:19.263 | INFO     | __main__:_loop:1067 -  66/871
2026-09-30 00:37:24.287 | INFO     | __main__:_loop:1067 -  69/871
2026-09-30 00:37:29.318 | INFO     | __main__:_loop:1067 -  73/871
2026-09-30 00:37:34.350 | INFO     | __main__:_loop:1067 -  79/871
2026-09-30 00:37:39.381 | INFO     | __main__:_loop:1067 -  82/871
2026-09-30 00:37:41.485 | WARNING  | __main__:_loop_word:540 -  Word dialog 
dismissed via 'No'
2026-09-30 00:37:46.284 | WARNING  | __main__:_loop_word:540 -  Word dialog 
dismissed via 'OK'
2026-09-30 00:37:49.415 | INFO     | __main__:_loop:1067 -  84/871
2026-09-30 00:37:54.450 | INFO     | __main__:_loop:1067 -  88/871
2026-09-30 00:37:59.487 | INFO     | __main__:_loop:1067 -  92/871
2026-09-30 00:38:04.521 | INFO     | __main__:_loop:1067 -  94/871
2026-09-30 00:38:09.551 | INFO     | __main__:_loop:1067 -  96/871
2026-09-30 00:38:14.577 | INFO     | __main__:_loop:1067 -  98/871
2026-09-30 00:38:19.606 | INFO     | __main__:_loop:1067 -  102/871
2026-09-30 00:38:24.635 | INFO     | __main__:_loop:1067 -  106/871
2026-09-30 00:38:29.662 | INFO     | __main__:_loop:1067 -  109/871
2026-09-30 00:38:34.691 | INFO     | __main__:_loop:1067 -  113/871
2026-09-30 00:38:40.281 | WARNING  | __main__:_loop_word:540 -  Word dialog 
dismissed via 'No'
2026-09-30 00:38:44.866 | WARNING  | __main__:_loop_word:540 -  Word dialog 
dismissed via 'OK'
2026-09-30 00:38:49.734 | INFO     | __main__:_loop:1067 -  114/871
2026-09-30 00:38:50.598 | WARNING  | __main__:_loop_word:540 -  Word dialog 
dismissed via 'No'
2026-09-30 00:38:55.399 | WARNING  | __main__:_loop_word:540 -  Word dialog 
dismissed via 'OK'
2026-09-30 00:38:59.787 | INFO     | __main__:_loop:1067 -  117/871
2026-09-30 00:39:04.826 | INFO     | __main__:_loop:1067 -  120/871
2026-09-30 00:39:09.858 | INFO     | __main__:_loop:1067 -  122/871
2026-09-30 00:39:11.036 | WARNING  | __main__:_loop_word:540 -  Word dialog 
dismissed via 'No'
2026-09-30 00:39:15.749 | WARNING  | __main__:_loop_word:540 -  Word dialog 
dismissed via 'OK'
2026-09-30 00:39:19.908 | INFO     | __main__:_loop:1067 -  123/871
2026-09-30 00:39:21.267 | WARNING  | __main__:_loop_word:540 -  Word dialog 
dismissed via 'No'
2026-09-30 00:39:25.949 | WARNING  | __main__:_loop_word:540 -  Word dialog 
dismissed via 'OK'
2026-09-30 00:39:29.963 | INFO     | __main__:_loop:1067 -  125/871
2026-09-30 00:39:31.582 | WARNING  | __main__:_loop_word:540 -  Word dialog 
dismissed via 'No'
2026-09-30 00:39:36.182 | WARNING  | __main__:_loop_word:540 -  Word dialog 
dismissed via 'OK'
2026-09-30 00:39:41.016 | WARNING  | __main__:_loop_word:540 -  Word dialog 
dismissed via 'No'
2026-09-30 00:39:45.649 | WARNING  | __main__:_loop_word:540 -  Word dialog 
dismissed via 'OK'
2026-09-30 00:39:50.020 | INFO     | __main__:_loop:1067 -  128/871
2026-09-30 00:39:55.041 | INFO     | __main__:_loop:1067 -  132/871
2026-09-30 00:40:00.066 | INFO     | __main__:_loop:1067 -  136/871
2026-09-30 00:40:05.110 | INFO     | __main__:_loop:1067 -  139/871
2026-09-30 00:40:10.141 | INFO     | __main__:_loop:1067 -  142/871
2026-09-30 00:40:15.167 | INFO     | __main__:_loop:1067 -  147/871
2026-09-30 00:40:16.353 | WARNING  | __main__:_loop_word:540 -  Word dialog 
dismissed via 'No'
2026-09-30 00:40:20.934 | WARNING  | __main__:_loop_word:540 -  Word dialog 
dismissed via 'OK'
2026-09-30 00:40:25.200 | INFO     | __main__:_loop:1067 -  149/871
2026-09-30 00:40:26.403 | WARNING  | __main__:_loop_word:540 -  Word dialog 
dismissed via 'No'
2026-09-30 00:40:31.038 | WARNING  | __main__:_loop_word:540 -  Word dialog 
dismissed via 'OK'
2026-09-30 00:40:36.023 | WARNING  | __main__:_loop_word:540 -  Word dialog 
dismissed via 'No'
2026-09-30 00:40:40.590 | WARNING  | __main__:_loop_word:540 -  Word dialog 
dismissed via 'OK'
2026-09-30 00:40:45.271 | INFO     | __main__:_loop:1067 -  151/871
2026-09-30 00:40:46.951 | WARNING  | __main__:_loop_word:540 -  Word dialog 
dismissed via 'No'
2026-09-30 00:40:51.552 | WARNING  | __main__:_loop_word:540 -  Word dialog 
dismissed via 'OK'
2026-09-30 00:40:55.315 | INFO     | __main__:_loop:1067 -  154/871
2026-09-30 00:41:00.352 | INFO     | __main__:_loop:1067 -  158/871
2026-09-30 00:41:05.392 | INFO     | __main__:_loop:1067 -  162/871
2026-09-30 00:41:08.069 | WARNING  | __main__:_loop_word:540 -  Word dialog 
dismissed via 'No'
2026-09-30 00:41:10.420 | INFO     | __main__:_loop:1067 -  163/871
2026-09-30 00:41:12.868 | WARNING  | __main__:_loop_word:540 -  Word dialog 
dismissed via 'OK'
2026-09-30 00:41:17.921 | WARNING  | __main__:_loop_word:540 -  Word dialog 
dismissed via 'No'
2026-09-30 00:41:22.500 | WARNING  | __main__:_loop_word:540 -  Word dialog 
dismissed via 'OK'
2026-09-30 00:41:27.434 | WARNING  | __main__:_loop_word:540 -  Word dialog 
dismissed via 'No'
2026-09-30 00:41:31.986 | WARNING  | __main__:_loop_word:540 -  Word dialog 
dismissed via 'OK'
2026-09-30 00:41:32.144 | WARNING  | __main__:run_batch_with_resume:1206 -  708 
item(s) never reached (Word crashed on or could not load an item); recycling 
Word and retrying the rest first, retried items last (pass 39, 2 of 3 stalled 
passes used)
2026-09-30 00:41:32.145 | WARNING  | __main__♻725 -  restarting a Word this run 
did not launch. If you set "Optimize for: Best for printing" by hand, re-check 
it before trusting the PDFs rendered after this point.
2026-09-30 00:41:32.146 | WARNING  | __main__♻731 -  recycling (restart 38)
2026-09-30 00:41:44.532 | INFO     | __main__:_loop:1067 -  0/708
2026-09-30 00:41:49.554 | INFO     | __main__:_loop:1067 -  4/708
2026-09-30 00:41:49.764 | WARNING  | __main__:_loop_word:540 -  Word dialog 
dismissed via 'No'
2026-09-30 00:42:23.675 | WARNING  | __main__:_loop:1072 -  item 5/708 open for 
more than 30 s:
-- Word windows {name, subrole}: ,
-- Word window text: 
-- crash reporters: 
-- batch-pdf-39.log:
        1640
        1641
        1642
        1643
-- newest diagnostic reports: AppCleaner-2026-09-30-001317.ips, 
biome-2026-09-29-094107.ips, soffice-2026-09-28-104720.ips, 
soffice-2026-09-28-105517.ips, soffice-2026-09-28-105123.000.ips
2026-09-30 00:45:49.120 | WARNING  | __main__:run_batch_with_resume:1206 -  703 
item(s) never reached (ended without reaching them); recycling Word and retrying
the rest first, retried items last (pass 40, 3 of 3 stalled passes used)
2026-09-30 00:45:49.121 | WARNING  | __main__♻725 -  restarting a Word this run 
did not launch. If you set "Optimize for: Best for printing" by hand, re-check 
it before trusting the PDFs rendered after this point.
2026-09-30 00:45:49.122 | WARNING  | __main__♻731 -  recycling (restart 39)
2026-09-30 00:45:53.281 | ERROR    | __main__:_convert_batched:1730 -  FAIL: 
00f467c010_0008753aa70a6a7b929aa1958001da41574c2d407e5b9863__vs__333bfe069a_0034
16d620331122b93b434dad901db5836f60d2cad4b533_redline_6ac9b7afd6_docxodus.docx — 
never reached in 3 batch pass(es)
2026-09-30 00:45:53.283 | ERROR    | __main__:_convert_batched:1730 -  FAIL: 
00f467c010_0008753aa70a6a7b929aa1958001da41574c2d407e5b9863__vs__342f364d46_0013
42333d45627868f4dc5282abbba4598a91b4a7584b08_redline_9014a2c35a_docxodus.docx — 
never reached in 3 batch pass(es)
2026-09-30 00:45:53.319 | ERROR    | __main__:_convert_batched:1730 -  FAIL: 
03aa687c07_0fef17a42714273fc90f69ea4dc8d6b2028449267539750a__vs__7772e684bb_056a
a42f3314a8a17098cba6c7afb8c21d27fc3bf274f137_redline_0d33c3afef_docxodus.docx — 
never reached in 3 batch pass(es)
2026-09-30 00:45:53.327 | ERROR    | __main__:_convert_batched:1730 -  FAIL: 
048870ce18_014178090497722649b8e7aedf646339a3189ee7fe69a596__vs__1424386e9b_0174
47de83753a0e3b7afc659df038ef56972925336c6a5b_redline_a4af2cbfbc_docxodus.docx — 
never reached in 3 batch pass(es)
2026-09-30 00:45:53.333 | ERROR    | __main__:_convert_batched:1730 -  FAIL: 
048870ce18_014178090497722649b8e7aedf646339a3189ee7fe69a596__vs__2773adf157_0004
c94ca2a8684d47449bb0e7abf87de1df71a7e6543252_redline_16c26ed631_docxodus.docx — 
never reached in 3 batch pass(es)
2026-09-30 00:45:53.335 | ERROR    | __main__:_convert_batched:1730 -  FAIL: 
048870ce18_014178090497722649b8e7aedf646339a3189ee7fe69a596__vs__2e04202552_000e
3e7bd2d6215fc7b469cc3e296c1b2a510bc1abc7e0fd_redline_670204a885_docxodus.docx — 
never reached in 3 batch pass(es)
2026-09-30 00:45:53.338 | ERROR    | __main__:_convert_batched:1730 -  FAIL: 
048870ce18_014178090497722649b8e7aedf646339a3189ee7fe69a596__vs__333bfe069a_0034
16d620331122b93b434dad901db5836f60d2cad4b533_redline_77e4a6bed0_docxodus.docx — 
never reached in 3 batch pass(es)
2026-09-30 00:45:53.341 | ERROR    | __main__:_convert_batched:1730 -  FAIL: 
048870ce18_014178090497722649b8e7aedf646339a3189ee7fe69a596__vs__342f364d46_0013
42333d45627868f4dc5282abbba4598a91b4a7584b08_redline_7100ebbc8a_docxodus.docx — 
never reached in 3 batch pass(es)
2026-09-30 00:45:53.342 | ERROR    | __main__:_convert_batched:1730 -  FAIL: 
048870ce18_014178090497722649b8e7aedf646339a3189ee7fe69a596__vs__5203829c7a_001c
c92b88566d5f930fe57f25813c0bf52a7bdc72c217d0_redline_410ba57425_docxodus.docx — 
never reached in 3 batch pass(es)
2026-09-30 00:45:53.343 | ERROR    | __main__:_convert_batched:1730 -  FAIL: 
048870ce18_014178090497722649b8e7aedf646339a3189ee7fe69a596__vs__a5f2b9318d_002a
a60c2ae1187417b4b157c5ec6450324cc056ec551a12_redline_ebe3e5ca03_docxodus.docx — 
never reached in 3 batch pass(es)
2026-09-30 00:45:53.345 | ERROR    | __main__:_convert_batched:1730 -  FAIL: 
048870ce18_014178090497722649b8e7aedf646339a3189ee7fe69a596__vs__aa5340125d_00a4
b0b91e9b5b072dc3771391c2d608518690eccf44eae8_redline_90cfb41b70_docxodus.docx — 
never reached in 3 batch pass(es)
2026-09-30 00:45:53.346 | ERROR    | __main__:_convert_batched:1730 -  FAIL: 
048870ce18_014178090497722649b8e7aedf646339a3189ee7fe69a596__vs__bd3824dd1e_000e
e64ef7226d353297888f59a251e24ce5d776fea000fa_redline_f43fac490d_docxodus.docx — 
never reached in 3 batch pass(es)
2026-09-30 00:45:53.350 | ERROR    | __main__:_convert_batched:1730 -  FAIL: 
048870ce18_014178090497722649b8e7aedf646339a3189ee7fe69a596__vs__deff0e697a_00b5
defcad6e58038eac35472a2d48c89905068e5ece0cc3_redline_2908bcc568_docxodus.docx — 
never reached in 3 batch pass(es)
2026-09-30 00:45:53.422 | ERROR    | __main__:_convert_batched:1730 -  FAIL: 
08f3411449_file_175__vs__7ac6653045_file_176_redline_0a3b2b314a_docxodus.docx — 
never reached in 3 batch pass(es)
2026-09-30 00:45:53.441 | ERROR    | __main__:_convert_batched:1730 -  FAIL: 
0a45c11e26_f3be0709437e3db487c472a0932f83d94984b9015dcc4642__vs__99c11b7d8e_f518
c13245b2fdb7c69dc16a268913a43656a97451645fbe_redline_f30cea827b_docxodus.docx — 
Microsoft Word got an error: document 
"00096__0a45c11e26_f3be0709437e3db487c472a0932f83d94984b9015dcc4642__vs__99c11b7
d8e_f518c13245b2fdb7c69dc16a268913a43656a97451645fbe_redline_f30cea827b_docxodus
.d
2026-09-30 00:45:53.479 | ERROR    | __main__:_convert_batched:1730 -  FAIL: 
0bbf11cf21_5a6c9a5cc654191fa574f474976ebfbfd60a2299dfb96ebe__vs__d825254fce_048c
597c1da833b932c73e97755f2f8e8113d83aecd1f13e_redline_ef51261c54_docxodus.docx — 
never reached in 3 batch pass(es)
2026-09-30 00:45:53.533 | ERROR    | __main__:_convert_batched:1730 -  FAIL: 
109f20a2b3_5aff5b9fa9df9f4c52007fb46cc9d8ce262e481d4cd42cde__vs__9e0fe37bd3_c5dd
b65c304e51ee1968486ee5967cce78db93eece4177fe_redline_7b1b3baaba_docxodus.docx — 
never reached in 3 batch pass(es)
2026-09-30 00:45:53.535 | ERROR    | __main__:_convert_batched:1730 -  FAIL: 
11856e25f6_small_font_size_demo_id_paraid_overflow__vs__1e0254763b_strict01_redl
ine_831ee4fcc2_docxodus.docx — never reached in 3 batch pass(es)
2026-09-30 00:45:53.542 | ERROR    | __main__:_convert_batched:1730 -  FAIL: 
12033d2ca5_bc404781cb7c84f7c76061d998daff4b9224a2de0cdcceb4__vs__334eb73a7c_df8c
4f9c7d2c85b4042854f488e93a8d7d3404c404a512f5_redline_e48e5fec25_docxodus.docx — 
never reached in 3 batch pass(es)
2026-09-30 00:45:53.593 | ERROR    | __main__:_convert_batched:1730 -  FAIL: 
16ad37e660_87160078dd3ce2778683d3a74ce659126834ee6b8d767dcc__vs__7e2920b1a9_950f
aedd1066df99d1eac4ab70f5b91f6988516145dc8854_redline_e1981b6e58_docxodus.docx — 
never reached in 3 batch pass(es)
2026-09-30 00:45:53.629 | ERROR    | __main__:_convert_batched:1730 -  FAIL: 
19891583af_000f23dc2592a0044f1da2e4f2166c6b41e8fde6a66a1988__vs__2773adf157_0004
c94ca2a8684d47449bb0e7abf87de1df71a7e6543252_redline_e97f1c7c8f_docxodus.docx — 
never reached in 3 batch pass(es)
2026-09-30 00:45:53.663 | ERROR    | __main__:_convert_batched:1730 -  FAIL: 
1aa7a03758_004c43cb816aed2ca4b0d0adf6e2bb8f115182135f2b4b42__vs__aa5340125d_00a4
b0b91e9b5b072dc3771391c2d608518690eccf44eae8_redline_d27aec936f_docxodus.docx — 
never reached in 3 batch pass(es)
2026-09-30 00:45:53.692 | ERROR    | __main__:_convert_batched:1730 -  FAIL: 
1c29559690_38cbf57ee790ac446ec8c957189574570b7ea5b0dae2fd15__vs__689964b1d8_fcb4
5876931e978ee2f9052da44fe1f763e4f0c1cb7b2279_redline_ab51888caa_docxodus.docx — 
never reached in 3 batch pass(es)
2026-09-30 00:45:53.693 | ERROR    | __main__:_convert_batched:1730 -  FAIL: 
1cdaa2bca0_0ccc6413a5d5d36f8f9e5fd3632396e00927c9196f9566ee__vs__c7f546e99c_bf85
e13edbd4d5f562657afb037269ac3addef9c430a8e77_redline_967fdd5659_docxodus.docx — 
never reached in 3 batch pass(es)
2026-09-30 00:45:53.713 | ERROR    | __main__:_convert_batched:1730 -  FAIL: 
1d2b8dc6ee_92170677438db54aa8a8f98174fe909b1098525f5f7e0bf8__vs__4f9dff0369_f827
f1ca71b26a05479d43827a69fdb35f5acd1185196bdb_redline_4c39e7ce4f_docxodus.docx — 
never reached in 3 batch pass(es)
2026-09-30 00:45:53.737 | ERROR    | __main__:_convert_batched:1730 -  FAIL: 
1e0254763b_strict01__vs__5fca0ac668_ooxml_style_link_redline_17ca3591c6_docxodus
.docx — never reached in 3 batch pass(es)
2026-09-30 00:45:53.739 | ERROR    | __main__:_convert_batched:1730 -  FAIL: 
1e0254763b_strict01__vs__f5bac425cd_word_tolerated_broken_media_rel_redline_46d1
71fe5b_docxodus.docx — never reached in 3 batch pass(es)
2026-09-30 00:45:53.792 | ERROR    | __main__:_convert_batched:1730 -  FAIL: 
203c24d1e7_00cb988053156ab17763897a184a6655864f9c50f7ef2e53__vs__1424386e9b_0174
47de83753a0e3b7afc659df038ef56972925336c6a5b_redline_e682703ae3_docxodus.docx — 
never reached in 3 batch pass(es)
2026-09-30 00:45:53.794 | ERROR    | __main__:_convert_batched:1730 -  FAIL: 
203c24d1e7_00cb988053156ab17763897a184a6655864f9c50f7ef2e53__vs__2773adf157_0004
c94ca2a8684d47449bb0e7abf87de1df71a7e6543252_redline_6d53941908_docxodus.docx — 
never reached in 3 batch pass(es)
2026-09-30 00:45:53.797 | ERROR    | __main__:_convert_batched:1730 -  FAIL: 
203c24d1e7_00cb988053156ab17763897a184a6655864f9c50f7ef2e53__vs__2e04202552_000e
3e7bd2d6215fc7b469cc3e296c1b2a510bc1abc7e0fd_redline_787c63ea48_docxodus.docx — 
never reached in 3 batch pass(es)
2026-09-30 00:45:53.798 | ERROR    | __main__:_convert_batched:1730 -  FAIL: 
203c24d1e7_00cb988053156ab17763897a184a6655864f9c50f7ef2e53__vs__333bfe069a_0034
16d620331122b93b434dad901db5836f60d2cad4b533_redline_13a3fc553d_docxodus.docx — 
never reached in 3 batch pass(es)
2026-09-30 00:45:53.799 | ERROR    | __main__:_convert_batched:1730 -  FAIL: 
203c24d1e7_00cb988053156ab17763897a184a6655864f9c50f7ef2e53__vs__342f364d46_0013
42333d45627868f4dc5282abbba4598a91b4a7584b08_redline_9e54d502f6_docxodus.docx — 
never reached in 3 batch pass(es)
2026-09-30 00:45:53.801 | ERROR    | __main__:_convert_batched:1730 -  FAIL: 
203c24d1e7_00cb988053156ab17763897a184a6655864f9c50f7ef2e53__vs__5203829c7a_001c
c92b88566d5f930fe57f25813c0bf52a7bdc72c217d0_redline_31bbf97599_docxodus.docx — 
never reached in 3 batch pass(es)
2026-09-30 00:45:53.802 | ERROR    | __main__:_convert_batched:1730 -  FAIL: 
203c24d1e7_00cb988053156ab17763897a184a6655864f9c50f7ef2e53__vs__a5f2b9318d_002a
a60c2ae1187417b4b157c5ec6450324cc056ec551a12_redline_a37ccd81f7_docxodus.docx — 
never reached in 3 batch pass(es)
2026-09-30 00:45:53.804 | ERROR    | __main__:_convert_batched:1730 -  FAIL: 
203c24d1e7_00cb988053156ab17763897a184a6655864f9c50f7ef2e53__vs__aa5340125d_00a4
b0b91e9b5b072dc3771391c2d608518690eccf44eae8_redline_e9e7b29b93_docxodus.docx — 
never reached in 3 batch pass(es)
2026-09-30 00:45:53.806 | ERROR    | __main__:_convert_batched:1730 -  FAIL: 
203c24d1e7_00cb988053156ab17763897a184a6655864f9c50f7ef2e53__vs__bd3824dd1e_000e
e64ef7226d353297888f59a251e24ce5d776fea000fa_redline_7070a9c7b0_docxodus.docx — 
never reached in 3 batch pass(es)
2026-09-30 00:45:53.808 | ERROR    | __main__:_convert_batched:1730 -  FAIL: 
203c24d1e7_00cb988053156ab17763897a184a6655864f9c50f7ef2e53__vs__deff0e697a_00b5
defcad6e58038eac35472a2d48c89905068e5ece0cc3_redline_ab70cef536_docxodus.docx — 
never reached in 3 batch pass(es)
2026-09-30 00:45:53.817 | ERROR    | __main__:_convert_batched:1730 -  FAIL: 
2261da4dae_cda3ae3ebc9762a0f1f79fcc41fc2c5b21e21260d47f5b4a__vs__6e765b335d_f3a3
5d76c9a9598ca26d1205f927770db7ce090f10872e08_redline_337fe29e91_docxodus.docx — 
never reached in 3 batch pass(es)
2026-09-30 00:45:53.829 | ERROR    | __main__:_convert_batched:1730 -  FAIL: 
23536e24d2_5ddba7ca1e7abc522e338baa1f7afc84bf0051381d8dd6e8__vs__66396a2dff_5cb0
8eac0fbc63f2dc66c9020486fde76b78b3b56e6cc368_redline_1a6df64b8c_docxodus.docx — 
Microsoft Word got an error: document 
"00301__23536e24d2_5ddba7ca1e7abc522e338baa1f7afc84bf0051381d8dd6e8__vs__66396a2
dff_5cb08eac0fbc63f2dc66c9020486fde76b78b3b56e6cc368_redline_1a6df64b8c_docxodus
.d
2026-09-30 00:45:53.862 | ERROR    | __main__:_convert_batched:1730 -  FAIL: 
2523714a7f_166230a5d0c1ffc0b39476f0358811a3ae000db31e399eeb__vs__fa99066c51_19d1
ea39b560e3746c8fdebc84dfc3dfbb74c345dd5e3f35_redline_0f8eb45f51_docxodus.docx — 
never reached in 3 batch pass(es)
2026-09-30 00:45:53.864 | ERROR    | __main__:_convert_batched:1730 -  FAIL: 
252698e4ea_246f5a1d6059f020824c3b5635741d2d2614efeb6d7ba53c__vs__fa3be61164_1be3
5f7519c17b6bf1d954855528222e46a1813a939df55e_redline_7cd845f4b0_docxodus.docx — 
never reached in 3 batch pass(es)
2026-09-30 00:45:54.022 | ERROR    | __main__:_convert_batched:1730 -  FAIL: 
2b4475cba6_0021f639e5dbf6c217c8d81a7ac3374624ff9901a5d4b200__vs__aa5340125d_00a4
b0b91e9b5b072dc3771391c2d608518690eccf44eae8_redline_030c72af8f_docxodus.docx — 
Microsoft Word got an error: AppleEvent timed out.
2026-09-30 00:45:54.028 | ERROR    | __main__:_convert_batched:1730 -  FAIL: 
2b479f55f8_ab1a60a25dd051171cff9456f1fdafa82d5d746f4a494cce__vs__63db0bebfc_98f3
b26190a9ad2d0c27e5505ef29521d4faff960deea626_redline_e22069e294_docxodus.docx — 
never reached in 3 batch pass(es)
2026-09-30 00:45:54.029 | ERROR    | __main__:_convert_batched:1730 -  FAIL: 
2b53f0978a_63ab631704096bb2f59a30573d21b9f0398996d1a432767c__vs__18b67cc11e_17c3
e72cc7f16277427d79c33c20a8ce2322c714a50b5072_redline_8ab94dfa20_docxodus.docx — 
never reached in 3 batch pass(es)
2026-09-30 00:45:54.060 | ERROR    | __main__:_convert_batched:1730 -  FAIL: 
2da026a400_2d048ff116f39f2f4d89ebc621a016d97e5fa61696dc4172__vs__5c93efd4e5_04a0
ee2c71dffb920ca495151043e732d3cd072da4854ed8_redline_b13a27e36d_docxodus.docx — 
never reached in 3 batch pass(es)
2026-09-30 00:45:54.133 | ERROR    | __main__:_convert_batched:1730 -  FAIL: 
30f195a272_1773a11956d682dede9401c3226fbbf2b6bfec21a2235354__vs__54286b56f0_03fc
abccc151de9af114d16cb6fd34438b05eafb886faa4e_redline_9240f816df_docxodus.docx — 
never reached in 3 batch pass(es)
2026-09-30 00:45:54.152 | ERROR    | __main__:_convert_batched:1730 -  FAIL: 
350b1ae68d_009a28e68eaecf1c8b456f889410ff6d221b1d0cd42b0ccf__vs__260b98f6e8_009d
432b6045c2a03c19d5019e9c7fc3a6cc23e485c61e6b_redline_d0e7a08bbd_docxodus.docx — 
never reached in 3 batch pass(es)
2026-09-30 00:45:54.192 | ERROR    | __main__:_convert_batched:1730 -  FAIL: 
375fae81b7_a24126540f413bb464180dae1c29e089aacc4591fa07b13e__vs__f06ff371fe_d2a2
b3f0c255c7e6fcf18eb649a2fce9869817b3398cceff_redline_a5678bf47a_docxodus.docx — 
never reached in 3 batch pass(es)
2026-09-30 00:45:54.224 | ERROR    | __main__:_convert_batched:1730 -  FAIL: 
3936a8fe56_45311d41d4a17fbedfe93a538b930e88fa0a63ff0d6ff9cc__vs__39d62be386_142e
45828f53d67b780459e79d542d852b1692c83fcf6600_redline_51b9726cdf_docxodus.docx — 
never reached in 3 batch pass(es)
2026-09-30 00:45:54.226 | ERROR    | __main__:_convert_batched:1730 -  FAIL: 
39b59f5a84_4bd68827071993e9ef15259288fc0bd69cd2649b06000e19__vs__e2727b0828_371d
df84970d73bf320cc7ae92d9214c7ebc92bff083a63f_redline_6126dd867e_docxodus.docx — 
never reached in 3 batch pass(es)
2026-09-30 00:45:54.251 | ERROR    | __main__:_convert_batched:1730 -  FAIL: 
3bfcb371e2_00003fff80a444ad2f706c74f3c0d9fbef00d7a99ba0c105__vs__1424386e9b_0174
47de83753a0e3b7afc659df038ef56972925336c6a5b_redline_9b22b88370_docxodus.docx — 
never reached in 3 batch pass(es)
2026-09-30 00:45:54.253 | ERROR    | __main__:_convert_batched:1730 -  FAIL: 
3bfcb371e2_00003fff80a444ad2f706c74f3c0d9fbef00d7a99ba0c105__vs__2773adf157_0004
c94ca2a8684d47449bb0e7abf87de1df71a7e6543252_redline_8fff070a61_docxodus.docx — 
never reached in 3 batch pass(es)
2026-09-30 00:45:54.256 | ERROR    | __main__:_convert_batched:1730 -  FAIL: 
3bfcb371e2_00003fff80a444ad2f706c74f3c0d9fbef00d7a99ba0c105__vs__2e04202552_000e
3e7bd2d6215fc7b469cc3e296c1b2a510bc1abc7e0fd_redline_875b3fba58_docxodus.docx — 
never reached in 3 batch pass(es)
2026-09-30 00:45:54.258 | ERROR    | __main__:_convert_batched:1730 -  FAIL: 
3bfcb371e2_00003fff80a444ad2f706c74f3c0d9fbef00d7a99ba0c105__vs__333bfe069a_0034
16d620331122b93b434dad901db5836f60d2cad4b533_redline_23c28907ad_docxodus.docx — 
never reached in 3 batch pass(es)
2026-09-30 00:45:54.261 | ERROR    | __main__:_convert_batched:1730 -  FAIL: 
3bfcb371e2_00003fff80a444ad2f706c74f3c0d9fbef00d7a99ba0c105__vs__342f364d46_0013
42333d45627868f4dc5282abbba4598a91b4a7584b08_redline_5a0e502265_docxodus.docx — 
never reached in 3 batch pass(es)
2026-09-30 00:45:54.263 | ERROR    | __main__:_convert_batched:1730 -  FAIL: 
3bfcb371e2_00003fff80a444ad2f706c74f3c0d9fbef00d7a99ba0c105__vs__5203829c7a_001c
c92b88566d5f930fe57f25813c0bf52a7bdc72c217d0_redline_1b64829cd7_docxodus.docx — 
never reached in 3 batch pass(es)
2026-09-30 00:45:54.265 | ERROR    | __main__:_convert_batched:1730 -  FAIL: 
3bfcb371e2_00003fff80a444ad2f706c74f3c0d9fbef00d7a99ba0c105__vs__a5f2b9318d_002a
a60c2ae1187417b4b157c5ec6450324cc056ec551a12_redline_52a3f84699_docxodus.docx — 
never reached in 3 batch pass(es)
2026-09-30 00:45:54.268 | ERROR    | __main__:_convert_batched:1730 -  FAIL: 
3bfcb371e2_00003fff80a444ad2f706c74f3c0d9fbef00d7a99ba0c105__vs__aa5340125d_00a4
b0b91e9b5b072dc3771391c2d608518690eccf44eae8_redline_842ef93738_docxodus.docx — 
never reached in 3 batch pass(es)
2026-09-30 00:45:54.270 | ERROR    | __main__:_convert_batched:1730 -  FAIL: 
3bfcb371e2_00003fff80a444ad2f706c74f3c0d9fbef00d7a99ba0c105__vs__bd3824dd1e_000e
e64ef7226d353297888f59a251e24ce5d776fea000fa_redline_92e0f36a56_docxodus.docx — 
never reached in 3 batch pass(es)
2026-09-30 00:45:54.273 | ERROR    | __main__:_convert_batched:1730 -  FAIL: 
3bfcb371e2_00003fff80a444ad2f706c74f3c0d9fbef00d7a99ba0c105__vs__deff0e697a_00b5
defcad6e58038eac35472a2d48c89905068e5ece0cc3_redline_30b6e87178_docxodus.docx — 
never reached in 3 batch pass(es)
2026-09-30 00:45:54.276 | ERROR    | __main__:_convert_batched:1730 -  FAIL: 
3c1e5d4d00_00b540ddc1a1fef3ab9acae5b93ca90e9fcef840e25d53cd__vs__2773adf157_0004
c94ca2a8684d47449bb0e7abf87de1df71a7e6543252_redline_a9a1b530a9_docxodus.docx — 
never reached in 3 batch pass(es)
2026-09-30 00:45:54.364 | ERROR    | __main__:_convert_batched:1730 -  FAIL: 
3fcd92b87b_30ff840c5280c4e754b1d6998d936bd6ae03c4cafe1dd5c9__vs__536a1741f1_2877
e96980f074938031572843306e6da8158dd87dafec3e_redline_251aa16cd3_docxodus.docx — 
never reached in 3 batch pass(es)
2026-09-30 00:45:54.371 | ERROR    | __main__:_convert_batched:1730 -  FAIL: 
42148810f2_72f824a7073c6729f8afd678daf0b9ee8944bd63b5bcdc87__vs__04ef47843d_97f0
305382b8fac1dbea2e986a3e4d69c8406c398b9fb53a_redline_bc902c8157_docxodus.docx — 
never reached in 3 batch pass(es)
2026-09-30 00:45:54.374 | ERROR    | __main__:_convert_batched:1730 -  FAIL: 
42aeddc7ba_5cbfcd93ef1cfd753fa58f2dff70795b728c7227b7009556__vs__6d7a0f164f_4626
df7285217bef86655a468798b451c827f24df7caec50_redline_3f74e8a0d4_docxodus.docx — 
never reached in 3 batch pass(es)
2026-09-30 00:45:54.380 | ERROR    | __main__:_convert_batched:1730 -  FAIL: 
432bf1c280_010684299d3c5523897eb69efb8c1c743c0a7623137d64fe__vs__1424386e9b_0174
47de83753a0e3b7afc659df038ef56972925336c6a5b_redline_c323b1ce8e_docxodus.docx — 
never reached in 3 batch pass(es)
2026-09-30 00:45:54.382 | ERROR    | __main__:_convert_batched:1730 -  FAIL: 
432bf1c280_010684299d3c5523897eb69efb8c1c743c0a7623137d64fe__vs__2773adf157_0004
c94ca2a8684d47449bb0e7abf87de1df71a7e6543252_redline_982694165a_docxodus.docx — 
never reached in 3 batch pass(es)
2026-09-30 00:45:54.383 | ERROR    | __main__:_convert_batched:1730 -  FAIL: 
432bf1c280_010684299d3c5523897eb69efb8c1c743c0a7623137d64fe__vs__2e04202552_000e
3e7bd2d6215fc7b469cc3e296c1b2a510bc1abc7e0fd_redline_a0e558b0b9_docxodus.docx — 
never reached in 3 batch pass(es)
2026-09-30 00:45:54.385 | ERROR    | __main__:_convert_batched:1730 -  FAIL: 
432bf1c280_010684299d3c5523897eb69efb8c1c743c0a7623137d64fe__vs__333bfe069a_0034
16d620331122b93b434dad901db5836f60d2cad4b533_redline_be5af1ebf5_docxodus.docx — 
never reached in 3 batch pass(es)
2026-09-30 00:45:54.386 | ERROR    | __main__:_convert_batched:1730 -  FAIL: 
432bf1c280_010684299d3c5523897eb69efb8c1c743c0a7623137d64fe__vs__342f364d46_0013
42333d45627868f4dc5282abbba4598a91b4a7584b08_redline_435d2c2474_docxodus.docx — 
never reached in 3 batch pass(es)
2026-09-30 00:45:54.387 | ERROR    | __main__:_convert_batched:1730 -  FAIL: 
432bf1c280_010684299d3c5523897eb69efb8c1c743c0a7623137d64fe__vs__5203829c7a_001c
c92b88566d5f930fe57f25813c0bf52a7bdc72c217d0_redline_259117826d_docxodus.docx — 
never reached in 3 batch pass(es)
2026-09-30 00:45:54.388 | ERROR    | __main__:_convert_batched:1730 -  FAIL: 
432bf1c280_010684299d3c5523897eb69efb8c1c743c0a7623137d64fe__vs__a5f2b9318d_002a
a60c2ae1187417b4b157c5ec6450324cc056ec551a12_redline_0e053136eb_docxodus.docx — 
never reached in 3 batch pass(es)
2026-09-30 00:45:54.390 | ERROR    | __main__:_convert_batched:1730 -  FAIL: 
432bf1c280_010684299d3c5523897eb69efb8c1c743c0a7623137d64fe__vs__aa5340125d_00a4
b0b91e9b5b072dc3771391c2d608518690eccf44eae8_redline_eed68538c8_docxodus.docx — 
never reached in 3 batch pass(es)
2026-09-30 00:45:54.391 | ERROR    | __main__:_convert_batched:1730 -  FAIL: 
432bf1c280_010684299d3c5523897eb69efb8c1c743c0a7623137d64fe__vs__bd3824dd1e_000e
e64ef7226d353297888f59a251e24ce5d776fea000fa_redline_6167071c5d_docxodus.docx — 
never reached in 3 batch pass(es)
2026-09-30 00:45:54.393 | ERROR    | __main__:_convert_batched:1730 -  FAIL: 
432bf1c280_010684299d3c5523897eb69efb8c1c743c0a7623137d64fe__vs__deff0e697a_00b5
defcad6e58038eac35472a2d48c89905068e5ece0cc3_redline_ea3098283c_docxodus.docx — 
never reached in 3 batch pass(es)
2026-09-30 00:45:54.394 | ERROR    | __main__:_convert_batched:1730 -  FAIL: 
432c7750f9_c57c0733ce12faf35f342822f4b7eaa9355fe83b8e9ee8c7__vs__5ba87c5cbb_1dab
52916414f9478e31d6debd6bba2c2961cd2f0cc637f3_redline_fa055f482b_docxodus.docx — 
never reached in 3 batch pass(es)
2026-09-30 00:45:54.410 | ERROR    | __main__:_convert_batched:1730 -  FAIL: 
45c1c5abec_table_vmerge_colspan__vs__a94f4c516b_text_box_redline_54dd9bf0c3_docx
odus.docx — never reached in 3 batch pass(es)
2026-09-30 00:45:54.431 | ERROR    | __main__:_convert_batched:1730 -  FAIL: 
4640e71ddd_0062ef190840d69d26aa6ecec30a8cb25f8e1506cee20dac__vs__1424386e9b_0174
47de83753a0e3b7afc659df038ef56972925336c6a5b_redline_32d0abcfc9_docxodus.docx — 
never reached in 3 batch pass(es)
2026-09-30 00:45:54.433 | ERROR    | __main__:_convert_batched:1730 -  FAIL: 
4640e71ddd_0062ef190840d69d26aa6ecec30a8cb25f8e1506cee20dac__vs__2773adf157_0004
c94ca2a8684d47449bb0e7abf87de1df71a7e6543252_redline_8f1e9d4179_docxodus.docx — 
never reached in 3 batch pass(es)
2026-09-30 00:45:54.434 | ERROR    | __main__:_convert_batched:1730 -  FAIL: 
4640e71ddd_0062ef190840d69d26aa6ecec30a8cb25f8e1506cee20dac__vs__2e04202552_000e
3e7bd2d6215fc7b469cc3e296c1b2a510bc1abc7e0fd_redline_cb9583377c_docxodus.docx — 
never reached in 3 batch pass(es)
2026-09-30 00:45:54.435 | ERROR    | __main__:_convert_batched:1730 -  FAIL: 
4640e71ddd_0062ef190840d69d26aa6ecec30a8cb25f8e1506cee20dac__vs__333bfe069a_0034
16d620331122b93b434dad901db5836f60d2cad4b533_redline_c40f3cc643_docxodus.docx — 
never reached in 3 batch pass(es)
2026-09-30 00:45:54.436 | ERROR    | __main__:_convert_batched:1730 -  FAIL: 
4640e71ddd_0062ef190840d69d26aa6ecec30a8cb25f8e1506cee20dac__vs__342f364d46_0013
42333d45627868f4dc5282abbba4598a91b4a7584b08_redline_c486f3a829_docxodus.docx — 
never reached in 3 batch pass(es)
2026-09-30 00:45:54.436 | ERROR    | __main__:_convert_batched:1730 -  FAIL: 
4640e71ddd_0062ef190840d69d26aa6ecec30a8cb25f8e1506cee20dac__vs__5203829c7a_001c
c92b88566d5f930fe57f25813c0bf52a7bdc72c217d0_redline_e0af18fb3d_docxodus.docx — 
never reached in 3 batch pass(es)
2026-09-30 00:45:54.438 | ERROR    | __main__:_convert_batched:1730 -  FAIL: 
4640e71ddd_0062ef190840d69d26aa6ecec30a8cb25f8e1506cee20dac__vs__a5f2b9318d_002a
a60c2ae1187417b4b157c5ec6450324cc056ec551a12_redline_daa4804467_docxodus.docx — 
never reached in 3 batch pass(es)
2026-09-30 00:45:54.439 | ERROR    | __main__:_convert_batched:1730 -  FAIL: 
4640e71ddd_0062ef190840d69d26aa6ecec30a8cb25f8e1506cee20dac__vs__aa5340125d_00a4
b0b91e9b5b072dc3771391c2d608518690eccf44eae8_redline_ea55c722de_docxodus.docx — 
never reached in 3 batch pass(es)
2026-09-30 00:45:54.440 | ERROR    | __main__:_convert_batched:1730 -  FAIL: 
4640e71ddd_0062ef190840d69d26aa6ecec30a8cb25f8e1506cee20dac__vs__bd3824dd1e_000e
e64ef7226d353297888f59a251e24ce5d776fea000fa_redline_a09aa89f13_docxodus.docx — 
never reached in 3 batch pass(es)
2026-09-30 00:45:54.441 | ERROR    | __main__:_convert_batched:1730 -  FAIL: 
4640e71ddd_0062ef190840d69d26aa6ecec30a8cb25f8e1506cee20dac__vs__deff0e697a_00b5
defcad6e58038eac35472a2d48c89905068e5ece0cc3_redline_7d3cfc66f7_docxodus.docx — 
never reached in 3 batch pass(es)
2026-09-30 00:45:54.456 | ERROR    | __main__:_convert_batched:1730 -  FAIL: 
46f47ccfe2_46fc5c182dca5262909ec84931a23338aefc1f1032ee0de6__vs__3a4df93535_3e1b
81ef00b0a49ef402f6df4476f80e2b7028a1d287dfab_redline_a5c1f5bb71_docxodus.docx — 
never reached in 3 batch pass(es)
2026-09-30 00:45:54.459 | ERROR    | __main__:_convert_batched:1730 -  FAIL: 
476dd8129a_a73aaf75c471a01c06be8a6d359813363129ce98f8961862__vs__d5147a7eac_a4f0
c024045d58724784304ee89c0fe1e16361f322d279b2_redline_a1848c2b50_docxodus.docx — 
never reached in 3 batch pass(es)
2026-09-30 00:45:54.466 | ERROR    | __main__:_convert_batched:1730 -  FAIL: 
4868e18c2f_c4542a55b93e25d28e0dd2bcb4c344ea08a5296e16a3d8af__vs__dda66f2e20_13d1
1814aee9627b5817928625ff9990ebbcf1c7b664091f_redline_86652e3619_docxodus.docx — 
never reached in 3 batch pass(es)
2026-09-30 00:45:54.473 | ERROR    | __main__:_convert_batched:1730 -  FAIL: 
498e14e303_8aea36343507f94f9994f88eb8ec5304fe3d1bb44f06ad18__vs__d0526e27df_9545
34e6294cf67d9d64531e60871cdc380db5356d8d86ee_redline_b9355f7ec3_docxodus.docx — 
never reached in 3 batch pass(es)
2026-09-30 00:45:54.529 | ERROR    | __main__:_convert_batched:1730 -  FAIL: 
4db02133f5_0007ed60dbbc648e714534360ae72dd054c8322b82ac5609__vs__2773adf157_0004
c94ca2a8684d47449bb0e7abf87de1df71a7e6543252_redline_b21b9663f3_docxodus.docx — 
never reached in 3 batch pass(es)
2026-09-30 00:45:54.610 | ERROR    | __main__:_convert_batched:1730 -  FAIL: 
509174cb00_4dc2a0dc7286438f40da0bcc0be31afe83621d0fc6576159__vs__66b7b15a1a_59f8
c04d24a6261ab1c0180bb39999080b97ef992e658302_redline_15c82f6344_docxodus.docx — 
never reached in 3 batch pass(es)
2026-09-30 00:45:54.685 | ERROR    | __main__:_convert_batched:1730 -  FAIL: 
54c9eda9fb_a7110391f4478ade5aabf48bad05d250be49cb3e1f335eee__vs__dc9c5abc73_cac3
915a402fc43445f2a81133310d7f8174001a530c4f99_redline_5fb335d512_docxodus.docx — 
Microsoft Word got an error: AppleEvent timed out.
2026-09-30 00:45:54.842 | ERROR    | __main__:_convert_batched:1730 -  FAIL: 
5e91be0083_edaa63e59fb2eccfbbe0371a940417a1e9eab2096cf9694a__vs__5d4f20ab0c_e2f2
0e966e869cb70660df4aa57f109759e3809e2640530c_redline_6f0fc0f2e9_docxodus.docx — 
never reached in 3 batch pass(es)
2026-09-30 00:45:54.858 | ERROR    | __main__:_convert_batched:1730 -  FAIL: 
5fe95eef15_ef8fe9466d7bdfcbb305b135138e8fb395ceceb10148015b__vs__685c8e4972_c876
0b450ac4721d3acc8948a7755ac5d14f55d62483a8d9_redline_9494f2e92a_docxodus.docx — 
never reached in 3 batch pass(es)
2026-09-30 00:45:54.859 | ERROR    | __main__:_convert_batched:1730 -  FAIL: 
6055cab8ad_fc9e108f844e0aad9645a388d52ae72005e185775bbe2bfe__vs__dcd634cb30_e8cf
b5d26cc4afc3583c5d0fd1ef7af8c87ccbd1468d7c2f_redline_aa6deadf18_docxodus.docx — 
never reached in 3 batch pass(es)
2026-09-30 00:45:54.868 | ERROR    | __main__:_convert_batched:1730 -  FAIL: 
60697d46b7_strict01__vs__a04e2d2749_ooxml_style_link_redline_6b74ac1ae6_docxodus
.docx — never reached in 3 batch pass(es)
2026-09-30 00:45:54.873 | ERROR    | __main__:_convert_batched:1730 -  FAIL: 
60c3c050c6_c00fe1f6d7c5c568751881299d78a69acc28e9d91e359c17__vs__490dfc032d_9e81
389b5ea7f1dbcfe83f68047563fd81eac85189d4da0f_redline_3f482c4ea6_docxodus.docx — 
never reached in 3 batch pass(es)
2026-09-30 00:45:54.890 | ERROR    | __main__:_convert_batched:1730 -  FAIL: 
617c1284c9_00feb732c2ef2b643a132e4305e16833fd047b46ca44b65b__vs__1424386e9b_0174
47de83753a0e3b7afc659df038ef56972925336c6a5b_redline_6bc323aa0d_docxodus.docx — 
never reached in 3 batch pass(es)
2026-09-30 00:45:54.892 | ERROR    | __main__:_convert_batched:1730 -  FAIL: 
617c1284c9_00feb732c2ef2b643a132e4305e16833fd047b46ca44b65b__vs__2773adf157_0004
c94ca2a8684d47449bb0e7abf87de1df71a7e6543252_redline_2ef6ed00b9_docxodus.docx — 
never reached in 3 batch pass(es)
2026-09-30 00:45:54.897 | ERROR    | __main__:_convert_batched:1730 -  FAIL: 
617c1284c9_00feb732c2ef2b643a132e4305e16833fd047b46ca44b65b__vs__2e04202552_000e
3e7bd2d6215fc7b469cc3e296c1b2a510bc1abc7e0fd_redline_9812be01c0_docxodus.docx — 
never reached in 3 batch pass(es)
2026-09-30 00:45:54.901 | ERROR    | __main__:_convert_batched:1730 -  FAIL: 
617c1284c9_00feb732c2ef2b643a132e4305e16833fd047b46ca44b65b__vs__333bfe069a_0034
16d620331122b93b434dad901db5836f60d2cad4b533_redline_4cb34c212d_docxodus.docx — 
never reached in 3 batch pass(es)
2026-09-30 00:45:54.908 | ERROR    | __main__:_convert_batched:1730 -  FAIL: 
617c1284c9_00feb732c2ef2b643a132e4305e16833fd047b46ca44b65b__vs__342f364d46_0013
42333d45627868f4dc5282abbba4598a91b4a7584b08_redline_34e4211b58_docxodus.docx — 
never reached in 3 batch pass(es)
2026-09-30 00:45:54.913 | ERROR    | __main__:_convert_batched:1730 -  FAIL: 
617c1284c9_00feb732c2ef2b643a132e4305e16833fd047b46ca44b65b__vs__5203829c7a_001c
c92b88566d5f930fe57f25813c0bf52a7bdc72c217d0_redline_044ff3ce7e_docxodus.docx — 
never reached in 3 batch pass(es)
2026-09-30 00:45:54.919 | ERROR    | __main__:_convert_batched:1730 -  FAIL: 
617c1284c9_00feb732c2ef2b643a132e4305e16833fd047b46ca44b65b__vs__a5f2b9318d_002a
a60c2ae1187417b4b157c5ec6450324cc056ec551a12_redline_428fe8b1c0_docxodus.docx — 
never reached in 3 batch pass(es)
2026-09-30 00:45:54.924 | ERROR    | __main__:_convert_batched:1730 -  FAIL: 
617c1284c9_00feb732c2ef2b643a132e4305e16833fd047b46ca44b65b__vs__aa5340125d_00a4
b0b91e9b5b072dc3771391c2d608518690eccf44eae8_redline_4b0ea98e79_docxodus.docx — 
never reached in 3 batch pass(es)
2026-09-30 00:45:54.948 | ERROR    | __main__:_convert_batched:1730 -  FAIL: 
617c1284c9_00feb732c2ef2b643a132e4305e16833fd047b46ca44b65b__vs__bd3824dd1e_000e
e64ef7226d353297888f59a251e24ce5d776fea000fa_redline_c7d135bac5_docxodus.docx — 
never reached in 3 batch pass(es)
2026-09-30 00:45:54.963 | ERROR    | __main__:_convert_batched:1730 -  FAIL: 
617c1284c9_00feb732c2ef2b643a132e4305e16833fd047b46ca44b65b__vs__deff0e697a_00b5
defcad6e58038eac35472a2d48c89905068e5ece0cc3_redline_31b2203d8c_docxodus.docx — 
never reached in 3 batch pass(es)
2026-09-30 00:45:54.981 | ERROR    | __main__:_convert_batched:1730 -  FAIL: 
6224dfcb8b_2d7b815409b79ddc3ea9c52dc6aa856770ee6499e1110934__vs__2a79eebeca_ce58
48f5c0c3c529d63050f39d5186f8ea29859af3eb5d82_redline_4f54cef23c_docxodus.docx — 
Microsoft Word got an error: document 
"00837__6224dfcb8b_2d7b815409b79ddc3ea9c52dc6aa856770ee6499e1110934__vs__2a79eeb
eca_ce5848f5c0c3c529d63050f39d5186f8ea29859af3eb5d82_redline_4f54cef23c_docxodus
.d
2026-09-30 00:45:54.998 | ERROR    | __main__:_convert_batched:1730 -  FAIL: 
63114916a7_eb682f7a779a99b02ece6fae975de27ce6cd511531e1295d__vs__14882c6359_f29e
853d64aef3f69e88e2d31de7d38104611290896c26f7_redline_ef5c04859b_docxodus.docx — 
never reached in 3 batch pass(es)
2026-09-30 00:45:55.028 | ERROR    | __main__:_convert_batched:1730 -  FAIL: 
66cfa52b0c_fe09ce606b20a9bbd10d61a87218cb0a70e980d2bb3639e7__vs__c28aafcf60_4e3b
c5acd19c432f43ad0adb3fb56f5739bcbe6cd8e9bcb4_redline_ee3c219df7_docxodus.docx — 
never reached in 3 batch pass(es)
2026-09-30 00:45:55.029 | ERROR    | __main__:_convert_batched:1730 -  FAIL: 
66dcec3e49_file_175__vs__8f47b1dc90_file_176_redline_485599b4e9_docxodus.docx — 
never reached in 3 batch pass(es)
2026-09-30 00:45:55.034 | ERROR    | __main__:_convert_batched:1730 -  FAIL: 
6758689ba7_text_box__vs__9f27b9f0d4_text_highlight_demo_style_default_missing_re
dline_6615bbe1a9_docxodus.docx — never reached in 3 batch pass(es)
2026-09-30 00:45:55.036 | ERROR    | __main__:_convert_batched:1730 -  FAIL: 
6797b1450f_fce350bbf4f75c5cee5eaea4b202d624e159bd749e2bfab1__vs__8ae10bb4b2_f0fe
bfac48c369580c3eebb7c5dcec09b8f1c28ae489ce48_redline_00288995f0_docxodus.docx — 
never reached in 3 batch pass(es)
2026-09-30 00:45:55.055 | ERROR    | __main__:_convert_batched:1730 -  FAIL: 
689072d58f_590e77a9f5c0a2a019cfa2e1b21d0197fb139d0f9883f948__vs__b50d7a1bf1_af00
35cc41059d71015cf5d0c46a8883f32b1118fdc695f1_redline_c8250e8905_docxodus.docx — 
never reached in 3 batch pass(es)
2026-09-30 00:45:55.057 | ERROR    | __main__:_convert_batched:1730 -  FAIL: 
689a94ab75_1e931250b22dd86d72205c8a17e760be2df32181eb95631e__vs__652aef6635_a719
122080a418927a7056741f57b5e84ee1879adb4d9dda_redline_f90c5ec9b7_docxodus.docx — 
never reached in 3 batch pass(es)
2026-09-30 00:45:55.070 | ERROR    | __main__:_convert_batched:1730 -  FAIL: 
6c2c8f1b79_4746195c006945f534b2c9ac444f038d071c9f4009b49e4a__vs__9696c5a86b_849e
e788c6d02e66e3d5d037056f33907af76c092dbb5494_redline_acafcbe293_docxodus.docx — 
never reached in 3 batch pass(es)
2026-09-30 00:45:55.074 | ERROR    | __main__:_convert_batched:1730 -  FAIL: 
6c6d37a60e_713b96f7449018c37b77c60a972e1ce0771ee8001afee1c5__vs__396a7ea617_570a
ffbac9e332f4aa71a5f76d1e4cf740bc5b529193b9f8_redline_a07535b014_docxodus.docx — 
never reached in 3 batch pass(es)
2026-09-30 00:45:55.188 | ERROR    | __main__:_convert_batched:1730 -  FAIL: 
70e0b71385_verdana_italic_centered_demo_id_paraid_overflow__vs__1e0254763b_stric
t01_redline_f532c5754a_docxodus.docx — never reached in 3 batch pass(es)
2026-09-30 00:45:55.256 | ERROR    | __main__:_convert_batched:1730 -  FAIL: 
75b13139d1_01424129e67ac16566c504bbb091d985cb6316a08abf5730__vs__aa5340125d_00a4
b0b91e9b5b072dc3771391c2d608518690eccf44eae8_redline_292dea4ba5_docxodus.docx — 
never reached in 3 batch pass(es)
2026-09-30 00:45:55.325 | ERROR    | __main__:_convert_batched:1730 -  FAIL: 
77dcdfd6dc_20c18b4b5db86ef701aef966f4d5a28da7dd6acd0d3add9c__vs__1d6aaded23_9681
7b4d3631f78007ec8404ade5ef288b61af0d66770002_redline_fc14feb77d_docxodus.docx — 
never reached in 3 batch pass(es)
2026-09-30 00:45:55.357 | ERROR    | __main__:_convert_batched:1730 -  FAIL: 
7a48682ea5_super_editor__superdoc_hyperlink_cases_1dde9cd3__vs__7098537b0d_super
_editor__base_custom_544164f9_redline_686a6405b2_docxodus.docx — never reached 
in 3 batch pass(es)
2026-09-30 00:45:55.409 | ERROR    | __main__:_convert_batched:1730 -  FAIL: 
7e1d0dc896_db433183ef464aaaa01d37307a1b7476eb855adb2ab2e09c__vs__26eb0ecec7_9377
099d26f30a542b1c1db6c87e2a15ce0c0e3fd1e8dc01_redline_0bc720e5fa_docxodus.docx — 
never reached in 3 batch pass(es)
2026-09-30 00:45:55.470 | ERROR    | __main__:_convert_batched:1730 -  FAIL: 
7f93204c6c_57c181dae3117b73355f3838635376a547f0b3bf8f865cdd__vs__cfc9a10332_2f8b
89ca507b8d91b7124338900088b00fb1faa6bd8b32f7_redline_9592aa7edd_docxodus.docx — 
never reached in 3 batch pass(es)
2026-09-30 00:45:55.473 | ERROR    | __main__:_convert_batched:1730 -  FAIL: 
7fda30a6f2_9cb6df893fcd1a1597981f9b2f2919474ca3125776ed96f8__vs__854e54d0d4_b5a1
4ebdbbd67607b97eb464dd41ab98caafcc07fbf9b705_redline_9dfd9790c9_docxodus.docx — 
never reached in 3 batch pass(es)
2026-09-30 00:45:55.480 | ERROR    | __main__:_convert_batched:1730 -  FAIL: 
80aa142151_file_8__vs__7a0bdaf60f_file_9_redline_4618d6926f_docxodus.docx — 
never reached in 3 batch pass(es)
2026-09-30 00:45:55.494 | ERROR    | __main__:_convert_batched:1730 -  FAIL: 
80efad84d3_3691648ca828914f876d636bc9681b6ec9447969ab5ca800__vs__74376f2ca4_39e1
a78b406c0f1a22b6a4f2dedd3ee8843fd5d5811dac5e_redline_b0c8fcde0b_docxodus.docx — 
never reached in 3 batch pass(es)
2026-09-30 00:45:55.565 | ERROR    | __main__:_convert_batched:1730 -  FAIL: 
83a0cec5ca_cc594ee0903acbfa9207a40e3f40a94e75a31b6cdedde4a2__vs__e3d87c5d40_57d3
e8f2af09e8376ceb1fb6068ba542964c0cdc936c7995_redline_15a27d9c50_docxodus.docx — 
never reached in 3 batch pass(es)
2026-09-30 00:45:55.601 | ERROR    | __main__:_convert_batched:1730 -  FAIL: 
87dc2ebfec_00ee07057c69b24e2be4bf1a2684792bf6141fdccc35d075__vs__1424386e9b_0174
47de83753a0e3b7afc659df038ef56972925336c6a5b_redline_fa616b4b60_docxodus.docx — 
never reached in 3 batch pass(es)
2026-09-30 00:45:55.602 | ERROR    | __main__:_convert_batched:1730 -  FAIL: 
87dc2ebfec_00ee07057c69b24e2be4bf1a2684792bf6141fdccc35d075__vs__2773adf157_0004
c94ca2a8684d47449bb0e7abf87de1df71a7e6543252_redline_9e8fdebfa2_docxodus.docx — 
never reached in 3 batch pass(es)
2026-09-30 00:45:55.604 | ERROR    | __main__:_convert_batched:1730 -  FAIL: 
87dc2ebfec_00ee07057c69b24e2be4bf1a2684792bf6141fdccc35d075__vs__2e04202552_000e
3e7bd2d6215fc7b469cc3e296c1b2a510bc1abc7e0fd_redline_08050ab981_docxodus.docx — 
never reached in 3 batch pass(es)
2026-09-30 00:45:55.605 | ERROR    | __main__:_convert_batched:1730 -  FAIL: 
87dc2ebfec_00ee07057c69b24e2be4bf1a2684792bf6141fdccc35d075__vs__333bfe069a_0034
16d620331122b93b434dad901db5836f60d2cad4b533_redline_7252aa05ca_docxodus.docx — 
never reached in 3 batch pass(es)
2026-09-30 00:45:55.605 | ERROR    | __main__:_convert_batched:1730 -  FAIL: 
87dc2ebfec_00ee07057c69b24e2be4bf1a2684792bf6141fdccc35d075__vs__342f364d46_0013
42333d45627868f4dc5282abbba4598a91b4a7584b08_redline_12e5c4b16d_docxodus.docx — 
never reached in 3 batch pass(es)
2026-09-30 00:45:55.607 | ERROR    | __main__:_convert_batched:1730 -  FAIL: 
87dc2ebfec_00ee07057c69b24e2be4bf1a2684792bf6141fdccc35d075__vs__5203829c7a_001c
c92b88566d5f930fe57f25813c0bf52a7bdc72c217d0_redline_143e7a6dc4_docxodus.docx — 
never reached in 3 batch pass(es)
2026-09-30 00:45:55.608 | ERROR    | __main__:_convert_batched:1730 -  FAIL: 
87dc2ebfec_00ee07057c69b24e2be4bf1a2684792bf6141fdccc35d075__vs__a5f2b9318d_002a
a60c2ae1187417b4b157c5ec6450324cc056ec551a12_redline_61283a9049_docxodus.docx — 
never reached in 3 batch pass(es)
2026-09-30 00:45:55.610 | ERROR    | __main__:_convert_batched:1730 -  FAIL: 
87dc2ebfec_00ee07057c69b24e2be4bf1a2684792bf6141fdccc35d075__vs__aa5340125d_00a4
b0b91e9b5b072dc3771391c2d608518690eccf44eae8_redline_f5d550349e_docxodus.docx — 
never reached in 3 batch pass(es)
2026-09-30 00:45:55.611 | ERROR    | __main__:_convert_batched:1730 -  FAIL: 
87dc2ebfec_00ee07057c69b24e2be4bf1a2684792bf6141fdccc35d075__vs__bd3824dd1e_000e
e64ef7226d353297888f59a251e24ce5d776fea000fa_redline_1abb37f12a_docxodus.docx — 
never reached in 3 batch pass(es)
2026-09-30 00:45:55.613 | ERROR    | __main__:_convert_batched:1730 -  FAIL: 
87dc2ebfec_00ee07057c69b24e2be4bf1a2684792bf6141fdccc35d075__vs__deff0e697a_00b5
defcad6e58038eac35472a2d48c89905068e5ece0cc3_redline_37f5506f86_docxodus.docx — 
never reached in 3 batch pass(es)
2026-09-30 00:45:55.664 | ERROR    | __main__:_convert_batched:1730 -  FAIL: 
8b45820aa8_file_100__vs__0d6cc8a99c_file_101_redline_f953aac51a_docxodus.docx — 
never reached in 3 batch pass(es)
2026-09-30 00:45:55.696 | ERROR    | __main__:_convert_batched:1730 -  FAIL: 
8dcd453923_numwords_fldsimple__vs__1e0254763b_strict01_redline_9ec1e7ed5d_docxod
us.docx — never reached in 3 batch pass(es)
2026-09-30 00:45:55.728 | ERROR    | __main__:_convert_batched:1730 -  FAIL: 
8e534b49f0_00a9b37342f07e6b9bd5b8fffbe4dd777d31053171e69da2__vs__1424386e9b_0174
47de83753a0e3b7afc659df038ef56972925336c6a5b_redline_4e3d14b3d3_docxodus.docx — 
never reached in 3 batch pass(es)
2026-09-30 00:45:55.737 | ERROR    | __main__:_convert_batched:1730 -  FAIL: 
8e534b49f0_00a9b37342f07e6b9bd5b8fffbe4dd777d31053171e69da2__vs__2773adf157_0004
c94ca2a8684d47449bb0e7abf87de1df71a7e6543252_redline_83de2974df_docxodus.docx — 
never reached in 3 batch pass(es)
2026-09-30 00:45:55.743 | ERROR    | __main__:_convert_batched:1730 -  FAIL: 
8e534b49f0_00a9b37342f07e6b9bd5b8fffbe4dd777d31053171e69da2__vs__2e04202552_000e
3e7bd2d6215fc7b469cc3e296c1b2a510bc1abc7e0fd_redline_aeff6a9631_docxodus.docx — 
never reached in 3 batch pass(es)
2026-09-30 00:45:55.745 | ERROR    | __main__:_convert_batched:1730 -  FAIL: 
8e534b49f0_00a9b37342f07e6b9bd5b8fffbe4dd777d31053171e69da2__vs__333bfe069a_0034
16d620331122b93b434dad901db5836f60d2cad4b533_redline_2b0b9989fe_docxodus.docx — 
never reached in 3 batch pass(es)
2026-09-30 00:45:55.747 | ERROR    | __main__:_convert_batched:1730 -  FAIL: 
8e534b49f0_00a9b37342f07e6b9bd5b8fffbe4dd777d31053171e69da2__vs__342f364d46_0013
42333d45627868f4dc5282abbba4598a91b4a7584b08_redline_510bcf9432_docxodus.docx — 
never reached in 3 batch pass(es)
2026-09-30 00:45:55.749 | ERROR    | __main__:_convert_batched:1730 -  FAIL: 
8e534b49f0_00a9b37342f07e6b9bd5b8fffbe4dd777d31053171e69da2__vs__5203829c7a_001c
c92b88566d5f930fe57f25813c0bf52a7bdc72c217d0_redline_99aed3b8e2_docxodus.docx — 
never reached in 3 batch pass(es)
2026-09-30 00:45:55.750 | ERROR    | __main__:_convert_batched:1730 -  FAIL: 
8e534b49f0_00a9b37342f07e6b9bd5b8fffbe4dd777d31053171e69da2__vs__a5f2b9318d_002a
a60c2ae1187417b4b157c5ec6450324cc056ec551a12_redline_2e5338a837_docxodus.docx — 
never reached in 3 batch pass(es)
2026-09-30 00:45:55.753 | ERROR    | __main__:_convert_batched:1730 -  FAIL: 
8e534b49f0_00a9b37342f07e6b9bd5b8fffbe4dd777d31053171e69da2__vs__aa5340125d_00a4
b0b91e9b5b072dc3771391c2d608518690eccf44eae8_redline_d48277585f_docxodus.docx — 
never reached in 3 batch pass(es)
2026-09-30 00:45:55.754 | ERROR    | __main__:_convert_batched:1730 -  FAIL: 
8e534b49f0_00a9b37342f07e6b9bd5b8fffbe4dd777d31053171e69da2__vs__bd3824dd1e_000e
e64ef7226d353297888f59a251e24ce5d776fea000fa_redline_ea09a6505d_docxodus.docx — 
never reached in 3 batch pass(es)
2026-09-30 00:45:55.756 | ERROR    | __main__:_convert_batched:1730 -  FAIL: 
8e534b49f0_00a9b37342f07e6b9bd5b8fffbe4dd777d31053171e69da2__vs__deff0e697a_00b5
defcad6e58038eac35472a2d48c89905068e5ece0cc3_redline_0c27542f55_docxodus.docx — 
never reached in 3 batch pass(es)
2026-09-30 00:45:55.760 | ERROR    | __main__:_convert_batched:1730 -  FAIL: 
8e694101b9_469e571050275b57ed1836b4cc17f4d29e43eec925bdfad9__vs__37c6c62345_3f29
6ffac9c17a92962156ff41f2b079eb687cd440513fe3_redline_9a2af58d99_docxodus.docx — 
never reached in 3 batch pass(es)
2026-09-30 00:45:55.780 | ERROR    | __main__:_convert_batched:1730 -  FAIL: 
91440900a0_00189e19139f6e3031303e4152566a7bc08fab71a5c95895__vs__2773adf157_0004
c94ca2a8684d47449bb0e7abf87de1df71a7e6543252_redline_544952d399_docxodus.docx — 
never reached in 3 batch pass(es)
2026-09-30 00:45:55.794 | ERROR    | __main__:_convert_batched:1730 -  FAIL: 
9157a277e6_b2f18058eb208aedb4ae71061c4b8fee327620e1a9391735__vs__e0086a5a74_9b7d
937ec2a6b1fdaa04bdd3be51d145d35245d86b074053_redline_600b6a365e_docxodus.docx — 
never reached in 3 batch pass(es)
2026-09-30 00:45:55.804 | ERROR    | __main__:_convert_batched:1730 -  FAIL: 
927ac9aa34_08c4a91af911ba28211b34993f02e105aa8e3bcca2f14a62__vs__510fc04622_2e1b
3238f72dd915c2fe92d6a01c213169f0992205e89bef_redline_4f6ee65d41_docxodus.docx — 
never reached in 3 batch pass(es)
2026-09-30 00:45:55.815 | ERROR    | __main__:_convert_batched:1730 -  FAIL: 
937c2d593d_70bf1fc955d47b9c53240cfb85bb6783a5809a7dfbb31928__vs__950d333339_6a0d
50215e5c7f9eb3a50dac6315d8cbb6873aea3d8aa1e4_redline_77800d60fe_docxodus.docx — 
never reached in 3 batch pass(es)
2026-09-30 00:45:55.843 | ERROR    | __main__:_convert_batched:1730 -  FAIL: 
95e967cf7b_4a45c8279800a59fdb128a3e00cc935fe8475769102fcc42__vs__671b3660c2_3f67
1017f7272d30d5560706ed497e9fb0324587007c9d2f_redline_e8aedc3a02_docxodus.docx — 
never reached in 3 batch pass(es)
2026-09-30 00:45:55.871 | ERROR    | __main__:_convert_batched:1730 -  FAIL: 
970fd9303f_sample_document_word_repair_of_our_output_word_r__vs__8441c4ae21_sd_2
517_localized_heading_styles_redline_9c71031b8a_docxodus.docx — never reached in
3 batch pass(es)
2026-09-30 00:45:55.896 | ERROR    | __main__:_convert_batched:1730 -  FAIL: 
98c8b73841_0041d3944715c2fffc5929695f968e5f399e85b139fba063__vs__1424386e9b_0174
47de83753a0e3b7afc659df038ef56972925336c6a5b_redline_c83c7e02ae_docxodus.docx — 
never reached in 3 batch pass(es)
2026-09-30 00:45:55.898 | ERROR    | __main__:_convert_batched:1730 -  FAIL: 
98c8b73841_0041d3944715c2fffc5929695f968e5f399e85b139fba063__vs__2773adf157_0004
c94ca2a8684d47449bb0e7abf87de1df71a7e6543252_redline_8194fae646_docxodus.docx — 
never reached in 3 batch pass(es)
2026-09-30 00:45:55.911 | ERROR    | __main__:_convert_batched:1730 -  FAIL: 
98c8b73841_0041d3944715c2fffc5929695f968e5f399e85b139fba063__vs__2e04202552_000e
3e7bd2d6215fc7b469cc3e296c1b2a510bc1abc7e0fd_redline_3b09d6afde_docxodus.docx — 
never reached in 3 batch pass(es)
2026-09-30 00:45:55.918 | ERROR    | __main__:_convert_batched:1730 -  FAIL: 
98c8b73841_0041d3944715c2fffc5929695f968e5f399e85b139fba063__vs__333bfe069a_0034
16d620331122b93b434dad901db5836f60d2cad4b533_redline_617e392832_docxodus.docx — 
never reached in 3 batch pass(es)
2026-09-30 00:45:55.921 | ERROR    | __main__:_convert_batched:1730 -  FAIL: 
98c8b73841_0041d3944715c2fffc5929695f968e5f399e85b139fba063__vs__342f364d46_0013
42333d45627868f4dc5282abbba4598a91b4a7584b08_redline_dd200b33ce_docxodus.docx — 
never reached in 3 batch pass(es)
2026-09-30 00:45:55.923 | ERROR    | __main__:_convert_batched:1730 -  FAIL: 
98c8b73841_0041d3944715c2fffc5929695f968e5f399e85b139fba063__vs__5203829c7a_001c
c92b88566d5f930fe57f25813c0bf52a7bdc72c217d0_redline_50e71f1eff_docxodus.docx — 
never reached in 3 batch pass(es)
2026-09-30 00:45:55.924 | ERROR    | __main__:_convert_batched:1730 -  FAIL: 
98c8b73841_0041d3944715c2fffc5929695f968e5f399e85b139fba063__vs__a5f2b9318d_002a
a60c2ae1187417b4b157c5ec6450324cc056ec551a12_redline_2e391c5378_docxodus.docx — 
never reached in 3 batch pass(es)
2026-09-30 00:45:55.927 | ERROR    | __main__:_convert_batched:1730 -  FAIL: 
98c8b73841_0041d3944715c2fffc5929695f968e5f399e85b139fba063__vs__aa5340125d_00a4
b0b91e9b5b072dc3771391c2d608518690eccf44eae8_redline_53b52b7b2d_docxodus.docx — 
never reached in 3 batch pass(es)
2026-09-30 00:45:55.929 | ERROR    | __main__:_convert_batched:1730 -  FAIL: 
98c8b73841_0041d3944715c2fffc5929695f968e5f399e85b139fba063__vs__bd3824dd1e_000e
e64ef7226d353297888f59a251e24ce5d776fea000fa_redline_d1596a1bb2_docxodus.docx — 
never reached in 3 batch pass(es)
2026-09-30 00:45:55.930 | ERROR    | __main__:_convert_batched:1730 -  FAIL: 
98c8b73841_0041d3944715c2fffc5929695f968e5f399e85b139fba063__vs__deff0e697a_00b5
defcad6e58038eac35472a2d48c89905068e5ece0cc3_redline_3f2003bc3e_docxodus.docx — 
never reached in 3 batch pass(es)
2026-09-30 00:45:55.934 | ERROR    | __main__:_convert_batched:1730 -  FAIL: 
98f10d216a_78fb2518812ee75abb3e28605e76a2adcbab31e836b82136__vs__5d8d46dc14_7737
69cc16a6284c23b8eca4576bc7899f75ff2f874181fb_redline_76b9eb4925_docxodus.docx — 
never reached in 3 batch pass(es)
2026-09-30 00:45:55.943 | ERROR    | __main__:_convert_batched:1730 -  FAIL: 
99a9687bfa_0d7e2285e49a85261daba0c8e2c0ad90b673b2e22cc612ca__vs__0e847e911d_05fd
9d10497dff54ee9d8b126cb1ca49718369f80c5226c2_redline_8c0d466e54_docxodus.docx — 
Microsoft Word got an error: document 
"01307__99a9687bfa_0d7e2285e49a85261daba0c8e2c0ad90b673b2e22cc612ca__vs__0e847e9
11d_05fd9d10497dff54ee9d8b126cb1ca49718369f80c5226c2_redline_8c0d466e54_docxodus
.d
2026-09-30 00:45:55.967 | ERROR    | __main__:_convert_batched:1730 -  FAIL: 
9be7e36de4_00c3fd2d23e8acf016f9b2fb44f4ee84789abc39c820e7ab__vs__aa5340125d_00a4
b0b91e9b5b072dc3771391c2d608518690eccf44eae8_redline_920c7cd1d1_docxodus.docx — 
never reached in 3 batch pass(es)
2026-09-30 00:45:55.970 | ERROR    | __main__:_convert_batched:1730 -  FAIL: 
9c058c0cbb_54da77dde64cea3aaa809634168cb71ef0fbf2e5b01cb79e__vs__2949680ea3_770a
85cfccbb920c7af4040d9129aeda91b5b6cfe9eddeef_redline_db84b38989_docxodus.docx — 
never reached in 3 batch pass(es)
2026-09-30 00:45:55.977 | ERROR    | __main__:_convert_batched:1730 -  FAIL: 
9c6ebd430d_file_185__vs__154fce3ec8_file_186_redline_4d40d1f136_docxodus.docx — 
never reached in 3 batch pass(es)
2026-09-30 00:45:55.989 | ERROR    | __main__:_convert_batched:1730 -  FAIL: 
9cef43609a_table_vmerge_colspan__vs__6758689ba7_text_box_redline_42d1acd8a6_docx
odus.docx — never reached in 3 batch pass(es)
2026-09-30 00:45:56.010 | ERROR    | __main__:_convert_batched:1730 -  FAIL: 
9f2c60b301_d20125ec6aa52579b2e53d11212ae5e77501983055c37aca__vs__dafbdc6056_b2d5
d9dbc708f2ae5f88e8524899cbbc8aad48d1775fd695_redline_d2327e0daf_docxodus.docx — 
never reached in 3 batch pass(es)
2026-09-30 00:45:56.037 | ERROR    | __main__:_convert_batched:1730 -  FAIL: 
a0f5f78de9_a22b2e62cb7a2ff65e40ac609f4093ae950cb6e346e82f45__vs__082d9aa8f2_78a0
884f59673c9880c3e5e1b556be7401a73e25b0af4358_redline_834a4b8d15_docxodus.docx — 
never reached in 3 batch pass(es)
2026-09-30 00:45:56.059 | ERROR    | __main__:_convert_batched:1730 -  FAIL: 
a3df367231_001a6655d72fbecf6a1d10e479eee052a779d6ba1d0848d7__vs__2773adf157_0004
c94ca2a8684d47449bb0e7abf87de1df71a7e6543252_redline_fb97e850ce_docxodus.docx — 
never reached in 3 batch pass(es)
2026-09-30 00:45:56.069 | ERROR    | __main__:_convert_batched:1730 -  FAIL: 
a4642f7f90_mcdoc__vs__90e2c33814_meeting_agenda_table_2_redline_26c3aa16a6_docxo
dus.docx — never reached in 3 batch pass(es)
2026-09-30 00:45:56.074 | ERROR    | __main__:_convert_batched:1730 -  FAIL: 
a4c38b1bf5_4c17189eb7a543ae96f42443a9f4001a3be8fec6e47f7481__vs__cd63d2dccf_3f27
52287dacf8e3e52d649dc467cbab2214df665039ab15_redline_e9ef73a8e4_docxodus.docx — 
never reached in 3 batch pass(es)
2026-09-30 00:45:56.095 | ERROR    | __main__:_convert_batched:1730 -  FAIL: 
a5c5107d45_0f7fe6d73dc418024d632068da59a4370f871a3adb0fba52__vs__05159a58e9_06de
a9396d4be7cf0c8f8aec224f7e0ad1db2f48bebd167b_redline_dad4367d08_docxodus.docx — 
never reached in 3 batch pass(es)
2026-09-30 00:45:56.163 | ERROR    | __main__:_convert_batched:1730 -  FAIL: 
a83d3922a8_file_104__vs__36223881e1_file_105_redline_3a4b48cd02_docxodus.docx — 
Microsoft Word got an error: AppleEvent timed out.
2026-09-30 00:45:56.167 | ERROR    | __main__:_convert_batched:1730 -  FAIL: 
a88f2ae357_0095a6095a0f74201c196f4944b3d93f4cf5cc20e4982903__vs__1424386e9b_0174
47de83753a0e3b7afc659df038ef56972925336c6a5b_redline_c0af64b076_docxodus.docx — 
Microsoft Word got an error: AppleEvent timed out.
2026-09-30 00:45:56.168 | ERROR    | __main__:_convert_batched:1730 -  FAIL: 
a88f2ae357_0095a6095a0f74201c196f4944b3d93f4cf5cc20e4982903__vs__2773adf157_0004
c94ca2a8684d47449bb0e7abf87de1df71a7e6543252_redline_b8435bf39c_docxodus.docx — 
Microsoft Word got an error: AppleEvent timed out.
2026-09-30 00:45:56.170 | ERROR    | __main__:_convert_batched:1730 -  FAIL: 
a88f2ae357_0095a6095a0f74201c196f4944b3d93f4cf5cc20e4982903__vs__2e04202552_000e
3e7bd2d6215fc7b469cc3e296c1b2a510bc1abc7e0fd_redline_2e0922f49a_docxodus.docx — 
never reached in 3 batch pass(es)
2026-09-30 00:45:56.172 | ERROR    | __main__:_convert_batched:1730 -  FAIL: 
a88f2ae357_0095a6095a0f74201c196f4944b3d93f4cf5cc20e4982903__vs__333bfe069a_0034
16d620331122b93b434dad901db5836f60d2cad4b533_redline_a97bb9b57f_docxodus.docx — 
never reached in 3 batch pass(es)
2026-09-30 00:45:56.172 | WARNING  | __main__:_loop_word:540 -  Word dialog 
dismissed via 'Cancel'
2026-09-30 00:45:56.173 | ERROR    | __main__:_convert_batched:1730 -  FAIL: 
a88f2ae357_0095a6095a0f74201c196f4944b3d93f4cf5cc20e4982903__vs__342f364d46_0013
42333d45627868f4dc5282abbba4598a91b4a7584b08_redline_4bf88ed826_docxodus.docx — 
never reached in 3 batch pass(es)
2026-09-30 00:45:56.175 | ERROR    | __main__:_convert_batched:1730 -  FAIL: 
a88f2ae357_0095a6095a0f74201c196f4944b3d93f4cf5cc20e4982903__vs__5203829c7a_001c
c92b88566d5f930fe57f25813c0bf52a7bdc72c217d0_redline_885c507f6f_docxodus.docx — 
never reached in 3 batch pass(es)
2026-09-30 00:45:56.176 | ERROR    | __main__:_convert_batched:1730 -  FAIL: 
a88f2ae357_0095a6095a0f74201c196f4944b3d93f4cf5cc20e4982903__vs__a5f2b9318d_002a
a60c2ae1187417b4b157c5ec6450324cc056ec551a12_redline_7a60ec99bd_docxodus.docx — 
never reached in 3 batch pass(es)
2026-09-30 00:45:56.178 | ERROR    | __main__:_convert_batched:1730 -  FAIL: 
a88f2ae357_0095a6095a0f74201c196f4944b3d93f4cf5cc20e4982903__vs__aa5340125d_00a4
b0b91e9b5b072dc3771391c2d608518690eccf44eae8_redline_4702d4eae0_docxodus.docx — 
never reached in 3 batch pass(es)
2026-09-30 00:45:56.180 | ERROR    | __main__:_convert_batched:1730 -  FAIL: 
a88f2ae357_0095a6095a0f74201c196f4944b3d93f4cf5cc20e4982903__vs__bd3824dd1e_000e
e64ef7226d353297888f59a251e24ce5d776fea000fa_redline_cab517375d_docxodus.docx — 
never reached in 3 batch pass(es)
2026-09-30 00:45:56.181 | ERROR    | __main__:_convert_batched:1730 -  FAIL: 
a88f2ae357_0095a6095a0f74201c196f4944b3d93f4cf5cc20e4982903__vs__deff0e697a_00b5
defcad6e58038eac35472a2d48c89905068e5ece0cc3_redline_29290a6120_docxodus.docx — 
never reached in 3 batch pass(es)
2026-09-30 00:45:56.184 | ERROR    | __main__:_convert_batched:1730 -  FAIL: 
a94f4c516b_text_box__vs__356b7a3629_text_highlight_demo_style_default_missing_re
dline_4300f2f735_docxodus.docx — never reached in 3 batch pass(es)
2026-09-30 00:45:56.203 | ERROR    | __main__:_convert_batched:1730 -  FAIL: 
ab064d6482_super_editor__table_width_issue_20b01504__vs__01d1b3da75_table_bookma
rk_end_redline_9fff1c473d_docxodus.docx — never reached in 3 batch pass(es)
2026-09-30 00:45:56.204 | ERROR    | __main__:_convert_batched:1730 -  FAIL: 
ab064d6482_super_editor__table_width_issue_20b01504__vs__837d45926d_super_editor
__header_alternating_odd_even_11e019_redline_85686e0233_docxodus.docx — never 
reached in 3 batch pass(es)
2026-09-30 00:45:56.205 | ERROR    | __main__:_convert_batched:1730 -  FAIL: 
ab064d6482_super_editor__table_width_issue_20b01504__vs__8df6dfa8d7_alternate_co
ntent_redline_5b1a8f121b_docxodus.docx — never reached in 3 batch pass(es)
2026-09-30 00:45:56.214 | ERROR    | __main__:_convert_batched:1730 -  FAIL: 
ab85c77154_file_115__vs__b7219494de_file_116_redline_61959b1953_docxodus.docx — 
never reached in 3 batch pass(es)
2026-09-30 00:45:56.219 | ERROR    | __main__:_convert_batched:1730 -  FAIL: 
ac81950147_bb113e88ad442f882e5eb440be343edc2ff5de8f5ba82e34__vs__9102bf04f3_69e0
f6fdf91c459a3adea3632a16004f55531c96d41de980_redline_8033c36d44_docxodus.docx — 
never reached in 3 batch pass(es)
2026-09-30 00:45:56.288 | ERROR    | __main__:_convert_batched:1730 -  FAIL: 
af2bb3fa96_file_70__vs__91b2b8bb84_file_71_redline_97d8ded8dc_docxodus.docx — 
never reached in 3 batch pass(es)
2026-09-30 00:45:56.352 | ERROR    | __main__:_convert_batched:1730 -  FAIL: 
b18190e946_c15f734eca26465e173c2c9f36ee1113e525ab3dfafb4064__vs__ba2cfffd73_f1c3
6266d446e07c029f99f20ac9319675eea5d1dfd33823_redline_0bdee164e5_docxodus.docx — 
never reached in 3 batch pass(es)
2026-09-30 00:45:56.395 | ERROR    | __main__:_convert_batched:1730 -  FAIL: 
b452365d7d_09d6d9401599e97360d8a7f9d3b53fbcc6851cc45bd170b8__vs__341e739fd0_02de
94126cbea4972c87b92b52d718e5fd87a6aa82ede5b2_redline_3d9ced3a86_docxodus.docx — 
never reached in 3 batch pass(es)
2026-09-30 00:45:56.453 | ERROR    | __main__:_convert_batched:1730 -  FAIL: 
b8115d0dab_file_100__vs__c500e0081f_file_101_redline_ff24600d87_docxodus.docx — 
never reached in 3 batch pass(es)
2026-09-30 00:45:56.456 | ERROR    | __main__:_convert_batched:1730 -  FAIL: 
b8ba7fb082_file_115__vs__02d3862b8b_file_116_redline_579738cc2d_docxodus.docx — 
never reached in 3 batch pass(es)
2026-09-30 00:45:56.469 | ERROR    | __main__:_convert_batched:1730 -  FAIL: 
ba34cb6c16_eda376478bd22b6efe271689611062b00729223acd19eefe__vs__3ad98f3623_1b59
1486e98a3d44a0de0cc7a2a8120323c0333a80bf940f_redline_a78bc32904_docxodus.docx — 
never reached in 3 batch pass(es)
2026-09-30 00:45:56.471 | ERROR    | __main__:_convert_batched:1730 -  FAIL: 
ba54aaab82_super_editor__ooxml_italic_rstyle_combos_demo_90__vs__8ab3f01cdd_supe
r_editor__paragraph_indent_normal_styles_85f_redline_85b79dc2e9_docxodus.docx — 
never reached in 3 batch pass(es)
2026-09-30 00:45:56.475 | ERROR    | __main__:_convert_batched:1730 -  FAIL: 
badc3ff7cc_file_196__vs__0464553734_file_197_redline_1987911502_docxodus.docx — 
never reached in 3 batch pass(es)
2026-09-30 00:45:56.480 | ERROR    | __main__:_convert_batched:1730 -  FAIL: 
baf3657261_85df42a54afc9c20d3aff53d0e41164f2e0fdd5854667471__vs__8e835e4a58_fe18
26d38f794c954d601ed7dcb202a347ae8ceb560fdf2e_redline_f787d881e3_docxodus.docx — 
never reached in 3 batch pass(es)
2026-09-30 00:45:56.535 | ERROR    | __main__:_convert_batched:1730 -  FAIL: 
bd7b6b2bd0_super_editor__pagination_with_hard_break_8ce8c15__vs__8ab3f01cdd_supe
r_editor__paragraph_indent_normal_styles_85f_redline_064fdf1a12_docxodus.docx — 
never reached in 3 batch pass(es)
2026-09-30 00:45:56.539 | ERROR    | __main__:_convert_batched:1730 -  FAIL: 
be1fd554f4_cef36bfa8d96fd42e3b1998a97c4241b48fca0e1d79d5a63__vs__259b1954c6_d404
5798fefe7423d90a38ff9c33486bd497811d41480016_redline_3248620bac_docxodus.docx — 
never reached in 3 batch pass(es)
2026-09-30 00:45:56.541 | ERROR    | __main__:_convert_batched:1730 -  FAIL: 
be269c4536_030a008838bfcb43faba99301aaa87db68098b4774c54d2b__vs__4b03fba2ed_3ebc
9f1f058f2c2a4df5058921d3eb9b0ecfa59a5ea55cb2_redline_7ab61e8c4f_docxodus.docx — 
never reached in 3 batch pass(es)
2026-09-30 00:45:56.545 | ERROR    | __main__:_convert_batched:1730 -  FAIL: 
bee1069c5b_c83bfb0cff93a289a1f0e3ff8b3067d09c01245ad3559c41__vs__01dfe66768_1bad
e0e39666c3752f1c11379135dafe4307510fe1d29de8_redline_ecea12416c_docxodus.docx — 
never reached in 3 batch pass(es)
2026-09-30 00:45:56.563 | ERROR    | __main__:_convert_batched:1730 -  FAIL: 
c0723c2916_file_99__vs__8b45820aa8_file_100_redline_65c3d7a7a9_docxodus.docx — 
never reached in 3 batch pass(es)
2026-09-30 00:45:56.563 | ERROR    | __main__:_convert_batched:1730 -  FAIL: 
c090b9f082_file_8__vs__3f91c8f0cd_file_9_redline_bc6f8076f9_docxodus.docx — 
never reached in 3 batch pass(es)
2026-09-30 00:45:56.564 | ERROR    | __main__:_convert_batched:1730 -  FAIL: 
c09b14fcd7_file_196__vs__4e6a261969_file_197_redline_cfb0498eef_docxodus.docx — 
never reached in 3 batch pass(es)
2026-09-30 00:45:56.576 | ERROR    | __main__:_convert_batched:1730 -  FAIL: 
c280ce0f40_019d92d986c5ba33a57df54db0056f3731e3254fcbe8ac65__vs__1424386e9b_0174
47de83753a0e3b7afc659df038ef56972925336c6a5b_redline_ef77d2a7c6_docxodus.docx — 
Microsoft Word got an error: AppleEvent timed out.
2026-09-30 00:45:56.578 | ERROR    | __main__:_convert_batched:1730 -  FAIL: 
c280ce0f40_019d92d986c5ba33a57df54db0056f3731e3254fcbe8ac65__vs__2773adf157_0004
c94ca2a8684d47449bb0e7abf87de1df71a7e6543252_redline_8d7a2c620c_docxodus.docx — 
never reached in 3 batch pass(es)
2026-09-30 00:45:56.579 | ERROR    | __main__:_convert_batched:1730 -  FAIL: 
c280ce0f40_019d92d986c5ba33a57df54db0056f3731e3254fcbe8ac65__vs__2e04202552_000e
3e7bd2d6215fc7b469cc3e296c1b2a510bc1abc7e0fd_redline_c1ee3ae6c5_docxodus.docx — 
never reached in 3 batch pass(es)
2026-09-30 00:45:56.581 | ERROR    | __main__:_convert_batched:1730 -  FAIL: 
c280ce0f40_019d92d986c5ba33a57df54db0056f3731e3254fcbe8ac65__vs__333bfe069a_0034
16d620331122b93b434dad901db5836f60d2cad4b533_redline_3c90d72d3b_docxodus.docx — 
never reached in 3 batch pass(es)
2026-09-30 00:45:56.582 | ERROR    | __main__:_convert_batched:1730 -  FAIL: 
c280ce0f40_019d92d986c5ba33a57df54db0056f3731e3254fcbe8ac65__vs__5203829c7a_001c
c92b88566d5f930fe57f25813c0bf52a7bdc72c217d0_redline_46abf7643d_docxodus.docx — 
never reached in 3 batch pass(es)
2026-09-30 00:45:56.583 | ERROR    | __main__:_convert_batched:1730 -  FAIL: 
c280ce0f40_019d92d986c5ba33a57df54db0056f3731e3254fcbe8ac65__vs__a5f2b9318d_002a
a60c2ae1187417b4b157c5ec6450324cc056ec551a12_redline_4da1ca3b20_docxodus.docx — 
never reached in 3 batch pass(es)
2026-09-30 00:45:56.585 | ERROR    | __main__:_convert_batched:1730 -  FAIL: 
c280ce0f40_019d92d986c5ba33a57df54db0056f3731e3254fcbe8ac65__vs__aa5340125d_00a4
b0b91e9b5b072dc3771391c2d608518690eccf44eae8_redline_ef3bb4f5d4_docxodus.docx — 
never reached in 3 batch pass(es)
2026-09-30 00:45:56.587 | ERROR    | __main__:_convert_batched:1730 -  FAIL: 
c280ce0f40_019d92d986c5ba33a57df54db0056f3731e3254fcbe8ac65__vs__bd3824dd1e_000e
e64ef7226d353297888f59a251e24ce5d776fea000fa_redline_9eb92708e4_docxodus.docx — 
never reached in 3 batch pass(es)
2026-09-30 00:45:56.589 | ERROR    | __main__:_convert_batched:1730 -  FAIL: 
c280ce0f40_019d92d986c5ba33a57df54db0056f3731e3254fcbe8ac65__vs__deff0e697a_00b5
defcad6e58038eac35472a2d48c89905068e5ece0cc3_redline_ce0d116e9d_docxodus.docx — 
never reached in 3 batch pass(es)
2026-09-30 00:45:56.590 | ERROR    | __main__:_convert_batched:1730 -  FAIL: 
c2d49e9ede_super_editor__sd_978_remove_table_borders_47f7ed__vs__f782ae23ec_supe
r_editor__wordoriginatedcomments_c146be65_redline_18380da4e0_docxodus.docx — 
never reached in 3 batch pass(es)
2026-09-30 00:45:56.590 | ERROR    | __main__:_convert_batched:1730 -  FAIL: 
c3462f9630_file_28__vs__6955182af0_file_29_redline_0c83f949fb_docxodus.docx — 
never reached in 3 batch pass(es)
2026-09-30 00:45:56.591 | ERROR    | __main__:_convert_batched:1730 -  FAIL: 
c39d1916e3_file_102__vs__f05b2b13ee_file_103_redline_9760c7c6b0_docxodus.docx — 
never reached in 3 batch pass(es)
2026-09-30 00:45:56.591 | ERROR    | __main__:_convert_batched:1730 -  FAIL: 
c3dbab8d3b_sales_report_january_2026_suggesting_insertions__vs__d27102bf04_sampl
e_document_afterword_repaired_word_repaired_redline_456cdec913_docxodus.docx — 
never reached in 3 batch pass(es)
2026-09-30 00:45:56.592 | ERROR    | __main__:_convert_batched:1730 -  FAIL: 
c40c88e402_project_tasks_suggesting_insertions__vs__d0a21b7c3c_q1_sales_summary_
table_2_redline_f51f0a9928_docxodus.docx — never reached in 3 batch pass(es)
2026-09-30 00:45:56.593 | ERROR    | __main__:_convert_batched:1730 -  FAIL: 
c417943be1_002b4f4d8976804c283e6f90cc51f02c7fa5ca9027ffe491__vs__1424386e9b_0174
47de83753a0e3b7afc659df038ef56972925336c6a5b_redline_10fe91c78a_docxodus.docx — 
never reached in 3 batch pass(es)
2026-09-30 00:45:56.595 | ERROR    | __main__:_convert_batched:1730 -  FAIL: 
c417943be1_002b4f4d8976804c283e6f90cc51f02c7fa5ca9027ffe491__vs__2773adf157_0004
c94ca2a8684d47449bb0e7abf87de1df71a7e6543252_redline_1b4dd65cb9_docxodus.docx — 
never reached in 3 batch pass(es)
2026-09-30 00:45:56.596 | ERROR    | __main__:_convert_batched:1730 -  FAIL: 
c417943be1_002b4f4d8976804c283e6f90cc51f02c7fa5ca9027ffe491__vs__2e04202552_000e
3e7bd2d6215fc7b469cc3e296c1b2a510bc1abc7e0fd_redline_6d7b361292_docxodus.docx — 
never reached in 3 batch pass(es)
2026-09-30 00:45:56.597 | ERROR    | __main__:_convert_batched:1730 -  FAIL: 
c417943be1_002b4f4d8976804c283e6f90cc51f02c7fa5ca9027ffe491__vs__333bfe069a_0034
16d620331122b93b434dad901db5836f60d2cad4b533_redline_bacb8103b9_docxodus.docx — 
never reached in 3 batch pass(es)
2026-09-30 00:45:56.598 | ERROR    | __main__:_convert_batched:1730 -  FAIL: 
c417943be1_002b4f4d8976804c283e6f90cc51f02c7fa5ca9027ffe491__vs__342f364d46_0013
42333d45627868f4dc5282abbba4598a91b4a7584b08_redline_24016b28c2_docxodus.docx — 
never reached in 3 batch pass(es)
2026-09-30 00:45:56.599 | ERROR    | __main__:_convert_batched:1730 -  FAIL: 
c417943be1_002b4f4d8976804c283e6f90cc51f02c7fa5ca9027ffe491__vs__5203829c7a_001c
c92b88566d5f930fe57f25813c0bf52a7bdc72c217d0_redline_5f69158474_docxodus.docx — 
never reached in 3 batch pass(es)
2026-09-30 00:45:56.599 | ERROR    | __main__:_convert_batched:1730 -  FAIL: 
c417943be1_002b4f4d8976804c283e6f90cc51f02c7fa5ca9027ffe491__vs__a5f2b9318d_002a
a60c2ae1187417b4b157c5ec6450324cc056ec551a12_redline_40890b46b0_docxodus.docx — 
never reached in 3 batch pass(es)
2026-09-30 00:45:56.601 | ERROR    | __main__:_convert_batched:1730 -  FAIL: 
c417943be1_002b4f4d8976804c283e6f90cc51f02c7fa5ca9027ffe491__vs__aa5340125d_00a4
b0b91e9b5b072dc3771391c2d608518690eccf44eae8_redline_9ff99dbbe2_docxodus.docx — 
never reached in 3 batch pass(es)
2026-09-30 00:45:56.603 | ERROR    | __main__:_convert_batched:1730 -  FAIL: 
c417943be1_002b4f4d8976804c283e6f90cc51f02c7fa5ca9027ffe491__vs__bd3824dd1e_000e
e64ef7226d353297888f59a251e24ce5d776fea000fa_redline_4f13371312_docxodus.docx — 
never reached in 3 batch pass(es)
2026-09-30 00:45:56.604 | ERROR    | __main__:_convert_batched:1730 -  FAIL: 
c417943be1_002b4f4d8976804c283e6f90cc51f02c7fa5ca9027ffe491__vs__deff0e697a_00b5
defcad6e58038eac35472a2d48c89905068e5ece0cc3_redline_a59373908a_docxodus.docx — 
never reached in 3 batch pass(es)
2026-09-30 00:45:56.605 | ERROR    | __main__:_convert_batched:1730 -  FAIL: 
c492c95bb9_file_76__vs__cf977017dd_file_77_redline_21710455cc_docxodus.docx — 
never reached in 3 batch pass(es)
2026-09-30 00:45:56.606 | ERROR    | __main__:_convert_batched:1730 -  FAIL: 
c498e8c52c_super_editor__contract_acc_bbd983a0__vs__43dd6753e6_super_editor__dif
f_before7_5bad2542_redline_1f955ac1bf_docxodus.docx — never reached in 3 batch 
pass(es)
2026-09-30 00:45:56.606 | ERROR    | __main__:_convert_batched:1730 -  FAIL: 
c498e8c52c_super_editor__contract_acc_bbd983a0__vs__ab859711f4_super_editor__cus
tom_list_numbering1_7eb9fda4_redline_3c2c9cda82_docxodus.docx — never reached in
3 batch pass(es)
2026-09-30 00:45:56.607 | ERROR    | __main__:_convert_batched:1730 -  FAIL: 
c4c962aa85_file_106__vs__e2c5596170_file_107_redline_51890e0328_docxodus.docx — 
never reached in 3 batch pass(es)
2026-09-30 00:45:56.608 | ERROR    | __main__:_convert_batched:1730 -  FAIL: 
c4ea091705_0198ed79934875ab0b44de910b46cded49b1a2c18ca00bf9__vs__0f590615c1_3df4
a9c0b9162e00a4dc9d673fb99511b114b0ccb964c9b4_redline_d94fb4f149_docxodus.docx — 
never reached in 3 batch pass(es)
2026-09-30 00:45:56.609 | ERROR    | __main__:_convert_batched:1730 -  FAIL: 
c4ee483519_tiff_image__vs__671ff91b1d_behavior__sd_2750_borderbox_7cd3768d_redli
ne_f2221d321a_docxodus.docx — never reached in 3 batch pass(es)
2026-09-30 00:45:56.609 | ERROR    | __main__:_convert_batched:1730 -  FAIL: 
c4ee483519_tiff_image__vs__e451997662_super_editor__h_f_normal_5d2a8d96_redline_
2ed508b300_docxodus.docx — never reached in 3 batch pass(es)
2026-09-30 00:45:56.610 | ERROR    | __main__:_convert_batched:1730 -  FAIL: 
c500e0081f_file_101__vs__dd36ffac72_file_102_redline_3df53b0ca5_docxodus.docx — 
never reached in 3 batch pass(es)
2026-09-30 00:45:56.610 | ERROR    | __main__:_convert_batched:1730 -  FAIL: 
c51843a182_super_editor__diff_after3_3f4fb6e8__vs__6c0ad6c8ef_behavior__math_mat
rix_tests_a3b17e15_redline_6f6e4ae3e8_docxodus.docx — never reached in 3 batch 
pass(es)
2026-09-30 00:45:56.613 | ERROR    | __main__:_convert_batched:1730 -  FAIL: 
c51843a182_super_editor__diff_after3_3f4fb6e8__vs__fd68f70f24_super_editor__ooxm
l_highlight_rstyle_linked_comb_redline_2cc89665da_docxodus.docx — never reached 
in 3 batch pass(es)
2026-09-30 00:45:56.613 | ERROR    | __main__:_convert_batched:1730 -  FAIL: 
c52c06ab28_superscript_demo_id_paraid_overflow__vs__3e8be91dbf_superscript_demo_
style_default_missing_redline_dbfa3d789e_docxodus.docx — never reached in 3 
batch pass(es)
2026-09-30 00:45:56.614 | ERROR    | __main__:_convert_batched:1730 -  FAIL: 
c5763a90ce_header_no_rels__vs__4dff3f0ab2_heading_1_bold_demo_id_paraid_overflow
_redline_2e5b08815c_docxodus.docx — never reached in 3 batch pass(es)
2026-09-30 00:45:56.615 | ERROR    | __main__:_convert_batched:1730 -  FAIL: 
c5b63f5273_bold_superscript_demo_style_default_missing__vs__dccd86b590_bold_text
_formatting_demo_id_paraid_overflow_2_redline_0480d8c02b_docxodus.docx — never 
reached in 3 batch pass(es)
2026-09-30 00:45:56.615 | ERROR    | __main__:_convert_batched:1730 -  FAIL: 
c5c92e4f32_file_127__vs__af613a9921_file_128_redline_f04e60fd3d_docxodus.docx — 
never reached in 3 batch pass(es)
2026-09-30 00:45:56.616 | ERROR    | __main__:_convert_batched:1730 -  FAIL: 
c5f3d78ca6_super_editor__annotations_import_2_eaae7b97__vs__7098537b0d_super_edi
tor__base_custom_544164f9_redline_1176021038_docxodus.docx — never reached in 3 
batch pass(es)
2026-09-30 00:45:56.617 | ERROR    | __main__:_convert_batched:1730 -  FAIL: 
c620f64d24_super_editor__hyperlink_node_internal_1c0232f9__vs__1dfdc7d8ec_super_
editor__image_inline_and_block_ad6109b3_redline_950c27b0db_docxodus.docx — never
reached in 3 batch pass(es)
2026-09-30 00:45:56.618 | ERROR    | __main__:_convert_batched:1730 -  FAIL: 
c63bc323ce_bullet_list_bold_demo_id_paraid_overflow__vs__555f3bce3f_bullet_list_
demo_id_paraid_overflow_redline_19d9efbf7d_docxodus.docx — never reached in 3 
batch pass(es)
2026-09-30 00:45:56.619 | ERROR    | __main__:_convert_batched:1730 -  FAIL: 
c6956051c8_0035880301dd9b39b35318af6a88457fb4f6491a3ca1964a__vs__1424386e9b_0174
47de83753a0e3b7afc659df038ef56972925336c6a5b_redline_bb59a906e9_docxodus.docx — 
never reached in 3 batch pass(es)
2026-09-30 00:45:56.620 | ERROR    | __main__:_convert_batched:1730 -  FAIL: 
c6956051c8_0035880301dd9b39b35318af6a88457fb4f6491a3ca1964a__vs__2773adf157_0004
c94ca2a8684d47449bb0e7abf87de1df71a7e6543252_redline_95b15ae762_docxodus.docx — 
never reached in 3 batch pass(es)
2026-09-30 00:45:56.621 | ERROR    | __main__:_convert_batched:1730 -  FAIL: 
c6956051c8_0035880301dd9b39b35318af6a88457fb4f6491a3ca1964a__vs__333bfe069a_0034
16d620331122b93b434dad901db5836f60d2cad4b533_redline_ef7c904857_docxodus.docx — 
never reached in 3 batch pass(es)
2026-09-30 00:45:56.622 | ERROR    | __main__:_convert_batched:1730 -  FAIL: 
c6956051c8_0035880301dd9b39b35318af6a88457fb4f6491a3ca1964a__vs__342f364d46_0013
42333d45627868f4dc5282abbba4598a91b4a7584b08_redline_5287854336_docxodus.docx — 
never reached in 3 batch pass(es)
2026-09-30 00:45:56.622 | ERROR    | __main__:_convert_batched:1730 -  FAIL: 
c6956051c8_0035880301dd9b39b35318af6a88457fb4f6491a3ca1964a__vs__5203829c7a_001c
c92b88566d5f930fe57f25813c0bf52a7bdc72c217d0_redline_75ee805001_docxodus.docx — 
never reached in 3 batch pass(es)
2026-09-30 00:45:56.623 | ERROR    | __main__:_convert_batched:1730 -  FAIL: 
c6956051c8_0035880301dd9b39b35318af6a88457fb4f6491a3ca1964a__vs__aa5340125d_00a4
b0b91e9b5b072dc3771391c2d608518690eccf44eae8_redline_ecc5290096_docxodus.docx — 
never reached in 3 batch pass(es)
2026-09-30 00:45:56.624 | ERROR    | __main__:_convert_batched:1730 -  FAIL: 
c6956051c8_0035880301dd9b39b35318af6a88457fb4f6491a3ca1964a__vs__bd3824dd1e_000e
e64ef7226d353297888f59a251e24ce5d776fea000fa_redline_29eef1f277_docxodus.docx — 
never reached in 3 batch pass(es)
2026-09-30 00:45:56.625 | ERROR    | __main__:_convert_batched:1730 -  FAIL: 
c6956051c8_0035880301dd9b39b35318af6a88457fb4f6491a3ca1964a__vs__deff0e697a_00b5
defcad6e58038eac35472a2d48c89905068e5ece0cc3_redline_01f1d55999_docxodus.docx — 
never reached in 3 batch pass(es)
2026-09-30 00:45:56.626 | ERROR    | __main__:_convert_batched:1730 -  FAIL: 
c6b1275403_7ba2b78ab7dafc8c6a9706a4bf3e2423742cf76069b0ebd2__vs__33c0c3af06_e7c1
6ce029557c9f210eb62c1e74fa49cd1909b8216969b4_redline_0cd408ce27_docxodus.docx — 
never reached in 3 batch pass(es)
2026-09-30 00:45:56.627 | ERROR    | __main__:_convert_batched:1730 -  FAIL: 
c6ce4423f8_file_96__vs__1e709d032c_file_97_redline_2e79b36cb2_docxodus.docx — 
never reached in 3 batch pass(es)
2026-09-30 00:45:56.627 | ERROR    | __main__:_convert_batched:1730 -  FAIL: 
c6f9b1571d_red_bold_heading_demo_style_default_missing__vs__0332219534_red_bold_
text_demo_id_paraid_overflow_redline_6944078218_docxodus.docx — never reached in
3 batch pass(es)
2026-09-30 00:45:56.628 | ERROR    | __main__:_convert_batched:1730 -  FAIL: 
c71a7cc576_heading_4_style_demo_id_paraid_overflow__vs__2c8a304c60_helvetica_fon
t_demo_style_default_missing_redline_98243183d1_docxodus.docx — never reached in
3 batch pass(es)
2026-09-30 00:45:56.629 | ERROR    | __main__:_convert_batched:1730 -  FAIL: 
c7b4db5d0e_file_184__vs__fad186fbc9_file_185_redline_e5d359e783_docxodus.docx — 
never reached in 3 batch pass(es)
2026-09-30 00:45:56.630 | ERROR    | __main__:_convert_batched:1730 -  FAIL: 
c7dbacb26a_file_37__vs__fdaf71bd6b_file_38_redline_135dfbf65a_docxodus.docx — 
never reached in 3 batch pass(es)
2026-09-30 00:45:56.631 | ERROR    | __main__:_convert_batched:1730 -  FAIL: 
c7dbb386e8_ba0bb09a68972afa0f8f4e51b0b68c62613927280e07053f__vs__9adc367804_f1a9
4a792cf683005b754ab358c3e9f7689b9c5c072af42c_redline_565ad22d0a_docxodus.docx — 
never reached in 3 batch pass(es)
2026-09-30 00:45:56.632 | ERROR    | __main__:_convert_batched:1730 -  FAIL: 
c87ab9bf12_file_52__vs__cf78e83cd4_file_53_redline_27427ee2bc_docxodus.docx — 
never reached in 3 batch pass(es)
2026-09-30 00:45:56.633 | ERROR    | __main__:_convert_batched:1730 -  FAIL: 
c8a9a6e711_62caeb83a2234e23b2b174c85c0168e0375fb9afba53987b__vs__d7f1b4b348_4719
d6f01f9ae9f32bd0869e814f1d2e53038477e2fec13c_redline_27b0d94ddb_docxodus.docx — 
never reached in 3 batch pass(es)
2026-09-30 00:45:56.635 | ERROR    | __main__:_convert_batched:1730 -  FAIL: 
c90bde92a4_file_35__vs__47709fa472_file_36_redline_41fd707d15_docxodus.docx — 
never reached in 3 batch pass(es)
2026-09-30 00:45:56.636 | ERROR    | __main__:_convert_batched:1730 -  FAIL: 
c9154561dc_file_2__vs__f8cb67d689_file_3_redline_0deb8a8c1a_docxodus.docx — 
never reached in 3 batch pass(es)
2026-09-30 00:45:56.637 | ERROR    | __main__:_convert_batched:1730 -  FAIL: 
c917cc5055_support_tickets_summary_id_paraid_overflow__vs__356b7a3629_text_highl
ight_demo_style_default_missing_redline_5a100df35e_docxodus.docx — never reached
in 3 batch pass(es)
2026-09-30 00:45:56.640 | ERROR    | __main__:_convert_batched:1730 -  FAIL: 
c917cc5055_support_tickets_summary_id_paraid_overflow__vs__95bdaad1fe_support_ti
ckets_table_redline_0681294510_docxodus.docx — never reached in 3 batch pass(es)
2026-09-30 00:45:56.640 | ERROR    | __main__:_convert_batched:1730 -  FAIL: 
c91bf152c5_ea2c23f94ba56d92b15dbc39a228be84ec544937a287e82f__vs__55e94572f9_b1df
51bc6cfddae69d97759cdfaf15206b6bd9dc8cf0f9d3_redline_d8b0c2ae01_docxodus.docx — 
never reached in 3 batch pass(es)
2026-09-30 00:45:56.641 | ERROR    | __main__:_convert_batched:1730 -  FAIL: 
c9822f1008_docx_lots_of_comments_addition_redline__vs__32328b55db_docx_lots_of_c
omments_addition_removal_redline_r_redline_e6e61fc33f_docxodus.docx — never 
reached in 3 batch pass(es)
2026-09-30 00:45:56.642 | ERROR    | __main__:_convert_batched:1730 -  FAIL: 
c997f74452_a7dcf35a333cba753c9292cf8e71e5ba575c89a599becf65__vs__d5f6c20be1_714d
c4ada82c218154bb078861a2edd138b65ff31504d8e4_redline_7f7a923924_docxodus.docx — 
never reached in 3 batch pass(es)
2026-09-30 00:45:56.643 | ERROR    | __main__:_convert_batched:1730 -  FAIL: 
c9bd5ffffd_627c0809350215230046febb13f47a1668e1afe1cb55b345__vs__e51c1f292a_ca0c
4d309d19d117b67f6d0ee09e6a93f2607498bfb6bb3e_redline_5986623b2b_docxodus.docx — 
never reached in 3 batch pass(es)
2026-09-30 00:45:56.643 | ERROR    | __main__:_convert_batched:1730 -  FAIL: 
ca18f14ff4_eb6a0b77f40d0b532f6d525d748dffee5e7f0ba61fa7c7e5__vs__c185a8c7cb_19b9
68cfe8104263bb49fc5a8f278cf5482847a9587b64d5_redline_e43f190f6d_docxodus.docx — 
never reached in 3 batch pass(es)
2026-09-30 00:45:56.644 | ERROR    | __main__:_convert_batched:1730 -  FAIL: 
ca44eef662_super_editor__list_spacer1_06383c66__vs__7692b33045_super_editor__lis
t_with_break_exported_broken_45_redline_0251e3704d_docxodus.docx — never reached
in 3 batch pass(es)
2026-09-30 00:45:56.645 | ERROR    | __main__:_convert_batched:1730 -  FAIL: 
ca44eef662_super_editor__list_spacer1_06383c66__vs__9322444a3f_behavior__sd_2888
_hyperlink_with_ampersand_aaaac_redline_2fe501ccce_docxodus.docx — never reached
in 3 batch pass(es)
2026-09-30 00:45:56.646 | ERROR    | __main__:_convert_batched:1730 -  FAIL: 
cb0f18681a_a50910ebaa2ec9789bd2ac292f09a12b438bab96641f5a78__vs__9453196efa_7962
2706abd1c7db5b22fa9036397e6c3fa3d00b9d2877fc_redline_194bad9d8b_docxodus.docx — 
never reached in 3 batch pass(es)
2026-09-30 00:45:56.647 | ERROR    | __main__:_convert_batched:1730 -  FAIL: 
cbb3bab843_word_tolerated_orphan_comment__vs__cefef4e4f5_yellow_highlight_demo_i
d_paraid_overflow_redline_3796807136_docxodus.docx — never reached in 3 batch 
pass(es)
2026-09-30 00:45:56.648 | ERROR    | __main__:_convert_batched:1730 -  FAIL: 
cbbb5f7adc_file_189__vs__9402f06dc1_file_190_redline_eb3b942561_docxodus.docx — 
never reached in 3 batch pass(es)
2026-09-30 00:45:56.650 | ERROR    | __main__:_convert_batched:1730 -  FAIL: 
cbd171fa3c_4598ae603096d1560af12ca03256d8cfcf124b748d8a1924__vs__1e98b247d0_30a6
ee467b25c608a886e28c035a537494f8b4e966b5c07b_redline_f8b4a6220f_docxodus.docx — 
never reached in 3 batch pass(es)
2026-09-30 00:45:56.651 | ERROR    | __main__:_convert_batched:1730 -  FAIL: 
cc0b2ff816_track_changes_suggesting_calibri_id_paraid_overf__vs__5e8ea1f5e9_trac
k_changes_suggesting_center_id_paraid_overfl_redline_a11586e37e_docxodus.docx — 
never reached in 3 batch pass(es)
2026-09-30 00:45:56.652 | ERROR    | __main__:_convert_batched:1730 -  FAIL: 
cc5f989c56_0090ba7896cba5f43500e77e151ddab12f16b20e3ddf5822__vs__1424386e9b_0174
47de83753a0e3b7afc659df038ef56972925336c6a5b_redline_067bd871b9_docxodus.docx — 
never reached in 3 batch pass(es)
2026-09-30 00:45:56.653 | ERROR    | __main__:_convert_batched:1730 -  FAIL: 
cc5f989c56_0090ba7896cba5f43500e77e151ddab12f16b20e3ddf5822__vs__2773adf157_0004
c94ca2a8684d47449bb0e7abf87de1df71a7e6543252_redline_09d4f59ccd_docxodus.docx — 
never reached in 3 batch pass(es)
2026-09-30 00:45:56.654 | ERROR    | __main__:_convert_batched:1730 -  FAIL: 
cc5f989c56_0090ba7896cba5f43500e77e151ddab12f16b20e3ddf5822__vs__2e04202552_000e
3e7bd2d6215fc7b469cc3e296c1b2a510bc1abc7e0fd_redline_0a6d6296ec_docxodus.docx — 
never reached in 3 batch pass(es)
2026-09-30 00:45:56.655 | ERROR    | __main__:_convert_batched:1730 -  FAIL: 
cc5f989c56_0090ba7896cba5f43500e77e151ddab12f16b20e3ddf5822__vs__342f364d46_0013
42333d45627868f4dc5282abbba4598a91b4a7584b08_redline_c645866078_docxodus.docx — 
never reached in 3 batch pass(es)
2026-09-30 00:45:56.656 | ERROR    | __main__:_convert_batched:1730 -  FAIL: 
cc5f989c56_0090ba7896cba5f43500e77e151ddab12f16b20e3ddf5822__vs__5203829c7a_001c
c92b88566d5f930fe57f25813c0bf52a7bdc72c217d0_redline_e86eac55d3_docxodus.docx — 
never reached in 3 batch pass(es)
2026-09-30 00:45:56.657 | ERROR    | __main__:_convert_batched:1730 -  FAIL: 
cc5f989c56_0090ba7896cba5f43500e77e151ddab12f16b20e3ddf5822__vs__a5f2b9318d_002a
a60c2ae1187417b4b157c5ec6450324cc056ec551a12_redline_7dc048a022_docxodus.docx — 
never reached in 3 batch pass(es)
2026-09-30 00:45:56.658 | ERROR    | __main__:_convert_batched:1730 -  FAIL: 
cc5f989c56_0090ba7896cba5f43500e77e151ddab12f16b20e3ddf5822__vs__aa5340125d_00a4
b0b91e9b5b072dc3771391c2d608518690eccf44eae8_redline_56915a8dc8_docxodus.docx — 
never reached in 3 batch pass(es)
2026-09-30 00:45:56.659 | ERROR    | __main__:_convert_batched:1730 -  FAIL: 
cc5f989c56_0090ba7896cba5f43500e77e151ddab12f16b20e3ddf5822__vs__bd3824dd1e_000e
e64ef7226d353297888f59a251e24ce5d776fea000fa_redline_08bbbe0732_docxodus.docx — 
never reached in 3 batch pass(es)
2026-09-30 00:45:56.660 | ERROR    | __main__:_convert_batched:1730 -  FAIL: 
cc5f989c56_0090ba7896cba5f43500e77e151ddab12f16b20e3ddf5822__vs__deff0e697a_00b5
defcad6e58038eac35472a2d48c89905068e5ece0cc3_redline_0f741ca183_docxodus.docx — 
never reached in 3 batch pass(es)
2026-09-30 00:45:56.661 | ERROR    | __main__:_convert_batched:1730 -  FAIL: 
cc82deb093_file_144__vs__8138a2180b_file_145_redline_8032e05eac_docxodus.docx — 
never reached in 3 batch pass(es)
2026-09-30 00:45:56.661 | ERROR    | __main__:_convert_batched:1730 -  FAIL: 
cc8fe57f46_strikethrough_bold_demo_id_paraid_overflow__vs__24c6d4e57f_strikethro
ugh_text_demo_id_paraid_overflow_redline_8f2b9ca513_docxodus.docx — never 
reached in 3 batch pass(es)
2026-09-30 00:45:56.662 | ERROR    | __main__:_convert_batched:1730 -  FAIL: 
cc901c34fc_004028ecdee3787e97aed9dafb5feb104b20ab5540af6e39__vs__1424386e9b_0174
47de83753a0e3b7afc659df038ef56972925336c6a5b_redline_d6f41d6086_docxodus.docx — 
never reached in 3 batch pass(es)
2026-09-30 00:45:56.663 | ERROR    | __main__:_convert_batched:1730 -  FAIL: 
cc901c34fc_004028ecdee3787e97aed9dafb5feb104b20ab5540af6e39__vs__2773adf157_0004
c94ca2a8684d47449bb0e7abf87de1df71a7e6543252_redline_13a4602c5c_docxodus.docx — 
never reached in 3 batch pass(es)
2026-09-30 00:45:56.665 | ERROR    | __main__:_convert_batched:1730 -  FAIL: 
cc901c34fc_004028ecdee3787e97aed9dafb5feb104b20ab5540af6e39__vs__2e04202552_000e
3e7bd2d6215fc7b469cc3e296c1b2a510bc1abc7e0fd_redline_cda19d51ed_docxodus.docx — 
never reached in 3 batch pass(es)
2026-09-30 00:45:56.665 | ERROR    | __main__:_convert_batched:1730 -  FAIL: 
cc901c34fc_004028ecdee3787e97aed9dafb5feb104b20ab5540af6e39__vs__333bfe069a_0034
16d620331122b93b434dad901db5836f60d2cad4b533_redline_a0aea3161b_docxodus.docx — 
never reached in 3 batch pass(es)
2026-09-30 00:45:56.666 | ERROR    | __main__:_convert_batched:1730 -  FAIL: 
cc901c34fc_004028ecdee3787e97aed9dafb5feb104b20ab5540af6e39__vs__342f364d46_0013
42333d45627868f4dc5282abbba4598a91b4a7584b08_redline_f26f0db15f_docxodus.docx — 
never reached in 3 batch pass(es)
2026-09-30 00:45:56.667 | ERROR    | __main__:_convert_batched:1730 -  FAIL: 
cc901c34fc_004028ecdee3787e97aed9dafb5feb104b20ab5540af6e39__vs__5203829c7a_001c
c92b88566d5f930fe57f25813c0bf52a7bdc72c217d0_redline_3164416c91_docxodus.docx — 
never reached in 3 batch pass(es)
2026-09-30 00:45:56.668 | ERROR    | __main__:_convert_batched:1730 -  FAIL: 
cc901c34fc_004028ecdee3787e97aed9dafb5feb104b20ab5540af6e39__vs__a5f2b9318d_002a
a60c2ae1187417b4b157c5ec6450324cc056ec551a12_redline_3c55f8fc93_docxodus.docx — 
never reached in 3 batch pass(es)
2026-09-30 00:45:56.671 | ERROR    | __main__:_convert_batched:1730 -  FAIL: 
cc901c34fc_004028ecdee3787e97aed9dafb5feb104b20ab5540af6e39__vs__aa5340125d_00a4
b0b91e9b5b072dc3771391c2d608518690eccf44eae8_redline_54301b1456_docxodus.docx — 
never reached in 3 batch pass(es)
2026-09-30 00:45:56.672 | ERROR    | __main__:_convert_batched:1730 -  FAIL: 
cc901c34fc_004028ecdee3787e97aed9dafb5feb104b20ab5540af6e39__vs__bd3824dd1e_000e
e64ef7226d353297888f59a251e24ce5d776fea000fa_redline_1942fab3ab_docxodus.docx — 
never reached in 3 batch pass(es)
2026-09-30 00:45:56.673 | ERROR    | __main__:_convert_batched:1730 -  FAIL: 
cc901c34fc_004028ecdee3787e97aed9dafb5feb104b20ab5540af6e39__vs__deff0e697a_00b5
defcad6e58038eac35472a2d48c89905068e5ece0cc3_redline_142f9e34dc_docxodus.docx — 
never reached in 3 batch pass(es)
2026-09-30 00:45:56.674 | ERROR    | __main__:_convert_batched:1730 -  FAIL: 
ccc54a2d1b_file_1__vs__aa5ccfbc3c_file_2_redline_92971cf97c_docxodus.docx — 
never reached in 3 batch pass(es)
2026-09-30 00:45:56.675 | ERROR    | __main__:_convert_batched:1730 -  FAIL: 
cd54518381_file_118__vs__5383bab0c2_file_119_redline_7abf90f3f1_docxodus.docx — 
never reached in 3 batch pass(es)
2026-09-30 00:45:56.675 | ERROR    | __main__:_convert_batched:1730 -  FAIL: 
cd98652e16_file_60__vs__a6b430bba8_file_61_redline_88892de262_docxodus.docx — 
never reached in 3 batch pass(es)
2026-09-30 00:45:56.676 | ERROR    | __main__:_convert_batched:1730 -  FAIL: 
cda30726d7_ae9f826f816a21795f64a2827772d0ac2d0b14bd7f403682__vs__5cf261e998_8226
43bd7db332f5d2172d944ee96ecfa4079dbba515a880_redline_08d459977d_docxodus.docx — 
never reached in 3 batch pass(es)
2026-09-30 00:45:56.679 | ERROR    | __main__:_convert_batched:1730 -  FAIL: 
cdb3618419_file_108__vs__f152875ca2_file_109_redline_d623ce2356_docxodus.docx — 
never reached in 3 batch pass(es)
2026-09-30 00:45:56.679 | ERROR    | __main__:_convert_batched:1730 -  FAIL: 
cdc99394fd_8c45b767190482b7a94ce3492e9d5fcbfe743f72502c9169__vs__e3f5a2a35c_e035
89ba2d798e04b15f136145db0af574edb4a886f65050_redline_b956ebc218_docxodus.docx — 
never reached in 3 batch pass(es)
2026-09-30 00:45:56.681 | ERROR    | __main__:_convert_batched:1730 -  FAIL: 
ce8491a639_845b0a2405a186d07d9148b63a3ce3f2e6f4a1591c73daa0__vs__92f6ee8aac_5f55
a25569af55c69ae82bf96cb6d0b191d64e6d91117302_redline_de69b738f5_docxodus.docx — 
never reached in 3 batch pass(es)
2026-09-30 00:45:56.682 | ERROR    | __main__:_convert_batched:1730 -  FAIL: 
cebebe66c9_9dd9020b5c47292686f95356374f2f3817804d47ae0c7e4f__vs__046eaac0a6_a6d5
9e1fc25cd0e0cf155c1d7ec1b6957ee450733f415cfb_redline_594503ebad_docxodus.docx — 
never reached in 3 batch pass(es)
2026-09-30 00:45:56.682 | ERROR    | __main__:_convert_batched:1730 -  FAIL: 
ced58cbf54_super_editor__sd_1494_table_left_indent_03277d35__vs__92589c3e37_supe
r_editor__pre_separated_list_bd330d28_redline_0113adc8d9_docxodus.docx — never 
reached in 3 batch pass(es)
2026-09-30 00:45:56.683 | ERROR    | __main__:_convert_batched:1730 -  FAIL: 
ced58cbf54_super_editor__sd_1494_table_left_indent_03277d35__vs__9332d3001f_supe
r_editor__sdpr_titleonly_b0796676_redline_288b57d41b_docxodus.docx — never 
reached in 3 batch pass(es)
2026-09-30 00:45:56.684 | ERROR    | __main__:_convert_batched:1730 -  FAIL: 
ceee8dab18_dad6c99469302f7b31da046a44fb03b2700da40336b5abc3__vs__f8143832db_e3e4
8f378f7a0beb14abfe0a259266e08cb12a44bcad49b6_redline_cad0c541fc_docxodus.docx — 
never reached in 3 batch pass(es)
2026-09-30 00:45:56.685 | ERROR    | __main__:_convert_batched:1730 -  FAIL: 
cf02e0407e_file_26__vs__b175a00954_file_27_redline_cee8601521_docxodus.docx — 
never reached in 3 batch pass(es)
2026-09-30 00:45:56.685 | ERROR    | __main__:_convert_batched:1730 -  FAIL: 
cf78e83cd4_file_53__vs__2d2158c9e4_file_54_redline_cec1861b30_docxodus.docx — 
never reached in 3 batch pass(es)
2026-09-30 00:45:56.686 | ERROR    | __main__:_convert_batched:1730 -  FAIL: 
cf977017dd_file_77__vs__ae59d6042a_file_78_redline_3215251135_docxodus.docx — 
never reached in 3 batch pass(es)
2026-09-30 00:45:56.686 | ERROR    | __main__:_convert_batched:1730 -  FAIL: 
cf9be22981_8c4ddc470d5375b8695f9f0f3c48d1fdc152dca3fbac13ae__vs__3c1ec8dfd3_a561
150e9c973ab5f22a1eaa541f739bb7683339375baf5f_redline_bed67c8950_docxodus.docx — 
never reached in 3 batch pass(es)
2026-09-30 00:45:56.687 | ERROR    | __main__:_convert_batched:1730 -  FAIL: 
cfd53bad25_behavior__sd_2672_sdt_table_fc038913__vs__671ff91b1d_behavior__sd_275
0_borderbox_7cd3768d_redline_001b877031_docxodus.docx — never reached in 3 batch
pass(es)
2026-09-30 00:45:56.688 | ERROR    | __main__:_convert_batched:1730 -  FAIL: 
d0281643d2_super_editor__hello_docx_world_12f11074__vs__4858c9853b_behavior__mul
ti_image_types_b962a2b8_redline_8bdd3868dc_docxodus.docx — never reached in 3 
batch pass(es)
2026-09-30 00:45:56.689 | ERROR    | __main__:_convert_batched:1730 -  FAIL: 
d0281643d2_super_editor__hello_docx_world_12f11074__vs__e3d152989b_behavior__mat
h_eqarr_tests_40a1adb0_redline_84263b7e47_docxodus.docx — never reached in 3 
batch pass(es)
2026-09-30 00:45:56.690 | ERROR    | __main__:_convert_batched:1730 -  FAIL: 
d03da97287_super_editor__nested_comments_gdocs_0c8668e1__vs__2b6c7be6bd_super_ed
itor__nested_comments_84f214bb_redline_ba3b77bee3_docxodus.docx — never reached 
in 3 batch pass(es)
2026-09-30 00:45:56.690 | ERROR    | __main__:_convert_batched:1730 -  FAIL: 
d0423646cd_times_new_roman_bold_id_paraid_overflow__vs__13da8d3a5b_times_new_rom
an_font_id_paraid_overflow_redline_9151609eeb_docxodus.docx — never reached in 3
batch pass(es)
2026-09-30 00:45:56.691 | ERROR    | __main__:_convert_batched:1730 -  FAIL: 
d04ac05d58_4b1cd45e7774350f022ae92e6566b74dda3b4638bc8212e4__vs__e938b9478b_20b4
6a9cd6d4b791a0edd85dcadfdfedc4c37e9d0f77d849_redline_2fa06a6cb0_docxodus.docx — 
never reached in 3 batch pass(es)
2026-09-30 00:45:56.693 | ERROR    | __main__:_convert_batched:1730 -  FAIL: 
d07303cf0c_5a2295e6c3fb70b9f2ebe4b90cf34e04a9158f33c2180506__vs__cbce9c63be_515e
efceeac017dd8e56ae9e0b0ab5ab85e1da58199f0d6d_redline_1b651f2fc5_docxodus.docx — 
never reached in 3 batch pass(es)
2026-09-30 00:45:56.694 | ERROR    | __main__:_convert_batched:1730 -  FAIL: 
d09a2f8509_00b5aa69a6c33b2725953348488d62605dc209411d01f80a__vs__1424386e9b_0174
47de83753a0e3b7afc659df038ef56972925336c6a5b_redline_84ab4181b4_docxodus.docx — 
never reached in 3 batch pass(es)
2026-09-30 00:45:56.695 | ERROR    | __main__:_convert_batched:1730 -  FAIL: 
d09a2f8509_00b5aa69a6c33b2725953348488d62605dc209411d01f80a__vs__2e04202552_000e
3e7bd2d6215fc7b469cc3e296c1b2a510bc1abc7e0fd_redline_3eae2fcfd5_docxodus.docx — 
never reached in 3 batch pass(es)
2026-09-30 00:45:56.697 | ERROR    | __main__:_convert_batched:1730 -  FAIL: 
d09a2f8509_00b5aa69a6c33b2725953348488d62605dc209411d01f80a__vs__333bfe069a_0034
16d620331122b93b434dad901db5836f60d2cad4b533_redline_01b889d1c8_docxodus.docx — 
never reached in 3 batch pass(es)
2026-09-30 00:45:56.698 | ERROR    | __main__:_convert_batched:1730 -  FAIL: 
d09a2f8509_00b5aa69a6c33b2725953348488d62605dc209411d01f80a__vs__342f364d46_0013
42333d45627868f4dc5282abbba4598a91b4a7584b08_redline_b06a78c266_docxodus.docx — 
never reached in 3 batch pass(es)
2026-09-30 00:45:56.700 | ERROR    | __main__:_convert_batched:1730 -  FAIL: 
d09a2f8509_00b5aa69a6c33b2725953348488d62605dc209411d01f80a__vs__5203829c7a_001c
c92b88566d5f930fe57f25813c0bf52a7bdc72c217d0_redline_fa75ae9364_docxodus.docx — 
never reached in 3 batch pass(es)
2026-09-30 00:45:56.702 | ERROR    | __main__:_convert_batched:1730 -  FAIL: 
d09a2f8509_00b5aa69a6c33b2725953348488d62605dc209411d01f80a__vs__aa5340125d_00a4
b0b91e9b5b072dc3771391c2d608518690eccf44eae8_redline_cf5502ea84_docxodus.docx — 
never reached in 3 batch pass(es)
2026-09-30 00:45:56.704 | ERROR    | __main__:_convert_batched:1730 -  FAIL: 
d09a2f8509_00b5aa69a6c33b2725953348488d62605dc209411d01f80a__vs__bd3824dd1e_000e
e64ef7226d353297888f59a251e24ce5d776fea000fa_redline_09b76bd785_docxodus.docx — 
never reached in 3 batch pass(es)
2026-09-30 00:45:56.706 | ERROR    | __main__:_convert_batched:1730 -  FAIL: 
d09a2f8509_00b5aa69a6c33b2725953348488d62605dc209411d01f80a__vs__deff0e697a_00b5
defcad6e58038eac35472a2d48c89905068e5ece0cc3_redline_1b1e73b3af_docxodus.docx — 
never reached in 3 batch pass(es)
2026-09-30 00:45:56.712 | ERROR    | __main__:_convert_batched:1730 -  FAIL: 
d0a21b7c3c_q1_sales_summary_table_2__vs__21c900e459_q1_sales_summary_table_redli
ne_255ff88d8b_docxodus.docx — never reached in 3 batch pass(es)
2026-09-30 00:45:56.714 | ERROR    | __main__:_convert_batched:1730 -  FAIL: 
d16179a60b_c3cb50c9620520f54d70a4f079a12e94bf94f54f507eff8d__vs__1aaca1d5af_ef31
e540797c67a78c662cc2e5ecb21bf446e3d696ce26ad_redline_f72cd71154_docxodus.docx — 
never reached in 3 batch pass(es)
2026-09-30 00:45:56.715 | ERROR    | __main__:_convert_batched:1730 -  FAIL: 
d1b63a3385_superscript_demo_id_paraid_overflow_2__vs__c52c06ab28_superscript_dem
o_id_paraid_overflow_redline_520b4ff36e_docxodus.docx — never reached in 3 batch
pass(es)
2026-09-30 00:45:56.716 | ERROR    | __main__:_convert_batched:1730 -  FAIL: 
d1fc42d1b4_72dcf4dc5db35b70823754848e1137a2dca51c616061bea3__vs__acc20ae2d1_6292
aea928cd8183d46d2e434349dbe8e5c41aceef91b0be_redline_0f841159c0_docxodus.docx — 
never reached in 3 batch pass(es)
2026-09-30 00:45:56.717 | ERROR    | __main__:_convert_batched:1730 -  FAIL: 
d212c7eab7_f794b896af23bc3faac41d754e495da7ebcb038ab52a1e39__vs__7b572bab96_28d7
ae0e7bb3697f99606babb03e4c8f74db6d557fb5b785_redline_b03dd5fd4e_docxodus.docx — 
never reached in 3 batch pass(es)
2026-09-30 00:45:56.718 | ERROR    | __main__:_convert_batched:1730 -  FAIL: 
d27102bf04_sample_document_afterword_repaired_word_repaired__vs__f4fa801783_samp
le_document_really_repaired_word_repaired_redline_17d83e255a_docxodus.docx — 
never reached in 3 batch pass(es)
2026-09-30 00:45:56.719 | ERROR    | __main__:_convert_batched:1730 -  FAIL: 
d2ca7c70b1_file_59__vs__cd98652e16_file_60_redline_c1151a57e5_docxodus.docx — 
never reached in 3 batch pass(es)
2026-09-30 00:45:56.721 | ERROR    | __main__:_convert_batched:1730 -  FAIL: 
d2f322d733_document_100_ultimate_demo_id_paraid_overflow__vs__921334044d_double_
spacing_bold_demo_id_paraid_overflow_redline_6327924547_docxodus.docx — never 
reached in 3 batch pass(es)
2026-09-30 00:45:56.728 | ERROR    | __main__:_convert_batched:1730 -  FAIL: 
d2f322d733_document_100_ultimate_demo_id_paraid_overflow__vs__f901587291_docx_lo
ts_of_comments_addition_redline_addition_redline_3c3090c52a_docxodus.docx — 
never reached in 3 batch pass(es)
2026-09-30 00:45:56.734 | ERROR    | __main__:_convert_batched:1730 -  FAIL: 
d36e22a134_bold_underline_highlight_demo_id_paraid_overflow__vs__2ec7c17191_book
_catalog_id_paraid_overflow_redline_a442fe62c5_docxodus.docx — never reached in 
3 batch pass(es)
2026-09-30 00:45:56.735 | ERROR    | __main__:_convert_batched:1730 -  FAIL: 
d3b73b5ecf_534f02b4ceb3be8720d64c2c9de45e7b41f6f232c07177fa__vs__b464bb2f28_53fa
e2563e6bafcd40cf05ce3f1d6b2d66f0d965f9b5c8e2_redline_548d133393_docxodus.docx — 
never reached in 3 batch pass(es)
2026-09-30 00:45:56.736 | ERROR    | __main__:_convert_batched:1730 -  FAIL: 
d435c8d66c_file_104__vs__0f0620ff98_file_105_redline_0c90ac520a_docxodus.docx — 
never reached in 3 batch pass(es)
2026-09-30 00:45:56.736 | ERROR    | __main__:_convert_batched:1730 -  FAIL: 
d4649ec2db_file_168__vs__830eb0f0a2_file_169_redline_6ea5f46430_docxodus.docx — 
never reached in 3 batch pass(es)
2026-09-30 00:45:56.737 | ERROR    | __main__:_convert_batched:1730 -  FAIL: 
d48e02b548_super_editor__google_docs_originated_comments__vs__d0281643d2_super_e
ditor__hello_docx_world_12f11074_redline_37c978d405_docxodus.docx — never 
reached in 3 batch pass(es)
2026-09-30 00:45:56.738 | ERROR    | __main__:_convert_batched:1730 -  FAIL: 
d48e02b548_super_editor__google_docs_originated_comments__vs__e70f1134dd_super_e
ditor__diff_before8_ba5faa9e_redline_e4569d0756_docxodus.docx — never reached in
3 batch pass(es)
2026-09-30 00:45:56.739 | ERROR    | __main__:_convert_batched:1730 -  FAIL: 
d48eb7902f_times_new_roman_bold_id_paraid_overflow__vs__e886422c26_times_new_rom
an_font_id_paraid_overflow_redline_db773ff332_docxodus.docx — never reached in 3
batch pass(es)
2026-09-30 00:45:56.740 | ERROR    | __main__:_convert_batched:1730 -  FAIL: 
d560bc7296_header_no_rels__vs__eb82ad6df1_heading_1_bold_demo_id_paraid_overflow
_redline_52058c5190_docxodus.docx — never reached in 3 batch pass(es)
2026-09-30 00:45:56.741 | ERROR    | __main__:_convert_batched:1730 -  FAIL: 
d5a56cdeb3_super_editor__gdocs_single_comment_ac5db87f__vs__bc78614a22_super_edi
tor__gdocs_tracked_changes_3c1de315_redline_99740a096f_docxodus.docx — never 
reached in 3 batch pass(es)
2026-09-30 00:45:56.742 | ERROR    | __main__:_convert_batched:1730 -  FAIL: 
d5fabd0d7b_inventory_list_suggesting_deletions__vs__097371c227_inventory_list_su
ggesting_mixed_edits_redline_cc1c952516_docxodus.docx — never reached in 3 batch
pass(es)
2026-09-30 00:45:56.742 | ERROR    | __main__:_convert_batched:1730 -  FAIL: 
d606327b4e_5c1229df35b4f4d9c161eb0e78d69d78168751c82ed36e23__vs__0796a8a2d6_449a
3bc16d4c3f2f1c9d6bbac06f7ebbd864234fe008742f_redline_d2e3a1346e_docxodus.docx — 
never reached in 3 batch pass(es)
2026-09-30 00:45:56.743 | ERROR    | __main__:_convert_batched:1730 -  FAIL: 
d60ccf445a_file_167__vs__d4649ec2db_file_168_redline_85f62f96ec_docxodus.docx — 
never reached in 3 batch pass(es)
2026-09-30 00:45:56.744 | ERROR    | __main__:_convert_batched:1730 -  FAIL: 
d616476e12_word_tolerated_duplicate_ppr__vs__5fca0ac668_ooxml_style_link_redline
_6802b7a195_docxodus.docx — never reached in 3 batch pass(es)
2026-09-30 00:45:56.745 | ERROR    | __main__:_convert_batched:1730 -  FAIL: 
d6229441a5_0022208cff905cd74261067032c22afa148e0f63496c7f66__vs__1424386e9b_0174
47de83753a0e3b7afc659df038ef56972925336c6a5b_redline_8e9fcb47f2_docxodus.docx — 
never reached in 3 batch pass(es)
2026-09-30 00:45:56.745 | ERROR    | __main__:_convert_batched:1730 -  FAIL: 
d6229441a5_0022208cff905cd74261067032c22afa148e0f63496c7f66__vs__2773adf157_0004
c94ca2a8684d47449bb0e7abf87de1df71a7e6543252_redline_1c2ae7a3f0_docxodus.docx — 
never reached in 3 batch pass(es)
2026-09-30 00:45:56.746 | ERROR    | __main__:_convert_batched:1730 -  FAIL: 
d6229441a5_0022208cff905cd74261067032c22afa148e0f63496c7f66__vs__2e04202552_000e
3e7bd2d6215fc7b469cc3e296c1b2a510bc1abc7e0fd_redline_f195c279be_docxodus.docx — 
never reached in 3 batch pass(es)
2026-09-30 00:45:56.747 | ERROR    | __main__:_convert_batched:1730 -  FAIL: 
d6229441a5_0022208cff905cd74261067032c22afa148e0f63496c7f66__vs__342f364d46_0013
42333d45627868f4dc5282abbba4598a91b4a7584b08_redline_708c1113a2_docxodus.docx — 
never reached in 3 batch pass(es)
2026-09-30 00:45:56.748 | ERROR    | __main__:_convert_batched:1730 -  FAIL: 
d6229441a5_0022208cff905cd74261067032c22afa148e0f63496c7f66__vs__a5f2b9318d_002a
a60c2ae1187417b4b157c5ec6450324cc056ec551a12_redline_6e6d73057f_docxodus.docx — 
never reached in 3 batch pass(es)
2026-09-30 00:45:56.749 | ERROR    | __main__:_convert_batched:1730 -  FAIL: 
d6229441a5_0022208cff905cd74261067032c22afa148e0f63496c7f66__vs__deff0e697a_00b5
defcad6e58038eac35472a2d48c89905068e5ece0cc3_redline_668dfd16e6_docxodus.docx — 
never reached in 3 batch pass(es)
2026-09-30 00:45:56.750 | ERROR    | __main__:_convert_batched:1730 -  FAIL: 
d62736ce40_file_128__vs__f4faa3ad63_file_129_redline_273999fb38_docxodus.docx — 
never reached in 3 batch pass(es)
2026-09-30 00:45:56.750 | ERROR    | __main__:_convert_batched:1730 -  FAIL: 
d6288bca2e_file_3__vs__840f6a63da_file_4_redline_3ebf5e5557_docxodus.docx — 
never reached in 3 batch pass(es)
2026-09-30 00:45:56.751 | ERROR    | __main__:_convert_batched:1730 -  FAIL: 
d62983b275_file_39__vs__dc2d9eeccb_file_40_redline_08d3a2333d_docxodus.docx — 
never reached in 3 batch pass(es)
2026-09-30 00:45:56.751 | ERROR    | __main__:_convert_batched:1730 -  FAIL: 
d63c7c81b4_e94a7575d2845d5df867e783dc0c3844831f8ac239e7f06a__vs__8aec02a407_108b
b53cfeeba999fe4bea2d59c47d0a4a38f59d4cf45ac3_redline_297a67d458_docxodus.docx — 
never reached in 3 batch pass(es)
2026-09-30 00:45:56.752 | ERROR    | __main__:_convert_batched:1730 -  FAIL: 
d678cb4275_super_editor__blank_doc_b2a325e7__vs__7962b06671_super_editor__bookma
rk_use_cases_d20f31f6_redline_12d29cabe0_docxodus.docx — never reached in 3 
batch pass(es)
2026-09-30 00:45:56.753 | ERROR    | __main__:_convert_batched:1730 -  FAIL: 
d678cb4275_super_editor__blank_doc_b2a325e7__vs__89b44c96a7_super_editor__sdts_b
asic_45263ca5_redline_0efa049487_docxodus.docx — never reached in 3 batch 
pass(es)
2026-09-30 00:45:56.754 | ERROR    | __main__:_convert_batched:1730 -  FAIL: 
d67eb781ac_italic_text_formatting_demo_id_paraid_overflow__vs__5a7af5153a_italic
_underline_combined_demo_id_paraid_overflo_redline_ab12f32d61_docxodus.docx — 
never reached in 3 batch pass(es)
2026-09-30 00:45:56.754 | ERROR    | __main__:_convert_batched:1730 -  FAIL: 
d6a1c42901_super_editor__diff_before16_f518c031__vs__0e08fd6d80_super_editor__di
ff_before19_97e0f4e6_redline_0868ef9501_docxodus.docx — never reached in 3 batch
pass(es)
2026-09-30 00:45:56.755 | ERROR    | __main__:_convert_batched:1730 -  FAIL: 
d6bd58bac2_behavior__math_nary_tests_dde91168__vs__e6fdfb6f2f_behavior__math_pha
ntom_tests_263131a8_redline_d83a0cf466_docxodus.docx — never reached in 3 batch 
pass(es)
2026-09-30 00:45:56.756 | ERROR    | __main__:_convert_batched:1730 -  FAIL: 
d6ef87dca7_budget_report_q1_2026_suggesting_insertions__vs__c63bc323ce_bullet_li
st_bold_demo_id_paraid_overflow_redline_d90c6d15c6_docxodus.docx — never reached
in 3 batch pass(es)
2026-09-30 00:45:56.757 | ERROR    | __main__:_convert_batched:1730 -  FAIL: 
d73737e359_file_195__vs__badc3ff7cc_file_196_redline_160580d245_docxodus.docx — 
never reached in 3 batch pass(es)
2026-09-30 00:45:56.758 | ERROR    | __main__:_convert_batched:1730 -  FAIL: 
d7458be405_ac850c4ad0ef9f18aaf445fab4b43d7459ab021b787e9cad__vs__427d7a2d2d_7e8d
9f20dd82c00a2859abf9b9376f0135d127718ca9891e_redline_224f62fecb_docxodus.docx — 
never reached in 3 batch pass(es)
2026-09-30 00:45:56.758 | ERROR    | __main__:_convert_batched:1730 -  FAIL: 
d74d507271_heading_3_style_demo_id_paraid_overflow__vs__2e3c742956_heading_4_rig
ht_italic_id_paraid_overflow_redline_60c2a0122c_docxodus.docx — never reached in
3 batch pass(es)
2026-09-30 00:45:56.759 | ERROR    | __main__:_convert_batched:1730 -  FAIL: 
d7c6d7eb36_green_underline_bullet_list_id_paraid_overflow__vs__4dff3f0ab2_headin
g_1_bold_demo_id_paraid_overflow_redline_b9ff71bba4_docxodus.docx — never 
reached in 3 batch pass(es)
2026-09-30 00:45:56.760 | ERROR    | __main__:_convert_batched:1730 -  FAIL: 
d7c6d7eb36_green_underline_bullet_list_id_paraid_overflow__vs__c5763a90ce_header
_no_rels_redline_1b7bd516c0_docxodus.docx — never reached in 3 batch pass(es)
2026-09-30 00:45:56.761 | ERROR    | __main__:_convert_batched:1730 -  FAIL: 
d7ff239301_verdana_bold_large_font_id_paraid_overflow__vs__0e9f510da4_verdana_fo
nt_demo_id_paraid_overflow_2_redline_f41944e3ec_docxodus.docx — never reached in
3 batch pass(es)
2026-09-30 00:45:56.761 | ERROR    | __main__:_convert_batched:1730 -  FAIL: 
d86ec4bf8f_bold_red_text_combo_id_paraid_overflow__vs__c5b63f5273_bold_superscri
pt_demo_style_default_missing_redline_910740cdcc_docxodus.docx — never reached 
in 3 batch pass(es)
2026-09-30 00:45:56.762 | ERROR    | __main__:_convert_batched:1730 -  FAIL: 
d8eda36137_file_34__vs__af5e239443_file_35_redline_09e86d8ba9_docxodus.docx — 
never reached in 3 batch pass(es)
2026-09-30 00:45:56.763 | ERROR    | __main__:_convert_batched:1730 -  FAIL: 
d8f8e09b6e_file_125__vs__1ea717ddd6_file_126_redline_0389c885c1_docxodus.docx — 
never reached in 3 batch pass(es)
2026-09-30 00:45:56.763 | ERROR    | __main__:_convert_batched:1730 -  FAIL: 
d9321981c0_4152fc2c61833859abf17195561c7b789ee5f2672881e477__vs__c0244672eb_45b4
c6e76930adcb64f88166517b8bfc7e7c963a1a342b4c_redline_4b66d5f6e9_docxodus.docx — 
never reached in 3 batch pass(es)
2026-09-30 00:45:56.764 | ERROR    | __main__:_convert_batched:1730 -  FAIL: 
d9947eda5e_strikethrough_and_italic_combo_id_paraid_overflo__vs__cc8fe57f46_stri
kethrough_bold_demo_id_paraid_overflow_redline_4240c86ddb_docxodus.docx — never 
reached in 3 batch pass(es)
2026-09-30 00:45:56.765 | ERROR    | __main__:_convert_batched:1730 -  FAIL: 
d996bef4c8_docx_lots_of_comments_addition_removal_redline__vs__bcae83f080_docx_l
ots_of_comments_addition_removal_redline_af1d2b843d_docxodus.docx — never 
reached in 3 batch pass(es)
2026-09-30 00:45:56.766 | ERROR    | __main__:_convert_batched:1730 -  FAIL: 
d9cd734a9d_calibri_heading_2_right_id_paraid_overflow__vs__4bc7274333_center_ali
gned_bold_text_id_paraid_overflow_redline_0deff960e1_docxodus.docx — never 
reached in 3 batch pass(es)
2026-09-30 00:45:56.767 | ERROR    | __main__:_convert_batched:1730 -  FAIL: 
da0d11d072_file_23__vs__18b0cf8b48_file_24_redline_e33437ea5f_docxodus.docx — 
never reached in 3 batch pass(es)
2026-09-30 00:45:56.768 | ERROR    | __main__:_convert_batched:1730 -  FAIL: 
da1c3af0e0_250744bec97b45c445cac252da1aa0372e31c1fc8ca3fdc3__vs__d556f5f45b_5dc0
680e3d155bb0cecd3e5dfcfae46baafc12e2e6659a70_redline_d883adc484_docxodus.docx — 
never reached in 3 batch pass(es)
2026-09-30 00:45:56.769 | ERROR    | __main__:_convert_batched:1730 -  FAIL: 
da2ab05f0b_file_50__vs__583fd6d9cb_file_51_redline_99430d9c30_docxodus.docx — 
never reached in 3 batch pass(es)
2026-09-30 00:45:56.769 | ERROR    | __main__:_convert_batched:1730 -  FAIL: 
da68abdf72_blue_centered_title_demo_style_default_missing__vs__6a4d8ea70c_blue_i
talic_text_demo_id_paraid_overflow_redline_15f013e680_docxodus.docx — never 
reached in 3 batch pass(es)
2026-09-30 00:45:56.773 | ERROR    | __main__:_convert_batched:1730 -  FAIL: 
dab21ab21f_602f0dda46268a3316770fda51ab3a6649cc2d389000e3d9__vs__8c010ff2c5_3b89
226c167b882562c5ad6dbe93dac0dcbeaf9ee9619f05_redline_2ceeca3948_docxodus.docx — 
never reached in 3 batch pass(es)
2026-09-30 00:45:56.774 | ERROR    | __main__:_convert_batched:1730 -  FAIL: 
dab313767f_red_heading_demo_id_paraid_overflow__vs__ba06c848cd_red_strikethrough
_demo_style_default_missing_redline_645206eff8_docxodus.docx — never reached in 
3 batch pass(es)
2026-09-30 00:45:56.775 | ERROR    | __main__:_convert_batched:1730 -  FAIL: 
dabf50d5d5_0071cf0910cc71fed86712d86afe96a45cf5c937af9aa006__vs__1424386e9b_0174
47de83753a0e3b7afc659df038ef56972925336c6a5b_redline_5d6ae5ad0c_docxodus.docx — 
never reached in 3 batch pass(es)
2026-09-30 00:45:56.776 | ERROR    | __main__:_convert_batched:1730 -  FAIL: 
dabf50d5d5_0071cf0910cc71fed86712d86afe96a45cf5c937af9aa006__vs__2773adf157_0004
c94ca2a8684d47449bb0e7abf87de1df71a7e6543252_redline_22e2c276ac_docxodus.docx — 
never reached in 3 batch pass(es)
2026-09-30 00:45:56.777 | ERROR    | __main__:_convert_batched:1730 -  FAIL: 
dabf50d5d5_0071cf0910cc71fed86712d86afe96a45cf5c937af9aa006__vs__2e04202552_000e
3e7bd2d6215fc7b469cc3e296c1b2a510bc1abc7e0fd_redline_7ebe43c5c3_docxodus.docx — 
never reached in 3 batch pass(es)
2026-09-30 00:45:56.778 | ERROR    | __main__:_convert_batched:1730 -  FAIL: 
dabf50d5d5_0071cf0910cc71fed86712d86afe96a45cf5c937af9aa006__vs__333bfe069a_0034
16d620331122b93b434dad901db5836f60d2cad4b533_redline_af8426400b_docxodus.docx — 
never reached in 3 batch pass(es)
2026-09-30 00:45:56.779 | ERROR    | __main__:_convert_batched:1730 -  FAIL: 
dabf50d5d5_0071cf0910cc71fed86712d86afe96a45cf5c937af9aa006__vs__342f364d46_0013
42333d45627868f4dc5282abbba4598a91b4a7584b08_redline_c0cedbcb4c_docxodus.docx — 
never reached in 3 batch pass(es)
2026-09-30 00:45:56.779 | ERROR    | __main__:_convert_batched:1730 -  FAIL: 
dabf50d5d5_0071cf0910cc71fed86712d86afe96a45cf5c937af9aa006__vs__5203829c7a_001c
c92b88566d5f930fe57f25813c0bf52a7bdc72c217d0_redline_1fadb8e6ce_docxodus.docx — 
never reached in 3 batch pass(es)
2026-09-30 00:45:56.780 | ERROR    | __main__:_convert_batched:1730 -  FAIL: 
dabf50d5d5_0071cf0910cc71fed86712d86afe96a45cf5c937af9aa006__vs__a5f2b9318d_002a
a60c2ae1187417b4b157c5ec6450324cc056ec551a12_redline_712a7baac9_docxodus.docx — 
never reached in 3 batch pass(es)
2026-09-30 00:45:56.782 | ERROR    | __main__:_convert_batched:1730 -  FAIL: 
dabf50d5d5_0071cf0910cc71fed86712d86afe96a45cf5c937af9aa006__vs__aa5340125d_00a4
b0b91e9b5b072dc3771391c2d608518690eccf44eae8_redline_8276bf6a07_docxodus.docx — 
never reached in 3 batch pass(es)
2026-09-30 00:45:56.783 | ERROR    | __main__:_convert_batched:1730 -  FAIL: 
dabf50d5d5_0071cf0910cc71fed86712d86afe96a45cf5c937af9aa006__vs__bd3824dd1e_000e
e64ef7226d353297888f59a251e24ce5d776fea000fa_redline_b445ea52f3_docxodus.docx — 
never reached in 3 batch pass(es)
2026-09-30 00:45:56.784 | ERROR    | __main__:_convert_batched:1730 -  FAIL: 
dabf50d5d5_0071cf0910cc71fed86712d86afe96a45cf5c937af9aa006__vs__deff0e697a_00b5
defcad6e58038eac35472a2d48c89905068e5ece0cc3_redline_ee62e16f5f_docxodus.docx — 
never reached in 3 batch pass(es)
2026-09-30 00:45:56.784 | ERROR    | __main__:_convert_batched:1730 -  FAIL: 
db58606d21_ea89a0fd6027d4b8e4d9e2700565ab56eea566e56c37b709__vs__f674383583_0a13
797c389da172501896a9b68dd7d748a608831c242794_redline_3a4ab865d1_docxodus.docx — 
never reached in 3 batch pass(es)
2026-09-30 00:45:56.785 | ERROR    | __main__:_convert_batched:1730 -  FAIL: 
db6a0b6f7a_7a2b4cfb614044966a2ecec65892fac70d6edfab784e7138__vs__b6ba6a6fcf_7eb8
42c8b5bd1e2a6a3f0cf79b76c74f77da2897a7cb7add_redline_64fdc8895b_docxodus.docx — 
never reached in 3 batch pass(es)
2026-09-30 00:45:56.786 | ERROR    | __main__:_convert_batched:1730 -  FAIL: 
dc0cc27640_00749d7a966661b332df84521285ab93426ed3a255523f39__vs__2773adf157_0004
c94ca2a8684d47449bb0e7abf87de1df71a7e6543252_redline_4591e9753b_docxodus.docx — 
never reached in 3 batch pass(es)
2026-09-30 00:45:56.788 | ERROR    | __main__:_convert_batched:1730 -  FAIL: 
dc0cc27640_00749d7a966661b332df84521285ab93426ed3a255523f39__vs__2e04202552_000e
3e7bd2d6215fc7b469cc3e296c1b2a510bc1abc7e0fd_redline_e61238bd61_docxodus.docx — 
never reached in 3 batch pass(es)
2026-09-30 00:45:56.789 | ERROR    | __main__:_convert_batched:1730 -  FAIL: 
dc0cc27640_00749d7a966661b332df84521285ab93426ed3a255523f39__vs__333bfe069a_0034
16d620331122b93b434dad901db5836f60d2cad4b533_redline_9927a758f4_docxodus.docx — 
never reached in 3 batch pass(es)
2026-09-30 00:45:56.790 | ERROR    | __main__:_convert_batched:1730 -  FAIL: 
dc0cc27640_00749d7a966661b332df84521285ab93426ed3a255523f39__vs__342f364d46_0013
42333d45627868f4dc5282abbba4598a91b4a7584b08_redline_de3fd1e089_docxodus.docx — 
never reached in 3 batch pass(es)
2026-09-30 00:45:56.790 | ERROR    | __main__:_convert_batched:1730 -  FAIL: 
dc0cc27640_00749d7a966661b332df84521285ab93426ed3a255523f39__vs__5203829c7a_001c
c92b88566d5f930fe57f25813c0bf52a7bdc72c217d0_redline_e8b19581fa_docxodus.docx — 
never reached in 3 batch pass(es)
2026-09-30 00:45:56.791 | ERROR    | __main__:_convert_batched:1730 -  FAIL: 
dc0cc27640_00749d7a966661b332df84521285ab93426ed3a255523f39__vs__a5f2b9318d_002a
a60c2ae1187417b4b157c5ec6450324cc056ec551a12_redline_d5bbbf45e3_docxodus.docx — 
never reached in 3 batch pass(es)
2026-09-30 00:45:56.793 | ERROR    | __main__:_convert_batched:1730 -  FAIL: 
dc0cc27640_00749d7a966661b332df84521285ab93426ed3a255523f39__vs__aa5340125d_00a4
b0b91e9b5b072dc3771391c2d608518690eccf44eae8_redline_f007ed2234_docxodus.docx — 
never reached in 3 batch pass(es)
2026-09-30 00:45:56.794 | ERROR    | __main__:_convert_batched:1730 -  FAIL: 
dc0cc27640_00749d7a966661b332df84521285ab93426ed3a255523f39__vs__bd3824dd1e_000e
e64ef7226d353297888f59a251e24ce5d776fea000fa_redline_4428350d59_docxodus.docx — 
never reached in 3 batch pass(es)
2026-09-30 00:45:56.795 | ERROR    | __main__:_convert_batched:1730 -  FAIL: 
dc0cc27640_00749d7a966661b332df84521285ab93426ed3a255523f39__vs__deff0e697a_00b5
defcad6e58038eac35472a2d48c89905068e5ece0cc3_redline_3c6ff98415_docxodus.docx — 
never reached in 3 batch pass(es)
2026-09-30 00:45:56.797 | ERROR    | __main__:_convert_batched:1730 -  FAIL: 
dc40c7300f_complex_style_attr__vs__eab8aeea1f_contract_review_suggesting_inserti
ons_redline_f88098d013_docxodus.docx — never reached in 3 batch pass(es)
2026-09-30 00:45:56.799 | ERROR    | __main__:_convert_batched:1730 -  FAIL: 
dc66d763bc_fec394f21f9976317331f424bc24fa626c64ef3eae731937__vs__7356457460_f714
34771e5404921d041fe82138aad9b59627f3e83d1057_redline_70c30e926c_docxodus.docx — 
never reached in 3 batch pass(es)
2026-09-30 00:45:56.800 | ERROR    | __main__:_convert_batched:1730 -  FAIL: 
dc6cf74a76_hr_onboarding_checklist_table__vs__308862bb53_i_am_sharing_microsoft_
word_vs_google_docs_compr_redline_e10275b787_docxodus.docx — never reached in 3 
batch pass(es)
2026-09-30 00:45:56.801 | ERROR    | __main__:_convert_batched:1730 -  FAIL: 
dccd86b590_bold_text_formatting_demo_id_paraid_overflow_2__vs__54655f6dc4_bold_t
ext_formatting_demo_id_paraid_overflow_redline_7d4eadac58_docxodus.docx — never 
reached in 3 batch pass(es)
2026-09-30 00:45:56.802 | ERROR    | __main__:_convert_batched:1730 -  FAIL: 
dccd972179_file_142__vs__0483e899af_file_143_redline_0c5aa7e2b1_docxodus.docx — 
never reached in 3 batch pass(es)
2026-09-30 00:45:56.802 | ERROR    | __main__:_convert_batched:1730 -  FAIL: 
dcee9f23ae_8f82a1a17d45527b203aae94e56227008fff487a866706c1__vs__f68348e67c_6f5d
d23f809f9aac4460fcad9319090bf6b779f38a68f688_redline_295bf39150_docxodus.docx — 
never reached in 3 batch pass(es)
2026-09-30 00:45:56.803 | ERROR    | __main__:_convert_batched:1730 -  FAIL: 
dcf7dd476f_super_editor__superdoc_table_tester_3b2de2e1__vs__9ef2a93274_super_ed
itor__tab_alignment_test_184edb5d_redline_be202a3b7a_docxodus.docx — never 
reached in 3 batch pass(es)
2026-09-30 00:45:56.804 | ERROR    | __main__:_convert_batched:1730 -  FAIL: 
dd0740a46d_f4b0f5de2361f5c7c4f1255df6c880c566d5739593fb71ad__vs__8a18def1d8_f357
e874a1271b31697d8e291fdb56d6696ead9465213720_redline_8fd645df6f_docxodus.docx — 
never reached in 3 batch pass(es)
2026-09-30 00:45:56.805 | ERROR    | __main__:_convert_batched:1730 -  FAIL: 
dd36ffac72_file_102__vs__a378be6fbe_file_103_redline_7acc1c7bb7_docxodus.docx — 
never reached in 3 batch pass(es)
2026-09-30 00:45:56.805 | ERROR    | __main__:_convert_batched:1730 -  FAIL: 
dd6dbfb284_super_editor__diff_after2_fc1e0763__vs__14211b982b_super_editor__simp
le_ordered_list_8288421a_redline_6529d3bcd8_docxodus.docx — never reached in 3 
batch pass(es)
2026-09-30 00:45:56.806 | ERROR    | __main__:_convert_batched:1730 -  FAIL: 
dd85373a71_008b84e05498068c49efc5a0b73f9d5ae7992f045de8c514__vs__1424386e9b_0174
47de83753a0e3b7afc659df038ef56972925336c6a5b_redline_5197653693_docxodus.docx — 
never reached in 3 batch pass(es)
2026-09-30 00:45:56.807 | ERROR    | __main__:_convert_batched:1730 -  FAIL: 
dd85373a71_008b84e05498068c49efc5a0b73f9d5ae7992f045de8c514__vs__2773adf157_0004
c94ca2a8684d47449bb0e7abf87de1df71a7e6543252_redline_717c57bbca_docxodus.docx — 
never reached in 3 batch pass(es)
2026-09-30 00:45:56.808 | ERROR    | __main__:_convert_batched:1730 -  FAIL: 
dd85373a71_008b84e05498068c49efc5a0b73f9d5ae7992f045de8c514__vs__2e04202552_000e
3e7bd2d6215fc7b469cc3e296c1b2a510bc1abc7e0fd_redline_710426a66c_docxodus.docx — 
never reached in 3 batch pass(es)
2026-09-30 00:45:56.809 | ERROR    | __main__:_convert_batched:1730 -  FAIL: 
dd85373a71_008b84e05498068c49efc5a0b73f9d5ae7992f045de8c514__vs__333bfe069a_0034
16d620331122b93b434dad901db5836f60d2cad4b533_redline_18b8ae1706_docxodus.docx — 
never reached in 3 batch pass(es)
2026-09-30 00:45:56.809 | ERROR    | __main__:_convert_batched:1730 -  FAIL: 
dd85373a71_008b84e05498068c49efc5a0b73f9d5ae7992f045de8c514__vs__342f364d46_0013
42333d45627868f4dc5282abbba4598a91b4a7584b08_redline_eec0e628c9_docxodus.docx — 
never reached in 3 batch pass(es)
2026-09-30 00:45:56.810 | ERROR    | __main__:_convert_batched:1730 -  FAIL: 
dd85373a71_008b84e05498068c49efc5a0b73f9d5ae7992f045de8c514__vs__5203829c7a_001c
c92b88566d5f930fe57f25813c0bf52a7bdc72c217d0_redline_10f5d0ee17_docxodus.docx — 
never reached in 3 batch pass(es)
2026-09-30 00:45:56.812 | ERROR    | __main__:_convert_batched:1730 -  FAIL: 
dd85373a71_008b84e05498068c49efc5a0b73f9d5ae7992f045de8c514__vs__aa5340125d_00a4
b0b91e9b5b072dc3771391c2d608518690eccf44eae8_redline_c9e5aa6529_docxodus.docx — 
never reached in 3 batch pass(es)
2026-09-30 00:45:56.813 | ERROR    | __main__:_convert_batched:1730 -  FAIL: 
dd85373a71_008b84e05498068c49efc5a0b73f9d5ae7992f045de8c514__vs__bd3824dd1e_000e
e64ef7226d353297888f59a251e24ce5d776fea000fa_redline_9271515406_docxodus.docx — 
never reached in 3 batch pass(es)
2026-09-30 00:45:56.814 | ERROR    | __main__:_convert_batched:1730 -  FAIL: 
dd85373a71_008b84e05498068c49efc5a0b73f9d5ae7992f045de8c514__vs__deff0e697a_00b5
defcad6e58038eac35472a2d48c89905068e5ece0cc3_redline_434990bdb3_docxodus.docx — 
never reached in 3 batch pass(es)
2026-09-30 00:45:56.815 | ERROR    | __main__:_convert_batched:1730 -  FAIL: 
dd9c48af48_2239b06c2a4d399cef8befe79b1fbea969cac79f1f994a24__vs__4a0a25d62c_02cb
cefb8dc888f4ba5d051f869b3d23d3bebeed4fda49fd_redline_5fab6dba51_docxodus.docx — 
never reached in 3 batch pass(es)
2026-09-30 00:45:56.816 | ERROR    | __main__:_convert_batched:1730 -  FAIL: 
ddfa313a5f_super_editor__list_with_break_from_word_5cc0d638__vs__a24b3782e4_supe
r_editor__list_with_table_break_ff0c4c1f_redline_9c011bc33d_docxodus.docx — 
never reached in 3 batch pass(es)
2026-09-30 00:45:56.817 | ERROR    | __main__:_convert_batched:1730 -  FAIL: 
de2a4c9936_marketing_strategy_2026_suggesting_insertions__vs__90e2c33814_meeting
_agenda_table_2_redline_cf4189e197_docxodus.docx — never reached in 3 batch 
pass(es)
2026-09-30 00:45:56.819 | ERROR    | __main__:_convert_batched:1730 -  FAIL: 
de3c6fded9_super_editor__doc_with_spacing_e3d47bd7__vs__7692b33045_super_editor_
_list_with_break_exported_broken_45_redline_8084ef19f0_docxodus.docx — never 
reached in 3 batch pass(es)
2026-09-30 00:45:56.820 | ERROR    | __main__:_convert_batched:1730 -  FAIL: 
de3c6fded9_super_editor__doc_with_spacing_e3d47bd7__vs__de8054b3bc_super_editor_
_image_p_spacing_9b211fd7_redline_4cfbb558a3_docxodus.docx — never reached in 3 
batch pass(es)
2026-09-30 00:45:56.821 | ERROR    | __main__:_convert_batched:1730 -  FAIL: 
de3c6fded9_super_editor__doc_with_spacing_e3d47bd7__vs__e8d299e041_super_editor_
_dropcaps_520cd049_redline_84b1a5774e_docxodus.docx — never reached in 3 batch 
pass(es)
2026-09-30 00:45:56.821 | ERROR    | __main__:_convert_batched:1730 -  FAIL: 
de8054b3bc_super_editor__image_p_spacing_9b211fd7__vs__420a528aa0_super_editor__
instrtext_angled_brackets_bug_ed56_redline_639d40ef20_docxodus.docx — never 
reached in 3 batch pass(es)
2026-09-30 00:45:56.822 | ERROR    | __main__:_convert_batched:1730 -  FAIL: 
de8054b3bc_super_editor__image_p_spacing_9b211fd7__vs__e8d299e041_super_editor__
dropcaps_520cd049_redline_0a268c59fc_docxodus.docx — never reached in 3 batch 
pass(es)
2026-09-30 00:45:56.823 | ERROR    | __main__:_convert_batched:1730 -  FAIL: 
df3c3e7c40_behavior__math_func_tests_0434dd11__vs__7c87c9cd93_super_editor__comp
lex_list_def_short_fde20a67_redline_07538260d7_docxodus.docx — never reached in 
3 batch pass(es)
2026-09-30 00:45:56.824 | ERROR    | __main__:_convert_batched:1730 -  FAIL: 
df5f785d0e_track_changes_suggesting_heading_id_paraid_overf__vs__5bda783eb2_trac
k_changes_suggesting_italic_id_paraid_overfl_redline_70a9751540_docxodus.docx — 
never reached in 3 batch pass(es)
2026-09-30 00:45:56.825 | ERROR    | __main__:_convert_batched:1730 -  FAIL: 
dfa2ef3eca_4a9c82a108ab0a6e02adfcb1b7c40eca14c15c235601b43b__vs__9dade723b7_2da9
c613cbce9974bbec12df723d6d4f5589af94e5cebbd6_redline_781108f31a_docxodus.docx — 
never reached in 3 batch pass(es)
2026-09-30 00:45:56.826 | ERROR    | __main__:_convert_batched:1730 -  FAIL: 
e06360ad93_895dbdb5cb68e336d5f090a2e2db02328ed308aa8ddad9a8__vs__13b4616434_03a5
26d1d0d4fc425eae01a06f59f62b887b13a5cfbbbde5_redline_c5163ef00a_docxodus.docx — 
never reached in 3 batch pass(es)
2026-09-30 00:45:56.827 | ERROR    | __main__:_convert_batched:1730 -  FAIL: 
e0c027b1ca_meeting_agenda_table__vs__87f3bff234_meeting_minutes_id_paraid_overfl
ow_redline_1a0e553bcd_docxodus.docx — never reached in 3 batch pass(es)
2026-09-30 00:45:56.828 | ERROR    | __main__:_convert_batched:1730 -  FAIL: 
e0c966e5ff_file_83__vs__0619bc1b1d_file_84_redline_ef42391c98_docxodus.docx — 
never reached in 3 batch pass(es)
2026-09-30 00:45:56.828 | ERROR    | __main__:_convert_batched:1730 -  FAIL: 
e0e6c96bb7_heading_3_style_demo_id_paraid_overflow__vs__8c730b5c80_heading_4_rig
ht_italic_id_paraid_overflow_redline_2e47503344_docxodus.docx — never reached in
3 batch pass(es)
2026-09-30 00:45:56.829 | ERROR    | __main__:_convert_batched:1730 -  FAIL: 
e0f4b08c23_83f64817282408df4115d6b1ef633eae270e12369098f8bb__vs__f94c56aefc_5da2
28de557ae69509564519e7e940c13f94199ac4cbd002_redline_6d23548b54_docxodus.docx — 
never reached in 3 batch pass(es)
2026-09-30 00:45:56.830 | ERROR    | __main__:_convert_batched:1730 -  FAIL: 
e1047ee31c_97e599309df89c311961a7d44aeb414231354ebe786ba2a0__vs__0278e9298d_f3a3
a94e08be4e5cce05139444d92dfbfc60bfe1ad839671_redline_8ebf34fee2_docxodus.docx — 
never reached in 3 batch pass(es)
2026-09-30 00:45:56.831 | ERROR    | __main__:_convert_batched:1730 -  FAIL: 
e11fc429b2_29540ef11ec3fc04ba1bca353f5140559c4b03e76516c7a7__vs__0f6e71381a_7057
d180ffd30c96a71aa95e32993d39bf2e59a1eff850b7_redline_b461d6f797_docxodus.docx — 
never reached in 3 batch pass(es)
2026-09-30 00:45:56.832 | ERROR    | __main__:_convert_batched:1730 -  FAIL: 
e1201c51d4_italic_subscript_demo_style_default_missing__vs__3fc14675e5_italic_te
xt_formatting_demo_id_paraid_overflow_2_redline_80188ee236_docxodus.docx — never
reached in 3 batch pass(es)
2026-09-30 00:45:56.833 | ERROR    | __main__:_convert_batched:1730 -  FAIL: 
e124592dd0_e8735707c6583763f32f7f53c7c73aaa1e555ea8afae61dc__vs__23b2146e32_1461
cd3e23ccb24ba6585120b146d4148bfe03b4d38be305_redline_7825f4bf9e_docxodus.docx — 
never reached in 3 batch pass(es)
2026-09-30 00:45:56.834 | ERROR    | __main__:_convert_batched:1730 -  FAIL: 
e12998d969_31a07e63d6c64e6c910dd78dd0cd0daf230c123da91e19fd__vs__c4fca65332_c3ea
38d80a2751db02d15f6c9d06ee440d9265ab5cd44858_redline_f530e02882_docxodus.docx — 
never reached in 3 batch pass(es)
2026-09-30 00:45:56.835 | ERROR    | __main__:_convert_batched:1730 -  FAIL: 
e1771b0063_word_tolerated_misplaced_uipriority__vs__cbb3bab843_word_tolerated_or
phan_comment_redline_6532beda4d_docxodus.docx — never reached in 3 batch 
pass(es)
2026-09-30 00:45:56.836 | ERROR    | __main__:_convert_batched:1730 -  FAIL: 
e1c745d784_008243ee20adecbf2ae39c9e6809b022076aa166a4a4f9ec__vs__1424386e9b_0174
47de83753a0e3b7afc659df038ef56972925336c6a5b_redline_ad9991c93b_docxodus.docx — 
never reached in 3 batch pass(es)
2026-09-30 00:45:56.837 | ERROR    | __main__:_convert_batched:1730 -  FAIL: 
e1c745d784_008243ee20adecbf2ae39c9e6809b022076aa166a4a4f9ec__vs__2e04202552_000e
3e7bd2d6215fc7b469cc3e296c1b2a510bc1abc7e0fd_redline_e955dc97c5_docxodus.docx — 
never reached in 3 batch pass(es)
2026-09-30 00:45:56.838 | ERROR    | __main__:_convert_batched:1730 -  FAIL: 
e1c745d784_008243ee20adecbf2ae39c9e6809b022076aa166a4a4f9ec__vs__333bfe069a_0034
16d620331122b93b434dad901db5836f60d2cad4b533_redline_ef88f5b119_docxodus.docx — 
never reached in 3 batch pass(es)
2026-09-30 00:45:56.839 | ERROR    | __main__:_convert_batched:1730 -  FAIL: 
e1c745d784_008243ee20adecbf2ae39c9e6809b022076aa166a4a4f9ec__vs__342f364d46_0013
42333d45627868f4dc5282abbba4598a91b4a7584b08_redline_f2d5c31673_docxodus.docx — 
never reached in 3 batch pass(es)
2026-09-30 00:45:56.840 | ERROR    | __main__:_convert_batched:1730 -  FAIL: 
e1c745d784_008243ee20adecbf2ae39c9e6809b022076aa166a4a4f9ec__vs__5203829c7a_001c
c92b88566d5f930fe57f25813c0bf52a7bdc72c217d0_redline_3126b6b3e9_docxodus.docx — 
never reached in 3 batch pass(es)
2026-09-30 00:45:56.841 | ERROR    | __main__:_convert_batched:1730 -  FAIL: 
e1c745d784_008243ee20adecbf2ae39c9e6809b022076aa166a4a4f9ec__vs__a5f2b9318d_002a
a60c2ae1187417b4b157c5ec6450324cc056ec551a12_redline_1d701da57f_docxodus.docx — 
never reached in 3 batch pass(es)
2026-09-30 00:45:56.842 | ERROR    | __main__:_convert_batched:1730 -  FAIL: 
e1c745d784_008243ee20adecbf2ae39c9e6809b022076aa166a4a4f9ec__vs__aa5340125d_00a4
b0b91e9b5b072dc3771391c2d608518690eccf44eae8_redline_4b8e914996_docxodus.docx — 
never reached in 3 batch pass(es)
2026-09-30 00:45:56.843 | ERROR    | __main__:_convert_batched:1730 -  FAIL: 
e1c745d784_008243ee20adecbf2ae39c9e6809b022076aa166a4a4f9ec__vs__bd3824dd1e_000e
e64ef7226d353297888f59a251e24ce5d776fea000fa_redline_cbe8b159d8_docxodus.docx — 
never reached in 3 batch pass(es)
2026-09-30 00:45:56.844 | ERROR    | __main__:_convert_batched:1730 -  FAIL: 
e1c745d784_008243ee20adecbf2ae39c9e6809b022076aa166a4a4f9ec__vs__deff0e697a_00b5
defcad6e58038eac35472a2d48c89905068e5ece0cc3_redline_78beb60a00_docxodus.docx — 
never reached in 3 batch pass(es)
2026-09-30 00:45:56.845 | ERROR    | __main__:_convert_batched:1730 -  FAIL: 
e1f382e06c_c512809c25bd7361b876bd88b03147374825a08ffa6c421b__vs__913a803ec0_a483
c05b535722ddc8401af50faf88e818b8c9e8730f3734_redline_86a8674d54_docxodus.docx — 
never reached in 3 batch pass(es)
2026-09-30 00:45:56.846 | ERROR    | __main__:_convert_batched:1730 -  FAIL: 
e29df71807_bold_underline_highlight_demo_id_paraid_overflow__vs__4c0d04c85d_book
_catalog_id_paraid_overflow_redline_385d51f24e_docxodus.docx — never reached in 
3 batch pass(es)
2026-09-30 00:45:56.847 | ERROR    | __main__:_convert_batched:1730 -  FAIL: 
e2c5596170_file_107__vs__f0c3934ae6_file_108_redline_6fbc538640_docxodus.docx — 
never reached in 3 batch pass(es)
2026-09-30 00:45:56.847 | ERROR    | __main__:_convert_batched:1730 -  FAIL: 
e33b9d6f5c_file_150__vs__78338ff080_file_151_redline_6b8b7bf9cb_docxodus.docx — 
never reached in 3 batch pass(es)
2026-09-30 00:45:56.849 | ERROR    | __main__:_convert_batched:1730 -  FAIL: 
e355cec096_small_font_size_demo_id_paraid_overflow__vs__60697d46b7_strict01_redl
ine_0cd32d67b2_docxodus.docx — never reached in 3 batch pass(es)
2026-09-30 00:45:56.849 | ERROR    | __main__:_convert_batched:1730 -  FAIL: 
e3d152989b_behavior__math_eqarr_tests_40a1adb0__vs__89b44c96a7_super_editor__sdt
s_basic_45263ca5_redline_331221556e_docxodus.docx — never reached in 3 batch 
pass(es)
2026-09-30 00:45:56.850 | ERROR    | __main__:_convert_batched:1730 -  FAIL: 
e3d152989b_behavior__math_eqarr_tests_40a1adb0__vs__df3c3e7c40_behavior__math_fu
nc_tests_0434dd11_redline_3b995e1708_docxodus.docx — never reached in 3 batch 
pass(es)
2026-09-30 00:45:56.851 | ERROR    | __main__:_convert_batched:1730 -  FAIL: 
e3d25f2c7f_file_55__vs__9b18b79637_file_56_redline_2299b4b69b_docxodus.docx — 
never reached in 3 batch pass(es)
2026-09-30 00:45:56.851 | ERROR    | __main__:_convert_batched:1730 -  FAIL: 
e3e56d833b_file_137__vs__3af6d3e09a_file_138_redline_2d5e060201_docxodus.docx — 
never reached in 3 batch pass(es)
2026-09-30 00:45:56.853 | ERROR    | __main__:_convert_batched:1730 -  FAIL: 
e4a3a561ca_eb69ea90d9396386d231b2853b5f141a4312bddb262d96e2__vs__c0bf650392_e83f
a17a4550bd0b6f71e3ef6a2c554a209aa2aea1a1d975_redline_3f56b101d2_docxodus.docx — 
never reached in 3 batch pass(es)
2026-09-30 00:45:56.854 | ERROR    | __main__:_convert_batched:1730 -  FAIL: 
e4ccea1362_mcdoc__vs__4d1c5d66f9_meeting_agenda_table_2_redline_8029bc78c5_docxo
dus.docx — never reached in 3 batch pass(es)
2026-09-30 00:45:56.854 | ERROR    | __main__:_convert_batched:1730 -  FAIL: 
e4e4a073e9_file_96__vs__60ba9c3639_file_97_redline_9ecc441a38_docxodus.docx — 
never reached in 3 batch pass(es)
2026-09-30 00:45:56.855 | ERROR    | __main__:_convert_batched:1730 -  FAIL: 
e4ecaf299a_e8734be8f3bad0f932748f9d1140c46156f7190a5d442720__vs__46d725d8b8_e25a
417f0e4225520e3f8c44ce765a4370a00e9882ef7f44_redline_6c9e1de72b_docxodus.docx — 
never reached in 3 batch pass(es)
2026-09-30 00:45:56.856 | ERROR    | __main__:_convert_batched:1730 -  FAIL: 
e51fcdfdbe_employee_review_john_smith_suggesting_insertions__vs__b1564f6aaf_font
_color_blue_demo_style_default_missing_redline_30eb0f2233_docxodus.docx — never 
reached in 3 batch pass(es)
2026-09-30 00:45:56.856 | ERROR    | __main__:_convert_batched:1730 -  FAIL: 
e54c9bd21f_aee15f6eb7a052860e1a38eeb505d1d72c95850f4d5a85c2__vs__07b195a037_9fbd
f087319a56301a305e3a3d60bcb13fe85bb880a5f8c5_redline_5822db382e_docxodus.docx — 
never reached in 3 batch pass(es)
2026-09-30 00:45:56.858 | ERROR    | __main__:_convert_batched:1730 -  FAIL: 
e57ad0eaa4_docx_lots_of_comments_addition__vs__6e2576a091_docx_lots_of_comments_
redline_92075b7449_docxodus.docx — never reached in 3 batch pass(es)
2026-09-30 00:45:56.859 | ERROR    | __main__:_convert_batched:1730 -  FAIL: 
e5f1784e51_13c06fd234679a761a3e6ed95578521ca4885d006cbb9585__vs__ff414aab54_1934
7b1070dc340b9b529b1d2c25367e8dfcee88e0b4d66f_redline_291f103d70_docxodus.docx — 
never reached in 3 batch pass(es)
2026-09-30 00:45:56.860 | ERROR    | __main__:_convert_batched:1730 -  FAIL: 
e60fdf3850_cc8d2643e287d327c1ec8acfc1add257d40ab32416908b4a__vs__11df314724_6ade
0e18e232d9ba178d04b99e4329f0375e1d97d66199ea_redline_736986d5e4_docxodus.docx — 
never reached in 3 batch pass(es)
2026-09-30 00:45:56.860 | ERROR    | __main__:_convert_batched:1730 -  FAIL: 
e616ed8a32_file_180__vs__194f96511f_file_181_redline_c2e1ec13df_docxodus.docx — 
never reached in 3 batch pass(es)
2026-09-30 00:45:56.861 | ERROR    | __main__:_convert_batched:1730 -  FAIL: 
e663016796_behavior__sd_2672_multipara_cell_4d1f068e__vs__2ba392cdd2_super_edito
r__broken_list_missing_items_36b4199e_redline_3b56113728_docxodus.docx — never 
reached in 3 batch pass(es)
2026-09-30 00:45:56.862 | ERROR    | __main__:_convert_batched:1730 -  FAIL: 
e663016796_behavior__sd_2672_multipara_cell_4d1f068e__vs__c620f64d24_super_edito
r__hyperlink_node_internal_1c0232f9_redline_59071be97f_docxodus.docx — never 
reached in 3 batch pass(es)
2026-09-30 00:45:56.863 | ERROR    | __main__:_convert_batched:1730 -  FAIL: 
e663016796_behavior__sd_2672_multipara_cell_4d1f068e__vs__cdf27ad0d3_behavior__s
d_2672_nested_table_dfac08bb_redline_11e0d1cba7_docxodus.docx — never reached in
3 batch pass(es)
2026-09-30 00:45:56.864 | ERROR    | __main__:_convert_batched:1730 -  FAIL: 
e67a78cb92_e7d0bae60d8af6cb04c2d2f9ea55d696c6306a76711199b1__vs__903433e005_e754
327442cd2e893e4babc59c841abdddaabad9dce051bc_redline_3e94824738_docxodus.docx — 
never reached in 3 batch pass(es)
2026-09-30 00:45:56.864 | ERROR    | __main__:_convert_batched:1730 -  FAIL: 
e69c316f39_file_179__vs__b3974bcc7b_file_180_redline_0f291ac37f_docxodus.docx — 
never reached in 3 batch pass(es)
2026-09-30 00:45:56.865 | ERROR    | __main__:_convert_batched:1730 -  FAIL: 
e6c8a6ec9b_file_164__vs__8d92ee6cb3_file_165_redline_14490291cc_docxodus.docx — 
never reached in 3 batch pass(es)
2026-09-30 00:45:56.865 | ERROR    | __main__:_convert_batched:1730 -  FAIL: 
e6fdfb6f2f_behavior__math_phantom_tests_263131a8__vs__0b1d0278ce_behavior__math_
radical_tests_4c1ce187_redline_0313f0be86_docxodus.docx — never reached in 3 
batch pass(es)
2026-09-30 00:45:56.866 | ERROR    | __main__:_convert_batched:1730 -  FAIL: 
e70f1134dd_super_editor__diff_before8_ba5faa9e__vs__420a528aa0_super_editor__ins
trtext_angled_brackets_bug_ed56_redline_2200a538c5_docxodus.docx — never reached
in 3 batch pass(es)
2026-09-30 00:45:56.867 | ERROR    | __main__:_convert_batched:1730 -  FAIL: 
e70f1134dd_super_editor__diff_before8_ba5faa9e__vs__671ff91b1d_behavior__sd_2750
_borderbox_7cd3768d_redline_0e6cc23727_docxodus.docx — never reached in 3 batch 
pass(es)
2026-09-30 00:45:56.868 | ERROR    | __main__:_convert_batched:1730 -  FAIL: 
e70f1134dd_super_editor__diff_before8_ba5faa9e__vs__f6e1c253ff_super_editor__dif
f_before9_9818a85f_redline_a33b8e810a_docxodus.docx — never reached in 3 batch 
pass(es)
2026-09-30 00:45:56.868 | ERROR    | __main__:_convert_batched:1730 -  FAIL: 
e78083cef0_file_32__vs__10a4a9d332_file_33_redline_57d6617649_docxodus.docx — 
never reached in 3 batch pass(es)
2026-09-30 00:45:56.869 | ERROR    | __main__:_convert_batched:1730 -  FAIL: 
e791c4281b_file_43__vs__52d068300a_file_44_redline_e7b87b3ff6_docxodus.docx — 
never reached in 3 batch pass(es)
2026-09-30 00:45:56.870 | ERROR    | __main__:_convert_batched:1730 -  FAIL: 
e7c343d697_34a28b1fb81444929cf7417c8ed40888a729f9f3ac415423__vs__bcdd633e09_2386
218ba0e1314b5be501f81d6d5888ccb9fd8335cfb307_redline_f0a2e4758f_docxodus.docx — 
never reached in 3 batch pass(es)
2026-09-30 00:45:56.871 | ERROR    | __main__:_convert_batched:1730 -  FAIL: 
e80d7d2b35_174817c3c4ceeaa392df716bfc5b2035dead4912efb0a54a__vs__b83d53a061_0b51
577fe8f261b7bbd09d6bc4b4f11cf85cb1a18e9b6f33_redline_12d5912031_docxodus.docx — 
never reached in 3 batch pass(es)
2026-09-30 00:45:56.871 | ERROR    | __main__:_convert_batched:1730 -  FAIL: 
e80f3a578d_file_130__vs__c54c269d79_file_131_redline_0e21c53a17_docxodus.docx — 
never reached in 3 batch pass(es)
2026-09-30 00:45:56.872 | ERROR    | __main__:_convert_batched:1730 -  FAIL: 
e81d1fa10c_behavior__pageref_standalone_uppercase_h_7701e07__vs__3d8acd6139_supe
r_editor__restart_numbering_sub_list_85ddcb7_redline_7a2fba99f1_docxodus.docx — 
never reached in 3 batch pass(es)
2026-09-30 00:45:56.873 | ERROR    | __main__:_convert_batched:1730 -  FAIL: 
e81d1fa10c_behavior__pageref_standalone_uppercase_h_7701e07__vs__906753e55b_supe
r_editor__table_c70ca973_redline_53102d5380_docxodus.docx — never reached in 3 
batch pass(es)
2026-09-30 00:45:56.873 | ERROR    | __main__:_convert_batched:1730 -  FAIL: 
e81d1fa10c_behavior__pageref_standalone_uppercase_h_7701e07__vs__a291bf4a73_beha
vior__rtl_header_footer_e1ac81f6_redline_2a6ac88d46_docxodus.docx — never 
reached in 3 batch pass(es)
2026-09-30 00:45:56.874 | ERROR    | __main__:_convert_batched:1730 -  FAIL: 
e855894947_4256746e0764d53f71723c390ba077e50881806719029dd6__vs__a9d810a3ad_65a2
d0c1ef78aaca9992ad2ace66032f5438435b43b338e9_redline_1a4f106bda_docxodus.docx — 
never reached in 3 batch pass(es)
2026-09-30 00:45:56.875 | ERROR    | __main__:_convert_batched:1730 -  FAIL: 
e871d6f4c9_sample_document_word_repair_of_our_output_word_r__vs__11856e25f6_smal
l_font_size_demo_id_paraid_overflow_redline_486822a083_docxodus.docx — never 
reached in 3 batch pass(es)
2026-09-30 00:45:56.876 | ERROR    | __main__:_convert_batched:1730 -  FAIL: 
e871d6f4c9_sample_document_word_repair_of_our_output_word_r__vs__48a455b7e7_sd_2
517_localized_heading_styles_redline_52f93a00df_docxodus.docx — never reached in
3 batch pass(es)
2026-09-30 00:45:56.876 | ERROR    | __main__:_convert_batched:1730 -  FAIL: 
e886422c26_times_new_roman_font_id_paraid_overflow__vs__54c0b3ed3d_title_style_c
entered_demo_id_paraid_overflow_redline_b71737269e_docxodus.docx — never reached
in 3 batch pass(es)
2026-09-30 00:45:56.879 | ERROR    | __main__:_convert_batched:1730 -  FAIL: 
e8d299e041_super_editor__dropcaps_520cd049__vs__1de41232b3_super_editor__exporte
d_list_font_8e6db734_redline_10001df1c7_docxodus.docx — never reached in 3 batch
pass(es)
2026-09-30 00:45:56.880 | ERROR    | __main__:_convert_batched:1730 -  FAIL: 
e8d333644e_employee_directory_table_2__vs__8eef85ebbd_employee_directory_table_r
edline_6eb86c50f8_docxodus.docx — never reached in 3 batch pass(es)
2026-09-30 00:45:56.880 | ERROR    | __main__:_convert_batched:1730 -  FAIL: 
e8e3e98133_496e2984f7995a419de190dbb9ccef317dc5d575303ee816__vs__c1d590fb6f_44a1
837cf9bb6d7969987b16fd411563618f0b170eca025d_redline_5316963640_docxodus.docx — 
never reached in 3 batch pass(es)
2026-09-30 00:45:56.882 | ERROR    | __main__:_convert_batched:1730 -  FAIL: 
e937906728_4ce0fcc29773b57d731ea2cf74f00cea1765facf87c314e3__vs__0a6015fd65_7d86
1e8e83ae31293d8d8390a3fe14e160d0ff79624c95de_redline_47c39c50c3_docxodus.docx — 
never reached in 3 batch pass(es)
2026-09-30 00:45:56.882 | ERROR    | __main__:_convert_batched:1730 -  FAIL: 
e9d5410452_file_191__vs__bffb81f86c_file_192_redline_0cbac1d96f_docxodus.docx — 
never reached in 3 batch pass(es)
2026-09-30 00:45:56.883 | ERROR    | __main__:_convert_batched:1730 -  FAIL: 
ea4bdc5108_4bbec363f57d79c46d57c5399b187c633daa72bb576d6eb1__vs__44f53394b0_272c
8f94f3fd187b3bd8581024dc8be7712ab9f38ce42964_redline_a2204e4435_docxodus.docx — 
never reached in 3 batch pass(es)
2026-09-30 00:45:56.884 | ERROR    | __main__:_convert_batched:1730 -  FAIL: 
ea7427b18a_super_editor__complex_list_def_issue_326369f9__vs__8e672e0a48_super_e
ditor__complex_list_def_short_export_8fa1_redline_4e5492388f_docxodus.docx — 
never reached in 3 batch pass(es)
2026-09-30 00:45:56.885 | ERROR    | __main__:_convert_batched:1730 -  FAIL: 
ea970f238e_marketing_strategy_2026_suggesting_insertions__vs__4d1c5d66f9_meeting
_agenda_table_2_redline_e6c5808318_docxodus.docx — never reached in 3 batch 
pass(es)
2026-09-30 00:45:56.885 | ERROR    | __main__:_convert_batched:1730 -  FAIL: 
eac167172d_file_143__vs__fd4aefa551_file_144_redline_d4b3b91c87_docxodus.docx — 
never reached in 3 batch pass(es)
2026-09-30 00:45:56.886 | ERROR    | __main__:_convert_batched:1730 -  FAIL: 
eb6c0a6b3d_6e887b917bd3d9b6517240ec5fff92e2e80df2355f0b2c0d__vs__dd8f5157a7_44fd
e829656a31e42c997f295e47c96040150a4a122c6d6a_redline_d68996f643_docxodus.docx — 
never reached in 3 batch pass(es)
2026-09-30 00:45:56.886 | ERROR    | __main__:_convert_batched:1730 -  FAIL: 
eb714d5f76_evals__blank_bc294b57__vs__bb35ae41ba_evals__comments_doc_79800b37_re
dline_04082a11bf_docxodus.docx — never reached in 3 batch pass(es)
2026-09-30 00:45:56.887 | ERROR    | __main__:_convert_batched:1730 -  FAIL: 
eb82ad6df1_heading_1_bold_demo_id_paraid_overflow__vs__f6bf50a9ee_heading_1_styl
e_demo_id_paraid_overflow_redline_4fcfb3e558_docxodus.docx — never reached in 3 
batch pass(es)
2026-09-30 00:45:56.888 | ERROR    | __main__:_convert_batched:1730 -  FAIL: 
ebaa33a061_8bb9da44005409bff43941489bae3901d46da7cd661031d1__vs__34e73b9976_64b1
cb70ac898cf9ab639817dcf7023824a524c809101939_redline_b2e3450b98_docxodus.docx — 
never reached in 3 batch pass(es)
2026-09-30 00:45:56.889 | ERROR    | __main__:_convert_batched:1730 -  FAIL: 
ec19540e2c_d6ef382e948b98e757f3fd2067de5daf1a944935d8906ebc__vs__090acc461f_d271
34788fec08eea4972a5641b965c0ff2238bfd18e7cfa_redline_859b75527f_docxodus.docx — 
never reached in 3 batch pass(es)
2026-09-30 00:45:56.890 | ERROR    | __main__:_convert_batched:1730 -  FAIL: 
ec3dd0df69_file_53__vs__94ed0def64_file_54_redline_c2380a4677_docxodus.docx — 
never reached in 3 batch pass(es)
2026-09-30 00:45:56.891 | ERROR    | __main__:_convert_batched:1730 -  FAIL: 
ec45d7fc58_subtitle_style_demo_id_paraid_overflow__vs__61eaede95c_subtitle_style
_demo_style_default_missing_redline_833a8af7b8_docxodus.docx — never reached in 
3 batch pass(es)
2026-09-30 00:45:56.892 | ERROR    | __main__:_convert_batched:1730 -  FAIL: 
ec4df76243_9126d1f4d9b39a51172c343d2ede487c97445a4264e23cb8__vs__1587a40694_4991
382416adefef66b97f0a3efacf2c2a793a067541ad27_redline_968fd6cc01_docxodus.docx — 
never reached in 3 batch pass(es)
2026-09-30 00:45:56.892 | ERROR    | __main__:_convert_batched:1730 -  FAIL: 
ec900bd182_file_17__vs__793dce6675_file_18_redline_02bf97807d_docxodus.docx — 
never reached in 3 batch pass(es)
2026-09-30 00:45:56.893 | ERROR    | __main__:_convert_batched:1730 -  FAIL: 
ece10bd712_4a0f8a0058e714d958dba0708b5a74c40cc30a1ee1b46e5a__vs__41887884bd_2cdd
902cb377787234394f4d3ece42c9f318500f242c6077_redline_30a5d2970b_docxodus.docx — 
never reached in 3 batch pass(es)
2026-09-30 00:45:56.894 | ERROR    | __main__:_convert_batched:1730 -  FAIL: 
ece6c6931f_1f7522ec9f4a0788daef36fd07bf990f7a588ace17bbc4ee__vs__418b154e5c_2864
4f235b80e9dcd2ad8ac640fb08a960458dbaa35dca3e_redline_051517534a_docxodus.docx — 
never reached in 3 batch pass(es)
2026-09-30 00:45:56.894 | ERROR    | __main__:_convert_batched:1730 -  FAIL: 
ed54f530fd_5ca225a29b58bc6c7c1f7319480272dd123c15ed8f6152dd__vs__562ab63668_c32d
7d404d41ffad48b82d7fd645b0c880c31055a8e58510_redline_62992fde4e_docxodus.docx — 
never reached in 3 batch pass(es)
2026-09-30 00:45:56.895 | ERROR    | __main__:_convert_batched:1730 -  FAIL: 
ed6c82cead_word_tolerated_broken_media_rel__vs__8fb278cb36_word_tolerated_duplic
ate_ppr_redline_2ebbfc18b4_docxodus.docx — never reached in 3 batch pass(es)
2026-09-30 00:45:56.896 | ERROR    | __main__:_convert_batched:1730 -  FAIL: 
edfaa23563_file_181__vs__0728d64a65_file_182_redline_04dbb28f62_docxodus.docx — 
never reached in 3 batch pass(es)
2026-09-30 00:45:56.898 | ERROR    | __main__:_convert_batched:1730 -  FAIL: 
ee4ff8d8f5_bd110c8e0c9f08e58245a69f559faf4f7397e25c1d234163__vs__d43559c829_a385
2ed51c34c15ddef6ce97c45c80ece9c82ed17ba9d9d5_redline_8d45f981f9_docxodus.docx — 
never reached in 3 batch pass(es)
2026-09-30 00:45:56.899 | ERROR    | __main__:_convert_batched:1730 -  FAIL: 
ee5340ce7b_eb4037d30b4ce8e20b38c3fe9dc5cd26497403eaf48a0720__vs__d6c79519b8_767e
1d623887009c26871f675c0d80e63b5b2558486b2c27_redline_42878027b0_docxodus.docx — 
never reached in 3 batch pass(es)
2026-09-30 00:45:56.900 | ERROR    | __main__:_convert_batched:1730 -  FAIL: 
ee628c2f6a_file_146__vs__7d92b42353_file_147_redline_279f46cf54_docxodus.docx — 
never reached in 3 batch pass(es)
2026-09-30 00:45:56.901 | ERROR    | __main__:_convert_batched:1730 -  FAIL: 
ee79137dd5_8b4e4edc6932664b8d995be412fb392fe48caf5b3d6e6ee9__vs__ea7c0cc1c3_ea58
33966c0bbeeee4f60026b68dd36e8660b1b5c5b79900_redline_554df0e56c_docxodus.docx — 
never reached in 3 batch pass(es)
2026-09-30 00:45:56.901 | ERROR    | __main__:_convert_batched:1730 -  FAIL: 
ee7b597379_e1de10f3f4dde77b257e02a9bc77069e526976ce36a540ca__vs__3b4a5ba94c_f6d2
9022fede26a74cdf5ffea716a6251d5f0d5e3cee398f_redline_e91ecb9efa_docxodus.docx — 
never reached in 3 batch pass(es)
2026-09-30 00:45:56.902 | ERROR    | __main__:_convert_batched:1730 -  FAIL: 
ee91b9e453_9385adbfd34ee40a4bd2429d7385293b31a127fc9e9208d1__vs__409867707c_61a1
6c9bdc534801a19fcf808fdddd50a7cd74d1efd6113e_redline_9f2ce6d6bb_docxodus.docx — 
never reached in 3 batch pass(es)
2026-09-30 00:45:56.903 | ERROR    | __main__:_convert_batched:1730 -  FAIL: 
eeceeb86fa_1dfec42a58bc68413e0600d7c7b12f1a69bbb2f90a2ca2db__vs__d92625bb0d_01b4
5a6525204563cf901e34e27135bdc9cccd806edb9d56_redline_4ce714acd8_docxodus.docx — 
never reached in 3 batch pass(es)
2026-09-30 00:45:56.904 | ERROR    | __main__:_convert_batched:1730 -  FAIL: 
eee49d9614_file_92__vs__5da4d924a9_file_93_redline_5cf568c0d6_docxodus.docx — 
never reached in 3 batch pass(es)
2026-09-30 00:45:56.905 | ERROR    | __main__:_convert_batched:1730 -  FAIL: 
eeec3949fe_file_114__vs__b8ba7fb082_file_115_redline_09a6e874c8_docxodus.docx — 
never reached in 3 batch pass(es)
2026-09-30 00:45:56.906 | ERROR    | __main__:_convert_batched:1730 -  FAIL: 
ef1e1c68e9_super_editor__basic_paragraph_1774f4e4__vs__08286ffbfb_super_editor__
basic_resolved_comment_cac5a1b0_redline_603ef0419b_docxodus.docx — never reached
in 3 batch pass(es)
2026-09-30 00:45:56.907 | ERROR    | __main__:_convert_batched:1730 -  FAIL: 
ef1e1c68e9_super_editor__basic_paragraph_1774f4e4__vs__9e80f22c51_behavior__word
_native_bullet_circle_80d6f323_redline_bf59bfdb84_docxodus.docx — never reached 
in 3 batch pass(es)
2026-09-30 00:45:56.907 | ERROR    | __main__:_convert_batched:1730 -  FAIL: 
ef7218d9e8_001893584bf94ff30c98db48cb8a0ea0ea5abc048f3e1a4d__vs__1424386e9b_0174
47de83753a0e3b7afc659df038ef56972925336c6a5b_redline_d7ea5ec958_docxodus.docx — 
never reached in 3 batch pass(es)
2026-09-30 00:45:56.908 | ERROR    | __main__:_convert_batched:1730 -  FAIL: 
ef7218d9e8_001893584bf94ff30c98db48cb8a0ea0ea5abc048f3e1a4d__vs__342f364d46_0013
42333d45627868f4dc5282abbba4598a91b4a7584b08_redline_44a468bfc6_docxodus.docx — 
never reached in 3 batch pass(es)
2026-09-30 00:45:56.909 | ERROR    | __main__:_convert_batched:1730 -  FAIL: 
ef7218d9e8_001893584bf94ff30c98db48cb8a0ea0ea5abc048f3e1a4d__vs__5203829c7a_001c
c92b88566d5f930fe57f25813c0bf52a7bdc72c217d0_redline_d7962d3334_docxodus.docx — 
never reached in 3 batch pass(es)
2026-09-30 00:45:56.909 | ERROR    | __main__:_convert_batched:1730 -  FAIL: 
ef7218d9e8_001893584bf94ff30c98db48cb8a0ea0ea5abc048f3e1a4d__vs__a5f2b9318d_002a
a60c2ae1187417b4b157c5ec6450324cc056ec551a12_redline_0f5caeaa2f_docxodus.docx — 
never reached in 3 batch pass(es)
2026-09-30 00:45:56.910 | ERROR    | __main__:_convert_batched:1730 -  FAIL: 
ef7218d9e8_001893584bf94ff30c98db48cb8a0ea0ea5abc048f3e1a4d__vs__bd3824dd1e_000e
e64ef7226d353297888f59a251e24ce5d776fea000fa_redline_67da4b412e_docxodus.docx — 
never reached in 3 batch pass(es)
2026-09-30 00:45:56.911 | ERROR    | __main__:_convert_batched:1730 -  FAIL: 
ef7218d9e8_001893584bf94ff30c98db48cb8a0ea0ea5abc048f3e1a4d__vs__deff0e697a_00b5
defcad6e58038eac35472a2d48c89905068e5ece0cc3_redline_1bc89c0f18_docxodus.docx — 
never reached in 3 batch pass(es)
2026-09-30 00:45:56.912 | ERROR    | __main__:_convert_batched:1730 -  FAIL: 
efa1cb8e79_single_paragraph__vs__11856e25f6_small_font_size_demo_id_paraid_overf
low_redline_835297a585_docxodus.docx — never reached in 3 batch pass(es)
2026-09-30 00:45:56.913 | ERROR    | __main__:_convert_batched:1730 -  FAIL: 
f0070fef24_file_51__vs__c87ab9bf12_file_52_redline_00539886c9_docxodus.docx — 
never reached in 3 batch pass(es)
2026-09-30 00:45:56.914 | ERROR    | __main__:_convert_batched:1730 -  FAIL: 
f03f54c09d_file_74__vs__99ef9c7a7e_file_75_redline_8568ca15a1_docxodus.docx — 
never reached in 3 batch pass(es)
2026-09-30 00:45:56.914 | ERROR    | __main__:_convert_batched:1730 -  FAIL: 
f05b2b13ee_file_103__vs__d435c8d66c_file_104_redline_ed3701fb29_docxodus.docx — 
never reached in 3 batch pass(es)
2026-09-30 00:45:56.915 | ERROR    | __main__:_convert_batched:1730 -  FAIL: 
f0a100f46b_6231f8459f76856605dc9613074071242061e8204fcaaa23__vs__366c01499c_4a5e
a51e25a7689223e27af0f1191b5c443621ba21572343_redline_1a0f04f94a_docxodus.docx — 
never reached in 3 batch pass(es)
2026-09-30 00:45:56.916 | ERROR    | __main__:_convert_batched:1730 -  FAIL: 
f0c3934ae6_file_108__vs__2a5302627e_file_109_redline_280bd21615_docxodus.docx — 
never reached in 3 batch pass(es)
2026-09-30 00:45:56.917 | ERROR    | __main__:_convert_batched:1730 -  FAIL: 
f0f0b3f93f_file_65__vs__fa5b1dd76a_file_66_redline_1da254cb8d_docxodus.docx — 
never reached in 3 batch pass(es)
2026-09-30 00:45:56.918 | ERROR    | __main__:_convert_batched:1730 -  FAIL: 
f0f7d7305e_calibri_font_demo_id_paraid_overflow__vs__d9cd734a9d_calibri_heading_
2_right_id_paraid_overflow_redline_d212992aa6_docxodus.docx — never reached in 3
batch pass(es)
2026-09-30 00:45:56.919 | ERROR    | __main__:_convert_batched:1730 -  FAIL: 
f141395e21_file_5__vs__b8783e46c5_file_6_redline_baf1c31339_docxodus.docx — 
never reached in 3 batch pass(es)
2026-09-30 00:45:56.919 | ERROR    | __main__:_convert_batched:1730 -  FAIL: 
f152875ca2_file_109__vs__62d3dce03b_file_110_redline_bf778c9b37_docxodus.docx — 
never reached in 3 batch pass(es)
2026-09-30 00:45:56.920 | ERROR    | __main__:_convert_batched:1730 -  FAIL: 
f1746514c4_db20a8e42bee45edc34c26571be6554ec377a38c56c51480__vs__0ecfaa1c19_2bd9
981b3dd6ccd510a8942577ca3089f861f02f32c3200a_redline_81ecf9d6d2_docxodus.docx — 
never reached in 3 batch pass(es)
2026-09-30 00:45:56.920 | ERROR    | __main__:_convert_batched:1730 -  FAIL: 
f17e96512e_001cb345cc8d6b799aa725514eb368005048b80f4b4c07a5__vs__1424386e9b_0174
47de83753a0e3b7afc659df038ef56972925336c6a5b_redline_209c0f5518_docxodus.docx — 
never reached in 3 batch pass(es)
2026-09-30 00:45:56.921 | ERROR    | __main__:_convert_batched:1730 -  FAIL: 
f17e96512e_001cb345cc8d6b799aa725514eb368005048b80f4b4c07a5__vs__2773adf157_0004
c94ca2a8684d47449bb0e7abf87de1df71a7e6543252_redline_b142c6fab2_docxodus.docx — 
never reached in 3 batch pass(es)
2026-09-30 00:45:56.922 | ERROR    | __main__:_convert_batched:1730 -  FAIL: 
f17e96512e_001cb345cc8d6b799aa725514eb368005048b80f4b4c07a5__vs__2e04202552_000e
3e7bd2d6215fc7b469cc3e296c1b2a510bc1abc7e0fd_redline_83586affa8_docxodus.docx — 
never reached in 3 batch pass(es)
2026-09-30 00:45:56.923 | ERROR    | __main__:_convert_batched:1730 -  FAIL: 
f17e96512e_001cb345cc8d6b799aa725514eb368005048b80f4b4c07a5__vs__333bfe069a_0034
16d620331122b93b434dad901db5836f60d2cad4b533_redline_96442dbf47_docxodus.docx — 
never reached in 3 batch pass(es)
2026-09-30 00:45:56.924 | ERROR    | __main__:_convert_batched:1730 -  FAIL: 
f17e96512e_001cb345cc8d6b799aa725514eb368005048b80f4b4c07a5__vs__342f364d46_0013
42333d45627868f4dc5282abbba4598a91b4a7584b08_redline_5e1c535426_docxodus.docx — 
never reached in 3 batch pass(es)
2026-09-30 00:45:56.924 | ERROR    | __main__:_convert_batched:1730 -  FAIL: 
f17e96512e_001cb345cc8d6b799aa725514eb368005048b80f4b4c07a5__vs__5203829c7a_001c
c92b88566d5f930fe57f25813c0bf52a7bdc72c217d0_redline_7a388489bd_docxodus.docx — 
never reached in 3 batch pass(es)
2026-09-30 00:45:56.925 | ERROR    | __main__:_convert_batched:1730 -  FAIL: 
f17e96512e_001cb345cc8d6b799aa725514eb368005048b80f4b4c07a5__vs__aa5340125d_00a4
b0b91e9b5b072dc3771391c2d608518690eccf44eae8_redline_d9990b9bad_docxodus.docx — 
never reached in 3 batch pass(es)
2026-09-30 00:45:56.926 | ERROR    | __main__:_convert_batched:1730 -  FAIL: 
f17e96512e_001cb345cc8d6b799aa725514eb368005048b80f4b4c07a5__vs__bd3824dd1e_000e
e64ef7226d353297888f59a251e24ce5d776fea000fa_redline_1e7641658c_docxodus.docx — 
never reached in 3 batch pass(es)
2026-09-30 00:45:56.927 | ERROR    | __main__:_convert_batched:1730 -  FAIL: 
f17e96512e_001cb345cc8d6b799aa725514eb368005048b80f4b4c07a5__vs__deff0e697a_00b5
defcad6e58038eac35472a2d48c89905068e5ece0cc3_redline_05f1cb1522_docxodus.docx — 
never reached in 3 batch pass(es)
2026-09-30 00:45:56.928 | ERROR    | __main__:_convert_batched:1730 -  FAIL: 
f1b1749251_file_89__vs__718cb91f66_file_90_redline_55b0f23e41_docxodus.docx — 
never reached in 3 batch pass(es)
2026-09-30 00:45:56.929 | ERROR    | __main__:_convert_batched:1730 -  FAIL: 
f1ea4a51fd_hr_onboarding_checklist_table__vs__d0e7f278b8_i_am_sharing_microsoft_
word_vs_google_docs_compr_redline_85b1c9235c_docxodus.docx — never reached in 3 
batch pass(es)
2026-09-30 00:45:56.930 | ERROR    | __main__:_convert_batched:1730 -  FAIL: 
f26a5e4940_italic_text_formatting_demo_id_paraid_overflow__vs__e1736e61c5_italic
_underline_combined_demo_id_paraid_overflo_redline_b90ed7b17f_docxodus.docx — 
never reached in 3 batch pass(es)
2026-09-30 00:45:56.931 | ERROR    | __main__:_convert_batched:1730 -  FAIL: 
f2a8197531_file_72__vs__266b027513_file_73_redline_13de303626_docxodus.docx — 
never reached in 3 batch pass(es)
2026-09-30 00:45:56.931 | ERROR    | __main__:_convert_batched:1730 -  FAIL: 
f32428a03a_file_28__vs__5900cc12ca_file_29_redline_4e02f507c8_docxodus.docx — 
never reached in 3 batch pass(es)
2026-09-30 00:45:56.933 | ERROR    | __main__:_convert_batched:1730 -  FAIL: 
f3627c3358_647bbcfb5983dbb22eec3b8e052f418bcfc1a5e5b81cbcb8__vs__50c0ec7ce2_e232
c5055caabe5cc2b06c062fb99b3b68d7facf0101066a_redline_6926d6b8fd_docxodus.docx — 
never reached in 3 batch pass(es)
2026-09-30 00:45:56.934 | ERROR    | __main__:_convert_batched:1730 -  FAIL: 
f394f45ba5_file_65__vs__95ff51154c_file_66_redline_50247f34d1_docxodus.docx — 
never reached in 3 batch pass(es)
2026-09-30 00:45:56.935 | ERROR    | __main__:_convert_batched:1730 -  FAIL: 
f3b2e74e02_calibri_font_demo_id_paraid_overflow__vs__689563dec1_calibri_heading_
2_right_id_paraid_overflow_redline_164b7378cb_docxodus.docx — never reached in 3
batch pass(es)
2026-09-30 00:45:56.936 | ERROR    | __main__:_convert_batched:1730 -  FAIL: 
f43929f70c_verdana_bold_large_font_id_paraid_overflow__vs__3413da1703_verdana_fo
nt_demo_id_paraid_overflow_2_redline_7da45f822a_docxodus.docx — never reached in
3 batch pass(es)
2026-09-30 00:45:56.937 | ERROR    | __main__:_convert_batched:1730 -  FAIL: 
f43929f70c_verdana_bold_large_font_id_paraid_overflow__vs__ac4b41aa8e_verdana_fo
nt_demo_id_paraid_overflow_redline_814dac9051_docxodus.docx — never reached in 3
batch pass(es)
2026-09-30 00:45:56.938 | ERROR    | __main__:_convert_batched:1730 -  FAIL: 
f43f6ef305_002042b8a23533ba746bf4eaf56b5e62642cc111f5f5fcff__vs__1424386e9b_0174
47de83753a0e3b7afc659df038ef56972925336c6a5b_redline_b2055982f6_docxodus.docx — 
never reached in 3 batch pass(es)
2026-09-30 00:45:56.939 | ERROR    | __main__:_convert_batched:1730 -  FAIL: 
f43f6ef305_002042b8a23533ba746bf4eaf56b5e62642cc111f5f5fcff__vs__2773adf157_0004
c94ca2a8684d47449bb0e7abf87de1df71a7e6543252_redline_ec101e09bf_docxodus.docx — 
never reached in 3 batch pass(es)
2026-09-30 00:45:56.940 | ERROR    | __main__:_convert_batched:1730 -  FAIL: 
f43f6ef305_002042b8a23533ba746bf4eaf56b5e62642cc111f5f5fcff__vs__2e04202552_000e
3e7bd2d6215fc7b469cc3e296c1b2a510bc1abc7e0fd_redline_89c1335efe_docxodus.docx — 
never reached in 3 batch pass(es)
2026-09-30 00:45:56.941 | ERROR    | __main__:_convert_batched:1730 -  FAIL: 
f43f6ef305_002042b8a23533ba746bf4eaf56b5e62642cc111f5f5fcff__vs__333bfe069a_0034
16d620331122b93b434dad901db5836f60d2cad4b533_redline_7bc6ddcbba_docxodus.docx — 
never reached in 3 batch pass(es)
2026-09-30 00:45:56.942 | ERROR    | __main__:_convert_batched:1730 -  FAIL: 
f43f6ef305_002042b8a23533ba746bf4eaf56b5e62642cc111f5f5fcff__vs__342f364d46_0013
42333d45627868f4dc5282abbba4598a91b4a7584b08_redline_8e48e2dbd8_docxodus.docx — 
never reached in 3 batch pass(es)
2026-09-30 00:45:56.943 | ERROR    | __main__:_convert_batched:1730 -  FAIL: 
f43f6ef305_002042b8a23533ba746bf4eaf56b5e62642cc111f5f5fcff__vs__5203829c7a_001c
c92b88566d5f930fe57f25813c0bf52a7bdc72c217d0_redline_ca17705374_docxodus.docx — 
never reached in 3 batch pass(es)
2026-09-30 00:45:56.944 | ERROR    | __main__:_convert_batched:1730 -  FAIL: 
f43f6ef305_002042b8a23533ba746bf4eaf56b5e62642cc111f5f5fcff__vs__aa5340125d_00a4
b0b91e9b5b072dc3771391c2d608518690eccf44eae8_redline_c4d54fcd75_docxodus.docx — 
never reached in 3 batch pass(es)
2026-09-30 00:45:56.945 | ERROR    | __main__:_convert_batched:1730 -  FAIL: 
f49b3b0ec2_super_editor__sd_1919_word_table_74726d6c__vs__18d1a4ad46_super_edito
r__sd_2534_collab_export_f3c7fdf7_redline_6ef257d033_docxodus.docx — never 
reached in 3 batch pass(es)
2026-09-30 00:45:56.946 | ERROR    | __main__:_convert_batched:1730 -  FAIL: 
f49b3b0ec2_super_editor__sd_1919_word_table_74726d6c__vs__a0738533be_gdocs_comme
nts_export_redline_515c0aa8ab_docxodus.docx — never reached in 3 batch pass(es)
2026-09-30 00:45:56.946 | ERROR    | __main__:_convert_batched:1730 -  FAIL: 
f49b3b0ec2_super_editor__sd_1919_word_table_74726d6c__vs__e663016796_behavior__s
d_2672_multipara_cell_4d1f068e_redline_6adcb54944_docxodus.docx — never reached 
in 3 batch pass(es)
2026-09-30 00:45:56.947 | ERROR    | __main__:_convert_batched:1730 -  FAIL: 
f4fa801783_sample_document_really_repaired_word_repaired__vs__451b3b3460_sample_
document_word_repair_of_our_output_iter2_redline_72fecbe1f5_docxodus.docx — 
never reached in 3 batch pass(es)
2026-09-30 00:45:56.948 | ERROR    | __main__:_convert_batched:1730 -  FAIL: 
f529133cd5_super_editor__basic_comment_d3ba5f1e__vs__2dc3e97d2a_super_editor__hy
perlink_node_52b7695b_redline_4ce07ffaec_docxodus.docx — never reached in 3 
batch pass(es)
2026-09-30 00:45:56.949 | ERROR    | __main__:_convert_batched:1730 -  FAIL: 
f529133cd5_super_editor__basic_comment_d3ba5f1e__vs__3b639ef236_super_editor__sd
pr_8cc15994_redline_62f0f8ee91_docxodus.docx — never reached in 3 batch pass(es)
2026-09-30 00:45:56.950 | ERROR    | __main__:_convert_batched:1730 -  FAIL: 
f529133cd5_super_editor__basic_comment_d3ba5f1e__vs__5fa01813d3_super_editor__ba
sic_table_shading_d3212ffd_redline_b2704631d9_docxodus.docx — never reached in 3
batch pass(es)
2026-09-30 00:45:56.950 | ERROR    | __main__:_convert_batched:1730 -  FAIL: 
f529133cd5_super_editor__basic_comment_d3ba5f1e__vs__75aeff4f58_super_editor__di
ff_after9_a9d4b4b0_redline_2eb4edf103_docxodus.docx — never reached in 3 batch 
pass(es)
2026-09-30 00:45:56.951 | ERROR    | __main__:_convert_batched:1730 -  FAIL: 
f529133cd5_super_editor__basic_comment_d3ba5f1e__vs__8df6dfa8d7_alternate_conten
t_redline_e8fafc3cba_docxodus.docx — never reached in 3 batch pass(es)
2026-09-30 00:45:56.952 | ERROR    | __main__:_convert_batched:1730 -  FAIL: 
f584285fed_behavior__sd_2672_gridbefore_vmerge_7c895dff__vs__ae9360e096_behavior
__sd_2672_merged_table_821b922c_redline_6f547c7a01_docxodus.docx — never reached
in 3 batch pass(es)
2026-09-30 00:45:56.952 | ERROR    | __main__:_convert_batched:1730 -  FAIL: 
f5bac425cd_word_tolerated_broken_media_rel__vs__d616476e12_word_tolerated_duplic
ate_ppr_redline_fd9df69e75_docxodus.docx — never reached in 3 batch pass(es)
2026-09-30 00:45:56.953 | ERROR    | __main__:_convert_batched:1730 -  FAIL: 
f5e7ce8d94_italic_subscript_demo_style_default_missing__vs__bc1dd323f3_italic_te
xt_formatting_demo_id_paraid_overflow_2_redline_ebb82f0e9b_docxodus.docx — never
reached in 3 batch pass(es)
2026-09-30 00:45:56.954 | ERROR    | __main__:_convert_batched:1730 -  FAIL: 
f601de1855_file_152__vs__746ad2b7f6_file_153_redline_49ed3281ea_docxodus.docx — 
never reached in 3 batch pass(es)
2026-09-30 00:45:56.955 | ERROR    | __main__:_convert_batched:1730 -  FAIL: 
f62e209c7c_super_editor__paragraph_ppr_variations_a7653eb1__vs__bcc7379f64_super
_editor__paragraph_spacing_missing_de418c38_redline_ae1647267d_docxodus.docx — 
never reached in 3 batch pass(es)
2026-09-30 00:45:56.955 | ERROR    | __main__:_convert_batched:1730 -  FAIL: 
f644da9aeb_employee_directory_table_2__vs__7888085856_employee_directory_table_r
edline_81f83d335f_docxodus.docx — never reached in 3 batch pass(es)
2026-09-30 00:45:56.956 | ERROR    | __main__:_convert_batched:1730 -  FAIL: 
f6bf50a9ee_heading_1_style_demo_id_paraid_overflow__vs__361c330b8d_heading_2_cen
ter_demo_id_paraid_overflow_redline_08c7668aa0_docxodus.docx — never reached in 
3 batch pass(es)
2026-09-30 00:45:56.957 | ERROR    | __main__:_convert_batched:1730 -  FAIL: 
f6de76cc94_numbered_list_italic_demo_id_paraid_overflow__vs__053c86de5f_open_san
s_bold_underline_id_paraid_overflow_redline_0bde72da10_docxodus.docx — never 
reached in 3 batch pass(es)
2026-09-30 00:45:56.957 | ERROR    | __main__:_convert_batched:1730 -  FAIL: 
f6de76cc94_numbered_list_italic_demo_id_paraid_overflow__vs__18eb110b3b_numwords
_fldsimple_redline_452c8f76a5_docxodus.docx — never reached in 3 batch pass(es)
2026-09-30 00:45:56.958 | ERROR    | __main__:_convert_batched:1730 -  FAIL: 
f6e1c253ff_super_editor__diff_before9_9818a85f__vs__0b1d0278ce_behavior__math_ra
dical_tests_4c1ce187_redline_1445e94e75_docxodus.docx — never reached in 3 batch
pass(es)
2026-09-30 00:45:56.959 | ERROR    | __main__:_convert_batched:1730 -  FAIL: 
f6f35375dd_4b86cf0feb7f5bded449753bfe2950d19263d9c33580247d__vs__153475ecc3_630e
2755d490dfd200220fd7138cb75964ae99d9fa116455_redline_c2d6b7dbc8_docxodus.docx — 
never reached in 3 batch pass(es)
2026-09-30 00:45:56.960 | ERROR    | __main__:_convert_batched:1730 -  FAIL: 
f701e327ed_6a38e10504967e4c8d114e98a1ec4394a6ad0758771b60b3__vs__00163e55a0_7d35
102e1569471281c726baa1f9e9cc31e56e839f337972_redline_bd704500fb_docxodus.docx — 
never reached in 3 batch pass(es)
2026-09-30 00:45:56.961 | ERROR    | __main__:_convert_batched:1730 -  FAIL: 
f71a12ee23_super_editor__fields_attrs1_83837249__vs__7b076416b0_sectpr_headerref
_redline_0d3b1ce858_docxodus.docx — never reached in 3 batch pass(es)
2026-09-30 00:45:56.961 | ERROR    | __main__:_convert_batched:1730 -  FAIL: 
f71a12ee23_super_editor__fields_attrs1_83837249__vs__f102bb2f46_super_editor__di
ff_before5_a5f60578_redline_306edcd34e_docxodus.docx — never reached in 3 batch 
pass(es)
2026-09-30 00:45:56.962 | ERROR    | __main__:_convert_batched:1730 -  FAIL: 
f782ae23ec_super_editor__wordoriginatedcomments_c146be65__vs__3539cf2404_cli_leg
acy__replace_test_0a793f01_redline_3303e707c8_docxodus.docx — never reached in 3
batch pass(es)
2026-09-30 00:45:56.963 | ERROR    | __main__:_convert_batched:1730 -  FAIL: 
f786f1da65_001921017566904561ee8ce26ec591c5fb4cd1655b295518__vs__1424386e9b_0174
47de83753a0e3b7afc659df038ef56972925336c6a5b_redline_4364428e37_docxodus.docx — 
never reached in 3 batch pass(es)
2026-09-30 00:45:56.963 | ERROR    | __main__:_convert_batched:1730 -  FAIL: 
f786f1da65_001921017566904561ee8ce26ec591c5fb4cd1655b295518__vs__2773adf157_0004
c94ca2a8684d47449bb0e7abf87de1df71a7e6543252_redline_bdea97dde1_docxodus.docx — 
never reached in 3 batch pass(es)
2026-09-30 00:45:56.965 | ERROR    | __main__:_convert_batched:1730 -  FAIL: 
f786f1da65_001921017566904561ee8ce26ec591c5fb4cd1655b295518__vs__2e04202552_000e
3e7bd2d6215fc7b469cc3e296c1b2a510bc1abc7e0fd_redline_0a0cd852ed_docxodus.docx — 
never reached in 3 batch pass(es)
2026-09-30 00:45:56.966 | ERROR    | __main__:_convert_batched:1730 -  FAIL: 
f786f1da65_001921017566904561ee8ce26ec591c5fb4cd1655b295518__vs__342f364d46_0013
42333d45627868f4dc5282abbba4598a91b4a7584b08_redline_be486e3b25_docxodus.docx — 
never reached in 3 batch pass(es)
2026-09-30 00:45:56.966 | ERROR    | __main__:_convert_batched:1730 -  FAIL: 
f786f1da65_001921017566904561ee8ce26ec591c5fb4cd1655b295518__vs__5203829c7a_001c
c92b88566d5f930fe57f25813c0bf52a7bdc72c217d0_redline_cb330ddba7_docxodus.docx — 
never reached in 3 batch pass(es)
2026-09-30 00:45:56.968 | ERROR    | __main__:_convert_batched:1730 -  FAIL: 
f786f1da65_001921017566904561ee8ce26ec591c5fb4cd1655b295518__vs__aa5340125d_00a4
b0b91e9b5b072dc3771391c2d608518690eccf44eae8_redline_41c87b1359_docxodus.docx — 
never reached in 3 batch pass(es)
2026-09-30 00:45:56.969 | ERROR    | __main__:_convert_batched:1730 -  FAIL: 
f786f1da65_001921017566904561ee8ce26ec591c5fb4cd1655b295518__vs__bd3824dd1e_000e
e64ef7226d353297888f59a251e24ce5d776fea000fa_redline_dd1816c8cf_docxodus.docx — 
never reached in 3 batch pass(es)
2026-09-30 00:45:56.969 | ERROR    | __main__:_convert_batched:1730 -  FAIL: 
f786f1da65_001921017566904561ee8ce26ec591c5fb4cd1655b295518__vs__deff0e697a_00b5
defcad6e58038eac35472a2d48c89905068e5ece0cc3_redline_deab4d1fab_docxodus.docx — 
never reached in 3 batch pass(es)
2026-09-30 00:45:56.970 | ERROR    | __main__:_convert_batched:1730 -  FAIL: 
f795b96ac4_behavior__math_delimiter_tests_c9d034dc__vs__22ccb1b200_super_editor_
_diff_after19_79c6b379_redline_d47a965ac5_docxodus.docx — never reached in 3 
batch pass(es)
2026-09-30 00:45:56.971 | ERROR    | __main__:_convert_batched:1730 -  FAIL: 
f795b96ac4_behavior__math_delimiter_tests_c9d034dc__vs__79cb6b6c0f_behavior__wor
d_native_bullet_disc_bfbeb2dd_redline_43b21d082c_docxodus.docx — never reached 
in 3 batch pass(es)
2026-09-30 00:45:56.972 | ERROR    | __main__:_convert_batched:1730 -  FAIL: 
f7d8cdf9a9_product_roadmap_2026_suggesting_insertions__vs__93db7f65b3_project_pl
an_suggesting_insertions_redline_218c9d60d5_docxodus.docx — never reached in 3 
batch pass(es)
2026-09-30 00:45:56.972 | ERROR    | __main__:_convert_batched:1730 -  FAIL: 
f7ece685ff_behavior__math_limit_tests_6dc07867__vs__3ad13eed3d_evals__document_9
bff7e1b_redline_76d159d4b3_docxodus.docx — never reached in 3 batch pass(es)
2026-09-30 00:45:56.973 | ERROR    | __main__:_convert_batched:1730 -  FAIL: 
f7ece685ff_behavior__math_limit_tests_6dc07867__vs__432a12b1a9_behavior__word_na
tive_bullet_square_da8bb73c_redline_ca516d2f7f_docxodus.docx — never reached in 
3 batch pass(es)
2026-09-30 00:45:56.974 | ERROR    | __main__:_convert_batched:1730 -  FAIL: 
f7ece685ff_behavior__math_limit_tests_6dc07867__vs__6c0ad6c8ef_behavior__math_ma
trix_tests_a3b17e15_redline_4256a31075_docxodus.docx — never reached in 3 batch 
pass(es)
2026-09-30 00:45:56.975 | ERROR    | __main__:_convert_batched:1730 -  FAIL: 
f809be38e3_526b9a2add7b99091cb17082b0173cf0494f0768c2a5d48d__vs__5ed92f798c_47f9
e20139a5b07aae344e6f0fcbb842f9e3ca5f2746ac23_redline_cde0f6e857_docxodus.docx — 
never reached in 3 batch pass(es)
2026-09-30 00:45:56.975 | ERROR    | __main__:_convert_batched:1730 -  FAIL: 
f83dd8794c_justify_alignment_demo_id_paraid_overflow_2__vs__56d80fab6a_justify_a
lignment_demo_id_paraid_overflow_redline_cedd5af88a_docxodus.docx — never 
reached in 3 batch pass(es)
2026-09-30 00:45:56.976 | ERROR    | __main__:_convert_batched:1730 -  FAIL: 
f84571f3fc_bold_text_formatting_demo_id_paraid_overflow_2__vs__fdabb735ad_bold_t
ext_formatting_demo_id_paraid_overflow_redline_031d0f0b06_docxodus.docx — never 
reached in 3 batch pass(es)
2026-09-30 00:45:56.977 | ERROR    | __main__:_convert_batched:1730 -  FAIL: 
f884ff965b_subscript_demo_style_default_missing__vs__381ea58f00_subtitle_style_d
emo_id_paraid_overflow_redline_0787c21ef1_docxodus.docx — never reached in 3 
batch pass(es)
2026-09-30 00:45:56.977 | ERROR    | __main__:_convert_batched:1730 -  FAIL: 
f89ff5989b_evals__nda_7f304918__vs__0a2898b58a_evals__report_with_formatting_03f
385ed_redline_cd9b4144f9_docxodus.docx — never reached in 3 batch pass(es)
2026-09-30 00:45:56.978 | ERROR    | __main__:_convert_batched:1730 -  FAIL: 
f89ff5989b_evals__nda_7f304918__vs__18eb110b3b_numwords_fldsimple_redline_198811
7669_docxodus.docx — never reached in 3 batch pass(es)
2026-09-30 00:45:56.978 | ERROR    | __main__:_convert_batched:1730 -  FAIL: 
f8cb67d689_file_3__vs__f8f7ed1dc0_file_4_redline_6fb703911b_docxodus.docx — 
never reached in 3 batch pass(es)
2026-09-30 00:45:56.979 | ERROR    | __main__:_convert_batched:1730 -  FAIL: 
f8ecf81d8b_font_size_demo_id_paraid_overflow__vs__2a69e1ce5c_green_bold_text_dem
o_id_paraid_overflow_redline_1197c62419_docxodus.docx — never reached in 3 batch
pass(es)
2026-09-30 00:45:56.980 | ERROR    | __main__:_convert_batched:1730 -  FAIL: 
f8ecf81d8b_font_size_demo_id_paraid_overflow__vs__64bdd3aded_footnotes_sample_re
dline_50108f87c5_docxodus.docx — never reached in 3 batch pass(es)
2026-09-30 00:45:56.980 | ERROR    | __main__:_convert_batched:1730 -  FAIL: 
f8f7ed1dc0_file_4__vs__82ee7342fd_file_5_redline_1ca22e16ca_docxodus.docx — 
never reached in 3 batch pass(es)
2026-09-30 00:45:56.981 | ERROR    | __main__:_convert_batched:1730 -  FAIL: 
f8f9857e80_title_style_demo_id_paraid_overflow__vs__39b73c977c_title_style_demo_
style_default_missing_redline_2c6a62810a_docxodus.docx — never reached in 3 
batch pass(es)
2026-09-30 00:45:56.982 | ERROR    | __main__:_convert_batched:1730 -  FAIL: 
f901587291_docx_lots_of_comments_addition_redline_addition__vs__c9822f1008_docx_
lots_of_comments_addition_redline_redline_82e22bbec6_docxodus.docx — never 
reached in 3 batch pass(es)
2026-09-30 00:45:56.983 | ERROR    | __main__:_convert_batched:1730 -  FAIL: 
f94aeed5f5_001f4e98e9744f89b6f26b3741cb6439f8131bf89659230e__vs__1424386e9b_0174
47de83753a0e3b7afc659df038ef56972925336c6a5b_redline_ece42865e7_docxodus.docx — 
never reached in 3 batch pass(es)
2026-09-30 00:45:56.984 | ERROR    | __main__:_convert_batched:1730 -  FAIL: 
f94aeed5f5_001f4e98e9744f89b6f26b3741cb6439f8131bf89659230e__vs__2773adf157_0004
c94ca2a8684d47449bb0e7abf87de1df71a7e6543252_redline_c1a7769ddd_docxodus.docx — 
never reached in 3 batch pass(es)
2026-09-30 00:45:56.985 | ERROR    | __main__:_convert_batched:1730 -  FAIL: 
f94aeed5f5_001f4e98e9744f89b6f26b3741cb6439f8131bf89659230e__vs__2e04202552_000e
3e7bd2d6215fc7b469cc3e296c1b2a510bc1abc7e0fd_redline_c213810aca_docxodus.docx — 
never reached in 3 batch pass(es)
2026-09-30 00:45:56.985 | ERROR    | __main__:_convert_batched:1730 -  FAIL: 
f94aeed5f5_001f4e98e9744f89b6f26b3741cb6439f8131bf89659230e__vs__333bfe069a_0034
16d620331122b93b434dad901db5836f60d2cad4b533_redline_3a7f98f21b_docxodus.docx — 
never reached in 3 batch pass(es)
2026-09-30 00:45:56.986 | ERROR    | __main__:_convert_batched:1730 -  FAIL: 
f94aeed5f5_001f4e98e9744f89b6f26b3741cb6439f8131bf89659230e__vs__342f364d46_0013
42333d45627868f4dc5282abbba4598a91b4a7584b08_redline_564d441d36_docxodus.docx — 
never reached in 3 batch pass(es)
2026-09-30 00:45:56.987 | ERROR    | __main__:_convert_batched:1730 -  FAIL: 
f94aeed5f5_001f4e98e9744f89b6f26b3741cb6439f8131bf89659230e__vs__5203829c7a_001c
c92b88566d5f930fe57f25813c0bf52a7bdc72c217d0_redline_bd86c75e52_docxodus.docx — 
never reached in 3 batch pass(es)
2026-09-30 00:45:56.992 | ERROR    | __main__:_convert_batched:1730 -  FAIL: 
f94aeed5f5_001f4e98e9744f89b6f26b3741cb6439f8131bf89659230e__vs__a5f2b9318d_002a
a60c2ae1187417b4b157c5ec6450324cc056ec551a12_redline_751b38201f_docxodus.docx — 
never reached in 3 batch pass(es)
2026-09-30 00:45:56.993 | ERROR    | __main__:_convert_batched:1730 -  FAIL: 
f94aeed5f5_001f4e98e9744f89b6f26b3741cb6439f8131bf89659230e__vs__aa5340125d_00a4
b0b91e9b5b072dc3771391c2d608518690eccf44eae8_redline_24d37f7b5e_docxodus.docx — 
never reached in 3 batch pass(es)
2026-09-30 00:45:56.994 | ERROR    | __main__:_convert_batched:1730 -  FAIL: 
f94aeed5f5_001f4e98e9744f89b6f26b3741cb6439f8131bf89659230e__vs__bd3824dd1e_000e
e64ef7226d353297888f59a251e24ce5d776fea000fa_redline_c85d7fadac_docxodus.docx — 
never reached in 3 batch pass(es)
2026-09-30 00:45:56.995 | ERROR    | __main__:_convert_batched:1730 -  FAIL: 
f94aeed5f5_001f4e98e9744f89b6f26b3741cb6439f8131bf89659230e__vs__deff0e697a_00b5
defcad6e58038eac35472a2d48c89905068e5ece0cc3_redline_bb7bb84780_docxodus.docx — 
never reached in 3 batch pass(es)
2026-09-30 00:45:56.996 | ERROR    | __main__:_convert_batched:1730 -  FAIL: 
f950268631_file_70__vs__13ccf06a72_file_71_redline_06abf273b8_docxodus.docx — 
never reached in 3 batch pass(es)
2026-09-30 00:45:56.996 | ERROR    | __main__:_convert_batched:1730 -  FAIL: 
f96d955d1f_adc89f6f8c063857a4749aef826b32335f84f594f313784d__vs__2187372db5_7afc
e1a5de46c972eb12aa38086fda8ca550f4c811ef5d7f_redline_580f8e2e8a_docxodus.docx — 
never reached in 3 batch pass(es)
2026-09-30 00:45:56.997 | ERROR    | __main__:_convert_batched:1730 -  FAIL: 
f999eb0cd4_b8eb69d5da1651ac1d6f5b7266fd567672cda7a9e9eab37b__vs__d2ba5bddc4_b9f2
793b14613aaf0fdf7f451fe3da702bcfd98b34105b2b_redline_b0c99c33c7_docxodus.docx — 
never reached in 3 batch pass(es)
2026-09-30 00:45:56.998 | ERROR    | __main__:_convert_batched:1730 -  FAIL: 
f9b9dbd790_0017bce9abd08007241b106f0fcf1d64e45c05cd82a05a1d__vs__1424386e9b_0174
47de83753a0e3b7afc659df038ef56972925336c6a5b_redline_2ea0a59b6a_docxodus.docx — 
never reached in 3 batch pass(es)
2026-09-30 00:45:57.003 | ERROR    | __main__:_convert_batched:1730 -  FAIL: 
f9b9dbd790_0017bce9abd08007241b106f0fcf1d64e45c05cd82a05a1d__vs__2e04202552_000e
3e7bd2d6215fc7b469cc3e296c1b2a510bc1abc7e0fd_redline_b716c93528_docxodus.docx — 
never reached in 3 batch pass(es)
2026-09-30 00:45:57.009 | ERROR    | __main__:_convert_batched:1730 -  FAIL: 
f9b9dbd790_0017bce9abd08007241b106f0fcf1d64e45c05cd82a05a1d__vs__333bfe069a_0034
16d620331122b93b434dad901db5836f60d2cad4b533_redline_a8c44068c2_docxodus.docx — 
never reached in 3 batch pass(es)
2026-09-30 00:45:57.016 | ERROR    | __main__:_convert_batched:1730 -  FAIL: 
f9b9dbd790_0017bce9abd08007241b106f0fcf1d64e45c05cd82a05a1d__vs__342f364d46_0013
42333d45627868f4dc5282abbba4598a91b4a7584b08_redline_3a6aea7fd6_docxodus.docx — 
never reached in 3 batch pass(es)
2026-09-30 00:45:57.017 | ERROR    | __main__:_convert_batched:1730 -  FAIL: 
f9b9dbd790_0017bce9abd08007241b106f0fcf1d64e45c05cd82a05a1d__vs__5203829c7a_001c
c92b88566d5f930fe57f25813c0bf52a7bdc72c217d0_redline_415fa42f00_docxodus.docx — 
never reached in 3 batch pass(es)
2026-09-30 00:45:57.018 | ERROR    | __main__:_convert_batched:1730 -  FAIL: 
f9b9dbd790_0017bce9abd08007241b106f0fcf1d64e45c05cd82a05a1d__vs__a5f2b9318d_002a
a60c2ae1187417b4b157c5ec6450324cc056ec551a12_redline_51e52dbbaf_docxodus.docx — 
never reached in 3 batch pass(es)
2026-09-30 00:45:57.020 | ERROR    | __main__:_convert_batched:1730 -  FAIL: 
f9b9dbd790_0017bce9abd08007241b106f0fcf1d64e45c05cd82a05a1d__vs__aa5340125d_00a4
b0b91e9b5b072dc3771391c2d608518690eccf44eae8_redline_207461739c_docxodus.docx — 
never reached in 3 batch pass(es)
2026-09-30 00:45:57.021 | ERROR    | __main__:_convert_batched:1730 -  FAIL: 
f9b9dbd790_0017bce9abd08007241b106f0fcf1d64e45c05cd82a05a1d__vs__bd3824dd1e_000e
e64ef7226d353297888f59a251e24ce5d776fea000fa_redline_3eee1bceaf_docxodus.docx — 
never reached in 3 batch pass(es)
2026-09-30 00:45:57.022 | ERROR    | __main__:_convert_batched:1730 -  FAIL: 
f9b9dbd790_0017bce9abd08007241b106f0fcf1d64e45c05cd82a05a1d__vs__deff0e697a_00b5
defcad6e58038eac35472a2d48c89905068e5ece0cc3_redline_5e151b767c_docxodus.docx — 
never reached in 3 batch pass(es)
2026-09-30 00:45:57.023 | ERROR    | __main__:_convert_batched:1730 -  FAIL: 
f9ca1d3348_277e57f3da9c9b557af1abffa61255c6e8036e032a64a874__vs__65695b941a_71df
1fd99914a3abfca2de1775ccb4b2400f12430110f55d_redline_feacbc347e_docxodus.docx — 
never reached in 3 batch pass(es)
2026-09-30 00:45:57.024 | ERROR    | __main__:_convert_batched:1730 -  FAIL: 
fa33fd104c_file_136__vs__e3e56d833b_file_137_redline_ed9f4b0a5b_docxodus.docx — 
never reached in 3 batch pass(es)
2026-09-30 00:45:57.024 | ERROR    | __main__:_convert_batched:1730 -  FAIL: 
fa4d5010d8_layout_engine__basic_vector_shapes_e5f0ef49__vs__ad43500302_super_edi
tor__list_numbering_reimport_d788d573_redline_9d682fe39d_docxodus.docx — never 
reached in 3 batch pass(es)
2026-09-30 00:45:57.025 | ERROR    | __main__:_convert_batched:1730 -  FAIL: 
fa5b142e31_quarterly_performance_report_table__vs__c6f9b1571d_red_bold_heading_d
emo_style_default_missing_redline_7ef4149a19_docxodus.docx — never reached in 3 
batch pass(es)
2026-09-30 00:45:57.026 | ERROR    | __main__:_convert_batched:1730 -  FAIL: 
fa5b1dd76a_file_66__vs__57f861e6c4_file_67_redline_0c3d53058e_docxodus.docx — 
never reached in 3 batch pass(es)
2026-09-30 00:45:57.026 | ERROR    | __main__:_convert_batched:1730 -  FAIL: 
fa6006c2ee_file_62__vs__5a508830cf_file_63_redline_0161808db0_docxodus.docx — 
never reached in 3 batch pass(es)
2026-09-30 00:45:57.027 | ERROR    | __main__:_convert_batched:1730 -  FAIL: 
fa962f4b9d_file_79__vs__9d2146095f_file_80_redline_6169b89c33_docxodus.docx — 
never reached in 3 batch pass(es)
2026-09-30 00:45:57.027 | ERROR    | __main__:_convert_batched:1730 -  FAIL: 
faa7c6b110_file_88__vs__57ff9e1b30_file_89_redline_4319e3d7c7_docxodus.docx — 
never reached in 3 batch pass(es)
2026-09-30 00:45:57.029 | ERROR    | __main__:_convert_batched:1730 -  FAIL: 
fad186fbc9_file_185__vs__5674014cbb_file_186_redline_c09f50d3f1_docxodus.docx — 
never reached in 3 batch pass(es)
2026-09-30 00:45:57.029 | ERROR    | __main__:_convert_batched:1730 -  FAIL: 
fb1c56c1e0_fdf7dbac083ccb4be9870dac580f685d72e9cb78a9e1e824__vs__a9cfeef3a5_e9db
fb36238214117a1148b5b1ebb6ce93a718fcfc7357d4_redline_6ed1a241a2_docxodus.docx — 
never reached in 3 batch pass(es)
2026-09-30 00:45:57.030 | ERROR    | __main__:_convert_batched:1730 -  FAIL: 
fb7e0f5c32_a908db22eafe0ddc365cd09429341464706ffb6d315fe03a__vs__8adb5d2b90_a5de
68536253cfefa979b7c78ccbfd2f4d1316632aedf7c9_redline_496b13e942_docxodus.docx — 
never reached in 3 batch pass(es)
2026-09-30 00:45:57.031 | ERROR    | __main__:_convert_batched:1730 -  FAIL: 
fb7e959776_blue_centered_title_demo_style_default_missing__vs__080a32894f_blue_i
talic_text_demo_id_paraid_overflow_redline_7f5ab5eb89_docxodus.docx — never 
reached in 3 batch pass(es)
2026-09-30 00:45:57.032 | ERROR    | __main__:_convert_batched:1730 -  FAIL: 
fb85d194cb_23203fe6d92dfd722597a5820480664b6fa93fdf63d04cbe__vs__5d88ca2fc6_6134
18ce0a9bb74e12692fcaaa305ebd1196a5e3a8f56a13_redline_d610d90c10_docxodus.docx — 
never reached in 3 batch pass(es)
2026-09-30 00:45:57.037 | ERROR    | __main__:_convert_batched:1730 -  FAIL: 
fbe14959b0_000f5278175aa01c2b9517b07e8a087014e4a05ab3e24f41__vs__1424386e9b_0174
47de83753a0e3b7afc659df038ef56972925336c6a5b_redline_2bd37cf59a_docxodus.docx — 
never reached in 3 batch pass(es)
2026-09-30 00:45:57.042 | ERROR    | __main__:_convert_batched:1730 -  FAIL: 
fbe14959b0_000f5278175aa01c2b9517b07e8a087014e4a05ab3e24f41__vs__2773adf157_0004
c94ca2a8684d47449bb0e7abf87de1df71a7e6543252_redline_1f36e9a00b_docxodus.docx — 
never reached in 3 batch pass(es)
2026-09-30 00:45:57.047 | ERROR    | __main__:_convert_batched:1730 -  FAIL: 
fbe14959b0_000f5278175aa01c2b9517b07e8a087014e4a05ab3e24f41__vs__2e04202552_000e
3e7bd2d6215fc7b469cc3e296c1b2a510bc1abc7e0fd_redline_638842c111_docxodus.docx — 
never reached in 3 batch pass(es)
2026-09-30 00:45:57.050 | ERROR    | __main__:_convert_batched:1730 -  FAIL: 
fbe14959b0_000f5278175aa01c2b9517b07e8a087014e4a05ab3e24f41__vs__333bfe069a_0034
16d620331122b93b434dad901db5836f60d2cad4b533_redline_85aa26adba_docxodus.docx — 
never reached in 3 batch pass(es)
2026-09-30 00:45:57.054 | ERROR    | __main__:_convert_batched:1730 -  FAIL: 
fbe14959b0_000f5278175aa01c2b9517b07e8a087014e4a05ab3e24f41__vs__342f364d46_0013
42333d45627868f4dc5282abbba4598a91b4a7584b08_redline_d452d8446d_docxodus.docx — 
never reached in 3 batch pass(es)
2026-09-30 00:45:57.057 | ERROR    | __main__:_convert_batched:1730 -  FAIL: 
fbe14959b0_000f5278175aa01c2b9517b07e8a087014e4a05ab3e24f41__vs__5203829c7a_001c
c92b88566d5f930fe57f25813c0bf52a7bdc72c217d0_redline_1b40a04f6e_docxodus.docx — 
never reached in 3 batch pass(es)
2026-09-30 00:45:57.061 | ERROR    | __main__:_convert_batched:1730 -  FAIL: 
fbe14959b0_000f5278175aa01c2b9517b07e8a087014e4a05ab3e24f41__vs__a5f2b9318d_002a
a60c2ae1187417b4b157c5ec6450324cc056ec551a12_redline_6fb9bbdb49_docxodus.docx — 
never reached in 3 batch pass(es)
2026-09-30 00:45:57.065 | ERROR    | __main__:_convert_batched:1730 -  FAIL: 
fbe14959b0_000f5278175aa01c2b9517b07e8a087014e4a05ab3e24f41__vs__aa5340125d_00a4
b0b91e9b5b072dc3771391c2d608518690eccf44eae8_redline_d6580e6209_docxodus.docx — 
never reached in 3 batch pass(es)
2026-09-30 00:45:57.071 | ERROR    | __main__:_convert_batched:1730 -  FAIL: 
fbe14959b0_000f5278175aa01c2b9517b07e8a087014e4a05ab3e24f41__vs__bd3824dd1e_000e
e64ef7226d353297888f59a251e24ce5d776fea000fa_redline_094759eca1_docxodus.docx — 
never reached in 3 batch pass(es)
2026-09-30 00:45:57.072 | ERROR    | __main__:_convert_batched:1730 -  FAIL: 
fc5d9fecb7_00028d824d5d2262bc6e30692308cd1b577ac1dff228970d__vs__1424386e9b_0174
47de83753a0e3b7afc659df038ef56972925336c6a5b_redline_854b04698b_docxodus.docx — 
never reached in 3 batch pass(es)
2026-09-30 00:45:57.073 | ERROR    | __main__:_convert_batched:1730 -  FAIL: 
fc5d9fecb7_00028d824d5d2262bc6e30692308cd1b577ac1dff228970d__vs__2773adf157_0004
c94ca2a8684d47449bb0e7abf87de1df71a7e6543252_redline_f89e2f03ac_docxodus.docx — 
never reached in 3 batch pass(es)
2026-09-30 00:45:57.074 | ERROR    | __main__:_convert_batched:1730 -  FAIL: 
fc5d9fecb7_00028d824d5d2262bc6e30692308cd1b577ac1dff228970d__vs__2e04202552_000e
3e7bd2d6215fc7b469cc3e296c1b2a510bc1abc7e0fd_redline_9b49bbb009_docxodus.docx — 
never reached in 3 batch pass(es)
2026-09-30 00:45:57.075 | ERROR    | __main__:_convert_batched:1730 -  FAIL: 
fc5d9fecb7_00028d824d5d2262bc6e30692308cd1b577ac1dff228970d__vs__333bfe069a_0034
16d620331122b93b434dad901db5836f60d2cad4b533_redline_7f450b2b12_docxodus.docx — 
never reached in 3 batch pass(es)
2026-09-30 00:45:57.077 | ERROR    | __main__:_convert_batched:1730 -  FAIL: 
fc5d9fecb7_00028d824d5d2262bc6e30692308cd1b577ac1dff228970d__vs__342f364d46_0013
42333d45627868f4dc5282abbba4598a91b4a7584b08_redline_b9c294a2e1_docxodus.docx — 
never reached in 3 batch pass(es)
2026-09-30 00:45:57.078 | ERROR    | __main__:_convert_batched:1730 -  FAIL: 
fc5d9fecb7_00028d824d5d2262bc6e30692308cd1b577ac1dff228970d__vs__5203829c7a_001c
c92b88566d5f930fe57f25813c0bf52a7bdc72c217d0_redline_870274e32c_docxodus.docx — 
never reached in 3 batch pass(es)
2026-09-30 00:45:57.079 | ERROR    | __main__:_convert_batched:1730 -  FAIL: 
fc5d9fecb7_00028d824d5d2262bc6e30692308cd1b577ac1dff228970d__vs__a5f2b9318d_002a
a60c2ae1187417b4b157c5ec6450324cc056ec551a12_redline_1acd709985_docxodus.docx — 
never reached in 3 batch pass(es)
2026-09-30 00:45:57.080 | ERROR    | __main__:_convert_batched:1730 -  FAIL: 
fc5d9fecb7_00028d824d5d2262bc6e30692308cd1b577ac1dff228970d__vs__aa5340125d_00a4
b0b91e9b5b072dc3771391c2d608518690eccf44eae8_redline_9f271c8e1d_docxodus.docx — 
never reached in 3 batch pass(es)
2026-09-30 00:45:57.082 | ERROR    | __main__:_convert_batched:1730 -  FAIL: 
fc5d9fecb7_00028d824d5d2262bc6e30692308cd1b577ac1dff228970d__vs__bd3824dd1e_000e
e64ef7226d353297888f59a251e24ce5d776fea000fa_redline_7fdcd442c2_docxodus.docx — 
never reached in 3 batch pass(es)
2026-09-30 00:45:57.083 | ERROR    | __main__:_convert_batched:1730 -  FAIL: 
fc5d9fecb7_00028d824d5d2262bc6e30692308cd1b577ac1dff228970d__vs__deff0e697a_00b5
defcad6e58038eac35472a2d48c89905068e5ece0cc3_redline_4baf3b9f1b_docxodus.docx — 
never reached in 3 batch pass(es)
2026-09-30 00:45:57.084 | ERROR    | __main__:_convert_batched:1730 -  FAIL: 
fc7446c442_file_19__vs__bb77c5d70e_file_20_redline_1a4f837e9e_docxodus.docx — 
never reached in 3 batch pass(es)
2026-09-30 00:45:57.086 | ERROR    | __main__:_convert_batched:1730 -  FAIL: 
fca2e2d2fb_c7bc478bbf437dc674b15660baec7dc84871ae9fb72f59c7__vs__7da4c0927e_b979
4019a3a163817e9882b71d9a9b70083625440919c6e3_redline_a72825a276_docxodus.docx — 
never reached in 3 batch pass(es)
2026-09-30 00:45:57.087 | ERROR    | __main__:_convert_batched:1730 -  FAIL: 
fcde913d1d_file_166__vs__994bab4ce6_file_167_redline_27aaaf4187_docxodus.docx — 
never reached in 3 batch pass(es)
2026-09-30 00:45:57.087 | ERROR    | __main__:_convert_batched:1730 -  FAIL: 
fd1d891f44_file_98__vs__c0723c2916_file_99_redline_0d06710c45_docxodus.docx — 
never reached in 3 batch pass(es)
2026-09-30 00:45:57.088 | ERROR    | __main__:_convert_batched:1730 -  FAIL: 
fd4aefa551_file_144__vs__a1f5212957_file_145_redline_4a05dab534_docxodus.docx — 
never reached in 3 batch pass(es)
2026-09-30 00:45:57.089 | ERROR    | __main__:_convert_batched:1730 -  FAIL: 
fd5a40bd94_underline_text_formatting_demo_style_default_mis__vs__f43929f70c_verd
ana_bold_large_font_id_paraid_overflow_redline_c964f553ef_docxodus.docx — never 
reached in 3 batch pass(es)
2026-09-30 00:45:57.090 | ERROR    | __main__:_convert_batched:1730 -  FAIL: 
fd68f70f24_super_editor__ooxml_highlight_rstyle_linked_comb__vs__1e1f1ad583_supe
r_editor__diff_before2_ca0c6859_redline_09b9bd2f9d_docxodus.docx — never reached
in 3 batch pass(es)
2026-09-30 00:45:57.090 | ERROR    | __main__:_convert_batched:1730 -  FAIL: 
fd68f70f24_super_editor__ooxml_highlight_rstyle_linked_comb__vs__ba54aaab82_supe
r_editor__ooxml_italic_rstyle_combos_demo_90_redline_67b4573b7d_docxodus.docx — 
never reached in 3 batch pass(es)
2026-09-30 00:45:57.092 | ERROR    | __main__:_convert_batched:1730 -  FAIL: 
fdabb735ad_bold_text_formatting_demo_id_paraid_overflow__vs__08e3f68925_bold_und
erline_combined_demo_id_paraid_overflow_redline_acd5cf3bf2_docxodus.docx — never
reached in 3 batch pass(es)
2026-09-30 00:45:57.092 | ERROR    | __main__:_convert_batched:1730 -  FAIL: 
fdaf71bd6b_file_38__vs__d62983b275_file_39_redline_618d22429e_docxodus.docx — 
never reached in 3 batch pass(es)
2026-09-30 00:45:57.093 | ERROR    | __main__:_convert_batched:1730 -  FAIL: 
fdb2976d19_01415d08f6d1a428e6949533adcd6249cf25676d98d0b78c__vs__1424386e9b_0174
47de83753a0e3b7afc659df038ef56972925336c6a5b_redline_e227d61add_docxodus.docx — 
never reached in 3 batch pass(es)
2026-09-30 00:45:57.094 | ERROR    | __main__:_convert_batched:1730 -  FAIL: 
fdb2976d19_01415d08f6d1a428e6949533adcd6249cf25676d98d0b78c__vs__2773adf157_0004
c94ca2a8684d47449bb0e7abf87de1df71a7e6543252_redline_91cd75730c_docxodus.docx — 
never reached in 3 batch pass(es)
2026-09-30 00:45:57.095 | ERROR    | __main__:_convert_batched:1730 -  FAIL: 
fdb2976d19_01415d08f6d1a428e6949533adcd6249cf25676d98d0b78c__vs__342f364d46_0013
42333d45627868f4dc5282abbba4598a91b4a7584b08_redline_df75b30ef4_docxodus.docx — 
never reached in 3 batch pass(es)
2026-09-30 00:45:57.096 | ERROR    | __main__:_convert_batched:1730 -  FAIL: 
fdb2976d19_01415d08f6d1a428e6949533adcd6249cf25676d98d0b78c__vs__5203829c7a_001c
c92b88566d5f930fe57f25813c0bf52a7bdc72c217d0_redline_53547c0ecb_docxodus.docx — 
never reached in 3 batch pass(es)
2026-09-30 00:45:57.096 | ERROR    | __main__:_convert_batched:1730 -  FAIL: 
fdb2976d19_01415d08f6d1a428e6949533adcd6249cf25676d98d0b78c__vs__a5f2b9318d_002a
a60c2ae1187417b4b157c5ec6450324cc056ec551a12_redline_76a536e0f9_docxodus.docx — 
never reached in 3 batch pass(es)
2026-09-30 00:45:57.097 | ERROR    | __main__:_convert_batched:1730 -  FAIL: 
fdb2976d19_01415d08f6d1a428e6949533adcd6249cf25676d98d0b78c__vs__aa5340125d_00a4
b0b91e9b5b072dc3771391c2d608518690eccf44eae8_redline_ee00700829_docxodus.docx — 
never reached in 3 batch pass(es)
2026-09-30 00:45:57.098 | ERROR    | __main__:_convert_batched:1730 -  FAIL: 
fdb2976d19_01415d08f6d1a428e6949533adcd6249cf25676d98d0b78c__vs__deff0e697a_00b5
defcad6e58038eac35472a2d48c89905068e5ece0cc3_redline_c70f91f9b9_docxodus.docx — 
never reached in 3 batch pass(es)
2026-09-30 00:45:57.099 | ERROR    | __main__:_convert_batched:1730 -  FAIL: 
fdd60beead_nested_table_rowspan__vs__41f0a98a46_numbered_list_demo_id_paraid_ove
rflow_redline_196bfa1dd9_docxodus.docx — never reached in 3 batch pass(es)
2026-09-30 00:45:57.100 | ERROR    | __main__:_convert_batched:1730 -  FAIL: 
fe11d14f44_behavior__sd_2447_toc_tab_alignment_8319c14c__vs__563331c6f3_super_ed
itor__broken_complex_list_293fda86_redline_1093dd6cfd_docxodus.docx — never 
reached in 3 batch pass(es)
2026-09-30 00:45:57.101 | ERROR    | __main__:_convert_batched:1730 -  FAIL: 
fe11d14f44_behavior__sd_2447_toc_tab_alignment_8319c14c__vs__8441c4ae21_sd_2517_
localized_heading_styles_redline_9dfaecf9a9_docxodus.docx — never reached in 3 
batch pass(es)
2026-09-30 00:45:57.102 | ERROR    | __main__:_convert_batched:1730 -  FAIL: 
fe30a2695f_c51f8e00074742f311f06858841150c6302e5421dca6a679__vs__4792f8c6c1_1baa
7641e4dff75e3351a92771d3721d1951054972c0415a_redline_95f7a84264_docxodus.docx — 
never reached in 3 batch pass(es)
2026-09-30 00:45:57.102 | ERROR    | __main__:_convert_batched:1730 -  FAIL: 
fe445552ab_file_80__vs__2cfcf343a2_file_81_redline_7e58f498a8_docxodus.docx — 
never reached in 3 batch pass(es)
2026-09-30 00:45:57.103 | ERROR    | __main__:_convert_batched:1730 -  FAIL: 
fe56cf6167_108f7099011f37945d9dbedca4d1bb0bceca12f388dea92d__vs__2fd5e4820a_1173
e1c5df6f7197eebd8a9f2603347549bf5d33409e347c_redline_5d431c38ff_docxodus.docx — 
never reached in 3 batch pass(es)
2026-09-30 00:45:57.104 | ERROR    | __main__:_convert_batched:1730 -  FAIL: 
ff47bdeea8_file_119__vs__868b5e44f4_file_120_redline_517b53a483_docxodus.docx — 
never reached in 3 batch pass(es)
2026-09-30 00:45:57.105 | ERROR    | __main__:_convert_batched:1730 -  FAIL: 
ffbd6a0327_calibri_bold_italic_demo_id_paraid_overflow__vs__7d0c2f81c2_calibri_f
ont_demo_id_paraid_overflow_2_redline_b18e1c63d6_docxodus.docx — never reached 
in 3 batch pass(es)
2026-09-30 00:45:57.105 | ERROR    | __main__:_convert_batched:1730 -  FAIL: 
ffe6488f77_02d34f01cc1f76fda7d8f6f0484f1b62d066916e75fc6767__vs__559dcf675c_03f2
673c98f5411065d51ac5c001638f7a8b8c0f9d7a5f06_redline_f19921855c_docxodus.docx — 
never reached in 3 batch pass(es)
                DOCX → PDF:                 
  results/redlines_0929_full/docxodus/docx  
┏━━━━━━━━━━━━━━━━━━━━━━━━━━━━━━━━━━┳━━━━━━━┓
┃ outcome                          ┃ count ┃
┡━━━━━━━━━━━━━━━━━━━━━━━━━━━━━━━━━━╇━━━━━━━┩
│ converted                        │  1432 │
│ skipped (exists)                 │   460 │
│ failed                           │   713 │
│ seconds per document (batch avg) │   2.8 │
└──────────────────────────────────┴───────┘
  FAIL 
00f467c010_0008753aa70a6a7b929aa1958001da41574c2d407e5b9863__vs__333bfe069a_0034
16d620331122b93b434dad901db5836f60d2cad4b533_redline_6ac9b7afd6_docxodus.docx: 
never reached in 3 batch pass(es)
  FAIL 
00f467c010_0008753aa70a6a7b929aa1958001da41574c2d407e5b9863__vs__342f364d46_0013
42333d45627868f4dc5282abbba4598a91b4a7584b08_redline_9014a2c35a_docxodus.docx: 
never reached in 3 batch pass(es)
  FAIL 
03aa687c07_0fef17a42714273fc90f69ea4dc8d6b2028449267539750a__vs__7772e684bb_056a
a42f3314a8a17098cba6c7afb8c21d27fc3bf274f137_redline_0d33c3afef_docxodus.docx: 
never reached in 3 batch pass(es)
  FAIL 
048870ce18_014178090497722649b8e7aedf646339a3189ee7fe69a596__vs__1424386e9b_0174
47de83753a0e3b7afc659df038ef56972925336c6a5b_redline_a4af2cbfbc_docxodus.docx: 
never reached in 3 batch pass(es)
  FAIL 
048870ce18_014178090497722649b8e7aedf646339a3189ee7fe69a596__vs__2773adf157_0004
c94ca2a8684d47449bb0e7abf87de1df71a7e6543252_redline_16c26ed631_docxodus.docx: 
never reached in 3 batch pass(es)
  FAIL 
048870ce18_014178090497722649b8e7aedf646339a3189ee7fe69a596__vs__2e04202552_000e
3e7bd2d6215fc7b469cc3e296c1b2a510bc1abc7e0fd_redline_670204a885_docxodus.docx: 
never reached in 3 batch pass(es)
  FAIL 
048870ce18_014178090497722649b8e7aedf646339a3189ee7fe69a596__vs__333bfe069a_0034
16d620331122b93b434dad901db5836f60d2cad4b533_redline_77e4a6bed0_docxodus.docx: 
never reached in 3 batch pass(es)
  FAIL 
048870ce18_014178090497722649b8e7aedf646339a3189ee7fe69a596__vs__342f364d46_0013
42333d45627868f4dc5282abbba4598a91b4a7584b08_redline_7100ebbc8a_docxodus.docx: 
never reached in 3 batch pass(es)
  FAIL 
048870ce18_014178090497722649b8e7aedf646339a3189ee7fe69a596__vs__5203829c7a_001c
c92b88566d5f930fe57f25813c0bf52a7bdc72c217d0_redline_410ba57425_docxodus.docx: 
never reached in 3 batch pass(es)
  FAIL 
048870ce18_014178090497722649b8e7aedf646339a3189ee7fe69a596__vs__a5f2b9318d_002a
a60c2ae1187417b4b157c5ec6450324cc056ec551a12_redline_ebe3e5ca03_docxodus.docx: 
never reached in 3 batch pass(es)
  FAIL 
048870ce18_014178090497722649b8e7aedf646339a3189ee7fe69a596__vs__aa5340125d_00a4
b0b91e9b5b072dc3771391c2d608518690eccf44eae8_redline_90cfb41b70_docxodus.docx: 
never reached in 3 batch pass(es)
  FAIL 
048870ce18_014178090497722649b8e7aedf646339a3189ee7fe69a596__vs__bd3824dd1e_000e
e64ef7226d353297888f59a251e24ce5d776fea000fa_redline_f43fac490d_docxodus.docx: 
never reached in 3 batch pass(es)
  FAIL 
048870ce18_014178090497722649b8e7aedf646339a3189ee7fe69a596__vs__deff0e697a_00b5
defcad6e58038eac35472a2d48c89905068e5ece0cc3_redline_2908bcc568_docxodus.docx: 
never reached in 3 batch pass(es)
  FAIL 
08f3411449_file_175__vs__7ac6653045_file_176_redline_0a3b2b314a_docxodus.docx: 
never reached in 3 batch pass(es)
  FAIL 
0a45c11e26_f3be0709437e3db487c472a0932f83d94984b9015dcc4642__vs__99c11b7d8e_f518
c13245b2fdb7c69dc16a268913a43656a97451645fbe_redline_f30cea827b_docxodus.docx: 
Microsoft Word got an error: document 
"00096__0a45c11e26_f3be0709437e3db487c472a0932f83d94984b9015dcc4642__vs__99c11b7
d8e_f518c13245b2fdb7c69dc16a268913a43656a97451645fbe_redline_f30cea827b_docxodus
.d
  FAIL 
0bbf11cf21_5a6c9a5cc654191fa574f474976ebfbfd60a2299dfb96ebe__vs__d825254fce_048c
597c1da833b932c73e97755f2f8e8113d83aecd1f13e_redline_ef51261c54_docxodus.docx: 
never reached in 3 batch pass(es)
  FAIL 
109f20a2b3_5aff5b9fa9df9f4c52007fb46cc9d8ce262e481d4cd42cde__vs__9e0fe37bd3_c5dd
b65c304e51ee1968486ee5967cce78db93eece4177fe_redline_7b1b3baaba_docxodus.docx: 
never reached in 3 batch pass(es)
  FAIL 
11856e25f6_small_font_size_demo_id_paraid_overflow__vs__1e0254763b_strict01_redl
ine_831ee4fcc2_docxodus.docx: never reached in 3 batch pass(es)
  FAIL 
12033d2ca5_bc404781cb7c84f7c76061d998daff4b9224a2de0cdcceb4__vs__334eb73a7c_df8c
4f9c7d2c85b4042854f488e93a8d7d3404c404a512f5_redline_e48e5fec25_docxodus.docx: 
never reached in 3 batch pass(es)
  FAIL 
16ad37e660_87160078dd3ce2778683d3a74ce659126834ee6b8d767dcc__vs__7e2920b1a9_950f
aedd1066df99d1eac4ab70f5b91f6988516145dc8854_redline_e1981b6e58_docxodus.docx: 
never reached in 3 batch pass(es)
  FAIL 
19891583af_000f23dc2592a0044f1da2e4f2166c6b41e8fde6a66a1988__vs__2773adf157_0004
c94ca2a8684d47449bb0e7abf87de1df71a7e6543252_redline_e97f1c7c8f_docxodus.docx: 
never reached in 3 batch pass(es)
  FAIL 
1aa7a03758_004c43cb816aed2ca4b0d0adf6e2bb8f115182135f2b4b42__vs__aa5340125d_00a4
b0b91e9b5b072dc3771391c2d608518690eccf44eae8_redline_d27aec936f_docxodus.docx: 
never reached in 3 batch pass(es)
  FAIL 
1c29559690_38cbf57ee790ac446ec8c957189574570b7ea5b0dae2fd15__vs__689964b1d8_fcb4
5876931e978ee2f9052da44fe1f763e4f0c1cb7b2279_redline_ab51888caa_docxodus.docx: 
never reached in 3 batch pass(es)
  FAIL 
1cdaa2bca0_0ccc6413a5d5d36f8f9e5fd3632396e00927c9196f9566ee__vs__c7f546e99c_bf85
e13edbd4d5f562657afb037269ac3addef9c430a8e77_redline_967fdd5659_docxodus.docx: 
never reached in 3 batch pass(es)
  FAIL 
1d2b8dc6ee_92170677438db54aa8a8f98174fe909b1098525f5f7e0bf8__vs__4f9dff0369_f827
f1ca71b26a05479d43827a69fdb35f5acd1185196bdb_redline_4c39e7ce4f_docxodus.docx: 
never reached in 3 batch pass(es)
  FAIL 
1e0254763b_strict01__vs__5fca0ac668_ooxml_style_link_redline_17ca3591c6_docxodus
.docx: never reached in 3 batch pass(es)
  FAIL 
1e0254763b_strict01__vs__f5bac425cd_word_tolerated_broken_media_rel_redline_46d1
71fe5b_docxodus.docx: never reached in 3 batch pass(es)
  FAIL 
203c24d1e7_00cb988053156ab17763897a184a6655864f9c50f7ef2e53__vs__1424386e9b_0174
47de83753a0e3b7afc659df038ef56972925336c6a5b_redline_e682703ae3_docxodus.docx: 
never reached in 3 batch pass(es)
  FAIL 
203c24d1e7_00cb988053156ab17763897a184a6655864f9c50f7ef2e53__vs__2773adf157_0004
c94ca2a8684d47449bb0e7abf87de1df71a7e6543252_redline_6d53941908_docxodus.docx: 
never reached in 3 batch pass(es)
  FAIL 
203c24d1e7_00cb988053156ab17763897a184a6655864f9c50f7ef2e53__vs__2e04202552_000e
3e7bd2d6215fc7b469cc3e296c1b2a510bc1abc7e0fd_redline_787c63ea48_docxodus.docx: 
never reached in 3 batch pass(es)
  FAIL 
203c24d1e7_00cb988053156ab17763897a184a6655864f9c50f7ef2e53__vs__333bfe069a_0034
16d620331122b93b434dad901db5836f60d2cad4b533_redline_13a3fc553d_docxodus.docx: 
never reached in 3 batch pass(es)
  FAIL 
203c24d1e7_00cb988053156ab17763897a184a6655864f9c50f7ef2e53__vs__342f364d46_0013
42333d45627868f4dc5282abbba4598a91b4a7584b08_redline_9e54d502f6_docxodus.docx: 
never reached in 3 batch pass(es)
  FAIL 
203c24d1e7_00cb988053156ab17763897a184a6655864f9c50f7ef2e53__vs__5203829c7a_001c
c92b88566d5f930fe57f25813c0bf52a7bdc72c217d0_redline_31bbf97599_docxodus.docx: 
never reached in 3 batch pass(es)
  FAIL 
203c24d1e7_00cb988053156ab17763897a184a6655864f9c50f7ef2e53__vs__a5f2b9318d_002a
a60c2ae1187417b4b157c5ec6450324cc056ec551a12_redline_a37ccd81f7_docxodus.docx: 
never reached in 3 batch pass(es)
  FAIL 
203c24d1e7_00cb988053156ab17763897a184a6655864f9c50f7ef2e53__vs__aa5340125d_00a4
b0b91e9b5b072dc3771391c2d608518690eccf44eae8_redline_e9e7b29b93_docxodus.docx: 
never reached in 3 batch pass(es)
  FAIL 
203c24d1e7_00cb988053156ab17763897a184a6655864f9c50f7ef2e53__vs__bd3824dd1e_000e
e64ef7226d353297888f59a251e24ce5d776fea000fa_redline_7070a9c7b0_docxodus.docx: 
never reached in 3 batch pass(es)
  FAIL 
203c24d1e7_00cb988053156ab17763897a184a6655864f9c50f7ef2e53__vs__deff0e697a_00b5
defcad6e58038eac35472a2d48c89905068e5ece0cc3_redline_ab70cef536_docxodus.docx: 
never reached in 3 batch pass(es)
  FAIL 
2261da4dae_cda3ae3ebc9762a0f1f79fcc41fc2c5b21e21260d47f5b4a__vs__6e765b335d_f3a3
5d76c9a9598ca26d1205f927770db7ce090f10872e08_redline_337fe29e91_docxodus.docx: 
never reached in 3 batch pass(es)
  FAIL 
23536e24d2_5ddba7ca1e7abc522e338baa1f7afc84bf0051381d8dd6e8__vs__66396a2dff_5cb0
8eac0fbc63f2dc66c9020486fde76b78b3b56e6cc368_redline_1a6df64b8c_docxodus.docx: 
Microsoft Word got an error: document 
"00301__23536e24d2_5ddba7ca1e7abc522e338baa1f7afc84bf0051381d8dd6e8__vs__66396a2
dff_5cb08eac0fbc63f2dc66c9020486fde76b78b3b56e6cc368_redline_1a6df64b8c_docxodus
.d
  FAIL 
2523714a7f_166230a5d0c1ffc0b39476f0358811a3ae000db31e399eeb__vs__fa99066c51_19d1
ea39b560e3746c8fdebc84dfc3dfbb74c345dd5e3f35_redline_0f8eb45f51_docxodus.docx: 
never reached in 3 batch pass(es)
  FAIL 
252698e4ea_246f5a1d6059f020824c3b5635741d2d2614efeb6d7ba53c__vs__fa3be61164_1be3
5f7519c17b6bf1d954855528222e46a1813a939df55e_redline_7cd845f4b0_docxodus.docx: 
never reached in 3 batch pass(es)
  FAIL 
2b4475cba6_0021f639e5dbf6c217c8d81a7ac3374624ff9901a5d4b200__vs__aa5340125d_00a4
b0b91e9b5b072dc3771391c2d608518690eccf44eae8_redline_030c72af8f_docxodus.docx: 
Microsoft Word got an error: AppleEvent timed out.
  FAIL 
2b479f55f8_ab1a60a25dd051171cff9456f1fdafa82d5d746f4a494cce__vs__63db0bebfc_98f3
b26190a9ad2d0c27e5505ef29521d4faff960deea626_redline_e22069e294_docxodus.docx: 
never reached in 3 batch pass(es)
  FAIL 
2b53f0978a_63ab631704096bb2f59a30573d21b9f0398996d1a432767c__vs__18b67cc11e_17c3
e72cc7f16277427d79c33c20a8ce2322c714a50b5072_redline_8ab94dfa20_docxodus.docx: 
never reached in 3 batch pass(es)
  FAIL 
2da026a400_2d048ff116f39f2f4d89ebc621a016d97e5fa61696dc4172__vs__5c93efd4e5_04a0
ee2c71dffb920ca495151043e732d3cd072da4854ed8_redline_b13a27e36d_docxodus.docx: 
never reached in 3 batch pass(es)
  FAIL 
30f195a272_1773a11956d682dede9401c3226fbbf2b6bfec21a2235354__vs__54286b56f0_03fc
abccc151de9af114d16cb6fd34438b05eafb886faa4e_redline_9240f816df_docxodus.docx: 
never reached in 3 batch pass(es)
  FAIL 
350b1ae68d_009a28e68eaecf1c8b456f889410ff6d221b1d0cd42b0ccf__vs__260b98f6e8_009d
432b6045c2a03c19d5019e9c7fc3a6cc23e485c61e6b_redline_d0e7a08bbd_docxodus.docx: 
never reached in 3 batch pass(es)
  FAIL 
375fae81b7_a24126540f413bb464180dae1c29e089aacc4591fa07b13e__vs__f06ff371fe_d2a2
b3f0c255c7e6fcf18eb649a2fce9869817b3398cceff_redline_a5678bf47a_docxodus.docx: 
never reached in 3 batch pass(es)
  FAIL 
3936a8fe56_45311d41d4a17fbedfe93a538b930e88fa0a63ff0d6ff9cc__vs__39d62be386_142e
45828f53d67b780459e79d542d852b1692c83fcf6600_redline_51b9726cdf_docxodus.docx: 
never reached in 3 batch pass(es)
  FAIL 
39b59f5a84_4bd68827071993e9ef15259288fc0bd69cd2649b06000e19__vs__e2727b0828_371d
df84970d73bf320cc7ae92d9214c7ebc92bff083a63f_redline_6126dd867e_docxodus.docx: 
never reached in 3 batch pass(es)
  FAIL 
3bfcb371e2_00003fff80a444ad2f706c74f3c0d9fbef00d7a99ba0c105__vs__1424386e9b_0174
47de83753a0e3b7afc659df038ef56972925336c6a5b_redline_9b22b88370_docxodus.docx: 
never reached in 3 batch pass(es)
  FAIL 
3bfcb371e2_00003fff80a444ad2f706c74f3c0d9fbef00d7a99ba0c105__vs__2773adf157_0004
c94ca2a8684d47449bb0e7abf87de1df71a7e6543252_redline_8fff070a61_docxodus.docx: 
never reached in 3 batch pass(es)
  FAIL 
3bfcb371e2_00003fff80a444ad2f706c74f3c0d9fbef00d7a99ba0c105__vs__2e04202552_000e
3e7bd2d6215fc7b469cc3e296c1b2a510bc1abc7e0fd_redline_875b3fba58_docxodus.docx: 
never reached in 3 batch pass(es)
  FAIL 
3bfcb371e2_00003fff80a444ad2f706c74f3c0d9fbef00d7a99ba0c105__vs__333bfe069a_0034
16d620331122b93b434dad901db5836f60d2cad4b533_redline_23c28907ad_docxodus.docx: 
never reached in 3 batch pass(es)
  FAIL 
3bfcb371e2_00003fff80a444ad2f706c74f3c0d9fbef00d7a99ba0c105__vs__342f364d46_0013
42333d45627868f4dc5282abbba4598a91b4a7584b08_redline_5a0e502265_docxodus.docx: 
never reached in 3 batch pass(es)
  FAIL 
3bfcb371e2_00003fff80a444ad2f706c74f3c0d9fbef00d7a99ba0c105__vs__5203829c7a_001c
c92b88566d5f930fe57f25813c0bf52a7bdc72c217d0_redline_1b64829cd7_docxodus.docx: 
never reached in 3 batch pass(es)
  FAIL 
3bfcb371e2_00003fff80a444ad2f706c74f3c0d9fbef00d7a99ba0c105__vs__a5f2b9318d_002a
a60c2ae1187417b4b157c5ec6450324cc056ec551a12_redline_52a3f84699_docxodus.docx: 
never reached in 3 batch pass(es)
  FAIL 
3bfcb371e2_00003fff80a444ad2f706c74f3c0d9fbef00d7a99ba0c105__vs__aa5340125d_00a4
b0b91e9b5b072dc3771391c2d608518690eccf44eae8_redline_842ef93738_docxodus.docx: 
never reached in 3 batch pass(es)
  FAIL 
3bfcb371e2_00003fff80a444ad2f706c74f3c0d9fbef00d7a99ba0c105__vs__bd3824dd1e_000e
e64ef7226d353297888f59a251e24ce5d776fea000fa_redline_92e0f36a56_docxodus.docx: 
never reached in 3 batch pass(es)
  FAIL 
3bfcb371e2_00003fff80a444ad2f706c74f3c0d9fbef00d7a99ba0c105__vs__deff0e697a_00b5
defcad6e58038eac35472a2d48c89905068e5ece0cc3_redline_30b6e87178_docxodus.docx: 
never reached in 3 batch pass(es)
  FAIL 
3c1e5d4d00_00b540ddc1a1fef3ab9acae5b93ca90e9fcef840e25d53cd__vs__2773adf157_0004
c94ca2a8684d47449bb0e7abf87de1df71a7e6543252_redline_a9a1b530a9_docxodus.docx: 
never reached in 3 batch pass(es)
  FAIL 
3fcd92b87b_30ff840c5280c4e754b1d6998d936bd6ae03c4cafe1dd5c9__vs__536a1741f1_2877
e96980f074938031572843306e6da8158dd87dafec3e_redline_251aa16cd3_docxodus.docx: 
never reached in 3 batch pass(es)
  FAIL 
42148810f2_72f824a7073c6729f8afd678daf0b9ee8944bd63b5bcdc87__vs__04ef47843d_97f0
305382b8fac1dbea2e986a3e4d69c8406c398b9fb53a_redline_bc902c8157_docxodus.docx: 
never reached in 3 batch pass(es)
  FAIL 
42aeddc7ba_5cbfcd93ef1cfd753fa58f2dff70795b728c7227b7009556__vs__6d7a0f164f_4626
df7285217bef86655a468798b451c827f24df7caec50_redline_3f74e8a0d4_docxodus.docx: 
never reached in 3 batch pass(es)
  FAIL 
432bf1c280_010684299d3c5523897eb69efb8c1c743c0a7623137d64fe__vs__1424386e9b_0174
47de83753a0e3b7afc659df038ef56972925336c6a5b_redline_c323b1ce8e_docxodus.docx: 
never reached in 3 batch pass(es)
  FAIL 
432bf1c280_010684299d3c5523897eb69efb8c1c743c0a7623137d64fe__vs__2773adf157_0004
c94ca2a8684d47449bb0e7abf87de1df71a7e6543252_redline_982694165a_docxodus.docx: 
never reached in 3 batch pass(es)
  FAIL 
432bf1c280_010684299d3c5523897eb69efb8c1c743c0a7623137d64fe__vs__2e04202552_000e
3e7bd2d6215fc7b469cc3e296c1b2a510bc1abc7e0fd_redline_a0e558b0b9_docxodus.docx: 
never reached in 3 batch pass(es)
  FAIL 
432bf1c280_010684299d3c5523897eb69efb8c1c743c0a7623137d64fe__vs__333bfe069a_0034
16d620331122b93b434dad901db5836f60d2cad4b533_redline_be5af1ebf5_docxodus.docx: 
never reached in 3 batch pass(es)
  FAIL 
432bf1c280_010684299d3c5523897eb69efb8c1c743c0a7623137d64fe__vs__342f364d46_0013
42333d45627868f4dc5282abbba4598a91b4a7584b08_redline_435d2c2474_docxodus.docx: 
never reached in 3 batch pass(es)
  FAIL 
432bf1c280_010684299d3c5523897eb69efb8c1c743c0a7623137d64fe__vs__5203829c7a_001c
c92b88566d5f930fe57f25813c0bf52a7bdc72c217d0_redline_259117826d_docxodus.docx: 
never reached in 3 batch pass(es)
  FAIL 
432bf1c280_010684299d3c5523897eb69efb8c1c743c0a7623137d64fe__vs__a5f2b9318d_002a
a60c2ae1187417b4b157c5ec6450324cc056ec551a12_redline_0e053136eb_docxodus.docx: 
never reached in 3 batch pass(es)
  FAIL 
432bf1c280_010684299d3c5523897eb69efb8c1c743c0a7623137d64fe__vs__aa5340125d_00a4
b0b91e9b5b072dc3771391c2d608518690eccf44eae8_redline_eed68538c8_docxodus.docx: 
never reached in 3 batch pass(es)
  FAIL 
432bf1c280_010684299d3c5523897eb69efb8c1c743c0a7623137d64fe__vs__bd3824dd1e_000e
e64ef7226d353297888f59a251e24ce5d776fea000fa_redline_6167071c5d_docxodus.docx: 
never reached in 3 batch pass(es)
  FAIL 
432bf1c280_010684299d3c5523897eb69efb8c1c743c0a7623137d64fe__vs__deff0e697a_00b5
defcad6e58038eac35472a2d48c89905068e5ece0cc3_redline_ea3098283c_docxodus.docx: 
never reached in 3 batch pass(es)
  FAIL 
432c7750f9_c57c0733ce12faf35f342822f4b7eaa9355fe83b8e9ee8c7__vs__5ba87c5cbb_1dab
52916414f9478e31d6debd6bba2c2961cd2f0cc637f3_redline_fa055f482b_docxodus.docx: 
never reached in 3 batch pass(es)
  FAIL 
45c1c5abec_table_vmerge_colspan__vs__a94f4c516b_text_box_redline_54dd9bf0c3_docx
odus.docx: never reached in 3 batch pass(es)
  FAIL 
4640e71ddd_0062ef190840d69d26aa6ecec30a8cb25f8e1506cee20dac__vs__1424386e9b_0174
47de83753a0e3b7afc659df038ef56972925336c6a5b_redline_32d0abcfc9_docxodus.docx: 
never reached in 3 batch pass(es)
  FAIL 
4640e71ddd_0062ef190840d69d26aa6ecec30a8cb25f8e1506cee20dac__vs__2773adf157_0004
c94ca2a8684d47449bb0e7abf87de1df71a7e6543252_redline_8f1e9d4179_docxodus.docx: 
never reached in 3 batch pass(es)
  FAIL 
4640e71ddd_0062ef190840d69d26aa6ecec30a8cb25f8e1506cee20dac__vs__2e04202552_000e
3e7bd2d6215fc7b469cc3e296c1b2a510bc1abc7e0fd_redline_cb9583377c_docxodus.docx: 
never reached in 3 batch pass(es)
  FAIL 
4640e71ddd_0062ef190840d69d26aa6ecec30a8cb25f8e1506cee20dac__vs__333bfe069a_0034
16d620331122b93b434dad901db5836f60d2cad4b533_redline_c40f3cc643_docxodus.docx: 
never reached in 3 batch pass(es)
  FAIL 
4640e71ddd_0062ef190840d69d26aa6ecec30a8cb25f8e1506cee20dac__vs__342f364d46_0013
42333d45627868f4dc5282abbba4598a91b4a7584b08_redline_c486f3a829_docxodus.docx: 
never reached in 3 batch pass(es)
  FAIL 
4640e71ddd_0062ef190840d69d26aa6ecec30a8cb25f8e1506cee20dac__vs__5203829c7a_001c
c92b88566d5f930fe57f25813c0bf52a7bdc72c217d0_redline_e0af18fb3d_docxodus.docx: 
never reached in 3 batch pass(es)
  FAIL 
4640e71ddd_0062ef190840d69d26aa6ecec30a8cb25f8e1506cee20dac__vs__a5f2b9318d_002a
a60c2ae1187417b4b157c5ec6450324cc056ec551a12_redline_daa4804467_docxodus.docx: 
never reached in 3 batch pass(es)
  FAIL 
4640e71ddd_0062ef190840d69d26aa6ecec30a8cb25f8e1506cee20dac__vs__aa5340125d_00a4
b0b91e9b5b072dc3771391c2d608518690eccf44eae8_redline_ea55c722de_docxodus.docx: 
never reached in 3 batch pass(es)
  FAIL 
4640e71ddd_0062ef190840d69d26aa6ecec30a8cb25f8e1506cee20dac__vs__bd3824dd1e_000e
e64ef7226d353297888f59a251e24ce5d776fea000fa_redline_a09aa89f13_docxodus.docx: 
never reached in 3 batch pass(es)
  FAIL 
4640e71ddd_0062ef190840d69d26aa6ecec30a8cb25f8e1506cee20dac__vs__deff0e697a_00b5
defcad6e58038eac35472a2d48c89905068e5ece0cc3_redline_7d3cfc66f7_docxodus.docx: 
never reached in 3 batch pass(es)
  FAIL 
46f47ccfe2_46fc5c182dca5262909ec84931a23338aefc1f1032ee0de6__vs__3a4df93535_3e1b
81ef00b0a49ef402f6df4476f80e2b7028a1d287dfab_redline_a5c1f5bb71_docxodus.docx: 
never reached in 3 batch pass(es)
  FAIL 
476dd8129a_a73aaf75c471a01c06be8a6d359813363129ce98f8961862__vs__d5147a7eac_a4f0
c024045d58724784304ee89c0fe1e16361f322d279b2_redline_a1848c2b50_docxodus.docx: 
never reached in 3 batch pass(es)
  FAIL 
4868e18c2f_c4542a55b93e25d28e0dd2bcb4c344ea08a5296e16a3d8af__vs__dda66f2e20_13d1
1814aee9627b5817928625ff9990ebbcf1c7b664091f_redline_86652e3619_docxodus.docx: 
never reached in 3 batch pass(es)
  FAIL 
498e14e303_8aea36343507f94f9994f88eb8ec5304fe3d1bb44f06ad18__vs__d0526e27df_9545
34e6294cf67d9d64531e60871cdc380db5356d8d86ee_redline_b9355f7ec3_docxodus.docx: 
never reached in 3 batch pass(es)
  FAIL 
4db02133f5_0007ed60dbbc648e714534360ae72dd054c8322b82ac5609__vs__2773adf157_0004
c94ca2a8684d47449bb0e7abf87de1df71a7e6543252_redline_b21b9663f3_docxodus.docx: 
never reached in 3 batch pass(es)
  FAIL 
509174cb00_4dc2a0dc7286438f40da0bcc0be31afe83621d0fc6576159__vs__66b7b15a1a_59f8
c04d24a6261ab1c0180bb39999080b97ef992e658302_redline_15c82f6344_docxodus.docx: 
never reached in 3 batch pass(es)
  FAIL 
54c9eda9fb_a7110391f4478ade5aabf48bad05d250be49cb3e1f335eee__vs__dc9c5abc73_cac3
915a402fc43445f2a81133310d7f8174001a530c4f99_redline_5fb335d512_docxodus.docx: 
Microsoft Word got an error: AppleEvent timed out.
  FAIL 
5e91be0083_edaa63e59fb2eccfbbe0371a940417a1e9eab2096cf9694a__vs__5d4f20ab0c_e2f2
0e966e869cb70660df4aa57f109759e3809e2640530c_redline_6f0fc0f2e9_docxodus.docx: 
never reached in 3 batch pass(es)
  FAIL 
5fe95eef15_ef8fe9466d7bdfcbb305b135138e8fb395ceceb10148015b__vs__685c8e4972_c876
0b450ac4721d3acc8948a7755ac5d14f55d62483a8d9_redline_9494f2e92a_docxodus.docx: 
never reached in 3 batch pass(es)
  FAIL 
6055cab8ad_fc9e108f844e0aad9645a388d52ae72005e185775bbe2bfe__vs__dcd634cb30_e8cf
b5d26cc4afc3583c5d0fd1ef7af8c87ccbd1468d7c2f_redline_aa6deadf18_docxodus.docx: 
never reached in 3 batch pass(es)
  FAIL 
60697d46b7_strict01__vs__a04e2d2749_ooxml_style_link_redline_6b74ac1ae6_docxodus
.docx: never reached in 3 batch pass(es)
  FAIL 
60c3c050c6_c00fe1f6d7c5c568751881299d78a69acc28e9d91e359c17__vs__490dfc032d_9e81
389b5ea7f1dbcfe83f68047563fd81eac85189d4da0f_redline_3f482c4ea6_docxodus.docx: 
never reached in 3 batch pass(es)
  FAIL 
617c1284c9_00feb732c2ef2b643a132e4305e16833fd047b46ca44b65b__vs__1424386e9b_0174
47de83753a0e3b7afc659df038ef56972925336c6a5b_redline_6bc323aa0d_docxodus.docx: 
never reached in 3 batch pass(es)
  FAIL 
617c1284c9_00feb732c2ef2b643a132e4305e16833fd047b46ca44b65b__vs__2773adf157_0004
c94ca2a8684d47449bb0e7abf87de1df71a7e6543252_redline_2ef6ed00b9_docxodus.docx: 
never reached in 3 batch pass(es)
  FAIL 
617c1284c9_00feb732c2ef2b643a132e4305e16833fd047b46ca44b65b__vs__2e04202552_000e
3e7bd2d6215fc7b469cc3e296c1b2a510bc1abc7e0fd_redline_9812be01c0_docxodus.docx: 
never reached in 3 batch pass(es)
  FAIL 
617c1284c9_00feb732c2ef2b643a132e4305e16833fd047b46ca44b65b__vs__333bfe069a_0034
16d620331122b93b434dad901db5836f60d2cad4b533_redline_4cb34c212d_docxodus.docx: 
never reached in 3 batch pass(es)
  FAIL 
617c1284c9_00feb732c2ef2b643a132e4305e16833fd047b46ca44b65b__vs__342f364d46_0013
42333d45627868f4dc5282abbba4598a91b4a7584b08_redline_34e4211b58_docxodus.docx: 
never reached in 3 batch pass(es)
  FAIL 
617c1284c9_00feb732c2ef2b643a132e4305e16833fd047b46ca44b65b__vs__5203829c7a_001c
c92b88566d5f930fe57f25813c0bf52a7bdc72c217d0_redline_044ff3ce7e_docxodus.docx: 
never reached in 3 batch pass(es)
  FAIL 
617c1284c9_00feb732c2ef2b643a132e4305e16833fd047b46ca44b65b__vs__a5f2b9318d_002a
a60c2ae1187417b4b157c5ec6450324cc056ec551a12_redline_428fe8b1c0_docxodus.docx: 
never reached in 3 batch pass(es)
  FAIL 
617c1284c9_00feb732c2ef2b643a132e4305e16833fd047b46ca44b65b__vs__aa5340125d_00a4
b0b91e9b5b072dc3771391c2d608518690eccf44eae8_redline_4b0ea98e79_docxodus.docx: 
never reached in 3 batch pass(es)
  FAIL 
617c1284c9_00feb732c2ef2b643a132e4305e16833fd047b46ca44b65b__vs__bd3824dd1e_000e
e64ef7226d353297888f59a251e24ce5d776fea000fa_redline_c7d135bac5_docxodus.docx: 
never reached in 3 batch pass(es)
  FAIL 
617c1284c9_00feb732c2ef2b643a132e4305e16833fd047b46ca44b65b__vs__deff0e697a_00b5
defcad6e58038eac35472a2d48c89905068e5ece0cc3_redline_31b2203d8c_docxodus.docx: 
never reached in 3 batch pass(es)
  FAIL 
6224dfcb8b_2d7b815409b79ddc3ea9c52dc6aa856770ee6499e1110934__vs__2a79eebeca_ce58
48f5c0c3c529d63050f39d5186f8ea29859af3eb5d82_redline_4f54cef23c_docxodus.docx: 
Microsoft Word got an error: document 
"00837__6224dfcb8b_2d7b815409b79ddc3ea9c52dc6aa856770ee6499e1110934__vs__2a79eeb
eca_ce5848f5c0c3c529d63050f39d5186f8ea29859af3eb5d82_redline_4f54cef23c_docxodus
.d
  FAIL 
63114916a7_eb682f7a779a99b02ece6fae975de27ce6cd511531e1295d__vs__14882c6359_f29e
853d64aef3f69e88e2d31de7d38104611290896c26f7_redline_ef5c04859b_docxodus.docx: 
never reached in 3 batch pass(es)
  FAIL 
66cfa52b0c_fe09ce606b20a9bbd10d61a87218cb0a70e980d2bb3639e7__vs__c28aafcf60_4e3b
c5acd19c432f43ad0adb3fb56f5739bcbe6cd8e9bcb4_redline_ee3c219df7_docxodus.docx: 
never reached in 3 batch pass(es)
  FAIL 
66dcec3e49_file_175__vs__8f47b1dc90_file_176_redline_485599b4e9_docxodus.docx: 
never reached in 3 batch pass(es)
  FAIL 
6758689ba7_text_box__vs__9f27b9f0d4_text_highlight_demo_style_default_missing_re
dline_6615bbe1a9_docxodus.docx: never reached in 3 batch pass(es)
  FAIL 
6797b1450f_fce350bbf4f75c5cee5eaea4b202d624e159bd749e2bfab1__vs__8ae10bb4b2_f0fe
bfac48c369580c3eebb7c5dcec09b8f1c28ae489ce48_redline_00288995f0_docxodus.docx: 
never reached in 3 batch pass(es)
  FAIL 
689072d58f_590e77a9f5c0a2a019cfa2e1b21d0197fb139d0f9883f948__vs__b50d7a1bf1_af00
35cc41059d71015cf5d0c46a8883f32b1118fdc695f1_redline_c8250e8905_docxodus.docx: 
never reached in 3 batch pass(es)
  FAIL 
689a94ab75_1e931250b22dd86d72205c8a17e760be2df32181eb95631e__vs__652aef6635_a719
122080a418927a7056741f57b5e84ee1879adb4d9dda_redline_f90c5ec9b7_docxodus.docx: 
never reached in 3 batch pass(es)
  FAIL 
6c2c8f1b79_4746195c006945f534b2c9ac444f038d071c9f4009b49e4a__vs__9696c5a86b_849e
e788c6d02e66e3d5d037056f33907af76c092dbb5494_redline_acafcbe293_docxodus.docx: 
never reached in 3 batch pass(es)
  FAIL 
6c6d37a60e_713b96f7449018c37b77c60a972e1ce0771ee8001afee1c5__vs__396a7ea617_570a
ffbac9e332f4aa71a5f76d1e4cf740bc5b529193b9f8_redline_a07535b014_docxodus.docx: 
never reached in 3 batch pass(es)
  FAIL 
70e0b71385_verdana_italic_centered_demo_id_paraid_overflow__vs__1e0254763b_stric
t01_redline_f532c5754a_docxodus.docx: never reached in 3 batch pass(es)
  FAIL 
75b13139d1_01424129e67ac16566c504bbb091d985cb6316a08abf5730__vs__aa5340125d_00a4
b0b91e9b5b072dc3771391c2d608518690eccf44eae8_redline_292dea4ba5_docxodus.docx: 
never reached in 3 batch pass(es)
  FAIL 
77dcdfd6dc_20c18b4b5db86ef701aef966f4d5a28da7dd6acd0d3add9c__vs__1d6aaded23_9681
7b4d3631f78007ec8404ade5ef288b61af0d66770002_redline_fc14feb77d_docxodus.docx: 
never reached in 3 batch pass(es)
  FAIL 
7a48682ea5_super_editor__superdoc_hyperlink_cases_1dde9cd3__vs__7098537b0d_super
_editor__base_custom_544164f9_redline_686a6405b2_docxodus.docx: never reached in
3 batch pass(es)
  FAIL 
7e1d0dc896_db433183ef464aaaa01d37307a1b7476eb855adb2ab2e09c__vs__26eb0ecec7_9377
099d26f30a542b1c1db6c87e2a15ce0c0e3fd1e8dc01_redline_0bc720e5fa_docxodus.docx: 
never reached in 3 batch pass(es)
  FAIL 
7f93204c6c_57c181dae3117b73355f3838635376a547f0b3bf8f865cdd__vs__cfc9a10332_2f8b
89ca507b8d91b7124338900088b00fb1faa6bd8b32f7_redline_9592aa7edd_docxodus.docx: 
never reached in 3 batch pass(es)
  FAIL 
7fda30a6f2_9cb6df893fcd1a1597981f9b2f2919474ca3125776ed96f8__vs__854e54d0d4_b5a1
4ebdbbd67607b97eb464dd41ab98caafcc07fbf9b705_redline_9dfd9790c9_docxodus.docx: 
never reached in 3 batch pass(es)
  FAIL 
80aa142151_file_8__vs__7a0bdaf60f_file_9_redline_4618d6926f_docxodus.docx: never
reached in 3 batch pass(es)
  FAIL 
80efad84d3_3691648ca828914f876d636bc9681b6ec9447969ab5ca800__vs__74376f2ca4_39e1
a78b406c0f1a22b6a4f2dedd3ee8843fd5d5811dac5e_redline_b0c8fcde0b_docxodus.docx: 
never reached in 3 batch pass(es)
  FAIL 
83a0cec5ca_cc594ee0903acbfa9207a40e3f40a94e75a31b6cdedde4a2__vs__e3d87c5d40_57d3
e8f2af09e8376ceb1fb6068ba542964c0cdc936c7995_redline_15a27d9c50_docxodus.docx: 
never reached in 3 batch pass(es)
  FAIL 
87dc2ebfec_00ee07057c69b24e2be4bf1a2684792bf6141fdccc35d075__vs__1424386e9b_0174
47de83753a0e3b7afc659df038ef56972925336c6a5b_redline_fa616b4b60_docxodus.docx: 
never reached in 3 batch pass(es)
  FAIL 
87dc2ebfec_00ee07057c69b24e2be4bf1a2684792bf6141fdccc35d075__vs__2773adf157_0004
c94ca2a8684d47449bb0e7abf87de1df71a7e6543252_redline_9e8fdebfa2_docxodus.docx: 
never reached in 3 batch pass(es)
  FAIL 
87dc2ebfec_00ee07057c69b24e2be4bf1a2684792bf6141fdccc35d075__vs__2e04202552_000e
3e7bd2d6215fc7b469cc3e296c1b2a510bc1abc7e0fd_redline_08050ab981_docxodus.docx: 
never reached in 3 batch pass(es)
  FAIL 
87dc2ebfec_00ee07057c69b24e2be4bf1a2684792bf6141fdccc35d075__vs__333bfe069a_0034
16d620331122b93b434dad901db5836f60d2cad4b533_redline_7252aa05ca_docxodus.docx: 
never reached in 3 batch pass(es)
  FAIL 
87dc2ebfec_00ee07057c69b24e2be4bf1a2684792bf6141fdccc35d075__vs__342f364d46_0013
42333d45627868f4dc5282abbba4598a91b4a7584b08_redline_12e5c4b16d_docxodus.docx: 
never reached in 3 batch pass(es)
  FAIL 
87dc2ebfec_00ee07057c69b24e2be4bf1a2684792bf6141fdccc35d075__vs__5203829c7a_001c
c92b88566d5f930fe57f25813c0bf52a7bdc72c217d0_redline_143e7a6dc4_docxodus.docx: 
never reached in 3 batch pass(es)
  FAIL 
87dc2ebfec_00ee07057c69b24e2be4bf1a2684792bf6141fdccc35d075__vs__a5f2b9318d_002a
a60c2ae1187417b4b157c5ec6450324cc056ec551a12_redline_61283a9049_docxodus.docx: 
never reached in 3 batch pass(es)
  FAIL 
87dc2ebfec_00ee07057c69b24e2be4bf1a2684792bf6141fdccc35d075__vs__aa5340125d_00a4
b0b91e9b5b072dc3771391c2d608518690eccf44eae8_redline_f5d550349e_docxodus.docx: 
never reached in 3 batch pass(es)
  FAIL 
87dc2ebfec_00ee07057c69b24e2be4bf1a2684792bf6141fdccc35d075__vs__bd3824dd1e_000e
e64ef7226d353297888f59a251e24ce5d776fea000fa_redline_1abb37f12a_docxodus.docx: 
never reached in 3 batch pass(es)
  FAIL 
87dc2ebfec_00ee07057c69b24e2be4bf1a2684792bf6141fdccc35d075__vs__deff0e697a_00b5
defcad6e58038eac35472a2d48c89905068e5ece0cc3_redline_37f5506f86_docxodus.docx: 
never reached in 3 batch pass(es)
  FAIL 
8b45820aa8_file_100__vs__0d6cc8a99c_file_101_redline_f953aac51a_docxodus.docx: 
never reached in 3 batch pass(es)
  FAIL 
8dcd453923_numwords_fldsimple__vs__1e0254763b_strict01_redline_9ec1e7ed5d_docxod
us.docx: never reached in 3 batch pass(es)
  FAIL 
8e534b49f0_00a9b37342f07e6b9bd5b8fffbe4dd777d31053171e69da2__vs__1424386e9b_0174
47de83753a0e3b7afc659df038ef56972925336c6a5b_redline_4e3d14b3d3_docxodus.docx: 
never reached in 3 batch pass(es)
  FAIL 
8e534b49f0_00a9b37342f07e6b9bd5b8fffbe4dd777d31053171e69da2__vs__2773adf157_0004
c94ca2a8684d47449bb0e7abf87de1df71a7e6543252_redline_83de2974df_docxodus.docx: 
never reached in 3 batch pass(es)
  FAIL 
8e534b49f0_00a9b37342f07e6b9bd5b8fffbe4dd777d31053171e69da2__vs__2e04202552_000e
3e7bd2d6215fc7b469cc3e296c1b2a510bc1abc7e0fd_redline_aeff6a9631_docxodus.docx: 
never reached in 3 batch pass(es)
  FAIL 
8e534b49f0_00a9b37342f07e6b9bd5b8fffbe4dd777d31053171e69da2__vs__333bfe069a_0034
16d620331122b93b434dad901db5836f60d2cad4b533_redline_2b0b9989fe_docxodus.docx: 
never reached in 3 batch pass(es)
  FAIL 
8e534b49f0_00a9b37342f07e6b9bd5b8fffbe4dd777d31053171e69da2__vs__342f364d46_0013
42333d45627868f4dc5282abbba4598a91b4a7584b08_redline_510bcf9432_docxodus.docx: 
never reached in 3 batch pass(es)
  FAIL 
8e534b49f0_00a9b37342f07e6b9bd5b8fffbe4dd777d31053171e69da2__vs__5203829c7a_001c
c92b88566d5f930fe57f25813c0bf52a7bdc72c217d0_redline_99aed3b8e2_docxodus.docx: 
never reached in 3 batch pass(es)
  FAIL 
8e534b49f0_00a9b37342f07e6b9bd5b8fffbe4dd777d31053171e69da2__vs__a5f2b9318d_002a
a60c2ae1187417b4b157c5ec6450324cc056ec551a12_redline_2e5338a837_docxodus.docx: 
never reached in 3 batch pass(es)
  FAIL 
8e534b49f0_00a9b37342f07e6b9bd5b8fffbe4dd777d31053171e69da2__vs__aa5340125d_00a4
b0b91e9b5b072dc3771391c2d608518690eccf44eae8_redline_d48277585f_docxodus.docx: 
never reached in 3 batch pass(es)
  FAIL 
8e534b49f0_00a9b37342f07e6b9bd5b8fffbe4dd777d31053171e69da2__vs__bd3824dd1e_000e
e64ef7226d353297888f59a251e24ce5d776fea000fa_redline_ea09a6505d_docxodus.docx: 
never reached in 3 batch pass(es)
  FAIL 
8e534b49f0_00a9b37342f07e6b9bd5b8fffbe4dd777d31053171e69da2__vs__deff0e697a_00b5
defcad6e58038eac35472a2d48c89905068e5ece0cc3_redline_0c27542f55_docxodus.docx: 
never reached in 3 batch pass(es)
  FAIL 
8e694101b9_469e571050275b57ed1836b4cc17f4d29e43eec925bdfad9__vs__37c6c62345_3f29
6ffac9c17a92962156ff41f2b079eb687cd440513fe3_redline_9a2af58d99_docxodus.docx: 
never reached in 3 batch pass(es)
  FAIL 
91440900a0_00189e19139f6e3031303e4152566a7bc08fab71a5c95895__vs__2773adf157_0004
c94ca2a8684d47449bb0e7abf87de1df71a7e6543252_redline_544952d399_docxodus.docx: 
never reached in 3 batch pass(es)
  FAIL 
9157a277e6_b2f18058eb208aedb4ae71061c4b8fee327620e1a9391735__vs__e0086a5a74_9b7d
937ec2a6b1fdaa04bdd3be51d145d35245d86b074053_redline_600b6a365e_docxodus.docx: 
never reached in 3 batch pass(es)
  FAIL 
927ac9aa34_08c4a91af911ba28211b34993f02e105aa8e3bcca2f14a62__vs__510fc04622_2e1b
3238f72dd915c2fe92d6a01c213169f0992205e89bef_redline_4f6ee65d41_docxodus.docx: 
never reached in 3 batch pass(es)
  FAIL 
937c2d593d_70bf1fc955d47b9c53240cfb85bb6783a5809a7dfbb31928__vs__950d333339_6a0d
50215e5c7f9eb3a50dac6315d8cbb6873aea3d8aa1e4_redline_77800d60fe_docxodus.docx: 
never reached in 3 batch pass(es)
  FAIL 
95e967cf7b_4a45c8279800a59fdb128a3e00cc935fe8475769102fcc42__vs__671b3660c2_3f67
1017f7272d30d5560706ed497e9fb0324587007c9d2f_redline_e8aedc3a02_docxodus.docx: 
never reached in 3 batch pass(es)
  FAIL 
970fd9303f_sample_document_word_repair_of_our_output_word_r__vs__8441c4ae21_sd_2
517_localized_heading_styles_redline_9c71031b8a_docxodus.docx: never reached in 
3 batch pass(es)
  FAIL 
98c8b73841_0041d3944715c2fffc5929695f968e5f399e85b139fba063__vs__1424386e9b_0174
47de83753a0e3b7afc659df038ef56972925336c6a5b_redline_c83c7e02ae_docxodus.docx: 
never reached in 3 batch pass(es)
  FAIL 
98c8b73841_0041d3944715c2fffc5929695f968e5f399e85b139fba063__vs__2773adf157_0004
c94ca2a8684d47449bb0e7abf87de1df71a7e6543252_redline_8194fae646_docxodus.docx: 
never reached in 3 batch pass(es)
  FAIL 
98c8b73841_0041d3944715c2fffc5929695f968e5f399e85b139fba063__vs__2e04202552_000e
3e7bd2d6215fc7b469cc3e296c1b2a510bc1abc7e0fd_redline_3b09d6afde_docxodus.docx: 
never reached in 3 batch pass(es)
  FAIL 
98c8b73841_0041d3944715c2fffc5929695f968e5f399e85b139fba063__vs__333bfe069a_0034
16d620331122b93b434dad901db5836f60d2cad4b533_redline_617e392832_docxodus.docx: 
never reached in 3 batch pass(es)
  FAIL 
98c8b73841_0041d3944715c2fffc5929695f968e5f399e85b139fba063__vs__342f364d46_0013
42333d45627868f4dc5282abbba4598a91b4a7584b08_redline_dd200b33ce_docxodus.docx: 
never reached in 3 batch pass(es)
  FAIL 
98c8b73841_0041d3944715c2fffc5929695f968e5f399e85b139fba063__vs__5203829c7a_001c
c92b88566d5f930fe57f25813c0bf52a7bdc72c217d0_redline_50e71f1eff_docxodus.docx: 
never reached in 3 batch pass(es)
  FAIL 
98c8b73841_0041d3944715c2fffc5929695f968e5f399e85b139fba063__vs__a5f2b9318d_002a
a60c2ae1187417b4b157c5ec6450324cc056ec551a12_redline_2e391c5378_docxodus.docx: 
never reached in 3 batch pass(es)
  FAIL 
98c8b73841_0041d3944715c2fffc5929695f968e5f399e85b139fba063__vs__aa5340125d_00a4
b0b91e9b5b072dc3771391c2d608518690eccf44eae8_redline_53b52b7b2d_docxodus.docx: 
never reached in 3 batch pass(es)
  FAIL 
98c8b73841_0041d3944715c2fffc5929695f968e5f399e85b139fba063__vs__bd3824dd1e_000e
e64ef7226d353297888f59a251e24ce5d776fea000fa_redline_d1596a1bb2_docxodus.docx: 
never reached in 3 batch pass(es)
  FAIL 
98c8b73841_0041d3944715c2fffc5929695f968e5f399e85b139fba063__vs__deff0e697a_00b5
defcad6e58038eac35472a2d48c89905068e5ece0cc3_redline_3f2003bc3e_docxodus.docx: 
never reached in 3 batch pass(es)
  FAIL 
98f10d216a_78fb2518812ee75abb3e28605e76a2adcbab31e836b82136__vs__5d8d46dc14_7737
69cc16a6284c23b8eca4576bc7899f75ff2f874181fb_redline_76b9eb4925_docxodus.docx: 
never reached in 3 batch pass(es)
  FAIL 
99a9687bfa_0d7e2285e49a85261daba0c8e2c0ad90b673b2e22cc612ca__vs__0e847e911d_05fd
9d10497dff54ee9d8b126cb1ca49718369f80c5226c2_redline_8c0d466e54_docxodus.docx: 
Microsoft Word got an error: document 
"01307__99a9687bfa_0d7e2285e49a85261daba0c8e2c0ad90b673b2e22cc612ca__vs__0e847e9
11d_05fd9d10497dff54ee9d8b126cb1ca49718369f80c5226c2_redline_8c0d466e54_docxodus
.d
  FAIL 
9be7e36de4_00c3fd2d23e8acf016f9b2fb44f4ee84789abc39c820e7ab__vs__aa5340125d_00a4
b0b91e9b5b072dc3771391c2d608518690eccf44eae8_redline_920c7cd1d1_docxodus.docx: 
never reached in 3 batch pass(es)
  FAIL 
9c058c0cbb_54da77dde64cea3aaa809634168cb71ef0fbf2e5b01cb79e__vs__2949680ea3_770a
85cfccbb920c7af4040d9129aeda91b5b6cfe9eddeef_redline_db84b38989_docxodus.docx: 
never reached in 3 batch pass(es)
  FAIL 
9c6ebd430d_file_185__vs__154fce3ec8_file_186_redline_4d40d1f136_docxodus.docx: 
never reached in 3 batch pass(es)
  FAIL 
9cef43609a_table_vmerge_colspan__vs__6758689ba7_text_box_redline_42d1acd8a6_docx
odus.docx: never reached in 3 batch pass(es)
  FAIL 
9f2c60b301_d20125ec6aa52579b2e53d11212ae5e77501983055c37aca__vs__dafbdc6056_b2d5
d9dbc708f2ae5f88e8524899cbbc8aad48d1775fd695_redline_d2327e0daf_docxodus.docx: 
never reached in 3 batch pass(es)
  FAIL 
a0f5f78de9_a22b2e62cb7a2ff65e40ac609f4093ae950cb6e346e82f45__vs__082d9aa8f2_78a0
884f59673c9880c3e5e1b556be7401a73e25b0af4358_redline_834a4b8d15_docxodus.docx: 
never reached in 3 batch pass(es)
  FAIL 
a3df367231_001a6655d72fbecf6a1d10e479eee052a779d6ba1d0848d7__vs__2773adf157_0004
c94ca2a8684d47449bb0e7abf87de1df71a7e6543252_redline_fb97e850ce_docxodus.docx: 
never reached in 3 batch pass(es)
  FAIL 
a4642f7f90_mcdoc__vs__90e2c33814_meeting_agenda_table_2_redline_26c3aa16a6_docxo
dus.docx: never reached in 3 batch pass(es)
  FAIL 
a4c38b1bf5_4c17189eb7a543ae96f42443a9f4001a3be8fec6e47f7481__vs__cd63d2dccf_3f27
52287dacf8e3e52d649dc467cbab2214df665039ab15_redline_e9ef73a8e4_docxodus.docx: 
never reached in 3 batch pass(es)
  FAIL 
a5c5107d45_0f7fe6d73dc418024d632068da59a4370f871a3adb0fba52__vs__05159a58e9_06de
a9396d4be7cf0c8f8aec224f7e0ad1db2f48bebd167b_redline_dad4367d08_docxodus.docx: 
never reached in 3 batch pass(es)
  FAIL 
a83d3922a8_file_104__vs__36223881e1_file_105_redline_3a4b48cd02_docxodus.docx: 
Microsoft Word got an error: AppleEvent timed out.
  FAIL 
a88f2ae357_0095a6095a0f74201c196f4944b3d93f4cf5cc20e4982903__vs__1424386e9b_0174
47de83753a0e3b7afc659df038ef56972925336c6a5b_redline_c0af64b076_docxodus.docx: 
Microsoft Word got an error: AppleEvent timed out.
  FAIL 
a88f2ae357_0095a6095a0f74201c196f4944b3d93f4cf5cc20e4982903__vs__2773adf157_0004
c94ca2a8684d47449bb0e7abf87de1df71a7e6543252_redline_b8435bf39c_docxodus.docx: 
Microsoft Word got an error: AppleEvent timed out.
  FAIL 
a88f2ae357_0095a6095a0f74201c196f4944b3d93f4cf5cc20e4982903__vs__2e04202552_000e
3e7bd2d6215fc7b469cc3e296c1b2a510bc1abc7e0fd_redline_2e0922f49a_docxodus.docx: 
never reached in 3 batch pass(es)
  FAIL 
a88f2ae357_0095a6095a0f74201c196f4944b3d93f4cf5cc20e4982903__vs__333bfe069a_0034
16d620331122b93b434dad901db5836f60d2cad4b533_redline_a97bb9b57f_docxodus.docx: 
never reached in 3 batch pass(es)
  FAIL 
a88f2ae357_0095a6095a0f74201c196f4944b3d93f4cf5cc20e4982903__vs__342f364d46_0013
42333d45627868f4dc5282abbba4598a91b4a7584b08_redline_4bf88ed826_docxodus.docx: 
never reached in 3 batch pass(es)
  FAIL 
a88f2ae357_0095a6095a0f74201c196f4944b3d93f4cf5cc20e4982903__vs__5203829c7a_001c
c92b88566d5f930fe57f25813c0bf52a7bdc72c217d0_redline_885c507f6f_docxodus.docx: 
never reached in 3 batch pass(es)
  FAIL 
a88f2ae357_0095a6095a0f74201c196f4944b3d93f4cf5cc20e4982903__vs__a5f2b9318d_002a
a60c2ae1187417b4b157c5ec6450324cc056ec551a12_redline_7a60ec99bd_docxodus.docx: 
never reached in 3 batch pass(es)
  FAIL 
a88f2ae357_0095a6095a0f74201c196f4944b3d93f4cf5cc20e4982903__vs__aa5340125d_00a4
b0b91e9b5b072dc3771391c2d608518690eccf44eae8_redline_4702d4eae0_docxodus.docx: 
never reached in 3 batch pass(es)
  FAIL 
a88f2ae357_0095a6095a0f74201c196f4944b3d93f4cf5cc20e4982903__vs__bd3824dd1e_000e
e64ef7226d353297888f59a251e24ce5d776fea000fa_redline_cab517375d_docxodus.docx: 
never reached in 3 batch pass(es)
  FAIL 
a88f2ae357_0095a6095a0f74201c196f4944b3d93f4cf5cc20e4982903__vs__deff0e697a_00b5
defcad6e58038eac35472a2d48c89905068e5ece0cc3_redline_29290a6120_docxodus.docx: 
never reached in 3 batch pass(es)
  FAIL 
a94f4c516b_text_box__vs__356b7a3629_text_highlight_demo_style_default_missing_re
dline_4300f2f735_docxodus.docx: never reached in 3 batch pass(es)
  FAIL 
ab064d6482_super_editor__table_width_issue_20b01504__vs__01d1b3da75_table_bookma
rk_end_redline_9fff1c473d_docxodus.docx: never reached in 3 batch pass(es)
  FAIL 
ab064d6482_super_editor__table_width_issue_20b01504__vs__837d45926d_super_editor
__header_alternating_odd_even_11e019_redline_85686e0233_docxodus.docx: never 
reached in 3 batch pass(es)
  FAIL 
ab064d6482_super_editor__table_width_issue_20b01504__vs__8df6dfa8d7_alternate_co
ntent_redline_5b1a8f121b_docxodus.docx: never reached in 3 batch pass(es)
  FAIL 
ab85c77154_file_115__vs__b7219494de_file_116_redline_61959b1953_docxodus.docx: 
never reached in 3 batch pass(es)
  FAIL 
ac81950147_bb113e88ad442f882e5eb440be343edc2ff5de8f5ba82e34__vs__9102bf04f3_69e0
f6fdf91c459a3adea3632a16004f55531c96d41de980_redline_8033c36d44_docxodus.docx: 
never reached in 3 batch pass(es)
  FAIL 
af2bb3fa96_file_70__vs__91b2b8bb84_file_71_redline_97d8ded8dc_docxodus.docx: 
never reached in 3 batch pass(es)
  FAIL 
b18190e946_c15f734eca26465e173c2c9f36ee1113e525ab3dfafb4064__vs__ba2cfffd73_f1c3
6266d446e07c029f99f20ac9319675eea5d1dfd33823_redline_0bdee164e5_docxodus.docx: 
never reached in 3 batch pass(es)
  FAIL 
b452365d7d_09d6d9401599e97360d8a7f9d3b53fbcc6851cc45bd170b8__vs__341e739fd0_02de
94126cbea4972c87b92b52d718e5fd87a6aa82ede5b2_redline_3d9ced3a86_docxodus.docx: 
never reached in 3 batch pass(es)
  FAIL 
b8115d0dab_file_100__vs__c500e0081f_file_101_redline_ff24600d87_docxodus.docx: 
never reached in 3 batch pass(es)
  FAIL 
b8ba7fb082_file_115__vs__02d3862b8b_file_116_redline_579738cc2d_docxodus.docx: 
never reached in 3 batch pass(es)
  FAIL 
ba34cb6c16_eda376478bd22b6efe271689611062b00729223acd19eefe__vs__3ad98f3623_1b59
1486e98a3d44a0de0cc7a2a8120323c0333a80bf940f_redline_a78bc32904_docxodus.docx: 
never reached in 3 batch pass(es)
  FAIL 
ba54aaab82_super_editor__ooxml_italic_rstyle_combos_demo_90__vs__8ab3f01cdd_supe
r_editor__paragraph_indent_normal_styles_85f_redline_85b79dc2e9_docxodus.docx: 
never reached in 3 batch pass(es)
  FAIL 
badc3ff7cc_file_196__vs__0464553734_file_197_redline_1987911502_docxodus.docx: 
never reached in 3 batch pass(es)
  FAIL 
baf3657261_85df42a54afc9c20d3aff53d0e41164f2e0fdd5854667471__vs__8e835e4a58_fe18
26d38f794c954d601ed7dcb202a347ae8ceb560fdf2e_redline_f787d881e3_docxodus.docx: 
never reached in 3 batch pass(es)
  FAIL 
bd7b6b2bd0_super_editor__pagination_with_hard_break_8ce8c15__vs__8ab3f01cdd_supe
r_editor__paragraph_indent_normal_styles_85f_redline_064fdf1a12_docxodus.docx: 
never reached in 3 batch pass(es)
  FAIL 
be1fd554f4_cef36bfa8d96fd42e3b1998a97c4241b48fca0e1d79d5a63__vs__259b1954c6_d404
5798fefe7423d90a38ff9c33486bd497811d41480016_redline_3248620bac_docxodus.docx: 
never reached in 3 batch pass(es)
  FAIL 
be269c4536_030a008838bfcb43faba99301aaa87db68098b4774c54d2b__vs__4b03fba2ed_3ebc
9f1f058f2c2a4df5058921d3eb9b0ecfa59a5ea55cb2_redline_7ab61e8c4f_docxodus.docx: 
never reached in 3 batch pass(es)
  FAIL 
bee1069c5b_c83bfb0cff93a289a1f0e3ff8b3067d09c01245ad3559c41__vs__01dfe66768_1bad
e0e39666c3752f1c11379135dafe4307510fe1d29de8_redline_ecea12416c_docxodus.docx: 
never reached in 3 batch pass(es)
  FAIL 
c0723c2916_file_99__vs__8b45820aa8_file_100_redline_65c3d7a7a9_docxodus.docx: 
never reached in 3 batch pass(es)
  FAIL 
c090b9f082_file_8__vs__3f91c8f0cd_file_9_redline_bc6f8076f9_docxodus.docx: never
reached in 3 batch pass(es)
  FAIL 
c09b14fcd7_file_196__vs__4e6a261969_file_197_redline_cfb0498eef_docxodus.docx: 
never reached in 3 batch pass(es)
  FAIL 
c280ce0f40_019d92d986c5ba33a57df54db0056f3731e3254fcbe8ac65__vs__1424386e9b_0174
47de83753a0e3b7afc659df038ef56972925336c6a5b_redline_ef77d2a7c6_docxodus.docx: 
Microsoft Word got an error: AppleEvent timed out.
  FAIL 
c280ce0f40_019d92d986c5ba33a57df54db0056f3731e3254fcbe8ac65__vs__2773adf157_0004
c94ca2a8684d47449bb0e7abf87de1df71a7e6543252_redline_8d7a2c620c_docxodus.docx: 
never reached in 3 batch pass(es)
  FAIL 
c280ce0f40_019d92d986c5ba33a57df54db0056f3731e3254fcbe8ac65__vs__2e04202552_000e
3e7bd2d6215fc7b469cc3e296c1b2a510bc1abc7e0fd_redline_c1ee3ae6c5_docxodus.docx: 
never reached in 3 batch pass(es)
  FAIL 
c280ce0f40_019d92d986c5ba33a57df54db0056f3731e3254fcbe8ac65__vs__333bfe069a_0034
16d620331122b93b434dad901db5836f60d2cad4b533_redline_3c90d72d3b_docxodus.docx: 
never reached in 3 batch pass(es)
  FAIL 
c280ce0f40_019d92d986c5ba33a57df54db0056f3731e3254fcbe8ac65__vs__5203829c7a_001c
c92b88566d5f930fe57f25813c0bf52a7bdc72c217d0_redline_46abf7643d_docxodus.docx: 
never reached in 3 batch pass(es)
  FAIL 
c280ce0f40_019d92d986c5ba33a57df54db0056f3731e3254fcbe8ac65__vs__a5f2b9318d_002a
a60c2ae1187417b4b157c5ec6450324cc056ec551a12_redline_4da1ca3b20_docxodus.docx: 
never reached in 3 batch pass(es)
  FAIL 
c280ce0f40_019d92d986c5ba33a57df54db0056f3731e3254fcbe8ac65__vs__aa5340125d_00a4
b0b91e9b5b072dc3771391c2d608518690eccf44eae8_redline_ef3bb4f5d4_docxodus.docx: 
never reached in 3 batch pass(es)
  FAIL 
c280ce0f40_019d92d986c5ba33a57df54db0056f3731e3254fcbe8ac65__vs__bd3824dd1e_000e
e64ef7226d353297888f59a251e24ce5d776fea000fa_redline_9eb92708e4_docxodus.docx: 
never reached in 3 batch pass(es)
  FAIL 
c280ce0f40_019d92d986c5ba33a57df54db0056f3731e3254fcbe8ac65__vs__deff0e697a_00b5
defcad6e58038eac35472a2d48c89905068e5ece0cc3_redline_ce0d116e9d_docxodus.docx: 
never reached in 3 batch pass(es)
  FAIL 
c2d49e9ede_super_editor__sd_978_remove_table_borders_47f7ed__vs__f782ae23ec_supe
r_editor__wordoriginatedcomments_c146be65_redline_18380da4e0_docxodus.docx: 
never reached in 3 batch pass(es)
  FAIL 
c3462f9630_file_28__vs__6955182af0_file_29_redline_0c83f949fb_docxodus.docx: 
never reached in 3 batch pass(es)
  FAIL 
c39d1916e3_file_102__vs__f05b2b13ee_file_103_redline_9760c7c6b0_docxodus.docx: 
never reached in 3 batch pass(es)
  FAIL 
c3dbab8d3b_sales_report_january_2026_suggesting_insertions__vs__d27102bf04_sampl
e_document_afterword_repaired_word_repaired_redline_456cdec913_docxodus.docx: 
never reached in 3 batch pass(es)
  FAIL 
c40c88e402_project_tasks_suggesting_insertions__vs__d0a21b7c3c_q1_sales_summary_
table_2_redline_f51f0a9928_docxodus.docx: never reached in 3 batch pass(es)
  FAIL 
c417943be1_002b4f4d8976804c283e6f90cc51f02c7fa5ca9027ffe491__vs__1424386e9b_0174
47de83753a0e3b7afc659df038ef56972925336c6a5b_redline_10fe91c78a_docxodus.docx: 
never reached in 3 batch pass(es)
  FAIL 
c417943be1_002b4f4d8976804c283e6f90cc51f02c7fa5ca9027ffe491__vs__2773adf157_0004
c94ca2a8684d47449bb0e7abf87de1df71a7e6543252_redline_1b4dd65cb9_docxodus.docx: 
never reached in 3 batch pass(es)
  FAIL 
c417943be1_002b4f4d8976804c283e6f90cc51f02c7fa5ca9027ffe491__vs__2e04202552_000e
3e7bd2d6215fc7b469cc3e296c1b2a510bc1abc7e0fd_redline_6d7b361292_docxodus.docx: 
never reached in 3 batch pass(es)
  FAIL 
c417943be1_002b4f4d8976804c283e6f90cc51f02c7fa5ca9027ffe491__vs__333bfe069a_0034
16d620331122b93b434dad901db5836f60d2cad4b533_redline_bacb8103b9_docxodus.docx: 
never reached in 3 batch pass(es)
  FAIL 
c417943be1_002b4f4d8976804c283e6f90cc51f02c7fa5ca9027ffe491__vs__342f364d46_0013
42333d45627868f4dc5282abbba4598a91b4a7584b08_redline_24016b28c2_docxodus.docx: 
never reached in 3 batch pass(es)
  FAIL 
c417943be1_002b4f4d8976804c283e6f90cc51f02c7fa5ca9027ffe491__vs__5203829c7a_001c
c92b88566d5f930fe57f25813c0bf52a7bdc72c217d0_redline_5f69158474_docxodus.docx: 
never reached in 3 batch pass(es)
  FAIL 
c417943be1_002b4f4d8976804c283e6f90cc51f02c7fa5ca9027ffe491__vs__a5f2b9318d_002a
a60c2ae1187417b4b157c5ec6450324cc056ec551a12_redline_40890b46b0_docxodus.docx: 
never reached in 3 batch pass(es)
  FAIL 
c417943be1_002b4f4d8976804c283e6f90cc51f02c7fa5ca9027ffe491__vs__aa5340125d_00a4
b0b91e9b5b072dc3771391c2d608518690eccf44eae8_redline_9ff99dbbe2_docxodus.docx: 
never reached in 3 batch pass(es)
  FAIL 
c417943be1_002b4f4d8976804c283e6f90cc51f02c7fa5ca9027ffe491__vs__bd3824dd1e_000e
e64ef7226d353297888f59a251e24ce5d776fea000fa_redline_4f13371312_docxodus.docx: 
never reached in 3 batch pass(es)
  FAIL 
c417943be1_002b4f4d8976804c283e6f90cc51f02c7fa5ca9027ffe491__vs__deff0e697a_00b5
defcad6e58038eac35472a2d48c89905068e5ece0cc3_redline_a59373908a_docxodus.docx: 
never reached in 3 batch pass(es)
  FAIL 
c492c95bb9_file_76__vs__cf977017dd_file_77_redline_21710455cc_docxodus.docx: 
never reached in 3 batch pass(es)
  FAIL 
c498e8c52c_super_editor__contract_acc_bbd983a0__vs__43dd6753e6_super_editor__dif
f_before7_5bad2542_redline_1f955ac1bf_docxodus.docx: never reached in 3 batch 
pass(es)
  FAIL 
c498e8c52c_super_editor__contract_acc_bbd983a0__vs__ab859711f4_super_editor__cus
tom_list_numbering1_7eb9fda4_redline_3c2c9cda82_docxodus.docx: never reached in 
3 batch pass(es)
  FAIL 
c4c962aa85_file_106__vs__e2c5596170_file_107_redline_51890e0328_docxodus.docx: 
never reached in 3 batch pass(es)
  FAIL 
c4ea091705_0198ed79934875ab0b44de910b46cded49b1a2c18ca00bf9__vs__0f590615c1_3df4
a9c0b9162e00a4dc9d673fb99511b114b0ccb964c9b4_redline_d94fb4f149_docxodus.docx: 
never reached in 3 batch pass(es)
  FAIL 
c4ee483519_tiff_image__vs__671ff91b1d_behavior__sd_2750_borderbox_7cd3768d_redli
ne_f2221d321a_docxodus.docx: never reached in 3 batch pass(es)
  FAIL 
c4ee483519_tiff_image__vs__e451997662_super_editor__h_f_normal_5d2a8d96_redline_
2ed508b300_docxodus.docx: never reached in 3 batch pass(es)
  FAIL 
c500e0081f_file_101__vs__dd36ffac72_file_102_redline_3df53b0ca5_docxodus.docx: 
never reached in 3 batch pass(es)
  FAIL 
c51843a182_super_editor__diff_after3_3f4fb6e8__vs__6c0ad6c8ef_behavior__math_mat
rix_tests_a3b17e15_redline_6f6e4ae3e8_docxodus.docx: never reached in 3 batch 
pass(es)
  FAIL 
c51843a182_super_editor__diff_after3_3f4fb6e8__vs__fd68f70f24_super_editor__ooxm
l_highlight_rstyle_linked_comb_redline_2cc89665da_docxodus.docx: never reached 
in 3 batch pass(es)
  FAIL 
c52c06ab28_superscript_demo_id_paraid_overflow__vs__3e8be91dbf_superscript_demo_
style_default_missing_redline_dbfa3d789e_docxodus.docx: never reached in 3 batch
pass(es)
  FAIL 
c5763a90ce_header_no_rels__vs__4dff3f0ab2_heading_1_bold_demo_id_paraid_overflow
_redline_2e5b08815c_docxodus.docx: never reached in 3 batch pass(es)
  FAIL 
c5b63f5273_bold_superscript_demo_style_default_missing__vs__dccd86b590_bold_text
_formatting_demo_id_paraid_overflow_2_redline_0480d8c02b_docxodus.docx: never 
reached in 3 batch pass(es)
  FAIL 
c5c92e4f32_file_127__vs__af613a9921_file_128_redline_f04e60fd3d_docxodus.docx: 
never reached in 3 batch pass(es)
  FAIL 
c5f3d78ca6_super_editor__annotations_import_2_eaae7b97__vs__7098537b0d_super_edi
tor__base_custom_544164f9_redline_1176021038_docxodus.docx: never reached in 3 
batch pass(es)
  FAIL 
c620f64d24_super_editor__hyperlink_node_internal_1c0232f9__vs__1dfdc7d8ec_super_
editor__image_inline_and_block_ad6109b3_redline_950c27b0db_docxodus.docx: never 
reached in 3 batch pass(es)
  FAIL 
c63bc323ce_bullet_list_bold_demo_id_paraid_overflow__vs__555f3bce3f_bullet_list_
demo_id_paraid_overflow_redline_19d9efbf7d_docxodus.docx: never reached in 3 
batch pass(es)
  FAIL 
c6956051c8_0035880301dd9b39b35318af6a88457fb4f6491a3ca1964a__vs__1424386e9b_0174
47de83753a0e3b7afc659df038ef56972925336c6a5b_redline_bb59a906e9_docxodus.docx: 
never reached in 3 batch pass(es)
  FAIL 
c6956051c8_0035880301dd9b39b35318af6a88457fb4f6491a3ca1964a__vs__2773adf157_0004
c94ca2a8684d47449bb0e7abf87de1df71a7e6543252_redline_95b15ae762_docxodus.docx: 
never reached in 3 batch pass(es)
  FAIL 
c6956051c8_0035880301dd9b39b35318af6a88457fb4f6491a3ca1964a__vs__333bfe069a_0034
16d620331122b93b434dad901db5836f60d2cad4b533_redline_ef7c904857_docxodus.docx: 
never reached in 3 batch pass(es)
  FAIL 
c6956051c8_0035880301dd9b39b35318af6a88457fb4f6491a3ca1964a__vs__342f364d46_0013
42333d45627868f4dc5282abbba4598a91b4a7584b08_redline_5287854336_docxodus.docx: 
never reached in 3 batch pass(es)
  FAIL 
c6956051c8_0035880301dd9b39b35318af6a88457fb4f6491a3ca1964a__vs__5203829c7a_001c
c92b88566d5f930fe57f25813c0bf52a7bdc72c217d0_redline_75ee805001_docxodus.docx: 
never reached in 3 batch pass(es)
  FAIL 
c6956051c8_0035880301dd9b39b35318af6a88457fb4f6491a3ca1964a__vs__aa5340125d_00a4
b0b91e9b5b072dc3771391c2d608518690eccf44eae8_redline_ecc5290096_docxodus.docx: 
never reached in 3 batch pass(es)
  FAIL 
c6956051c8_0035880301dd9b39b35318af6a88457fb4f6491a3ca1964a__vs__bd3824dd1e_000e
e64ef7226d353297888f59a251e24ce5d776fea000fa_redline_29eef1f277_docxodus.docx: 
never reached in 3 batch pass(es)
  FAIL 
c6956051c8_0035880301dd9b39b35318af6a88457fb4f6491a3ca1964a__vs__deff0e697a_00b5
defcad6e58038eac35472a2d48c89905068e5ece0cc3_redline_01f1d55999_docxodus.docx: 
never reached in 3 batch pass(es)
  FAIL 
c6b1275403_7ba2b78ab7dafc8c6a9706a4bf3e2423742cf76069b0ebd2__vs__33c0c3af06_e7c1
6ce029557c9f210eb62c1e74fa49cd1909b8216969b4_redline_0cd408ce27_docxodus.docx: 
never reached in 3 batch pass(es)
  FAIL 
c6ce4423f8_file_96__vs__1e709d032c_file_97_redline_2e79b36cb2_docxodus.docx: 
never reached in 3 batch pass(es)
  FAIL 
c6f9b1571d_red_bold_heading_demo_style_default_missing__vs__0332219534_red_bold_
text_demo_id_paraid_overflow_redline_6944078218_docxodus.docx: never reached in 
3 batch pass(es)
  FAIL 
c71a7cc576_heading_4_style_demo_id_paraid_overflow__vs__2c8a304c60_helvetica_fon
t_demo_style_default_missing_redline_98243183d1_docxodus.docx: never reached in 
3 batch pass(es)
  FAIL 
c7b4db5d0e_file_184__vs__fad186fbc9_file_185_redline_e5d359e783_docxodus.docx: 
never reached in 3 batch pass(es)
  FAIL 
c7dbacb26a_file_37__vs__fdaf71bd6b_file_38_redline_135dfbf65a_docxodus.docx: 
never reached in 3 batch pass(es)
  FAIL 
c7dbb386e8_ba0bb09a68972afa0f8f4e51b0b68c62613927280e07053f__vs__9adc367804_f1a9
4a792cf683005b754ab358c3e9f7689b9c5c072af42c_redline_565ad22d0a_docxodus.docx: 
never reached in 3 batch pass(es)
  FAIL 
c87ab9bf12_file_52__vs__cf78e83cd4_file_53_redline_27427ee2bc_docxodus.docx: 
never reached in 3 batch pass(es)
  FAIL 
c8a9a6e711_62caeb83a2234e23b2b174c85c0168e0375fb9afba53987b__vs__d7f1b4b348_4719
d6f01f9ae9f32bd0869e814f1d2e53038477e2fec13c_redline_27b0d94ddb_docxodus.docx: 
never reached in 3 batch pass(es)
  FAIL 
c90bde92a4_file_35__vs__47709fa472_file_36_redline_41fd707d15_docxodus.docx: 
never reached in 3 batch pass(es)
  FAIL 
c9154561dc_file_2__vs__f8cb67d689_file_3_redline_0deb8a8c1a_docxodus.docx: never
reached in 3 batch pass(es)
  FAIL 
c917cc5055_support_tickets_summary_id_paraid_overflow__vs__356b7a3629_text_highl
ight_demo_style_default_missing_redline_5a100df35e_docxodus.docx: never reached 
in 3 batch pass(es)
  FAIL 
c917cc5055_support_tickets_summary_id_paraid_overflow__vs__95bdaad1fe_support_ti
ckets_table_redline_0681294510_docxodus.docx: never reached in 3 batch pass(es)
  FAIL 
c91bf152c5_ea2c23f94ba56d92b15dbc39a228be84ec544937a287e82f__vs__55e94572f9_b1df
51bc6cfddae69d97759cdfaf15206b6bd9dc8cf0f9d3_redline_d8b0c2ae01_docxodus.docx: 
never reached in 3 batch pass(es)
  FAIL 
c9822f1008_docx_lots_of_comments_addition_redline__vs__32328b55db_docx_lots_of_c
omments_addition_removal_redline_r_redline_e6e61fc33f_docxodus.docx: never 
reached in 3 batch pass(es)
  FAIL 
c997f74452_a7dcf35a333cba753c9292cf8e71e5ba575c89a599becf65__vs__d5f6c20be1_714d
c4ada82c218154bb078861a2edd138b65ff31504d8e4_redline_7f7a923924_docxodus.docx: 
never reached in 3 batch pass(es)
  FAIL 
c9bd5ffffd_627c0809350215230046febb13f47a1668e1afe1cb55b345__vs__e51c1f292a_ca0c
4d309d19d117b67f6d0ee09e6a93f2607498bfb6bb3e_redline_5986623b2b_docxodus.docx: 
never reached in 3 batch pass(es)
  FAIL 
ca18f14ff4_eb6a0b77f40d0b532f6d525d748dffee5e7f0ba61fa7c7e5__vs__c185a8c7cb_19b9
68cfe8104263bb49fc5a8f278cf5482847a9587b64d5_redline_e43f190f6d_docxodus.docx: 
never reached in 3 batch pass(es)
  FAIL 
ca44eef662_super_editor__list_spacer1_06383c66__vs__7692b33045_super_editor__lis
t_with_break_exported_broken_45_redline_0251e3704d_docxodus.docx: never reached 
in 3 batch pass(es)
  FAIL 
ca44eef662_super_editor__list_spacer1_06383c66__vs__9322444a3f_behavior__sd_2888
_hyperlink_with_ampersand_aaaac_redline_2fe501ccce_docxodus.docx: never reached 
in 3 batch pass(es)
  FAIL 
cb0f18681a_a50910ebaa2ec9789bd2ac292f09a12b438bab96641f5a78__vs__9453196efa_7962
2706abd1c7db5b22fa9036397e6c3fa3d00b9d2877fc_redline_194bad9d8b_docxodus.docx: 
never reached in 3 batch pass(es)
  FAIL 
cbb3bab843_word_tolerated_orphan_comment__vs__cefef4e4f5_yellow_highlight_demo_i
d_paraid_overflow_redline_3796807136_docxodus.docx: never reached in 3 batch 
pass(es)
  FAIL 
cbbb5f7adc_file_189__vs__9402f06dc1_file_190_redline_eb3b942561_docxodus.docx: 
never reached in 3 batch pass(es)
  FAIL 
cbd171fa3c_4598ae603096d1560af12ca03256d8cfcf124b748d8a1924__vs__1e98b247d0_30a6
ee467b25c608a886e28c035a537494f8b4e966b5c07b_redline_f8b4a6220f_docxodus.docx: 
never reached in 3 batch pass(es)
  FAIL 
cc0b2ff816_track_changes_suggesting_calibri_id_paraid_overf__vs__5e8ea1f5e9_trac
k_changes_suggesting_center_id_paraid_overfl_redline_a11586e37e_docxodus.docx: 
never reached in 3 batch pass(es)
  FAIL 
cc5f989c56_0090ba7896cba5f43500e77e151ddab12f16b20e3ddf5822__vs__1424386e9b_0174
47de83753a0e3b7afc659df038ef56972925336c6a5b_redline_067bd871b9_docxodus.docx: 
never reached in 3 batch pass(es)
  FAIL 
cc5f989c56_0090ba7896cba5f43500e77e151ddab12f16b20e3ddf5822__vs__2773adf157_0004
c94ca2a8684d47449bb0e7abf87de1df71a7e6543252_redline_09d4f59ccd_docxodus.docx: 
never reached in 3 batch pass(es)
  FAIL 
cc5f989c56_0090ba7896cba5f43500e77e151ddab12f16b20e3ddf5822__vs__2e04202552_000e
3e7bd2d6215fc7b469cc3e296c1b2a510bc1abc7e0fd_redline_0a6d6296ec_docxodus.docx: 
never reached in 3 batch pass(es)
  FAIL 
cc5f989c56_0090ba7896cba5f43500e77e151ddab12f16b20e3ddf5822__vs__342f364d46_0013
42333d45627868f4dc5282abbba4598a91b4a7584b08_redline_c645866078_docxodus.docx: 
never reached in 3 batch pass(es)
  FAIL 
cc5f989c56_0090ba7896cba5f43500e77e151ddab12f16b20e3ddf5822__vs__5203829c7a_001c
c92b88566d5f930fe57f25813c0bf52a7bdc72c217d0_redline_e86eac55d3_docxodus.docx: 
never reached in 3 batch pass(es)
  FAIL 
cc5f989c56_0090ba7896cba5f43500e77e151ddab12f16b20e3ddf5822__vs__a5f2b9318d_002a
a60c2ae1187417b4b157c5ec6450324cc056ec551a12_redline_7dc048a022_docxodus.docx: 
never reached in 3 batch pass(es)
  FAIL 
cc5f989c56_0090ba7896cba5f43500e77e151ddab12f16b20e3ddf5822__vs__aa5340125d_00a4
b0b91e9b5b072dc3771391c2d608518690eccf44eae8_redline_56915a8dc8_docxodus.docx: 
never reached in 3 batch pass(es)
  FAIL 
cc5f989c56_0090ba7896cba5f43500e77e151ddab12f16b20e3ddf5822__vs__bd3824dd1e_000e
e64ef7226d353297888f59a251e24ce5d776fea000fa_redline_08bbbe0732_docxodus.docx: 
never reached in 3 batch pass(es)
  FAIL 
cc5f989c56_0090ba7896cba5f43500e77e151ddab12f16b20e3ddf5822__vs__deff0e697a_00b5
defcad6e58038eac35472a2d48c89905068e5ece0cc3_redline_0f741ca183_docxodus.docx: 
never reached in 3 batch pass(es)
  FAIL 
cc82deb093_file_144__vs__8138a2180b_file_145_redline_8032e05eac_docxodus.docx: 
never reached in 3 batch pass(es)
  FAIL 
cc8fe57f46_strikethrough_bold_demo_id_paraid_overflow__vs__24c6d4e57f_strikethro
ugh_text_demo_id_paraid_overflow_redline_8f2b9ca513_docxodus.docx: never reached
in 3 batch pass(es)
  FAIL 
cc901c34fc_004028ecdee3787e97aed9dafb5feb104b20ab5540af6e39__vs__1424386e9b_0174
47de83753a0e3b7afc659df038ef56972925336c6a5b_redline_d6f41d6086_docxodus.docx: 
never reached in 3 batch pass(es)
  FAIL 
cc901c34fc_004028ecdee3787e97aed9dafb5feb104b20ab5540af6e39__vs__2773adf157_0004
c94ca2a8684d47449bb0e7abf87de1df71a7e6543252_redline_13a4602c5c_docxodus.docx: 
never reached in 3 batch pass(es)
  FAIL 
cc901c34fc_004028ecdee3787e97aed9dafb5feb104b20ab5540af6e39__vs__2e04202552_000e
3e7bd2d6215fc7b469cc3e296c1b2a510bc1abc7e0fd_redline_cda19d51ed_docxodus.docx: 
never reached in 3 batch pass(es)
  FAIL 
cc901c34fc_004028ecdee3787e97aed9dafb5feb104b20ab5540af6e39__vs__333bfe069a_0034
16d620331122b93b434dad901db5836f60d2cad4b533_redline_a0aea3161b_docxodus.docx: 
never reached in 3 batch pass(es)
  FAIL 
cc901c34fc_004028ecdee3787e97aed9dafb5feb104b20ab5540af6e39__vs__342f364d46_0013
42333d45627868f4dc5282abbba4598a91b4a7584b08_redline_f26f0db15f_docxodus.docx: 
never reached in 3 batch pass(es)
  FAIL 
cc901c34fc_004028ecdee3787e97aed9dafb5feb104b20ab5540af6e39__vs__5203829c7a_001c
c92b88566d5f930fe57f25813c0bf52a7bdc72c217d0_redline_3164416c91_docxodus.docx: 
never reached in 3 batch pass(es)
  FAIL 
cc901c34fc_004028ecdee3787e97aed9dafb5feb104b20ab5540af6e39__vs__a5f2b9318d_002a
a60c2ae1187417b4b157c5ec6450324cc056ec551a12_redline_3c55f8fc93_docxodus.docx: 
never reached in 3 batch pass(es)
  FAIL 
cc901c34fc_004028ecdee3787e97aed9dafb5feb104b20ab5540af6e39__vs__aa5340125d_00a4
b0b91e9b5b072dc3771391c2d608518690eccf44eae8_redline_54301b1456_docxodus.docx: 
never reached in 3 batch pass(es)
  FAIL 
cc901c34fc_004028ecdee3787e97aed9dafb5feb104b20ab5540af6e39__vs__bd3824dd1e_000e
e64ef7226d353297888f59a251e24ce5d776fea000fa_redline_1942fab3ab_docxodus.docx: 
never reached in 3 batch pass(es)
  FAIL 
cc901c34fc_004028ecdee3787e97aed9dafb5feb104b20ab5540af6e39__vs__deff0e697a_00b5
defcad6e58038eac35472a2d48c89905068e5ece0cc3_redline_142f9e34dc_docxodus.docx: 
never reached in 3 batch pass(es)
  FAIL 
ccc54a2d1b_file_1__vs__aa5ccfbc3c_file_2_redline_92971cf97c_docxodus.docx: never
reached in 3 batch pass(es)
  FAIL 
cd54518381_file_118__vs__5383bab0c2_file_119_redline_7abf90f3f1_docxodus.docx: 
never reached in 3 batch pass(es)
  FAIL 
cd98652e16_file_60__vs__a6b430bba8_file_61_redline_88892de262_docxodus.docx: 
never reached in 3 batch pass(es)
  FAIL 
cda30726d7_ae9f826f816a21795f64a2827772d0ac2d0b14bd7f403682__vs__5cf261e998_8226
43bd7db332f5d2172d944ee96ecfa4079dbba515a880_redline_08d459977d_docxodus.docx: 
never reached in 3 batch pass(es)
  FAIL 
cdb3618419_file_108__vs__f152875ca2_file_109_redline_d623ce2356_docxodus.docx: 
never reached in 3 batch pass(es)
  FAIL 
cdc99394fd_8c45b767190482b7a94ce3492e9d5fcbfe743f72502c9169__vs__e3f5a2a35c_e035
89ba2d798e04b15f136145db0af574edb4a886f65050_redline_b956ebc218_docxodus.docx: 
never reached in 3 batch pass(es)
  FAIL 
ce8491a639_845b0a2405a186d07d9148b63a3ce3f2e6f4a1591c73daa0__vs__92f6ee8aac_5f55
a25569af55c69ae82bf96cb6d0b191d64e6d91117302_redline_de69b738f5_docxodus.docx: 
never reached in 3 batch pass(es)
  FAIL 
cebebe66c9_9dd9020b5c47292686f95356374f2f3817804d47ae0c7e4f__vs__046eaac0a6_a6d5
9e1fc25cd0e0cf155c1d7ec1b6957ee450733f415cfb_redline_594503ebad_docxodus.docx: 
never reached in 3 batch pass(es)
  FAIL 
ced58cbf54_super_editor__sd_1494_table_left_indent_03277d35__vs__92589c3e37_supe
r_editor__pre_separated_list_bd330d28_redline_0113adc8d9_docxodus.docx: never 
reached in 3 batch pass(es)
  FAIL 
ced58cbf54_super_editor__sd_1494_table_left_indent_03277d35__vs__9332d3001f_supe
r_editor__sdpr_titleonly_b0796676_redline_288b57d41b_docxodus.docx: never 
reached in 3 batch pass(es)
  FAIL 
ceee8dab18_dad6c99469302f7b31da046a44fb03b2700da40336b5abc3__vs__f8143832db_e3e4
8f378f7a0beb14abfe0a259266e08cb12a44bcad49b6_redline_cad0c541fc_docxodus.docx: 
never reached in 3 batch pass(es)
  FAIL 
cf02e0407e_file_26__vs__b175a00954_file_27_redline_cee8601521_docxodus.docx: 
never reached in 3 batch pass(es)
  FAIL 
cf78e83cd4_file_53__vs__2d2158c9e4_file_54_redline_cec1861b30_docxodus.docx: 
never reached in 3 batch pass(es)
  FAIL 
cf977017dd_file_77__vs__ae59d6042a_file_78_redline_3215251135_docxodus.docx: 
never reached in 3 batch pass(es)
  FAIL 
cf9be22981_8c4ddc470d5375b8695f9f0f3c48d1fdc152dca3fbac13ae__vs__3c1ec8dfd3_a561
150e9c973ab5f22a1eaa541f739bb7683339375baf5f_redline_bed67c8950_docxodus.docx: 
never reached in 3 batch pass(es)
  FAIL 
cfd53bad25_behavior__sd_2672_sdt_table_fc038913__vs__671ff91b1d_behavior__sd_275
0_borderbox_7cd3768d_redline_001b877031_docxodus.docx: never reached in 3 batch 
pass(es)
  FAIL 
d0281643d2_super_editor__hello_docx_world_12f11074__vs__4858c9853b_behavior__mul
ti_image_types_b962a2b8_redline_8bdd3868dc_docxodus.docx: never reached in 3 
batch pass(es)
  FAIL 
d0281643d2_super_editor__hello_docx_world_12f11074__vs__e3d152989b_behavior__mat
h_eqarr_tests_40a1adb0_redline_84263b7e47_docxodus.docx: never reached in 3 
batch pass(es)
  FAIL 
d03da97287_super_editor__nested_comments_gdocs_0c8668e1__vs__2b6c7be6bd_super_ed
itor__nested_comments_84f214bb_redline_ba3b77bee3_docxodus.docx: never reached 
in 3 batch pass(es)
  FAIL 
d0423646cd_times_new_roman_bold_id_paraid_overflow__vs__13da8d3a5b_times_new_rom
an_font_id_paraid_overflow_redline_9151609eeb_docxodus.docx: never reached in 3 
batch pass(es)
  FAIL 
d04ac05d58_4b1cd45e7774350f022ae92e6566b74dda3b4638bc8212e4__vs__e938b9478b_20b4
6a9cd6d4b791a0edd85dcadfdfedc4c37e9d0f77d849_redline_2fa06a6cb0_docxodus.docx: 
never reached in 3 batch pass(es)
  FAIL 
d07303cf0c_5a2295e6c3fb70b9f2ebe4b90cf34e04a9158f33c2180506__vs__cbce9c63be_515e
efceeac017dd8e56ae9e0b0ab5ab85e1da58199f0d6d_redline_1b651f2fc5_docxodus.docx: 
never reached in 3 batch pass(es)
  FAIL 
d09a2f8509_00b5aa69a6c33b2725953348488d62605dc209411d01f80a__vs__1424386e9b_0174
47de83753a0e3b7afc659df038ef56972925336c6a5b_redline_84ab4181b4_docxodus.docx: 
never reached in 3 batch pass(es)
  FAIL 
d09a2f8509_00b5aa69a6c33b2725953348488d62605dc209411d01f80a__vs__2e04202552_000e
3e7bd2d6215fc7b469cc3e296c1b2a510bc1abc7e0fd_redline_3eae2fcfd5_docxodus.docx: 
never reached in 3 batch pass(es)
  FAIL 
d09a2f8509_00b5aa69a6c33b2725953348488d62605dc209411d01f80a__vs__333bfe069a_0034
16d620331122b93b434dad901db5836f60d2cad4b533_redline_01b889d1c8_docxodus.docx: 
never reached in 3 batch pass(es)
  FAIL 
d09a2f8509_00b5aa69a6c33b2725953348488d62605dc209411d01f80a__vs__342f364d46_0013
42333d45627868f4dc5282abbba4598a91b4a7584b08_redline_b06a78c266_docxodus.docx: 
never reached in 3 batch pass(es)
  FAIL 
d09a2f8509_00b5aa69a6c33b2725953348488d62605dc209411d01f80a__vs__5203829c7a_001c
c92b88566d5f930fe57f25813c0bf52a7bdc72c217d0_redline_fa75ae9364_docxodus.docx: 
never reached in 3 batch pass(es)
  FAIL 
d09a2f8509_00b5aa69a6c33b2725953348488d62605dc209411d01f80a__vs__aa5340125d_00a4
b0b91e9b5b072dc3771391c2d608518690eccf44eae8_redline_cf5502ea84_docxodus.docx: 
never reached in 3 batch pass(es)
  FAIL 
d09a2f8509_00b5aa69a6c33b2725953348488d62605dc209411d01f80a__vs__bd3824dd1e_000e
e64ef7226d353297888f59a251e24ce5d776fea000fa_redline_09b76bd785_docxodus.docx: 
never reached in 3 batch pass(es)
  FAIL 
d09a2f8509_00b5aa69a6c33b2725953348488d62605dc209411d01f80a__vs__deff0e697a_00b5
defcad6e58038eac35472a2d48c89905068e5ece0cc3_redline_1b1e73b3af_docxodus.docx: 
never reached in 3 batch pass(es)
  FAIL 
d0a21b7c3c_q1_sales_summary_table_2__vs__21c900e459_q1_sales_summary_table_redli
ne_255ff88d8b_docxodus.docx: never reached in 3 batch pass(es)
  FAIL 
d16179a60b_c3cb50c9620520f54d70a4f079a12e94bf94f54f507eff8d__vs__1aaca1d5af_ef31
e540797c67a78c662cc2e5ecb21bf446e3d696ce26ad_redline_f72cd71154_docxodus.docx: 
never reached in 3 batch pass(es)
  FAIL 
d1b63a3385_superscript_demo_id_paraid_overflow_2__vs__c52c06ab28_superscript_dem
o_id_paraid_overflow_redline_520b4ff36e_docxodus.docx: never reached in 3 batch 
pass(es)
  FAIL 
d1fc42d1b4_72dcf4dc5db35b70823754848e1137a2dca51c616061bea3__vs__acc20ae2d1_6292
aea928cd8183d46d2e434349dbe8e5c41aceef91b0be_redline_0f841159c0_docxodus.docx: 
never reached in 3 batch pass(es)
  FAIL 
d212c7eab7_f794b896af23bc3faac41d754e495da7ebcb038ab52a1e39__vs__7b572bab96_28d7
ae0e7bb3697f99606babb03e4c8f74db6d557fb5b785_redline_b03dd5fd4e_docxodus.docx: 
never reached in 3 batch pass(es)
  FAIL 
d27102bf04_sample_document_afterword_repaired_word_repaired__vs__f4fa801783_samp
le_document_really_repaired_word_repaired_redline_17d83e255a_docxodus.docx: 
never reached in 3 batch pass(es)
  FAIL 
d2ca7c70b1_file_59__vs__cd98652e16_file_60_redline_c1151a57e5_docxodus.docx: 
never reached in 3 batch pass(es)
  FAIL 
d2f322d733_document_100_ultimate_demo_id_paraid_overflow__vs__921334044d_double_
spacing_bold_demo_id_paraid_overflow_redline_6327924547_docxodus.docx: never 
reached in 3 batch pass(es)
  FAIL 
d2f322d733_document_100_ultimate_demo_id_paraid_overflow__vs__f901587291_docx_lo
ts_of_comments_addition_redline_addition_redline_3c3090c52a_docxodus.docx: never
reached in 3 batch pass(es)
  FAIL 
d36e22a134_bold_underline_highlight_demo_id_paraid_overflow__vs__2ec7c17191_book
_catalog_id_paraid_overflow_redline_a442fe62c5_docxodus.docx: never reached in 3
batch pass(es)
  FAIL 
d3b73b5ecf_534f02b4ceb3be8720d64c2c9de45e7b41f6f232c07177fa__vs__b464bb2f28_53fa
e2563e6bafcd40cf05ce3f1d6b2d66f0d965f9b5c8e2_redline_548d133393_docxodus.docx: 
never reached in 3 batch pass(es)
  FAIL 
d435c8d66c_file_104__vs__0f0620ff98_file_105_redline_0c90ac520a_docxodus.docx: 
never reached in 3 batch pass(es)
  FAIL 
d4649ec2db_file_168__vs__830eb0f0a2_file_169_redline_6ea5f46430_docxodus.docx: 
never reached in 3 batch pass(es)
  FAIL 
d48e02b548_super_editor__google_docs_originated_comments__vs__d0281643d2_super_e
ditor__hello_docx_world_12f11074_redline_37c978d405_docxodus.docx: never reached
in 3 batch pass(es)
  FAIL 
d48e02b548_super_editor__google_docs_originated_comments__vs__e70f1134dd_super_e
ditor__diff_before8_ba5faa9e_redline_e4569d0756_docxodus.docx: never reached in 
3 batch pass(es)
  FAIL 
d48eb7902f_times_new_roman_bold_id_paraid_overflow__vs__e886422c26_times_new_rom
an_font_id_paraid_overflow_redline_db773ff332_docxodus.docx: never reached in 3 
batch pass(es)
  FAIL 
d560bc7296_header_no_rels__vs__eb82ad6df1_heading_1_bold_demo_id_paraid_overflow
_redline_52058c5190_docxodus.docx: never reached in 3 batch pass(es)
  FAIL 
d5a56cdeb3_super_editor__gdocs_single_comment_ac5db87f__vs__bc78614a22_super_edi
tor__gdocs_tracked_changes_3c1de315_redline_99740a096f_docxodus.docx: never 
reached in 3 batch pass(es)
  FAIL 
d5fabd0d7b_inventory_list_suggesting_deletions__vs__097371c227_inventory_list_su
ggesting_mixed_edits_redline_cc1c952516_docxodus.docx: never reached in 3 batch 
pass(es)
  FAIL 
d606327b4e_5c1229df35b4f4d9c161eb0e78d69d78168751c82ed36e23__vs__0796a8a2d6_449a
3bc16d4c3f2f1c9d6bbac06f7ebbd864234fe008742f_redline_d2e3a1346e_docxodus.docx: 
never reached in 3 batch pass(es)
  FAIL 
d60ccf445a_file_167__vs__d4649ec2db_file_168_redline_85f62f96ec_docxodus.docx: 
never reached in 3 batch pass(es)
  FAIL 
d616476e12_word_tolerated_duplicate_ppr__vs__5fca0ac668_ooxml_style_link_redline
_6802b7a195_docxodus.docx: never reached in 3 batch pass(es)
  FAIL 
d6229441a5_0022208cff905cd74261067032c22afa148e0f63496c7f66__vs__1424386e9b_0174
47de83753a0e3b7afc659df038ef56972925336c6a5b_redline_8e9fcb47f2_docxodus.docx: 
never reached in 3 batch pass(es)
  FAIL 
d6229441a5_0022208cff905cd74261067032c22afa148e0f63496c7f66__vs__2773adf157_0004
c94ca2a8684d47449bb0e7abf87de1df71a7e6543252_redline_1c2ae7a3f0_docxodus.docx: 
never reached in 3 batch pass(es)
  FAIL 
d6229441a5_0022208cff905cd74261067032c22afa148e0f63496c7f66__vs__2e04202552_000e
3e7bd2d6215fc7b469cc3e296c1b2a510bc1abc7e0fd_redline_f195c279be_docxodus.docx: 
never reached in 3 batch pass(es)
  FAIL 
d6229441a5_0022208cff905cd74261067032c22afa148e0f63496c7f66__vs__342f364d46_0013
42333d45627868f4dc5282abbba4598a91b4a7584b08_redline_708c1113a2_docxodus.docx: 
never reached in 3 batch pass(es)
  FAIL 
d6229441a5_0022208cff905cd74261067032c22afa148e0f63496c7f66__vs__a5f2b9318d_002a
a60c2ae1187417b4b157c5ec6450324cc056ec551a12_redline_6e6d73057f_docxodus.docx: 
never reached in 3 batch pass(es)
  FAIL 
d6229441a5_0022208cff905cd74261067032c22afa148e0f63496c7f66__vs__deff0e697a_00b5
defcad6e58038eac35472a2d48c89905068e5ece0cc3_redline_668dfd16e6_docxodus.docx: 
never reached in 3 batch pass(es)
  FAIL 
d62736ce40_file_128__vs__f4faa3ad63_file_129_redline_273999fb38_docxodus.docx: 
never reached in 3 batch pass(es)
  FAIL 
d6288bca2e_file_3__vs__840f6a63da_file_4_redline_3ebf5e5557_docxodus.docx: never
reached in 3 batch pass(es)
  FAIL 
d62983b275_file_39__vs__dc2d9eeccb_file_40_redline_08d3a2333d_docxodus.docx: 
never reached in 3 batch pass(es)
  FAIL 
d63c7c81b4_e94a7575d2845d5df867e783dc0c3844831f8ac239e7f06a__vs__8aec02a407_108b
b53cfeeba999fe4bea2d59c47d0a4a38f59d4cf45ac3_redline_297a67d458_docxodus.docx: 
never reached in 3 batch pass(es)
  FAIL 
d678cb4275_super_editor__blank_doc_b2a325e7__vs__7962b06671_super_editor__bookma
rk_use_cases_d20f31f6_redline_12d29cabe0_docxodus.docx: never reached in 3 batch
pass(es)
  FAIL 
d678cb4275_super_editor__blank_doc_b2a325e7__vs__89b44c96a7_super_editor__sdts_b
asic_45263ca5_redline_0efa049487_docxodus.docx: never reached in 3 batch 
pass(es)
  FAIL 
d67eb781ac_italic_text_formatting_demo_id_paraid_overflow__vs__5a7af5153a_italic
_underline_combined_demo_id_paraid_overflo_redline_ab12f32d61_docxodus.docx: 
never reached in 3 batch pass(es)
  FAIL 
d6a1c42901_super_editor__diff_before16_f518c031__vs__0e08fd6d80_super_editor__di
ff_before19_97e0f4e6_redline_0868ef9501_docxodus.docx: never reached in 3 batch 
pass(es)
  FAIL 
d6bd58bac2_behavior__math_nary_tests_dde91168__vs__e6fdfb6f2f_behavior__math_pha
ntom_tests_263131a8_redline_d83a0cf466_docxodus.docx: never reached in 3 batch 
pass(es)
  FAIL 
d6ef87dca7_budget_report_q1_2026_suggesting_insertions__vs__c63bc323ce_bullet_li
st_bold_demo_id_paraid_overflow_redline_d90c6d15c6_docxodus.docx: never reached 
in 3 batch pass(es)
  FAIL 
d73737e359_file_195__vs__badc3ff7cc_file_196_redline_160580d245_docxodus.docx: 
never reached in 3 batch pass(es)
  FAIL 
d7458be405_ac850c4ad0ef9f18aaf445fab4b43d7459ab021b787e9cad__vs__427d7a2d2d_7e8d
9f20dd82c00a2859abf9b9376f0135d127718ca9891e_redline_224f62fecb_docxodus.docx: 
never reached in 3 batch pass(es)
  FAIL 
d74d507271_heading_3_style_demo_id_paraid_overflow__vs__2e3c742956_heading_4_rig
ht_italic_id_paraid_overflow_redline_60c2a0122c_docxodus.docx: never reached in 
3 batch pass(es)
  FAIL 
d7c6d7eb36_green_underline_bullet_list_id_paraid_overflow__vs__4dff3f0ab2_headin
g_1_bold_demo_id_paraid_overflow_redline_b9ff71bba4_docxodus.docx: never reached
in 3 batch pass(es)
  FAIL 
d7c6d7eb36_green_underline_bullet_list_id_paraid_overflow__vs__c5763a90ce_header
_no_rels_redline_1b7bd516c0_docxodus.docx: never reached in 3 batch pass(es)
  FAIL 
d7ff239301_verdana_bold_large_font_id_paraid_overflow__vs__0e9f510da4_verdana_fo
nt_demo_id_paraid_overflow_2_redline_f41944e3ec_docxodus.docx: never reached in 
3 batch pass(es)
  FAIL 
d86ec4bf8f_bold_red_text_combo_id_paraid_overflow__vs__c5b63f5273_bold_superscri
pt_demo_style_default_missing_redline_910740cdcc_docxodus.docx: never reached in
3 batch pass(es)
  FAIL 
d8eda36137_file_34__vs__af5e239443_file_35_redline_09e86d8ba9_docxodus.docx: 
never reached in 3 batch pass(es)
  FAIL 
d8f8e09b6e_file_125__vs__1ea717ddd6_file_126_redline_0389c885c1_docxodus.docx: 
never reached in 3 batch pass(es)
  FAIL 
d9321981c0_4152fc2c61833859abf17195561c7b789ee5f2672881e477__vs__c0244672eb_45b4
c6e76930adcb64f88166517b8bfc7e7c963a1a342b4c_redline_4b66d5f6e9_docxodus.docx: 
never reached in 3 batch pass(es)
  FAIL 
d9947eda5e_strikethrough_and_italic_combo_id_paraid_overflo__vs__cc8fe57f46_stri
kethrough_bold_demo_id_paraid_overflow_redline_4240c86ddb_docxodus.docx: never 
reached in 3 batch pass(es)
  FAIL 
d996bef4c8_docx_lots_of_comments_addition_removal_redline__vs__bcae83f080_docx_l
ots_of_comments_addition_removal_redline_af1d2b843d_docxodus.docx: never reached
in 3 batch pass(es)
  FAIL 
d9cd734a9d_calibri_heading_2_right_id_paraid_overflow__vs__4bc7274333_center_ali
gned_bold_text_id_paraid_overflow_redline_0deff960e1_docxodus.docx: never 
reached in 3 batch pass(es)
  FAIL 
da0d11d072_file_23__vs__18b0cf8b48_file_24_redline_e33437ea5f_docxodus.docx: 
never reached in 3 batch pass(es)
  FAIL 
da1c3af0e0_250744bec97b45c445cac252da1aa0372e31c1fc8ca3fdc3__vs__d556f5f45b_5dc0
680e3d155bb0cecd3e5dfcfae46baafc12e2e6659a70_redline_d883adc484_docxodus.docx: 
never reached in 3 batch pass(es)
  FAIL 
da2ab05f0b_file_50__vs__583fd6d9cb_file_51_redline_99430d9c30_docxodus.docx: 
never reached in 3 batch pass(es)
  FAIL 
da68abdf72_blue_centered_title_demo_style_default_missing__vs__6a4d8ea70c_blue_i
talic_text_demo_id_paraid_overflow_redline_15f013e680_docxodus.docx: never 
reached in 3 batch pass(es)
  FAIL 
dab21ab21f_602f0dda46268a3316770fda51ab3a6649cc2d389000e3d9__vs__8c010ff2c5_3b89
226c167b882562c5ad6dbe93dac0dcbeaf9ee9619f05_redline_2ceeca3948_docxodus.docx: 
never reached in 3 batch pass(es)
  FAIL 
dab313767f_red_heading_demo_id_paraid_overflow__vs__ba06c848cd_red_strikethrough
_demo_style_default_missing_redline_645206eff8_docxodus.docx: never reached in 3
batch pass(es)
  FAIL 
dabf50d5d5_0071cf0910cc71fed86712d86afe96a45cf5c937af9aa006__vs__1424386e9b_0174
47de83753a0e3b7afc659df038ef56972925336c6a5b_redline_5d6ae5ad0c_docxodus.docx: 
never reached in 3 batch pass(es)
  FAIL 
dabf50d5d5_0071cf0910cc71fed86712d86afe96a45cf5c937af9aa006__vs__2773adf157_0004
c94ca2a8684d47449bb0e7abf87de1df71a7e6543252_redline_22e2c276ac_docxodus.docx: 
never reached in 3 batch pass(es)
  FAIL 
dabf50d5d5_0071cf0910cc71fed86712d86afe96a45cf5c937af9aa006__vs__2e04202552_000e
3e7bd2d6215fc7b469cc3e296c1b2a510bc1abc7e0fd_redline_7ebe43c5c3_docxodus.docx: 
never reached in 3 batch pass(es)
  FAIL 
dabf50d5d5_0071cf0910cc71fed86712d86afe96a45cf5c937af9aa006__vs__333bfe069a_0034
16d620331122b93b434dad901db5836f60d2cad4b533_redline_af8426400b_docxodus.docx: 
never reached in 3 batch pass(es)
  FAIL 
dabf50d5d5_0071cf0910cc71fed86712d86afe96a45cf5c937af9aa006__vs__342f364d46_0013
42333d45627868f4dc5282abbba4598a91b4a7584b08_redline_c0cedbcb4c_docxodus.docx: 
never reached in 3 batch pass(es)
  FAIL 
dabf50d5d5_0071cf0910cc71fed86712d86afe96a45cf5c937af9aa006__vs__5203829c7a_001c
c92b88566d5f930fe57f25813c0bf52a7bdc72c217d0_redline_1fadb8e6ce_docxodus.docx: 
never reached in 3 batch pass(es)
  FAIL 
dabf50d5d5_0071cf0910cc71fed86712d86afe96a45cf5c937af9aa006__vs__a5f2b9318d_002a
a60c2ae1187417b4b157c5ec6450324cc056ec551a12_redline_712a7baac9_docxodus.docx: 
never reached in 3 batch pass(es)
  FAIL 
dabf50d5d5_0071cf0910cc71fed86712d86afe96a45cf5c937af9aa006__vs__aa5340125d_00a4
b0b91e9b5b072dc3771391c2d608518690eccf44eae8_redline_8276bf6a07_docxodus.docx: 
never reached in 3 batch pass(es)
  FAIL 
dabf50d5d5_0071cf0910cc71fed86712d86afe96a45cf5c937af9aa006__vs__bd3824dd1e_000e
e64ef7226d353297888f59a251e24ce5d776fea000fa_redline_b445ea52f3_docxodus.docx: 
never reached in 3 batch pass(es)
  FAIL 
dabf50d5d5_0071cf0910cc71fed86712d86afe96a45cf5c937af9aa006__vs__deff0e697a_00b5
defcad6e58038eac35472a2d48c89905068e5ece0cc3_redline_ee62e16f5f_docxodus.docx: 
never reached in 3 batch pass(es)
  FAIL 
db58606d21_ea89a0fd6027d4b8e4d9e2700565ab56eea566e56c37b709__vs__f674383583_0a13
797c389da172501896a9b68dd7d748a608831c242794_redline_3a4ab865d1_docxodus.docx: 
never reached in 3 batch pass(es)
  FAIL 
db6a0b6f7a_7a2b4cfb614044966a2ecec65892fac70d6edfab784e7138__vs__b6ba6a6fcf_7eb8
42c8b5bd1e2a6a3f0cf79b76c74f77da2897a7cb7add_redline_64fdc8895b_docxodus.docx: 
never reached in 3 batch pass(es)
  FAIL 
dc0cc27640_00749d7a966661b332df84521285ab93426ed3a255523f39__vs__2773adf157_0004
c94ca2a8684d47449bb0e7abf87de1df71a7e6543252_redline_4591e9753b_docxodus.docx: 
never reached in 3 batch pass(es)
  FAIL 
dc0cc27640_00749d7a966661b332df84521285ab93426ed3a255523f39__vs__2e04202552_000e
3e7bd2d6215fc7b469cc3e296c1b2a510bc1abc7e0fd_redline_e61238bd61_docxodus.docx: 
never reached in 3 batch pass(es)
  FAIL 
dc0cc27640_00749d7a966661b332df84521285ab93426ed3a255523f39__vs__333bfe069a_0034
16d620331122b93b434dad901db5836f60d2cad4b533_redline_9927a758f4_docxodus.docx: 
never reached in 3 batch pass(es)
  FAIL 
dc0cc27640_00749d7a966661b332df84521285ab93426ed3a255523f39__vs__342f364d46_0013
42333d45627868f4dc5282abbba4598a91b4a7584b08_redline_de3fd1e089_docxodus.docx: 
never reached in 3 batch pass(es)
  FAIL 
dc0cc27640_00749d7a966661b332df84521285ab93426ed3a255523f39__vs__5203829c7a_001c
c92b88566d5f930fe57f25813c0bf52a7bdc72c217d0_redline_e8b19581fa_docxodus.docx: 
never reached in 3 batch pass(es)
  FAIL 
dc0cc27640_00749d7a966661b332df84521285ab93426ed3a255523f39__vs__a5f2b9318d_002a
a60c2ae1187417b4b157c5ec6450324cc056ec551a12_redline_d5bbbf45e3_docxodus.docx: 
never reached in 3 batch pass(es)
  FAIL 
dc0cc27640_00749d7a966661b332df84521285ab93426ed3a255523f39__vs__aa5340125d_00a4
b0b91e9b5b072dc3771391c2d608518690eccf44eae8_redline_f007ed2234_docxodus.docx: 
never reached in 3 batch pass(es)
  FAIL 
dc0cc27640_00749d7a966661b332df84521285ab93426ed3a255523f39__vs__bd3824dd1e_000e
e64ef7226d353297888f59a251e24ce5d776fea000fa_redline_4428350d59_docxodus.docx: 
never reached in 3 batch pass(es)
  FAIL 
dc0cc27640_00749d7a966661b332df84521285ab93426ed3a255523f39__vs__deff0e697a_00b5
defcad6e58038eac35472a2d48c89905068e5ece0cc3_redline_3c6ff98415_docxodus.docx: 
never reached in 3 batch pass(es)
  FAIL 
dc40c7300f_complex_style_attr__vs__eab8aeea1f_contract_review_suggesting_inserti
ons_redline_f88098d013_docxodus.docx: never reached in 3 batch pass(es)
  FAIL 
dc66d763bc_fec394f21f9976317331f424bc24fa626c64ef3eae731937__vs__7356457460_f714
34771e5404921d041fe82138aad9b59627f3e83d1057_redline_70c30e926c_docxodus.docx: 
never reached in 3 batch pass(es)
  FAIL 
dc6cf74a76_hr_onboarding_checklist_table__vs__308862bb53_i_am_sharing_microsoft_
word_vs_google_docs_compr_redline_e10275b787_docxodus.docx: never reached in 3 
batch pass(es)
  FAIL 
dccd86b590_bold_text_formatting_demo_id_paraid_overflow_2__vs__54655f6dc4_bold_t
ext_formatting_demo_id_paraid_overflow_redline_7d4eadac58_docxodus.docx: never 
reached in 3 batch pass(es)
  FAIL 
dccd972179_file_142__vs__0483e899af_file_143_redline_0c5aa7e2b1_docxodus.docx: 
never reached in 3 batch pass(es)
  FAIL 
dcee9f23ae_8f82a1a17d45527b203aae94e56227008fff487a866706c1__vs__f68348e67c_6f5d
d23f809f9aac4460fcad9319090bf6b779f38a68f688_redline_295bf39150_docxodus.docx: 
never reached in 3 batch pass(es)
  FAIL 
dcf7dd476f_super_editor__superdoc_table_tester_3b2de2e1__vs__9ef2a93274_super_ed
itor__tab_alignment_test_184edb5d_redline_be202a3b7a_docxodus.docx: never 
reached in 3 batch pass(es)
  FAIL 
dd0740a46d_f4b0f5de2361f5c7c4f1255df6c880c566d5739593fb71ad__vs__8a18def1d8_f357
e874a1271b31697d8e291fdb56d6696ead9465213720_redline_8fd645df6f_docxodus.docx: 
never reached in 3 batch pass(es)
  FAIL 
dd36ffac72_file_102__vs__a378be6fbe_file_103_redline_7acc1c7bb7_docxodus.docx: 
never reached in 3 batch pass(es)
  FAIL 
dd6dbfb284_super_editor__diff_after2_fc1e0763__vs__14211b982b_super_editor__simp
le_ordered_list_8288421a_redline_6529d3bcd8_docxodus.docx: never reached in 3 
batch pass(es)
  FAIL 
dd85373a71_008b84e05498068c49efc5a0b73f9d5ae7992f045de8c514__vs__1424386e9b_0174
47de83753a0e3b7afc659df038ef56972925336c6a5b_redline_5197653693_docxodus.docx: 
never reached in 3 batch pass(es)
  FAIL 
dd85373a71_008b84e05498068c49efc5a0b73f9d5ae7992f045de8c514__vs__2773adf157_0004
c94ca2a8684d47449bb0e7abf87de1df71a7e6543252_redline_717c57bbca_docxodus.docx: 
never reached in 3 batch pass(es)
  FAIL 
dd85373a71_008b84e05498068c49efc5a0b73f9d5ae7992f045de8c514__vs__2e04202552_000e
3e7bd2d6215fc7b469cc3e296c1b2a510bc1abc7e0fd_redline_710426a66c_docxodus.docx: 
never reached in 3 batch pass(es)
  FAIL 
dd85373a71_008b84e05498068c49efc5a0b73f9d5ae7992f045de8c514__vs__333bfe069a_0034
16d620331122b93b434dad901db5836f60d2cad4b533_redline_18b8ae1706_docxodus.docx: 
never reached in 3 batch pass(es)
  FAIL 
dd85373a71_008b84e05498068c49efc5a0b73f9d5ae7992f045de8c514__vs__342f364d46_0013
42333d45627868f4dc5282abbba4598a91b4a7584b08_redline_eec0e628c9_docxodus.docx: 
never reached in 3 batch pass(es)
  FAIL 
dd85373a71_008b84e05498068c49efc5a0b73f9d5ae7992f045de8c514__vs__5203829c7a_001c
c92b88566d5f930fe57f25813c0bf52a7bdc72c217d0_redline_10f5d0ee17_docxodus.docx: 
never reached in 3 batch pass(es)
  FAIL 
dd85373a71_008b84e05498068c49efc5a0b73f9d5ae7992f045de8c514__vs__aa5340125d_00a4
b0b91e9b5b072dc3771391c2d608518690eccf44eae8_redline_c9e5aa6529_docxodus.docx: 
never reached in 3 batch pass(es)
  FAIL 
dd85373a71_008b84e05498068c49efc5a0b73f9d5ae7992f045de8c514__vs__bd3824dd1e_000e
e64ef7226d353297888f59a251e24ce5d776fea000fa_redline_9271515406_docxodus.docx: 
never reached in 3 batch pass(es)
  FAIL 
dd85373a71_008b84e05498068c49efc5a0b73f9d5ae7992f045de8c514__vs__deff0e697a_00b5
defcad6e58038eac35472a2d48c89905068e5ece0cc3_redline_434990bdb3_docxodus.docx: 
never reached in 3 batch pass(es)
  FAIL 
dd9c48af48_2239b06c2a4d399cef8befe79b1fbea969cac79f1f994a24__vs__4a0a25d62c_02cb
cefb8dc888f4ba5d051f869b3d23d3bebeed4fda49fd_redline_5fab6dba51_docxodus.docx: 
never reached in 3 batch pass(es)
  FAIL 
ddfa313a5f_super_editor__list_with_break_from_word_5cc0d638__vs__a24b3782e4_supe
r_editor__list_with_table_break_ff0c4c1f_redline_9c011bc33d_docxodus.docx: never
reached in 3 batch pass(es)
  FAIL 
de2a4c9936_marketing_strategy_2026_suggesting_insertions__vs__90e2c33814_meeting
_agenda_table_2_redline_cf4189e197_docxodus.docx: never reached in 3 batch 
pass(es)
  FAIL 
de3c6fded9_super_editor__doc_with_spacing_e3d47bd7__vs__7692b33045_super_editor_
_list_with_break_exported_broken_45_redline_8084ef19f0_docxodus.docx: never 
reached in 3 batch pass(es)
  FAIL 
de3c6fded9_super_editor__doc_with_spacing_e3d47bd7__vs__de8054b3bc_super_editor_
_image_p_spacing_9b211fd7_redline_4cfbb558a3_docxodus.docx: never reached in 3 
batch pass(es)
  FAIL 
de3c6fded9_super_editor__doc_with_spacing_e3d47bd7__vs__e8d299e041_super_editor_
_dropcaps_520cd049_redline_84b1a5774e_docxodus.docx: never reached in 3 batch 
pass(es)
  FAIL 
de8054b3bc_super_editor__image_p_spacing_9b211fd7__vs__420a528aa0_super_editor__
instrtext_angled_brackets_bug_ed56_redline_639d40ef20_docxodus.docx: never 
reached in 3 batch pass(es)
  FAIL 
de8054b3bc_super_editor__image_p_spacing_9b211fd7__vs__e8d299e041_super_editor__
dropcaps_520cd049_redline_0a268c59fc_docxodus.docx: never reached in 3 batch 
pass(es)
  FAIL 
df3c3e7c40_behavior__math_func_tests_0434dd11__vs__7c87c9cd93_super_editor__comp
lex_list_def_short_fde20a67_redline_07538260d7_docxodus.docx: never reached in 3
batch pass(es)
  FAIL 
df5f785d0e_track_changes_suggesting_heading_id_paraid_overf__vs__5bda783eb2_trac
k_changes_suggesting_italic_id_paraid_overfl_redline_70a9751540_docxodus.docx: 
never reached in 3 batch pass(es)
  FAIL 
dfa2ef3eca_4a9c82a108ab0a6e02adfcb1b7c40eca14c15c235601b43b__vs__9dade723b7_2da9
c613cbce9974bbec12df723d6d4f5589af94e5cebbd6_redline_781108f31a_docxodus.docx: 
never reached in 3 batch pass(es)
  FAIL 
e06360ad93_895dbdb5cb68e336d5f090a2e2db02328ed308aa8ddad9a8__vs__13b4616434_03a5
26d1d0d4fc425eae01a06f59f62b887b13a5cfbbbde5_redline_c5163ef00a_docxodus.docx: 
never reached in 3 batch pass(es)
  FAIL 
e0c027b1ca_meeting_agenda_table__vs__87f3bff234_meeting_minutes_id_paraid_overfl
ow_redline_1a0e553bcd_docxodus.docx: never reached in 3 batch pass(es)
  FAIL 
e0c966e5ff_file_83__vs__0619bc1b1d_file_84_redline_ef42391c98_docxodus.docx: 
never reached in 3 batch pass(es)
  FAIL 
e0e6c96bb7_heading_3_style_demo_id_paraid_overflow__vs__8c730b5c80_heading_4_rig
ht_italic_id_paraid_overflow_redline_2e47503344_docxodus.docx: never reached in 
3 batch pass(es)
  FAIL 
e0f4b08c23_83f64817282408df4115d6b1ef633eae270e12369098f8bb__vs__f94c56aefc_5da2
28de557ae69509564519e7e940c13f94199ac4cbd002_redline_6d23548b54_docxodus.docx: 
never reached in 3 batch pass(es)
  FAIL 
e1047ee31c_97e599309df89c311961a7d44aeb414231354ebe786ba2a0__vs__0278e9298d_f3a3
a94e08be4e5cce05139444d92dfbfc60bfe1ad839671_redline_8ebf34fee2_docxodus.docx: 
never reached in 3 batch pass(es)
  FAIL 
e11fc429b2_29540ef11ec3fc04ba1bca353f5140559c4b03e76516c7a7__vs__0f6e71381a_7057
d180ffd30c96a71aa95e32993d39bf2e59a1eff850b7_redline_b461d6f797_docxodus.docx: 
never reached in 3 batch pass(es)
  FAIL 
e1201c51d4_italic_subscript_demo_style_default_missing__vs__3fc14675e5_italic_te
xt_formatting_demo_id_paraid_overflow_2_redline_80188ee236_docxodus.docx: never 
reached in 3 batch pass(es)
  FAIL 
e124592dd0_e8735707c6583763f32f7f53c7c73aaa1e555ea8afae61dc__vs__23b2146e32_1461
cd3e23ccb24ba6585120b146d4148bfe03b4d38be305_redline_7825f4bf9e_docxodus.docx: 
never reached in 3 batch pass(es)
  FAIL 
e12998d969_31a07e63d6c64e6c910dd78dd0cd0daf230c123da91e19fd__vs__c4fca65332_c3ea
38d80a2751db02d15f6c9d06ee440d9265ab5cd44858_redline_f530e02882_docxodus.docx: 
never reached in 3 batch pass(es)
  FAIL 
e1771b0063_word_tolerated_misplaced_uipriority__vs__cbb3bab843_word_tolerated_or
phan_comment_redline_6532beda4d_docxodus.docx: never reached in 3 batch pass(es)
  FAIL 
e1c745d784_008243ee20adecbf2ae39c9e6809b022076aa166a4a4f9ec__vs__1424386e9b_0174
47de83753a0e3b7afc659df038ef56972925336c6a5b_redline_ad9991c93b_docxodus.docx: 
never reached in 3 batch pass(es)
  FAIL 
e1c745d784_008243ee20adecbf2ae39c9e6809b022076aa166a4a4f9ec__vs__2e04202552_000e
3e7bd2d6215fc7b469cc3e296c1b2a510bc1abc7e0fd_redline_e955dc97c5_docxodus.docx: 
never reached in 3 batch pass(es)
  FAIL 
e1c745d784_008243ee20adecbf2ae39c9e6809b022076aa166a4a4f9ec__vs__333bfe069a_0034
16d620331122b93b434dad901db5836f60d2cad4b533_redline_ef88f5b119_docxodus.docx: 
never reached in 3 batch pass(es)
  FAIL 
e1c745d784_008243ee20adecbf2ae39c9e6809b022076aa166a4a4f9ec__vs__342f364d46_0013
42333d45627868f4dc5282abbba4598a91b4a7584b08_redline_f2d5c31673_docxodus.docx: 
never reached in 3 batch pass(es)
  FAIL 
e1c745d784_008243ee20adecbf2ae39c9e6809b022076aa166a4a4f9ec__vs__5203829c7a_001c
c92b88566d5f930fe57f25813c0bf52a7bdc72c217d0_redline_3126b6b3e9_docxodus.docx: 
never reached in 3 batch pass(es)
  FAIL 
e1c745d784_008243ee20adecbf2ae39c9e6809b022076aa166a4a4f9ec__vs__a5f2b9318d_002a
a60c2ae1187417b4b157c5ec6450324cc056ec551a12_redline_1d701da57f_docxodus.docx: 
never reached in 3 batch pass(es)
  FAIL 
e1c745d784_008243ee20adecbf2ae39c9e6809b022076aa166a4a4f9ec__vs__aa5340125d_00a4
b0b91e9b5b072dc3771391c2d608518690eccf44eae8_redline_4b8e914996_docxodus.docx: 
never reached in 3 batch pass(es)
  FAIL 
e1c745d784_008243ee20adecbf2ae39c9e6809b022076aa166a4a4f9ec__vs__bd3824dd1e_000e
e64ef7226d353297888f59a251e24ce5d776fea000fa_redline_cbe8b159d8_docxodus.docx: 
never reached in 3 batch pass(es)
  FAIL 
e1c745d784_008243ee20adecbf2ae39c9e6809b022076aa166a4a4f9ec__vs__deff0e697a_00b5
defcad6e58038eac35472a2d48c89905068e5ece0cc3_redline_78beb60a00_docxodus.docx: 
never reached in 3 batch pass(es)
  FAIL 
e1f382e06c_c512809c25bd7361b876bd88b03147374825a08ffa6c421b__vs__913a803ec0_a483
c05b535722ddc8401af50faf88e818b8c9e8730f3734_redline_86a8674d54_docxodus.docx: 
never reached in 3 batch pass(es)
  FAIL 
e29df71807_bold_underline_highlight_demo_id_paraid_overflow__vs__4c0d04c85d_book
_catalog_id_paraid_overflow_redline_385d51f24e_docxodus.docx: never reached in 3
batch pass(es)
  FAIL 
e2c5596170_file_107__vs__f0c3934ae6_file_108_redline_6fbc538640_docxodus.docx: 
never reached in 3 batch pass(es)
  FAIL 
e33b9d6f5c_file_150__vs__78338ff080_file_151_redline_6b8b7bf9cb_docxodus.docx: 
never reached in 3 batch pass(es)
  FAIL 
e355cec096_small_font_size_demo_id_paraid_overflow__vs__60697d46b7_strict01_redl
ine_0cd32d67b2_docxodus.docx: never reached in 3 batch pass(es)
  FAIL 
e3d152989b_behavior__math_eqarr_tests_40a1adb0__vs__89b44c96a7_super_editor__sdt
s_basic_45263ca5_redline_331221556e_docxodus.docx: never reached in 3 batch 
pass(es)
  FAIL 
e3d152989b_behavior__math_eqarr_tests_40a1adb0__vs__df3c3e7c40_behavior__math_fu
nc_tests_0434dd11_redline_3b995e1708_docxodus.docx: never reached in 3 batch 
pass(es)
  FAIL 
e3d25f2c7f_file_55__vs__9b18b79637_file_56_redline_2299b4b69b_docxodus.docx: 
never reached in 3 batch pass(es)
  FAIL 
e3e56d833b_file_137__vs__3af6d3e09a_file_138_redline_2d5e060201_docxodus.docx: 
never reached in 3 batch pass(es)
  FAIL 
e4a3a561ca_eb69ea90d9396386d231b2853b5f141a4312bddb262d96e2__vs__c0bf650392_e83f
a17a4550bd0b6f71e3ef6a2c554a209aa2aea1a1d975_redline_3f56b101d2_docxodus.docx: 
never reached in 3 batch pass(es)
  FAIL 
e4ccea1362_mcdoc__vs__4d1c5d66f9_meeting_agenda_table_2_redline_8029bc78c5_docxo
dus.docx: never reached in 3 batch pass(es)
  FAIL 
e4e4a073e9_file_96__vs__60ba9c3639_file_97_redline_9ecc441a38_docxodus.docx: 
never reached in 3 batch pass(es)
  FAIL 
e4ecaf299a_e8734be8f3bad0f932748f9d1140c46156f7190a5d442720__vs__46d725d8b8_e25a
417f0e4225520e3f8c44ce765a4370a00e9882ef7f44_redline_6c9e1de72b_docxodus.docx: 
never reached in 3 batch pass(es)
  FAIL 
e51fcdfdbe_employee_review_john_smith_suggesting_insertions__vs__b1564f6aaf_font
_color_blue_demo_style_default_missing_redline_30eb0f2233_docxodus.docx: never 
reached in 3 batch pass(es)
  FAIL 
e54c9bd21f_aee15f6eb7a052860e1a38eeb505d1d72c95850f4d5a85c2__vs__07b195a037_9fbd
f087319a56301a305e3a3d60bcb13fe85bb880a5f8c5_redline_5822db382e_docxodus.docx: 
never reached in 3 batch pass(es)
  FAIL 
e57ad0eaa4_docx_lots_of_comments_addition__vs__6e2576a091_docx_lots_of_comments_
redline_92075b7449_docxodus.docx: never reached in 3 batch pass(es)
  FAIL 
e5f1784e51_13c06fd234679a761a3e6ed95578521ca4885d006cbb9585__vs__ff414aab54_1934
7b1070dc340b9b529b1d2c25367e8dfcee88e0b4d66f_redline_291f103d70_docxodus.docx: 
never reached in 3 batch pass(es)
  FAIL 
e60fdf3850_cc8d2643e287d327c1ec8acfc1add257d40ab32416908b4a__vs__11df314724_6ade
0e18e232d9ba178d04b99e4329f0375e1d97d66199ea_redline_736986d5e4_docxodus.docx: 
never reached in 3 batch pass(es)
  FAIL 
e616ed8a32_file_180__vs__194f96511f_file_181_redline_c2e1ec13df_docxodus.docx: 
never reached in 3 batch pass(es)
  FAIL 
e663016796_behavior__sd_2672_multipara_cell_4d1f068e__vs__2ba392cdd2_super_edito
r__broken_list_missing_items_36b4199e_redline_3b56113728_docxodus.docx: never 
reached in 3 batch pass(es)
  FAIL 
e663016796_behavior__sd_2672_multipara_cell_4d1f068e__vs__c620f64d24_super_edito
r__hyperlink_node_internal_1c0232f9_redline_59071be97f_docxodus.docx: never 
reached in 3 batch pass(es)
  FAIL 
e663016796_behavior__sd_2672_multipara_cell_4d1f068e__vs__cdf27ad0d3_behavior__s
d_2672_nested_table_dfac08bb_redline_11e0d1cba7_docxodus.docx: never reached in 
3 batch pass(es)
  FAIL 
e67a78cb92_e7d0bae60d8af6cb04c2d2f9ea55d696c6306a76711199b1__vs__903433e005_e754
327442cd2e893e4babc59c841abdddaabad9dce051bc_redline_3e94824738_docxodus.docx: 
never reached in 3 batch pass(es)
  FAIL 
e69c316f39_file_179__vs__b3974bcc7b_file_180_redline_0f291ac37f_docxodus.docx: 
never reached in 3 batch pass(es)
  FAIL 
e6c8a6ec9b_file_164__vs__8d92ee6cb3_file_165_redline_14490291cc_docxodus.docx: 
never reached in 3 batch pass(es)
  FAIL 
e6fdfb6f2f_behavior__math_phantom_tests_263131a8__vs__0b1d0278ce_behavior__math_
radical_tests_4c1ce187_redline_0313f0be86_docxodus.docx: never reached in 3 
batch pass(es)
  FAIL 
e70f1134dd_super_editor__diff_before8_ba5faa9e__vs__420a528aa0_super_editor__ins
trtext_angled_brackets_bug_ed56_redline_2200a538c5_docxodus.docx: never reached 
in 3 batch pass(es)
  FAIL 
e70f1134dd_super_editor__diff_before8_ba5faa9e__vs__671ff91b1d_behavior__sd_2750
_borderbox_7cd3768d_redline_0e6cc23727_docxodus.docx: never reached in 3 batch 
pass(es)
  FAIL 
e70f1134dd_super_editor__diff_before8_ba5faa9e__vs__f6e1c253ff_super_editor__dif
f_before9_9818a85f_redline_a33b8e810a_docxodus.docx: never reached in 3 batch 
pass(es)
  FAIL 
e78083cef0_file_32__vs__10a4a9d332_file_33_redline_57d6617649_docxodus.docx: 
never reached in 3 batch pass(es)
  FAIL 
e791c4281b_file_43__vs__52d068300a_file_44_redline_e7b87b3ff6_docxodus.docx: 
never reached in 3 batch pass(es)
  FAIL 
e7c343d697_34a28b1fb81444929cf7417c8ed40888a729f9f3ac415423__vs__bcdd633e09_2386
218ba0e1314b5be501f81d6d5888ccb9fd8335cfb307_redline_f0a2e4758f_docxodus.docx: 
never reached in 3 batch pass(es)
  FAIL 
e80d7d2b35_174817c3c4ceeaa392df716bfc5b2035dead4912efb0a54a__vs__b83d53a061_0b51
577fe8f261b7bbd09d6bc4b4f11cf85cb1a18e9b6f33_redline_12d5912031_docxodus.docx: 
never reached in 3 batch pass(es)
  FAIL 
e80f3a578d_file_130__vs__c54c269d79_file_131_redline_0e21c53a17_docxodus.docx: 
never reached in 3 batch pass(es)
  FAIL 
e81d1fa10c_behavior__pageref_standalone_uppercase_h_7701e07__vs__3d8acd6139_supe
r_editor__restart_numbering_sub_list_85ddcb7_redline_7a2fba99f1_docxodus.docx: 
never reached in 3 batch pass(es)
  FAIL 
e81d1fa10c_behavior__pageref_standalone_uppercase_h_7701e07__vs__906753e55b_supe
r_editor__table_c70ca973_redline_53102d5380_docxodus.docx: never reached in 3 
batch pass(es)
  FAIL 
e81d1fa10c_behavior__pageref_standalone_uppercase_h_7701e07__vs__a291bf4a73_beha
vior__rtl_header_footer_e1ac81f6_redline_2a6ac88d46_docxodus.docx: never reached
in 3 batch pass(es)
  FAIL 
e855894947_4256746e0764d53f71723c390ba077e50881806719029dd6__vs__a9d810a3ad_65a2
d0c1ef78aaca9992ad2ace66032f5438435b43b338e9_redline_1a4f106bda_docxodus.docx: 
never reached in 3 batch pass(es)
  FAIL 
e871d6f4c9_sample_document_word_repair_of_our_output_word_r__vs__11856e25f6_smal
l_font_size_demo_id_paraid_overflow_redline_486822a083_docxodus.docx: never 
reached in 3 batch pass(es)
  FAIL 
e871d6f4c9_sample_document_word_repair_of_our_output_word_r__vs__48a455b7e7_sd_2
517_localized_heading_styles_redline_52f93a00df_docxodus.docx: never reached in 
3 batch pass(es)
  FAIL 
e886422c26_times_new_roman_font_id_paraid_overflow__vs__54c0b3ed3d_title_style_c
entered_demo_id_paraid_overflow_redline_b71737269e_docxodus.docx: never reached 
in 3 batch pass(es)
  FAIL 
e8d299e041_super_editor__dropcaps_520cd049__vs__1de41232b3_super_editor__exporte
d_list_font_8e6db734_redline_10001df1c7_docxodus.docx: never reached in 3 batch 
pass(es)
  FAIL 
e8d333644e_employee_directory_table_2__vs__8eef85ebbd_employee_directory_table_r
edline_6eb86c50f8_docxodus.docx: never reached in 3 batch pass(es)
  FAIL 
e8e3e98133_496e2984f7995a419de190dbb9ccef317dc5d575303ee816__vs__c1d590fb6f_44a1
837cf9bb6d7969987b16fd411563618f0b170eca025d_redline_5316963640_docxodus.docx: 
never reached in 3 batch pass(es)
  FAIL 
e937906728_4ce0fcc29773b57d731ea2cf74f00cea1765facf87c314e3__vs__0a6015fd65_7d86
1e8e83ae31293d8d8390a3fe14e160d0ff79624c95de_redline_47c39c50c3_docxodus.docx: 
never reached in 3 batch pass(es)
  FAIL 
e9d5410452_file_191__vs__bffb81f86c_file_192_redline_0cbac1d96f_docxodus.docx: 
never reached in 3 batch pass(es)
  FAIL 
ea4bdc5108_4bbec363f57d79c46d57c5399b187c633daa72bb576d6eb1__vs__44f53394b0_272c
8f94f3fd187b3bd8581024dc8be7712ab9f38ce42964_redline_a2204e4435_docxodus.docx: 
never reached in 3 batch pass(es)
  FAIL 
ea7427b18a_super_editor__complex_list_def_issue_326369f9__vs__8e672e0a48_super_e
ditor__complex_list_def_short_export_8fa1_redline_4e5492388f_docxodus.docx: 
never reached in 3 batch pass(es)
  FAIL 
ea970f238e_marketing_strategy_2026_suggesting_insertions__vs__4d1c5d66f9_meeting
_agenda_table_2_redline_e6c5808318_docxodus.docx: never reached in 3 batch 
pass(es)
  FAIL 
eac167172d_file_143__vs__fd4aefa551_file_144_redline_d4b3b91c87_docxodus.docx: 
never reached in 3 batch pass(es)
  FAIL 
eb6c0a6b3d_6e887b917bd3d9b6517240ec5fff92e2e80df2355f0b2c0d__vs__dd8f5157a7_44fd
e829656a31e42c997f295e47c96040150a4a122c6d6a_redline_d68996f643_docxodus.docx: 
never reached in 3 batch pass(es)
  FAIL 
eb714d5f76_evals__blank_bc294b57__vs__bb35ae41ba_evals__comments_doc_79800b37_re
dline_04082a11bf_docxodus.docx: never reached in 3 batch pass(es)
  FAIL 
eb82ad6df1_heading_1_bold_demo_id_paraid_overflow__vs__f6bf50a9ee_heading_1_styl
e_demo_id_paraid_overflow_redline_4fcfb3e558_docxodus.docx: never reached in 3 
batch pass(es)
  FAIL 
ebaa33a061_8bb9da44005409bff43941489bae3901d46da7cd661031d1__vs__34e73b9976_64b1
cb70ac898cf9ab639817dcf7023824a524c809101939_redline_b2e3450b98_docxodus.docx: 
never reached in 3 batch pass(es)
  FAIL 
ec19540e2c_d6ef382e948b98e757f3fd2067de5daf1a944935d8906ebc__vs__090acc461f_d271
34788fec08eea4972a5641b965c0ff2238bfd18e7cfa_redline_859b75527f_docxodus.docx: 
never reached in 3 batch pass(es)
  FAIL 
ec3dd0df69_file_53__vs__94ed0def64_file_54_redline_c2380a4677_docxodus.docx: 
never reached in 3 batch pass(es)
  FAIL 
ec45d7fc58_subtitle_style_demo_id_paraid_overflow__vs__61eaede95c_subtitle_style
_demo_style_default_missing_redline_833a8af7b8_docxodus.docx: never reached in 3
batch pass(es)
  FAIL 
ec4df76243_9126d1f4d9b39a51172c343d2ede487c97445a4264e23cb8__vs__1587a40694_4991
382416adefef66b97f0a3efacf2c2a793a067541ad27_redline_968fd6cc01_docxodus.docx: 
never reached in 3 batch pass(es)
  FAIL 
ec900bd182_file_17__vs__793dce6675_file_18_redline_02bf97807d_docxodus.docx: 
never reached in 3 batch pass(es)
  FAIL 
ece10bd712_4a0f8a0058e714d958dba0708b5a74c40cc30a1ee1b46e5a__vs__41887884bd_2cdd
902cb377787234394f4d3ece42c9f318500f242c6077_redline_30a5d2970b_docxodus.docx: 
never reached in 3 batch pass(es)
  FAIL 
ece6c6931f_1f7522ec9f4a0788daef36fd07bf990f7a588ace17bbc4ee__vs__418b154e5c_2864
4f235b80e9dcd2ad8ac640fb08a960458dbaa35dca3e_redline_051517534a_docxodus.docx: 
never reached in 3 batch pass(es)
  FAIL 
ed54f530fd_5ca225a29b58bc6c7c1f7319480272dd123c15ed8f6152dd__vs__562ab63668_c32d
7d404d41ffad48b82d7fd645b0c880c31055a8e58510_redline_62992fde4e_docxodus.docx: 
never reached in 3 batch pass(es)
  FAIL 
ed6c82cead_word_tolerated_broken_media_rel__vs__8fb278cb36_word_tolerated_duplic
ate_ppr_redline_2ebbfc18b4_docxodus.docx: never reached in 3 batch pass(es)
  FAIL 
edfaa23563_file_181__vs__0728d64a65_file_182_redline_04dbb28f62_docxodus.docx: 
never reached in 3 batch pass(es)
  FAIL 
ee4ff8d8f5_bd110c8e0c9f08e58245a69f559faf4f7397e25c1d234163__vs__d43559c829_a385
2ed51c34c15ddef6ce97c45c80ece9c82ed17ba9d9d5_redline_8d45f981f9_docxodus.docx: 
never reached in 3 batch pass(es)
  FAIL 
ee5340ce7b_eb4037d30b4ce8e20b38c3fe9dc5cd26497403eaf48a0720__vs__d6c79519b8_767e
1d623887009c26871f675c0d80e63b5b2558486b2c27_redline_42878027b0_docxodus.docx: 
never reached in 3 batch pass(es)
  FAIL 
ee628c2f6a_file_146__vs__7d92b42353_file_147_redline_279f46cf54_docxodus.docx: 
never reached in 3 batch pass(es)
  FAIL 
ee79137dd5_8b4e4edc6932664b8d995be412fb392fe48caf5b3d6e6ee9__vs__ea7c0cc1c3_ea58
33966c0bbeeee4f60026b68dd36e8660b1b5c5b79900_redline_554df0e56c_docxodus.docx: 
never reached in 3 batch pass(es)
  FAIL 
ee7b597379_e1de10f3f4dde77b257e02a9bc77069e526976ce36a540ca__vs__3b4a5ba94c_f6d2
9022fede26a74cdf5ffea716a6251d5f0d5e3cee398f_redline_e91ecb9efa_docxodus.docx: 
never reached in 3 batch pass(es)
  FAIL 
ee91b9e453_9385adbfd34ee40a4bd2429d7385293b31a127fc9e9208d1__vs__409867707c_61a1
6c9bdc534801a19fcf808fdddd50a7cd74d1efd6113e_redline_9f2ce6d6bb_docxodus.docx: 
never reached in 3 batch pass(es)
  FAIL 
eeceeb86fa_1dfec42a58bc68413e0600d7c7b12f1a69bbb2f90a2ca2db__vs__d92625bb0d_01b4
5a6525204563cf901e34e27135bdc9cccd806edb9d56_redline_4ce714acd8_docxodus.docx: 
never reached in 3 batch pass(es)
  FAIL 
eee49d9614_file_92__vs__5da4d924a9_file_93_redline_5cf568c0d6_docxodus.docx: 
never reached in 3 batch pass(es)
  FAIL 
eeec3949fe_file_114__vs__b8ba7fb082_file_115_redline_09a6e874c8_docxodus.docx: 
never reached in 3 batch pass(es)
  FAIL 
ef1e1c68e9_super_editor__basic_paragraph_1774f4e4__vs__08286ffbfb_super_editor__
basic_resolved_comment_cac5a1b0_redline_603ef0419b_docxodus.docx: never reached 
in 3 batch pass(es)
  FAIL 
ef1e1c68e9_super_editor__basic_paragraph_1774f4e4__vs__9e80f22c51_behavior__word
_native_bullet_circle_80d6f323_redline_bf59bfdb84_docxodus.docx: never reached 
in 3 batch pass(es)
  FAIL 
ef7218d9e8_001893584bf94ff30c98db48cb8a0ea0ea5abc048f3e1a4d__vs__1424386e9b_0174
47de83753a0e3b7afc659df038ef56972925336c6a5b_redline_d7ea5ec958_docxodus.docx: 
never reached in 3 batch pass(es)
  FAIL 
ef7218d9e8_001893584bf94ff30c98db48cb8a0ea0ea5abc048f3e1a4d__vs__342f364d46_0013
42333d45627868f4dc5282abbba4598a91b4a7584b08_redline_44a468bfc6_docxodus.docx: 
never reached in 3 batch pass(es)
  FAIL 
ef7218d9e8_001893584bf94ff30c98db48cb8a0ea0ea5abc048f3e1a4d__vs__5203829c7a_001c
c92b88566d5f930fe57f25813c0bf52a7bdc72c217d0_redline_d7962d3334_docxodus.docx: 
never reached in 3 batch pass(es)
  FAIL 
ef7218d9e8_001893584bf94ff30c98db48cb8a0ea0ea5abc048f3e1a4d__vs__a5f2b9318d_002a
a60c2ae1187417b4b157c5ec6450324cc056ec551a12_redline_0f5caeaa2f_docxodus.docx: 
never reached in 3 batch pass(es)
  FAIL 
ef7218d9e8_001893584bf94ff30c98db48cb8a0ea0ea5abc048f3e1a4d__vs__bd3824dd1e_000e
e64ef7226d353297888f59a251e24ce5d776fea000fa_redline_67da4b412e_docxodus.docx: 
never reached in 3 batch pass(es)
  FAIL 
ef7218d9e8_001893584bf94ff30c98db48cb8a0ea0ea5abc048f3e1a4d__vs__deff0e697a_00b5
defcad6e58038eac35472a2d48c89905068e5ece0cc3_redline_1bc89c0f18_docxodus.docx: 
never reached in 3 batch pass(es)
  FAIL 
efa1cb8e79_single_paragraph__vs__11856e25f6_small_font_size_demo_id_paraid_overf
low_redline_835297a585_docxodus.docx: never reached in 3 batch pass(es)
  FAIL 
f0070fef24_file_51__vs__c87ab9bf12_file_52_redline_00539886c9_docxodus.docx: 
never reached in 3 batch pass(es)
  FAIL 
f03f54c09d_file_74__vs__99ef9c7a7e_file_75_redline_8568ca15a1_docxodus.docx: 
never reached in 3 batch pass(es)
  FAIL 
f05b2b13ee_file_103__vs__d435c8d66c_file_104_redline_ed3701fb29_docxodus.docx: 
never reached in 3 batch pass(es)
  FAIL 
f0a100f46b_6231f8459f76856605dc9613074071242061e8204fcaaa23__vs__366c01499c_4a5e
a51e25a7689223e27af0f1191b5c443621ba21572343_redline_1a0f04f94a_docxodus.docx: 
never reached in 3 batch pass(es)
  FAIL 
f0c3934ae6_file_108__vs__2a5302627e_file_109_redline_280bd21615_docxodus.docx: 
never reached in 3 batch pass(es)
  FAIL 
f0f0b3f93f_file_65__vs__fa5b1dd76a_file_66_redline_1da254cb8d_docxodus.docx: 
never reached in 3 batch pass(es)
  FAIL 
f0f7d7305e_calibri_font_demo_id_paraid_overflow__vs__d9cd734a9d_calibri_heading_
2_right_id_paraid_overflow_redline_d212992aa6_docxodus.docx: never reached in 3 
batch pass(es)
  FAIL 
f141395e21_file_5__vs__b8783e46c5_file_6_redline_baf1c31339_docxodus.docx: never
reached in 3 batch pass(es)
  FAIL 
f152875ca2_file_109__vs__62d3dce03b_file_110_redline_bf778c9b37_docxodus.docx: 
never reached in 3 batch pass(es)
  FAIL 
f1746514c4_db20a8e42bee45edc34c26571be6554ec377a38c56c51480__vs__0ecfaa1c19_2bd9
981b3dd6ccd510a8942577ca3089f861f02f32c3200a_redline_81ecf9d6d2_docxodus.docx: 
never reached in 3 batch pass(es)
  FAIL 
f17e96512e_001cb345cc8d6b799aa725514eb368005048b80f4b4c07a5__vs__1424386e9b_0174
47de83753a0e3b7afc659df038ef56972925336c6a5b_redline_209c0f5518_docxodus.docx: 
never reached in 3 batch pass(es)
  FAIL 
f17e96512e_001cb345cc8d6b799aa725514eb368005048b80f4b4c07a5__vs__2773adf157_0004
c94ca2a8684d47449bb0e7abf87de1df71a7e6543252_redline_b142c6fab2_docxodus.docx: 
never reached in 3 batch pass(es)
  FAIL 
f17e96512e_001cb345cc8d6b799aa725514eb368005048b80f4b4c07a5__vs__2e04202552_000e
3e7bd2d6215fc7b469cc3e296c1b2a510bc1abc7e0fd_redline_83586affa8_docxodus.docx: 
never reached in 3 batch pass(es)
  FAIL 
f17e96512e_001cb345cc8d6b799aa725514eb368005048b80f4b4c07a5__vs__333bfe069a_0034
16d620331122b93b434dad901db5836f60d2cad4b533_redline_96442dbf47_docxodus.docx: 
never reached in 3 batch pass(es)
  FAIL 
f17e96512e_001cb345cc8d6b799aa725514eb368005048b80f4b4c07a5__vs__342f364d46_0013
42333d45627868f4dc5282abbba4598a91b4a7584b08_redline_5e1c535426_docxodus.docx: 
never reached in 3 batch pass(es)
  FAIL 
f17e96512e_001cb345cc8d6b799aa725514eb368005048b80f4b4c07a5__vs__5203829c7a_001c
c92b88566d5f930fe57f25813c0bf52a7bdc72c217d0_redline_7a388489bd_docxodus.docx: 
never reached in 3 batch pass(es)
  FAIL 
f17e96512e_001cb345cc8d6b799aa725514eb368005048b80f4b4c07a5__vs__aa5340125d_00a4
b0b91e9b5b072dc3771391c2d608518690eccf44eae8_redline_d9990b9bad_docxodus.docx: 
never reached in 3 batch pass(es)
  FAIL 
f17e96512e_001cb345cc8d6b799aa725514eb368005048b80f4b4c07a5__vs__bd3824dd1e_000e
e64ef7226d353297888f59a251e24ce5d776fea000fa_redline_1e7641658c_docxodus.docx: 
never reached in 3 batch pass(es)
  FAIL 
f17e96512e_001cb345cc8d6b799aa725514eb368005048b80f4b4c07a5__vs__deff0e697a_00b5
defcad6e58038eac35472a2d48c89905068e5ece0cc3_redline_05f1cb1522_docxodus.docx: 
never reached in 3 batch pass(es)
  FAIL 
f1b1749251_file_89__vs__718cb91f66_file_90_redline_55b0f23e41_docxodus.docx: 
never reached in 3 batch pass(es)
  FAIL 
f1ea4a51fd_hr_onboarding_checklist_table__vs__d0e7f278b8_i_am_sharing_microsoft_
word_vs_google_docs_compr_redline_85b1c9235c_docxodus.docx: never reached in 3 
batch pass(es)
  FAIL 
f26a5e4940_italic_text_formatting_demo_id_paraid_overflow__vs__e1736e61c5_italic
_underline_combined_demo_id_paraid_overflo_redline_b90ed7b17f_docxodus.docx: 
never reached in 3 batch pass(es)
  FAIL 
f2a8197531_file_72__vs__266b027513_file_73_redline_13de303626_docxodus.docx: 
never reached in 3 batch pass(es)
  FAIL 
f32428a03a_file_28__vs__5900cc12ca_file_29_redline_4e02f507c8_docxodus.docx: 
never reached in 3 batch pass(es)
  FAIL 
f3627c3358_647bbcfb5983dbb22eec3b8e052f418bcfc1a5e5b81cbcb8__vs__50c0ec7ce2_e232
c5055caabe5cc2b06c062fb99b3b68d7facf0101066a_redline_6926d6b8fd_docxodus.docx: 
never reached in 3 batch pass(es)
  FAIL 
f394f45ba5_file_65__vs__95ff51154c_file_66_redline_50247f34d1_docxodus.docx: 
never reached in 3 batch pass(es)
  FAIL 
f3b2e74e02_calibri_font_demo_id_paraid_overflow__vs__689563dec1_calibri_heading_
2_right_id_paraid_overflow_redline_164b7378cb_docxodus.docx: never reached in 3 
batch pass(es)
  FAIL 
f43929f70c_verdana_bold_large_font_id_paraid_overflow__vs__3413da1703_verdana_fo
nt_demo_id_paraid_overflow_2_redline_7da45f822a_docxodus.docx: never reached in 
3 batch pass(es)
  FAIL 
f43929f70c_verdana_bold_large_font_id_paraid_overflow__vs__ac4b41aa8e_verdana_fo
nt_demo_id_paraid_overflow_redline_814dac9051_docxodus.docx: never reached in 3 
batch pass(es)
  FAIL 
f43f6ef305_002042b8a23533ba746bf4eaf56b5e62642cc111f5f5fcff__vs__1424386e9b_0174
47de83753a0e3b7afc659df038ef56972925336c6a5b_redline_b2055982f6_docxodus.docx: 
never reached in 3 batch pass(es)
  FAIL 
f43f6ef305_002042b8a23533ba746bf4eaf56b5e62642cc111f5f5fcff__vs__2773adf157_0004
c94ca2a8684d47449bb0e7abf87de1df71a7e6543252_redline_ec101e09bf_docxodus.docx: 
never reached in 3 batch pass(es)
  FAIL 
f43f6ef305_002042b8a23533ba746bf4eaf56b5e62642cc111f5f5fcff__vs__2e04202552_000e
3e7bd2d6215fc7b469cc3e296c1b2a510bc1abc7e0fd_redline_89c1335efe_docxodus.docx: 
never reached in 3 batch pass(es)
  FAIL 
f43f6ef305_002042b8a23533ba746bf4eaf56b5e62642cc111f5f5fcff__vs__333bfe069a_0034
16d620331122b93b434dad901db5836f60d2cad4b533_redline_7bc6ddcbba_docxodus.docx: 
never reached in 3 batch pass(es)
  FAIL 
f43f6ef305_002042b8a23533ba746bf4eaf56b5e62642cc111f5f5fcff__vs__342f364d46_0013
42333d45627868f4dc5282abbba4598a91b4a7584b08_redline_8e48e2dbd8_docxodus.docx: 
never reached in 3 batch pass(es)
  FAIL 
f43f6ef305_002042b8a23533ba746bf4eaf56b5e62642cc111f5f5fcff__vs__5203829c7a_001c
c92b88566d5f930fe57f25813c0bf52a7bdc72c217d0_redline_ca17705374_docxodus.docx: 
never reached in 3 batch pass(es)
  FAIL 
f43f6ef305_002042b8a23533ba746bf4eaf56b5e62642cc111f5f5fcff__vs__aa5340125d_00a4
b0b91e9b5b072dc3771391c2d608518690eccf44eae8_redline_c4d54fcd75_docxodus.docx: 
never reached in 3 batch pass(es)
  FAIL 
f49b3b0ec2_super_editor__sd_1919_word_table_74726d6c__vs__18d1a4ad46_super_edito
r__sd_2534_collab_export_f3c7fdf7_redline_6ef257d033_docxodus.docx: never 
reached in 3 batch pass(es)
  FAIL 
f49b3b0ec2_super_editor__sd_1919_word_table_74726d6c__vs__a0738533be_gdocs_comme
nts_export_redline_515c0aa8ab_docxodus.docx: never reached in 3 batch pass(es)
  FAIL 
f49b3b0ec2_super_editor__sd_1919_word_table_74726d6c__vs__e663016796_behavior__s
d_2672_multipara_cell_4d1f068e_redline_6adcb54944_docxodus.docx: never reached 
in 3 batch pass(es)
  FAIL 
f4fa801783_sample_document_really_repaired_word_repaired__vs__451b3b3460_sample_
document_word_repair_of_our_output_iter2_redline_72fecbe1f5_docxodus.docx: never
reached in 3 batch pass(es)
  FAIL 
f529133cd5_super_editor__basic_comment_d3ba5f1e__vs__2dc3e97d2a_super_editor__hy
perlink_node_52b7695b_redline_4ce07ffaec_docxodus.docx: never reached in 3 batch
pass(es)
  FAIL 
f529133cd5_super_editor__basic_comment_d3ba5f1e__vs__3b639ef236_super_editor__sd
pr_8cc15994_redline_62f0f8ee91_docxodus.docx: never reached in 3 batch pass(es)
  FAIL 
f529133cd5_super_editor__basic_comment_d3ba5f1e__vs__5fa01813d3_super_editor__ba
sic_table_shading_d3212ffd_redline_b2704631d9_docxodus.docx: never reached in 3 
batch pass(es)
  FAIL 
f529133cd5_super_editor__basic_comment_d3ba5f1e__vs__75aeff4f58_super_editor__di
ff_after9_a9d4b4b0_redline_2eb4edf103_docxodus.docx: never reached in 3 batch 
pass(es)
  FAIL 
f529133cd5_super_editor__basic_comment_d3ba5f1e__vs__8df6dfa8d7_alternate_conten
t_redline_e8fafc3cba_docxodus.docx: never reached in 3 batch pass(es)
  FAIL 
f584285fed_behavior__sd_2672_gridbefore_vmerge_7c895dff__vs__ae9360e096_behavior
__sd_2672_merged_table_821b922c_redline_6f547c7a01_docxodus.docx: never reached 
in 3 batch pass(es)
  FAIL 
f5bac425cd_word_tolerated_broken_media_rel__vs__d616476e12_word_tolerated_duplic
ate_ppr_redline_fd9df69e75_docxodus.docx: never reached in 3 batch pass(es)
  FAIL 
f5e7ce8d94_italic_subscript_demo_style_default_missing__vs__bc1dd323f3_italic_te
xt_formatting_demo_id_paraid_overflow_2_redline_ebb82f0e9b_docxodus.docx: never 
reached in 3 batch pass(es)
  FAIL 
f601de1855_file_152__vs__746ad2b7f6_file_153_redline_49ed3281ea_docxodus.docx: 
never reached in 3 batch pass(es)
  FAIL 
f62e209c7c_super_editor__paragraph_ppr_variations_a7653eb1__vs__bcc7379f64_super
_editor__paragraph_spacing_missing_de418c38_redline_ae1647267d_docxodus.docx: 
never reached in 3 batch pass(es)
  FAIL 
f644da9aeb_employee_directory_table_2__vs__7888085856_employee_directory_table_r
edline_81f83d335f_docxodus.docx: never reached in 3 batch pass(es)
  FAIL 
f6bf50a9ee_heading_1_style_demo_id_paraid_overflow__vs__361c330b8d_heading_2_cen
ter_demo_id_paraid_overflow_redline_08c7668aa0_docxodus.docx: never reached in 3
batch pass(es)
  FAIL 
f6de76cc94_numbered_list_italic_demo_id_paraid_overflow__vs__053c86de5f_open_san
s_bold_underline_id_paraid_overflow_redline_0bde72da10_docxodus.docx: never 
reached in 3 batch pass(es)
  FAIL 
f6de76cc94_numbered_list_italic_demo_id_paraid_overflow__vs__18eb110b3b_numwords
_fldsimple_redline_452c8f76a5_docxodus.docx: never reached in 3 batch pass(es)
  FAIL 
f6e1c253ff_super_editor__diff_before9_9818a85f__vs__0b1d0278ce_behavior__math_ra
dical_tests_4c1ce187_redline_1445e94e75_docxodus.docx: never reached in 3 batch 
pass(es)
  FAIL 
f6f35375dd_4b86cf0feb7f5bded449753bfe2950d19263d9c33580247d__vs__153475ecc3_630e
2755d490dfd200220fd7138cb75964ae99d9fa116455_redline_c2d6b7dbc8_docxodus.docx: 
never reached in 3 batch pass(es)
  FAIL 
f701e327ed_6a38e10504967e4c8d114e98a1ec4394a6ad0758771b60b3__vs__00163e55a0_7d35
102e1569471281c726baa1f9e9cc31e56e839f337972_redline_bd704500fb_docxodus.docx: 
never reached in 3 batch pass(es)
  FAIL 
f71a12ee23_super_editor__fields_attrs1_83837249__vs__7b076416b0_sectpr_headerref
_redline_0d3b1ce858_docxodus.docx: never reached in 3 batch pass(es)
  FAIL 
f71a12ee23_super_editor__fields_attrs1_83837249__vs__f102bb2f46_super_editor__di
ff_before5_a5f60578_redline_306edcd34e_docxodus.docx: never reached in 3 batch 
pass(es)
  FAIL 
f782ae23ec_super_editor__wordoriginatedcomments_c146be65__vs__3539cf2404_cli_leg
acy__replace_test_0a793f01_redline_3303e707c8_docxodus.docx: never reached in 3 
batch pass(es)
  FAIL 
f786f1da65_001921017566904561ee8ce26ec591c5fb4cd1655b295518__vs__1424386e9b_0174
47de83753a0e3b7afc659df038ef56972925336c6a5b_redline_4364428e37_docxodus.docx: 
never reached in 3 batch pass(es)
  FAIL 
f786f1da65_001921017566904561ee8ce26ec591c5fb4cd1655b295518__vs__2773adf157_0004
c94ca2a8684d47449bb0e7abf87de1df71a7e6543252_redline_bdea97dde1_docxodus.docx: 
never reached in 3 batch pass(es)
  FAIL 
f786f1da65_001921017566904561ee8ce26ec591c5fb4cd1655b295518__vs__2e04202552_000e
3e7bd2d6215fc7b469cc3e296c1b2a510bc1abc7e0fd_redline_0a0cd852ed_docxodus.docx: 
never reached in 3 batch pass(es)
  FAIL 
f786f1da65_001921017566904561ee8ce26ec591c5fb4cd1655b295518__vs__342f364d46_0013
42333d45627868f4dc5282abbba4598a91b4a7584b08_redline_be486e3b25_docxodus.docx: 
never reached in 3 batch pass(es)
  FAIL 
f786f1da65_001921017566904561ee8ce26ec591c5fb4cd1655b295518__vs__5203829c7a_001c
c92b88566d5f930fe57f25813c0bf52a7bdc72c217d0_redline_cb330ddba7_docxodus.docx: 
never reached in 3 batch pass(es)
  FAIL 
f786f1da65_001921017566904561ee8ce26ec591c5fb4cd1655b295518__vs__aa5340125d_00a4
b0b91e9b5b072dc3771391c2d608518690eccf44eae8_redline_41c87b1359_docxodus.docx: 
never reached in 3 batch pass(es)
  FAIL 
f786f1da65_001921017566904561ee8ce26ec591c5fb4cd1655b295518__vs__bd3824dd1e_000e
e64ef7226d353297888f59a251e24ce5d776fea000fa_redline_dd1816c8cf_docxodus.docx: 
never reached in 3 batch pass(es)
  FAIL 
f786f1da65_001921017566904561ee8ce26ec591c5fb4cd1655b295518__vs__deff0e697a_00b5
defcad6e58038eac35472a2d48c89905068e5ece0cc3_redline_deab4d1fab_docxodus.docx: 
never reached in 3 batch pass(es)
  FAIL 
f795b96ac4_behavior__math_delimiter_tests_c9d034dc__vs__22ccb1b200_super_editor_
_diff_after19_79c6b379_redline_d47a965ac5_docxodus.docx: never reached in 3 
batch pass(es)
  FAIL 
f795b96ac4_behavior__math_delimiter_tests_c9d034dc__vs__79cb6b6c0f_behavior__wor
d_native_bullet_disc_bfbeb2dd_redline_43b21d082c_docxodus.docx: never reached in
3 batch pass(es)
  FAIL 
f7d8cdf9a9_product_roadmap_2026_suggesting_insertions__vs__93db7f65b3_project_pl
an_suggesting_insertions_redline_218c9d60d5_docxodus.docx: never reached in 3 
batch pass(es)
  FAIL 
f7ece685ff_behavior__math_limit_tests_6dc07867__vs__3ad13eed3d_evals__document_9
bff7e1b_redline_76d159d4b3_docxodus.docx: never reached in 3 batch pass(es)
  FAIL 
f7ece685ff_behavior__math_limit_tests_6dc07867__vs__432a12b1a9_behavior__word_na
tive_bullet_square_da8bb73c_redline_ca516d2f7f_docxodus.docx: never reached in 3
batch pass(es)
  FAIL 
f7ece685ff_behavior__math_limit_tests_6dc07867__vs__6c0ad6c8ef_behavior__math_ma
trix_tests_a3b17e15_redline_4256a31075_docxodus.docx: never reached in 3 batch 
pass(es)
  FAIL 
f809be38e3_526b9a2add7b99091cb17082b0173cf0494f0768c2a5d48d__vs__5ed92f798c_47f9
e20139a5b07aae344e6f0fcbb842f9e3ca5f2746ac23_redline_cde0f6e857_docxodus.docx: 
never reached in 3 batch pass(es)
  FAIL 
f83dd8794c_justify_alignment_demo_id_paraid_overflow_2__vs__56d80fab6a_justify_a
lignment_demo_id_paraid_overflow_redline_cedd5af88a_docxodus.docx: never reached
in 3 batch pass(es)
  FAIL 
f84571f3fc_bold_text_formatting_demo_id_paraid_overflow_2__vs__fdabb735ad_bold_t
ext_formatting_demo_id_paraid_overflow_redline_031d0f0b06_docxodus.docx: never 
reached in 3 batch pass(es)
  FAIL 
f884ff965b_subscript_demo_style_default_missing__vs__381ea58f00_subtitle_style_d
emo_id_paraid_overflow_redline_0787c21ef1_docxodus.docx: never reached in 3 
batch pass(es)
  FAIL 
f89ff5989b_evals__nda_7f304918__vs__0a2898b58a_evals__report_with_formatting_03f
385ed_redline_cd9b4144f9_docxodus.docx: never reached in 3 batch pass(es)
  FAIL 
f89ff5989b_evals__nda_7f304918__vs__18eb110b3b_numwords_fldsimple_redline_198811
7669_docxodus.docx: never reached in 3 batch pass(es)
  FAIL 
f8cb67d689_file_3__vs__f8f7ed1dc0_file_4_redline_6fb703911b_docxodus.docx: never
reached in 3 batch pass(es)
  FAIL 
f8ecf81d8b_font_size_demo_id_paraid_overflow__vs__2a69e1ce5c_green_bold_text_dem
o_id_paraid_overflow_redline_1197c62419_docxodus.docx: never reached in 3 batch 
pass(es)
  FAIL 
f8ecf81d8b_font_size_demo_id_paraid_overflow__vs__64bdd3aded_footnotes_sample_re
dline_50108f87c5_docxodus.docx: never reached in 3 batch pass(es)
  FAIL 
f8f7ed1dc0_file_4__vs__82ee7342fd_file_5_redline_1ca22e16ca_docxodus.docx: never
reached in 3 batch pass(es)
  FAIL 
f8f9857e80_title_style_demo_id_paraid_overflow__vs__39b73c977c_title_style_demo_
style_default_missing_redline_2c6a62810a_docxodus.docx: never reached in 3 batch
pass(es)
  FAIL 
f901587291_docx_lots_of_comments_addition_redline_addition__vs__c9822f1008_docx_
lots_of_comments_addition_redline_redline_82e22bbec6_docxodus.docx: never 
reached in 3 batch pass(es)
  FAIL 
f94aeed5f5_001f4e98e9744f89b6f26b3741cb6439f8131bf89659230e__vs__1424386e9b_0174
47de83753a0e3b7afc659df038ef56972925336c6a5b_redline_ece42865e7_docxodus.docx: 
never reached in 3 batch pass(es)
  FAIL 
f94aeed5f5_001f4e98e9744f89b6f26b3741cb6439f8131bf89659230e__vs__2773adf157_0004
c94ca2a8684d47449bb0e7abf87de1df71a7e6543252_redline_c1a7769ddd_docxodus.docx: 
never reached in 3 batch pass(es)
  FAIL 
f94aeed5f5_001f4e98e9744f89b6f26b3741cb6439f8131bf89659230e__vs__2e04202552_000e
3e7bd2d6215fc7b469cc3e296c1b2a510bc1abc7e0fd_redline_c213810aca_docxodus.docx: 
never reached in 3 batch pass(es)
  FAIL 
f94aeed5f5_001f4e98e9744f89b6f26b3741cb6439f8131bf89659230e__vs__333bfe069a_0034
16d620331122b93b434dad901db5836f60d2cad4b533_redline_3a7f98f21b_docxodus.docx: 
never reached in 3 batch pass(es)
  FAIL 
f94aeed5f5_001f4e98e9744f89b6f26b3741cb6439f8131bf89659230e__vs__342f364d46_0013
42333d45627868f4dc5282abbba4598a91b4a7584b08_redline_564d441d36_docxodus.docx: 
never reached in 3 batch pass(es)
  FAIL 
f94aeed5f5_001f4e98e9744f89b6f26b3741cb6439f8131bf89659230e__vs__5203829c7a_001c
c92b88566d5f930fe57f25813c0bf52a7bdc72c217d0_redline_bd86c75e52_docxodus.docx: 
never reached in 3 batch pass(es)
  FAIL 
f94aeed5f5_001f4e98e9744f89b6f26b3741cb6439f8131bf89659230e__vs__a5f2b9318d_002a
a60c2ae1187417b4b157c5ec6450324cc056ec551a12_redline_751b38201f_docxodus.docx: 
never reached in 3 batch pass(es)
  FAIL 
f94aeed5f5_001f4e98e9744f89b6f26b3741cb6439f8131bf89659230e__vs__aa5340125d_00a4
b0b91e9b5b072dc3771391c2d608518690eccf44eae8_redline_24d37f7b5e_docxodus.docx: 
never reached in 3 batch pass(es)
  FAIL 
f94aeed5f5_001f4e98e9744f89b6f26b3741cb6439f8131bf89659230e__vs__bd3824dd1e_000e
e64ef7226d353297888f59a251e24ce5d776fea000fa_redline_c85d7fadac_docxodus.docx: 
never reached in 3 batch pass(es)
  FAIL 
f94aeed5f5_001f4e98e9744f89b6f26b3741cb6439f8131bf89659230e__vs__deff0e697a_00b5
defcad6e58038eac35472a2d48c89905068e5ece0cc3_redline_bb7bb84780_docxodus.docx: 
never reached in 3 batch pass(es)
  FAIL 
f950268631_file_70__vs__13ccf06a72_file_71_redline_06abf273b8_docxodus.docx: 
never reached in 3 batch pass(es)
  FAIL 
f96d955d1f_adc89f6f8c063857a4749aef826b32335f84f594f313784d__vs__2187372db5_7afc
e1a5de46c972eb12aa38086fda8ca550f4c811ef5d7f_redline_580f8e2e8a_docxodus.docx: 
never reached in 3 batch pass(es)
  FAIL 
f999eb0cd4_b8eb69d5da1651ac1d6f5b7266fd567672cda7a9e9eab37b__vs__d2ba5bddc4_b9f2
793b14613aaf0fdf7f451fe3da702bcfd98b34105b2b_redline_b0c99c33c7_docxodus.docx: 
never reached in 3 batch pass(es)
  FAIL 
f9b9dbd790_0017bce9abd08007241b106f0fcf1d64e45c05cd82a05a1d__vs__1424386e9b_0174
47de83753a0e3b7afc659df038ef56972925336c6a5b_redline_2ea0a59b6a_docxodus.docx: 
never reached in 3 batch pass(es)
  FAIL 
f9b9dbd790_0017bce9abd08007241b106f0fcf1d64e45c05cd82a05a1d__vs__2e04202552_000e
3e7bd2d6215fc7b469cc3e296c1b2a510bc1abc7e0fd_redline_b716c93528_docxodus.docx: 
never reached in 3 batch pass(es)
  FAIL 
f9b9dbd790_0017bce9abd08007241b106f0fcf1d64e45c05cd82a05a1d__vs__333bfe069a_0034
16d620331122b93b434dad901db5836f60d2cad4b533_redline_a8c44068c2_docxodus.docx: 
never reached in 3 batch pass(es)
  FAIL 
f9b9dbd790_0017bce9abd08007241b106f0fcf1d64e45c05cd82a05a1d__vs__342f364d46_0013
42333d45627868f4dc5282abbba4598a91b4a7584b08_redline_3a6aea7fd6_docxodus.docx: 
never reached in 3 batch pass(es)
  FAIL 
f9b9dbd790_0017bce9abd08007241b106f0fcf1d64e45c05cd82a05a1d__vs__5203829c7a_001c
c92b88566d5f930fe57f25813c0bf52a7bdc72c217d0_redline_415fa42f00_docxodus.docx: 
never reached in 3 batch pass(es)
  FAIL 
f9b9dbd790_0017bce9abd08007241b106f0fcf1d64e45c05cd82a05a1d__vs__a5f2b9318d_002a
a60c2ae1187417b4b157c5ec6450324cc056ec551a12_redline_51e52dbbaf_docxodus.docx: 
never reached in 3 batch pass(es)
  FAIL 
f9b9dbd790_0017bce9abd08007241b106f0fcf1d64e45c05cd82a05a1d__vs__aa5340125d_00a4
b0b91e9b5b072dc3771391c2d608518690eccf44eae8_redline_207461739c_docxodus.docx: 
never reached in 3 batch pass(es)
  FAIL 
f9b9dbd790_0017bce9abd08007241b106f0fcf1d64e45c05cd82a05a1d__vs__bd3824dd1e_000e
e64ef7226d353297888f59a251e24ce5d776fea000fa_redline_3eee1bceaf_docxodus.docx: 
never reached in 3 batch pass(es)
  FAIL 
f9b9dbd790_0017bce9abd08007241b106f0fcf1d64e45c05cd82a05a1d__vs__deff0e697a_00b5
defcad6e58038eac35472a2d48c89905068e5ece0cc3_redline_5e151b767c_docxodus.docx: 
never reached in 3 batch pass(es)
  FAIL 
f9ca1d3348_277e57f3da9c9b557af1abffa61255c6e8036e032a64a874__vs__65695b941a_71df
1fd99914a3abfca2de1775ccb4b2400f12430110f55d_redline_feacbc347e_docxodus.docx: 
never reached in 3 batch pass(es)
  FAIL 
fa33fd104c_file_136__vs__e3e56d833b_file_137_redline_ed9f4b0a5b_docxodus.docx: 
never reached in 3 batch pass(es)
  FAIL 
fa4d5010d8_layout_engine__basic_vector_shapes_e5f0ef49__vs__ad43500302_super_edi
tor__list_numbering_reimport_d788d573_redline_9d682fe39d_docxodus.docx: never 
reached in 3 batch pass(es)
  FAIL 
fa5b142e31_quarterly_performance_report_table__vs__c6f9b1571d_red_bold_heading_d
emo_style_default_missing_redline_7ef4149a19_docxodus.docx: never reached in 3 
batch pass(es)
  FAIL 
fa5b1dd76a_file_66__vs__57f861e6c4_file_67_redline_0c3d53058e_docxodus.docx: 
never reached in 3 batch pass(es)
  FAIL 
fa6006c2ee_file_62__vs__5a508830cf_file_63_redline_0161808db0_docxodus.docx: 
never reached in 3 batch pass(es)
  FAIL 
fa962f4b9d_file_79__vs__9d2146095f_file_80_redline_6169b89c33_docxodus.docx: 
never reached in 3 batch pass(es)
  FAIL 
faa7c6b110_file_88__vs__57ff9e1b30_file_89_redline_4319e3d7c7_docxodus.docx: 
never reached in 3 batch pass(es)
  FAIL 
fad186fbc9_file_185__vs__5674014cbb_file_186_redline_c09f50d3f1_docxodus.docx: 
never reached in 3 batch pass(es)
  FAIL 
fb1c56c1e0_fdf7dbac083ccb4be9870dac580f685d72e9cb78a9e1e824__vs__a9cfeef3a5_e9db
fb36238214117a1148b5b1ebb6ce93a718fcfc7357d4_redline_6ed1a241a2_docxodus.docx: 
never reached in 3 batch pass(es)
  FAIL 
fb7e0f5c32_a908db22eafe0ddc365cd09429341464706ffb6d315fe03a__vs__8adb5d2b90_a5de
68536253cfefa979b7c78ccbfd2f4d1316632aedf7c9_redline_496b13e942_docxodus.docx: 
never reached in 3 batch pass(es)
  FAIL 
fb7e959776_blue_centered_title_demo_style_default_missing__vs__080a32894f_blue_i
talic_text_demo_id_paraid_overflow_redline_7f5ab5eb89_docxodus.docx: never 
reached in 3 batch pass(es)
  FAIL 
fb85d194cb_23203fe6d92dfd722597a5820480664b6fa93fdf63d04cbe__vs__5d88ca2fc6_6134
18ce0a9bb74e12692fcaaa305ebd1196a5e3a8f56a13_redline_d610d90c10_docxodus.docx: 
never reached in 3 batch pass(es)
  FAIL 
fbe14959b0_000f5278175aa01c2b9517b07e8a087014e4a05ab3e24f41__vs__1424386e9b_0174
47de83753a0e3b7afc659df038ef56972925336c6a5b_redline_2bd37cf59a_docxodus.docx: 
never reached in 3 batch pass(es)
  FAIL 
fbe14959b0_000f5278175aa01c2b9517b07e8a087014e4a05ab3e24f41__vs__2773adf157_0004
c94ca2a8684d47449bb0e7abf87de1df71a7e6543252_redline_1f36e9a00b_docxodus.docx: 
never reached in 3 batch pass(es)
  FAIL 
fbe14959b0_000f5278175aa01c2b9517b07e8a087014e4a05ab3e24f41__vs__2e04202552_000e
3e7bd2d6215fc7b469cc3e296c1b2a510bc1abc7e0fd_redline_638842c111_docxodus.docx: 
never reached in 3 batch pass(es)
  FAIL 
fbe14959b0_000f5278175aa01c2b9517b07e8a087014e4a05ab3e24f41__vs__333bfe069a_0034
16d620331122b93b434dad901db5836f60d2cad4b533_redline_85aa26adba_docxodus.docx: 
never reached in 3 batch pass(es)
  FAIL 
fbe14959b0_000f5278175aa01c2b9517b07e8a087014e4a05ab3e24f41__vs__342f364d46_0013
42333d45627868f4dc5282abbba4598a91b4a7584b08_redline_d452d8446d_docxodus.docx: 
never reached in 3 batch pass(es)
  FAIL 
fbe14959b0_000f5278175aa01c2b9517b07e8a087014e4a05ab3e24f41__vs__5203829c7a_001c
c92b88566d5f930fe57f25813c0bf52a7bdc72c217d0_redline_1b40a04f6e_docxodus.docx: 
never reached in 3 batch pass(es)
  FAIL 
fbe14959b0_000f5278175aa01c2b9517b07e8a087014e4a05ab3e24f41__vs__a5f2b9318d_002a
a60c2ae1187417b4b157c5ec6450324cc056ec551a12_redline_6fb9bbdb49_docxodus.docx: 
never reached in 3 batch pass(es)
  FAIL 
fbe14959b0_000f5278175aa01c2b9517b07e8a087014e4a05ab3e24f41__vs__aa5340125d_00a4
b0b91e9b5b072dc3771391c2d608518690eccf44eae8_redline_d6580e6209_docxodus.docx: 
never reached in 3 batch pass(es)
  FAIL 
fbe14959b0_000f5278175aa01c2b9517b07e8a087014e4a05ab3e24f41__vs__bd3824dd1e_000e
e64ef7226d353297888f59a251e24ce5d776fea000fa_redline_094759eca1_docxodus.docx: 
never reached in 3 batch pass(es)
  FAIL 
fc5d9fecb7_00028d824d5d2262bc6e30692308cd1b577ac1dff228970d__vs__1424386e9b_0174
47de83753a0e3b7afc659df038ef56972925336c6a5b_redline_854b04698b_docxodus.docx: 
never reached in 3 batch pass(es)
  FAIL 
fc5d9fecb7_00028d824d5d2262bc6e30692308cd1b577ac1dff228970d__vs__2773adf157_0004
c94ca2a8684d47449bb0e7abf87de1df71a7e6543252_redline_f89e2f03ac_docxodus.docx: 
never reached in 3 batch pass(es)
  FAIL 
fc5d9fecb7_00028d824d5d2262bc6e30692308cd1b577ac1dff228970d__vs__2e04202552_000e
3e7bd2d6215fc7b469cc3e296c1b2a510bc1abc7e0fd_redline_9b49bbb009_docxodus.docx: 
never reached in 3 batch pass(es)
  FAIL 
fc5d9fecb7_00028d824d5d2262bc6e30692308cd1b577ac1dff228970d__vs__333bfe069a_0034
16d620331122b93b434dad901db5836f60d2cad4b533_redline_7f450b2b12_docxodus.docx: 
never reached in 3 batch pass(es)
  FAIL 
fc5d9fecb7_00028d824d5d2262bc6e30692308cd1b577ac1dff228970d__vs__342f364d46_0013
42333d45627868f4dc5282abbba4598a91b4a7584b08_redline_b9c294a2e1_docxodus.docx: 
never reached in 3 batch pass(es)
  FAIL 
fc5d9fecb7_00028d824d5d2262bc6e30692308cd1b577ac1dff228970d__vs__5203829c7a_001c
c92b88566d5f930fe57f25813c0bf52a7bdc72c217d0_redline_870274e32c_docxodus.docx: 
never reached in 3 batch pass(es)
  FAIL 
fc5d9fecb7_00028d824d5d2262bc6e30692308cd1b577ac1dff228970d__vs__a5f2b9318d_002a
a60c2ae1187417b4b157c5ec6450324cc056ec551a12_redline_1acd709985_docxodus.docx: 
never reached in 3 batch pass(es)
  FAIL 
fc5d9fecb7_00028d824d5d2262bc6e30692308cd1b577ac1dff228970d__vs__aa5340125d_00a4
b0b91e9b5b072dc3771391c2d608518690eccf44eae8_redline_9f271c8e1d_docxodus.docx: 
never reached in 3 batch pass(es)
  FAIL 
fc5d9fecb7_00028d824d5d2262bc6e30692308cd1b577ac1dff228970d__vs__bd3824dd1e_000e
e64ef7226d353297888f59a251e24ce5d776fea000fa_redline_7fdcd442c2_docxodus.docx: 
never reached in 3 batch pass(es)
  FAIL 
fc5d9fecb7_00028d824d5d2262bc6e30692308cd1b577ac1dff228970d__vs__deff0e697a_00b5
defcad6e58038eac35472a2d48c89905068e5ece0cc3_redline_4baf3b9f1b_docxodus.docx: 
never reached in 3 batch pass(es)
  FAIL 
fc7446c442_file_19__vs__bb77c5d70e_file_20_redline_1a4f837e9e_docxodus.docx: 
never reached in 3 batch pass(es)
  FAIL 
fca2e2d2fb_c7bc478bbf437dc674b15660baec7dc84871ae9fb72f59c7__vs__7da4c0927e_b979
4019a3a163817e9882b71d9a9b70083625440919c6e3_redline_a72825a276_docxodus.docx: 
never reached in 3 batch pass(es)
  FAIL 
fcde913d1d_file_166__vs__994bab4ce6_file_167_redline_27aaaf4187_docxodus.docx: 
never reached in 3 batch pass(es)
  FAIL 
fd1d891f44_file_98__vs__c0723c2916_file_99_redline_0d06710c45_docxodus.docx: 
never reached in 3 batch pass(es)
  FAIL 
fd4aefa551_file_144__vs__a1f5212957_file_145_redline_4a05dab534_docxodus.docx: 
never reached in 3 batch pass(es)
  FAIL 
fd5a40bd94_underline_text_formatting_demo_style_default_mis__vs__f43929f70c_verd
ana_bold_large_font_id_paraid_overflow_redline_c964f553ef_docxodus.docx: never 
reached in 3 batch pass(es)
  FAIL 
fd68f70f24_super_editor__ooxml_highlight_rstyle_linked_comb__vs__1e1f1ad583_supe
r_editor__diff_before2_ca0c6859_redline_09b9bd2f9d_docxodus.docx: never reached 
in 3 batch pass(es)
  FAIL 
fd68f70f24_super_editor__ooxml_highlight_rstyle_linked_comb__vs__ba54aaab82_supe
r_editor__ooxml_italic_rstyle_combos_demo_90_redline_67b4573b7d_docxodus.docx: 
never reached in 3 batch pass(es)
  FAIL 
fdabb735ad_bold_text_formatting_demo_id_paraid_overflow__vs__08e3f68925_bold_und
erline_combined_demo_id_paraid_overflow_redline_acd5cf3bf2_docxodus.docx: never 
reached in 3 batch pass(es)
  FAIL 
fdaf71bd6b_file_38__vs__d62983b275_file_39_redline_618d22429e_docxodus.docx: 
never reached in 3 batch pass(es)
  FAIL 
fdb2976d19_01415d08f6d1a428e6949533adcd6249cf25676d98d0b78c__vs__1424386e9b_0174
47de83753a0e3b7afc659df038ef56972925336c6a5b_redline_e227d61add_docxodus.docx: 
never reached in 3 batch pass(es)
  FAIL 
fdb2976d19_01415d08f6d1a428e6949533adcd6249cf25676d98d0b78c__vs__2773adf157_0004
c94ca2a8684d47449bb0e7abf87de1df71a7e6543252_redline_91cd75730c_docxodus.docx: 
never reached in 3 batch pass(es)
  FAIL 
fdb2976d19_01415d08f6d1a428e6949533adcd6249cf25676d98d0b78c__vs__342f364d46_0013
42333d45627868f4dc5282abbba4598a91b4a7584b08_redline_df75b30ef4_docxodus.docx: 
never reached in 3 batch pass(es)
  FAIL 
fdb2976d19_01415d08f6d1a428e6949533adcd6249cf25676d98d0b78c__vs__5203829c7a_001c
c92b88566d5f930fe57f25813c0bf52a7bdc72c217d0_redline_53547c0ecb_docxodus.docx: 
never reached in 3 batch pass(es)
  FAIL 
fdb2976d19_01415d08f6d1a428e6949533adcd6249cf25676d98d0b78c__vs__a5f2b9318d_002a
a60c2ae1187417b4b157c5ec6450324cc056ec551a12_redline_76a536e0f9_docxodus.docx: 
never reached in 3 batch pass(es)
  FAIL 
fdb2976d19_01415d08f6d1a428e6949533adcd6249cf25676d98d0b78c__vs__aa5340125d_00a4
b0b91e9b5b072dc3771391c2d608518690eccf44eae8_redline_ee00700829_docxodus.docx: 
never reached in 3 batch pass(es)
  FAIL 
fdb2976d19_01415d08f6d1a428e6949533adcd6249cf25676d98d0b78c__vs__deff0e697a_00b5
defcad6e58038eac35472a2d48c89905068e5ece0cc3_redline_c70f91f9b9_docxodus.docx: 
never reached in 3 batch pass(es)
  FAIL 
fdd60beead_nested_table_rowspan__vs__41f0a98a46_numbered_list_demo_id_paraid_ove
rflow_redline_196bfa1dd9_docxodus.docx: never reached in 3 batch pass(es)
  FAIL 
fe11d14f44_behavior__sd_2447_toc_tab_alignment_8319c14c__vs__563331c6f3_super_ed
itor__broken_complex_list_293fda86_redline_1093dd6cfd_docxodus.docx: never 
reached in 3 batch pass(es)
  FAIL 
fe11d14f44_behavior__sd_2447_toc_tab_alignment_8319c14c__vs__8441c4ae21_sd_2517_
localized_heading_styles_redline_9dfaecf9a9_docxodus.docx: never reached in 3 
batch pass(es)
  FAIL 
fe30a2695f_c51f8e00074742f311f06858841150c6302e5421dca6a679__vs__4792f8c6c1_1baa
7641e4dff75e3351a92771d3721d1951054972c0415a_redline_95f7a84264_docxodus.docx: 
never reached in 3 batch pass(es)
  FAIL 
fe445552ab_file_80__vs__2cfcf343a2_file_81_redline_7e58f498a8_docxodus.docx: 
never reached in 3 batch pass(es)
  FAIL 
fe56cf6167_108f7099011f37945d9dbedca4d1bb0bceca12f388dea92d__vs__2fd5e4820a_1173
e1c5df6f7197eebd8a9f2603347549bf5d33409e347c_redline_5d431c38ff_docxodus.docx: 
never reached in 3 batch pass(es)
  FAIL 
ff47bdeea8_file_119__vs__868b5e44f4_file_120_redline_517b53a483_docxodus.docx: 
never reached in 3 batch pass(es)
  FAIL 
ffbd6a0327_calibri_bold_italic_demo_id_paraid_overflow__vs__7d0c2f81c2_calibri_f
ont_demo_id_paraid_overflow_2_redline_b18e1c63d6_docxodus.docx: never reached in
3 batch pass(es)
  FAIL 
ffe6488f77_02d34f01cc1f76fda7d8f6f0484f1b62d066916e75fc6767__vs__559dcf675c_03f2
673c98f5411065d51ac5c001638f7a8b8c0f9d7a5f06_redline_f19921855c_docxodus.docx: 
never reached in 3 batch pass(es)
