2026-09-29 18:37:53.314 | INFO     | __main__:preflight:1812 -  preflight: 
open_documents=0 started_clean=True launched_by_us=False close_documents=True
2026-09-29 18:37:53.480 | INFO     | __main__:convert_folder:1486 -  export: 
one_osascript=True documents=2611 accept_all=False reject_all=False
2026-09-29 18:49:53.298 | INFO     | __main__:_convert_batched:1685 -  one 
osascript for 2611 document(s)
2026-09-29 18:49:58.328 | INFO     | __main__:_loop:1067 -  4/2611
2026-09-29 18:50:03.358 | INFO     | __main__:_loop:1067 -  9/2611
2026-09-29 18:50:08.389 | INFO     | __main__:_loop:1067 -  14/2611
2026-09-29 18:50:13.415 | INFO     | __main__:_loop:1067 -  19/2611
2026-09-29 18:50:18.440 | INFO     | __main__:_loop:1067 -  24/2611
2026-09-29 18:50:23.465 | INFO     | __main__:_loop:1067 -  28/2611
2026-09-29 18:50:28.486 | INFO     | __main__:_loop:1067 -  34/2611
2026-09-29 18:50:38.515 | INFO     | __main__:_loop:1067 -  38/2611
2026-09-29 18:50:43.535 | INFO     | __main__:_loop:1067 -  44/2611
2026-09-29 18:50:48.564 | INFO     | __main__:_loop:1067 -  49/2611
2026-09-29 18:50:53.594 | INFO     | __main__:_loop:1067 -  53/2611
2026-09-29 18:50:58.625 | INFO     | __main__:_loop:1067 -  58/2611
2026-09-29 18:51:03.661 | INFO     | __main__:_loop:1067 -  62/2611
2026-09-29 18:51:08.691 | INFO     | __main__:_loop:1067 -  67/2611
2026-09-29 18:51:13.713 | INFO     | __main__:_loop:1067 -  72/2611
2026-09-29 18:51:18.740 | INFO     | __main__:_loop:1067 -  77/2611
2026-09-29 18:51:23.758 | INFO     | __main__:_loop:1067 -  82/2611
2026-09-29 18:51:28.786 | INFO     | __main__:_loop:1067 -  86/2611
2026-09-29 18:51:33.809 | INFO     | __main__:_loop:1067 -  91/2611
2026-09-29 18:51:38.829 | INFO     | __main__:_loop:1067 -  95/2611
2026-09-29 18:51:43.851 | INFO     | __main__:_loop:1067 -  96/2611
2026-09-29 18:51:48.877 | INFO     | __main__:_loop:1067 -  100/2611
2026-09-29 18:51:53.899 | INFO     | __main__:_loop:1067 -  105/2611
2026-09-29 18:51:58.939 | INFO     | __main__:_loop:1067 -  110/2611
2026-09-29 18:52:03.965 | INFO     | __main__:_loop:1067 -  114/2611
2026-09-29 18:52:09.006 | INFO     | __main__:_loop:1067 -  119/2611
2026-09-29 18:52:14.043 | INFO     | __main__:_loop:1067 -  123/2611
2026-09-29 18:52:19.058 | INFO     | __main__:_loop:1067 -  127/2611
2026-09-29 18:52:24.075 | INFO     | __main__:_loop:1067 -  131/2611
2026-09-29 18:52:29.102 | INFO     | __main__:_loop:1067 -  136/2611
2026-09-29 18:52:34.136 | INFO     | __main__:_loop:1067 -  139/2611
2026-09-29 18:52:39.161 | INFO     | __main__:_loop:1067 -  143/2611
2026-09-29 18:52:44.194 | INFO     | __main__:_loop:1067 -  147/2611
2026-09-29 18:52:49.224 | INFO     | __main__:_loop:1067 -  151/2611
2026-09-29 18:52:54.253 | INFO     | __main__:_loop:1067 -  156/2611
2026-09-29 18:52:59.294 | INFO     | __main__:_loop:1067 -  160/2611
2026-09-29 18:53:04.315 | INFO     | __main__:_loop:1067 -  165/2611
2026-09-29 18:53:09.357 | INFO     | __main__:_loop:1067 -  169/2611
2026-09-29 18:53:14.385 | INFO     | __main__:_loop:1067 -  174/2611
2026-09-29 18:53:19.405 | INFO     | __main__:_loop:1067 -  178/2611
2026-09-29 18:53:24.426 | INFO     | __main__:_loop:1067 -  182/2611
2026-09-29 18:53:29.448 | INFO     | __main__:_loop:1067 -  186/2611
2026-09-29 18:53:34.478 | INFO     | __main__:_loop:1067 -  190/2611
2026-09-29 18:53:39.501 | INFO     | __main__:_loop:1067 -  194/2611
2026-09-29 18:53:44.537 | INFO     | __main__:_loop:1067 -  199/2611
2026-09-29 18:53:49.554 | INFO     | __main__:_loop:1067 -  200/2611
2026-09-29 18:53:54.583 | INFO     | __main__:_loop:1067 -  204/2611
2026-09-29 18:53:59.609 | INFO     | __main__:_loop:1067 -  209/2611
2026-09-29 18:54:04.631 | INFO     | __main__:_loop:1067 -  214/2611
2026-09-29 18:54:09.646 | INFO     | __main__:_loop:1067 -  219/2611
2026-09-29 18:54:14.671 | INFO     | __main__:_loop:1067 -  222/2611
2026-09-29 18:54:19.696 | INFO     | __main__:_loop:1067 -  227/2611
2026-09-29 18:54:24.715 | INFO     | __main__:_loop:1067 -  231/2611
2026-09-29 18:54:29.737 | INFO     | __main__:_loop:1067 -  235/2611
2026-09-29 18:54:34.759 | INFO     | __main__:_loop:1067 -  240/2611
2026-09-29 18:54:39.776 | INFO     | __main__:_loop:1067 -  244/2611
2026-09-29 18:54:44.803 | INFO     | __main__:_loop:1067 -  247/2611
2026-09-29 18:54:49.829 | INFO     | __main__:_loop:1067 -  251/2611
2026-09-29 18:54:54.851 | INFO     | __main__:_loop:1067 -  255/2611
2026-09-29 18:54:59.872 | INFO     | __main__:_loop:1067 -  259/2611
2026-09-29 18:55:04.895 | INFO     | __main__:_loop:1067 -  262/2611
2026-09-29 18:55:09.916 | INFO     | __main__:_loop:1067 -  265/2611
2026-09-29 18:55:14.939 | INFO     | __main__:_loop:1067 -  267/2611
2026-09-29 18:55:19.961 | INFO     | __main__:_loop:1067 -  270/2611
2026-09-29 18:55:24.990 | INFO     | __main__:_loop:1067 -  273/2611
2026-09-29 18:56:17.345 | WARNING  | __main__:_loop:1072 -  item 274/2611 open 
for more than 30 s:
-- Word windows {name, subrole}: ,
-- Word window text: 
-- crash reporters: 
-- batch-pdf-1.log:
        0
        1
        2
        3
        4
        5
        6
        7
        8
        9
        10
        11
        12
        13
        14
        15
        16
        17
        18
        19
        20
        21
        22
        23
        24
        25
        26
        27
        28
        29
        30
        31
        32
        33
        34
        35
        36
        37
        38
        39
        40
        41
        42
        43
        44
        45
        46
        47
        48
        49
        50
        51
        52
        53
        54
        55
        56
        57
        58
        59
        60
        61
        62
        63
        64
        65
        66
        67
        68
        69
        70
        71
        72
        73
        74
        75
        76
        77
        78
        79
        80
        81
        82
        83
        84
        85
        86
        87
        88
        89
        90
        91
        92
        93
        94
        95
        96
        97
        98
        99
        100
        101
        102
        103
        104
        105
        106
        107
        108
        109
        110
        111
        112
        113
        114
        115
        116
        117
        118
        119
        120
        121
        122
        123
        124
        125
        126
        127
        128
        129
        130
        131
        132
        133
        134
        135
        136
        137
        138
        139
        140
        141
        142
        143
        144
        145
        146
        147
        148
        149
        150
        151
        152
        153
        154
        155
        156
        157
        158
        159
        160
        161
        162
        163
        164
        165
        166
        167
        168
        169
        170
        171
        172
        173
        174
        175
        176
        177
        178
        179
        180
        181
        182
        183
        184
        185
        186
        187
        188
        189
        190
        191
        192
        193
        194
        195
        196
        197
        198
        199
        200
        201
        202
        203
        204
        205
        206
        207
        208
        209
        210
        211
        212
        213
        214
        215
        216
        217
        218
        219
        220
        221
        222
        223
        224
        225
        226
        227
        228
        229
        230
        231
        232
        233
        234
        235
        236
        237
        238
        239
        240
        241
        242
        243
        244
        245
        246
        247
        248
        249
        250
        251
        252
        253
        254
        255
        256
        257
        258
        259
        260
        261
        262
        263
        264
        265
        266
        267
        268
        269
        270
        271
        272
-- newest diagnostic reports: biome-2026-09-29-094107.ips, 
soffice-2026-09-28-104720.ips, soffice-2026-09-28-105517.ips, 
soffice-2026-09-28-105123.000.ips, soffice-2026-09-28-105123.ips
2026-09-29 19:00:44.141 | WARNING  | __main__:run_batch_with_resume:1206 -  2337
item(s) never reached (ended without reaching them); recycling Word and retrying
the rest first, retried items last (pass 2, 1 of 3 stalled passes used)
2026-09-29 19:00:44.143 | WARNING  | __main__♻725 -  restarting a Word this run 
did not launch. If you set "Optimize for: Best for printing" by hand, re-check 
it before trusting the PDFs rendered after this point.
2026-09-29 19:00:44.145 | WARNING  | __main__♻731 -  recycling (restart 1)
2026-09-29 19:00:56.910 | INFO     | __main__:_loop:1067 -  4/2337
2026-09-29 19:01:01.931 | INFO     | __main__:_loop:1067 -  9/2337
2026-09-29 19:01:06.955 | INFO     | __main__:_loop:1067 -  14/2337
2026-09-29 19:01:11.975 | INFO     | __main__:_loop:1067 -  20/2337
2026-09-29 19:01:16.997 | INFO     | __main__:_loop:1067 -  26/2337
2026-09-29 19:01:22.019 | INFO     | __main__:_loop:1067 -  31/2337
2026-09-29 19:01:27.038 | INFO     | __main__:_loop:1067 -  37/2337
2026-09-29 19:01:32.056 | INFO     | __main__:_loop:1067 -  42/2337
2026-09-29 19:01:37.077 | INFO     | __main__:_loop:1067 -  43/2337
2026-09-29 19:01:52.141 | INFO     | __main__:_loop:1067 -  44/2337
2026-09-29 19:01:57.162 | INFO     | __main__:_loop:1067 -  48/2337
2026-09-29 19:02:02.178 | INFO     | __main__:_loop:1067 -  53/2337
2026-09-29 19:02:07.197 | INFO     | __main__:_loop:1067 -  58/2337
2026-09-29 19:02:12.221 | INFO     | __main__:_loop:1067 -  64/2337
2026-09-29 19:02:17.253 | INFO     | __main__:_loop:1067 -  65/2337
2026-09-29 19:02:22.273 | INFO     | __main__:_loop:1067 -  70/2337
2026-09-29 19:02:27.289 | INFO     | __main__:_loop:1067 -  75/2337
2026-09-29 19:02:32.315 | INFO     | __main__:_loop:1067 -  80/2337
2026-09-29 19:02:37.337 | INFO     | __main__:_loop:1067 -  85/2337
2026-09-29 19:02:42.363 | INFO     | __main__:_loop:1067 -  90/2337
2026-09-29 19:02:47.387 | INFO     | __main__:_loop:1067 -  94/2337
2026-09-29 19:02:52.407 | INFO     | __main__:_loop:1067 -  99/2337
2026-09-29 19:02:57.432 | INFO     | __main__:_loop:1067 -  104/2337
2026-09-29 19:03:02.456 | INFO     | __main__:_loop:1067 -  109/2337
2026-09-29 19:03:07.479 | INFO     | __main__:_loop:1067 -  110/2337
2026-09-29 19:03:27.564 | INFO     | __main__:_loop:1067 -  111/2337
2026-09-29 19:03:32.588 | INFO     | __main__:_loop:1067 -  115/2337
2026-09-29 19:03:37.614 | INFO     | __main__:_loop:1067 -  118/2337
2026-09-29 19:03:52.637 | INFO     | __main__:_loop:1067 -  122/2337
2026-09-29 19:03:57.679 | INFO     | __main__:_loop:1067 -  126/2337
2026-09-29 19:04:02.701 | INFO     | __main__:_loop:1067 -  131/2337
2026-09-29 19:04:07.719 | INFO     | __main__:_loop:1067 -  134/2337
2026-09-29 19:04:12.761 | INFO     | __main__:_loop:1067 -  138/2337
2026-09-29 19:04:17.791 | INFO     | __main__:_loop:1067 -  142/2337
2026-09-29 19:04:22.824 | INFO     | __main__:_loop:1067 -  146/2337
2026-09-29 19:04:27.847 | INFO     | __main__:_loop:1067 -  151/2337
2026-09-29 19:04:32.881 | INFO     | __main__:_loop:1067 -  155/2337
2026-09-29 19:04:37.910 | INFO     | __main__:_loop:1067 -  160/2337
2026-09-29 19:04:42.951 | INFO     | __main__:_loop:1067 -  164/2337
2026-09-29 19:04:47.973 | INFO     | __main__:_loop:1067 -  168/2337
2026-09-29 19:04:53.002 | INFO     | __main__:_loop:1067 -  173/2337
2026-09-29 19:04:58.024 | INFO     | __main__:_loop:1067 -  177/2337
2026-09-29 19:05:03.063 | INFO     | __main__:_loop:1067 -  181/2337
2026-09-29 19:05:08.083 | INFO     | __main__:_loop:1067 -  185/2337
2026-09-29 19:05:13.103 | INFO     | __main__:_loop:1067 -  189/2337
2026-09-29 19:05:18.123 | INFO     | __main__:_loop:1067 -  193/2337
2026-09-29 19:05:23.149 | INFO     | __main__:_loop:1067 -  196/2337
2026-09-29 19:05:28.168 | INFO     | __main__:_loop:1067 -  200/2337
2026-09-29 19:05:33.184 | INFO     | __main__:_loop:1067 -  205/2337
2026-09-29 19:05:38.204 | INFO     | __main__:_loop:1067 -  209/2337
2026-09-29 19:05:43.234 | INFO     | __main__:_loop:1067 -  213/2337
2026-09-29 19:05:48.261 | INFO     | __main__:_loop:1067 -  217/2337
2026-09-29 19:06:13.317 | INFO     | __main__:_loop:1067 -  218/2337
2026-09-29 19:06:18.339 | INFO     | __main__:_loop:1067 -  222/2337
2026-09-29 19:06:23.392 | INFO     | __main__:_loop:1067 -  226/2337
2026-09-29 19:06:28.430 | INFO     | __main__:_loop:1067 -  230/2337
2026-09-29 19:06:33.461 | INFO     | __main__:_loop:1067 -  234/2337
2026-09-29 19:06:38.482 | INFO     | __main__:_loop:1067 -  238/2337
2026-09-29 19:06:43.503 | INFO     | __main__:_loop:1067 -  242/2337
2026-09-29 19:06:48.524 | INFO     | __main__:_loop:1067 -  246/2337
2026-09-29 19:06:53.544 | INFO     | __main__:_loop:1067 -  250/2337
2026-09-29 19:06:58.566 | INFO     | __main__:_loop:1067 -  254/2337
2026-09-29 19:07:03.594 | INFO     | __main__:_loop:1067 -  258/2337
2026-09-29 19:07:08.626 | INFO     | __main__:_loop:1067 -  260/2337
2026-09-29 19:07:13.663 | INFO     | __main__:_loop:1067 -  263/2337
2026-09-29 19:07:18.690 | INFO     | __main__:_loop:1067 -  266/2337
2026-09-29 19:07:23.718 | INFO     | __main__:_loop:1067 -  270/2337
2026-09-29 19:07:28.740 | INFO     | __main__:_loop:1067 -  274/2337
2026-09-29 19:07:33.759 | INFO     | __main__:_loop:1067 -  277/2337
2026-09-29 19:07:38.790 | INFO     | __main__:_loop:1067 -  280/2337
2026-09-29 19:07:43.809 | INFO     | __main__:_loop:1067 -  284/2337
2026-09-29 19:07:48.835 | INFO     | __main__:_loop:1067 -  288/2337
2026-09-29 19:07:53.880 | INFO     | __main__:_loop:1067 -  292/2337
2026-09-29 19:07:58.911 | INFO     | __main__:_loop:1067 -  295/2337
2026-09-29 19:08:03.948 | INFO     | __main__:_loop:1067 -  298/2337
2026-09-29 19:08:09.002 | INFO     | __main__:_loop:1067 -  301/2337
2026-09-29 19:08:14.074 | INFO     | __main__:_loop:1067 -  305/2337
2026-09-29 19:08:19.100 | INFO     | __main__:_loop:1067 -  308/2337
2026-09-29 19:08:24.122 | INFO     | __main__:_loop:1067 -  309/2337
2026-09-29 19:08:29.145 | INFO     | __main__:_loop:1067 -  312/2337
2026-09-29 19:08:34.166 | INFO     | __main__:_loop:1067 -  316/2337
2026-09-29 19:08:39.235 | INFO     | __main__:_loop:1067 -  319/2337
2026-09-29 19:08:44.266 | INFO     | __main__:_loop:1067 -  322/2337
2026-09-29 19:08:49.299 | INFO     | __main__:_loop:1067 -  324/2337
2026-09-29 19:08:54.347 | INFO     | __main__:_loop:1067 -  326/2337
2026-09-29 19:08:59.370 | INFO     | __main__:_loop:1067 -  329/2337
2026-09-29 19:09:04.392 | INFO     | __main__:_loop:1067 -  332/2337
2026-09-29 19:09:09.413 | INFO     | __main__:_loop:1067 -  336/2337
2026-09-29 19:09:14.440 | INFO     | __main__:_loop:1067 -  339/2337
2026-09-29 19:09:19.463 | INFO     | __main__:_loop:1067 -  342/2337
2026-09-29 19:09:24.486 | INFO     | __main__:_loop:1067 -  345/2337
2026-09-29 19:09:29.563 | INFO     | __main__:_loop:1067 -  347/2337
2026-09-29 19:09:34.598 | INFO     | __main__:_loop:1067 -  350/2337
2026-09-29 19:09:39.639 | INFO     | __main__:_loop:1067 -  353/2337
2026-09-29 19:09:44.664 | INFO     | __main__:_loop:1067 -  356/2337
2026-09-29 19:09:49.682 | INFO     | __main__:_loop:1067 -  360/2337
2026-09-29 19:09:54.707 | INFO     | __main__:_loop:1067 -  362/2337
2026-09-29 19:09:59.729 | INFO     | __main__:_loop:1067 -  365/2337
2026-09-29 19:10:04.757 | INFO     | __main__:_loop:1067 -  369/2337
2026-09-29 19:10:09.799 | INFO     | __main__:_loop:1067 -  372/2337
2026-09-29 19:10:14.825 | INFO     | __main__:_loop:1067 -  376/2337
2026-09-29 19:10:19.844 | INFO     | __main__:_loop:1067 -  380/2337
2026-09-29 19:10:24.864 | INFO     | __main__:_loop:1067 -  383/2337
2026-09-29 19:10:29.896 | INFO     | __main__:_loop:1067 -  386/2337
2026-09-29 19:10:34.927 | INFO     | __main__:_loop:1067 -  389/2337
2026-09-29 19:10:39.966 | INFO     | __main__:_loop:1067 -  392/2337
2026-09-29 19:10:44.986 | INFO     | __main__:_loop:1067 -  395/2337
2026-09-29 19:10:50.006 | INFO     | __main__:_loop:1067 -  398/2337
2026-09-29 19:10:55.028 | INFO     | __main__:_loop:1067 -  402/2337
2026-09-29 19:11:00.049 | INFO     | __main__:_loop:1067 -  405/2337
2026-09-29 19:11:05.072 | INFO     | __main__:_loop:1067 -  408/2337
2026-09-29 19:11:10.092 | INFO     | __main__:_loop:1067 -  411/2337
2026-09-29 19:11:15.120 | INFO     | __main__:_loop:1067 -  415/2337
2026-09-29 19:11:20.144 | INFO     | __main__:_loop:1067 -  417/2337
2026-09-29 19:11:25.178 | INFO     | __main__:_loop:1067 -  419/2337
2026-09-29 19:11:30.206 | INFO     | __main__:_loop:1067 -  422/2337
2026-09-29 19:11:35.233 | INFO     | __main__:_loop:1067 -  424/2337
2026-09-29 19:11:40.262 | INFO     | __main__:_loop:1067 -  427/2337
2026-09-29 19:11:45.295 | INFO     | __main__:_loop:1067 -  430/2337
2026-09-29 19:11:50.320 | INFO     | __main__:_loop:1067 -  433/2337
2026-09-29 19:11:55.343 | INFO     | __main__:_loop:1067 -  437/2337
2026-09-29 19:12:00.373 | INFO     | __main__:_loop:1067 -  440/2337
2026-09-29 19:12:05.400 | INFO     | __main__:_loop:1067 -  443/2337
2026-09-29 19:12:10.421 | INFO     | __main__:_loop:1067 -  446/2337
2026-09-29 19:12:15.444 | INFO     | __main__:_loop:1067 -  449/2337
2026-09-29 19:12:20.490 | INFO     | __main__:_loop:1067 -  451/2337
2026-09-29 19:12:25.517 | INFO     | __main__:_loop:1067 -  455/2337
2026-09-29 19:12:30.568 | INFO     | __main__:_loop:1067 -  458/2337
2026-09-29 19:12:35.587 | INFO     | __main__:_loop:1067 -  461/2337
2026-09-29 19:12:40.609 | INFO     | __main__:_loop:1067 -  463/2337
2026-09-29 19:12:45.630 | INFO     | __main__:_loop:1067 -  465/2337
2026-09-29 19:12:55.678 | INFO     | __main__:_loop:1067 -  468/2337
2026-09-29 19:13:00.710 | INFO     | __main__:_loop:1067 -  469/2337
2026-09-29 19:13:15.757 | INFO     | __main__:_loop:1067 -  470/2337
2026-09-29 19:13:20.780 | INFO     | __main__:_loop:1067 -  473/2337
2026-09-29 19:13:25.803 | INFO     | __main__:_loop:1067 -  475/2337
2026-09-29 19:13:45.899 | INFO     | __main__:_loop:1067 -  476/2337
2026-09-29 19:13:50.952 | INFO     | __main__:_loop:1067 -  479/2337
2026-09-29 19:13:56.037 | INFO     | __main__:_loop:1067 -  481/2337
2026-09-29 19:14:01.123 | INFO     | __main__:_loop:1067 -  484/2337
2026-09-29 19:14:51.315 | WARNING  | __main__:_loop:1072 -  item 485/2337 open 
for more than 30 s:
-- Word windows {name, subrole}: ,
-- Word window text: 
-- crash reporters: 
-- batch-pdf-2.log:
        274
        275
        276
        277
        278
        279
        280
        281
        282
        283
        284
        285
        286
        287
        288
        289
        290
        291
        292
        293
        294
        295
        296
        297
        298
        299
        300
        301
        302
        303
        304
        305
        306
        307
        308
        309
        310
        311
        312
        313
        314
        315
        316
        317
        318
        319
        320
        321
        322
        323
        324
        325
        326
        327
        328
        329
        330
        331
        332
        333
        334
        335
        336
        337
        338
        339
        340
        341
        342
        343
        344
        345
        346
        347
        348
        349
        350
        351
        352
        353
        354
        355
        356
        357
        358
        359
        360
        361
        362
        363
        364
        365
        366
        367
        368
        369
        370
        371
        372
        373
        374
        375
        376
        377
        378
        379
        380
        381
        382
        383
        384
        385
        386
        387
        388
        389
        390
        391
        392
        393
        394
        395
        396
        397
        398
        399
        400
        401
        402
        403
        404
        405
        406
        407
        408
        409
        410
        411
        412
        413
        414
        415
        416
        417
        418
        419
        420
        421
        422
        423
        424
        425
        426
        427
        428
        429
        430
        431
        432
        433
        434
        435
        436
        437
        438
        439
        440
        441
        442
        443
        444
        445
        446
        447
        448
        449
        450
        451
        452
        453
        454
        455
        456
        457
        458
        459
        460
        461
        462
        463
        464
        465
        466
        467
        468
        469
        470
        471
        472
        473
        474
        475
        476
        477
        478
        479
        480
        481
        482
        483
        484
        485
        486
        487
        488
        489
        490
        491
        492
        493
        494
        495
        496
        497
        498
        499
        500
        501
        502
        503
        504
        505
        506
        507
        508
        509
        510
        511
        512
        513
        514
        515
        516
        517
        518
        519
        520
        521
        522
        523
        524
        525
        526
        527
        528
        529
        530
        531
        532
        533
        534
        535
        536
        537
        538
        539
        540
        541
        542
        543
        544
        545
        546
        547
        548
        549
        550
        551
        552
        553
        554
        555
        556
        557
        558
        559
        560
        561
        562
        563
        564
        565
        566
        567
        568
        569
        570
        571
        572
        573
        574
        575
        576
        577
        578
        579
        580
        581
        582
        583
        584
        585
        586
        587
        588
        589
        590
        591
        592
        593
        594
        595
        596
        597
        598
        599
        600
        601
        602
        603
        604
        605
        606
        607
        608
        609
        610
        611
        612
        613
        614
        615
        616
        617
        618
        619
        620
        621
        622
        623
        624
        625
        626
        627
        628
        629
        630
        631
        632
        633
        634
        635
        636
        637
        638
        639
        640
        641
        642
        643
        644
        645
        646
        647
        648
        649
        650
        651
        652
        653
        654
        655
        656
        657
        658
        659
        660
        661
        662
        663
        664
        665
        666
        667
        668
        669
        670
        671
        672
        673
        674
        675
        676
        677
        678
        679
        680
        681
        682
        683
        684
        685
        686
        687
        688
        689
        690
        691
        692
        693
        694
        695
        696
        697
        698
        699
        700
        701
        702
        703
        704
        705
        706
        707
        708
        709
        710
        711
        712
        713
        714
        715
        716
        717
        718
        719
        720
        721
        722
        723
        724
        725
        726
        727
        728
        729
        730
        731
        732
        733
        734
        735
        736
        737
        738
        739
        740
        741
        742
        743
        744
        745
        746
        747
        748
        749
        750
        751
        752
        753
        754
        755
        756
        757
        758
        759
        760
        761
        762
        763
        764
        765
-- newest diagnostic reports: biome-2026-09-29-094107.ips, 
soffice-2026-09-28-104720.ips, soffice-2026-09-28-105517.ips, 
soffice-2026-09-28-105123.000.ips, soffice-2026-09-28-105123.ips
2026-09-29 19:14:57.899 | INFO     | __main__:_loop:1067 -  496/2337
2026-09-29 19:15:02.934 | INFO     | __main__:_loop:1067 -  499/2337
2026-09-29 19:15:07.958 | INFO     | __main__:_loop:1067 -  502/2337
2026-09-29 19:15:12.984 | INFO     | __main__:_loop:1067 -  505/2337
2026-09-29 19:15:18.008 | INFO     | __main__:_loop:1067 -  506/2337
2026-09-29 19:15:23.031 | INFO     | __main__:_loop:1067 -  509/2337
2026-09-29 19:15:28.070 | INFO     | __main__:_loop:1067 -  512/2337
2026-09-29 19:15:33.096 | INFO     | __main__:_loop:1067 -  516/2337
2026-09-29 19:15:38.118 | INFO     | __main__:_loop:1067 -  519/2337
2026-09-29 19:15:43.144 | INFO     | __main__:_loop:1067 -  521/2337
2026-09-29 19:15:48.198 | INFO     | __main__:_loop:1067 -  524/2337
2026-09-29 19:15:53.230 | INFO     | __main__:_loop:1067 -  527/2337
2026-09-29 19:15:58.250 | INFO     | __main__:_loop:1067 -  529/2337
2026-09-29 19:16:03.283 | INFO     | __main__:_loop:1067 -  532/2337
2026-09-29 19:16:08.311 | INFO     | __main__:_loop:1067 -  534/2337
2026-09-29 19:16:13.338 | INFO     | __main__:_loop:1067 -  537/2337
2026-09-29 19:16:18.362 | INFO     | __main__:_loop:1067 -  539/2337
2026-09-29 19:16:23.388 | INFO     | __main__:_loop:1067 -  542/2337
2026-09-29 19:16:28.413 | INFO     | __main__:_loop:1067 -  545/2337
2026-09-29 19:16:33.444 | INFO     | __main__:_loop:1067 -  548/2337
2026-09-29 19:16:38.474 | INFO     | __main__:_loop:1067 -  551/2337
2026-09-29 19:16:43.496 | INFO     | __main__:_loop:1067 -  554/2337
2026-09-29 19:16:48.521 | INFO     | __main__:_loop:1067 -  556/2337
2026-09-29 19:16:53.548 | INFO     | __main__:_loop:1067 -  559/2337
2026-09-29 19:16:58.599 | INFO     | __main__:_loop:1067 -  562/2337
2026-09-29 19:17:03.627 | INFO     | __main__:_loop:1067 -  564/2337
2026-09-29 19:17:08.666 | INFO     | __main__:_loop:1067 -  567/2337
2026-09-29 19:17:13.711 | INFO     | __main__:_loop:1067 -  569/2337
2026-09-29 19:17:18.733 | INFO     | __main__:_loop:1067 -  571/2337
2026-09-29 19:17:23.760 | INFO     | __main__:_loop:1067 -  573/2337
2026-09-29 19:17:28.792 | INFO     | __main__:_loop:1067 -  575/2337
2026-09-29 19:17:33.818 | INFO     | __main__:_loop:1067 -  578/2337
2026-09-29 19:17:38.859 | INFO     | __main__:_loop:1067 -  580/2337
2026-09-29 19:17:43.893 | INFO     | __main__:_loop:1067 -  582/2337
2026-09-29 19:17:48.933 | INFO     | __main__:_loop:1067 -  585/2337
2026-09-29 19:17:53.959 | INFO     | __main__:_loop:1067 -  587/2337
2026-09-29 19:17:58.982 | INFO     | __main__:_loop:1067 -  590/2337
2026-09-29 19:18:04.014 | INFO     | __main__:_loop:1067 -  593/2337
2026-09-29 19:18:09.036 | INFO     | __main__:_loop:1067 -  595/2337
2026-09-29 19:18:14.061 | INFO     | __main__:_loop:1067 -  596/2337
2026-09-29 19:18:19.092 | INFO     | __main__:_loop:1067 -  598/2337
2026-09-29 19:18:24.120 | INFO     | __main__:_loop:1067 -  601/2337
2026-09-29 19:18:29.145 | INFO     | __main__:_loop:1067 -  603/2337
2026-09-29 19:18:34.172 | INFO     | __main__:_loop:1067 -  606/2337
2026-09-29 19:18:39.194 | INFO     | __main__:_loop:1067 -  609/2337
2026-09-29 19:18:44.216 | INFO     | __main__:_loop:1067 -  611/2337
2026-09-29 19:18:49.249 | INFO     | __main__:_loop:1067 -  614/2337
2026-09-29 19:18:54.290 | INFO     | __main__:_loop:1067 -  616/2337
2026-09-29 19:18:59.322 | INFO     | __main__:_loop:1067 -  620/2337
2026-09-29 19:19:04.354 | INFO     | __main__:_loop:1067 -  622/2337
2026-09-29 19:19:09.430 | INFO     | __main__:_loop:1067 -  625/2337
2026-09-29 19:19:14.473 | INFO     | __main__:_loop:1067 -  626/2337
2026-09-29 19:19:24.513 | INFO     | __main__:_loop:1067 -  629/2337
2026-09-29 19:19:29.555 | INFO     | __main__:_loop:1067 -  632/2337
2026-09-29 19:19:34.588 | INFO     | __main__:_loop:1067 -  634/2337
2026-09-29 19:19:39.615 | INFO     | __main__:_loop:1067 -  637/2337
2026-09-29 19:19:44.668 | INFO     | __main__:_loop:1067 -  639/2337
2026-09-29 19:19:49.712 | INFO     | __main__:_loop:1067 -  642/2337
2026-09-29 19:19:54.737 | INFO     | __main__:_loop:1067 -  644/2337
2026-09-29 19:19:59.780 | INFO     | __main__:_loop:1067 -  646/2337
2026-09-29 19:20:04.800 | INFO     | __main__:_loop:1067 -  649/2337
2026-09-29 19:20:09.826 | INFO     | __main__:_loop:1067 -  651/2337
2026-09-29 19:20:14.857 | INFO     | __main__:_loop:1067 -  653/2337
2026-09-29 19:20:19.890 | INFO     | __main__:_loop:1067 -  655/2337
2026-09-29 19:20:24.955 | INFO     | __main__:_loop:1067 -  658/2337
2026-09-29 19:20:29.982 | INFO     | __main__:_loop:1067 -  660/2337
2026-09-29 19:20:35.014 | INFO     | __main__:_loop:1067 -  662/2337
2026-09-29 19:20:40.038 | INFO     | __main__:_loop:1067 -  664/2337
2026-09-29 19:20:45.064 | INFO     | __main__:_loop:1067 -  667/2337
2026-09-29 19:20:50.091 | INFO     | __main__:_loop:1067 -  669/2337
2026-09-29 19:20:55.117 | INFO     | __main__:_loop:1067 -  671/2337
2026-09-29 19:21:00.141 | INFO     | __main__:_loop:1067 -  674/2337
2026-09-29 19:21:05.171 | INFO     | __main__:_loop:1067 -  676/2337
2026-09-29 19:21:10.205 | INFO     | __main__:_loop:1067 -  678/2337
2026-09-29 19:21:15.229 | INFO     | __main__:_loop:1067 -  681/2337
2026-09-29 19:21:20.256 | INFO     | __main__:_loop:1067 -  683/2337
2026-09-29 19:21:25.288 | INFO     | __main__:_loop:1067 -  686/2337
2026-09-29 19:21:30.317 | INFO     | __main__:_loop:1067 -  689/2337
2026-09-29 19:21:35.347 | INFO     | __main__:_loop:1067 -  692/2337
2026-09-29 19:21:40.376 | INFO     | __main__:_loop:1067 -  695/2337
2026-09-29 19:21:45.394 | INFO     | __main__:_loop:1067 -  698/2337
2026-09-29 19:21:50.416 | INFO     | __main__:_loop:1067 -  699/2337
2026-09-29 19:22:39.737 | WARNING  | __main__:_loop:1072 -  item 700/2337 open 
for more than 30 s:
-- Word windows {name, subrole}: , AXStandardWindow
-- Word window text: 
-- crash reporters: 
-- batch-pdf-2.log:
        274
        275
        276
        277
        278
        279
        280
        281
        282
        283
        284
        285
        286
        287
        288
        289
        290
        291
        292
        293
        294
        295
        296
        297
        298
        299
        300
        301
        302
        303
        304
        305
        306
        307
        308
        309
        310
        311
        312
        313
        314
        315
        316
        317
        318
        319
        320
        321
        322
        323
        324
        325
        326
        327
        328
        329
        330
        331
        332
        333
        334
        335
        336
        337
        338
        339
        340
        341
        342
        343
        344
        345
        346
        347
        348
        349
        350
        351
        352
        353
        354
        355
        356
        357
        358
        359
        360
        361
        362
        363
        364
        365
        366
        367
        368
        369
        370
        371
        372
        373
        374
        375
        376
        377
        378
        379
        380
        381
        382
        383
        384
        385
        386
        387
        388
        389
        390
        391
        392
        393
        394
        395
        396
        397
        398
        399
        400
        401
        402
        403
        404
        405
        406
        407
        408
        409
        410
        411
        412
        413
        414
        415
        416
        417
        418
        419
        420
        421
        422
        423
        424
        425
        426
        427
        428
        429
        430
        431
        432
        433
        434
        435
        436
        437
        438
        439
        440
        441
        442
        443
        444
        445
        446
        447
        448
        449
        450
        451
        452
        453
        454
        455
        456
        457
        458
        459
        460
        461
        462
        463
        464
        465
        466
        467
        468
        469
        470
        471
        472
        473
        474
        475
        476
        477
        478
        479
        480
        481
        482
        483
        484
        485
        486
        487
        488
        489
        490
        491
        492
        493
        494
        495
        496
        497
        498
        499
        500
        501
        502
        503
        504
        505
        506
        507
        508
        509
        510
        511
        512
        513
        514
        515
        516
        517
        518
        519
        520
        521
        522
        523
        524
        525
        526
        527
        528
        529
        530
        531
        532
        533
        534
        535
        536
        537
        538
        539
        540
        541
        542
        543
        544
        545
        546
        547
        548
        549
        550
        551
        552
        553
        554
        555
        556
        557
        558
        559
        560
        561
        562
        563
        564
        565
        566
        567
        568
        569
        570
        571
        572
        573
        574
        575
        576
        577
        578
        579
        580
        581
        582
        583
        584
        585
        586
        587
        588
        589
        590
        591
        592
        593
        594
        595
        596
        597
        598
        599
        600
        601
        602
        603
        604
        605
        606
        607
        608
        609
        610
        611
        612
        613
        614
        615
        616
        617
        618
        619
        620
        621
        622
        623
        624
        625
        626
        627
        628
        629
        630
        631
        632
        633
        634
        635
        636
        637
        638
        639
        640
        641
        642
        643
        644
        645
        646
        647
        648
        649
        650
        651
        652
        653
        654
        655
        656
        657
        658
        659
        660
        661
        662
        663
        664
        665
        666
        667
        668
        669
        670
        671
        672
        673
        674
        675
        676
        677
        678
        679
        680
        681
        682
        683
        684
        685
        686
        687
        688
        689
        690
        691
        692
        693
        694
        695
        696
        697
        698
        699
        700
        701
        702
        703
        704
        705
        706
        707
        708
        709
        710
        711
        712
        713
        714
        715
        716
        717
        718
        719
        720
        721
        722
        723
        724
        725
        726
        727
        728
        729
        730
        731
        732
        733
        734
        735
        736
        737
        738
        739
        740
        741
        742
        743
        744
        745
        746
        747
        748
        749
        750
        751
        752
        753
        754
        755
        756
        757
        758
        759
        760
        761
        762
        763
        764
        765
        766
        767
        768
        769
        770
        771
        772
        773
        774
        775
        776
        777
        778
        779
        780
        781
        782
        783
        784
        785
        786
        787
        788
        789
        790
        791
        792
        793
        794
        795
        796
        797
        798
        799
        800
        801
        802
        803
        804
        805
        806
        807
        808
        809
        810
        811
        812
        813
        814
        815
        816
        817
        818
        819
        820
        821
        822
        823
        824
        825
        826
        827
        828
        829
        830
        831
        832
        833
        834
        835
        836
        837
        838
        839
        840
        841
        842
        843
        844
        845
        846
        847
        848
        849
        850
        851
        852
        853
        854
        855
        856
        857
        858
        859
        860
        861
        862
        863
        864
        865
        866
        867
        868
        869
        870
        871
        872
        873
        874
        875
        876
        877
        878
        879
        880
        881
        882
        883
        884
        885
        886
        887
        888
        889
        890
        891
        892
        893
        894
        895
        896
        897
        898
        899
        900
        901
        902
        903
        904
        905
        906
        907
        908
        909
        910
        911
        912
        913
        914
        915
        916
        917
        918
        919
        920
        921
        922
        923
        924
        925
        926
        927
        928
        929
        930
        931
        932
        933
        934
        935
        936
        937
        938
        939
        940
        941
        942
        943
        944
        945
        946
        947
        948
        949
        950
        951
        952
        953
        954
        955
        956
        957
        958
        959
        960
        961
        962
        963
        964
        965
        966
        967
        968
        969
        970
        971
        972
        973
        974
        975
        976
        977
        978
        979
        980
-- newest diagnostic reports: biome-2026-09-29-094107.ips, 
soffice-2026-09-28-104720.ips, soffice-2026-09-28-105517.ips, 
soffice-2026-09-28-105123.000.ips, soffice-2026-09-28-105123.ips
2026-09-29 19:22:50.878 | INFO     | __main__:_loop:1067 -  711/2337
2026-09-29 19:22:55.906 | INFO     | __main__:_loop:1067 -  713/2337
2026-09-29 19:23:00.936 | INFO     | __main__:_loop:1067 -  715/2337
2026-09-29 19:23:05.970 | INFO     | __main__:_loop:1067 -  717/2337
2026-09-29 19:23:10.999 | INFO     | __main__:_loop:1067 -  719/2337
2026-09-29 19:23:16.046 | INFO     | __main__:_loop:1067 -  721/2337
2026-09-29 19:23:21.079 | INFO     | __main__:_loop:1067 -  723/2337
2026-09-29 19:23:31.128 | INFO     | __main__:_loop:1067 -  726/2337
2026-09-29 19:23:36.155 | INFO     | __main__:_loop:1067 -  727/2337
2026-09-29 19:23:41.176 | INFO     | __main__:_loop:1067 -  729/2337
2026-09-29 19:23:46.201 | INFO     | __main__:_loop:1067 -  731/2337
2026-09-29 19:23:51.233 | INFO     | __main__:_loop:1067 -  733/2337
2026-09-29 19:23:56.279 | INFO     | __main__:_loop:1067 -  735/2337
2026-09-29 19:24:01.312 | INFO     | __main__:_loop:1067 -  737/2337
2026-09-29 19:24:06.338 | INFO     | __main__:_loop:1067 -  738/2337
2026-09-29 19:24:11.364 | INFO     | __main__:_loop:1067 -  740/2337
2026-09-29 19:24:16.392 | INFO     | __main__:_loop:1067 -  741/2337
2026-09-29 19:24:21.420 | INFO     | __main__:_loop:1067 -  743/2337
2026-09-29 19:24:26.477 | INFO     | __main__:_loop:1067 -  744/2337
2026-09-29 19:24:31.532 | INFO     | __main__:_loop:1067 -  746/2337
2026-09-29 19:24:36.562 | INFO     | __main__:_loop:1067 -  748/2337
2026-09-29 19:24:41.594 | INFO     | __main__:_loop:1067 -  750/2337
2026-09-29 19:24:46.629 | INFO     | __main__:_loop:1067 -  752/2337
2026-09-29 19:24:51.660 | INFO     | __main__:_loop:1067 -  754/2337
2026-09-29 19:24:56.700 | INFO     | __main__:_loop:1067 -  755/2337
2026-09-29 19:25:01.730 | INFO     | __main__:_loop:1067 -  757/2337
2026-09-29 19:25:06.765 | INFO     | __main__:_loop:1067 -  759/2337
2026-09-29 19:25:11.791 | INFO     | __main__:_loop:1067 -  761/2337
2026-09-29 19:25:16.845 | INFO     | __main__:_loop:1067 -  762/2337
2026-09-29 19:25:21.927 | INFO     | __main__:_loop:1067 -  764/2337
2026-09-29 19:25:26.994 | INFO     | __main__:_loop:1067 -  766/2337
2026-09-29 19:25:32.040 | INFO     | __main__:_loop:1067 -  768/2337
2026-09-29 19:25:37.088 | INFO     | __main__:_loop:1067 -  769/2337
2026-09-29 19:25:42.135 | INFO     | __main__:_loop:1067 -  771/2337
2026-09-29 19:25:47.190 | INFO     | __main__:_loop:1067 -  773/2337
2026-09-29 19:25:52.238 | INFO     | __main__:_loop:1067 -  775/2337
2026-09-29 19:25:57.333 | INFO     | __main__:_loop:1067 -  777/2337
2026-09-29 19:26:02.395 | INFO     | __main__:_loop:1067 -  778/2337
2026-09-29 19:26:07.468 | INFO     | __main__:_loop:1067 -  780/2337
2026-09-29 19:26:12.496 | INFO     | __main__:_loop:1067 -  782/2337
2026-09-29 19:26:17.525 | INFO     | __main__:_loop:1067 -  783/2337
2026-09-29 19:26:22.624 | INFO     | __main__:_loop:1067 -  785/2337
2026-09-29 19:26:27.659 | INFO     | __main__:_loop:1067 -  787/2337
2026-09-29 19:26:32.686 | INFO     | __main__:_loop:1067 -  789/2337
2026-09-29 19:26:37.778 | INFO     | __main__:_loop:1067 -  790/2337
2026-09-29 19:26:42.812 | INFO     | __main__:_loop:1067 -  792/2337
2026-09-29 19:26:47.857 | INFO     | __main__:_loop:1067 -  794/2337
2026-09-29 19:26:52.892 | INFO     | __main__:_loop:1067 -  796/2337
2026-09-29 19:26:57.916 | INFO     | __main__:_loop:1067 -  797/2337
2026-09-29 19:27:02.945 | INFO     | __main__:_loop:1067 -  799/2337
2026-09-29 19:27:07.978 | INFO     | __main__:_loop:1067 -  801/2337
2026-09-29 19:27:13.014 | INFO     | __main__:_loop:1067 -  802/2337
2026-09-29 19:27:18.063 | INFO     | __main__:_loop:1067 -  804/2337
2026-09-29 19:27:23.106 | INFO     | __main__:_loop:1067 -  806/2337
2026-09-29 19:27:28.131 | INFO     | __main__:_loop:1067 -  808/2337
2026-09-29 19:27:33.153 | INFO     | __main__:_loop:1067 -  810/2337
2026-09-29 19:27:38.179 | INFO     | __main__:_loop:1067 -  812/2337
2026-09-29 19:27:43.205 | INFO     | __main__:_loop:1067 -  814/2337
2026-09-29 19:27:48.237 | INFO     | __main__:_loop:1067 -  816/2337
2026-09-29 19:27:53.268 | INFO     | __main__:_loop:1067 -  818/2337
2026-09-29 19:27:58.290 | INFO     | __main__:_loop:1067 -  820/2337
2026-09-29 19:28:03.309 | INFO     | __main__:_loop:1067 -  822/2337
2026-09-29 19:28:08.328 | INFO     | __main__:_loop:1067 -  824/2337
2026-09-29 19:28:13.347 | INFO     | __main__:_loop:1067 -  826/2337
2026-09-29 19:28:18.369 | INFO     | __main__:_loop:1067 -  828/2337
2026-09-29 19:28:23.391 | INFO     | __main__:_loop:1067 -  829/2337
2026-09-29 19:28:28.411 | INFO     | __main__:_loop:1067 -  830/2337
2026-09-29 19:28:33.432 | INFO     | __main__:_loop:1067 -  833/2337
2026-09-29 19:28:38.461 | INFO     | __main__:_loop:1067 -  834/2337
2026-09-29 19:28:43.498 | INFO     | __main__:_loop:1067 -  836/2337
2026-09-29 19:28:48.518 | INFO     | __main__:_loop:1067 -  838/2337
2026-09-29 19:28:53.539 | INFO     | __main__:_loop:1067 -  840/2337
2026-09-29 19:28:58.563 | INFO     | __main__:_loop:1067 -  842/2337
2026-09-29 19:29:03.590 | INFO     | __main__:_loop:1067 -  844/2337
2026-09-29 19:29:08.622 | INFO     | __main__:_loop:1067 -  846/2337
2026-09-29 19:29:13.647 | INFO     | __main__:_loop:1067 -  848/2337
2026-09-29 19:29:18.681 | INFO     | __main__:_loop:1067 -  849/2337
2026-09-29 19:29:23.716 | INFO     | __main__:_loop:1067 -  851/2337
2026-09-29 19:29:28.741 | INFO     | __main__:_loop:1067 -  853/2337
2026-09-29 19:29:33.767 | INFO     | __main__:_loop:1067 -  855/2337
2026-09-29 19:29:38.789 | INFO     | __main__:_loop:1067 -  857/2337
2026-09-29 19:29:43.813 | INFO     | __main__:_loop:1067 -  859/2337
2026-09-29 19:29:48.839 | INFO     | __main__:_loop:1067 -  861/2337
2026-09-29 19:29:53.871 | INFO     | __main__:_loop:1067 -  863/2337
2026-09-29 19:29:58.901 | INFO     | __main__:_loop:1067 -  864/2337
2026-09-29 19:30:03.927 | INFO     | __main__:_loop:1067 -  865/2337
2026-09-29 19:30:08.959 | INFO     | __main__:_loop:1067 -  866/2337
2026-09-29 19:30:13.982 | INFO     | __main__:_loop:1067 -  868/2337
2026-09-29 19:30:19.001 | INFO     | __main__:_loop:1067 -  869/2337
2026-09-29 19:30:24.023 | INFO     | __main__:_loop:1067 -  870/2337
2026-09-29 19:30:29.048 | INFO     | __main__:_loop:1067 -  871/2337
2026-09-29 19:30:34.075 | INFO     | __main__:_loop:1067 -  872/2337
2026-09-29 19:30:39.099 | INFO     | __main__:_loop:1067 -  874/2337
2026-09-29 19:30:44.131 | INFO     | __main__:_loop:1067 -  876/2337
2026-09-29 19:30:49.158 | INFO     | __main__:_loop:1067 -  877/2337
2026-09-29 19:30:54.183 | INFO     | __main__:_loop:1067 -  879/2337
2026-09-29 19:30:59.200 | INFO     | __main__:_loop:1067 -  880/2337
2026-09-29 19:31:04.221 | INFO     | __main__:_loop:1067 -  882/2337
2026-09-29 19:31:09.238 | INFO     | __main__:_loop:1067 -  884/2337
2026-09-29 19:31:14.267 | INFO     | __main__:_loop:1067 -  886/2337
2026-09-29 19:31:19.289 | INFO     | __main__:_loop:1067 -  887/2337
2026-09-29 19:31:24.311 | INFO     | __main__:_loop:1067 -  889/2337
2026-09-29 19:31:25.167 | INFO     | __main__:_note_buttons:510 -  Microsoft 
Word shows button 'missing value'
2026-09-29 19:31:29.329 | INFO     | __main__:_loop:1067 -  890/2337
2026-09-29 19:31:34.351 | INFO     | __main__:_loop:1067 -  892/2337
2026-09-29 19:31:39.374 | INFO     | __main__:_loop:1067 -  893/2337
2026-09-29 19:31:44.413 | INFO     | __main__:_loop:1067 -  895/2337
2026-09-29 19:31:49.436 | INFO     | __main__:_loop:1067 -  897/2337
2026-09-29 19:31:54.455 | INFO     | __main__:_loop:1067 -  899/2337
2026-09-29 19:31:59.473 | INFO     | __main__:_loop:1067 -  901/2337
2026-09-29 19:32:04.490 | INFO     | __main__:_loop:1067 -  903/2337
2026-09-29 19:32:09.507 | INFO     | __main__:_loop:1067 -  905/2337
2026-09-29 19:32:14.525 | INFO     | __main__:_loop:1067 -  907/2337
2026-09-29 19:32:19.545 | INFO     | __main__:_loop:1067 -  910/2337
2026-09-29 19:32:24.573 | INFO     | __main__:_loop:1067 -  912/2337
2026-09-29 19:32:29.593 | INFO     | __main__:_loop:1067 -  914/2337
2026-09-29 19:32:34.619 | INFO     | __main__:_loop:1067 -  917/2337
2026-09-29 19:32:39.647 | INFO     | __main__:_loop:1067 -  919/2337
2026-09-29 19:32:44.673 | INFO     | __main__:_loop:1067 -  921/2337
2026-09-29 19:32:49.692 | INFO     | __main__:_loop:1067 -  922/2337
2026-09-29 19:32:54.711 | INFO     | __main__:_loop:1067 -  924/2337
2026-09-29 19:32:59.734 | INFO     | __main__:_loop:1067 -  926/2337
2026-09-29 19:33:04.766 | INFO     | __main__:_loop:1067 -  928/2337
2026-09-29 19:33:09.804 | INFO     | __main__:_loop:1067 -  930/2337
2026-09-29 19:33:14.829 | INFO     | __main__:_loop:1067 -  932/2337
2026-09-29 19:33:19.851 | INFO     | __main__:_loop:1067 -  933/2337
2026-09-29 19:33:24.869 | INFO     | __main__:_loop:1067 -  935/2337
2026-09-29 19:33:29.889 | INFO     | __main__:_loop:1067 -  937/2337
2026-09-29 19:33:34.906 | INFO     | __main__:_loop:1067 -  939/2337
2026-09-29 19:33:39.928 | INFO     | __main__:_loop:1067 -  941/2337
2026-09-29 19:33:44.955 | INFO     | __main__:_loop:1067 -  943/2337
2026-09-29 19:33:49.976 | INFO     | __main__:_loop:1067 -  945/2337
2026-09-29 19:33:54.996 | INFO     | __main__:_loop:1067 -  946/2337
2026-09-29 19:34:00.017 | INFO     | __main__:_loop:1067 -  948/2337
2026-09-29 19:34:05.035 | INFO     | __main__:_loop:1067 -  950/2337
2026-09-29 19:34:10.062 | INFO     | __main__:_loop:1067 -  952/2337
2026-09-29 19:34:15.099 | INFO     | __main__:_loop:1067 -  954/2337
2026-09-29 19:34:20.123 | INFO     | __main__:_loop:1067 -  955/2337
2026-09-29 19:34:25.158 | INFO     | __main__:_loop:1067 -  957/2337
2026-09-29 19:34:30.177 | INFO     | __main__:_loop:1067 -  959/2337
2026-09-29 19:34:35.201 | INFO     | __main__:_loop:1067 -  961/2337
2026-09-29 19:34:40.223 | INFO     | __main__:_loop:1067 -  963/2337
2026-09-29 19:34:45.243 | INFO     | __main__:_loop:1067 -  965/2337
2026-09-29 19:34:50.268 | INFO     | __main__:_loop:1067 -  966/2337
2026-09-29 19:34:55.300 | INFO     | __main__:_loop:1067 -  968/2337
2026-09-29 19:35:00.318 | INFO     | __main__:_loop:1067 -  970/2337
2026-09-29 19:35:05.336 | INFO     | __main__:_loop:1067 -  971/2337
2026-09-29 19:35:10.358 | INFO     | __main__:_loop:1067 -  973/2337
2026-09-29 19:35:15.381 | INFO     | __main__:_loop:1067 -  975/2337
2026-09-29 19:35:20.410 | INFO     | __main__:_loop:1067 -  977/2337
2026-09-29 19:35:25.428 | INFO     | __main__:_loop:1067 -  978/2337
2026-09-29 19:35:30.456 | INFO     | __main__:_loop:1067 -  980/2337
2026-09-29 19:35:35.479 | INFO     | __main__:_loop:1067 -  982/2337
2026-09-29 19:35:40.501 | INFO     | __main__:_loop:1067 -  984/2337
2026-09-29 19:35:45.522 | INFO     | __main__:_loop:1067 -  985/2337
2026-09-29 19:35:50.547 | INFO     | __main__:_loop:1067 -  988/2337
2026-09-29 19:35:55.575 | INFO     | __main__:_loop:1067 -  989/2337
2026-09-29 19:36:00.599 | INFO     | __main__:_loop:1067 -  991/2337
2026-09-29 19:36:05.623 | INFO     | __main__:_loop:1067 -  992/2337
2026-09-29 19:36:10.646 | INFO     | __main__:_loop:1067 -  994/2337
2026-09-29 19:36:15.667 | INFO     | __main__:_loop:1067 -  995/2337
2026-09-29 19:36:20.690 | INFO     | __main__:_loop:1067 -  997/2337
2026-09-29 19:36:25.711 | INFO     | __main__:_loop:1067 -  999/2337
2026-09-29 19:36:30.730 | INFO     | __main__:_loop:1067 -  1001/2337
2026-09-29 19:36:35.760 | INFO     | __main__:_loop:1067 -  1002/2337
2026-09-29 19:36:40.781 | INFO     | __main__:_loop:1067 -  1004/2337
2026-09-29 19:36:45.797 | INFO     | __main__:_loop:1067 -  1006/2337
2026-09-29 19:36:50.813 | INFO     | __main__:_loop:1067 -  1008/2337
2026-09-29 19:36:55.836 | INFO     | __main__:_loop:1067 -  1010/2337
2026-09-29 19:37:00.861 | INFO     | __main__:_loop:1067 -  1012/2337
2026-09-29 19:37:52.147 | WARNING  | __main__:_loop:1072 -  item 1013/2337 open 
for more than 30 s:
-- Word windows {name, subrole}: ,
-- Word window text: 
-- crash reporters: 
-- batch-pdf-2.log:
        274
        275
        276
        277
        278
        279
        280
        281
        282
        283
        284
        285
        286
        287
        288
        289
        290
        291
        292
        293
        294
        295
        296
        297
        298
        299
        300
        301
        302
        303
        304
        305
        306
        307
        308
        309
        310
        311
        312
        313
        314
        315
        316
        317
        318
        319
        320
        321
        322
        323
        324
        325
        326
        327
        328
        329
        330
        331
        332
        333
        334
        335
        336
        337
        338
        339
        340
        341
        342
        343
        344
        345
        346
        347
        348
        349
        350
        351
        352
        353
        354
        355
        356
        357
        358
        359
        360
        361
        362
        363
        364
        365
        366
        367
        368
        369
        370
        371
        372
        373
        374
        375
        376
        377
        378
        379
        380
        381
        382
        383
        384
        385
        386
        387
        388
        389
        390
        391
        392
        393
        394
        395
        396
        397
        398
        399
        400
        401
        402
        403
        404
        405
        406
        407
        408
        409
        410
        411
        412
        413
        414
        415
        416
        417
        418
        419
        420
        421
        422
        423
        424
        425
        426
        427
        428
        429
        430
        431
        432
        433
        434
        435
        436
        437
        438
        439
        440
        441
        442
        443
        444
        445
        446
        447
        448
        449
        450
        451
        452
        453
        454
        455
        456
        457
        458
        459
        460
        461
        462
        463
        464
        465
        466
        467
        468
        469
        470
        471
        472
        473
        474
        475
        476
        477
        478
        479
        480
        481
        482
        483
        484
        485
        486
        487
        488
        489
        490
        491
        492
        493
        494
        495
        496
        497
        498
        499
        500
        501
        502
        503
        504
        505
        506
        507
        508
        509
        510
        511
        512
        513
        514
        515
        516
        517
        518
        519
        520
        521
        522
        523
        524
        525
        526
        527
        528
        529
        530
        531
        532
        533
        534
        535
        536
        537
        538
        539
        540
        541
        542
        543
        544
        545
        546
        547
        548
        549
        550
        551
        552
        553
        554
        555
        556
        557
        558
        559
        560
        561
        562
        563
        564
        565
        566
        567
        568
        569
        570
        571
        572
        573
        574
        575
        576
        577
        578
        579
        580
        581
        582
        583
        584
        585
        586
        587
        588
        589
        590
        591
        592
        593
        594
        595
        596
        597
        598
        599
        600
        601
        602
        603
        604
        605
        606
        607
        608
        609
        610
        611
        612
        613
        614
        615
        616
        617
        618
        619
        620
        621
        622
        623
        624
        625
        626
        627
        628
        629
        630
        631
        632
        633
        634
        635
        636
        637
        638
        639
        640
        641
        642
        643
        644
        645
        646
        647
        648
        649
        650
        651
        652
        653
        654
        655
        656
        657
        658
        659
        660
        661
        662
        663
        664
        665
        666
        667
        668
        669
        670
        671
        672
        673
        674
        675
        676
        677
        678
        679
        680
        681
        682
        683
        684
        685
        686
        687
        688
        689
        690
        691
        692
        693
        694
        695
        696
        697
        698
        699
        700
        701
        702
        703
        704
        705
        706
        707
        708
        709
        710
        711
        712
        713
        714
        715
        716
        717
        718
        719
        720
        721
        722
        723
        724
        725
        726
        727
        728
        729
        730
        731
        732
        733
        734
        735
        736
        737
        738
        739
        740
        741
        742
        743
        744
        745
        746
        747
        748
        749
        750
        751
        752
        753
        754
        755
        756
        757
        758
        759
        760
        761
        762
        763
        764
        765
        766
        767
        768
        769
        770
        771
        772
        773
        774
        775
        776
        777
        778
        779
        780
        781
        782
        783
        784
        785
        786
        787
        788
        789
        790
        791
        792
        793
        794
        795
        796
        797
        798
        799
        800
        801
        802
        803
        804
        805
        806
        807
        808
        809
        810
        811
        812
        813
        814
        815
        816
        817
        818
        819
        820
        821
        822
        823
        824
        825
        826
        827
        828
        829
        830
        831
        832
        833
        834
        835
        836
        837
        838
        839
        840
        841
        842
        843
        844
        845
        846
        847
        848
        849
        850
        851
        852
        853
        854
        855
        856
        857
        858
        859
        860
        861
        862
        863
        864
        865
        866
        867
        868
        869
        870
        871
        872
        873
        874
        875
        876
        877
        878
        879
        880
        881
        882
        883
        884
        885
        886
        887
        888
        889
        890
        891
        892
        893
        894
        895
        896
        897
        898
        899
        900
        901
        902
        903
        904
        905
        906
        907
        908
        909
        910
        911
        912
        913
        914
        915
        916
        917
        918
        919
        920
        921
        922
        923
        924
        925
        926
        927
        928
        929
        930
        931
        932
        933
        934
        935
        936
        937
        938
        939
        940
        941
        942
        943
        944
        945
        946
        947
        948
        949
        950
        951
        952
        953
        954
        955
        956
        957
        958
        959
        960
        961
        962
        963
        964
        965
        966
        967
        968
        969
        970
        971
        972
        973
        974
        975
        976
        977
        978
        979
        980
        981
        982
        983
        984
        985
        986
        987
        988
        989
        990
        991
        992
        993
        994
        995
        996
        997
        998
        999
        1000
        1001
        1002
        1003
        1004
        1005
        1006
        1007
        1008
        1009
        1010
        1011
        1012
        1013
        1014
        1015
        1016
        1017
        1018
        1019
        1020
        1021
        1022
        1023
        1024
        1025
        1026
        1027
        1028
        1029
        1030
        1031
        1032
        1033
        1034
        1035
        1036
        1037
        1038
        1039
        1040
        1041
        1042
        1043
        1044
        1045
        1046
        1047
        1048
        1049
        1050
        1051
        1052
        1053
        1054
        1055
        1056
        1057
        1058
        1059
        1060
        1061
        1062
        1063
        1064
        1065
        1066
        1067
        1068
        1069
        1070
        1071
        1072
        1073
        1074
        1075
        1076
        1077
        1078
        1079
        1080
        1081
        1082
        1083
        1084
        1085
        1086
        1087
        1088
        1089
        1090
        1091
        1092
        1093
        1094
        1095
        1096
        1097
        1098
        1099
        1100
        1101
        1102
        1103
        1104
        1105
        1106
        1107
        1108
        1109
        1110
        1111
        1112
        1113
        1114
        1115
        1116
        1117
        1118
        1119
        1120
        1121
        1122
        1123
        1124
        1125
        1126
        1127
        1128
        1129
        1130
        1131
        1132
        1133
        1134
        1135
        1136
        1137
        1138
        1139
        1140
        1141
        1142
        1143
        1144
        1145
        1146
        1147
        1148
        1149
        1150
        1151
        1152
        1153
        1154
        1155
        1156
        1157
        1158
        1159
        1160
        1161
        1162
        1163
        1164
        1165
        1166
        1167
        1168
        1169
        1170
        1171
        1172
        1173
        1174
        1175
        1176
        1177
        1178
        1179
        1180
        1181
        1182
        1183
        1184
        1185
        1186
        1187
        1188
        1189
        1190
        1191
        1192
        1193
        1194
        1195
        1196
        1197
        1198
        1199
        1200
        1201
        1202
        1203
        1204
        1205
        1206
        1207
        1208
        1209
        1210
        1211
        1212
        1213
        1214
        1215
        1216
        1217
        1218
        1219
        1220
        1221
        1222
        1223
        1224
        1225
        1226
        1227
        1228
        1229
        1230
        1231
        1232
        1233
        1234
        1235
        1236
        1237
        1238
        1239
        1240
        1241
        1242
        1243
        1244
        1245
        1246
        1247
        1248
        1249
        1250
        1251
        1252
        1253
        1254
        1255
        1256
        1257
        1258
        1259
        1260
        1261
        1262
        1263
        1264
        1265
        1266
        1267
        1268
        1269
        1270
        1271
        1272
        1273
        1274
        1275
        1276
        1277
        1278
        1279
        1280
        1281
        1282
        1283
        1284
        1285
-- newest diagnostic reports: biome-2026-09-29-094107.ips, 
soffice-2026-09-28-104720.ips, soffice-2026-09-28-105517.ips, 
soffice-2026-09-28-105123.000.ips, soffice-2026-09-28-105123.ips
2026-09-29 19:38:15.292 | INFO     | __main__:_loop:1067 -  1014/2337
2026-09-29 19:38:20.310 | INFO     | __main__:_loop:1067 -  1016/2337
2026-09-29 19:38:25.335 | INFO     | __main__:_loop:1067 -  1018/2337
2026-09-29 19:38:30.353 | INFO     | __main__:_loop:1067 -  1020/2337
2026-09-29 19:38:35.371 | INFO     | __main__:_loop:1067 -  1022/2337
2026-09-29 19:38:40.403 | INFO     | __main__:_loop:1067 -  1025/2337
2026-09-29 19:38:45.429 | INFO     | __main__:_loop:1067 -  1027/2337
2026-09-29 19:38:50.447 | INFO     | __main__:_loop:1067 -  1030/2337
2026-09-29 19:38:55.472 | INFO     | __main__:_loop:1067 -  1032/2337
2026-09-29 19:39:00.496 | INFO     | __main__:_loop:1067 -  1034/2337
2026-09-29 19:39:05.522 | INFO     | __main__:_loop:1067 -  1036/2337
2026-09-29 19:39:10.539 | INFO     | __main__:_loop:1067 -  1038/2337
2026-09-29 19:39:15.558 | INFO     | __main__:_loop:1067 -  1041/2337
2026-09-29 19:39:20.588 | INFO     | __main__:_loop:1067 -  1043/2337
2026-09-29 19:39:25.605 | INFO     | __main__:_loop:1067 -  1045/2337
2026-09-29 19:39:30.619 | INFO     | __main__:_loop:1067 -  1048/2337
2026-09-29 19:39:35.636 | INFO     | __main__:_loop:1067 -  1050/2337
2026-09-29 19:39:40.662 | INFO     | __main__:_loop:1067 -  1053/2337
2026-09-29 19:39:45.679 | INFO     | __main__:_loop:1067 -  1056/2337
2026-09-29 19:39:50.704 | INFO     | __main__:_loop:1067 -  1059/2337
2026-09-29 19:39:55.732 | INFO     | __main__:_loop:1067 -  1061/2337
2026-09-29 19:40:00.759 | INFO     | __main__:_loop:1067 -  1063/2337
2026-09-29 19:40:05.782 | INFO     | __main__:_loop:1067 -  1066/2337
2026-09-29 19:40:10.807 | INFO     | __main__:_loop:1067 -  1068/2337
2026-09-29 19:40:15.833 | INFO     | __main__:_loop:1067 -  1071/2337
2026-09-29 19:40:20.850 | INFO     | __main__:_loop:1067 -  1074/2337
2026-09-29 19:40:25.874 | INFO     | __main__:_loop:1067 -  1076/2337
2026-09-29 19:40:30.906 | INFO     | __main__:_loop:1067 -  1078/2337
2026-09-29 19:40:35.931 | INFO     | __main__:_loop:1067 -  1079/2337
2026-09-29 19:40:50.964 | INFO     | __main__:_loop:1067 -  1080/2337
2026-09-29 19:41:11.001 | INFO     | __main__:_loop:1067 -  1081/2337
2026-09-29 19:41:31.060 | INFO     | __main__:_loop:1067 -  1083/2337
2026-09-29 19:41:36.079 | INFO     | __main__:_loop:1067 -  1086/2337
2026-09-29 19:41:41.104 | INFO     | __main__:_loop:1067 -  1088/2337
2026-09-29 19:41:46.121 | INFO     | __main__:_loop:1067 -  1091/2337
2026-09-29 19:41:51.138 | INFO     | __main__:_loop:1067 -  1094/2337
2026-09-29 19:41:56.155 | INFO     | __main__:_loop:1067 -  1096/2337
2026-09-29 19:42:01.180 | INFO     | __main__:_loop:1067 -  1098/2337
2026-09-29 19:42:06.210 | INFO     | __main__:_loop:1067 -  1101/2337
2026-09-29 19:42:11.236 | INFO     | __main__:_loop:1067 -  1103/2337
2026-09-29 19:42:16.254 | INFO     | __main__:_loop:1067 -  1105/2337
2026-09-29 19:42:21.280 | INFO     | __main__:_loop:1067 -  1107/2337
2026-09-29 19:42:26.305 | INFO     | __main__:_loop:1067 -  1109/2337
2026-09-29 19:42:31.330 | INFO     | __main__:_loop:1067 -  1112/2337
2026-09-29 19:42:36.355 | INFO     | __main__:_loop:1067 -  1115/2337
2026-09-29 19:42:41.381 | INFO     | __main__:_loop:1067 -  1117/2337
2026-09-29 19:42:46.413 | INFO     | __main__:_loop:1067 -  1119/2337
2026-09-29 19:42:51.435 | INFO     | __main__:_loop:1067 -  1122/2337
2026-09-29 19:42:56.453 | INFO     | __main__:_loop:1067 -  1124/2337
2026-09-29 19:43:01.475 | INFO     | __main__:_loop:1067 -  1126/2337
2026-09-29 19:43:06.504 | INFO     | __main__:_loop:1067 -  1128/2337
2026-09-29 19:43:11.523 | INFO     | __main__:_loop:1067 -  1130/2337
2026-09-29 19:43:16.549 | INFO     | __main__:_loop:1067 -  1132/2337
2026-09-29 19:43:21.580 | INFO     | __main__:_loop:1067 -  1135/2337
2026-09-29 19:43:26.606 | INFO     | __main__:_loop:1067 -  1137/2337
2026-09-29 19:43:31.630 | INFO     | __main__:_loop:1067 -  1140/2337
2026-09-29 19:43:36.656 | INFO     | __main__:_loop:1067 -  1142/2337
2026-09-29 19:43:41.680 | INFO     | __main__:_loop:1067 -  1145/2337
2026-09-29 19:43:46.704 | INFO     | __main__:_loop:1067 -  1147/2337
2026-09-29 19:43:51.730 | INFO     | __main__:_loop:1067 -  1150/2337
2026-09-29 19:43:56.760 | INFO     | __main__:_loop:1067 -  1153/2337
2026-09-29 19:44:01.786 | INFO     | __main__:_loop:1067 -  1155/2337
2026-09-29 19:44:06.813 | INFO     | __main__:_loop:1067 -  1157/2337
2026-09-29 19:44:11.838 | INFO     | __main__:_loop:1067 -  1160/2337
2026-09-29 19:44:16.864 | INFO     | __main__:_loop:1067 -  1162/2337
2026-09-29 19:44:21.885 | INFO     | __main__:_loop:1067 -  1164/2337
2026-09-29 19:44:26.908 | INFO     | __main__:_loop:1067 -  1166/2337
2026-09-29 19:44:31.933 | INFO     | __main__:_loop:1067 -  1169/2337
2026-09-29 19:44:36.962 | INFO     | __main__:_loop:1067 -  1171/2337
2026-09-29 19:44:41.987 | INFO     | __main__:_loop:1067 -  1174/2337
2026-09-29 19:44:47.011 | INFO     | __main__:_loop:1067 -  1176/2337
2026-09-29 19:44:52.036 | INFO     | __main__:_loop:1067 -  1178/2337
2026-09-29 19:44:57.059 | INFO     | __main__:_loop:1067 -  1181/2337
2026-09-29 19:45:02.085 | INFO     | __main__:_loop:1067 -  1183/2337
2026-09-29 19:45:07.109 | INFO     | __main__:_loop:1067 -  1185/2337
2026-09-29 19:45:12.140 | INFO     | __main__:_loop:1067 -  1187/2337
2026-09-29 19:45:17.166 | INFO     | __main__:_loop:1067 -  1189/2337
2026-09-29 19:45:22.191 | INFO     | __main__:_loop:1067 -  1191/2337
2026-09-29 19:45:27.217 | INFO     | __main__:_loop:1067 -  1193/2337
2026-09-29 19:45:32.241 | INFO     | __main__:_loop:1067 -  1196/2337
2026-09-29 19:45:37.266 | INFO     | __main__:_loop:1067 -  1198/2337
2026-09-29 19:45:42.291 | INFO     | __main__:_loop:1067 -  1201/2337
2026-09-29 19:45:47.316 | INFO     | __main__:_loop:1067 -  1203/2337
2026-09-29 19:45:52.346 | INFO     | __main__:_loop:1067 -  1206/2337
2026-09-29 19:45:57.369 | INFO     | __main__:_loop:1067 -  1209/2337
2026-09-29 19:46:02.395 | INFO     | __main__:_loop:1067 -  1211/2337
2026-09-29 19:46:07.420 | INFO     | __main__:_loop:1067 -  1213/2337
2026-09-29 19:46:12.437 | INFO     | __main__:_loop:1067 -  1216/2337
2026-09-29 19:46:17.459 | INFO     | __main__:_loop:1067 -  1218/2337
2026-09-29 19:46:22.476 | INFO     | __main__:_loop:1067 -  1220/2337
2026-09-29 19:46:27.496 | INFO     | __main__:_loop:1067 -  1223/2337
2026-09-29 19:46:32.528 | INFO     | __main__:_loop:1067 -  1225/2337
2026-09-29 19:46:37.552 | INFO     | __main__:_loop:1067 -  1228/2337
2026-09-29 19:46:42.569 | INFO     | __main__:_loop:1067 -  1230/2337
2026-09-29 19:46:47.594 | INFO     | __main__:_loop:1067 -  1232/2337
2026-09-29 19:46:52.611 | INFO     | __main__:_loop:1067 -  1234/2337
2026-09-29 19:46:57.630 | INFO     | __main__:_loop:1067 -  1237/2337
2026-09-29 19:47:02.654 | INFO     | __main__:_loop:1067 -  1239/2337
2026-09-29 19:47:07.670 | INFO     | __main__:_loop:1067 -  1241/2337
2026-09-29 19:47:12.705 | INFO     | __main__:_loop:1067 -  1244/2337
2026-09-29 19:47:17.722 | INFO     | __main__:_loop:1067 -  1245/2337
2026-09-29 19:47:22.739 | INFO     | __main__:_loop:1067 -  1248/2337
2026-09-29 19:47:27.763 | INFO     | __main__:_loop:1067 -  1250/2337
2026-09-29 19:47:32.788 | INFO     | __main__:_loop:1067 -  1252/2337
2026-09-29 19:47:37.808 | INFO     | __main__:_loop:1067 -  1255/2337
2026-09-29 19:47:42.831 | INFO     | __main__:_loop:1067 -  1257/2337
2026-09-29 19:47:47.852 | INFO     | __main__:_loop:1067 -  1259/2337
2026-09-29 19:47:52.884 | INFO     | __main__:_loop:1067 -  1261/2337
2026-09-29 19:47:57.910 | INFO     | __main__:_loop:1067 -  1263/2337
2026-09-29 19:48:02.933 | INFO     | __main__:_loop:1067 -  1265/2337
2026-09-29 19:48:07.959 | INFO     | __main__:_loop:1067 -  1267/2337
2026-09-29 19:48:12.984 | INFO     | __main__:_loop:1067 -  1269/2337
2026-09-29 19:48:18.004 | INFO     | __main__:_loop:1067 -  1271/2337
2026-09-29 19:48:23.030 | INFO     | __main__:_loop:1067 -  1273/2337
2026-09-29 19:48:28.051 | INFO     | __main__:_loop:1067 -  1275/2337
2026-09-29 19:48:33.082 | INFO     | __main__:_loop:1067 -  1277/2337
2026-09-29 19:48:38.107 | INFO     | __main__:_loop:1067 -  1280/2337
2026-09-29 19:48:43.134 | INFO     | __main__:_loop:1067 -  1282/2337
2026-09-29 19:48:48.157 | INFO     | __main__:_loop:1067 -  1284/2337
2026-09-29 19:48:53.184 | INFO     | __main__:_loop:1067 -  1286/2337
2026-09-29 19:48:58.206 | INFO     | __main__:_loop:1067 -  1288/2337
2026-09-29 19:49:03.231 | INFO     | __main__:_loop:1067 -  1289/2337
2026-09-29 19:49:08.257 | INFO     | __main__:_loop:1067 -  1291/2337
2026-09-29 19:49:13.282 | INFO     | __main__:_loop:1067 -  1293/2337
2026-09-29 19:49:18.313 | INFO     | __main__:_loop:1067 -  1295/2337
2026-09-29 19:49:23.335 | INFO     | __main__:_loop:1067 -  1296/2337
2026-09-29 19:49:28.360 | INFO     | __main__:_loop:1067 -  1299/2337
2026-09-29 19:49:33.381 | INFO     | __main__:_loop:1067 -  1301/2337
2026-09-29 19:49:38.405 | INFO     | __main__:_loop:1067 -  1303/2337
2026-09-29 19:49:43.430 | INFO     | __main__:_loop:1067 -  1305/2337
2026-09-29 19:49:48.455 | INFO     | __main__:_loop:1067 -  1307/2337
2026-09-29 19:49:53.480 | INFO     | __main__:_loop:1067 -  1309/2337
2026-09-29 19:49:58.502 | INFO     | __main__:_loop:1067 -  1311/2337
2026-09-29 19:50:03.521 | INFO     | __main__:_loop:1067 -  1313/2337
2026-09-29 19:50:08.541 | INFO     | __main__:_loop:1067 -  1315/2337
2026-09-29 19:50:13.559 | INFO     | __main__:_loop:1067 -  1317/2337
2026-09-29 19:50:18.577 | INFO     | __main__:_loop:1067 -  1319/2337
2026-09-29 19:50:23.594 | INFO     | __main__:_loop:1067 -  1320/2337
2026-09-29 19:50:28.615 | INFO     | __main__:_loop:1067 -  1322/2337
2026-09-29 19:50:33.629 | INFO     | __main__:_loop:1067 -  1324/2337
2026-09-29 19:50:38.646 | INFO     | __main__:_loop:1067 -  1325/2337
2026-09-29 19:50:43.665 | INFO     | __main__:_loop:1067 -  1327/2337
2026-09-29 19:50:48.684 | INFO     | __main__:_loop:1067 -  1329/2337
2026-09-29 19:50:53.698 | INFO     | __main__:_loop:1067 -  1330/2337
2026-09-29 19:50:58.716 | INFO     | __main__:_loop:1067 -  1332/2337
2026-09-29 19:51:03.741 | INFO     | __main__:_loop:1067 -  1334/2337
2026-09-29 19:51:08.759 | INFO     | __main__:_loop:1067 -  1336/2337
2026-09-29 19:51:13.779 | INFO     | __main__:_loop:1067 -  1337/2337
2026-09-29 19:51:18.797 | INFO     | __main__:_loop:1067 -  1339/2337
2026-09-29 19:51:23.816 | INFO     | __main__:_loop:1067 -  1341/2337
2026-09-29 19:51:28.837 | INFO     | __main__:_loop:1067 -  1342/2337
2026-09-29 19:51:33.854 | INFO     | __main__:_loop:1067 -  1344/2337
2026-09-29 19:51:38.874 | INFO     | __main__:_loop:1067 -  1345/2337
2026-09-29 19:51:43.892 | INFO     | __main__:_loop:1067 -  1347/2337
2026-09-29 19:51:48.913 | INFO     | __main__:_loop:1067 -  1348/2337
2026-09-29 19:51:53.933 | INFO     | __main__:_loop:1067 -  1350/2337
2026-09-29 19:51:58.948 | INFO     | __main__:_loop:1067 -  1352/2337
2026-09-29 19:52:03.974 | INFO     | __main__:_loop:1067 -  1354/2337
2026-09-29 19:52:09.005 | INFO     | __main__:_loop:1067 -  1356/2337
2026-09-29 19:52:14.032 | INFO     | __main__:_loop:1067 -  1358/2337
2026-09-29 19:52:19.057 | INFO     | __main__:_loop:1067 -  1360/2337
2026-09-29 19:52:24.078 | INFO     | __main__:_loop:1067 -  1362/2337
2026-09-29 19:52:29.098 | INFO     | __main__:_loop:1067 -  1364/2337
2026-09-29 19:52:34.132 | INFO     | __main__:_loop:1067 -  1365/2337
2026-09-29 19:52:39.156 | INFO     | __main__:_loop:1067 -  1367/2337
2026-09-29 19:52:44.173 | INFO     | __main__:_loop:1067 -  1369/2337
2026-09-29 19:52:49.205 | INFO     | __main__:_loop:1067 -  1371/2337
2026-09-29 19:52:54.230 | INFO     | __main__:_loop:1067 -  1373/2337
2026-09-29 19:52:59.255 | INFO     | __main__:_loop:1067 -  1374/2337
2026-09-29 19:53:19.311 | INFO     | __main__:_loop:1067 -  1375/2337
2026-09-29 19:53:24.339 | INFO     | __main__:_loop:1067 -  1376/2337
2026-09-29 19:53:29.365 | INFO     | __main__:_loop:1067 -  1377/2337
2026-09-29 19:53:34.385 | INFO     | __main__:_loop:1067 -  1379/2337
2026-09-29 19:53:39.409 | INFO     | __main__:_loop:1067 -  1380/2337
2026-09-29 19:53:44.440 | INFO     | __main__:_loop:1067 -  1381/2337
2026-09-29 19:53:49.460 | INFO     | __main__:_loop:1067 -  1382/2337
2026-09-29 19:53:54.489 | INFO     | __main__:_loop:1067 -  1383/2337
2026-09-29 19:53:59.510 | INFO     | __main__:_loop:1067 -  1384/2337
2026-09-29 19:54:04.529 | INFO     | __main__:_loop:1067 -  1385/2337
2026-09-29 19:54:09.551 | INFO     | __main__:_loop:1067 -  1386/2337
2026-09-29 19:54:14.576 | INFO     | __main__:_loop:1067 -  1387/2337
2026-09-29 19:54:19.597 | INFO     | __main__:_loop:1067 -  1388/2337
2026-09-29 19:54:24.621 | INFO     | __main__:_loop:1067 -  1389/2337
2026-09-29 19:54:29.647 | INFO     | __main__:_loop:1067 -  1391/2337
2026-09-29 19:54:34.678 | INFO     | __main__:_loop:1067 -  1393/2337
2026-09-29 19:54:39.703 | INFO     | __main__:_loop:1067 -  1395/2337
2026-09-29 19:54:44.722 | INFO     | __main__:_loop:1067 -  1397/2337
2026-09-29 19:54:49.752 | INFO     | __main__:_loop:1067 -  1399/2337
2026-09-29 19:54:54.768 | INFO     | __main__:_loop:1067 -  1401/2337
2026-09-29 19:54:59.781 | INFO     | __main__:_loop:1067 -  1403/2337
2026-09-29 19:55:04.799 | INFO     | __main__:_loop:1067 -  1405/2337
2026-09-29 19:55:09.820 | INFO     | __main__:_loop:1067 -  1407/2337
2026-09-29 19:55:14.838 | INFO     | __main__:_loop:1067 -  1409/2337
2026-09-29 19:55:19.864 | INFO     | __main__:_loop:1067 -  1411/2337
2026-09-29 19:55:24.889 | INFO     | __main__:_loop:1067 -  1413/2337
2026-09-29 19:55:29.915 | INFO     | __main__:_loop:1067 -  1415/2337
2026-09-29 19:55:34.939 | INFO     | __main__:_loop:1067 -  1417/2337
2026-09-29 19:55:39.958 | INFO     | __main__:_loop:1067 -  1418/2337
2026-09-29 19:55:44.983 | INFO     | __main__:_loop:1067 -  1421/2337
2026-09-29 19:55:50.014 | INFO     | __main__:_loop:1067 -  1423/2337
2026-09-29 19:55:55.043 | INFO     | __main__:_loop:1067 -  1424/2337
2026-09-29 19:56:00.059 | INFO     | __main__:_loop:1067 -  1426/2337
2026-09-29 19:56:05.085 | INFO     | __main__:_loop:1067 -  1428/2337
2026-09-29 19:56:10.111 | INFO     | __main__:_loop:1067 -  1430/2337
2026-09-29 19:56:15.131 | INFO     | __main__:_loop:1067 -  1432/2337
2026-09-29 19:56:20.148 | INFO     | __main__:_loop:1067 -  1434/2337
2026-09-29 19:56:25.174 | INFO     | __main__:_loop:1067 -  1436/2337
2026-09-29 19:56:30.192 | INFO     | __main__:_loop:1067 -  1438/2337
2026-09-29 19:56:35.210 | INFO     | __main__:_loop:1067 -  1439/2337
2026-09-29 19:56:40.223 | INFO     | __main__:_loop:1067 -  1441/2337
2026-09-29 19:56:45.246 | INFO     | __main__:_loop:1067 -  1443/2337
2026-09-29 19:56:50.269 | INFO     | __main__:_loop:1067 -  1445/2337
2026-09-29 19:56:55.294 | INFO     | __main__:_loop:1067 -  1447/2337
2026-09-29 19:57:00.311 | INFO     | __main__:_loop:1067 -  1449/2337
2026-09-29 19:57:05.342 | INFO     | __main__:_loop:1067 -  1451/2337
2026-09-29 19:57:10.358 | INFO     | __main__:_loop:1067 -  1452/2337
2026-09-29 19:57:15.375 | INFO     | __main__:_loop:1067 -  1454/2337
2026-09-29 19:57:20.401 | INFO     | __main__:_loop:1067 -  1456/2337
2026-09-29 19:57:25.425 | INFO     | __main__:_loop:1067 -  1457/2337
2026-09-29 19:57:30.450 | INFO     | __main__:_loop:1067 -  1459/2337
2026-09-29 19:57:35.476 | INFO     | __main__:_loop:1067 -  1461/2337
2026-09-29 19:57:40.494 | INFO     | __main__:_loop:1067 -  1463/2337
2026-09-29 19:57:45.520 | INFO     | __main__:_loop:1067 -  1464/2337
2026-09-29 19:57:50.539 | INFO     | __main__:_loop:1067 -  1466/2337
2026-09-29 19:57:55.570 | INFO     | __main__:_loop:1067 -  1468/2337
2026-09-29 19:58:00.596 | INFO     | __main__:_loop:1067 -  1470/2337
2026-09-29 19:58:05.618 | INFO     | __main__:_loop:1067 -  1472/2337
2026-09-29 19:58:10.636 | INFO     | __main__:_loop:1067 -  1473/2337
2026-09-29 19:58:15.663 | INFO     | __main__:_loop:1067 -  1475/2337
2026-09-29 19:58:20.691 | INFO     | __main__:_loop:1067 -  1476/2337
2026-09-29 19:58:25.716 | INFO     | __main__:_loop:1067 -  1478/2337
2026-09-29 19:58:30.743 | INFO     | __main__:_loop:1067 -  1479/2337
2026-09-29 19:58:35.768 | INFO     | __main__:_loop:1067 -  1481/2337
2026-09-29 19:58:40.791 | INFO     | __main__:_loop:1067 -  1482/2337
2026-09-29 19:58:45.818 | INFO     | __main__:_loop:1067 -  1484/2337
2026-09-29 19:58:50.843 | INFO     | __main__:_loop:1067 -  1486/2337
2026-09-29 19:58:55.860 | INFO     | __main__:_loop:1067 -  1488/2337
2026-09-29 19:59:00.884 | INFO     | __main__:_loop:1067 -  1489/2337
2026-09-29 19:59:05.909 | INFO     | __main__:_loop:1067 -  1491/2337
2026-09-29 19:59:10.935 | INFO     | __main__:_loop:1067 -  1493/2337
2026-09-29 19:59:15.961 | INFO     | __main__:_loop:1067 -  1494/2337
2026-09-29 19:59:20.993 | INFO     | __main__:_loop:1067 -  1496/2337
2026-09-29 19:59:26.018 | INFO     | __main__:_loop:1067 -  1498/2337
2026-09-29 19:59:31.039 | INFO     | __main__:_loop:1067 -  1500/2337
2026-09-29 19:59:36.064 | INFO     | __main__:_loop:1067 -  1501/2337
2026-09-29 19:59:41.091 | INFO     | __main__:_loop:1067 -  1504/2337
2026-09-29 19:59:46.109 | INFO     | __main__:_loop:1067 -  1505/2337
2026-09-29 19:59:51.134 | INFO     | __main__:_loop:1067 -  1507/2337
2026-09-29 19:59:56.158 | INFO     | __main__:_loop:1067 -  1509/2337
2026-09-29 20:00:01.186 | INFO     | __main__:_loop:1067 -  1510/2337
2026-09-29 20:00:06.208 | INFO     | __main__:_loop:1067 -  1512/2337
2026-09-29 20:00:11.233 | INFO     | __main__:_loop:1067 -  1514/2337
2026-09-29 20:00:16.258 | INFO     | __main__:_loop:1067 -  1515/2337
2026-09-29 20:00:21.283 | INFO     | __main__:_loop:1067 -  1517/2337
2026-09-29 20:00:26.301 | INFO     | __main__:_loop:1067 -  1518/2337
2026-09-29 20:00:31.326 | INFO     | __main__:_loop:1067 -  1519/2337
2026-09-29 20:01:21.376 | WARNING  | __main__:_loop:1072 -  item 1520/2337 open 
for more than 30 s:
-- Word windows {name, subrole}: ,
-- Word window text: 
-- crash reporters: 
-- batch-pdf-2.log:
        274
        275
        276
        277
        278
        279
        280
        281
        282
        283
        284
        285
        286
        287
        288
        289
        290
        291
        292
        293
        294
        295
        296
        297
        298
        299
        300
        301
        302
        303
        304
        305
        306
        307
        308
        309
        310
        311
        312
        313
        314
        315
        316
        317
        318
        319
        320
        321
        322
        323
        324
        325
        326
        327
        328
        329
        330
        331
        332
        333
        334
        335
        336
        337
        338
        339
        340
        341
        342
        343
        344
        345
        346
        347
        348
        349
        350
        351
        352
        353
        354
        355
        356
        357
        358
        359
        360
        361
        362
        363
        364
        365
        366
        367
        368
        369
        370
        371
        372
        373
        374
        375
        376
        377
        378
        379
        380
        381
        382
        383
        384
        385
        386
        387
        388
        389
        390
        391
        392
        393
        394
        395
        396
        397
        398
        399
        400
        401
        402
        403
        404
        405
        406
        407
        408
        409
        410
        411
        412
        413
        414
        415
        416
        417
        418
        419
        420
        421
        422
        423
        424
        425
        426
        427
        428
        429
        430
        431
        432
        433
        434
        435
        436
        437
        438
        439
        440
        441
        442
        443
        444
        445
        446
        447
        448
        449
        450
        451
        452
        453
        454
        455
        456
        457
        458
        459
        460
        461
        462
        463
        464
        465
        466
        467
        468
        469
        470
        471
        472
        473
        474
        475
        476
        477
        478
        479
        480
        481
        482
        483
        484
        485
        486
        487
        488
        489
        490
        491
        492
        493
        494
        495
        496
        497
        498
        499
        500
        501
        502
        503
        504
        505
        506
        507
        508
        509
        510
        511
        512
        513
        514
        515
        516
        517
        518
        519
        520
        521
        522
        523
        524
        525
        526
        527
        528
        529
        530
        531
        532
        533
        534
        535
        536
        537
        538
        539
        540
        541
        542
        543
        544
        545
        546
        547
        548
        549
        550
        551
        552
        553
        554
        555
        556
        557
        558
        559
        560
        561
        562
        563
        564
        565
        566
        567
        568
        569
        570
        571
        572
        573
        574
        575
        576
        577
        578
        579
        580
        581
        582
        583
        584
        585
        586
        587
        588
        589
        590
        591
        592
        593
        594
        595
        596
        597
        598
        599
        600
        601
        602
        603
        604
        605
        606
        607
        608
        609
        610
        611
        612
        613
        614
        615
        616
        617
        618
        619
        620
        621
        622
        623
        624
        625
        626
        627
        628
        629
        630
        631
        632
        633
        634
        635
        636
        637
        638
        639
        640
        641
        642
        643
        644
        645
        646
        647
        648
        649
        650
        651
        652
        653
        654
        655
        656
        657
        658
        659
        660
        661
        662
        663
        664
        665
        666
        667
        668
        669
        670
        671
        672
        673
        674
        675
        676
        677
        678
        679
        680
        681
        682
        683
        684
        685
        686
        687
        688
        689
        690
        691
        692
        693
        694
        695
        696
        697
        698
        699
        700
        701
        702
        703
        704
        705
        706
        707
        708
        709
        710
        711
        712
        713
        714
        715
        716
        717
        718
        719
        720
        721
        722
        723
        724
        725
        726
        727
        728
        729
        730
        731
        732
        733
        734
        735
        736
        737
        738
        739
        740
        741
        742
        743
        744
        745
        746
        747
        748
        749
        750
        751
        752
        753
        754
        755
        756
        757
        758
        759
        760
        761
        762
        763
        764
        765
        766
        767
        768
        769
        770
        771
        772
        773
        774
        775
        776
        777
        778
        779
        780
        781
        782
        783
        784
        785
        786
        787
        788
        789
        790
        791
        792
        793
        794
        795
        796
        797
        798
        799
        800
        801
        802
        803
        804
        805
        806
        807
        808
        809
        810
        811
        812
        813
        814
        815
        816
        817
        818
        819
        820
        821
        822
        823
        824
        825
        826
        827
        828
        829
        830
        831
        832
        833
        834
        835
        836
        837
        838
        839
        840
        841
        842
        843
        844
        845
        846
        847
        848
        849
        850
        851
        852
        853
        854
        855
        856
        857
        858
        859
        860
        861
        862
        863
        864
        865
        866
        867
        868
        869
        870
        871
        872
        873
        874
        875
        876
        877
        878
        879
        880
        881
        882
        883
        884
        885
        886
        887
        888
        889
        890
        891
        892
        893
        894
        895
        896
        897
        898
        899
        900
        901
        902
        903
        904
        905
        906
        907
        908
        909
        910
        911
        912
        913
        914
        915
        916
        917
        918
        919
        920
        921
        922
        923
        924
        925
        926
        927
        928
        929
        930
        931
        932
        933
        934
        935
        936
        937
        938
        939
        940
        941
        942
        943
        944
        945
        946
        947
        948
        949
        950
        951
        952
        953
        954
        955
        956
        957
        958
        959
        960
        961
        962
        963
        964
        965
        966
        967
        968
        969
        970
        971
        972
        973
        974
        975
        976
        977
        978
        979
        980
        981
        982
        983
        984
        985
        986
        987
        988
        989
        990
        991
        992
        993
        994
        995
        996
        997
        998
        999
        1000
        1001
        1002
        1003
        1004
        1005
        1006
        1007
        1008
        1009
        1010
        1011
        1012
        1013
        1014
        1015
        1016
        1017
        1018
        1019
        1020
        1021
        1022
        1023
        1024
        1025
        1026
        1027
        1028
        1029
        1030
        1031
        1032
        1033
        1034
        1035
        1036
        1037
        1038
        1039
        1040
        1041
        1042
        1043
        1044
        1045
        1046
        1047
        1048
        1049
        1050
        1051
        1052
        1053
        1054
        1055
        1056
        1057
        1058
        1059
        1060
        1061
        1062
        1063
        1064
        1065
        1066
        1067
        1068
        1069
        1070
        1071
        1072
        1073
        1074
        1075
        1076
        1077
        1078
        1079
        1080
        1081
        1082
        1083
        1084
        1085
        1086
        1087
        1088
        1089
        1090
        1091
        1092
        1093
        1094
        1095
        1096
        1097
        1098
        1099
        1100
        1101
        1102
        1103
        1104
        1105
        1106
        1107
        1108
        1109
        1110
        1111
        1112
        1113
        1114
        1115
        1116
        1117
        1118
        1119
        1120
        1121
        1122
        1123
        1124
        1125
        1126
        1127
        1128
        1129
        1130
        1131
        1132
        1133
        1134
        1135
        1136
        1137
        1138
        1139
        1140
        1141
        1142
        1143
        1144
        1145
        1146
        1147
        1148
        1149
        1150
        1151
        1152
        1153
        1154
        1155
        1156
        1157
        1158
        1159
        1160
        1161
        1162
        1163
        1164
        1165
        1166
        1167
        1168
        1169
        1170
        1171
        1172
        1173
        1174
        1175
        1176
        1177
        1178
        1179
        1180
        1181
        1182
        1183
        1184
        1185
        1186
        1187
        1188
        1189
        1190
        1191
        1192
        1193
        1194
        1195
        1196
        1197
        1198
        1199
        1200
        1201
        1202
        1203
        1204
        1205
        1206
        1207
        1208
        1209
        1210
        1211
        1212
        1213
        1214
        1215
        1216
        1217
        1218
        1219
        1220
        1221
        1222
        1223
        1224
        1225
        1226
        1227
        1228
        1229
        1230
        1231
        1232
        1233
        1234
        1235
        1236
        1237
        1238
        1239
        1240
        1241
        1242
        1243
        1244
        1245
        1246
        1247
        1248
        1249
        1250
        1251
        1252
        1253
        1254
        1255
        1256
        1257
        1258
        1259
        1260
        1261
        1262
        1263
        1264
        1265
        1266
        1267
        1268
        1269
        1270
        1271
        1272
        1273
        1274
        1275
        1276
        1277
        1278
        1279
        1280
        1281
        1282
        1283
        1284
        1285
        1286
        1287
        1288    Microsoft Word got an error: document 
"01288__7e4c9416aa_00803e70c3646e42abab322238df606c847686168795a703__vs__1424386
e9b_017447de83753a0e3b7afc659df038ef56972925336c6a5b_redline_c8545d372b_jubarte-
rust.docx" doesn’t understand the “save as” message.
        1289
        1290
        1291
        1292
        1293
        1294
        1295
        1296
        1297
        1298
        1299
        1300
        1301
        1302
        1303
        1304
        1305
        1306
        1307
        1308
        1309
        1310
        1311
        1312
        1313
        1314
        1315
        1316
        1317
        1318
        1319
        1320
        1321
        1322
        1323
        1324
        1325
        1326
        1327
        1328
        1329
        1330
        1331
        1332
        1333
        1334
        1335
        1336
        1337
        1338
        1339
        1340
        1341
        1342
        1343
        1344
        1345
        1346
        1347
        1348
        1349
        1350
        1351
        1352
        1353
        1354
        1355
        1356
        1357
        1358
        1359
        1360
        1361
        1362
        1363
        1364
        1365
        1366
        1367
        1368
        1369
        1370
        1371
        1372
        1373
        1374
        1375
        1376
        1377
        1378
        1379
        1380
        1381
        1382
        1383
        1384
        1385
        1386
        1387
        1388
        1389
        1390
        1391
        1392
        1393
        1394
        1395
        1396
        1397
        1398
        1399
        1400
        1401
        1402
        1403
        1404
        1405
        1406
        1407
        1408
        1409
        1410
        1411
        1412
        1413
        1414
        1415
        1416
        1417
        1418
        1419
        1420
        1421
        1422
        1423
        1424
        1425
        1426
        1427
        1428
        1429
        1430
        1431
        1432
        1433
        1434
        1435
        1436
        1437
        1438
        1439
        1440
        1441
        1442
        1443
        1444
        1445
        1446
        1447
        1448
        1449
        1450
        1451
        1452
        1453
        1454
        1455
        1456
        1457
        1458
        1459
        1460
        1461
        1462
        1463
        1464
        1465
        1466
        1467
        1468
        1469
        1470
        1471
        1472
        1473
        1474
        1475
        1476
        1477
        1478
        1479
        1480
        1481
        1482
        1483
        1484
        1485
        1486
        1487
        1488
        1489
        1490
        1491
        1492
        1493
        1494
        1495
        1496
        1497
        1498
        1499
        1500
        1501
        1502
        1503
        1504
        1505
        1506
        1507
        1508
        1509
        1510
        1511
        1512
        1513
        1514
        1515
        1516
        1517
        1518
        1519
        1520
        1521
        1522
        1523
        1524
        1525
        1526
        1527
        1528
        1529
        1530
        1531
        1532
        1533
        1534
        1535
        1536
        1537
        1538
        1539
        1540
        1541
        1542
        1543
        1544
        1545
        1546
        1547
        1548
        1549
        1550
        1551
        1552
        1553
        1554
        1555
        1556
        1557
        1558
        1559
        1560
        1561
        1562
        1563
        1564
        1565
        1566
        1567
        1568
        1569
        1570
        1571
        1572
        1573
        1574
        1575
        1576
        1577
        1578
        1579
        1580
        1581
        1582
        1583
        1584
        1585
        1586
        1587
        1588
        1589
        1590
        1591
        1592
        1593
        1594
        1595
        1596
        1597
        1598
        1599
        1600
        1601
        1602
        1603
        1604
        1605
        1606
        1607
        1608
        1609
        1610
        1611
        1612
        1613
        1614
        1615
        1616
        1617
        1618
        1619
        1620
        1621
        1622
        1623
        1624
        1625
        1626
        1627
        1628
        1629
        1630
        1631
        1632
        1633
        1634
        1635
        1636
        1637
        1638
        1639
        1640
        1641
        1642
        1643
        1644
        1645
        1646
        1647
        1648
        1649
        1650
        1651
        1652
        1653
        1654
        1655
        1656
        1657
        1658
        1659
        1660
        1661
        1662
        1663
        1664
        1665
        1666
        1667
        1668
        1669
        1670
        1671
        1672
        1673
        1674
        1675
        1676
        1677
        1678
        1679
        1680
        1681
        1682
        1683
        1684
        1685
        1686
        1687
        1688
        1689
        1690
        1691
        1692
        1693
        1694
        1695
        1696
        1697
        1698
        1699
        1700
        1701
        1702
        1703
        1704
        1705
        1706
        1707
        1708
        1709
        1710
        1711
        1712
        1713
        1714
        1715
        1716
        1717
        1718
        1719
        1720
        1721
        1722
        1723
        1724
        1725
        1726
        1727
        1728
        1729
        1730
        1731
        1732
        1733
        1734
        1735
        1736
        1737
        1738
        1739
        1740
        1741
        1742
        1743
        1744
        1745
        1746
        1747
        1748
        1749
        1750
        1751
        1752
        1753
        1754
        1755
        1756
        1757
        1758
        1759
        1760
        1761
        1762
        1763
        1764
        1765
        1766
        1767
        1768
        1769
        1770
        1771
        1772
        1773
        1774
        1775
        1776
        1777
        1778
        1779
        1780
        1781
        1782
        1783
        1784
        1785
        1786
        1787
        1788
        1789
        1790
        1791
        1792
-- newest diagnostic reports: biome-2026-09-29-094107.ips, 
soffice-2026-09-28-104720.ips, soffice-2026-09-28-105517.ips, 
soffice-2026-09-28-105123.000.ips, soffice-2026-09-28-105123.ips
2026-09-29 20:01:45.297 | WARNING  | __main__:run_batch_with_resume:1206 -  818 
item(s) never reached (Word crashed on or could not load an item); recycling 
Word and retrying the rest first, retried items last (pass 3, 1 of 3 stalled 
passes used)
2026-09-29 20:01:45.297 | WARNING  | __main__♻725 -  restarting a Word this run 
did not launch. If you set "Optimize for: Best for printing" by hand, re-check 
it before trusting the PDFs rendered after this point.
2026-09-29 20:01:45.298 | WARNING  | __main__♻731 -  recycling (restart 2)
2026-09-29 20:01:53.478 | INFO     | __main__:_loop:1067 -  6/818
2026-09-29 20:01:58.500 | INFO     | __main__:_loop:1067 -  12/818
2026-09-29 20:02:03.519 | INFO     | __main__:_loop:1067 -  19/818
2026-09-29 20:02:08.545 | INFO     | __main__:_loop:1067 -  25/818
2026-09-29 20:02:13.575 | INFO     | __main__:_loop:1067 -  29/818
2026-09-29 20:02:33.597 | INFO     | __main__:_loop:1067 -  32/818
2026-09-29 20:02:38.617 | INFO     | __main__:_loop:1067 -  37/818
2026-09-29 20:02:43.639 | INFO     | __main__:_loop:1067 -  42/818
2026-09-29 20:02:48.662 | INFO     | __main__:_loop:1067 -  50/818
2026-09-29 20:02:53.680 | INFO     | __main__:_loop:1067 -  55/818
2026-09-29 20:02:58.696 | INFO     | __main__:_loop:1067 -  61/818
2026-09-29 20:03:03.719 | INFO     | __main__:_loop:1067 -  67/818
2026-09-29 20:03:08.744 | INFO     | __main__:_loop:1067 -  72/818
2026-09-29 20:03:13.774 | INFO     | __main__:_loop:1067 -  78/818
2026-09-29 20:03:18.801 | INFO     | __main__:_loop:1067 -  86/818
2026-09-29 20:03:23.824 | INFO     | __main__:_loop:1067 -  90/818
2026-09-29 20:03:28.846 | INFO     | __main__:_loop:1067 -  96/818
2026-09-29 20:03:33.868 | INFO     | __main__:_loop:1067 -  100/818
2026-09-29 20:03:38.891 | INFO     | __main__:_loop:1067 -  103/818
2026-09-29 20:03:43.916 | INFO     | __main__:_loop:1067 -  105/818
2026-09-29 20:03:48.932 | INFO     | __main__:_loop:1067 -  109/818
2026-09-29 20:03:53.950 | INFO     | __main__:_loop:1067 -  115/818
2026-09-29 20:03:58.964 | INFO     | __main__:_loop:1067 -  120/818
2026-09-29 20:04:03.984 | INFO     | __main__:_loop:1067 -  126/818
2026-09-29 20:04:09.001 | INFO     | __main__:_loop:1067 -  130/818
2026-09-29 20:04:14.020 | INFO     | __main__:_loop:1067 -  136/818
2026-09-29 20:04:19.044 | INFO     | __main__:_loop:1067 -  143/818
2026-09-29 20:04:24.062 | INFO     | __main__:_loop:1067 -  148/818
2026-09-29 20:04:29.083 | INFO     | __main__:_loop:1067 -  154/818
2026-09-29 20:04:34.107 | INFO     | __main__:_loop:1067 -  160/818
2026-09-29 20:04:39.127 | INFO     | __main__:_loop:1067 -  165/818
2026-09-29 20:04:44.147 | INFO     | __main__:_loop:1067 -  169/818
2026-09-29 20:04:49.164 | INFO     | __main__:_loop:1067 -  175/818
2026-09-29 20:04:54.184 | INFO     | __main__:_loop:1067 -  181/818
2026-09-29 20:04:59.209 | INFO     | __main__:_loop:1067 -  186/818
2026-09-29 20:05:04.233 | INFO     | __main__:_loop:1067 -  191/818
2026-09-29 20:05:09.259 | INFO     | __main__:_loop:1067 -  197/818
2026-09-29 20:05:14.283 | INFO     | __main__:_loop:1067 -  202/818
2026-09-29 20:05:19.304 | INFO     | __main__:_loop:1067 -  205/818
2026-09-29 20:05:24.315 | INFO     | __main__:_loop:1067 -  209/818
2026-09-29 20:05:29.341 | INFO     | __main__:_loop:1067 -  211/818
2026-09-29 20:05:34.363 | INFO     | __main__:_loop:1067 -  213/818
2026-09-29 20:05:39.382 | INFO     | __main__:_loop:1067 -  215/818
2026-09-29 20:05:44.405 | INFO     | __main__:_loop:1067 -  217/818
2026-09-29 20:05:49.429 | INFO     | __main__:_loop:1067 -  220/818
2026-09-29 20:05:54.458 | INFO     | __main__:_loop:1067 -  226/818
2026-09-29 20:05:59.478 | INFO     | __main__:_loop:1067 -  231/818
2026-09-29 20:06:04.498 | INFO     | __main__:_loop:1067 -  236/818
2026-09-29 20:06:09.521 | INFO     | __main__:_loop:1067 -  240/818
2026-09-29 20:06:14.546 | INFO     | __main__:_loop:1067 -  245/818
2026-09-29 20:06:19.572 | INFO     | __main__:_loop:1067 -  251/818
2026-09-29 20:06:24.592 | INFO     | __main__:_loop:1067 -  257/818
2026-09-29 20:06:29.613 | INFO     | __main__:_loop:1067 -  261/818
2026-09-29 20:06:34.637 | INFO     | __main__:_loop:1067 -  264/818
2026-09-29 20:06:39.660 | INFO     | __main__:_loop:1067 -  270/818
2026-09-29 20:06:44.691 | INFO     | __main__:_loop:1067 -  275/818
2026-09-29 20:06:49.715 | INFO     | __main__:_loop:1067 -  280/818
2026-09-29 20:06:54.740 | INFO     | __main__:_loop:1067 -  285/818
2026-09-29 20:06:59.766 | INFO     | __main__:_loop:1067 -  291/818
2026-09-29 20:07:04.785 | INFO     | __main__:_loop:1067 -  296/818
2026-09-29 20:07:09.815 | INFO     | __main__:_loop:1067 -  302/818
2026-09-29 20:07:14.840 | INFO     | __main__:_loop:1067 -  308/818
2026-09-29 20:07:19.865 | INFO     | __main__:_loop:1067 -  313/818
2026-09-29 20:07:24.891 | INFO     | __main__:_loop:1067 -  319/818
2026-09-29 20:07:29.913 | INFO     | __main__:_loop:1067 -  324/818
2026-09-29 20:07:34.945 | INFO     | __main__:_loop:1067 -  330/818
2026-09-29 20:07:39.968 | INFO     | __main__:_loop:1067 -  336/818
2026-09-29 20:07:44.993 | INFO     | __main__:_loop:1067 -  340/818
2026-09-29 20:07:50.014 | INFO     | __main__:_loop:1067 -  345/818
2026-09-29 20:07:55.039 | INFO     | __main__:_loop:1067 -  350/818
2026-09-29 20:08:00.068 | INFO     | __main__:_loop:1067 -  353/818
2026-09-29 20:08:05.091 | INFO     | __main__:_loop:1067 -  355/818
2026-09-29 20:08:10.112 | INFO     | __main__:_loop:1067 -  356/818
2026-09-29 20:08:15.137 | INFO     | __main__:_loop:1067 -  358/818
2026-09-29 20:08:20.157 | INFO     | __main__:_loop:1067 -  360/818
2026-09-29 20:08:25.183 | INFO     | __main__:_loop:1067 -  363/818
2026-09-29 20:08:30.208 | INFO     | __main__:_loop:1067 -  368/818
2026-09-29 20:08:35.239 | INFO     | __main__:_loop:1067 -  373/818
2026-09-29 20:08:40.261 | INFO     | __main__:_loop:1067 -  379/818
2026-09-29 20:08:45.278 | INFO     | __main__:_loop:1067 -  381/818
2026-09-29 20:09:34.756 | WARNING  | __main__:_loop:1072 -  item 382/818 open 
for more than 30 s:
-- Word windows {name, subrole}: ,
-- Word window text: 
-- crash reporters: 
-- batch-pdf-3.log:
        1794
        1795
        1796
        1797
        1798
        1799
        1800
        1801
        1802
        1803
        1804
        1805
        1806
        1807
        1808
        1809
        1810
        1811
        1812
        1813
        1814
        1815
        1816
        1817
        1818
        1819
        1820
        1821
        1822
        1823
        1824
        1825
        1826
        1827
        1828
        1829
        1830
        1831
        1832
        1833
        1834
        1835
        1836
        1837
        1838
        1839
        1840
        1841
        1842
        1843
        1844
        1845
        1846
        1847
        1848
        1849
        1850
        1851
        1852
        1853
        1854
        1855
        1856
        1857
        1858
        1859
        1860
        1861
        1862
        1863
        1864
        1865
        1866
        1867
        1868
        1869
        1870
        1871
        1872
        1873
        1874
        1875
        1876
        1877
        1878
        1879
        1880
        1881
        1882
        1883
        1884
        1885
        1886
        1887
        1888
        1889
        1890
        1891
        1892
        1893
        1894
        1895
        1896
        1897
        1898
        1899
        1900
        1901
        1902
        1903
        1904
        1905
        1906
        1907
        1908
        1909
        1910
        1911
        1912
        1913
        1914
        1915
        1916
        1917
        1918
        1919
        1920
        1921
        1922
        1923
        1924
        1925
        1926
        1927
        1928
        1929
        1930
        1931
        1932
        1933
        1934
        1935
        1936
        1937
        1938
        1939
        1940
        1941
        1942
        1943
        1944
        1945
        1946
        1947
        1948
        1949
        1950
        1951
        1952
        1953
        1954
        1955
        1956
        1957
        1958
        1959
        1960
        1961
        1962
        1963
        1964
        1965
        1966
        1967
        1968
        1969
        1970
        1971
        1972
        1973
        1974
        1975
        1976
        1977
        1978
        1979
        1980
        1981
        1982
        1983
        1984
        1985
        1986
        1987
        1988
        1989
        1990
        1991
        1992
        1993
        1994
        1995
        1996
        1997
        1998
        1999
        2000
        2001
        2002
        2003
        2004
        2005
        2006
        2007
        2008
        2009
        2010
        2011
        2012
        2013
        2014
        2015
        2016
        2017
        2018
        2019
        2020
        2021
        2022
        2023
        2024
        2025
        2026
        2027
        2028
        2029
        2030
        2031
        2032
        2033
        2034
        2035
        2036
        2037
        2038
        2039
        2040
        2041
        2042
        2043
        2044
        2045
        2046
        2047
        2048
        2049
        2050
        2051
        2052
        2053
        2054
        2055
        2056
        2057
        2058
        2059
        2060
        2061
        2062
        2063
        2064
        2065
        2066
        2067
        2068
        2069
        2070
        2071
        2072
        2073
        2074
        2075
        2076
        2077
        2078
        2079
        2080
        2081
        2082
        2083
        2084
        2085
        2086
        2087
        2088
        2089
        2090
        2091
        2092
        2093
        2094
        2095
        2096
        2097
        2098
        2099
        2100
        2101
        2102
        2103
        2104
        2105
        2106
        2107
        2108
        2109
        2110
        2111
        2112
        2113
        2114
        2115
        2116
        2117
        2118
        2119
        2120
        2121
        2122
        2123
        2124
        2125
        2126
        2127
        2128
        2129
        2130
        2131
        2132
        2133
        2134
        2135
        2136
        2137
        2138
        2139
        2140
        2141
        2142
        2143
        2144
        2145
        2146
        2147
        2148
        2149
        2150
        2151
        2152
        2153
        2154
        2155
        2156
        2157
        2158
        2159
        2160
        2161
        2162
        2163
        2164
        2165
        2166
        2167
        2168
        2169
        2170
        2171
        2172
        2173
        2174
-- newest diagnostic reports: biome-2026-09-29-094107.ips, 
soffice-2026-09-28-104720.ips, soffice-2026-09-28-105517.ips, 
soffice-2026-09-28-105123.000.ips, soffice-2026-09-28-105123.ips
2026-09-29 20:10:15.193 | INFO     | __main__:_loop:1067 -  382/818
2026-09-29 20:10:20.219 | INFO     | __main__:_loop:1067 -  386/818
2026-09-29 20:10:25.245 | INFO     | __main__:_loop:1067 -  391/818
2026-09-29 20:10:30.271 | INFO     | __main__:_loop:1067 -  395/818
2026-09-29 20:10:35.296 | INFO     | __main__:_loop:1067 -  400/818
2026-09-29 20:10:40.321 | INFO     | __main__:_loop:1067 -  406/818
2026-09-29 20:10:45.344 | INFO     | __main__:_loop:1067 -  411/818
2026-09-29 20:10:50.374 | INFO     | __main__:_loop:1067 -  416/818
2026-09-29 20:10:55.399 | INFO     | __main__:_loop:1067 -  421/818
2026-09-29 20:11:00.416 | INFO     | __main__:_loop:1067 -  426/818
2026-09-29 20:11:05.441 | INFO     | __main__:_loop:1067 -  430/818
2026-09-29 20:11:10.464 | INFO     | __main__:_loop:1067 -  434/818
2026-09-29 20:11:15.488 | INFO     | __main__:_loop:1067 -  439/818
2026-09-29 20:11:20.519 | INFO     | __main__:_loop:1067 -  443/818
2026-09-29 20:11:25.543 | INFO     | __main__:_loop:1067 -  448/818
2026-09-29 20:11:30.569 | INFO     | __main__:_loop:1067 -  452/818
2026-09-29 20:11:35.594 | INFO     | __main__:_loop:1067 -  457/818
2026-09-29 20:11:40.620 | INFO     | __main__:_loop:1067 -  460/818
2026-09-29 20:11:50.645 | INFO     | __main__:_loop:1067 -  463/818
2026-09-29 20:11:55.674 | INFO     | __main__:_loop:1067 -  468/818
2026-09-29 20:12:00.699 | INFO     | __main__:_loop:1067 -  473/818
2026-09-29 20:12:05.715 | INFO     | __main__:_loop:1067 -  478/818
2026-09-29 20:12:10.741 | INFO     | __main__:_loop:1067 -  482/818
2026-09-29 20:12:15.768 | INFO     | __main__:_loop:1067 -  487/818
2026-09-29 20:12:20.800 | INFO     | __main__:_loop:1067 -  492/818
2026-09-29 20:12:25.826 | INFO     | __main__:_loop:1067 -  496/818
2026-09-29 20:12:30.848 | INFO     | __main__:_loop:1067 -  499/818
2026-09-29 20:12:35.872 | INFO     | __main__:_loop:1067 -  503/818
2026-09-29 20:12:40.894 | INFO     | __main__:_loop:1067 -  507/818
2026-09-29 20:12:45.940 | INFO     | __main__:_loop:1067 -  510/818
2026-09-29 20:12:50.970 | INFO     | __main__:_loop:1067 -  514/818
2026-09-29 20:12:55.996 | INFO     | __main__:_loop:1067 -  517/818
2026-09-29 20:13:01.021 | INFO     | __main__:_loop:1067 -  521/818
2026-09-29 20:13:06.040 | INFO     | __main__:_loop:1067 -  525/818
2026-09-29 20:13:11.066 | INFO     | __main__:_loop:1067 -  530/818
2026-09-29 20:13:16.091 | INFO     | __main__:_loop:1067 -  534/818
2026-09-29 20:13:21.122 | INFO     | __main__:_loop:1067 -  539/818
2026-09-29 20:13:26.147 | INFO     | __main__:_loop:1067 -  541/818
2026-09-29 20:14:17.394 | WARNING  | __main__:_loop:1072 -  item 542/818 open 
for more than 30 s:
-- Word windows {name, subrole}: ,
-- Word window text: 
-- crash reporters: 
-- batch-pdf-3.log:
        1794
        1795
        1796
        1797
        1798
        1799
        1800
        1801
        1802
        1803
        1804
        1805
        1806
        1807
        1808
        1809
        1810
        1811
        1812
        1813
        1814
        1815
        1816
        1817
        1818
        1819
        1820
        1821
        1822
        1823
        1824
        1825
        1826
        1827
        1828
        1829
        1830
        1831
        1832
        1833
        1834
        1835
        1836
        1837
        1838
        1839
        1840
        1841
        1842
        1843
        1844
        1845
        1846
        1847
        1848
        1849
        1850
        1851
        1852
        1853
        1854
        1855
        1856
        1857
        1858
        1859
        1860
        1861
        1862
        1863
        1864
        1865
        1866
        1867
        1868
        1869
        1870
        1871
        1872
        1873
        1874
        1875
        1876
        1877
        1878
        1879
        1880
        1881
        1882
        1883
        1884
        1885
        1886
        1887
        1888
        1889
        1890
        1891
        1892
        1893
        1894
        1895
        1896
        1897
        1898
        1899
        1900
        1901
        1902
        1903
        1904
        1905
        1906
        1907
        1908
        1909
        1910
        1911
        1912
        1913
        1914
        1915
        1916
        1917
        1918
        1919
        1920
        1921
        1922
        1923
        1924
        1925
        1926
        1927
        1928
        1929
        1930
        1931
        1932
        1933
        1934
        1935
        1936
        1937
        1938
        1939
        1940
        1941
        1942
        1943
        1944
        1945
        1946
        1947
        1948
        1949
        1950
        1951
        1952
        1953
        1954
        1955
        1956
        1957
        1958
        1959
        1960
        1961
        1962
        1963
        1964
        1965
        1966
        1967
        1968
        1969
        1970
        1971
        1972
        1973
        1974
        1975
        1976
        1977
        1978
        1979
        1980
        1981
        1982
        1983
        1984
        1985
        1986
        1987
        1988
        1989
        1990
        1991
        1992
        1993
        1994
        1995
        1996
        1997
        1998
        1999
        2000
        2001
        2002
        2003
        2004
        2005
        2006
        2007
        2008
        2009
        2010
        2011
        2012
        2013
        2014
        2015
        2016
        2017
        2018
        2019
        2020
        2021
        2022
        2023
        2024
        2025
        2026
        2027
        2028
        2029
        2030
        2031
        2032
        2033
        2034
        2035
        2036
        2037
        2038
        2039
        2040
        2041
        2042
        2043
        2044
        2045
        2046
        2047
        2048
        2049
        2050
        2051
        2052
        2053
        2054
        2055
        2056
        2057
        2058
        2059
        2060
        2061
        2062
        2063
        2064
        2065
        2066
        2067
        2068
        2069
        2070
        2071
        2072
        2073
        2074
        2075
        2076
        2077
        2078
        2079
        2080
        2081
        2082
        2083
        2084
        2085
        2086
        2087
        2088
        2089
        2090
        2091
        2092
        2093
        2094
        2095
        2096
        2097
        2098
        2099
        2100
        2101
        2102
        2103
        2104
        2105
        2106
        2107
        2108
        2109
        2110
        2111
        2112
        2113
        2114
        2115
        2116
        2117
        2118
        2119
        2120
        2121
        2122
        2123
        2124
        2125
        2126
        2127
        2128
        2129
        2130
        2131
        2132
        2133
        2134
        2135
        2136
        2137
        2138
        2139
        2140
        2141
        2142
        2143
        2144
        2145
        2146
        2147
        2148
        2149
        2150
        2151
        2152
        2153
        2154
        2155
        2156
        2157
        2158
        2159
        2160
        2161
        2162
        2163
        2164
        2165
        2166
        2167
        2168
        2169
        2170
        2171
        2172
        2173
        2174
        2175
        2176
        2177
        2178
        2179
        2180
        2181
        2182
        2183
        2184
        2185
        2186
        2187
        2188
        2189
        2190
        2191
        2192
        2193
        2194
        2195
        2196
        2197
        2198
        2199
        2200
        2201
        2202
        2203
        2204
        2205
        2206
        2207
        2208
        2209
        2210
        2211
        2212
        2213
        2214
        2215
        2216
        2217
        2218
        2219
        2220
        2221
        2222
        2223
        2224
        2225
        2226
        2227
        2228
        2229
        2230
        2231
        2232
        2233
        2234
        2235
        2236
        2237
        2238
        2239
        2240
        2241
        2242
        2243
        2244
        2245
        2246
        2247
        2248
        2249
        2250
        2251
        2252
        2253
        2254
        2255
        2256
        2257
        2258
        2259
        2260
        2261
        2262
        2263
        2264
        2265
        2266
        2267
        2268
        2269
        2270
        2271
        2272
        2273
        2274
        2275
        2276
        2277
        2278
        2279
        2280
        2281
        2282
        2283
        2284
        2285
        2286
        2287
        2288
        2289
        2290
        2291
        2292
        2293
        2294
        2295
        2296
        2297
        2298
        2299
        2300
        2301
        2302
        2303
        2304
        2305
        2306
        2307
        2308
        2309
        2310
        2311
        2312
        2313
        2314
        2315
        2316
        2317
        2318
        2319
        2320
        2321
        2322
        2323
        2324
        2325
        2326
        2327
        2328
        2329
        2330
        2331
        2332
        2333
        2334
-- newest diagnostic reports: biome-2026-09-29-094107.ips, 
soffice-2026-09-28-104720.ips, soffice-2026-09-28-105517.ips, 
soffice-2026-09-28-105123.000.ips, soffice-2026-09-28-105123.ips
2026-09-29 20:14:28.142 | INFO     | __main__:_loop:1067 -  542/818
2026-09-29 20:14:33.166 | INFO     | __main__:_loop:1067 -  545/818
2026-09-29 20:14:38.184 | INFO     | __main__:_loop:1067 -  550/818
2026-09-29 20:14:43.202 | INFO     | __main__:_loop:1067 -  554/818
2026-09-29 20:14:48.222 | INFO     | __main__:_loop:1067 -  558/818
2026-09-29 20:14:53.241 | INFO     | __main__:_loop:1067 -  562/818
2026-09-29 20:14:58.261 | INFO     | __main__:_loop:1067 -  565/818
2026-09-29 20:15:03.281 | INFO     | __main__:_loop:1067 -  569/818
2026-09-29 20:15:08.300 | INFO     | __main__:_loop:1067 -  571/818
2026-09-29 20:15:18.324 | INFO     | __main__:_loop:1067 -  575/818
2026-09-29 20:15:23.341 | INFO     | __main__:_loop:1067 -  578/818
2026-09-29 20:15:28.360 | INFO     | __main__:_loop:1067 -  582/818
2026-09-29 20:15:33.384 | INFO     | __main__:_loop:1067 -  586/818
2026-09-29 20:15:38.416 | INFO     | __main__:_loop:1067 -  589/818
2026-09-29 20:15:43.440 | INFO     | __main__:_loop:1067 -  592/818
2026-09-29 20:15:48.459 | INFO     | __main__:_loop:1067 -  595/818
2026-09-29 20:15:53.472 | INFO     | __main__:_loop:1067 -  597/818
2026-09-29 20:15:58.492 | INFO     | __main__:_loop:1067 -  601/818
2026-09-29 20:16:03.512 | INFO     | __main__:_loop:1067 -  604/818
2026-09-29 20:16:08.535 | INFO     | __main__:_loop:1067 -  607/818
2026-09-29 20:16:13.554 | INFO     | __main__:_loop:1067 -  610/818
2026-09-29 20:16:18.573 | INFO     | __main__:_loop:1067 -  614/818
2026-09-29 20:16:23.593 | INFO     | __main__:_loop:1067 -  617/818
2026-09-29 20:16:28.611 | INFO     | __main__:_loop:1067 -  620/818
2026-09-29 20:16:33.626 | INFO     | __main__:_loop:1067 -  623/818
2026-09-29 20:16:38.653 | INFO     | __main__:_loop:1067 -  626/818
2026-09-29 20:16:43.672 | INFO     | __main__:_loop:1067 -  629/818
2026-09-29 20:16:48.697 | INFO     | __main__:_loop:1067 -  633/818
2026-09-29 20:16:53.722 | INFO     | __main__:_loop:1067 -  636/818
2026-09-29 20:16:58.743 | INFO     | __main__:_loop:1067 -  640/818
2026-09-29 20:17:03.765 | INFO     | __main__:_loop:1067 -  644/818
2026-09-29 20:17:08.797 | INFO     | __main__:_loop:1067 -  648/818
2026-09-29 20:17:13.815 | INFO     | __main__:_loop:1067 -  652/818
2026-09-29 20:17:18.832 | INFO     | __main__:_loop:1067 -  655/818
2026-09-29 20:17:23.856 | INFO     | __main__:_loop:1067 -  658/818
2026-09-29 20:17:28.883 | INFO     | __main__:_loop:1067 -  661/818
2026-09-29 20:17:33.905 | INFO     | __main__:_loop:1067 -  664/818
2026-09-29 20:17:38.937 | INFO     | __main__:_loop:1067 -  669/818
2026-09-29 20:17:43.962 | INFO     | __main__:_loop:1067 -  674/818
2026-09-29 20:17:48.979 | INFO     | __main__:_loop:1067 -  678/818
2026-09-29 20:17:54.004 | INFO     | __main__:_loop:1067 -  683/818
2026-09-29 20:17:59.029 | INFO     | __main__:_loop:1067 -  688/818
2026-09-29 20:18:04.048 | INFO     | __main__:_loop:1067 -  692/818
2026-09-29 20:18:09.077 | INFO     | __main__:_loop:1067 -  697/818
2026-09-29 20:18:14.102 | INFO     | __main__:_loop:1067 -  700/818
2026-09-29 20:18:19.115 | INFO     | __main__:_loop:1067 -  703/818
2026-09-29 20:18:24.138 | INFO     | __main__:_loop:1067 -  705/818
2026-09-29 20:18:29.163 | INFO     | __main__:_loop:1067 -  708/818
2026-09-29 20:18:34.186 | INFO     | __main__:_loop:1067 -  712/818
2026-09-29 20:18:39.211 | INFO     | __main__:_loop:1067 -  716/818
2026-09-29 20:18:44.243 | INFO     | __main__:_loop:1067 -  720/818
2026-09-29 20:18:49.260 | INFO     | __main__:_loop:1067 -  724/818
2026-09-29 20:18:54.278 | INFO     | __main__:_loop:1067 -  728/818
2026-09-29 20:18:59.294 | INFO     | __main__:_loop:1067 -  732/818
2026-09-29 20:19:04.308 | INFO     | __main__:_loop:1067 -  735/818
2026-09-29 20:19:09.325 | INFO     | __main__:_loop:1067 -  739/818
2026-09-29 20:19:14.346 | INFO     | __main__:_loop:1067 -  740/818
2026-09-29 20:19:24.372 | INFO     | __main__:_loop:1067 -  743/818
2026-09-29 20:19:29.396 | INFO     | __main__:_loop:1067 -  746/818
2026-09-29 20:19:34.424 | INFO     | __main__:_loop:1067 -  749/818
2026-09-29 20:19:39.450 | INFO     | __main__:_loop:1067 -  753/818
2026-09-29 20:19:44.470 | INFO     | __main__:_loop:1067 -  757/818
2026-09-29 20:19:49.489 | INFO     | __main__:_loop:1067 -  760/818
2026-09-29 20:19:54.506 | INFO     | __main__:_loop:1067 -  763/818
2026-09-29 20:19:59.528 | INFO     | __main__:_loop:1067 -  766/818
2026-09-29 20:20:04.547 | INFO     | __main__:_loop:1067 -  769/818
2026-09-29 20:20:09.567 | INFO     | __main__:_loop:1067 -  771/818
2026-09-29 20:20:14.586 | INFO     | __main__:_loop:1067 -  774/818
2026-09-29 20:20:19.605 | INFO     | __main__:_loop:1067 -  777/818
2026-09-29 20:20:24.624 | INFO     | __main__:_loop:1067 -  780/818
2026-09-29 20:20:29.643 | INFO     | __main__:_loop:1067 -  783/818
2026-09-29 20:20:34.667 | INFO     | __main__:_loop:1067 -  786/818
2026-09-29 20:20:39.683 | INFO     | __main__:_loop:1067 -  787/818
2026-09-29 20:20:44.708 | INFO     | __main__:_loop:1067 -  790/818
2026-09-29 20:20:49.733 | INFO     | __main__:_loop:1067 -  795/818
2026-09-29 20:20:54.758 | INFO     | __main__:_loop:1067 -  799/818
2026-09-29 20:20:59.778 | INFO     | __main__:_loop:1067 -  803/818
2026-09-29 20:21:04.808 | INFO     | __main__:_loop:1067 -  807/818
2026-09-29 20:21:09.832 | INFO     | __main__:_loop:1067 -  810/818
2026-09-29 20:21:14.856 | INFO     | __main__:_loop:1067 -  812/818
2026-09-29 20:21:19.882 | INFO     | __main__:_loop:1067 -  816/818
2026-09-29 20:21:24.908 | INFO     | __main__:_loop:1067 -  817/818
2026-09-29 20:22:14.183 | WARNING  | __main__:_loop:1072 -  item 818/818 open 
for more than 30 s:
-- Word windows {name, subrole}: osascript timed out
-- Word window text: 
-- crash reporters: 
-- batch-pdf-3.log:
        1794
        1795
        1796
        1797
        1798
        1799
        1800
        1801
        1802
        1803
        1804
        1805
        1806
        1807
        1808
        1809
        1810
        1811
        1812
        1813
        1814
        1815
        1816
        1817
        1818
        1819
        1820
        1821
        1822
        1823
        1824
        1825
        1826
        1827
        1828
        1829
        1830
        1831
        1832
        1833
        1834
        1835
        1836
        1837
        1838
        1839
        1840
        1841
        1842
        1843
        1844
        1845
        1846
        1847
        1848
        1849
        1850
        1851
        1852
        1853
        1854
        1855
        1856
        1857
        1858
        1859
        1860
        1861
        1862
        1863
        1864
        1865
        1866
        1867
        1868
        1869
        1870
        1871
        1872
        1873
        1874
        1875
        1876
        1877
        1878
        1879
        1880
        1881
        1882
        1883
        1884
        1885
        1886
        1887
        1888
        1889
        1890
        1891
        1892
        1893
        1894
        1895
        1896
        1897
        1898
        1899
        1900
        1901
        1902
        1903
        1904
        1905
        1906
        1907
        1908
        1909
        1910
        1911
        1912
        1913
        1914
        1915
        1916
        1917
        1918
        1919
        1920
        1921
        1922
        1923
        1924
        1925
        1926
        1927
        1928
        1929
        1930
        1931
        1932
        1933
        1934
        1935
        1936
        1937
        1938
        1939
        1940
        1941
        1942
        1943
        1944
        1945
        1946
        1947
        1948
        1949
        1950
        1951
        1952
        1953
        1954
        1955
        1956
        1957
        1958
        1959
        1960
        1961
        1962
        1963
        1964
        1965
        1966
        1967
        1968
        1969
        1970
        1971
        1972
        1973
        1974
        1975
        1976
        1977
        1978
        1979
        1980
        1981
        1982
        1983
        1984
        1985
        1986
        1987
        1988
        1989
        1990
        1991
        1992
        1993
        1994
        1995
        1996
        1997
        1998
        1999
        2000
        2001
        2002
        2003
        2004
        2005
        2006
        2007
        2008
        2009
        2010
        2011
        2012
        2013
        2014
        2015
        2016
        2017
        2018
        2019
        2020
        2021
        2022
        2023
        2024
        2025
        2026
        2027
        2028
        2029
        2030
        2031
        2032
        2033
        2034
        2035
        2036
        2037
        2038
        2039
        2040
        2041
        2042
        2043
        2044
        2045
        2046
        2047
        2048
        2049
        2050
        2051
        2052
        2053
        2054
        2055
        2056
        2057
        2058
        2059
        2060
        2061
        2062
        2063
        2064
        2065
        2066
        2067
        2068
        2069
        2070
        2071
        2072
        2073
        2074
        2075
        2076
        2077
        2078
        2079
        2080
        2081
        2082
        2083
        2084
        2085
        2086
        2087
        2088
        2089
        2090
        2091
        2092
        2093
        2094
        2095
        2096
        2097
        2098
        2099
        2100
        2101
        2102
        2103
        2104
        2105
        2106
        2107
        2108
        2109
        2110
        2111
        2112
        2113
        2114
        2115
        2116
        2117
        2118
        2119
        2120
        2121
        2122
        2123
        2124
        2125
        2126
        2127
        2128
        2129
        2130
        2131
        2132
        2133
        2134
        2135
        2136
        2137
        2138
        2139
        2140
        2141
        2142
        2143
        2144
        2145
        2146
        2147
        2148
        2149
        2150
        2151
        2152
        2153
        2154
        2155
        2156
        2157
        2158
        2159
        2160
        2161
        2162
        2163
        2164
        2165
        2166
        2167
        2168
        2169
        2170
        2171
        2172
        2173
        2174
        2175
        2176
        2177
        2178
        2179
        2180
        2181
        2182
        2183
        2184
        2185
        2186
        2187
        2188
        2189
        2190
        2191
        2192
        2193
        2194
        2195
        2196
        2197
        2198
        2199
        2200
        2201
        2202
        2203
        2204
        2205
        2206
        2207
        2208
        2209
        2210
        2211
        2212
        2213
        2214
        2215
        2216
        2217
        2218
        2219
        2220
        2221
        2222
        2223
        2224
        2225
        2226
        2227
        2228
        2229
        2230
        2231
        2232
        2233
        2234
        2235
        2236
        2237
        2238
        2239
        2240
        2241
        2242
        2243
        2244
        2245
        2246
        2247
        2248
        2249
        2250
        2251
        2252
        2253
        2254
        2255
        2256
        2257
        2258
        2259
        2260
        2261
        2262
        2263
        2264
        2265
        2266
        2267
        2268
        2269
        2270
        2271
        2272
        2273
        2274
        2275
        2276
        2277
        2278
        2279
        2280
        2281
        2282
        2283
        2284
        2285
        2286
        2287
        2288
        2289
        2290
        2291
        2292
        2293
        2294
        2295
        2296
        2297
        2298
        2299
        2300
        2301
        2302
        2303
        2304
        2305
        2306
        2307
        2308
        2309
        2310
        2311
        2312
        2313
        2314
        2315
        2316
        2317
        2318
        2319
        2320
        2321
        2322
        2323
        2324
        2325
        2326
        2327
        2328
        2329
        2330
        2331
        2332
        2333
        2334
        2335
        2336
        2337
        2338
        2339
        2340
        2341
        2342
        2343
        2344
        2345
        2346
        2347
        2348
        2349
        2350
        2351
        2352
        2353
        2354
        2355
        2356
        2357
        2358
        2359
        2360
        2361
        2362
        2363
        2364
        2365
        2366
        2367
        2368
        2369
        2370
        2371
        2372
        2373
        2374
        2375
        2376
        2377
        2378
        2379
        2380
        2381
        2382
        2383
        2384
        2385
        2386
        2387
        2388
        2389
        2390
        2391
        2392
        2393
        2394
        2395
        2396
        2397
        2398
        2399
        2400
        2401
        2402
        2403
        2404
        2405
        2406
        2407
        2408
        2409
        2410
        2411
        2412
        2413
        2414
        2415
        2416
        2417
        2418
        2419
        2420
        2421
        2422
        2423
        2424
        2425
        2426
        2427
        2428
        2429
        2430
        2431
        2432
        2433
        2434
        2435
        2436
        2437
        2438
        2439
        2440
        2441
        2442
        2443
        2444
        2445
        2446
        2447
        2448
        2449
        2450
        2451
        2452
        2453
        2454
        2455
        2456
        2457
        2458
        2459
        2460
        2461
        2462
        2463
        2464
        2465
        2466
        2467
        2468
        2469
        2470
        2471
        2472
        2473
        2474
        2475
        2476
        2477
        2478
        2479
        2480
        2481
        2482
        2483
        2484
        2485
        2486
        2487
        2488
        2489
        2490
        2491
        2492
        2493
        2494
        2495
        2496
        2497
        2498
        2499
        2500
        2501
        2502
        2503
        2504
        2505
        2506
        2507
        2508
        2509
        2510
        2511
        2512
        2513
        2514
        2515
        2516
        2517
        2518
        2519
        2520
        2521
        2522
        2523
        2524
        2525
        2526
        2527
        2528
        2529
        2530
        2531
        2532
        2533
        2534
        2535
        2536
        2537
        2538
        2539
        2540
        2541
        2542
        2543
        2544
        2545
        2546
        2547
        2548
        2549
        2550
        2551
        2552
        2553
        2554
        2555
        2556
        2557
        2558
        2559
        2560
        2561
        2562
        2563
        2564
        2565
        2566
        2567
        2568
        2569
        2570
        2571
        2572
        2573
        2574
        2575
        2576
        2577
        2578
        2579
        2580
        2581
        2582
        2583
        2584
        2585
        2586
        2587
        2588
        2589
        2590
        2591
        2592
        2593
        2594
        2595
        2596
        2597
        2598
        2599
        2600
        2601
        2602
        2603
        2604
        2605
        2606
        2607
        2608
        2609
        2610
-- newest diagnostic reports: biome-2026-09-29-094107.ips, 
soffice-2026-09-28-104720.ips, soffice-2026-09-28-105517.ips, 
soffice-2026-09-28-105123.000.ips, soffice-2026-09-28-105123.ips
2026-09-29 20:27:23.519 | ERROR    | __main__:_convert_batched:1730 -  FAIL: 
19eb128df9_98bf5f3d218a1485f5eb284693b4f98725eadd3660097efd__vs__9666fa13fb_a370
1d3600ed5bf6c9bf13e12e4c2a59542eba10f87fad69_redline_5b269ade28_jubarte-rust.doc
x — 
2026-09-29 20:27:25.219 | ERROR    | __main__:_convert_batched:1730 -  FAIL: 
7e4c9416aa_00803e70c3646e42abab322238df606c847686168795a703__vs__1424386e9b_0174
47de83753a0e3b7afc659df038ef56972925336c6a5b_redline_c8545d372b_jubarte-rust.doc
x — Microsoft Word got an error: document 
"01288__7e4c9416aa_00803e70c3646e42abab322238df606c847686168795a703__vs__1424386
e9b_017447de83753a0e3b7afc659df038ef56972925336c6a5b_redline_c8545d372b_jubarte-
ru
2026-09-29 20:27:26.065 | ERROR    | __main__:_convert_batched:1730 -  FAIL: 
acce1b593c_4bb73d9addf1f02e3a2132dcd33a8feb4dfcbe076d43bb0f__vs__4e2d5a0b0c_4887
566b3c4aad8c7f07b4ba2637c0244a1ee0d66c8d0c29_redline_63ea4d3f8d_jubarte-rust.doc
x — Microsoft Word got an error: AppleEvent timed out.
                DOCX → PDF:                 
results/redlines_0929_full/jubarte-rust/docx
┏━━━━━━━━━━━━━━━━━━━━━━━━━━━━━━━━━━┳━━━━━━━┓
┃ outcome                          ┃ count ┃
┡━━━━━━━━━━━━━━━━━━━━━━━━━━━━━━━━━━╇━━━━━━━┩
│ converted                        │  2608 │
│ skipped (exists)                 │     0 │
│ failed                           │     3 │
│ seconds per document (batch avg) │   2.2 │
└──────────────────────────────────┴───────┘
  FAIL 
19eb128df9_98bf5f3d218a1485f5eb284693b4f98725eadd3660097efd__vs__9666fa13fb_a370
1d3600ed5bf6c9bf13e12e4c2a59542eba10f87fad69_redline_5b269ade28_jubarte-rust.doc
x: 
  FAIL 
7e4c9416aa_00803e70c3646e42abab322238df606c847686168795a703__vs__1424386e9b_0174
47de83753a0e3b7afc659df038ef56972925336c6a5b_redline_c8545d372b_jubarte-rust.doc
x: Microsoft Word got an error: document 
"01288__7e4c9416aa_00803e70c3646e42abab322238df606c847686168795a703__vs__1424386
e9b_017447de83753a0e3b7afc659df038ef56972925336c6a5b_redline_c8545d372b_jubarte-
ru
  FAIL 
acce1b593c_4bb73d9addf1f02e3a2132dcd33a8feb4dfcbe076d43bb0f__vs__4e2d5a0b0c_4887
566b3c4aad8c7f07b4ba2637c0244a1ee0d66c8d0c29_redline_63ea4d3f8d_jubarte-rust.doc
x: Microsoft Word got an error: AppleEvent timed out.
