2026-09-30 05:02:47.117 | INFO     | __main__:preflight:1812 - [word] preflight: open_documents=0 started_clean=True launched_by_us=False close_documents=True
2026-09-30 05:02:47.163 | INFO     | __main__:convert_folder:1486 - [word] export: one_osascript=True documents=2611 accept_all=False reject_all=False
2026-09-30 05:02:48.643 | INFO     | __main__:_convert_batched:1685 - [batch] one osascript for 2611 document(s)
2026-09-30 05:02:53.670 | INFO     | __main__:_loop:1067 - [batch pdf 1] 6/2611
2026-09-30 05:02:58.694 | INFO     | __main__:_loop:1067 - [batch pdf 1] 13/2611
2026-09-30 05:03:03.716 | INFO     | __main__:_loop:1067 - [batch pdf 1] 17/2611
2026-09-30 05:03:08.747 | INFO     | __main__:_loop:1067 - [batch pdf 1] 24/2611
2026-09-30 05:03:13.774 | INFO     | __main__:_loop:1067 - [batch pdf 1] 27/2611
2026-09-30 05:03:18.800 | INFO     | __main__:_loop:1067 - [batch pdf 1] 34/2611
2026-09-30 05:03:48.865 | INFO     | __main__:_loop:1067 - [batch pdf 1] 37/2611
2026-09-30 05:03:53.895 | INFO     | __main__:_loop:1067 - [batch pdf 1] 45/2611
2026-09-30 05:03:58.921 | INFO     | __main__:_loop:1067 - [batch pdf 1] 51/2611
2026-09-30 05:04:03.946 | INFO     | __main__:_loop:1067 - [batch pdf 1] 56/2611
2026-09-30 05:04:08.971 | INFO     | __main__:_loop:1067 - [batch pdf 1] 63/2611
2026-09-30 05:04:13.998 | INFO     | __main__:_loop:1067 - [batch pdf 1] 68/2611
2026-09-30 05:04:19.032 | INFO     | __main__:_loop:1067 - [batch pdf 1] 74/2611
2026-09-30 05:04:24.056 | INFO     | __main__:_loop:1067 - [batch pdf 1] 81/2611
2026-09-30 05:04:29.077 | INFO     | __main__:_loop:1067 - [batch pdf 1] 82/2611
2026-09-30 05:05:29.225 | WARNING  | __main__:_loop:1072 - [batch pdf 1] item 83/2611 open for more than 30 s:
-- Word windows {name, subrole}: osascript timed out
-- Word window text: osascript timed out
-- crash reporters: osascript timed out
-- batch-pdf-1.log:
[ok]	0
[ok]	1
[ok]	2
[ok]	3
[ok]	4
[ok]	5
[ok]	6
[ok]	7
[ok]	8
[ok]	9
[ok]	10
[ok]	11
[ok]	12
[ok]	13
[ok]	14
[ok]	15
[ok]	16
[ok]	17
[ok]	18
[ok]	19
[ok]	20
[ok]	21
[ok]	22
[ok]	23
[ok]	24
[ok]	25
[ok]	26
[ok]	27
[ok]	28
[ok]	29
[ok]	30
[ok]	31
[ok]	32
[ok]	33
[ok]	34
[ok]	35
[ok]	36
[ok]	37
[ok]	38
[ok]	39
[ok]	40
[ok]	41
[ok]	42
[ok]	43
[ok]	44
[ok]	45
[ok]	46
[ok]	47
[ok]	48
[ok]	49
[ok]	50
[ok]	51
[ok]	52
[ok]	53
[ok]	54
[ok]	55
[ok]	56
[ok]	57
[ok]	58
[ok]	59
[ok]	60
[ok]	61
[ok]	62
[ok]	63
[ok]	64
[ok]	65
[ok]	66
[ok]	67
[ok]	68
[ok]	69
[ok]	70
[ok]	71
[ok]	72
[ok]	73
[ok]	74
[ok]	75
[ok]	76
[ok]	77
[ok]	78
[ok]	79
[ok]	80
[ok]	81
-- newest diagnostic reports: AppCleaner-2026-09-30-001317.ips, biome-2026-09-29-094107.ips, soffice-2026-09-28-104720.ips, soffice-2026-09-28-105517.ips, soffice-2026-09-28-105123.000.ips
2026-09-30 05:10:15.276 | WARNING  | __main__:run_batch_with_resume:1206 - [batch pdf] 2528 item(s) never reached (ended without reaching them); recycling Word and retrying the rest first, retried items last (pass 2, 1 of 3 stalled passes used)
2026-09-30 05:10:15.277 | WARNING  | __main__:recycle:725 - [word] restarting a Word this run did not launch. If you set "Optimize for: Best for printing" by hand, re-check it before trusting the PDFs rendered after this point.
2026-09-30 05:10:15.279 | WARNING  | __main__:recycle:731 - [word] recycling (restart 1)
2026-09-30 05:10:28.197 | INFO     | __main__:_loop:1067 - [batch pdf 2] 3/2528
2026-09-30 05:10:33.219 | INFO     | __main__:_loop:1067 - [batch pdf 2] 8/2528
2026-09-30 05:10:38.236 | INFO     | __main__:_loop:1067 - [batch pdf 2] 13/2528
2026-09-30 05:10:48.284 | INFO     | __main__:_loop:1067 - [batch pdf 2] 17/2528
2026-09-30 05:10:53.309 | INFO     | __main__:_loop:1067 - [batch pdf 2] 23/2528
2026-09-30 05:10:58.331 | INFO     | __main__:_loop:1067 - [batch pdf 2] 28/2528
2026-09-30 05:11:03.349 | INFO     | __main__:_loop:1067 - [batch pdf 2] 32/2528
2026-09-30 05:11:08.369 | INFO     | __main__:_loop:1067 - [batch pdf 2] 38/2528
2026-09-30 05:11:13.396 | INFO     | __main__:_loop:1067 - [batch pdf 2] 42/2528
2026-09-30 05:11:18.418 | INFO     | __main__:_loop:1067 - [batch pdf 2] 47/2528
2026-09-30 05:11:23.439 | INFO     | __main__:_loop:1067 - [batch pdf 2] 51/2528
2026-09-30 05:11:28.457 | INFO     | __main__:_loop:1067 - [batch pdf 2] 55/2528
2026-09-30 05:11:33.483 | INFO     | __main__:_loop:1067 - [batch pdf 2] 59/2528
2026-09-30 05:11:38.504 | INFO     | __main__:_loop:1067 - [batch pdf 2] 63/2528
2026-09-30 05:11:43.530 | INFO     | __main__:_loop:1067 - [batch pdf 2] 68/2528
2026-09-30 05:11:48.547 | INFO     | __main__:_loop:1067 - [batch pdf 2] 74/2528
2026-09-30 05:11:53.568 | INFO     | __main__:_loop:1067 - [batch pdf 2] 79/2528
2026-09-30 05:11:58.591 | INFO     | __main__:_loop:1067 - [batch pdf 2] 83/2528
2026-09-30 05:12:03.606 | INFO     | __main__:_loop:1067 - [batch pdf 2] 89/2528
2026-09-30 05:12:08.628 | INFO     | __main__:_loop:1067 - [batch pdf 2] 95/2528
2026-09-30 05:12:13.647 | INFO     | __main__:_loop:1067 - [batch pdf 2] 98/2528
2026-09-30 05:12:18.670 | INFO     | __main__:_loop:1067 - [batch pdf 2] 103/2528
2026-09-30 05:12:23.694 | INFO     | __main__:_loop:1067 - [batch pdf 2] 107/2528
2026-09-30 05:12:28.717 | INFO     | __main__:_loop:1067 - [batch pdf 2] 112/2528
2026-09-30 05:12:33.740 | INFO     | __main__:_loop:1067 - [batch pdf 2] 116/2528
2026-09-30 05:12:38.771 | INFO     | __main__:_loop:1067 - [batch pdf 2] 117/2528
2026-09-30 05:12:43.788 | INFO     | __main__:_loop:1067 - [batch pdf 2] 122/2528
2026-09-30 05:12:48.812 | INFO     | __main__:_loop:1067 - [batch pdf 2] 127/2528
2026-09-30 05:12:53.830 | INFO     | __main__:_loop:1067 - [batch pdf 2] 134/2528
2026-09-30 05:12:58.862 | INFO     | __main__:_loop:1067 - [batch pdf 2] 138/2528
2026-09-30 05:13:03.896 | INFO     | __main__:_loop:1067 - [batch pdf 2] 143/2528
2026-09-30 05:13:08.921 | INFO     | __main__:_loop:1067 - [batch pdf 2] 148/2528
2026-09-30 05:13:13.949 | INFO     | __main__:_loop:1067 - [batch pdf 2] 154/2528
2026-09-30 05:13:18.974 | INFO     | __main__:_loop:1067 - [batch pdf 2] 161/2528
2026-09-30 05:13:23.990 | INFO     | __main__:_loop:1067 - [batch pdf 2] 167/2528
2026-09-30 05:13:29.015 | INFO     | __main__:_loop:1067 - [batch pdf 2] 173/2528
2026-09-30 05:13:34.029 | INFO     | __main__:_loop:1067 - [batch pdf 2] 178/2528
2026-09-30 05:13:39.053 | INFO     | __main__:_loop:1067 - [batch pdf 2] 182/2528
2026-09-30 05:13:44.073 | INFO     | __main__:_loop:1067 - [batch pdf 2] 186/2528
2026-09-30 05:13:49.097 | INFO     | __main__:_loop:1067 - [batch pdf 2] 190/2528
2026-09-30 05:14:39.143 | WARNING  | __main__:_loop:1072 - [batch pdf 2] item 191/2528 open for more than 30 s:
-- Word windows {name, subrole}: ,
-- Word window text: 
-- crash reporters: 
-- batch-pdf-2.log:
[ok]	83
[ok]	84
[ok]	85
[ok]	86
[ok]	87
[ok]	88
[ok]	89
[ok]	90
[ok]	91
[ok]	92
[ok]	93
[ok]	94
[ok]	95
[ok]	96
[ok]	97
[ok]	98
[ok]	99
[ok]	100
[ok]	101
[ok]	102
[ok]	103
[ok]	104
[ok]	105
[ok]	106
[ok]	107
[ok]	108
[ok]	109
[ok]	110
[ok]	111
[ok]	112
[ok]	113
[ok]	114
[ok]	115
[ok]	116
[ok]	117
[ok]	118
[ok]	119
[ok]	120
[ok]	121
[ok]	122
[ok]	123
[ok]	124
[ok]	125
[ok]	126
[ok]	127
[ok]	128
[ok]	129
[ok]	130
[ok]	131
[ok]	132
[ok]	133
[ok]	134
[ok]	135
[ok]	136
[ok]	137
[ok]	138
[ok]	139
[ok]	140
[ok]	141
[ok]	142
[ok]	143
[ok]	144
[ok]	145
[ok]	146
[ok]	147
[ok]	148
[ok]	149
[ok]	150
[ok]	151
[ok]	152
[ok]	153
[ok]	154
[ok]	155
[ok]	156
[ok]	157
[ok]	158
[ok]	159
[ok]	160
[ok]	161
[ok]	162
[ok]	163
[ok]	164
[ok]	165
[ok]	166
[ok]	167
[ok]	168
[ok]	169
[ok]	170
[ok]	171
[ok]	172
[ok]	173
[ok]	174
[ok]	175
[ok]	176
[ok]	177
[ok]	178
[ok]	179
[ok]	180
[ok]	181
[ok]	182
[ok]	183
[ok]	184
[ok]	185
[ok]	186
[ok]	187
[ok]	188
[ok]	189
[ok]	190
[ok]	191
[ok]	192
[ok]	193
[ok]	194
[ok]	195
[ok]	196
[ok]	197
[ok]	198
[ok]	199
[ok]	200
[ok]	201
[ok]	202
[ok]	203
[ok]	204
[ok]	205
[ok]	206
[ok]	207
[ok]	208
[ok]	209
[ok]	210
[ok]	211
[ok]	212
[ok]	213
[ok]	214
[ok]	215
[ok]	216
[ok]	217
[ok]	218
[ok]	219
[ok]	220
[ok]	221
[ok]	222
[ok]	223
[ok]	224
[ok]	225
[ok]	226
[ok]	227
[ok]	228
[ok]	229
[ok]	230
[ok]	231
[ok]	232
[ok]	233
[ok]	234
[ok]	235
[ok]	236
[ok]	237
[ok]	238
[ok]	239
[ok]	240
[ok]	241
[ok]	242
[ok]	243
[ok]	244
[ok]	245
[ok]	246
[ok]	247
[ok]	248
[ok]	249
[ok]	250
[ok]	251
[ok]	252
[ok]	253
[ok]	254
[ok]	255
[ok]	256
[ok]	257
[ok]	258
[ok]	259
[ok]	260
[ok]	261
[ok]	262
[ok]	263
[ok]	264
[ok]	265
[ok]	266
[ok]	267
[ok]	268
[ok]	269
[ok]	270
[ok]	271
[ok]	272
-- newest diagnostic reports: jub_b19-2026-09-30-051332.ips, jub_b19-2026-09-30-050640.ips, AppCleaner-2026-09-30-001317.ips, biome-2026-09-29-094107.ips, soffice-2026-09-28-104720.ips
2026-09-30 05:18:43.152 | WARNING  | __main__:run_batch_with_resume:1206 - [batch pdf] 2337 item(s) never reached (ended without reaching them); recycling Word and retrying the rest first, retried items last (pass 3, 2 of 3 stalled passes used)
2026-09-30 05:18:43.152 | WARNING  | __main__:recycle:725 - [word] restarting a Word this run did not launch. If you set "Optimize for: Best for printing" by hand, re-check it before trusting the PDFs rendered after this point.
2026-09-30 05:18:43.153 | WARNING  | __main__:recycle:731 - [word] recycling (restart 2)
2026-09-30 05:18:54.560 | INFO     | __main__:_loop:1067 - [batch pdf 3] 6/2337
2026-09-30 05:18:59.583 | INFO     | __main__:_loop:1067 - [batch pdf 3] 12/2337
2026-09-30 05:19:04.607 | INFO     | __main__:_loop:1067 - [batch pdf 3] 20/2337
2026-09-30 05:19:09.633 | INFO     | __main__:_loop:1067 - [batch pdf 3] 28/2337
2026-09-30 05:19:14.664 | INFO     | __main__:_loop:1067 - [batch pdf 3] 37/2337
2026-09-30 05:19:19.690 | INFO     | __main__:_loop:1067 - [batch pdf 3] 43/2337
2026-09-30 05:19:39.733 | INFO     | __main__:_loop:1067 - [batch pdf 3] 46/2337
2026-09-30 05:19:44.759 | INFO     | __main__:_loop:1067 - [batch pdf 3] 52/2337
2026-09-30 05:19:49.798 | INFO     | __main__:_loop:1067 - [batch pdf 3] 60/2337
2026-09-30 05:19:54.821 | INFO     | __main__:_loop:1067 - [batch pdf 3] 64/2337
2026-09-30 05:19:59.847 | INFO     | __main__:_loop:1067 - [batch pdf 3] 71/2337
2026-09-30 05:20:04.873 | INFO     | __main__:_loop:1067 - [batch pdf 3] 78/2337
2026-09-30 05:20:09.899 | INFO     | __main__:_loop:1067 - [batch pdf 3] 86/2337
2026-09-30 05:20:14.930 | INFO     | __main__:_loop:1067 - [batch pdf 3] 93/2337
2026-09-30 05:20:19.953 | INFO     | __main__:_loop:1067 - [batch pdf 3] 99/2337
2026-09-30 05:20:24.979 | INFO     | __main__:_loop:1067 - [batch pdf 3] 106/2337
2026-09-30 05:20:30.005 | INFO     | __main__:_loop:1067 - [batch pdf 3] 110/2337
2026-09-30 05:21:20.534 | WARNING  | __main__:_loop:1072 - [batch pdf 3] item 111/2337 open for more than 30 s:
-- Word windows {name, subrole}: ,
-- Word window text: 
-- crash reporters: 
-- batch-pdf-3.log:
[ok]	274
[ok]	275
[ok]	276
[ok]	277
[ok]	278
[ok]	279
[ok]	280
[ok]	281
[ok]	282
[ok]	283
[ok]	284
[ok]	285
[ok]	286
[ok]	287
[ok]	288
[ok]	289
[ok]	290
[ok]	291
[ok]	292
[ok]	293
[ok]	294
[ok]	295
[ok]	296
[ok]	297
[ok]	298
[ok]	299
[ok]	300
[ok]	301
[ok]	302
[ok]	303
[ok]	304
[ok]	305
[ok]	306
[ok]	307
[ok]	308
[ok]	309
[ok]	310
[ok]	311
[ok]	312
[ok]	313
[ok]	314
[ok]	315
[ok]	316
[ok]	317
[ok]	318
[ok]	319
[ok]	320
[ok]	321
[ok]	322
[ok]	323
[ok]	324
[ok]	325
[ok]	326
[ok]	327
[ok]	328
[ok]	329
[ok]	330
[ok]	331
[ok]	332
[ok]	333
[ok]	334
[ok]	335
[ok]	336
[ok]	337
[ok]	338
[ok]	339
[ok]	340
[ok]	341
[ok]	342
[ok]	343
[ok]	344
[ok]	345
[ok]	346
[ok]	347
[ok]	348
[ok]	349
[ok]	350
[ok]	351
[ok]	352
[ok]	353
[ok]	354
[ok]	355
[ok]	356
[ok]	357
[ok]	358
[ok]	359
[ok]	360
[ok]	361
[ok]	362
[ok]	363
[ok]	364
[ok]	365
[ok]	366
[ok]	367
[ok]	368
[ok]	369
[ok]	370
[ok]	371
[ok]	372
[ok]	373
[ok]	374
[ok]	375
[ok]	376
[ok]	377
[ok]	378
[ok]	379
[ok]	380
[ok]	381
[ok]	382
[ok]	383
-- newest diagnostic reports: jub_b19-2026-09-30-051332.ips, jub_b19-2026-09-30-050640.ips, AppCleaner-2026-09-30-001317.ips, biome-2026-09-29-094107.ips, soffice-2026-09-28-104720.ips
2026-09-30 05:22:20.696 | INFO     | __main__:_loop:1067 - [batch pdf 3] 115/2337
2026-09-30 05:22:25.721 | INFO     | __main__:_loop:1067 - [batch pdf 3] 118/2337
2026-09-30 05:23:16.728 | WARNING  | __main__:_loop:1072 - [batch pdf 3] item 119/2337 open for more than 30 s:
-- Word windows {name, subrole}: ,
-- Word window text: 
-- crash reporters: 
-- batch-pdf-3.log:
[ok]	274
[ok]	275
[ok]	276
[ok]	277
[ok]	278
[ok]	279
[ok]	280
[ok]	281
[ok]	282
[ok]	283
[ok]	284
[ok]	285
[ok]	286
[ok]	287
[ok]	288
[ok]	289
[ok]	290
[ok]	291
[ok]	292
[ok]	293
[ok]	294
[ok]	295
[ok]	296
[ok]	297
[ok]	298
[ok]	299
[ok]	300
[ok]	301
[ok]	302
[ok]	303
[ok]	304
[ok]	305
[ok]	306
[ok]	307
[ok]	308
[ok]	309
[ok]	310
[ok]	311
[ok]	312
[ok]	313
[ok]	314
[ok]	315
[ok]	316
[ok]	317
[ok]	318
[ok]	319
[ok]	320
[ok]	321
[ok]	322
[ok]	323
[ok]	324
[ok]	325
[ok]	326
[ok]	327
[ok]	328
[ok]	329
[ok]	330
[ok]	331
[ok]	332
[ok]	333
[ok]	334
[ok]	335
[ok]	336
[ok]	337
[ok]	338
[ok]	339
[ok]	340
[ok]	341
[ok]	342
[ok]	343
[ok]	344
[ok]	345
[ok]	346
[ok]	347
[ok]	348
[ok]	349
[ok]	350
[ok]	351
[ok]	352
[ok]	353
[ok]	354
[ok]	355
[ok]	356
[ok]	357
[ok]	358
[ok]	359
[ok]	360
[ok]	361
[ok]	362
[ok]	363
[ok]	364
[ok]	365
[ok]	366
[ok]	367
[ok]	368
[ok]	369
[ok]	370
[ok]	371
[ok]	372
[ok]	373
[ok]	374
[ok]	375
[ok]	376
[ok]	377
[ok]	378
[ok]	379
[ok]	380
[ok]	381
[ok]	382
[ok]	383
[ok]	384
[ok]	385
[ok]	386
[ok]	387
[ok]	388
[ok]	389
[ok]	390
[ok]	391
-- newest diagnostic reports: jub_b19-2026-09-30-051332.ips, jub_b19-2026-09-30-050640.ips, AppCleaner-2026-09-30-001317.ips, biome-2026-09-29-094107.ips, soffice-2026-09-28-104720.ips
2026-09-30 05:23:21.792 | INFO     | __main__:_loop:1067 - [batch pdf 3] 120/2337
2026-09-30 05:23:26.817 | INFO     | __main__:_loop:1067 - [batch pdf 3] 127/2337
2026-09-30 05:23:31.841 | INFO     | __main__:_loop:1067 - [batch pdf 3] 133/2337
2026-09-30 05:23:36.867 | INFO     | __main__:_loop:1067 - [batch pdf 3] 139/2337
2026-09-30 05:23:41.890 | INFO     | __main__:_loop:1067 - [batch pdf 3] 145/2337
2026-09-30 05:23:46.916 | INFO     | __main__:_loop:1067 - [batch pdf 3] 152/2337
2026-09-30 05:23:51.940 | INFO     | __main__:_loop:1067 - [batch pdf 3] 158/2337
2026-09-30 05:23:56.966 | INFO     | __main__:_loop:1067 - [batch pdf 3] 164/2337
2026-09-30 05:24:01.999 | INFO     | __main__:_loop:1067 - [batch pdf 3] 171/2337
2026-09-30 05:24:07.027 | INFO     | __main__:_loop:1067 - [batch pdf 3] 177/2337
2026-09-30 05:24:12.054 | INFO     | __main__:_loop:1067 - [batch pdf 3] 183/2337
2026-09-30 05:24:17.080 | INFO     | __main__:_loop:1067 - [batch pdf 3] 189/2337
2026-09-30 05:24:18.769 | INFO     | __main__:_note_buttons:510 - [watchdog] Microsoft Word shows button 'missing value'
2026-09-30 05:24:22.110 | INFO     | __main__:_loop:1067 - [batch pdf 3] 195/2337
2026-09-30 05:24:27.133 | INFO     | __main__:_loop:1067 - [batch pdf 3] 200/2337
2026-09-30 05:24:32.144 | INFO     | __main__:_loop:1067 - [batch pdf 3] 206/2337
2026-09-30 05:24:37.164 | INFO     | __main__:_loop:1067 - [batch pdf 3] 212/2337
2026-09-30 05:24:42.189 | INFO     | __main__:_loop:1067 - [batch pdf 3] 217/2337
2026-09-30 05:25:02.232 | INFO     | __main__:_loop:1067 - [batch pdf 3] 218/2337
2026-09-30 05:25:07.252 | INFO     | __main__:_loop:1067 - [batch pdf 3] 224/2337
2026-09-30 05:25:12.274 | INFO     | __main__:_loop:1067 - [batch pdf 3] 229/2337
2026-09-30 05:25:17.295 | INFO     | __main__:_loop:1067 - [batch pdf 3] 235/2337
2026-09-30 05:25:22.318 | INFO     | __main__:_loop:1067 - [batch pdf 3] 241/2337
2026-09-30 05:25:27.342 | INFO     | __main__:_loop:1067 - [batch pdf 3] 247/2337
2026-09-30 05:25:32.364 | INFO     | __main__:_loop:1067 - [batch pdf 3] 253/2337
2026-09-30 05:25:37.391 | INFO     | __main__:_loop:1067 - [batch pdf 3] 258/2337
2026-09-30 05:25:42.417 | INFO     | __main__:_loop:1067 - [batch pdf 3] 262/2337
2026-09-30 05:25:47.443 | INFO     | __main__:_loop:1067 - [batch pdf 3] 266/2337
2026-09-30 05:25:52.475 | INFO     | __main__:_loop:1067 - [batch pdf 3] 272/2337
2026-09-30 05:25:57.502 | INFO     | __main__:_loop:1067 - [batch pdf 3] 277/2337
2026-09-30 05:26:02.525 | INFO     | __main__:_loop:1067 - [batch pdf 3] 282/2337
2026-09-30 05:26:07.545 | INFO     | __main__:_loop:1067 - [batch pdf 3] 287/2337
2026-09-30 05:26:12.572 | INFO     | __main__:_loop:1067 - [batch pdf 3] 292/2337
2026-09-30 05:26:17.602 | INFO     | __main__:_loop:1067 - [batch pdf 3] 297/2337
2026-09-30 05:26:22.624 | INFO     | __main__:_loop:1067 - [batch pdf 3] 302/2337
2026-09-30 05:26:27.649 | INFO     | __main__:_loop:1067 - [batch pdf 3] 308/2337
2026-09-30 05:26:32.673 | INFO     | __main__:_loop:1067 - [batch pdf 3] 310/2337
2026-09-30 05:26:37.695 | INFO     | __main__:_loop:1067 - [batch pdf 3] 315/2337
2026-09-30 05:26:42.722 | INFO     | __main__:_loop:1067 - [batch pdf 3] 319/2337
2026-09-30 05:26:47.743 | INFO     | __main__:_loop:1067 - [batch pdf 3] 323/2337
2026-09-30 05:26:52.767 | INFO     | __main__:_loop:1067 - [batch pdf 3] 326/2337
2026-09-30 05:26:57.794 | INFO     | __main__:_loop:1067 - [batch pdf 3] 330/2337
2026-09-30 05:27:02.817 | INFO     | __main__:_loop:1067 - [batch pdf 3] 335/2337
2026-09-30 05:27:07.841 | INFO     | __main__:_loop:1067 - [batch pdf 3] 340/2337
2026-09-30 05:27:12.863 | INFO     | __main__:_loop:1067 - [batch pdf 3] 344/2337
2026-09-30 05:27:17.884 | INFO     | __main__:_loop:1067 - [batch pdf 3] 348/2337
2026-09-30 05:27:22.905 | INFO     | __main__:_loop:1067 - [batch pdf 3] 352/2337
2026-09-30 05:27:27.930 | INFO     | __main__:_loop:1067 - [batch pdf 3] 357/2337
2026-09-30 05:27:32.955 | INFO     | __main__:_loop:1067 - [batch pdf 3] 361/2337
2026-09-30 05:27:37.987 | INFO     | __main__:_loop:1067 - [batch pdf 3] 366/2337
2026-09-30 05:27:43.012 | INFO     | __main__:_loop:1067 - [batch pdf 3] 371/2337
2026-09-30 05:27:48.036 | INFO     | __main__:_loop:1067 - [batch pdf 3] 377/2337
2026-09-30 05:27:53.060 | INFO     | __main__:_loop:1067 - [batch pdf 3] 382/2337
2026-09-30 05:27:58.085 | INFO     | __main__:_loop:1067 - [batch pdf 3] 387/2337
2026-09-30 05:28:03.117 | INFO     | __main__:_loop:1067 - [batch pdf 3] 392/2337
2026-09-30 05:28:08.137 | INFO     | __main__:_loop:1067 - [batch pdf 3] 397/2337
2026-09-30 05:28:13.162 | INFO     | __main__:_loop:1067 - [batch pdf 3] 401/2337
2026-09-30 05:28:18.186 | INFO     | __main__:_loop:1067 - [batch pdf 3] 407/2337
2026-09-30 05:28:23.211 | INFO     | __main__:_loop:1067 - [batch pdf 3] 410/2337
2026-09-30 05:28:28.236 | INFO     | __main__:_loop:1067 - [batch pdf 3] 415/2337
2026-09-30 05:28:33.267 | INFO     | __main__:_loop:1067 - [batch pdf 3] 419/2337
2026-09-30 05:28:38.286 | INFO     | __main__:_loop:1067 - [batch pdf 3] 423/2337
2026-09-30 05:28:43.304 | INFO     | __main__:_loop:1067 - [batch pdf 3] 426/2337
2026-09-30 05:28:48.325 | INFO     | __main__:_loop:1067 - [batch pdf 3] 431/2337
2026-09-30 05:28:53.352 | INFO     | __main__:_loop:1067 - [batch pdf 3] 436/2337
2026-09-30 05:28:58.383 | INFO     | __main__:_loop:1067 - [batch pdf 3] 441/2337
2026-09-30 05:29:03.411 | INFO     | __main__:_loop:1067 - [batch pdf 3] 445/2337
2026-09-30 05:29:08.438 | INFO     | __main__:_loop:1067 - [batch pdf 3] 449/2337
2026-09-30 05:29:13.460 | INFO     | __main__:_loop:1067 - [batch pdf 3] 454/2337
2026-09-30 05:29:18.487 | INFO     | __main__:_loop:1067 - [batch pdf 3] 459/2337
2026-09-30 05:29:23.519 | INFO     | __main__:_loop:1067 - [batch pdf 3] 463/2337
2026-09-30 05:29:28.538 | INFO     | __main__:_loop:1067 - [batch pdf 3] 465/2337
2026-09-30 05:29:33.559 | INFO     | __main__:_loop:1067 - [batch pdf 3] 467/2337
2026-09-30 05:29:38.576 | INFO     | __main__:_loop:1067 - [batch pdf 3] 469/2337
2026-09-30 05:30:03.640 | INFO     | __main__:_loop:1067 - [batch pdf 3] 473/2337
2026-09-30 05:30:08.674 | INFO     | __main__:_loop:1067 - [batch pdf 3] 475/2337
2026-09-30 05:30:28.770 | INFO     | __main__:_loop:1067 - [batch pdf 3] 476/2337
2026-09-30 05:30:33.814 | INFO     | __main__:_loop:1067 - [batch pdf 3] 480/2337
2026-09-30 05:30:38.848 | INFO     | __main__:_loop:1067 - [batch pdf 3] 482/2337
2026-09-30 05:30:43.876 | INFO     | __main__:_loop:1067 - [batch pdf 3] 484/2337
2026-09-30 05:31:29.362 | WARNING  | __main__:_loop:1072 - [batch pdf 3] item 485/2337 open for more than 30 s:
-- Word windows {name, subrole}: ,
-- Word window text: 
-- crash reporters: 
-- batch-pdf-3.log:
[ok]	274
[ok]	275
[ok]	276
[ok]	277
[ok]	278
[ok]	279
[ok]	280
[ok]	281
[ok]	282
[ok]	283
[ok]	284
[ok]	285
[ok]	286
[ok]	287
[ok]	288
[ok]	289
[ok]	290
[ok]	291
[ok]	292
[ok]	293
[ok]	294
[ok]	295
[ok]	296
[ok]	297
[ok]	298
[ok]	299
[ok]	300
[ok]	301
[ok]	302
[ok]	303
[ok]	304
[ok]	305
[ok]	306
[ok]	307
[ok]	308
[ok]	309
[ok]	310
[ok]	311
[ok]	312
[ok]	313
[ok]	314
[ok]	315
[ok]	316
[ok]	317
[ok]	318
[ok]	319
[ok]	320
[ok]	321
[ok]	322
[ok]	323
[ok]	324
[ok]	325
[ok]	326
[ok]	327
[ok]	328
[ok]	329
[ok]	330
[ok]	331
[ok]	332
[ok]	333
[ok]	334
[ok]	335
[ok]	336
[ok]	337
[ok]	338
[ok]	339
[ok]	340
[ok]	341
[ok]	342
[ok]	343
[ok]	344
[ok]	345
[ok]	346
[ok]	347
[ok]	348
[ok]	349
[ok]	350
[ok]	351
[ok]	352
[ok]	353
[ok]	354
[ok]	355
[ok]	356
[ok]	357
[ok]	358
[ok]	359
[ok]	360
[ok]	361
[ok]	362
[ok]	363
[ok]	364
[ok]	365
[ok]	366
[ok]	367
[ok]	368
[ok]	369
[ok]	370
[ok]	371
[ok]	372
[ok]	373
[ok]	374
[ok]	375
[ok]	376
[ok]	377
[ok]	378
[ok]	379
[ok]	380
[ok]	381
[ok]	382
[ok]	383
[ok]	384
[ok]	385
[ok]	386
[ok]	387
[ok]	388
[ok]	389
[ok]	390
[ok]	391
[ok]	392
[ok]	393
[ok]	394
[ok]	395
[ok]	396
[ok]	397
[ok]	398
[ok]	399
[ok]	400
[ok]	401
[ok]	402
[ok]	403
[ok]	404
[ok]	405
[ok]	406
[ok]	407
[ok]	408
[ok]	409
[ok]	410
[ok]	411
[ok]	412
[ok]	413
[ok]	414
[ok]	415
[ok]	416
[ok]	417
[ok]	418
[ok]	419
[ok]	420
[ok]	421
[ok]	422
[ok]	423
[ok]	424
[ok]	425
[ok]	426
[ok]	427
[ok]	428
[ok]	429
[ok]	430
[ok]	431
[ok]	432
[ok]	433
[ok]	434
[ok]	435
[ok]	436
[ok]	437
[ok]	438
[ok]	439
[ok]	440
[ok]	441
[ok]	442
[ok]	443
[ok]	444
[ok]	445
[ok]	446
[ok]	447
[ok]	448
[ok]	449
[ok]	450
[ok]	451
[ok]	452
[ok]	453
[ok]	454
[ok]	455
[ok]	456
[ok]	457
[ok]	458
[ok]	459
[ok]	460
[ok]	461
[ok]	462
[ok]	463
[ok]	464
[ok]	465
[ok]	466
[ok]	467
[ok]	468
[ok]	469
[ok]	470
[ok]	471
[ok]	472
[ok]	473
[ok]	474
[ok]	475
[ok]	476
[ok]	477
[ok]	478
[ok]	479
[ok]	480
[ok]	481
[ok]	482
[ok]	483
[ok]	484
[ok]	485
[ok]	486
[ok]	487
[ok]	488
[ok]	489
[ok]	490
[ok]	491
[ok]	492
[ok]	493
[ok]	494
[ok]	495
[ok]	496
[ok]	497
[ok]	498
[ok]	499
[ok]	500
[ok]	501
[ok]	502
[ok]	503
[ok]	504
[ok]	505
[ok]	506
[ok]	507
[ok]	508
[ok]	509
[ok]	510
[ok]	511
[ok]	512
[ok]	513
[ok]	514
[ok]	515
[ok]	516
[ok]	517
[ok]	518
[ok]	519
[ok]	520
[ok]	521
[ok]	522
[ok]	523
[ok]	524
[ok]	525
[ok]	526
[ok]	527
[ok]	528
[ok]	529
[ok]	530
[ok]	531
[ok]	532
[ok]	533
[ok]	534
[ok]	535
[ok]	536
[ok]	537
[ok]	538
[ok]	539
[ok]	540
[ok]	541
[ok]	542
[ok]	543
[ok]	544
[ok]	545
[ok]	546
[ok]	547
[ok]	548
[ok]	549
[ok]	550
[ok]	551
[ok]	552
[ok]	553
[ok]	554
[ok]	555
[ok]	556
[ok]	557
[ok]	558
[ok]	559
[ok]	560
[ok]	561
[ok]	562
[ok]	563
[ok]	564
[ok]	565
[ok]	566
[ok]	567
[ok]	568
[ok]	569
[ok]	570
[ok]	571
[ok]	572
[ok]	573
[ok]	574
[ok]	575
[ok]	576
[ok]	577
[ok]	578
[ok]	579
[ok]	580
[ok]	581
[ok]	582
[ok]	583
[ok]	584
[ok]	585
[ok]	586
[ok]	587
[ok]	588
[ok]	589
[ok]	590
[ok]	591
[ok]	592
[ok]	593
[ok]	594
[ok]	595
[ok]	596
[ok]	597
[ok]	598
[ok]	599
[ok]	600
[ok]	601
[ok]	602
[ok]	603
[ok]	604
[ok]	605
[ok]	606
[ok]	607
[ok]	608
[ok]	609
[ok]	610
[ok]	611
[ok]	612
[ok]	613
[ok]	614
[ok]	615
[ok]	616
[ok]	617
[ok]	618
[ok]	619
[ok]	620
[ok]	621
[ok]	622
[ok]	623
[ok]	624
[ok]	625
[ok]	626
[ok]	627
[ok]	628
[ok]	629
[ok]	630
[ok]	631
[ok]	632
[ok]	633
[ok]	634
[ok]	635
[ok]	636
[ok]	637
[ok]	638
[ok]	639
[ok]	640
[ok]	641
[ok]	642
[ok]	643
[ok]	644
[ok]	645
[ok]	646
[ok]	647
[ok]	648
[ok]	649
[ok]	650
[ok]	651
[ok]	652
[ok]	653
[ok]	654
[ok]	655
[ok]	656
[ok]	657
[ok]	658
[ok]	659
[ok]	660
[ok]	661
[ok]	662
[ok]	663
[ok]	664
[ok]	665
[ok]	666
[ok]	667
[ok]	668
[ok]	669
[ok]	670
[ok]	671
[ok]	672
[ok]	673
[ok]	674
[ok]	675
[ok]	676
[ok]	677
[ok]	678
[ok]	679
[ok]	680
[ok]	681
[ok]	682
[ok]	683
[ok]	684
[ok]	685
[ok]	686
[ok]	687
[ok]	688
[ok]	689
[ok]	690
[ok]	691
[ok]	692
[ok]	693
[ok]	694
[ok]	695
[ok]	696
[ok]	697
[ok]	698
[ok]	699
[ok]	700
[ok]	701
[ok]	702
[ok]	703
[ok]	704
[ok]	705
[ok]	706
[ok]	707
[ok]	708
[ok]	709
[ok]	710
[ok]	711
[ok]	712
[ok]	713
[ok]	714
[ok]	715
[ok]	716
[ok]	717
[ok]	718
[ok]	719
[ok]	720
[ok]	721
[ok]	722
[ok]	723
[ok]	724
[ok]	725
[ok]	726
[ok]	727
[ok]	728
[ok]	729
[ok]	730
[ok]	731
[ok]	732
[ok]	733
[ok]	734
[ok]	735
[ok]	736
[ok]	737
[ok]	738
[ok]	739
[ok]	740
[ok]	741
[ok]	742
[ok]	743
[ok]	744
[ok]	745
[ok]	746
[ok]	747
[ok]	748
[ok]	749
[ok]	750
[ok]	751
[ok]	752
[ok]	753
[ok]	754
[ok]	755
[ok]	756
[ok]	757
[ok]	758
[ok]	759
[ok]	760
[ok]	761
[ok]	762
[ok]	763
[ok]	764
-- newest diagnostic reports: jub_b19-2026-09-30-052944.0006.ips, jub_b19-2026-09-30-052944.0005.ips, jub_b19-2026-09-30-052944.0004.ips, jub_b19-2026-09-30-052944.0003.ips, jub_b19-2026-09-30-052944.0002.ips
2026-09-30 05:31:39.399 | INFO     | __main__:_loop:1067 - [batch pdf 3] 496/2337
2026-09-30 05:31:44.425 | INFO     | __main__:_loop:1067 - [batch pdf 3] 499/2337
2026-09-30 05:31:49.446 | INFO     | __main__:_loop:1067 - [batch pdf 3] 503/2337
2026-09-30 05:31:54.472 | INFO     | __main__:_loop:1067 - [batch pdf 3] 506/2337
2026-09-30 05:32:04.513 | INFO     | __main__:_loop:1067 - [batch pdf 3] 510/2337
2026-09-30 05:32:09.544 | INFO     | __main__:_loop:1067 - [batch pdf 3] 514/2337
2026-09-30 05:32:14.567 | INFO     | __main__:_loop:1067 - [batch pdf 3] 517/2337
2026-09-30 05:32:19.610 | INFO     | __main__:_loop:1067 - [batch pdf 3] 520/2337
2026-09-30 05:32:24.627 | INFO     | __main__:_loop:1067 - [batch pdf 3] 524/2337
2026-09-30 05:32:29.648 | INFO     | __main__:_loop:1067 - [batch pdf 3] 527/2337
2026-09-30 05:32:34.667 | INFO     | __main__:_loop:1067 - [batch pdf 3] 529/2337
2026-09-30 05:32:39.694 | INFO     | __main__:_loop:1067 - [batch pdf 3] 533/2337
2026-09-30 05:32:44.725 | INFO     | __main__:_loop:1067 - [batch pdf 3] 536/2337
2026-09-30 05:32:49.747 | INFO     | __main__:_loop:1067 - [batch pdf 3] 539/2337
2026-09-30 05:32:54.772 | INFO     | __main__:_loop:1067 - [batch pdf 3] 542/2337
2026-09-30 05:32:59.801 | INFO     | __main__:_loop:1067 - [batch pdf 3] 546/2337
2026-09-30 05:33:04.827 | INFO     | __main__:_loop:1067 - [batch pdf 3] 549/2337
2026-09-30 05:33:09.849 | INFO     | __main__:_loop:1067 - [batch pdf 3] 553/2337
2026-09-30 05:33:14.873 | INFO     | __main__:_loop:1067 - [batch pdf 3] 556/2337
2026-09-30 05:33:19.891 | INFO     | __main__:_loop:1067 - [batch pdf 3] 559/2337
2026-09-30 05:33:24.914 | INFO     | __main__:_loop:1067 - [batch pdf 3] 563/2337
2026-09-30 05:33:29.937 | INFO     | __main__:_loop:1067 - [batch pdf 3] 566/2337
2026-09-30 05:33:34.953 | INFO     | __main__:_loop:1067 - [batch pdf 3] 569/2337
2026-09-30 05:33:39.970 | INFO     | __main__:_loop:1067 - [batch pdf 3] 572/2337
2026-09-30 05:33:44.992 | INFO     | __main__:_loop:1067 - [batch pdf 3] 575/2337
2026-09-30 05:33:50.013 | INFO     | __main__:_loop:1067 - [batch pdf 3] 579/2337
2026-09-30 05:33:55.036 | INFO     | __main__:_loop:1067 - [batch pdf 3] 581/2337
2026-09-30 05:34:00.060 | INFO     | __main__:_loop:1067 - [batch pdf 3] 583/2337
2026-09-30 05:34:05.082 | INFO     | __main__:_loop:1067 - [batch pdf 3] 586/2337
2026-09-30 05:34:10.112 | INFO     | __main__:_loop:1067 - [batch pdf 3] 588/2337
2026-09-30 05:34:15.140 | INFO     | __main__:_loop:1067 - [batch pdf 3] 591/2337
2026-09-30 05:34:20.160 | INFO     | __main__:_loop:1067 - [batch pdf 3] 594/2337
2026-09-30 05:34:25.187 | INFO     | __main__:_loop:1067 - [batch pdf 3] 596/2337
2026-09-30 05:34:30.215 | INFO     | __main__:_loop:1067 - [batch pdf 3] 597/2337
2026-09-30 05:34:35.247 | INFO     | __main__:_loop:1067 - [batch pdf 3] 599/2337
2026-09-30 05:34:40.269 | INFO     | __main__:_loop:1067 - [batch pdf 3] 601/2337
2026-09-30 05:34:45.312 | INFO     | __main__:_loop:1067 - [batch pdf 3] 604/2337
2026-09-30 05:34:50.376 | INFO     | __main__:_loop:1067 - [batch pdf 3] 606/2337
2026-09-30 05:34:55.406 | INFO     | __main__:_loop:1067 - [batch pdf 3] 609/2337
2026-09-30 05:35:00.435 | INFO     | __main__:_loop:1067 - [batch pdf 3] 612/2337
2026-09-30 05:35:05.494 | INFO     | __main__:_loop:1067 - [batch pdf 3] 614/2337
2026-09-30 05:35:10.521 | INFO     | __main__:_loop:1067 - [batch pdf 3] 617/2337
2026-09-30 05:35:15.553 | INFO     | __main__:_loop:1067 - [batch pdf 3] 620/2337
2026-09-30 05:35:20.584 | INFO     | __main__:_loop:1067 - [batch pdf 3] 622/2337
2026-09-30 05:35:25.635 | INFO     | __main__:_loop:1067 - [batch pdf 3] 625/2337
2026-09-30 05:35:30.680 | INFO     | __main__:_loop:1067 - [batch pdf 3] 626/2337
2026-09-30 05:35:40.718 | INFO     | __main__:_loop:1067 - [batch pdf 3] 628/2337
2026-09-30 05:35:45.739 | INFO     | __main__:_loop:1067 - [batch pdf 3] 631/2337
2026-09-30 05:35:50.764 | INFO     | __main__:_loop:1067 - [batch pdf 3] 633/2337
2026-09-30 05:35:55.797 | INFO     | __main__:_loop:1067 - [batch pdf 3] 636/2337
2026-09-30 05:36:00.835 | INFO     | __main__:_loop:1067 - [batch pdf 3] 638/2337
2026-09-30 05:36:05.859 | INFO     | __main__:_loop:1067 - [batch pdf 3] 641/2337
2026-09-30 05:36:10.885 | INFO     | __main__:_loop:1067 - [batch pdf 3] 643/2337
2026-09-30 05:36:15.915 | INFO     | __main__:_loop:1067 - [batch pdf 3] 646/2337
2026-09-30 05:36:20.950 | INFO     | __main__:_loop:1067 - [batch pdf 3] 648/2337
2026-09-30 05:36:25.975 | INFO     | __main__:_loop:1067 - [batch pdf 3] 651/2337
2026-09-30 05:36:31.038 | INFO     | __main__:_loop:1067 - [batch pdf 3] 653/2337
2026-09-30 05:36:36.065 | INFO     | __main__:_loop:1067 - [batch pdf 3] 655/2337
2026-09-30 05:36:41.092 | INFO     | __main__:_loop:1067 - [batch pdf 3] 658/2337
2026-09-30 05:36:46.119 | INFO     | __main__:_loop:1067 - [batch pdf 3] 660/2337
2026-09-30 05:36:51.139 | INFO     | __main__:_loop:1067 - [batch pdf 3] 662/2337
2026-09-30 05:36:56.167 | INFO     | __main__:_loop:1067 - [batch pdf 3] 664/2337
2026-09-30 05:37:01.195 | INFO     | __main__:_loop:1067 - [batch pdf 3] 667/2337
2026-09-30 05:37:06.224 | INFO     | __main__:_loop:1067 - [batch pdf 3] 669/2337
2026-09-30 05:37:11.255 | INFO     | __main__:_loop:1067 - [batch pdf 3] 671/2337
2026-09-30 05:37:16.293 | INFO     | __main__:_loop:1067 - [batch pdf 3] 674/2337
2026-09-30 05:37:21.346 | INFO     | __main__:_loop:1067 - [batch pdf 3] 676/2337
2026-09-30 05:37:26.404 | INFO     | __main__:_loop:1067 - [batch pdf 3] 678/2337
2026-09-30 05:37:31.428 | INFO     | __main__:_loop:1067 - [batch pdf 3] 680/2337
2026-09-30 05:37:36.457 | INFO     | __main__:_loop:1067 - [batch pdf 3] 683/2337
2026-09-30 05:37:41.487 | INFO     | __main__:_loop:1067 - [batch pdf 3] 685/2337
2026-09-30 05:37:46.530 | INFO     | __main__:_loop:1067 - [batch pdf 3] 687/2337
2026-09-30 05:37:51.556 | INFO     | __main__:_loop:1067 - [batch pdf 3] 690/2337
2026-09-30 05:37:56.585 | INFO     | __main__:_loop:1067 - [batch pdf 3] 692/2337
2026-09-30 05:38:01.621 | INFO     | __main__:_loop:1067 - [batch pdf 3] 694/2337
2026-09-30 05:38:06.642 | INFO     | __main__:_loop:1067 - [batch pdf 3] 697/2337
2026-09-30 05:38:11.670 | INFO     | __main__:_loop:1067 - [batch pdf 3] 699/2337
2026-09-30 05:39:00.433 | WARNING  | __main__:_loop:1072 - [batch pdf 3] item 700/2337 open for more than 30 s:
-- Word windows {name, subrole}: , missing value
-- Word window text: 
-- crash reporters: 
-- batch-pdf-3.log:
[ok]	274
[ok]	275
[ok]	276
[ok]	277
[ok]	278
[ok]	279
[ok]	280
[ok]	281
[ok]	282
[ok]	283
[ok]	284
[ok]	285
[ok]	286
[ok]	287
[ok]	288
[ok]	289
[ok]	290
[ok]	291
[ok]	292
[ok]	293
[ok]	294
[ok]	295
[ok]	296
[ok]	297
[ok]	298
[ok]	299
[ok]	300
[ok]	301
[ok]	302
[ok]	303
[ok]	304
[ok]	305
[ok]	306
[ok]	307
[ok]	308
[ok]	309
[ok]	310
[ok]	311
[ok]	312
[ok]	313
[ok]	314
[ok]	315
[ok]	316
[ok]	317
[ok]	318
[ok]	319
[ok]	320
[ok]	321
[ok]	322
[ok]	323
[ok]	324
[ok]	325
[ok]	326
[ok]	327
[ok]	328
[ok]	329
[ok]	330
[ok]	331
[ok]	332
[ok]	333
[ok]	334
[ok]	335
[ok]	336
[ok]	337
[ok]	338
[ok]	339
[ok]	340
[ok]	341
[ok]	342
[ok]	343
[ok]	344
[ok]	345
[ok]	346
[ok]	347
[ok]	348
[ok]	349
[ok]	350
[ok]	351
[ok]	352
[ok]	353
[ok]	354
[ok]	355
[ok]	356
[ok]	357
[ok]	358
[ok]	359
[ok]	360
[ok]	361
[ok]	362
[ok]	363
[ok]	364
[ok]	365
[ok]	366
[ok]	367
[ok]	368
[ok]	369
[ok]	370
[ok]	371
[ok]	372
[ok]	373
[ok]	374
[ok]	375
[ok]	376
[ok]	377
[ok]	378
[ok]	379
[ok]	380
[ok]	381
[ok]	382
[ok]	383
[ok]	384
[ok]	385
[ok]	386
[ok]	387
[ok]	388
[ok]	389
[ok]	390
[ok]	391
[ok]	392
[ok]	393
[ok]	394
[ok]	395
[ok]	396
[ok]	397
[ok]	398
[ok]	399
[ok]	400
[ok]	401
[ok]	402
[ok]	403
[ok]	404
[ok]	405
[ok]	406
[ok]	407
[ok]	408
[ok]	409
[ok]	410
[ok]	411
[ok]	412
[ok]	413
[ok]	414
[ok]	415
[ok]	416
[ok]	417
[ok]	418
[ok]	419
[ok]	420
[ok]	421
[ok]	422
[ok]	423
[ok]	424
[ok]	425
[ok]	426
[ok]	427
[ok]	428
[ok]	429
[ok]	430
[ok]	431
[ok]	432
[ok]	433
[ok]	434
[ok]	435
[ok]	436
[ok]	437
[ok]	438
[ok]	439
[ok]	440
[ok]	441
[ok]	442
[ok]	443
[ok]	444
[ok]	445
[ok]	446
[ok]	447
[ok]	448
[ok]	449
[ok]	450
[ok]	451
[ok]	452
[ok]	453
[ok]	454
[ok]	455
[ok]	456
[ok]	457
[ok]	458
[ok]	459
[ok]	460
[ok]	461
[ok]	462
[ok]	463
[ok]	464
[ok]	465
[ok]	466
[ok]	467
[ok]	468
[ok]	469
[ok]	470
[ok]	471
[ok]	472
[ok]	473
[ok]	474
[ok]	475
[ok]	476
[ok]	477
[ok]	478
[ok]	479
[ok]	480
[ok]	481
[ok]	482
[ok]	483
[ok]	484
[ok]	485
[ok]	486
[ok]	487
[ok]	488
[ok]	489
[ok]	490
[ok]	491
[ok]	492
[ok]	493
[ok]	494
[ok]	495
[ok]	496
[ok]	497
[ok]	498
[ok]	499
[ok]	500
[ok]	501
[ok]	502
[ok]	503
[ok]	504
[ok]	505
[ok]	506
[ok]	507
[ok]	508
[ok]	509
[ok]	510
[ok]	511
[ok]	512
[ok]	513
[ok]	514
[ok]	515
[ok]	516
[ok]	517
[ok]	518
[ok]	519
[ok]	520
[ok]	521
[ok]	522
[ok]	523
[ok]	524
[ok]	525
[ok]	526
[ok]	527
[ok]	528
[ok]	529
[ok]	530
[ok]	531
[ok]	532
[ok]	533
[ok]	534
[ok]	535
[ok]	536
[ok]	537
[ok]	538
[ok]	539
[ok]	540
[ok]	541
[ok]	542
[ok]	543
[ok]	544
[ok]	545
[ok]	546
[ok]	547
[ok]	548
[ok]	549
[ok]	550
[ok]	551
[ok]	552
[ok]	553
[ok]	554
[ok]	555
[ok]	556
[ok]	557
[ok]	558
[ok]	559
[ok]	560
[ok]	561
[ok]	562
[ok]	563
[ok]	564
[ok]	565
[ok]	566
[ok]	567
[ok]	568
[ok]	569
[ok]	570
[ok]	571
[ok]	572
[ok]	573
[ok]	574
[ok]	575
[ok]	576
[ok]	577
[ok]	578
[ok]	579
[ok]	580
[ok]	581
[ok]	582
[ok]	583
[ok]	584
[ok]	585
[ok]	586
[ok]	587
[ok]	588
[ok]	589
[ok]	590
[ok]	591
[ok]	592
[ok]	593
[ok]	594
[ok]	595
[ok]	596
[ok]	597
[ok]	598
[ok]	599
[ok]	600
[ok]	601
[ok]	602
[ok]	603
[ok]	604
[ok]	605
[ok]	606
[ok]	607
[ok]	608
[ok]	609
[ok]	610
[ok]	611
[ok]	612
[ok]	613
[ok]	614
[ok]	615
[ok]	616
[ok]	617
[ok]	618
[ok]	619
[ok]	620
[ok]	621
[ok]	622
[ok]	623
[ok]	624
[ok]	625
[ok]	626
[ok]	627
[ok]	628
[ok]	629
[ok]	630
[ok]	631
[ok]	632
[ok]	633
[ok]	634
[ok]	635
[ok]	636
[ok]	637
[ok]	638
[ok]	639
[ok]	640
[ok]	641
[ok]	642
[ok]	643
[ok]	644
[ok]	645
[ok]	646
[ok]	647
[ok]	648
[ok]	649
[ok]	650
[ok]	651
[ok]	652
[ok]	653
[ok]	654
[ok]	655
[ok]	656
[ok]	657
[ok]	658
[ok]	659
[ok]	660
[ok]	661
[ok]	662
[ok]	663
[ok]	664
[ok]	665
[ok]	666
[ok]	667
[ok]	668
[ok]	669
[ok]	670
[ok]	671
[ok]	672
[ok]	673
[ok]	674
[ok]	675
[ok]	676
[ok]	677
[ok]	678
[ok]	679
[ok]	680
[ok]	681
[ok]	682
[ok]	683
[ok]	684
[ok]	685
[ok]	686
[ok]	687
[ok]	688
[ok]	689
[ok]	690
[ok]	691
[ok]	692
[ok]	693
[ok]	694
[ok]	695
[ok]	696
[ok]	697
[ok]	698
[ok]	699
[ok]	700
[ok]	701
[ok]	702
[ok]	703
[ok]	704
[ok]	705
[ok]	706
[ok]	707
[ok]	708
[ok]	709
[ok]	710
[ok]	711
[ok]	712
[ok]	713
[ok]	714
[ok]	715
[ok]	716
[ok]	717
[ok]	718
[ok]	719
[ok]	720
[ok]	721
[ok]	722
[ok]	723
[ok]	724
[ok]	725
[ok]	726
[ok]	727
[ok]	728
[ok]	729
[ok]	730
[ok]	731
[ok]	732
[ok]	733
[ok]	734
[ok]	735
[ok]	736
[ok]	737
[ok]	738
[ok]	739
[ok]	740
[ok]	741
[ok]	742
[ok]	743
[ok]	744
[ok]	745
[ok]	746
[ok]	747
[ok]	748
[ok]	749
[ok]	750
[ok]	751
[ok]	752
[ok]	753
[ok]	754
[ok]	755
[ok]	756
[ok]	757
[ok]	758
[ok]	759
[ok]	760
[ok]	761
[ok]	762
[ok]	763
[ok]	764
[ok]	765
[ok]	766
[ok]	767
[ok]	768
[ok]	769
[ok]	770
[ok]	771
[ok]	772
[ok]	773
[ok]	774
[ok]	775
[ok]	776
[ok]	777
[ok]	778
[ok]	779
[ok]	780
[ok]	781
[ok]	782
[ok]	783
[ok]	784
[ok]	785
[ok]	786
[ok]	787
[ok]	788
[ok]	789
[ok]	790
[ok]	791
[ok]	792
[ok]	793
[ok]	794
[ok]	795
[ok]	796
[ok]	797
[ok]	798
[ok]	799
[ok]	800
[ok]	801
[ok]	802
[ok]	803
[ok]	804
[ok]	805
[ok]	806
[ok]	807
[ok]	808
[ok]	809
[ok]	810
[ok]	811
[ok]	812
[ok]	813
[ok]	814
[ok]	815
[ok]	816
[ok]	817
[ok]	818
[ok]	819
[ok]	820
[ok]	821
[ok]	822
[ok]	823
[ok]	824
[ok]	825
[ok]	826
[ok]	827
[ok]	828
[ok]	829
[ok]	830
[ok]	831
[ok]	832
[ok]	833
[ok]	834
[ok]	835
[ok]	836
[ok]	837
[ok]	838
[ok]	839
[ok]	840
[ok]	841
[ok]	842
[ok]	843
[ok]	844
[ok]	845
[ok]	846
[ok]	847
[ok]	848
[ok]	849
[ok]	850
[ok]	851
[ok]	852
[ok]	853
[ok]	854
[ok]	855
[ok]	856
[ok]	857
[ok]	858
[ok]	859
[ok]	860
[ok]	861
[ok]	862
[ok]	863
[ok]	864
[ok]	865
[ok]	866
[ok]	867
[ok]	868
[ok]	869
[ok]	870
[ok]	871
[ok]	872
[ok]	873
[ok]	874
[ok]	875
[ok]	876
[ok]	877
[ok]	878
[ok]	879
[ok]	880
[ok]	881
[ok]	882
[ok]	883
[ok]	884
[ok]	885
[ok]	886
[ok]	887
[ok]	888
[ok]	889
[ok]	890
[ok]	891
[ok]	892
[ok]	893
[ok]	894
[ok]	895
[ok]	896
[ok]	897
[ok]	898
[ok]	899
[ok]	900
[ok]	901
[ok]	902
[ok]	903
[ok]	904
[ok]	905
[ok]	906
[ok]	907
[ok]	908
[ok]	909
[ok]	910
[ok]	911
[ok]	912
[ok]	913
[ok]	914
[ok]	915
[ok]	916
[ok]	917
[ok]	918
[ok]	919
[ok]	920
[ok]	921
[ok]	922
[ok]	923
[ok]	924
[ok]	925
[ok]	926
[ok]	927
[ok]	928
[ok]	929
[ok]	930
[ok]	931
[ok]	932
[ok]	933
[ok]	934
[ok]	935
[ok]	936
[ok]	937
[ok]	938
[ok]	939
[ok]	940
[ok]	941
[ok]	942
[ok]	943
[ok]	944
[ok]	945
[ok]	946
[ok]	947
[ok]	948
[ok]	949
[ok]	950
[ok]	951
[ok]	952
[ok]	953
[ok]	954
[ok]	955
[ok]	956
[ok]	957
[ok]	958
[ok]	959
[ok]	960
[ok]	961
[ok]	962
[ok]	963
[ok]	964
[ok]	965
[ok]	966
[ok]	967
[ok]	968
[ok]	969
[ok]	970
[ok]	971
[ok]	972
[ok]	973
[ok]	974
[ok]	975
[ok]	976
[ok]	977
-- newest diagnostic reports: jub_b19-2026-09-30-052944.0006.ips, jub_b19-2026-09-30-052944.0005.ips, jub_b19-2026-09-30-052944.0004.ips, jub_b19-2026-09-30-052944.0003.ips, jub_b19-2026-09-30-052944.0002.ips
2026-09-30 05:39:09.801 | INFO     | __main__:_loop:1067 - [batch pdf 3] 708/2337
2026-09-30 05:39:14.828 | INFO     | __main__:_loop:1067 - [batch pdf 3] 710/2337
2026-09-30 05:39:19.851 | INFO     | __main__:_loop:1067 - [batch pdf 3] 712/2337
2026-09-30 05:39:24.898 | INFO     | __main__:_loop:1067 - [batch pdf 3] 714/2337
2026-09-30 05:39:29.924 | INFO     | __main__:_loop:1067 - [batch pdf 3] 716/2337
2026-09-30 05:39:34.953 | INFO     | __main__:_loop:1067 - [batch pdf 3] 718/2337
2026-09-30 05:39:39.996 | INFO     | __main__:_loop:1067 - [batch pdf 3] 720/2337
2026-09-30 05:39:45.023 | INFO     | __main__:_loop:1067 - [batch pdf 3] 722/2337
2026-09-30 05:39:50.057 | INFO     | __main__:_loop:1067 - [batch pdf 3] 723/2337
2026-09-30 05:39:55.086 | INFO     | __main__:_loop:1067 - [batch pdf 3] 725/2337
2026-09-30 05:40:00.126 | INFO     | __main__:_loop:1067 - [batch pdf 3] 727/2337
2026-09-30 05:40:05.178 | INFO     | __main__:_loop:1067 - [batch pdf 3] 729/2337
2026-09-30 05:40:10.211 | INFO     | __main__:_loop:1067 - [batch pdf 3] 731/2337
2026-09-30 05:40:15.232 | INFO     | __main__:_loop:1067 - [batch pdf 3] 733/2337
2026-09-30 05:40:20.262 | INFO     | __main__:_loop:1067 - [batch pdf 3] 736/2337
2026-09-30 05:40:25.319 | INFO     | __main__:_loop:1067 - [batch pdf 3] 737/2337
2026-09-30 05:40:30.345 | INFO     | __main__:_loop:1067 - [batch pdf 3] 738/2337
2026-09-30 05:40:35.370 | INFO     | __main__:_loop:1067 - [batch pdf 3] 740/2337
2026-09-30 05:40:40.408 | INFO     | __main__:_loop:1067 - [batch pdf 3] 742/2337
2026-09-30 05:40:45.455 | INFO     | __main__:_loop:1067 - [batch pdf 3] 743/2337
2026-09-30 05:40:50.491 | INFO     | __main__:_loop:1067 - [batch pdf 3] 745/2337
2026-09-30 05:40:55.521 | INFO     | __main__:_loop:1067 - [batch pdf 3] 747/2337
2026-09-30 05:41:00.546 | INFO     | __main__:_loop:1067 - [batch pdf 3] 748/2337
2026-09-30 05:41:05.584 | INFO     | __main__:_loop:1067 - [batch pdf 3] 750/2337
2026-09-30 05:41:10.607 | INFO     | __main__:_loop:1067 - [batch pdf 3] 753/2337
2026-09-30 05:41:15.627 | INFO     | __main__:_loop:1067 - [batch pdf 3] 755/2337
2026-09-30 05:41:20.655 | INFO     | __main__:_loop:1067 - [batch pdf 3] 758/2337
2026-09-30 05:41:25.679 | INFO     | __main__:_loop:1067 - [batch pdf 3] 760/2337
2026-09-30 05:41:30.708 | INFO     | __main__:_loop:1067 - [batch pdf 3] 762/2337
2026-09-30 05:41:35.735 | INFO     | __main__:_loop:1067 - [batch pdf 3] 765/2337
2026-09-30 05:41:40.760 | INFO     | __main__:_loop:1067 - [batch pdf 3] 768/2337
2026-09-30 05:41:45.786 | INFO     | __main__:_loop:1067 - [batch pdf 3] 772/2337
2026-09-30 05:41:50.811 | INFO     | __main__:_loop:1067 - [batch pdf 3] 775/2337
2026-09-30 05:41:55.836 | INFO     | __main__:_loop:1067 - [batch pdf 3] 779/2337
2026-09-30 05:42:00.862 | INFO     | __main__:_loop:1067 - [batch pdf 3] 783/2337
2026-09-30 05:42:05.888 | INFO     | __main__:_loop:1067 - [batch pdf 3] 786/2337
2026-09-30 05:42:10.913 | INFO     | __main__:_loop:1067 - [batch pdf 3] 790/2337
2026-09-30 05:42:15.937 | INFO     | __main__:_loop:1067 - [batch pdf 3] 794/2337
2026-09-30 05:42:20.958 | INFO     | __main__:_loop:1067 - [batch pdf 3] 797/2337
2026-09-30 05:42:25.983 | INFO     | __main__:_loop:1067 - [batch pdf 3] 800/2337
2026-09-30 05:42:31.008 | INFO     | __main__:_loop:1067 - [batch pdf 3] 804/2337
2026-09-30 05:42:36.034 | INFO     | __main__:_loop:1067 - [batch pdf 3] 808/2337
2026-09-30 05:42:41.059 | INFO     | __main__:_loop:1067 - [batch pdf 3] 811/2337
2026-09-30 05:42:46.092 | INFO     | __main__:_loop:1067 - [batch pdf 3] 814/2337
2026-09-30 05:42:51.117 | INFO     | __main__:_loop:1067 - [batch pdf 3] 818/2337
2026-09-30 05:42:56.138 | INFO     | __main__:_loop:1067 - [batch pdf 3] 822/2337
2026-09-30 05:43:01.163 | INFO     | __main__:_loop:1067 - [batch pdf 3] 825/2337
2026-09-30 05:43:06.190 | INFO     | __main__:_loop:1067 - [batch pdf 3] 828/2337
2026-09-30 05:43:11.217 | INFO     | __main__:_loop:1067 - [batch pdf 3] 829/2337
2026-09-30 05:43:16.242 | INFO     | __main__:_loop:1067 - [batch pdf 3] 832/2337
2026-09-30 05:43:21.265 | INFO     | __main__:_loop:1067 - [batch pdf 3] 834/2337
2026-09-30 05:43:26.289 | INFO     | __main__:_loop:1067 - [batch pdf 3] 838/2337
2026-09-30 05:43:31.307 | INFO     | __main__:_loop:1067 - [batch pdf 3] 841/2337
2026-09-30 05:43:36.330 | INFO     | __main__:_loop:1067 - [batch pdf 3] 845/2337
2026-09-30 05:43:41.356 | INFO     | __main__:_loop:1067 - [batch pdf 3] 848/2337
2026-09-30 05:43:46.377 | INFO     | __main__:_loop:1067 - [batch pdf 3] 851/2337
2026-09-30 05:43:51.399 | INFO     | __main__:_loop:1067 - [batch pdf 3] 854/2337
2026-09-30 05:43:56.416 | INFO     | __main__:_loop:1067 - [batch pdf 3] 857/2337
2026-09-30 05:44:01.441 | INFO     | __main__:_loop:1067 - [batch pdf 3] 860/2337
2026-09-30 05:44:06.461 | INFO     | __main__:_loop:1067 - [batch pdf 3] 863/2337
2026-09-30 05:44:11.487 | INFO     | __main__:_loop:1067 - [batch pdf 3] 865/2337
2026-09-30 05:44:16.514 | INFO     | __main__:_loop:1067 - [batch pdf 3] 867/2337
2026-09-30 05:44:21.532 | INFO     | __main__:_loop:1067 - [batch pdf 3] 869/2337
2026-09-30 05:44:26.559 | INFO     | __main__:_loop:1067 - [batch pdf 3] 870/2337
2026-09-30 05:44:31.591 | INFO     | __main__:_loop:1067 - [batch pdf 3] 872/2337
2026-09-30 05:44:36.616 | INFO     | __main__:_loop:1067 - [batch pdf 3] 876/2337
2026-09-30 05:44:41.643 | INFO     | __main__:_loop:1067 - [batch pdf 3] 879/2337
2026-09-30 05:44:46.669 | INFO     | __main__:_loop:1067 - [batch pdf 3] 881/2337
2026-09-30 05:44:51.695 | INFO     | __main__:_loop:1067 - [batch pdf 3] 885/2337
2026-09-30 05:44:56.718 | INFO     | __main__:_loop:1067 - [batch pdf 3] 888/2337
2026-09-30 05:45:01.743 | INFO     | __main__:_loop:1067 - [batch pdf 3] 891/2337
2026-09-30 05:45:06.769 | INFO     | __main__:_loop:1067 - [batch pdf 3] 894/2337
2026-09-30 05:45:11.792 | INFO     | __main__:_loop:1067 - [batch pdf 3] 897/2337
2026-09-30 05:45:16.812 | INFO     | __main__:_loop:1067 - [batch pdf 3] 900/2337
2026-09-30 05:45:21.832 | INFO     | __main__:_loop:1067 - [batch pdf 3] 904/2337
2026-09-30 05:45:26.858 | INFO     | __main__:_loop:1067 - [batch pdf 3] 907/2337
2026-09-30 05:45:31.885 | INFO     | __main__:_loop:1067 - [batch pdf 3] 910/2337
2026-09-30 05:45:36.915 | INFO     | __main__:_loop:1067 - [batch pdf 3] 914/2337
2026-09-30 05:45:41.939 | INFO     | __main__:_loop:1067 - [batch pdf 3] 916/2337
2026-09-30 05:45:46.964 | INFO     | __main__:_loop:1067 - [batch pdf 3] 920/2337
2026-09-30 05:45:51.991 | INFO     | __main__:_loop:1067 - [batch pdf 3] 923/2337
2026-09-30 05:45:57.016 | INFO     | __main__:_loop:1067 - [batch pdf 3] 926/2337
2026-09-30 05:46:02.043 | INFO     | __main__:_loop:1067 - [batch pdf 3] 929/2337
2026-09-30 05:46:07.073 | INFO     | __main__:_loop:1067 - [batch pdf 3] 933/2337
2026-09-30 05:46:12.096 | INFO     | __main__:_loop:1067 - [batch pdf 3] 936/2337
2026-09-30 05:46:17.121 | INFO     | __main__:_loop:1067 - [batch pdf 3] 939/2337
2026-09-30 05:46:22.141 | INFO     | __main__:_loop:1067 - [batch pdf 3] 943/2337
2026-09-30 05:46:27.165 | INFO     | __main__:_loop:1067 - [batch pdf 3] 946/2337
2026-09-30 05:46:32.184 | INFO     | __main__:_loop:1067 - [batch pdf 3] 949/2337
2026-09-30 05:46:37.209 | INFO     | __main__:_loop:1067 - [batch pdf 3] 952/2337
2026-09-30 05:46:42.237 | INFO     | __main__:_loop:1067 - [batch pdf 3] 955/2337
2026-09-30 05:46:47.262 | INFO     | __main__:_loop:1067 - [batch pdf 3] 959/2337
2026-09-30 05:46:52.287 | INFO     | __main__:_loop:1067 - [batch pdf 3] 962/2337
2026-09-30 05:46:57.311 | INFO     | __main__:_loop:1067 - [batch pdf 3] 965/2337
2026-09-30 05:47:02.332 | INFO     | __main__:_loop:1067 - [batch pdf 3] 969/2337
2026-09-30 05:47:07.357 | INFO     | __main__:_loop:1067 - [batch pdf 3] 971/2337
2026-09-30 05:47:12.376 | INFO     | __main__:_loop:1067 - [batch pdf 3] 974/2337
2026-09-30 05:47:17.407 | INFO     | __main__:_loop:1067 - [batch pdf 3] 978/2337
2026-09-30 05:47:22.433 | INFO     | __main__:_loop:1067 - [batch pdf 3] 981/2337
2026-09-30 05:47:27.454 | INFO     | __main__:_loop:1067 - [batch pdf 3] 984/2337
2026-09-30 05:47:32.480 | INFO     | __main__:_loop:1067 - [batch pdf 3] 987/2337
2026-09-30 05:47:37.506 | INFO     | __main__:_loop:1067 - [batch pdf 3] 990/2337
2026-09-30 05:47:42.531 | INFO     | __main__:_loop:1067 - [batch pdf 3] 993/2337
2026-09-30 05:47:47.556 | INFO     | __main__:_loop:1067 - [batch pdf 3] 995/2337
2026-09-30 05:47:52.588 | INFO     | __main__:_loop:1067 - [batch pdf 3] 999/2337
2026-09-30 05:47:57.613 | INFO     | __main__:_loop:1067 - [batch pdf 3] 1002/2337
2026-09-30 05:48:02.635 | INFO     | __main__:_loop:1067 - [batch pdf 3] 1005/2337
2026-09-30 05:48:07.680 | INFO     | __main__:_loop:1067 - [batch pdf 3] 1007/2337
2026-09-30 05:48:12.700 | INFO     | __main__:_loop:1067 - [batch pdf 3] 1010/2337
2026-09-30 05:48:17.722 | INFO     | __main__:_loop:1067 - [batch pdf 3] 1012/2337
2026-09-30 05:49:07.900 | WARNING  | __main__:_loop:1072 - [batch pdf 3] item 1013/2337 open for more than 30 s:
-- Word windows {name, subrole}: ,
-- Word window text: 
-- crash reporters: 
-- batch-pdf-3.log:
[ok]	274
[ok]	275
[ok]	276
[ok]	277
[ok]	278
[ok]	279
[ok]	280
[ok]	281
[ok]	282
[ok]	283
[ok]	284
[ok]	285
[ok]	286
[ok]	287
[ok]	288
[ok]	289
[ok]	290
[ok]	291
[ok]	292
[ok]	293
[ok]	294
[ok]	295
[ok]	296
[ok]	297
[ok]	298
[ok]	299
[ok]	300
[ok]	301
[ok]	302
[ok]	303
[ok]	304
[ok]	305
[ok]	306
[ok]	307
[ok]	308
[ok]	309
[ok]	310
[ok]	311
[ok]	312
[ok]	313
[ok]	314
[ok]	315
[ok]	316
[ok]	317
[ok]	318
[ok]	319
[ok]	320
[ok]	321
[ok]	322
[ok]	323
[ok]	324
[ok]	325
[ok]	326
[ok]	327
[ok]	328
[ok]	329
[ok]	330
[ok]	331
[ok]	332
[ok]	333
[ok]	334
[ok]	335
[ok]	336
[ok]	337
[ok]	338
[ok]	339
[ok]	340
[ok]	341
[ok]	342
[ok]	343
[ok]	344
[ok]	345
[ok]	346
[ok]	347
[ok]	348
[ok]	349
[ok]	350
[ok]	351
[ok]	352
[ok]	353
[ok]	354
[ok]	355
[ok]	356
[ok]	357
[ok]	358
[ok]	359
[ok]	360
[ok]	361
[ok]	362
[ok]	363
[ok]	364
[ok]	365
[ok]	366
[ok]	367
[ok]	368
[ok]	369
[ok]	370
[ok]	371
[ok]	372
[ok]	373
[ok]	374
[ok]	375
[ok]	376
[ok]	377
[ok]	378
[ok]	379
[ok]	380
[ok]	381
[ok]	382
[ok]	383
[ok]	384
[ok]	385
[ok]	386
[ok]	387
[ok]	388
[ok]	389
[ok]	390
[ok]	391
[ok]	392
[ok]	393
[ok]	394
[ok]	395
[ok]	396
[ok]	397
[ok]	398
[ok]	399
[ok]	400
[ok]	401
[ok]	402
[ok]	403
[ok]	404
[ok]	405
[ok]	406
[ok]	407
[ok]	408
[ok]	409
[ok]	410
[ok]	411
[ok]	412
[ok]	413
[ok]	414
[ok]	415
[ok]	416
[ok]	417
[ok]	418
[ok]	419
[ok]	420
[ok]	421
[ok]	422
[ok]	423
[ok]	424
[ok]	425
[ok]	426
[ok]	427
[ok]	428
[ok]	429
[ok]	430
[ok]	431
[ok]	432
[ok]	433
[ok]	434
[ok]	435
[ok]	436
[ok]	437
[ok]	438
[ok]	439
[ok]	440
[ok]	441
[ok]	442
[ok]	443
[ok]	444
[ok]	445
[ok]	446
[ok]	447
[ok]	448
[ok]	449
[ok]	450
[ok]	451
[ok]	452
[ok]	453
[ok]	454
[ok]	455
[ok]	456
[ok]	457
[ok]	458
[ok]	459
[ok]	460
[ok]	461
[ok]	462
[ok]	463
[ok]	464
[ok]	465
[ok]	466
[ok]	467
[ok]	468
[ok]	469
[ok]	470
[ok]	471
[ok]	472
[ok]	473
[ok]	474
[ok]	475
[ok]	476
[ok]	477
[ok]	478
[ok]	479
[ok]	480
[ok]	481
[ok]	482
[ok]	483
[ok]	484
[ok]	485
[ok]	486
[ok]	487
[ok]	488
[ok]	489
[ok]	490
[ok]	491
[ok]	492
[ok]	493
[ok]	494
[ok]	495
[ok]	496
[ok]	497
[ok]	498
[ok]	499
[ok]	500
[ok]	501
[ok]	502
[ok]	503
[ok]	504
[ok]	505
[ok]	506
[ok]	507
[ok]	508
[ok]	509
[ok]	510
[ok]	511
[ok]	512
[ok]	513
[ok]	514
[ok]	515
[ok]	516
[ok]	517
[ok]	518
[ok]	519
[ok]	520
[ok]	521
[ok]	522
[ok]	523
[ok]	524
[ok]	525
[ok]	526
[ok]	527
[ok]	528
[ok]	529
[ok]	530
[ok]	531
[ok]	532
[ok]	533
[ok]	534
[ok]	535
[ok]	536
[ok]	537
[ok]	538
[ok]	539
[ok]	540
[ok]	541
[ok]	542
[ok]	543
[ok]	544
[ok]	545
[ok]	546
[ok]	547
[ok]	548
[ok]	549
[ok]	550
[ok]	551
[ok]	552
[ok]	553
[ok]	554
[ok]	555
[ok]	556
[ok]	557
[ok]	558
[ok]	559
[ok]	560
[ok]	561
[ok]	562
[ok]	563
[ok]	564
[ok]	565
[ok]	566
[ok]	567
[ok]	568
[ok]	569
[ok]	570
[ok]	571
[ok]	572
[ok]	573
[ok]	574
[ok]	575
[ok]	576
[ok]	577
[ok]	578
[ok]	579
[ok]	580
[ok]	581
[ok]	582
[ok]	583
[ok]	584
[ok]	585
[ok]	586
[ok]	587
[ok]	588
[ok]	589
[ok]	590
[ok]	591
[ok]	592
[ok]	593
[ok]	594
[ok]	595
[ok]	596
[ok]	597
[ok]	598
[ok]	599
[ok]	600
[ok]	601
[ok]	602
[ok]	603
[ok]	604
[ok]	605
[ok]	606
[ok]	607
[ok]	608
[ok]	609
[ok]	610
[ok]	611
[ok]	612
[ok]	613
[ok]	614
[ok]	615
[ok]	616
[ok]	617
[ok]	618
[ok]	619
[ok]	620
[ok]	621
[ok]	622
[ok]	623
[ok]	624
[ok]	625
[ok]	626
[ok]	627
[ok]	628
[ok]	629
[ok]	630
[ok]	631
[ok]	632
[ok]	633
[ok]	634
[ok]	635
[ok]	636
[ok]	637
[ok]	638
[ok]	639
[ok]	640
[ok]	641
[ok]	642
[ok]	643
[ok]	644
[ok]	645
[ok]	646
[ok]	647
[ok]	648
[ok]	649
[ok]	650
[ok]	651
[ok]	652
[ok]	653
[ok]	654
[ok]	655
[ok]	656
[ok]	657
[ok]	658
[ok]	659
[ok]	660
[ok]	661
[ok]	662
[ok]	663
[ok]	664
[ok]	665
[ok]	666
[ok]	667
[ok]	668
[ok]	669
[ok]	670
[ok]	671
[ok]	672
[ok]	673
[ok]	674
[ok]	675
[ok]	676
[ok]	677
[ok]	678
[ok]	679
[ok]	680
[ok]	681
[ok]	682
[ok]	683
[ok]	684
[ok]	685
[ok]	686
[ok]	687
[ok]	688
[ok]	689
[ok]	690
[ok]	691
[ok]	692
[ok]	693
[ok]	694
[ok]	695
[ok]	696
[ok]	697
[ok]	698
[ok]	699
[ok]	700
[ok]	701
[ok]	702
[ok]	703
[ok]	704
[ok]	705
[ok]	706
[ok]	707
[ok]	708
[ok]	709
[ok]	710
[ok]	711
[ok]	712
[ok]	713
[ok]	714
[ok]	715
[ok]	716
[ok]	717
[ok]	718
[ok]	719
[ok]	720
[ok]	721
[ok]	722
[ok]	723
[ok]	724
[ok]	725
[ok]	726
[ok]	727
[ok]	728
[ok]	729
[ok]	730
[ok]	731
[ok]	732
[ok]	733
[ok]	734
[ok]	735
[ok]	736
[ok]	737
[ok]	738
[ok]	739
[ok]	740
[ok]	741
[ok]	742
[ok]	743
[ok]	744
[ok]	745
[ok]	746
[ok]	747
[ok]	748
[ok]	749
[ok]	750
[ok]	751
[ok]	752
[ok]	753
[ok]	754
[ok]	755
[ok]	756
[ok]	757
[ok]	758
[ok]	759
[ok]	760
[ok]	761
[ok]	762
[ok]	763
[ok]	764
[ok]	765
[ok]	766
[ok]	767
[ok]	768
[ok]	769
[ok]	770
[ok]	771
[ok]	772
[ok]	773
[ok]	774
[ok]	775
[ok]	776
[ok]	777
[ok]	778
[ok]	779
[ok]	780
[ok]	781
[ok]	782
[ok]	783
[ok]	784
[ok]	785
[ok]	786
[ok]	787
[ok]	788
[ok]	789
[ok]	790
[ok]	791
[ok]	792
[ok]	793
[ok]	794
[ok]	795
[ok]	796
[ok]	797
[ok]	798
[ok]	799
[ok]	800
[ok]	801
[ok]	802
[ok]	803
[ok]	804
[ok]	805
[ok]	806
[ok]	807
[ok]	808
[ok]	809
[ok]	810
[ok]	811
[ok]	812
[ok]	813
[ok]	814
[ok]	815
[ok]	816
[ok]	817
[ok]	818
[ok]	819
[ok]	820
[ok]	821
[ok]	822
[ok]	823
[ok]	824
[ok]	825
[ok]	826
[ok]	827
[ok]	828
[ok]	829
[ok]	830
[ok]	831
[ok]	832
[ok]	833
[ok]	834
[ok]	835
[ok]	836
[ok]	837
[ok]	838
[ok]	839
[ok]	840
[ok]	841
[ok]	842
[ok]	843
[ok]	844
[ok]	845
[ok]	846
[ok]	847
[ok]	848
[ok]	849
[ok]	850
[ok]	851
[ok]	852
[ok]	853
[ok]	854
[ok]	855
[ok]	856
[ok]	857
[ok]	858
[ok]	859
[ok]	860
[ok]	861
[ok]	862
[ok]	863
[ok]	864
[ok]	865
[ok]	866
[ok]	867
[ok]	868
[ok]	869
[ok]	870
[ok]	871
[ok]	872
[ok]	873
[ok]	874
[ok]	875
[ok]	876
[ok]	877
[ok]	878
[ok]	879
[ok]	880
[ok]	881
[ok]	882
[ok]	883
[ok]	884
[ok]	885
[ok]	886
[ok]	887
[ok]	888
[ok]	889
[ok]	890
[ok]	891
[ok]	892
[ok]	893
[ok]	894
[ok]	895
[ok]	896
[ok]	897
[ok]	898
[ok]	899
[ok]	900
[ok]	901
[ok]	902
[ok]	903
[ok]	904
[ok]	905
[ok]	906
[ok]	907
[ok]	908
[ok]	909
[ok]	910
[ok]	911
[ok]	912
[ok]	913
[ok]	914
[ok]	915
[ok]	916
[ok]	917
[ok]	918
[ok]	919
[ok]	920
[ok]	921
[ok]	922
[ok]	923
[ok]	924
[ok]	925
[ok]	926
[ok]	927
[ok]	928
[ok]	929
[ok]	930
[ok]	931
[ok]	932
[ok]	933
[ok]	934
[ok]	935
[ok]	936
[ok]	937
[ok]	938
[ok]	939
[ok]	940
[ok]	941
[ok]	942
[ok]	943
[ok]	944
[ok]	945
[ok]	946
[ok]	947
[ok]	948
[ok]	949
[ok]	950
[ok]	951
[ok]	952
[ok]	953
[ok]	954
[ok]	955
[ok]	956
[ok]	957
[ok]	958
[ok]	959
[ok]	960
[ok]	961
[ok]	962
[ok]	963
[ok]	964
[ok]	965
[ok]	966
[ok]	967
[ok]	968
[ok]	969
[ok]	970
[ok]	971
[ok]	972
[ok]	973
[ok]	974
[ok]	975
[ok]	976
[ok]	977
[ok]	978
[ok]	979
[ok]	980
[ok]	981
[ok]	982
[ok]	983
[ok]	984
[ok]	985
[ok]	986
[ok]	987
[ok]	988
[ok]	989
[ok]	990
[ok]	991
[ok]	992
[ok]	993
[ok]	994
[ok]	995
[ok]	996
[ok]	997
[ok]	998
[ok]	999
[ok]	1000
[ok]	1001
[ok]	1002
[ok]	1003
[ok]	1004
[ok]	1005
[ok]	1006
[ok]	1007
[ok]	1008
[ok]	1009
[ok]	1010
[ok]	1011
[ok]	1012
[ok]	1013
[ok]	1014
[ok]	1015
[ok]	1016
[ok]	1017
[ok]	1018
[ok]	1019
[ok]	1020
[ok]	1021
[ok]	1022
[ok]	1023
[ok]	1024
[ok]	1025
[ok]	1026
[ok]	1027
[ok]	1028
[ok]	1029
[ok]	1030
[ok]	1031
[ok]	1032
[ok]	1033
[ok]	1034
[ok]	1035
[ok]	1036
[ok]	1037
[ok]	1038
[ok]	1039
[ok]	1040
[ok]	1041
[ok]	1042
[ok]	1043
[ok]	1044
[ok]	1045
[ok]	1046
[ok]	1047
[ok]	1048
[ok]	1049
[ok]	1050
[ok]	1051
[ok]	1052
[ok]	1053
[ok]	1054
[ok]	1055
[ok]	1056
[ok]	1057
[ok]	1058
[ok]	1059
[ok]	1060
[ok]	1061
[ok]	1062
[ok]	1063
[ok]	1064
[ok]	1065
[ok]	1066
[ok]	1067
[ok]	1068
[ok]	1069
[ok]	1070
[ok]	1071
[ok]	1072
[ok]	1073
[ok]	1074
[ok]	1075
[ok]	1076
[ok]	1077
[ok]	1078
[ok]	1079
[ok]	1080
[ok]	1081
[ok]	1082
[ok]	1083
[ok]	1084
[ok]	1085
[ok]	1086
[ok]	1087
[ok]	1088
[ok]	1089
[ok]	1090
[ok]	1091
[ok]	1092
[ok]	1093
[ok]	1094
[ok]	1095
[ok]	1096
[ok]	1097
[ok]	1098
[ok]	1099
[ok]	1100
[ok]	1101
[ok]	1102
[ok]	1103
[ok]	1104
[ok]	1105
[ok]	1106
[ok]	1107
[ok]	1108
[ok]	1109
[ok]	1110
[ok]	1111
[ok]	1112
[ok]	1113
[ok]	1114
[ok]	1115
[ok]	1116
[ok]	1117
[ok]	1118
[ok]	1119
[ok]	1120
[ok]	1121
[ok]	1122
[ok]	1123
[ok]	1124
[ok]	1125
[ok]	1126
[ok]	1127
[ok]	1128
[ok]	1129
[ok]	1130
[ok]	1131
[ok]	1132
[ok]	1133
[ok]	1134
[ok]	1135
[ok]	1136
[ok]	1137
[ok]	1138
[ok]	1139
[ok]	1140
[ok]	1141
[ok]	1142
[ok]	1143
[ok]	1144
[ok]	1145
[ok]	1146
[ok]	1147
[ok]	1148
[ok]	1149
[ok]	1150
[ok]	1151
[ok]	1152
[ok]	1153
[ok]	1154
[ok]	1155
[ok]	1156
[ok]	1157
[ok]	1158
[ok]	1159
[ok]	1160
[ok]	1161
[ok]	1162
[ok]	1163
[ok]	1164
[ok]	1165
[ok]	1166
[ok]	1167
[ok]	1168
[ok]	1169
[ok]	1170
[ok]	1171
[ok]	1172
[ok]	1173
[ok]	1174
[ok]	1175
[ok]	1176
[ok]	1177
[ok]	1178
[ok]	1179
[ok]	1180
[ok]	1181
[ok]	1182
[ok]	1183
[ok]	1184
[ok]	1185
[ok]	1186
[ok]	1187
[ok]	1188
[ok]	1189
[ok]	1190
[ok]	1191
[ok]	1192
[ok]	1193
[ok]	1194
[ok]	1195
[ok]	1196
[ok]	1197
[ok]	1198
[ok]	1199
[ok]	1200
[ok]	1201
[ok]	1202
[ok]	1203
[ok]	1204
[ok]	1205
[ok]	1206
[ok]	1207
[ok]	1208
[ok]	1209
[ok]	1210
[ok]	1211
[ok]	1212
[ok]	1213
[ok]	1214
[ok]	1215
[ok]	1216
[ok]	1217
[ok]	1218
[ok]	1219
[ok]	1220
[ok]	1221
[ok]	1222
[ok]	1223
[ok]	1224
[ok]	1225
[ok]	1226
[ok]	1227
[ok]	1228
[ok]	1229
[ok]	1230
[ok]	1231
[ok]	1232
[ok]	1233
[ok]	1234
[ok]	1235
[ok]	1236
[ok]	1237
[ok]	1238
[ok]	1239
[ok]	1240
[ok]	1241
[ok]	1242
[ok]	1243
[ok]	1244
[ok]	1245
[ok]	1246
[ok]	1247
[ok]	1248
[ok]	1249
[ok]	1250
[ok]	1251
[ok]	1252
[ok]	1253
[ok]	1254
[ok]	1255
[ok]	1256
[ok]	1257
[ok]	1258
[ok]	1259
[ok]	1260
[ok]	1261
[ok]	1262
[ok]	1263
[ok]	1264
[ok]	1265
[ok]	1266
[ok]	1267
[ok]	1268
[ok]	1269
[ok]	1270
[ok]	1271
[ok]	1272
[ok]	1273
[ok]	1274
[ok]	1275
[ok]	1276
[ok]	1277
[ok]	1278
[ok]	1279
[ok]	1280
[ok]	1281
[ok]	1282
[ok]	1283
[ok]	1284
[ok]	1285
-- newest diagnostic reports: jub_b19-2026-09-30-052944.0006.ips, jub_b19-2026-09-30-052944.0005.ips, jub_b19-2026-09-30-052944.0004.ips, jub_b19-2026-09-30-052944.0003.ips, jub_b19-2026-09-30-052944.0002.ips
2026-09-30 05:49:15.943 | INFO     | __main__:_loop:1067 - [batch pdf 3] 1014/2337
2026-09-30 05:49:20.968 | INFO     | __main__:_loop:1067 - [batch pdf 3] 1017/2337
2026-09-30 05:49:25.993 | INFO     | __main__:_loop:1067 - [batch pdf 3] 1020/2337
2026-09-30 05:49:31.026 | INFO     | __main__:_loop:1067 - [batch pdf 3] 1023/2337
2026-09-30 05:49:36.050 | INFO     | __main__:_loop:1067 - [batch pdf 3] 1026/2337
2026-09-30 05:49:41.072 | INFO     | __main__:_loop:1067 - [batch pdf 3] 1029/2337
2026-09-30 05:49:46.097 | INFO     | __main__:_loop:1067 - [batch pdf 3] 1031/2337
2026-09-30 05:49:51.122 | INFO     | __main__:_loop:1067 - [batch pdf 3] 1034/2337
2026-09-30 05:49:56.148 | INFO     | __main__:_loop:1067 - [batch pdf 3] 1035/2337
2026-09-30 05:50:01.169 | INFO     | __main__:_loop:1067 - [batch pdf 3] 1038/2337
2026-09-30 05:50:06.199 | INFO     | __main__:_loop:1067 - [batch pdf 3] 1041/2337
2026-09-30 05:50:11.226 | INFO     | __main__:_loop:1067 - [batch pdf 3] 1043/2337
2026-09-30 05:50:16.244 | INFO     | __main__:_loop:1067 - [batch pdf 3] 1046/2337
2026-09-30 05:50:21.270 | INFO     | __main__:_loop:1067 - [batch pdf 3] 1049/2337
2026-09-30 05:50:26.295 | INFO     | __main__:_loop:1067 - [batch pdf 3] 1052/2337
2026-09-30 05:50:31.320 | INFO     | __main__:_loop:1067 - [batch pdf 3] 1055/2337
2026-09-30 05:50:36.346 | INFO     | __main__:_loop:1067 - [batch pdf 3] 1058/2337
2026-09-30 05:50:41.379 | INFO     | __main__:_loop:1067 - [batch pdf 3] 1061/2337
2026-09-30 05:50:46.404 | INFO     | __main__:_loop:1067 - [batch pdf 3] 1063/2337
2026-09-30 05:50:51.429 | INFO     | __main__:_loop:1067 - [batch pdf 3] 1066/2337
2026-09-30 05:50:56.448 | INFO     | __main__:_loop:1067 - [batch pdf 3] 1069/2337
2026-09-30 05:51:01.474 | INFO     | __main__:_loop:1067 - [batch pdf 3] 1072/2337
2026-09-30 05:51:06.494 | INFO     | __main__:_loop:1067 - [batch pdf 3] 1075/2337
2026-09-30 05:51:11.514 | INFO     | __main__:_loop:1067 - [batch pdf 3] 1077/2337
2026-09-30 05:51:16.540 | INFO     | __main__:_loop:1067 - [batch pdf 3] 1079/2337
2026-09-30 05:51:36.604 | INFO     | __main__:_loop:1067 - [batch pdf 3] 1080/2337
2026-09-30 05:51:51.641 | INFO     | __main__:_loop:1067 - [batch pdf 3] 1081/2337
2026-09-30 05:52:11.704 | INFO     | __main__:_loop:1067 - [batch pdf 3] 1084/2337
2026-09-30 05:52:16.737 | INFO     | __main__:_loop:1067 - [batch pdf 3] 1087/2337
2026-09-30 05:52:21.758 | INFO     | __main__:_loop:1067 - [batch pdf 3] 1090/2337
2026-09-30 05:52:26.777 | INFO     | __main__:_loop:1067 - [batch pdf 3] 1092/2337
2026-09-30 05:52:31.797 | INFO     | __main__:_loop:1067 - [batch pdf 3] 1095/2337
2026-09-30 05:52:36.816 | INFO     | __main__:_loop:1067 - [batch pdf 3] 1096/2337
2026-09-30 05:52:41.843 | INFO     | __main__:_loop:1067 - [batch pdf 3] 1099/2337
2026-09-30 05:52:46.869 | INFO     | __main__:_loop:1067 - [batch pdf 3] 1102/2337
2026-09-30 05:52:51.895 | INFO     | __main__:_loop:1067 - [batch pdf 3] 1104/2337
2026-09-30 05:52:56.928 | INFO     | __main__:_loop:1067 - [batch pdf 3] 1107/2337
2026-09-30 05:53:01.952 | INFO     | __main__:_loop:1067 - [batch pdf 3] 1109/2337
2026-09-30 05:53:06.978 | INFO     | __main__:_loop:1067 - [batch pdf 3] 1112/2337
2026-09-30 05:53:12.004 | INFO     | __main__:_loop:1067 - [batch pdf 3] 1115/2337
2026-09-30 05:53:17.025 | INFO     | __main__:_loop:1067 - [batch pdf 3] 1118/2337
2026-09-30 05:53:22.040 | INFO     | __main__:_loop:1067 - [batch pdf 3] 1120/2337
2026-09-30 05:53:27.062 | INFO     | __main__:_loop:1067 - [batch pdf 3] 1122/2337
2026-09-30 05:53:32.092 | INFO     | __main__:_loop:1067 - [batch pdf 3] 1125/2337
2026-09-30 05:53:37.119 | INFO     | __main__:_loop:1067 - [batch pdf 3] 1127/2337
2026-09-30 05:53:42.140 | INFO     | __main__:_loop:1067 - [batch pdf 3] 1129/2337
2026-09-30 05:53:47.166 | INFO     | __main__:_loop:1067 - [batch pdf 3] 1132/2337
2026-09-30 05:53:52.190 | INFO     | __main__:_loop:1067 - [batch pdf 3] 1135/2337
2026-09-30 05:53:57.212 | INFO     | __main__:_loop:1067 - [batch pdf 3] 1137/2337
2026-09-30 05:54:02.233 | INFO     | __main__:_loop:1067 - [batch pdf 3] 1140/2337
2026-09-30 05:54:07.255 | INFO     | __main__:_loop:1067 - [batch pdf 3] 1142/2337
2026-09-30 05:54:12.281 | INFO     | __main__:_loop:1067 - [batch pdf 3] 1144/2337
2026-09-30 05:54:17.300 | INFO     | __main__:_loop:1067 - [batch pdf 3] 1146/2337
2026-09-30 05:54:22.322 | INFO     | __main__:_loop:1067 - [batch pdf 3] 1148/2337
2026-09-30 05:54:27.344 | INFO     | __main__:_loop:1067 - [batch pdf 3] 1150/2337
2026-09-30 05:54:32.361 | INFO     | __main__:_loop:1067 - [batch pdf 3] 1152/2337
2026-09-30 05:54:37.382 | INFO     | __main__:_loop:1067 - [batch pdf 3] 1154/2337
2026-09-30 05:54:42.401 | INFO     | __main__:_loop:1067 - [batch pdf 3] 1156/2337
2026-09-30 05:54:47.421 | INFO     | __main__:_loop:1067 - [batch pdf 3] 1158/2337
2026-09-30 05:54:52.439 | INFO     | __main__:_loop:1067 - [batch pdf 3] 1160/2337
2026-09-30 05:54:57.466 | INFO     | __main__:_loop:1067 - [batch pdf 3] 1162/2337
2026-09-30 05:55:02.487 | INFO     | __main__:_loop:1067 - [batch pdf 3] 1164/2337
2026-09-30 05:55:07.504 | INFO     | __main__:_loop:1067 - [batch pdf 3] 1165/2337
2026-09-30 05:55:12.525 | INFO     | __main__:_loop:1067 - [batch pdf 3] 1167/2337
2026-09-30 05:55:17.543 | INFO     | __main__:_loop:1067 - [batch pdf 3] 1169/2337
2026-09-30 05:55:22.565 | INFO     | __main__:_loop:1067 - [batch pdf 3] 1171/2337
2026-09-30 05:55:27.616 | INFO     | __main__:_loop:1067 - [batch pdf 3] 1173/2337
2026-09-30 05:55:32.637 | INFO     | __main__:_loop:1067 - [batch pdf 3] 1174/2337
2026-09-30 05:55:37.659 | INFO     | __main__:_loop:1067 - [batch pdf 3] 1176/2337
2026-09-30 05:55:42.678 | INFO     | __main__:_loop:1067 - [batch pdf 3] 1178/2337
2026-09-30 05:55:47.700 | INFO     | __main__:_loop:1067 - [batch pdf 3] 1179/2337
2026-09-30 05:55:52.720 | INFO     | __main__:_loop:1067 - [batch pdf 3] 1181/2337
2026-09-30 05:55:57.740 | INFO     | __main__:_loop:1067 - [batch pdf 3] 1183/2337
2026-09-30 05:56:02.765 | INFO     | __main__:_loop:1067 - [batch pdf 3] 1184/2337
2026-09-30 05:56:07.792 | INFO     | __main__:_loop:1067 - [batch pdf 3] 1186/2337
2026-09-30 05:56:12.812 | INFO     | __main__:_loop:1067 - [batch pdf 3] 1188/2337
2026-09-30 05:56:17.840 | INFO     | __main__:_loop:1067 - [batch pdf 3] 1190/2337
2026-09-30 05:56:22.863 | INFO     | __main__:_loop:1067 - [batch pdf 3] 1192/2337
2026-09-30 05:56:27.885 | INFO     | __main__:_loop:1067 - [batch pdf 3] 1195/2337
2026-09-30 05:56:32.910 | INFO     | __main__:_loop:1067 - [batch pdf 3] 1198/2337
2026-09-30 05:56:37.931 | INFO     | __main__:_loop:1067 - [batch pdf 3] 1200/2337
2026-09-30 05:56:42.953 | INFO     | __main__:_loop:1067 - [batch pdf 3] 1203/2337
2026-09-30 05:56:47.978 | INFO     | __main__:_loop:1067 - [batch pdf 3] 1205/2337
2026-09-30 05:56:53.005 | INFO     | __main__:_loop:1067 - [batch pdf 3] 1208/2337
2026-09-30 05:56:58.037 | INFO     | __main__:_loop:1067 - [batch pdf 3] 1210/2337
2026-09-30 05:57:03.057 | INFO     | __main__:_loop:1067 - [batch pdf 3] 1213/2337
2026-09-30 05:57:08.083 | INFO     | __main__:_loop:1067 - [batch pdf 3] 1216/2337
2026-09-30 05:57:13.102 | INFO     | __main__:_loop:1067 - [batch pdf 3] 1218/2337
2026-09-30 05:57:18.125 | INFO     | __main__:_loop:1067 - [batch pdf 3] 1221/2337
2026-09-30 05:57:23.152 | INFO     | __main__:_loop:1067 - [batch pdf 3] 1223/2337
2026-09-30 05:57:28.180 | INFO     | __main__:_loop:1067 - [batch pdf 3] 1226/2337
2026-09-30 05:57:33.210 | INFO     | __main__:_loop:1067 - [batch pdf 3] 1228/2337
2026-09-30 05:57:38.239 | INFO     | __main__:_loop:1067 - [batch pdf 3] 1231/2337
2026-09-30 05:57:43.265 | INFO     | __main__:_loop:1067 - [batch pdf 3] 1233/2337
2026-09-30 05:57:48.286 | INFO     | __main__:_loop:1067 - [batch pdf 3] 1236/2337
2026-09-30 05:57:53.312 | INFO     | __main__:_loop:1067 - [batch pdf 3] 1238/2337
2026-09-30 05:57:58.339 | INFO     | __main__:_loop:1067 - [batch pdf 3] 1241/2337
2026-09-30 05:58:03.366 | INFO     | __main__:_loop:1067 - [batch pdf 3] 1243/2337
2026-09-30 05:58:08.397 | INFO     | __main__:_loop:1067 - [batch pdf 3] 1245/2337
2026-09-30 05:58:13.422 | INFO     | __main__:_loop:1067 - [batch pdf 3] 1248/2337
2026-09-30 05:58:18.447 | INFO     | __main__:_loop:1067 - [batch pdf 3] 1250/2337
2026-09-30 05:58:23.473 | INFO     | __main__:_loop:1067 - [batch pdf 3] 1253/2337
2026-09-30 05:58:28.500 | INFO     | __main__:_loop:1067 - [batch pdf 3] 1255/2337
2026-09-30 05:58:33.522 | INFO     | __main__:_loop:1067 - [batch pdf 3] 1257/2337
2026-09-30 05:58:38.550 | INFO     | __main__:_loop:1067 - [batch pdf 3] 1259/2337
2026-09-30 05:58:43.576 | INFO     | __main__:_loop:1067 - [batch pdf 3] 1261/2337
2026-09-30 05:58:48.607 | INFO     | __main__:_loop:1067 - [batch pdf 3] 1263/2337
2026-09-30 05:58:53.634 | INFO     | __main__:_loop:1067 - [batch pdf 3] 1265/2337
2026-09-30 05:58:58.657 | INFO     | __main__:_loop:1067 - [batch pdf 3] 1268/2337
2026-09-30 05:59:03.684 | INFO     | __main__:_loop:1067 - [batch pdf 3] 1270/2337
2026-09-30 05:59:08.714 | INFO     | __main__:_loop:1067 - [batch pdf 3] 1273/2337
2026-09-30 05:59:13.735 | INFO     | __main__:_loop:1067 - [batch pdf 3] 1274/2337
2026-09-30 05:59:18.759 | INFO     | __main__:_loop:1067 - [batch pdf 3] 1276/2337
2026-09-30 05:59:23.785 | INFO     | __main__:_loop:1067 - [batch pdf 3] 1279/2337
2026-09-30 05:59:28.817 | INFO     | __main__:_loop:1067 - [batch pdf 3] 1281/2337
2026-09-30 05:59:33.867 | INFO     | __main__:_loop:1067 - [batch pdf 3] 1283/2337
2026-09-30 05:59:38.895 | INFO     | __main__:_loop:1067 - [batch pdf 3] 1285/2337
2026-09-30 05:59:43.912 | INFO     | __main__:_loop:1067 - [batch pdf 3] 1286/2337
2026-09-30 05:59:48.934 | INFO     | __main__:_loop:1067 - [batch pdf 3] 1287/2337
2026-09-30 05:59:53.957 | INFO     | __main__:_loop:1067 - [batch pdf 3] 1288/2337
2026-09-30 06:00:03.991 | INFO     | __main__:_loop:1067 - [batch pdf 3] 1289/2337
2026-09-30 06:00:09.024 | INFO     | __main__:_loop:1067 - [batch pdf 3] 1291/2337
2026-09-30 06:00:14.056 | INFO     | __main__:_loop:1067 - [batch pdf 3] 1293/2337
2026-09-30 06:00:19.079 | INFO     | __main__:_loop:1067 - [batch pdf 3] 1294/2337
2026-09-30 06:00:24.100 | INFO     | __main__:_loop:1067 - [batch pdf 3] 1295/2337
2026-09-30 06:00:29.124 | INFO     | __main__:_loop:1067 - [batch pdf 3] 1296/2337
2026-09-30 06:00:34.147 | INFO     | __main__:_loop:1067 - [batch pdf 3] 1298/2337
2026-09-30 06:00:39.169 | INFO     | __main__:_loop:1067 - [batch pdf 3] 1300/2337
2026-09-30 06:00:44.186 | INFO     | __main__:_loop:1067 - [batch pdf 3] 1302/2337
2026-09-30 06:00:49.217 | INFO     | __main__:_loop:1067 - [batch pdf 3] 1304/2337
2026-09-30 06:00:54.238 | INFO     | __main__:_loop:1067 - [batch pdf 3] 1306/2337
2026-09-30 06:00:59.258 | INFO     | __main__:_loop:1067 - [batch pdf 3] 1308/2337
2026-09-30 06:01:04.281 | INFO     | __main__:_loop:1067 - [batch pdf 3] 1309/2337
2026-09-30 06:01:09.307 | INFO     | __main__:_loop:1067 - [batch pdf 3] 1310/2337
2026-09-30 06:01:14.330 | INFO     | __main__:_loop:1067 - [batch pdf 3] 1311/2337
2026-09-30 06:01:19.352 | INFO     | __main__:_loop:1067 - [batch pdf 3] 1313/2337
2026-09-30 06:01:24.384 | INFO     | __main__:_loop:1067 - [batch pdf 3] 1314/2337
2026-09-30 06:01:29.408 | INFO     | __main__:_loop:1067 - [batch pdf 3] 1315/2337
2026-09-30 06:01:34.436 | INFO     | __main__:_loop:1067 - [batch pdf 3] 1316/2337
2026-09-30 06:01:39.478 | INFO     | __main__:_loop:1067 - [batch pdf 3] 1317/2337
2026-09-30 06:01:44.516 | INFO     | __main__:_loop:1067 - [batch pdf 3] 1319/2337
2026-09-30 06:01:49.550 | INFO     | __main__:_loop:1067 - [batch pdf 3] 1320/2337
2026-09-30 06:01:54.572 | INFO     | __main__:_loop:1067 - [batch pdf 3] 1321/2337
2026-09-30 06:01:59.612 | INFO     | __main__:_loop:1067 - [batch pdf 3] 1322/2337
2026-09-30 06:02:04.633 | INFO     | __main__:_loop:1067 - [batch pdf 3] 1323/2337
2026-09-30 06:02:09.659 | INFO     | __main__:_loop:1067 - [batch pdf 3] 1325/2337
2026-09-30 06:02:14.694 | INFO     | __main__:_loop:1067 - [batch pdf 3] 1326/2337
2026-09-30 06:02:19.726 | INFO     | __main__:_loop:1067 - [batch pdf 3] 1327/2337
2026-09-30 06:02:24.761 | INFO     | __main__:_loop:1067 - [batch pdf 3] 1328/2337
2026-09-30 06:02:29.788 | INFO     | __main__:_loop:1067 - [batch pdf 3] 1329/2337
2026-09-30 06:02:34.821 | INFO     | __main__:_loop:1067 - [batch pdf 3] 1330/2337
2026-09-30 06:02:39.839 | INFO     | __main__:_loop:1067 - [batch pdf 3] 1332/2337
2026-09-30 06:02:44.870 | INFO     | __main__:_loop:1067 - [batch pdf 3] 1333/2337
2026-09-30 06:02:49.899 | INFO     | __main__:_loop:1067 - [batch pdf 3] 1334/2337
2026-09-30 06:02:54.930 | INFO     | __main__:_loop:1067 - [batch pdf 3] 1335/2337
2026-09-30 06:02:59.952 | INFO     | __main__:_loop:1067 - [batch pdf 3] 1336/2337
2026-09-30 06:03:04.972 | INFO     | __main__:_loop:1067 - [batch pdf 3] 1337/2337
2026-09-30 06:03:09.992 | INFO     | __main__:_loop:1067 - [batch pdf 3] 1338/2337
2026-09-30 06:03:15.010 | INFO     | __main__:_loop:1067 - [batch pdf 3] 1340/2337
2026-09-30 06:03:20.041 | INFO     | __main__:_loop:1067 - [batch pdf 3] 1341/2337
2026-09-30 06:03:25.066 | INFO     | __main__:_loop:1067 - [batch pdf 3] 1342/2337
2026-09-30 06:03:30.100 | INFO     | __main__:_loop:1067 - [batch pdf 3] 1343/2337
2026-09-30 06:03:35.127 | INFO     | __main__:_loop:1067 - [batch pdf 3] 1344/2337
2026-09-30 06:03:40.167 | INFO     | __main__:_loop:1067 - [batch pdf 3] 1345/2337
2026-09-30 06:03:45.196 | INFO     | __main__:_loop:1067 - [batch pdf 3] 1347/2337
2026-09-30 06:03:55.264 | INFO     | __main__:_loop:1067 - [batch pdf 3] 1348/2337
2026-09-30 06:04:00.305 | INFO     | __main__:_loop:1067 - [batch pdf 3] 1350/2337
2026-09-30 06:04:10.331 | INFO     | __main__:_loop:1067 - [batch pdf 3] 1351/2337
2026-09-30 06:04:15.359 | INFO     | __main__:_loop:1067 - [batch pdf 3] 1353/2337
2026-09-30 06:04:20.386 | INFO     | __main__:_loop:1067 - [batch pdf 3] 1354/2337
2026-09-30 06:04:25.438 | INFO     | __main__:_loop:1067 - [batch pdf 3] 1355/2337
2026-09-30 06:04:30.461 | INFO     | __main__:_loop:1067 - [batch pdf 3] 1356/2337
2026-09-30 06:04:35.494 | INFO     | __main__:_loop:1067 - [batch pdf 3] 1357/2337
2026-09-30 06:04:40.527 | INFO     | __main__:_loop:1067 - [batch pdf 3] 1358/2337
2026-09-30 06:04:45.559 | INFO     | __main__:_loop:1067 - [batch pdf 3] 1359/2337
2026-09-30 06:04:50.589 | INFO     | __main__:_loop:1067 - [batch pdf 3] 1360/2337
2026-09-30 06:04:55.617 | INFO     | __main__:_loop:1067 - [batch pdf 3] 1361/2337
2026-09-30 06:05:00.653 | INFO     | __main__:_loop:1067 - [batch pdf 3] 1362/2337
2026-09-30 06:05:05.688 | INFO     | __main__:_loop:1067 - [batch pdf 3] 1363/2337
2026-09-30 06:05:10.713 | INFO     | __main__:_loop:1067 - [batch pdf 3] 1364/2337
2026-09-30 06:05:15.742 | INFO     | __main__:_loop:1067 - [batch pdf 3] 1365/2337
2026-09-30 06:05:20.773 | INFO     | __main__:_loop:1067 - [batch pdf 3] 1366/2337
2026-09-30 06:05:25.799 | INFO     | __main__:_loop:1067 - [batch pdf 3] 1367/2337
2026-09-30 06:05:30.869 | INFO     | __main__:_loop:1067 - [batch pdf 3] 1368/2337
2026-09-30 06:05:35.937 | INFO     | __main__:_loop:1067 - [batch pdf 3] 1369/2337
2026-09-30 06:05:40.960 | INFO     | __main__:_loop:1067 - [batch pdf 3] 1370/2337
2026-09-30 06:05:45.988 | INFO     | __main__:_loop:1067 - [batch pdf 3] 1371/2337
2026-09-30 06:05:51.022 | INFO     | __main__:_loop:1067 - [batch pdf 3] 1372/2337
2026-09-30 06:05:56.048 | INFO     | __main__:_loop:1067 - [batch pdf 3] 1373/2337
2026-09-30 06:06:01.080 | INFO     | __main__:_loop:1067 - [batch pdf 3] 1374/2337
2026-09-30 06:06:26.162 | INFO     | __main__:_loop:1067 - [batch pdf 3] 1375/2337
2026-09-30 06:06:31.193 | INFO     | __main__:_loop:1067 - [batch pdf 3] 1376/2337
2026-09-30 06:06:41.258 | INFO     | __main__:_loop:1067 - [batch pdf 3] 1377/2337
2026-09-30 06:06:46.304 | INFO     | __main__:_loop:1067 - [batch pdf 3] 1378/2337
2026-09-30 06:06:51.365 | INFO     | __main__:_loop:1067 - [batch pdf 3] 1379/2337
2026-09-30 06:06:56.420 | INFO     | __main__:_loop:1067 - [batch pdf 3] 1380/2337
2026-09-30 06:07:01.450 | INFO     | __main__:_loop:1067 - [batch pdf 3] 1381/2337
2026-09-30 06:07:06.478 | INFO     | __main__:_loop:1067 - [batch pdf 3] 1382/2337
2026-09-30 06:07:11.504 | INFO     | __main__:_loop:1067 - [batch pdf 3] 1383/2337
2026-09-30 06:07:16.537 | INFO     | __main__:_loop:1067 - [batch pdf 3] 1385/2337
2026-09-30 06:07:21.567 | INFO     | __main__:_loop:1067 - [batch pdf 3] 1387/2337
2026-09-30 06:07:31.604 | INFO     | __main__:_loop:1067 - [batch pdf 3] 1388/2337
2026-09-30 06:07:36.631 | INFO     | __main__:_loop:1067 - [batch pdf 3] 1390/2337
2026-09-30 06:07:41.655 | INFO     | __main__:_loop:1067 - [batch pdf 3] 1392/2337
2026-09-30 06:07:46.674 | INFO     | __main__:_loop:1067 - [batch pdf 3] 1394/2337
2026-09-30 06:07:51.701 | INFO     | __main__:_loop:1067 - [batch pdf 3] 1395/2337
2026-09-30 06:07:56.742 | INFO     | __main__:_loop:1067 - [batch pdf 3] 1397/2337
2026-09-30 06:08:01.769 | INFO     | __main__:_loop:1067 - [batch pdf 3] 1400/2337
2026-09-30 06:08:06.796 | INFO     | __main__:_loop:1067 - [batch pdf 3] 1402/2337
2026-09-30 06:08:11.818 | INFO     | __main__:_loop:1067 - [batch pdf 3] 1404/2337
2026-09-30 06:08:16.841 | INFO     | __main__:_loop:1067 - [batch pdf 3] 1406/2337
2026-09-30 06:08:21.865 | INFO     | __main__:_loop:1067 - [batch pdf 3] 1409/2337
2026-09-30 06:08:26.892 | INFO     | __main__:_loop:1067 - [batch pdf 3] 1411/2337
2026-09-30 06:08:31.910 | INFO     | __main__:_loop:1067 - [batch pdf 3] 1414/2337
2026-09-30 06:08:36.936 | INFO     | __main__:_loop:1067 - [batch pdf 3] 1416/2337
2026-09-30 06:08:41.969 | INFO     | __main__:_loop:1067 - [batch pdf 3] 1418/2337
2026-09-30 06:08:46.993 | INFO     | __main__:_loop:1067 - [batch pdf 3] 1420/2337
2026-09-30 06:08:52.016 | INFO     | __main__:_loop:1067 - [batch pdf 3] 1422/2337
2026-09-30 06:08:57.037 | INFO     | __main__:_loop:1067 - [batch pdf 3] 1424/2337
2026-09-30 06:09:02.061 | INFO     | __main__:_loop:1067 - [batch pdf 3] 1426/2337
2026-09-30 06:09:07.087 | INFO     | __main__:_loop:1067 - [batch pdf 3] 1429/2337
2026-09-30 06:09:12.114 | INFO     | __main__:_loop:1067 - [batch pdf 3] 1431/2337
2026-09-30 06:09:17.142 | INFO     | __main__:_loop:1067 - [batch pdf 3] 1433/2337
2026-09-30 06:09:22.161 | INFO     | __main__:_loop:1067 - [batch pdf 3] 1435/2337
2026-09-30 06:09:27.192 | INFO     | __main__:_loop:1067 - [batch pdf 3] 1437/2337
2026-09-30 06:09:32.213 | INFO     | __main__:_loop:1067 - [batch pdf 3] 1438/2337
2026-09-30 06:09:37.230 | INFO     | __main__:_loop:1067 - [batch pdf 3] 1440/2337
2026-09-30 06:09:42.250 | INFO     | __main__:_loop:1067 - [batch pdf 3] 1441/2337
2026-09-30 06:09:47.269 | INFO     | __main__:_loop:1067 - [batch pdf 3] 1443/2337
2026-09-30 06:09:52.298 | INFO     | __main__:_loop:1067 - [batch pdf 3] 1445/2337
2026-09-30 06:09:57.327 | INFO     | __main__:_loop:1067 - [batch pdf 3] 1446/2337
2026-09-30 06:10:02.356 | INFO     | __main__:_loop:1067 - [batch pdf 3] 1448/2337
2026-09-30 06:10:07.397 | INFO     | __main__:_loop:1067 - [batch pdf 3] 1449/2337
2026-09-30 06:10:12.417 | INFO     | __main__:_loop:1067 - [batch pdf 3] 1451/2337
2026-09-30 06:10:17.445 | INFO     | __main__:_loop:1067 - [batch pdf 3] 1452/2337
2026-09-30 06:10:22.467 | INFO     | __main__:_loop:1067 - [batch pdf 3] 1453/2337
2026-09-30 06:10:27.489 | INFO     | __main__:_loop:1067 - [batch pdf 3] 1455/2337
2026-09-30 06:10:32.506 | INFO     | __main__:_loop:1067 - [batch pdf 3] 1456/2337
2026-09-30 06:10:37.526 | INFO     | __main__:_loop:1067 - [batch pdf 3] 1458/2337
2026-09-30 06:10:42.543 | INFO     | __main__:_loop:1067 - [batch pdf 3] 1459/2337
2026-09-30 06:10:47.561 | INFO     | __main__:_loop:1067 - [batch pdf 3] 1461/2337
2026-09-30 06:10:52.593 | INFO     | __main__:_loop:1067 - [batch pdf 3] 1462/2337
2026-09-30 06:10:57.615 | INFO     | __main__:_loop:1067 - [batch pdf 3] 1464/2337
2026-09-30 06:11:02.636 | INFO     | __main__:_loop:1067 - [batch pdf 3] 1465/2337
2026-09-30 06:11:07.659 | INFO     | __main__:_loop:1067 - [batch pdf 3] 1467/2337
2026-09-30 06:11:12.680 | INFO     | __main__:_loop:1067 - [batch pdf 3] 1468/2337
2026-09-30 06:11:17.699 | INFO     | __main__:_loop:1067 - [batch pdf 3] 1470/2337
2026-09-30 06:11:22.717 | INFO     | __main__:_loop:1067 - [batch pdf 3] 1471/2337
2026-09-30 06:11:27.738 | INFO     | __main__:_loop:1067 - [batch pdf 3] 1472/2337
2026-09-30 06:11:32.760 | INFO     | __main__:_loop:1067 - [batch pdf 3] 1474/2337
2026-09-30 06:11:37.781 | INFO     | __main__:_loop:1067 - [batch pdf 3] 1475/2337
2026-09-30 06:11:42.809 | INFO     | __main__:_loop:1067 - [batch pdf 3] 1476/2337
2026-09-30 06:11:47.838 | INFO     | __main__:_loop:1067 - [batch pdf 3] 1478/2337
2026-09-30 06:11:52.865 | INFO     | __main__:_loop:1067 - [batch pdf 3] 1480/2337
2026-09-30 06:11:57.891 | INFO     | __main__:_loop:1067 - [batch pdf 3] 1481/2337
2026-09-30 06:12:02.909 | INFO     | __main__:_loop:1067 - [batch pdf 3] 1483/2337
2026-09-30 06:12:07.935 | INFO     | __main__:_loop:1067 - [batch pdf 3] 1486/2337
2026-09-30 06:12:12.961 | INFO     | __main__:_loop:1067 - [batch pdf 3] 1488/2337
2026-09-30 06:12:17.987 | INFO     | __main__:_loop:1067 - [batch pdf 3] 1490/2337
2026-09-30 06:12:23.012 | INFO     | __main__:_loop:1067 - [batch pdf 3] 1493/2337
2026-09-30 06:12:28.040 | INFO     | __main__:_loop:1067 - [batch pdf 3] 1494/2337
2026-09-30 06:12:33.055 | INFO     | __main__:_loop:1067 - [batch pdf 3] 1496/2337
2026-09-30 06:12:38.082 | INFO     | __main__:_loop:1067 - [batch pdf 3] 1498/2337
2026-09-30 06:12:43.107 | INFO     | __main__:_loop:1067 - [batch pdf 3] 1501/2337
2026-09-30 06:12:48.131 | INFO     | __main__:_loop:1067 - [batch pdf 3] 1503/2337
2026-09-30 06:12:53.156 | INFO     | __main__:_loop:1067 - [batch pdf 3] 1505/2337
2026-09-30 06:12:58.182 | INFO     | __main__:_loop:1067 - [batch pdf 3] 1507/2337
2026-09-30 06:13:03.209 | INFO     | __main__:_loop:1067 - [batch pdf 3] 1509/2337
2026-09-30 06:13:08.230 | INFO     | __main__:_loop:1067 - [batch pdf 3] 1511/2337
2026-09-30 06:13:13.260 | INFO     | __main__:_loop:1067 - [batch pdf 3] 1513/2337
2026-09-30 06:13:18.276 | INFO     | __main__:_loop:1067 - [batch pdf 3] 1514/2337
2026-09-30 06:13:23.301 | INFO     | __main__:_loop:1067 - [batch pdf 3] 1516/2337
2026-09-30 06:13:28.326 | INFO     | __main__:_loop:1067 - [batch pdf 3] 1519/2337
2026-09-30 06:14:14.826 | WARNING  | __main__:_loop:1072 - [batch pdf 3] item 1520/2337 open for more than 30 s:
-- Word windows {name, subrole}: osascript timed out
-- Word window text: 
-- crash reporters: 
-- batch-pdf-3.log:
[ok]	274
[ok]	275
[ok]	276
[ok]	277
[ok]	278
[ok]	279
[ok]	280
[ok]	281
[ok]	282
[ok]	283
[ok]	284
[ok]	285
[ok]	286
[ok]	287
[ok]	288
[ok]	289
[ok]	290
[ok]	291
[ok]	292
[ok]	293
[ok]	294
[ok]	295
[ok]	296
[ok]	297
[ok]	298
[ok]	299
[ok]	300
[ok]	301
[ok]	302
[ok]	303
[ok]	304
[ok]	305
[ok]	306
[ok]	307
[ok]	308
[ok]	309
[ok]	310
[ok]	311
[ok]	312
[ok]	313
[ok]	314
[ok]	315
[ok]	316
[ok]	317
[ok]	318
[ok]	319
[ok]	320
[ok]	321
[ok]	322
[ok]	323
[ok]	324
[ok]	325
[ok]	326
[ok]	327
[ok]	328
[ok]	329
[ok]	330
[ok]	331
[ok]	332
[ok]	333
[ok]	334
[ok]	335
[ok]	336
[ok]	337
[ok]	338
[ok]	339
[ok]	340
[ok]	341
[ok]	342
[ok]	343
[ok]	344
[ok]	345
[ok]	346
[ok]	347
[ok]	348
[ok]	349
[ok]	350
[ok]	351
[ok]	352
[ok]	353
[ok]	354
[ok]	355
[ok]	356
[ok]	357
[ok]	358
[ok]	359
[ok]	360
[ok]	361
[ok]	362
[ok]	363
[ok]	364
[ok]	365
[ok]	366
[ok]	367
[ok]	368
[ok]	369
[ok]	370
[ok]	371
[ok]	372
[ok]	373
[ok]	374
[ok]	375
[ok]	376
[ok]	377
[ok]	378
[ok]	379
[ok]	380
[ok]	381
[ok]	382
[ok]	383
[ok]	384
[ok]	385
[ok]	386
[ok]	387
[ok]	388
[ok]	389
[ok]	390
[ok]	391
[ok]	392
[ok]	393
[ok]	394
[ok]	395
[ok]	396
[ok]	397
[ok]	398
[ok]	399
[ok]	400
[ok]	401
[ok]	402
[ok]	403
[ok]	404
[ok]	405
[ok]	406
[ok]	407
[ok]	408
[ok]	409
[ok]	410
[ok]	411
[ok]	412
[ok]	413
[ok]	414
[ok]	415
[ok]	416
[ok]	417
[ok]	418
[ok]	419
[ok]	420
[ok]	421
[ok]	422
[ok]	423
[ok]	424
[ok]	425
[ok]	426
[ok]	427
[ok]	428
[ok]	429
[ok]	430
[ok]	431
[ok]	432
[ok]	433
[ok]	434
[ok]	435
[ok]	436
[ok]	437
[ok]	438
[ok]	439
[ok]	440
[ok]	441
[ok]	442
[ok]	443
[ok]	444
[ok]	445
[ok]	446
[ok]	447
[ok]	448
[ok]	449
[ok]	450
[ok]	451
[ok]	452
[ok]	453
[ok]	454
[ok]	455
[ok]	456
[ok]	457
[ok]	458
[ok]	459
[ok]	460
[ok]	461
[ok]	462
[ok]	463
[ok]	464
[ok]	465
[ok]	466
[ok]	467
[ok]	468
[ok]	469
[ok]	470
[ok]	471
[ok]	472
[ok]	473
[ok]	474
[ok]	475
[ok]	476
[ok]	477
[ok]	478
[ok]	479
[ok]	480
[ok]	481
[ok]	482
[ok]	483
[ok]	484
[ok]	485
[ok]	486
[ok]	487
[ok]	488
[ok]	489
[ok]	490
[ok]	491
[ok]	492
[ok]	493
[ok]	494
[ok]	495
[ok]	496
[ok]	497
[ok]	498
[ok]	499
[ok]	500
[ok]	501
[ok]	502
[ok]	503
[ok]	504
[ok]	505
[ok]	506
[ok]	507
[ok]	508
[ok]	509
[ok]	510
[ok]	511
[ok]	512
[ok]	513
[ok]	514
[ok]	515
[ok]	516
[ok]	517
[ok]	518
[ok]	519
[ok]	520
[ok]	521
[ok]	522
[ok]	523
[ok]	524
[ok]	525
[ok]	526
[ok]	527
[ok]	528
[ok]	529
[ok]	530
[ok]	531
[ok]	532
[ok]	533
[ok]	534
[ok]	535
[ok]	536
[ok]	537
[ok]	538
[ok]	539
[ok]	540
[ok]	541
[ok]	542
[ok]	543
[ok]	544
[ok]	545
[ok]	546
[ok]	547
[ok]	548
[ok]	549
[ok]	550
[ok]	551
[ok]	552
[ok]	553
[ok]	554
[ok]	555
[ok]	556
[ok]	557
[ok]	558
[ok]	559
[ok]	560
[ok]	561
[ok]	562
[ok]	563
[ok]	564
[ok]	565
[ok]	566
[ok]	567
[ok]	568
[ok]	569
[ok]	570
[ok]	571
[ok]	572
[ok]	573
[ok]	574
[ok]	575
[ok]	576
[ok]	577
[ok]	578
[ok]	579
[ok]	580
[ok]	581
[ok]	582
[ok]	583
[ok]	584
[ok]	585
[ok]	586
[ok]	587
[ok]	588
[ok]	589
[ok]	590
[ok]	591
[ok]	592
[ok]	593
[ok]	594
[ok]	595
[ok]	596
[ok]	597
[ok]	598
[ok]	599
[ok]	600
[ok]	601
[ok]	602
[ok]	603
[ok]	604
[ok]	605
[ok]	606
[ok]	607
[ok]	608
[ok]	609
[ok]	610
[ok]	611
[ok]	612
[ok]	613
[ok]	614
[ok]	615
[ok]	616
[ok]	617
[ok]	618
[ok]	619
[ok]	620
[ok]	621
[ok]	622
[ok]	623
[ok]	624
[ok]	625
[ok]	626
[ok]	627
[ok]	628
[ok]	629
[ok]	630
[ok]	631
[ok]	632
[ok]	633
[ok]	634
[ok]	635
[ok]	636
[ok]	637
[ok]	638
[ok]	639
[ok]	640
[ok]	641
[ok]	642
[ok]	643
[ok]	644
[ok]	645
[ok]	646
[ok]	647
[ok]	648
[ok]	649
[ok]	650
[ok]	651
[ok]	652
[ok]	653
[ok]	654
[ok]	655
[ok]	656
[ok]	657
[ok]	658
[ok]	659
[ok]	660
[ok]	661
[ok]	662
[ok]	663
[ok]	664
[ok]	665
[ok]	666
[ok]	667
[ok]	668
[ok]	669
[ok]	670
[ok]	671
[ok]	672
[ok]	673
[ok]	674
[ok]	675
[ok]	676
[ok]	677
[ok]	678
[ok]	679
[ok]	680
[ok]	681
[ok]	682
[ok]	683
[ok]	684
[ok]	685
[ok]	686
[ok]	687
[ok]	688
[ok]	689
[ok]	690
[ok]	691
[ok]	692
[ok]	693
[ok]	694
[ok]	695
[ok]	696
[ok]	697
[ok]	698
[ok]	699
[ok]	700
[ok]	701
[ok]	702
[ok]	703
[ok]	704
[ok]	705
[ok]	706
[ok]	707
[ok]	708
[ok]	709
[ok]	710
[ok]	711
[ok]	712
[ok]	713
[ok]	714
[ok]	715
[ok]	716
[ok]	717
[ok]	718
[ok]	719
[ok]	720
[ok]	721
[ok]	722
[ok]	723
[ok]	724
[ok]	725
[ok]	726
[ok]	727
[ok]	728
[ok]	729
[ok]	730
[ok]	731
[ok]	732
[ok]	733
[ok]	734
[ok]	735
[ok]	736
[ok]	737
[ok]	738
[ok]	739
[ok]	740
[ok]	741
[ok]	742
[ok]	743
[ok]	744
[ok]	745
[ok]	746
[ok]	747
[ok]	748
[ok]	749
[ok]	750
[ok]	751
[ok]	752
[ok]	753
[ok]	754
[ok]	755
[ok]	756
[ok]	757
[ok]	758
[ok]	759
[ok]	760
[ok]	761
[ok]	762
[ok]	763
[ok]	764
[ok]	765
[ok]	766
[ok]	767
[ok]	768
[ok]	769
[ok]	770
[ok]	771
[ok]	772
[ok]	773
[ok]	774
[ok]	775
[ok]	776
[ok]	777
[ok]	778
[ok]	779
[ok]	780
[ok]	781
[ok]	782
[ok]	783
[ok]	784
[ok]	785
[ok]	786
[ok]	787
[ok]	788
[ok]	789
[ok]	790
[ok]	791
[ok]	792
[ok]	793
[ok]	794
[ok]	795
[ok]	796
[ok]	797
[ok]	798
[ok]	799
[ok]	800
[ok]	801
[ok]	802
[ok]	803
[ok]	804
[ok]	805
[ok]	806
[ok]	807
[ok]	808
[ok]	809
[ok]	810
[ok]	811
[ok]	812
[ok]	813
[ok]	814
[ok]	815
[ok]	816
[ok]	817
[ok]	818
[ok]	819
[ok]	820
[ok]	821
[ok]	822
[ok]	823
[ok]	824
[ok]	825
[ok]	826
[ok]	827
[ok]	828
[ok]	829
[ok]	830
[ok]	831
[ok]	832
[ok]	833
[ok]	834
[ok]	835
[ok]	836
[ok]	837
[ok]	838
[ok]	839
[ok]	840
[ok]	841
[ok]	842
[ok]	843
[ok]	844
[ok]	845
[ok]	846
[ok]	847
[ok]	848
[ok]	849
[ok]	850
[ok]	851
[ok]	852
[ok]	853
[ok]	854
[ok]	855
[ok]	856
[ok]	857
[ok]	858
[ok]	859
[ok]	860
[ok]	861
[ok]	862
[ok]	863
[ok]	864
[ok]	865
[ok]	866
[ok]	867
[ok]	868
[ok]	869
[ok]	870
[ok]	871
[ok]	872
[ok]	873
[ok]	874
[ok]	875
[ok]	876
[ok]	877
[ok]	878
[ok]	879
[ok]	880
[ok]	881
[ok]	882
[ok]	883
[ok]	884
[ok]	885
[ok]	886
[ok]	887
[ok]	888
[ok]	889
[ok]	890
[ok]	891
[ok]	892
[ok]	893
[ok]	894
[ok]	895
[ok]	896
[ok]	897
[ok]	898
[ok]	899
[ok]	900
[ok]	901
[ok]	902
[ok]	903
[ok]	904
[ok]	905
[ok]	906
[ok]	907
[ok]	908
[ok]	909
[ok]	910
[ok]	911
[ok]	912
[ok]	913
[ok]	914
[ok]	915
[ok]	916
[ok]	917
[ok]	918
[ok]	919
[ok]	920
[ok]	921
[ok]	922
[ok]	923
[ok]	924
[ok]	925
[ok]	926
[ok]	927
[ok]	928
[ok]	929
[ok]	930
[ok]	931
[ok]	932
[ok]	933
[ok]	934
[ok]	935
[ok]	936
[ok]	937
[ok]	938
[ok]	939
[ok]	940
[ok]	941
[ok]	942
[ok]	943
[ok]	944
[ok]	945
[ok]	946
[ok]	947
[ok]	948
[ok]	949
[ok]	950
[ok]	951
[ok]	952
[ok]	953
[ok]	954
[ok]	955
[ok]	956
[ok]	957
[ok]	958
[ok]	959
[ok]	960
[ok]	961
[ok]	962
[ok]	963
[ok]	964
[ok]	965
[ok]	966
[ok]	967
[ok]	968
[ok]	969
[ok]	970
[ok]	971
[ok]	972
[ok]	973
[ok]	974
[ok]	975
[ok]	976
[ok]	977
[ok]	978
[ok]	979
[ok]	980
[ok]	981
[ok]	982
[ok]	983
[ok]	984
[ok]	985
[ok]	986
[ok]	987
[ok]	988
[ok]	989
[ok]	990
[ok]	991
[ok]	992
[ok]	993
[ok]	994
[ok]	995
[ok]	996
[ok]	997
[ok]	998
[ok]	999
[ok]	1000
[ok]	1001
[ok]	1002
[ok]	1003
[ok]	1004
[ok]	1005
[ok]	1006
[ok]	1007
[ok]	1008
[ok]	1009
[ok]	1010
[ok]	1011
[ok]	1012
[ok]	1013
[ok]	1014
[ok]	1015
[ok]	1016
[ok]	1017
[ok]	1018
[ok]	1019
[ok]	1020
[ok]	1021
[ok]	1022
[ok]	1023
[ok]	1024
[ok]	1025
[ok]	1026
[ok]	1027
[ok]	1028
[ok]	1029
[ok]	1030
[ok]	1031
[ok]	1032
[ok]	1033
[ok]	1034
[ok]	1035
[ok]	1036
[ok]	1037
[ok]	1038
[ok]	1039
[ok]	1040
[ok]	1041
[ok]	1042
[ok]	1043
[ok]	1044
[ok]	1045
[ok]	1046
[ok]	1047
[ok]	1048
[ok]	1049
[ok]	1050
[ok]	1051
[ok]	1052
[ok]	1053
[ok]	1054
[ok]	1055
[ok]	1056
[ok]	1057
[ok]	1058
[ok]	1059
[ok]	1060
[ok]	1061
[ok]	1062
[ok]	1063
[ok]	1064
[ok]	1065
[ok]	1066
[ok]	1067
[ok]	1068
[ok]	1069
[ok]	1070
[ok]	1071
[ok]	1072
[ok]	1073
[ok]	1074
[ok]	1075
[ok]	1076
[ok]	1077
[ok]	1078
[ok]	1079
[ok]	1080
[ok]	1081
[ok]	1082
[ok]	1083
[ok]	1084
[ok]	1085
[ok]	1086
[ok]	1087
[ok]	1088
[ok]	1089
[ok]	1090
[ok]	1091
[ok]	1092
[ok]	1093
[ok]	1094
[ok]	1095
[ok]	1096
[ok]	1097
[ok]	1098
[ok]	1099
[ok]	1100
[ok]	1101
[ok]	1102
[ok]	1103
[ok]	1104
[ok]	1105
[ok]	1106
[ok]	1107
[ok]	1108
[ok]	1109
[ok]	1110
[ok]	1111
[ok]	1112
[ok]	1113
[ok]	1114
[ok]	1115
[ok]	1116
[ok]	1117
[ok]	1118
[ok]	1119
[ok]	1120
[ok]	1121
[ok]	1122
[ok]	1123
[ok]	1124
[ok]	1125
[ok]	1126
[ok]	1127
[ok]	1128
[ok]	1129
[ok]	1130
[ok]	1131
[ok]	1132
[ok]	1133
[ok]	1134
[ok]	1135
[ok]	1136
[ok]	1137
[ok]	1138
[ok]	1139
[ok]	1140
[ok]	1141
[ok]	1142
[ok]	1143
[ok]	1144
[ok]	1145
[ok]	1146
[ok]	1147
[ok]	1148
[ok]	1149
[ok]	1150
[ok]	1151
[ok]	1152
[ok]	1153
[ok]	1154
[ok]	1155
[ok]	1156
[ok]	1157
[ok]	1158
[ok]	1159
[ok]	1160
[ok]	1161
[ok]	1162
[ok]	1163
[ok]	1164
[ok]	1165
[ok]	1166
[ok]	1167
[ok]	1168
[ok]	1169
[ok]	1170
[ok]	1171
[ok]	1172
[ok]	1173
[ok]	1174
[ok]	1175
[ok]	1176
[ok]	1177
[ok]	1178
[ok]	1179
[ok]	1180
[ok]	1181
[ok]	1182
[ok]	1183
[ok]	1184
[ok]	1185
[ok]	1186
[ok]	1187
[ok]	1188
[ok]	1189
[ok]	1190
[ok]	1191
[ok]	1192
[ok]	1193
[ok]	1194
[ok]	1195
[ok]	1196
[ok]	1197
[ok]	1198
[ok]	1199
[ok]	1200
[ok]	1201
[ok]	1202
[ok]	1203
[ok]	1204
[ok]	1205
[ok]	1206
[ok]	1207
[ok]	1208
[ok]	1209
[ok]	1210
[ok]	1211
[ok]	1212
[ok]	1213
[ok]	1214
[ok]	1215
[ok]	1216
[ok]	1217
[ok]	1218
[ok]	1219
[ok]	1220
[ok]	1221
[ok]	1222
[ok]	1223
[ok]	1224
[ok]	1225
[ok]	1226
[ok]	1227
[ok]	1228
[ok]	1229
[ok]	1230
[ok]	1231
[ok]	1232
[ok]	1233
[ok]	1234
[ok]	1235
[ok]	1236
[ok]	1237
[ok]	1238
[ok]	1239
[ok]	1240
[ok]	1241
[ok]	1242
[ok]	1243
[ok]	1244
[ok]	1245
[ok]	1246
[ok]	1247
[ok]	1248
[ok]	1249
[ok]	1250
[ok]	1251
[ok]	1252
[ok]	1253
[ok]	1254
[ok]	1255
[ok]	1256
[ok]	1257
[ok]	1258
[ok]	1259
[ok]	1260
[ok]	1261
[ok]	1262
[ok]	1263
[ok]	1264
[ok]	1265
[ok]	1266
[ok]	1267
[ok]	1268
[ok]	1269
[ok]	1270
[ok]	1271
[ok]	1272
[ok]	1273
[ok]	1274
[ok]	1275
[ok]	1276
[ok]	1277
[ok]	1278
[ok]	1279
[ok]	1280
[ok]	1281
[ok]	1282
[ok]	1283
[ok]	1284
[ok]	1285
[ok]	1286
[ok]	1287
[fail]	1288	Microsoft Word got an error: document "01288__7e4c9416aa_00803e70c3646e42abab322238df606c847686168795a703__vs__1424386e9b_017447de83753a0e3b7afc659df038ef56972925336c6a5b_redline_c8545d372b_jubarte-093.docx" doesn’t understand the “save as” message.
[ok]	1289
[ok]	1290
[ok]	1291
[ok]	1292
[ok]	1293
[ok]	1294
[ok]	1295
[ok]	1296
[ok]	1297
[ok]	1298
[ok]	1299
[ok]	1300
[ok]	1301
[ok]	1302
[ok]	1303
[ok]	1304
[ok]	1305
[ok]	1306
[ok]	1307
[ok]	1308
[ok]	1309
[ok]	1310
[ok]	1311
[ok]	1312
[ok]	1313
[ok]	1314
[ok]	1315
[ok]	1316
[ok]	1317
[ok]	1318
[ok]	1319
[ok]	1320
[ok]	1321
[ok]	1322
[ok]	1323
[ok]	1324
[ok]	1325
[ok]	1326
[ok]	1327
[ok]	1328
[ok]	1329
[ok]	1330
[ok]	1331
[ok]	1332
[ok]	1333
[ok]	1334
[ok]	1335
[ok]	1336
[ok]	1337
[ok]	1338
[ok]	1339
[ok]	1340
[ok]	1341
[ok]	1342
[ok]	1343
[ok]	1344
[ok]	1345
[ok]	1346
[ok]	1347
[ok]	1348
[ok]	1349
[ok]	1350
[ok]	1351
[ok]	1352
[ok]	1353
[ok]	1354
[ok]	1355
[ok]	1356
[ok]	1357
[ok]	1358
[ok]	1359
[ok]	1360
[ok]	1361
[ok]	1362
[ok]	1363
[ok]	1364
[ok]	1365
[ok]	1366
[ok]	1367
[ok]	1368
[ok]	1369
[ok]	1370
[ok]	1371
[ok]	1372
[ok]	1373
[ok]	1374
[ok]	1375
[ok]	1376
[ok]	1377
[ok]	1378
[ok]	1379
[ok]	1380
[ok]	1381
[ok]	1382
[ok]	1383
[ok]	1384
[ok]	1385
[ok]	1386
[ok]	1387
[ok]	1388
[ok]	1389
[ok]	1390
[ok]	1391
[ok]	1392
[ok]	1393
[ok]	1394
[ok]	1395
[ok]	1396
[ok]	1397
[ok]	1398
[ok]	1399
[ok]	1400
[ok]	1401
[ok]	1402
[ok]	1403
[ok]	1404
[ok]	1405
[ok]	1406
[ok]	1407
[ok]	1408
[ok]	1409
[ok]	1410
[ok]	1411
[ok]	1412
[ok]	1413
[ok]	1414
[ok]	1415
[ok]	1416
[ok]	1417
[ok]	1418
[ok]	1419
[ok]	1420
[ok]	1421
[ok]	1422
[ok]	1423
[ok]	1424
[ok]	1425
[ok]	1426
[ok]	1427
[ok]	1428
[ok]	1429
[ok]	1430
[ok]	1431
[ok]	1432
[ok]	1433
[ok]	1434
[ok]	1435
[ok]	1436
[ok]	1437
[ok]	1438
[ok]	1439
[ok]	1440
[ok]	1441
[ok]	1442
[ok]	1443
[ok]	1444
[ok]	1445
[ok]	1446
[ok]	1447
[ok]	1448
[ok]	1449
[ok]	1450
[ok]	1451
[ok]	1452
[ok]	1453
[ok]	1454
[ok]	1455
[ok]	1456
[ok]	1457
[ok]	1458
[ok]	1459
[ok]	1460
[ok]	1461
[ok]	1462
[ok]	1463
[ok]	1464
[ok]	1465
[ok]	1466
[ok]	1467
[ok]	1468
[ok]	1469
[ok]	1470
[ok]	1471
[ok]	1472
[ok]	1473
[ok]	1474
[ok]	1475
[ok]	1476
[ok]	1477
[ok]	1478
[ok]	1479
[ok]	1480
[ok]	1481
[ok]	1482
[ok]	1483
[ok]	1484
[ok]	1485
[ok]	1486
[ok]	1487
[ok]	1488
[ok]	1489
[ok]	1490
[ok]	1491
[ok]	1492
[ok]	1493
[ok]	1494
[ok]	1495
[ok]	1496
[ok]	1497
[ok]	1498
[ok]	1499
[ok]	1500
[ok]	1501
[ok]	1502
[ok]	1503
[ok]	1504
[ok]	1505
[ok]	1506
[ok]	1507
[ok]	1508
[ok]	1509
[ok]	1510
[ok]	1511
[ok]	1512
[ok]	1513
[ok]	1514
[ok]	1515
[ok]	1516
[ok]	1517
[ok]	1518
[ok]	1519
[ok]	1520
[ok]	1521
[ok]	1522
[ok]	1523
[ok]	1524
[ok]	1525
[ok]	1526
[ok]	1527
[ok]	1528
[ok]	1529
[ok]	1530
[ok]	1531
[ok]	1532
[ok]	1533
[ok]	1534
[ok]	1535
[ok]	1536
[ok]	1537
[ok]	1538
[ok]	1539
[ok]	1540
[ok]	1541
[ok]	1542
[ok]	1543
[ok]	1544
[ok]	1545
[ok]	1546
[ok]	1547
[ok]	1548
[ok]	1549
[ok]	1550
[ok]	1551
[ok]	1552
[ok]	1553
[ok]	1554
[ok]	1555
[ok]	1556
[ok]	1557
[ok]	1558
[ok]	1559
[ok]	1560
[ok]	1561
[ok]	1562
[ok]	1563
[ok]	1564
[ok]	1565
[ok]	1566
[ok]	1567
[ok]	1568
[ok]	1569
[ok]	1570
[ok]	1571
[ok]	1572
[ok]	1573
[ok]	1574
[ok]	1575
[ok]	1576
[ok]	1577
[ok]	1578
[ok]	1579
[ok]	1580
[ok]	1581
[ok]	1582
[ok]	1583
[ok]	1584
[ok]	1585
[ok]	1586
[ok]	1587
[ok]	1588
[ok]	1589
[ok]	1590
[ok]	1591
[ok]	1592
[ok]	1593
[ok]	1594
[ok]	1595
[ok]	1596
[ok]	1597
[ok]	1598
[ok]	1599
[ok]	1600
[ok]	1601
[ok]	1602
[ok]	1603
[ok]	1604
[ok]	1605
[ok]	1606
[ok]	1607
[ok]	1608
[ok]	1609
[ok]	1610
[ok]	1611
[ok]	1612
[ok]	1613
[ok]	1614
[ok]	1615
[ok]	1616
[ok]	1617
[ok]	1618
[ok]	1619
[ok]	1620
[ok]	1621
[ok]	1622
[ok]	1623
[ok]	1624
[ok]	1625
[ok]	1626
[ok]	1627
[ok]	1628
[ok]	1629
[ok]	1630
[ok]	1631
[ok]	1632
[ok]	1633
[ok]	1634
[ok]	1635
[ok]	1636
[ok]	1637
[ok]	1638
[ok]	1639
[ok]	1640
[ok]	1641
[ok]	1642
[ok]	1643
[ok]	1644
[ok]	1645
[ok]	1646
[ok]	1647
[ok]	1648
[ok]	1649
[ok]	1650
[ok]	1651
[ok]	1652
[ok]	1653
[ok]	1654
[ok]	1655
[ok]	1656
[ok]	1657
[ok]	1658
[ok]	1659
[ok]	1660
[ok]	1661
[ok]	1662
[ok]	1663
[ok]	1664
[ok]	1665
[ok]	1666
[ok]	1667
[ok]	1668
[ok]	1669
[ok]	1670
[ok]	1671
[ok]	1672
[ok]	1673
[ok]	1674
[ok]	1675
[ok]	1676
[ok]	1677
[ok]	1678
[ok]	1679
[ok]	1680
[ok]	1681
[ok]	1682
[ok]	1683
[ok]	1684
[ok]	1685
[ok]	1686
[ok]	1687
[ok]	1688
[ok]	1689
[ok]	1690
[ok]	1691
[ok]	1692
[ok]	1693
[ok]	1694
[ok]	1695
[ok]	1696
[ok]	1697
[ok]	1698
[ok]	1699
[ok]	1700
[ok]	1701
[ok]	1702
[ok]	1703
[ok]	1704
[ok]	1705
[ok]	1706
[ok]	1707
[ok]	1708
[ok]	1709
[ok]	1710
[ok]	1711
[ok]	1712
[ok]	1713
[ok]	1714
[ok]	1715
[ok]	1716
[ok]	1717
[ok]	1718
[ok]	1719
[ok]	1720
[ok]	1721
[ok]	1722
[ok]	1723
[ok]	1724
[ok]	1725
[ok]	1726
[ok]	1727
[ok]	1728
[ok]	1729
[ok]	1730
[ok]	1731
[ok]	1732
[ok]	1733
[ok]	1734
[ok]	1735
[ok]	1736
[ok]	1737
[ok]	1738
[ok]	1739
[ok]	1740
[ok]	1741
[ok]	1742
[ok]	1743
[ok]	1744
[ok]	1745
[ok]	1746
[ok]	1747
[ok]	1748
[ok]	1749
[ok]	1750
[ok]	1751
[ok]	1752
[ok]	1753
[ok]	1754
[ok]	1755
[ok]	1756
[ok]	1757
[ok]	1758
[ok]	1759
[ok]	1760
[ok]	1761
[ok]	1762
[ok]	1763
[ok]	1764
[ok]	1765
[ok]	1766
[ok]	1767
[ok]	1768
[ok]	1769
[ok]	1770
[ok]	1771
[ok]	1772
[ok]	1773
[ok]	1774
[ok]	1775
[ok]	1776
[ok]	1777
[ok]	1778
[ok]	1779
[ok]	1780
[ok]	1781
[ok]	1782
[ok]	1783
[ok]	1784
[ok]	1785
[ok]	1786
[ok]	1787
[ok]	1788
[ok]	1789
[ok]	1790
[ok]	1791
[ok]	1792
-- newest diagnostic reports: jub_b19-2026-09-30-052944.0006.ips, jub_b19-2026-09-30-052944.0005.ips, jub_b19-2026-09-30-052944.0004.ips, jub_b19-2026-09-30-052944.0003.ips, jub_b19-2026-09-30-052944.0002.ips
2026-09-30 06:19:30.445 | WARNING  | __main__:run_batch_with_resume:1206 - [batch pdf] 817 item(s) never reached (ended without reaching them); recycling Word and retrying the rest first, retried items last (pass 4, 3 of 3 stalled passes used)
2026-09-30 06:19:30.448 | WARNING  | __main__:recycle:725 - [word] restarting a Word this run did not launch. If you set "Optimize for: Best for printing" by hand, re-check it before trusting the PDFs rendered after this point.
2026-09-30 06:19:30.448 | WARNING  | __main__:recycle:731 - [word] recycling (restart 3)
2026-09-30 06:19:54.163 | ERROR    | __main__:_convert_batched:1730 - [batch] FAIL: 079f874985_d7c6db54eed56cba8e414272fd1de8d10df8257850e68fc5__vs__d4f4f33ca7_ce3c279407c9eb4e94d8e9f4ca9e68b8f882674fc6a1caff_redline_51c9eab1af_jubarte-093.docx — 
2026-09-30 06:19:59.754 | ERROR    | __main__:_convert_batched:1730 - [batch] FAIL: 19eb128df9_98bf5f3d218a1485f5eb284693b4f98725eadd3660097efd__vs__9666fa13fb_a3701d3600ed5bf6c9bf13e12e4c2a59542eba10f87fad69_redline_5b269ade28_jubarte-093.docx — 
2026-09-30 06:20:32.767 | ERROR    | __main__:_convert_batched:1730 - [batch] FAIL: 7e4c9416aa_00803e70c3646e42abab322238df606c847686168795a703__vs__1424386e9b_017447de83753a0e3b7afc659df038ef56972925336c6a5b_redline_c8545d372b_jubarte-093.docx — Microsoft Word got an error: document "01288__7e4c9416aa_00803e70c3646e42abab322238df606c847686168795a703__vs__1424386e9b_017447de83753a0e3b7afc659df038ef56972925336c6a5b_redline_c8545d372b_jubarte-09
2026-09-30 06:20:39.159 | ERROR    | __main__:_convert_batched:1730 - [batch] FAIL: acce1b593c_4bb73d9addf1f02e3a2132dcd33a8feb4dfcbe076d43bb0f__vs__4e2d5a0b0c_4887566b3c4aad8c7f07b4ba2637c0244a1ee0d66c8d0c29_redline_63ea4d3f8d_jubarte-093.docx — Microsoft Word got an error: AppleEvent timed out.
2026-09-30 06:20:39.162 | ERROR    | __main__:_convert_batched:1730 - [batch] FAIL: accec0538a_anchor_images__vs__6d773ca294_super_editor__annot2_03ae6b74_redline_250b44c074_jubarte-093.docx — never reached in 3 batch pass(es)
2026-09-30 06:20:39.164 | ERROR    | __main__:_convert_batched:1730 - [batch] FAIL: accec0538a_anchor_images__vs__d72fd74138_super_editor__ooxml_color_rstyle_linked_combos_d_redline_2971d117a2_jubarte-093.docx — never reached in 3 batch pass(es)
2026-09-30 06:20:39.166 | ERROR    | __main__:_convert_batched:1730 - [batch] FAIL: acd3595c3a_0032221e68ad2a7986d1fe113eb1d46b5a7d1901b5aa9318__vs__1424386e9b_017447de83753a0e3b7afc659df038ef56972925336c6a5b_redline_bc0135eaa1_jubarte-093.docx — never reached in 3 batch pass(es)
2026-09-30 06:20:39.168 | ERROR    | __main__:_convert_batched:1730 - [batch] FAIL: acd3595c3a_0032221e68ad2a7986d1fe113eb1d46b5a7d1901b5aa9318__vs__2773adf157_0004c94ca2a8684d47449bb0e7abf87de1df71a7e6543252_redline_af11cf2e9f_jubarte-093.docx — never reached in 3 batch pass(es)
2026-09-30 06:20:39.170 | ERROR    | __main__:_convert_batched:1730 - [batch] FAIL: acd3595c3a_0032221e68ad2a7986d1fe113eb1d46b5a7d1901b5aa9318__vs__2e04202552_000e3e7bd2d6215fc7b469cc3e296c1b2a510bc1abc7e0fd_redline_a2efa3a876_jubarte-093.docx — never reached in 3 batch pass(es)
2026-09-30 06:20:39.171 | ERROR    | __main__:_convert_batched:1730 - [batch] FAIL: acd3595c3a_0032221e68ad2a7986d1fe113eb1d46b5a7d1901b5aa9318__vs__333bfe069a_003416d620331122b93b434dad901db5836f60d2cad4b533_redline_8d61bf76a6_jubarte-093.docx — never reached in 3 batch pass(es)
2026-09-30 06:20:39.173 | ERROR    | __main__:_convert_batched:1730 - [batch] FAIL: acd3595c3a_0032221e68ad2a7986d1fe113eb1d46b5a7d1901b5aa9318__vs__342f364d46_001342333d45627868f4dc5282abbba4598a91b4a7584b08_redline_0876a1f7de_jubarte-093.docx — never reached in 3 batch pass(es)
2026-09-30 06:20:39.175 | ERROR    | __main__:_convert_batched:1730 - [batch] FAIL: acd3595c3a_0032221e68ad2a7986d1fe113eb1d46b5a7d1901b5aa9318__vs__5203829c7a_001cc92b88566d5f930fe57f25813c0bf52a7bdc72c217d0_redline_bca947baf5_jubarte-093.docx — never reached in 3 batch pass(es)
2026-09-30 06:20:39.177 | ERROR    | __main__:_convert_batched:1730 - [batch] FAIL: acd3595c3a_0032221e68ad2a7986d1fe113eb1d46b5a7d1901b5aa9318__vs__a5f2b9318d_002aa60c2ae1187417b4b157c5ec6450324cc056ec551a12_redline_6c8c342674_jubarte-093.docx — never reached in 3 batch pass(es)
2026-09-30 06:20:39.179 | ERROR    | __main__:_convert_batched:1730 - [batch] FAIL: acd3595c3a_0032221e68ad2a7986d1fe113eb1d46b5a7d1901b5aa9318__vs__aa5340125d_00a4b0b91e9b5b072dc3771391c2d608518690eccf44eae8_redline_34ea4e4e07_jubarte-093.docx — never reached in 3 batch pass(es)
2026-09-30 06:20:39.181 | ERROR    | __main__:_convert_batched:1730 - [batch] FAIL: acd3595c3a_0032221e68ad2a7986d1fe113eb1d46b5a7d1901b5aa9318__vs__bd3824dd1e_000ee64ef7226d353297888f59a251e24ce5d776fea000fa_redline_b359531be7_jubarte-093.docx — never reached in 3 batch pass(es)
2026-09-30 06:20:39.184 | ERROR    | __main__:_convert_batched:1730 - [batch] FAIL: acd3595c3a_0032221e68ad2a7986d1fe113eb1d46b5a7d1901b5aa9318__vs__deff0e697a_00b5defcad6e58038eac35472a2d48c89905068e5ece0cc3_redline_fab397b633_jubarte-093.docx — never reached in 3 batch pass(es)
2026-09-30 06:20:39.187 | ERROR    | __main__:_convert_batched:1730 - [batch] FAIL: ad00cf90d7_doc_api_stories__diff_doc2_bc0da0ce__vs__18eb110b3b_numwords_fldsimple_redline_b778cdcad3_jubarte-093.docx — never reached in 3 batch pass(es)
2026-09-30 06:20:39.187 | ERROR    | __main__:_convert_batched:1730 - [batch] FAIL: ad00cf90d7_doc_api_stories__diff_doc2_bc0da0ce__vs__d6a1c42901_super_editor__diff_before16_f518c031_redline_5daae0d169_jubarte-093.docx — never reached in 3 batch pass(es)
2026-09-30 06:20:39.190 | ERROR    | __main__:_convert_batched:1730 - [batch] FAIL: ad43500302_super_editor__list_numbering_reimport_d788d573__vs__ca44eef662_super_editor__list_spacer1_06383c66_redline_0e31ba5d43_jubarte-093.docx — never reached in 3 batch pass(es)
2026-09-30 06:20:39.192 | ERROR    | __main__:_convert_batched:1730 - [batch] FAIL: ad525fb725_0f89ef3a0cec3c85981cde021a1c4cd2121ccf0c7a0d011c__vs__f6ac811afb_61da6f5f8f20fae419e355a027dcc55b9390c8227243d3fc_redline_c626b7f70e_jubarte-093.docx — never reached in 3 batch pass(es)
2026-09-30 06:20:39.193 | ERROR    | __main__:_convert_batched:1730 - [batch] FAIL: ad80cf4457_file_46__vs__5a2663625f_file_47_redline_0dc864b6b3_jubarte-093.docx — never reached in 3 batch pass(es)
2026-09-30 06:20:39.194 | ERROR    | __main__:_convert_batched:1730 - [batch] FAIL: adab1d7f95_e4da907284684ae6de0a0105ed31619286f85d270957e50f__vs__d66d977468_d41b0a2aae43a2286e03df83a759313b6f175040b07994fc_redline_4d10fec5fc_jubarte-093.docx — never reached in 3 batch pass(es)
2026-09-30 06:20:39.196 | ERROR    | __main__:_convert_batched:1730 - [batch] FAIL: adc9f524d1_comments__vs__5d17fd43a9_complex_style_attr_redline_2061218d44_jubarte-093.docx — never reached in 3 batch pass(es)
2026-09-30 06:20:39.198 | ERROR    | __main__:_convert_batched:1730 - [batch] FAIL: ae086861ee_39a887f5b1bab1cf142553ab31f2bbdcf6ff51b14218f14c__vs__a9477e435a_eb24288b5ce1911f33e7474501a08fe599484a8f13740443_redline_56c88d95bf_jubarte-093.docx — never reached in 3 batch pass(es)
2026-09-30 06:20:39.199 | ERROR    | __main__:_convert_batched:1730 - [batch] FAIL: ae59d6042a_file_78__vs__82601d4a24_file_79_redline_2ee31b1dfa_jubarte-093.docx — never reached in 3 batch pass(es)
2026-09-30 06:20:39.200 | ERROR    | __main__:_convert_batched:1730 - [batch] FAIL: ae5f2d61d5_file_113__vs__0aa6426932_file_114_redline_8834f8da58_jubarte-093.docx — never reached in 3 batch pass(es)
2026-09-30 06:20:39.201 | ERROR    | __main__:_convert_batched:1730 - [batch] FAIL: ae7ee72233_cb17d2d61a361074ba2688314d1e8ea44059899c5f74a347__vs__d8da0b6f8f_c3b6c527abcc8736628c2001d09c7d9bd3b53507eeb84774_redline_c6b17b514b_jubarte-093.docx — never reached in 3 batch pass(es)
2026-09-30 06:20:39.202 | ERROR    | __main__:_convert_batched:1730 - [batch] FAIL: ae9360e096_behavior__sd_2672_merged_table_821b922c__vs__178804f5ce_super_editor__invalid_list_def_fallback_d7f55451_redline_365debc124_jubarte-093.docx — never reached in 3 batch pass(es)
2026-09-30 06:20:39.204 | ERROR    | __main__:_convert_batched:1730 - [batch] FAIL: ae9360e096_behavior__sd_2672_merged_table_821b922c__vs__a5903a7c15_super_editor__pci_table_dc840852_redline_00baea9614_jubarte-093.docx — never reached in 3 batch pass(es)
2026-09-30 06:20:39.206 | ERROR    | __main__:_convert_batched:1730 - [batch] FAIL: ae9360e096_behavior__sd_2672_merged_table_821b922c__vs__e663016796_behavior__sd_2672_multipara_cell_4d1f068e_redline_74842a7b93_jubarte-093.docx — never reached in 3 batch pass(es)
2026-09-30 06:20:39.208 | ERROR    | __main__:_convert_batched:1730 - [batch] FAIL: aeb0ace263_793bb9c35c342cd532221e60f7f70c0411de141b896a63b2__vs__1000537d17_8d9cfd6b8768cf88164c1b8c735e97b737193f3e92fd18ee_redline_3d4318d7e9_jubarte-093.docx — never reached in 3 batch pass(es)
2026-09-30 06:20:39.210 | ERROR    | __main__:_convert_batched:1730 - [batch] FAIL: aeba435bbd_file_133__vs__6f02029e99_file_134_redline_3e4b94de41_jubarte-093.docx — never reached in 3 batch pass(es)
2026-09-30 06:20:39.211 | ERROR    | __main__:_convert_batched:1730 - [batch] FAIL: af2bb3fa96_file_70__vs__91b2b8bb84_file_71_redline_97d8ded8dc_jubarte-093.docx — never reached in 3 batch pass(es)
2026-09-30 06:20:39.212 | ERROR    | __main__:_convert_batched:1730 - [batch] FAIL: af2ea13761_6a0524deb86b08f0fb55dcbb7d469deacb25532f08824945__vs__1068eb5017_793c14bc1529c16f30ac69b82ca152f39f534a1a3f3f90e4_redline_5d8e97b0c5_jubarte-093.docx — never reached in 3 batch pass(es)
2026-09-30 06:20:39.214 | ERROR    | __main__:_convert_batched:1730 - [batch] FAIL: af458715aa_superscript_demo_style_default_missing__vs__95bdaad1fe_support_tickets_table_redline_0acdd00ded_jubarte-093.docx — never reached in 3 batch pass(es)
2026-09-30 06:20:39.215 | ERROR    | __main__:_convert_batched:1730 - [batch] FAIL: af458715aa_superscript_demo_style_default_missing__vs__c917cc5055_support_tickets_summary_id_paraid_overflow_redline_733ae46745_jubarte-093.docx — never reached in 3 batch pass(es)
2026-09-30 06:20:39.217 | ERROR    | __main__:_convert_batched:1730 - [batch] FAIL: af4645ebd0_file_99__vs__b8115d0dab_file_100_redline_65aa483982_jubarte-093.docx — never reached in 3 batch pass(es)
2026-09-30 06:20:39.218 | ERROR    | __main__:_convert_batched:1730 - [batch] FAIL: af540c50e4_00edeec4b73ab68a9a4e2b0281464f067656d89fc9969ab4__vs__1424386e9b_017447de83753a0e3b7afc659df038ef56972925336c6a5b_redline_029c0275ad_jubarte-093.docx — never reached in 3 batch pass(es)
2026-09-30 06:20:39.220 | ERROR    | __main__:_convert_batched:1730 - [batch] FAIL: af540c50e4_00edeec4b73ab68a9a4e2b0281464f067656d89fc9969ab4__vs__2773adf157_0004c94ca2a8684d47449bb0e7abf87de1df71a7e6543252_redline_6f4e7d3d95_jubarte-093.docx — never reached in 3 batch pass(es)
2026-09-30 06:20:39.222 | ERROR    | __main__:_convert_batched:1730 - [batch] FAIL: af540c50e4_00edeec4b73ab68a9a4e2b0281464f067656d89fc9969ab4__vs__2e04202552_000e3e7bd2d6215fc7b469cc3e296c1b2a510bc1abc7e0fd_redline_a702002b5b_jubarte-093.docx — never reached in 3 batch pass(es)
2026-09-30 06:20:39.225 | ERROR    | __main__:_convert_batched:1730 - [batch] FAIL: af540c50e4_00edeec4b73ab68a9a4e2b0281464f067656d89fc9969ab4__vs__333bfe069a_003416d620331122b93b434dad901db5836f60d2cad4b533_redline_fd9d6be0de_jubarte-093.docx — never reached in 3 batch pass(es)
2026-09-30 06:20:39.226 | ERROR    | __main__:_convert_batched:1730 - [batch] FAIL: af540c50e4_00edeec4b73ab68a9a4e2b0281464f067656d89fc9969ab4__vs__342f364d46_001342333d45627868f4dc5282abbba4598a91b4a7584b08_redline_1855b51281_jubarte-093.docx — never reached in 3 batch pass(es)
2026-09-30 06:20:39.228 | ERROR    | __main__:_convert_batched:1730 - [batch] FAIL: af540c50e4_00edeec4b73ab68a9a4e2b0281464f067656d89fc9969ab4__vs__5203829c7a_001cc92b88566d5f930fe57f25813c0bf52a7bdc72c217d0_redline_5569b9c84a_jubarte-093.docx — never reached in 3 batch pass(es)
2026-09-30 06:20:39.229 | ERROR    | __main__:_convert_batched:1730 - [batch] FAIL: af540c50e4_00edeec4b73ab68a9a4e2b0281464f067656d89fc9969ab4__vs__a5f2b9318d_002aa60c2ae1187417b4b157c5ec6450324cc056ec551a12_redline_188355c39c_jubarte-093.docx — never reached in 3 batch pass(es)
2026-09-30 06:20:39.232 | ERROR    | __main__:_convert_batched:1730 - [batch] FAIL: af540c50e4_00edeec4b73ab68a9a4e2b0281464f067656d89fc9969ab4__vs__aa5340125d_00a4b0b91e9b5b072dc3771391c2d608518690eccf44eae8_redline_498f22a0ba_jubarte-093.docx — never reached in 3 batch pass(es)
2026-09-30 06:20:39.233 | ERROR    | __main__:_convert_batched:1730 - [batch] FAIL: af540c50e4_00edeec4b73ab68a9a4e2b0281464f067656d89fc9969ab4__vs__bd3824dd1e_000ee64ef7226d353297888f59a251e24ce5d776fea000fa_redline_367a73a255_jubarte-093.docx — never reached in 3 batch pass(es)
2026-09-30 06:20:39.234 | ERROR    | __main__:_convert_batched:1730 - [batch] FAIL: af540c50e4_00edeec4b73ab68a9a4e2b0281464f067656d89fc9969ab4__vs__deff0e697a_00b5defcad6e58038eac35472a2d48c89905068e5ece0cc3_redline_64a83cfbb0_jubarte-093.docx — never reached in 3 batch pass(es)
2026-09-30 06:20:39.236 | ERROR    | __main__:_convert_batched:1730 - [batch] FAIL: af5e239443_file_35__vs__aa8e3ae559_file_36_redline_580f51f15c_jubarte-093.docx — never reached in 3 batch pass(es)
2026-09-30 06:20:39.237 | ERROR    | __main__:_convert_batched:1730 - [batch] FAIL: af613a9921_file_128__vs__9f9fd7010e_file_129_redline_a785e97227_jubarte-093.docx — never reached in 3 batch pass(es)
2026-09-30 06:20:39.238 | ERROR    | __main__:_convert_batched:1730 - [batch] FAIL: af73bfcc05_meeting_minutes_suggesting_insertions__vs__82348eef4b_multi_section_redline_4318cac120_jubarte-093.docx — never reached in 3 batch pass(es)
2026-09-30 06:20:39.239 | ERROR    | __main__:_convert_batched:1730 - [batch] FAIL: af73bfcc05_meeting_minutes_suggesting_insertions__vs__bdd82b239b_numbered_list_demo_id_paraid_overflow_redline_14f0524539_jubarte-093.docx — never reached in 3 batch pass(es)
2026-09-30 06:20:39.241 | ERROR    | __main__:_convert_batched:1730 - [batch] FAIL: afdd3ca64f_file_84__vs__44e1b7a900_file_85_redline_1a108b4476_jubarte-093.docx — never reached in 3 batch pass(es)
2026-09-30 06:20:39.242 | ERROR    | __main__:_convert_batched:1730 - [batch] FAIL: b025ee5fdc_7580e445276be4d6b36d23d2f5b0d3ec7e18ab67aa59eb3f__vs__57fb65cba0_6ac97492e1f938f2fed82dbeba003b9a65b2f989ef91179c_redline_5c6c65881f_jubarte-093.docx — never reached in 3 batch pass(es)
2026-09-30 06:20:39.244 | ERROR    | __main__:_convert_batched:1730 - [batch] FAIL: b06c6c71c5_subscript_demo_id_paraid_overflow__vs__f884ff965b_subscript_demo_style_default_missing_redline_daaf1625f5_jubarte-093.docx — never reached in 3 batch pass(es)
2026-09-30 06:20:39.246 | ERROR    | __main__:_convert_batched:1730 - [batch] FAIL: b0dd9fa902_file_154__vs__0fca4cca5b_file_155_redline_1a58936b38_jubarte-093.docx — never reached in 3 batch pass(es)
2026-09-30 06:20:39.248 | ERROR    | __main__:_convert_batched:1730 - [batch] FAIL: b126641535_file_46__vs__3b5c01bae4_file_47_redline_0244dddfe6_jubarte-093.docx — never reached in 3 batch pass(es)
2026-09-30 06:20:39.250 | ERROR    | __main__:_convert_batched:1730 - [batch] FAIL: b13ad6a30b_08da985c87d92e2aa39245f9771c0f024ba1986d40e19c4d__vs__24cfc33555_89489e767eba60afbffffd971e4fde9913403bfb29003b2b_redline_fea87b305c_jubarte-093.docx — never reached in 3 batch pass(es)
2026-09-30 06:20:39.252 | ERROR    | __main__:_convert_batched:1730 - [batch] FAIL: b1564f6aaf_font_color_blue_demo_style_default_missing__vs__66cedad6f8_font_color_demo_style_default_missing_redline_8f6917f79c_jubarte-093.docx — never reached in 3 batch pass(es)
2026-09-30 06:20:39.254 | ERROR    | __main__:_convert_batched:1730 - [batch] FAIL: b175a00954_file_27__vs__f32428a03a_file_28_redline_0f031c23c3_jubarte-093.docx — never reached in 3 batch pass(es)
2026-09-30 06:20:39.255 | ERROR    | __main__:_convert_batched:1730 - [batch] FAIL: b18190e946_c15f734eca26465e173c2c9f36ee1113e525ab3dfafb4064__vs__ba2cfffd73_f1c36266d446e07c029f99f20ac9319675eea5d1dfd33823_redline_0bdee164e5_jubarte-093.docx — never reached in 3 batch pass(es)
2026-09-30 06:20:39.257 | ERROR    | __main__:_convert_batched:1730 - [batch] FAIL: b1b92bb304_4ca9d50a751705618a5ad0964108b8508ce4230448e30f4e__vs__172554060e_2e02042a66af69cac127f0cbcb6c6c2216a37d928d163008_redline_143a7466a9_jubarte-093.docx — never reached in 3 batch pass(es)
2026-09-30 06:20:39.258 | ERROR    | __main__:_convert_batched:1730 - [batch] FAIL: b25409f76d_f563581d4d51c7a5f6a989b7ea1cbaf2ee3d9e50b1ee197d__vs__0220e9f28f_11256f7c327588b7fb561f6bbd3dfb1ade196cba2231eeba_redline_628c96c5fa_jubarte-093.docx — never reached in 3 batch pass(es)
2026-09-30 06:20:39.259 | ERROR    | __main__:_convert_batched:1730 - [batch] FAIL: b27a2ff1ad_a700d680776964b71b2d897597fb45bb3d9b22b973155bdc__vs__1ba087fe62_a72c54151dc0c8db3e88f7334094c49e60d7ab503f2b9fcb_redline_512b24be1e_jubarte-093.docx — never reached in 3 batch pass(es)
2026-09-30 06:20:39.261 | ERROR    | __main__:_convert_batched:1730 - [batch] FAIL: b27bda87ed_0023f7c421a05af9c44fb4ff9ef1bce46c53a081779b1e72__vs__1424386e9b_017447de83753a0e3b7afc659df038ef56972925336c6a5b_redline_fc2ea7c7e2_jubarte-093.docx — never reached in 3 batch pass(es)
2026-09-30 06:20:39.263 | ERROR    | __main__:_convert_batched:1730 - [batch] FAIL: b27bda87ed_0023f7c421a05af9c44fb4ff9ef1bce46c53a081779b1e72__vs__2773adf157_0004c94ca2a8684d47449bb0e7abf87de1df71a7e6543252_redline_f4228003d6_jubarte-093.docx — never reached in 3 batch pass(es)
2026-09-30 06:20:39.265 | ERROR    | __main__:_convert_batched:1730 - [batch] FAIL: b27bda87ed_0023f7c421a05af9c44fb4ff9ef1bce46c53a081779b1e72__vs__2e04202552_000e3e7bd2d6215fc7b469cc3e296c1b2a510bc1abc7e0fd_redline_bfd8504834_jubarte-093.docx — never reached in 3 batch pass(es)
2026-09-30 06:20:39.266 | ERROR    | __main__:_convert_batched:1730 - [batch] FAIL: b27bda87ed_0023f7c421a05af9c44fb4ff9ef1bce46c53a081779b1e72__vs__333bfe069a_003416d620331122b93b434dad901db5836f60d2cad4b533_redline_4c587eace6_jubarte-093.docx — never reached in 3 batch pass(es)
2026-09-30 06:20:39.268 | ERROR    | __main__:_convert_batched:1730 - [batch] FAIL: b27bda87ed_0023f7c421a05af9c44fb4ff9ef1bce46c53a081779b1e72__vs__342f364d46_001342333d45627868f4dc5282abbba4598a91b4a7584b08_redline_89a50b2cb9_jubarte-093.docx — never reached in 3 batch pass(es)
2026-09-30 06:20:39.270 | ERROR    | __main__:_convert_batched:1730 - [batch] FAIL: b27bda87ed_0023f7c421a05af9c44fb4ff9ef1bce46c53a081779b1e72__vs__5203829c7a_001cc92b88566d5f930fe57f25813c0bf52a7bdc72c217d0_redline_09fd2fff5b_jubarte-093.docx — never reached in 3 batch pass(es)
2026-09-30 06:20:39.271 | ERROR    | __main__:_convert_batched:1730 - [batch] FAIL: b27bda87ed_0023f7c421a05af9c44fb4ff9ef1bce46c53a081779b1e72__vs__a5f2b9318d_002aa60c2ae1187417b4b157c5ec6450324cc056ec551a12_redline_3b63fb2ef1_jubarte-093.docx — never reached in 3 batch pass(es)
2026-09-30 06:20:39.274 | ERROR    | __main__:_convert_batched:1730 - [batch] FAIL: b27bda87ed_0023f7c421a05af9c44fb4ff9ef1bce46c53a081779b1e72__vs__aa5340125d_00a4b0b91e9b5b072dc3771391c2d608518690eccf44eae8_redline_205503ead9_jubarte-093.docx — never reached in 3 batch pass(es)
2026-09-30 06:20:39.274 | ERROR    | __main__:_convert_batched:1730 - [batch] FAIL: b27bda87ed_0023f7c421a05af9c44fb4ff9ef1bce46c53a081779b1e72__vs__bd3824dd1e_000ee64ef7226d353297888f59a251e24ce5d776fea000fa_redline_4464c02259_jubarte-093.docx — never reached in 3 batch pass(es)
2026-09-30 06:20:39.277 | ERROR    | __main__:_convert_batched:1730 - [batch] FAIL: b27bda87ed_0023f7c421a05af9c44fb4ff9ef1bce46c53a081779b1e72__vs__deff0e697a_00b5defcad6e58038eac35472a2d48c89905068e5ece0cc3_redline_84af8aeb48_jubarte-093.docx — never reached in 3 batch pass(es)
2026-09-30 06:20:39.279 | ERROR    | __main__:_convert_batched:1730 - [batch] FAIL: b27c7b34e9_super_editor__heading_font_46041620__vs__bf50ee8ac4_super_editor__hummingbird_c5e5ac81_redline_29eeca5c14_jubarte-093.docx — never reached in 3 batch pass(es)
2026-09-30 06:20:39.280 | ERROR    | __main__:_convert_batched:1730 - [batch] FAIL: b27d48be08_numbered_list_italic_demo_id_paraid_overflow__vs__20bf978cd7_open_sans_bold_underline_id_paraid_overflow_redline_762bbc293b_jubarte-093.docx — never reached in 3 batch pass(es)
2026-09-30 06:20:39.282 | ERROR    | __main__:_convert_batched:1730 - [batch] FAIL: b27d48be08_numbered_list_italic_demo_id_paraid_overflow__vs__8dcd453923_numwords_fldsimple_redline_1131134f0d_jubarte-093.docx — never reached in 3 batch pass(es)
2026-09-30 06:20:39.284 | ERROR    | __main__:_convert_batched:1730 - [batch] FAIL: b2aba6af49_af7f234031b030c204bb9d410ee3e339406faa0e97eaa8bc__vs__f235c0d3f7_ad2add2aad4f07a8bab66ba9df06bac74d5dd077c6809d37_redline_86518c6d5b_jubarte-093.docx — never reached in 3 batch pass(es)
2026-09-30 06:20:39.286 | ERROR    | __main__:_convert_batched:1730 - [batch] FAIL: b2adbcc147_heading_3_center_italic_id_paraid_overflow__vs__017c22e2a3_heading_3_style_demo_id_paraid_overflow_2_redline_0921eca76e_jubarte-093.docx — never reached in 3 batch pass(es)
2026-09-30 06:20:39.287 | ERROR    | __main__:_convert_batched:1730 - [batch] FAIL: b2b3095b48_file_52__vs__ec3dd0df69_file_53_redline_589b832f86_jubarte-093.docx — never reached in 3 batch pass(es)
2026-09-30 06:20:39.289 | ERROR    | __main__:_convert_batched:1730 - [batch] FAIL: b3028f2d5b_super_editor__super_basic_table_86d8d916__vs__7367931dbf_super_editor__sdt_test_60079f08_redline_1ff9bf561d_jubarte-093.docx — never reached in 3 batch pass(es)
2026-09-30 06:20:39.291 | ERROR    | __main__:_convert_batched:1730 - [batch] FAIL: b3028f2d5b_super_editor__super_basic_table_86d8d916__vs__7a48682ea5_super_editor__superdoc_hyperlink_cases_1dde9cd3_redline_8568a9817b_jubarte-093.docx — never reached in 3 batch pass(es)
2026-09-30 06:20:39.293 | ERROR    | __main__:_convert_batched:1730 - [batch] FAIL: b31456961a_file_42__vs__e3c6e90478_file_43_redline_47d0da4ff9_jubarte-093.docx — never reached in 3 batch pass(es)
2026-09-30 06:20:39.294 | ERROR    | __main__:_convert_batched:1730 - [batch] FAIL: b318dafe66_file_153__vs__24643f4e34_file_154_redline_0528c17877_jubarte-093.docx — never reached in 3 batch pass(es)
2026-09-30 06:20:39.296 | ERROR    | __main__:_convert_batched:1730 - [batch] FAIL: b373229160_file_156__vs__0d888e38b7_file_157_redline_53cf17b0e1_jubarte-093.docx — never reached in 3 batch pass(es)
2026-09-30 06:20:39.297 | ERROR    | __main__:_convert_batched:1730 - [batch] FAIL: b3869d974a_file_158__vs__2d7122af0a_file_159_redline_d789ef173d_jubarte-093.docx — never reached in 3 batch pass(es)
2026-09-30 06:20:39.298 | ERROR    | __main__:_convert_batched:1730 - [batch] FAIL: b389f55091_super_editor__comment_23ee5ec1__vs__3e50084c2e_super_editor__diff_after16_2a48697a_redline_371ef9feed_jubarte-093.docx — never reached in 3 batch pass(es)
2026-09-30 06:20:39.300 | ERROR    | __main__:_convert_batched:1730 - [batch] FAIL: b389f55091_super_editor__comment_23ee5ec1__vs__6d773ca294_super_editor__annot2_03ae6b74_redline_b0d09c67a7_jubarte-093.docx — never reached in 3 batch pass(es)
2026-09-30 06:20:39.302 | ERROR    | __main__:_convert_batched:1730 - [batch] FAIL: b389f55091_super_editor__comment_23ee5ec1__vs__ea7427b18a_super_editor__complex_list_def_issue_326369f9_redline_108332354e_jubarte-093.docx — never reached in 3 batch pass(es)
2026-09-30 06:20:39.303 | ERROR    | __main__:_convert_batched:1730 - [batch] FAIL: b39182a410_subscript_demo_style_default_missing__vs__ec45d7fc58_subtitle_style_demo_id_paraid_overflow_redline_050304bad7_jubarte-093.docx — never reached in 3 batch pass(es)
2026-09-30 06:20:39.305 | ERROR    | __main__:_convert_batched:1730 - [batch] FAIL: b3974bcc7b_file_180__vs__edfaa23563_file_181_redline_1842e29a32_jubarte-093.docx — never reached in 3 batch pass(es)
2026-09-30 06:20:39.307 | ERROR    | __main__:_convert_batched:1730 - [batch] FAIL: b4294a7edd_ddff881efc732399286b36322055752e7287a255646f24a3__vs__c7dd32f288_e24a428cb81de32e27f3080d20695edc90f15423c4955e00_redline_d9bb456306_jubarte-093.docx — never reached in 3 batch pass(es)
2026-09-30 06:20:39.309 | ERROR    | __main__:_convert_batched:1730 - [batch] FAIL: b452365d7d_09d6d9401599e97360d8a7f9d3b53fbcc6851cc45bd170b8__vs__341e739fd0_02de94126cbea4972c87b92b52d718e5fd87a6aa82ede5b2_redline_3d9ced3a86_jubarte-093.docx — never reached in 3 batch pass(es)
2026-09-30 06:20:39.311 | ERROR    | __main__:_convert_batched:1730 - [batch] FAIL: b4b7c76ecd_font_family_demo_id_paraid_overflow__vs__7e405bc8f2_font_size_12_demo_id_paraid_overflow_redline_90337df4a4_jubarte-093.docx — never reached in 3 batch pass(es)
2026-09-30 06:20:39.312 | ERROR    | __main__:_convert_batched:1730 - [batch] FAIL: b4ba29d456_left_alignment_demo_id_paraid_overflow__vs__bb46f61c5d_line_spacing_demo_id_paraid_overflow_redline_434a1cac8e_jubarte-093.docx — never reached in 3 batch pass(es)
2026-09-30 06:20:39.314 | ERROR    | __main__:_convert_batched:1730 - [batch] FAIL: b51a7a465b_998e62501ae726f2b68ab460f7fad55f18c3bb110bfc07c4__vs__4910ce2060_8cca05f3991d33efca1a8fc83122be4940de0d3743e04244_redline_3b57d40fff_jubarte-093.docx — never reached in 3 batch pass(es)
2026-09-30 06:20:39.316 | ERROR    | __main__:_convert_batched:1730 - [batch] FAIL: b535008087_a1c0c04747ae1fda785d5bd3748890f39c0bc43d28b1d463__vs__813771d860_9e288428882b21a59d50f62a44c24f3fa9c01f8c2be6eb24_redline_eaa985ccbd_jubarte-093.docx — never reached in 3 batch pass(es)
2026-09-30 06:20:39.317 | ERROR    | __main__:_convert_batched:1730 - [batch] FAIL: b541d943e6_1097a520fdfab2a59ef7c772acad0aa59ad7d2727f4e4ce7__vs__0edf92ed26_0f2eff12c1e29291c660bab9995451c6381db123fadb5e9b_redline_1b32762a10_jubarte-093.docx — never reached in 3 batch pass(es)
2026-09-30 06:20:39.319 | ERROR    | __main__:_convert_batched:1730 - [batch] FAIL: b54f749123_369705862a264e4be962e05314dd3442d40d540e5bcee581__vs__6a583de2e9_2759ad7e33657fd3a492e78e8bce281c34f6ea85fdf822dc_redline_d6f5c7680b_jubarte-093.docx — never reached in 3 batch pass(es)
2026-09-30 06:20:39.321 | ERROR    | __main__:_convert_batched:1730 - [batch] FAIL: b5a6dd6c66_super_editor__diff_before_019353a2__vs__2ad2fc5ab0_super_editor__diff_before10_2f84ca55_redline_585342dcd0_jubarte-093.docx — never reached in 3 batch pass(es)
2026-09-30 06:20:39.323 | ERROR    | __main__:_convert_batched:1730 - [batch] FAIL: b5b9533ef2_vfdsdfcacawesd_suggesting_mixed_edits__vs__79702d7c2a_yellow_highlight_demo_id_paraid_overflow_redline_a28144f9d6_jubarte-093.docx — never reached in 3 batch pass(es)
2026-09-30 06:20:39.325 | ERROR    | __main__:_convert_batched:1730 - [batch] FAIL: b5e2c1faa0_file_93__vs__6cac26f95c_file_94_redline_e9f3bae698_jubarte-093.docx — never reached in 3 batch pass(es)
2026-09-30 06:20:39.326 | ERROR    | __main__:_convert_batched:1730 - [batch] FAIL: b6bcd5d86d_file_198__vs__7f73d1af22_file_199_redline_619c44196e_jubarte-093.docx — never reached in 3 batch pass(es)
2026-09-30 06:20:39.327 | ERROR    | __main__:_convert_batched:1730 - [batch] FAIL: b6dd0b6ae8_015a4f5a16a110026418c0a7f5eefa69ce6d5f9bcfc2d955__vs__1424386e9b_017447de83753a0e3b7afc659df038ef56972925336c6a5b_redline_01a43df57c_jubarte-093.docx — never reached in 3 batch pass(es)
2026-09-30 06:20:39.329 | ERROR    | __main__:_convert_batched:1730 - [batch] FAIL: b6dd0b6ae8_015a4f5a16a110026418c0a7f5eefa69ce6d5f9bcfc2d955__vs__2773adf157_0004c94ca2a8684d47449bb0e7abf87de1df71a7e6543252_redline_fedf795758_jubarte-093.docx — never reached in 3 batch pass(es)
2026-09-30 06:20:39.331 | ERROR    | __main__:_convert_batched:1730 - [batch] FAIL: b6dd0b6ae8_015a4f5a16a110026418c0a7f5eefa69ce6d5f9bcfc2d955__vs__2e04202552_000e3e7bd2d6215fc7b469cc3e296c1b2a510bc1abc7e0fd_redline_71c08fc63c_jubarte-093.docx — never reached in 3 batch pass(es)
2026-09-30 06:20:39.333 | ERROR    | __main__:_convert_batched:1730 - [batch] FAIL: b6dd0b6ae8_015a4f5a16a110026418c0a7f5eefa69ce6d5f9bcfc2d955__vs__333bfe069a_003416d620331122b93b434dad901db5836f60d2cad4b533_redline_59dbbc9d85_jubarte-093.docx — never reached in 3 batch pass(es)
2026-09-30 06:20:39.335 | ERROR    | __main__:_convert_batched:1730 - [batch] FAIL: b6dd0b6ae8_015a4f5a16a110026418c0a7f5eefa69ce6d5f9bcfc2d955__vs__342f364d46_001342333d45627868f4dc5282abbba4598a91b4a7584b08_redline_992e41eac1_jubarte-093.docx — never reached in 3 batch pass(es)
2026-09-30 06:20:39.337 | ERROR    | __main__:_convert_batched:1730 - [batch] FAIL: b6dd0b6ae8_015a4f5a16a110026418c0a7f5eefa69ce6d5f9bcfc2d955__vs__5203829c7a_001cc92b88566d5f930fe57f25813c0bf52a7bdc72c217d0_redline_66c61636a6_jubarte-093.docx — never reached in 3 batch pass(es)
2026-09-30 06:20:39.338 | ERROR    | __main__:_convert_batched:1730 - [batch] FAIL: b6dd0b6ae8_015a4f5a16a110026418c0a7f5eefa69ce6d5f9bcfc2d955__vs__a5f2b9318d_002aa60c2ae1187417b4b157c5ec6450324cc056ec551a12_redline_3d2c176562_jubarte-093.docx — never reached in 3 batch pass(es)
2026-09-30 06:20:39.340 | ERROR    | __main__:_convert_batched:1730 - [batch] FAIL: b6dd0b6ae8_015a4f5a16a110026418c0a7f5eefa69ce6d5f9bcfc2d955__vs__aa5340125d_00a4b0b91e9b5b072dc3771391c2d608518690eccf44eae8_redline_e54e43a5e5_jubarte-093.docx — never reached in 3 batch pass(es)
2026-09-30 06:20:39.342 | ERROR    | __main__:_convert_batched:1730 - [batch] FAIL: b6dd0b6ae8_015a4f5a16a110026418c0a7f5eefa69ce6d5f9bcfc2d955__vs__bd3824dd1e_000ee64ef7226d353297888f59a251e24ce5d776fea000fa_redline_8a860250f5_jubarte-093.docx — never reached in 3 batch pass(es)
2026-09-30 06:20:39.344 | ERROR    | __main__:_convert_batched:1730 - [batch] FAIL: b6dd0b6ae8_015a4f5a16a110026418c0a7f5eefa69ce6d5f9bcfc2d955__vs__deff0e697a_00b5defcad6e58038eac35472a2d48c89905068e5ece0cc3_redline_57bddc3300_jubarte-093.docx — never reached in 3 batch pass(es)
2026-09-30 06:20:39.347 | ERROR    | __main__:_convert_batched:1730 - [batch] FAIL: b6f757462e_0006f7905281867ab0d0a45d88f88f72e2c15efbd9a8ed69__vs__1424386e9b_017447de83753a0e3b7afc659df038ef56972925336c6a5b_redline_db8fc97164_jubarte-093.docx — never reached in 3 batch pass(es)
2026-09-30 06:20:39.348 | ERROR    | __main__:_convert_batched:1730 - [batch] FAIL: b6f757462e_0006f7905281867ab0d0a45d88f88f72e2c15efbd9a8ed69__vs__2773adf157_0004c94ca2a8684d47449bb0e7abf87de1df71a7e6543252_redline_a990caf95a_jubarte-093.docx — never reached in 3 batch pass(es)
2026-09-30 06:20:39.351 | ERROR    | __main__:_convert_batched:1730 - [batch] FAIL: b6f757462e_0006f7905281867ab0d0a45d88f88f72e2c15efbd9a8ed69__vs__2e04202552_000e3e7bd2d6215fc7b469cc3e296c1b2a510bc1abc7e0fd_redline_3d748a8f3c_jubarte-093.docx — never reached in 3 batch pass(es)
2026-09-30 06:20:39.353 | ERROR    | __main__:_convert_batched:1730 - [batch] FAIL: b6f757462e_0006f7905281867ab0d0a45d88f88f72e2c15efbd9a8ed69__vs__333bfe069a_003416d620331122b93b434dad901db5836f60d2cad4b533_redline_f14abf540c_jubarte-093.docx — never reached in 3 batch pass(es)
2026-09-30 06:20:39.355 | ERROR    | __main__:_convert_batched:1730 - [batch] FAIL: b6f757462e_0006f7905281867ab0d0a45d88f88f72e2c15efbd9a8ed69__vs__342f364d46_001342333d45627868f4dc5282abbba4598a91b4a7584b08_redline_8a4d68d7e6_jubarte-093.docx — never reached in 3 batch pass(es)
2026-09-30 06:20:39.357 | ERROR    | __main__:_convert_batched:1730 - [batch] FAIL: b6f757462e_0006f7905281867ab0d0a45d88f88f72e2c15efbd9a8ed69__vs__5203829c7a_001cc92b88566d5f930fe57f25813c0bf52a7bdc72c217d0_redline_9f142ac84a_jubarte-093.docx — never reached in 3 batch pass(es)
2026-09-30 06:20:39.360 | ERROR    | __main__:_convert_batched:1730 - [batch] FAIL: b6f757462e_0006f7905281867ab0d0a45d88f88f72e2c15efbd9a8ed69__vs__a5f2b9318d_002aa60c2ae1187417b4b157c5ec6450324cc056ec551a12_redline_c865b7be7f_jubarte-093.docx — never reached in 3 batch pass(es)
2026-09-30 06:20:39.362 | ERROR    | __main__:_convert_batched:1730 - [batch] FAIL: b6f757462e_0006f7905281867ab0d0a45d88f88f72e2c15efbd9a8ed69__vs__aa5340125d_00a4b0b91e9b5b072dc3771391c2d608518690eccf44eae8_redline_e3e1e9411f_jubarte-093.docx — never reached in 3 batch pass(es)
2026-09-30 06:20:39.365 | ERROR    | __main__:_convert_batched:1730 - [batch] FAIL: b6f757462e_0006f7905281867ab0d0a45d88f88f72e2c15efbd9a8ed69__vs__bd3824dd1e_000ee64ef7226d353297888f59a251e24ce5d776fea000fa_redline_3b133e5659_jubarte-093.docx — never reached in 3 batch pass(es)
2026-09-30 06:20:39.366 | ERROR    | __main__:_convert_batched:1730 - [batch] FAIL: b6f757462e_0006f7905281867ab0d0a45d88f88f72e2c15efbd9a8ed69__vs__deff0e697a_00b5defcad6e58038eac35472a2d48c89905068e5ece0cc3_redline_c0d5b06bcf_jubarte-093.docx — never reached in 3 batch pass(es)
2026-09-30 06:20:39.367 | ERROR    | __main__:_convert_batched:1730 - [batch] FAIL: b714686939_9a41506d7fbb0d63da9941d021ec014c45154207904d708b__vs__0630fbac1b_abc1353804be504974138bfa1aca9f7f51124fbc7ba89b92_redline_cb17103a0f_jubarte-093.docx — never reached in 3 batch pass(es)
2026-09-30 06:20:39.369 | ERROR    | __main__:_convert_batched:1730 - [batch] FAIL: b7219494de_file_116__vs__82b365789e_file_117_redline_336fa06e47_jubarte-093.docx — never reached in 3 batch pass(es)
2026-09-30 06:20:39.371 | ERROR    | __main__:_convert_batched:1730 - [batch] FAIL: b72ad4f19a_a820a0da011e611146ee10c801a15125f3b3b0409b63bb83__vs__ee2865bfb3_716005f9a9603c67f2c58b85bf74320b3f214987e153a4e4_redline_85cbdd433b_jubarte-093.docx — never reached in 3 batch pass(es)
2026-09-30 06:20:39.373 | ERROR    | __main__:_convert_batched:1730 - [batch] FAIL: b742aca0d1_839f86bfde5b019768d7fa57ea25f61ff70e1642f87a90fc__vs__f89aaa5382_a6154e64eecf7e61bcc7412e4f00462d11abfb711484a9e8_redline_2405610dc2_jubarte-093.docx — never reached in 3 batch pass(es)
2026-09-30 06:20:39.376 | ERROR    | __main__:_convert_batched:1730 - [batch] FAIL: b7c9d27632_underline_text_demo_id_paraid_overflow__vs__fd5a40bd94_underline_text_formatting_demo_style_default_mis_redline_b2d01cb7ae_jubarte-093.docx — never reached in 3 batch pass(es)
2026-09-30 06:20:39.377 | ERROR    | __main__:_convert_batched:1730 - [batch] FAIL: b7e67597aa_c4850a8edf9d9738475b66f4cdb5dd6ac803c9222a280f8b__vs__295a21b44d_69ee89952321714d1598511247bae32b5c7b5f8830cb67b8_redline_f10b7e772e_jubarte-093.docx — never reached in 3 batch pass(es)
2026-09-30 06:20:39.380 | ERROR    | __main__:_convert_batched:1730 - [batch] FAIL: b7e861f912_7fa572e344a643f2f76373d2c7c396b71a55672d89ee2010__vs__d8148162b6_f86a383f7306a466de22b2fa5a191810e95d3a81bc42e74a_redline_410b10cd2e_jubarte-093.docx — never reached in 3 batch pass(es)
2026-09-30 06:20:39.382 | ERROR    | __main__:_convert_batched:1730 - [batch] FAIL: b7f325bd51_6f884742d51e530f70c1c0c3d3d5892bb5c8fd96c5ecfb1e__vs__9fef546df9_4adb619b0a08f4747df387366decbcc034d14f6913e5a553_redline_8c2eb5266f_jubarte-093.docx — never reached in 3 batch pass(es)
2026-09-30 06:20:39.384 | ERROR    | __main__:_convert_batched:1730 - [batch] FAIL: b8115d0dab_file_100__vs__c500e0081f_file_101_redline_ff24600d87_jubarte-093.docx — never reached in 3 batch pass(es)
2026-09-30 06:20:39.384 | ERROR    | __main__:_convert_batched:1730 - [batch] FAIL: b8783e46c5_file_6__vs__84617b8b4d_file_7_redline_703530e684_jubarte-093.docx — never reached in 3 batch pass(es)
2026-09-30 06:20:39.386 | ERROR    | __main__:_convert_batched:1730 - [batch] FAIL: b8ba7fb082_file_115__vs__02d3862b8b_file_116_redline_579738cc2d_jubarte-093.docx — never reached in 3 batch pass(es)
2026-09-30 06:20:39.387 | ERROR    | __main__:_convert_batched:1730 - [batch] FAIL: b8d342dce2_55168b9490e23f1c2ac65519a9186dd43da70b6f7959d39a__vs__6b0e955dfe_80114507a4f8f886e89fb8a2a9f656e5d843d92730916146_redline_749f24fa0e_jubarte-093.docx — never reached in 3 batch pass(es)
2026-09-30 06:20:39.389 | ERROR    | __main__:_convert_batched:1730 - [batch] FAIL: b8f8ef169e_0942425150346a44cbc48f8513062251cb9b20eae03668ca__vs__bc5fbc1be6_2c6ba8525a94ba9a7c1b2af73a04cad00a87499047a3f6b9_redline_e86d844120_jubarte-093.docx — never reached in 3 batch pass(es)
2026-09-30 06:20:39.391 | ERROR    | __main__:_convert_batched:1730 - [batch] FAIL: b937fc3f17_2d0296f261823beae379699470fe8f8a1a920baadc224b8f__vs__20c9b94017_02cdd23311ebde4cee2c47042daf87d29a5e4a46e459fc79_redline_70e5a6c7c8_jubarte-093.docx — never reached in 3 batch pass(es)
2026-09-30 06:20:39.394 | ERROR    | __main__:_convert_batched:1730 - [batch] FAIL: b9655eda15_97c8e10c724f734b332e40e6250bb36818f77e9503882733__vs__4084024f5f_7e1bd71c23f050e9e42acf3c80c580ebed4128af155febc0_redline_057d1f69a1_jubarte-093.docx — never reached in 3 batch pass(es)
2026-09-30 06:20:39.397 | ERROR    | __main__:_convert_batched:1730 - [batch] FAIL: b992bfc6eb_super_editor__h_f_normal_odd_even_b572e46d__vs__e451997662_super_editor__h_f_normal_5d2a8d96_redline_393bcc39e4_jubarte-093.docx — never reached in 3 batch pass(es)
2026-09-30 06:20:39.398 | ERROR    | __main__:_convert_batched:1730 - [batch] FAIL: b9dcab0309_542393d4842fda31b144a5073c88785d2cd62d857cc5679e__vs__272fd64000_3f7a021187109447b983236dc9847a42959ff4a9b610027b_redline_d95b46e5ca_jubarte-093.docx — never reached in 3 batch pass(es)
2026-09-30 06:20:39.400 | ERROR    | __main__:_convert_batched:1730 - [batch] FAIL: ba06c848cd_red_strikethrough_demo_style_default_missing__vs__5331b981b7_redline_cicerodo_v_plate_30_redline_9016b9c669_jubarte-093.docx — never reached in 3 batch pass(es)
2026-09-30 06:20:39.402 | ERROR    | __main__:_convert_batched:1730 - [batch] FAIL: ba06c848cd_red_strikethrough_demo_style_default_missing__vs__e7f42d32bc_right_align_bold_demo_id_paraid_overflow_redline_c8d28b1f77_jubarte-093.docx — never reached in 3 batch pass(es)
2026-09-30 06:20:39.404 | ERROR    | __main__:_convert_batched:1730 - [batch] FAIL: ba1aee241d_8188f7e816bdc720b890d63a61edf27ac0ba092a5578dd2f__vs__5a176d53f3_85ef56f2c7cd7c8f1032eeda79b161e559d29d8afe764d30_redline_983638f1c3_jubarte-093.docx — never reached in 3 batch pass(es)
2026-09-30 06:20:39.406 | ERROR    | __main__:_convert_batched:1730 - [batch] FAIL: ba34cb6c16_eda376478bd22b6efe271689611062b00729223acd19eefe__vs__3ad98f3623_1b591486e98a3d44a0de0cc7a2a8120323c0333a80bf940f_redline_a78bc32904_jubarte-093.docx — never reached in 3 batch pass(es)
2026-09-30 06:20:39.408 | ERROR    | __main__:_convert_batched:1730 - [batch] FAIL: ba3f04f252_sample_document_really_repaired_word_repaired__vs__d93f1dafca_sample_document_word_repair_of_our_output_iter2_redline_713774d8e1_jubarte-093.docx — never reached in 3 batch pass(es)
2026-09-30 06:20:39.410 | ERROR    | __main__:_convert_batched:1730 - [batch] FAIL: ba54aaab82_super_editor__ooxml_italic_rstyle_combos_demo_90__vs__8ab3f01cdd_super_editor__paragraph_indent_normal_styles_85f_redline_85b79dc2e9_jubarte-093.docx — never reached in 3 batch pass(es)
2026-09-30 06:20:39.413 | ERROR    | __main__:_convert_batched:1730 - [batch] FAIL: ba54aaab82_super_editor__ooxml_italic_rstyle_combos_demo_90__vs__92589c3e37_super_editor__pre_separated_list_bd330d28_redline_44a5e498e0_jubarte-093.docx — never reached in 3 batch pass(es)
2026-09-30 06:20:39.417 | ERROR    | __main__:_convert_batched:1730 - [batch] FAIL: ba54aaab82_super_editor__ooxml_italic_rstyle_combos_demo_90__vs__ba54c6632c_super_editor__ooxml_rfonts_rstyle_linked_combos_redline_357b0acb87_jubarte-093.docx — never reached in 3 batch pass(es)
2026-09-30 06:20:39.420 | ERROR    | __main__:_convert_batched:1730 - [batch] FAIL: ba54aaab82_super_editor__ooxml_italic_rstyle_combos_demo_90__vs__ee61fb4ab3_super_editor__base_ordered_fdff1fb2_redline_51da0c6905_jubarte-093.docx — never reached in 3 batch pass(es)
2026-09-30 06:20:39.422 | ERROR    | __main__:_convert_batched:1730 - [batch] FAIL: ba54c6632c_super_editor__ooxml_rfonts_rstyle_linked_combos__vs__667af231c2_behavior__sd_2672_rtl_table_63bd9d10_redline_b26364fa4f_jubarte-093.docx — never reached in 3 batch pass(es)
2026-09-30 06:20:39.424 | ERROR    | __main__:_convert_batched:1730 - [batch] FAIL: ba54c6632c_super_editor__ooxml_rfonts_rstyle_linked_combos__vs__6ca202588b_super_editor__ooxml_size_rstyle_linked_combos_de_redline_8611642b9b_jubarte-093.docx — never reached in 3 batch pass(es)
2026-09-30 06:20:39.426 | ERROR    | __main__:_convert_batched:1730 - [batch] FAIL: ba54c6632c_super_editor__ooxml_rfonts_rstyle_linked_combos__vs__ced58cbf54_super_editor__sd_1494_table_left_indent_03277d35_redline_12628c3805_jubarte-093.docx — never reached in 3 batch pass(es)
2026-09-30 06:20:39.428 | ERROR    | __main__:_convert_batched:1730 - [batch] FAIL: badc3ff7cc_file_196__vs__0464553734_file_197_redline_1987911502_jubarte-093.docx — never reached in 3 batch pass(es)
2026-09-30 06:20:39.429 | ERROR    | __main__:_convert_batched:1730 - [batch] FAIL: baf3657261_85df42a54afc9c20d3aff53d0e41164f2e0fdd5854667471__vs__8e835e4a58_fe1826d38f794c954d601ed7dcb202a347ae8ceb560fdf2e_redline_f787d881e3_jubarte-093.docx — never reached in 3 batch pass(es)
2026-09-30 06:20:39.432 | ERROR    | __main__:_convert_batched:1730 - [batch] FAIL: bb35ae41ba_evals__comments_doc_79800b37__vs__3ad13eed3d_evals__document_9bff7e1b_redline_3b0aa9cb14_jubarte-093.docx — never reached in 3 batch pass(es)
2026-09-30 06:20:39.434 | ERROR    | __main__:_convert_batched:1730 - [batch] FAIL: bb35ae41ba_evals__comments_doc_79800b37__vs__9322444a3f_behavior__sd_2888_hyperlink_with_ampersand_aaaac_redline_e11f5f1915_jubarte-093.docx — never reached in 3 batch pass(es)
2026-09-30 06:20:39.435 | ERROR    | __main__:_convert_batched:1730 - [batch] FAIL: bb46f61c5d_line_spacing_demo_id_paraid_overflow__vs__de2a4c9936_marketing_strategy_2026_suggesting_insertions_redline_327ae4e5e4_jubarte-093.docx — never reached in 3 batch pass(es)
2026-09-30 06:20:39.437 | ERROR    | __main__:_convert_batched:1730 - [batch] FAIL: bb560d2a02_2fb37ac3b5f327c12bb8bbd95446f266c5ad631463b80be8__vs__ef8453bf9c_09f1ccf70597b739a10c1b538c7686017f63363a46df22a3_redline_ba665aeaab_jubarte-093.docx — never reached in 3 batch pass(es)
2026-09-30 06:20:39.439 | ERROR    | __main__:_convert_batched:1730 - [batch] FAIL: bb5b3dffec_6451a5f2055600f7a4baba1695ce8e86ef517dbd5e7beb84__vs__9e91bf60e0_5c8effb0850299f4f3bbbe59c0ef7a1737bcdf934b1b3441_redline_0f723f5bdf_jubarte-093.docx — never reached in 3 batch pass(es)
2026-09-30 06:20:39.441 | ERROR    | __main__:_convert_batched:1730 - [batch] FAIL: bb77c5d70e_file_20__vs__0308cb497f_file_21_redline_4399f60b7f_jubarte-093.docx — never reached in 3 batch pass(es)
2026-09-30 06:20:39.443 | ERROR    | __main__:_convert_batched:1730 - [batch] FAIL: bb7d7ca374_44325609d4be3b0e6299cdbd606242aab96b8e4abba544e0__vs__0f2e7c9b9b_14be283f9499c475a8b2e5b9df41db3de81072f41dc15722_redline_eb3d6ce130_jubarte-093.docx — never reached in 3 batch pass(es)
2026-09-30 06:20:39.445 | ERROR    | __main__:_convert_batched:1730 - [batch] FAIL: bb9c5a8bd5_doc_api_stories__table_style_options_roundtrip_1__vs__22ccb1b200_super_editor__diff_after19_79c6b379_redline_77a6193e3e_jubarte-093.docx — never reached in 3 batch pass(es)
2026-09-30 06:20:39.446 | ERROR    | __main__:_convert_batched:1730 - [batch] FAIL: bba83def82_e1cf1c544c37c436d50de61035d2e6b21ec08e48a55360a2__vs__58a23520d3_ea6cec4f88deb49a61a8dfe8c071976b697ef5e6b4e34668_redline_1e5841e937_jubarte-093.docx — never reached in 3 batch pass(es)
2026-09-30 06:20:39.449 | ERROR    | __main__:_convert_batched:1730 - [batch] FAIL: bc1dd323f3_italic_text_formatting_demo_id_paraid_overflow_2__vs__d67eb781ac_italic_text_formatting_demo_id_paraid_overflow_redline_223dbd99f5_jubarte-093.docx — never reached in 3 batch pass(es)
2026-09-30 06:20:39.451 | ERROR    | __main__:_convert_batched:1730 - [batch] FAIL: bc514b554e_00d979c97e42f03faff5f49e2a7dfa9afd30996214602e19__vs__1424386e9b_017447de83753a0e3b7afc659df038ef56972925336c6a5b_redline_ec403c8c9c_jubarte-093.docx — never reached in 3 batch pass(es)
2026-09-30 06:20:39.453 | ERROR    | __main__:_convert_batched:1730 - [batch] FAIL: bc514b554e_00d979c97e42f03faff5f49e2a7dfa9afd30996214602e19__vs__2773adf157_0004c94ca2a8684d47449bb0e7abf87de1df71a7e6543252_redline_b553be7ee0_jubarte-093.docx — never reached in 3 batch pass(es)
2026-09-30 06:20:39.456 | ERROR    | __main__:_convert_batched:1730 - [batch] FAIL: bc514b554e_00d979c97e42f03faff5f49e2a7dfa9afd30996214602e19__vs__2e04202552_000e3e7bd2d6215fc7b469cc3e296c1b2a510bc1abc7e0fd_redline_d5d3c12881_jubarte-093.docx — never reached in 3 batch pass(es)
2026-09-30 06:20:39.457 | ERROR    | __main__:_convert_batched:1730 - [batch] FAIL: bc514b554e_00d979c97e42f03faff5f49e2a7dfa9afd30996214602e19__vs__333bfe069a_003416d620331122b93b434dad901db5836f60d2cad4b533_redline_3563fcefd6_jubarte-093.docx — never reached in 3 batch pass(es)
2026-09-30 06:20:39.460 | ERROR    | __main__:_convert_batched:1730 - [batch] FAIL: bc514b554e_00d979c97e42f03faff5f49e2a7dfa9afd30996214602e19__vs__342f364d46_001342333d45627868f4dc5282abbba4598a91b4a7584b08_redline_80f2309cfd_jubarte-093.docx — never reached in 3 batch pass(es)
2026-09-30 06:20:39.463 | ERROR    | __main__:_convert_batched:1730 - [batch] FAIL: bc514b554e_00d979c97e42f03faff5f49e2a7dfa9afd30996214602e19__vs__5203829c7a_001cc92b88566d5f930fe57f25813c0bf52a7bdc72c217d0_redline_e16b4e056d_jubarte-093.docx — never reached in 3 batch pass(es)
2026-09-30 06:20:39.464 | ERROR    | __main__:_convert_batched:1730 - [batch] FAIL: bc514b554e_00d979c97e42f03faff5f49e2a7dfa9afd30996214602e19__vs__a5f2b9318d_002aa60c2ae1187417b4b157c5ec6450324cc056ec551a12_redline_9cb8afca44_jubarte-093.docx — never reached in 3 batch pass(es)
2026-09-30 06:20:39.466 | ERROR    | __main__:_convert_batched:1730 - [batch] FAIL: bc514b554e_00d979c97e42f03faff5f49e2a7dfa9afd30996214602e19__vs__aa5340125d_00a4b0b91e9b5b072dc3771391c2d608518690eccf44eae8_redline_ef5c07563d_jubarte-093.docx — never reached in 3 batch pass(es)
2026-09-30 06:20:39.468 | ERROR    | __main__:_convert_batched:1730 - [batch] FAIL: bc514b554e_00d979c97e42f03faff5f49e2a7dfa9afd30996214602e19__vs__bd3824dd1e_000ee64ef7226d353297888f59a251e24ce5d776fea000fa_redline_527b7f9493_jubarte-093.docx — never reached in 3 batch pass(es)
2026-09-30 06:20:39.470 | ERROR    | __main__:_convert_batched:1730 - [batch] FAIL: bc514b554e_00d979c97e42f03faff5f49e2a7dfa9afd30996214602e19__vs__deff0e697a_00b5defcad6e58038eac35472a2d48c89905068e5ece0cc3_redline_eecdb1c507_jubarte-093.docx — never reached in 3 batch pass(es)
2026-09-30 06:20:39.471 | ERROR    | __main__:_convert_batched:1730 - [batch] FAIL: bc78614a22_super_editor__gdocs_tracked_changes_3c1de315__vs__279abea8ce_super_editor__h_f_normal_odd_even_firstpg_9b210d_redline_59d7431859_jubarte-093.docx — never reached in 3 batch pass(es)
2026-09-30 06:20:39.472 | ERROR    | __main__:_convert_batched:1730 - [batch] FAIL: bc85714262_file_170__vs__15b6035cc0_file_171_redline_89c44edb8b_jubarte-093.docx — never reached in 3 batch pass(es)
2026-09-30 06:20:39.474 | ERROR    | __main__:_convert_batched:1730 - [batch] FAIL: bcae83f080_docx_lots_of_comments_addition_removal__vs__07fce8e954_docx_lots_of_comments_addition_redline_a7cd72afd8_jubarte-093.docx — never reached in 3 batch pass(es)
2026-09-30 06:20:39.476 | ERROR    | __main__:_convert_batched:1730 - [batch] FAIL: bcc7379f64_super_editor__paragraph_spacing_missing_de418c38__vs__1de41232b3_super_editor__exported_list_font_8e6db734_redline_1efab8dac5_jubarte-093.docx — never reached in 3 batch pass(es)
2026-09-30 06:20:39.479 | ERROR    | __main__:_convert_batched:1730 - [batch] FAIL: bcc7379f64_super_editor__paragraph_spacing_missing_de418c38__vs__a5903a7c15_super_editor__pci_table_dc840852_redline_72d58e2d23_jubarte-093.docx — never reached in 3 batch pass(es)
2026-09-30 06:20:39.482 | ERROR    | __main__:_convert_batched:1730 - [batch] FAIL: bcc7379f64_super_editor__paragraph_spacing_missing_de418c38__vs__dd6dbfb284_super_editor__diff_after2_fc1e0763_redline_66e78aa205_jubarte-093.docx — never reached in 3 batch pass(es)
2026-09-30 06:20:39.486 | ERROR    | __main__:_convert_batched:1730 - [batch] FAIL: bcd9885022_3f8904d5c2347b1cbdad3ccab4dd3f55a20578b126932e1c__vs__bcb411e0dd_156c3b3ee6ea007ac5904cd8acba1b196939ed86235a029e_redline_fc700b6af5_jubarte-093.docx — never reached in 3 batch pass(es)
2026-09-30 06:20:39.488 | ERROR    | __main__:_convert_batched:1730 - [batch] FAIL: bd2400ab6a_8b342c8dfa6baaabf348e26a96976c7d90ab11bd241bb6da__vs__24356a7180_d0eff8fb6a6ffe20f9c3b0a4c37ca44bdd66b1cbf91c472b_redline_b45c815da3_jubarte-093.docx — never reached in 3 batch pass(es)
2026-09-30 06:20:39.490 | ERROR    | __main__:_convert_batched:1730 - [batch] FAIL: bd386ff044_51ae5a28375c271d1238bf671ece74421eb9ccf840ccf5af__vs__3b6b7312de_7d4bf96c3fc438f9ea5c94331aa2e2586fbb2ae5a4162075_redline_962c107d2e_jubarte-093.docx — never reached in 3 batch pass(es)
2026-09-30 06:20:39.492 | ERROR    | __main__:_convert_batched:1730 - [batch] FAIL: bd768e6c17_file_74__vs__8c79860f8d_file_75_redline_3d39f0120d_jubarte-093.docx — never reached in 3 batch pass(es)
2026-09-30 06:20:39.494 | ERROR    | __main__:_convert_batched:1730 - [batch] FAIL: bd7b6b2bd0_super_editor__pagination_with_hard_break_8ce8c15__vs__8ab3f01cdd_super_editor__paragraph_indent_normal_styles_85f_redline_064fdf1a12_jubarte-093.docx — never reached in 3 batch pass(es)
2026-09-30 06:20:39.496 | ERROR    | __main__:_convert_batched:1730 - [batch] FAIL: bdafce6d1d_file_59__vs__8c3cb2e7dd_file_60_redline_77551033aa_jubarte-093.docx — never reached in 3 batch pass(es)
2026-09-30 06:20:39.497 | ERROR    | __main__:_convert_batched:1730 - [batch] FAIL: bdd82b239b_numbered_list_demo_id_paraid_overflow__vs__f6de76cc94_numbered_list_italic_demo_id_paraid_overflow_redline_52d9251560_jubarte-093.docx — never reached in 3 batch pass(es)
2026-09-30 06:20:39.499 | ERROR    | __main__:_convert_batched:1730 - [batch] FAIL: bdf199d4af_file_61__vs__2a9c68ed33_file_62_redline_6354242df2_jubarte-093.docx — never reached in 3 batch pass(es)
2026-09-30 06:20:39.500 | ERROR    | __main__:_convert_batched:1730 - [batch] FAIL: bdfb38a0d4_a017dcc46573b33602a2bb8adb3b873d1e0c3e314627511d__vs__9e94d239ae_bc79e34f74cfc2d846808a6b01b2d58cc05ec74f9747c94d_redline_f789c11f9a_jubarte-093.docx — never reached in 3 batch pass(es)
2026-09-30 06:20:39.504 | ERROR    | __main__:_convert_batched:1730 - [batch] FAIL: be1fd554f4_cef36bfa8d96fd42e3b1998a97c4241b48fca0e1d79d5a63__vs__259b1954c6_d4045798fefe7423d90a38ff9c33486bd497811d41480016_redline_3248620bac_jubarte-093.docx — never reached in 3 batch pass(es)
2026-09-30 06:20:39.506 | ERROR    | __main__:_convert_batched:1730 - [batch] FAIL: be269c4536_030a008838bfcb43faba99301aaa87db68098b4774c54d2b__vs__4b03fba2ed_3ebc9f1f058f2c2a4df5058921d3eb9b0ecfa59a5ea55cb2_redline_7ab61e8c4f_jubarte-093.docx — never reached in 3 batch pass(es)
2026-09-30 06:20:39.508 | ERROR    | __main__:_convert_batched:1730 - [batch] FAIL: be5bf990cb_file_16__vs__d6ba4fabd2_file_17_redline_cbf73c2d81_jubarte-093.docx — never reached in 3 batch pass(es)
2026-09-30 06:20:39.509 | ERROR    | __main__:_convert_batched:1730 - [batch] FAIL: bebfc19fe0_justify_alignment_demo_id_paraid_overflow_2__vs__5a8152b0cd_justify_alignment_demo_id_paraid_overflow_redline_949f3e87b7_jubarte-093.docx — never reached in 3 batch pass(es)
2026-09-30 06:20:39.511 | ERROR    | __main__:_convert_batched:1730 - [batch] FAIL: bee1069c5b_c83bfb0cff93a289a1f0e3ff8b3067d09c01245ad3559c41__vs__01dfe66768_1bade0e39666c3752f1c11379135dafe4307510fe1d29de8_redline_ecea12416c_jubarte-093.docx — never reached in 3 batch pass(es)
2026-09-30 06:20:39.512 | ERROR    | __main__:_convert_batched:1730 - [batch] FAIL: befb952e73_file_183__vs__c7b4db5d0e_file_184_redline_596515221a_jubarte-093.docx — never reached in 3 batch pass(es)
2026-09-30 06:20:39.515 | ERROR    | __main__:_convert_batched:1730 - [batch] FAIL: bf23b1e436_track_changes_suggesting_bold_id_paraid_overflow__vs__966994cba9_track_changes_suggesting_calibri_id_paraid_overf_redline_9260938760_jubarte-093.docx — never reached in 3 batch pass(es)
2026-09-30 06:20:39.517 | ERROR    | __main__:_convert_batched:1730 - [batch] FAIL: bf47cf269f_c0f5d8c999e591882046f66e8994e370e69b9a594d3ba40d__vs__5f867f61cc_16ac98f457e5a534b29209bba77316d612cb9bf3181cfc50_redline_84a4b991e5_jubarte-093.docx — never reached in 3 batch pass(es)
2026-09-30 06:20:39.519 | ERROR    | __main__:_convert_batched:1730 - [batch] FAIL: bf50ee8ac4_super_editor__hummingbird_c5e5ac81__vs__049a315896_super_editor__hyperlink_multiple_runs_0138c312_redline_8ba0e5b6ff_jubarte-093.docx — never reached in 3 batch pass(es)
2026-09-30 06:20:39.522 | ERROR    | __main__:_convert_batched:1730 - [batch] FAIL: bf50ee8ac4_super_editor__hummingbird_c5e5ac81__vs__7962b06671_super_editor__bookmark_use_cases_d20f31f6_redline_8ad8e10ef6_jubarte-093.docx — never reached in 3 batch pass(es)
2026-09-30 06:20:39.523 | ERROR    | __main__:_convert_batched:1730 - [batch] FAIL: bf50ee8ac4_super_editor__hummingbird_c5e5ac81__vs__9e4a01de0a_evals__employment_offer_4cf5a872_redline_a592f044b1_jubarte-093.docx — never reached in 3 batch pass(es)
2026-09-30 06:20:39.524 | ERROR    | __main__:_convert_batched:1730 - [batch] FAIL: bfc4255a10_8f4740fe289f2dca86482a3c17c84ea0b9d44dd05c8e684f__vs__c74846e5a9_9e3aae2bc084de88767ccc19639d6b5534a4750a4b9882a4_redline_20f4d8a3bb_jubarte-093.docx — never reached in 3 batch pass(es)
2026-09-30 06:20:39.526 | ERROR    | __main__:_convert_batched:1730 - [batch] FAIL: bfca1179b6_1ebd22491c6e35391763e71b8061cf7208dd7ce17c7dac60__vs__e6195c443f_368d0cc822ffa7764647877e3cd40522e5121b7286e5e6a8_redline_9b4d6a9b7a_jubarte-093.docx — never reached in 3 batch pass(es)
2026-09-30 06:20:39.527 | ERROR    | __main__:_convert_batched:1730 - [batch] FAIL: bfe4f398a3_c26f848848239cecb923377bfd35476bb054a42ff93cef74__vs__65c088a664_a9e49146f324b0b21c2f41ba8db3de01d69da8b6caf8232b_redline_047597cb13_jubarte-093.docx — never reached in 3 batch pass(es)
2026-09-30 06:20:39.529 | ERROR    | __main__:_convert_batched:1730 - [batch] FAIL: bffb81f86c_file_192__vs__878549f8f2_file_193_redline_11675a8de2_jubarte-093.docx — never reached in 3 batch pass(es)
2026-09-30 06:20:39.531 | ERROR    | __main__:_convert_batched:1730 - [batch] FAIL: c03566b6a0_619640ade3a3b2ff9158c64cc0719930a5e7bc4db3304030__vs__efc741a309_54597f58809936a0ba00d752365cc0f1f4ccbe8b9fba0d3a_redline_8869680f5f_jubarte-093.docx — never reached in 3 batch pass(es)
2026-09-30 06:20:39.532 | ERROR    | __main__:_convert_batched:1730 - [batch] FAIL: c04ae787d4_db9f753f675d3ca91a08032d07e7ec0c156fa152de3bafa7__vs__8f36ed144a_d47020aa359686bd7cbbe016e04872fb31c3995f576a2f1d_redline_be59d358de_jubarte-093.docx — never reached in 3 batch pass(es)
2026-09-30 06:20:39.534 | ERROR    | __main__:_convert_batched:1730 - [batch] FAIL: c0576670e4_file_49__vs__4dcc0416b8_file_50_redline_8fd9499d71_jubarte-093.docx — never reached in 3 batch pass(es)
2026-09-30 06:20:39.536 | ERROR    | __main__:_convert_batched:1730 - [batch] FAIL: c0723c2916_file_99__vs__8b45820aa8_file_100_redline_65c3d7a7a9_jubarte-093.docx — never reached in 3 batch pass(es)
2026-09-30 06:20:39.540 | ERROR    | __main__:_convert_batched:1730 - [batch] FAIL: c090b9f082_file_8__vs__3f91c8f0cd_file_9_redline_bc6f8076f9_jubarte-093.docx — never reached in 3 batch pass(es)
2026-09-30 06:20:39.541 | ERROR    | __main__:_convert_batched:1730 - [batch] FAIL: c09b14fcd7_file_196__vs__4e6a261969_file_197_redline_cfb0498eef_jubarte-093.docx — never reached in 3 batch pass(es)
2026-09-30 06:20:39.542 | ERROR    | __main__:_convert_batched:1730 - [batch] FAIL: c1023db5c5_super_editor__fields_test_4a8ffd8c__vs__8441c4ae21_sd_2517_localized_heading_styles_redline_2bfe0e2aef_jubarte-093.docx — never reached in 3 batch pass(es)
2026-09-30 06:20:39.544 | ERROR    | __main__:_convert_batched:1730 - [batch] FAIL: c1023db5c5_super_editor__fields_test_4a8ffd8c__vs__f71a12ee23_super_editor__fields_attrs1_83837249_redline_277f37e189_jubarte-093.docx — never reached in 3 batch pass(es)
2026-09-30 06:20:39.546 | ERROR    | __main__:_convert_batched:1730 - [batch] FAIL: c20e9b2d21_font_size_24_demo_id_paraid_overflow__vs__f8ecf81d8b_font_size_demo_id_paraid_overflow_redline_49ff615f6a_jubarte-093.docx — never reached in 3 batch pass(es)
2026-09-30 06:20:39.547 | ERROR    | __main__:_convert_batched:1730 - [batch] FAIL: c21d15c9e9_track_changes_suggesting_center_id_paraid_overfl__vs__e0e59cf962_track_changes_suggesting_heading_id_paraid_overf_redline_120dc222ce_jubarte-093.docx — never reached in 3 batch pass(es)
2026-09-30 06:20:39.549 | ERROR    | __main__:_convert_batched:1730 - [batch] FAIL: c2213c7b36_cddef6229b8e4b1a7425384446d5b7727b4e87f45faedd4b__vs__00b4bc7784_c5b5be6afbbd89ed300a97624e3546105bdacaa9c8999131_redline_c7562992ed_jubarte-093.docx — never reached in 3 batch pass(es)
2026-09-30 06:20:39.550 | ERROR    | __main__:_convert_batched:1730 - [batch] FAIL: c280ce0f40_019d92d986c5ba33a57df54db0056f3731e3254fcbe8ac65__vs__1424386e9b_017447de83753a0e3b7afc659df038ef56972925336c6a5b_redline_ef77d2a7c6_jubarte-093.docx — never reached in 3 batch pass(es)
2026-09-30 06:20:39.551 | ERROR    | __main__:_convert_batched:1730 - [batch] FAIL: c280ce0f40_019d92d986c5ba33a57df54db0056f3731e3254fcbe8ac65__vs__2773adf157_0004c94ca2a8684d47449bb0e7abf87de1df71a7e6543252_redline_8d7a2c620c_jubarte-093.docx — never reached in 3 batch pass(es)
2026-09-30 06:20:39.552 | ERROR    | __main__:_convert_batched:1730 - [batch] FAIL: c280ce0f40_019d92d986c5ba33a57df54db0056f3731e3254fcbe8ac65__vs__2e04202552_000e3e7bd2d6215fc7b469cc3e296c1b2a510bc1abc7e0fd_redline_c1ee3ae6c5_jubarte-093.docx — never reached in 3 batch pass(es)
2026-09-30 06:20:39.553 | ERROR    | __main__:_convert_batched:1730 - [batch] FAIL: c280ce0f40_019d92d986c5ba33a57df54db0056f3731e3254fcbe8ac65__vs__333bfe069a_003416d620331122b93b434dad901db5836f60d2cad4b533_redline_3c90d72d3b_jubarte-093.docx — never reached in 3 batch pass(es)
2026-09-30 06:20:39.555 | ERROR    | __main__:_convert_batched:1730 - [batch] FAIL: c280ce0f40_019d92d986c5ba33a57df54db0056f3731e3254fcbe8ac65__vs__5203829c7a_001cc92b88566d5f930fe57f25813c0bf52a7bdc72c217d0_redline_46abf7643d_jubarte-093.docx — never reached in 3 batch pass(es)
2026-09-30 06:20:39.556 | ERROR    | __main__:_convert_batched:1730 - [batch] FAIL: c280ce0f40_019d92d986c5ba33a57df54db0056f3731e3254fcbe8ac65__vs__a5f2b9318d_002aa60c2ae1187417b4b157c5ec6450324cc056ec551a12_redline_4da1ca3b20_jubarte-093.docx — never reached in 3 batch pass(es)
2026-09-30 06:20:39.557 | ERROR    | __main__:_convert_batched:1730 - [batch] FAIL: c280ce0f40_019d92d986c5ba33a57df54db0056f3731e3254fcbe8ac65__vs__aa5340125d_00a4b0b91e9b5b072dc3771391c2d608518690eccf44eae8_redline_ef3bb4f5d4_jubarte-093.docx — never reached in 3 batch pass(es)
2026-09-30 06:20:39.558 | ERROR    | __main__:_convert_batched:1730 - [batch] FAIL: c280ce0f40_019d92d986c5ba33a57df54db0056f3731e3254fcbe8ac65__vs__bd3824dd1e_000ee64ef7226d353297888f59a251e24ce5d776fea000fa_redline_9eb92708e4_jubarte-093.docx — never reached in 3 batch pass(es)
2026-09-30 06:20:39.559 | ERROR    | __main__:_convert_batched:1730 - [batch] FAIL: c280ce0f40_019d92d986c5ba33a57df54db0056f3731e3254fcbe8ac65__vs__deff0e697a_00b5defcad6e58038eac35472a2d48c89905068e5ece0cc3_redline_ce0d116e9d_jubarte-093.docx — never reached in 3 batch pass(es)
2026-09-30 06:20:39.560 | ERROR    | __main__:_convert_batched:1730 - [batch] FAIL: c2965a9277_file_125__vs__99abd76716_file_126_redline_d8e7ae0e58_jubarte-093.docx — never reached in 3 batch pass(es)
2026-09-30 06:20:39.561 | ERROR    | __main__:_convert_batched:1730 - [batch] FAIL: c2d49e9ede_super_editor__sd_978_remove_table_borders_47f7ed__vs__f782ae23ec_super_editor__wordoriginatedcomments_c146be65_redline_18380da4e0_jubarte-093.docx — never reached in 3 batch pass(es)
2026-09-30 06:20:39.562 | ERROR    | __main__:_convert_batched:1730 - [batch] FAIL: c3462f9630_file_28__vs__6955182af0_file_29_redline_0c83f949fb_jubarte-093.docx — never reached in 3 batch pass(es)
2026-09-30 06:20:39.564 | ERROR    | __main__:_convert_batched:1730 - [batch] FAIL: c39d1916e3_file_102__vs__f05b2b13ee_file_103_redline_9760c7c6b0_jubarte-093.docx — never reached in 3 batch pass(es)
2026-09-30 06:20:39.565 | ERROR    | __main__:_convert_batched:1730 - [batch] FAIL: c3dbab8d3b_sales_report_january_2026_suggesting_insertions__vs__d27102bf04_sample_document_afterword_repaired_word_repaired_redline_456cdec913_jubarte-093.docx — never reached in 3 batch pass(es)
2026-09-30 06:20:39.566 | ERROR    | __main__:_convert_batched:1730 - [batch] FAIL: c40c88e402_project_tasks_suggesting_insertions__vs__d0a21b7c3c_q1_sales_summary_table_2_redline_f51f0a9928_jubarte-093.docx — never reached in 3 batch pass(es)
2026-09-30 06:20:39.568 | ERROR    | __main__:_convert_batched:1730 - [batch] FAIL: c417943be1_002b4f4d8976804c283e6f90cc51f02c7fa5ca9027ffe491__vs__1424386e9b_017447de83753a0e3b7afc659df038ef56972925336c6a5b_redline_10fe91c78a_jubarte-093.docx — never reached in 3 batch pass(es)
2026-09-30 06:20:39.569 | ERROR    | __main__:_convert_batched:1730 - [batch] FAIL: c417943be1_002b4f4d8976804c283e6f90cc51f02c7fa5ca9027ffe491__vs__2773adf157_0004c94ca2a8684d47449bb0e7abf87de1df71a7e6543252_redline_1b4dd65cb9_jubarte-093.docx — never reached in 3 batch pass(es)
2026-09-30 06:20:39.571 | ERROR    | __main__:_convert_batched:1730 - [batch] FAIL: c417943be1_002b4f4d8976804c283e6f90cc51f02c7fa5ca9027ffe491__vs__2e04202552_000e3e7bd2d6215fc7b469cc3e296c1b2a510bc1abc7e0fd_redline_6d7b361292_jubarte-093.docx — never reached in 3 batch pass(es)
2026-09-30 06:20:39.572 | ERROR    | __main__:_convert_batched:1730 - [batch] FAIL: c417943be1_002b4f4d8976804c283e6f90cc51f02c7fa5ca9027ffe491__vs__333bfe069a_003416d620331122b93b434dad901db5836f60d2cad4b533_redline_bacb8103b9_jubarte-093.docx — never reached in 3 batch pass(es)
2026-09-30 06:20:39.573 | ERROR    | __main__:_convert_batched:1730 - [batch] FAIL: c417943be1_002b4f4d8976804c283e6f90cc51f02c7fa5ca9027ffe491__vs__342f364d46_001342333d45627868f4dc5282abbba4598a91b4a7584b08_redline_24016b28c2_jubarte-093.docx — never reached in 3 batch pass(es)
2026-09-30 06:20:39.575 | ERROR    | __main__:_convert_batched:1730 - [batch] FAIL: c417943be1_002b4f4d8976804c283e6f90cc51f02c7fa5ca9027ffe491__vs__5203829c7a_001cc92b88566d5f930fe57f25813c0bf52a7bdc72c217d0_redline_5f69158474_jubarte-093.docx — never reached in 3 batch pass(es)
2026-09-30 06:20:39.577 | ERROR    | __main__:_convert_batched:1730 - [batch] FAIL: c417943be1_002b4f4d8976804c283e6f90cc51f02c7fa5ca9027ffe491__vs__a5f2b9318d_002aa60c2ae1187417b4b157c5ec6450324cc056ec551a12_redline_40890b46b0_jubarte-093.docx — never reached in 3 batch pass(es)
2026-09-30 06:20:39.579 | ERROR    | __main__:_convert_batched:1730 - [batch] FAIL: c417943be1_002b4f4d8976804c283e6f90cc51f02c7fa5ca9027ffe491__vs__aa5340125d_00a4b0b91e9b5b072dc3771391c2d608518690eccf44eae8_redline_9ff99dbbe2_jubarte-093.docx — never reached in 3 batch pass(es)
2026-09-30 06:20:39.581 | ERROR    | __main__:_convert_batched:1730 - [batch] FAIL: c417943be1_002b4f4d8976804c283e6f90cc51f02c7fa5ca9027ffe491__vs__bd3824dd1e_000ee64ef7226d353297888f59a251e24ce5d776fea000fa_redline_4f13371312_jubarte-093.docx — never reached in 3 batch pass(es)
2026-09-30 06:20:39.583 | ERROR    | __main__:_convert_batched:1730 - [batch] FAIL: c417943be1_002b4f4d8976804c283e6f90cc51f02c7fa5ca9027ffe491__vs__deff0e697a_00b5defcad6e58038eac35472a2d48c89905068e5ece0cc3_redline_a59373908a_jubarte-093.docx — never reached in 3 batch pass(es)
2026-09-30 06:20:39.585 | ERROR    | __main__:_convert_batched:1730 - [batch] FAIL: c492c95bb9_file_76__vs__cf977017dd_file_77_redline_21710455cc_jubarte-093.docx — never reached in 3 batch pass(es)
2026-09-30 06:20:39.586 | ERROR    | __main__:_convert_batched:1730 - [batch] FAIL: c498e8c52c_super_editor__contract_acc_bbd983a0__vs__43dd6753e6_super_editor__diff_before7_5bad2542_redline_1f955ac1bf_jubarte-093.docx — never reached in 3 batch pass(es)
2026-09-30 06:20:39.589 | ERROR    | __main__:_convert_batched:1730 - [batch] FAIL: c498e8c52c_super_editor__contract_acc_bbd983a0__vs__ab859711f4_super_editor__custom_list_numbering1_7eb9fda4_redline_3c2c9cda82_jubarte-093.docx — never reached in 3 batch pass(es)
2026-09-30 06:20:39.591 | ERROR    | __main__:_convert_batched:1730 - [batch] FAIL: c4c962aa85_file_106__vs__e2c5596170_file_107_redline_51890e0328_jubarte-093.docx — never reached in 3 batch pass(es)
2026-09-30 06:20:39.593 | ERROR    | __main__:_convert_batched:1730 - [batch] FAIL: c4ea091705_0198ed79934875ab0b44de910b46cded49b1a2c18ca00bf9__vs__0f590615c1_3df4a9c0b9162e00a4dc9d673fb99511b114b0ccb964c9b4_redline_d94fb4f149_jubarte-093.docx — never reached in 3 batch pass(es)
2026-09-30 06:20:39.598 | ERROR    | __main__:_convert_batched:1730 - [batch] FAIL: c4ee483519_tiff_image__vs__671ff91b1d_behavior__sd_2750_borderbox_7cd3768d_redline_f2221d321a_jubarte-093.docx — never reached in 3 batch pass(es)
2026-09-30 06:20:39.599 | ERROR    | __main__:_convert_batched:1730 - [batch] FAIL: c4ee483519_tiff_image__vs__776a437291_behavior__two_column_simple_e77be963_redline_5e067b0987_jubarte-093.docx — never reached in 3 batch pass(es)
2026-09-30 06:20:39.608 | ERROR    | __main__:_convert_batched:1730 - [batch] FAIL: c4ee483519_tiff_image__vs__d0423646cd_times_new_roman_bold_id_paraid_overflow_redline_7321b254f7_jubarte-093.docx — never reached in 3 batch pass(es)
2026-09-30 06:20:39.610 | ERROR    | __main__:_convert_batched:1730 - [batch] FAIL: c4ee483519_tiff_image__vs__e451997662_super_editor__h_f_normal_5d2a8d96_redline_2ed508b300_jubarte-093.docx — never reached in 3 batch pass(es)
2026-09-30 06:20:39.611 | ERROR    | __main__:_convert_batched:1730 - [batch] FAIL: c500e0081f_file_101__vs__dd36ffac72_file_102_redline_3df53b0ca5_jubarte-093.docx — never reached in 3 batch pass(es)
2026-09-30 06:20:39.612 | ERROR    | __main__:_convert_batched:1730 - [batch] FAIL: c512c8de7e_file_142__vs__eac167172d_file_143_redline_c6e5577115_jubarte-093.docx — never reached in 3 batch pass(es)
2026-09-30 06:20:39.613 | ERROR    | __main__:_convert_batched:1730 - [batch] FAIL: c51843a182_super_editor__diff_after3_3f4fb6e8__vs__6c0ad6c8ef_behavior__math_matrix_tests_a3b17e15_redline_6f6e4ae3e8_jubarte-093.docx — never reached in 3 batch pass(es)
2026-09-30 06:20:39.613 | ERROR    | __main__:_convert_batched:1730 - [batch] FAIL: c51843a182_super_editor__diff_after3_3f4fb6e8__vs__fd68f70f24_super_editor__ooxml_highlight_rstyle_linked_comb_redline_2cc89665da_jubarte-093.docx — never reached in 3 batch pass(es)
2026-09-30 06:20:39.614 | ERROR    | __main__:_convert_batched:1730 - [batch] FAIL: c52c06ab28_superscript_demo_id_paraid_overflow__vs__3e8be91dbf_superscript_demo_style_default_missing_redline_dbfa3d789e_jubarte-093.docx — never reached in 3 batch pass(es)
2026-09-30 06:20:39.615 | ERROR    | __main__:_convert_batched:1730 - [batch] FAIL: c54c269d79_file_131__vs__8ded82ffec_file_132_redline_aed2c1780a_jubarte-093.docx — never reached in 3 batch pass(es)
2026-09-30 06:20:39.615 | ERROR    | __main__:_convert_batched:1730 - [batch] FAIL: c5763a90ce_header_no_rels__vs__4dff3f0ab2_heading_1_bold_demo_id_paraid_overflow_redline_2e5b08815c_jubarte-093.docx — never reached in 3 batch pass(es)
2026-09-30 06:20:39.616 | ERROR    | __main__:_convert_batched:1730 - [batch] FAIL: c5b63f5273_bold_superscript_demo_style_default_missing__vs__dccd86b590_bold_text_formatting_demo_id_paraid_overflow_2_redline_0480d8c02b_jubarte-093.docx — never reached in 3 batch pass(es)
2026-09-30 06:20:39.617 | ERROR    | __main__:_convert_batched:1730 - [batch] FAIL: c5c92e4f32_file_127__vs__af613a9921_file_128_redline_f04e60fd3d_jubarte-093.docx — never reached in 3 batch pass(es)
2026-09-30 06:20:39.618 | ERROR    | __main__:_convert_batched:1730 - [batch] FAIL: c5f3d78ca6_super_editor__annotations_import_2_eaae7b97__vs__7098537b0d_super_editor__base_custom_544164f9_redline_1176021038_jubarte-093.docx — never reached in 3 batch pass(es)
2026-09-30 06:20:39.619 | ERROR    | __main__:_convert_batched:1730 - [batch] FAIL: c620f64d24_super_editor__hyperlink_node_internal_1c0232f9__vs__1dfdc7d8ec_super_editor__image_inline_and_block_ad6109b3_redline_950c27b0db_jubarte-093.docx — never reached in 3 batch pass(es)
2026-09-30 06:20:39.621 | ERROR    | __main__:_convert_batched:1730 - [batch] FAIL: c63bc323ce_bullet_list_bold_demo_id_paraid_overflow__vs__555f3bce3f_bullet_list_demo_id_paraid_overflow_redline_19d9efbf7d_jubarte-093.docx — never reached in 3 batch pass(es)
2026-09-30 06:20:39.623 | ERROR    | __main__:_convert_batched:1730 - [batch] FAIL: c6956051c8_0035880301dd9b39b35318af6a88457fb4f6491a3ca1964a__vs__1424386e9b_017447de83753a0e3b7afc659df038ef56972925336c6a5b_redline_bb59a906e9_jubarte-093.docx — never reached in 3 batch pass(es)
2026-09-30 06:20:39.624 | ERROR    | __main__:_convert_batched:1730 - [batch] FAIL: c6956051c8_0035880301dd9b39b35318af6a88457fb4f6491a3ca1964a__vs__2773adf157_0004c94ca2a8684d47449bb0e7abf87de1df71a7e6543252_redline_95b15ae762_jubarte-093.docx — never reached in 3 batch pass(es)
2026-09-30 06:20:39.624 | ERROR    | __main__:_convert_batched:1730 - [batch] FAIL: c6956051c8_0035880301dd9b39b35318af6a88457fb4f6491a3ca1964a__vs__2e04202552_000e3e7bd2d6215fc7b469cc3e296c1b2a510bc1abc7e0fd_redline_a302cb338a_jubarte-093.docx — never reached in 3 batch pass(es)
2026-09-30 06:20:39.625 | ERROR    | __main__:_convert_batched:1730 - [batch] FAIL: c6956051c8_0035880301dd9b39b35318af6a88457fb4f6491a3ca1964a__vs__333bfe069a_003416d620331122b93b434dad901db5836f60d2cad4b533_redline_ef7c904857_jubarte-093.docx — never reached in 3 batch pass(es)
2026-09-30 06:20:39.626 | ERROR    | __main__:_convert_batched:1730 - [batch] FAIL: c6956051c8_0035880301dd9b39b35318af6a88457fb4f6491a3ca1964a__vs__342f364d46_001342333d45627868f4dc5282abbba4598a91b4a7584b08_redline_5287854336_jubarte-093.docx — never reached in 3 batch pass(es)
2026-09-30 06:20:39.627 | ERROR    | __main__:_convert_batched:1730 - [batch] FAIL: c6956051c8_0035880301dd9b39b35318af6a88457fb4f6491a3ca1964a__vs__5203829c7a_001cc92b88566d5f930fe57f25813c0bf52a7bdc72c217d0_redline_75ee805001_jubarte-093.docx — never reached in 3 batch pass(es)
2026-09-30 06:20:39.627 | ERROR    | __main__:_convert_batched:1730 - [batch] FAIL: c6956051c8_0035880301dd9b39b35318af6a88457fb4f6491a3ca1964a__vs__a5f2b9318d_002aa60c2ae1187417b4b157c5ec6450324cc056ec551a12_redline_b72d78a5fb_jubarte-093.docx — never reached in 3 batch pass(es)
2026-09-30 06:20:39.628 | ERROR    | __main__:_convert_batched:1730 - [batch] FAIL: c6956051c8_0035880301dd9b39b35318af6a88457fb4f6491a3ca1964a__vs__aa5340125d_00a4b0b91e9b5b072dc3771391c2d608518690eccf44eae8_redline_ecc5290096_jubarte-093.docx — never reached in 3 batch pass(es)
2026-09-30 06:20:39.629 | ERROR    | __main__:_convert_batched:1730 - [batch] FAIL: c6956051c8_0035880301dd9b39b35318af6a88457fb4f6491a3ca1964a__vs__bd3824dd1e_000ee64ef7226d353297888f59a251e24ce5d776fea000fa_redline_29eef1f277_jubarte-093.docx — never reached in 3 batch pass(es)
2026-09-30 06:20:39.630 | ERROR    | __main__:_convert_batched:1730 - [batch] FAIL: c6956051c8_0035880301dd9b39b35318af6a88457fb4f6491a3ca1964a__vs__deff0e697a_00b5defcad6e58038eac35472a2d48c89905068e5ece0cc3_redline_01f1d55999_jubarte-093.docx — never reached in 3 batch pass(es)
2026-09-30 06:20:39.631 | ERROR    | __main__:_convert_batched:1730 - [batch] FAIL: c6b1275403_7ba2b78ab7dafc8c6a9706a4bf3e2423742cf76069b0ebd2__vs__33c0c3af06_e7c16ce029557c9f210eb62c1e74fa49cd1909b8216969b4_redline_0cd408ce27_jubarte-093.docx — never reached in 3 batch pass(es)
2026-09-30 06:20:39.633 | ERROR    | __main__:_convert_batched:1730 - [batch] FAIL: c6ce4423f8_file_96__vs__1e709d032c_file_97_redline_2e79b36cb2_jubarte-093.docx — never reached in 3 batch pass(es)
2026-09-30 06:20:39.633 | ERROR    | __main__:_convert_batched:1730 - [batch] FAIL: c6f9b1571d_red_bold_heading_demo_style_default_missing__vs__0332219534_red_bold_text_demo_id_paraid_overflow_redline_6944078218_jubarte-093.docx — never reached in 3 batch pass(es)
2026-09-30 06:20:39.634 | ERROR    | __main__:_convert_batched:1730 - [batch] FAIL: c706120413_open_sans_font_demo_id_paraid_overflow__vs__82348eef4b_multi_section_redline_a0b32ee481_jubarte-093.docx — never reached in 3 batch pass(es)
2026-09-30 06:20:39.635 | ERROR    | __main__:_convert_batched:1730 - [batch] FAIL: c706120413_open_sans_font_demo_id_paraid_overflow__vs__f7d8cdf9a9_product_roadmap_2026_suggesting_insertions_redline_279d92fc33_jubarte-093.docx — never reached in 3 batch pass(es)
2026-09-30 06:20:39.635 | ERROR    | __main__:_convert_batched:1730 - [batch] FAIL: c7190b3adc_file_31__vs__083826730a_file_32_redline_4e54b171c3_jubarte-093.docx — never reached in 3 batch pass(es)
2026-09-30 06:20:39.636 | ERROR    | __main__:_convert_batched:1730 - [batch] FAIL: c71a7cc576_heading_4_style_demo_id_paraid_overflow__vs__2c8a304c60_helvetica_font_demo_style_default_missing_redline_98243183d1_jubarte-093.docx — never reached in 3 batch pass(es)
2026-09-30 06:20:39.637 | ERROR    | __main__:_convert_batched:1730 - [batch] FAIL: c7b4db5d0e_file_184__vs__fad186fbc9_file_185_redline_e5d359e783_jubarte-093.docx — never reached in 3 batch pass(es)
2026-09-30 06:20:39.638 | ERROR    | __main__:_convert_batched:1730 - [batch] FAIL: c7dbacb26a_file_37__vs__fdaf71bd6b_file_38_redline_135dfbf65a_jubarte-093.docx — never reached in 3 batch pass(es)
2026-09-30 06:20:39.639 | ERROR    | __main__:_convert_batched:1730 - [batch] FAIL: c7dbb386e8_ba0bb09a68972afa0f8f4e51b0b68c62613927280e07053f__vs__9adc367804_f1a94a792cf683005b754ab358c3e9f7689b9c5c072af42c_redline_565ad22d0a_jubarte-093.docx — never reached in 3 batch pass(es)
2026-09-30 06:20:39.640 | ERROR    | __main__:_convert_batched:1730 - [batch] FAIL: c87ab9bf12_file_52__vs__cf78e83cd4_file_53_redline_27427ee2bc_jubarte-093.docx — never reached in 3 batch pass(es)
2026-09-30 06:20:39.641 | ERROR    | __main__:_convert_batched:1730 - [batch] FAIL: c8a9a6e711_62caeb83a2234e23b2b174c85c0168e0375fb9afba53987b__vs__d7f1b4b348_4719d6f01f9ae9f32bd0869e814f1d2e53038477e2fec13c_redline_27b0d94ddb_jubarte-093.docx — never reached in 3 batch pass(es)
2026-09-30 06:20:39.641 | ERROR    | __main__:_convert_batched:1730 - [batch] FAIL: c90bde92a4_file_35__vs__47709fa472_file_36_redline_41fd707d15_jubarte-093.docx — never reached in 3 batch pass(es)
2026-09-30 06:20:39.644 | ERROR    | __main__:_convert_batched:1730 - [batch] FAIL: c9154561dc_file_2__vs__f8cb67d689_file_3_redline_0deb8a8c1a_jubarte-093.docx — never reached in 3 batch pass(es)
2026-09-30 06:20:39.646 | ERROR    | __main__:_convert_batched:1730 - [batch] FAIL: c917cc5055_support_tickets_summary_id_paraid_overflow__vs__356b7a3629_text_highlight_demo_style_default_missing_redline_5a100df35e_jubarte-093.docx — never reached in 3 batch pass(es)
2026-09-30 06:20:39.648 | ERROR    | __main__:_convert_batched:1730 - [batch] FAIL: c917cc5055_support_tickets_summary_id_paraid_overflow__vs__95bdaad1fe_support_tickets_table_redline_0681294510_jubarte-093.docx — never reached in 3 batch pass(es)
2026-09-30 06:20:39.649 | ERROR    | __main__:_convert_batched:1730 - [batch] FAIL: c91bf152c5_ea2c23f94ba56d92b15dbc39a228be84ec544937a287e82f__vs__55e94572f9_b1df51bc6cfddae69d97759cdfaf15206b6bd9dc8cf0f9d3_redline_d8b0c2ae01_jubarte-093.docx — never reached in 3 batch pass(es)
2026-09-30 06:20:39.650 | ERROR    | __main__:_convert_batched:1730 - [batch] FAIL: c9822f1008_docx_lots_of_comments_addition_redline__vs__32328b55db_docx_lots_of_comments_addition_removal_redline_r_redline_e6e61fc33f_jubarte-093.docx — never reached in 3 batch pass(es)
2026-09-30 06:20:39.651 | ERROR    | __main__:_convert_batched:1730 - [batch] FAIL: c997f74452_a7dcf35a333cba753c9292cf8e71e5ba575c89a599becf65__vs__d5f6c20be1_714dc4ada82c218154bb078861a2edd138b65ff31504d8e4_redline_7f7a923924_jubarte-093.docx — never reached in 3 batch pass(es)
2026-09-30 06:20:39.652 | ERROR    | __main__:_convert_batched:1730 - [batch] FAIL: c9bd5ffffd_627c0809350215230046febb13f47a1668e1afe1cb55b345__vs__e51c1f292a_ca0c4d309d19d117b67f6d0ee09e6a93f2607498bfb6bb3e_redline_5986623b2b_jubarte-093.docx — never reached in 3 batch pass(es)
2026-09-30 06:20:39.652 | ERROR    | __main__:_convert_batched:1730 - [batch] FAIL: ca18f14ff4_eb6a0b77f40d0b532f6d525d748dffee5e7f0ba61fa7c7e5__vs__c185a8c7cb_19b968cfe8104263bb49fc5a8f278cf5482847a9587b64d5_redline_e43f190f6d_jubarte-093.docx — never reached in 3 batch pass(es)
2026-09-30 06:20:39.654 | ERROR    | __main__:_convert_batched:1730 - [batch] FAIL: ca44eef662_super_editor__list_spacer1_06383c66__vs__7692b33045_super_editor__list_with_break_exported_broken_45_redline_0251e3704d_jubarte-093.docx — never reached in 3 batch pass(es)
2026-09-30 06:20:39.655 | ERROR    | __main__:_convert_batched:1730 - [batch] FAIL: ca44eef662_super_editor__list_spacer1_06383c66__vs__9322444a3f_behavior__sd_2888_hyperlink_with_ampersand_aaaac_redline_2fe501ccce_jubarte-093.docx — never reached in 3 batch pass(es)
2026-09-30 06:20:39.656 | ERROR    | __main__:_convert_batched:1730 - [batch] FAIL: ca4ccabff6_superscript_demo_id_paraid_overflow_2__vs__860b6e457e_superscript_demo_id_paraid_overflow_redline_3b88fd5ebe_jubarte-093.docx — never reached in 3 batch pass(es)
2026-09-30 06:20:39.658 | ERROR    | __main__:_convert_batched:1730 - [batch] FAIL: cb0f18681a_a50910ebaa2ec9789bd2ac292f09a12b438bab96641f5a78__vs__9453196efa_79622706abd1c7db5b22fa9036397e6c3fa3d00b9d2877fc_redline_194bad9d8b_jubarte-093.docx — never reached in 3 batch pass(es)
2026-09-30 06:20:39.659 | ERROR    | __main__:_convert_batched:1730 - [batch] FAIL: cb340e4c6a_center_alignment_demo_id_paraid_overflow__vs__8a7f242026_center_bold_demo_id_paraid_overflow_redline_008c2d8700_jubarte-093.docx — never reached in 3 batch pass(es)
2026-09-30 06:20:39.660 | ERROR    | __main__:_convert_batched:1730 - [batch] FAIL: cb4f8b4a43_a705aeb161204d5047c4d61ed25600bc39f07a24761c4b8c__vs__f162fdb95f_b0347bad5793fe02b5d275a7d8e8620d44028811971b0f6d_redline_f3f426dc89_jubarte-093.docx — never reached in 3 batch pass(es)
2026-09-30 06:20:39.665 | ERROR    | __main__:_convert_batched:1730 - [batch] FAIL: cbb3bab843_word_tolerated_orphan_comment__vs__cefef4e4f5_yellow_highlight_demo_id_paraid_overflow_redline_3796807136_jubarte-093.docx — never reached in 3 batch pass(es)
2026-09-30 06:20:39.666 | ERROR    | __main__:_convert_batched:1730 - [batch] FAIL: cbbb5f7adc_file_189__vs__9402f06dc1_file_190_redline_eb3b942561_jubarte-093.docx — never reached in 3 batch pass(es)
2026-09-30 06:20:39.668 | ERROR    | __main__:_convert_batched:1730 - [batch] FAIL: cbd171fa3c_4598ae603096d1560af12ca03256d8cfcf124b748d8a1924__vs__1e98b247d0_30a6ee467b25c608a886e28c035a537494f8b4e966b5c07b_redline_f8b4a6220f_jubarte-093.docx — never reached in 3 batch pass(es)
2026-09-30 06:20:39.669 | ERROR    | __main__:_convert_batched:1730 - [batch] FAIL: cc0b2ff816_track_changes_suggesting_calibri_id_paraid_overf__vs__5e8ea1f5e9_track_changes_suggesting_center_id_paraid_overfl_redline_a11586e37e_jubarte-093.docx — never reached in 3 batch pass(es)
2026-09-30 06:20:39.670 | ERROR    | __main__:_convert_batched:1730 - [batch] FAIL: cc5f989c56_0090ba7896cba5f43500e77e151ddab12f16b20e3ddf5822__vs__1424386e9b_017447de83753a0e3b7afc659df038ef56972925336c6a5b_redline_067bd871b9_jubarte-093.docx — never reached in 3 batch pass(es)
2026-09-30 06:20:39.673 | ERROR    | __main__:_convert_batched:1730 - [batch] FAIL: cc5f989c56_0090ba7896cba5f43500e77e151ddab12f16b20e3ddf5822__vs__2773adf157_0004c94ca2a8684d47449bb0e7abf87de1df71a7e6543252_redline_09d4f59ccd_jubarte-093.docx — never reached in 3 batch pass(es)
2026-09-30 06:20:39.674 | ERROR    | __main__:_convert_batched:1730 - [batch] FAIL: cc5f989c56_0090ba7896cba5f43500e77e151ddab12f16b20e3ddf5822__vs__2e04202552_000e3e7bd2d6215fc7b469cc3e296c1b2a510bc1abc7e0fd_redline_0a6d6296ec_jubarte-093.docx — never reached in 3 batch pass(es)
2026-09-30 06:20:39.676 | ERROR    | __main__:_convert_batched:1730 - [batch] FAIL: cc5f989c56_0090ba7896cba5f43500e77e151ddab12f16b20e3ddf5822__vs__333bfe069a_003416d620331122b93b434dad901db5836f60d2cad4b533_redline_3fa2e4b5de_jubarte-093.docx — never reached in 3 batch pass(es)
2026-09-30 06:20:39.677 | ERROR    | __main__:_convert_batched:1730 - [batch] FAIL: cc5f989c56_0090ba7896cba5f43500e77e151ddab12f16b20e3ddf5822__vs__342f364d46_001342333d45627868f4dc5282abbba4598a91b4a7584b08_redline_c645866078_jubarte-093.docx — never reached in 3 batch pass(es)
2026-09-30 06:20:39.690 | ERROR    | __main__:_convert_batched:1730 - [batch] FAIL: cc5f989c56_0090ba7896cba5f43500e77e151ddab12f16b20e3ddf5822__vs__5203829c7a_001cc92b88566d5f930fe57f25813c0bf52a7bdc72c217d0_redline_e86eac55d3_jubarte-093.docx — never reached in 3 batch pass(es)
2026-09-30 06:20:39.692 | ERROR    | __main__:_convert_batched:1730 - [batch] FAIL: cc5f989c56_0090ba7896cba5f43500e77e151ddab12f16b20e3ddf5822__vs__a5f2b9318d_002aa60c2ae1187417b4b157c5ec6450324cc056ec551a12_redline_7dc048a022_jubarte-093.docx — never reached in 3 batch pass(es)
2026-09-30 06:20:39.696 | ERROR    | __main__:_convert_batched:1730 - [batch] FAIL: cc5f989c56_0090ba7896cba5f43500e77e151ddab12f16b20e3ddf5822__vs__aa5340125d_00a4b0b91e9b5b072dc3771391c2d608518690eccf44eae8_redline_56915a8dc8_jubarte-093.docx — never reached in 3 batch pass(es)
2026-09-30 06:20:39.709 | ERROR    | __main__:_convert_batched:1730 - [batch] FAIL: cc5f989c56_0090ba7896cba5f43500e77e151ddab12f16b20e3ddf5822__vs__bd3824dd1e_000ee64ef7226d353297888f59a251e24ce5d776fea000fa_redline_08bbbe0732_jubarte-093.docx — never reached in 3 batch pass(es)
2026-09-30 06:20:39.712 | ERROR    | __main__:_convert_batched:1730 - [batch] FAIL: cc5f989c56_0090ba7896cba5f43500e77e151ddab12f16b20e3ddf5822__vs__deff0e697a_00b5defcad6e58038eac35472a2d48c89905068e5ece0cc3_redline_0f741ca183_jubarte-093.docx — never reached in 3 batch pass(es)
2026-09-30 06:20:39.714 | ERROR    | __main__:_convert_batched:1730 - [batch] FAIL: cc82deb093_file_144__vs__8138a2180b_file_145_redline_8032e05eac_jubarte-093.docx — never reached in 3 batch pass(es)
2026-09-30 06:20:39.715 | ERROR    | __main__:_convert_batched:1730 - [batch] FAIL: cc8fe57f46_strikethrough_bold_demo_id_paraid_overflow__vs__24c6d4e57f_strikethrough_text_demo_id_paraid_overflow_redline_8f2b9ca513_jubarte-093.docx — never reached in 3 batch pass(es)
2026-09-30 06:20:39.716 | ERROR    | __main__:_convert_batched:1730 - [batch] FAIL: cc901c34fc_004028ecdee3787e97aed9dafb5feb104b20ab5540af6e39__vs__1424386e9b_017447de83753a0e3b7afc659df038ef56972925336c6a5b_redline_d6f41d6086_jubarte-093.docx — never reached in 3 batch pass(es)
2026-09-30 06:20:39.719 | ERROR    | __main__:_convert_batched:1730 - [batch] FAIL: cc901c34fc_004028ecdee3787e97aed9dafb5feb104b20ab5540af6e39__vs__2773adf157_0004c94ca2a8684d47449bb0e7abf87de1df71a7e6543252_redline_13a4602c5c_jubarte-093.docx — never reached in 3 batch pass(es)
2026-09-30 06:20:39.720 | ERROR    | __main__:_convert_batched:1730 - [batch] FAIL: cc901c34fc_004028ecdee3787e97aed9dafb5feb104b20ab5540af6e39__vs__2e04202552_000e3e7bd2d6215fc7b469cc3e296c1b2a510bc1abc7e0fd_redline_cda19d51ed_jubarte-093.docx — never reached in 3 batch pass(es)
2026-09-30 06:20:39.725 | ERROR    | __main__:_convert_batched:1730 - [batch] FAIL: cc901c34fc_004028ecdee3787e97aed9dafb5feb104b20ab5540af6e39__vs__333bfe069a_003416d620331122b93b434dad901db5836f60d2cad4b533_redline_a0aea3161b_jubarte-093.docx — never reached in 3 batch pass(es)
2026-09-30 06:20:39.726 | ERROR    | __main__:_convert_batched:1730 - [batch] FAIL: cc901c34fc_004028ecdee3787e97aed9dafb5feb104b20ab5540af6e39__vs__342f364d46_001342333d45627868f4dc5282abbba4598a91b4a7584b08_redline_f26f0db15f_jubarte-093.docx — never reached in 3 batch pass(es)
2026-09-30 06:20:39.729 | ERROR    | __main__:_convert_batched:1730 - [batch] FAIL: cc901c34fc_004028ecdee3787e97aed9dafb5feb104b20ab5540af6e39__vs__5203829c7a_001cc92b88566d5f930fe57f25813c0bf52a7bdc72c217d0_redline_3164416c91_jubarte-093.docx — never reached in 3 batch pass(es)
2026-09-30 06:20:39.732 | ERROR    | __main__:_convert_batched:1730 - [batch] FAIL: cc901c34fc_004028ecdee3787e97aed9dafb5feb104b20ab5540af6e39__vs__a5f2b9318d_002aa60c2ae1187417b4b157c5ec6450324cc056ec551a12_redline_3c55f8fc93_jubarte-093.docx — never reached in 3 batch pass(es)
2026-09-30 06:20:44.736 | ERROR    | __main__:_convert_batched:1730 - [batch] FAIL: cc901c34fc_004028ecdee3787e97aed9dafb5feb104b20ab5540af6e39__vs__aa5340125d_00a4b0b91e9b5b072dc3771391c2d608518690eccf44eae8_redline_54301b1456_jubarte-093.docx — never reached in 3 batch pass(es)
2026-09-30 06:20:44.739 | ERROR    | __main__:_convert_batched:1730 - [batch] FAIL: cc901c34fc_004028ecdee3787e97aed9dafb5feb104b20ab5540af6e39__vs__bd3824dd1e_000ee64ef7226d353297888f59a251e24ce5d776fea000fa_redline_1942fab3ab_jubarte-093.docx — never reached in 3 batch pass(es)
2026-09-30 06:20:44.740 | ERROR    | __main__:_convert_batched:1730 - [batch] FAIL: cc901c34fc_004028ecdee3787e97aed9dafb5feb104b20ab5540af6e39__vs__deff0e697a_00b5defcad6e58038eac35472a2d48c89905068e5ece0cc3_redline_142f9e34dc_jubarte-093.docx — never reached in 3 batch pass(es)
2026-09-30 06:20:44.741 | ERROR    | __main__:_convert_batched:1730 - [batch] FAIL: ccc54a2d1b_file_1__vs__aa5ccfbc3c_file_2_redline_92971cf97c_jubarte-093.docx — never reached in 3 batch pass(es)
2026-09-30 06:20:44.742 | ERROR    | __main__:_convert_batched:1730 - [batch] FAIL: cd54518381_file_118__vs__5383bab0c2_file_119_redline_7abf90f3f1_jubarte-093.docx — never reached in 3 batch pass(es)
2026-09-30 06:20:44.745 | ERROR    | __main__:_convert_batched:1730 - [batch] FAIL: cd98652e16_file_60__vs__a6b430bba8_file_61_redline_88892de262_jubarte-093.docx — never reached in 3 batch pass(es)
2026-09-30 06:20:44.746 | ERROR    | __main__:_convert_batched:1730 - [batch] FAIL: cda30726d7_ae9f826f816a21795f64a2827772d0ac2d0b14bd7f403682__vs__5cf261e998_822643bd7db332f5d2172d944ee96ecfa4079dbba515a880_redline_08d459977d_jubarte-093.docx — never reached in 3 batch pass(es)
2026-09-30 06:20:44.747 | ERROR    | __main__:_convert_batched:1730 - [batch] FAIL: cdb3618419_file_108__vs__f152875ca2_file_109_redline_d623ce2356_jubarte-093.docx — never reached in 3 batch pass(es)
2026-09-30 06:20:44.749 | ERROR    | __main__:_convert_batched:1730 - [batch] FAIL: cdc99394fd_8c45b767190482b7a94ce3492e9d5fcbfe743f72502c9169__vs__e3f5a2a35c_e03589ba2d798e04b15f136145db0af574edb4a886f65050_redline_b956ebc218_jubarte-093.docx — never reached in 3 batch pass(es)
2026-09-30 06:20:44.751 | ERROR    | __main__:_convert_batched:1730 - [batch] FAIL: cdf27ad0d3_behavior__sd_2672_nested_table_dfac08bb__vs__18b8dd8ea3_behavior__sd_2672_plain_3x3_87943d5d_redline_46cccac5f4_jubarte-093.docx — never reached in 3 batch pass(es)
2026-09-30 06:20:44.753 | ERROR    | __main__:_convert_batched:1730 - [batch] FAIL: cdf27ad0d3_behavior__sd_2672_nested_table_dfac08bb__vs__d678cb4275_super_editor__blank_doc_b2a325e7_redline_09c565d945_jubarte-093.docx — never reached in 3 batch pass(es)
2026-09-30 06:20:44.755 | ERROR    | __main__:_convert_batched:1730 - [batch] FAIL: ce4c9d3b3d_7fa69790846ae2093b15137a907a6d257ba30150baeba42b__vs__3eece07f64_515d32d994d29c8964884a6f3ff725ed3edcce5254484e85_redline_334f6d93af_jubarte-093.docx — never reached in 3 batch pass(es)
2026-09-30 06:20:44.757 | ERROR    | __main__:_convert_batched:1730 - [batch] FAIL: ce8491a639_845b0a2405a186d07d9148b63a3ce3f2e6f4a1591c73daa0__vs__92f6ee8aac_5f55a25569af55c69ae82bf96cb6d0b191d64e6d91117302_redline_de69b738f5_jubarte-093.docx — never reached in 3 batch pass(es)
2026-09-30 06:20:44.758 | ERROR    | __main__:_convert_batched:1730 - [batch] FAIL: cebebe66c9_9dd9020b5c47292686f95356374f2f3817804d47ae0c7e4f__vs__046eaac0a6_a6d59e1fc25cd0e0cf155c1d7ec1b6957ee450733f415cfb_redline_594503ebad_jubarte-093.docx — never reached in 3 batch pass(es)
2026-09-30 06:20:44.760 | ERROR    | __main__:_convert_batched:1730 - [batch] FAIL: cec0607d40_file_25__vs__cf02e0407e_file_26_redline_621c68893b_jubarte-093.docx — never reached in 3 batch pass(es)
2026-09-30 06:20:44.762 | ERROR    | __main__:_convert_batched:1730 - [batch] FAIL: ced58cbf54_super_editor__sd_1494_table_left_indent_03277d35__vs__2c0c942234_super_editor__sd_2766_pirates_tracked_changes_32_redline_75a9d7262b_jubarte-093.docx — never reached in 3 batch pass(es)
2026-09-30 06:20:44.763 | ERROR    | __main__:_convert_batched:1730 - [batch] FAIL: ced58cbf54_super_editor__sd_1494_table_left_indent_03277d35__vs__45f61cfd4f_super_editor__sd_1495_auto_page_break_2_f0f3bf0e_redline_2324d07904_jubarte-093.docx — never reached in 3 batch pass(es)
2026-09-30 06:20:44.764 | ERROR    | __main__:_convert_batched:1730 - [batch] FAIL: ced58cbf54_super_editor__sd_1494_table_left_indent_03277d35__vs__84f5fb598b_super_editor__diff_before11_1b953eaf_redline_08f3c75cf7_jubarte-093.docx — never reached in 3 batch pass(es)
2026-09-30 06:20:44.766 | ERROR    | __main__:_convert_batched:1730 - [batch] FAIL: ced58cbf54_super_editor__sd_1494_table_left_indent_03277d35__vs__92589c3e37_super_editor__pre_separated_list_bd330d28_redline_0113adc8d9_jubarte-093.docx — never reached in 3 batch pass(es)
2026-09-30 06:20:44.768 | ERROR    | __main__:_convert_batched:1730 - [batch] FAIL: ced58cbf54_super_editor__sd_1494_table_left_indent_03277d35__vs__9332d3001f_super_editor__sdpr_titleonly_b0796676_redline_288b57d41b_jubarte-093.docx — never reached in 3 batch pass(es)
2026-09-30 06:20:44.770 | ERROR    | __main__:_convert_batched:1730 - [batch] FAIL: ceee8dab18_dad6c99469302f7b31da046a44fb03b2700da40336b5abc3__vs__f8143832db_e3e48f378f7a0beb14abfe0a259266e08cb12a44bcad49b6_redline_cad0c541fc_jubarte-093.docx — never reached in 3 batch pass(es)
2026-09-30 06:20:44.772 | ERROR    | __main__:_convert_batched:1730 - [batch] FAIL: cefef4e4f5_yellow_highlight_demo_id_paraid_overflow__vs__a391978591_yellow_highlight_italic_demo_style_default_missi_redline_aec80553e5_jubarte-093.docx — never reached in 3 batch pass(es)
2026-09-30 06:20:44.774 | ERROR    | __main__:_convert_batched:1730 - [batch] FAIL: cf02e0407e_file_26__vs__b175a00954_file_27_redline_cee8601521_jubarte-093.docx — never reached in 3 batch pass(es)
2026-09-30 06:20:44.776 | ERROR    | __main__:_convert_batched:1730 - [batch] FAIL: cf78e83cd4_file_53__vs__2d2158c9e4_file_54_redline_cec1861b30_jubarte-093.docx — never reached in 3 batch pass(es)
2026-09-30 06:20:44.778 | ERROR    | __main__:_convert_batched:1730 - [batch] FAIL: cf977017dd_file_77__vs__ae59d6042a_file_78_redline_3215251135_jubarte-093.docx — never reached in 3 batch pass(es)
2026-09-30 06:20:44.779 | ERROR    | __main__:_convert_batched:1730 - [batch] FAIL: cf9be22981_8c4ddc470d5375b8695f9f0f3c48d1fdc152dca3fbac13ae__vs__3c1ec8dfd3_a561150e9c973ab5f22a1eaa541f739bb7683339375baf5f_redline_bed67c8950_jubarte-093.docx — never reached in 3 batch pass(es)
2026-09-30 06:20:44.780 | ERROR    | __main__:_convert_batched:1730 - [batch] FAIL: cfb3c9f5f7_60168e4d4fe36b23bee30244f89884e3a9b364b2b8270abc__vs__6c8fc15329_adec1f56bbf0e13c249c914129851ad18623e311ccbfde12_redline_a9333255ca_jubarte-093.docx — never reached in 3 batch pass(es)
2026-09-30 06:20:44.781 | ERROR    | __main__:_convert_batched:1730 - [batch] FAIL: cfd53bad25_behavior__sd_2672_sdt_table_fc038913__vs__671ff91b1d_behavior__sd_2750_borderbox_7cd3768d_redline_001b877031_jubarte-093.docx — never reached in 3 batch pass(es)
2026-09-30 06:20:44.783 | ERROR    | __main__:_convert_batched:1730 - [batch] FAIL: d0281643d2_super_editor__hello_docx_world_12f11074__vs__4858c9853b_behavior__multi_image_types_b962a2b8_redline_8bdd3868dc_jubarte-093.docx — never reached in 3 batch pass(es)
2026-09-30 06:20:44.785 | ERROR    | __main__:_convert_batched:1730 - [batch] FAIL: d0281643d2_super_editor__hello_docx_world_12f11074__vs__c2d49e9ede_super_editor__sd_978_remove_table_borders_47f7ed_redline_99a7d5e4cb_jubarte-093.docx — never reached in 3 batch pass(es)
2026-09-30 06:20:44.788 | ERROR    | __main__:_convert_batched:1730 - [batch] FAIL: d0281643d2_super_editor__hello_docx_world_12f11074__vs__e3d152989b_behavior__math_eqarr_tests_40a1adb0_redline_84263b7e47_jubarte-093.docx — never reached in 3 batch pass(es)
2026-09-30 06:20:44.790 | ERROR    | __main__:_convert_batched:1730 - [batch] FAIL: d03da97287_super_editor__nested_comments_gdocs_0c8668e1__vs__2b6c7be6bd_super_editor__nested_comments_84f214bb_redline_ba3b77bee3_jubarte-093.docx — never reached in 3 batch pass(es)
2026-09-30 06:20:44.792 | ERROR    | __main__:_convert_batched:1730 - [batch] FAIL: d0423646cd_times_new_roman_bold_id_paraid_overflow__vs__13da8d3a5b_times_new_roman_font_id_paraid_overflow_redline_9151609eeb_jubarte-093.docx — never reached in 3 batch pass(es)
2026-09-30 06:20:44.794 | ERROR    | __main__:_convert_batched:1730 - [batch] FAIL: d04ac05d58_4b1cd45e7774350f022ae92e6566b74dda3b4638bc8212e4__vs__e938b9478b_20b46a9cd6d4b791a0edd85dcadfdfedc4c37e9d0f77d849_redline_2fa06a6cb0_jubarte-093.docx — never reached in 3 batch pass(es)
2026-09-30 06:20:44.795 | ERROR    | __main__:_convert_batched:1730 - [batch] FAIL: d06f02170c_914a656a272c07020597a26de1146332b876882074314111__vs__6ae732f532_66435fc0be860bac907701a81a0e85c5ea2e69b4f88c1b9b_redline_97fefb0aa2_jubarte-093.docx — never reached in 3 batch pass(es)
2026-09-30 06:20:44.797 | ERROR    | __main__:_convert_batched:1730 - [batch] FAIL: d07303cf0c_5a2295e6c3fb70b9f2ebe4b90cf34e04a9158f33c2180506__vs__cbce9c63be_515eefceeac017dd8e56ae9e0b0ab5ab85e1da58199f0d6d_redline_1b651f2fc5_jubarte-093.docx — never reached in 3 batch pass(es)
2026-09-30 06:20:44.798 | ERROR    | __main__:_convert_batched:1730 - [batch] FAIL: d09a2f8509_00b5aa69a6c33b2725953348488d62605dc209411d01f80a__vs__1424386e9b_017447de83753a0e3b7afc659df038ef56972925336c6a5b_redline_84ab4181b4_jubarte-093.docx — never reached in 3 batch pass(es)
2026-09-30 06:20:44.799 | ERROR    | __main__:_convert_batched:1730 - [batch] FAIL: d09a2f8509_00b5aa69a6c33b2725953348488d62605dc209411d01f80a__vs__2773adf157_0004c94ca2a8684d47449bb0e7abf87de1df71a7e6543252_redline_3350b94022_jubarte-093.docx — never reached in 3 batch pass(es)
2026-09-30 06:20:44.800 | ERROR    | __main__:_convert_batched:1730 - [batch] FAIL: d09a2f8509_00b5aa69a6c33b2725953348488d62605dc209411d01f80a__vs__2e04202552_000e3e7bd2d6215fc7b469cc3e296c1b2a510bc1abc7e0fd_redline_3eae2fcfd5_jubarte-093.docx — never reached in 3 batch pass(es)
2026-09-30 06:20:44.802 | ERROR    | __main__:_convert_batched:1730 - [batch] FAIL: d09a2f8509_00b5aa69a6c33b2725953348488d62605dc209411d01f80a__vs__333bfe069a_003416d620331122b93b434dad901db5836f60d2cad4b533_redline_01b889d1c8_jubarte-093.docx — never reached in 3 batch pass(es)
2026-09-30 06:20:44.803 | ERROR    | __main__:_convert_batched:1730 - [batch] FAIL: d09a2f8509_00b5aa69a6c33b2725953348488d62605dc209411d01f80a__vs__342f364d46_001342333d45627868f4dc5282abbba4598a91b4a7584b08_redline_b06a78c266_jubarte-093.docx — never reached in 3 batch pass(es)
2026-09-30 06:20:44.804 | ERROR    | __main__:_convert_batched:1730 - [batch] FAIL: d09a2f8509_00b5aa69a6c33b2725953348488d62605dc209411d01f80a__vs__5203829c7a_001cc92b88566d5f930fe57f25813c0bf52a7bdc72c217d0_redline_fa75ae9364_jubarte-093.docx — never reached in 3 batch pass(es)
2026-09-30 06:20:44.806 | ERROR    | __main__:_convert_batched:1730 - [batch] FAIL: d09a2f8509_00b5aa69a6c33b2725953348488d62605dc209411d01f80a__vs__a5f2b9318d_002aa60c2ae1187417b4b157c5ec6450324cc056ec551a12_redline_e7d9a076ba_jubarte-093.docx — never reached in 3 batch pass(es)
2026-09-30 06:20:44.807 | ERROR    | __main__:_convert_batched:1730 - [batch] FAIL: d09a2f8509_00b5aa69a6c33b2725953348488d62605dc209411d01f80a__vs__aa5340125d_00a4b0b91e9b5b072dc3771391c2d608518690eccf44eae8_redline_cf5502ea84_jubarte-093.docx — never reached in 3 batch pass(es)
2026-09-30 06:20:44.808 | ERROR    | __main__:_convert_batched:1730 - [batch] FAIL: d09a2f8509_00b5aa69a6c33b2725953348488d62605dc209411d01f80a__vs__bd3824dd1e_000ee64ef7226d353297888f59a251e24ce5d776fea000fa_redline_09b76bd785_jubarte-093.docx — never reached in 3 batch pass(es)
2026-09-30 06:20:44.809 | ERROR    | __main__:_convert_batched:1730 - [batch] FAIL: d09a2f8509_00b5aa69a6c33b2725953348488d62605dc209411d01f80a__vs__deff0e697a_00b5defcad6e58038eac35472a2d48c89905068e5ece0cc3_redline_1b1e73b3af_jubarte-093.docx — never reached in 3 batch pass(es)
2026-09-30 06:20:44.810 | ERROR    | __main__:_convert_batched:1730 - [batch] FAIL: d0a21b7c3c_q1_sales_summary_table_2__vs__21c900e459_q1_sales_summary_table_redline_255ff88d8b_jubarte-093.docx — never reached in 3 batch pass(es)
2026-09-30 06:20:44.812 | ERROR    | __main__:_convert_batched:1730 - [batch] FAIL: d16179a60b_c3cb50c9620520f54d70a4f079a12e94bf94f54f507eff8d__vs__1aaca1d5af_ef31e540797c67a78c662cc2e5ecb21bf446e3d696ce26ad_redline_f72cd71154_jubarte-093.docx — never reached in 3 batch pass(es)
2026-09-30 06:20:44.813 | ERROR    | __main__:_convert_batched:1730 - [batch] FAIL: d1b63a3385_superscript_demo_id_paraid_overflow_2__vs__c52c06ab28_superscript_demo_id_paraid_overflow_redline_520b4ff36e_jubarte-093.docx — never reached in 3 batch pass(es)
2026-09-30 06:20:44.814 | ERROR    | __main__:_convert_batched:1730 - [batch] FAIL: d1fc42d1b4_72dcf4dc5db35b70823754848e1137a2dca51c616061bea3__vs__acc20ae2d1_6292aea928cd8183d46d2e434349dbe8e5c41aceef91b0be_redline_0f841159c0_jubarte-093.docx — never reached in 3 batch pass(es)
2026-09-30 06:20:44.816 | ERROR    | __main__:_convert_batched:1730 - [batch] FAIL: d212c7eab7_f794b896af23bc3faac41d754e495da7ebcb038ab52a1e39__vs__7b572bab96_28d7ae0e7bb3697f99606babb03e4c8f74db6d557fb5b785_redline_b03dd5fd4e_jubarte-093.docx — never reached in 3 batch pass(es)
2026-09-30 06:20:44.817 | ERROR    | __main__:_convert_batched:1730 - [batch] FAIL: d27102bf04_sample_document_afterword_repaired_word_repaired__vs__f4fa801783_sample_document_really_repaired_word_repaired_redline_17d83e255a_jubarte-093.docx — never reached in 3 batch pass(es)
2026-09-30 06:20:44.819 | ERROR    | __main__:_convert_batched:1730 - [batch] FAIL: d2ca7c70b1_file_59__vs__cd98652e16_file_60_redline_c1151a57e5_jubarte-093.docx — never reached in 3 batch pass(es)
2026-09-30 06:20:44.820 | ERROR    | __main__:_convert_batched:1730 - [batch] FAIL: d2f322d733_document_100_ultimate_demo_id_paraid_overflow__vs__921334044d_double_spacing_bold_demo_id_paraid_overflow_redline_6327924547_jubarte-093.docx — never reached in 3 batch pass(es)
2026-09-30 06:20:44.822 | ERROR    | __main__:_convert_batched:1730 - [batch] FAIL: d2f322d733_document_100_ultimate_demo_id_paraid_overflow__vs__f901587291_docx_lots_of_comments_addition_redline_addition_redline_3c3090c52a_jubarte-093.docx — never reached in 3 batch pass(es)
2026-09-30 06:20:44.823 | ERROR    | __main__:_convert_batched:1730 - [batch] FAIL: d3241afc7c_file_38__vs__3ad856ac79_file_39_redline_41cb395fac_jubarte-093.docx — never reached in 3 batch pass(es)
2026-09-30 06:20:44.825 | ERROR    | __main__:_convert_batched:1730 - [batch] FAIL: d340956045_bold_italic_underline_demo_id_paraid_overflow__vs__d86ec4bf8f_bold_red_text_combo_id_paraid_overflow_redline_4739edceb9_jubarte-093.docx — never reached in 3 batch pass(es)
2026-09-30 06:20:44.826 | ERROR    | __main__:_convert_batched:1730 - [batch] FAIL: d36e22a134_bold_underline_highlight_demo_id_paraid_overflow__vs__2ec7c17191_book_catalog_id_paraid_overflow_redline_a442fe62c5_jubarte-093.docx — never reached in 3 batch pass(es)
2026-09-30 06:20:44.828 | ERROR    | __main__:_convert_batched:1730 - [batch] FAIL: d3b73b5ecf_534f02b4ceb3be8720d64c2c9de45e7b41f6f232c07177fa__vs__b464bb2f28_53fae2563e6bafcd40cf05ce3f1d6b2d66f0d965f9b5c8e2_redline_548d133393_jubarte-093.docx — never reached in 3 batch pass(es)
2026-09-30 06:20:44.829 | ERROR    | __main__:_convert_batched:1730 - [batch] FAIL: d426359dd9_file_111__vs__5bde480834_file_112_redline_07558141ca_jubarte-093.docx — never reached in 3 batch pass(es)
2026-09-30 06:20:44.831 | ERROR    | __main__:_convert_batched:1730 - [batch] FAIL: d435c8d66c_file_104__vs__0f0620ff98_file_105_redline_0c90ac520a_jubarte-093.docx — never reached in 3 batch pass(es)
2026-09-30 06:20:44.832 | ERROR    | __main__:_convert_batched:1730 - [batch] FAIL: d4649ec2db_file_168__vs__830eb0f0a2_file_169_redline_6ea5f46430_jubarte-093.docx — never reached in 3 batch pass(es)
2026-09-30 06:20:44.834 | ERROR    | __main__:_convert_batched:1730 - [batch] FAIL: d48e02b548_super_editor__google_docs_originated_comments__vs__d0281643d2_super_editor__hello_docx_world_12f11074_redline_37c978d405_jubarte-093.docx — never reached in 3 batch pass(es)
2026-09-30 06:20:44.835 | ERROR    | __main__:_convert_batched:1730 - [batch] FAIL: d48e02b548_super_editor__google_docs_originated_comments__vs__e70f1134dd_super_editor__diff_before8_ba5faa9e_redline_e4569d0756_jubarte-093.docx — never reached in 3 batch pass(es)
2026-09-30 06:20:44.837 | ERROR    | __main__:_convert_batched:1730 - [batch] FAIL: d48eb7902f_times_new_roman_bold_id_paraid_overflow__vs__e886422c26_times_new_roman_font_id_paraid_overflow_redline_db773ff332_jubarte-093.docx — never reached in 3 batch pass(es)
2026-09-30 06:20:44.839 | ERROR    | __main__:_convert_batched:1730 - [batch] FAIL: d5049aaec2_c73c128db4c8f0b0683396b603a070256a36b398f91585f0__vs__3bea84268c_6cbf6dfdf4b28397138c88c0353584658ccd144a913ce03b_redline_b567087abf_jubarte-093.docx — never reached in 3 batch pass(es)
2026-09-30 06:20:44.842 | ERROR    | __main__:_convert_batched:1730 - [batch] FAIL: d560bc7296_header_no_rels__vs__eb82ad6df1_heading_1_bold_demo_id_paraid_overflow_redline_52058c5190_jubarte-093.docx — never reached in 3 batch pass(es)
2026-09-30 06:20:44.844 | ERROR    | __main__:_convert_batched:1730 - [batch] FAIL: d5a56cdeb3_super_editor__gdocs_single_comment_ac5db87f__vs__bc78614a22_super_editor__gdocs_tracked_changes_3c1de315_redline_99740a096f_jubarte-093.docx — never reached in 3 batch pass(es)
2026-09-30 06:20:44.846 | ERROR    | __main__:_convert_batched:1730 - [batch] FAIL: d5fabd0d7b_inventory_list_suggesting_deletions__vs__097371c227_inventory_list_suggesting_mixed_edits_redline_cc1c952516_jubarte-093.docx — never reached in 3 batch pass(es)
2026-09-30 06:20:44.847 | ERROR    | __main__:_convert_batched:1730 - [batch] FAIL: d606327b4e_5c1229df35b4f4d9c161eb0e78d69d78168751c82ed36e23__vs__0796a8a2d6_449a3bc16d4c3f2f1c9d6bbac06f7ebbd864234fe008742f_redline_d2e3a1346e_jubarte-093.docx — never reached in 3 batch pass(es)
2026-09-30 06:20:44.870 | ERROR    | __main__:_convert_batched:1730 - [batch] FAIL: d60ccf445a_file_167__vs__d4649ec2db_file_168_redline_85f62f96ec_jubarte-093.docx — never reached in 3 batch pass(es)
2026-09-30 06:20:44.872 | ERROR    | __main__:_convert_batched:1730 - [batch] FAIL: d616476e12_word_tolerated_duplicate_ppr__vs__5fca0ac668_ooxml_style_link_redline_6802b7a195_jubarte-093.docx — never reached in 3 batch pass(es)
2026-09-30 06:20:44.873 | ERROR    | __main__:_convert_batched:1730 - [batch] FAIL: d6229441a5_0022208cff905cd74261067032c22afa148e0f63496c7f66__vs__1424386e9b_017447de83753a0e3b7afc659df038ef56972925336c6a5b_redline_8e9fcb47f2_jubarte-093.docx — never reached in 3 batch pass(es)
2026-09-30 06:20:44.876 | ERROR    | __main__:_convert_batched:1730 - [batch] FAIL: d6229441a5_0022208cff905cd74261067032c22afa148e0f63496c7f66__vs__2773adf157_0004c94ca2a8684d47449bb0e7abf87de1df71a7e6543252_redline_1c2ae7a3f0_jubarte-093.docx — never reached in 3 batch pass(es)
2026-09-30 06:20:44.878 | ERROR    | __main__:_convert_batched:1730 - [batch] FAIL: d6229441a5_0022208cff905cd74261067032c22afa148e0f63496c7f66__vs__2e04202552_000e3e7bd2d6215fc7b469cc3e296c1b2a510bc1abc7e0fd_redline_f195c279be_jubarte-093.docx — never reached in 3 batch pass(es)
2026-09-30 06:20:44.880 | ERROR    | __main__:_convert_batched:1730 - [batch] FAIL: d6229441a5_0022208cff905cd74261067032c22afa148e0f63496c7f66__vs__333bfe069a_003416d620331122b93b434dad901db5836f60d2cad4b533_redline_c68bde126f_jubarte-093.docx — never reached in 3 batch pass(es)
2026-09-30 06:20:44.882 | ERROR    | __main__:_convert_batched:1730 - [batch] FAIL: d6229441a5_0022208cff905cd74261067032c22afa148e0f63496c7f66__vs__342f364d46_001342333d45627868f4dc5282abbba4598a91b4a7584b08_redline_708c1113a2_jubarte-093.docx — never reached in 3 batch pass(es)
2026-09-30 06:20:44.883 | ERROR    | __main__:_convert_batched:1730 - [batch] FAIL: d6229441a5_0022208cff905cd74261067032c22afa148e0f63496c7f66__vs__5203829c7a_001cc92b88566d5f930fe57f25813c0bf52a7bdc72c217d0_redline_d857dcf970_jubarte-093.docx — never reached in 3 batch pass(es)
2026-09-30 06:20:44.885 | ERROR    | __main__:_convert_batched:1730 - [batch] FAIL: d6229441a5_0022208cff905cd74261067032c22afa148e0f63496c7f66__vs__a5f2b9318d_002aa60c2ae1187417b4b157c5ec6450324cc056ec551a12_redline_6e6d73057f_jubarte-093.docx — never reached in 3 batch pass(es)
2026-09-30 06:20:44.887 | ERROR    | __main__:_convert_batched:1730 - [batch] FAIL: d6229441a5_0022208cff905cd74261067032c22afa148e0f63496c7f66__vs__aa5340125d_00a4b0b91e9b5b072dc3771391c2d608518690eccf44eae8_redline_0cbbcaa7f0_jubarte-093.docx — never reached in 3 batch pass(es)
2026-09-30 06:20:44.888 | ERROR    | __main__:_convert_batched:1730 - [batch] FAIL: d6229441a5_0022208cff905cd74261067032c22afa148e0f63496c7f66__vs__bd3824dd1e_000ee64ef7226d353297888f59a251e24ce5d776fea000fa_redline_d1ee2400d5_jubarte-093.docx — never reached in 3 batch pass(es)
2026-09-30 06:20:44.890 | ERROR    | __main__:_convert_batched:1730 - [batch] FAIL: d6229441a5_0022208cff905cd74261067032c22afa148e0f63496c7f66__vs__deff0e697a_00b5defcad6e58038eac35472a2d48c89905068e5ece0cc3_redline_668dfd16e6_jubarte-093.docx — never reached in 3 batch pass(es)
2026-09-30 06:20:44.893 | ERROR    | __main__:_convert_batched:1730 - [batch] FAIL: d62736ce40_file_128__vs__f4faa3ad63_file_129_redline_273999fb38_jubarte-093.docx — never reached in 3 batch pass(es)
2026-09-30 06:20:44.917 | ERROR    | __main__:_convert_batched:1730 - [batch] FAIL: d6288bca2e_file_3__vs__840f6a63da_file_4_redline_3ebf5e5557_jubarte-093.docx — never reached in 3 batch pass(es)
2026-09-30 06:20:44.919 | ERROR    | __main__:_convert_batched:1730 - [batch] FAIL: d62983b275_file_39__vs__dc2d9eeccb_file_40_redline_08d3a2333d_jubarte-093.docx — never reached in 3 batch pass(es)
2026-09-30 06:20:44.920 | ERROR    | __main__:_convert_batched:1730 - [batch] FAIL: d63c7c81b4_e94a7575d2845d5df867e783dc0c3844831f8ac239e7f06a__vs__8aec02a407_108bb53cfeeba999fe4bea2d59c47d0a4a38f59d4cf45ac3_redline_297a67d458_jubarte-093.docx — never reached in 3 batch pass(es)
2026-09-30 06:20:44.921 | ERROR    | __main__:_convert_batched:1730 - [batch] FAIL: d678cb4275_super_editor__blank_doc_b2a325e7__vs__7962b06671_super_editor__bookmark_use_cases_d20f31f6_redline_12d29cabe0_jubarte-093.docx — never reached in 3 batch pass(es)
2026-09-30 06:20:44.922 | ERROR    | __main__:_convert_batched:1730 - [batch] FAIL: d678cb4275_super_editor__blank_doc_b2a325e7__vs__89b44c96a7_super_editor__sdts_basic_45263ca5_redline_0efa049487_jubarte-093.docx — never reached in 3 batch pass(es)
2026-09-30 06:20:44.923 | ERROR    | __main__:_convert_batched:1730 - [batch] FAIL: d67eb781ac_italic_text_formatting_demo_id_paraid_overflow__vs__5a7af5153a_italic_underline_combined_demo_id_paraid_overflo_redline_ab12f32d61_jubarte-093.docx — never reached in 3 batch pass(es)
2026-09-30 06:20:44.926 | ERROR    | __main__:_convert_batched:1730 - [batch] FAIL: d6a1c42901_super_editor__diff_before16_f518c031__vs__0e08fd6d80_super_editor__diff_before19_97e0f4e6_redline_0868ef9501_jubarte-093.docx — never reached in 3 batch pass(es)
2026-09-30 06:20:44.928 | ERROR    | __main__:_convert_batched:1730 - [batch] FAIL: d6ba4fabd2_file_17__vs__ed0aa93b58_file_18_redline_3bc839e440_jubarte-093.docx — never reached in 3 batch pass(es)
2026-09-30 06:20:44.929 | ERROR    | __main__:_convert_batched:1730 - [batch] FAIL: d6bd58bac2_behavior__math_nary_tests_dde91168__vs__e6fdfb6f2f_behavior__math_phantom_tests_263131a8_redline_d83a0cf466_jubarte-093.docx — never reached in 3 batch pass(es)
2026-09-30 06:20:44.931 | ERROR    | __main__:_convert_batched:1730 - [batch] FAIL: d6ef87dca7_budget_report_q1_2026_suggesting_insertions__vs__c63bc323ce_bullet_list_bold_demo_id_paraid_overflow_redline_d90c6d15c6_jubarte-093.docx — never reached in 3 batch pass(es)
2026-09-30 06:20:44.933 | ERROR    | __main__:_convert_batched:1730 - [batch] FAIL: d72fd74138_super_editor__ooxml_color_rstyle_linked_combos_d__vs__fd68f70f24_super_editor__ooxml_highlight_rstyle_linked_comb_redline_4b58ae9bb4_jubarte-093.docx — never reached in 3 batch pass(es)
2026-09-30 06:20:44.935 | ERROR    | __main__:_convert_batched:1730 - [batch] FAIL: d73737e359_file_195__vs__badc3ff7cc_file_196_redline_160580d245_jubarte-093.docx — never reached in 3 batch pass(es)
2026-09-30 06:20:44.936 | ERROR    | __main__:_convert_batched:1730 - [batch] FAIL: d7458be405_ac850c4ad0ef9f18aaf445fab4b43d7459ab021b787e9cad__vs__427d7a2d2d_7e8d9f20dd82c00a2859abf9b9376f0135d127718ca9891e_redline_224f62fecb_jubarte-093.docx — never reached in 3 batch pass(es)
2026-09-30 06:20:44.938 | ERROR    | __main__:_convert_batched:1730 - [batch] FAIL: d74d507271_heading_3_style_demo_id_paraid_overflow__vs__2e3c742956_heading_4_right_italic_id_paraid_overflow_redline_60c2a0122c_jubarte-093.docx — never reached in 3 batch pass(es)
2026-09-30 06:20:44.940 | ERROR    | __main__:_convert_batched:1730 - [batch] FAIL: d776ad9be7_super_editor__multi_section_doc_080d2655__vs__1c5bd81def_super_editor__multiple_nodes_in_list_79d915a2_redline_2fb2572c2e_jubarte-093.docx — never reached in 3 batch pass(es)
2026-09-30 06:20:44.942 | ERROR    | __main__:_convert_batched:1730 - [batch] FAIL: d776ad9be7_super_editor__multi_section_doc_080d2655__vs__e81d1fa10c_behavior__pageref_standalone_uppercase_h_7701e07_redline_4117d8340b_jubarte-093.docx — never reached in 3 batch pass(es)
2026-09-30 06:20:44.943 | ERROR    | __main__:_convert_batched:1730 - [batch] FAIL: d7c6d7eb36_green_underline_bullet_list_id_paraid_overflow__vs__4dff3f0ab2_heading_1_bold_demo_id_paraid_overflow_redline_b9ff71bba4_jubarte-093.docx — never reached in 3 batch pass(es)
2026-09-30 06:20:44.945 | ERROR    | __main__:_convert_batched:1730 - [batch] FAIL: d7c6d7eb36_green_underline_bullet_list_id_paraid_overflow__vs__c5763a90ce_header_no_rels_redline_1b7bd516c0_jubarte-093.docx — never reached in 3 batch pass(es)
2026-09-30 06:20:44.946 | ERROR    | __main__:_convert_batched:1730 - [batch] FAIL: d7ff239301_verdana_bold_large_font_id_paraid_overflow__vs__0e9f510da4_verdana_font_demo_id_paraid_overflow_2_redline_f41944e3ec_jubarte-093.docx — never reached in 3 batch pass(es)
2026-09-30 06:20:44.948 | ERROR    | __main__:_convert_batched:1730 - [batch] FAIL: d7ff239301_verdana_bold_large_font_id_paraid_overflow__vs__89991e3aac_verdana_font_demo_id_paraid_overflow_redline_57a5d8f118_jubarte-093.docx — never reached in 3 batch pass(es)
2026-09-30 06:20:44.950 | ERROR    | __main__:_convert_batched:1730 - [batch] FAIL: d86ec4bf8f_bold_red_text_combo_id_paraid_overflow__vs__c5b63f5273_bold_superscript_demo_style_default_missing_redline_910740cdcc_jubarte-093.docx — never reached in 3 batch pass(es)
2026-09-30 06:20:44.952 | ERROR    | __main__:_convert_batched:1730 - [batch] FAIL: d87d0dd9a8_file_76__vs__68526de79b_file_77_redline_133a1a1e42_jubarte-093.docx — never reached in 3 batch pass(es)
2026-09-30 06:20:44.953 | ERROR    | __main__:_convert_batched:1730 - [batch] FAIL: d8eda36137_file_34__vs__af5e239443_file_35_redline_09e86d8ba9_jubarte-093.docx — never reached in 3 batch pass(es)
2026-09-30 06:20:44.955 | ERROR    | __main__:_convert_batched:1730 - [batch] FAIL: d8f8e09b6e_file_125__vs__1ea717ddd6_file_126_redline_0389c885c1_jubarte-093.docx — never reached in 3 batch pass(es)
2026-09-30 06:20:44.956 | ERROR    | __main__:_convert_batched:1730 - [batch] FAIL: d9321981c0_4152fc2c61833859abf17195561c7b789ee5f2672881e477__vs__c0244672eb_45b4c6e76930adcb64f88166517b8bfc7e7c963a1a342b4c_redline_4b66d5f6e9_jubarte-093.docx — never reached in 3 batch pass(es)
2026-09-30 06:20:44.957 | ERROR    | __main__:_convert_batched:1730 - [batch] FAIL: d93f1dafca_sample_document_word_repair_of_our_output_iter2__vs__970fd9303f_sample_document_word_repair_of_our_output_word_r_redline_ace788a217_jubarte-093.docx — never reached in 3 batch pass(es)
2026-09-30 06:20:44.959 | ERROR    | __main__:_convert_batched:1730 - [batch] FAIL: d94f1115a7_file_152__vs__b318dafe66_file_153_redline_a816fdc8d9_jubarte-093.docx — never reached in 3 batch pass(es)
2026-09-30 06:20:44.960 | ERROR    | __main__:_convert_batched:1730 - [batch] FAIL: d9947eda5e_strikethrough_and_italic_combo_id_paraid_overflo__vs__cc8fe57f46_strikethrough_bold_demo_id_paraid_overflow_redline_4240c86ddb_jubarte-093.docx — never reached in 3 batch pass(es)
2026-09-30 06:20:44.963 | ERROR    | __main__:_convert_batched:1730 - [batch] FAIL: d996bef4c8_docx_lots_of_comments_addition_removal_redline__vs__bcae83f080_docx_lots_of_comments_addition_removal_redline_af1d2b843d_jubarte-093.docx — never reached in 3 batch pass(es)
2026-09-30 06:20:44.965 | ERROR    | __main__:_convert_batched:1730 - [batch] FAIL: d9cd734a9d_calibri_heading_2_right_id_paraid_overflow__vs__4bc7274333_center_aligned_bold_text_id_paraid_overflow_redline_0deff960e1_jubarte-093.docx — never reached in 3 batch pass(es)
2026-09-30 06:20:44.968 | ERROR    | __main__:_convert_batched:1730 - [batch] FAIL: da0d11d072_file_23__vs__18b0cf8b48_file_24_redline_e33437ea5f_jubarte-093.docx — never reached in 3 batch pass(es)
2026-09-30 06:20:44.969 | ERROR    | __main__:_convert_batched:1730 - [batch] FAIL: da1c3af0e0_250744bec97b45c445cac252da1aa0372e31c1fc8ca3fdc3__vs__d556f5f45b_5dc0680e3d155bb0cecd3e5dfcfae46baafc12e2e6659a70_redline_d883adc484_jubarte-093.docx — never reached in 3 batch pass(es)
2026-09-30 06:20:44.971 | ERROR    | __main__:_convert_batched:1730 - [batch] FAIL: da2ab05f0b_file_50__vs__583fd6d9cb_file_51_redline_99430d9c30_jubarte-093.docx — never reached in 3 batch pass(es)
2026-09-30 06:20:44.972 | ERROR    | __main__:_convert_batched:1730 - [batch] FAIL: da68abdf72_blue_centered_title_demo_style_default_missing__vs__6a4d8ea70c_blue_italic_text_demo_id_paraid_overflow_redline_15f013e680_jubarte-093.docx — never reached in 3 batch pass(es)
2026-09-30 06:20:44.975 | ERROR    | __main__:_convert_batched:1730 - [batch] FAIL: dab21ab21f_602f0dda46268a3316770fda51ab3a6649cc2d389000e3d9__vs__8c010ff2c5_3b89226c167b882562c5ad6dbe93dac0dcbeaf9ee9619f05_redline_2ceeca3948_jubarte-093.docx — never reached in 3 batch pass(es)
2026-09-30 06:20:44.976 | ERROR    | __main__:_convert_batched:1730 - [batch] FAIL: dab313767f_red_heading_demo_id_paraid_overflow__vs__ba06c848cd_red_strikethrough_demo_style_default_missing_redline_645206eff8_jubarte-093.docx — never reached in 3 batch pass(es)
2026-09-30 06:20:44.978 | ERROR    | __main__:_convert_batched:1730 - [batch] FAIL: dabf50d5d5_0071cf0910cc71fed86712d86afe96a45cf5c937af9aa006__vs__1424386e9b_017447de83753a0e3b7afc659df038ef56972925336c6a5b_redline_5d6ae5ad0c_jubarte-093.docx — never reached in 3 batch pass(es)
2026-09-30 06:20:44.979 | ERROR    | __main__:_convert_batched:1730 - [batch] FAIL: dabf50d5d5_0071cf0910cc71fed86712d86afe96a45cf5c937af9aa006__vs__2773adf157_0004c94ca2a8684d47449bb0e7abf87de1df71a7e6543252_redline_22e2c276ac_jubarte-093.docx — never reached in 3 batch pass(es)
2026-09-30 06:20:44.980 | ERROR    | __main__:_convert_batched:1730 - [batch] FAIL: dabf50d5d5_0071cf0910cc71fed86712d86afe96a45cf5c937af9aa006__vs__2e04202552_000e3e7bd2d6215fc7b469cc3e296c1b2a510bc1abc7e0fd_redline_7ebe43c5c3_jubarte-093.docx — never reached in 3 batch pass(es)
2026-09-30 06:20:44.982 | ERROR    | __main__:_convert_batched:1730 - [batch] FAIL: dabf50d5d5_0071cf0910cc71fed86712d86afe96a45cf5c937af9aa006__vs__333bfe069a_003416d620331122b93b434dad901db5836f60d2cad4b533_redline_af8426400b_jubarte-093.docx — never reached in 3 batch pass(es)
2026-09-30 06:20:44.985 | ERROR    | __main__:_convert_batched:1730 - [batch] FAIL: dabf50d5d5_0071cf0910cc71fed86712d86afe96a45cf5c937af9aa006__vs__342f364d46_001342333d45627868f4dc5282abbba4598a91b4a7584b08_redline_c0cedbcb4c_jubarte-093.docx — never reached in 3 batch pass(es)
2026-09-30 06:20:44.987 | ERROR    | __main__:_convert_batched:1730 - [batch] FAIL: dabf50d5d5_0071cf0910cc71fed86712d86afe96a45cf5c937af9aa006__vs__5203829c7a_001cc92b88566d5f930fe57f25813c0bf52a7bdc72c217d0_redline_1fadb8e6ce_jubarte-093.docx — never reached in 3 batch pass(es)
2026-09-30 06:20:44.989 | ERROR    | __main__:_convert_batched:1730 - [batch] FAIL: dabf50d5d5_0071cf0910cc71fed86712d86afe96a45cf5c937af9aa006__vs__a5f2b9318d_002aa60c2ae1187417b4b157c5ec6450324cc056ec551a12_redline_712a7baac9_jubarte-093.docx — never reached in 3 batch pass(es)
2026-09-30 06:20:44.992 | ERROR    | __main__:_convert_batched:1730 - [batch] FAIL: dabf50d5d5_0071cf0910cc71fed86712d86afe96a45cf5c937af9aa006__vs__aa5340125d_00a4b0b91e9b5b072dc3771391c2d608518690eccf44eae8_redline_8276bf6a07_jubarte-093.docx — never reached in 3 batch pass(es)
2026-09-30 06:20:44.995 | ERROR    | __main__:_convert_batched:1730 - [batch] FAIL: dabf50d5d5_0071cf0910cc71fed86712d86afe96a45cf5c937af9aa006__vs__bd3824dd1e_000ee64ef7226d353297888f59a251e24ce5d776fea000fa_redline_b445ea52f3_jubarte-093.docx — never reached in 3 batch pass(es)
2026-09-30 06:20:44.996 | ERROR    | __main__:_convert_batched:1730 - [batch] FAIL: dabf50d5d5_0071cf0910cc71fed86712d86afe96a45cf5c937af9aa006__vs__deff0e697a_00b5defcad6e58038eac35472a2d48c89905068e5ece0cc3_redline_ee62e16f5f_jubarte-093.docx — never reached in 3 batch pass(es)
2026-09-30 06:20:44.998 | ERROR    | __main__:_convert_batched:1730 - [batch] FAIL: daf1fa36c0_red_bold_heading_demo_style_default_missing__vs__3e33de961a_red_bold_text_demo_id_paraid_overflow_redline_2648efbf3a_jubarte-093.docx — never reached in 3 batch pass(es)
2026-09-30 06:20:44.999 | ERROR    | __main__:_convert_batched:1730 - [batch] FAIL: db58606d21_ea89a0fd6027d4b8e4d9e2700565ab56eea566e56c37b709__vs__f674383583_0a13797c389da172501896a9b68dd7d748a608831c242794_redline_3a4ab865d1_jubarte-093.docx — never reached in 3 batch pass(es)
2026-09-30 06:20:45.001 | ERROR    | __main__:_convert_batched:1730 - [batch] FAIL: db6a0b6f7a_7a2b4cfb614044966a2ecec65892fac70d6edfab784e7138__vs__b6ba6a6fcf_7eb842c8b5bd1e2a6a3f0cf79b76c74f77da2897a7cb7add_redline_64fdc8895b_jubarte-093.docx — never reached in 3 batch pass(es)
2026-09-30 06:20:45.002 | ERROR    | __main__:_convert_batched:1730 - [batch] FAIL: dc0cc27640_00749d7a966661b332df84521285ab93426ed3a255523f39__vs__1424386e9b_017447de83753a0e3b7afc659df038ef56972925336c6a5b_redline_b624ac3167_jubarte-093.docx — never reached in 3 batch pass(es)
2026-09-30 06:20:45.003 | ERROR    | __main__:_convert_batched:1730 - [batch] FAIL: dc0cc27640_00749d7a966661b332df84521285ab93426ed3a255523f39__vs__2773adf157_0004c94ca2a8684d47449bb0e7abf87de1df71a7e6543252_redline_4591e9753b_jubarte-093.docx — never reached in 3 batch pass(es)
2026-09-30 06:20:45.004 | ERROR    | __main__:_convert_batched:1730 - [batch] FAIL: dc0cc27640_00749d7a966661b332df84521285ab93426ed3a255523f39__vs__2e04202552_000e3e7bd2d6215fc7b469cc3e296c1b2a510bc1abc7e0fd_redline_e61238bd61_jubarte-093.docx — never reached in 3 batch pass(es)
2026-09-30 06:20:45.005 | ERROR    | __main__:_convert_batched:1730 - [batch] FAIL: dc0cc27640_00749d7a966661b332df84521285ab93426ed3a255523f39__vs__333bfe069a_003416d620331122b93b434dad901db5836f60d2cad4b533_redline_9927a758f4_jubarte-093.docx — never reached in 3 batch pass(es)
2026-09-30 06:20:45.007 | ERROR    | __main__:_convert_batched:1730 - [batch] FAIL: dc0cc27640_00749d7a966661b332df84521285ab93426ed3a255523f39__vs__342f364d46_001342333d45627868f4dc5282abbba4598a91b4a7584b08_redline_de3fd1e089_jubarte-093.docx — never reached in 3 batch pass(es)
2026-09-30 06:20:45.009 | ERROR    | __main__:_convert_batched:1730 - [batch] FAIL: dc0cc27640_00749d7a966661b332df84521285ab93426ed3a255523f39__vs__5203829c7a_001cc92b88566d5f930fe57f25813c0bf52a7bdc72c217d0_redline_e8b19581fa_jubarte-093.docx — never reached in 3 batch pass(es)
2026-09-30 06:20:45.010 | ERROR    | __main__:_convert_batched:1730 - [batch] FAIL: dc0cc27640_00749d7a966661b332df84521285ab93426ed3a255523f39__vs__a5f2b9318d_002aa60c2ae1187417b4b157c5ec6450324cc056ec551a12_redline_d5bbbf45e3_jubarte-093.docx — never reached in 3 batch pass(es)
2026-09-30 06:20:45.012 | ERROR    | __main__:_convert_batched:1730 - [batch] FAIL: dc0cc27640_00749d7a966661b332df84521285ab93426ed3a255523f39__vs__aa5340125d_00a4b0b91e9b5b072dc3771391c2d608518690eccf44eae8_redline_f007ed2234_jubarte-093.docx — never reached in 3 batch pass(es)
2026-09-30 06:20:45.013 | ERROR    | __main__:_convert_batched:1730 - [batch] FAIL: dc0cc27640_00749d7a966661b332df84521285ab93426ed3a255523f39__vs__bd3824dd1e_000ee64ef7226d353297888f59a251e24ce5d776fea000fa_redline_4428350d59_jubarte-093.docx — never reached in 3 batch pass(es)
2026-09-30 06:20:45.014 | ERROR    | __main__:_convert_batched:1730 - [batch] FAIL: dc0cc27640_00749d7a966661b332df84521285ab93426ed3a255523f39__vs__deff0e697a_00b5defcad6e58038eac35472a2d48c89905068e5ece0cc3_redline_3c6ff98415_jubarte-093.docx — never reached in 3 batch pass(es)
2026-09-30 06:20:45.015 | ERROR    | __main__:_convert_batched:1730 - [batch] FAIL: dc2d9eeccb_file_40__vs__42df4a13aa_file_41_redline_cb0c07e105_jubarte-093.docx — never reached in 3 batch pass(es)
2026-09-30 06:20:45.017 | ERROR    | __main__:_convert_batched:1730 - [batch] FAIL: dc40c7300f_complex_style_attr__vs__eab8aeea1f_contract_review_suggesting_insertions_redline_f88098d013_jubarte-093.docx — never reached in 3 batch pass(es)
2026-09-30 06:20:45.017 | ERROR    | __main__:_convert_batched:1730 - [batch] FAIL: dc5d0f4350_f569a8b7a88800ca28451782130c35f897ec727ca8750a85__vs__ba6721eed7_1a61978f0ea0ee2ec6a626de46a977c15f84fe45e8c06d43_redline_cbf65aa629_jubarte-093.docx — never reached in 3 batch pass(es)
2026-09-30 06:20:45.020 | ERROR    | __main__:_convert_batched:1730 - [batch] FAIL: dc66d763bc_fec394f21f9976317331f424bc24fa626c64ef3eae731937__vs__7356457460_f71434771e5404921d041fe82138aad9b59627f3e83d1057_redline_70c30e926c_jubarte-093.docx — never reached in 3 batch pass(es)
2026-09-30 06:20:45.021 | ERROR    | __main__:_convert_batched:1730 - [batch] FAIL: dc6cf74a76_hr_onboarding_checklist_table__vs__308862bb53_i_am_sharing_microsoft_word_vs_google_docs_compr_redline_e10275b787_jubarte-093.docx — never reached in 3 batch pass(es)
2026-09-30 06:20:45.024 | ERROR    | __main__:_convert_batched:1730 - [batch] FAIL: dccd86b590_bold_text_formatting_demo_id_paraid_overflow_2__vs__54655f6dc4_bold_text_formatting_demo_id_paraid_overflow_redline_7d4eadac58_jubarte-093.docx — never reached in 3 batch pass(es)
2026-09-30 06:20:45.025 | ERROR    | __main__:_convert_batched:1730 - [batch] FAIL: dccd972179_file_142__vs__0483e899af_file_143_redline_0c5aa7e2b1_jubarte-093.docx — never reached in 3 batch pass(es)
2026-09-30 06:20:45.025 | ERROR    | __main__:_convert_batched:1730 - [batch] FAIL: dcee9f23ae_8f82a1a17d45527b203aae94e56227008fff487a866706c1__vs__f68348e67c_6f5dd23f809f9aac4460fcad9319090bf6b779f38a68f688_redline_295bf39150_jubarte-093.docx — never reached in 3 batch pass(es)
2026-09-30 06:20:45.026 | ERROR    | __main__:_convert_batched:1730 - [batch] FAIL: dcf7dd476f_super_editor__superdoc_table_tester_3b2de2e1__vs__9ef2a93274_super_editor__tab_alignment_test_184edb5d_redline_be202a3b7a_jubarte-093.docx — never reached in 3 batch pass(es)
2026-09-30 06:20:45.029 | ERROR    | __main__:_convert_batched:1730 - [batch] FAIL: dcf7dd476f_super_editor__superdoc_table_tester_3b2de2e1__vs__f89ff5989b_evals__nda_7f304918_redline_699b8c72c1_jubarte-093.docx — never reached in 3 batch pass(es)
2026-09-30 06:20:45.031 | ERROR    | __main__:_convert_batched:1730 - [batch] FAIL: dd0740a46d_f4b0f5de2361f5c7c4f1255df6c880c566d5739593fb71ad__vs__8a18def1d8_f357e874a1271b31697d8e291fdb56d6696ead9465213720_redline_8fd645df6f_jubarte-093.docx — never reached in 3 batch pass(es)
2026-09-30 06:20:45.034 | ERROR    | __main__:_convert_batched:1730 - [batch] FAIL: dd36ffac72_file_102__vs__a378be6fbe_file_103_redline_7acc1c7bb7_jubarte-093.docx — never reached in 3 batch pass(es)
2026-09-30 06:20:45.035 | ERROR    | __main__:_convert_batched:1730 - [batch] FAIL: dd6dbfb284_super_editor__diff_after2_fc1e0763__vs__14211b982b_super_editor__simple_ordered_list_8288421a_redline_6529d3bcd8_jubarte-093.docx — never reached in 3 batch pass(es)
2026-09-30 06:20:45.037 | ERROR    | __main__:_convert_batched:1730 - [batch] FAIL: dd6dbfb284_super_editor__diff_after2_fc1e0763__vs__c51843a182_super_editor__diff_after3_3f4fb6e8_redline_b443fb9207_jubarte-093.docx — never reached in 3 batch pass(es)
2026-09-30 06:20:45.038 | ERROR    | __main__:_convert_batched:1730 - [batch] FAIL: dd85373a71_008b84e05498068c49efc5a0b73f9d5ae7992f045de8c514__vs__1424386e9b_017447de83753a0e3b7afc659df038ef56972925336c6a5b_redline_5197653693_jubarte-093.docx — never reached in 3 batch pass(es)
2026-09-30 06:20:45.039 | ERROR    | __main__:_convert_batched:1730 - [batch] FAIL: dd85373a71_008b84e05498068c49efc5a0b73f9d5ae7992f045de8c514__vs__2773adf157_0004c94ca2a8684d47449bb0e7abf87de1df71a7e6543252_redline_717c57bbca_jubarte-093.docx — never reached in 3 batch pass(es)
2026-09-30 06:20:45.042 | ERROR    | __main__:_convert_batched:1730 - [batch] FAIL: dd85373a71_008b84e05498068c49efc5a0b73f9d5ae7992f045de8c514__vs__2e04202552_000e3e7bd2d6215fc7b469cc3e296c1b2a510bc1abc7e0fd_redline_710426a66c_jubarte-093.docx — never reached in 3 batch pass(es)
2026-09-30 06:20:45.044 | ERROR    | __main__:_convert_batched:1730 - [batch] FAIL: dd85373a71_008b84e05498068c49efc5a0b73f9d5ae7992f045de8c514__vs__333bfe069a_003416d620331122b93b434dad901db5836f60d2cad4b533_redline_18b8ae1706_jubarte-093.docx — never reached in 3 batch pass(es)
2026-09-30 06:20:45.047 | ERROR    | __main__:_convert_batched:1730 - [batch] FAIL: dd85373a71_008b84e05498068c49efc5a0b73f9d5ae7992f045de8c514__vs__342f364d46_001342333d45627868f4dc5282abbba4598a91b4a7584b08_redline_eec0e628c9_jubarte-093.docx — never reached in 3 batch pass(es)
2026-09-30 06:20:45.052 | ERROR    | __main__:_convert_batched:1730 - [batch] FAIL: dd85373a71_008b84e05498068c49efc5a0b73f9d5ae7992f045de8c514__vs__5203829c7a_001cc92b88566d5f930fe57f25813c0bf52a7bdc72c217d0_redline_10f5d0ee17_jubarte-093.docx — never reached in 3 batch pass(es)
2026-09-30 06:20:45.053 | ERROR    | __main__:_convert_batched:1730 - [batch] FAIL: dd85373a71_008b84e05498068c49efc5a0b73f9d5ae7992f045de8c514__vs__a5f2b9318d_002aa60c2ae1187417b4b157c5ec6450324cc056ec551a12_redline_f89b2e8365_jubarte-093.docx — never reached in 3 batch pass(es)
2026-09-30 06:20:45.055 | ERROR    | __main__:_convert_batched:1730 - [batch] FAIL: dd85373a71_008b84e05498068c49efc5a0b73f9d5ae7992f045de8c514__vs__aa5340125d_00a4b0b91e9b5b072dc3771391c2d608518690eccf44eae8_redline_c9e5aa6529_jubarte-093.docx — never reached in 3 batch pass(es)
2026-09-30 06:20:45.057 | ERROR    | __main__:_convert_batched:1730 - [batch] FAIL: dd85373a71_008b84e05498068c49efc5a0b73f9d5ae7992f045de8c514__vs__bd3824dd1e_000ee64ef7226d353297888f59a251e24ce5d776fea000fa_redline_9271515406_jubarte-093.docx — never reached in 3 batch pass(es)
2026-09-30 06:20:45.060 | ERROR    | __main__:_convert_batched:1730 - [batch] FAIL: dd85373a71_008b84e05498068c49efc5a0b73f9d5ae7992f045de8c514__vs__deff0e697a_00b5defcad6e58038eac35472a2d48c89905068e5ece0cc3_redline_434990bdb3_jubarte-093.docx — never reached in 3 batch pass(es)
2026-09-30 06:20:45.061 | ERROR    | __main__:_convert_batched:1730 - [batch] FAIL: dd9c48af48_2239b06c2a4d399cef8befe79b1fbea969cac79f1f994a24__vs__4a0a25d62c_02cbcefb8dc888f4ba5d051f869b3d23d3bebeed4fda49fd_redline_5fab6dba51_jubarte-093.docx — never reached in 3 batch pass(es)
2026-09-30 06:20:45.063 | ERROR    | __main__:_convert_batched:1730 - [batch] FAIL: ddfa313a5f_super_editor__list_with_break_from_word_5cc0d638__vs__420a528aa0_super_editor__instrtext_angled_brackets_bug_ed56_redline_931691a601_jubarte-093.docx — never reached in 3 batch pass(es)
2026-09-30 06:20:45.065 | ERROR    | __main__:_convert_batched:1730 - [batch] FAIL: ddfa313a5f_super_editor__list_with_break_from_word_5cc0d638__vs__a24b3782e4_super_editor__list_with_table_break_ff0c4c1f_redline_9c011bc33d_jubarte-093.docx — never reached in 3 batch pass(es)
2026-09-30 06:20:45.065 | ERROR    | __main__:_convert_batched:1730 - [batch] FAIL: ddfaf8c480_line_spacing_demo_id_paraid_overflow__vs__ea970f238e_marketing_strategy_2026_suggesting_insertions_redline_047b4c0dba_jubarte-093.docx — never reached in 3 batch pass(es)
2026-09-30 06:20:45.067 | ERROR    | __main__:_convert_batched:1730 - [batch] FAIL: de2a4c9936_marketing_strategy_2026_suggesting_insertions__vs__90e2c33814_meeting_agenda_table_2_redline_cf4189e197_jubarte-093.docx — never reached in 3 batch pass(es)
2026-09-30 06:20:45.069 | ERROR    | __main__:_convert_batched:1730 - [batch] FAIL: de3c6fded9_super_editor__doc_with_spacing_e3d47bd7__vs__7692b33045_super_editor__list_with_break_exported_broken_45_redline_8084ef19f0_jubarte-093.docx — never reached in 3 batch pass(es)
2026-09-30 06:20:45.071 | ERROR    | __main__:_convert_batched:1730 - [batch] FAIL: de3c6fded9_super_editor__doc_with_spacing_e3d47bd7__vs__de8054b3bc_super_editor__image_p_spacing_9b211fd7_redline_4cfbb558a3_jubarte-093.docx — never reached in 3 batch pass(es)
2026-09-30 06:20:45.073 | ERROR    | __main__:_convert_batched:1730 - [batch] FAIL: de3c6fded9_super_editor__doc_with_spacing_e3d47bd7__vs__e8d299e041_super_editor__dropcaps_520cd049_redline_84b1a5774e_jubarte-093.docx — never reached in 3 batch pass(es)
2026-09-30 06:20:45.075 | ERROR    | __main__:_convert_batched:1730 - [batch] FAIL: de8054b3bc_super_editor__image_p_spacing_9b211fd7__vs__420a528aa0_super_editor__instrtext_angled_brackets_bug_ed56_redline_639d40ef20_jubarte-093.docx — never reached in 3 batch pass(es)
2026-09-30 06:20:45.077 | ERROR    | __main__:_convert_batched:1730 - [batch] FAIL: de8054b3bc_super_editor__image_p_spacing_9b211fd7__vs__e8d299e041_super_editor__dropcaps_520cd049_redline_0a268c59fc_jubarte-093.docx — never reached in 3 batch pass(es)
2026-09-30 06:20:45.079 | ERROR    | __main__:_convert_batched:1730 - [batch] FAIL: df097720f7_file_131__vs__3c60cce945_file_132_redline_4eff11f045_jubarte-093.docx — never reached in 3 batch pass(es)
2026-09-30 06:20:45.081 | ERROR    | __main__:_convert_batched:1730 - [batch] FAIL: df3c3e7c40_behavior__math_func_tests_0434dd11__vs__4edcbf241a_behavior__math_groupchr_tests_4a4970fc_redline_9ef7f0f9d2_jubarte-093.docx — never reached in 3 batch pass(es)
2026-09-30 06:20:45.082 | ERROR    | __main__:_convert_batched:1730 - [batch] FAIL: df3c3e7c40_behavior__math_func_tests_0434dd11__vs__7c87c9cd93_super_editor__complex_list_def_short_fde20a67_redline_07538260d7_jubarte-093.docx — never reached in 3 batch pass(es)
2026-09-30 06:20:45.087 | ERROR    | __main__:_convert_batched:1730 - [batch] FAIL: df5f785d0e_track_changes_suggesting_heading_id_paraid_overf__vs__5bda783eb2_track_changes_suggesting_italic_id_paraid_overfl_redline_70a9751540_jubarte-093.docx — never reached in 3 batch pass(es)
2026-09-30 06:20:45.091 | ERROR    | __main__:_convert_batched:1730 - [batch] FAIL: df9ffe9a8c_file_16__vs__ec900bd182_file_17_redline_f8286525f6_jubarte-093.docx — never reached in 3 batch pass(es)
2026-09-30 06:20:45.092 | ERROR    | __main__:_convert_batched:1730 - [batch] FAIL: dfa2ef3eca_4a9c82a108ab0a6e02adfcb1b7c40eca14c15c235601b43b__vs__9dade723b7_2da9c613cbce9974bbec12df723d6d4f5589af94e5cebbd6_redline_781108f31a_jubarte-093.docx — never reached in 3 batch pass(es)
2026-09-30 06:20:45.094 | ERROR    | __main__:_convert_batched:1730 - [batch] FAIL: e06360ad93_895dbdb5cb68e336d5f090a2e2db02328ed308aa8ddad9a8__vs__13b4616434_03a526d1d0d4fc425eae01a06f59f62b887b13a5cfbbbde5_redline_c5163ef00a_jubarte-093.docx — never reached in 3 batch pass(es)
2026-09-30 06:20:45.097 | ERROR    | __main__:_convert_batched:1730 - [batch] FAIL: e0c027b1ca_meeting_agenda_table__vs__87f3bff234_meeting_minutes_id_paraid_overflow_redline_1a0e553bcd_jubarte-093.docx — never reached in 3 batch pass(es)
2026-09-30 06:20:45.098 | ERROR    | __main__:_convert_batched:1730 - [batch] FAIL: e0c966e5ff_file_83__vs__0619bc1b1d_file_84_redline_ef42391c98_jubarte-093.docx — never reached in 3 batch pass(es)
2026-09-30 06:20:45.100 | ERROR    | __main__:_convert_batched:1730 - [batch] FAIL: e0e59cf962_track_changes_suggesting_heading_id_paraid_overf__vs__438e423482_track_changes_suggesting_italic_id_paraid_overfl_redline_401b6671a7_jubarte-093.docx — never reached in 3 batch pass(es)
2026-09-30 06:20:45.102 | ERROR    | __main__:_convert_batched:1730 - [batch] FAIL: e0e6c96bb7_heading_3_style_demo_id_paraid_overflow__vs__8c730b5c80_heading_4_right_italic_id_paraid_overflow_redline_2e47503344_jubarte-093.docx — never reached in 3 batch pass(es)
2026-09-30 06:20:45.103 | ERROR    | __main__:_convert_batched:1730 - [batch] FAIL: e0f4b08c23_83f64817282408df4115d6b1ef633eae270e12369098f8bb__vs__f94c56aefc_5da228de557ae69509564519e7e940c13f94199ac4cbd002_redline_6d23548b54_jubarte-093.docx — never reached in 3 batch pass(es)
2026-09-30 06:20:45.105 | ERROR    | __main__:_convert_batched:1730 - [batch] FAIL: e1047ee31c_97e599309df89c311961a7d44aeb414231354ebe786ba2a0__vs__0278e9298d_f3a3a94e08be4e5cce05139444d92dfbfc60bfe1ad839671_redline_8ebf34fee2_jubarte-093.docx — never reached in 3 batch pass(es)
2026-09-30 06:20:45.107 | ERROR    | __main__:_convert_batched:1730 - [batch] FAIL: e11fc429b2_29540ef11ec3fc04ba1bca353f5140559c4b03e76516c7a7__vs__0f6e71381a_7057d180ffd30c96a71aa95e32993d39bf2e59a1eff850b7_redline_b461d6f797_jubarte-093.docx — never reached in 3 batch pass(es)
2026-09-30 06:20:45.108 | ERROR    | __main__:_convert_batched:1730 - [batch] FAIL: e1201c51d4_italic_subscript_demo_style_default_missing__vs__3fc14675e5_italic_text_formatting_demo_id_paraid_overflow_2_redline_80188ee236_jubarte-093.docx — never reached in 3 batch pass(es)
2026-09-30 06:20:45.109 | ERROR    | __main__:_convert_batched:1730 - [batch] FAIL: e124592dd0_e8735707c6583763f32f7f53c7c73aaa1e555ea8afae61dc__vs__23b2146e32_1461cd3e23ccb24ba6585120b146d4148bfe03b4d38be305_redline_7825f4bf9e_jubarte-093.docx — never reached in 3 batch pass(es)
2026-09-30 06:20:45.110 | ERROR    | __main__:_convert_batched:1730 - [batch] FAIL: e12998d969_31a07e63d6c64e6c910dd78dd0cd0daf230c123da91e19fd__vs__c4fca65332_c3ea38d80a2751db02d15f6c9d06ee440d9265ab5cd44858_redline_f530e02882_jubarte-093.docx — never reached in 3 batch pass(es)
2026-09-30 06:20:45.111 | ERROR    | __main__:_convert_batched:1730 - [batch] FAIL: e137a3db25_file_140__vs__0f5a806b4c_file_141_redline_421d863d4e_jubarte-093.docx — never reached in 3 batch pass(es)
2026-09-30 06:20:45.113 | ERROR    | __main__:_convert_batched:1730 - [batch] FAIL: e1736e61c5_italic_underline_combined_demo_id_paraid_overflo__vs__516ae5b317_justified_underline_demo_id_paraid_overflow_redline_0a5a39916e_jubarte-093.docx — never reached in 3 batch pass(es)
2026-09-30 06:20:45.114 | ERROR    | __main__:_convert_batched:1730 - [batch] FAIL: e1771b0063_word_tolerated_misplaced_uipriority__vs__cbb3bab843_word_tolerated_orphan_comment_redline_6532beda4d_jubarte-093.docx — never reached in 3 batch pass(es)
2026-09-30 06:20:45.116 | ERROR    | __main__:_convert_batched:1730 - [batch] FAIL: e1c745d784_008243ee20adecbf2ae39c9e6809b022076aa166a4a4f9ec__vs__1424386e9b_017447de83753a0e3b7afc659df038ef56972925336c6a5b_redline_ad9991c93b_jubarte-093.docx — never reached in 3 batch pass(es)
2026-09-30 06:20:45.118 | ERROR    | __main__:_convert_batched:1730 - [batch] FAIL: e1c745d784_008243ee20adecbf2ae39c9e6809b022076aa166a4a4f9ec__vs__2773adf157_0004c94ca2a8684d47449bb0e7abf87de1df71a7e6543252_redline_bdd82eb64d_jubarte-093.docx — never reached in 3 batch pass(es)
2026-09-30 06:20:45.126 | ERROR    | __main__:_convert_batched:1730 - [batch] FAIL: e1c745d784_008243ee20adecbf2ae39c9e6809b022076aa166a4a4f9ec__vs__2e04202552_000e3e7bd2d6215fc7b469cc3e296c1b2a510bc1abc7e0fd_redline_e955dc97c5_jubarte-093.docx — never reached in 3 batch pass(es)
2026-09-30 06:20:45.129 | ERROR    | __main__:_convert_batched:1730 - [batch] FAIL: e1c745d784_008243ee20adecbf2ae39c9e6809b022076aa166a4a4f9ec__vs__333bfe069a_003416d620331122b93b434dad901db5836f60d2cad4b533_redline_ef88f5b119_jubarte-093.docx — never reached in 3 batch pass(es)
2026-09-30 06:20:45.130 | ERROR    | __main__:_convert_batched:1730 - [batch] FAIL: e1c745d784_008243ee20adecbf2ae39c9e6809b022076aa166a4a4f9ec__vs__342f364d46_001342333d45627868f4dc5282abbba4598a91b4a7584b08_redline_f2d5c31673_jubarte-093.docx — never reached in 3 batch pass(es)
2026-09-30 06:20:45.131 | ERROR    | __main__:_convert_batched:1730 - [batch] FAIL: e1c745d784_008243ee20adecbf2ae39c9e6809b022076aa166a4a4f9ec__vs__5203829c7a_001cc92b88566d5f930fe57f25813c0bf52a7bdc72c217d0_redline_3126b6b3e9_jubarte-093.docx — never reached in 3 batch pass(es)
2026-09-30 06:20:45.132 | ERROR    | __main__:_convert_batched:1730 - [batch] FAIL: e1c745d784_008243ee20adecbf2ae39c9e6809b022076aa166a4a4f9ec__vs__a5f2b9318d_002aa60c2ae1187417b4b157c5ec6450324cc056ec551a12_redline_1d701da57f_jubarte-093.docx — never reached in 3 batch pass(es)
2026-09-30 06:20:45.133 | ERROR    | __main__:_convert_batched:1730 - [batch] FAIL: e1c745d784_008243ee20adecbf2ae39c9e6809b022076aa166a4a4f9ec__vs__aa5340125d_00a4b0b91e9b5b072dc3771391c2d608518690eccf44eae8_redline_4b8e914996_jubarte-093.docx — never reached in 3 batch pass(es)
2026-09-30 06:20:45.135 | ERROR    | __main__:_convert_batched:1730 - [batch] FAIL: e1c745d784_008243ee20adecbf2ae39c9e6809b022076aa166a4a4f9ec__vs__bd3824dd1e_000ee64ef7226d353297888f59a251e24ce5d776fea000fa_redline_cbe8b159d8_jubarte-093.docx — never reached in 3 batch pass(es)
2026-09-30 06:20:45.139 | ERROR    | __main__:_convert_batched:1730 - [batch] FAIL: e1c745d784_008243ee20adecbf2ae39c9e6809b022076aa166a4a4f9ec__vs__deff0e697a_00b5defcad6e58038eac35472a2d48c89905068e5ece0cc3_redline_78beb60a00_jubarte-093.docx — never reached in 3 batch pass(es)
2026-09-30 06:20:45.141 | ERROR    | __main__:_convert_batched:1730 - [batch] FAIL: e1f382e06c_c512809c25bd7361b876bd88b03147374825a08ffa6c421b__vs__913a803ec0_a483c05b535722ddc8401af50faf88e818b8c9e8730f3734_redline_86a8674d54_jubarte-093.docx — never reached in 3 batch pass(es)
2026-09-30 06:20:45.143 | ERROR    | __main__:_convert_batched:1730 - [batch] FAIL: e1f631e28a_green_highlight_demo_id_paraid_overflow__vs__d7c6d7eb36_green_underline_bullet_list_id_paraid_overflow_redline_27fe57b836_jubarte-093.docx — never reached in 3 batch pass(es)
2026-09-30 06:20:45.144 | ERROR    | __main__:_convert_batched:1730 - [batch] FAIL: e29df71807_bold_underline_highlight_demo_id_paraid_overflow__vs__4c0d04c85d_book_catalog_id_paraid_overflow_redline_385d51f24e_jubarte-093.docx — never reached in 3 batch pass(es)
2026-09-30 06:20:45.146 | ERROR    | __main__:_convert_batched:1730 - [batch] FAIL: e2c5596170_file_107__vs__f0c3934ae6_file_108_redline_6fbc538640_jubarte-093.docx — never reached in 3 batch pass(es)
2026-09-30 06:20:45.148 | ERROR    | __main__:_convert_batched:1730 - [batch] FAIL: e33b9d6f5c_file_150__vs__78338ff080_file_151_redline_6b8b7bf9cb_jubarte-093.docx — never reached in 3 batch pass(es)
2026-09-30 06:20:45.149 | ERROR    | __main__:_convert_batched:1730 - [batch] FAIL: e355cec096_small_font_size_demo_id_paraid_overflow__vs__60697d46b7_strict01_redline_0cd32d67b2_jubarte-093.docx — never reached in 3 batch pass(es)
2026-09-30 06:20:45.151 | ERROR    | __main__:_convert_batched:1730 - [batch] FAIL: e355cec096_small_font_size_demo_id_paraid_overflow__vs__73e78ba640_strikethrough_and_italic_combo_id_paraid_overflo_redline_70f8737437_jubarte-093.docx — never reached in 3 batch pass(es)
2026-09-30 06:20:45.154 | ERROR    | __main__:_convert_batched:1730 - [batch] FAIL: e3c6e90478_file_43__vs__9960c72d3d_file_44_redline_8ab8d478ae_jubarte-093.docx — never reached in 3 batch pass(es)
2026-09-30 06:20:45.155 | ERROR    | __main__:_convert_batched:1730 - [batch] FAIL: e3d152989b_behavior__math_eqarr_tests_40a1adb0__vs__89b44c96a7_super_editor__sdts_basic_45263ca5_redline_331221556e_jubarte-093.docx — never reached in 3 batch pass(es)
2026-09-30 06:20:45.157 | ERROR    | __main__:_convert_batched:1730 - [batch] FAIL: e3d152989b_behavior__math_eqarr_tests_40a1adb0__vs__df3c3e7c40_behavior__math_func_tests_0434dd11_redline_3b995e1708_jubarte-093.docx — never reached in 3 batch pass(es)
2026-09-30 06:20:45.159 | ERROR    | __main__:_convert_batched:1730 - [batch] FAIL: e3d25f2c7f_file_55__vs__9b18b79637_file_56_redline_2299b4b69b_jubarte-093.docx — never reached in 3 batch pass(es)
2026-09-30 06:20:45.161 | ERROR    | __main__:_convert_batched:1730 - [batch] FAIL: e3d833aef0_file_10__vs__26ccb443f6_file_11_redline_384dfbe9f5_jubarte-093.docx — never reached in 3 batch pass(es)
2026-09-30 06:20:45.162 | ERROR    | __main__:_convert_batched:1730 - [batch] FAIL: e3e56d833b_file_137__vs__3af6d3e09a_file_138_redline_2d5e060201_jubarte-093.docx — never reached in 3 batch pass(es)
2026-09-30 06:20:45.164 | ERROR    | __main__:_convert_batched:1730 - [batch] FAIL: e451997662_super_editor__h_f_normal_5d2a8d96__vs__837d45926d_super_editor__header_alternating_odd_even_11e019_redline_207a4a8f72_jubarte-093.docx — never reached in 3 batch pass(es)
2026-09-30 06:20:45.166 | ERROR    | __main__:_convert_batched:1730 - [batch] FAIL: e4a3a561ca_eb69ea90d9396386d231b2853b5f141a4312bddb262d96e2__vs__c0bf650392_e83fa17a4550bd0b6f71e3ef6a2c554a209aa2aea1a1d975_redline_3f56b101d2_jubarte-093.docx — never reached in 3 batch pass(es)
2026-09-30 06:20:45.167 | ERROR    | __main__:_convert_batched:1730 - [batch] FAIL: e4ccea1362_mcdoc__vs__4d1c5d66f9_meeting_agenda_table_2_redline_8029bc78c5_jubarte-093.docx — never reached in 3 batch pass(es)
2026-09-30 06:20:45.171 | ERROR    | __main__:_convert_batched:1730 - [batch] FAIL: e4e4a073e9_file_96__vs__60ba9c3639_file_97_redline_9ecc441a38_jubarte-093.docx — never reached in 3 batch pass(es)
2026-09-30 06:20:45.172 | ERROR    | __main__:_convert_batched:1730 - [batch] FAIL: e4ecaf299a_e8734be8f3bad0f932748f9d1140c46156f7190a5d442720__vs__46d725d8b8_e25a417f0e4225520e3f8c44ce765a4370a00e9882ef7f44_redline_6c9e1de72b_jubarte-093.docx — never reached in 3 batch pass(es)
2026-09-30 06:20:45.174 | ERROR    | __main__:_convert_batched:1730 - [batch] FAIL: e51fcdfdbe_employee_review_john_smith_suggesting_insertions__vs__b1564f6aaf_font_color_blue_demo_style_default_missing_redline_30eb0f2233_jubarte-093.docx — never reached in 3 batch pass(es)
2026-09-30 06:20:45.176 | ERROR    | __main__:_convert_batched:1730 - [batch] FAIL: e54c9bd21f_aee15f6eb7a052860e1a38eeb505d1d72c95850f4d5a85c2__vs__07b195a037_9fbdf087319a56301a305e3a3d60bcb13fe85bb880a5f8c5_redline_5822db382e_jubarte-093.docx — never reached in 3 batch pass(es)
2026-09-30 06:20:45.180 | ERROR    | __main__:_convert_batched:1730 - [batch] FAIL: e57ad0eaa4_docx_lots_of_comments_addition__vs__6e2576a091_docx_lots_of_comments_redline_92075b7449_jubarte-093.docx — never reached in 3 batch pass(es)
2026-09-30 06:20:45.181 | ERROR    | __main__:_convert_batched:1730 - [batch] FAIL: e5f1784e51_13c06fd234679a761a3e6ed95578521ca4885d006cbb9585__vs__ff414aab54_19347b1070dc340b9b529b1d2c25367e8dfcee88e0b4d66f_redline_291f103d70_jubarte-093.docx — never reached in 3 batch pass(es)
2026-09-30 06:20:45.183 | ERROR    | __main__:_convert_batched:1730 - [batch] FAIL: e60fdf3850_cc8d2643e287d327c1ec8acfc1add257d40ab32416908b4a__vs__11df314724_6ade0e18e232d9ba178d04b99e4329f0375e1d97d66199ea_redline_736986d5e4_jubarte-093.docx — never reached in 3 batch pass(es)
2026-09-30 06:20:45.184 | ERROR    | __main__:_convert_batched:1730 - [batch] FAIL: e615c89269_inventory_list_suggesting_deletions__vs__8e5efb0d0b_inventory_list_suggesting_mixed_edits_redline_137d46157c_jubarte-093.docx — never reached in 3 batch pass(es)
2026-09-30 06:20:45.185 | ERROR    | __main__:_convert_batched:1730 - [batch] FAIL: e616ed8a32_file_180__vs__194f96511f_file_181_redline_c2e1ec13df_jubarte-093.docx — never reached in 3 batch pass(es)
2026-09-30 06:20:45.186 | ERROR    | __main__:_convert_batched:1730 - [batch] FAIL: e663016796_behavior__sd_2672_multipara_cell_4d1f068e__vs__2ba392cdd2_super_editor__broken_list_missing_items_36b4199e_redline_3b56113728_jubarte-093.docx — never reached in 3 batch pass(es)
2026-09-30 06:20:45.188 | ERROR    | __main__:_convert_batched:1730 - [batch] FAIL: e663016796_behavior__sd_2672_multipara_cell_4d1f068e__vs__8ee210e927_super_editor__missing_separator_41c823b9_redline_e981300405_jubarte-093.docx — never reached in 3 batch pass(es)
2026-09-30 06:20:45.190 | ERROR    | __main__:_convert_batched:1730 - [batch] FAIL: e663016796_behavior__sd_2672_multipara_cell_4d1f068e__vs__c620f64d24_super_editor__hyperlink_node_internal_1c0232f9_redline_59071be97f_jubarte-093.docx — never reached in 3 batch pass(es)
2026-09-30 06:20:45.191 | ERROR    | __main__:_convert_batched:1730 - [batch] FAIL: e663016796_behavior__sd_2672_multipara_cell_4d1f068e__vs__cdf27ad0d3_behavior__sd_2672_nested_table_dfac08bb_redline_11e0d1cba7_jubarte-093.docx — never reached in 3 batch pass(es)
2026-09-30 06:20:45.193 | ERROR    | __main__:_convert_batched:1730 - [batch] FAIL: e67a78cb92_e7d0bae60d8af6cb04c2d2f9ea55d696c6306a76711199b1__vs__903433e005_e754327442cd2e893e4babc59c841abdddaabad9dce051bc_redline_3e94824738_jubarte-093.docx — never reached in 3 batch pass(es)
2026-09-30 06:20:45.196 | ERROR    | __main__:_convert_batched:1730 - [batch] FAIL: e69c316f39_file_179__vs__b3974bcc7b_file_180_redline_0f291ac37f_jubarte-093.docx — never reached in 3 batch pass(es)
2026-09-30 06:20:45.197 | ERROR    | __main__:_convert_batched:1730 - [batch] FAIL: e6c8a6ec9b_file_164__vs__8d92ee6cb3_file_165_redline_14490291cc_jubarte-093.docx — never reached in 3 batch pass(es)
2026-09-30 06:20:45.197 | ERROR    | __main__:_convert_batched:1730 - [batch] FAIL: e6fdfb6f2f_behavior__math_phantom_tests_263131a8__vs__0b1d0278ce_behavior__math_radical_tests_4c1ce187_redline_0313f0be86_jubarte-093.docx — never reached in 3 batch pass(es)
2026-09-30 06:20:45.199 | ERROR    | __main__:_convert_batched:1730 - [batch] FAIL: e70f1134dd_super_editor__diff_before8_ba5faa9e__vs__420a528aa0_super_editor__instrtext_angled_brackets_bug_ed56_redline_2200a538c5_jubarte-093.docx — never reached in 3 batch pass(es)
2026-09-30 06:20:45.201 | ERROR    | __main__:_convert_batched:1730 - [batch] FAIL: e70f1134dd_super_editor__diff_before8_ba5faa9e__vs__671ff91b1d_behavior__sd_2750_borderbox_7cd3768d_redline_0e6cc23727_jubarte-093.docx — never reached in 3 batch pass(es)
2026-09-30 06:20:45.203 | ERROR    | __main__:_convert_batched:1730 - [batch] FAIL: e70f1134dd_super_editor__diff_before8_ba5faa9e__vs__a5903a7c15_super_editor__pci_table_dc840852_redline_8d775d42d1_jubarte-093.docx — never reached in 3 batch pass(es)
2026-09-30 06:20:45.205 | ERROR    | __main__:_convert_batched:1730 - [batch] FAIL: e70f1134dd_super_editor__diff_before8_ba5faa9e__vs__f6e1c253ff_super_editor__diff_before9_9818a85f_redline_a33b8e810a_jubarte-093.docx — never reached in 3 batch pass(es)
2026-09-30 06:20:45.207 | ERROR    | __main__:_convert_batched:1730 - [batch] FAIL: e78083cef0_file_32__vs__10a4a9d332_file_33_redline_57d6617649_jubarte-093.docx — never reached in 3 batch pass(es)
2026-09-30 06:20:45.209 | ERROR    | __main__:_convert_batched:1730 - [batch] FAIL: e791c4281b_file_43__vs__52d068300a_file_44_redline_e7b87b3ff6_jubarte-093.docx — never reached in 3 batch pass(es)
2026-09-30 06:20:45.210 | ERROR    | __main__:_convert_batched:1730 - [batch] FAIL: e7c343d697_34a28b1fb81444929cf7417c8ed40888a729f9f3ac415423__vs__bcdd633e09_2386218ba0e1314b5be501f81d6d5888ccb9fd8335cfb307_redline_f0a2e4758f_jubarte-093.docx — never reached in 3 batch pass(es)
2026-09-30 06:20:45.211 | ERROR    | __main__:_convert_batched:1730 - [batch] FAIL: e7f42d32bc_right_align_bold_demo_id_paraid_overflow__vs__2c4e244c15_right_aligned_italic_demo_id_paraid_overflow_redline_3faf6e148e_jubarte-093.docx — never reached in 3 batch pass(es)
2026-09-30 06:20:45.212 | ERROR    | __main__:_convert_batched:1730 - [batch] FAIL: e80d7d2b35_174817c3c4ceeaa392df716bfc5b2035dead4912efb0a54a__vs__b83d53a061_0b51577fe8f261b7bbd09d6bc4b4f11cf85cb1a18e9b6f33_redline_12d5912031_jubarte-093.docx — never reached in 3 batch pass(es)
2026-09-30 06:20:45.215 | ERROR    | __main__:_convert_batched:1730 - [batch] FAIL: e80f3a578d_file_130__vs__c54c269d79_file_131_redline_0e21c53a17_jubarte-093.docx — never reached in 3 batch pass(es)
2026-09-30 06:20:45.216 | ERROR    | __main__:_convert_batched:1730 - [batch] FAIL: e81d1fa10c_behavior__pageref_standalone_uppercase_h_7701e07__vs__3d8acd6139_super_editor__restart_numbering_sub_list_85ddcb7_redline_7a2fba99f1_jubarte-093.docx — never reached in 3 batch pass(es)
2026-09-30 06:20:45.220 | ERROR    | __main__:_convert_batched:1730 - [batch] FAIL: e81d1fa10c_behavior__pageref_standalone_uppercase_h_7701e07__vs__735c372b41_super_editor__diff_after8_58e5c288_redline_5325dc70b4_jubarte-093.docx — never reached in 3 batch pass(es)
2026-09-30 06:20:45.222 | ERROR    | __main__:_convert_batched:1730 - [batch] FAIL: e81d1fa10c_behavior__pageref_standalone_uppercase_h_7701e07__vs__906753e55b_super_editor__table_c70ca973_redline_53102d5380_jubarte-093.docx — never reached in 3 batch pass(es)
2026-09-30 06:20:45.224 | ERROR    | __main__:_convert_batched:1730 - [batch] FAIL: e81d1fa10c_behavior__pageref_standalone_uppercase_h_7701e07__vs__a291bf4a73_behavior__rtl_header_footer_e1ac81f6_redline_2a6ac88d46_jubarte-093.docx — never reached in 3 batch pass(es)
2026-09-30 06:20:45.226 | ERROR    | __main__:_convert_batched:1730 - [batch] FAIL: e855894947_4256746e0764d53f71723c390ba077e50881806719029dd6__vs__a9d810a3ad_65a2d0c1ef78aaca9992ad2ace66032f5438435b43b338e9_redline_1a4f106bda_jubarte-093.docx — never reached in 3 batch pass(es)
2026-09-30 06:20:45.227 | ERROR    | __main__:_convert_batched:1730 - [batch] FAIL: e871d6f4c9_sample_document_word_repair_of_our_output_word_r__vs__11856e25f6_small_font_size_demo_id_paraid_overflow_redline_486822a083_jubarte-093.docx — never reached in 3 batch pass(es)
2026-09-30 06:20:45.237 | ERROR    | __main__:_convert_batched:1730 - [batch] FAIL: e871d6f4c9_sample_document_word_repair_of_our_output_word_r__vs__48a455b7e7_sd_2517_localized_heading_styles_redline_52f93a00df_jubarte-093.docx — never reached in 3 batch pass(es)
2026-09-30 06:20:45.238 | ERROR    | __main__:_convert_batched:1730 - [batch] FAIL: e886422c26_times_new_roman_font_id_paraid_overflow__vs__54c0b3ed3d_title_style_centered_demo_id_paraid_overflow_redline_b71737269e_jubarte-093.docx — never reached in 3 batch pass(es)
2026-09-30 06:20:45.241 | ERROR    | __main__:_convert_batched:1730 - [batch] FAIL: e8d299e041_super_editor__dropcaps_520cd049__vs__1de41232b3_super_editor__exported_list_font_8e6db734_redline_10001df1c7_jubarte-093.docx — never reached in 3 batch pass(es)
2026-09-30 06:20:45.244 | ERROR    | __main__:_convert_batched:1730 - [batch] FAIL: e8d333644e_employee_directory_table_2__vs__8eef85ebbd_employee_directory_table_redline_6eb86c50f8_jubarte-093.docx — never reached in 3 batch pass(es)
2026-09-30 06:20:45.245 | ERROR    | __main__:_convert_batched:1730 - [batch] FAIL: e8e3e98133_496e2984f7995a419de190dbb9ccef317dc5d575303ee816__vs__c1d590fb6f_44a1837cf9bb6d7969987b16fd411563618f0b170eca025d_redline_5316963640_jubarte-093.docx — never reached in 3 batch pass(es)
2026-09-30 06:20:45.246 | ERROR    | __main__:_convert_batched:1730 - [batch] FAIL: e937906728_4ce0fcc29773b57d731ea2cf74f00cea1765facf87c314e3__vs__0a6015fd65_7d861e8e83ae31293d8d8390a3fe14e160d0ff79624c95de_redline_47c39c50c3_jubarte-093.docx — never reached in 3 batch pass(es)
2026-09-30 06:20:45.248 | ERROR    | __main__:_convert_batched:1730 - [batch] FAIL: e9d5410452_file_191__vs__bffb81f86c_file_192_redline_0cbac1d96f_jubarte-093.docx — never reached in 3 batch pass(es)
2026-09-30 06:20:45.250 | ERROR    | __main__:_convert_batched:1730 - [batch] FAIL: ea4bdc5108_4bbec363f57d79c46d57c5399b187c633daa72bb576d6eb1__vs__44f53394b0_272c8f94f3fd187b3bd8581024dc8be7712ab9f38ce42964_redline_a2204e4435_jubarte-093.docx — never reached in 3 batch pass(es)
2026-09-30 06:20:45.251 | ERROR    | __main__:_convert_batched:1730 - [batch] FAIL: ea7427b18a_super_editor__complex_list_def_issue_326369f9__vs__8e672e0a48_super_editor__complex_list_def_short_export_8fa1_redline_4e5492388f_jubarte-093.docx — never reached in 3 batch pass(es)
2026-09-30 06:20:45.252 | ERROR    | __main__:_convert_batched:1730 - [batch] FAIL: ea970f238e_marketing_strategy_2026_suggesting_insertions__vs__4d1c5d66f9_meeting_agenda_table_2_redline_e6c5808318_jubarte-093.docx — never reached in 3 batch pass(es)
2026-09-30 06:20:45.254 | ERROR    | __main__:_convert_batched:1730 - [batch] FAIL: eab8aeea1f_contract_review_suggesting_insertions__vs__1800ef10fa_contract_review_suggesting_mixed_edits_redline_8d63700eca_jubarte-093.docx — never reached in 3 batch pass(es)
2026-09-30 06:20:45.258 | ERROR    | __main__:_convert_batched:1730 - [batch] FAIL: eac167172d_file_143__vs__fd4aefa551_file_144_redline_d4b3b91c87_jubarte-093.docx — never reached in 3 batch pass(es)
2026-09-30 06:20:45.259 | ERROR    | __main__:_convert_batched:1730 - [batch] FAIL: eb2f3c86b5_vfdsdfcacawesd_suggesting_mixed_edits__vs__cefef4e4f5_yellow_highlight_demo_id_paraid_overflow_redline_913d076e79_jubarte-093.docx — never reached in 3 batch pass(es)
2026-09-30 06:20:45.261 | ERROR    | __main__:_convert_batched:1730 - [batch] FAIL: eb6c0a6b3d_6e887b917bd3d9b6517240ec5fff92e2e80df2355f0b2c0d__vs__dd8f5157a7_44fde829656a31e42c997f295e47c96040150a4a122c6d6a_redline_d68996f643_jubarte-093.docx — never reached in 3 batch pass(es)
2026-09-30 06:20:45.263 | ERROR    | __main__:_convert_batched:1730 - [batch] FAIL: eb714d5f76_evals__blank_bc294b57__vs__bb35ae41ba_evals__comments_doc_79800b37_redline_04082a11bf_jubarte-093.docx — never reached in 3 batch pass(es)
2026-09-30 06:20:45.266 | ERROR    | __main__:_convert_batched:1730 - [batch] FAIL: eb82ad6df1_heading_1_bold_demo_id_paraid_overflow__vs__f6bf50a9ee_heading_1_style_demo_id_paraid_overflow_redline_4fcfb3e558_jubarte-093.docx — never reached in 3 batch pass(es)
2026-09-30 06:20:45.267 | ERROR    | __main__:_convert_batched:1730 - [batch] FAIL: ebaa33a061_8bb9da44005409bff43941489bae3901d46da7cd661031d1__vs__34e73b9976_64b1cb70ac898cf9ab639817dcf7023824a524c809101939_redline_b2e3450b98_jubarte-093.docx — never reached in 3 batch pass(es)
2026-09-30 06:20:45.269 | ERROR    | __main__:_convert_batched:1730 - [batch] FAIL: ec19540e2c_d6ef382e948b98e757f3fd2067de5daf1a944935d8906ebc__vs__090acc461f_d27134788fec08eea4972a5641b965c0ff2238bfd18e7cfa_redline_859b75527f_jubarte-093.docx — never reached in 3 batch pass(es)
2026-09-30 06:20:45.270 | ERROR    | __main__:_convert_batched:1730 - [batch] FAIL: ec3dd0df69_file_53__vs__94ed0def64_file_54_redline_c2380a4677_jubarte-093.docx — never reached in 3 batch pass(es)
2026-09-30 06:20:45.272 | ERROR    | __main__:_convert_batched:1730 - [batch] FAIL: ec45d7fc58_subtitle_style_demo_id_paraid_overflow__vs__61eaede95c_subtitle_style_demo_style_default_missing_redline_833a8af7b8_jubarte-093.docx — never reached in 3 batch pass(es)
2026-09-30 06:20:45.273 | ERROR    | __main__:_convert_batched:1730 - [batch] FAIL: ec4df76243_9126d1f4d9b39a51172c343d2ede487c97445a4264e23cb8__vs__1587a40694_4991382416adefef66b97f0a3efacf2c2a793a067541ad27_redline_968fd6cc01_jubarte-093.docx — never reached in 3 batch pass(es)
2026-09-30 06:20:45.274 | ERROR    | __main__:_convert_batched:1730 - [batch] FAIL: ec900bd182_file_17__vs__793dce6675_file_18_redline_02bf97807d_jubarte-093.docx — never reached in 3 batch pass(es)
2026-09-30 06:20:45.276 | ERROR    | __main__:_convert_batched:1730 - [batch] FAIL: ecba8d5b3b_file_45__vs__b126641535_file_46_redline_4d3cead538_jubarte-093.docx — never reached in 3 batch pass(es)
2026-09-30 06:20:45.277 | ERROR    | __main__:_convert_batched:1730 - [batch] FAIL: ece10bd712_4a0f8a0058e714d958dba0708b5a74c40cc30a1ee1b46e5a__vs__41887884bd_2cdd902cb377787234394f4d3ece42c9f318500f242c6077_redline_30a5d2970b_jubarte-093.docx — never reached in 3 batch pass(es)
2026-09-30 06:20:45.279 | ERROR    | __main__:_convert_batched:1730 - [batch] FAIL: ece6c6931f_1f7522ec9f4a0788daef36fd07bf990f7a588ace17bbc4ee__vs__418b154e5c_28644f235b80e9dcd2ad8ac640fb08a960458dbaa35dca3e_redline_051517534a_jubarte-093.docx — never reached in 3 batch pass(es)
2026-09-30 06:20:45.280 | ERROR    | __main__:_convert_batched:1730 - [batch] FAIL: ed0aa93b58_file_18__vs__9bf625ba95_file_19_redline_8694636a78_jubarte-093.docx — never reached in 3 batch pass(es)
2026-09-30 06:20:45.281 | ERROR    | __main__:_convert_batched:1730 - [batch] FAIL: ed54f530fd_5ca225a29b58bc6c7c1f7319480272dd123c15ed8f6152dd__vs__562ab63668_c32d7d404d41ffad48b82d7fd645b0c880c31055a8e58510_redline_62992fde4e_jubarte-093.docx — never reached in 3 batch pass(es)
2026-09-30 06:20:45.284 | ERROR    | __main__:_convert_batched:1730 - [batch] FAIL: ed65623ab9_6458bec742693d740cee892f243c72f6cbe05b0fcf62f4cd__vs__0fe46e33f7_664674359ac6798a3fe13805bc5137057d6c73b8da3910c9_redline_941344b7e8_jubarte-093.docx — never reached in 3 batch pass(es)
2026-09-30 06:20:45.285 | ERROR    | __main__:_convert_batched:1730 - [batch] FAIL: ed6c82cead_word_tolerated_broken_media_rel__vs__8fb278cb36_word_tolerated_duplicate_ppr_redline_2ebbfc18b4_jubarte-093.docx — never reached in 3 batch pass(es)
2026-09-30 06:20:45.287 | ERROR    | __main__:_convert_batched:1730 - [batch] FAIL: edfaa23563_file_181__vs__0728d64a65_file_182_redline_04dbb28f62_jubarte-093.docx — never reached in 3 batch pass(es)
2026-09-30 06:20:45.289 | ERROR    | __main__:_convert_batched:1730 - [batch] FAIL: ee4ff8d8f5_bd110c8e0c9f08e58245a69f559faf4f7397e25c1d234163__vs__d43559c829_a3852ed51c34c15ddef6ce97c45c80ece9c82ed17ba9d9d5_redline_8d45f981f9_jubarte-093.docx — never reached in 3 batch pass(es)
2026-09-30 06:20:45.296 | ERROR    | __main__:_convert_batched:1730 - [batch] FAIL: ee5340ce7b_eb4037d30b4ce8e20b38c3fe9dc5cd26497403eaf48a0720__vs__d6c79519b8_767e1d623887009c26871f675c0d80e63b5b2558486b2c27_redline_42878027b0_jubarte-093.docx — never reached in 3 batch pass(es)
2026-09-30 06:20:45.298 | ERROR    | __main__:_convert_batched:1730 - [batch] FAIL: ee61fb4ab3_super_editor__base_ordered_fdff1fb2__vs__f529133cd5_super_editor__basic_comment_d3ba5f1e_redline_cb0a7d2c98_jubarte-093.docx — never reached in 3 batch pass(es)
2026-09-30 06:20:45.300 | ERROR    | __main__:_convert_batched:1730 - [batch] FAIL: ee628c2f6a_file_146__vs__7d92b42353_file_147_redline_279f46cf54_jubarte-093.docx — never reached in 3 batch pass(es)
2026-09-30 06:20:45.302 | ERROR    | __main__:_convert_batched:1730 - [batch] FAIL: ee79137dd5_8b4e4edc6932664b8d995be412fb392fe48caf5b3d6e6ee9__vs__ea7c0cc1c3_ea5833966c0bbeeee4f60026b68dd36e8660b1b5c5b79900_redline_554df0e56c_jubarte-093.docx — never reached in 3 batch pass(es)
2026-09-30 06:20:45.304 | ERROR    | __main__:_convert_batched:1730 - [batch] FAIL: ee7b597379_e1de10f3f4dde77b257e02a9bc77069e526976ce36a540ca__vs__3b4a5ba94c_f6d29022fede26a74cdf5ffea716a6251d5f0d5e3cee398f_redline_e91ecb9efa_jubarte-093.docx — never reached in 3 batch pass(es)
2026-09-30 06:20:45.306 | ERROR    | __main__:_convert_batched:1730 - [batch] FAIL: ee91b9e453_9385adbfd34ee40a4bd2429d7385293b31a127fc9e9208d1__vs__409867707c_61a16c9bdc534801a19fcf808fdddd50a7cd74d1efd6113e_redline_9f2ce6d6bb_jubarte-093.docx — never reached in 3 batch pass(es)
2026-09-30 06:20:45.308 | ERROR    | __main__:_convert_batched:1730 - [batch] FAIL: ee9bfc2650_docx_lots_of_comments_addition_removal_redline_r__vs__3fcadf4761_docx_lots_of_comments_addition_removal_redline_redline_58cd08049b_jubarte-093.docx — never reached in 3 batch pass(es)
2026-09-30 06:20:45.314 | ERROR    | __main__:_convert_batched:1730 - [batch] FAIL: eeceeb86fa_1dfec42a58bc68413e0600d7c7b12f1a69bbb2f90a2ca2db__vs__d92625bb0d_01b45a6525204563cf901e34e27135bdc9cccd806edb9d56_redline_4ce714acd8_jubarte-093.docx — never reached in 3 batch pass(es)
2026-09-30 06:20:45.316 | ERROR    | __main__:_convert_batched:1730 - [batch] FAIL: eee49d9614_file_92__vs__5da4d924a9_file_93_redline_5cf568c0d6_jubarte-093.docx — never reached in 3 batch pass(es)
2026-09-30 06:20:45.318 | ERROR    | __main__:_convert_batched:1730 - [batch] FAIL: eeec3949fe_file_114__vs__b8ba7fb082_file_115_redline_09a6e874c8_jubarte-093.docx — never reached in 3 batch pass(es)
2026-09-30 06:20:45.319 | ERROR    | __main__:_convert_batched:1730 - [batch] FAIL: ef1e1c68e9_super_editor__basic_paragraph_1774f4e4__vs__08286ffbfb_super_editor__basic_resolved_comment_cac5a1b0_redline_603ef0419b_jubarte-093.docx — never reached in 3 batch pass(es)
2026-09-30 06:20:45.321 | ERROR    | __main__:_convert_batched:1730 - [batch] FAIL: ef1e1c68e9_super_editor__basic_paragraph_1774f4e4__vs__9e80f22c51_behavior__word_native_bullet_circle_80d6f323_redline_bf59bfdb84_jubarte-093.docx — never reached in 3 batch pass(es)
2026-09-30 06:20:45.322 | ERROR    | __main__:_convert_batched:1730 - [batch] FAIL: ef7218d9e8_001893584bf94ff30c98db48cb8a0ea0ea5abc048f3e1a4d__vs__1424386e9b_017447de83753a0e3b7afc659df038ef56972925336c6a5b_redline_d7ea5ec958_jubarte-093.docx — never reached in 3 batch pass(es)
2026-09-30 06:20:45.324 | ERROR    | __main__:_convert_batched:1730 - [batch] FAIL: ef7218d9e8_001893584bf94ff30c98db48cb8a0ea0ea5abc048f3e1a4d__vs__2773adf157_0004c94ca2a8684d47449bb0e7abf87de1df71a7e6543252_redline_75dfed19c8_jubarte-093.docx — never reached in 3 batch pass(es)
2026-09-30 06:20:45.328 | ERROR    | __main__:_convert_batched:1730 - [batch] FAIL: ef7218d9e8_001893584bf94ff30c98db48cb8a0ea0ea5abc048f3e1a4d__vs__2e04202552_000e3e7bd2d6215fc7b469cc3e296c1b2a510bc1abc7e0fd_redline_bedd714410_jubarte-093.docx — never reached in 3 batch pass(es)
2026-09-30 06:20:45.330 | ERROR    | __main__:_convert_batched:1730 - [batch] FAIL: ef7218d9e8_001893584bf94ff30c98db48cb8a0ea0ea5abc048f3e1a4d__vs__333bfe069a_003416d620331122b93b434dad901db5836f60d2cad4b533_redline_b626364e3d_jubarte-093.docx — never reached in 3 batch pass(es)
2026-09-30 06:20:45.332 | ERROR    | __main__:_convert_batched:1730 - [batch] FAIL: ef7218d9e8_001893584bf94ff30c98db48cb8a0ea0ea5abc048f3e1a4d__vs__342f364d46_001342333d45627868f4dc5282abbba4598a91b4a7584b08_redline_44a468bfc6_jubarte-093.docx — never reached in 3 batch pass(es)
2026-09-30 06:20:45.334 | ERROR    | __main__:_convert_batched:1730 - [batch] FAIL: ef7218d9e8_001893584bf94ff30c98db48cb8a0ea0ea5abc048f3e1a4d__vs__5203829c7a_001cc92b88566d5f930fe57f25813c0bf52a7bdc72c217d0_redline_d7962d3334_jubarte-093.docx — never reached in 3 batch pass(es)
2026-09-30 06:20:45.336 | ERROR    | __main__:_convert_batched:1730 - [batch] FAIL: ef7218d9e8_001893584bf94ff30c98db48cb8a0ea0ea5abc048f3e1a4d__vs__a5f2b9318d_002aa60c2ae1187417b4b157c5ec6450324cc056ec551a12_redline_0f5caeaa2f_jubarte-093.docx — never reached in 3 batch pass(es)
2026-09-30 06:20:45.337 | ERROR    | __main__:_convert_batched:1730 - [batch] FAIL: ef7218d9e8_001893584bf94ff30c98db48cb8a0ea0ea5abc048f3e1a4d__vs__aa5340125d_00a4b0b91e9b5b072dc3771391c2d608518690eccf44eae8_redline_bbaad01a9e_jubarte-093.docx — never reached in 3 batch pass(es)
2026-09-30 06:20:45.339 | ERROR    | __main__:_convert_batched:1730 - [batch] FAIL: ef7218d9e8_001893584bf94ff30c98db48cb8a0ea0ea5abc048f3e1a4d__vs__bd3824dd1e_000ee64ef7226d353297888f59a251e24ce5d776fea000fa_redline_67da4b412e_jubarte-093.docx — never reached in 3 batch pass(es)
2026-09-30 06:20:45.342 | ERROR    | __main__:_convert_batched:1730 - [batch] FAIL: ef7218d9e8_001893584bf94ff30c98db48cb8a0ea0ea5abc048f3e1a4d__vs__deff0e697a_00b5defcad6e58038eac35472a2d48c89905068e5ece0cc3_redline_1bc89c0f18_jubarte-093.docx — never reached in 3 batch pass(es)
2026-09-30 06:20:45.346 | ERROR    | __main__:_convert_batched:1730 - [batch] FAIL: efa1cb8e79_single_paragraph__vs__11856e25f6_small_font_size_demo_id_paraid_overflow_redline_835297a585_jubarte-093.docx — never reached in 3 batch pass(es)
2026-09-30 06:20:45.347 | ERROR    | __main__:_convert_batched:1730 - [batch] FAIL: f0070fef24_file_51__vs__c87ab9bf12_file_52_redline_00539886c9_jubarte-093.docx — never reached in 3 batch pass(es)
2026-09-30 06:20:45.348 | ERROR    | __main__:_convert_batched:1730 - [batch] FAIL: f03f54c09d_file_74__vs__99ef9c7a7e_file_75_redline_8568ca15a1_jubarte-093.docx — never reached in 3 batch pass(es)
2026-09-30 06:20:45.349 | ERROR    | __main__:_convert_batched:1730 - [batch] FAIL: f05b2b13ee_file_103__vs__d435c8d66c_file_104_redline_ed3701fb29_jubarte-093.docx — never reached in 3 batch pass(es)
2026-09-30 06:20:45.350 | ERROR    | __main__:_convert_batched:1730 - [batch] FAIL: f0a100f46b_6231f8459f76856605dc9613074071242061e8204fcaaa23__vs__366c01499c_4a5ea51e25a7689223e27af0f1191b5c443621ba21572343_redline_1a0f04f94a_jubarte-093.docx — never reached in 3 batch pass(es)
2026-09-30 06:20:45.353 | ERROR    | __main__:_convert_batched:1730 - [batch] FAIL: f0c3934ae6_file_108__vs__2a5302627e_file_109_redline_280bd21615_jubarte-093.docx — never reached in 3 batch pass(es)
2026-09-30 06:20:45.353 | ERROR    | __main__:_convert_batched:1730 - [batch] FAIL: f0f0b3f93f_file_65__vs__fa5b1dd76a_file_66_redline_1da254cb8d_jubarte-093.docx — never reached in 3 batch pass(es)
2026-09-30 06:20:45.354 | ERROR    | __main__:_convert_batched:1730 - [batch] FAIL: f0f7d7305e_calibri_font_demo_id_paraid_overflow__vs__d9cd734a9d_calibri_heading_2_right_id_paraid_overflow_redline_d212992aa6_jubarte-093.docx — never reached in 3 batch pass(es)
2026-09-30 06:20:45.356 | ERROR    | __main__:_convert_batched:1730 - [batch] FAIL: f0f90aa0cf_981631a715108df2a9c75275cd04a5fc2495ce3ad604790b__vs__e0ada445ca_4f48d962d05d1fca7e32a424ff8e815c01637102694d57df_redline_6ddf25f1b8_jubarte-093.docx — never reached in 3 batch pass(es)
2026-09-30 06:20:45.358 | ERROR    | __main__:_convert_batched:1730 - [batch] FAIL: f141395e21_file_5__vs__b8783e46c5_file_6_redline_baf1c31339_jubarte-093.docx — never reached in 3 batch pass(es)
2026-09-30 06:20:45.362 | ERROR    | __main__:_convert_batched:1730 - [batch] FAIL: f152875ca2_file_109__vs__62d3dce03b_file_110_redline_bf778c9b37_jubarte-093.docx — never reached in 3 batch pass(es)
2026-09-30 06:20:45.363 | ERROR    | __main__:_convert_batched:1730 - [batch] FAIL: f1746514c4_db20a8e42bee45edc34c26571be6554ec377a38c56c51480__vs__0ecfaa1c19_2bd9981b3dd6ccd510a8942577ca3089f861f02f32c3200a_redline_81ecf9d6d2_jubarte-093.docx — never reached in 3 batch pass(es)
2026-09-30 06:20:45.366 | ERROR    | __main__:_convert_batched:1730 - [batch] FAIL: f17e96512e_001cb345cc8d6b799aa725514eb368005048b80f4b4c07a5__vs__1424386e9b_017447de83753a0e3b7afc659df038ef56972925336c6a5b_redline_209c0f5518_jubarte-093.docx — never reached in 3 batch pass(es)
2026-09-30 06:20:45.368 | ERROR    | __main__:_convert_batched:1730 - [batch] FAIL: f17e96512e_001cb345cc8d6b799aa725514eb368005048b80f4b4c07a5__vs__2773adf157_0004c94ca2a8684d47449bb0e7abf87de1df71a7e6543252_redline_b142c6fab2_jubarte-093.docx — never reached in 3 batch pass(es)
2026-09-30 06:20:45.371 | ERROR    | __main__:_convert_batched:1730 - [batch] FAIL: f17e96512e_001cb345cc8d6b799aa725514eb368005048b80f4b4c07a5__vs__2e04202552_000e3e7bd2d6215fc7b469cc3e296c1b2a510bc1abc7e0fd_redline_83586affa8_jubarte-093.docx — never reached in 3 batch pass(es)
2026-09-30 06:20:45.372 | ERROR    | __main__:_convert_batched:1730 - [batch] FAIL: f17e96512e_001cb345cc8d6b799aa725514eb368005048b80f4b4c07a5__vs__333bfe069a_003416d620331122b93b434dad901db5836f60d2cad4b533_redline_96442dbf47_jubarte-093.docx — never reached in 3 batch pass(es)
2026-09-30 06:20:45.373 | ERROR    | __main__:_convert_batched:1730 - [batch] FAIL: f17e96512e_001cb345cc8d6b799aa725514eb368005048b80f4b4c07a5__vs__342f364d46_001342333d45627868f4dc5282abbba4598a91b4a7584b08_redline_5e1c535426_jubarte-093.docx — never reached in 3 batch pass(es)
2026-09-30 06:20:45.375 | ERROR    | __main__:_convert_batched:1730 - [batch] FAIL: f17e96512e_001cb345cc8d6b799aa725514eb368005048b80f4b4c07a5__vs__5203829c7a_001cc92b88566d5f930fe57f25813c0bf52a7bdc72c217d0_redline_7a388489bd_jubarte-093.docx — never reached in 3 batch pass(es)
2026-09-30 06:20:45.377 | ERROR    | __main__:_convert_batched:1730 - [batch] FAIL: f17e96512e_001cb345cc8d6b799aa725514eb368005048b80f4b4c07a5__vs__a5f2b9318d_002aa60c2ae1187417b4b157c5ec6450324cc056ec551a12_redline_b7c11bf92a_jubarte-093.docx — never reached in 3 batch pass(es)
2026-09-30 06:20:45.378 | ERROR    | __main__:_convert_batched:1730 - [batch] FAIL: f17e96512e_001cb345cc8d6b799aa725514eb368005048b80f4b4c07a5__vs__aa5340125d_00a4b0b91e9b5b072dc3771391c2d608518690eccf44eae8_redline_d9990b9bad_jubarte-093.docx — never reached in 3 batch pass(es)
2026-09-30 06:20:45.379 | ERROR    | __main__:_convert_batched:1730 - [batch] FAIL: f17e96512e_001cb345cc8d6b799aa725514eb368005048b80f4b4c07a5__vs__bd3824dd1e_000ee64ef7226d353297888f59a251e24ce5d776fea000fa_redline_1e7641658c_jubarte-093.docx — never reached in 3 batch pass(es)
2026-09-30 06:20:45.380 | ERROR    | __main__:_convert_batched:1730 - [batch] FAIL: f17e96512e_001cb345cc8d6b799aa725514eb368005048b80f4b4c07a5__vs__deff0e697a_00b5defcad6e58038eac35472a2d48c89905068e5ece0cc3_redline_05f1cb1522_jubarte-093.docx — never reached in 3 batch pass(es)
2026-09-30 06:20:45.382 | ERROR    | __main__:_convert_batched:1730 - [batch] FAIL: f1b1749251_file_89__vs__718cb91f66_file_90_redline_55b0f23e41_jubarte-093.docx — never reached in 3 batch pass(es)
2026-09-30 06:20:45.383 | ERROR    | __main__:_convert_batched:1730 - [batch] FAIL: f1ea4a51fd_hr_onboarding_checklist_table__vs__d0e7f278b8_i_am_sharing_microsoft_word_vs_google_docs_compr_redline_85b1c9235c_jubarte-093.docx — never reached in 3 batch pass(es)
2026-09-30 06:20:45.384 | ERROR    | __main__:_convert_batched:1730 - [batch] FAIL: f26a5e4940_italic_text_formatting_demo_id_paraid_overflow__vs__e1736e61c5_italic_underline_combined_demo_id_paraid_overflo_redline_b90ed7b17f_jubarte-093.docx — never reached in 3 batch pass(es)
2026-09-30 06:20:45.386 | ERROR    | __main__:_convert_batched:1730 - [batch] FAIL: f2879fa280_2dd94f5357ffe6981e258cfa4030572f15f98140b67e9de8__vs__1944b72130_5d7507b903a1772b7e3be2b9506424aca7430698963897ae_redline_be10e7059e_jubarte-093.docx — never reached in 3 batch pass(es)
2026-09-30 06:20:45.388 | ERROR    | __main__:_convert_batched:1730 - [batch] FAIL: f2a8197531_file_72__vs__266b027513_file_73_redline_13de303626_jubarte-093.docx — never reached in 3 batch pass(es)
2026-09-30 06:20:45.389 | ERROR    | __main__:_convert_batched:1730 - [batch] FAIL: f32428a03a_file_28__vs__5900cc12ca_file_29_redline_4e02f507c8_jubarte-093.docx — never reached in 3 batch pass(es)
2026-09-30 06:20:45.391 | ERROR    | __main__:_convert_batched:1730 - [batch] FAIL: f3627c3358_647bbcfb5983dbb22eec3b8e052f418bcfc1a5e5b81cbcb8__vs__50c0ec7ce2_e232c5055caabe5cc2b06c062fb99b3b68d7facf0101066a_redline_6926d6b8fd_jubarte-093.docx — never reached in 3 batch pass(es)
2026-09-30 06:20:45.392 | ERROR    | __main__:_convert_batched:1730 - [batch] FAIL: f394f45ba5_file_65__vs__95ff51154c_file_66_redline_50247f34d1_jubarte-093.docx — never reached in 3 batch pass(es)
2026-09-30 06:20:45.393 | ERROR    | __main__:_convert_batched:1730 - [batch] FAIL: f3b2e74e02_calibri_font_demo_id_paraid_overflow__vs__689563dec1_calibri_heading_2_right_id_paraid_overflow_redline_164b7378cb_jubarte-093.docx — never reached in 3 batch pass(es)
2026-09-30 06:20:45.395 | ERROR    | __main__:_convert_batched:1730 - [batch] FAIL: f43929f70c_verdana_bold_large_font_id_paraid_overflow__vs__3413da1703_verdana_font_demo_id_paraid_overflow_2_redline_7da45f822a_jubarte-093.docx — never reached in 3 batch pass(es)
2026-09-30 06:20:45.397 | ERROR    | __main__:_convert_batched:1730 - [batch] FAIL: f43929f70c_verdana_bold_large_font_id_paraid_overflow__vs__ac4b41aa8e_verdana_font_demo_id_paraid_overflow_redline_814dac9051_jubarte-093.docx — never reached in 3 batch pass(es)
2026-09-30 06:20:45.398 | ERROR    | __main__:_convert_batched:1730 - [batch] FAIL: f43f6ef305_002042b8a23533ba746bf4eaf56b5e62642cc111f5f5fcff__vs__1424386e9b_017447de83753a0e3b7afc659df038ef56972925336c6a5b_redline_b2055982f6_jubarte-093.docx — never reached in 3 batch pass(es)
2026-09-30 06:20:45.399 | ERROR    | __main__:_convert_batched:1730 - [batch] FAIL: f43f6ef305_002042b8a23533ba746bf4eaf56b5e62642cc111f5f5fcff__vs__2773adf157_0004c94ca2a8684d47449bb0e7abf87de1df71a7e6543252_redline_ec101e09bf_jubarte-093.docx — never reached in 3 batch pass(es)
2026-09-30 06:20:45.401 | ERROR    | __main__:_convert_batched:1730 - [batch] FAIL: f43f6ef305_002042b8a23533ba746bf4eaf56b5e62642cc111f5f5fcff__vs__2e04202552_000e3e7bd2d6215fc7b469cc3e296c1b2a510bc1abc7e0fd_redline_89c1335efe_jubarte-093.docx — never reached in 3 batch pass(es)
2026-09-30 06:20:45.402 | ERROR    | __main__:_convert_batched:1730 - [batch] FAIL: f43f6ef305_002042b8a23533ba746bf4eaf56b5e62642cc111f5f5fcff__vs__333bfe069a_003416d620331122b93b434dad901db5836f60d2cad4b533_redline_7bc6ddcbba_jubarte-093.docx — never reached in 3 batch pass(es)
2026-09-30 06:20:45.404 | ERROR    | __main__:_convert_batched:1730 - [batch] FAIL: f43f6ef305_002042b8a23533ba746bf4eaf56b5e62642cc111f5f5fcff__vs__342f364d46_001342333d45627868f4dc5282abbba4598a91b4a7584b08_redline_8e48e2dbd8_jubarte-093.docx — never reached in 3 batch pass(es)
2026-09-30 06:20:45.406 | ERROR    | __main__:_convert_batched:1730 - [batch] FAIL: f43f6ef305_002042b8a23533ba746bf4eaf56b5e62642cc111f5f5fcff__vs__5203829c7a_001cc92b88566d5f930fe57f25813c0bf52a7bdc72c217d0_redline_ca17705374_jubarte-093.docx — never reached in 3 batch pass(es)
2026-09-30 06:20:45.408 | ERROR    | __main__:_convert_batched:1730 - [batch] FAIL: f43f6ef305_002042b8a23533ba746bf4eaf56b5e62642cc111f5f5fcff__vs__a5f2b9318d_002aa60c2ae1187417b4b157c5ec6450324cc056ec551a12_redline_eccfe6bdf8_jubarte-093.docx — never reached in 3 batch pass(es)
2026-09-30 06:20:45.409 | ERROR    | __main__:_convert_batched:1730 - [batch] FAIL: f43f6ef305_002042b8a23533ba746bf4eaf56b5e62642cc111f5f5fcff__vs__aa5340125d_00a4b0b91e9b5b072dc3771391c2d608518690eccf44eae8_redline_c4d54fcd75_jubarte-093.docx — never reached in 3 batch pass(es)
2026-09-30 06:20:45.410 | ERROR    | __main__:_convert_batched:1730 - [batch] FAIL: f43f6ef305_002042b8a23533ba746bf4eaf56b5e62642cc111f5f5fcff__vs__bd3824dd1e_000ee64ef7226d353297888f59a251e24ce5d776fea000fa_redline_fd2201fe85_jubarte-093.docx — never reached in 3 batch pass(es)
2026-09-30 06:20:45.411 | ERROR    | __main__:_convert_batched:1730 - [batch] FAIL: f43f6ef305_002042b8a23533ba746bf4eaf56b5e62642cc111f5f5fcff__vs__deff0e697a_00b5defcad6e58038eac35472a2d48c89905068e5ece0cc3_redline_621d6afaf0_jubarte-093.docx — never reached in 3 batch pass(es)
2026-09-30 06:20:45.413 | ERROR    | __main__:_convert_batched:1730 - [batch] FAIL: f49b3b0ec2_super_editor__sd_1919_word_table_74726d6c__vs__18d1a4ad46_super_editor__sd_2534_collab_export_f3c7fdf7_redline_6ef257d033_jubarte-093.docx — never reached in 3 batch pass(es)
2026-09-30 06:20:45.415 | ERROR    | __main__:_convert_batched:1730 - [batch] FAIL: f49b3b0ec2_super_editor__sd_1919_word_table_74726d6c__vs__a0738533be_gdocs_comments_export_redline_515c0aa8ab_jubarte-093.docx — never reached in 3 batch pass(es)
2026-09-30 06:20:45.417 | ERROR    | __main__:_convert_batched:1730 - [batch] FAIL: f49b3b0ec2_super_editor__sd_1919_word_table_74726d6c__vs__e663016796_behavior__sd_2672_multipara_cell_4d1f068e_redline_6adcb54944_jubarte-093.docx — never reached in 3 batch pass(es)
2026-09-30 06:20:45.419 | ERROR    | __main__:_convert_batched:1730 - [batch] FAIL: f4e1903ff3_super_editor__sd_1707_list_enter_track_changes_w__vs__25f07e0823_super_editor__sd_1919_word_mixed_33e049ca_redline_4d4841f48c_jubarte-093.docx — never reached in 3 batch pass(es)
2026-09-30 06:20:45.421 | ERROR    | __main__:_convert_batched:1730 - [batch] FAIL: f4fa801783_sample_document_really_repaired_word_repaired__vs__451b3b3460_sample_document_word_repair_of_our_output_iter2_redline_72fecbe1f5_jubarte-093.docx — never reached in 3 batch pass(es)
2026-09-30 06:20:45.423 | ERROR    | __main__:_convert_batched:1730 - [batch] FAIL: f4faa3ad63_file_129__vs__1547c5df73_file_130_redline_206e9d2d17_jubarte-093.docx — never reached in 3 batch pass(es)
2026-09-30 06:20:45.424 | ERROR    | __main__:_convert_batched:1730 - [batch] FAIL: f529133cd5_super_editor__basic_comment_d3ba5f1e__vs__199cb211b5_super_editor__basic_footnotes_5be96945_redline_b547e31a0d_jubarte-093.docx — never reached in 3 batch pass(es)
2026-09-30 06:20:45.425 | ERROR    | __main__:_convert_batched:1730 - [batch] FAIL: f529133cd5_super_editor__basic_comment_d3ba5f1e__vs__2dc3e97d2a_super_editor__hyperlink_node_52b7695b_redline_4ce07ffaec_jubarte-093.docx — never reached in 3 batch pass(es)
2026-09-30 06:20:45.427 | ERROR    | __main__:_convert_batched:1730 - [batch] FAIL: f529133cd5_super_editor__basic_comment_d3ba5f1e__vs__3539cf2404_cli_legacy__replace_test_0a793f01_redline_a15dd224a7_jubarte-093.docx — never reached in 3 batch pass(es)
2026-09-30 06:20:45.430 | ERROR    | __main__:_convert_batched:1730 - [batch] FAIL: f529133cd5_super_editor__basic_comment_d3ba5f1e__vs__3b639ef236_super_editor__sdpr_8cc15994_redline_62f0f8ee91_jubarte-093.docx — never reached in 3 batch pass(es)
2026-09-30 06:20:45.431 | ERROR    | __main__:_convert_batched:1730 - [batch] FAIL: f529133cd5_super_editor__basic_comment_d3ba5f1e__vs__5fa01813d3_super_editor__basic_table_shading_d3212ffd_redline_b2704631d9_jubarte-093.docx — never reached in 3 batch pass(es)
2026-09-30 06:20:45.433 | ERROR    | __main__:_convert_batched:1730 - [batch] FAIL: f529133cd5_super_editor__basic_comment_d3ba5f1e__vs__75aeff4f58_super_editor__diff_after9_a9d4b4b0_redline_2eb4edf103_jubarte-093.docx — never reached in 3 batch pass(es)
2026-09-30 06:20:45.435 | ERROR    | __main__:_convert_batched:1730 - [batch] FAIL: f529133cd5_super_editor__basic_comment_d3ba5f1e__vs__8df6dfa8d7_alternate_content_redline_e8fafc3cba_jubarte-093.docx — never reached in 3 batch pass(es)
2026-09-30 06:20:45.437 | ERROR    | __main__:_convert_batched:1730 - [batch] FAIL: f584285fed_behavior__sd_2672_gridbefore_vmerge_7c895dff__vs__ae9360e096_behavior__sd_2672_merged_table_821b922c_redline_6f547c7a01_jubarte-093.docx — never reached in 3 batch pass(es)
2026-09-30 06:20:45.439 | ERROR    | __main__:_convert_batched:1730 - [batch] FAIL: f5bac425cd_word_tolerated_broken_media_rel__vs__d616476e12_word_tolerated_duplicate_ppr_redline_fd9df69e75_jubarte-093.docx — never reached in 3 batch pass(es)
2026-09-30 06:20:45.441 | ERROR    | __main__:_convert_batched:1730 - [batch] FAIL: f5e7ce8d94_italic_subscript_demo_style_default_missing__vs__bc1dd323f3_italic_text_formatting_demo_id_paraid_overflow_2_redline_ebb82f0e9b_jubarte-093.docx — never reached in 3 batch pass(es)
2026-09-30 06:20:45.443 | ERROR    | __main__:_convert_batched:1730 - [batch] FAIL: f601de1855_file_152__vs__746ad2b7f6_file_153_redline_49ed3281ea_jubarte-093.docx — never reached in 3 batch pass(es)
2026-09-30 06:20:45.444 | ERROR    | __main__:_convert_batched:1730 - [batch] FAIL: f62e209c7c_super_editor__paragraph_ppr_variations_a7653eb1__vs__bcc7379f64_super_editor__paragraph_spacing_missing_de418c38_redline_ae1647267d_jubarte-093.docx — never reached in 3 batch pass(es)
2026-09-30 06:20:45.446 | ERROR    | __main__:_convert_batched:1730 - [batch] FAIL: f644da9aeb_employee_directory_table_2__vs__7888085856_employee_directory_table_redline_81f83d335f_jubarte-093.docx — never reached in 3 batch pass(es)
2026-09-30 06:20:45.451 | ERROR    | __main__:_convert_batched:1730 - [batch] FAIL: f6bf50a9ee_heading_1_style_demo_id_paraid_overflow__vs__361c330b8d_heading_2_center_demo_id_paraid_overflow_redline_08c7668aa0_jubarte-093.docx — never reached in 3 batch pass(es)
2026-09-30 06:20:45.456 | ERROR    | __main__:_convert_batched:1730 - [batch] FAIL: f6de76cc94_numbered_list_italic_demo_id_paraid_overflow__vs__053c86de5f_open_sans_bold_underline_id_paraid_overflow_redline_0bde72da10_jubarte-093.docx — never reached in 3 batch pass(es)
2026-09-30 06:20:45.458 | ERROR    | __main__:_convert_batched:1730 - [batch] FAIL: f6de76cc94_numbered_list_italic_demo_id_paraid_overflow__vs__18eb110b3b_numwords_fldsimple_redline_452c8f76a5_jubarte-093.docx — never reached in 3 batch pass(es)
2026-09-30 06:20:45.460 | ERROR    | __main__:_convert_batched:1730 - [batch] FAIL: f6e1c253ff_super_editor__diff_before9_9818a85f__vs__0b1d0278ce_behavior__math_radical_tests_4c1ce187_redline_1445e94e75_jubarte-093.docx — never reached in 3 batch pass(es)
2026-09-30 06:20:45.461 | ERROR    | __main__:_convert_batched:1730 - [batch] FAIL: f6e1c253ff_super_editor__diff_before9_9818a85f__vs__0e1d01ec7d_super_editor__doc_with_graphs_diagrams_rotated_e_redline_108d3b4e97_jubarte-093.docx — never reached in 3 batch pass(es)
2026-09-30 06:20:45.462 | ERROR    | __main__:_convert_batched:1730 - [batch] FAIL: f6f35375dd_4b86cf0feb7f5bded449753bfe2950d19263d9c33580247d__vs__153475ecc3_630e2755d490dfd200220fd7138cb75964ae99d9fa116455_redline_c2d6b7dbc8_jubarte-093.docx — never reached in 3 batch pass(es)
2026-09-30 06:20:45.464 | ERROR    | __main__:_convert_batched:1730 - [batch] FAIL: f701e327ed_6a38e10504967e4c8d114e98a1ec4394a6ad0758771b60b3__vs__00163e55a0_7d35102e1569471281c726baa1f9e9cc31e56e839f337972_redline_bd704500fb_jubarte-093.docx — never reached in 3 batch pass(es)
2026-09-30 06:20:45.465 | ERROR    | __main__:_convert_batched:1730 - [batch] FAIL: f71a12ee23_super_editor__fields_attrs1_83837249__vs__3539cf2404_cli_legacy__replace_test_0a793f01_redline_7a1d3fbeba_jubarte-093.docx — never reached in 3 batch pass(es)
2026-09-30 06:20:45.467 | ERROR    | __main__:_convert_batched:1730 - [batch] FAIL: f71a12ee23_super_editor__fields_attrs1_83837249__vs__7b076416b0_sectpr_headerref_redline_0d3b1ce858_jubarte-093.docx — never reached in 3 batch pass(es)
2026-09-30 06:20:45.468 | ERROR    | __main__:_convert_batched:1730 - [batch] FAIL: f71a12ee23_super_editor__fields_attrs1_83837249__vs__8db63962d9_super_editor__fields_attrs2_fonts_ebd792fb_redline_1824b1df94_jubarte-093.docx — never reached in 3 batch pass(es)
2026-09-30 06:20:45.470 | ERROR    | __main__:_convert_batched:1730 - [batch] FAIL: f71a12ee23_super_editor__fields_attrs1_83837249__vs__f102bb2f46_super_editor__diff_before5_a5f60578_redline_306edcd34e_jubarte-093.docx — never reached in 3 batch pass(es)
2026-09-30 06:20:45.471 | ERROR    | __main__:_convert_batched:1730 - [batch] FAIL: f782ae23ec_super_editor__wordoriginatedcomments_c146be65__vs__3539cf2404_cli_legacy__replace_test_0a793f01_redline_3303e707c8_jubarte-093.docx — never reached in 3 batch pass(es)
2026-09-30 06:20:45.472 | ERROR    | __main__:_convert_batched:1730 - [batch] FAIL: f786f1da65_001921017566904561ee8ce26ec591c5fb4cd1655b295518__vs__1424386e9b_017447de83753a0e3b7afc659df038ef56972925336c6a5b_redline_4364428e37_jubarte-093.docx — never reached in 3 batch pass(es)
2026-09-30 06:20:45.473 | ERROR    | __main__:_convert_batched:1730 - [batch] FAIL: f786f1da65_001921017566904561ee8ce26ec591c5fb4cd1655b295518__vs__2773adf157_0004c94ca2a8684d47449bb0e7abf87de1df71a7e6543252_redline_bdea97dde1_jubarte-093.docx — never reached in 3 batch pass(es)
2026-09-30 06:20:45.475 | ERROR    | __main__:_convert_batched:1730 - [batch] FAIL: f786f1da65_001921017566904561ee8ce26ec591c5fb4cd1655b295518__vs__2e04202552_000e3e7bd2d6215fc7b469cc3e296c1b2a510bc1abc7e0fd_redline_0a0cd852ed_jubarte-093.docx — never reached in 3 batch pass(es)
2026-09-30 06:20:45.477 | ERROR    | __main__:_convert_batched:1730 - [batch] FAIL: f786f1da65_001921017566904561ee8ce26ec591c5fb4cd1655b295518__vs__333bfe069a_003416d620331122b93b434dad901db5836f60d2cad4b533_redline_3794c2d672_jubarte-093.docx — never reached in 3 batch pass(es)
2026-09-30 06:20:45.482 | ERROR    | __main__:_convert_batched:1730 - [batch] FAIL: f786f1da65_001921017566904561ee8ce26ec591c5fb4cd1655b295518__vs__342f364d46_001342333d45627868f4dc5282abbba4598a91b4a7584b08_redline_be486e3b25_jubarte-093.docx — never reached in 3 batch pass(es)
2026-09-30 06:20:45.484 | ERROR    | __main__:_convert_batched:1730 - [batch] FAIL: f786f1da65_001921017566904561ee8ce26ec591c5fb4cd1655b295518__vs__5203829c7a_001cc92b88566d5f930fe57f25813c0bf52a7bdc72c217d0_redline_cb330ddba7_jubarte-093.docx — never reached in 3 batch pass(es)
2026-09-30 06:20:45.486 | ERROR    | __main__:_convert_batched:1730 - [batch] FAIL: f786f1da65_001921017566904561ee8ce26ec591c5fb4cd1655b295518__vs__a5f2b9318d_002aa60c2ae1187417b4b157c5ec6450324cc056ec551a12_redline_f2f9d9b24a_jubarte-093.docx — never reached in 3 batch pass(es)
2026-09-30 06:20:45.487 | ERROR    | __main__:_convert_batched:1730 - [batch] FAIL: f786f1da65_001921017566904561ee8ce26ec591c5fb4cd1655b295518__vs__aa5340125d_00a4b0b91e9b5b072dc3771391c2d608518690eccf44eae8_redline_41c87b1359_jubarte-093.docx — never reached in 3 batch pass(es)
2026-09-30 06:20:45.489 | ERROR    | __main__:_convert_batched:1730 - [batch] FAIL: f786f1da65_001921017566904561ee8ce26ec591c5fb4cd1655b295518__vs__bd3824dd1e_000ee64ef7226d353297888f59a251e24ce5d776fea000fa_redline_dd1816c8cf_jubarte-093.docx — never reached in 3 batch pass(es)
2026-09-30 06:20:45.491 | ERROR    | __main__:_convert_batched:1730 - [batch] FAIL: f786f1da65_001921017566904561ee8ce26ec591c5fb4cd1655b295518__vs__deff0e697a_00b5defcad6e58038eac35472a2d48c89905068e5ece0cc3_redline_deab4d1fab_jubarte-093.docx — never reached in 3 batch pass(es)
2026-09-30 06:20:45.493 | ERROR    | __main__:_convert_batched:1730 - [batch] FAIL: f795b96ac4_behavior__math_delimiter_tests_c9d034dc__vs__22ccb1b200_super_editor__diff_after19_79c6b379_redline_d47a965ac5_jubarte-093.docx — never reached in 3 batch pass(es)
2026-09-30 06:20:45.494 | ERROR    | __main__:_convert_batched:1730 - [batch] FAIL: f795b96ac4_behavior__math_delimiter_tests_c9d034dc__vs__75aeff4f58_super_editor__diff_after9_a9d4b4b0_redline_898635595b_jubarte-093.docx — never reached in 3 batch pass(es)
2026-09-30 06:20:45.496 | ERROR    | __main__:_convert_batched:1730 - [batch] FAIL: f795b96ac4_behavior__math_delimiter_tests_c9d034dc__vs__79cb6b6c0f_behavior__word_native_bullet_disc_bfbeb2dd_redline_43b21d082c_jubarte-093.docx — never reached in 3 batch pass(es)
2026-09-30 06:20:45.498 | ERROR    | __main__:_convert_batched:1730 - [batch] FAIL: f795b96ac4_behavior__math_delimiter_tests_c9d034dc__vs__e3d152989b_behavior__math_eqarr_tests_40a1adb0_redline_5f586771fd_jubarte-093.docx — never reached in 3 batch pass(es)
2026-09-30 06:20:45.500 | ERROR    | __main__:_convert_batched:1730 - [batch] FAIL: f7d8cdf9a9_product_roadmap_2026_suggesting_insertions__vs__93db7f65b3_project_plan_suggesting_insertions_redline_218c9d60d5_jubarte-093.docx — never reached in 3 batch pass(es)
2026-09-30 06:20:45.501 | ERROR    | __main__:_convert_batched:1730 - [batch] FAIL: f7ece685ff_behavior__math_limit_tests_6dc07867__vs__3ad13eed3d_evals__document_9bff7e1b_redline_76d159d4b3_jubarte-093.docx — never reached in 3 batch pass(es)
2026-09-30 06:20:45.502 | ERROR    | __main__:_convert_batched:1730 - [batch] FAIL: f7ece685ff_behavior__math_limit_tests_6dc07867__vs__432a12b1a9_behavior__word_native_bullet_square_da8bb73c_redline_ca516d2f7f_jubarte-093.docx — never reached in 3 batch pass(es)
2026-09-30 06:20:45.503 | ERROR    | __main__:_convert_batched:1730 - [batch] FAIL: f7ece685ff_behavior__math_limit_tests_6dc07867__vs__6c0ad6c8ef_behavior__math_matrix_tests_a3b17e15_redline_4256a31075_jubarte-093.docx — never reached in 3 batch pass(es)
2026-09-30 06:20:45.505 | ERROR    | __main__:_convert_batched:1730 - [batch] FAIL: f809be38e3_526b9a2add7b99091cb17082b0173cf0494f0768c2a5d48d__vs__5ed92f798c_47f9e20139a5b07aae344e6f0fcbb842f9e3ca5f2746ac23_redline_cde0f6e857_jubarte-093.docx — never reached in 3 batch pass(es)
2026-09-30 06:20:45.506 | ERROR    | __main__:_convert_batched:1730 - [batch] FAIL: f83dd8794c_justify_alignment_demo_id_paraid_overflow_2__vs__56d80fab6a_justify_alignment_demo_id_paraid_overflow_redline_cedd5af88a_jubarte-093.docx — never reached in 3 batch pass(es)
2026-09-30 06:20:45.508 | ERROR    | __main__:_convert_batched:1730 - [batch] FAIL: f84571f3fc_bold_text_formatting_demo_id_paraid_overflow_2__vs__fdabb735ad_bold_text_formatting_demo_id_paraid_overflow_redline_031d0f0b06_jubarte-093.docx — never reached in 3 batch pass(es)
2026-09-30 06:20:45.514 | ERROR    | __main__:_convert_batched:1730 - [batch] FAIL: f884ff965b_subscript_demo_style_default_missing__vs__381ea58f00_subtitle_style_demo_id_paraid_overflow_redline_0787c21ef1_jubarte-093.docx — never reached in 3 batch pass(es)
2026-09-30 06:20:45.517 | ERROR    | __main__:_convert_batched:1730 - [batch] FAIL: f89ff5989b_evals__nda_7f304918__vs__0a2898b58a_evals__report_with_formatting_03f385ed_redline_cd9b4144f9_jubarte-093.docx — never reached in 3 batch pass(es)
2026-09-30 06:20:45.518 | ERROR    | __main__:_convert_batched:1730 - [batch] FAIL: f89ff5989b_evals__nda_7f304918__vs__18eb110b3b_numwords_fldsimple_redline_1988117669_jubarte-093.docx — never reached in 3 batch pass(es)
2026-09-30 06:20:45.518 | ERROR    | __main__:_convert_batched:1730 - [batch] FAIL: f8cb67d689_file_3__vs__f8f7ed1dc0_file_4_redline_6fb703911b_jubarte-093.docx — never reached in 3 batch pass(es)
2026-09-30 06:20:45.519 | ERROR    | __main__:_convert_batched:1730 - [batch] FAIL: f8ecf81d8b_font_size_demo_id_paraid_overflow__vs__2a69e1ce5c_green_bold_text_demo_id_paraid_overflow_redline_1197c62419_jubarte-093.docx — never reached in 3 batch pass(es)
2026-09-30 06:20:45.520 | ERROR    | __main__:_convert_batched:1730 - [batch] FAIL: f8ecf81d8b_font_size_demo_id_paraid_overflow__vs__64bdd3aded_footnotes_sample_redline_50108f87c5_jubarte-093.docx — never reached in 3 batch pass(es)
2026-09-30 06:20:45.520 | ERROR    | __main__:_convert_batched:1730 - [batch] FAIL: f8f7ed1dc0_file_4__vs__82ee7342fd_file_5_redline_1ca22e16ca_jubarte-093.docx — never reached in 3 batch pass(es)
2026-09-30 06:20:45.521 | ERROR    | __main__:_convert_batched:1730 - [batch] FAIL: f8f9857e80_title_style_demo_id_paraid_overflow__vs__39b73c977c_title_style_demo_style_default_missing_redline_2c6a62810a_jubarte-093.docx — never reached in 3 batch pass(es)
2026-09-30 06:20:45.523 | ERROR    | __main__:_convert_batched:1730 - [batch] FAIL: f901587291_docx_lots_of_comments_addition_redline_addition__vs__c9822f1008_docx_lots_of_comments_addition_redline_redline_82e22bbec6_jubarte-093.docx — never reached in 3 batch pass(es)
2026-09-30 06:20:45.527 | ERROR    | __main__:_convert_batched:1730 - [batch] FAIL: f94aeed5f5_001f4e98e9744f89b6f26b3741cb6439f8131bf89659230e__vs__1424386e9b_017447de83753a0e3b7afc659df038ef56972925336c6a5b_redline_ece42865e7_jubarte-093.docx — never reached in 3 batch pass(es)
2026-09-30 06:20:45.528 | ERROR    | __main__:_convert_batched:1730 - [batch] FAIL: f94aeed5f5_001f4e98e9744f89b6f26b3741cb6439f8131bf89659230e__vs__2773adf157_0004c94ca2a8684d47449bb0e7abf87de1df71a7e6543252_redline_c1a7769ddd_jubarte-093.docx — never reached in 3 batch pass(es)
2026-09-30 06:20:45.529 | ERROR    | __main__:_convert_batched:1730 - [batch] FAIL: f94aeed5f5_001f4e98e9744f89b6f26b3741cb6439f8131bf89659230e__vs__2e04202552_000e3e7bd2d6215fc7b469cc3e296c1b2a510bc1abc7e0fd_redline_c213810aca_jubarte-093.docx — never reached in 3 batch pass(es)
2026-09-30 06:20:45.530 | ERROR    | __main__:_convert_batched:1730 - [batch] FAIL: f94aeed5f5_001f4e98e9744f89b6f26b3741cb6439f8131bf89659230e__vs__333bfe069a_003416d620331122b93b434dad901db5836f60d2cad4b533_redline_3a7f98f21b_jubarte-093.docx — never reached in 3 batch pass(es)
2026-09-30 06:20:45.531 | ERROR    | __main__:_convert_batched:1730 - [batch] FAIL: f94aeed5f5_001f4e98e9744f89b6f26b3741cb6439f8131bf89659230e__vs__342f364d46_001342333d45627868f4dc5282abbba4598a91b4a7584b08_redline_564d441d36_jubarte-093.docx — never reached in 3 batch pass(es)
2026-09-30 06:20:45.533 | ERROR    | __main__:_convert_batched:1730 - [batch] FAIL: f94aeed5f5_001f4e98e9744f89b6f26b3741cb6439f8131bf89659230e__vs__5203829c7a_001cc92b88566d5f930fe57f25813c0bf52a7bdc72c217d0_redline_bd86c75e52_jubarte-093.docx — never reached in 3 batch pass(es)
2026-09-30 06:20:45.536 | ERROR    | __main__:_convert_batched:1730 - [batch] FAIL: f94aeed5f5_001f4e98e9744f89b6f26b3741cb6439f8131bf89659230e__vs__a5f2b9318d_002aa60c2ae1187417b4b157c5ec6450324cc056ec551a12_redline_751b38201f_jubarte-093.docx — never reached in 3 batch pass(es)
2026-09-30 06:20:45.538 | ERROR    | __main__:_convert_batched:1730 - [batch] FAIL: f94aeed5f5_001f4e98e9744f89b6f26b3741cb6439f8131bf89659230e__vs__aa5340125d_00a4b0b91e9b5b072dc3771391c2d608518690eccf44eae8_redline_24d37f7b5e_jubarte-093.docx — never reached in 3 batch pass(es)
2026-09-30 06:20:45.540 | ERROR    | __main__:_convert_batched:1730 - [batch] FAIL: f94aeed5f5_001f4e98e9744f89b6f26b3741cb6439f8131bf89659230e__vs__bd3824dd1e_000ee64ef7226d353297888f59a251e24ce5d776fea000fa_redline_c85d7fadac_jubarte-093.docx — never reached in 3 batch pass(es)
2026-09-30 06:20:45.542 | ERROR    | __main__:_convert_batched:1730 - [batch] FAIL: f94aeed5f5_001f4e98e9744f89b6f26b3741cb6439f8131bf89659230e__vs__deff0e697a_00b5defcad6e58038eac35472a2d48c89905068e5ece0cc3_redline_bb7bb84780_jubarte-093.docx — never reached in 3 batch pass(es)
2026-09-30 06:20:45.544 | ERROR    | __main__:_convert_batched:1730 - [batch] FAIL: f950268631_file_70__vs__13ccf06a72_file_71_redline_06abf273b8_jubarte-093.docx — never reached in 3 batch pass(es)
2026-09-30 06:20:45.545 | ERROR    | __main__:_convert_batched:1730 - [batch] FAIL: f96d955d1f_adc89f6f8c063857a4749aef826b32335f84f594f313784d__vs__2187372db5_7afce1a5de46c972eb12aa38086fda8ca550f4c811ef5d7f_redline_580f8e2e8a_jubarte-093.docx — never reached in 3 batch pass(es)
2026-09-30 06:20:45.546 | ERROR    | __main__:_convert_batched:1730 - [batch] FAIL: f999eb0cd4_b8eb69d5da1651ac1d6f5b7266fd567672cda7a9e9eab37b__vs__d2ba5bddc4_b9f2793b14613aaf0fdf7f451fe3da702bcfd98b34105b2b_redline_b0c99c33c7_jubarte-093.docx — never reached in 3 batch pass(es)
2026-09-30 06:20:45.548 | ERROR    | __main__:_convert_batched:1730 - [batch] FAIL: f9b9dbd790_0017bce9abd08007241b106f0fcf1d64e45c05cd82a05a1d__vs__1424386e9b_017447de83753a0e3b7afc659df038ef56972925336c6a5b_redline_2ea0a59b6a_jubarte-093.docx — never reached in 3 batch pass(es)
2026-09-30 06:20:45.550 | ERROR    | __main__:_convert_batched:1730 - [batch] FAIL: f9b9dbd790_0017bce9abd08007241b106f0fcf1d64e45c05cd82a05a1d__vs__2773adf157_0004c94ca2a8684d47449bb0e7abf87de1df71a7e6543252_redline_6bcf56a447_jubarte-093.docx — never reached in 3 batch pass(es)
2026-09-30 06:20:45.552 | ERROR    | __main__:_convert_batched:1730 - [batch] FAIL: f9b9dbd790_0017bce9abd08007241b106f0fcf1d64e45c05cd82a05a1d__vs__2e04202552_000e3e7bd2d6215fc7b469cc3e296c1b2a510bc1abc7e0fd_redline_b716c93528_jubarte-093.docx — never reached in 3 batch pass(es)
2026-09-30 06:20:45.554 | ERROR    | __main__:_convert_batched:1730 - [batch] FAIL: f9b9dbd790_0017bce9abd08007241b106f0fcf1d64e45c05cd82a05a1d__vs__333bfe069a_003416d620331122b93b434dad901db5836f60d2cad4b533_redline_a8c44068c2_jubarte-093.docx — never reached in 3 batch pass(es)
2026-09-30 06:20:45.556 | ERROR    | __main__:_convert_batched:1730 - [batch] FAIL: f9b9dbd790_0017bce9abd08007241b106f0fcf1d64e45c05cd82a05a1d__vs__342f364d46_001342333d45627868f4dc5282abbba4598a91b4a7584b08_redline_3a6aea7fd6_jubarte-093.docx — never reached in 3 batch pass(es)
2026-09-30 06:20:45.557 | ERROR    | __main__:_convert_batched:1730 - [batch] FAIL: f9b9dbd790_0017bce9abd08007241b106f0fcf1d64e45c05cd82a05a1d__vs__5203829c7a_001cc92b88566d5f930fe57f25813c0bf52a7bdc72c217d0_redline_415fa42f00_jubarte-093.docx — never reached in 3 batch pass(es)
2026-09-30 06:20:45.559 | ERROR    | __main__:_convert_batched:1730 - [batch] FAIL: f9b9dbd790_0017bce9abd08007241b106f0fcf1d64e45c05cd82a05a1d__vs__a5f2b9318d_002aa60c2ae1187417b4b157c5ec6450324cc056ec551a12_redline_51e52dbbaf_jubarte-093.docx — never reached in 3 batch pass(es)
2026-09-30 06:20:45.561 | ERROR    | __main__:_convert_batched:1730 - [batch] FAIL: f9b9dbd790_0017bce9abd08007241b106f0fcf1d64e45c05cd82a05a1d__vs__aa5340125d_00a4b0b91e9b5b072dc3771391c2d608518690eccf44eae8_redline_207461739c_jubarte-093.docx — never reached in 3 batch pass(es)
2026-09-30 06:20:45.562 | ERROR    | __main__:_convert_batched:1730 - [batch] FAIL: f9b9dbd790_0017bce9abd08007241b106f0fcf1d64e45c05cd82a05a1d__vs__bd3824dd1e_000ee64ef7226d353297888f59a251e24ce5d776fea000fa_redline_3eee1bceaf_jubarte-093.docx — never reached in 3 batch pass(es)
2026-09-30 06:20:45.563 | ERROR    | __main__:_convert_batched:1730 - [batch] FAIL: f9b9dbd790_0017bce9abd08007241b106f0fcf1d64e45c05cd82a05a1d__vs__deff0e697a_00b5defcad6e58038eac35472a2d48c89905068e5ece0cc3_redline_5e151b767c_jubarte-093.docx — never reached in 3 batch pass(es)
2026-09-30 06:20:45.565 | ERROR    | __main__:_convert_batched:1730 - [batch] FAIL: f9ca1d3348_277e57f3da9c9b557af1abffa61255c6e8036e032a64a874__vs__65695b941a_71df1fd99914a3abfca2de1775ccb4b2400f12430110f55d_redline_feacbc347e_jubarte-093.docx — never reached in 3 batch pass(es)
2026-09-30 06:20:45.568 | ERROR    | __main__:_convert_batched:1730 - [batch] FAIL: fa33fd104c_file_136__vs__e3e56d833b_file_137_redline_ed9f4b0a5b_jubarte-093.docx — never reached in 3 batch pass(es)
2026-09-30 06:20:45.574 | ERROR    | __main__:_convert_batched:1730 - [batch] FAIL: fa4d5010d8_layout_engine__basic_vector_shapes_e5f0ef49__vs__ad43500302_super_editor__list_numbering_reimport_d788d573_redline_9d682fe39d_jubarte-093.docx — never reached in 3 batch pass(es)
2026-09-30 06:20:45.576 | ERROR    | __main__:_convert_batched:1730 - [batch] FAIL: fa5b142e31_quarterly_performance_report_table__vs__c6f9b1571d_red_bold_heading_demo_style_default_missing_redline_7ef4149a19_jubarte-093.docx — never reached in 3 batch pass(es)
2026-09-30 06:20:45.579 | ERROR    | __main__:_convert_batched:1730 - [batch] FAIL: fa5b1dd76a_file_66__vs__57f861e6c4_file_67_redline_0c3d53058e_jubarte-093.docx — never reached in 3 batch pass(es)
2026-09-30 06:20:45.580 | ERROR    | __main__:_convert_batched:1730 - [batch] FAIL: fa6006c2ee_file_62__vs__5a508830cf_file_63_redline_0161808db0_jubarte-093.docx — never reached in 3 batch pass(es)
2026-09-30 06:20:45.583 | ERROR    | __main__:_convert_batched:1730 - [batch] FAIL: fa962f4b9d_file_79__vs__9d2146095f_file_80_redline_6169b89c33_jubarte-093.docx — never reached in 3 batch pass(es)
2026-09-30 06:20:45.584 | ERROR    | __main__:_convert_batched:1730 - [batch] FAIL: faa7c6b110_file_88__vs__57ff9e1b30_file_89_redline_4319e3d7c7_jubarte-093.docx — never reached in 3 batch pass(es)
2026-09-30 06:20:45.586 | ERROR    | __main__:_convert_batched:1730 - [batch] FAIL: fad179ac0c_file_85__vs__16c15842ae_file_86_redline_049b6411ab_jubarte-093.docx — never reached in 3 batch pass(es)
2026-09-30 06:20:45.587 | ERROR    | __main__:_convert_batched:1730 - [batch] FAIL: fad186fbc9_file_185__vs__5674014cbb_file_186_redline_c09f50d3f1_jubarte-093.docx — never reached in 3 batch pass(es)
2026-09-30 06:20:45.588 | ERROR    | __main__:_convert_batched:1730 - [batch] FAIL: fb1c56c1e0_fdf7dbac083ccb4be9870dac580f685d72e9cb78a9e1e824__vs__a9cfeef3a5_e9dbfb36238214117a1148b5b1ebb6ce93a718fcfc7357d4_redline_6ed1a241a2_jubarte-093.docx — never reached in 3 batch pass(es)
2026-09-30 06:20:45.590 | ERROR    | __main__:_convert_batched:1730 - [batch] FAIL: fb7e0f5c32_a908db22eafe0ddc365cd09429341464706ffb6d315fe03a__vs__8adb5d2b90_a5de68536253cfefa979b7c78ccbfd2f4d1316632aedf7c9_redline_496b13e942_jubarte-093.docx — never reached in 3 batch pass(es)
2026-09-30 06:20:45.592 | ERROR    | __main__:_convert_batched:1730 - [batch] FAIL: fb7e959776_blue_centered_title_demo_style_default_missing__vs__080a32894f_blue_italic_text_demo_id_paraid_overflow_redline_7f5ab5eb89_jubarte-093.docx — never reached in 3 batch pass(es)
2026-09-30 06:20:45.594 | ERROR    | __main__:_convert_batched:1730 - [batch] FAIL: fb85d194cb_23203fe6d92dfd722597a5820480664b6fa93fdf63d04cbe__vs__5d88ca2fc6_613418ce0a9bb74e12692fcaaa305ebd1196a5e3a8f56a13_redline_d610d90c10_jubarte-093.docx — never reached in 3 batch pass(es)
2026-09-30 06:20:45.596 | ERROR    | __main__:_convert_batched:1730 - [batch] FAIL: fbe14959b0_000f5278175aa01c2b9517b07e8a087014e4a05ab3e24f41__vs__1424386e9b_017447de83753a0e3b7afc659df038ef56972925336c6a5b_redline_2bd37cf59a_jubarte-093.docx — never reached in 3 batch pass(es)
2026-09-30 06:20:45.598 | ERROR    | __main__:_convert_batched:1730 - [batch] FAIL: fbe14959b0_000f5278175aa01c2b9517b07e8a087014e4a05ab3e24f41__vs__2773adf157_0004c94ca2a8684d47449bb0e7abf87de1df71a7e6543252_redline_1f36e9a00b_jubarte-093.docx — never reached in 3 batch pass(es)
2026-09-30 06:20:45.600 | ERROR    | __main__:_convert_batched:1730 - [batch] FAIL: fbe14959b0_000f5278175aa01c2b9517b07e8a087014e4a05ab3e24f41__vs__2e04202552_000e3e7bd2d6215fc7b469cc3e296c1b2a510bc1abc7e0fd_redline_638842c111_jubarte-093.docx — never reached in 3 batch pass(es)
2026-09-30 06:20:45.602 | ERROR    | __main__:_convert_batched:1730 - [batch] FAIL: fbe14959b0_000f5278175aa01c2b9517b07e8a087014e4a05ab3e24f41__vs__333bfe069a_003416d620331122b93b434dad901db5836f60d2cad4b533_redline_85aa26adba_jubarte-093.docx — never reached in 3 batch pass(es)
2026-09-30 06:20:45.604 | ERROR    | __main__:_convert_batched:1730 - [batch] FAIL: fbe14959b0_000f5278175aa01c2b9517b07e8a087014e4a05ab3e24f41__vs__342f364d46_001342333d45627868f4dc5282abbba4598a91b4a7584b08_redline_d452d8446d_jubarte-093.docx — never reached in 3 batch pass(es)
2026-09-30 06:20:45.607 | ERROR    | __main__:_convert_batched:1730 - [batch] FAIL: fbe14959b0_000f5278175aa01c2b9517b07e8a087014e4a05ab3e24f41__vs__5203829c7a_001cc92b88566d5f930fe57f25813c0bf52a7bdc72c217d0_redline_1b40a04f6e_jubarte-093.docx — never reached in 3 batch pass(es)
2026-09-30 06:20:45.611 | ERROR    | __main__:_convert_batched:1730 - [batch] FAIL: fbe14959b0_000f5278175aa01c2b9517b07e8a087014e4a05ab3e24f41__vs__a5f2b9318d_002aa60c2ae1187417b4b157c5ec6450324cc056ec551a12_redline_6fb9bbdb49_jubarte-093.docx — never reached in 3 batch pass(es)
2026-09-30 06:20:45.614 | ERROR    | __main__:_convert_batched:1730 - [batch] FAIL: fbe14959b0_000f5278175aa01c2b9517b07e8a087014e4a05ab3e24f41__vs__aa5340125d_00a4b0b91e9b5b072dc3771391c2d608518690eccf44eae8_redline_d6580e6209_jubarte-093.docx — never reached in 3 batch pass(es)
2026-09-30 06:20:45.618 | ERROR    | __main__:_convert_batched:1730 - [batch] FAIL: fbe14959b0_000f5278175aa01c2b9517b07e8a087014e4a05ab3e24f41__vs__bd3824dd1e_000ee64ef7226d353297888f59a251e24ce5d776fea000fa_redline_094759eca1_jubarte-093.docx — never reached in 3 batch pass(es)
2026-09-30 06:20:45.620 | ERROR    | __main__:_convert_batched:1730 - [batch] FAIL: fbe14959b0_000f5278175aa01c2b9517b07e8a087014e4a05ab3e24f41__vs__deff0e697a_00b5defcad6e58038eac35472a2d48c89905068e5ece0cc3_redline_dde913904e_jubarte-093.docx — never reached in 3 batch pass(es)
2026-09-30 06:20:45.621 | ERROR    | __main__:_convert_batched:1730 - [batch] FAIL: fc29454fff_89f617729d6e13b02ee455a6293f3bb99a733691efb9311a__vs__e3d461d691_e8b938f25b7a363d4ef544485a3e17717ee5369f4a8b637a_redline_8644055513_jubarte-093.docx — never reached in 3 batch pass(es)
2026-09-30 06:20:45.622 | ERROR    | __main__:_convert_batched:1730 - [batch] FAIL: fc5d9fecb7_00028d824d5d2262bc6e30692308cd1b577ac1dff228970d__vs__1424386e9b_017447de83753a0e3b7afc659df038ef56972925336c6a5b_redline_854b04698b_jubarte-093.docx — never reached in 3 batch pass(es)
2026-09-30 06:20:45.623 | ERROR    | __main__:_convert_batched:1730 - [batch] FAIL: fc5d9fecb7_00028d824d5d2262bc6e30692308cd1b577ac1dff228970d__vs__2773adf157_0004c94ca2a8684d47449bb0e7abf87de1df71a7e6543252_redline_f89e2f03ac_jubarte-093.docx — never reached in 3 batch pass(es)
2026-09-30 06:20:45.624 | ERROR    | __main__:_convert_batched:1730 - [batch] FAIL: fc5d9fecb7_00028d824d5d2262bc6e30692308cd1b577ac1dff228970d__vs__2e04202552_000e3e7bd2d6215fc7b469cc3e296c1b2a510bc1abc7e0fd_redline_9b49bbb009_jubarte-093.docx — never reached in 3 batch pass(es)
2026-09-30 06:20:45.625 | ERROR    | __main__:_convert_batched:1730 - [batch] FAIL: fc5d9fecb7_00028d824d5d2262bc6e30692308cd1b577ac1dff228970d__vs__333bfe069a_003416d620331122b93b434dad901db5836f60d2cad4b533_redline_7f450b2b12_jubarte-093.docx — never reached in 3 batch pass(es)
2026-09-30 06:20:45.626 | ERROR    | __main__:_convert_batched:1730 - [batch] FAIL: fc5d9fecb7_00028d824d5d2262bc6e30692308cd1b577ac1dff228970d__vs__342f364d46_001342333d45627868f4dc5282abbba4598a91b4a7584b08_redline_b9c294a2e1_jubarte-093.docx — never reached in 3 batch pass(es)
2026-09-30 06:20:45.626 | ERROR    | __main__:_convert_batched:1730 - [batch] FAIL: fc5d9fecb7_00028d824d5d2262bc6e30692308cd1b577ac1dff228970d__vs__5203829c7a_001cc92b88566d5f930fe57f25813c0bf52a7bdc72c217d0_redline_870274e32c_jubarte-093.docx — never reached in 3 batch pass(es)
2026-09-30 06:20:45.627 | ERROR    | __main__:_convert_batched:1730 - [batch] FAIL: fc5d9fecb7_00028d824d5d2262bc6e30692308cd1b577ac1dff228970d__vs__a5f2b9318d_002aa60c2ae1187417b4b157c5ec6450324cc056ec551a12_redline_1acd709985_jubarte-093.docx — never reached in 3 batch pass(es)
2026-09-30 06:20:45.632 | ERROR    | __main__:_convert_batched:1730 - [batch] FAIL: fc5d9fecb7_00028d824d5d2262bc6e30692308cd1b577ac1dff228970d__vs__aa5340125d_00a4b0b91e9b5b072dc3771391c2d608518690eccf44eae8_redline_9f271c8e1d_jubarte-093.docx — never reached in 3 batch pass(es)
2026-09-30 06:20:45.634 | ERROR    | __main__:_convert_batched:1730 - [batch] FAIL: fc5d9fecb7_00028d824d5d2262bc6e30692308cd1b577ac1dff228970d__vs__bd3824dd1e_000ee64ef7226d353297888f59a251e24ce5d776fea000fa_redline_7fdcd442c2_jubarte-093.docx — never reached in 3 batch pass(es)
2026-09-30 06:20:45.637 | ERROR    | __main__:_convert_batched:1730 - [batch] FAIL: fc5d9fecb7_00028d824d5d2262bc6e30692308cd1b577ac1dff228970d__vs__deff0e697a_00b5defcad6e58038eac35472a2d48c89905068e5ece0cc3_redline_4baf3b9f1b_jubarte-093.docx — never reached in 3 batch pass(es)
2026-09-30 06:20:45.639 | ERROR    | __main__:_convert_batched:1730 - [batch] FAIL: fc7446c442_file_19__vs__bb77c5d70e_file_20_redline_1a4f837e9e_jubarte-093.docx — never reached in 3 batch pass(es)
2026-09-30 06:20:45.640 | ERROR    | __main__:_convert_batched:1730 - [batch] FAIL: fca2e2d2fb_c7bc478bbf437dc674b15660baec7dc84871ae9fb72f59c7__vs__7da4c0927e_b9794019a3a163817e9882b71d9a9b70083625440919c6e3_redline_a72825a276_jubarte-093.docx — never reached in 3 batch pass(es)
2026-09-30 06:20:45.643 | ERROR    | __main__:_convert_batched:1730 - [batch] FAIL: fcc5e086dc_d38dd05c8c808a25b353ce7cb5fd8c30d6e32030eec8807b__vs__ba0e5d3d86_cd9a78ddbb58fe7243f12aed561becbe8b00c1777ba93709_redline_40291033f2_jubarte-093.docx — never reached in 3 batch pass(es)
2026-09-30 06:20:45.645 | ERROR    | __main__:_convert_batched:1730 - [batch] FAIL: fcde913d1d_file_166__vs__994bab4ce6_file_167_redline_27aaaf4187_jubarte-093.docx — never reached in 3 batch pass(es)
2026-09-30 06:20:45.646 | ERROR    | __main__:_convert_batched:1730 - [batch] FAIL: fd1d891f44_file_98__vs__c0723c2916_file_99_redline_0d06710c45_jubarte-093.docx — never reached in 3 batch pass(es)
2026-09-30 06:20:45.647 | ERROR    | __main__:_convert_batched:1730 - [batch] FAIL: fd4aefa551_file_144__vs__a1f5212957_file_145_redline_4a05dab534_jubarte-093.docx — never reached in 3 batch pass(es)
2026-09-30 06:20:45.651 | ERROR    | __main__:_convert_batched:1730 - [batch] FAIL: fd5a40bd94_underline_text_formatting_demo_style_default_mis__vs__f43929f70c_verdana_bold_large_font_id_paraid_overflow_redline_c964f553ef_jubarte-093.docx — never reached in 3 batch pass(es)
2026-09-30 06:20:45.652 | ERROR    | __main__:_convert_batched:1730 - [batch] FAIL: fd68f70f24_super_editor__ooxml_highlight_rstyle_linked_comb__vs__1e1f1ad583_super_editor__diff_before2_ca0c6859_redline_09b9bd2f9d_jubarte-093.docx — never reached in 3 batch pass(es)
2026-09-30 06:20:45.653 | ERROR    | __main__:_convert_batched:1730 - [batch] FAIL: fd68f70f24_super_editor__ooxml_highlight_rstyle_linked_comb__vs__a04e2d2749_ooxml_style_link_redline_bc6acbef20_jubarte-093.docx — never reached in 3 batch pass(es)
2026-09-30 06:20:45.659 | ERROR    | __main__:_convert_batched:1730 - [batch] FAIL: fd68f70f24_super_editor__ooxml_highlight_rstyle_linked_comb__vs__ba54aaab82_super_editor__ooxml_italic_rstyle_combos_demo_90_redline_67b4573b7d_jubarte-093.docx — never reached in 3 batch pass(es)
2026-09-30 06:20:45.660 | ERROR    | __main__:_convert_batched:1730 - [batch] FAIL: fdabb735ad_bold_text_formatting_demo_id_paraid_overflow__vs__08e3f68925_bold_underline_combined_demo_id_paraid_overflow_redline_acd5cf3bf2_jubarte-093.docx — never reached in 3 batch pass(es)
2026-09-30 06:20:45.663 | ERROR    | __main__:_convert_batched:1730 - [batch] FAIL: fdaf71bd6b_file_38__vs__d62983b275_file_39_redline_618d22429e_jubarte-093.docx — never reached in 3 batch pass(es)
2026-09-30 06:20:45.663 | ERROR    | __main__:_convert_batched:1730 - [batch] FAIL: fdb2976d19_01415d08f6d1a428e6949533adcd6249cf25676d98d0b78c__vs__1424386e9b_017447de83753a0e3b7afc659df038ef56972925336c6a5b_redline_e227d61add_jubarte-093.docx — never reached in 3 batch pass(es)
2026-09-30 06:20:45.665 | ERROR    | __main__:_convert_batched:1730 - [batch] FAIL: fdb2976d19_01415d08f6d1a428e6949533adcd6249cf25676d98d0b78c__vs__2773adf157_0004c94ca2a8684d47449bb0e7abf87de1df71a7e6543252_redline_91cd75730c_jubarte-093.docx — never reached in 3 batch pass(es)
2026-09-30 06:20:45.666 | ERROR    | __main__:_convert_batched:1730 - [batch] FAIL: fdb2976d19_01415d08f6d1a428e6949533adcd6249cf25676d98d0b78c__vs__2e04202552_000e3e7bd2d6215fc7b469cc3e296c1b2a510bc1abc7e0fd_redline_c87d6d7acc_jubarte-093.docx — never reached in 3 batch pass(es)
2026-09-30 06:20:45.667 | ERROR    | __main__:_convert_batched:1730 - [batch] FAIL: fdb2976d19_01415d08f6d1a428e6949533adcd6249cf25676d98d0b78c__vs__333bfe069a_003416d620331122b93b434dad901db5836f60d2cad4b533_redline_bd5a452533_jubarte-093.docx — never reached in 3 batch pass(es)
2026-09-30 06:20:45.668 | ERROR    | __main__:_convert_batched:1730 - [batch] FAIL: fdb2976d19_01415d08f6d1a428e6949533adcd6249cf25676d98d0b78c__vs__342f364d46_001342333d45627868f4dc5282abbba4598a91b4a7584b08_redline_df75b30ef4_jubarte-093.docx — never reached in 3 batch pass(es)
2026-09-30 06:20:45.672 | ERROR    | __main__:_convert_batched:1730 - [batch] FAIL: fdb2976d19_01415d08f6d1a428e6949533adcd6249cf25676d98d0b78c__vs__5203829c7a_001cc92b88566d5f930fe57f25813c0bf52a7bdc72c217d0_redline_53547c0ecb_jubarte-093.docx — never reached in 3 batch pass(es)
2026-09-30 06:20:45.674 | ERROR    | __main__:_convert_batched:1730 - [batch] FAIL: fdb2976d19_01415d08f6d1a428e6949533adcd6249cf25676d98d0b78c__vs__a5f2b9318d_002aa60c2ae1187417b4b157c5ec6450324cc056ec551a12_redline_76a536e0f9_jubarte-093.docx — never reached in 3 batch pass(es)
2026-09-30 06:20:45.675 | ERROR    | __main__:_convert_batched:1730 - [batch] FAIL: fdb2976d19_01415d08f6d1a428e6949533adcd6249cf25676d98d0b78c__vs__aa5340125d_00a4b0b91e9b5b072dc3771391c2d608518690eccf44eae8_redline_ee00700829_jubarte-093.docx — never reached in 3 batch pass(es)
2026-09-30 06:20:45.676 | ERROR    | __main__:_convert_batched:1730 - [batch] FAIL: fdb2976d19_01415d08f6d1a428e6949533adcd6249cf25676d98d0b78c__vs__bd3824dd1e_000ee64ef7226d353297888f59a251e24ce5d776fea000fa_redline_f78b44f607_jubarte-093.docx — never reached in 3 batch pass(es)
2026-09-30 06:20:45.678 | ERROR    | __main__:_convert_batched:1730 - [batch] FAIL: fdb2976d19_01415d08f6d1a428e6949533adcd6249cf25676d98d0b78c__vs__deff0e697a_00b5defcad6e58038eac35472a2d48c89905068e5ece0cc3_redline_c70f91f9b9_jubarte-093.docx — never reached in 3 batch pass(es)
2026-09-30 06:20:45.679 | ERROR    | __main__:_convert_batched:1730 - [batch] FAIL: fdd60beead_nested_table_rowspan__vs__41f0a98a46_numbered_list_demo_id_paraid_overflow_redline_196bfa1dd9_jubarte-093.docx — never reached in 3 batch pass(es)
2026-09-30 06:20:45.679 | ERROR    | __main__:_convert_batched:1730 - [batch] FAIL: fe11d14f44_behavior__sd_2447_toc_tab_alignment_8319c14c__vs__563331c6f3_super_editor__broken_complex_list_293fda86_redline_1093dd6cfd_jubarte-093.docx — never reached in 3 batch pass(es)
2026-09-30 06:20:45.680 | ERROR    | __main__:_convert_batched:1730 - [batch] FAIL: fe11d14f44_behavior__sd_2447_toc_tab_alignment_8319c14c__vs__8441c4ae21_sd_2517_localized_heading_styles_redline_9dfaecf9a9_jubarte-093.docx — never reached in 3 batch pass(es)
2026-09-30 06:20:45.681 | ERROR    | __main__:_convert_batched:1730 - [batch] FAIL: fe30a2695f_c51f8e00074742f311f06858841150c6302e5421dca6a679__vs__4792f8c6c1_1baa7641e4dff75e3351a92771d3721d1951054972c0415a_redline_95f7a84264_jubarte-093.docx — never reached in 3 batch pass(es)
2026-09-30 06:20:45.682 | ERROR    | __main__:_convert_batched:1730 - [batch] FAIL: fe445552ab_file_80__vs__2cfcf343a2_file_81_redline_7e58f498a8_jubarte-093.docx — never reached in 3 batch pass(es)
2026-09-30 06:20:45.683 | ERROR    | __main__:_convert_batched:1730 - [batch] FAIL: fe56cf6167_108f7099011f37945d9dbedca4d1bb0bceca12f388dea92d__vs__2fd5e4820a_1173e1c5df6f7197eebd8a9f2603347549bf5d33409e347c_redline_5d431c38ff_jubarte-093.docx — never reached in 3 batch pass(es)
2026-09-30 06:20:45.684 | ERROR    | __main__:_convert_batched:1730 - [batch] FAIL: ff47bdeea8_file_119__vs__868b5e44f4_file_120_redline_517b53a483_jubarte-093.docx — never reached in 3 batch pass(es)
2026-09-30 06:20:45.685 | ERROR    | __main__:_convert_batched:1730 - [batch] FAIL: ffbd6a0327_calibri_bold_italic_demo_id_paraid_overflow__vs__7d0c2f81c2_calibri_font_demo_id_paraid_overflow_2_redline_b18e1c63d6_jubarte-093.docx — never reached in 3 batch pass(es)
2026-09-30 06:20:45.686 | ERROR    | __main__:_convert_batched:1730 - [batch] FAIL: ffe6488f77_02d34f01cc1f76fda7d8f6f0484f1b62d066916e75fc6767__vs__559dcf675c_03f2673c98f5411065d51ac5c001638f7a8b8c0f9d7a5f06_redline_f19921855c_jubarte-093.docx — never reached in 3 batch pass(es)
