2026-09-29 18:37:53.314 | INFO     | __main__:preflight:1812 - [word] preflight: open_documents=0 started_clean=True launched_by_us=False close_documents=True
2026-09-29 18:37:53.480 | INFO     | __main__:convert_folder:1486 - [word] export: one_osascript=True documents=2611 accept_all=False reject_all=False
2026-09-29 18:49:53.298 | INFO     | __main__:_convert_batched:1685 - [batch] one osascript for 2611 document(s)
2026-09-29 18:49:58.328 | INFO     | __main__:_loop:1067 - [batch pdf 1] 4/2611
2026-09-29 18:50:03.358 | INFO     | __main__:_loop:1067 - [batch pdf 1] 9/2611
2026-09-29 18:50:08.389 | INFO     | __main__:_loop:1067 - [batch pdf 1] 14/2611
2026-09-29 18:50:13.415 | INFO     | __main__:_loop:1067 - [batch pdf 1] 19/2611
2026-09-29 18:50:18.440 | INFO     | __main__:_loop:1067 - [batch pdf 1] 24/2611
2026-09-29 18:50:23.465 | INFO     | __main__:_loop:1067 - [batch pdf 1] 28/2611
2026-09-29 18:50:28.486 | INFO     | __main__:_loop:1067 - [batch pdf 1] 34/2611
2026-09-29 18:50:38.515 | INFO     | __main__:_loop:1067 - [batch pdf 1] 38/2611
2026-09-29 18:50:43.535 | INFO     | __main__:_loop:1067 - [batch pdf 1] 44/2611
2026-09-29 18:50:48.564 | INFO     | __main__:_loop:1067 - [batch pdf 1] 49/2611
2026-09-29 18:50:53.594 | INFO     | __main__:_loop:1067 - [batch pdf 1] 53/2611
2026-09-29 18:50:58.625 | INFO     | __main__:_loop:1067 - [batch pdf 1] 58/2611
2026-09-29 18:51:03.661 | INFO     | __main__:_loop:1067 - [batch pdf 1] 62/2611
2026-09-29 18:51:08.691 | INFO     | __main__:_loop:1067 - [batch pdf 1] 67/2611
2026-09-29 18:51:13.713 | INFO     | __main__:_loop:1067 - [batch pdf 1] 72/2611
2026-09-29 18:51:18.740 | INFO     | __main__:_loop:1067 - [batch pdf 1] 77/2611
2026-09-29 18:51:23.758 | INFO     | __main__:_loop:1067 - [batch pdf 1] 82/2611
2026-09-29 18:51:28.786 | INFO     | __main__:_loop:1067 - [batch pdf 1] 86/2611
2026-09-29 18:51:33.809 | INFO     | __main__:_loop:1067 - [batch pdf 1] 91/2611
2026-09-29 18:51:38.829 | INFO     | __main__:_loop:1067 - [batch pdf 1] 95/2611
2026-09-29 18:51:43.851 | INFO     | __main__:_loop:1067 - [batch pdf 1] 96/2611
2026-09-29 18:51:48.877 | INFO     | __main__:_loop:1067 - [batch pdf 1] 100/2611
2026-09-29 18:51:53.899 | INFO     | __main__:_loop:1067 - [batch pdf 1] 105/2611
2026-09-29 18:51:58.939 | INFO     | __main__:_loop:1067 - [batch pdf 1] 110/2611
2026-09-29 18:52:03.965 | INFO     | __main__:_loop:1067 - [batch pdf 1] 114/2611
2026-09-29 18:52:09.006 | INFO     | __main__:_loop:1067 - [batch pdf 1] 119/2611
2026-09-29 18:52:14.043 | INFO     | __main__:_loop:1067 - [batch pdf 1] 123/2611
2026-09-29 18:52:19.058 | INFO     | __main__:_loop:1067 - [batch pdf 1] 127/2611
2026-09-29 18:52:24.075 | INFO     | __main__:_loop:1067 - [batch pdf 1] 131/2611
2026-09-29 18:52:29.102 | INFO     | __main__:_loop:1067 - [batch pdf 1] 136/2611
2026-09-29 18:52:34.136 | INFO     | __main__:_loop:1067 - [batch pdf 1] 139/2611
2026-09-29 18:52:39.161 | INFO     | __main__:_loop:1067 - [batch pdf 1] 143/2611
2026-09-29 18:52:44.194 | INFO     | __main__:_loop:1067 - [batch pdf 1] 147/2611
2026-09-29 18:52:49.224 | INFO     | __main__:_loop:1067 - [batch pdf 1] 151/2611
2026-09-29 18:52:54.253 | INFO     | __main__:_loop:1067 - [batch pdf 1] 156/2611
2026-09-29 18:52:59.294 | INFO     | __main__:_loop:1067 - [batch pdf 1] 160/2611
2026-09-29 18:53:04.315 | INFO     | __main__:_loop:1067 - [batch pdf 1] 165/2611
2026-09-29 18:53:09.357 | INFO     | __main__:_loop:1067 - [batch pdf 1] 169/2611
2026-09-29 18:53:14.385 | INFO     | __main__:_loop:1067 - [batch pdf 1] 174/2611
2026-09-29 18:53:19.405 | INFO     | __main__:_loop:1067 - [batch pdf 1] 178/2611
2026-09-29 18:53:24.426 | INFO     | __main__:_loop:1067 - [batch pdf 1] 182/2611
2026-09-29 18:53:29.448 | INFO     | __main__:_loop:1067 - [batch pdf 1] 186/2611
2026-09-29 18:53:34.478 | INFO     | __main__:_loop:1067 - [batch pdf 1] 190/2611
2026-09-29 18:53:39.501 | INFO     | __main__:_loop:1067 - [batch pdf 1] 194/2611
2026-09-29 18:53:44.537 | INFO     | __main__:_loop:1067 - [batch pdf 1] 199/2611
2026-09-29 18:53:49.554 | INFO     | __main__:_loop:1067 - [batch pdf 1] 200/2611
2026-09-29 18:53:54.583 | INFO     | __main__:_loop:1067 - [batch pdf 1] 204/2611
2026-09-29 18:53:59.609 | INFO     | __main__:_loop:1067 - [batch pdf 1] 209/2611
2026-09-29 18:54:04.631 | INFO     | __main__:_loop:1067 - [batch pdf 1] 214/2611
2026-09-29 18:54:09.646 | INFO     | __main__:_loop:1067 - [batch pdf 1] 219/2611
2026-09-29 18:54:14.671 | INFO     | __main__:_loop:1067 - [batch pdf 1] 222/2611
2026-09-29 18:54:19.696 | INFO     | __main__:_loop:1067 - [batch pdf 1] 227/2611
2026-09-29 18:54:24.715 | INFO     | __main__:_loop:1067 - [batch pdf 1] 231/2611
2026-09-29 18:54:29.737 | INFO     | __main__:_loop:1067 - [batch pdf 1] 235/2611
2026-09-29 18:54:34.759 | INFO     | __main__:_loop:1067 - [batch pdf 1] 240/2611
2026-09-29 18:54:39.776 | INFO     | __main__:_loop:1067 - [batch pdf 1] 244/2611
2026-09-29 18:54:44.803 | INFO     | __main__:_loop:1067 - [batch pdf 1] 247/2611
2026-09-29 18:54:49.829 | INFO     | __main__:_loop:1067 - [batch pdf 1] 251/2611
2026-09-29 18:54:54.851 | INFO     | __main__:_loop:1067 - [batch pdf 1] 255/2611
2026-09-29 18:54:59.872 | INFO     | __main__:_loop:1067 - [batch pdf 1] 259/2611
2026-09-29 18:55:04.895 | INFO     | __main__:_loop:1067 - [batch pdf 1] 262/2611
2026-09-29 18:55:09.916 | INFO     | __main__:_loop:1067 - [batch pdf 1] 265/2611
2026-09-29 18:55:14.939 | INFO     | __main__:_loop:1067 - [batch pdf 1] 267/2611
2026-09-29 18:55:19.961 | INFO     | __main__:_loop:1067 - [batch pdf 1] 270/2611
2026-09-29 18:55:24.990 | INFO     | __main__:_loop:1067 - [batch pdf 1] 273/2611
2026-09-29 18:56:17.345 | WARNING  | __main__:_loop:1072 - [batch pdf 1] item 274/2611 open for more than 30 s:
-- Word windows {name, subrole}: ,
-- Word window text: 
-- crash reporters: 
-- batch-pdf-1.log:
[ok]	0
[ok]	1
[ok]	2
[ok]	3
[ok]	4
[ok]	5
[ok]	6
[ok]	7
[ok]	8
[ok]	9
[ok]	10
[ok]	11
[ok]	12
[ok]	13
[ok]	14
[ok]	15
[ok]	16
[ok]	17
[ok]	18
[ok]	19
[ok]	20
[ok]	21
[ok]	22
[ok]	23
[ok]	24
[ok]	25
[ok]	26
[ok]	27
[ok]	28
[ok]	29
[ok]	30
[ok]	31
[ok]	32
[ok]	33
[ok]	34
[ok]	35
[ok]	36
[ok]	37
[ok]	38
[ok]	39
[ok]	40
[ok]	41
[ok]	42
[ok]	43
[ok]	44
[ok]	45
[ok]	46
[ok]	47
[ok]	48
[ok]	49
[ok]	50
[ok]	51
[ok]	52
[ok]	53
[ok]	54
[ok]	55
[ok]	56
[ok]	57
[ok]	58
[ok]	59
[ok]	60
[ok]	61
[ok]	62
[ok]	63
[ok]	64
[ok]	65
[ok]	66
[ok]	67
[ok]	68
[ok]	69
[ok]	70
[ok]	71
[ok]	72
[ok]	73
[ok]	74
[ok]	75
[ok]	76
[ok]	77
[ok]	78
[ok]	79
[ok]	80
[ok]	81
[ok]	82
[ok]	83
[ok]	84
[ok]	85
[ok]	86
[ok]	87
[ok]	88
[ok]	89
[ok]	90
[ok]	91
[ok]	92
[ok]	93
[ok]	94
[ok]	95
[ok]	96
[ok]	97
[ok]	98
[ok]	99
[ok]	100
[ok]	101
[ok]	102
[ok]	103
[ok]	104
[ok]	105
[ok]	106
[ok]	107
[ok]	108
[ok]	109
[ok]	110
[ok]	111
[ok]	112
[ok]	113
[ok]	114
[ok]	115
[ok]	116
[ok]	117
[ok]	118
[ok]	119
[ok]	120
[ok]	121
[ok]	122
[ok]	123
[ok]	124
[ok]	125
[ok]	126
[ok]	127
[ok]	128
[ok]	129
[ok]	130
[ok]	131
[ok]	132
[ok]	133
[ok]	134
[ok]	135
[ok]	136
[ok]	137
[ok]	138
[ok]	139
[ok]	140
[ok]	141
[ok]	142
[ok]	143
[ok]	144
[ok]	145
[ok]	146
[ok]	147
[ok]	148
[ok]	149
[ok]	150
[ok]	151
[ok]	152
[ok]	153
[ok]	154
[ok]	155
[ok]	156
[ok]	157
[ok]	158
[ok]	159
[ok]	160
[ok]	161
[ok]	162
[ok]	163
[ok]	164
[ok]	165
[ok]	166
[ok]	167
[ok]	168
[ok]	169
[ok]	170
[ok]	171
[ok]	172
[ok]	173
[ok]	174
[ok]	175
[ok]	176
[ok]	177
[ok]	178
[ok]	179
[ok]	180
[ok]	181
[ok]	182
[ok]	183
[ok]	184
[ok]	185
[ok]	186
[ok]	187
[ok]	188
[ok]	189
[ok]	190
[ok]	191
[ok]	192
[ok]	193
[ok]	194
[ok]	195
[ok]	196
[ok]	197
[ok]	198
[ok]	199
[ok]	200
[ok]	201
[ok]	202
[ok]	203
[ok]	204
[ok]	205
[ok]	206
[ok]	207
[ok]	208
[ok]	209
[ok]	210
[ok]	211
[ok]	212
[ok]	213
[ok]	214
[ok]	215
[ok]	216
[ok]	217
[ok]	218
[ok]	219
[ok]	220
[ok]	221
[ok]	222
[ok]	223
[ok]	224
[ok]	225
[ok]	226
[ok]	227
[ok]	228
[ok]	229
[ok]	230
[ok]	231
[ok]	232
[ok]	233
[ok]	234
[ok]	235
[ok]	236
[ok]	237
[ok]	238
[ok]	239
[ok]	240
[ok]	241
[ok]	242
[ok]	243
[ok]	244
[ok]	245
[ok]	246
[ok]	247
[ok]	248
[ok]	249
[ok]	250
[ok]	251
[ok]	252
[ok]	253
[ok]	254
[ok]	255
[ok]	256
[ok]	257
[ok]	258
[ok]	259
[ok]	260
[ok]	261
[ok]	262
[ok]	263
[ok]	264
[ok]	265
[ok]	266
[ok]	267
[ok]	268
[ok]	269
[ok]	270
[ok]	271
[ok]	272
-- newest diagnostic reports: biome-2026-09-29-094107.ips, soffice-2026-09-28-104720.ips, soffice-2026-09-28-105517.ips, soffice-2026-09-28-105123.000.ips, soffice-2026-09-28-105123.ips
2026-09-29 19:00:44.141 | WARNING  | __main__:run_batch_with_resume:1206 - [batch pdf] 2337 item(s) never reached (ended without reaching them); recycling Word and retrying the rest first, retried items last (pass 2, 1 of 3 stalled passes used)
2026-09-29 19:00:44.143 | WARNING  | __main__:recycle:725 - [word] restarting a Word this run did not launch. If you set "Optimize for: Best for printing" by hand, re-check it before trusting the PDFs rendered after this point.
2026-09-29 19:00:44.145 | WARNING  | __main__:recycle:731 - [word] recycling (restart 1)
2026-09-29 19:00:56.910 | INFO     | __main__:_loop:1067 - [batch pdf 2] 4/2337
2026-09-29 19:01:01.931 | INFO     | __main__:_loop:1067 - [batch pdf 2] 9/2337
2026-09-29 19:01:06.955 | INFO     | __main__:_loop:1067 - [batch pdf 2] 14/2337
2026-09-29 19:01:11.975 | INFO     | __main__:_loop:1067 - [batch pdf 2] 20/2337
2026-09-29 19:01:16.997 | INFO     | __main__:_loop:1067 - [batch pdf 2] 26/2337
2026-09-29 19:01:22.019 | INFO     | __main__:_loop:1067 - [batch pdf 2] 31/2337
2026-09-29 19:01:27.038 | INFO     | __main__:_loop:1067 - [batch pdf 2] 37/2337
2026-09-29 19:01:32.056 | INFO     | __main__:_loop:1067 - [batch pdf 2] 42/2337
2026-09-29 19:01:37.077 | INFO     | __main__:_loop:1067 - [batch pdf 2] 43/2337
2026-09-29 19:01:52.141 | INFO     | __main__:_loop:1067 - [batch pdf 2] 44/2337
2026-09-29 19:01:57.162 | INFO     | __main__:_loop:1067 - [batch pdf 2] 48/2337
2026-09-29 19:02:02.178 | INFO     | __main__:_loop:1067 - [batch pdf 2] 53/2337
2026-09-29 19:02:07.197 | INFO     | __main__:_loop:1067 - [batch pdf 2] 58/2337
2026-09-29 19:02:12.221 | INFO     | __main__:_loop:1067 - [batch pdf 2] 64/2337
2026-09-29 19:02:17.253 | INFO     | __main__:_loop:1067 - [batch pdf 2] 65/2337
2026-09-29 19:02:22.273 | INFO     | __main__:_loop:1067 - [batch pdf 2] 70/2337
2026-09-29 19:02:27.289 | INFO     | __main__:_loop:1067 - [batch pdf 2] 75/2337
2026-09-29 19:02:32.315 | INFO     | __main__:_loop:1067 - [batch pdf 2] 80/2337
2026-09-29 19:02:37.337 | INFO     | __main__:_loop:1067 - [batch pdf 2] 85/2337
2026-09-29 19:02:42.363 | INFO     | __main__:_loop:1067 - [batch pdf 2] 90/2337
2026-09-29 19:02:47.387 | INFO     | __main__:_loop:1067 - [batch pdf 2] 94/2337
2026-09-29 19:02:52.407 | INFO     | __main__:_loop:1067 - [batch pdf 2] 99/2337
2026-09-29 19:02:57.432 | INFO     | __main__:_loop:1067 - [batch pdf 2] 104/2337
2026-09-29 19:03:02.456 | INFO     | __main__:_loop:1067 - [batch pdf 2] 109/2337
2026-09-29 19:03:07.479 | INFO     | __main__:_loop:1067 - [batch pdf 2] 110/2337
2026-09-29 19:03:27.564 | INFO     | __main__:_loop:1067 - [batch pdf 2] 111/2337
2026-09-29 19:03:32.588 | INFO     | __main__:_loop:1067 - [batch pdf 2] 115/2337
2026-09-29 19:03:37.614 | INFO     | __main__:_loop:1067 - [batch pdf 2] 118/2337
2026-09-29 19:03:52.637 | INFO     | __main__:_loop:1067 - [batch pdf 2] 122/2337
2026-09-29 19:03:57.679 | INFO     | __main__:_loop:1067 - [batch pdf 2] 126/2337
2026-09-29 19:04:02.701 | INFO     | __main__:_loop:1067 - [batch pdf 2] 131/2337
2026-09-29 19:04:07.719 | INFO     | __main__:_loop:1067 - [batch pdf 2] 134/2337
2026-09-29 19:04:12.761 | INFO     | __main__:_loop:1067 - [batch pdf 2] 138/2337
2026-09-29 19:04:17.791 | INFO     | __main__:_loop:1067 - [batch pdf 2] 142/2337
2026-09-29 19:04:22.824 | INFO     | __main__:_loop:1067 - [batch pdf 2] 146/2337
2026-09-29 19:04:27.847 | INFO     | __main__:_loop:1067 - [batch pdf 2] 151/2337
2026-09-29 19:04:32.881 | INFO     | __main__:_loop:1067 - [batch pdf 2] 155/2337
2026-09-29 19:04:37.910 | INFO     | __main__:_loop:1067 - [batch pdf 2] 160/2337
2026-09-29 19:04:42.951 | INFO     | __main__:_loop:1067 - [batch pdf 2] 164/2337
2026-09-29 19:04:47.973 | INFO     | __main__:_loop:1067 - [batch pdf 2] 168/2337
2026-09-29 19:04:53.002 | INFO     | __main__:_loop:1067 - [batch pdf 2] 173/2337
2026-09-29 19:04:58.024 | INFO     | __main__:_loop:1067 - [batch pdf 2] 177/2337
2026-09-29 19:05:03.063 | INFO     | __main__:_loop:1067 - [batch pdf 2] 181/2337
2026-09-29 19:05:08.083 | INFO     | __main__:_loop:1067 - [batch pdf 2] 185/2337
2026-09-29 19:05:13.103 | INFO     | __main__:_loop:1067 - [batch pdf 2] 189/2337
2026-09-29 19:05:18.123 | INFO     | __main__:_loop:1067 - [batch pdf 2] 193/2337
2026-09-29 19:05:23.149 | INFO     | __main__:_loop:1067 - [batch pdf 2] 196/2337
2026-09-29 19:05:28.168 | INFO     | __main__:_loop:1067 - [batch pdf 2] 200/2337
2026-09-29 19:05:33.184 | INFO     | __main__:_loop:1067 - [batch pdf 2] 205/2337
2026-09-29 19:05:38.204 | INFO     | __main__:_loop:1067 - [batch pdf 2] 209/2337
2026-09-29 19:05:43.234 | INFO     | __main__:_loop:1067 - [batch pdf 2] 213/2337
2026-09-29 19:05:48.261 | INFO     | __main__:_loop:1067 - [batch pdf 2] 217/2337
2026-09-29 19:06:13.317 | INFO     | __main__:_loop:1067 - [batch pdf 2] 218/2337
2026-09-29 19:06:18.339 | INFO     | __main__:_loop:1067 - [batch pdf 2] 222/2337
2026-09-29 19:06:23.392 | INFO     | __main__:_loop:1067 - [batch pdf 2] 226/2337
2026-09-29 19:06:28.430 | INFO     | __main__:_loop:1067 - [batch pdf 2] 230/2337
2026-09-29 19:06:33.461 | INFO     | __main__:_loop:1067 - [batch pdf 2] 234/2337
2026-09-29 19:06:38.482 | INFO     | __main__:_loop:1067 - [batch pdf 2] 238/2337
2026-09-29 19:06:43.503 | INFO     | __main__:_loop:1067 - [batch pdf 2] 242/2337
2026-09-29 19:06:48.524 | INFO     | __main__:_loop:1067 - [batch pdf 2] 246/2337
2026-09-29 19:06:53.544 | INFO     | __main__:_loop:1067 - [batch pdf 2] 250/2337
2026-09-29 19:06:58.566 | INFO     | __main__:_loop:1067 - [batch pdf 2] 254/2337
2026-09-29 19:07:03.594 | INFO     | __main__:_loop:1067 - [batch pdf 2] 258/2337
2026-09-29 19:07:08.626 | INFO     | __main__:_loop:1067 - [batch pdf 2] 260/2337
2026-09-29 19:07:13.663 | INFO     | __main__:_loop:1067 - [batch pdf 2] 263/2337
2026-09-29 19:07:18.690 | INFO     | __main__:_loop:1067 - [batch pdf 2] 266/2337
2026-09-29 19:07:23.718 | INFO     | __main__:_loop:1067 - [batch pdf 2] 270/2337
2026-09-29 19:07:28.740 | INFO     | __main__:_loop:1067 - [batch pdf 2] 274/2337
2026-09-29 19:07:33.759 | INFO     | __main__:_loop:1067 - [batch pdf 2] 277/2337
2026-09-29 19:07:38.790 | INFO     | __main__:_loop:1067 - [batch pdf 2] 280/2337
2026-09-29 19:07:43.809 | INFO     | __main__:_loop:1067 - [batch pdf 2] 284/2337
2026-09-29 19:07:48.835 | INFO     | __main__:_loop:1067 - [batch pdf 2] 288/2337
2026-09-29 19:07:53.880 | INFO     | __main__:_loop:1067 - [batch pdf 2] 292/2337
2026-09-29 19:07:58.911 | INFO     | __main__:_loop:1067 - [batch pdf 2] 295/2337
2026-09-29 19:08:03.948 | INFO     | __main__:_loop:1067 - [batch pdf 2] 298/2337
2026-09-29 19:08:09.002 | INFO     | __main__:_loop:1067 - [batch pdf 2] 301/2337
2026-09-29 19:08:14.074 | INFO     | __main__:_loop:1067 - [batch pdf 2] 305/2337
2026-09-29 19:08:19.100 | INFO     | __main__:_loop:1067 - [batch pdf 2] 308/2337
2026-09-29 19:08:24.122 | INFO     | __main__:_loop:1067 - [batch pdf 2] 309/2337
2026-09-29 19:08:29.145 | INFO     | __main__:_loop:1067 - [batch pdf 2] 312/2337
2026-09-29 19:08:34.166 | INFO     | __main__:_loop:1067 - [batch pdf 2] 316/2337
2026-09-29 19:08:39.235 | INFO     | __main__:_loop:1067 - [batch pdf 2] 319/2337
2026-09-29 19:08:44.266 | INFO     | __main__:_loop:1067 - [batch pdf 2] 322/2337
2026-09-29 19:08:49.299 | INFO     | __main__:_loop:1067 - [batch pdf 2] 324/2337
2026-09-29 19:08:54.347 | INFO     | __main__:_loop:1067 - [batch pdf 2] 326/2337
2026-09-29 19:08:59.370 | INFO     | __main__:_loop:1067 - [batch pdf 2] 329/2337
2026-09-29 19:09:04.392 | INFO     | __main__:_loop:1067 - [batch pdf 2] 332/2337
2026-09-29 19:09:09.413 | INFO     | __main__:_loop:1067 - [batch pdf 2] 336/2337
2026-09-29 19:09:14.440 | INFO     | __main__:_loop:1067 - [batch pdf 2] 339/2337
2026-09-29 19:09:19.463 | INFO     | __main__:_loop:1067 - [batch pdf 2] 342/2337
2026-09-29 19:09:24.486 | INFO     | __main__:_loop:1067 - [batch pdf 2] 345/2337
2026-09-29 19:09:29.563 | INFO     | __main__:_loop:1067 - [batch pdf 2] 347/2337
2026-09-29 19:09:34.598 | INFO     | __main__:_loop:1067 - [batch pdf 2] 350/2337
2026-09-29 19:09:39.639 | INFO     | __main__:_loop:1067 - [batch pdf 2] 353/2337
2026-09-29 19:09:44.664 | INFO     | __main__:_loop:1067 - [batch pdf 2] 356/2337
2026-09-29 19:09:49.682 | INFO     | __main__:_loop:1067 - [batch pdf 2] 360/2337
2026-09-29 19:09:54.707 | INFO     | __main__:_loop:1067 - [batch pdf 2] 362/2337
2026-09-29 19:09:59.729 | INFO     | __main__:_loop:1067 - [batch pdf 2] 365/2337
2026-09-29 19:10:04.757 | INFO     | __main__:_loop:1067 - [batch pdf 2] 369/2337
2026-09-29 19:10:09.799 | INFO     | __main__:_loop:1067 - [batch pdf 2] 372/2337
2026-09-29 19:10:14.825 | INFO     | __main__:_loop:1067 - [batch pdf 2] 376/2337
2026-09-29 19:10:19.844 | INFO     | __main__:_loop:1067 - [batch pdf 2] 380/2337
2026-09-29 19:10:24.864 | INFO     | __main__:_loop:1067 - [batch pdf 2] 383/2337
2026-09-29 19:10:29.896 | INFO     | __main__:_loop:1067 - [batch pdf 2] 386/2337
2026-09-29 19:10:34.927 | INFO     | __main__:_loop:1067 - [batch pdf 2] 389/2337
2026-09-29 19:10:39.966 | INFO     | __main__:_loop:1067 - [batch pdf 2] 392/2337
2026-09-29 19:10:44.986 | INFO     | __main__:_loop:1067 - [batch pdf 2] 395/2337
2026-09-29 19:10:50.006 | INFO     | __main__:_loop:1067 - [batch pdf 2] 398/2337
2026-09-29 19:10:55.028 | INFO     | __main__:_loop:1067 - [batch pdf 2] 402/2337
2026-09-29 19:11:00.049 | INFO     | __main__:_loop:1067 - [batch pdf 2] 405/2337
2026-09-29 19:11:05.072 | INFO     | __main__:_loop:1067 - [batch pdf 2] 408/2337
2026-09-29 19:11:10.092 | INFO     | __main__:_loop:1067 - [batch pdf 2] 411/2337
2026-09-29 19:11:15.120 | INFO     | __main__:_loop:1067 - [batch pdf 2] 415/2337
2026-09-29 19:11:20.144 | INFO     | __main__:_loop:1067 - [batch pdf 2] 417/2337
2026-09-29 19:11:25.178 | INFO     | __main__:_loop:1067 - [batch pdf 2] 419/2337
2026-09-29 19:11:30.206 | INFO     | __main__:_loop:1067 - [batch pdf 2] 422/2337
2026-09-29 19:11:35.233 | INFO     | __main__:_loop:1067 - [batch pdf 2] 424/2337
2026-09-29 19:11:40.262 | INFO     | __main__:_loop:1067 - [batch pdf 2] 427/2337
2026-09-29 19:11:45.295 | INFO     | __main__:_loop:1067 - [batch pdf 2] 430/2337
2026-09-29 19:11:50.320 | INFO     | __main__:_loop:1067 - [batch pdf 2] 433/2337
2026-09-29 19:11:55.343 | INFO     | __main__:_loop:1067 - [batch pdf 2] 437/2337
2026-09-29 19:12:00.373 | INFO     | __main__:_loop:1067 - [batch pdf 2] 440/2337
2026-09-29 19:12:05.400 | INFO     | __main__:_loop:1067 - [batch pdf 2] 443/2337
2026-09-29 19:12:10.421 | INFO     | __main__:_loop:1067 - [batch pdf 2] 446/2337
2026-09-29 19:12:15.444 | INFO     | __main__:_loop:1067 - [batch pdf 2] 449/2337
2026-09-29 19:12:20.490 | INFO     | __main__:_loop:1067 - [batch pdf 2] 451/2337
2026-09-29 19:12:25.517 | INFO     | __main__:_loop:1067 - [batch pdf 2] 455/2337
2026-09-29 19:12:30.568 | INFO     | __main__:_loop:1067 - [batch pdf 2] 458/2337
2026-09-29 19:12:35.587 | INFO     | __main__:_loop:1067 - [batch pdf 2] 461/2337
2026-09-29 19:12:40.609 | INFO     | __main__:_loop:1067 - [batch pdf 2] 463/2337
2026-09-29 19:12:45.630 | INFO     | __main__:_loop:1067 - [batch pdf 2] 465/2337
2026-09-29 19:12:55.678 | INFO     | __main__:_loop:1067 - [batch pdf 2] 468/2337
2026-09-29 19:13:00.710 | INFO     | __main__:_loop:1067 - [batch pdf 2] 469/2337
2026-09-29 19:13:15.757 | INFO     | __main__:_loop:1067 - [batch pdf 2] 470/2337
2026-09-29 19:13:20.780 | INFO     | __main__:_loop:1067 - [batch pdf 2] 473/2337
2026-09-29 19:13:25.803 | INFO     | __main__:_loop:1067 - [batch pdf 2] 475/2337
2026-09-29 19:13:45.899 | INFO     | __main__:_loop:1067 - [batch pdf 2] 476/2337
2026-09-29 19:13:50.952 | INFO     | __main__:_loop:1067 - [batch pdf 2] 479/2337
2026-09-29 19:13:56.037 | INFO     | __main__:_loop:1067 - [batch pdf 2] 481/2337
2026-09-29 19:14:01.123 | INFO     | __main__:_loop:1067 - [batch pdf 2] 484/2337
2026-09-29 19:14:51.315 | WARNING  | __main__:_loop:1072 - [batch pdf 2] item 485/2337 open for more than 30 s:
-- Word windows {name, subrole}: ,
-- Word window text: 
-- crash reporters: 
-- batch-pdf-2.log:
[ok]	274
[ok]	275
[ok]	276
[ok]	277
[ok]	278
[ok]	279
[ok]	280
[ok]	281
[ok]	282
[ok]	283
[ok]	284
[ok]	285
[ok]	286
[ok]	287
[ok]	288
[ok]	289
[ok]	290
[ok]	291
[ok]	292
[ok]	293
[ok]	294
[ok]	295
[ok]	296
[ok]	297
[ok]	298
[ok]	299
[ok]	300
[ok]	301
[ok]	302
[ok]	303
[ok]	304
[ok]	305
[ok]	306
[ok]	307
[ok]	308
[ok]	309
[ok]	310
[ok]	311
[ok]	312
[ok]	313
[ok]	314
[ok]	315
[ok]	316
[ok]	317
[ok]	318
[ok]	319
[ok]	320
[ok]	321
[ok]	322
[ok]	323
[ok]	324
[ok]	325
[ok]	326
[ok]	327
[ok]	328
[ok]	329
[ok]	330
[ok]	331
[ok]	332
[ok]	333
[ok]	334
[ok]	335
[ok]	336
[ok]	337
[ok]	338
[ok]	339
[ok]	340
[ok]	341
[ok]	342
[ok]	343
[ok]	344
[ok]	345
[ok]	346
[ok]	347
[ok]	348
[ok]	349
[ok]	350
[ok]	351
[ok]	352
[ok]	353
[ok]	354
[ok]	355
[ok]	356
[ok]	357
[ok]	358
[ok]	359
[ok]	360
[ok]	361
[ok]	362
[ok]	363
[ok]	364
[ok]	365
[ok]	366
[ok]	367
[ok]	368
[ok]	369
[ok]	370
[ok]	371
[ok]	372
[ok]	373
[ok]	374
[ok]	375
[ok]	376
[ok]	377
[ok]	378
[ok]	379
[ok]	380
[ok]	381
[ok]	382
[ok]	383
[ok]	384
[ok]	385
[ok]	386
[ok]	387
[ok]	388
[ok]	389
[ok]	390
[ok]	391
[ok]	392
[ok]	393
[ok]	394
[ok]	395
[ok]	396
[ok]	397
[ok]	398
[ok]	399
[ok]	400
[ok]	401
[ok]	402
[ok]	403
[ok]	404
[ok]	405
[ok]	406
[ok]	407
[ok]	408
[ok]	409
[ok]	410
[ok]	411
[ok]	412
[ok]	413
[ok]	414
[ok]	415
[ok]	416
[ok]	417
[ok]	418
[ok]	419
[ok]	420
[ok]	421
[ok]	422
[ok]	423
[ok]	424
[ok]	425
[ok]	426
[ok]	427
[ok]	428
[ok]	429
[ok]	430
[ok]	431
[ok]	432
[ok]	433
[ok]	434
[ok]	435
[ok]	436
[ok]	437
[ok]	438
[ok]	439
[ok]	440
[ok]	441
[ok]	442
[ok]	443
[ok]	444
[ok]	445
[ok]	446
[ok]	447
[ok]	448
[ok]	449
[ok]	450
[ok]	451
[ok]	452
[ok]	453
[ok]	454
[ok]	455
[ok]	456
[ok]	457
[ok]	458
[ok]	459
[ok]	460
[ok]	461
[ok]	462
[ok]	463
[ok]	464
[ok]	465
[ok]	466
[ok]	467
[ok]	468
[ok]	469
[ok]	470
[ok]	471
[ok]	472
[ok]	473
[ok]	474
[ok]	475
[ok]	476
[ok]	477
[ok]	478
[ok]	479
[ok]	480
[ok]	481
[ok]	482
[ok]	483
[ok]	484
[ok]	485
[ok]	486
[ok]	487
[ok]	488
[ok]	489
[ok]	490
[ok]	491
[ok]	492
[ok]	493
[ok]	494
[ok]	495
[ok]	496
[ok]	497
[ok]	498
[ok]	499
[ok]	500
[ok]	501
[ok]	502
[ok]	503
[ok]	504
[ok]	505
[ok]	506
[ok]	507
[ok]	508
[ok]	509
[ok]	510
[ok]	511
[ok]	512
[ok]	513
[ok]	514
[ok]	515
[ok]	516
[ok]	517
[ok]	518
[ok]	519
[ok]	520
[ok]	521
[ok]	522
[ok]	523
[ok]	524
[ok]	525
[ok]	526
[ok]	527
[ok]	528
[ok]	529
[ok]	530
[ok]	531
[ok]	532
[ok]	533
[ok]	534
[ok]	535
[ok]	536
[ok]	537
[ok]	538
[ok]	539
[ok]	540
[ok]	541
[ok]	542
[ok]	543
[ok]	544
[ok]	545
[ok]	546
[ok]	547
[ok]	548
[ok]	549
[ok]	550
[ok]	551
[ok]	552
[ok]	553
[ok]	554
[ok]	555
[ok]	556
[ok]	557
[ok]	558
[ok]	559
[ok]	560
[ok]	561
[ok]	562
[ok]	563
[ok]	564
[ok]	565
[ok]	566
[ok]	567
[ok]	568
[ok]	569
[ok]	570
[ok]	571
[ok]	572
[ok]	573
[ok]	574
[ok]	575
[ok]	576
[ok]	577
[ok]	578
[ok]	579
[ok]	580
[ok]	581
[ok]	582
[ok]	583
[ok]	584
[ok]	585
[ok]	586
[ok]	587
[ok]	588
[ok]	589
[ok]	590
[ok]	591
[ok]	592
[ok]	593
[ok]	594
[ok]	595
[ok]	596
[ok]	597
[ok]	598
[ok]	599
[ok]	600
[ok]	601
[ok]	602
[ok]	603
[ok]	604
[ok]	605
[ok]	606
[ok]	607
[ok]	608
[ok]	609
[ok]	610
[ok]	611
[ok]	612
[ok]	613
[ok]	614
[ok]	615
[ok]	616
[ok]	617
[ok]	618
[ok]	619
[ok]	620
[ok]	621
[ok]	622
[ok]	623
[ok]	624
[ok]	625
[ok]	626
[ok]	627
[ok]	628
[ok]	629
[ok]	630
[ok]	631
[ok]	632
[ok]	633
[ok]	634
[ok]	635
[ok]	636
[ok]	637
[ok]	638
[ok]	639
[ok]	640
[ok]	641
[ok]	642
[ok]	643
[ok]	644
[ok]	645
[ok]	646
[ok]	647
[ok]	648
[ok]	649
[ok]	650
[ok]	651
[ok]	652
[ok]	653
[ok]	654
[ok]	655
[ok]	656
[ok]	657
[ok]	658
[ok]	659
[ok]	660
[ok]	661
[ok]	662
[ok]	663
[ok]	664
[ok]	665
[ok]	666
[ok]	667
[ok]	668
[ok]	669
[ok]	670
[ok]	671
[ok]	672
[ok]	673
[ok]	674
[ok]	675
[ok]	676
[ok]	677
[ok]	678
[ok]	679
[ok]	680
[ok]	681
[ok]	682
[ok]	683
[ok]	684
[ok]	685
[ok]	686
[ok]	687
[ok]	688
[ok]	689
[ok]	690
[ok]	691
[ok]	692
[ok]	693
[ok]	694
[ok]	695
[ok]	696
[ok]	697
[ok]	698
[ok]	699
[ok]	700
[ok]	701
[ok]	702
[ok]	703
[ok]	704
[ok]	705
[ok]	706
[ok]	707
[ok]	708
[ok]	709
[ok]	710
[ok]	711
[ok]	712
[ok]	713
[ok]	714
[ok]	715
[ok]	716
[ok]	717
[ok]	718
[ok]	719
[ok]	720
[ok]	721
[ok]	722
[ok]	723
[ok]	724
[ok]	725
[ok]	726
[ok]	727
[ok]	728
[ok]	729
[ok]	730
[ok]	731
[ok]	732
[ok]	733
[ok]	734
[ok]	735
[ok]	736
[ok]	737
[ok]	738
[ok]	739
[ok]	740
[ok]	741
[ok]	742
[ok]	743
[ok]	744
[ok]	745
[ok]	746
[ok]	747
[ok]	748
[ok]	749
[ok]	750
[ok]	751
[ok]	752
[ok]	753
[ok]	754
[ok]	755
[ok]	756
[ok]	757
[ok]	758
[ok]	759
[ok]	760
[ok]	761
[ok]	762
[ok]	763
[ok]	764
[ok]	765
-- newest diagnostic reports: biome-2026-09-29-094107.ips, soffice-2026-09-28-104720.ips, soffice-2026-09-28-105517.ips, soffice-2026-09-28-105123.000.ips, soffice-2026-09-28-105123.ips
2026-09-29 19:14:57.899 | INFO     | __main__:_loop:1067 - [batch pdf 2] 496/2337
2026-09-29 19:15:02.934 | INFO     | __main__:_loop:1067 - [batch pdf 2] 499/2337
2026-09-29 19:15:07.958 | INFO     | __main__:_loop:1067 - [batch pdf 2] 502/2337
2026-09-29 19:15:12.984 | INFO     | __main__:_loop:1067 - [batch pdf 2] 505/2337
2026-09-29 19:15:18.008 | INFO     | __main__:_loop:1067 - [batch pdf 2] 506/2337
2026-09-29 19:15:23.031 | INFO     | __main__:_loop:1067 - [batch pdf 2] 509/2337
2026-09-29 19:15:28.070 | INFO     | __main__:_loop:1067 - [batch pdf 2] 512/2337
2026-09-29 19:15:33.096 | INFO     | __main__:_loop:1067 - [batch pdf 2] 516/2337
2026-09-29 19:15:38.118 | INFO     | __main__:_loop:1067 - [batch pdf 2] 519/2337
2026-09-29 19:15:43.144 | INFO     | __main__:_loop:1067 - [batch pdf 2] 521/2337
2026-09-29 19:15:48.198 | INFO     | __main__:_loop:1067 - [batch pdf 2] 524/2337
2026-09-29 19:15:53.230 | INFO     | __main__:_loop:1067 - [batch pdf 2] 527/2337
2026-09-29 19:15:58.250 | INFO     | __main__:_loop:1067 - [batch pdf 2] 529/2337
2026-09-29 19:16:03.283 | INFO     | __main__:_loop:1067 - [batch pdf 2] 532/2337
2026-09-29 19:16:08.311 | INFO     | __main__:_loop:1067 - [batch pdf 2] 534/2337
2026-09-29 19:16:13.338 | INFO     | __main__:_loop:1067 - [batch pdf 2] 537/2337
2026-09-29 19:16:18.362 | INFO     | __main__:_loop:1067 - [batch pdf 2] 539/2337
2026-09-29 19:16:23.388 | INFO     | __main__:_loop:1067 - [batch pdf 2] 542/2337
2026-09-29 19:16:28.413 | INFO     | __main__:_loop:1067 - [batch pdf 2] 545/2337
2026-09-29 19:16:33.444 | INFO     | __main__:_loop:1067 - [batch pdf 2] 548/2337
2026-09-29 19:16:38.474 | INFO     | __main__:_loop:1067 - [batch pdf 2] 551/2337
2026-09-29 19:16:43.496 | INFO     | __main__:_loop:1067 - [batch pdf 2] 554/2337
2026-09-29 19:16:48.521 | INFO     | __main__:_loop:1067 - [batch pdf 2] 556/2337
2026-09-29 19:16:53.548 | INFO     | __main__:_loop:1067 - [batch pdf 2] 559/2337
2026-09-29 19:16:58.599 | INFO     | __main__:_loop:1067 - [batch pdf 2] 562/2337
2026-09-29 19:17:03.627 | INFO     | __main__:_loop:1067 - [batch pdf 2] 564/2337
2026-09-29 19:17:08.666 | INFO     | __main__:_loop:1067 - [batch pdf 2] 567/2337
2026-09-29 19:17:13.711 | INFO     | __main__:_loop:1067 - [batch pdf 2] 569/2337
2026-09-29 19:17:18.733 | INFO     | __main__:_loop:1067 - [batch pdf 2] 571/2337
2026-09-29 19:17:23.760 | INFO     | __main__:_loop:1067 - [batch pdf 2] 573/2337
2026-09-29 19:17:28.792 | INFO     | __main__:_loop:1067 - [batch pdf 2] 575/2337
2026-09-29 19:17:33.818 | INFO     | __main__:_loop:1067 - [batch pdf 2] 578/2337
2026-09-29 19:17:38.859 | INFO     | __main__:_loop:1067 - [batch pdf 2] 580/2337
2026-09-29 19:17:43.893 | INFO     | __main__:_loop:1067 - [batch pdf 2] 582/2337
2026-09-29 19:17:48.933 | INFO     | __main__:_loop:1067 - [batch pdf 2] 585/2337
2026-09-29 19:17:53.959 | INFO     | __main__:_loop:1067 - [batch pdf 2] 587/2337
2026-09-29 19:17:58.982 | INFO     | __main__:_loop:1067 - [batch pdf 2] 590/2337
2026-09-29 19:18:04.014 | INFO     | __main__:_loop:1067 - [batch pdf 2] 593/2337
2026-09-29 19:18:09.036 | INFO     | __main__:_loop:1067 - [batch pdf 2] 595/2337
2026-09-29 19:18:14.061 | INFO     | __main__:_loop:1067 - [batch pdf 2] 596/2337
2026-09-29 19:18:19.092 | INFO     | __main__:_loop:1067 - [batch pdf 2] 598/2337
2026-09-29 19:18:24.120 | INFO     | __main__:_loop:1067 - [batch pdf 2] 601/2337
2026-09-29 19:18:29.145 | INFO     | __main__:_loop:1067 - [batch pdf 2] 603/2337
2026-09-29 19:18:34.172 | INFO     | __main__:_loop:1067 - [batch pdf 2] 606/2337
2026-09-29 19:18:39.194 | INFO     | __main__:_loop:1067 - [batch pdf 2] 609/2337
2026-09-29 19:18:44.216 | INFO     | __main__:_loop:1067 - [batch pdf 2] 611/2337
2026-09-29 19:18:49.249 | INFO     | __main__:_loop:1067 - [batch pdf 2] 614/2337
2026-09-29 19:18:54.290 | INFO     | __main__:_loop:1067 - [batch pdf 2] 616/2337
2026-09-29 19:18:59.322 | INFO     | __main__:_loop:1067 - [batch pdf 2] 620/2337
2026-09-29 19:19:04.354 | INFO     | __main__:_loop:1067 - [batch pdf 2] 622/2337
2026-09-29 19:19:09.430 | INFO     | __main__:_loop:1067 - [batch pdf 2] 625/2337
2026-09-29 19:19:14.473 | INFO     | __main__:_loop:1067 - [batch pdf 2] 626/2337
2026-09-29 19:19:24.513 | INFO     | __main__:_loop:1067 - [batch pdf 2] 629/2337
2026-09-29 19:19:29.555 | INFO     | __main__:_loop:1067 - [batch pdf 2] 632/2337
2026-09-29 19:19:34.588 | INFO     | __main__:_loop:1067 - [batch pdf 2] 634/2337
2026-09-29 19:19:39.615 | INFO     | __main__:_loop:1067 - [batch pdf 2] 637/2337
2026-09-29 19:19:44.668 | INFO     | __main__:_loop:1067 - [batch pdf 2] 639/2337
2026-09-29 19:19:49.712 | INFO     | __main__:_loop:1067 - [batch pdf 2] 642/2337
2026-09-29 19:19:54.737 | INFO     | __main__:_loop:1067 - [batch pdf 2] 644/2337
2026-09-29 19:19:59.780 | INFO     | __main__:_loop:1067 - [batch pdf 2] 646/2337
2026-09-29 19:20:04.800 | INFO     | __main__:_loop:1067 - [batch pdf 2] 649/2337
2026-09-29 19:20:09.826 | INFO     | __main__:_loop:1067 - [batch pdf 2] 651/2337
2026-09-29 19:20:14.857 | INFO     | __main__:_loop:1067 - [batch pdf 2] 653/2337
2026-09-29 19:20:19.890 | INFO     | __main__:_loop:1067 - [batch pdf 2] 655/2337
2026-09-29 19:20:24.955 | INFO     | __main__:_loop:1067 - [batch pdf 2] 658/2337
2026-09-29 19:20:29.982 | INFO     | __main__:_loop:1067 - [batch pdf 2] 660/2337
2026-09-29 19:20:35.014 | INFO     | __main__:_loop:1067 - [batch pdf 2] 662/2337
2026-09-29 19:20:40.038 | INFO     | __main__:_loop:1067 - [batch pdf 2] 664/2337
2026-09-29 19:20:45.064 | INFO     | __main__:_loop:1067 - [batch pdf 2] 667/2337
2026-09-29 19:20:50.091 | INFO     | __main__:_loop:1067 - [batch pdf 2] 669/2337
2026-09-29 19:20:55.117 | INFO     | __main__:_loop:1067 - [batch pdf 2] 671/2337
2026-09-29 19:21:00.141 | INFO     | __main__:_loop:1067 - [batch pdf 2] 674/2337
2026-09-29 19:21:05.171 | INFO     | __main__:_loop:1067 - [batch pdf 2] 676/2337
2026-09-29 19:21:10.205 | INFO     | __main__:_loop:1067 - [batch pdf 2] 678/2337
2026-09-29 19:21:15.229 | INFO     | __main__:_loop:1067 - [batch pdf 2] 681/2337
2026-09-29 19:21:20.256 | INFO     | __main__:_loop:1067 - [batch pdf 2] 683/2337
2026-09-29 19:21:25.288 | INFO     | __main__:_loop:1067 - [batch pdf 2] 686/2337
2026-09-29 19:21:30.317 | INFO     | __main__:_loop:1067 - [batch pdf 2] 689/2337
2026-09-29 19:21:35.347 | INFO     | __main__:_loop:1067 - [batch pdf 2] 692/2337
2026-09-29 19:21:40.376 | INFO     | __main__:_loop:1067 - [batch pdf 2] 695/2337
2026-09-29 19:21:45.394 | INFO     | __main__:_loop:1067 - [batch pdf 2] 698/2337
2026-09-29 19:21:50.416 | INFO     | __main__:_loop:1067 - [batch pdf 2] 699/2337
2026-09-29 19:22:39.737 | WARNING  | __main__:_loop:1072 - [batch pdf 2] item 700/2337 open for more than 30 s:
-- Word windows {name, subrole}: , AXStandardWindow
-- Word window text: 
-- crash reporters: 
-- batch-pdf-2.log:
[ok]	274
[ok]	275
[ok]	276
[ok]	277
[ok]	278
[ok]	279
[ok]	280
[ok]	281
[ok]	282
[ok]	283
[ok]	284
[ok]	285
[ok]	286
[ok]	287
[ok]	288
[ok]	289
[ok]	290
[ok]	291
[ok]	292
[ok]	293
[ok]	294
[ok]	295
[ok]	296
[ok]	297
[ok]	298
[ok]	299
[ok]	300
[ok]	301
[ok]	302
[ok]	303
[ok]	304
[ok]	305
[ok]	306
[ok]	307
[ok]	308
[ok]	309
[ok]	310
[ok]	311
[ok]	312
[ok]	313
[ok]	314
[ok]	315
[ok]	316
[ok]	317
[ok]	318
[ok]	319
[ok]	320
[ok]	321
[ok]	322
[ok]	323
[ok]	324
[ok]	325
[ok]	326
[ok]	327
[ok]	328
[ok]	329
[ok]	330
[ok]	331
[ok]	332
[ok]	333
[ok]	334
[ok]	335
[ok]	336
[ok]	337
[ok]	338
[ok]	339
[ok]	340
[ok]	341
[ok]	342
[ok]	343
[ok]	344
[ok]	345
[ok]	346
[ok]	347
[ok]	348
[ok]	349
[ok]	350
[ok]	351
[ok]	352
[ok]	353
[ok]	354
[ok]	355
[ok]	356
[ok]	357
[ok]	358
[ok]	359
[ok]	360
[ok]	361
[ok]	362
[ok]	363
[ok]	364
[ok]	365
[ok]	366
[ok]	367
[ok]	368
[ok]	369
[ok]	370
[ok]	371
[ok]	372
[ok]	373
[ok]	374
[ok]	375
[ok]	376
[ok]	377
[ok]	378
[ok]	379
[ok]	380
[ok]	381
[ok]	382
[ok]	383
[ok]	384
[ok]	385
[ok]	386
[ok]	387
[ok]	388
[ok]	389
[ok]	390
[ok]	391
[ok]	392
[ok]	393
[ok]	394
[ok]	395
[ok]	396
[ok]	397
[ok]	398
[ok]	399
[ok]	400
[ok]	401
[ok]	402
[ok]	403
[ok]	404
[ok]	405
[ok]	406
[ok]	407
[ok]	408
[ok]	409
[ok]	410
[ok]	411
[ok]	412
[ok]	413
[ok]	414
[ok]	415
[ok]	416
[ok]	417
[ok]	418
[ok]	419
[ok]	420
[ok]	421
[ok]	422
[ok]	423
[ok]	424
[ok]	425
[ok]	426
[ok]	427
[ok]	428
[ok]	429
[ok]	430
[ok]	431
[ok]	432
[ok]	433
[ok]	434
[ok]	435
[ok]	436
[ok]	437
[ok]	438
[ok]	439
[ok]	440
[ok]	441
[ok]	442
[ok]	443
[ok]	444
[ok]	445
[ok]	446
[ok]	447
[ok]	448
[ok]	449
[ok]	450
[ok]	451
[ok]	452
[ok]	453
[ok]	454
[ok]	455
[ok]	456
[ok]	457
[ok]	458
[ok]	459
[ok]	460
[ok]	461
[ok]	462
[ok]	463
[ok]	464
[ok]	465
[ok]	466
[ok]	467
[ok]	468
[ok]	469
[ok]	470
[ok]	471
[ok]	472
[ok]	473
[ok]	474
[ok]	475
[ok]	476
[ok]	477
[ok]	478
[ok]	479
[ok]	480
[ok]	481
[ok]	482
[ok]	483
[ok]	484
[ok]	485
[ok]	486
[ok]	487
[ok]	488
[ok]	489
[ok]	490
[ok]	491
[ok]	492
[ok]	493
[ok]	494
[ok]	495
[ok]	496
[ok]	497
[ok]	498
[ok]	499
[ok]	500
[ok]	501
[ok]	502
[ok]	503
[ok]	504
[ok]	505
[ok]	506
[ok]	507
[ok]	508
[ok]	509
[ok]	510
[ok]	511
[ok]	512
[ok]	513
[ok]	514
[ok]	515
[ok]	516
[ok]	517
[ok]	518
[ok]	519
[ok]	520
[ok]	521
[ok]	522
[ok]	523
[ok]	524
[ok]	525
[ok]	526
[ok]	527
[ok]	528
[ok]	529
[ok]	530
[ok]	531
[ok]	532
[ok]	533
[ok]	534
[ok]	535
[ok]	536
[ok]	537
[ok]	538
[ok]	539
[ok]	540
[ok]	541
[ok]	542
[ok]	543
[ok]	544
[ok]	545
[ok]	546
[ok]	547
[ok]	548
[ok]	549
[ok]	550
[ok]	551
[ok]	552
[ok]	553
[ok]	554
[ok]	555
[ok]	556
[ok]	557
[ok]	558
[ok]	559
[ok]	560
[ok]	561
[ok]	562
[ok]	563
[ok]	564
[ok]	565
[ok]	566
[ok]	567
[ok]	568
[ok]	569
[ok]	570
[ok]	571
[ok]	572
[ok]	573
[ok]	574
[ok]	575
[ok]	576
[ok]	577
[ok]	578
[ok]	579
[ok]	580
[ok]	581
[ok]	582
[ok]	583
[ok]	584
[ok]	585
[ok]	586
[ok]	587
[ok]	588
[ok]	589
[ok]	590
[ok]	591
[ok]	592
[ok]	593
[ok]	594
[ok]	595
[ok]	596
[ok]	597
[ok]	598
[ok]	599
[ok]	600
[ok]	601
[ok]	602
[ok]	603
[ok]	604
[ok]	605
[ok]	606
[ok]	607
[ok]	608
[ok]	609
[ok]	610
[ok]	611
[ok]	612
[ok]	613
[ok]	614
[ok]	615
[ok]	616
[ok]	617
[ok]	618
[ok]	619
[ok]	620
[ok]	621
[ok]	622
[ok]	623
[ok]	624
[ok]	625
[ok]	626
[ok]	627
[ok]	628
[ok]	629
[ok]	630
[ok]	631
[ok]	632
[ok]	633
[ok]	634
[ok]	635
[ok]	636
[ok]	637
[ok]	638
[ok]	639
[ok]	640
[ok]	641
[ok]	642
[ok]	643
[ok]	644
[ok]	645
[ok]	646
[ok]	647
[ok]	648
[ok]	649
[ok]	650
[ok]	651
[ok]	652
[ok]	653
[ok]	654
[ok]	655
[ok]	656
[ok]	657
[ok]	658
[ok]	659
[ok]	660
[ok]	661
[ok]	662
[ok]	663
[ok]	664
[ok]	665
[ok]	666
[ok]	667
[ok]	668
[ok]	669
[ok]	670
[ok]	671
[ok]	672
[ok]	673
[ok]	674
[ok]	675
[ok]	676
[ok]	677
[ok]	678
[ok]	679
[ok]	680
[ok]	681
[ok]	682
[ok]	683
[ok]	684
[ok]	685
[ok]	686
[ok]	687
[ok]	688
[ok]	689
[ok]	690
[ok]	691
[ok]	692
[ok]	693
[ok]	694
[ok]	695
[ok]	696
[ok]	697
[ok]	698
[ok]	699
[ok]	700
[ok]	701
[ok]	702
[ok]	703
[ok]	704
[ok]	705
[ok]	706
[ok]	707
[ok]	708
[ok]	709
[ok]	710
[ok]	711
[ok]	712
[ok]	713
[ok]	714
[ok]	715
[ok]	716
[ok]	717
[ok]	718
[ok]	719
[ok]	720
[ok]	721
[ok]	722
[ok]	723
[ok]	724
[ok]	725
[ok]	726
[ok]	727
[ok]	728
[ok]	729
[ok]	730
[ok]	731
[ok]	732
[ok]	733
[ok]	734
[ok]	735
[ok]	736
[ok]	737
[ok]	738
[ok]	739
[ok]	740
[ok]	741
[ok]	742
[ok]	743
[ok]	744
[ok]	745
[ok]	746
[ok]	747
[ok]	748
[ok]	749
[ok]	750
[ok]	751
[ok]	752
[ok]	753
[ok]	754
[ok]	755
[ok]	756
[ok]	757
[ok]	758
[ok]	759
[ok]	760
[ok]	761
[ok]	762
[ok]	763
[ok]	764
[ok]	765
[ok]	766
[ok]	767
[ok]	768
[ok]	769
[ok]	770
[ok]	771
[ok]	772
[ok]	773
[ok]	774
[ok]	775
[ok]	776
[ok]	777
[ok]	778
[ok]	779
[ok]	780
[ok]	781
[ok]	782
[ok]	783
[ok]	784
[ok]	785
[ok]	786
[ok]	787
[ok]	788
[ok]	789
[ok]	790
[ok]	791
[ok]	792
[ok]	793
[ok]	794
[ok]	795
[ok]	796
[ok]	797
[ok]	798
[ok]	799
[ok]	800
[ok]	801
[ok]	802
[ok]	803
[ok]	804
[ok]	805
[ok]	806
[ok]	807
[ok]	808
[ok]	809
[ok]	810
[ok]	811
[ok]	812
[ok]	813
[ok]	814
[ok]	815
[ok]	816
[ok]	817
[ok]	818
[ok]	819
[ok]	820
[ok]	821
[ok]	822
[ok]	823
[ok]	824
[ok]	825
[ok]	826
[ok]	827
[ok]	828
[ok]	829
[ok]	830
[ok]	831
[ok]	832
[ok]	833
[ok]	834
[ok]	835
[ok]	836
[ok]	837
[ok]	838
[ok]	839
[ok]	840
[ok]	841
[ok]	842
[ok]	843
[ok]	844
[ok]	845
[ok]	846
[ok]	847
[ok]	848
[ok]	849
[ok]	850
[ok]	851
[ok]	852
[ok]	853
[ok]	854
[ok]	855
[ok]	856
[ok]	857
[ok]	858
[ok]	859
[ok]	860
[ok]	861
[ok]	862
[ok]	863
[ok]	864
[ok]	865
[ok]	866
[ok]	867
[ok]	868
[ok]	869
[ok]	870
[ok]	871
[ok]	872
[ok]	873
[ok]	874
[ok]	875
[ok]	876
[ok]	877
[ok]	878
[ok]	879
[ok]	880
[ok]	881
[ok]	882
[ok]	883
[ok]	884
[ok]	885
[ok]	886
[ok]	887
[ok]	888
[ok]	889
[ok]	890
[ok]	891
[ok]	892
[ok]	893
[ok]	894
[ok]	895
[ok]	896
[ok]	897
[ok]	898
[ok]	899
[ok]	900
[ok]	901
[ok]	902
[ok]	903
[ok]	904
[ok]	905
[ok]	906
[ok]	907
[ok]	908
[ok]	909
[ok]	910
[ok]	911
[ok]	912
[ok]	913
[ok]	914
[ok]	915
[ok]	916
[ok]	917
[ok]	918
[ok]	919
[ok]	920
[ok]	921
[ok]	922
[ok]	923
[ok]	924
[ok]	925
[ok]	926
[ok]	927
[ok]	928
[ok]	929
[ok]	930
[ok]	931
[ok]	932
[ok]	933
[ok]	934
[ok]	935
[ok]	936
[ok]	937
[ok]	938
[ok]	939
[ok]	940
[ok]	941
[ok]	942
[ok]	943
[ok]	944
[ok]	945
[ok]	946
[ok]	947
[ok]	948
[ok]	949
[ok]	950
[ok]	951
[ok]	952
[ok]	953
[ok]	954
[ok]	955
[ok]	956
[ok]	957
[ok]	958
[ok]	959
[ok]	960
[ok]	961
[ok]	962
[ok]	963
[ok]	964
[ok]	965
[ok]	966
[ok]	967
[ok]	968
[ok]	969
[ok]	970
[ok]	971
[ok]	972
[ok]	973
[ok]	974
[ok]	975
[ok]	976
[ok]	977
[ok]	978
[ok]	979
[ok]	980
-- newest diagnostic reports: biome-2026-09-29-094107.ips, soffice-2026-09-28-104720.ips, soffice-2026-09-28-105517.ips, soffice-2026-09-28-105123.000.ips, soffice-2026-09-28-105123.ips
2026-09-29 19:22:50.878 | INFO     | __main__:_loop:1067 - [batch pdf 2] 711/2337
2026-09-29 19:22:55.906 | INFO     | __main__:_loop:1067 - [batch pdf 2] 713/2337
2026-09-29 19:23:00.936 | INFO     | __main__:_loop:1067 - [batch pdf 2] 715/2337
2026-09-29 19:23:05.970 | INFO     | __main__:_loop:1067 - [batch pdf 2] 717/2337
2026-09-29 19:23:10.999 | INFO     | __main__:_loop:1067 - [batch pdf 2] 719/2337
2026-09-29 19:23:16.046 | INFO     | __main__:_loop:1067 - [batch pdf 2] 721/2337
2026-09-29 19:23:21.079 | INFO     | __main__:_loop:1067 - [batch pdf 2] 723/2337
2026-09-29 19:23:31.128 | INFO     | __main__:_loop:1067 - [batch pdf 2] 726/2337
2026-09-29 19:23:36.155 | INFO     | __main__:_loop:1067 - [batch pdf 2] 727/2337
2026-09-29 19:23:41.176 | INFO     | __main__:_loop:1067 - [batch pdf 2] 729/2337
2026-09-29 19:23:46.201 | INFO     | __main__:_loop:1067 - [batch pdf 2] 731/2337
2026-09-29 19:23:51.233 | INFO     | __main__:_loop:1067 - [batch pdf 2] 733/2337
2026-09-29 19:23:56.279 | INFO     | __main__:_loop:1067 - [batch pdf 2] 735/2337
2026-09-29 19:24:01.312 | INFO     | __main__:_loop:1067 - [batch pdf 2] 737/2337
2026-09-29 19:24:06.338 | INFO     | __main__:_loop:1067 - [batch pdf 2] 738/2337
2026-09-29 19:24:11.364 | INFO     | __main__:_loop:1067 - [batch pdf 2] 740/2337
2026-09-29 19:24:16.392 | INFO     | __main__:_loop:1067 - [batch pdf 2] 741/2337
2026-09-29 19:24:21.420 | INFO     | __main__:_loop:1067 - [batch pdf 2] 743/2337
2026-09-29 19:24:26.477 | INFO     | __main__:_loop:1067 - [batch pdf 2] 744/2337
2026-09-29 19:24:31.532 | INFO     | __main__:_loop:1067 - [batch pdf 2] 746/2337
2026-09-29 19:24:36.562 | INFO     | __main__:_loop:1067 - [batch pdf 2] 748/2337
2026-09-29 19:24:41.594 | INFO     | __main__:_loop:1067 - [batch pdf 2] 750/2337
2026-09-29 19:24:46.629 | INFO     | __main__:_loop:1067 - [batch pdf 2] 752/2337
2026-09-29 19:24:51.660 | INFO     | __main__:_loop:1067 - [batch pdf 2] 754/2337
2026-09-29 19:24:56.700 | INFO     | __main__:_loop:1067 - [batch pdf 2] 755/2337
2026-09-29 19:25:01.730 | INFO     | __main__:_loop:1067 - [batch pdf 2] 757/2337
2026-09-29 19:25:06.765 | INFO     | __main__:_loop:1067 - [batch pdf 2] 759/2337
2026-09-29 19:25:11.791 | INFO     | __main__:_loop:1067 - [batch pdf 2] 761/2337
2026-09-29 19:25:16.845 | INFO     | __main__:_loop:1067 - [batch pdf 2] 762/2337
2026-09-29 19:25:21.927 | INFO     | __main__:_loop:1067 - [batch pdf 2] 764/2337
2026-09-29 19:25:26.994 | INFO     | __main__:_loop:1067 - [batch pdf 2] 766/2337
2026-09-29 19:25:32.040 | INFO     | __main__:_loop:1067 - [batch pdf 2] 768/2337
2026-09-29 19:25:37.088 | INFO     | __main__:_loop:1067 - [batch pdf 2] 769/2337
2026-09-29 19:25:42.135 | INFO     | __main__:_loop:1067 - [batch pdf 2] 771/2337
2026-09-29 19:25:47.190 | INFO     | __main__:_loop:1067 - [batch pdf 2] 773/2337
2026-09-29 19:25:52.238 | INFO     | __main__:_loop:1067 - [batch pdf 2] 775/2337
2026-09-29 19:25:57.333 | INFO     | __main__:_loop:1067 - [batch pdf 2] 777/2337
2026-09-29 19:26:02.395 | INFO     | __main__:_loop:1067 - [batch pdf 2] 778/2337
2026-09-29 19:26:07.468 | INFO     | __main__:_loop:1067 - [batch pdf 2] 780/2337
2026-09-29 19:26:12.496 | INFO     | __main__:_loop:1067 - [batch pdf 2] 782/2337
2026-09-29 19:26:17.525 | INFO     | __main__:_loop:1067 - [batch pdf 2] 783/2337
2026-09-29 19:26:22.624 | INFO     | __main__:_loop:1067 - [batch pdf 2] 785/2337
2026-09-29 19:26:27.659 | INFO     | __main__:_loop:1067 - [batch pdf 2] 787/2337
2026-09-29 19:26:32.686 | INFO     | __main__:_loop:1067 - [batch pdf 2] 789/2337
2026-09-29 19:26:37.778 | INFO     | __main__:_loop:1067 - [batch pdf 2] 790/2337
2026-09-29 19:26:42.812 | INFO     | __main__:_loop:1067 - [batch pdf 2] 792/2337
2026-09-29 19:26:47.857 | INFO     | __main__:_loop:1067 - [batch pdf 2] 794/2337
2026-09-29 19:26:52.892 | INFO     | __main__:_loop:1067 - [batch pdf 2] 796/2337
2026-09-29 19:26:57.916 | INFO     | __main__:_loop:1067 - [batch pdf 2] 797/2337
2026-09-29 19:27:02.945 | INFO     | __main__:_loop:1067 - [batch pdf 2] 799/2337
2026-09-29 19:27:07.978 | INFO     | __main__:_loop:1067 - [batch pdf 2] 801/2337
2026-09-29 19:27:13.014 | INFO     | __main__:_loop:1067 - [batch pdf 2] 802/2337
2026-09-29 19:27:18.063 | INFO     | __main__:_loop:1067 - [batch pdf 2] 804/2337
2026-09-29 19:27:23.106 | INFO     | __main__:_loop:1067 - [batch pdf 2] 806/2337
2026-09-29 19:27:28.131 | INFO     | __main__:_loop:1067 - [batch pdf 2] 808/2337
2026-09-29 19:27:33.153 | INFO     | __main__:_loop:1067 - [batch pdf 2] 810/2337
2026-09-29 19:27:38.179 | INFO     | __main__:_loop:1067 - [batch pdf 2] 812/2337
2026-09-29 19:27:43.205 | INFO     | __main__:_loop:1067 - [batch pdf 2] 814/2337
2026-09-29 19:27:48.237 | INFO     | __main__:_loop:1067 - [batch pdf 2] 816/2337
2026-09-29 19:27:53.268 | INFO     | __main__:_loop:1067 - [batch pdf 2] 818/2337
2026-09-29 19:27:58.290 | INFO     | __main__:_loop:1067 - [batch pdf 2] 820/2337
2026-09-29 19:28:03.309 | INFO     | __main__:_loop:1067 - [batch pdf 2] 822/2337
2026-09-29 19:28:08.328 | INFO     | __main__:_loop:1067 - [batch pdf 2] 824/2337
2026-09-29 19:28:13.347 | INFO     | __main__:_loop:1067 - [batch pdf 2] 826/2337
2026-09-29 19:28:18.369 | INFO     | __main__:_loop:1067 - [batch pdf 2] 828/2337
2026-09-29 19:28:23.391 | INFO     | __main__:_loop:1067 - [batch pdf 2] 829/2337
2026-09-29 19:28:28.411 | INFO     | __main__:_loop:1067 - [batch pdf 2] 830/2337
2026-09-29 19:28:33.432 | INFO     | __main__:_loop:1067 - [batch pdf 2] 833/2337
2026-09-29 19:28:38.461 | INFO     | __main__:_loop:1067 - [batch pdf 2] 834/2337
2026-09-29 19:28:43.498 | INFO     | __main__:_loop:1067 - [batch pdf 2] 836/2337
2026-09-29 19:28:48.518 | INFO     | __main__:_loop:1067 - [batch pdf 2] 838/2337
2026-09-29 19:28:53.539 | INFO     | __main__:_loop:1067 - [batch pdf 2] 840/2337
2026-09-29 19:28:58.563 | INFO     | __main__:_loop:1067 - [batch pdf 2] 842/2337
2026-09-29 19:29:03.590 | INFO     | __main__:_loop:1067 - [batch pdf 2] 844/2337
2026-09-29 19:29:08.622 | INFO     | __main__:_loop:1067 - [batch pdf 2] 846/2337
2026-09-29 19:29:13.647 | INFO     | __main__:_loop:1067 - [batch pdf 2] 848/2337
2026-09-29 19:29:18.681 | INFO     | __main__:_loop:1067 - [batch pdf 2] 849/2337
2026-09-29 19:29:23.716 | INFO     | __main__:_loop:1067 - [batch pdf 2] 851/2337
2026-09-29 19:29:28.741 | INFO     | __main__:_loop:1067 - [batch pdf 2] 853/2337
2026-09-29 19:29:33.767 | INFO     | __main__:_loop:1067 - [batch pdf 2] 855/2337
2026-09-29 19:29:38.789 | INFO     | __main__:_loop:1067 - [batch pdf 2] 857/2337
2026-09-29 19:29:43.813 | INFO     | __main__:_loop:1067 - [batch pdf 2] 859/2337
2026-09-29 19:29:48.839 | INFO     | __main__:_loop:1067 - [batch pdf 2] 861/2337
2026-09-29 19:29:53.871 | INFO     | __main__:_loop:1067 - [batch pdf 2] 863/2337
2026-09-29 19:29:58.901 | INFO     | __main__:_loop:1067 - [batch pdf 2] 864/2337
2026-09-29 19:30:03.927 | INFO     | __main__:_loop:1067 - [batch pdf 2] 865/2337
2026-09-29 19:30:08.959 | INFO     | __main__:_loop:1067 - [batch pdf 2] 866/2337
2026-09-29 19:30:13.982 | INFO     | __main__:_loop:1067 - [batch pdf 2] 868/2337
2026-09-29 19:30:19.001 | INFO     | __main__:_loop:1067 - [batch pdf 2] 869/2337
2026-09-29 19:30:24.023 | INFO     | __main__:_loop:1067 - [batch pdf 2] 870/2337
2026-09-29 19:30:29.048 | INFO     | __main__:_loop:1067 - [batch pdf 2] 871/2337
2026-09-29 19:30:34.075 | INFO     | __main__:_loop:1067 - [batch pdf 2] 872/2337
2026-09-29 19:30:39.099 | INFO     | __main__:_loop:1067 - [batch pdf 2] 874/2337
2026-09-29 19:30:44.131 | INFO     | __main__:_loop:1067 - [batch pdf 2] 876/2337
2026-09-29 19:30:49.158 | INFO     | __main__:_loop:1067 - [batch pdf 2] 877/2337
2026-09-29 19:30:54.183 | INFO     | __main__:_loop:1067 - [batch pdf 2] 879/2337
2026-09-29 19:30:59.200 | INFO     | __main__:_loop:1067 - [batch pdf 2] 880/2337
2026-09-29 19:31:04.221 | INFO     | __main__:_loop:1067 - [batch pdf 2] 882/2337
2026-09-29 19:31:09.238 | INFO     | __main__:_loop:1067 - [batch pdf 2] 884/2337
2026-09-29 19:31:14.267 | INFO     | __main__:_loop:1067 - [batch pdf 2] 886/2337
2026-09-29 19:31:19.289 | INFO     | __main__:_loop:1067 - [batch pdf 2] 887/2337
2026-09-29 19:31:24.311 | INFO     | __main__:_loop:1067 - [batch pdf 2] 889/2337
2026-09-29 19:31:25.167 | INFO     | __main__:_note_buttons:510 - [watchdog] Microsoft Word shows button 'missing value'
2026-09-29 19:31:29.329 | INFO     | __main__:_loop:1067 - [batch pdf 2] 890/2337
2026-09-29 19:31:34.351 | INFO     | __main__:_loop:1067 - [batch pdf 2] 892/2337
2026-09-29 19:31:39.374 | INFO     | __main__:_loop:1067 - [batch pdf 2] 893/2337
2026-09-29 19:31:44.413 | INFO     | __main__:_loop:1067 - [batch pdf 2] 895/2337
2026-09-29 19:31:49.436 | INFO     | __main__:_loop:1067 - [batch pdf 2] 897/2337
2026-09-29 19:31:54.455 | INFO     | __main__:_loop:1067 - [batch pdf 2] 899/2337
2026-09-29 19:31:59.473 | INFO     | __main__:_loop:1067 - [batch pdf 2] 901/2337
2026-09-29 19:32:04.490 | INFO     | __main__:_loop:1067 - [batch pdf 2] 903/2337
2026-09-29 19:32:09.507 | INFO     | __main__:_loop:1067 - [batch pdf 2] 905/2337
2026-09-29 19:32:14.525 | INFO     | __main__:_loop:1067 - [batch pdf 2] 907/2337
2026-09-29 19:32:19.545 | INFO     | __main__:_loop:1067 - [batch pdf 2] 910/2337
2026-09-29 19:32:24.573 | INFO     | __main__:_loop:1067 - [batch pdf 2] 912/2337
2026-09-29 19:32:29.593 | INFO     | __main__:_loop:1067 - [batch pdf 2] 914/2337
2026-09-29 19:32:34.619 | INFO     | __main__:_loop:1067 - [batch pdf 2] 917/2337
2026-09-29 19:32:39.647 | INFO     | __main__:_loop:1067 - [batch pdf 2] 919/2337
2026-09-29 19:32:44.673 | INFO     | __main__:_loop:1067 - [batch pdf 2] 921/2337
2026-09-29 19:32:49.692 | INFO     | __main__:_loop:1067 - [batch pdf 2] 922/2337
2026-09-29 19:32:54.711 | INFO     | __main__:_loop:1067 - [batch pdf 2] 924/2337
2026-09-29 19:32:59.734 | INFO     | __main__:_loop:1067 - [batch pdf 2] 926/2337
2026-09-29 19:33:04.766 | INFO     | __main__:_loop:1067 - [batch pdf 2] 928/2337
2026-09-29 19:33:09.804 | INFO     | __main__:_loop:1067 - [batch pdf 2] 930/2337
2026-09-29 19:33:14.829 | INFO     | __main__:_loop:1067 - [batch pdf 2] 932/2337
2026-09-29 19:33:19.851 | INFO     | __main__:_loop:1067 - [batch pdf 2] 933/2337
2026-09-29 19:33:24.869 | INFO     | __main__:_loop:1067 - [batch pdf 2] 935/2337
2026-09-29 19:33:29.889 | INFO     | __main__:_loop:1067 - [batch pdf 2] 937/2337
2026-09-29 19:33:34.906 | INFO     | __main__:_loop:1067 - [batch pdf 2] 939/2337
2026-09-29 19:33:39.928 | INFO     | __main__:_loop:1067 - [batch pdf 2] 941/2337
2026-09-29 19:33:44.955 | INFO     | __main__:_loop:1067 - [batch pdf 2] 943/2337
2026-09-29 19:33:49.976 | INFO     | __main__:_loop:1067 - [batch pdf 2] 945/2337
2026-09-29 19:33:54.996 | INFO     | __main__:_loop:1067 - [batch pdf 2] 946/2337
2026-09-29 19:34:00.017 | INFO     | __main__:_loop:1067 - [batch pdf 2] 948/2337
2026-09-29 19:34:05.035 | INFO     | __main__:_loop:1067 - [batch pdf 2] 950/2337
2026-09-29 19:34:10.062 | INFO     | __main__:_loop:1067 - [batch pdf 2] 952/2337
2026-09-29 19:34:15.099 | INFO     | __main__:_loop:1067 - [batch pdf 2] 954/2337
2026-09-29 19:34:20.123 | INFO     | __main__:_loop:1067 - [batch pdf 2] 955/2337
2026-09-29 19:34:25.158 | INFO     | __main__:_loop:1067 - [batch pdf 2] 957/2337
2026-09-29 19:34:30.177 | INFO     | __main__:_loop:1067 - [batch pdf 2] 959/2337
2026-09-29 19:34:35.201 | INFO     | __main__:_loop:1067 - [batch pdf 2] 961/2337
2026-09-29 19:34:40.223 | INFO     | __main__:_loop:1067 - [batch pdf 2] 963/2337
2026-09-29 19:34:45.243 | INFO     | __main__:_loop:1067 - [batch pdf 2] 965/2337
2026-09-29 19:34:50.268 | INFO     | __main__:_loop:1067 - [batch pdf 2] 966/2337
2026-09-29 19:34:55.300 | INFO     | __main__:_loop:1067 - [batch pdf 2] 968/2337
2026-09-29 19:35:00.318 | INFO     | __main__:_loop:1067 - [batch pdf 2] 970/2337
2026-09-29 19:35:05.336 | INFO     | __main__:_loop:1067 - [batch pdf 2] 971/2337
2026-09-29 19:35:10.358 | INFO     | __main__:_loop:1067 - [batch pdf 2] 973/2337
2026-09-29 19:35:15.381 | INFO     | __main__:_loop:1067 - [batch pdf 2] 975/2337
2026-09-29 19:35:20.410 | INFO     | __main__:_loop:1067 - [batch pdf 2] 977/2337
2026-09-29 19:35:25.428 | INFO     | __main__:_loop:1067 - [batch pdf 2] 978/2337
2026-09-29 19:35:30.456 | INFO     | __main__:_loop:1067 - [batch pdf 2] 980/2337
2026-09-29 19:35:35.479 | INFO     | __main__:_loop:1067 - [batch pdf 2] 982/2337
2026-09-29 19:35:40.501 | INFO     | __main__:_loop:1067 - [batch pdf 2] 984/2337
2026-09-29 19:35:45.522 | INFO     | __main__:_loop:1067 - [batch pdf 2] 985/2337
2026-09-29 19:35:50.547 | INFO     | __main__:_loop:1067 - [batch pdf 2] 988/2337
2026-09-29 19:35:55.575 | INFO     | __main__:_loop:1067 - [batch pdf 2] 989/2337
2026-09-29 19:36:00.599 | INFO     | __main__:_loop:1067 - [batch pdf 2] 991/2337
2026-09-29 19:36:05.623 | INFO     | __main__:_loop:1067 - [batch pdf 2] 992/2337
2026-09-29 19:36:10.646 | INFO     | __main__:_loop:1067 - [batch pdf 2] 994/2337
2026-09-29 19:36:15.667 | INFO     | __main__:_loop:1067 - [batch pdf 2] 995/2337
2026-09-29 19:36:20.690 | INFO     | __main__:_loop:1067 - [batch pdf 2] 997/2337
2026-09-29 19:36:25.711 | INFO     | __main__:_loop:1067 - [batch pdf 2] 999/2337
2026-09-29 19:36:30.730 | INFO     | __main__:_loop:1067 - [batch pdf 2] 1001/2337
2026-09-29 19:36:35.760 | INFO     | __main__:_loop:1067 - [batch pdf 2] 1002/2337
2026-09-29 19:36:40.781 | INFO     | __main__:_loop:1067 - [batch pdf 2] 1004/2337
2026-09-29 19:36:45.797 | INFO     | __main__:_loop:1067 - [batch pdf 2] 1006/2337
2026-09-29 19:36:50.813 | INFO     | __main__:_loop:1067 - [batch pdf 2] 1008/2337
2026-09-29 19:36:55.836 | INFO     | __main__:_loop:1067 - [batch pdf 2] 1010/2337
2026-09-29 19:37:00.861 | INFO     | __main__:_loop:1067 - [batch pdf 2] 1012/2337
2026-09-29 19:37:52.147 | WARNING  | __main__:_loop:1072 - [batch pdf 2] item 1013/2337 open for more than 30 s:
-- Word windows {name, subrole}: ,
-- Word window text: 
-- crash reporters: 
-- batch-pdf-2.log:
[ok]	274
[ok]	275
[ok]	276
[ok]	277
[ok]	278
[ok]	279
[ok]	280
[ok]	281
[ok]	282
[ok]	283
[ok]	284
[ok]	285
[ok]	286
[ok]	287
[ok]	288
[ok]	289
[ok]	290
[ok]	291
[ok]	292
[ok]	293
[ok]	294
[ok]	295
[ok]	296
[ok]	297
[ok]	298
[ok]	299
[ok]	300
[ok]	301
[ok]	302
[ok]	303
[ok]	304
[ok]	305
[ok]	306
[ok]	307
[ok]	308
[ok]	309
[ok]	310
[ok]	311
[ok]	312
[ok]	313
[ok]	314
[ok]	315
[ok]	316
[ok]	317
[ok]	318
[ok]	319
[ok]	320
[ok]	321
[ok]	322
[ok]	323
[ok]	324
[ok]	325
[ok]	326
[ok]	327
[ok]	328
[ok]	329
[ok]	330
[ok]	331
[ok]	332
[ok]	333
[ok]	334
[ok]	335
[ok]	336
[ok]	337
[ok]	338
[ok]	339
[ok]	340
[ok]	341
[ok]	342
[ok]	343
[ok]	344
[ok]	345
[ok]	346
[ok]	347
[ok]	348
[ok]	349
[ok]	350
[ok]	351
[ok]	352
[ok]	353
[ok]	354
[ok]	355
[ok]	356
[ok]	357
[ok]	358
[ok]	359
[ok]	360
[ok]	361
[ok]	362
[ok]	363
[ok]	364
[ok]	365
[ok]	366
[ok]	367
[ok]	368
[ok]	369
[ok]	370
[ok]	371
[ok]	372
[ok]	373
[ok]	374
[ok]	375
[ok]	376
[ok]	377
[ok]	378
[ok]	379
[ok]	380
[ok]	381
[ok]	382
[ok]	383
[ok]	384
[ok]	385
[ok]	386
[ok]	387
[ok]	388
[ok]	389
[ok]	390
[ok]	391
[ok]	392
[ok]	393
[ok]	394
[ok]	395
[ok]	396
[ok]	397
[ok]	398
[ok]	399
[ok]	400
[ok]	401
[ok]	402
[ok]	403
[ok]	404
[ok]	405
[ok]	406
[ok]	407
[ok]	408
[ok]	409
[ok]	410
[ok]	411
[ok]	412
[ok]	413
[ok]	414
[ok]	415
[ok]	416
[ok]	417
[ok]	418
[ok]	419
[ok]	420
[ok]	421
[ok]	422
[ok]	423
[ok]	424
[ok]	425
[ok]	426
[ok]	427
[ok]	428
[ok]	429
[ok]	430
[ok]	431
[ok]	432
[ok]	433
[ok]	434
[ok]	435
[ok]	436
[ok]	437
[ok]	438
[ok]	439
[ok]	440
[ok]	441
[ok]	442
[ok]	443
[ok]	444
[ok]	445
[ok]	446
[ok]	447
[ok]	448
[ok]	449
[ok]	450
[ok]	451
[ok]	452
[ok]	453
[ok]	454
[ok]	455
[ok]	456
[ok]	457
[ok]	458
[ok]	459
[ok]	460
[ok]	461
[ok]	462
[ok]	463
[ok]	464
[ok]	465
[ok]	466
[ok]	467
[ok]	468
[ok]	469
[ok]	470
[ok]	471
[ok]	472
[ok]	473
[ok]	474
[ok]	475
[ok]	476
[ok]	477
[ok]	478
[ok]	479
[ok]	480
[ok]	481
[ok]	482
[ok]	483
[ok]	484
[ok]	485
[ok]	486
[ok]	487
[ok]	488
[ok]	489
[ok]	490
[ok]	491
[ok]	492
[ok]	493
[ok]	494
[ok]	495
[ok]	496
[ok]	497
[ok]	498
[ok]	499
[ok]	500
[ok]	501
[ok]	502
[ok]	503
[ok]	504
[ok]	505
[ok]	506
[ok]	507
[ok]	508
[ok]	509
[ok]	510
[ok]	511
[ok]	512
[ok]	513
[ok]	514
[ok]	515
[ok]	516
[ok]	517
[ok]	518
[ok]	519
[ok]	520
[ok]	521
[ok]	522
[ok]	523
[ok]	524
[ok]	525
[ok]	526
[ok]	527
[ok]	528
[ok]	529
[ok]	530
[ok]	531
[ok]	532
[ok]	533
[ok]	534
[ok]	535
[ok]	536
[ok]	537
[ok]	538
[ok]	539
[ok]	540
[ok]	541
[ok]	542
[ok]	543
[ok]	544
[ok]	545
[ok]	546
[ok]	547
[ok]	548
[ok]	549
[ok]	550
[ok]	551
[ok]	552
[ok]	553
[ok]	554
[ok]	555
[ok]	556
[ok]	557
[ok]	558
[ok]	559
[ok]	560
[ok]	561
[ok]	562
[ok]	563
[ok]	564
[ok]	565
[ok]	566
[ok]	567
[ok]	568
[ok]	569
[ok]	570
[ok]	571
[ok]	572
[ok]	573
[ok]	574
[ok]	575
[ok]	576
[ok]	577
[ok]	578
[ok]	579
[ok]	580
[ok]	581
[ok]	582
[ok]	583
[ok]	584
[ok]	585
[ok]	586
[ok]	587
[ok]	588
[ok]	589
[ok]	590
[ok]	591
[ok]	592
[ok]	593
[ok]	594
[ok]	595
[ok]	596
[ok]	597
[ok]	598
[ok]	599
[ok]	600
[ok]	601
[ok]	602
[ok]	603
[ok]	604
[ok]	605
[ok]	606
[ok]	607
[ok]	608
[ok]	609
[ok]	610
[ok]	611
[ok]	612
[ok]	613
[ok]	614
[ok]	615
[ok]	616
[ok]	617
[ok]	618
[ok]	619
[ok]	620
[ok]	621
[ok]	622
[ok]	623
[ok]	624
[ok]	625
[ok]	626
[ok]	627
[ok]	628
[ok]	629
[ok]	630
[ok]	631
[ok]	632
[ok]	633
[ok]	634
[ok]	635
[ok]	636
[ok]	637
[ok]	638
[ok]	639
[ok]	640
[ok]	641
[ok]	642
[ok]	643
[ok]	644
[ok]	645
[ok]	646
[ok]	647
[ok]	648
[ok]	649
[ok]	650
[ok]	651
[ok]	652
[ok]	653
[ok]	654
[ok]	655
[ok]	656
[ok]	657
[ok]	658
[ok]	659
[ok]	660
[ok]	661
[ok]	662
[ok]	663
[ok]	664
[ok]	665
[ok]	666
[ok]	667
[ok]	668
[ok]	669
[ok]	670
[ok]	671
[ok]	672
[ok]	673
[ok]	674
[ok]	675
[ok]	676
[ok]	677
[ok]	678
[ok]	679
[ok]	680
[ok]	681
[ok]	682
[ok]	683
[ok]	684
[ok]	685
[ok]	686
[ok]	687
[ok]	688
[ok]	689
[ok]	690
[ok]	691
[ok]	692
[ok]	693
[ok]	694
[ok]	695
[ok]	696
[ok]	697
[ok]	698
[ok]	699
[ok]	700
[ok]	701
[ok]	702
[ok]	703
[ok]	704
[ok]	705
[ok]	706
[ok]	707
[ok]	708
[ok]	709
[ok]	710
[ok]	711
[ok]	712
[ok]	713
[ok]	714
[ok]	715
[ok]	716
[ok]	717
[ok]	718
[ok]	719
[ok]	720
[ok]	721
[ok]	722
[ok]	723
[ok]	724
[ok]	725
[ok]	726
[ok]	727
[ok]	728
[ok]	729
[ok]	730
[ok]	731
[ok]	732
[ok]	733
[ok]	734
[ok]	735
[ok]	736
[ok]	737
[ok]	738
[ok]	739
[ok]	740
[ok]	741
[ok]	742
[ok]	743
[ok]	744
[ok]	745
[ok]	746
[ok]	747
[ok]	748
[ok]	749
[ok]	750
[ok]	751
[ok]	752
[ok]	753
[ok]	754
[ok]	755
[ok]	756
[ok]	757
[ok]	758
[ok]	759
[ok]	760
[ok]	761
[ok]	762
[ok]	763
[ok]	764
[ok]	765
[ok]	766
[ok]	767
[ok]	768
[ok]	769
[ok]	770
[ok]	771
[ok]	772
[ok]	773
[ok]	774
[ok]	775
[ok]	776
[ok]	777
[ok]	778
[ok]	779
[ok]	780
[ok]	781
[ok]	782
[ok]	783
[ok]	784
[ok]	785
[ok]	786
[ok]	787
[ok]	788
[ok]	789
[ok]	790
[ok]	791
[ok]	792
[ok]	793
[ok]	794
[ok]	795
[ok]	796
[ok]	797
[ok]	798
[ok]	799
[ok]	800
[ok]	801
[ok]	802
[ok]	803
[ok]	804
[ok]	805
[ok]	806
[ok]	807
[ok]	808
[ok]	809
[ok]	810
[ok]	811
[ok]	812
[ok]	813
[ok]	814
[ok]	815
[ok]	816
[ok]	817
[ok]	818
[ok]	819
[ok]	820
[ok]	821
[ok]	822
[ok]	823
[ok]	824
[ok]	825
[ok]	826
[ok]	827
[ok]	828
[ok]	829
[ok]	830
[ok]	831
[ok]	832
[ok]	833
[ok]	834
[ok]	835
[ok]	836
[ok]	837
[ok]	838
[ok]	839
[ok]	840
[ok]	841
[ok]	842
[ok]	843
[ok]	844
[ok]	845
[ok]	846
[ok]	847
[ok]	848
[ok]	849
[ok]	850
[ok]	851
[ok]	852
[ok]	853
[ok]	854
[ok]	855
[ok]	856
[ok]	857
[ok]	858
[ok]	859
[ok]	860
[ok]	861
[ok]	862
[ok]	863
[ok]	864
[ok]	865
[ok]	866
[ok]	867
[ok]	868
[ok]	869
[ok]	870
[ok]	871
[ok]	872
[ok]	873
[ok]	874
[ok]	875
[ok]	876
[ok]	877
[ok]	878
[ok]	879
[ok]	880
[ok]	881
[ok]	882
[ok]	883
[ok]	884
[ok]	885
[ok]	886
[ok]	887
[ok]	888
[ok]	889
[ok]	890
[ok]	891
[ok]	892
[ok]	893
[ok]	894
[ok]	895
[ok]	896
[ok]	897
[ok]	898
[ok]	899
[ok]	900
[ok]	901
[ok]	902
[ok]	903
[ok]	904
[ok]	905
[ok]	906
[ok]	907
[ok]	908
[ok]	909
[ok]	910
[ok]	911
[ok]	912
[ok]	913
[ok]	914
[ok]	915
[ok]	916
[ok]	917
[ok]	918
[ok]	919
[ok]	920
[ok]	921
[ok]	922
[ok]	923
[ok]	924
[ok]	925
[ok]	926
[ok]	927
[ok]	928
[ok]	929
[ok]	930
[ok]	931
[ok]	932
[ok]	933
[ok]	934
[ok]	935
[ok]	936
[ok]	937
[ok]	938
[ok]	939
[ok]	940
[ok]	941
[ok]	942
[ok]	943
[ok]	944
[ok]	945
[ok]	946
[ok]	947
[ok]	948
[ok]	949
[ok]	950
[ok]	951
[ok]	952
[ok]	953
[ok]	954
[ok]	955
[ok]	956
[ok]	957
[ok]	958
[ok]	959
[ok]	960
[ok]	961
[ok]	962
[ok]	963
[ok]	964
[ok]	965
[ok]	966
[ok]	967
[ok]	968
[ok]	969
[ok]	970
[ok]	971
[ok]	972
[ok]	973
[ok]	974
[ok]	975
[ok]	976
[ok]	977
[ok]	978
[ok]	979
[ok]	980
[ok]	981
[ok]	982
[ok]	983
[ok]	984
[ok]	985
[ok]	986
[ok]	987
[ok]	988
[ok]	989
[ok]	990
[ok]	991
[ok]	992
[ok]	993
[ok]	994
[ok]	995
[ok]	996
[ok]	997
[ok]	998
[ok]	999
[ok]	1000
[ok]	1001
[ok]	1002
[ok]	1003
[ok]	1004
[ok]	1005
[ok]	1006
[ok]	1007
[ok]	1008
[ok]	1009
[ok]	1010
[ok]	1011
[ok]	1012
[ok]	1013
[ok]	1014
[ok]	1015
[ok]	1016
[ok]	1017
[ok]	1018
[ok]	1019
[ok]	1020
[ok]	1021
[ok]	1022
[ok]	1023
[ok]	1024
[ok]	1025
[ok]	1026
[ok]	1027
[ok]	1028
[ok]	1029
[ok]	1030
[ok]	1031
[ok]	1032
[ok]	1033
[ok]	1034
[ok]	1035
[ok]	1036
[ok]	1037
[ok]	1038
[ok]	1039
[ok]	1040
[ok]	1041
[ok]	1042
[ok]	1043
[ok]	1044
[ok]	1045
[ok]	1046
[ok]	1047
[ok]	1048
[ok]	1049
[ok]	1050
[ok]	1051
[ok]	1052
[ok]	1053
[ok]	1054
[ok]	1055
[ok]	1056
[ok]	1057
[ok]	1058
[ok]	1059
[ok]	1060
[ok]	1061
[ok]	1062
[ok]	1063
[ok]	1064
[ok]	1065
[ok]	1066
[ok]	1067
[ok]	1068
[ok]	1069
[ok]	1070
[ok]	1071
[ok]	1072
[ok]	1073
[ok]	1074
[ok]	1075
[ok]	1076
[ok]	1077
[ok]	1078
[ok]	1079
[ok]	1080
[ok]	1081
[ok]	1082
[ok]	1083
[ok]	1084
[ok]	1085
[ok]	1086
[ok]	1087
[ok]	1088
[ok]	1089
[ok]	1090
[ok]	1091
[ok]	1092
[ok]	1093
[ok]	1094
[ok]	1095
[ok]	1096
[ok]	1097
[ok]	1098
[ok]	1099
[ok]	1100
[ok]	1101
[ok]	1102
[ok]	1103
[ok]	1104
[ok]	1105
[ok]	1106
[ok]	1107
[ok]	1108
[ok]	1109
[ok]	1110
[ok]	1111
[ok]	1112
[ok]	1113
[ok]	1114
[ok]	1115
[ok]	1116
[ok]	1117
[ok]	1118
[ok]	1119
[ok]	1120
[ok]	1121
[ok]	1122
[ok]	1123
[ok]	1124
[ok]	1125
[ok]	1126
[ok]	1127
[ok]	1128
[ok]	1129
[ok]	1130
[ok]	1131
[ok]	1132
[ok]	1133
[ok]	1134
[ok]	1135
[ok]	1136
[ok]	1137
[ok]	1138
[ok]	1139
[ok]	1140
[ok]	1141
[ok]	1142
[ok]	1143
[ok]	1144
[ok]	1145
[ok]	1146
[ok]	1147
[ok]	1148
[ok]	1149
[ok]	1150
[ok]	1151
[ok]	1152
[ok]	1153
[ok]	1154
[ok]	1155
[ok]	1156
[ok]	1157
[ok]	1158
[ok]	1159
[ok]	1160
[ok]	1161
[ok]	1162
[ok]	1163
[ok]	1164
[ok]	1165
[ok]	1166
[ok]	1167
[ok]	1168
[ok]	1169
[ok]	1170
[ok]	1171
[ok]	1172
[ok]	1173
[ok]	1174
[ok]	1175
[ok]	1176
[ok]	1177
[ok]	1178
[ok]	1179
[ok]	1180
[ok]	1181
[ok]	1182
[ok]	1183
[ok]	1184
[ok]	1185
[ok]	1186
[ok]	1187
[ok]	1188
[ok]	1189
[ok]	1190
[ok]	1191
[ok]	1192
[ok]	1193
[ok]	1194
[ok]	1195
[ok]	1196
[ok]	1197
[ok]	1198
[ok]	1199
[ok]	1200
[ok]	1201
[ok]	1202
[ok]	1203
[ok]	1204
[ok]	1205
[ok]	1206
[ok]	1207
[ok]	1208
[ok]	1209
[ok]	1210
[ok]	1211
[ok]	1212
[ok]	1213
[ok]	1214
[ok]	1215
[ok]	1216
[ok]	1217
[ok]	1218
[ok]	1219
[ok]	1220
[ok]	1221
[ok]	1222
[ok]	1223
[ok]	1224
[ok]	1225
[ok]	1226
[ok]	1227
[ok]	1228
[ok]	1229
[ok]	1230
[ok]	1231
[ok]	1232
[ok]	1233
[ok]	1234
[ok]	1235
[ok]	1236
[ok]	1237
[ok]	1238
[ok]	1239
[ok]	1240
[ok]	1241
[ok]	1242
[ok]	1243
[ok]	1244
[ok]	1245
[ok]	1246
[ok]	1247
[ok]	1248
[ok]	1249
[ok]	1250
[ok]	1251
[ok]	1252
[ok]	1253
[ok]	1254
[ok]	1255
[ok]	1256
[ok]	1257
[ok]	1258
[ok]	1259
[ok]	1260
[ok]	1261
[ok]	1262
[ok]	1263
[ok]	1264
[ok]	1265
[ok]	1266
[ok]	1267
[ok]	1268
[ok]	1269
[ok]	1270
[ok]	1271
[ok]	1272
[ok]	1273
[ok]	1274
[ok]	1275
[ok]	1276
[ok]	1277
[ok]	1278
[ok]	1279
[ok]	1280
[ok]	1281
[ok]	1282
[ok]	1283
[ok]	1284
[ok]	1285
-- newest diagnostic reports: biome-2026-09-29-094107.ips, soffice-2026-09-28-104720.ips, soffice-2026-09-28-105517.ips, soffice-2026-09-28-105123.000.ips, soffice-2026-09-28-105123.ips
2026-09-29 19:38:15.292 | INFO     | __main__:_loop:1067 - [batch pdf 2] 1014/2337
2026-09-29 19:38:20.310 | INFO     | __main__:_loop:1067 - [batch pdf 2] 1016/2337
2026-09-29 19:38:25.335 | INFO     | __main__:_loop:1067 - [batch pdf 2] 1018/2337
2026-09-29 19:38:30.353 | INFO     | __main__:_loop:1067 - [batch pdf 2] 1020/2337
2026-09-29 19:38:35.371 | INFO     | __main__:_loop:1067 - [batch pdf 2] 1022/2337
2026-09-29 19:38:40.403 | INFO     | __main__:_loop:1067 - [batch pdf 2] 1025/2337
2026-09-29 19:38:45.429 | INFO     | __main__:_loop:1067 - [batch pdf 2] 1027/2337
2026-09-29 19:38:50.447 | INFO     | __main__:_loop:1067 - [batch pdf 2] 1030/2337
2026-09-29 19:38:55.472 | INFO     | __main__:_loop:1067 - [batch pdf 2] 1032/2337
2026-09-29 19:39:00.496 | INFO     | __main__:_loop:1067 - [batch pdf 2] 1034/2337
2026-09-29 19:39:05.522 | INFO     | __main__:_loop:1067 - [batch pdf 2] 1036/2337
2026-09-29 19:39:10.539 | INFO     | __main__:_loop:1067 - [batch pdf 2] 1038/2337
2026-09-29 19:39:15.558 | INFO     | __main__:_loop:1067 - [batch pdf 2] 1041/2337
2026-09-29 19:39:20.588 | INFO     | __main__:_loop:1067 - [batch pdf 2] 1043/2337
2026-09-29 19:39:25.605 | INFO     | __main__:_loop:1067 - [batch pdf 2] 1045/2337
2026-09-29 19:39:30.619 | INFO     | __main__:_loop:1067 - [batch pdf 2] 1048/2337
2026-09-29 19:39:35.636 | INFO     | __main__:_loop:1067 - [batch pdf 2] 1050/2337
2026-09-29 19:39:40.662 | INFO     | __main__:_loop:1067 - [batch pdf 2] 1053/2337
2026-09-29 19:39:45.679 | INFO     | __main__:_loop:1067 - [batch pdf 2] 1056/2337
2026-09-29 19:39:50.704 | INFO     | __main__:_loop:1067 - [batch pdf 2] 1059/2337
2026-09-29 19:39:55.732 | INFO     | __main__:_loop:1067 - [batch pdf 2] 1061/2337
2026-09-29 19:40:00.759 | INFO     | __main__:_loop:1067 - [batch pdf 2] 1063/2337
2026-09-29 19:40:05.782 | INFO     | __main__:_loop:1067 - [batch pdf 2] 1066/2337
2026-09-29 19:40:10.807 | INFO     | __main__:_loop:1067 - [batch pdf 2] 1068/2337
2026-09-29 19:40:15.833 | INFO     | __main__:_loop:1067 - [batch pdf 2] 1071/2337
2026-09-29 19:40:20.850 | INFO     | __main__:_loop:1067 - [batch pdf 2] 1074/2337
2026-09-29 19:40:25.874 | INFO     | __main__:_loop:1067 - [batch pdf 2] 1076/2337
2026-09-29 19:40:30.906 | INFO     | __main__:_loop:1067 - [batch pdf 2] 1078/2337
2026-09-29 19:40:35.931 | INFO     | __main__:_loop:1067 - [batch pdf 2] 1079/2337
2026-09-29 19:40:50.964 | INFO     | __main__:_loop:1067 - [batch pdf 2] 1080/2337
2026-09-29 19:41:11.001 | INFO     | __main__:_loop:1067 - [batch pdf 2] 1081/2337
2026-09-29 19:41:31.060 | INFO     | __main__:_loop:1067 - [batch pdf 2] 1083/2337
2026-09-29 19:41:36.079 | INFO     | __main__:_loop:1067 - [batch pdf 2] 1086/2337
2026-09-29 19:41:41.104 | INFO     | __main__:_loop:1067 - [batch pdf 2] 1088/2337
2026-09-29 19:41:46.121 | INFO     | __main__:_loop:1067 - [batch pdf 2] 1091/2337
2026-09-29 19:41:51.138 | INFO     | __main__:_loop:1067 - [batch pdf 2] 1094/2337
2026-09-29 19:41:56.155 | INFO     | __main__:_loop:1067 - [batch pdf 2] 1096/2337
2026-09-29 19:42:01.180 | INFO     | __main__:_loop:1067 - [batch pdf 2] 1098/2337
2026-09-29 19:42:06.210 | INFO     | __main__:_loop:1067 - [batch pdf 2] 1101/2337
2026-09-29 19:42:11.236 | INFO     | __main__:_loop:1067 - [batch pdf 2] 1103/2337
2026-09-29 19:42:16.254 | INFO     | __main__:_loop:1067 - [batch pdf 2] 1105/2337
2026-09-29 19:42:21.280 | INFO     | __main__:_loop:1067 - [batch pdf 2] 1107/2337
2026-09-29 19:42:26.305 | INFO     | __main__:_loop:1067 - [batch pdf 2] 1109/2337
2026-09-29 19:42:31.330 | INFO     | __main__:_loop:1067 - [batch pdf 2] 1112/2337
2026-09-29 19:42:36.355 | INFO     | __main__:_loop:1067 - [batch pdf 2] 1115/2337
2026-09-29 19:42:41.381 | INFO     | __main__:_loop:1067 - [batch pdf 2] 1117/2337
2026-09-29 19:42:46.413 | INFO     | __main__:_loop:1067 - [batch pdf 2] 1119/2337
2026-09-29 19:42:51.435 | INFO     | __main__:_loop:1067 - [batch pdf 2] 1122/2337
2026-09-29 19:42:56.453 | INFO     | __main__:_loop:1067 - [batch pdf 2] 1124/2337
2026-09-29 19:43:01.475 | INFO     | __main__:_loop:1067 - [batch pdf 2] 1126/2337
2026-09-29 19:43:06.504 | INFO     | __main__:_loop:1067 - [batch pdf 2] 1128/2337
2026-09-29 19:43:11.523 | INFO     | __main__:_loop:1067 - [batch pdf 2] 1130/2337
2026-09-29 19:43:16.549 | INFO     | __main__:_loop:1067 - [batch pdf 2] 1132/2337
2026-09-29 19:43:21.580 | INFO     | __main__:_loop:1067 - [batch pdf 2] 1135/2337
2026-09-29 19:43:26.606 | INFO     | __main__:_loop:1067 - [batch pdf 2] 1137/2337
2026-09-29 19:43:31.630 | INFO     | __main__:_loop:1067 - [batch pdf 2] 1140/2337
2026-09-29 19:43:36.656 | INFO     | __main__:_loop:1067 - [batch pdf 2] 1142/2337
2026-09-29 19:43:41.680 | INFO     | __main__:_loop:1067 - [batch pdf 2] 1145/2337
2026-09-29 19:43:46.704 | INFO     | __main__:_loop:1067 - [batch pdf 2] 1147/2337
2026-09-29 19:43:51.730 | INFO     | __main__:_loop:1067 - [batch pdf 2] 1150/2337
2026-09-29 19:43:56.760 | INFO     | __main__:_loop:1067 - [batch pdf 2] 1153/2337
2026-09-29 19:44:01.786 | INFO     | __main__:_loop:1067 - [batch pdf 2] 1155/2337
2026-09-29 19:44:06.813 | INFO     | __main__:_loop:1067 - [batch pdf 2] 1157/2337
2026-09-29 19:44:11.838 | INFO     | __main__:_loop:1067 - [batch pdf 2] 1160/2337
2026-09-29 19:44:16.864 | INFO     | __main__:_loop:1067 - [batch pdf 2] 1162/2337
2026-09-29 19:44:21.885 | INFO     | __main__:_loop:1067 - [batch pdf 2] 1164/2337
2026-09-29 19:44:26.908 | INFO     | __main__:_loop:1067 - [batch pdf 2] 1166/2337
2026-09-29 19:44:31.933 | INFO     | __main__:_loop:1067 - [batch pdf 2] 1169/2337
2026-09-29 19:44:36.962 | INFO     | __main__:_loop:1067 - [batch pdf 2] 1171/2337
2026-09-29 19:44:41.987 | INFO     | __main__:_loop:1067 - [batch pdf 2] 1174/2337
2026-09-29 19:44:47.011 | INFO     | __main__:_loop:1067 - [batch pdf 2] 1176/2337
2026-09-29 19:44:52.036 | INFO     | __main__:_loop:1067 - [batch pdf 2] 1178/2337
2026-09-29 19:44:57.059 | INFO     | __main__:_loop:1067 - [batch pdf 2] 1181/2337
2026-09-29 19:45:02.085 | INFO     | __main__:_loop:1067 - [batch pdf 2] 1183/2337
2026-09-29 19:45:07.109 | INFO     | __main__:_loop:1067 - [batch pdf 2] 1185/2337
2026-09-29 19:45:12.140 | INFO     | __main__:_loop:1067 - [batch pdf 2] 1187/2337
2026-09-29 19:45:17.166 | INFO     | __main__:_loop:1067 - [batch pdf 2] 1189/2337
2026-09-29 19:45:22.191 | INFO     | __main__:_loop:1067 - [batch pdf 2] 1191/2337
2026-09-29 19:45:27.217 | INFO     | __main__:_loop:1067 - [batch pdf 2] 1193/2337
2026-09-29 19:45:32.241 | INFO     | __main__:_loop:1067 - [batch pdf 2] 1196/2337
2026-09-29 19:45:37.266 | INFO     | __main__:_loop:1067 - [batch pdf 2] 1198/2337
2026-09-29 19:45:42.291 | INFO     | __main__:_loop:1067 - [batch pdf 2] 1201/2337
2026-09-29 19:45:47.316 | INFO     | __main__:_loop:1067 - [batch pdf 2] 1203/2337
2026-09-29 19:45:52.346 | INFO     | __main__:_loop:1067 - [batch pdf 2] 1206/2337
2026-09-29 19:45:57.369 | INFO     | __main__:_loop:1067 - [batch pdf 2] 1209/2337
2026-09-29 19:46:02.395 | INFO     | __main__:_loop:1067 - [batch pdf 2] 1211/2337
2026-09-29 19:46:07.420 | INFO     | __main__:_loop:1067 - [batch pdf 2] 1213/2337
2026-09-29 19:46:12.437 | INFO     | __main__:_loop:1067 - [batch pdf 2] 1216/2337
2026-09-29 19:46:17.459 | INFO     | __main__:_loop:1067 - [batch pdf 2] 1218/2337
2026-09-29 19:46:22.476 | INFO     | __main__:_loop:1067 - [batch pdf 2] 1220/2337
2026-09-29 19:46:27.496 | INFO     | __main__:_loop:1067 - [batch pdf 2] 1223/2337
2026-09-29 19:46:32.528 | INFO     | __main__:_loop:1067 - [batch pdf 2] 1225/2337
2026-09-29 19:46:37.552 | INFO     | __main__:_loop:1067 - [batch pdf 2] 1228/2337
2026-09-29 19:46:42.569 | INFO     | __main__:_loop:1067 - [batch pdf 2] 1230/2337
2026-09-29 19:46:47.594 | INFO     | __main__:_loop:1067 - [batch pdf 2] 1232/2337
2026-09-29 19:46:52.611 | INFO     | __main__:_loop:1067 - [batch pdf 2] 1234/2337
2026-09-29 19:46:57.630 | INFO     | __main__:_loop:1067 - [batch pdf 2] 1237/2337
2026-09-29 19:47:02.654 | INFO     | __main__:_loop:1067 - [batch pdf 2] 1239/2337
2026-09-29 19:47:07.670 | INFO     | __main__:_loop:1067 - [batch pdf 2] 1241/2337
2026-09-29 19:47:12.705 | INFO     | __main__:_loop:1067 - [batch pdf 2] 1244/2337
2026-09-29 19:47:17.722 | INFO     | __main__:_loop:1067 - [batch pdf 2] 1245/2337
2026-09-29 19:47:22.739 | INFO     | __main__:_loop:1067 - [batch pdf 2] 1248/2337
2026-09-29 19:47:27.763 | INFO     | __main__:_loop:1067 - [batch pdf 2] 1250/2337
2026-09-29 19:47:32.788 | INFO     | __main__:_loop:1067 - [batch pdf 2] 1252/2337
2026-09-29 19:47:37.808 | INFO     | __main__:_loop:1067 - [batch pdf 2] 1255/2337
2026-09-29 19:47:42.831 | INFO     | __main__:_loop:1067 - [batch pdf 2] 1257/2337
2026-09-29 19:47:47.852 | INFO     | __main__:_loop:1067 - [batch pdf 2] 1259/2337
2026-09-29 19:47:52.884 | INFO     | __main__:_loop:1067 - [batch pdf 2] 1261/2337
2026-09-29 19:47:57.910 | INFO     | __main__:_loop:1067 - [batch pdf 2] 1263/2337
2026-09-29 19:48:02.933 | INFO     | __main__:_loop:1067 - [batch pdf 2] 1265/2337
2026-09-29 19:48:07.959 | INFO     | __main__:_loop:1067 - [batch pdf 2] 1267/2337
2026-09-29 19:48:12.984 | INFO     | __main__:_loop:1067 - [batch pdf 2] 1269/2337
2026-09-29 19:48:18.004 | INFO     | __main__:_loop:1067 - [batch pdf 2] 1271/2337
2026-09-29 19:48:23.030 | INFO     | __main__:_loop:1067 - [batch pdf 2] 1273/2337
2026-09-29 19:48:28.051 | INFO     | __main__:_loop:1067 - [batch pdf 2] 1275/2337
2026-09-29 19:48:33.082 | INFO     | __main__:_loop:1067 - [batch pdf 2] 1277/2337
2026-09-29 19:48:38.107 | INFO     | __main__:_loop:1067 - [batch pdf 2] 1280/2337
2026-09-29 19:48:43.134 | INFO     | __main__:_loop:1067 - [batch pdf 2] 1282/2337
2026-09-29 19:48:48.157 | INFO     | __main__:_loop:1067 - [batch pdf 2] 1284/2337
2026-09-29 19:48:53.184 | INFO     | __main__:_loop:1067 - [batch pdf 2] 1286/2337
2026-09-29 19:48:58.206 | INFO     | __main__:_loop:1067 - [batch pdf 2] 1288/2337
2026-09-29 19:49:03.231 | INFO     | __main__:_loop:1067 - [batch pdf 2] 1289/2337
2026-09-29 19:49:08.257 | INFO     | __main__:_loop:1067 - [batch pdf 2] 1291/2337
2026-09-29 19:49:13.282 | INFO     | __main__:_loop:1067 - [batch pdf 2] 1293/2337
2026-09-29 19:49:18.313 | INFO     | __main__:_loop:1067 - [batch pdf 2] 1295/2337
2026-09-29 19:49:23.335 | INFO     | __main__:_loop:1067 - [batch pdf 2] 1296/2337
2026-09-29 19:49:28.360 | INFO     | __main__:_loop:1067 - [batch pdf 2] 1299/2337
2026-09-29 19:49:33.381 | INFO     | __main__:_loop:1067 - [batch pdf 2] 1301/2337
2026-09-29 19:49:38.405 | INFO     | __main__:_loop:1067 - [batch pdf 2] 1303/2337
2026-09-29 19:49:43.430 | INFO     | __main__:_loop:1067 - [batch pdf 2] 1305/2337
2026-09-29 19:49:48.455 | INFO     | __main__:_loop:1067 - [batch pdf 2] 1307/2337
2026-09-29 19:49:53.480 | INFO     | __main__:_loop:1067 - [batch pdf 2] 1309/2337
2026-09-29 19:49:58.502 | INFO     | __main__:_loop:1067 - [batch pdf 2] 1311/2337
2026-09-29 19:50:03.521 | INFO     | __main__:_loop:1067 - [batch pdf 2] 1313/2337
2026-09-29 19:50:08.541 | INFO     | __main__:_loop:1067 - [batch pdf 2] 1315/2337
2026-09-29 19:50:13.559 | INFO     | __main__:_loop:1067 - [batch pdf 2] 1317/2337
2026-09-29 19:50:18.577 | INFO     | __main__:_loop:1067 - [batch pdf 2] 1319/2337
2026-09-29 19:50:23.594 | INFO     | __main__:_loop:1067 - [batch pdf 2] 1320/2337
2026-09-29 19:50:28.615 | INFO     | __main__:_loop:1067 - [batch pdf 2] 1322/2337
2026-09-29 19:50:33.629 | INFO     | __main__:_loop:1067 - [batch pdf 2] 1324/2337
2026-09-29 19:50:38.646 | INFO     | __main__:_loop:1067 - [batch pdf 2] 1325/2337
2026-09-29 19:50:43.665 | INFO     | __main__:_loop:1067 - [batch pdf 2] 1327/2337
2026-09-29 19:50:48.684 | INFO     | __main__:_loop:1067 - [batch pdf 2] 1329/2337
2026-09-29 19:50:53.698 | INFO     | __main__:_loop:1067 - [batch pdf 2] 1330/2337
2026-09-29 19:50:58.716 | INFO     | __main__:_loop:1067 - [batch pdf 2] 1332/2337
2026-09-29 19:51:03.741 | INFO     | __main__:_loop:1067 - [batch pdf 2] 1334/2337
2026-09-29 19:51:08.759 | INFO     | __main__:_loop:1067 - [batch pdf 2] 1336/2337
2026-09-29 19:51:13.779 | INFO     | __main__:_loop:1067 - [batch pdf 2] 1337/2337
2026-09-29 19:51:18.797 | INFO     | __main__:_loop:1067 - [batch pdf 2] 1339/2337
2026-09-29 19:51:23.816 | INFO     | __main__:_loop:1067 - [batch pdf 2] 1341/2337
2026-09-29 19:51:28.837 | INFO     | __main__:_loop:1067 - [batch pdf 2] 1342/2337
2026-09-29 19:51:33.854 | INFO     | __main__:_loop:1067 - [batch pdf 2] 1344/2337
2026-09-29 19:51:38.874 | INFO     | __main__:_loop:1067 - [batch pdf 2] 1345/2337
2026-09-29 19:51:43.892 | INFO     | __main__:_loop:1067 - [batch pdf 2] 1347/2337
2026-09-29 19:51:48.913 | INFO     | __main__:_loop:1067 - [batch pdf 2] 1348/2337
2026-09-29 19:51:53.933 | INFO     | __main__:_loop:1067 - [batch pdf 2] 1350/2337
2026-09-29 19:51:58.948 | INFO     | __main__:_loop:1067 - [batch pdf 2] 1352/2337
2026-09-29 19:52:03.974 | INFO     | __main__:_loop:1067 - [batch pdf 2] 1354/2337
2026-09-29 19:52:09.005 | INFO     | __main__:_loop:1067 - [batch pdf 2] 1356/2337
2026-09-29 19:52:14.032 | INFO     | __main__:_loop:1067 - [batch pdf 2] 1358/2337
2026-09-29 19:52:19.057 | INFO     | __main__:_loop:1067 - [batch pdf 2] 1360/2337
2026-09-29 19:52:24.078 | INFO     | __main__:_loop:1067 - [batch pdf 2] 1362/2337
2026-09-29 19:52:29.098 | INFO     | __main__:_loop:1067 - [batch pdf 2] 1364/2337
2026-09-29 19:52:34.132 | INFO     | __main__:_loop:1067 - [batch pdf 2] 1365/2337
2026-09-29 19:52:39.156 | INFO     | __main__:_loop:1067 - [batch pdf 2] 1367/2337
2026-09-29 19:52:44.173 | INFO     | __main__:_loop:1067 - [batch pdf 2] 1369/2337
2026-09-29 19:52:49.205 | INFO     | __main__:_loop:1067 - [batch pdf 2] 1371/2337
2026-09-29 19:52:54.230 | INFO     | __main__:_loop:1067 - [batch pdf 2] 1373/2337
2026-09-29 19:52:59.255 | INFO     | __main__:_loop:1067 - [batch pdf 2] 1374/2337
2026-09-29 19:53:19.311 | INFO     | __main__:_loop:1067 - [batch pdf 2] 1375/2337
2026-09-29 19:53:24.339 | INFO     | __main__:_loop:1067 - [batch pdf 2] 1376/2337
2026-09-29 19:53:29.365 | INFO     | __main__:_loop:1067 - [batch pdf 2] 1377/2337
2026-09-29 19:53:34.385 | INFO     | __main__:_loop:1067 - [batch pdf 2] 1379/2337
2026-09-29 19:53:39.409 | INFO     | __main__:_loop:1067 - [batch pdf 2] 1380/2337
2026-09-29 19:53:44.440 | INFO     | __main__:_loop:1067 - [batch pdf 2] 1381/2337
2026-09-29 19:53:49.460 | INFO     | __main__:_loop:1067 - [batch pdf 2] 1382/2337
2026-09-29 19:53:54.489 | INFO     | __main__:_loop:1067 - [batch pdf 2] 1383/2337
2026-09-29 19:53:59.510 | INFO     | __main__:_loop:1067 - [batch pdf 2] 1384/2337
2026-09-29 19:54:04.529 | INFO     | __main__:_loop:1067 - [batch pdf 2] 1385/2337
2026-09-29 19:54:09.551 | INFO     | __main__:_loop:1067 - [batch pdf 2] 1386/2337
2026-09-29 19:54:14.576 | INFO     | __main__:_loop:1067 - [batch pdf 2] 1387/2337
2026-09-29 19:54:19.597 | INFO     | __main__:_loop:1067 - [batch pdf 2] 1388/2337
2026-09-29 19:54:24.621 | INFO     | __main__:_loop:1067 - [batch pdf 2] 1389/2337
2026-09-29 19:54:29.647 | INFO     | __main__:_loop:1067 - [batch pdf 2] 1391/2337
2026-09-29 19:54:34.678 | INFO     | __main__:_loop:1067 - [batch pdf 2] 1393/2337
2026-09-29 19:54:39.703 | INFO     | __main__:_loop:1067 - [batch pdf 2] 1395/2337
2026-09-29 19:54:44.722 | INFO     | __main__:_loop:1067 - [batch pdf 2] 1397/2337
2026-09-29 19:54:49.752 | INFO     | __main__:_loop:1067 - [batch pdf 2] 1399/2337
2026-09-29 19:54:54.768 | INFO     | __main__:_loop:1067 - [batch pdf 2] 1401/2337
2026-09-29 19:54:59.781 | INFO     | __main__:_loop:1067 - [batch pdf 2] 1403/2337
2026-09-29 19:55:04.799 | INFO     | __main__:_loop:1067 - [batch pdf 2] 1405/2337
2026-09-29 19:55:09.820 | INFO     | __main__:_loop:1067 - [batch pdf 2] 1407/2337
2026-09-29 19:55:14.838 | INFO     | __main__:_loop:1067 - [batch pdf 2] 1409/2337
2026-09-29 19:55:19.864 | INFO     | __main__:_loop:1067 - [batch pdf 2] 1411/2337
2026-09-29 19:55:24.889 | INFO     | __main__:_loop:1067 - [batch pdf 2] 1413/2337
2026-09-29 19:55:29.915 | INFO     | __main__:_loop:1067 - [batch pdf 2] 1415/2337
2026-09-29 19:55:34.939 | INFO     | __main__:_loop:1067 - [batch pdf 2] 1417/2337
2026-09-29 19:55:39.958 | INFO     | __main__:_loop:1067 - [batch pdf 2] 1418/2337
2026-09-29 19:55:44.983 | INFO     | __main__:_loop:1067 - [batch pdf 2] 1421/2337
2026-09-29 19:55:50.014 | INFO     | __main__:_loop:1067 - [batch pdf 2] 1423/2337
2026-09-29 19:55:55.043 | INFO     | __main__:_loop:1067 - [batch pdf 2] 1424/2337
2026-09-29 19:56:00.059 | INFO     | __main__:_loop:1067 - [batch pdf 2] 1426/2337
2026-09-29 19:56:05.085 | INFO     | __main__:_loop:1067 - [batch pdf 2] 1428/2337
2026-09-29 19:56:10.111 | INFO     | __main__:_loop:1067 - [batch pdf 2] 1430/2337
2026-09-29 19:56:15.131 | INFO     | __main__:_loop:1067 - [batch pdf 2] 1432/2337
2026-09-29 19:56:20.148 | INFO     | __main__:_loop:1067 - [batch pdf 2] 1434/2337
2026-09-29 19:56:25.174 | INFO     | __main__:_loop:1067 - [batch pdf 2] 1436/2337
2026-09-29 19:56:30.192 | INFO     | __main__:_loop:1067 - [batch pdf 2] 1438/2337
2026-09-29 19:56:35.210 | INFO     | __main__:_loop:1067 - [batch pdf 2] 1439/2337
2026-09-29 19:56:40.223 | INFO     | __main__:_loop:1067 - [batch pdf 2] 1441/2337
2026-09-29 19:56:45.246 | INFO     | __main__:_loop:1067 - [batch pdf 2] 1443/2337
2026-09-29 19:56:50.269 | INFO     | __main__:_loop:1067 - [batch pdf 2] 1445/2337
2026-09-29 19:56:55.294 | INFO     | __main__:_loop:1067 - [batch pdf 2] 1447/2337
2026-09-29 19:57:00.311 | INFO     | __main__:_loop:1067 - [batch pdf 2] 1449/2337
2026-09-29 19:57:05.342 | INFO     | __main__:_loop:1067 - [batch pdf 2] 1451/2337
2026-09-29 19:57:10.358 | INFO     | __main__:_loop:1067 - [batch pdf 2] 1452/2337
2026-09-29 19:57:15.375 | INFO     | __main__:_loop:1067 - [batch pdf 2] 1454/2337
2026-09-29 19:57:20.401 | INFO     | __main__:_loop:1067 - [batch pdf 2] 1456/2337
2026-09-29 19:57:25.425 | INFO     | __main__:_loop:1067 - [batch pdf 2] 1457/2337
2026-09-29 19:57:30.450 | INFO     | __main__:_loop:1067 - [batch pdf 2] 1459/2337
2026-09-29 19:57:35.476 | INFO     | __main__:_loop:1067 - [batch pdf 2] 1461/2337
2026-09-29 19:57:40.494 | INFO     | __main__:_loop:1067 - [batch pdf 2] 1463/2337
2026-09-29 19:57:45.520 | INFO     | __main__:_loop:1067 - [batch pdf 2] 1464/2337
2026-09-29 19:57:50.539 | INFO     | __main__:_loop:1067 - [batch pdf 2] 1466/2337
2026-09-29 19:57:55.570 | INFO     | __main__:_loop:1067 - [batch pdf 2] 1468/2337
2026-09-29 19:58:00.596 | INFO     | __main__:_loop:1067 - [batch pdf 2] 1470/2337
2026-09-29 19:58:05.618 | INFO     | __main__:_loop:1067 - [batch pdf 2] 1472/2337
2026-09-29 19:58:10.636 | INFO     | __main__:_loop:1067 - [batch pdf 2] 1473/2337
2026-09-29 19:58:15.663 | INFO     | __main__:_loop:1067 - [batch pdf 2] 1475/2337
2026-09-29 19:58:20.691 | INFO     | __main__:_loop:1067 - [batch pdf 2] 1476/2337
2026-09-29 19:58:25.716 | INFO     | __main__:_loop:1067 - [batch pdf 2] 1478/2337
2026-09-29 19:58:30.743 | INFO     | __main__:_loop:1067 - [batch pdf 2] 1479/2337
2026-09-29 19:58:35.768 | INFO     | __main__:_loop:1067 - [batch pdf 2] 1481/2337
2026-09-29 19:58:40.791 | INFO     | __main__:_loop:1067 - [batch pdf 2] 1482/2337
2026-09-29 19:58:45.818 | INFO     | __main__:_loop:1067 - [batch pdf 2] 1484/2337
2026-09-29 19:58:50.843 | INFO     | __main__:_loop:1067 - [batch pdf 2] 1486/2337
2026-09-29 19:58:55.860 | INFO     | __main__:_loop:1067 - [batch pdf 2] 1488/2337
2026-09-29 19:59:00.884 | INFO     | __main__:_loop:1067 - [batch pdf 2] 1489/2337
2026-09-29 19:59:05.909 | INFO     | __main__:_loop:1067 - [batch pdf 2] 1491/2337
2026-09-29 19:59:10.935 | INFO     | __main__:_loop:1067 - [batch pdf 2] 1493/2337
2026-09-29 19:59:15.961 | INFO     | __main__:_loop:1067 - [batch pdf 2] 1494/2337
2026-09-29 19:59:20.993 | INFO     | __main__:_loop:1067 - [batch pdf 2] 1496/2337
2026-09-29 19:59:26.018 | INFO     | __main__:_loop:1067 - [batch pdf 2] 1498/2337
2026-09-29 19:59:31.039 | INFO     | __main__:_loop:1067 - [batch pdf 2] 1500/2337
2026-09-29 19:59:36.064 | INFO     | __main__:_loop:1067 - [batch pdf 2] 1501/2337
2026-09-29 19:59:41.091 | INFO     | __main__:_loop:1067 - [batch pdf 2] 1504/2337
2026-09-29 19:59:46.109 | INFO     | __main__:_loop:1067 - [batch pdf 2] 1505/2337
2026-09-29 19:59:51.134 | INFO     | __main__:_loop:1067 - [batch pdf 2] 1507/2337
2026-09-29 19:59:56.158 | INFO     | __main__:_loop:1067 - [batch pdf 2] 1509/2337
2026-09-29 20:00:01.186 | INFO     | __main__:_loop:1067 - [batch pdf 2] 1510/2337
2026-09-29 20:00:06.208 | INFO     | __main__:_loop:1067 - [batch pdf 2] 1512/2337
2026-09-29 20:00:11.233 | INFO     | __main__:_loop:1067 - [batch pdf 2] 1514/2337
2026-09-29 20:00:16.258 | INFO     | __main__:_loop:1067 - [batch pdf 2] 1515/2337
2026-09-29 20:00:21.283 | INFO     | __main__:_loop:1067 - [batch pdf 2] 1517/2337
2026-09-29 20:00:26.301 | INFO     | __main__:_loop:1067 - [batch pdf 2] 1518/2337
2026-09-29 20:00:31.326 | INFO     | __main__:_loop:1067 - [batch pdf 2] 1519/2337
2026-09-29 20:01:21.376 | WARNING  | __main__:_loop:1072 - [batch pdf 2] item 1520/2337 open for more than 30 s:
-- Word windows {name, subrole}: ,
-- Word window text: 
-- crash reporters: 
-- batch-pdf-2.log:
[ok]	274
[ok]	275
[ok]	276
[ok]	277
[ok]	278
[ok]	279
[ok]	280
[ok]	281
[ok]	282
[ok]	283
[ok]	284
[ok]	285
[ok]	286
[ok]	287
[ok]	288
[ok]	289
[ok]	290
[ok]	291
[ok]	292
[ok]	293
[ok]	294
[ok]	295
[ok]	296
[ok]	297
[ok]	298
[ok]	299
[ok]	300
[ok]	301
[ok]	302
[ok]	303
[ok]	304
[ok]	305
[ok]	306
[ok]	307
[ok]	308
[ok]	309
[ok]	310
[ok]	311
[ok]	312
[ok]	313
[ok]	314
[ok]	315
[ok]	316
[ok]	317
[ok]	318
[ok]	319
[ok]	320
[ok]	321
[ok]	322
[ok]	323
[ok]	324
[ok]	325
[ok]	326
[ok]	327
[ok]	328
[ok]	329
[ok]	330
[ok]	331
[ok]	332
[ok]	333
[ok]	334
[ok]	335
[ok]	336
[ok]	337
[ok]	338
[ok]	339
[ok]	340
[ok]	341
[ok]	342
[ok]	343
[ok]	344
[ok]	345
[ok]	346
[ok]	347
[ok]	348
[ok]	349
[ok]	350
[ok]	351
[ok]	352
[ok]	353
[ok]	354
[ok]	355
[ok]	356
[ok]	357
[ok]	358
[ok]	359
[ok]	360
[ok]	361
[ok]	362
[ok]	363
[ok]	364
[ok]	365
[ok]	366
[ok]	367
[ok]	368
[ok]	369
[ok]	370
[ok]	371
[ok]	372
[ok]	373
[ok]	374
[ok]	375
[ok]	376
[ok]	377
[ok]	378
[ok]	379
[ok]	380
[ok]	381
[ok]	382
[ok]	383
[ok]	384
[ok]	385
[ok]	386
[ok]	387
[ok]	388
[ok]	389
[ok]	390
[ok]	391
[ok]	392
[ok]	393
[ok]	394
[ok]	395
[ok]	396
[ok]	397
[ok]	398
[ok]	399
[ok]	400
[ok]	401
[ok]	402
[ok]	403
[ok]	404
[ok]	405
[ok]	406
[ok]	407
[ok]	408
[ok]	409
[ok]	410
[ok]	411
[ok]	412
[ok]	413
[ok]	414
[ok]	415
[ok]	416
[ok]	417
[ok]	418
[ok]	419
[ok]	420
[ok]	421
[ok]	422
[ok]	423
[ok]	424
[ok]	425
[ok]	426
[ok]	427
[ok]	428
[ok]	429
[ok]	430
[ok]	431
[ok]	432
[ok]	433
[ok]	434
[ok]	435
[ok]	436
[ok]	437
[ok]	438
[ok]	439
[ok]	440
[ok]	441
[ok]	442
[ok]	443
[ok]	444
[ok]	445
[ok]	446
[ok]	447
[ok]	448
[ok]	449
[ok]	450
[ok]	451
[ok]	452
[ok]	453
[ok]	454
[ok]	455
[ok]	456
[ok]	457
[ok]	458
[ok]	459
[ok]	460
[ok]	461
[ok]	462
[ok]	463
[ok]	464
[ok]	465
[ok]	466
[ok]	467
[ok]	468
[ok]	469
[ok]	470
[ok]	471
[ok]	472
[ok]	473
[ok]	474
[ok]	475
[ok]	476
[ok]	477
[ok]	478
[ok]	479
[ok]	480
[ok]	481
[ok]	482
[ok]	483
[ok]	484
[ok]	485
[ok]	486
[ok]	487
[ok]	488
[ok]	489
[ok]	490
[ok]	491
[ok]	492
[ok]	493
[ok]	494
[ok]	495
[ok]	496
[ok]	497
[ok]	498
[ok]	499
[ok]	500
[ok]	501
[ok]	502
[ok]	503
[ok]	504
[ok]	505
[ok]	506
[ok]	507
[ok]	508
[ok]	509
[ok]	510
[ok]	511
[ok]	512
[ok]	513
[ok]	514
[ok]	515
[ok]	516
[ok]	517
[ok]	518
[ok]	519
[ok]	520
[ok]	521
[ok]	522
[ok]	523
[ok]	524
[ok]	525
[ok]	526
[ok]	527
[ok]	528
[ok]	529
[ok]	530
[ok]	531
[ok]	532
[ok]	533
[ok]	534
[ok]	535
[ok]	536
[ok]	537
[ok]	538
[ok]	539
[ok]	540
[ok]	541
[ok]	542
[ok]	543
[ok]	544
[ok]	545
[ok]	546
[ok]	547
[ok]	548
[ok]	549
[ok]	550
[ok]	551
[ok]	552
[ok]	553
[ok]	554
[ok]	555
[ok]	556
[ok]	557
[ok]	558
[ok]	559
[ok]	560
[ok]	561
[ok]	562
[ok]	563
[ok]	564
[ok]	565
[ok]	566
[ok]	567
[ok]	568
[ok]	569
[ok]	570
[ok]	571
[ok]	572
[ok]	573
[ok]	574
[ok]	575
[ok]	576
[ok]	577
[ok]	578
[ok]	579
[ok]	580
[ok]	581
[ok]	582
[ok]	583
[ok]	584
[ok]	585
[ok]	586
[ok]	587
[ok]	588
[ok]	589
[ok]	590
[ok]	591
[ok]	592
[ok]	593
[ok]	594
[ok]	595
[ok]	596
[ok]	597
[ok]	598
[ok]	599
[ok]	600
[ok]	601
[ok]	602
[ok]	603
[ok]	604
[ok]	605
[ok]	606
[ok]	607
[ok]	608
[ok]	609
[ok]	610
[ok]	611
[ok]	612
[ok]	613
[ok]	614
[ok]	615
[ok]	616
[ok]	617
[ok]	618
[ok]	619
[ok]	620
[ok]	621
[ok]	622
[ok]	623
[ok]	624
[ok]	625
[ok]	626
[ok]	627
[ok]	628
[ok]	629
[ok]	630
[ok]	631
[ok]	632
[ok]	633
[ok]	634
[ok]	635
[ok]	636
[ok]	637
[ok]	638
[ok]	639
[ok]	640
[ok]	641
[ok]	642
[ok]	643
[ok]	644
[ok]	645
[ok]	646
[ok]	647
[ok]	648
[ok]	649
[ok]	650
[ok]	651
[ok]	652
[ok]	653
[ok]	654
[ok]	655
[ok]	656
[ok]	657
[ok]	658
[ok]	659
[ok]	660
[ok]	661
[ok]	662
[ok]	663
[ok]	664
[ok]	665
[ok]	666
[ok]	667
[ok]	668
[ok]	669
[ok]	670
[ok]	671
[ok]	672
[ok]	673
[ok]	674
[ok]	675
[ok]	676
[ok]	677
[ok]	678
[ok]	679
[ok]	680
[ok]	681
[ok]	682
[ok]	683
[ok]	684
[ok]	685
[ok]	686
[ok]	687
[ok]	688
[ok]	689
[ok]	690
[ok]	691
[ok]	692
[ok]	693
[ok]	694
[ok]	695
[ok]	696
[ok]	697
[ok]	698
[ok]	699
[ok]	700
[ok]	701
[ok]	702
[ok]	703
[ok]	704
[ok]	705
[ok]	706
[ok]	707
[ok]	708
[ok]	709
[ok]	710
[ok]	711
[ok]	712
[ok]	713
[ok]	714
[ok]	715
[ok]	716
[ok]	717
[ok]	718
[ok]	719
[ok]	720
[ok]	721
[ok]	722
[ok]	723
[ok]	724
[ok]	725
[ok]	726
[ok]	727
[ok]	728
[ok]	729
[ok]	730
[ok]	731
[ok]	732
[ok]	733
[ok]	734
[ok]	735
[ok]	736
[ok]	737
[ok]	738
[ok]	739
[ok]	740
[ok]	741
[ok]	742
[ok]	743
[ok]	744
[ok]	745
[ok]	746
[ok]	747
[ok]	748
[ok]	749
[ok]	750
[ok]	751
[ok]	752
[ok]	753
[ok]	754
[ok]	755
[ok]	756
[ok]	757
[ok]	758
[ok]	759
[ok]	760
[ok]	761
[ok]	762
[ok]	763
[ok]	764
[ok]	765
[ok]	766
[ok]	767
[ok]	768
[ok]	769
[ok]	770
[ok]	771
[ok]	772
[ok]	773
[ok]	774
[ok]	775
[ok]	776
[ok]	777
[ok]	778
[ok]	779
[ok]	780
[ok]	781
[ok]	782
[ok]	783
[ok]	784
[ok]	785
[ok]	786
[ok]	787
[ok]	788
[ok]	789
[ok]	790
[ok]	791
[ok]	792
[ok]	793
[ok]	794
[ok]	795
[ok]	796
[ok]	797
[ok]	798
[ok]	799
[ok]	800
[ok]	801
[ok]	802
[ok]	803
[ok]	804
[ok]	805
[ok]	806
[ok]	807
[ok]	808
[ok]	809
[ok]	810
[ok]	811
[ok]	812
[ok]	813
[ok]	814
[ok]	815
[ok]	816
[ok]	817
[ok]	818
[ok]	819
[ok]	820
[ok]	821
[ok]	822
[ok]	823
[ok]	824
[ok]	825
[ok]	826
[ok]	827
[ok]	828
[ok]	829
[ok]	830
[ok]	831
[ok]	832
[ok]	833
[ok]	834
[ok]	835
[ok]	836
[ok]	837
[ok]	838
[ok]	839
[ok]	840
[ok]	841
[ok]	842
[ok]	843
[ok]	844
[ok]	845
[ok]	846
[ok]	847
[ok]	848
[ok]	849
[ok]	850
[ok]	851
[ok]	852
[ok]	853
[ok]	854
[ok]	855
[ok]	856
[ok]	857
[ok]	858
[ok]	859
[ok]	860
[ok]	861
[ok]	862
[ok]	863
[ok]	864
[ok]	865
[ok]	866
[ok]	867
[ok]	868
[ok]	869
[ok]	870
[ok]	871
[ok]	872
[ok]	873
[ok]	874
[ok]	875
[ok]	876
[ok]	877
[ok]	878
[ok]	879
[ok]	880
[ok]	881
[ok]	882
[ok]	883
[ok]	884
[ok]	885
[ok]	886
[ok]	887
[ok]	888
[ok]	889
[ok]	890
[ok]	891
[ok]	892
[ok]	893
[ok]	894
[ok]	895
[ok]	896
[ok]	897
[ok]	898
[ok]	899
[ok]	900
[ok]	901
[ok]	902
[ok]	903
[ok]	904
[ok]	905
[ok]	906
[ok]	907
[ok]	908
[ok]	909
[ok]	910
[ok]	911
[ok]	912
[ok]	913
[ok]	914
[ok]	915
[ok]	916
[ok]	917
[ok]	918
[ok]	919
[ok]	920
[ok]	921
[ok]	922
[ok]	923
[ok]	924
[ok]	925
[ok]	926
[ok]	927
[ok]	928
[ok]	929
[ok]	930
[ok]	931
[ok]	932
[ok]	933
[ok]	934
[ok]	935
[ok]	936
[ok]	937
[ok]	938
[ok]	939
[ok]	940
[ok]	941
[ok]	942
[ok]	943
[ok]	944
[ok]	945
[ok]	946
[ok]	947
[ok]	948
[ok]	949
[ok]	950
[ok]	951
[ok]	952
[ok]	953
[ok]	954
[ok]	955
[ok]	956
[ok]	957
[ok]	958
[ok]	959
[ok]	960
[ok]	961
[ok]	962
[ok]	963
[ok]	964
[ok]	965
[ok]	966
[ok]	967
[ok]	968
[ok]	969
[ok]	970
[ok]	971
[ok]	972
[ok]	973
[ok]	974
[ok]	975
[ok]	976
[ok]	977
[ok]	978
[ok]	979
[ok]	980
[ok]	981
[ok]	982
[ok]	983
[ok]	984
[ok]	985
[ok]	986
[ok]	987
[ok]	988
[ok]	989
[ok]	990
[ok]	991
[ok]	992
[ok]	993
[ok]	994
[ok]	995
[ok]	996
[ok]	997
[ok]	998
[ok]	999
[ok]	1000
[ok]	1001
[ok]	1002
[ok]	1003
[ok]	1004
[ok]	1005
[ok]	1006
[ok]	1007
[ok]	1008
[ok]	1009
[ok]	1010
[ok]	1011
[ok]	1012
[ok]	1013
[ok]	1014
[ok]	1015
[ok]	1016
[ok]	1017
[ok]	1018
[ok]	1019
[ok]	1020
[ok]	1021
[ok]	1022
[ok]	1023
[ok]	1024
[ok]	1025
[ok]	1026
[ok]	1027
[ok]	1028
[ok]	1029
[ok]	1030
[ok]	1031
[ok]	1032
[ok]	1033
[ok]	1034
[ok]	1035
[ok]	1036
[ok]	1037
[ok]	1038
[ok]	1039
[ok]	1040
[ok]	1041
[ok]	1042
[ok]	1043
[ok]	1044
[ok]	1045
[ok]	1046
[ok]	1047
[ok]	1048
[ok]	1049
[ok]	1050
[ok]	1051
[ok]	1052
[ok]	1053
[ok]	1054
[ok]	1055
[ok]	1056
[ok]	1057
[ok]	1058
[ok]	1059
[ok]	1060
[ok]	1061
[ok]	1062
[ok]	1063
[ok]	1064
[ok]	1065
[ok]	1066
[ok]	1067
[ok]	1068
[ok]	1069
[ok]	1070
[ok]	1071
[ok]	1072
[ok]	1073
[ok]	1074
[ok]	1075
[ok]	1076
[ok]	1077
[ok]	1078
[ok]	1079
[ok]	1080
[ok]	1081
[ok]	1082
[ok]	1083
[ok]	1084
[ok]	1085
[ok]	1086
[ok]	1087
[ok]	1088
[ok]	1089
[ok]	1090
[ok]	1091
[ok]	1092
[ok]	1093
[ok]	1094
[ok]	1095
[ok]	1096
[ok]	1097
[ok]	1098
[ok]	1099
[ok]	1100
[ok]	1101
[ok]	1102
[ok]	1103
[ok]	1104
[ok]	1105
[ok]	1106
[ok]	1107
[ok]	1108
[ok]	1109
[ok]	1110
[ok]	1111
[ok]	1112
[ok]	1113
[ok]	1114
[ok]	1115
[ok]	1116
[ok]	1117
[ok]	1118
[ok]	1119
[ok]	1120
[ok]	1121
[ok]	1122
[ok]	1123
[ok]	1124
[ok]	1125
[ok]	1126
[ok]	1127
[ok]	1128
[ok]	1129
[ok]	1130
[ok]	1131
[ok]	1132
[ok]	1133
[ok]	1134
[ok]	1135
[ok]	1136
[ok]	1137
[ok]	1138
[ok]	1139
[ok]	1140
[ok]	1141
[ok]	1142
[ok]	1143
[ok]	1144
[ok]	1145
[ok]	1146
[ok]	1147
[ok]	1148
[ok]	1149
[ok]	1150
[ok]	1151
[ok]	1152
[ok]	1153
[ok]	1154
[ok]	1155
[ok]	1156
[ok]	1157
[ok]	1158
[ok]	1159
[ok]	1160
[ok]	1161
[ok]	1162
[ok]	1163
[ok]	1164
[ok]	1165
[ok]	1166
[ok]	1167
[ok]	1168
[ok]	1169
[ok]	1170
[ok]	1171
[ok]	1172
[ok]	1173
[ok]	1174
[ok]	1175
[ok]	1176
[ok]	1177
[ok]	1178
[ok]	1179
[ok]	1180
[ok]	1181
[ok]	1182
[ok]	1183
[ok]	1184
[ok]	1185
[ok]	1186
[ok]	1187
[ok]	1188
[ok]	1189
[ok]	1190
[ok]	1191
[ok]	1192
[ok]	1193
[ok]	1194
[ok]	1195
[ok]	1196
[ok]	1197
[ok]	1198
[ok]	1199
[ok]	1200
[ok]	1201
[ok]	1202
[ok]	1203
[ok]	1204
[ok]	1205
[ok]	1206
[ok]	1207
[ok]	1208
[ok]	1209
[ok]	1210
[ok]	1211
[ok]	1212
[ok]	1213
[ok]	1214
[ok]	1215
[ok]	1216
[ok]	1217
[ok]	1218
[ok]	1219
[ok]	1220
[ok]	1221
[ok]	1222
[ok]	1223
[ok]	1224
[ok]	1225
[ok]	1226
[ok]	1227
[ok]	1228
[ok]	1229
[ok]	1230
[ok]	1231
[ok]	1232
[ok]	1233
[ok]	1234
[ok]	1235
[ok]	1236
[ok]	1237
[ok]	1238
[ok]	1239
[ok]	1240
[ok]	1241
[ok]	1242
[ok]	1243
[ok]	1244
[ok]	1245
[ok]	1246
[ok]	1247
[ok]	1248
[ok]	1249
[ok]	1250
[ok]	1251
[ok]	1252
[ok]	1253
[ok]	1254
[ok]	1255
[ok]	1256
[ok]	1257
[ok]	1258
[ok]	1259
[ok]	1260
[ok]	1261
[ok]	1262
[ok]	1263
[ok]	1264
[ok]	1265
[ok]	1266
[ok]	1267
[ok]	1268
[ok]	1269
[ok]	1270
[ok]	1271
[ok]	1272
[ok]	1273
[ok]	1274
[ok]	1275
[ok]	1276
[ok]	1277
[ok]	1278
[ok]	1279
[ok]	1280
[ok]	1281
[ok]	1282
[ok]	1283
[ok]	1284
[ok]	1285
[ok]	1286
[ok]	1287
[fail]	1288	Microsoft Word got an error: document "01288__7e4c9416aa_00803e70c3646e42abab322238df606c847686168795a703__vs__1424386e9b_017447de83753a0e3b7afc659df038ef56972925336c6a5b_redline_c8545d372b_jubarte-rust.docx" doesn’t understand the “save as” message.
[ok]	1289
[ok]	1290
[ok]	1291
[ok]	1292
[ok]	1293
[ok]	1294
[ok]	1295
[ok]	1296
[ok]	1297
[ok]	1298
[ok]	1299
[ok]	1300
[ok]	1301
[ok]	1302
[ok]	1303
[ok]	1304
[ok]	1305
[ok]	1306
[ok]	1307
[ok]	1308
[ok]	1309
[ok]	1310
[ok]	1311
[ok]	1312
[ok]	1313
[ok]	1314
[ok]	1315
[ok]	1316
[ok]	1317
[ok]	1318
[ok]	1319
[ok]	1320
[ok]	1321
[ok]	1322
[ok]	1323
[ok]	1324
[ok]	1325
[ok]	1326
[ok]	1327
[ok]	1328
[ok]	1329
[ok]	1330
[ok]	1331
[ok]	1332
[ok]	1333
[ok]	1334
[ok]	1335
[ok]	1336
[ok]	1337
[ok]	1338
[ok]	1339
[ok]	1340
[ok]	1341
[ok]	1342
[ok]	1343
[ok]	1344
[ok]	1345
[ok]	1346
[ok]	1347
[ok]	1348
[ok]	1349
[ok]	1350
[ok]	1351
[ok]	1352
[ok]	1353
[ok]	1354
[ok]	1355
[ok]	1356
[ok]	1357
[ok]	1358
[ok]	1359
[ok]	1360
[ok]	1361
[ok]	1362
[ok]	1363
[ok]	1364
[ok]	1365
[ok]	1366
[ok]	1367
[ok]	1368
[ok]	1369
[ok]	1370
[ok]	1371
[ok]	1372
[ok]	1373
[ok]	1374
[ok]	1375
[ok]	1376
[ok]	1377
[ok]	1378
[ok]	1379
[ok]	1380
[ok]	1381
[ok]	1382
[ok]	1383
[ok]	1384
[ok]	1385
[ok]	1386
[ok]	1387
[ok]	1388
[ok]	1389
[ok]	1390
[ok]	1391
[ok]	1392
[ok]	1393
[ok]	1394
[ok]	1395
[ok]	1396
[ok]	1397
[ok]	1398
[ok]	1399
[ok]	1400
[ok]	1401
[ok]	1402
[ok]	1403
[ok]	1404
[ok]	1405
[ok]	1406
[ok]	1407
[ok]	1408
[ok]	1409
[ok]	1410
[ok]	1411
[ok]	1412
[ok]	1413
[ok]	1414
[ok]	1415
[ok]	1416
[ok]	1417
[ok]	1418
[ok]	1419
[ok]	1420
[ok]	1421
[ok]	1422
[ok]	1423
[ok]	1424
[ok]	1425
[ok]	1426
[ok]	1427
[ok]	1428
[ok]	1429
[ok]	1430
[ok]	1431
[ok]	1432
[ok]	1433
[ok]	1434
[ok]	1435
[ok]	1436
[ok]	1437
[ok]	1438
[ok]	1439
[ok]	1440
[ok]	1441
[ok]	1442
[ok]	1443
[ok]	1444
[ok]	1445
[ok]	1446
[ok]	1447
[ok]	1448
[ok]	1449
[ok]	1450
[ok]	1451
[ok]	1452
[ok]	1453
[ok]	1454
[ok]	1455
[ok]	1456
[ok]	1457
[ok]	1458
[ok]	1459
[ok]	1460
[ok]	1461
[ok]	1462
[ok]	1463
[ok]	1464
[ok]	1465
[ok]	1466
[ok]	1467
[ok]	1468
[ok]	1469
[ok]	1470
[ok]	1471
[ok]	1472
[ok]	1473
[ok]	1474
[ok]	1475
[ok]	1476
[ok]	1477
[ok]	1478
[ok]	1479
[ok]	1480
[ok]	1481
[ok]	1482
[ok]	1483
[ok]	1484
[ok]	1485
[ok]	1486
[ok]	1487
[ok]	1488
[ok]	1489
[ok]	1490
[ok]	1491
[ok]	1492
[ok]	1493
[ok]	1494
[ok]	1495
[ok]	1496
[ok]	1497
[ok]	1498
[ok]	1499
[ok]	1500
[ok]	1501
[ok]	1502
[ok]	1503
[ok]	1504
[ok]	1505
[ok]	1506
[ok]	1507
[ok]	1508
[ok]	1509
[ok]	1510
[ok]	1511
[ok]	1512
[ok]	1513
[ok]	1514
[ok]	1515
[ok]	1516
[ok]	1517
[ok]	1518
[ok]	1519
[ok]	1520
[ok]	1521
[ok]	1522
[ok]	1523
[ok]	1524
[ok]	1525
[ok]	1526
[ok]	1527
[ok]	1528
[ok]	1529
[ok]	1530
[ok]	1531
[ok]	1532
[ok]	1533
[ok]	1534
[ok]	1535
[ok]	1536
[ok]	1537
[ok]	1538
[ok]	1539
[ok]	1540
[ok]	1541
[ok]	1542
[ok]	1543
[ok]	1544
[ok]	1545
[ok]	1546
[ok]	1547
[ok]	1548
[ok]	1549
[ok]	1550
[ok]	1551
[ok]	1552
[ok]	1553
[ok]	1554
[ok]	1555
[ok]	1556
[ok]	1557
[ok]	1558
[ok]	1559
[ok]	1560
[ok]	1561
[ok]	1562
[ok]	1563
[ok]	1564
[ok]	1565
[ok]	1566
[ok]	1567
[ok]	1568
[ok]	1569
[ok]	1570
[ok]	1571
[ok]	1572
[ok]	1573
[ok]	1574
[ok]	1575
[ok]	1576
[ok]	1577
[ok]	1578
[ok]	1579
[ok]	1580
[ok]	1581
[ok]	1582
[ok]	1583
[ok]	1584
[ok]	1585
[ok]	1586
[ok]	1587
[ok]	1588
[ok]	1589
[ok]	1590
[ok]	1591
[ok]	1592
[ok]	1593
[ok]	1594
[ok]	1595
[ok]	1596
[ok]	1597
[ok]	1598
[ok]	1599
[ok]	1600
[ok]	1601
[ok]	1602
[ok]	1603
[ok]	1604
[ok]	1605
[ok]	1606
[ok]	1607
[ok]	1608
[ok]	1609
[ok]	1610
[ok]	1611
[ok]	1612
[ok]	1613
[ok]	1614
[ok]	1615
[ok]	1616
[ok]	1617
[ok]	1618
[ok]	1619
[ok]	1620
[ok]	1621
[ok]	1622
[ok]	1623
[ok]	1624
[ok]	1625
[ok]	1626
[ok]	1627
[ok]	1628
[ok]	1629
[ok]	1630
[ok]	1631
[ok]	1632
[ok]	1633
[ok]	1634
[ok]	1635
[ok]	1636
[ok]	1637
[ok]	1638
[ok]	1639
[ok]	1640
[ok]	1641
[ok]	1642
[ok]	1643
[ok]	1644
[ok]	1645
[ok]	1646
[ok]	1647
[ok]	1648
[ok]	1649
[ok]	1650
[ok]	1651
[ok]	1652
[ok]	1653
[ok]	1654
[ok]	1655
[ok]	1656
[ok]	1657
[ok]	1658
[ok]	1659
[ok]	1660
[ok]	1661
[ok]	1662
[ok]	1663
[ok]	1664
[ok]	1665
[ok]	1666
[ok]	1667
[ok]	1668
[ok]	1669
[ok]	1670
[ok]	1671
[ok]	1672
[ok]	1673
[ok]	1674
[ok]	1675
[ok]	1676
[ok]	1677
[ok]	1678
[ok]	1679
[ok]	1680
[ok]	1681
[ok]	1682
[ok]	1683
[ok]	1684
[ok]	1685
[ok]	1686
[ok]	1687
[ok]	1688
[ok]	1689
[ok]	1690
[ok]	1691
[ok]	1692
[ok]	1693
[ok]	1694
[ok]	1695
[ok]	1696
[ok]	1697
[ok]	1698
[ok]	1699
[ok]	1700
[ok]	1701
[ok]	1702
[ok]	1703
[ok]	1704
[ok]	1705
[ok]	1706
[ok]	1707
[ok]	1708
[ok]	1709
[ok]	1710
[ok]	1711
[ok]	1712
[ok]	1713
[ok]	1714
[ok]	1715
[ok]	1716
[ok]	1717
[ok]	1718
[ok]	1719
[ok]	1720
[ok]	1721
[ok]	1722
[ok]	1723
[ok]	1724
[ok]	1725
[ok]	1726
[ok]	1727
[ok]	1728
[ok]	1729
[ok]	1730
[ok]	1731
[ok]	1732
[ok]	1733
[ok]	1734
[ok]	1735
[ok]	1736
[ok]	1737
[ok]	1738
[ok]	1739
[ok]	1740
[ok]	1741
[ok]	1742
[ok]	1743
[ok]	1744
[ok]	1745
[ok]	1746
[ok]	1747
[ok]	1748
[ok]	1749
[ok]	1750
[ok]	1751
[ok]	1752
[ok]	1753
[ok]	1754
[ok]	1755
[ok]	1756
[ok]	1757
[ok]	1758
[ok]	1759
[ok]	1760
[ok]	1761
[ok]	1762
[ok]	1763
[ok]	1764
[ok]	1765
[ok]	1766
[ok]	1767
[ok]	1768
[ok]	1769
[ok]	1770
[ok]	1771
[ok]	1772
[ok]	1773
[ok]	1774
[ok]	1775
[ok]	1776
[ok]	1777
[ok]	1778
[ok]	1779
[ok]	1780
[ok]	1781
[ok]	1782
[ok]	1783
[ok]	1784
[ok]	1785
[ok]	1786
[ok]	1787
[ok]	1788
[ok]	1789
[ok]	1790
[ok]	1791
[ok]	1792
-- newest diagnostic reports: biome-2026-09-29-094107.ips, soffice-2026-09-28-104720.ips, soffice-2026-09-28-105517.ips, soffice-2026-09-28-105123.000.ips, soffice-2026-09-28-105123.ips
2026-09-29 20:01:45.297 | WARNING  | __main__:run_batch_with_resume:1206 - [batch pdf] 818 item(s) never reached (Word crashed on or could not load an item); recycling Word and retrying the rest first, retried items last (pass 3, 1 of 3 stalled passes used)
2026-09-29 20:01:45.297 | WARNING  | __main__:recycle:725 - [word] restarting a Word this run did not launch. If you set "Optimize for: Best for printing" by hand, re-check it before trusting the PDFs rendered after this point.
2026-09-29 20:01:45.298 | WARNING  | __main__:recycle:731 - [word] recycling (restart 2)
2026-09-29 20:01:53.478 | INFO     | __main__:_loop:1067 - [batch pdf 3] 6/818
2026-09-29 20:01:58.500 | INFO     | __main__:_loop:1067 - [batch pdf 3] 12/818
2026-09-29 20:02:03.519 | INFO     | __main__:_loop:1067 - [batch pdf 3] 19/818
2026-09-29 20:02:08.545 | INFO     | __main__:_loop:1067 - [batch pdf 3] 25/818
2026-09-29 20:02:13.575 | INFO     | __main__:_loop:1067 - [batch pdf 3] 29/818
2026-09-29 20:02:33.597 | INFO     | __main__:_loop:1067 - [batch pdf 3] 32/818
2026-09-29 20:02:38.617 | INFO     | __main__:_loop:1067 - [batch pdf 3] 37/818
2026-09-29 20:02:43.639 | INFO     | __main__:_loop:1067 - [batch pdf 3] 42/818
2026-09-29 20:02:48.662 | INFO     | __main__:_loop:1067 - [batch pdf 3] 50/818
2026-09-29 20:02:53.680 | INFO     | __main__:_loop:1067 - [batch pdf 3] 55/818
2026-09-29 20:02:58.696 | INFO     | __main__:_loop:1067 - [batch pdf 3] 61/818
2026-09-29 20:03:03.719 | INFO     | __main__:_loop:1067 - [batch pdf 3] 67/818
2026-09-29 20:03:08.744 | INFO     | __main__:_loop:1067 - [batch pdf 3] 72/818
2026-09-29 20:03:13.774 | INFO     | __main__:_loop:1067 - [batch pdf 3] 78/818
2026-09-29 20:03:18.801 | INFO     | __main__:_loop:1067 - [batch pdf 3] 86/818
2026-09-29 20:03:23.824 | INFO     | __main__:_loop:1067 - [batch pdf 3] 90/818
2026-09-29 20:03:28.846 | INFO     | __main__:_loop:1067 - [batch pdf 3] 96/818
2026-09-29 20:03:33.868 | INFO     | __main__:_loop:1067 - [batch pdf 3] 100/818
2026-09-29 20:03:38.891 | INFO     | __main__:_loop:1067 - [batch pdf 3] 103/818
2026-09-29 20:03:43.916 | INFO     | __main__:_loop:1067 - [batch pdf 3] 105/818
2026-09-29 20:03:48.932 | INFO     | __main__:_loop:1067 - [batch pdf 3] 109/818
2026-09-29 20:03:53.950 | INFO     | __main__:_loop:1067 - [batch pdf 3] 115/818
2026-09-29 20:03:58.964 | INFO     | __main__:_loop:1067 - [batch pdf 3] 120/818
2026-09-29 20:04:03.984 | INFO     | __main__:_loop:1067 - [batch pdf 3] 126/818
2026-09-29 20:04:09.001 | INFO     | __main__:_loop:1067 - [batch pdf 3] 130/818
2026-09-29 20:04:14.020 | INFO     | __main__:_loop:1067 - [batch pdf 3] 136/818
2026-09-29 20:04:19.044 | INFO     | __main__:_loop:1067 - [batch pdf 3] 143/818
2026-09-29 20:04:24.062 | INFO     | __main__:_loop:1067 - [batch pdf 3] 148/818
2026-09-29 20:04:29.083 | INFO     | __main__:_loop:1067 - [batch pdf 3] 154/818
2026-09-29 20:04:34.107 | INFO     | __main__:_loop:1067 - [batch pdf 3] 160/818
2026-09-29 20:04:39.127 | INFO     | __main__:_loop:1067 - [batch pdf 3] 165/818
2026-09-29 20:04:44.147 | INFO     | __main__:_loop:1067 - [batch pdf 3] 169/818
2026-09-29 20:04:49.164 | INFO     | __main__:_loop:1067 - [batch pdf 3] 175/818
2026-09-29 20:04:54.184 | INFO     | __main__:_loop:1067 - [batch pdf 3] 181/818
2026-09-29 20:04:59.209 | INFO     | __main__:_loop:1067 - [batch pdf 3] 186/818
2026-09-29 20:05:04.233 | INFO     | __main__:_loop:1067 - [batch pdf 3] 191/818
2026-09-29 20:05:09.259 | INFO     | __main__:_loop:1067 - [batch pdf 3] 197/818
2026-09-29 20:05:14.283 | INFO     | __main__:_loop:1067 - [batch pdf 3] 202/818
2026-09-29 20:05:19.304 | INFO     | __main__:_loop:1067 - [batch pdf 3] 205/818
2026-09-29 20:05:24.315 | INFO     | __main__:_loop:1067 - [batch pdf 3] 209/818
2026-09-29 20:05:29.341 | INFO     | __main__:_loop:1067 - [batch pdf 3] 211/818
2026-09-29 20:05:34.363 | INFO     | __main__:_loop:1067 - [batch pdf 3] 213/818
2026-09-29 20:05:39.382 | INFO     | __main__:_loop:1067 - [batch pdf 3] 215/818
2026-09-29 20:05:44.405 | INFO     | __main__:_loop:1067 - [batch pdf 3] 217/818
2026-09-29 20:05:49.429 | INFO     | __main__:_loop:1067 - [batch pdf 3] 220/818
2026-09-29 20:05:54.458 | INFO     | __main__:_loop:1067 - [batch pdf 3] 226/818
2026-09-29 20:05:59.478 | INFO     | __main__:_loop:1067 - [batch pdf 3] 231/818
2026-09-29 20:06:04.498 | INFO     | __main__:_loop:1067 - [batch pdf 3] 236/818
2026-09-29 20:06:09.521 | INFO     | __main__:_loop:1067 - [batch pdf 3] 240/818
2026-09-29 20:06:14.546 | INFO     | __main__:_loop:1067 - [batch pdf 3] 245/818
2026-09-29 20:06:19.572 | INFO     | __main__:_loop:1067 - [batch pdf 3] 251/818
2026-09-29 20:06:24.592 | INFO     | __main__:_loop:1067 - [batch pdf 3] 257/818
2026-09-29 20:06:29.613 | INFO     | __main__:_loop:1067 - [batch pdf 3] 261/818
2026-09-29 20:06:34.637 | INFO     | __main__:_loop:1067 - [batch pdf 3] 264/818
2026-09-29 20:06:39.660 | INFO     | __main__:_loop:1067 - [batch pdf 3] 270/818
2026-09-29 20:06:44.691 | INFO     | __main__:_loop:1067 - [batch pdf 3] 275/818
2026-09-29 20:06:49.715 | INFO     | __main__:_loop:1067 - [batch pdf 3] 280/818
2026-09-29 20:06:54.740 | INFO     | __main__:_loop:1067 - [batch pdf 3] 285/818
2026-09-29 20:06:59.766 | INFO     | __main__:_loop:1067 - [batch pdf 3] 291/818
2026-09-29 20:07:04.785 | INFO     | __main__:_loop:1067 - [batch pdf 3] 296/818
2026-09-29 20:07:09.815 | INFO     | __main__:_loop:1067 - [batch pdf 3] 302/818
2026-09-29 20:07:14.840 | INFO     | __main__:_loop:1067 - [batch pdf 3] 308/818
2026-09-29 20:07:19.865 | INFO     | __main__:_loop:1067 - [batch pdf 3] 313/818
2026-09-29 20:07:24.891 | INFO     | __main__:_loop:1067 - [batch pdf 3] 319/818
2026-09-29 20:07:29.913 | INFO     | __main__:_loop:1067 - [batch pdf 3] 324/818
2026-09-29 20:07:34.945 | INFO     | __main__:_loop:1067 - [batch pdf 3] 330/818
2026-09-29 20:07:39.968 | INFO     | __main__:_loop:1067 - [batch pdf 3] 336/818
2026-09-29 20:07:44.993 | INFO     | __main__:_loop:1067 - [batch pdf 3] 340/818
2026-09-29 20:07:50.014 | INFO     | __main__:_loop:1067 - [batch pdf 3] 345/818
2026-09-29 20:07:55.039 | INFO     | __main__:_loop:1067 - [batch pdf 3] 350/818
2026-09-29 20:08:00.068 | INFO     | __main__:_loop:1067 - [batch pdf 3] 353/818
2026-09-29 20:08:05.091 | INFO     | __main__:_loop:1067 - [batch pdf 3] 355/818
2026-09-29 20:08:10.112 | INFO     | __main__:_loop:1067 - [batch pdf 3] 356/818
2026-09-29 20:08:15.137 | INFO     | __main__:_loop:1067 - [batch pdf 3] 358/818
2026-09-29 20:08:20.157 | INFO     | __main__:_loop:1067 - [batch pdf 3] 360/818
2026-09-29 20:08:25.183 | INFO     | __main__:_loop:1067 - [batch pdf 3] 363/818
2026-09-29 20:08:30.208 | INFO     | __main__:_loop:1067 - [batch pdf 3] 368/818
2026-09-29 20:08:35.239 | INFO     | __main__:_loop:1067 - [batch pdf 3] 373/818
2026-09-29 20:08:40.261 | INFO     | __main__:_loop:1067 - [batch pdf 3] 379/818
2026-09-29 20:08:45.278 | INFO     | __main__:_loop:1067 - [batch pdf 3] 381/818
2026-09-29 20:09:34.756 | WARNING  | __main__:_loop:1072 - [batch pdf 3] item 382/818 open for more than 30 s:
-- Word windows {name, subrole}: ,
-- Word window text: 
-- crash reporters: 
-- batch-pdf-3.log:
[ok]	1794
[ok]	1795
[ok]	1796
[ok]	1797
[ok]	1798
[ok]	1799
[ok]	1800
[ok]	1801
[ok]	1802
[ok]	1803
[ok]	1804
[ok]	1805
[ok]	1806
[ok]	1807
[ok]	1808
[ok]	1809
[ok]	1810
[ok]	1811
[ok]	1812
[ok]	1813
[ok]	1814
[ok]	1815
[ok]	1816
[ok]	1817
[ok]	1818
[ok]	1819
[ok]	1820
[ok]	1821
[ok]	1822
[ok]	1823
[ok]	1824
[ok]	1825
[ok]	1826
[ok]	1827
[ok]	1828
[ok]	1829
[ok]	1830
[ok]	1831
[ok]	1832
[ok]	1833
[ok]	1834
[ok]	1835
[ok]	1836
[ok]	1837
[ok]	1838
[ok]	1839
[ok]	1840
[ok]	1841
[ok]	1842
[ok]	1843
[ok]	1844
[ok]	1845
[ok]	1846
[ok]	1847
[ok]	1848
[ok]	1849
[ok]	1850
[ok]	1851
[ok]	1852
[ok]	1853
[ok]	1854
[ok]	1855
[ok]	1856
[ok]	1857
[ok]	1858
[ok]	1859
[ok]	1860
[ok]	1861
[ok]	1862
[ok]	1863
[ok]	1864
[ok]	1865
[ok]	1866
[ok]	1867
[ok]	1868
[ok]	1869
[ok]	1870
[ok]	1871
[ok]	1872
[ok]	1873
[ok]	1874
[ok]	1875
[ok]	1876
[ok]	1877
[ok]	1878
[ok]	1879
[ok]	1880
[ok]	1881
[ok]	1882
[ok]	1883
[ok]	1884
[ok]	1885
[ok]	1886
[ok]	1887
[ok]	1888
[ok]	1889
[ok]	1890
[ok]	1891
[ok]	1892
[ok]	1893
[ok]	1894
[ok]	1895
[ok]	1896
[ok]	1897
[ok]	1898
[ok]	1899
[ok]	1900
[ok]	1901
[ok]	1902
[ok]	1903
[ok]	1904
[ok]	1905
[ok]	1906
[ok]	1907
[ok]	1908
[ok]	1909
[ok]	1910
[ok]	1911
[ok]	1912
[ok]	1913
[ok]	1914
[ok]	1915
[ok]	1916
[ok]	1917
[ok]	1918
[ok]	1919
[ok]	1920
[ok]	1921
[ok]	1922
[ok]	1923
[ok]	1924
[ok]	1925
[ok]	1926
[ok]	1927
[ok]	1928
[ok]	1929
[ok]	1930
[ok]	1931
[ok]	1932
[ok]	1933
[ok]	1934
[ok]	1935
[ok]	1936
[ok]	1937
[ok]	1938
[ok]	1939
[ok]	1940
[ok]	1941
[ok]	1942
[ok]	1943
[ok]	1944
[ok]	1945
[ok]	1946
[ok]	1947
[ok]	1948
[ok]	1949
[ok]	1950
[ok]	1951
[ok]	1952
[ok]	1953
[ok]	1954
[ok]	1955
[ok]	1956
[ok]	1957
[ok]	1958
[ok]	1959
[ok]	1960
[ok]	1961
[ok]	1962
[ok]	1963
[ok]	1964
[ok]	1965
[ok]	1966
[ok]	1967
[ok]	1968
[ok]	1969
[ok]	1970
[ok]	1971
[ok]	1972
[ok]	1973
[ok]	1974
[ok]	1975
[ok]	1976
[ok]	1977
[ok]	1978
[ok]	1979
[ok]	1980
[ok]	1981
[ok]	1982
[ok]	1983
[ok]	1984
[ok]	1985
[ok]	1986
[ok]	1987
[ok]	1988
[ok]	1989
[ok]	1990
[ok]	1991
[ok]	1992
[ok]	1993
[ok]	1994
[ok]	1995
[ok]	1996
[ok]	1997
[ok]	1998
[ok]	1999
[ok]	2000
[ok]	2001
[ok]	2002
[ok]	2003
[ok]	2004
[ok]	2005
[ok]	2006
[ok]	2007
[ok]	2008
[ok]	2009
[ok]	2010
[ok]	2011
[ok]	2012
[ok]	2013
[ok]	2014
[ok]	2015
[ok]	2016
[ok]	2017
[ok]	2018
[ok]	2019
[ok]	2020
[ok]	2021
[ok]	2022
[ok]	2023
[ok]	2024
[ok]	2025
[ok]	2026
[ok]	2027
[ok]	2028
[ok]	2029
[ok]	2030
[ok]	2031
[ok]	2032
[ok]	2033
[ok]	2034
[ok]	2035
[ok]	2036
[ok]	2037
[ok]	2038
[ok]	2039
[ok]	2040
[ok]	2041
[ok]	2042
[ok]	2043
[ok]	2044
[ok]	2045
[ok]	2046
[ok]	2047
[ok]	2048
[ok]	2049
[ok]	2050
[ok]	2051
[ok]	2052
[ok]	2053
[ok]	2054
[ok]	2055
[ok]	2056
[ok]	2057
[ok]	2058
[ok]	2059
[ok]	2060
[ok]	2061
[ok]	2062
[ok]	2063
[ok]	2064
[ok]	2065
[ok]	2066
[ok]	2067
[ok]	2068
[ok]	2069
[ok]	2070
[ok]	2071
[ok]	2072
[ok]	2073
[ok]	2074
[ok]	2075
[ok]	2076
[ok]	2077
[ok]	2078
[ok]	2079
[ok]	2080
[ok]	2081
[ok]	2082
[ok]	2083
[ok]	2084
[ok]	2085
[ok]	2086
[ok]	2087
[ok]	2088
[ok]	2089
[ok]	2090
[ok]	2091
[ok]	2092
[ok]	2093
[ok]	2094
[ok]	2095
[ok]	2096
[ok]	2097
[ok]	2098
[ok]	2099
[ok]	2100
[ok]	2101
[ok]	2102
[ok]	2103
[ok]	2104
[ok]	2105
[ok]	2106
[ok]	2107
[ok]	2108
[ok]	2109
[ok]	2110
[ok]	2111
[ok]	2112
[ok]	2113
[ok]	2114
[ok]	2115
[ok]	2116
[ok]	2117
[ok]	2118
[ok]	2119
[ok]	2120
[ok]	2121
[ok]	2122
[ok]	2123
[ok]	2124
[ok]	2125
[ok]	2126
[ok]	2127
[ok]	2128
[ok]	2129
[ok]	2130
[ok]	2131
[ok]	2132
[ok]	2133
[ok]	2134
[ok]	2135
[ok]	2136
[ok]	2137
[ok]	2138
[ok]	2139
[ok]	2140
[ok]	2141
[ok]	2142
[ok]	2143
[ok]	2144
[ok]	2145
[ok]	2146
[ok]	2147
[ok]	2148
[ok]	2149
[ok]	2150
[ok]	2151
[ok]	2152
[ok]	2153
[ok]	2154
[ok]	2155
[ok]	2156
[ok]	2157
[ok]	2158
[ok]	2159
[ok]	2160
[ok]	2161
[ok]	2162
[ok]	2163
[ok]	2164
[ok]	2165
[ok]	2166
[ok]	2167
[ok]	2168
[ok]	2169
[ok]	2170
[ok]	2171
[ok]	2172
[ok]	2173
[ok]	2174
-- newest diagnostic reports: biome-2026-09-29-094107.ips, soffice-2026-09-28-104720.ips, soffice-2026-09-28-105517.ips, soffice-2026-09-28-105123.000.ips, soffice-2026-09-28-105123.ips
2026-09-29 20:10:15.193 | INFO     | __main__:_loop:1067 - [batch pdf 3] 382/818
2026-09-29 20:10:20.219 | INFO     | __main__:_loop:1067 - [batch pdf 3] 386/818
2026-09-29 20:10:25.245 | INFO     | __main__:_loop:1067 - [batch pdf 3] 391/818
2026-09-29 20:10:30.271 | INFO     | __main__:_loop:1067 - [batch pdf 3] 395/818
2026-09-29 20:10:35.296 | INFO     | __main__:_loop:1067 - [batch pdf 3] 400/818
2026-09-29 20:10:40.321 | INFO     | __main__:_loop:1067 - [batch pdf 3] 406/818
2026-09-29 20:10:45.344 | INFO     | __main__:_loop:1067 - [batch pdf 3] 411/818
2026-09-29 20:10:50.374 | INFO     | __main__:_loop:1067 - [batch pdf 3] 416/818
2026-09-29 20:10:55.399 | INFO     | __main__:_loop:1067 - [batch pdf 3] 421/818
2026-09-29 20:11:00.416 | INFO     | __main__:_loop:1067 - [batch pdf 3] 426/818
2026-09-29 20:11:05.441 | INFO     | __main__:_loop:1067 - [batch pdf 3] 430/818
2026-09-29 20:11:10.464 | INFO     | __main__:_loop:1067 - [batch pdf 3] 434/818
2026-09-29 20:11:15.488 | INFO     | __main__:_loop:1067 - [batch pdf 3] 439/818
2026-09-29 20:11:20.519 | INFO     | __main__:_loop:1067 - [batch pdf 3] 443/818
2026-09-29 20:11:25.543 | INFO     | __main__:_loop:1067 - [batch pdf 3] 448/818
2026-09-29 20:11:30.569 | INFO     | __main__:_loop:1067 - [batch pdf 3] 452/818
2026-09-29 20:11:35.594 | INFO     | __main__:_loop:1067 - [batch pdf 3] 457/818
2026-09-29 20:11:40.620 | INFO     | __main__:_loop:1067 - [batch pdf 3] 460/818
2026-09-29 20:11:50.645 | INFO     | __main__:_loop:1067 - [batch pdf 3] 463/818
2026-09-29 20:11:55.674 | INFO     | __main__:_loop:1067 - [batch pdf 3] 468/818
2026-09-29 20:12:00.699 | INFO     | __main__:_loop:1067 - [batch pdf 3] 473/818
2026-09-29 20:12:05.715 | INFO     | __main__:_loop:1067 - [batch pdf 3] 478/818
2026-09-29 20:12:10.741 | INFO     | __main__:_loop:1067 - [batch pdf 3] 482/818
2026-09-29 20:12:15.768 | INFO     | __main__:_loop:1067 - [batch pdf 3] 487/818
2026-09-29 20:12:20.800 | INFO     | __main__:_loop:1067 - [batch pdf 3] 492/818
2026-09-29 20:12:25.826 | INFO     | __main__:_loop:1067 - [batch pdf 3] 496/818
2026-09-29 20:12:30.848 | INFO     | __main__:_loop:1067 - [batch pdf 3] 499/818
2026-09-29 20:12:35.872 | INFO     | __main__:_loop:1067 - [batch pdf 3] 503/818
2026-09-29 20:12:40.894 | INFO     | __main__:_loop:1067 - [batch pdf 3] 507/818
2026-09-29 20:12:45.940 | INFO     | __main__:_loop:1067 - [batch pdf 3] 510/818
2026-09-29 20:12:50.970 | INFO     | __main__:_loop:1067 - [batch pdf 3] 514/818
2026-09-29 20:12:55.996 | INFO     | __main__:_loop:1067 - [batch pdf 3] 517/818
2026-09-29 20:13:01.021 | INFO     | __main__:_loop:1067 - [batch pdf 3] 521/818
2026-09-29 20:13:06.040 | INFO     | __main__:_loop:1067 - [batch pdf 3] 525/818
2026-09-29 20:13:11.066 | INFO     | __main__:_loop:1067 - [batch pdf 3] 530/818
2026-09-29 20:13:16.091 | INFO     | __main__:_loop:1067 - [batch pdf 3] 534/818
2026-09-29 20:13:21.122 | INFO     | __main__:_loop:1067 - [batch pdf 3] 539/818
2026-09-29 20:13:26.147 | INFO     | __main__:_loop:1067 - [batch pdf 3] 541/818
2026-09-29 20:14:17.394 | WARNING  | __main__:_loop:1072 - [batch pdf 3] item 542/818 open for more than 30 s:
-- Word windows {name, subrole}: ,
-- Word window text: 
-- crash reporters: 
-- batch-pdf-3.log:
[ok]	1794
[ok]	1795
[ok]	1796
[ok]	1797
[ok]	1798
[ok]	1799
[ok]	1800
[ok]	1801
[ok]	1802
[ok]	1803
[ok]	1804
[ok]	1805
[ok]	1806
[ok]	1807
[ok]	1808
[ok]	1809
[ok]	1810
[ok]	1811
[ok]	1812
[ok]	1813
[ok]	1814
[ok]	1815
[ok]	1816
[ok]	1817
[ok]	1818
[ok]	1819
[ok]	1820
[ok]	1821
[ok]	1822
[ok]	1823
[ok]	1824
[ok]	1825
[ok]	1826
[ok]	1827
[ok]	1828
[ok]	1829
[ok]	1830
[ok]	1831
[ok]	1832
[ok]	1833
[ok]	1834
[ok]	1835
[ok]	1836
[ok]	1837
[ok]	1838
[ok]	1839
[ok]	1840
[ok]	1841
[ok]	1842
[ok]	1843
[ok]	1844
[ok]	1845
[ok]	1846
[ok]	1847
[ok]	1848
[ok]	1849
[ok]	1850
[ok]	1851
[ok]	1852
[ok]	1853
[ok]	1854
[ok]	1855
[ok]	1856
[ok]	1857
[ok]	1858
[ok]	1859
[ok]	1860
[ok]	1861
[ok]	1862
[ok]	1863
[ok]	1864
[ok]	1865
[ok]	1866
[ok]	1867
[ok]	1868
[ok]	1869
[ok]	1870
[ok]	1871
[ok]	1872
[ok]	1873
[ok]	1874
[ok]	1875
[ok]	1876
[ok]	1877
[ok]	1878
[ok]	1879
[ok]	1880
[ok]	1881
[ok]	1882
[ok]	1883
[ok]	1884
[ok]	1885
[ok]	1886
[ok]	1887
[ok]	1888
[ok]	1889
[ok]	1890
[ok]	1891
[ok]	1892
[ok]	1893
[ok]	1894
[ok]	1895
[ok]	1896
[ok]	1897
[ok]	1898
[ok]	1899
[ok]	1900
[ok]	1901
[ok]	1902
[ok]	1903
[ok]	1904
[ok]	1905
[ok]	1906
[ok]	1907
[ok]	1908
[ok]	1909
[ok]	1910
[ok]	1911
[ok]	1912
[ok]	1913
[ok]	1914
[ok]	1915
[ok]	1916
[ok]	1917
[ok]	1918
[ok]	1919
[ok]	1920
[ok]	1921
[ok]	1922
[ok]	1923
[ok]	1924
[ok]	1925
[ok]	1926
[ok]	1927
[ok]	1928
[ok]	1929
[ok]	1930
[ok]	1931
[ok]	1932
[ok]	1933
[ok]	1934
[ok]	1935
[ok]	1936
[ok]	1937
[ok]	1938
[ok]	1939
[ok]	1940
[ok]	1941
[ok]	1942
[ok]	1943
[ok]	1944
[ok]	1945
[ok]	1946
[ok]	1947
[ok]	1948
[ok]	1949
[ok]	1950
[ok]	1951
[ok]	1952
[ok]	1953
[ok]	1954
[ok]	1955
[ok]	1956
[ok]	1957
[ok]	1958
[ok]	1959
[ok]	1960
[ok]	1961
[ok]	1962
[ok]	1963
[ok]	1964
[ok]	1965
[ok]	1966
[ok]	1967
[ok]	1968
[ok]	1969
[ok]	1970
[ok]	1971
[ok]	1972
[ok]	1973
[ok]	1974
[ok]	1975
[ok]	1976
[ok]	1977
[ok]	1978
[ok]	1979
[ok]	1980
[ok]	1981
[ok]	1982
[ok]	1983
[ok]	1984
[ok]	1985
[ok]	1986
[ok]	1987
[ok]	1988
[ok]	1989
[ok]	1990
[ok]	1991
[ok]	1992
[ok]	1993
[ok]	1994
[ok]	1995
[ok]	1996
[ok]	1997
[ok]	1998
[ok]	1999
[ok]	2000
[ok]	2001
[ok]	2002
[ok]	2003
[ok]	2004
[ok]	2005
[ok]	2006
[ok]	2007
[ok]	2008
[ok]	2009
[ok]	2010
[ok]	2011
[ok]	2012
[ok]	2013
[ok]	2014
[ok]	2015
[ok]	2016
[ok]	2017
[ok]	2018
[ok]	2019
[ok]	2020
[ok]	2021
[ok]	2022
[ok]	2023
[ok]	2024
[ok]	2025
[ok]	2026
[ok]	2027
[ok]	2028
[ok]	2029
[ok]	2030
[ok]	2031
[ok]	2032
[ok]	2033
[ok]	2034
[ok]	2035
[ok]	2036
[ok]	2037
[ok]	2038
[ok]	2039
[ok]	2040
[ok]	2041
[ok]	2042
[ok]	2043
[ok]	2044
[ok]	2045
[ok]	2046
[ok]	2047
[ok]	2048
[ok]	2049
[ok]	2050
[ok]	2051
[ok]	2052
[ok]	2053
[ok]	2054
[ok]	2055
[ok]	2056
[ok]	2057
[ok]	2058
[ok]	2059
[ok]	2060
[ok]	2061
[ok]	2062
[ok]	2063
[ok]	2064
[ok]	2065
[ok]	2066
[ok]	2067
[ok]	2068
[ok]	2069
[ok]	2070
[ok]	2071
[ok]	2072
[ok]	2073
[ok]	2074
[ok]	2075
[ok]	2076
[ok]	2077
[ok]	2078
[ok]	2079
[ok]	2080
[ok]	2081
[ok]	2082
[ok]	2083
[ok]	2084
[ok]	2085
[ok]	2086
[ok]	2087
[ok]	2088
[ok]	2089
[ok]	2090
[ok]	2091
[ok]	2092
[ok]	2093
[ok]	2094
[ok]	2095
[ok]	2096
[ok]	2097
[ok]	2098
[ok]	2099
[ok]	2100
[ok]	2101
[ok]	2102
[ok]	2103
[ok]	2104
[ok]	2105
[ok]	2106
[ok]	2107
[ok]	2108
[ok]	2109
[ok]	2110
[ok]	2111
[ok]	2112
[ok]	2113
[ok]	2114
[ok]	2115
[ok]	2116
[ok]	2117
[ok]	2118
[ok]	2119
[ok]	2120
[ok]	2121
[ok]	2122
[ok]	2123
[ok]	2124
[ok]	2125
[ok]	2126
[ok]	2127
[ok]	2128
[ok]	2129
[ok]	2130
[ok]	2131
[ok]	2132
[ok]	2133
[ok]	2134
[ok]	2135
[ok]	2136
[ok]	2137
[ok]	2138
[ok]	2139
[ok]	2140
[ok]	2141
[ok]	2142
[ok]	2143
[ok]	2144
[ok]	2145
[ok]	2146
[ok]	2147
[ok]	2148
[ok]	2149
[ok]	2150
[ok]	2151
[ok]	2152
[ok]	2153
[ok]	2154
[ok]	2155
[ok]	2156
[ok]	2157
[ok]	2158
[ok]	2159
[ok]	2160
[ok]	2161
[ok]	2162
[ok]	2163
[ok]	2164
[ok]	2165
[ok]	2166
[ok]	2167
[ok]	2168
[ok]	2169
[ok]	2170
[ok]	2171
[ok]	2172
[ok]	2173
[ok]	2174
[ok]	2175
[ok]	2176
[ok]	2177
[ok]	2178
[ok]	2179
[ok]	2180
[ok]	2181
[ok]	2182
[ok]	2183
[ok]	2184
[ok]	2185
[ok]	2186
[ok]	2187
[ok]	2188
[ok]	2189
[ok]	2190
[ok]	2191
[ok]	2192
[ok]	2193
[ok]	2194
[ok]	2195
[ok]	2196
[ok]	2197
[ok]	2198
[ok]	2199
[ok]	2200
[ok]	2201
[ok]	2202
[ok]	2203
[ok]	2204
[ok]	2205
[ok]	2206
[ok]	2207
[ok]	2208
[ok]	2209
[ok]	2210
[ok]	2211
[ok]	2212
[ok]	2213
[ok]	2214
[ok]	2215
[ok]	2216
[ok]	2217
[ok]	2218
[ok]	2219
[ok]	2220
[ok]	2221
[ok]	2222
[ok]	2223
[ok]	2224
[ok]	2225
[ok]	2226
[ok]	2227
[ok]	2228
[ok]	2229
[ok]	2230
[ok]	2231
[ok]	2232
[ok]	2233
[ok]	2234
[ok]	2235
[ok]	2236
[ok]	2237
[ok]	2238
[ok]	2239
[ok]	2240
[ok]	2241
[ok]	2242
[ok]	2243
[ok]	2244
[ok]	2245
[ok]	2246
[ok]	2247
[ok]	2248
[ok]	2249
[ok]	2250
[ok]	2251
[ok]	2252
[ok]	2253
[ok]	2254
[ok]	2255
[ok]	2256
[ok]	2257
[ok]	2258
[ok]	2259
[ok]	2260
[ok]	2261
[ok]	2262
[ok]	2263
[ok]	2264
[ok]	2265
[ok]	2266
[ok]	2267
[ok]	2268
[ok]	2269
[ok]	2270
[ok]	2271
[ok]	2272
[ok]	2273
[ok]	2274
[ok]	2275
[ok]	2276
[ok]	2277
[ok]	2278
[ok]	2279
[ok]	2280
[ok]	2281
[ok]	2282
[ok]	2283
[ok]	2284
[ok]	2285
[ok]	2286
[ok]	2287
[ok]	2288
[ok]	2289
[ok]	2290
[ok]	2291
[ok]	2292
[ok]	2293
[ok]	2294
[ok]	2295
[ok]	2296
[ok]	2297
[ok]	2298
[ok]	2299
[ok]	2300
[ok]	2301
[ok]	2302
[ok]	2303
[ok]	2304
[ok]	2305
[ok]	2306
[ok]	2307
[ok]	2308
[ok]	2309
[ok]	2310
[ok]	2311
[ok]	2312
[ok]	2313
[ok]	2314
[ok]	2315
[ok]	2316
[ok]	2317
[ok]	2318
[ok]	2319
[ok]	2320
[ok]	2321
[ok]	2322
[ok]	2323
[ok]	2324
[ok]	2325
[ok]	2326
[ok]	2327
[ok]	2328
[ok]	2329
[ok]	2330
[ok]	2331
[ok]	2332
[ok]	2333
[ok]	2334
-- newest diagnostic reports: biome-2026-09-29-094107.ips, soffice-2026-09-28-104720.ips, soffice-2026-09-28-105517.ips, soffice-2026-09-28-105123.000.ips, soffice-2026-09-28-105123.ips
2026-09-29 20:14:28.142 | INFO     | __main__:_loop:1067 - [batch pdf 3] 542/818
2026-09-29 20:14:33.166 | INFO     | __main__:_loop:1067 - [batch pdf 3] 545/818
2026-09-29 20:14:38.184 | INFO     | __main__:_loop:1067 - [batch pdf 3] 550/818
2026-09-29 20:14:43.202 | INFO     | __main__:_loop:1067 - [batch pdf 3] 554/818
2026-09-29 20:14:48.222 | INFO     | __main__:_loop:1067 - [batch pdf 3] 558/818
2026-09-29 20:14:53.241 | INFO     | __main__:_loop:1067 - [batch pdf 3] 562/818
2026-09-29 20:14:58.261 | INFO     | __main__:_loop:1067 - [batch pdf 3] 565/818
2026-09-29 20:15:03.281 | INFO     | __main__:_loop:1067 - [batch pdf 3] 569/818
2026-09-29 20:15:08.300 | INFO     | __main__:_loop:1067 - [batch pdf 3] 571/818
2026-09-29 20:15:18.324 | INFO     | __main__:_loop:1067 - [batch pdf 3] 575/818
2026-09-29 20:15:23.341 | INFO     | __main__:_loop:1067 - [batch pdf 3] 578/818
2026-09-29 20:15:28.360 | INFO     | __main__:_loop:1067 - [batch pdf 3] 582/818
2026-09-29 20:15:33.384 | INFO     | __main__:_loop:1067 - [batch pdf 3] 586/818
2026-09-29 20:15:38.416 | INFO     | __main__:_loop:1067 - [batch pdf 3] 589/818
2026-09-29 20:15:43.440 | INFO     | __main__:_loop:1067 - [batch pdf 3] 592/818
2026-09-29 20:15:48.459 | INFO     | __main__:_loop:1067 - [batch pdf 3] 595/818
2026-09-29 20:15:53.472 | INFO     | __main__:_loop:1067 - [batch pdf 3] 597/818
2026-09-29 20:15:58.492 | INFO     | __main__:_loop:1067 - [batch pdf 3] 601/818
2026-09-29 20:16:03.512 | INFO     | __main__:_loop:1067 - [batch pdf 3] 604/818
2026-09-29 20:16:08.535 | INFO     | __main__:_loop:1067 - [batch pdf 3] 607/818
2026-09-29 20:16:13.554 | INFO     | __main__:_loop:1067 - [batch pdf 3] 610/818
2026-09-29 20:16:18.573 | INFO     | __main__:_loop:1067 - [batch pdf 3] 614/818
2026-09-29 20:16:23.593 | INFO     | __main__:_loop:1067 - [batch pdf 3] 617/818
2026-09-29 20:16:28.611 | INFO     | __main__:_loop:1067 - [batch pdf 3] 620/818
2026-09-29 20:16:33.626 | INFO     | __main__:_loop:1067 - [batch pdf 3] 623/818
2026-09-29 20:16:38.653 | INFO     | __main__:_loop:1067 - [batch pdf 3] 626/818
2026-09-29 20:16:43.672 | INFO     | __main__:_loop:1067 - [batch pdf 3] 629/818
2026-09-29 20:16:48.697 | INFO     | __main__:_loop:1067 - [batch pdf 3] 633/818
2026-09-29 20:16:53.722 | INFO     | __main__:_loop:1067 - [batch pdf 3] 636/818
2026-09-29 20:16:58.743 | INFO     | __main__:_loop:1067 - [batch pdf 3] 640/818
2026-09-29 20:17:03.765 | INFO     | __main__:_loop:1067 - [batch pdf 3] 644/818
2026-09-29 20:17:08.797 | INFO     | __main__:_loop:1067 - [batch pdf 3] 648/818
2026-09-29 20:17:13.815 | INFO     | __main__:_loop:1067 - [batch pdf 3] 652/818
2026-09-29 20:17:18.832 | INFO     | __main__:_loop:1067 - [batch pdf 3] 655/818
2026-09-29 20:17:23.856 | INFO     | __main__:_loop:1067 - [batch pdf 3] 658/818
2026-09-29 20:17:28.883 | INFO     | __main__:_loop:1067 - [batch pdf 3] 661/818
2026-09-29 20:17:33.905 | INFO     | __main__:_loop:1067 - [batch pdf 3] 664/818
2026-09-29 20:17:38.937 | INFO     | __main__:_loop:1067 - [batch pdf 3] 669/818
2026-09-29 20:17:43.962 | INFO     | __main__:_loop:1067 - [batch pdf 3] 674/818
2026-09-29 20:17:48.979 | INFO     | __main__:_loop:1067 - [batch pdf 3] 678/818
2026-09-29 20:17:54.004 | INFO     | __main__:_loop:1067 - [batch pdf 3] 683/818
2026-09-29 20:17:59.029 | INFO     | __main__:_loop:1067 - [batch pdf 3] 688/818
2026-09-29 20:18:04.048 | INFO     | __main__:_loop:1067 - [batch pdf 3] 692/818
2026-09-29 20:18:09.077 | INFO     | __main__:_loop:1067 - [batch pdf 3] 697/818
2026-09-29 20:18:14.102 | INFO     | __main__:_loop:1067 - [batch pdf 3] 700/818
2026-09-29 20:18:19.115 | INFO     | __main__:_loop:1067 - [batch pdf 3] 703/818
2026-09-29 20:18:24.138 | INFO     | __main__:_loop:1067 - [batch pdf 3] 705/818
2026-09-29 20:18:29.163 | INFO     | __main__:_loop:1067 - [batch pdf 3] 708/818
2026-09-29 20:18:34.186 | INFO     | __main__:_loop:1067 - [batch pdf 3] 712/818
2026-09-29 20:18:39.211 | INFO     | __main__:_loop:1067 - [batch pdf 3] 716/818
2026-09-29 20:18:44.243 | INFO     | __main__:_loop:1067 - [batch pdf 3] 720/818
2026-09-29 20:18:49.260 | INFO     | __main__:_loop:1067 - [batch pdf 3] 724/818
2026-09-29 20:18:54.278 | INFO     | __main__:_loop:1067 - [batch pdf 3] 728/818
2026-09-29 20:18:59.294 | INFO     | __main__:_loop:1067 - [batch pdf 3] 732/818
2026-09-29 20:19:04.308 | INFO     | __main__:_loop:1067 - [batch pdf 3] 735/818
2026-09-29 20:19:09.325 | INFO     | __main__:_loop:1067 - [batch pdf 3] 739/818
2026-09-29 20:19:14.346 | INFO     | __main__:_loop:1067 - [batch pdf 3] 740/818
2026-09-29 20:19:24.372 | INFO     | __main__:_loop:1067 - [batch pdf 3] 743/818
2026-09-29 20:19:29.396 | INFO     | __main__:_loop:1067 - [batch pdf 3] 746/818
2026-09-29 20:19:34.424 | INFO     | __main__:_loop:1067 - [batch pdf 3] 749/818
2026-09-29 20:19:39.450 | INFO     | __main__:_loop:1067 - [batch pdf 3] 753/818
2026-09-29 20:19:44.470 | INFO     | __main__:_loop:1067 - [batch pdf 3] 757/818
2026-09-29 20:19:49.489 | INFO     | __main__:_loop:1067 - [batch pdf 3] 760/818
2026-09-29 20:19:54.506 | INFO     | __main__:_loop:1067 - [batch pdf 3] 763/818
2026-09-29 20:19:59.528 | INFO     | __main__:_loop:1067 - [batch pdf 3] 766/818
2026-09-29 20:20:04.547 | INFO     | __main__:_loop:1067 - [batch pdf 3] 769/818
2026-09-29 20:20:09.567 | INFO     | __main__:_loop:1067 - [batch pdf 3] 771/818
2026-09-29 20:20:14.586 | INFO     | __main__:_loop:1067 - [batch pdf 3] 774/818
2026-09-29 20:20:19.605 | INFO     | __main__:_loop:1067 - [batch pdf 3] 777/818
2026-09-29 20:20:24.624 | INFO     | __main__:_loop:1067 - [batch pdf 3] 780/818
2026-09-29 20:20:29.643 | INFO     | __main__:_loop:1067 - [batch pdf 3] 783/818
2026-09-29 20:20:34.667 | INFO     | __main__:_loop:1067 - [batch pdf 3] 786/818
2026-09-29 20:20:39.683 | INFO     | __main__:_loop:1067 - [batch pdf 3] 787/818
2026-09-29 20:20:44.708 | INFO     | __main__:_loop:1067 - [batch pdf 3] 790/818
2026-09-29 20:20:49.733 | INFO     | __main__:_loop:1067 - [batch pdf 3] 795/818
2026-09-29 20:20:54.758 | INFO     | __main__:_loop:1067 - [batch pdf 3] 799/818
2026-09-29 20:20:59.778 | INFO     | __main__:_loop:1067 - [batch pdf 3] 803/818
2026-09-29 20:21:04.808 | INFO     | __main__:_loop:1067 - [batch pdf 3] 807/818
2026-09-29 20:21:09.832 | INFO     | __main__:_loop:1067 - [batch pdf 3] 810/818
2026-09-29 20:21:14.856 | INFO     | __main__:_loop:1067 - [batch pdf 3] 812/818
2026-09-29 20:21:19.882 | INFO     | __main__:_loop:1067 - [batch pdf 3] 816/818
2026-09-29 20:21:24.908 | INFO     | __main__:_loop:1067 - [batch pdf 3] 817/818
2026-09-29 20:22:14.183 | WARNING  | __main__:_loop:1072 - [batch pdf 3] item 818/818 open for more than 30 s:
-- Word windows {name, subrole}: osascript timed out
-- Word window text: 
-- crash reporters: 
-- batch-pdf-3.log:
[ok]	1794
[ok]	1795
[ok]	1796
[ok]	1797
[ok]	1798
[ok]	1799
[ok]	1800
[ok]	1801
[ok]	1802
[ok]	1803
[ok]	1804
[ok]	1805
[ok]	1806
[ok]	1807
[ok]	1808
[ok]	1809
[ok]	1810
[ok]	1811
[ok]	1812
[ok]	1813
[ok]	1814
[ok]	1815
[ok]	1816
[ok]	1817
[ok]	1818
[ok]	1819
[ok]	1820
[ok]	1821
[ok]	1822
[ok]	1823
[ok]	1824
[ok]	1825
[ok]	1826
[ok]	1827
[ok]	1828
[ok]	1829
[ok]	1830
[ok]	1831
[ok]	1832
[ok]	1833
[ok]	1834
[ok]	1835
[ok]	1836
[ok]	1837
[ok]	1838
[ok]	1839
[ok]	1840
[ok]	1841
[ok]	1842
[ok]	1843
[ok]	1844
[ok]	1845
[ok]	1846
[ok]	1847
[ok]	1848
[ok]	1849
[ok]	1850
[ok]	1851
[ok]	1852
[ok]	1853
[ok]	1854
[ok]	1855
[ok]	1856
[ok]	1857
[ok]	1858
[ok]	1859
[ok]	1860
[ok]	1861
[ok]	1862
[ok]	1863
[ok]	1864
[ok]	1865
[ok]	1866
[ok]	1867
[ok]	1868
[ok]	1869
[ok]	1870
[ok]	1871
[ok]	1872
[ok]	1873
[ok]	1874
[ok]	1875
[ok]	1876
[ok]	1877
[ok]	1878
[ok]	1879
[ok]	1880
[ok]	1881
[ok]	1882
[ok]	1883
[ok]	1884
[ok]	1885
[ok]	1886
[ok]	1887
[ok]	1888
[ok]	1889
[ok]	1890
[ok]	1891
[ok]	1892
[ok]	1893
[ok]	1894
[ok]	1895
[ok]	1896
[ok]	1897
[ok]	1898
[ok]	1899
[ok]	1900
[ok]	1901
[ok]	1902
[ok]	1903
[ok]	1904
[ok]	1905
[ok]	1906
[ok]	1907
[ok]	1908
[ok]	1909
[ok]	1910
[ok]	1911
[ok]	1912
[ok]	1913
[ok]	1914
[ok]	1915
[ok]	1916
[ok]	1917
[ok]	1918
[ok]	1919
[ok]	1920
[ok]	1921
[ok]	1922
[ok]	1923
[ok]	1924
[ok]	1925
[ok]	1926
[ok]	1927
[ok]	1928
[ok]	1929
[ok]	1930
[ok]	1931
[ok]	1932
[ok]	1933
[ok]	1934
[ok]	1935
[ok]	1936
[ok]	1937
[ok]	1938
[ok]	1939
[ok]	1940
[ok]	1941
[ok]	1942
[ok]	1943
[ok]	1944
[ok]	1945
[ok]	1946
[ok]	1947
[ok]	1948
[ok]	1949
[ok]	1950
[ok]	1951
[ok]	1952
[ok]	1953
[ok]	1954
[ok]	1955
[ok]	1956
[ok]	1957
[ok]	1958
[ok]	1959
[ok]	1960
[ok]	1961
[ok]	1962
[ok]	1963
[ok]	1964
[ok]	1965
[ok]	1966
[ok]	1967
[ok]	1968
[ok]	1969
[ok]	1970
[ok]	1971
[ok]	1972
[ok]	1973
[ok]	1974
[ok]	1975
[ok]	1976
[ok]	1977
[ok]	1978
[ok]	1979
[ok]	1980
[ok]	1981
[ok]	1982
[ok]	1983
[ok]	1984
[ok]	1985
[ok]	1986
[ok]	1987
[ok]	1988
[ok]	1989
[ok]	1990
[ok]	1991
[ok]	1992
[ok]	1993
[ok]	1994
[ok]	1995
[ok]	1996
[ok]	1997
[ok]	1998
[ok]	1999
[ok]	2000
[ok]	2001
[ok]	2002
[ok]	2003
[ok]	2004
[ok]	2005
[ok]	2006
[ok]	2007
[ok]	2008
[ok]	2009
[ok]	2010
[ok]	2011
[ok]	2012
[ok]	2013
[ok]	2014
[ok]	2015
[ok]	2016
[ok]	2017
[ok]	2018
[ok]	2019
[ok]	2020
[ok]	2021
[ok]	2022
[ok]	2023
[ok]	2024
[ok]	2025
[ok]	2026
[ok]	2027
[ok]	2028
[ok]	2029
[ok]	2030
[ok]	2031
[ok]	2032
[ok]	2033
[ok]	2034
[ok]	2035
[ok]	2036
[ok]	2037
[ok]	2038
[ok]	2039
[ok]	2040
[ok]	2041
[ok]	2042
[ok]	2043
[ok]	2044
[ok]	2045
[ok]	2046
[ok]	2047
[ok]	2048
[ok]	2049
[ok]	2050
[ok]	2051
[ok]	2052
[ok]	2053
[ok]	2054
[ok]	2055
[ok]	2056
[ok]	2057
[ok]	2058
[ok]	2059
[ok]	2060
[ok]	2061
[ok]	2062
[ok]	2063
[ok]	2064
[ok]	2065
[ok]	2066
[ok]	2067
[ok]	2068
[ok]	2069
[ok]	2070
[ok]	2071
[ok]	2072
[ok]	2073
[ok]	2074
[ok]	2075
[ok]	2076
[ok]	2077
[ok]	2078
[ok]	2079
[ok]	2080
[ok]	2081
[ok]	2082
[ok]	2083
[ok]	2084
[ok]	2085
[ok]	2086
[ok]	2087
[ok]	2088
[ok]	2089
[ok]	2090
[ok]	2091
[ok]	2092
[ok]	2093
[ok]	2094
[ok]	2095
[ok]	2096
[ok]	2097
[ok]	2098
[ok]	2099
[ok]	2100
[ok]	2101
[ok]	2102
[ok]	2103
[ok]	2104
[ok]	2105
[ok]	2106
[ok]	2107
[ok]	2108
[ok]	2109
[ok]	2110
[ok]	2111
[ok]	2112
[ok]	2113
[ok]	2114
[ok]	2115
[ok]	2116
[ok]	2117
[ok]	2118
[ok]	2119
[ok]	2120
[ok]	2121
[ok]	2122
[ok]	2123
[ok]	2124
[ok]	2125
[ok]	2126
[ok]	2127
[ok]	2128
[ok]	2129
[ok]	2130
[ok]	2131
[ok]	2132
[ok]	2133
[ok]	2134
[ok]	2135
[ok]	2136
[ok]	2137
[ok]	2138
[ok]	2139
[ok]	2140
[ok]	2141
[ok]	2142
[ok]	2143
[ok]	2144
[ok]	2145
[ok]	2146
[ok]	2147
[ok]	2148
[ok]	2149
[ok]	2150
[ok]	2151
[ok]	2152
[ok]	2153
[ok]	2154
[ok]	2155
[ok]	2156
[ok]	2157
[ok]	2158
[ok]	2159
[ok]	2160
[ok]	2161
[ok]	2162
[ok]	2163
[ok]	2164
[ok]	2165
[ok]	2166
[ok]	2167
[ok]	2168
[ok]	2169
[ok]	2170
[ok]	2171
[ok]	2172
[ok]	2173
[ok]	2174
[ok]	2175
[ok]	2176
[ok]	2177
[ok]	2178
[ok]	2179
[ok]	2180
[ok]	2181
[ok]	2182
[ok]	2183
[ok]	2184
[ok]	2185
[ok]	2186
[ok]	2187
[ok]	2188
[ok]	2189
[ok]	2190
[ok]	2191
[ok]	2192
[ok]	2193
[ok]	2194
[ok]	2195
[ok]	2196
[ok]	2197
[ok]	2198
[ok]	2199
[ok]	2200
[ok]	2201
[ok]	2202
[ok]	2203
[ok]	2204
[ok]	2205
[ok]	2206
[ok]	2207
[ok]	2208
[ok]	2209
[ok]	2210
[ok]	2211
[ok]	2212
[ok]	2213
[ok]	2214
[ok]	2215
[ok]	2216
[ok]	2217
[ok]	2218
[ok]	2219
[ok]	2220
[ok]	2221
[ok]	2222
[ok]	2223
[ok]	2224
[ok]	2225
[ok]	2226
[ok]	2227
[ok]	2228
[ok]	2229
[ok]	2230
[ok]	2231
[ok]	2232
[ok]	2233
[ok]	2234
[ok]	2235
[ok]	2236
[ok]	2237
[ok]	2238
[ok]	2239
[ok]	2240
[ok]	2241
[ok]	2242
[ok]	2243
[ok]	2244
[ok]	2245
[ok]	2246
[ok]	2247
[ok]	2248
[ok]	2249
[ok]	2250
[ok]	2251
[ok]	2252
[ok]	2253
[ok]	2254
[ok]	2255
[ok]	2256
[ok]	2257
[ok]	2258
[ok]	2259
[ok]	2260
[ok]	2261
[ok]	2262
[ok]	2263
[ok]	2264
[ok]	2265
[ok]	2266
[ok]	2267
[ok]	2268
[ok]	2269
[ok]	2270
[ok]	2271
[ok]	2272
[ok]	2273
[ok]	2274
[ok]	2275
[ok]	2276
[ok]	2277
[ok]	2278
[ok]	2279
[ok]	2280
[ok]	2281
[ok]	2282
[ok]	2283
[ok]	2284
[ok]	2285
[ok]	2286
[ok]	2287
[ok]	2288
[ok]	2289
[ok]	2290
[ok]	2291
[ok]	2292
[ok]	2293
[ok]	2294
[ok]	2295
[ok]	2296
[ok]	2297
[ok]	2298
[ok]	2299
[ok]	2300
[ok]	2301
[ok]	2302
[ok]	2303
[ok]	2304
[ok]	2305
[ok]	2306
[ok]	2307
[ok]	2308
[ok]	2309
[ok]	2310
[ok]	2311
[ok]	2312
[ok]	2313
[ok]	2314
[ok]	2315
[ok]	2316
[ok]	2317
[ok]	2318
[ok]	2319
[ok]	2320
[ok]	2321
[ok]	2322
[ok]	2323
[ok]	2324
[ok]	2325
[ok]	2326
[ok]	2327
[ok]	2328
[ok]	2329
[ok]	2330
[ok]	2331
[ok]	2332
[ok]	2333
[ok]	2334
[ok]	2335
[ok]	2336
[ok]	2337
[ok]	2338
[ok]	2339
[ok]	2340
[ok]	2341
[ok]	2342
[ok]	2343
[ok]	2344
[ok]	2345
[ok]	2346
[ok]	2347
[ok]	2348
[ok]	2349
[ok]	2350
[ok]	2351
[ok]	2352
[ok]	2353
[ok]	2354
[ok]	2355
[ok]	2356
[ok]	2357
[ok]	2358
[ok]	2359
[ok]	2360
[ok]	2361
[ok]	2362
[ok]	2363
[ok]	2364
[ok]	2365
[ok]	2366
[ok]	2367
[ok]	2368
[ok]	2369
[ok]	2370
[ok]	2371
[ok]	2372
[ok]	2373
[ok]	2374
[ok]	2375
[ok]	2376
[ok]	2377
[ok]	2378
[ok]	2379
[ok]	2380
[ok]	2381
[ok]	2382
[ok]	2383
[ok]	2384
[ok]	2385
[ok]	2386
[ok]	2387
[ok]	2388
[ok]	2389
[ok]	2390
[ok]	2391
[ok]	2392
[ok]	2393
[ok]	2394
[ok]	2395
[ok]	2396
[ok]	2397
[ok]	2398
[ok]	2399
[ok]	2400
[ok]	2401
[ok]	2402
[ok]	2403
[ok]	2404
[ok]	2405
[ok]	2406
[ok]	2407
[ok]	2408
[ok]	2409
[ok]	2410
[ok]	2411
[ok]	2412
[ok]	2413
[ok]	2414
[ok]	2415
[ok]	2416
[ok]	2417
[ok]	2418
[ok]	2419
[ok]	2420
[ok]	2421
[ok]	2422
[ok]	2423
[ok]	2424
[ok]	2425
[ok]	2426
[ok]	2427
[ok]	2428
[ok]	2429
[ok]	2430
[ok]	2431
[ok]	2432
[ok]	2433
[ok]	2434
[ok]	2435
[ok]	2436
[ok]	2437
[ok]	2438
[ok]	2439
[ok]	2440
[ok]	2441
[ok]	2442
[ok]	2443
[ok]	2444
[ok]	2445
[ok]	2446
[ok]	2447
[ok]	2448
[ok]	2449
[ok]	2450
[ok]	2451
[ok]	2452
[ok]	2453
[ok]	2454
[ok]	2455
[ok]	2456
[ok]	2457
[ok]	2458
[ok]	2459
[ok]	2460
[ok]	2461
[ok]	2462
[ok]	2463
[ok]	2464
[ok]	2465
[ok]	2466
[ok]	2467
[ok]	2468
[ok]	2469
[ok]	2470
[ok]	2471
[ok]	2472
[ok]	2473
[ok]	2474
[ok]	2475
[ok]	2476
[ok]	2477
[ok]	2478
[ok]	2479
[ok]	2480
[ok]	2481
[ok]	2482
[ok]	2483
[ok]	2484
[ok]	2485
[ok]	2486
[ok]	2487
[ok]	2488
[ok]	2489
[ok]	2490
[ok]	2491
[ok]	2492
[ok]	2493
[ok]	2494
[ok]	2495
[ok]	2496
[ok]	2497
[ok]	2498
[ok]	2499
[ok]	2500
[ok]	2501
[ok]	2502
[ok]	2503
[ok]	2504
[ok]	2505
[ok]	2506
[ok]	2507
[ok]	2508
[ok]	2509
[ok]	2510
[ok]	2511
[ok]	2512
[ok]	2513
[ok]	2514
[ok]	2515
[ok]	2516
[ok]	2517
[ok]	2518
[ok]	2519
[ok]	2520
[ok]	2521
[ok]	2522
[ok]	2523
[ok]	2524
[ok]	2525
[ok]	2526
[ok]	2527
[ok]	2528
[ok]	2529
[ok]	2530
[ok]	2531
[ok]	2532
[ok]	2533
[ok]	2534
[ok]	2535
[ok]	2536
[ok]	2537
[ok]	2538
[ok]	2539
[ok]	2540
[ok]	2541
[ok]	2542
[ok]	2543
[ok]	2544
[ok]	2545
[ok]	2546
[ok]	2547
[ok]	2548
[ok]	2549
[ok]	2550
[ok]	2551
[ok]	2552
[ok]	2553
[ok]	2554
[ok]	2555
[ok]	2556
[ok]	2557
[ok]	2558
[ok]	2559
[ok]	2560
[ok]	2561
[ok]	2562
[ok]	2563
[ok]	2564
[ok]	2565
[ok]	2566
[ok]	2567
[ok]	2568
[ok]	2569
[ok]	2570
[ok]	2571
[ok]	2572
[ok]	2573
[ok]	2574
[ok]	2575
[ok]	2576
[ok]	2577
[ok]	2578
[ok]	2579
[ok]	2580
[ok]	2581
[ok]	2582
[ok]	2583
[ok]	2584
[ok]	2585
[ok]	2586
[ok]	2587
[ok]	2588
[ok]	2589
[ok]	2590
[ok]	2591
[ok]	2592
[ok]	2593
[ok]	2594
[ok]	2595
[ok]	2596
[ok]	2597
[ok]	2598
[ok]	2599
[ok]	2600
[ok]	2601
[ok]	2602
[ok]	2603
[ok]	2604
[ok]	2605
[ok]	2606
[ok]	2607
[ok]	2608
[ok]	2609
[ok]	2610
-- newest diagnostic reports: biome-2026-09-29-094107.ips, soffice-2026-09-28-104720.ips, soffice-2026-09-28-105517.ips, soffice-2026-09-28-105123.000.ips, soffice-2026-09-28-105123.ips
2026-09-29 20:27:23.519 | ERROR    | __main__:_convert_batched:1730 - [batch] FAIL: 19eb128df9_98bf5f3d218a1485f5eb284693b4f98725eadd3660097efd__vs__9666fa13fb_a3701d3600ed5bf6c9bf13e12e4c2a59542eba10f87fad69_redline_5b269ade28_jubarte-rust.docx — 
2026-09-29 20:27:25.219 | ERROR    | __main__:_convert_batched:1730 - [batch] FAIL: 7e4c9416aa_00803e70c3646e42abab322238df606c847686168795a703__vs__1424386e9b_017447de83753a0e3b7afc659df038ef56972925336c6a5b_redline_c8545d372b_jubarte-rust.docx — Microsoft Word got an error: document "01288__7e4c9416aa_00803e70c3646e42abab322238df606c847686168795a703__vs__1424386e9b_017447de83753a0e3b7afc659df038ef56972925336c6a5b_redline_c8545d372b_jubarte-ru
2026-09-29 20:27:26.065 | ERROR    | __main__:_convert_batched:1730 - [batch] FAIL: acce1b593c_4bb73d9addf1f02e3a2132dcd33a8feb4dfcbe076d43bb0f__vs__4e2d5a0b0c_4887566b3c4aad8c7f07b4ba2637c0244a1ee0d66c8d0c29_redline_63ea4d3f8d_jubarte-rust.docx — Microsoft Word got an error: AppleEvent timed out.
