key,id,state,sets,oracle,oracle_pdf,oracle_sha256,candidate_pdf,candidate_sha256
50d8be9682_file_190__vs__e9d5410452_file_191_redline_01f3deda92,01f3deda92,with_comments_tracking,word_based_randomized_0926,fresh,/Users/arthrod/temp/T/compare_regen/out/01f3deda92__vs__01f3deda92.pdf,8f5b94ab1ecc6acc8ac63ac619abfed1a32445ea7be5438b2d90043694b5bd2a,/Users/arthrod/temp/T/neurotic_docx_bench/results/redlines_0929_full/jubarte-0.11.2/pdf_by_word/50d8be9682_file_190__vs__e9d5410452_file_191_redline_01f3deda92_jubarte-0.11.2.pdf,bc5aa80f004c89a41ec67051bacc2cd5da974d7d44e57d63236133c2a20326e2
26ce1d6300_super_editor__diff_after5_9fb9d5b4__vs__b389f55091_super_editor__comment_23ee5ec1_redline_01fa32ec8b,01fa32ec8b,with_comments_tracking,word_redlines_superdoc,fresh,/Users/arthrod/temp/T/compare_regen/out/01fa32ec8b__vs__01fa32ec8b.pdf,55f56ad66350b932039c4fe7452341c3f2cef3888520ab6556ab4cea070bc2ba,/Users/arthrod/temp/T/neurotic_docx_bench/results/redlines_0929_full/jubarte-0.11.2/pdf_by_word/26ce1d6300_super_editor__diff_after5_9fb9d5b4__vs__b389f55091_super_editor__comment_23ee5ec1_redline_01fa32ec8b_jubarte-0.11.2.pdf,8217766bf70bc691939fe31fe9de6f27cc7b03bc75e4f3ce3a5212c085f6551d
2bd5ae6064_file_13__vs__836d7aa3c4_file_14_redline_01ffe97a5e,01ffe97a5e,with_comments_tracking,word_based_randomized_0926,fresh,/Users/arthrod/temp/T/compare_regen/out/01ffe97a5e__vs__01ffe97a5e.pdf,907161b13da56dfbbb7ea97ee51ee397014da909afa67ae09e7c13fe242144fc,/Users/arthrod/temp/T/neurotic_docx_bench/results/redlines_0929_full/jubarte-0.11.2/pdf_by_word/2bd5ae6064_file_13__vs__836d7aa3c4_file_14_redline_01ffe97a5e_jubarte-0.11.2.pdf,6ed6092f71cd33fad80101ae6a01583a82e317e0864e17b644ac36566bac4743
b126641535_file_46__vs__3b5c01bae4_file_47_redline_0244dddfe6,0244dddfe6,tracking_without_comments,word_based_randomized,corpus,/Users/arthrod/temp/T/neurotic_docx_bench/corpus/word/tracking_without_comments/pdf/b126641535_file_46__vs__3b5c01bae4_file_47_redline_0244dddfe6.pdf,6d7c624a0c52156ab113e6536f3c1be29cf7eb2fb1f90075b376d4c19283a106,/Users/arthrod/temp/T/neurotic_docx_bench/results/redlines_0929_full/jubarte-0.11.2/pdf_by_word/b126641535_file_46__vs__3b5c01bae4_file_47_redline_0244dddfe6_jubarte-0.11.2.pdf,7b066978e1481b9e6306150f6019c7af35b0eab6193b376cf414993ed2197d45
0800162a66_000799b53487acb327ccf0c0ab87fb14b9e8636346719296__vs__a5f2b9318d_002aa60c2ae1187417b4b157c5ec6450324cc056ec551a12_redline_02514c26c3,02514c26c3,tracking_without_comments,redlines_a100_b10,corpus,/Users/arthrod/temp/T/neurotic_docx_bench/corpus/word/tracking_without_comments/pdf/0800162a66_000799b53487acb327ccf0c0ab87fb14b9e8636346719296__vs__a5f2b9318d_002aa60c2ae1187417b4b157c5ec6450324cc056ec551a12_redline_02514c26c3.pdf,2ebd361c07f8d60b2a0d9f73bea347e2d7ff4e37bbc0d4efd309859b9408f1d1,/Users/arthrod/temp/T/neurotic_docx_bench/results/redlines_0929_full/jubarte-0.11.2/pdf_by_word/0800162a66_000799b53487acb327ccf0c0ab87fb14b9e8636346719296__vs__a5f2b9318d_002aa60c2ae1187417b4b157c5ec6450324cc056ec551a12_redline_02514c26c3_jubarte-0.11.2.pdf,990de5c7e72ccd849bfffda9509ed6a31f5d428776eb65ca3ff82ee4ad5808f6
6fffde4ae2_000bf66110e841e1d2c2e862fc7db869b8d410586ad12d0d__vs__2e04202552_000e3e7bd2d6215fc7b469cc3e296c1b2a510bc1abc7e0fd_redline_03b751f3db,03b751f3db,tracking_without_comments,redlines_a100_b10,corpus,/Users/arthrod/temp/T/neurotic_docx_bench/corpus/word/tracking_without_comments/pdf/6fffde4ae2_000bf66110e841e1d2c2e862fc7db869b8d410586ad12d0d__vs__2e04202552_000e3e7bd2d6215fc7b469cc3e296c1b2a510bc1abc7e0fd_redline_03b751f3db.pdf,12bb1f9bd1081e2ccc9425560f4fa7473948eb7d32bec38b308649b01e02fb3d,/Users/arthrod/temp/T/neurotic_docx_bench/results/redlines_0929_full/jubarte-0.11.2/pdf_by_word/6fffde4ae2_000bf66110e841e1d2c2e862fc7db869b8d410586ad12d0d__vs__2e04202552_000e3e7bd2d6215fc7b469cc3e296c1b2a510bc1abc7e0fd_redline_03b751f3db_jubarte-0.11.2.pdf,dd7bca8d04a39f9e2ff60c17bd4024d170cdf977710a1b257093b386445887db
bfe4f398a3_c26f848848239cecb923377bfd35476bb054a42ff93cef74__vs__65c088a664_a9e49146f324b0b21c2f41ba8db3de01d69da8b6caf8232b_redline_047597cb13,047597cb13,tracking_without_comments,redlines_en_500,corpus,/Users/arthrod/temp/T/neurotic_docx_bench/corpus/word/tracking_without_comments/pdf/bfe4f398a3_c26f848848239cecb923377bfd35476bb054a42ff93cef74__vs__65c088a664_a9e49146f324b0b21c2f41ba8db3de01d69da8b6caf8232b_redline_047597cb13.pdf,32f644e36672b3166c8ee96f9f97e2c004566c990f6d1344aa73cc34c1ecb4ae,/Users/arthrod/temp/T/neurotic_docx_bench/results/redlines_0929_full/jubarte-0.11.2/pdf_by_word/bfe4f398a3_c26f848848239cecb923377bfd35476bb054a42ff93cef74__vs__65c088a664_a9e49146f324b0b21c2f41ba8db3de01d69da8b6caf8232b_redline_047597cb13_jubarte-0.11.2.pdf,81f1d8985a67ac444f56a2919969d66d54da4948c184efa933c069cf8953f3f8
ddfaf8c480_line_spacing_demo_id_paraid_overflow__vs__ea970f238e_marketing_strategy_2026_suggesting_insertions_redline_047b4c0dba,047b4c0dba,tracking_without_comments,nocomments,corpus,/Users/arthrod/temp/T/neurotic_docx_bench/corpus/word/tracking_without_comments/pdf/ddfaf8c480_line_spacing_demo_id_paraid_overflow__vs__ea970f238e_marketing_strategy_2026_suggesting_insertions_redline_047b4c0dba.pdf,961895d2d5de8e1d4da72fa19437388927ec916e928c25198c442fabd7bc9aad,/Users/arthrod/temp/T/neurotic_docx_bench/results/redlines_0929_full/jubarte-0.11.2/pdf_by_word/ddfaf8c480_line_spacing_demo_id_paraid_overflow__vs__ea970f238e_marketing_strategy_2026_suggesting_insertions_redline_047b4c0dba_jubarte-0.11.2.pdf,6d5e323259517b4719cdd5dc7dcf316189d964b9036effb0068b70fb0de8fc2f
c5b63f5273_bold_superscript_demo_style_default_missing__vs__dccd86b590_bold_text_formatting_demo_id_paraid_overflow_2_redline_0480d8c02b,0480d8c02b,tracking_without_comments,nocomments,corpus,/Users/arthrod/temp/T/neurotic_docx_bench/corpus/word/tracking_without_comments/pdf/c5b63f5273_bold_superscript_demo_style_default_missing__vs__dccd86b590_bold_text_formatting_demo_id_paraid_overflow_2_redline_0480d8c02b.pdf,d3c243dd4de775a69be00269b503fa964f41f74fda51c436f49ef8e09d284558,/Users/arthrod/temp/T/neurotic_docx_bench/results/redlines_0929_full/jubarte-0.11.2/pdf_by_word/c5b63f5273_bold_superscript_demo_style_default_missing__vs__dccd86b590_bold_text_formatting_demo_id_paraid_overflow_2_redline_0480d8c02b_jubarte-0.11.2.pdf,cc92214c3978a2f96986be3c332932a435ff405ec4e078b66a878127b0877ec2
6c3b9cb467_file_111__vs__61bf578c91_file_112_redline_04eed658ca,04eed658ca,tracking_without_comments,nocomments_randomized,corpus,/Users/arthrod/temp/T/neurotic_docx_bench/corpus/word/tracking_without_comments/pdf/6c3b9cb467_file_111__vs__61bf578c91_file_112_redline_04eed658ca.pdf,1abb1a5cc73634c0a30927a32cae5d170840ac6049dcbda2a5f070563d5e6250,/Users/arthrod/temp/T/neurotic_docx_bench/results/redlines_0929_full/jubarte-0.11.2/pdf_by_word/6c3b9cb467_file_111__vs__61bf578c91_file_112_redline_04eed658ca_jubarte-0.11.2.pdf,caf2b164707a683daa2f6a9f26f0523e730a2afaf1ba6cf210bbed33884a9735
8e672e0a48_super_editor__complex_list_def_short_export_8fa1__vs__7c87c9cd93_super_editor__complex_list_def_short_fde20a67_redline_05b2ec721b,05b2ec721b,tracking_without_comments,word_redlines_superdoc_0926,corpus,/Users/arthrod/temp/T/neurotic_docx_bench/corpus/word/tracking_without_comments/pdf/8e672e0a48_super_editor__complex_list_def_short_export_8fa1__vs__7c87c9cd93_super_editor__complex_list_def_short_fde20a67_redline_05b2ec721b.pdf,668eb919cfb149d7f811c17077a8f0b4ab97f02170ea57404d730dfaa9780229,/Users/arthrod/temp/T/neurotic_docx_bench/results/redlines_0929_full/jubarte-0.11.2/pdf_by_word/8e672e0a48_super_editor__complex_list_def_short_export_8fa1__vs__7c87c9cd93_super_editor__complex_list_def_short_fde20a67_redline_05b2ec721b_jubarte-0.11.2.pdf,5839843126ba868802e39200d652ba46769df76515b520f274ee655f130f3274
902a69f0e4_super_editor__line_space_table_9b1ee54b__vs__5e5fa9b5fb_super_editor__list_def_mix_d7cec092_redline_062340d04a,062340d04a,tracking_without_comments,word_redlines_superdoc_0926,corpus,/Users/arthrod/temp/T/neurotic_docx_bench/corpus/word/tracking_without_comments/pdf/902a69f0e4_super_editor__line_space_table_9b1ee54b__vs__5e5fa9b5fb_super_editor__list_def_mix_d7cec092_redline_062340d04a.pdf,0d1c2b8657a1469d15f5a327ff8408bf3982b7da5a2815a1cbecdb03ce5636fc,/Users/arthrod/temp/T/neurotic_docx_bench/results/redlines_0929_full/jubarte-0.11.2/pdf_by_word/902a69f0e4_super_editor__line_space_table_9b1ee54b__vs__5e5fa9b5fb_super_editor__list_def_mix_d7cec092_redline_062340d04a_jubarte-0.11.2.pdf,c8fa9188abeae9ec73dcf94c599be3d39453d3e7c2ee71e7aec0fa03a976b5c9
a05bc8ec1e_6a5a823e4b6c60f55c050bed1862157fdf0f6f0b5fe13270__vs__be78c8a0fa_1be4351e1649f465bb69547fd96d875eae05a5136b1a65e5_redline_0633bf5b61,0633bf5b61,tracking_without_comments,redlines_en_500,corpus,/Users/arthrod/temp/T/neurotic_docx_bench/corpus/word/tracking_without_comments/pdf/a05bc8ec1e_6a5a823e4b6c60f55c050bed1862157fdf0f6f0b5fe13270__vs__be78c8a0fa_1be4351e1649f465bb69547fd96d875eae05a5136b1a65e5_redline_0633bf5b61.pdf,ae08766b2167e27ff5161131df971ebf03c4f9fc7d928c82313e6f78f4f6f338,/Users/arthrod/temp/T/neurotic_docx_bench/results/redlines_0929_full/jubarte-0.11.2/pdf_by_word/a05bc8ec1e_6a5a823e4b6c60f55c050bed1862157fdf0f6f0b5fe13270__vs__be78c8a0fa_1be4351e1649f465bb69547fd96d875eae05a5136b1a65e5_redline_0633bf5b61_jubarte-0.11.2.pdf,65948b7d2017b862869e3294e60afad8be37a1ac4015a7cb7270ca14d963f015
852426b54e_file_194__vs__08147dee09_file_195_redline_077e0aba23,077e0aba23,tracking_without_comments,word_based_randomized,corpus,/Users/arthrod/temp/T/neurotic_docx_bench/corpus/word/tracking_without_comments/pdf/852426b54e_file_194__vs__08147dee09_file_195_redline_077e0aba23.pdf,136940e6612554a42f8aa6baf125b724551d3e8df359566303642ec539347897,/Users/arthrod/temp/T/neurotic_docx_bench/results/redlines_0929_full/jubarte-0.11.2/pdf_by_word/852426b54e_file_194__vs__08147dee09_file_195_redline_077e0aba23_jubarte-0.11.2.pdf,93983d77ce4ea6c808555111948e1f6c412627e1d966544dcf5db674f26fd707
18d1a4ad46_super_editor__sd_2534_collab_export_f3c7fdf7__vs__52dab5bc1c_super_editor__sdt_node_comment_ec887683_redline_07ab69d450,07ab69d450,with_comments_tracking,word_redlines_superdoc,fresh,/Users/arthrod/temp/T/compare_regen/out/07ab69d450__vs__07ab69d450.pdf,8364149d144df22d94ef02c60ba2725ba04bc1eba3f2bd443a2c9146cf130f96,/Users/arthrod/temp/T/neurotic_docx_bench/results/redlines_0929_full/jubarte-0.11.2/pdf_by_word/18d1a4ad46_super_editor__sd_2534_collab_export_f3c7fdf7__vs__52dab5bc1c_super_editor__sdt_node_comment_ec887683_redline_07ab69d450_jubarte-0.11.2.pdf,aea63537286315a92fdbb3068bbab111b2d9db1d71296f9189e08db0d194d146
2b6c7be6bd_super_editor__nested_comments_84f214bb__vs__671ff91b1d_behavior__sd_2750_borderbox_7cd3768d_redline_0858ee25d5,0858ee25d5,with_comments_tracking,word_redlines_superdoc,fresh,/Users/arthrod/temp/T/compare_regen/out/0858ee25d5__vs__0858ee25d5.pdf,42cafc140003506138fa731b8f54e9bde80ac51002ce1e13136bff633faff4a9,/Users/arthrod/temp/T/neurotic_docx_bench/results/redlines_0929_full/jubarte-0.11.2/pdf_by_word/2b6c7be6bd_super_editor__nested_comments_84f214bb__vs__671ff91b1d_behavior__sd_2750_borderbox_7cd3768d_redline_0858ee25d5_jubarte-0.11.2.pdf,0bb4270814891c3a52bc149758d2863317ce02e4596dc03324b1d9d983ec261b
30e84496e2_bullet_list_bold_demo_id_paraid_overflow__vs__9d3fa84f9f_bullet_list_demo_id_paraid_overflow_redline_086970eb1e,086970eb1e,tracking_without_comments,word_based_0926,corpus,/Users/arthrod/temp/T/neurotic_docx_bench/corpus/word/tracking_without_comments/pdf/30e84496e2_bullet_list_bold_demo_id_paraid_overflow__vs__9d3fa84f9f_bullet_list_demo_id_paraid_overflow_redline_086970eb1e.pdf,b715796296cdbe974a3e496ce28b26d955e1f5d2f90b46f7ceabe056bd1509fe,/Users/arthrod/temp/T/neurotic_docx_bench/results/redlines_0929_full/jubarte-0.11.2/pdf_by_word/30e84496e2_bullet_list_bold_demo_id_paraid_overflow__vs__9d3fa84f9f_bullet_list_demo_id_paraid_overflow_redline_086970eb1e_jubarte-0.11.2.pdf,d2efb0c0849955e715798561885f3eb58bf76e7739bee5ac4b27bd55f58698a0
70cf8f3c79_e3c8a85254388c86c63b168abf32fb2f2e019ae272f5b15a__vs__528b7e6689_e153d9d96bf2c9b3edd77009c97807142b0f6beec7d200b6_redline_089f8d0f89,089f8d0f89,tracking_without_comments,redlines_en_500,corpus,/Users/arthrod/temp/T/neurotic_docx_bench/corpus/word/tracking_without_comments/pdf/70cf8f3c79_e3c8a85254388c86c63b168abf32fb2f2e019ae272f5b15a__vs__528b7e6689_e153d9d96bf2c9b3edd77009c97807142b0f6beec7d200b6_redline_089f8d0f89.pdf,2f12a0e7d743ccaf3f9494a05fadfde9ddd8095df20519ea8a38f89a79ce4177,/Users/arthrod/temp/T/neurotic_docx_bench/results/redlines_0929_full/jubarte-0.11.2/pdf_by_word/70cf8f3c79_e3c8a85254388c86c63b168abf32fb2f2e019ae272f5b15a__vs__528b7e6689_e153d9d96bf2c9b3edd77009c97807142b0f6beec7d200b6_redline_089f8d0f89_jubarte-0.11.2.pdf,1ef4377ac746e394f780efb915cf1ec8630e1e3a008786babbce3a6af6844a27
ced58cbf54_super_editor__sd_1494_table_left_indent_03277d35__vs__84f5fb598b_super_editor__diff_before11_1b953eaf_redline_08f3c75cf7,08f3c75cf7,with_comments_tracking,word_redlines_superdoc,fresh,/Users/arthrod/temp/T/compare_regen/out/08f3c75cf7__vs__08f3c75cf7.pdf,152c5a57c77849c8a4ca551b91e9f60707652877eed96bcb0694502553423ae8,/Users/arthrod/temp/T/neurotic_docx_bench/results/redlines_0929_full/jubarte-0.11.2/pdf_by_word/ced58cbf54_super_editor__sd_1494_table_left_indent_03277d35__vs__84f5fb598b_super_editor__diff_before11_1b953eaf_redline_08f3c75cf7_jubarte-0.11.2.pdf,605d786de7b19c22dda7e3b3a8065d9f1f10c10697c42c1e11bfb04d71bd1476
82b6024490_eba09f901ffae6c9a565fe0d013e73c75ca8391ebf9af116__vs__ea63b1e6ab_08648d2f8645b144ab3a2701f5f63a1b7b60d23e9bc651bb_redline_09ae9605c6,09ae9605c6,tracking_without_comments,redlines_en_500,corpus,/Users/arthrod/temp/T/neurotic_docx_bench/corpus/word/tracking_without_comments/pdf/82b6024490_eba09f901ffae6c9a565fe0d013e73c75ca8391ebf9af116__vs__ea63b1e6ab_08648d2f8645b144ab3a2701f5f63a1b7b60d23e9bc651bb_redline_09ae9605c6.pdf,23bae7f679397b9e5ee297a929872642d680e894ba6809995a7b01d5007016b7,/Users/arthrod/temp/T/neurotic_docx_bench/results/redlines_0929_full/jubarte-0.11.2/pdf_by_word/82b6024490_eba09f901ffae6c9a565fe0d013e73c75ca8391ebf9af116__vs__ea63b1e6ab_08648d2f8645b144ab3a2701f5f63a1b7b60d23e9bc651bb_redline_09ae9605c6_jubarte-0.11.2.pdf,cac93cbe6a70c046c22af22793b5ead97d7740c8ef3b4a6d5b80bc6ce49a544f
0800162a66_000799b53487acb327ccf0c0ab87fb14b9e8636346719296__vs__deff0e697a_00b5defcad6e58038eac35472a2d48c89905068e5ece0cc3_redline_0a26c74d55,0a26c74d55,tracking_without_comments,redlines_a100_b10,corpus,/Users/arthrod/temp/T/neurotic_docx_bench/corpus/word/tracking_without_comments/pdf/0800162a66_000799b53487acb327ccf0c0ab87fb14b9e8636346719296__vs__deff0e697a_00b5defcad6e58038eac35472a2d48c89905068e5ece0cc3_redline_0a26c74d55.pdf,fb32a12ac611975a3c0d51c9d8a8df177ec43614b0e9b203a6e54dd092c54098,/Users/arthrod/temp/T/neurotic_docx_bench/results/redlines_0929_full/jubarte-0.11.2/pdf_by_word/0800162a66_000799b53487acb327ccf0c0ab87fb14b9e8636346719296__vs__deff0e697a_00b5defcad6e58038eac35472a2d48c89905068e5ece0cc3_redline_0a26c74d55_jubarte-0.11.2.pdf,b4c097f7f4d6aed160848770a59ebc484d13e699686890067cc494a48fc7f316
0e1d01ec7d_super_editor__doc_with_graphs_diagrams_rotated_e__vs__8a553b35e4_super_editor__doc_with_spaces_from_styles_734ca2_redline_0a3919850c,0a3919850c,tracking_without_comments,word_redlines_superdoc,corpus,/Users/arthrod/temp/T/neurotic_docx_bench/corpus/word/tracking_without_comments/pdf/0e1d01ec7d_super_editor__doc_with_graphs_diagrams_rotated_e__vs__8a553b35e4_super_editor__doc_with_spaces_from_styles_734ca2_redline_0a3919850c.pdf,594e6362b1a03a7a9aadece2cbedc8b7e71f99ecc2e17239caee3ed739222ab8,/Users/arthrod/temp/T/neurotic_docx_bench/results/redlines_0929_full/jubarte-0.11.2/pdf_by_word/0e1d01ec7d_super_editor__doc_with_graphs_diagrams_rotated_e__vs__8a553b35e4_super_editor__doc_with_spaces_from_styles_734ca2_redline_0a3919850c_jubarte-0.11.2.pdf,dacaee7660bde8dcc4748e4a766a3a5e31e7d4a7e0d516f63deceedca4b79906
e1736e61c5_italic_underline_combined_demo_id_paraid_overflo__vs__516ae5b317_justified_underline_demo_id_paraid_overflow_redline_0a5a39916e,0a5a39916e,tracking_without_comments,word_based,corpus,/Users/arthrod/temp/T/neurotic_docx_bench/corpus/word/tracking_without_comments/pdf/e1736e61c5_italic_underline_combined_demo_id_paraid_overflo__vs__516ae5b317_justified_underline_demo_id_paraid_overflow_redline_0a5a39916e.pdf,325b0b39f1667784375f493170a390f01dbb6cd94441ebfe9cc9defedf63eca7,/Users/arthrod/temp/T/neurotic_docx_bench/results/redlines_0929_full/jubarte-0.11.2/pdf_by_word/e1736e61c5_italic_underline_combined_demo_id_paraid_overflo__vs__516ae5b317_justified_underline_demo_id_paraid_overflow_redline_0a5a39916e_jubarte-0.11.2.pdf,a11734c620f6fa4899730e7d40714985df909774cd9edc19b40bfb4c5d3c17b9
6b0acda259_file_73__vs__bd768e6c17_file_74_redline_0aa74e0de4,0aa74e0de4,with_comments_tracking,word_based_randomized_0926,fresh,/Users/arthrod/temp/T/compare_regen/out/0aa74e0de4__vs__0aa74e0de4.pdf,26a1938ca65e7985567e92ba0e1a57bb756bcdb15b4f1c3ec9904e0b22e754e9,/Users/arthrod/temp/T/neurotic_docx_bench/results/redlines_0929_full/jubarte-0.11.2/pdf_by_word/6b0acda259_file_73__vs__bd768e6c17_file_74_redline_0aa74e0de4_jubarte-0.11.2.pdf,fdc8fc85f9d06f95669502b9100aff03199d9383f54d41bebf523873e8df594a
8c79860f8d_file_75__vs__d87d0dd9a8_file_76_redline_0ba672f125,0ba672f125,tracking_without_comments,word_based_randomized,corpus,/Users/arthrod/temp/T/neurotic_docx_bench/corpus/word/tracking_without_comments/pdf/8c79860f8d_file_75__vs__d87d0dd9a8_file_76_redline_0ba672f125.pdf,c9207c35ffffbe139cb94333293d9b8284eb3dcb08df27d86a8e8036812e1fb4,/Users/arthrod/temp/T/neurotic_docx_bench/results/redlines_0929_full/jubarte-0.11.2/pdf_by_word/8c79860f8d_file_75__vs__d87d0dd9a8_file_76_redline_0ba672f125_jubarte-0.11.2.pdf,e17aecbfad30f114cffea218d5c126a33af61aadbc0c907fa6eac6184bd388d5
91b2b8bb84_file_71__vs__a9f3a3c647_file_72_redline_0becba7c16,0becba7c16,tracking_without_comments,word_based_randomized_0926,corpus,/Users/arthrod/temp/T/neurotic_docx_bench/corpus/word/tracking_without_comments/pdf/91b2b8bb84_file_71__vs__a9f3a3c647_file_72_redline_0becba7c16.pdf,e5f322a0ab49f36700237ffdb9fce6461e8223ec1622a04500ddc8be6b6d33ec,/Users/arthrod/temp/T/neurotic_docx_bench/results/redlines_0929_full/jubarte-0.11.2/pdf_by_word/91b2b8bb84_file_71__vs__a9f3a3c647_file_72_redline_0becba7c16_jubarte-0.11.2.pdf,c0b3773ccb0ab8dca6f80454e2c7fdf9e28dc6d3ee5c533c0cd79ac89cf3998d
5ad6e6d44f_0199027cbf967c88ab833b77e5bc5d629bacecbd40a87c26__vs__5203829c7a_001cc92b88566d5f930fe57f25813c0bf52a7bdc72c217d0_redline_0c25a004f2,0c25a004f2,tracking_without_comments,redlines_a100_b10,corpus,/Users/arthrod/temp/T/neurotic_docx_bench/corpus/word/tracking_without_comments/pdf/5ad6e6d44f_0199027cbf967c88ab833b77e5bc5d629bacecbd40a87c26__vs__5203829c7a_001cc92b88566d5f930fe57f25813c0bf52a7bdc72c217d0_redline_0c25a004f2.pdf,9cdfcb97beda083a5c2d9b0f753416eee641b84d150a9a0b9e54c8b6c962dbc6,/Users/arthrod/temp/T/neurotic_docx_bench/results/redlines_0929_full/jubarte-0.11.2/pdf_by_word/5ad6e6d44f_0199027cbf967c88ab833b77e5bc5d629bacecbd40a87c26__vs__5203829c7a_001cc92b88566d5f930fe57f25813c0bf52a7bdc72c217d0_redline_0c25a004f2_jubarte-0.11.2.pdf,cab89eb40d51accae798602a32c58117c7d4ba7d683d35adc6f4005161536924
dccd972179_file_142__vs__0483e899af_file_143_redline_0c5aa7e2b1,0c5aa7e2b1,with_comments_tracking,word_based_randomized_0926,fresh,/Users/arthrod/temp/T/compare_regen/out/0c5aa7e2b1__vs__0c5aa7e2b1.pdf,23aa7a7dac00df4b216390777d3e10c73adcc91939cb0290d8ea89937d3b5cd2,/Users/arthrod/temp/T/neurotic_docx_bench/results/redlines_0929_full/jubarte-0.11.2/pdf_by_word/dccd972179_file_142__vs__0483e899af_file_143_redline_0c5aa7e2b1_jubarte-0.11.2.pdf,3f11cecf203bbb5c19d5c8e12de6f9479bd81c2ad8501e123ef2cad07fc83c92
d6229441a5_0022208cff905cd74261067032c22afa148e0f63496c7f66__vs__aa5340125d_00a4b0b91e9b5b072dc3771391c2d608518690eccf44eae8_redline_0cbbcaa7f0,0cbbcaa7f0,tracking_without_comments,redlines_a100_b10,corpus,/Users/arthrod/temp/T/neurotic_docx_bench/corpus/word/tracking_without_comments/pdf/d6229441a5_0022208cff905cd74261067032c22afa148e0f63496c7f66__vs__aa5340125d_00a4b0b91e9b5b072dc3771391c2d608518690eccf44eae8_redline_0cbbcaa7f0.pdf,fdc11680eef9cdb1078092d8df8e594537c27479932f6a55f792366233cea87b,/Users/arthrod/temp/T/neurotic_docx_bench/results/redlines_0929_full/jubarte-0.11.2/pdf_by_word/d6229441a5_0022208cff905cd74261067032c22afa148e0f63496c7f66__vs__aa5340125d_00a4b0b91e9b5b072dc3771391c2d608518690eccf44eae8_redline_0cbbcaa7f0_jubarte-0.11.2.pdf,41acf00e97b3441d9e744cf24993a377274ed655ead5c018fa61144106e10902
99de296dd9_d750f6832de5fbe3c2768cf0c77499282cd00aec6f32de44__vs__04eed6fc4e_e08b0400d03db8bedddf7081144e66822f032e841429f60c_redline_0cc9882662,0cc9882662,tracking_without_comments,redlines_en_500,corpus,/Users/arthrod/temp/T/neurotic_docx_bench/corpus/word/tracking_without_comments/pdf/99de296dd9_d750f6832de5fbe3c2768cf0c77499282cd00aec6f32de44__vs__04eed6fc4e_e08b0400d03db8bedddf7081144e66822f032e841429f60c_redline_0cc9882662.pdf,cc1eea2b6a84375925fe242c5f1ae1c04aa6558dfb06868a50a28bdb91250752,/Users/arthrod/temp/T/neurotic_docx_bench/results/redlines_0929_full/jubarte-0.11.2/pdf_by_word/99de296dd9_d750f6832de5fbe3c2768cf0c77499282cd00aec6f32de44__vs__04eed6fc4e_e08b0400d03db8bedddf7081144e66822f032e841429f60c_redline_0cc9882662_jubarte-0.11.2.pdf,8a9c04be11f366c3bde42702fc8b4cecafdef16cb65b4fd134c0b8ae3672c1ad
e355cec096_small_font_size_demo_id_paraid_overflow__vs__60697d46b7_strict01_redline_0cd32d67b2,0cd32d67b2,with_comments_tracking,word_based;fixtures_word_compares;pdf_fill_0928,fresh,/Users/arthrod/temp/T/compare_regen/out/0cd32d67b2__vs__0cd32d67b2.pdf,31b40bcb7776d036c706b4b00dee95f444db065c1cc7e7d7a2d23c0167788a82,/Users/arthrod/temp/T/neurotic_docx_bench/results/redlines_0929_full/jubarte-0.11.2/pdf_by_word/e355cec096_small_font_size_demo_id_paraid_overflow__vs__60697d46b7_strict01_redline_0cd32d67b2_jubarte-0.11.2.pdf,88094d0a2a8b3636a216dde2bb462c97972272b42d3fb931816b3b3c02050440
ab859711f4_super_editor__custom_list_numbering1_7eb9fda4__vs__4858c9853b_behavior__multi_image_types_b962a2b8_redline_0d2106d9b2,0d2106d9b2,tracking_without_comments,word_redlines_superdoc_0926,corpus,/Users/arthrod/temp/T/neurotic_docx_bench/corpus/word/tracking_without_comments/pdf/ab859711f4_super_editor__custom_list_numbering1_7eb9fda4__vs__4858c9853b_behavior__multi_image_types_b962a2b8_redline_0d2106d9b2.pdf,81a48d9a85c447528e45c446493bba887d3a4ace523a91bfbb8330ced8fdbbfa,/Users/arthrod/temp/T/neurotic_docx_bench/results/redlines_0929_full/jubarte-0.11.2/pdf_by_word/ab859711f4_super_editor__custom_list_numbering1_7eb9fda4__vs__4858c9853b_behavior__multi_image_types_b962a2b8_redline_0d2106d9b2_jubarte-0.11.2.pdf,68dc95f202090111dda7e0b4bcc58984b9428dd92543232083ed403634d05837
563331c6f3_super_editor__broken_complex_list_293fda86__vs__cdf27ad0d3_behavior__sd_2672_nested_table_dfac08bb_redline_0d79b0b2ed,0d79b0b2ed,tracking_without_comments,word_redlines_superdoc,corpus,/Users/arthrod/temp/T/neurotic_docx_bench/corpus/word/tracking_without_comments/pdf/563331c6f3_super_editor__broken_complex_list_293fda86__vs__cdf27ad0d3_behavior__sd_2672_nested_table_dfac08bb_redline_0d79b0b2ed.pdf,8768e600ed68499b4475104948254d48e55145c8ad85284cd20da68e1e4fa2f2,/Users/arthrod/temp/T/neurotic_docx_bench/results/redlines_0929_full/jubarte-0.11.2/pdf_by_word/563331c6f3_super_editor__broken_complex_list_293fda86__vs__cdf27ad0d3_behavior__sd_2672_nested_table_dfac08bb_redline_0d79b0b2ed_jubarte-0.11.2.pdf,92dbc07f26138f1c02dec2c7b27fae9abf234d5cc49fbabcc2ebd1644da55a11
e70f1134dd_super_editor__diff_before8_ba5faa9e__vs__671ff91b1d_behavior__sd_2750_borderbox_7cd3768d_redline_0e6cc23727,0e6cc23727,with_comments_tracking,word_redlines_superdoc,fresh,/Users/arthrod/temp/T/compare_regen/out/0e6cc23727__vs__0e6cc23727.pdf,3f814fe628d28871f3666ff63e139cfc0b8b86a0514bdf02dac8f57e1c61f60a,/Users/arthrod/temp/T/neurotic_docx_bench/results/redlines_0929_full/jubarte-0.11.2/pdf_by_word/e70f1134dd_super_editor__diff_before8_ba5faa9e__vs__671ff91b1d_behavior__sd_2750_borderbox_7cd3768d_redline_0e6cc23727_jubarte-0.11.2.pdf,cdaa9e042c15f8db8933a943f65e6c6b8bbde464e98c966afc937905a8f97e60
9ea920c636_710d9d68ef90cbd901510c07ae7fed61173f872e9dbea061__vs__0acde9d23e_50be95cde73c1d9b994d6c75c6d2f67f7b4c6cdf0e13ba30_redline_0e7956b306,0e7956b306,tracking_without_comments,redlines_en_500,corpus,/Users/arthrod/temp/T/neurotic_docx_bench/corpus/word/tracking_without_comments/pdf/9ea920c636_710d9d68ef90cbd901510c07ae7fed61173f872e9dbea061__vs__0acde9d23e_50be95cde73c1d9b994d6c75c6d2f67f7b4c6cdf0e13ba30_redline_0e7956b306.pdf,d32736c39eba7263ed1fd9071d1005e64dc8eb205325294d429b5eebdade8b27,/Users/arthrod/temp/T/neurotic_docx_bench/results/redlines_0929_full/jubarte-0.11.2/pdf_by_word/9ea920c636_710d9d68ef90cbd901510c07ae7fed61173f872e9dbea061__vs__0acde9d23e_50be95cde73c1d9b994d6c75c6d2f67f7b4c6cdf0e13ba30_redline_0e7956b306_jubarte-0.11.2.pdf,1727813c20b4419e24fc3775e27e90fd241c1500948329c70bd40b9404a85f9e
6b2515b2e1_c0be5f1c808dfc28139ea2d7bbf34d3bf7e15237a63f7474__vs__3fe23ce412_a5b49e91304cf881ab4b07cd810e62ed6f68ac9c0d529815_redline_0e9c762eba,0e9c762eba,tracking_without_comments,redlines_en_500,corpus,/Users/arthrod/temp/T/neurotic_docx_bench/corpus/word/tracking_without_comments/pdf/6b2515b2e1_c0be5f1c808dfc28139ea2d7bbf34d3bf7e15237a63f7474__vs__3fe23ce412_a5b49e91304cf881ab4b07cd810e62ed6f68ac9c0d529815_redline_0e9c762eba.pdf,f3e0253349f6ec5fb02225a2b8e17cf8394002787f790cdf072e6b4536a42853,/Users/arthrod/temp/T/neurotic_docx_bench/results/redlines_0929_full/jubarte-0.11.2/pdf_by_word/6b2515b2e1_c0be5f1c808dfc28139ea2d7bbf34d3bf7e15237a63f7474__vs__3fe23ce412_a5b49e91304cf881ab4b07cd810e62ed6f68ac9c0d529815_redline_0e9c762eba_jubarte-0.11.2.pdf,1ed4f4992bbf33ae896f25276b11f8cb243d52e739356d6cfbf290481e87504b
668fe0a735_super_editor__ooxml_bold_vals_demo_9e688d8f__vs__e70f1134dd_super_editor__diff_before8_ba5faa9e_redline_1032d784bc,1032d784bc,with_comments_tracking,word_redlines_superdoc_0926,fresh,/Users/arthrod/temp/T/compare_regen/out/1032d784bc__vs__1032d784bc.pdf,50ce28461ffdd72c5c49555dc45b862618aab00182ec61e72d289e8725d09fb3,/Users/arthrod/temp/T/neurotic_docx_bench/results/redlines_0929_full/jubarte-0.11.2/pdf_by_word/668fe0a735_super_editor__ooxml_bold_vals_demo_9e688d8f__vs__e70f1134dd_super_editor__diff_before8_ba5faa9e_redline_1032d784bc_jubarte-0.11.2.pdf,1b34eafe9f8379199b9e6d87dc12ac5b92155cbcccc4a2ce1a9fa8e6794effea
830eb0f0a2_file_169__vs__bc85714262_file_170_redline_10358095a4,10358095a4,with_comments_tracking,word_based_randomized_0926,fresh,/Users/arthrod/temp/T/compare_regen/out/10358095a4__vs__10358095a4.pdf,fb6ed360c84c9ecaac0829da018b2e2a99859037a0ed1b6213aa2ca23ad6e0c0,/Users/arthrod/temp/T/neurotic_docx_bench/results/redlines_0929_full/jubarte-0.11.2/pdf_by_word/830eb0f0a2_file_169__vs__bc85714262_file_170_redline_10358095a4_jubarte-0.11.2.pdf,8d52b4aa3c76c80a43914e02d9f8ef35da6d6294dfde7291d4e0aedda2a4cede
b389f55091_super_editor__comment_23ee5ec1__vs__ea7427b18a_super_editor__complex_list_def_issue_326369f9_redline_108332354e,108332354e,with_comments_tracking,word_redlines_superdoc,fresh,/Users/arthrod/temp/T/compare_regen/out/108332354e__vs__108332354e.pdf,13dd8becac7284a7628251d587899508e26c17932c7b741c27a95973aed1319a,/Users/arthrod/temp/T/neurotic_docx_bench/results/redlines_0929_full/jubarte-0.11.2/pdf_by_word/b389f55091_super_editor__comment_23ee5ec1__vs__ea7427b18a_super_editor__complex_list_def_issue_326369f9_redline_108332354e_jubarte-0.11.2.pdf,442e6f6aabe1a5088e20c6b93c4e4528ffacadac200ce6556d9dc951b5ac9fe0
f6e1c253ff_super_editor__diff_before9_9818a85f__vs__0e1d01ec7d_super_editor__doc_with_graphs_diagrams_rotated_e_redline_108d3b4e97,108d3b4e97,tracking_without_comments,word_redlines_superdoc,corpus,/Users/arthrod/temp/T/neurotic_docx_bench/corpus/word/tracking_without_comments/pdf/f6e1c253ff_super_editor__diff_before9_9818a85f__vs__0e1d01ec7d_super_editor__doc_with_graphs_diagrams_rotated_e_redline_108d3b4e97.pdf,4d57b25df17ff5ac0442a69fed7a2090b1165c8229ed12dfe3d4a4641c8ed403,/Users/arthrod/temp/T/neurotic_docx_bench/results/redlines_0929_full/jubarte-0.11.2/pdf_by_word/f6e1c253ff_super_editor__diff_before9_9818a85f__vs__0e1d01ec7d_super_editor__doc_with_graphs_diagrams_rotated_e_redline_108d3b4e97_jubarte-0.11.2.pdf,08cdf08411d8b1f9c5b2ce8e32b98fcb331fb297d8c0883027f7a989ad912dc9
85692b483f_file_123__vs__0086695f46_file_124_redline_1108cc4aae,1108cc4aae,with_comments_tracking,word_based_randomized,fresh,/Users/arthrod/temp/T/compare_regen/out/1108cc4aae__vs__1108cc4aae.pdf,98cdf9c48da0c176559b8e247003296c29309e689fc778c48ca5d6f246784909,/Users/arthrod/temp/T/neurotic_docx_bench/results/redlines_0929_full/jubarte-0.11.2/pdf_by_word/85692b483f_file_123__vs__0086695f46_file_124_redline_1108cc4aae_jubarte-0.11.2.pdf,e4cea70382f722929371184d24415cef2811f85dd7afd440c0522d751a587d28
bffb81f86c_file_192__vs__878549f8f2_file_193_redline_11675a8de2,11675a8de2,with_comments_tracking,word_based_randomized,fresh,/Users/arthrod/temp/T/compare_regen/out/11675a8de2__vs__11675a8de2.pdf,0f96a91da512c6c0ee6994cf3389d8bd4d629fb64ad56baeeb1e91167da4b01d,/Users/arthrod/temp/T/neurotic_docx_bench/results/redlines_0929_full/jubarte-0.11.2/pdf_by_word/bffb81f86c_file_192__vs__878549f8f2_file_193_redline_11675a8de2_jubarte-0.11.2.pdf,98d22477c5a1a992549f54447b1b5360baba0516d2d90bf2b5990c970d9d6f5c
6446faad0e_budget_report_q1_2026_suggesting_insertions__vs__30e84496e2_bullet_list_bold_demo_id_paraid_overflow_redline_1277d3c5cb,1277d3c5cb,tracking_without_comments,word_based;fixtures_word_compares,fresh,/Users/arthrod/temp/T/compare_regen/out/1277d3c5cb__vs__1277d3c5cb.pdf,8cfdf1b95b83a2cca0f7a534b70e77f5e6235663a859aaadc9d3e5f209915405,/Users/arthrod/temp/T/neurotic_docx_bench/results/redlines_0929_full/jubarte-0.11.2/pdf_by_word/6446faad0e_budget_report_q1_2026_suggesting_insertions__vs__30e84496e2_bullet_list_bold_demo_id_paraid_overflow_redline_1277d3c5cb_jubarte-0.11.2.pdf,79ad50113868bafae18dd11647c76a56068146637017c6a21ab7c566a6d1d1a1
18eb110b3b_numwords_fldsimple__vs__56d68160f4_doc_api_stories__sd_2086_header_row_shading_api_redline_12c5361b58,12c5361b58,tracking_without_comments,word_redlines_superdoc,corpus,/Users/arthrod/temp/T/neurotic_docx_bench/corpus/word/tracking_without_comments/pdf/18eb110b3b_numwords_fldsimple__vs__56d68160f4_doc_api_stories__sd_2086_header_row_shading_api_redline_12c5361b58.pdf,60f0a4533cb456c104013dcc9ba9f95ceba4ff6a7974a9d75be668725cb9f6d3,/Users/arthrod/temp/T/neurotic_docx_bench/results/redlines_0929_full/jubarte-0.11.2/pdf_by_word/18eb110b3b_numwords_fldsimple__vs__56d68160f4_doc_api_stories__sd_2086_header_row_shading_api_redline_12c5361b58_jubarte-0.11.2.pdf,a543a3b5f919a3763eadb3cc0ecf1f4385c92be7c19fe1aa8b5f6a30ef379d9c
735c372b41_super_editor__diff_after8_58e5c288__vs__de3c6fded9_super_editor__doc_with_spacing_e3d47bd7_redline_12fca96084,12fca96084,with_comments_tracking,word_redlines_superdoc,fresh,/Users/arthrod/temp/T/compare_regen/out/12fca96084__vs__12fca96084.pdf,e6685e1684b6ee03146675d89a7e459323b6e7a9180d7ec0d2208b3ad3090a95,/Users/arthrod/temp/T/neurotic_docx_bench/results/redlines_0929_full/jubarte-0.11.2/pdf_by_word/735c372b41_super_editor__diff_after8_58e5c288__vs__de3c6fded9_super_editor__doc_with_spacing_e3d47bd7_redline_12fca96084_jubarte-0.11.2.pdf,1989a449c2adbdc9f58689a8f6c02507738c8a38d26cff177c88d2e1332c9f8d
5d17fd43a9_complex_style_attr__vs__310c03f39c_super_editor__complexexport1_69441ab1_redline_133d880cce,133d880cce,tracking_without_comments,word_redlines_superdoc,corpus,/Users/arthrod/temp/T/neurotic_docx_bench/corpus/word/tracking_without_comments/pdf/5d17fd43a9_complex_style_attr__vs__310c03f39c_super_editor__complexexport1_69441ab1_redline_133d880cce.pdf,f4f59e6b2946e8ee9a066a2394e2ec649859bcf7f9be766d12fa0387550f6ed8,/Users/arthrod/temp/T/neurotic_docx_bench/results/redlines_0929_full/jubarte-0.11.2/pdf_by_word/5d17fd43a9_complex_style_attr__vs__310c03f39c_super_editor__complexexport1_69441ab1_redline_133d880cce_jubarte-0.11.2.pdf,2424b1a075a710f5e362c57c68084cbffc58b58e2c9459f76ee89431e03336d9
e615c89269_inventory_list_suggesting_deletions__vs__8e5efb0d0b_inventory_list_suggesting_mixed_edits_redline_137d46157c,137d46157c,tracking_without_comments,word_based;fixtures_word_compares,fresh,/Users/arthrod/temp/T/compare_regen/out/137d46157c__vs__137d46157c.pdf,dad31f00ee742551c3b0ee9bda41b099426a1b1837e4e47e57cc9600ece34804,/Users/arthrod/temp/T/neurotic_docx_bench/results/redlines_0929_full/jubarte-0.11.2/pdf_by_word/e615c89269_inventory_list_suggesting_deletions__vs__8e5efb0d0b_inventory_list_suggesting_mixed_edits_redline_137d46157c_jubarte-0.11.2.pdf,ddc3490d29ca3d4512e39c39d8da54998eb10f9ccde48e7b82aca3661afa279e
a6ee65b3ee_comments__vs__dc40c7300f_complex_style_attr_redline_141207cab1,141207cab1,tracking_without_comments,nocomments,corpus,/Users/arthrod/temp/T/neurotic_docx_bench/corpus/word/tracking_without_comments/pdf/a6ee65b3ee_comments__vs__dc40c7300f_complex_style_attr_redline_141207cab1.pdf,20c403a576f908f1fbb3ffdf287b9f648a63fc960316ad61e36f2e7899d74723,/Users/arthrod/temp/T/neurotic_docx_bench/results/redlines_0929_full/jubarte-0.11.2/pdf_by_word/a6ee65b3ee_comments__vs__dc40c7300f_complex_style_attr_redline_141207cab1_jubarte-0.11.2.pdf,b1a3ed7a0f9605f5246d10d1d28cbebf12c165e02342df2dcc98d762a3e749ac
61eaede95c_subtitle_style_demo_style_default_missing__vs__ca4ccabff6_superscript_demo_id_paraid_overflow_2_redline_146e6680ab,146e6680ab,tracking_without_comments,fixtures_word_compares;pdf_fill_0928,fresh,/Users/arthrod/temp/T/compare_regen/out/146e6680ab__vs__146e6680ab.pdf,cf2b683c1436e74ae382f9db1a608982025253d0e04d4cc14948309d54c0141e,/Users/arthrod/temp/T/neurotic_docx_bench/results/redlines_0929_full/jubarte-0.11.2/pdf_by_word/61eaede95c_subtitle_style_demo_style_default_missing__vs__ca4ccabff6_superscript_demo_id_paraid_overflow_2_redline_146e6680ab_jubarte-0.11.2.pdf,887fc8be6b5bfe601f161b230ff42028e43ea5185bb771e06e34845cc860e252
a6bdad436b_00e1eabab4f0fdde08a033b7d3af988ce75f7e80207c9918__vs__2773adf157_0004c94ca2a8684d47449bb0e7abf87de1df71a7e6543252_redline_1533ea6dc3,1533ea6dc3,tracking_without_comments,redlines_a100_b10,corpus,/Users/arthrod/temp/T/neurotic_docx_bench/corpus/word/tracking_without_comments/pdf/a6bdad436b_00e1eabab4f0fdde08a033b7d3af988ce75f7e80207c9918__vs__2773adf157_0004c94ca2a8684d47449bb0e7abf87de1df71a7e6543252_redline_1533ea6dc3.pdf,6c306f3861838e84f8b21c6cab9c8251b64fce48710672495820ff08d5a59712,/Users/arthrod/temp/T/neurotic_docx_bench/results/redlines_0929_full/jubarte-0.11.2/pdf_by_word/a6bdad436b_00e1eabab4f0fdde08a033b7d3af988ce75f7e80207c9918__vs__2773adf157_0004c94ca2a8684d47449bb0e7abf87de1df71a7e6543252_redline_1533ea6dc3_jubarte-0.11.2.pdf,63926a3b41bc73d9ec2f67cf9bb7aacf9c21319ed248e41ebe75d1716d2f7435
7fd9abba03_file_87__vs__faa7c6b110_file_88_redline_168f905e48,168f905e48,tracking_without_comments,word_based_randomized_0926,corpus,/Users/arthrod/temp/T/neurotic_docx_bench/corpus/word/tracking_without_comments/pdf/7fd9abba03_file_87__vs__faa7c6b110_file_88_redline_168f905e48.pdf,d13e8266e879b01c07271b1f61f512fe4c14ea5c4b5b1e2cb4cbaaee331b2b73,/Users/arthrod/temp/T/neurotic_docx_bench/results/redlines_0929_full/jubarte-0.11.2/pdf_by_word/7fd9abba03_file_87__vs__faa7c6b110_file_88_redline_168f905e48_jubarte-0.11.2.pdf,2155f83c3e99e79a276c4cfc7fcebae854b7e05c7ffdfed80d5fa325e6a62287
3f9e7fe8a5_1909bbbfb6abdc12d641a5e88b1b98b8f68e11a3666816f9__vs__2604267933_77c0c55589e54ae1ef618a5d395870cdfa0db0500c90dc17_redline_172d60276a,172d60276a,tracking_without_comments,redlines_en_500,corpus,/Users/arthrod/temp/T/neurotic_docx_bench/corpus/word/tracking_without_comments/pdf/3f9e7fe8a5_1909bbbfb6abdc12d641a5e88b1b98b8f68e11a3666816f9__vs__2604267933_77c0c55589e54ae1ef618a5d395870cdfa0db0500c90dc17_redline_172d60276a.pdf,b5e208c69a6036b9ba9d900d15c5cfece692a9574053e3d2303ef137eec828b9,/Users/arthrod/temp/T/neurotic_docx_bench/results/redlines_0929_full/jubarte-0.11.2/pdf_by_word/3f9e7fe8a5_1909bbbfb6abdc12d641a5e88b1b98b8f68e11a3666816f9__vs__2604267933_77c0c55589e54ae1ef618a5d395870cdfa0db0500c90dc17_redline_172d60276a_jubarte-0.11.2.pdf,f66200bb9764e85bebdbd351856fa81c5938139f357cb452514b0f400a3f2c2e
9b9fce74d9_super_editor__basic_list_0fcfe705__vs__301e302820_super_editor__basic_page_nums_d5b08fc3_redline_1743e156b7,1743e156b7,tracking_without_comments,word_redlines_superdoc,corpus,/Users/arthrod/temp/T/neurotic_docx_bench/corpus/word/tracking_without_comments/pdf/9b9fce74d9_super_editor__basic_list_0fcfe705__vs__301e302820_super_editor__basic_page_nums_d5b08fc3_redline_1743e156b7.pdf,0e1d7a3b01a56a5132e4f774fc283d589894148616a7228ab9f524bdda61847f,/Users/arthrod/temp/T/neurotic_docx_bench/results/redlines_0929_full/jubarte-0.11.2/pdf_by_word/9b9fce74d9_super_editor__basic_list_0fcfe705__vs__301e302820_super_editor__basic_page_nums_d5b08fc3_redline_1743e156b7_jubarte-0.11.2.pdf,f5bb619aa2e59e4d8486b1f6d7a34e5e0ee8fe43ccb2dd4692e146a7dfcce8a4
9f96e7f4f8_it_security_policy_v2_suggesting_insertions__vs__277b6145d6_italic_and_underline_combo_style_default_missing_redline_1825689107,1825689107,tracking_without_comments,word_based;fixtures_word_compares,fresh,/Users/arthrod/temp/T/compare_regen/out/1825689107__vs__1825689107.pdf,e9622402c578410adc5e92eb0ec8e9efacc0ebb6c70c9ee98f805b8953c81e1c,/Users/arthrod/temp/T/neurotic_docx_bench/results/redlines_0929_full/jubarte-0.11.2/pdf_by_word/9f96e7f4f8_it_security_policy_v2_suggesting_insertions__vs__277b6145d6_italic_and_underline_combo_style_default_missing_redline_1825689107_jubarte-0.11.2.pdf,9578d54e9805dccb1e39b1d96c00139c8ba5da51999497f2a5a7527891edf580
8cd372b814_0193e5015be906eb45df5f7b3ceb682c7ff53cb52f15a0bf__vs__2773adf157_0004c94ca2a8684d47449bb0e7abf87de1df71a7e6543252_redline_18d4bdcfd9,18d4bdcfd9,tracking_without_comments,redlines_a100_b10,corpus,/Users/arthrod/temp/T/neurotic_docx_bench/corpus/word/tracking_without_comments/pdf/8cd372b814_0193e5015be906eb45df5f7b3ceb682c7ff53cb52f15a0bf__vs__2773adf157_0004c94ca2a8684d47449bb0e7abf87de1df71a7e6543252_redline_18d4bdcfd9.pdf,2b95ae0c1bd873bdee011a6561c67b75007df3e944de9fe212fc163142ad4949,/Users/arthrod/temp/T/neurotic_docx_bench/results/redlines_0929_full/jubarte-0.11.2/pdf_by_word/8cd372b814_0193e5015be906eb45df5f7b3ceb682c7ff53cb52f15a0bf__vs__2773adf157_0004c94ca2a8684d47449bb0e7abf87de1df71a7e6543252_redline_18d4bdcfd9_jubarte-0.11.2.pdf,2445eb577a54a9cb4ed804fea0929fd8e07166c5a85b02206e2cb5874b708b96
3ad856ac79_file_39__vs__03c2173f9b_file_40_redline_1a5a8a93b8,1a5a8a93b8,tracking_without_comments,nocomments_randomized,corpus,/Users/arthrod/temp/T/neurotic_docx_bench/corpus/word/tracking_without_comments/pdf/3ad856ac79_file_39__vs__03c2173f9b_file_40_redline_1a5a8a93b8.pdf,58395eb4a077b060214caf5f4df62f3bc885f63f04eb932765d2ec361f2600df,/Users/arthrod/temp/T/neurotic_docx_bench/results/redlines_0929_full/jubarte-0.11.2/pdf_by_word/3ad856ac79_file_39__vs__03c2173f9b_file_40_redline_1a5a8a93b8_jubarte-0.11.2.pdf,02f9c6570e826767747cfc6ad43314a348393c7cad853479c010acc45b1a17ae
4ba01802a7_super_editor__diff_after_10f1912e__vs__98bc895b4b_super_editor__listwithspacernodes_cf53e890_redline_1a9607929b,1a9607929b,tracking_without_comments,word_redlines_superdoc_0926,corpus,/Users/arthrod/temp/T/neurotic_docx_bench/corpus/word/tracking_without_comments/pdf/4ba01802a7_super_editor__diff_after_10f1912e__vs__98bc895b4b_super_editor__listwithspacernodes_cf53e890_redline_1a9607929b.pdf,1e7d9c4e1b710bafcede722d2cd6d58e810459b06fe3db03040a895d80a60cfb,/Users/arthrod/temp/T/neurotic_docx_bench/results/redlines_0929_full/jubarte-0.11.2/pdf_by_word/4ba01802a7_super_editor__diff_after_10f1912e__vs__98bc895b4b_super_editor__listwithspacernodes_cf53e890_redline_0ace7bbff2_jubarte-0.11.2.pdf,2524d3c3010ab6a0e4aa17ccf3aa5c5658dcede29072aa0a724d880959a353e6
164e42c955_632d47971a1f534d075daf4b75b99cd76b038b36fb303530__vs__39a8b7b250_444d9bbf258316eee4352ac560f6ca28a0e5dd10b52ceb16_redline_1ae50cba31,1ae50cba31,tracking_without_comments,redlines_en_500,corpus,/Users/arthrod/temp/T/neurotic_docx_bench/corpus/word/tracking_without_comments/pdf/164e42c955_632d47971a1f534d075daf4b75b99cd76b038b36fb303530__vs__39a8b7b250_444d9bbf258316eee4352ac560f6ca28a0e5dd10b52ceb16_redline_1ae50cba31.pdf,d4a99e8a5d50835cdba5bb60172cfe40adb8d2b44a50a92e614d88614effd782,/Users/arthrod/temp/T/neurotic_docx_bench/results/redlines_0929_full/jubarte-0.11.2/pdf_by_word/164e42c955_632d47971a1f534d075daf4b75b99cd76b038b36fb303530__vs__39a8b7b250_444d9bbf258316eee4352ac560f6ca28a0e5dd10b52ceb16_redline_1ae50cba31_jubarte-0.11.2.pdf,36aa22031d3d962e940d1dec50f1430b02d613c58e18f09be98009168d0466e6
9224b22b43_file_1__vs__c9154561dc_file_2_redline_1b27e9960e,1b27e9960e,tracking_without_comments,word_based_randomized_0926,corpus,/Users/arthrod/temp/T/neurotic_docx_bench/corpus/word/tracking_without_comments/pdf/9224b22b43_file_1__vs__c9154561dc_file_2_redline_1b27e9960e.pdf,ceddd775c0ef0613636d91c5293797ca68a371b236b8b738f26b311d7b14f746,/Users/arthrod/temp/T/neurotic_docx_bench/results/redlines_0929_full/jubarte-0.11.2/pdf_by_word/9224b22b43_file_1__vs__c9154561dc_file_2_redline_1b27e9960e_jubarte-0.11.2.pdf,ed544733a69b9168ec9b980b125e3ab7eafcf41dd82416841f9f4ec4edde396e
4db02133f5_0007ed60dbbc648e714534360ae72dd054c8322b82ac5609__vs__aa5340125d_00a4b0b91e9b5b072dc3771391c2d608518690eccf44eae8_redline_1b3a0d0494,1b3a0d0494,tracking_without_comments,redlines_a100_b10,corpus,/Users/arthrod/temp/T/neurotic_docx_bench/corpus/word/tracking_without_comments/pdf/4db02133f5_0007ed60dbbc648e714534360ae72dd054c8322b82ac5609__vs__aa5340125d_00a4b0b91e9b5b072dc3771391c2d608518690eccf44eae8_redline_1b3a0d0494.pdf,48d98952d0dd0dd9057050150bcb84d54e9e9212f787b55b29d5ecc57db058c6,/Users/arthrod/temp/T/neurotic_docx_bench/results/redlines_0929_full/jubarte-0.11.2/pdf_by_word/4db02133f5_0007ed60dbbc648e714534360ae72dd054c8322b82ac5609__vs__aa5340125d_00a4b0b91e9b5b072dc3771391c2d608518690eccf44eae8_redline_1b3a0d0494_jubarte-0.11.2.pdf,abb98f7b48df53e6ef869625a9714d2e9930d37e89ddc8e8f8b83f5e77b6271c
d7c6d7eb36_green_underline_bullet_list_id_paraid_overflow__vs__c5763a90ce_header_no_rels_redline_1b7bd516c0,1b7bd516c0,tracking_without_comments,word_based_0926,corpus,/Users/arthrod/temp/T/neurotic_docx_bench/corpus/word/tracking_without_comments/pdf/d7c6d7eb36_green_underline_bullet_list_id_paraid_overflow__vs__c5763a90ce_header_no_rels_redline_1b7bd516c0.pdf,0d66d1807fecf7693b6fa4f24efc10057109329d6e9413f38dc5e8ea5e48f5da,/Users/arthrod/temp/T/neurotic_docx_bench/results/redlines_0929_full/jubarte-0.11.2/pdf_by_word/d7c6d7eb36_green_underline_bullet_list_id_paraid_overflow__vs__c5763a90ce_header_no_rels_redline_1b7bd516c0_jubarte-0.11.2.pdf,d45c4f184b102af9dae8049f1f07b520f73a5e575f3067bc84c31bd180ca9e65
687da097e9_heading_2_center_demo_id_paraid_overflow__vs__3a9525749b_heading_2_style_demo_id_paraid_overflow_redline_1c5fe20c9c,1c5fe20c9c,tracking_without_comments,word_based,corpus,/Users/arthrod/temp/T/neurotic_docx_bench/corpus/word/tracking_without_comments/pdf/687da097e9_heading_2_center_demo_id_paraid_overflow__vs__3a9525749b_heading_2_style_demo_id_paraid_overflow_redline_1c5fe20c9c.pdf,b62b4b7f8aaa7cb89249704ad6dcaac461422261c6cc3ef037cd3f510690b624,/Users/arthrod/temp/T/neurotic_docx_bench/results/redlines_0929_full/jubarte-0.11.2/pdf_by_word/687da097e9_heading_2_center_demo_id_paraid_overflow__vs__3a9525749b_heading_2_style_demo_id_paraid_overflow_redline_1c5fe20c9c_jubarte-0.11.2.pdf,3a40ce5bd229811a2165829989cc88c3159741860252625a4095d3f2a1f687c5
42d59beb40_super_editor__diff_after10_ac257741__vs__a0e6a09304_super_editor__diff_after11_1d5b767f_redline_1c89a9e553,1c89a9e553,with_comments_tracking,word_redlines_superdoc,fresh,/Users/arthrod/temp/T/compare_regen/out/1c89a9e553__vs__1c89a9e553.pdf,477e6592d455be4ce1036d2e2d988694a6c1e02479d57d0b221b5562a42d4e2e,/Users/arthrod/temp/T/neurotic_docx_bench/results/redlines_0929_full/jubarte-0.11.2/pdf_by_word/42d59beb40_super_editor__diff_after10_ac257741__vs__a0e6a09304_super_editor__diff_after11_1d5b767f_redline_1c89a9e553_jubarte-0.11.2.pdf,668141e2fdef6bc7cadfb65adb531967d078e30819f2f352ec70188110271c6c
a5eb266a1f_016236e3bf778292b45976ecd4a34b45d02104f47db7a3ca__vs__2773adf157_0004c94ca2a8684d47449bb0e7abf87de1df71a7e6543252_redline_1da384ebd8,1da384ebd8,tracking_without_comments,redlines_a100_b10,corpus,/Users/arthrod/temp/T/neurotic_docx_bench/corpus/word/tracking_without_comments/pdf/a5eb266a1f_016236e3bf778292b45976ecd4a34b45d02104f47db7a3ca__vs__2773adf157_0004c94ca2a8684d47449bb0e7abf87de1df71a7e6543252_redline_1da384ebd8.pdf,95e68cd8f259ad4af279cc3ce980b1f1af0aca918c9d0ef00b95cc117bf30aab,/Users/arthrod/temp/T/neurotic_docx_bench/results/redlines_0929_full/jubarte-0.11.2/pdf_by_word/a5eb266a1f_016236e3bf778292b45976ecd4a34b45d02104f47db7a3ca__vs__2773adf157_0004c94ca2a8684d47449bb0e7abf87de1df71a7e6543252_redline_1da384ebd8_jubarte-0.11.2.pdf,47c9fce89a4b91d17896b7942809ed82c2fc90540d8014b318285930b0b5c498
5e5fa9b5fb_super_editor__list_def_mix_d7cec092__vs__ad43500302_super_editor__list_numbering_reimport_d788d573_redline_1daf262783,1daf262783,tracking_without_comments,word_redlines_superdoc_0926,corpus,/Users/arthrod/temp/T/neurotic_docx_bench/corpus/word/tracking_without_comments/pdf/5e5fa9b5fb_super_editor__list_def_mix_d7cec092__vs__ad43500302_super_editor__list_numbering_reimport_d788d573_redline_1daf262783.pdf,61f469e748ce153a54c56968e73abba23fb33968054c03afbeb15d5db2256315,/Users/arthrod/temp/T/neurotic_docx_bench/results/redlines_0929_full/jubarte-0.11.2/pdf_by_word/5e5fa9b5fb_super_editor__list_def_mix_d7cec092__vs__ad43500302_super_editor__list_numbering_reimport_d788d573_redline_1d00241b3c_jubarte-0.11.2.pdf,5f035102224b6ef8d34fdd74a28f6a751e867776d5a3abf25a9e38d399b9fc4c
3acaee795f_red_strikethrough_demo_style_default_missing__vs__70fd78a4f8_redline_cicerodo_v_plate_30_redline_1dbbf3be63,1dbbf3be63,with_comments_tracking,word_based_0926,fresh,/Users/arthrod/temp/T/compare_regen/out/1dbbf3be63__vs__1dbbf3be63.pdf,4c58f83610415832340e13c78b7456c592c52236434673fb7dbb238073d55a9b,/Users/arthrod/temp/T/neurotic_docx_bench/results/redlines_0929_full/jubarte-0.11.2/pdf_by_word/3acaee795f_red_strikethrough_demo_style_default_missing__vs__70fd78a4f8_redline_cicerodo_v_plate_30_redline_1dbbf3be63_jubarte-0.11.2.pdf,c8deaebc275cc73ca5fce1ac44e69067996212ce288b5159c7bd99b89da821a3
6a65e5219d_24_id_paraid_overflow__vs__8df6dfa8d7_alternate_content_redline_1e11e7a678,1e11e7a678,tracking_without_comments,word_based_0926,fresh,/Users/arthrod/temp/T/compare_regen/out/1e11e7a678__vs__1e11e7a678.pdf,09783206db2406ed88bb4564cee566dbe57c61053a951c9101cc64f588e552b4,/Users/arthrod/temp/T/neurotic_docx_bench/results/redlines_0929_full/jubarte-0.11.2/pdf_by_word/6a65e5219d_24_id_paraid_overflow__vs__8df6dfa8d7_alternate_content_redline_1e11e7a678_jubarte-0.11.2.pdf,7e930ae0384ee4ec46a8e5d5721b36af010a390f70f6883603d1cd1c479beb60
6fffde4ae2_000bf66110e841e1d2c2e862fc7db869b8d410586ad12d0d__vs__deff0e697a_00b5defcad6e58038eac35472a2d48c89905068e5ece0cc3_redline_1e8d815fcc,1e8d815fcc,tracking_without_comments,redlines_a100_b10,corpus,/Users/arthrod/temp/T/neurotic_docx_bench/corpus/word/tracking_without_comments/pdf/6fffde4ae2_000bf66110e841e1d2c2e862fc7db869b8d410586ad12d0d__vs__deff0e697a_00b5defcad6e58038eac35472a2d48c89905068e5ece0cc3_redline_1e8d815fcc.pdf,87113e2db6e8a74abbca43bb51b79cc7324dc1fce58bf4bd7cb3516956e5c217,/Users/arthrod/temp/T/neurotic_docx_bench/results/redlines_0929_full/jubarte-0.11.2/pdf_by_word/6fffde4ae2_000bf66110e841e1d2c2e862fc7db869b8d410586ad12d0d__vs__deff0e697a_00b5defcad6e58038eac35472a2d48c89905068e5ece0cc3_redline_1e8d815fcc_jubarte-0.11.2.pdf,fcb263d86c3eb5c3f8f39e01f04abe5945b5ba499ed2b42bc1bb8cd90466ff55
08147dee09_file_195__vs__c09b14fcd7_file_196_redline_1edc0f56f4,1edc0f56f4,with_comments_tracking,word_based_randomized,fresh,/Users/arthrod/temp/T/compare_regen/out/1edc0f56f4__vs__1edc0f56f4.pdf,aecf1f74b4e75a4b21726c2102bd200c607d2dc7761beb81c26787d02501955c,/Users/arthrod/temp/T/neurotic_docx_bench/results/redlines_0929_full/jubarte-0.11.2/pdf_by_word/08147dee09_file_195__vs__c09b14fcd7_file_196_redline_1edc0f56f4_jubarte-0.11.2.pdf,bf67c7d9c04ecb3411edbf29c1d435f941719fbe4aae2177d7f2d45f18bdfc6d
a6e4d0e065_file_161__vs__2f6102d8be_file_162_redline_1f4634946b,1f4634946b,tracking_without_comments,word_based_randomized,corpus,/Users/arthrod/temp/T/neurotic_docx_bench/corpus/word/tracking_without_comments/pdf/a6e4d0e065_file_161__vs__2f6102d8be_file_162_redline_1f4634946b.pdf,d2bf131730760bdef88b4ac19b8ab67dc74118dad92aadd9d124fdaa1d8ac1c1,/Users/arthrod/temp/T/neurotic_docx_bench/results/redlines_0929_full/jubarte-0.11.2/pdf_by_word/a6e4d0e065_file_161__vs__2f6102d8be_file_162_redline_1f4634946b_jubarte-0.11.2.pdf,979161e6755a89505372befc39a7e69e505b508493db466b607945eeafdcbff5
b3028f2d5b_super_editor__super_basic_table_86d8d916__vs__7367931dbf_super_editor__sdt_test_60079f08_redline_1ff9bf561d,1ff9bf561d,tracking_without_comments,word_redlines_superdoc_0926,corpus,/Users/arthrod/temp/T/neurotic_docx_bench/corpus/word/tracking_without_comments/pdf/b3028f2d5b_super_editor__super_basic_table_86d8d916__vs__7367931dbf_super_editor__sdt_test_60079f08_redline_1ff9bf561d.pdf,f01f1cdcd1a76518a27d5b569e7b7fee51768bcddeb89eabb896be4b44857278,/Users/arthrod/temp/T/neurotic_docx_bench/results/redlines_0929_full/jubarte-0.11.2/pdf_by_word/b3028f2d5b_super_editor__super_basic_table_86d8d916__vs__7367931dbf_super_editor__sdt_test_60079f08_redline_1ff9bf561d_jubarte-0.11.2.pdf,a4e631ecb9b5a7593ec12cf3dd73554895093bf6f596abe99dfb4aff1c7ead90
725cdbebe3_0013892c946c551d309fcec9bb3f3500fc08bc77121a3849__vs__2773adf157_0004c94ca2a8684d47449bb0e7abf87de1df71a7e6543252_redline_20539234fa,20539234fa,tracking_without_comments,redlines_a100_b10,corpus,/Users/arthrod/temp/T/neurotic_docx_bench/corpus/word/tracking_without_comments/pdf/725cdbebe3_0013892c946c551d309fcec9bb3f3500fc08bc77121a3849__vs__2773adf157_0004c94ca2a8684d47449bb0e7abf87de1df71a7e6543252_redline_20539234fa.pdf,265aa9efd77fe87daa7e1ba6df33db0f75c1736a6d472c32db172ca5a0de2c57,/Users/arthrod/temp/T/neurotic_docx_bench/results/redlines_0929_full/jubarte-0.11.2/pdf_by_word/725cdbebe3_0013892c946c551d309fcec9bb3f3500fc08bc77121a3849__vs__2773adf157_0004c94ca2a8684d47449bb0e7abf87de1df71a7e6543252_redline_20539234fa_jubarte-0.11.2.pdf,784e1c9e95f3fe375f51a6fd3ebd440e71cb10134901a70b5c380a83b2499d2f
b27bda87ed_0023f7c421a05af9c44fb4ff9ef1bce46c53a081779b1e72__vs__aa5340125d_00a4b0b91e9b5b072dc3771391c2d608518690eccf44eae8_redline_205503ead9,205503ead9,tracking_without_comments,redlines_a100_b10,corpus,/Users/arthrod/temp/T/neurotic_docx_bench/corpus/word/tracking_without_comments/pdf/b27bda87ed_0023f7c421a05af9c44fb4ff9ef1bce46c53a081779b1e72__vs__aa5340125d_00a4b0b91e9b5b072dc3771391c2d608518690eccf44eae8_redline_205503ead9.pdf,afe288212c6dc89d3a5971120d6e4fe7e02239fa88c4c2a4a4139154893626a7,/Users/arthrod/temp/T/neurotic_docx_bench/results/redlines_0929_full/jubarte-0.11.2/pdf_by_word/b27bda87ed_0023f7c421a05af9c44fb4ff9ef1bce46c53a081779b1e72__vs__aa5340125d_00a4b0b91e9b5b072dc3771391c2d608518690eccf44eae8_redline_205503ead9_jubarte-0.11.2.pdf,abd8b045d989ed961ea19311491cc368fef0e3341c84abb416b6ae9fed0b56ae
adc9f524d1_comments__vs__5d17fd43a9_complex_style_attr_redline_2061218d44,2061218d44,with_comments_tracking,word_based_0926,fresh,/Users/arthrod/temp/T/compare_regen/out/2061218d44__vs__2061218d44.pdf,1f4ed054ebb46e507769843d0be489434e0f3e21b47d4d413b27a9919ae46ef2,/Users/arthrod/temp/T/neurotic_docx_bench/results/redlines_0929_full/jubarte-0.11.2/pdf_by_word/adc9f524d1_comments__vs__5d17fd43a9_complex_style_attr_redline_2061218d44_jubarte-0.11.2.pdf,6767cb60e1d0fa80556e048a5ad865bcbd4c5d6a937a90b7b558d287b806c0e8
36fbd8c734_sales_report_january_2026_suggesting_insertions__vs__81158d928d_sample_document_afterword_repaired_word_repaired_redline_20eccb4f6a,20eccb4f6a,with_comments_tracking,word_based_0926,fresh,/Users/arthrod/temp/T/compare_regen/out/20eccb4f6a__vs__20eccb4f6a.pdf,f3cc120ddf9f3d76bc14ff41b9cef828b2ffb25d32e808f4b107cc6765ab50c6,/Users/arthrod/temp/T/neurotic_docx_bench/results/redlines_0929_full/jubarte-0.11.2/pdf_by_word/36fbd8c734_sales_report_january_2026_suggesting_insertions__vs__81158d928d_sample_document_afterword_repaired_word_repaired_redline_20eccb4f6a_jubarte-0.11.2.pdf,7055de675ad00f02fedc1936d2d387653aad68ab6a0dc5e44ec78d8def3e9d7b
7166fa4199_document_100_ultimate_demo_id_paraid_overflow__vs__97c3dd2e86_docx_lots_of_comments_addition_redline_addition_redline_2288f27be1,2288f27be1,with_comments_tracking,word_based_0926,fresh,/Users/arthrod/temp/T/compare_regen/out/2288f27be1__vs__2288f27be1.pdf,90a38b5b69d56552889ef96d2671f488ca759b8dc79e05dbfcdd9089a4cb5038,/Users/arthrod/temp/T/neurotic_docx_bench/results/redlines_0929_full/jubarte-0.11.2/pdf_by_word/7166fa4199_document_100_ultimate_demo_id_paraid_overflow__vs__97c3dd2e86_docx_lots_of_comments_addition_redline_addition_redline_2288f27be1_jubarte-0.11.2.pdf,3b65e15ad4303f628083d6793701d97e170cf50be6c1a541015a98ce73d8a74a
178804f5ce_super_editor__invalid_list_def_fallback_d7f55451__vs__9c7f21c23e_super_editor__line_break_627a7159_redline_22b83e022d,22b83e022d,tracking_without_comments,word_redlines_superdoc,corpus,/Users/arthrod/temp/T/neurotic_docx_bench/corpus/word/tracking_without_comments/pdf/178804f5ce_super_editor__invalid_list_def_fallback_d7f55451__vs__9c7f21c23e_super_editor__line_break_627a7159_redline_22b83e022d.pdf,a1e9457fc66bad4e01eb12082f902370234fa36384944004c8b46bf62bad806a,/Users/arthrod/temp/T/neurotic_docx_bench/results/redlines_0929_full/jubarte-0.11.2/pdf_by_word/178804f5ce_super_editor__invalid_list_def_fallback_d7f55451__vs__9c7f21c23e_super_editor__line_break_627a7159_redline_22b83e022d_jubarte-0.11.2.pdf,1e593ee64135720bfc4be8eacacef8bc9d5bc61a64c7e3457a135ebccab349a4
838af02d11_file_173__vs__13ea153d22_file_174_redline_23e03057e6,23e03057e6,with_comments_tracking,word_based_randomized,fresh,/Users/arthrod/temp/T/compare_regen/out/23e03057e6__vs__23e03057e6.pdf,05fdc3d2367f01bb42e5aee84eafe7f5ad778eee22fa2a2d7b05666f1d744680,/Users/arthrod/temp/T/neurotic_docx_bench/results/redlines_0929_full/jubarte-0.11.2/pdf_by_word/838af02d11_file_173__vs__13ea153d22_file_174_redline_23e03057e6_jubarte-0.11.2.pdf,4dbe22af4d1c8247d622eda467c11d53453d495213de23082f123e0a0c6eeadf
52dab5bc1c_super_editor__sdt_node_comment_ec887683__vs__7367931dbf_super_editor__sdt_test_60079f08_redline_23e5ec96c0,23e5ec96c0,with_comments_tracking,word_redlines_superdoc,fresh,/Users/arthrod/temp/T/compare_regen/out/23e5ec96c0__vs__23e5ec96c0.pdf,226aad3f70bb41d265070683ddfec3182ad37e4b1c4d866e3f1e63fa44106c5c,/Users/arthrod/temp/T/neurotic_docx_bench/results/redlines_0929_full/jubarte-0.11.2/pdf_by_word/52dab5bc1c_super_editor__sdt_node_comment_ec887683__vs__7367931dbf_super_editor__sdt_test_60079f08_redline_23e5ec96c0_jubarte-0.11.2.pdf,3576df1a5cd5ecaf054fa62a9761105aaab489c97e93ecf0e763e782c3344c55
96a0ee0e8f_004b3b3dd84014405562584f62d67267b9a7993e21b974e8__vs__342f364d46_001342333d45627868f4dc5282abbba4598a91b4a7584b08_redline_24835ef22b,24835ef22b,tracking_without_comments,redlines_a100_b10,corpus,/Users/arthrod/temp/T/neurotic_docx_bench/corpus/word/tracking_without_comments/pdf/96a0ee0e8f_004b3b3dd84014405562584f62d67267b9a7993e21b974e8__vs__342f364d46_001342333d45627868f4dc5282abbba4598a91b4a7584b08_redline_24835ef22b.pdf,27e7279035d40ec4519a4420de7da2b1ba0e7b7e9badbda9e112d569982bca8c,/Users/arthrod/temp/T/neurotic_docx_bench/results/redlines_0929_full/jubarte-0.11.2/pdf_by_word/96a0ee0e8f_004b3b3dd84014405562584f62d67267b9a7993e21b974e8__vs__342f364d46_001342333d45627868f4dc5282abbba4598a91b4a7584b08_redline_24835ef22b_jubarte-0.11.2.pdf,6ccf3120d07eb8286429e4b8f51ae618a195e99bd49cc7c2d18dc102734309e6
2b267ac531_right_aligned_italic_demo_id_paraid_overflow__vs__133bbfae84_right_alignment_demo_id_paraid_overflow_2_redline_24c220ff48,24c220ff48,tracking_without_comments,word_based_0926,corpus,/Users/arthrod/temp/T/neurotic_docx_bench/corpus/word/tracking_without_comments/pdf/2b267ac531_right_aligned_italic_demo_id_paraid_overflow__vs__133bbfae84_right_alignment_demo_id_paraid_overflow_2_redline_24c220ff48.pdf,a45afc2ca07f1663d993da00cff7a05e57a9c5087adc248f350bc1dd836194d1,/Users/arthrod/temp/T/neurotic_docx_bench/results/redlines_0929_full/jubarte-0.11.2/pdf_by_word/2b267ac531_right_aligned_italic_demo_id_paraid_overflow__vs__133bbfae84_right_alignment_demo_id_paraid_overflow_2_redline_24c220ff48_jubarte-0.11.2.pdf,69219ff6b3181dcf927ab46f0549974adc99960bf25d35a19f72455a61ab1506
008908795c_increase_indent_demo_id_paraid_overflow__vs__5adc853144_insert_link_demo_id_paraid_overflow_redline_2564d80f8c,2564d80f8c,tracking_without_comments,word_based,corpus,/Users/arthrod/temp/T/neurotic_docx_bench/corpus/word/tracking_without_comments/pdf/008908795c_increase_indent_demo_id_paraid_overflow__vs__5adc853144_insert_link_demo_id_paraid_overflow_redline_2564d80f8c.pdf,5ba4753b975ab3d2a6ec842fd3dab995c29cebde00f132d7f2d590b7aa6b0a8a,/Users/arthrod/temp/T/neurotic_docx_bench/results/redlines_0929_full/jubarte-0.11.2/pdf_by_word/008908795c_increase_indent_demo_id_paraid_overflow__vs__5adc853144_insert_link_demo_id_paraid_overflow_redline_2564d80f8c_jubarte-0.11.2.pdf,400565bbc90ed64b696b4ca19de6c387a9ae02a685aaff9db69fd101be4f60af
35ce9aa3cc_00515f13495e5bf0867b319b035d4a83c7904b55056c38f8__vs__aa5340125d_00a4b0b91e9b5b072dc3771391c2d608518690eccf44eae8_redline_25a7bc54c6,25a7bc54c6,tracking_without_comments,redlines_a100_b10,corpus,/Users/arthrod/temp/T/neurotic_docx_bench/corpus/word/tracking_without_comments/pdf/35ce9aa3cc_00515f13495e5bf0867b319b035d4a83c7904b55056c38f8__vs__aa5340125d_00a4b0b91e9b5b072dc3771391c2d608518690eccf44eae8_redline_25a7bc54c6.pdf,79ebf2ec17134fb4f2ae3ca2ff8a7ee95d662382651ddde8e31d38f18a3eddff,/Users/arthrod/temp/T/neurotic_docx_bench/results/redlines_0929_full/jubarte-0.11.2/pdf_by_word/35ce9aa3cc_00515f13495e5bf0867b319b035d4a83c7904b55056c38f8__vs__aa5340125d_00a4b0b91e9b5b072dc3771391c2d608518690eccf44eae8_redline_25a7bc54c6_jubarte-0.11.2.pdf,64380fb456ecc11848e2babd97ac3863c461fc84e03d34a8ff79e1dc075fe9cb
12941c2a77_0023298b011b45232675215822f0f728678a238756d763c8__vs__bd3824dd1e_000ee64ef7226d353297888f59a251e24ce5d776fea000fa_redline_25f48c003d,25f48c003d,tracking_without_comments,redlines_a100_b10,corpus,/Users/arthrod/temp/T/neurotic_docx_bench/corpus/word/tracking_without_comments/pdf/12941c2a77_0023298b011b45232675215822f0f728678a238756d763c8__vs__bd3824dd1e_000ee64ef7226d353297888f59a251e24ce5d776fea000fa_redline_25f48c003d.pdf,ef23bc62fe8dea40e5e68f588538991ec3f5a5261ee8c2720089cd3ab4e9df00,/Users/arthrod/temp/T/neurotic_docx_bench/results/redlines_0929_full/jubarte-0.11.2/pdf_by_word/12941c2a77_0023298b011b45232675215822f0f728678a238756d763c8__vs__bd3824dd1e_000ee64ef7226d353297888f59a251e24ce5d776fea000fa_redline_25f48c003d_jubarte-0.11.2.pdf,01f8a69165ba7deffe36808b2c6e996c18edf3c706c3d906144e661bbad90e5a
54f4bb74cd_109e410552189077d3cc1340a4f0af45587d7f86a0f93dc3__vs__16e531d5a8_17a3cbea2f582b789a9fc35c9ab70b7126430c5acbb822d0_redline_276adf43a6,276adf43a6,tracking_without_comments,redlines_en_500,corpus,/Users/arthrod/temp/T/neurotic_docx_bench/corpus/word/tracking_without_comments/pdf/54f4bb74cd_109e410552189077d3cc1340a4f0af45587d7f86a0f93dc3__vs__16e531d5a8_17a3cbea2f582b789a9fc35c9ab70b7126430c5acbb822d0_redline_276adf43a6.pdf,046359c32baa29d37a7beb3d05644768e7679e9e380d415a515dc9e08768f022,/Users/arthrod/temp/T/neurotic_docx_bench/results/redlines_0929_full/jubarte-0.11.2/pdf_by_word/54f4bb74cd_109e410552189077d3cc1340a4f0af45587d7f86a0f93dc3__vs__16e531d5a8_17a3cbea2f582b789a9fc35c9ab70b7126430c5acbb822d0_redline_276adf43a6_jubarte-0.11.2.pdf,d37f5e95e6e35253cc163a6f4b456b55fe45d2457ab3ec81f19d7e80794a9888
5d185fb0dd_006ab612b3ae2e0b1915746c660d9ea64842d89c434e0a09__vs__333bfe069a_003416d620331122b93b434dad901db5836f60d2cad4b533_redline_282a41181b,282a41181b,tracking_without_comments,redlines_a100_b10,corpus,/Users/arthrod/temp/T/neurotic_docx_bench/corpus/word/tracking_without_comments/pdf/5d185fb0dd_006ab612b3ae2e0b1915746c660d9ea64842d89c434e0a09__vs__333bfe069a_003416d620331122b93b434dad901db5836f60d2cad4b533_redline_282a41181b.pdf,94d3509f9b11692c7299854915e8906d2ac0200e868ce2ba85b5f0e9c6888292,/Users/arthrod/temp/T/neurotic_docx_bench/results/redlines_0929_full/jubarte-0.11.2/pdf_by_word/5d185fb0dd_006ab612b3ae2e0b1915746c660d9ea64842d89c434e0a09__vs__333bfe069a_003416d620331122b93b434dad901db5836f60d2cad4b533_redline_282a41181b_jubarte-0.11.2.pdf,3852df94faa355b8ef8557757bcdf8c0c6ae897f272aed3d42ad4592d903f112
7e4c9416aa_00803e70c3646e42abab322238df606c847686168795a703__vs__deff0e697a_00b5defcad6e58038eac35472a2d48c89905068e5ece0cc3_redline_28bffdda4c,28bffdda4c,tracking_without_comments,redlines_a100_b10,corpus,/Users/arthrod/temp/T/neurotic_docx_bench/corpus/word/tracking_without_comments/pdf/7e4c9416aa_00803e70c3646e42abab322238df606c847686168795a703__vs__deff0e697a_00b5defcad6e58038eac35472a2d48c89905068e5ece0cc3_redline_28bffdda4c.pdf,c47dde90f3d7edf982ee2c50615ecd30fee44f15065404aa2e50cb8676e9903c,/Users/arthrod/temp/T/neurotic_docx_bench/results/redlines_0929_full/jubarte-0.11.2/pdf_by_word/7e4c9416aa_00803e70c3646e42abab322238df606c847686168795a703__vs__deff0e697a_00b5defcad6e58038eac35472a2d48c89905068e5ece0cc3_redline_28bffdda4c_jubarte-0.11.2.pdf,3b44624b85d0c50bbe6375373f150da7c5cbe51fc9fe21f40aaac550568647a0
84f5fb598b_super_editor__diff_before11_1b953eaf__vs__7962b06671_super_editor__bookmark_use_cases_d20f31f6_redline_29d3f492fb,29d3f492fb,with_comments_tracking,word_redlines_superdoc_0926,fresh,/Users/arthrod/temp/T/compare_regen/out/29d3f492fb__vs__29d3f492fb.pdf,bf4768cfaac6b1afcf47fcba6e9042843d6a85090856b1ee568a8ce24da9f835,/Users/arthrod/temp/T/neurotic_docx_bench/results/redlines_0929_full/jubarte-0.11.2/pdf_by_word/84f5fb598b_super_editor__diff_before11_1b953eaf__vs__7962b06671_super_editor__bookmark_use_cases_d20f31f6_redline_29d3f492fb_jubarte-0.11.2.pdf,584ef1e3b2923abc1bb180d513c8a16ace317ea51bbbf27e076a87854709864b
1072677c3a_file_6__vs__1b8ec2a8cd_file_7_redline_29e3872eed,29e3872eed,with_comments_tracking,word_based_randomized_0926,fresh,/Users/arthrod/temp/T/compare_regen/out/29e3872eed__vs__29e3872eed.pdf,f525c8547300bfdf7456d7f915301b79e88f88fbdcb329e139d68748e67c5996,/Users/arthrod/temp/T/neurotic_docx_bench/results/redlines_0929_full/jubarte-0.11.2/pdf_by_word/1072677c3a_file_6__vs__1b8ec2a8cd_file_7_redline_0b033b1c23_jubarte-0.11.2.pdf,1646ac8f0087b5ab82921042df16529e301aa7db936f934e214138c34993c5f0
b27c7b34e9_super_editor__heading_font_46041620__vs__bf50ee8ac4_super_editor__hummingbird_c5e5ac81_redline_29eeca5c14,29eeca5c14,tracking_without_comments,word_redlines_superdoc_0926,corpus,/Users/arthrod/temp/T/neurotic_docx_bench/corpus/word/tracking_without_comments/pdf/b27c7b34e9_super_editor__heading_font_46041620__vs__bf50ee8ac4_super_editor__hummingbird_c5e5ac81_redline_29eeca5c14.pdf,71b55b2a3bd2c78659aae787cbcee7d8da789a93fd5393da235c30b3d7e63930,/Users/arthrod/temp/T/neurotic_docx_bench/results/redlines_0929_full/jubarte-0.11.2/pdf_by_word/b27c7b34e9_super_editor__heading_font_46041620__vs__bf50ee8ac4_super_editor__hummingbird_c5e5ac81_redline_29eeca5c14_jubarte-0.11.2.pdf,ef15856d81b344c374ee341f9707fc96f62c24c408e00bf47ad3b5dc418a01fe
0e6f813e69_00d2ca27359f3d1d5ee2c2904b48a3e4717faf7fdf6413f6__vs__342f364d46_001342333d45627868f4dc5282abbba4598a91b4a7584b08_redline_2a200ba71b,2a200ba71b,tracking_without_comments,redlines_a100_b10,corpus,/Users/arthrod/temp/T/neurotic_docx_bench/corpus/word/tracking_without_comments/pdf/0e6f813e69_00d2ca27359f3d1d5ee2c2904b48a3e4717faf7fdf6413f6__vs__342f364d46_001342333d45627868f4dc5282abbba4598a91b4a7584b08_redline_2a200ba71b.pdf,39c5d1c3cb931c34cfbe56399d817d1b61dbd09bb1b4edf6ce4947f7d64938e3,/Users/arthrod/temp/T/neurotic_docx_bench/results/redlines_0929_full/jubarte-0.11.2/pdf_by_word/0e6f813e69_00d2ca27359f3d1d5ee2c2904b48a3e4717faf7fdf6413f6__vs__342f364d46_001342333d45627868f4dc5282abbba4598a91b4a7584b08_redline_2a200ba71b_jubarte-0.11.2.pdf,ea590dffa9a62fcf317dde704050cf74d43e7a66e47425d1ab4ff4fbe8842c89
970e9bbbcc_behavior__math_all_objects_36ab389c__vs__735c372b41_super_editor__diff_after8_58e5c288_redline_2a64722aad,2a64722aad,with_comments_tracking,word_redlines_superdoc_0926,fresh,/Users/arthrod/temp/T/compare_regen/out/2a64722aad__vs__2a64722aad.pdf,6fcfcfbdbb813cd9f4ee4a931bc78968ca46e66f11bdd765687df88d1838e655,/Users/arthrod/temp/T/neurotic_docx_bench/results/redlines_0929_full/jubarte-0.11.2/pdf_by_word/970e9bbbcc_behavior__math_all_objects_36ab389c__vs__735c372b41_super_editor__diff_after8_58e5c288_redline_2a64722aad_jubarte-0.11.2.pdf,3b2a90d369f1d3e4deabdf8b0535d7b68a90e3859f03d88d15da2ce07fb45081
4db02133f5_0007ed60dbbc648e714534360ae72dd054c8322b82ac5609__vs__a5f2b9318d_002aa60c2ae1187417b4b157c5ec6450324cc056ec551a12_redline_2b6cd27147,2b6cd27147,tracking_without_comments,redlines_a100_b10,corpus,/Users/arthrod/temp/T/neurotic_docx_bench/corpus/word/tracking_without_comments/pdf/4db02133f5_0007ed60dbbc648e714534360ae72dd054c8322b82ac5609__vs__a5f2b9318d_002aa60c2ae1187417b4b157c5ec6450324cc056ec551a12_redline_2b6cd27147.pdf,403ee61fb9880012d1ceeff1d9d8f97d7a44c6802610465bead1b28a4b084209,/Users/arthrod/temp/T/neurotic_docx_bench/results/redlines_0929_full/jubarte-0.11.2/pdf_by_word/4db02133f5_0007ed60dbbc648e714534360ae72dd054c8322b82ac5609__vs__a5f2b9318d_002aa60c2ae1187417b4b157c5ec6450324cc056ec551a12_redline_2b6cd27147_jubarte-0.11.2.pdf,f90ed981dd97a45c36b07ec4895a1093b1a0cb0e60a71ddeb17ad8bc4688ff28
1e212fbfdc_file_122__vs__85692b483f_file_123_redline_2ba84d60d1,2ba84d60d1,with_comments_tracking,word_based_randomized,fresh,/Users/arthrod/temp/T/compare_regen/out/2ba84d60d1__vs__2ba84d60d1.pdf,e660a2bd3abe8b414924fc1fbc1e14f62a6ad2f1b15b475d6498ff66d547d0f8,/Users/arthrod/temp/T/neurotic_docx_bench/results/redlines_0929_full/jubarte-0.11.2/pdf_by_word/1e212fbfdc_file_122__vs__85692b483f_file_123_redline_2ba84d60d1_jubarte-0.11.2.pdf,d85195d29cd9f8a4d4ac0dbdd869aaed8c539a076a6d67023f113b31327d1656
81158d928d_sample_document_afterword_repaired_word_repaired__vs__ba3f04f252_sample_document_really_repaired_word_repaired_redline_2c123533f6,2c123533f6,with_comments_tracking,word_based_0926,fresh,/Users/arthrod/temp/T/compare_regen/out/2c123533f6__vs__2c123533f6.pdf,0ffa26adf99fe8ed76d40032d7579dd9fa79c10eafe1810958bf87914b5d1ab9,/Users/arthrod/temp/T/neurotic_docx_bench/results/redlines_0929_full/jubarte-0.11.2/pdf_by_word/81158d928d_sample_document_afterword_repaired_word_repaired__vs__ba3f04f252_sample_document_really_repaired_word_repaired_redline_2c123533f6_jubarte-0.11.2.pdf,3240c5574a99e331aed7a205339b45ff04b3ea2a263e8df4f3673f19e4a10854
7a0bdaf60f_file_9__vs__5863557aba_file_10_redline_2c3258f626,2c3258f626,tracking_without_comments,nocomments_randomized,corpus,/Users/arthrod/temp/T/neurotic_docx_bench/corpus/word/tracking_without_comments/pdf/7a0bdaf60f_file_9__vs__5863557aba_file_10_redline_2c3258f626.pdf,4665fff4135f0ea32b59db9f2010456610dd3962f8d02a0d155ce46c21bafddc,/Users/arthrod/temp/T/neurotic_docx_bench/results/redlines_0929_full/jubarte-0.11.2/pdf_by_word/7a0bdaf60f_file_9__vs__5863557aba_file_10_redline_2c3258f626_jubarte-0.11.2.pdf,d579782dea27e61d3eb17d179310fca6f72efcac425b758cd02a23750a2b0023
97c3dd2e86_docx_lots_of_comments_addition_redline_addition__vs__9f5481078e_docx_lots_of_comments_addition_redline_redline_2d65e392ab,2d65e392ab,with_comments_tracking,word_based,fresh,/Users/arthrod/temp/T/compare_regen/out/2d65e392ab__vs__2d65e392ab.pdf,7c3b69d03feb564c104de50a64c711ce621bcbc8257a1954d842b21829bfd89f,/Users/arthrod/temp/T/neurotic_docx_bench/results/redlines_0929_full/jubarte-0.11.2/pdf_by_word/97c3dd2e86_docx_lots_of_comments_addition_redline_addition__vs__9f5481078e_docx_lots_of_comments_addition_redline_redline_2d65e392ab_jubarte-0.11.2.pdf,4f3a96c3275a39673ede2b04bfc69b13150435cb147c33ad82f5103fe50a175a
7e4c9416aa_00803e70c3646e42abab322238df606c847686168795a703__vs__aa5340125d_00a4b0b91e9b5b072dc3771391c2d608518690eccf44eae8_redline_2dbe802d9a,2dbe802d9a,tracking_without_comments,redlines_a100_b10,corpus,/Users/arthrod/temp/T/neurotic_docx_bench/corpus/word/tracking_without_comments/pdf/7e4c9416aa_00803e70c3646e42abab322238df606c847686168795a703__vs__aa5340125d_00a4b0b91e9b5b072dc3771391c2d608518690eccf44eae8_redline_2dbe802d9a.pdf,87d74c5762753e03bb239df223cfd82e255d482e759aba2561d0e50f5ef0fd17,/Users/arthrod/temp/T/neurotic_docx_bench/results/redlines_0929_full/jubarte-0.11.2/pdf_by_word/7e4c9416aa_00803e70c3646e42abab322238df606c847686168795a703__vs__aa5340125d_00a4b0b91e9b5b072dc3771391c2d608518690eccf44eae8_redline_2dbe802d9a_jubarte-0.11.2.pdf,77aa0a4aa5ce7de36cad32bb6841c43657ae3724cf46eba60694290b5f2e00b0
7098537b0d_super_editor__base_custom_544164f9__vs__9ef2a93274_super_editor__tab_alignment_test_184edb5d_redline_2dc552be5e,2dc552be5e,tracking_without_comments,word_redlines_superdoc,corpus,/Users/arthrod/temp/T/neurotic_docx_bench/corpus/word/tracking_without_comments/pdf/7098537b0d_super_editor__base_custom_544164f9__vs__9ef2a93274_super_editor__tab_alignment_test_184edb5d_redline_2dc552be5e.pdf,4c5113aefdf0089636e3997857c934de2d07ff9d75e767acea1772feee94b8f1,/Users/arthrod/temp/T/neurotic_docx_bench/results/redlines_0929_full/jubarte-0.11.2/pdf_by_word/7098537b0d_super_editor__base_custom_544164f9__vs__9ef2a93274_super_editor__tab_alignment_test_184edb5d_redline_2dc552be5e_jubarte-0.11.2.pdf,5d736884269a7836804dd85d72ea399c7c67be405a4c6c0fadd89e53d62d0b05
00f467c010_0008753aa70a6a7b929aa1958001da41574c2d407e5b9863__vs__bd3824dd1e_000ee64ef7226d353297888f59a251e24ce5d776fea000fa_redline_2e24b0f4a3,2e24b0f4a3,tracking_without_comments,redlines_a100_b10,corpus,/Users/arthrod/temp/T/neurotic_docx_bench/corpus/word/tracking_without_comments/pdf/00f467c010_0008753aa70a6a7b929aa1958001da41574c2d407e5b9863__vs__bd3824dd1e_000ee64ef7226d353297888f59a251e24ce5d776fea000fa_redline_2e24b0f4a3.pdf,7c254939b0696fb391af6da8912b07a4b76bf97ccd76fae8eb5dd31cd4fd477e,/Users/arthrod/temp/T/neurotic_docx_bench/results/redlines_0929_full/jubarte-0.11.2/pdf_by_word/00f467c010_0008753aa70a6a7b929aa1958001da41574c2d407e5b9863__vs__bd3824dd1e_000ee64ef7226d353297888f59a251e24ce5d776fea000fa_redline_2e24b0f4a3_jubarte-0.11.2.pdf,0e546155317bd1da595bd2c6ead3df41fb2297f800bfbf0cd1f81666ecb588dc
1547c5df73_file_130__vs__df097720f7_file_131_redline_2e3f1e261d,2e3f1e261d,with_comments_tracking,word_based_randomized_0926,fresh,/Users/arthrod/temp/T/compare_regen/out/2e3f1e261d__vs__2e3f1e261d.pdf,d3c88ecaf33931a26a0b0a07d42a453b366968315150d5010d2bfd606ae2d195,/Users/arthrod/temp/T/neurotic_docx_bench/results/redlines_0929_full/jubarte-0.11.2/pdf_by_word/1547c5df73_file_130__vs__df097720f7_file_131_redline_2e3f1e261d_jubarte-0.11.2.pdf,26b33ab8d0c35ff1416c57d96d4392f117a46e28dee137cdfdc2272a7c1b95ae
0203b5fed7_strikethrough_bold_demo_id_paraid_overflow__vs__aa62a37db2_strikethrough_text_demo_id_paraid_overflow_redline_2e50998dbb,2e50998dbb,tracking_without_comments,word_based,corpus,/Users/arthrod/temp/T/neurotic_docx_bench/corpus/word/tracking_without_comments/pdf/0203b5fed7_strikethrough_bold_demo_id_paraid_overflow__vs__aa62a37db2_strikethrough_text_demo_id_paraid_overflow_redline_2e50998dbb.pdf,54eb42e23266d3f5320a524557747124f676ec25cbba78a8a044437b7600cb22,/Users/arthrod/temp/T/neurotic_docx_bench/results/redlines_0929_full/jubarte-0.11.2/pdf_by_word/0203b5fed7_strikethrough_bold_demo_id_paraid_overflow__vs__aa62a37db2_strikethrough_text_demo_id_paraid_overflow_redline_2e50998dbb_jubarte-0.11.2.pdf,ca3ee3c7f4661b67f2e682017d679e8868e75f49bf9da981b9a66ef68ae21ba0
ed6c82cead_word_tolerated_broken_media_rel__vs__8fb278cb36_word_tolerated_duplicate_ppr_redline_2ebbfc18b4,2ebbfc18b4,with_comments_tracking,word_based,fresh,/Users/arthrod/temp/T/compare_regen/out/2ebbfc18b4__vs__2ebbfc18b4.pdf,8418d6e252cc031fd2011648d66d212fd43c3e0a981b2ddbb35412295076abb3,/Users/arthrod/temp/T/neurotic_docx_bench/results/redlines_0929_full/jubarte-0.11.2/pdf_by_word/ed6c82cead_word_tolerated_broken_media_rel__vs__8fb278cb36_word_tolerated_duplicate_ppr_redline_2ebbfc18b4_jubarte-0.11.2.pdf,61de265895eebba253551c02c2c384596caa06e92ab09e1385c3e1d0f9132888
5da4d924a9_file_93__vs__16a20f25a8_file_94_redline_301443d5e9,301443d5e9,tracking_without_comments,nocomments_randomized,corpus,/Users/arthrod/temp/T/neurotic_docx_bench/corpus/word/tracking_without_comments/pdf/5da4d924a9_file_93__vs__16a20f25a8_file_94_redline_301443d5e9.pdf,eabac9057e996f54e9921440676787232ffc8a0adba201304193576d169eba33,/Users/arthrod/temp/T/neurotic_docx_bench/results/redlines_0929_full/jubarte-0.11.2/pdf_by_word/5da4d924a9_file_93__vs__16a20f25a8_file_94_redline_301443d5e9_jubarte-0.11.2.pdf,53119527c00bf6ce78b93c653dc4c9d8dd4dcd00b189f6bac8d47fb8c98e374b
13ea153d22_file_174__vs__66dcec3e49_file_175_redline_301e236134,301e236134,with_comments_tracking,word_based_randomized,fresh,/Users/arthrod/temp/T/compare_regen/out/301e236134__vs__301e236134.pdf,ff541316ffa055b866b59181e3432f6041188bb80c74a05180dcee4c160dcb0d,/Users/arthrod/temp/T/neurotic_docx_bench/results/redlines_0929_full/jubarte-0.11.2/pdf_by_word/13ea153d22_file_174__vs__66dcec3e49_file_175_redline_301e236134_jubarte-0.11.2.pdf,7c95bd2a9527dc3a7ce73c6a55d6e9bbabc3738db47f3a9dda68760624ef8223
ac4b41aa8e_verdana_font_demo_id_paraid_overflow__vs__4f0a3847e3_verdana_italic_centered_demo_id_paraid_overflow_redline_30d1cde0ac,30d1cde0ac,with_comments_tracking,word_based,fresh,/Users/arthrod/temp/T/compare_regen/out/30d1cde0ac__vs__30d1cde0ac.pdf,65e2e9e42cb698d7a1939211c69d0fc61fb274fae1ce3a503dec2eecea0d584d,/Users/arthrod/temp/T/neurotic_docx_bench/results/redlines_0929_full/jubarte-0.11.2/pdf_by_word/ac4b41aa8e_verdana_font_demo_id_paraid_overflow__vs__4f0a3847e3_verdana_italic_centered_demo_id_paraid_overflow_redline_0fc7096b1f_jubarte-0.11.2.pdf,2bd4f63c1a65d8b45fdbdbc33a83e1a2160745b9d620b6c0b4b47084438d993c
3fcadf4761_docx_lots_of_comments_addition_removal_redline__vs__24ad1aa6e5_docx_lots_of_comments_addition_removal_redline_30f20e787b,30f20e787b,with_comments_tracking,word_based_0926,fresh,/Users/arthrod/temp/T/compare_regen/out/30f20e787b__vs__30f20e787b.pdf,4438bb7a2f656495871bc98e1f04780f1df910391ccd6e348b4dd1b869490771,/Users/arthrod/temp/T/neurotic_docx_bench/results/redlines_0929_full/jubarte-0.11.2/pdf_by_word/3fcadf4761_docx_lots_of_comments_addition_removal_redline__vs__24ad1aa6e5_docx_lots_of_comments_addition_removal_redline_30f20e787b_jubarte-0.11.2.pdf,1d7af5073ffb87b2819782cbeb8cd70d47f571b4a9ce4238da2dbcb033c34db8
18b8dd8ea3_behavior__sd_2672_plain_3x3_87943d5d__vs__667af231c2_behavior__sd_2672_rtl_table_63bd9d10_redline_30fed087bf,30fed087bf,tracking_without_comments,word_redlines_superdoc_0926,corpus,/Users/arthrod/temp/T/neurotic_docx_bench/corpus/word/tracking_without_comments/pdf/18b8dd8ea3_behavior__sd_2672_plain_3x3_87943d5d__vs__667af231c2_behavior__sd_2672_rtl_table_63bd9d10_redline_30fed087bf.pdf,1b766d61d08e6470265a8665a2bdbc305cc0490470a5ac16d40d7c3e3f18b13b,/Users/arthrod/temp/T/neurotic_docx_bench/results/redlines_0929_full/jubarte-0.11.2/pdf_by_word/18b8dd8ea3_behavior__sd_2672_plain_3x3_87943d5d__vs__667af231c2_behavior__sd_2672_rtl_table_63bd9d10_redline_30fed087bf_jubarte-0.11.2.pdf,3c6ae9d08570bc06d70dc4ba3fecb58d4f3f587f87f4f927c6c627cab7571789
4f0a3847e3_verdana_italic_centered_demo_id_paraid_overflow__vs__60697d46b7_strict01_redline_319920d9a6,319920d9a6,with_comments_tracking,word_based,fresh,/Users/arthrod/temp/T/compare_regen/out/319920d9a6__vs__319920d9a6.pdf,8ec0df155ebb5e344c4692bbb95219c58b08e5577cadc2c83fc8ee380c7590bb,/Users/arthrod/temp/T/neurotic_docx_bench/results/redlines_0929_full/jubarte-0.11.2/pdf_by_word/4f0a3847e3_verdana_italic_centered_demo_id_paraid_overflow__vs__60697d46b7_strict01_redline_0dfc906eb1_jubarte-0.11.2.pdf,910c98e08513bf7e6954689db0b46ac91721d01c5f74ed5243c2a678eabed2b4
82794f31ff_evals__basic_list_b4d9bb45__vs__eb714d5f76_evals__blank_bc294b57_redline_31b13fd92e,31b13fd92e,tracking_without_comments,word_redlines_superdoc,corpus,/Users/arthrod/temp/T/neurotic_docx_bench/corpus/word/tracking_without_comments/pdf/82794f31ff_evals__basic_list_b4d9bb45__vs__eb714d5f76_evals__blank_bc294b57_redline_31b13fd92e.pdf,44f392e2d4727577a67e79bc881a366364bf35740ef1e21f1cf739b8db63e1b1,/Users/arthrod/temp/T/neurotic_docx_bench/results/redlines_0929_full/jubarte-0.11.2/pdf_by_word/82794f31ff_evals__basic_list_b4d9bb45__vs__eb714d5f76_evals__blank_bc294b57_redline_31b13fd92e_jubarte-0.11.2.pdf,0b5d6c09b41b0f11869fa412fb85c6f6b51bacf28734edb4ac073aadb46b84c7
8eef85ebbd_employee_directory_table__vs__e51fcdfdbe_employee_review_john_smith_suggesting_insertions_redline_32e4d51014,32e4d51014,tracking_without_comments,nocomments,corpus,/Users/arthrod/temp/T/neurotic_docx_bench/corpus/word/tracking_without_comments/pdf/8eef85ebbd_employee_directory_table__vs__e51fcdfdbe_employee_review_john_smith_suggesting_insertions_redline_32e4d51014.pdf,a40b7cce4532e92e722768e591fe90bacde6e475141d991b217512f2825fcebc,/Users/arthrod/temp/T/neurotic_docx_bench/results/redlines_0929_full/jubarte-0.11.2/pdf_by_word/8eef85ebbd_employee_directory_table__vs__e51fcdfdbe_employee_review_john_smith_suggesting_insertions_redline_28c6e74c0f_jubarte-0.11.2.pdf,9aef56a299a391aaf11b17746fd9a5897a74dd4194f52f4421dd44a9f7a8ef20
f782ae23ec_super_editor__wordoriginatedcomments_c146be65__vs__3539cf2404_cli_legacy__replace_test_0a793f01_redline_3303e707c8,3303e707c8,with_comments_tracking,word_redlines_superdoc_0926,fresh,/Users/arthrod/temp/T/compare_regen/out/3303e707c8__vs__3303e707c8.pdf,210e209333355f591517e1026aa1cd56bbefbd7e40cb6c7b20779b9c37965377,/Users/arthrod/temp/T/neurotic_docx_bench/results/redlines_0929_full/jubarte-0.11.2/pdf_by_word/f782ae23ec_super_editor__wordoriginatedcomments_c146be65__vs__3539cf2404_cli_legacy__replace_test_0a793f01_redline_3303e707c8_jubarte-0.11.2.pdf,1241c7a4807dd8fbb73fb699f8d17a2904d775db5ce0dd532f9facb5d25ce8ba
37ce636fd7_tiff_image__vs__d48eb7902f_times_new_roman_bold_id_paraid_overflow_redline_3343d6352b,3343d6352b,tracking_without_comments,nocomments,corpus,/Users/arthrod/temp/T/neurotic_docx_bench/corpus/word/tracking_without_comments/pdf/37ce636fd7_tiff_image__vs__d48eb7902f_times_new_roman_bold_id_paraid_overflow_redline_3343d6352b.pdf,215f5261b5c9f2db9a1756c9c497d95ccc4e6cc87e08b6b1b8584ad8ea5a1dc8,/Users/arthrod/temp/T/neurotic_docx_bench/results/redlines_0929_full/jubarte-0.11.2/pdf_by_word/37ce636fd7_tiff_image__vs__d48eb7902f_times_new_roman_bold_id_paraid_overflow_redline_3343d6352b_jubarte-0.11.2.pdf,cad9dca8a9164f45fb90f5047da8d36a56ee84a4d42fa244e7da70419f2a89ce
d09a2f8509_00b5aa69a6c33b2725953348488d62605dc209411d01f80a__vs__2773adf157_0004c94ca2a8684d47449bb0e7abf87de1df71a7e6543252_redline_3350b94022,3350b94022,tracking_without_comments,redlines_a100_b10,corpus,/Users/arthrod/temp/T/neurotic_docx_bench/corpus/word/tracking_without_comments/pdf/d09a2f8509_00b5aa69a6c33b2725953348488d62605dc209411d01f80a__vs__2773adf157_0004c94ca2a8684d47449bb0e7abf87de1df71a7e6543252_redline_3350b94022.pdf,230a19d1563fde9aef9722c4a1acd0486bb909f46484f2e4e17424ed58feae46,/Users/arthrod/temp/T/neurotic_docx_bench/results/redlines_0929_full/jubarte-0.11.2/pdf_by_word/d09a2f8509_00b5aa69a6c33b2725953348488d62605dc209411d01f80a__vs__2773adf157_0004c94ca2a8684d47449bb0e7abf87de1df71a7e6543252_redline_3350b94022_jubarte-0.11.2.pdf,20d45886c78bf8c885653d350b3dd1823373a088053d0013e28cafb8df7dfa6e
725cdbebe3_0013892c946c551d309fcec9bb3f3500fc08bc77121a3849__vs__1424386e9b_017447de83753a0e3b7afc659df038ef56972925336c6a5b_redline_33b9490363,33b9490363,tracking_without_comments,redlines_a100_b10,corpus,/Users/arthrod/temp/T/neurotic_docx_bench/corpus/word/tracking_without_comments/pdf/725cdbebe3_0013892c946c551d309fcec9bb3f3500fc08bc77121a3849__vs__1424386e9b_017447de83753a0e3b7afc659df038ef56972925336c6a5b_redline_33b9490363.pdf,e254354a32e1b1515f85f876fa501301263608f27e8e541f4d927e03210ac93d,/Users/arthrod/temp/T/neurotic_docx_bench/results/redlines_0929_full/jubarte-0.11.2/pdf_by_word/725cdbebe3_0013892c946c551d309fcec9bb3f3500fc08bc77121a3849__vs__1424386e9b_017447de83753a0e3b7afc659df038ef56972925336c6a5b_redline_33b9490363_jubarte-0.11.2.pdf,8f06779c1617d211157ca4a298c364c2f7b742f8e2d42273ea72a5dc98be8890
899ef4306e_0017891576e438292c35db3155e97d16ec0d68144e21bfc3__vs__aa5340125d_00a4b0b91e9b5b072dc3771391c2d608518690eccf44eae8_redline_33d486ead6,33d486ead6,tracking_without_comments,redlines_a100_b10,corpus,/Users/arthrod/temp/T/neurotic_docx_bench/corpus/word/tracking_without_comments/pdf/899ef4306e_0017891576e438292c35db3155e97d16ec0d68144e21bfc3__vs__aa5340125d_00a4b0b91e9b5b072dc3771391c2d608518690eccf44eae8_redline_33d486ead6.pdf,8395365d44f2655617cce9a346ac7aaef762c3f68650a564ab0f28df7e5c3d1e,/Users/arthrod/temp/T/neurotic_docx_bench/results/redlines_0929_full/jubarte-0.11.2/pdf_by_word/899ef4306e_0017891576e438292c35db3155e97d16ec0d68144e21bfc3__vs__aa5340125d_00a4b0b91e9b5b072dc3771391c2d608518690eccf44eae8_redline_33d486ead6_jubarte-0.11.2.pdf,82928cc2a74745b6105db9a197e082f748de2b8abe98623b0aed77349c52af08
33e7d339be_font_color_demo_style_default_missing__vs__b4b7c76ecd_font_family_demo_id_paraid_overflow_redline_340dd11242,340dd11242,tracking_without_comments,word_based_0926,corpus,/Users/arthrod/temp/T/neurotic_docx_bench/corpus/word/tracking_without_comments/pdf/33e7d339be_font_color_demo_style_default_missing__vs__b4b7c76ecd_font_family_demo_id_paraid_overflow_redline_340dd11242.pdf,0843c34a352f3d857a1a735490a6261170544c068bd06fd17524bd69ba53b523,/Users/arthrod/temp/T/neurotic_docx_bench/results/redlines_0929_full/jubarte-0.11.2/pdf_by_word/33e7d339be_font_color_demo_style_default_missing__vs__b4b7c76ecd_font_family_demo_id_paraid_overflow_redline_340dd11242_jubarte-0.11.2.pdf,8ea5694d1d4768de05803709bb46f73c54adaa33fcb40609dfd71db5866b070e
316da9cc94_subscript_demo_id_paraid_overflow__vs__b39182a410_subscript_demo_style_default_missing_redline_349073146a,349073146a,tracking_without_comments,word_based,corpus,/Users/arthrod/temp/T/neurotic_docx_bench/corpus/word/tracking_without_comments/pdf/316da9cc94_subscript_demo_id_paraid_overflow__vs__b39182a410_subscript_demo_style_default_missing_redline_349073146a.pdf,f96165f79502083feb827a66d543e108c641ac3c2a07a1c0683c440aba0f52c9,/Users/arthrod/temp/T/neurotic_docx_bench/results/redlines_0929_full/jubarte-0.11.2/pdf_by_word/316da9cc94_subscript_demo_id_paraid_overflow__vs__b39182a410_subscript_demo_style_default_missing_redline_349073146a_jubarte-0.11.2.pdf,f0e8861f4f7b10b57b36a7b903f0d14baf561472f4fd83a4f3c4f60aebd6aaf2
5c207ef361_super_editor__font_formatting_runs_8be3565a__vs__bb9c5a8bd5_doc_api_stories__table_style_options_roundtrip_1_redline_350de6087f,350de6087f,with_comments_tracking,word_redlines_superdoc_0926,fresh,/Users/arthrod/temp/T/compare_regen/out/350de6087f__vs__350de6087f.pdf,b5933fde2e70e04748d641efc27d5e670b42cfcee89f773d410af9401bc080f1,/Users/arthrod/temp/T/neurotic_docx_bench/results/redlines_0929_full/jubarte-0.11.2/pdf_by_word/5c207ef361_super_editor__font_formatting_runs_8be3565a__vs__bb9c5a8bd5_doc_api_stories__table_style_options_roundtrip_1_redline_34e52d37ea_jubarte-0.11.2.pdf,125f8ec3461cf90b9b0306451022dc43ab9b3a876de13bb20dd815e0cc375fc9
8ee210e927_super_editor__missing_separator_41c823b9__vs__75aeff4f58_super_editor__diff_after9_a9d4b4b0_redline_3528434041,3528434041,tracking_without_comments,word_redlines_superdoc_0926,corpus,/Users/arthrod/temp/T/neurotic_docx_bench/corpus/word/tracking_without_comments/pdf/8ee210e927_super_editor__missing_separator_41c823b9__vs__75aeff4f58_super_editor__diff_after9_a9d4b4b0_redline_3528434041.pdf,119d2c1313e9db3f7610b71ad291b9986c1aabd1c75d653c05cc93e490a56405,/Users/arthrod/temp/T/neurotic_docx_bench/results/redlines_0929_full/jubarte-0.11.2/pdf_by_word/8ee210e927_super_editor__missing_separator_41c823b9__vs__75aeff4f58_super_editor__diff_after9_a9d4b4b0_redline_3528434041_jubarte-0.11.2.pdf,76f7df4668418b41544da910ce66d7cd1d59365d9db8156c273b266fd496784c
3e43d24c46_clear_formatting_demo_id_paraid_overflow__vs__0cf73436ac_contract_review_suggesting_insertions_redline_35a8be94f9,35a8be94f9,tracking_without_comments,word_based,corpus,/Users/arthrod/temp/T/neurotic_docx_bench/corpus/word/tracking_without_comments/pdf/3e43d24c46_clear_formatting_demo_id_paraid_overflow__vs__0cf73436ac_contract_review_suggesting_insertions_redline_35a8be94f9.pdf,da82f6276c475ffdea16cb6261d5c5d199a4e057b588ff800bf87e4495238186,/Users/arthrod/temp/T/neurotic_docx_bench/results/redlines_0929_full/jubarte-0.11.2/pdf_by_word/3e43d24c46_clear_formatting_demo_id_paraid_overflow__vs__0cf73436ac_contract_review_suggesting_insertions_redline_10e0bef64b_jubarte-0.11.2.pdf,8e6531efa99424d8bbca5e8568ba9895b30061f8e261959bafbdcf7089cd2e16
628ec1cb76_00a9d81709806bc220522f9b062f226e19ba256e436493b1__vs__5203829c7a_001cc92b88566d5f930fe57f25813c0bf52a7bdc72c217d0_redline_35e6aad724,35e6aad724,tracking_without_comments,redlines_a100_b10,corpus,/Users/arthrod/temp/T/neurotic_docx_bench/corpus/word/tracking_without_comments/pdf/628ec1cb76_00a9d81709806bc220522f9b062f226e19ba256e436493b1__vs__5203829c7a_001cc92b88566d5f930fe57f25813c0bf52a7bdc72c217d0_redline_35e6aad724.pdf,aa5ba1ea67c5089360b9f187ec5557e198893f4cfde118dd748de8d756714b85,/Users/arthrod/temp/T/neurotic_docx_bench/results/redlines_0929_full/jubarte-0.11.2/pdf_by_word/628ec1cb76_00a9d81709806bc220522f9b062f226e19ba256e436493b1__vs__5203829c7a_001cc92b88566d5f930fe57f25813c0bf52a7bdc72c217d0_redline_35e6aad724_jubarte-0.11.2.pdf,12476884bd5cdf508a4a3c508516ee627555c774c520827de000ae681fe7013d
af540c50e4_00edeec4b73ab68a9a4e2b0281464f067656d89fc9969ab4__vs__bd3824dd1e_000ee64ef7226d353297888f59a251e24ce5d776fea000fa_redline_367a73a255,367a73a255,tracking_without_comments,redlines_a100_b10,corpus,/Users/arthrod/temp/T/neurotic_docx_bench/corpus/word/tracking_without_comments/pdf/af540c50e4_00edeec4b73ab68a9a4e2b0281464f067656d89fc9969ab4__vs__bd3824dd1e_000ee64ef7226d353297888f59a251e24ce5d776fea000fa_redline_367a73a255.pdf,18d319fee1a06a52837d6c6ad5ba89ad4d4bcaaa823f55d523654a35ac254649,/Users/arthrod/temp/T/neurotic_docx_bench/results/redlines_0929_full/jubarte-0.11.2/pdf_by_word/af540c50e4_00edeec4b73ab68a9a4e2b0281464f067656d89fc9969ab4__vs__bd3824dd1e_000ee64ef7226d353297888f59a251e24ce5d776fea000fa_redline_367a73a255_jubarte-0.11.2.pdf,ac6a03fbbade69b23083d04937846b5cb045b99ab4654aaf2387c720a89d6bb4
d48e02b548_super_editor__google_docs_originated_comments__vs__d0281643d2_super_editor__hello_docx_world_12f11074_redline_37c978d405,37c978d405,with_comments_tracking,word_redlines_superdoc,fresh,/Users/arthrod/temp/T/compare_regen/out/37c978d405__vs__37c978d405.pdf,a773fc8eb7056ad96403ea86f1aaf2cdc3ea31ac9cc7c1ebbdbd06068ae23b7d,/Users/arthrod/temp/T/neurotic_docx_bench/results/redlines_0929_full/jubarte-0.11.2/pdf_by_word/d48e02b548_super_editor__google_docs_originated_comments__vs__d0281643d2_super_editor__hello_docx_world_12f11074_redline_37c978d405_jubarte-0.11.2.pdf,012cdd35f4c27396daab799a9cd6e3532fae068e53364a45af1ebbe3a951504f
2b328caeee_0ddd11a4c4cfd99b77de17348a8ddc30ae5e5c80a101c84e__vs__882e251894_c41a01217b430717fbacf9cd114aed87b99db718803e1801_redline_3866f441cc,3866f441cc,with_comments_tracking,redlines_en_500,fresh,/Users/arthrod/temp/T/compare_regen/out/3866f441cc__vs__3866f441cc.pdf,ad02a8f92ee90588e0b8965fa246e64e6268e096903ac2b596cf8e744a60db33,/Users/arthrod/temp/T/neurotic_docx_bench/results/redlines_0929_full/jubarte-0.11.2/pdf_by_word/2b328caeee_0ddd11a4c4cfd99b77de17348a8ddc30ae5e5c80a101c84e__vs__882e251894_c41a01217b430717fbacf9cd114aed87b99db718803e1801_redline_3866f441cc_jubarte-0.11.2.pdf,b79948ae29eb7488d39ca547af5a7b6d3710c7c47c123ea162723b70a35dd6ea
7b076416b0_sectpr_headerref__vs__4ba01802a7_super_editor__diff_after_10f1912e_redline_3a7c6c04a0,3a7c6c04a0,tracking_without_comments,word_redlines_superdoc,corpus,/Users/arthrod/temp/T/neurotic_docx_bench/corpus/word/tracking_without_comments/pdf/7b076416b0_sectpr_headerref__vs__4ba01802a7_super_editor__diff_after_10f1912e_redline_3a7c6c04a0.pdf,5d78c4f962a5e3c25d301f3cd498ca29a2d07404236900ed2c45da1a90e23204,/Users/arthrod/temp/T/neurotic_docx_bench/results/redlines_0929_full/jubarte-0.11.2/pdf_by_word/7b076416b0_sectpr_headerref__vs__4ba01802a7_super_editor__diff_after_10f1912e_redline_3a7c6c04a0_jubarte-0.11.2.pdf,6482934a2fbca2ae2224c211c5c3583aa2228394f115510abef876f8583e2f66
23cdfeee74_0022d9b76a33e7bdcda8d38ec3c898364c578897fb55d462__vs__5203829c7a_001cc92b88566d5f930fe57f25813c0bf52a7bdc72c217d0_redline_3a979dc632,3a979dc632,tracking_without_comments,redlines_a100_b10,corpus,/Users/arthrod/temp/T/neurotic_docx_bench/corpus/word/tracking_without_comments/pdf/23cdfeee74_0022d9b76a33e7bdcda8d38ec3c898364c578897fb55d462__vs__5203829c7a_001cc92b88566d5f930fe57f25813c0bf52a7bdc72c217d0_redline_3a979dc632.pdf,fce05b987bce665dc3122bda8595563b34690345c280aad5407f1bcd2f8f9170,/Users/arthrod/temp/T/neurotic_docx_bench/results/redlines_0929_full/jubarte-0.11.2/pdf_by_word/23cdfeee74_0022d9b76a33e7bdcda8d38ec3c898364c578897fb55d462__vs__5203829c7a_001cc92b88566d5f930fe57f25813c0bf52a7bdc72c217d0_redline_3a979dc632_jubarte-0.11.2.pdf,9ccf729f7f27ac4d4e0685e9d04fa4d2ac279e930851ea971474b90edd476d7e
bb35ae41ba_evals__comments_doc_79800b37__vs__3ad13eed3d_evals__document_9bff7e1b_redline_3b0aa9cb14,3b0aa9cb14,with_comments_tracking,word_redlines_superdoc_0926,fresh,/Users/arthrod/temp/T/compare_regen/out/3b0aa9cb14__vs__3b0aa9cb14.pdf,55bd31d5b1b83ab5766bd263f9c825935036195cb4353a511412acc61853dfd6,/Users/arthrod/temp/T/neurotic_docx_bench/results/redlines_0929_full/jubarte-0.11.2/pdf_by_word/bb35ae41ba_evals__comments_doc_79800b37__vs__3ad13eed3d_evals__document_9bff7e1b_redline_3b0aa9cb14_jubarte-0.11.2.pdf,b985bf920fc7171ee2a31070ddc87fa0d7eb76d40b79e635d0cf58627cae52a1
491a257507_blue_bold_centered_demo_id_paraid_overflow__vs__da68abdf72_blue_centered_title_demo_style_default_missing_redline_3b9982e41f,3b9982e41f,tracking_without_comments,fixtures_word_compares;pdf_fill_0928,fresh,/Users/arthrod/temp/T/compare_regen/out/3b9982e41f__vs__3b9982e41f.pdf,0d97d7f1c04b014f3f7266dfb71870b0e7d17b7e02341f59ec7428e342ee3e40,/Users/arthrod/temp/T/neurotic_docx_bench/results/redlines_0929_full/jubarte-0.11.2/pdf_by_word/491a257507_blue_bold_centered_demo_id_paraid_overflow__vs__da68abdf72_blue_centered_title_demo_style_default_missing_redline_0064a5a309_jubarte-0.11.2.pdf,799daf80e7fb64e0ee0dc6207607196e1c14c6250b817482428279f9a3f07ae3
4c4f8515c5_title_style_centered_demo_id_paraid_overflow__vs__f8f9857e80_title_style_demo_id_paraid_overflow_redline_3bb3312335,3bb3312335,tracking_without_comments,fixtures_word_compares;pdf_fill_0928,fresh,/Users/arthrod/temp/T/compare_regen/out/3bb3312335__vs__3bb3312335.pdf,b8d8289460446b62f3cefe8ce3e95267697fef01e2b5847383bad44b158294d0,/Users/arthrod/temp/T/neurotic_docx_bench/results/redlines_0929_full/jubarte-0.11.2/pdf_by_word/4c4f8515c5_title_style_centered_demo_id_paraid_overflow__vs__f8f9857e80_title_style_demo_id_paraid_overflow_redline_3bb3312335_jubarte-0.11.2.pdf,d183641f2e180dcb1bf246df9151b9ef9c7166a5e195ca5d8c9090bcffd34db8
476ab12079_e5c04599c47237de235c238feb7a4e6e006cc7ff15ecc70a__vs__01d8d30dcd_64a215ef9dd6ba45700f8bae07a22142ee74112b569d3e88_redline_3bc1b275af,3bc1b275af,tracking_without_comments,redlines_en_500,corpus,/Users/arthrod/temp/T/neurotic_docx_bench/corpus/word/tracking_without_comments/pdf/476ab12079_e5c04599c47237de235c238feb7a4e6e006cc7ff15ecc70a__vs__01d8d30dcd_64a215ef9dd6ba45700f8bae07a22142ee74112b569d3e88_redline_3bc1b275af.pdf,4c190807215a2ac5f4e33a06d93d9960d65a03c5398c0dab92b30c5363c264a2,/Users/arthrod/temp/T/neurotic_docx_bench/results/redlines_0929_full/jubarte-0.11.2/pdf_by_word/476ab12079_e5c04599c47237de235c238feb7a4e6e006cc7ff15ecc70a__vs__01d8d30dcd_64a215ef9dd6ba45700f8bae07a22142ee74112b569d3e88_redline_3bc1b275af_jubarte-0.11.2.pdf,67610ad2558caeb61fd2bfec3364db89ca9fde68b817688d5886d8bdfa711901
04dafefc52_00048cb6667d721bdb2219ecbadb6eb369e439c130ac475e__vs__333bfe069a_003416d620331122b93b434dad901db5836f60d2cad4b533_redline_3be4fcdaf1,3be4fcdaf1,tracking_without_comments,redlines_a100_b10,corpus,/Users/arthrod/temp/T/neurotic_docx_bench/corpus/word/tracking_without_comments/pdf/04dafefc52_00048cb6667d721bdb2219ecbadb6eb369e439c130ac475e__vs__333bfe069a_003416d620331122b93b434dad901db5836f60d2cad4b533_redline_3be4fcdaf1.pdf,b1fa01ec87760ecef496b2bb6f8b2e0c0cd244ac68a27eb0bbe00a1d03220ea9,/Users/arthrod/temp/T/neurotic_docx_bench/results/redlines_0929_full/jubarte-0.11.2/pdf_by_word/04dafefc52_00048cb6667d721bdb2219ecbadb6eb369e439c130ac475e__vs__333bfe069a_003416d620331122b93b434dad901db5836f60d2cad4b533_redline_3be4fcdaf1_jubarte-0.11.2.pdf,5f7bb45e8f01964a7ccead7be037897b5b163d2c51dd9c2a88e8517f4af302e9
9322444a3f_behavior__sd_2888_hyperlink_with_ampersand_aaaac__vs__c4ee483519_tiff_image_redline_3c8e1237e2,3c8e1237e2,tracking_without_comments,word_redlines_superdoc,corpus,/Users/arthrod/temp/T/neurotic_docx_bench/corpus/word/tracking_without_comments/pdf/9322444a3f_behavior__sd_2888_hyperlink_with_ampersand_aaaac__vs__c4ee483519_tiff_image_redline_3c8e1237e2.pdf,73e54cc592dab8adf5c8ce3139f2f713a3fee316857e66c05b5bf21e3d1c7038,/Users/arthrod/temp/T/neurotic_docx_bench/results/redlines_0929_full/jubarte-0.11.2/pdf_by_word/9322444a3f_behavior__sd_2888_hyperlink_with_ampersand_aaaac__vs__c4ee483519_tiff_image_redline_3c8e1237e2_jubarte-0.11.2.pdf,3dc14ff64c2a54d550152e281c7f22c4999f650b4bc0b07c7b227f994a79d181
3cf3093270_super_editor__diff_after7_b998213e__vs__735c372b41_super_editor__diff_after8_58e5c288_redline_3cddbcb812,3cddbcb812,with_comments_tracking,word_redlines_superdoc,fresh,/Users/arthrod/temp/T/compare_regen/out/3cddbcb812__vs__3cddbcb812.pdf,ba2cf150591f1bf2765058987eeb69d58aae3d69b43c45afe2c9a4662b9c5c31,/Users/arthrod/temp/T/neurotic_docx_bench/results/redlines_0929_full/jubarte-0.11.2/pdf_by_word/3cf3093270_super_editor__diff_after7_b998213e__vs__735c372b41_super_editor__diff_after8_58e5c288_redline_3cddbcb812_jubarte-0.11.2.pdf,69b72398172f65ac40033b79e195f6411f9ba399ebbaa0602295a6f707227842
0f5a806b4c_file_141__vs__dccd972179_file_142_redline_3d22ad3c37,3d22ad3c37,with_comments_tracking,word_based_randomized,fresh,/Users/arthrod/temp/T/compare_regen/out/3d22ad3c37__vs__3d22ad3c37.pdf,55125e92683369a10ff099871743c2c67fcd91f2ca1469c1a13202068718aa5e,/Users/arthrod/temp/T/neurotic_docx_bench/results/redlines_0929_full/jubarte-0.11.2/pdf_by_word/0f5a806b4c_file_141__vs__dccd972179_file_142_redline_3d22ad3c37_jubarte-0.11.2.pdf,610ea6e358b8eb6b3a749101cec48ead422460be2d59a637745daef52f2bff55
b6dd0b6ae8_015a4f5a16a110026418c0a7f5eefa69ce6d5f9bcfc2d955__vs__a5f2b9318d_002aa60c2ae1187417b4b157c5ec6450324cc056ec551a12_redline_3d2c176562,3d2c176562,tracking_without_comments,redlines_a100_b10,corpus,/Users/arthrod/temp/T/neurotic_docx_bench/corpus/word/tracking_without_comments/pdf/b6dd0b6ae8_015a4f5a16a110026418c0a7f5eefa69ce6d5f9bcfc2d955__vs__a5f2b9318d_002aa60c2ae1187417b4b157c5ec6450324cc056ec551a12_redline_3d2c176562.pdf,7e4f70d4537c07cf7a811f9d1cdc88bff591c64dd22f0f7f46ae1ca8901254cf,/Users/arthrod/temp/T/neurotic_docx_bench/results/redlines_0929_full/jubarte-0.11.2/pdf_by_word/b6dd0b6ae8_015a4f5a16a110026418c0a7f5eefa69ce6d5f9bcfc2d955__vs__a5f2b9318d_002aa60c2ae1187417b4b157c5ec6450324cc056ec551a12_redline_3d2c176562_jubarte-0.11.2.pdf,e631b1f9e9f181edb2bcbbc663800bfa99a9891365fb52bbfe0d8e0154f92daa
762b93bdb0_0107d2107b381c077b42490f7ff21e861a60c27ba32886ca__vs__a5f2b9318d_002aa60c2ae1187417b4b157c5ec6450324cc056ec551a12_redline_3d8ad121ed,3d8ad121ed,tracking_without_comments,redlines_a100_b10,corpus,/Users/arthrod/temp/T/neurotic_docx_bench/corpus/word/tracking_without_comments/pdf/762b93bdb0_0107d2107b381c077b42490f7ff21e861a60c27ba32886ca__vs__a5f2b9318d_002aa60c2ae1187417b4b157c5ec6450324cc056ec551a12_redline_3d8ad121ed.pdf,0f10344586f994dc2dedc791ec12fdea18cf11a3846caf8d850ae383f1905adb,/Users/arthrod/temp/T/neurotic_docx_bench/results/redlines_0929_full/jubarte-0.11.2/pdf_by_word/762b93bdb0_0107d2107b381c077b42490f7ff21e861a60c27ba32886ca__vs__a5f2b9318d_002aa60c2ae1187417b4b157c5ec6450324cc056ec551a12_redline_3d8ad121ed_jubarte-0.11.2.pdf,ef5b6e80560ee7d1eac5b7fc54ce626ba5e94bdc5b5939e2684cbcb90bafd19e
4304570867_file_69__vs__af2bb3fa96_file_70_redline_3dac82f40a,3dac82f40a,with_comments_tracking,word_based_randomized,fresh,/Users/arthrod/temp/T/compare_regen/out/3dac82f40a__vs__3dac82f40a.pdf,5fa25ab4090a068cbc40f2ec721cea1a2a65bc24d740f81c2387d7ec5a515286,/Users/arthrod/temp/T/neurotic_docx_bench/results/redlines_0929_full/jubarte-0.11.2/pdf_by_word/4304570867_file_69__vs__af2bb3fa96_file_70_redline_3dac82f40a_jubarte-0.11.2.pdf,14e1bbf8510f215e3b95dc5006ffa879df313f3a422bc0c1b2c96d4a8c87df17
13da8d3a5b_times_new_roman_font_id_paraid_overflow__vs__4c4f8515c5_title_style_centered_demo_id_paraid_overflow_redline_3e4a08bd2d,3e4a08bd2d,tracking_without_comments,word_based_0926,corpus,/Users/arthrod/temp/T/neurotic_docx_bench/corpus/word/tracking_without_comments/pdf/13da8d3a5b_times_new_roman_font_id_paraid_overflow__vs__4c4f8515c5_title_style_centered_demo_id_paraid_overflow_redline_3e4a08bd2d.pdf,914d52be30d940e9c0489957ae6d7c48e2dd2f325da2bd7b52ea6ad33590f723,/Users/arthrod/temp/T/neurotic_docx_bench/results/redlines_0929_full/jubarte-0.11.2/pdf_by_word/13da8d3a5b_times_new_roman_font_id_paraid_overflow__vs__4c4f8515c5_title_style_centered_demo_id_paraid_overflow_redline_1779634f9b_jubarte-0.11.2.pdf,9b60e6877767cf691fecfcdde2dca53d0a48494524503d0f8bacb6cf5f8d732b
aeba435bbd_file_133__vs__6f02029e99_file_134_redline_3e4b94de41,3e4b94de41,tracking_without_comments,word_based_randomized,corpus,/Users/arthrod/temp/T/neurotic_docx_bench/corpus/word/tracking_without_comments/pdf/aeba435bbd_file_133__vs__6f02029e99_file_134_redline_3e4b94de41.pdf,6ccfafd630fe6f9dd7b092a3efda0f9a5652807f0527afc704417dbdb8c7e7b5,/Users/arthrod/temp/T/neurotic_docx_bench/results/redlines_0929_full/jubarte-0.11.2/pdf_by_word/aeba435bbd_file_133__vs__6f02029e99_file_134_redline_3e4b94de41_jubarte-0.11.2.pdf,90d2e353b8604b72fcf8c109e439aac72c774ba45d908ba33d39b6cb2ff0b4c7
5bde480834_file_112__vs__ae5f2d61d5_file_113_redline_3eaf131a58,3eaf131a58,tracking_without_comments,word_based_randomized,corpus,/Users/arthrod/temp/T/neurotic_docx_bench/corpus/word/tracking_without_comments/pdf/5bde480834_file_112__vs__ae5f2d61d5_file_113_redline_3eaf131a58.pdf,560fdfc101e6f5ce540d84752d62af40b622cdf0ccdc520c85f13f0a1d7b7d18,/Users/arthrod/temp/T/neurotic_docx_bench/results/redlines_0929_full/jubarte-0.11.2/pdf_by_word/5bde480834_file_112__vs__ae5f2d61d5_file_113_redline_3eaf131a58_jubarte-0.11.2.pdf,304752761c39fb2b223babca993ffc7439c29a6c654ed7f9654cc812d70ed8c6
08286ffbfb_super_editor__basic_resolved_comment_cac5a1b0__vs__5fa01813d3_super_editor__basic_table_shading_d3212ffd_redline_3fdab4ace6,3fdab4ace6,with_comments_tracking,word_redlines_superdoc,fresh,/Users/arthrod/temp/T/compare_regen/out/3fdab4ace6__vs__3fdab4ace6.pdf,1565944f165a3fa9edd24e545d38c55a5086fcd4ced5984de916138854dc9155,/Users/arthrod/temp/T/neurotic_docx_bench/results/redlines_0929_full/jubarte-0.11.2/pdf_by_word/08286ffbfb_super_editor__basic_resolved_comment_cac5a1b0__vs__5fa01813d3_super_editor__basic_table_shading_d3212ffd_redline_3fdab4ace6_jubarte-0.11.2.pdf,9bf111127ebdd71da6dc84b5f329c36b118868e4366de2342fd95f86967bcce7
e0e59cf962_track_changes_suggesting_heading_id_paraid_overf__vs__438e423482_track_changes_suggesting_italic_id_paraid_overfl_redline_401b6671a7,401b6671a7,tracking_without_comments,word_based,corpus,/Users/arthrod/temp/T/neurotic_docx_bench/corpus/word/tracking_without_comments/pdf/e0e59cf962_track_changes_suggesting_heading_id_paraid_overf__vs__438e423482_track_changes_suggesting_italic_id_paraid_overfl_redline_401b6671a7.pdf,619e689374b4b7dd701faaac0188a6b7380a377cd2360a03790147504897fb1f,/Users/arthrod/temp/T/neurotic_docx_bench/results/redlines_0929_full/jubarte-0.11.2/pdf_by_word/e0e59cf962_track_changes_suggesting_heading_id_paraid_overf__vs__438e423482_track_changes_suggesting_italic_id_paraid_overfl_redline_401b6671a7_jubarte-0.11.2.pdf,63af45a1b4964dba3d1ed08dd6e939cac5fbf1afe046b9af0e7669036c75e38f
2936af4459_super_editor__sd_1480_two_col_tab_positions_0095__vs__ced58cbf54_super_editor__sd_1494_table_left_indent_03277d35_redline_402e22a3f4,402e22a3f4,tracking_without_comments,word_redlines_superdoc_0926,corpus,/Users/arthrod/temp/T/neurotic_docx_bench/corpus/word/tracking_without_comments/pdf/2936af4459_super_editor__sd_1480_two_col_tab_positions_0095__vs__ced58cbf54_super_editor__sd_1494_table_left_indent_03277d35_redline_402e22a3f4.pdf,47ccbf00fe5220ba711b942feb2b4d0600b1c06994ccbcc382a5d116584c667d,/Users/arthrod/temp/T/neurotic_docx_bench/results/redlines_0929_full/jubarte-0.11.2/pdf_by_word/2936af4459_super_editor__sd_1480_two_col_tab_positions_0095__vs__ced58cbf54_super_editor__sd_1494_table_left_indent_03277d35_redline_40173d334a_jubarte-0.11.2.pdf,0128cfb97b04525c6b169fe511cfae09c749ba8e274fe930d22eec205cb55e31
e1f631e28a_green_highlight_demo_id_paraid_overflow__vs__d7c6d7eb36_green_underline_bullet_list_id_paraid_overflow_redline_407acd7ea1,407acd7ea1,tracking_without_comments,word_based_0926,corpus,/Users/arthrod/temp/T/neurotic_docx_bench/corpus/word/tracking_without_comments/pdf/e1f631e28a_green_highlight_demo_id_paraid_overflow__vs__d7c6d7eb36_green_underline_bullet_list_id_paraid_overflow_redline_407acd7ea1.pdf,d7b29b6b21916020d0c7b0eabe48d996b4e192da3e09c208fdb7126b5e9ae1c1,/Users/arthrod/temp/T/neurotic_docx_bench/results/redlines_0929_full/jubarte-0.11.2/pdf_by_word/e1f631e28a_green_highlight_demo_id_paraid_overflow__vs__d7c6d7eb36_green_underline_bullet_list_id_paraid_overflow_redline_27fe57b836_jubarte-0.11.2.pdf,574c7bf4c5fbc48c5a437db88b210c3e445cb0376287cedc2c5e9c0dbd1e6257
603760a2cb_035619503cc9d1833603cf8827e6ce3a24b46c012a309360__vs__b6bf1a1e8b_025114ac4b922e013686836213f363671dd941624af8bc42_redline_408597db4d,408597db4d,tracking_without_comments,redlines_en_500,corpus,/Users/arthrod/temp/T/neurotic_docx_bench/corpus/word/tracking_without_comments/pdf/603760a2cb_035619503cc9d1833603cf8827e6ce3a24b46c012a309360__vs__b6bf1a1e8b_025114ac4b922e013686836213f363671dd941624af8bc42_redline_408597db4d.pdf,38ccd4af8b814eb104c8230e6863b3f51b3d89ddc1b6861e3f29d54eb023ba90,/Users/arthrod/temp/T/neurotic_docx_bench/results/redlines_0929_full/jubarte-0.11.2/pdf_by_word/603760a2cb_035619503cc9d1833603cf8827e6ce3a24b46c012a309360__vs__b6bf1a1e8b_025114ac4b922e013686836213f363671dd941624af8bc42_redline_408597db4d_jubarte-0.11.2.pdf,3cd5649f834358876397f90b7ea2387375da382ccc33c3a00856c5bd8d94713b
a6bdad436b_00e1eabab4f0fdde08a033b7d3af988ce75f7e80207c9918__vs__bd3824dd1e_000ee64ef7226d353297888f59a251e24ce5d776fea000fa_redline_409de8d456,409de8d456,tracking_without_comments,redlines_a100_b10,corpus,/Users/arthrod/temp/T/neurotic_docx_bench/corpus/word/tracking_without_comments/pdf/a6bdad436b_00e1eabab4f0fdde08a033b7d3af988ce75f7e80207c9918__vs__bd3824dd1e_000ee64ef7226d353297888f59a251e24ce5d776fea000fa_redline_409de8d456.pdf,b0defcd16d2790f9911fa68a96a65c29f4d2c329a7ed18ed6f82175c72475b29,/Users/arthrod/temp/T/neurotic_docx_bench/results/redlines_0929_full/jubarte-0.11.2/pdf_by_word/a6bdad436b_00e1eabab4f0fdde08a033b7d3af988ce75f7e80207c9918__vs__bd3824dd1e_000ee64ef7226d353297888f59a251e24ce5d776fea000fa_redline_409de8d456_jubarte-0.11.2.pdf,39e1ece112e0e949a7baffd96ce530a0f9b7340769b3f115578ce81d5ef52087
e137a3db25_file_140__vs__0f5a806b4c_file_141_redline_421d863d4e,421d863d4e,with_comments_tracking,word_based_randomized,fresh,/Users/arthrod/temp/T/compare_regen/out/421d863d4e__vs__421d863d4e.pdf,db834608277cef27934aaede602e8f5c803a4521b5a186f1ee2057d2fce221a9,/Users/arthrod/temp/T/neurotic_docx_bench/results/redlines_0929_full/jubarte-0.11.2/pdf_by_word/e137a3db25_file_140__vs__0f5a806b4c_file_141_redline_421d863d4e_jubarte-0.11.2.pdf,0c91d0b9d33b2f7247770d5150511db6facd886ebbeff8874a61ed41427f9502
0483e899af_file_143__vs__cc82deb093_file_144_redline_428f3f3022,428f3f3022,with_comments_tracking,word_based_randomized,fresh,/Users/arthrod/temp/T/compare_regen/out/428f3f3022__vs__428f3f3022.pdf,8afc07d7d32687b2fe4357f40d0fa515b02020a7ba9f201dd9bf979e405c1ef7,/Users/arthrod/temp/T/neurotic_docx_bench/results/redlines_0929_full/jubarte-0.11.2/pdf_by_word/0483e899af_file_143__vs__cc82deb093_file_144_redline_428f3f3022_jubarte-0.11.2.pdf,d15a41fc21cd3bba4267f9da888ec09163c6e71ddb54bd96325e636665db737b
3ee2d0ceda_00026ef6a227eca724d9cd35f12e3065557a9ef0dc7ee295__vs__5203829c7a_001cc92b88566d5f930fe57f25813c0bf52a7bdc72c217d0_redline_42a3eff631,42a3eff631,tracking_without_comments,redlines_a100_b10,corpus,/Users/arthrod/temp/T/neurotic_docx_bench/corpus/word/tracking_without_comments/pdf/3ee2d0ceda_00026ef6a227eca724d9cd35f12e3065557a9ef0dc7ee295__vs__5203829c7a_001cc92b88566d5f930fe57f25813c0bf52a7bdc72c217d0_redline_42a3eff631.pdf,140e5132ce5ce6096fc9dedf7d633ee17d59695994b24e4162414db286f89df2,/Users/arthrod/temp/T/neurotic_docx_bench/results/redlines_0929_full/jubarte-0.11.2/pdf_by_word/3ee2d0ceda_00026ef6a227eca724d9cd35f12e3065557a9ef0dc7ee295__vs__5203829c7a_001cc92b88566d5f930fe57f25813c0bf52a7bdc72c217d0_redline_42a3eff631_jubarte-0.11.2.pdf,1c16b76010e42262c4f60331c7cc04eef4c92f9f74e08513248fee5964d8c0cc
8c730b5c80_heading_4_right_italic_id_paraid_overflow__vs__00da16e738_heading_4_style_demo_id_paraid_overflow_2_redline_42e2b0605f,42e2b0605f,tracking_without_comments,word_based_0926,corpus,/Users/arthrod/temp/T/neurotic_docx_bench/corpus/word/tracking_without_comments/pdf/8c730b5c80_heading_4_right_italic_id_paraid_overflow__vs__00da16e738_heading_4_style_demo_id_paraid_overflow_2_redline_42e2b0605f.pdf,24292e6814c688b61f80e8bfd9a40ee69fe0f02694f40121025222be640a90a0,/Users/arthrod/temp/T/neurotic_docx_bench/results/redlines_0929_full/jubarte-0.11.2/pdf_by_word/8c730b5c80_heading_4_right_italic_id_paraid_overflow__vs__00da16e738_heading_4_style_demo_id_paraid_overflow_2_redline_42e2b0605f_jubarte-0.11.2.pdf,37f7994db26f98db0edbec068144b769f3cdc2adc2eaadd5b8f0ef9ef92dd3d2
af73bfcc05_meeting_minutes_suggesting_insertions__vs__82348eef4b_multi_section_redline_4318cac120,4318cac120,tracking_without_comments,word_based;fixtures_word_compares,fresh,/Users/arthrod/temp/T/compare_regen/out/4318cac120__vs__4318cac120.pdf,b307345ba5d04ce45dd476b1d8554e7b70367e9c89593205f7d5818a2fd19915,/Users/arthrod/temp/T/neurotic_docx_bench/results/redlines_0929_full/jubarte-0.11.2/pdf_by_word/af73bfcc05_meeting_minutes_suggesting_insertions__vs__82348eef4b_multi_section_redline_4318cac120_jubarte-0.11.2.pdf,df82713f62f81b9b7ad41d3395e1215f7220e8fb7daa4f2615529ba595f56052
0935a8a24e_file_151__vs__f601de1855_file_152_redline_4376dca7a2,4376dca7a2,tracking_without_comments,word_based_randomized,corpus,/Users/arthrod/temp/T/neurotic_docx_bench/corpus/word/tracking_without_comments/pdf/0935a8a24e_file_151__vs__f601de1855_file_152_redline_4376dca7a2.pdf,d7a697a91657f1e517843b357e123d05acf14866992141511a07930af9f997ba,/Users/arthrod/temp/T/neurotic_docx_bench/results/redlines_0929_full/jubarte-0.11.2/pdf_by_word/0935a8a24e_file_151__vs__f601de1855_file_152_redline_4376dca7a2_jubarte-0.11.2.pdf,61c5dae099da2d2523c06e6e4ed5be173df0a58575c267ca7ac6e733b65b3cee
382497a0a8_super_editor__python_docx_comment_test_501f21cb__vs__3d8acd6139_super_editor__restart_numbering_sub_list_85ddcb7_redline_43aedaf43e,43aedaf43e,with_comments_tracking,word_redlines_superdoc_0926,fresh,/Users/arthrod/temp/T/compare_regen/out/43aedaf43e__vs__43aedaf43e.pdf,fb23716593fa4a681470adb0d15292435209d90fdc41954ad8119718a79e83ed,/Users/arthrod/temp/T/neurotic_docx_bench/results/redlines_0929_full/jubarte-0.11.2/pdf_by_word/382497a0a8_super_editor__python_docx_comment_test_501f21cb__vs__3d8acd6139_super_editor__restart_numbering_sub_list_85ddcb7_redline_43aedaf43e_jubarte-0.11.2.pdf,89255bd8d0fd332b63a024c2631d58d09e2e1ce9af96058ee4e0316124b93279
61e3967518_0011e415331e3b2d8031efcfcfecbb68df0f0b73b26350ce__vs__aa5340125d_00a4b0b91e9b5b072dc3771391c2d608518690eccf44eae8_redline_4433455597,4433455597,tracking_without_comments,redlines_a100_b10,corpus,/Users/arthrod/temp/T/neurotic_docx_bench/corpus/word/tracking_without_comments/pdf/61e3967518_0011e415331e3b2d8031efcfcfecbb68df0f0b73b26350ce__vs__aa5340125d_00a4b0b91e9b5b072dc3771391c2d608518690eccf44eae8_redline_4433455597.pdf,68ec2445386d32c14a4914ade98061cee94024f43ca6e3a4d848195bf8cca5c2,/Users/arthrod/temp/T/neurotic_docx_bench/results/redlines_0929_full/jubarte-0.11.2/pdf_by_word/61e3967518_0011e415331e3b2d8031efcfcfecbb68df0f0b73b26350ce__vs__aa5340125d_00a4b0b91e9b5b072dc3771391c2d608518690eccf44eae8_redline_4433455597_jubarte-0.11.2.pdf,d912e3d00b004ad4893f99f855b42c446a28f8e647bd90cea689332b972ac87e
1e1a24aeab_right_align_bold_demo_id_paraid_overflow__vs__2b267ac531_right_aligned_italic_demo_id_paraid_overflow_redline_4477d8566b,4477d8566b,tracking_without_comments,word_based,corpus,/Users/arthrod/temp/T/neurotic_docx_bench/corpus/word/tracking_without_comments/pdf/1e1a24aeab_right_align_bold_demo_id_paraid_overflow__vs__2b267ac531_right_aligned_italic_demo_id_paraid_overflow_redline_4477d8566b.pdf,26bf79e4ae7f4bed3b55c96b994bbc57d2b62c6607d1e0a42d489b0051f7dd99,/Users/arthrod/temp/T/neurotic_docx_bench/results/redlines_0929_full/jubarte-0.11.2/pdf_by_word/1e1a24aeab_right_align_bold_demo_id_paraid_overflow__vs__2b267ac531_right_aligned_italic_demo_id_paraid_overflow_redline_08050cf72c_jubarte-0.11.2.pdf,2ac6572931261e296f386f4f0c6b01f4db91f9f5a92056f4b6b354d88b16fee2
cbb3bab843_word_tolerated_orphan_comment__vs__cefef4e4f5_yellow_highlight_demo_id_paraid_overflow_redline_44c8cc9358,44c8cc9358,with_comments_tracking,word_based,fresh,/Users/arthrod/temp/T/compare_regen/out/44c8cc9358__vs__44c8cc9358.pdf,277e96887b792756e0921df31e7fe1fe8e2b05aac12deb737574199f320b5067,/Users/arthrod/temp/T/neurotic_docx_bench/results/redlines_0929_full/jubarte-0.11.2/pdf_by_word/cbb3bab843_word_tolerated_orphan_comment__vs__cefef4e4f5_yellow_highlight_demo_id_paraid_overflow_redline_3796807136_jubarte-0.11.2.pdf,3b75cbc8891fbbe47a08331c6a96bfb568beac00de2a0a42aff15275fd39f6ef
7d89bf44b4_single_paragraph__vs__e355cec096_small_font_size_demo_id_paraid_overflow_redline_454084a8c3,454084a8c3,tracking_without_comments,word_based;fixtures_word_compares,fresh,/Users/arthrod/temp/T/compare_regen/out/454084a8c3__vs__454084a8c3.pdf,76438f4a8056f851bb7e629f283e3c8944145c18f424b31edde87a03639f97b9,/Users/arthrod/temp/T/neurotic_docx_bench/results/redlines_0929_full/jubarte-0.11.2/pdf_by_word/7d89bf44b4_single_paragraph__vs__e355cec096_small_font_size_demo_id_paraid_overflow_redline_03c465ec7f_jubarte-0.11.2.pdf,f0856b13709096c5f9b451d3dec3ee1817bbb9b272027d632210fd32a180c422
5b421850d5_super_editor__ooxml_strike_rstyle_linked_combos__vs__7e685cbab1_super_editor__ooxml_underline_rstyle_linked_comb_redline_45844ba15d,45844ba15d,tracking_without_comments,word_redlines_superdoc_0926,corpus,/Users/arthrod/temp/T/neurotic_docx_bench/corpus/word/tracking_without_comments/pdf/5b421850d5_super_editor__ooxml_strike_rstyle_linked_combos__vs__7e685cbab1_super_editor__ooxml_underline_rstyle_linked_comb_redline_45844ba15d.pdf,3e12e5ee9c8f59c675d8731f7ed8620d5245e3412bb26370bfeec12fe3ad2516,/Users/arthrod/temp/T/neurotic_docx_bench/results/redlines_0929_full/jubarte-0.11.2/pdf_by_word/5b421850d5_super_editor__ooxml_strike_rstyle_linked_combos__vs__7e685cbab1_super_editor__ooxml_underline_rstyle_linked_comb_redline_3fab50f94a_jubarte-0.11.2.pdf,b346a6b43621cc93a79f2c07a53ed03b8b12f1f3dce0ce52691328c864ab9151
849eefdb7e_7429fdae0db732bd2f2dbd382964e22d8200733591aa421d__vs__67555165fa_5aaa1b479afe01ccd8430417730f6ce91d16f00d01314895_redline_4699b416f2,4699b416f2,tracking_without_comments,redlines_en_500,corpus,/Users/arthrod/temp/T/neurotic_docx_bench/corpus/word/tracking_without_comments/pdf/849eefdb7e_7429fdae0db732bd2f2dbd382964e22d8200733591aa421d__vs__67555165fa_5aaa1b479afe01ccd8430417730f6ce91d16f00d01314895_redline_4699b416f2.pdf,bc0507f75971b7d8bb2c409a6b654607555c3fa22db88f833bee66398786c434,/Users/arthrod/temp/T/neurotic_docx_bench/results/redlines_0929_full/jubarte-0.11.2/pdf_by_word/849eefdb7e_7429fdae0db732bd2f2dbd382964e22d8200733591aa421d__vs__67555165fa_5aaa1b479afe01ccd8430417730f6ce91d16f00d01314895_redline_4699b416f2_jubarte-0.11.2.pdf,06b3f706f7863b86546ff5264c938352f091cacd5d1628bc5205e29d5dfc381f
a4ebc0e89c_0016d88a731db087feb2e28e8bfc163c1fe94df0ee048d55__vs__deff0e697a_00b5defcad6e58038eac35472a2d48c89905068e5ece0cc3_redline_46f67bb6e3,46f67bb6e3,tracking_without_comments,redlines_a100_b10,corpus,/Users/arthrod/temp/T/neurotic_docx_bench/corpus/word/tracking_without_comments/pdf/a4ebc0e89c_0016d88a731db087feb2e28e8bfc163c1fe94df0ee048d55__vs__deff0e697a_00b5defcad6e58038eac35472a2d48c89905068e5ece0cc3_redline_46f67bb6e3.pdf,b69ac9559325c5e382b91908b5f1cfe75b5421accbd7ca1ab2a5182a0441b697,/Users/arthrod/temp/T/neurotic_docx_bench/results/redlines_0929_full/jubarte-0.11.2/pdf_by_word/a4ebc0e89c_0016d88a731db087feb2e28e8bfc163c1fe94df0ee048d55__vs__deff0e697a_00b5defcad6e58038eac35472a2d48c89905068e5ece0cc3_redline_46f67bb6e3_jubarte-0.11.2.pdf,cd6a4e3c2cbb39508c26294c3ce35ed7274c389f00ee19f87daa46e55c0595a1
8b3bfdf247_calibri_bold_italic_demo_id_paraid_overflow__vs__9297fc746e_calibri_font_demo_id_paraid_overflow_2_redline_471c6d4b9d,471c6d4b9d,tracking_without_comments,word_based,corpus,/Users/arthrod/temp/T/neurotic_docx_bench/corpus/word/tracking_without_comments/pdf/8b3bfdf247_calibri_bold_italic_demo_id_paraid_overflow__vs__9297fc746e_calibri_font_demo_id_paraid_overflow_2_redline_471c6d4b9d.pdf,d8e603552d46619893edf560855210891b8caa02d90f7e5e82ce45efb611c809,/Users/arthrod/temp/T/neurotic_docx_bench/results/redlines_0929_full/jubarte-0.11.2/pdf_by_word/8b3bfdf247_calibri_bold_italic_demo_id_paraid_overflow__vs__9297fc746e_calibri_font_demo_id_paraid_overflow_2_redline_02e4be5909_jubarte-0.11.2.pdf,1cc992ef5f9b055be0edf9b736a71ac7f2be179c0c0ce5d7dd37d11b379bae68
60697d46b7_strict01__vs__60697d46b7_strict01_redline_4720423c07,4720423c07,with_comments_tracking,word_based;fixtures_word_compares;pdf_fill_0928,fresh,/Users/arthrod/temp/T/compare_regen/out/4720423c07__vs__4720423c07.pdf,f13404c21f69c0eb23be9ba8f5cad01990fae410478985861ae441dba542e4d0,/Users/arthrod/temp/T/neurotic_docx_bench/results/redlines_0929_full/jubarte-0.11.2/pdf_by_word/60697d46b7_strict01__vs__60697d46b7_strict01_redline_34ffddfe47_jubarte-0.11.2.pdf,580aea8d5cdf937ffb2a328efed792528b0feeb339b07436440c1e96513783b0
b31456961a_file_42__vs__e3c6e90478_file_43_redline_47d0da4ff9,47d0da4ff9,tracking_without_comments,word_based_randomized,corpus,/Users/arthrod/temp/T/neurotic_docx_bench/corpus/word/tracking_without_comments/pdf/b31456961a_file_42__vs__e3c6e90478_file_43_redline_47d0da4ff9.pdf,e0f471e854a77f2bd486b4e95f3ab9a4d35af21df7059921e4322e034f359d12,/Users/arthrod/temp/T/neurotic_docx_bench/results/redlines_0929_full/jubarte-0.11.2/pdf_by_word/b31456961a_file_42__vs__e3c6e90478_file_43_redline_47d0da4ff9_jubarte-0.11.2.pdf,f21bcd81413e16b748b595dadb8959f66f34881481a4354056f33a59889e85d6
1e0254763b_strict01__vs__1e0254763b_strict01_redline_4822d35f9f,4822d35f9f,tracking_without_comments,nocomments,corpus,/Users/arthrod/temp/T/neurotic_docx_bench/corpus/word/tracking_without_comments/pdf/1e0254763b_strict01__vs__1e0254763b_strict01_redline_4822d35f9f.pdf,f9d367c83411a959517fd681c6f6a58d592f2279a2e361647034c29eb45a4f7b,/Users/arthrod/temp/T/neurotic_docx_bench/results/redlines_0929_full/jubarte-0.11.2/pdf_by_word/1e0254763b_strict01__vs__1e0254763b_strict01_redline_4822d35f9f_jubarte-0.11.2.pdf,8b67c648f072e505b3d88a02cc3bfdd2c059ebacfaf66ba7f2be3f1530856eac
a5903a7c15_super_editor__pci_table_dc840852__vs__501bf3d47b_super_editor__table_merged_cells_9c349334_redline_482ad62e2c,482ad62e2c,tracking_without_comments,word_redlines_superdoc,corpus,/Users/arthrod/temp/T/neurotic_docx_bench/corpus/word/tracking_without_comments/pdf/a5903a7c15_super_editor__pci_table_dc840852__vs__501bf3d47b_super_editor__table_merged_cells_9c349334_redline_482ad62e2c.pdf,547e48099ae9b6d0e6ededd35a4177a994a7639895207971cf7b1cf7d62a5e84,/Users/arthrod/temp/T/neurotic_docx_bench/results/redlines_0929_full/jubarte-0.11.2/pdf_by_word/a5903a7c15_super_editor__pci_table_dc840852__vs__501bf3d47b_super_editor__table_merged_cells_9c349334_redline_12e8491831_jubarte-0.11.2.pdf,ccc25ed46f7e3d4bfbc3b3d1a3dd60333d3ff9f092f3f1ebac59c818534d1588
4492bbb1f8_file_172__vs__838af02d11_file_173_redline_485b916ef9,485b916ef9,with_comments_tracking,word_based_randomized_0926,fresh,/Users/arthrod/temp/T/compare_regen/out/485b916ef9__vs__485b916ef9.pdf,ad06fafeb92d4e986c5bd8a678e1361b3bd73263cb15c57f1386b62393a0f5a5,/Users/arthrod/temp/T/neurotic_docx_bench/results/redlines_0929_full/jubarte-0.11.2/pdf_by_word/4492bbb1f8_file_172__vs__838af02d11_file_173_redline_485b916ef9_jubarte-0.11.2.pdf,59f9503a7de697dd4665bb247e04737372d2a4b76256ee959d1709067d722a92
776a437291_behavior__two_column_simple_e77be963__vs__9e80f22c51_behavior__word_native_bullet_circle_80d6f323_redline_48789ea607,48789ea607,tracking_without_comments,word_redlines_superdoc_0926,corpus,/Users/arthrod/temp/T/neurotic_docx_bench/corpus/word/tracking_without_comments/pdf/776a437291_behavior__two_column_simple_e77be963__vs__9e80f22c51_behavior__word_native_bullet_circle_80d6f323_redline_48789ea607.pdf,3d4cb1b44d48b1e1c446ec86e3092e732862bb1acafa1f70a58b1ef3066f753d,/Users/arthrod/temp/T/neurotic_docx_bench/results/redlines_0929_full/jubarte-0.11.2/pdf_by_word/776a437291_behavior__two_column_simple_e77be963__vs__9e80f22c51_behavior__word_native_bullet_circle_80d6f323_redline_3b5978446c_jubarte-0.11.2.pdf,ff5ec39826f39fa813a74380ee12b8d202f457eec8f2d9e14ed4e6dbb5dfc7e8
13ee1cb061_ee56b1c2f1e42b79dfa8700e709c224299c1f85b41eb490e__vs__1c1fc4a7d3_921a851075ff3eb89f6ca703f298e6504a0ab0c43507f650_redline_48fe34d6a4,48fe34d6a4,tracking_without_comments,redlines_en_500,corpus,/Users/arthrod/temp/T/neurotic_docx_bench/corpus/word/tracking_without_comments/pdf/13ee1cb061_ee56b1c2f1e42b79dfa8700e709c224299c1f85b41eb490e__vs__1c1fc4a7d3_921a851075ff3eb89f6ca703f298e6504a0ab0c43507f650_redline_48fe34d6a4.pdf,081167f1fb4c15610a1a3f88edbee7290136efbf957bbab9a1891be003eb56d5,/Users/arthrod/temp/T/neurotic_docx_bench/results/redlines_0929_full/jubarte-0.11.2/pdf_by_word/13ee1cb061_ee56b1c2f1e42b79dfa8700e709c224299c1f85b41eb490e__vs__1c1fc4a7d3_921a851075ff3eb89f6ca703f298e6504a0ab0c43507f650_redline_48fe34d6a4_jubarte-0.11.2.pdf,ae90b017d2566c88bae86d381b649b9c7c8f485639c49b6de55408b3210ceac7
c20e9b2d21_font_size_24_demo_id_paraid_overflow__vs__f8ecf81d8b_font_size_demo_id_paraid_overflow_redline_49ff615f6a,49ff615f6a,tracking_without_comments,word_based,corpus,/Users/arthrod/temp/T/neurotic_docx_bench/corpus/word/tracking_without_comments/pdf/c20e9b2d21_font_size_24_demo_id_paraid_overflow__vs__f8ecf81d8b_font_size_demo_id_paraid_overflow_redline_49ff615f6a.pdf,2a8fe87306d6951222c06086f1b86da6f4255ec79fb7e1fac73d7ef417879542,/Users/arthrod/temp/T/neurotic_docx_bench/results/redlines_0929_full/jubarte-0.11.2/pdf_by_word/c20e9b2d21_font_size_24_demo_id_paraid_overflow__vs__f8ecf81d8b_font_size_demo_id_paraid_overflow_redline_49ff615f6a_jubarte-0.11.2.pdf,7b37007d5792fbaa6ff237023cda1e45606049d64d2a8b0ad95708997cd641d6
6dff70fa73_005df9de4a11e9d5e0809079fe33b4783538a96e645d8b42__vs__2e04202552_000e3e7bd2d6215fc7b469cc3e296c1b2a510bc1abc7e0fd_redline_4a5ba8ba7d,4a5ba8ba7d,tracking_without_comments,redlines_a100_b10,corpus,/Users/arthrod/temp/T/neurotic_docx_bench/corpus/word/tracking_without_comments/pdf/6dff70fa73_005df9de4a11e9d5e0809079fe33b4783538a96e645d8b42__vs__2e04202552_000e3e7bd2d6215fc7b469cc3e296c1b2a510bc1abc7e0fd_redline_4a5ba8ba7d.pdf,3db6345e43fa1ef8b3122eb19ed30150b83cfb1008918bd0d758aaa16b5e616e,/Users/arthrod/temp/T/neurotic_docx_bench/results/redlines_0929_full/jubarte-0.11.2/pdf_by_word/6dff70fa73_005df9de4a11e9d5e0809079fe33b4783538a96e645d8b42__vs__2e04202552_000e3e7bd2d6215fc7b469cc3e296c1b2a510bc1abc7e0fd_redline_4a5ba8ba7d_jubarte-0.11.2.pdf,ee5d8903796663f25b50d24e12f2c36752c1d380322aa1ff5c2b83a3c6b9c793
2b6c7be6bd_super_editor__nested_comments_84f214bb__vs__18eb110b3b_numwords_fldsimple_redline_4a8b3c676a,4a8b3c676a,with_comments_tracking,word_redlines_superdoc,fresh,/Users/arthrod/temp/T/compare_regen/out/4a8b3c676a__vs__4a8b3c676a.pdf,454b4d5d86e5348fecaf7f3f2b303667f0913f272eb369ce6f1f02f4eb31bacd,/Users/arthrod/temp/T/neurotic_docx_bench/results/redlines_0929_full/jubarte-0.11.2/pdf_by_word/2b6c7be6bd_super_editor__nested_comments_84f214bb__vs__18eb110b3b_numwords_fldsimple_redline_4a8b3c676a_jubarte-0.11.2.pdf,ff8d57200af129caa2ba7b879e122e9aae0a90cdedfcc8268415976d4704182f
97b2e714de_super_editor__broken_list_7e9b9bf7__vs__b389f55091_super_editor__comment_23ee5ec1_redline_4a9a8d0b4a,4a9a8d0b4a,with_comments_tracking,word_redlines_superdoc,fresh,/Users/arthrod/temp/T/compare_regen/out/4a9a8d0b4a__vs__4a9a8d0b4a.pdf,642a55cf056b22db86ba358212a135b4d95f96eed5c86a1512102750bb915a2f,/Users/arthrod/temp/T/neurotic_docx_bench/results/redlines_0929_full/jubarte-0.11.2/pdf_by_word/97b2e714de_super_editor__broken_list_7e9b9bf7__vs__b389f55091_super_editor__comment_23ee5ec1_redline_4a9a8d0b4a_jubarte-0.11.2.pdf,e812d467f7d8b6698ad64d66f9e294a67ca01f0eb50c4fec33ffd5d7b09e8b69
133e9207c0_file_34__vs__c90bde92a4_file_35_redline_4abb22a9a4,4abb22a9a4,tracking_without_comments,nocomments_randomized,corpus,/Users/arthrod/temp/T/neurotic_docx_bench/corpus/word/tracking_without_comments/pdf/133e9207c0_file_34__vs__c90bde92a4_file_35_redline_4abb22a9a4.pdf,fe10b1ab471be610e982fcec0f9acce0d359fbfdac6746ea3209ebdabe62e8af,/Users/arthrod/temp/T/neurotic_docx_bench/results/redlines_0929_full/jubarte-0.11.2/pdf_by_word/133e9207c0_file_34__vs__c90bde92a4_file_35_redline_4abb22a9a4_jubarte-0.11.2.pdf,33a77f0384375350ab396924bd8c4bcd63389633469829f99929ec42a6c88afa
aa62a37db2_strikethrough_text_demo_id_paraid_overflow__vs__4d1070e14c_strikethrough_text_formatting_demo_id_paraid_ove_redline_4ae050247d,4ae050247d,tracking_without_comments,fixtures_word_compares;pdf_fill_0928,fresh,/Users/arthrod/temp/T/compare_regen/out/4ae050247d__vs__4ae050247d.pdf,5026667382baad91909e5d065d1eea8042d3131aaf4a7fb96d299167f00e4827,/Users/arthrod/temp/T/neurotic_docx_bench/results/redlines_0929_full/jubarte-0.11.2/pdf_by_word/aa62a37db2_strikethrough_text_demo_id_paraid_overflow__vs__4d1070e14c_strikethrough_text_formatting_demo_id_paraid_ove_redline_126f86e26e_jubarte-0.11.2.pdf,a315639992a17bf04b33e7a3ba050f1a27a2233c4817af95035618a2ee2e0772
91440900a0_00189e19139f6e3031303e4152566a7bc08fab71a5c95895__vs__a5f2b9318d_002aa60c2ae1187417b4b157c5ec6450324cc056ec551a12_redline_4b8db8c7a5,4b8db8c7a5,tracking_without_comments,redlines_a100_b10,corpus,/Users/arthrod/temp/T/neurotic_docx_bench/corpus/word/tracking_without_comments/pdf/91440900a0_00189e19139f6e3031303e4152566a7bc08fab71a5c95895__vs__a5f2b9318d_002aa60c2ae1187417b4b157c5ec6450324cc056ec551a12_redline_4b8db8c7a5.pdf,5ff9add052a7ecaae5e0a41aa801c9ecabc3e4a3d4c75a13696e3365ba5ae277,/Users/arthrod/temp/T/neurotic_docx_bench/results/redlines_0929_full/jubarte-0.11.2/pdf_by_word/91440900a0_00189e19139f6e3031303e4152566a7bc08fab71a5c95895__vs__a5f2b9318d_002aa60c2ae1187417b4b157c5ec6450324cc056ec551a12_redline_4b8db8c7a5_jubarte-0.11.2.pdf,48d6f878427d7d68613c38da579df1e734cd8149102bb02ce29cf9f9ae502525
689563dec1_calibri_heading_2_right_id_paraid_overflow__vs__24bd3ad29d_center_aligned_bold_text_id_paraid_overflow_redline_4c8efcc17b,4c8efcc17b,tracking_without_comments,word_based_0926,corpus,/Users/arthrod/temp/T/neurotic_docx_bench/corpus/word/tracking_without_comments/pdf/689563dec1_calibri_heading_2_right_id_paraid_overflow__vs__24bd3ad29d_center_aligned_bold_text_id_paraid_overflow_redline_4c8efcc17b.pdf,a28d04c1bbd7238eee86074131c6d81e9de4c3a51d1d5c680c7ae9742fce6c21,/Users/arthrod/temp/T/neurotic_docx_bench/results/redlines_0929_full/jubarte-0.11.2/pdf_by_word/689563dec1_calibri_heading_2_right_id_paraid_overflow__vs__24bd3ad29d_center_aligned_bold_text_id_paraid_overflow_redline_4c8efcc17b_jubarte-0.11.2.pdf,406f92ba39513bc2399ad6bdf3326f7db11f58a90abbee8b46c6ac87a08cac83
82348eef4b_multi_section__vs__f7ece685ff_behavior__math_limit_tests_6dc07867_redline_4c9530a4f7,4c9530a4f7,tracking_without_comments,word_redlines_superdoc_0926,corpus,/Users/arthrod/temp/T/neurotic_docx_bench/corpus/word/tracking_without_comments/pdf/82348eef4b_multi_section__vs__f7ece685ff_behavior__math_limit_tests_6dc07867_redline_4c9530a4f7.pdf,9629c4383b1f0c0def5db7b302fec2c62898e51d2a19ffb7acdf4dece1e6184c,/Users/arthrod/temp/T/neurotic_docx_bench/results/redlines_0929_full/jubarte-0.11.2/pdf_by_word/82348eef4b_multi_section__vs__f7ece685ff_behavior__math_limit_tests_6dc07867_redline_249ef3e059_jubarte-0.11.2.pdf,91ddf14e7cde955eb4ad46a9353a3cc3c36ccdc47c5161a5f64da6b4d66b5d0c
f529133cd5_super_editor__basic_comment_d3ba5f1e__vs__2dc3e97d2a_super_editor__hyperlink_node_52b7695b_redline_4ce07ffaec,4ce07ffaec,with_comments_tracking,word_redlines_superdoc,fresh,/Users/arthrod/temp/T/compare_regen/out/4ce07ffaec__vs__4ce07ffaec.pdf,c9dce15b3ae50656f16028428a87f0cf6e2b88549dd68c2f769db95b790eead1,/Users/arthrod/temp/T/neurotic_docx_bench/results/redlines_0929_full/jubarte-0.11.2/pdf_by_word/f529133cd5_super_editor__basic_comment_d3ba5f1e__vs__2dc3e97d2a_super_editor__hyperlink_node_52b7695b_redline_4ce07ffaec_jubarte-0.11.2.pdf,2db96388ccc064584af7f84c025be40d21b76f3590ff69f7e6d7fa96dd371e5d
c7190b3adc_file_31__vs__083826730a_file_32_redline_4e54b171c3,4e54b171c3,tracking_without_comments,word_based_randomized_0926,corpus,/Users/arthrod/temp/T/neurotic_docx_bench/corpus/word/tracking_without_comments/pdf/c7190b3adc_file_31__vs__083826730a_file_32_redline_4e54b171c3.pdf,f7bdceb700d6d9dae17509f616d23d9ab0ea38376a3b499ba2af3db68f68d010,/Users/arthrod/temp/T/neurotic_docx_bench/results/redlines_0929_full/jubarte-0.11.2/pdf_by_word/c7190b3adc_file_31__vs__083826730a_file_32_redline_4e54b171c3_jubarte-0.11.2.pdf,eb80cbd3b55d8b4afe56d7b76cd8aefffa03db2bff7a9c79f9559579def1e808
04dafefc52_00048cb6667d721bdb2219ecbadb6eb369e439c130ac475e__vs__deff0e697a_00b5defcad6e58038eac35472a2d48c89905068e5ece0cc3_redline_4ea3d6091d,4ea3d6091d,tracking_without_comments,redlines_a100_b10,corpus,/Users/arthrod/temp/T/neurotic_docx_bench/corpus/word/tracking_without_comments/pdf/04dafefc52_00048cb6667d721bdb2219ecbadb6eb369e439c130ac475e__vs__deff0e697a_00b5defcad6e58038eac35472a2d48c89905068e5ece0cc3_redline_4ea3d6091d.pdf,c161a4f290554fbde0a932d6150a03cf00ef8177f6b34a6dd35857f818a30f18,/Users/arthrod/temp/T/neurotic_docx_bench/results/redlines_0929_full/jubarte-0.11.2/pdf_by_word/04dafefc52_00048cb6667d721bdb2219ecbadb6eb369e439c130ac475e__vs__deff0e697a_00b5defcad6e58038eac35472a2d48c89905068e5ece0cc3_redline_4ea3d6091d_jubarte-0.11.2.pdf,3be1ab208b484c0cfe0114ba557ec7f4e5cd7e6e76fbbd3f3051c20adf21321e
4ad775158b_bold_red_text_combo_id_paraid_overflow__vs__02c9605488_bold_superscript_demo_style_default_missing_redline_4eefb99db1,4eefb99db1,tracking_without_comments,word_based_0926,corpus,/Users/arthrod/temp/T/neurotic_docx_bench/corpus/word/tracking_without_comments/pdf/4ad775158b_bold_red_text_combo_id_paraid_overflow__vs__02c9605488_bold_superscript_demo_style_default_missing_redline_4eefb99db1.pdf,103f7e0a5479d279512b9605a2b61a4bba9f0bf9bf35a0f6c867ada6b0568b03,/Users/arthrod/temp/T/neurotic_docx_bench/results/redlines_0929_full/jubarte-0.11.2/pdf_by_word/4ad775158b_bold_red_text_combo_id_paraid_overflow__vs__02c9605488_bold_superscript_demo_style_default_missing_redline_2693af7e81_jubarte-0.11.2.pdf,3fd757472f3e0cbb6a35896d4d843e0643212b398327eedb6e73aae6c68ec49a
df097720f7_file_131__vs__3c60cce945_file_132_redline_4eff11f045,4eff11f045,with_comments_tracking,word_based_randomized_0926,fresh,/Users/arthrod/temp/T/compare_regen/out/4eff11f045__vs__4eff11f045.pdf,868aa5b5c6903aa8d02043651307af457c663cf15fc3f328e579546a2e175467,/Users/arthrod/temp/T/neurotic_docx_bench/results/redlines_0929_full/jubarte-0.11.2/pdf_by_word/df097720f7_file_131__vs__3c60cce945_file_132_redline_4eff11f045_jubarte-0.11.2.pdf,532395e7a92cf973d4831c9b7a6cdbbad375c55268ee8803221e52f57db1e7b9
ae9360e096_behavior__sd_2672_merged_table_821b922c__vs__a5903a7c15_super_editor__pci_table_dc840852_redline_4f427d1e19,4f427d1e19,tracking_without_comments,word_redlines_superdoc,corpus,/Users/arthrod/temp/T/neurotic_docx_bench/corpus/word/tracking_without_comments/pdf/ae9360e096_behavior__sd_2672_merged_table_821b922c__vs__a5903a7c15_super_editor__pci_table_dc840852_redline_4f427d1e19.pdf,ba73872a5060229ce50e21d8ac90a8add6b2df152da8da9d7d5992a9b51af900,/Users/arthrod/temp/T/neurotic_docx_bench/results/redlines_0929_full/jubarte-0.11.2/pdf_by_word/ae9360e096_behavior__sd_2672_merged_table_821b922c__vs__a5903a7c15_super_editor__pci_table_dc840852_redline_00baea9614_jubarte-0.11.2.pdf,ae7f5fdc8a1f5a9d945ac45ff383290f74ee0225164092803120c720fbcbd960
81f7cad226_009fa3f6b717df4d0e9371d67f305110d5096bc9178134b0__vs__deff0e697a_00b5defcad6e58038eac35472a2d48c89905068e5ece0cc3_redline_4ff9420e2e,4ff9420e2e,tracking_without_comments,redlines_a100_b10,corpus,/Users/arthrod/temp/T/neurotic_docx_bench/corpus/word/tracking_without_comments/pdf/81f7cad226_009fa3f6b717df4d0e9371d67f305110d5096bc9178134b0__vs__deff0e697a_00b5defcad6e58038eac35472a2d48c89905068e5ece0cc3_redline_4ff9420e2e.pdf,ccebb53e964abfe72445fdde95794c2fb7a9d53a032c2d34404e1ad1edd92076,/Users/arthrod/temp/T/neurotic_docx_bench/results/redlines_0929_full/jubarte-0.11.2/pdf_by_word/81f7cad226_009fa3f6b717df4d0e9371d67f305110d5096bc9178134b0__vs__deff0e697a_00b5defcad6e58038eac35472a2d48c89905068e5ece0cc3_redline_4ff9420e2e_jubarte-0.11.2.pdf,be39f0b8fe6c0e7fecb68f97e22c49ad1cda17f42256a8d5fa07dcda4dc1be95
5396ca3671_helvetica_font_demo_style_default_missing__vs__f1ea4a51fd_hr_onboarding_checklist_table_redline_504edf1ba1,504edf1ba1,tracking_without_comments,fixtures_word_compares;pdf_fill_0928,fresh,/Users/arthrod/temp/T/compare_regen/out/504edf1ba1__vs__504edf1ba1.pdf,1d9ef73517b27442dfb4a538a98dfd070be4aa9a39267f8da172777340b6270a,/Users/arthrod/temp/T/neurotic_docx_bench/results/redlines_0929_full/jubarte-0.11.2/pdf_by_word/5396ca3671_helvetica_font_demo_style_default_missing__vs__f1ea4a51fd_hr_onboarding_checklist_table_redline_504edf1ba1_jubarte-0.11.2.pdf,9341cf689a20d719a4e4315f3c2e5b3dc2182e0a88223343f0e8f698d4925729
60dfd517a9_00f0e7f365a34acc5911a38c89776a4bdd2ba1685edcd0cc__vs__2773adf157_0004c94ca2a8684d47449bb0e7abf87de1df71a7e6543252_redline_5095f45581,5095f45581,tracking_without_comments,redlines_a100_b10,corpus,/Users/arthrod/temp/T/neurotic_docx_bench/corpus/word/tracking_without_comments/pdf/60dfd517a9_00f0e7f365a34acc5911a38c89776a4bdd2ba1685edcd0cc__vs__2773adf157_0004c94ca2a8684d47449bb0e7abf87de1df71a7e6543252_redline_5095f45581.pdf,8f0f5fb41ac25a3727ed35fb9291e63f2c4c10c8a7b5f16afe854675fd92bb60,/Users/arthrod/temp/T/neurotic_docx_bench/results/redlines_0929_full/jubarte-0.11.2/pdf_by_word/60dfd517a9_00f0e7f365a34acc5911a38c89776a4bdd2ba1685edcd0cc__vs__2773adf157_0004c94ca2a8684d47449bb0e7abf87de1df71a7e6543252_redline_5095f45581_jubarte-0.11.2.pdf,700179f022b29192078cbae2ca3e64ac2d4071d89ef825bba413120aae141b04
079f874985_d7c6db54eed56cba8e414272fd1de8d10df8257850e68fc5__vs__d4f4f33ca7_ce3c279407c9eb4e94d8e9f4ca9e68b8f882674fc6a1caff_redline_51c9eab1af,51c9eab1af,with_comments_tracking,redlines_en_500,fresh,/Users/arthrod/temp/T/compare_regen/out/51c9eab1af__vs__51c9eab1af.pdf,03331b1ceec06506b8f51d729a105646bc4fa3c4312e513605738588d23bd0cd,/Users/arthrod/temp/T/neurotic_docx_bench/results/redlines_0929_full/jubarte-0.11.2/pdf_by_word/079f874985_d7c6db54eed56cba8e414272fd1de8d10df8257850e68fc5__vs__d4f4f33ca7_ce3c279407c9eb4e94d8e9f4ca9e68b8f882674fc6a1caff_redline_51c9eab1af_jubarte-0.11.2.pdf,597ef2daf8c7c7a5542e3ac01f2c1b5dffa8350578541df43fd4eb514b83e9d9
0086695f46_file_124__vs__d8f8e09b6e_file_125_redline_51d1d87a1f,51d1d87a1f,tracking_without_comments,word_based_randomized_0926,corpus,/Users/arthrod/temp/T/neurotic_docx_bench/corpus/word/tracking_without_comments/pdf/0086695f46_file_124__vs__d8f8e09b6e_file_125_redline_51d1d87a1f.pdf,b4d8a10c974c5d8b918472e58a14edc8f28554a27a5f4cd1f3c67b42e79c99eb,/Users/arthrod/temp/T/neurotic_docx_bench/results/redlines_0929_full/jubarte-0.11.2/pdf_by_word/0086695f46_file_124__vs__d8f8e09b6e_file_125_redline_51d1d87a1f_jubarte-0.11.2.pdf,1b27c92cb75fb5d2561bde0e9d2634902929ff8cc2d6339f43517b918bc27cbf
d560bc7296_header_no_rels__vs__eb82ad6df1_heading_1_bold_demo_id_paraid_overflow_redline_52058c5190,52058c5190,tracking_without_comments,nocomments,corpus,/Users/arthrod/temp/T/neurotic_docx_bench/corpus/word/tracking_without_comments/pdf/d560bc7296_header_no_rels__vs__eb82ad6df1_heading_1_bold_demo_id_paraid_overflow_redline_52058c5190.pdf,3edbfa41391f5581201cc3b4429547cad30304653392be92fe8264b72526c794,/Users/arthrod/temp/T/neurotic_docx_bench/results/redlines_0929_full/jubarte-0.11.2/pdf_by_word/d560bc7296_header_no_rels__vs__eb82ad6df1_heading_1_bold_demo_id_paraid_overflow_redline_52058c5190_jubarte-0.11.2.pdf,9ffc5dfb0d98f32b7f38d213a4535d172bb2786b3a944a82c0cc49572d44d641
e81d1fa10c_behavior__pageref_standalone_uppercase_h_7701e07__vs__735c372b41_super_editor__diff_after8_58e5c288_redline_5325dc70b4,5325dc70b4,with_comments_tracking,word_redlines_superdoc_0926,fresh,/Users/arthrod/temp/T/compare_regen/out/5325dc70b4__vs__5325dc70b4.pdf,20d59da8e44541232aa26e04a6c5f57bb6eb4ab954a48c117e994a330431ce07,/Users/arthrod/temp/T/neurotic_docx_bench/results/redlines_0929_full/jubarte-0.11.2/pdf_by_word/e81d1fa10c_behavior__pageref_standalone_uppercase_h_7701e07__vs__735c372b41_super_editor__diff_after8_58e5c288_redline_5325dc70b4_jubarte-0.11.2.pdf,bfc51026a31dde0d32e8a1e5d04eda3e9cc8e0491d4bc9e11cdd0e160527cf3e
6867e05e76_00b0d42bbea3b9bac7bc95466cf416f6c89a8cda62bbf3d7__vs__2e04202552_000e3e7bd2d6215fc7b469cc3e296c1b2a510bc1abc7e0fd_redline_537a8cea0d,537a8cea0d,tracking_without_comments,redlines_a100_b10,corpus,/Users/arthrod/temp/T/neurotic_docx_bench/corpus/word/tracking_without_comments/pdf/6867e05e76_00b0d42bbea3b9bac7bc95466cf416f6c89a8cda62bbf3d7__vs__2e04202552_000e3e7bd2d6215fc7b469cc3e296c1b2a510bc1abc7e0fd_redline_537a8cea0d.pdf,0e84887a0a0908d1fc8cb56360472425a33a82b23d633da247afc8fa8a65d33b,/Users/arthrod/temp/T/neurotic_docx_bench/results/redlines_0929_full/jubarte-0.11.2/pdf_by_word/6867e05e76_00b0d42bbea3b9bac7bc95466cf416f6c89a8cda62bbf3d7__vs__2e04202552_000e3e7bd2d6215fc7b469cc3e296c1b2a510bc1abc7e0fd_redline_537a8cea0d_jubarte-0.11.2.pdf,f4f8af48f497f3640473fa6dbf73e8dee071c68719938d68b73919aa1526463e
7367931dbf_super_editor__sdt_test_60079f08__vs__b389f55091_super_editor__comment_23ee5ec1_redline_541790cd56,541790cd56,with_comments_tracking,word_redlines_superdoc,fresh,/Users/arthrod/temp/T/compare_regen/out/541790cd56__vs__541790cd56.pdf,56d24a8e2b60401d3f06a5b03870b7db108e8708011dc1ae50441be3f30d82d5,/Users/arthrod/temp/T/neurotic_docx_bench/results/redlines_0929_full/jubarte-0.11.2/pdf_by_word/7367931dbf_super_editor__sdt_test_60079f08__vs__b389f55091_super_editor__comment_23ee5ec1_redline_541790cd56_jubarte-0.11.2.pdf,2077872b68f869f1f6b19437b67af4befeb1cbe0b310dad3005704d41d1ea886
a94f4c516b_text_box__vs__356b7a3629_text_highlight_demo_style_default_missing_redline_54602effb2,54602effb2,tracking_without_comments,word_based_0926,corpus,/Users/arthrod/temp/T/neurotic_docx_bench/corpus/word/tracking_without_comments/pdf/a94f4c516b_text_box__vs__356b7a3629_text_highlight_demo_style_default_missing_redline_54602effb2.pdf,ea4d48fe5d5a5c75c6c743c47c0d9030d70064be6f53bb4d267936ae9784c874,/Users/arthrod/temp/T/neurotic_docx_bench/results/redlines_0929_full/jubarte-0.11.2/pdf_by_word/a94f4c516b_text_box__vs__356b7a3629_text_highlight_demo_style_default_missing_redline_4300f2f735_jubarte-0.11.2.pdf,5ce4042f5cfb84739206c9890fbef45ab9a12fcbd415911a16dd423190f053b5
23cdfeee74_0022d9b76a33e7bdcda8d38ec3c898364c578897fb55d462__vs__bd3824dd1e_000ee64ef7226d353297888f59a251e24ce5d776fea000fa_redline_546a6e0c15,546a6e0c15,tracking_without_comments,redlines_a100_b10,corpus,/Users/arthrod/temp/T/neurotic_docx_bench/corpus/word/tracking_without_comments/pdf/23cdfeee74_0022d9b76a33e7bdcda8d38ec3c898364c578897fb55d462__vs__bd3824dd1e_000ee64ef7226d353297888f59a251e24ce5d776fea000fa_redline_546a6e0c15.pdf,e31846c15948049833e5541f92c2ae0d215d524c0dbbf707e0ac50532f50fcff,/Users/arthrod/temp/T/neurotic_docx_bench/results/redlines_0929_full/jubarte-0.11.2/pdf_by_word/23cdfeee74_0022d9b76a33e7bdcda8d38ec3c898364c578897fb55d462__vs__bd3824dd1e_000ee64ef7226d353297888f59a251e24ce5d776fea000fa_redline_546a6e0c15_jubarte-0.11.2.pdf,21bdb96a4c33c1bd7929c4c033df8e4e3e4ba7d264f881e40d85111dde00f9d0
7c87c9cd93_super_editor__complex_list_def_short_fde20a67__vs__5d17fd43a9_complex_style_attr_redline_5477ba61c5,5477ba61c5,tracking_without_comments,word_redlines_superdoc,corpus,/Users/arthrod/temp/T/neurotic_docx_bench/corpus/word/tracking_without_comments/pdf/7c87c9cd93_super_editor__complex_list_def_short_fde20a67__vs__5d17fd43a9_complex_style_attr_redline_5477ba61c5.pdf,d439986787f307282ded253776477912df20125a8d8991fab6e906a7ab645c24,/Users/arthrod/temp/T/neurotic_docx_bench/results/redlines_0929_full/jubarte-0.11.2/pdf_by_word/7c87c9cd93_super_editor__complex_list_def_short_fde20a67__vs__5d17fd43a9_complex_style_attr_redline_5477ba61c5_jubarte-0.11.2.pdf,25912237d25814fff5bc29391ee1ccacfe98d9bb5b59a8d4159c3db8210df920
3539cf2404_cli_legacy__replace_test_0a793f01__vs__3b639ef236_super_editor__sdpr_8cc15994_redline_5500b91636,5500b91636,with_comments_tracking,word_redlines_superdoc_0926,fresh,/Users/arthrod/temp/T/compare_regen/out/5500b91636__vs__5500b91636.pdf,91d12376868bd7d69f74e815e857d6b592c2aea71de15871bf44fcfefc8285ac,/Users/arthrod/temp/T/neurotic_docx_bench/results/redlines_0929_full/jubarte-0.11.2/pdf_by_word/3539cf2404_cli_legacy__replace_test_0a793f01__vs__3b639ef236_super_editor__sdpr_8cc15994_redline_1b5dd9fc3f_jubarte-0.11.2.pdf,d7b9d98964628ae1ffbee70fbc989399e6afa088412bd199b3152f7a19e46bc1
4ed1b6d133_0020e4099d611a050ed83fb7e0b16d6f48200018bbb1e757__vs__deff0e697a_00b5defcad6e58038eac35472a2d48c89905068e5ece0cc3_redline_5528a0da48,5528a0da48,tracking_without_comments,redlines_a100_b10,corpus,/Users/arthrod/temp/T/neurotic_docx_bench/corpus/word/tracking_without_comments/pdf/4ed1b6d133_0020e4099d611a050ed83fb7e0b16d6f48200018bbb1e757__vs__deff0e697a_00b5defcad6e58038eac35472a2d48c89905068e5ece0cc3_redline_5528a0da48.pdf,97d3116f248a5ea15df599903cbd01272609c74d5dccb2eecda8c4aae8facc76,/Users/arthrod/temp/T/neurotic_docx_bench/results/redlines_0929_full/jubarte-0.11.2/pdf_by_word/4ed1b6d133_0020e4099d611a050ed83fb7e0b16d6f48200018bbb1e757__vs__deff0e697a_00b5defcad6e58038eac35472a2d48c89905068e5ece0cc3_redline_5528a0da48_jubarte-0.11.2.pdf,9ef725a86c78b0ed45f1332fe7ee64416eb9f872d6aa257b0aa311848ee25048
840f6a63da_file_4__vs__f141395e21_file_5_redline_56b5a067ab,56b5a067ab,tracking_without_comments,nocomments_randomized,corpus,/Users/arthrod/temp/T/neurotic_docx_bench/corpus/word/tracking_without_comments/pdf/840f6a63da_file_4__vs__f141395e21_file_5_redline_56b5a067ab.pdf,62079b3c9698afab46dac6899f7a6c815107d3cf756756252e6e28f39f3dfc85,/Users/arthrod/temp/T/neurotic_docx_bench/results/redlines_0929_full/jubarte-0.11.2/pdf_by_word/840f6a63da_file_4__vs__f141395e21_file_5_redline_56b5a067ab_jubarte-0.11.2.pdf,fe428ea22e94707e91f93c1d1b6a95d5fc701f624af77b4fac8325de2e34510f
f71a12ee23_super_editor__fields_attrs1_83837249__vs__8db63962d9_super_editor__fields_attrs2_fonts_ebd792fb_redline_5756dc792f,5756dc792f,tracking_without_comments,word_redlines_superdoc_0926,corpus,/Users/arthrod/temp/T/neurotic_docx_bench/corpus/word/tracking_without_comments/pdf/f71a12ee23_super_editor__fields_attrs1_83837249__vs__8db63962d9_super_editor__fields_attrs2_fonts_ebd792fb_redline_5756dc792f.pdf,1c650851772d7e66c8867c8033169408b315d436fdbf101be12a076bfba4ff34,/Users/arthrod/temp/T/neurotic_docx_bench/results/redlines_0929_full/jubarte-0.11.2/pdf_by_word/f71a12ee23_super_editor__fields_attrs1_83837249__vs__8db63962d9_super_editor__fields_attrs2_fonts_ebd792fb_redline_1824b1df94_jubarte-0.11.2.pdf,d9bd98e7684ae8b3757504ff90a922565f1258d2ceb41eac79c195a7754981c8
8db63962d9_super_editor__fields_attrs2_fonts_ebd792fb__vs__5c207ef361_super_editor__font_formatting_runs_8be3565a_redline_57cfa10f33,57cfa10f33,with_comments_tracking,word_redlines_superdoc,fresh,/Users/arthrod/temp/T/compare_regen/out/57cfa10f33__vs__57cfa10f33.pdf,a74e9c36051c4a38d337d74d58dd14b74f24b2c2c08e09f500c67e76625669d5,/Users/arthrod/temp/T/neurotic_docx_bench/results/redlines_0929_full/jubarte-0.11.2/pdf_by_word/8db63962d9_super_editor__fields_attrs2_fonts_ebd792fb__vs__5c207ef361_super_editor__font_formatting_runs_8be3565a_redline_57cfa10f33_jubarte-0.11.2.pdf,31509df81ce492f86cba347935e36edd9daefaeee74c91c397f39d530c47e28a
3f91c8f0cd_file_9__vs__e3d833aef0_file_10_redline_581907f19c,581907f19c,with_comments_tracking,word_based_randomized,fresh,/Users/arthrod/temp/T/compare_regen/out/581907f19c__vs__581907f19c.pdf,2e83e920e858a7705e2e2066d793519a5704dc4134c50427740ea6f0a3f6f478,/Users/arthrod/temp/T/neurotic_docx_bench/results/redlines_0929_full/jubarte-0.11.2/pdf_by_word/3f91c8f0cd_file_9__vs__e3d833aef0_file_10_redline_581907f19c_jubarte-0.11.2.pdf,1955b20a9e397ccda03dea4ac36eee111dcb71ef9723210462bdb9cd022466a1
eb714d5f76_evals__blank_bc294b57__vs__bb35ae41ba_evals__comments_doc_79800b37_redline_58a2de4812,58a2de4812,with_comments_tracking,word_redlines_superdoc_0926,fresh,/Users/arthrod/temp/T/compare_regen/out/58a2de4812__vs__58a2de4812.pdf,8f0bb6c39415dd8239a5e6ccb1615be0848cf7ca339bd742b9ac677dfa890d9e,/Users/arthrod/temp/T/neurotic_docx_bench/results/redlines_0929_full/jubarte-0.11.2/pdf_by_word/eb714d5f76_evals__blank_bc294b57__vs__bb35ae41ba_evals__comments_doc_79800b37_redline_04082a11bf_jubarte-0.11.2.pdf,d7ae9323ebfa493875d1cfa471ffe02a0535290a87507acfa7173dc3acaa0cf8
2dc3e97d2a_super_editor__hyperlink_node_52b7695b__vs__d48e02b548_super_editor__google_docs_originated_comments_redline_58b3bd3cbc,58b3bd3cbc,with_comments_tracking,word_redlines_superdoc,fresh,/Users/arthrod/temp/T/compare_regen/out/58b3bd3cbc__vs__58b3bd3cbc.pdf,737ab10ad608b0183fea345c62c482ad72f7cc20a5c650ef095b71843416ef8b,/Users/arthrod/temp/T/neurotic_docx_bench/results/redlines_0929_full/jubarte-0.11.2/pdf_by_word/2dc3e97d2a_super_editor__hyperlink_node_52b7695b__vs__d48e02b548_super_editor__google_docs_originated_comments_redline_58b3bd3cbc_jubarte-0.11.2.pdf,b6719b8447727752135d6779a3f9c891ecfa3c7145a7114e117ee2d582dad1c9
bd768e6c17_file_74__vs__8c79860f8d_file_75_redline_58c827e77a,58c827e77a,with_comments_tracking,word_based_randomized_0926,fresh,/Users/arthrod/temp/T/compare_regen/out/58c827e77a__vs__58c827e77a.pdf,4e68fec8b85bcceb576cdc995edd43aaf9ca841b9083e895f80473eca6e0dfcb,/Users/arthrod/temp/T/neurotic_docx_bench/results/redlines_0929_full/jubarte-0.11.2/pdf_by_word/bd768e6c17_file_74__vs__8c79860f8d_file_75_redline_3d39f0120d_jubarte-0.11.2.pdf,b598893c31b69d74a23b8bdbe54e7198fafe8bd3047ffb3020b3563ff2141b4c
ee9bfc2650_docx_lots_of_comments_addition_removal_redline_r__vs__3fcadf4761_docx_lots_of_comments_addition_removal_redline_redline_58cd08049b,58cd08049b,with_comments_clean,word_based,fresh,/Users/arthrod/temp/T/compare_regen/out/58cd08049b__vs__58cd08049b.pdf,5e650aebb0067c72b4c0096445c17da79cb0b5e3b446747a12224be5737cd9ff,/Users/arthrod/temp/T/neurotic_docx_bench/results/redlines_0929_full/jubarte-0.11.2/pdf_by_word/ee9bfc2650_docx_lots_of_comments_addition_removal_redline_r__vs__3fcadf4761_docx_lots_of_comments_addition_removal_redline_redline_58cd08049b_jubarte-0.11.2.pdf,3514effdaf4b3442a34964f1d60a5c05dd060b751c51d2c40ae0c25452e1e1c5
befb952e73_file_183__vs__c7b4db5d0e_file_184_redline_596515221a,596515221a,tracking_without_comments,nocomments_randomized,corpus,/Users/arthrod/temp/T/neurotic_docx_bench/corpus/word/tracking_without_comments/pdf/befb952e73_file_183__vs__c7b4db5d0e_file_184_redline_596515221a.pdf,aedb2637e8c6485aafab33039739dc8ba4a1cd71b41aa9b4f4cd945fe114487a,/Users/arthrod/temp/T/neurotic_docx_bench/results/redlines_0929_full/jubarte-0.11.2/pdf_by_word/befb952e73_file_183__vs__c7b4db5d0e_file_184_redline_596515221a_jubarte-0.11.2.pdf,13694448c7d410856762c330d0955910eb7b91ca8a04581c074fd21370e2fa3a
4ade5f9207_009df71a7ecb41f9da0135915e2e4d68176e296ff69c9af0__vs__bd3824dd1e_000ee64ef7226d353297888f59a251e24ce5d776fea000fa_redline_599789f1d9,599789f1d9,tracking_without_comments,redlines_a100_b10,corpus,/Users/arthrod/temp/T/neurotic_docx_bench/corpus/word/tracking_without_comments/pdf/4ade5f9207_009df71a7ecb41f9da0135915e2e4d68176e296ff69c9af0__vs__bd3824dd1e_000ee64ef7226d353297888f59a251e24ce5d776fea000fa_redline_599789f1d9.pdf,b655b97a4e5cacf012b552fc574796720ebf144b26111bf6a3cfc4c891f3d3e6,/Users/arthrod/temp/T/neurotic_docx_bench/results/redlines_0929_full/jubarte-0.11.2/pdf_by_word/4ade5f9207_009df71a7ecb41f9da0135915e2e4d68176e296ff69c9af0__vs__bd3824dd1e_000ee64ef7226d353297888f59a251e24ce5d776fea000fa_redline_599789f1d9_jubarte-0.11.2.pdf,e88c1db9674b4d774fe2b47f90b80421851c026d463891074b9dc73dd122b174
c2d49e9ede_super_editor__sd_978_remove_table_borders_47f7ed__vs__f782ae23ec_super_editor__wordoriginatedcomments_c146be65_redline_59addd896d,59addd896d,with_comments_tracking,word_redlines_superdoc,fresh,/Users/arthrod/temp/T/compare_regen/out/59addd896d__vs__59addd896d.pdf,fdf62cc2e6fdba42163633ccbf48ae656dffd65499f6b40d6e37986a3856c834,/Users/arthrod/temp/T/neurotic_docx_bench/results/redlines_0929_full/jubarte-0.11.2/pdf_by_word/c2d49e9ede_super_editor__sd_978_remove_table_borders_47f7ed__vs__f782ae23ec_super_editor__wordoriginatedcomments_c146be65_redline_18380da4e0_jubarte-0.11.2.pdf,47a155610dd2438009d88844e48cb08ac867a6faf17910b7678203d977037b9b
735c372b41_super_editor__diff_after8_58e5c288__vs__75aeff4f58_super_editor__diff_after9_a9d4b4b0_redline_5a72b1ad9e,5a72b1ad9e,with_comments_tracking,word_redlines_superdoc_0926,fresh,/Users/arthrod/temp/T/compare_regen/out/5a72b1ad9e__vs__5a72b1ad9e.pdf,440dfc4034e04927b4627c99f039ed341de809798803eef8e7a554464a1ff27b,/Users/arthrod/temp/T/neurotic_docx_bench/results/redlines_0929_full/jubarte-0.11.2/pdf_by_word/735c372b41_super_editor__diff_after8_58e5c288__vs__75aeff4f58_super_editor__diff_after9_a9d4b4b0_redline_5a72b1ad9e_jubarte-0.11.2.pdf,4ce499d066620fb5179e6c517a07a690a11995121e694d6451fc07f22944d1e1
4f0a3847e3_verdana_italic_centered_demo_id_paraid_overflow__vs__eb2f3c86b5_vfdsdfcacawesd_suggesting_mixed_edits_redline_5af67335fe,5af67335fe,with_comments_tracking,word_based;fixtures_word_compares,fresh,/Users/arthrod/temp/T/compare_regen/out/5af67335fe__vs__5af67335fe.pdf,d29ba3e079a596693a32e651b481f04cc2a6ea4b1e26d8046200d6e2cad103b4,/Users/arthrod/temp/T/neurotic_docx_bench/results/redlines_0929_full/jubarte-0.11.2/pdf_by_word/4f0a3847e3_verdana_italic_centered_demo_id_paraid_overflow__vs__eb2f3c86b5_vfdsdfcacawesd_suggesting_mixed_edits_redline_5af67335fe_jubarte-0.11.2.pdf,1ab6431a1bfd2c25f6b9824b4fc8153a9d89a05656153ccd8a215528eee5aaa4
963d40d5f8_employee_review_john_smith_suggesting_insertions__vs__93485182eb_font_color_blue_demo_style_default_missing_redline_5b160c491f,5b160c491f,tracking_without_comments,word_based_0926,corpus,/Users/arthrod/temp/T/neurotic_docx_bench/corpus/word/tracking_without_comments/pdf/963d40d5f8_employee_review_john_smith_suggesting_insertions__vs__93485182eb_font_color_blue_demo_style_default_missing_redline_5b160c491f.pdf,933739ad2244869608a79b122328c01476b998683b73a3c2f3ec643c982af7e8,/Users/arthrod/temp/T/neurotic_docx_bench/results/redlines_0929_full/jubarte-0.11.2/pdf_by_word/963d40d5f8_employee_review_john_smith_suggesting_insertions__vs__93485182eb_font_color_blue_demo_style_default_missing_redline_5b160c491f_jubarte-0.11.2.pdf,dc94e4de8d3f894649c6bf08c1ae5698379273b9f8ea677ac078531df88627d0
7476f5fbb1_file_78__vs__fa962f4b9d_file_79_redline_5b878b9756,5b878b9756,with_comments_tracking,word_based_randomized_0926,fresh,/Users/arthrod/temp/T/compare_regen/out/5b878b9756__vs__5b878b9756.pdf,b79cf6c2d80f88206beb911ed2db8cb42c4cf00235e37ec2a00520a7cb7d1c11,/Users/arthrod/temp/T/neurotic_docx_bench/results/redlines_0929_full/jubarte-0.11.2/pdf_by_word/7476f5fbb1_file_78__vs__fa962f4b9d_file_79_redline_3a7ca36d5f_jubarte-0.11.2.pdf,6a0602eb16c4b29610dc4d791cdd3666af9d6bc1ffe871e4c475f290c303a205
5c207ef361_super_editor__font_formatting_runs_8be3565a__vs__a0738533be_gdocs_comments_export_redline_5bf3e7acbc,5bf3e7acbc,with_comments_tracking,word_redlines_superdoc_0926,fresh,/Users/arthrod/temp/T/compare_regen/out/5bf3e7acbc__vs__5bf3e7acbc.pdf,d8baa3d7c2c56df881f061abd108df10708a56d5e2247e825c5d0a58db120d38,/Users/arthrod/temp/T/neurotic_docx_bench/results/redlines_0929_full/jubarte-0.11.2/pdf_by_word/5c207ef361_super_editor__font_formatting_runs_8be3565a__vs__a0738533be_gdocs_comments_export_redline_1d045a4304_jubarte-0.11.2.pdf,af0d52b068795b9d5c319bc677dc7a404f4ee46dec5e19df8959ec4b96a7cfaa
a248dd803d_file_86__vs__28d139cbd3_file_87_redline_5c20ddfb6b,5c20ddfb6b,tracking_without_comments,nocomments_randomized,corpus,/Users/arthrod/temp/T/neurotic_docx_bench/corpus/word/tracking_without_comments/pdf/a248dd803d_file_86__vs__28d139cbd3_file_87_redline_5c20ddfb6b.pdf,4ece58f09f533032aae397ef996498a003f123d7256abcfafb101445ca178d2b,/Users/arthrod/temp/T/neurotic_docx_bench/results/redlines_0929_full/jubarte-0.11.2/pdf_by_word/a248dd803d_file_86__vs__28d139cbd3_file_87_redline_5c20ddfb6b_jubarte-0.11.2.pdf,f140a188ae9b58052419b9afe3a07765b37c1145afe3575aa941d488276fb207
2c0a2ac35f_double_spacing_bold_demo_id_paraid_overflow__vs__90cef57bac_eigenpal_docx_editor_suggesting_mixed_edits_redline_5d3a04d9a6,5d3a04d9a6,with_comments_tracking,word_based_0926,fresh,/Users/arthrod/temp/T/compare_regen/out/5d3a04d9a6__vs__5d3a04d9a6.pdf,4e39f58d7f057363b8cde6066434f7c9abd230cb46b30dd75adcbb76eb7b9679,/Users/arthrod/temp/T/neurotic_docx_bench/results/redlines_0929_full/jubarte-0.11.2/pdf_by_word/2c0a2ac35f_double_spacing_bold_demo_id_paraid_overflow__vs__90cef57bac_eigenpal_docx_editor_suggesting_mixed_edits_redline_5d3a04d9a6_jubarte-0.11.2.pdf,ec1e4af104948a8fb37906c0050a8a524adba87df0bf8642c80906b7a9966221
66b0a9112c_file_165__vs__06a48012fc_file_166_redline_5d87b818ea,5d87b818ea,tracking_without_comments,word_based_randomized,corpus,/Users/arthrod/temp/T/neurotic_docx_bench/corpus/word/tracking_without_comments/pdf/66b0a9112c_file_165__vs__06a48012fc_file_166_redline_5d87b818ea.pdf,1bc89da07c923e3a075b24668788d3e008ecdc73f305749943620767fe78f40a,/Users/arthrod/temp/T/neurotic_docx_bench/results/redlines_0929_full/jubarte-0.11.2/pdf_by_word/66b0a9112c_file_165__vs__06a48012fc_file_166_redline_089f925c77_jubarte-0.11.2.pdf,7ff27b8f3867a36ebdd4854e713d02d7be1b1c4e3eea7c4fb9b7c3dba14d9c55
ad00cf90d7_doc_api_stories__diff_doc2_bc0da0ce__vs__d6a1c42901_super_editor__diff_before16_f518c031_redline_5daae0d169,5daae0d169,tracking_without_comments,word_redlines_superdoc_0926,corpus,/Users/arthrod/temp/T/neurotic_docx_bench/corpus/word/tracking_without_comments/pdf/ad00cf90d7_doc_api_stories__diff_doc2_bc0da0ce__vs__d6a1c42901_super_editor__diff_before16_f518c031_redline_5daae0d169.pdf,fb7a34de5bed75c2ce0360c38a60fd869a3baf75418c6bd72147e96844409ac4,/Users/arthrod/temp/T/neurotic_docx_bench/results/redlines_0929_full/jubarte-0.11.2/pdf_by_word/ad00cf90d7_doc_api_stories__diff_doc2_bc0da0ce__vs__d6a1c42901_super_editor__diff_before16_f518c031_redline_5daae0d169_jubarte-0.11.2.pdf,aa098620dd7c98e138fb7bbc86419510d7f557a63595a88d862ac1ba706a3608
1ed8b01b55_file_13__vs__a2ae20465c_file_14_redline_5dbefac63c,5dbefac63c,tracking_without_comments,nocomments_randomized,corpus,/Users/arthrod/temp/T/neurotic_docx_bench/corpus/word/tracking_without_comments/pdf/1ed8b01b55_file_13__vs__a2ae20465c_file_14_redline_5dbefac63c.pdf,8f07c71f34dfb96601ebab51df25fb39106a4c42f6849b6ab70c9186a9b08fc8,/Users/arthrod/temp/T/neurotic_docx_bench/results/redlines_0929_full/jubarte-0.11.2/pdf_by_word/1ed8b01b55_file_13__vs__a2ae20465c_file_14_redline_5dbefac63c_jubarte-0.11.2.pdf,62c2f14e51b8723eb318c6f44db80755371a27332481627de5f4301f103024de
0a0b6470c3_00051beee50076d47db468069cab455933b72d9df9165e1f__vs__2773adf157_0004c94ca2a8684d47449bb0e7abf87de1df71a7e6543252_redline_5eadd8381f,5eadd8381f,tracking_without_comments,redlines_a100_b10,corpus,/Users/arthrod/temp/T/neurotic_docx_bench/corpus/word/tracking_without_comments/pdf/0a0b6470c3_00051beee50076d47db468069cab455933b72d9df9165e1f__vs__2773adf157_0004c94ca2a8684d47449bb0e7abf87de1df71a7e6543252_redline_5eadd8381f.pdf,c8bafe6a6e5a8ad19c2295c0f22599793e07602e3eb0097532fa413e001a944f,/Users/arthrod/temp/T/neurotic_docx_bench/results/redlines_0929_full/jubarte-0.11.2/pdf_by_word/0a0b6470c3_00051beee50076d47db468069cab455933b72d9df9165e1f__vs__2773adf157_0004c94ca2a8684d47449bb0e7abf87de1df71a7e6543252_redline_5eadd8381f_jubarte-0.11.2.pdf,8c387879df3947dbe9d272e612c0871b1e8d72cb744409b92bdebe60fa4ef04e
718cb91f66_file_90__vs__84b67d8458_file_91_redline_5eb341a977,5eb341a977,tracking_without_comments,nocomments_randomized,corpus,/Users/arthrod/temp/T/neurotic_docx_bench/corpus/word/tracking_without_comments/pdf/718cb91f66_file_90__vs__84b67d8458_file_91_redline_5eb341a977.pdf,86bdd2da72a6a9b4c7ebd4723fe0bf5fb8c1f1ec2162bc9a07272ecab3460f9c,/Users/arthrod/temp/T/neurotic_docx_bench/results/redlines_0929_full/jubarte-0.11.2/pdf_by_word/718cb91f66_file_90__vs__84b67d8458_file_91_redline_5eb341a977_jubarte-0.11.2.pdf,0933249fadd5e22d911c3f9ecda9e7280f9d892befbfd7caa68c3aba76b28848
0b5f1f7cad_003ca0a88e8358b347e771feb6970ff773753fad85416364__vs__bd3824dd1e_000ee64ef7226d353297888f59a251e24ce5d776fea000fa_redline_5ecff6e34d,5ecff6e34d,tracking_without_comments,redlines_a100_b10,corpus,/Users/arthrod/temp/T/neurotic_docx_bench/corpus/word/tracking_without_comments/pdf/0b5f1f7cad_003ca0a88e8358b347e771feb6970ff773753fad85416364__vs__bd3824dd1e_000ee64ef7226d353297888f59a251e24ce5d776fea000fa_redline_5ecff6e34d.pdf,b05da5a5047d65a812a225211efbaafe81d3cb6e8dde3b6ff5864b3585b0b0f8,/Users/arthrod/temp/T/neurotic_docx_bench/results/redlines_0929_full/jubarte-0.11.2/pdf_by_word/0b5f1f7cad_003ca0a88e8358b347e771feb6970ff773753fad85416364__vs__bd3824dd1e_000ee64ef7226d353297888f59a251e24ce5d776fea000fa_redline_5ecff6e34d_jubarte-0.11.2.pdf,a628f1cd516276c1c0e88b5be91018ad5198ac97ed89b5df50ce010b517c63ea
84b67d8458_file_91__vs__eee49d9614_file_92_redline_5f28b316eb,5f28b316eb,tracking_without_comments,nocomments_randomized,corpus,/Users/arthrod/temp/T/neurotic_docx_bench/corpus/word/tracking_without_comments/pdf/84b67d8458_file_91__vs__eee49d9614_file_92_redline_5f28b316eb.pdf,63d95e0d81181153f9d2363492b926cb12e33348dac6a506d447ddfbcd25600d,/Users/arthrod/temp/T/neurotic_docx_bench/results/redlines_0929_full/jubarte-0.11.2/pdf_by_word/84b67d8458_file_91__vs__eee49d9614_file_92_redline_5f28b316eb_jubarte-0.11.2.pdf,11ba2ce83d6ace1ee1044ce8bcef4bba5a18817c01b40e02a00c86b531fabf32
9082a99ee8_file_164__vs__66b0a9112c_file_165_redline_5ffff64469,5ffff64469,tracking_without_comments,word_based_randomized,corpus,/Users/arthrod/temp/T/neurotic_docx_bench/corpus/word/tracking_without_comments/pdf/9082a99ee8_file_164__vs__66b0a9112c_file_165_redline_5ffff64469.pdf,24ccb09c5d6ada8b6623b467ddb68eed830cdd0596eb389b052bf03281f80bcd,/Users/arthrod/temp/T/neurotic_docx_bench/results/redlines_0929_full/jubarte-0.11.2/pdf_by_word/9082a99ee8_file_164__vs__66b0a9112c_file_165_redline_52c55be055_jubarte-0.11.2.pdf,4157bb6837412b6e5d935839ded088ecad0b4df0fa1b5749208d6d9f9c07fbd3
ef1e1c68e9_super_editor__basic_paragraph_1774f4e4__vs__08286ffbfb_super_editor__basic_resolved_comment_cac5a1b0_redline_603ef0419b,603ef0419b,with_comments_tracking,word_redlines_superdoc,fresh,/Users/arthrod/temp/T/compare_regen/out/603ef0419b__vs__603ef0419b.pdf,afb7554eefa17ddc43e4e9a5bae20959e6f674a56396c101b28e09a22f0c0c8b,/Users/arthrod/temp/T/neurotic_docx_bench/results/redlines_0929_full/jubarte-0.11.2/pdf_by_word/ef1e1c68e9_super_editor__basic_paragraph_1774f4e4__vs__08286ffbfb_super_editor__basic_resolved_comment_cac5a1b0_redline_603ef0419b_jubarte-0.11.2.pdf,1852f1b012f49ee0c7c082d0f420a430cbcf08121a60ccf4331ef90493489753
9f5481078e_docx_lots_of_comments_addition_redline__vs__ee9bfc2650_docx_lots_of_comments_addition_removal_redline_r_redline_60e784f2de,60e784f2de,with_comments_clean,word_based_0926,fresh,/Users/arthrod/temp/T/compare_regen/out/60e784f2de__vs__60e784f2de.pdf,8636b7719da0fad86b178aea1f01224e3315ff4780075254d332f89a5dbfaf23,/Users/arthrod/temp/T/neurotic_docx_bench/results/redlines_0929_full/jubarte-0.11.2/pdf_by_word/9f5481078e_docx_lots_of_comments_addition_redline__vs__ee9bfc2650_docx_lots_of_comments_addition_removal_redline_r_redline_60e784f2de_jubarte-0.11.2.pdf,e31bf8cab784c8400dadddc42052c49906f122017b77629df0601bdfc1e1b5fb
799980e6af_file_12__vs__2bd5ae6064_file_13_redline_612a3c24fa,612a3c24fa,with_comments_tracking,word_based_randomized,fresh,/Users/arthrod/temp/T/compare_regen/out/612a3c24fa__vs__612a3c24fa.pdf,453d168ec20d70ae3c68b38e5960f370d82fc021190a903e1a6ed3b0b12c4e96,/Users/arthrod/temp/T/neurotic_docx_bench/results/redlines_0929_full/jubarte-0.11.2/pdf_by_word/799980e6af_file_12__vs__2bd5ae6064_file_13_redline_612a3c24fa_jubarte-0.11.2.pdf,ee34e39f39193b4ffc8abb75a4393007b8fbe7821eac26917c49364af8ccee5f
a4642f7f90_mcdoc__vs__90e2c33814_meeting_agenda_table_2_redline_618a11caa3,618a11caa3,tracking_without_comments,word_based_0926,corpus,/Users/arthrod/temp/T/neurotic_docx_bench/corpus/word/tracking_without_comments/pdf/a4642f7f90_mcdoc__vs__90e2c33814_meeting_agenda_table_2_redline_618a11caa3.pdf,8ce17fc9fbcb3f9c0d19ddfebaca85b49db001c265bb90be4979ac2e23659bf0,/Users/arthrod/temp/T/neurotic_docx_bench/results/redlines_0929_full/jubarte-0.11.2/pdf_by_word/a4642f7f90_mcdoc__vs__90e2c33814_meeting_agenda_table_2_redline_26c3aa16a6_jubarte-0.11.2.pdf,cc2cad414a766bda777ebabcb3be0799a2da9fb3c43a675c741bdb842f6fc87c
ab85c77154_file_115__vs__b7219494de_file_116_redline_61959b1953,61959b1953,with_comments_tracking,word_based_randomized,fresh,/Users/arthrod/temp/T/compare_regen/out/61959b1953__vs__61959b1953.pdf,b19c2dccf40c60f96ec7a1d6d3c2711ee78791bbdc4d3511ccf3abde5a0d98e9,/Users/arthrod/temp/T/neurotic_docx_bench/results/redlines_0929_full/jubarte-0.11.2/pdf_by_word/ab85c77154_file_115__vs__b7219494de_file_116_redline_61959b1953_jubarte-0.11.2.pdf,f32851a1d5dc28d5a3c4c40de29c54da01eb54152f27e0ecb1d9ce48bd278f84
b6bcd5d86d_file_198__vs__7f73d1af22_file_199_redline_619c44196e,619c44196e,tracking_without_comments,nocomments_randomized,corpus,/Users/arthrod/temp/T/neurotic_docx_bench/corpus/word/tracking_without_comments/pdf/b6bcd5d86d_file_198__vs__7f73d1af22_file_199_redline_619c44196e.pdf,9308990472ce06e15e2419da8a8ec005d4e0dd63603632e189a23834093e61b0,/Users/arthrod/temp/T/neurotic_docx_bench/results/redlines_0929_full/jubarte-0.11.2/pdf_by_word/b6bcd5d86d_file_198__vs__7f73d1af22_file_199_redline_619c44196e_jubarte-0.11.2.pdf,3e4091dc495527b0a11c295b7620a5acb508aa7c78e832e572bbd1097fa15005
3b639ef236_super_editor__sdpr_8cc15994__vs__52dab5bc1c_super_editor__sdt_node_comment_ec887683_redline_61a3912d74,61a3912d74,with_comments_tracking,word_redlines_superdoc,fresh,/Users/arthrod/temp/T/compare_regen/out/61a3912d74__vs__61a3912d74.pdf,125cac8b423d07b677684f3a821d4ddde762ec8a8884584a0d03819a7dd165b3,/Users/arthrod/temp/T/neurotic_docx_bench/results/redlines_0929_full/jubarte-0.11.2/pdf_by_word/3b639ef236_super_editor__sdpr_8cc15994__vs__52dab5bc1c_super_editor__sdt_node_comment_ec887683_redline_61a3912d74_jubarte-0.11.2.pdf,946a73a5eee15979c23f3bf9dc5e2c4eb794d611a23cee65a6b66878d29b8f73
f7d8cdf9a9_product_roadmap_2026_suggesting_insertions__vs__93db7f65b3_project_plan_suggesting_insertions_redline_61d6a6f326,61d6a6f326,tracking_without_comments,word_based;fixtures_word_compares,fresh,/Users/arthrod/temp/T/compare_regen/out/61d6a6f326__vs__61d6a6f326.pdf,e8dad02b75c4a78287b0ec74f0276312b48cddf5d635c6633476b21389d5c195,/Users/arthrod/temp/T/neurotic_docx_bench/results/redlines_0929_full/jubarte-0.11.2/pdf_by_word/f7d8cdf9a9_product_roadmap_2026_suggesting_insertions__vs__93db7f65b3_project_plan_suggesting_insertions_redline_218c9d60d5_jubarte-0.11.2.pdf,7bc8d7dc91343053c991d6530b307e039dba69372a12df6eb0778abbdaa54fe1
9f6091a4ac_super_editor__threaded_comment_27bda0ba__vs__84f5fb598b_super_editor__diff_before11_1b953eaf_redline_621637d747,621637d747,with_comments_tracking,word_redlines_superdoc,fresh,/Users/arthrod/temp/T/compare_regen/out/621637d747__vs__621637d747.pdf,128d3fcd03d3b0d8e4800e972397edc8b1e22eae9a6f03de3e30fb526bf2b9d3,/Users/arthrod/temp/T/neurotic_docx_bench/results/redlines_0929_full/jubarte-0.11.2/pdf_by_word/9f6091a4ac_super_editor__threaded_comment_27bda0ba__vs__84f5fb598b_super_editor__diff_before11_1b953eaf_redline_621637d747_jubarte-0.11.2.pdf,4cf94263e54a3707d9fdce2a105d5755a585b8904de5a9dc6e823d48d923291b
2ad8d15e88_00e901c5aa86bd93002ce801375c57e44c2c78a0e5b308d3__vs__bd3824dd1e_000ee64ef7226d353297888f59a251e24ce5d776fea000fa_redline_6287ad2d7a,6287ad2d7a,tracking_without_comments,redlines_a100_b10,corpus,/Users/arthrod/temp/T/neurotic_docx_bench/corpus/word/tracking_without_comments/pdf/2ad8d15e88_00e901c5aa86bd93002ce801375c57e44c2c78a0e5b308d3__vs__bd3824dd1e_000ee64ef7226d353297888f59a251e24ce5d776fea000fa_redline_6287ad2d7a.pdf,b0b4d4256e47820fd67b1b6fe3d560f17f4b0af32622912a9c22106dbcaa1b5e,/Users/arthrod/temp/T/neurotic_docx_bench/results/redlines_0929_full/jubarte-0.11.2/pdf_by_word/2ad8d15e88_00e901c5aa86bd93002ce801375c57e44c2c78a0e5b308d3__vs__bd3824dd1e_000ee64ef7226d353297888f59a251e24ce5d776fea000fa_redline_6287ad2d7a_jubarte-0.11.2.pdf,5254f46afec2052e25026a841bca0af394dd2dd3dd98f8635dd20db88f0d39c6
9e0990025d_ab2ba6df285c5028ab883fc37c7c79ee8738e9425ef98fdd__vs__d8a845238d_56a26572796fbc6d2df49d9b938ef980a763b004e1afff57_redline_62ea9c3e48,62ea9c3e48,tracking_without_comments,redlines_en_500,corpus,/Users/arthrod/temp/T/neurotic_docx_bench/corpus/word/tracking_without_comments/pdf/9e0990025d_ab2ba6df285c5028ab883fc37c7c79ee8738e9425ef98fdd__vs__d8a845238d_56a26572796fbc6d2df49d9b938ef980a763b004e1afff57_redline_62ea9c3e48.pdf,dfa0307b87d4056adce8d85ddfeb890aeb787bc50dc2b08fec36de98d1359ff4,/Users/arthrod/temp/T/neurotic_docx_bench/results/redlines_0929_full/jubarte-0.11.2/pdf_by_word/9e0990025d_ab2ba6df285c5028ab883fc37c7c79ee8738e9425ef98fdd__vs__d8a845238d_56a26572796fbc6d2df49d9b938ef980a763b004e1afff57_redline_62ea9c3e48_jubarte-0.11.2.pdf,03c4735fb04abfeb186c564d30f134f699a28fac2ad28f6ee4c0b3320a1e1c53
f529133cd5_super_editor__basic_comment_d3ba5f1e__vs__3b639ef236_super_editor__sdpr_8cc15994_redline_62f0f8ee91,62f0f8ee91,with_comments_tracking,word_redlines_superdoc_0926,fresh,/Users/arthrod/temp/T/compare_regen/out/62f0f8ee91__vs__62f0f8ee91.pdf,d9868d6b60d0a86206f05bf6cd1f3e664fe7df8e3dc1dc1432849155cf6219fc,/Users/arthrod/temp/T/neurotic_docx_bench/results/redlines_0929_full/jubarte-0.11.2/pdf_by_word/f529133cd5_super_editor__basic_comment_d3ba5f1e__vs__3b639ef236_super_editor__sdpr_8cc15994_redline_62f0f8ee91_jubarte-0.11.2.pdf,3d779cbe5a4273a302af064f35132eeff5ee29c2d9bca0c71a750612f40b1173
25937ddb49_d45aa3d5fdc962c7ae968e4118ab0f865de156c0d720ac0d__vs__f7988c556b_069252c3fde38e4d9f87c5a8a48590195facf9a409032580_redline_63b66681b7,63b66681b7,tracking_without_comments,redlines_en_500,corpus,/Users/arthrod/temp/T/neurotic_docx_bench/corpus/word/tracking_without_comments/pdf/25937ddb49_d45aa3d5fdc962c7ae968e4118ab0f865de156c0d720ac0d__vs__f7988c556b_069252c3fde38e4d9f87c5a8a48590195facf9a409032580_redline_63b66681b7.pdf,56ebdbb0220ed87d99ffb2669ffe8714a969d789f1c10f6d0925c5a379aa8216,/Users/arthrod/temp/T/neurotic_docx_bench/results/redlines_0929_full/jubarte-0.11.2/pdf_by_word/25937ddb49_d45aa3d5fdc962c7ae968e4118ab0f865de156c0d720ac0d__vs__f7988c556b_069252c3fde38e4d9f87c5a8a48590195facf9a409032580_redline_63b66681b7_jubarte-0.11.2.pdf,7728bb60cd54dbecf41a9469cbcabd8e74c8a080eafc648ddafcb4d7f885b63f
a0e6a09304_super_editor__diff_after11_1d5b767f__vs__3e50084c2e_super_editor__diff_after16_2a48697a_redline_63ec3a403e,63ec3a403e,with_comments_tracking,word_redlines_superdoc,fresh,/Users/arthrod/temp/T/compare_regen/out/63ec3a403e__vs__63ec3a403e.pdf,e0bd722593ccf24d212942c275be212563cc09e759f7ddd630b00c06935936c3,/Users/arthrod/temp/T/neurotic_docx_bench/results/redlines_0929_full/jubarte-0.11.2/pdf_by_word/a0e6a09304_super_editor__diff_after11_1d5b767f__vs__3e50084c2e_super_editor__diff_after16_2a48697a_redline_63ec3a403e_jubarte-0.11.2.pdf,7048180ded328fe49a6eac33a0c4ec763a1abcba5b6dde1a9100e60d3e4194b7
8cd372b814_0193e5015be906eb45df5f7b3ceb682c7ff53cb52f15a0bf__vs__333bfe069a_003416d620331122b93b434dad901db5836f60d2cad4b533_redline_642d34f1f7,642d34f1f7,tracking_without_comments,redlines_a100_b10,corpus,/Users/arthrod/temp/T/neurotic_docx_bench/corpus/word/tracking_without_comments/pdf/8cd372b814_0193e5015be906eb45df5f7b3ceb682c7ff53cb52f15a0bf__vs__333bfe069a_003416d620331122b93b434dad901db5836f60d2cad4b533_redline_642d34f1f7.pdf,bd68e840e9513db4c593d2c84a63f2d7c2a96f0a16f0913ae7ff34a408451d00,/Users/arthrod/temp/T/neurotic_docx_bench/results/redlines_0929_full/jubarte-0.11.2/pdf_by_word/8cd372b814_0193e5015be906eb45df5f7b3ceb682c7ff53cb52f15a0bf__vs__333bfe069a_003416d620331122b93b434dad901db5836f60d2cad4b533_redline_642d34f1f7_jubarte-0.11.2.pdf,639ecf0c438cc941f003b92dbbfad8b459b84038b0263ac64f68b43255c8fc8a
3faf9e000d_super_editor__text_color_highlight_36cb4c90__vs__9f6091a4ac_super_editor__threaded_comment_27bda0ba_redline_64e3ba9c22,64e3ba9c22,with_comments_tracking,word_redlines_superdoc_0926,fresh,/Users/arthrod/temp/T/compare_regen/out/64e3ba9c22__vs__64e3ba9c22.pdf,17946d9e0eda176dee36430b4e5973fdb9e5eb8bab94b47d632a9bb4afa0b1e9,/Users/arthrod/temp/T/neurotic_docx_bench/results/redlines_0929_full/jubarte-0.11.2/pdf_by_word/3faf9e000d_super_editor__text_color_highlight_36cb4c90__vs__9f6091a4ac_super_editor__threaded_comment_27bda0ba_redline_64e3ba9c22_jubarte-0.11.2.pdf,23f739d50355ef0b7be8c88b662d23a4a1957e4b2c4ab34167c76ca12e42d979
a9de4ed3f9_9c337ad7e3719f79f6cbf0deed6badf7a57a4c6482c0cf76__vs__ef7870f9f4_22be2b6e0c6f8f306d5e2a268d7164e59b90b72404e75678_redline_651e1bcc1c,651e1bcc1c,tracking_without_comments,redlines_en_500,corpus,/Users/arthrod/temp/T/neurotic_docx_bench/corpus/word/tracking_without_comments/pdf/a9de4ed3f9_9c337ad7e3719f79f6cbf0deed6badf7a57a4c6482c0cf76__vs__ef7870f9f4_22be2b6e0c6f8f306d5e2a268d7164e59b90b72404e75678_redline_651e1bcc1c.pdf,550b22ba1a975e54a51c0e1f4928c2a3f317e90cc0fe5b652e8d7514392e6c91,/Users/arthrod/temp/T/neurotic_docx_bench/results/redlines_0929_full/jubarte-0.11.2/pdf_by_word/a9de4ed3f9_9c337ad7e3719f79f6cbf0deed6badf7a57a4c6482c0cf76__vs__ef7870f9f4_22be2b6e0c6f8f306d5e2a268d7164e59b90b72404e75678_redline_651e1bcc1c_jubarte-0.11.2.pdf,f985bed72e36f7ffd633666fc169202d2338e43a1ba414eca13aa72a15fba61f
e1771b0063_word_tolerated_misplaced_uipriority__vs__cbb3bab843_word_tolerated_orphan_comment_redline_6532beda4d,6532beda4d,with_comments_tracking,word_based_0926,fresh,/Users/arthrod/temp/T/compare_regen/out/6532beda4d__vs__6532beda4d.pdf,f54ccf3c88d7004747cf4fb29f751e0b50a95403d080922aeafdea6c9c033996,/Users/arthrod/temp/T/neurotic_docx_bench/results/redlines_0929_full/jubarte-0.11.2/pdf_by_word/e1771b0063_word_tolerated_misplaced_uipriority__vs__cbb3bab843_word_tolerated_orphan_comment_redline_6532beda4d_jubarte-0.11.2.pdf,a6394d659e12230b4d798dc4664f0a3cef35567eb85a35885c789541a3e72083
af4645ebd0_file_99__vs__b8115d0dab_file_100_redline_65aa483982,65aa483982,with_comments_tracking,word_based_randomized,fresh,/Users/arthrod/temp/T/compare_regen/out/65aa483982__vs__65aa483982.pdf,23e825c54597c5e6d4ccf08bf99a7d1e559dbcb8d6bb058271998c450d0dadaa,/Users/arthrod/temp/T/neurotic_docx_bench/results/redlines_0929_full/jubarte-0.11.2/pdf_by_word/af4645ebd0_file_99__vs__b8115d0dab_file_100_redline_65aa483982_jubarte-0.11.2.pdf,bd7e743ec674eec507142edfe61ad92b8d58aa3a78ef7ee2c05283edecd87ca9
9333b7ab9b_customer_satisfaction_survey_q4_suggesting_inser__vs__7166fa4199_document_100_ultimate_demo_id_paraid_overflow_redline_65d959fe82,65d959fe82,tracking_without_comments,word_based;fixtures_word_compares,fresh,/Users/arthrod/temp/T/compare_regen/out/65d959fe82__vs__65d959fe82.pdf,2158862e04c8bcebb56d342427d3cf5ea4d8e20d33fc6ce4af5e7acdfd0ce531,/Users/arthrod/temp/T/neurotic_docx_bench/results/redlines_0929_full/jubarte-0.11.2/pdf_by_word/9333b7ab9b_customer_satisfaction_survey_q4_suggesting_inser__vs__7166fa4199_document_100_ultimate_demo_id_paraid_overflow_redline_65d959fe82_jubarte-0.11.2.pdf,28b7ac884c81e80642c37d63d20497b98d9c4b7cd0ac1641160e3b0d256a0b85
cec0607d40_file_25__vs__cf02e0407e_file_26_redline_6652e44fd7,6652e44fd7,tracking_without_comments,word_based_randomized_0926,corpus,/Users/arthrod/temp/T/neurotic_docx_bench/corpus/word/tracking_without_comments/pdf/cec0607d40_file_25__vs__cf02e0407e_file_26_redline_6652e44fd7.pdf,05e7f00bed210a7ab5b1c7fbaae2ac96b32a1a1201b3706b3a1dc8c20090ff2c,/Users/arthrod/temp/T/neurotic_docx_bench/results/redlines_0929_full/jubarte-0.11.2/pdf_by_word/cec0607d40_file_25__vs__cf02e0407e_file_26_redline_621c68893b_jubarte-0.11.2.pdf,2c6b700d8f318e5ae1c1be26f9ef501835e884cc77555276b7ecb7d06b881a80
28033140a2_quarterly_performance_report_table_2__vs__fa5b142e31_quarterly_performance_report_table_redline_666d0bdeb7,666d0bdeb7,tracking_without_comments,nocomments,corpus,/Users/arthrod/temp/T/neurotic_docx_bench/corpus/word/tracking_without_comments/pdf/28033140a2_quarterly_performance_report_table_2__vs__fa5b142e31_quarterly_performance_report_table_redline_666d0bdeb7.pdf,73d652a3d87ca7e42e28a4c7aa96e9c8ced2776783bee5eced83c535d574789f,/Users/arthrod/temp/T/neurotic_docx_bench/results/redlines_0929_full/jubarte-0.11.2/pdf_by_word/28033140a2_quarterly_performance_report_table_2__vs__fa5b142e31_quarterly_performance_report_table_redline_666d0bdeb7_jubarte-0.11.2.pdf,42a1f9794811830efb6348dc54760d8d0432987f7d6811260d76d8ec47286388
accec0538a_anchor_images__vs__d72fd74138_super_editor__ooxml_color_rstyle_linked_combos_d_redline_66a6739bf5,66a6739bf5,tracking_without_comments,word_redlines_superdoc,corpus,/Users/arthrod/temp/T/neurotic_docx_bench/corpus/word/tracking_without_comments/pdf/accec0538a_anchor_images__vs__d72fd74138_super_editor__ooxml_color_rstyle_linked_combos_d_redline_66a6739bf5.pdf,0278daadcb2088fbe434addfdfdb1a6e8b98656cb07b709a701586b73fcdf6b6,/Users/arthrod/temp/T/neurotic_docx_bench/results/redlines_0929_full/jubarte-0.11.2/pdf_by_word/accec0538a_anchor_images__vs__d72fd74138_super_editor__ooxml_color_rstyle_linked_combos_d_redline_2971d117a2_jubarte-0.11.2.pdf,babc7d059ac951980536474a619c322d10b965c2a7e06f3ec4153311195dd997
9f6091a4ac_super_editor__threaded_comment_27bda0ba__vs__5fa01813d3_super_editor__basic_table_shading_d3212ffd_redline_67d0b6f3e8,67d0b6f3e8,with_comments_tracking,word_redlines_superdoc,fresh,/Users/arthrod/temp/T/compare_regen/out/67d0b6f3e8__vs__67d0b6f3e8.pdf,a5e804438c227c0226287f3d58145c0ac5927db3537a485847e2fe7178a2a8d3,/Users/arthrod/temp/T/neurotic_docx_bench/results/redlines_0929_full/jubarte-0.11.2/pdf_by_word/9f6091a4ac_super_editor__threaded_comment_27bda0ba__vs__5fa01813d3_super_editor__basic_table_shading_d3212ffd_redline_67d0b6f3e8_jubarte-0.11.2.pdf,de69207095baf8d4c49b2272ba068c2e58ff621b0ad3e417d0a259a17518baa5
8ee210e927_super_editor__missing_separator_41c823b9__vs__668fe0a735_super_editor__ooxml_bold_vals_demo_9e688d8f_redline_684e190acd,684e190acd,tracking_without_comments,word_redlines_superdoc,corpus,/Users/arthrod/temp/T/neurotic_docx_bench/corpus/word/tracking_without_comments/pdf/8ee210e927_super_editor__missing_separator_41c823b9__vs__668fe0a735_super_editor__ooxml_bold_vals_demo_9e688d8f_redline_684e190acd.pdf,3264ec3b360712571d0bbd50676a4d7416c3e51db4f8b6ea6614775ff3609a30,/Users/arthrod/temp/T/neurotic_docx_bench/results/redlines_0929_full/jubarte-0.11.2/pdf_by_word/8ee210e927_super_editor__missing_separator_41c823b9__vs__668fe0a735_super_editor__ooxml_bold_vals_demo_9e688d8f_redline_660d1fa273_jubarte-0.11.2.pdf,50614f50d3f24ed8bbf6f57fc48f7ecbda460dfd020fffe1a9859934c459bc01
5c207ef361_super_editor__font_formatting_runs_8be3565a__vs__e6fdfb6f2f_behavior__math_phantom_tests_263131a8_redline_689f2c8333,689f2c8333,with_comments_tracking,word_redlines_superdoc_0926,fresh,/Users/arthrod/temp/T/compare_regen/out/689f2c8333__vs__689f2c8333.pdf,683662589052b476705fa96b2b6e9759a3f1c36aa23a5c7afbdc72837795d9a9,/Users/arthrod/temp/T/neurotic_docx_bench/results/redlines_0929_full/jubarte-0.11.2/pdf_by_word/5c207ef361_super_editor__font_formatting_runs_8be3565a__vs__e6fdfb6f2f_behavior__math_phantom_tests_263131a8_redline_03528d6f20_jubarte-0.11.2.pdf,e91f32d08365718944c750fa317940d227eea685a3a00f2f35a08aaade002aca
73e78ba640_strikethrough_and_italic_combo_id_paraid_overflo__vs__0203b5fed7_strikethrough_bold_demo_id_paraid_overflow_redline_68a593987f,68a593987f,tracking_without_comments,word_based_0926,corpus,/Users/arthrod/temp/T/neurotic_docx_bench/corpus/word/tracking_without_comments/pdf/73e78ba640_strikethrough_and_italic_combo_id_paraid_overflo__vs__0203b5fed7_strikethrough_bold_demo_id_paraid_overflow_redline_68a593987f.pdf,4536feb635ee6fd746e216a7dcc30ec4e79fcc60be69ccf9cd6fc0b158027a73,/Users/arthrod/temp/T/neurotic_docx_bench/results/redlines_0929_full/jubarte-0.11.2/pdf_by_word/73e78ba640_strikethrough_and_italic_combo_id_paraid_overflo__vs__0203b5fed7_strikethrough_bold_demo_id_paraid_overflow_redline_53d24124e7_jubarte-0.11.2.pdf,de81f8dc70a66f7ce48b3679d92afdf6bb9e0b325866804ee25c2fe9628a392b
a3df367231_001a6655d72fbecf6a1d10e479eee052a779d6ba1d0848d7__vs__2e04202552_000e3e7bd2d6215fc7b469cc3e296c1b2a510bc1abc7e0fd_redline_68d77dc8a2,68d77dc8a2,tracking_without_comments,redlines_a100_b10,corpus,/Users/arthrod/temp/T/neurotic_docx_bench/corpus/word/tracking_without_comments/pdf/a3df367231_001a6655d72fbecf6a1d10e479eee052a779d6ba1d0848d7__vs__2e04202552_000e3e7bd2d6215fc7b469cc3e296c1b2a510bc1abc7e0fd_redline_68d77dc8a2.pdf,43e71d963e284fdf39d0caa0125529b01cc63a0039feb02ceafa581f659446b5,/Users/arthrod/temp/T/neurotic_docx_bench/results/redlines_0929_full/jubarte-0.11.2/pdf_by_word/a3df367231_001a6655d72fbecf6a1d10e479eee052a779d6ba1d0848d7__vs__2e04202552_000e3e7bd2d6215fc7b469cc3e296c1b2a510bc1abc7e0fd_redline_68d77dc8a2_jubarte-0.11.2.pdf,d92969aa9033d38bceecdab40d546f387bbcfb339347856bed311dea682eb1a1
70a28a8258_file_15__vs__be5bf990cb_file_16_redline_699cc8bd70,699cc8bd70,with_comments_tracking,word_based_randomized,fresh,/Users/arthrod/temp/T/compare_regen/out/699cc8bd70__vs__699cc8bd70.pdf,552138c2c977198af32cf529d4a21555421e24159efbda8f8003804e6aa9874e,/Users/arthrod/temp/T/neurotic_docx_bench/results/redlines_0929_full/jubarte-0.11.2/pdf_by_word/70a28a8258_file_15__vs__be5bf990cb_file_16_redline_699cc8bd70_jubarte-0.11.2.pdf,75a98aab6e2ab0ef1eea65511553ec76faef555eef5f523e6377c85942ea35c8
8061e5912f_file_159__vs__8f8f5a3e4d_file_160_redline_69a4d71d6f,69a4d71d6f,with_comments_tracking,word_based_randomized_0926,fresh,/Users/arthrod/temp/T/compare_regen/out/69a4d71d6f__vs__69a4d71d6f.pdf,ed14ba7072445047eccff1fe7ba5deb17974b1cda7be10e2250c780eeade1f4e,/Users/arthrod/temp/T/neurotic_docx_bench/results/redlines_0929_full/jubarte-0.11.2/pdf_by_word/8061e5912f_file_159__vs__8f8f5a3e4d_file_160_redline_69a4d71d6f_jubarte-0.11.2.pdf,234d5253e56f4e8c74a4b71effe54d8229da713554ece6a0e14a9d79c7eb9d22
43e406f9f5_blue_underline_combo_demo_id_paraid_overflow__vs__6cf4f06ce1_bold_and_italic_combo_style_default_missing_redline_69d42b2a47,69d42b2a47,tracking_without_comments,nocomments,corpus,/Users/arthrod/temp/T/neurotic_docx_bench/corpus/word/tracking_without_comments/pdf/43e406f9f5_blue_underline_combo_demo_id_paraid_overflow__vs__6cf4f06ce1_bold_and_italic_combo_style_default_missing_redline_69d42b2a47.pdf,35ac512cbd25686f3f07f777f5fb1d1df764f547134ab8ef641f59058d463a4e,/Users/arthrod/temp/T/neurotic_docx_bench/results/redlines_0929_full/jubarte-0.11.2/pdf_by_word/43e406f9f5_blue_underline_combo_demo_id_paraid_overflow__vs__6cf4f06ce1_bold_and_italic_combo_style_default_missing_redline_69d42b2a47_jubarte-0.11.2.pdf,654b252b4f3ca5a4dada9fa25fcef80c8962298476814163bf3011a37ac1c7d5
26ccb443f6_file_11__vs__799980e6af_file_12_redline_69e44ac125,69e44ac125,with_comments_tracking,word_based_randomized,fresh,/Users/arthrod/temp/T/compare_regen/out/69e44ac125__vs__69e44ac125.pdf,a9191e3deb9faa33464b4c1653567a753606ea4a507e4cc85210b01e3560a053,/Users/arthrod/temp/T/neurotic_docx_bench/results/redlines_0929_full/jubarte-0.11.2/pdf_by_word/26ccb443f6_file_11__vs__799980e6af_file_12_redline_69e44ac125_jubarte-0.11.2.pdf,4cb3c9cbcffdf7ffd276b05d799f9268554d0e02ed0a9d92b45cd5acfeb94962
6e815c07c5_62add5a5c8787d17ea1d5204bdc76f56947b74002c9ff1bd__vs__70564ba056_5f805e025d5505775b628335b352c04f89636f46b0b1801d_redline_6ad70d9acc,6ad70d9acc,tracking_without_comments,redlines_en_500,corpus,/Users/arthrod/temp/T/neurotic_docx_bench/corpus/word/tracking_without_comments/pdf/6e815c07c5_62add5a5c8787d17ea1d5204bdc76f56947b74002c9ff1bd__vs__70564ba056_5f805e025d5505775b628335b352c04f89636f46b0b1801d_redline_6ad70d9acc.pdf,1d7640c97e5c79bf47151f41f68bf7c195bb9d4f959a497788f40a205c500610,/Users/arthrod/temp/T/neurotic_docx_bench/results/redlines_0929_full/jubarte-0.11.2/pdf_by_word/6e815c07c5_62add5a5c8787d17ea1d5204bdc76f56947b74002c9ff1bd__vs__70564ba056_5f805e025d5505775b628335b352c04f89636f46b0b1801d_redline_6ad70d9acc_jubarte-0.11.2.pdf,4c61edbd676194f86b3d6ba154d2edb488bd80d083aa5fc392f4f9b71a321e90
60697d46b7_strict01__vs__a04e2d2749_ooxml_style_link_redline_6b74ac1ae6,6b74ac1ae6,with_comments_tracking,word_based;fixtures_word_compares;pdf_fill_0928,fresh,/Users/arthrod/temp/T/compare_regen/out/6b74ac1ae6__vs__6b74ac1ae6.pdf,68a4e52adb17b9684d2e170b9bd1944fae498fc10c3b1525694c546ffa744bd5,/Users/arthrod/temp/T/neurotic_docx_bench/results/redlines_0929_full/jubarte-0.11.2/pdf_by_word/60697d46b7_strict01__vs__a04e2d2749_ooxml_style_link_redline_6b74ac1ae6_jubarte-0.11.2.pdf,a2cbfcfa1279caf381acf545462b16559e1cbad81c89ae1d198e43c6febb82ec
a0738533be_gdocs_comments_export__vs__199cb211b5_super_editor__basic_footnotes_5be96945_redline_6b7f035223,6b7f035223,with_comments_tracking,word_redlines_superdoc_0926,fresh,/Users/arthrod/temp/T/compare_regen/out/6b7f035223__vs__6b7f035223.pdf,495e427e1d90c6497337214bcd66cfd16cbb2e6ab8b107fc6eaa77c74792360f,/Users/arthrod/temp/T/neurotic_docx_bench/results/redlines_0929_full/jubarte-0.11.2/pdf_by_word/a0738533be_gdocs_comments_export__vs__199cb211b5_super_editor__basic_footnotes_5be96945_redline_6b7f035223_jubarte-0.11.2.pdf,a9becfaff2e5942f2f72fd84104b9ca3322e059795016621b4e2d6001e0e3555
356b7a3629_text_highlight_demo_style_default_missing__vs__c4ee483519_tiff_image_redline_6b82730fb0,6b82730fb0,tracking_without_comments,word_based_0926,corpus,/Users/arthrod/temp/T/neurotic_docx_bench/corpus/word/tracking_without_comments/pdf/356b7a3629_text_highlight_demo_style_default_missing__vs__c4ee483519_tiff_image_redline_6b82730fb0.pdf,8173c4c07feec4caeb5f148e3876ee3775ac359ed8884ee1a4fa2c4e8278ec17,/Users/arthrod/temp/T/neurotic_docx_bench/results/redlines_0929_full/jubarte-0.11.2/pdf_by_word/356b7a3629_text_highlight_demo_style_default_missing__vs__c4ee483519_tiff_image_redline_6b82730fb0_jubarte-0.11.2.pdf,226fe79267cec0d51b424f697ee4c8dd4168b92ffe2dbee1bffe529fa5d2d67f
a4ebc0e89c_0016d88a731db087feb2e28e8bfc163c1fe94df0ee048d55__vs__2773adf157_0004c94ca2a8684d47449bb0e7abf87de1df71a7e6543252_redline_6ba792365c,6ba792365c,tracking_without_comments,redlines_a100_b10,corpus,/Users/arthrod/temp/T/neurotic_docx_bench/corpus/word/tracking_without_comments/pdf/a4ebc0e89c_0016d88a731db087feb2e28e8bfc163c1fe94df0ee048d55__vs__2773adf157_0004c94ca2a8684d47449bb0e7abf87de1df71a7e6543252_redline_6ba792365c.pdf,b11bf005340966015c888ae519c910b395b829d12503039b782906c7e1e48338,/Users/arthrod/temp/T/neurotic_docx_bench/results/redlines_0929_full/jubarte-0.11.2/pdf_by_word/a4ebc0e89c_0016d88a731db087feb2e28e8bfc163c1fe94df0ee048d55__vs__2773adf157_0004c94ca2a8684d47449bb0e7abf87de1df71a7e6543252_redline_6ba792365c_jubarte-0.11.2.pdf,2e319189fc489138eac51d4a3125e9690cc208b977d920d2a3430d50327f53a2
66e70631fb_file_188__vs__70584b4a0e_file_189_redline_6bf1e10a91,6bf1e10a91,with_comments_tracking,word_based_randomized,fresh,/Users/arthrod/temp/T/compare_regen/out/6bf1e10a91__vs__6bf1e10a91.pdf,04827d1ff8c7ffcc67c274bbdc785b0b8000eb43a98fd83e5c04a4b96997de28,/Users/arthrod/temp/T/neurotic_docx_bench/results/redlines_0929_full/jubarte-0.11.2/pdf_by_word/66e70631fb_file_188__vs__70584b4a0e_file_189_redline_6bf1e10a91_jubarte-0.11.2.pdf,1edbbe4f6d391b4ad88d4bfb809b9883a96d1e7ca8b06182f319fffdcfb43cec
a702c82e3c_598501d54a14144db04eb8bced2dc8848d2323280dd388aa__vs__9924302ad5_a0ad3c6fc339f68b3ae1700cce528baf0f9be9a23bfcc1ec_redline_6ce722f9ab,6ce722f9ab,tracking_without_comments,redlines_en_500,corpus,/Users/arthrod/temp/T/neurotic_docx_bench/corpus/word/tracking_without_comments/pdf/a702c82e3c_598501d54a14144db04eb8bced2dc8848d2323280dd388aa__vs__9924302ad5_a0ad3c6fc339f68b3ae1700cce528baf0f9be9a23bfcc1ec_redline_6ce722f9ab.pdf,5421721401f06d1095ca51f15b15fc053b1d65493fc98d17f680025767f6e1aa,/Users/arthrod/temp/T/neurotic_docx_bench/results/redlines_0929_full/jubarte-0.11.2/pdf_by_word/a702c82e3c_598501d54a14144db04eb8bced2dc8848d2323280dd388aa__vs__9924302ad5_a0ad3c6fc339f68b3ae1700cce528baf0f9be9a23bfcc1ec_redline_6ce722f9ab_jubarte-0.11.2.pdf,b399924352cc298c25b6ba8dadb599eb3b7217c2a7af580f423155ba175a5eec
c21d15c9e9_track_changes_suggesting_center_id_paraid_overfl__vs__e0e59cf962_track_changes_suggesting_heading_id_paraid_overf_redline_6ce806c638,6ce806c638,tracking_without_comments,fixtures_word_compares;pdf_fill_0928,fresh,/Users/arthrod/temp/T/compare_regen/out/6ce806c638__vs__6ce806c638.pdf,435165a8ead1b6c648e4b79b3c43ed5d11b3c65ff6d24f766c7dd643b29fa5bf,/Users/arthrod/temp/T/neurotic_docx_bench/results/redlines_0929_full/jubarte-0.11.2/pdf_by_word/c21d15c9e9_track_changes_suggesting_center_id_paraid_overfl__vs__e0e59cf962_track_changes_suggesting_heading_id_paraid_overf_redline_120dc222ce_jubarte-0.11.2.pdf,fc1b791c8de8c70ecc0d919754b11e3193e9680cf1a3aff6738119d01d689617
f0f90aa0cf_981631a715108df2a9c75275cd04a5fc2495ce3ad604790b__vs__e0ada445ca_4f48d962d05d1fca7e32a424ff8e815c01637102694d57df_redline_6ddf25f1b8,6ddf25f1b8,tracking_without_comments,redlines_en_500,corpus,/Users/arthrod/temp/T/neurotic_docx_bench/corpus/word/tracking_without_comments/pdf/f0f90aa0cf_981631a715108df2a9c75275cd04a5fc2495ce3ad604790b__vs__e0ada445ca_4f48d962d05d1fca7e32a424ff8e815c01637102694d57df_redline_6ddf25f1b8.pdf,b089e98aab76056f5b05780ad2d9c942532fa877f72fa9a616fe6523695d96a8,/Users/arthrod/temp/T/neurotic_docx_bench/results/redlines_0929_full/jubarte-0.11.2/pdf_by_word/f0f90aa0cf_981631a715108df2a9c75275cd04a5fc2495ce3ad604790b__vs__e0ada445ca_4f48d962d05d1fca7e32a424ff8e815c01637102694d57df_redline_6ddf25f1b8_jubarte-0.11.2.pdf,37127d0a77a5ddcf77bd03bd7f7fcfe5b9d06a525946227cbd66a77459220731
52220b20c3_00a54bff7e15af78fe7cfc20219c28cb208fde807bd28d44__vs__5203829c7a_001cc92b88566d5f930fe57f25813c0bf52a7bdc72c217d0_redline_6de20376e8,6de20376e8,tracking_without_comments,redlines_a100_b10,corpus,/Users/arthrod/temp/T/neurotic_docx_bench/corpus/word/tracking_without_comments/pdf/52220b20c3_00a54bff7e15af78fe7cfc20219c28cb208fde807bd28d44__vs__5203829c7a_001cc92b88566d5f930fe57f25813c0bf52a7bdc72c217d0_redline_6de20376e8.pdf,e5f6cf52167562ca7387ceda8a29406a2a4a86ebbb4e002e6f5660d02984b605,/Users/arthrod/temp/T/neurotic_docx_bench/results/redlines_0929_full/jubarte-0.11.2/pdf_by_word/52220b20c3_00a54bff7e15af78fe7cfc20219c28cb208fde807bd28d44__vs__5203829c7a_001cc92b88566d5f930fe57f25813c0bf52a7bdc72c217d0_redline_6de20376e8_jubarte-0.11.2.pdf,b20bc0279fde13c0ee4b9aa989e8cd6b144fae60461d79de64d63b58fffc8bb3
9bf625ba95_file_19__vs__2bf4db734d_file_20_redline_6dee5896b8,6dee5896b8,with_comments_tracking,word_based_randomized,fresh,/Users/arthrod/temp/T/compare_regen/out/6dee5896b8__vs__6dee5896b8.pdf,e7f0a1b52475e3ab75ca77116a05de7cd578e8046ce535ec720e48ef11864d88,/Users/arthrod/temp/T/neurotic_docx_bench/results/redlines_0929_full/jubarte-0.11.2/pdf_by_word/9bf625ba95_file_19__vs__2bf4db734d_file_20_redline_6dee5896b8_jubarte-0.11.2.pdf,1ada486ee76412c5111322ab6a48e31b77223fec35288138eddc6ba3c4cdad6c
9402f06dc1_file_190__vs__4bac537e7b_file_191_redline_6ed0c9374c,6ed0c9374c,tracking_without_comments,nocomments_randomized,corpus,/Users/arthrod/temp/T/neurotic_docx_bench/corpus/word/tracking_without_comments/pdf/9402f06dc1_file_190__vs__4bac537e7b_file_191_redline_6ed0c9374c.pdf,88c0e21038a22069586cb327a98990d836029999e27f61828c1d5e3f393597eb,/Users/arthrod/temp/T/neurotic_docx_bench/results/redlines_0929_full/jubarte-0.11.2/pdf_by_word/9402f06dc1_file_190__vs__4bac537e7b_file_191_redline_6ed0c9374c_jubarte-0.11.2.pdf,a31c356ab05fee555d15a8921a09e34faef8af87fd5bc3f77b2d79129b5b0a39
af540c50e4_00edeec4b73ab68a9a4e2b0281464f067656d89fc9969ab4__vs__2773adf157_0004c94ca2a8684d47449bb0e7abf87de1df71a7e6543252_redline_6f4e7d3d95,6f4e7d3d95,tracking_without_comments,redlines_a100_b10,corpus,/Users/arthrod/temp/T/neurotic_docx_bench/corpus/word/tracking_without_comments/pdf/af540c50e4_00edeec4b73ab68a9a4e2b0281464f067656d89fc9969ab4__vs__2773adf157_0004c94ca2a8684d47449bb0e7abf87de1df71a7e6543252_redline_6f4e7d3d95.pdf,69b2ed2829a738a6f752ab79c458f1fd8f159faf649b793fe625227fb334b07f,/Users/arthrod/temp/T/neurotic_docx_bench/results/redlines_0929_full/jubarte-0.11.2/pdf_by_word/af540c50e4_00edeec4b73ab68a9a4e2b0281464f067656d89fc9969ab4__vs__2773adf157_0004c94ca2a8684d47449bb0e7abf87de1df71a7e6543252_redline_6f4e7d3d95_jubarte-0.11.2.pdf,ff720f634bea17aed014fd435367434564dd619c0951b686c4bf42d871bc17d0
63f2ae8323_00d7e931786f09113a59daafeb4c51113fbd97f3f09d93c2__vs__342f364d46_001342333d45627868f4dc5282abbba4598a91b4a7584b08_redline_6f561090f4,6f561090f4,tracking_without_comments,redlines_a100_b10,corpus,/Users/arthrod/temp/T/neurotic_docx_bench/corpus/word/tracking_without_comments/pdf/63f2ae8323_00d7e931786f09113a59daafeb4c51113fbd97f3f09d93c2__vs__342f364d46_001342333d45627868f4dc5282abbba4598a91b4a7584b08_redline_6f561090f4.pdf,75137d94b2f26e0e4672771cf0f9197dd59bb4bf446a72a2478a68803c395ab3,/Users/arthrod/temp/T/neurotic_docx_bench/results/redlines_0929_full/jubarte-0.11.2/pdf_by_word/63f2ae8323_00d7e931786f09113a59daafeb4c51113fbd97f3f09d93c2__vs__342f364d46_001342333d45627868f4dc5282abbba4598a91b4a7584b08_redline_6f561090f4_jubarte-0.11.2.pdf,2fa9a700c8334b1b21891e4472b16af3199cb9f4fda257e2afb60dcf32f4894d
2bf4db734d_file_20__vs__080c4822ff_file_21_redline_70526d3324,70526d3324,tracking_without_comments,word_based_randomized_0926,corpus,/Users/arthrod/temp/T/neurotic_docx_bench/corpus/word/tracking_without_comments/pdf/2bf4db734d_file_20__vs__080c4822ff_file_21_redline_70526d3324.pdf,f351d9eac278221182987b8925b1d6f98b27e0d83583f5a9d91c3d7146437f2f,/Users/arthrod/temp/T/neurotic_docx_bench/results/redlines_0929_full/jubarte-0.11.2/pdf_by_word/2bf4db734d_file_20__vs__080c4822ff_file_21_redline_70526d3324_jubarte-0.11.2.pdf,794cf8785bd68a12a8058d9818135a32398ac6aed21eabd78d0938fd7d44090d
82ee7342fd_file_5__vs__1072677c3a_file_6_redline_70a6883d16,70a6883d16,with_comments_tracking,word_based_randomized_0926,fresh,/Users/arthrod/temp/T/compare_regen/out/70a6883d16__vs__70a6883d16.pdf,6c31d1cab34112d6f85172d23c72d3cbf689cfc9aad7719ed523f197f3e0d209,/Users/arthrod/temp/T/neurotic_docx_bench/results/redlines_0929_full/jubarte-0.11.2/pdf_by_word/82ee7342fd_file_5__vs__1072677c3a_file_6_redline_70a6883d16_jubarte-0.11.2.pdf,b373fa5e665c0192d03cf7156897085d76c776b4d87f011a7e619ad430ef1e46
6ca202588b_super_editor__ooxml_size_rstyle_linked_combos_de__vs__5b421850d5_super_editor__ooxml_strike_rstyle_linked_combos_redline_70f229e446,70f229e446,tracking_without_comments,word_redlines_superdoc,corpus,/Users/arthrod/temp/T/neurotic_docx_bench/corpus/word/tracking_without_comments/pdf/6ca202588b_super_editor__ooxml_size_rstyle_linked_combos_de__vs__5b421850d5_super_editor__ooxml_strike_rstyle_linked_combos_redline_70f229e446.pdf,498e6c7a017166ed50a3c81fff599008c917486acaed66fc04e44c4412926aa2,/Users/arthrod/temp/T/neurotic_docx_bench/results/redlines_0929_full/jubarte-0.11.2/pdf_by_word/6ca202588b_super_editor__ooxml_size_rstyle_linked_combos_de__vs__5b421850d5_super_editor__ooxml_strike_rstyle_linked_combos_redline_70f229e446_jubarte-0.11.2.pdf,bf5efc55211716a550bc1a7cf956ef8ecd01b451a2a38ddd27e567ad02be44c7
5fa01813d3_super_editor__basic_table_shading_d3212ffd__vs__9e9d83978b_super_editor__sublist_issue_66a1800a_redline_70fafd509f,70fafd509f,tracking_without_comments,word_redlines_superdoc_0926,corpus,/Users/arthrod/temp/T/neurotic_docx_bench/corpus/word/tracking_without_comments/pdf/5fa01813d3_super_editor__basic_table_shading_d3212ffd__vs__9e9d83978b_super_editor__sublist_issue_66a1800a_redline_70fafd509f.pdf,3327580c7e9cf9a2cf8932df972bce4fd869d12e45243ff6796378ee6d325821,/Users/arthrod/temp/T/neurotic_docx_bench/results/redlines_0929_full/jubarte-0.11.2/pdf_by_word/5fa01813d3_super_editor__basic_table_shading_d3212ffd__vs__9e9d83978b_super_editor__sublist_issue_66a1800a_redline_37d8974b01_jubarte-0.11.2.pdf,cd21918437b47243b0e0555462406942914a1dcd9b90ac17efe82e09d5bbccc7
628ec1cb76_00a9d81709806bc220522f9b062f226e19ba256e436493b1__vs__1424386e9b_017447de83753a0e3b7afc659df038ef56972925336c6a5b_redline_7127dd0325,7127dd0325,tracking_without_comments,redlines_a100_b10,corpus,/Users/arthrod/temp/T/neurotic_docx_bench/corpus/word/tracking_without_comments/pdf/628ec1cb76_00a9d81709806bc220522f9b062f226e19ba256e436493b1__vs__1424386e9b_017447de83753a0e3b7afc659df038ef56972925336c6a5b_redline_7127dd0325.pdf,eae2e32c49d2b295eda8bda6f00d081907864bdb1b9850050a0e47cc834d1cf1,/Users/arthrod/temp/T/neurotic_docx_bench/results/redlines_0929_full/jubarte-0.11.2/pdf_by_word/628ec1cb76_00a9d81709806bc220522f9b062f226e19ba256e436493b1__vs__1424386e9b_017447de83753a0e3b7afc659df038ef56972925336c6a5b_redline_7127dd0325_jubarte-0.11.2.pdf,1dde9f7e63161d1294a91fe3feff05a6c4377b7eef67e1938edd279bc9118839
26ce1d6300_super_editor__diff_after5_9fb9d5b4__vs__2e41610325_super_editor__diff_after6_5f9799d0_redline_71595f1fa3,71595f1fa3,tracking_without_comments,word_redlines_superdoc,corpus,/Users/arthrod/temp/T/neurotic_docx_bench/corpus/word/tracking_without_comments/pdf/26ce1d6300_super_editor__diff_after5_9fb9d5b4__vs__2e41610325_super_editor__diff_after6_5f9799d0_redline_71595f1fa3.pdf,0061d82dfaad8ff1e8cf43f291b9eabb14b8efa1e4300a81826895c683c88b3e,/Users/arthrod/temp/T/neurotic_docx_bench/results/redlines_0929_full/jubarte-0.11.2/pdf_by_word/26ce1d6300_super_editor__diff_after5_9fb9d5b4__vs__2e41610325_super_editor__diff_after6_5f9799d0_redline_3e3a4c751f_jubarte-0.11.2.pdf,d4c4321cf8b37db2b5034136a1f17a577fe85b659bd992ad2229da9320bea7fa
22060e7141_40b72d8c37011f35d914c2f44868286d89717c9efd10ac04__vs__71c67c168f_37d74eebe6fd69b7f6041f8ecda8e9857d885b23dab561b0_redline_72341d8ac1,72341d8ac1,with_comments_tracking,redlines_en_500,fresh,/Users/arthrod/temp/T/compare_regen/out/72341d8ac1__vs__72341d8ac1.pdf,92e2acd980ba1c4b3fa000954994ea04f2ec21902ac567d20be01dc5b193463b,/Users/arthrod/temp/T/neurotic_docx_bench/results/redlines_0929_full/jubarte-0.11.2/pdf_by_word/22060e7141_40b72d8c37011f35d914c2f44868286d89717c9efd10ac04__vs__71c67c168f_37d74eebe6fd69b7f6041f8ecda8e9857d885b23dab561b0_redline_72341d8ac1_jubarte-0.11.2.pdf,6b3b9346aec783b34deb3c45148540c6cc373acbe6f14ad42c3ef8d61a1475cf
a0738533be_gdocs_comments_export__vs__d5a56cdeb3_super_editor__gdocs_single_comment_ac5db87f_redline_745218f254,745218f254,with_comments_tracking,word_redlines_superdoc,fresh,/Users/arthrod/temp/T/compare_regen/out/745218f254__vs__745218f254.pdf,fa3b94e33fb2540dd34f1acfdd8c56019a9e3679cd0de3af88641021c2a13d78,/Users/arthrod/temp/T/neurotic_docx_bench/results/redlines_0929_full/jubarte-0.11.2/pdf_by_word/a0738533be_gdocs_comments_export__vs__d5a56cdeb3_super_editor__gdocs_single_comment_ac5db87f_redline_745218f254_jubarte-0.11.2.pdf,d0bc96d85e621ab51f927428081385fbf058930b46a83d2f878b7a084c8835ae
ae9360e096_behavior__sd_2672_merged_table_821b922c__vs__e663016796_behavior__sd_2672_multipara_cell_4d1f068e_redline_74842a7b93,74842a7b93,tracking_without_comments,word_redlines_superdoc,corpus,/Users/arthrod/temp/T/neurotic_docx_bench/corpus/word/tracking_without_comments/pdf/ae9360e096_behavior__sd_2672_merged_table_821b922c__vs__e663016796_behavior__sd_2672_multipara_cell_4d1f068e_redline_74842a7b93.pdf,aa4194bcca85ebad2e4bf06acf79347e93f973df3bdfa10e134869204f87a2c2,/Users/arthrod/temp/T/neurotic_docx_bench/results/redlines_0929_full/jubarte-0.11.2/pdf_by_word/ae9360e096_behavior__sd_2672_merged_table_821b922c__vs__e663016796_behavior__sd_2672_multipara_cell_4d1f068e_redline_74842a7b93_jubarte-0.11.2.pdf,a4c829e7c4d5330bc829348f347d7b1fc53175ff56feacd8fb264092f2b06c30
4f1b13334b_0002768ad2e3174d9c557d30d4a7a8d70ae4062e52383747__vs__deff0e697a_00b5defcad6e58038eac35472a2d48c89905068e5ece0cc3_redline_7496d9e432,7496d9e432,tracking_without_comments,redlines_a100_b10,corpus,/Users/arthrod/temp/T/neurotic_docx_bench/corpus/word/tracking_without_comments/pdf/4f1b13334b_0002768ad2e3174d9c557d30d4a7a8d70ae4062e52383747__vs__deff0e697a_00b5defcad6e58038eac35472a2d48c89905068e5ece0cc3_redline_7496d9e432.pdf,f6da4236a5943ef82010f1bec7a6858fa6b84dea32e4883e8f20ade81d390ff3,/Users/arthrod/temp/T/neurotic_docx_bench/results/redlines_0929_full/jubarte-0.11.2/pdf_by_word/4f1b13334b_0002768ad2e3174d9c557d30d4a7a8d70ae4062e52383747__vs__deff0e697a_00b5defcad6e58038eac35472a2d48c89905068e5ece0cc3_redline_7496d9e432_jubarte-0.11.2.pdf,43a37c1d58e29df44f186366cb471423d0760f6e5785491e616573fab4f53856
b8d342dce2_55168b9490e23f1c2ac65519a9186dd43da70b6f7959d39a__vs__6b0e955dfe_80114507a4f8f886e89fb8a2a9f656e5d843d92730916146_redline_749f24fa0e,749f24fa0e,tracking_without_comments,redlines_en_500,corpus,/Users/arthrod/temp/T/neurotic_docx_bench/corpus/word/tracking_without_comments/pdf/b8d342dce2_55168b9490e23f1c2ac65519a9186dd43da70b6f7959d39a__vs__6b0e955dfe_80114507a4f8f886e89fb8a2a9f656e5d843d92730916146_redline_749f24fa0e.pdf,abab09c3a3c7031a6c136a55be0d312c4172a9a21ac54ac43c2cc66363f25201,/Users/arthrod/temp/T/neurotic_docx_bench/results/redlines_0929_full/jubarte-0.11.2/pdf_by_word/b8d342dce2_55168b9490e23f1c2ac65519a9186dd43da70b6f7959d39a__vs__6b0e955dfe_80114507a4f8f886e89fb8a2a9f656e5d843d92730916146_redline_749f24fa0e_jubarte-0.11.2.pdf,49aad29967fba18cbb8d45a8a682ec65135f1514011dfee938974633c3307f14
12d245d664_9b100bdcf7bb34633c6e6f845b4ce3eae33d8a2096083e28__vs__c05043adc7_c237f28127c24437bbb8b4a83965a9db2c996d272f8e7736_redline_754a666443,754a666443,tracking_without_comments,redlines_en_500,corpus,/Users/arthrod/temp/T/neurotic_docx_bench/corpus/word/tracking_without_comments/pdf/12d245d664_9b100bdcf7bb34633c6e6f845b4ce3eae33d8a2096083e28__vs__c05043adc7_c237f28127c24437bbb8b4a83965a9db2c996d272f8e7736_redline_754a666443.pdf,a850fe90d794f8fe5c214ad0a0b187edf1b79c3db2276d8f9a18c8c4ce446fa0,/Users/arthrod/temp/T/neurotic_docx_bench/results/redlines_0929_full/jubarte-0.11.2/pdf_by_word/12d245d664_9b100bdcf7bb34633c6e6f845b4ce3eae33d8a2096083e28__vs__c05043adc7_c237f28127c24437bbb8b4a83965a9db2c996d272f8e7736_redline_754a666443_jubarte-0.11.2.pdf,d3958dad21626a019e621eda8d6262475fe406af7ad8090539e5b588fd66ab8e
906753e55b_super_editor__table_c70ca973__vs__3faf9e000d_super_editor__text_color_highlight_36cb4c90_redline_7595764e92,7595764e92,tracking_without_comments,word_redlines_superdoc_0926,corpus,/Users/arthrod/temp/T/neurotic_docx_bench/corpus/word/tracking_without_comments/pdf/906753e55b_super_editor__table_c70ca973__vs__3faf9e000d_super_editor__text_color_highlight_36cb4c90_redline_7595764e92.pdf,058799b2633b4581efc5b7d5b6dc7bf1d2d10b55e6fe2d71db0918da902fea6b,/Users/arthrod/temp/T/neurotic_docx_bench/results/redlines_0929_full/jubarte-0.11.2/pdf_by_word/906753e55b_super_editor__table_c70ca973__vs__3faf9e000d_super_editor__text_color_highlight_36cb4c90_redline_3fb1c82094_jubarte-0.11.2.pdf,c3d607ee2cc25dc3d87ff91d4f2397f7648c2f3f249c9e1b0c3201395c55fae8
64bdd3aded_footnotes_sample__vs__a0738533be_gdocs_comments_export_redline_75ff938b20,75ff938b20,with_comments_tracking,word_based;fixtures_word_compares,fresh,/Users/arthrod/temp/T/compare_regen/out/75ff938b20__vs__75ff938b20.pdf,724c21e98fcee2cdae5c4c6d3d781eaca81e5f880ac679241f7e8d4748bfbd16,/Users/arthrod/temp/T/neurotic_docx_bench/results/redlines_0929_full/jubarte-0.11.2/pdf_by_word/64bdd3aded_footnotes_sample__vs__a0738533be_gdocs_comments_export_redline_75ff938b20_jubarte-0.11.2.pdf,65ddc144dfaa28186693c6648d0300a47a6da3e939f4582801345f9033c586ba
9f6091a4ac_super_editor__threaded_comment_27bda0ba__vs__b3028f2d5b_super_editor__super_basic_table_86d8d916_redline_7643096759,7643096759,with_comments_tracking,word_redlines_superdoc_0926,fresh,/Users/arthrod/temp/T/compare_regen/out/7643096759__vs__7643096759.pdf,28a556caa14540adc5f347fd25272d4148783c2e8589310b0d811f1a12571380,/Users/arthrod/temp/T/neurotic_docx_bench/results/redlines_0929_full/jubarte-0.11.2/pdf_by_word/9f6091a4ac_super_editor__threaded_comment_27bda0ba__vs__b3028f2d5b_super_editor__super_basic_table_86d8d916_redline_254bc964f4_jubarte-0.11.2.pdf,f95016ba9ab911274feea314a162e4e1d4255f2ff7241f4e0d23bb1d7675c752
2a7aebb7ce_1118d92e486cd8c59e3b10ec9f28ef9188ec989b1120da52__vs__196c44dfba_2663487136794495a0c6c3b7f67609c690cfe18469576cbb_redline_766a042194,766a042194,tracking_without_comments,redlines_en_500,corpus,/Users/arthrod/temp/T/neurotic_docx_bench/corpus/word/tracking_without_comments/pdf/2a7aebb7ce_1118d92e486cd8c59e3b10ec9f28ef9188ec989b1120da52__vs__196c44dfba_2663487136794495a0c6c3b7f67609c690cfe18469576cbb_redline_766a042194.pdf,c956671753a067c670737a2fa8ff138141c45f7413782f8f33c06faa4b024254,/Users/arthrod/temp/T/neurotic_docx_bench/results/redlines_0929_full/jubarte-0.11.2/pdf_by_word/2a7aebb7ce_1118d92e486cd8c59e3b10ec9f28ef9188ec989b1120da52__vs__196c44dfba_2663487136794495a0c6c3b7f67609c690cfe18469576cbb_redline_766a042194_jubarte-0.11.2.pdf,8b3ca57a85a12188e46c062a9c12681edc982597f6726f6bc1d70fa8d02641cc
a3df367231_001a6655d72fbecf6a1d10e479eee052a779d6ba1d0848d7__vs__aa5340125d_00a4b0b91e9b5b072dc3771391c2d608518690eccf44eae8_redline_76b093bc91,76b093bc91,tracking_without_comments,redlines_a100_b10,corpus,/Users/arthrod/temp/T/neurotic_docx_bench/corpus/word/tracking_without_comments/pdf/a3df367231_001a6655d72fbecf6a1d10e479eee052a779d6ba1d0848d7__vs__aa5340125d_00a4b0b91e9b5b072dc3771391c2d608518690eccf44eae8_redline_76b093bc91.pdf,66ec7c1aca08c7d7dfd688c280691870cd3aab99adb4cce65e8a934113eaf0c0,/Users/arthrod/temp/T/neurotic_docx_bench/results/redlines_0929_full/jubarte-0.11.2/pdf_by_word/a3df367231_001a6655d72fbecf6a1d10e479eee052a779d6ba1d0848d7__vs__aa5340125d_00a4b0b91e9b5b072dc3771391c2d608518690eccf44eae8_redline_76b093bc91_jubarte-0.11.2.pdf,644b2d34d2822aac4511fe408032d40d24809c36a5b5fde3e66ba08c928d3d5a
4f1b13334b_0002768ad2e3174d9c557d30d4a7a8d70ae4062e52383747__vs__bd3824dd1e_000ee64ef7226d353297888f59a251e24ce5d776fea000fa_redline_77a403d02f,77a403d02f,tracking_without_comments,redlines_a100_b10,corpus,/Users/arthrod/temp/T/neurotic_docx_bench/corpus/word/tracking_without_comments/pdf/4f1b13334b_0002768ad2e3174d9c557d30d4a7a8d70ae4062e52383747__vs__bd3824dd1e_000ee64ef7226d353297888f59a251e24ce5d776fea000fa_redline_77a403d02f.pdf,6fb55b93fb480158c19f1e5392ed589b4ed70d8ee5a10c1f51099f7d3aec8d78,/Users/arthrod/temp/T/neurotic_docx_bench/results/redlines_0929_full/jubarte-0.11.2/pdf_by_word/4f1b13334b_0002768ad2e3174d9c557d30d4a7a8d70ae4062e52383747__vs__bd3824dd1e_000ee64ef7226d353297888f59a251e24ce5d776fea000fa_redline_77a403d02f_jubarte-0.11.2.pdf,f7f4443881e96336226684f8b5ffb57d80eeeddbc3c8d7f82d34c1a9095a769a
8138a2180b_file_145__vs__ac0bcc10fe_file_146_redline_77dfa18528,77dfa18528,with_comments_tracking,word_based_randomized,fresh,/Users/arthrod/temp/T/compare_regen/out/77dfa18528__vs__77dfa18528.pdf,cbe677127abd401ef91669c7bbd4dbe13c1e9d139293f7d6e794a8df531b782e,/Users/arthrod/temp/T/neurotic_docx_bench/results/redlines_0929_full/jubarte-0.11.2/pdf_by_word/8138a2180b_file_145__vs__ac0bcc10fe_file_146_redline_11e99a0b24_jubarte-0.11.2.pdf,67ac5dabff43d873cbebc62e80e8623dc96430a8335a8961a92e008dbf152fb6
d72fd74138_super_editor__ooxml_color_rstyle_linked_combos_d__vs__fd68f70f24_super_editor__ooxml_highlight_rstyle_linked_comb_redline_780e6a99fa,780e6a99fa,tracking_without_comments,word_redlines_superdoc_0926,corpus,/Users/arthrod/temp/T/neurotic_docx_bench/corpus/word/tracking_without_comments/pdf/d72fd74138_super_editor__ooxml_color_rstyle_linked_combos_d__vs__fd68f70f24_super_editor__ooxml_highlight_rstyle_linked_comb_redline_780e6a99fa.pdf,8b9db6ec783e54ebf2f9adf052e7fb3ed98b03793532c2ed9ee6807efd754f3d,/Users/arthrod/temp/T/neurotic_docx_bench/results/redlines_0929_full/jubarte-0.11.2/pdf_by_word/d72fd74138_super_editor__ooxml_color_rstyle_linked_combos_d__vs__fd68f70f24_super_editor__ooxml_highlight_rstyle_linked_comb_redline_4b58ae9bb4_jubarte-0.11.2.pdf,637a950db7a020e88c1c6ed970e987ae3d059abecedd72d9f3c3761e0383aaf9
d776ad9be7_super_editor__multi_section_doc_080d2655__vs__e81d1fa10c_behavior__pageref_standalone_uppercase_h_7701e07_redline_787e8e149a,787e8e149a,tracking_without_comments,word_redlines_superdoc,corpus,/Users/arthrod/temp/T/neurotic_docx_bench/corpus/word/tracking_without_comments/pdf/d776ad9be7_super_editor__multi_section_doc_080d2655__vs__e81d1fa10c_behavior__pageref_standalone_uppercase_h_7701e07_redline_787e8e149a.pdf,85aa92b29fa802a96f1d5b2cea70ee850b13f904038808dac0480f26dceb222a,/Users/arthrod/temp/T/neurotic_docx_bench/results/redlines_0929_full/jubarte-0.11.2/pdf_by_word/d776ad9be7_super_editor__multi_section_doc_080d2655__vs__e81d1fa10c_behavior__pageref_standalone_uppercase_h_7701e07_redline_4117d8340b_jubarte-0.11.2.pdf,fb8e5bd0509ad0d60b059a050a0e6aea1335499007c571df1595f6ac0af1628c
0619bc1b1d_file_84__vs__fad179ac0c_file_85_redline_7a9bcc2478,7a9bcc2478,tracking_without_comments,word_based_randomized,corpus,/Users/arthrod/temp/T/neurotic_docx_bench/corpus/word/tracking_without_comments/pdf/0619bc1b1d_file_84__vs__fad179ac0c_file_85_redline_7a9bcc2478.pdf,fc805e59da1a0746dbfb4fafb24618b133253a7f869c26c0476c4c05ea2f1203,/Users/arthrod/temp/T/neurotic_docx_bench/results/redlines_0929_full/jubarte-0.11.2/pdf_by_word/0619bc1b1d_file_84__vs__fad179ac0c_file_85_redline_7a9bcc2478_jubarte-0.11.2.pdf,78b3ebe7c4a9b7165528501e547f14187e9f0304932f0175058904a5347cbc60
b4ba29d456_left_alignment_demo_id_paraid_overflow__vs__bb46f61c5d_line_spacing_demo_id_paraid_overflow_redline_7b637208fb,7b637208fb,tracking_without_comments,word_based,corpus,/Users/arthrod/temp/T/neurotic_docx_bench/corpus/word/tracking_without_comments/pdf/b4ba29d456_left_alignment_demo_id_paraid_overflow__vs__bb46f61c5d_line_spacing_demo_id_paraid_overflow_redline_7b637208fb.pdf,7ee5a4887cfa2ddf9264df8c62de074fefed8ef7a9adfd37a25c3145ca1d62d1,/Users/arthrod/temp/T/neurotic_docx_bench/results/redlines_0929_full/jubarte-0.11.2/pdf_by_word/b4ba29d456_left_alignment_demo_id_paraid_overflow__vs__bb46f61c5d_line_spacing_demo_id_paraid_overflow_redline_434a1cac8e_jubarte-0.11.2.pdf,70391a4cae30fa6e3943a11af8a090b15b83f2b77f4981b2670e009d3ad92c10
3fc14675e5_italic_text_formatting_demo_id_paraid_overflow_2__vs__f26a5e4940_italic_text_formatting_demo_id_paraid_overflow_redline_7c3b405f35,7c3b405f35,tracking_without_comments,word_based,corpus,/Users/arthrod/temp/T/neurotic_docx_bench/corpus/word/tracking_without_comments/pdf/3fc14675e5_italic_text_formatting_demo_id_paraid_overflow_2__vs__f26a5e4940_italic_text_formatting_demo_id_paraid_overflow_redline_7c3b405f35.pdf,46f12620215928585258cdf02a9396a23149d896197772a0430678c36e8bf3ff,/Users/arthrod/temp/T/neurotic_docx_bench/results/redlines_0929_full/jubarte-0.11.2/pdf_by_word/3fc14675e5_italic_text_formatting_demo_id_paraid_overflow_2__vs__f26a5e4940_italic_text_formatting_demo_id_paraid_overflow_redline_3f1ba46ee7_jubarte-0.11.2.pdf,75be3080c7217359772c43399df647d8d06ba8ad3c8a5a280a90841e342d583b
60dfd517a9_00f0e7f365a34acc5911a38c89776a4bdd2ba1685edcd0cc__vs__5203829c7a_001cc92b88566d5f930fe57f25813c0bf52a7bdc72c217d0_redline_7c845c604b,7c845c604b,tracking_without_comments,redlines_a100_b10,corpus,/Users/arthrod/temp/T/neurotic_docx_bench/corpus/word/tracking_without_comments/pdf/60dfd517a9_00f0e7f365a34acc5911a38c89776a4bdd2ba1685edcd0cc__vs__5203829c7a_001cc92b88566d5f930fe57f25813c0bf52a7bdc72c217d0_redline_7c845c604b.pdf,dc2936a78c23c9c51762a5d443a31adea45d4e30b01c8780d40f369a590bbf76,/Users/arthrod/temp/T/neurotic_docx_bench/results/redlines_0929_full/jubarte-0.11.2/pdf_by_word/60dfd517a9_00f0e7f365a34acc5911a38c89776a4bdd2ba1685edcd0cc__vs__5203829c7a_001cc92b88566d5f930fe57f25813c0bf52a7bdc72c217d0_redline_7c845c604b_jubarte-0.11.2.pdf,ffa2c346392386401c095e1b7a172f42e68f97e7039073bae3c925304c975f62
a3df367231_001a6655d72fbecf6a1d10e479eee052a779d6ba1d0848d7__vs__a5f2b9318d_002aa60c2ae1187417b4b157c5ec6450324cc056ec551a12_redline_7c91c539fa,7c91c539fa,tracking_without_comments,redlines_a100_b10,corpus,/Users/arthrod/temp/T/neurotic_docx_bench/corpus/word/tracking_without_comments/pdf/a3df367231_001a6655d72fbecf6a1d10e479eee052a779d6ba1d0848d7__vs__a5f2b9318d_002aa60c2ae1187417b4b157c5ec6450324cc056ec551a12_redline_7c91c539fa.pdf,aa5273c85ce88a7b21ecb9d1852e6ceac937e54230261b67a40069142f04ed56,/Users/arthrod/temp/T/neurotic_docx_bench/results/redlines_0929_full/jubarte-0.11.2/pdf_by_word/a3df367231_001a6655d72fbecf6a1d10e479eee052a779d6ba1d0848d7__vs__a5f2b9318d_002aa60c2ae1187417b4b157c5ec6450324cc056ec551a12_redline_7c91c539fa_jubarte-0.11.2.pdf,9bda0e3f3f343d8a4bc065316835a0a7e238038635a61a9c095530e3f9000643
a21c45464c_super_editor__shape_group_ce60e1e6__vs__14211b982b_super_editor__simple_ordered_list_8288421a_redline_7d2b2ee4c8,7d2b2ee4c8,tracking_without_comments,word_redlines_superdoc_0926,corpus,/Users/arthrod/temp/T/neurotic_docx_bench/corpus/word/tracking_without_comments/pdf/a21c45464c_super_editor__shape_group_ce60e1e6__vs__14211b982b_super_editor__simple_ordered_list_8288421a_redline_7d2b2ee4c8.pdf,5e34c8aea1a44a9cf7079c3e7b63826a9892e523d8b66b2c1af00620df68d5f5,/Users/arthrod/temp/T/neurotic_docx_bench/results/redlines_0929_full/jubarte-0.11.2/pdf_by_word/a21c45464c_super_editor__shape_group_ce60e1e6__vs__14211b982b_super_editor__simple_ordered_list_8288421a_redline_764c23f57d_jubarte-0.11.2.pdf,d3ef3659cfd19106f1044f6956bab28353d48a74e646f87cea39b3c7ef78b648
f43929f70c_verdana_bold_large_font_id_paraid_overflow__vs__3413da1703_verdana_font_demo_id_paraid_overflow_2_redline_7da45f822a,7da45f822a,with_comments_tracking,word_based_0926,fresh,/Users/arthrod/temp/T/compare_regen/out/7da45f822a__vs__7da45f822a.pdf,6ef2ae3a9447163d9917d7ce5e4f712edf473762d509a95d3d28d7b6b9517380,/Users/arthrod/temp/T/neurotic_docx_bench/results/redlines_0929_full/jubarte-0.11.2/pdf_by_word/f43929f70c_verdana_bold_large_font_id_paraid_overflow__vs__3413da1703_verdana_font_demo_id_paraid_overflow_2_redline_7da45f822a_jubarte-0.11.2.pdf,3a11640d8fd7c6667ff54eacd4506fdfedd93144b9ba677c42ffce860705bf3a
25f07e0823_super_editor__sd_1919_word_mixed_33e049ca__vs__76827c9f6c_super_editor__sd_1480_two_col_index_0138dccc_redline_7df026e914,7df026e914,tracking_without_comments,word_redlines_superdoc_0926,corpus,/Users/arthrod/temp/T/neurotic_docx_bench/corpus/word/tracking_without_comments/pdf/25f07e0823_super_editor__sd_1919_word_mixed_33e049ca__vs__76827c9f6c_super_editor__sd_1480_two_col_index_0138dccc_redline_7df026e914.pdf,b16896be34c390103427af3f9be15e92685c747625af5edd869350ca45b360fe,/Users/arthrod/temp/T/neurotic_docx_bench/results/redlines_0929_full/jubarte-0.11.2/pdf_by_word/25f07e0823_super_editor__sd_1919_word_mixed_33e049ca__vs__76827c9f6c_super_editor__sd_1480_two_col_index_0138dccc_redline_639abc8bb9_jubarte-0.11.2.pdf,8b22f2d10f47231da750a620b87cb8d7c2a23e0d59e8e19c676ae695e8b69796
4f1b13334b_0002768ad2e3174d9c557d30d4a7a8d70ae4062e52383747__vs__5203829c7a_001cc92b88566d5f930fe57f25813c0bf52a7bdc72c217d0_redline_7e598e6a80,7e598e6a80,tracking_without_comments,redlines_a100_b10,corpus,/Users/arthrod/temp/T/neurotic_docx_bench/corpus/word/tracking_without_comments/pdf/4f1b13334b_0002768ad2e3174d9c557d30d4a7a8d70ae4062e52383747__vs__5203829c7a_001cc92b88566d5f930fe57f25813c0bf52a7bdc72c217d0_redline_7e598e6a80.pdf,c15f3765e490c5f34b48bdf38f0be3e9fba221d07d516dc311405e189dccc5dc,/Users/arthrod/temp/T/neurotic_docx_bench/results/redlines_0929_full/jubarte-0.11.2/pdf_by_word/4f1b13334b_0002768ad2e3174d9c557d30d4a7a8d70ae4062e52383747__vs__5203829c7a_001cc92b88566d5f930fe57f25813c0bf52a7bdc72c217d0_redline_7e598e6a80_jubarte-0.11.2.pdf,ee22ef61b85e1ecdc3808d6f1835f0bc237aff619d59fd086b73aa82f7afe2f4
34ed7ebd0f_227afe23857a4ab9a224864c35859a646d77964f0091d286__vs__8540241422_1a8b2f10c75536052e991733f8d68e4e56ad2bac943b4fdf_redline_7ee9ae5c62,7ee9ae5c62,tracking_without_comments,redlines_en_500,corpus,/Users/arthrod/temp/T/neurotic_docx_bench/corpus/word/tracking_without_comments/pdf/34ed7ebd0f_227afe23857a4ab9a224864c35859a646d77964f0091d286__vs__8540241422_1a8b2f10c75536052e991733f8d68e4e56ad2bac943b4fdf_redline_7ee9ae5c62.pdf,77223e6fc0e6c5eb94d7e0df3a80845ac0a937d86ccf2cc7c3a436979bc52a10,/Users/arthrod/temp/T/neurotic_docx_bench/results/redlines_0929_full/jubarte-0.11.2/pdf_by_word/34ed7ebd0f_227afe23857a4ab9a224864c35859a646d77964f0091d286__vs__8540241422_1a8b2f10c75536052e991733f8d68e4e56ad2bac943b4fdf_redline_7ee9ae5c62_jubarte-0.11.2.pdf,d8ebb7d36b3bf0e8f2545d4979af00693d37b5479d38b807e6ce50866ab3f032
8e362f619c_001a1c8e7a7ce5a802479fb58bf4affd239449ecb33b64ec__vs__333bfe069a_003416d620331122b93b434dad901db5836f60d2cad4b533_redline_7f408eb035,7f408eb035,tracking_without_comments,redlines_a100_b10,corpus,/Users/arthrod/temp/T/neurotic_docx_bench/corpus/word/tracking_without_comments/pdf/8e362f619c_001a1c8e7a7ce5a802479fb58bf4affd239449ecb33b64ec__vs__333bfe069a_003416d620331122b93b434dad901db5836f60d2cad4b533_redline_7f408eb035.pdf,2ef71670e2346318b617f1cfcef300acaaaad7e0f35c9bac59917a67e71b91b7,/Users/arthrod/temp/T/neurotic_docx_bench/results/redlines_0929_full/jubarte-0.11.2/pdf_by_word/8e362f619c_001a1c8e7a7ce5a802479fb58bf4affd239449ecb33b64ec__vs__333bfe069a_003416d620331122b93b434dad901db5836f60d2cad4b533_redline_7f408eb035_jubarte-0.11.2.pdf,af1f9bd01e9e5313c2ee9bdc18634f2287767e38fa4e41b2c21931d69f467495
abd0b75d88_file_184__vs__9c6ebd430d_file_185_redline_7f412aa4b4,7f412aa4b4,with_comments_tracking,word_based_randomized,fresh,/Users/arthrod/temp/T/compare_regen/out/7f412aa4b4__vs__7f412aa4b4.pdf,312b2bdf738477a33678cbd8fb1e387c287a5178d432fa3db2fb3d508757c2f7,/Users/arthrod/temp/T/neurotic_docx_bench/results/redlines_0929_full/jubarte-0.11.2/pdf_by_word/abd0b75d88_file_184__vs__9c6ebd430d_file_185_redline_7f412aa4b4_jubarte-0.11.2.pdf,1eb9d6fc228f06034952c5d668e3b35b88e92f381c287596a276964126879e4a
5adc853144_insert_link_demo_id_paraid_overflow__vs__e615c89269_inventory_list_suggesting_deletions_redline_7fd2b78918,7fd2b78918,tracking_without_comments,word_based,corpus,/Users/arthrod/temp/T/neurotic_docx_bench/corpus/word/tracking_without_comments/pdf/5adc853144_insert_link_demo_id_paraid_overflow__vs__e615c89269_inventory_list_suggesting_deletions_redline_7fd2b78918.pdf,f3d6c3b61582445a59e7abe6344dfe9052c3e9ea88c29c0f64c012dd4620358a,/Users/arthrod/temp/T/neurotic_docx_bench/results/redlines_0929_full/jubarte-0.11.2/pdf_by_word/5adc853144_insert_link_demo_id_paraid_overflow__vs__e615c89269_inventory_list_suggesting_deletions_redline_0907085a84_jubarte-0.11.2.pdf,45d8b11664326517b774d7bb0793a67c6b40924f4d13858fdfc66044853ee41e
286955227d_0134fe85fb88da2accd6637e1c44bdd4f8b7fbb533bd47ba__vs__342f364d46_001342333d45627868f4dc5282abbba4598a91b4a7584b08_redline_7ff6ee4617,7ff6ee4617,tracking_without_comments,redlines_a100_b10,corpus,/Users/arthrod/temp/T/neurotic_docx_bench/corpus/word/tracking_without_comments/pdf/286955227d_0134fe85fb88da2accd6637e1c44bdd4f8b7fbb533bd47ba__vs__342f364d46_001342333d45627868f4dc5282abbba4598a91b4a7584b08_redline_7ff6ee4617.pdf,3404127c6f2d3624f1b9cb6482d9cc0fd323db4d9542062c1e752a29be7d23f9,/Users/arthrod/temp/T/neurotic_docx_bench/results/redlines_0929_full/jubarte-0.11.2/pdf_by_word/286955227d_0134fe85fb88da2accd6637e1c44bdd4f8b7fbb533bd47ba__vs__342f364d46_001342333d45627868f4dc5282abbba4598a91b4a7584b08_redline_7ff6ee4617_jubarte-0.11.2.pdf,6837225607c13fb6a4ce046b3889e9a7e62e052f0b3016df43d5fd3b539c31a5
52220b20c3_00a54bff7e15af78fe7cfc20219c28cb208fde807bd28d44__vs__bd3824dd1e_000ee64ef7226d353297888f59a251e24ce5d776fea000fa_redline_8018df6bdf,8018df6bdf,tracking_without_comments,redlines_a100_b10,corpus,/Users/arthrod/temp/T/neurotic_docx_bench/corpus/word/tracking_without_comments/pdf/52220b20c3_00a54bff7e15af78fe7cfc20219c28cb208fde807bd28d44__vs__bd3824dd1e_000ee64ef7226d353297888f59a251e24ce5d776fea000fa_redline_8018df6bdf.pdf,87c5953b87c66f0958b13197e23e1b370b707e3a40f25a85d241a1b423b06f1a,/Users/arthrod/temp/T/neurotic_docx_bench/results/redlines_0929_full/jubarte-0.11.2/pdf_by_word/52220b20c3_00a54bff7e15af78fe7cfc20219c28cb208fde807bd28d44__vs__bd3824dd1e_000ee64ef7226d353297888f59a251e24ce5d776fea000fa_redline_8018df6bdf_jubarte-0.11.2.pdf,52c0a1371fd178d2b09ade8b803efb60d0d7acfa186fc989d52b91d5e9a8a2f0
3413da1703_verdana_font_demo_id_paraid_overflow_2__vs__ac4b41aa8e_verdana_font_demo_id_paraid_overflow_redline_804039550d,804039550d,tracking_without_comments,word_based;fixtures_word_compares,fresh,/Users/arthrod/temp/T/compare_regen/out/804039550d__vs__804039550d.pdf,c81d5eee396ba9390758eda71d930d37ba2d0c0cc534c2fe8b970d66899bc809,/Users/arthrod/temp/T/neurotic_docx_bench/results/redlines_0929_full/jubarte-0.11.2/pdf_by_word/3413da1703_verdana_font_demo_id_paraid_overflow_2__vs__ac4b41aa8e_verdana_font_demo_id_paraid_overflow_redline_804039550d_jubarte-0.11.2.pdf,5227c441ed994e4d784648fe1f52e6130a7e3eb06e265e2f64aa88a94ad7b266
9a3be7c3ef_1abcbb169cc4860a783d2b17aec0bce05e00bd1a21d6383d__vs__0c16c039fe_7ffc1357d0f453d7d5b119b7116adbb3eb28540e9ea09253_redline_8200c1e0af,8200c1e0af,tracking_without_comments,redlines_en_500,corpus,/Users/arthrod/temp/T/neurotic_docx_bench/corpus/word/tracking_without_comments/pdf/9a3be7c3ef_1abcbb169cc4860a783d2b17aec0bce05e00bd1a21d6383d__vs__0c16c039fe_7ffc1357d0f453d7d5b119b7116adbb3eb28540e9ea09253_redline_8200c1e0af.pdf,4e811dad75a20e4beb609e963f5d2a3a8946bc689473ba9b33665344ce197a65,/Users/arthrod/temp/T/neurotic_docx_bench/results/redlines_0929_full/jubarte-0.11.2/pdf_by_word/9a3be7c3ef_1abcbb169cc4860a783d2b17aec0bce05e00bd1a21d6383d__vs__0c16c039fe_7ffc1357d0f453d7d5b119b7116adbb3eb28540e9ea09253_redline_8200c1e0af_jubarte-0.11.2.pdf,c510ce0533656fb571c3e4e0ae8c959655013a0e93c3172cc3b72787cace0a33
68526de79b_file_77__vs__7476f5fbb1_file_78_redline_822ad81a4c,822ad81a4c,with_comments_tracking,word_based_randomized,fresh,/Users/arthrod/temp/T/compare_regen/out/822ad81a4c__vs__822ad81a4c.pdf,161396e8f6f2e9f96a58b427fbc6193e83e67fcfcf4df4941b83850e46eb9161,/Users/arthrod/temp/T/neurotic_docx_bench/results/redlines_0929_full/jubarte-0.11.2/pdf_by_word/68526de79b_file_77__vs__7476f5fbb1_file_78_redline_7cc19c9376_jubarte-0.11.2.pdf,199525710022d4ce93f929d5c94fcf423e858231f9005a65f9fc590ab5e8008f
a4ebc0e89c_0016d88a731db087feb2e28e8bfc163c1fe94df0ee048d55__vs__333bfe069a_003416d620331122b93b434dad901db5836f60d2cad4b533_redline_8231dbd001,8231dbd001,tracking_without_comments,redlines_a100_b10,corpus,/Users/arthrod/temp/T/neurotic_docx_bench/corpus/word/tracking_without_comments/pdf/a4ebc0e89c_0016d88a731db087feb2e28e8bfc163c1fe94df0ee048d55__vs__333bfe069a_003416d620331122b93b434dad901db5836f60d2cad4b533_redline_8231dbd001.pdf,514070cedbb33c65798b536856fa7a5b95f2712458413fd12a5a6b106c1f9c32,/Users/arthrod/temp/T/neurotic_docx_bench/results/redlines_0929_full/jubarte-0.11.2/pdf_by_word/a4ebc0e89c_0016d88a731db087feb2e28e8bfc163c1fe94df0ee048d55__vs__333bfe069a_003416d620331122b93b434dad901db5836f60d2cad4b533_redline_8231dbd001_jubarte-0.11.2.pdf,36ecf5627aee28d3fccebde9beb84918a9acf9429291717b0fd68f1e27845559
8c67bcfe65_d41a99929b13b393a913649f7b39e9df2a6aa4878230cf7e__vs__49fe5bd42a_f50f63dd4889ab0b190ef8a18dfa6b8eb308ab352f519bf4_redline_8287241b7c,8287241b7c,tracking_without_comments,redlines_en_500,corpus,/Users/arthrod/temp/T/neurotic_docx_bench/corpus/word/tracking_without_comments/pdf/8c67bcfe65_d41a99929b13b393a913649f7b39e9df2a6aa4878230cf7e__vs__49fe5bd42a_f50f63dd4889ab0b190ef8a18dfa6b8eb308ab352f519bf4_redline_8287241b7c.pdf,d3581f7e6ae9774f624ff4a4f9e4c06646ef9fe13273012409b3b443010878d8,/Users/arthrod/temp/T/neurotic_docx_bench/results/redlines_0929_full/jubarte-0.11.2/pdf_by_word/8c67bcfe65_d41a99929b13b393a913649f7b39e9df2a6aa4878230cf7e__vs__49fe5bd42a_f50f63dd4889ab0b190ef8a18dfa6b8eb308ab352f519bf4_redline_8287241b7c_jubarte-0.11.2.pdf,3b944df3ee6de0dbd111fe21500d413f995b7e0cd6a6b397eefa9ff9c560ac56
756fb54224_potpourritest__vs__f7d8cdf9a9_product_roadmap_2026_suggesting_insertions_redline_8358846f3a,8358846f3a,with_comments_tracking,word_based;fixtures_word_compares,fresh,/Users/arthrod/temp/T/compare_regen/out/8358846f3a__vs__8358846f3a.pdf,5765e7b4c5aa3298fc0c32be7a53014ce926f57e95ef8f7718f8957d203fe568,/Users/arthrod/temp/T/neurotic_docx_bench/results/redlines_0929_full/jubarte-0.11.2/pdf_by_word/756fb54224_potpourritest__vs__f7d8cdf9a9_product_roadmap_2026_suggesting_insertions_redline_8358846f3a_jubarte-0.11.2.pdf,ebc4b819f8c22139ddaa827c30104ddd0b0fad0179e57335116a422df852fd61
7e405bc8f2_font_size_12_demo_id_paraid_overflow__vs__93e2be10e6_font_size_18_demo_style_default_missing_redline_83b966e72a,83b966e72a,tracking_without_comments,word_based_0926,corpus,/Users/arthrod/temp/T/neurotic_docx_bench/corpus/word/tracking_without_comments/pdf/7e405bc8f2_font_size_12_demo_id_paraid_overflow__vs__93e2be10e6_font_size_18_demo_style_default_missing_redline_83b966e72a.pdf,939f6825f081491adb3cc15e3db527526744810cb7e37f44f66b7c2eb1cc026f,/Users/arthrod/temp/T/neurotic_docx_bench/results/redlines_0929_full/jubarte-0.11.2/pdf_by_word/7e405bc8f2_font_size_12_demo_id_paraid_overflow__vs__93e2be10e6_font_size_18_demo_style_default_missing_redline_83b966e72a_jubarte-0.11.2.pdf,35de3c6dafd0c3399b4685af181d3e2bc931ee38c20e39a5ea9ee1dc569c862f
899ef4306e_0017891576e438292c35db3155e97d16ec0d68144e21bfc3__vs__2773adf157_0004c94ca2a8684d47449bb0e7abf87de1df71a7e6543252_redline_83ba58bf48,83ba58bf48,tracking_without_comments,redlines_a100_b10,corpus,/Users/arthrod/temp/T/neurotic_docx_bench/corpus/word/tracking_without_comments/pdf/899ef4306e_0017891576e438292c35db3155e97d16ec0d68144e21bfc3__vs__2773adf157_0004c94ca2a8684d47449bb0e7abf87de1df71a7e6543252_redline_83ba58bf48.pdf,73239e2b2520a08f6b99d16063d52e96b11ac5bc4f3dbbd6471fcc46d4d4d245,/Users/arthrod/temp/T/neurotic_docx_bench/results/redlines_0929_full/jubarte-0.11.2/pdf_by_word/899ef4306e_0017891576e438292c35db3155e97d16ec0d68144e21bfc3__vs__2773adf157_0004c94ca2a8684d47449bb0e7abf87de1df71a7e6543252_redline_83ba58bf48_jubarte-0.11.2.pdf,45a732c45516b2e99d1c3e9a5736704ea42a8edf35d207d971058da2edd03ff9
1c5bd81def_super_editor__multiple_nodes_in_list_79d915a2__vs__d03da97287_super_editor__nested_comments_gdocs_0c8668e1_redline_83ec2122ff,83ec2122ff,with_comments_tracking,word_redlines_superdoc,fresh,/Users/arthrod/temp/T/compare_regen/out/83ec2122ff__vs__83ec2122ff.pdf,ed1709d7592257ea9c28504ba6cf74fe3e4dc9bea3c3b26405454f7d79378a9e,/Users/arthrod/temp/T/neurotic_docx_bench/results/redlines_0929_full/jubarte-0.11.2/pdf_by_word/1c5bd81def_super_editor__multiple_nodes_in_list_79d915a2__vs__d03da97287_super_editor__nested_comments_gdocs_0c8668e1_redline_83ec2122ff_jubarte-0.11.2.pdf,48a285c158066dc4b8a6d6fdad1e2cbe2795957dcb4ca8d30f6ab8ea9b795c0c
dcf7dd476f_super_editor__superdoc_table_tester_3b2de2e1__vs__f89ff5989b_evals__nda_7f304918_redline_83ec99367f,83ec99367f,tracking_without_comments,word_redlines_superdoc,corpus,/Users/arthrod/temp/T/neurotic_docx_bench/corpus/word/tracking_without_comments/pdf/dcf7dd476f_super_editor__superdoc_table_tester_3b2de2e1__vs__f89ff5989b_evals__nda_7f304918_redline_83ec99367f.pdf,1c909aadead2bb0b0bfb39092a258c45a3a3bad8e3c99d8dcc472d0e04e22041,/Users/arthrod/temp/T/neurotic_docx_bench/results/redlines_0929_full/jubarte-0.11.2/pdf_by_word/dcf7dd476f_super_editor__superdoc_table_tester_3b2de2e1__vs__f89ff5989b_evals__nda_7f304918_redline_699b8c72c1_jubarte-0.11.2.pdf,7805a39dae70db4fb6db4c9ab54f7d271f95f8419aefb8551a6e9e7a459d0d2f
57ff9e1b30_file_89__vs__9c8272b1e2_file_90_redline_849e0cb7c4,849e0cb7c4,with_comments_tracking,word_based_randomized,fresh,/Users/arthrod/temp/T/compare_regen/out/849e0cb7c4__vs__849e0cb7c4.pdf,b5d612955928f9355446086bcf764edbe21451fca9623d6704665711804906b6,/Users/arthrod/temp/T/neurotic_docx_bench/results/redlines_0929_full/jubarte-0.11.2/pdf_by_word/57ff9e1b30_file_89__vs__9c8272b1e2_file_90_redline_849e0cb7c4_jubarte-0.11.2.pdf,f0fd578c1c3c5622f7afc7adddc39f0512fcdc7c741338d6cfe6c53c923e2de2
0e6f813e69_00d2ca27359f3d1d5ee2c2904b48a3e4717faf7fdf6413f6__vs__1424386e9b_017447de83753a0e3b7afc659df038ef56972925336c6a5b_redline_862df17b60,862df17b60,tracking_without_comments,redlines_a100_b10,corpus,/Users/arthrod/temp/T/neurotic_docx_bench/corpus/word/tracking_without_comments/pdf/0e6f813e69_00d2ca27359f3d1d5ee2c2904b48a3e4717faf7fdf6413f6__vs__1424386e9b_017447de83753a0e3b7afc659df038ef56972925336c6a5b_redline_862df17b60.pdf,2926f3ddbc2fb4f0a68a7bb90eb7cdf556307b8a4a0abf2af39700bb5f23e7fa,/Users/arthrod/temp/T/neurotic_docx_bench/results/redlines_0929_full/jubarte-0.11.2/pdf_by_word/0e6f813e69_00d2ca27359f3d1d5ee2c2904b48a3e4717faf7fdf6413f6__vs__1424386e9b_017447de83753a0e3b7afc659df038ef56972925336c6a5b_redline_862df17b60_jubarte-0.11.2.pdf,2c281bb7510ffc785a79513a1ff801888b6e837ba201d5726fa508221689cc25
76a40d9ffd_000e618d79bf03ff1783da81e6c34b7ad651896dd56e75a4__vs__2773adf157_0004c94ca2a8684d47449bb0e7abf87de1df71a7e6543252_redline_8684b04242,8684b04242,tracking_without_comments,redlines_a100_b10,corpus,/Users/arthrod/temp/T/neurotic_docx_bench/corpus/word/tracking_without_comments/pdf/76a40d9ffd_000e618d79bf03ff1783da81e6c34b7ad651896dd56e75a4__vs__2773adf157_0004c94ca2a8684d47449bb0e7abf87de1df71a7e6543252_redline_8684b04242.pdf,7cedc5d6bd5eb9700bb005c3d176fdad4ffd24f4bc634d70e6badde64a0cc733,/Users/arthrod/temp/T/neurotic_docx_bench/results/redlines_0929_full/jubarte-0.11.2/pdf_by_word/76a40d9ffd_000e618d79bf03ff1783da81e6c34b7ad651896dd56e75a4__vs__2773adf157_0004c94ca2a8684d47449bb0e7abf87de1df71a7e6543252_redline_8684b04242_jubarte-0.11.2.pdf,80fd0df672115bcfca889354fdbdd960b870d46e98e3062ff1952a6bcd8e103c
ed0aa93b58_file_18__vs__9bf625ba95_file_19_redline_8694636a78,8694636a78,with_comments_tracking,word_based_randomized,fresh,/Users/arthrod/temp/T/compare_regen/out/8694636a78__vs__8694636a78.pdf,c04e582a37629c9f19e94d7a67d26b9e8fd743d58213e79e34d2e244e9fd2719,/Users/arthrod/temp/T/neurotic_docx_bench/results/redlines_0929_full/jubarte-0.11.2/pdf_by_word/ed0aa93b58_file_18__vs__9bf625ba95_file_19_redline_8694636a78_jubarte-0.11.2.pdf,6871643b785ffac2ca81dd7a885e2ef0cfc85cb8ac9084dcd60b01568ad45a77
4841fd31f0_q1_sales_summary_table__vs__28033140a2_quarterly_performance_report_table_2_redline_86aef9a34a,86aef9a34a,tracking_without_comments,nocomments,corpus,/Users/arthrod/temp/T/neurotic_docx_bench/corpus/word/tracking_without_comments/pdf/4841fd31f0_q1_sales_summary_table__vs__28033140a2_quarterly_performance_report_table_2_redline_86aef9a34a.pdf,3d28bff88c0306fb276df85e6e9e53c3f9328114745e1867bb18c52245d4ddd9,/Users/arthrod/temp/T/neurotic_docx_bench/results/redlines_0929_full/jubarte-0.11.2/pdf_by_word/4841fd31f0_q1_sales_summary_table__vs__28033140a2_quarterly_performance_report_table_2_redline_86aef9a34a_jubarte-0.11.2.pdf,13573f7e2a8970c52cc2b07db20a4bd58760dfe09a497073c6432e4025617e88
3755bf5762_0000a3a991f56b6660c630eb426231a3b4ec31e40313aab9__vs__bd3824dd1e_000ee64ef7226d353297888f59a251e24ce5d776fea000fa_redline_8707a2c3e0,8707a2c3e0,tracking_without_comments,redlines_a100_b10,corpus,/Users/arthrod/temp/T/neurotic_docx_bench/corpus/word/tracking_without_comments/pdf/3755bf5762_0000a3a991f56b6660c630eb426231a3b4ec31e40313aab9__vs__bd3824dd1e_000ee64ef7226d353297888f59a251e24ce5d776fea000fa_redline_8707a2c3e0.pdf,1a8aa7e1e016d95331e1068fbbe992442eda3098fba8c8c0eda4a981eb010e9b,/Users/arthrod/temp/T/neurotic_docx_bench/results/redlines_0929_full/jubarte-0.11.2/pdf_by_word/3755bf5762_0000a3a991f56b6660c630eb426231a3b4ec31e40313aab9__vs__bd3824dd1e_000ee64ef7226d353297888f59a251e24ce5d776fea000fa_redline_8707a2c3e0_jubarte-0.11.2.pdf,0aaa9f440c9b78d81da5bf8b22c9ddda2131a5ef79c87688ba4263fa0222ee11
058cd936de_super_editor__image_doc_c7d007ac__vs__de8054b3bc_super_editor__image_p_spacing_9b211fd7_redline_8859b473b1,8859b473b1,tracking_without_comments,word_redlines_superdoc,corpus,/Users/arthrod/temp/T/neurotic_docx_bench/corpus/word/tracking_without_comments/pdf/058cd936de_super_editor__image_doc_c7d007ac__vs__de8054b3bc_super_editor__image_p_spacing_9b211fd7_redline_8859b473b1.pdf,b7d0d66a5a74fc011bcb1795ccf2ca42dd260c197e5eda306f30be15bb6b0da5,/Users/arthrod/temp/T/neurotic_docx_bench/results/redlines_0929_full/jubarte-0.11.2/pdf_by_word/058cd936de_super_editor__image_doc_c7d007ac__vs__de8054b3bc_super_editor__image_p_spacing_9b211fd7_redline_8859b473b1_jubarte-0.11.2.pdf,aa3cb18ab45b514713503752e1e7d0a7119da061840262ec77648f3e002a8286
9c264cb6bc_cdbe3d46d7dd78c6acf55321a1676e6baf55913ded0a082d__vs__7a37f4799c_d3cc2a89604fcd46701931d35bcfd2054842ca60c730b344_redline_88f6793bd8,88f6793bd8,tracking_without_comments,redlines_en_500,corpus,/Users/arthrod/temp/T/neurotic_docx_bench/corpus/word/tracking_without_comments/pdf/9c264cb6bc_cdbe3d46d7dd78c6acf55321a1676e6baf55913ded0a082d__vs__7a37f4799c_d3cc2a89604fcd46701931d35bcfd2054842ca60c730b344_redline_88f6793bd8.pdf,65a0c438de9c2822e23312d89849cf9790cf5060e5351c722d70783cafb72120,/Users/arthrod/temp/T/neurotic_docx_bench/results/redlines_0929_full/jubarte-0.11.2/pdf_by_word/9c264cb6bc_cdbe3d46d7dd78c6acf55321a1676e6baf55913ded0a082d__vs__7a37f4799c_d3cc2a89604fcd46701931d35bcfd2054842ca60c730b344_redline_88f6793bd8_jubarte-0.11.2.pdf,328d00cd2814a9469adb50dd9a76f03fb36689468d9cc579d04f5ecdaa4739db
d776ad9be7_super_editor__multi_section_doc_080d2655__vs__1c5bd81def_super_editor__multiple_nodes_in_list_79d915a2_redline_89dcc843ca,89dcc843ca,tracking_without_comments,word_redlines_superdoc,corpus,/Users/arthrod/temp/T/neurotic_docx_bench/corpus/word/tracking_without_comments/pdf/d776ad9be7_super_editor__multi_section_doc_080d2655__vs__1c5bd81def_super_editor__multiple_nodes_in_list_79d915a2_redline_89dcc843ca.pdf,59b731154e74872527cf763f7aa73a5fb87c636b8f53a4a93c20912a0079c9f5,/Users/arthrod/temp/T/neurotic_docx_bench/results/redlines_0929_full/jubarte-0.11.2/pdf_by_word/d776ad9be7_super_editor__multi_section_doc_080d2655__vs__1c5bd81def_super_editor__multiple_nodes_in_list_79d915a2_redline_2fb2572c2e_jubarte-0.11.2.pdf,e081fb25849c2c2c6b546f5817ba14bf23bb58100338421bc3fc90789d08d7c6
5a8152b0cd_justify_alignment_demo_id_paraid_overflow__vs__1f4891aebe_large_font_size_demo_id_paraid_overflow_redline_8a0c950e5d,8a0c950e5d,tracking_without_comments,word_based,corpus,/Users/arthrod/temp/T/neurotic_docx_bench/corpus/word/tracking_without_comments/pdf/5a8152b0cd_justify_alignment_demo_id_paraid_overflow__vs__1f4891aebe_large_font_size_demo_id_paraid_overflow_redline_8a0c950e5d.pdf,37779f993e763a00c83985a98bea1b3e41a18e42efe0fa577d019cc4ca259b25,/Users/arthrod/temp/T/neurotic_docx_bench/results/redlines_0929_full/jubarte-0.11.2/pdf_by_word/5a8152b0cd_justify_alignment_demo_id_paraid_overflow__vs__1f4891aebe_large_font_size_demo_id_paraid_overflow_redline_0c59a03988_jubarte-0.11.2.pdf,d80cba5fd8d9425d3c5223e3d373a57953a818ee0bf94db02b036ad86f9cddf9
f529133cd5_super_editor__basic_comment_d3ba5f1e__vs__75aeff4f58_super_editor__diff_after9_a9d4b4b0_redline_8abeeabff4,8abeeabff4,with_comments_tracking,word_redlines_superdoc_0926,fresh,/Users/arthrod/temp/T/compare_regen/out/8abeeabff4__vs__8abeeabff4.pdf,26a3e16daf1b0f7c5362dab0d5dc697ec116e43f55b0cd8bbed64760ba8e382c,/Users/arthrod/temp/T/neurotic_docx_bench/results/redlines_0929_full/jubarte-0.11.2/pdf_by_word/f529133cd5_super_editor__basic_comment_d3ba5f1e__vs__75aeff4f58_super_editor__diff_after9_a9d4b4b0_redline_2eb4edf103_jubarte-0.11.2.pdf,48da25447c92ba9242eda0910f761e62e6a15fb8f8574b0e66740e251013deaf
93477c6068_contract_review_suggesting_mixed_edits__vs__9333b7ab9b_customer_satisfaction_survey_q4_suggesting_inser_redline_8b97fbb240,8b97fbb240,tracking_without_comments,word_based;fixtures_word_compares,fresh,/Users/arthrod/temp/T/compare_regen/out/8b97fbb240__vs__8b97fbb240.pdf,595c868566f5a91c68cf1e0b1775523f31e023f3635dc7f623fb73065b1166c2,/Users/arthrod/temp/T/neurotic_docx_bench/results/redlines_0929_full/jubarte-0.11.2/pdf_by_word/93477c6068_contract_review_suggesting_mixed_edits__vs__9333b7ab9b_customer_satisfaction_survey_q4_suggesting_inser_redline_8b97fbb240_jubarte-0.11.2.pdf,227b0d5ce354f2c97262234459e4fa3f487da50753986e3607713317334f3c27
531cf3d312_00ce789bc3226c2a68967cc29792927c80b7f55d9b5267ad__vs__2773adf157_0004c94ca2a8684d47449bb0e7abf87de1df71a7e6543252_redline_8c49315d23,8c49315d23,tracking_without_comments,redlines_a100_b10,corpus,/Users/arthrod/temp/T/neurotic_docx_bench/corpus/word/tracking_without_comments/pdf/531cf3d312_00ce789bc3226c2a68967cc29792927c80b7f55d9b5267ad__vs__2773adf157_0004c94ca2a8684d47449bb0e7abf87de1df71a7e6543252_redline_8c49315d23.pdf,16efb97b9e851492bea2fbc51f3966e33e1ea8a855cd68c50ab25336ceb2c9e6,/Users/arthrod/temp/T/neurotic_docx_bench/results/redlines_0929_full/jubarte-0.11.2/pdf_by_word/531cf3d312_00ce789bc3226c2a68967cc29792927c80b7f55d9b5267ad__vs__2773adf157_0004c94ca2a8684d47449bb0e7abf87de1df71a7e6543252_redline_8c49315d23_jubarte-0.11.2.pdf,2e3f1c5211e0c0ef89cda2d3256a5ca5d800e4fac59f15bb8bdb63fd30179412
a0e6a09304_super_editor__diff_after11_1d5b767f__vs__e844ea2053_evals__table_doc_4d728d83_redline_8d0b00bb0a,8d0b00bb0a,with_comments_tracking,word_redlines_superdoc_0926,fresh,/Users/arthrod/temp/T/compare_regen/out/8d0b00bb0a__vs__8d0b00bb0a.pdf,dd4ede3fed962ad62962007e777ebfb2c2f12b47dab2c08b5aaa8badc791cbc3,/Users/arthrod/temp/T/neurotic_docx_bench/results/redlines_0929_full/jubarte-0.11.2/pdf_by_word/a0e6a09304_super_editor__diff_after11_1d5b767f__vs__e844ea2053_evals__table_doc_4d728d83_redline_80e8acff6a_jubarte-0.11.2.pdf,4673f138cd9e31984bcaac311648a46050a47dec71d746255034d703d29c9b47
e70f1134dd_super_editor__diff_before8_ba5faa9e__vs__a5903a7c15_super_editor__pci_table_dc840852_redline_8d775d42d1,8d775d42d1,with_comments_tracking,word_redlines_superdoc,fresh,/Users/arthrod/temp/T/compare_regen/out/8d775d42d1__vs__8d775d42d1.pdf,937881b653381ab374a3731681363f19b063058da35b51ac98607cccbc6f0ca3,/Users/arthrod/temp/T/neurotic_docx_bench/results/redlines_0929_full/jubarte-0.11.2/pdf_by_word/e70f1134dd_super_editor__diff_before8_ba5faa9e__vs__a5903a7c15_super_editor__pci_table_dc840852_redline_8d775d42d1_jubarte-0.11.2.pdf,e55382777e5ca1d622e54add6c69e9ced11ee03ceabd487e7cccd2a0250dca33
1dfdc7d8ec_super_editor__image_inline_and_block_ad6109b3__vs__96fa27757a_behavior__rtl_page_numpages_54739e26_redline_8d7d998bdd,8d7d998bdd,tracking_without_comments,word_redlines_superdoc_0926,corpus,/Users/arthrod/temp/T/neurotic_docx_bench/corpus/word/tracking_without_comments/pdf/1dfdc7d8ec_super_editor__image_inline_and_block_ad6109b3__vs__96fa27757a_behavior__rtl_page_numpages_54739e26_redline_8d7d998bdd.pdf,44cd525ceb3dcf61d5317f6cb6d36a912da51155f4fb1ecb86475006b65a1aec,/Users/arthrod/temp/T/neurotic_docx_bench/results/redlines_0929_full/jubarte-0.11.2/pdf_by_word/1dfdc7d8ec_super_editor__image_inline_and_block_ad6109b3__vs__96fa27757a_behavior__rtl_page_numpages_54739e26_redline_76f4a58792_jubarte-0.11.2.pdf,bf40a5d745a616e83cbd763d287a4f1163a2c7524847e765000e1888f30ada34
8ef32902e8_file_158__vs__8061e5912f_file_159_redline_8de55978f2,8de55978f2,with_comments_tracking,word_based_randomized,fresh,/Users/arthrod/temp/T/compare_regen/out/8de55978f2__vs__8de55978f2.pdf,30aac568cfb3c22875e3aef045dd23c97a63cea8ae134387b9f8c992d4b1b6ba,/Users/arthrod/temp/T/neurotic_docx_bench/results/redlines_0929_full/jubarte-0.11.2/pdf_by_word/8ef32902e8_file_158__vs__8061e5912f_file_159_redline_8de55978f2_jubarte-0.11.2.pdf,09493ecb0861d55feed81436e17d91dc19042970090c067411b9c68b93d7157f
0a0b6470c3_00051beee50076d47db468069cab455933b72d9df9165e1f__vs__333bfe069a_003416d620331122b93b434dad901db5836f60d2cad4b533_redline_8e445de442,8e445de442,tracking_without_comments,redlines_a100_b10,corpus,/Users/arthrod/temp/T/neurotic_docx_bench/corpus/word/tracking_without_comments/pdf/0a0b6470c3_00051beee50076d47db468069cab455933b72d9df9165e1f__vs__333bfe069a_003416d620331122b93b434dad901db5836f60d2cad4b533_redline_8e445de442.pdf,94ea9eb93e75c9b8066b84d74a4c4bf0fba6908aef432a754cb427e0ca639fa1,/Users/arthrod/temp/T/neurotic_docx_bench/results/redlines_0929_full/jubarte-0.11.2/pdf_by_word/0a0b6470c3_00051beee50076d47db468069cab455933b72d9df9165e1f__vs__333bfe069a_003416d620331122b93b434dad901db5836f60d2cad4b533_redline_8e445de442_jubarte-0.11.2.pdf,71d98cf0b64d9d25c0f6397ee8b8fe6a382c371bd4f43220e22b86d359a6e52a
a9f3a3c647_file_72__vs__6b0acda259_file_73_redline_8f1d60fe98,8f1d60fe98,tracking_without_comments,word_based_randomized_0926,corpus,/Users/arthrod/temp/T/neurotic_docx_bench/corpus/word/tracking_without_comments/pdf/a9f3a3c647_file_72__vs__6b0acda259_file_73_redline_8f1d60fe98.pdf,d42bb76adfcc79980d35f2e9d10ea38aba8c2f4f0779e7f1f50b39a6ee058395,/Users/arthrod/temp/T/neurotic_docx_bench/results/redlines_0929_full/jubarte-0.11.2/pdf_by_word/a9f3a3c647_file_72__vs__6b0acda259_file_73_redline_69f4a3843c_jubarte-0.11.2.pdf,bc9562030870860c1fe244807af910f78c8b505d3cd58c75c56a525d46b170aa
725cdbebe3_0013892c946c551d309fcec9bb3f3500fc08bc77121a3849__vs__2e04202552_000e3e7bd2d6215fc7b469cc3e296c1b2a510bc1abc7e0fd_redline_9013a94f33,9013a94f33,tracking_without_comments,redlines_a100_b10,corpus,/Users/arthrod/temp/T/neurotic_docx_bench/corpus/word/tracking_without_comments/pdf/725cdbebe3_0013892c946c551d309fcec9bb3f3500fc08bc77121a3849__vs__2e04202552_000e3e7bd2d6215fc7b469cc3e296c1b2a510bc1abc7e0fd_redline_9013a94f33.pdf,0dceb55fcf58d177a78c297d4ec9ddfdcd0c739a5d78f483f5b38d37f6dc2681,/Users/arthrod/temp/T/neurotic_docx_bench/results/redlines_0929_full/jubarte-0.11.2/pdf_by_word/725cdbebe3_0013892c946c551d309fcec9bb3f3500fc08bc77121a3849__vs__2e04202552_000e3e7bd2d6215fc7b469cc3e296c1b2a510bc1abc7e0fd_redline_9013a94f33_jubarte-0.11.2.pdf,1c7d9a003d2086c567c89575104e0e5220943e1f7831a52852eb43f347e0d3cf
eb2f3c86b5_vfdsdfcacawesd_suggesting_mixed_edits__vs__cefef4e4f5_yellow_highlight_demo_id_paraid_overflow_redline_913d076e79,913d076e79,with_comments_tracking,word_based;fixtures_word_compares,fresh,/Users/arthrod/temp/T/compare_regen/out/913d076e79__vs__913d076e79.pdf,56de760c62d4fdfc695adafcc57b83d3ed5136c00dfa4c9667fbafbfbbf03968,/Users/arthrod/temp/T/neurotic_docx_bench/results/redlines_0929_full/jubarte-0.11.2/pdf_by_word/eb2f3c86b5_vfdsdfcacawesd_suggesting_mixed_edits__vs__cefef4e4f5_yellow_highlight_demo_id_paraid_overflow_redline_913d076e79_jubarte-0.11.2.pdf,33eea24c9920f49ae53173a7ee9d1b3e1f6e465eea2ee71dd4bfa15ad4295029
e57ad0eaa4_docx_lots_of_comments_addition__vs__6e2576a091_docx_lots_of_comments_redline_92075b7449,92075b7449,with_comments_tracking,word_based_0926,fresh,/Users/arthrod/temp/T/compare_regen/out/92075b7449__vs__92075b7449.pdf,4a003e6872fbd4a1e86f74161a8fee9d644e0760464fc270ec86736b2d69457b,/Users/arthrod/temp/T/neurotic_docx_bench/results/redlines_0929_full/jubarte-0.11.2/pdf_by_word/e57ad0eaa4_docx_lots_of_comments_addition__vs__6e2576a091_docx_lots_of_comments_redline_92075b7449_jubarte-0.11.2.pdf,396b1c6be71d495cbc0065a2001b6ab928b228e4a8a797f5bc9d6df848cbfca6
bf23b1e436_track_changes_suggesting_bold_id_paraid_overflow__vs__966994cba9_track_changes_suggesting_calibri_id_paraid_overf_redline_9260938760,9260938760,tracking_without_comments,word_based,corpus,/Users/arthrod/temp/T/neurotic_docx_bench/corpus/word/tracking_without_comments/pdf/bf23b1e436_track_changes_suggesting_bold_id_paraid_overflow__vs__966994cba9_track_changes_suggesting_calibri_id_paraid_overf_redline_9260938760.pdf,385b18989757d5e422fa196477ad1b15dbae523e0625a1c0d84ae730041da027,/Users/arthrod/temp/T/neurotic_docx_bench/results/redlines_0929_full/jubarte-0.11.2/pdf_by_word/bf23b1e436_track_changes_suggesting_bold_id_paraid_overflow__vs__966994cba9_track_changes_suggesting_calibri_id_paraid_overf_redline_9260938760_jubarte-0.11.2.pdf,24d30c31390ef4d9a007053ba78ad04d3f61008efdf27d03c722cf6592493d80
1fda7fa6e2_file_187__vs__66e70631fb_file_188_redline_92ec8417eb,92ec8417eb,with_comments_tracking,word_based_randomized,fresh,/Users/arthrod/temp/T/compare_regen/out/92ec8417eb__vs__92ec8417eb.pdf,461233b1f07d9add233f2cf87f172006464c0ff8eb63914811ea8e3534995461,/Users/arthrod/temp/T/neurotic_docx_bench/results/redlines_0929_full/jubarte-0.11.2/pdf_by_word/1fda7fa6e2_file_187__vs__66e70631fb_file_188_redline_92ec8417eb_jubarte-0.11.2.pdf,c4c8de7b9bd8fce9a0d268e6aff3ee413ca2f08e1e9a6a014a1e3524b86ebca9
ddfa313a5f_super_editor__list_with_break_from_word_5cc0d638__vs__420a528aa0_super_editor__instrtext_angled_brackets_bug_ed56_redline_931691a601,931691a601,tracking_without_comments,word_redlines_superdoc,corpus,/Users/arthrod/temp/T/neurotic_docx_bench/corpus/word/tracking_without_comments/pdf/ddfa313a5f_super_editor__list_with_break_from_word_5cc0d638__vs__420a528aa0_super_editor__instrtext_angled_brackets_bug_ed56_redline_931691a601.pdf,e0a6f3639972c8b21799a8b5011678e203a400a9a099df4a69050b2c61a165f9,/Users/arthrod/temp/T/neurotic_docx_bench/results/redlines_0929_full/jubarte-0.11.2/pdf_by_word/ddfa313a5f_super_editor__list_with_break_from_word_5cc0d638__vs__420a528aa0_super_editor__instrtext_angled_brackets_bug_ed56_redline_931691a601_jubarte-0.11.2.pdf,c4be7f25af8676af19e7727b1b4555b70645b04251429493f04269ec0c68a81e
6e2576a091_docx_lots_of_comments__vs__2c0a2ac35f_double_spacing_bold_demo_id_paraid_overflow_redline_9382e03243,9382e03243,with_comments_tracking,word_based,fresh,/Users/arthrod/temp/T/compare_regen/out/9382e03243__vs__9382e03243.pdf,e968034bd020ba50588645f747f7c92c08dceb108d2289578c304131a45da9c1,/Users/arthrod/temp/T/neurotic_docx_bench/results/redlines_0929_full/jubarte-0.11.2/pdf_by_word/6e2576a091_docx_lots_of_comments__vs__2c0a2ac35f_double_spacing_bold_demo_id_paraid_overflow_redline_9382e03243_jubarte-0.11.2.pdf,360ba042d0f2da0d1e2eb654887bc68f02ccda951927bcd8640fe82744db3f7d
5383bab0c2_file_119__vs__7e77c2f888_file_120_redline_93a34bcae7,93a34bcae7,tracking_without_comments,word_based_randomized,corpus,/Users/arthrod/temp/T/neurotic_docx_bench/corpus/word/tracking_without_comments/pdf/5383bab0c2_file_119__vs__7e77c2f888_file_120_redline_93a34bcae7.pdf,135d82369a877649809c0bff2103616374459c82122dca5ca4306f7341d3885a,/Users/arthrod/temp/T/neurotic_docx_bench/results/redlines_0929_full/jubarte-0.11.2/pdf_by_word/5383bab0c2_file_119__vs__7e77c2f888_file_120_redline_4941e7e276_jubarte-0.11.2.pdf,efcd2ea8a3b52a8afe168d606b4384f4128bb207f944a6b41ff0cda394446ba8
bdd82b239b_numbered_list_demo_id_paraid_overflow__vs__f6de76cc94_numbered_list_italic_demo_id_paraid_overflow_redline_93d4a23ac7,93d4a23ac7,tracking_without_comments,word_based,corpus,/Users/arthrod/temp/T/neurotic_docx_bench/corpus/word/tracking_without_comments/pdf/bdd82b239b_numbered_list_demo_id_paraid_overflow__vs__f6de76cc94_numbered_list_italic_demo_id_paraid_overflow_redline_93d4a23ac7.pdf,72af2dc2baa0d162751c647e5dbac75a7be308193ca0692f5ee5abaf5f1e9d9a,/Users/arthrod/temp/T/neurotic_docx_bench/results/redlines_0929_full/jubarte-0.11.2/pdf_by_word/bdd82b239b_numbered_list_demo_id_paraid_overflow__vs__f6de76cc94_numbered_list_italic_demo_id_paraid_overflow_redline_52d9251560_jubarte-0.11.2.pdf,d8c5a866ad974a844965d6c4d6ba2edf1b638a56852ed04e518f36b7f473fdb5
ba3f04f252_sample_document_really_repaired_word_repaired__vs__d93f1dafca_sample_document_word_repair_of_our_output_iter2_redline_957168bc45,957168bc45,with_comments_tracking,word_based_0926,fresh,/Users/arthrod/temp/T/compare_regen/out/957168bc45__vs__957168bc45.pdf,16f25edfde63f695d5d2391b9996d041c37437551fdd3ddc8226b84cf421382d,/Users/arthrod/temp/T/neurotic_docx_bench/results/redlines_0929_full/jubarte-0.11.2/pdf_by_word/ba3f04f252_sample_document_really_repaired_word_repaired__vs__d93f1dafca_sample_document_word_repair_of_our_output_iter2_redline_713774d8e1_jubarte-0.11.2.pdf,05ea8c435814bc295b614660cae3086c622ae41896450633d2fd2a739171e91e
bd386ff044_51ae5a28375c271d1238bf671ece74421eb9ccf840ccf5af__vs__3b6b7312de_7d4bf96c3fc438f9ea5c94331aa2e2586fbb2ae5a4162075_redline_962c107d2e,962c107d2e,tracking_without_comments,redlines_en_500,corpus,/Users/arthrod/temp/T/neurotic_docx_bench/corpus/word/tracking_without_comments/pdf/bd386ff044_51ae5a28375c271d1238bf671ece74421eb9ccf840ccf5af__vs__3b6b7312de_7d4bf96c3fc438f9ea5c94331aa2e2586fbb2ae5a4162075_redline_962c107d2e.pdf,6f9152be77d7562a9e434369cecd5fe47f85c055015d31151f50ad2f26b9ad9e,/Users/arthrod/temp/T/neurotic_docx_bench/results/redlines_0929_full/jubarte-0.11.2/pdf_by_word/bd386ff044_51ae5a28375c271d1238bf671ece74421eb9ccf840ccf5af__vs__3b6b7312de_7d4bf96c3fc438f9ea5c94331aa2e2586fbb2ae5a4162075_redline_962c107d2e_jubarte-0.11.2.pdf,c0789c3e8abeaf28548d60192afedd4ce62dedf882e18606561cd95579dccfab
18eb110b3b_numwords_fldsimple__vs__60697d46b7_strict01_redline_964719255c,964719255c,with_comments_tracking,word_based_0926,fresh,/Users/arthrod/temp/T/compare_regen/out/964719255c__vs__964719255c.pdf,aaba4ae4591cd9c5355c90d81ce238b18944c577be80f69c2f2c8e639dc1f656,/Users/arthrod/temp/T/neurotic_docx_bench/results/redlines_0929_full/jubarte-0.11.2/pdf_by_word/18eb110b3b_numwords_fldsimple__vs__60697d46b7_strict01_redline_57dfcda882_jubarte-0.11.2.pdf,c671f3ebc3bfa150227316a2fcd39e4d9df71e478ed843ed781ba5f85ba3e6c5
00f467c010_0008753aa70a6a7b929aa1958001da41574c2d407e5b9863__vs__2e04202552_000e3e7bd2d6215fc7b469cc3e296c1b2a510bc1abc7e0fd_redline_973fc142ed,973fc142ed,tracking_without_comments,redlines_a100_b10,corpus,/Users/arthrod/temp/T/neurotic_docx_bench/corpus/word/tracking_without_comments/pdf/00f467c010_0008753aa70a6a7b929aa1958001da41574c2d407e5b9863__vs__2e04202552_000e3e7bd2d6215fc7b469cc3e296c1b2a510bc1abc7e0fd_redline_973fc142ed.pdf,b01a31b6ca752088d27ee3f76f3575b18daaeba5332e8a40857a8c4bd35e3406,/Users/arthrod/temp/T/neurotic_docx_bench/results/redlines_0929_full/jubarte-0.11.2/pdf_by_word/00f467c010_0008753aa70a6a7b929aa1958001da41574c2d407e5b9863__vs__2e04202552_000e3e7bd2d6215fc7b469cc3e296c1b2a510bc1abc7e0fd_redline_973fc142ed_jubarte-0.11.2.pdf,4da262b8b6b6aa8d6b518a4c657e93032e4c95f9230dfa33c192c34943cdeee5
00da16e738_heading_4_style_demo_id_paraid_overflow_2__vs__82928b2e05_heading_4_style_demo_id_paraid_overflow_redline_98576c297a,98576c297a,tracking_without_comments,word_based_0926,corpus,/Users/arthrod/temp/T/neurotic_docx_bench/corpus/word/tracking_without_comments/pdf/00da16e738_heading_4_style_demo_id_paraid_overflow_2__vs__82928b2e05_heading_4_style_demo_id_paraid_overflow_redline_98576c297a.pdf,b9f75a9ffc5f731d39e22634c8e0f70b3c22a36dceef900ea0c35253f88e2814,/Users/arthrod/temp/T/neurotic_docx_bench/results/redlines_0929_full/jubarte-0.11.2/pdf_by_word/00da16e738_heading_4_style_demo_id_paraid_overflow_2__vs__82928b2e05_heading_4_style_demo_id_paraid_overflow_redline_98576c297a_jubarte-0.11.2.pdf,bdca17e62d21c439528fa3e8dfb16929d22e2ef9539f56611a7704c2fbe8a47a
0bf5192ed0_00afb3e6b2bb1a5ab1e1770ba41f6f455f87472d24ab2767__vs__a5f2b9318d_002aa60c2ae1187417b4b157c5ec6450324cc056ec551a12_redline_986a611d64,986a611d64,tracking_without_comments,redlines_a100_b10,corpus,/Users/arthrod/temp/T/neurotic_docx_bench/corpus/word/tracking_without_comments/pdf/0bf5192ed0_00afb3e6b2bb1a5ab1e1770ba41f6f455f87472d24ab2767__vs__a5f2b9318d_002aa60c2ae1187417b4b157c5ec6450324cc056ec551a12_redline_986a611d64.pdf,9c11c47d6c737aed55a87744cf3b52fb2e907dfdf90f04fadc1d74b8ebdfa3fa,/Users/arthrod/temp/T/neurotic_docx_bench/results/redlines_0929_full/jubarte-0.11.2/pdf_by_word/0bf5192ed0_00afb3e6b2bb1a5ab1e1770ba41f6f455f87472d24ab2767__vs__a5f2b9318d_002aa60c2ae1187417b4b157c5ec6450324cc056ec551a12_redline_986a611d64_jubarte-0.11.2.pdf,9eeccc1d8194443dcb973130d72c0cf999b78f1b542c3f6efd969ca2da13b1a1
70d7086845_db8b0b605ae2c08e9cf62d5cbb24bdf31ab9bd58896590f4__vs__a7ec7d9594_e0dd35e75e8e3ecb4adfc5ce29c921d634bcee666ae65035_redline_986b2229a1,986b2229a1,tracking_without_comments,redlines_en_500,corpus,/Users/arthrod/temp/T/neurotic_docx_bench/corpus/word/tracking_without_comments/pdf/70d7086845_db8b0b605ae2c08e9cf62d5cbb24bdf31ab9bd58896590f4__vs__a7ec7d9594_e0dd35e75e8e3ecb4adfc5ce29c921d634bcee666ae65035_redline_986b2229a1.pdf,522403d6858a3139513e26f41d9ad2598147054b9e7b6ef0b8ae80cb595c6c61,/Users/arthrod/temp/T/neurotic_docx_bench/results/redlines_0929_full/jubarte-0.11.2/pdf_by_word/70d7086845_db8b0b605ae2c08e9cf62d5cbb24bdf31ab9bd58896590f4__vs__a7ec7d9594_e0dd35e75e8e3ecb4adfc5ce29c921d634bcee666ae65035_redline_986b2229a1_jubarte-0.11.2.pdf,d2f113aaeebc88e6439d843b7b8cd7e11158d812d2a809f075b0288e0620c40b
1bdbf15f5a_super_editor__orderedlist_interrupted1_a3cd0dd3__vs__82348eef4b_multi_section_redline_9897351ddc,9897351ddc,tracking_without_comments,word_redlines_superdoc_0926,corpus,/Users/arthrod/temp/T/neurotic_docx_bench/corpus/word/tracking_without_comments/pdf/1bdbf15f5a_super_editor__orderedlist_interrupted1_a3cd0dd3__vs__82348eef4b_multi_section_redline_9897351ddc.pdf,731058d7551224a37979c2a28ba1a31107f464b5c5ffe3666fa644dcf0ee34a8,/Users/arthrod/temp/T/neurotic_docx_bench/results/redlines_0929_full/jubarte-0.11.2/pdf_by_word/1bdbf15f5a_super_editor__orderedlist_interrupted1_a3cd0dd3__vs__82348eef4b_multi_section_redline_81af8af777_jubarte-0.11.2.pdf,58a087a2971195af075ec25b0caae825c63bb90bbe781f0f7f27e84fb19a78ec
6ba5bd3ed9_675bc160844acf63f96db9c42125e80653db32667cac018a__vs__40ac206d09_574391833ed2592c3c7602a1392772629c80f5d9b8c61bd3_redline_99002a2953,99002a2953,tracking_without_comments,redlines_en_500,corpus,/Users/arthrod/temp/T/neurotic_docx_bench/corpus/word/tracking_without_comments/pdf/6ba5bd3ed9_675bc160844acf63f96db9c42125e80653db32667cac018a__vs__40ac206d09_574391833ed2592c3c7602a1392772629c80f5d9b8c61bd3_redline_99002a2953.pdf,65dcd0fb324539fc88323becb748bef603390e49d7b3571d8ef069c83c633858,/Users/arthrod/temp/T/neurotic_docx_bench/results/redlines_0929_full/jubarte-0.11.2/pdf_by_word/6ba5bd3ed9_675bc160844acf63f96db9c42125e80653db32667cac018a__vs__40ac206d09_574391833ed2592c3c7602a1392772629c80f5d9b8c61bd3_redline_99002a2953_jubarte-0.11.2.pdf,18af031902a1564551795456f92110d50ea15aa5540acc5ae6d990a795c66e81
b6dd0b6ae8_015a4f5a16a110026418c0a7f5eefa69ce6d5f9bcfc2d955__vs__342f364d46_001342333d45627868f4dc5282abbba4598a91b4a7584b08_redline_992e41eac1,992e41eac1,tracking_without_comments,redlines_a100_b10,corpus,/Users/arthrod/temp/T/neurotic_docx_bench/corpus/word/tracking_without_comments/pdf/b6dd0b6ae8_015a4f5a16a110026418c0a7f5eefa69ce6d5f9bcfc2d955__vs__342f364d46_001342333d45627868f4dc5282abbba4598a91b4a7584b08_redline_992e41eac1.pdf,c77ac7bdabecd9d2f2a13d5bf44dcb5ba65b7225f122b782e54eecfc547cb36c,/Users/arthrod/temp/T/neurotic_docx_bench/results/redlines_0929_full/jubarte-0.11.2/pdf_by_word/b6dd0b6ae8_015a4f5a16a110026418c0a7f5eefa69ce6d5f9bcfc2d955__vs__342f364d46_001342333d45627868f4dc5282abbba4598a91b4a7584b08_redline_992e41eac1_jubarte-0.11.2.pdf,7aa8adf36ad868e9667779a7e0d705a4c01eb2a13542aa4cb8e8098b9b37990d
d5a56cdeb3_super_editor__gdocs_single_comment_ac5db87f__vs__bc78614a22_super_editor__gdocs_tracked_changes_3c1de315_redline_99740a096f,99740a096f,with_comments_tracking,word_redlines_superdoc,fresh,/Users/arthrod/temp/T/compare_regen/out/99740a096f__vs__99740a096f.pdf,655eb9f2c3af898557d0e22f68c9120bb7a4eb526aa09541995d84fd9fe2ab26,/Users/arthrod/temp/T/neurotic_docx_bench/results/redlines_0929_full/jubarte-0.11.2/pdf_by_word/d5a56cdeb3_super_editor__gdocs_single_comment_ac5db87f__vs__bc78614a22_super_editor__gdocs_tracked_changes_3c1de315_redline_99740a096f_jubarte-0.11.2.pdf,2bd82c51df6b295b439f17e7c1328692dad5f4b852c02c0540c12e72bb6862d3
b4b7c76ecd_font_family_demo_id_paraid_overflow__vs__7e405bc8f2_font_size_12_demo_id_paraid_overflow_redline_9974d0551e,9974d0551e,tracking_without_comments,word_based,corpus,/Users/arthrod/temp/T/neurotic_docx_bench/corpus/word/tracking_without_comments/pdf/b4b7c76ecd_font_family_demo_id_paraid_overflow__vs__7e405bc8f2_font_size_12_demo_id_paraid_overflow_redline_9974d0551e.pdf,da06cd67792cbcbbacc46675a77ae400f4443ec8080778cae5a5815ce0a66f15,/Users/arthrod/temp/T/neurotic_docx_bench/results/redlines_0929_full/jubarte-0.11.2/pdf_by_word/b4b7c76ecd_font_family_demo_id_paraid_overflow__vs__7e405bc8f2_font_size_12_demo_id_paraid_overflow_redline_90337df4a4_jubarte-0.11.2.pdf,0f50638490eabd1162272f8a15c764ac044061f97b37c55b1163b9b16f5e7841
5d5ca75f29_bold_italic_underline_demo_id_paraid_overflow__vs__4ad775158b_bold_red_text_combo_id_paraid_overflow_redline_9990cae06d,9990cae06d,tracking_without_comments,word_based,corpus,/Users/arthrod/temp/T/neurotic_docx_bench/corpus/word/tracking_without_comments/pdf/5d5ca75f29_bold_italic_underline_demo_id_paraid_overflow__vs__4ad775158b_bold_red_text_combo_id_paraid_overflow_redline_9990cae06d.pdf,764e0cefec473d8b084bda142b14fa6f7b7c5777bb0a6412e8fead5d3806796c,/Users/arthrod/temp/T/neurotic_docx_bench/results/redlines_0929_full/jubarte-0.11.2/pdf_by_word/5d5ca75f29_bold_italic_underline_demo_id_paraid_overflow__vs__4ad775158b_bold_red_text_combo_id_paraid_overflow_redline_660862c753_jubarte-0.11.2.pdf,a5fdf62182d676e86e0582d4b4ea47a0172451b1d7c2428f10a69b4723544a37
f49b3b0ec2_super_editor__sd_1919_word_table_74726d6c__vs__a0738533be_gdocs_comments_export_redline_99c9e229b9,99c9e229b9,with_comments_tracking,word_redlines_superdoc_0926,fresh,/Users/arthrod/temp/T/compare_regen/out/99c9e229b9__vs__99c9e229b9.pdf,7c20277d4246cdb2e54705f47a21e4f4d1eee6d91d81cad970877abd7c9e7137,/Users/arthrod/temp/T/neurotic_docx_bench/results/redlines_0929_full/jubarte-0.11.2/pdf_by_word/f49b3b0ec2_super_editor__sd_1919_word_table_74726d6c__vs__a0738533be_gdocs_comments_export_redline_515c0aa8ab_jubarte-0.11.2.pdf,718c45a475d6e8c217e7f254cda2d0405d217c49dbe48f6fac200a1c99fff22d
a5eb266a1f_016236e3bf778292b45976ecd4a34b45d02104f47db7a3ca__vs__aa5340125d_00a4b0b91e9b5b072dc3771391c2d608518690eccf44eae8_redline_9a2234ae00,9a2234ae00,tracking_without_comments,redlines_a100_b10,corpus,/Users/arthrod/temp/T/neurotic_docx_bench/corpus/word/tracking_without_comments/pdf/a5eb266a1f_016236e3bf778292b45976ecd4a34b45d02104f47db7a3ca__vs__aa5340125d_00a4b0b91e9b5b072dc3771391c2d608518690eccf44eae8_redline_9a2234ae00.pdf,d647ca31c9e03d6a350cd96449c4b16f4f566574fa4044d0b2e0e5e35e37d0c9,/Users/arthrod/temp/T/neurotic_docx_bench/results/redlines_0929_full/jubarte-0.11.2/pdf_by_word/a5eb266a1f_016236e3bf778292b45976ecd4a34b45d02104f47db7a3ca__vs__aa5340125d_00a4b0b91e9b5b072dc3771391c2d608518690eccf44eae8_redline_9a2234ae00_jubarte-0.11.2.pdf,389f56e11b646a263cbfed66049d77f0b7650266c5c60693a771970c89b2547f
8e694101b9_469e571050275b57ed1836b4cc17f4d29e43eec925bdfad9__vs__37c6c62345_3f296ffac9c17a92962156ff41f2b079eb687cd440513fe3_redline_9a2af58d99,9a2af58d99,with_comments_tracking,redlines_en_500,fresh,/Users/arthrod/temp/T/compare_regen/out/9a2af58d99__vs__9a2af58d99.pdf,188d175bacf089e8273874639da0a5754e4259638fdb03c6cd717b43d68e6133,/Users/arthrod/temp/T/neurotic_docx_bench/results/redlines_0929_full/jubarte-0.11.2/pdf_by_word/8e694101b9_469e571050275b57ed1836b4cc17f4d29e43eec925bdfad9__vs__37c6c62345_3f296ffac9c17a92962156ff41f2b079eb687cd440513fe3_redline_9a2af58d99_jubarte-0.11.2.pdf,8465ba880c8de8485ca25bdd1b9d37b72cea39f2956a329ba3eae206ba495ec7
6e08e456f6_roboto_underline_demo_id_paraid_overflow__vs__36fbd8c734_sales_report_january_2026_suggesting_insertions_redline_9abf4fa5b5,9abf4fa5b5,tracking_without_comments,word_based_0926,corpus,/Users/arthrod/temp/T/neurotic_docx_bench/corpus/word/tracking_without_comments/pdf/6e08e456f6_roboto_underline_demo_id_paraid_overflow__vs__36fbd8c734_sales_report_january_2026_suggesting_insertions_redline_9abf4fa5b5.pdf,50ef2a951d7f2afbcbdf45b018710adf8b249fc11c9ecb7f801c8fe338f054f1,/Users/arthrod/temp/T/neurotic_docx_bench/results/redlines_0929_full/jubarte-0.11.2/pdf_by_word/6e08e456f6_roboto_underline_demo_id_paraid_overflow__vs__36fbd8c734_sales_report_january_2026_suggesting_insertions_redline_4019af2d56_jubarte-0.11.2.pdf,bf9159bf49639907511953ef57e681de2c72f5a7f20f0c96304a6b6f700d932b
9586202517_super_editor__two_column_two_page_0b8a37c5__vs__7b076416b0_sectpr_headerref_redline_9b9d92c881,9b9d92c881,tracking_without_comments,word_redlines_superdoc_0926,corpus,/Users/arthrod/temp/T/neurotic_docx_bench/corpus/word/tracking_without_comments/pdf/9586202517_super_editor__two_column_two_page_0b8a37c5__vs__7b076416b0_sectpr_headerref_redline_9b9d92c881.pdf,b6856772f70fe5a230920dc560a499d583f4034deab973153d369f4729c1737b,/Users/arthrod/temp/T/neurotic_docx_bench/results/redlines_0929_full/jubarte-0.11.2/pdf_by_word/9586202517_super_editor__two_column_two_page_0b8a37c5__vs__7b076416b0_sectpr_headerref_redline_170add5b1c_jubarte-0.11.2.pdf,2fd9d0f1df5a9f5bd22159eb9579d7d758a0168ef4ef2999629aefc07206f405
8441c4ae21_sd_2517_localized_heading_styles__vs__7e685cbab1_super_editor__ooxml_underline_rstyle_linked_comb_redline_9bd3b882f8,9bd3b882f8,tracking_without_comments,word_redlines_superdoc,corpus,/Users/arthrod/temp/T/neurotic_docx_bench/corpus/word/tracking_without_comments/pdf/8441c4ae21_sd_2517_localized_heading_styles__vs__7e685cbab1_super_editor__ooxml_underline_rstyle_linked_comb_redline_9bd3b882f8.pdf,63a2216c8470ba7e111d98aecfae7ac1763eb513f8c6b29717057bdd2bddd07a,/Users/arthrod/temp/T/neurotic_docx_bench/results/redlines_0929_full/jubarte-0.11.2/pdf_by_word/8441c4ae21_sd_2517_localized_heading_styles__vs__7e685cbab1_super_editor__ooxml_underline_rstyle_linked_comb_redline_9bd3b882f8_jubarte-0.11.2.pdf,32ecf30c9e92a664d59d3a80658ad92646e73b5d06fc7fe3daa50c5ff67c3599
734fe4bc1e_15c0669c4c7afae4cc2de2aeeda71623a7b27ecdef1cd0d8__vs__b74c483001_547b508a2b334a2a72a59db0718d632d5aadd236d876af75_redline_9c1f654ea9,9c1f654ea9,tracking_without_comments,redlines_en_500,corpus,/Users/arthrod/temp/T/neurotic_docx_bench/corpus/word/tracking_without_comments/pdf/734fe4bc1e_15c0669c4c7afae4cc2de2aeeda71623a7b27ecdef1cd0d8__vs__b74c483001_547b508a2b334a2a72a59db0718d632d5aadd236d876af75_redline_9c1f654ea9.pdf,5f5ca6eb52bec0c92c02146979a386ef74c78f2fecbe8918d92178c584025d1f,/Users/arthrod/temp/T/neurotic_docx_bench/results/redlines_0929_full/jubarte-0.11.2/pdf_by_word/734fe4bc1e_15c0669c4c7afae4cc2de2aeeda71623a7b27ecdef1cd0d8__vs__b74c483001_547b508a2b334a2a72a59db0718d632d5aadd236d876af75_redline_9c1f654ea9_jubarte-0.11.2.pdf,67d76505cfd8d60a6cb7c9e5681601e0cbb8118a3123006f7521c9ab814cb604
776a437291_behavior__two_column_simple_e77be963__vs__9586202517_super_editor__two_column_two_page_0b8a37c5_redline_9c21af278f,9c21af278f,tracking_without_comments,word_redlines_superdoc_0926,corpus,/Users/arthrod/temp/T/neurotic_docx_bench/corpus/word/tracking_without_comments/pdf/776a437291_behavior__two_column_simple_e77be963__vs__9586202517_super_editor__two_column_two_page_0b8a37c5_redline_9c21af278f.pdf,9919b7c98a75377d30edff293573d3ab55acd659ca70883fbf0e77c9ea41d162,/Users/arthrod/temp/T/neurotic_docx_bench/results/redlines_0929_full/jubarte-0.11.2/pdf_by_word/776a437291_behavior__two_column_simple_e77be963__vs__9586202517_super_editor__two_column_two_page_0b8a37c5_redline_9c21af278f_jubarte-0.11.2.pdf,5c607732c3e1290064bdf32df434a47c485400b5ce0f5a919fbc1dd64eb1c77d
970fd9303f_sample_document_word_repair_of_our_output_word_r__vs__8441c4ae21_sd_2517_localized_heading_styles_redline_9c71031b8a,9c71031b8a,with_comments_tracking,word_based;fixtures_word_compares;pdf_fill_0928,fresh,/Users/arthrod/temp/T/compare_regen/out/9c71031b8a__vs__9c71031b8a.pdf,6732a13720af135cb012093b9c1e0be69c9506ad98293f4c2ae08d3dc972e1b3,/Users/arthrod/temp/T/neurotic_docx_bench/results/redlines_0929_full/jubarte-0.11.2/pdf_by_word/970fd9303f_sample_document_word_repair_of_our_output_word_r__vs__8441c4ae21_sd_2517_localized_heading_styles_redline_9c71031b8a_jubarte-0.11.2.pdf,dfe161bd1eafb15110fd434b65a3d702337f64a94a007cb773fe9074e0fba76c
7dfa52fb98_alternate_content__vs__989d39fe65_anchor_images_redline_9c7c3c5be2,9c7c3c5be2,tracking_without_comments,nocomments,fresh,/Users/arthrod/temp/T/compare_regen/out/9c7c3c5be2__vs__9c7c3c5be2.pdf,b30fcc9ea1d35848e2bff821c092b73a9d3c8b5747e63ddb8b512cf0a6a73020,/Users/arthrod/temp/T/neurotic_docx_bench/results/redlines_0929_full/jubarte-0.11.2/pdf_by_word/7dfa52fb98_alternate_content__vs__989d39fe65_anchor_images_redline_9c7c3c5be2_jubarte-0.11.2.pdf,11afae3905f9a7a1b7cfa9109a6909e4be0733ce54db7a3f291da9a096547d9f
ac0bcc10fe_file_146__vs__9c0dd6b3f6_file_147_redline_9c8876c6d7,9c8876c6d7,with_comments_tracking,word_based_randomized_0926,fresh,/Users/arthrod/temp/T/compare_regen/out/9c8876c6d7__vs__9c8876c6d7.pdf,cbfee5065411ed175c80a48f9e4d5af2f305d7f16061c0337ec07d001b13bf3e,/Users/arthrod/temp/T/neurotic_docx_bench/results/redlines_0929_full/jubarte-0.11.2/pdf_by_word/ac0bcc10fe_file_146__vs__9c0dd6b3f6_file_147_redline_9c8876c6d7_jubarte-0.11.2.pdf,bb4865e0ae251435a32d86ddf715377e0034a5daab7d3316b97b0d8174ff80ba
24bd3ad29d_center_aligned_bold_text_id_paraid_overflow__vs__a98d0a8c12_center_alignment_demo_id_paraid_overflow_2_redline_9cb9af0f50,9cb9af0f50,tracking_without_comments,fixtures_word_compares;pdf_fill_0928,fresh,/Users/arthrod/temp/T/compare_regen/out/9cb9af0f50__vs__9cb9af0f50.pdf,d5a41215561c797b92f2d7c57ac6387a908b556c690db408bc6be3f75c4b611e,/Users/arthrod/temp/T/neurotic_docx_bench/results/redlines_0929_full/jubarte-0.11.2/pdf_by_word/24bd3ad29d_center_aligned_bold_text_id_paraid_overflow__vs__a98d0a8c12_center_alignment_demo_id_paraid_overflow_2_redline_6b78c8e0eb_jubarte-0.11.2.pdf,34ee2928b520cff8078fee5c41bd142cbc884410da2f240573e0ad29240c3f31
0bf5192ed0_00afb3e6b2bb1a5ab1e1770ba41f6f455f87472d24ab2767__vs__342f364d46_001342333d45627868f4dc5282abbba4598a91b4a7584b08_redline_9d205afaa3,9d205afaa3,tracking_without_comments,redlines_a100_b10,corpus,/Users/arthrod/temp/T/neurotic_docx_bench/corpus/word/tracking_without_comments/pdf/0bf5192ed0_00afb3e6b2bb1a5ab1e1770ba41f6f455f87472d24ab2767__vs__342f364d46_001342333d45627868f4dc5282abbba4598a91b4a7584b08_redline_9d205afaa3.pdf,33185de8bbf4a57a32b75f27ae231e4908192747a1699ea151dde5cbf3f173a0,/Users/arthrod/temp/T/neurotic_docx_bench/results/redlines_0929_full/jubarte-0.11.2/pdf_by_word/0bf5192ed0_00afb3e6b2bb1a5ab1e1770ba41f6f455f87472d24ab2767__vs__342f364d46_001342333d45627868f4dc5282abbba4598a91b4a7584b08_redline_9d205afaa3_jubarte-0.11.2.pdf,77aa9a69ee93a62dacdc02a4ee888ea8e1598c2ff4ca3d16512fe9fb86bdc3fa
2a69e1ce5c_green_bold_text_demo_id_paraid_overflow__vs__e1f631e28a_green_highlight_demo_id_paraid_overflow_redline_9d466d3cf5,9d466d3cf5,tracking_without_comments,word_based,corpus,/Users/arthrod/temp/T/neurotic_docx_bench/corpus/word/tracking_without_comments/pdf/2a69e1ce5c_green_bold_text_demo_id_paraid_overflow__vs__e1f631e28a_green_highlight_demo_id_paraid_overflow_redline_9d466d3cf5.pdf,5a6cf2abbb39acfc68534aa5097211afc1f7ea21f8493db40effa2add43819d1,/Users/arthrod/temp/T/neurotic_docx_bench/results/redlines_0929_full/jubarte-0.11.2/pdf_by_word/2a69e1ce5c_green_bold_text_demo_id_paraid_overflow__vs__e1f631e28a_green_highlight_demo_id_paraid_overflow_redline_688c583b45_jubarte-0.11.2.pdf,ac5113bfdac3b342c08d3ee3c71ffc99f593f4f2cd02de3eda0fa114a5d9acf2
fa4d5010d8_layout_engine__basic_vector_shapes_e5f0ef49__vs__ad43500302_super_editor__list_numbering_reimport_d788d573_redline_9d682fe39d,9d682fe39d,tracking_without_comments,word_redlines_superdoc,corpus,/Users/arthrod/temp/T/neurotic_docx_bench/corpus/word/tracking_without_comments/pdf/fa4d5010d8_layout_engine__basic_vector_shapes_e5f0ef49__vs__ad43500302_super_editor__list_numbering_reimport_d788d573_redline_9d682fe39d.pdf,47c334f81e14278d5260b1403f0a594a769a72f1d312aa3fe78fbde3dab572d1,/Users/arthrod/temp/T/neurotic_docx_bench/results/redlines_0929_full/jubarte-0.11.2/pdf_by_word/fa4d5010d8_layout_engine__basic_vector_shapes_e5f0ef49__vs__ad43500302_super_editor__list_numbering_reimport_d788d573_redline_9d682fe39d_jubarte-0.11.2.pdf,d79be9bf5692d7290d6c7067ab57b95c7dd73d87c587f453c8b9190d3a037555
06a48012fc_file_166__vs__d60ccf445a_file_167_redline_9dcd445afd,9dcd445afd,tracking_without_comments,word_based_randomized,corpus,/Users/arthrod/temp/T/neurotic_docx_bench/corpus/word/tracking_without_comments/pdf/06a48012fc_file_166__vs__d60ccf445a_file_167_redline_9dcd445afd.pdf,cfb07917181fee727174dc81d64e6c0a4c773a6be4a20e5bdae1432ddb25f191,/Users/arthrod/temp/T/neurotic_docx_bench/results/redlines_0929_full/jubarte-0.11.2/pdf_by_word/06a48012fc_file_166__vs__d60ccf445a_file_167_redline_9dcd445afd_jubarte-0.11.2.pdf,718542b8a6bf34f88e2c72b83b58f7a8b7826282dfdf4af77ffd739ecdd19bb8
faa7c6b110_file_88__vs__57ff9e1b30_file_89_redline_9e3417adee,9e3417adee,with_comments_tracking,word_based_randomized_0926,fresh,/Users/arthrod/temp/T/compare_regen/out/9e3417adee__vs__9e3417adee.pdf,cb2ecae39206420ee844b5546c7d142b160b7a9bfa45efbf96a8b51ab5f5b0e3,/Users/arthrod/temp/T/neurotic_docx_bench/results/redlines_0929_full/jubarte-0.11.2/pdf_by_word/faa7c6b110_file_88__vs__57ff9e1b30_file_89_redline_4319e3d7c7_jubarte-0.11.2.pdf,9191e3a60904c28ac92386a7db5d0d265a4d312a027518e53681ee2788c53d4a
2ad8d15e88_00e901c5aa86bd93002ce801375c57e44c2c78a0e5b308d3__vs__2e04202552_000e3e7bd2d6215fc7b469cc3e296c1b2a510bc1abc7e0fd_redline_9ea8efb431,9ea8efb431,tracking_without_comments,redlines_a100_b10,corpus,/Users/arthrod/temp/T/neurotic_docx_bench/corpus/word/tracking_without_comments/pdf/2ad8d15e88_00e901c5aa86bd93002ce801375c57e44c2c78a0e5b308d3__vs__2e04202552_000e3e7bd2d6215fc7b469cc3e296c1b2a510bc1abc7e0fd_redline_9ea8efb431.pdf,962456f4b8ac7a2e0422defd03cd4a8ec7e538ed5d7845959c49c4f884fd0a69,/Users/arthrod/temp/T/neurotic_docx_bench/results/redlines_0929_full/jubarte-0.11.2/pdf_by_word/2ad8d15e88_00e901c5aa86bd93002ce801375c57e44c2c78a0e5b308d3__vs__2e04202552_000e3e7bd2d6215fc7b469cc3e296c1b2a510bc1abc7e0fd_redline_9ea8efb431_jubarte-0.11.2.pdf,6773514bcbbd6769e69bddd34a758b0b11b3727bd029b1c59b5871771d912afa
ee91b9e453_9385adbfd34ee40a4bd2429d7385293b31a127fc9e9208d1__vs__409867707c_61a16c9bdc534801a19fcf808fdddd50a7cd74d1efd6113e_redline_9f2ce6d6bb,9f2ce6d6bb,with_comments_tracking,redlines_en_500,fresh,/Users/arthrod/temp/T/compare_regen/out/9f2ce6d6bb__vs__9f2ce6d6bb.pdf,973e66de167089f4de3ae228f189147788bce7314cea1c7be07008423b492cb9,/Users/arthrod/temp/T/neurotic_docx_bench/results/redlines_0929_full/jubarte-0.11.2/pdf_by_word/ee91b9e453_9385adbfd34ee40a4bd2429d7385293b31a127fc9e9208d1__vs__409867707c_61a16c9bdc534801a19fcf808fdddd50a7cd74d1efd6113e_redline_9f2ce6d6bb_jubarte-0.11.2.pdf,973e834ef81af06db7f55de8f2fb3c9cc83bdacc0c2707c6333208806916a3e0
aa58aada65_00160046fb2516a560a9681d7ae3e6f4659af57d19555d4e__vs__bd3824dd1e_000ee64ef7226d353297888f59a251e24ce5d776fea000fa_redline_9f3f036b1a,9f3f036b1a,tracking_without_comments,redlines_a100_b10,corpus,/Users/arthrod/temp/T/neurotic_docx_bench/corpus/word/tracking_without_comments/pdf/aa58aada65_00160046fb2516a560a9681d7ae3e6f4659af57d19555d4e__vs__bd3824dd1e_000ee64ef7226d353297888f59a251e24ce5d776fea000fa_redline_9f3f036b1a.pdf,7bacf077b38795a3f2f30392db09b8d2ada3b0a7f3fd9cd8d353e5d2bef0e0a6,/Users/arthrod/temp/T/neurotic_docx_bench/results/redlines_0929_full/jubarte-0.11.2/pdf_by_word/aa58aada65_00160046fb2516a560a9681d7ae3e6f4659af57d19555d4e__vs__bd3824dd1e_000ee64ef7226d353297888f59a251e24ce5d776fea000fa_redline_9f3f036b1a_jubarte-0.11.2.pdf,d1a56da342017de692b7fdd8fc544d836f88a19a0fc8097ff1f58895fa51b6cd
89b44c96a7_super_editor__sdts_basic_45263ca5__vs__a21c45464c_super_editor__shape_group_ce60e1e6_redline_9fae55dec1,9fae55dec1,tracking_without_comments,word_redlines_superdoc,corpus,/Users/arthrod/temp/T/neurotic_docx_bench/corpus/word/tracking_without_comments/pdf/89b44c96a7_super_editor__sdts_basic_45263ca5__vs__a21c45464c_super_editor__shape_group_ce60e1e6_redline_9fae55dec1.pdf,dba6db62d6e2d5c77cd333207432e4d61e98e236f4f4adba71e47a39a416652d,/Users/arthrod/temp/T/neurotic_docx_bench/results/redlines_0929_full/jubarte-0.11.2/pdf_by_word/89b44c96a7_super_editor__sdts_basic_45263ca5__vs__a21c45464c_super_editor__shape_group_ce60e1e6_redline_1410d52a72_jubarte-0.11.2.pdf,c42b6c2b14171543b890387a496938a77d0c982fdd8d069665edfba5be0cea69
902a69f0e4_super_editor__line_space_table_9b1ee54b__vs__735c372b41_super_editor__diff_after8_58e5c288_redline_a02879f74f,a02879f74f,with_comments_tracking,word_redlines_superdoc_0926,fresh,/Users/arthrod/temp/T/compare_regen/out/a02879f74f__vs__a02879f74f.pdf,c11bb3948fa4282e44eb00554fabb5fe73d09e638b2b15de634e24633b641b3f,/Users/arthrod/temp/T/neurotic_docx_bench/results/redlines_0929_full/jubarte-0.11.2/pdf_by_word/902a69f0e4_super_editor__line_space_table_9b1ee54b__vs__735c372b41_super_editor__diff_after8_58e5c288_redline_4d5de07b0e_jubarte-0.11.2.pdf,37e984a4a9d4c8feb5b3b2f9680e4db39c8460e1793a864499b76f73fb2f1c4d
836d7aa3c4_file_14__vs__70a28a8258_file_15_redline_a045479a81,a045479a81,with_comments_tracking,word_based_randomized,fresh,/Users/arthrod/temp/T/compare_regen/out/a045479a81__vs__a045479a81.pdf,ebf2a6c688ea2b0dd209e511193b2cc29d35cea626cc6a96cb53a8708363d2f7,/Users/arthrod/temp/T/neurotic_docx_bench/results/redlines_0929_full/jubarte-0.11.2/pdf_by_word/836d7aa3c4_file_14__vs__70a28a8258_file_15_redline_25f1d6ecc3_jubarte-0.11.2.pdf,e2f3fb19493c9152ec1b9ee38d4cfda9a55dd3ffd4e64f8449fc965ed068dfee
049a315896_super_editor__hyperlink_multiple_runs_0138c312__vs__2ad2fc5ab0_super_editor__diff_before10_2f84ca55_redline_a098bd5ad9,a098bd5ad9,tracking_without_comments,word_redlines_superdoc,corpus,/Users/arthrod/temp/T/neurotic_docx_bench/corpus/word/tracking_without_comments/pdf/049a315896_super_editor__hyperlink_multiple_runs_0138c312__vs__2ad2fc5ab0_super_editor__diff_before10_2f84ca55_redline_a098bd5ad9.pdf,3bfa891b62d96747aec253755442da8a4fec68e92216382e47092d34e3e2be34,/Users/arthrod/temp/T/neurotic_docx_bench/results/redlines_0929_full/jubarte-0.11.2/pdf_by_word/049a315896_super_editor__hyperlink_multiple_runs_0138c312__vs__2ad2fc5ab0_super_editor__diff_before10_2f84ca55_redline_a098bd5ad9_jubarte-0.11.2.pdf,0107cd8ddb8a08f68d8402534ee20205d279c09d6b6a4c5982822a0f58c0b21e
c706120413_open_sans_font_demo_id_paraid_overflow__vs__82348eef4b_multi_section_redline_a0b32ee481,a0b32ee481,tracking_without_comments,word_based;fixtures_word_compares,fresh,/Users/arthrod/temp/T/compare_regen/out/a0b32ee481__vs__a0b32ee481.pdf,32e85d85b37c393806d2204a33db2dcee5f4bff0807e0e3e402c665932834413,/Users/arthrod/temp/T/neurotic_docx_bench/results/redlines_0929_full/jubarte-0.11.2/pdf_by_word/c706120413_open_sans_font_demo_id_paraid_overflow__vs__82348eef4b_multi_section_redline_a0b32ee481_jubarte-0.11.2.pdf,711b343671876604debd93dd2e72cee83ca707cc4d618c837f57c94d26f30727
a1dd2e1369_increase_indent_demo_id_paraid_overflow__vs__6a909493e9_insert_link_demo_id_paraid_overflow_redline_a151dfccc4,a151dfccc4,tracking_without_comments,nocomments,corpus,/Users/arthrod/temp/T/neurotic_docx_bench/corpus/word/tracking_without_comments/pdf/a1dd2e1369_increase_indent_demo_id_paraid_overflow__vs__6a909493e9_insert_link_demo_id_paraid_overflow_redline_a151dfccc4.pdf,28eaa8ac3626bca49952ea0df4bb62444d4e2bba5667ed0567350c895a4b9836,/Users/arthrod/temp/T/neurotic_docx_bench/results/redlines_0929_full/jubarte-0.11.2/pdf_by_word/a1dd2e1369_increase_indent_demo_id_paraid_overflow__vs__6a909493e9_insert_link_demo_id_paraid_overflow_redline_a151dfccc4_jubarte-0.11.2.pdf,8c427d565a7696dd2ca3016ba2464f56f47f5cb5a1adc2857a8e3786d6d44e06
16100cd46d_behavior__sd_2323_image_resize_test_2b8a201a__vs__aa940255be_behavior__sd_2343_table_border_widths_b5148e83_redline_a169f5fa5f,a169f5fa5f,tracking_without_comments,word_redlines_superdoc,corpus,/Users/arthrod/temp/T/neurotic_docx_bench/corpus/word/tracking_without_comments/pdf/16100cd46d_behavior__sd_2323_image_resize_test_2b8a201a__vs__aa940255be_behavior__sd_2343_table_border_widths_b5148e83_redline_a169f5fa5f.pdf,a7c31e6ba9d3a510031b8444c08d67a7f783d709458c175329208368c356a6e5,/Users/arthrod/temp/T/neurotic_docx_bench/results/redlines_0929_full/jubarte-0.11.2/pdf_by_word/16100cd46d_behavior__sd_2323_image_resize_test_2b8a201a__vs__aa940255be_behavior__sd_2343_table_border_widths_b5148e83_redline_10cf6d1b1a_jubarte-0.11.2.pdf,ce28257b164203b7d1c8ed7a1c4c9b52db26d1ec3b1091c041a5473fbce2fb43
c6956051c8_0035880301dd9b39b35318af6a88457fb4f6491a3ca1964a__vs__2e04202552_000e3e7bd2d6215fc7b469cc3e296c1b2a510bc1abc7e0fd_redline_a302cb338a,a302cb338a,tracking_without_comments,redlines_a100_b10,corpus,/Users/arthrod/temp/T/neurotic_docx_bench/corpus/word/tracking_without_comments/pdf/c6956051c8_0035880301dd9b39b35318af6a88457fb4f6491a3ca1964a__vs__2e04202552_000e3e7bd2d6215fc7b469cc3e296c1b2a510bc1abc7e0fd_redline_a302cb338a.pdf,ce242d74a72445db556b7da61304f05dd86ca3073a6fcda5050fc84a2a889a1b,/Users/arthrod/temp/T/neurotic_docx_bench/results/redlines_0929_full/jubarte-0.11.2/pdf_by_word/c6956051c8_0035880301dd9b39b35318af6a88457fb4f6491a3ca1964a__vs__2e04202552_000e3e7bd2d6215fc7b469cc3e296c1b2a510bc1abc7e0fd_redline_a302cb338a_jubarte-0.11.2.pdf,bd00f26a06924eb9f789b0cb7b3d81d50f23d8139ec068e45179f5fbc4462400
e70f1134dd_super_editor__diff_before8_ba5faa9e__vs__f6e1c253ff_super_editor__diff_before9_9818a85f_redline_a33b8e810a,a33b8e810a,with_comments_tracking,word_redlines_superdoc,fresh,/Users/arthrod/temp/T/compare_regen/out/a33b8e810a__vs__a33b8e810a.pdf,a55d028ebde40728080b10cf1126cefb2ca5343b5294836adfd0985bb5e38d7e,/Users/arthrod/temp/T/neurotic_docx_bench/results/redlines_0929_full/jubarte-0.11.2/pdf_by_word/e70f1134dd_super_editor__diff_before8_ba5faa9e__vs__f6e1c253ff_super_editor__diff_before9_9818a85f_redline_a33b8e810a_jubarte-0.11.2.pdf,caff92593bda9e287a2538b694b98fb1631ba40d45030a39d32e135e97dbf8c1
91440900a0_00189e19139f6e3031303e4152566a7bc08fab71a5c95895__vs__deff0e697a_00b5defcad6e58038eac35472a2d48c89905068e5ece0cc3_redline_a3dddd5dfc,a3dddd5dfc,tracking_without_comments,redlines_a100_b10,corpus,/Users/arthrod/temp/T/neurotic_docx_bench/corpus/word/tracking_without_comments/pdf/91440900a0_00189e19139f6e3031303e4152566a7bc08fab71a5c95895__vs__deff0e697a_00b5defcad6e58038eac35472a2d48c89905068e5ece0cc3_redline_a3dddd5dfc.pdf,1db11ea5c46cd03003e04d4ee5b314d86be0324b00ea7e02205abde96e3907da,/Users/arthrod/temp/T/neurotic_docx_bench/results/redlines_0929_full/jubarte-0.11.2/pdf_by_word/91440900a0_00189e19139f6e3031303e4152566a7bc08fab71a5c95895__vs__deff0e697a_00b5defcad6e58038eac35472a2d48c89905068e5ece0cc3_redline_a3dddd5dfc_jubarte-0.11.2.pdf,b8856223d6066c7412c678178648c4cea863776106ef119f1f3f28032c4977f9
1558d2a6ec_project_proposal_id_paraid_overflow__vs__77b9e6ba80_project_proposal_suggesting_insertions_redline_a3f0470a1d,a3f0470a1d,tracking_without_comments,fixtures_word_compares;pdf_fill_0928,fresh,/Users/arthrod/temp/T/compare_regen/out/a3f0470a1d__vs__a3f0470a1d.pdf,df5b5c52f12662c709ecd7c6a0e6d1ce37bef03cd73fc34fa34f992120916d9b,/Users/arthrod/temp/T/neurotic_docx_bench/results/redlines_0929_full/jubarte-0.11.2/pdf_by_word/1558d2a6ec_project_proposal_id_paraid_overflow__vs__77b9e6ba80_project_proposal_suggesting_insertions_redline_a3f0470a1d_jubarte-0.11.2.pdf,80303fc7ea182d07e81ce75a59260483c1fa2cdbb87ac4ba8beb00d9b7b46ff0
8eff3a4440_track_changes_editing_bullet_id_paraid_overflow__vs__9afcac2667_track_changes_editing_strikethrough_id_paraid_ov_redline_a4920bc6af,a4920bc6af,tracking_without_comments,nocomments,corpus,/Users/arthrod/temp/T/neurotic_docx_bench/corpus/word/tracking_without_comments/pdf/8eff3a4440_track_changes_editing_bullet_id_paraid_overflow__vs__9afcac2667_track_changes_editing_strikethrough_id_paraid_ov_redline_a4920bc6af.pdf,1dee3765947fe1fe3ad3306469e4444c7e64850e73a85211eaf3f63313f7bc43,/Users/arthrod/temp/T/neurotic_docx_bench/results/redlines_0929_full/jubarte-0.11.2/pdf_by_word/8eff3a4440_track_changes_editing_bullet_id_paraid_overflow__vs__9afcac2667_track_changes_editing_strikethrough_id_paraid_ov_redline_a4920bc6af_jubarte-0.11.2.pdf,782444fc302ec71a7687ed44e2f14ed2c6d0e66553d36b0f1da46a5e15549d43
4db02133f5_0007ed60dbbc648e714534360ae72dd054c8322b82ac5609__vs__deff0e697a_00b5defcad6e58038eac35472a2d48c89905068e5ece0cc3_redline_a4bf2feaf5,a4bf2feaf5,tracking_without_comments,redlines_a100_b10,corpus,/Users/arthrod/temp/T/neurotic_docx_bench/corpus/word/tracking_without_comments/pdf/4db02133f5_0007ed60dbbc648e714534360ae72dd054c8322b82ac5609__vs__deff0e697a_00b5defcad6e58038eac35472a2d48c89905068e5ece0cc3_redline_a4bf2feaf5.pdf,dc29b2ae289f45dbbdeae13d9fa7f072c4f94c4197d4c767cf32a4085e93e193,/Users/arthrod/temp/T/neurotic_docx_bench/results/redlines_0929_full/jubarte-0.11.2/pdf_by_word/4db02133f5_0007ed60dbbc648e714534360ae72dd054c8322b82ac5609__vs__deff0e697a_00b5defcad6e58038eac35472a2d48c89905068e5ece0cc3_redline_a4bf2feaf5_jubarte-0.11.2.pdf,27793d605cdd5036ddb2cfecf37f4a01995f6f98f046ade24d494b7e91719547
3d495db791_file_95__vs__c6ce4423f8_file_96_redline_a4c9622fa7,a4c9622fa7,tracking_without_comments,nocomments_randomized,corpus,/Users/arthrod/temp/T/neurotic_docx_bench/corpus/word/tracking_without_comments/pdf/3d495db791_file_95__vs__c6ce4423f8_file_96_redline_a4c9622fa7.pdf,c0428d49f34a5b428045fd54892287948db483d6bd589fdc3137b151143fd7cc,/Users/arthrod/temp/T/neurotic_docx_bench/results/redlines_0929_full/jubarte-0.11.2/pdf_by_word/3d495db791_file_95__vs__c6ce4423f8_file_96_redline_a4c9622fa7_jubarte-0.11.2.pdf,d3c7cf76c9f0958e2b4d788d67743b974c3ef8c5ffc46b019beba350a0c4e3fb
af540c50e4_00edeec4b73ab68a9a4e2b0281464f067656d89fc9969ab4__vs__2e04202552_000e3e7bd2d6215fc7b469cc3e296c1b2a510bc1abc7e0fd_redline_a702002b5b,a702002b5b,tracking_without_comments,redlines_a100_b10,corpus,/Users/arthrod/temp/T/neurotic_docx_bench/corpus/word/tracking_without_comments/pdf/af540c50e4_00edeec4b73ab68a9a4e2b0281464f067656d89fc9969ab4__vs__2e04202552_000e3e7bd2d6215fc7b469cc3e296c1b2a510bc1abc7e0fd_redline_a702002b5b.pdf,c38752dec08a9cf1f63735ab17b30575700c872528e6ad045027b561560c95eb,/Users/arthrod/temp/T/neurotic_docx_bench/results/redlines_0929_full/jubarte-0.11.2/pdf_by_word/af540c50e4_00edeec4b73ab68a9a4e2b0281464f067656d89fc9969ab4__vs__2e04202552_000e3e7bd2d6215fc7b469cc3e296c1b2a510bc1abc7e0fd_redline_a702002b5b_jubarte-0.11.2.pdf,f76002eb45c3de6fb1b5aae7fad8ade6b249f90fdae7f32baeb1ea7849fb858f
af613a9921_file_128__vs__9f9fd7010e_file_129_redline_a785e97227,a785e97227,tracking_without_comments,nocomments_randomized,corpus,/Users/arthrod/temp/T/neurotic_docx_bench/corpus/word/tracking_without_comments/pdf/af613a9921_file_128__vs__9f9fd7010e_file_129_redline_a785e97227.pdf,5089243484446680e95feff76ec5f22a80c564e2c7c204202d4792f63cbb8809,/Users/arthrod/temp/T/neurotic_docx_bench/results/redlines_0929_full/jubarte-0.11.2/pdf_by_word/af613a9921_file_128__vs__9f9fd7010e_file_129_redline_a785e97227_jubarte-0.11.2.pdf,4bc7a4d19cd81d701de820d2d96b0cad7b20251249a4d4e775a580e55b29b016
0a1badc333_super_editor__missing_sectpr_967a402d__vs__84f5fb598b_super_editor__diff_before11_1b953eaf_redline_a78b94020d,a78b94020d,with_comments_tracking,word_redlines_superdoc_0926,fresh,/Users/arthrod/temp/T/compare_regen/out/a78b94020d__vs__a78b94020d.pdf,2186791dbd7d0d984db7a5179dd62d08ca87eca9b3ecfdd73939efdf059d7487,/Users/arthrod/temp/T/neurotic_docx_bench/results/redlines_0929_full/jubarte-0.11.2/pdf_by_word/0a1badc333_super_editor__missing_sectpr_967a402d__vs__84f5fb598b_super_editor__diff_before11_1b953eaf_redline_a78b94020d_jubarte-0.11.2.pdf,2e09f180a25bf914a6b47dec59e446426f0606cc45bcfcc4349125332f332667
1f22b7b009_153542e701bb134da7aee3bb1c4be1f1458fb401ed835378__vs__524cd290f3_f6e23a442c10a2b2645a49855e3bcb779b2d7bf34b37e612_redline_a7fa1e6bff,a7fa1e6bff,tracking_without_comments,redlines_en_500,corpus,/Users/arthrod/temp/T/neurotic_docx_bench/corpus/word/tracking_without_comments/pdf/1f22b7b009_153542e701bb134da7aee3bb1c4be1f1458fb401ed835378__vs__524cd290f3_f6e23a442c10a2b2645a49855e3bcb779b2d7bf34b37e612_redline_a7fa1e6bff.pdf,e6b5fa9025cab82ee06061439a9e73f280320082a8774706c052c48ccc43ef4c,/Users/arthrod/temp/T/neurotic_docx_bench/results/redlines_0929_full/jubarte-0.11.2/pdf_by_word/1f22b7b009_153542e701bb134da7aee3bb1c4be1f1458fb401ed835378__vs__524cd290f3_f6e23a442c10a2b2645a49855e3bcb779b2d7bf34b37e612_redline_a7fa1e6bff_jubarte-0.11.2.pdf,d3efe4c547c9e6477a722e7aedef71596d73bf513385a70f3b71dc033fd9520d
24ad1aa6e5_docx_lots_of_comments_addition_removal__vs__e57ad0eaa4_docx_lots_of_comments_addition_redline_a836952933,a836952933,with_comments_tracking,word_based,fresh,/Users/arthrod/temp/T/compare_regen/out/a836952933__vs__a836952933.pdf,3b50cd92860d28fabaed68774a8cb35d80e0086ec89a7ada469e5852c4495dd1,/Users/arthrod/temp/T/neurotic_docx_bench/results/redlines_0929_full/jubarte-0.11.2/pdf_by_word/24ad1aa6e5_docx_lots_of_comments_addition_removal__vs__e57ad0eaa4_docx_lots_of_comments_addition_redline_a836952933_jubarte-0.11.2.pdf,07fbcc299d3ee1d66187d942df8486e936d6610089217240de626896367ed711
f4e1903ff3_super_editor__sd_1707_list_enter_track_changes_w__vs__25f07e0823_super_editor__sd_1919_word_mixed_33e049ca_redline_a91147b7d6,a91147b7d6,tracking_without_comments,word_redlines_superdoc,corpus,/Users/arthrod/temp/T/neurotic_docx_bench/corpus/word/tracking_without_comments/pdf/f4e1903ff3_super_editor__sd_1707_list_enter_track_changes_w__vs__25f07e0823_super_editor__sd_1919_word_mixed_33e049ca_redline_a91147b7d6.pdf,cf4a101b07a9e4462ec1dc171d24c04392be87e7d3e503ada5d53a4d1423a1a3,/Users/arthrod/temp/T/neurotic_docx_bench/results/redlines_0929_full/jubarte-0.11.2/pdf_by_word/f4e1903ff3_super_editor__sd_1707_list_enter_track_changes_w__vs__25f07e0823_super_editor__sd_1919_word_mixed_33e049ca_redline_4d4841f48c_jubarte-0.11.2.pdf,6d9c3461ffeb2ac574a5d249616d2cca3f39c3c5ab180fc852c8b2484fb6b1f5
2b6c7be6bd_super_editor__nested_comments_84f214bb__vs__6c0ad6c8ef_behavior__math_matrix_tests_a3b17e15_redline_a9272f69c1,a9272f69c1,with_comments_tracking,word_redlines_superdoc,fresh,/Users/arthrod/temp/T/compare_regen/out/a9272f69c1__vs__a9272f69c1.pdf,9722c6b67ef9023bfe1d83ec3ef1bdf56054d9a25f59bab7ff39dca9c0db7f9f,/Users/arthrod/temp/T/neurotic_docx_bench/results/redlines_0929_full/jubarte-0.11.2/pdf_by_word/2b6c7be6bd_super_editor__nested_comments_84f214bb__vs__6c0ad6c8ef_behavior__math_matrix_tests_a3b17e15_redline_a9272f69c1_jubarte-0.11.2.pdf,6ebace8d27022464eacfa05e5479767299a059d057bf2c2b82de305b699c0808
cfb3c9f5f7_60168e4d4fe36b23bee30244f89884e3a9b364b2b8270abc__vs__6c8fc15329_adec1f56bbf0e13c249c914129851ad18623e311ccbfde12_redline_a9333255ca,a9333255ca,tracking_without_comments,redlines_en_500,corpus,/Users/arthrod/temp/T/neurotic_docx_bench/corpus/word/tracking_without_comments/pdf/cfb3c9f5f7_60168e4d4fe36b23bee30244f89884e3a9b364b2b8270abc__vs__6c8fc15329_adec1f56bbf0e13c249c914129851ad18623e311ccbfde12_redline_a9333255ca.pdf,8c1002b46ac144ad6a8635859dbe4d9cb1691fccfcf30b6e3a6e8886345135c1,/Users/arthrod/temp/T/neurotic_docx_bench/results/redlines_0929_full/jubarte-0.11.2/pdf_by_word/cfb3c9f5f7_60168e4d4fe36b23bee30244f89884e3a9b364b2b8270abc__vs__6c8fc15329_adec1f56bbf0e13c249c914129851ad18623e311ccbfde12_redline_a9333255ca_jubarte-0.11.2.pdf,dcb59edad52dd47addf3223a50cc34eb2a739fc54fe9cd6e9f9047871e980e1d
9f6091a4ac_super_editor__threaded_comment_27bda0ba__vs__776a437291_behavior__two_column_simple_e77be963_redline_a954a57308,a954a57308,with_comments_tracking,word_redlines_superdoc_0926,fresh,/Users/arthrod/temp/T/compare_regen/out/a954a57308__vs__a954a57308.pdf,14846f0a4dfe1f09c28b96d4f3ccad0be0322998073896e135d36d4862f84b15,/Users/arthrod/temp/T/neurotic_docx_bench/results/redlines_0929_full/jubarte-0.11.2/pdf_by_word/9f6091a4ac_super_editor__threaded_comment_27bda0ba__vs__776a437291_behavior__two_column_simple_e77be963_redline_a954a57308_jubarte-0.11.2.pdf,2381ea1ec3d9b0cd2163ab8dca014a49a65ec1057f84588bdd1a93f03dd0a272
a5eb266a1f_016236e3bf778292b45976ecd4a34b45d02104f47db7a3ca__vs__5203829c7a_001cc92b88566d5f930fe57f25813c0bf52a7bdc72c217d0_redline_a9785a24a3,a9785a24a3,tracking_without_comments,redlines_a100_b10,corpus,/Users/arthrod/temp/T/neurotic_docx_bench/corpus/word/tracking_without_comments/pdf/a5eb266a1f_016236e3bf778292b45976ecd4a34b45d02104f47db7a3ca__vs__5203829c7a_001cc92b88566d5f930fe57f25813c0bf52a7bdc72c217d0_redline_a9785a24a3.pdf,7f35e1d1e7b9f196936ae6055523f822ff979497fe472858930ba31522a3355f,/Users/arthrod/temp/T/neurotic_docx_bench/results/redlines_0929_full/jubarte-0.11.2/pdf_by_word/a5eb266a1f_016236e3bf778292b45976ecd4a34b45d02104f47db7a3ca__vs__5203829c7a_001cc92b88566d5f930fe57f25813c0bf52a7bdc72c217d0_redline_a9785a24a3_jubarte-0.11.2.pdf,da79ec06df0c7ef45192a40958d007b698cf6c6008cf39c181f2d51914107507
970fd9303f_sample_document_word_repair_of_our_output_word_r__vs__e355cec096_small_font_size_demo_id_paraid_overflow_redline_aa31228e52,aa31228e52,with_comments_tracking,word_based,fresh,/Users/arthrod/temp/T/compare_regen/out/aa31228e52__vs__aa31228e52.pdf,e25dab210e1f2b06c48782af48ddbf9bd53da21581d1c5d65004a691e8554ecb,/Users/arthrod/temp/T/neurotic_docx_bench/results/redlines_0929_full/jubarte-0.11.2/pdf_by_word/970fd9303f_sample_document_word_repair_of_our_output_word_r__vs__e355cec096_small_font_size_demo_id_paraid_overflow_redline_aa31228e52_jubarte-0.11.2.pdf,39d66b38bc189f65b7a431fd72372dd28d84f2081941973249f3600831f24a49
5aa178b931_super_editor__lists_sub_paragraph_31ff3fed__vs__25f07e0823_super_editor__sd_1919_word_mixed_33e049ca_redline_aaba20119b,aaba20119b,tracking_without_comments,word_redlines_superdoc,corpus,/Users/arthrod/temp/T/neurotic_docx_bench/corpus/word/tracking_without_comments/pdf/5aa178b931_super_editor__lists_sub_paragraph_31ff3fed__vs__25f07e0823_super_editor__sd_1919_word_mixed_33e049ca_redline_aaba20119b.pdf,01314daf95e1efddb04761b80a4ebdb496d15d1549e47f5064115fdcef656292,/Users/arthrod/temp/T/neurotic_docx_bench/results/redlines_0929_full/jubarte-0.11.2/pdf_by_word/5aa178b931_super_editor__lists_sub_paragraph_31ff3fed__vs__25f07e0823_super_editor__sd_1919_word_mixed_33e049ca_redline_5851377569_jubarte-0.11.2.pdf,bfd202210b428f42fb4152b22c50652cd69e657bfb58628f252a90cb61e71b00
a4ebc0e89c_0016d88a731db087feb2e28e8bfc163c1fe94df0ee048d55__vs__342f364d46_001342333d45627868f4dc5282abbba4598a91b4a7584b08_redline_aabaef6f3d,aabaef6f3d,tracking_without_comments,redlines_a100_b10,corpus,/Users/arthrod/temp/T/neurotic_docx_bench/corpus/word/tracking_without_comments/pdf/a4ebc0e89c_0016d88a731db087feb2e28e8bfc163c1fe94df0ee048d55__vs__342f364d46_001342333d45627868f4dc5282abbba4598a91b4a7584b08_redline_aabaef6f3d.pdf,f5b6c511ab77ef3d449825ee24aded63e7da43af488fe823cb0fd38aba1b0586,/Users/arthrod/temp/T/neurotic_docx_bench/results/redlines_0929_full/jubarte-0.11.2/pdf_by_word/a4ebc0e89c_0016d88a731db087feb2e28e8bfc163c1fe94df0ee048d55__vs__342f364d46_001342333d45627868f4dc5282abbba4598a91b4a7584b08_redline_aabaef6f3d_jubarte-0.11.2.pdf,86a655983d166a63fd5241d4a346cb03603e317daf1d5633e05c38676f102deb
3755bf5762_0000a3a991f56b6660c630eb426231a3b4ec31e40313aab9__vs__2e04202552_000e3e7bd2d6215fc7b469cc3e296c1b2a510bc1abc7e0fd_redline_aae2a313fa,aae2a313fa,tracking_without_comments,redlines_a100_b10,corpus,/Users/arthrod/temp/T/neurotic_docx_bench/corpus/word/tracking_without_comments/pdf/3755bf5762_0000a3a991f56b6660c630eb426231a3b4ec31e40313aab9__vs__2e04202552_000e3e7bd2d6215fc7b469cc3e296c1b2a510bc1abc7e0fd_redline_aae2a313fa.pdf,f37ff2b38a7a72ea0072dd1582fa6c66ce637282f460f1e2c8826017f5274c0e,/Users/arthrod/temp/T/neurotic_docx_bench/results/redlines_0929_full/jubarte-0.11.2/pdf_by_word/3755bf5762_0000a3a991f56b6660c630eb426231a3b4ec31e40313aab9__vs__2e04202552_000e3e7bd2d6215fc7b469cc3e296c1b2a510bc1abc7e0fd_redline_aae2a313fa_jubarte-0.11.2.pdf,688ccb01139d19cf8f66c3dc95d2107469b8e63b8bfa39437cd3c9eef98aa455
f43929f70c_verdana_bold_large_font_id_paraid_overflow__vs__ac4b41aa8e_verdana_font_demo_id_paraid_overflow_redline_ab1fd1e5f3,ab1fd1e5f3,with_comments_tracking,word_based,fresh,/Users/arthrod/temp/T/compare_regen/out/ab1fd1e5f3__vs__ab1fd1e5f3.pdf,28b5cea1d7d43c761ac4b70fc504417c5f9f3caa824d91c7d19e85777fbe776e,/Users/arthrod/temp/T/neurotic_docx_bench/results/redlines_0929_full/jubarte-0.11.2/pdf_by_word/f43929f70c_verdana_bold_large_font_id_paraid_overflow__vs__ac4b41aa8e_verdana_font_demo_id_paraid_overflow_redline_814dac9051_jubarte-0.11.2.pdf,52dd73fedcb7e9c2e9f07699293bc13a6ab34887e500730c71844ce1facb4d4e
99ef71ea03_542e3ea40461fc38266dadcfd11cd70e7e73056bfbfe20ba__vs__a3d29116c7_408da7917b268255aeb2819722dec6670c9a85c84bf4cd57_redline_ab8d070a28,ab8d070a28,tracking_without_comments,redlines_en_500,corpus,/Users/arthrod/temp/T/neurotic_docx_bench/corpus/word/tracking_without_comments/pdf/99ef71ea03_542e3ea40461fc38266dadcfd11cd70e7e73056bfbfe20ba__vs__a3d29116c7_408da7917b268255aeb2819722dec6670c9a85c84bf4cd57_redline_ab8d070a28.pdf,d696a197e6144e46a554bbcfe30c118758d98c68216683d2ad3b3756f1c70c8e,/Users/arthrod/temp/T/neurotic_docx_bench/results/redlines_0929_full/jubarte-0.11.2/pdf_by_word/99ef71ea03_542e3ea40461fc38266dadcfd11cd70e7e73056bfbfe20ba__vs__a3d29116c7_408da7917b268255aeb2819722dec6670c9a85c84bf4cd57_redline_ab8d070a28_jubarte-0.11.2.pdf,367e907b668744636a04fe5459fe3569f1544dddc0ea1f09266f42957b62fbf8
8bf3c89c49_roboto_font_demo_id_paraid_overflow_2__vs__80c61daaae_roboto_font_demo_id_paraid_overflow_redline_ac2d091203,ac2d091203,tracking_without_comments,nocomments,corpus,/Users/arthrod/temp/T/neurotic_docx_bench/corpus/word/tracking_without_comments/pdf/8bf3c89c49_roboto_font_demo_id_paraid_overflow_2__vs__80c61daaae_roboto_font_demo_id_paraid_overflow_redline_ac2d091203.pdf,7b56edc3737814de3af93d3d30de2e43390324fb057a11dce9854395f14e033c,/Users/arthrod/temp/T/neurotic_docx_bench/results/redlines_0929_full/jubarte-0.11.2/pdf_by_word/8bf3c89c49_roboto_font_demo_id_paraid_overflow_2__vs__80c61daaae_roboto_font_demo_id_paraid_overflow_redline_ac2d091203_jubarte-0.11.2.pdf,d77a924dea36bb10c495efabf005df39fb5db9a45cb2b2e9d0caf51d1b65fe38
3539cf2404_cli_legacy__replace_test_0a793f01__vs__8df6dfa8d7_alternate_content_redline_ac5e632cd2,ac5e632cd2,with_comments_tracking,word_redlines_superdoc,fresh,/Users/arthrod/temp/T/compare_regen/out/ac5e632cd2__vs__ac5e632cd2.pdf,ec22de642362bc40d50fbf1f9166c8a4870892ae02934151afbc051a14e57874,/Users/arthrod/temp/T/neurotic_docx_bench/results/redlines_0929_full/jubarte-0.11.2/pdf_by_word/3539cf2404_cli_legacy__replace_test_0a793f01__vs__8df6dfa8d7_alternate_content_redline_5b35efe2bb_jubarte-0.11.2.pdf,44ed9de00ca47e6b5f41ab07a5e4bf396b64690852b6b523b6264885526191d3
66dcec3e49_file_175__vs__8f47b1dc90_file_176_redline_acccebf575,acccebf575,with_comments_tracking,word_based_randomized,fresh,/Users/arthrod/temp/T/compare_regen/out/acccebf575__vs__acccebf575.pdf,5395a40f214d25cdda57a8f3360d49f85ba3275558847b1f4c25fb2f52b05d54,/Users/arthrod/temp/T/neurotic_docx_bench/results/redlines_0929_full/jubarte-0.11.2/pdf_by_word/66dcec3e49_file_175__vs__8f47b1dc90_file_176_redline_485599b4e9_jubarte-0.11.2.pdf,ebdfa401250fedc84037f12eaac846c7b87f412ce5f58b2d203bd6af4785bbb7
ca4ccabff6_superscript_demo_id_paraid_overflow_2__vs__860b6e457e_superscript_demo_id_paraid_overflow_redline_ad1cd7a177,ad1cd7a177,tracking_without_comments,word_based,corpus,/Users/arthrod/temp/T/neurotic_docx_bench/corpus/word/tracking_without_comments/pdf/ca4ccabff6_superscript_demo_id_paraid_overflow_2__vs__860b6e457e_superscript_demo_id_paraid_overflow_redline_ad1cd7a177.pdf,4e7f8dd90e16faa5fdcbee8438218183c566df97abb81eb3a707167af97f993c,/Users/arthrod/temp/T/neurotic_docx_bench/results/redlines_0929_full/jubarte-0.11.2/pdf_by_word/ca4ccabff6_superscript_demo_id_paraid_overflow_2__vs__860b6e457e_superscript_demo_id_paraid_overflow_redline_3b88fd5ebe_jubarte-0.11.2.pdf,45e7bcd7f7d7021388793c627a8f0e1c9225f70a06f131d995b41a42ab0379a4
1b8ec2a8cd_file_7__vs__c090b9f082_file_8_redline_ad34822be0,ad34822be0,tracking_without_comments,word_based_randomized,corpus,/Users/arthrod/temp/T/neurotic_docx_bench/corpus/word/tracking_without_comments/pdf/1b8ec2a8cd_file_7__vs__c090b9f082_file_8_redline_ad34822be0.pdf,0461f6c166c08aaf78d1bce53edea9e3e45ee17fd36000c3b3a00ec91088085f,/Users/arthrod/temp/T/neurotic_docx_bench/results/redlines_0929_full/jubarte-0.11.2/pdf_by_word/1b8ec2a8cd_file_7__vs__c090b9f082_file_8_redline_ad34822be0_jubarte-0.11.2.pdf,17d8778fc8b4ae6dd8ca7254e690c04567543e0d232b1b3fc0b85cd0c592803b
8f47b1dc90_file_176__vs__a3586d71f8_file_177_redline_ad917ac52c,ad917ac52c,with_comments_tracking,word_based_randomized,fresh,/Users/arthrod/temp/T/compare_regen/out/ad917ac52c__vs__ad917ac52c.pdf,c91463b245ce53f6ed5133035ad13c2d413a7ffc96a3c5bbb0cc812d9a7d1a03,/Users/arthrod/temp/T/neurotic_docx_bench/results/redlines_0929_full/jubarte-0.11.2/pdf_by_word/8f47b1dc90_file_176__vs__a3586d71f8_file_177_redline_5f0fed8e2a_jubarte-0.11.2.pdf,2e3d4ee6179cb8c60042706226d7ac0e350266a1c884f0e3c3dc2e64a44346cf
2e7f1e6637_0120556a0553eb1ba39978d5911b7ce62be10a9bdc7c9191__vs__342f364d46_001342333d45627868f4dc5282abbba4598a91b4a7584b08_redline_ae7cb7071e,ae7cb7071e,tracking_without_comments,redlines_a100_b10,corpus,/Users/arthrod/temp/T/neurotic_docx_bench/corpus/word/tracking_without_comments/pdf/2e7f1e6637_0120556a0553eb1ba39978d5911b7ce62be10a9bdc7c9191__vs__342f364d46_001342333d45627868f4dc5282abbba4598a91b4a7584b08_redline_ae7cb7071e.pdf,528c6a189986fd767226de88363ba86dd1233264ff15029f159b67388480c789,/Users/arthrod/temp/T/neurotic_docx_bench/results/redlines_0929_full/jubarte-0.11.2/pdf_by_word/2e7f1e6637_0120556a0553eb1ba39978d5911b7ce62be10a9bdc7c9191__vs__342f364d46_001342333d45627868f4dc5282abbba4598a91b4a7584b08_redline_ae7cb7071e_jubarte-0.11.2.pdf,167306c749a392453be4ac04179915b7ad7f8598cc563dc9f79d3a2c14a7cb44
82348eef4b_multi_section__vs__756fb54224_potpourritest_redline_ae9547abd2,ae9547abd2,with_comments_tracking,word_based_0926,fresh,/Users/arthrod/temp/T/compare_regen/out/ae9547abd2__vs__ae9547abd2.pdf,f1df576171dc94aa5b394817b190047a8f1ef9f84ba57a6b47b60710f049edcf,/Users/arthrod/temp/T/neurotic_docx_bench/results/redlines_0929_full/jubarte-0.11.2/pdf_by_word/82348eef4b_multi_section__vs__756fb54224_potpourritest_redline_ae9547abd2_jubarte-0.11.2.pdf,5ef91aae153e3958537d94b035a83f553dc3e5cf09b37481edc7a0b30db788c8
cefef4e4f5_yellow_highlight_demo_id_paraid_overflow__vs__a391978591_yellow_highlight_italic_demo_style_default_missi_redline_aec80553e5,aec80553e5,with_comments_tracking,word_based,fresh,/Users/arthrod/temp/T/compare_regen/out/aec80553e5__vs__aec80553e5.pdf,9d6b2e0c7a56c7bf70c09f692761f1130e5ad1bb87a17f5ee4dfafbabc2b2fdb,/Users/arthrod/temp/T/neurotic_docx_bench/results/redlines_0929_full/jubarte-0.11.2/pdf_by_word/cefef4e4f5_yellow_highlight_demo_id_paraid_overflow__vs__a391978591_yellow_highlight_italic_demo_style_default_missi_redline_aec80553e5_jubarte-0.11.2.pdf,bbb782048fd010c31a706efa2d131e0330cbcdf85495a706fd75e3adc1268b62
02d3862b8b_file_116__vs__2090099ae6_file_117_redline_b04445e064,b04445e064,tracking_without_comments,nocomments_randomized,corpus,/Users/arthrod/temp/T/neurotic_docx_bench/corpus/word/tracking_without_comments/pdf/02d3862b8b_file_116__vs__2090099ae6_file_117_redline_b04445e064.pdf,1e0bd22c37fd32c9b03cef1bded11ad821731e290c280401260edb3cbb4baec9,/Users/arthrod/temp/T/neurotic_docx_bench/results/redlines_0929_full/jubarte-0.11.2/pdf_by_word/02d3862b8b_file_116__vs__2090099ae6_file_117_redline_b04445e064_jubarte-0.11.2.pdf,8a85b0fc9d9cb72ff7f04e5ec4540ce6799929ccacf0860479bf4f576e85b6bc
9c6ebd430d_file_185__vs__154fce3ec8_file_186_redline_b0af33e7d7,b0af33e7d7,with_comments_tracking,word_based_randomized,fresh,/Users/arthrod/temp/T/compare_regen/out/b0af33e7d7__vs__b0af33e7d7.pdf,1e8ebc7c1a5705efb3f7481d1c34dda018a7b30ee5289ed78417437e55cffa8c,/Users/arthrod/temp/T/neurotic_docx_bench/results/redlines_0929_full/jubarte-0.11.2/pdf_by_word/9c6ebd430d_file_185__vs__154fce3ec8_file_186_redline_4d40d1f136_jubarte-0.11.2.pdf,74f416ade12dfae26284ceb36a7c591ed1317e7da479d407c385881c8317ce27
b389f55091_super_editor__comment_23ee5ec1__vs__6d773ca294_super_editor__annot2_03ae6b74_redline_b0d09c67a7,b0d09c67a7,with_comments_tracking,word_redlines_superdoc_0926,fresh,/Users/arthrod/temp/T/compare_regen/out/b0d09c67a7__vs__b0d09c67a7.pdf,e68fdd78196c28b14658d188b2d5855fd4e545ccd117a73b5f08d129d4f78f30,/Users/arthrod/temp/T/neurotic_docx_bench/results/redlines_0929_full/jubarte-0.11.2/pdf_by_word/b389f55091_super_editor__comment_23ee5ec1__vs__6d773ca294_super_editor__annot2_03ae6b74_redline_b0d09c67a7_jubarte-0.11.2.pdf,0ab2ca15dfff9d0ae11241136a8d7c9deec4ccabf7889a96da9edfcff2873634
1aa7a03758_004c43cb816aed2ca4b0d0adf6e2bb8f115182135f2b4b42__vs__1424386e9b_017447de83753a0e3b7afc659df038ef56972925336c6a5b_redline_b1191f033d,b1191f033d,tracking_without_comments,redlines_a100_b10,corpus,/Users/arthrod/temp/T/neurotic_docx_bench/corpus/word/tracking_without_comments/pdf/1aa7a03758_004c43cb816aed2ca4b0d0adf6e2bb8f115182135f2b4b42__vs__1424386e9b_017447de83753a0e3b7afc659df038ef56972925336c6a5b_redline_b1191f033d.pdf,2e80ed730a87c295c5f7ada0e8ca4e17038e9582f3d79047905863fad4f38db2,/Users/arthrod/temp/T/neurotic_docx_bench/results/redlines_0929_full/jubarte-0.11.2/pdf_by_word/1aa7a03758_004c43cb816aed2ca4b0d0adf6e2bb8f115182135f2b4b42__vs__1424386e9b_017447de83753a0e3b7afc659df038ef56972925336c6a5b_redline_b1191f033d_jubarte-0.11.2.pdf,22fcc7ff8a415baf110a0cb075ebeea5f956b0af25c483646bcf602ba33d998c
27c9cbd809_b4b5463ef111d72dc319a5ccf52ae7b396c494e99b89c857__vs__7f90ff7f2c_d94124e867cf9e31389cfa780818a638161d676f6b79049f_redline_b14882f3e9,b14882f3e9,tracking_without_comments,redlines_en_500,corpus,/Users/arthrod/temp/T/neurotic_docx_bench/corpus/word/tracking_without_comments/pdf/27c9cbd809_b4b5463ef111d72dc319a5ccf52ae7b396c494e99b89c857__vs__7f90ff7f2c_d94124e867cf9e31389cfa780818a638161d676f6b79049f_redline_b14882f3e9.pdf,3f600796694280b0b2786e6a3e7b2ed916328f18734644f3cc0960b415436863,/Users/arthrod/temp/T/neurotic_docx_bench/results/redlines_0929_full/jubarte-0.11.2/pdf_by_word/27c9cbd809_b4b5463ef111d72dc319a5ccf52ae7b396c494e99b89c857__vs__7f90ff7f2c_d94124e867cf9e31389cfa780818a638161d676f6b79049f_redline_b14882f3e9_jubarte-0.11.2.pdf,f04c655d75cd49cb04caa84fb41a8d0032fc025f86ed0da8732ebe7f8d027213
73cbfcf155_8e429677b4f05a9584d0af353823c66c0f9b1c035c8e5205__vs__ab517eeffc_5ed314f75f24c6be808674e4db53ce5952aa02d8aca97ade_redline_b205e40ea1,b205e40ea1,tracking_without_comments,redlines_en_500,corpus,/Users/arthrod/temp/T/neurotic_docx_bench/corpus/word/tracking_without_comments/pdf/73cbfcf155_8e429677b4f05a9584d0af353823c66c0f9b1c035c8e5205__vs__ab517eeffc_5ed314f75f24c6be808674e4db53ce5952aa02d8aca97ade_redline_b205e40ea1.pdf,11ec1be04edb9635c25934265e85e04c6da9f0288adcafb63e42771f1a46b65b,/Users/arthrod/temp/T/neurotic_docx_bench/results/redlines_0929_full/jubarte-0.11.2/pdf_by_word/73cbfcf155_8e429677b4f05a9584d0af353823c66c0f9b1c035c8e5205__vs__ab517eeffc_5ed314f75f24c6be808674e4db53ce5952aa02d8aca97ade_redline_b205e40ea1_jubarte-0.11.2.pdf,40def6b2c905bd1dfad70395e1f594e4ff25424343d595bfe26a6882c828adfe
382497a0a8_super_editor__python_docx_comment_test_501f21cb__vs__bcc7379f64_super_editor__paragraph_spacing_missing_de418c38_redline_b37d04ac06,b37d04ac06,with_comments_tracking,word_redlines_superdoc,fresh,/Users/arthrod/temp/T/compare_regen/out/b37d04ac06__vs__b37d04ac06.pdf,89b3ff310da653d6afad4f442163ac323551094a47ade7dad58a2cfb9807c34c,/Users/arthrod/temp/T/neurotic_docx_bench/results/redlines_0929_full/jubarte-0.11.2/pdf_by_word/382497a0a8_super_editor__python_docx_comment_test_501f21cb__vs__bcc7379f64_super_editor__paragraph_spacing_missing_de418c38_redline_4b140ffdfc_jubarte-0.11.2.pdf,b45b5b57e502f8953b9f62603ea16bcc2c44e2db3c7bc225a6685b0a4d391807
dd6dbfb284_super_editor__diff_after2_fc1e0763__vs__c51843a182_super_editor__diff_after3_3f4fb6e8_redline_b443fb9207,b443fb9207,tracking_without_comments,word_redlines_superdoc,corpus,/Users/arthrod/temp/T/neurotic_docx_bench/corpus/word/tracking_without_comments/pdf/dd6dbfb284_super_editor__diff_after2_fc1e0763__vs__c51843a182_super_editor__diff_after3_3f4fb6e8_redline_b443fb9207.pdf,f96019ca05f84f6795ad5daab0f47c5fcce9515a9793dc342da26be8207bc940,/Users/arthrod/temp/T/neurotic_docx_bench/results/redlines_0929_full/jubarte-0.11.2/pdf_by_word/dd6dbfb284_super_editor__diff_after2_fc1e0763__vs__c51843a182_super_editor__diff_after3_3f4fb6e8_redline_b443fb9207_jubarte-0.11.2.pdf,39120e0be1a6368f33e59d43f8d6cd299971349e20468269fbb4eb8c578516d8
bd2400ab6a_8b342c8dfa6baaabf348e26a96976c7d90ab11bd241bb6da__vs__24356a7180_d0eff8fb6a6ffe20f9c3b0a4c37ca44bdd66b1cbf91c472b_redline_b45c815da3,b45c815da3,tracking_without_comments,redlines_en_500,corpus,/Users/arthrod/temp/T/neurotic_docx_bench/corpus/word/tracking_without_comments/pdf/bd2400ab6a_8b342c8dfa6baaabf348e26a96976c7d90ab11bd241bb6da__vs__24356a7180_d0eff8fb6a6ffe20f9c3b0a4c37ca44bdd66b1cbf91c472b_redline_b45c815da3.pdf,a6c433d945b8b791558d016f0597216e040ea910d3bff3862c13e9c5aec11fc5,/Users/arthrod/temp/T/neurotic_docx_bench/results/redlines_0929_full/jubarte-0.11.2/pdf_by_word/bd2400ab6a_8b342c8dfa6baaabf348e26a96976c7d90ab11bd241bb6da__vs__24356a7180_d0eff8fb6a6ffe20f9c3b0a4c37ca44bdd66b1cbf91c472b_redline_b45c815da3_jubarte-0.11.2.pdf,facc9f256d3a74c1d4b92a20015ac7d1c3428d671fd56cf65d5fdad3753238dc
e11fc429b2_29540ef11ec3fc04ba1bca353f5140559c4b03e76516c7a7__vs__0f6e71381a_7057d180ffd30c96a71aa95e32993d39bf2e59a1eff850b7_redline_b461d6f797,b461d6f797,with_comments_tracking,redlines_en_500,fresh,/Users/arthrod/temp/T/compare_regen/out/b461d6f797__vs__b461d6f797.pdf,ee18b96b2062f9e9b5a18bdbace1d16607ae436d91f8b02e05b6633ee0d6cc7a,/Users/arthrod/temp/T/neurotic_docx_bench/results/redlines_0929_full/jubarte-0.11.2/pdf_by_word/e11fc429b2_29540ef11ec3fc04ba1bca353f5140559c4b03e76516c7a7__vs__0f6e71381a_7057d180ffd30c96a71aa95e32993d39bf2e59a1eff850b7_redline_b461d6f797_jubarte-0.11.2.pdf,dbc533e103960efd3ac007daeefe54b465ebd4449bcdeba2e13e30d146b179ee
a0738533be_gdocs_comments_export__vs__2a69e1ce5c_green_bold_text_demo_id_paraid_overflow_redline_b4c606bf91,b4c606bf91,with_comments_tracking,word_based;fixtures_word_compares,fresh,/Users/arthrod/temp/T/compare_regen/out/b4c606bf91__vs__b4c606bf91.pdf,d5e84dcf7b6ba90a77f37062067784539cebeb09bff743d02b2ca1a5d7495024,/Users/arthrod/temp/T/neurotic_docx_bench/results/redlines_0929_full/jubarte-0.11.2/pdf_by_word/a0738533be_gdocs_comments_export__vs__2a69e1ce5c_green_bold_text_demo_id_paraid_overflow_redline_b4c606bf91_jubarte-0.11.2.pdf,7d1392698bcad991625673abe68f862b7d0451f2513d1856c6b342b228a1df16
12941c2a77_0023298b011b45232675215822f0f728678a238756d763c8__vs__342f364d46_001342333d45627868f4dc5282abbba4598a91b4a7584b08_redline_b4cd671041,b4cd671041,tracking_without_comments,redlines_a100_b10,corpus,/Users/arthrod/temp/T/neurotic_docx_bench/corpus/word/tracking_without_comments/pdf/12941c2a77_0023298b011b45232675215822f0f728678a238756d763c8__vs__342f364d46_001342333d45627868f4dc5282abbba4598a91b4a7584b08_redline_b4cd671041.pdf,0427cc677d63ecf8c81890bb5db6f33eb90cc6a83cc41e3c9d3eca6dc768c502,/Users/arthrod/temp/T/neurotic_docx_bench/results/redlines_0929_full/jubarte-0.11.2/pdf_by_word/12941c2a77_0023298b011b45232675215822f0f728678a238756d763c8__vs__342f364d46_001342333d45627868f4dc5282abbba4598a91b4a7584b08_redline_b4cd671041_jubarte-0.11.2.pdf,cfc744ea2294d1c3107aa777133484d7a05beae97cefe253b0de0cd853383bcf
7d0c2f81c2_calibri_font_demo_id_paraid_overflow_2__vs__f0f7d7305e_calibri_font_demo_id_paraid_overflow_redline_b512085c37,b512085c37,tracking_without_comments,nocomments,corpus,/Users/arthrod/temp/T/neurotic_docx_bench/corpus/word/tracking_without_comments/pdf/7d0c2f81c2_calibri_font_demo_id_paraid_overflow_2__vs__f0f7d7305e_calibri_font_demo_id_paraid_overflow_redline_b512085c37.pdf,38e934a42c881805b00cf30e6a6f96d8e8b44f2566cdca4b00b433db7f67c227,/Users/arthrod/temp/T/neurotic_docx_bench/results/redlines_0929_full/jubarte-0.11.2/pdf_by_word/7d0c2f81c2_calibri_font_demo_id_paraid_overflow_2__vs__f0f7d7305e_calibri_font_demo_id_paraid_overflow_redline_b512085c37_jubarte-0.11.2.pdf,98a071d27b913e9ca553970eb5bbfb33d880e3912e0e8646cebd73990dc00544
8775f4c82d_font_size_24_demo_id_paraid_overflow__vs__145c9e6761_font_size_demo_id_paraid_overflow_redline_b534da972f,b534da972f,tracking_without_comments,nocomments,corpus,/Users/arthrod/temp/T/neurotic_docx_bench/corpus/word/tracking_without_comments/pdf/8775f4c82d_font_size_24_demo_id_paraid_overflow__vs__145c9e6761_font_size_demo_id_paraid_overflow_redline_b534da972f.pdf,206d88e502f020ff9fbf14e4ac558eb6955ad9221d90abe5a7b7eb1cacdb8482,/Users/arthrod/temp/T/neurotic_docx_bench/results/redlines_0929_full/jubarte-0.11.2/pdf_by_word/8775f4c82d_font_size_24_demo_id_paraid_overflow__vs__145c9e6761_font_size_demo_id_paraid_overflow_redline_b534da972f_jubarte-0.11.2.pdf,11223efe6bc5586ff1fda03a91c544935306707048e95e4dd28cc5e273dbc094
f529133cd5_super_editor__basic_comment_d3ba5f1e__vs__199cb211b5_super_editor__basic_footnotes_5be96945_redline_b547e31a0d,b547e31a0d,with_comments_tracking,word_redlines_superdoc_0926,fresh,/Users/arthrod/temp/T/compare_regen/out/b547e31a0d__vs__b547e31a0d.pdf,d5a41780894b46df9ad013356a417e7ef403c3099f378fc378dca88adbfb2e8a,/Users/arthrod/temp/T/neurotic_docx_bench/results/redlines_0929_full/jubarte-0.11.2/pdf_by_word/f529133cd5_super_editor__basic_comment_d3ba5f1e__vs__199cb211b5_super_editor__basic_footnotes_5be96945_redline_b547e31a0d_jubarte-0.11.2.pdf,ef426b74e35459d3f17305e3846e1243d3d0515d09d66aaa263ba0dcb8338c9e
ef7218d9e8_001893584bf94ff30c98db48cb8a0ea0ea5abc048f3e1a4d__vs__333bfe069a_003416d620331122b93b434dad901db5836f60d2cad4b533_redline_b626364e3d,b626364e3d,tracking_without_comments,redlines_a100_b10,corpus,/Users/arthrod/temp/T/neurotic_docx_bench/corpus/word/tracking_without_comments/pdf/ef7218d9e8_001893584bf94ff30c98db48cb8a0ea0ea5abc048f3e1a4d__vs__333bfe069a_003416d620331122b93b434dad901db5836f60d2cad4b533_redline_b626364e3d.pdf,ef580a822c20c074b0b29efca3ef105d8d6179186d0e13f84c51c18cf36f5d76,/Users/arthrod/temp/T/neurotic_docx_bench/results/redlines_0929_full/jubarte-0.11.2/pdf_by_word/ef7218d9e8_001893584bf94ff30c98db48cb8a0ea0ea5abc048f3e1a4d__vs__333bfe069a_003416d620331122b93b434dad901db5836f60d2cad4b533_redline_b626364e3d_jubarte-0.11.2.pdf,d5e356f35edb83de7387c7f29c3fe26cda8ed91e06517748a74e2f4af7da161d
8a553b35e4_super_editor__doc_with_spaces_from_styles_734ca2__vs__0a1badc333_super_editor__missing_sectpr_967a402d_redline_b62cc72658,b62cc72658,tracking_without_comments,word_redlines_superdoc_0926,corpus,/Users/arthrod/temp/T/neurotic_docx_bench/corpus/word/tracking_without_comments/pdf/8a553b35e4_super_editor__doc_with_spaces_from_styles_734ca2__vs__0a1badc333_super_editor__missing_sectpr_967a402d_redline_b62cc72658.pdf,fb51391f8b1f9912a76759db50a88de6001bf998e324306d893e595d3a5b8214,/Users/arthrod/temp/T/neurotic_docx_bench/results/redlines_0929_full/jubarte-0.11.2/pdf_by_word/8a553b35e4_super_editor__doc_with_spaces_from_styles_734ca2__vs__0a1badc333_super_editor__missing_sectpr_967a402d_redline_b62cc72658_jubarte-0.11.2.pdf,f8a64d1cc2e37c0ac9730c09bb2cb34e0dcaf90d59e8e0191bea95642973cdbe
4c0d04c85d_book_catalog_id_paraid_overflow__vs__7cab5fbdbe_book_catalog_table_redline_b6a0f44ca8,b6a0f44ca8,tracking_without_comments,word_based,corpus,/Users/arthrod/temp/T/neurotic_docx_bench/corpus/word/tracking_without_comments/pdf/4c0d04c85d_book_catalog_id_paraid_overflow__vs__7cab5fbdbe_book_catalog_table_redline_b6a0f44ca8.pdf,3abb4436dcbca3ac3420f235f29e1ec0df9476bf397f4d74663d352f77843f6d,/Users/arthrod/temp/T/neurotic_docx_bench/results/redlines_0929_full/jubarte-0.11.2/pdf_by_word/4c0d04c85d_book_catalog_id_paraid_overflow__vs__7cab5fbdbe_book_catalog_table_redline_263ae47a8c_jubarte-0.11.2.pdf,687a1cc08b3cc5446dae02317ee0aef0dcb53fff3621b55420eb14f7cdaaeb55
52220b20c3_00a54bff7e15af78fe7cfc20219c28cb208fde807bd28d44__vs__2773adf157_0004c94ca2a8684d47449bb0e7abf87de1df71a7e6543252_redline_b799eadbeb,b799eadbeb,tracking_without_comments,redlines_a100_b10,corpus,/Users/arthrod/temp/T/neurotic_docx_bench/corpus/word/tracking_without_comments/pdf/52220b20c3_00a54bff7e15af78fe7cfc20219c28cb208fde807bd28d44__vs__2773adf157_0004c94ca2a8684d47449bb0e7abf87de1df71a7e6543252_redline_b799eadbeb.pdf,cd194c714798a2c499af2fff98670fcca38cd24281de4536c5a5752f6e7b1331,/Users/arthrod/temp/T/neurotic_docx_bench/results/redlines_0929_full/jubarte-0.11.2/pdf_by_word/52220b20c3_00a54bff7e15af78fe7cfc20219c28cb208fde807bd28d44__vs__2773adf157_0004c94ca2a8684d47449bb0e7abf87de1df71a7e6543252_redline_b799eadbeb_jubarte-0.11.2.pdf,9a4bb55b87e1c9f5f03627a39d522e5c0961f61504d31155fbf25f1dd6524e47
f17e96512e_001cb345cc8d6b799aa725514eb368005048b80f4b4c07a5__vs__a5f2b9318d_002aa60c2ae1187417b4b157c5ec6450324cc056ec551a12_redline_b7c11bf92a,b7c11bf92a,tracking_without_comments,redlines_a100_b10,corpus,/Users/arthrod/temp/T/neurotic_docx_bench/corpus/word/tracking_without_comments/pdf/f17e96512e_001cb345cc8d6b799aa725514eb368005048b80f4b4c07a5__vs__a5f2b9318d_002aa60c2ae1187417b4b157c5ec6450324cc056ec551a12_redline_b7c11bf92a.pdf,277dc4d08de8fc0d2319619f84698acbdb0d0b34308086bbf1ae54b9d5c8a758,/Users/arthrod/temp/T/neurotic_docx_bench/results/redlines_0929_full/jubarte-0.11.2/pdf_by_word/f17e96512e_001cb345cc8d6b799aa725514eb368005048b80f4b4c07a5__vs__a5f2b9318d_002aa60c2ae1187417b4b157c5ec6450324cc056ec551a12_redline_b7c11bf92a_jubarte-0.11.2.pdf,03c56bf4d308cef301687f37a53d5ce1708c6eda1370c74d9f6390e007f7e8a8
812c0181d7_file_68__vs__4304570867_file_69_redline_b83c047cac,b83c047cac,with_comments_tracking,word_based_randomized,fresh,/Users/arthrod/temp/T/compare_regen/out/b83c047cac__vs__b83c047cac.pdf,2cee6c56a5a527523479d1337d8181cdd69e251ce63cdad63dcbc9e412e3f5d7,/Users/arthrod/temp/T/neurotic_docx_bench/results/redlines_0929_full/jubarte-0.11.2/pdf_by_word/812c0181d7_file_68__vs__4304570867_file_69_redline_b83c047cac_jubarte-0.11.2.pdf,27f4ebad0150f5d023e8e89a7e1a8fb02646b9c8c02204b8db4cfdc8aeec9235
d03da97287_super_editor__nested_comments_gdocs_0c8668e1__vs__2b6c7be6bd_super_editor__nested_comments_84f214bb_redline_ba3b77bee3,ba3b77bee3,with_comments_tracking,word_redlines_superdoc,fresh,/Users/arthrod/temp/T/compare_regen/out/ba3b77bee3__vs__ba3b77bee3.pdf,2287d215e059ec004f23ee3df0dc9a21fa064788b62733690d0036e12195dadd,/Users/arthrod/temp/T/neurotic_docx_bench/results/redlines_0929_full/jubarte-0.11.2/pdf_by_word/d03da97287_super_editor__nested_comments_gdocs_0c8668e1__vs__2b6c7be6bd_super_editor__nested_comments_84f214bb_redline_ba3b77bee3_jubarte-0.11.2.pdf,35e9c25c5c8424b80ef7b791d312c39414729caad19714fc6316cb4aaaa4c6da
bb560d2a02_2fb37ac3b5f327c12bb8bbd95446f266c5ad631463b80be8__vs__ef8453bf9c_09f1ccf70597b739a10c1b538c7686017f63363a46df22a3_redline_ba665aeaab,ba665aeaab,tracking_without_comments,redlines_en_500,corpus,/Users/arthrod/temp/T/neurotic_docx_bench/corpus/word/tracking_without_comments/pdf/bb560d2a02_2fb37ac3b5f327c12bb8bbd95446f266c5ad631463b80be8__vs__ef8453bf9c_09f1ccf70597b739a10c1b538c7686017f63363a46df22a3_redline_ba665aeaab.pdf,44c24b47c69593779bf4dd25c0e7ee9cd02ca69f66de95d9a1688a03183aa9d6,/Users/arthrod/temp/T/neurotic_docx_bench/results/redlines_0929_full/jubarte-0.11.2/pdf_by_word/bb560d2a02_2fb37ac3b5f327c12bb8bbd95446f266c5ad631463b80be8__vs__ef8453bf9c_09f1ccf70597b739a10c1b538c7686017f63363a46df22a3_redline_ba665aeaab_jubarte-0.11.2.pdf,4a52450a87e19bf7741b6b789a5a8aa393c0e235e8dd72e1eeb771743d4a6d2f
a04e2d2749_ooxml_style_link__vs__20d2e7d58b_word_tolerated_misplaced_pgsz_redline_bb42b4d0bc,bb42b4d0bc,tracking_without_comments,word_based,corpus,/Users/arthrod/temp/T/neurotic_docx_bench/corpus/word/tracking_without_comments/pdf/a04e2d2749_ooxml_style_link__vs__20d2e7d58b_word_tolerated_misplaced_pgsz_redline_bb42b4d0bc.pdf,dbdd94122d9411bb619c620c2c32b46c069e5df347c794b7c9a9c66b4902003a,/Users/arthrod/temp/T/neurotic_docx_bench/results/redlines_0929_full/jubarte-0.11.2/pdf_by_word/a04e2d2749_ooxml_style_link__vs__20d2e7d58b_word_tolerated_misplaced_pgsz_redline_bb42b4d0bc_jubarte-0.11.2.pdf,48785019bfdc409088dcb0a7007d3fcbed5bd450b648f56bfd8caa93b52f81fb
468d82c575_c690df8dcf29bb8af8646ae10768e3ca46e8a9ef5b586428__vs__3a5ed45f0d_3d76420524fd4852ab017e1d57f215e37281e965b3f38b31_redline_bbc3223232,bbc3223232,with_comments_tracking,redlines_en_500,fresh,/Users/arthrod/temp/T/compare_regen/out/bbc3223232__vs__bbc3223232.pdf,9c4691a8cc563e879c75b4705d9f45c3284636971cdd06a80d051c6a321b8a7e,/Users/arthrod/temp/T/neurotic_docx_bench/results/redlines_0929_full/jubarte-0.11.2/pdf_by_word/468d82c575_c690df8dcf29bb8af8646ae10768e3ca46e8a9ef5b586428__vs__3a5ed45f0d_3d76420524fd4852ab017e1d57f215e37281e965b3f38b31_redline_bbc3223232_jubarte-0.11.2.pdf,9a22a95c752d82ae9dbf4721bc0626cd8cd8ab39092ddabb27d14f9e8277e2c7
acd3595c3a_0032221e68ad2a7986d1fe113eb1d46b5a7d1901b5aa9318__vs__1424386e9b_017447de83753a0e3b7afc659df038ef56972925336c6a5b_redline_bc0135eaa1,bc0135eaa1,tracking_without_comments,redlines_a100_b10,corpus,/Users/arthrod/temp/T/neurotic_docx_bench/corpus/word/tracking_without_comments/pdf/acd3595c3a_0032221e68ad2a7986d1fe113eb1d46b5a7d1901b5aa9318__vs__1424386e9b_017447de83753a0e3b7afc659df038ef56972925336c6a5b_redline_bc0135eaa1.pdf,15ea97674aac8e6ac3318eec53d081120ddf0a29085ffc4038884d8852825102,/Users/arthrod/temp/T/neurotic_docx_bench/results/redlines_0929_full/jubarte-0.11.2/pdf_by_word/acd3595c3a_0032221e68ad2a7986d1fe113eb1d46b5a7d1901b5aa9318__vs__1424386e9b_017447de83753a0e3b7afc659df038ef56972925336c6a5b_redline_bc0135eaa1_jubarte-0.11.2.pdf,0030ee9d5c724b3e48e896e76398fa0d47da8fe99cf56ada138eeb905632a617
420a528aa0_super_editor__instrtext_angled_brackets_bug_ed56__vs__501bf3d47b_super_editor__table_merged_cells_9c349334_redline_bc49514ad1,bc49514ad1,tracking_without_comments,word_redlines_superdoc_0926,corpus,/Users/arthrod/temp/T/neurotic_docx_bench/corpus/word/tracking_without_comments/pdf/420a528aa0_super_editor__instrtext_angled_brackets_bug_ed56__vs__501bf3d47b_super_editor__table_merged_cells_9c349334_redline_bc49514ad1.pdf,785ed8fe04d0983c59fd14e471f19d65ba964809d08219841e8e6d9bcba5a641,/Users/arthrod/temp/T/neurotic_docx_bench/results/redlines_0929_full/jubarte-0.11.2/pdf_by_word/420a528aa0_super_editor__instrtext_angled_brackets_bug_ed56__vs__501bf3d47b_super_editor__table_merged_cells_9c349334_redline_bc49514ad1_jubarte-0.11.2.pdf,29c6d16cc8a428f8c84e72963fae81c955a818bd945a60f140d3c4466240d4d8
c090b9f082_file_8__vs__3f91c8f0cd_file_9_redline_bc6f8076f9,bc6f8076f9,with_comments_tracking,word_based_randomized_0926,fresh,/Users/arthrod/temp/T/compare_regen/out/bc6f8076f9__vs__bc6f8076f9.pdf,5542c92f4d7ae69a5786a3782ccd249034a172787f8b0bf1fe91dd14e2ad079d,/Users/arthrod/temp/T/neurotic_docx_bench/results/redlines_0929_full/jubarte-0.11.2/pdf_by_word/c090b9f082_file_8__vs__3f91c8f0cd_file_9_redline_bc6f8076f9_jubarte-0.11.2.pdf,0f4109f9eb131e0d947507452aee0fbbb45ba9d5793e85f25c05684607b98e8d
8441c4ae21_sd_2517_localized_heading_styles__vs__f584285fed_behavior__sd_2672_gridbefore_vmerge_7c895dff_redline_bc8691e22a,bc8691e22a,tracking_without_comments,word_redlines_superdoc,corpus,/Users/arthrod/temp/T/neurotic_docx_bench/corpus/word/tracking_without_comments/pdf/8441c4ae21_sd_2517_localized_heading_styles__vs__f584285fed_behavior__sd_2672_gridbefore_vmerge_7c895dff_redline_bc8691e22a.pdf,5daf6d3980838ede66ebb9b023ea9bb2179d07dd921676b882bc6c737c8036f4,/Users/arthrod/temp/T/neurotic_docx_bench/results/redlines_0929_full/jubarte-0.11.2/pdf_by_word/8441c4ae21_sd_2517_localized_heading_styles__vs__f584285fed_behavior__sd_2672_gridbefore_vmerge_7c895dff_redline_91c1ece7c9_jubarte-0.11.2.pdf,47df6c7f533421179c5f94783f5af4d45e9a504711ea3e59dc566e9e850a87a2
fdb2976d19_01415d08f6d1a428e6949533adcd6249cf25676d98d0b78c__vs__333bfe069a_003416d620331122b93b434dad901db5836f60d2cad4b533_redline_bd5a452533,bd5a452533,tracking_without_comments,redlines_a100_b10,corpus,/Users/arthrod/temp/T/neurotic_docx_bench/corpus/word/tracking_without_comments/pdf/fdb2976d19_01415d08f6d1a428e6949533adcd6249cf25676d98d0b78c__vs__333bfe069a_003416d620331122b93b434dad901db5836f60d2cad4b533_redline_bd5a452533.pdf,d47b4f0e5c78bb0c31ece6492cd97fd6d10405252c6090bba0a83a9b66da81e0,/Users/arthrod/temp/T/neurotic_docx_bench/results/redlines_0929_full/jubarte-0.11.2/pdf_by_word/fdb2976d19_01415d08f6d1a428e6949533adcd6249cf25676d98d0b78c__vs__333bfe069a_003416d620331122b93b434dad901db5836f60d2cad4b533_redline_bd5a452533_jubarte-0.11.2.pdf,1553a7461cd0d7b389f8a2ea41595cb6b61724c806970984628f84cf1356cba5
0cf73436ac_contract_review_suggesting_insertions__vs__93477c6068_contract_review_suggesting_mixed_edits_redline_bda43b51f7,bda43b51f7,tracking_without_comments,word_based,corpus,/Users/arthrod/temp/T/neurotic_docx_bench/corpus/word/tracking_without_comments/pdf/0cf73436ac_contract_review_suggesting_insertions__vs__93477c6068_contract_review_suggesting_mixed_edits_redline_bda43b51f7.pdf,c081f823097114a97c3dc84140b6015e785bb710b16ee4949106b9f1a064b5cd,/Users/arthrod/temp/T/neurotic_docx_bench/results/redlines_0929_full/jubarte-0.11.2/pdf_by_word/0cf73436ac_contract_review_suggesting_insertions__vs__93477c6068_contract_review_suggesting_mixed_edits_redline_6bba73f309_jubarte-0.11.2.pdf,99642281d43a33d5f53711a5a9a44be6fb19d0b9377bfa8c074367031f732a42
e1c745d784_008243ee20adecbf2ae39c9e6809b022076aa166a4a4f9ec__vs__2773adf157_0004c94ca2a8684d47449bb0e7abf87de1df71a7e6543252_redline_bdd82eb64d,bdd82eb64d,tracking_without_comments,redlines_a100_b10,corpus,/Users/arthrod/temp/T/neurotic_docx_bench/corpus/word/tracking_without_comments/pdf/e1c745d784_008243ee20adecbf2ae39c9e6809b022076aa166a4a4f9ec__vs__2773adf157_0004c94ca2a8684d47449bb0e7abf87de1df71a7e6543252_redline_bdd82eb64d.pdf,74dc7998751dbdb4fa0bc708c6e0d6df5c109e6f00c7dc58fc32e7def9e2f1cc,/Users/arthrod/temp/T/neurotic_docx_bench/results/redlines_0929_full/jubarte-0.11.2/pdf_by_word/e1c745d784_008243ee20adecbf2ae39c9e6809b022076aa166a4a4f9ec__vs__2773adf157_0004c94ca2a8684d47449bb0e7abf87de1df71a7e6543252_redline_bdd82eb64d_jubarte-0.11.2.pdf,c52f0131bf604c14533c90199f6cdc7754e443c06daf26dae09e400fbb498f44
9c1fb4747e_super_editor__sd_1495_auto_page_break_854a2dd9__vs__14211b982b_super_editor__simple_ordered_list_8288421a_redline_be40dcd167,be40dcd167,tracking_without_comments,word_redlines_superdoc_0926,corpus,/Users/arthrod/temp/T/neurotic_docx_bench/corpus/word/tracking_without_comments/pdf/9c1fb4747e_super_editor__sd_1495_auto_page_break_854a2dd9__vs__14211b982b_super_editor__simple_ordered_list_8288421a_redline_be40dcd167.pdf,04f89fd25f97d5fa896d18a2f117a5023e0e998cb4994dd5a41019bc3588eb54,/Users/arthrod/temp/T/neurotic_docx_bench/results/redlines_0929_full/jubarte-0.11.2/pdf_by_word/9c1fb4747e_super_editor__sd_1495_auto_page_break_854a2dd9__vs__14211b982b_super_editor__simple_ordered_list_8288421a_redline_b4bafdd04d_jubarte-0.11.2.pdf,cd735c56772880b4d1af109c0315b056148ca5f7813ec6f391d43a468ecffc3f
7367931dbf_super_editor__sdt_test_60079f08__vs__89b44c96a7_super_editor__sdts_basic_45263ca5_redline_be85bd5027,be85bd5027,tracking_without_comments,word_redlines_superdoc_0926,corpus,/Users/arthrod/temp/T/neurotic_docx_bench/corpus/word/tracking_without_comments/pdf/7367931dbf_super_editor__sdt_test_60079f08__vs__89b44c96a7_super_editor__sdts_basic_45263ca5_redline_be85bd5027.pdf,06479bbb8d92c84dad06729e20b78148b4b48764e1997809f17ef1dac4156d31,/Users/arthrod/temp/T/neurotic_docx_bench/results/redlines_0929_full/jubarte-0.11.2/pdf_by_word/7367931dbf_super_editor__sdt_test_60079f08__vs__89b44c96a7_super_editor__sdts_basic_45263ca5_redline_308e9e47b6_jubarte-0.11.2.pdf,d89305b4e5886e50eb83305cd4102299e261e7cf9f7ff3a33eec94e2f5023dbb
ef7218d9e8_001893584bf94ff30c98db48cb8a0ea0ea5abc048f3e1a4d__vs__2e04202552_000e3e7bd2d6215fc7b469cc3e296c1b2a510bc1abc7e0fd_redline_bedd714410,bedd714410,tracking_without_comments,redlines_a100_b10,corpus,/Users/arthrod/temp/T/neurotic_docx_bench/corpus/word/tracking_without_comments/pdf/ef7218d9e8_001893584bf94ff30c98db48cb8a0ea0ea5abc048f3e1a4d__vs__2e04202552_000e3e7bd2d6215fc7b469cc3e296c1b2a510bc1abc7e0fd_redline_bedd714410.pdf,27c91d1180b711c9902fbcfd906aa59907d9b13b9497edbafdacc7185128f871,/Users/arthrod/temp/T/neurotic_docx_bench/results/redlines_0929_full/jubarte-0.11.2/pdf_by_word/ef7218d9e8_001893584bf94ff30c98db48cb8a0ea0ea5abc048f3e1a4d__vs__2e04202552_000e3e7bd2d6215fc7b469cc3e296c1b2a510bc1abc7e0fd_redline_bedd714410_jubarte-0.11.2.pdf,ea871d2c5f6c4c975a5fe7ea83847baa8efb49739176b77b7b1d3118074333d9
e9d5410452_file_191__vs__bffb81f86c_file_192_redline_bfff2b1ab0,bfff2b1ab0,with_comments_tracking,word_based_randomized_0926,fresh,/Users/arthrod/temp/T/compare_regen/out/bfff2b1ab0__vs__bfff2b1ab0.pdf,b80dd2a468814984f9abf6c2efc2e79b8414bd55f55b3698bde8e82168a627f4,/Users/arthrod/temp/T/neurotic_docx_bench/results/redlines_0929_full/jubarte-0.11.2/pdf_by_word/e9d5410452_file_191__vs__bffb81f86c_file_192_redline_0cbac1d96f_jubarte-0.11.2.pdf,bba436619b69df51738f40d50edd365e0429fe32d41ecd318fc1ac8ce900eb73
0b2a46481b_nested_table_rowspan__vs__bdd82b239b_numbered_list_demo_id_paraid_overflow_redline_c053ccd3b8,c053ccd3b8,tracking_without_comments,word_based;fixtures_word_compares,fresh,/Users/arthrod/temp/T/compare_regen/out/c053ccd3b8__vs__c053ccd3b8.pdf,8f520f4038cc917ceac7e2bbe3628faf737279786383701ddf885ab3ea5316d0,/Users/arthrod/temp/T/neurotic_docx_bench/results/redlines_0929_full/jubarte-0.11.2/pdf_by_word/0b2a46481b_nested_table_rowspan__vs__bdd82b239b_numbered_list_demo_id_paraid_overflow_redline_c053ccd3b8_jubarte-0.11.2.pdf,116aa5db0ca343c1aff62ce85650c745b46478876620ab159eb92f1ae9208813
279abea8ce_super_editor__h_f_normal_odd_even_firstpg_9b210d__vs__76827c9f6c_super_editor__sd_1480_two_col_index_0138dccc_redline_c0cbc850a8,c0cbc850a8,tracking_without_comments,word_redlines_superdoc_0926,corpus,/Users/arthrod/temp/T/neurotic_docx_bench/corpus/word/tracking_without_comments/pdf/279abea8ce_super_editor__h_f_normal_odd_even_firstpg_9b210d__vs__76827c9f6c_super_editor__sd_1480_two_col_index_0138dccc_redline_c0cbc850a8.pdf,68a946d3d2703e9af1bed48c5ae24601ad7f2fda84d219603ee1f2621f97a5e2,/Users/arthrod/temp/T/neurotic_docx_bench/results/redlines_0929_full/jubarte-0.11.2/pdf_by_word/279abea8ce_super_editor__h_f_normal_odd_even_firstpg_9b210d__vs__76827c9f6c_super_editor__sd_1480_two_col_index_0138dccc_redline_9a93480040_jubarte-0.11.2.pdf,74408692601f539f7a4ffc6733da8ddd148c88de68af36ac491899eabd759f92
75b13139d1_01424129e67ac16566c504bbb091d985cb6316a08abf5730__vs__2773adf157_0004c94ca2a8684d47449bb0e7abf87de1df71a7e6543252_redline_c0f0e89fef,c0f0e89fef,tracking_without_comments,redlines_a100_b10,corpus,/Users/arthrod/temp/T/neurotic_docx_bench/corpus/word/tracking_without_comments/pdf/75b13139d1_01424129e67ac16566c504bbb091d985cb6316a08abf5730__vs__2773adf157_0004c94ca2a8684d47449bb0e7abf87de1df71a7e6543252_redline_c0f0e89fef.pdf,b92c486f4d7634691e7a8e53df8ff88e31b7a332463f67f701620f8de75f05ee,/Users/arthrod/temp/T/neurotic_docx_bench/results/redlines_0929_full/jubarte-0.11.2/pdf_by_word/75b13139d1_01424129e67ac16566c504bbb091d985cb6316a08abf5730__vs__2773adf157_0004c94ca2a8684d47449bb0e7abf87de1df71a7e6543252_redline_c0f0e89fef_jubarte-0.11.2.pdf,b6fbd3fdb1f50ae626e825c8d780c00aaf7279ce40fca88b9a605c336598530d
4dff3f0ab2_heading_1_bold_demo_id_paraid_overflow__vs__045a9b188d_heading_1_style_demo_id_paraid_overflow_redline_c31d6dc680,c31d6dc680,tracking_without_comments,word_based,corpus,/Users/arthrod/temp/T/neurotic_docx_bench/corpus/word/tracking_without_comments/pdf/4dff3f0ab2_heading_1_bold_demo_id_paraid_overflow__vs__045a9b188d_heading_1_style_demo_id_paraid_overflow_redline_c31d6dc680.pdf,ba8e5be33faf02505f9dcd512bf9e02f72f6244bdd5857852730478691c8e88e,/Users/arthrod/temp/T/neurotic_docx_bench/results/redlines_0929_full/jubarte-0.11.2/pdf_by_word/4dff3f0ab2_heading_1_bold_demo_id_paraid_overflow__vs__045a9b188d_heading_1_style_demo_id_paraid_overflow_redline_96417ebe02_jubarte-0.11.2.pdf,de26e36f2c9f72ea5134d1a99d4708e9f6a320c06ab7f7ecb2b653f55db1351c
49ea29382c_487c8ccdd0615414a847a9a6e66d26233de016c93a0cac0a__vs__baed832328_142b3c1f29abaa279fa981caccfef5fa9e1136c2c29b165c_redline_c3e69fcfe2,c3e69fcfe2,tracking_without_comments,redlines_en_500,corpus,/Users/arthrod/temp/T/neurotic_docx_bench/corpus/word/tracking_without_comments/pdf/49ea29382c_487c8ccdd0615414a847a9a6e66d26233de016c93a0cac0a__vs__baed832328_142b3c1f29abaa279fa981caccfef5fa9e1136c2c29b165c_redline_c3e69fcfe2.pdf,b66662e576f831ef747392cd58045c5f76f816d22f4659192d0c84ad7458281a,/Users/arthrod/temp/T/neurotic_docx_bench/results/redlines_0929_full/jubarte-0.11.2/pdf_by_word/49ea29382c_487c8ccdd0615414a847a9a6e66d26233de016c93a0cac0a__vs__baed832328_142b3c1f29abaa279fa981caccfef5fa9e1136c2c29b165c_redline_c3e69fcfe2_jubarte-0.11.2.pdf,910d6e9cc928bf0705409c6cfcd1e61aa4fc623513fc1c6e8e1846ccaf75f6b7
aa58aada65_00160046fb2516a560a9681d7ae3e6f4659af57d19555d4e__vs__342f364d46_001342333d45627868f4dc5282abbba4598a91b4a7584b08_redline_c46a258659,c46a258659,tracking_without_comments,redlines_a100_b10,corpus,/Users/arthrod/temp/T/neurotic_docx_bench/corpus/word/tracking_without_comments/pdf/aa58aada65_00160046fb2516a560a9681d7ae3e6f4659af57d19555d4e__vs__342f364d46_001342333d45627868f4dc5282abbba4598a91b4a7584b08_redline_c46a258659.pdf,c27207e01307e842d8b6e3cf563415222077e78b14ff1a3685b4b35dc841d22d,/Users/arthrod/temp/T/neurotic_docx_bench/results/redlines_0929_full/jubarte-0.11.2/pdf_by_word/aa58aada65_00160046fb2516a560a9681d7ae3e6f4659af57d19555d4e__vs__342f364d46_001342333d45627868f4dc5282abbba4598a91b4a7584b08_redline_c46a258659_jubarte-0.11.2.pdf,6f24563510cbdf6ed8ac3d0fd40aef9428250fd03beb0fd3f0a2931bd9a30280
96a0ee0e8f_004b3b3dd84014405562584f62d67267b9a7993e21b974e8__vs__333bfe069a_003416d620331122b93b434dad901db5836f60d2cad4b533_redline_c4a18d1d66,c4a18d1d66,tracking_without_comments,redlines_a100_b10,corpus,/Users/arthrod/temp/T/neurotic_docx_bench/corpus/word/tracking_without_comments/pdf/96a0ee0e8f_004b3b3dd84014405562584f62d67267b9a7993e21b974e8__vs__333bfe069a_003416d620331122b93b434dad901db5836f60d2cad4b533_redline_c4a18d1d66.pdf,0758382cc007da0d4cdca429064a45068068cc86c824adfebe37f3368879e78a,/Users/arthrod/temp/T/neurotic_docx_bench/results/redlines_0929_full/jubarte-0.11.2/pdf_by_word/96a0ee0e8f_004b3b3dd84014405562584f62d67267b9a7993e21b974e8__vs__333bfe069a_003416d620331122b93b434dad901db5836f60d2cad4b533_redline_c4a18d1d66_jubarte-0.11.2.pdf,69b4f6f0fda283821c6bf66abaf8d3ca98eb2fe59e3a69c34bf67a3d8cf0f1bd
48cd1e0a53_bold_and_italic_combo_style_default_missing__vs__187c1cd53e_bold_and_underline_combo_id_paraid_overflow_redline_c4e9d43965,c4e9d43965,tracking_without_comments,word_based,corpus,/Users/arthrod/temp/T/neurotic_docx_bench/corpus/word/tracking_without_comments/pdf/48cd1e0a53_bold_and_italic_combo_style_default_missing__vs__187c1cd53e_bold_and_underline_combo_id_paraid_overflow_redline_c4e9d43965.pdf,cca7e8d0995a1fc8d259c489278ff6b4c269545ce9efcbf3b548d73919f0914e,/Users/arthrod/temp/T/neurotic_docx_bench/results/redlines_0929_full/jubarte-0.11.2/pdf_by_word/48cd1e0a53_bold_and_italic_combo_style_default_missing__vs__187c1cd53e_bold_and_underline_combo_id_paraid_overflow_redline_adb78cb375_jubarte-0.11.2.pdf,b3bcb32cf22507c0d80fb3c97a72ef6c41fcdf7032d82d6f957d0d4f9f55c85d
95c855b9a0_001671bbb68c5b9ebebebfc8be69252ccc195babb3129278__vs__2e04202552_000e3e7bd2d6215fc7b469cc3e296c1b2a510bc1abc7e0fd_redline_c56e84eaea,c56e84eaea,tracking_without_comments,redlines_a100_b10,corpus,/Users/arthrod/temp/T/neurotic_docx_bench/corpus/word/tracking_without_comments/pdf/95c855b9a0_001671bbb68c5b9ebebebfc8be69252ccc195babb3129278__vs__2e04202552_000e3e7bd2d6215fc7b469cc3e296c1b2a510bc1abc7e0fd_redline_c56e84eaea.pdf,b4b75df4027a5ea1381d64e13e0d0e76b2466cb654519c2418ffa0945f7d1dec,/Users/arthrod/temp/T/neurotic_docx_bench/results/redlines_0929_full/jubarte-0.11.2/pdf_by_word/95c855b9a0_001671bbb68c5b9ebebebfc8be69252ccc195babb3129278__vs__2e04202552_000e3e7bd2d6215fc7b469cc3e296c1b2a510bc1abc7e0fd_redline_c56e84eaea_jubarte-0.11.2.pdf,d953a69aa4bac482a65869fecafd0ae6a5313617a523f520a93e383ae50dcf0e
6a4d8ea70c_blue_italic_text_demo_id_paraid_overflow__vs__2efebc9bc3_blue_underline_combo_demo_id_paraid_overflow_redline_c5995bc106,c5995bc106,tracking_without_comments,word_based,corpus,/Users/arthrod/temp/T/neurotic_docx_bench/corpus/word/tracking_without_comments/pdf/6a4d8ea70c_blue_italic_text_demo_id_paraid_overflow__vs__2efebc9bc3_blue_underline_combo_demo_id_paraid_overflow_redline_c5995bc106.pdf,276046c2f2e6309b4401e48efd3500ec07a9753a74231ff7ea32ff6f7ed4fa6c,/Users/arthrod/temp/T/neurotic_docx_bench/results/redlines_0929_full/jubarte-0.11.2/pdf_by_word/6a4d8ea70c_blue_italic_text_demo_id_paraid_overflow__vs__2efebc9bc3_blue_underline_combo_demo_id_paraid_overflow_redline_3e31f3e5ec_jubarte-0.11.2.pdf,863ff50aed2bf0bcd75031441faa9314fc2af5348e04478373b405e1820bf7fa
d6229441a5_0022208cff905cd74261067032c22afa148e0f63496c7f66__vs__333bfe069a_003416d620331122b93b434dad901db5836f60d2cad4b533_redline_c68bde126f,c68bde126f,tracking_without_comments,redlines_a100_b10,corpus,/Users/arthrod/temp/T/neurotic_docx_bench/corpus/word/tracking_without_comments/pdf/d6229441a5_0022208cff905cd74261067032c22afa148e0f63496c7f66__vs__333bfe069a_003416d620331122b93b434dad901db5836f60d2cad4b533_redline_c68bde126f.pdf,2589d322323fc759c5bad5d0d2492777938f64cd62c1b2a9fa7883791b3b3d07,/Users/arthrod/temp/T/neurotic_docx_bench/results/redlines_0929_full/jubarte-0.11.2/pdf_by_word/d6229441a5_0022208cff905cd74261067032c22afa148e0f63496c7f66__vs__333bfe069a_003416d620331122b93b434dad901db5836f60d2cad4b533_redline_c68bde126f_jubarte-0.11.2.pdf,b40892a4d4b7acb18df7fb574408673e5506788b3b2ce675a94a1d2ca082f28f
95c855b9a0_001671bbb68c5b9ebebebfc8be69252ccc195babb3129278__vs__342f364d46_001342333d45627868f4dc5282abbba4598a91b4a7584b08_redline_c7a0e469ba,c7a0e469ba,tracking_without_comments,redlines_a100_b10,corpus,/Users/arthrod/temp/T/neurotic_docx_bench/corpus/word/tracking_without_comments/pdf/95c855b9a0_001671bbb68c5b9ebebebfc8be69252ccc195babb3129278__vs__342f364d46_001342333d45627868f4dc5282abbba4598a91b4a7584b08_redline_c7a0e469ba.pdf,2119a8460422becda8ab0b0018b5917d9cec1469b4438f2b3f59bbd422c6bdce,/Users/arthrod/temp/T/neurotic_docx_bench/results/redlines_0929_full/jubarte-0.11.2/pdf_by_word/95c855b9a0_001671bbb68c5b9ebebebfc8be69252ccc195babb3129278__vs__342f364d46_001342333d45627868f4dc5282abbba4598a91b4a7584b08_redline_c7a0e469ba_jubarte-0.11.2.pdf,61f676910130a08aecfc1f095f9c219ccd66b9c57e3e5cf6687bdb9540698e27
bc85714262_file_170__vs__15b6035cc0_file_171_redline_c9fc2e8899,c9fc2e8899,with_comments_tracking,word_based_randomized_0926,fresh,/Users/arthrod/temp/T/compare_regen/out/c9fc2e8899__vs__c9fc2e8899.pdf,ba0f6544892eeb50b4cca02beecc138888dd3840429fc50f2e1859d7ac49fe3d,/Users/arthrod/temp/T/neurotic_docx_bench/results/redlines_0929_full/jubarte-0.11.2/pdf_by_word/bc85714262_file_170__vs__15b6035cc0_file_171_redline_89c44edb8b_jubarte-0.11.2.pdf,414d8e8355eed86f1243c038a34208a18b91e1866e9e8233270a7a6132db6b53
ced58cbf54_super_editor__sd_1494_table_left_indent_03277d35__vs__45f61cfd4f_super_editor__sd_1495_auto_page_break_2_f0f3bf0e_redline_ca80876718,ca80876718,tracking_without_comments,word_redlines_superdoc_0926,corpus,/Users/arthrod/temp/T/neurotic_docx_bench/corpus/word/tracking_without_comments/pdf/ced58cbf54_super_editor__sd_1494_table_left_indent_03277d35__vs__45f61cfd4f_super_editor__sd_1495_auto_page_break_2_f0f3bf0e_redline_ca80876718.pdf,ab4318529217449a5e18828ddb348cfa9e2f0d5196b2f90ac8481f2dac15c438,/Users/arthrod/temp/T/neurotic_docx_bench/results/redlines_0929_full/jubarte-0.11.2/pdf_by_word/ced58cbf54_super_editor__sd_1494_table_left_indent_03277d35__vs__45f61cfd4f_super_editor__sd_1495_auto_page_break_2_f0f3bf0e_redline_2324d07904_jubarte-0.11.2.pdf,e731d5675d731df5d10d6add7944badebff70ee616caa8b4fde57f90666715ee
ee61fb4ab3_super_editor__base_ordered_fdff1fb2__vs__f529133cd5_super_editor__basic_comment_d3ba5f1e_redline_cb0a7d2c98,cb0a7d2c98,with_comments_tracking,word_redlines_superdoc_0926,fresh,/Users/arthrod/temp/T/compare_regen/out/cb0a7d2c98__vs__cb0a7d2c98.pdf,348834f4444c19e43d99f4923a42b84b32cb73bde38618d5c422f73be59bb7d8,/Users/arthrod/temp/T/neurotic_docx_bench/results/redlines_0929_full/jubarte-0.11.2/pdf_by_word/ee61fb4ab3_super_editor__base_ordered_fdff1fb2__vs__f529133cd5_super_editor__basic_comment_d3ba5f1e_redline_cb0a7d2c98_jubarte-0.11.2.pdf,933ba280149818b385f360e594eebf94f5a726562e70938698a8976e2ee22048
0bf5192ed0_00afb3e6b2bb1a5ab1e1770ba41f6f455f87472d24ab2767__vs__1424386e9b_017447de83753a0e3b7afc659df038ef56972925336c6a5b_redline_cba1b8223c,cba1b8223c,tracking_without_comments,redlines_a100_b10,corpus,/Users/arthrod/temp/T/neurotic_docx_bench/corpus/word/tracking_without_comments/pdf/0bf5192ed0_00afb3e6b2bb1a5ab1e1770ba41f6f455f87472d24ab2767__vs__1424386e9b_017447de83753a0e3b7afc659df038ef56972925336c6a5b_redline_cba1b8223c.pdf,1f9006b6834ce25ad04db807ad0cda58f2aa435d398cd938af456c4e502f2fa6,/Users/arthrod/temp/T/neurotic_docx_bench/results/redlines_0929_full/jubarte-0.11.2/pdf_by_word/0bf5192ed0_00afb3e6b2bb1a5ab1e1770ba41f6f455f87472d24ab2767__vs__1424386e9b_017447de83753a0e3b7afc659df038ef56972925336c6a5b_redline_cba1b8223c_jubarte-0.11.2.pdf,8e06671aeb4cc4bb810cf6d595bf22a71abce7acff02b20fd32a19d2613784d1
d93f1dafca_sample_document_word_repair_of_our_output_iter2__vs__970fd9303f_sample_document_word_repair_of_our_output_word_r_redline_cbd854cb68,cbd854cb68,with_comments_tracking,word_based_0926,fresh,/Users/arthrod/temp/T/compare_regen/out/cbd854cb68__vs__cbd854cb68.pdf,cbeafbc2079b1172bcf3ca5e3d5d48b4f8393fee8e876610822920484dfaf281,/Users/arthrod/temp/T/neurotic_docx_bench/results/redlines_0929_full/jubarte-0.11.2/pdf_by_word/d93f1dafca_sample_document_word_repair_of_our_output_iter2__vs__970fd9303f_sample_document_word_repair_of_our_output_word_r_redline_ace788a217_jubarte-0.11.2.pdf,5a1a9bf5ae86b2fa0de76b9fecc32e08dca544c77b2e0101b4be90982d67c363
be5bf990cb_file_16__vs__d6ba4fabd2_file_17_redline_cbf73c2d81,cbf73c2d81,with_comments_tracking,word_based_randomized_0926,fresh,/Users/arthrod/temp/T/compare_regen/out/cbf73c2d81__vs__cbf73c2d81.pdf,d0b1f538ec3dfaf5ad40a27fc12aa2875818368629cb067fc48056b8d0b0d803,/Users/arthrod/temp/T/neurotic_docx_bench/results/redlines_0929_full/jubarte-0.11.2/pdf_by_word/be5bf990cb_file_16__vs__d6ba4fabd2_file_17_redline_cbf73c2d81_jubarte-0.11.2.pdf,d1b011806ead167da92cbdf0b5e287fc9b0981ef9f782e7fe0419e54f5515ed4
bb9c5a8bd5_doc_api_stories__table_style_options_roundtrip_1__vs__22ccb1b200_super_editor__diff_after19_79c6b379_redline_ccb1abd033,ccb1abd033,tracking_without_comments,word_redlines_superdoc,corpus,/Users/arthrod/temp/T/neurotic_docx_bench/corpus/word/tracking_without_comments/pdf/bb9c5a8bd5_doc_api_stories__table_style_options_roundtrip_1__vs__22ccb1b200_super_editor__diff_after19_79c6b379_redline_ccb1abd033.pdf,b3d34bdf8f41180ffac8ccf031515aa2408b9978db739d994d0f4eacd97e861e,/Users/arthrod/temp/T/neurotic_docx_bench/results/redlines_0929_full/jubarte-0.11.2/pdf_by_word/bb9c5a8bd5_doc_api_stories__table_style_options_roundtrip_1__vs__22ccb1b200_super_editor__diff_after19_79c6b379_redline_77a6193e3e_jubarte-0.11.2.pdf,49f2d4961121dcb7ceeba3da37bd36e3427c06b464615b0e9441a57506c7f249
1f4891aebe_large_font_size_demo_id_paraid_overflow__vs__b4ba29d456_left_alignment_demo_id_paraid_overflow_redline_cd5dceca39,cd5dceca39,tracking_without_comments,fixtures_word_compares;pdf_fill_0928,fresh,/Users/arthrod/temp/T/compare_regen/out/cd5dceca39__vs__cd5dceca39.pdf,284037a32e87b4d2013176f7c1efdffa8574bb2931cab4e3f54ec04dccde6e21,/Users/arthrod/temp/T/neurotic_docx_bench/results/redlines_0929_full/jubarte-0.11.2/pdf_by_word/1f4891aebe_large_font_size_demo_id_paraid_overflow__vs__b4ba29d456_left_alignment_demo_id_paraid_overflow_redline_55e7a12ff4_jubarte-0.11.2.pdf,02b27a29e2ec7f3096d5b32a03b3873e3c4d035738e1eda8a0df1e998fe7b62c
5e8b43bd70_training_materials_onboarding_program_suggesting__vs__b7c9d27632_underline_text_demo_id_paraid_overflow_redline_ce280b5e4c,ce280b5e4c,tracking_without_comments,word_based,corpus,/Users/arthrod/temp/T/neurotic_docx_bench/corpus/word/tracking_without_comments/pdf/5e8b43bd70_training_materials_onboarding_program_suggesting__vs__b7c9d27632_underline_text_demo_id_paraid_overflow_redline_ce280b5e4c.pdf,832fcf0abb5d29951896ec311cdaa992534a810f69887a88179e16d8357ebc38,/Users/arthrod/temp/T/neurotic_docx_bench/results/redlines_0929_full/jubarte-0.11.2/pdf_by_word/5e8b43bd70_training_materials_onboarding_program_suggesting__vs__b7c9d27632_underline_text_demo_id_paraid_overflow_redline_55646200ab_jubarte-0.11.2.pdf,d938909844e03cc77913efab037b182a51ab734db9a65c609ea2b780aaaa8240
5320da1b60_file_30__vs__c7190b3adc_file_31_redline_ce75c31472,ce75c31472,tracking_without_comments,word_based_randomized,corpus,/Users/arthrod/temp/T/neurotic_docx_bench/corpus/word/tracking_without_comments/pdf/5320da1b60_file_30__vs__c7190b3adc_file_31_redline_ce75c31472.pdf,c638b043f62c5afa47f0197a4c7db4ffa8ad66149f7d7ad32a20f1b68e2a52b9,/Users/arthrod/temp/T/neurotic_docx_bench/results/redlines_0929_full/jubarte-0.11.2/pdf_by_word/5320da1b60_file_30__vs__c7190b3adc_file_31_redline_64c527dde8_jubarte-0.11.2.pdf,6d8e033f168debd07d929d501f80f4bb0e7a9eb0d8a634930f818dc0ce45b0f6
de2a4c9936_marketing_strategy_2026_suggesting_insertions__vs__90e2c33814_meeting_agenda_table_2_redline_cf4189e197,cf4189e197,tracking_without_comments,word_based,corpus,/Users/arthrod/temp/T/neurotic_docx_bench/corpus/word/tracking_without_comments/pdf/de2a4c9936_marketing_strategy_2026_suggesting_insertions__vs__90e2c33814_meeting_agenda_table_2_redline_cf4189e197.pdf,bc3b976dbe35a8b5faca62736940a97253220cefdee18460d5e964673d032179,/Users/arthrod/temp/T/neurotic_docx_bench/results/redlines_0929_full/jubarte-0.11.2/pdf_by_word/de2a4c9936_marketing_strategy_2026_suggesting_insertions__vs__90e2c33814_meeting_agenda_table_2_redline_cf4189e197_jubarte-0.11.2.pdf,5a74f5529812bee2fde5a262f8575885477779ce9ec7c8327c6fef8a8ffa65ed
c09b14fcd7_file_196__vs__4e6a261969_file_197_redline_cfb0498eef,cfb0498eef,with_comments_tracking,word_based_randomized,fresh,/Users/arthrod/temp/T/compare_regen/out/cfb0498eef__vs__cfb0498eef.pdf,39dd97d6609ecb44d06ac4bca31d02632a4a8ef3adc03640e84db4b94e7bc09a,/Users/arthrod/temp/T/neurotic_docx_bench/results/redlines_0929_full/jubarte-0.11.2/pdf_by_word/c09b14fcd7_file_196__vs__4e6a261969_file_197_redline_cfb0498eef_jubarte-0.11.2.pdf,04c950246fae583970529d130bf13ab2290ccdfc02a01e09322f3d501adb763e
501bf3d47b_super_editor__table_merged_cells_9c349334__vs__ab064d6482_super_editor__table_width_issue_20b01504_redline_cfb3908b65,cfb3908b65,tracking_without_comments,word_redlines_superdoc,corpus,/Users/arthrod/temp/T/neurotic_docx_bench/corpus/word/tracking_without_comments/pdf/501bf3d47b_super_editor__table_merged_cells_9c349334__vs__ab064d6482_super_editor__table_width_issue_20b01504_redline_cfb3908b65.pdf,7c35b52499383f4bbf15624eda8ac2f1e8975d0aa33f3593d0ca711c84b04197,/Users/arthrod/temp/T/neurotic_docx_bench/results/redlines_0929_full/jubarte-0.11.2/pdf_by_word/501bf3d47b_super_editor__table_merged_cells_9c349334__vs__ab064d6482_super_editor__table_width_issue_20b01504_redline_5245c92a2c_jubarte-0.11.2.pdf,f6f971012c528b287ffbfef10fddbf46d9fd8b6764fd49a6167d9b14eeabab79
16e831d01f_file_95__vs__e4e4a073e9_file_96_redline_d07bde3859,d07bde3859,tracking_without_comments,word_based_randomized,corpus,/Users/arthrod/temp/T/neurotic_docx_bench/corpus/word/tracking_without_comments/pdf/16e831d01f_file_95__vs__e4e4a073e9_file_96_redline_d07bde3859.pdf,d03746e6a4c7c6d0df2ea80e3c46eb34013e618bb3ed913902df968992d6f3e5,/Users/arthrod/temp/T/neurotic_docx_bench/results/redlines_0929_full/jubarte-0.11.2/pdf_by_word/16e831d01f_file_95__vs__e4e4a073e9_file_96_redline_0e4dfd953d_jubarte-0.11.2.pdf,09d0a7e275ac4302f9ffcabc657227c2e4c410e88e1f096a3ea205be66ce68d4
b7c9d27632_underline_text_demo_id_paraid_overflow__vs__fd5a40bd94_underline_text_formatting_demo_style_default_mis_redline_d0b7eea602,d0b7eea602,tracking_without_comments,word_based_0926,corpus,/Users/arthrod/temp/T/neurotic_docx_bench/corpus/word/tracking_without_comments/pdf/b7c9d27632_underline_text_demo_id_paraid_overflow__vs__fd5a40bd94_underline_text_formatting_demo_style_default_mis_redline_d0b7eea602.pdf,df0a185ea02437f8a568cc3a29be862da13a4b11ec498f24758ee7424de7dc7d,/Users/arthrod/temp/T/neurotic_docx_bench/results/redlines_0929_full/jubarte-0.11.2/pdf_by_word/b7c9d27632_underline_text_demo_id_paraid_overflow__vs__fd5a40bd94_underline_text_formatting_demo_style_default_mis_redline_b2d01cb7ae_jubarte-0.11.2.pdf,08099695d92b2bd13d1208a6bf850872dbaeea41b16a2e4aab5018a90566bd11
ec3dd0df69_file_53__vs__94ed0def64_file_54_redline_d12806f3e8,d12806f3e8,with_comments_tracking,word_based_randomized_0926,fresh,/Users/arthrod/temp/T/compare_regen/out/d12806f3e8__vs__d12806f3e8.pdf,00c01c66d7a13d0885e49b5a7d4faa7316cb6fe9f6477626869d79b65198a4f6,/Users/arthrod/temp/T/neurotic_docx_bench/results/redlines_0929_full/jubarte-0.11.2/pdf_by_word/ec3dd0df69_file_53__vs__94ed0def64_file_54_redline_c2380a4677_jubarte-0.11.2.pdf,18351ba1e31a54b11d57e31ad89e65ecf1662a3a3893cabbdf8c6e395ea01010
0a1badc333_super_editor__missing_sectpr_967a402d__vs__b5a6dd6c66_super_editor__diff_before_019353a2_redline_d17f11acda,d17f11acda,tracking_without_comments,word_redlines_superdoc_0926,corpus,/Users/arthrod/temp/T/neurotic_docx_bench/corpus/word/tracking_without_comments/pdf/0a1badc333_super_editor__missing_sectpr_967a402d__vs__b5a6dd6c66_super_editor__diff_before_019353a2_redline_d17f11acda.pdf,a12e0de5f126cc5aebde9b34a5bb3e207bc1caa299c8f49fce3748338a3129ff,/Users/arthrod/temp/T/neurotic_docx_bench/results/redlines_0929_full/jubarte-0.11.2/pdf_by_word/0a1badc333_super_editor__missing_sectpr_967a402d__vs__b5a6dd6c66_super_editor__diff_before_019353a2_redline_5e1c82cdea_jubarte-0.11.2.pdf,cad65688c5c3493066f7a9e5158f27c976c2e4091a703ff80723b865725731dc
bcc7379f64_super_editor__paragraph_spacing_missing_de418c38__vs__dd6dbfb284_super_editor__diff_after2_fc1e0763_redline_d211d634bb,d211d634bb,tracking_without_comments,word_redlines_superdoc_0926,corpus,/Users/arthrod/temp/T/neurotic_docx_bench/corpus/word/tracking_without_comments/pdf/bcc7379f64_super_editor__paragraph_spacing_missing_de418c38__vs__dd6dbfb284_super_editor__diff_after2_fc1e0763_redline_d211d634bb.pdf,8d6d2d08e04b077fa50708dfbe077b423c51aba79a7e2ce41b6e584c9dcca113,/Users/arthrod/temp/T/neurotic_docx_bench/results/redlines_0929_full/jubarte-0.11.2/pdf_by_word/bcc7379f64_super_editor__paragraph_spacing_missing_de418c38__vs__dd6dbfb284_super_editor__diff_after2_fc1e0763_redline_66e78aa205_jubarte-0.11.2.pdf,f5a11df9a758753e285fbef7c723386cb9aff0845571a595121398626f629e6e
32328b55db_docx_lots_of_comments_addition_removal_redline_r__vs__d996bef4c8_docx_lots_of_comments_addition_removal_redline_redline_d23d9c8cc7,d23d9c8cc7,clean,nocomments,corpus,/Users/arthrod/temp/T/neurotic_docx_bench/corpus/word/clean/pdf/32328b55db_docx_lots_of_comments_addition_removal_redline_r__vs__d996bef4c8_docx_lots_of_comments_addition_removal_redline_redline_d23d9c8cc7.pdf,35a568dfdd22672c6a9d78b631cee4c8c9dab275f2d074bdac2b85f8632c2ade,/Users/arthrod/temp/T/neurotic_docx_bench/results/redlines_0929_full/jubarte-0.11.2/pdf_by_word/32328b55db_docx_lots_of_comments_addition_removal_redline_r__vs__d996bef4c8_docx_lots_of_comments_addition_removal_redline_redline_d23d9c8cc7_jubarte-0.11.2.pdf,68dee2ca747d4426b384f92e4493187b36c3a070010eb9cbb39f3ebd9ab21161
38694026fb_0003b3ae2b115676d918e72f694790ddb64563721bb4a48d__vs__1424386e9b_017447de83753a0e3b7afc659df038ef56972925336c6a5b_redline_d2553ac48a,d2553ac48a,tracking_without_comments,redlines_a100_b10,corpus,/Users/arthrod/temp/T/neurotic_docx_bench/corpus/word/tracking_without_comments/pdf/38694026fb_0003b3ae2b115676d918e72f694790ddb64563721bb4a48d__vs__1424386e9b_017447de83753a0e3b7afc659df038ef56972925336c6a5b_redline_d2553ac48a.pdf,8323ca3eea8dfeb4d92b78dae03bfc4b30a42eb26b7930e2e57207da15638b88,/Users/arthrod/temp/T/neurotic_docx_bench/results/redlines_0929_full/jubarte-0.11.2/pdf_by_word/38694026fb_0003b3ae2b115676d918e72f694790ddb64563721bb4a48d__vs__1424386e9b_017447de83753a0e3b7afc659df038ef56972925336c6a5b_redline_d2553ac48a_jubarte-0.11.2.pdf,57eb4848fac49b950eaf89568dc1345eb1f4dd52d0b0a1de32c83ae34f5f496e
284df3bf07_740579c5f762ce4977e0febc5edec27d4df4d4059510a808__vs__9cab09c08d_75bc7006ba70183c4543590a4131ca692719a521bcd85ad7_redline_d3782b3407,d3782b3407,tracking_without_comments,redlines_en_500,corpus,/Users/arthrod/temp/T/neurotic_docx_bench/corpus/word/tracking_without_comments/pdf/284df3bf07_740579c5f762ce4977e0febc5edec27d4df4d4059510a808__vs__9cab09c08d_75bc7006ba70183c4543590a4131ca692719a521bcd85ad7_redline_d3782b3407.pdf,8f7ce9c0f47b74102ce26a7c06838740ae81b2c5fdfc324b03d9fede35ee01c0,/Users/arthrod/temp/T/neurotic_docx_bench/results/redlines_0929_full/jubarte-0.11.2/pdf_by_word/284df3bf07_740579c5f762ce4977e0febc5edec27d4df4d4059510a808__vs__9cab09c08d_75bc7006ba70183c4543590a4131ca692719a521bcd85ad7_redline_d3782b3407_jubarte-0.11.2.pdf,896ee71418587cd30da9d16d5cacf0a5bed63128cb82c81cc061644aabc98a0f
a1551a906b_1a3a95a9ba03f43f29ed1dbf1def67eeb040e544a3ab4d37__vs__3fe78a5e78_2794a33c2407f6663c9e91aeb706c5ca41ef485d54a6474b_redline_d3b5939138,d3b5939138,tracking_without_comments,redlines_en_500,corpus,/Users/arthrod/temp/T/neurotic_docx_bench/corpus/word/tracking_without_comments/pdf/a1551a906b_1a3a95a9ba03f43f29ed1dbf1def67eeb040e544a3ab4d37__vs__3fe78a5e78_2794a33c2407f6663c9e91aeb706c5ca41ef485d54a6474b_redline_d3b5939138.pdf,2126ae161c00dc531d34032745d69ff7af47893f48032899bd7f5ad46ee93b5d,/Users/arthrod/temp/T/neurotic_docx_bench/results/redlines_0929_full/jubarte-0.11.2/pdf_by_word/a1551a906b_1a3a95a9ba03f43f29ed1dbf1def67eeb040e544a3ab4d37__vs__3fe78a5e78_2794a33c2407f6663c9e91aeb706c5ca41ef485d54a6474b_redline_d3b5939138_jubarte-0.11.2.pdf,047da3b10eccd551cdddfb5c142252ba40a1779df73df3e83c42d1e52089261a
95505e5cea_876134303c497ac4ec8cd8084f7098d889bc610b52d17afd__vs__578d5e0fb7_419db1f41a38dff07043e939caa1bc48ac1cb0c0fa157c15_redline_d3f2b808b2,d3f2b808b2,tracking_without_comments,redlines_en_500,corpus,/Users/arthrod/temp/T/neurotic_docx_bench/corpus/word/tracking_without_comments/pdf/95505e5cea_876134303c497ac4ec8cd8084f7098d889bc610b52d17afd__vs__578d5e0fb7_419db1f41a38dff07043e939caa1bc48ac1cb0c0fa157c15_redline_d3f2b808b2.pdf,086b70c94e9c5bf8e79de8f763deaa9bb7c306af6aef8e286ea9a886a098d3dc,/Users/arthrod/temp/T/neurotic_docx_bench/results/redlines_0929_full/jubarte-0.11.2/pdf_by_word/95505e5cea_876134303c497ac4ec8cd8084f7098d889bc610b52d17afd__vs__578d5e0fb7_419db1f41a38dff07043e939caa1bc48ac1cb0c0fa157c15_redline_d3f2b808b2_jubarte-0.11.2.pdf,e1a672704acea3d477d4a3a51d26e05f6001832928d5d779f98e29d17bee8e8a
53de8de92b_file_183__vs__abd0b75d88_file_184_redline_d40e4d812a,d40e4d812a,tracking_without_comments,word_based_randomized_0926,corpus,/Users/arthrod/temp/T/neurotic_docx_bench/corpus/word/tracking_without_comments/pdf/53de8de92b_file_183__vs__abd0b75d88_file_184_redline_d40e4d812a.pdf,4426b5efdc6143ed995623ba1f395a161448a16d66ba2a5ca03064911a89e295,/Users/arthrod/temp/T/neurotic_docx_bench/results/redlines_0929_full/jubarte-0.11.2/pdf_by_word/53de8de92b_file_183__vs__abd0b75d88_file_184_redline_22702d4c54_jubarte-0.11.2.pdf,bd0cb12e399de84314dd8c95ca52265a17319f80d934962ef50bd5ac8a8a28cc
9332d3001f_super_editor__sdpr_titleonly_b0796676__vs__3b639ef236_super_editor__sdpr_8cc15994_redline_d4475f9b62,d4475f9b62,tracking_without_comments,word_redlines_superdoc_0926,corpus,/Users/arthrod/temp/T/neurotic_docx_bench/corpus/word/tracking_without_comments/pdf/9332d3001f_super_editor__sdpr_titleonly_b0796676__vs__3b639ef236_super_editor__sdpr_8cc15994_redline_d4475f9b62.pdf,91239b5f9ca14c0408a811ed16f468f32eb0c39240a619429450ac43c7477a95,/Users/arthrod/temp/T/neurotic_docx_bench/results/redlines_0929_full/jubarte-0.11.2/pdf_by_word/9332d3001f_super_editor__sdpr_titleonly_b0796676__vs__3b639ef236_super_editor__sdpr_8cc15994_redline_58cf51a1e4_jubarte-0.11.2.pdf,f67c1e00d67fde487c85ea345b39221a92b55f9cb15eda278e5a49b24a50cc41
3e43d24c46_clear_formatting_demo_id_paraid_overflow__vs__adc9f524d1_comments_redline_d484b575c0,d484b575c0,with_comments_tracking,word_based;fixtures_word_compares,fresh,/Users/arthrod/temp/T/compare_regen/out/d484b575c0__vs__d484b575c0.pdf,41e0e05803e8659bfa5f0dda25b0f12f487cd65b2cdd786348aadaa0c5b23bdb,/Users/arthrod/temp/T/neurotic_docx_bench/results/redlines_0929_full/jubarte-0.11.2/pdf_by_word/3e43d24c46_clear_formatting_demo_id_paraid_overflow__vs__adc9f524d1_comments_redline_d484b575c0_jubarte-0.11.2.pdf,0b94f6b2bf928f93c5ec52490f8925ceb74d0fb15199bff7a565e2e62024ae80
da68abdf72_blue_centered_title_demo_style_default_missing__vs__6a4d8ea70c_blue_italic_text_demo_id_paraid_overflow_redline_d4abbe07c3,d4abbe07c3,tracking_without_comments,word_based,corpus,/Users/arthrod/temp/T/neurotic_docx_bench/corpus/word/tracking_without_comments/pdf/da68abdf72_blue_centered_title_demo_style_default_missing__vs__6a4d8ea70c_blue_italic_text_demo_id_paraid_overflow_redline_d4abbe07c3.pdf,bd5e4da84bddf5a2611661292e62cd6bfd66f73663d4a6f5a262ae30a32c03f8,/Users/arthrod/temp/T/neurotic_docx_bench/results/redlines_0929_full/jubarte-0.11.2/pdf_by_word/da68abdf72_blue_centered_title_demo_style_default_missing__vs__6a4d8ea70c_blue_italic_text_demo_id_paraid_overflow_redline_15f013e680_jubarte-0.11.2.pdf,c295a8ec827f01f5b4cd0f1a0a796ab820060aab37aebb7f46632372694a4568
19313bb0d2_013bfd9bed003f93622f5b45095bb7471499aea576b0e48e__vs__bd3824dd1e_000ee64ef7226d353297888f59a251e24ce5d776fea000fa_redline_d652ae82a1,d652ae82a1,tracking_without_comments,redlines_a100_b10,corpus,/Users/arthrod/temp/T/neurotic_docx_bench/corpus/word/tracking_without_comments/pdf/19313bb0d2_013bfd9bed003f93622f5b45095bb7471499aea576b0e48e__vs__bd3824dd1e_000ee64ef7226d353297888f59a251e24ce5d776fea000fa_redline_d652ae82a1.pdf,6669a51a3894d29dfbb135eeac4b797e32d1ffbd0b2c1d5cbfbcd5f900b68761,/Users/arthrod/temp/T/neurotic_docx_bench/results/redlines_0929_full/jubarte-0.11.2/pdf_by_word/19313bb0d2_013bfd9bed003f93622f5b45095bb7471499aea576b0e48e__vs__bd3824dd1e_000ee64ef7226d353297888f59a251e24ce5d776fea000fa_redline_d652ae82a1_jubarte-0.11.2.pdf,757ff21bc1818ca314edeb64b6e3931c974dd834be1a040955703d21ab23f161
778598c773_1_5_line_spacing_id_paraid_overflow__vs__14d3f7889a_24_id_paraid_overflow_redline_d67fac1454,d67fac1454,tracking_without_comments,nocomments,corpus,/Users/arthrod/temp/T/neurotic_docx_bench/corpus/word/tracking_without_comments/pdf/778598c773_1_5_line_spacing_id_paraid_overflow__vs__14d3f7889a_24_id_paraid_overflow_redline_d67fac1454.pdf,de05ccd6fcbf383f675ffd94274554da4cb47eafb924b1ef363adf29f5b5ad81,/Users/arthrod/temp/T/neurotic_docx_bench/results/redlines_0929_full/jubarte-0.11.2/pdf_by_word/778598c773_1_5_line_spacing_id_paraid_overflow__vs__14d3f7889a_24_id_paraid_overflow_redline_d67fac1454_jubarte-0.11.2.pdf,b3502eaccec7a7d7782ad846bd04d2683186ef220a7033f51aff83bc1a292d3a
3539cf2404_cli_legacy__replace_test_0a793f01__vs__a21c45464c_super_editor__shape_group_ce60e1e6_redline_d6eb2a4115,d6eb2a4115,with_comments_tracking,word_redlines_superdoc,fresh,/Users/arthrod/temp/T/compare_regen/out/d6eb2a4115__vs__d6eb2a4115.pdf,488e9d49e23b5fd5bbf0b1a2f7ba61f8f2509a74a7072db2e5e6be42b277eacf,/Users/arthrod/temp/T/neurotic_docx_bench/results/redlines_0929_full/jubarte-0.11.2/pdf_by_word/3539cf2404_cli_legacy__replace_test_0a793f01__vs__a21c45464c_super_editor__shape_group_ce60e1e6_redline_d6eb2a4115_jubarte-0.11.2.pdf,a4ab9c76349be92a12533f12e8213371df1022b2ba50c3bfe00ba3d72bea7d02
75b13139d1_01424129e67ac16566c504bbb091d985cb6316a08abf5730__vs__bd3824dd1e_000ee64ef7226d353297888f59a251e24ce5d776fea000fa_redline_d86567e8af,d86567e8af,tracking_without_comments,redlines_a100_b10,corpus,/Users/arthrod/temp/T/neurotic_docx_bench/corpus/word/tracking_without_comments/pdf/75b13139d1_01424129e67ac16566c504bbb091d985cb6316a08abf5730__vs__bd3824dd1e_000ee64ef7226d353297888f59a251e24ce5d776fea000fa_redline_d86567e8af.pdf,71a592935ce08ce35ddf52f1c1a20d43b1214b8aa7562bcb15795587996b6d26,/Users/arthrod/temp/T/neurotic_docx_bench/results/redlines_0929_full/jubarte-0.11.2/pdf_by_word/75b13139d1_01424129e67ac16566c504bbb091d985cb6316a08abf5730__vs__bd3824dd1e_000ee64ef7226d353297888f59a251e24ce5d776fea000fa_redline_d86567e8af_jubarte-0.11.2.pdf,0b190bba7a6b4046881811bd19f4b647138acfa9f6216e9bd0f43030059ab090
c2965a9277_file_125__vs__99abd76716_file_126_redline_d8e7ae0e58,d8e7ae0e58,tracking_without_comments,nocomments_randomized,corpus,/Users/arthrod/temp/T/neurotic_docx_bench/corpus/word/tracking_without_comments/pdf/c2965a9277_file_125__vs__99abd76716_file_126_redline_d8e7ae0e58.pdf,7bd9eaf95daa396cc302d4174fb7ac265041007a74c7e1e4a2a7dd1a8ea237e8,/Users/arthrod/temp/T/neurotic_docx_bench/results/redlines_0929_full/jubarte-0.11.2/pdf_by_word/c2965a9277_file_125__vs__99abd76716_file_126_redline_d8e7ae0e58_jubarte-0.11.2.pdf,a64fce1cf661fcf7c445b2f8788694bffe47f9ac682ab8c4ee00196b0e49cfe5
cf02e0407e_file_26__vs__b175a00954_file_27_redline_da516a455a,da516a455a,with_comments_tracking,word_based_randomized,fresh,/Users/arthrod/temp/T/compare_regen/out/da516a455a__vs__da516a455a.pdf,d5cb9c487197c69426a2b9c71d9074ca2668221462b98df38f32d2930f88c71f,/Users/arthrod/temp/T/neurotic_docx_bench/results/redlines_0929_full/jubarte-0.11.2/pdf_by_word/cf02e0407e_file_26__vs__b175a00954_file_27_redline_cee8601521_jubarte-0.11.2.pdf,c25b0a68ca08d15c0970c7d70ab145ab42312baec617b8198ed26730b2af1f3e
2e7f1e6637_0120556a0553eb1ba39978d5911b7ce62be10a9bdc7c9191__vs__a5f2b9318d_002aa60c2ae1187417b4b157c5ec6450324cc056ec551a12_redline_da64554015,da64554015,tracking_without_comments,redlines_a100_b10,corpus,/Users/arthrod/temp/T/neurotic_docx_bench/corpus/word/tracking_without_comments/pdf/2e7f1e6637_0120556a0553eb1ba39978d5911b7ce62be10a9bdc7c9191__vs__a5f2b9318d_002aa60c2ae1187417b4b157c5ec6450324cc056ec551a12_redline_da64554015.pdf,1aaa056707466b72f2551b097b19b1acc4896f071e1ade8c129cdfc4ef4a9902,/Users/arthrod/temp/T/neurotic_docx_bench/results/redlines_0929_full/jubarte-0.11.2/pdf_by_word/2e7f1e6637_0120556a0553eb1ba39978d5911b7ce62be10a9bdc7c9191__vs__a5f2b9318d_002aa60c2ae1187417b4b157c5ec6450324cc056ec551a12_redline_da64554015_jubarte-0.11.2.pdf,70748aa3fd584233bdf220f7422648018826b984bba70d84afe9d76fd21b9018
2ad2fc5ab0_super_editor__diff_before10_2f84ca55__vs__84f5fb598b_super_editor__diff_before11_1b953eaf_redline_da86d0513e,da86d0513e,with_comments_tracking,word_redlines_superdoc_0926,fresh,/Users/arthrod/temp/T/compare_regen/out/da86d0513e__vs__da86d0513e.pdf,9271bb04e8a2a137483c8e68d978b5c2869e8df1e10aa4afd39cfbf582def5d4,/Users/arthrod/temp/T/neurotic_docx_bench/results/redlines_0929_full/jubarte-0.11.2/pdf_by_word/2ad2fc5ab0_super_editor__diff_before10_2f84ca55__vs__84f5fb598b_super_editor__diff_before11_1b953eaf_redline_da86d0513e_jubarte-0.11.2.pdf,1fc4eb899ec76fa053e45c02850a9374f823fb961c5c89ecc2961cc2e583c0cd
017c22e2a3_heading_3_style_demo_id_paraid_overflow_2__vs__e0e6c96bb7_heading_3_style_demo_id_paraid_overflow_redline_db52aa8564,db52aa8564,tracking_without_comments,fixtures_word_compares;pdf_fill_0928,fresh,/Users/arthrod/temp/T/compare_regen/out/db52aa8564__vs__db52aa8564.pdf,6fe30715d7bcb18b435b3096842592fa7d8a1c3fd26513882019f1c2b7f4881a,/Users/arthrod/temp/T/neurotic_docx_bench/results/redlines_0929_full/jubarte-0.11.2/pdf_by_word/017c22e2a3_heading_3_style_demo_id_paraid_overflow_2__vs__e0e6c96bb7_heading_3_style_demo_id_paraid_overflow_redline_2a01fde7a0_jubarte-0.11.2.pdf,dd3cc0eb3b2f263060c5c491c2ba54b49967b650581832f93780270d4fdc8fef
45e6f5a2e1_00077bf334f45f6bc64fb5b73e579587002b3ccb55de03f8__vs__a5f2b9318d_002aa60c2ae1187417b4b157c5ec6450324cc056ec551a12_redline_dbf06e1ebf,dbf06e1ebf,tracking_without_comments,redlines_a100_b10,corpus,/Users/arthrod/temp/T/neurotic_docx_bench/corpus/word/tracking_without_comments/pdf/45e6f5a2e1_00077bf334f45f6bc64fb5b73e579587002b3ccb55de03f8__vs__a5f2b9318d_002aa60c2ae1187417b4b157c5ec6450324cc056ec551a12_redline_dbf06e1ebf.pdf,544b3f1c581b426dbabda138dfb9d02a904eac8e410647ecd48fc3da52814f77,/Users/arthrod/temp/T/neurotic_docx_bench/results/redlines_0929_full/jubarte-0.11.2/pdf_by_word/45e6f5a2e1_00077bf334f45f6bc64fb5b73e579587002b3ccb55de03f8__vs__a5f2b9318d_002aa60c2ae1187417b4b157c5ec6450324cc056ec551a12_redline_dbf06e1ebf_jubarte-0.11.2.pdf,0b1f02a335d27a6571241df7ef2e48bc3bfac3ac62521af1e5a469fd79537c3d
01d1b3da75_table_bookmark_end__vs__45c1c5abec_table_vmerge_colspan_redline_dc2cb3c667,dc2cb3c667,tracking_without_comments,word_based_0926,corpus,/Users/arthrod/temp/T/neurotic_docx_bench/corpus/word/tracking_without_comments/pdf/01d1b3da75_table_bookmark_end__vs__45c1c5abec_table_vmerge_colspan_redline_dc2cb3c667.pdf,90ab8e05ccebbfbc93ff7a68956057dfd6888b2a2d31460d38f0685fa1c0f9a0,/Users/arthrod/temp/T/neurotic_docx_bench/results/redlines_0929_full/jubarte-0.11.2/pdf_by_word/01d1b3da75_table_bookmark_end__vs__45c1c5abec_table_vmerge_colspan_redline_6e159e8a9b_jubarte-0.11.2.pdf,ea4ce71a0ae398f34b268b766b9a1a505f23cd8cb61d20f6bd70dc96788d56c0
e70f1134dd_super_editor__diff_before8_ba5faa9e__vs__420a528aa0_super_editor__instrtext_angled_brackets_bug_ed56_redline_dc9bcfd88b,dc9bcfd88b,with_comments_tracking,word_redlines_superdoc,fresh,/Users/arthrod/temp/T/compare_regen/out/dc9bcfd88b__vs__dc9bcfd88b.pdf,e22d7006e1b827af28addb7b6dfd99499b9b3754302d6819383c0ee0f7126263,/Users/arthrod/temp/T/neurotic_docx_bench/results/redlines_0929_full/jubarte-0.11.2/pdf_by_word/e70f1134dd_super_editor__diff_before8_ba5faa9e__vs__420a528aa0_super_editor__instrtext_angled_brackets_bug_ed56_redline_2200a538c5_jubarte-0.11.2.pdf,c6a591104a1503b10193a13e4f7b4cf7eaaa410b8df46dc3fe18adfba0363bfa
aa58aada65_00160046fb2516a560a9681d7ae3e6f4659af57d19555d4e__vs__333bfe069a_003416d620331122b93b434dad901db5836f60d2cad4b533_redline_dd43ad9d3c,dd43ad9d3c,tracking_without_comments,redlines_a100_b10,corpus,/Users/arthrod/temp/T/neurotic_docx_bench/corpus/word/tracking_without_comments/pdf/aa58aada65_00160046fb2516a560a9681d7ae3e6f4659af57d19555d4e__vs__333bfe069a_003416d620331122b93b434dad901db5836f60d2cad4b533_redline_dd43ad9d3c.pdf,906e5f607e6450b7a59de357f7ff4393f4c74f5ee0e2e69eb8da89c092c37a56,/Users/arthrod/temp/T/neurotic_docx_bench/results/redlines_0929_full/jubarte-0.11.2/pdf_by_word/aa58aada65_00160046fb2516a560a9681d7ae3e6f4659af57d19555d4e__vs__333bfe069a_003416d620331122b93b434dad901db5836f60d2cad4b533_redline_dd43ad9d3c_jubarte-0.11.2.pdf,3800fd359d03c2208767f4a95675137ba100d8f53d3657d309bc4f3b287975d6
058cd936de_super_editor__image_doc_c7d007ac__vs__3ad13eed3d_evals__document_9bff7e1b_redline_dd5bc80bc2,dd5bc80bc2,tracking_without_comments,word_redlines_superdoc_0926,corpus,/Users/arthrod/temp/T/neurotic_docx_bench/corpus/word/tracking_without_comments/pdf/058cd936de_super_editor__image_doc_c7d007ac__vs__3ad13eed3d_evals__document_9bff7e1b_redline_dd5bc80bc2.pdf,9e6dcf049fd07093f76099b6b8e283f12911b35b18923ac06f506965dd99f4ee,/Users/arthrod/temp/T/neurotic_docx_bench/results/redlines_0929_full/jubarte-0.11.2/pdf_by_word/058cd936de_super_editor__image_doc_c7d007ac__vs__3ad13eed3d_evals__document_9bff7e1b_redline_a70f51680b_jubarte-0.11.2.pdf,0bd35c72f923fb2846177957745418d781ad3e762c6dc031cf87d2dc6f01fa49
86dc9f8b89_d9741e94a77e8a33fb7135c224d58a30ff22d024d8006678__vs__bf59b6619e_f0c319ff40c294c3ca967fc6067d6ba582481a6f2073b112_redline_ddb7863a39,ddb7863a39,tracking_without_comments,redlines_en_500,corpus,/Users/arthrod/temp/T/neurotic_docx_bench/corpus/word/tracking_without_comments/pdf/86dc9f8b89_d9741e94a77e8a33fb7135c224d58a30ff22d024d8006678__vs__bf59b6619e_f0c319ff40c294c3ca967fc6067d6ba582481a6f2073b112_redline_ddb7863a39.pdf,fb38fac582173c7031dbf579046c11d838fbbf0adb2c549389ce05e4751a35fb,/Users/arthrod/temp/T/neurotic_docx_bench/results/redlines_0929_full/jubarte-0.11.2/pdf_by_word/86dc9f8b89_d9741e94a77e8a33fb7135c224d58a30ff22d024d8006678__vs__bf59b6619e_f0c319ff40c294c3ca967fc6067d6ba582481a6f2073b112_redline_ddb7863a39_jubarte-0.11.2.pdf,44c80a22124082b9cc5396d87e09af51f4ca394e441942b5d24398731c5428af
563331c6f3_super_editor__broken_complex_list_293fda86__vs__ee61fb4ab3_super_editor__base_ordered_fdff1fb2_redline_de5d39e43e,de5d39e43e,tracking_without_comments,word_redlines_superdoc_0926,corpus,/Users/arthrod/temp/T/neurotic_docx_bench/corpus/word/tracking_without_comments/pdf/563331c6f3_super_editor__broken_complex_list_293fda86__vs__ee61fb4ab3_super_editor__base_ordered_fdff1fb2_redline_de5d39e43e.pdf,cc756e165b8d32bed635853b63044655eeb46fdea4bca68d178b97f46959f40e,/Users/arthrod/temp/T/neurotic_docx_bench/results/redlines_0929_full/jubarte-0.11.2/pdf_by_word/563331c6f3_super_editor__broken_complex_list_293fda86__vs__ee61fb4ab3_super_editor__base_ordered_fdff1fb2_redline_2fcd65ddc4_jubarte-0.11.2.pdf,eb440c8c1fbbda8f40b2d66778abbeccea68005c42fda7d26dc110834d25e79c
f71a12ee23_super_editor__fields_attrs1_83837249__vs__3539cf2404_cli_legacy__replace_test_0a793f01_redline_deb8669aa8,deb8669aa8,with_comments_tracking,word_redlines_superdoc_0926,fresh,/Users/arthrod/temp/T/compare_regen/out/deb8669aa8__vs__deb8669aa8.pdf,c6328518a06f3d7fa88ee0d439ff6196eeb3e7f4ae4c53d584de0e42f98aab03,/Users/arthrod/temp/T/neurotic_docx_bench/results/redlines_0929_full/jubarte-0.11.2/pdf_by_word/f71a12ee23_super_editor__fields_attrs1_83837249__vs__3539cf2404_cli_legacy__replace_test_0a793f01_redline_7a1d3fbeba_jubarte-0.11.2.pdf,c3fa16f203b04b4f227bea7ffbf9cff2976d9d1cda4665a11c985cc5203d1422
95c855b9a0_001671bbb68c5b9ebebebfc8be69252ccc195babb3129278__vs__aa5340125d_00a4b0b91e9b5b072dc3771391c2d608518690eccf44eae8_redline_ded01ca406,ded01ca406,tracking_without_comments,redlines_a100_b10,corpus,/Users/arthrod/temp/T/neurotic_docx_bench/corpus/word/tracking_without_comments/pdf/95c855b9a0_001671bbb68c5b9ebebebfc8be69252ccc195babb3129278__vs__aa5340125d_00a4b0b91e9b5b072dc3771391c2d608518690eccf44eae8_redline_ded01ca406.pdf,3ed52ed9fc7a9019661eeea081c19bc167d0a019f87ed735b270da0d4b41d252,/Users/arthrod/temp/T/neurotic_docx_bench/results/redlines_0929_full/jubarte-0.11.2/pdf_by_word/95c855b9a0_001671bbb68c5b9ebebebfc8be69252ccc195babb3129278__vs__aa5340125d_00a4b0b91e9b5b072dc3771391c2d608518690eccf44eae8_redline_ded01ca406_jubarte-0.11.2.pdf,b0d5f0e6f0982c95fcabb1338742d8662974fc4a9a42c8775c5c8f92c32c4b1c
43dd6753e6_super_editor__diff_before7_5bad2542__vs__e70f1134dd_super_editor__diff_before8_ba5faa9e_redline_ded976e5e2,ded976e5e2,with_comments_tracking,word_redlines_superdoc,fresh,/Users/arthrod/temp/T/compare_regen/out/ded976e5e2__vs__ded976e5e2.pdf,920b4aa10b1feef29fa075af8a5ed8159152ba925ac2815acf50d5fb0c2af55f,/Users/arthrod/temp/T/neurotic_docx_bench/results/redlines_0929_full/jubarte-0.11.2/pdf_by_word/43dd6753e6_super_editor__diff_before7_5bad2542__vs__e70f1134dd_super_editor__diff_before8_ba5faa9e_redline_4ca4e25a83_jubarte-0.11.2.pdf,a0fe40231d05cdb1fcb0ddf461a94b57d3a8854b163ea16e9aa301793f6ffd25
8a553b35e4_super_editor__doc_with_spaces_from_styles_734ca2__vs__b5a6dd6c66_super_editor__diff_before_019353a2_redline_df196213a7,df196213a7,tracking_without_comments,word_redlines_superdoc_0926,corpus,/Users/arthrod/temp/T/neurotic_docx_bench/corpus/word/tracking_without_comments/pdf/8a553b35e4_super_editor__doc_with_spaces_from_styles_734ca2__vs__b5a6dd6c66_super_editor__diff_before_019353a2_redline_df196213a7.pdf,1e2489dbc396879d44e4871ca1ce4467a3988a2433772b9f6a22f157e915deff,/Users/arthrod/temp/T/neurotic_docx_bench/results/redlines_0929_full/jubarte-0.11.2/pdf_by_word/8a553b35e4_super_editor__doc_with_spaces_from_styles_734ca2__vs__b5a6dd6c66_super_editor__diff_before_019353a2_redline_2210596a5e_jubarte-0.11.2.pdf,1afadff5e4341b21695c52bb3b1f30cca6c3f29a9565920ee3f86ec52cdb71f6
f529133cd5_super_editor__basic_comment_d3ba5f1e__vs__3539cf2404_cli_legacy__replace_test_0a793f01_redline_df497fd549,df497fd549,with_comments_tracking,word_redlines_superdoc_0926,fresh,/Users/arthrod/temp/T/compare_regen/out/df497fd549__vs__df497fd549.pdf,b4601d79c1f2868e81346df406d9db5742875bbd9218ed0d4a1db3b867f3d058,/Users/arthrod/temp/T/neurotic_docx_bench/results/redlines_0929_full/jubarte-0.11.2/pdf_by_word/f529133cd5_super_editor__basic_comment_d3ba5f1e__vs__3539cf2404_cli_legacy__replace_test_0a793f01_redline_a15dd224a7_jubarte-0.11.2.pdf,995d32334c58900405edc386005bf45aecce5385c47e6977e3b53480da7a36a4
29379c07bf_002adf0715eed4d213774c26c60c78624c2a3cbb3d0397d2__vs__2773adf157_0004c94ca2a8684d47449bb0e7abf87de1df71a7e6543252_redline_dfc890ebe7,dfc890ebe7,tracking_without_comments,redlines_a100_b10,corpus,/Users/arthrod/temp/T/neurotic_docx_bench/corpus/word/tracking_without_comments/pdf/29379c07bf_002adf0715eed4d213774c26c60c78624c2a3cbb3d0397d2__vs__2773adf157_0004c94ca2a8684d47449bb0e7abf87de1df71a7e6543252_redline_dfc890ebe7.pdf,8a240c16663cce812ec493cc3423ca0c3a9eb52aac27a03987448be69efc3ac9,/Users/arthrod/temp/T/neurotic_docx_bench/results/redlines_0929_full/jubarte-0.11.2/pdf_by_word/29379c07bf_002adf0715eed4d213774c26c60c78624c2a3cbb3d0397d2__vs__2773adf157_0004c94ca2a8684d47449bb0e7abf87de1df71a7e6543252_redline_dfc890ebe7_jubarte-0.11.2.pdf,0212521f960fe7fcf8e6354e5de0ceef3ab15653dd8059e7ee04b9954ba679d9
725cdbebe3_0013892c946c551d309fcec9bb3f3500fc08bc77121a3849__vs__bd3824dd1e_000ee64ef7226d353297888f59a251e24ce5d776fea000fa_redline_dfeccd76d2,dfeccd76d2,tracking_without_comments,redlines_a100_b10,corpus,/Users/arthrod/temp/T/neurotic_docx_bench/corpus/word/tracking_without_comments/pdf/725cdbebe3_0013892c946c551d309fcec9bb3f3500fc08bc77121a3849__vs__bd3824dd1e_000ee64ef7226d353297888f59a251e24ce5d776fea000fa_redline_dfeccd76d2.pdf,0d3b28b1016f66d5fd6d0559649437289f9e1df158e1a2b49c4a54d1b1c41039,/Users/arthrod/temp/T/neurotic_docx_bench/results/redlines_0929_full/jubarte-0.11.2/pdf_by_word/725cdbebe3_0013892c946c551d309fcec9bb3f3500fc08bc77121a3849__vs__bd3824dd1e_000ee64ef7226d353297888f59a251e24ce5d776fea000fa_redline_dfeccd76d2_jubarte-0.11.2.pdf,d4ad75fb107e360f15f9bbdd60f1e00ac45c74e7ea578ee06c17eac91a2b8f9f
6867e05e76_00b0d42bbea3b9bac7bc95466cf416f6c89a8cda62bbf3d7__vs__aa5340125d_00a4b0b91e9b5b072dc3771391c2d608518690eccf44eae8_redline_e012892af0,e012892af0,tracking_without_comments,redlines_a100_b10,corpus,/Users/arthrod/temp/T/neurotic_docx_bench/corpus/word/tracking_without_comments/pdf/6867e05e76_00b0d42bbea3b9bac7bc95466cf416f6c89a8cda62bbf3d7__vs__aa5340125d_00a4b0b91e9b5b072dc3771391c2d608518690eccf44eae8_redline_e012892af0.pdf,cfd23ef6991c67de5d91c1749b96a339ffb0e26c930ec390cec6714acdd9d505,/Users/arthrod/temp/T/neurotic_docx_bench/results/redlines_0929_full/jubarte-0.11.2/pdf_by_word/6867e05e76_00b0d42bbea3b9bac7bc95466cf416f6c89a8cda62bbf3d7__vs__aa5340125d_00a4b0b91e9b5b072dc3771391c2d608518690eccf44eae8_redline_e012892af0_jubarte-0.11.2.pdf,31da5438f4e00582405a1ba1fade02166a1662fe31587e797ac03fcc141052e4
45c1c5abec_table_vmerge_colspan__vs__a94f4c516b_text_box_redline_e0305725c1,e0305725c1,tracking_without_comments,word_based;fixtures_word_compares,fresh,/Users/arthrod/temp/T/compare_regen/out/e0305725c1__vs__e0305725c1.pdf,1ede4853b83e4e3cb9ae838b319c23b0a9481cf007e76e628895d6d962f77aec,/Users/arthrod/temp/T/neurotic_docx_bench/results/redlines_0929_full/jubarte-0.11.2/pdf_by_word/45c1c5abec_table_vmerge_colspan__vs__a94f4c516b_text_box_redline_54dd9bf0c3_jubarte-0.11.2.pdf,7df5975fc039ab25525676a64f5e546dae8484b3c874fe874f6a80a310a41c95
899ef4306e_0017891576e438292c35db3155e97d16ec0d68144e21bfc3__vs__deff0e697a_00b5defcad6e58038eac35472a2d48c89905068e5ece0cc3_redline_e0ba0467a2,e0ba0467a2,tracking_without_comments,redlines_a100_b10,corpus,/Users/arthrod/temp/T/neurotic_docx_bench/corpus/word/tracking_without_comments/pdf/899ef4306e_0017891576e438292c35db3155e97d16ec0d68144e21bfc3__vs__deff0e697a_00b5defcad6e58038eac35472a2d48c89905068e5ece0cc3_redline_e0ba0467a2.pdf,9a8d15e22ca7bb685e31eff6a8a9af788773f4b9022c74fca28e608f8a6a3009,/Users/arthrod/temp/T/neurotic_docx_bench/results/redlines_0929_full/jubarte-0.11.2/pdf_by_word/899ef4306e_0017891576e438292c35db3155e97d16ec0d68144e21bfc3__vs__deff0e697a_00b5defcad6e58038eac35472a2d48c89905068e5ece0cc3_redline_e0ba0467a2_jubarte-0.11.2.pdf,608231ad8948dede0da7c64268156e91f75535350401d71810ee574944695ed7
a94f5abc6f_file_155__vs__b373229160_file_156_redline_e0dd866330,e0dd866330,tracking_without_comments,nocomments_randomized,corpus,/Users/arthrod/temp/T/neurotic_docx_bench/corpus/word/tracking_without_comments/pdf/a94f5abc6f_file_155__vs__b373229160_file_156_redline_e0dd866330.pdf,eba26dc7b87bccadb9ab3eaa94f79052b75aa44fde6a323ec9c07402603da3e2,/Users/arthrod/temp/T/neurotic_docx_bench/results/redlines_0929_full/jubarte-0.11.2/pdf_by_word/a94f5abc6f_file_155__vs__b373229160_file_156_redline_e0dd866330_jubarte-0.11.2.pdf,d9420072d9a3b796ad3b21e235c00b1abfbedd05ea506077e97aca663c111052
8a553b35e4_super_editor__doc_with_spaces_from_styles_734ca2__vs__de3c6fded9_super_editor__doc_with_spacing_e3d47bd7_redline_e0f213a660,e0f213a660,tracking_without_comments,word_redlines_superdoc_0926,corpus,/Users/arthrod/temp/T/neurotic_docx_bench/corpus/word/tracking_without_comments/pdf/8a553b35e4_super_editor__doc_with_spaces_from_styles_734ca2__vs__de3c6fded9_super_editor__doc_with_spacing_e3d47bd7_redline_e0f213a660.pdf,310d916f3bdb6b20aed04f94ab1823c0dabc68ca22a668e93a6da60c51d56abd,/Users/arthrod/temp/T/neurotic_docx_bench/results/redlines_0929_full/jubarte-0.11.2/pdf_by_word/8a553b35e4_super_editor__doc_with_spaces_from_styles_734ca2__vs__de3c6fded9_super_editor__doc_with_spacing_e3d47bd7_redline_d239049a2f_jubarte-0.11.2.pdf,a9090ca73af65977e94a3e9aa7757698ac6f232cd5c6cb739648aa2e0a5210d7
dc6cf74a76_hr_onboarding_checklist_table__vs__308862bb53_i_am_sharing_microsoft_word_vs_google_docs_compr_redline_e10275b787,e10275b787,tracking_without_comments,nocomments,corpus,/Users/arthrod/temp/T/neurotic_docx_bench/corpus/word/tracking_without_comments/pdf/dc6cf74a76_hr_onboarding_checklist_table__vs__308862bb53_i_am_sharing_microsoft_word_vs_google_docs_compr_redline_e10275b787.pdf,e5bf2476eb1816daed1c8c4113ab13cbdcfc0c80bddfa74d5d618e9bfec72c41,/Users/arthrod/temp/T/neurotic_docx_bench/results/redlines_0929_full/jubarte-0.11.2/pdf_by_word/dc6cf74a76_hr_onboarding_checklist_table__vs__308862bb53_i_am_sharing_microsoft_word_vs_google_docs_compr_redline_e10275b787_jubarte-0.11.2.pdf,fd0500564650b23af16bb63035090179c4211639bb5cedd8a710b988bdf15651
bb35ae41ba_evals__comments_doc_79800b37__vs__9322444a3f_behavior__sd_2888_hyperlink_with_ampersand_aaaac_redline_e11f5f1915,e11f5f1915,with_comments_tracking,word_redlines_superdoc,fresh,/Users/arthrod/temp/T/compare_regen/out/e11f5f1915__vs__e11f5f1915.pdf,384622a6c657288a0ed36f4b6d3c328603eb07fdfa30a36e029923c7c71a0666,/Users/arthrod/temp/T/neurotic_docx_bench/results/redlines_0929_full/jubarte-0.11.2/pdf_by_word/bb35ae41ba_evals__comments_doc_79800b37__vs__9322444a3f_behavior__sd_2888_hyperlink_with_ampersand_aaaac_redline_e11f5f1915_jubarte-0.11.2.pdf,3c7b2963b7398ef8860020bb6b6e72e6610354c5d1294edfe80c316b3ec97231
b2b3095b48_file_52__vs__ec3dd0df69_file_53_redline_e14d8c4c7d,e14d8c4c7d,with_comments_tracking,word_based_randomized,fresh,/Users/arthrod/temp/T/compare_regen/out/e14d8c4c7d__vs__e14d8c4c7d.pdf,287d2f201be0bd000e146cd20f3a8a9c6772da45c3cdfdc0533419a6ab40156c,/Users/arthrod/temp/T/neurotic_docx_bench/results/redlines_0929_full/jubarte-0.11.2/pdf_by_word/b2b3095b48_file_52__vs__ec3dd0df69_file_53_redline_589b832f86_jubarte-0.11.2.pdf,3c5c8278818ba494e7d715e8b764ea29b9d3e940b14737e9121c6258bb81e76e
b39182a410_subscript_demo_style_default_missing__vs__ec45d7fc58_subtitle_style_demo_id_paraid_overflow_redline_e1bf5187ee,e1bf5187ee,tracking_without_comments,word_based_0926,corpus,/Users/arthrod/temp/T/neurotic_docx_bench/corpus/word/tracking_without_comments/pdf/b39182a410_subscript_demo_style_default_missing__vs__ec45d7fc58_subtitle_style_demo_id_paraid_overflow_redline_e1bf5187ee.pdf,a159b4e46bf61e33c837ae628dee37baaa0245879ec29236db071d6f1dc60dd7,/Users/arthrod/temp/T/neurotic_docx_bench/results/redlines_0929_full/jubarte-0.11.2/pdf_by_word/b39182a410_subscript_demo_style_default_missing__vs__ec45d7fc58_subtitle_style_demo_id_paraid_overflow_redline_050304bad7_jubarte-0.11.2.pdf,56762714f881bad079d3320f4a5d71785d57ef36a52e95d8ad12d8ba2089a552
62732368d5_7b6493614245aae298d715fbe16d4a4945f5ebed862c1354__vs__e91e59eaac_d53121ceeb633df57b8f83f852ee91b3143ce8915a7ef81b_redline_e1c52dc7f9,e1c52dc7f9,tracking_without_comments,redlines_en_500,corpus,/Users/arthrod/temp/T/neurotic_docx_bench/corpus/word/tracking_without_comments/pdf/62732368d5_7b6493614245aae298d715fbe16d4a4945f5ebed862c1354__vs__e91e59eaac_d53121ceeb633df57b8f83f852ee91b3143ce8915a7ef81b_redline_e1c52dc7f9.pdf,66dfd156ed4b852c991e9da8bbf02dcda45c3cd1f3675edd2e2c21399d432663,/Users/arthrod/temp/T/neurotic_docx_bench/results/redlines_0929_full/jubarte-0.11.2/pdf_by_word/62732368d5_7b6493614245aae298d715fbe16d4a4945f5ebed862c1354__vs__e91e59eaac_d53121ceeb633df57b8f83f852ee91b3143ce8915a7ef81b_redline_e1c52dc7f9_jubarte-0.11.2.pdf,d2f29dab8c2606e335b2679182c56656580139bd52c54ef665fa9cc775e1ce75
516ae5b317_justified_underline_demo_id_paraid_overflow__vs__bebfc19fe0_justify_alignment_demo_id_paraid_overflow_2_redline_e1df09500c,e1df09500c,tracking_without_comments,fixtures_word_compares;pdf_fill_0928,fresh,/Users/arthrod/temp/T/compare_regen/out/e1df09500c__vs__e1df09500c.pdf,2a1ce57f06d45776bfd4a0bfe82fe9035ffbaef0077d6bc7bca9b6d2b6318de7,/Users/arthrod/temp/T/neurotic_docx_bench/results/redlines_0929_full/jubarte-0.11.2/pdf_by_word/516ae5b317_justified_underline_demo_id_paraid_overflow__vs__bebfc19fe0_justify_alignment_demo_id_paraid_overflow_2_redline_e1df09500c_jubarte-0.11.2.pdf,4bf1e2d0c2767f6b1f2314bb06ae91b732e3c812a0236937b48fe18c4458a347
14f06affbf_30d707ed0c807a2118b37014c5b1ae48bc042da6310c6e07__vs__37c0369ce2_0c0c9334d933085775ef6320a8c741d98cc95ae29c0b70bf_redline_e32180088d,e32180088d,tracking_without_comments,redlines_en_500,corpus,/Users/arthrod/temp/T/neurotic_docx_bench/corpus/word/tracking_without_comments/pdf/14f06affbf_30d707ed0c807a2118b37014c5b1ae48bc042da6310c6e07__vs__37c0369ce2_0c0c9334d933085775ef6320a8c741d98cc95ae29c0b70bf_redline_e32180088d.pdf,0ca677b03287aa5a55b02d3cbe17e78564963029846f37462762dbc0b0396ee5,/Users/arthrod/temp/T/neurotic_docx_bench/results/redlines_0929_full/jubarte-0.11.2/pdf_by_word/14f06affbf_30d707ed0c807a2118b37014c5b1ae48bc042da6310c6e07__vs__37c0369ce2_0c0c9334d933085775ef6320a8c741d98cc95ae29c0b70bf_redline_e32180088d_jubarte-0.11.2.pdf,769c444ef3fade8f8197ed9a694d48a8813a3c38ba157eb348d4a92d95a4d48e
38694026fb_0003b3ae2b115676d918e72f694790ddb64563721bb4a48d__vs__deff0e697a_00b5defcad6e58038eac35472a2d48c89905068e5ece0cc3_redline_e3cc1c7993,e3cc1c7993,tracking_without_comments,redlines_a100_b10,corpus,/Users/arthrod/temp/T/neurotic_docx_bench/corpus/word/tracking_without_comments/pdf/38694026fb_0003b3ae2b115676d918e72f694790ddb64563721bb4a48d__vs__deff0e697a_00b5defcad6e58038eac35472a2d48c89905068e5ece0cc3_redline_e3cc1c7993.pdf,6919a4d4e72b317dae8baf350550e2233bef6d3addb2a1bbaa8934582792d3ba,/Users/arthrod/temp/T/neurotic_docx_bench/results/redlines_0929_full/jubarte-0.11.2/pdf_by_word/38694026fb_0003b3ae2b115676d918e72f694790ddb64563721bb4a48d__vs__deff0e697a_00b5defcad6e58038eac35472a2d48c89905068e5ece0cc3_redline_e3cc1c7993_jubarte-0.11.2.pdf,50529842ff1a72306cf3162b7716cb387f8c993c156cecbab9dff11e1f4df28f
d48e02b548_super_editor__google_docs_originated_comments__vs__e70f1134dd_super_editor__diff_before8_ba5faa9e_redline_e4569d0756,e4569d0756,with_comments_tracking,word_redlines_superdoc,fresh,/Users/arthrod/temp/T/compare_regen/out/e4569d0756__vs__e4569d0756.pdf,7a4bf58e89d10209680fd624eea8357a278ea6bc5d450e97fea46a01d5b3231a,/Users/arthrod/temp/T/neurotic_docx_bench/results/redlines_0929_full/jubarte-0.11.2/pdf_by_word/d48e02b548_super_editor__google_docs_originated_comments__vs__e70f1134dd_super_editor__diff_before8_ba5faa9e_redline_e4569d0756_jubarte-0.11.2.pdf,6cbe339fa734a336918e58ae1bb8b8aa4c86140b018bbb8f7f4e51c085bd8458
29379c07bf_002adf0715eed4d213774c26c60c78624c2a3cbb3d0397d2__vs__a5f2b9318d_002aa60c2ae1187417b4b157c5ec6450324cc056ec551a12_redline_e4c9e96f09,e4c9e96f09,tracking_without_comments,redlines_a100_b10,corpus,/Users/arthrod/temp/T/neurotic_docx_bench/corpus/word/tracking_without_comments/pdf/29379c07bf_002adf0715eed4d213774c26c60c78624c2a3cbb3d0397d2__vs__a5f2b9318d_002aa60c2ae1187417b4b157c5ec6450324cc056ec551a12_redline_e4c9e96f09.pdf,7366fd36091a29d7fd719f176b970e813a2cbf60dddc88b968fce3ac821b3f21,/Users/arthrod/temp/T/neurotic_docx_bench/results/redlines_0929_full/jubarte-0.11.2/pdf_by_word/29379c07bf_002adf0715eed4d213774c26c60c78624c2a3cbb3d0397d2__vs__a5f2b9318d_002aa60c2ae1187417b4b157c5ec6450324cc056ec551a12_redline_e4c9e96f09_jubarte-0.11.2.pdf,dd4036194246e18c9882f56589622923b54fcac369f13ff49d2d8a55567916eb
266b027513_file_73__vs__f03f54c09d_file_74_redline_e4f8d7c4e5,e4f8d7c4e5,tracking_without_comments,nocomments_randomized,corpus,/Users/arthrod/temp/T/neurotic_docx_bench/corpus/word/tracking_without_comments/pdf/266b027513_file_73__vs__f03f54c09d_file_74_redline_e4f8d7c4e5.pdf,0cd8454aca9366402e494e1ddf25a385b4dbf5691894da42b104191eb5ec3682,/Users/arthrod/temp/T/neurotic_docx_bench/results/redlines_0929_full/jubarte-0.11.2/pdf_by_word/266b027513_file_73__vs__f03f54c09d_file_74_redline_e4f8d7c4e5_jubarte-0.11.2.pdf,7b6f70327b2afd5f1aac2ea530ff643fd4b48868ae87af1909ed710e345a860d
1dfdc7d8ec_super_editor__image_inline_and_block_ad6109b3__vs__058cd936de_super_editor__image_doc_c7d007ac_redline_e58f863445,e58f863445,tracking_without_comments,word_redlines_superdoc,corpus,/Users/arthrod/temp/T/neurotic_docx_bench/corpus/word/tracking_without_comments/pdf/1dfdc7d8ec_super_editor__image_inline_and_block_ad6109b3__vs__058cd936de_super_editor__image_doc_c7d007ac_redline_e58f863445.pdf,b75cfb161f35667624855ae933fa6fab801dc05d61316263a0f2bcecfb050f24,/Users/arthrod/temp/T/neurotic_docx_bench/results/redlines_0929_full/jubarte-0.11.2/pdf_by_word/1dfdc7d8ec_super_editor__image_inline_and_block_ad6109b3__vs__058cd936de_super_editor__image_doc_c7d007ac_redline_1e988e063f_jubarte-0.11.2.pdf,d3a7a4899881cdc213f7e00b28af0bd89d09a21441fc95b334fab407fbdc55f7
8a7f242026_center_bold_demo_id_paraid_overflow__vs__3e43d24c46_clear_formatting_demo_id_paraid_overflow_redline_e5c6ee8155,e5c6ee8155,tracking_without_comments,word_based,corpus,/Users/arthrod/temp/T/neurotic_docx_bench/corpus/word/tracking_without_comments/pdf/8a7f242026_center_bold_demo_id_paraid_overflow__vs__3e43d24c46_clear_formatting_demo_id_paraid_overflow_redline_e5c6ee8155.pdf,05bfae265c6473688eba5f9bafa87af1370f9c5c35af6a6900cdcdbf3fbc5269,/Users/arthrod/temp/T/neurotic_docx_bench/results/redlines_0929_full/jubarte-0.11.2/pdf_by_word/8a7f242026_center_bold_demo_id_paraid_overflow__vs__3e43d24c46_clear_formatting_demo_id_paraid_overflow_redline_80572dd900_jubarte-0.11.2.pdf,a86bd7d4c21213a1a2924ec9fc1d62c845fc96c66a8a4f1396086751d85e2274
286955227d_0134fe85fb88da2accd6637e1c44bdd4f8b7fbb533bd47ba__vs__5203829c7a_001cc92b88566d5f930fe57f25813c0bf52a7bdc72c217d0_redline_e629604db4,e629604db4,tracking_without_comments,redlines_a100_b10,corpus,/Users/arthrod/temp/T/neurotic_docx_bench/corpus/word/tracking_without_comments/pdf/286955227d_0134fe85fb88da2accd6637e1c44bdd4f8b7fbb533bd47ba__vs__5203829c7a_001cc92b88566d5f930fe57f25813c0bf52a7bdc72c217d0_redline_e629604db4.pdf,4d2e776033c0d31cf57228ce20d7e461dfad4e9d45c6dfd7cf57f80fa1f6a8c9,/Users/arthrod/temp/T/neurotic_docx_bench/results/redlines_0929_full/jubarte-0.11.2/pdf_by_word/286955227d_0134fe85fb88da2accd6637e1c44bdd4f8b7fbb533bd47ba__vs__5203829c7a_001cc92b88566d5f930fe57f25813c0bf52a7bdc72c217d0_redline_e629604db4_jubarte-0.11.2.pdf,70a3735864abbf20ffc1b4f5c1576dd4d88b2c388cce9de1558de2e34f8caf83
0b1d0278ce_behavior__math_radical_tests_4c1ce187__vs__4858c9853b_behavior__multi_image_types_b962a2b8_redline_e68181a3c7,e68181a3c7,tracking_without_comments,word_redlines_superdoc_0926,corpus,/Users/arthrod/temp/T/neurotic_docx_bench/corpus/word/tracking_without_comments/pdf/0b1d0278ce_behavior__math_radical_tests_4c1ce187__vs__4858c9853b_behavior__multi_image_types_b962a2b8_redline_e68181a3c7.pdf,758b3a31354dee067e066c2befd816e71dcb79ca1beebd075d91d14a9ed75702,/Users/arthrod/temp/T/neurotic_docx_bench/results/redlines_0929_full/jubarte-0.11.2/pdf_by_word/0b1d0278ce_behavior__math_radical_tests_4c1ce187__vs__4858c9853b_behavior__multi_image_types_b962a2b8_redline_6130625780_jubarte-0.11.2.pdf,3a4c59f419d12af33b9d35d2dbe4a5af1442fbd23c50cc3db746492550e56035
c9822f1008_docx_lots_of_comments_addition_redline__vs__32328b55db_docx_lots_of_comments_addition_removal_redline_r_redline_e6e61fc33f,e6e61fc33f,clean,nocomments,corpus,/Users/arthrod/temp/T/neurotic_docx_bench/corpus/word/clean/pdf/c9822f1008_docx_lots_of_comments_addition_redline__vs__32328b55db_docx_lots_of_comments_addition_removal_redline_r_redline_e6e61fc33f.pdf,d5738259a2a7fd180c5c7961dc4ef60d792af8478d3e14173f5b12cfd2e1a4ca,/Users/arthrod/temp/T/neurotic_docx_bench/results/redlines_0929_full/jubarte-0.11.2/pdf_by_word/c9822f1008_docx_lots_of_comments_addition_redline__vs__32328b55db_docx_lots_of_comments_addition_removal_redline_r_redline_e6e61fc33f_jubarte-0.11.2.pdf,9fccb42e84181442767b41f0184e59c3dd0b3d3514e417a048137d6119d016b7
d09a2f8509_00b5aa69a6c33b2725953348488d62605dc209411d01f80a__vs__a5f2b9318d_002aa60c2ae1187417b4b157c5ec6450324cc056ec551a12_redline_e7d9a076ba,e7d9a076ba,tracking_without_comments,redlines_a100_b10,corpus,/Users/arthrod/temp/T/neurotic_docx_bench/corpus/word/tracking_without_comments/pdf/d09a2f8509_00b5aa69a6c33b2725953348488d62605dc209411d01f80a__vs__a5f2b9318d_002aa60c2ae1187417b4b157c5ec6450324cc056ec551a12_redline_e7d9a076ba.pdf,c7e0a3ba6a223db363703d152c9b77f7bee8acc87e2bade587e79127690345c0,/Users/arthrod/temp/T/neurotic_docx_bench/results/redlines_0929_full/jubarte-0.11.2/pdf_by_word/d09a2f8509_00b5aa69a6c33b2725953348488d62605dc209411d01f80a__vs__a5f2b9318d_002aa60c2ae1187417b4b157c5ec6450324cc056ec551a12_redline_e7d9a076ba_jubarte-0.11.2.pdf,657d79ad7d05b11d3371082e3b7de838b3f0e36ce9b447b8e4399f8381d5f43c
4ed1b6d133_0020e4099d611a050ed83fb7e0b16d6f48200018bbb1e757__vs__a5f2b9318d_002aa60c2ae1187417b4b157c5ec6450324cc056ec551a12_redline_e87c7d62ef,e87c7d62ef,tracking_without_comments,redlines_a100_b10,corpus,/Users/arthrod/temp/T/neurotic_docx_bench/corpus/word/tracking_without_comments/pdf/4ed1b6d133_0020e4099d611a050ed83fb7e0b16d6f48200018bbb1e757__vs__a5f2b9318d_002aa60c2ae1187417b4b157c5ec6450324cc056ec551a12_redline_e87c7d62ef.pdf,e629560e42640571fdca6917e4a1aa7188d2a2970d53fc7b39c1ab718f308b29,/Users/arthrod/temp/T/neurotic_docx_bench/results/redlines_0929_full/jubarte-0.11.2/pdf_by_word/4ed1b6d133_0020e4099d611a050ed83fb7e0b16d6f48200018bbb1e757__vs__a5f2b9318d_002aa60c2ae1187417b4b157c5ec6450324cc056ec551a12_redline_e87c7d62ef_jubarte-0.11.2.pdf,f530d55f2ba21b2c9388d4ecbde3413f4d08edaf39e6bf9a28f2d576cd1f93f6
a3df367231_001a6655d72fbecf6a1d10e479eee052a779d6ba1d0848d7__vs__bd3824dd1e_000ee64ef7226d353297888f59a251e24ce5d776fea000fa_redline_e9bf31a541,e9bf31a541,tracking_without_comments,redlines_a100_b10,corpus,/Users/arthrod/temp/T/neurotic_docx_bench/corpus/word/tracking_without_comments/pdf/a3df367231_001a6655d72fbecf6a1d10e479eee052a779d6ba1d0848d7__vs__bd3824dd1e_000ee64ef7226d353297888f59a251e24ce5d776fea000fa_redline_e9bf31a541.pdf,74042440959450fdf027ab9bb237bd24a8279c91155ba2adc196766455a9843b,/Users/arthrod/temp/T/neurotic_docx_bench/results/redlines_0929_full/jubarte-0.11.2/pdf_by_word/a3df367231_001a6655d72fbecf6a1d10e479eee052a779d6ba1d0848d7__vs__bd3824dd1e_000ee64ef7226d353297888f59a251e24ce5d776fea000fa_redline_e9bf31a541_jubarte-0.11.2.pdf,fb8af6857f132e4ef11fa6cbf163381d800b6cab8e17044624f8a0612ec2b751
a4c38b1bf5_4c17189eb7a543ae96f42443a9f4001a3be8fec6e47f7481__vs__cd63d2dccf_3f2752287dacf8e3e52d649dc467cbab2214df665039ab15_redline_e9ef73a8e4,e9ef73a8e4,with_comments_tracking,redlines_en_500,fresh,/Users/arthrod/temp/T/compare_regen/out/e9ef73a8e4__vs__e9ef73a8e4.pdf,36deee585c69eb5cda1287e51c67b0d0854f0d51ffb5f7c3e91147422e9b25d8,/Users/arthrod/temp/T/neurotic_docx_bench/results/redlines_0929_full/jubarte-0.11.2/pdf_by_word/a4c38b1bf5_4c17189eb7a543ae96f42443a9f4001a3be8fec6e47f7481__vs__cd63d2dccf_3f2752287dacf8e3e52d649dc467cbab2214df665039ab15_redline_e9ef73a8e4_jubarte-0.11.2.pdf,d53a3d2f9fb4c2a68854b2130ab21a02bbbb545c039216a684bd9518fefa1db9
08e3f68925_bold_underline_combined_demo_id_paraid_overflow__vs__e29df71807_bold_underline_highlight_demo_id_paraid_overflow_redline_eab3698414,eab3698414,tracking_without_comments,word_based,corpus,/Users/arthrod/temp/T/neurotic_docx_bench/corpus/word/tracking_without_comments/pdf/08e3f68925_bold_underline_combined_demo_id_paraid_overflow__vs__e29df71807_bold_underline_highlight_demo_id_paraid_overflow_redline_eab3698414.pdf,b5e22f79f1a043050b1f2d14009485dc1ccef710364073e515c57d3cda59b280,/Users/arthrod/temp/T/neurotic_docx_bench/results/redlines_0929_full/jubarte-0.11.2/pdf_by_word/08e3f68925_bold_underline_combined_demo_id_paraid_overflow__vs__e29df71807_bold_underline_highlight_demo_id_paraid_overflow_redline_10bf0a337d_jubarte-0.11.2.pdf,8fd254d3f50128acd710ac275d7d6f918fb7e0a30c49a78f15697d987bef057c
0bf5192ed0_00afb3e6b2bb1a5ab1e1770ba41f6f455f87472d24ab2767__vs__2773adf157_0004c94ca2a8684d47449bb0e7abf87de1df71a7e6543252_redline_eabf2cede7,eabf2cede7,tracking_without_comments,redlines_a100_b10,corpus,/Users/arthrod/temp/T/neurotic_docx_bench/corpus/word/tracking_without_comments/pdf/0bf5192ed0_00afb3e6b2bb1a5ab1e1770ba41f6f455f87472d24ab2767__vs__2773adf157_0004c94ca2a8684d47449bb0e7abf87de1df71a7e6543252_redline_eabf2cede7.pdf,0ae83fe44f957b824a9867a1e2cbc5f1b8d72d079a998e8ac079e5f6a9be9bf5,/Users/arthrod/temp/T/neurotic_docx_bench/results/redlines_0929_full/jubarte-0.11.2/pdf_by_word/0bf5192ed0_00afb3e6b2bb1a5ab1e1770ba41f6f455f87472d24ab2767__vs__2773adf157_0004c94ca2a8684d47449bb0e7abf87de1df71a7e6543252_redline_eabf2cede7_jubarte-0.11.2.pdf,dc6f17935270de869b601e37955ffa8e44ef151db3857391280dc852389b03a6
0048ba31dd_000be19a055234f8e79ec0baadc41d2a49050b2ea0a60654__vs__2e04202552_000e3e7bd2d6215fc7b469cc3e296c1b2a510bc1abc7e0fd_redline_eb12b8215b,eb12b8215b,tracking_without_comments,redlines_a100_b10,corpus,/Users/arthrod/temp/T/neurotic_docx_bench/corpus/word/tracking_without_comments/pdf/0048ba31dd_000be19a055234f8e79ec0baadc41d2a49050b2ea0a60654__vs__2e04202552_000e3e7bd2d6215fc7b469cc3e296c1b2a510bc1abc7e0fd_redline_eb12b8215b.pdf,5b7ac7425d0b1139d0b9af141c1aad90944615969c23cb47cb0440895cf7f326,/Users/arthrod/temp/T/neurotic_docx_bench/results/redlines_0929_full/jubarte-0.11.2/pdf_by_word/0048ba31dd_000be19a055234f8e79ec0baadc41d2a49050b2ea0a60654__vs__2e04202552_000e3e7bd2d6215fc7b469cc3e296c1b2a510bc1abc7e0fd_redline_eb12b8215b_jubarte-0.11.2.pdf,e4c26e2a9a373ffc6d2424e79e8288b8ca69ab3df381b9cef007040227b52183
b389f55091_super_editor__comment_23ee5ec1__vs__3e50084c2e_super_editor__diff_after16_2a48697a_redline_eb468b0385,eb468b0385,with_comments_tracking,word_redlines_superdoc,fresh,/Users/arthrod/temp/T/compare_regen/out/eb468b0385__vs__eb468b0385.pdf,a5f7c58b525446f3c88b213c1412160cff91efd1c1fd51b7606c3c9e438b2a44,/Users/arthrod/temp/T/neurotic_docx_bench/results/redlines_0929_full/jubarte-0.11.2/pdf_by_word/b389f55091_super_editor__comment_23ee5ec1__vs__3e50084c2e_super_editor__diff_after16_2a48697a_redline_371ef9feed_jubarte-0.11.2.pdf,5f7303a322dcd936931bfac08bcb54ebc846def7f79ca896069b69596cd38bb0
9ef2a93274_super_editor__tab_alignment_test_184edb5d__vs__37f61a9c26_super_editor__tab_test_576c8317_redline_eb889d8159,eb889d8159,tracking_without_comments,word_redlines_superdoc,corpus,/Users/arthrod/temp/T/neurotic_docx_bench/corpus/word/tracking_without_comments/pdf/9ef2a93274_super_editor__tab_alignment_test_184edb5d__vs__37f61a9c26_super_editor__tab_test_576c8317_redline_eb889d8159.pdf,566240344dcdca62f80faf627dfd9a11cce2c437b737cd41d000fedfe43ee664,/Users/arthrod/temp/T/neurotic_docx_bench/results/redlines_0929_full/jubarte-0.11.2/pdf_by_word/9ef2a93274_super_editor__tab_alignment_test_184edb5d__vs__37f61a9c26_super_editor__tab_test_576c8317_redline_eb889d8159_jubarte-0.11.2.pdf,1565246c833fb25dc5820277360300a1b349473a356648bd333569faae164433
277b6145d6_italic_and_underline_combo_style_default_missing__vs__e1201c51d4_italic_subscript_demo_style_default_missing_redline_eb9f33dadd,eb9f33dadd,tracking_without_comments,word_based_0926,corpus,/Users/arthrod/temp/T/neurotic_docx_bench/corpus/word/tracking_without_comments/pdf/277b6145d6_italic_and_underline_combo_style_default_missing__vs__e1201c51d4_italic_subscript_demo_style_default_missing_redline_eb9f33dadd.pdf,cefa8915e8e3c60da51c8768f225c393f3d82377cf74c13a0a93cb1e41816d40,/Users/arthrod/temp/T/neurotic_docx_bench/results/redlines_0929_full/jubarte-0.11.2/pdf_by_word/277b6145d6_italic_and_underline_combo_style_default_missing__vs__e1201c51d4_italic_subscript_demo_style_default_missing_redline_6ce47d4bdd_jubarte-0.11.2.pdf,8b3988b740e2699541e6d9ec28910f878a9e7ebad021d61e7b4f56df0c7b2372
7e77c2f888_file_120__vs__525c779243_file_121_redline_ec35cc3904,ec35cc3904,tracking_without_comments,word_based_randomized_0926,corpus,/Users/arthrod/temp/T/neurotic_docx_bench/corpus/word/tracking_without_comments/pdf/7e77c2f888_file_120__vs__525c779243_file_121_redline_ec35cc3904.pdf,57d93f82dbed46ed0c041c0b868c8ffadb3aae592c6ef9f17a6d8a14e648a61b,/Users/arthrod/temp/T/neurotic_docx_bench/results/redlines_0929_full/jubarte-0.11.2/pdf_by_word/7e77c2f888_file_120__vs__525c779243_file_121_redline_0e99767f9f_jubarte-0.11.2.pdf,836451da0a4fd7f944d97ea3f081c7f508b9c7d8657c79ffa1aa6cd269d07e80
a5eb266a1f_016236e3bf778292b45976ecd4a34b45d02104f47db7a3ca__vs__1424386e9b_017447de83753a0e3b7afc659df038ef56972925336c6a5b_redline_eca414fecf,eca414fecf,tracking_without_comments,redlines_a100_b10,corpus,/Users/arthrod/temp/T/neurotic_docx_bench/corpus/word/tracking_without_comments/pdf/a5eb266a1f_016236e3bf778292b45976ecd4a34b45d02104f47db7a3ca__vs__1424386e9b_017447de83753a0e3b7afc659df038ef56972925336c6a5b_redline_eca414fecf.pdf,323ca35597fbcf30b728fb88de952953bbca40d2fb64c625655dfffb96608a4c,/Users/arthrod/temp/T/neurotic_docx_bench/results/redlines_0929_full/jubarte-0.11.2/pdf_by_word/a5eb266a1f_016236e3bf778292b45976ecd4a34b45d02104f47db7a3ca__vs__1424386e9b_017447de83753a0e3b7afc659df038ef56972925336c6a5b_redline_eca414fecf_jubarte-0.11.2.pdf,29278c46fcfb53ba5d768b927c10921305e81314d15408744a1e75da8fbdd451
90e2c33814_meeting_agenda_table_2__vs__e0c027b1ca_meeting_agenda_table_redline_eca460b37d,eca460b37d,tracking_without_comments,fixtures_word_compares;pdf_fill_0928,fresh,/Users/arthrod/temp/T/compare_regen/out/eca460b37d__vs__eca460b37d.pdf,7f61781404de074fecded48691a4709ff281d91bb3cbf00181cfa07df7cdb4ba,/Users/arthrod/temp/T/neurotic_docx_bench/results/redlines_0929_full/jubarte-0.11.2/pdf_by_word/90e2c33814_meeting_agenda_table_2__vs__e0c027b1ca_meeting_agenda_table_redline_7c3a177c6d_jubarte-0.11.2.pdf,a138a99809a659b36bba22b869d349a0b40187a494fca91bf7bc55c0a69ca0b2
5ad6e6d44f_0199027cbf967c88ab833b77e5bc5d629bacecbd40a87c26__vs__1424386e9b_017447de83753a0e3b7afc659df038ef56972925336c6a5b_redline_ede1920163,ede1920163,tracking_without_comments,redlines_a100_b10,corpus,/Users/arthrod/temp/T/neurotic_docx_bench/corpus/word/tracking_without_comments/pdf/5ad6e6d44f_0199027cbf967c88ab833b77e5bc5d629bacecbd40a87c26__vs__1424386e9b_017447de83753a0e3b7afc659df038ef56972925336c6a5b_redline_ede1920163.pdf,4b3d70b7a4da3913f0e3b8ab88630bd24cc061d385138b60b49b693c380acb52,/Users/arthrod/temp/T/neurotic_docx_bench/results/redlines_0929_full/jubarte-0.11.2/pdf_by_word/5ad6e6d44f_0199027cbf967c88ab833b77e5bc5d629bacecbd40a87c26__vs__1424386e9b_017447de83753a0e3b7afc659df038ef56972925336c6a5b_redline_ede1920163_jubarte-0.11.2.pdf,0692033ba645c8df19078da464ccb5047243e792c344aa09aa75456dbb860bb0
8e8d328cb4_4f0e4693e69502c6d92893ba330618a8e50711e4760e48d9__vs__db5a90d753_1c521aea2a77a591a11c9fa7ed352309eb5bcdfb978a80cb_redline_eec31d3b47,eec31d3b47,tracking_without_comments,redlines_en_500,corpus,/Users/arthrod/temp/T/neurotic_docx_bench/corpus/word/tracking_without_comments/pdf/8e8d328cb4_4f0e4693e69502c6d92893ba330618a8e50711e4760e48d9__vs__db5a90d753_1c521aea2a77a591a11c9fa7ed352309eb5bcdfb978a80cb_redline_eec31d3b47.pdf,01a1c718bb27fcb4334f683689406dfe42302b9714b0a4a96a33763eda54b4df,/Users/arthrod/temp/T/neurotic_docx_bench/results/redlines_0929_full/jubarte-0.11.2/pdf_by_word/8e8d328cb4_4f0e4693e69502c6d92893ba330618a8e50711e4760e48d9__vs__db5a90d753_1c521aea2a77a591a11c9fa7ed352309eb5bcdfb978a80cb_redline_eec31d3b47_jubarte-0.11.2.pdf,3a5ddeece4b0f91ecd008d1139e361756d10eda6012bf4762062f93f3c20c036
bc514b554e_00d979c97e42f03faff5f49e2a7dfa9afd30996214602e19__vs__deff0e697a_00b5defcad6e58038eac35472a2d48c89905068e5ece0cc3_redline_eecdb1c507,eecdb1c507,tracking_without_comments,redlines_a100_b10,corpus,/Users/arthrod/temp/T/neurotic_docx_bench/corpus/word/tracking_without_comments/pdf/bc514b554e_00d979c97e42f03faff5f49e2a7dfa9afd30996214602e19__vs__deff0e697a_00b5defcad6e58038eac35472a2d48c89905068e5ece0cc3_redline_eecdb1c507.pdf,f7fe22615e4bb0ad6b16a133436551dd5c5121aabcaee5c3b76bf25d4a2d8b1a,/Users/arthrod/temp/T/neurotic_docx_bench/results/redlines_0929_full/jubarte-0.11.2/pdf_by_word/bc514b554e_00d979c97e42f03faff5f49e2a7dfa9afd30996214602e19__vs__deff0e697a_00b5defcad6e58038eac35472a2d48c89905068e5ece0cc3_redline_eecdb1c507_jubarte-0.11.2.pdf,1c478fb6c82744c63c35c60dea0c6c5325471016c94051af0182edcdddd33a67
3539cf2404_cli_legacy__replace_test_0a793f01__vs__bb35ae41ba_evals__comments_doc_79800b37_redline_eede96cbf6,eede96cbf6,with_comments_tracking,word_redlines_superdoc_0926,fresh,/Users/arthrod/temp/T/compare_regen/out/eede96cbf6__vs__eede96cbf6.pdf,8e5872f1c822d380036b5cabc03b8b98004db45503c77c97afaba892ead0959b,/Users/arthrod/temp/T/neurotic_docx_bench/results/redlines_0929_full/jubarte-0.11.2/pdf_by_word/3539cf2404_cli_legacy__replace_test_0a793f01__vs__bb35ae41ba_evals__comments_doc_79800b37_redline_ce73379cca_jubarte-0.11.2.pdf,3cf19882045b7e65db0dfbaa6a7e2bfa7050ffb78163f3a6912c6fe0c0efbf99
74afe04686_000416d5ee481974205314977bda4d0b297b97cf56f55f5a__vs__1424386e9b_017447de83753a0e3b7afc659df038ef56972925336c6a5b_redline_eee4f02ca3,eee4f02ca3,tracking_without_comments,redlines_a100_b10,corpus,/Users/arthrod/temp/T/neurotic_docx_bench/corpus/word/tracking_without_comments/pdf/74afe04686_000416d5ee481974205314977bda4d0b297b97cf56f55f5a__vs__1424386e9b_017447de83753a0e3b7afc659df038ef56972925336c6a5b_redline_eee4f02ca3.pdf,8e8811512b22b1e6834588d2473e3c9ee1f2b7c3cf4e44516139a07315746973,/Users/arthrod/temp/T/neurotic_docx_bench/results/redlines_0929_full/jubarte-0.11.2/pdf_by_word/74afe04686_000416d5ee481974205314977bda4d0b297b97cf56f55f5a__vs__1424386e9b_017447de83753a0e3b7afc659df038ef56972925336c6a5b_redline_eee4f02ca3_jubarte-0.11.2.pdf,87682712ed885bdbec4ab83725fd16846bc75d16786a8be50f4b9574f802fd22
84f5fb598b_super_editor__diff_before11_1b953eaf__vs__d6a1c42901_super_editor__diff_before16_f518c031_redline_eef71e03e0,eef71e03e0,with_comments_tracking,word_redlines_superdoc_0926,fresh,/Users/arthrod/temp/T/compare_regen/out/eef71e03e0__vs__eef71e03e0.pdf,94bf15ced6aba43cba7df9924a90c66171f29697b83acb64823f10d90c20c08f,/Users/arthrod/temp/T/neurotic_docx_bench/results/redlines_0929_full/jubarte-0.11.2/pdf_by_word/84f5fb598b_super_editor__diff_before11_1b953eaf__vs__d6a1c42901_super_editor__diff_before16_f518c031_redline_90fd5a464a_jubarte-0.11.2.pdf,e33a88930d36fbe845e15b67c5974563eef1077f090912b564e8e2577f6d14a8
e1201c51d4_italic_subscript_demo_style_default_missing__vs__3fc14675e5_italic_text_formatting_demo_id_paraid_overflow_2_redline_ef075ffb0b,ef075ffb0b,tracking_without_comments,word_based,corpus,/Users/arthrod/temp/T/neurotic_docx_bench/corpus/word/tracking_without_comments/pdf/e1201c51d4_italic_subscript_demo_style_default_missing__vs__3fc14675e5_italic_text_formatting_demo_id_paraid_overflow_2_redline_ef075ffb0b.pdf,5046f46d17014207d880518455f4c7b5916947f175feda1e29ced369b48ba28b,/Users/arthrod/temp/T/neurotic_docx_bench/results/redlines_0929_full/jubarte-0.11.2/pdf_by_word/e1201c51d4_italic_subscript_demo_style_default_missing__vs__3fc14675e5_italic_text_formatting_demo_id_paraid_overflow_2_redline_80188ee236_jubarte-0.11.2.pdf,3487727498ca7f2032ff585de1355bf1699cd7ff6c831d48439c8e9b47be8f5e
12941c2a77_0023298b011b45232675215822f0f728678a238756d763c8__vs__deff0e697a_00b5defcad6e58038eac35472a2d48c89905068e5ece0cc3_redline_ef3fa5ea66,ef3fa5ea66,tracking_without_comments,redlines_a100_b10,corpus,/Users/arthrod/temp/T/neurotic_docx_bench/corpus/word/tracking_without_comments/pdf/12941c2a77_0023298b011b45232675215822f0f728678a238756d763c8__vs__deff0e697a_00b5defcad6e58038eac35472a2d48c89905068e5ece0cc3_redline_ef3fa5ea66.pdf,dc4a398500c018f8c1e3f08329888ecf38b1c633521ac40c361524d7e88a66f0,/Users/arthrod/temp/T/neurotic_docx_bench/results/redlines_0929_full/jubarte-0.11.2/pdf_by_word/12941c2a77_0023298b011b45232675215822f0f728678a238756d763c8__vs__deff0e697a_00b5defcad6e58038eac35472a2d48c89905068e5ece0cc3_redline_ef3fa5ea66_jubarte-0.11.2.pdf,4747408966692ec1bf907af39b0e7bad80f3dd456aa428bf97e3fabef1180a30
f529133cd5_super_editor__basic_comment_d3ba5f1e__vs__5fa01813d3_super_editor__basic_table_shading_d3212ffd_redline_ef9fae71a2,ef9fae71a2,with_comments_tracking,word_redlines_superdoc,fresh,/Users/arthrod/temp/T/compare_regen/out/ef9fae71a2__vs__ef9fae71a2.pdf,3e8b9a1b63e24f08bfe22002c659d46918d573cc12393451da20039feaacd41f,/Users/arthrod/temp/T/neurotic_docx_bench/results/redlines_0929_full/jubarte-0.11.2/pdf_by_word/f529133cd5_super_editor__basic_comment_d3ba5f1e__vs__5fa01813d3_super_editor__basic_table_shading_d3212ffd_redline_b2704631d9_jubarte-0.11.2.pdf,e1eacc1285ff4c26f22eded524e128922b5a62ee07230d8b0dba509693e52c8c
81f7cad226_009fa3f6b717df4d0e9371d67f305110d5096bc9178134b0__vs__aa5340125d_00a4b0b91e9b5b072dc3771391c2d608518690eccf44eae8_redline_efc01e33db,efc01e33db,tracking_without_comments,redlines_a100_b10,corpus,/Users/arthrod/temp/T/neurotic_docx_bench/corpus/word/tracking_without_comments/pdf/81f7cad226_009fa3f6b717df4d0e9371d67f305110d5096bc9178134b0__vs__aa5340125d_00a4b0b91e9b5b072dc3771391c2d608518690eccf44eae8_redline_efc01e33db.pdf,60db1bcd6379fef2706492adc247255c65d89bcc6305ed9168f223d3a5d0fd8a,/Users/arthrod/temp/T/neurotic_docx_bench/results/redlines_0929_full/jubarte-0.11.2/pdf_by_word/81f7cad226_009fa3f6b717df4d0e9371d67f305110d5096bc9178134b0__vs__aa5340125d_00a4b0b91e9b5b072dc3771391c2d608518690eccf44eae8_redline_efc01e33db_jubarte-0.11.2.pdf,9e9d0b888d68767e62f719f643edca0b540654f115ab1a97139dfc1314f80dd9
60640bbf85_meeting_minutes_suggesting_insertions__vs__41f0a98a46_numbered_list_demo_id_paraid_overflow_redline_f0bf52cf21,f0bf52cf21,tracking_without_comments,nocomments,corpus,/Users/arthrod/temp/T/neurotic_docx_bench/corpus/word/tracking_without_comments/pdf/60640bbf85_meeting_minutes_suggesting_insertions__vs__41f0a98a46_numbered_list_demo_id_paraid_overflow_redline_f0bf52cf21.pdf,896154870cb5c15749875858d3008b313bb7de7f1f6d52f057943600d9187898,/Users/arthrod/temp/T/neurotic_docx_bench/results/redlines_0929_full/jubarte-0.11.2/pdf_by_word/60640bbf85_meeting_minutes_suggesting_insertions__vs__41f0a98a46_numbered_list_demo_id_paraid_overflow_redline_f0bf52cf21_jubarte-0.11.2.pdf,da48be6ae542d0db537b56facfc4db8d7093b105e09a6171f304652dc0c63bf2
3539cf2404_cli_legacy__replace_test_0a793f01__vs__d48e02b548_super_editor__google_docs_originated_comments_redline_f194709881,f194709881,with_comments_tracking,word_redlines_superdoc,fresh,/Users/arthrod/temp/T/compare_regen/out/f194709881__vs__f194709881.pdf,bd4dd9086f5b58c78d2ba1029d9f86ddc1a98d23aa501a1da9d7b15d6545f90b,/Users/arthrod/temp/T/neurotic_docx_bench/results/redlines_0929_full/jubarte-0.11.2/pdf_by_word/3539cf2404_cli_legacy__replace_test_0a793f01__vs__d48e02b548_super_editor__google_docs_originated_comments_redline_f194709881_jubarte-0.11.2.pdf,4f014c214c90f31c78c9f49f857a1934ed3708b262a7f6d5003ef0c74820364f
2b4475cba6_0021f639e5dbf6c217c8d81a7ac3374624ff9901a5d4b200__vs__bd3824dd1e_000ee64ef7226d353297888f59a251e24ce5d776fea000fa_redline_f1e8654a15,f1e8654a15,tracking_without_comments,redlines_a100_b10,corpus,/Users/arthrod/temp/T/neurotic_docx_bench/corpus/word/tracking_without_comments/pdf/2b4475cba6_0021f639e5dbf6c217c8d81a7ac3374624ff9901a5d4b200__vs__bd3824dd1e_000ee64ef7226d353297888f59a251e24ce5d776fea000fa_redline_f1e8654a15.pdf,626c42582f950e20b858ee33d9b4d05d52383676f0b9f321f2027b9e4f166f3d,/Users/arthrod/temp/T/neurotic_docx_bench/results/redlines_0929_full/jubarte-0.11.2/pdf_by_word/2b4475cba6_0021f639e5dbf6c217c8d81a7ac3374624ff9901a5d4b200__vs__bd3824dd1e_000ee64ef7226d353297888f59a251e24ce5d776fea000fa_redline_f1e8654a15_jubarte-0.11.2.pdf,c6c8bbef4349163ddf697bcea62df8a60bf8595b37448a8dd0628bf70ef0022a
6fffde4ae2_000bf66110e841e1d2c2e862fc7db869b8d410586ad12d0d__vs__aa5340125d_00a4b0b91e9b5b072dc3771391c2d608518690eccf44eae8_redline_f2197b6411,f2197b6411,tracking_without_comments,redlines_a100_b10,corpus,/Users/arthrod/temp/T/neurotic_docx_bench/corpus/word/tracking_without_comments/pdf/6fffde4ae2_000bf66110e841e1d2c2e862fc7db869b8d410586ad12d0d__vs__aa5340125d_00a4b0b91e9b5b072dc3771391c2d608518690eccf44eae8_redline_f2197b6411.pdf,3f9392d10022ada1ff9199f1a5f50af3700db7d559d276ac10255a4a5d137f9a,/Users/arthrod/temp/T/neurotic_docx_bench/results/redlines_0929_full/jubarte-0.11.2/pdf_by_word/6fffde4ae2_000bf66110e841e1d2c2e862fc7db869b8d410586ad12d0d__vs__aa5340125d_00a4b0b91e9b5b072dc3771391c2d608518690eccf44eae8_redline_f2197b6411_jubarte-0.11.2.pdf,f8013f69ae0b7d07702f69e50016b6606a5a4b99421ffc5be384e7c19322c794
09c4b04252_project_tasks_suggesting_insertions_2__vs__c40c88e402_project_tasks_suggesting_insertions_redline_f2b0b00c65,f2b0b00c65,tracking_without_comments,word_based;fixtures_word_compares,fresh,/Users/arthrod/temp/T/compare_regen/out/f2b0b00c65__vs__f2b0b00c65.pdf,3a0280c5fc06e47973413e998392532715b6737995616f35b854377c8aa02a7b,/Users/arthrod/temp/T/neurotic_docx_bench/results/redlines_0929_full/jubarte-0.11.2/pdf_by_word/09c4b04252_project_tasks_suggesting_insertions_2__vs__c40c88e402_project_tasks_suggesting_insertions_redline_17c822fbe5_jubarte-0.11.2.pdf,198c16a62540ca3cbecdbecac6f7b67f0c015470cab85e1bd4ab83954296299d
154fce3ec8_file_186__vs__1fda7fa6e2_file_187_redline_f303456c76,f303456c76,tracking_without_comments,word_based_randomized_0926,corpus,/Users/arthrod/temp/T/neurotic_docx_bench/corpus/word/tracking_without_comments/pdf/154fce3ec8_file_186__vs__1fda7fa6e2_file_187_redline_f303456c76.pdf,fe8545596a62c8b48fc7a6d689ef2f726fd8bcba3ff432b6c0637971e511e8a8,/Users/arthrod/temp/T/neurotic_docx_bench/results/redlines_0929_full/jubarte-0.11.2/pdf_by_word/154fce3ec8_file_186__vs__1fda7fa6e2_file_187_redline_5382cefb5d_jubarte-0.11.2.pdf,e09de75480f2c2f8278dfeff311f666a7992fbe85edbd234f0d715f19838d6a5
4db02133f5_0007ed60dbbc648e714534360ae72dd054c8322b82ac5609__vs__342f364d46_001342333d45627868f4dc5282abbba4598a91b4a7584b08_redline_f309056f9b,f309056f9b,tracking_without_comments,redlines_a100_b10,corpus,/Users/arthrod/temp/T/neurotic_docx_bench/corpus/word/tracking_without_comments/pdf/4db02133f5_0007ed60dbbc648e714534360ae72dd054c8322b82ac5609__vs__342f364d46_001342333d45627868f4dc5282abbba4598a91b4a7584b08_redline_f309056f9b.pdf,5cee4edcaa9f7e450f74ed940e29d07ba54b3e94aca34121e341e06d443bf413,/Users/arthrod/temp/T/neurotic_docx_bench/results/redlines_0929_full/jubarte-0.11.2/pdf_by_word/4db02133f5_0007ed60dbbc648e714534360ae72dd054c8322b82ac5609__vs__342f364d46_001342333d45627868f4dc5282abbba4598a91b4a7584b08_redline_f309056f9b_jubarte-0.11.2.pdf,889211abb3a9710fea5683eb600b6fd7974b70ec6d1ca430b5c767483d599c32
daf1fa36c0_red_bold_heading_demo_style_default_missing__vs__3e33de961a_red_bold_text_demo_id_paraid_overflow_redline_f45a6c4e3a,f45a6c4e3a,tracking_without_comments,fixtures_word_compares;pdf_fill_0928,fresh,/Users/arthrod/temp/T/compare_regen/out/f45a6c4e3a__vs__f45a6c4e3a.pdf,25eeb2a1b5f9c5d416be75464a7fe50e9e807fea7af95115fe69b7504ff4e7a4,/Users/arthrod/temp/T/neurotic_docx_bench/results/redlines_0929_full/jubarte-0.11.2/pdf_by_word/daf1fa36c0_red_bold_heading_demo_style_default_missing__vs__3e33de961a_red_bold_text_demo_id_paraid_overflow_redline_2648efbf3a_jubarte-0.11.2.pdf,7ea41e6f5876b59d5011029812b4481ac8b29a050f38c97f5b9a53ac1352abe7
7962b06671_super_editor__bookmark_use_cases_d20f31f6__vs__7a48682ea5_super_editor__superdoc_hyperlink_cases_1dde9cd3_redline_f47143b5cb,f47143b5cb,tracking_without_comments,word_redlines_superdoc,fresh,/Users/arthrod/temp/T/compare_regen/out/f47143b5cb__vs__f47143b5cb.pdf,856a2ef43301497e7c7f161f2993765069f7738a00da7c245eb592626ded0c59,/Users/arthrod/temp/T/neurotic_docx_bench/results/redlines_0929_full/jubarte-0.11.2/pdf_by_word/7962b06671_super_editor__bookmark_use_cases_d20f31f6__vs__7a48682ea5_super_editor__superdoc_hyperlink_cases_1dde9cd3_redline_f47143b5cb_jubarte-0.11.2.pdf,b8ad19c3804eb452a6a64b40e0149c889d9f4e8e7b7044929e0db57d96110fff
83799a0610_00bced7d0ce7770362c5b667b5e92abefcbfcf5315a2bbf6__vs__2773adf157_0004c94ca2a8684d47449bb0e7abf87de1df71a7e6543252_redline_f4eef0df39,f4eef0df39,tracking_without_comments,redlines_a100_b10,corpus,/Users/arthrod/temp/T/neurotic_docx_bench/corpus/word/tracking_without_comments/pdf/83799a0610_00bced7d0ce7770362c5b667b5e92abefcbfcf5315a2bbf6__vs__2773adf157_0004c94ca2a8684d47449bb0e7abf87de1df71a7e6543252_redline_f4eef0df39.pdf,324184c38409d54d6a02a065f5ae07d82abdc51873b6726f276f2423a39c1c14,/Users/arthrod/temp/T/neurotic_docx_bench/results/redlines_0929_full/jubarte-0.11.2/pdf_by_word/83799a0610_00bced7d0ce7770362c5b667b5e92abefcbfcf5315a2bbf6__vs__2773adf157_0004c94ca2a8684d47449bb0e7abf87de1df71a7e6543252_redline_f4eef0df39_jubarte-0.11.2.pdf,57a5c0736582bb96a32c0347fb4bebd69f53132fdc5e5dcbae9ae506ddfaa816
060415914f_file_63__vs__58d11506a5_file_64_redline_f51694bde0,f51694bde0,tracking_without_comments,word_based_randomized,corpus,/Users/arthrod/temp/T/neurotic_docx_bench/corpus/word/tracking_without_comments/pdf/060415914f_file_63__vs__58d11506a5_file_64_redline_f51694bde0.pdf,e60edde07a6750d7ea6e48a8aedd825b330ae203ebc752d64e0717fec073d28d,/Users/arthrod/temp/T/neurotic_docx_bench/results/redlines_0929_full/jubarte-0.11.2/pdf_by_word/060415914f_file_63__vs__58d11506a5_file_64_redline_f51694bde0_jubarte-0.11.2.pdf,a6fe7730bc5ded01202c054c450c216ada542d45e05f949962ad2109d27d5a9f
2d9166078a_file_24__vs__cec0607d40_file_25_redline_f5345067bd,f5345067bd,tracking_without_comments,word_based_randomized_0926,corpus,/Users/arthrod/temp/T/neurotic_docx_bench/corpus/word/tracking_without_comments/pdf/2d9166078a_file_24__vs__cec0607d40_file_25_redline_f5345067bd.pdf,c8f829eab1e7646b1dd1b73819ff57e857a7788cfd222927e40db0db4f24a161,/Users/arthrod/temp/T/neurotic_docx_bench/results/redlines_0929_full/jubarte-0.11.2/pdf_by_word/2d9166078a_file_24__vs__cec0607d40_file_25_redline_7a7dde5cc0_jubarte-0.11.2.pdf,1aecb446774355e6087ea252659e814f4c6e788c1e8392bc98dd9c61bdfcf968
1cd4f9ee6c_roboto_font_demo_id_paraid_overflow__vs__6e08e456f6_roboto_underline_demo_id_paraid_overflow_redline_f5e9f6ac8f,f5e9f6ac8f,tracking_without_comments,fixtures_word_compares;pdf_fill_0928,fresh,/Users/arthrod/temp/T/compare_regen/out/f5e9f6ac8f__vs__f5e9f6ac8f.pdf,4528a560a2c0afeccc707fd08d7da2fb899e547c6ca105e3accc9ca22bb7cb7d,/Users/arthrod/temp/T/neurotic_docx_bench/results/redlines_0929_full/jubarte-0.11.2/pdf_by_word/1cd4f9ee6c_roboto_font_demo_id_paraid_overflow__vs__6e08e456f6_roboto_underline_demo_id_paraid_overflow_redline_8f77b9462e_jubarte-0.11.2.pdf,88179eb6da2ab15002ae38de9580755e74817025e75f96f0b3b8732bb125b4bc
3f4801c5c0_project_plan_suggesting_insertions__vs__8cecb6c042_project_proposal_id_paraid_overflow_redline_f641b0ff64,f641b0ff64,tracking_without_comments,nocomments,corpus,/Users/arthrod/temp/T/neurotic_docx_bench/corpus/word/tracking_without_comments/pdf/3f4801c5c0_project_plan_suggesting_insertions__vs__8cecb6c042_project_proposal_id_paraid_overflow_redline_f641b0ff64.pdf,f1b4c445fa6aaa29e52d5a1799cdd2798cd48a75cb7dd1e37a7ff578d9cfc47d,/Users/arthrod/temp/T/neurotic_docx_bench/results/redlines_0929_full/jubarte-0.11.2/pdf_by_word/3f4801c5c0_project_plan_suggesting_insertions__vs__8cecb6c042_project_proposal_id_paraid_overflow_redline_c88669a862_jubarte-0.11.2.pdf,a23eaffe786072225e7174829e2e54471d1fbca0af4429b3bc13f2031b685934
66cedad6f8_font_color_demo_style_default_missing__vs__9af9772ce2_font_family_demo_id_paraid_overflow_redline_f6aa53210c,f6aa53210c,tracking_without_comments,nocomments,corpus,/Users/arthrod/temp/T/neurotic_docx_bench/corpus/word/tracking_without_comments/pdf/66cedad6f8_font_color_demo_style_default_missing__vs__9af9772ce2_font_family_demo_id_paraid_overflow_redline_f6aa53210c.pdf,5177c5b3aba69f63ee3cb368e68d59e6312ec8fb037228ccaa33cbd774f5d728,/Users/arthrod/temp/T/neurotic_docx_bench/results/redlines_0929_full/jubarte-0.11.2/pdf_by_word/66cedad6f8_font_color_demo_style_default_missing__vs__9af9772ce2_font_family_demo_id_paraid_overflow_redline_f6aa53210c_jubarte-0.11.2.pdf,5e1b9be35cbbcf03da57e6028dbf6baddfded0ca3476ca530944cbe20b2ef125
9be7e36de4_00c3fd2d23e8acf016f9b2fb44f4ee84789abc39c820e7ab__vs__deff0e697a_00b5defcad6e58038eac35472a2d48c89905068e5ece0cc3_redline_f6c99c51c2,f6c99c51c2,tracking_without_comments,redlines_a100_b10,corpus,/Users/arthrod/temp/T/neurotic_docx_bench/corpus/word/tracking_without_comments/pdf/9be7e36de4_00c3fd2d23e8acf016f9b2fb44f4ee84789abc39c820e7ab__vs__deff0e697a_00b5defcad6e58038eac35472a2d48c89905068e5ece0cc3_redline_f6c99c51c2.pdf,309c692e7319611763c3536df6fb6204e61d865086b3a2ff1fd799c843009caa,/Users/arthrod/temp/T/neurotic_docx_bench/results/redlines_0929_full/jubarte-0.11.2/pdf_by_word/9be7e36de4_00c3fd2d23e8acf016f9b2fb44f4ee84789abc39c820e7ab__vs__deff0e697a_00b5defcad6e58038eac35472a2d48c89905068e5ece0cc3_redline_f6c99c51c2_jubarte-0.11.2.pdf,7b982ad5353b225bdc0af6e165f1ce21cd88b1e47271eda4bd9b3c125c6d0df8
d16179a60b_c3cb50c9620520f54d70a4f079a12e94bf94f54f507eff8d__vs__1aaca1d5af_ef31e540797c67a78c662cc2e5ecb21bf446e3d696ce26ad_redline_f72cd71154,f72cd71154,with_comments_tracking,redlines_en_500,fresh,/Users/arthrod/temp/T/compare_regen/out/f72cd71154__vs__f72cd71154.pdf,96a079360080c2772d4318e8001547d13278baa803ed17d928b979bfed5b1642,/Users/arthrod/temp/T/neurotic_docx_bench/results/redlines_0929_full/jubarte-0.11.2/pdf_by_word/d16179a60b_c3cb50c9620520f54d70a4f079a12e94bf94f54f507eff8d__vs__1aaca1d5af_ef31e540797c67a78c662cc2e5ecb21bf446e3d696ce26ad_redline_f72cd71154_jubarte-0.11.2.pdf,a3373b8eea45e7a9af96f8bed167c9fbbaf48bcda188e83d1dc370cdea734d9e
92589c3e37_super_editor__pre_separated_list_bd330d28__vs__382497a0a8_super_editor__python_docx_comment_test_501f21cb_redline_f72e40955d,f72e40955d,with_comments_tracking,word_redlines_superdoc_0926,fresh,/Users/arthrod/temp/T/compare_regen/out/f72e40955d__vs__f72e40955d.pdf,b9ff1732206a60d77157d8868957d99c7acded3a57564de1af8fdeabf503ae50,/Users/arthrod/temp/T/neurotic_docx_bench/results/redlines_0929_full/jubarte-0.11.2/pdf_by_word/92589c3e37_super_editor__pre_separated_list_bd330d28__vs__382497a0a8_super_editor__python_docx_comment_test_501f21cb_redline_f70e805c70_jubarte-0.11.2.pdf,db35c4cabdac01c868d7491a550e5eedde3fb7dda2f66ef5e6db153c837e0dbd
fdb2976d19_01415d08f6d1a428e6949533adcd6249cf25676d98d0b78c__vs__bd3824dd1e_000ee64ef7226d353297888f59a251e24ce5d776fea000fa_redline_f78b44f607,f78b44f607,tracking_without_comments,redlines_a100_b10,corpus,/Users/arthrod/temp/T/neurotic_docx_bench/corpus/word/tracking_without_comments/pdf/fdb2976d19_01415d08f6d1a428e6949533adcd6249cf25676d98d0b78c__vs__bd3824dd1e_000ee64ef7226d353297888f59a251e24ce5d776fea000fa_redline_f78b44f607.pdf,9cd785c09733b9eca8f86c3e15b7cad5078b93af062e26b0209089e0ee3021d6,/Users/arthrod/temp/T/neurotic_docx_bench/results/redlines_0929_full/jubarte-0.11.2/pdf_by_word/fdb2976d19_01415d08f6d1a428e6949533adcd6249cf25676d98d0b78c__vs__bd3824dd1e_000ee64ef7226d353297888f59a251e24ce5d776fea000fa_redline_f78b44f607_jubarte-0.11.2.pdf,45d341d63b7e5512926f1bb6693f7609ffefd953dd0e53bce905b2483b49f788
0aa6426932_file_114__vs__ab85c77154_file_115_redline_f7bbf6e831,f7bbf6e831,with_comments_tracking,word_based_randomized,fresh,/Users/arthrod/temp/T/compare_regen/out/f7bbf6e831__vs__f7bbf6e831.pdf,c267cbcc046f122ec6b0c41ba4e829de9a9ca404af2afdfc2be6f88f0f6d4e45,/Users/arthrod/temp/T/neurotic_docx_bench/results/redlines_0929_full/jubarte-0.11.2/pdf_by_word/0aa6426932_file_114__vs__ab85c77154_file_115_redline_f7bbf6e831_jubarte-0.11.2.pdf,b7355c5807dff32849a60ce018d24a93d18b9214abb64699eb38812fba482d1d
0800162a66_000799b53487acb327ccf0c0ab87fb14b9e8636346719296__vs__2e04202552_000e3e7bd2d6215fc7b469cc3e296c1b2a510bc1abc7e0fd_redline_f7ff3d75ec,f7ff3d75ec,tracking_without_comments,redlines_a100_b10,corpus,/Users/arthrod/temp/T/neurotic_docx_bench/corpus/word/tracking_without_comments/pdf/0800162a66_000799b53487acb327ccf0c0ab87fb14b9e8636346719296__vs__2e04202552_000e3e7bd2d6215fc7b469cc3e296c1b2a510bc1abc7e0fd_redline_f7ff3d75ec.pdf,efe9cb9de15232cecdcc49f18a8ba8870b13cb8461f927a827383d78cb56494f,/Users/arthrod/temp/T/neurotic_docx_bench/results/redlines_0929_full/jubarte-0.11.2/pdf_by_word/0800162a66_000799b53487acb327ccf0c0ab87fb14b9e8636346719296__vs__2e04202552_000e3e7bd2d6215fc7b469cc3e296c1b2a510bc1abc7e0fd_redline_f7ff3d75ec_jubarte-0.11.2.pdf,381f9c5603502a468bccc795346f0d7d2d1422fc29865068848e6a76954390f9
0728d64a65_file_182__vs__53de8de92b_file_183_redline_f8204b0629,f8204b0629,tracking_without_comments,word_based_randomized,corpus,/Users/arthrod/temp/T/neurotic_docx_bench/corpus/word/tracking_without_comments/pdf/0728d64a65_file_182__vs__53de8de92b_file_183_redline_f8204b0629.pdf,1449d7400b4cdb5d1ad47b3c4710ccd7f8b4525bfc4e26aadbd69e3f96efb927,/Users/arthrod/temp/T/neurotic_docx_bench/results/redlines_0929_full/jubarte-0.11.2/pdf_by_word/0728d64a65_file_182__vs__53de8de92b_file_183_redline_100e81634b_jubarte-0.11.2.pdf,e445f6480cd9a7476f4a95875785191bb27641a6d87e2696eb133edae2ef260b
df9ffe9a8c_file_16__vs__ec900bd182_file_17_redline_f8286525f6,f8286525f6,tracking_without_comments,nocomments_randomized,corpus,/Users/arthrod/temp/T/neurotic_docx_bench/corpus/word/tracking_without_comments/pdf/df9ffe9a8c_file_16__vs__ec900bd182_file_17_redline_f8286525f6.pdf,06c7f5333e151293e54c19d1f452f3cebbb93d980ff0ba75190e669b3a050add,/Users/arthrod/temp/T/neurotic_docx_bench/results/redlines_0929_full/jubarte-0.11.2/pdf_by_word/df9ffe9a8c_file_16__vs__ec900bd182_file_17_redline_f8286525f6_jubarte-0.11.2.pdf,6d1172ce9e1c5656fc97ebd434bb82e5def8b66bd0f6c3bfd9cfbf61361eee15
b175a00954_file_27__vs__f32428a03a_file_28_redline_f8f8d224f2,f8f8d224f2,with_comments_tracking,word_based_randomized,fresh,/Users/arthrod/temp/T/compare_regen/out/f8f8d224f2__vs__f8f8d224f2.pdf,49ffce07013a524486e09898409dcb6500c857560c405da3e2543739cb4751bc,/Users/arthrod/temp/T/neurotic_docx_bench/results/redlines_0929_full/jubarte-0.11.2/pdf_by_word/b175a00954_file_27__vs__f32428a03a_file_28_redline_0f031c23c3_jubarte-0.11.2.pdf,18acfc0dafe6a2d893398187578b57a8833f01dba521e451852878f3a58a5573
28a7b1d2bd_risk_assessment_product_launch_suggesting_insert__vs__8bf3c89c49_roboto_font_demo_id_paraid_overflow_2_redline_f903446fa2,f903446fa2,tracking_without_comments,nocomments,corpus,/Users/arthrod/temp/T/neurotic_docx_bench/corpus/word/tracking_without_comments/pdf/28a7b1d2bd_risk_assessment_product_launch_suggesting_insert__vs__8bf3c89c49_roboto_font_demo_id_paraid_overflow_2_redline_f903446fa2.pdf,7bb2503f1e9ef8c54f8e1c19da2b7a2071c0fcc33d92d8018622e0a5e37fafd1,/Users/arthrod/temp/T/neurotic_docx_bench/results/redlines_0929_full/jubarte-0.11.2/pdf_by_word/28a7b1d2bd_risk_assessment_product_launch_suggesting_insert__vs__8bf3c89c49_roboto_font_demo_id_paraid_overflow_2_redline_550baacbbe_jubarte-0.11.2.pdf,e3ad5a6af2628daa71997c747eb110eddd130dac609a0fe0cac12c04be78910a
a98d0a8c12_center_alignment_demo_id_paraid_overflow_2__vs__cb340e4c6a_center_alignment_demo_id_paraid_overflow_redline_fa65e6ca11,fa65e6ca11,tracking_without_comments,word_based,corpus,/Users/arthrod/temp/T/neurotic_docx_bench/corpus/word/tracking_without_comments/pdf/a98d0a8c12_center_alignment_demo_id_paraid_overflow_2__vs__cb340e4c6a_center_alignment_demo_id_paraid_overflow_redline_fa65e6ca11.pdf,6c7a8c53deee6c717b3c1a4b6c503cc7d398f5ebff84dd20151b56c9c4ae9df0,/Users/arthrod/temp/T/neurotic_docx_bench/results/redlines_0929_full/jubarte-0.11.2/pdf_by_word/a98d0a8c12_center_alignment_demo_id_paraid_overflow_2__vs__cb340e4c6a_center_alignment_demo_id_paraid_overflow_redline_aab02de072_jubarte-0.11.2.pdf,73728e137d94a43518937bf6ec7b3fbad624642490fcbfd899cf9478ed90c99b
f529133cd5_super_editor__basic_comment_d3ba5f1e__vs__8df6dfa8d7_alternate_content_redline_fa6a3b7380,fa6a3b7380,with_comments_tracking,word_redlines_superdoc,fresh,/Users/arthrod/temp/T/compare_regen/out/fa6a3b7380__vs__fa6a3b7380.pdf,05ac735ef5511a49d659eeff6725e02b77020cbb75362edb5ee551776c071618,/Users/arthrod/temp/T/neurotic_docx_bench/results/redlines_0929_full/jubarte-0.11.2/pdf_by_word/f529133cd5_super_editor__basic_comment_d3ba5f1e__vs__8df6dfa8d7_alternate_content_redline_e8fafc3cba_jubarte-0.11.2.pdf,c9aa6fdeb25299c03bd0dd5ae52cf68fb3a140ec9fb4fb5cf3f713d1117aab46
635dfded4d_red_heading_demo_id_paraid_overflow__vs__3acaee795f_red_strikethrough_demo_style_default_missing_redline_fad67b15df,fad67b15df,tracking_without_comments,word_based,corpus,/Users/arthrod/temp/T/neurotic_docx_bench/corpus/word/tracking_without_comments/pdf/635dfded4d_red_heading_demo_id_paraid_overflow__vs__3acaee795f_red_strikethrough_demo_style_default_missing_redline_fad67b15df.pdf,31a11254ea1acf4e2ce829b37f331c725c0d54882de6bdf73ac064dd2b2128cf,/Users/arthrod/temp/T/neurotic_docx_bench/results/redlines_0929_full/jubarte-0.11.2/pdf_by_word/635dfded4d_red_heading_demo_id_paraid_overflow__vs__3acaee795f_red_strikethrough_demo_style_default_missing_redline_4f5404b0fa_jubarte-0.11.2.pdf,cd9ed39b06a0dec5df8401bf0ad85680865e5df641539821c4416aa743488af3
bcd9885022_3f8904d5c2347b1cbdad3ccab4dd3f55a20578b126932e1c__vs__bcb411e0dd_156c3b3ee6ea007ac5904cd8acba1b196939ed86235a029e_redline_fc700b6af5,fc700b6af5,tracking_without_comments,redlines_en_500,corpus,/Users/arthrod/temp/T/neurotic_docx_bench/corpus/word/tracking_without_comments/pdf/bcd9885022_3f8904d5c2347b1cbdad3ccab4dd3f55a20578b126932e1c__vs__bcb411e0dd_156c3b3ee6ea007ac5904cd8acba1b196939ed86235a029e_redline_fc700b6af5.pdf,63f8da4305a95248c1ffc7f6b24bc19db7e7c143dad707531b44b79e56d38e84,/Users/arthrod/temp/T/neurotic_docx_bench/results/redlines_0929_full/jubarte-0.11.2/pdf_by_word/bcd9885022_3f8904d5c2347b1cbdad3ccab4dd3f55a20578b126932e1c__vs__bcb411e0dd_156c3b3ee6ea007ac5904cd8acba1b196939ed86235a029e_redline_fc700b6af5_jubarte-0.11.2.pdf,44395c4a2541faf03c947ebbde0462d3f1270c7c4a897a75bc96ce9294cd638f
0e6f813e69_00d2ca27359f3d1d5ee2c2904b48a3e4717faf7fdf6413f6__vs__deff0e697a_00b5defcad6e58038eac35472a2d48c89905068e5ece0cc3_redline_fce8ea8032,fce8ea8032,tracking_without_comments,redlines_a100_b10,corpus,/Users/arthrod/temp/T/neurotic_docx_bench/corpus/word/tracking_without_comments/pdf/0e6f813e69_00d2ca27359f3d1d5ee2c2904b48a3e4717faf7fdf6413f6__vs__deff0e697a_00b5defcad6e58038eac35472a2d48c89905068e5ece0cc3_redline_fce8ea8032.pdf,b01e336b3df68de36c88bf1f852fe354c40d6079b498490ac461a942487a046f,/Users/arthrod/temp/T/neurotic_docx_bench/results/redlines_0929_full/jubarte-0.11.2/pdf_by_word/0e6f813e69_00d2ca27359f3d1d5ee2c2904b48a3e4717faf7fdf6413f6__vs__deff0e697a_00b5defcad6e58038eac35472a2d48c89905068e5ece0cc3_redline_fce8ea8032_jubarte-0.11.2.pdf,612eb17ec79152f78b77292cc74f56789147b4c7ed3baeabd59c203be0d6cf4b
f84571f3fc_bold_text_formatting_demo_id_paraid_overflow_2__vs__fdabb735ad_bold_text_formatting_demo_id_paraid_overflow_redline_fd025c2029,fd025c2029,tracking_without_comments,fixtures_word_compares;pdf_fill_0928,fresh,/Users/arthrod/temp/T/compare_regen/out/fd025c2029__vs__fd025c2029.pdf,bad65de0d0f0af2102c8c898e0a0fb173f4399f87150fabf9ae32f6b7c022ae2,/Users/arthrod/temp/T/neurotic_docx_bench/results/redlines_0929_full/jubarte-0.11.2/pdf_by_word/f84571f3fc_bold_text_formatting_demo_id_paraid_overflow_2__vs__fdabb735ad_bold_text_formatting_demo_id_paraid_overflow_redline_031d0f0b06_jubarte-0.11.2.pdf,eb81fc0a2e3878a1d45aa8f1b4746336040473b514afa14dec12213b4b072548
f43f6ef305_002042b8a23533ba746bf4eaf56b5e62642cc111f5f5fcff__vs__bd3824dd1e_000ee64ef7226d353297888f59a251e24ce5d776fea000fa_redline_fd2201fe85,fd2201fe85,tracking_without_comments,redlines_a100_b10,corpus,/Users/arthrod/temp/T/neurotic_docx_bench/corpus/word/tracking_without_comments/pdf/f43f6ef305_002042b8a23533ba746bf4eaf56b5e62642cc111f5f5fcff__vs__bd3824dd1e_000ee64ef7226d353297888f59a251e24ce5d776fea000fa_redline_fd2201fe85.pdf,50c369fe166710972c968bdf09c25deec48976510f5f33437ea7a3b6944e4ca0,/Users/arthrod/temp/T/neurotic_docx_bench/results/redlines_0929_full/jubarte-0.11.2/pdf_by_word/f43f6ef305_002042b8a23533ba746bf4eaf56b5e62642cc111f5f5fcff__vs__bd3824dd1e_000ee64ef7226d353297888f59a251e24ce5d776fea000fa_redline_fd2201fe85_jubarte-0.11.2.pdf,cc9eefc88a1a15d4d0ba6695f0f15eeee0a3504680dd2ca02ab8aad51f3b5329
628ec1cb76_00a9d81709806bc220522f9b062f226e19ba256e436493b1__vs__deff0e697a_00b5defcad6e58038eac35472a2d48c89905068e5ece0cc3_redline_fd7dbb0869,fd7dbb0869,tracking_without_comments,redlines_a100_b10,corpus,/Users/arthrod/temp/T/neurotic_docx_bench/corpus/word/tracking_without_comments/pdf/628ec1cb76_00a9d81709806bc220522f9b062f226e19ba256e436493b1__vs__deff0e697a_00b5defcad6e58038eac35472a2d48c89905068e5ece0cc3_redline_fd7dbb0869.pdf,3bdc0df747e1d5f806b5faee4550dfc7c34b82a9b7f6472df7b691f22a792b13,/Users/arthrod/temp/T/neurotic_docx_bench/results/redlines_0929_full/jubarte-0.11.2/pdf_by_word/628ec1cb76_00a9d81709806bc220522f9b062f226e19ba256e436493b1__vs__deff0e697a_00b5defcad6e58038eac35472a2d48c89905068e5ece0cc3_redline_fd7dbb0869_jubarte-0.11.2.pdf,6096e82cbdd2218f9611f658464747471e4e6f0d2f567afcdde1ebd67b0d3424
af540c50e4_00edeec4b73ab68a9a4e2b0281464f067656d89fc9969ab4__vs__333bfe069a_003416d620331122b93b434dad901db5836f60d2cad4b533_redline_fd9d6be0de,fd9d6be0de,tracking_without_comments,redlines_a100_b10,corpus,/Users/arthrod/temp/T/neurotic_docx_bench/corpus/word/tracking_without_comments/pdf/af540c50e4_00edeec4b73ab68a9a4e2b0281464f067656d89fc9969ab4__vs__333bfe069a_003416d620331122b93b434dad901db5836f60d2cad4b533_redline_fd9d6be0de.pdf,f31db4c7c497e3fbb9ae946ea5d5e64ea5456f8f71ed9e0066b4a2ba04173fef,/Users/arthrod/temp/T/neurotic_docx_bench/results/redlines_0929_full/jubarte-0.11.2/pdf_by_word/af540c50e4_00edeec4b73ab68a9a4e2b0281464f067656d89fc9969ab4__vs__333bfe069a_003416d620331122b93b434dad901db5836f60d2cad4b533_redline_fd9d6be0de_jubarte-0.11.2.pdf,f908310eebdc7e88fb547dacf79cc29dcd3bb43dbfaf895c35f7557f68662645
133bbfae84_right_alignment_demo_id_paraid_overflow_2__vs__572990f05c_right_alignment_demo_id_paraid_overflow_redline_fdd264a203,fdd264a203,tracking_without_comments,word_based_0926,corpus,/Users/arthrod/temp/T/neurotic_docx_bench/corpus/word/tracking_without_comments/pdf/133bbfae84_right_alignment_demo_id_paraid_overflow_2__vs__572990f05c_right_alignment_demo_id_paraid_overflow_redline_fdd264a203.pdf,e8392b1a48e62dd6b816c019abcb89f29a7a3ff516ce34a8dd8efe28809524fc,/Users/arthrod/temp/T/neurotic_docx_bench/results/redlines_0929_full/jubarte-0.11.2/pdf_by_word/133bbfae84_right_alignment_demo_id_paraid_overflow_2__vs__572990f05c_right_alignment_demo_id_paraid_overflow_redline_cad6a08350_jubarte-0.11.2.pdf,b2111861f82d9fdcb0bbcdf5ef59aad8b65348ecdc15360f8731737419bae1f3
75b13139d1_01424129e67ac16566c504bbb091d985cb6316a08abf5730__vs__1424386e9b_017447de83753a0e3b7afc659df038ef56972925336c6a5b_redline_fe1fadd8f9,fe1fadd8f9,tracking_without_comments,redlines_a100_b10,corpus,/Users/arthrod/temp/T/neurotic_docx_bench/corpus/word/tracking_without_comments/pdf/75b13139d1_01424129e67ac16566c504bbb091d985cb6316a08abf5730__vs__1424386e9b_017447de83753a0e3b7afc659df038ef56972925336c6a5b_redline_fe1fadd8f9.pdf,adaf5c7cb2001617952fb7157a004c95ac48da8c08a227d1535bff99fb10c9c4,/Users/arthrod/temp/T/neurotic_docx_bench/results/redlines_0929_full/jubarte-0.11.2/pdf_by_word/75b13139d1_01424129e67ac16566c504bbb091d985cb6316a08abf5730__vs__1424386e9b_017447de83753a0e3b7afc659df038ef56972925336c6a5b_redline_fe1fadd8f9_jubarte-0.11.2.pdf,9e78e997f8e891d719e6f62af2dc842764cabe92c68cec0253e33f605718a35d
b13ad6a30b_08da985c87d92e2aa39245f9771c0f024ba1986d40e19c4d__vs__24cfc33555_89489e767eba60afbffffd971e4fde9913403bfb29003b2b_redline_fea87b305c,fea87b305c,tracking_without_comments,redlines_en_500,corpus,/Users/arthrod/temp/T/neurotic_docx_bench/corpus/word/tracking_without_comments/pdf/b13ad6a30b_08da985c87d92e2aa39245f9771c0f024ba1986d40e19c4d__vs__24cfc33555_89489e767eba60afbffffd971e4fde9913403bfb29003b2b_redline_fea87b305c.pdf,0ed2d1fab179f62d0a4b777199f9b92b09db46af85e557a0a3a4c3bc5e2c1926,/Users/arthrod/temp/T/neurotic_docx_bench/results/redlines_0929_full/jubarte-0.11.2/pdf_by_word/b13ad6a30b_08da985c87d92e2aa39245f9771c0f024ba1986d40e19c4d__vs__24cfc33555_89489e767eba60afbffffd971e4fde9913403bfb29003b2b_redline_fea87b305c_jubarte-0.11.2.pdf,b0292f82b0bc42d4b26e542eeb89ab752751d68f3d86f4dad7c2e995919e32c4
23cdfeee74_0022d9b76a33e7bdcda8d38ec3c898364c578897fb55d462__vs__a5f2b9318d_002aa60c2ae1187417b4b157c5ec6450324cc056ec551a12_redline_fee04c36ab,fee04c36ab,tracking_without_comments,redlines_a100_b10,corpus,/Users/arthrod/temp/T/neurotic_docx_bench/corpus/word/tracking_without_comments/pdf/23cdfeee74_0022d9b76a33e7bdcda8d38ec3c898364c578897fb55d462__vs__a5f2b9318d_002aa60c2ae1187417b4b157c5ec6450324cc056ec551a12_redline_fee04c36ab.pdf,282b390f34ca83774b98172b6f45351e431077e5de88517b58db4fb7a7a00a37,/Users/arthrod/temp/T/neurotic_docx_bench/results/redlines_0929_full/jubarte-0.11.2/pdf_by_word/23cdfeee74_0022d9b76a33e7bdcda8d38ec3c898364c578897fb55d462__vs__a5f2b9318d_002aa60c2ae1187417b4b157c5ec6450324cc056ec551a12_redline_fee04c36ab_jubarte-0.11.2.pdf,748a53f77ae1bc53e2e469df54d0c75890e286cd1e215e07727bbe04db2110c6
b8115d0dab_file_100__vs__c500e0081f_file_101_redline_ff24600d87,ff24600d87,with_comments_tracking,word_based_randomized,fresh,/Users/arthrod/temp/T/compare_regen/out/ff24600d87__vs__ff24600d87.pdf,4e2cccda1c77932291bc81b34cdc2bce960dce66286fd8fe86506ac5e583f26a,/Users/arthrod/temp/T/neurotic_docx_bench/results/redlines_0929_full/jubarte-0.11.2/pdf_by_word/b8115d0dab_file_100__vs__c500e0081f_file_101_redline_ff24600d87_jubarte-0.11.2.pdf,f95dca202ff8b6d2a4ccfc564f4ad413ff4efc7d5a2adb0b7a166b3175d715f9
0ea7414d2c_support_tickets_table__vs__6683d1be44_table_bookmark_end_redline_ff4144939a,ff4144939a,tracking_without_comments,nocomments,corpus,/Users/arthrod/temp/T/neurotic_docx_bench/corpus/word/tracking_without_comments/pdf/0ea7414d2c_support_tickets_table__vs__6683d1be44_table_bookmark_end_redline_ff4144939a.pdf,c8ffe894fdbbc22bf3fdd3804be6b264051a98fd66fc7ae875208b40377a0581,/Users/arthrod/temp/T/neurotic_docx_bench/results/redlines_0929_full/jubarte-0.11.2/pdf_by_word/0ea7414d2c_support_tickets_table__vs__6683d1be44_table_bookmark_end_redline_ff4144939a_jubarte-0.11.2.pdf,840acd69948182894c4ce16303e705a90958fd1a8c42af0b730704195e7883b7
90cef57bac_eigenpal_docx_editor_suggesting_mixed_edits__vs__f644da9aeb_employee_directory_table_2_redline_ff42b4a7a3,ff42b4a7a3,with_comments_tracking,word_based_0926,fresh,/Users/arthrod/temp/T/compare_regen/out/ff42b4a7a3__vs__ff42b4a7a3.pdf,842ac1f1efb0eebeac0e40082497194857248a23b2472f1226442caadc783099,/Users/arthrod/temp/T/neurotic_docx_bench/results/redlines_0929_full/jubarte-0.11.2/pdf_by_word/90cef57bac_eigenpal_docx_editor_suggesting_mixed_edits__vs__f644da9aeb_employee_directory_table_2_redline_b351836b34_jubarte-0.11.2.pdf,5d1beeeb896802fbfb149c7936286a94d305d7834a112145b206e702219d9ef3
193054264a_127a38d92f96a2a732d0f22d6eaad012191ba6d7525d619a__vs__0a3a0c1a32_36c6d281d1ea6bbef531f8c4ac6f8a3089348db8d85da6c6_redline_ff806d3b39,ff806d3b39,tracking_without_comments,redlines_en_500,corpus,/Users/arthrod/temp/T/neurotic_docx_bench/corpus/word/tracking_without_comments/pdf/193054264a_127a38d92f96a2a732d0f22d6eaad012191ba6d7525d619a__vs__0a3a0c1a32_36c6d281d1ea6bbef531f8c4ac6f8a3089348db8d85da6c6_redline_ff806d3b39.pdf,d0c68636b632795f8ef39e20cd7ac1ff4363b25b81ce112216a2210262528918,/Users/arthrod/temp/T/neurotic_docx_bench/results/redlines_0929_full/jubarte-0.11.2/pdf_by_word/193054264a_127a38d92f96a2a732d0f22d6eaad012191ba6d7525d619a__vs__0a3a0c1a32_36c6d281d1ea6bbef531f8c4ac6f8a3089348db8d85da6c6_redline_ff806d3b39_jubarte-0.11.2.pdf,8a4c49a5c6c03dd211fedbd508570ff9aacb08a8d995e01467b13515fa5fdc4a
