=== RUN folio 00:13:45 ===
───────────────────── accepted ground truth → PDF (cached) ─────────────────────
─────────────────────── roundtrip oracle → PDF (cached) ────────────────────────
─────────────────────────── folio  (render=soffice) ────────────────────────────
tool_version: 0.3.1
generate: /usr/bin/time -l -o $RUN_DIR/generate_rusage.txt node --import tsx 
scripts/generate-native-redlines.ts --method=folio --out=$RUN_DIR/docx 
--run-dir=$RUN_DIR --tool=folio
[folio] wrote 205 redline(s) → /Users/arthrod/temp/T/neurotic_docx_bench/runs-compare/folio_2026-07-18_00-13/docx
[folio] 2 pair(s) skipped:
  verdana_italic_centered_demo_id_paraid_overflow_vfdsdfcacawesd_suggesting_mixed_edits [generate]: Failed to parse DOCX: Parsed DOCX produced an invalid document model:
DOCX model error at package.document.comments[3].author: Comment author is empty.
DOCX model error at package.document.comments[4].author: Comment author is empty.
DOCX model error at package.document.comments[5].author: Comment author is empty.
DOCX model error at package.document.comments[6].author: Comment author is empty.
DOCX model error at package.document.comments[7].author: Comment author is empty.
DOCX model error at package.document.comments[8].author: Comment author is empty.
DOCX model error at package.document.comments[9].author: Comment author is empty.
DOCX model error at package.document.comments[10].author: Comment author is empty.
DOCX model error at package.document.comments[11].author: Comment author is empty.
DOCX model error at package.document.comments[12].author: Comment author is empty.
DOCX model error at package.document.comments[13].author: Comment author is empty.
DOCX model error at package.document.comments[14].author: Comment author is empty.
  vfdsdfcacawesd_suggesting_mixed_edits_yellow_highlight_demo_id_paraid_overflow [generate]: Failed to parse DOCX: Parsed DOCX produced an invalid document model:
DOCX model error at package.document.comments[3].author: Comment author is empty.
DOCX model error at package.document.comments[4].author: Comment author is empty.
DOCX model error at package.document.comments[5].author: Comment author is empty.
DOCX model error at package.document.comments[6].author: Comment author is empty.
DOCX model error at package.document.comments[7].author: Comment author is empty.
DOCX model error at package.document.comments[8].author: Comment author is empty.
DOCX model error at package.document.comments[9].author: Comment author is empty.
DOCX model error at package.document.comments[10].author: Comment author is empty.
DOCX model error at package.document.comments[11].author: Comment author is empty.
DOCX model error at package.document.comments[12].author: Comment author is empty.
DOCX model error at package.document.comments[13].author: Comment author is empty.
DOCX model error at package.document.comments[14].author: Comment author is empty.
visual report → runs-compare/folio_2026-07-18_00-13/report.html
accept-compare: accepting tracked changes on the generated redlines
10 accept failure(s)

───────────────────────── benchmark: accepted_changes ──────────────────────────
                            folio  ·  164 documents                             
╭─────────────────────────┬───────────────┬──────────┬─────────────────────────╮
│ document                │       redline │ accepted │                   delta │
├─────────────────────────┼───────────────┼──────────┼─────────────────────────┤
│ 1_5_line_spacing_id_par │         53.52 │    52.79 │                   -0.73 │
│ aid_overflow_24_id_para │               │          │                         │
│ id_overflow             │               │          │                         │
│ 24_id_paraid_overflow_b │         75.69 │    74.35 │                   -1.34 │
│ lue_bold_centered_demo_ │               │          │                         │
│ id_paraid_overflow      │               │          │                         │
│ blue_bold_centered_demo │         47.47 │    49.20 │                   +1.73 │
│ _id_paraid_overflow_blu │               │          │                         │
│ e_centered_title_demo_s │               │          │                         │
│ tyle_default_missing    │               │          │                         │
│ blue_centered_title_dem │         45.39 │    49.46 │                   +4.07 │
│ o_style_default_missing │               │          │                         │
│ _blue_italic_text_demo_ │               │          │                         │
│ id_paraid_overflow      │               │          │                         │
│ blue_italic_text_demo_i │         65.26 │    69.56 │                   +4.30 │
│ d_paraid_overflow_blue_ │               │          │                         │
│ underline_combo_demo_id │               │          │                         │
│ _paraid_overflow        │               │          │                         │
│ blue_underline_combo_de │         66.21 │    58.49 │                   -7.72 │
│ mo_id_paraid_overflow_b │               │          │                         │
│ old_and_italic_combo_st │               │          │                         │
│ yle_default_missing     │               │          │                         │
│ bold_and_italic_combo_s │         70.65 │    71.41 │                   +0.76 │
│ tyle_default_missing_bo │               │          │                         │
│ ld_and_underline_combo_ │               │          │                         │
│ id_paraid_overflow      │               │          │                         │
│ bold_and_underline_comb │         65.12 │    64.99 │                   -0.13 │
│ o_id_paraid_overflow_bo │               │          │                         │
│ ld_italic_combined_demo │               │          │                         │
│ _id_paraid_overflow     │               │          │                         │
│ bold_italic_combined_de │         68.11 │    72.58 │                   +4.47 │
│ mo_id_paraid_overflow_b │               │          │                         │
│ old_italic_underline_de │               │          │                         │
│ mo_id_paraid_overflow   │               │          │                         │
│ bold_italic_underline_d │         67.64 │    70.61 │                   +2.97 │
│ emo_id_paraid_overflow_ │               │          │                         │
│ bold_red_text_combo_id_ │               │          │                         │
│ paraid_overflow         │               │          │                         │
│ bold_red_text_combo_id_ │         67.92 │    56.78 │                  -11.15 │
│ paraid_overflow_bold_su │               │          │                         │
│ perscript_demo_style_de │               │          │                         │
│ fault_missing           │               │          │                         │
│ bold_superscript_demo_s │         57.36 │    57.96 │                   +0.60 │
│ tyle_default_missing_bo │               │          │                         │
│ ld_text_formatting_demo │               │          │                         │
│ _id_paraid_overflow_2   │               │          │                         │
│ bold_text_formatting_de │         79.06 │    79.06 │                    0.00 │
│ mo_id_paraid_overflow_2 │               │          │                         │
│ _bold_text_formatting_d │               │          │                         │
│ emo_id_paraid_overflow  │               │          │                         │
│ bold_text_formatting_de │         63.39 │    65.35 │                   +1.97 │
│ mo_id_paraid_overflow_b │               │          │                         │
│ old_underline_combined_ │               │          │                         │
│ demo_id_paraid_overflow │               │          │                         │
│ bold_underline_combined │         70.05 │    77.20 │                   +7.15 │
│ _demo_id_paraid_overflo │               │          │                         │
│ w_bold_underline_highli │               │          │                         │
│ ght_demo_id_paraid_over │               │          │                         │
│ flow                    │               │          │                         │
│ bold_underline_highligh │         53.29 │    60.10 │                   +6.82 │
│ t_demo_id_paraid_overfl │               │          │                         │
│ ow_book_catalog_id_para │               │          │                         │
│ id_overflow             │               │          │                         │
│ book_catalog_id_paraid_ │         47.10 │    48.11 │                   +1.02 │
│ overflow_book_catalog_t │               │          │                         │
│ able                    │               │          │                         │
│ book_catalog_table_budg │         45.76 │    46.97 │                   +1.21 │
│ et_report_q1_2026_sugge │               │          │                         │
│ sting_insertions        │               │          │                         │
│ budget_report_q1_2026_s │         61.06 │    71.51 │                  +10.45 │
│ uggesting_insertions_bu │               │          │                         │
│ llet_list_bold_demo_id_ │               │          │                         │
│ paraid_overflow         │               │          │                         │
│ bullet_list_bold_demo_i │         57.89 │    62.65 │                   +4.76 │
│ d_paraid_overflow_bulle │               │          │                         │
│ t_list_demo_id_paraid_o │               │          │                         │
│ verflow                 │               │          │                         │
│ bullet_list_demo_id_par │         54.73 │    55.92 │                   +1.19 │
│ aid_overflow_calibri_bo │               │          │                         │
│ ld_italic_demo_id_parai │               │          │                         │
│ d_overflow              │               │          │                         │
│ calibri_bold_italic_dem │         65.60 │    73.99 │                   +8.40 │
│ o_id_paraid_overflow_ca │               │          │                         │
│ libri_font_demo_id_para │               │          │                         │
│ id_overflow_2           │               │          │                         │
│ calibri_font_demo_id_pa │         72.32 │    74.06 │                   +1.74 │
│ raid_overflow_2_calibri │               │          │                         │
│ _font_demo_id_paraid_ov │               │          │                         │
│ erflow                  │               │          │                         │
│ calibri_font_demo_id_pa │         48.85 │    50.93 │                   +2.08 │
│ raid_overflow_calibri_h │               │          │                         │
│ eading_2_right_id_parai │               │          │                         │
│ d_overflow              │               │          │                         │
│ calibri_heading_2_right │         55.79 │    48.84 │                   -6.95 │
│ _id_paraid_overflow_cen │               │          │                         │
│ ter_aligned_bold_text_i │               │          │                         │
│ d_paraid_overflow       │               │          │                         │
│ center_aligned_bold_tex │         56.27 │    61.92 │                   +5.65 │
│ t_id_paraid_overflow_ce │               │          │                         │
│ nter_alignment_demo_id_ │               │          │                         │
│ paraid_overflow_2       │               │          │                         │
│ center_alignment_demo_i │         55.87 │    56.79 │                   +0.91 │
│ d_paraid_overflow_2_cen │               │          │                         │
│ ter_alignment_demo_id_p │               │          │                         │
│ araid_overflow          │               │          │                         │
│ center_alignment_demo_i │         62.39 │    62.22 │                   -0.17 │
│ d_paraid_overflow_cente │               │          │                         │
│ r_bold_demo_id_paraid_o │               │          │                         │
│ verflow                 │               │          │                         │
│ center_bold_demo_id_par │         65.75 │    72.24 │                   +6.49 │
│ aid_overflow_clear_form │               │          │                         │
│ atting_demo_id_paraid_o │               │          │                         │
│ verflow                 │               │          │                         │
│ clear_formatting_demo_i │         53.06 │    49.14 │                   -3.92 │
│ d_paraid_overflow_contr │               │          │                         │
│ act_review_suggesting_i │               │          │                         │
│ nsertions               │               │          │                         │
│ contract_review_suggest │         49.90 │    49.39 │                   -0.52 │
│ ing_insertions_contract │               │          │                         │
│ _review_suggesting_mixe │               │          │                         │
│ d_edits                 │               │          │                         │
│ contract_review_suggest │         62.77 │    66.24 │                   +3.47 │
│ ing_mixed_edits_custome │               │          │                         │
│ r_satisfaction_survey_q │               │          │                         │
│ 4_suggesting_insertions │               │          │                         │
│ customer_satisfaction_s │         48.85 │    49.41 │                   +0.56 │
│ urvey_q4_suggesting_ins │               │          │                         │
│ ertions_document_100_ul │               │          │                         │
│ timate_demo_id_paraid_o │               │          │                         │
│ verflow                 │               │          │                         │
│ document_100_ultimate_d │         37.68 │    35.49 │                   -2.19 │
│ emo_id_paraid_overflow_ │               │          │                         │
│ docx_lots_of_comments_a │               │          │                         │
│ ddition_redline_additio │               │          │                         │
│ n_v_removal             │               │          │                         │
│ docx_lots_of_comments_a │         41.48 │    40.83 │                   -0.65 │
│ ddition_docx_lots_of_co │               │          │                         │
│ mments                  │               │          │                         │
│ docx_lots_of_comments_a │         36.08 │    36.70 │                   +0.62 │
│ ddition_redline_additio │               │          │                         │
│ n_v_removal_docx_lots_o │               │          │                         │
│ f_comments_addition_red │               │          │                         │
│ line                    │               │          │                         │
│ docx_lots_of_comments_a │         52.90 │    54.50 │                   +1.60 │
│ ddition_redline_docx_lo │               │          │                         │
│ ts_of_comments_addition │               │          │                         │
│ _removal_redline_remova │               │          │                         │
│ l_v_addition            │               │          │                         │
│ docx_lots_of_comments_a │         35.67 │    36.70 │                   +1.03 │
│ ddition_removal_docx_lo │               │          │                         │
│ ts_of_comments_addition │               │          │                         │
│ docx_lots_of_comments_a │         38.44 │    51.09 │                  +12.65 │
│ ddition_removal_redline │               │          │                         │
│ _docx_lots_of_comments_ │               │          │                         │
│ addition_removal        │               │          │                         │
│ docx_lots_of_comments_a │         37.46 │    38.20 │                   +0.74 │
│ ddition_removal_redline │               │          │                         │
│ _removal_v_addition_doc │               │          │                         │
│ x_lots_of_comments_addi │               │          │                         │
│ tion_removal_redline    │               │          │                         │
│ docx_lots_of_comments_d │         46.08 │    37.27 │                   -8.81 │
│ ouble_spacing_bold_demo │               │          │                         │
│ _id_paraid_overflow     │               │          │                         │
│ double_spacing_bold_dem │         44.08 │    40.37 │                   -3.70 │
│ o_id_paraid_overflow_ei │               │          │                         │
│ genpal_docx_editor_sugg │               │          │                         │
│ esting_mixed_edits      │               │          │                         │
│ eigenpal_docx_editor_su │         39.58 │    44.68 │                   +5.10 │
│ ggesting_mixed_edits_em │               │          │                         │
│ ployee_directory_table_ │               │          │                         │
│ 2                       │               │          │                         │
│ employee_directory_tabl │         80.37 │    80.77 │                   +0.41 │
│ e_2_employee_directory_ │               │          │                         │
│ table                   │               │          │                         │
│ employee_directory_tabl │         47.16 │    48.01 │                   +0.85 │
│ e_employee_review_john_ │               │          │                         │
│ smith_suggesting_insert │               │          │                         │
│ ions                    │               │          │                         │
│ employee_review_john_sm │         60.59 │    69.89 │                   +9.30 │
│ ith_suggesting_insertio │               │          │                         │
│ ns_font_color_blue_demo │               │          │                         │
│ _style_default_missing  │               │          │                         │
│ font_color_blue_demo_st │         70.23 │    70.02 │                   -0.21 │
│ yle_default_missing_fon │               │          │                         │
│ t_color_demo_style_defa │               │          │                         │
│ ult_missing             │               │          │                         │
│ font_color_demo_style_d │         56.66 │    68.05 │                  +11.39 │
│ efault_missing_font_fam │               │          │                         │
│ ily_demo_id_paraid_over │               │          │                         │
│ flow                    │               │          │                         │
│ font_family_demo_id_par │         53.85 │    60.29 │                   +6.44 │
│ aid_overflow_font_size_ │               │          │                         │
│ 12_demo_id_paraid_overf │               │          │                         │
│ low                     │               │          │                         │
│ font_size_12_demo_id_pa │         49.30 │    51.03 │                   +1.73 │
│ raid_overflow_font_size │               │          │                         │
│ _18_demo_style_default_ │               │          │                         │
│ missing                 │               │          │                         │
│ font_size_18_demo_style │         70.19 │    75.85 │                   +5.66 │
│ _default_missing_font_s │               │          │                         │
│ ize_24_demo_id_paraid_o │               │          │                         │
│ verflow                 │               │          │                         │
│ font_size_24_demo_id_pa │         54.48 │    57.68 │                   +3.20 │
│ raid_overflow_font_size │               │          │                         │
│ _demo_id_paraid_overflo │               │          │                         │
│ w                       │               │          │                         │
│ font_size_demo_id_parai │         66.54 │    51.30 │                  -15.24 │
│ d_overflow_green_bold_t │               │          │                         │
│ ext_demo_id_paraid_over │               │          │                         │
│ flow                    │               │          │                         │
│ green_bold_text_demo_id │         61.60 │    65.54 │                   +3.94 │
│ _paraid_overflow_green_ │               │          │                         │
│ highlight_demo_id_parai │               │          │                         │
│ d_overflow              │               │          │                         │
│ green_highlight_demo_id │         63.14 │    60.78 │                   -2.36 │
│ _paraid_overflow_green_ │               │          │                         │
│ underline_bullet_list_i │               │          │                         │
│ d_paraid_overflow       │               │          │                         │
│ green_underline_bullet_ │         51.48 │    51.09 │                   -0.38 │
│ list_id_paraid_overflow │               │          │                         │
│ _heading_1_bold_demo_id │               │          │                         │
│ _paraid_overflow        │               │          │                         │
│ heading_1_bold_demo_id_ │         51.09 │    54.66 │                   +3.57 │
│ paraid_overflow_heading │               │          │                         │
│ _1_style_demo_id_paraid │               │          │                         │
│ _overflow               │               │          │                         │
│ heading_1_style_demo_id │         53.50 │    58.46 │                   +4.96 │
│ _paraid_overflow_headin │               │          │                         │
│ g_2_center_demo_id_para │               │          │                         │
│ id_overflow             │               │          │                         │
│ heading_2_center_demo_i │         53.09 │    54.88 │                   +1.80 │
│ d_paraid_overflow_headi │               │          │                         │
│ ng_2_style_demo_id_para │               │          │                         │
│ id_overflow             │               │          │                         │
│ heading_2_style_demo_id │         54.02 │    62.43 │                   +8.41 │
│ _paraid_overflow_headin │               │          │                         │
│ g_3_center_italic_id_pa │               │          │                         │
│ raid_overflow           │               │          │                         │
│ heading_3_center_italic │         52.57 │    52.81 │                   +0.24 │
│ _id_paraid_overflow_hea │               │          │                         │
│ ding_3_style_demo_id_pa │               │          │                         │
│ raid_overflow_2         │               │          │                         │
│ heading_3_style_demo_id │         53.95 │    57.65 │                   +3.71 │
│ _paraid_overflow_2_head │               │          │                         │
│ ing_3_style_demo_id_par │               │          │                         │
│ aid_overflow            │               │          │                         │
│ heading_3_style_demo_id │         55.22 │    66.54 │                  +11.32 │
│ _paraid_overflow_headin │               │          │                         │
│ g_4_right_italic_id_par │               │          │                         │
│ aid_overflow            │               │          │                         │
│ heading_4_right_italic_ │         53.50 │    59.50 │                   +6.00 │
│ id_paraid_overflow_head │               │          │                         │
│ ing_4_style_demo_id_par │               │          │                         │
│ aid_overflow_2          │               │          │                         │
│ heading_4_style_demo_id │         56.49 │    60.77 │                   +4.28 │
│ _paraid_overflow_2_head │               │          │                         │
│ ing_4_style_demo_id_par │               │          │                         │
│ aid_overflow            │               │          │                         │
│ heading_4_style_demo_id │         60.19 │    57.68 │                   -2.51 │
│ _paraid_overflow_helvet │               │          │                         │
│ ica_font_demo_style_def │               │          │                         │
│ ault_missing            │               │          │                         │
│ helvetica_font_demo_sty │         51.05 │    48.52 │                   -2.53 │
│ le_default_missing_hr_o │               │          │                         │
│ nboarding_checklist_tab │               │          │                         │
│ le                      │               │          │                         │
│ hr_onboarding_checklist │         38.30 │    36.80 │                   -1.49 │
│ _table_i_am_sharing_mic │               │          │                         │
│ rosoft_word_vs_google_d │               │          │                         │
│ ocs_comprehensive_proof │               │          │                         │
│ _with_you               │               │          │                         │
│ i_am_sharing_microsoft_ │         41.86 │    34.61 │                   -7.25 │
│ word_vs_google_docs_com │               │          │                         │
│ prehensive_proof_with_y │               │          │                         │
│ ou_increase_indent_demo │               │          │                         │
│ _id_paraid_overflow     │               │          │                         │
│ increase_indent_demo_id │         60.98 │    69.51 │                   +8.53 │
│ _paraid_overflow_insert │               │          │                         │
│ _link_demo_id_paraid_ov │               │          │                         │
│ erflow                  │               │          │                         │
│ insert_link_demo_id_par │         49.94 │    47.03 │                   -2.91 │
│ aid_overflow_inventory_ │               │          │                         │
│ list_suggesting_deletio │               │          │                         │
│ ns                      │               │          │                         │
│ inventory_list_suggesti │         49.13 │    50.12 │                   +0.99 │
│ ng_deletions_inventory_ │               │          │                         │
│ list_suggesting_mixed_e │               │          │                         │
│ dits                    │               │          │                         │
│ inventory_list_suggesti │         65.57 │    67.87 │                   +2.30 │
│ ng_mixed_edits_it_secur │               │          │                         │
│ ity_policy_v2_suggestin │               │          │                         │
│ g_insertions            │               │          │                         │
│ it_security_policy_v2_s │         67.21 │    53.57 │                  -13.64 │
│ uggesting_insertions_it │               │          │                         │
│ alic_and_underline_comb │               │          │                         │
│ o_style_default_missing │               │          │                         │
│ italic_and_underline_co │         67.43 │    56.23 │                  -11.20 │
│ mbo_style_default_missi │               │          │                         │
│ ng_italic_subscript_dem │               │          │                         │
│ o_style_default_missing │               │          │                         │
│ italic_subscript_demo_s │         55.20 │    52.88 │                   -2.32 │
│ tyle_default_missing_it │               │          │                         │
│ alic_text_formatting_de │               │          │                         │
│ mo_id_paraid_overflow_2 │               │          │                         │
│ italic_text_formatting_ │         78.60 │    76.32 │                   -2.28 │
│ demo_id_paraid_overflow │               │          │                         │
│ _2_italic_text_formatti │               │          │                         │
│ ng_demo_id_paraid_overf │               │          │                         │
│ low                     │               │          │                         │
│ italic_text_formatting_ │         61.22 │    63.13 │                   +1.91 │
│ demo_id_paraid_overflow │               │          │                         │
│ _italic_underline_combi │               │          │                         │
│ ned_demo_id_paraid_over │               │          │                         │
│ flow                    │               │          │                         │
│ italic_underline_combin │         72.33 │    64.60 │                   -7.73 │
│ ed_demo_id_paraid_overf │               │          │                         │
│ low_justified_underline │               │          │                         │
│ _demo_id_paraid_overflo │               │          │                         │
│ w                       │               │          │                         │
│ justified_underline_dem │         67.99 │    71.51 │                   +3.52 │
│ o_id_paraid_overflow_ju │               │          │                         │
│ stify_alignment_demo_id │               │          │                         │
│ _paraid_overflow_2      │               │          │                         │
│ justify_alignment_demo_ │         67.26 │    63.65 │                   -3.61 │
│ id_paraid_overflow_2_ju │               │          │                         │
│ stify_alignment_demo_id │               │          │                         │
│ _paraid_overflow        │               │          │                         │
│ justify_alignment_demo_ │         53.51 │    54.52 │                   +1.01 │
│ id_paraid_overflow_larg │               │          │                         │
│ e_font_size_demo_id_par │               │          │                         │
│ aid_overflow            │               │          │                         │
│ large_font_size_demo_id │         64.09 │    53.20 │                  -10.89 │
│ _paraid_overflow_left_a │               │          │                         │
│ lignment_demo_id_paraid │               │          │                         │
│ _overflow               │               │          │                         │
│ left_alignment_demo_id_ │         52.44 │    58.42 │                   +5.98 │
│ paraid_overflow_line_sp │               │          │                         │
│ acing_demo_id_paraid_ov │               │          │                         │
│ erflow                  │               │          │                         │
│ line_spacing_demo_id_pa │         56.90 │    59.35 │                   +2.45 │
│ raid_overflow_marketing │               │          │                         │
│ _strategy_2026_suggesti │               │          │                         │
│ ng_insertions           │               │          │                         │
│ marketing_strategy_2026 │         53.45 │    50.65 │                   -2.80 │
│ _suggesting_insertions_ │               │          │                         │
│ meeting_agenda_table_2  │               │          │                         │
│ meeting_agenda_table_2_ │         54.66 │    55.01 │                   +0.35 │
│ meeting_agenda_table    │               │          │                         │
│ meeting_agenda_table_me │         52.82 │    54.81 │                   +1.99 │
│ eting_minutes_id_paraid │               │          │                         │
│ _overflow               │               │          │                         │
│ meeting_minutes_id_para │         85.52 │   100.00 │                  +14.48 │
│ id_overflow_meeting_min │               │          │                         │
│ utes_suggesting_inserti │               │          │                         │
│ ons                     │               │          │                         │
│ meeting_minutes_suggest │         55.93 │    63.04 │                   +7.10 │
│ ing_insertions_numbered │               │          │                         │
│ _list_demo_id_paraid_ov │               │          │                         │
│ erflow                  │               │          │                         │
│ numbered_list_demo_id_p │         58.08 │    61.35 │                   +3.27 │
│ araid_overflow_numbered │               │          │                         │
│ _list_italic_demo_id_pa │               │          │                         │
│ raid_overflow           │               │          │                         │
│ numbered_list_italic_de │         52.72 │    58.51 │                   +5.79 │
│ mo_id_paraid_overflow_o │               │          │                         │
│ pen_sans_bold_underline │               │          │                         │
│ _id_paraid_overflow     │               │          │                         │
│ open_sans_bold_underlin │         69.67 │    69.07 │                   -0.61 │
│ e_id_paraid_overflow_op │               │          │                         │
│ en_sans_font_demo_id_pa │               │          │                         │
│ raid_overflow_2         │               │          │                         │
│ open_sans_font_demo_id_ │         74.76 │    76.54 │                   +1.77 │
│ paraid_overflow_2_open_ │               │          │                         │
│ sans_font_demo_id_parai │               │          │                         │
│ d_overflow              │               │          │                         │
│ open_sans_font_demo_id_ │         63.45 │    67.33 │                   +3.88 │
│ paraid_overflow_product │               │          │                         │
│ _roadmap_2026_suggestin │               │          │                         │
│ g_insertions            │               │          │                         │
│ product_roadmap_2026_su │         58.75 │    66.04 │                   +7.29 │
│ ggesting_insertions_pro │               │          │                         │
│ ject_plan_suggesting_in │               │          │                         │
│ sertions                │               │          │                         │
│ project_plan_suggesting │         60.34 │    67.44 │                   +7.10 │
│ _insertions_project_pro │               │          │                         │
│ posal_id_paraid_overflo │               │          │                         │
│ w                       │               │          │                         │
│ project_proposal_id_par │         95.45 │   100.00 │                   +4.55 │
│ aid_overflow_project_pr │               │          │                         │
│ oposal_suggesting_inser │               │          │                         │
│ tions                   │               │          │                         │
│ project_proposal_sugges │         51.88 │    60.02 │                   +8.14 │
│ ting_insertions_project │               │          │                         │
│ _tasks_suggesting_inser │               │          │                         │
│ tions_2                 │               │          │                         │
│ project_tasks_suggestin │         45.79 │    47.61 │                   +1.83 │
│ g_insertions_2_project_ │               │          │                         │
│ tasks_suggesting_insert │               │          │                         │
│ ions                    │               │          │                         │
│ project_tasks_suggestin │         52.18 │    54.90 │                   +2.72 │
│ g_insertions_q1_sales_s │               │          │                         │
│ ummary_table_2          │               │          │                         │
│ q1_sales_summary_table_ │         69.99 │    70.34 │                   +0.35 │
│ 2_q1_sales_summary_tabl │               │          │                         │
│ e                       │               │          │                         │
│ q1_sales_summary_table_ │         54.16 │    55.04 │                   +0.88 │
│ quarterly_performance_r │               │          │                         │
│ eport_table_2           │               │          │                         │
│ quarterly_performance_r │         45.15 │    46.33 │                   +1.18 │
│ eport_table_2_quarterly │               │          │                         │
│ _performance_report_tab │               │          │                         │
│ le                      │               │          │                         │
│ quarterly_performance_r │         44.94 │    45.05 │                   +0.11 │
│ eport_table_red_bold_he │               │          │                         │
│ ading_demo_style_defaul │               │          │                         │
│ t_missing               │               │          │                         │
│ red_bold_heading_demo_s │         64.24 │    49.44 │                  -14.80 │
│ tyle_default_missing_re │               │          │                         │
│ d_bold_text_demo_id_par │               │          │                         │
│ aid_overflow            │               │          │                         │
│ red_bold_text_demo_id_p │         50.40 │    52.51 │                   +2.10 │
│ araid_overflow_red_head │               │          │                         │
│ ing_demo_id_paraid_over │               │          │                         │
│ flow                    │               │          │                         │
│ red_heading_demo_id_par │         60.31 │    48.01 │                  -12.30 │
│ aid_overflow_red_strike │               │          │                         │
│ through_demo_style_defa │               │          │                         │
│ ult_missing             │               │          │                         │
│ red_strikethrough_demo_ │         66.41 │    75.08 │                   +8.67 │
│ style_default_missing_r │               │          │                         │
│ ight_align_bold_demo_id │               │          │                         │
│ _paraid_overflow        │               │          │                         │
│ right_align_bold_demo_i │         59.05 │    50.67 │                   -8.38 │
│ d_paraid_overflow_right │               │          │                         │
│ _aligned_italic_demo_id │               │          │                         │
│ _paraid_overflow        │               │          │                         │
│ right_aligned_italic_de │         53.75 │    59.15 │                   +5.39 │
│ mo_id_paraid_overflow_r │               │          │                         │
│ ight_alignment_demo_id_ │               │          │                         │
│ paraid_overflow_2       │               │          │                         │
│ right_alignment_demo_id │         47.55 │    48.37 │                   +0.81 │
│ _paraid_overflow_2_righ │               │          │                         │
│ t_alignment_demo_id_par │               │          │                         │
│ aid_overflow            │               │          │                         │
│ right_alignment_demo_id │         49.01 │    49.89 │                   +0.88 │
│ _paraid_overflow_risk_a │               │          │                         │
│ ssessment_product_launc │               │          │                         │
│ h_suggesting_insertions │               │          │                         │
│ risk_assessment_product │         63.67 │    63.42 │                   -0.25 │
│ _launch_suggesting_inse │               │          │                         │
│ rtions_roboto_font_demo │               │          │                         │
│ _id_paraid_overflow_2   │               │          │                         │
│ roboto_font_demo_id_par │         70.48 │    75.08 │                   +4.60 │
│ aid_overflow_2_roboto_f │               │          │                         │
│ ont_demo_id_paraid_over │               │          │                         │
│ flow                    │               │          │                         │
│ roboto_font_demo_id_par │         63.30 │    67.39 │                   +4.09 │
│ aid_overflow_roboto_und │               │          │                         │
│ erline_demo_id_paraid_o │               │          │                         │
│ verflow                 │               │          │                         │
│ roboto_underline_demo_i │         60.51 │    63.75 │                   +3.23 │
│ d_paraid_overflow_sales │               │          │                         │
│ _report_january_2026_su │               │          │                         │
│ ggesting_insertions     │               │          │                         │
│ sales_report_january_20 │         41.79 │    38.33 │                   -3.46 │
│ 26_suggesting_insertion │               │          │                         │
│ s_sample_document_after │               │          │                         │
│ word_repaired_word_repa │               │          │                         │
│ ired                    │               │          │                         │
│ sample_document_afterwo │         68.84 │    89.29 │                  +20.45 │
│ rd_repaired_word_repair │               │          │                         │
│ ed_sample_document_real │               │          │                         │
│ ly_repaired_word_repair │               │          │                         │
│ ed                      │               │          │                         │
│ sample_document_really_ │         61.27 │    70.34 │                   +9.07 │
│ repaired_word_repaired_ │               │          │                         │
│ sample_document_word_re │               │          │                         │
│ pair_of_our_output_iter │               │          │                         │
│ 2_word_repaired         │               │          │                         │
│ sample_document_word_re │         63.08 │    79.71 │                  +16.64 │
│ pair_of_our_output_iter │               │          │                         │
│ 2_word_repaired_sample_ │               │          │                         │
│ document_word_repair_of │               │          │                         │
│ _our_output_word_repair │               │          │                         │
│ ed                      │               │          │                         │
│ sample_document_word_re │         40.96 │    46.78 │                   +5.82 │
│ pair_of_our_output_word │               │          │                         │
│ _repaired_small_font_si │               │          │                         │
│ ze_demo_id_paraid_overf │               │          │                         │
│ low                     │               │          │                         │
│ small_font_size_demo_id │         47.09 │    49.01 │                   +1.92 │
│ _paraid_overflow_strike │               │          │                         │
│ through_and_italic_comb │               │          │                         │
│ o_id_paraid_overflow    │               │          │                         │
│ strikethrough_and_itali │         66.84 │    72.65 │                   +5.80 │
│ c_combo_id_paraid_overf │               │          │                         │
│ low_strikethrough_bold_ │               │          │                         │
│ demo_id_paraid_overflow │               │          │                         │
│ strikethrough_bold_demo │         73.02 │    67.73 │                   -5.29 │
│ _id_paraid_overflow_str │               │          │                         │
│ ikethrough_text_demo_id │               │          │                         │
│ _paraid_overflow        │               │          │                         │
│ strikethrough_text_demo │         68.57 │    72.60 │                   +4.03 │
│ _id_paraid_overflow_str │               │          │                         │
│ ikethrough_text_formatt │               │          │                         │
│ ing_demo_id_paraid_over │               │          │                         │
│ flow                    │               │          │                         │
│ strikethrough_text_form │         59.89 │    48.88 │                  -11.01 │
│ atting_demo_id_paraid_o │               │          │                         │
│ verflow_subscript_demo_ │               │          │                         │
│ id_paraid_overflow      │               │          │                         │
│ subscript_demo_id_parai │         60.54 │    66.46 │                   +5.93 │
│ d_overflow_subscript_de │               │          │                         │
│ mo_style_default_missin │               │          │                         │
│ g                       │               │          │                         │
│ subscript_demo_style_de │         48.70 │    51.17 │                   +2.46 │
│ fault_missing_subtitle_ │               │          │                         │
│ style_demo_id_paraid_ov │               │          │                         │
│ erflow                  │               │          │                         │
│ subtitle_style_demo_id_ │         48.93 │    50.24 │                   +1.31 │
│ paraid_overflow_subtitl │               │          │                         │
│ e_style_demo_style_defa │               │          │                         │
│ ult_missing             │               │          │                         │
│ subtitle_style_demo_sty │         49.25 │    49.39 │                   +0.15 │
│ le_default_missing_supe │               │          │                         │
│ rscript_demo_id_paraid_ │               │          │                         │
│ overflow_2              │               │          │                         │
│ superscript_demo_id_par │         64.87 │    67.43 │                   +2.56 │
│ aid_overflow_2_superscr │               │          │                         │
│ ipt_demo_id_paraid_over │               │          │                         │
│ flow                    │               │          │                         │
│ superscript_demo_id_par │         61.93 │    56.41 │                   -5.52 │
│ aid_overflow_superscrip │               │          │                         │
│ t_demo_style_default_mi │               │          │                         │
│ ssing                   │               │          │                         │
│ superscript_demo_style_ │         48.70 │    47.82 │                   -0.88 │
│ default_missing_support │               │          │                         │
│ _tickets_table          │               │          │                         │
│ support_tickets_summary │         58.18 │    63.96 │                   +5.78 │
│ _id_paraid_overflow_tex │               │          │                         │
│ t_highlight_demo_style_ │               │          │                         │
│ default_missing         │               │          │                         │
│ support_tickets_table_s │         49.18 │    50.17 │                   +0.99 │
│ upport_tickets_summary_ │               │          │                         │
│ id_paraid_overflow      │               │          │                         │
│ text_highlight_demo_sty │         58.84 │    56.95 │                   -1.89 │
│ le_default_missing_time │               │          │                         │
│ s_new_roman_bold_id_par │               │          │                         │
│ aid_overflow            │               │          │                         │
│ times_new_roman_bold_id │         67.67 │    73.21 │                   +5.54 │
│ _paraid_overflow_times_ │               │          │                         │
│ new_roman_font_id_parai │               │          │                         │
│ d_overflow              │               │          │                         │
│ times_new_roman_font_id │         47.22 │    49.13 │                   +1.91 │
│ _paraid_overflow_title_ │               │          │                         │
│ style_centered_demo_id_ │               │          │                         │
│ paraid_overflow         │               │          │                         │
│ title_style_centered_de │         53.36 │    47.70 │                   -5.67 │
│ mo_id_paraid_overflow_t │               │          │                         │
│ itle_style_demo_id_para │               │          │                         │
│ id_overflow             │               │          │                         │
│ title_style_demo_id_par │         48.79 │    51.03 │                   +2.24 │
│ aid_overflow_title_styl │               │          │                         │
│ e_demo_style_default_mi │               │          │                         │
│ ssing                   │               │          │                         │
│ title_style_demo_style_ │         45.92 │    48.87 │                   +2.95 │
│ default_missing_track_c │               │          │                         │
│ hanges_editing_bullet_i │               │          │                         │
│ d_paraid_overflow       │               │          │                         │
│ track_changes_editing_b │         60.46 │    73.87 │                  +13.41 │
│ ullet_id_paraid_overflo │               │          │                         │
│ w_track_changes_editing │               │          │                         │
│ _strikethrough_id_parai │               │          │                         │
│ d_overflow              │               │          │                         │
│ track_changes_editing_s │         58.50 │    74.09 │                  +15.58 │
│ trikethrough_id_paraid_ │               │          │                         │
│ overflow_track_changes_ │               │          │                         │
│ suggesting_bold_id_para │               │          │                         │
│ id_overflow             │               │          │                         │
│ track_changes_suggestin │         60.15 │    74.93 │                  +14.78 │
│ g_bold_id_paraid_overfl │               │          │                         │
│ ow_track_changes_sugges │               │          │                         │
│ ting_calibri_id_paraid_ │               │          │                         │
│ overflow                │               │          │                         │
│ track_changes_suggestin │         64.95 │    70.09 │                   +5.14 │
│ g_calibri_id_paraid_ove │               │          │                         │
│ rflow_track_changes_sug │               │          │                         │
│ gesting_center_id_parai │               │          │                         │
│ d_overflow              │               │          │                         │
│ track_changes_suggestin │         50.34 │    50.45 │                   +0.11 │
│ g_center_id_paraid_over │               │          │                         │
│ flow_track_changes_sugg │               │          │                         │
│ esting_heading_id_parai │               │          │                         │
│ d_overflow              │               │          │                         │
│ track_changes_suggestin │         64.07 │    49.79 │                  -14.28 │
│ g_heading_id_paraid_ove │               │          │                         │
│ rflow_track_changes_sug │               │          │                         │
│ gesting_italic_id_parai │               │          │                         │
│ d_overflow              │               │          │                         │
│ track_changes_suggestin │         44.75 │    46.15 │                   +1.40 │
│ g_italic_id_paraid_over │               │          │                         │
│ flow_track_changes_sugg │               │          │                         │
│ esting_title_id_paraid_ │               │          │                         │
│ overflow                │               │          │                         │
│ track_changes_suggestin │         41.23 │    45.07 │                   +3.84 │
│ g_title_id_paraid_overf │               │          │                         │
│ low_training_materials_ │               │          │                         │
│ onboarding_program_sugg │               │          │                         │
│ esting_insertions       │               │          │                         │
│ training_materials_onbo │         64.47 │    69.04 │                   +4.57 │
│ arding_program_suggesti │               │          │                         │
│ ng_insertions_underline │               │          │                         │
│ _text_demo_id_paraid_ov │               │          │                         │
│ erflow                  │               │          │                         │
│ underline_text_demo_id_ │         65.77 │    67.70 │                   +1.93 │
│ paraid_overflow_underli │               │          │                         │
│ ne_text_formatting_demo │               │          │                         │
│ _style_default_missing  │               │          │                         │
│ underline_text_formatti │         47.81 │    49.80 │                   +1.99 │
│ ng_demo_style_default_m │               │          │                         │
│ issing_verdana_bold_lar │               │          │                         │
│ ge_font_id_paraid_overf │               │          │                         │
│ low                     │               │          │                         │
│ verdana_bold_large_font │         68.84 │    49.86 │                  -18.98 │
│ _id_paraid_overflow_ver │               │          │                         │
│ dana_font_demo_id_parai │               │          │                         │
│ d_overflow              │               │          │                         │
│ verdana_font_demo_id_pa │         56.52 │    67.94 │                  +11.42 │
│ raid_overflow_verdana_i │               │          │                         │
│ talic_centered_demo_id_ │               │          │                         │
│ paraid_overflow         │               │          │                         │
│ verdana_italic_centered │         36.37 │    33.95 │                   -2.42 │
│ _demo_id_paraid_overflo │               │          │                         │
│ w_word_clean_strict01   │               │          │                         │
│ word_clean_strict01_wor │         39.44 │    38.54 │                   -0.90 │
│ d_tolerated_broken_medi │               │          │                         │
│ a_rel                   │               │          │                         │
│ word_tolerated_broken_m │         44.79 │    48.60 │                   +3.82 │
│ edia_rel_word_tolerated │               │          │                         │
│ _duplicate_ppr          │               │          │                         │
│ word_tolerated_duplicat │         50.06 │    48.42 │                   -1.64 │
│ e_ppr_word_tolerated_mi │               │          │                         │
│ splaced_link            │               │          │                         │
│ word_tolerated_misplace │         44.67 │    40.05 │                   -4.63 │
│ d_link_word_tolerated_m │               │          │                         │
│ isplaced_pgsz           │               │          │                         │
│ word_tolerated_misplace │         42.75 │    40.19 │                   -2.56 │
│ d_pgsz_word_tolerated_m │               │          │                         │
│ isplaced_uipriority     │               │          │                         │
│ word_tolerated_misplace │         41.69 │    42.09 │                   +0.39 │
│ d_uipriority_word_toler │               │          │                         │
│ ated_orphan_comment     │               │          │                         │
│ word_tolerated_orphan_c │         58.79 │    57.45 │                   -1.34 │
│ omment_yellow_highlight │               │          │                         │
│ _demo_id_paraid_overflo │               │          │                         │
│ w                       │               │          │                         │
│ yellow_highlight_demo_i │         65.54 │    74.41 │                   +8.87 │
│ d_paraid_overflow_yello │               │          │                         │
│ w_highlight_italic_demo │               │          │                         │
│ _style_default_missing  │               │          │                         │
├─────────────────────────┼───────────────┼──────────┼─────────────────────────┤
│ I_am_sharing_Microsoft_ │ accept failed │          │ "There is no item named │
│ Word_vs_Google_Docs_Com │               │          │ 'docProps/thumbnail.jp… │
│ prehensive_Proof_with_y │               │          │         in the archive" │
│ ou_increase_indent_demo │               │          │                         │
│ _id_paraid_overflow_fol │               │          │                         │
│ io_redline.docx         │               │          │                         │
│ alternate_content_ancho │ accept failed │          │ "There is no item named │
│ r_images_folio_redline. │               │          │ 'docProps/thumbnail.jp… │
│ docx                    │               │          │         in the archive" │
│ multi_section_nested_ta │ accept failed │          │ "There is no item named │
│ ble_rowspan_folio_redli │               │          │ 'docProps/thumbnail.jp… │
│ ne.docx                 │               │          │         in the archive" │
│ ole_object_ooxml_style_ │ accept failed │          │     "no relationship of │
│ link_folio_redline.docx │               │          │                    type │
│                         │               │          │ 'http://schemas.openxm… │
│                         │               │          │          in collection" │
│ ooxml_style_link_open_s │ accept failed │          │ "There is no item named │
│ ans_bold_underline_id_p │               │          │ 'docProps/thumbnail.jp… │
│ araid_overflow_folio_re │               │          │         in the archive" │
│ dline.docx              │               │          │                         │
│ page_numbering_examples │ accept failed │          │ "There is no item named │
│ _potpourritest_folio_re │               │          │ 'docProps/thumbnail.jp… │
│ dline.docx              │               │          │         in the archive" │
│ strict01_sdt_controls_S │ accept failed │          │     "no relationship of │
│ trict01_folio_redline.d │               │          │                    type │
│ ocx                     │               │          │ 'http://schemas.openxm… │
│                         │               │          │          in collection" │
│ strict01_strikethrough_ │ accept failed │          │     "no relationship of │
│ and_italic_combo_id_par │               │          │                    type │
│ aid_overflow_folio_redl │               │          │ 'http://schemas.openxm… │
│ ine.docx                │               │          │          in collection" │
│ word_clean_strict01_wor │ accept failed │          │     "no relationship of │
│ d_tolerated_broken_medi │               │          │                    type │
│ a_rel_folio_redline.doc │               │          │ 'http://schemas.openxm… │
│ x                       │               │          │          in collection" │
│ word_tolerated_misplace │ accept failed │          │ "There is no item named │
│ d_link_word_tolerated_m │               │          │ 'docProps/thumbnail.jp… │
│ isplaced_pgsz_folio_red │               │          │         in the archive" │
│ line.docx               │               │          │                         │
╰─────────────────────────┴───────────────┴──────────┴─────────────────────────╯
 redline  mean 56.85 · median 56.10    accepted  mean 58.37 · median 57.20    n 
                                      164                                       
accepted report → runs-compare/folio_2026-07-18_00-13/accepted_report.md
roundtrip: scoring folio roundtrip fidelity (out/roundtrip/folio)

───────────────────────────── benchmark: roundtrip ─────────────────────────────
                            folio  ·  164 documents                             
╭─────────────────────────────────────────────────────────────────────┬────────╮
│ document                                                            │  score │
├─────────────────────────────────────────────────────────────────────┼────────┤
│ 1_5_line_spacing_id_paraid_overflow_24_id_paraid_overflow_word_redl │ 100.00 │
│ ine_accepted                                                        │        │
│ 24_id_paraid_overflow_alternate_content_word_redline_accepted       │ 100.00 │
│ alternate_content_anchor_images_word_redline_accepted               │ 100.00 │
│ blue_bold_centered_demo_id_paraid_overflow_blue_centered_title_demo │ 100.00 │
│ _style_default_missing_word_redline_accepted                        │        │
│ blue_centered_title_demo_style_default_missing_blue_italic_text_dem │ 100.00 │
│ o_id_paraid_overflow_word_redline_accepted                          │        │
│ blue_italic_text_demo_id_paraid_overflow_blue_underline_combo_demo_ │ 100.00 │
│ id_paraid_overflow_word_redline_accepted                            │        │
│ blue_underline_combo_demo_id_paraid_overflow_bold_and_italic_combo_ │ 100.00 │
│ style_default_missing_word_redline_accepted                         │        │
│ bold_and_italic_combo_style_default_missing_bold_and_underline_comb │ 100.00 │
│ o_id_paraid_overflow_word_redline_accepted                          │        │
│ bold_and_underline_combo_id_paraid_overflow_bold_italic_combined_de │ 100.00 │
│ mo_id_paraid_overflow_word_redline_accepted                         │        │
│ bold_italic_combined_demo_id_paraid_overflow_bold_italic_underline_ │ 100.00 │
│ demo_id_paraid_overflow_word_redline_accepted                       │        │
│ bold_italic_underline_demo_id_paraid_overflow_bold_red_text_combo_i │ 100.00 │
│ d_paraid_overflow_word_redline_accepted                             │        │
│ bold_red_text_combo_id_paraid_overflow_bold_superscript_demo_style_ │ 100.00 │
│ default_missing_word_redline_accepted                               │        │
│ bold_superscript_demo_style_default_missing_bold_text_formatting_de │ 100.00 │
│ mo_id_paraid_overflow_2_word_redline_accepted                       │        │
│ bold_text_formatting_demo_id_paraid_overflow_2_bold_text_formatting │ 100.00 │
│ _demo_id_paraid_overflow_word_redline_accepted                      │        │
│ bold_text_formatting_demo_id_paraid_overflow_bold_underline_combine │ 100.00 │
│ d_demo_id_paraid_overflow_word_redline_accepted                     │        │
│ bold_underline_combined_demo_id_paraid_overflow_bold_underline_high │ 100.00 │
│ light_demo_id_paraid_overflow_word_redline_accepted                 │        │
│ bold_underline_highlight_demo_id_paraid_overflow_book_catalog_id_pa │ 100.00 │
│ raid_overflow_word_redline_accepted                                 │        │
│ book_catalog_id_paraid_overflow_book_catalog_table_word_redline_acc │ 100.00 │
│ epted                                                               │        │
│ book_catalog_table_budget_report_q1_2026_suggesting_insertions_word │ 100.00 │
│ _redline_accepted                                                   │        │
│ budget_report_q1_2026_suggesting_insertions_bullet_list_bold_demo_i │ 100.00 │
│ d_paraid_overflow_word_redline_accepted                             │        │
│ bullet_list_bold_demo_id_paraid_overflow_bullet_list_demo_id_paraid │ 100.00 │
│ _overflow_word_redline_accepted                                     │        │
│ bullet_list_demo_id_paraid_overflow_calibri_bold_italic_demo_id_par │ 100.00 │
│ aid_overflow_word_redline_accepted                                  │        │
│ calibri_bold_italic_demo_id_paraid_overflow_calibri_font_demo_id_pa │ 100.00 │
│ raid_overflow_2_word_redline_accepted                               │        │
│ calibri_font_demo_id_paraid_overflow_2_calibri_font_demo_id_paraid_ │ 100.00 │
│ overflow_word_redline_accepted                                      │        │
│ calibri_font_demo_id_paraid_overflow_calibri_heading_2_right_id_par │ 100.00 │
│ aid_overflow_word_redline_accepted                                  │        │
│ calibri_heading_2_right_id_paraid_overflow_center_aligned_bold_text │ 100.00 │
│ _id_paraid_overflow_word_redline_accepted                           │        │
│ center_aligned_bold_text_id_paraid_overflow_center_alignment_demo_i │ 100.00 │
│ d_paraid_overflow_2_word_redline_accepted                           │        │
│ center_alignment_demo_id_paraid_overflow_2_center_alignment_demo_id │ 100.00 │
│ _paraid_overflow_word_redline_accepted                              │        │
│ center_alignment_demo_id_paraid_overflow_center_bold_demo_id_paraid │ 100.00 │
│ _overflow_word_redline_accepted                                     │        │
│ center_bold_demo_id_paraid_overflow_clear_formatting_demo_id_paraid │ 100.00 │
│ _overflow_word_redline_accepted                                     │        │
│ clear_formatting_demo_id_paraid_overflow_comments_word_redline_acce │ 100.00 │
│ pted                                                                │        │
│ comments_complex_style_attr_word_redline_accepted                   │ 100.00 │
│ complex_style_attr_contract_review_suggesting_insertions_word_redli │ 100.00 │
│ ne_accepted                                                         │        │
│ contract_review_suggesting_insertions_contract_review_suggesting_mi │ 100.00 │
│ xed_edits_word_redline_accepted                                     │        │
│ contract_review_suggesting_mixed_edits_customer_satisfaction_survey │ 100.00 │
│ _q4_suggesting_insertions_word_redline_accepted                     │        │
│ customer_satisfaction_survey_q4_suggesting_insertions_document_100_ │ 100.00 │
│ ultimate_demo_id_paraid_overflow_word_redline_accepted              │        │
│ document_100_ultimate_demo_id_paraid_overflow_double_spacing_bold_d │ 100.00 │
│ emo_id_paraid_overflow_word_redline_accepted                        │        │
│ employee_directory_table_2_employee_directory_table_word_redline_ac │ 100.00 │
│ cepted                                                              │        │
│ employee_directory_table_employee_review_john_smith_suggesting_inse │ 100.00 │
│ rtions_word_redline_accepted                                        │        │
│ font_color_blue_demo_style_default_missing_font_color_demo_style_de │ 100.00 │
│ fault_missing_word_redline_accepted                                 │        │
│ font_color_demo_style_default_missing_font_family_demo_id_paraid_ov │ 100.00 │
│ erflow_word_redline_accepted                                        │        │
│ font_family_demo_id_paraid_overflow_font_size_12_demo_id_paraid_ove │ 100.00 │
│ rflow_word_redline_accepted                                         │        │
│ font_size_12_demo_id_paraid_overflow_font_size_18_demo_style_defaul │ 100.00 │
│ t_missing_word_redline_accepted                                     │        │
│ font_size_18_demo_style_default_missing_font_size_24_demo_id_paraid │ 100.00 │
│ _overflow_word_redline_accepted                                     │        │
│ font_size_24_demo_id_paraid_overflow_font_size_demo_id_paraid_overf │ 100.00 │
│ low_word_redline_accepted                                           │        │
│ font_size_demo_id_paraid_overflow_footnotes_sample_word_redline_acc │ 100.00 │
│ epted                                                               │        │
│ footnotes_sample_gdocs_comments_export_word_redline_accepted        │ 100.00 │
│ gdocs_comments_export_green_bold_text_demo_id_paraid_overflow_word_ │ 100.00 │
│ redline_accepted                                                    │        │
│ green_bold_text_demo_id_paraid_overflow_green_highlight_demo_id_par │ 100.00 │
│ aid_overflow_word_redline_accepted                                  │        │
│ green_highlight_demo_id_paraid_overflow_green_underline_bullet_list │ 100.00 │
│ _id_paraid_overflow_word_redline_accepted                           │        │
│ green_underline_bullet_list_id_paraid_overflow_header_no_rels_word_ │ 100.00 │
│ redline_accepted                                                    │        │
│ header_no_rels_heading_1_bold_demo_id_paraid_overflow_word_redline_ │ 100.00 │
│ accepted                                                            │        │
│ heading_1_bold_demo_id_paraid_overflow_heading_1_style_demo_id_para │ 100.00 │
│ id_overflow_word_redline_accepted                                   │        │
│ heading_1_style_demo_id_paraid_overflow_heading_2_center_demo_id_pa │ 100.00 │
│ raid_overflow_word_redline_accepted                                 │        │
│ heading_2_center_demo_id_paraid_overflow_heading_2_style_demo_id_pa │ 100.00 │
│ raid_overflow_word_redline_accepted                                 │        │
│ heading_2_style_demo_id_paraid_overflow_heading_3_center_italic_id_ │ 100.00 │
│ paraid_overflow_word_redline_accepted                               │        │
│ heading_3_center_italic_id_paraid_overflow_heading_3_style_demo_id_ │ 100.00 │
│ paraid_overflow_2_word_redline_accepted                             │        │
│ heading_3_style_demo_id_paraid_overflow_2_heading_3_style_demo_id_p │ 100.00 │
│ araid_overflow_word_redline_accepted                                │        │
│ heading_3_style_demo_id_paraid_overflow_heading_4_right_italic_id_p │ 100.00 │
│ araid_overflow_word_redline_accepted                                │        │
│ heading_4_right_italic_id_paraid_overflow_heading_4_style_demo_id_p │ 100.00 │
│ araid_overflow_2_word_redline_accepted                              │        │
│ heading_4_style_demo_id_paraid_overflow_2_heading_4_style_demo_id_p │ 100.00 │
│ araid_overflow_word_redline_accepted                                │        │
│ heading_4_style_demo_id_paraid_overflow_helvetica_font_demo_style_d │ 100.00 │
│ efault_missing_word_redline_accepted                                │        │
│ helvetica_font_demo_style_default_missing_hr_onboarding_checklist_t │ 100.00 │
│ able_word_redline_accepted                                          │        │
│ insert_link_demo_id_paraid_overflow_inventory_list_suggesting_delet │ 100.00 │
│ ions_word_redline_accepted                                          │        │
│ inventory_list_suggesting_deletions_inventory_list_suggesting_mixed │ 100.00 │
│ _edits_word_redline_accepted                                        │        │
│ inventory_list_suggesting_mixed_edits_it_security_policy_v2_suggest │ 100.00 │
│ ing_insertions_word_redline_accepted                                │        │
│ it_security_policy_v2_suggesting_insertions_italic_and_underline_co │ 100.00 │
│ mbo_style_default_missing_word_redline_accepted                     │        │
│ italic_and_underline_combo_style_default_missing_italic_subscript_d │ 100.00 │
│ emo_style_default_missing_word_redline_accepted                     │        │
│ italic_subscript_demo_style_default_missing_italic_text_formatting_ │ 100.00 │
│ demo_id_paraid_overflow_2_word_redline_accepted                     │        │
│ italic_text_formatting_demo_id_paraid_overflow_2_italic_text_format │ 100.00 │
│ ting_demo_id_paraid_overflow_word_redline_accepted                  │        │
│ italic_text_formatting_demo_id_paraid_overflow_italic_underline_com │ 100.00 │
│ bined_demo_id_paraid_overflow_word_redline_accepted                 │        │
│ italic_underline_combined_demo_id_paraid_overflow_justified_underli │ 100.00 │
│ ne_demo_id_paraid_overflow_word_redline_accepted                    │        │
│ justified_underline_demo_id_paraid_overflow_justify_alignment_demo_ │ 100.00 │
│ id_paraid_overflow_2_word_redline_accepted                          │        │
│ justify_alignment_demo_id_paraid_overflow_2_justify_alignment_demo_ │ 100.00 │
│ id_paraid_overflow_word_redline_accepted                            │        │
│ justify_alignment_demo_id_paraid_overflow_large_font_size_demo_id_p │ 100.00 │
│ araid_overflow_word_redline_accepted                                │        │
│ large_font_size_demo_id_paraid_overflow_left_alignment_demo_id_para │ 100.00 │
│ id_overflow_word_redline_accepted                                   │        │
│ left_alignment_demo_id_paraid_overflow_line_spacing_demo_id_paraid_ │ 100.00 │
│ overflow_word_redline_accepted                                      │        │
│ line_spacing_demo_id_paraid_overflow_marketing_strategy_2026_sugges │ 100.00 │
│ ting_insertions_word_redline_accepted                               │        │
│ mcdoc_meeting_agenda_table_2_word_redline_accepted                  │ 100.00 │
│ meeting_agenda_table_2_meeting_agenda_table_word_redline_accepted   │ 100.00 │
│ meeting_agenda_table_meeting_minutes_id_paraid_overflow_word_redlin │ 100.00 │
│ e_accepted                                                          │        │
│ meeting_minutes_id_paraid_overflow_meeting_minutes_suggesting_inser │ 100.00 │
│ tions_word_redline_accepted                                         │        │
│ meeting_minutes_suggesting_insertions_multi_section_word_redline_ac │ 100.00 │
│ cepted                                                              │        │
│ multi_section_nested_table_rowspan_word_redline_accepted            │ 100.00 │
│ nested_table_rowspan_numbered_list_demo_id_paraid_overflow_word_red │ 100.00 │
│ line_accepted                                                       │        │
│ numbered_list_demo_id_paraid_overflow_numbered_list_italic_demo_id_ │ 100.00 │
│ paraid_overflow_word_redline_accepted                               │        │
│ numbered_list_italic_demo_id_paraid_overflow_numwords_fldsimple_wor │ 100.00 │
│ d_redline_accepted                                                  │        │
│ numwords_fldsimple_ole_object_word_redline_accepted                 │  99.75 │
│ ole_object_ooxml_style_link_word_redline_accepted                   │ 100.00 │
│ ooxml_style_link_open_sans_bold_underline_id_paraid_overflow_word_r │ 100.00 │
│ edline_accepted                                                     │        │
│ open_sans_bold_underline_id_paraid_overflow_open_sans_font_demo_id_ │ 100.00 │
│ paraid_overflow_2_word_redline_accepted                             │        │
│ open_sans_font_demo_id_paraid_overflow_2_open_sans_font_demo_id_par │ 100.00 │
│ aid_overflow_word_redline_accepted                                  │        │
│ open_sans_font_demo_id_paraid_overflow_page_numbering_examples_word │ 100.00 │
│ _redline_accepted                                                   │        │
│ page_numbering_examples_potpourritest_word_redline_accepted         │  83.91 │
│ potpourritest_product_roadmap_2026_suggesting_insertions_word_redli │  76.32 │
│ ne_accepted                                                         │        │
│ product_roadmap_2026_suggesting_insertions_project_plan_suggesting_ │ 100.00 │
│ insertions_word_redline_accepted                                    │        │
│ project_plan_suggesting_insertions_project_proposal_id_paraid_overf │ 100.00 │
│ low_word_redline_accepted                                           │        │
│ project_proposal_id_paraid_overflow_project_proposal_suggesting_ins │ 100.00 │
│ ertions_word_redline_accepted                                       │        │
│ project_proposal_suggesting_insertions_project_tasks_suggesting_ins │ 100.00 │
│ ertions_2_word_redline_accepted                                     │        │
│ project_tasks_suggesting_insertions_2_project_tasks_suggesting_inse │ 100.00 │
│ rtions_word_redline_accepted                                        │        │
│ project_tasks_suggesting_insertions_q1_sales_summary_table_2_word_r │ 100.00 │
│ edline_accepted                                                     │        │
│ q1_sales_summary_table_2_q1_sales_summary_table_word_redline_accept │ 100.00 │
│ ed                                                                  │        │
│ q1_sales_summary_table_quarterly_performance_report_table_2_word_re │ 100.00 │
│ dline_accepted                                                      │        │
│ quarterly_performance_report_table_2_quarterly_performance_report_t │ 100.00 │
│ able_word_redline_accepted                                          │        │
│ quarterly_performance_report_table_red_bold_heading_demo_style_defa │ 100.00 │
│ ult_missing_word_redline_accepted                                   │        │
│ red_bold_heading_demo_style_default_missing_red_bold_text_demo_id_p │ 100.00 │
│ araid_overflow_word_redline_accepted                                │        │
│ red_bold_text_demo_id_paraid_overflow_red_heading_demo_id_paraid_ov │ 100.00 │
│ erflow_word_redline_accepted                                        │        │
│ red_heading_demo_id_paraid_overflow_red_strikethrough_demo_style_de │ 100.00 │
│ fault_missing_word_redline_accepted                                 │        │
│ red_strikethrough_demo_style_default_missing_redline_cicerodo_v_pla │ 100.00 │
│ te_30_word_redline_accepted                                         │        │
│ redline_cicerodo_v_plate_30_right_align_bold_demo_id_paraid_overflo │ 100.00 │
│ w_word_redline_accepted                                             │        │
│ right_align_bold_demo_id_paraid_overflow_right_aligned_italic_demo_ │ 100.00 │
│ id_paraid_overflow_word_redline_accepted                            │        │
│ right_aligned_italic_demo_id_paraid_overflow_right_alignment_demo_i │ 100.00 │
│ d_paraid_overflow_2_word_redline_accepted                           │        │
│ right_alignment_demo_id_paraid_overflow_2_right_alignment_demo_id_p │ 100.00 │
│ araid_overflow_word_redline_accepted                                │        │
│ right_alignment_demo_id_paraid_overflow_risk_assessment_product_lau │ 100.00 │
│ nch_suggesting_insertions_word_redline_accepted                     │        │
│ risk_assessment_product_launch_suggesting_insertions_roboto_font_de │ 100.00 │
│ mo_id_paraid_overflow_2_word_redline_accepted                       │        │
│ roboto_font_demo_id_paraid_overflow_2_roboto_font_demo_id_paraid_ov │ 100.00 │
│ erflow_word_redline_accepted                                        │        │
│ roboto_font_demo_id_paraid_overflow_roboto_underline_demo_id_paraid │ 100.00 │
│ _overflow_word_redline_accepted                                     │        │
│ roboto_underline_demo_id_paraid_overflow_sales_report_january_2026_ │ 100.00 │
│ suggesting_insertions_word_redline_accepted                         │        │
│ sales_report_january_2026_suggesting_insertions_sample_document_aft │ 100.00 │
│ erword_repaired_word_repaired_word_redline_accepted                 │        │
│ sample_document_word_repair_of_our_output_iter2_word_repaired_sampl │ 100.00 │
│ e_document_word_repair_of_our_output_word_repaired_word_redline_acc │        │
│ epted                                                               │        │
│ sample_document_word_repair_of_our_output_word_repaired_sd_2517_loc │ 100.00 │
│ alized_heading_styles_word_redline_accepted                         │        │
│ sd_2517_localized_heading_styles_sectpr_headerref_word_redline_acce │ 100.00 │
│ pted                                                                │        │
│ sectpr_headerref_single_paragraph_word_redline_accepted             │ 100.00 │
│ single_paragraph_small_font_size_demo_id_paraid_overflow_word_redli │ 100.00 │
│ ne_accepted                                                         │        │
│ small_font_size_demo_id_paraid_overflow_strict01_sdt_controls_word_ │  99.78 │
│ redline_accepted                                                    │        │
│ strict01_sdt_controls_strict01_word_redline_accepted                │  99.79 │
│ strict01_strikethrough_and_italic_combo_id_paraid_overflow_word_red │ 100.00 │
│ line_accepted                                                       │        │
│ strikethrough_and_italic_combo_id_paraid_overflow_strikethrough_bol │ 100.00 │
│ d_demo_id_paraid_overflow_word_redline_accepted                     │        │
│ strikethrough_bold_demo_id_paraid_overflow_strikethrough_text_demo_ │ 100.00 │
│ id_paraid_overflow_word_redline_accepted                            │        │
│ strikethrough_text_demo_id_paraid_overflow_strikethrough_text_forma │ 100.00 │
│ tting_demo_id_paraid_overflow_word_redline_accepted                 │        │
│ strikethrough_text_formatting_demo_id_paraid_overflow_subscript_dem │ 100.00 │
│ o_id_paraid_overflow_word_redline_accepted                          │        │
│ subscript_demo_id_paraid_overflow_subscript_demo_style_default_miss │ 100.00 │
│ ing_word_redline_accepted                                           │        │
│ subscript_demo_style_default_missing_subtitle_style_demo_id_paraid_ │ 100.00 │
│ overflow_word_redline_accepted                                      │        │
│ subtitle_style_demo_id_paraid_overflow_subtitle_style_demo_style_de │ 100.00 │
│ fault_missing_word_redline_accepted                                 │        │
│ subtitle_style_demo_style_default_missing_superscript_demo_id_parai │ 100.00 │
│ d_overflow_2_word_redline_accepted                                  │        │
│ superscript_demo_id_paraid_overflow_2_superscript_demo_id_paraid_ov │ 100.00 │
│ erflow_word_redline_accepted                                        │        │
│ superscript_demo_id_paraid_overflow_superscript_demo_style_default_ │ 100.00 │
│ missing_word_redline_accepted                                       │        │
│ superscript_demo_style_default_missing_support_tickets_summary_id_p │ 100.00 │
│ araid_overflow_word_redline_accepted                                │        │
│ support_tickets_summary_id_paraid_overflow_support_tickets_table_wo │ 100.00 │
│ rd_redline_accepted                                                 │        │
│ support_tickets_table_table_bookmark_end_word_redline_accepted      │ 100.00 │
│ table_bookmark_end_table_vmerge_colspan_word_redline_accepted       │ 100.00 │
│ table_vmerge_colspan_text_box_word_redline_accepted                 │ 100.00 │
│ text_box_text_highlight_demo_style_default_missing_word_redline_acc │ 100.00 │
│ epted                                                               │        │
│ text_highlight_demo_style_default_missing_tiff_image_word_redline_a │ 100.00 │
│ ccepted                                                             │        │
│ tiff_image_times_new_roman_bold_id_paraid_overflow_word_redline_acc │ 100.00 │
│ epted                                                               │        │
│ times_new_roman_bold_id_paraid_overflow_times_new_roman_font_id_par │ 100.00 │
│ aid_overflow_word_redline_accepted                                  │        │
│ times_new_roman_font_id_paraid_overflow_title_style_centered_demo_i │ 100.00 │
│ d_paraid_overflow_word_redline_accepted                             │        │
│ title_style_centered_demo_id_paraid_overflow_title_style_demo_id_pa │ 100.00 │
│ raid_overflow_word_redline_accepted                                 │        │
│ title_style_demo_id_paraid_overflow_title_style_demo_style_default_ │ 100.00 │
│ missing_word_redline_accepted                                       │        │
│ title_style_demo_style_default_missing_track_changes_editing_bullet │ 100.00 │
│ _id_paraid_overflow_word_redline_accepted                           │        │
│ track_changes_editing_bullet_id_paraid_overflow_track_changes_editi │ 100.00 │
│ ng_strikethrough_id_paraid_overflow_word_redline_accepted           │        │
│ track_changes_editing_strikethrough_id_paraid_overflow_track_change │ 100.00 │
│ s_suggesting_bold_id_paraid_overflow_word_redline_accepted          │        │
│ track_changes_suggesting_bold_id_paraid_overflow_track_changes_sugg │ 100.00 │
│ esting_calibri_id_paraid_overflow_word_redline_accepted             │        │
│ track_changes_suggesting_calibri_id_paraid_overflow_track_changes_s │ 100.00 │
│ uggesting_center_id_paraid_overflow_word_redline_accepted           │        │
│ track_changes_suggesting_center_id_paraid_overflow_track_changes_su │ 100.00 │
│ ggesting_heading_id_paraid_overflow_word_redline_accepted           │        │
│ track_changes_suggesting_heading_id_paraid_overflow_track_changes_s │ 100.00 │
│ uggesting_italic_id_paraid_overflow_word_redline_accepted           │        │
│ track_changes_suggesting_italic_id_paraid_overflow_track_changes_su │ 100.00 │
│ ggesting_title_id_paraid_overflow_word_redline_accepted             │        │
│ track_changes_suggesting_title_id_paraid_overflow_training_material │ 100.00 │
│ s_onboarding_program_suggesting_insertions_word_redline_accepted    │        │
│ training_materials_onboarding_program_suggesting_insertions_underli │ 100.00 │
│ ne_text_demo_id_paraid_overflow_word_redline_accepted               │        │
│ underline_text_demo_id_paraid_overflow_underline_text_formatting_de │ 100.00 │
│ mo_style_default_missing_word_redline_accepted                      │        │
│ verdana_bold_large_font_id_paraid_overflow_verdana_font_demo_id_par │ 100.00 │
│ aid_overflow_2_word_redline_accepted                                │        │
│ verdana_font_demo_id_paraid_overflow_2_verdana_font_demo_id_paraid_ │ 100.00 │
│ overflow_word_redline_accepted                                      │        │
│ verdana_font_demo_id_paraid_overflow_verdana_italic_centered_demo_i │ 100.00 │
│ d_paraid_overflow_word_redline_accepted                             │        │
│ yellow_highlight_demo_id_paraid_overflow_yellow_highlight_italic_de │ 100.00 │
│ mo_style_default_missing_word_redline_accepted                      │        │
╰─────────────────────────────────────────────────────────────────────┴────────╯
          mean 99.75 · median 100.00 · min 76.32 · max 100.00 · n 164           
roundtrip report → runs-compare/folio_2026-07-18_00-13/roundtrip_report.json
page-count mismatch on 13 doc(s) (scored on the shared pages only): 
document_100_ultimate_demo_id_paraid_overflow_docx_lots_of_comments_addition_red
line_addition_v_removal (oracle 11 vs candidate 12); 
docx_lots_of_comments_addition_redline_addition_v_removal_docx_lots_of_comments_
addition_redline (oracle 11 vs candidate 12); 
docx_lots_of_comments_addition_removal_docx_lots_of_comments_addition (oracle 11
vs candidate 12); 
docx_lots_of_comments_addition_removal_redline_docx_lots_of_comments_addition_re
moval (oracle 12 vs candidate 11); 
docx_lots_of_comments_addition_removal_redline_removal_v_addition_docx_lots_of_c
omments_addition_removal_redline (oracle 11 vs candidate 12) …

────────────────────────── benchmark: script_redlines ──────────────────────────
                            folio  ·  164 documents                             
╭──────────────────────────────────────────────────────────────────────┬───────╮
│ document                                                             │ score │
├──────────────────────────────────────────────────────────────────────┼───────┤
│ 1_5_line_spacing_id_paraid_overflow_24_id_paraid_overflow            │ 53.52 │
│ 24_id_paraid_overflow_blue_bold_centered_demo_id_paraid_overflow     │ 75.69 │
│ blue_bold_centered_demo_id_paraid_overflow_blue_centered_title_demo_ │ 47.47 │
│ style_default_missing                                                │       │
│ blue_centered_title_demo_style_default_missing_blue_italic_text_demo │ 45.39 │
│ _id_paraid_overflow                                                  │       │
│ blue_italic_text_demo_id_paraid_overflow_blue_underline_combo_demo_i │ 65.26 │
│ d_paraid_overflow                                                    │       │
│ blue_underline_combo_demo_id_paraid_overflow_bold_and_italic_combo_s │ 66.21 │
│ tyle_default_missing                                                 │       │
│ bold_and_italic_combo_style_default_missing_bold_and_underline_combo │ 70.65 │
│ _id_paraid_overflow                                                  │       │
│ bold_and_underline_combo_id_paraid_overflow_bold_italic_combined_dem │ 65.12 │
│ o_id_paraid_overflow                                                 │       │
│ bold_italic_combined_demo_id_paraid_overflow_bold_italic_underline_d │ 68.11 │
│ emo_id_paraid_overflow                                               │       │
│ bold_italic_underline_demo_id_paraid_overflow_bold_red_text_combo_id │ 67.64 │
│ _paraid_overflow                                                     │       │
│ bold_red_text_combo_id_paraid_overflow_bold_superscript_demo_style_d │ 67.92 │
│ efault_missing                                                       │       │
│ bold_superscript_demo_style_default_missing_bold_text_formatting_dem │ 57.36 │
│ o_id_paraid_overflow_2                                               │       │
│ bold_text_formatting_demo_id_paraid_overflow_2_bold_text_formatting_ │ 79.06 │
│ demo_id_paraid_overflow                                              │       │
│ bold_text_formatting_demo_id_paraid_overflow_bold_underline_combined │ 63.39 │
│ _demo_id_paraid_overflow                                             │       │
│ bold_underline_combined_demo_id_paraid_overflow_bold_underline_highl │ 70.05 │
│ ight_demo_id_paraid_overflow                                         │       │
│ bold_underline_highlight_demo_id_paraid_overflow_book_catalog_id_par │ 53.29 │
│ aid_overflow                                                         │       │
│ book_catalog_id_paraid_overflow_book_catalog_table                   │ 47.10 │
│ book_catalog_table_budget_report_q1_2026_suggesting_insertions       │ 45.76 │
│ budget_report_q1_2026_suggesting_insertions_bullet_list_bold_demo_id │ 61.06 │
│ _paraid_overflow                                                     │       │
│ bullet_list_bold_demo_id_paraid_overflow_bullet_list_demo_id_paraid_ │ 57.89 │
│ overflow                                                             │       │
│ bullet_list_demo_id_paraid_overflow_calibri_bold_italic_demo_id_para │ 54.73 │
│ id_overflow                                                          │       │
│ calibri_bold_italic_demo_id_paraid_overflow_calibri_font_demo_id_par │ 65.60 │
│ aid_overflow_2                                                       │       │
│ calibri_font_demo_id_paraid_overflow_2_calibri_font_demo_id_paraid_o │ 72.32 │
│ verflow                                                              │       │
│ calibri_font_demo_id_paraid_overflow_calibri_heading_2_right_id_para │ 48.85 │
│ id_overflow                                                          │       │
│ calibri_heading_2_right_id_paraid_overflow_center_aligned_bold_text_ │ 55.79 │
│ id_paraid_overflow                                                   │       │
│ center_aligned_bold_text_id_paraid_overflow_center_alignment_demo_id │ 56.27 │
│ _paraid_overflow_2                                                   │       │
│ center_alignment_demo_id_paraid_overflow_2_center_alignment_demo_id_ │ 55.87 │
│ paraid_overflow                                                      │       │
│ center_alignment_demo_id_paraid_overflow_center_bold_demo_id_paraid_ │ 62.39 │
│ overflow                                                             │       │
│ center_bold_demo_id_paraid_overflow_clear_formatting_demo_id_paraid_ │ 65.75 │
│ overflow                                                             │       │
│ clear_formatting_demo_id_paraid_overflow_contract_review_suggesting_ │ 53.06 │
│ insertions                                                           │       │
│ contract_review_suggesting_insertions_contract_review_suggesting_mix │ 49.90 │
│ ed_edits                                                             │       │
│ contract_review_suggesting_mixed_edits_customer_satisfaction_survey_ │ 62.77 │
│ q4_suggesting_insertions                                             │       │
│ customer_satisfaction_survey_q4_suggesting_insertions_document_100_u │ 48.85 │
│ ltimate_demo_id_paraid_overflow                                      │       │
│ document_100_ultimate_demo_id_paraid_overflow_docx_lots_of_comments_ │ 37.68 │
│ addition_redline_addition_v_removal                                  │       │
│ docx_lots_of_comments_addition_docx_lots_of_comments                 │ 41.48 │
│ docx_lots_of_comments_addition_redline_addition_v_removal_docx_lots_ │ 36.08 │
│ of_comments_addition_redline                                         │       │
│ docx_lots_of_comments_addition_redline_docx_lots_of_comments_additio │ 52.90 │
│ n_removal_redline_removal_v_addition                                 │       │
│ docx_lots_of_comments_addition_removal_docx_lots_of_comments_additio │ 35.67 │
│ n                                                                    │       │
│ docx_lots_of_comments_addition_removal_redline_docx_lots_of_comments │ 38.44 │
│ _addition_removal                                                    │       │
│ docx_lots_of_comments_addition_removal_redline_removal_v_addition_do │ 37.46 │
│ cx_lots_of_comments_addition_removal_redline                         │       │
│ docx_lots_of_comments_double_spacing_bold_demo_id_paraid_overflow    │ 46.08 │
│ double_spacing_bold_demo_id_paraid_overflow_eigenpal_docx_editor_sug │ 44.08 │
│ gesting_mixed_edits                                                  │       │
│ eigenpal_docx_editor_suggesting_mixed_edits_employee_directory_table │ 39.58 │
│ _2                                                                   │       │
│ employee_directory_table_2_employee_directory_table                  │ 80.37 │
│ employee_directory_table_employee_review_john_smith_suggesting_inser │ 47.16 │
│ tions                                                                │       │
│ employee_review_john_smith_suggesting_insertions_font_color_blue_dem │ 60.59 │
│ o_style_default_missing                                              │       │
│ font_color_blue_demo_style_default_missing_font_color_demo_style_def │ 70.23 │
│ ault_missing                                                         │       │
│ font_color_demo_style_default_missing_font_family_demo_id_paraid_ove │ 56.66 │
│ rflow                                                                │       │
│ font_family_demo_id_paraid_overflow_font_size_12_demo_id_paraid_over │ 53.85 │
│ flow                                                                 │       │
│ font_size_12_demo_id_paraid_overflow_font_size_18_demo_style_default │ 49.30 │
│ _missing                                                             │       │
│ font_size_18_demo_style_default_missing_font_size_24_demo_id_paraid_ │ 70.19 │
│ overflow                                                             │       │
│ font_size_24_demo_id_paraid_overflow_font_size_demo_id_paraid_overfl │ 54.48 │
│ ow                                                                   │       │
│ font_size_demo_id_paraid_overflow_green_bold_text_demo_id_paraid_ove │ 66.54 │
│ rflow                                                                │       │
│ green_bold_text_demo_id_paraid_overflow_green_highlight_demo_id_para │ 61.60 │
│ id_overflow                                                          │       │
│ green_highlight_demo_id_paraid_overflow_green_underline_bullet_list_ │ 63.14 │
│ id_paraid_overflow                                                   │       │
│ green_underline_bullet_list_id_paraid_overflow_heading_1_bold_demo_i │ 51.48 │
│ d_paraid_overflow                                                    │       │
│ heading_1_bold_demo_id_paraid_overflow_heading_1_style_demo_id_parai │ 51.09 │
│ d_overflow                                                           │       │
│ heading_1_style_demo_id_paraid_overflow_heading_2_center_demo_id_par │ 53.50 │
│ aid_overflow                                                         │       │
│ heading_2_center_demo_id_paraid_overflow_heading_2_style_demo_id_par │ 53.09 │
│ aid_overflow                                                         │       │
│ heading_2_style_demo_id_paraid_overflow_heading_3_center_italic_id_p │ 54.02 │
│ araid_overflow                                                       │       │
│ heading_3_center_italic_id_paraid_overflow_heading_3_style_demo_id_p │ 52.57 │
│ araid_overflow_2                                                     │       │
│ heading_3_style_demo_id_paraid_overflow_2_heading_3_style_demo_id_pa │ 53.95 │
│ raid_overflow                                                        │       │
│ heading_3_style_demo_id_paraid_overflow_heading_4_right_italic_id_pa │ 55.22 │
│ raid_overflow                                                        │       │
│ heading_4_right_italic_id_paraid_overflow_heading_4_style_demo_id_pa │ 53.50 │
│ raid_overflow_2                                                      │       │
│ heading_4_style_demo_id_paraid_overflow_2_heading_4_style_demo_id_pa │ 56.49 │
│ raid_overflow                                                        │       │
│ heading_4_style_demo_id_paraid_overflow_helvetica_font_demo_style_de │ 60.19 │
│ fault_missing                                                        │       │
│ helvetica_font_demo_style_default_missing_hr_onboarding_checklist_ta │ 51.05 │
│ ble                                                                  │       │
│ hr_onboarding_checklist_table_i_am_sharing_microsoft_word_vs_google_ │ 38.30 │
│ docs_comprehensive_proof_with_you                                    │       │
│ i_am_sharing_microsoft_word_vs_google_docs_comprehensive_proof_with_ │ 41.86 │
│ you_increase_indent_demo_id_paraid_overflow                          │       │
│ increase_indent_demo_id_paraid_overflow_insert_link_demo_id_paraid_o │ 60.98 │
│ verflow                                                              │       │
│ insert_link_demo_id_paraid_overflow_inventory_list_suggesting_deleti │ 49.94 │
│ ons                                                                  │       │
│ inventory_list_suggesting_deletions_inventory_list_suggesting_mixed_ │ 49.13 │
│ edits                                                                │       │
│ inventory_list_suggesting_mixed_edits_it_security_policy_v2_suggesti │ 65.57 │
│ ng_insertions                                                        │       │
│ it_security_policy_v2_suggesting_insertions_italic_and_underline_com │ 67.21 │
│ bo_style_default_missing                                             │       │
│ italic_and_underline_combo_style_default_missing_italic_subscript_de │ 67.43 │
│ mo_style_default_missing                                             │       │
│ italic_subscript_demo_style_default_missing_italic_text_formatting_d │ 55.20 │
│ emo_id_paraid_overflow_2                                             │       │
│ italic_text_formatting_demo_id_paraid_overflow_2_italic_text_formatt │ 78.60 │
│ ing_demo_id_paraid_overflow                                          │       │
│ italic_text_formatting_demo_id_paraid_overflow_italic_underline_comb │ 61.22 │
│ ined_demo_id_paraid_overflow                                         │       │
│ italic_underline_combined_demo_id_paraid_overflow_justified_underlin │ 72.33 │
│ e_demo_id_paraid_overflow                                            │       │
│ justified_underline_demo_id_paraid_overflow_justify_alignment_demo_i │ 67.99 │
│ d_paraid_overflow_2                                                  │       │
│ justify_alignment_demo_id_paraid_overflow_2_justify_alignment_demo_i │ 67.26 │
│ d_paraid_overflow                                                    │       │
│ justify_alignment_demo_id_paraid_overflow_large_font_size_demo_id_pa │ 53.51 │
│ raid_overflow                                                        │       │
│ large_font_size_demo_id_paraid_overflow_left_alignment_demo_id_parai │ 64.09 │
│ d_overflow                                                           │       │
│ left_alignment_demo_id_paraid_overflow_line_spacing_demo_id_paraid_o │ 52.44 │
│ verflow                                                              │       │
│ line_spacing_demo_id_paraid_overflow_marketing_strategy_2026_suggest │ 56.90 │
│ ing_insertions                                                       │       │
│ marketing_strategy_2026_suggesting_insertions_meeting_agenda_table_2 │ 53.45 │
│ meeting_agenda_table_2_meeting_agenda_table                          │ 54.66 │
│ meeting_agenda_table_meeting_minutes_id_paraid_overflow              │ 52.82 │
│ meeting_minutes_id_paraid_overflow_meeting_minutes_suggesting_insert │ 85.52 │
│ ions                                                                 │       │
│ meeting_minutes_suggesting_insertions_numbered_list_demo_id_paraid_o │ 55.93 │
│ verflow                                                              │       │
│ numbered_list_demo_id_paraid_overflow_numbered_list_italic_demo_id_p │ 58.08 │
│ araid_overflow                                                       │       │
│ numbered_list_italic_demo_id_paraid_overflow_open_sans_bold_underlin │ 52.72 │
│ e_id_paraid_overflow                                                 │       │
│ open_sans_bold_underline_id_paraid_overflow_open_sans_font_demo_id_p │ 69.67 │
│ araid_overflow_2                                                     │       │
│ open_sans_font_demo_id_paraid_overflow_2_open_sans_font_demo_id_para │ 74.76 │
│ id_overflow                                                          │       │
│ open_sans_font_demo_id_paraid_overflow_product_roadmap_2026_suggesti │ 63.45 │
│ ng_insertions                                                        │       │
│ product_roadmap_2026_suggesting_insertions_project_plan_suggesting_i │ 58.75 │
│ nsertions                                                            │       │
│ project_plan_suggesting_insertions_project_proposal_id_paraid_overfl │ 60.34 │
│ ow                                                                   │       │
│ project_proposal_id_paraid_overflow_project_proposal_suggesting_inse │ 95.45 │
│ rtions                                                               │       │
│ project_proposal_suggesting_insertions_project_tasks_suggesting_inse │ 51.88 │
│ rtions_2                                                             │       │
│ project_tasks_suggesting_insertions_2_project_tasks_suggesting_inser │ 45.79 │
│ tions                                                                │       │
│ project_tasks_suggesting_insertions_q1_sales_summary_table_2         │ 52.18 │
│ q1_sales_summary_table_2_q1_sales_summary_table                      │ 69.99 │
│ q1_sales_summary_table_quarterly_performance_report_table_2          │ 54.16 │
│ quarterly_performance_report_table_2_quarterly_performance_report_ta │ 45.15 │
│ ble                                                                  │       │
│ quarterly_performance_report_table_red_bold_heading_demo_style_defau │ 44.94 │
│ lt_missing                                                           │       │
│ red_bold_heading_demo_style_default_missing_red_bold_text_demo_id_pa │ 64.24 │
│ raid_overflow                                                        │       │
│ red_bold_text_demo_id_paraid_overflow_red_heading_demo_id_paraid_ove │ 50.40 │
│ rflow                                                                │       │
│ red_heading_demo_id_paraid_overflow_red_strikethrough_demo_style_def │ 60.31 │
│ ault_missing                                                         │       │
│ red_strikethrough_demo_style_default_missing_right_align_bold_demo_i │ 66.41 │
│ d_paraid_overflow                                                    │       │
│ right_align_bold_demo_id_paraid_overflow_right_aligned_italic_demo_i │ 59.05 │
│ d_paraid_overflow                                                    │       │
│ right_aligned_italic_demo_id_paraid_overflow_right_alignment_demo_id │ 53.75 │
│ _paraid_overflow_2                                                   │       │
│ right_alignment_demo_id_paraid_overflow_2_right_alignment_demo_id_pa │ 47.55 │
│ raid_overflow                                                        │       │
│ right_alignment_demo_id_paraid_overflow_risk_assessment_product_laun │ 49.01 │
│ ch_suggesting_insertions                                             │       │
│ risk_assessment_product_launch_suggesting_insertions_roboto_font_dem │ 63.67 │
│ o_id_paraid_overflow_2                                               │       │
│ roboto_font_demo_id_paraid_overflow_2_roboto_font_demo_id_paraid_ove │ 70.48 │
│ rflow                                                                │       │
│ roboto_font_demo_id_paraid_overflow_roboto_underline_demo_id_paraid_ │ 63.30 │
│ overflow                                                             │       │
│ roboto_underline_demo_id_paraid_overflow_sales_report_january_2026_s │ 60.51 │
│ uggesting_insertions                                                 │       │
│ sales_report_january_2026_suggesting_insertions_sample_document_afte │ 41.79 │
│ rword_repaired_word_repaired                                         │       │
│ sample_document_afterword_repaired_word_repaired_sample_document_rea │ 68.84 │
│ lly_repaired_word_repaired                                           │       │
│ sample_document_really_repaired_word_repaired_sample_document_word_r │ 61.27 │
│ epair_of_our_output_iter2_word_repaired                              │       │
│ sample_document_word_repair_of_our_output_iter2_word_repaired_sample │ 63.08 │
│ _document_word_repair_of_our_output_word_repaired                    │       │
│ sample_document_word_repair_of_our_output_word_repaired_small_font_s │ 40.96 │
│ ize_demo_id_paraid_overflow                                          │       │
│ small_font_size_demo_id_paraid_overflow_strikethrough_and_italic_com │ 47.09 │
│ bo_id_paraid_overflow                                                │       │
│ strikethrough_and_italic_combo_id_paraid_overflow_strikethrough_bold │ 66.84 │
│ _demo_id_paraid_overflow                                             │       │
│ strikethrough_bold_demo_id_paraid_overflow_strikethrough_text_demo_i │ 73.02 │
│ d_paraid_overflow                                                    │       │
│ strikethrough_text_demo_id_paraid_overflow_strikethrough_text_format │ 68.57 │
│ ting_demo_id_paraid_overflow                                         │       │
│ strikethrough_text_formatting_demo_id_paraid_overflow_subscript_demo │ 59.89 │
│ _id_paraid_overflow                                                  │       │
│ subscript_demo_id_paraid_overflow_subscript_demo_style_default_missi │ 60.54 │
│ ng                                                                   │       │
│ subscript_demo_style_default_missing_subtitle_style_demo_id_paraid_o │ 48.70 │
│ verflow                                                              │       │
│ subtitle_style_demo_id_paraid_overflow_subtitle_style_demo_style_def │ 48.93 │
│ ault_missing                                                         │       │
│ subtitle_style_demo_style_default_missing_superscript_demo_id_paraid │ 49.25 │
│ _overflow_2                                                          │       │
│ superscript_demo_id_paraid_overflow_2_superscript_demo_id_paraid_ove │ 64.87 │
│ rflow                                                                │       │
│ superscript_demo_id_paraid_overflow_superscript_demo_style_default_m │ 61.93 │
│ issing                                                               │       │
│ superscript_demo_style_default_missing_support_tickets_table         │ 48.70 │
│ support_tickets_summary_id_paraid_overflow_text_highlight_demo_style │ 58.18 │
│ _default_missing                                                     │       │
│ support_tickets_table_support_tickets_summary_id_paraid_overflow     │ 49.18 │
│ text_highlight_demo_style_default_missing_times_new_roman_bold_id_pa │ 58.84 │
│ raid_overflow                                                        │       │
│ times_new_roman_bold_id_paraid_overflow_times_new_roman_font_id_para │ 67.67 │
│ id_overflow                                                          │       │
│ times_new_roman_font_id_paraid_overflow_title_style_centered_demo_id │ 47.22 │
│ _paraid_overflow                                                     │       │
│ title_style_centered_demo_id_paraid_overflow_title_style_demo_id_par │ 53.36 │
│ aid_overflow                                                         │       │
│ title_style_demo_id_paraid_overflow_title_style_demo_style_default_m │ 48.79 │
│ issing                                                               │       │
│ title_style_demo_style_default_missing_track_changes_editing_bullet_ │ 45.92 │
│ id_paraid_overflow                                                   │       │
│ track_changes_editing_bullet_id_paraid_overflow_track_changes_editin │ 60.46 │
│ g_strikethrough_id_paraid_overflow                                   │       │
│ track_changes_editing_strikethrough_id_paraid_overflow_track_changes │ 58.50 │
│ _suggesting_bold_id_paraid_overflow                                  │       │
│ track_changes_suggesting_bold_id_paraid_overflow_track_changes_sugge │ 60.15 │
│ sting_calibri_id_paraid_overflow                                     │       │
│ track_changes_suggesting_calibri_id_paraid_overflow_track_changes_su │ 64.95 │
│ ggesting_center_id_paraid_overflow                                   │       │
│ track_changes_suggesting_center_id_paraid_overflow_track_changes_sug │ 50.34 │
│ gesting_heading_id_paraid_overflow                                   │       │
│ track_changes_suggesting_heading_id_paraid_overflow_track_changes_su │ 64.07 │
│ ggesting_italic_id_paraid_overflow                                   │       │
│ track_changes_suggesting_italic_id_paraid_overflow_track_changes_sug │ 44.75 │
│ gesting_title_id_paraid_overflow                                     │       │
│ track_changes_suggesting_title_id_paraid_overflow_training_materials │ 41.23 │
│ _onboarding_program_suggesting_insertions                            │       │
│ training_materials_onboarding_program_suggesting_insertions_underlin │ 64.47 │
│ e_text_demo_id_paraid_overflow                                       │       │
│ underline_text_demo_id_paraid_overflow_underline_text_formatting_dem │ 65.77 │
│ o_style_default_missing                                              │       │
│ underline_text_formatting_demo_style_default_missing_verdana_bold_la │ 47.81 │
│ rge_font_id_paraid_overflow                                          │       │
│ verdana_bold_large_font_id_paraid_overflow_verdana_font_demo_id_para │ 68.84 │
│ id_overflow                                                          │       │
│ verdana_font_demo_id_paraid_overflow_verdana_italic_centered_demo_id │ 56.52 │
│ _paraid_overflow                                                     │       │
│ verdana_italic_centered_demo_id_paraid_overflow_word_clean_strict01  │ 36.37 │
│ word_clean_strict01_word_tolerated_broken_media_rel                  │ 39.44 │
│ word_tolerated_broken_media_rel_word_tolerated_duplicate_ppr         │ 44.79 │
│ word_tolerated_duplicate_ppr_word_tolerated_misplaced_link           │ 50.06 │
│ word_tolerated_misplaced_link_word_tolerated_misplaced_pgsz          │ 44.67 │
│ word_tolerated_misplaced_pgsz_word_tolerated_misplaced_uipriority    │ 42.75 │
│ word_tolerated_misplaced_uipriority_word_tolerated_orphan_comment    │ 41.69 │
│ word_tolerated_orphan_comment_yellow_highlight_demo_id_paraid_overfl │ 58.79 │
│ ow                                                                   │       │
│ yellow_highlight_demo_id_paraid_overflow_yellow_highlight_italic_dem │ 65.54 │
│ o_style_default_missing                                              │       │
╰──────────────────────────────────────────────────────────────────────┴───────╯
           mean 56.85 · median 56.10 · min 35.67 · max 95.45 · n 164            
2 doc(s) recorded as failed in the JSONL
jsonl: appended → results-compare/bench.jsonl
jsonl: appended → results-compare/bench.jsonl
jsonl: appended → results-compare/bench.jsonl
=== RUN folio-current 00:21:50 ===
───────────────────── accepted ground truth → PDF (cached) ─────────────────────
─────────────────────── roundtrip oracle → PDF (cached) ────────────────────────
─────────────────────── folio-current  (render=soffice) ────────────────────────
tool_version: 0.11.0
generate: 
FOLIO_MODULE_ROOT=/Users/arthrod/temp/T/neurotic_docx_bench/src/neurotic_docx_be
nch/utils/folio-current/node_modules /usr/bin/time -l -o 
$RUN_DIR/generate_rusage.txt node --import tsx 
scripts/generate-native-redlines.ts --method=folio --out=$RUN_DIR/docx 
--run-dir=$RUN_DIR --tool=folio-current
[folio] wrote 207 redline(s) → /Users/arthrod/temp/T/neurotic_docx_bench/runs-compare/folio-current_2026-07-18_00-21/docx
visual report → runs-compare/folio-current_2026-07-18_00-21/report.html
accept-compare: accepting tracked changes on the generated redlines
10 accept failure(s)

───────────────────────── benchmark: accepted_changes ──────────────────────────
                        folio-current  ·  164 documents                         
╭─────────────────────────┬───────────────┬──────────┬─────────────────────────╮
│ document                │       redline │ accepted │                   delta │
├─────────────────────────┼───────────────┼──────────┼─────────────────────────┤
│ 1_5_line_spacing_id_par │         53.52 │    52.79 │                   -0.73 │
│ aid_overflow_24_id_para │               │          │                         │
│ id_overflow             │               │          │                         │
│ 24_id_paraid_overflow_b │         75.69 │    74.35 │                   -1.34 │
│ lue_bold_centered_demo_ │               │          │                         │
│ id_paraid_overflow      │               │          │                         │
│ blue_bold_centered_demo │         47.47 │    49.20 │                   +1.73 │
│ _id_paraid_overflow_blu │               │          │                         │
│ e_centered_title_demo_s │               │          │                         │
│ tyle_default_missing    │               │          │                         │
│ blue_centered_title_dem │         45.39 │    49.46 │                   +4.07 │
│ o_style_default_missing │               │          │                         │
│ _blue_italic_text_demo_ │               │          │                         │
│ id_paraid_overflow      │               │          │                         │
│ blue_italic_text_demo_i │         65.26 │    69.56 │                   +4.30 │
│ d_paraid_overflow_blue_ │               │          │                         │
│ underline_combo_demo_id │               │          │                         │
│ _paraid_overflow        │               │          │                         │
│ blue_underline_combo_de │         66.21 │    58.49 │                   -7.72 │
│ mo_id_paraid_overflow_b │               │          │                         │
│ old_and_italic_combo_st │               │          │                         │
│ yle_default_missing     │               │          │                         │
│ bold_and_italic_combo_s │         70.65 │    71.41 │                   +0.76 │
│ tyle_default_missing_bo │               │          │                         │
│ ld_and_underline_combo_ │               │          │                         │
│ id_paraid_overflow      │               │          │                         │
│ bold_and_underline_comb │         65.12 │    64.99 │                   -0.13 │
│ o_id_paraid_overflow_bo │               │          │                         │
│ ld_italic_combined_demo │               │          │                         │
│ _id_paraid_overflow     │               │          │                         │
│ bold_italic_combined_de │         68.11 │    72.58 │                   +4.47 │
│ mo_id_paraid_overflow_b │               │          │                         │
│ old_italic_underline_de │               │          │                         │
│ mo_id_paraid_overflow   │               │          │                         │
│ bold_italic_underline_d │         67.64 │    70.61 │                   +2.97 │
│ emo_id_paraid_overflow_ │               │          │                         │
│ bold_red_text_combo_id_ │               │          │                         │
│ paraid_overflow         │               │          │                         │
│ bold_red_text_combo_id_ │         67.92 │    56.78 │                  -11.15 │
│ paraid_overflow_bold_su │               │          │                         │
│ perscript_demo_style_de │               │          │                         │
│ fault_missing           │               │          │                         │
│ bold_superscript_demo_s │         57.36 │    57.96 │                   +0.60 │
│ tyle_default_missing_bo │               │          │                         │
│ ld_text_formatting_demo │               │          │                         │
│ _id_paraid_overflow_2   │               │          │                         │
│ bold_text_formatting_de │         79.06 │    79.06 │                    0.00 │
│ mo_id_paraid_overflow_2 │               │          │                         │
│ _bold_text_formatting_d │               │          │                         │
│ emo_id_paraid_overflow  │               │          │                         │
│ bold_text_formatting_de │         63.39 │    65.35 │                   +1.97 │
│ mo_id_paraid_overflow_b │               │          │                         │
│ old_underline_combined_ │               │          │                         │
│ demo_id_paraid_overflow │               │          │                         │
│ bold_underline_combined │         70.05 │    77.20 │                   +7.15 │
│ _demo_id_paraid_overflo │               │          │                         │
│ w_bold_underline_highli │               │          │                         │
│ ght_demo_id_paraid_over │               │          │                         │
│ flow                    │               │          │                         │
│ bold_underline_highligh │         53.29 │    60.10 │                   +6.82 │
│ t_demo_id_paraid_overfl │               │          │                         │
│ ow_book_catalog_id_para │               │          │                         │
│ id_overflow             │               │          │                         │
│ book_catalog_id_paraid_ │         47.10 │    48.11 │                   +1.02 │
│ overflow_book_catalog_t │               │          │                         │
│ able                    │               │          │                         │
│ book_catalog_table_budg │         45.76 │    46.97 │                   +1.21 │
│ et_report_q1_2026_sugge │               │          │                         │
│ sting_insertions        │               │          │                         │
│ budget_report_q1_2026_s │         61.06 │    71.51 │                  +10.45 │
│ uggesting_insertions_bu │               │          │                         │
│ llet_list_bold_demo_id_ │               │          │                         │
│ paraid_overflow         │               │          │                         │
│ bullet_list_bold_demo_i │         57.89 │    62.65 │                   +4.76 │
│ d_paraid_overflow_bulle │               │          │                         │
│ t_list_demo_id_paraid_o │               │          │                         │
│ verflow                 │               │          │                         │
│ bullet_list_demo_id_par │         54.73 │    55.92 │                   +1.19 │
│ aid_overflow_calibri_bo │               │          │                         │
│ ld_italic_demo_id_parai │               │          │                         │
│ d_overflow              │               │          │                         │
│ calibri_bold_italic_dem │         65.60 │    73.99 │                   +8.40 │
│ o_id_paraid_overflow_ca │               │          │                         │
│ libri_font_demo_id_para │               │          │                         │
│ id_overflow_2           │               │          │                         │
│ calibri_font_demo_id_pa │         72.32 │    74.06 │                   +1.74 │
│ raid_overflow_2_calibri │               │          │                         │
│ _font_demo_id_paraid_ov │               │          │                         │
│ erflow                  │               │          │                         │
│ calibri_font_demo_id_pa │         48.85 │    50.93 │                   +2.08 │
│ raid_overflow_calibri_h │               │          │                         │
│ eading_2_right_id_parai │               │          │                         │
│ d_overflow              │               │          │                         │
│ calibri_heading_2_right │         55.79 │    48.84 │                   -6.95 │
│ _id_paraid_overflow_cen │               │          │                         │
│ ter_aligned_bold_text_i │               │          │                         │
│ d_paraid_overflow       │               │          │                         │
│ center_aligned_bold_tex │         56.27 │    61.92 │                   +5.65 │
│ t_id_paraid_overflow_ce │               │          │                         │
│ nter_alignment_demo_id_ │               │          │                         │
│ paraid_overflow_2       │               │          │                         │
│ center_alignment_demo_i │         55.87 │    56.79 │                   +0.91 │
│ d_paraid_overflow_2_cen │               │          │                         │
│ ter_alignment_demo_id_p │               │          │                         │
│ araid_overflow          │               │          │                         │
│ center_alignment_demo_i │         62.39 │    62.22 │                   -0.17 │
│ d_paraid_overflow_cente │               │          │                         │
│ r_bold_demo_id_paraid_o │               │          │                         │
│ verflow                 │               │          │                         │
│ center_bold_demo_id_par │         65.75 │    72.24 │                   +6.49 │
│ aid_overflow_clear_form │               │          │                         │
│ atting_demo_id_paraid_o │               │          │                         │
│ verflow                 │               │          │                         │
│ clear_formatting_demo_i │         53.06 │    49.14 │                   -3.92 │
│ d_paraid_overflow_contr │               │          │                         │
│ act_review_suggesting_i │               │          │                         │
│ nsertions               │               │          │                         │
│ contract_review_suggest │         49.90 │    49.39 │                   -0.52 │
│ ing_insertions_contract │               │          │                         │
│ _review_suggesting_mixe │               │          │                         │
│ d_edits                 │               │          │                         │
│ contract_review_suggest │         62.77 │    66.24 │                   +3.47 │
│ ing_mixed_edits_custome │               │          │                         │
│ r_satisfaction_survey_q │               │          │                         │
│ 4_suggesting_insertions │               │          │                         │
│ customer_satisfaction_s │         48.85 │    49.41 │                   +0.56 │
│ urvey_q4_suggesting_ins │               │          │                         │
│ ertions_document_100_ul │               │          │                         │
│ timate_demo_id_paraid_o │               │          │                         │
│ verflow                 │               │          │                         │
│ document_100_ultimate_d │         37.68 │    35.49 │                   -2.19 │
│ emo_id_paraid_overflow_ │               │          │                         │
│ docx_lots_of_comments_a │               │          │                         │
│ ddition_redline_additio │               │          │                         │
│ n_v_removal             │               │          │                         │
│ docx_lots_of_comments_a │         61.30 │    58.10 │                   -3.20 │
│ ddition_docx_lots_of_co │               │          │                         │
│ mments                  │               │          │                         │
│ docx_lots_of_comments_a │         36.99 │    36.78 │                   -0.21 │
│ ddition_redline_additio │               │          │                         │
│ n_v_removal_docx_lots_o │               │          │                         │
│ f_comments_addition_red │               │          │                         │
│ line                    │               │          │                         │
│ docx_lots_of_comments_a │         51.59 │    53.37 │                   +1.78 │
│ ddition_redline_docx_lo │               │          │                         │
│ ts_of_comments_addition │               │          │                         │
│ _removal_redline_remova │               │          │                         │
│ l_v_addition            │               │          │                         │
│ docx_lots_of_comments_a │         37.08 │    36.68 │                   -0.40 │
│ ddition_removal_docx_lo │               │          │                         │
│ ts_of_comments_addition │               │          │                         │
│ docx_lots_of_comments_a │         38.64 │    51.11 │                  +12.47 │
│ ddition_removal_redline │               │          │                         │
│ _docx_lots_of_comments_ │               │          │                         │
│ addition_removal        │               │          │                         │
│ docx_lots_of_comments_a │         38.16 │    38.36 │                   +0.20 │
│ ddition_removal_redline │               │          │                         │
│ _removal_v_addition_doc │               │          │                         │
│ x_lots_of_comments_addi │               │          │                         │
│ tion_removal_redline    │               │          │                         │
│ docx_lots_of_comments_d │         42.47 │    37.55 │                   -4.92 │
│ ouble_spacing_bold_demo │               │          │                         │
│ _id_paraid_overflow     │               │          │                         │
│ double_spacing_bold_dem │         44.05 │    40.41 │                   -3.65 │
│ o_id_paraid_overflow_ei │               │          │                         │
│ genpal_docx_editor_sugg │               │          │                         │
│ esting_mixed_edits      │               │          │                         │
│ eigenpal_docx_editor_su │         39.57 │    44.68 │                   +5.11 │
│ ggesting_mixed_edits_em │               │          │                         │
│ ployee_directory_table_ │               │          │                         │
│ 2                       │               │          │                         │
│ employee_directory_tabl │         80.37 │    80.77 │                   +0.41 │
│ e_2_employee_directory_ │               │          │                         │
│ table                   │               │          │                         │
│ employee_directory_tabl │         47.16 │    48.01 │                   +0.85 │
│ e_employee_review_john_ │               │          │                         │
│ smith_suggesting_insert │               │          │                         │
│ ions                    │               │          │                         │
│ employee_review_john_sm │         60.59 │    69.89 │                   +9.30 │
│ ith_suggesting_insertio │               │          │                         │
│ ns_font_color_blue_demo │               │          │                         │
│ _style_default_missing  │               │          │                         │
│ font_color_blue_demo_st │         70.23 │    70.02 │                   -0.21 │
│ yle_default_missing_fon │               │          │                         │
│ t_color_demo_style_defa │               │          │                         │
│ ult_missing             │               │          │                         │
│ font_color_demo_style_d │         56.66 │    68.05 │                  +11.39 │
│ efault_missing_font_fam │               │          │                         │
│ ily_demo_id_paraid_over │               │          │                         │
│ flow                    │               │          │                         │
│ font_family_demo_id_par │         53.85 │    60.29 │                   +6.44 │
│ aid_overflow_font_size_ │               │          │                         │
│ 12_demo_id_paraid_overf │               │          │                         │
│ low                     │               │          │                         │
│ font_size_12_demo_id_pa │         49.30 │    51.03 │                   +1.73 │
│ raid_overflow_font_size │               │          │                         │
│ _18_demo_style_default_ │               │          │                         │
│ missing                 │               │          │                         │
│ font_size_18_demo_style │         70.19 │    75.85 │                   +5.66 │
│ _default_missing_font_s │               │          │                         │
│ ize_24_demo_id_paraid_o │               │          │                         │
│ verflow                 │               │          │                         │
│ font_size_24_demo_id_pa │         54.48 │    57.68 │                   +3.20 │
│ raid_overflow_font_size │               │          │                         │
│ _demo_id_paraid_overflo │               │          │                         │
│ w                       │               │          │                         │
│ font_size_demo_id_parai │         66.54 │    51.30 │                  -15.24 │
│ d_overflow_green_bold_t │               │          │                         │
│ ext_demo_id_paraid_over │               │          │                         │
│ flow                    │               │          │                         │
│ green_bold_text_demo_id │         61.60 │    65.54 │                   +3.94 │
│ _paraid_overflow_green_ │               │          │                         │
│ highlight_demo_id_parai │               │          │                         │
│ d_overflow              │               │          │                         │
│ green_highlight_demo_id │         63.14 │    60.78 │                   -2.36 │
│ _paraid_overflow_green_ │               │          │                         │
│ underline_bullet_list_i │               │          │                         │
│ d_paraid_overflow       │               │          │                         │
│ green_underline_bullet_ │         51.48 │    51.09 │                   -0.38 │
│ list_id_paraid_overflow │               │          │                         │
│ _heading_1_bold_demo_id │               │          │                         │
│ _paraid_overflow        │               │          │                         │
│ heading_1_bold_demo_id_ │         51.09 │    54.66 │                   +3.57 │
│ paraid_overflow_heading │               │          │                         │
│ _1_style_demo_id_paraid │               │          │                         │
│ _overflow               │               │          │                         │
│ heading_1_style_demo_id │         53.50 │    58.46 │                   +4.96 │
│ _paraid_overflow_headin │               │          │                         │
│ g_2_center_demo_id_para │               │          │                         │
│ id_overflow             │               │          │                         │
│ heading_2_center_demo_i │         53.09 │    54.88 │                   +1.80 │
│ d_paraid_overflow_headi │               │          │                         │
│ ng_2_style_demo_id_para │               │          │                         │
│ id_overflow             │               │          │                         │
│ heading_2_style_demo_id │         54.02 │    62.43 │                   +8.41 │
│ _paraid_overflow_headin │               │          │                         │
│ g_3_center_italic_id_pa │               │          │                         │
│ raid_overflow           │               │          │                         │
│ heading_3_center_italic │         52.57 │    52.81 │                   +0.24 │
│ _id_paraid_overflow_hea │               │          │                         │
│ ding_3_style_demo_id_pa │               │          │                         │
│ raid_overflow_2         │               │          │                         │
│ heading_3_style_demo_id │         53.95 │    57.65 │                   +3.71 │
│ _paraid_overflow_2_head │               │          │                         │
│ ing_3_style_demo_id_par │               │          │                         │
│ aid_overflow            │               │          │                         │
│ heading_3_style_demo_id │         55.22 │    66.54 │                  +11.32 │
│ _paraid_overflow_headin │               │          │                         │
│ g_4_right_italic_id_par │               │          │                         │
│ aid_overflow            │               │          │                         │
│ heading_4_right_italic_ │         53.50 │    59.50 │                   +6.00 │
│ id_paraid_overflow_head │               │          │                         │
│ ing_4_style_demo_id_par │               │          │                         │
│ aid_overflow_2          │               │          │                         │
│ heading_4_style_demo_id │         56.49 │    60.77 │                   +4.28 │
│ _paraid_overflow_2_head │               │          │                         │
│ ing_4_style_demo_id_par │               │          │                         │
│ aid_overflow            │               │          │                         │
│ heading_4_style_demo_id │         60.19 │    57.68 │                   -2.51 │
│ _paraid_overflow_helvet │               │          │                         │
│ ica_font_demo_style_def │               │          │                         │
│ ault_missing            │               │          │                         │
│ helvetica_font_demo_sty │         51.05 │    48.52 │                   -2.53 │
│ le_default_missing_hr_o │               │          │                         │
│ nboarding_checklist_tab │               │          │                         │
│ le                      │               │          │                         │
│ hr_onboarding_checklist │         38.28 │    36.79 │                   -1.49 │
│ _table_i_am_sharing_mic │               │          │                         │
│ rosoft_word_vs_google_d │               │          │                         │
│ ocs_comprehensive_proof │               │          │                         │
│ _with_you               │               │          │                         │
│ i_am_sharing_microsoft_ │         41.73 │    34.69 │                   -7.04 │
│ word_vs_google_docs_com │               │          │                         │
│ prehensive_proof_with_y │               │          │                         │
│ ou_increase_indent_demo │               │          │                         │
│ _id_paraid_overflow     │               │          │                         │
│ increase_indent_demo_id │         60.98 │    69.51 │                   +8.53 │
│ _paraid_overflow_insert │               │          │                         │
│ _link_demo_id_paraid_ov │               │          │                         │
│ erflow                  │               │          │                         │
│ insert_link_demo_id_par │         49.94 │    47.03 │                   -2.91 │
│ aid_overflow_inventory_ │               │          │                         │
│ list_suggesting_deletio │               │          │                         │
│ ns                      │               │          │                         │
│ inventory_list_suggesti │         49.13 │    50.12 │                   +0.99 │
│ ng_deletions_inventory_ │               │          │                         │
│ list_suggesting_mixed_e │               │          │                         │
│ dits                    │               │          │                         │
│ inventory_list_suggesti │         65.57 │    67.87 │                   +2.30 │
│ ng_mixed_edits_it_secur │               │          │                         │
│ ity_policy_v2_suggestin │               │          │                         │
│ g_insertions            │               │          │                         │
│ it_security_policy_v2_s │         67.21 │    53.57 │                  -13.64 │
│ uggesting_insertions_it │               │          │                         │
│ alic_and_underline_comb │               │          │                         │
│ o_style_default_missing │               │          │                         │
│ italic_and_underline_co │         67.43 │    56.23 │                  -11.20 │
│ mbo_style_default_missi │               │          │                         │
│ ng_italic_subscript_dem │               │          │                         │
│ o_style_default_missing │               │          │                         │
│ italic_subscript_demo_s │         55.20 │    52.88 │                   -2.32 │
│ tyle_default_missing_it │               │          │                         │
│ alic_text_formatting_de │               │          │                         │
│ mo_id_paraid_overflow_2 │               │          │                         │
│ italic_text_formatting_ │         78.60 │    76.32 │                   -2.28 │
│ demo_id_paraid_overflow │               │          │                         │
│ _2_italic_text_formatti │               │          │                         │
│ ng_demo_id_paraid_overf │               │          │                         │
│ low                     │               │          │                         │
│ italic_text_formatting_ │         61.22 │    63.13 │                   +1.91 │
│ demo_id_paraid_overflow │               │          │                         │
│ _italic_underline_combi │               │          │                         │
│ ned_demo_id_paraid_over │               │          │                         │
│ flow                    │               │          │                         │
│ italic_underline_combin │         72.33 │    64.60 │                   -7.73 │
│ ed_demo_id_paraid_overf │               │          │                         │
│ low_justified_underline │               │          │                         │
│ _demo_id_paraid_overflo │               │          │                         │
│ w                       │               │          │                         │
│ justified_underline_dem │         67.99 │    71.51 │                   +3.52 │
│ o_id_paraid_overflow_ju │               │          │                         │
│ stify_alignment_demo_id │               │          │                         │
│ _paraid_overflow_2      │               │          │                         │
│ justify_alignment_demo_ │         67.26 │    63.65 │                   -3.61 │
│ id_paraid_overflow_2_ju │               │          │                         │
│ stify_alignment_demo_id │               │          │                         │
│ _paraid_overflow        │               │          │                         │
│ justify_alignment_demo_ │         53.51 │    54.52 │                   +1.01 │
│ id_paraid_overflow_larg │               │          │                         │
│ e_font_size_demo_id_par │               │          │                         │
│ aid_overflow            │               │          │                         │
│ large_font_size_demo_id │         64.09 │    53.20 │                  -10.89 │
│ _paraid_overflow_left_a │               │          │                         │
│ lignment_demo_id_paraid │               │          │                         │
│ _overflow               │               │          │                         │
│ left_alignment_demo_id_ │         52.44 │    58.42 │                   +5.98 │
│ paraid_overflow_line_sp │               │          │                         │
│ acing_demo_id_paraid_ov │               │          │                         │
│ erflow                  │               │          │                         │
│ line_spacing_demo_id_pa │         56.90 │    59.35 │                   +2.45 │
│ raid_overflow_marketing │               │          │                         │
│ _strategy_2026_suggesti │               │          │                         │
│ ng_insertions           │               │          │                         │
│ marketing_strategy_2026 │         53.45 │    50.65 │                   -2.80 │
│ _suggesting_insertions_ │               │          │                         │
│ meeting_agenda_table_2  │               │          │                         │
│ meeting_agenda_table_2_ │         54.66 │    55.01 │                   +0.35 │
│ meeting_agenda_table    │               │          │                         │
│ meeting_agenda_table_me │         52.82 │    54.81 │                   +1.99 │
│ eting_minutes_id_paraid │               │          │                         │
│ _overflow               │               │          │                         │
│ meeting_minutes_id_para │         85.52 │   100.00 │                  +14.48 │
│ id_overflow_meeting_min │               │          │                         │
│ utes_suggesting_inserti │               │          │                         │
│ ons                     │               │          │                         │
│ meeting_minutes_suggest │         55.93 │    63.04 │                   +7.10 │
│ ing_insertions_numbered │               │          │                         │
│ _list_demo_id_paraid_ov │               │          │                         │
│ erflow                  │               │          │                         │
│ numbered_list_demo_id_p │         58.08 │    61.35 │                   +3.27 │
│ araid_overflow_numbered │               │          │                         │
│ _list_italic_demo_id_pa │               │          │                         │
│ raid_overflow           │               │          │                         │
│ numbered_list_italic_de │         52.72 │    58.51 │                   +5.79 │
│ mo_id_paraid_overflow_o │               │          │                         │
│ pen_sans_bold_underline │               │          │                         │
│ _id_paraid_overflow     │               │          │                         │
│ open_sans_bold_underlin │         69.67 │    69.07 │                   -0.61 │
│ e_id_paraid_overflow_op │               │          │                         │
│ en_sans_font_demo_id_pa │               │          │                         │
│ raid_overflow_2         │               │          │                         │
│ open_sans_font_demo_id_ │         74.76 │    76.54 │                   +1.77 │
│ paraid_overflow_2_open_ │               │          │                         │
│ sans_font_demo_id_parai │               │          │                         │
│ d_overflow              │               │          │                         │
│ open_sans_font_demo_id_ │         63.45 │    67.33 │                   +3.88 │
│ paraid_overflow_product │               │          │                         │
│ _roadmap_2026_suggestin │               │          │                         │
│ g_insertions            │               │          │                         │
│ product_roadmap_2026_su │         58.75 │    66.04 │                   +7.29 │
│ ggesting_insertions_pro │               │          │                         │
│ ject_plan_suggesting_in │               │          │                         │
│ sertions                │               │          │                         │
│ project_plan_suggesting │         60.34 │    67.44 │                   +7.10 │
│ _insertions_project_pro │               │          │                         │
│ posal_id_paraid_overflo │               │          │                         │
│ w                       │               │          │                         │
│ project_proposal_id_par │         95.45 │   100.00 │                   +4.55 │
│ aid_overflow_project_pr │               │          │                         │
│ oposal_suggesting_inser │               │          │                         │
│ tions                   │               │          │                         │
│ project_proposal_sugges │         51.88 │    60.02 │                   +8.14 │
│ ting_insertions_project │               │          │                         │
│ _tasks_suggesting_inser │               │          │                         │
│ tions_2                 │               │          │                         │
│ project_tasks_suggestin │         45.79 │    47.61 │                   +1.83 │
│ g_insertions_2_project_ │               │          │                         │
│ tasks_suggesting_insert │               │          │                         │
│ ions                    │               │          │                         │
│ project_tasks_suggestin │         52.18 │    54.90 │                   +2.72 │
│ g_insertions_q1_sales_s │               │          │                         │
│ ummary_table_2          │               │          │                         │
│ q1_sales_summary_table_ │         69.99 │    70.34 │                   +0.35 │
│ 2_q1_sales_summary_tabl │               │          │                         │
│ e                       │               │          │                         │
│ q1_sales_summary_table_ │         54.16 │    55.04 │                   +0.88 │
│ quarterly_performance_r │               │          │                         │
│ eport_table_2           │               │          │                         │
│ quarterly_performance_r │         45.15 │    46.33 │                   +1.18 │
│ eport_table_2_quarterly │               │          │                         │
│ _performance_report_tab │               │          │                         │
│ le                      │               │          │                         │
│ quarterly_performance_r │         44.94 │    45.05 │                   +0.11 │
│ eport_table_red_bold_he │               │          │                         │
│ ading_demo_style_defaul │               │          │                         │
│ t_missing               │               │          │                         │
│ red_bold_heading_demo_s │         64.24 │    49.44 │                  -14.80 │
│ tyle_default_missing_re │               │          │                         │
│ d_bold_text_demo_id_par │               │          │                         │
│ aid_overflow            │               │          │                         │
│ red_bold_text_demo_id_p │         50.40 │    52.51 │                   +2.10 │
│ araid_overflow_red_head │               │          │                         │
│ ing_demo_id_paraid_over │               │          │                         │
│ flow                    │               │          │                         │
│ red_heading_demo_id_par │         60.31 │    48.01 │                  -12.30 │
│ aid_overflow_red_strike │               │          │                         │
│ through_demo_style_defa │               │          │                         │
│ ult_missing             │               │          │                         │
│ red_strikethrough_demo_ │         66.41 │    75.08 │                   +8.67 │
│ style_default_missing_r │               │          │                         │
│ ight_align_bold_demo_id │               │          │                         │
│ _paraid_overflow        │               │          │                         │
│ right_align_bold_demo_i │         59.05 │    50.67 │                   -8.38 │
│ d_paraid_overflow_right │               │          │                         │
│ _aligned_italic_demo_id │               │          │                         │
│ _paraid_overflow        │               │          │                         │
│ right_aligned_italic_de │         53.75 │    59.15 │                   +5.39 │
│ mo_id_paraid_overflow_r │               │          │                         │
│ ight_alignment_demo_id_ │               │          │                         │
│ paraid_overflow_2       │               │          │                         │
│ right_alignment_demo_id │         47.55 │    48.37 │                   +0.81 │
│ _paraid_overflow_2_righ │               │          │                         │
│ t_alignment_demo_id_par │               │          │                         │
│ aid_overflow            │               │          │                         │
│ right_alignment_demo_id │         49.01 │    49.89 │                   +0.88 │
│ _paraid_overflow_risk_a │               │          │                         │
│ ssessment_product_launc │               │          │                         │
│ h_suggesting_insertions │               │          │                         │
│ risk_assessment_product │         63.67 │    63.42 │                   -0.25 │
│ _launch_suggesting_inse │               │          │                         │
│ rtions_roboto_font_demo │               │          │                         │
│ _id_paraid_overflow_2   │               │          │                         │
│ roboto_font_demo_id_par │         70.48 │    75.08 │                   +4.60 │
│ aid_overflow_2_roboto_f │               │          │                         │
│ ont_demo_id_paraid_over │               │          │                         │
│ flow                    │               │          │                         │
│ roboto_font_demo_id_par │         63.30 │    67.39 │                   +4.09 │
│ aid_overflow_roboto_und │               │          │                         │
│ erline_demo_id_paraid_o │               │          │                         │
│ verflow                 │               │          │                         │
│ roboto_underline_demo_i │         60.51 │    63.75 │                   +3.23 │
│ d_paraid_overflow_sales │               │          │                         │
│ _report_january_2026_su │               │          │                         │
│ ggesting_insertions     │               │          │                         │
│ sales_report_january_20 │         41.83 │    38.36 │                   -3.48 │
│ 26_suggesting_insertion │               │          │                         │
│ s_sample_document_after │               │          │                         │
│ word_repaired_word_repa │               │          │                         │
│ ired                    │               │          │                         │
│ sample_document_afterwo │         68.84 │    89.29 │                  +20.45 │
│ rd_repaired_word_repair │               │          │                         │
│ ed_sample_document_real │               │          │                         │
│ ly_repaired_word_repair │               │          │                         │
│ ed                      │               │          │                         │
│ sample_document_really_ │         61.27 │    70.34 │                   +9.07 │
│ repaired_word_repaired_ │               │          │                         │
│ sample_document_word_re │               │          │                         │
│ pair_of_our_output_iter │               │          │                         │
│ 2_word_repaired         │               │          │                         │
│ sample_document_word_re │         63.08 │    79.71 │                  +16.64 │
│ pair_of_our_output_iter │               │          │                         │
│ 2_word_repaired_sample_ │               │          │                         │
│ document_word_repair_of │               │          │                         │
│ _our_output_word_repair │               │          │                         │
│ ed                      │               │          │                         │
│ sample_document_word_re │         41.01 │    46.78 │                   +5.78 │
│ pair_of_our_output_word │               │          │                         │
│ _repaired_small_font_si │               │          │                         │
│ ze_demo_id_paraid_overf │               │          │                         │
│ low                     │               │          │                         │
│ small_font_size_demo_id │         47.09 │    49.01 │                   +1.92 │
│ _paraid_overflow_strike │               │          │                         │
│ through_and_italic_comb │               │          │                         │
│ o_id_paraid_overflow    │               │          │                         │
│ strikethrough_and_itali │         66.84 │    72.65 │                   +5.80 │
│ c_combo_id_paraid_overf │               │          │                         │
│ low_strikethrough_bold_ │               │          │                         │
│ demo_id_paraid_overflow │               │          │                         │
│ strikethrough_bold_demo │         73.02 │    67.73 │                   -5.29 │
│ _id_paraid_overflow_str │               │          │                         │
│ ikethrough_text_demo_id │               │          │                         │
│ _paraid_overflow        │               │          │                         │
│ strikethrough_text_demo │         68.57 │    72.60 │                   +4.03 │
│ _id_paraid_overflow_str │               │          │                         │
│ ikethrough_text_formatt │               │          │                         │
│ ing_demo_id_paraid_over │               │          │                         │
│ flow                    │               │          │                         │
│ strikethrough_text_form │         59.89 │    48.88 │                  -11.01 │
│ atting_demo_id_paraid_o │               │          │                         │
│ verflow_subscript_demo_ │               │          │                         │
│ id_paraid_overflow      │               │          │                         │
│ subscript_demo_id_parai │         60.54 │    66.46 │                   +5.93 │
│ d_overflow_subscript_de │               │          │                         │
│ mo_style_default_missin │               │          │                         │
│ g                       │               │          │                         │
│ subscript_demo_style_de │         48.70 │    51.17 │                   +2.46 │
│ fault_missing_subtitle_ │               │          │                         │
│ style_demo_id_paraid_ov │               │          │                         │
│ erflow                  │               │          │                         │
│ subtitle_style_demo_id_ │         48.93 │    50.24 │                   +1.31 │
│ paraid_overflow_subtitl │               │          │                         │
│ e_style_demo_style_defa │               │          │                         │
│ ult_missing             │               │          │                         │
│ subtitle_style_demo_sty │         49.25 │    49.39 │                   +0.15 │
│ le_default_missing_supe │               │          │                         │
│ rscript_demo_id_paraid_ │               │          │                         │
│ overflow_2              │               │          │                         │
│ superscript_demo_id_par │         64.87 │    67.43 │                   +2.56 │
│ aid_overflow_2_superscr │               │          │                         │
│ ipt_demo_id_paraid_over │               │          │                         │
│ flow                    │               │          │                         │
│ superscript_demo_id_par │         61.93 │    56.41 │                   -5.52 │
│ aid_overflow_superscrip │               │          │                         │
│ t_demo_style_default_mi │               │          │                         │
│ ssing                   │               │          │                         │
│ superscript_demo_style_ │         48.70 │    47.82 │                   -0.88 │
│ default_missing_support │               │          │                         │
│ _tickets_table          │               │          │                         │
│ support_tickets_summary │         58.18 │    63.96 │                   +5.78 │
│ _id_paraid_overflow_tex │               │          │                         │
│ t_highlight_demo_style_ │               │          │                         │
│ default_missing         │               │          │                         │
│ support_tickets_table_s │         49.18 │    50.17 │                   +0.99 │
│ upport_tickets_summary_ │               │          │                         │
│ id_paraid_overflow      │               │          │                         │
│ text_highlight_demo_sty │         58.84 │    56.95 │                   -1.89 │
│ le_default_missing_time │               │          │                         │
│ s_new_roman_bold_id_par │               │          │                         │
│ aid_overflow            │               │          │                         │
│ times_new_roman_bold_id │         67.67 │    73.21 │                   +5.54 │
│ _paraid_overflow_times_ │               │          │                         │
│ new_roman_font_id_parai │               │          │                         │
│ d_overflow              │               │          │                         │
│ times_new_roman_font_id │         47.22 │    49.13 │                   +1.91 │
│ _paraid_overflow_title_ │               │          │                         │
│ style_centered_demo_id_ │               │          │                         │
│ paraid_overflow         │               │          │                         │
│ title_style_centered_de │         53.36 │    47.70 │                   -5.67 │
│ mo_id_paraid_overflow_t │               │          │                         │
│ itle_style_demo_id_para │               │          │                         │
│ id_overflow             │               │          │                         │
│ title_style_demo_id_par │         48.79 │    51.03 │                   +2.24 │
│ aid_overflow_title_styl │               │          │                         │
│ e_demo_style_default_mi │               │          │                         │
│ ssing                   │               │          │                         │
│ title_style_demo_style_ │         45.92 │    48.87 │                   +2.95 │
│ default_missing_track_c │               │          │                         │
│ hanges_editing_bullet_i │               │          │                         │
│ d_paraid_overflow       │               │          │                         │
│ track_changes_editing_b │         60.46 │    73.87 │                  +13.41 │
│ ullet_id_paraid_overflo │               │          │                         │
│ w_track_changes_editing │               │          │                         │
│ _strikethrough_id_parai │               │          │                         │
│ d_overflow              │               │          │                         │
│ track_changes_editing_s │         58.50 │    74.09 │                  +15.58 │
│ trikethrough_id_paraid_ │               │          │                         │
│ overflow_track_changes_ │               │          │                         │
│ suggesting_bold_id_para │               │          │                         │
│ id_overflow             │               │          │                         │
│ track_changes_suggestin │         60.15 │    74.93 │                  +14.78 │
│ g_bold_id_paraid_overfl │               │          │                         │
│ ow_track_changes_sugges │               │          │                         │
│ ting_calibri_id_paraid_ │               │          │                         │
│ overflow                │               │          │                         │
│ track_changes_suggestin │         64.95 │    70.09 │                   +5.14 │
│ g_calibri_id_paraid_ove │               │          │                         │
│ rflow_track_changes_sug │               │          │                         │
│ gesting_center_id_parai │               │          │                         │
│ d_overflow              │               │          │                         │
│ track_changes_suggestin │         50.34 │    50.45 │                   +0.11 │
│ g_center_id_paraid_over │               │          │                         │
│ flow_track_changes_sugg │               │          │                         │
│ esting_heading_id_parai │               │          │                         │
│ d_overflow              │               │          │                         │
│ track_changes_suggestin │         64.07 │    49.79 │                  -14.28 │
│ g_heading_id_paraid_ove │               │          │                         │
│ rflow_track_changes_sug │               │          │                         │
│ gesting_italic_id_parai │               │          │                         │
│ d_overflow              │               │          │                         │
│ track_changes_suggestin │         44.75 │    46.15 │                   +1.40 │
│ g_italic_id_paraid_over │               │          │                         │
│ flow_track_changes_sugg │               │          │                         │
│ esting_title_id_paraid_ │               │          │                         │
│ overflow                │               │          │                         │
│ track_changes_suggestin │         41.23 │    45.07 │                   +3.84 │
│ g_title_id_paraid_overf │               │          │                         │
│ low_training_materials_ │               │          │                         │
│ onboarding_program_sugg │               │          │                         │
│ esting_insertions       │               │          │                         │
│ training_materials_onbo │         64.47 │    69.04 │                   +4.57 │
│ arding_program_suggesti │               │          │                         │
│ ng_insertions_underline │               │          │                         │
│ _text_demo_id_paraid_ov │               │          │                         │
│ erflow                  │               │          │                         │
│ underline_text_demo_id_ │         65.77 │    67.70 │                   +1.93 │
│ paraid_overflow_underli │               │          │                         │
│ ne_text_formatting_demo │               │          │                         │
│ _style_default_missing  │               │          │                         │
│ underline_text_formatti │         47.81 │    49.80 │                   +1.99 │
│ ng_demo_style_default_m │               │          │                         │
│ issing_verdana_bold_lar │               │          │                         │
│ ge_font_id_paraid_overf │               │          │                         │
│ low                     │               │          │                         │
│ verdana_bold_large_font │         68.84 │    49.86 │                  -18.98 │
│ _id_paraid_overflow_ver │               │          │                         │
│ dana_font_demo_id_parai │               │          │                         │
│ d_overflow              │               │          │                         │
│ verdana_font_demo_id_pa │         56.52 │    67.94 │                  +11.42 │
│ raid_overflow_verdana_i │               │          │                         │
│ talic_centered_demo_id_ │               │          │                         │
│ paraid_overflow         │               │          │                         │
│ verdana_italic_centered │         36.58 │    34.24 │                   -2.34 │
│ _demo_id_paraid_overflo │               │          │                         │
│ w_word_clean_strict01   │               │          │                         │
│ word_clean_strict01_wor │         39.46 │    38.57 │                   -0.89 │
│ d_tolerated_broken_medi │               │          │                         │
│ a_rel                   │               │          │                         │
│ word_tolerated_broken_m │         44.79 │    48.60 │                   +3.82 │
│ edia_rel_word_tolerated │               │          │                         │
│ _duplicate_ppr          │               │          │                         │
│ word_tolerated_duplicat │         50.06 │    48.42 │                   -1.64 │
│ e_ppr_word_tolerated_mi │               │          │                         │
│ splaced_link            │               │          │                         │
│ word_tolerated_misplace │         44.67 │    40.05 │                   -4.63 │
│ d_link_word_tolerated_m │               │          │                         │
│ isplaced_pgsz           │               │          │                         │
│ word_tolerated_misplace │         42.75 │    40.19 │                   -2.56 │
│ d_pgsz_word_tolerated_m │               │          │                         │
│ isplaced_uipriority     │               │          │                         │
│ word_tolerated_misplace │         41.69 │    42.09 │                   +0.39 │
│ d_uipriority_word_toler │               │          │                         │
│ ated_orphan_comment     │               │          │                         │
│ word_tolerated_orphan_c │         58.79 │    57.45 │                   -1.34 │
│ omment_yellow_highlight │               │          │                         │
│ _demo_id_paraid_overflo │               │          │                         │
│ w                       │               │          │                         │
│ yellow_highlight_demo_i │         65.54 │    74.41 │                   +8.87 │
│ d_paraid_overflow_yello │               │          │                         │
│ w_highlight_italic_demo │               │          │                         │
│ _style_default_missing  │               │          │                         │
├─────────────────────────┼───────────────┼──────────┼─────────────────────────┤
│ I_am_sharing_Microsoft_ │ accept failed │          │ "There is no item named │
│ Word_vs_Google_Docs_Com │               │          │ 'docProps/thumbnail.jp… │
│ prehensive_Proof_with_y │               │          │         in the archive" │
│ ou_increase_indent_demo │               │          │                         │
│ _id_paraid_overflow_fol │               │          │                         │
│ io-current_redline.docx │               │          │                         │
│ alternate_content_ancho │ accept failed │          │ "There is no item named │
│ r_images_folio-current_ │               │          │ 'docProps/thumbnail.jp… │
│ redline.docx            │               │          │         in the archive" │
│ multi_section_nested_ta │ accept failed │          │ "There is no item named │
│ ble_rowspan_folio-curre │               │          │ 'docProps/thumbnail.jp… │
│ nt_redline.docx         │               │          │         in the archive" │
│ ole_object_ooxml_style_ │ accept failed │          │     "no relationship of │
│ link_folio-current_redl │               │          │                    type │
│ ine.docx                │               │          │ 'http://schemas.openxm… │
│                         │               │          │          in collection" │
│ ooxml_style_link_open_s │ accept failed │          │ "There is no item named │
│ ans_bold_underline_id_p │               │          │ 'docProps/thumbnail.jp… │
│ araid_overflow_folio-cu │               │          │         in the archive" │
│ rrent_redline.docx      │               │          │                         │
│ page_numbering_examples │ accept failed │          │ "There is no item named │
│ _potpourritest_folio-cu │               │          │ 'docProps/thumbnail.jp… │
│ rrent_redline.docx      │               │          │         in the archive" │
│ strict01_sdt_controls_S │ accept failed │          │     "no relationship of │
│ trict01_folio-current_r │               │          │                    type │
│ edline.docx             │               │          │ 'http://schemas.openxm… │
│                         │               │          │          in collection" │
│ strict01_strikethrough_ │ accept failed │          │     "no relationship of │
│ and_italic_combo_id_par │               │          │                    type │
│ aid_overflow_folio-curr │               │          │ 'http://schemas.openxm… │
│ ent_redline.docx        │               │          │          in collection" │
│ word_clean_strict01_wor │ accept failed │          │     "no relationship of │
│ d_tolerated_broken_medi │               │          │                    type │
│ a_rel_folio-current_red │               │          │ 'http://schemas.openxm… │
│ line.docx               │               │          │          in collection" │
│ word_tolerated_misplace │ accept failed │          │ "There is no item named │
│ d_link_word_tolerated_m │               │          │ 'docProps/thumbnail.jp… │
│ isplaced_pgsz_folio-cur │               │          │         in the archive" │
│ rent_redline.docx       │               │          │                         │
╰─────────────────────────┴───────────────┴──────────┴─────────────────────────╯
 redline  mean 56.96 · median 56.38    accepted  mean 58.48 · median 57.55    n 
                                      164                                       
accepted report → runs-compare/folio-current_2026-07-18_00-21/accepted_report.md
roundtrip: scoring folio-current roundtrip fidelity 
(out/roundtrip/folio-current)
3 roundtrip-render failure(s)

───────────────────────────── benchmark: roundtrip ─────────────────────────────
                        folio-current  ·  163 documents                         
╭─────────────────────────────────────────────────────────────────────┬────────╮
│ document                                                            │  score │
├─────────────────────────────────────────────────────────────────────┼────────┤
│ 1_5_line_spacing_id_paraid_overflow_24_id_paraid_overflow_word_redl │ 100.00 │
│ ine_accepted                                                        │        │
│ 24_id_paraid_overflow_alternate_content_word_redline_accepted       │ 100.00 │
│ alternate_content_anchor_images_word_redline_accepted               │ 100.00 │
│ blue_bold_centered_demo_id_paraid_overflow_blue_centered_title_demo │ 100.00 │
│ _style_default_missing_word_redline_accepted                        │        │
│ blue_centered_title_demo_style_default_missing_blue_italic_text_dem │ 100.00 │
│ o_id_paraid_overflow_word_redline_accepted                          │        │
│ blue_italic_text_demo_id_paraid_overflow_blue_underline_combo_demo_ │ 100.00 │
│ id_paraid_overflow_word_redline_accepted                            │        │
│ blue_underline_combo_demo_id_paraid_overflow_bold_and_italic_combo_ │ 100.00 │
│ style_default_missing_word_redline_accepted                         │        │
│ bold_and_italic_combo_style_default_missing_bold_and_underline_comb │ 100.00 │
│ o_id_paraid_overflow_word_redline_accepted                          │        │
│ bold_and_underline_combo_id_paraid_overflow_bold_italic_combined_de │ 100.00 │
│ mo_id_paraid_overflow_word_redline_accepted                         │        │
│ bold_italic_combined_demo_id_paraid_overflow_bold_italic_underline_ │ 100.00 │
│ demo_id_paraid_overflow_word_redline_accepted                       │        │
│ bold_italic_underline_demo_id_paraid_overflow_bold_red_text_combo_i │ 100.00 │
│ d_paraid_overflow_word_redline_accepted                             │        │
│ bold_red_text_combo_id_paraid_overflow_bold_superscript_demo_style_ │ 100.00 │
│ default_missing_word_redline_accepted                               │        │
│ bold_superscript_demo_style_default_missing_bold_text_formatting_de │ 100.00 │
│ mo_id_paraid_overflow_2_word_redline_accepted                       │        │
│ bold_text_formatting_demo_id_paraid_overflow_2_bold_text_formatting │ 100.00 │
│ _demo_id_paraid_overflow_word_redline_accepted                      │        │
│ bold_text_formatting_demo_id_paraid_overflow_bold_underline_combine │ 100.00 │
│ d_demo_id_paraid_overflow_word_redline_accepted                     │        │
│ bold_underline_combined_demo_id_paraid_overflow_bold_underline_high │ 100.00 │
│ light_demo_id_paraid_overflow_word_redline_accepted                 │        │
│ bold_underline_highlight_demo_id_paraid_overflow_book_catalog_id_pa │ 100.00 │
│ raid_overflow_word_redline_accepted                                 │        │
│ book_catalog_id_paraid_overflow_book_catalog_table_word_redline_acc │ 100.00 │
│ epted                                                               │        │
│ book_catalog_table_budget_report_q1_2026_suggesting_insertions_word │ 100.00 │
│ _redline_accepted                                                   │        │
│ budget_report_q1_2026_suggesting_insertions_bullet_list_bold_demo_i │ 100.00 │
│ d_paraid_overflow_word_redline_accepted                             │        │
│ bullet_list_bold_demo_id_paraid_overflow_bullet_list_demo_id_paraid │ 100.00 │
│ _overflow_word_redline_accepted                                     │        │
│ bullet_list_demo_id_paraid_overflow_calibri_bold_italic_demo_id_par │ 100.00 │
│ aid_overflow_word_redline_accepted                                  │        │
│ calibri_bold_italic_demo_id_paraid_overflow_calibri_font_demo_id_pa │ 100.00 │
│ raid_overflow_2_word_redline_accepted                               │        │
│ calibri_font_demo_id_paraid_overflow_2_calibri_font_demo_id_paraid_ │ 100.00 │
│ overflow_word_redline_accepted                                      │        │
│ calibri_font_demo_id_paraid_overflow_calibri_heading_2_right_id_par │ 100.00 │
│ aid_overflow_word_redline_accepted                                  │        │
│ calibri_heading_2_right_id_paraid_overflow_center_aligned_bold_text │ 100.00 │
│ _id_paraid_overflow_word_redline_accepted                           │        │
│ center_aligned_bold_text_id_paraid_overflow_center_alignment_demo_i │ 100.00 │
│ d_paraid_overflow_2_word_redline_accepted                           │        │
│ center_alignment_demo_id_paraid_overflow_2_center_alignment_demo_id │ 100.00 │
│ _paraid_overflow_word_redline_accepted                              │        │
│ center_alignment_demo_id_paraid_overflow_center_bold_demo_id_paraid │ 100.00 │
│ _overflow_word_redline_accepted                                     │        │
│ center_bold_demo_id_paraid_overflow_clear_formatting_demo_id_paraid │ 100.00 │
│ _overflow_word_redline_accepted                                     │        │
│ clear_formatting_demo_id_paraid_overflow_comments_word_redline_acce │ 100.00 │
│ pted                                                                │        │
│ comments_complex_style_attr_word_redline_accepted                   │ 100.00 │
│ complex_style_attr_contract_review_suggesting_insertions_word_redli │ 100.00 │
│ ne_accepted                                                         │        │
│ contract_review_suggesting_insertions_contract_review_suggesting_mi │ 100.00 │
│ xed_edits_word_redline_accepted                                     │        │
│ contract_review_suggesting_mixed_edits_customer_satisfaction_survey │ 100.00 │
│ _q4_suggesting_insertions_word_redline_accepted                     │        │
│ customer_satisfaction_survey_q4_suggesting_insertions_document_100_ │ 100.00 │
│ ultimate_demo_id_paraid_overflow_word_redline_accepted              │        │
│ document_100_ultimate_demo_id_paraid_overflow_double_spacing_bold_d │ 100.00 │
│ emo_id_paraid_overflow_word_redline_accepted                        │        │
│ employee_directory_table_2_employee_directory_table_word_redline_ac │ 100.00 │
│ cepted                                                              │        │
│ employee_directory_table_employee_review_john_smith_suggesting_inse │ 100.00 │
│ rtions_word_redline_accepted                                        │        │
│ font_color_blue_demo_style_default_missing_font_color_demo_style_de │ 100.00 │
│ fault_missing_word_redline_accepted                                 │        │
│ font_color_demo_style_default_missing_font_family_demo_id_paraid_ov │ 100.00 │
│ erflow_word_redline_accepted                                        │        │
│ font_family_demo_id_paraid_overflow_font_size_12_demo_id_paraid_ove │ 100.00 │
│ rflow_word_redline_accepted                                         │        │
│ font_size_12_demo_id_paraid_overflow_font_size_18_demo_style_defaul │ 100.00 │
│ t_missing_word_redline_accepted                                     │        │
│ font_size_18_demo_style_default_missing_font_size_24_demo_id_paraid │ 100.00 │
│ _overflow_word_redline_accepted                                     │        │
│ font_size_24_demo_id_paraid_overflow_font_size_demo_id_paraid_overf │ 100.00 │
│ low_word_redline_accepted                                           │        │
│ font_size_demo_id_paraid_overflow_footnotes_sample_word_redline_acc │ 100.00 │
│ epted                                                               │        │
│ footnotes_sample_gdocs_comments_export_word_redline_accepted        │ 100.00 │
│ gdocs_comments_export_green_bold_text_demo_id_paraid_overflow_word_ │ 100.00 │
│ redline_accepted                                                    │        │
│ green_bold_text_demo_id_paraid_overflow_green_highlight_demo_id_par │ 100.00 │
│ aid_overflow_word_redline_accepted                                  │        │
│ green_highlight_demo_id_paraid_overflow_green_underline_bullet_list │ 100.00 │
│ _id_paraid_overflow_word_redline_accepted                           │        │
│ green_underline_bullet_list_id_paraid_overflow_header_no_rels_word_ │ 100.00 │
│ redline_accepted                                                    │        │
│ header_no_rels_heading_1_bold_demo_id_paraid_overflow_word_redline_ │ 100.00 │
│ accepted                                                            │        │
│ heading_1_bold_demo_id_paraid_overflow_heading_1_style_demo_id_para │ 100.00 │
│ id_overflow_word_redline_accepted                                   │        │
│ heading_1_style_demo_id_paraid_overflow_heading_2_center_demo_id_pa │ 100.00 │
│ raid_overflow_word_redline_accepted                                 │        │
│ heading_2_center_demo_id_paraid_overflow_heading_2_style_demo_id_pa │ 100.00 │
│ raid_overflow_word_redline_accepted                                 │        │
│ heading_2_style_demo_id_paraid_overflow_heading_3_center_italic_id_ │ 100.00 │
│ paraid_overflow_word_redline_accepted                               │        │
│ heading_3_center_italic_id_paraid_overflow_heading_3_style_demo_id_ │ 100.00 │
│ paraid_overflow_2_word_redline_accepted                             │        │
│ heading_3_style_demo_id_paraid_overflow_2_heading_3_style_demo_id_p │ 100.00 │
│ araid_overflow_word_redline_accepted                                │        │
│ heading_3_style_demo_id_paraid_overflow_heading_4_right_italic_id_p │ 100.00 │
│ araid_overflow_word_redline_accepted                                │        │
│ heading_4_right_italic_id_paraid_overflow_heading_4_style_demo_id_p │ 100.00 │
│ araid_overflow_2_word_redline_accepted                              │        │
│ heading_4_style_demo_id_paraid_overflow_2_heading_4_style_demo_id_p │ 100.00 │
│ araid_overflow_word_redline_accepted                                │        │
│ heading_4_style_demo_id_paraid_overflow_helvetica_font_demo_style_d │ 100.00 │
│ efault_missing_word_redline_accepted                                │        │
│ helvetica_font_demo_style_default_missing_hr_onboarding_checklist_t │ 100.00 │
│ able_word_redline_accepted                                          │        │
│ insert_link_demo_id_paraid_overflow_inventory_list_suggesting_delet │ 100.00 │
│ ions_word_redline_accepted                                          │        │
│ inventory_list_suggesting_deletions_inventory_list_suggesting_mixed │ 100.00 │
│ _edits_word_redline_accepted                                        │        │
│ inventory_list_suggesting_mixed_edits_it_security_policy_v2_suggest │ 100.00 │
│ ing_insertions_word_redline_accepted                                │        │
│ it_security_policy_v2_suggesting_insertions_italic_and_underline_co │ 100.00 │
│ mbo_style_default_missing_word_redline_accepted                     │        │
│ italic_and_underline_combo_style_default_missing_italic_subscript_d │ 100.00 │
│ emo_style_default_missing_word_redline_accepted                     │        │
│ italic_subscript_demo_style_default_missing_italic_text_formatting_ │ 100.00 │
│ demo_id_paraid_overflow_2_word_redline_accepted                     │        │
│ italic_text_formatting_demo_id_paraid_overflow_2_italic_text_format │ 100.00 │
│ ting_demo_id_paraid_overflow_word_redline_accepted                  │        │
│ italic_text_formatting_demo_id_paraid_overflow_italic_underline_com │ 100.00 │
│ bined_demo_id_paraid_overflow_word_redline_accepted                 │        │
│ italic_underline_combined_demo_id_paraid_overflow_justified_underli │ 100.00 │
│ ne_demo_id_paraid_overflow_word_redline_accepted                    │        │
│ justified_underline_demo_id_paraid_overflow_justify_alignment_demo_ │ 100.00 │
│ id_paraid_overflow_2_word_redline_accepted                          │        │
│ justify_alignment_demo_id_paraid_overflow_2_justify_alignment_demo_ │ 100.00 │
│ id_paraid_overflow_word_redline_accepted                            │        │
│ justify_alignment_demo_id_paraid_overflow_large_font_size_demo_id_p │ 100.00 │
│ araid_overflow_word_redline_accepted                                │        │
│ large_font_size_demo_id_paraid_overflow_left_alignment_demo_id_para │ 100.00 │
│ id_overflow_word_redline_accepted                                   │        │
│ left_alignment_demo_id_paraid_overflow_line_spacing_demo_id_paraid_ │ 100.00 │
│ overflow_word_redline_accepted                                      │        │
│ line_spacing_demo_id_paraid_overflow_marketing_strategy_2026_sugges │ 100.00 │
│ ting_insertions_word_redline_accepted                               │        │
│ mcdoc_meeting_agenda_table_2_word_redline_accepted                  │ 100.00 │
│ meeting_agenda_table_2_meeting_agenda_table_word_redline_accepted   │ 100.00 │
│ meeting_agenda_table_meeting_minutes_id_paraid_overflow_word_redlin │ 100.00 │
│ e_accepted                                                          │        │
│ meeting_minutes_id_paraid_overflow_meeting_minutes_suggesting_inser │ 100.00 │
│ tions_word_redline_accepted                                         │        │
│ meeting_minutes_suggesting_insertions_multi_section_word_redline_ac │ 100.00 │
│ cepted                                                              │        │
│ multi_section_nested_table_rowspan_word_redline_accepted            │ 100.00 │
│ nested_table_rowspan_numbered_list_demo_id_paraid_overflow_word_red │ 100.00 │
│ line_accepted                                                       │        │
│ numbered_list_demo_id_paraid_overflow_numbered_list_italic_demo_id_ │ 100.00 │
│ paraid_overflow_word_redline_accepted                               │        │
│ numbered_list_italic_demo_id_paraid_overflow_numwords_fldsimple_wor │ 100.00 │
│ d_redline_accepted                                                  │        │
│ ole_object_ooxml_style_link_word_redline_accepted                   │ 100.00 │
│ ooxml_style_link_open_sans_bold_underline_id_paraid_overflow_word_r │ 100.00 │
│ edline_accepted                                                     │        │
│ open_sans_bold_underline_id_paraid_overflow_open_sans_font_demo_id_ │ 100.00 │
│ paraid_overflow_2_word_redline_accepted                             │        │
│ open_sans_font_demo_id_paraid_overflow_2_open_sans_font_demo_id_par │ 100.00 │
│ aid_overflow_word_redline_accepted                                  │        │
│ open_sans_font_demo_id_paraid_overflow_page_numbering_examples_word │ 100.00 │
│ _redline_accepted                                                   │        │
│ page_numbering_examples_potpourritest_word_redline_accepted         │  87.11 │
│ potpourritest_product_roadmap_2026_suggesting_insertions_word_redli │  76.07 │
│ ne_accepted                                                         │        │
│ product_roadmap_2026_suggesting_insertions_project_plan_suggesting_ │ 100.00 │
│ insertions_word_redline_accepted                                    │        │
│ project_plan_suggesting_insertions_project_proposal_id_paraid_overf │ 100.00 │
│ low_word_redline_accepted                                           │        │
│ project_proposal_id_paraid_overflow_project_proposal_suggesting_ins │ 100.00 │
│ ertions_word_redline_accepted                                       │        │
│ project_proposal_suggesting_insertions_project_tasks_suggesting_ins │ 100.00 │
│ ertions_2_word_redline_accepted                                     │        │
│ project_tasks_suggesting_insertions_2_project_tasks_suggesting_inse │ 100.00 │
│ rtions_word_redline_accepted                                        │        │
│ project_tasks_suggesting_insertions_q1_sales_summary_table_2_word_r │ 100.00 │
│ edline_accepted                                                     │        │
│ q1_sales_summary_table_2_q1_sales_summary_table_word_redline_accept │ 100.00 │
│ ed                                                                  │        │
│ q1_sales_summary_table_quarterly_performance_report_table_2_word_re │ 100.00 │
│ dline_accepted                                                      │        │
│ quarterly_performance_report_table_2_quarterly_performance_report_t │ 100.00 │
│ able_word_redline_accepted                                          │        │
│ quarterly_performance_report_table_red_bold_heading_demo_style_defa │ 100.00 │
│ ult_missing_word_redline_accepted                                   │        │
│ red_bold_heading_demo_style_default_missing_red_bold_text_demo_id_p │ 100.00 │
│ araid_overflow_word_redline_accepted                                │        │
│ red_bold_text_demo_id_paraid_overflow_red_heading_demo_id_paraid_ov │ 100.00 │
│ erflow_word_redline_accepted                                        │        │
│ red_heading_demo_id_paraid_overflow_red_strikethrough_demo_style_de │ 100.00 │
│ fault_missing_word_redline_accepted                                 │        │
│ red_strikethrough_demo_style_default_missing_redline_cicerodo_v_pla │ 100.00 │
│ te_30_word_redline_accepted                                         │        │
│ redline_cicerodo_v_plate_30_right_align_bold_demo_id_paraid_overflo │ 100.00 │
│ w_word_redline_accepted                                             │        │
│ right_align_bold_demo_id_paraid_overflow_right_aligned_italic_demo_ │ 100.00 │
│ id_paraid_overflow_word_redline_accepted                            │        │
│ right_aligned_italic_demo_id_paraid_overflow_right_alignment_demo_i │ 100.00 │
│ d_paraid_overflow_2_word_redline_accepted                           │        │
│ right_alignment_demo_id_paraid_overflow_2_right_alignment_demo_id_p │ 100.00 │
│ araid_overflow_word_redline_accepted                                │        │
│ right_alignment_demo_id_paraid_overflow_risk_assessment_product_lau │ 100.00 │
│ nch_suggesting_insertions_word_redline_accepted                     │        │
│ risk_assessment_product_launch_suggesting_insertions_roboto_font_de │ 100.00 │
│ mo_id_paraid_overflow_2_word_redline_accepted                       │        │
│ roboto_font_demo_id_paraid_overflow_2_roboto_font_demo_id_paraid_ov │ 100.00 │
│ erflow_word_redline_accepted                                        │        │
│ roboto_font_demo_id_paraid_overflow_roboto_underline_demo_id_paraid │ 100.00 │
│ _overflow_word_redline_accepted                                     │        │
│ roboto_underline_demo_id_paraid_overflow_sales_report_january_2026_ │ 100.00 │
│ suggesting_insertions_word_redline_accepted                         │        │
│ sales_report_january_2026_suggesting_insertions_sample_document_aft │ 100.00 │
│ erword_repaired_word_repaired_word_redline_accepted                 │        │
│ sample_document_word_repair_of_our_output_iter2_word_repaired_sampl │ 100.00 │
│ e_document_word_repair_of_our_output_word_repaired_word_redline_acc │        │
│ epted                                                               │        │
│ sample_document_word_repair_of_our_output_word_repaired_sd_2517_loc │ 100.00 │
│ alized_heading_styles_word_redline_accepted                         │        │
│ sd_2517_localized_heading_styles_sectpr_headerref_word_redline_acce │ 100.00 │
│ pted                                                                │        │
│ sectpr_headerref_single_paragraph_word_redline_accepted             │  77.94 │
│ single_paragraph_small_font_size_demo_id_paraid_overflow_word_redli │ 100.00 │
│ ne_accepted                                                         │        │
│ strict01_strikethrough_and_italic_combo_id_paraid_overflow_word_red │ 100.00 │
│ line_accepted                                                       │        │
│ strikethrough_and_italic_combo_id_paraid_overflow_strikethrough_bol │ 100.00 │
│ d_demo_id_paraid_overflow_word_redline_accepted                     │        │
│ strikethrough_bold_demo_id_paraid_overflow_strikethrough_text_demo_ │ 100.00 │
│ id_paraid_overflow_word_redline_accepted                            │        │
│ strikethrough_text_demo_id_paraid_overflow_strikethrough_text_forma │ 100.00 │
│ tting_demo_id_paraid_overflow_word_redline_accepted                 │        │
│ strikethrough_text_formatting_demo_id_paraid_overflow_subscript_dem │ 100.00 │
│ o_id_paraid_overflow_word_redline_accepted                          │        │
│ subscript_demo_id_paraid_overflow_subscript_demo_style_default_miss │ 100.00 │
│ ing_word_redline_accepted                                           │        │
│ subscript_demo_style_default_missing_subtitle_style_demo_id_paraid_ │ 100.00 │
│ overflow_word_redline_accepted                                      │        │
│ subtitle_style_demo_id_paraid_overflow_subtitle_style_demo_style_de │ 100.00 │
│ fault_missing_word_redline_accepted                                 │        │
│ subtitle_style_demo_style_default_missing_superscript_demo_id_parai │ 100.00 │
│ d_overflow_2_word_redline_accepted                                  │        │
│ superscript_demo_id_paraid_overflow_2_superscript_demo_id_paraid_ov │ 100.00 │
│ erflow_word_redline_accepted                                        │        │
│ superscript_demo_id_paraid_overflow_superscript_demo_style_default_ │ 100.00 │
│ missing_word_redline_accepted                                       │        │
│ superscript_demo_style_default_missing_support_tickets_summary_id_p │ 100.00 │
│ araid_overflow_word_redline_accepted                                │        │
│ support_tickets_summary_id_paraid_overflow_support_tickets_table_wo │ 100.00 │
│ rd_redline_accepted                                                 │        │
│ support_tickets_table_table_bookmark_end_word_redline_accepted      │ 100.00 │
│ table_bookmark_end_table_vmerge_colspan_word_redline_accepted       │ 100.00 │
│ table_vmerge_colspan_text_box_word_redline_accepted                 │ 100.00 │
│ text_box_text_highlight_demo_style_default_missing_word_redline_acc │ 100.00 │
│ epted                                                               │        │
│ text_highlight_demo_style_default_missing_tiff_image_word_redline_a │ 100.00 │
│ ccepted                                                             │        │
│ tiff_image_times_new_roman_bold_id_paraid_overflow_word_redline_acc │ 100.00 │
│ epted                                                               │        │
│ times_new_roman_bold_id_paraid_overflow_times_new_roman_font_id_par │ 100.00 │
│ aid_overflow_word_redline_accepted                                  │        │
│ times_new_roman_font_id_paraid_overflow_title_style_centered_demo_i │ 100.00 │
│ d_paraid_overflow_word_redline_accepted                             │        │
│ title_style_centered_demo_id_paraid_overflow_title_style_demo_id_pa │ 100.00 │
│ raid_overflow_word_redline_accepted                                 │        │
│ title_style_demo_id_paraid_overflow_title_style_demo_style_default_ │ 100.00 │
│ missing_word_redline_accepted                                       │        │
│ title_style_demo_style_default_missing_track_changes_editing_bullet │ 100.00 │
│ _id_paraid_overflow_word_redline_accepted                           │        │
│ track_changes_editing_bullet_id_paraid_overflow_track_changes_editi │ 100.00 │
│ ng_strikethrough_id_paraid_overflow_word_redline_accepted           │        │
│ track_changes_editing_strikethrough_id_paraid_overflow_track_change │ 100.00 │
│ s_suggesting_bold_id_paraid_overflow_word_redline_accepted          │        │
│ track_changes_suggesting_bold_id_paraid_overflow_track_changes_sugg │ 100.00 │
│ esting_calibri_id_paraid_overflow_word_redline_accepted             │        │
│ track_changes_suggesting_calibri_id_paraid_overflow_track_changes_s │ 100.00 │
│ uggesting_center_id_paraid_overflow_word_redline_accepted           │        │
│ track_changes_suggesting_center_id_paraid_overflow_track_changes_su │ 100.00 │
│ ggesting_heading_id_paraid_overflow_word_redline_accepted           │        │
│ track_changes_suggesting_heading_id_paraid_overflow_track_changes_s │ 100.00 │
│ uggesting_italic_id_paraid_overflow_word_redline_accepted           │        │
│ track_changes_suggesting_italic_id_paraid_overflow_track_changes_su │ 100.00 │
│ ggesting_title_id_paraid_overflow_word_redline_accepted             │        │
│ track_changes_suggesting_title_id_paraid_overflow_training_material │ 100.00 │
│ s_onboarding_program_suggesting_insertions_word_redline_accepted    │        │
│ training_materials_onboarding_program_suggesting_insertions_underli │ 100.00 │
│ ne_text_demo_id_paraid_overflow_word_redline_accepted               │        │
│ underline_text_demo_id_paraid_overflow_underline_text_formatting_de │ 100.00 │
│ mo_style_default_missing_word_redline_accepted                      │        │
│ verdana_bold_large_font_id_paraid_overflow_verdana_font_demo_id_par │ 100.00 │
│ aid_overflow_2_word_redline_accepted                                │        │
│ verdana_font_demo_id_paraid_overflow_2_verdana_font_demo_id_paraid_ │ 100.00 │
│ overflow_word_redline_accepted                                      │        │
│ verdana_font_demo_id_paraid_overflow_verdana_italic_centered_demo_i │ 100.00 │
│ d_paraid_overflow_word_redline_accepted                             │        │
│ verdana_italic_centered_demo_id_paraid_overflow_vfdsdfcacawesd_sugg │ 100.00 │
│ esting_mixed_edits_word_redline_accepted                            │        │
│ vfdsdfcacawesd_suggesting_mixed_edits_yellow_highlight_demo_id_para │ 100.00 │
│ id_overflow_word_redline_accepted                                   │        │
│ yellow_highlight_demo_id_paraid_overflow_yellow_highlight_italic_de │ 100.00 │
│ mo_style_default_missing_word_redline_accepted                      │        │
╰─────────────────────────────────────────────────────────────────────┴────────╯
          mean 99.64 · median 100.00 · min 76.07 · max 100.00 · n 163           
roundtrip report → 
runs-compare/folio-current_2026-07-18_00-21/roundtrip_report.json
page-count mismatch on 13 doc(s) (scored on the shared pages only): 
document_100_ultimate_demo_id_paraid_overflow_docx_lots_of_comments_addition_red
line_addition_v_removal (oracle 11 vs candidate 12); 
docx_lots_of_comments_addition_redline_addition_v_removal_docx_lots_of_comments_
addition_redline (oracle 11 vs candidate 12); 
docx_lots_of_comments_addition_removal_docx_lots_of_comments_addition (oracle 11
vs candidate 12); 
docx_lots_of_comments_addition_removal_redline_docx_lots_of_comments_addition_re
moval (oracle 12 vs candidate 11); 
docx_lots_of_comments_addition_removal_redline_removal_v_addition_docx_lots_of_c
omments_addition_removal_redline (oracle 11 vs candidate 12) …

────────────────────────── benchmark: script_redlines ──────────────────────────
                            folio  ·  164 documents                             
╭──────────────────────────────────────────────────────────────────────┬───────╮
│ document                                                             │ score │
├──────────────────────────────────────────────────────────────────────┼───────┤
│ 1_5_line_spacing_id_paraid_overflow_24_id_paraid_overflow            │ 53.52 │
│ 24_id_paraid_overflow_blue_bold_centered_demo_id_paraid_overflow     │ 75.69 │
│ blue_bold_centered_demo_id_paraid_overflow_blue_centered_title_demo_ │ 47.47 │
│ style_default_missing                                                │       │
│ blue_centered_title_demo_style_default_missing_blue_italic_text_demo │ 45.39 │
│ _id_paraid_overflow                                                  │       │
│ blue_italic_text_demo_id_paraid_overflow_blue_underline_combo_demo_i │ 65.26 │
│ d_paraid_overflow                                                    │       │
│ blue_underline_combo_demo_id_paraid_overflow_bold_and_italic_combo_s │ 66.21 │
│ tyle_default_missing                                                 │       │
│ bold_and_italic_combo_style_default_missing_bold_and_underline_combo │ 70.65 │
│ _id_paraid_overflow                                                  │       │
│ bold_and_underline_combo_id_paraid_overflow_bold_italic_combined_dem │ 65.12 │
│ o_id_paraid_overflow                                                 │       │
│ bold_italic_combined_demo_id_paraid_overflow_bold_italic_underline_d │ 68.11 │
│ emo_id_paraid_overflow                                               │       │
│ bold_italic_underline_demo_id_paraid_overflow_bold_red_text_combo_id │ 67.64 │
│ _paraid_overflow                                                     │       │
│ bold_red_text_combo_id_paraid_overflow_bold_superscript_demo_style_d │ 67.92 │
│ efault_missing                                                       │       │
│ bold_superscript_demo_style_default_missing_bold_text_formatting_dem │ 57.36 │
│ o_id_paraid_overflow_2                                               │       │
│ bold_text_formatting_demo_id_paraid_overflow_2_bold_text_formatting_ │ 79.06 │
│ demo_id_paraid_overflow                                              │       │
│ bold_text_formatting_demo_id_paraid_overflow_bold_underline_combined │ 63.39 │
│ _demo_id_paraid_overflow                                             │       │
│ bold_underline_combined_demo_id_paraid_overflow_bold_underline_highl │ 70.05 │
│ ight_demo_id_paraid_overflow                                         │       │
│ bold_underline_highlight_demo_id_paraid_overflow_book_catalog_id_par │ 53.29 │
│ aid_overflow                                                         │       │
│ book_catalog_id_paraid_overflow_book_catalog_table                   │ 47.10 │
│ book_catalog_table_budget_report_q1_2026_suggesting_insertions       │ 45.76 │
│ budget_report_q1_2026_suggesting_insertions_bullet_list_bold_demo_id │ 61.06 │
│ _paraid_overflow                                                     │       │
│ bullet_list_bold_demo_id_paraid_overflow_bullet_list_demo_id_paraid_ │ 57.89 │
│ overflow                                                             │       │
│ bullet_list_demo_id_paraid_overflow_calibri_bold_italic_demo_id_para │ 54.73 │
│ id_overflow                                                          │       │
│ calibri_bold_italic_demo_id_paraid_overflow_calibri_font_demo_id_par │ 65.60 │
│ aid_overflow_2                                                       │       │
│ calibri_font_demo_id_paraid_overflow_2_calibri_font_demo_id_paraid_o │ 72.32 │
│ verflow                                                              │       │
│ calibri_font_demo_id_paraid_overflow_calibri_heading_2_right_id_para │ 48.85 │
│ id_overflow                                                          │       │
│ calibri_heading_2_right_id_paraid_overflow_center_aligned_bold_text_ │ 55.79 │
│ id_paraid_overflow                                                   │       │
│ center_aligned_bold_text_id_paraid_overflow_center_alignment_demo_id │ 56.27 │
│ _paraid_overflow_2                                                   │       │
│ center_alignment_demo_id_paraid_overflow_2_center_alignment_demo_id_ │ 55.87 │
│ paraid_overflow                                                      │       │
│ center_alignment_demo_id_paraid_overflow_center_bold_demo_id_paraid_ │ 62.39 │
│ overflow                                                             │       │
│ center_bold_demo_id_paraid_overflow_clear_formatting_demo_id_paraid_ │ 65.75 │
│ overflow                                                             │       │
│ clear_formatting_demo_id_paraid_overflow_contract_review_suggesting_ │ 53.06 │
│ insertions                                                           │       │
│ contract_review_suggesting_insertions_contract_review_suggesting_mix │ 49.90 │
│ ed_edits                                                             │       │
│ contract_review_suggesting_mixed_edits_customer_satisfaction_survey_ │ 62.77 │
│ q4_suggesting_insertions                                             │       │
│ customer_satisfaction_survey_q4_suggesting_insertions_document_100_u │ 48.85 │
│ ltimate_demo_id_paraid_overflow                                      │       │
│ document_100_ultimate_demo_id_paraid_overflow_docx_lots_of_comments_ │ 37.68 │
│ addition_redline_addition_v_removal                                  │       │
│ docx_lots_of_comments_addition_docx_lots_of_comments                 │ 61.30 │
│ docx_lots_of_comments_addition_redline_addition_v_removal_docx_lots_ │ 36.99 │
│ of_comments_addition_redline                                         │       │
│ docx_lots_of_comments_addition_redline_docx_lots_of_comments_additio │ 51.59 │
│ n_removal_redline_removal_v_addition                                 │       │
│ docx_lots_of_comments_addition_removal_docx_lots_of_comments_additio │ 37.08 │
│ n                                                                    │       │
│ docx_lots_of_comments_addition_removal_redline_docx_lots_of_comments │ 38.64 │
│ _addition_removal                                                    │       │
│ docx_lots_of_comments_addition_removal_redline_removal_v_addition_do │ 38.16 │
│ cx_lots_of_comments_addition_removal_redline                         │       │
│ docx_lots_of_comments_double_spacing_bold_demo_id_paraid_overflow    │ 42.47 │
│ double_spacing_bold_demo_id_paraid_overflow_eigenpal_docx_editor_sug │ 44.05 │
│ gesting_mixed_edits                                                  │       │
│ eigenpal_docx_editor_suggesting_mixed_edits_employee_directory_table │ 39.57 │
│ _2                                                                   │       │
│ employee_directory_table_2_employee_directory_table                  │ 80.37 │
│ employee_directory_table_employee_review_john_smith_suggesting_inser │ 47.16 │
│ tions                                                                │       │
│ employee_review_john_smith_suggesting_insertions_font_color_blue_dem │ 60.59 │
│ o_style_default_missing                                              │       │
│ font_color_blue_demo_style_default_missing_font_color_demo_style_def │ 70.23 │
│ ault_missing                                                         │       │
│ font_color_demo_style_default_missing_font_family_demo_id_paraid_ove │ 56.66 │
│ rflow                                                                │       │
│ font_family_demo_id_paraid_overflow_font_size_12_demo_id_paraid_over │ 53.85 │
│ flow                                                                 │       │
│ font_size_12_demo_id_paraid_overflow_font_size_18_demo_style_default │ 49.30 │
│ _missing                                                             │       │
│ font_size_18_demo_style_default_missing_font_size_24_demo_id_paraid_ │ 70.19 │
│ overflow                                                             │       │
│ font_size_24_demo_id_paraid_overflow_font_size_demo_id_paraid_overfl │ 54.48 │
│ ow                                                                   │       │
│ font_size_demo_id_paraid_overflow_green_bold_text_demo_id_paraid_ove │ 66.54 │
│ rflow                                                                │       │
│ green_bold_text_demo_id_paraid_overflow_green_highlight_demo_id_para │ 61.60 │
│ id_overflow                                                          │       │
│ green_highlight_demo_id_paraid_overflow_green_underline_bullet_list_ │ 63.14 │
│ id_paraid_overflow                                                   │       │
│ green_underline_bullet_list_id_paraid_overflow_heading_1_bold_demo_i │ 51.48 │
│ d_paraid_overflow                                                    │       │
│ heading_1_bold_demo_id_paraid_overflow_heading_1_style_demo_id_parai │ 51.09 │
│ d_overflow                                                           │       │
│ heading_1_style_demo_id_paraid_overflow_heading_2_center_demo_id_par │ 53.50 │
│ aid_overflow                                                         │       │
│ heading_2_center_demo_id_paraid_overflow_heading_2_style_demo_id_par │ 53.09 │
│ aid_overflow                                                         │       │
│ heading_2_style_demo_id_paraid_overflow_heading_3_center_italic_id_p │ 54.02 │
│ araid_overflow                                                       │       │
│ heading_3_center_italic_id_paraid_overflow_heading_3_style_demo_id_p │ 52.57 │
│ araid_overflow_2                                                     │       │
│ heading_3_style_demo_id_paraid_overflow_2_heading_3_style_demo_id_pa │ 53.95 │
│ raid_overflow                                                        │       │
│ heading_3_style_demo_id_paraid_overflow_heading_4_right_italic_id_pa │ 55.22 │
│ raid_overflow                                                        │       │
│ heading_4_right_italic_id_paraid_overflow_heading_4_style_demo_id_pa │ 53.50 │
│ raid_overflow_2                                                      │       │
│ heading_4_style_demo_id_paraid_overflow_2_heading_4_style_demo_id_pa │ 56.49 │
│ raid_overflow                                                        │       │
│ heading_4_style_demo_id_paraid_overflow_helvetica_font_demo_style_de │ 60.19 │
│ fault_missing                                                        │       │
│ helvetica_font_demo_style_default_missing_hr_onboarding_checklist_ta │ 51.05 │
│ ble                                                                  │       │
│ hr_onboarding_checklist_table_i_am_sharing_microsoft_word_vs_google_ │ 38.28 │
│ docs_comprehensive_proof_with_you                                    │       │
│ i_am_sharing_microsoft_word_vs_google_docs_comprehensive_proof_with_ │ 41.73 │
│ you_increase_indent_demo_id_paraid_overflow                          │       │
│ increase_indent_demo_id_paraid_overflow_insert_link_demo_id_paraid_o │ 60.98 │
│ verflow                                                              │       │
│ insert_link_demo_id_paraid_overflow_inventory_list_suggesting_deleti │ 49.94 │
│ ons                                                                  │       │
│ inventory_list_suggesting_deletions_inventory_list_suggesting_mixed_ │ 49.13 │
│ edits                                                                │       │
│ inventory_list_suggesting_mixed_edits_it_security_policy_v2_suggesti │ 65.57 │
│ ng_insertions                                                        │       │
│ it_security_policy_v2_suggesting_insertions_italic_and_underline_com │ 67.21 │
│ bo_style_default_missing                                             │       │
│ italic_and_underline_combo_style_default_missing_italic_subscript_de │ 67.43 │
│ mo_style_default_missing                                             │       │
│ italic_subscript_demo_style_default_missing_italic_text_formatting_d │ 55.20 │
│ emo_id_paraid_overflow_2                                             │       │
│ italic_text_formatting_demo_id_paraid_overflow_2_italic_text_formatt │ 78.60 │
│ ing_demo_id_paraid_overflow                                          │       │
│ italic_text_formatting_demo_id_paraid_overflow_italic_underline_comb │ 61.22 │
│ ined_demo_id_paraid_overflow                                         │       │
│ italic_underline_combined_demo_id_paraid_overflow_justified_underlin │ 72.33 │
│ e_demo_id_paraid_overflow                                            │       │
│ justified_underline_demo_id_paraid_overflow_justify_alignment_demo_i │ 67.99 │
│ d_paraid_overflow_2                                                  │       │
│ justify_alignment_demo_id_paraid_overflow_2_justify_alignment_demo_i │ 67.26 │
│ d_paraid_overflow                                                    │       │
│ justify_alignment_demo_id_paraid_overflow_large_font_size_demo_id_pa │ 53.51 │
│ raid_overflow                                                        │       │
│ large_font_size_demo_id_paraid_overflow_left_alignment_demo_id_parai │ 64.09 │
│ d_overflow                                                           │       │
│ left_alignment_demo_id_paraid_overflow_line_spacing_demo_id_paraid_o │ 52.44 │
│ verflow                                                              │       │
│ line_spacing_demo_id_paraid_overflow_marketing_strategy_2026_suggest │ 56.90 │
│ ing_insertions                                                       │       │
│ marketing_strategy_2026_suggesting_insertions_meeting_agenda_table_2 │ 53.45 │
│ meeting_agenda_table_2_meeting_agenda_table                          │ 54.66 │
│ meeting_agenda_table_meeting_minutes_id_paraid_overflow              │ 52.82 │
│ meeting_minutes_id_paraid_overflow_meeting_minutes_suggesting_insert │ 85.52 │
│ ions                                                                 │       │
│ meeting_minutes_suggesting_insertions_numbered_list_demo_id_paraid_o │ 55.93 │
│ verflow                                                              │       │
│ numbered_list_demo_id_paraid_overflow_numbered_list_italic_demo_id_p │ 58.08 │
│ araid_overflow                                                       │       │
│ numbered_list_italic_demo_id_paraid_overflow_open_sans_bold_underlin │ 52.72 │
│ e_id_paraid_overflow                                                 │       │
│ open_sans_bold_underline_id_paraid_overflow_open_sans_font_demo_id_p │ 69.67 │
│ araid_overflow_2                                                     │       │
│ open_sans_font_demo_id_paraid_overflow_2_open_sans_font_demo_id_para │ 74.76 │
│ id_overflow                                                          │       │
│ open_sans_font_demo_id_paraid_overflow_product_roadmap_2026_suggesti │ 63.45 │
│ ng_insertions                                                        │       │
│ product_roadmap_2026_suggesting_insertions_project_plan_suggesting_i │ 58.75 │
│ nsertions                                                            │       │
│ project_plan_suggesting_insertions_project_proposal_id_paraid_overfl │ 60.34 │
│ ow                                                                   │       │
│ project_proposal_id_paraid_overflow_project_proposal_suggesting_inse │ 95.45 │
│ rtions                                                               │       │
│ project_proposal_suggesting_insertions_project_tasks_suggesting_inse │ 51.88 │
│ rtions_2                                                             │       │
│ project_tasks_suggesting_insertions_2_project_tasks_suggesting_inser │ 45.79 │
│ tions                                                                │       │
│ project_tasks_suggesting_insertions_q1_sales_summary_table_2         │ 52.18 │
│ q1_sales_summary_table_2_q1_sales_summary_table                      │ 69.99 │
│ q1_sales_summary_table_quarterly_performance_report_table_2          │ 54.16 │
│ quarterly_performance_report_table_2_quarterly_performance_report_ta │ 45.15 │
│ ble                                                                  │       │
│ quarterly_performance_report_table_red_bold_heading_demo_style_defau │ 44.94 │
│ lt_missing                                                           │       │
│ red_bold_heading_demo_style_default_missing_red_bold_text_demo_id_pa │ 64.24 │
│ raid_overflow                                                        │       │
│ red_bold_text_demo_id_paraid_overflow_red_heading_demo_id_paraid_ove │ 50.40 │
│ rflow                                                                │       │
│ red_heading_demo_id_paraid_overflow_red_strikethrough_demo_style_def │ 60.31 │
│ ault_missing                                                         │       │
│ red_strikethrough_demo_style_default_missing_right_align_bold_demo_i │ 66.41 │
│ d_paraid_overflow                                                    │       │
│ right_align_bold_demo_id_paraid_overflow_right_aligned_italic_demo_i │ 59.05 │
│ d_paraid_overflow                                                    │       │
│ right_aligned_italic_demo_id_paraid_overflow_right_alignment_demo_id │ 53.75 │
│ _paraid_overflow_2                                                   │       │
│ right_alignment_demo_id_paraid_overflow_2_right_alignment_demo_id_pa │ 47.55 │
│ raid_overflow                                                        │       │
│ right_alignment_demo_id_paraid_overflow_risk_assessment_product_laun │ 49.01 │
│ ch_suggesting_insertions                                             │       │
│ risk_assessment_product_launch_suggesting_insertions_roboto_font_dem │ 63.67 │
│ o_id_paraid_overflow_2                                               │       │
│ roboto_font_demo_id_paraid_overflow_2_roboto_font_demo_id_paraid_ove │ 70.48 │
│ rflow                                                                │       │
│ roboto_font_demo_id_paraid_overflow_roboto_underline_demo_id_paraid_ │ 63.30 │
│ overflow                                                             │       │
│ roboto_underline_demo_id_paraid_overflow_sales_report_january_2026_s │ 60.51 │
│ uggesting_insertions                                                 │       │
│ sales_report_january_2026_suggesting_insertions_sample_document_afte │ 41.83 │
│ rword_repaired_word_repaired                                         │       │
│ sample_document_afterword_repaired_word_repaired_sample_document_rea │ 68.84 │
│ lly_repaired_word_repaired                                           │       │
│ sample_document_really_repaired_word_repaired_sample_document_word_r │ 61.27 │
│ epair_of_our_output_iter2_word_repaired                              │       │
│ sample_document_word_repair_of_our_output_iter2_word_repaired_sample │ 63.08 │
│ _document_word_repair_of_our_output_word_repaired                    │       │
│ sample_document_word_repair_of_our_output_word_repaired_small_font_s │ 41.01 │
│ ize_demo_id_paraid_overflow                                          │       │
│ small_font_size_demo_id_paraid_overflow_strikethrough_and_italic_com │ 47.09 │
│ bo_id_paraid_overflow                                                │       │
│ strikethrough_and_italic_combo_id_paraid_overflow_strikethrough_bold │ 66.84 │
│ _demo_id_paraid_overflow                                             │       │
│ strikethrough_bold_demo_id_paraid_overflow_strikethrough_text_demo_i │ 73.02 │
│ d_paraid_overflow                                                    │       │
│ strikethrough_text_demo_id_paraid_overflow_strikethrough_text_format │ 68.57 │
│ ting_demo_id_paraid_overflow                                         │       │
│ strikethrough_text_formatting_demo_id_paraid_overflow_subscript_demo │ 59.89 │
│ _id_paraid_overflow                                                  │       │
│ subscript_demo_id_paraid_overflow_subscript_demo_style_default_missi │ 60.54 │
│ ng                                                                   │       │
│ subscript_demo_style_default_missing_subtitle_style_demo_id_paraid_o │ 48.70 │
│ verflow                                                              │       │
│ subtitle_style_demo_id_paraid_overflow_subtitle_style_demo_style_def │ 48.93 │
│ ault_missing                                                         │       │
│ subtitle_style_demo_style_default_missing_superscript_demo_id_paraid │ 49.25 │
│ _overflow_2                                                          │       │
│ superscript_demo_id_paraid_overflow_2_superscript_demo_id_paraid_ove │ 64.87 │
│ rflow                                                                │       │
│ superscript_demo_id_paraid_overflow_superscript_demo_style_default_m │ 61.93 │
│ issing                                                               │       │
│ superscript_demo_style_default_missing_support_tickets_table         │ 48.70 │
│ support_tickets_summary_id_paraid_overflow_text_highlight_demo_style │ 58.18 │
│ _default_missing                                                     │       │
│ support_tickets_table_support_tickets_summary_id_paraid_overflow     │ 49.18 │
│ text_highlight_demo_style_default_missing_times_new_roman_bold_id_pa │ 58.84 │
│ raid_overflow                                                        │       │
│ times_new_roman_bold_id_paraid_overflow_times_new_roman_font_id_para │ 67.67 │
│ id_overflow                                                          │       │
│ times_new_roman_font_id_paraid_overflow_title_style_centered_demo_id │ 47.22 │
│ _paraid_overflow                                                     │       │
│ title_style_centered_demo_id_paraid_overflow_title_style_demo_id_par │ 53.36 │
│ aid_overflow                                                         │       │
│ title_style_demo_id_paraid_overflow_title_style_demo_style_default_m │ 48.79 │
│ issing                                                               │       │
│ title_style_demo_style_default_missing_track_changes_editing_bullet_ │ 45.92 │
│ id_paraid_overflow                                                   │       │
│ track_changes_editing_bullet_id_paraid_overflow_track_changes_editin │ 60.46 │
│ g_strikethrough_id_paraid_overflow                                   │       │
│ track_changes_editing_strikethrough_id_paraid_overflow_track_changes │ 58.50 │
│ _suggesting_bold_id_paraid_overflow                                  │       │
│ track_changes_suggesting_bold_id_paraid_overflow_track_changes_sugge │ 60.15 │
│ sting_calibri_id_paraid_overflow                                     │       │
│ track_changes_suggesting_calibri_id_paraid_overflow_track_changes_su │ 64.95 │
│ ggesting_center_id_paraid_overflow                                   │       │
│ track_changes_suggesting_center_id_paraid_overflow_track_changes_sug │ 50.34 │
│ gesting_heading_id_paraid_overflow                                   │       │
│ track_changes_suggesting_heading_id_paraid_overflow_track_changes_su │ 64.07 │
│ ggesting_italic_id_paraid_overflow                                   │       │
│ track_changes_suggesting_italic_id_paraid_overflow_track_changes_sug │ 44.75 │
│ gesting_title_id_paraid_overflow                                     │       │
│ track_changes_suggesting_title_id_paraid_overflow_training_materials │ 41.23 │
│ _onboarding_program_suggesting_insertions                            │       │
│ training_materials_onboarding_program_suggesting_insertions_underlin │ 64.47 │
│ e_text_demo_id_paraid_overflow                                       │       │
│ underline_text_demo_id_paraid_overflow_underline_text_formatting_dem │ 65.77 │
│ o_style_default_missing                                              │       │
│ underline_text_formatting_demo_style_default_missing_verdana_bold_la │ 47.81 │
│ rge_font_id_paraid_overflow                                          │       │
│ verdana_bold_large_font_id_paraid_overflow_verdana_font_demo_id_para │ 68.84 │
│ id_overflow                                                          │       │
│ verdana_font_demo_id_paraid_overflow_verdana_italic_centered_demo_id │ 56.52 │
│ _paraid_overflow                                                     │       │
│ verdana_italic_centered_demo_id_paraid_overflow_word_clean_strict01  │ 36.58 │
│ word_clean_strict01_word_tolerated_broken_media_rel                  │ 39.46 │
│ word_tolerated_broken_media_rel_word_tolerated_duplicate_ppr         │ 44.79 │
│ word_tolerated_duplicate_ppr_word_tolerated_misplaced_link           │ 50.06 │
│ word_tolerated_misplaced_link_word_tolerated_misplaced_pgsz          │ 44.67 │
│ word_tolerated_misplaced_pgsz_word_tolerated_misplaced_uipriority    │ 42.75 │
│ word_tolerated_misplaced_uipriority_word_tolerated_orphan_comment    │ 41.69 │
│ word_tolerated_orphan_comment_yellow_highlight_demo_id_paraid_overfl │ 58.79 │
│ ow                                                                   │       │
│ yellow_highlight_demo_id_paraid_overflow_yellow_highlight_italic_dem │ 65.54 │
│ o_style_default_missing                                              │       │
╰──────────────────────────────────────────────────────────────────────┴───────╯
           mean 56.96 · median 56.38 · min 36.58 · max 95.45 · n 164            
jsonl: appended → results-compare/bench.jsonl
jsonl: appended → results-compare/bench.jsonl
jsonl: appended → results-compare/bench.jsonl
=== RUN folio-playwright-rendering 00:30:14 ===
─────────────── folio-playwright-rendering  (render=playwright) ────────────────
starting harness server for folio-playwright-rendering: cd 
src/neurotic_docx_bench/utils/folio/harness/folio-viewer && 
./node_modules/.bin/vite --port 5175 --host 127.0.0.1
harness server ready → http://127.0.0.1:5175/harness.html
tool_version: 0.5.0
2 render failures
visual report → 
runs-compare/folio-playwright-rendering_2026-07-18_00-30/report.html

───────────────────────── benchmark: visual_rendering ──────────────────────────
                            folio  ·  197 documents                             
╭──────────────────────────────────────────────────────────────────────┬───────╮
│ document                                                             │ score │
├──────────────────────────────────────────────────────────────────────┼───────┤
│ 1_5_line_spacing_id_paraid_overflow                                  │ 76.08 │
│ 24_id_paraid_overflow                                                │ 77.29 │
│ alternate_content                                                    │ 48.80 │
│ anchor_images                                                        │ 51.10 │
│ blue_bold_centered_demo_id_paraid_overflow                           │ 81.13 │
│ blue_centered_title_demo_style_default_missing                       │ 90.47 │
│ blue_italic_text_demo_id_paraid_overflow                             │ 82.03 │
│ blue_underline_combo_demo_id_paraid_overflow                         │ 55.69 │
│ bold_and_italic_combo_style_default_missing                          │ 82.95 │
│ bold_and_underline_combo_id_paraid_overflow                          │ 56.57 │
│ bold_italic_combined_demo_id_paraid_overflow                         │ 82.34 │
│ bold_italic_underline_demo_id_paraid_overflow                        │ 55.67 │
│ bold_red_text_combo_id_paraid_overflow                               │ 54.71 │
│ bold_superscript_demo_style_default_missing                          │ 51.32 │
│ bold_text_formatting_demo_id_paraid_overflow                         │ 77.37 │
│ bold_text_formatting_demo_id_paraid_overflow_2                       │ 54.02 │
│ bold_underline_combined_demo_id_paraid_overflow                      │ 56.27 │
│ bold_underline_highlight_demo_id_paraid_overflow                     │ 54.93 │
│ book_catalog_id_paraid_overflow                                      │ 71.25 │
│ book_catalog_table                                                   │ 66.41 │
│ budget_report_q1_2026_suggesting_insertions                          │ 55.52 │
│ bullet_list_bold_demo_id_paraid_overflow                             │ 79.44 │
│ bullet_list_demo_id_paraid_overflow                                  │ 56.56 │
│ calibri_bold_italic_demo_id_paraid_overflow                          │ 51.64 │
│ calibri_font_demo_id_paraid_overflow                                 │ 52.08 │
│ calibri_font_demo_id_paraid_overflow_2                               │ 51.15 │
│ calibri_heading_2_right_id_paraid_overflow                           │ 51.99 │
│ center_aligned_bold_text_id_paraid_overflow                          │ 79.57 │
│ center_alignment_demo_id_paraid_overflow                             │ 77.20 │
│ center_alignment_demo_id_paraid_overflow_2                           │ 55.09 │
│ center_bold_demo_id_paraid_overflow                                  │ 81.74 │
│ clear_formatting_demo_id_paraid_overflow                             │ 54.98 │
│ comments                                                             │ 46.47 │
│ complex_style_attr                                                   │ 49.05 │
│ contract_review_suggesting_insertions                                │ 51.76 │
│ contract_review_suggesting_mixed_edits                               │ 49.92 │
│ customer_satisfaction_survey_q4_suggesting_insertions                │ 55.56 │
│ document_100_ultimate_demo_id_paraid_overflow                        │ 81.35 │
│ docx_lots_of_comments                                                │ 36.17 │
│ docx_lots_of_comments_addition                                       │ 35.60 │
│ docx_lots_of_comments_addition_redline                               │ 35.42 │
│ docx_lots_of_comments_addition_redline_addition_v_removal            │ 34.73 │
│ docx_lots_of_comments_addition_removal                               │ 35.82 │
│ docx_lots_of_comments_addition_removal_redline                       │ 35.42 │
│ docx_lots_of_comments_addition_removal_redline_removal_v_addition    │ 34.87 │
│ double_spacing_bold_demo_id_paraid_overflow                          │ 77.30 │
│ eigenpal_docx_editor_suggesting_mixed_edits                          │ 37.08 │
│ eigenpal_docx_editor_suggesting_mixed_edits_2                        │ 40.96 │
│ employee_directory_table                                             │ 50.48 │
│ employee_directory_table_2                                           │ 49.48 │
│ employee_review_john_smith_suggesting_insertions                     │ 55.54 │
│ endnotes_sample                                                      │ 49.29 │
│ font_color_blue_demo_style_default_missing                           │ 84.78 │
│ font_color_demo_style_default_missing                                │ 55.10 │
│ font_family_demo_id_paraid_overflow                                  │ 50.33 │
│ font_size_12_demo_id_paraid_overflow                                 │ 51.68 │
│ font_size_18_demo_style_default_missing                              │ 78.01 │
│ font_size_24_demo_id_paraid_overflow                                 │ 48.15 │
│ font_size_demo_id_paraid_overflow                                    │ 77.75 │
│ footnotes_sample                                                     │ 47.60 │
│ gdocs_comments_export                                                │ 48.96 │
│ green_bold_text_demo_id_paraid_overflow                              │ 84.48 │
│ green_highlight_demo_id_paraid_overflow                              │ 79.65 │
│ green_underline_bullet_list_id_paraid_overflow                       │ 56.11 │
│ header_no_rels                                                       │ 48.68 │
│ heading_1_bold_demo_id_paraid_overflow                               │ 80.38 │
│ heading_1_style_demo_id_paraid_overflow                              │ 80.68 │
│ heading_2_center_demo_id_paraid_overflow                             │ 81.47 │
│ heading_2_style_demo_id_paraid_overflow                              │ 79.78 │
│ heading_3_center_italic_id_paraid_overflow                           │ 82.86 │
│ heading_3_style_demo_id_paraid_overflow                              │ 82.07 │
│ heading_3_style_demo_id_paraid_overflow_2                            │ 83.33 │
│ heading_4_right_italic_id_paraid_overflow                            │ 83.40 │
│ heading_4_style_demo_id_paraid_overflow                              │ 83.10 │
│ heading_4_style_demo_id_paraid_overflow_2                            │ 84.11 │
│ helvetica_font_demo_style_default_missing                            │ 60.67 │
│ hr_onboarding_checklist_table                                        │ 65.14 │
│ i_am_sharing_microsoft_word_vs_google_docs_comprehensive_proof_with_ │ 35.94 │
│ you                                                                  │       │
│ image_out_of_folder                                                  │ 46.71 │
│ increase_indent_demo_id_paraid_overflow                              │ 70.82 │
│ insert_link_demo_id_paraid_overflow                                  │ 53.89 │
│ inventory_list_suggesting_deletions                                  │ 61.46 │
│ inventory_list_suggesting_mixed_edits                                │ 50.11 │
│ it_security_policy_v2_suggesting_insertions                          │ 56.18 │
│ italic_and_underline_combo_style_default_missing                     │ 55.17 │
│ italic_subscript_demo_style_default_missing                          │ 49.15 │
│ italic_text_formatting_demo_id_paraid_overflow                       │ 54.77 │
│ italic_text_formatting_demo_id_paraid_overflow_2                     │ 53.91 │
│ italic_underline_combined_demo_id_paraid_overflow                    │ 55.19 │
│ justified_underline_demo_id_paraid_overflow                          │ 80.73 │
│ justify_alignment_demo_id_paraid_overflow                            │ 79.30 │
│ justify_alignment_demo_id_paraid_overflow_2                          │ 78.66 │
│ large_font_size_demo_id_paraid_overflow                              │ 49.66 │
│ left_alignment_demo_id_paraid_overflow                               │ 82.09 │
│ line_spacing_demo_id_paraid_overflow                                 │ 79.57 │
│ marketing_strategy_2026_suggesting_insertions                        │ 56.04 │
│ meeting_agenda_table                                                 │ 49.15 │
│ meeting_agenda_table_2                                               │ 61.37 │
│ meeting_minutes_id_paraid_overflow                                   │ 81.48 │
│ meeting_minutes_suggesting_insertions                                │ 55.20 │
│ multi_section                                                        │ 50.23 │
│ nested_table_rowspan                                                 │ 50.74 │
│ numbered_list_demo_id_paraid_overflow                                │ 55.67 │
│ numbered_list_italic_demo_id_paraid_overflow                         │ 73.60 │
│ numwords_fldsimple                                                   │ 51.33 │
│ ole_object                                                           │ 37.76 │
│ ooxml_style_link                                                     │ 49.71 │
│ open_sans_bold_underline_id_paraid_overflow                          │ 51.68 │
│ open_sans_font_demo_id_paraid_overflow                               │ 52.00 │
│ open_sans_font_demo_id_paraid_overflow_2                             │ 51.83 │
│ page_numbering_examples                                              │ 50.23 │
│ potpourritest                                                        │ 41.64 │
│ product_roadmap_2026_suggesting_insertions                           │ 55.41 │
│ project_plan_suggesting_insertions                                   │ 55.44 │
│ project_proposal_id_paraid_overflow                                  │ 78.34 │
│ project_proposal_suggesting_insertions                               │ 53.37 │
│ project_tasks_suggesting_insertions                                  │ 62.14 │
│ project_tasks_suggesting_insertions_2                                │ 50.75 │
│ q1_sales_summary_table                                               │ 61.93 │
│ q1_sales_summary_table_2                                             │ 49.54 │
│ quarterly_performance_report_table                                   │ 49.26 │
│ quarterly_performance_report_table_2                                 │ 60.66 │
│ red_bold_heading_demo_style_default_missing                          │ 74.02 │
│ red_bold_text_demo_id_paraid_overflow                                │ 79.35 │
│ red_heading_demo_id_paraid_overflow                                  │ 78.62 │
│ red_strikethrough_demo_style_default_missing                         │ 78.83 │
│ redline_cicerodo_v_plate_30                                          │ 42.67 │
│ right_align_bold_demo_id_paraid_overflow                             │ 78.97 │
│ right_aligned_italic_demo_id_paraid_overflow                         │ 78.74 │
│ right_alignment_demo_id_paraid_overflow                              │ 77.05 │
│ right_alignment_demo_id_paraid_overflow_2                            │ 76.90 │
│ risk_assessment_product_launch_suggesting_insertions                 │ 56.27 │
│ roboto_font_demo_id_paraid_overflow                                  │ 51.62 │
│ roboto_font_demo_id_paraid_overflow_2                                │ 51.55 │
│ roboto_underline_demo_id_paraid_overflow                             │ 52.00 │
│ sales_report_january_2026_suggesting_insertions                      │ 56.59 │
│ sample_document_afterword_repaired_word_repaired                     │ 37.08 │
│ sample_document_really_repaired_word_repaired                        │ 37.08 │
│ sample_document_word_repair_of_our_output_iter2_word_repaired        │ 37.12 │
│ sample_document_word_repair_of_our_output_iter2_word_repaired_2      │ 37.20 │
│ sample_document_word_repair_of_our_output_word_repaired              │ 37.08 │
│ sample_document_word_repair_of_our_output_word_repaired_2            │ 37.58 │
│ sd_2517_localized_heading_styles                                     │ 36.96 │
│ sectpr_headerref                                                     │ 46.85 │
│ single_paragraph                                                     │ 48.99 │
│ small_font_size_demo_id_paraid_overflow                              │ 60.72 │
│ strict01                                                             │ 37.76 │
│ strict01_sdt_controls                                                │ 37.76 │
│ strikethrough_and_italic_combo_id_paraid_overflow                    │ 80.46 │
│ strikethrough_bold_demo_id_paraid_overflow                           │ 78.61 │
│ strikethrough_text_demo_id_paraid_overflow                           │ 55.42 │
│ strikethrough_text_formatting_demo_id_paraid_overflow                │ 50.73 │
│ subscript_demo_id_paraid_overflow                                    │ 49.22 │
│ subscript_demo_style_default_missing                                 │ 49.34 │
│ subtitle_style_demo_id_paraid_overflow                               │ 94.47 │
│ subtitle_style_demo_style_default_missing                            │ 93.35 │
│ superscript_demo_id_paraid_overflow                                  │ 51.17 │
│ superscript_demo_id_paraid_overflow_2                                │ 50.95 │
│ superscript_demo_style_default_missing                               │ 52.09 │
│ support_tickets_summary_id_paraid_overflow                           │ 73.15 │
│ support_tickets_table                                                │ 61.54 │
│ table_bookmark_end                                                   │ 40.93 │
│ table_vmerge_colspan                                                 │ 48.16 │
│ text_box                                                             │ 44.44 │
│ text_highlight_demo_style_default_missing                            │ 56.34 │
│ tiff_image                                                           │ 45.87 │
│ times_new_roman_bold_id_paraid_overflow                              │ 80.34 │
│ times_new_roman_font_id_paraid_overflow                              │ 78.97 │
│ title_style_centered_demo_id_paraid_overflow                         │ 85.61 │
│ title_style_demo_id_paraid_overflow                                  │ 85.36 │
│ title_style_demo_style_default_missing                               │ 85.80 │
│ track_changes_editing_bullet_id_paraid_overflow                      │ 76.50 │
│ track_changes_editing_strikethrough_id_paraid_overflow               │ 78.40 │
│ track_changes_suggesting_bold_id_paraid_overflow                     │ 81.26 │
│ track_changes_suggesting_calibri_id_paraid_overflow                  │ 50.78 │
│ track_changes_suggesting_center_id_paraid_overflow                   │ 54.82 │
│ track_changes_suggesting_heading_id_paraid_overflow                  │ 75.81 │
│ track_changes_suggesting_italic_id_paraid_overflow                   │ 78.73 │
│ track_changes_suggesting_title_id_paraid_overflow                    │ 55.34 │
│ training_materials_onboarding_program_suggesting_insertions          │ 56.22 │
│ underline_text_demo_id_paraid_overflow                               │ 55.06 │
│ underline_text_formatting_demo_style_default_missing                 │ 53.88 │
│ verdana_bold_large_font_id_paraid_overflow                           │ 51.40 │
│ verdana_font_demo_id_paraid_overflow                                 │ 48.90 │
│ verdana_font_demo_id_paraid_overflow_2                               │ 56.34 │
│ verdana_italic_centered_demo_id_paraid_overflow                      │ 48.56 │
│ verdana_italic_centered_demo_id_paraid_overflow_2                    │ 52.69 │
│ word_clean_strict01                                                  │ 37.76 │
│ word_tolerated_broken_media_rel                                      │ 48.41 │
│ word_tolerated_duplicate_ppr                                         │ 78.82 │
│ word_tolerated_misplaced_link                                        │ 49.71 │
│ word_tolerated_misplaced_pgsz                                        │ 56.29 │
│ word_tolerated_misplaced_uipriority                                  │ 38.53 │
│ word_tolerated_orphan_comment                                        │ 47.00 │
│ yellow_highlight_demo_id_paraid_overflow                             │ 54.74 │
│ yellow_highlight_italic_demo_style_default_missing                   │ 54.31 │
│ yellow_highlight_italic_demo_style_default_missing_2                 │ 49.44 │
╰──────────────────────────────────────────────────────────────────────┴───────╯
           mean 59.75 · median 55.10 · min 34.73 · max 94.47 · n 197            
2 render failure(s) recorded on visual_rendering
no matched documents scored
2 doc(s) recorded as failed in the JSONL
jsonl: appended → results-compare/bench.jsonl
harness server stopped
=== RUN folio-playwright-redlines 00:34:11 ===
──────────────── folio-playwright-redlines  (render=playwright) ────────────────
starting harness server for folio-playwright-redlines: cd 
src/neurotic_docx_bench/utils/folio/harness/folio-viewer && 
./node_modules/.bin/vite --port 5175 --host 127.0.0.1
harness server ready → http://127.0.0.1:5175/harness.html
tool_version: 0.5.0
2 render failures
visual report → 
runs-compare/folio-playwright-redlines_2026-07-18_00-34/report.html

────────────────────────── benchmark: visual_redlines ──────────────────────────
                            folio  ·  230 documents                             
╭──────────────────────────────────────────────────────────────────────┬───────╮
│ document                                                             │ score │
├──────────────────────────────────────────────────────────────────────┼───────┤
│ 1_5_line_spacing_id_paraid_overflow_24_id_paraid_overflow            │ 47.09 │
│ 24_id_paraid_overflow_alternate_content_word                         │ 53.99 │
│ 24_id_paraid_overflow_blue_bold_centered_demo_id_paraid_overflow     │ 56.12 │
│ alternate_content_anchor_images_word                                 │ 51.49 │
│ blue_bold_centered_demo_id_paraid_overflow_blue_centered_title_demo_ │ 47.51 │
│ style_default_missing                                                │       │
│ blue_centered_title_demo_style_default_missing_blue_italic_text_demo │ 43.58 │
│ _id_paraid_overflow                                                  │       │
│ blue_italic_text_demo_id_paraid_overflow_blue_underline_combo_demo_i │ 52.91 │
│ d_paraid_overflow                                                    │       │
│ blue_underline_combo_demo_id_paraid_overflow_bold_and_italic_combo_s │ 55.03 │
│ tyle_default_missing                                                 │       │
│ bold_and_italic_combo_style_default_missing_bold_and_underline_combo │ 56.75 │
│ _id_paraid_overflow                                                  │       │
│ bold_and_underline_combo_id_paraid_overflow_bold_italic_combined_dem │ 55.35 │
│ o_id_paraid_overflow                                                 │       │
│ bold_italic_combined_demo_id_paraid_overflow_bold_italic_underline_d │ 54.61 │
│ emo_id_paraid_overflow                                               │       │
│ bold_italic_underline_demo_id_paraid_overflow_bold_red_text_combo_id │ 52.75 │
│ _paraid_overflow                                                     │       │
│ bold_red_text_combo_id_paraid_overflow_bold_superscript_demo_style_d │ 51.89 │
│ efault_missing                                                       │       │
│ bold_superscript_demo_style_default_missing_bold_text_formatting_dem │ 53.70 │
│ o_id_paraid_overflow_2                                               │       │
│ bold_text_formatting_demo_id_paraid_overflow_2_bold_text_formatting_ │ 77.24 │
│ demo_id_paraid_overflow                                              │       │
│ bold_text_formatting_demo_id_paraid_overflow_bold_underline_combined │ 55.73 │
│ _demo_id_paraid_overflow                                             │       │
│ bold_underline_combined_demo_id_paraid_overflow_bold_underline_highl │ 54.55 │
│ ight_demo_id_paraid_overflow                                         │       │
│ bold_underline_highlight_demo_id_paraid_overflow_book_catalog_id_par │ 53.54 │
│ aid_overflow                                                         │       │
│ book_catalog_id_paraid_overflow_book_catalog_table                   │ 61.38 │
│ book_catalog_table_budget_report_q1_2026_suggesting_insertions       │ 62.54 │
│ book_catalog_table_budget_report_q1_2026_suggesting_insertions_word  │ 62.52 │
│ budget_report_q1_2026_suggesting_insertions_bullet_list_bold_demo_id │ 55.20 │
│ _paraid_overflow                                                     │       │
│ budget_report_q1_2026_suggesting_insertions_bullet_list_bold_demo_id │ 55.16 │
│ _paraid_overflow_word                                                │       │
│ bullet_list_bold_demo_id_paraid_overflow_bullet_list_demo_id_paraid_ │ 53.35 │
│ overflow                                                             │       │
│ bullet_list_demo_id_paraid_overflow_calibri_bold_italic_demo_id_para │ 52.19 │
│ id_overflow                                                          │       │
│ calibri_bold_italic_demo_id_paraid_overflow_calibri_font_demo_id_par │ 49.60 │
│ aid_overflow_2                                                       │       │
│ calibri_font_demo_id_paraid_overflow_2_calibri_font_demo_id_paraid_o │ 48.54 │
│ verflow                                                              │       │
│ calibri_font_demo_id_paraid_overflow_calibri_heading_2_right_id_para │ 48.80 │
│ id_overflow                                                          │       │
│ calibri_heading_2_right_id_paraid_overflow_center_aligned_bold_text_ │ 47.93 │
│ id_paraid_overflow                                                   │       │
│ center_aligned_bold_text_id_paraid_overflow_center_alignment_demo_id │ 53.17 │
│ _paraid_overflow_2                                                   │       │
│ center_alignment_demo_id_paraid_overflow_2_center_alignment_demo_id_ │ 54.34 │
│ paraid_overflow                                                      │       │
│ center_alignment_demo_id_paraid_overflow_center_bold_demo_id_paraid_ │ 54.44 │
│ overflow                                                             │       │
│ center_bold_demo_id_paraid_overflow_clear_formatting_demo_id_paraid_ │ 51.31 │
│ overflow                                                             │       │
│ clear_formatting_demo_id_paraid_overflow_comments_word               │ 45.42 │
│ clear_formatting_demo_id_paraid_overflow_contract_review_suggesting_ │ 49.76 │
│ insertions                                                           │       │
│ comments_complex_style_attr_word                                     │ 48.55 │
│ complex_style_attr_contract_review_suggesting_insertions_word        │ 50.82 │
│ contract_review_suggesting_insertions_contract_review_suggesting_mix │ 52.24 │
│ ed_edits                                                             │       │
│ contract_review_suggesting_insertions_contract_review_suggesting_mix │ 52.94 │
│ ed_edits_word                                                        │       │
│ contract_review_suggesting_mixed_edits_customer_satisfaction_survey_ │ 54.06 │
│ q4_suggesting_insertions                                             │       │
│ contract_review_suggesting_mixed_edits_customer_satisfaction_survey_ │ 53.62 │
│ q4_suggesting_insertions_word                                        │       │
│ customer_satisfaction_survey_q4_suggesting_insertions_document_100_u │ 49.08 │
│ ltimate_demo_id_paraid_overflow                                      │       │
│ customer_satisfaction_survey_q4_suggesting_insertions_document_100_u │ 49.12 │
│ ltimate_demo_id_paraid_overflow_word                                 │       │
│ document_100_ultimate_demo_id_paraid_overflow_docx_lots_of_comments_ │ 35.83 │
│ addition_redline_addition_v_removal                                  │       │
│ document_100_ultimate_demo_id_paraid_overflow_double_spacing_bold_de │ 73.05 │
│ mo_id_paraid_overflow_word                                           │       │
│ docx_lots_of_comments_addition_docx_lots_of_comments                 │ 35.58 │
│ docx_lots_of_comments_addition_redline_addition_v_removal_docx_lots_ │ 34.82 │
│ of_comments_addition_redline                                         │       │
│ docx_lots_of_comments_addition_redline_docx_lots_of_comments_additio │ 34.72 │
│ n_removal_redline_removal_v_addition                                 │       │
│ docx_lots_of_comments_addition_removal_docx_lots_of_comments_additio │ 34.82 │
│ n                                                                    │       │
│ docx_lots_of_comments_addition_removal_redline_docx_lots_of_comments │ 35.05 │
│ _addition_removal                                                    │       │
│ docx_lots_of_comments_addition_removal_redline_removal_v_addition_do │ 34.72 │
│ cx_lots_of_comments_addition_removal_redline                         │       │
│ docx_lots_of_comments_double_spacing_bold_demo_id_paraid_overflow    │ 36.26 │
│ double_spacing_bold_demo_id_paraid_overflow_eigenpal_docx_editor_sug │ 43.50 │
│ gesting_mixed_edits                                                  │       │
│ eigenpal_docx_editor_suggesting_mixed_edits_employee_directory_table │ 41.79 │
│ _2                                                                   │       │
│ employee_directory_table_2_employee_directory_table                  │ 49.63 │
│ employee_directory_table_employee_review_john_smith_suggesting_inser │ 53.90 │
│ tions                                                                │       │
│ employee_directory_table_employee_review_john_smith_suggesting_inser │ 53.67 │
│ tions_word                                                           │       │
│ employee_review_john_smith_suggesting_insertions_font_color_blue_dem │ 54.33 │
│ o_style_default_missing                                              │       │
│ font_color_blue_demo_style_default_missing_font_color_demo_style_def │ 52.86 │
│ ault_missing                                                         │       │
│ font_color_demo_style_default_missing_font_family_demo_id_paraid_ove │ 47.59 │
│ rflow                                                                │       │
│ font_family_demo_id_paraid_overflow_font_size_12_demo_id_paraid_over │ 48.12 │
│ flow                                                                 │       │
│ font_size_12_demo_id_paraid_overflow_font_size_18_demo_style_default │ 49.08 │
│ _missing                                                             │       │
│ font_size_18_demo_style_default_missing_font_size_24_demo_id_paraid_ │ 50.34 │
│ overflow                                                             │       │
│ font_size_24_demo_id_paraid_overflow_font_size_demo_id_paraid_overfl │ 48.20 │
│ ow                                                                   │       │
│ font_size_demo_id_paraid_overflow_footnotes_sample_word              │ 55.66 │
│ font_size_demo_id_paraid_overflow_green_bold_text_demo_id_paraid_ove │ 46.00 │
│ rflow                                                                │       │
│ footnotes_sample_gdocs_comments_export_word                          │ 47.38 │
│ gdocs_comments_export_green_bold_text_demo_id_paraid_overflow_word   │ 57.92 │
│ green_bold_text_demo_id_paraid_overflow_green_highlight_demo_id_para │ 52.53 │
│ id_overflow                                                          │       │
│ green_highlight_demo_id_paraid_overflow_green_underline_bullet_list_ │ 50.03 │
│ id_paraid_overflow                                                   │       │
│ green_underline_bullet_list_id_paraid_overflow_header_no_rels_word   │ 46.61 │
│ green_underline_bullet_list_id_paraid_overflow_heading_1_bold_demo_i │ 48.53 │
│ d_paraid_overflow                                                    │       │
│ header_no_rels_heading_1_bold_demo_id_paraid_overflow_word           │ 48.97 │
│ heading_1_bold_demo_id_paraid_overflow_heading_1_style_demo_id_parai │ 49.04 │
│ d_overflow                                                           │       │
│ heading_1_style_demo_id_paraid_overflow_heading_2_center_demo_id_par │ 50.45 │
│ aid_overflow                                                         │       │
│ heading_2_center_demo_id_paraid_overflow_heading_2_style_demo_id_par │ 49.89 │
│ aid_overflow                                                         │       │
│ heading_2_style_demo_id_paraid_overflow_heading_3_center_italic_id_p │ 52.79 │
│ araid_overflow                                                       │       │
│ heading_3_center_italic_id_paraid_overflow_heading_3_style_demo_id_p │ 51.35 │
│ araid_overflow_2                                                     │       │
│ heading_3_style_demo_id_paraid_overflow_2_heading_3_style_demo_id_pa │ 71.43 │
│ raid_overflow                                                        │       │
│ heading_3_style_demo_id_paraid_overflow_heading_4_right_italic_id_pa │ 76.24 │
│ raid_overflow                                                        │       │
│ heading_4_right_italic_id_paraid_overflow_heading_4_style_demo_id_pa │ 78.45 │
│ raid_overflow_2                                                      │       │
│ heading_4_style_demo_id_paraid_overflow_2_heading_4_style_demo_id_pa │ 72.86 │
│ raid_overflow                                                        │       │
│ heading_4_style_demo_id_paraid_overflow_helvetica_font_demo_style_de │ 48.89 │
│ fault_missing                                                        │       │
│ helvetica_font_demo_style_default_missing_hr_onboarding_checklist_ta │ 58.53 │
│ ble                                                                  │       │
│ hr_onboarding_checklist_table_i_am_sharing_microsoft_word_vs_google_ │ 36.97 │
│ docs_comprehensive_proof_with_you                                    │       │
│ i_am_sharing_microsoft_word_vs_google_docs_comprehensive_proof_with_ │ 35.72 │
│ you_increase_indent_demo_id_paraid_overflow                          │       │
│ increase_indent_demo_id_paraid_overflow_insert_link_demo_id_paraid_o │ 54.19 │
│ verflow                                                              │       │
│ insert_link_demo_id_paraid_overflow_inventory_list_suggesting_deleti │ 62.04 │
│ ons                                                                  │       │
│ insert_link_demo_id_paraid_overflow_inventory_list_suggesting_deleti │ 62.43 │
│ ons_word                                                             │       │
│ inventory_list_suggesting_deletions_inventory_list_suggesting_mixed_ │ 47.80 │
│ edits                                                                │       │
│ inventory_list_suggesting_deletions_inventory_list_suggesting_mixed_ │ 47.40 │
│ edits_word                                                           │       │
│ inventory_list_suggesting_mixed_edits_it_security_policy_v2_suggesti │ 55.90 │
│ ng_insertions                                                        │       │
│ inventory_list_suggesting_mixed_edits_it_security_policy_v2_suggesti │ 55.83 │
│ ng_insertions_word                                                   │       │
│ it_security_policy_v2_suggesting_insertions_italic_and_underline_com │ 53.92 │
│ bo_style_default_missing                                             │       │
│ it_security_policy_v2_suggesting_insertions_italic_and_underline_com │ 54.22 │
│ bo_style_default_missing_word                                        │       │
│ italic_and_underline_combo_style_default_missing_italic_subscript_de │ 52.46 │
│ mo_style_default_missing                                             │       │
│ italic_subscript_demo_style_default_missing_italic_text_formatting_d │ 51.69 │
│ emo_id_paraid_overflow_2                                             │       │
│ italic_text_formatting_demo_id_paraid_overflow_2_italic_text_formatt │ 53.49 │
│ ing_demo_id_paraid_overflow                                          │       │
│ italic_text_formatting_demo_id_paraid_overflow_italic_underline_comb │ 55.48 │
│ ined_demo_id_paraid_overflow                                         │       │
│ italic_underline_combined_demo_id_paraid_overflow_justified_underlin │ 53.92 │
│ e_demo_id_paraid_overflow                                            │       │
│ justified_underline_demo_id_paraid_overflow_justify_alignment_demo_i │ 52.93 │
│ d_paraid_overflow_2                                                  │       │
│ justify_alignment_demo_id_paraid_overflow_2_justify_alignment_demo_i │ 53.50 │
│ d_paraid_overflow                                                    │       │
│ justify_alignment_demo_id_paraid_overflow_large_font_size_demo_id_pa │ 54.61 │
│ raid_overflow                                                        │       │
│ large_font_size_demo_id_paraid_overflow_left_alignment_demo_id_parai │ 48.18 │
│ d_overflow                                                           │       │
│ left_alignment_demo_id_paraid_overflow_line_spacing_demo_id_paraid_o │ 48.18 │
│ verflow                                                              │       │
│ line_spacing_demo_id_paraid_overflow_marketing_strategy_2026_suggest │ 53.58 │
│ ing_insertions                                                       │       │
│ line_spacing_demo_id_paraid_overflow_marketing_strategy_2026_suggest │ 53.52 │
│ ing_insertions_word                                                  │       │
│ marketing_strategy_2026_suggesting_insertions_meeting_agenda_table_2 │ 61.08 │
│ mcdoc_meeting_agenda_table_2_word                                    │ 50.10 │
│ meeting_agenda_table_2_meeting_agenda_table                          │ 63.84 │
│ meeting_agenda_table_meeting_minutes_id_paraid_overflow              │ 53.68 │
│ meeting_minutes_id_paraid_overflow_meeting_minutes_suggesting_insert │ 55.00 │
│ ions                                                                 │       │
│ meeting_minutes_id_paraid_overflow_meeting_minutes_suggesting_insert │ 54.95 │
│ ions_word                                                            │       │
│ meeting_minutes_suggesting_insertions_multi_section_word             │ 50.56 │
│ meeting_minutes_suggesting_insertions_numbered_list_demo_id_paraid_o │ 53.55 │
│ verflow                                                              │       │
│ multi_section_nested_table_rowspan_word                              │ 49.10 │
│ nested_table_rowspan_numbered_list_demo_id_paraid_overflow_word      │ 49.83 │
│ numbered_list_demo_id_paraid_overflow_numbered_list_italic_demo_id_p │ 54.89 │
│ araid_overflow                                                       │       │
│ numbered_list_italic_demo_id_paraid_overflow_numwords_fldsimple_word │ 49.32 │
│ numbered_list_italic_demo_id_paraid_overflow_open_sans_bold_underlin │ 53.02 │
│ e_id_paraid_overflow                                                 │       │
│ numwords_fldsimple_ole_object_word                                   │ 35.46 │
│ ole_object_ooxml_style_link_word                                     │ 36.35 │
│ ooxml_style_link_open_sans_bold_underline_id_paraid_overflow_word    │ 46.71 │
│ open_sans_bold_underline_id_paraid_overflow_open_sans_font_demo_id_p │ 52.02 │
│ araid_overflow_2                                                     │       │
│ open_sans_font_demo_id_paraid_overflow_2_open_sans_font_demo_id_para │ 50.47 │
│ id_overflow                                                          │       │
│ open_sans_font_demo_id_paraid_overflow_page_numbering_examples_word  │ 51.56 │
│ open_sans_font_demo_id_paraid_overflow_product_roadmap_2026_suggesti │ 51.85 │
│ ng_insertions                                                        │       │
│ page_numbering_examples_potpourritest_word                           │ 43.51 │
│ potpourritest_product_roadmap_2026_suggesting_insertions_word        │ 41.11 │
│ product_roadmap_2026_suggesting_insertions_project_plan_suggesting_i │ 51.97 │
│ nsertions                                                            │       │
│ product_roadmap_2026_suggesting_insertions_project_plan_suggesting_i │ 52.03 │
│ nsertions_word                                                       │       │
│ project_plan_suggesting_insertions_project_proposal_id_paraid_overfl │ 54.87 │
│ ow                                                                   │       │
│ project_plan_suggesting_insertions_project_proposal_id_paraid_overfl │ 54.88 │
│ ow_word                                                              │       │
│ project_proposal_id_paraid_overflow_project_proposal_suggesting_inse │ 53.59 │
│ rtions                                                               │       │
│ project_proposal_suggesting_insertions_project_tasks_suggesting_inse │ 50.72 │
│ rtions_2                                                             │       │
│ project_proposal_suggesting_insertions_project_tasks_suggesting_inse │ 51.26 │
│ rtions_2_word                                                        │       │
│ project_tasks_suggesting_insertions_2_project_tasks_suggesting_inser │ 62.25 │
│ tions                                                                │       │
│ project_tasks_suggesting_insertions_2_project_tasks_suggesting_inser │ 62.40 │
│ tions_word                                                           │       │
│ project_tasks_suggesting_insertions_q1_sales_summary_table_2         │ 63.94 │
│ project_tasks_suggesting_insertions_q1_sales_summary_table_2_word    │ 63.91 │
│ q1_sales_summary_table_2_q1_sales_summary_table                      │ 64.26 │
│ q1_sales_summary_table_quarterly_performance_report_table_2          │ 64.76 │
│ quarterly_performance_report_table_2_quarterly_performance_report_ta │ 62.81 │
│ ble                                                                  │       │
│ quarterly_performance_report_table_red_bold_heading_demo_style_defau │ 45.06 │
│ lt_missing                                                           │       │
│ red_bold_heading_demo_style_default_missing_red_bold_text_demo_id_pa │ 75.18 │
│ raid_overflow                                                        │       │
│ red_bold_text_demo_id_paraid_overflow_red_heading_demo_id_paraid_ove │ 76.92 │
│ rflow                                                                │       │
│ red_heading_demo_id_paraid_overflow_red_strikethrough_demo_style_def │ 47.33 │
│ ault_missing                                                         │       │
│ red_strikethrough_demo_style_default_missing_redline_cicerodo_v_plat │ 44.81 │
│ e_30_word                                                            │       │
│ red_strikethrough_demo_style_default_missing_right_align_bold_demo_i │ 53.08 │
│ d_paraid_overflow                                                    │       │
│ redline_cicerodo_v_plate_30_right_align_bold_demo_id_paraid_overflow │ 43.53 │
│ _word                                                                │       │
│ right_align_bold_demo_id_paraid_overflow_right_aligned_italic_demo_i │ 53.00 │
│ d_paraid_overflow                                                    │       │
│ right_aligned_italic_demo_id_paraid_overflow_right_alignment_demo_id │ 51.28 │
│ _paraid_overflow_2                                                   │       │
│ right_alignment_demo_id_paraid_overflow_2_right_alignment_demo_id_pa │ 54.18 │
│ raid_overflow                                                        │       │
│ right_alignment_demo_id_paraid_overflow_risk_assessment_product_laun │ 52.92 │
│ ch_suggesting_insertions                                             │       │
│ right_alignment_demo_id_paraid_overflow_risk_assessment_product_laun │ 52.91 │
│ ch_suggesting_insertions_word                                        │       │
│ risk_assessment_product_launch_suggesting_insertions_roboto_font_dem │ 48.82 │
│ o_id_paraid_overflow_2                                               │       │
│ risk_assessment_product_launch_suggesting_insertions_roboto_font_dem │ 48.93 │
│ o_id_paraid_overflow_2_word                                          │       │
│ roboto_font_demo_id_paraid_overflow_2_roboto_font_demo_id_paraid_ove │ 49.45 │
│ rflow                                                                │       │
│ roboto_font_demo_id_paraid_overflow_roboto_underline_demo_id_paraid_ │ 51.61 │
│ overflow                                                             │       │
│ roboto_underline_demo_id_paraid_overflow_sales_report_january_2026_s │ 51.72 │
│ uggesting_insertions                                                 │       │
│ roboto_underline_demo_id_paraid_overflow_sales_report_january_2026_s │ 51.71 │
│ uggesting_insertions_word                                            │       │
│ sales_report_january_2026_suggesting_insertions_sample_document_afte │ 38.83 │
│ rword_repaired_word_repaired                                         │       │
│ sales_report_january_2026_suggesting_insertions_sample_document_afte │ 38.61 │
│ rword_repaired_word_repaired_word                                    │       │
│ sample_document_afterword_repaired_word_repaired_sample_document_rea │ 37.51 │
│ lly_repaired_word_repaired                                           │       │
│ sample_document_really_repaired_word_repaired_sample_document_word_r │ 37.43 │
│ epair_of_our_output_iter2_word_repaired                              │       │
│ sample_document_word_repair_of_our_output_iter2_word_repaired_sample │ 37.34 │
│ _document_word_repair_of_our_output_word_repaired                    │       │
│ sample_document_word_repair_of_our_output_iter2_word_repaired_sample │ 37.09 │
│ _document_word_repair_of_our_output_word_repaired_word               │       │
│ sample_document_word_repair_of_our_output_word_repaired_sd_2517_loca │ 36.53 │
│ lized_heading_styles_word                                            │       │
│ sample_document_word_repair_of_our_output_word_repaired_small_font_s │ 41.80 │
│ ize_demo_id_paraid_overflow                                          │       │
│ sd_2517_localized_heading_styles_sectpr_headerref_word               │ 38.49 │
│ sectpr_headerref_single_paragraph_word                               │ 46.83 │
│ single_paragraph_small_font_size_demo_id_paraid_overflow_word        │ 56.34 │
│ small_font_size_demo_id_paraid_overflow_strict01_sdt_controls_word   │ 35.71 │
│ small_font_size_demo_id_paraid_overflow_strikethrough_and_italic_com │ 52.08 │
│ bo_id_paraid_overflow                                                │       │
│ strict01_sdt_controls_strict01_word                                  │ 36.73 │
│ strict01_strikethrough_and_italic_combo_id_paraid_overflow_word      │ 36.43 │
│ strikethrough_and_italic_combo_id_paraid_overflow_strikethrough_bold │ 50.02 │
│ _demo_id_paraid_overflow                                             │       │
│ strikethrough_bold_demo_id_paraid_overflow_strikethrough_text_demo_i │ 52.92 │
│ d_paraid_overflow                                                    │       │
│ strikethrough_text_demo_id_paraid_overflow_strikethrough_text_format │ 76.83 │
│ ting_demo_id_paraid_overflow                                         │       │
│ strikethrough_text_formatting_demo_id_paraid_overflow_subscript_demo │ 50.26 │
│ _id_paraid_overflow                                                  │       │
│ subscript_demo_id_paraid_overflow_subscript_demo_style_default_missi │ 48.30 │
│ ng                                                                   │       │
│ subscript_demo_style_default_missing_subtitle_style_demo_id_paraid_o │ 47.93 │
│ verflow                                                              │       │
│ subtitle_style_demo_id_paraid_overflow_subtitle_style_demo_style_def │ 49.01 │
│ ault_missing                                                         │       │
│ subtitle_style_demo_style_default_missing_superscript_demo_id_paraid │ 46.89 │
│ _overflow_2                                                          │       │
│ superscript_demo_id_paraid_overflow_2_superscript_demo_id_paraid_ove │ 49.44 │
│ rflow                                                                │       │
│ superscript_demo_id_paraid_overflow_superscript_demo_style_default_m │ 54.36 │
│ issing                                                               │       │
│ superscript_demo_style_default_missing_support_tickets_summary_id_pa │ 52.73 │
│ raid_overflow_word                                                   │       │
│ superscript_demo_style_default_missing_support_tickets_table         │ 62.94 │
│ support_tickets_summary_id_paraid_overflow_support_tickets_table_wor │ 61.72 │
│ d                                                                    │       │
│ support_tickets_summary_id_paraid_overflow_text_highlight_demo_style │ 53.72 │
│ _default_missing                                                     │       │
│ support_tickets_table_support_tickets_summary_id_paraid_overflow     │ 48.20 │
│ support_tickets_table_table_bookmark_end_word                        │ 40.00 │
│ table_bookmark_end_table_vmerge_colspan_word                         │ 39.99 │
│ table_vmerge_colspan_text_box_word                                   │ 47.23 │
│ text_box_text_highlight_demo_style_default_missing_word              │ 53.27 │
│ text_highlight_demo_style_default_missing_tiff_image_word            │ 47.74 │
│ text_highlight_demo_style_default_missing_times_new_roman_bold_id_pa │ 48.11 │
│ raid_overflow                                                        │       │
│ tiff_image_times_new_roman_bold_id_paraid_overflow_word              │ 48.50 │
│ times_new_roman_bold_id_paraid_overflow_times_new_roman_font_id_para │ 49.75 │
│ id_overflow                                                          │       │
│ times_new_roman_font_id_paraid_overflow_title_style_centered_demo_id │ 73.70 │
│ _paraid_overflow                                                     │       │
│ title_style_centered_demo_id_paraid_overflow_title_style_demo_id_par │ 43.80 │
│ aid_overflow                                                         │       │
│ title_style_demo_id_paraid_overflow_title_style_demo_style_default_m │ 49.91 │
│ issing                                                               │       │
│ title_style_demo_style_default_missing_track_changes_editing_bullet_ │ 41.48 │
│ id_paraid_overflow                                                   │       │
│ track_changes_editing_bullet_id_paraid_overflow_track_changes_editin │ 50.83 │
│ g_strikethrough_id_paraid_overflow                                   │       │
│ track_changes_editing_strikethrough_id_paraid_overflow_track_changes │ 50.92 │
│ _suggesting_bold_id_paraid_overflow                                  │       │
│ track_changes_suggesting_bold_id_paraid_overflow_track_changes_sugge │ 49.10 │
│ sting_calibri_id_paraid_overflow                                     │       │
│ track_changes_suggesting_calibri_id_paraid_overflow_track_changes_su │ 54.12 │
│ ggesting_center_id_paraid_overflow                                   │       │
│ track_changes_suggesting_center_id_paraid_overflow_track_changes_sug │ 48.50 │
│ gesting_heading_id_paraid_overflow                                   │       │
│ track_changes_suggesting_heading_id_paraid_overflow_track_changes_su │ 59.16 │
│ ggesting_italic_id_paraid_overflow                                   │       │
│ track_changes_suggesting_italic_id_paraid_overflow_track_changes_sug │ 46.02 │
│ gesting_title_id_paraid_overflow                                     │       │
│ track_changes_suggesting_title_id_paraid_overflow_training_materials │ 39.41 │
│ _onboarding_program_suggesting_insertions                            │       │
│ track_changes_suggesting_title_id_paraid_overflow_training_materials │ 39.41 │
│ _onboarding_program_suggesting_insertions_word                       │       │
│ training_materials_onboarding_program_suggesting_insertions_underlin │ 54.55 │
│ e_text_demo_id_paraid_overflow                                       │       │
│ training_materials_onboarding_program_suggesting_insertions_underlin │ 54.60 │
│ e_text_demo_id_paraid_overflow_word                                  │       │
│ underline_text_demo_id_paraid_overflow_underline_text_formatting_dem │ 54.16 │
│ o_style_default_missing                                              │       │
│ underline_text_formatting_demo_style_default_missing_verdana_bold_la │ 48.78 │
│ rge_font_id_paraid_overflow                                          │       │
│ verdana_bold_large_font_id_paraid_overflow_verdana_font_demo_id_para │ 50.83 │
│ id_overflow                                                          │       │
│ verdana_bold_large_font_id_paraid_overflow_verdana_font_demo_id_para │ 48.56 │
│ id_overflow_2_word                                                   │       │
│ verdana_font_demo_id_paraid_overflow_2_verdana_font_demo_id_paraid_o │ 47.89 │
│ verflow_word                                                         │       │
│ verdana_font_demo_id_paraid_overflow_verdana_italic_centered_demo_id │ 49.03 │
│ _paraid_overflow                                                     │       │
│ verdana_italic_centered_demo_id_paraid_overflow_word_clean_strict01  │ 35.47 │
│ word_clean_strict01_word_tolerated_broken_media_rel                  │ 36.25 │
│ word_tolerated_broken_media_rel_word_tolerated_duplicate_ppr         │ 45.10 │
│ word_tolerated_duplicate_ppr_word_tolerated_misplaced_link           │ 42.84 │
│ word_tolerated_misplaced_link_word_tolerated_misplaced_pgsz          │ 49.73 │
│ word_tolerated_misplaced_pgsz_word_tolerated_misplaced_uipriority    │ 39.97 │
│ word_tolerated_misplaced_uipriority_word_tolerated_orphan_comment    │ 42.81 │
│ word_tolerated_orphan_comment_yellow_highlight_demo_id_paraid_overfl │ 58.68 │
│ ow                                                                   │       │
│ yellow_highlight_demo_id_paraid_overflow_yellow_highlight_italic_dem │ 49.32 │
│ o_style_default_missing                                              │       │
│ yellow_highlight_demo_id_paraid_overflow_yellow_highlight_italic_dem │ 53.23 │
│ o_style_default_missing_word                                         │       │
╰──────────────────────────────────────────────────────────────────────┴───────╯
           mean 50.95 · median 51.09 · min 34.72 · max 78.45 · n 230            
2 render failure(s) recorded on visual_redlines
page-count mismatch on 205 doc(s) (scored on the shared pages only): 
1_5_line_spacing_id_paraid_overflow_24_id_paraid_overflow (oracle 1 vs candidate
2); 24_id_paraid_overflow_alternate_content_word (oracle 1 vs candidate 2); 
24_id_paraid_overflow_blue_bold_centered_demo_id_paraid_overflow (oracle 1 vs 
candidate 2); alternate_content_anchor_images_word (oracle 1 vs candidate 2); 
blue_bold_centered_demo_id_paraid_overflow_blue_centered_title_demo_style_defaul
t_missing (oracle 1 vs candidate 2) …

────────────────────────── benchmark: script_redlines ──────────────────────────
                            folio  ·  230 documents                             
╭──────────────────────────────────────────────────────────────────────┬───────╮
│ document                                                             │ score │
├──────────────────────────────────────────────────────────────────────┼───────┤
│ 1_5_line_spacing_id_paraid_overflow_24_id_paraid_overflow            │ 47.09 │
│ 24_id_paraid_overflow_alternate_content_word                         │ 53.99 │
│ 24_id_paraid_overflow_blue_bold_centered_demo_id_paraid_overflow     │ 56.12 │
│ alternate_content_anchor_images_word                                 │ 51.49 │
│ blue_bold_centered_demo_id_paraid_overflow_blue_centered_title_demo_ │ 47.51 │
│ style_default_missing                                                │       │
│ blue_centered_title_demo_style_default_missing_blue_italic_text_demo │ 43.58 │
│ _id_paraid_overflow                                                  │       │
│ blue_italic_text_demo_id_paraid_overflow_blue_underline_combo_demo_i │ 52.91 │
│ d_paraid_overflow                                                    │       │
│ blue_underline_combo_demo_id_paraid_overflow_bold_and_italic_combo_s │ 55.03 │
│ tyle_default_missing                                                 │       │
│ bold_and_italic_combo_style_default_missing_bold_and_underline_combo │ 56.75 │
│ _id_paraid_overflow                                                  │       │
│ bold_and_underline_combo_id_paraid_overflow_bold_italic_combined_dem │ 55.35 │
│ o_id_paraid_overflow                                                 │       │
│ bold_italic_combined_demo_id_paraid_overflow_bold_italic_underline_d │ 54.61 │
│ emo_id_paraid_overflow                                               │       │
│ bold_italic_underline_demo_id_paraid_overflow_bold_red_text_combo_id │ 52.75 │
│ _paraid_overflow                                                     │       │
│ bold_red_text_combo_id_paraid_overflow_bold_superscript_demo_style_d │ 51.89 │
│ efault_missing                                                       │       │
│ bold_superscript_demo_style_default_missing_bold_text_formatting_dem │ 53.70 │
│ o_id_paraid_overflow_2                                               │       │
│ bold_text_formatting_demo_id_paraid_overflow_2_bold_text_formatting_ │ 77.24 │
│ demo_id_paraid_overflow                                              │       │
│ bold_text_formatting_demo_id_paraid_overflow_bold_underline_combined │ 55.73 │
│ _demo_id_paraid_overflow                                             │       │
│ bold_underline_combined_demo_id_paraid_overflow_bold_underline_highl │ 54.55 │
│ ight_demo_id_paraid_overflow                                         │       │
│ bold_underline_highlight_demo_id_paraid_overflow_book_catalog_id_par │ 53.54 │
│ aid_overflow                                                         │       │
│ book_catalog_id_paraid_overflow_book_catalog_table                   │ 61.38 │
│ book_catalog_table_budget_report_q1_2026_suggesting_insertions       │ 62.54 │
│ book_catalog_table_budget_report_q1_2026_suggesting_insertions_word  │ 62.52 │
│ budget_report_q1_2026_suggesting_insertions_bullet_list_bold_demo_id │ 55.20 │
│ _paraid_overflow                                                     │       │
│ budget_report_q1_2026_suggesting_insertions_bullet_list_bold_demo_id │ 55.16 │
│ _paraid_overflow_word                                                │       │
│ bullet_list_bold_demo_id_paraid_overflow_bullet_list_demo_id_paraid_ │ 53.35 │
│ overflow                                                             │       │
│ bullet_list_demo_id_paraid_overflow_calibri_bold_italic_demo_id_para │ 52.19 │
│ id_overflow                                                          │       │
│ calibri_bold_italic_demo_id_paraid_overflow_calibri_font_demo_id_par │ 49.60 │
│ aid_overflow_2                                                       │       │
│ calibri_font_demo_id_paraid_overflow_2_calibri_font_demo_id_paraid_o │ 48.54 │
│ verflow                                                              │       │
│ calibri_font_demo_id_paraid_overflow_calibri_heading_2_right_id_para │ 48.80 │
│ id_overflow                                                          │       │
│ calibri_heading_2_right_id_paraid_overflow_center_aligned_bold_text_ │ 47.93 │
│ id_paraid_overflow                                                   │       │
│ center_aligned_bold_text_id_paraid_overflow_center_alignment_demo_id │ 53.17 │
│ _paraid_overflow_2                                                   │       │
│ center_alignment_demo_id_paraid_overflow_2_center_alignment_demo_id_ │ 54.34 │
│ paraid_overflow                                                      │       │
│ center_alignment_demo_id_paraid_overflow_center_bold_demo_id_paraid_ │ 54.44 │
│ overflow                                                             │       │
│ center_bold_demo_id_paraid_overflow_clear_formatting_demo_id_paraid_ │ 51.31 │
│ overflow                                                             │       │
│ clear_formatting_demo_id_paraid_overflow_comments_word               │ 45.42 │
│ clear_formatting_demo_id_paraid_overflow_contract_review_suggesting_ │ 49.76 │
│ insertions                                                           │       │
│ comments_complex_style_attr_word                                     │ 48.55 │
│ complex_style_attr_contract_review_suggesting_insertions_word        │ 50.82 │
│ contract_review_suggesting_insertions_contract_review_suggesting_mix │ 52.24 │
│ ed_edits                                                             │       │
│ contract_review_suggesting_insertions_contract_review_suggesting_mix │ 52.94 │
│ ed_edits_word                                                        │       │
│ contract_review_suggesting_mixed_edits_customer_satisfaction_survey_ │ 54.06 │
│ q4_suggesting_insertions                                             │       │
│ contract_review_suggesting_mixed_edits_customer_satisfaction_survey_ │ 53.62 │
│ q4_suggesting_insertions_word                                        │       │
│ customer_satisfaction_survey_q4_suggesting_insertions_document_100_u │ 49.08 │
│ ltimate_demo_id_paraid_overflow                                      │       │
│ customer_satisfaction_survey_q4_suggesting_insertions_document_100_u │ 49.12 │
│ ltimate_demo_id_paraid_overflow_word                                 │       │
│ document_100_ultimate_demo_id_paraid_overflow_docx_lots_of_comments_ │ 35.83 │
│ addition_redline_addition_v_removal                                  │       │
│ document_100_ultimate_demo_id_paraid_overflow_double_spacing_bold_de │ 73.05 │
│ mo_id_paraid_overflow_word                                           │       │
│ docx_lots_of_comments_addition_docx_lots_of_comments                 │ 35.58 │
│ docx_lots_of_comments_addition_redline_addition_v_removal_docx_lots_ │ 34.82 │
│ of_comments_addition_redline                                         │       │
│ docx_lots_of_comments_addition_redline_docx_lots_of_comments_additio │ 34.72 │
│ n_removal_redline_removal_v_addition                                 │       │
│ docx_lots_of_comments_addition_removal_docx_lots_of_comments_additio │ 34.82 │
│ n                                                                    │       │
│ docx_lots_of_comments_addition_removal_redline_docx_lots_of_comments │ 35.05 │
│ _addition_removal                                                    │       │
│ docx_lots_of_comments_addition_removal_redline_removal_v_addition_do │ 34.72 │
│ cx_lots_of_comments_addition_removal_redline                         │       │
│ docx_lots_of_comments_double_spacing_bold_demo_id_paraid_overflow    │ 36.26 │
│ double_spacing_bold_demo_id_paraid_overflow_eigenpal_docx_editor_sug │ 43.50 │
│ gesting_mixed_edits                                                  │       │
│ eigenpal_docx_editor_suggesting_mixed_edits_employee_directory_table │ 41.79 │
│ _2                                                                   │       │
│ employee_directory_table_2_employee_directory_table                  │ 49.63 │
│ employee_directory_table_employee_review_john_smith_suggesting_inser │ 53.90 │
│ tions                                                                │       │
│ employee_directory_table_employee_review_john_smith_suggesting_inser │ 53.67 │
│ tions_word                                                           │       │
│ employee_review_john_smith_suggesting_insertions_font_color_blue_dem │ 54.33 │
│ o_style_default_missing                                              │       │
│ font_color_blue_demo_style_default_missing_font_color_demo_style_def │ 52.86 │
│ ault_missing                                                         │       │
│ font_color_demo_style_default_missing_font_family_demo_id_paraid_ove │ 47.59 │
│ rflow                                                                │       │
│ font_family_demo_id_paraid_overflow_font_size_12_demo_id_paraid_over │ 48.12 │
│ flow                                                                 │       │
│ font_size_12_demo_id_paraid_overflow_font_size_18_demo_style_default │ 49.08 │
│ _missing                                                             │       │
│ font_size_18_demo_style_default_missing_font_size_24_demo_id_paraid_ │ 50.34 │
│ overflow                                                             │       │
│ font_size_24_demo_id_paraid_overflow_font_size_demo_id_paraid_overfl │ 48.20 │
│ ow                                                                   │       │
│ font_size_demo_id_paraid_overflow_footnotes_sample_word              │ 55.66 │
│ font_size_demo_id_paraid_overflow_green_bold_text_demo_id_paraid_ove │ 46.00 │
│ rflow                                                                │       │
│ footnotes_sample_gdocs_comments_export_word                          │ 47.38 │
│ gdocs_comments_export_green_bold_text_demo_id_paraid_overflow_word   │ 57.92 │
│ green_bold_text_demo_id_paraid_overflow_green_highlight_demo_id_para │ 52.53 │
│ id_overflow                                                          │       │
│ green_highlight_demo_id_paraid_overflow_green_underline_bullet_list_ │ 50.03 │
│ id_paraid_overflow                                                   │       │
│ green_underline_bullet_list_id_paraid_overflow_header_no_rels_word   │ 46.61 │
│ green_underline_bullet_list_id_paraid_overflow_heading_1_bold_demo_i │ 48.53 │
│ d_paraid_overflow                                                    │       │
│ header_no_rels_heading_1_bold_demo_id_paraid_overflow_word           │ 48.97 │
│ heading_1_bold_demo_id_paraid_overflow_heading_1_style_demo_id_parai │ 49.04 │
│ d_overflow                                                           │       │
│ heading_1_style_demo_id_paraid_overflow_heading_2_center_demo_id_par │ 50.45 │
│ aid_overflow                                                         │       │
│ heading_2_center_demo_id_paraid_overflow_heading_2_style_demo_id_par │ 49.89 │
│ aid_overflow                                                         │       │
│ heading_2_style_demo_id_paraid_overflow_heading_3_center_italic_id_p │ 52.79 │
│ araid_overflow                                                       │       │
│ heading_3_center_italic_id_paraid_overflow_heading_3_style_demo_id_p │ 51.35 │
│ araid_overflow_2                                                     │       │
│ heading_3_style_demo_id_paraid_overflow_2_heading_3_style_demo_id_pa │ 71.43 │
│ raid_overflow                                                        │       │
│ heading_3_style_demo_id_paraid_overflow_heading_4_right_italic_id_pa │ 76.24 │
│ raid_overflow                                                        │       │
│ heading_4_right_italic_id_paraid_overflow_heading_4_style_demo_id_pa │ 78.45 │
│ raid_overflow_2                                                      │       │
│ heading_4_style_demo_id_paraid_overflow_2_heading_4_style_demo_id_pa │ 72.86 │
│ raid_overflow                                                        │       │
│ heading_4_style_demo_id_paraid_overflow_helvetica_font_demo_style_de │ 48.89 │
│ fault_missing                                                        │       │
│ helvetica_font_demo_style_default_missing_hr_onboarding_checklist_ta │ 58.53 │
│ ble                                                                  │       │
│ hr_onboarding_checklist_table_i_am_sharing_microsoft_word_vs_google_ │ 36.97 │
│ docs_comprehensive_proof_with_you                                    │       │
│ i_am_sharing_microsoft_word_vs_google_docs_comprehensive_proof_with_ │ 35.72 │
│ you_increase_indent_demo_id_paraid_overflow                          │       │
│ increase_indent_demo_id_paraid_overflow_insert_link_demo_id_paraid_o │ 54.19 │
│ verflow                                                              │       │
│ insert_link_demo_id_paraid_overflow_inventory_list_suggesting_deleti │ 62.04 │
│ ons                                                                  │       │
│ insert_link_demo_id_paraid_overflow_inventory_list_suggesting_deleti │ 62.43 │
│ ons_word                                                             │       │
│ inventory_list_suggesting_deletions_inventory_list_suggesting_mixed_ │ 47.80 │
│ edits                                                                │       │
│ inventory_list_suggesting_deletions_inventory_list_suggesting_mixed_ │ 47.40 │
│ edits_word                                                           │       │
│ inventory_list_suggesting_mixed_edits_it_security_policy_v2_suggesti │ 55.90 │
│ ng_insertions                                                        │       │
│ inventory_list_suggesting_mixed_edits_it_security_policy_v2_suggesti │ 55.83 │
│ ng_insertions_word                                                   │       │
│ it_security_policy_v2_suggesting_insertions_italic_and_underline_com │ 53.92 │
│ bo_style_default_missing                                             │       │
│ it_security_policy_v2_suggesting_insertions_italic_and_underline_com │ 54.22 │
│ bo_style_default_missing_word                                        │       │
│ italic_and_underline_combo_style_default_missing_italic_subscript_de │ 52.46 │
│ mo_style_default_missing                                             │       │
│ italic_subscript_demo_style_default_missing_italic_text_formatting_d │ 51.69 │
│ emo_id_paraid_overflow_2                                             │       │
│ italic_text_formatting_demo_id_paraid_overflow_2_italic_text_formatt │ 53.49 │
│ ing_demo_id_paraid_overflow                                          │       │
│ italic_text_formatting_demo_id_paraid_overflow_italic_underline_comb │ 55.48 │
│ ined_demo_id_paraid_overflow                                         │       │
│ italic_underline_combined_demo_id_paraid_overflow_justified_underlin │ 53.92 │
│ e_demo_id_paraid_overflow                                            │       │
│ justified_underline_demo_id_paraid_overflow_justify_alignment_demo_i │ 52.93 │
│ d_paraid_overflow_2                                                  │       │
│ justify_alignment_demo_id_paraid_overflow_2_justify_alignment_demo_i │ 53.50 │
│ d_paraid_overflow                                                    │       │
│ justify_alignment_demo_id_paraid_overflow_large_font_size_demo_id_pa │ 54.61 │
│ raid_overflow                                                        │       │
│ large_font_size_demo_id_paraid_overflow_left_alignment_demo_id_parai │ 48.18 │
│ d_overflow                                                           │       │
│ left_alignment_demo_id_paraid_overflow_line_spacing_demo_id_paraid_o │ 48.18 │
│ verflow                                                              │       │
│ line_spacing_demo_id_paraid_overflow_marketing_strategy_2026_suggest │ 53.58 │
│ ing_insertions                                                       │       │
│ line_spacing_demo_id_paraid_overflow_marketing_strategy_2026_suggest │ 53.52 │
│ ing_insertions_word                                                  │       │
│ marketing_strategy_2026_suggesting_insertions_meeting_agenda_table_2 │ 61.08 │
│ mcdoc_meeting_agenda_table_2_word                                    │ 50.10 │
│ meeting_agenda_table_2_meeting_agenda_table                          │ 63.84 │
│ meeting_agenda_table_meeting_minutes_id_paraid_overflow              │ 53.68 │
│ meeting_minutes_id_paraid_overflow_meeting_minutes_suggesting_insert │ 55.00 │
│ ions                                                                 │       │
│ meeting_minutes_id_paraid_overflow_meeting_minutes_suggesting_insert │ 54.95 │
│ ions_word                                                            │       │
│ meeting_minutes_suggesting_insertions_multi_section_word             │ 50.56 │
│ meeting_minutes_suggesting_insertions_numbered_list_demo_id_paraid_o │ 53.55 │
│ verflow                                                              │       │
│ multi_section_nested_table_rowspan_word                              │ 49.10 │
│ nested_table_rowspan_numbered_list_demo_id_paraid_overflow_word      │ 49.83 │
│ numbered_list_demo_id_paraid_overflow_numbered_list_italic_demo_id_p │ 54.89 │
│ araid_overflow                                                       │       │
│ numbered_list_italic_demo_id_paraid_overflow_numwords_fldsimple_word │ 49.32 │
│ numbered_list_italic_demo_id_paraid_overflow_open_sans_bold_underlin │ 53.02 │
│ e_id_paraid_overflow                                                 │       │
│ numwords_fldsimple_ole_object_word                                   │ 35.46 │
│ ole_object_ooxml_style_link_word                                     │ 36.35 │
│ ooxml_style_link_open_sans_bold_underline_id_paraid_overflow_word    │ 46.71 │
│ open_sans_bold_underline_id_paraid_overflow_open_sans_font_demo_id_p │ 52.02 │
│ araid_overflow_2                                                     │       │
│ open_sans_font_demo_id_paraid_overflow_2_open_sans_font_demo_id_para │ 50.47 │
│ id_overflow                                                          │       │
│ open_sans_font_demo_id_paraid_overflow_page_numbering_examples_word  │ 51.56 │
│ open_sans_font_demo_id_paraid_overflow_product_roadmap_2026_suggesti │ 51.85 │
│ ng_insertions                                                        │       │
│ page_numbering_examples_potpourritest_word                           │ 43.51 │
│ potpourritest_product_roadmap_2026_suggesting_insertions_word        │ 41.11 │
│ product_roadmap_2026_suggesting_insertions_project_plan_suggesting_i │ 51.97 │
│ nsertions                                                            │       │
│ product_roadmap_2026_suggesting_insertions_project_plan_suggesting_i │ 52.03 │
│ nsertions_word                                                       │       │
│ project_plan_suggesting_insertions_project_proposal_id_paraid_overfl │ 54.87 │
│ ow                                                                   │       │
│ project_plan_suggesting_insertions_project_proposal_id_paraid_overfl │ 54.88 │
│ ow_word                                                              │       │
│ project_proposal_id_paraid_overflow_project_proposal_suggesting_inse │ 53.59 │
│ rtions                                                               │       │
│ project_proposal_suggesting_insertions_project_tasks_suggesting_inse │ 50.72 │
│ rtions_2                                                             │       │
│ project_proposal_suggesting_insertions_project_tasks_suggesting_inse │ 51.26 │
│ rtions_2_word                                                        │       │
│ project_tasks_suggesting_insertions_2_project_tasks_suggesting_inser │ 62.25 │
│ tions                                                                │       │
│ project_tasks_suggesting_insertions_2_project_tasks_suggesting_inser │ 62.40 │
│ tions_word                                                           │       │
│ project_tasks_suggesting_insertions_q1_sales_summary_table_2         │ 63.94 │
│ project_tasks_suggesting_insertions_q1_sales_summary_table_2_word    │ 63.91 │
│ q1_sales_summary_table_2_q1_sales_summary_table                      │ 64.26 │
│ q1_sales_summary_table_quarterly_performance_report_table_2          │ 64.76 │
│ quarterly_performance_report_table_2_quarterly_performance_report_ta │ 62.81 │
│ ble                                                                  │       │
│ quarterly_performance_report_table_red_bold_heading_demo_style_defau │ 45.06 │
│ lt_missing                                                           │       │
│ red_bold_heading_demo_style_default_missing_red_bold_text_demo_id_pa │ 75.18 │
│ raid_overflow                                                        │       │
│ red_bold_text_demo_id_paraid_overflow_red_heading_demo_id_paraid_ove │ 76.92 │
│ rflow                                                                │       │
│ red_heading_demo_id_paraid_overflow_red_strikethrough_demo_style_def │ 47.33 │
│ ault_missing                                                         │       │
│ red_strikethrough_demo_style_default_missing_redline_cicerodo_v_plat │ 44.81 │
│ e_30_word                                                            │       │
│ red_strikethrough_demo_style_default_missing_right_align_bold_demo_i │ 53.08 │
│ d_paraid_overflow                                                    │       │
│ redline_cicerodo_v_plate_30_right_align_bold_demo_id_paraid_overflow │ 43.53 │
│ _word                                                                │       │
│ right_align_bold_demo_id_paraid_overflow_right_aligned_italic_demo_i │ 53.00 │
│ d_paraid_overflow                                                    │       │
│ right_aligned_italic_demo_id_paraid_overflow_right_alignment_demo_id │ 51.28 │
│ _paraid_overflow_2                                                   │       │
│ right_alignment_demo_id_paraid_overflow_2_right_alignment_demo_id_pa │ 54.18 │
│ raid_overflow                                                        │       │
│ right_alignment_demo_id_paraid_overflow_risk_assessment_product_laun │ 52.92 │
│ ch_suggesting_insertions                                             │       │
│ right_alignment_demo_id_paraid_overflow_risk_assessment_product_laun │ 52.91 │
│ ch_suggesting_insertions_word                                        │       │
│ risk_assessment_product_launch_suggesting_insertions_roboto_font_dem │ 48.82 │
│ o_id_paraid_overflow_2                                               │       │
│ risk_assessment_product_launch_suggesting_insertions_roboto_font_dem │ 48.93 │
│ o_id_paraid_overflow_2_word                                          │       │
│ roboto_font_demo_id_paraid_overflow_2_roboto_font_demo_id_paraid_ove │ 49.45 │
│ rflow                                                                │       │
│ roboto_font_demo_id_paraid_overflow_roboto_underline_demo_id_paraid_ │ 51.61 │
│ overflow                                                             │       │
│ roboto_underline_demo_id_paraid_overflow_sales_report_january_2026_s │ 51.72 │
│ uggesting_insertions                                                 │       │
│ roboto_underline_demo_id_paraid_overflow_sales_report_january_2026_s │ 51.71 │
│ uggesting_insertions_word                                            │       │
│ sales_report_january_2026_suggesting_insertions_sample_document_afte │ 38.83 │
│ rword_repaired_word_repaired                                         │       │
│ sales_report_january_2026_suggesting_insertions_sample_document_afte │ 38.61 │
│ rword_repaired_word_repaired_word                                    │       │
│ sample_document_afterword_repaired_word_repaired_sample_document_rea │ 37.51 │
│ lly_repaired_word_repaired                                           │       │
│ sample_document_really_repaired_word_repaired_sample_document_word_r │ 37.43 │
│ epair_of_our_output_iter2_word_repaired                              │       │
│ sample_document_word_repair_of_our_output_iter2_word_repaired_sample │ 37.34 │
│ _document_word_repair_of_our_output_word_repaired                    │       │
│ sample_document_word_repair_of_our_output_iter2_word_repaired_sample │ 37.09 │
│ _document_word_repair_of_our_output_word_repaired_word               │       │
│ sample_document_word_repair_of_our_output_word_repaired_sd_2517_loca │ 36.53 │
│ lized_heading_styles_word                                            │       │
│ sample_document_word_repair_of_our_output_word_repaired_small_font_s │ 41.80 │
│ ize_demo_id_paraid_overflow                                          │       │
│ sd_2517_localized_heading_styles_sectpr_headerref_word               │ 38.49 │
│ sectpr_headerref_single_paragraph_word                               │ 46.83 │
│ single_paragraph_small_font_size_demo_id_paraid_overflow_word        │ 56.34 │
│ small_font_size_demo_id_paraid_overflow_strict01_sdt_controls_word   │ 35.71 │
│ small_font_size_demo_id_paraid_overflow_strikethrough_and_italic_com │ 52.08 │
│ bo_id_paraid_overflow                                                │       │
│ strict01_sdt_controls_strict01_word                                  │ 36.73 │
│ strict01_strikethrough_and_italic_combo_id_paraid_overflow_word      │ 36.43 │
│ strikethrough_and_italic_combo_id_paraid_overflow_strikethrough_bold │ 50.02 │
│ _demo_id_paraid_overflow                                             │       │
│ strikethrough_bold_demo_id_paraid_overflow_strikethrough_text_demo_i │ 52.92 │
│ d_paraid_overflow                                                    │       │
│ strikethrough_text_demo_id_paraid_overflow_strikethrough_text_format │ 76.83 │
│ ting_demo_id_paraid_overflow                                         │       │
│ strikethrough_text_formatting_demo_id_paraid_overflow_subscript_demo │ 50.26 │
│ _id_paraid_overflow                                                  │       │
│ subscript_demo_id_paraid_overflow_subscript_demo_style_default_missi │ 48.30 │
│ ng                                                                   │       │
│ subscript_demo_style_default_missing_subtitle_style_demo_id_paraid_o │ 47.93 │
│ verflow                                                              │       │
│ subtitle_style_demo_id_paraid_overflow_subtitle_style_demo_style_def │ 49.01 │
│ ault_missing                                                         │       │
│ subtitle_style_demo_style_default_missing_superscript_demo_id_paraid │ 46.89 │
│ _overflow_2                                                          │       │
│ superscript_demo_id_paraid_overflow_2_superscript_demo_id_paraid_ove │ 49.44 │
│ rflow                                                                │       │
│ superscript_demo_id_paraid_overflow_superscript_demo_style_default_m │ 54.36 │
│ issing                                                               │       │
│ superscript_demo_style_default_missing_support_tickets_summary_id_pa │ 52.73 │
│ raid_overflow_word                                                   │       │
│ superscript_demo_style_default_missing_support_tickets_table         │ 62.94 │
│ support_tickets_summary_id_paraid_overflow_support_tickets_table_wor │ 61.72 │
│ d                                                                    │       │
│ support_tickets_summary_id_paraid_overflow_text_highlight_demo_style │ 53.72 │
│ _default_missing                                                     │       │
│ support_tickets_table_support_tickets_summary_id_paraid_overflow     │ 48.20 │
│ support_tickets_table_table_bookmark_end_word                        │ 40.00 │
│ table_bookmark_end_table_vmerge_colspan_word                         │ 39.99 │
│ table_vmerge_colspan_text_box_word                                   │ 47.23 │
│ text_box_text_highlight_demo_style_default_missing_word              │ 53.27 │
│ text_highlight_demo_style_default_missing_tiff_image_word            │ 47.74 │
│ text_highlight_demo_style_default_missing_times_new_roman_bold_id_pa │ 48.11 │
│ raid_overflow                                                        │       │
│ tiff_image_times_new_roman_bold_id_paraid_overflow_word              │ 48.50 │
│ times_new_roman_bold_id_paraid_overflow_times_new_roman_font_id_para │ 49.75 │
│ id_overflow                                                          │       │
│ times_new_roman_font_id_paraid_overflow_title_style_centered_demo_id │ 73.70 │
│ _paraid_overflow                                                     │       │
│ title_style_centered_demo_id_paraid_overflow_title_style_demo_id_par │ 43.80 │
│ aid_overflow                                                         │       │
│ title_style_demo_id_paraid_overflow_title_style_demo_style_default_m │ 49.91 │
│ issing                                                               │       │
│ title_style_demo_style_default_missing_track_changes_editing_bullet_ │ 41.48 │
│ id_paraid_overflow                                                   │       │
│ track_changes_editing_bullet_id_paraid_overflow_track_changes_editin │ 50.83 │
│ g_strikethrough_id_paraid_overflow                                   │       │
│ track_changes_editing_strikethrough_id_paraid_overflow_track_changes │ 50.92 │
│ _suggesting_bold_id_paraid_overflow                                  │       │
│ track_changes_suggesting_bold_id_paraid_overflow_track_changes_sugge │ 49.10 │
│ sting_calibri_id_paraid_overflow                                     │       │
│ track_changes_suggesting_calibri_id_paraid_overflow_track_changes_su │ 54.12 │
│ ggesting_center_id_paraid_overflow                                   │       │
│ track_changes_suggesting_center_id_paraid_overflow_track_changes_sug │ 48.50 │
│ gesting_heading_id_paraid_overflow                                   │       │
│ track_changes_suggesting_heading_id_paraid_overflow_track_changes_su │ 59.16 │
│ ggesting_italic_id_paraid_overflow                                   │       │
│ track_changes_suggesting_italic_id_paraid_overflow_track_changes_sug │ 46.02 │
│ gesting_title_id_paraid_overflow                                     │       │
│ track_changes_suggesting_title_id_paraid_overflow_training_materials │ 39.41 │
│ _onboarding_program_suggesting_insertions                            │       │
│ track_changes_suggesting_title_id_paraid_overflow_training_materials │ 39.41 │
│ _onboarding_program_suggesting_insertions_word                       │       │
│ training_materials_onboarding_program_suggesting_insertions_underlin │ 54.55 │
│ e_text_demo_id_paraid_overflow                                       │       │
│ training_materials_onboarding_program_suggesting_insertions_underlin │ 54.60 │
│ e_text_demo_id_paraid_overflow_word                                  │       │
│ underline_text_demo_id_paraid_overflow_underline_text_formatting_dem │ 54.16 │
│ o_style_default_missing                                              │       │
│ underline_text_formatting_demo_style_default_missing_verdana_bold_la │ 48.78 │
│ rge_font_id_paraid_overflow                                          │       │
│ verdana_bold_large_font_id_paraid_overflow_verdana_font_demo_id_para │ 50.83 │
│ id_overflow                                                          │       │
│ verdana_bold_large_font_id_paraid_overflow_verdana_font_demo_id_para │ 48.56 │
│ id_overflow_2_word                                                   │       │
│ verdana_font_demo_id_paraid_overflow_2_verdana_font_demo_id_paraid_o │ 47.89 │
│ verflow_word                                                         │       │
│ verdana_font_demo_id_paraid_overflow_verdana_italic_centered_demo_id │ 49.03 │
│ _paraid_overflow                                                     │       │
│ verdana_italic_centered_demo_id_paraid_overflow_word_clean_strict01  │ 35.47 │
│ word_clean_strict01_word_tolerated_broken_media_rel                  │ 36.25 │
│ word_tolerated_broken_media_rel_word_tolerated_duplicate_ppr         │ 45.10 │
│ word_tolerated_duplicate_ppr_word_tolerated_misplaced_link           │ 42.84 │
│ word_tolerated_misplaced_link_word_tolerated_misplaced_pgsz          │ 49.73 │
│ word_tolerated_misplaced_pgsz_word_tolerated_misplaced_uipriority    │ 39.97 │
│ word_tolerated_misplaced_uipriority_word_tolerated_orphan_comment    │ 42.81 │
│ word_tolerated_orphan_comment_yellow_highlight_demo_id_paraid_overfl │ 58.68 │
│ ow                                                                   │       │
│ yellow_highlight_demo_id_paraid_overflow_yellow_highlight_italic_dem │ 49.32 │
│ o_style_default_missing                                              │       │
│ yellow_highlight_demo_id_paraid_overflow_yellow_highlight_italic_dem │ 53.23 │
│ o_style_default_missing_word                                         │       │
╰──────────────────────────────────────────────────────────────────────┴───────╯
           mean 50.95 · median 51.09 · min 34.72 · max 78.45 · n 230            
2 doc(s) recorded as failed in the JSONL
jsonl: appended → results-compare/bench.jsonl
jsonl: appended → results-compare/bench.jsonl
harness server stopped
=== RUN folio-playwright-accepted 00:48:17 ===
──────────────── folio-playwright-accepted  (render=playwright) ────────────────
starting harness server for folio-playwright-accepted: cd 
src/neurotic_docx_bench/utils/folio/harness/folio-viewer && 
./node_modules/.bin/vite --port 5175 --host 127.0.0.1
harness server ready → http://127.0.0.1:5175/harness.html
tool_version: 0.5.0
2 render failures
visual report → 
runs-compare/folio-playwright-accepted_2026-07-18_00-48/report.html
run 'folio-playwright-accepted' FAILED: accepted key collision in 
runs-compare/folio-playwright-accepted_2026-07-18_00-48/pdf: 
'book_catalog_table_budget_report_q1_2026_suggesting_insertions' <- 
['book_catalog_table_budget_report_q1_2026_suggesting_insertions_redline.pdf', 
'book_catalog_table_budget_report_q1_2026_suggesting_insertions_word_redline.pdf
']; 
'budget_report_q1_2026_suggesting_insertions_bullet_list_bold_demo_id_paraid_ove
rflow' <- 
['budget_report_q1_2026_suggesting_insertions_bullet_list_bold_demo_id_paraid_ov
erflow_redline.pdf', 
'budget_report_q1_2026_suggesting_insertions_bullet_list_bold_demo_id_paraid_ove
rflow_word_redline.pdf']; 
'contract_review_suggesting_insertions_contract_review_suggesting_mixed_edits' 
<- 
['contract_review_suggesting_insertions_contract_review_suggesting_mixed_edits_r
edline.pdf', 
'contract_review_suggesting_insertions_contract_review_suggesting_mixed_edits_wo
rd_redline.pdf']; 
'contract_review_suggesting_mixed_edits_customer_satisfaction_survey_q4_suggesti
ng_insertions' <- 
['contract_review_suggesting_mixed_edits_customer_satisfaction_survey_q4_suggest
ing_insertions_redline.pdf', 
'contract_review_suggesting_mixed_edits_customer_satisfaction_survey_q4_suggesti
ng_insertions_word_redline.pdf']; 
'customer_satisfaction_survey_q4_suggesting_insertions_document_100_ultimate_dem
o_id_paraid_overflow' <- 
['customer_satisfaction_survey_q4_suggesting_insertions_document_100_ultimate_de
mo_id_paraid_overflow_redline.pdf', 
'customer_satisfaction_survey_q4_suggesting_insertions_document_100_ultimate_dem
o_id_paraid_overflow_word_redline.pdf']; 
'employee_directory_table_employee_review_john_smith_suggesting_insertions' <- 
['employee_directory_table_employee_review_john_smith_suggesting_insertions_redl
ine.pdf', 
'employee_directory_table_employee_review_john_smith_suggesting_insertions_word_
redline.pdf']; 
'insert_link_demo_id_paraid_overflow_inventory_list_suggesting_deletions' <- 
['insert_link_demo_id_paraid_overflow_inventory_list_suggesting_deletions_redlin
e.pdf', 
'insert_link_demo_id_paraid_overflow_inventory_list_suggesting_deletions_word_re
dline.pdf']; 
'inventory_list_suggesting_deletions_inventory_list_suggesting_mixed_edits' <- 
['inventory_list_suggesting_deletions_inventory_list_suggesting_mixed_edits_redl
ine.pdf', 
'inventory_list_suggesting_deletions_inventory_list_suggesting_mixed_edits_word_
redline.pdf']; 
'inventory_list_suggesting_mixed_edits_it_security_policy_v2_suggesting_insertio
ns' <- 
['inventory_list_suggesting_mixed_edits_it_security_policy_v2_suggesting_inserti
ons_redline.pdf', 
'inventory_list_suggesting_mixed_edits_it_security_policy_v2_suggesting_insertio
ns_word_redline.pdf']; 
'it_security_policy_v2_suggesting_insertions_italic_and_underline_combo_style_de
fault_missing' <- 
['it_security_policy_v2_suggesting_insertions_italic_and_underline_combo_style_d
efault_missing_redline.pdf', 
'it_security_policy_v2_suggesting_insertions_italic_and_underline_combo_style_de
fault_missing_word_redline.pdf']; 
'line_spacing_demo_id_paraid_overflow_marketing_strategy_2026_suggesting_inserti
ons' <- 
['line_spacing_demo_id_paraid_overflow_marketing_strategy_2026_suggesting_insert
ions_redline.pdf', 
'line_spacing_demo_id_paraid_overflow_marketing_strategy_2026_suggesting_inserti
ons_word_redline.pdf']; 
'meeting_minutes_id_paraid_overflow_meeting_minutes_suggesting_insertions' <- 
['meeting_minutes_id_paraid_overflow_meeting_minutes_suggesting_insertions_redli
ne.pdf', 
'meeting_minutes_id_paraid_overflow_meeting_minutes_suggesting_insertions_word_r
edline.pdf']; 
'product_roadmap_2026_suggesting_insertions_project_plan_suggesting_insertions' 
<- 
['product_roadmap_2026_suggesting_insertions_project_plan_suggesting_insertions_
redline.pdf', 
'product_roadmap_2026_suggesting_insertions_project_plan_suggesting_insertions_w
ord_redline.pdf']; 
'project_plan_suggesting_insertions_project_proposal_id_paraid_overflow' <- 
['project_plan_suggesting_insertions_project_proposal_id_paraid_overflow_redline
.pdf', 
'project_plan_suggesting_insertions_project_proposal_id_paraid_overflow_word_red
line.pdf']; 
'project_proposal_suggesting_insertions_project_tasks_suggesting_insertions_2' 
<- 
['project_proposal_suggesting_insertions_project_tasks_suggesting_insertions_2_r
edline.pdf', 
'project_proposal_suggesting_insertions_project_tasks_suggesting_insertions_2_wo
rd_redline.pdf']; 
'project_tasks_suggesting_insertions_2_project_tasks_suggesting_insertions' <- 
['project_tasks_suggesting_insertions_2_project_tasks_suggesting_insertions_redl
ine.pdf', 
'project_tasks_suggesting_insertions_2_project_tasks_suggesting_insertions_word_
redline.pdf']; 'project_tasks_suggesting_insertions_q1_sales_summary_table_2' <-
['project_tasks_suggesting_insertions_q1_sales_summary_table_2_redline.pdf', 
'project_tasks_suggesting_insertions_q1_sales_summary_table_2_word_redline.pdf']
; 
'right_alignment_demo_id_paraid_overflow_risk_assessment_product_launch_suggesti
ng_insertions' <- 
['right_alignment_demo_id_paraid_overflow_risk_assessment_product_launch_suggest
ing_insertions_redline.pdf', 
'right_alignment_demo_id_paraid_overflow_risk_assessment_product_launch_suggesti
ng_insertions_word_redline.pdf']; 
'risk_assessment_product_launch_suggesting_insertions_roboto_font_demo_id_paraid
_overflow_2' <- 
['risk_assessment_product_launch_suggesting_insertions_roboto_font_demo_id_parai
d_overflow_2_redline.pdf', 
'risk_assessment_product_launch_suggesting_insertions_roboto_font_demo_id_paraid
_overflow_2_word_redline.pdf']; 
'roboto_underline_demo_id_paraid_overflow_sales_report_january_2026_suggesting_i
nsertions' <- 
['roboto_underline_demo_id_paraid_overflow_sales_report_january_2026_suggesting_
insertions_redline.pdf', 
'roboto_underline_demo_id_paraid_overflow_sales_report_january_2026_suggesting_i
nsertions_word_redline.pdf']; 
'sales_report_january_2026_suggesting_insertions_sample_document_afterword_repai
red_word_repaired' <- 
['sales_report_january_2026_suggesting_insertions_sample_document_afterword_repa
ired_word_repaired_redline.pdf', 
'sales_report_january_2026_suggesting_insertions_sample_document_afterword_repai
red_word_repaired_word_redline.pdf']; 
'sample_document_word_repair_of_our_output_iter2_word_repaired_sample_document_w
ord_repair_of_our_output_word_repaired' <- 
['sample_document_word_repair_of_our_output_iter2_word_repaired_sample_document_
word_repair_of_our_output_word_repaired_redline.pdf', 
'sample_document_word_repair_of_our_output_iter2_word_repaired_sample_document_w
ord_repair_of_our_output_word_repaired_word_redline.pdf']; 
'track_changes_suggesting_title_id_paraid_overflow_training_materials_onboarding
_program_suggesting_insertions' <- 
['track_changes_suggesting_title_id_paraid_overflow_training_materials_onboardin
g_program_suggesting_insertions_redline.pdf', 
'track_changes_suggesting_title_id_paraid_overflow_training_materials_onboarding
_program_suggesting_insertions_word_redline.pdf']; 
'training_materials_onboarding_program_suggesting_insertions_underline_text_demo
_id_paraid_overflow' <- 
['training_materials_onboarding_program_suggesting_insertions_underline_text_dem
o_id_paraid_overflow_redline.pdf', 
'training_materials_onboarding_program_suggesting_insertions_underline_text_demo
_id_paraid_overflow_word_redline.pdf']; 
'yellow_highlight_demo_id_paraid_overflow_yellow_highlight_italic_demo_style_def
ault_missing' <- 
['yellow_highlight_demo_id_paraid_overflow_yellow_highlight_italic_demo_style_de
fault_missing_redline.pdf', 
'yellow_highlight_demo_id_paraid_overflow_yellow_highlight_italic_demo_style_def
ault_missing_word_redline.pdf']
harness server stopped
1 run(s) failed: folio-playwright-accepted
!!! folio-playwright-accepted FAILED
=== RUN folio-current-playwright-rendering 00:52:01 ===
─────────── folio-current-playwright-rendering  (render=playwright) ────────────
starting harness server for folio-current-playwright-rendering: cd 
harness/folio-viewer-current && ./node_modules/.bin/vite --port 5176 --host 
127.0.0.1
harness server ready → http://127.0.0.1:5176/harness.html
tool_version: 0.10.2
2 render failures
visual report → 
runs-compare/folio-current-playwright-rendering_2026-07-18_00-52/report.html

───────────────────────── benchmark: visual_rendering ──────────────────────────
                            folio  ·  197 documents                             
╭──────────────────────────────────────────────────────────────────────┬───────╮
│ document                                                             │ score │
├──────────────────────────────────────────────────────────────────────┼───────┤
│ 1_5_line_spacing_id_paraid_overflow                                  │ 76.08 │
│ 24_id_paraid_overflow                                                │ 77.29 │
│ alternate_content                                                    │ 48.80 │
│ anchor_images                                                        │ 51.10 │
│ blue_bold_centered_demo_id_paraid_overflow                           │ 81.13 │
│ blue_centered_title_demo_style_default_missing                       │ 90.47 │
│ blue_italic_text_demo_id_paraid_overflow                             │ 82.03 │
│ blue_underline_combo_demo_id_paraid_overflow                         │ 55.69 │
│ bold_and_italic_combo_style_default_missing                          │ 82.95 │
│ bold_and_underline_combo_id_paraid_overflow                          │ 56.57 │
│ bold_italic_combined_demo_id_paraid_overflow                         │ 82.34 │
│ bold_italic_underline_demo_id_paraid_overflow                        │ 55.67 │
│ bold_red_text_combo_id_paraid_overflow                               │ 54.71 │
│ bold_superscript_demo_style_default_missing                          │ 51.32 │
│ bold_text_formatting_demo_id_paraid_overflow                         │ 77.37 │
│ bold_text_formatting_demo_id_paraid_overflow_2                       │ 54.02 │
│ bold_underline_combined_demo_id_paraid_overflow                      │ 56.27 │
│ bold_underline_highlight_demo_id_paraid_overflow                     │ 54.93 │
│ book_catalog_id_paraid_overflow                                      │ 71.25 │
│ book_catalog_table                                                   │ 66.41 │
│ budget_report_q1_2026_suggesting_insertions                          │ 55.52 │
│ bullet_list_bold_demo_id_paraid_overflow                             │ 79.44 │
│ bullet_list_demo_id_paraid_overflow                                  │ 56.56 │
│ calibri_bold_italic_demo_id_paraid_overflow                          │ 51.64 │
│ calibri_font_demo_id_paraid_overflow                                 │ 52.08 │
│ calibri_font_demo_id_paraid_overflow_2                               │ 51.15 │
│ calibri_heading_2_right_id_paraid_overflow                           │ 51.99 │
│ center_aligned_bold_text_id_paraid_overflow                          │ 79.57 │
│ center_alignment_demo_id_paraid_overflow                             │ 77.20 │
│ center_alignment_demo_id_paraid_overflow_2                           │ 55.09 │
│ center_bold_demo_id_paraid_overflow                                  │ 81.74 │
│ clear_formatting_demo_id_paraid_overflow                             │ 54.98 │
│ comments                                                             │ 46.47 │
│ complex_style_attr                                                   │ 49.05 │
│ contract_review_suggesting_insertions                                │ 51.76 │
│ contract_review_suggesting_mixed_edits                               │ 49.92 │
│ customer_satisfaction_survey_q4_suggesting_insertions                │ 55.56 │
│ document_100_ultimate_demo_id_paraid_overflow                        │ 81.35 │
│ docx_lots_of_comments                                                │ 36.17 │
│ docx_lots_of_comments_addition                                       │ 35.60 │
│ docx_lots_of_comments_addition_redline                               │ 35.42 │
│ docx_lots_of_comments_addition_redline_addition_v_removal            │ 34.73 │
│ docx_lots_of_comments_addition_removal                               │ 35.82 │
│ docx_lots_of_comments_addition_removal_redline                       │ 35.42 │
│ docx_lots_of_comments_addition_removal_redline_removal_v_addition    │ 34.87 │
│ double_spacing_bold_demo_id_paraid_overflow                          │ 77.30 │
│ eigenpal_docx_editor_suggesting_mixed_edits                          │ 37.08 │
│ eigenpal_docx_editor_suggesting_mixed_edits_2                        │ 40.96 │
│ employee_directory_table                                             │ 50.48 │
│ employee_directory_table_2                                           │ 49.48 │
│ employee_review_john_smith_suggesting_insertions                     │ 55.54 │
│ endnotes_sample                                                      │ 49.29 │
│ font_color_blue_demo_style_default_missing                           │ 84.78 │
│ font_color_demo_style_default_missing                                │ 55.10 │
│ font_family_demo_id_paraid_overflow                                  │ 50.33 │
│ font_size_12_demo_id_paraid_overflow                                 │ 51.68 │
│ font_size_18_demo_style_default_missing                              │ 78.01 │
│ font_size_24_demo_id_paraid_overflow                                 │ 48.15 │
│ font_size_demo_id_paraid_overflow                                    │ 77.75 │
│ footnotes_sample                                                     │ 47.60 │
│ gdocs_comments_export                                                │ 48.96 │
│ green_bold_text_demo_id_paraid_overflow                              │ 84.48 │
│ green_highlight_demo_id_paraid_overflow                              │ 79.65 │
│ green_underline_bullet_list_id_paraid_overflow                       │ 56.11 │
│ header_no_rels                                                       │ 48.68 │
│ heading_1_bold_demo_id_paraid_overflow                               │ 80.38 │
│ heading_1_style_demo_id_paraid_overflow                              │ 80.68 │
│ heading_2_center_demo_id_paraid_overflow                             │ 81.47 │
│ heading_2_style_demo_id_paraid_overflow                              │ 79.78 │
│ heading_3_center_italic_id_paraid_overflow                           │ 82.86 │
│ heading_3_style_demo_id_paraid_overflow                              │ 82.07 │
│ heading_3_style_demo_id_paraid_overflow_2                            │ 83.33 │
│ heading_4_right_italic_id_paraid_overflow                            │ 83.40 │
│ heading_4_style_demo_id_paraid_overflow                              │ 83.10 │
│ heading_4_style_demo_id_paraid_overflow_2                            │ 84.11 │
│ helvetica_font_demo_style_default_missing                            │ 60.67 │
│ hr_onboarding_checklist_table                                        │ 65.14 │
│ i_am_sharing_microsoft_word_vs_google_docs_comprehensive_proof_with_ │ 35.94 │
│ you                                                                  │       │
│ image_out_of_folder                                                  │ 46.71 │
│ increase_indent_demo_id_paraid_overflow                              │ 70.82 │
│ insert_link_demo_id_paraid_overflow                                  │ 53.89 │
│ inventory_list_suggesting_deletions                                  │ 61.46 │
│ inventory_list_suggesting_mixed_edits                                │ 50.11 │
│ it_security_policy_v2_suggesting_insertions                          │ 56.18 │
│ italic_and_underline_combo_style_default_missing                     │ 55.17 │
│ italic_subscript_demo_style_default_missing                          │ 49.15 │
│ italic_text_formatting_demo_id_paraid_overflow                       │ 54.77 │
│ italic_text_formatting_demo_id_paraid_overflow_2                     │ 53.91 │
│ italic_underline_combined_demo_id_paraid_overflow                    │ 55.19 │
│ justified_underline_demo_id_paraid_overflow                          │ 80.73 │
│ justify_alignment_demo_id_paraid_overflow                            │ 79.30 │
│ justify_alignment_demo_id_paraid_overflow_2                          │ 78.66 │
│ large_font_size_demo_id_paraid_overflow                              │ 49.66 │
│ left_alignment_demo_id_paraid_overflow                               │ 82.09 │
│ line_spacing_demo_id_paraid_overflow                                 │ 79.57 │
│ marketing_strategy_2026_suggesting_insertions                        │ 56.04 │
│ meeting_agenda_table                                                 │ 49.15 │
│ meeting_agenda_table_2                                               │ 61.37 │
│ meeting_minutes_id_paraid_overflow                                   │ 81.48 │
│ meeting_minutes_suggesting_insertions                                │ 55.20 │
│ multi_section                                                        │ 50.23 │
│ nested_table_rowspan                                                 │ 50.74 │
│ numbered_list_demo_id_paraid_overflow                                │ 55.67 │
│ numbered_list_italic_demo_id_paraid_overflow                         │ 73.60 │
│ numwords_fldsimple                                                   │ 51.33 │
│ ole_object                                                           │ 37.76 │
│ ooxml_style_link                                                     │ 49.71 │
│ open_sans_bold_underline_id_paraid_overflow                          │ 51.68 │
│ open_sans_font_demo_id_paraid_overflow                               │ 52.00 │
│ open_sans_font_demo_id_paraid_overflow_2                             │ 51.83 │
│ page_numbering_examples                                              │ 50.23 │
│ potpourritest                                                        │ 41.64 │
│ product_roadmap_2026_suggesting_insertions                           │ 55.41 │
│ project_plan_suggesting_insertions                                   │ 55.44 │
│ project_proposal_id_paraid_overflow                                  │ 78.34 │
│ project_proposal_suggesting_insertions                               │ 53.37 │
│ project_tasks_suggesting_insertions                                  │ 62.14 │
│ project_tasks_suggesting_insertions_2                                │ 50.75 │
│ q1_sales_summary_table                                               │ 61.93 │
│ q1_sales_summary_table_2                                             │ 49.54 │
│ quarterly_performance_report_table                                   │ 49.26 │
│ quarterly_performance_report_table_2                                 │ 60.66 │
│ red_bold_heading_demo_style_default_missing                          │ 74.02 │
│ red_bold_text_demo_id_paraid_overflow                                │ 79.35 │
│ red_heading_demo_id_paraid_overflow                                  │ 78.62 │
│ red_strikethrough_demo_style_default_missing                         │ 78.83 │
│ redline_cicerodo_v_plate_30                                          │ 42.67 │
│ right_align_bold_demo_id_paraid_overflow                             │ 78.97 │
│ right_aligned_italic_demo_id_paraid_overflow                         │ 78.74 │
│ right_alignment_demo_id_paraid_overflow                              │ 77.05 │
│ right_alignment_demo_id_paraid_overflow_2                            │ 76.90 │
│ risk_assessment_product_launch_suggesting_insertions                 │ 56.27 │
│ roboto_font_demo_id_paraid_overflow                                  │ 51.62 │
│ roboto_font_demo_id_paraid_overflow_2                                │ 51.55 │
│ roboto_underline_demo_id_paraid_overflow                             │ 52.00 │
│ sales_report_january_2026_suggesting_insertions                      │ 56.59 │
│ sample_document_afterword_repaired_word_repaired                     │ 37.08 │
│ sample_document_really_repaired_word_repaired                        │ 37.08 │
│ sample_document_word_repair_of_our_output_iter2_word_repaired        │ 37.12 │
│ sample_document_word_repair_of_our_output_iter2_word_repaired_2      │ 37.20 │
│ sample_document_word_repair_of_our_output_word_repaired              │ 37.08 │
│ sample_document_word_repair_of_our_output_word_repaired_2            │ 37.58 │
│ sd_2517_localized_heading_styles                                     │ 36.96 │
│ sectpr_headerref                                                     │ 46.85 │
│ single_paragraph                                                     │ 48.99 │
│ small_font_size_demo_id_paraid_overflow                              │ 60.72 │
│ strict01                                                             │ 37.76 │
│ strict01_sdt_controls                                                │ 37.76 │
│ strikethrough_and_italic_combo_id_paraid_overflow                    │ 80.46 │
│ strikethrough_bold_demo_id_paraid_overflow                           │ 78.61 │
│ strikethrough_text_demo_id_paraid_overflow                           │ 55.42 │
│ strikethrough_text_formatting_demo_id_paraid_overflow                │ 50.73 │
│ subscript_demo_id_paraid_overflow                                    │ 49.22 │
│ subscript_demo_style_default_missing                                 │ 49.34 │
│ subtitle_style_demo_id_paraid_overflow                               │ 94.47 │
│ subtitle_style_demo_style_default_missing                            │ 93.35 │
│ superscript_demo_id_paraid_overflow                                  │ 51.17 │
│ superscript_demo_id_paraid_overflow_2                                │ 50.95 │
│ superscript_demo_style_default_missing                               │ 52.09 │
│ support_tickets_summary_id_paraid_overflow                           │ 73.15 │
│ support_tickets_table                                                │ 61.54 │
│ table_bookmark_end                                                   │ 40.93 │
│ table_vmerge_colspan                                                 │ 48.16 │
│ text_box                                                             │ 44.44 │
│ text_highlight_demo_style_default_missing                            │ 56.34 │
│ tiff_image                                                           │ 45.87 │
│ times_new_roman_bold_id_paraid_overflow                              │ 80.34 │
│ times_new_roman_font_id_paraid_overflow                              │ 78.97 │
│ title_style_centered_demo_id_paraid_overflow                         │ 85.61 │
│ title_style_demo_id_paraid_overflow                                  │ 85.36 │
│ title_style_demo_style_default_missing                               │ 85.80 │
│ track_changes_editing_bullet_id_paraid_overflow                      │ 76.50 │
│ track_changes_editing_strikethrough_id_paraid_overflow               │ 78.40 │
│ track_changes_suggesting_bold_id_paraid_overflow                     │ 81.26 │
│ track_changes_suggesting_calibri_id_paraid_overflow                  │ 50.78 │
│ track_changes_suggesting_center_id_paraid_overflow                   │ 54.82 │
│ track_changes_suggesting_heading_id_paraid_overflow                  │ 75.81 │
│ track_changes_suggesting_italic_id_paraid_overflow                   │ 78.73 │
│ track_changes_suggesting_title_id_paraid_overflow                    │ 55.34 │
│ training_materials_onboarding_program_suggesting_insertions          │ 56.22 │
│ underline_text_demo_id_paraid_overflow                               │ 55.06 │
│ underline_text_formatting_demo_style_default_missing                 │ 53.88 │
│ verdana_bold_large_font_id_paraid_overflow                           │ 51.40 │
│ verdana_font_demo_id_paraid_overflow                                 │ 48.90 │
│ verdana_font_demo_id_paraid_overflow_2                               │ 56.34 │
│ verdana_italic_centered_demo_id_paraid_overflow                      │ 48.56 │
│ verdana_italic_centered_demo_id_paraid_overflow_2                    │ 52.69 │
│ word_clean_strict01                                                  │ 37.76 │
│ word_tolerated_broken_media_rel                                      │ 48.41 │
│ word_tolerated_duplicate_ppr                                         │ 78.82 │
│ word_tolerated_misplaced_link                                        │ 49.71 │
│ word_tolerated_misplaced_pgsz                                        │ 56.29 │
│ word_tolerated_misplaced_uipriority                                  │ 38.53 │
│ word_tolerated_orphan_comment                                        │ 47.00 │
│ yellow_highlight_demo_id_paraid_overflow                             │ 54.74 │
│ yellow_highlight_italic_demo_style_default_missing                   │ 54.31 │
│ yellow_highlight_italic_demo_style_default_missing_2                 │ 49.44 │
╰──────────────────────────────────────────────────────────────────────┴───────╯
           mean 59.75 · median 55.10 · min 34.73 · max 94.47 · n 197            
2 render failure(s) recorded on visual_rendering
no matched documents scored
2 doc(s) recorded as failed in the JSONL
jsonl: appended → results-compare/bench.jsonl
harness server stopped
=== RUN folio-current-playwright-redlines 00:55:34 ===
──────────── folio-current-playwright-redlines  (render=playwright) ────────────
starting harness server for folio-current-playwright-redlines: cd 
harness/folio-viewer-current && ./node_modules/.bin/vite --port 5176 --host 
127.0.0.1
harness server ready → http://127.0.0.1:5176/harness.html
tool_version: 0.10.2
2 render failures
visual report → 
runs-compare/folio-current-playwright-redlines_2026-07-18_00-55/report.html

────────────────────────── benchmark: visual_redlines ──────────────────────────
                            folio  ·  230 documents                             
╭──────────────────────────────────────────────────────────────────────┬───────╮
│ document                                                             │ score │
├──────────────────────────────────────────────────────────────────────┼───────┤
│ 1_5_line_spacing_id_paraid_overflow_24_id_paraid_overflow            │ 47.09 │
│ 24_id_paraid_overflow_alternate_content_word                         │ 53.99 │
│ 24_id_paraid_overflow_blue_bold_centered_demo_id_paraid_overflow     │ 56.12 │
│ alternate_content_anchor_images_word                                 │ 51.49 │
│ blue_bold_centered_demo_id_paraid_overflow_blue_centered_title_demo_ │ 47.51 │
│ style_default_missing                                                │       │
│ blue_centered_title_demo_style_default_missing_blue_italic_text_demo │ 43.58 │
│ _id_paraid_overflow                                                  │       │
│ blue_italic_text_demo_id_paraid_overflow_blue_underline_combo_demo_i │ 52.91 │
│ d_paraid_overflow                                                    │       │
│ blue_underline_combo_demo_id_paraid_overflow_bold_and_italic_combo_s │ 55.03 │
│ tyle_default_missing                                                 │       │
│ bold_and_italic_combo_style_default_missing_bold_and_underline_combo │ 56.75 │
│ _id_paraid_overflow                                                  │       │
│ bold_and_underline_combo_id_paraid_overflow_bold_italic_combined_dem │ 55.35 │
│ o_id_paraid_overflow                                                 │       │
│ bold_italic_combined_demo_id_paraid_overflow_bold_italic_underline_d │ 54.61 │
│ emo_id_paraid_overflow                                               │       │
│ bold_italic_underline_demo_id_paraid_overflow_bold_red_text_combo_id │ 52.75 │
│ _paraid_overflow                                                     │       │
│ bold_red_text_combo_id_paraid_overflow_bold_superscript_demo_style_d │ 51.89 │
│ efault_missing                                                       │       │
│ bold_superscript_demo_style_default_missing_bold_text_formatting_dem │ 53.70 │
│ o_id_paraid_overflow_2                                               │       │
│ bold_text_formatting_demo_id_paraid_overflow_2_bold_text_formatting_ │ 77.24 │
│ demo_id_paraid_overflow                                              │       │
│ bold_text_formatting_demo_id_paraid_overflow_bold_underline_combined │ 55.73 │
│ _demo_id_paraid_overflow                                             │       │
│ bold_underline_combined_demo_id_paraid_overflow_bold_underline_highl │ 54.55 │
│ ight_demo_id_paraid_overflow                                         │       │
│ bold_underline_highlight_demo_id_paraid_overflow_book_catalog_id_par │ 53.54 │
│ aid_overflow                                                         │       │
│ book_catalog_id_paraid_overflow_book_catalog_table                   │ 61.38 │
│ book_catalog_table_budget_report_q1_2026_suggesting_insertions       │ 62.54 │
│ book_catalog_table_budget_report_q1_2026_suggesting_insertions_word  │ 62.52 │
│ budget_report_q1_2026_suggesting_insertions_bullet_list_bold_demo_id │ 55.20 │
│ _paraid_overflow                                                     │       │
│ budget_report_q1_2026_suggesting_insertions_bullet_list_bold_demo_id │ 55.16 │
│ _paraid_overflow_word                                                │       │
│ bullet_list_bold_demo_id_paraid_overflow_bullet_list_demo_id_paraid_ │ 53.35 │
│ overflow                                                             │       │
│ bullet_list_demo_id_paraid_overflow_calibri_bold_italic_demo_id_para │ 52.19 │
│ id_overflow                                                          │       │
│ calibri_bold_italic_demo_id_paraid_overflow_calibri_font_demo_id_par │ 49.60 │
│ aid_overflow_2                                                       │       │
│ calibri_font_demo_id_paraid_overflow_2_calibri_font_demo_id_paraid_o │ 48.54 │
│ verflow                                                              │       │
│ calibri_font_demo_id_paraid_overflow_calibri_heading_2_right_id_para │ 48.80 │
│ id_overflow                                                          │       │
│ calibri_heading_2_right_id_paraid_overflow_center_aligned_bold_text_ │ 47.93 │
│ id_paraid_overflow                                                   │       │
│ center_aligned_bold_text_id_paraid_overflow_center_alignment_demo_id │ 53.17 │
│ _paraid_overflow_2                                                   │       │
│ center_alignment_demo_id_paraid_overflow_2_center_alignment_demo_id_ │ 54.34 │
│ paraid_overflow                                                      │       │
│ center_alignment_demo_id_paraid_overflow_center_bold_demo_id_paraid_ │ 54.44 │
│ overflow                                                             │       │
│ center_bold_demo_id_paraid_overflow_clear_formatting_demo_id_paraid_ │ 51.31 │
│ overflow                                                             │       │
│ clear_formatting_demo_id_paraid_overflow_comments_word               │ 45.42 │
│ clear_formatting_demo_id_paraid_overflow_contract_review_suggesting_ │ 49.76 │
│ insertions                                                           │       │
│ comments_complex_style_attr_word                                     │ 48.34 │
│ complex_style_attr_contract_review_suggesting_insertions_word        │ 50.82 │
│ contract_review_suggesting_insertions_contract_review_suggesting_mix │ 52.24 │
│ ed_edits                                                             │       │
│ contract_review_suggesting_insertions_contract_review_suggesting_mix │ 52.94 │
│ ed_edits_word                                                        │       │
│ contract_review_suggesting_mixed_edits_customer_satisfaction_survey_ │ 54.06 │
│ q4_suggesting_insertions                                             │       │
│ contract_review_suggesting_mixed_edits_customer_satisfaction_survey_ │ 53.62 │
│ q4_suggesting_insertions_word                                        │       │
│ customer_satisfaction_survey_q4_suggesting_insertions_document_100_u │ 49.08 │
│ ltimate_demo_id_paraid_overflow                                      │       │
│ customer_satisfaction_survey_q4_suggesting_insertions_document_100_u │ 49.12 │
│ ltimate_demo_id_paraid_overflow_word                                 │       │
│ document_100_ultimate_demo_id_paraid_overflow_docx_lots_of_comments_ │ 35.83 │
│ addition_redline_addition_v_removal                                  │       │
│ document_100_ultimate_demo_id_paraid_overflow_double_spacing_bold_de │ 73.05 │
│ mo_id_paraid_overflow_word                                           │       │
│ docx_lots_of_comments_addition_docx_lots_of_comments                 │ 35.58 │
│ docx_lots_of_comments_addition_redline_addition_v_removal_docx_lots_ │ 34.82 │
│ of_comments_addition_redline                                         │       │
│ docx_lots_of_comments_addition_redline_docx_lots_of_comments_additio │ 34.72 │
│ n_removal_redline_removal_v_addition                                 │       │
│ docx_lots_of_comments_addition_removal_docx_lots_of_comments_additio │ 34.82 │
│ n                                                                    │       │
│ docx_lots_of_comments_addition_removal_redline_docx_lots_of_comments │ 35.05 │
│ _addition_removal                                                    │       │
│ docx_lots_of_comments_addition_removal_redline_removal_v_addition_do │ 34.72 │
│ cx_lots_of_comments_addition_removal_redline                         │       │
│ docx_lots_of_comments_double_spacing_bold_demo_id_paraid_overflow    │ 36.26 │
│ double_spacing_bold_demo_id_paraid_overflow_eigenpal_docx_editor_sug │ 43.50 │
│ gesting_mixed_edits                                                  │       │
│ eigenpal_docx_editor_suggesting_mixed_edits_employee_directory_table │ 41.79 │
│ _2                                                                   │       │
│ employee_directory_table_2_employee_directory_table                  │ 49.63 │
│ employee_directory_table_employee_review_john_smith_suggesting_inser │ 53.90 │
│ tions                                                                │       │
│ employee_directory_table_employee_review_john_smith_suggesting_inser │ 53.67 │
│ tions_word                                                           │       │
│ employee_review_john_smith_suggesting_insertions_font_color_blue_dem │ 54.33 │
│ o_style_default_missing                                              │       │
│ font_color_blue_demo_style_default_missing_font_color_demo_style_def │ 52.86 │
│ ault_missing                                                         │       │
│ font_color_demo_style_default_missing_font_family_demo_id_paraid_ove │ 47.59 │
│ rflow                                                                │       │
│ font_family_demo_id_paraid_overflow_font_size_12_demo_id_paraid_over │ 48.12 │
│ flow                                                                 │       │
│ font_size_12_demo_id_paraid_overflow_font_size_18_demo_style_default │ 49.08 │
│ _missing                                                             │       │
│ font_size_18_demo_style_default_missing_font_size_24_demo_id_paraid_ │ 50.34 │
│ overflow                                                             │       │
│ font_size_24_demo_id_paraid_overflow_font_size_demo_id_paraid_overfl │ 48.20 │
│ ow                                                                   │       │
│ font_size_demo_id_paraid_overflow_footnotes_sample_word              │ 55.66 │
│ font_size_demo_id_paraid_overflow_green_bold_text_demo_id_paraid_ove │ 46.00 │
│ rflow                                                                │       │
│ footnotes_sample_gdocs_comments_export_word                          │ 47.38 │
│ gdocs_comments_export_green_bold_text_demo_id_paraid_overflow_word   │ 57.92 │
│ green_bold_text_demo_id_paraid_overflow_green_highlight_demo_id_para │ 52.53 │
│ id_overflow                                                          │       │
│ green_highlight_demo_id_paraid_overflow_green_underline_bullet_list_ │ 50.03 │
│ id_paraid_overflow                                                   │       │
│ green_underline_bullet_list_id_paraid_overflow_header_no_rels_word   │ 46.61 │
│ green_underline_bullet_list_id_paraid_overflow_heading_1_bold_demo_i │ 48.53 │
│ d_paraid_overflow                                                    │       │
│ header_no_rels_heading_1_bold_demo_id_paraid_overflow_word           │ 48.97 │
│ heading_1_bold_demo_id_paraid_overflow_heading_1_style_demo_id_parai │ 49.04 │
│ d_overflow                                                           │       │
│ heading_1_style_demo_id_paraid_overflow_heading_2_center_demo_id_par │ 50.45 │
│ aid_overflow                                                         │       │
│ heading_2_center_demo_id_paraid_overflow_heading_2_style_demo_id_par │ 49.89 │
│ aid_overflow                                                         │       │
│ heading_2_style_demo_id_paraid_overflow_heading_3_center_italic_id_p │ 52.79 │
│ araid_overflow                                                       │       │
│ heading_3_center_italic_id_paraid_overflow_heading_3_style_demo_id_p │ 51.35 │
│ araid_overflow_2                                                     │       │
│ heading_3_style_demo_id_paraid_overflow_2_heading_3_style_demo_id_pa │ 71.43 │
│ raid_overflow                                                        │       │
│ heading_3_style_demo_id_paraid_overflow_heading_4_right_italic_id_pa │ 76.24 │
│ raid_overflow                                                        │       │
│ heading_4_right_italic_id_paraid_overflow_heading_4_style_demo_id_pa │ 78.45 │
│ raid_overflow_2                                                      │       │
│ heading_4_style_demo_id_paraid_overflow_2_heading_4_style_demo_id_pa │ 72.86 │
│ raid_overflow                                                        │       │
│ heading_4_style_demo_id_paraid_overflow_helvetica_font_demo_style_de │ 48.89 │
│ fault_missing                                                        │       │
│ helvetica_font_demo_style_default_missing_hr_onboarding_checklist_ta │ 58.53 │
│ ble                                                                  │       │
│ hr_onboarding_checklist_table_i_am_sharing_microsoft_word_vs_google_ │ 36.97 │
│ docs_comprehensive_proof_with_you                                    │       │
│ i_am_sharing_microsoft_word_vs_google_docs_comprehensive_proof_with_ │ 35.72 │
│ you_increase_indent_demo_id_paraid_overflow                          │       │
│ increase_indent_demo_id_paraid_overflow_insert_link_demo_id_paraid_o │ 54.19 │
│ verflow                                                              │       │
│ insert_link_demo_id_paraid_overflow_inventory_list_suggesting_deleti │ 62.04 │
│ ons                                                                  │       │
│ insert_link_demo_id_paraid_overflow_inventory_list_suggesting_deleti │ 62.43 │
│ ons_word                                                             │       │
│ inventory_list_suggesting_deletions_inventory_list_suggesting_mixed_ │ 47.80 │
│ edits                                                                │       │
│ inventory_list_suggesting_deletions_inventory_list_suggesting_mixed_ │ 47.40 │
│ edits_word                                                           │       │
│ inventory_list_suggesting_mixed_edits_it_security_policy_v2_suggesti │ 55.90 │
│ ng_insertions                                                        │       │
│ inventory_list_suggesting_mixed_edits_it_security_policy_v2_suggesti │ 55.83 │
│ ng_insertions_word                                                   │       │
│ it_security_policy_v2_suggesting_insertions_italic_and_underline_com │ 53.92 │
│ bo_style_default_missing                                             │       │
│ it_security_policy_v2_suggesting_insertions_italic_and_underline_com │ 54.22 │
│ bo_style_default_missing_word                                        │       │
│ italic_and_underline_combo_style_default_missing_italic_subscript_de │ 52.46 │
│ mo_style_default_missing                                             │       │
│ italic_subscript_demo_style_default_missing_italic_text_formatting_d │ 51.69 │
│ emo_id_paraid_overflow_2                                             │       │
│ italic_text_formatting_demo_id_paraid_overflow_2_italic_text_formatt │ 53.49 │
│ ing_demo_id_paraid_overflow                                          │       │
│ italic_text_formatting_demo_id_paraid_overflow_italic_underline_comb │ 55.48 │
│ ined_demo_id_paraid_overflow                                         │       │
│ italic_underline_combined_demo_id_paraid_overflow_justified_underlin │ 53.92 │
│ e_demo_id_paraid_overflow                                            │       │
│ justified_underline_demo_id_paraid_overflow_justify_alignment_demo_i │ 52.93 │
│ d_paraid_overflow_2                                                  │       │
│ justify_alignment_demo_id_paraid_overflow_2_justify_alignment_demo_i │ 53.50 │
│ d_paraid_overflow                                                    │       │
│ justify_alignment_demo_id_paraid_overflow_large_font_size_demo_id_pa │ 54.61 │
│ raid_overflow                                                        │       │
│ large_font_size_demo_id_paraid_overflow_left_alignment_demo_id_parai │ 48.18 │
│ d_overflow                                                           │       │
│ left_alignment_demo_id_paraid_overflow_line_spacing_demo_id_paraid_o │ 48.18 │
│ verflow                                                              │       │
│ line_spacing_demo_id_paraid_overflow_marketing_strategy_2026_suggest │ 53.58 │
│ ing_insertions                                                       │       │
│ line_spacing_demo_id_paraid_overflow_marketing_strategy_2026_suggest │ 53.52 │
│ ing_insertions_word                                                  │       │
│ marketing_strategy_2026_suggesting_insertions_meeting_agenda_table_2 │ 61.08 │
│ mcdoc_meeting_agenda_table_2_word                                    │ 50.10 │
│ meeting_agenda_table_2_meeting_agenda_table                          │ 63.84 │
│ meeting_agenda_table_meeting_minutes_id_paraid_overflow              │ 53.68 │
│ meeting_minutes_id_paraid_overflow_meeting_minutes_suggesting_insert │ 55.00 │
│ ions                                                                 │       │
│ meeting_minutes_id_paraid_overflow_meeting_minutes_suggesting_insert │ 54.95 │
│ ions_word                                                            │       │
│ meeting_minutes_suggesting_insertions_multi_section_word             │ 50.56 │
│ meeting_minutes_suggesting_insertions_numbered_list_demo_id_paraid_o │ 53.55 │
│ verflow                                                              │       │
│ multi_section_nested_table_rowspan_word                              │ 49.10 │
│ nested_table_rowspan_numbered_list_demo_id_paraid_overflow_word      │ 49.83 │
│ numbered_list_demo_id_paraid_overflow_numbered_list_italic_demo_id_p │ 54.89 │
│ araid_overflow                                                       │       │
│ numbered_list_italic_demo_id_paraid_overflow_numwords_fldsimple_word │ 49.32 │
│ numbered_list_italic_demo_id_paraid_overflow_open_sans_bold_underlin │ 53.02 │
│ e_id_paraid_overflow                                                 │       │
│ numwords_fldsimple_ole_object_word                                   │ 35.46 │
│ ole_object_ooxml_style_link_word                                     │ 36.35 │
│ ooxml_style_link_open_sans_bold_underline_id_paraid_overflow_word    │ 46.71 │
│ open_sans_bold_underline_id_paraid_overflow_open_sans_font_demo_id_p │ 52.02 │
│ araid_overflow_2                                                     │       │
│ open_sans_font_demo_id_paraid_overflow_2_open_sans_font_demo_id_para │ 50.47 │
│ id_overflow                                                          │       │
│ open_sans_font_demo_id_paraid_overflow_page_numbering_examples_word  │ 51.56 │
│ open_sans_font_demo_id_paraid_overflow_product_roadmap_2026_suggesti │ 51.85 │
│ ng_insertions                                                        │       │
│ page_numbering_examples_potpourritest_word                           │ 43.51 │
│ potpourritest_product_roadmap_2026_suggesting_insertions_word        │ 41.11 │
│ product_roadmap_2026_suggesting_insertions_project_plan_suggesting_i │ 51.97 │
│ nsertions                                                            │       │
│ product_roadmap_2026_suggesting_insertions_project_plan_suggesting_i │ 52.03 │
│ nsertions_word                                                       │       │
│ project_plan_suggesting_insertions_project_proposal_id_paraid_overfl │ 54.87 │
│ ow                                                                   │       │
│ project_plan_suggesting_insertions_project_proposal_id_paraid_overfl │ 54.88 │
│ ow_word                                                              │       │
│ project_proposal_id_paraid_overflow_project_proposal_suggesting_inse │ 53.59 │
│ rtions                                                               │       │
│ project_proposal_suggesting_insertions_project_tasks_suggesting_inse │ 50.72 │
│ rtions_2                                                             │       │
│ project_proposal_suggesting_insertions_project_tasks_suggesting_inse │ 51.26 │
│ rtions_2_word                                                        │       │
│ project_tasks_suggesting_insertions_2_project_tasks_suggesting_inser │ 62.25 │
│ tions                                                                │       │
│ project_tasks_suggesting_insertions_2_project_tasks_suggesting_inser │ 62.40 │
│ tions_word                                                           │       │
│ project_tasks_suggesting_insertions_q1_sales_summary_table_2         │ 63.94 │
│ project_tasks_suggesting_insertions_q1_sales_summary_table_2_word    │ 63.91 │
│ q1_sales_summary_table_2_q1_sales_summary_table                      │ 64.26 │
│ q1_sales_summary_table_quarterly_performance_report_table_2          │ 64.76 │
│ quarterly_performance_report_table_2_quarterly_performance_report_ta │ 62.81 │
│ ble                                                                  │       │
│ quarterly_performance_report_table_red_bold_heading_demo_style_defau │ 45.06 │
│ lt_missing                                                           │       │
│ red_bold_heading_demo_style_default_missing_red_bold_text_demo_id_pa │ 75.18 │
│ raid_overflow                                                        │       │
│ red_bold_text_demo_id_paraid_overflow_red_heading_demo_id_paraid_ove │ 76.92 │
│ rflow                                                                │       │
│ red_heading_demo_id_paraid_overflow_red_strikethrough_demo_style_def │ 47.33 │
│ ault_missing                                                         │       │
│ red_strikethrough_demo_style_default_missing_redline_cicerodo_v_plat │ 44.81 │
│ e_30_word                                                            │       │
│ red_strikethrough_demo_style_default_missing_right_align_bold_demo_i │ 53.08 │
│ d_paraid_overflow                                                    │       │
│ redline_cicerodo_v_plate_30_right_align_bold_demo_id_paraid_overflow │ 43.53 │
│ _word                                                                │       │
│ right_align_bold_demo_id_paraid_overflow_right_aligned_italic_demo_i │ 53.00 │
│ d_paraid_overflow                                                    │       │
│ right_aligned_italic_demo_id_paraid_overflow_right_alignment_demo_id │ 51.28 │
│ _paraid_overflow_2                                                   │       │
│ right_alignment_demo_id_paraid_overflow_2_right_alignment_demo_id_pa │ 54.18 │
│ raid_overflow                                                        │       │
│ right_alignment_demo_id_paraid_overflow_risk_assessment_product_laun │ 52.92 │
│ ch_suggesting_insertions                                             │       │
│ right_alignment_demo_id_paraid_overflow_risk_assessment_product_laun │ 52.91 │
│ ch_suggesting_insertions_word                                        │       │
│ risk_assessment_product_launch_suggesting_insertions_roboto_font_dem │ 48.82 │
│ o_id_paraid_overflow_2                                               │       │
│ risk_assessment_product_launch_suggesting_insertions_roboto_font_dem │ 48.93 │
│ o_id_paraid_overflow_2_word                                          │       │
│ roboto_font_demo_id_paraid_overflow_2_roboto_font_demo_id_paraid_ove │ 49.45 │
│ rflow                                                                │       │
│ roboto_font_demo_id_paraid_overflow_roboto_underline_demo_id_paraid_ │ 51.61 │
│ overflow                                                             │       │
│ roboto_underline_demo_id_paraid_overflow_sales_report_january_2026_s │ 51.72 │
│ uggesting_insertions                                                 │       │
│ roboto_underline_demo_id_paraid_overflow_sales_report_january_2026_s │ 51.71 │
│ uggesting_insertions_word                                            │       │
│ sales_report_january_2026_suggesting_insertions_sample_document_afte │ 40.52 │
│ rword_repaired_word_repaired                                         │       │
│ sales_report_january_2026_suggesting_insertions_sample_document_afte │ 38.61 │
│ rword_repaired_word_repaired_word                                    │       │
│ sample_document_afterword_repaired_word_repaired_sample_document_rea │ 37.51 │
│ lly_repaired_word_repaired                                           │       │
│ sample_document_really_repaired_word_repaired_sample_document_word_r │ 37.43 │
│ epair_of_our_output_iter2_word_repaired                              │       │
│ sample_document_word_repair_of_our_output_iter2_word_repaired_sample │ 37.34 │
│ _document_word_repair_of_our_output_word_repaired                    │       │
│ sample_document_word_repair_of_our_output_iter2_word_repaired_sample │ 37.09 │
│ _document_word_repair_of_our_output_word_repaired_word               │       │
│ sample_document_word_repair_of_our_output_word_repaired_sd_2517_loca │ 36.53 │
│ lized_heading_styles_word                                            │       │
│ sample_document_word_repair_of_our_output_word_repaired_small_font_s │ 41.80 │
│ ize_demo_id_paraid_overflow                                          │       │
│ sd_2517_localized_heading_styles_sectpr_headerref_word               │ 38.49 │
│ sectpr_headerref_single_paragraph_word                               │ 46.83 │
│ single_paragraph_small_font_size_demo_id_paraid_overflow_word        │ 56.34 │
│ small_font_size_demo_id_paraid_overflow_strict01_sdt_controls_word   │ 35.71 │
│ small_font_size_demo_id_paraid_overflow_strikethrough_and_italic_com │ 52.08 │
│ bo_id_paraid_overflow                                                │       │
│ strict01_sdt_controls_strict01_word                                  │ 36.73 │
│ strict01_strikethrough_and_italic_combo_id_paraid_overflow_word      │ 36.43 │
│ strikethrough_and_italic_combo_id_paraid_overflow_strikethrough_bold │ 50.02 │
│ _demo_id_paraid_overflow                                             │       │
│ strikethrough_bold_demo_id_paraid_overflow_strikethrough_text_demo_i │ 52.92 │
│ d_paraid_overflow                                                    │       │
│ strikethrough_text_demo_id_paraid_overflow_strikethrough_text_format │ 76.83 │
│ ting_demo_id_paraid_overflow                                         │       │
│ strikethrough_text_formatting_demo_id_paraid_overflow_subscript_demo │ 50.26 │
│ _id_paraid_overflow                                                  │       │
│ subscript_demo_id_paraid_overflow_subscript_demo_style_default_missi │ 48.30 │
│ ng                                                                   │       │
│ subscript_demo_style_default_missing_subtitle_style_demo_id_paraid_o │ 47.93 │
│ verflow                                                              │       │
│ subtitle_style_demo_id_paraid_overflow_subtitle_style_demo_style_def │ 49.01 │
│ ault_missing                                                         │       │
│ subtitle_style_demo_style_default_missing_superscript_demo_id_paraid │ 46.89 │
│ _overflow_2                                                          │       │
│ superscript_demo_id_paraid_overflow_2_superscript_demo_id_paraid_ove │ 49.44 │
│ rflow                                                                │       │
│ superscript_demo_id_paraid_overflow_superscript_demo_style_default_m │ 54.36 │
│ issing                                                               │       │
│ superscript_demo_style_default_missing_support_tickets_summary_id_pa │ 52.73 │
│ raid_overflow_word                                                   │       │
│ superscript_demo_style_default_missing_support_tickets_table         │ 62.94 │
│ support_tickets_summary_id_paraid_overflow_support_tickets_table_wor │ 61.72 │
│ d                                                                    │       │
│ support_tickets_summary_id_paraid_overflow_text_highlight_demo_style │ 53.72 │
│ _default_missing                                                     │       │
│ support_tickets_table_support_tickets_summary_id_paraid_overflow     │ 48.20 │
│ support_tickets_table_table_bookmark_end_word                        │ 40.00 │
│ table_bookmark_end_table_vmerge_colspan_word                         │ 39.99 │
│ table_vmerge_colspan_text_box_word                                   │ 47.23 │
│ text_box_text_highlight_demo_style_default_missing_word              │ 53.27 │
│ text_highlight_demo_style_default_missing_tiff_image_word            │ 47.74 │
│ text_highlight_demo_style_default_missing_times_new_roman_bold_id_pa │ 48.11 │
│ raid_overflow                                                        │       │
│ tiff_image_times_new_roman_bold_id_paraid_overflow_word              │ 48.50 │
│ times_new_roman_bold_id_paraid_overflow_times_new_roman_font_id_para │ 49.75 │
│ id_overflow                                                          │       │
│ times_new_roman_font_id_paraid_overflow_title_style_centered_demo_id │ 73.70 │
│ _paraid_overflow                                                     │       │
│ title_style_centered_demo_id_paraid_overflow_title_style_demo_id_par │ 43.80 │
│ aid_overflow                                                         │       │
│ title_style_demo_id_paraid_overflow_title_style_demo_style_default_m │ 49.91 │
│ issing                                                               │       │
│ title_style_demo_style_default_missing_track_changes_editing_bullet_ │ 41.48 │
│ id_paraid_overflow                                                   │       │
│ track_changes_editing_bullet_id_paraid_overflow_track_changes_editin │ 50.83 │
│ g_strikethrough_id_paraid_overflow                                   │       │
│ track_changes_editing_strikethrough_id_paraid_overflow_track_changes │ 50.92 │
│ _suggesting_bold_id_paraid_overflow                                  │       │
│ track_changes_suggesting_bold_id_paraid_overflow_track_changes_sugge │ 49.10 │
│ sting_calibri_id_paraid_overflow                                     │       │
│ track_changes_suggesting_calibri_id_paraid_overflow_track_changes_su │ 54.12 │
│ ggesting_center_id_paraid_overflow                                   │       │
│ track_changes_suggesting_center_id_paraid_overflow_track_changes_sug │ 48.50 │
│ gesting_heading_id_paraid_overflow                                   │       │
│ track_changes_suggesting_heading_id_paraid_overflow_track_changes_su │ 59.16 │
│ ggesting_italic_id_paraid_overflow                                   │       │
│ track_changes_suggesting_italic_id_paraid_overflow_track_changes_sug │ 46.02 │
│ gesting_title_id_paraid_overflow                                     │       │
│ track_changes_suggesting_title_id_paraid_overflow_training_materials │ 39.41 │
│ _onboarding_program_suggesting_insertions                            │       │
│ track_changes_suggesting_title_id_paraid_overflow_training_materials │ 39.41 │
│ _onboarding_program_suggesting_insertions_word                       │       │
│ training_materials_onboarding_program_suggesting_insertions_underlin │ 54.55 │
│ e_text_demo_id_paraid_overflow                                       │       │
│ training_materials_onboarding_program_suggesting_insertions_underlin │ 54.60 │
│ e_text_demo_id_paraid_overflow_word                                  │       │
│ underline_text_demo_id_paraid_overflow_underline_text_formatting_dem │ 54.16 │
│ o_style_default_missing                                              │       │
│ underline_text_formatting_demo_style_default_missing_verdana_bold_la │ 48.78 │
│ rge_font_id_paraid_overflow                                          │       │
│ verdana_bold_large_font_id_paraid_overflow_verdana_font_demo_id_para │ 50.83 │
│ id_overflow                                                          │       │
│ verdana_bold_large_font_id_paraid_overflow_verdana_font_demo_id_para │ 48.56 │
│ id_overflow_2_word                                                   │       │
│ verdana_font_demo_id_paraid_overflow_2_verdana_font_demo_id_paraid_o │ 47.89 │
│ verflow_word                                                         │       │
│ verdana_font_demo_id_paraid_overflow_verdana_italic_centered_demo_id │ 49.03 │
│ _paraid_overflow                                                     │       │
│ verdana_italic_centered_demo_id_paraid_overflow_word_clean_strict01  │ 35.47 │
│ word_clean_strict01_word_tolerated_broken_media_rel                  │ 36.25 │
│ word_tolerated_broken_media_rel_word_tolerated_duplicate_ppr         │ 45.10 │
│ word_tolerated_duplicate_ppr_word_tolerated_misplaced_link           │ 42.84 │
│ word_tolerated_misplaced_link_word_tolerated_misplaced_pgsz          │ 49.73 │
│ word_tolerated_misplaced_pgsz_word_tolerated_misplaced_uipriority    │ 39.97 │
│ word_tolerated_misplaced_uipriority_word_tolerated_orphan_comment    │ 42.81 │
│ word_tolerated_orphan_comment_yellow_highlight_demo_id_paraid_overfl │ 58.68 │
│ ow                                                                   │       │
│ yellow_highlight_demo_id_paraid_overflow_yellow_highlight_italic_dem │ 49.32 │
│ o_style_default_missing                                              │       │
│ yellow_highlight_demo_id_paraid_overflow_yellow_highlight_italic_dem │ 53.23 │
│ o_style_default_missing_word                                         │       │
╰──────────────────────────────────────────────────────────────────────┴───────╯
           mean 50.96 · median 51.09 · min 34.72 · max 78.45 · n 230            
2 render failure(s) recorded on visual_redlines
page-count mismatch on 205 doc(s) (scored on the shared pages only): 
1_5_line_spacing_id_paraid_overflow_24_id_paraid_overflow (oracle 1 vs candidate
2); 24_id_paraid_overflow_alternate_content_word (oracle 1 vs candidate 2); 
24_id_paraid_overflow_blue_bold_centered_demo_id_paraid_overflow (oracle 1 vs 
candidate 2); alternate_content_anchor_images_word (oracle 1 vs candidate 2); 
blue_bold_centered_demo_id_paraid_overflow_blue_centered_title_demo_style_defaul
t_missing (oracle 1 vs candidate 2) …

────────────────────────── benchmark: script_redlines ──────────────────────────
                            folio  ·  230 documents                             
╭──────────────────────────────────────────────────────────────────────┬───────╮
│ document                                                             │ score │
├──────────────────────────────────────────────────────────────────────┼───────┤
│ 1_5_line_spacing_id_paraid_overflow_24_id_paraid_overflow            │ 47.09 │
│ 24_id_paraid_overflow_alternate_content_word                         │ 53.99 │
│ 24_id_paraid_overflow_blue_bold_centered_demo_id_paraid_overflow     │ 56.12 │
│ alternate_content_anchor_images_word                                 │ 51.49 │
│ blue_bold_centered_demo_id_paraid_overflow_blue_centered_title_demo_ │ 47.51 │
│ style_default_missing                                                │       │
│ blue_centered_title_demo_style_default_missing_blue_italic_text_demo │ 43.58 │
│ _id_paraid_overflow                                                  │       │
│ blue_italic_text_demo_id_paraid_overflow_blue_underline_combo_demo_i │ 52.91 │
│ d_paraid_overflow                                                    │       │
│ blue_underline_combo_demo_id_paraid_overflow_bold_and_italic_combo_s │ 55.03 │
│ tyle_default_missing                                                 │       │
│ bold_and_italic_combo_style_default_missing_bold_and_underline_combo │ 56.75 │
│ _id_paraid_overflow                                                  │       │
│ bold_and_underline_combo_id_paraid_overflow_bold_italic_combined_dem │ 55.35 │
│ o_id_paraid_overflow                                                 │       │
│ bold_italic_combined_demo_id_paraid_overflow_bold_italic_underline_d │ 54.61 │
│ emo_id_paraid_overflow                                               │       │
│ bold_italic_underline_demo_id_paraid_overflow_bold_red_text_combo_id │ 52.75 │
│ _paraid_overflow                                                     │       │
│ bold_red_text_combo_id_paraid_overflow_bold_superscript_demo_style_d │ 51.89 │
│ efault_missing                                                       │       │
│ bold_superscript_demo_style_default_missing_bold_text_formatting_dem │ 53.70 │
│ o_id_paraid_overflow_2                                               │       │
│ bold_text_formatting_demo_id_paraid_overflow_2_bold_text_formatting_ │ 77.24 │
│ demo_id_paraid_overflow                                              │       │
│ bold_text_formatting_demo_id_paraid_overflow_bold_underline_combined │ 55.73 │
│ _demo_id_paraid_overflow                                             │       │
│ bold_underline_combined_demo_id_paraid_overflow_bold_underline_highl │ 54.55 │
│ ight_demo_id_paraid_overflow                                         │       │
│ bold_underline_highlight_demo_id_paraid_overflow_book_catalog_id_par │ 53.54 │
│ aid_overflow                                                         │       │
│ book_catalog_id_paraid_overflow_book_catalog_table                   │ 61.38 │
│ book_catalog_table_budget_report_q1_2026_suggesting_insertions       │ 62.54 │
│ book_catalog_table_budget_report_q1_2026_suggesting_insertions_word  │ 62.52 │
│ budget_report_q1_2026_suggesting_insertions_bullet_list_bold_demo_id │ 55.20 │
│ _paraid_overflow                                                     │       │
│ budget_report_q1_2026_suggesting_insertions_bullet_list_bold_demo_id │ 55.16 │
│ _paraid_overflow_word                                                │       │
│ bullet_list_bold_demo_id_paraid_overflow_bullet_list_demo_id_paraid_ │ 53.35 │
│ overflow                                                             │       │
│ bullet_list_demo_id_paraid_overflow_calibri_bold_italic_demo_id_para │ 52.19 │
│ id_overflow                                                          │       │
│ calibri_bold_italic_demo_id_paraid_overflow_calibri_font_demo_id_par │ 49.60 │
│ aid_overflow_2                                                       │       │
│ calibri_font_demo_id_paraid_overflow_2_calibri_font_demo_id_paraid_o │ 48.54 │
│ verflow                                                              │       │
│ calibri_font_demo_id_paraid_overflow_calibri_heading_2_right_id_para │ 48.80 │
│ id_overflow                                                          │       │
│ calibri_heading_2_right_id_paraid_overflow_center_aligned_bold_text_ │ 47.93 │
│ id_paraid_overflow                                                   │       │
│ center_aligned_bold_text_id_paraid_overflow_center_alignment_demo_id │ 53.17 │
│ _paraid_overflow_2                                                   │       │
│ center_alignment_demo_id_paraid_overflow_2_center_alignment_demo_id_ │ 54.34 │
│ paraid_overflow                                                      │       │
│ center_alignment_demo_id_paraid_overflow_center_bold_demo_id_paraid_ │ 54.44 │
│ overflow                                                             │       │
│ center_bold_demo_id_paraid_overflow_clear_formatting_demo_id_paraid_ │ 51.31 │
│ overflow                                                             │       │
│ clear_formatting_demo_id_paraid_overflow_comments_word               │ 45.42 │
│ clear_formatting_demo_id_paraid_overflow_contract_review_suggesting_ │ 49.76 │
│ insertions                                                           │       │
│ comments_complex_style_attr_word                                     │ 48.34 │
│ complex_style_attr_contract_review_suggesting_insertions_word        │ 50.82 │
│ contract_review_suggesting_insertions_contract_review_suggesting_mix │ 52.24 │
│ ed_edits                                                             │       │
│ contract_review_suggesting_insertions_contract_review_suggesting_mix │ 52.94 │
│ ed_edits_word                                                        │       │
│ contract_review_suggesting_mixed_edits_customer_satisfaction_survey_ │ 54.06 │
│ q4_suggesting_insertions                                             │       │
│ contract_review_suggesting_mixed_edits_customer_satisfaction_survey_ │ 53.62 │
│ q4_suggesting_insertions_word                                        │       │
│ customer_satisfaction_survey_q4_suggesting_insertions_document_100_u │ 49.08 │
│ ltimate_demo_id_paraid_overflow                                      │       │
│ customer_satisfaction_survey_q4_suggesting_insertions_document_100_u │ 49.12 │
│ ltimate_demo_id_paraid_overflow_word                                 │       │
│ document_100_ultimate_demo_id_paraid_overflow_docx_lots_of_comments_ │ 35.83 │
│ addition_redline_addition_v_removal                                  │       │
│ document_100_ultimate_demo_id_paraid_overflow_double_spacing_bold_de │ 73.05 │
│ mo_id_paraid_overflow_word                                           │       │
│ docx_lots_of_comments_addition_docx_lots_of_comments                 │ 35.58 │
│ docx_lots_of_comments_addition_redline_addition_v_removal_docx_lots_ │ 34.82 │
│ of_comments_addition_redline                                         │       │
│ docx_lots_of_comments_addition_redline_docx_lots_of_comments_additio │ 34.72 │
│ n_removal_redline_removal_v_addition                                 │       │
│ docx_lots_of_comments_addition_removal_docx_lots_of_comments_additio │ 34.82 │
│ n                                                                    │       │
│ docx_lots_of_comments_addition_removal_redline_docx_lots_of_comments │ 35.05 │
│ _addition_removal                                                    │       │
│ docx_lots_of_comments_addition_removal_redline_removal_v_addition_do │ 34.72 │
│ cx_lots_of_comments_addition_removal_redline                         │       │
│ docx_lots_of_comments_double_spacing_bold_demo_id_paraid_overflow    │ 36.26 │
│ double_spacing_bold_demo_id_paraid_overflow_eigenpal_docx_editor_sug │ 43.50 │
│ gesting_mixed_edits                                                  │       │
│ eigenpal_docx_editor_suggesting_mixed_edits_employee_directory_table │ 41.79 │
│ _2                                                                   │       │
│ employee_directory_table_2_employee_directory_table                  │ 49.63 │
│ employee_directory_table_employee_review_john_smith_suggesting_inser │ 53.90 │
│ tions                                                                │       │
│ employee_directory_table_employee_review_john_smith_suggesting_inser │ 53.67 │
│ tions_word                                                           │       │
│ employee_review_john_smith_suggesting_insertions_font_color_blue_dem │ 54.33 │
│ o_style_default_missing                                              │       │
│ font_color_blue_demo_style_default_missing_font_color_demo_style_def │ 52.86 │
│ ault_missing                                                         │       │
│ font_color_demo_style_default_missing_font_family_demo_id_paraid_ove │ 47.59 │
│ rflow                                                                │       │
│ font_family_demo_id_paraid_overflow_font_size_12_demo_id_paraid_over │ 48.12 │
│ flow                                                                 │       │
│ font_size_12_demo_id_paraid_overflow_font_size_18_demo_style_default │ 49.08 │
│ _missing                                                             │       │
│ font_size_18_demo_style_default_missing_font_size_24_demo_id_paraid_ │ 50.34 │
│ overflow                                                             │       │
│ font_size_24_demo_id_paraid_overflow_font_size_demo_id_paraid_overfl │ 48.20 │
│ ow                                                                   │       │
│ font_size_demo_id_paraid_overflow_footnotes_sample_word              │ 55.66 │
│ font_size_demo_id_paraid_overflow_green_bold_text_demo_id_paraid_ove │ 46.00 │
│ rflow                                                                │       │
│ footnotes_sample_gdocs_comments_export_word                          │ 47.38 │
│ gdocs_comments_export_green_bold_text_demo_id_paraid_overflow_word   │ 57.92 │
│ green_bold_text_demo_id_paraid_overflow_green_highlight_demo_id_para │ 52.53 │
│ id_overflow                                                          │       │
│ green_highlight_demo_id_paraid_overflow_green_underline_bullet_list_ │ 50.03 │
│ id_paraid_overflow                                                   │       │
│ green_underline_bullet_list_id_paraid_overflow_header_no_rels_word   │ 46.61 │
│ green_underline_bullet_list_id_paraid_overflow_heading_1_bold_demo_i │ 48.53 │
│ d_paraid_overflow                                                    │       │
│ header_no_rels_heading_1_bold_demo_id_paraid_overflow_word           │ 48.97 │
│ heading_1_bold_demo_id_paraid_overflow_heading_1_style_demo_id_parai │ 49.04 │
│ d_overflow                                                           │       │
│ heading_1_style_demo_id_paraid_overflow_heading_2_center_demo_id_par │ 50.45 │
│ aid_overflow                                                         │       │
│ heading_2_center_demo_id_paraid_overflow_heading_2_style_demo_id_par │ 49.89 │
│ aid_overflow                                                         │       │
│ heading_2_style_demo_id_paraid_overflow_heading_3_center_italic_id_p │ 52.79 │
│ araid_overflow                                                       │       │
│ heading_3_center_italic_id_paraid_overflow_heading_3_style_demo_id_p │ 51.35 │
│ araid_overflow_2                                                     │       │
│ heading_3_style_demo_id_paraid_overflow_2_heading_3_style_demo_id_pa │ 71.43 │
│ raid_overflow                                                        │       │
│ heading_3_style_demo_id_paraid_overflow_heading_4_right_italic_id_pa │ 76.24 │
│ raid_overflow                                                        │       │
│ heading_4_right_italic_id_paraid_overflow_heading_4_style_demo_id_pa │ 78.45 │
│ raid_overflow_2                                                      │       │
│ heading_4_style_demo_id_paraid_overflow_2_heading_4_style_demo_id_pa │ 72.86 │
│ raid_overflow                                                        │       │
│ heading_4_style_demo_id_paraid_overflow_helvetica_font_demo_style_de │ 48.89 │
│ fault_missing                                                        │       │
│ helvetica_font_demo_style_default_missing_hr_onboarding_checklist_ta │ 58.53 │
│ ble                                                                  │       │
│ hr_onboarding_checklist_table_i_am_sharing_microsoft_word_vs_google_ │ 36.97 │
│ docs_comprehensive_proof_with_you                                    │       │
│ i_am_sharing_microsoft_word_vs_google_docs_comprehensive_proof_with_ │ 35.72 │
│ you_increase_indent_demo_id_paraid_overflow                          │       │
│ increase_indent_demo_id_paraid_overflow_insert_link_demo_id_paraid_o │ 54.19 │
│ verflow                                                              │       │
│ insert_link_demo_id_paraid_overflow_inventory_list_suggesting_deleti │ 62.04 │
│ ons                                                                  │       │
│ insert_link_demo_id_paraid_overflow_inventory_list_suggesting_deleti │ 62.43 │
│ ons_word                                                             │       │
│ inventory_list_suggesting_deletions_inventory_list_suggesting_mixed_ │ 47.80 │
│ edits                                                                │       │
│ inventory_list_suggesting_deletions_inventory_list_suggesting_mixed_ │ 47.40 │
│ edits_word                                                           │       │
│ inventory_list_suggesting_mixed_edits_it_security_policy_v2_suggesti │ 55.90 │
│ ng_insertions                                                        │       │
│ inventory_list_suggesting_mixed_edits_it_security_policy_v2_suggesti │ 55.83 │
│ ng_insertions_word                                                   │       │
│ it_security_policy_v2_suggesting_insertions_italic_and_underline_com │ 53.92 │
│ bo_style_default_missing                                             │       │
│ it_security_policy_v2_suggesting_insertions_italic_and_underline_com │ 54.22 │
│ bo_style_default_missing_word                                        │       │
│ italic_and_underline_combo_style_default_missing_italic_subscript_de │ 52.46 │
│ mo_style_default_missing                                             │       │
│ italic_subscript_demo_style_default_missing_italic_text_formatting_d │ 51.69 │
│ emo_id_paraid_overflow_2                                             │       │
│ italic_text_formatting_demo_id_paraid_overflow_2_italic_text_formatt │ 53.49 │
│ ing_demo_id_paraid_overflow                                          │       │
│ italic_text_formatting_demo_id_paraid_overflow_italic_underline_comb │ 55.48 │
│ ined_demo_id_paraid_overflow                                         │       │
│ italic_underline_combined_demo_id_paraid_overflow_justified_underlin │ 53.92 │
│ e_demo_id_paraid_overflow                                            │       │
│ justified_underline_demo_id_paraid_overflow_justify_alignment_demo_i │ 52.93 │
│ d_paraid_overflow_2                                                  │       │
│ justify_alignment_demo_id_paraid_overflow_2_justify_alignment_demo_i │ 53.50 │
│ d_paraid_overflow                                                    │       │
│ justify_alignment_demo_id_paraid_overflow_large_font_size_demo_id_pa │ 54.61 │
│ raid_overflow                                                        │       │
│ large_font_size_demo_id_paraid_overflow_left_alignment_demo_id_parai │ 48.18 │
│ d_overflow                                                           │       │
│ left_alignment_demo_id_paraid_overflow_line_spacing_demo_id_paraid_o │ 48.18 │
│ verflow                                                              │       │
│ line_spacing_demo_id_paraid_overflow_marketing_strategy_2026_suggest │ 53.58 │
│ ing_insertions                                                       │       │
│ line_spacing_demo_id_paraid_overflow_marketing_strategy_2026_suggest │ 53.52 │
│ ing_insertions_word                                                  │       │
│ marketing_strategy_2026_suggesting_insertions_meeting_agenda_table_2 │ 61.08 │
│ mcdoc_meeting_agenda_table_2_word                                    │ 50.10 │
│ meeting_agenda_table_2_meeting_agenda_table                          │ 63.84 │
│ meeting_agenda_table_meeting_minutes_id_paraid_overflow              │ 53.68 │
│ meeting_minutes_id_paraid_overflow_meeting_minutes_suggesting_insert │ 55.00 │
│ ions                                                                 │       │
│ meeting_minutes_id_paraid_overflow_meeting_minutes_suggesting_insert │ 54.95 │
│ ions_word                                                            │       │
│ meeting_minutes_suggesting_insertions_multi_section_word             │ 50.56 │
│ meeting_minutes_suggesting_insertions_numbered_list_demo_id_paraid_o │ 53.55 │
│ verflow                                                              │       │
│ multi_section_nested_table_rowspan_word                              │ 49.10 │
│ nested_table_rowspan_numbered_list_demo_id_paraid_overflow_word      │ 49.83 │
│ numbered_list_demo_id_paraid_overflow_numbered_list_italic_demo_id_p │ 54.89 │
│ araid_overflow                                                       │       │
│ numbered_list_italic_demo_id_paraid_overflow_numwords_fldsimple_word │ 49.32 │
│ numbered_list_italic_demo_id_paraid_overflow_open_sans_bold_underlin │ 53.02 │
│ e_id_paraid_overflow                                                 │       │
│ numwords_fldsimple_ole_object_word                                   │ 35.46 │
│ ole_object_ooxml_style_link_word                                     │ 36.35 │
│ ooxml_style_link_open_sans_bold_underline_id_paraid_overflow_word    │ 46.71 │
│ open_sans_bold_underline_id_paraid_overflow_open_sans_font_demo_id_p │ 52.02 │
│ araid_overflow_2                                                     │       │
│ open_sans_font_demo_id_paraid_overflow_2_open_sans_font_demo_id_para │ 50.47 │
│ id_overflow                                                          │       │
│ open_sans_font_demo_id_paraid_overflow_page_numbering_examples_word  │ 51.56 │
│ open_sans_font_demo_id_paraid_overflow_product_roadmap_2026_suggesti │ 51.85 │
│ ng_insertions                                                        │       │
│ page_numbering_examples_potpourritest_word                           │ 43.51 │
│ potpourritest_product_roadmap_2026_suggesting_insertions_word        │ 41.11 │
│ product_roadmap_2026_suggesting_insertions_project_plan_suggesting_i │ 51.97 │
│ nsertions                                                            │       │
│ product_roadmap_2026_suggesting_insertions_project_plan_suggesting_i │ 52.03 │
│ nsertions_word                                                       │       │
│ project_plan_suggesting_insertions_project_proposal_id_paraid_overfl │ 54.87 │
│ ow                                                                   │       │
│ project_plan_suggesting_insertions_project_proposal_id_paraid_overfl │ 54.88 │
│ ow_word                                                              │       │
│ project_proposal_id_paraid_overflow_project_proposal_suggesting_inse │ 53.59 │
│ rtions                                                               │       │
│ project_proposal_suggesting_insertions_project_tasks_suggesting_inse │ 50.72 │
│ rtions_2                                                             │       │
│ project_proposal_suggesting_insertions_project_tasks_suggesting_inse │ 51.26 │
│ rtions_2_word                                                        │       │
│ project_tasks_suggesting_insertions_2_project_tasks_suggesting_inser │ 62.25 │
│ tions                                                                │       │
│ project_tasks_suggesting_insertions_2_project_tasks_suggesting_inser │ 62.40 │
│ tions_word                                                           │       │
│ project_tasks_suggesting_insertions_q1_sales_summary_table_2         │ 63.94 │
│ project_tasks_suggesting_insertions_q1_sales_summary_table_2_word    │ 63.91 │
│ q1_sales_summary_table_2_q1_sales_summary_table                      │ 64.26 │
│ q1_sales_summary_table_quarterly_performance_report_table_2          │ 64.76 │
│ quarterly_performance_report_table_2_quarterly_performance_report_ta │ 62.81 │
│ ble                                                                  │       │
│ quarterly_performance_report_table_red_bold_heading_demo_style_defau │ 45.06 │
│ lt_missing                                                           │       │
│ red_bold_heading_demo_style_default_missing_red_bold_text_demo_id_pa │ 75.18 │
│ raid_overflow                                                        │       │
│ red_bold_text_demo_id_paraid_overflow_red_heading_demo_id_paraid_ove │ 76.92 │
│ rflow                                                                │       │
│ red_heading_demo_id_paraid_overflow_red_strikethrough_demo_style_def │ 47.33 │
│ ault_missing                                                         │       │
│ red_strikethrough_demo_style_default_missing_redline_cicerodo_v_plat │ 44.81 │
│ e_30_word                                                            │       │
│ red_strikethrough_demo_style_default_missing_right_align_bold_demo_i │ 53.08 │
│ d_paraid_overflow                                                    │       │
│ redline_cicerodo_v_plate_30_right_align_bold_demo_id_paraid_overflow │ 43.53 │
│ _word                                                                │       │
│ right_align_bold_demo_id_paraid_overflow_right_aligned_italic_demo_i │ 53.00 │
│ d_paraid_overflow                                                    │       │
│ right_aligned_italic_demo_id_paraid_overflow_right_alignment_demo_id │ 51.28 │
│ _paraid_overflow_2                                                   │       │
│ right_alignment_demo_id_paraid_overflow_2_right_alignment_demo_id_pa │ 54.18 │
│ raid_overflow                                                        │       │
│ right_alignment_demo_id_paraid_overflow_risk_assessment_product_laun │ 52.92 │
│ ch_suggesting_insertions                                             │       │
│ right_alignment_demo_id_paraid_overflow_risk_assessment_product_laun │ 52.91 │
│ ch_suggesting_insertions_word                                        │       │
│ risk_assessment_product_launch_suggesting_insertions_roboto_font_dem │ 48.82 │
│ o_id_paraid_overflow_2                                               │       │
│ risk_assessment_product_launch_suggesting_insertions_roboto_font_dem │ 48.93 │
│ o_id_paraid_overflow_2_word                                          │       │
│ roboto_font_demo_id_paraid_overflow_2_roboto_font_demo_id_paraid_ove │ 49.45 │
│ rflow                                                                │       │
│ roboto_font_demo_id_paraid_overflow_roboto_underline_demo_id_paraid_ │ 51.61 │
│ overflow                                                             │       │
│ roboto_underline_demo_id_paraid_overflow_sales_report_january_2026_s │ 51.72 │
│ uggesting_insertions                                                 │       │
│ roboto_underline_demo_id_paraid_overflow_sales_report_january_2026_s │ 51.71 │
│ uggesting_insertions_word                                            │       │
│ sales_report_january_2026_suggesting_insertions_sample_document_afte │ 40.52 │
│ rword_repaired_word_repaired                                         │       │
│ sales_report_january_2026_suggesting_insertions_sample_document_afte │ 38.61 │
│ rword_repaired_word_repaired_word                                    │       │
│ sample_document_afterword_repaired_word_repaired_sample_document_rea │ 37.51 │
│ lly_repaired_word_repaired                                           │       │
│ sample_document_really_repaired_word_repaired_sample_document_word_r │ 37.43 │
│ epair_of_our_output_iter2_word_repaired                              │       │
│ sample_document_word_repair_of_our_output_iter2_word_repaired_sample │ 37.34 │
│ _document_word_repair_of_our_output_word_repaired                    │       │
│ sample_document_word_repair_of_our_output_iter2_word_repaired_sample │ 37.09 │
│ _document_word_repair_of_our_output_word_repaired_word               │       │
│ sample_document_word_repair_of_our_output_word_repaired_sd_2517_loca │ 36.53 │
│ lized_heading_styles_word                                            │       │
│ sample_document_word_repair_of_our_output_word_repaired_small_font_s │ 41.80 │
│ ize_demo_id_paraid_overflow                                          │       │
│ sd_2517_localized_heading_styles_sectpr_headerref_word               │ 38.49 │
│ sectpr_headerref_single_paragraph_word                               │ 46.83 │
│ single_paragraph_small_font_size_demo_id_paraid_overflow_word        │ 56.34 │
│ small_font_size_demo_id_paraid_overflow_strict01_sdt_controls_word   │ 35.71 │
│ small_font_size_demo_id_paraid_overflow_strikethrough_and_italic_com │ 52.08 │
│ bo_id_paraid_overflow                                                │       │
│ strict01_sdt_controls_strict01_word                                  │ 36.73 │
│ strict01_strikethrough_and_italic_combo_id_paraid_overflow_word      │ 36.43 │
│ strikethrough_and_italic_combo_id_paraid_overflow_strikethrough_bold │ 50.02 │
│ _demo_id_paraid_overflow                                             │       │
│ strikethrough_bold_demo_id_paraid_overflow_strikethrough_text_demo_i │ 52.92 │
│ d_paraid_overflow                                                    │       │
│ strikethrough_text_demo_id_paraid_overflow_strikethrough_text_format │ 76.83 │
│ ting_demo_id_paraid_overflow                                         │       │
│ strikethrough_text_formatting_demo_id_paraid_overflow_subscript_demo │ 50.26 │
│ _id_paraid_overflow                                                  │       │
│ subscript_demo_id_paraid_overflow_subscript_demo_style_default_missi │ 48.30 │
│ ng                                                                   │       │
│ subscript_demo_style_default_missing_subtitle_style_demo_id_paraid_o │ 47.93 │
│ verflow                                                              │       │
│ subtitle_style_demo_id_paraid_overflow_subtitle_style_demo_style_def │ 49.01 │
│ ault_missing                                                         │       │
│ subtitle_style_demo_style_default_missing_superscript_demo_id_paraid │ 46.89 │
│ _overflow_2                                                          │       │
│ superscript_demo_id_paraid_overflow_2_superscript_demo_id_paraid_ove │ 49.44 │
│ rflow                                                                │       │
│ superscript_demo_id_paraid_overflow_superscript_demo_style_default_m │ 54.36 │
│ issing                                                               │       │
│ superscript_demo_style_default_missing_support_tickets_summary_id_pa │ 52.73 │
│ raid_overflow_word                                                   │       │
│ superscript_demo_style_default_missing_support_tickets_table         │ 62.94 │
│ support_tickets_summary_id_paraid_overflow_support_tickets_table_wor │ 61.72 │
│ d                                                                    │       │
│ support_tickets_summary_id_paraid_overflow_text_highlight_demo_style │ 53.72 │
│ _default_missing                                                     │       │
│ support_tickets_table_support_tickets_summary_id_paraid_overflow     │ 48.20 │
│ support_tickets_table_table_bookmark_end_word                        │ 40.00 │
│ table_bookmark_end_table_vmerge_colspan_word                         │ 39.99 │
│ table_vmerge_colspan_text_box_word                                   │ 47.23 │
│ text_box_text_highlight_demo_style_default_missing_word              │ 53.27 │
│ text_highlight_demo_style_default_missing_tiff_image_word            │ 47.74 │
│ text_highlight_demo_style_default_missing_times_new_roman_bold_id_pa │ 48.11 │
│ raid_overflow                                                        │       │
│ tiff_image_times_new_roman_bold_id_paraid_overflow_word              │ 48.50 │
│ times_new_roman_bold_id_paraid_overflow_times_new_roman_font_id_para │ 49.75 │
│ id_overflow                                                          │       │
│ times_new_roman_font_id_paraid_overflow_title_style_centered_demo_id │ 73.70 │
│ _paraid_overflow                                                     │       │
│ title_style_centered_demo_id_paraid_overflow_title_style_demo_id_par │ 43.80 │
│ aid_overflow                                                         │       │
│ title_style_demo_id_paraid_overflow_title_style_demo_style_default_m │ 49.91 │
│ issing                                                               │       │
│ title_style_demo_style_default_missing_track_changes_editing_bullet_ │ 41.48 │
│ id_paraid_overflow                                                   │       │
│ track_changes_editing_bullet_id_paraid_overflow_track_changes_editin │ 50.83 │
│ g_strikethrough_id_paraid_overflow                                   │       │
│ track_changes_editing_strikethrough_id_paraid_overflow_track_changes │ 50.92 │
│ _suggesting_bold_id_paraid_overflow                                  │       │
│ track_changes_suggesting_bold_id_paraid_overflow_track_changes_sugge │ 49.10 │
│ sting_calibri_id_paraid_overflow                                     │       │
│ track_changes_suggesting_calibri_id_paraid_overflow_track_changes_su │ 54.12 │
│ ggesting_center_id_paraid_overflow                                   │       │
│ track_changes_suggesting_center_id_paraid_overflow_track_changes_sug │ 48.50 │
│ gesting_heading_id_paraid_overflow                                   │       │
│ track_changes_suggesting_heading_id_paraid_overflow_track_changes_su │ 59.16 │
│ ggesting_italic_id_paraid_overflow                                   │       │
│ track_changes_suggesting_italic_id_paraid_overflow_track_changes_sug │ 46.02 │
│ gesting_title_id_paraid_overflow                                     │       │
│ track_changes_suggesting_title_id_paraid_overflow_training_materials │ 39.41 │
│ _onboarding_program_suggesting_insertions                            │       │
│ track_changes_suggesting_title_id_paraid_overflow_training_materials │ 39.41 │
│ _onboarding_program_suggesting_insertions_word                       │       │
│ training_materials_onboarding_program_suggesting_insertions_underlin │ 54.55 │
│ e_text_demo_id_paraid_overflow                                       │       │
│ training_materials_onboarding_program_suggesting_insertions_underlin │ 54.60 │
│ e_text_demo_id_paraid_overflow_word                                  │       │
│ underline_text_demo_id_paraid_overflow_underline_text_formatting_dem │ 54.16 │
│ o_style_default_missing                                              │       │
│ underline_text_formatting_demo_style_default_missing_verdana_bold_la │ 48.78 │
│ rge_font_id_paraid_overflow                                          │       │
│ verdana_bold_large_font_id_paraid_overflow_verdana_font_demo_id_para │ 50.83 │
│ id_overflow                                                          │       │
│ verdana_bold_large_font_id_paraid_overflow_verdana_font_demo_id_para │ 48.56 │
│ id_overflow_2_word                                                   │       │
│ verdana_font_demo_id_paraid_overflow_2_verdana_font_demo_id_paraid_o │ 47.89 │
│ verflow_word                                                         │       │
│ verdana_font_demo_id_paraid_overflow_verdana_italic_centered_demo_id │ 49.03 │
│ _paraid_overflow                                                     │       │
│ verdana_italic_centered_demo_id_paraid_overflow_word_clean_strict01  │ 35.47 │
│ word_clean_strict01_word_tolerated_broken_media_rel                  │ 36.25 │
│ word_tolerated_broken_media_rel_word_tolerated_duplicate_ppr         │ 45.10 │
│ word_tolerated_duplicate_ppr_word_tolerated_misplaced_link           │ 42.84 │
│ word_tolerated_misplaced_link_word_tolerated_misplaced_pgsz          │ 49.73 │
│ word_tolerated_misplaced_pgsz_word_tolerated_misplaced_uipriority    │ 39.97 │
│ word_tolerated_misplaced_uipriority_word_tolerated_orphan_comment    │ 42.81 │
│ word_tolerated_orphan_comment_yellow_highlight_demo_id_paraid_overfl │ 58.68 │
│ ow                                                                   │       │
│ yellow_highlight_demo_id_paraid_overflow_yellow_highlight_italic_dem │ 49.32 │
│ o_style_default_missing                                              │       │
│ yellow_highlight_demo_id_paraid_overflow_yellow_highlight_italic_dem │ 53.23 │
│ o_style_default_missing_word                                         │       │
╰──────────────────────────────────────────────────────────────────────┴───────╯
           mean 50.96 · median 51.09 · min 34.72 · max 78.45 · n 230            
2 doc(s) recorded as failed in the JSONL
jsonl: appended → results-compare/bench.jsonl
jsonl: appended → results-compare/bench.jsonl
harness server stopped
=== RUN folio-current-playwright-accepted 01:02:26 ===
──────────── folio-current-playwright-accepted  (render=playwright) ────────────
starting harness server for folio-current-playwright-accepted: cd 
harness/folio-viewer-current && ./node_modules/.bin/vite --port 5176 --host 
127.0.0.1
harness server ready → http://127.0.0.1:5176/harness.html
tool_version: 0.10.2
2 render failures
visual report → 
runs-compare/folio-current-playwright-accepted_2026-07-18_01-02/report.html

────────────────────── benchmark: visual_accepted_changes ──────────────────────
                            folio  ·  164 documents                             
╭──────────────────────────────────────────────────────────────────────┬───────╮
│ document                                                             │ score │
├──────────────────────────────────────────────────────────────────────┼───────┤
│ 1_5_line_spacing_id_paraid_overflow_24_id_paraid_overflow            │ 77.29 │
│ 24_id_paraid_overflow_alternate_content                              │ 53.41 │
│ alternate_content_anchor_images                                      │ 51.10 │
│ blue_bold_centered_demo_id_paraid_overflow_blue_centered_title_demo_ │ 80.61 │
│ style_default_missing                                                │       │
│ blue_centered_title_demo_style_default_missing_blue_italic_text_demo │ 81.75 │
│ _id_paraid_overflow                                                  │       │
│ blue_italic_text_demo_id_paraid_overflow_blue_underline_combo_demo_i │ 55.69 │
│ d_paraid_overflow                                                    │       │
│ blue_underline_combo_demo_id_paraid_overflow_bold_and_italic_combo_s │ 55.40 │
│ tyle_default_missing                                                 │       │
│ bold_and_italic_combo_style_default_missing_bold_and_underline_combo │ 56.58 │
│ _id_paraid_overflow                                                  │       │
│ bold_and_underline_combo_id_paraid_overflow_bold_italic_combined_dem │ 82.23 │
│ o_id_paraid_overflow                                                 │       │
│ bold_italic_combined_demo_id_paraid_overflow_bold_italic_underline_d │ 55.67 │
│ emo_id_paraid_overflow                                               │       │
│ bold_italic_underline_demo_id_paraid_overflow_bold_red_text_combo_id │ 54.71 │
│ _paraid_overflow                                                     │       │
│ bold_red_text_combo_id_paraid_overflow_bold_superscript_demo_style_d │ 51.49 │
│ efault_missing                                                       │       │
│ bold_superscript_demo_style_default_missing_bold_text_formatting_dem │ 54.02 │
│ o_id_paraid_overflow_2                                               │       │
│ bold_text_formatting_demo_id_paraid_overflow_2_bold_text_formatting_ │ 77.37 │
│ demo_id_paraid_overflow                                              │       │
│ bold_text_formatting_demo_id_paraid_overflow_bold_underline_combined │ 56.26 │
│ _demo_id_paraid_overflow                                             │       │
│ bold_underline_combined_demo_id_paraid_overflow_bold_underline_highl │ 54.92 │
│ ight_demo_id_paraid_overflow                                         │       │
│ bold_underline_highlight_demo_id_paraid_overflow_book_catalog_id_par │ 74.44 │
│ aid_overflow                                                         │       │
│ book_catalog_id_paraid_overflow_book_catalog_table                   │ 63.15 │
│ book_catalog_table_budget_report_q1_2026_suggesting_insertions       │ 48.89 │
│ budget_report_q1_2026_suggesting_insertions_bullet_list_bold_demo_id │ 77.93 │
│ _paraid_overflow                                                     │       │
│ bullet_list_bold_demo_id_paraid_overflow_bullet_list_demo_id_paraid_ │ 57.00 │
│ overflow                                                             │       │
│ bullet_list_demo_id_paraid_overflow_calibri_bold_italic_demo_id_para │ 51.53 │
│ id_overflow                                                          │       │
│ calibri_bold_italic_demo_id_paraid_overflow_calibri_font_demo_id_par │ 51.16 │
│ aid_overflow_2                                                       │       │
│ calibri_font_demo_id_paraid_overflow_2_calibri_font_demo_id_paraid_o │ 52.08 │
│ verflow                                                              │       │
│ calibri_font_demo_id_paraid_overflow_calibri_heading_2_right_id_para │ 47.48 │
│ id_overflow                                                          │       │
│ calibri_heading_2_right_id_paraid_overflow_center_aligned_bold_text_ │ 55.26 │
│ id_paraid_overflow                                                   │       │
│ center_aligned_bold_text_id_paraid_overflow_center_alignment_demo_id │ 55.07 │
│ _paraid_overflow_2                                                   │       │
│ center_alignment_demo_id_paraid_overflow_2_center_alignment_demo_id_ │ 77.20 │
│ paraid_overflow                                                      │       │
│ center_alignment_demo_id_paraid_overflow_center_bold_demo_id_paraid_ │ 54.51 │
│ overflow                                                             │       │
│ center_bold_demo_id_paraid_overflow_clear_formatting_demo_id_paraid_ │ 54.98 │
│ overflow                                                             │       │
│ clear_formatting_demo_id_paraid_overflow_comments                    │ 46.47 │
│ comments_complex_style_attr                                          │ 48.21 │
│ complex_style_attr_contract_review_suggesting_insertions             │ 50.51 │
│ contract_review_suggesting_insertions_contract_review_suggesting_mix │ 44.00 │
│ ed_edits                                                             │       │
│ contract_review_suggesting_mixed_edits_customer_satisfaction_survey_ │ 54.65 │
│ q4_suggesting_insertions                                             │       │
│ customer_satisfaction_survey_q4_suggesting_insertions_document_100_u │ 81.42 │
│ ltimate_demo_id_paraid_overflow                                      │       │
│ document_100_ultimate_demo_id_paraid_overflow_double_spacing_bold_de │ 76.97 │
│ mo_id_paraid_overflow                                                │       │
│ employee_directory_table_2_employee_directory_table                  │ 49.84 │
│ employee_directory_table_employee_review_john_smith_suggesting_inser │ 48.82 │
│ tions                                                                │       │
│ font_color_blue_demo_style_default_missing_font_color_demo_style_def │ 55.10 │
│ ault_missing                                                         │       │
│ font_color_demo_style_default_missing_font_family_demo_id_paraid_ove │ 50.38 │
│ rflow                                                                │       │
│ font_family_demo_id_paraid_overflow_font_size_12_demo_id_paraid_over │ 51.45 │
│ flow                                                                 │       │
│ font_size_12_demo_id_paraid_overflow_font_size_18_demo_style_default │ 77.71 │
│ _missing                                                             │       │
│ font_size_18_demo_style_default_missing_font_size_24_demo_id_paraid_ │ 48.15 │
│ overflow                                                             │       │
│ font_size_24_demo_id_paraid_overflow_font_size_demo_id_paraid_overfl │ 77.75 │
│ ow                                                                   │       │
│ font_size_demo_id_paraid_overflow_footnotes_sample                   │ 47.95 │
│ footnotes_sample_gdocs_comments_export                               │ 48.36 │
│ gdocs_comments_export_green_bold_text_demo_id_paraid_overflow        │ 72.24 │
│ green_bold_text_demo_id_paraid_overflow_green_highlight_demo_id_para │ 79.65 │
│ id_overflow                                                          │       │
│ green_highlight_demo_id_paraid_overflow_green_underline_bullet_list_ │ 56.11 │
│ id_paraid_overflow                                                   │       │
│ green_underline_bullet_list_id_paraid_overflow_header_no_rels        │ 48.56 │
│ header_no_rels_heading_1_bold_demo_id_paraid_overflow                │ 50.46 │
│ heading_1_bold_demo_id_paraid_overflow_heading_1_style_demo_id_parai │ 78.86 │
│ d_overflow                                                           │       │
│ heading_1_style_demo_id_paraid_overflow_heading_2_center_demo_id_par │ 77.17 │
│ aid_overflow                                                         │       │
│ heading_2_center_demo_id_paraid_overflow_heading_2_style_demo_id_par │ 77.95 │
│ aid_overflow                                                         │       │
│ heading_2_style_demo_id_paraid_overflow_heading_3_center_italic_id_p │ 77.65 │
│ araid_overflow                                                       │       │
│ heading_3_center_italic_id_paraid_overflow_heading_3_style_demo_id_p │ 77.75 │
│ araid_overflow_2                                                     │       │
│ heading_3_style_demo_id_paraid_overflow_2_heading_3_style_demo_id_pa │ 78.45 │
│ raid_overflow                                                        │       │
│ heading_3_style_demo_id_paraid_overflow_heading_4_right_italic_id_pa │ 77.97 │
│ raid_overflow                                                        │       │
│ heading_4_right_italic_id_paraid_overflow_heading_4_style_demo_id_pa │ 78.19 │
│ raid_overflow_2                                                      │       │
│ heading_4_style_demo_id_paraid_overflow_2_heading_4_style_demo_id_pa │ 78.64 │
│ raid_overflow                                                        │       │
│ heading_4_style_demo_id_paraid_overflow_helvetica_font_demo_style_de │ 60.68 │
│ fault_missing                                                        │       │
│ helvetica_font_demo_style_default_missing_hr_onboarding_checklist_ta │ 64.24 │
│ ble                                                                  │       │
│ insert_link_demo_id_paraid_overflow_inventory_list_suggesting_deleti │ 61.45 │
│ ons                                                                  │       │
│ inventory_list_suggesting_deletions_inventory_list_suggesting_mixed_ │ 42.86 │
│ edits                                                                │       │
│ inventory_list_suggesting_mixed_edits_it_security_policy_v2_suggesti │ 72.42 │
│ ng_insertions                                                        │       │
│ it_security_policy_v2_suggesting_insertions_italic_and_underline_com │ 47.55 │
│ bo_style_default_missing                                             │       │
│ italic_and_underline_combo_style_default_missing_italic_subscript_de │ 49.16 │
│ mo_style_default_missing                                             │       │
│ italic_subscript_demo_style_default_missing_italic_text_formatting_d │ 53.91 │
│ emo_id_paraid_overflow_2                                             │       │
│ italic_text_formatting_demo_id_paraid_overflow_2_italic_text_formatt │ 54.77 │
│ ing_demo_id_paraid_overflow                                          │       │
│ italic_text_formatting_demo_id_paraid_overflow_italic_underline_comb │ 55.20 │
│ ined_demo_id_paraid_overflow                                         │       │
│ italic_underline_combined_demo_id_paraid_overflow_justified_underlin │ 73.42 │
│ e_demo_id_paraid_overflow                                            │       │
│ justified_underline_demo_id_paraid_overflow_justify_alignment_demo_i │ 78.66 │
│ d_paraid_overflow_2                                                  │       │
│ justify_alignment_demo_id_paraid_overflow_2_justify_alignment_demo_i │ 49.97 │
│ d_paraid_overflow                                                    │       │
│ justify_alignment_demo_id_paraid_overflow_large_font_size_demo_id_pa │ 76.65 │
│ raid_overflow                                                        │       │
│ large_font_size_demo_id_paraid_overflow_left_alignment_demo_id_parai │ 82.09 │
│ d_overflow                                                           │       │
│ left_alignment_demo_id_paraid_overflow_line_spacing_demo_id_paraid_o │ 79.57 │
│ verflow                                                              │       │
│ line_spacing_demo_id_paraid_overflow_marketing_strategy_2026_suggest │ 76.00 │
│ ing_insertions                                                       │       │
│ mcdoc_meeting_agenda_table_2                                         │ 50.67 │
│ meeting_agenda_table_2_meeting_agenda_table                          │ 58.08 │
│ meeting_agenda_table_meeting_minutes_id_paraid_overflow              │ 45.72 │
│ meeting_minutes_id_paraid_overflow_meeting_minutes_suggesting_insert │ 79.77 │
│ ions                                                                 │       │
│ meeting_minutes_suggesting_insertions_multi_section                  │ 51.01 │
│ multi_section_nested_table_rowspan                                   │ 45.96 │
│ nested_table_rowspan_numbered_list_demo_id_paraid_overflow           │ 43.78 │
│ numbered_list_demo_id_paraid_overflow_numbered_list_italic_demo_id_p │ 54.30 │
│ araid_overflow                                                       │       │
│ numbered_list_italic_demo_id_paraid_overflow_numwords_fldsimple      │ 59.33 │
│ numwords_fldsimple_ole_object                                        │ 35.46 │
│ ole_object_ooxml_style_link                                          │ 43.73 │
│ ooxml_style_link_open_sans_bold_underline_id_paraid_overflow         │ 51.68 │
│ open_sans_bold_underline_id_paraid_overflow_open_sans_font_demo_id_p │ 51.82 │
│ araid_overflow_2                                                     │       │
│ open_sans_font_demo_id_paraid_overflow_2_open_sans_font_demo_id_para │ 52.00 │
│ id_overflow                                                          │       │
│ open_sans_font_demo_id_paraid_overflow_page_numbering_examples       │ 51.06 │
│ page_numbering_examples_potpourritest                                │ 42.41 │
│ potpourritest_product_roadmap_2026_suggesting_insertions             │ 42.51 │
│ product_roadmap_2026_suggesting_insertions_project_plan_suggesting_i │ 54.25 │
│ nsertions                                                            │       │
│ project_plan_suggesting_insertions_project_proposal_id_paraid_overfl │ 74.65 │
│ ow                                                                   │       │
│ project_proposal_id_paraid_overflow_project_proposal_suggesting_inse │ 53.37 │
│ rtions                                                               │       │
│ project_proposal_suggesting_insertions_project_tasks_suggesting_inse │ 74.67 │
│ rtions_2                                                             │       │
│ project_tasks_suggesting_insertions_2_project_tasks_suggesting_inser │ 63.13 │
│ tions                                                                │       │
│ project_tasks_suggesting_insertions_q1_sales_summary_table_2         │ 58.32 │
│ q1_sales_summary_table_2_q1_sales_summary_table                      │ 62.54 │
│ q1_sales_summary_table_quarterly_performance_report_table_2          │ 50.50 │
│ quarterly_performance_report_table_2_quarterly_performance_report_ta │ 58.08 │
│ ble                                                                  │       │
│ quarterly_performance_report_table_red_bold_heading_demo_style_defau │ 43.87 │
│ lt_missing                                                           │       │
│ red_bold_heading_demo_style_default_missing_red_bold_text_demo_id_pa │ 54.54 │
│ raid_overflow                                                        │       │
│ red_bold_text_demo_id_paraid_overflow_red_heading_demo_id_paraid_ove │ 77.99 │
│ rflow                                                                │       │
│ red_heading_demo_id_paraid_overflow_red_strikethrough_demo_style_def │ 78.83 │
│ ault_missing                                                         │       │
│ red_strikethrough_demo_style_default_missing_redline_cicerodo_v_plat │ 44.68 │
│ e_30                                                                 │       │
│ redline_cicerodo_v_plate_30_right_align_bold_demo_id_paraid_overflow │ 43.78 │
│ right_align_bold_demo_id_paraid_overflow_right_aligned_italic_demo_i │ 78.74 │
│ d_paraid_overflow                                                    │       │
│ right_aligned_italic_demo_id_paraid_overflow_right_alignment_demo_id │ 55.02 │
│ _paraid_overflow_2                                                   │       │
│ right_alignment_demo_id_paraid_overflow_2_right_alignment_demo_id_pa │ 77.05 │
│ raid_overflow                                                        │       │
│ right_alignment_demo_id_paraid_overflow_risk_assessment_product_laun │ 72.86 │
│ ch_suggesting_insertions                                             │       │
│ risk_assessment_product_launch_suggesting_insertions_roboto_font_dem │ 51.18 │
│ o_id_paraid_overflow_2                                               │       │
│ roboto_font_demo_id_paraid_overflow_2_roboto_font_demo_id_paraid_ove │ 51.62 │
│ rflow                                                                │       │
│ roboto_font_demo_id_paraid_overflow_roboto_underline_demo_id_paraid_ │ 52.04 │
│ overflow                                                             │       │
│ roboto_underline_demo_id_paraid_overflow_sales_report_january_2026_s │ 56.62 │
│ uggesting_insertions                                                 │       │
│ sales_report_january_2026_suggesting_insertions_sample_document_afte │ 37.49 │
│ rword_repaired_word_repaired                                         │       │
│ sample_document_word_repair_of_our_output_iter2_word_repaired_sample │ 37.44 │
│ _document_word_repair_of_our_output_word_repaired                    │       │
│ sample_document_word_repair_of_our_output_word_repaired_sd_2517_loca │ 36.87 │
│ lized_heading_styles                                                 │       │
│ sd_2517_localized_heading_styles_sectpr_headerref                    │ 48.84 │
│ sectpr_headerref_single_paragraph                                    │ 48.17 │
│ single_paragraph_small_font_size_demo_id_paraid_overflow             │ 60.72 │
│ small_font_size_demo_id_paraid_overflow_strict01_sdt_controls        │ 35.59 │
│ strict01_sdt_controls_strict01                                       │ 36.74 │
│ strict01_strikethrough_and_italic_combo_id_paraid_overflow           │ 44.62 │
│ strikethrough_and_italic_combo_id_paraid_overflow_strikethrough_bold │ 78.68 │
│ _demo_id_paraid_overflow                                             │       │
│ strikethrough_bold_demo_id_paraid_overflow_strikethrough_text_demo_i │ 55.42 │
│ d_paraid_overflow                                                    │       │
│ strikethrough_text_demo_id_paraid_overflow_strikethrough_text_format │ 50.73 │
│ ting_demo_id_paraid_overflow                                         │       │
│ strikethrough_text_formatting_demo_id_paraid_overflow_subscript_demo │ 49.22 │
│ _id_paraid_overflow                                                  │       │
│ subscript_demo_id_paraid_overflow_subscript_demo_style_default_missi │ 49.34 │
│ ng                                                                   │       │
│ subscript_demo_style_default_missing_subtitle_style_demo_id_paraid_o │ 79.56 │
│ verflow                                                              │       │
│ subtitle_style_demo_id_paraid_overflow_subtitle_style_demo_style_def │ 78.50 │
│ ault_missing                                                         │       │
│ subtitle_style_demo_style_default_missing_superscript_demo_id_paraid │ 50.95 │
│ _overflow_2                                                          │       │
│ superscript_demo_id_paraid_overflow_2_superscript_demo_id_paraid_ove │ 51.17 │
│ rflow                                                                │       │
│ superscript_demo_id_paraid_overflow_superscript_demo_style_default_m │ 52.08 │
│ issing                                                               │       │
│ superscript_demo_style_default_missing_support_tickets_summary_id_pa │ 78.03 │
│ raid_overflow                                                        │       │
│ support_tickets_summary_id_paraid_overflow_support_tickets_table     │ 62.50 │
│ support_tickets_table_table_bookmark_end                             │ 41.18 │
│ table_bookmark_end_table_vmerge_colspan                              │ 41.54 │
│ table_vmerge_colspan_text_box                                        │ 41.19 │
│ text_box_text_highlight_demo_style_default_missing                   │ 56.34 │
│ text_highlight_demo_style_default_missing_tiff_image                 │ 45.95 │
│ tiff_image_times_new_roman_bold_id_paraid_overflow                   │ 83.34 │
│ times_new_roman_bold_id_paraid_overflow_times_new_roman_font_id_para │ 78.12 │
│ id_overflow                                                          │       │
│ times_new_roman_font_id_paraid_overflow_title_style_centered_demo_id │ 76.27 │
│ _paraid_overflow                                                     │       │
│ title_style_centered_demo_id_paraid_overflow_title_style_demo_id_par │ 77.74 │
│ aid_overflow                                                         │       │
│ title_style_demo_id_paraid_overflow_title_style_demo_style_default_m │ 77.04 │
│ issing                                                               │       │
│ title_style_demo_style_default_missing_track_changes_editing_bullet_ │ 77.42 │
│ id_paraid_overflow                                                   │       │
│ track_changes_editing_bullet_id_paraid_overflow_track_changes_editin │ 78.40 │
│ g_strikethrough_id_paraid_overflow                                   │       │
│ track_changes_editing_strikethrough_id_paraid_overflow_track_changes │ 80.00 │
│ _suggesting_bold_id_paraid_overflow                                  │       │
│ track_changes_suggesting_bold_id_paraid_overflow_track_changes_sugge │ 50.79 │
│ sting_calibri_id_paraid_overflow                                     │       │
│ track_changes_suggesting_calibri_id_paraid_overflow_track_changes_su │ 54.82 │
│ ggesting_center_id_paraid_overflow                                   │       │
│ track_changes_suggesting_center_id_paraid_overflow_track_changes_sug │ 79.10 │
│ gesting_heading_id_paraid_overflow                                   │       │
│ track_changes_suggesting_heading_id_paraid_overflow_track_changes_su │ 78.60 │
│ ggesting_italic_id_paraid_overflow                                   │       │
│ track_changes_suggesting_italic_id_paraid_overflow_track_changes_sug │ 44.28 │
│ gesting_title_id_paraid_overflow                                     │       │
│ track_changes_suggesting_title_id_paraid_overflow_training_materials │ 74.36 │
│ _onboarding_program_suggesting_insertions                            │       │
│ training_materials_onboarding_program_suggesting_insertions_underlin │ 55.67 │
│ e_text_demo_id_paraid_overflow                                       │       │
│ underline_text_demo_id_paraid_overflow_underline_text_formatting_dem │ 53.88 │
│ o_style_default_missing                                              │       │
│ verdana_bold_large_font_id_paraid_overflow_verdana_font_demo_id_para │ 48.72 │
│ id_overflow_2                                                        │       │
│ verdana_font_demo_id_paraid_overflow_2_verdana_font_demo_id_paraid_o │ 48.90 │
│ verflow                                                              │       │
│ verdana_font_demo_id_paraid_overflow_verdana_italic_centered_demo_id │ 52.69 │
│ _paraid_overflow                                                     │       │
│ yellow_highlight_demo_id_paraid_overflow_yellow_highlight_italic_dem │ 54.30 │
│ o_style_default_missing                                              │       │
╰──────────────────────────────────────────────────────────────────────┴───────╯
           mean 59.67 · median 54.95 · min 35.46 · max 83.34 · n 164            
2 render failure(s) recorded on visual_accepted_changes
page-count mismatch on 206 doc(s) (scored on the shared pages only): 
1_5_line_spacing_id_paraid_overflow_24_id_paraid_overflow (oracle 1 vs candidate
2); 24_id_paraid_overflow_alternate_content_word (oracle 1 vs candidate 2); 
24_id_paraid_overflow_blue_bold_centered_demo_id_paraid_overflow (oracle 1 vs 
candidate 2); alternate_content_anchor_images_word (oracle 1 vs candidate 2); 
blue_bold_centered_demo_id_paraid_overflow_blue_centered_title_demo_style_defaul
t_missing (oracle 1 vs candidate 2) …

────────────────────────── benchmark: script_redlines ──────────────────────────
                            folio  ·  230 documents                             
╭──────────────────────────────────────────────────────────────────────┬───────╮
│ document                                                             │ score │
├──────────────────────────────────────────────────────────────────────┼───────┤
│ 1_5_line_spacing_id_paraid_overflow_24_id_paraid_overflow            │ 45.81 │
│ 24_id_paraid_overflow_alternate_content_word                         │ 51.19 │
│ 24_id_paraid_overflow_blue_bold_centered_demo_id_paraid_overflow     │ 53.14 │
│ alternate_content_anchor_images_word                                 │ 52.45 │
│ blue_bold_centered_demo_id_paraid_overflow_blue_centered_title_demo_ │ 55.72 │
│ style_default_missing                                                │       │
│ blue_centered_title_demo_style_default_missing_blue_italic_text_demo │ 45.23 │
│ _id_paraid_overflow                                                  │       │
│ blue_italic_text_demo_id_paraid_overflow_blue_underline_combo_demo_i │ 54.35 │
│ d_paraid_overflow                                                    │       │
│ blue_underline_combo_demo_id_paraid_overflow_bold_and_italic_combo_s │ 50.39 │
│ tyle_default_missing                                                 │       │
│ bold_and_italic_combo_style_default_missing_bold_and_underline_combo │ 57.00 │
│ _id_paraid_overflow                                                  │       │
│ bold_and_underline_combo_id_paraid_overflow_bold_italic_combined_dem │ 51.55 │
│ o_id_paraid_overflow                                                 │       │
│ bold_italic_combined_demo_id_paraid_overflow_bold_italic_underline_d │ 54.86 │
│ emo_id_paraid_overflow                                               │       │
│ bold_italic_underline_demo_id_paraid_overflow_bold_red_text_combo_id │ 50.31 │
│ _paraid_overflow                                                     │       │
│ bold_red_text_combo_id_paraid_overflow_bold_superscript_demo_style_d │ 48.91 │
│ efault_missing                                                       │       │
│ bold_superscript_demo_style_default_missing_bold_text_formatting_dem │ 56.87 │
│ o_id_paraid_overflow_2                                               │       │
│ bold_text_formatting_demo_id_paraid_overflow_2_bold_text_formatting_ │ 77.24 │
│ demo_id_paraid_overflow                                              │       │
│ bold_text_formatting_demo_id_paraid_overflow_bold_underline_combined │ 55.47 │
│ _demo_id_paraid_overflow                                             │       │
│ bold_underline_combined_demo_id_paraid_overflow_bold_underline_highl │ 53.73 │
│ ight_demo_id_paraid_overflow                                         │       │
│ bold_underline_highlight_demo_id_paraid_overflow_book_catalog_id_par │ 51.28 │
│ aid_overflow                                                         │       │
│ book_catalog_id_paraid_overflow_book_catalog_table                   │ 60.84 │
│ book_catalog_table_budget_report_q1_2026_suggesting_insertions       │ 58.41 │
│ book_catalog_table_budget_report_q1_2026_suggesting_insertions_word  │ 58.39 │
│ budget_report_q1_2026_suggesting_insertions_bullet_list_bold_demo_id │ 51.67 │
│ _paraid_overflow                                                     │       │
│ budget_report_q1_2026_suggesting_insertions_bullet_list_bold_demo_id │ 52.07 │
│ _paraid_overflow_word                                                │       │
│ bullet_list_bold_demo_id_paraid_overflow_bullet_list_demo_id_paraid_ │ 50.16 │
│ overflow                                                             │       │
│ bullet_list_demo_id_paraid_overflow_calibri_bold_italic_demo_id_para │ 49.69 │
│ id_overflow                                                          │       │
│ calibri_bold_italic_demo_id_paraid_overflow_calibri_font_demo_id_par │ 49.20 │
│ aid_overflow_2                                                       │       │
│ calibri_font_demo_id_paraid_overflow_2_calibri_font_demo_id_paraid_o │ 48.82 │
│ verflow                                                              │       │
│ calibri_font_demo_id_paraid_overflow_calibri_heading_2_right_id_para │ 54.52 │
│ id_overflow                                                          │       │
│ calibri_heading_2_right_id_paraid_overflow_center_aligned_bold_text_ │ 45.75 │
│ id_paraid_overflow                                                   │       │
│ center_aligned_bold_text_id_paraid_overflow_center_alignment_demo_id │ 51.06 │
│ _paraid_overflow_2                                                   │       │
│ center_alignment_demo_id_paraid_overflow_2_center_alignment_demo_id_ │ 54.23 │
│ paraid_overflow                                                      │       │
│ center_alignment_demo_id_paraid_overflow_center_bold_demo_id_paraid_ │ 52.41 │
│ overflow                                                             │       │
│ center_bold_demo_id_paraid_overflow_clear_formatting_demo_id_paraid_ │ 50.55 │
│ overflow                                                             │       │
│ clear_formatting_demo_id_paraid_overflow_comments_word               │ 45.42 │
│ clear_formatting_demo_id_paraid_overflow_contract_review_suggesting_ │ 51.28 │
│ insertions                                                           │       │
│ comments_complex_style_attr_word                                     │ 47.38 │
│ complex_style_attr_contract_review_suggesting_insertions_word        │ 50.84 │
│ contract_review_suggesting_insertions_contract_review_suggesting_mix │ 49.90 │
│ ed_edits                                                             │       │
│ contract_review_suggesting_insertions_contract_review_suggesting_mix │ 52.34 │
│ ed_edits_word                                                        │       │
│ contract_review_suggesting_mixed_edits_customer_satisfaction_survey_ │ 51.59 │
│ q4_suggesting_insertions                                             │       │
│ contract_review_suggesting_mixed_edits_customer_satisfaction_survey_ │ 51.12 │
│ q4_suggesting_insertions_word                                        │       │
│ customer_satisfaction_survey_q4_suggesting_insertions_document_100_u │ 46.57 │
│ ltimate_demo_id_paraid_overflow                                      │       │
│ customer_satisfaction_survey_q4_suggesting_insertions_document_100_u │ 46.51 │
│ ltimate_demo_id_paraid_overflow_word                                 │       │
│ document_100_ultimate_demo_id_paraid_overflow_docx_lots_of_comments_ │ 35.67 │
│ addition_redline_addition_v_removal                                  │       │
│ document_100_ultimate_demo_id_paraid_overflow_double_spacing_bold_de │ 49.86 │
│ mo_id_paraid_overflow_word                                           │       │
│ docx_lots_of_comments_addition_docx_lots_of_comments                 │ 35.55 │
│ docx_lots_of_comments_addition_redline_addition_v_removal_docx_lots_ │ 34.76 │
│ of_comments_addition_redline                                         │       │
│ docx_lots_of_comments_addition_redline_docx_lots_of_comments_additio │ 34.72 │
│ n_removal_redline_removal_v_addition                                 │       │
│ docx_lots_of_comments_addition_removal_docx_lots_of_comments_additio │ 34.76 │
│ n                                                                    │       │
│ docx_lots_of_comments_addition_removal_redline_docx_lots_of_comments │ 34.67 │
│ _addition_removal                                                    │       │
│ docx_lots_of_comments_addition_removal_redline_removal_v_addition_do │ 34.72 │
│ cx_lots_of_comments_addition_removal_redline                         │       │
│ docx_lots_of_comments_double_spacing_bold_demo_id_paraid_overflow    │ 34.45 │
│ double_spacing_bold_demo_id_paraid_overflow_eigenpal_docx_editor_sug │ 43.67 │
│ gesting_mixed_edits                                                  │       │
│ eigenpal_docx_editor_suggesting_mixed_edits_employee_directory_table │ 42.31 │
│ _2                                                                   │       │
│ employee_directory_table_2_employee_directory_table                  │ 50.05 │
│ employee_directory_table_employee_review_john_smith_suggesting_inser │ 50.28 │
│ tions                                                                │       │
│ employee_directory_table_employee_review_john_smith_suggesting_inser │ 50.15 │
│ tions_word                                                           │       │
│ employee_review_john_smith_suggesting_insertions_font_color_blue_dem │ 50.21 │
│ o_style_default_missing                                              │       │
│ font_color_blue_demo_style_default_missing_font_color_demo_style_def │ 51.60 │
│ ault_missing                                                         │       │
│ font_color_demo_style_default_missing_font_family_demo_id_paraid_ove │ 47.74 │
│ rflow                                                                │       │
│ font_family_demo_id_paraid_overflow_font_size_12_demo_id_paraid_over │ 48.39 │
│ flow                                                                 │       │
│ font_size_12_demo_id_paraid_overflow_font_size_18_demo_style_default │ 49.64 │
│ _missing                                                             │       │
│ font_size_18_demo_style_default_missing_font_size_24_demo_id_paraid_ │ 50.99 │
│ overflow                                                             │       │
│ font_size_24_demo_id_paraid_overflow_font_size_demo_id_paraid_overfl │ 48.63 │
│ ow                                                                   │       │
│ font_size_demo_id_paraid_overflow_footnotes_sample_word              │ 45.69 │
│ font_size_demo_id_paraid_overflow_green_bold_text_demo_id_paraid_ove │ 50.77 │
│ rflow                                                                │       │
│ footnotes_sample_gdocs_comments_export_word                          │ 47.21 │
│ gdocs_comments_export_green_bold_text_demo_id_paraid_overflow_word   │ 57.09 │
│ green_bold_text_demo_id_paraid_overflow_green_highlight_demo_id_para │ 53.97 │
│ id_overflow                                                          │       │
│ green_highlight_demo_id_paraid_overflow_green_underline_bullet_list_ │ 50.68 │
│ id_paraid_overflow                                                   │       │
│ green_underline_bullet_list_id_paraid_overflow_header_no_rels_word   │ 46.33 │
│ green_underline_bullet_list_id_paraid_overflow_heading_1_bold_demo_i │ 46.83 │
│ d_paraid_overflow                                                    │       │
│ header_no_rels_heading_1_bold_demo_id_paraid_overflow_word           │ 48.04 │
│ heading_1_bold_demo_id_paraid_overflow_heading_1_style_demo_id_parai │ 49.38 │
│ d_overflow                                                           │       │
│ heading_1_style_demo_id_paraid_overflow_heading_2_center_demo_id_par │ 46.85 │
│ aid_overflow                                                         │       │
│ heading_2_center_demo_id_paraid_overflow_heading_2_style_demo_id_par │ 52.93 │
│ aid_overflow                                                         │       │
│ heading_2_style_demo_id_paraid_overflow_heading_3_center_italic_id_p │ 50.68 │
│ araid_overflow                                                       │       │
│ heading_3_center_italic_id_paraid_overflow_heading_3_style_demo_id_p │ 56.11 │
│ araid_overflow_2                                                     │       │
│ heading_3_style_demo_id_paraid_overflow_2_heading_3_style_demo_id_pa │ 51.13 │
│ raid_overflow                                                        │       │
│ heading_3_style_demo_id_paraid_overflow_heading_4_right_italic_id_pa │ 57.37 │
│ raid_overflow                                                        │       │
│ heading_4_right_italic_id_paraid_overflow_heading_4_style_demo_id_pa │ 52.97 │
│ raid_overflow_2                                                      │       │
│ heading_4_style_demo_id_paraid_overflow_2_heading_4_style_demo_id_pa │ 46.40 │
│ raid_overflow                                                        │       │
│ heading_4_style_demo_id_paraid_overflow_helvetica_font_demo_style_de │ 47.30 │
│ fault_missing                                                        │       │
│ helvetica_font_demo_style_default_missing_hr_onboarding_checklist_ta │ 59.38 │
│ ble                                                                  │       │
│ hr_onboarding_checklist_table_i_am_sharing_microsoft_word_vs_google_ │ 36.20 │
│ docs_comprehensive_proof_with_you                                    │       │
│ i_am_sharing_microsoft_word_vs_google_docs_comprehensive_proof_with_ │ 35.80 │
│ you_increase_indent_demo_id_paraid_overflow                          │       │
│ increase_indent_demo_id_paraid_overflow_insert_link_demo_id_paraid_o │ 52.78 │
│ verflow                                                              │       │
│ insert_link_demo_id_paraid_overflow_inventory_list_suggesting_deleti │ 58.62 │
│ ons                                                                  │       │
│ insert_link_demo_id_paraid_overflow_inventory_list_suggesting_deleti │ 57.92 │
│ ons_word                                                             │       │
│ inventory_list_suggesting_deletions_inventory_list_suggesting_mixed_ │ 48.56 │
│ edits                                                                │       │
│ inventory_list_suggesting_deletions_inventory_list_suggesting_mixed_ │ 48.47 │
│ edits_word                                                           │       │
│ inventory_list_suggesting_mixed_edits_it_security_policy_v2_suggesti │ 52.51 │
│ ng_insertions                                                        │       │
│ inventory_list_suggesting_mixed_edits_it_security_policy_v2_suggesti │ 53.02 │
│ ng_insertions_word                                                   │       │
│ it_security_policy_v2_suggesting_insertions_italic_and_underline_com │ 47.07 │
│ bo_style_default_missing                                             │       │
│ it_security_policy_v2_suggesting_insertions_italic_and_underline_com │ 47.16 │
│ bo_style_default_missing_word                                        │       │
│ italic_and_underline_combo_style_default_missing_italic_subscript_de │ 49.83 │
│ mo_style_default_missing                                             │       │
│ italic_subscript_demo_style_default_missing_italic_text_formatting_d │ 51.18 │
│ emo_id_paraid_overflow_2                                             │       │
│ italic_text_formatting_demo_id_paraid_overflow_2_italic_text_formatt │ 53.90 │
│ ing_demo_id_paraid_overflow                                          │       │
│ italic_text_formatting_demo_id_paraid_overflow_italic_underline_comb │ 55.37 │
│ ined_demo_id_paraid_overflow                                         │       │
│ italic_underline_combined_demo_id_paraid_overflow_justified_underlin │ 52.41 │
│ e_demo_id_paraid_overflow                                            │       │
│ justified_underline_demo_id_paraid_overflow_justify_alignment_demo_i │ 51.58 │
│ d_paraid_overflow_2                                                  │       │
│ justify_alignment_demo_id_paraid_overflow_2_justify_alignment_demo_i │ 53.76 │
│ d_paraid_overflow                                                    │       │
│ justify_alignment_demo_id_paraid_overflow_large_font_size_demo_id_pa │ 51.34 │
│ raid_overflow                                                        │       │
│ large_font_size_demo_id_paraid_overflow_left_alignment_demo_id_parai │ 46.76 │
│ d_overflow                                                           │       │
│ left_alignment_demo_id_paraid_overflow_line_spacing_demo_id_paraid_o │ 47.89 │
│ verflow                                                              │       │
│ line_spacing_demo_id_paraid_overflow_marketing_strategy_2026_suggest │ 52.22 │
│ ing_insertions                                                       │       │
│ line_spacing_demo_id_paraid_overflow_marketing_strategy_2026_suggest │ 52.21 │
│ ing_insertions_word                                                  │       │
│ marketing_strategy_2026_suggesting_insertions_meeting_agenda_table_2 │ 58.32 │
│ mcdoc_meeting_agenda_table_2_word                                    │ 50.33 │
│ meeting_agenda_table_2_meeting_agenda_table                          │ 64.02 │
│ meeting_agenda_table_meeting_minutes_id_paraid_overflow              │ 49.64 │
│ meeting_minutes_id_paraid_overflow_meeting_minutes_suggesting_insert │ 55.22 │
│ ions                                                                 │       │
│ meeting_minutes_id_paraid_overflow_meeting_minutes_suggesting_insert │ 55.00 │
│ ions_word                                                            │       │
│ meeting_minutes_suggesting_insertions_multi_section_word             │ 49.97 │
│ meeting_minutes_suggesting_insertions_numbered_list_demo_id_paraid_o │ 50.10 │
│ verflow                                                              │       │
│ multi_section_nested_table_rowspan_word                              │ 45.98 │
│ nested_table_rowspan_numbered_list_demo_id_paraid_overflow_word      │ 48.16 │
│ numbered_list_demo_id_paraid_overflow_numbered_list_italic_demo_id_p │ 52.96 │
│ araid_overflow                                                       │       │
│ numbered_list_italic_demo_id_paraid_overflow_numwords_fldsimple_word │ 47.06 │
│ numbered_list_italic_demo_id_paraid_overflow_open_sans_bold_underlin │ 53.71 │
│ e_id_paraid_overflow                                                 │       │
│ numwords_fldsimple_ole_object_word                                   │ 35.38 │
│ ole_object_ooxml_style_link_word                                     │ 37.30 │
│ ooxml_style_link_open_sans_bold_underline_id_paraid_overflow_word    │ 44.98 │
│ open_sans_bold_underline_id_paraid_overflow_open_sans_font_demo_id_p │ 50.43 │
│ araid_overflow_2                                                     │       │
│ open_sans_font_demo_id_paraid_overflow_2_open_sans_font_demo_id_para │ 50.69 │
│ id_overflow                                                          │       │
│ open_sans_font_demo_id_paraid_overflow_page_numbering_examples_word  │ 51.03 │
│ open_sans_font_demo_id_paraid_overflow_product_roadmap_2026_suggesti │ 50.59 │
│ ng_insertions                                                        │       │
│ page_numbering_examples_potpourritest_word                           │ 42.70 │
│ potpourritest_product_roadmap_2026_suggesting_insertions_word        │ 42.54 │
│ product_roadmap_2026_suggesting_insertions_project_plan_suggesting_i │ 50.54 │
│ nsertions                                                            │       │
│ product_roadmap_2026_suggesting_insertions_project_plan_suggesting_i │ 50.51 │
│ nsertions_word                                                       │       │
│ project_plan_suggesting_insertions_project_proposal_id_paraid_overfl │ 51.76 │
│ ow                                                                   │       │
│ project_plan_suggesting_insertions_project_proposal_id_paraid_overfl │ 52.14 │
│ ow_word                                                              │       │
│ project_proposal_id_paraid_overflow_project_proposal_suggesting_inse │ 53.43 │
│ rtions                                                               │       │
│ project_proposal_suggesting_insertions_project_tasks_suggesting_inse │ 50.95 │
│ rtions_2                                                             │       │
│ project_proposal_suggesting_insertions_project_tasks_suggesting_inse │ 50.99 │
│ rtions_2_word                                                        │       │
│ project_tasks_suggesting_insertions_2_project_tasks_suggesting_inser │ 57.46 │
│ tions                                                                │       │
│ project_tasks_suggesting_insertions_2_project_tasks_suggesting_inser │ 61.37 │
│ tions_word                                                           │       │
│ project_tasks_suggesting_insertions_q1_sales_summary_table_2         │ 61.56 │
│ project_tasks_suggesting_insertions_q1_sales_summary_table_2_word    │ 62.26 │
│ q1_sales_summary_table_2_q1_sales_summary_table                      │ 63.94 │
│ q1_sales_summary_table_quarterly_performance_report_table_2          │ 50.31 │
│ quarterly_performance_report_table_2_quarterly_performance_report_ta │ 62.94 │
│ ble                                                                  │       │
│ quarterly_performance_report_table_red_bold_heading_demo_style_defau │ 45.04 │
│ lt_missing                                                           │       │
│ red_bold_heading_demo_style_default_missing_red_bold_text_demo_id_pa │ 54.75 │
│ raid_overflow                                                        │       │
│ red_bold_text_demo_id_paraid_overflow_red_heading_demo_id_paraid_ove │ 48.67 │
│ rflow                                                                │       │
│ red_heading_demo_id_paraid_overflow_red_strikethrough_demo_style_def │ 50.06 │
│ ault_missing                                                         │       │
│ red_strikethrough_demo_style_default_missing_redline_cicerodo_v_plat │ 43.82 │
│ e_30_word                                                            │       │
│ red_strikethrough_demo_style_default_missing_right_align_bold_demo_i │ 52.13 │
│ d_paraid_overflow                                                    │       │
│ redline_cicerodo_v_plate_30_right_align_bold_demo_id_paraid_overflow │ 43.73 │
│ _word                                                                │       │
│ right_align_bold_demo_id_paraid_overflow_right_aligned_italic_demo_i │ 50.30 │
│ d_paraid_overflow                                                    │       │
│ right_aligned_italic_demo_id_paraid_overflow_right_alignment_demo_id │ 48.82 │
│ _paraid_overflow_2                                                   │       │
│ right_alignment_demo_id_paraid_overflow_2_right_alignment_demo_id_pa │ 54.46 │
│ raid_overflow                                                        │       │
│ right_alignment_demo_id_paraid_overflow_risk_assessment_product_laun │ 50.89 │
│ ch_suggesting_insertions                                             │       │
│ right_alignment_demo_id_paraid_overflow_risk_assessment_product_laun │ 50.87 │
│ ch_suggesting_insertions_word                                        │       │
│ risk_assessment_product_launch_suggesting_insertions_roboto_font_dem │ 47.63 │
│ o_id_paraid_overflow_2                                               │       │
│ risk_assessment_product_launch_suggesting_insertions_roboto_font_dem │ 48.03 │
│ o_id_paraid_overflow_2_word                                          │       │
│ roboto_font_demo_id_paraid_overflow_2_roboto_font_demo_id_paraid_ove │ 49.65 │
│ rflow                                                                │       │
│ roboto_font_demo_id_paraid_overflow_roboto_underline_demo_id_paraid_ │ 52.13 │
│ overflow                                                             │       │
│ roboto_underline_demo_id_paraid_overflow_sales_report_january_2026_s │ 50.06 │
│ uggesting_insertions                                                 │       │
│ roboto_underline_demo_id_paraid_overflow_sales_report_january_2026_s │ 50.07 │
│ uggesting_insertions_word                                            │       │
│ sales_report_january_2026_suggesting_insertions_sample_document_afte │ 39.08 │
│ rword_repaired_word_repaired                                         │       │
│ sales_report_january_2026_suggesting_insertions_sample_document_afte │ 38.89 │
│ rword_repaired_word_repaired_word                                    │       │
│ sample_document_afterword_repaired_word_repaired_sample_document_rea │ 37.51 │
│ lly_repaired_word_repaired                                           │       │
│ sample_document_really_repaired_word_repaired_sample_document_word_r │ 37.41 │
│ epair_of_our_output_iter2_word_repaired                              │       │
│ sample_document_word_repair_of_our_output_iter2_word_repaired_sample │ 37.34 │
│ _document_word_repair_of_our_output_word_repaired                    │       │
│ sample_document_word_repair_of_our_output_iter2_word_repaired_sample │ 37.07 │
│ _document_word_repair_of_our_output_word_repaired_word               │       │
│ sample_document_word_repair_of_our_output_word_repaired_sd_2517_loca │ 36.50 │
│ lized_heading_styles_word                                            │       │
│ sample_document_word_repair_of_our_output_word_repaired_small_font_s │ 38.82 │
│ ize_demo_id_paraid_overflow                                          │       │
│ sd_2517_localized_heading_styles_sectpr_headerref_word               │ 38.79 │
│ sectpr_headerref_single_paragraph_word                               │ 46.12 │
│ single_paragraph_small_font_size_demo_id_paraid_overflow_word        │ 53.33 │
│ small_font_size_demo_id_paraid_overflow_strict01_sdt_controls_word   │ 35.83 │
│ small_font_size_demo_id_paraid_overflow_strikethrough_and_italic_com │ 49.32 │
│ bo_id_paraid_overflow                                                │       │
│ strict01_sdt_controls_strict01_word                                  │ 36.73 │
│ strict01_strikethrough_and_italic_combo_id_paraid_overflow_word      │ 36.70 │
│ strikethrough_and_italic_combo_id_paraid_overflow_strikethrough_bold │ 48.88 │
│ _demo_id_paraid_overflow                                             │       │
│ strikethrough_bold_demo_id_paraid_overflow_strikethrough_text_demo_i │ 51.87 │
│ d_paraid_overflow                                                    │       │
│ strikethrough_text_demo_id_paraid_overflow_strikethrough_text_format │ 49.98 │
│ ting_demo_id_paraid_overflow                                         │       │
│ strikethrough_text_formatting_demo_id_paraid_overflow_subscript_demo │ 47.86 │
│ _id_paraid_overflow                                                  │       │
│ subscript_demo_id_paraid_overflow_subscript_demo_style_default_missi │ 48.03 │
│ ng                                                                   │       │
│ subscript_demo_style_default_missing_subtitle_style_demo_id_paraid_o │ 47.70 │
│ verflow                                                              │       │
│ subtitle_style_demo_id_paraid_overflow_subtitle_style_demo_style_def │ 55.74 │
│ ault_missing                                                         │       │
│ subtitle_style_demo_style_default_missing_superscript_demo_id_paraid │ 47.79 │
│ _overflow_2                                                          │       │
│ superscript_demo_id_paraid_overflow_2_superscript_demo_id_paraid_ove │ 49.80 │
│ rflow                                                                │       │
│ superscript_demo_id_paraid_overflow_superscript_demo_style_default_m │ 56.57 │
│ issing                                                               │       │
│ superscript_demo_style_default_missing_support_tickets_summary_id_pa │ 51.87 │
│ raid_overflow_word                                                   │       │
│ superscript_demo_style_default_missing_support_tickets_table         │ 60.34 │
│ support_tickets_summary_id_paraid_overflow_support_tickets_table_wor │ 60.68 │
│ d                                                                    │       │
│ support_tickets_summary_id_paraid_overflow_text_highlight_demo_style │ 51.92 │
│ _default_missing                                                     │       │
│ support_tickets_table_support_tickets_summary_id_paraid_overflow     │ 49.04 │
│ support_tickets_table_table_bookmark_end_word                        │ 41.52 │
│ table_bookmark_end_table_vmerge_colspan_word                         │ 39.96 │
│ table_vmerge_colspan_text_box_word                                   │ 44.13 │
│ text_box_text_highlight_demo_style_default_missing_word              │ 51.00 │
│ text_highlight_demo_style_default_missing_tiff_image_word            │ 44.75 │
│ text_highlight_demo_style_default_missing_times_new_roman_bold_id_pa │ 54.56 │
│ raid_overflow                                                        │       │
│ tiff_image_times_new_roman_bold_id_paraid_overflow_word              │ 45.25 │
│ times_new_roman_bold_id_paraid_overflow_times_new_roman_font_id_para │ 48.98 │
│ id_overflow                                                          │       │
│ times_new_roman_font_id_paraid_overflow_title_style_centered_demo_id │ 49.35 │
│ _paraid_overflow                                                     │       │
│ title_style_centered_demo_id_paraid_overflow_title_style_demo_id_par │ 46.81 │
│ aid_overflow                                                         │       │
│ title_style_demo_id_paraid_overflow_title_style_demo_style_default_m │ 48.07 │
│ issing                                                               │       │
│ title_style_demo_style_default_missing_track_changes_editing_bullet_ │ 49.15 │
│ id_paraid_overflow                                                   │       │
│ track_changes_editing_bullet_id_paraid_overflow_track_changes_editin │ 48.70 │
│ g_strikethrough_id_paraid_overflow                                   │       │
│ track_changes_editing_strikethrough_id_paraid_overflow_track_changes │ 52.64 │
│ _suggesting_bold_id_paraid_overflow                                  │       │
│ track_changes_suggesting_bold_id_paraid_overflow_track_changes_sugge │ 52.19 │
│ sting_calibri_id_paraid_overflow                                     │       │
│ track_changes_suggesting_calibri_id_paraid_overflow_track_changes_su │ 54.50 │
│ ggesting_center_id_paraid_overflow                                   │       │
│ track_changes_suggesting_center_id_paraid_overflow_track_changes_sug │ 48.37 │
│ gesting_heading_id_paraid_overflow                                   │       │
│ track_changes_suggesting_heading_id_paraid_overflow_track_changes_su │ 46.51 │
│ ggesting_italic_id_paraid_overflow                                   │       │
│ track_changes_suggesting_italic_id_paraid_overflow_track_changes_sug │ 45.88 │
│ gesting_title_id_paraid_overflow                                     │       │
│ track_changes_suggesting_title_id_paraid_overflow_training_materials │ 43.97 │
│ _onboarding_program_suggesting_insertions                            │       │
│ track_changes_suggesting_title_id_paraid_overflow_training_materials │ 43.97 │
│ _onboarding_program_suggesting_insertions_word                       │       │
│ training_materials_onboarding_program_suggesting_insertions_underlin │ 50.51 │
│ e_text_demo_id_paraid_overflow                                       │       │
│ training_materials_onboarding_program_suggesting_insertions_underlin │ 50.84 │
│ e_text_demo_id_paraid_overflow_word                                  │       │
│ underline_text_demo_id_paraid_overflow_underline_text_formatting_dem │ 54.54 │
│ o_style_default_missing                                              │       │
│ underline_text_formatting_demo_style_default_missing_verdana_bold_la │ 46.73 │
│ rge_font_id_paraid_overflow                                          │       │
│ verdana_bold_large_font_id_paraid_overflow_verdana_font_demo_id_para │ 47.92 │
│ id_overflow                                                          │       │
│ verdana_bold_large_font_id_paraid_overflow_verdana_font_demo_id_para │ 47.54 │
│ id_overflow_2_word                                                   │       │
│ verdana_font_demo_id_paraid_overflow_2_verdana_font_demo_id_paraid_o │ 47.93 │
│ verflow_word                                                         │       │
│ verdana_font_demo_id_paraid_overflow_verdana_italic_centered_demo_id │ 48.51 │
│ _paraid_overflow                                                     │       │
│ verdana_italic_centered_demo_id_paraid_overflow_word_clean_strict01  │ 35.91 │
│ word_clean_strict01_word_tolerated_broken_media_rel                  │ 36.36 │
│ word_tolerated_broken_media_rel_word_tolerated_duplicate_ppr         │ 43.39 │
│ word_tolerated_duplicate_ppr_word_tolerated_misplaced_link           │ 44.18 │
│ word_tolerated_misplaced_link_word_tolerated_misplaced_pgsz          │ 44.70 │
│ word_tolerated_misplaced_pgsz_word_tolerated_misplaced_uipriority    │ 39.48 │
│ word_tolerated_misplaced_uipriority_word_tolerated_orphan_comment    │ 39.62 │
│ word_tolerated_orphan_comment_yellow_highlight_demo_id_paraid_overfl │ 55.43 │
│ ow                                                                   │       │
│ yellow_highlight_demo_id_paraid_overflow_yellow_highlight_italic_dem │ 49.62 │
│ o_style_default_missing                                              │       │
│ yellow_highlight_demo_id_paraid_overflow_yellow_highlight_italic_dem │ 51.69 │
│ o_style_default_missing_word                                         │       │
╰──────────────────────────────────────────────────────────────────────┴───────╯
           mean 49.14 · median 50.06 · min 34.45 · max 77.24 · n 230            
2 doc(s) recorded as failed in the JSONL
jsonl: appended → results-compare/bench.jsonl
jsonl: appended → results-compare/bench.jsonl
harness server stopped
=== ALL DONE 01:15:13 ===
