key,base,next,base_name,next_name,docx,pdf,state,pool,action
00da16e738_heading_4_style_demo_id_paraid_overflow_2__vs__82928b2e05_heading_4_style_demo_id_paraid_overflow_redline_9ec4fe3616,clean/docx/00da16e738_heading_4_style_demo_id_paraid_overflow_2,clean/docx/82928b2e05_heading_4_style_demo_id_paraid_overflow,heading_4_style_demo_id_paraid_overflow_2,heading_4_style_demo_id_paraid_overflow,tracking_without_comments/docx/00da16e738_heading_4_style_demo_id_paraid_overflow_2__vs__82928b2e05_heading_4_style_demo_id_paraid_overflow_redline_9ec4fe3616.docx,tracking_without_comments/pdf/00da16e738_heading_4_style_demo_id_paraid_overflow_2__vs__82928b2e05_heading_4_style_demo_id_paraid_overflow_redline_9ec4fe3616.pdf,tracking_without_comments,word_based,accept_all
01d1b3da75_table_bookmark_end__vs__45c1c5abec_table_vmerge_colspan_redline_6e159e8a9b,clean/docx/01d1b3da75_table_bookmark_end,clean/docx/45c1c5abec_table_vmerge_colspan,table_bookmark_end,table_vmerge_colspan,tracking_without_comments/docx/01d1b3da75_table_bookmark_end__vs__45c1c5abec_table_vmerge_colspan_redline_6e159e8a9b.docx,tracking_without_comments/pdf/01d1b3da75_table_bookmark_end__vs__45c1c5abec_table_vmerge_colspan_redline_6e159e8a9b.pdf,tracking_without_comments,word_based,accept_all
02c9605488_bold_superscript_demo_style_default_missing__vs__f84571f3fc_bold_text_formatting_demo_id_paraid_overflow_2_redline_0602dd8630,clean/docx/02c9605488_bold_superscript_demo_style_default_missing,clean/docx/f84571f3fc_bold_text_formatting_demo_id_paraid_overflow_2,bold_superscript_demo_style_default_missing,bold_text_formatting_demo_id_paraid_overflow_2,tracking_without_comments/docx/02c9605488_bold_superscript_demo_style_default_missing__vs__f84571f3fc_bold_text_formatting_demo_id_paraid_overflow_2_redline_0602dd8630.docx,tracking_without_comments/pdf/02c9605488_bold_superscript_demo_style_default_missing__vs__f84571f3fc_bold_text_formatting_demo_id_paraid_overflow_2_redline_0602dd8630.pdf,tracking_without_comments,word_based,accept_all
053c86de5f_open_sans_bold_underline_id_paraid_overflow__vs__4173c2bb01_open_sans_font_demo_id_paraid_overflow_2_redline_d9b19ec50f,clean/docx/053c86de5f_open_sans_bold_underline_id_paraid_overflow,clean/docx/4173c2bb01_open_sans_font_demo_id_paraid_overflow_2,open_sans_bold_underline_id_paraid_overflow,open_sans_font_demo_id_paraid_overflow_2,tracking_without_comments/docx/053c86de5f_open_sans_bold_underline_id_paraid_overflow__vs__4173c2bb01_open_sans_font_demo_id_paraid_overflow_2_redline_d9b19ec50f.docx,tracking_without_comments/pdf/053c86de5f_open_sans_bold_underline_id_paraid_overflow__vs__4173c2bb01_open_sans_font_demo_id_paraid_overflow_2_redline_d9b19ec50f.pdf,tracking_without_comments,word_based,accept_all
0b2a46481b_nested_table_rowspan__vs__bdd82b239b_numbered_list_demo_id_paraid_overflow_redline_c053ccd3b8,clean/docx/0b2a46481b_nested_table_rowspan,clean/docx/bdd82b239b_numbered_list_demo_id_paraid_overflow,nested_table_rowspan,numbered_list_demo_id_paraid_overflow,tracking_without_comments/docx/0b2a46481b_nested_table_rowspan__vs__bdd82b239b_numbered_list_demo_id_paraid_overflow_redline_c053ccd3b8.docx,tracking_without_comments/pdf/0b2a46481b_nested_table_rowspan__vs__bdd82b239b_numbered_list_demo_id_paraid_overflow_redline_c053ccd3b8.pdf,tracking_without_comments,word_based,accept_all
0cf73436ac_contract_review_suggesting_insertions__vs__93477c6068_contract_review_suggesting_mixed_edits_redline_bda43b51f7,tracking_without_comments/docx/0cf73436ac_contract_review_suggesting_insertions,tracking_without_comments/docx/93477c6068_contract_review_suggesting_mixed_edits,contract_review_suggesting_insertions,contract_review_suggesting_mixed_edits,tracking_without_comments/docx/0cf73436ac_contract_review_suggesting_insertions__vs__93477c6068_contract_review_suggesting_mixed_edits_redline_bda43b51f7.docx,tracking_without_comments/pdf/0cf73436ac_contract_review_suggesting_insertions__vs__93477c6068_contract_review_suggesting_mixed_edits_redline_bda43b51f7.pdf,tracking_without_comments,word_based,accept_all
133bbfae84_right_alignment_demo_id_paraid_overflow_2__vs__572990f05c_right_alignment_demo_id_paraid_overflow_redline_d659c812d4,clean/docx/133bbfae84_right_alignment_demo_id_paraid_overflow_2,clean/docx/572990f05c_right_alignment_demo_id_paraid_overflow,right_alignment_demo_id_paraid_overflow_2,right_alignment_demo_id_paraid_overflow,tracking_without_comments/docx/133bbfae84_right_alignment_demo_id_paraid_overflow_2__vs__572990f05c_right_alignment_demo_id_paraid_overflow_redline_d659c812d4.docx,tracking_without_comments/pdf/133bbfae84_right_alignment_demo_id_paraid_overflow_2__vs__572990f05c_right_alignment_demo_id_paraid_overflow_redline_d659c812d4.pdf,tracking_without_comments,word_based,accept_all
1e1a24aeab_right_align_bold_demo_id_paraid_overflow__vs__2b267ac531_right_aligned_italic_demo_id_paraid_overflow_redline_4477d8566b,clean/docx/1e1a24aeab_right_align_bold_demo_id_paraid_overflow,clean/docx/2b267ac531_right_aligned_italic_demo_id_paraid_overflow,right_align_bold_demo_id_paraid_overflow,right_aligned_italic_demo_id_paraid_overflow,tracking_without_comments/docx/1e1a24aeab_right_align_bold_demo_id_paraid_overflow__vs__2b267ac531_right_aligned_italic_demo_id_paraid_overflow_redline_4477d8566b.docx,tracking_without_comments/pdf/1e1a24aeab_right_align_bold_demo_id_paraid_overflow__vs__2b267ac531_right_aligned_italic_demo_id_paraid_overflow_redline_4477d8566b.pdf,tracking_without_comments,word_based,accept_all
1f4891aebe_large_font_size_demo_id_paraid_overflow__vs__b4ba29d456_left_alignment_demo_id_paraid_overflow_redline_55e7a12ff4,clean/docx/1f4891aebe_large_font_size_demo_id_paraid_overflow,clean/docx/b4ba29d456_left_alignment_demo_id_paraid_overflow,large_font_size_demo_id_paraid_overflow,left_alignment_demo_id_paraid_overflow,tracking_without_comments/docx/1f4891aebe_large_font_size_demo_id_paraid_overflow__vs__b4ba29d456_left_alignment_demo_id_paraid_overflow_redline_55e7a12ff4.docx,tracking_without_comments/pdf/1f4891aebe_large_font_size_demo_id_paraid_overflow__vs__b4ba29d456_left_alignment_demo_id_paraid_overflow_redline_55e7a12ff4.pdf,tracking_without_comments,word_based,accept_all
2a69e1ce5c_green_bold_text_demo_id_paraid_overflow__vs__e1f631e28a_green_highlight_demo_id_paraid_overflow_redline_9d466d3cf5,clean/docx/2a69e1ce5c_green_bold_text_demo_id_paraid_overflow,clean/docx/e1f631e28a_green_highlight_demo_id_paraid_overflow,green_bold_text_demo_id_paraid_overflow,green_highlight_demo_id_paraid_overflow,tracking_without_comments/docx/2a69e1ce5c_green_bold_text_demo_id_paraid_overflow__vs__e1f631e28a_green_highlight_demo_id_paraid_overflow_redline_9d466d3cf5.docx,tracking_without_comments/pdf/2a69e1ce5c_green_bold_text_demo_id_paraid_overflow__vs__e1f631e28a_green_highlight_demo_id_paraid_overflow_redline_9d466d3cf5.pdf,tracking_without_comments,word_based,accept_all
2b267ac531_right_aligned_italic_demo_id_paraid_overflow__vs__133bbfae84_right_alignment_demo_id_paraid_overflow_2_redline_bd4777f59d,clean/docx/2b267ac531_right_aligned_italic_demo_id_paraid_overflow,clean/docx/133bbfae84_right_alignment_demo_id_paraid_overflow_2,right_aligned_italic_demo_id_paraid_overflow,right_alignment_demo_id_paraid_overflow_2,tracking_without_comments/docx/2b267ac531_right_aligned_italic_demo_id_paraid_overflow__vs__133bbfae84_right_alignment_demo_id_paraid_overflow_2_redline_bd4777f59d.docx,tracking_without_comments/pdf/2b267ac531_right_aligned_italic_demo_id_paraid_overflow__vs__133bbfae84_right_alignment_demo_id_paraid_overflow_2_redline_bd4777f59d.pdf,tracking_without_comments,word_based,accept_all
30e84496e2_bullet_list_bold_demo_id_paraid_overflow__vs__9d3fa84f9f_bullet_list_demo_id_paraid_overflow_redline_ef28b8340d,clean/docx/30e84496e2_bullet_list_bold_demo_id_paraid_overflow,clean/docx/9d3fa84f9f_bullet_list_demo_id_paraid_overflow,bullet_list_bold_demo_id_paraid_overflow,bullet_list_demo_id_paraid_overflow,tracking_without_comments/docx/30e84496e2_bullet_list_bold_demo_id_paraid_overflow__vs__9d3fa84f9f_bullet_list_demo_id_paraid_overflow_redline_ef28b8340d.docx,tracking_without_comments/pdf/30e84496e2_bullet_list_bold_demo_id_paraid_overflow__vs__9d3fa84f9f_bullet_list_demo_id_paraid_overflow_redline_ef28b8340d.pdf,tracking_without_comments,word_based,accept_all
316da9cc94_subscript_demo_id_paraid_overflow__vs__b39182a410_subscript_demo_style_default_missing_redline_349073146a,clean/docx/316da9cc94_subscript_demo_id_paraid_overflow,clean/docx/b39182a410_subscript_demo_style_default_missing,subscript_demo_id_paraid_overflow,subscript_demo_style_default_missing,tracking_without_comments/docx/316da9cc94_subscript_demo_id_paraid_overflow__vs__b39182a410_subscript_demo_style_default_missing_redline_349073146a.docx,tracking_without_comments/pdf/316da9cc94_subscript_demo_id_paraid_overflow__vs__b39182a410_subscript_demo_style_default_missing_redline_349073146a.pdf,tracking_without_comments,word_based,accept_all
33e7d339be_font_color_demo_style_default_missing__vs__b4b7c76ecd_font_family_demo_id_paraid_overflow_redline_bda144be42,clean/docx/33e7d339be_font_color_demo_style_default_missing,clean/docx/b4b7c76ecd_font_family_demo_id_paraid_overflow,font_color_demo_style_default_missing,font_family_demo_id_paraid_overflow,tracking_without_comments/docx/33e7d339be_font_color_demo_style_default_missing__vs__b4b7c76ecd_font_family_demo_id_paraid_overflow_redline_bda144be42.docx,tracking_without_comments/pdf/33e7d339be_font_color_demo_style_default_missing__vs__b4b7c76ecd_font_family_demo_id_paraid_overflow_redline_bda144be42.pdf,tracking_without_comments,word_based,accept_all
356b7a3629_text_highlight_demo_style_default_missing__vs__d0423646cd_times_new_roman_bold_id_paraid_overflow_redline_3455009668,clean/docx/356b7a3629_text_highlight_demo_style_default_missing,clean/docx/d0423646cd_times_new_roman_bold_id_paraid_overflow,text_highlight_demo_style_default_missing,times_new_roman_bold_id_paraid_overflow,tracking_without_comments/docx/356b7a3629_text_highlight_demo_style_default_missing__vs__d0423646cd_times_new_roman_bold_id_paraid_overflow_redline_3455009668.docx,tracking_without_comments/pdf/356b7a3629_text_highlight_demo_style_default_missing__vs__d0423646cd_times_new_roman_bold_id_paraid_overflow_redline_3455009668.pdf,tracking_without_comments,word_based,accept_all
39b73c977c_title_style_demo_style_default_missing__vs__3126703962_track_changes_editing_bullet_id_paraid_overflow_redline_50027fb5a5,clean/docx/39b73c977c_title_style_demo_style_default_missing,clean/docx/3126703962_track_changes_editing_bullet_id_paraid_overflow,title_style_demo_style_default_missing,track_changes_editing_bullet_id_paraid_overflow,tracking_without_comments/docx/39b73c977c_title_style_demo_style_default_missing__vs__3126703962_track_changes_editing_bullet_id_paraid_overflow_redline_50027fb5a5.docx,tracking_without_comments/pdf/39b73c977c_title_style_demo_style_default_missing__vs__3126703962_track_changes_editing_bullet_id_paraid_overflow_redline_50027fb5a5.pdf,tracking_without_comments,word_based,accept_all
3acaee795f_red_strikethrough_demo_style_default_missing__vs__1e1a24aeab_right_align_bold_demo_id_paraid_overflow_redline_b9ff832216,clean/docx/3acaee795f_red_strikethrough_demo_style_default_missing,clean/docx/1e1a24aeab_right_align_bold_demo_id_paraid_overflow,red_strikethrough_demo_style_default_missing,right_align_bold_demo_id_paraid_overflow,tracking_without_comments/docx/3acaee795f_red_strikethrough_demo_style_default_missing__vs__1e1a24aeab_right_align_bold_demo_id_paraid_overflow_redline_b9ff832216.docx,tracking_without_comments/pdf/3acaee795f_red_strikethrough_demo_style_default_missing__vs__1e1a24aeab_right_align_bold_demo_id_paraid_overflow_redline_b9ff832216.pdf,tracking_without_comments,word_based,accept_all
3e33de961a_red_bold_text_demo_id_paraid_overflow__vs__635dfded4d_red_heading_demo_id_paraid_overflow_redline_548986c33c,clean/docx/3e33de961a_red_bold_text_demo_id_paraid_overflow,clean/docx/635dfded4d_red_heading_demo_id_paraid_overflow,red_bold_text_demo_id_paraid_overflow,red_heading_demo_id_paraid_overflow,tracking_without_comments/docx/3e33de961a_red_bold_text_demo_id_paraid_overflow__vs__635dfded4d_red_heading_demo_id_paraid_overflow_redline_548986c33c.docx,tracking_without_comments/pdf/3e33de961a_red_bold_text_demo_id_paraid_overflow__vs__635dfded4d_red_heading_demo_id_paraid_overflow_redline_548986c33c.pdf,tracking_without_comments,word_based,accept_all
3e43d24c46_clear_formatting_demo_id_paraid_overflow__vs__0cf73436ac_contract_review_suggesting_insertions_redline_35a8be94f9,clean/docx/3e43d24c46_clear_formatting_demo_id_paraid_overflow,tracking_without_comments/docx/0cf73436ac_contract_review_suggesting_insertions,clear_formatting_demo_id_paraid_overflow,contract_review_suggesting_insertions,tracking_without_comments/docx/3e43d24c46_clear_formatting_demo_id_paraid_overflow__vs__0cf73436ac_contract_review_suggesting_insertions_redline_35a8be94f9.docx,tracking_without_comments/pdf/3e43d24c46_clear_formatting_demo_id_paraid_overflow__vs__0cf73436ac_contract_review_suggesting_insertions_redline_35a8be94f9.pdf,tracking_without_comments,word_based,accept_all
3fc14675e5_italic_text_formatting_demo_id_paraid_overflow_2__vs__f26a5e4940_italic_text_formatting_demo_id_paraid_overflow_redline_7c3b405f35,clean/docx/3fc14675e5_italic_text_formatting_demo_id_paraid_overflow_2,clean/docx/f26a5e4940_italic_text_formatting_demo_id_paraid_overflow,italic_text_formatting_demo_id_paraid_overflow_2,italic_text_formatting_demo_id_paraid_overflow,tracking_without_comments/docx/3fc14675e5_italic_text_formatting_demo_id_paraid_overflow_2__vs__f26a5e4940_italic_text_formatting_demo_id_paraid_overflow_redline_7c3b405f35.docx,tracking_without_comments/pdf/3fc14675e5_italic_text_formatting_demo_id_paraid_overflow_2__vs__f26a5e4940_italic_text_formatting_demo_id_paraid_overflow_redline_7c3b405f35.pdf,tracking_without_comments,word_based,accept_all
491a257507_blue_bold_centered_demo_id_paraid_overflow__vs__da68abdf72_blue_centered_title_demo_style_default_missing_redline_e3911f726b,clean/docx/491a257507_blue_bold_centered_demo_id_paraid_overflow,clean/docx/da68abdf72_blue_centered_title_demo_style_default_missing,blue_bold_centered_demo_id_paraid_overflow,blue_centered_title_demo_style_default_missing,tracking_without_comments/docx/491a257507_blue_bold_centered_demo_id_paraid_overflow__vs__da68abdf72_blue_centered_title_demo_style_default_missing_redline_e3911f726b.docx,tracking_without_comments/pdf/491a257507_blue_bold_centered_demo_id_paraid_overflow__vs__da68abdf72_blue_centered_title_demo_style_default_missing_redline_e3911f726b.pdf,tracking_without_comments,word_based,accept_all
4b97a33168_risk_assessment_product_launch_suggesting_insert__vs__5d9783a7c4_roboto_font_demo_id_paraid_overflow_2_redline_3eeeeb23a1,tracking_without_comments/docx/4b97a33168_risk_assessment_product_launch_suggesting_insert,clean/docx/5d9783a7c4_roboto_font_demo_id_paraid_overflow_2,risk_assessment_product_launch_suggesting_insertions,roboto_font_demo_id_paraid_overflow_2,tracking_without_comments/docx/4b97a33168_risk_assessment_product_launch_suggesting_insert__vs__5d9783a7c4_roboto_font_demo_id_paraid_overflow_2_redline_3eeeeb23a1.docx,tracking_without_comments/pdf/4b97a33168_risk_assessment_product_launch_suggesting_insert__vs__5d9783a7c4_roboto_font_demo_id_paraid_overflow_2_redline_3eeeeb23a1.pdf,tracking_without_comments,word_based,accept_all
4c4f8515c5_title_style_centered_demo_id_paraid_overflow__vs__f8f9857e80_title_style_demo_id_paraid_overflow_redline_9544277d9a,clean/docx/4c4f8515c5_title_style_centered_demo_id_paraid_overflow,clean/docx/f8f9857e80_title_style_demo_id_paraid_overflow,title_style_centered_demo_id_paraid_overflow,title_style_demo_id_paraid_overflow,tracking_without_comments/docx/4c4f8515c5_title_style_centered_demo_id_paraid_overflow__vs__f8f9857e80_title_style_demo_id_paraid_overflow_redline_9544277d9a.docx,tracking_without_comments/pdf/4c4f8515c5_title_style_centered_demo_id_paraid_overflow__vs__f8f9857e80_title_style_demo_id_paraid_overflow_redline_9544277d9a.pdf,tracking_without_comments,word_based,accept_all
4dff3f0ab2_heading_1_bold_demo_id_paraid_overflow__vs__045a9b188d_heading_1_style_demo_id_paraid_overflow_redline_c31d6dc680,clean/docx/4dff3f0ab2_heading_1_bold_demo_id_paraid_overflow,clean/docx/045a9b188d_heading_1_style_demo_id_paraid_overflow,heading_1_bold_demo_id_paraid_overflow,heading_1_style_demo_id_paraid_overflow,tracking_without_comments/docx/4dff3f0ab2_heading_1_bold_demo_id_paraid_overflow__vs__045a9b188d_heading_1_style_demo_id_paraid_overflow_redline_c31d6dc680.docx,tracking_without_comments/pdf/4dff3f0ab2_heading_1_bold_demo_id_paraid_overflow__vs__045a9b188d_heading_1_style_demo_id_paraid_overflow_redline_c31d6dc680.pdf,tracking_without_comments,word_based,accept_all
516ae5b317_justified_underline_demo_id_paraid_overflow__vs__bebfc19fe0_justify_alignment_demo_id_paraid_overflow_2_redline_e6435ad8f6,clean/docx/516ae5b317_justified_underline_demo_id_paraid_overflow,clean/docx/bebfc19fe0_justify_alignment_demo_id_paraid_overflow_2,justified_underline_demo_id_paraid_overflow,justify_alignment_demo_id_paraid_overflow_2,tracking_without_comments/docx/516ae5b317_justified_underline_demo_id_paraid_overflow__vs__bebfc19fe0_justify_alignment_demo_id_paraid_overflow_2_redline_e6435ad8f6.docx,tracking_without_comments/pdf/516ae5b317_justified_underline_demo_id_paraid_overflow__vs__bebfc19fe0_justify_alignment_demo_id_paraid_overflow_2_redline_e6435ad8f6.pdf,tracking_without_comments,word_based,accept_all
572990f05c_right_alignment_demo_id_paraid_overflow__vs__4b97a33168_risk_assessment_product_launch_suggesting_insert_redline_8c2a86d9f4,clean/docx/572990f05c_right_alignment_demo_id_paraid_overflow,tracking_without_comments/docx/4b97a33168_risk_assessment_product_launch_suggesting_insert,right_alignment_demo_id_paraid_overflow,risk_assessment_product_launch_suggesting_insertions,tracking_without_comments/docx/572990f05c_right_alignment_demo_id_paraid_overflow__vs__4b97a33168_risk_assessment_product_launch_suggesting_insert_redline_8c2a86d9f4.docx,tracking_without_comments/pdf/572990f05c_right_alignment_demo_id_paraid_overflow__vs__4b97a33168_risk_assessment_product_launch_suggesting_insert_redline_8c2a86d9f4.pdf,tracking_without_comments,word_based,accept_all
5a8152b0cd_justify_alignment_demo_id_paraid_overflow__vs__1f4891aebe_large_font_size_demo_id_paraid_overflow_redline_8a0c950e5d,clean/docx/5a8152b0cd_justify_alignment_demo_id_paraid_overflow,clean/docx/1f4891aebe_large_font_size_demo_id_paraid_overflow,justify_alignment_demo_id_paraid_overflow,large_font_size_demo_id_paraid_overflow,tracking_without_comments/docx/5a8152b0cd_justify_alignment_demo_id_paraid_overflow__vs__1f4891aebe_large_font_size_demo_id_paraid_overflow_redline_8a0c950e5d.docx,tracking_without_comments/pdf/5a8152b0cd_justify_alignment_demo_id_paraid_overflow__vs__1f4891aebe_large_font_size_demo_id_paraid_overflow_redline_8a0c950e5d.pdf,tracking_without_comments,word_based,accept_all
5adc853144_insert_link_demo_id_paraid_overflow__vs__e615c89269_inventory_list_suggesting_deletions_redline_0907085a84,clean/docx/5adc853144_insert_link_demo_id_paraid_overflow,tracking_without_comments/docx/e615c89269_inventory_list_suggesting_deletions,insert_link_demo_id_paraid_overflow,inventory_list_suggesting_deletions,tracking_without_comments/docx/5adc853144_insert_link_demo_id_paraid_overflow__vs__e615c89269_inventory_list_suggesting_deletions_redline_0907085a84.docx,tracking_without_comments/pdf/5adc853144_insert_link_demo_id_paraid_overflow__vs__e615c89269_inventory_list_suggesting_deletions_redline_0907085a84.pdf,tracking_without_comments,word_based,accept_all
5d5ca75f29_bold_italic_underline_demo_id_paraid_overflow__vs__4ad775158b_bold_red_text_combo_id_paraid_overflow_redline_9990cae06d,clean/docx/5d5ca75f29_bold_italic_underline_demo_id_paraid_overflow,clean/docx/4ad775158b_bold_red_text_combo_id_paraid_overflow,bold_italic_underline_demo_id_paraid_overflow,bold_red_text_combo_id_paraid_overflow,tracking_without_comments/docx/5d5ca75f29_bold_italic_underline_demo_id_paraid_overflow__vs__4ad775158b_bold_red_text_combo_id_paraid_overflow_redline_9990cae06d.docx,tracking_without_comments/pdf/5d5ca75f29_bold_italic_underline_demo_id_paraid_overflow__vs__4ad775158b_bold_red_text_combo_id_paraid_overflow_redline_9990cae06d.pdf,tracking_without_comments,word_based,accept_all
5e8b43bd70_training_materials_onboarding_program_suggesting__vs__b7c9d27632_underline_text_demo_id_paraid_overflow_redline_69d6c22ab5,tracking_without_comments/docx/5e8b43bd70_training_materials_onboarding_program_suggesting,clean/docx/b7c9d27632_underline_text_demo_id_paraid_overflow,training_materials_onboarding_program_suggesting_insertions,underline_text_demo_id_paraid_overflow,tracking_without_comments/docx/5e8b43bd70_training_materials_onboarding_program_suggesting__vs__b7c9d27632_underline_text_demo_id_paraid_overflow_redline_69d6c22ab5.docx,tracking_without_comments/pdf/5e8b43bd70_training_materials_onboarding_program_suggesting__vs__b7c9d27632_underline_text_demo_id_paraid_overflow_redline_69d6c22ab5.pdf,tracking_without_comments,word_based,accept_all
5e8b43bd70_training_materials_onboarding_program_suggesting__vs__b7c9d27632_underline_text_demo_id_paraid_overflow_redline_ce280b5e4c,tracking_without_comments/docx/5e8b43bd70_training_materials_onboarding_program_suggesting,clean/docx/b7c9d27632_underline_text_demo_id_paraid_overflow,training_materials_onboarding_program_suggesting_insertions,underline_text_demo_id_paraid_overflow,tracking_without_comments/docx/5e8b43bd70_training_materials_onboarding_program_suggesting__vs__b7c9d27632_underline_text_demo_id_paraid_overflow_redline_ce280b5e4c.docx,tracking_without_comments/pdf/5e8b43bd70_training_materials_onboarding_program_suggesting__vs__b7c9d27632_underline_text_demo_id_paraid_overflow_redline_ce280b5e4c.pdf,tracking_without_comments,word_based,accept_all
61eaede95c_subtitle_style_demo_style_default_missing__vs__ca4ccabff6_superscript_demo_id_paraid_overflow_2_redline_51032d348e,clean/docx/61eaede95c_subtitle_style_demo_style_default_missing,clean/docx/ca4ccabff6_superscript_demo_id_paraid_overflow_2,subtitle_style_demo_style_default_missing,superscript_demo_id_paraid_overflow_2,tracking_without_comments/docx/61eaede95c_subtitle_style_demo_style_default_missing__vs__ca4ccabff6_superscript_demo_id_paraid_overflow_2_redline_51032d348e.docx,tracking_without_comments/pdf/61eaede95c_subtitle_style_demo_style_default_missing__vs__ca4ccabff6_superscript_demo_id_paraid_overflow_2_redline_51032d348e.pdf,tracking_without_comments,word_based,accept_all
635dfded4d_red_heading_demo_id_paraid_overflow__vs__3acaee795f_red_strikethrough_demo_style_default_missing_redline_fad67b15df,clean/docx/635dfded4d_red_heading_demo_id_paraid_overflow,clean/docx/3acaee795f_red_strikethrough_demo_style_default_missing,red_heading_demo_id_paraid_overflow,red_strikethrough_demo_style_default_missing,tracking_without_comments/docx/635dfded4d_red_heading_demo_id_paraid_overflow__vs__3acaee795f_red_strikethrough_demo_style_default_missing_redline_fad67b15df.docx,tracking_without_comments/pdf/635dfded4d_red_heading_demo_id_paraid_overflow__vs__3acaee795f_red_strikethrough_demo_style_default_missing_redline_fad67b15df.pdf,tracking_without_comments,word_based,accept_all
687da097e9_heading_2_center_demo_id_paraid_overflow__vs__3a9525749b_heading_2_style_demo_id_paraid_overflow_redline_1c5fe20c9c,clean/docx/687da097e9_heading_2_center_demo_id_paraid_overflow,clean/docx/3a9525749b_heading_2_style_demo_id_paraid_overflow,heading_2_center_demo_id_paraid_overflow,heading_2_style_demo_id_paraid_overflow,tracking_without_comments/docx/687da097e9_heading_2_center_demo_id_paraid_overflow__vs__3a9525749b_heading_2_style_demo_id_paraid_overflow_redline_1c5fe20c9c.docx,tracking_without_comments/pdf/687da097e9_heading_2_center_demo_id_paraid_overflow__vs__3a9525749b_heading_2_style_demo_id_paraid_overflow_redline_1c5fe20c9c.pdf,tracking_without_comments,word_based,accept_all
689563dec1_calibri_heading_2_right_id_paraid_overflow__vs__24bd3ad29d_center_aligned_bold_text_id_paraid_overflow_redline_ef67c98065,clean/docx/689563dec1_calibri_heading_2_right_id_paraid_overflow,clean/docx/24bd3ad29d_center_aligned_bold_text_id_paraid_overflow,calibri_heading_2_right_id_paraid_overflow,center_aligned_bold_text_id_paraid_overflow,tracking_without_comments/docx/689563dec1_calibri_heading_2_right_id_paraid_overflow__vs__24bd3ad29d_center_aligned_bold_text_id_paraid_overflow_redline_ef67c98065.docx,tracking_without_comments/pdf/689563dec1_calibri_heading_2_right_id_paraid_overflow__vs__24bd3ad29d_center_aligned_bold_text_id_paraid_overflow_redline_ef67c98065.pdf,tracking_without_comments,word_based,accept_all
6a65e5219d_24_id_paraid_overflow__vs__491a257507_blue_bold_centered_demo_id_paraid_overflow_redline_4b296f85a3,clean/docx/6a65e5219d_24_id_paraid_overflow,clean/docx/491a257507_blue_bold_centered_demo_id_paraid_overflow,24_id_paraid_overflow,blue_bold_centered_demo_id_paraid_overflow,tracking_without_comments/docx/6a65e5219d_24_id_paraid_overflow__vs__491a257507_blue_bold_centered_demo_id_paraid_overflow_redline_4b296f85a3.docx,tracking_without_comments/pdf/6a65e5219d_24_id_paraid_overflow__vs__491a257507_blue_bold_centered_demo_id_paraid_overflow_redline_4b296f85a3.pdf,tracking_without_comments,word_based,accept_all
6a65e5219d_24_id_paraid_overflow__vs__8df6dfa8d7_alternate_content_redline_52a957c23d,clean/docx/6a65e5219d_24_id_paraid_overflow,clean/docx/8df6dfa8d7_alternate_content,24_id_paraid_overflow,alternate_content,tracking_without_comments/docx/6a65e5219d_24_id_paraid_overflow__vs__8df6dfa8d7_alternate_content_redline_52a957c23d.docx,tracking_without_comments/pdf/6a65e5219d_24_id_paraid_overflow__vs__8df6dfa8d7_alternate_content_redline_52a957c23d.pdf,tracking_without_comments,word_based,accept_all
6e08e456f6_roboto_underline_demo_id_paraid_overflow__vs__36fbd8c734_sales_report_january_2026_suggesting_insertions_redline_94f7de2c80,clean/docx/6e08e456f6_roboto_underline_demo_id_paraid_overflow,tracking_without_comments/docx/36fbd8c734_sales_report_january_2026_suggesting_insertions,roboto_underline_demo_id_paraid_overflow,sales_report_january_2026_suggesting_insertions,tracking_without_comments/docx/6e08e456f6_roboto_underline_demo_id_paraid_overflow__vs__36fbd8c734_sales_report_january_2026_suggesting_insertions_redline_94f7de2c80.docx,tracking_without_comments/pdf/6e08e456f6_roboto_underline_demo_id_paraid_overflow__vs__36fbd8c734_sales_report_january_2026_suggesting_insertions_redline_94f7de2c80.pdf,tracking_without_comments,word_based,accept_all
73e78ba640_strikethrough_and_italic_combo_id_paraid_overflo__vs__0203b5fed7_strikethrough_bold_demo_id_paraid_overflow_redline_8079512a5b,clean/docx/73e78ba640_strikethrough_and_italic_combo_id_paraid_overflo,clean/docx/0203b5fed7_strikethrough_bold_demo_id_paraid_overflow,strikethrough_and_italic_combo_id_paraid_overflow,strikethrough_bold_demo_id_paraid_overflow,tracking_without_comments/docx/73e78ba640_strikethrough_and_italic_combo_id_paraid_overflo__vs__0203b5fed7_strikethrough_bold_demo_id_paraid_overflow_redline_8079512a5b.docx,tracking_without_comments/pdf/73e78ba640_strikethrough_and_italic_combo_id_paraid_overflo__vs__0203b5fed7_strikethrough_bold_demo_id_paraid_overflow_redline_8079512a5b.pdf,tracking_without_comments,word_based,accept_all
7888085856_employee_directory_table__vs__963d40d5f8_employee_review_john_smith_suggesting_insertions_redline_a2e5c4c4ef,clean/docx/7888085856_employee_directory_table,tracking_without_comments/docx/963d40d5f8_employee_review_john_smith_suggesting_insertions,employee_directory_table,employee_review_john_smith_suggesting_insertions,tracking_without_comments/docx/7888085856_employee_directory_table__vs__963d40d5f8_employee_review_john_smith_suggesting_insertions_redline_a2e5c4c4ef.docx,tracking_without_comments/pdf/7888085856_employee_directory_table__vs__963d40d5f8_employee_review_john_smith_suggesting_insertions_redline_a2e5c4c4ef.pdf,tracking_without_comments,word_based,accept_all
7cab5fbdbe_book_catalog_table__vs__6446faad0e_budget_report_q1_2026_suggesting_insertions_redline_dbfec171be,clean/docx/7cab5fbdbe_book_catalog_table,tracking_without_comments/docx/6446faad0e_budget_report_q1_2026_suggesting_insertions,book_catalog_table,budget_report_q1_2026_suggesting_insertions,tracking_without_comments/docx/7cab5fbdbe_book_catalog_table__vs__6446faad0e_budget_report_q1_2026_suggesting_insertions_redline_dbfec171be.docx,tracking_without_comments/pdf/7cab5fbdbe_book_catalog_table__vs__6446faad0e_budget_report_q1_2026_suggesting_insertions_redline_dbfec171be.pdf,tracking_without_comments,word_based,accept_all
7e405bc8f2_font_size_12_demo_id_paraid_overflow__vs__93e2be10e6_font_size_18_demo_style_default_missing_redline_8c1b0cba92,clean/docx/7e405bc8f2_font_size_12_demo_id_paraid_overflow,clean/docx/93e2be10e6_font_size_18_demo_style_default_missing,font_size_12_demo_id_paraid_overflow,font_size_18_demo_style_default_missing,tracking_without_comments/docx/7e405bc8f2_font_size_12_demo_id_paraid_overflow__vs__93e2be10e6_font_size_18_demo_style_default_missing_redline_8c1b0cba92.docx,tracking_without_comments/pdf/7e405bc8f2_font_size_12_demo_id_paraid_overflow__vs__93e2be10e6_font_size_18_demo_style_default_missing_redline_8c1b0cba92.pdf,tracking_without_comments,word_based,accept_all
82928b2e05_heading_4_style_demo_id_paraid_overflow__vs__5396ca3671_helvetica_font_demo_style_default_missing_redline_a5322e6961,clean/docx/82928b2e05_heading_4_style_demo_id_paraid_overflow,clean/docx/5396ca3671_helvetica_font_demo_style_default_missing,heading_4_style_demo_id_paraid_overflow,helvetica_font_demo_style_default_missing,tracking_without_comments/docx/82928b2e05_heading_4_style_demo_id_paraid_overflow__vs__5396ca3671_helvetica_font_demo_style_default_missing_redline_a5322e6961.docx,tracking_without_comments/pdf/82928b2e05_heading_4_style_demo_id_paraid_overflow__vs__5396ca3671_helvetica_font_demo_style_default_missing_redline_a5322e6961.pdf,tracking_without_comments,word_based,accept_all
8441c4ae21_sd_2517_localized_heading_styles__vs__7b076416b0_sectpr_headerref_redline_3182a1cb82,clean/docx/8441c4ae21_sd_2517_localized_heading_styles,clean/docx/7b076416b0_sectpr_headerref,sd_2517_localized_heading_styles,sectpr_headerref,tracking_without_comments/docx/8441c4ae21_sd_2517_localized_heading_styles__vs__7b076416b0_sectpr_headerref_redline_3182a1cb82.docx,tracking_without_comments/pdf/8441c4ae21_sd_2517_localized_heading_styles__vs__7b076416b0_sectpr_headerref_redline_3182a1cb82.pdf,tracking_without_comments,word_based,accept_all
8a7f242026_center_bold_demo_id_paraid_overflow__vs__3e43d24c46_clear_formatting_demo_id_paraid_overflow_redline_e5c6ee8155,clean/docx/8a7f242026_center_bold_demo_id_paraid_overflow,clean/docx/3e43d24c46_clear_formatting_demo_id_paraid_overflow,center_bold_demo_id_paraid_overflow,clear_formatting_demo_id_paraid_overflow,tracking_without_comments/docx/8a7f242026_center_bold_demo_id_paraid_overflow__vs__3e43d24c46_clear_formatting_demo_id_paraid_overflow_redline_e5c6ee8155.docx,tracking_without_comments/pdf/8a7f242026_center_bold_demo_id_paraid_overflow__vs__3e43d24c46_clear_formatting_demo_id_paraid_overflow_redline_e5c6ee8155.pdf,tracking_without_comments,word_based,accept_all
8b3bfdf247_calibri_bold_italic_demo_id_paraid_overflow__vs__9297fc746e_calibri_font_demo_id_paraid_overflow_2_redline_471c6d4b9d,clean/docx/8b3bfdf247_calibri_bold_italic_demo_id_paraid_overflow,clean/docx/9297fc746e_calibri_font_demo_id_paraid_overflow_2,calibri_bold_italic_demo_id_paraid_overflow,calibri_font_demo_id_paraid_overflow_2,tracking_without_comments/docx/8b3bfdf247_calibri_bold_italic_demo_id_paraid_overflow__vs__9297fc746e_calibri_font_demo_id_paraid_overflow_2_redline_471c6d4b9d.docx,tracking_without_comments/pdf/8b3bfdf247_calibri_bold_italic_demo_id_paraid_overflow__vs__9297fc746e_calibri_font_demo_id_paraid_overflow_2_redline_471c6d4b9d.pdf,tracking_without_comments,word_based,accept_all
8c730b5c80_heading_4_right_italic_id_paraid_overflow__vs__00da16e738_heading_4_style_demo_id_paraid_overflow_2_redline_e14b118e9f,clean/docx/8c730b5c80_heading_4_right_italic_id_paraid_overflow,clean/docx/00da16e738_heading_4_style_demo_id_paraid_overflow_2,heading_4_right_italic_id_paraid_overflow,heading_4_style_demo_id_paraid_overflow_2,tracking_without_comments/docx/8c730b5c80_heading_4_right_italic_id_paraid_overflow__vs__00da16e738_heading_4_style_demo_id_paraid_overflow_2_redline_e14b118e9f.docx,tracking_without_comments/pdf/8c730b5c80_heading_4_right_italic_id_paraid_overflow__vs__00da16e738_heading_4_style_demo_id_paraid_overflow_2_redline_e14b118e9f.pdf,tracking_without_comments,word_based,accept_all
8df6dfa8d7_alternate_content__vs__accec0538a_anchor_images_redline_6214092ea0,clean/docx/8df6dfa8d7_alternate_content,clean/docx/accec0538a_anchor_images,alternate_content,anchor_images,tracking_without_comments/docx/8df6dfa8d7_alternate_content__vs__accec0538a_anchor_images_redline_6214092ea0.docx,tracking_without_comments/pdf/8df6dfa8d7_alternate_content__vs__accec0538a_anchor_images_redline_6214092ea0.pdf,tracking_without_comments,word_based,accept_all
90e2c33814_meeting_agenda_table_2__vs__e0c027b1ca_meeting_agenda_table_redline_7c3a177c6d,clean/docx/90e2c33814_meeting_agenda_table_2,clean/docx/e0c027b1ca_meeting_agenda_table,meeting_agenda_table_2,meeting_agenda_table,tracking_without_comments/docx/90e2c33814_meeting_agenda_table_2__vs__e0c027b1ca_meeting_agenda_table_redline_7c3a177c6d.docx,tracking_without_comments/pdf/90e2c33814_meeting_agenda_table_2__vs__e0c027b1ca_meeting_agenda_table_redline_7c3a177c6d.pdf,tracking_without_comments,word_based,accept_all
9333b7ab9b_customer_satisfaction_survey_q4_suggesting_inser__vs__7166fa4199_document_100_ultimate_demo_id_paraid_overflow_redline_65d959fe82,tracking_without_comments/docx/9333b7ab9b_customer_satisfaction_survey_q4_suggesting_inser,clean/docx/7166fa4199_document_100_ultimate_demo_id_paraid_overflow,customer_satisfaction_survey_q4_suggesting_insertions,document_100_ultimate_demo_id_paraid_overflow,tracking_without_comments/docx/9333b7ab9b_customer_satisfaction_survey_q4_suggesting_inser__vs__7166fa4199_document_100_ultimate_demo_id_paraid_overflow_redline_65d959fe82.docx,tracking_without_comments/pdf/9333b7ab9b_customer_satisfaction_survey_q4_suggesting_inser__vs__7166fa4199_document_100_ultimate_demo_id_paraid_overflow_redline_65d959fe82.pdf,tracking_without_comments,word_based,accept_all
9333b7ab9b_customer_satisfaction_survey_q4_suggesting_inser__vs__7166fa4199_document_100_ultimate_demo_id_paraid_overflow_redline_c3727d7b5e,tracking_without_comments/docx/9333b7ab9b_customer_satisfaction_survey_q4_suggesting_inser,clean/docx/7166fa4199_document_100_ultimate_demo_id_paraid_overflow,customer_satisfaction_survey_q4_suggesting_insertions,document_100_ultimate_demo_id_paraid_overflow,tracking_without_comments/docx/9333b7ab9b_customer_satisfaction_survey_q4_suggesting_inser__vs__7166fa4199_document_100_ultimate_demo_id_paraid_overflow_redline_c3727d7b5e.docx,tracking_without_comments/pdf/9333b7ab9b_customer_satisfaction_survey_q4_suggesting_inser__vs__7166fa4199_document_100_ultimate_demo_id_paraid_overflow_redline_c3727d7b5e.pdf,tracking_without_comments,word_based,accept_all
93477c6068_contract_review_suggesting_mixed_edits__vs__9333b7ab9b_customer_satisfaction_survey_q4_suggesting_inser_redline_8b97fbb240,tracking_without_comments/docx/93477c6068_contract_review_suggesting_mixed_edits,tracking_without_comments/docx/9333b7ab9b_customer_satisfaction_survey_q4_suggesting_inser,contract_review_suggesting_mixed_edits,customer_satisfaction_survey_q4_suggesting_insertions,tracking_without_comments/docx/93477c6068_contract_review_suggesting_mixed_edits__vs__9333b7ab9b_customer_satisfaction_survey_q4_suggesting_inser_redline_8b97fbb240.docx,tracking_without_comments/pdf/93477c6068_contract_review_suggesting_mixed_edits__vs__9333b7ab9b_customer_satisfaction_survey_q4_suggesting_inser_redline_8b97fbb240.pdf,tracking_without_comments,word_based,accept_all
93485182eb_font_color_blue_demo_style_default_missing__vs__33e7d339be_font_color_demo_style_default_missing_redline_3b2fbae881,clean/docx/93485182eb_font_color_blue_demo_style_default_missing,clean/docx/33e7d339be_font_color_demo_style_default_missing,font_color_blue_demo_style_default_missing,font_color_demo_style_default_missing,tracking_without_comments/docx/93485182eb_font_color_blue_demo_style_default_missing__vs__33e7d339be_font_color_demo_style_default_missing_redline_3b2fbae881.docx,tracking_without_comments/pdf/93485182eb_font_color_blue_demo_style_default_missing__vs__33e7d339be_font_color_demo_style_default_missing_redline_3b2fbae881.pdf,tracking_without_comments,word_based,accept_all
93db7f65b3_project_plan_suggesting_insertions__vs__1558d2a6ec_project_proposal_id_paraid_overflow_redline_41ff794e9c,tracking_without_comments/docx/93db7f65b3_project_plan_suggesting_insertions,clean/docx/1558d2a6ec_project_proposal_id_paraid_overflow,project_plan_suggesting_insertions,project_proposal_id_paraid_overflow,tracking_without_comments/docx/93db7f65b3_project_plan_suggesting_insertions__vs__1558d2a6ec_project_proposal_id_paraid_overflow_redline_41ff794e9c.docx,tracking_without_comments/pdf/93db7f65b3_project_plan_suggesting_insertions__vs__1558d2a6ec_project_proposal_id_paraid_overflow_redline_41ff794e9c.pdf,tracking_without_comments,word_based,accept_all
93db7f65b3_project_plan_suggesting_insertions__vs__1558d2a6ec_project_proposal_id_paraid_overflow_redline_b02a7c5223,tracking_without_comments/docx/93db7f65b3_project_plan_suggesting_insertions,clean/docx/1558d2a6ec_project_proposal_id_paraid_overflow,project_plan_suggesting_insertions,project_proposal_id_paraid_overflow,tracking_without_comments/docx/93db7f65b3_project_plan_suggesting_insertions__vs__1558d2a6ec_project_proposal_id_paraid_overflow_redline_b02a7c5223.docx,tracking_without_comments/pdf/93db7f65b3_project_plan_suggesting_insertions__vs__1558d2a6ec_project_proposal_id_paraid_overflow_redline_b02a7c5223.pdf,tracking_without_comments,word_based,accept_all
95bdaad1fe_support_tickets_table__vs__01d1b3da75_table_bookmark_end_redline_8f5c81c9f4,clean/docx/95bdaad1fe_support_tickets_table,clean/docx/01d1b3da75_table_bookmark_end,support_tickets_table,table_bookmark_end,tracking_without_comments/docx/95bdaad1fe_support_tickets_table__vs__01d1b3da75_table_bookmark_end_redline_8f5c81c9f4.docx,tracking_without_comments/pdf/95bdaad1fe_support_tickets_table__vs__01d1b3da75_table_bookmark_end_redline_8f5c81c9f4.pdf,tracking_without_comments,word_based,accept_all
9610bc363d_track_changes_editing_strikethrough_id_paraid_ov__vs__bf23b1e436_track_changes_suggesting_bold_id_paraid_overflow_redline_2561ef98d9,clean/docx/9610bc363d_track_changes_editing_strikethrough_id_paraid_ov,clean/docx/bf23b1e436_track_changes_suggesting_bold_id_paraid_overflow,track_changes_editing_strikethrough_id_paraid_overflow,track_changes_suggesting_bold_id_paraid_overflow,tracking_without_comments/docx/9610bc363d_track_changes_editing_strikethrough_id_paraid_ov__vs__bf23b1e436_track_changes_suggesting_bold_id_paraid_overflow_redline_2561ef98d9.docx,tracking_without_comments/pdf/9610bc363d_track_changes_editing_strikethrough_id_paraid_ov__vs__bf23b1e436_track_changes_suggesting_bold_id_paraid_overflow_redline_2561ef98d9.pdf,tracking_without_comments,word_based,accept_all
963d40d5f8_employee_review_john_smith_suggesting_insertions__vs__93485182eb_font_color_blue_demo_style_default_missing_redline_909ff013f1,tracking_without_comments/docx/963d40d5f8_employee_review_john_smith_suggesting_insertions,clean/docx/93485182eb_font_color_blue_demo_style_default_missing,employee_review_john_smith_suggesting_insertions,font_color_blue_demo_style_default_missing,tracking_without_comments/docx/963d40d5f8_employee_review_john_smith_suggesting_insertions__vs__93485182eb_font_color_blue_demo_style_default_missing_redline_909ff013f1.docx,tracking_without_comments/pdf/963d40d5f8_employee_review_john_smith_suggesting_insertions__vs__93485182eb_font_color_blue_demo_style_default_missing_redline_909ff013f1.pdf,tracking_without_comments,word_based,accept_all
9f56ca58a1_track_changes_suggesting_title_id_paraid_overflo__vs__5e8b43bd70_training_materials_onboarding_program_suggesting_redline_9e49d39f0b,clean/docx/9f56ca58a1_track_changes_suggesting_title_id_paraid_overflo,tracking_without_comments/docx/5e8b43bd70_training_materials_onboarding_program_suggesting,track_changes_suggesting_title_id_paraid_overflow,training_materials_onboarding_program_suggesting_insertions,tracking_without_comments/docx/9f56ca58a1_track_changes_suggesting_title_id_paraid_overflo__vs__5e8b43bd70_training_materials_onboarding_program_suggesting_redline_9e49d39f0b.docx,tracking_without_comments/pdf/9f56ca58a1_track_changes_suggesting_title_id_paraid_overflo__vs__5e8b43bd70_training_materials_onboarding_program_suggesting_redline_9e49d39f0b.pdf,tracking_without_comments,word_based,accept_all
9f56ca58a1_track_changes_suggesting_title_id_paraid_overflo__vs__5e8b43bd70_training_materials_onboarding_program_suggesting_redline_debe68f786,clean/docx/9f56ca58a1_track_changes_suggesting_title_id_paraid_overflo,tracking_without_comments/docx/5e8b43bd70_training_materials_onboarding_program_suggesting,track_changes_suggesting_title_id_paraid_overflow,training_materials_onboarding_program_suggesting_insertions,tracking_without_comments/docx/9f56ca58a1_track_changes_suggesting_title_id_paraid_overflo__vs__5e8b43bd70_training_materials_onboarding_program_suggesting_redline_debe68f786.docx,tracking_without_comments/pdf/9f56ca58a1_track_changes_suggesting_title_id_paraid_overflo__vs__5e8b43bd70_training_materials_onboarding_program_suggesting_redline_debe68f786.pdf,tracking_without_comments,word_based,accept_all
9f96e7f4f8_it_security_policy_v2_suggesting_insertions__vs__277b6145d6_italic_and_underline_combo_style_default_missing_redline_cfdf26962f,tracking_without_comments/docx/9f96e7f4f8_it_security_policy_v2_suggesting_insertions,clean/docx/277b6145d6_italic_and_underline_combo_style_default_missing,it_security_policy_v2_suggesting_insertions,italic_and_underline_combo_style_default_missing,tracking_without_comments/docx/9f96e7f4f8_it_security_policy_v2_suggesting_insertions__vs__277b6145d6_italic_and_underline_combo_style_default_missing_redline_cfdf26962f.docx,tracking_without_comments/pdf/9f96e7f4f8_it_security_policy_v2_suggesting_insertions__vs__277b6145d6_italic_and_underline_combo_style_default_missing_redline_cfdf26962f.pdf,tracking_without_comments,word_based,accept_all
a04e2d2749_ooxml_style_link__vs__20d2e7d58b_word_tolerated_misplaced_pgsz_redline_bb42b4d0bc,clean/docx/a04e2d2749_ooxml_style_link,clean/docx/20d2e7d58b_word_tolerated_misplaced_pgsz,ooxml_style_link,word_tolerated_misplaced_pgsz,tracking_without_comments/docx/a04e2d2749_ooxml_style_link__vs__20d2e7d58b_word_tolerated_misplaced_pgsz_redline_bb42b4d0bc.docx,tracking_without_comments/pdf/a04e2d2749_ooxml_style_link__vs__20d2e7d58b_word_tolerated_misplaced_pgsz_redline_bb42b4d0bc.pdf,tracking_without_comments,word_based,accept_all
a4642f7f90_mcdoc__vs__90e2c33814_meeting_agenda_table_2_redline_26c3aa16a6,clean/docx/a4642f7f90_mcdoc,clean/docx/90e2c33814_meeting_agenda_table_2,mcdoc,meeting_agenda_table_2,tracking_without_comments/docx/a4642f7f90_mcdoc__vs__90e2c33814_meeting_agenda_table_2_redline_26c3aa16a6.docx,tracking_without_comments/pdf/a4642f7f90_mcdoc__vs__90e2c33814_meeting_agenda_table_2_redline_26c3aa16a6.pdf,tracking_without_comments,word_based,accept_all
a94f4c516b_text_box__vs__356b7a3629_text_highlight_demo_style_default_missing_redline_4300f2f735,clean/docx/a94f4c516b_text_box,clean/docx/356b7a3629_text_highlight_demo_style_default_missing,text_box,text_highlight_demo_style_default_missing,tracking_without_comments/docx/a94f4c516b_text_box__vs__356b7a3629_text_highlight_demo_style_default_missing_redline_4300f2f735.docx,tracking_without_comments/pdf/a94f4c516b_text_box__vs__356b7a3629_text_highlight_demo_style_default_missing_redline_4300f2f735.pdf,tracking_without_comments,word_based,accept_all
af458715aa_superscript_demo_style_default_missing__vs__95bdaad1fe_support_tickets_table_redline_c2a8bc8570,clean/docx/af458715aa_superscript_demo_style_default_missing,clean/docx/95bdaad1fe_support_tickets_table,superscript_demo_style_default_missing,support_tickets_table,tracking_without_comments/docx/af458715aa_superscript_demo_style_default_missing__vs__95bdaad1fe_support_tickets_table_redline_c2a8bc8570.docx,tracking_without_comments/pdf/af458715aa_superscript_demo_style_default_missing__vs__95bdaad1fe_support_tickets_table_redline_c2a8bc8570.pdf,tracking_without_comments,word_based,accept_all
b39182a410_subscript_demo_style_default_missing__vs__ec45d7fc58_subtitle_style_demo_id_paraid_overflow_redline_050304bad7,clean/docx/b39182a410_subscript_demo_style_default_missing,clean/docx/ec45d7fc58_subtitle_style_demo_id_paraid_overflow,subscript_demo_style_default_missing,subtitle_style_demo_id_paraid_overflow,tracking_without_comments/docx/b39182a410_subscript_demo_style_default_missing__vs__ec45d7fc58_subtitle_style_demo_id_paraid_overflow_redline_050304bad7.docx,tracking_without_comments/pdf/b39182a410_subscript_demo_style_default_missing__vs__ec45d7fc58_subtitle_style_demo_id_paraid_overflow_redline_050304bad7.pdf,tracking_without_comments,word_based,accept_all
bf23b1e436_track_changes_suggesting_bold_id_paraid_overflow__vs__966994cba9_track_changes_suggesting_calibri_id_paraid_overf_redline_9260938760,clean/docx/bf23b1e436_track_changes_suggesting_bold_id_paraid_overflow,clean/docx/966994cba9_track_changes_suggesting_calibri_id_paraid_overf,track_changes_suggesting_bold_id_paraid_overflow,track_changes_suggesting_calibri_id_paraid_overflow,tracking_without_comments/docx/bf23b1e436_track_changes_suggesting_bold_id_paraid_overflow__vs__966994cba9_track_changes_suggesting_calibri_id_paraid_overf_redline_9260938760.docx,tracking_without_comments/pdf/bf23b1e436_track_changes_suggesting_bold_id_paraid_overflow__vs__966994cba9_track_changes_suggesting_calibri_id_paraid_overf_redline_9260938760.pdf,tracking_without_comments,word_based,accept_all
c20e9b2d21_font_size_24_demo_id_paraid_overflow__vs__f8ecf81d8b_font_size_demo_id_paraid_overflow_redline_49ff615f6a,clean/docx/c20e9b2d21_font_size_24_demo_id_paraid_overflow,clean/docx/f8ecf81d8b_font_size_demo_id_paraid_overflow,font_size_24_demo_id_paraid_overflow,font_size_demo_id_paraid_overflow,tracking_without_comments/docx/c20e9b2d21_font_size_24_demo_id_paraid_overflow__vs__f8ecf81d8b_font_size_demo_id_paraid_overflow_redline_49ff615f6a.docx,tracking_without_comments/pdf/c20e9b2d21_font_size_24_demo_id_paraid_overflow__vs__f8ecf81d8b_font_size_demo_id_paraid_overflow_redline_49ff615f6a.pdf,tracking_without_comments,word_based,accept_all
c21d15c9e9_track_changes_suggesting_center_id_paraid_overfl__vs__e0e59cf962_track_changes_suggesting_heading_id_paraid_overf_redline_120dc222ce,clean/docx/c21d15c9e9_track_changes_suggesting_center_id_paraid_overfl,clean/docx/e0e59cf962_track_changes_suggesting_heading_id_paraid_overf,track_changes_suggesting_center_id_paraid_overflow,track_changes_suggesting_heading_id_paraid_overflow,tracking_without_comments/docx/c21d15c9e9_track_changes_suggesting_center_id_paraid_overfl__vs__e0e59cf962_track_changes_suggesting_heading_id_paraid_overf_redline_120dc222ce.docx,tracking_without_comments/pdf/c21d15c9e9_track_changes_suggesting_center_id_paraid_overfl__vs__e0e59cf962_track_changes_suggesting_heading_id_paraid_overf_redline_120dc222ce.pdf,tracking_without_comments,word_based,accept_all
c40c88e402_project_tasks_suggesting_insertions__vs__d0a21b7c3c_q1_sales_summary_table_2_redline_f9d6035f66,tracking_without_comments/docx/c40c88e402_project_tasks_suggesting_insertions,clean/docx/d0a21b7c3c_q1_sales_summary_table_2,project_tasks_suggesting_insertions,q1_sales_summary_table_2,tracking_without_comments/docx/c40c88e402_project_tasks_suggesting_insertions__vs__d0a21b7c3c_q1_sales_summary_table_2_redline_f9d6035f66.docx,tracking_without_comments/pdf/c40c88e402_project_tasks_suggesting_insertions__vs__d0a21b7c3c_q1_sales_summary_table_2_redline_f9d6035f66.pdf,tracking_without_comments,word_based,accept_all
c706120413_open_sans_font_demo_id_paraid_overflow__vs__82348eef4b_multi_section_redline_a0b32ee481,clean/docx/c706120413_open_sans_font_demo_id_paraid_overflow,clean/docx/82348eef4b_multi_section,open_sans_font_demo_id_paraid_overflow,multi_section,tracking_without_comments/docx/c706120413_open_sans_font_demo_id_paraid_overflow__vs__82348eef4b_multi_section_redline_a0b32ee481.docx,tracking_without_comments/pdf/c706120413_open_sans_font_demo_id_paraid_overflow__vs__82348eef4b_multi_section_redline_a0b32ee481.pdf,tracking_without_comments,word_based,accept_all
ca4ccabff6_superscript_demo_id_paraid_overflow_2__vs__860b6e457e_superscript_demo_id_paraid_overflow_redline_ad1cd7a177,clean/docx/ca4ccabff6_superscript_demo_id_paraid_overflow_2,clean/docx/860b6e457e_superscript_demo_id_paraid_overflow,superscript_demo_id_paraid_overflow_2,superscript_demo_id_paraid_overflow,tracking_without_comments/docx/ca4ccabff6_superscript_demo_id_paraid_overflow_2__vs__860b6e457e_superscript_demo_id_paraid_overflow_redline_ad1cd7a177.docx,tracking_without_comments/pdf/ca4ccabff6_superscript_demo_id_paraid_overflow_2__vs__860b6e457e_superscript_demo_id_paraid_overflow_redline_ad1cd7a177.pdf,tracking_without_comments,word_based,accept_all
cb340e4c6a_center_alignment_demo_id_paraid_overflow__vs__8a7f242026_center_bold_demo_id_paraid_overflow_redline_684274e62d,clean/docx/cb340e4c6a_center_alignment_demo_id_paraid_overflow,clean/docx/8a7f242026_center_bold_demo_id_paraid_overflow,center_alignment_demo_id_paraid_overflow,center_bold_demo_id_paraid_overflow,tracking_without_comments/docx/cb340e4c6a_center_alignment_demo_id_paraid_overflow__vs__8a7f242026_center_bold_demo_id_paraid_overflow_redline_684274e62d.docx,tracking_without_comments/pdf/cb340e4c6a_center_alignment_demo_id_paraid_overflow__vs__8a7f242026_center_bold_demo_id_paraid_overflow_redline_684274e62d.pdf,tracking_without_comments,word_based,accept_all
cefef4e4f5_yellow_highlight_demo_id_paraid_overflow__vs__a391978591_yellow_highlight_italic_demo_style_default_missi_redline_f02a796ff6,clean/docx/cefef4e4f5_yellow_highlight_demo_id_paraid_overflow,clean/docx/a391978591_yellow_highlight_italic_demo_style_default_missi,yellow_highlight_demo_id_paraid_overflow,yellow_highlight_italic_demo_style_default_missing,tracking_without_comments/docx/cefef4e4f5_yellow_highlight_demo_id_paraid_overflow__vs__a391978591_yellow_highlight_italic_demo_style_default_missi_redline_f02a796ff6.docx,tracking_without_comments/pdf/cefef4e4f5_yellow_highlight_demo_id_paraid_overflow__vs__a391978591_yellow_highlight_italic_demo_style_default_missi_redline_f02a796ff6.pdf,tracking_without_comments,word_based,accept_all
d0423646cd_times_new_roman_bold_id_paraid_overflow__vs__13da8d3a5b_times_new_roman_font_id_paraid_overflow_redline_c1e064b1f0,clean/docx/d0423646cd_times_new_roman_bold_id_paraid_overflow,clean/docx/13da8d3a5b_times_new_roman_font_id_paraid_overflow,times_new_roman_bold_id_paraid_overflow,times_new_roman_font_id_paraid_overflow,tracking_without_comments/docx/d0423646cd_times_new_roman_bold_id_paraid_overflow__vs__13da8d3a5b_times_new_roman_font_id_paraid_overflow_redline_c1e064b1f0.docx,tracking_without_comments/pdf/d0423646cd_times_new_roman_bold_id_paraid_overflow__vs__13da8d3a5b_times_new_roman_font_id_paraid_overflow_redline_c1e064b1f0.pdf,tracking_without_comments,word_based,accept_all
d7c6d7eb36_green_underline_bullet_list_id_paraid_overflow__vs__4dff3f0ab2_heading_1_bold_demo_id_paraid_overflow_redline_b9ff71bba4,clean/docx/d7c6d7eb36_green_underline_bullet_list_id_paraid_overflow,clean/docx/4dff3f0ab2_heading_1_bold_demo_id_paraid_overflow,green_underline_bullet_list_id_paraid_overflow,heading_1_bold_demo_id_paraid_overflow,tracking_without_comments/docx/d7c6d7eb36_green_underline_bullet_list_id_paraid_overflow__vs__4dff3f0ab2_heading_1_bold_demo_id_paraid_overflow_redline_b9ff71bba4.docx,tracking_without_comments/pdf/d7c6d7eb36_green_underline_bullet_list_id_paraid_overflow__vs__4dff3f0ab2_heading_1_bold_demo_id_paraid_overflow_redline_b9ff71bba4.pdf,tracking_without_comments,word_based,accept_all
da68abdf72_blue_centered_title_demo_style_default_missing__vs__6a4d8ea70c_blue_italic_text_demo_id_paraid_overflow_redline_d4abbe07c3,clean/docx/da68abdf72_blue_centered_title_demo_style_default_missing,clean/docx/6a4d8ea70c_blue_italic_text_demo_id_paraid_overflow,blue_centered_title_demo_style_default_missing,blue_italic_text_demo_id_paraid_overflow,tracking_without_comments/docx/da68abdf72_blue_centered_title_demo_style_default_missing__vs__6a4d8ea70c_blue_italic_text_demo_id_paraid_overflow_redline_d4abbe07c3.docx,tracking_without_comments/pdf/da68abdf72_blue_centered_title_demo_style_default_missing__vs__6a4d8ea70c_blue_italic_text_demo_id_paraid_overflow_redline_d4abbe07c3.pdf,tracking_without_comments,word_based,accept_all
daf1fa36c0_red_bold_heading_demo_style_default_missing__vs__3e33de961a_red_bold_text_demo_id_paraid_overflow_redline_2648efbf3a,clean/docx/daf1fa36c0_red_bold_heading_demo_style_default_missing,clean/docx/3e33de961a_red_bold_text_demo_id_paraid_overflow,red_bold_heading_demo_style_default_missing,red_bold_text_demo_id_paraid_overflow,tracking_without_comments/docx/daf1fa36c0_red_bold_heading_demo_style_default_missing__vs__3e33de961a_red_bold_text_demo_id_paraid_overflow_redline_2648efbf3a.docx,tracking_without_comments/pdf/daf1fa36c0_red_bold_heading_demo_style_default_missing__vs__3e33de961a_red_bold_text_demo_id_paraid_overflow_redline_2648efbf3a.pdf,tracking_without_comments,word_based,accept_all
de2a4c9936_marketing_strategy_2026_suggesting_insertions__vs__90e2c33814_meeting_agenda_table_2_redline_cf4189e197,tracking_without_comments/docx/de2a4c9936_marketing_strategy_2026_suggesting_insertions,clean/docx/90e2c33814_meeting_agenda_table_2,marketing_strategy_2026_suggesting_insertions,meeting_agenda_table_2,tracking_without_comments/docx/de2a4c9936_marketing_strategy_2026_suggesting_insertions__vs__90e2c33814_meeting_agenda_table_2_redline_cf4189e197.docx,tracking_without_comments/pdf/de2a4c9936_marketing_strategy_2026_suggesting_insertions__vs__90e2c33814_meeting_agenda_table_2_redline_cf4189e197.pdf,tracking_without_comments,word_based,accept_all
e1736e61c5_italic_underline_combined_demo_id_paraid_overflo__vs__516ae5b317_justified_underline_demo_id_paraid_overflow_redline_0a5a39916e,clean/docx/e1736e61c5_italic_underline_combined_demo_id_paraid_overflo,clean/docx/516ae5b317_justified_underline_demo_id_paraid_overflow,italic_underline_combined_demo_id_paraid_overflow,justified_underline_demo_id_paraid_overflow,tracking_without_comments/docx/e1736e61c5_italic_underline_combined_demo_id_paraid_overflo__vs__516ae5b317_justified_underline_demo_id_paraid_overflow_redline_0a5a39916e.docx,tracking_without_comments/pdf/e1736e61c5_italic_underline_combined_demo_id_paraid_overflo__vs__516ae5b317_justified_underline_demo_id_paraid_overflow_redline_0a5a39916e.pdf,tracking_without_comments,word_based,accept_all
e1f631e28a_green_highlight_demo_id_paraid_overflow__vs__d7c6d7eb36_green_underline_bullet_list_id_paraid_overflow_redline_bbc6278567,clean/docx/e1f631e28a_green_highlight_demo_id_paraid_overflow,clean/docx/d7c6d7eb36_green_underline_bullet_list_id_paraid_overflow,green_highlight_demo_id_paraid_overflow,green_underline_bullet_list_id_paraid_overflow,tracking_without_comments/docx/e1f631e28a_green_highlight_demo_id_paraid_overflow__vs__d7c6d7eb36_green_underline_bullet_list_id_paraid_overflow_redline_bbc6278567.docx,tracking_without_comments/pdf/e1f631e28a_green_highlight_demo_id_paraid_overflow__vs__d7c6d7eb36_green_underline_bullet_list_id_paraid_overflow_redline_bbc6278567.pdf,tracking_without_comments,word_based,accept_all
e29df71807_bold_underline_highlight_demo_id_paraid_overflow__vs__4c0d04c85d_book_catalog_id_paraid_overflow_redline_4a62606054,clean/docx/e29df71807_bold_underline_highlight_demo_id_paraid_overflow,clean/docx/4c0d04c85d_book_catalog_id_paraid_overflow,bold_underline_highlight_demo_id_paraid_overflow,book_catalog_id_paraid_overflow,tracking_without_comments/docx/e29df71807_bold_underline_highlight_demo_id_paraid_overflow__vs__4c0d04c85d_book_catalog_id_paraid_overflow_redline_4a62606054.docx,tracking_without_comments/pdf/e29df71807_bold_underline_highlight_demo_id_paraid_overflow__vs__4c0d04c85d_book_catalog_id_paraid_overflow_redline_4a62606054.pdf,tracking_without_comments,word_based,accept_all
e615c89269_inventory_list_suggesting_deletions__vs__8e5efb0d0b_inventory_list_suggesting_mixed_edits_redline_137d46157c,tracking_without_comments/docx/e615c89269_inventory_list_suggesting_deletions,tracking_without_comments/docx/8e5efb0d0b_inventory_list_suggesting_mixed_edits,inventory_list_suggesting_deletions,inventory_list_suggesting_mixed_edits,tracking_without_comments/docx/e615c89269_inventory_list_suggesting_deletions__vs__8e5efb0d0b_inventory_list_suggesting_mixed_edits_redline_137d46157c.docx,tracking_without_comments/pdf/e615c89269_inventory_list_suggesting_deletions__vs__8e5efb0d0b_inventory_list_suggesting_mixed_edits_redline_137d46157c.pdf,tracking_without_comments,word_based,accept_all
f1ea4a51fd_hr_onboarding_checklist_table__vs__d0e7f278b8_i_am_sharing_microsoft_word_vs_google_docs_compr_redline_a0d1b167f5,clean/docx/f1ea4a51fd_hr_onboarding_checklist_table,clean/docx/d0e7f278b8_i_am_sharing_microsoft_word_vs_google_docs_compr,hr_onboarding_checklist_table,I_am_sharing_Microsoft_Word_vs_Google_Docs_Comprehensive_Proof_with_you,tracking_without_comments/docx/f1ea4a51fd_hr_onboarding_checklist_table__vs__d0e7f278b8_i_am_sharing_microsoft_word_vs_google_docs_compr_redline_a0d1b167f5.docx,tracking_without_comments/pdf/f1ea4a51fd_hr_onboarding_checklist_table__vs__d0e7f278b8_i_am_sharing_microsoft_word_vs_google_docs_compr_redline_a0d1b167f5.pdf,tracking_without_comments,word_based,accept_all
f43929f70c_verdana_bold_large_font_id_paraid_overflow__vs__3413da1703_verdana_font_demo_id_paraid_overflow_2_redline_a0d2331c56,clean/docx/f43929f70c_verdana_bold_large_font_id_paraid_overflow,with_comments_clean/docx/3413da1703_verdana_font_demo_id_paraid_overflow_2,verdana_bold_large_font_id_paraid_overflow,verdana_font_demo_id_paraid_overflow_2,tracking_without_comments/docx/f43929f70c_verdana_bold_large_font_id_paraid_overflow__vs__3413da1703_verdana_font_demo_id_paraid_overflow_2_redline_a0d2331c56.docx,tracking_without_comments/pdf/f43929f70c_verdana_bold_large_font_id_paraid_overflow__vs__3413da1703_verdana_font_demo_id_paraid_overflow_2_redline_a0d2331c56.pdf,tracking_without_comments,word_based,accept_all
f6de76cc94_numbered_list_italic_demo_id_paraid_overflow__vs__053c86de5f_open_sans_bold_underline_id_paraid_overflow_redline_0bde72da10,clean/docx/f6de76cc94_numbered_list_italic_demo_id_paraid_overflow,clean/docx/053c86de5f_open_sans_bold_underline_id_paraid_overflow,numbered_list_italic_demo_id_paraid_overflow,open_sans_bold_underline_id_paraid_overflow,tracking_without_comments/docx/f6de76cc94_numbered_list_italic_demo_id_paraid_overflow__vs__053c86de5f_open_sans_bold_underline_id_paraid_overflow_redline_0bde72da10.docx,tracking_without_comments/pdf/f6de76cc94_numbered_list_italic_demo_id_paraid_overflow__vs__053c86de5f_open_sans_bold_underline_id_paraid_overflow_redline_0bde72da10.pdf,tracking_without_comments,word_based,accept_all
f6de76cc94_numbered_list_italic_demo_id_paraid_overflow__vs__18eb110b3b_numwords_fldsimple_redline_452c8f76a5,clean/docx/f6de76cc94_numbered_list_italic_demo_id_paraid_overflow,clean/docx/18eb110b3b_numwords_fldsimple,numbered_list_italic_demo_id_paraid_overflow,numwords_fldsimple,tracking_without_comments/docx/f6de76cc94_numbered_list_italic_demo_id_paraid_overflow__vs__18eb110b3b_numwords_fldsimple_redline_452c8f76a5.docx,tracking_without_comments/pdf/f6de76cc94_numbered_list_italic_demo_id_paraid_overflow__vs__18eb110b3b_numwords_fldsimple_redline_452c8f76a5.pdf,tracking_without_comments,word_based,accept_all
f7d8cdf9a9_product_roadmap_2026_suggesting_insertions__vs__93db7f65b3_project_plan_suggesting_insertions_redline_61d6a6f326,tracking_without_comments/docx/f7d8cdf9a9_product_roadmap_2026_suggesting_insertions,tracking_without_comments/docx/93db7f65b3_project_plan_suggesting_insertions,product_roadmap_2026_suggesting_insertions,project_plan_suggesting_insertions,tracking_without_comments/docx/f7d8cdf9a9_product_roadmap_2026_suggesting_insertions__vs__93db7f65b3_project_plan_suggesting_insertions_redline_61d6a6f326.docx,tracking_without_comments/pdf/f7d8cdf9a9_product_roadmap_2026_suggesting_insertions__vs__93db7f65b3_project_plan_suggesting_insertions_redline_61d6a6f326.pdf,tracking_without_comments,word_based,accept_all
f8ecf81d8b_font_size_demo_id_paraid_overflow__vs__2a69e1ce5c_green_bold_text_demo_id_paraid_overflow_redline_527cb6025d,clean/docx/f8ecf81d8b_font_size_demo_id_paraid_overflow,clean/docx/2a69e1ce5c_green_bold_text_demo_id_paraid_overflow,font_size_demo_id_paraid_overflow,green_bold_text_demo_id_paraid_overflow,tracking_without_comments/docx/f8ecf81d8b_font_size_demo_id_paraid_overflow__vs__2a69e1ce5c_green_bold_text_demo_id_paraid_overflow_redline_527cb6025d.docx,tracking_without_comments/pdf/f8ecf81d8b_font_size_demo_id_paraid_overflow__vs__2a69e1ce5c_green_bold_text_demo_id_paraid_overflow_redline_527cb6025d.pdf,tracking_without_comments,word_based,accept_all
f8ecf81d8b_font_size_demo_id_paraid_overflow__vs__64bdd3aded_footnotes_sample_redline_5c7ea9940b,clean/docx/f8ecf81d8b_font_size_demo_id_paraid_overflow,clean/docx/64bdd3aded_footnotes_sample,font_size_demo_id_paraid_overflow,footnotes_sample,tracking_without_comments/docx/f8ecf81d8b_font_size_demo_id_paraid_overflow__vs__64bdd3aded_footnotes_sample_redline_5c7ea9940b.docx,tracking_without_comments/pdf/f8ecf81d8b_font_size_demo_id_paraid_overflow__vs__64bdd3aded_footnotes_sample_redline_5c7ea9940b.pdf,tracking_without_comments,word_based,accept_all
f8f9857e80_title_style_demo_id_paraid_overflow__vs__39b73c977c_title_style_demo_style_default_missing_redline_949c95e719,clean/docx/f8f9857e80_title_style_demo_id_paraid_overflow,clean/docx/39b73c977c_title_style_demo_style_default_missing,title_style_demo_id_paraid_overflow,title_style_demo_style_default_missing,tracking_without_comments/docx/f8f9857e80_title_style_demo_id_paraid_overflow__vs__39b73c977c_title_style_demo_style_default_missing_redline_949c95e719.docx,tracking_without_comments/pdf/f8f9857e80_title_style_demo_id_paraid_overflow__vs__39b73c977c_title_style_demo_style_default_missing_redline_949c95e719.pdf,tracking_without_comments,word_based,accept_all
fd5a40bd94_underline_text_formatting_demo_style_default_mis__vs__f43929f70c_verdana_bold_large_font_id_paraid_overflow_redline_e1efec0eb6,clean/docx/fd5a40bd94_underline_text_formatting_demo_style_default_mis,clean/docx/f43929f70c_verdana_bold_large_font_id_paraid_overflow,underline_text_formatting_demo_style_default_missing,verdana_bold_large_font_id_paraid_overflow,tracking_without_comments/docx/fd5a40bd94_underline_text_formatting_demo_style_default_mis__vs__f43929f70c_verdana_bold_large_font_id_paraid_overflow_redline_e1efec0eb6.docx,tracking_without_comments/pdf/fd5a40bd94_underline_text_formatting_demo_style_default_mis__vs__f43929f70c_verdana_bold_large_font_id_paraid_overflow_redline_e1efec0eb6.pdf,tracking_without_comments,word_based,accept_all
fdabb735ad_bold_text_formatting_demo_id_paraid_overflow__vs__08e3f68925_bold_underline_combined_demo_id_paraid_overflow_redline_babf18a9ec,clean/docx/fdabb735ad_bold_text_formatting_demo_id_paraid_overflow,clean/docx/08e3f68925_bold_underline_combined_demo_id_paraid_overflow,bold_text_formatting_demo_id_paraid_overflow,bold_underline_combined_demo_id_paraid_overflow,tracking_without_comments/docx/fdabb735ad_bold_text_formatting_demo_id_paraid_overflow__vs__08e3f68925_bold_underline_combined_demo_id_paraid_overflow_redline_babf18a9ec.docx,tracking_without_comments/pdf/fdabb735ad_bold_text_formatting_demo_id_paraid_overflow__vs__08e3f68925_bold_underline_combined_demo_id_paraid_overflow_redline_babf18a9ec.pdf,tracking_without_comments,word_based,accept_all
24ad1aa6e5_docx_lots_of_comments_addition_removal__vs__e57ad0eaa4_docx_lots_of_comments_addition_redline_a836952933,with_comments_tracking/docx/24ad1aa6e5_docx_lots_of_comments_addition_removal,with_comments_tracking/docx/e57ad0eaa4_docx_lots_of_comments_addition,docx_lots_of_comments_addition_removal,docx_lots_of_comments_addition,with_comments_tracking/docx/24ad1aa6e5_docx_lots_of_comments_addition_removal__vs__e57ad0eaa4_docx_lots_of_comments_addition_redline_a836952933.docx,with_comments_tracking/pdf/24ad1aa6e5_docx_lots_of_comments_addition_removal__vs__e57ad0eaa4_docx_lots_of_comments_addition_redline_a836952933.pdf,with_comments_tracking,word_based,accept_all
2c0a2ac35f_double_spacing_bold_demo_id_paraid_overflow__vs__90cef57bac_eigenpal_docx_editor_suggesting_mixed_edits_redline_af90d4e258,clean/docx/2c0a2ac35f_double_spacing_bold_demo_id_paraid_overflow,with_comments_tracking/docx/90cef57bac_eigenpal_docx_editor_suggesting_mixed_edits,double_spacing_bold_demo_id_paraid_overflow,eigenpal_docx_editor_suggesting_mixed_edits,with_comments_tracking/docx/2c0a2ac35f_double_spacing_bold_demo_id_paraid_overflow__vs__90cef57bac_eigenpal_docx_editor_suggesting_mixed_edits_redline_af90d4e258.docx,with_comments_tracking/pdf/2c0a2ac35f_double_spacing_bold_demo_id_paraid_overflow__vs__90cef57bac_eigenpal_docx_editor_suggesting_mixed_edits_redline_af90d4e258.pdf,with_comments_tracking,word_based,accept_all
36fbd8c734_sales_report_january_2026_suggesting_insertions__vs__81158d928d_sample_document_afterword_repaired_word_repaired_redline_46247b70dc,tracking_without_comments/docx/36fbd8c734_sales_report_january_2026_suggesting_insertions,with_comments_tracking/docx/81158d928d_sample_document_afterword_repaired_word_repaired,sales_report_january_2026_suggesting_insertions,sample_document_afterword_repaired_word_repaired,with_comments_tracking/docx/36fbd8c734_sales_report_january_2026_suggesting_insertions__vs__81158d928d_sample_document_afterword_repaired_word_repaired_redline_46247b70dc.docx,with_comments_tracking/pdf/36fbd8c734_sales_report_january_2026_suggesting_insertions__vs__81158d928d_sample_document_afterword_repaired_word_repaired_redline_46247b70dc.pdf,with_comments_tracking,word_based,accept_all
3e43d24c46_clear_formatting_demo_id_paraid_overflow__vs__adc9f524d1_comments_redline_d484b575c0,clean/docx/3e43d24c46_clear_formatting_demo_id_paraid_overflow,with_comments_clean/docx/adc9f524d1_comments,clear_formatting_demo_id_paraid_overflow,comments,with_comments_tracking/docx/3e43d24c46_clear_formatting_demo_id_paraid_overflow__vs__adc9f524d1_comments_redline_d484b575c0.docx,with_comments_tracking/pdf/3e43d24c46_clear_formatting_demo_id_paraid_overflow__vs__adc9f524d1_comments_redline_d484b575c0.pdf,with_comments_tracking,word_based,accept_all
60697d46b7_strict01__vs__60697d46b7_strict01_redline_4720423c07,with_comments_tracking/docx/60697d46b7_strict01,with_comments_tracking/docx/60697d46b7_strict01,Strict01,Strict01,with_comments_tracking/docx/60697d46b7_strict01__vs__60697d46b7_strict01_redline_4720423c07.docx,with_comments_tracking/pdf/60697d46b7_strict01__vs__60697d46b7_strict01_redline_4720423c07.pdf,with_comments_tracking,word_based,accept_all
64bdd3aded_footnotes_sample__vs__a0738533be_gdocs_comments_export_redline_75ff938b20,clean/docx/64bdd3aded_footnotes_sample,with_comments_clean/docx/a0738533be_gdocs_comments_export,footnotes_sample,gdocs_comments_export,with_comments_tracking/docx/64bdd3aded_footnotes_sample__vs__a0738533be_gdocs_comments_export_redline_75ff938b20.docx,with_comments_tracking/pdf/64bdd3aded_footnotes_sample__vs__a0738533be_gdocs_comments_export_redline_75ff938b20.pdf,with_comments_tracking,word_based,accept_all
7166fa4199_document_100_ultimate_demo_id_paraid_overflow__vs__97c3dd2e86_docx_lots_of_comments_addition_redline_addition_redline_8993b015d5,clean/docx/7166fa4199_document_100_ultimate_demo_id_paraid_overflow,with_comments_tracking/docx/97c3dd2e86_docx_lots_of_comments_addition_redline_addition,document_100_ultimate_demo_id_paraid_overflow,docx_lots_of_comments_addition_redline_addition_v_removal,with_comments_tracking/docx/7166fa4199_document_100_ultimate_demo_id_paraid_overflow__vs__97c3dd2e86_docx_lots_of_comments_addition_redline_addition_redline_8993b015d5.docx,with_comments_tracking/pdf/7166fa4199_document_100_ultimate_demo_id_paraid_overflow__vs__97c3dd2e86_docx_lots_of_comments_addition_redline_addition_redline_8993b015d5.pdf,with_comments_tracking,word_based,accept_all
81158d928d_sample_document_afterword_repaired_word_repaired__vs__ba3f04f252_sample_document_really_repaired_word_repaired_redline_c1ab41fd94,with_comments_tracking/docx/81158d928d_sample_document_afterword_repaired_word_repaired,with_comments_tracking/docx/ba3f04f252_sample_document_really_repaired_word_repaired,sample_document_afterword_repaired_word_repaired,sample_document_really_repaired_word_repaired,with_comments_tracking/docx/81158d928d_sample_document_afterword_repaired_word_repaired__vs__ba3f04f252_sample_document_really_repaired_word_repaired_redline_c1ab41fd94.docx,with_comments_tracking/pdf/81158d928d_sample_document_afterword_repaired_word_repaired__vs__ba3f04f252_sample_document_really_repaired_word_repaired_redline_c1ab41fd94.pdf,with_comments_tracking,word_based,accept_all
970fd9303f_sample_document_word_repair_of_our_output_word_r__vs__e355cec096_small_font_size_demo_id_paraid_overflow_redline_aa31228e52,with_comments_tracking/docx/970fd9303f_sample_document_word_repair_of_our_output_word_r,clean/docx/e355cec096_small_font_size_demo_id_paraid_overflow,sample_document_word_repair_of_our_output_word_repaired,small_font_size_demo_id_paraid_overflow,with_comments_tracking/docx/970fd9303f_sample_document_word_repair_of_our_output_word_r__vs__e355cec096_small_font_size_demo_id_paraid_overflow_redline_aa31228e52.docx,with_comments_tracking/pdf/970fd9303f_sample_document_word_repair_of_our_output_word_r__vs__e355cec096_small_font_size_demo_id_paraid_overflow_redline_aa31228e52.pdf,with_comments_tracking,word_based,accept_all
a0738533be_gdocs_comments_export__vs__2a69e1ce5c_green_bold_text_demo_id_paraid_overflow_redline_b4c606bf91,with_comments_clean/docx/a0738533be_gdocs_comments_export,clean/docx/2a69e1ce5c_green_bold_text_demo_id_paraid_overflow,gdocs_comments_export,green_bold_text_demo_id_paraid_overflow,with_comments_tracking/docx/a0738533be_gdocs_comments_export__vs__2a69e1ce5c_green_bold_text_demo_id_paraid_overflow_redline_b4c606bf91.docx,with_comments_tracking/pdf/a0738533be_gdocs_comments_export__vs__2a69e1ce5c_green_bold_text_demo_id_paraid_overflow_redline_b4c606bf91.pdf,with_comments_tracking,word_based,accept_all
adc9f524d1_comments__vs__5d17fd43a9_complex_style_attr_redline_ffed78e6e8,with_comments_clean/docx/adc9f524d1_comments,clean/docx/5d17fd43a9_complex_style_attr,comments,complex_style_attr,with_comments_tracking/docx/adc9f524d1_comments__vs__5d17fd43a9_complex_style_attr_redline_ffed78e6e8.docx,with_comments_tracking/pdf/adc9f524d1_comments__vs__5d17fd43a9_complex_style_attr_redline_ffed78e6e8.pdf,with_comments_tracking,word_based,accept_all
ba3f04f252_sample_document_really_repaired_word_repaired__vs__d93f1dafca_sample_document_word_repair_of_our_output_iter2_redline_713774d8e1,with_comments_tracking/docx/ba3f04f252_sample_document_really_repaired_word_repaired,with_comments_tracking/docx/d93f1dafca_sample_document_word_repair_of_our_output_iter2,sample_document_really_repaired_word_repaired,sample_document_word_repair_of_our_output_iter2_word_repaired,with_comments_tracking/docx/ba3f04f252_sample_document_really_repaired_word_repaired__vs__d93f1dafca_sample_document_word_repair_of_our_output_iter2_redline_713774d8e1.docx,with_comments_tracking/pdf/ba3f04f252_sample_document_really_repaired_word_repaired__vs__d93f1dafca_sample_document_word_repair_of_our_output_iter2_redline_713774d8e1.pdf,with_comments_tracking,word_based,accept_all
cefef4e4f5_yellow_highlight_demo_id_paraid_overflow__vs__a391978591_yellow_highlight_italic_demo_style_default_missi_redline_aec80553e5,clean/docx/cefef4e4f5_yellow_highlight_demo_id_paraid_overflow,clean/docx/a391978591_yellow_highlight_italic_demo_style_default_missi,yellow_highlight_demo_id_paraid_overflow,yellow_highlight_italic_demo_style_default_missing,with_comments_tracking/docx/cefef4e4f5_yellow_highlight_demo_id_paraid_overflow__vs__a391978591_yellow_highlight_italic_demo_style_default_missi_redline_aec80553e5.docx,with_comments_tracking/pdf/cefef4e4f5_yellow_highlight_demo_id_paraid_overflow__vs__a391978591_yellow_highlight_italic_demo_style_default_missi_redline_aec80553e5.pdf,with_comments_tracking,word_based,accept_all
e1771b0063_word_tolerated_misplaced_uipriority__vs__cbb3bab843_word_tolerated_orphan_comment_redline_b41b6b3dec,clean/docx/e1771b0063_word_tolerated_misplaced_uipriority,with_comments_clean/docx/cbb3bab843_word_tolerated_orphan_comment,word_tolerated_misplaced_uipriority,word_tolerated_orphan_comment,with_comments_tracking/docx/e1771b0063_word_tolerated_misplaced_uipriority__vs__cbb3bab843_word_tolerated_orphan_comment_redline_b41b6b3dec.docx,with_comments_tracking/pdf/e1771b0063_word_tolerated_misplaced_uipriority__vs__cbb3bab843_word_tolerated_orphan_comment_redline_b41b6b3dec.pdf,with_comments_tracking,word_based,accept_all
e355cec096_small_font_size_demo_id_paraid_overflow__vs__60697d46b7_strict01_redline_0cd32d67b2,clean/docx/e355cec096_small_font_size_demo_id_paraid_overflow,with_comments_tracking/docx/60697d46b7_strict01,small_font_size_demo_id_paraid_overflow,Strict01,with_comments_tracking/docx/e355cec096_small_font_size_demo_id_paraid_overflow__vs__60697d46b7_strict01_redline_0cd32d67b2.docx,with_comments_tracking/pdf/e355cec096_small_font_size_demo_id_paraid_overflow__vs__60697d46b7_strict01_redline_0cd32d67b2.pdf,with_comments_tracking,word_based,accept_all
eb2f3c86b5_vfdsdfcacawesd_suggesting_mixed_edits__vs__cefef4e4f5_yellow_highlight_demo_id_paraid_overflow_redline_913d076e79,with_comments_tracking/docx/eb2f3c86b5_vfdsdfcacawesd_suggesting_mixed_edits,clean/docx/cefef4e4f5_yellow_highlight_demo_id_paraid_overflow,vfdsdfcacawesd_suggesting_mixed_edits,yellow_highlight_demo_id_paraid_overflow,with_comments_tracking/docx/eb2f3c86b5_vfdsdfcacawesd_suggesting_mixed_edits__vs__cefef4e4f5_yellow_highlight_demo_id_paraid_overflow_redline_913d076e79.docx,with_comments_tracking/pdf/eb2f3c86b5_vfdsdfcacawesd_suggesting_mixed_edits__vs__cefef4e4f5_yellow_highlight_demo_id_paraid_overflow_redline_913d076e79.pdf,with_comments_tracking,word_based,accept_all
ed6c82cead_word_tolerated_broken_media_rel__vs__8fb278cb36_word_tolerated_duplicate_ppr_redline_2ebbfc18b4,with_comments_clean/docx/ed6c82cead_word_tolerated_broken_media_rel,clean/docx/8fb278cb36_word_tolerated_duplicate_ppr,word_tolerated_broken_media_rel,word_tolerated_duplicate_ppr,with_comments_tracking/docx/ed6c82cead_word_tolerated_broken_media_rel__vs__8fb278cb36_word_tolerated_duplicate_ppr_redline_2ebbfc18b4.docx,with_comments_tracking/pdf/ed6c82cead_word_tolerated_broken_media_rel__vs__8fb278cb36_word_tolerated_duplicate_ppr_redline_2ebbfc18b4.pdf,with_comments_tracking,word_based,accept_all
053db61e03_file_198__vs__bf1e40dbc1_file_199_redline_323a1a1e2c,clean/docx/053db61e03_file_198,clean/docx/bf1e40dbc1_file_199,file_198,file_199,tracking_without_comments/docx/053db61e03_file_198__vs__bf1e40dbc1_file_199_redline_323a1a1e2c.docx,tracking_without_comments/pdf/053db61e03_file_198__vs__bf1e40dbc1_file_199_redline_323a1a1e2c.pdf,tracking_without_comments,word_based_randomized,accept_all
06a48012fc_file_166__vs__d60ccf445a_file_167_redline_9dcd445afd,clean/docx/06a48012fc_file_166,clean/docx/d60ccf445a_file_167,file_166,file_167,tracking_without_comments/docx/06a48012fc_file_166__vs__d60ccf445a_file_167_redline_9dcd445afd.docx,tracking_without_comments/pdf/06a48012fc_file_166__vs__d60ccf445a_file_167_redline_9dcd445afd.pdf,tracking_without_comments,word_based_randomized,accept_all
0935a8a24e_file_151__vs__f601de1855_file_152_redline_4376dca7a2,clean/docx/0935a8a24e_file_151,clean/docx/f601de1855_file_152,file_151,file_152,tracking_without_comments/docx/0935a8a24e_file_151__vs__f601de1855_file_152_redline_4376dca7a2.docx,tracking_without_comments/pdf/0935a8a24e_file_151__vs__f601de1855_file_152_redline_4376dca7a2.pdf,tracking_without_comments,word_based_randomized,accept_all
0b9cc47345_file_136__vs__049e83d7a7_file_137_redline_3fb014942a,clean/docx/0b9cc47345_file_136,clean/docx/049e83d7a7_file_137,file_136,file_137,tracking_without_comments/docx/0b9cc47345_file_136__vs__049e83d7a7_file_137_redline_3fb014942a.docx,tracking_without_comments/pdf/0b9cc47345_file_136__vs__049e83d7a7_file_137_redline_3fb014942a.pdf,tracking_without_comments,word_based_randomized,accept_all
13911cfdb9_file_49__vs__da2ab05f0b_file_50_redline_b821d8c23c,clean/docx/13911cfdb9_file_49,clean/docx/da2ab05f0b_file_50,file_49,file_50,tracking_without_comments/docx/13911cfdb9_file_49__vs__da2ab05f0b_file_50_redline_b821d8c23c.docx,tracking_without_comments/pdf/13911cfdb9_file_49__vs__da2ab05f0b_file_50_redline_b821d8c23c.pdf,tracking_without_comments,word_based_randomized,accept_all
15b6035cc0_file_171__vs__4492bbb1f8_file_172_redline_97aff69fd0,clean/docx/15b6035cc0_file_171,clean/docx/4492bbb1f8_file_172,file_171,file_172,tracking_without_comments/docx/15b6035cc0_file_171__vs__4492bbb1f8_file_172_redline_97aff69fd0.docx,tracking_without_comments/pdf/15b6035cc0_file_171__vs__4492bbb1f8_file_172_redline_97aff69fd0.pdf,tracking_without_comments,word_based_randomized,accept_all
16e831d01f_file_95__vs__e4e4a073e9_file_96_redline_d07bde3859,clean/docx/16e831d01f_file_95,clean/docx/e4e4a073e9_file_96,file_95,file_96,tracking_without_comments/docx/16e831d01f_file_95__vs__e4e4a073e9_file_96_redline_d07bde3859.docx,tracking_without_comments/pdf/16e831d01f_file_95__vs__e4e4a073e9_file_96_redline_d07bde3859.pdf,tracking_without_comments,word_based_randomized,accept_all
19a25c21ea_file_58__vs__bdafce6d1d_file_59_redline_227435d184,clean/docx/19a25c21ea_file_58,clean/docx/bdafce6d1d_file_59,file_58,file_59,tracking_without_comments/docx/19a25c21ea_file_58__vs__bdafce6d1d_file_59_redline_227435d184.docx,tracking_without_comments/pdf/19a25c21ea_file_58__vs__bdafce6d1d_file_59_redline_227435d184.pdf,tracking_without_comments,word_based_randomized,accept_all
2a9c68ed33_file_62__vs__060415914f_file_63_redline_913396304d,tracking_without_comments/docx/2a9c68ed33_file_62,tracking_without_comments/docx/060415914f_file_63,file_62,file_63,tracking_without_comments/docx/2a9c68ed33_file_62__vs__060415914f_file_63_redline_913396304d.docx,tracking_without_comments/pdf/2a9c68ed33_file_62__vs__060415914f_file_63_redline_913396304d.pdf,tracking_without_comments,word_based_randomized,accept_all
2bf4db734d_file_20__vs__080c4822ff_file_21_redline_98ebd05df6,clean/docx/2bf4db734d_file_20,clean/docx/080c4822ff_file_21,file_20,file_21,tracking_without_comments/docx/2bf4db734d_file_20__vs__080c4822ff_file_21_redline_98ebd05df6.docx,tracking_without_comments/pdf/2bf4db734d_file_20__vs__080c4822ff_file_21_redline_98ebd05df6.pdf,tracking_without_comments,word_based_randomized,accept_all
2d9166078a_file_24__vs__cec0607d40_file_25_redline_7a7dde5cc0,clean/docx/2d9166078a_file_24,clean/docx/cec0607d40_file_25,file_24,file_25,tracking_without_comments/docx/2d9166078a_file_24__vs__cec0607d40_file_25_redline_7a7dde5cc0.docx,tracking_without_comments/pdf/2d9166078a_file_24__vs__cec0607d40_file_25_redline_7a7dde5cc0.pdf,tracking_without_comments,word_based_randomized,accept_all
36223881e1_file_105__vs__591e5e7f06_file_106_redline_30c4725e56,clean/docx/36223881e1_file_105,clean/docx/591e5e7f06_file_106,file_105,file_106,tracking_without_comments/docx/36223881e1_file_105__vs__591e5e7f06_file_106_redline_30c4725e56.docx,tracking_without_comments/pdf/36223881e1_file_105__vs__591e5e7f06_file_106_redline_30c4725e56.pdf,tracking_without_comments,word_based_randomized,accept_all
3f9e57ae11_file_156__vs__6f510caeea_file_157_redline_b98c8775af,clean/docx/3f9e57ae11_file_156,tracking_without_comments/docx/6f510caeea_file_157,file_156,file_157,tracking_without_comments/docx/3f9e57ae11_file_156__vs__6f510caeea_file_157_redline_b98c8775af.docx,tracking_without_comments/pdf/3f9e57ae11_file_156__vs__6f510caeea_file_157_redline_b98c8775af.pdf,tracking_without_comments,word_based_randomized,accept_all
43e6fedf3f_file_148__vs__565f0a0e94_file_149_redline_f0e3ada4ca,clean/docx/43e6fedf3f_file_148,clean/docx/565f0a0e94_file_149,file_148,file_149,tracking_without_comments/docx/43e6fedf3f_file_148__vs__565f0a0e94_file_149_redline_f0e3ada4ca.docx,tracking_without_comments/pdf/43e6fedf3f_file_148__vs__565f0a0e94_file_149_redline_f0e3ada4ca.pdf,tracking_without_comments,word_based_randomized,accept_all
47400ffd33_file_127__vs__d62736ce40_file_128_redline_dd25a44caf,tracking_without_comments/docx/47400ffd33_file_127,tracking_without_comments/docx/d62736ce40_file_128,file_127,file_128,tracking_without_comments/docx/47400ffd33_file_127__vs__d62736ce40_file_128_redline_dd25a44caf.docx,tracking_without_comments/pdf/47400ffd33_file_127__vs__d62736ce40_file_128_redline_dd25a44caf.pdf,tracking_without_comments,word_based_randomized,accept_all
4fb2440e08_file_139__vs__e137a3db25_file_140_redline_68ffcb7c55,clean/docx/4fb2440e08_file_139,clean/docx/e137a3db25_file_140,file_139,file_140,tracking_without_comments/docx/4fb2440e08_file_139__vs__e137a3db25_file_140_redline_68ffcb7c55.docx,tracking_without_comments/pdf/4fb2440e08_file_139__vs__e137a3db25_file_140_redline_68ffcb7c55.pdf,tracking_without_comments,word_based_randomized,accept_all
5320da1b60_file_30__vs__c7190b3adc_file_31_redline_ce75c31472,clean/docx/5320da1b60_file_30,clean/docx/c7190b3adc_file_31,file_30,file_31,tracking_without_comments/docx/5320da1b60_file_30__vs__c7190b3adc_file_31_redline_ce75c31472.docx,tracking_without_comments/pdf/5320da1b60_file_30__vs__c7190b3adc_file_31_redline_ce75c31472.pdf,tracking_without_comments,word_based_randomized,accept_all
578897b374_file_56__vs__834c9f9f35_file_57_redline_3584203d14,clean/docx/578897b374_file_56,clean/docx/834c9f9f35_file_57,file_56,file_57,tracking_without_comments/docx/578897b374_file_56__vs__834c9f9f35_file_57_redline_3584203d14.docx,tracking_without_comments/pdf/578897b374_file_56__vs__834c9f9f35_file_57_redline_3584203d14.pdf,tracking_without_comments,word_based_randomized,accept_all
58d11506a5_file_64__vs__f394f45ba5_file_65_redline_e07ede4023,clean/docx/58d11506a5_file_64,clean/docx/f394f45ba5_file_65,file_64,file_65,tracking_without_comments/docx/58d11506a5_file_64__vs__f394f45ba5_file_65_redline_e07ede4023.docx,tracking_without_comments/pdf/58d11506a5_file_64__vs__f394f45ba5_file_65_redline_e07ede4023.pdf,tracking_without_comments,word_based_randomized,accept_all
5900cc12ca_file_29__vs__5320da1b60_file_30_redline_2943d4098b,clean/docx/5900cc12ca_file_29,clean/docx/5320da1b60_file_30,file_29,file_30,tracking_without_comments/docx/5900cc12ca_file_29__vs__5320da1b60_file_30_redline_2943d4098b.docx,tracking_without_comments/pdf/5900cc12ca_file_29__vs__5320da1b60_file_30_redline_2943d4098b.pdf,tracking_without_comments,word_based_randomized,accept_all
591e5e7f06_file_106__vs__9de8d635f0_file_107_redline_bd17d03043,clean/docx/591e5e7f06_file_106,clean/docx/9de8d635f0_file_107,file_106,file_107,tracking_without_comments/docx/591e5e7f06_file_106__vs__9de8d635f0_file_107_redline_bd17d03043.docx,tracking_without_comments/pdf/591e5e7f06_file_106__vs__9de8d635f0_file_107_redline_bd17d03043.pdf,tracking_without_comments,word_based_randomized,accept_all
5bde480834_file_112__vs__ae5f2d61d5_file_113_redline_3eaf131a58,clean/docx/5bde480834_file_112,clean/docx/ae5f2d61d5_file_113,file_112,file_113,tracking_without_comments/docx/5bde480834_file_112__vs__ae5f2d61d5_file_113_redline_3eaf131a58.docx,tracking_without_comments/pdf/5bde480834_file_112__vs__ae5f2d61d5_file_113_redline_3eaf131a58.pdf,tracking_without_comments,word_based_randomized,accept_all
5e1297a308_file_55__vs__578897b374_file_56_redline_3f66bd08f7,clean/docx/5e1297a308_file_55,clean/docx/578897b374_file_56,file_55,file_56,tracking_without_comments/docx/5e1297a308_file_55__vs__578897b374_file_56_redline_3f66bd08f7.docx,tracking_without_comments/pdf/5e1297a308_file_55__vs__578897b374_file_56_redline_3f66bd08f7.pdf,tracking_without_comments,word_based_randomized,accept_all
62d3dce03b_file_110__vs__d426359dd9_file_111_redline_9c7d0d77b2,tracking_without_comments/docx/62d3dce03b_file_110,clean/docx/d426359dd9_file_111,file_110,file_111,tracking_without_comments/docx/62d3dce03b_file_110__vs__d426359dd9_file_111_redline_9c7d0d77b2.docx,tracking_without_comments/pdf/62d3dce03b_file_110__vs__d426359dd9_file_111_redline_9c7d0d77b2.pdf,tracking_without_comments,word_based_randomized,accept_all
66b0a9112c_file_165__vs__06a48012fc_file_166_redline_5d87b818ea,clean/docx/66b0a9112c_file_165,clean/docx/06a48012fc_file_166,file_165,file_166,tracking_without_comments/docx/66b0a9112c_file_165__vs__06a48012fc_file_166_redline_5d87b818ea.docx,tracking_without_comments/pdf/66b0a9112c_file_165__vs__06a48012fc_file_166_redline_5d87b818ea.pdf,tracking_without_comments,word_based_randomized,accept_all
69bfcf9176_file_163__vs__9082a99ee8_file_164_redline_d1d56e8926,clean/docx/69bfcf9176_file_163,clean/docx/9082a99ee8_file_164,file_163,file_164,tracking_without_comments/docx/69bfcf9176_file_163__vs__9082a99ee8_file_164_redline_d1d56e8926.docx,tracking_without_comments/pdf/69bfcf9176_file_163__vs__9082a99ee8_file_164_redline_d1d56e8926.pdf,tracking_without_comments,word_based_randomized,accept_all
6f02029e99_file_134__vs__053656fac9_file_135_redline_2044656db2,clean/docx/6f02029e99_file_134,clean/docx/053656fac9_file_135,file_134,file_135,tracking_without_comments/docx/6f02029e99_file_134__vs__053656fac9_file_135_redline_2044656db2.docx,tracking_without_comments/pdf/6f02029e99_file_134__vs__053656fac9_file_135_redline_2044656db2.pdf,tracking_without_comments,word_based_randomized,accept_all
6f510caeea_file_157__vs__8ef32902e8_file_158_redline_9d26556a7f,tracking_without_comments/docx/6f510caeea_file_157,clean/docx/8ef32902e8_file_158,file_157,file_158,tracking_without_comments/docx/6f510caeea_file_157__vs__8ef32902e8_file_158_redline_9d26556a7f.docx,tracking_without_comments/pdf/6f510caeea_file_157__vs__8ef32902e8_file_158_redline_9d26556a7f.pdf,tracking_without_comments,word_based_randomized,accept_all
7226967373_file_23__vs__2d9166078a_file_24_redline_30c1fd702b,clean/docx/7226967373_file_23,clean/docx/2d9166078a_file_24,file_23,file_24,tracking_without_comments/docx/7226967373_file_23__vs__2d9166078a_file_24_redline_30c1fd702b.docx,tracking_without_comments/pdf/7226967373_file_23__vs__2d9166078a_file_24_redline_30c1fd702b.pdf,tracking_without_comments,word_based_randomized,accept_all
7e77c2f888_file_120__vs__525c779243_file_121_redline_0e99767f9f,clean/docx/7e77c2f888_file_120,clean/docx/525c779243_file_121,file_120,file_121,tracking_without_comments/docx/7e77c2f888_file_120__vs__525c779243_file_121_redline_0e99767f9f.docx,tracking_without_comments/pdf/7e77c2f888_file_120__vs__525c779243_file_121_redline_0e99767f9f.pdf,tracking_without_comments,word_based_randomized,accept_all
7fd9abba03_file_87__vs__faa7c6b110_file_88_redline_ca6a6ce057,clean/docx/7fd9abba03_file_87,clean/docx/faa7c6b110_file_88,file_87,file_88,tracking_without_comments/docx/7fd9abba03_file_87__vs__faa7c6b110_file_88_redline_ca6a6ce057.docx,tracking_without_comments/pdf/7fd9abba03_file_87__vs__faa7c6b110_file_88_redline_ca6a6ce057.pdf,tracking_without_comments,word_based_randomized,accept_all
852426b54e_file_194__vs__08147dee09_file_195_redline_077e0aba23,clean/docx/852426b54e_file_194,clean/docx/08147dee09_file_195,file_194,file_195,tracking_without_comments/docx/852426b54e_file_194__vs__08147dee09_file_195_redline_077e0aba23.docx,tracking_without_comments/pdf/852426b54e_file_194__vs__08147dee09_file_195_redline_077e0aba23.pdf,tracking_without_comments,word_based_randomized,accept_all
878549f8f2_file_193__vs__852426b54e_file_194_redline_809cf47e76,clean/docx/878549f8f2_file_193,clean/docx/852426b54e_file_194,file_193,file_194,tracking_without_comments/docx/878549f8f2_file_193__vs__852426b54e_file_194_redline_809cf47e76.docx,tracking_without_comments/pdf/878549f8f2_file_193__vs__852426b54e_file_194_redline_809cf47e76.pdf,tracking_without_comments,word_based_randomized,accept_all
88c08cf1dc_file_81__vs__4bceaacd42_file_82_redline_4b13abafce,clean/docx/88c08cf1dc_file_81,clean/docx/4bceaacd42_file_82,file_81,file_82,tracking_without_comments/docx/88c08cf1dc_file_81__vs__4bceaacd42_file_82_redline_4b13abafce.docx,tracking_without_comments/pdf/88c08cf1dc_file_81__vs__4bceaacd42_file_82_redline_4b13abafce.pdf,tracking_without_comments,word_based_randomized,accept_all
8c79860f8d_file_75__vs__d87d0dd9a8_file_76_redline_0ba672f125,clean/docx/8c79860f8d_file_75,clean/docx/d87d0dd9a8_file_76,file_75,file_76,tracking_without_comments/docx/8c79860f8d_file_75__vs__d87d0dd9a8_file_76_redline_0ba672f125.docx,tracking_without_comments/pdf/8c79860f8d_file_75__vs__d87d0dd9a8_file_76_redline_0ba672f125.pdf,tracking_without_comments,word_based_randomized,accept_all
9082a99ee8_file_164__vs__66b0a9112c_file_165_redline_5ffff64469,clean/docx/9082a99ee8_file_164,clean/docx/66b0a9112c_file_165,file_164,file_165,tracking_without_comments/docx/9082a99ee8_file_164__vs__66b0a9112c_file_165_redline_5ffff64469.docx,tracking_without_comments/pdf/9082a99ee8_file_164__vs__66b0a9112c_file_165_redline_5ffff64469.pdf,tracking_without_comments,word_based_randomized,accept_all
91b2b8bb84_file_71__vs__a9f3a3c647_file_72_redline_5941088ae7,clean/docx/91b2b8bb84_file_71,clean/docx/a9f3a3c647_file_72,file_71,file_72,tracking_without_comments/docx/91b2b8bb84_file_71__vs__a9f3a3c647_file_72_redline_5941088ae7.docx,tracking_without_comments/pdf/91b2b8bb84_file_71__vs__a9f3a3c647_file_72_redline_5941088ae7.pdf,tracking_without_comments,word_based_randomized,accept_all
9224b22b43_file_1__vs__c9154561dc_file_2_redline_94855b04ab,clean/docx/9224b22b43_file_1,clean/docx/c9154561dc_file_2,file_1,file_2,tracking_without_comments/docx/9224b22b43_file_1__vs__c9154561dc_file_2_redline_94855b04ab.docx,tracking_without_comments/pdf/9224b22b43_file_1__vs__c9154561dc_file_2_redline_94855b04ab.pdf,tracking_without_comments,word_based_randomized,accept_all
9960c72d3d_file_44__vs__ecba8d5b3b_file_45_redline_22c0cf3478,tracking_without_comments/docx/9960c72d3d_file_44,clean/docx/ecba8d5b3b_file_45,file_44,file_45,tracking_without_comments/docx/9960c72d3d_file_44__vs__ecba8d5b3b_file_45_redline_22c0cf3478.docx,tracking_without_comments/pdf/9960c72d3d_file_44__vs__ecba8d5b3b_file_45_redline_22c0cf3478.pdf,tracking_without_comments,word_based_randomized,accept_all
9c0dd6b3f6_file_147__vs__43e6fedf3f_file_148_redline_47de2f6a82,clean/docx/9c0dd6b3f6_file_147,clean/docx/43e6fedf3f_file_148,file_147,file_148,tracking_without_comments/docx/9c0dd6b3f6_file_147__vs__43e6fedf3f_file_148_redline_47de2f6a82.docx,tracking_without_comments/pdf/9c0dd6b3f6_file_147__vs__43e6fedf3f_file_148_redline_47de2f6a82.pdf,tracking_without_comments,word_based_randomized,accept_all
9d2146095f_file_80__vs__88c08cf1dc_file_81_redline_36011882a9,clean/docx/9d2146095f_file_80,clean/docx/88c08cf1dc_file_81,file_80,file_81,tracking_without_comments/docx/9d2146095f_file_80__vs__88c08cf1dc_file_81_redline_36011882a9.docx,tracking_without_comments/pdf/9d2146095f_file_80__vs__88c08cf1dc_file_81_redline_36011882a9.pdf,tracking_without_comments,word_based_randomized,accept_all
a0d5729906_file_91__vs__6afafe50fd_file_92_redline_e03776b9d3,clean/docx/a0d5729906_file_91,clean/docx/6afafe50fd_file_92,file_91,file_92,tracking_without_comments/docx/a0d5729906_file_91__vs__6afafe50fd_file_92_redline_e03776b9d3.docx,tracking_without_comments/pdf/a0d5729906_file_91__vs__6afafe50fd_file_92_redline_e03776b9d3.pdf,tracking_without_comments,word_based_randomized,accept_all
a3586d71f8_file_177__vs__421f2efe62_file_178_redline_868594fcae,clean/docx/a3586d71f8_file_177,clean/docx/421f2efe62_file_178,file_177,file_178,tracking_without_comments/docx/a3586d71f8_file_177__vs__421f2efe62_file_178_redline_868594fcae.docx,tracking_without_comments/pdf/a3586d71f8_file_177__vs__421f2efe62_file_178_redline_868594fcae.pdf,tracking_without_comments,word_based_randomized,accept_all
a46b602ff5_file_33__vs__d8eda36137_file_34_redline_9fd20a9e99,clean/docx/a46b602ff5_file_33,clean/docx/d8eda36137_file_34,file_33,file_34,tracking_without_comments/docx/a46b602ff5_file_33__vs__d8eda36137_file_34_redline_9fd20a9e99.docx,tracking_without_comments/pdf/a46b602ff5_file_33__vs__d8eda36137_file_34_redline_9fd20a9e99.pdf,tracking_without_comments,word_based_randomized,accept_all
aeba435bbd_file_133__vs__6f02029e99_file_134_redline_3e4b94de41,tracking_without_comments/docx/aeba435bbd_file_133,clean/docx/6f02029e99_file_134,file_133,file_134,tracking_without_comments/docx/aeba435bbd_file_133__vs__6f02029e99_file_134_redline_3e4b94de41.docx,tracking_without_comments/pdf/aeba435bbd_file_133__vs__6f02029e99_file_134_redline_3e4b94de41.pdf,tracking_without_comments,word_based_randomized,accept_all
b0dd9fa902_file_154__vs__0fca4cca5b_file_155_redline_c7f84b83d2,clean/docx/b0dd9fa902_file_154,clean/docx/0fca4cca5b_file_155,file_154,file_155,tracking_without_comments/docx/b0dd9fa902_file_154__vs__0fca4cca5b_file_155_redline_c7f84b83d2.docx,tracking_without_comments/pdf/b0dd9fa902_file_154__vs__0fca4cca5b_file_155_redline_c7f84b83d2.pdf,tracking_without_comments,word_based_randomized,accept_all
b126641535_file_46__vs__3b5c01bae4_file_47_redline_0244dddfe6,clean/docx/b126641535_file_46,clean/docx/3b5c01bae4_file_47,file_46,file_47,tracking_without_comments/docx/b126641535_file_46__vs__3b5c01bae4_file_47_redline_0244dddfe6.docx,tracking_without_comments/pdf/b126641535_file_46__vs__3b5c01bae4_file_47_redline_0244dddfe6.pdf,tracking_without_comments,word_based_randomized,accept_all
b5e2c1faa0_file_93__vs__6cac26f95c_file_94_redline_e9f3bae698,clean/docx/b5e2c1faa0_file_93,clean/docx/6cac26f95c_file_94,file_93,file_94,tracking_without_comments/docx/b5e2c1faa0_file_93__vs__6cac26f95c_file_94_redline_e9f3bae698.docx,tracking_without_comments/pdf/b5e2c1faa0_file_93__vs__6cac26f95c_file_94_redline_e9f3bae698.pdf,tracking_without_comments,word_based_randomized,accept_all
bdafce6d1d_file_59__vs__8c3cb2e7dd_file_60_redline_77551033aa,clean/docx/bdafce6d1d_file_59,clean/docx/8c3cb2e7dd_file_60,file_59,file_60,tracking_without_comments/docx/bdafce6d1d_file_59__vs__8c3cb2e7dd_file_60_redline_77551033aa.docx,tracking_without_comments/pdf/bdafce6d1d_file_59__vs__8c3cb2e7dd_file_60_redline_77551033aa.pdf,tracking_without_comments,word_based_randomized,accept_all
c500e0081f_file_101__vs__dd36ffac72_file_102_redline_3df53b0ca5,clean/docx/c500e0081f_file_101,clean/docx/dd36ffac72_file_102,file_101,file_102,tracking_without_comments/docx/c500e0081f_file_101__vs__dd36ffac72_file_102_redline_3df53b0ca5.docx,tracking_without_comments/pdf/c500e0081f_file_101__vs__dd36ffac72_file_102_redline_3df53b0ca5.pdf,tracking_without_comments,word_based_randomized,accept_all
c7dbacb26a_file_37__vs__fdaf71bd6b_file_38_redline_2aac0941a3,clean/docx/c7dbacb26a_file_37,clean/docx/fdaf71bd6b_file_38,file_37,file_38,tracking_without_comments/docx/c7dbacb26a_file_37__vs__fdaf71bd6b_file_38_redline_2aac0941a3.docx,tracking_without_comments/pdf/c7dbacb26a_file_37__vs__fdaf71bd6b_file_38_redline_2aac0941a3.pdf,tracking_without_comments,word_based_randomized,accept_all
c9154561dc_file_2__vs__f8cb67d689_file_3_redline_6e27462b3a,clean/docx/c9154561dc_file_2,clean/docx/f8cb67d689_file_3,file_2,file_3,tracking_without_comments/docx/c9154561dc_file_2__vs__f8cb67d689_file_3_redline_6e27462b3a.docx,tracking_without_comments/pdf/c9154561dc_file_2__vs__f8cb67d689_file_3_redline_6e27462b3a.pdf,tracking_without_comments,word_based_randomized,accept_all
cc82deb093_file_144__vs__8138a2180b_file_145_redline_efd298862f,clean/docx/cc82deb093_file_144,clean/docx/8138a2180b_file_145,file_144,file_145,tracking_without_comments/docx/cc82deb093_file_144__vs__8138a2180b_file_145_redline_efd298862f.docx,tracking_without_comments/pdf/cc82deb093_file_144__vs__8138a2180b_file_145_redline_efd298862f.pdf,tracking_without_comments,word_based_randomized,accept_all
d60ccf445a_file_167__vs__d4649ec2db_file_168_redline_ba803b83fd,clean/docx/d60ccf445a_file_167,clean/docx/d4649ec2db_file_168,file_167,file_168,tracking_without_comments/docx/d60ccf445a_file_167__vs__d4649ec2db_file_168_redline_ba803b83fd.docx,tracking_without_comments/pdf/d60ccf445a_file_167__vs__d4649ec2db_file_168_redline_ba803b83fd.pdf,tracking_without_comments,word_based_randomized,accept_all
d62736ce40_file_128__vs__f4faa3ad63_file_129_redline_95226ea1b7,tracking_without_comments/docx/d62736ce40_file_128,clean/docx/f4faa3ad63_file_129,file_128,file_129,tracking_without_comments/docx/d62736ce40_file_128__vs__f4faa3ad63_file_129_redline_95226ea1b7.docx,tracking_without_comments/pdf/d62736ce40_file_128__vs__f4faa3ad63_file_129_redline_95226ea1b7.pdf,tracking_without_comments,word_based_randomized,accept_all
d87d0dd9a8_file_76__vs__68526de79b_file_77_redline_cf7f535435,clean/docx/d87d0dd9a8_file_76,clean/docx/68526de79b_file_77,file_76,file_77,tracking_without_comments/docx/d87d0dd9a8_file_76__vs__68526de79b_file_77_redline_cf7f535435.docx,tracking_without_comments/pdf/d87d0dd9a8_file_76__vs__68526de79b_file_77_redline_cf7f535435.pdf,tracking_without_comments,word_based_randomized,accept_all
d8eda36137_file_34__vs__af5e239443_file_35_redline_e73979ff6b,clean/docx/d8eda36137_file_34,clean/docx/af5e239443_file_35,file_34,file_35,tracking_without_comments/docx/d8eda36137_file_34__vs__af5e239443_file_35_redline_e73979ff6b.docx,tracking_without_comments/pdf/d8eda36137_file_34__vs__af5e239443_file_35_redline_e73979ff6b.pdf,tracking_without_comments,word_based_randomized,accept_all
d8f8e09b6e_file_125__vs__1ea717ddd6_file_126_redline_0389c885c1,clean/docx/d8f8e09b6e_file_125,clean/docx/1ea717ddd6_file_126,file_125,file_126,tracking_without_comments/docx/d8f8e09b6e_file_125__vs__1ea717ddd6_file_126_redline_0389c885c1.docx,tracking_without_comments/pdf/d8f8e09b6e_file_125__vs__1ea717ddd6_file_126_redline_0389c885c1.pdf,tracking_without_comments,word_based_randomized,accept_all
da2ab05f0b_file_50__vs__583fd6d9cb_file_51_redline_fa10b51c93,clean/docx/da2ab05f0b_file_50,clean/docx/583fd6d9cb_file_51,file_50,file_51,tracking_without_comments/docx/da2ab05f0b_file_50__vs__583fd6d9cb_file_51_redline_fa10b51c93.docx,tracking_without_comments/pdf/da2ab05f0b_file_50__vs__583fd6d9cb_file_51_redline_fa10b51c93.pdf,tracking_without_comments,word_based_randomized,accept_all
e4e4a073e9_file_96__vs__60ba9c3639_file_97_redline_e971cdec2e,clean/docx/e4e4a073e9_file_96,clean/docx/60ba9c3639_file_97,file_96,file_97,tracking_without_comments/docx/e4e4a073e9_file_96__vs__60ba9c3639_file_97_redline_e971cdec2e.docx,tracking_without_comments/pdf/e4e4a073e9_file_96__vs__60ba9c3639_file_97_redline_e971cdec2e.pdf,tracking_without_comments,word_based_randomized,accept_all
e69c316f39_file_179__vs__b3974bcc7b_file_180_redline_0f291ac37f,clean/docx/e69c316f39_file_179,clean/docx/b3974bcc7b_file_180,file_179,file_180,tracking_without_comments/docx/e69c316f39_file_179__vs__b3974bcc7b_file_180_redline_0f291ac37f.docx,tracking_without_comments/pdf/e69c316f39_file_179__vs__b3974bcc7b_file_180_redline_0f291ac37f.pdf,tracking_without_comments,word_based_randomized,accept_all
edfaa23563_file_181__vs__0728d64a65_file_182_redline_04dbb28f62,clean/docx/edfaa23563_file_181,tracking_without_comments/docx/0728d64a65_file_182,file_181,file_182,tracking_without_comments/docx/edfaa23563_file_181__vs__0728d64a65_file_182_redline_04dbb28f62.docx,tracking_without_comments/pdf/edfaa23563_file_181__vs__0728d64a65_file_182_redline_04dbb28f62.pdf,tracking_without_comments,word_based_randomized,accept_all
f152875ca2_file_109__vs__62d3dce03b_file_110_redline_ea7dce4f45,clean/docx/f152875ca2_file_109,tracking_without_comments/docx/62d3dce03b_file_110,file_109,file_110,tracking_without_comments/docx/f152875ca2_file_109__vs__62d3dce03b_file_110_redline_ea7dce4f45.docx,tracking_without_comments/pdf/f152875ca2_file_109__vs__62d3dce03b_file_110_redline_ea7dce4f45.pdf,tracking_without_comments,word_based_randomized,accept_all
f394f45ba5_file_65__vs__95ff51154c_file_66_redline_f8a8fc8808,clean/docx/f394f45ba5_file_65,clean/docx/95ff51154c_file_66,file_65,file_66,tracking_without_comments/docx/f394f45ba5_file_65__vs__95ff51154c_file_66_redline_f8a8fc8808.docx,tracking_without_comments/pdf/f394f45ba5_file_65__vs__95ff51154c_file_66_redline_f8a8fc8808.pdf,tracking_without_comments,word_based_randomized,accept_all
f601de1855_file_152__vs__746ad2b7f6_file_153_redline_49ed3281ea,clean/docx/f601de1855_file_152,clean/docx/746ad2b7f6_file_153,file_152,file_153,tracking_without_comments/docx/f601de1855_file_152__vs__746ad2b7f6_file_153_redline_49ed3281ea.docx,tracking_without_comments/pdf/f601de1855_file_152__vs__746ad2b7f6_file_153_redline_49ed3281ea.pdf,tracking_without_comments,word_based_randomized,accept_all
f8f7ed1dc0_file_4__vs__82ee7342fd_file_5_redline_f0337eb8fa,clean/docx/f8f7ed1dc0_file_4,clean/docx/82ee7342fd_file_5,file_4,file_5,tracking_without_comments/docx/f8f7ed1dc0_file_4__vs__82ee7342fd_file_5_redline_f0337eb8fa.docx,tracking_without_comments/pdf/f8f7ed1dc0_file_4__vs__82ee7342fd_file_5_redline_f0337eb8fa.pdf,tracking_without_comments,word_based_randomized,accept_all
fa962f4b9d_file_79__vs__9d2146095f_file_80_redline_6169b89c33,clean/docx/fa962f4b9d_file_79,clean/docx/9d2146095f_file_80,file_79,file_80,tracking_without_comments/docx/fa962f4b9d_file_79__vs__9d2146095f_file_80_redline_6169b89c33.docx,tracking_without_comments/pdf/fa962f4b9d_file_79__vs__9d2146095f_file_80_redline_6169b89c33.pdf,tracking_without_comments,word_based_randomized,accept_all
fad179ac0c_file_85__vs__16c15842ae_file_86_redline_049b6411ab,clean/docx/fad179ac0c_file_85,clean/docx/16c15842ae_file_86,file_85,file_86,tracking_without_comments/docx/fad179ac0c_file_85__vs__16c15842ae_file_86_redline_049b6411ab.docx,tracking_without_comments/pdf/fad179ac0c_file_85__vs__16c15842ae_file_86_redline_049b6411ab.pdf,tracking_without_comments,word_based_randomized,accept_all
0483e899af_file_143__vs__cc82deb093_file_144_redline_428f3f3022,with_comments_tracking/docx/0483e899af_file_143,clean/docx/cc82deb093_file_144,file_143,file_144,with_comments_tracking/docx/0483e899af_file_143__vs__cc82deb093_file_144_redline_428f3f3022.docx,with_comments_tracking/pdf/0483e899af_file_143__vs__cc82deb093_file_144_redline_428f3f3022.pdf,with_comments_tracking,word_based_randomized,accept_all
08147dee09_file_195__vs__c09b14fcd7_file_196_redline_1edc0f56f4,clean/docx/08147dee09_file_195,with_comments_tracking/docx/c09b14fcd7_file_196,file_195,file_196,with_comments_tracking/docx/08147dee09_file_195__vs__c09b14fcd7_file_196_redline_1edc0f56f4.docx,with_comments_tracking/pdf/08147dee09_file_195__vs__c09b14fcd7_file_196_redline_1edc0f56f4.pdf,with_comments_tracking,word_based_randomized,accept_all
0aa6426932_file_114__vs__ab85c77154_file_115_redline_f7bbf6e831,clean/docx/0aa6426932_file_114,with_comments_tracking/docx/ab85c77154_file_115,file_114,file_115,with_comments_tracking/docx/0aa6426932_file_114__vs__ab85c77154_file_115_redline_f7bbf6e831.docx,with_comments_tracking/pdf/0aa6426932_file_114__vs__ab85c77154_file_115_redline_f7bbf6e831.pdf,with_comments_tracking,word_based_randomized,accept_all
13ea153d22_file_174__vs__66dcec3e49_file_175_redline_301e236134,clean/docx/13ea153d22_file_174,with_comments_tracking/docx/66dcec3e49_file_175,file_174,file_175,with_comments_tracking/docx/13ea153d22_file_174__vs__66dcec3e49_file_175_redline_301e236134.docx,with_comments_tracking/pdf/13ea153d22_file_174__vs__66dcec3e49_file_175_redline_301e236134.pdf,with_comments_tracking,word_based_randomized,accept_all
1547c5df73_file_130__vs__df097720f7_file_131_redline_e4df2c199d,clean/docx/1547c5df73_file_130,with_comments_clean/docx/df097720f7_file_131,file_130,file_131,with_comments_tracking/docx/1547c5df73_file_130__vs__df097720f7_file_131_redline_e4df2c199d.docx,with_comments_tracking/pdf/1547c5df73_file_130__vs__df097720f7_file_131_redline_e4df2c199d.pdf,with_comments_tracking,word_based_randomized,accept_all
1e212fbfdc_file_122__vs__85692b483f_file_123_redline_2ba84d60d1,clean/docx/1e212fbfdc_file_122,with_comments_clean/docx/85692b483f_file_123,file_122,file_123,with_comments_tracking/docx/1e212fbfdc_file_122__vs__85692b483f_file_123_redline_2ba84d60d1.docx,with_comments_tracking/pdf/1e212fbfdc_file_122__vs__85692b483f_file_123_redline_2ba84d60d1.pdf,with_comments_tracking,word_based_randomized,accept_all
26ccb443f6_file_11__vs__799980e6af_file_12_redline_69e44ac125,clean/docx/26ccb443f6_file_11,with_comments_clean/docx/799980e6af_file_12,file_11,file_12,with_comments_tracking/docx/26ccb443f6_file_11__vs__799980e6af_file_12_redline_69e44ac125.docx,with_comments_tracking/pdf/26ccb443f6_file_11__vs__799980e6af_file_12_redline_69e44ac125.pdf,with_comments_tracking,word_based_randomized,accept_all
4304570867_file_69__vs__af2bb3fa96_file_70_redline_3dac82f40a,with_comments_tracking/docx/4304570867_file_69,clean/docx/af2bb3fa96_file_70,file_69,file_70,with_comments_tracking/docx/4304570867_file_69__vs__af2bb3fa96_file_70_redline_3dac82f40a.docx,with_comments_tracking/pdf/4304570867_file_69__vs__af2bb3fa96_file_70_redline_3dac82f40a.pdf,with_comments_tracking,word_based_randomized,accept_all
4492bbb1f8_file_172__vs__838af02d11_file_173_redline_ffcb9d33c5,clean/docx/4492bbb1f8_file_172,with_comments_clean/docx/838af02d11_file_173,file_172,file_173,with_comments_tracking/docx/4492bbb1f8_file_172__vs__838af02d11_file_173_redline_ffcb9d33c5.docx,with_comments_tracking/pdf/4492bbb1f8_file_172__vs__838af02d11_file_173_redline_ffcb9d33c5.pdf,with_comments_tracking,word_based_randomized,accept_all
66e70631fb_file_188__vs__70584b4a0e_file_189_redline_6bf1e10a91,with_comments_tracking/docx/66e70631fb_file_188,clean/docx/70584b4a0e_file_189,file_188,file_189,with_comments_tracking/docx/66e70631fb_file_188__vs__70584b4a0e_file_189_redline_6bf1e10a91.docx,with_comments_tracking/pdf/66e70631fb_file_188__vs__70584b4a0e_file_189_redline_6bf1e10a91.pdf,with_comments_tracking,word_based_randomized,accept_all
68526de79b_file_77__vs__7476f5fbb1_file_78_redline_822ad81a4c,clean/docx/68526de79b_file_77,with_comments_tracking/docx/7476f5fbb1_file_78,file_77,file_78,with_comments_tracking/docx/68526de79b_file_77__vs__7476f5fbb1_file_78_redline_822ad81a4c.docx,with_comments_tracking/pdf/68526de79b_file_77__vs__7476f5fbb1_file_78_redline_822ad81a4c.pdf,with_comments_tracking,word_based_randomized,accept_all
6b0acda259_file_73__vs__bd768e6c17_file_74_redline_d392f01661,clean/docx/6b0acda259_file_73,with_comments_tracking/docx/bd768e6c17_file_74,file_73,file_74,with_comments_tracking/docx/6b0acda259_file_73__vs__bd768e6c17_file_74_redline_d392f01661.docx,with_comments_tracking/pdf/6b0acda259_file_73__vs__bd768e6c17_file_74_redline_d392f01661.pdf,with_comments_tracking,word_based_randomized,accept_all
7476f5fbb1_file_78__vs__fa962f4b9d_file_79_redline_3a7ca36d5f,with_comments_tracking/docx/7476f5fbb1_file_78,clean/docx/fa962f4b9d_file_79,file_78,file_79,with_comments_tracking/docx/7476f5fbb1_file_78__vs__fa962f4b9d_file_79_redline_3a7ca36d5f.docx,with_comments_tracking/pdf/7476f5fbb1_file_78__vs__fa962f4b9d_file_79_redline_3a7ca36d5f.pdf,with_comments_tracking,word_based_randomized,accept_all
799980e6af_file_12__vs__2bd5ae6064_file_13_redline_612a3c24fa,with_comments_clean/docx/799980e6af_file_12,clean/docx/2bd5ae6064_file_13,file_12,file_13,with_comments_tracking/docx/799980e6af_file_12__vs__2bd5ae6064_file_13_redline_612a3c24fa.docx,with_comments_tracking/pdf/799980e6af_file_12__vs__2bd5ae6064_file_13_redline_612a3c24fa.pdf,with_comments_tracking,word_based_randomized,accept_all
812c0181d7_file_68__vs__4304570867_file_69_redline_b83c047cac,clean/docx/812c0181d7_file_68,with_comments_tracking/docx/4304570867_file_69,file_68,file_69,with_comments_tracking/docx/812c0181d7_file_68__vs__4304570867_file_69_redline_b83c047cac.docx,with_comments_tracking/pdf/812c0181d7_file_68__vs__4304570867_file_69_redline_b83c047cac.pdf,with_comments_tracking,word_based_randomized,accept_all
830eb0f0a2_file_169__vs__bc85714262_file_170_redline_b9beefb7de,clean/docx/830eb0f0a2_file_169,with_comments_tracking/docx/bc85714262_file_170,file_169,file_170,with_comments_tracking/docx/830eb0f0a2_file_169__vs__bc85714262_file_170_redline_b9beefb7de.docx,with_comments_tracking/pdf/830eb0f0a2_file_169__vs__bc85714262_file_170_redline_b9beefb7de.pdf,with_comments_tracking,word_based_randomized,accept_all
836d7aa3c4_file_14__vs__70a28a8258_file_15_redline_a045479a81,with_comments_tracking/docx/836d7aa3c4_file_14,clean/docx/70a28a8258_file_15,file_14,file_15,with_comments_tracking/docx/836d7aa3c4_file_14__vs__70a28a8258_file_15_redline_a045479a81.docx,with_comments_tracking/pdf/836d7aa3c4_file_14__vs__70a28a8258_file_15_redline_a045479a81.pdf,with_comments_tracking,word_based_randomized,accept_all
85692b483f_file_123__vs__0086695f46_file_124_redline_1108cc4aae,with_comments_clean/docx/85692b483f_file_123,tracking_without_comments/docx/0086695f46_file_124,file_123,file_124,with_comments_tracking/docx/85692b483f_file_123__vs__0086695f46_file_124_redline_1108cc4aae.docx,with_comments_tracking/pdf/85692b483f_file_123__vs__0086695f46_file_124_redline_1108cc4aae.pdf,with_comments_tracking,word_based_randomized,accept_all
8ef32902e8_file_158__vs__8061e5912f_file_159_redline_8de55978f2,clean/docx/8ef32902e8_file_158,with_comments_clean/docx/8061e5912f_file_159,file_158,file_159,with_comments_tracking/docx/8ef32902e8_file_158__vs__8061e5912f_file_159_redline_8de55978f2.docx,with_comments_tracking/pdf/8ef32902e8_file_158__vs__8061e5912f_file_159_redline_8de55978f2.pdf,with_comments_tracking,word_based_randomized,accept_all
ab85c77154_file_115__vs__b7219494de_file_116_redline_61959b1953,with_comments_tracking/docx/ab85c77154_file_115,clean/docx/b7219494de_file_116,file_115,file_116,with_comments_tracking/docx/ab85c77154_file_115__vs__b7219494de_file_116_redline_61959b1953.docx,with_comments_tracking/pdf/ab85c77154_file_115__vs__b7219494de_file_116_redline_61959b1953.pdf,with_comments_tracking,word_based_randomized,accept_all
af4645ebd0_file_99__vs__b8115d0dab_file_100_redline_65aa483982,clean/docx/af4645ebd0_file_99,with_comments_tracking/docx/b8115d0dab_file_100,file_99,file_100,with_comments_tracking/docx/af4645ebd0_file_99__vs__b8115d0dab_file_100_redline_65aa483982.docx,with_comments_tracking/pdf/af4645ebd0_file_99__vs__b8115d0dab_file_100_redline_65aa483982.pdf,with_comments_tracking,word_based_randomized,accept_all
b175a00954_file_27__vs__f32428a03a_file_28_redline_f8f8d224f2,with_comments_tracking/docx/b175a00954_file_27,clean/docx/f32428a03a_file_28,file_27,file_28,with_comments_tracking/docx/b175a00954_file_27__vs__f32428a03a_file_28_redline_f8f8d224f2.docx,with_comments_tracking/pdf/b175a00954_file_27__vs__f32428a03a_file_28_redline_f8f8d224f2.pdf,with_comments_tracking,word_based_randomized,accept_all
b2b3095b48_file_52__vs__ec3dd0df69_file_53_redline_e14d8c4c7d,clean/docx/b2b3095b48_file_52,with_comments_tracking/docx/ec3dd0df69_file_53,file_52,file_53,with_comments_tracking/docx/b2b3095b48_file_52__vs__ec3dd0df69_file_53_redline_e14d8c4c7d.docx,with_comments_tracking/pdf/b2b3095b48_file_52__vs__ec3dd0df69_file_53_redline_e14d8c4c7d.pdf,with_comments_tracking,word_based_randomized,accept_all
bc85714262_file_170__vs__15b6035cc0_file_171_redline_89c44edb8b,with_comments_tracking/docx/bc85714262_file_170,clean/docx/15b6035cc0_file_171,file_170,file_171,with_comments_tracking/docx/bc85714262_file_170__vs__15b6035cc0_file_171_redline_89c44edb8b.docx,with_comments_tracking/pdf/bc85714262_file_170__vs__15b6035cc0_file_171_redline_89c44edb8b.pdf,with_comments_tracking,word_based_randomized,accept_all
bffb81f86c_file_192__vs__878549f8f2_file_193_redline_11675a8de2,with_comments_clean/docx/bffb81f86c_file_192,clean/docx/878549f8f2_file_193,file_192,file_193,with_comments_tracking/docx/bffb81f86c_file_192__vs__878549f8f2_file_193_redline_11675a8de2.docx,with_comments_tracking/pdf/bffb81f86c_file_192__vs__878549f8f2_file_193_redline_11675a8de2.pdf,with_comments_tracking,word_based_randomized,accept_all
dccd972179_file_142__vs__0483e899af_file_143_redline_4dc72c3d9f,clean/docx/dccd972179_file_142,with_comments_tracking/docx/0483e899af_file_143,file_142,file_143,with_comments_tracking/docx/dccd972179_file_142__vs__0483e899af_file_143_redline_4dc72c3d9f.docx,with_comments_tracking/pdf/dccd972179_file_142__vs__0483e899af_file_143_redline_4dc72c3d9f.pdf,with_comments_tracking,word_based_randomized,accept_all
e137a3db25_file_140__vs__0f5a806b4c_file_141_redline_421d863d4e,clean/docx/e137a3db25_file_140,with_comments_clean/docx/0f5a806b4c_file_141,file_140,file_141,with_comments_tracking/docx/e137a3db25_file_140__vs__0f5a806b4c_file_141_redline_421d863d4e.docx,with_comments_tracking/pdf/e137a3db25_file_140__vs__0f5a806b4c_file_141_redline_421d863d4e.pdf,with_comments_tracking,word_based_randomized,accept_all
e9d5410452_file_191__vs__bffb81f86c_file_192_redline_0cbac1d96f,with_comments_tracking/docx/e9d5410452_file_191,with_comments_clean/docx/bffb81f86c_file_192,file_191,file_192,with_comments_tracking/docx/e9d5410452_file_191__vs__bffb81f86c_file_192_redline_0cbac1d96f.docx,with_comments_tracking/pdf/e9d5410452_file_191__vs__bffb81f86c_file_192_redline_0cbac1d96f.pdf,with_comments_tracking,word_based_randomized,accept_all
01d1b3da75_table_bookmark_end__vs__906753e55b_super_editor__table_c70ca973_redline_f6531f6275,clean/docx/01d1b3da75_table_bookmark_end,clean/docx/906753e55b_super_editor__table_c70ca973,table_bookmark_end,super_editor__table_c70ca973,tracking_without_comments/docx/01d1b3da75_table_bookmark_end__vs__906753e55b_super_editor__table_c70ca973_redline_f6531f6275.docx,tracking_without_comments/pdf/01d1b3da75_table_bookmark_end__vs__906753e55b_super_editor__table_c70ca973_redline_f6531f6275.pdf,tracking_without_comments,word_redlines_superdoc,accept_all
049a315896_super_editor__hyperlink_multiple_runs_0138c312__vs__2ad2fc5ab0_super_editor__diff_before10_2f84ca55_redline_a098bd5ad9,clean/docx/049a315896_super_editor__hyperlink_multiple_runs_0138c312,clean/docx/2ad2fc5ab0_super_editor__diff_before10_2f84ca55,super_editor__hyperlink_multiple_runs_0138c312,super_editor__diff_before10_2f84ca55,tracking_without_comments/docx/049a315896_super_editor__hyperlink_multiple_runs_0138c312__vs__2ad2fc5ab0_super_editor__diff_before10_2f84ca55_redline_a098bd5ad9.docx,tracking_without_comments/pdf/049a315896_super_editor__hyperlink_multiple_runs_0138c312__vs__2ad2fc5ab0_super_editor__diff_before10_2f84ca55_redline_a098bd5ad9.pdf,tracking_without_comments,word_redlines_superdoc,accept_all
049a315896_super_editor__hyperlink_multiple_runs_0138c312__vs__2dc3e97d2a_super_editor__hyperlink_node_52b7695b_redline_06963cb3b7,clean/docx/049a315896_super_editor__hyperlink_multiple_runs_0138c312,clean/docx/2dc3e97d2a_super_editor__hyperlink_node_52b7695b,super_editor__hyperlink_multiple_runs_0138c312,super_editor__hyperlink_node_52b7695b,tracking_without_comments/docx/049a315896_super_editor__hyperlink_multiple_runs_0138c312__vs__2dc3e97d2a_super_editor__hyperlink_node_52b7695b_redline_06963cb3b7.docx,tracking_without_comments/pdf/049a315896_super_editor__hyperlink_multiple_runs_0138c312__vs__2dc3e97d2a_super_editor__hyperlink_node_52b7695b_redline_06963cb3b7.pdf,tracking_without_comments,word_redlines_superdoc,accept_all
058cd936de_super_editor__image_doc_c7d007ac__vs__9586202517_super_editor__two_column_two_page_0b8a37c5_redline_941f26af01,clean/docx/058cd936de_super_editor__image_doc_c7d007ac,clean/docx/9586202517_super_editor__two_column_two_page_0b8a37c5,super_editor__image_doc_c7d007ac,super_editor__two_column_two_page_0b8a37c5,tracking_without_comments/docx/058cd936de_super_editor__image_doc_c7d007ac__vs__9586202517_super_editor__two_column_two_page_0b8a37c5_redline_941f26af01.docx,tracking_without_comments/pdf/058cd936de_super_editor__image_doc_c7d007ac__vs__9586202517_super_editor__two_column_two_page_0b8a37c5_redline_941f26af01.pdf,tracking_without_comments,word_redlines_superdoc,accept_all
0a1badc333_super_editor__missing_sectpr_967a402d__vs__b5a6dd6c66_super_editor__diff_before_019353a2_redline_5e1c82cdea,clean/docx/0a1badc333_super_editor__missing_sectpr_967a402d,clean/docx/b5a6dd6c66_super_editor__diff_before_019353a2,super_editor__missing_sectpr_967a402d,super_editor__diff_before_019353a2,tracking_without_comments/docx/0a1badc333_super_editor__missing_sectpr_967a402d__vs__b5a6dd6c66_super_editor__diff_before_019353a2_redline_5e1c82cdea.docx,tracking_without_comments/pdf/0a1badc333_super_editor__missing_sectpr_967a402d__vs__b5a6dd6c66_super_editor__diff_before_019353a2_redline_5e1c82cdea.pdf,tracking_without_comments,word_redlines_superdoc,accept_all
0a1badc333_super_editor__missing_sectpr_967a402d__vs__c1023db5c5_super_editor__fields_test_4a8ffd8c_redline_4d1c94901b,clean/docx/0a1badc333_super_editor__missing_sectpr_967a402d,clean/docx/c1023db5c5_super_editor__fields_test_4a8ffd8c,super_editor__missing_sectpr_967a402d,super_editor__fields_test_4a8ffd8c,tracking_without_comments/docx/0a1badc333_super_editor__missing_sectpr_967a402d__vs__c1023db5c5_super_editor__fields_test_4a8ffd8c_redline_4d1c94901b.docx,tracking_without_comments/pdf/0a1badc333_super_editor__missing_sectpr_967a402d__vs__c1023db5c5_super_editor__fields_test_4a8ffd8c_redline_4d1c94901b.pdf,tracking_without_comments,word_redlines_superdoc,accept_all
0a2898b58a_evals__report_with_formatting_03f385ed__vs__e844ea2053_evals__table_doc_4d728d83_redline_120ab3f7db,clean/docx/0a2898b58a_evals__report_with_formatting_03f385ed,clean/docx/e844ea2053_evals__table_doc_4d728d83,evals__report_with_formatting_03f385ed,evals__table_doc_4d728d83,tracking_without_comments/docx/0a2898b58a_evals__report_with_formatting_03f385ed__vs__e844ea2053_evals__table_doc_4d728d83_redline_120ab3f7db.docx,tracking_without_comments/pdf/0a2898b58a_evals__report_with_formatting_03f385ed__vs__e844ea2053_evals__table_doc_4d728d83_redline_120ab3f7db.pdf,tracking_without_comments,word_redlines_superdoc,accept_all
0e08fd6d80_super_editor__diff_before19_97e0f4e6__vs__301e302820_super_editor__basic_page_nums_d5b08fc3_redline_813a58decb,clean/docx/0e08fd6d80_super_editor__diff_before19_97e0f4e6,clean/docx/301e302820_super_editor__basic_page_nums_d5b08fc3,super_editor__diff_before19_97e0f4e6,super_editor__basic_page_nums_d5b08fc3,tracking_without_comments/docx/0e08fd6d80_super_editor__diff_before19_97e0f4e6__vs__301e302820_super_editor__basic_page_nums_d5b08fc3_redline_813a58decb.docx,tracking_without_comments/pdf/0e08fd6d80_super_editor__diff_before19_97e0f4e6__vs__301e302820_super_editor__basic_page_nums_d5b08fc3_redline_813a58decb.pdf,tracking_without_comments,word_redlines_superdoc,accept_all
0e1d01ec7d_super_editor__doc_with_graphs_diagrams_rotated_e__vs__8a553b35e4_super_editor__doc_with_spaces_from_styles_734ca2_redline_0a3919850c,clean/docx/0e1d01ec7d_super_editor__doc_with_graphs_diagrams_rotated_e,clean/docx/8a553b35e4_super_editor__doc_with_spaces_from_styles_734ca2,super_editor__doc_with_graphs_diagrams_rotated_ef2e2f98,super_editor__doc_with_spaces_from_styles_734ca26f,tracking_without_comments/docx/0e1d01ec7d_super_editor__doc_with_graphs_diagrams_rotated_e__vs__8a553b35e4_super_editor__doc_with_spaces_from_styles_734ca2_redline_0a3919850c.docx,tracking_without_comments/pdf/0e1d01ec7d_super_editor__doc_with_graphs_diagrams_rotated_e__vs__8a553b35e4_super_editor__doc_with_spaces_from_styles_734ca2_redline_0a3919850c.pdf,tracking_without_comments,word_redlines_superdoc,accept_all
0f23eb6c94_super_editor__wmf_emf_44a469b8__vs__fe11d14f44_behavior__sd_2447_toc_tab_alignment_8319c14c_redline_0e40245a8f,clean/docx/0f23eb6c94_super_editor__wmf_emf_44a469b8,clean/docx/fe11d14f44_behavior__sd_2447_toc_tab_alignment_8319c14c,super_editor__wmf_emf_44a469b8,behavior__sd_2447_toc_tab_alignment_8319c14c,tracking_without_comments/docx/0f23eb6c94_super_editor__wmf_emf_44a469b8__vs__fe11d14f44_behavior__sd_2447_toc_tab_alignment_8319c14c_redline_0e40245a8f.docx,tracking_without_comments/pdf/0f23eb6c94_super_editor__wmf_emf_44a469b8__vs__fe11d14f44_behavior__sd_2447_toc_tab_alignment_8319c14c_redline_0e40245a8f.pdf,tracking_without_comments,word_redlines_superdoc,accept_all
10415d5332_behavior__rtl_mixed_bidi_e955f185__vs__96fa27757a_behavior__rtl_page_numpages_54739e26_redline_c9a41b3932,clean/docx/10415d5332_behavior__rtl_mixed_bidi_e955f185,clean/docx/96fa27757a_behavior__rtl_page_numpages_54739e26,behavior__rtl_mixed_bidi_e955f185,behavior__rtl_page_numpages_54739e26,tracking_without_comments/docx/10415d5332_behavior__rtl_mixed_bidi_e955f185__vs__96fa27757a_behavior__rtl_page_numpages_54739e26_redline_c9a41b3932.docx,tracking_without_comments/pdf/10415d5332_behavior__rtl_mixed_bidi_e955f185__vs__96fa27757a_behavior__rtl_page_numpages_54739e26_redline_c9a41b3932.pdf,tracking_without_comments,word_redlines_superdoc,accept_all
14211b982b_super_editor__simple_ordered_list_8288421a__vs__9c7f21c23e_super_editor__line_break_627a7159_redline_247ba17e1e,clean/docx/14211b982b_super_editor__simple_ordered_list_8288421a,clean/docx/9c7f21c23e_super_editor__line_break_627a7159,super_editor__simple_ordered_list_8288421a,super_editor__line_break_627a7159,tracking_without_comments/docx/14211b982b_super_editor__simple_ordered_list_8288421a__vs__9c7f21c23e_super_editor__line_break_627a7159_redline_247ba17e1e.docx,tracking_without_comments/pdf/14211b982b_super_editor__simple_ordered_list_8288421a__vs__9c7f21c23e_super_editor__line_break_627a7159_redline_247ba17e1e.pdf,tracking_without_comments,word_redlines_superdoc,accept_all
159d00085d_super_editor__sd_1919_word_simple_e3a4a818__vs__26ce1d6300_super_editor__diff_after5_9fb9d5b4_redline_00d2479dc0,clean/docx/159d00085d_super_editor__sd_1919_word_simple_e3a4a818,clean/docx/26ce1d6300_super_editor__diff_after5_9fb9d5b4,super_editor__sd_1919_word_simple_e3a4a818,super_editor__diff_after5_9fb9d5b4,tracking_without_comments/docx/159d00085d_super_editor__sd_1919_word_simple_e3a4a818__vs__26ce1d6300_super_editor__diff_after5_9fb9d5b4_redline_00d2479dc0.docx,tracking_without_comments/pdf/159d00085d_super_editor__sd_1919_word_simple_e3a4a818__vs__26ce1d6300_super_editor__diff_after5_9fb9d5b4_redline_00d2479dc0.pdf,tracking_without_comments,word_redlines_superdoc,accept_all
18b8dd8ea3_behavior__sd_2672_plain_3x3_87943d5d__vs__c620f64d24_super_editor__hyperlink_node_internal_1c0232f9_redline_c8e881d569,clean/docx/18b8dd8ea3_behavior__sd_2672_plain_3x3_87943d5d,clean/docx/c620f64d24_super_editor__hyperlink_node_internal_1c0232f9,behavior__sd_2672_plain_3x3_87943d5d,super_editor__hyperlink_node_internal_1c0232f9,tracking_without_comments/docx/18b8dd8ea3_behavior__sd_2672_plain_3x3_87943d5d__vs__c620f64d24_super_editor__hyperlink_node_internal_1c0232f9_redline_c8e881d569.docx,tracking_without_comments/pdf/18b8dd8ea3_behavior__sd_2672_plain_3x3_87943d5d__vs__c620f64d24_super_editor__hyperlink_node_internal_1c0232f9_redline_c8e881d569.pdf,tracking_without_comments,word_redlines_superdoc,accept_all
18d1a4ad46_super_editor__sd_2534_collab_export_f3c7fdf7__vs__2c0c942234_super_editor__sd_2766_pirates_tracked_changes_32_redline_462a71fada,clean/docx/18d1a4ad46_super_editor__sd_2534_collab_export_f3c7fdf7,tracking_without_comments/docx/2c0c942234_super_editor__sd_2766_pirates_tracked_changes_32,super_editor__sd_2534_collab_export_f3c7fdf7,super_editor__sd_2766_pirates_tracked_changes_3285d875,tracking_without_comments/docx/18d1a4ad46_super_editor__sd_2534_collab_export_f3c7fdf7__vs__2c0c942234_super_editor__sd_2766_pirates_tracked_changes_32_redline_462a71fada.docx,tracking_without_comments/pdf/18d1a4ad46_super_editor__sd_2534_collab_export_f3c7fdf7__vs__2c0c942234_super_editor__sd_2766_pirates_tracked_changes_32_redline_462a71fada.pdf,tracking_without_comments,word_redlines_superdoc,accept_all
18eb110b3b_numwords_fldsimple__vs__56d68160f4_doc_api_stories__sd_2086_header_row_shading_api_redline_12c5361b58,clean/docx/18eb110b3b_numwords_fldsimple,clean/docx/56d68160f4_doc_api_stories__sd_2086_header_row_shading_api,numwords_fldsimple,doc_api_stories__sd_2086_header_row_shading_api_9757ca5b,tracking_without_comments/docx/18eb110b3b_numwords_fldsimple__vs__56d68160f4_doc_api_stories__sd_2086_header_row_shading_api_redline_12c5361b58.docx,tracking_without_comments/pdf/18eb110b3b_numwords_fldsimple__vs__56d68160f4_doc_api_stories__sd_2086_header_row_shading_api_redline_12c5361b58.pdf,tracking_without_comments,word_redlines_superdoc,accept_all
18eb110b3b_numwords_fldsimple__vs__a04e2d2749_ooxml_style_link_redline_5f2ec52d0f,clean/docx/18eb110b3b_numwords_fldsimple,clean/docx/a04e2d2749_ooxml_style_link,numwords_fldsimple,ooxml_style_link,tracking_without_comments/docx/18eb110b3b_numwords_fldsimple__vs__a04e2d2749_ooxml_style_link_redline_5f2ec52d0f.docx,tracking_without_comments/pdf/18eb110b3b_numwords_fldsimple__vs__a04e2d2749_ooxml_style_link_redline_5f2ec52d0f.pdf,tracking_without_comments,word_redlines_superdoc,accept_all
18eb110b3b_numwords_fldsimple__vs__f62e209c7c_super_editor__paragraph_ppr_variations_a7653eb1_redline_dbbc428ef6,clean/docx/18eb110b3b_numwords_fldsimple,clean/docx/f62e209c7c_super_editor__paragraph_ppr_variations_a7653eb1,numwords_fldsimple,super_editor__paragraph_pPr_variations_a7653eb1,tracking_without_comments/docx/18eb110b3b_numwords_fldsimple__vs__f62e209c7c_super_editor__paragraph_ppr_variations_a7653eb1_redline_dbbc428ef6.docx,tracking_without_comments/pdf/18eb110b3b_numwords_fldsimple__vs__f62e209c7c_super_editor__paragraph_ppr_variations_a7653eb1_redline_dbbc428ef6.pdf,tracking_without_comments,word_redlines_superdoc,accept_all
1bdbf15f5a_super_editor__orderedlist_interrupted1_a3cd0dd3__vs__82348eef4b_multi_section_redline_81af8af777,clean/docx/1bdbf15f5a_super_editor__orderedlist_interrupted1_a3cd0dd3,clean/docx/82348eef4b_multi_section,super_editor__orderedlist_interrupted1_a3cd0dd3,multi_section,tracking_without_comments/docx/1bdbf15f5a_super_editor__orderedlist_interrupted1_a3cd0dd3__vs__82348eef4b_multi_section_redline_81af8af777.docx,tracking_without_comments/pdf/1bdbf15f5a_super_editor__orderedlist_interrupted1_a3cd0dd3__vs__82348eef4b_multi_section_redline_81af8af777.pdf,tracking_without_comments,word_redlines_superdoc,accept_all
1c5bd81def_super_editor__multiple_nodes_in_list_79d915a2__vs__0e1d01ec7d_super_editor__doc_with_graphs_diagrams_rotated_e_redline_3b980fe151,clean/docx/1c5bd81def_super_editor__multiple_nodes_in_list_79d915a2,clean/docx/0e1d01ec7d_super_editor__doc_with_graphs_diagrams_rotated_e,super_editor__multiple_nodes_in_list_79d915a2,super_editor__doc_with_graphs_diagrams_rotated_ef2e2f98,tracking_without_comments/docx/1c5bd81def_super_editor__multiple_nodes_in_list_79d915a2__vs__0e1d01ec7d_super_editor__doc_with_graphs_diagrams_rotated_e_redline_3b980fe151.docx,tracking_without_comments/pdf/1c5bd81def_super_editor__multiple_nodes_in_list_79d915a2__vs__0e1d01ec7d_super_editor__doc_with_graphs_diagrams_rotated_e_redline_3b980fe151.pdf,tracking_without_comments,word_redlines_superdoc,accept_all
1e1f1ad583_super_editor__diff_before2_ca0c6859__vs__1eb80036ee_super_editor__diff_before3_19d22832_redline_9eee66ebb9,clean/docx/1e1f1ad583_super_editor__diff_before2_ca0c6859,clean/docx/1eb80036ee_super_editor__diff_before3_19d22832,super_editor__diff_before2_ca0c6859,super_editor__diff_before3_19d22832,tracking_without_comments/docx/1e1f1ad583_super_editor__diff_before2_ca0c6859__vs__1eb80036ee_super_editor__diff_before3_19d22832_redline_9eee66ebb9.docx,tracking_without_comments/pdf/1e1f1ad583_super_editor__diff_before2_ca0c6859__vs__1eb80036ee_super_editor__diff_before3_19d22832_redline_9eee66ebb9.pdf,tracking_without_comments,word_redlines_superdoc,accept_all
23fb865598_super_editor__diff_after4_471fa40f__vs__26ce1d6300_super_editor__diff_after5_9fb9d5b4_redline_5e52b54e3b,clean/docx/23fb865598_super_editor__diff_after4_471fa40f,clean/docx/26ce1d6300_super_editor__diff_after5_9fb9d5b4,super_editor__diff_after4_471fa40f,super_editor__diff_after5_9fb9d5b4,tracking_without_comments/docx/23fb865598_super_editor__diff_after4_471fa40f__vs__26ce1d6300_super_editor__diff_after5_9fb9d5b4_redline_5e52b54e3b.docx,tracking_without_comments/pdf/23fb865598_super_editor__diff_after4_471fa40f__vs__26ce1d6300_super_editor__diff_after5_9fb9d5b4_redline_5e52b54e3b.pdf,tracking_without_comments,word_redlines_superdoc,accept_all
25f07e0823_super_editor__sd_1919_word_mixed_33e049ca__vs__159d00085d_super_editor__sd_1919_word_simple_e3a4a818_redline_2d445349d4,clean/docx/25f07e0823_super_editor__sd_1919_word_mixed_33e049ca,clean/docx/159d00085d_super_editor__sd_1919_word_simple_e3a4a818,super_editor__sd_1919_word_mixed_33e049ca,super_editor__sd_1919_word_simple_e3a4a818,tracking_without_comments/docx/25f07e0823_super_editor__sd_1919_word_mixed_33e049ca__vs__159d00085d_super_editor__sd_1919_word_simple_e3a4a818_redline_2d445349d4.docx,tracking_without_comments/pdf/25f07e0823_super_editor__sd_1919_word_mixed_33e049ca__vs__159d00085d_super_editor__sd_1919_word_simple_e3a4a818_redline_2d445349d4.pdf,tracking_without_comments,word_redlines_superdoc,accept_all
279abea8ce_super_editor__h_f_normal_odd_even_firstpg_9b210d__vs__76827c9f6c_super_editor__sd_1480_two_col_index_0138dccc_redline_9a93480040,clean/docx/279abea8ce_super_editor__h_f_normal_odd_even_firstpg_9b210d,clean/docx/76827c9f6c_super_editor__sd_1480_two_col_index_0138dccc,super_editor__h_f_normal_odd_even_firstpg_9b210d9a,super_editor__sd_1480_two_col_index_0138dccc,tracking_without_comments/docx/279abea8ce_super_editor__h_f_normal_odd_even_firstpg_9b210d__vs__76827c9f6c_super_editor__sd_1480_two_col_index_0138dccc_redline_9a93480040.docx,tracking_without_comments/pdf/279abea8ce_super_editor__h_f_normal_odd_even_firstpg_9b210d__vs__76827c9f6c_super_editor__sd_1480_two_col_index_0138dccc_redline_9a93480040.pdf,tracking_without_comments,word_redlines_superdoc,accept_all
2936af4459_super_editor__sd_1480_two_col_tab_positions_0095__vs__0a1badc333_super_editor__missing_sectpr_967a402d_redline_543fb8e4a7,clean/docx/2936af4459_super_editor__sd_1480_two_col_tab_positions_0095,clean/docx/0a1badc333_super_editor__missing_sectpr_967a402d,super_editor__sd_1480_two_col_tab_positions_00953280,super_editor__missing_sectpr_967a402d,tracking_without_comments/docx/2936af4459_super_editor__sd_1480_two_col_tab_positions_0095__vs__0a1badc333_super_editor__missing_sectpr_967a402d_redline_543fb8e4a7.docx,tracking_without_comments/pdf/2936af4459_super_editor__sd_1480_two_col_tab_positions_0095__vs__0a1badc333_super_editor__missing_sectpr_967a402d_redline_543fb8e4a7.pdf,tracking_without_comments,word_redlines_superdoc,accept_all
2936af4459_super_editor__sd_1480_two_col_tab_positions_0095__vs__ced58cbf54_super_editor__sd_1494_table_left_indent_03277d35_redline_40173d334a,clean/docx/2936af4459_super_editor__sd_1480_two_col_tab_positions_0095,clean/docx/ced58cbf54_super_editor__sd_1494_table_left_indent_03277d35,super_editor__sd_1480_two_col_tab_positions_00953280,super_editor__sd_1494_table_left_indent_03277d35,tracking_without_comments/docx/2936af4459_super_editor__sd_1480_two_col_tab_positions_0095__vs__ced58cbf54_super_editor__sd_1494_table_left_indent_03277d35_redline_40173d334a.docx,tracking_without_comments/pdf/2936af4459_super_editor__sd_1480_two_col_tab_positions_0095__vs__ced58cbf54_super_editor__sd_1494_table_left_indent_03277d35_redline_40173d334a.pdf,tracking_without_comments,word_redlines_superdoc,accept_all
2ba392cdd2_super_editor__broken_list_missing_items_36b4199e__vs__1c5bd81def_super_editor__multiple_nodes_in_list_79d915a2_redline_b88ba7adc8,clean/docx/2ba392cdd2_super_editor__broken_list_missing_items_36b4199e,clean/docx/1c5bd81def_super_editor__multiple_nodes_in_list_79d915a2,super_editor__broken_list_missing_items_36b4199e,super_editor__multiple_nodes_in_list_79d915a2,tracking_without_comments/docx/2ba392cdd2_super_editor__broken_list_missing_items_36b4199e__vs__1c5bd81def_super_editor__multiple_nodes_in_list_79d915a2_redline_b88ba7adc8.docx,tracking_without_comments/pdf/2ba392cdd2_super_editor__broken_list_missing_items_36b4199e__vs__1c5bd81def_super_editor__multiple_nodes_in_list_79d915a2_redline_b88ba7adc8.pdf,tracking_without_comments,word_redlines_superdoc,accept_all
2ba392cdd2_super_editor__broken_list_missing_items_36b4199e__vs__97b2e714de_super_editor__broken_list_7e9b9bf7_redline_443c2cc494,clean/docx/2ba392cdd2_super_editor__broken_list_missing_items_36b4199e,clean/docx/97b2e714de_super_editor__broken_list_7e9b9bf7,super_editor__broken_list_missing_items_36b4199e,super_editor__broken_list_7e9b9bf7,tracking_without_comments/docx/2ba392cdd2_super_editor__broken_list_missing_items_36b4199e__vs__97b2e714de_super_editor__broken_list_7e9b9bf7_redline_443c2cc494.docx,tracking_without_comments/pdf/2ba392cdd2_super_editor__broken_list_missing_items_36b4199e__vs__97b2e714de_super_editor__broken_list_7e9b9bf7_redline_443c2cc494.pdf,tracking_without_comments,word_redlines_superdoc,accept_all
2c0c942234_super_editor__sd_2766_pirates_tracked_changes_32__vs__aa940255be_behavior__sd_2343_table_border_widths_b5148e83_redline_28d97cb1f1,tracking_without_comments/docx/2c0c942234_super_editor__sd_2766_pirates_tracked_changes_32,clean/docx/aa940255be_behavior__sd_2343_table_border_widths_b5148e83,super_editor__sd_2766_pirates_tracked_changes_3285d875,behavior__sd_2343_table_border_widths_b5148e83,tracking_without_comments/docx/2c0c942234_super_editor__sd_2766_pirates_tracked_changes_32__vs__aa940255be_behavior__sd_2343_table_border_widths_b5148e83_redline_28d97cb1f1.docx,tracking_without_comments/pdf/2c0c942234_super_editor__sd_2766_pirates_tracked_changes_32__vs__aa940255be_behavior__sd_2343_table_border_widths_b5148e83_redline_28d97cb1f1.pdf,tracking_without_comments,word_redlines_superdoc,accept_all
2dc3e97d2a_super_editor__hyperlink_node_52b7695b__vs__7c31a68295_behavior__pageref_standalone_h_7b3ab72e_redline_cb6bcf6c40,clean/docx/2dc3e97d2a_super_editor__hyperlink_node_52b7695b,clean/docx/7c31a68295_behavior__pageref_standalone_h_7b3ab72e,super_editor__hyperlink_node_52b7695b,behavior__pageref_standalone_h_7b3ab72e,tracking_without_comments/docx/2dc3e97d2a_super_editor__hyperlink_node_52b7695b__vs__7c31a68295_behavior__pageref_standalone_h_7b3ab72e_redline_cb6bcf6c40.docx,tracking_without_comments/pdf/2dc3e97d2a_super_editor__hyperlink_node_52b7695b__vs__7c31a68295_behavior__pageref_standalone_h_7b3ab72e_redline_cb6bcf6c40.pdf,tracking_without_comments,word_redlines_superdoc,accept_all
2f23773d63_super_editor__pagination_blank_2a98ed7a__vs__bd7b6b2bd0_super_editor__pagination_with_hard_break_8ce8c15_redline_238c08ded5,clean/docx/2f23773d63_super_editor__pagination_blank_2a98ed7a,clean/docx/bd7b6b2bd0_super_editor__pagination_with_hard_break_8ce8c15,super_editor__pagination_blank_2a98ed7a,super_editor__pagination_with_hard_break_8ce8c157,tracking_without_comments/docx/2f23773d63_super_editor__pagination_blank_2a98ed7a__vs__bd7b6b2bd0_super_editor__pagination_with_hard_break_8ce8c15_redline_238c08ded5.docx,tracking_without_comments/pdf/2f23773d63_super_editor__pagination_blank_2a98ed7a__vs__bd7b6b2bd0_super_editor__pagination_with_hard_break_8ce8c15_redline_238c08ded5.pdf,tracking_without_comments,word_redlines_superdoc,accept_all
301e302820_super_editor__basic_page_nums_d5b08fc3__vs__df3c3e7c40_behavior__math_func_tests_0434dd11_redline_60cfc15a78,clean/docx/301e302820_super_editor__basic_page_nums_d5b08fc3,clean/docx/df3c3e7c40_behavior__math_func_tests_0434dd11,super_editor__basic_page_nums_d5b08fc3,behavior__math_func_tests_0434dd11,tracking_without_comments/docx/301e302820_super_editor__basic_page_nums_d5b08fc3__vs__df3c3e7c40_behavior__math_func_tests_0434dd11_redline_60cfc15a78.docx,tracking_without_comments/pdf/301e302820_super_editor__basic_page_nums_d5b08fc3__vs__df3c3e7c40_behavior__math_func_tests_0434dd11_redline_60cfc15a78.pdf,tracking_without_comments,word_redlines_superdoc,accept_all
301e302820_super_editor__basic_page_nums_d5b08fc3__vs__e3d152989b_behavior__math_eqarr_tests_40a1adb0_redline_10a8ec9bee,clean/docx/301e302820_super_editor__basic_page_nums_d5b08fc3,clean/docx/e3d152989b_behavior__math_eqarr_tests_40a1adb0,super_editor__basic_page_nums_d5b08fc3,behavior__math_eqarr_tests_40a1adb0,tracking_without_comments/docx/301e302820_super_editor__basic_page_nums_d5b08fc3__vs__e3d152989b_behavior__math_eqarr_tests_40a1adb0_redline_10a8ec9bee.docx,tracking_without_comments/pdf/301e302820_super_editor__basic_page_nums_d5b08fc3__vs__e3d152989b_behavior__math_eqarr_tests_40a1adb0_redline_10a8ec9bee.pdf,tracking_without_comments,word_redlines_superdoc,accept_all
301e302820_super_editor__basic_page_nums_d5b08fc3__vs__ef1e1c68e9_super_editor__basic_paragraph_1774f4e4_redline_dbdf0f687c,clean/docx/301e302820_super_editor__basic_page_nums_d5b08fc3,clean/docx/ef1e1c68e9_super_editor__basic_paragraph_1774f4e4,super_editor__basic_page_nums_d5b08fc3,super_editor__basic_paragraph_1774f4e4,tracking_without_comments/docx/301e302820_super_editor__basic_page_nums_d5b08fc3__vs__ef1e1c68e9_super_editor__basic_paragraph_1774f4e4_redline_dbdf0f687c.docx,tracking_without_comments/pdf/301e302820_super_editor__basic_page_nums_d5b08fc3__vs__ef1e1c68e9_super_editor__basic_paragraph_1774f4e4_redline_dbdf0f687c.pdf,tracking_without_comments,word_redlines_superdoc,accept_all
310c03f39c_super_editor__complexexport1_69441ab1__vs__c498e8c52c_super_editor__contract_acc_bbd983a0_redline_9df88ffcf2,clean/docx/310c03f39c_super_editor__complexexport1_69441ab1,clean/docx/c498e8c52c_super_editor__contract_acc_bbd983a0,super_editor__complexexport1_69441ab1,super_editor__contract_acc_bbd983a0,tracking_without_comments/docx/310c03f39c_super_editor__complexexport1_69441ab1__vs__c498e8c52c_super_editor__contract_acc_bbd983a0_redline_9df88ffcf2.docx,tracking_without_comments/pdf/310c03f39c_super_editor__complexexport1_69441ab1__vs__c498e8c52c_super_editor__contract_acc_bbd983a0_redline_9df88ffcf2.pdf,tracking_without_comments,word_redlines_superdoc,accept_all
36c5050fba_super_editor__list_with_indents_efc7d4f5__vs__a21c45464c_super_editor__shape_group_ce60e1e6_redline_97b4c2de49,clean/docx/36c5050fba_super_editor__list_with_indents_efc7d4f5,clean/docx/a21c45464c_super_editor__shape_group_ce60e1e6,super_editor__list_with_indents_efc7d4f5,super_editor__shape_group_ce60e1e6,tracking_without_comments/docx/36c5050fba_super_editor__list_with_indents_efc7d4f5__vs__a21c45464c_super_editor__shape_group_ce60e1e6_redline_97b4c2de49.docx,tracking_without_comments/pdf/36c5050fba_super_editor__list_with_indents_efc7d4f5__vs__a21c45464c_super_editor__shape_group_ce60e1e6_redline_97b4c2de49.pdf,tracking_without_comments,word_redlines_superdoc,accept_all
3ad13eed3d_evals__document_9bff7e1b__vs__36c5050fba_super_editor__list_with_indents_efc7d4f5_redline_30b249c952,clean/docx/3ad13eed3d_evals__document_9bff7e1b,clean/docx/36c5050fba_super_editor__list_with_indents_efc7d4f5,evals__document_9bff7e1b,super_editor__list_with_indents_efc7d4f5,tracking_without_comments/docx/3ad13eed3d_evals__document_9bff7e1b__vs__36c5050fba_super_editor__list_with_indents_efc7d4f5_redline_30b249c952.docx,tracking_without_comments/pdf/3ad13eed3d_evals__document_9bff7e1b__vs__36c5050fba_super_editor__list_with_indents_efc7d4f5_redline_30b249c952.pdf,tracking_without_comments,word_redlines_superdoc,accept_all
3d9b31338f_evals__memorandum_258c774a__vs__f89ff5989b_evals__nda_7f304918_redline_28cc200bf7,clean/docx/3d9b31338f_evals__memorandum_258c774a,clean/docx/f89ff5989b_evals__nda_7f304918,evals__memorandum_258c774a,evals__nda_7f304918,tracking_without_comments/docx/3d9b31338f_evals__memorandum_258c774a__vs__f89ff5989b_evals__nda_7f304918_redline_28cc200bf7.docx,tracking_without_comments/pdf/3d9b31338f_evals__memorandum_258c774a__vs__f89ff5989b_evals__nda_7f304918_redline_28cc200bf7.pdf,tracking_without_comments,word_redlines_superdoc,accept_all
3e50084c2e_super_editor__diff_after16_2a48697a__vs__22ccb1b200_super_editor__diff_after19_79c6b379_redline_f77bce8423,clean/docx/3e50084c2e_super_editor__diff_after16_2a48697a,clean/docx/22ccb1b200_super_editor__diff_after19_79c6b379,super_editor__diff_after16_2a48697a,super_editor__diff_after19_79c6b379,tracking_without_comments/docx/3e50084c2e_super_editor__diff_after16_2a48697a__vs__22ccb1b200_super_editor__diff_after19_79c6b379_redline_f77bce8423.docx,tracking_without_comments/pdf/3e50084c2e_super_editor__diff_after16_2a48697a__vs__22ccb1b200_super_editor__diff_after19_79c6b379_redline_f77bce8423.pdf,tracking_without_comments,word_redlines_superdoc,accept_all
3e50084c2e_super_editor__diff_after16_2a48697a__vs__d6a1c42901_super_editor__diff_before16_f518c031_redline_5c295497c7,clean/docx/3e50084c2e_super_editor__diff_after16_2a48697a,clean/docx/d6a1c42901_super_editor__diff_before16_f518c031,super_editor__diff_after16_2a48697a,super_editor__diff_before16_f518c031,tracking_without_comments/docx/3e50084c2e_super_editor__diff_after16_2a48697a__vs__d6a1c42901_super_editor__diff_before16_f518c031_redline_5c295497c7.docx,tracking_without_comments/pdf/3e50084c2e_super_editor__diff_after16_2a48697a__vs__d6a1c42901_super_editor__diff_before16_f518c031_redline_5c295497c7.pdf,tracking_without_comments,word_redlines_superdoc,accept_all
420a528aa0_super_editor__instrtext_angled_brackets_bug_ed56__vs__178804f5ce_super_editor__invalid_list_def_fallback_d7f55451_redline_e7611ac8ac,clean/docx/420a528aa0_super_editor__instrtext_angled_brackets_bug_ed56,clean/docx/178804f5ce_super_editor__invalid_list_def_fallback_d7f55451,super_editor__instrtext_angled_brackets_bug_ed56f1fe,super_editor__invalid_list_def_fallback_d7f55451,tracking_without_comments/docx/420a528aa0_super_editor__instrtext_angled_brackets_bug_ed56__vs__178804f5ce_super_editor__invalid_list_def_fallback_d7f55451_redline_e7611ac8ac.docx,tracking_without_comments/pdf/420a528aa0_super_editor__instrtext_angled_brackets_bug_ed56__vs__178804f5ce_super_editor__invalid_list_def_fallback_d7f55451_redline_e7611ac8ac.pdf,tracking_without_comments,word_redlines_superdoc,accept_all
436055d33f_super_editor__diff_before6_7c6912cb__vs__43dd6753e6_super_editor__diff_before7_5bad2542_redline_15bbf99e99,clean/docx/436055d33f_super_editor__diff_before6_7c6912cb,clean/docx/43dd6753e6_super_editor__diff_before7_5bad2542,super_editor__diff_before6_7c6912cb,super_editor__diff_before7_5bad2542,tracking_without_comments/docx/436055d33f_super_editor__diff_before6_7c6912cb__vs__43dd6753e6_super_editor__diff_before7_5bad2542_redline_15bbf99e99.docx,tracking_without_comments/pdf/436055d33f_super_editor__diff_before6_7c6912cb__vs__43dd6753e6_super_editor__diff_before7_5bad2542_redline_15bbf99e99.pdf,tracking_without_comments,word_redlines_superdoc,accept_all
45f61cfd4f_super_editor__sd_1495_auto_page_break_2_f0f3bf0e__vs__9c1fb4747e_super_editor__sd_1495_auto_page_break_854a2dd9_redline_a185cbd134,clean/docx/45f61cfd4f_super_editor__sd_1495_auto_page_break_2_f0f3bf0e,clean/docx/9c1fb4747e_super_editor__sd_1495_auto_page_break_854a2dd9,super_editor__sd_1495_auto_page_break_2_f0f3bf0e,super_editor__sd_1495_auto_page_break_854a2dd9,tracking_without_comments/docx/45f61cfd4f_super_editor__sd_1495_auto_page_break_2_f0f3bf0e__vs__9c1fb4747e_super_editor__sd_1495_auto_page_break_854a2dd9_redline_a185cbd134.docx,tracking_without_comments/pdf/45f61cfd4f_super_editor__sd_1495_auto_page_break_2_f0f3bf0e__vs__9c1fb4747e_super_editor__sd_1495_auto_page_break_854a2dd9_redline_a185cbd134.pdf,tracking_without_comments,word_redlines_superdoc,accept_all
498a050671_super_editor__custom_list1_77f82bd7__vs__4ba01802a7_super_editor__diff_after_10f1912e_redline_b29b698adb,clean/docx/498a050671_super_editor__custom_list1_77f82bd7,clean/docx/4ba01802a7_super_editor__diff_after_10f1912e,super_editor__custom_list1_77f82bd7,super_editor__diff_after_10f1912e,tracking_without_comments/docx/498a050671_super_editor__custom_list1_77f82bd7__vs__4ba01802a7_super_editor__diff_after_10f1912e_redline_b29b698adb.docx,tracking_without_comments/pdf/498a050671_super_editor__custom_list1_77f82bd7__vs__4ba01802a7_super_editor__diff_after_10f1912e_redline_b29b698adb.pdf,tracking_without_comments,word_redlines_superdoc,accept_all
4b0729d267_super_editor__h_f_normal_odd_even_unchecked_firs__vs__b992bfc6eb_super_editor__h_f_normal_odd_even_b572e46d_redline_be248670ce,clean/docx/4b0729d267_super_editor__h_f_normal_odd_even_unchecked_firs,clean/docx/b992bfc6eb_super_editor__h_f_normal_odd_even_b572e46d,super_editor__h_f_normal_odd_even_unchecked_first_p_817ad6e9,super_editor__h_f_normal_odd_even_b572e46d,tracking_without_comments/docx/4b0729d267_super_editor__h_f_normal_odd_even_unchecked_firs__vs__b992bfc6eb_super_editor__h_f_normal_odd_even_b572e46d_redline_be248670ce.docx,tracking_without_comments/pdf/4b0729d267_super_editor__h_f_normal_odd_even_unchecked_firs__vs__b992bfc6eb_super_editor__h_f_normal_odd_even_b572e46d_redline_be248670ce.pdf,tracking_without_comments,word_redlines_superdoc,accept_all
4ba01802a7_super_editor__diff_after_10f1912e__vs__98bc895b4b_super_editor__listwithspacernodes_cf53e890_redline_0ace7bbff2,clean/docx/4ba01802a7_super_editor__diff_after_10f1912e,clean/docx/98bc895b4b_super_editor__listwithspacernodes_cf53e890,super_editor__diff_after_10f1912e,super_editor__listWithSpacerNodes_cf53e890,tracking_without_comments/docx/4ba01802a7_super_editor__diff_after_10f1912e__vs__98bc895b4b_super_editor__listwithspacernodes_cf53e890_redline_0ace7bbff2.docx,tracking_without_comments/pdf/4ba01802a7_super_editor__diff_after_10f1912e__vs__98bc895b4b_super_editor__listwithspacernodes_cf53e890_redline_0ace7bbff2.pdf,tracking_without_comments,word_redlines_superdoc,accept_all
4edcbf241a_behavior__math_groupchr_tests_4a4970fc__vs__d6a1c42901_super_editor__diff_before16_f518c031_redline_d22973c8f1,clean/docx/4edcbf241a_behavior__math_groupchr_tests_4a4970fc,clean/docx/d6a1c42901_super_editor__diff_before16_f518c031,behavior__math_groupchr_tests_4a4970fc,super_editor__diff_before16_f518c031,tracking_without_comments/docx/4edcbf241a_behavior__math_groupchr_tests_4a4970fc__vs__d6a1c42901_super_editor__diff_before16_f518c031_redline_d22973c8f1.docx,tracking_without_comments/pdf/4edcbf241a_behavior__math_groupchr_tests_4a4970fc__vs__d6a1c42901_super_editor__diff_before16_f518c031_redline_d22973c8f1.pdf,tracking_without_comments,word_redlines_superdoc,accept_all
4edcbf241a_behavior__math_groupchr_tests_4a4970fc__vs__f7ece685ff_behavior__math_limit_tests_6dc07867_redline_3e47bc2c89,clean/docx/4edcbf241a_behavior__math_groupchr_tests_4a4970fc,clean/docx/f7ece685ff_behavior__math_limit_tests_6dc07867,behavior__math_groupchr_tests_4a4970fc,behavior__math_limit_tests_6dc07867,tracking_without_comments/docx/4edcbf241a_behavior__math_groupchr_tests_4a4970fc__vs__f7ece685ff_behavior__math_limit_tests_6dc07867_redline_3e47bc2c89.docx,tracking_without_comments/pdf/4edcbf241a_behavior__math_groupchr_tests_4a4970fc__vs__f7ece685ff_behavior__math_limit_tests_6dc07867_redline_3e47bc2c89.pdf,tracking_without_comments,word_redlines_superdoc,accept_all
4edcbf241a_behavior__math_groupchr_tests_4a4970fc__vs__fe11d14f44_behavior__sd_2447_toc_tab_alignment_8319c14c_redline_0b30494579,clean/docx/4edcbf241a_behavior__math_groupchr_tests_4a4970fc,clean/docx/fe11d14f44_behavior__sd_2447_toc_tab_alignment_8319c14c,behavior__math_groupchr_tests_4a4970fc,behavior__sd_2447_toc_tab_alignment_8319c14c,tracking_without_comments/docx/4edcbf241a_behavior__math_groupchr_tests_4a4970fc__vs__fe11d14f44_behavior__sd_2447_toc_tab_alignment_8319c14c_redline_0b30494579.docx,tracking_without_comments/pdf/4edcbf241a_behavior__math_groupchr_tests_4a4970fc__vs__fe11d14f44_behavior__sd_2447_toc_tab_alignment_8319c14c_redline_0b30494579.pdf,tracking_without_comments,word_redlines_superdoc,accept_all
501bf3d47b_super_editor__table_merged_cells_9c349334__vs__ab064d6482_super_editor__table_width_issue_20b01504_redline_cfb3908b65,clean/docx/501bf3d47b_super_editor__table_merged_cells_9c349334,clean/docx/ab064d6482_super_editor__table_width_issue_20b01504,super_editor__table_merged_cells_9c349334,super_editor__table_width_issue_20b01504,tracking_without_comments/docx/501bf3d47b_super_editor__table_merged_cells_9c349334__vs__ab064d6482_super_editor__table_width_issue_20b01504_redline_cfb3908b65.docx,tracking_without_comments/pdf/501bf3d47b_super_editor__table_merged_cells_9c349334__vs__ab064d6482_super_editor__table_width_issue_20b01504_redline_cfb3908b65.pdf,tracking_without_comments,word_redlines_superdoc,accept_all
546864032e_evals__lease_agreement_7081191d__vs__3d9b31338f_evals__memorandum_258c774a_redline_4fbd0e01b4,clean/docx/546864032e_evals__lease_agreement_7081191d,clean/docx/3d9b31338f_evals__memorandum_258c774a,evals__lease_agreement_7081191d,evals__memorandum_258c774a,tracking_without_comments/docx/546864032e_evals__lease_agreement_7081191d__vs__3d9b31338f_evals__memorandum_258c774a_redline_4fbd0e01b4.docx,tracking_without_comments/pdf/546864032e_evals__lease_agreement_7081191d__vs__3d9b31338f_evals__memorandum_258c774a_redline_4fbd0e01b4.pdf,tracking_without_comments,word_redlines_superdoc,accept_all
563331c6f3_super_editor__broken_complex_list_293fda86__vs__2ba392cdd2_super_editor__broken_list_missing_items_36b4199e_redline_de5c26892b,clean/docx/563331c6f3_super_editor__broken_complex_list_293fda86,clean/docx/2ba392cdd2_super_editor__broken_list_missing_items_36b4199e,super_editor__broken_complex_list_293fda86,super_editor__broken_list_missing_items_36b4199e,tracking_without_comments/docx/563331c6f3_super_editor__broken_complex_list_293fda86__vs__2ba392cdd2_super_editor__broken_list_missing_items_36b4199e_redline_de5c26892b.docx,tracking_without_comments/pdf/563331c6f3_super_editor__broken_complex_list_293fda86__vs__2ba392cdd2_super_editor__broken_list_missing_items_36b4199e_redline_de5c26892b.pdf,tracking_without_comments,word_redlines_superdoc,accept_all
563331c6f3_super_editor__broken_complex_list_293fda86__vs__cdf27ad0d3_behavior__sd_2672_nested_table_dfac08bb_redline_0d79b0b2ed,clean/docx/563331c6f3_super_editor__broken_complex_list_293fda86,clean/docx/cdf27ad0d3_behavior__sd_2672_nested_table_dfac08bb,super_editor__broken_complex_list_293fda86,behavior__sd_2672_nested_table_dfac08bb,tracking_without_comments/docx/563331c6f3_super_editor__broken_complex_list_293fda86__vs__cdf27ad0d3_behavior__sd_2672_nested_table_dfac08bb_redline_0d79b0b2ed.docx,tracking_without_comments/pdf/563331c6f3_super_editor__broken_complex_list_293fda86__vs__cdf27ad0d3_behavior__sd_2672_nested_table_dfac08bb_redline_0d79b0b2ed.pdf,tracking_without_comments,word_redlines_superdoc,accept_all
56d68160f4_doc_api_stories__sd_2086_header_row_shading_api__vs__498a050671_super_editor__custom_list1_77f82bd7_redline_912a401589,clean/docx/56d68160f4_doc_api_stories__sd_2086_header_row_shading_api,clean/docx/498a050671_super_editor__custom_list1_77f82bd7,doc_api_stories__sd_2086_header_row_shading_api_9757ca5b,super_editor__custom_list1_77f82bd7,tracking_without_comments/docx/56d68160f4_doc_api_stories__sd_2086_header_row_shading_api__vs__498a050671_super_editor__custom_list1_77f82bd7_redline_912a401589.docx,tracking_without_comments/pdf/56d68160f4_doc_api_stories__sd_2086_header_row_shading_api__vs__498a050671_super_editor__custom_list1_77f82bd7_redline_912a401589.pdf,tracking_without_comments,word_redlines_superdoc,accept_all
59e262115f_super_editor__features_redlines_comments_annotat__vs__c1023db5c5_super_editor__fields_test_4a8ffd8c_redline_c8a98c3b1a,with_comments_tracking/docx/59e262115f_super_editor__features_redlines_comments_annotat,clean/docx/c1023db5c5_super_editor__fields_test_4a8ffd8c,super_editor__features_redlines_comments_annotation_769ed131,super_editor__fields_test_4a8ffd8c,tracking_without_comments/docx/59e262115f_super_editor__features_redlines_comments_annotat__vs__c1023db5c5_super_editor__fields_test_4a8ffd8c_redline_c8a98c3b1a.docx,tracking_without_comments/pdf/59e262115f_super_editor__features_redlines_comments_annotat__vs__c1023db5c5_super_editor__fields_test_4a8ffd8c_redline_c8a98c3b1a.pdf,tracking_without_comments,word_redlines_superdoc,accept_all
5aa178b931_super_editor__lists_sub_paragraph_31ff3fed__vs__25f07e0823_super_editor__sd_1919_word_mixed_33e049ca_redline_aaba20119b,clean/docx/5aa178b931_super_editor__lists_sub_paragraph_31ff3fed,clean/docx/25f07e0823_super_editor__sd_1919_word_mixed_33e049ca,super_editor__lists_sub_paragraph_31ff3fed,super_editor__sd_1919_word_mixed_33e049ca,tracking_without_comments/docx/5aa178b931_super_editor__lists_sub_paragraph_31ff3fed__vs__25f07e0823_super_editor__sd_1919_word_mixed_33e049ca_redline_aaba20119b.docx,tracking_without_comments/pdf/5aa178b931_super_editor__lists_sub_paragraph_31ff3fed__vs__25f07e0823_super_editor__sd_1919_word_mixed_33e049ca_redline_aaba20119b.pdf,tracking_without_comments,word_redlines_superdoc,accept_all
5aa178b931_super_editor__lists_sub_paragraph_31ff3fed__vs__972dc076c1_super_editor__longer_header_sign_area_7c80b525_redline_5c49bfc867,clean/docx/5aa178b931_super_editor__lists_sub_paragraph_31ff3fed,clean/docx/972dc076c1_super_editor__longer_header_sign_area_7c80b525,super_editor__lists_sub_paragraph_31ff3fed,super_editor__longer_header_sign_area_7c80b525,tracking_without_comments/docx/5aa178b931_super_editor__lists_sub_paragraph_31ff3fed__vs__972dc076c1_super_editor__longer_header_sign_area_7c80b525_redline_5c49bfc867.docx,tracking_without_comments/pdf/5aa178b931_super_editor__lists_sub_paragraph_31ff3fed__vs__972dc076c1_super_editor__longer_header_sign_area_7c80b525_redline_5c49bfc867.pdf,tracking_without_comments,word_redlines_superdoc,accept_all
5b421850d5_super_editor__ooxml_strike_rstyle_linked_combos__vs__1e1f1ad583_super_editor__diff_before2_ca0c6859_redline_9d94d27d7a,clean/docx/5b421850d5_super_editor__ooxml_strike_rstyle_linked_combos,clean/docx/1e1f1ad583_super_editor__diff_before2_ca0c6859,super_editor__ooxml_strike_rstyle_linked_combos_dem_b8167cd3,super_editor__diff_before2_ca0c6859,tracking_without_comments/docx/5b421850d5_super_editor__ooxml_strike_rstyle_linked_combos__vs__1e1f1ad583_super_editor__diff_before2_ca0c6859_redline_9d94d27d7a.docx,tracking_without_comments/pdf/5b421850d5_super_editor__ooxml_strike_rstyle_linked_combos__vs__1e1f1ad583_super_editor__diff_before2_ca0c6859_redline_9d94d27d7a.pdf,tracking_without_comments,word_redlines_superdoc,accept_all
5d17fd43a9_complex_style_attr__vs__310c03f39c_super_editor__complexexport1_69441ab1_redline_133d880cce,clean/docx/5d17fd43a9_complex_style_attr,clean/docx/310c03f39c_super_editor__complexexport1_69441ab1,complex_style_attr,super_editor__complexexport1_69441ab1,tracking_without_comments/docx/5d17fd43a9_complex_style_attr__vs__310c03f39c_super_editor__complexexport1_69441ab1_redline_133d880cce.docx,tracking_without_comments/pdf/5d17fd43a9_complex_style_attr__vs__310c03f39c_super_editor__complexexport1_69441ab1_redline_133d880cce.pdf,tracking_without_comments,word_redlines_superdoc,accept_all
671ff91b1d_behavior__sd_2750_borderbox_7cd3768d__vs__7692b33045_super_editor__list_with_break_exported_broken_45_redline_d24225adbf,clean/docx/671ff91b1d_behavior__sd_2750_borderbox_7cd3768d,clean/docx/7692b33045_super_editor__list_with_break_exported_broken_45,behavior__sd_2750_borderbox_7cd3768d,super_editor__list_with_break_exported_broken_45f7bd19,tracking_without_comments/docx/671ff91b1d_behavior__sd_2750_borderbox_7cd3768d__vs__7692b33045_super_editor__list_with_break_exported_broken_45_redline_d24225adbf.docx,tracking_without_comments/pdf/671ff91b1d_behavior__sd_2750_borderbox_7cd3768d__vs__7692b33045_super_editor__list_with_break_exported_broken_45_redline_d24225adbf.pdf,tracking_without_comments,word_redlines_superdoc,accept_all
6c0ad6c8ef_behavior__math_matrix_tests_a3b17e15__vs__d6bd58bac2_behavior__math_nary_tests_dde91168_redline_d2bc5646c2,clean/docx/6c0ad6c8ef_behavior__math_matrix_tests_a3b17e15,clean/docx/d6bd58bac2_behavior__math_nary_tests_dde91168,behavior__math_matrix_tests_a3b17e15,behavior__math_nary_tests_dde91168,tracking_without_comments/docx/6c0ad6c8ef_behavior__math_matrix_tests_a3b17e15__vs__d6bd58bac2_behavior__math_nary_tests_dde91168_redline_d2bc5646c2.docx,tracking_without_comments/pdf/6c0ad6c8ef_behavior__math_matrix_tests_a3b17e15__vs__d6bd58bac2_behavior__math_nary_tests_dde91168_redline_d2bc5646c2.pdf,tracking_without_comments,word_redlines_superdoc,accept_all
7098537b0d_super_editor__base_custom_544164f9__vs__9ef2a93274_super_editor__tab_alignment_test_184edb5d_redline_2dc552be5e,clean/docx/7098537b0d_super_editor__base_custom_544164f9,clean/docx/9ef2a93274_super_editor__tab_alignment_test_184edb5d,super_editor__base_custom_544164f9,super_editor__tab_alignment_test_184edb5d,tracking_without_comments/docx/7098537b0d_super_editor__base_custom_544164f9__vs__9ef2a93274_super_editor__tab_alignment_test_184edb5d_redline_2dc552be5e.docx,tracking_without_comments/pdf/7098537b0d_super_editor__base_custom_544164f9__vs__9ef2a93274_super_editor__tab_alignment_test_184edb5d_redline_2dc552be5e.pdf,tracking_without_comments,word_redlines_superdoc,accept_all
7367931dbf_super_editor__sdt_test_60079f08__vs__89b44c96a7_super_editor__sdts_basic_45263ca5_redline_308e9e47b6,clean/docx/7367931dbf_super_editor__sdt_test_60079f08,clean/docx/89b44c96a7_super_editor__sdts_basic_45263ca5,super_editor__sdt_test_60079f08,super_editor__sdts_basic_45263ca5,tracking_without_comments/docx/7367931dbf_super_editor__sdt_test_60079f08__vs__89b44c96a7_super_editor__sdts_basic_45263ca5_redline_308e9e47b6.docx,tracking_without_comments/pdf/7367931dbf_super_editor__sdt_test_60079f08__vs__89b44c96a7_super_editor__sdts_basic_45263ca5_redline_308e9e47b6.pdf,tracking_without_comments,word_redlines_superdoc,accept_all
7692b33045_super_editor__list_with_break_exported_broken_45__vs__ddfa313a5f_super_editor__list_with_break_from_word_5cc0d638_redline_bfd4f46b68,clean/docx/7692b33045_super_editor__list_with_break_exported_broken_45,clean/docx/ddfa313a5f_super_editor__list_with_break_from_word_5cc0d638,super_editor__list_with_break_exported_broken_45f7bd19,super_editor__list_with_break_from_word_5cc0d638,tracking_without_comments/docx/7692b33045_super_editor__list_with_break_exported_broken_45__vs__ddfa313a5f_super_editor__list_with_break_from_word_5cc0d638_redline_bfd4f46b68.docx,tracking_without_comments/pdf/7692b33045_super_editor__list_with_break_exported_broken_45__vs__ddfa313a5f_super_editor__list_with_break_from_word_5cc0d638_redline_bfd4f46b68.pdf,tracking_without_comments,word_redlines_superdoc,accept_all
776a437291_behavior__two_column_simple_e77be963__vs__9e80f22c51_behavior__word_native_bullet_circle_80d6f323_redline_3b5978446c,clean/docx/776a437291_behavior__two_column_simple_e77be963,clean/docx/9e80f22c51_behavior__word_native_bullet_circle_80d6f323,behavior__two_column_simple_e77be963,behavior__word_native_bullet_circle_80d6f323,tracking_without_comments/docx/776a437291_behavior__two_column_simple_e77be963__vs__9e80f22c51_behavior__word_native_bullet_circle_80d6f323_redline_3b5978446c.docx,tracking_without_comments/pdf/776a437291_behavior__two_column_simple_e77be963__vs__9e80f22c51_behavior__word_native_bullet_circle_80d6f323_redline_3b5978446c.pdf,tracking_without_comments,word_redlines_superdoc,accept_all
7962b06671_super_editor__bookmark_use_cases_d20f31f6__vs__7a48682ea5_super_editor__superdoc_hyperlink_cases_1dde9cd3_redline_f47143b5cb,clean/docx/7962b06671_super_editor__bookmark_use_cases_d20f31f6,clean/docx/7a48682ea5_super_editor__superdoc_hyperlink_cases_1dde9cd3,super_editor__bookmark_use_cases_d20f31f6,super_editor__superdoc_hyperlink_cases_1dde9cd3,tracking_without_comments/docx/7962b06671_super_editor__bookmark_use_cases_d20f31f6__vs__7a48682ea5_super_editor__superdoc_hyperlink_cases_1dde9cd3_redline_f47143b5cb.docx,tracking_without_comments/pdf/7962b06671_super_editor__bookmark_use_cases_d20f31f6__vs__7a48682ea5_super_editor__superdoc_hyperlink_cases_1dde9cd3_redline_f47143b5cb.pdf,tracking_without_comments,word_redlines_superdoc,accept_all
7a48682ea5_super_editor__superdoc_hyperlink_cases_1dde9cd3__vs__7098537b0d_super_editor__base_custom_544164f9_redline_686a6405b2,clean/docx/7a48682ea5_super_editor__superdoc_hyperlink_cases_1dde9cd3,clean/docx/7098537b0d_super_editor__base_custom_544164f9,super_editor__superdoc_hyperlink_cases_1dde9cd3,super_editor__base_custom_544164f9,tracking_without_comments/docx/7a48682ea5_super_editor__superdoc_hyperlink_cases_1dde9cd3__vs__7098537b0d_super_editor__base_custom_544164f9_redline_686a6405b2.docx,tracking_without_comments/pdf/7a48682ea5_super_editor__superdoc_hyperlink_cases_1dde9cd3__vs__7098537b0d_super_editor__base_custom_544164f9_redline_686a6405b2.pdf,tracking_without_comments,word_redlines_superdoc,accept_all
7a48682ea5_super_editor__superdoc_hyperlink_cases_1dde9cd3__vs__dcf7dd476f_super_editor__superdoc_table_tester_3b2de2e1_redline_7aa8c28597,clean/docx/7a48682ea5_super_editor__superdoc_hyperlink_cases_1dde9cd3,clean/docx/dcf7dd476f_super_editor__superdoc_table_tester_3b2de2e1,super_editor__superdoc_hyperlink_cases_1dde9cd3,super_editor__superdoc_table_tester_3b2de2e1,tracking_without_comments/docx/7a48682ea5_super_editor__superdoc_hyperlink_cases_1dde9cd3__vs__dcf7dd476f_super_editor__superdoc_table_tester_3b2de2e1_redline_7aa8c28597.docx,tracking_without_comments/pdf/7a48682ea5_super_editor__superdoc_hyperlink_cases_1dde9cd3__vs__dcf7dd476f_super_editor__superdoc_table_tester_3b2de2e1_redline_7aa8c28597.pdf,tracking_without_comments,word_redlines_superdoc,accept_all
7b076416b0_sectpr_headerref__vs__0f23eb6c94_super_editor__wmf_emf_44a469b8_redline_2739674623,clean/docx/7b076416b0_sectpr_headerref,clean/docx/0f23eb6c94_super_editor__wmf_emf_44a469b8,sectpr_headerref,super_editor__wmf_emf_44a469b8,tracking_without_comments/docx/7b076416b0_sectpr_headerref__vs__0f23eb6c94_super_editor__wmf_emf_44a469b8_redline_2739674623.docx,tracking_without_comments/pdf/7b076416b0_sectpr_headerref__vs__0f23eb6c94_super_editor__wmf_emf_44a469b8_redline_2739674623.pdf,tracking_without_comments,word_redlines_superdoc,accept_all
7b076416b0_sectpr_headerref__vs__4ba01802a7_super_editor__diff_after_10f1912e_redline_3a7c6c04a0,clean/docx/7b076416b0_sectpr_headerref,clean/docx/4ba01802a7_super_editor__diff_after_10f1912e,sectpr_headerref,super_editor__diff_after_10f1912e,tracking_without_comments/docx/7b076416b0_sectpr_headerref__vs__4ba01802a7_super_editor__diff_after_10f1912e_redline_3a7c6c04a0.docx,tracking_without_comments/pdf/7b076416b0_sectpr_headerref__vs__4ba01802a7_super_editor__diff_after_10f1912e_redline_3a7c6c04a0.pdf,tracking_without_comments,word_redlines_superdoc,accept_all
7c31a68295_behavior__pageref_standalone_h_7b3ab72e__vs__e81d1fa10c_behavior__pageref_standalone_uppercase_h_7701e07_redline_55b5c7ed99,clean/docx/7c31a68295_behavior__pageref_standalone_h_7b3ab72e,clean/docx/e81d1fa10c_behavior__pageref_standalone_uppercase_h_7701e07,behavior__pageref_standalone_h_7b3ab72e,behavior__pageref_standalone_uppercase_h_7701e07f,tracking_without_comments/docx/7c31a68295_behavior__pageref_standalone_h_7b3ab72e__vs__e81d1fa10c_behavior__pageref_standalone_uppercase_h_7701e07_redline_55b5c7ed99.docx,tracking_without_comments/pdf/7c31a68295_behavior__pageref_standalone_h_7b3ab72e__vs__e81d1fa10c_behavior__pageref_standalone_uppercase_h_7701e07_redline_55b5c7ed99.pdf,tracking_without_comments,word_redlines_superdoc,accept_all
7c87c9cd93_super_editor__complex_list_def_short_fde20a67__vs__5d17fd43a9_complex_style_attr_redline_5477ba61c5,clean/docx/7c87c9cd93_super_editor__complex_list_def_short_fde20a67,clean/docx/5d17fd43a9_complex_style_attr,super_editor__complex_list_def_short_fde20a67,complex_style_attr,tracking_without_comments/docx/7c87c9cd93_super_editor__complex_list_def_short_fde20a67__vs__5d17fd43a9_complex_style_attr_redline_5477ba61c5.docx,tracking_without_comments/pdf/7c87c9cd93_super_editor__complex_list_def_short_fde20a67__vs__5d17fd43a9_complex_style_attr_redline_5477ba61c5.pdf,tracking_without_comments,word_redlines_superdoc,accept_all
82348eef4b_multi_section__vs__2f23773d63_super_editor__pagination_blank_2a98ed7a_redline_7188b9787f,clean/docx/82348eef4b_multi_section,clean/docx/2f23773d63_super_editor__pagination_blank_2a98ed7a,multi_section,super_editor__pagination_blank_2a98ed7a,tracking_without_comments/docx/82348eef4b_multi_section__vs__2f23773d63_super_editor__pagination_blank_2a98ed7a_redline_7188b9787f.docx,tracking_without_comments/pdf/82348eef4b_multi_section__vs__2f23773d63_super_editor__pagination_blank_2a98ed7a_redline_7188b9787f.pdf,tracking_without_comments,word_redlines_superdoc,accept_all
837d45926d_super_editor__header_alternating_odd_even_11e019__vs__b27c7b34e9_super_editor__heading_font_46041620_redline_71e859d346,clean/docx/837d45926d_super_editor__header_alternating_odd_even_11e019,clean/docx/b27c7b34e9_super_editor__heading_font_46041620,super_editor__header_alternating_odd_even_11e01996,super_editor__heading_font_46041620,tracking_without_comments/docx/837d45926d_super_editor__header_alternating_odd_even_11e019__vs__b27c7b34e9_super_editor__heading_font_46041620_redline_71e859d346.docx,tracking_without_comments/pdf/837d45926d_super_editor__header_alternating_odd_even_11e019__vs__b27c7b34e9_super_editor__heading_font_46041620_redline_71e859d346.pdf,tracking_without_comments,word_redlines_superdoc,accept_all
8441c4ae21_sd_2517_localized_heading_styles__vs__7e685cbab1_super_editor__ooxml_underline_rstyle_linked_comb_redline_9bd3b882f8,clean/docx/8441c4ae21_sd_2517_localized_heading_styles,clean/docx/7e685cbab1_super_editor__ooxml_underline_rstyle_linked_comb,sd_2517_localized_heading_styles,super_editor__ooxml_underline_rstyle_linked_combos__a40afe78,tracking_without_comments/docx/8441c4ae21_sd_2517_localized_heading_styles__vs__7e685cbab1_super_editor__ooxml_underline_rstyle_linked_comb_redline_9bd3b882f8.docx,tracking_without_comments/pdf/8441c4ae21_sd_2517_localized_heading_styles__vs__7e685cbab1_super_editor__ooxml_underline_rstyle_linked_comb_redline_9bd3b882f8.pdf,tracking_without_comments,word_redlines_superdoc,accept_all
8a553b35e4_super_editor__doc_with_spaces_from_styles_734ca2__vs__0a1badc333_super_editor__missing_sectpr_967a402d_redline_f6082a8100,clean/docx/8a553b35e4_super_editor__doc_with_spaces_from_styles_734ca2,clean/docx/0a1badc333_super_editor__missing_sectpr_967a402d,super_editor__doc_with_spaces_from_styles_734ca26f,super_editor__missing_sectpr_967a402d,tracking_without_comments/docx/8a553b35e4_super_editor__doc_with_spaces_from_styles_734ca2__vs__0a1badc333_super_editor__missing_sectpr_967a402d_redline_f6082a8100.docx,tracking_without_comments/pdf/8a553b35e4_super_editor__doc_with_spaces_from_styles_734ca2__vs__0a1badc333_super_editor__missing_sectpr_967a402d_redline_f6082a8100.pdf,tracking_without_comments,word_redlines_superdoc,accept_all
8c7f16e573_super_editor__basic_tracked_change_5a9ff724__vs__d678cb4275_super_editor__blank_doc_b2a325e7_redline_4a526d096f,tracking_without_comments/docx/8c7f16e573_super_editor__basic_tracked_change_5a9ff724,clean/docx/d678cb4275_super_editor__blank_doc_b2a325e7,super_editor__basic_tracked_change_5a9ff724,super_editor__blank_doc_b2a325e7,tracking_without_comments/docx/8c7f16e573_super_editor__basic_tracked_change_5a9ff724__vs__d678cb4275_super_editor__blank_doc_b2a325e7_redline_4a526d096f.docx,tracking_without_comments/pdf/8c7f16e573_super_editor__basic_tracked_change_5a9ff724__vs__d678cb4275_super_editor__blank_doc_b2a325e7_redline_4a526d096f.pdf,tracking_without_comments,word_redlines_superdoc,accept_all
8df6dfa8d7_alternate_content__vs__0b1d0278ce_behavior__math_radical_tests_4c1ce187_redline_57b619e3f7,clean/docx/8df6dfa8d7_alternate_content,clean/docx/0b1d0278ce_behavior__math_radical_tests_4c1ce187,alternate_content,behavior__math_radical_tests_4c1ce187,tracking_without_comments/docx/8df6dfa8d7_alternate_content__vs__0b1d0278ce_behavior__math_radical_tests_4c1ce187_redline_57b619e3f7.docx,tracking_without_comments/pdf/8df6dfa8d7_alternate_content__vs__0b1d0278ce_behavior__math_radical_tests_4c1ce187_redline_57b619e3f7.pdf,tracking_without_comments,word_redlines_superdoc,accept_all
8e672e0a48_super_editor__complex_list_def_short_export_8fa1__vs__7c87c9cd93_super_editor__complex_list_def_short_fde20a67_redline_c14ff08960,clean/docx/8e672e0a48_super_editor__complex_list_def_short_export_8fa1,clean/docx/7c87c9cd93_super_editor__complex_list_def_short_fde20a67,super_editor__complex_list_def_short_export_8fa15950,super_editor__complex_list_def_short_fde20a67,tracking_without_comments/docx/8e672e0a48_super_editor__complex_list_def_short_export_8fa1__vs__7c87c9cd93_super_editor__complex_list_def_short_fde20a67_redline_c14ff08960.docx,tracking_without_comments/pdf/8e672e0a48_super_editor__complex_list_def_short_export_8fa1__vs__7c87c9cd93_super_editor__complex_list_def_short_fde20a67_redline_c14ff08960.pdf,tracking_without_comments,word_redlines_superdoc,accept_all
8ee210e927_super_editor__missing_separator_41c823b9__vs__5add12cb1b_super_editor__msword_tracked_changes_4794adc4_redline_d64aa02646,clean/docx/8ee210e927_super_editor__missing_separator_41c823b9,tracking_without_comments/docx/5add12cb1b_super_editor__msword_tracked_changes_4794adc4,super_editor__missing_separator_41c823b9,super_editor__msword_tracked_changes_4794adc4,tracking_without_comments/docx/8ee210e927_super_editor__missing_separator_41c823b9__vs__5add12cb1b_super_editor__msword_tracked_changes_4794adc4_redline_d64aa02646.docx,tracking_without_comments/pdf/8ee210e927_super_editor__missing_separator_41c823b9__vs__5add12cb1b_super_editor__msword_tracked_changes_4794adc4_redline_d64aa02646.pdf,tracking_without_comments,word_redlines_superdoc,accept_all
8fb278cb36_word_tolerated_duplicate_ppr__vs__59e262115f_super_editor__features_redlines_comments_annotat_redline_c12ee3e25e,clean/docx/8fb278cb36_word_tolerated_duplicate_ppr,with_comments_tracking/docx/59e262115f_super_editor__features_redlines_comments_annotat,word_tolerated_duplicate_ppr,super_editor__features_redlines_comments_annotation_769ed131,tracking_without_comments/docx/8fb278cb36_word_tolerated_duplicate_ppr__vs__59e262115f_super_editor__features_redlines_comments_annotat_redline_c12ee3e25e.docx,tracking_without_comments/pdf/8fb278cb36_word_tolerated_duplicate_ppr__vs__59e262115f_super_editor__features_redlines_comments_annotat_redline_c12ee3e25e.pdf,tracking_without_comments,word_redlines_superdoc,accept_all
902a69f0e4_super_editor__line_space_table_9b1ee54b__vs__5e5fa9b5fb_super_editor__list_def_mix_d7cec092_redline_b0148e9dd0,clean/docx/902a69f0e4_super_editor__line_space_table_9b1ee54b,clean/docx/5e5fa9b5fb_super_editor__list_def_mix_d7cec092,super_editor__line_space_table_9b1ee54b,super_editor__list_def_mix_d7cec092,tracking_without_comments/docx/902a69f0e4_super_editor__line_space_table_9b1ee54b__vs__5e5fa9b5fb_super_editor__list_def_mix_d7cec092_redline_b0148e9dd0.docx,tracking_without_comments/pdf/902a69f0e4_super_editor__line_space_table_9b1ee54b__vs__5e5fa9b5fb_super_editor__list_def_mix_d7cec092_redline_b0148e9dd0.pdf,tracking_without_comments,word_redlines_superdoc,accept_all
9332d3001f_super_editor__sdpr_titleonly_b0796676__vs__3b639ef236_super_editor__sdpr_8cc15994_redline_58cf51a1e4,clean/docx/9332d3001f_super_editor__sdpr_titleonly_b0796676,tracking_without_comments/docx/3b639ef236_super_editor__sdpr_8cc15994,super_editor__sdpr_titleonly_b0796676,super_editor__sdpr_8cc15994,tracking_without_comments/docx/9332d3001f_super_editor__sdpr_titleonly_b0796676__vs__3b639ef236_super_editor__sdpr_8cc15994_redline_58cf51a1e4.docx,tracking_without_comments/pdf/9332d3001f_super_editor__sdpr_titleonly_b0796676__vs__3b639ef236_super_editor__sdpr_8cc15994_redline_58cf51a1e4.pdf,tracking_without_comments,word_redlines_superdoc,accept_all
9586202517_super_editor__two_column_two_page_0b8a37c5__vs__7b076416b0_sectpr_headerref_redline_170add5b1c,clean/docx/9586202517_super_editor__two_column_two_page_0b8a37c5,clean/docx/7b076416b0_sectpr_headerref,super_editor__two_column_two_page_0b8a37c5,sectpr_headerref,tracking_without_comments/docx/9586202517_super_editor__two_column_two_page_0b8a37c5__vs__7b076416b0_sectpr_headerref_redline_170add5b1c.docx,tracking_without_comments/pdf/9586202517_super_editor__two_column_two_page_0b8a37c5__vs__7b076416b0_sectpr_headerref_redline_170add5b1c.pdf,tracking_without_comments,word_redlines_superdoc,accept_all
96fa27757a_behavior__rtl_page_numpages_54739e26__vs__4cb1926093_behavior__sd_1960_word_replacement_no_comments_1_redline_a57fd27d47,clean/docx/96fa27757a_behavior__rtl_page_numpages_54739e26,tracking_without_comments/docx/4cb1926093_behavior__sd_1960_word_replacement_no_comments_1,behavior__rtl_page_numpages_54739e26,behavior__sd_1960_word_replacement_no_comments_187e8147,tracking_without_comments/docx/96fa27757a_behavior__rtl_page_numpages_54739e26__vs__4cb1926093_behavior__sd_1960_word_replacement_no_comments_1_redline_a57fd27d47.docx,tracking_without_comments/pdf/96fa27757a_behavior__rtl_page_numpages_54739e26__vs__4cb1926093_behavior__sd_1960_word_replacement_no_comments_1_redline_a57fd27d47.pdf,tracking_without_comments,word_redlines_superdoc,accept_all
970e9bbbcc_behavior__math_all_objects_36ab389c__vs__f795b96ac4_behavior__math_delimiter_tests_c9d034dc_redline_1b55e27189,clean/docx/970e9bbbcc_behavior__math_all_objects_36ab389c,clean/docx/f795b96ac4_behavior__math_delimiter_tests_c9d034dc,behavior__math_all_objects_36ab389c,behavior__math_delimiter_tests_c9d034dc,tracking_without_comments/docx/970e9bbbcc_behavior__math_all_objects_36ab389c__vs__f795b96ac4_behavior__math_delimiter_tests_c9d034dc_redline_1b55e27189.docx,tracking_without_comments/pdf/970e9bbbcc_behavior__math_all_objects_36ab389c__vs__f795b96ac4_behavior__math_delimiter_tests_c9d034dc_redline_1b55e27189.pdf,tracking_without_comments,word_redlines_superdoc,accept_all
972dc076c1_super_editor__longer_header_sign_area_7c80b525__vs__0a1badc333_super_editor__missing_sectpr_967a402d_redline_aeebe78a1f,clean/docx/972dc076c1_super_editor__longer_header_sign_area_7c80b525,clean/docx/0a1badc333_super_editor__missing_sectpr_967a402d,super_editor__longer_header_sign_area_7c80b525,super_editor__missing_sectpr_967a402d,tracking_without_comments/docx/972dc076c1_super_editor__longer_header_sign_area_7c80b525__vs__0a1badc333_super_editor__missing_sectpr_967a402d_redline_aeebe78a1f.docx,tracking_without_comments/pdf/972dc076c1_super_editor__longer_header_sign_area_7c80b525__vs__0a1badc333_super_editor__missing_sectpr_967a402d_redline_aeebe78a1f.pdf,tracking_without_comments,word_redlines_superdoc,accept_all
98bc895b4b_super_editor__listwithspacernodes_cf53e890__vs__36c5050fba_super_editor__list_with_indents_efc7d4f5_redline_f132d0152a,clean/docx/98bc895b4b_super_editor__listwithspacernodes_cf53e890,clean/docx/36c5050fba_super_editor__list_with_indents_efc7d4f5,super_editor__listWithSpacerNodes_cf53e890,super_editor__list_with_indents_efc7d4f5,tracking_without_comments/docx/98bc895b4b_super_editor__listwithspacernodes_cf53e890__vs__36c5050fba_super_editor__list_with_indents_efc7d4f5_redline_f132d0152a.docx,tracking_without_comments/pdf/98bc895b4b_super_editor__listwithspacernodes_cf53e890__vs__36c5050fba_super_editor__list_with_indents_efc7d4f5_redline_f132d0152a.pdf,tracking_without_comments,word_redlines_superdoc,accept_all
9b9fce74d9_super_editor__basic_list_0fcfe705__vs__301e302820_super_editor__basic_page_nums_d5b08fc3_redline_1743e156b7,clean/docx/9b9fce74d9_super_editor__basic_list_0fcfe705,clean/docx/301e302820_super_editor__basic_page_nums_d5b08fc3,super_editor__basic_list_0fcfe705,super_editor__basic_page_nums_d5b08fc3,tracking_without_comments/docx/9b9fce74d9_super_editor__basic_list_0fcfe705__vs__301e302820_super_editor__basic_page_nums_d5b08fc3_redline_1743e156b7.docx,tracking_without_comments/pdf/9b9fce74d9_super_editor__basic_list_0fcfe705__vs__301e302820_super_editor__basic_page_nums_d5b08fc3_redline_1743e156b7.pdf,tracking_without_comments,word_redlines_superdoc,accept_all
9e4a01de0a_evals__employment_offer_4cf5a872__vs__546864032e_evals__lease_agreement_7081191d_redline_ba972e3493,clean/docx/9e4a01de0a_evals__employment_offer_4cf5a872,clean/docx/546864032e_evals__lease_agreement_7081191d,evals__employment_offer_4cf5a872,evals__lease_agreement_7081191d,tracking_without_comments/docx/9e4a01de0a_evals__employment_offer_4cf5a872__vs__546864032e_evals__lease_agreement_7081191d_redline_ba972e3493.docx,tracking_without_comments/pdf/9e4a01de0a_evals__employment_offer_4cf5a872__vs__546864032e_evals__lease_agreement_7081191d_redline_ba972e3493.pdf,tracking_without_comments,word_redlines_superdoc,accept_all
9e80f22c51_behavior__word_native_bullet_circle_80d6f323__vs__79cb6b6c0f_behavior__word_native_bullet_disc_bfbeb2dd_redline_7327c473dc,clean/docx/9e80f22c51_behavior__word_native_bullet_circle_80d6f323,clean/docx/79cb6b6c0f_behavior__word_native_bullet_disc_bfbeb2dd,behavior__word_native_bullet_circle_80d6f323,behavior__word_native_bullet_disc_bfbeb2dd,tracking_without_comments/docx/9e80f22c51_behavior__word_native_bullet_circle_80d6f323__vs__79cb6b6c0f_behavior__word_native_bullet_disc_bfbeb2dd_redline_7327c473dc.docx,tracking_without_comments/pdf/9e80f22c51_behavior__word_native_bullet_circle_80d6f323__vs__79cb6b6c0f_behavior__word_native_bullet_disc_bfbeb2dd_redline_7327c473dc.pdf,tracking_without_comments,word_redlines_superdoc,accept_all
9e9d83978b_super_editor__sublist_issue_66a1800a__vs__b3028f2d5b_super_editor__super_basic_table_86d8d916_redline_b3e9c8532e,clean/docx/9e9d83978b_super_editor__sublist_issue_66a1800a,clean/docx/b3028f2d5b_super_editor__super_basic_table_86d8d916,super_editor__sublist_issue_66a1800a,super_editor__super_basic_table_86d8d916,tracking_without_comments/docx/9e9d83978b_super_editor__sublist_issue_66a1800a__vs__b3028f2d5b_super_editor__super_basic_table_86d8d916_redline_b3e9c8532e.docx,tracking_without_comments/pdf/9e9d83978b_super_editor__sublist_issue_66a1800a__vs__b3028f2d5b_super_editor__super_basic_table_86d8d916_redline_b3e9c8532e.pdf,tracking_without_comments,word_redlines_superdoc,accept_all
9ef2a93274_super_editor__tab_alignment_test_184edb5d__vs__37f61a9c26_super_editor__tab_test_576c8317_redline_eb889d8159,clean/docx/9ef2a93274_super_editor__tab_alignment_test_184edb5d,clean/docx/37f61a9c26_super_editor__tab_test_576c8317,super_editor__tab_alignment_test_184edb5d,super_editor__tab_test_576c8317,tracking_without_comments/docx/9ef2a93274_super_editor__tab_alignment_test_184edb5d__vs__37f61a9c26_super_editor__tab_test_576c8317_redline_eb889d8159.docx,tracking_without_comments/pdf/9ef2a93274_super_editor__tab_alignment_test_184edb5d__vs__37f61a9c26_super_editor__tab_test_576c8317_redline_eb889d8159.pdf,tracking_without_comments,word_redlines_superdoc,accept_all
a04e2d2749_ooxml_style_link__vs__668fe0a735_super_editor__ooxml_bold_vals_demo_9e688d8f_redline_f51bf4d7a2,clean/docx/a04e2d2749_ooxml_style_link,clean/docx/668fe0a735_super_editor__ooxml_bold_vals_demo_9e688d8f,ooxml_style_link,super_editor__ooxml_bold_vals_demo_9e688d8f,tracking_without_comments/docx/a04e2d2749_ooxml_style_link__vs__668fe0a735_super_editor__ooxml_bold_vals_demo_9e688d8f_redline_f51bf4d7a2.docx,tracking_without_comments/pdf/a04e2d2749_ooxml_style_link__vs__668fe0a735_super_editor__ooxml_bold_vals_demo_9e688d8f_redline_f51bf4d7a2.pdf,tracking_without_comments,word_redlines_superdoc,accept_all
a21c45464c_super_editor__shape_group_ce60e1e6__vs__14211b982b_super_editor__simple_ordered_list_8288421a_redline_764c23f57d,clean/docx/a21c45464c_super_editor__shape_group_ce60e1e6,clean/docx/14211b982b_super_editor__simple_ordered_list_8288421a,super_editor__shape_group_ce60e1e6,super_editor__simple_ordered_list_8288421a,tracking_without_comments/docx/a21c45464c_super_editor__shape_group_ce60e1e6__vs__14211b982b_super_editor__simple_ordered_list_8288421a_redline_764c23f57d.docx,tracking_without_comments/pdf/a21c45464c_super_editor__shape_group_ce60e1e6__vs__14211b982b_super_editor__simple_ordered_list_8288421a_redline_764c23f57d.pdf,tracking_without_comments,word_redlines_superdoc,accept_all
a24b3782e4_super_editor__list_with_table_break_ff0c4c1f__vs__98bc895b4b_super_editor__listwithspacernodes_cf53e890_redline_d7c9740ae5,clean/docx/a24b3782e4_super_editor__list_with_table_break_ff0c4c1f,clean/docx/98bc895b4b_super_editor__listwithspacernodes_cf53e890,super_editor__list_with_table_break_ff0c4c1f,super_editor__listWithSpacerNodes_cf53e890,tracking_without_comments/docx/a24b3782e4_super_editor__list_with_table_break_ff0c4c1f__vs__98bc895b4b_super_editor__listwithspacernodes_cf53e890_redline_d7c9740ae5.docx,tracking_without_comments/pdf/a24b3782e4_super_editor__list_with_table_break_ff0c4c1f__vs__98bc895b4b_super_editor__listwithspacernodes_cf53e890_redline_d7c9740ae5.pdf,tracking_without_comments,word_redlines_superdoc,accept_all
a291bf4a73_behavior__rtl_header_footer_e1ac81f6__vs__10415d5332_behavior__rtl_mixed_bidi_e955f185_redline_13d572a45f,clean/docx/a291bf4a73_behavior__rtl_header_footer_e1ac81f6,clean/docx/10415d5332_behavior__rtl_mixed_bidi_e955f185,behavior__rtl_header_footer_e1ac81f6,behavior__rtl_mixed_bidi_e955f185,tracking_without_comments/docx/a291bf4a73_behavior__rtl_header_footer_e1ac81f6__vs__10415d5332_behavior__rtl_mixed_bidi_e955f185_redline_13d572a45f.docx,tracking_without_comments/pdf/a291bf4a73_behavior__rtl_header_footer_e1ac81f6__vs__10415d5332_behavior__rtl_mixed_bidi_e955f185_redline_13d572a45f.pdf,tracking_without_comments,word_redlines_superdoc,accept_all
a291bf4a73_behavior__rtl_header_footer_e1ac81f6__vs__7c87c9cd93_super_editor__complex_list_def_short_fde20a67_redline_805b1d56a0,clean/docx/a291bf4a73_behavior__rtl_header_footer_e1ac81f6,clean/docx/7c87c9cd93_super_editor__complex_list_def_short_fde20a67,behavior__rtl_header_footer_e1ac81f6,super_editor__complex_list_def_short_fde20a67,tracking_without_comments/docx/a291bf4a73_behavior__rtl_header_footer_e1ac81f6__vs__7c87c9cd93_super_editor__complex_list_def_short_fde20a67_redline_805b1d56a0.docx,tracking_without_comments/pdf/a291bf4a73_behavior__rtl_header_footer_e1ac81f6__vs__7c87c9cd93_super_editor__complex_list_def_short_fde20a67_redline_805b1d56a0.pdf,tracking_without_comments,word_redlines_superdoc,accept_all
ab859711f4_super_editor__custom_list_numbering1_7eb9fda4__vs__498a050671_super_editor__custom_list1_77f82bd7_redline_c277edafd3,clean/docx/ab859711f4_super_editor__custom_list_numbering1_7eb9fda4,clean/docx/498a050671_super_editor__custom_list1_77f82bd7,super_editor__custom_list_numbering1_7eb9fda4,super_editor__custom_list1_77f82bd7,tracking_without_comments/docx/ab859711f4_super_editor__custom_list_numbering1_7eb9fda4__vs__498a050671_super_editor__custom_list1_77f82bd7_redline_c277edafd3.docx,tracking_without_comments/pdf/ab859711f4_super_editor__custom_list_numbering1_7eb9fda4__vs__498a050671_super_editor__custom_list1_77f82bd7_redline_c277edafd3.pdf,tracking_without_comments,word_redlines_superdoc,accept_all
accec0538a_anchor_images__vs__6d773ca294_super_editor__annot2_03ae6b74_redline_250b44c074,clean/docx/accec0538a_anchor_images,clean/docx/6d773ca294_super_editor__annot2_03ae6b74,anchor_images,super_editor__annot2_03ae6b74,tracking_without_comments/docx/accec0538a_anchor_images__vs__6d773ca294_super_editor__annot2_03ae6b74_redline_250b44c074.docx,tracking_without_comments/pdf/accec0538a_anchor_images__vs__6d773ca294_super_editor__annot2_03ae6b74_redline_250b44c074.pdf,tracking_without_comments,word_redlines_superdoc,accept_all
accec0538a_anchor_images__vs__d72fd74138_super_editor__ooxml_color_rstyle_linked_combos_d_redline_66a6739bf5,clean/docx/accec0538a_anchor_images,clean/docx/d72fd74138_super_editor__ooxml_color_rstyle_linked_combos_d,anchor_images,super_editor__ooxml_color_rstyle_linked_combos_demo_23e43bed,tracking_without_comments/docx/accec0538a_anchor_images__vs__d72fd74138_super_editor__ooxml_color_rstyle_linked_combos_d_redline_66a6739bf5.docx,tracking_without_comments/pdf/accec0538a_anchor_images__vs__d72fd74138_super_editor__ooxml_color_rstyle_linked_combos_d_redline_66a6739bf5.pdf,tracking_without_comments,word_redlines_superdoc,accept_all
ad00cf90d7_doc_api_stories__diff_doc2_bc0da0ce__vs__18eb110b3b_numwords_fldsimple_redline_b778cdcad3,clean/docx/ad00cf90d7_doc_api_stories__diff_doc2_bc0da0ce,clean/docx/18eb110b3b_numwords_fldsimple,doc_api_stories__diff_doc2_bc0da0ce,numwords_fldsimple,tracking_without_comments/docx/ad00cf90d7_doc_api_stories__diff_doc2_bc0da0ce__vs__18eb110b3b_numwords_fldsimple_redline_b778cdcad3.docx,tracking_without_comments/pdf/ad00cf90d7_doc_api_stories__diff_doc2_bc0da0ce__vs__18eb110b3b_numwords_fldsimple_redline_b778cdcad3.pdf,tracking_without_comments,word_redlines_superdoc,accept_all
ad43500302_super_editor__list_numbering_reimport_d788d573__vs__ca44eef662_super_editor__list_spacer1_06383c66_redline_0e31ba5d43,clean/docx/ad43500302_super_editor__list_numbering_reimport_d788d573,clean/docx/ca44eef662_super_editor__list_spacer1_06383c66,super_editor__list_numbering_reimport_d788d573,super_editor__list_spacer1_06383c66,tracking_without_comments/docx/ad43500302_super_editor__list_numbering_reimport_d788d573__vs__ca44eef662_super_editor__list_spacer1_06383c66_redline_0e31ba5d43.docx,tracking_without_comments/pdf/ad43500302_super_editor__list_numbering_reimport_d788d573__vs__ca44eef662_super_editor__list_spacer1_06383c66_redline_0e31ba5d43.pdf,tracking_without_comments,word_redlines_superdoc,accept_all
ae9360e096_behavior__sd_2672_merged_table_821b922c__vs__a5903a7c15_super_editor__pci_table_dc840852_redline_4f427d1e19,clean/docx/ae9360e096_behavior__sd_2672_merged_table_821b922c,clean/docx/a5903a7c15_super_editor__pci_table_dc840852,behavior__sd_2672_merged_table_821b922c,super_editor__pci_table_dc840852,tracking_without_comments/docx/ae9360e096_behavior__sd_2672_merged_table_821b922c__vs__a5903a7c15_super_editor__pci_table_dc840852_redline_4f427d1e19.docx,tracking_without_comments/pdf/ae9360e096_behavior__sd_2672_merged_table_821b922c__vs__a5903a7c15_super_editor__pci_table_dc840852_redline_4f427d1e19.pdf,tracking_without_comments,word_redlines_superdoc,accept_all
b27c7b34e9_super_editor__heading_font_46041620__vs__bf50ee8ac4_super_editor__hummingbird_c5e5ac81_redline_ece1164343,clean/docx/b27c7b34e9_super_editor__heading_font_46041620,clean/docx/bf50ee8ac4_super_editor__hummingbird_c5e5ac81,super_editor__heading_font_46041620,super_editor__hummingbird_c5e5ac81,tracking_without_comments/docx/b27c7b34e9_super_editor__heading_font_46041620__vs__bf50ee8ac4_super_editor__hummingbird_c5e5ac81_redline_ece1164343.docx,tracking_without_comments/pdf/b27c7b34e9_super_editor__heading_font_46041620__vs__bf50ee8ac4_super_editor__hummingbird_c5e5ac81_redline_ece1164343.pdf,tracking_without_comments,word_redlines_superdoc,accept_all
b3028f2d5b_super_editor__super_basic_table_86d8d916__vs__7a48682ea5_super_editor__superdoc_hyperlink_cases_1dde9cd3_redline_8568a9817b,clean/docx/b3028f2d5b_super_editor__super_basic_table_86d8d916,clean/docx/7a48682ea5_super_editor__superdoc_hyperlink_cases_1dde9cd3,super_editor__super_basic_table_86d8d916,super_editor__superdoc_hyperlink_cases_1dde9cd3,tracking_without_comments/docx/b3028f2d5b_super_editor__super_basic_table_86d8d916__vs__7a48682ea5_super_editor__superdoc_hyperlink_cases_1dde9cd3_redline_8568a9817b.docx,tracking_without_comments/pdf/b3028f2d5b_super_editor__super_basic_table_86d8d916__vs__7a48682ea5_super_editor__superdoc_hyperlink_cases_1dde9cd3_redline_8568a9817b.pdf,tracking_without_comments,word_redlines_superdoc,accept_all
ba54aaab82_super_editor__ooxml_italic_rstyle_combos_demo_90__vs__ee61fb4ab3_super_editor__base_ordered_fdff1fb2_redline_660916ed5f,clean/docx/ba54aaab82_super_editor__ooxml_italic_rstyle_combos_demo_90,clean/docx/ee61fb4ab3_super_editor__base_ordered_fdff1fb2,super_editor__ooxml_italic_rstyle_combos_demo_90894ac1,super_editor__base_ordered_fdff1fb2,tracking_without_comments/docx/ba54aaab82_super_editor__ooxml_italic_rstyle_combos_demo_90__vs__ee61fb4ab3_super_editor__base_ordered_fdff1fb2_redline_660916ed5f.docx,tracking_without_comments/pdf/ba54aaab82_super_editor__ooxml_italic_rstyle_combos_demo_90__vs__ee61fb4ab3_super_editor__base_ordered_fdff1fb2_redline_660916ed5f.pdf,tracking_without_comments,word_redlines_superdoc,accept_all
ba54c6632c_super_editor__ooxml_rfonts_rstyle_linked_combos__vs__667af231c2_behavior__sd_2672_rtl_table_63bd9d10_redline_b26364fa4f,clean/docx/ba54c6632c_super_editor__ooxml_rfonts_rstyle_linked_combos,clean/docx/667af231c2_behavior__sd_2672_rtl_table_63bd9d10,super_editor__ooxml_rFonts_rstyle_linked_combos_dem_213298de,behavior__sd_2672_rtl_table_63bd9d10,tracking_without_comments/docx/ba54c6632c_super_editor__ooxml_rfonts_rstyle_linked_combos__vs__667af231c2_behavior__sd_2672_rtl_table_63bd9d10_redline_b26364fa4f.docx,tracking_without_comments/pdf/ba54c6632c_super_editor__ooxml_rfonts_rstyle_linked_combos__vs__667af231c2_behavior__sd_2672_rtl_table_63bd9d10_redline_b26364fa4f.pdf,tracking_without_comments,word_redlines_superdoc,accept_all
ba54c6632c_super_editor__ooxml_rfonts_rstyle_linked_combos__vs__6ca202588b_super_editor__ooxml_size_rstyle_linked_combos_de_redline_be14e9f3b9,clean/docx/ba54c6632c_super_editor__ooxml_rfonts_rstyle_linked_combos,clean/docx/6ca202588b_super_editor__ooxml_size_rstyle_linked_combos_de,super_editor__ooxml_rFonts_rstyle_linked_combos_dem_213298de,super_editor__ooxml_size_rstyle_linked_combos_demo_017c9552,tracking_without_comments/docx/ba54c6632c_super_editor__ooxml_rfonts_rstyle_linked_combos__vs__6ca202588b_super_editor__ooxml_size_rstyle_linked_combos_de_redline_be14e9f3b9.docx,tracking_without_comments/pdf/ba54c6632c_super_editor__ooxml_rfonts_rstyle_linked_combos__vs__6ca202588b_super_editor__ooxml_size_rstyle_linked_combos_de_redline_be14e9f3b9.pdf,tracking_without_comments,word_redlines_superdoc,accept_all
ba54c6632c_super_editor__ooxml_rfonts_rstyle_linked_combos__vs__ced58cbf54_super_editor__sd_1494_table_left_indent_03277d35_redline_12628c3805,clean/docx/ba54c6632c_super_editor__ooxml_rfonts_rstyle_linked_combos,clean/docx/ced58cbf54_super_editor__sd_1494_table_left_indent_03277d35,super_editor__ooxml_rFonts_rstyle_linked_combos_dem_213298de,super_editor__sd_1494_table_left_indent_03277d35,tracking_without_comments/docx/ba54c6632c_super_editor__ooxml_rfonts_rstyle_linked_combos__vs__ced58cbf54_super_editor__sd_1494_table_left_indent_03277d35_redline_12628c3805.docx,tracking_without_comments/pdf/ba54c6632c_super_editor__ooxml_rfonts_rstyle_linked_combos__vs__ced58cbf54_super_editor__sd_1494_table_left_indent_03277d35_redline_12628c3805.pdf,tracking_without_comments,word_redlines_superdoc,accept_all
bb9c5a8bd5_doc_api_stories__table_style_options_roundtrip_1__vs__22ccb1b200_super_editor__diff_after19_79c6b379_redline_ccb1abd033,clean/docx/bb9c5a8bd5_doc_api_stories__table_style_options_roundtrip_1,clean/docx/22ccb1b200_super_editor__diff_after19_79c6b379,doc_api_stories__table_style_options_roundtrip_10222e60,super_editor__diff_after19_79c6b379,tracking_without_comments/docx/bb9c5a8bd5_doc_api_stories__table_style_options_roundtrip_1__vs__22ccb1b200_super_editor__diff_after19_79c6b379_redline_ccb1abd033.docx,tracking_without_comments/pdf/bb9c5a8bd5_doc_api_stories__table_style_options_roundtrip_1__vs__22ccb1b200_super_editor__diff_after19_79c6b379_redline_ccb1abd033.pdf,tracking_without_comments,word_redlines_superdoc,accept_all
bc78614a22_super_editor__gdocs_tracked_changes_3c1de315__vs__279abea8ce_super_editor__h_f_normal_odd_even_firstpg_9b210d_redline_59d7431859,tracking_without_comments/docx/bc78614a22_super_editor__gdocs_tracked_changes_3c1de315,clean/docx/279abea8ce_super_editor__h_f_normal_odd_even_firstpg_9b210d,super_editor__gdocs_tracked_changes_3c1de315,super_editor__h_f_normal_odd_even_firstpg_9b210d9a,tracking_without_comments/docx/bc78614a22_super_editor__gdocs_tracked_changes_3c1de315__vs__279abea8ce_super_editor__h_f_normal_odd_even_firstpg_9b210d_redline_59d7431859.docx,tracking_without_comments/pdf/bc78614a22_super_editor__gdocs_tracked_changes_3c1de315__vs__279abea8ce_super_editor__h_f_normal_odd_even_firstpg_9b210d_redline_59d7431859.pdf,tracking_without_comments,word_redlines_superdoc,accept_all
bcc7379f64_super_editor__paragraph_spacing_missing_de418c38__vs__a5903a7c15_super_editor__pci_table_dc840852_redline_98d7eb9d7e,clean/docx/bcc7379f64_super_editor__paragraph_spacing_missing_de418c38,clean/docx/a5903a7c15_super_editor__pci_table_dc840852,super_editor__paragraph_spacing_missing_de418c38,super_editor__pci_table_dc840852,tracking_without_comments/docx/bcc7379f64_super_editor__paragraph_spacing_missing_de418c38__vs__a5903a7c15_super_editor__pci_table_dc840852_redline_98d7eb9d7e.docx,tracking_without_comments/pdf/bcc7379f64_super_editor__paragraph_spacing_missing_de418c38__vs__a5903a7c15_super_editor__pci_table_dc840852_redline_98d7eb9d7e.pdf,tracking_without_comments,word_redlines_superdoc,accept_all
bcc7379f64_super_editor__paragraph_spacing_missing_de418c38__vs__dd6dbfb284_super_editor__diff_after2_fc1e0763_redline_66e78aa205,clean/docx/bcc7379f64_super_editor__paragraph_spacing_missing_de418c38,clean/docx/dd6dbfb284_super_editor__diff_after2_fc1e0763,super_editor__paragraph_spacing_missing_de418c38,super_editor__diff_after2_fc1e0763,tracking_without_comments/docx/bcc7379f64_super_editor__paragraph_spacing_missing_de418c38__vs__dd6dbfb284_super_editor__diff_after2_fc1e0763_redline_66e78aa205.docx,tracking_without_comments/pdf/bcc7379f64_super_editor__paragraph_spacing_missing_de418c38__vs__dd6dbfb284_super_editor__diff_after2_fc1e0763_redline_66e78aa205.pdf,tracking_without_comments,word_redlines_superdoc,accept_all
bd7b6b2bd0_super_editor__pagination_with_hard_break_8ce8c15__vs__8ab3f01cdd_super_editor__paragraph_indent_normal_styles_85f_redline_064fdf1a12,clean/docx/bd7b6b2bd0_super_editor__pagination_with_hard_break_8ce8c15,clean/docx/8ab3f01cdd_super_editor__paragraph_indent_normal_styles_85f,super_editor__pagination_with_hard_break_8ce8c157,super_editor__paragraph_indent_normal_styles_85fe82d8,tracking_without_comments/docx/bd7b6b2bd0_super_editor__pagination_with_hard_break_8ce8c15__vs__8ab3f01cdd_super_editor__paragraph_indent_normal_styles_85f_redline_064fdf1a12.docx,tracking_without_comments/pdf/bd7b6b2bd0_super_editor__pagination_with_hard_break_8ce8c15__vs__8ab3f01cdd_super_editor__paragraph_indent_normal_styles_85f_redline_064fdf1a12.pdf,tracking_without_comments,word_redlines_superdoc,accept_all
bf50ee8ac4_super_editor__hummingbird_c5e5ac81__vs__9e4a01de0a_evals__employment_offer_4cf5a872_redline_a592f044b1,clean/docx/bf50ee8ac4_super_editor__hummingbird_c5e5ac81,clean/docx/9e4a01de0a_evals__employment_offer_4cf5a872,super_editor__hummingbird_c5e5ac81,evals__employment_offer_4cf5a872,tracking_without_comments/docx/bf50ee8ac4_super_editor__hummingbird_c5e5ac81__vs__9e4a01de0a_evals__employment_offer_4cf5a872_redline_a592f044b1.docx,tracking_without_comments/pdf/bf50ee8ac4_super_editor__hummingbird_c5e5ac81__vs__9e4a01de0a_evals__employment_offer_4cf5a872_redline_a592f044b1.pdf,tracking_without_comments,word_redlines_superdoc,accept_all
c1023db5c5_super_editor__fields_test_4a8ffd8c__vs__8441c4ae21_sd_2517_localized_heading_styles_redline_2bfe0e2aef,clean/docx/c1023db5c5_super_editor__fields_test_4a8ffd8c,clean/docx/8441c4ae21_sd_2517_localized_heading_styles,super_editor__fields_test_4a8ffd8c,sd_2517_localized_heading_styles,tracking_without_comments/docx/c1023db5c5_super_editor__fields_test_4a8ffd8c__vs__8441c4ae21_sd_2517_localized_heading_styles_redline_2bfe0e2aef.docx,tracking_without_comments/pdf/c1023db5c5_super_editor__fields_test_4a8ffd8c__vs__8441c4ae21_sd_2517_localized_heading_styles_redline_2bfe0e2aef.pdf,tracking_without_comments,word_redlines_superdoc,accept_all
c1023db5c5_super_editor__fields_test_4a8ffd8c__vs__f71a12ee23_super_editor__fields_attrs1_83837249_redline_98ca8d1b5b,clean/docx/c1023db5c5_super_editor__fields_test_4a8ffd8c,clean/docx/f71a12ee23_super_editor__fields_attrs1_83837249,super_editor__fields_test_4a8ffd8c,super_editor__fields_attrs1_83837249,tracking_without_comments/docx/c1023db5c5_super_editor__fields_test_4a8ffd8c__vs__f71a12ee23_super_editor__fields_attrs1_83837249_redline_98ca8d1b5b.docx,tracking_without_comments/pdf/c1023db5c5_super_editor__fields_test_4a8ffd8c__vs__f71a12ee23_super_editor__fields_attrs1_83837249_redline_98ca8d1b5b.pdf,tracking_without_comments,word_redlines_superdoc,accept_all
c498e8c52c_super_editor__contract_acc_bbd983a0__vs__43dd6753e6_super_editor__diff_before7_5bad2542_redline_ee45c5a315,clean/docx/c498e8c52c_super_editor__contract_acc_bbd983a0,clean/docx/43dd6753e6_super_editor__diff_before7_5bad2542,super_editor__contract_acc_bbd983a0,super_editor__diff_before7_5bad2542,tracking_without_comments/docx/c498e8c52c_super_editor__contract_acc_bbd983a0__vs__43dd6753e6_super_editor__diff_before7_5bad2542_redline_ee45c5a315.docx,tracking_without_comments/pdf/c498e8c52c_super_editor__contract_acc_bbd983a0__vs__43dd6753e6_super_editor__diff_before7_5bad2542_redline_ee45c5a315.pdf,tracking_without_comments,word_redlines_superdoc,accept_all
ced58cbf54_super_editor__sd_1494_table_left_indent_03277d35__vs__2c0c942234_super_editor__sd_2766_pirates_tracked_changes_32_redline_75a9d7262b,clean/docx/ced58cbf54_super_editor__sd_1494_table_left_indent_03277d35,tracking_without_comments/docx/2c0c942234_super_editor__sd_2766_pirates_tracked_changes_32,super_editor__sd_1494_table_left_indent_03277d35,super_editor__sd_2766_pirates_tracked_changes_3285d875,tracking_without_comments/docx/ced58cbf54_super_editor__sd_1494_table_left_indent_03277d35__vs__2c0c942234_super_editor__sd_2766_pirates_tracked_changes_32_redline_75a9d7262b.docx,tracking_without_comments/pdf/ced58cbf54_super_editor__sd_1494_table_left_indent_03277d35__vs__2c0c942234_super_editor__sd_2766_pirates_tracked_changes_32_redline_75a9d7262b.pdf,tracking_without_comments,word_redlines_superdoc,accept_all
cfd53bad25_behavior__sd_2672_sdt_table_fc038913__vs__671ff91b1d_behavior__sd_2750_borderbox_7cd3768d_redline_0e3c7a2dc2,clean/docx/cfd53bad25_behavior__sd_2672_sdt_table_fc038913,clean/docx/671ff91b1d_behavior__sd_2750_borderbox_7cd3768d,behavior__sd_2672_sdt_table_fc038913,behavior__sd_2750_borderbox_7cd3768d,tracking_without_comments/docx/cfd53bad25_behavior__sd_2672_sdt_table_fc038913__vs__671ff91b1d_behavior__sd_2750_borderbox_7cd3768d_redline_0e3c7a2dc2.docx,tracking_without_comments/pdf/cfd53bad25_behavior__sd_2672_sdt_table_fc038913__vs__671ff91b1d_behavior__sd_2750_borderbox_7cd3768d_redline_0e3c7a2dc2.pdf,tracking_without_comments,word_redlines_superdoc,accept_all
d0281643d2_super_editor__hello_docx_world_12f11074__vs__4858c9853b_behavior__multi_image_types_b962a2b8_redline_8bdd3868dc,clean/docx/d0281643d2_super_editor__hello_docx_world_12f11074,clean/docx/4858c9853b_behavior__multi_image_types_b962a2b8,super_editor__Hello_docx_world_12f11074,behavior__multi_image_types_b962a2b8,tracking_without_comments/docx/d0281643d2_super_editor__hello_docx_world_12f11074__vs__4858c9853b_behavior__multi_image_types_b962a2b8_redline_8bdd3868dc.docx,tracking_without_comments/pdf/d0281643d2_super_editor__hello_docx_world_12f11074__vs__4858c9853b_behavior__multi_image_types_b962a2b8_redline_8bdd3868dc.pdf,tracking_without_comments,word_redlines_superdoc,accept_all
d678cb4275_super_editor__blank_doc_b2a325e7__vs__89b44c96a7_super_editor__sdts_basic_45263ca5_redline_0efa049487,clean/docx/d678cb4275_super_editor__blank_doc_b2a325e7,clean/docx/89b44c96a7_super_editor__sdts_basic_45263ca5,super_editor__blank_doc_b2a325e7,super_editor__sdts_basic_45263ca5,tracking_without_comments/docx/d678cb4275_super_editor__blank_doc_b2a325e7__vs__89b44c96a7_super_editor__sdts_basic_45263ca5_redline_0efa049487.docx,tracking_without_comments/pdf/d678cb4275_super_editor__blank_doc_b2a325e7__vs__89b44c96a7_super_editor__sdts_basic_45263ca5_redline_0efa049487.pdf,tracking_without_comments,word_redlines_superdoc,accept_all
d6a1c42901_super_editor__diff_before16_f518c031__vs__0e08fd6d80_super_editor__diff_before19_97e0f4e6_redline_889844e29f,clean/docx/d6a1c42901_super_editor__diff_before16_f518c031,clean/docx/0e08fd6d80_super_editor__diff_before19_97e0f4e6,super_editor__diff_before16_f518c031,super_editor__diff_before19_97e0f4e6,tracking_without_comments/docx/d6a1c42901_super_editor__diff_before16_f518c031__vs__0e08fd6d80_super_editor__diff_before19_97e0f4e6_redline_889844e29f.docx,tracking_without_comments/pdf/d6a1c42901_super_editor__diff_before16_f518c031__vs__0e08fd6d80_super_editor__diff_before19_97e0f4e6_redline_889844e29f.pdf,tracking_without_comments,word_redlines_superdoc,accept_all
d776ad9be7_super_editor__multi_section_doc_080d2655__vs__1c5bd81def_super_editor__multiple_nodes_in_list_79d915a2_redline_89dcc843ca,clean/docx/d776ad9be7_super_editor__multi_section_doc_080d2655,clean/docx/1c5bd81def_super_editor__multiple_nodes_in_list_79d915a2,super_editor__multi_section_doc_080d2655,super_editor__multiple_nodes_in_list_79d915a2,tracking_without_comments/docx/d776ad9be7_super_editor__multi_section_doc_080d2655__vs__1c5bd81def_super_editor__multiple_nodes_in_list_79d915a2_redline_89dcc843ca.docx,tracking_without_comments/pdf/d776ad9be7_super_editor__multi_section_doc_080d2655__vs__1c5bd81def_super_editor__multiple_nodes_in_list_79d915a2_redline_89dcc843ca.pdf,tracking_without_comments,word_redlines_superdoc,accept_all
d776ad9be7_super_editor__multi_section_doc_080d2655__vs__e81d1fa10c_behavior__pageref_standalone_uppercase_h_7701e07_redline_787e8e149a,clean/docx/d776ad9be7_super_editor__multi_section_doc_080d2655,clean/docx/e81d1fa10c_behavior__pageref_standalone_uppercase_h_7701e07,super_editor__multi_section_doc_080d2655,behavior__pageref_standalone_uppercase_h_7701e07f,tracking_without_comments/docx/d776ad9be7_super_editor__multi_section_doc_080d2655__vs__e81d1fa10c_behavior__pageref_standalone_uppercase_h_7701e07_redline_787e8e149a.docx,tracking_without_comments/pdf/d776ad9be7_super_editor__multi_section_doc_080d2655__vs__e81d1fa10c_behavior__pageref_standalone_uppercase_h_7701e07_redline_787e8e149a.pdf,tracking_without_comments,word_redlines_superdoc,accept_all
dcf7dd476f_super_editor__superdoc_table_tester_3b2de2e1__vs__9ef2a93274_super_editor__tab_alignment_test_184edb5d_redline_be202a3b7a,clean/docx/dcf7dd476f_super_editor__superdoc_table_tester_3b2de2e1,clean/docx/9ef2a93274_super_editor__tab_alignment_test_184edb5d,super_editor__superdoc_table_tester_3b2de2e1,super_editor__tab_alignment_test_184edb5d,tracking_without_comments/docx/dcf7dd476f_super_editor__superdoc_table_tester_3b2de2e1__vs__9ef2a93274_super_editor__tab_alignment_test_184edb5d_redline_be202a3b7a.docx,tracking_without_comments/pdf/dcf7dd476f_super_editor__superdoc_table_tester_3b2de2e1__vs__9ef2a93274_super_editor__tab_alignment_test_184edb5d_redline_be202a3b7a.pdf,tracking_without_comments,word_redlines_superdoc,accept_all
dd6dbfb284_super_editor__diff_after2_fc1e0763__vs__c51843a182_super_editor__diff_after3_3f4fb6e8_redline_b443fb9207,clean/docx/dd6dbfb284_super_editor__diff_after2_fc1e0763,clean/docx/c51843a182_super_editor__diff_after3_3f4fb6e8,super_editor__diff_after2_fc1e0763,super_editor__diff_after3_3f4fb6e8,tracking_without_comments/docx/dd6dbfb284_super_editor__diff_after2_fc1e0763__vs__c51843a182_super_editor__diff_after3_3f4fb6e8_redline_b443fb9207.docx,tracking_without_comments/pdf/dd6dbfb284_super_editor__diff_after2_fc1e0763__vs__c51843a182_super_editor__diff_after3_3f4fb6e8_redline_b443fb9207.pdf,tracking_without_comments,word_redlines_superdoc,accept_all
ddfa313a5f_super_editor__list_with_break_from_word_5cc0d638__vs__420a528aa0_super_editor__instrtext_angled_brackets_bug_ed56_redline_931691a601,clean/docx/ddfa313a5f_super_editor__list_with_break_from_word_5cc0d638,clean/docx/420a528aa0_super_editor__instrtext_angled_brackets_bug_ed56,super_editor__list_with_break_from_word_5cc0d638,super_editor__instrtext_angled_brackets_bug_ed56f1fe,tracking_without_comments/docx/ddfa313a5f_super_editor__list_with_break_from_word_5cc0d638__vs__420a528aa0_super_editor__instrtext_angled_brackets_bug_ed56_redline_931691a601.docx,tracking_without_comments/pdf/ddfa313a5f_super_editor__list_with_break_from_word_5cc0d638__vs__420a528aa0_super_editor__instrtext_angled_brackets_bug_ed56_redline_931691a601.pdf,tracking_without_comments,word_redlines_superdoc,accept_all
ddfa313a5f_super_editor__list_with_break_from_word_5cc0d638__vs__a24b3782e4_super_editor__list_with_table_break_ff0c4c1f_redline_9c011bc33d,clean/docx/ddfa313a5f_super_editor__list_with_break_from_word_5cc0d638,clean/docx/a24b3782e4_super_editor__list_with_table_break_ff0c4c1f,super_editor__list_with_break_from_word_5cc0d638,super_editor__list_with_table_break_ff0c4c1f,tracking_without_comments/docx/ddfa313a5f_super_editor__list_with_break_from_word_5cc0d638__vs__a24b3782e4_super_editor__list_with_table_break_ff0c4c1f_redline_9c011bc33d.docx,tracking_without_comments/pdf/ddfa313a5f_super_editor__list_with_break_from_word_5cc0d638__vs__a24b3782e4_super_editor__list_with_table_break_ff0c4c1f_redline_9c011bc33d.pdf,tracking_without_comments,word_redlines_superdoc,accept_all
de3c6fded9_super_editor__doc_with_spacing_e3d47bd7__vs__7692b33045_super_editor__list_with_break_exported_broken_45_redline_a1044ca3d9,clean/docx/de3c6fded9_super_editor__doc_with_spacing_e3d47bd7,clean/docx/7692b33045_super_editor__list_with_break_exported_broken_45,super_editor__doc_with_spacing_e3d47bd7,super_editor__list_with_break_exported_broken_45f7bd19,tracking_without_comments/docx/de3c6fded9_super_editor__doc_with_spacing_e3d47bd7__vs__7692b33045_super_editor__list_with_break_exported_broken_45_redline_a1044ca3d9.docx,tracking_without_comments/pdf/de3c6fded9_super_editor__doc_with_spacing_e3d47bd7__vs__7692b33045_super_editor__list_with_break_exported_broken_45_redline_a1044ca3d9.pdf,tracking_without_comments,word_redlines_superdoc,accept_all
de8054b3bc_super_editor__image_p_spacing_9b211fd7__vs__420a528aa0_super_editor__instrtext_angled_brackets_bug_ed56_redline_be43aa147f,clean/docx/de8054b3bc_super_editor__image_p_spacing_9b211fd7,clean/docx/420a528aa0_super_editor__instrtext_angled_brackets_bug_ed56,super_editor__image_p_spacing_9b211fd7,super_editor__instrtext_angled_brackets_bug_ed56f1fe,tracking_without_comments/docx/de8054b3bc_super_editor__image_p_spacing_9b211fd7__vs__420a528aa0_super_editor__instrtext_angled_brackets_bug_ed56_redline_be43aa147f.docx,tracking_without_comments/pdf/de8054b3bc_super_editor__image_p_spacing_9b211fd7__vs__420a528aa0_super_editor__instrtext_angled_brackets_bug_ed56_redline_be43aa147f.pdf,tracking_without_comments,word_redlines_superdoc,accept_all
df3c3e7c40_behavior__math_func_tests_0434dd11__vs__4edcbf241a_behavior__math_groupchr_tests_4a4970fc_redline_fed30d399d,clean/docx/df3c3e7c40_behavior__math_func_tests_0434dd11,clean/docx/4edcbf241a_behavior__math_groupchr_tests_4a4970fc,behavior__math_func_tests_0434dd11,behavior__math_groupchr_tests_4a4970fc,tracking_without_comments/docx/df3c3e7c40_behavior__math_func_tests_0434dd11__vs__4edcbf241a_behavior__math_groupchr_tests_4a4970fc_redline_fed30d399d.docx,tracking_without_comments/pdf/df3c3e7c40_behavior__math_func_tests_0434dd11__vs__4edcbf241a_behavior__math_groupchr_tests_4a4970fc_redline_fed30d399d.pdf,tracking_without_comments,word_redlines_superdoc,accept_all
e451997662_super_editor__h_f_normal_5d2a8d96__vs__837d45926d_super_editor__header_alternating_odd_even_11e019_redline_207a4a8f72,clean/docx/e451997662_super_editor__h_f_normal_5d2a8d96,clean/docx/837d45926d_super_editor__header_alternating_odd_even_11e019,super_editor__h_f_normal_5d2a8d96,super_editor__header_alternating_odd_even_11e01996,tracking_without_comments/docx/e451997662_super_editor__h_f_normal_5d2a8d96__vs__837d45926d_super_editor__header_alternating_odd_even_11e019_redline_207a4a8f72.docx,tracking_without_comments/pdf/e451997662_super_editor__h_f_normal_5d2a8d96__vs__837d45926d_super_editor__header_alternating_odd_even_11e019_redline_207a4a8f72.pdf,tracking_without_comments,word_redlines_superdoc,accept_all
e663016796_behavior__sd_2672_multipara_cell_4d1f068e__vs__2ba392cdd2_super_editor__broken_list_missing_items_36b4199e_redline_ed8a06e4ff,clean/docx/e663016796_behavior__sd_2672_multipara_cell_4d1f068e,clean/docx/2ba392cdd2_super_editor__broken_list_missing_items_36b4199e,behavior__sd_2672_multipara_cell_4d1f068e,super_editor__broken_list_missing_items_36b4199e,tracking_without_comments/docx/e663016796_behavior__sd_2672_multipara_cell_4d1f068e__vs__2ba392cdd2_super_editor__broken_list_missing_items_36b4199e_redline_ed8a06e4ff.docx,tracking_without_comments/pdf/e663016796_behavior__sd_2672_multipara_cell_4d1f068e__vs__2ba392cdd2_super_editor__broken_list_missing_items_36b4199e_redline_ed8a06e4ff.pdf,tracking_without_comments,word_redlines_superdoc,accept_all
e663016796_behavior__sd_2672_multipara_cell_4d1f068e__vs__8ee210e927_super_editor__missing_separator_41c823b9_redline_e981300405,clean/docx/e663016796_behavior__sd_2672_multipara_cell_4d1f068e,clean/docx/8ee210e927_super_editor__missing_separator_41c823b9,behavior__sd_2672_multipara_cell_4d1f068e,super_editor__missing_separator_41c823b9,tracking_without_comments/docx/e663016796_behavior__sd_2672_multipara_cell_4d1f068e__vs__8ee210e927_super_editor__missing_separator_41c823b9_redline_e981300405.docx,tracking_without_comments/pdf/e663016796_behavior__sd_2672_multipara_cell_4d1f068e__vs__8ee210e927_super_editor__missing_separator_41c823b9_redline_e981300405.pdf,tracking_without_comments,word_redlines_superdoc,accept_all
e663016796_behavior__sd_2672_multipara_cell_4d1f068e__vs__cdf27ad0d3_behavior__sd_2672_nested_table_dfac08bb_redline_11e0d1cba7,clean/docx/e663016796_behavior__sd_2672_multipara_cell_4d1f068e,clean/docx/cdf27ad0d3_behavior__sd_2672_nested_table_dfac08bb,behavior__sd_2672_multipara_cell_4d1f068e,behavior__sd_2672_nested_table_dfac08bb,tracking_without_comments/docx/e663016796_behavior__sd_2672_multipara_cell_4d1f068e__vs__cdf27ad0d3_behavior__sd_2672_nested_table_dfac08bb_redline_11e0d1cba7.docx,tracking_without_comments/pdf/e663016796_behavior__sd_2672_multipara_cell_4d1f068e__vs__cdf27ad0d3_behavior__sd_2672_nested_table_dfac08bb_redline_11e0d1cba7.pdf,tracking_without_comments,word_redlines_superdoc,accept_all
e81d1fa10c_behavior__pageref_standalone_uppercase_h_7701e07__vs__3d8acd6139_super_editor__restart_numbering_sub_list_85ddcb7_redline_89ed94efff,clean/docx/e81d1fa10c_behavior__pageref_standalone_uppercase_h_7701e07,clean/docx/3d8acd6139_super_editor__restart_numbering_sub_list_85ddcb7,behavior__pageref_standalone_uppercase_h_7701e07f,super_editor__restart_numbering_sub_list_85ddcb79,tracking_without_comments/docx/e81d1fa10c_behavior__pageref_standalone_uppercase_h_7701e07__vs__3d8acd6139_super_editor__restart_numbering_sub_list_85ddcb7_redline_89ed94efff.docx,tracking_without_comments/pdf/e81d1fa10c_behavior__pageref_standalone_uppercase_h_7701e07__vs__3d8acd6139_super_editor__restart_numbering_sub_list_85ddcb7_redline_89ed94efff.pdf,tracking_without_comments,word_redlines_superdoc,accept_all
e81d1fa10c_behavior__pageref_standalone_uppercase_h_7701e07__vs__a291bf4a73_behavior__rtl_header_footer_e1ac81f6_redline_780888b561,clean/docx/e81d1fa10c_behavior__pageref_standalone_uppercase_h_7701e07,clean/docx/a291bf4a73_behavior__rtl_header_footer_e1ac81f6,behavior__pageref_standalone_uppercase_h_7701e07f,behavior__rtl_header_footer_e1ac81f6,tracking_without_comments/docx/e81d1fa10c_behavior__pageref_standalone_uppercase_h_7701e07__vs__a291bf4a73_behavior__rtl_header_footer_e1ac81f6_redline_780888b561.docx,tracking_without_comments/pdf/e81d1fa10c_behavior__pageref_standalone_uppercase_h_7701e07__vs__a291bf4a73_behavior__rtl_header_footer_e1ac81f6_redline_780888b561.pdf,tracking_without_comments,word_redlines_superdoc,accept_all
e8d299e041_super_editor__dropcaps_520cd049__vs__1de41232b3_super_editor__exported_list_font_8e6db734_redline_10001df1c7,clean/docx/e8d299e041_super_editor__dropcaps_520cd049,clean/docx/1de41232b3_super_editor__exported_list_font_8e6db734,super_editor__dropcaps_520cd049,super_editor__exported_list_font_8e6db734,tracking_without_comments/docx/e8d299e041_super_editor__dropcaps_520cd049__vs__1de41232b3_super_editor__exported_list_font_8e6db734_redline_10001df1c7.docx,tracking_without_comments/pdf/e8d299e041_super_editor__dropcaps_520cd049__vs__1de41232b3_super_editor__exported_list_font_8e6db734_redline_10001df1c7.pdf,tracking_without_comments,word_redlines_superdoc,accept_all
ef1e1c68e9_super_editor__basic_paragraph_1774f4e4__vs__9e80f22c51_behavior__word_native_bullet_circle_80d6f323_redline_bf59bfdb84,clean/docx/ef1e1c68e9_super_editor__basic_paragraph_1774f4e4,clean/docx/9e80f22c51_behavior__word_native_bullet_circle_80d6f323,super_editor__basic_paragraph_1774f4e4,behavior__word_native_bullet_circle_80d6f323,tracking_without_comments/docx/ef1e1c68e9_super_editor__basic_paragraph_1774f4e4__vs__9e80f22c51_behavior__word_native_bullet_circle_80d6f323_redline_bf59bfdb84.docx,tracking_without_comments/pdf/ef1e1c68e9_super_editor__basic_paragraph_1774f4e4__vs__9e80f22c51_behavior__word_native_bullet_circle_80d6f323_redline_bf59bfdb84.pdf,tracking_without_comments,word_redlines_superdoc,accept_all
f49b3b0ec2_super_editor__sd_1919_word_table_74726d6c__vs__18d1a4ad46_super_editor__sd_2534_collab_export_f3c7fdf7_redline_7cb6b20c15,clean/docx/f49b3b0ec2_super_editor__sd_1919_word_table_74726d6c,clean/docx/18d1a4ad46_super_editor__sd_2534_collab_export_f3c7fdf7,super_editor__sd_1919_word_table_74726d6c,super_editor__sd_2534_collab_export_f3c7fdf7,tracking_without_comments/docx/f49b3b0ec2_super_editor__sd_1919_word_table_74726d6c__vs__18d1a4ad46_super_editor__sd_2534_collab_export_f3c7fdf7_redline_7cb6b20c15.docx,tracking_without_comments/pdf/f49b3b0ec2_super_editor__sd_1919_word_table_74726d6c__vs__18d1a4ad46_super_editor__sd_2534_collab_export_f3c7fdf7_redline_7cb6b20c15.pdf,tracking_without_comments,word_redlines_superdoc,accept_all
f49b3b0ec2_super_editor__sd_1919_word_table_74726d6c__vs__e663016796_behavior__sd_2672_multipara_cell_4d1f068e_redline_f189e94409,clean/docx/f49b3b0ec2_super_editor__sd_1919_word_table_74726d6c,clean/docx/e663016796_behavior__sd_2672_multipara_cell_4d1f068e,super_editor__sd_1919_word_table_74726d6c,behavior__sd_2672_multipara_cell_4d1f068e,tracking_without_comments/docx/f49b3b0ec2_super_editor__sd_1919_word_table_74726d6c__vs__e663016796_behavior__sd_2672_multipara_cell_4d1f068e_redline_f189e94409.docx,tracking_without_comments/pdf/f49b3b0ec2_super_editor__sd_1919_word_table_74726d6c__vs__e663016796_behavior__sd_2672_multipara_cell_4d1f068e_redline_f189e94409.pdf,tracking_without_comments,word_redlines_superdoc,accept_all
f4e1903ff3_super_editor__sd_1707_list_enter_track_changes_w__vs__25f07e0823_super_editor__sd_1919_word_mixed_33e049ca_redline_a91147b7d6,clean/docx/f4e1903ff3_super_editor__sd_1707_list_enter_track_changes_w,clean/docx/25f07e0823_super_editor__sd_1919_word_mixed_33e049ca,super_editor__sd_1707_list_enter_track_changes_with_fd93fd8b,super_editor__sd_1919_word_mixed_33e049ca,tracking_without_comments/docx/f4e1903ff3_super_editor__sd_1707_list_enter_track_changes_w__vs__25f07e0823_super_editor__sd_1919_word_mixed_33e049ca_redline_a91147b7d6.docx,tracking_without_comments/pdf/f4e1903ff3_super_editor__sd_1707_list_enter_track_changes_w__vs__25f07e0823_super_editor__sd_1919_word_mixed_33e049ca_redline_a91147b7d6.pdf,tracking_without_comments,word_redlines_superdoc,accept_all
f584285fed_behavior__sd_2672_gridbefore_vmerge_7c895dff__vs__ae9360e096_behavior__sd_2672_merged_table_821b922c_redline_6f547c7a01,clean/docx/f584285fed_behavior__sd_2672_gridbefore_vmerge_7c895dff,clean/docx/ae9360e096_behavior__sd_2672_merged_table_821b922c,behavior__sd_2672_gridbefore_vmerge_7c895dff,behavior__sd_2672_merged_table_821b922c,tracking_without_comments/docx/f584285fed_behavior__sd_2672_gridbefore_vmerge_7c895dff__vs__ae9360e096_behavior__sd_2672_merged_table_821b922c_redline_6f547c7a01.docx,tracking_without_comments/pdf/f584285fed_behavior__sd_2672_gridbefore_vmerge_7c895dff__vs__ae9360e096_behavior__sd_2672_merged_table_821b922c_redline_6f547c7a01.pdf,tracking_without_comments,word_redlines_superdoc,accept_all
f62e209c7c_super_editor__paragraph_ppr_variations_a7653eb1__vs__bcc7379f64_super_editor__paragraph_spacing_missing_de418c38_redline_c07a42e364,clean/docx/f62e209c7c_super_editor__paragraph_ppr_variations_a7653eb1,clean/docx/bcc7379f64_super_editor__paragraph_spacing_missing_de418c38,super_editor__paragraph_pPr_variations_a7653eb1,super_editor__paragraph_spacing_missing_de418c38,tracking_without_comments/docx/f62e209c7c_super_editor__paragraph_ppr_variations_a7653eb1__vs__bcc7379f64_super_editor__paragraph_spacing_missing_de418c38_redline_c07a42e364.docx,tracking_without_comments/pdf/f62e209c7c_super_editor__paragraph_ppr_variations_a7653eb1__vs__bcc7379f64_super_editor__paragraph_spacing_missing_de418c38_redline_c07a42e364.pdf,tracking_without_comments,word_redlines_superdoc,accept_all
f6e1c253ff_super_editor__diff_before9_9818a85f__vs__0e1d01ec7d_super_editor__doc_with_graphs_diagrams_rotated_e_redline_108d3b4e97,clean/docx/f6e1c253ff_super_editor__diff_before9_9818a85f,clean/docx/0e1d01ec7d_super_editor__doc_with_graphs_diagrams_rotated_e,super_editor__diff_before9_9818a85f,super_editor__doc_with_graphs_diagrams_rotated_ef2e2f98,tracking_without_comments/docx/f6e1c253ff_super_editor__diff_before9_9818a85f__vs__0e1d01ec7d_super_editor__doc_with_graphs_diagrams_rotated_e_redline_108d3b4e97.docx,tracking_without_comments/pdf/f6e1c253ff_super_editor__diff_before9_9818a85f__vs__0e1d01ec7d_super_editor__doc_with_graphs_diagrams_rotated_e_redline_108d3b4e97.pdf,tracking_without_comments,word_redlines_superdoc,accept_all
f71a12ee23_super_editor__fields_attrs1_83837249__vs__8db63962d9_super_editor__fields_attrs2_fonts_ebd792fb_redline_1824b1df94,clean/docx/f71a12ee23_super_editor__fields_attrs1_83837249,clean/docx/8db63962d9_super_editor__fields_attrs2_fonts_ebd792fb,super_editor__fields_attrs1_83837249,super_editor__fields_attrs2_fonts_ebd792fb,tracking_without_comments/docx/f71a12ee23_super_editor__fields_attrs1_83837249__vs__8db63962d9_super_editor__fields_attrs2_fonts_ebd792fb_redline_1824b1df94.docx,tracking_without_comments/pdf/f71a12ee23_super_editor__fields_attrs1_83837249__vs__8db63962d9_super_editor__fields_attrs2_fonts_ebd792fb_redline_1824b1df94.pdf,tracking_without_comments,word_redlines_superdoc,accept_all
f71a12ee23_super_editor__fields_attrs1_83837249__vs__f102bb2f46_super_editor__diff_before5_a5f60578_redline_803e72f691,clean/docx/f71a12ee23_super_editor__fields_attrs1_83837249,clean/docx/f102bb2f46_super_editor__diff_before5_a5f60578,super_editor__fields_attrs1_83837249,super_editor__diff_before5_a5f60578,tracking_without_comments/docx/f71a12ee23_super_editor__fields_attrs1_83837249__vs__f102bb2f46_super_editor__diff_before5_a5f60578_redline_803e72f691.docx,tracking_without_comments/pdf/f71a12ee23_super_editor__fields_attrs1_83837249__vs__f102bb2f46_super_editor__diff_before5_a5f60578_redline_803e72f691.pdf,tracking_without_comments,word_redlines_superdoc,accept_all
f795b96ac4_behavior__math_delimiter_tests_c9d034dc__vs__79cb6b6c0f_behavior__word_native_bullet_disc_bfbeb2dd_redline_5a866f8e2e,clean/docx/f795b96ac4_behavior__math_delimiter_tests_c9d034dc,clean/docx/79cb6b6c0f_behavior__word_native_bullet_disc_bfbeb2dd,behavior__math_delimiter_tests_c9d034dc,behavior__word_native_bullet_disc_bfbeb2dd,tracking_without_comments/docx/f795b96ac4_behavior__math_delimiter_tests_c9d034dc__vs__79cb6b6c0f_behavior__word_native_bullet_disc_bfbeb2dd_redline_5a866f8e2e.docx,tracking_without_comments/pdf/f795b96ac4_behavior__math_delimiter_tests_c9d034dc__vs__79cb6b6c0f_behavior__word_native_bullet_disc_bfbeb2dd_redline_5a866f8e2e.pdf,tracking_without_comments,word_redlines_superdoc,accept_all
f7ece685ff_behavior__math_limit_tests_6dc07867__vs__432a12b1a9_behavior__word_native_bullet_square_da8bb73c_redline_ca516d2f7f,clean/docx/f7ece685ff_behavior__math_limit_tests_6dc07867,clean/docx/432a12b1a9_behavior__word_native_bullet_square_da8bb73c,behavior__math_limit_tests_6dc07867,behavior__word_native_bullet_square_da8bb73c,tracking_without_comments/docx/f7ece685ff_behavior__math_limit_tests_6dc07867__vs__432a12b1a9_behavior__word_native_bullet_square_da8bb73c_redline_ca516d2f7f.docx,tracking_without_comments/pdf/f7ece685ff_behavior__math_limit_tests_6dc07867__vs__432a12b1a9_behavior__word_native_bullet_square_da8bb73c_redline_ca516d2f7f.pdf,tracking_without_comments,word_redlines_superdoc,accept_all
f7ece685ff_behavior__math_limit_tests_6dc07867__vs__6c0ad6c8ef_behavior__math_matrix_tests_a3b17e15_redline_7352b59314,clean/docx/f7ece685ff_behavior__math_limit_tests_6dc07867,clean/docx/6c0ad6c8ef_behavior__math_matrix_tests_a3b17e15,behavior__math_limit_tests_6dc07867,behavior__math_matrix_tests_a3b17e15,tracking_without_comments/docx/f7ece685ff_behavior__math_limit_tests_6dc07867__vs__6c0ad6c8ef_behavior__math_matrix_tests_a3b17e15_redline_7352b59314.docx,tracking_without_comments/pdf/f7ece685ff_behavior__math_limit_tests_6dc07867__vs__6c0ad6c8ef_behavior__math_matrix_tests_a3b17e15_redline_7352b59314.pdf,tracking_without_comments,word_redlines_superdoc,accept_all
f89ff5989b_evals__nda_7f304918__vs__0a2898b58a_evals__report_with_formatting_03f385ed_redline_cd9b4144f9,clean/docx/f89ff5989b_evals__nda_7f304918,clean/docx/0a2898b58a_evals__report_with_formatting_03f385ed,evals__nda_7f304918,evals__report_with_formatting_03f385ed,tracking_without_comments/docx/f89ff5989b_evals__nda_7f304918__vs__0a2898b58a_evals__report_with_formatting_03f385ed_redline_cd9b4144f9.docx,tracking_without_comments/pdf/f89ff5989b_evals__nda_7f304918__vs__0a2898b58a_evals__report_with_formatting_03f385ed_redline_cd9b4144f9.pdf,tracking_without_comments,word_redlines_superdoc,accept_all
f89ff5989b_evals__nda_7f304918__vs__18eb110b3b_numwords_fldsimple_redline_1988117669,clean/docx/f89ff5989b_evals__nda_7f304918,clean/docx/18eb110b3b_numwords_fldsimple,evals__nda_7f304918,numwords_fldsimple,tracking_without_comments/docx/f89ff5989b_evals__nda_7f304918__vs__18eb110b3b_numwords_fldsimple_redline_1988117669.docx,tracking_without_comments/pdf/f89ff5989b_evals__nda_7f304918__vs__18eb110b3b_numwords_fldsimple_redline_1988117669.pdf,tracking_without_comments,word_redlines_superdoc,accept_all
fa4d5010d8_layout_engine__basic_vector_shapes_e5f0ef49__vs__ad43500302_super_editor__list_numbering_reimport_d788d573_redline_9d682fe39d,clean/docx/fa4d5010d8_layout_engine__basic_vector_shapes_e5f0ef49,clean/docx/ad43500302_super_editor__list_numbering_reimport_d788d573,layout_engine__basic_vector_shapes_e5f0ef49,super_editor__list_numbering_reimport_d788d573,tracking_without_comments/docx/fa4d5010d8_layout_engine__basic_vector_shapes_e5f0ef49__vs__ad43500302_super_editor__list_numbering_reimport_d788d573_redline_9d682fe39d.docx,tracking_without_comments/pdf/fa4d5010d8_layout_engine__basic_vector_shapes_e5f0ef49__vs__ad43500302_super_editor__list_numbering_reimport_d788d573_redline_9d682fe39d.pdf,tracking_without_comments,word_redlines_superdoc,accept_all
fd68f70f24_super_editor__ooxml_highlight_rstyle_linked_comb__vs__1e1f1ad583_super_editor__diff_before2_ca0c6859_redline_f365f80f93,clean/docx/fd68f70f24_super_editor__ooxml_highlight_rstyle_linked_comb,clean/docx/1e1f1ad583_super_editor__diff_before2_ca0c6859,super_editor__ooxml_highlight_rstyle_linked_combos__eb448e21,super_editor__diff_before2_ca0c6859,tracking_without_comments/docx/fd68f70f24_super_editor__ooxml_highlight_rstyle_linked_comb__vs__1e1f1ad583_super_editor__diff_before2_ca0c6859_redline_f365f80f93.docx,tracking_without_comments/pdf/fd68f70f24_super_editor__ooxml_highlight_rstyle_linked_comb__vs__1e1f1ad583_super_editor__diff_before2_ca0c6859_redline_f365f80f93.pdf,tracking_without_comments,word_redlines_superdoc,accept_all
fe11d14f44_behavior__sd_2447_toc_tab_alignment_8319c14c__vs__563331c6f3_super_editor__broken_complex_list_293fda86_redline_28318d152d,clean/docx/fe11d14f44_behavior__sd_2447_toc_tab_alignment_8319c14c,clean/docx/563331c6f3_super_editor__broken_complex_list_293fda86,behavior__sd_2447_toc_tab_alignment_8319c14c,super_editor__broken_complex_list_293fda86,tracking_without_comments/docx/fe11d14f44_behavior__sd_2447_toc_tab_alignment_8319c14c__vs__563331c6f3_super_editor__broken_complex_list_293fda86_redline_28318d152d.docx,tracking_without_comments/pdf/fe11d14f44_behavior__sd_2447_toc_tab_alignment_8319c14c__vs__563331c6f3_super_editor__broken_complex_list_293fda86_redline_28318d152d.pdf,tracking_without_comments,word_redlines_superdoc,accept_all
1c5bd81def_super_editor__multiple_nodes_in_list_79d915a2__vs__d03da97287_super_editor__nested_comments_gdocs_0c8668e1_redline_83ec2122ff,clean/docx/1c5bd81def_super_editor__multiple_nodes_in_list_79d915a2,with_comments_clean/docx/d03da97287_super_editor__nested_comments_gdocs_0c8668e1,super_editor__multiple_nodes_in_list_79d915a2,super_editor__nested_comments_gdocs_0c8668e1,with_comments_tracking/docx/1c5bd81def_super_editor__multiple_nodes_in_list_79d915a2__vs__d03da97287_super_editor__nested_comments_gdocs_0c8668e1_redline_83ec2122ff.docx,with_comments_tracking/pdf/1c5bd81def_super_editor__multiple_nodes_in_list_79d915a2__vs__d03da97287_super_editor__nested_comments_gdocs_0c8668e1_redline_83ec2122ff.pdf,with_comments_tracking,word_redlines_superdoc,accept_all
2b6c7be6bd_super_editor__nested_comments_84f214bb__vs__671ff91b1d_behavior__sd_2750_borderbox_7cd3768d_redline_0858ee25d5,with_comments_clean/docx/2b6c7be6bd_super_editor__nested_comments_84f214bb,clean/docx/671ff91b1d_behavior__sd_2750_borderbox_7cd3768d,super_editor__nested_comments_84f214bb,behavior__sd_2750_borderbox_7cd3768d,with_comments_tracking/docx/2b6c7be6bd_super_editor__nested_comments_84f214bb__vs__671ff91b1d_behavior__sd_2750_borderbox_7cd3768d_redline_0858ee25d5.docx,with_comments_tracking/pdf/2b6c7be6bd_super_editor__nested_comments_84f214bb__vs__671ff91b1d_behavior__sd_2750_borderbox_7cd3768d_redline_0858ee25d5.pdf,with_comments_tracking,word_redlines_superdoc,accept_all
3539cf2404_cli_legacy__replace_test_0a793f01__vs__3b639ef236_super_editor__sdpr_8cc15994_redline_1b5dd9fc3f,with_comments_tracking/docx/3539cf2404_cli_legacy__replace_test_0a793f01,tracking_without_comments/docx/3b639ef236_super_editor__sdpr_8cc15994,cli_legacy__replace_test_0a793f01,super_editor__sdpr_8cc15994,with_comments_tracking/docx/3539cf2404_cli_legacy__replace_test_0a793f01__vs__3b639ef236_super_editor__sdpr_8cc15994_redline_1b5dd9fc3f.docx,with_comments_tracking/pdf/3539cf2404_cli_legacy__replace_test_0a793f01__vs__3b639ef236_super_editor__sdpr_8cc15994_redline_1b5dd9fc3f.pdf,with_comments_tracking,word_redlines_superdoc,accept_all
3539cf2404_cli_legacy__replace_test_0a793f01__vs__8df6dfa8d7_alternate_content_redline_ac5e632cd2,with_comments_tracking/docx/3539cf2404_cli_legacy__replace_test_0a793f01,clean/docx/8df6dfa8d7_alternate_content,cli_legacy__replace_test_0a793f01,alternate_content,with_comments_tracking/docx/3539cf2404_cli_legacy__replace_test_0a793f01__vs__8df6dfa8d7_alternate_content_redline_ac5e632cd2.docx,with_comments_tracking/pdf/3539cf2404_cli_legacy__replace_test_0a793f01__vs__8df6dfa8d7_alternate_content_redline_ac5e632cd2.pdf,with_comments_tracking,word_redlines_superdoc,accept_all
3539cf2404_cli_legacy__replace_test_0a793f01__vs__a21c45464c_super_editor__shape_group_ce60e1e6_redline_d6eb2a4115,with_comments_tracking/docx/3539cf2404_cli_legacy__replace_test_0a793f01,clean/docx/a21c45464c_super_editor__shape_group_ce60e1e6,cli_legacy__replace_test_0a793f01,super_editor__shape_group_ce60e1e6,with_comments_tracking/docx/3539cf2404_cli_legacy__replace_test_0a793f01__vs__a21c45464c_super_editor__shape_group_ce60e1e6_redline_d6eb2a4115.docx,with_comments_tracking/pdf/3539cf2404_cli_legacy__replace_test_0a793f01__vs__a21c45464c_super_editor__shape_group_ce60e1e6_redline_d6eb2a4115.pdf,with_comments_tracking,word_redlines_superdoc,accept_all
3539cf2404_cli_legacy__replace_test_0a793f01__vs__bb35ae41ba_evals__comments_doc_79800b37_redline_ce73379cca,with_comments_tracking/docx/3539cf2404_cli_legacy__replace_test_0a793f01,with_comments_clean/docx/bb35ae41ba_evals__comments_doc_79800b37,cli_legacy__replace_test_0a793f01,evals__comments_doc_79800b37,with_comments_tracking/docx/3539cf2404_cli_legacy__replace_test_0a793f01__vs__bb35ae41ba_evals__comments_doc_79800b37_redline_ce73379cca.docx,with_comments_tracking/pdf/3539cf2404_cli_legacy__replace_test_0a793f01__vs__bb35ae41ba_evals__comments_doc_79800b37_redline_ce73379cca.pdf,with_comments_tracking,word_redlines_superdoc,accept_all
382497a0a8_super_editor__python_docx_comment_test_501f21cb__vs__3d8acd6139_super_editor__restart_numbering_sub_list_85ddcb7_redline_67c6a3bca6,with_comments_clean/docx/382497a0a8_super_editor__python_docx_comment_test_501f21cb,clean/docx/3d8acd6139_super_editor__restart_numbering_sub_list_85ddcb7,super_editor__python_docx_comment_test_501f21cb,super_editor__restart_numbering_sub_list_85ddcb79,with_comments_tracking/docx/382497a0a8_super_editor__python_docx_comment_test_501f21cb__vs__3d8acd6139_super_editor__restart_numbering_sub_list_85ddcb7_redline_67c6a3bca6.docx,with_comments_tracking/pdf/382497a0a8_super_editor__python_docx_comment_test_501f21cb__vs__3d8acd6139_super_editor__restart_numbering_sub_list_85ddcb7_redline_67c6a3bca6.pdf,with_comments_tracking,word_redlines_superdoc,accept_all
382497a0a8_super_editor__python_docx_comment_test_501f21cb__vs__bcc7379f64_super_editor__paragraph_spacing_missing_de418c38_redline_b37d04ac06,with_comments_clean/docx/382497a0a8_super_editor__python_docx_comment_test_501f21cb,clean/docx/bcc7379f64_super_editor__paragraph_spacing_missing_de418c38,super_editor__python_docx_comment_test_501f21cb,super_editor__paragraph_spacing_missing_de418c38,with_comments_tracking/docx/382497a0a8_super_editor__python_docx_comment_test_501f21cb__vs__bcc7379f64_super_editor__paragraph_spacing_missing_de418c38_redline_b37d04ac06.docx,with_comments_tracking/pdf/382497a0a8_super_editor__python_docx_comment_test_501f21cb__vs__bcc7379f64_super_editor__paragraph_spacing_missing_de418c38_redline_b37d04ac06.pdf,with_comments_tracking,word_redlines_superdoc,accept_all
3cf3093270_super_editor__diff_after7_b998213e__vs__735c372b41_super_editor__diff_after8_58e5c288_redline_3cddbcb812,clean/docx/3cf3093270_super_editor__diff_after7_b998213e,with_comments_tracking/docx/735c372b41_super_editor__diff_after8_58e5c288,super_editor__diff_after7_b998213e,super_editor__diff_after8_58e5c288,with_comments_tracking/docx/3cf3093270_super_editor__diff_after7_b998213e__vs__735c372b41_super_editor__diff_after8_58e5c288_redline_3cddbcb812.docx,with_comments_tracking/pdf/3cf3093270_super_editor__diff_after7_b998213e__vs__735c372b41_super_editor__diff_after8_58e5c288_redline_3cddbcb812.pdf,with_comments_tracking,word_redlines_superdoc,accept_all
3faf9e000d_super_editor__text_color_highlight_36cb4c90__vs__9f6091a4ac_super_editor__threaded_comment_27bda0ba_redline_85d3cc0cfe,clean/docx/3faf9e000d_super_editor__text_color_highlight_36cb4c90,with_comments_clean/docx/9f6091a4ac_super_editor__threaded_comment_27bda0ba,super_editor__text_color_highlight_36cb4c90,super_editor__threaded_comment_27bda0ba,with_comments_tracking/docx/3faf9e000d_super_editor__text_color_highlight_36cb4c90__vs__9f6091a4ac_super_editor__threaded_comment_27bda0ba_redline_85d3cc0cfe.docx,with_comments_tracking/pdf/3faf9e000d_super_editor__text_color_highlight_36cb4c90__vs__9f6091a4ac_super_editor__threaded_comment_27bda0ba_redline_85d3cc0cfe.pdf,with_comments_tracking,word_redlines_superdoc,accept_all
43dd6753e6_super_editor__diff_before7_5bad2542__vs__e70f1134dd_super_editor__diff_before8_ba5faa9e_redline_ded976e5e2,clean/docx/43dd6753e6_super_editor__diff_before7_5bad2542,with_comments_clean/docx/e70f1134dd_super_editor__diff_before8_ba5faa9e,super_editor__diff_before7_5bad2542,super_editor__diff_before8_ba5faa9e,with_comments_tracking/docx/43dd6753e6_super_editor__diff_before7_5bad2542__vs__e70f1134dd_super_editor__diff_before8_ba5faa9e_redline_ded976e5e2.docx,with_comments_tracking/pdf/43dd6753e6_super_editor__diff_before7_5bad2542__vs__e70f1134dd_super_editor__diff_before8_ba5faa9e_redline_ded976e5e2.pdf,with_comments_tracking,word_redlines_superdoc,accept_all
5c207ef361_super_editor__font_formatting_runs_8be3565a__vs__e6fdfb6f2f_behavior__math_phantom_tests_263131a8_redline_03528d6f20,with_comments_tracking/docx/5c207ef361_super_editor__font_formatting_runs_8be3565a,clean/docx/e6fdfb6f2f_behavior__math_phantom_tests_263131a8,super_editor__font_formatting_runs_8be3565a,behavior__math_phantom_tests_263131a8,with_comments_tracking/docx/5c207ef361_super_editor__font_formatting_runs_8be3565a__vs__e6fdfb6f2f_behavior__math_phantom_tests_263131a8_redline_03528d6f20.docx,with_comments_tracking/pdf/5c207ef361_super_editor__font_formatting_runs_8be3565a__vs__e6fdfb6f2f_behavior__math_phantom_tests_263131a8_redline_03528d6f20.pdf,with_comments_tracking,word_redlines_superdoc,accept_all
668fe0a735_super_editor__ooxml_bold_vals_demo_9e688d8f__vs__e70f1134dd_super_editor__diff_before8_ba5faa9e_redline_c615c2d56c,clean/docx/668fe0a735_super_editor__ooxml_bold_vals_demo_9e688d8f,with_comments_clean/docx/e70f1134dd_super_editor__diff_before8_ba5faa9e,super_editor__ooxml_bold_vals_demo_9e688d8f,super_editor__diff_before8_ba5faa9e,with_comments_tracking/docx/668fe0a735_super_editor__ooxml_bold_vals_demo_9e688d8f__vs__e70f1134dd_super_editor__diff_before8_ba5faa9e_redline_c615c2d56c.docx,with_comments_tracking/pdf/668fe0a735_super_editor__ooxml_bold_vals_demo_9e688d8f__vs__e70f1134dd_super_editor__diff_before8_ba5faa9e_redline_c615c2d56c.pdf,with_comments_tracking,word_redlines_superdoc,accept_all
735c372b41_super_editor__diff_after8_58e5c288__vs__de3c6fded9_super_editor__doc_with_spacing_e3d47bd7_redline_12fca96084,with_comments_tracking/docx/735c372b41_super_editor__diff_after8_58e5c288,clean/docx/de3c6fded9_super_editor__doc_with_spacing_e3d47bd7,super_editor__diff_after8_58e5c288,super_editor__doc_with_spacing_e3d47bd7,with_comments_tracking/docx/735c372b41_super_editor__diff_after8_58e5c288__vs__de3c6fded9_super_editor__doc_with_spacing_e3d47bd7_redline_12fca96084.docx,with_comments_tracking/pdf/735c372b41_super_editor__diff_after8_58e5c288__vs__de3c6fded9_super_editor__doc_with_spacing_e3d47bd7_redline_12fca96084.pdf,with_comments_tracking,word_redlines_superdoc,accept_all
7367931dbf_super_editor__sdt_test_60079f08__vs__b389f55091_super_editor__comment_23ee5ec1_redline_541790cd56,clean/docx/7367931dbf_super_editor__sdt_test_60079f08,with_comments_clean/docx/b389f55091_super_editor__comment_23ee5ec1,super_editor__sdt_test_60079f08,super_editor__comment_23ee5ec1,with_comments_tracking/docx/7367931dbf_super_editor__sdt_test_60079f08__vs__b389f55091_super_editor__comment_23ee5ec1_redline_541790cd56.docx,with_comments_tracking/pdf/7367931dbf_super_editor__sdt_test_60079f08__vs__b389f55091_super_editor__comment_23ee5ec1_redline_541790cd56.pdf,with_comments_tracking,word_redlines_superdoc,accept_all
84f5fb598b_super_editor__diff_before11_1b953eaf__vs__7962b06671_super_editor__bookmark_use_cases_d20f31f6_redline_2e61a08273,with_comments_tracking/docx/84f5fb598b_super_editor__diff_before11_1b953eaf,clean/docx/7962b06671_super_editor__bookmark_use_cases_d20f31f6,super_editor__diff_before11_1b953eaf,super_editor__bookmark_use_cases_d20f31f6,with_comments_tracking/docx/84f5fb598b_super_editor__diff_before11_1b953eaf__vs__7962b06671_super_editor__bookmark_use_cases_d20f31f6_redline_2e61a08273.docx,with_comments_tracking/pdf/84f5fb598b_super_editor__diff_before11_1b953eaf__vs__7962b06671_super_editor__bookmark_use_cases_d20f31f6_redline_2e61a08273.pdf,with_comments_tracking,word_redlines_superdoc,accept_all
8db63962d9_super_editor__fields_attrs2_fonts_ebd792fb__vs__5c207ef361_super_editor__font_formatting_runs_8be3565a_redline_57cfa10f33,clean/docx/8db63962d9_super_editor__fields_attrs2_fonts_ebd792fb,with_comments_tracking/docx/5c207ef361_super_editor__font_formatting_runs_8be3565a,super_editor__fields_attrs2_fonts_ebd792fb,super_editor__font_formatting_runs_8be3565a,with_comments_tracking/docx/8db63962d9_super_editor__fields_attrs2_fonts_ebd792fb__vs__5c207ef361_super_editor__font_formatting_runs_8be3565a_redline_57cfa10f33.docx,with_comments_tracking/pdf/8db63962d9_super_editor__fields_attrs2_fonts_ebd792fb__vs__5c207ef361_super_editor__font_formatting_runs_8be3565a_redline_57cfa10f33.pdf,with_comments_tracking,word_redlines_superdoc,accept_all
902a69f0e4_super_editor__line_space_table_9b1ee54b__vs__735c372b41_super_editor__diff_after8_58e5c288_redline_4d5de07b0e,clean/docx/902a69f0e4_super_editor__line_space_table_9b1ee54b,with_comments_tracking/docx/735c372b41_super_editor__diff_after8_58e5c288,super_editor__line_space_table_9b1ee54b,super_editor__diff_after8_58e5c288,with_comments_tracking/docx/902a69f0e4_super_editor__line_space_table_9b1ee54b__vs__735c372b41_super_editor__diff_after8_58e5c288_redline_4d5de07b0e.docx,with_comments_tracking/pdf/902a69f0e4_super_editor__line_space_table_9b1ee54b__vs__735c372b41_super_editor__diff_after8_58e5c288_redline_4d5de07b0e.pdf,with_comments_tracking,word_redlines_superdoc,accept_all
92589c3e37_super_editor__pre_separated_list_bd330d28__vs__382497a0a8_super_editor__python_docx_comment_test_501f21cb_redline_f70e805c70,clean/docx/92589c3e37_super_editor__pre_separated_list_bd330d28,with_comments_clean/docx/382497a0a8_super_editor__python_docx_comment_test_501f21cb,super_editor__pre_separated_list_bd330d28,super_editor__python_docx_comment_test_501f21cb,with_comments_tracking/docx/92589c3e37_super_editor__pre_separated_list_bd330d28__vs__382497a0a8_super_editor__python_docx_comment_test_501f21cb_redline_f70e805c70.docx,with_comments_tracking/pdf/92589c3e37_super_editor__pre_separated_list_bd330d28__vs__382497a0a8_super_editor__python_docx_comment_test_501f21cb_redline_f70e805c70.pdf,with_comments_tracking,word_redlines_superdoc,accept_all
97b2e714de_super_editor__broken_list_7e9b9bf7__vs__b389f55091_super_editor__comment_23ee5ec1_redline_4a9a8d0b4a,clean/docx/97b2e714de_super_editor__broken_list_7e9b9bf7,with_comments_clean/docx/b389f55091_super_editor__comment_23ee5ec1,super_editor__broken_list_7e9b9bf7,super_editor__comment_23ee5ec1,with_comments_tracking/docx/97b2e714de_super_editor__broken_list_7e9b9bf7__vs__b389f55091_super_editor__comment_23ee5ec1_redline_4a9a8d0b4a.docx,with_comments_tracking/pdf/97b2e714de_super_editor__broken_list_7e9b9bf7__vs__b389f55091_super_editor__comment_23ee5ec1_redline_4a9a8d0b4a.pdf,with_comments_tracking,word_redlines_superdoc,accept_all
9f6091a4ac_super_editor__threaded_comment_27bda0ba__vs__b3028f2d5b_super_editor__super_basic_table_86d8d916_redline_254bc964f4,with_comments_clean/docx/9f6091a4ac_super_editor__threaded_comment_27bda0ba,clean/docx/b3028f2d5b_super_editor__super_basic_table_86d8d916,super_editor__threaded_comment_27bda0ba,super_editor__super_basic_table_86d8d916,with_comments_tracking/docx/9f6091a4ac_super_editor__threaded_comment_27bda0ba__vs__b3028f2d5b_super_editor__super_basic_table_86d8d916_redline_254bc964f4.docx,with_comments_tracking/pdf/9f6091a4ac_super_editor__threaded_comment_27bda0ba__vs__b3028f2d5b_super_editor__super_basic_table_86d8d916_redline_254bc964f4.pdf,with_comments_tracking,word_redlines_superdoc,accept_all
a0e6a09304_super_editor__diff_after11_1d5b767f__vs__e844ea2053_evals__table_doc_4d728d83_redline_80e8acff6a,with_comments_tracking/docx/a0e6a09304_super_editor__diff_after11_1d5b767f,clean/docx/e844ea2053_evals__table_doc_4d728d83,super_editor__diff_after11_1d5b767f,evals__table_doc_4d728d83,with_comments_tracking/docx/a0e6a09304_super_editor__diff_after11_1d5b767f__vs__e844ea2053_evals__table_doc_4d728d83_redline_80e8acff6a.docx,with_comments_tracking/pdf/a0e6a09304_super_editor__diff_after11_1d5b767f__vs__e844ea2053_evals__table_doc_4d728d83_redline_80e8acff6a.pdf,with_comments_tracking,word_redlines_superdoc,accept_all
b389f55091_super_editor__comment_23ee5ec1__vs__6d773ca294_super_editor__annot2_03ae6b74_redline_bd6678767d,with_comments_clean/docx/b389f55091_super_editor__comment_23ee5ec1,clean/docx/6d773ca294_super_editor__annot2_03ae6b74,super_editor__comment_23ee5ec1,super_editor__annot2_03ae6b74,with_comments_tracking/docx/b389f55091_super_editor__comment_23ee5ec1__vs__6d773ca294_super_editor__annot2_03ae6b74_redline_bd6678767d.docx,with_comments_tracking/pdf/b389f55091_super_editor__comment_23ee5ec1__vs__6d773ca294_super_editor__annot2_03ae6b74_redline_bd6678767d.pdf,with_comments_tracking,word_redlines_superdoc,accept_all
bb35ae41ba_evals__comments_doc_79800b37__vs__3ad13eed3d_evals__document_9bff7e1b_redline_efcf4cdade,with_comments_clean/docx/bb35ae41ba_evals__comments_doc_79800b37,clean/docx/3ad13eed3d_evals__document_9bff7e1b,evals__comments_doc_79800b37,evals__document_9bff7e1b,with_comments_tracking/docx/bb35ae41ba_evals__comments_doc_79800b37__vs__3ad13eed3d_evals__document_9bff7e1b_redline_efcf4cdade.docx,with_comments_tracking/pdf/bb35ae41ba_evals__comments_doc_79800b37__vs__3ad13eed3d_evals__document_9bff7e1b_redline_efcf4cdade.pdf,with_comments_tracking,word_redlines_superdoc,accept_all
c2d49e9ede_super_editor__sd_978_remove_table_borders_47f7ed__vs__f782ae23ec_super_editor__wordoriginatedcomments_c146be65_redline_59addd896d,clean/docx/c2d49e9ede_super_editor__sd_978_remove_table_borders_47f7ed,with_comments_tracking/docx/f782ae23ec_super_editor__wordoriginatedcomments_c146be65,super_editor__SD_978_remove_table_borders_47f7ede7,super_editor__WordOriginatedComments_c146be65,with_comments_tracking/docx/c2d49e9ede_super_editor__sd_978_remove_table_borders_47f7ed__vs__f782ae23ec_super_editor__wordoriginatedcomments_c146be65_redline_59addd896d.docx,with_comments_tracking/pdf/c2d49e9ede_super_editor__sd_978_remove_table_borders_47f7ed__vs__f782ae23ec_super_editor__wordoriginatedcomments_c146be65_redline_59addd896d.pdf,with_comments_tracking,word_redlines_superdoc,accept_all
d03da97287_super_editor__nested_comments_gdocs_0c8668e1__vs__2b6c7be6bd_super_editor__nested_comments_84f214bb_redline_ba3b77bee3,with_comments_clean/docx/d03da97287_super_editor__nested_comments_gdocs_0c8668e1,with_comments_clean/docx/2b6c7be6bd_super_editor__nested_comments_84f214bb,super_editor__nested_comments_gdocs_0c8668e1,super_editor__nested_comments_84f214bb,with_comments_tracking/docx/d03da97287_super_editor__nested_comments_gdocs_0c8668e1__vs__2b6c7be6bd_super_editor__nested_comments_84f214bb_redline_ba3b77bee3.docx,with_comments_tracking/pdf/d03da97287_super_editor__nested_comments_gdocs_0c8668e1__vs__2b6c7be6bd_super_editor__nested_comments_84f214bb_redline_ba3b77bee3.pdf,with_comments_tracking,word_redlines_superdoc,accept_all
d48e02b548_super_editor__google_docs_originated_comments__vs__d0281643d2_super_editor__hello_docx_world_12f11074_redline_37c978d405,with_comments_tracking/docx/d48e02b548_super_editor__google_docs_originated_comments,clean/docx/d0281643d2_super_editor__hello_docx_world_12f11074,super_editor__Google_Docs_Originated_comments___TCs_76ac865d,super_editor__Hello_docx_world_12f11074,with_comments_tracking/docx/d48e02b548_super_editor__google_docs_originated_comments__vs__d0281643d2_super_editor__hello_docx_world_12f11074_redline_37c978d405.docx,with_comments_tracking/pdf/d48e02b548_super_editor__google_docs_originated_comments__vs__d0281643d2_super_editor__hello_docx_world_12f11074_redline_37c978d405.pdf,with_comments_tracking,word_redlines_superdoc,accept_all
d48e02b548_super_editor__google_docs_originated_comments__vs__e70f1134dd_super_editor__diff_before8_ba5faa9e_redline_e4569d0756,with_comments_tracking/docx/d48e02b548_super_editor__google_docs_originated_comments,with_comments_clean/docx/e70f1134dd_super_editor__diff_before8_ba5faa9e,super_editor__Google_Docs_Originated_comments___TCs_76ac865d,super_editor__diff_before8_ba5faa9e,with_comments_tracking/docx/d48e02b548_super_editor__google_docs_originated_comments__vs__e70f1134dd_super_editor__diff_before8_ba5faa9e_redline_e4569d0756.docx,with_comments_tracking/pdf/d48e02b548_super_editor__google_docs_originated_comments__vs__e70f1134dd_super_editor__diff_before8_ba5faa9e_redline_e4569d0756.pdf,with_comments_tracking,word_redlines_superdoc,accept_all
e70f1134dd_super_editor__diff_before8_ba5faa9e__vs__420a528aa0_super_editor__instrtext_angled_brackets_bug_ed56_redline_dc9bcfd88b,with_comments_clean/docx/e70f1134dd_super_editor__diff_before8_ba5faa9e,clean/docx/420a528aa0_super_editor__instrtext_angled_brackets_bug_ed56,super_editor__diff_before8_ba5faa9e,super_editor__instrtext_angled_brackets_bug_ed56f1fe,with_comments_tracking/docx/e70f1134dd_super_editor__diff_before8_ba5faa9e__vs__420a528aa0_super_editor__instrtext_angled_brackets_bug_ed56_redline_dc9bcfd88b.docx,with_comments_tracking/pdf/e70f1134dd_super_editor__diff_before8_ba5faa9e__vs__420a528aa0_super_editor__instrtext_angled_brackets_bug_ed56_redline_dc9bcfd88b.pdf,with_comments_tracking,word_redlines_superdoc,accept_all
e70f1134dd_super_editor__diff_before8_ba5faa9e__vs__671ff91b1d_behavior__sd_2750_borderbox_7cd3768d_redline_0e6cc23727,with_comments_clean/docx/e70f1134dd_super_editor__diff_before8_ba5faa9e,clean/docx/671ff91b1d_behavior__sd_2750_borderbox_7cd3768d,super_editor__diff_before8_ba5faa9e,behavior__sd_2750_borderbox_7cd3768d,with_comments_tracking/docx/e70f1134dd_super_editor__diff_before8_ba5faa9e__vs__671ff91b1d_behavior__sd_2750_borderbox_7cd3768d_redline_0e6cc23727.docx,with_comments_tracking/pdf/e70f1134dd_super_editor__diff_before8_ba5faa9e__vs__671ff91b1d_behavior__sd_2750_borderbox_7cd3768d_redline_0e6cc23727.pdf,with_comments_tracking,word_redlines_superdoc,accept_all
e70f1134dd_super_editor__diff_before8_ba5faa9e__vs__a5903a7c15_super_editor__pci_table_dc840852_redline_8d775d42d1,with_comments_clean/docx/e70f1134dd_super_editor__diff_before8_ba5faa9e,clean/docx/a5903a7c15_super_editor__pci_table_dc840852,super_editor__diff_before8_ba5faa9e,super_editor__pci_table_dc840852,with_comments_tracking/docx/e70f1134dd_super_editor__diff_before8_ba5faa9e__vs__a5903a7c15_super_editor__pci_table_dc840852_redline_8d775d42d1.docx,with_comments_tracking/pdf/e70f1134dd_super_editor__diff_before8_ba5faa9e__vs__a5903a7c15_super_editor__pci_table_dc840852_redline_8d775d42d1.pdf,with_comments_tracking,word_redlines_superdoc,accept_all
e70f1134dd_super_editor__diff_before8_ba5faa9e__vs__f6e1c253ff_super_editor__diff_before9_9818a85f_redline_a33b8e810a,with_comments_clean/docx/e70f1134dd_super_editor__diff_before8_ba5faa9e,clean/docx/f6e1c253ff_super_editor__diff_before9_9818a85f,super_editor__diff_before8_ba5faa9e,super_editor__diff_before9_9818a85f,with_comments_tracking/docx/e70f1134dd_super_editor__diff_before8_ba5faa9e__vs__f6e1c253ff_super_editor__diff_before9_9818a85f_redline_a33b8e810a.docx,with_comments_tracking/pdf/e70f1134dd_super_editor__diff_before8_ba5faa9e__vs__f6e1c253ff_super_editor__diff_before9_9818a85f_redline_a33b8e810a.pdf,with_comments_tracking,word_redlines_superdoc,accept_all
e81d1fa10c_behavior__pageref_standalone_uppercase_h_7701e07__vs__735c372b41_super_editor__diff_after8_58e5c288_redline_91bc739935,clean/docx/e81d1fa10c_behavior__pageref_standalone_uppercase_h_7701e07,with_comments_tracking/docx/735c372b41_super_editor__diff_after8_58e5c288,behavior__pageref_standalone_uppercase_h_7701e07f,super_editor__diff_after8_58e5c288,with_comments_tracking/docx/e81d1fa10c_behavior__pageref_standalone_uppercase_h_7701e07__vs__735c372b41_super_editor__diff_after8_58e5c288_redline_91bc739935.docx,with_comments_tracking/pdf/e81d1fa10c_behavior__pageref_standalone_uppercase_h_7701e07__vs__735c372b41_super_editor__diff_after8_58e5c288_redline_91bc739935.pdf,with_comments_tracking,word_redlines_superdoc,accept_all
eb714d5f76_evals__blank_bc294b57__vs__bb35ae41ba_evals__comments_doc_79800b37_redline_04082a11bf,clean/docx/eb714d5f76_evals__blank_bc294b57,with_comments_clean/docx/bb35ae41ba_evals__comments_doc_79800b37,evals__blank_bc294b57,evals__comments_doc_79800b37,with_comments_tracking/docx/eb714d5f76_evals__blank_bc294b57__vs__bb35ae41ba_evals__comments_doc_79800b37_redline_04082a11bf.docx,with_comments_tracking/pdf/eb714d5f76_evals__blank_bc294b57__vs__bb35ae41ba_evals__comments_doc_79800b37_redline_04082a11bf.pdf,with_comments_tracking,word_redlines_superdoc,accept_all
ef1e1c68e9_super_editor__basic_paragraph_1774f4e4__vs__08286ffbfb_super_editor__basic_resolved_comment_cac5a1b0_redline_603ef0419b,clean/docx/ef1e1c68e9_super_editor__basic_paragraph_1774f4e4,with_comments_clean/docx/08286ffbfb_super_editor__basic_resolved_comment_cac5a1b0,super_editor__basic_paragraph_1774f4e4,super_editor__basic_resolved_comment_cac5a1b0,with_comments_tracking/docx/ef1e1c68e9_super_editor__basic_paragraph_1774f4e4__vs__08286ffbfb_super_editor__basic_resolved_comment_cac5a1b0_redline_603ef0419b.docx,with_comments_tracking/pdf/ef1e1c68e9_super_editor__basic_paragraph_1774f4e4__vs__08286ffbfb_super_editor__basic_resolved_comment_cac5a1b0_redline_603ef0419b.pdf,with_comments_tracking,word_redlines_superdoc,accept_all
f49b3b0ec2_super_editor__sd_1919_word_table_74726d6c__vs__a0738533be_gdocs_comments_export_redline_515c0aa8ab,clean/docx/f49b3b0ec2_super_editor__sd_1919_word_table_74726d6c,with_comments_clean/docx/a0738533be_gdocs_comments_export,super_editor__sd_1919_word_table_74726d6c,gdocs_comments_export,with_comments_tracking/docx/f49b3b0ec2_super_editor__sd_1919_word_table_74726d6c__vs__a0738533be_gdocs_comments_export_redline_515c0aa8ab.docx,with_comments_tracking/pdf/f49b3b0ec2_super_editor__sd_1919_word_table_74726d6c__vs__a0738533be_gdocs_comments_export_redline_515c0aa8ab.pdf,with_comments_tracking,word_redlines_superdoc,accept_all
f782ae23ec_super_editor__wordoriginatedcomments_c146be65__vs__3539cf2404_cli_legacy__replace_test_0a793f01_redline_a7cfb33589,with_comments_tracking/docx/f782ae23ec_super_editor__wordoriginatedcomments_c146be65,with_comments_tracking/docx/3539cf2404_cli_legacy__replace_test_0a793f01,super_editor__WordOriginatedComments_c146be65,cli_legacy__replace_test_0a793f01,with_comments_tracking/docx/f782ae23ec_super_editor__wordoriginatedcomments_c146be65__vs__3539cf2404_cli_legacy__replace_test_0a793f01_redline_a7cfb33589.docx,with_comments_tracking/pdf/f782ae23ec_super_editor__wordoriginatedcomments_c146be65__vs__3539cf2404_cli_legacy__replace_test_0a793f01_redline_a7cfb33589.pdf,with_comments_tracking,word_redlines_superdoc,accept_all
008908795c_increase_indent_demo_id_paraid_overflow__vs__5adc853144_insert_link_demo_id_paraid_overflow_redline_2564d80f8c,clean/docx/008908795c_increase_indent_demo_id_paraid_overflow,clean/docx/5adc853144_insert_link_demo_id_paraid_overflow,increase_indent_demo_id_paraid_overflow,insert_link_demo_id_paraid_overflow,tracking_without_comments/docx/008908795c_increase_indent_demo_id_paraid_overflow__vs__5adc853144_insert_link_demo_id_paraid_overflow_redline_2564d80f8c.docx,tracking_without_comments/pdf/008908795c_increase_indent_demo_id_paraid_overflow__vs__5adc853144_insert_link_demo_id_paraid_overflow_redline_2564d80f8c.pdf,tracking_without_comments,word_based,reject_all
017c22e2a3_heading_3_style_demo_id_paraid_overflow_2__vs__e0e6c96bb7_heading_3_style_demo_id_paraid_overflow_redline_2a01fde7a0,clean/docx/017c22e2a3_heading_3_style_demo_id_paraid_overflow_2,clean/docx/e0e6c96bb7_heading_3_style_demo_id_paraid_overflow,heading_3_style_demo_id_paraid_overflow_2,heading_3_style_demo_id_paraid_overflow,tracking_without_comments/docx/017c22e2a3_heading_3_style_demo_id_paraid_overflow_2__vs__e0e6c96bb7_heading_3_style_demo_id_paraid_overflow_redline_2a01fde7a0.docx,tracking_without_comments/pdf/017c22e2a3_heading_3_style_demo_id_paraid_overflow_2__vs__e0e6c96bb7_heading_3_style_demo_id_paraid_overflow_redline_2a01fde7a0.pdf,tracking_without_comments,word_based,reject_all
0203b5fed7_strikethrough_bold_demo_id_paraid_overflow__vs__aa62a37db2_strikethrough_text_demo_id_paraid_overflow_redline_2e50998dbb,clean/docx/0203b5fed7_strikethrough_bold_demo_id_paraid_overflow,clean/docx/aa62a37db2_strikethrough_text_demo_id_paraid_overflow,strikethrough_bold_demo_id_paraid_overflow,strikethrough_text_demo_id_paraid_overflow,tracking_without_comments/docx/0203b5fed7_strikethrough_bold_demo_id_paraid_overflow__vs__aa62a37db2_strikethrough_text_demo_id_paraid_overflow_redline_2e50998dbb.docx,tracking_without_comments/pdf/0203b5fed7_strikethrough_bold_demo_id_paraid_overflow__vs__aa62a37db2_strikethrough_text_demo_id_paraid_overflow_redline_2e50998dbb.pdf,tracking_without_comments,word_based,reject_all
045a9b188d_heading_1_style_demo_id_paraid_overflow__vs__687da097e9_heading_2_center_demo_id_paraid_overflow_redline_92544619f6,clean/docx/045a9b188d_heading_1_style_demo_id_paraid_overflow,clean/docx/687da097e9_heading_2_center_demo_id_paraid_overflow,heading_1_style_demo_id_paraid_overflow,heading_2_center_demo_id_paraid_overflow,tracking_without_comments/docx/045a9b188d_heading_1_style_demo_id_paraid_overflow__vs__687da097e9_heading_2_center_demo_id_paraid_overflow_redline_92544619f6.docx,tracking_without_comments/pdf/045a9b188d_heading_1_style_demo_id_paraid_overflow__vs__687da097e9_heading_2_center_demo_id_paraid_overflow_redline_92544619f6.pdf,tracking_without_comments,word_based,reject_all
08e3f68925_bold_underline_combined_demo_id_paraid_overflow__vs__e29df71807_bold_underline_highlight_demo_id_paraid_overflow_redline_eab3698414,clean/docx/08e3f68925_bold_underline_combined_demo_id_paraid_overflow,clean/docx/e29df71807_bold_underline_highlight_demo_id_paraid_overflow,bold_underline_combined_demo_id_paraid_overflow,bold_underline_highlight_demo_id_paraid_overflow,tracking_without_comments/docx/08e3f68925_bold_underline_combined_demo_id_paraid_overflow__vs__e29df71807_bold_underline_highlight_demo_id_paraid_overflow_redline_eab3698414.docx,tracking_without_comments/pdf/08e3f68925_bold_underline_combined_demo_id_paraid_overflow__vs__e29df71807_bold_underline_highlight_demo_id_paraid_overflow_redline_eab3698414.pdf,tracking_without_comments,word_based,reject_all
09c4b04252_project_tasks_suggesting_insertions_2__vs__c40c88e402_project_tasks_suggesting_insertions_redline_17c822fbe5,tracking_without_comments/docx/09c4b04252_project_tasks_suggesting_insertions_2,tracking_without_comments/docx/c40c88e402_project_tasks_suggesting_insertions,project_tasks_suggesting_insertions_2,project_tasks_suggesting_insertions,tracking_without_comments/docx/09c4b04252_project_tasks_suggesting_insertions_2__vs__c40c88e402_project_tasks_suggesting_insertions_redline_17c822fbe5.docx,tracking_without_comments/pdf/09c4b04252_project_tasks_suggesting_insertions_2__vs__c40c88e402_project_tasks_suggesting_insertions_redline_17c822fbe5.pdf,tracking_without_comments,word_based,reject_all
09c4b04252_project_tasks_suggesting_insertions_2__vs__c40c88e402_project_tasks_suggesting_insertions_redline_f2b0b00c65,tracking_without_comments/docx/09c4b04252_project_tasks_suggesting_insertions_2,tracking_without_comments/docx/c40c88e402_project_tasks_suggesting_insertions,project_tasks_suggesting_insertions_2,project_tasks_suggesting_insertions,tracking_without_comments/docx/09c4b04252_project_tasks_suggesting_insertions_2__vs__c40c88e402_project_tasks_suggesting_insertions_redline_f2b0b00c65.docx,tracking_without_comments/pdf/09c4b04252_project_tasks_suggesting_insertions_2__vs__c40c88e402_project_tasks_suggesting_insertions_redline_f2b0b00c65.pdf,tracking_without_comments,word_based,reject_all
0cf73436ac_contract_review_suggesting_insertions__vs__93477c6068_contract_review_suggesting_mixed_edits_redline_6bba73f309,tracking_without_comments/docx/0cf73436ac_contract_review_suggesting_insertions,tracking_without_comments/docx/93477c6068_contract_review_suggesting_mixed_edits,contract_review_suggesting_insertions,contract_review_suggesting_mixed_edits,tracking_without_comments/docx/0cf73436ac_contract_review_suggesting_insertions__vs__93477c6068_contract_review_suggesting_mixed_edits_redline_6bba73f309.docx,tracking_without_comments/pdf/0cf73436ac_contract_review_suggesting_insertions__vs__93477c6068_contract_review_suggesting_mixed_edits_redline_6bba73f309.pdf,tracking_without_comments,word_based,reject_all
13da8d3a5b_times_new_roman_font_id_paraid_overflow__vs__4c4f8515c5_title_style_centered_demo_id_paraid_overflow_redline_1779634f9b,clean/docx/13da8d3a5b_times_new_roman_font_id_paraid_overflow,clean/docx/4c4f8515c5_title_style_centered_demo_id_paraid_overflow,times_new_roman_font_id_paraid_overflow,title_style_centered_demo_id_paraid_overflow,tracking_without_comments/docx/13da8d3a5b_times_new_roman_font_id_paraid_overflow__vs__4c4f8515c5_title_style_centered_demo_id_paraid_overflow_redline_1779634f9b.docx,tracking_without_comments/pdf/13da8d3a5b_times_new_roman_font_id_paraid_overflow__vs__4c4f8515c5_title_style_centered_demo_id_paraid_overflow_redline_1779634f9b.pdf,tracking_without_comments,word_based,reject_all
1558d2a6ec_project_proposal_id_paraid_overflow__vs__77b9e6ba80_project_proposal_suggesting_insertions_redline_b0acbc9054,clean/docx/1558d2a6ec_project_proposal_id_paraid_overflow,tracking_without_comments/docx/77b9e6ba80_project_proposal_suggesting_insertions,project_proposal_id_paraid_overflow,project_proposal_suggesting_insertions,tracking_without_comments/docx/1558d2a6ec_project_proposal_id_paraid_overflow__vs__77b9e6ba80_project_proposal_suggesting_insertions_redline_b0acbc9054.docx,tracking_without_comments/pdf/1558d2a6ec_project_proposal_id_paraid_overflow__vs__77b9e6ba80_project_proposal_suggesting_insertions_redline_b0acbc9054.pdf,tracking_without_comments,word_based,reject_all
187c1cd53e_bold_and_underline_combo_id_paraid_overflow__vs__991f6468eb_bold_italic_combined_demo_id_paraid_overflow_redline_8c95da3c05,clean/docx/187c1cd53e_bold_and_underline_combo_id_paraid_overflow,clean/docx/991f6468eb_bold_italic_combined_demo_id_paraid_overflow,bold_and_underline_combo_id_paraid_overflow,bold_italic_combined_demo_id_paraid_overflow,tracking_without_comments/docx/187c1cd53e_bold_and_underline_combo_id_paraid_overflow__vs__991f6468eb_bold_italic_combined_demo_id_paraid_overflow_redline_8c95da3c05.docx,tracking_without_comments/pdf/187c1cd53e_bold_and_underline_combo_id_paraid_overflow__vs__991f6468eb_bold_italic_combined_demo_id_paraid_overflow_redline_8c95da3c05.pdf,tracking_without_comments,word_based,reject_all
1cd4f9ee6c_roboto_font_demo_id_paraid_overflow__vs__6e08e456f6_roboto_underline_demo_id_paraid_overflow_redline_afad9d8d2c,clean/docx/1cd4f9ee6c_roboto_font_demo_id_paraid_overflow,clean/docx/6e08e456f6_roboto_underline_demo_id_paraid_overflow,roboto_font_demo_id_paraid_overflow,roboto_underline_demo_id_paraid_overflow,tracking_without_comments/docx/1cd4f9ee6c_roboto_font_demo_id_paraid_overflow__vs__6e08e456f6_roboto_underline_demo_id_paraid_overflow_redline_afad9d8d2c.docx,tracking_without_comments/pdf/1cd4f9ee6c_roboto_font_demo_id_paraid_overflow__vs__6e08e456f6_roboto_underline_demo_id_paraid_overflow_redline_afad9d8d2c.pdf,tracking_without_comments,word_based,reject_all
20d2e7d58b_word_tolerated_misplaced_pgsz__vs__e1771b0063_word_tolerated_misplaced_uipriority_redline_504be025b7,clean/docx/20d2e7d58b_word_tolerated_misplaced_pgsz,clean/docx/e1771b0063_word_tolerated_misplaced_uipriority,word_tolerated_misplaced_pgsz,word_tolerated_misplaced_uipriority,tracking_without_comments/docx/20d2e7d58b_word_tolerated_misplaced_pgsz__vs__e1771b0063_word_tolerated_misplaced_uipriority_redline_504be025b7.docx,tracking_without_comments/pdf/20d2e7d58b_word_tolerated_misplaced_pgsz__vs__e1771b0063_word_tolerated_misplaced_uipriority_redline_504be025b7.pdf,tracking_without_comments,word_based,reject_all
21c900e459_q1_sales_summary_table__vs__27e6c1ad4a_quarterly_performance_report_table_2_redline_b48d4e9226,clean/docx/21c900e459_q1_sales_summary_table,clean/docx/27e6c1ad4a_quarterly_performance_report_table_2,q1_sales_summary_table,quarterly_performance_report_table_2,tracking_without_comments/docx/21c900e459_q1_sales_summary_table__vs__27e6c1ad4a_quarterly_performance_report_table_2_redline_b48d4e9226.docx,tracking_without_comments/pdf/21c900e459_q1_sales_summary_table__vs__27e6c1ad4a_quarterly_performance_report_table_2_redline_b48d4e9226.pdf,tracking_without_comments,word_based,reject_all
24bd3ad29d_center_aligned_bold_text_id_paraid_overflow__vs__a98d0a8c12_center_alignment_demo_id_paraid_overflow_2_redline_6b78c8e0eb,clean/docx/24bd3ad29d_center_aligned_bold_text_id_paraid_overflow,clean/docx/a98d0a8c12_center_alignment_demo_id_paraid_overflow_2,center_aligned_bold_text_id_paraid_overflow,center_alignment_demo_id_paraid_overflow_2,tracking_without_comments/docx/24bd3ad29d_center_aligned_bold_text_id_paraid_overflow__vs__a98d0a8c12_center_alignment_demo_id_paraid_overflow_2_redline_6b78c8e0eb.docx,tracking_without_comments/pdf/24bd3ad29d_center_aligned_bold_text_id_paraid_overflow__vs__a98d0a8c12_center_alignment_demo_id_paraid_overflow_2_redline_6b78c8e0eb.pdf,tracking_without_comments,word_based,reject_all
277b6145d6_italic_and_underline_combo_style_default_missing__vs__e1201c51d4_italic_subscript_demo_style_default_missing_redline_6ce47d4bdd,clean/docx/277b6145d6_italic_and_underline_combo_style_default_missing,clean/docx/e1201c51d4_italic_subscript_demo_style_default_missing,italic_and_underline_combo_style_default_missing,italic_subscript_demo_style_default_missing,tracking_without_comments/docx/277b6145d6_italic_and_underline_combo_style_default_missing__vs__e1201c51d4_italic_subscript_demo_style_default_missing_redline_6ce47d4bdd.docx,tracking_without_comments/pdf/277b6145d6_italic_and_underline_combo_style_default_missing__vs__e1201c51d4_italic_subscript_demo_style_default_missing_redline_6ce47d4bdd.pdf,tracking_without_comments,word_based,reject_all
27e6c1ad4a_quarterly_performance_report_table_2__vs__a54f205278_quarterly_performance_report_table_redline_4807c44bb2,clean/docx/27e6c1ad4a_quarterly_performance_report_table_2,clean/docx/a54f205278_quarterly_performance_report_table,quarterly_performance_report_table_2,quarterly_performance_report_table,tracking_without_comments/docx/27e6c1ad4a_quarterly_performance_report_table_2__vs__a54f205278_quarterly_performance_report_table_redline_4807c44bb2.docx,tracking_without_comments/pdf/27e6c1ad4a_quarterly_performance_report_table_2__vs__a54f205278_quarterly_performance_report_table_redline_4807c44bb2.pdf,tracking_without_comments,word_based,reject_all
2efebc9bc3_blue_underline_combo_demo_id_paraid_overflow__vs__48cd1e0a53_bold_and_italic_combo_style_default_missing_redline_3df58b148e,clean/docx/2efebc9bc3_blue_underline_combo_demo_id_paraid_overflow,clean/docx/48cd1e0a53_bold_and_italic_combo_style_default_missing,blue_underline_combo_demo_id_paraid_overflow,bold_and_italic_combo_style_default_missing,tracking_without_comments/docx/2efebc9bc3_blue_underline_combo_demo_id_paraid_overflow__vs__48cd1e0a53_bold_and_italic_combo_style_default_missing_redline_3df58b148e.docx,tracking_without_comments/pdf/2efebc9bc3_blue_underline_combo_demo_id_paraid_overflow__vs__48cd1e0a53_bold_and_italic_combo_style_default_missing_redline_3df58b148e.pdf,tracking_without_comments,word_based,reject_all
3126703962_track_changes_editing_bullet_id_paraid_overflow__vs__9610bc363d_track_changes_editing_strikethrough_id_paraid_ov_redline_0638f4b423,clean/docx/3126703962_track_changes_editing_bullet_id_paraid_overflow,clean/docx/9610bc363d_track_changes_editing_strikethrough_id_paraid_ov,track_changes_editing_bullet_id_paraid_overflow,track_changes_editing_strikethrough_id_paraid_overflow,tracking_without_comments/docx/3126703962_track_changes_editing_bullet_id_paraid_overflow__vs__9610bc363d_track_changes_editing_strikethrough_id_paraid_ov_redline_0638f4b423.docx,tracking_without_comments/pdf/3126703962_track_changes_editing_bullet_id_paraid_overflow__vs__9610bc363d_track_changes_editing_strikethrough_id_paraid_ov_redline_0638f4b423.pdf,tracking_without_comments,word_based,reject_all
3413da1703_verdana_font_demo_id_paraid_overflow_2__vs__ac4b41aa8e_verdana_font_demo_id_paraid_overflow_redline_804039550d,with_comments_clean/docx/3413da1703_verdana_font_demo_id_paraid_overflow_2,clean/docx/ac4b41aa8e_verdana_font_demo_id_paraid_overflow,verdana_font_demo_id_paraid_overflow_2,verdana_font_demo_id_paraid_overflow,tracking_without_comments/docx/3413da1703_verdana_font_demo_id_paraid_overflow_2__vs__ac4b41aa8e_verdana_font_demo_id_paraid_overflow_redline_804039550d.docx,tracking_without_comments/pdf/3413da1703_verdana_font_demo_id_paraid_overflow_2__vs__ac4b41aa8e_verdana_font_demo_id_paraid_overflow_redline_804039550d.pdf,tracking_without_comments,word_based,reject_all
356b7a3629_text_highlight_demo_style_default_missing__vs__c4ee483519_tiff_image_redline_dd258f90cc,clean/docx/356b7a3629_text_highlight_demo_style_default_missing,clean/docx/c4ee483519_tiff_image,text_highlight_demo_style_default_missing,tiff_image,tracking_without_comments/docx/356b7a3629_text_highlight_demo_style_default_missing__vs__c4ee483519_tiff_image_redline_dd258f90cc.docx,tracking_without_comments/pdf/356b7a3629_text_highlight_demo_style_default_missing__vs__c4ee483519_tiff_image_redline_dd258f90cc.pdf,tracking_without_comments,word_based,reject_all
3a9525749b_heading_2_style_demo_id_paraid_overflow__vs__b2adbcc147_heading_3_center_italic_id_paraid_overflow_redline_6c81b9cb32,clean/docx/3a9525749b_heading_2_style_demo_id_paraid_overflow,clean/docx/b2adbcc147_heading_3_center_italic_id_paraid_overflow,heading_2_style_demo_id_paraid_overflow,heading_3_center_italic_id_paraid_overflow,tracking_without_comments/docx/3a9525749b_heading_2_style_demo_id_paraid_overflow__vs__b2adbcc147_heading_3_center_italic_id_paraid_overflow_redline_6c81b9cb32.docx,tracking_without_comments/pdf/3a9525749b_heading_2_style_demo_id_paraid_overflow__vs__b2adbcc147_heading_3_center_italic_id_paraid_overflow_redline_6c81b9cb32.pdf,tracking_without_comments,word_based,reject_all
4173c2bb01_open_sans_font_demo_id_paraid_overflow_2__vs__c706120413_open_sans_font_demo_id_paraid_overflow_redline_eae8ae2513,clean/docx/4173c2bb01_open_sans_font_demo_id_paraid_overflow_2,clean/docx/c706120413_open_sans_font_demo_id_paraid_overflow,open_sans_font_demo_id_paraid_overflow_2,open_sans_font_demo_id_paraid_overflow,tracking_without_comments/docx/4173c2bb01_open_sans_font_demo_id_paraid_overflow_2__vs__c706120413_open_sans_font_demo_id_paraid_overflow_redline_eae8ae2513.docx,tracking_without_comments/pdf/4173c2bb01_open_sans_font_demo_id_paraid_overflow_2__vs__c706120413_open_sans_font_demo_id_paraid_overflow_redline_eae8ae2513.pdf,tracking_without_comments,word_based,reject_all
438e423482_track_changes_suggesting_italic_id_paraid_overfl__vs__9f56ca58a1_track_changes_suggesting_title_id_paraid_overflo_redline_73e6a51032,clean/docx/438e423482_track_changes_suggesting_italic_id_paraid_overfl,clean/docx/9f56ca58a1_track_changes_suggesting_title_id_paraid_overflo,track_changes_suggesting_italic_id_paraid_overflow,track_changes_suggesting_title_id_paraid_overflow,tracking_without_comments/docx/438e423482_track_changes_suggesting_italic_id_paraid_overfl__vs__9f56ca58a1_track_changes_suggesting_title_id_paraid_overflo_redline_73e6a51032.docx,tracking_without_comments/pdf/438e423482_track_changes_suggesting_italic_id_paraid_overfl__vs__9f56ca58a1_track_changes_suggesting_title_id_paraid_overflo_redline_73e6a51032.pdf,tracking_without_comments,word_based,reject_all
45c1c5abec_table_vmerge_colspan__vs__a94f4c516b_text_box_redline_e0305725c1,clean/docx/45c1c5abec_table_vmerge_colspan,clean/docx/a94f4c516b_text_box,table_vmerge_colspan,text_box,tracking_without_comments/docx/45c1c5abec_table_vmerge_colspan__vs__a94f4c516b_text_box_redline_e0305725c1.docx,tracking_without_comments/pdf/45c1c5abec_table_vmerge_colspan__vs__a94f4c516b_text_box_redline_e0305725c1.pdf,tracking_without_comments,word_based,reject_all
48cd1e0a53_bold_and_italic_combo_style_default_missing__vs__187c1cd53e_bold_and_underline_combo_id_paraid_overflow_redline_c4e9d43965,clean/docx/48cd1e0a53_bold_and_italic_combo_style_default_missing,clean/docx/187c1cd53e_bold_and_underline_combo_id_paraid_overflow,bold_and_italic_combo_style_default_missing,bold_and_underline_combo_id_paraid_overflow,tracking_without_comments/docx/48cd1e0a53_bold_and_italic_combo_style_default_missing__vs__187c1cd53e_bold_and_underline_combo_id_paraid_overflow_redline_c4e9d43965.docx,tracking_without_comments/pdf/48cd1e0a53_bold_and_italic_combo_style_default_missing__vs__187c1cd53e_bold_and_underline_combo_id_paraid_overflow_redline_c4e9d43965.pdf,tracking_without_comments,word_based,reject_all
4ad775158b_bold_red_text_combo_id_paraid_overflow__vs__02c9605488_bold_superscript_demo_style_default_missing_redline_2693af7e81,clean/docx/4ad775158b_bold_red_text_combo_id_paraid_overflow,clean/docx/02c9605488_bold_superscript_demo_style_default_missing,bold_red_text_combo_id_paraid_overflow,bold_superscript_demo_style_default_missing,tracking_without_comments/docx/4ad775158b_bold_red_text_combo_id_paraid_overflow__vs__02c9605488_bold_superscript_demo_style_default_missing_redline_2693af7e81.docx,tracking_without_comments/pdf/4ad775158b_bold_red_text_combo_id_paraid_overflow__vs__02c9605488_bold_superscript_demo_style_default_missing_redline_2693af7e81.pdf,tracking_without_comments,word_based,reject_all
4b97a33168_risk_assessment_product_launch_suggesting_insert__vs__5d9783a7c4_roboto_font_demo_id_paraid_overflow_2_redline_0d8452b3ea,tracking_without_comments/docx/4b97a33168_risk_assessment_product_launch_suggesting_insert,clean/docx/5d9783a7c4_roboto_font_demo_id_paraid_overflow_2,risk_assessment_product_launch_suggesting_insertions,roboto_font_demo_id_paraid_overflow_2,tracking_without_comments/docx/4b97a33168_risk_assessment_product_launch_suggesting_insert__vs__5d9783a7c4_roboto_font_demo_id_paraid_overflow_2_redline_0d8452b3ea.docx,tracking_without_comments/pdf/4b97a33168_risk_assessment_product_launch_suggesting_insert__vs__5d9783a7c4_roboto_font_demo_id_paraid_overflow_2_redline_0d8452b3ea.pdf,tracking_without_comments,word_based,reject_all
4c0d04c85d_book_catalog_id_paraid_overflow__vs__7cab5fbdbe_book_catalog_table_redline_b6a0f44ca8,clean/docx/4c0d04c85d_book_catalog_id_paraid_overflow,clean/docx/7cab5fbdbe_book_catalog_table,book_catalog_id_paraid_overflow,book_catalog_table,tracking_without_comments/docx/4c0d04c85d_book_catalog_id_paraid_overflow__vs__7cab5fbdbe_book_catalog_table_redline_b6a0f44ca8.docx,tracking_without_comments/pdf/4c0d04c85d_book_catalog_id_paraid_overflow__vs__7cab5fbdbe_book_catalog_table_redline_b6a0f44ca8.pdf,tracking_without_comments,word_based,reject_all
4d1070e14c_strikethrough_text_formatting_demo_id_paraid_ove__vs__316da9cc94_subscript_demo_id_paraid_overflow_redline_67a452560c,clean/docx/4d1070e14c_strikethrough_text_formatting_demo_id_paraid_ove,clean/docx/316da9cc94_subscript_demo_id_paraid_overflow,strikethrough_text_formatting_demo_id_paraid_overflow,subscript_demo_id_paraid_overflow,tracking_without_comments/docx/4d1070e14c_strikethrough_text_formatting_demo_id_paraid_ove__vs__316da9cc94_subscript_demo_id_paraid_overflow_redline_67a452560c.docx,tracking_without_comments/pdf/4d1070e14c_strikethrough_text_formatting_demo_id_paraid_ove__vs__316da9cc94_subscript_demo_id_paraid_overflow_redline_67a452560c.pdf,tracking_without_comments,word_based,reject_all
5396ca3671_helvetica_font_demo_style_default_missing__vs__f1ea4a51fd_hr_onboarding_checklist_table_redline_e9a52fcf1b,clean/docx/5396ca3671_helvetica_font_demo_style_default_missing,clean/docx/f1ea4a51fd_hr_onboarding_checklist_table,helvetica_font_demo_style_default_missing,hr_onboarding_checklist_table,tracking_without_comments/docx/5396ca3671_helvetica_font_demo_style_default_missing__vs__f1ea4a51fd_hr_onboarding_checklist_table_redline_e9a52fcf1b.docx,tracking_without_comments/pdf/5396ca3671_helvetica_font_demo_style_default_missing__vs__f1ea4a51fd_hr_onboarding_checklist_table_redline_e9a52fcf1b.pdf,tracking_without_comments,word_based,reject_all
572990f05c_right_alignment_demo_id_paraid_overflow__vs__4b97a33168_risk_assessment_product_launch_suggesting_insert_redline_93cdd28c28,clean/docx/572990f05c_right_alignment_demo_id_paraid_overflow,tracking_without_comments/docx/4b97a33168_risk_assessment_product_launch_suggesting_insert,right_alignment_demo_id_paraid_overflow,risk_assessment_product_launch_suggesting_insertions,tracking_without_comments/docx/572990f05c_right_alignment_demo_id_paraid_overflow__vs__4b97a33168_risk_assessment_product_launch_suggesting_insert_redline_93cdd28c28.docx,tracking_without_comments/pdf/572990f05c_right_alignment_demo_id_paraid_overflow__vs__4b97a33168_risk_assessment_product_launch_suggesting_insert_redline_93cdd28c28.pdf,tracking_without_comments,word_based,reject_all
5adc853144_insert_link_demo_id_paraid_overflow__vs__e615c89269_inventory_list_suggesting_deletions_redline_7fd2b78918,clean/docx/5adc853144_insert_link_demo_id_paraid_overflow,tracking_without_comments/docx/e615c89269_inventory_list_suggesting_deletions,insert_link_demo_id_paraid_overflow,inventory_list_suggesting_deletions,tracking_without_comments/docx/5adc853144_insert_link_demo_id_paraid_overflow__vs__e615c89269_inventory_list_suggesting_deletions_redline_7fd2b78918.docx,tracking_without_comments/pdf/5adc853144_insert_link_demo_id_paraid_overflow__vs__e615c89269_inventory_list_suggesting_deletions_redline_7fd2b78918.pdf,tracking_without_comments,word_based,reject_all
5d17fd43a9_complex_style_attr__vs__0cf73436ac_contract_review_suggesting_insertions_redline_1a9f4c23f2,clean/docx/5d17fd43a9_complex_style_attr,tracking_without_comments/docx/0cf73436ac_contract_review_suggesting_insertions,complex_style_attr,contract_review_suggesting_insertions,tracking_without_comments/docx/5d17fd43a9_complex_style_attr__vs__0cf73436ac_contract_review_suggesting_insertions_redline_1a9f4c23f2.docx,tracking_without_comments/pdf/5d17fd43a9_complex_style_attr__vs__0cf73436ac_contract_review_suggesting_insertions_redline_1a9f4c23f2.pdf,tracking_without_comments,word_based,reject_all
5d9783a7c4_roboto_font_demo_id_paraid_overflow_2__vs__1cd4f9ee6c_roboto_font_demo_id_paraid_overflow_redline_d598c3ab47,clean/docx/5d9783a7c4_roboto_font_demo_id_paraid_overflow_2,clean/docx/1cd4f9ee6c_roboto_font_demo_id_paraid_overflow,roboto_font_demo_id_paraid_overflow_2,roboto_font_demo_id_paraid_overflow,tracking_without_comments/docx/5d9783a7c4_roboto_font_demo_id_paraid_overflow_2__vs__1cd4f9ee6c_roboto_font_demo_id_paraid_overflow_redline_d598c3ab47.docx,tracking_without_comments/pdf/5d9783a7c4_roboto_font_demo_id_paraid_overflow_2__vs__1cd4f9ee6c_roboto_font_demo_id_paraid_overflow_redline_d598c3ab47.pdf,tracking_without_comments,word_based,reject_all
6446faad0e_budget_report_q1_2026_suggesting_insertions__vs__30e84496e2_bullet_list_bold_demo_id_paraid_overflow_redline_1277d3c5cb,tracking_without_comments/docx/6446faad0e_budget_report_q1_2026_suggesting_insertions,clean/docx/30e84496e2_bullet_list_bold_demo_id_paraid_overflow,budget_report_q1_2026_suggesting_insertions,bullet_list_bold_demo_id_paraid_overflow,tracking_without_comments/docx/6446faad0e_budget_report_q1_2026_suggesting_insertions__vs__30e84496e2_bullet_list_bold_demo_id_paraid_overflow_redline_1277d3c5cb.docx,tracking_without_comments/pdf/6446faad0e_budget_report_q1_2026_suggesting_insertions__vs__30e84496e2_bullet_list_bold_demo_id_paraid_overflow_redline_1277d3c5cb.pdf,tracking_without_comments,word_based,reject_all
6446faad0e_budget_report_q1_2026_suggesting_insertions__vs__30e84496e2_bullet_list_bold_demo_id_paraid_overflow_redline_a33175c2d5,tracking_without_comments/docx/6446faad0e_budget_report_q1_2026_suggesting_insertions,clean/docx/30e84496e2_bullet_list_bold_demo_id_paraid_overflow,budget_report_q1_2026_suggesting_insertions,bullet_list_bold_demo_id_paraid_overflow,tracking_without_comments/docx/6446faad0e_budget_report_q1_2026_suggesting_insertions__vs__30e84496e2_bullet_list_bold_demo_id_paraid_overflow_redline_a33175c2d5.docx,tracking_without_comments/pdf/6446faad0e_budget_report_q1_2026_suggesting_insertions__vs__30e84496e2_bullet_list_bold_demo_id_paraid_overflow_redline_a33175c2d5.pdf,tracking_without_comments,word_based,reject_all
6a4d8ea70c_blue_italic_text_demo_id_paraid_overflow__vs__2efebc9bc3_blue_underline_combo_demo_id_paraid_overflow_redline_c5995bc106,clean/docx/6a4d8ea70c_blue_italic_text_demo_id_paraid_overflow,clean/docx/2efebc9bc3_blue_underline_combo_demo_id_paraid_overflow,blue_italic_text_demo_id_paraid_overflow,blue_underline_combo_demo_id_paraid_overflow,tracking_without_comments/docx/6a4d8ea70c_blue_italic_text_demo_id_paraid_overflow__vs__2efebc9bc3_blue_underline_combo_demo_id_paraid_overflow_redline_c5995bc106.docx,tracking_without_comments/pdf/6a4d8ea70c_blue_italic_text_demo_id_paraid_overflow__vs__2efebc9bc3_blue_underline_combo_demo_id_paraid_overflow_redline_c5995bc106.pdf,tracking_without_comments,word_based,reject_all
6e08e456f6_roboto_underline_demo_id_paraid_overflow__vs__36fbd8c734_sales_report_january_2026_suggesting_insertions_redline_4019af2d56,clean/docx/6e08e456f6_roboto_underline_demo_id_paraid_overflow,tracking_without_comments/docx/36fbd8c734_sales_report_january_2026_suggesting_insertions,roboto_underline_demo_id_paraid_overflow,sales_report_january_2026_suggesting_insertions,tracking_without_comments/docx/6e08e456f6_roboto_underline_demo_id_paraid_overflow__vs__36fbd8c734_sales_report_january_2026_suggesting_insertions_redline_4019af2d56.docx,tracking_without_comments/pdf/6e08e456f6_roboto_underline_demo_id_paraid_overflow__vs__36fbd8c734_sales_report_january_2026_suggesting_insertions_redline_4019af2d56.pdf,tracking_without_comments,word_based,reject_all
70bed70fac_1_5_line_spacing_id_paraid_overflow__vs__6a65e5219d_24_id_paraid_overflow_redline_b3682dd36b,clean/docx/70bed70fac_1_5_line_spacing_id_paraid_overflow,clean/docx/6a65e5219d_24_id_paraid_overflow,1_5_line_spacing_id_paraid_overflow,24_id_paraid_overflow,tracking_without_comments/docx/70bed70fac_1_5_line_spacing_id_paraid_overflow__vs__6a65e5219d_24_id_paraid_overflow_redline_b3682dd36b.docx,tracking_without_comments/pdf/70bed70fac_1_5_line_spacing_id_paraid_overflow__vs__6a65e5219d_24_id_paraid_overflow_redline_b3682dd36b.pdf,tracking_without_comments,word_based,reject_all
7166fa4199_document_100_ultimate_demo_id_paraid_overflow__vs__2c0a2ac35f_double_spacing_bold_demo_id_paraid_overflow_redline_1345ecae1e,clean/docx/7166fa4199_document_100_ultimate_demo_id_paraid_overflow,clean/docx/2c0a2ac35f_double_spacing_bold_demo_id_paraid_overflow,document_100_ultimate_demo_id_paraid_overflow,double_spacing_bold_demo_id_paraid_overflow,tracking_without_comments/docx/7166fa4199_document_100_ultimate_demo_id_paraid_overflow__vs__2c0a2ac35f_double_spacing_bold_demo_id_paraid_overflow_redline_1345ecae1e.docx,tracking_without_comments/pdf/7166fa4199_document_100_ultimate_demo_id_paraid_overflow__vs__2c0a2ac35f_double_spacing_bold_demo_id_paraid_overflow_redline_1345ecae1e.pdf,tracking_without_comments,word_based,reject_all
77b9e6ba80_project_proposal_suggesting_insertions__vs__09c4b04252_project_tasks_suggesting_insertions_2_redline_0188af32a4,tracking_without_comments/docx/77b9e6ba80_project_proposal_suggesting_insertions,tracking_without_comments/docx/09c4b04252_project_tasks_suggesting_insertions_2,project_proposal_suggesting_insertions,project_tasks_suggesting_insertions_2,tracking_without_comments/docx/77b9e6ba80_project_proposal_suggesting_insertions__vs__09c4b04252_project_tasks_suggesting_insertions_2_redline_0188af32a4.docx,tracking_without_comments/pdf/77b9e6ba80_project_proposal_suggesting_insertions__vs__09c4b04252_project_tasks_suggesting_insertions_2_redline_0188af32a4.pdf,tracking_without_comments,word_based,reject_all
77b9e6ba80_project_proposal_suggesting_insertions__vs__09c4b04252_project_tasks_suggesting_insertions_2_redline_9e98afa1f3,tracking_without_comments/docx/77b9e6ba80_project_proposal_suggesting_insertions,tracking_without_comments/docx/09c4b04252_project_tasks_suggesting_insertions_2,project_proposal_suggesting_insertions,project_tasks_suggesting_insertions_2,tracking_without_comments/docx/77b9e6ba80_project_proposal_suggesting_insertions__vs__09c4b04252_project_tasks_suggesting_insertions_2_redline_9e98afa1f3.docx,tracking_without_comments/pdf/77b9e6ba80_project_proposal_suggesting_insertions__vs__09c4b04252_project_tasks_suggesting_insertions_2_redline_9e98afa1f3.pdf,tracking_without_comments,word_based,reject_all
7888085856_employee_directory_table__vs__963d40d5f8_employee_review_john_smith_suggesting_insertions_redline_7885f3d2fc,clean/docx/7888085856_employee_directory_table,tracking_without_comments/docx/963d40d5f8_employee_review_john_smith_suggesting_insertions,employee_directory_table,employee_review_john_smith_suggesting_insertions,tracking_without_comments/docx/7888085856_employee_directory_table__vs__963d40d5f8_employee_review_john_smith_suggesting_insertions_redline_7885f3d2fc.docx,tracking_without_comments/pdf/7888085856_employee_directory_table__vs__963d40d5f8_employee_review_john_smith_suggesting_insertions_redline_7885f3d2fc.pdf,tracking_without_comments,word_based,reject_all
7b076416b0_sectpr_headerref__vs__7d89bf44b4_single_paragraph_redline_d39726180d,clean/docx/7b076416b0_sectpr_headerref,clean/docx/7d89bf44b4_single_paragraph,sectpr_headerref,single_paragraph,tracking_without_comments/docx/7b076416b0_sectpr_headerref__vs__7d89bf44b4_single_paragraph_redline_d39726180d.docx,tracking_without_comments/pdf/7b076416b0_sectpr_headerref__vs__7d89bf44b4_single_paragraph_redline_d39726180d.pdf,tracking_without_comments,word_based,reject_all
7cab5fbdbe_book_catalog_table__vs__6446faad0e_budget_report_q1_2026_suggesting_insertions_redline_1796c24a87,clean/docx/7cab5fbdbe_book_catalog_table,tracking_without_comments/docx/6446faad0e_budget_report_q1_2026_suggesting_insertions,book_catalog_table,budget_report_q1_2026_suggesting_insertions,tracking_without_comments/docx/7cab5fbdbe_book_catalog_table__vs__6446faad0e_budget_report_q1_2026_suggesting_insertions_redline_1796c24a87.docx,tracking_without_comments/pdf/7cab5fbdbe_book_catalog_table__vs__6446faad0e_budget_report_q1_2026_suggesting_insertions_redline_1796c24a87.pdf,tracking_without_comments,word_based,reject_all
7d89bf44b4_single_paragraph__vs__e355cec096_small_font_size_demo_id_paraid_overflow_redline_454084a8c3,clean/docx/7d89bf44b4_single_paragraph,clean/docx/e355cec096_small_font_size_demo_id_paraid_overflow,single_paragraph,small_font_size_demo_id_paraid_overflow,tracking_without_comments/docx/7d89bf44b4_single_paragraph__vs__e355cec096_small_font_size_demo_id_paraid_overflow_redline_454084a8c3.docx,tracking_without_comments/pdf/7d89bf44b4_single_paragraph__vs__e355cec096_small_font_size_demo_id_paraid_overflow_redline_454084a8c3.pdf,tracking_without_comments,word_based,reject_all
860b6e457e_superscript_demo_id_paraid_overflow__vs__af458715aa_superscript_demo_style_default_missing_redline_48919d9064,clean/docx/860b6e457e_superscript_demo_id_paraid_overflow,clean/docx/af458715aa_superscript_demo_style_default_missing,superscript_demo_id_paraid_overflow,superscript_demo_style_default_missing,tracking_without_comments/docx/860b6e457e_superscript_demo_id_paraid_overflow__vs__af458715aa_superscript_demo_style_default_missing_redline_48919d9064.docx,tracking_without_comments/pdf/860b6e457e_superscript_demo_id_paraid_overflow__vs__af458715aa_superscript_demo_style_default_missing_redline_48919d9064.pdf,tracking_without_comments,word_based,reject_all
87f3bff234_meeting_minutes_id_paraid_overflow__vs__af73bfcc05_meeting_minutes_suggesting_insertions_redline_eae3f5c09f,clean/docx/87f3bff234_meeting_minutes_id_paraid_overflow,tracking_without_comments/docx/af73bfcc05_meeting_minutes_suggesting_insertions,meeting_minutes_id_paraid_overflow,meeting_minutes_suggesting_insertions,tracking_without_comments/docx/87f3bff234_meeting_minutes_id_paraid_overflow__vs__af73bfcc05_meeting_minutes_suggesting_insertions_redline_eae3f5c09f.docx,tracking_without_comments/pdf/87f3bff234_meeting_minutes_id_paraid_overflow__vs__af73bfcc05_meeting_minutes_suggesting_insertions_redline_eae3f5c09f.pdf,tracking_without_comments,word_based,reject_all
87f3bff234_meeting_minutes_id_paraid_overflow__vs__af73bfcc05_meeting_minutes_suggesting_insertions_redline_f328129a1a,clean/docx/87f3bff234_meeting_minutes_id_paraid_overflow,tracking_without_comments/docx/af73bfcc05_meeting_minutes_suggesting_insertions,meeting_minutes_id_paraid_overflow,meeting_minutes_suggesting_insertions,tracking_without_comments/docx/87f3bff234_meeting_minutes_id_paraid_overflow__vs__af73bfcc05_meeting_minutes_suggesting_insertions_redline_f328129a1a.docx,tracking_without_comments/pdf/87f3bff234_meeting_minutes_id_paraid_overflow__vs__af73bfcc05_meeting_minutes_suggesting_insertions_redline_f328129a1a.pdf,tracking_without_comments,word_based,reject_all
8e5efb0d0b_inventory_list_suggesting_mixed_edits__vs__9f96e7f4f8_it_security_policy_v2_suggesting_insertions_redline_2b5cfb2225,tracking_without_comments/docx/8e5efb0d0b_inventory_list_suggesting_mixed_edits,tracking_without_comments/docx/9f96e7f4f8_it_security_policy_v2_suggesting_insertions,inventory_list_suggesting_mixed_edits,it_security_policy_v2_suggesting_insertions,tracking_without_comments/docx/8e5efb0d0b_inventory_list_suggesting_mixed_edits__vs__9f96e7f4f8_it_security_policy_v2_suggesting_insertions_redline_2b5cfb2225.docx,tracking_without_comments/pdf/8e5efb0d0b_inventory_list_suggesting_mixed_edits__vs__9f96e7f4f8_it_security_policy_v2_suggesting_insertions_redline_2b5cfb2225.pdf,tracking_without_comments,word_based,reject_all
8e5efb0d0b_inventory_list_suggesting_mixed_edits__vs__9f96e7f4f8_it_security_policy_v2_suggesting_insertions_redline_d0160178ae,tracking_without_comments/docx/8e5efb0d0b_inventory_list_suggesting_mixed_edits,tracking_without_comments/docx/9f96e7f4f8_it_security_policy_v2_suggesting_insertions,inventory_list_suggesting_mixed_edits,it_security_policy_v2_suggesting_insertions,tracking_without_comments/docx/8e5efb0d0b_inventory_list_suggesting_mixed_edits__vs__9f96e7f4f8_it_security_policy_v2_suggesting_insertions_redline_d0160178ae.docx,tracking_without_comments/pdf/8e5efb0d0b_inventory_list_suggesting_mixed_edits__vs__9f96e7f4f8_it_security_policy_v2_suggesting_insertions_redline_d0160178ae.pdf,tracking_without_comments,word_based,reject_all
8fb278cb36_word_tolerated_duplicate_ppr__vs__a04e2d2749_ooxml_style_link_redline_3cc33aad1b,clean/docx/8fb278cb36_word_tolerated_duplicate_ppr,clean/docx/a04e2d2749_ooxml_style_link,word_tolerated_duplicate_ppr,ooxml_style_link,tracking_without_comments/docx/8fb278cb36_word_tolerated_duplicate_ppr__vs__a04e2d2749_ooxml_style_link_redline_3cc33aad1b.docx,tracking_without_comments/pdf/8fb278cb36_word_tolerated_duplicate_ppr__vs__a04e2d2749_ooxml_style_link_redline_3cc33aad1b.pdf,tracking_without_comments,word_based,reject_all
9297fc746e_calibri_font_demo_id_paraid_overflow_2__vs__f3b2e74e02_calibri_font_demo_id_paraid_overflow_redline_ffad88abf4,clean/docx/9297fc746e_calibri_font_demo_id_paraid_overflow_2,clean/docx/f3b2e74e02_calibri_font_demo_id_paraid_overflow,calibri_font_demo_id_paraid_overflow_2,calibri_font_demo_id_paraid_overflow,tracking_without_comments/docx/9297fc746e_calibri_font_demo_id_paraid_overflow_2__vs__f3b2e74e02_calibri_font_demo_id_paraid_overflow_redline_ffad88abf4.docx,tracking_without_comments/pdf/9297fc746e_calibri_font_demo_id_paraid_overflow_2__vs__f3b2e74e02_calibri_font_demo_id_paraid_overflow_redline_ffad88abf4.pdf,tracking_without_comments,word_based,reject_all
93477c6068_contract_review_suggesting_mixed_edits__vs__9333b7ab9b_customer_satisfaction_survey_q4_suggesting_inser_redline_9303c14ad3,tracking_without_comments/docx/93477c6068_contract_review_suggesting_mixed_edits,tracking_without_comments/docx/9333b7ab9b_customer_satisfaction_survey_q4_suggesting_inser,contract_review_suggesting_mixed_edits,customer_satisfaction_survey_q4_suggesting_insertions,tracking_without_comments/docx/93477c6068_contract_review_suggesting_mixed_edits__vs__9333b7ab9b_customer_satisfaction_survey_q4_suggesting_inser_redline_9303c14ad3.docx,tracking_without_comments/pdf/93477c6068_contract_review_suggesting_mixed_edits__vs__9333b7ab9b_customer_satisfaction_survey_q4_suggesting_inser_redline_9303c14ad3.pdf,tracking_without_comments,word_based,reject_all
93e2be10e6_font_size_18_demo_style_default_missing__vs__c20e9b2d21_font_size_24_demo_id_paraid_overflow_redline_81b3772ff5,clean/docx/93e2be10e6_font_size_18_demo_style_default_missing,clean/docx/c20e9b2d21_font_size_24_demo_id_paraid_overflow,font_size_18_demo_style_default_missing,font_size_24_demo_id_paraid_overflow,tracking_without_comments/docx/93e2be10e6_font_size_18_demo_style_default_missing__vs__c20e9b2d21_font_size_24_demo_id_paraid_overflow_redline_81b3772ff5.docx,tracking_without_comments/pdf/93e2be10e6_font_size_18_demo_style_default_missing__vs__c20e9b2d21_font_size_24_demo_id_paraid_overflow_redline_81b3772ff5.pdf,tracking_without_comments,word_based,reject_all
966994cba9_track_changes_suggesting_calibri_id_paraid_overf__vs__c21d15c9e9_track_changes_suggesting_center_id_paraid_overfl_redline_456239d735,clean/docx/966994cba9_track_changes_suggesting_calibri_id_paraid_overf,clean/docx/c21d15c9e9_track_changes_suggesting_center_id_paraid_overfl,track_changes_suggesting_calibri_id_paraid_overflow,track_changes_suggesting_center_id_paraid_overflow,tracking_without_comments/docx/966994cba9_track_changes_suggesting_calibri_id_paraid_overf__vs__c21d15c9e9_track_changes_suggesting_center_id_paraid_overfl_redline_456239d735.docx,tracking_without_comments/pdf/966994cba9_track_changes_suggesting_calibri_id_paraid_overf__vs__c21d15c9e9_track_changes_suggesting_center_id_paraid_overfl_redline_456239d735.pdf,tracking_without_comments,word_based,reject_all
991f6468eb_bold_italic_combined_demo_id_paraid_overflow__vs__5d5ca75f29_bold_italic_underline_demo_id_paraid_overflow_redline_ccf58e83e0,clean/docx/991f6468eb_bold_italic_combined_demo_id_paraid_overflow,clean/docx/5d5ca75f29_bold_italic_underline_demo_id_paraid_overflow,bold_italic_combined_demo_id_paraid_overflow,bold_italic_underline_demo_id_paraid_overflow,tracking_without_comments/docx/991f6468eb_bold_italic_combined_demo_id_paraid_overflow__vs__5d5ca75f29_bold_italic_underline_demo_id_paraid_overflow_redline_ccf58e83e0.docx,tracking_without_comments/pdf/991f6468eb_bold_italic_combined_demo_id_paraid_overflow__vs__5d5ca75f29_bold_italic_underline_demo_id_paraid_overflow_redline_ccf58e83e0.pdf,tracking_without_comments,word_based,reject_all
9d3fa84f9f_bullet_list_demo_id_paraid_overflow__vs__8b3bfdf247_calibri_bold_italic_demo_id_paraid_overflow_redline_ada34cd34e,clean/docx/9d3fa84f9f_bullet_list_demo_id_paraid_overflow,clean/docx/8b3bfdf247_calibri_bold_italic_demo_id_paraid_overflow,bullet_list_demo_id_paraid_overflow,calibri_bold_italic_demo_id_paraid_overflow,tracking_without_comments/docx/9d3fa84f9f_bullet_list_demo_id_paraid_overflow__vs__8b3bfdf247_calibri_bold_italic_demo_id_paraid_overflow_redline_ada34cd34e.docx,tracking_without_comments/pdf/9d3fa84f9f_bullet_list_demo_id_paraid_overflow__vs__8b3bfdf247_calibri_bold_italic_demo_id_paraid_overflow_redline_ada34cd34e.pdf,tracking_without_comments,word_based,reject_all
9f96e7f4f8_it_security_policy_v2_suggesting_insertions__vs__277b6145d6_italic_and_underline_combo_style_default_missing_redline_1825689107,tracking_without_comments/docx/9f96e7f4f8_it_security_policy_v2_suggesting_insertions,clean/docx/277b6145d6_italic_and_underline_combo_style_default_missing,it_security_policy_v2_suggesting_insertions,italic_and_underline_combo_style_default_missing,tracking_without_comments/docx/9f96e7f4f8_it_security_policy_v2_suggesting_insertions__vs__277b6145d6_italic_and_underline_combo_style_default_missing_redline_1825689107.docx,tracking_without_comments/pdf/9f96e7f4f8_it_security_policy_v2_suggesting_insertions__vs__277b6145d6_italic_and_underline_combo_style_default_missing_redline_1825689107.pdf,tracking_without_comments,word_based,reject_all
a04e2d2749_ooxml_style_link__vs__053c86de5f_open_sans_bold_underline_id_paraid_overflow_redline_ed44094556,clean/docx/a04e2d2749_ooxml_style_link,clean/docx/053c86de5f_open_sans_bold_underline_id_paraid_overflow,ooxml_style_link,open_sans_bold_underline_id_paraid_overflow,tracking_without_comments/docx/a04e2d2749_ooxml_style_link__vs__053c86de5f_open_sans_bold_underline_id_paraid_overflow_redline_ed44094556.docx,tracking_without_comments/pdf/a04e2d2749_ooxml_style_link__vs__053c86de5f_open_sans_bold_underline_id_paraid_overflow_redline_ed44094556.pdf,tracking_without_comments,word_based,reject_all
a54f205278_quarterly_performance_report_table__vs__daf1fa36c0_red_bold_heading_demo_style_default_missing_redline_bf77af34d5,clean/docx/a54f205278_quarterly_performance_report_table,clean/docx/daf1fa36c0_red_bold_heading_demo_style_default_missing,quarterly_performance_report_table,red_bold_heading_demo_style_default_missing,tracking_without_comments/docx/a54f205278_quarterly_performance_report_table__vs__daf1fa36c0_red_bold_heading_demo_style_default_missing_redline_bf77af34d5.docx,tracking_without_comments/pdf/a54f205278_quarterly_performance_report_table__vs__daf1fa36c0_red_bold_heading_demo_style_default_missing_redline_bf77af34d5.pdf,tracking_without_comments,word_based,reject_all
a98d0a8c12_center_alignment_demo_id_paraid_overflow_2__vs__cb340e4c6a_center_alignment_demo_id_paraid_overflow_redline_fa65e6ca11,clean/docx/a98d0a8c12_center_alignment_demo_id_paraid_overflow_2,clean/docx/cb340e4c6a_center_alignment_demo_id_paraid_overflow,center_alignment_demo_id_paraid_overflow_2,center_alignment_demo_id_paraid_overflow,tracking_without_comments/docx/a98d0a8c12_center_alignment_demo_id_paraid_overflow_2__vs__cb340e4c6a_center_alignment_demo_id_paraid_overflow_redline_fa65e6ca11.docx,tracking_without_comments/pdf/a98d0a8c12_center_alignment_demo_id_paraid_overflow_2__vs__cb340e4c6a_center_alignment_demo_id_paraid_overflow_redline_fa65e6ca11.pdf,tracking_without_comments,word_based,reject_all
aa62a37db2_strikethrough_text_demo_id_paraid_overflow__vs__4d1070e14c_strikethrough_text_formatting_demo_id_paraid_ove_redline_126f86e26e,clean/docx/aa62a37db2_strikethrough_text_demo_id_paraid_overflow,clean/docx/4d1070e14c_strikethrough_text_formatting_demo_id_paraid_ove,strikethrough_text_demo_id_paraid_overflow,strikethrough_text_formatting_demo_id_paraid_overflow,tracking_without_comments/docx/aa62a37db2_strikethrough_text_demo_id_paraid_overflow__vs__4d1070e14c_strikethrough_text_formatting_demo_id_paraid_ove_redline_126f86e26e.docx,tracking_without_comments/pdf/aa62a37db2_strikethrough_text_demo_id_paraid_overflow__vs__4d1070e14c_strikethrough_text_formatting_demo_id_paraid_ove_redline_126f86e26e.pdf,tracking_without_comments,word_based,reject_all
af458715aa_superscript_demo_style_default_missing__vs__c917cc5055_support_tickets_summary_id_paraid_overflow_redline_733ae46745,clean/docx/af458715aa_superscript_demo_style_default_missing,clean/docx/c917cc5055_support_tickets_summary_id_paraid_overflow,superscript_demo_style_default_missing,support_tickets_summary_id_paraid_overflow,tracking_without_comments/docx/af458715aa_superscript_demo_style_default_missing__vs__c917cc5055_support_tickets_summary_id_paraid_overflow_redline_733ae46745.docx,tracking_without_comments/pdf/af458715aa_superscript_demo_style_default_missing__vs__c917cc5055_support_tickets_summary_id_paraid_overflow_redline_733ae46745.pdf,tracking_without_comments,word_based,reject_all
af73bfcc05_meeting_minutes_suggesting_insertions__vs__82348eef4b_multi_section_redline_4318cac120,tracking_without_comments/docx/af73bfcc05_meeting_minutes_suggesting_insertions,clean/docx/82348eef4b_multi_section,meeting_minutes_suggesting_insertions,multi_section,tracking_without_comments/docx/af73bfcc05_meeting_minutes_suggesting_insertions__vs__82348eef4b_multi_section_redline_4318cac120.docx,tracking_without_comments/pdf/af73bfcc05_meeting_minutes_suggesting_insertions__vs__82348eef4b_multi_section_redline_4318cac120.pdf,tracking_without_comments,word_based,reject_all
af73bfcc05_meeting_minutes_suggesting_insertions__vs__bdd82b239b_numbered_list_demo_id_paraid_overflow_redline_d1cae83a35,tracking_without_comments/docx/af73bfcc05_meeting_minutes_suggesting_insertions,clean/docx/bdd82b239b_numbered_list_demo_id_paraid_overflow,meeting_minutes_suggesting_insertions,numbered_list_demo_id_paraid_overflow,tracking_without_comments/docx/af73bfcc05_meeting_minutes_suggesting_insertions__vs__bdd82b239b_numbered_list_demo_id_paraid_overflow_redline_d1cae83a35.docx,tracking_without_comments/pdf/af73bfcc05_meeting_minutes_suggesting_insertions__vs__bdd82b239b_numbered_list_demo_id_paraid_overflow_redline_d1cae83a35.pdf,tracking_without_comments,word_based,reject_all
b2adbcc147_heading_3_center_italic_id_paraid_overflow__vs__017c22e2a3_heading_3_style_demo_id_paraid_overflow_2_redline_2cc61fc27a,clean/docx/b2adbcc147_heading_3_center_italic_id_paraid_overflow,clean/docx/017c22e2a3_heading_3_style_demo_id_paraid_overflow_2,heading_3_center_italic_id_paraid_overflow,heading_3_style_demo_id_paraid_overflow_2,tracking_without_comments/docx/b2adbcc147_heading_3_center_italic_id_paraid_overflow__vs__017c22e2a3_heading_3_style_demo_id_paraid_overflow_2_redline_2cc61fc27a.docx,tracking_without_comments/pdf/b2adbcc147_heading_3_center_italic_id_paraid_overflow__vs__017c22e2a3_heading_3_style_demo_id_paraid_overflow_2_redline_2cc61fc27a.pdf,tracking_without_comments,word_based,reject_all
b4b7c76ecd_font_family_demo_id_paraid_overflow__vs__7e405bc8f2_font_size_12_demo_id_paraid_overflow_redline_9974d0551e,clean/docx/b4b7c76ecd_font_family_demo_id_paraid_overflow,clean/docx/7e405bc8f2_font_size_12_demo_id_paraid_overflow,font_family_demo_id_paraid_overflow,font_size_12_demo_id_paraid_overflow,tracking_without_comments/docx/b4b7c76ecd_font_family_demo_id_paraid_overflow__vs__7e405bc8f2_font_size_12_demo_id_paraid_overflow_redline_9974d0551e.docx,tracking_without_comments/pdf/b4b7c76ecd_font_family_demo_id_paraid_overflow__vs__7e405bc8f2_font_size_12_demo_id_paraid_overflow_redline_9974d0551e.pdf,tracking_without_comments,word_based,reject_all
b4ba29d456_left_alignment_demo_id_paraid_overflow__vs__bb46f61c5d_line_spacing_demo_id_paraid_overflow_redline_7b637208fb,clean/docx/b4ba29d456_left_alignment_demo_id_paraid_overflow,clean/docx/bb46f61c5d_line_spacing_demo_id_paraid_overflow,left_alignment_demo_id_paraid_overflow,line_spacing_demo_id_paraid_overflow,tracking_without_comments/docx/b4ba29d456_left_alignment_demo_id_paraid_overflow__vs__bb46f61c5d_line_spacing_demo_id_paraid_overflow_redline_7b637208fb.docx,tracking_without_comments/pdf/b4ba29d456_left_alignment_demo_id_paraid_overflow__vs__bb46f61c5d_line_spacing_demo_id_paraid_overflow_redline_7b637208fb.pdf,tracking_without_comments,word_based,reject_all
b7c9d27632_underline_text_demo_id_paraid_overflow__vs__fd5a40bd94_underline_text_formatting_demo_style_default_mis_redline_b2d01cb7ae,clean/docx/b7c9d27632_underline_text_demo_id_paraid_overflow,clean/docx/fd5a40bd94_underline_text_formatting_demo_style_default_mis,underline_text_demo_id_paraid_overflow,underline_text_formatting_demo_style_default_missing,tracking_without_comments/docx/b7c9d27632_underline_text_demo_id_paraid_overflow__vs__fd5a40bd94_underline_text_formatting_demo_style_default_mis_redline_b2d01cb7ae.docx,tracking_without_comments/pdf/b7c9d27632_underline_text_demo_id_paraid_overflow__vs__fd5a40bd94_underline_text_formatting_demo_style_default_mis_redline_b2d01cb7ae.pdf,tracking_without_comments,word_based,reject_all
bb46f61c5d_line_spacing_demo_id_paraid_overflow__vs__de2a4c9936_marketing_strategy_2026_suggesting_insertions_redline_6d0697c862,clean/docx/bb46f61c5d_line_spacing_demo_id_paraid_overflow,tracking_without_comments/docx/de2a4c9936_marketing_strategy_2026_suggesting_insertions,line_spacing_demo_id_paraid_overflow,marketing_strategy_2026_suggesting_insertions,tracking_without_comments/docx/bb46f61c5d_line_spacing_demo_id_paraid_overflow__vs__de2a4c9936_marketing_strategy_2026_suggesting_insertions_redline_6d0697c862.docx,tracking_without_comments/pdf/bb46f61c5d_line_spacing_demo_id_paraid_overflow__vs__de2a4c9936_marketing_strategy_2026_suggesting_insertions_redline_6d0697c862.pdf,tracking_without_comments,word_based,reject_all
bb46f61c5d_line_spacing_demo_id_paraid_overflow__vs__de2a4c9936_marketing_strategy_2026_suggesting_insertions_redline_927681d400,clean/docx/bb46f61c5d_line_spacing_demo_id_paraid_overflow,tracking_without_comments/docx/de2a4c9936_marketing_strategy_2026_suggesting_insertions,line_spacing_demo_id_paraid_overflow,marketing_strategy_2026_suggesting_insertions,tracking_without_comments/docx/bb46f61c5d_line_spacing_demo_id_paraid_overflow__vs__de2a4c9936_marketing_strategy_2026_suggesting_insertions_redline_927681d400.docx,tracking_without_comments/pdf/bb46f61c5d_line_spacing_demo_id_paraid_overflow__vs__de2a4c9936_marketing_strategy_2026_suggesting_insertions_redline_927681d400.pdf,tracking_without_comments,word_based,reject_all
bdd82b239b_numbered_list_demo_id_paraid_overflow__vs__f6de76cc94_numbered_list_italic_demo_id_paraid_overflow_redline_93d4a23ac7,clean/docx/bdd82b239b_numbered_list_demo_id_paraid_overflow,clean/docx/f6de76cc94_numbered_list_italic_demo_id_paraid_overflow,numbered_list_demo_id_paraid_overflow,numbered_list_italic_demo_id_paraid_overflow,tracking_without_comments/docx/bdd82b239b_numbered_list_demo_id_paraid_overflow__vs__f6de76cc94_numbered_list_italic_demo_id_paraid_overflow_redline_93d4a23ac7.docx,tracking_without_comments/pdf/bdd82b239b_numbered_list_demo_id_paraid_overflow__vs__f6de76cc94_numbered_list_italic_demo_id_paraid_overflow_redline_93d4a23ac7.pdf,tracking_without_comments,word_based,reject_all
bebfc19fe0_justify_alignment_demo_id_paraid_overflow_2__vs__5a8152b0cd_justify_alignment_demo_id_paraid_overflow_redline_e98fc31880,clean/docx/bebfc19fe0_justify_alignment_demo_id_paraid_overflow_2,clean/docx/5a8152b0cd_justify_alignment_demo_id_paraid_overflow,justify_alignment_demo_id_paraid_overflow_2,justify_alignment_demo_id_paraid_overflow,tracking_without_comments/docx/bebfc19fe0_justify_alignment_demo_id_paraid_overflow_2__vs__5a8152b0cd_justify_alignment_demo_id_paraid_overflow_redline_e98fc31880.docx,tracking_without_comments/pdf/bebfc19fe0_justify_alignment_demo_id_paraid_overflow_2__vs__5a8152b0cd_justify_alignment_demo_id_paraid_overflow_redline_e98fc31880.pdf,tracking_without_comments,word_based,reject_all
c40c88e402_project_tasks_suggesting_insertions__vs__d0a21b7c3c_q1_sales_summary_table_2_redline_fa4c4bcf8a,tracking_without_comments/docx/c40c88e402_project_tasks_suggesting_insertions,clean/docx/d0a21b7c3c_q1_sales_summary_table_2,project_tasks_suggesting_insertions,q1_sales_summary_table_2,tracking_without_comments/docx/c40c88e402_project_tasks_suggesting_insertions__vs__d0a21b7c3c_q1_sales_summary_table_2_redline_fa4c4bcf8a.docx,tracking_without_comments/pdf/c40c88e402_project_tasks_suggesting_insertions__vs__d0a21b7c3c_q1_sales_summary_table_2_redline_fa4c4bcf8a.pdf,tracking_without_comments,word_based,reject_all
c4ee483519_tiff_image__vs__d0423646cd_times_new_roman_bold_id_paraid_overflow_redline_b543a8162b,clean/docx/c4ee483519_tiff_image,clean/docx/d0423646cd_times_new_roman_bold_id_paraid_overflow,tiff_image,times_new_roman_bold_id_paraid_overflow,tracking_without_comments/docx/c4ee483519_tiff_image__vs__d0423646cd_times_new_roman_bold_id_paraid_overflow_redline_b543a8162b.docx,tracking_without_comments/pdf/c4ee483519_tiff_image__vs__d0423646cd_times_new_roman_bold_id_paraid_overflow_redline_b543a8162b.pdf,tracking_without_comments,word_based,reject_all
c5763a90ce_header_no_rels__vs__4dff3f0ab2_heading_1_bold_demo_id_paraid_overflow_redline_bf0d97ab88,clean/docx/c5763a90ce_header_no_rels,clean/docx/4dff3f0ab2_heading_1_bold_demo_id_paraid_overflow,header_no_rels,heading_1_bold_demo_id_paraid_overflow,tracking_without_comments/docx/c5763a90ce_header_no_rels__vs__4dff3f0ab2_heading_1_bold_demo_id_paraid_overflow_redline_bf0d97ab88.docx,tracking_without_comments/pdf/c5763a90ce_header_no_rels__vs__4dff3f0ab2_heading_1_bold_demo_id_paraid_overflow_redline_bf0d97ab88.pdf,tracking_without_comments,word_based,reject_all
c706120413_open_sans_font_demo_id_paraid_overflow__vs__f7d8cdf9a9_product_roadmap_2026_suggesting_insertions_redline_279d92fc33,clean/docx/c706120413_open_sans_font_demo_id_paraid_overflow,tracking_without_comments/docx/f7d8cdf9a9_product_roadmap_2026_suggesting_insertions,open_sans_font_demo_id_paraid_overflow,product_roadmap_2026_suggesting_insertions,tracking_without_comments/docx/c706120413_open_sans_font_demo_id_paraid_overflow__vs__f7d8cdf9a9_product_roadmap_2026_suggesting_insertions_redline_279d92fc33.docx,tracking_without_comments/pdf/c706120413_open_sans_font_demo_id_paraid_overflow__vs__f7d8cdf9a9_product_roadmap_2026_suggesting_insertions_redline_279d92fc33.pdf,tracking_without_comments,word_based,reject_all
c917cc5055_support_tickets_summary_id_paraid_overflow__vs__356b7a3629_text_highlight_demo_style_default_missing_redline_5a100df35e,clean/docx/c917cc5055_support_tickets_summary_id_paraid_overflow,clean/docx/356b7a3629_text_highlight_demo_style_default_missing,support_tickets_summary_id_paraid_overflow,text_highlight_demo_style_default_missing,tracking_without_comments/docx/c917cc5055_support_tickets_summary_id_paraid_overflow__vs__356b7a3629_text_highlight_demo_style_default_missing_redline_5a100df35e.docx,tracking_without_comments/pdf/c917cc5055_support_tickets_summary_id_paraid_overflow__vs__356b7a3629_text_highlight_demo_style_default_missing_redline_5a100df35e.pdf,tracking_without_comments,word_based,reject_all
c917cc5055_support_tickets_summary_id_paraid_overflow__vs__95bdaad1fe_support_tickets_table_redline_0681294510,clean/docx/c917cc5055_support_tickets_summary_id_paraid_overflow,clean/docx/95bdaad1fe_support_tickets_table,support_tickets_summary_id_paraid_overflow,support_tickets_table,tracking_without_comments/docx/c917cc5055_support_tickets_summary_id_paraid_overflow__vs__95bdaad1fe_support_tickets_table_redline_0681294510.docx,tracking_without_comments/pdf/c917cc5055_support_tickets_summary_id_paraid_overflow__vs__95bdaad1fe_support_tickets_table_redline_0681294510.pdf,tracking_without_comments,word_based,reject_all
d0a21b7c3c_q1_sales_summary_table_2__vs__21c900e459_q1_sales_summary_table_redline_255ff88d8b,clean/docx/d0a21b7c3c_q1_sales_summary_table_2,clean/docx/21c900e459_q1_sales_summary_table,q1_sales_summary_table_2,q1_sales_summary_table,tracking_without_comments/docx/d0a21b7c3c_q1_sales_summary_table_2__vs__21c900e459_q1_sales_summary_table_redline_255ff88d8b.docx,tracking_without_comments/pdf/d0a21b7c3c_q1_sales_summary_table_2__vs__21c900e459_q1_sales_summary_table_redline_255ff88d8b.pdf,tracking_without_comments,word_based,reject_all
d7c6d7eb36_green_underline_bullet_list_id_paraid_overflow__vs__c5763a90ce_header_no_rels_redline_5b0049af79,clean/docx/d7c6d7eb36_green_underline_bullet_list_id_paraid_overflow,clean/docx/c5763a90ce_header_no_rels,green_underline_bullet_list_id_paraid_overflow,header_no_rels,tracking_without_comments/docx/d7c6d7eb36_green_underline_bullet_list_id_paraid_overflow__vs__c5763a90ce_header_no_rels_redline_5b0049af79.docx,tracking_without_comments/pdf/d7c6d7eb36_green_underline_bullet_list_id_paraid_overflow__vs__c5763a90ce_header_no_rels_redline_5b0049af79.pdf,tracking_without_comments,word_based,reject_all
e0c027b1ca_meeting_agenda_table__vs__87f3bff234_meeting_minutes_id_paraid_overflow_redline_f7930ddb20,clean/docx/e0c027b1ca_meeting_agenda_table,clean/docx/87f3bff234_meeting_minutes_id_paraid_overflow,meeting_agenda_table,meeting_minutes_id_paraid_overflow,tracking_without_comments/docx/e0c027b1ca_meeting_agenda_table__vs__87f3bff234_meeting_minutes_id_paraid_overflow_redline_f7930ddb20.docx,tracking_without_comments/pdf/e0c027b1ca_meeting_agenda_table__vs__87f3bff234_meeting_minutes_id_paraid_overflow_redline_f7930ddb20.pdf,tracking_without_comments,word_based,reject_all
e0e59cf962_track_changes_suggesting_heading_id_paraid_overf__vs__438e423482_track_changes_suggesting_italic_id_paraid_overfl_redline_401b6671a7,clean/docx/e0e59cf962_track_changes_suggesting_heading_id_paraid_overf,clean/docx/438e423482_track_changes_suggesting_italic_id_paraid_overfl,track_changes_suggesting_heading_id_paraid_overflow,track_changes_suggesting_italic_id_paraid_overflow,tracking_without_comments/docx/e0e59cf962_track_changes_suggesting_heading_id_paraid_overf__vs__438e423482_track_changes_suggesting_italic_id_paraid_overfl_redline_401b6671a7.docx,tracking_without_comments/pdf/e0e59cf962_track_changes_suggesting_heading_id_paraid_overf__vs__438e423482_track_changes_suggesting_italic_id_paraid_overfl_redline_401b6671a7.pdf,tracking_without_comments,word_based,reject_all
e0e6c96bb7_heading_3_style_demo_id_paraid_overflow__vs__8c730b5c80_heading_4_right_italic_id_paraid_overflow_redline_bcc678cea3,clean/docx/e0e6c96bb7_heading_3_style_demo_id_paraid_overflow,clean/docx/8c730b5c80_heading_4_right_italic_id_paraid_overflow,heading_3_style_demo_id_paraid_overflow,heading_4_right_italic_id_paraid_overflow,tracking_without_comments/docx/e0e6c96bb7_heading_3_style_demo_id_paraid_overflow__vs__8c730b5c80_heading_4_right_italic_id_paraid_overflow_redline_bcc678cea3.docx,tracking_without_comments/pdf/e0e6c96bb7_heading_3_style_demo_id_paraid_overflow__vs__8c730b5c80_heading_4_right_italic_id_paraid_overflow_redline_bcc678cea3.pdf,tracking_without_comments,word_based,reject_all
e1201c51d4_italic_subscript_demo_style_default_missing__vs__3fc14675e5_italic_text_formatting_demo_id_paraid_overflow_2_redline_ef075ffb0b,clean/docx/e1201c51d4_italic_subscript_demo_style_default_missing,clean/docx/3fc14675e5_italic_text_formatting_demo_id_paraid_overflow_2,italic_subscript_demo_style_default_missing,italic_text_formatting_demo_id_paraid_overflow_2,tracking_without_comments/docx/e1201c51d4_italic_subscript_demo_style_default_missing__vs__3fc14675e5_italic_text_formatting_demo_id_paraid_overflow_2_redline_ef075ffb0b.docx,tracking_without_comments/pdf/e1201c51d4_italic_subscript_demo_style_default_missing__vs__3fc14675e5_italic_text_formatting_demo_id_paraid_overflow_2_redline_ef075ffb0b.pdf,tracking_without_comments,word_based,reject_all
e355cec096_small_font_size_demo_id_paraid_overflow__vs__73e78ba640_strikethrough_and_italic_combo_id_paraid_overflo_redline_70f8737437,clean/docx/e355cec096_small_font_size_demo_id_paraid_overflow,clean/docx/73e78ba640_strikethrough_and_italic_combo_id_paraid_overflo,small_font_size_demo_id_paraid_overflow,strikethrough_and_italic_combo_id_paraid_overflow,tracking_without_comments/docx/e355cec096_small_font_size_demo_id_paraid_overflow__vs__73e78ba640_strikethrough_and_italic_combo_id_paraid_overflo_redline_70f8737437.docx,tracking_without_comments/pdf/e355cec096_small_font_size_demo_id_paraid_overflow__vs__73e78ba640_strikethrough_and_italic_combo_id_paraid_overflo_redline_70f8737437.pdf,tracking_without_comments,word_based,reject_all
e615c89269_inventory_list_suggesting_deletions__vs__8e5efb0d0b_inventory_list_suggesting_mixed_edits_redline_84eec18240,tracking_without_comments/docx/e615c89269_inventory_list_suggesting_deletions,tracking_without_comments/docx/8e5efb0d0b_inventory_list_suggesting_mixed_edits,inventory_list_suggesting_deletions,inventory_list_suggesting_mixed_edits,tracking_without_comments/docx/e615c89269_inventory_list_suggesting_deletions__vs__8e5efb0d0b_inventory_list_suggesting_mixed_edits_redline_84eec18240.docx,tracking_without_comments/pdf/e615c89269_inventory_list_suggesting_deletions__vs__8e5efb0d0b_inventory_list_suggesting_mixed_edits_redline_84eec18240.pdf,tracking_without_comments,word_based,reject_all
ec45d7fc58_subtitle_style_demo_id_paraid_overflow__vs__61eaede95c_subtitle_style_demo_style_default_missing_redline_a1ea159b8f,clean/docx/ec45d7fc58_subtitle_style_demo_id_paraid_overflow,clean/docx/61eaede95c_subtitle_style_demo_style_default_missing,subtitle_style_demo_id_paraid_overflow,subtitle_style_demo_style_default_missing,tracking_without_comments/docx/ec45d7fc58_subtitle_style_demo_id_paraid_overflow__vs__61eaede95c_subtitle_style_demo_style_default_missing_redline_a1ea159b8f.docx,tracking_without_comments/pdf/ec45d7fc58_subtitle_style_demo_id_paraid_overflow__vs__61eaede95c_subtitle_style_demo_style_default_missing_redline_a1ea159b8f.pdf,tracking_without_comments,word_based,reject_all
f3b2e74e02_calibri_font_demo_id_paraid_overflow__vs__689563dec1_calibri_heading_2_right_id_paraid_overflow_redline_1c3952ed8e,clean/docx/f3b2e74e02_calibri_font_demo_id_paraid_overflow,clean/docx/689563dec1_calibri_heading_2_right_id_paraid_overflow,calibri_font_demo_id_paraid_overflow,calibri_heading_2_right_id_paraid_overflow,tracking_without_comments/docx/f3b2e74e02_calibri_font_demo_id_paraid_overflow__vs__689563dec1_calibri_heading_2_right_id_paraid_overflow_redline_1c3952ed8e.docx,tracking_without_comments/pdf/f3b2e74e02_calibri_font_demo_id_paraid_overflow__vs__689563dec1_calibri_heading_2_right_id_paraid_overflow_redline_1c3952ed8e.pdf,tracking_without_comments,word_based,reject_all
f644da9aeb_employee_directory_table_2__vs__7888085856_employee_directory_table_redline_beef583df8,clean/docx/f644da9aeb_employee_directory_table_2,clean/docx/7888085856_employee_directory_table,employee_directory_table_2,employee_directory_table,tracking_without_comments/docx/f644da9aeb_employee_directory_table_2__vs__7888085856_employee_directory_table_redline_beef583df8.docx,tracking_without_comments/pdf/f644da9aeb_employee_directory_table_2__vs__7888085856_employee_directory_table_redline_beef583df8.pdf,tracking_without_comments,word_based,reject_all
f84571f3fc_bold_text_formatting_demo_id_paraid_overflow_2__vs__fdabb735ad_bold_text_formatting_demo_id_paraid_overflow_redline_9e2f695098,clean/docx/f84571f3fc_bold_text_formatting_demo_id_paraid_overflow_2,clean/docx/fdabb735ad_bold_text_formatting_demo_id_paraid_overflow,bold_text_formatting_demo_id_paraid_overflow_2,bold_text_formatting_demo_id_paraid_overflow,tracking_without_comments/docx/f84571f3fc_bold_text_formatting_demo_id_paraid_overflow_2__vs__fdabb735ad_bold_text_formatting_demo_id_paraid_overflow_redline_9e2f695098.docx,tracking_without_comments/pdf/f84571f3fc_bold_text_formatting_demo_id_paraid_overflow_2__vs__fdabb735ad_bold_text_formatting_demo_id_paraid_overflow_redline_9e2f695098.pdf,tracking_without_comments,word_based,reject_all
18eb110b3b_numwords_fldsimple__vs__60697d46b7_strict01_redline_57dfcda882,clean/docx/18eb110b3b_numwords_fldsimple,with_comments_tracking/docx/60697d46b7_strict01,numwords_fldsimple,Strict01,with_comments_tracking/docx/18eb110b3b_numwords_fldsimple__vs__60697d46b7_strict01_redline_57dfcda882.docx,with_comments_tracking/pdf/18eb110b3b_numwords_fldsimple__vs__60697d46b7_strict01_redline_57dfcda882.pdf,with_comments_tracking,word_based,reject_all
3acaee795f_red_strikethrough_demo_style_default_missing__vs__70fd78a4f8_redline_cicerodo_v_plate_30_redline_b2334f8c1c,clean/docx/3acaee795f_red_strikethrough_demo_style_default_missing,with_comments_tracking/docx/70fd78a4f8_redline_cicerodo_v_plate_30,red_strikethrough_demo_style_default_missing,Redline_CiceroDo_v_plate_30,with_comments_tracking/docx/3acaee795f_red_strikethrough_demo_style_default_missing__vs__70fd78a4f8_redline_cicerodo_v_plate_30_redline_b2334f8c1c.docx,with_comments_tracking/pdf/3acaee795f_red_strikethrough_demo_style_default_missing__vs__70fd78a4f8_redline_cicerodo_v_plate_30_redline_b2334f8c1c.pdf,with_comments_tracking,word_based,reject_all
3fcadf4761_docx_lots_of_comments_addition_removal_redline__vs__24ad1aa6e5_docx_lots_of_comments_addition_removal_redline_48b006f032,with_comments_tracking/docx/3fcadf4761_docx_lots_of_comments_addition_removal_redline,with_comments_tracking/docx/24ad1aa6e5_docx_lots_of_comments_addition_removal,docx_lots_of_comments_addition_removal_redline,docx_lots_of_comments_addition_removal,with_comments_tracking/docx/3fcadf4761_docx_lots_of_comments_addition_removal_redline__vs__24ad1aa6e5_docx_lots_of_comments_addition_removal_redline_48b006f032.docx,with_comments_tracking/pdf/3fcadf4761_docx_lots_of_comments_addition_removal_redline__vs__24ad1aa6e5_docx_lots_of_comments_addition_removal_redline_48b006f032.pdf,with_comments_tracking,word_based,reject_all
4f0a3847e3_verdana_italic_centered_demo_id_paraid_overflow__vs__60697d46b7_strict01_redline_319920d9a6,clean/docx/4f0a3847e3_verdana_italic_centered_demo_id_paraid_overflow,with_comments_tracking/docx/60697d46b7_strict01,verdana_italic_centered_demo_id_paraid_overflow,Strict01,with_comments_tracking/docx/4f0a3847e3_verdana_italic_centered_demo_id_paraid_overflow__vs__60697d46b7_strict01_redline_319920d9a6.docx,with_comments_tracking/pdf/4f0a3847e3_verdana_italic_centered_demo_id_paraid_overflow__vs__60697d46b7_strict01_redline_319920d9a6.pdf,with_comments_tracking,word_based,reject_all
4f0a3847e3_verdana_italic_centered_demo_id_paraid_overflow__vs__eb2f3c86b5_vfdsdfcacawesd_suggesting_mixed_edits_redline_5af67335fe,clean/docx/4f0a3847e3_verdana_italic_centered_demo_id_paraid_overflow,with_comments_tracking/docx/eb2f3c86b5_vfdsdfcacawesd_suggesting_mixed_edits,verdana_italic_centered_demo_id_paraid_overflow,vfdsdfcacawesd_suggesting_mixed_edits,with_comments_tracking/docx/4f0a3847e3_verdana_italic_centered_demo_id_paraid_overflow__vs__eb2f3c86b5_vfdsdfcacawesd_suggesting_mixed_edits_redline_5af67335fe.docx,with_comments_tracking/pdf/4f0a3847e3_verdana_italic_centered_demo_id_paraid_overflow__vs__eb2f3c86b5_vfdsdfcacawesd_suggesting_mixed_edits_redline_5af67335fe.pdf,with_comments_tracking,word_based,reject_all
60697d46b7_strict01__vs__a04e2d2749_ooxml_style_link_redline_6b74ac1ae6,with_comments_tracking/docx/60697d46b7_strict01,clean/docx/a04e2d2749_ooxml_style_link,Strict01,ooxml_style_link,with_comments_tracking/docx/60697d46b7_strict01__vs__a04e2d2749_ooxml_style_link_redline_6b74ac1ae6.docx,with_comments_tracking/pdf/60697d46b7_strict01__vs__a04e2d2749_ooxml_style_link_redline_6b74ac1ae6.pdf,with_comments_tracking,word_based,reject_all
6e2576a091_docx_lots_of_comments__vs__2c0a2ac35f_double_spacing_bold_demo_id_paraid_overflow_redline_9382e03243,with_comments_clean/docx/6e2576a091_docx_lots_of_comments,clean/docx/2c0a2ac35f_double_spacing_bold_demo_id_paraid_overflow,docx_lots_of_comments,double_spacing_bold_demo_id_paraid_overflow,with_comments_tracking/docx/6e2576a091_docx_lots_of_comments__vs__2c0a2ac35f_double_spacing_bold_demo_id_paraid_overflow_redline_9382e03243.docx,with_comments_tracking/pdf/6e2576a091_docx_lots_of_comments__vs__2c0a2ac35f_double_spacing_bold_demo_id_paraid_overflow_redline_9382e03243.pdf,with_comments_tracking,word_based,reject_all
756fb54224_potpourritest__vs__f7d8cdf9a9_product_roadmap_2026_suggesting_insertions_redline_8358846f3a,with_comments_tracking/docx/756fb54224_potpourritest,tracking_without_comments/docx/f7d8cdf9a9_product_roadmap_2026_suggesting_insertions,potpourritest,product_roadmap_2026_suggesting_insertions,with_comments_tracking/docx/756fb54224_potpourritest__vs__f7d8cdf9a9_product_roadmap_2026_suggesting_insertions_redline_8358846f3a.docx,with_comments_tracking/pdf/756fb54224_potpourritest__vs__f7d8cdf9a9_product_roadmap_2026_suggesting_insertions_redline_8358846f3a.pdf,with_comments_tracking,word_based,reject_all
82348eef4b_multi_section__vs__756fb54224_potpourritest_redline_ea2b188e7f,clean/docx/82348eef4b_multi_section,with_comments_tracking/docx/756fb54224_potpourritest,multi_section,potpourritest,with_comments_tracking/docx/82348eef4b_multi_section__vs__756fb54224_potpourritest_redline_ea2b188e7f.docx,with_comments_tracking/pdf/82348eef4b_multi_section__vs__756fb54224_potpourritest_redline_ea2b188e7f.pdf,with_comments_tracking,word_based,reject_all
970fd9303f_sample_document_word_repair_of_our_output_word_r__vs__8441c4ae21_sd_2517_localized_heading_styles_redline_9c71031b8a,with_comments_tracking/docx/970fd9303f_sample_document_word_repair_of_our_output_word_r,clean/docx/8441c4ae21_sd_2517_localized_heading_styles,sample_document_word_repair_of_our_output_word_repaired,sd_2517_localized_heading_styles,with_comments_tracking/docx/970fd9303f_sample_document_word_repair_of_our_output_word_r__vs__8441c4ae21_sd_2517_localized_heading_styles_redline_9c71031b8a.docx,with_comments_tracking/pdf/970fd9303f_sample_document_word_repair_of_our_output_word_r__vs__8441c4ae21_sd_2517_localized_heading_styles_redline_9c71031b8a.pdf,with_comments_tracking,word_based,reject_all
97c3dd2e86_docx_lots_of_comments_addition_redline_addition__vs__9f5481078e_docx_lots_of_comments_addition_redline_redline_2d65e392ab,with_comments_tracking/docx/97c3dd2e86_docx_lots_of_comments_addition_redline_addition,with_comments_tracking/docx/9f5481078e_docx_lots_of_comments_addition_redline,docx_lots_of_comments_addition_redline_addition_v_removal,docx_lots_of_comments_addition_redline,with_comments_tracking/docx/97c3dd2e86_docx_lots_of_comments_addition_redline_addition__vs__9f5481078e_docx_lots_of_comments_addition_redline_redline_2d65e392ab.docx,with_comments_tracking/pdf/97c3dd2e86_docx_lots_of_comments_addition_redline_addition__vs__9f5481078e_docx_lots_of_comments_addition_redline_redline_2d65e392ab.pdf,with_comments_tracking,word_based,reject_all
cbb3bab843_word_tolerated_orphan_comment__vs__cefef4e4f5_yellow_highlight_demo_id_paraid_overflow_redline_44c8cc9358,with_comments_clean/docx/cbb3bab843_word_tolerated_orphan_comment,clean/docx/cefef4e4f5_yellow_highlight_demo_id_paraid_overflow,word_tolerated_orphan_comment,yellow_highlight_demo_id_paraid_overflow,with_comments_tracking/docx/cbb3bab843_word_tolerated_orphan_comment__vs__cefef4e4f5_yellow_highlight_demo_id_paraid_overflow_redline_44c8cc9358.docx,with_comments_tracking/pdf/cbb3bab843_word_tolerated_orphan_comment__vs__cefef4e4f5_yellow_highlight_demo_id_paraid_overflow_redline_44c8cc9358.pdf,with_comments_tracking,word_based,reject_all
d93f1dafca_sample_document_word_repair_of_our_output_iter2__vs__970fd9303f_sample_document_word_repair_of_our_output_word_r_redline_ace788a217,with_comments_tracking/docx/d93f1dafca_sample_document_word_repair_of_our_output_iter2,with_comments_tracking/docx/970fd9303f_sample_document_word_repair_of_our_output_word_r,sample_document_word_repair_of_our_output_iter2_word_repaired,sample_document_word_repair_of_our_output_word_repaired,with_comments_tracking/docx/d93f1dafca_sample_document_word_repair_of_our_output_iter2__vs__970fd9303f_sample_document_word_repair_of_our_output_word_r_redline_ace788a217.docx,with_comments_tracking/pdf/d93f1dafca_sample_document_word_repair_of_our_output_iter2__vs__970fd9303f_sample_document_word_repair_of_our_output_word_r_redline_ace788a217.pdf,with_comments_tracking,word_based,reject_all
d93f1dafca_sample_document_word_repair_of_our_output_iter2__vs__970fd9303f_sample_document_word_repair_of_our_output_word_r_redline_e47152cecc,with_comments_tracking/docx/d93f1dafca_sample_document_word_repair_of_our_output_iter2,with_comments_tracking/docx/970fd9303f_sample_document_word_repair_of_our_output_word_r,sample_document_word_repair_of_our_output_iter2_word_repaired,sample_document_word_repair_of_our_output_word_repaired,with_comments_tracking/docx/d93f1dafca_sample_document_word_repair_of_our_output_iter2__vs__970fd9303f_sample_document_word_repair_of_our_output_word_r_redline_e47152cecc.docx,with_comments_tracking/pdf/d93f1dafca_sample_document_word_repair_of_our_output_iter2__vs__970fd9303f_sample_document_word_repair_of_our_output_word_r_redline_e47152cecc.pdf,with_comments_tracking,word_based,reject_all
e57ad0eaa4_docx_lots_of_comments_addition__vs__6e2576a091_docx_lots_of_comments_redline_b164655b2a,with_comments_tracking/docx/e57ad0eaa4_docx_lots_of_comments_addition,with_comments_clean/docx/6e2576a091_docx_lots_of_comments,docx_lots_of_comments_addition,docx_lots_of_comments,with_comments_tracking/docx/e57ad0eaa4_docx_lots_of_comments_addition__vs__6e2576a091_docx_lots_of_comments_redline_b164655b2a.docx,with_comments_tracking/pdf/e57ad0eaa4_docx_lots_of_comments_addition__vs__6e2576a091_docx_lots_of_comments_redline_b164655b2a.pdf,with_comments_tracking,word_based,reject_all
f43929f70c_verdana_bold_large_font_id_paraid_overflow__vs__ac4b41aa8e_verdana_font_demo_id_paraid_overflow_redline_ab1fd1e5f3,clean/docx/f43929f70c_verdana_bold_large_font_id_paraid_overflow,clean/docx/ac4b41aa8e_verdana_font_demo_id_paraid_overflow,verdana_bold_large_font_id_paraid_overflow,verdana_font_demo_id_paraid_overflow,with_comments_tracking/docx/f43929f70c_verdana_bold_large_font_id_paraid_overflow__vs__ac4b41aa8e_verdana_font_demo_id_paraid_overflow_redline_ab1fd1e5f3.docx,with_comments_tracking/pdf/f43929f70c_verdana_bold_large_font_id_paraid_overflow__vs__ac4b41aa8e_verdana_font_demo_id_paraid_overflow_redline_ab1fd1e5f3.pdf,with_comments_tracking,word_based,reject_all
0086695f46_file_124__vs__d8f8e09b6e_file_125_redline_e1228dc710,tracking_without_comments/docx/0086695f46_file_124,clean/docx/d8f8e09b6e_file_125,file_124,file_125,tracking_without_comments/docx/0086695f46_file_124__vs__d8f8e09b6e_file_125_redline_e1228dc710.docx,tracking_without_comments/pdf/0086695f46_file_124__vs__d8f8e09b6e_file_125_redline_e1228dc710.pdf,tracking_without_comments,word_based_randomized,reject_all
042b952c89_file_138__vs__4fb2440e08_file_139_redline_fd462e4b06,clean/docx/042b952c89_file_138,clean/docx/4fb2440e08_file_139,file_138,file_139,tracking_without_comments/docx/042b952c89_file_138__vs__4fb2440e08_file_139_redline_fd462e4b06.docx,tracking_without_comments/pdf/042b952c89_file_138__vs__4fb2440e08_file_139_redline_fd462e4b06.pdf,tracking_without_comments,word_based_randomized,reject_all
049e83d7a7_file_137__vs__042b952c89_file_138_redline_1d2c05bfad,clean/docx/049e83d7a7_file_137,clean/docx/042b952c89_file_138,file_137,file_138,tracking_without_comments/docx/049e83d7a7_file_137__vs__042b952c89_file_138_redline_1d2c05bfad.docx,tracking_without_comments/pdf/049e83d7a7_file_137__vs__042b952c89_file_138_redline_1d2c05bfad.pdf,tracking_without_comments,word_based_randomized,reject_all
053656fac9_file_135__vs__0b9cc47345_file_136_redline_27f897961f,clean/docx/053656fac9_file_135,clean/docx/0b9cc47345_file_136,file_135,file_136,tracking_without_comments/docx/053656fac9_file_135__vs__0b9cc47345_file_136_redline_27f897961f.docx,tracking_without_comments/pdf/053656fac9_file_135__vs__0b9cc47345_file_136_redline_27f897961f.pdf,tracking_without_comments,word_based_randomized,reject_all
060415914f_file_63__vs__58d11506a5_file_64_redline_f51694bde0,tracking_without_comments/docx/060415914f_file_63,clean/docx/58d11506a5_file_64,file_63,file_64,tracking_without_comments/docx/060415914f_file_63__vs__58d11506a5_file_64_redline_f51694bde0.docx,tracking_without_comments/pdf/060415914f_file_63__vs__58d11506a5_file_64_redline_f51694bde0.pdf,tracking_without_comments,word_based_randomized,reject_all
0619bc1b1d_file_84__vs__fad179ac0c_file_85_redline_7a9bcc2478,clean/docx/0619bc1b1d_file_84,clean/docx/fad179ac0c_file_85,file_84,file_85,tracking_without_comments/docx/0619bc1b1d_file_84__vs__fad179ac0c_file_85_redline_7a9bcc2478.docx,tracking_without_comments/pdf/0619bc1b1d_file_84__vs__fad179ac0c_file_85_redline_7a9bcc2478.pdf,tracking_without_comments,word_based_randomized,reject_all
0728d64a65_file_182__vs__53de8de92b_file_183_redline_f8204b0629,tracking_without_comments/docx/0728d64a65_file_182,clean/docx/53de8de92b_file_183,file_182,file_183,tracking_without_comments/docx/0728d64a65_file_182__vs__53de8de92b_file_183_redline_f8204b0629.docx,tracking_without_comments/pdf/0728d64a65_file_182__vs__53de8de92b_file_183_redline_f8204b0629.pdf,tracking_without_comments,word_based_randomized,reject_all
080c4822ff_file_21__vs__24b9811b05_file_22_redline_0bc3e0ae14,clean/docx/080c4822ff_file_21,clean/docx/24b9811b05_file_22,file_21,file_22,tracking_without_comments/docx/080c4822ff_file_21__vs__24b9811b05_file_22_redline_0bc3e0ae14.docx,tracking_without_comments/pdf/080c4822ff_file_21__vs__24b9811b05_file_22_redline_0bc3e0ae14.pdf,tracking_without_comments,word_based_randomized,reject_all
083826730a_file_32__vs__a46b602ff5_file_33_redline_80e5dac6b8,clean/docx/083826730a_file_32,clean/docx/a46b602ff5_file_33,file_32,file_33,tracking_without_comments/docx/083826730a_file_32__vs__a46b602ff5_file_33_redline_80e5dac6b8.docx,tracking_without_comments/pdf/083826730a_file_32__vs__a46b602ff5_file_33_redline_80e5dac6b8.pdf,tracking_without_comments,word_based_randomized,reject_all
0fca4cca5b_file_155__vs__3f9e57ae11_file_156_redline_f15c558534,clean/docx/0fca4cca5b_file_155,clean/docx/3f9e57ae11_file_156,file_155,file_156,tracking_without_comments/docx/0fca4cca5b_file_155__vs__3f9e57ae11_file_156_redline_f15c558534.docx,tracking_without_comments/pdf/0fca4cca5b_file_155__vs__3f9e57ae11_file_156_redline_f15c558534.pdf,tracking_without_comments,word_based_randomized,reject_all
154fce3ec8_file_186__vs__1fda7fa6e2_file_187_redline_5382cefb5d,clean/docx/154fce3ec8_file_186,clean/docx/1fda7fa6e2_file_187,file_186,file_187,tracking_without_comments/docx/154fce3ec8_file_186__vs__1fda7fa6e2_file_187_redline_5382cefb5d.docx,tracking_without_comments/pdf/154fce3ec8_file_186__vs__1fda7fa6e2_file_187_redline_5382cefb5d.pdf,tracking_without_comments,word_based_randomized,reject_all
16c15842ae_file_86__vs__7fd9abba03_file_87_redline_a3260a9d82,clean/docx/16c15842ae_file_86,clean/docx/7fd9abba03_file_87,file_86,file_87,tracking_without_comments/docx/16c15842ae_file_86__vs__7fd9abba03_file_87_redline_a3260a9d82.docx,tracking_without_comments/pdf/16c15842ae_file_86__vs__7fd9abba03_file_87_redline_a3260a9d82.pdf,tracking_without_comments,word_based_randomized,reject_all
1b8ec2a8cd_file_7__vs__c090b9f082_file_8_redline_ad34822be0,clean/docx/1b8ec2a8cd_file_7,clean/docx/c090b9f082_file_8,file_7,file_8,tracking_without_comments/docx/1b8ec2a8cd_file_7__vs__c090b9f082_file_8_redline_ad34822be0.docx,tracking_without_comments/pdf/1b8ec2a8cd_file_7__vs__c090b9f082_file_8_redline_ad34822be0.pdf,tracking_without_comments,word_based_randomized,reject_all
1bcaf87caa_file_67__vs__812c0181d7_file_68_redline_09b41b0cf0,clean/docx/1bcaf87caa_file_67,clean/docx/812c0181d7_file_68,file_67,file_68,tracking_without_comments/docx/1bcaf87caa_file_67__vs__812c0181d7_file_68_redline_09b41b0cf0.docx,tracking_without_comments/pdf/1bcaf87caa_file_67__vs__812c0181d7_file_68_redline_09b41b0cf0.pdf,tracking_without_comments,word_based_randomized,reject_all
1ea717ddd6_file_126__vs__47400ffd33_file_127_redline_f7f2c53259,clean/docx/1ea717ddd6_file_126,tracking_without_comments/docx/47400ffd33_file_127,file_126,file_127,tracking_without_comments/docx/1ea717ddd6_file_126__vs__47400ffd33_file_127_redline_f7f2c53259.docx,tracking_without_comments/pdf/1ea717ddd6_file_126__vs__47400ffd33_file_127_redline_f7f2c53259.pdf,tracking_without_comments,word_based_randomized,reject_all
24b9811b05_file_22__vs__7226967373_file_23_redline_2fe0dc77f9,clean/docx/24b9811b05_file_22,clean/docx/7226967373_file_23,file_22,file_23,tracking_without_comments/docx/24b9811b05_file_22__vs__7226967373_file_23_redline_2fe0dc77f9.docx,tracking_without_comments/pdf/24b9811b05_file_22__vs__7226967373_file_23_redline_2fe0dc77f9.pdf,tracking_without_comments,word_based_randomized,reject_all
2f6102d8be_file_162__vs__69bfcf9176_file_163_redline_97553f79c8,tracking_without_comments/docx/2f6102d8be_file_162,clean/docx/69bfcf9176_file_163,file_162,file_163,tracking_without_comments/docx/2f6102d8be_file_162__vs__69bfcf9176_file_163_redline_97553f79c8.docx,tracking_without_comments/pdf/2f6102d8be_file_162__vs__69bfcf9176_file_163_redline_97553f79c8.pdf,tracking_without_comments,word_based_randomized,reject_all
3c60cce945_file_132__vs__aeba435bbd_file_133_redline_1b083a67ec,clean/docx/3c60cce945_file_132,tracking_without_comments/docx/aeba435bbd_file_133,file_132,file_133,tracking_without_comments/docx/3c60cce945_file_132__vs__aeba435bbd_file_133_redline_1b083a67ec.docx,tracking_without_comments/pdf/3c60cce945_file_132__vs__aeba435bbd_file_133_redline_1b083a67ec.pdf,tracking_without_comments,word_based_randomized,reject_all
421f2efe62_file_178__vs__e69c316f39_file_179_redline_69dadc11a4,clean/docx/421f2efe62_file_178,clean/docx/e69c316f39_file_179,file_178,file_179,tracking_without_comments/docx/421f2efe62_file_178__vs__e69c316f39_file_179_redline_69dadc11a4.docx,tracking_without_comments/pdf/421f2efe62_file_178__vs__e69c316f39_file_179_redline_69dadc11a4.pdf,tracking_without_comments,word_based_randomized,reject_all
42df4a13aa_file_41__vs__b31456961a_file_42_redline_ec2d1d0c78,clean/docx/42df4a13aa_file_41,clean/docx/b31456961a_file_42,file_41,file_42,tracking_without_comments/docx/42df4a13aa_file_41__vs__b31456961a_file_42_redline_ec2d1d0c78.docx,tracking_without_comments/pdf/42df4a13aa_file_41__vs__b31456961a_file_42_redline_ec2d1d0c78.pdf,tracking_without_comments,word_based_randomized,reject_all
4bceaacd42_file_82__vs__e0c966e5ff_file_83_redline_d91bee7f99,clean/docx/4bceaacd42_file_82,clean/docx/e0c966e5ff_file_83,file_82,file_83,tracking_without_comments/docx/4bceaacd42_file_82__vs__e0c966e5ff_file_83_redline_d91bee7f99.docx,tracking_without_comments/pdf/4bceaacd42_file_82__vs__e0c966e5ff_file_83_redline_d91bee7f99.pdf,tracking_without_comments,word_based_randomized,reject_all
4e6a261969_file_197__vs__053db61e03_file_198_redline_4a2a9e7a03,clean/docx/4e6a261969_file_197,clean/docx/053db61e03_file_198,file_197,file_198,tracking_without_comments/docx/4e6a261969_file_197__vs__053db61e03_file_198_redline_4a2a9e7a03.docx,tracking_without_comments/pdf/4e6a261969_file_197__vs__053db61e03_file_198_redline_4a2a9e7a03.pdf,tracking_without_comments,word_based_randomized,reject_all
5383bab0c2_file_119__vs__7e77c2f888_file_120_redline_93a34bcae7,clean/docx/5383bab0c2_file_119,clean/docx/7e77c2f888_file_120,file_119,file_120,tracking_without_comments/docx/5383bab0c2_file_119__vs__7e77c2f888_file_120_redline_93a34bcae7.docx,tracking_without_comments/pdf/5383bab0c2_file_119__vs__7e77c2f888_file_120_redline_93a34bcae7.pdf,tracking_without_comments,word_based_randomized,reject_all
53de8de92b_file_183__vs__abd0b75d88_file_184_redline_22702d4c54,clean/docx/53de8de92b_file_183,clean/docx/abd0b75d88_file_184,file_183,file_184,tracking_without_comments/docx/53de8de92b_file_183__vs__abd0b75d88_file_184_redline_22702d4c54.docx,tracking_without_comments/pdf/53de8de92b_file_183__vs__abd0b75d88_file_184_redline_22702d4c54.pdf,tracking_without_comments,word_based_randomized,reject_all
565f0a0e94_file_149__vs__798e9f7226_file_150_redline_1ce9c0fc17,clean/docx/565f0a0e94_file_149,tracking_without_comments/docx/798e9f7226_file_150,file_149,file_150,tracking_without_comments/docx/565f0a0e94_file_149__vs__798e9f7226_file_150_redline_1ce9c0fc17.docx,tracking_without_comments/pdf/565f0a0e94_file_149__vs__798e9f7226_file_150_redline_1ce9c0fc17.pdf,tracking_without_comments,word_based_randomized,reject_all
583fd6d9cb_file_51__vs__b2b3095b48_file_52_redline_20a82256a2,clean/docx/583fd6d9cb_file_51,clean/docx/b2b3095b48_file_52,file_51,file_52,tracking_without_comments/docx/583fd6d9cb_file_51__vs__b2b3095b48_file_52_redline_20a82256a2.docx,tracking_without_comments/pdf/583fd6d9cb_file_51__vs__b2b3095b48_file_52_redline_20a82256a2.pdf,tracking_without_comments,word_based_randomized,reject_all
60ba9c3639_file_97__vs__26d9d392e2_file_98_redline_a68310d32c,clean/docx/60ba9c3639_file_97,clean/docx/26d9d392e2_file_98,file_97,file_98,tracking_without_comments/docx/60ba9c3639_file_97__vs__26d9d392e2_file_98_redline_a68310d32c.docx,tracking_without_comments/pdf/60ba9c3639_file_97__vs__26d9d392e2_file_98_redline_a68310d32c.pdf,tracking_without_comments,word_based_randomized,reject_all
6afafe50fd_file_92__vs__b5e2c1faa0_file_93_redline_298961f036,clean/docx/6afafe50fd_file_92,clean/docx/b5e2c1faa0_file_93,file_92,file_93,tracking_without_comments/docx/6afafe50fd_file_92__vs__b5e2c1faa0_file_93_redline_298961f036.docx,tracking_without_comments/pdf/6afafe50fd_file_92__vs__b5e2c1faa0_file_93_redline_298961f036.pdf,tracking_without_comments,word_based_randomized,reject_all
6cac26f95c_file_94__vs__16e831d01f_file_95_redline_90fb3383c2,clean/docx/6cac26f95c_file_94,clean/docx/16e831d01f_file_95,file_94,file_95,tracking_without_comments/docx/6cac26f95c_file_94__vs__16e831d01f_file_95_redline_90fb3383c2.docx,tracking_without_comments/pdf/6cac26f95c_file_94__vs__16e831d01f_file_95_redline_90fb3383c2.pdf,tracking_without_comments,word_based_randomized,reject_all
70584b4a0e_file_189__vs__50d8be9682_file_190_redline_8b2753ce02,clean/docx/70584b4a0e_file_189,clean/docx/50d8be9682_file_190,file_189,file_190,tracking_without_comments/docx/70584b4a0e_file_189__vs__50d8be9682_file_190_redline_8b2753ce02.docx,tracking_without_comments/pdf/70584b4a0e_file_189__vs__50d8be9682_file_190_redline_8b2753ce02.pdf,tracking_without_comments,word_based_randomized,reject_all
746ad2b7f6_file_153__vs__b0dd9fa902_file_154_redline_3f18d5ef71,clean/docx/746ad2b7f6_file_153,clean/docx/b0dd9fa902_file_154,file_153,file_154,tracking_without_comments/docx/746ad2b7f6_file_153__vs__b0dd9fa902_file_154_redline_3f18d5ef71.docx,tracking_without_comments/pdf/746ad2b7f6_file_153__vs__b0dd9fa902_file_154_redline_3f18d5ef71.pdf,tracking_without_comments,word_based_randomized,reject_all
798e9f7226_file_150__vs__0935a8a24e_file_151_redline_f5def8948d,tracking_without_comments/docx/798e9f7226_file_150,clean/docx/0935a8a24e_file_151,file_150,file_151,tracking_without_comments/docx/798e9f7226_file_150__vs__0935a8a24e_file_151_redline_f5def8948d.docx,tracking_without_comments/pdf/798e9f7226_file_150__vs__0935a8a24e_file_151_redline_f5def8948d.pdf,tracking_without_comments,word_based_randomized,reject_all
834c9f9f35_file_57__vs__19a25c21ea_file_58_redline_e9cb6a04e1,clean/docx/834c9f9f35_file_57,clean/docx/19a25c21ea_file_58,file_57,file_58,tracking_without_comments/docx/834c9f9f35_file_57__vs__19a25c21ea_file_58_redline_e9cb6a04e1.docx,tracking_without_comments/pdf/834c9f9f35_file_57__vs__19a25c21ea_file_58_redline_e9cb6a04e1.pdf,tracking_without_comments,word_based_randomized,reject_all
8c3cb2e7dd_file_60__vs__bdf199d4af_file_61_redline_613c950c41,clean/docx/8c3cb2e7dd_file_60,clean/docx/bdf199d4af_file_61,file_60,file_61,tracking_without_comments/docx/8c3cb2e7dd_file_60__vs__bdf199d4af_file_61_redline_613c950c41.docx,tracking_without_comments/pdf/8c3cb2e7dd_file_60__vs__bdf199d4af_file_61_redline_613c950c41.pdf,tracking_without_comments,word_based_randomized,reject_all
8f8f5a3e4d_file_160__vs__a6e4d0e065_file_161_redline_4453af3002,clean/docx/8f8f5a3e4d_file_160,tracking_without_comments/docx/a6e4d0e065_file_161,file_160,file_161,tracking_without_comments/docx/8f8f5a3e4d_file_160__vs__a6e4d0e065_file_161_redline_4453af3002.docx,tracking_without_comments/pdf/8f8f5a3e4d_file_160__vs__a6e4d0e065_file_161_redline_4453af3002.pdf,tracking_without_comments,word_based_randomized,reject_all
94ed0def64_file_54__vs__5e1297a308_file_55_redline_58bfbb8b8d,clean/docx/94ed0def64_file_54,clean/docx/5e1297a308_file_55,file_54,file_55,tracking_without_comments/docx/94ed0def64_file_54__vs__5e1297a308_file_55_redline_58bfbb8b8d.docx,tracking_without_comments/pdf/94ed0def64_file_54__vs__5e1297a308_file_55_redline_58bfbb8b8d.pdf,tracking_without_comments,word_based_randomized,reject_all
95ff51154c_file_66__vs__1bcaf87caa_file_67_redline_349cab51fb,clean/docx/95ff51154c_file_66,clean/docx/1bcaf87caa_file_67,file_66,file_67,tracking_without_comments/docx/95ff51154c_file_66__vs__1bcaf87caa_file_67_redline_349cab51fb.docx,tracking_without_comments/pdf/95ff51154c_file_66__vs__1bcaf87caa_file_67_redline_349cab51fb.pdf,tracking_without_comments,word_based_randomized,reject_all
9c8272b1e2_file_90__vs__a0d5729906_file_91_redline_5b87e1e3a5,tracking_without_comments/docx/9c8272b1e2_file_90,clean/docx/a0d5729906_file_91,file_90,file_91,tracking_without_comments/docx/9c8272b1e2_file_90__vs__a0d5729906_file_91_redline_5b87e1e3a5.docx,tracking_without_comments/pdf/9c8272b1e2_file_90__vs__a0d5729906_file_91_redline_5b87e1e3a5.pdf,tracking_without_comments,word_based_randomized,reject_all
9de8d635f0_file_107__vs__cdb3618419_file_108_redline_a899fd66d1,clean/docx/9de8d635f0_file_107,tracking_without_comments/docx/cdb3618419_file_108,file_107,file_108,tracking_without_comments/docx/9de8d635f0_file_107__vs__cdb3618419_file_108_redline_a899fd66d1.docx,tracking_without_comments/pdf/9de8d635f0_file_107__vs__cdb3618419_file_108_redline_a899fd66d1.pdf,tracking_without_comments,word_based_randomized,reject_all
a378be6fbe_file_103__vs__a83d3922a8_file_104_redline_7fec664147,clean/docx/a378be6fbe_file_103,clean/docx/a83d3922a8_file_104,file_103,file_104,tracking_without_comments/docx/a378be6fbe_file_103__vs__a83d3922a8_file_104_redline_7fec664147.docx,tracking_without_comments/pdf/a378be6fbe_file_103__vs__a83d3922a8_file_104_redline_7fec664147.pdf,tracking_without_comments,word_based_randomized,reject_all
a6e4d0e065_file_161__vs__2f6102d8be_file_162_redline_1f4634946b,tracking_without_comments/docx/a6e4d0e065_file_161,tracking_without_comments/docx/2f6102d8be_file_162,file_161,file_162,tracking_without_comments/docx/a6e4d0e065_file_161__vs__2f6102d8be_file_162_redline_1f4634946b.docx,tracking_without_comments/pdf/a6e4d0e065_file_161__vs__2f6102d8be_file_162_redline_1f4634946b.pdf,tracking_without_comments,word_based_randomized,reject_all
a83d3922a8_file_104__vs__36223881e1_file_105_redline_3a4b48cd02,clean/docx/a83d3922a8_file_104,clean/docx/36223881e1_file_105,file_104,file_105,tracking_without_comments/docx/a83d3922a8_file_104__vs__36223881e1_file_105_redline_3a4b48cd02.docx,tracking_without_comments/pdf/a83d3922a8_file_104__vs__36223881e1_file_105_redline_3a4b48cd02.pdf,tracking_without_comments,word_based_randomized,reject_all
aa8e3ae559_file_36__vs__c7dbacb26a_file_37_redline_3243a33101,tracking_without_comments/docx/aa8e3ae559_file_36,clean/docx/c7dbacb26a_file_37,file_36,file_37,tracking_without_comments/docx/aa8e3ae559_file_36__vs__c7dbacb26a_file_37_redline_3243a33101.docx,tracking_without_comments/pdf/aa8e3ae559_file_36__vs__c7dbacb26a_file_37_redline_3243a33101.pdf,tracking_without_comments,word_based_randomized,reject_all
ae5f2d61d5_file_113__vs__0aa6426932_file_114_redline_a9f7ea6702,clean/docx/ae5f2d61d5_file_113,clean/docx/0aa6426932_file_114,file_113,file_114,tracking_without_comments/docx/ae5f2d61d5_file_113__vs__0aa6426932_file_114_redline_a9f7ea6702.docx,tracking_without_comments/pdf/ae5f2d61d5_file_113__vs__0aa6426932_file_114_redline_a9f7ea6702.pdf,tracking_without_comments,word_based_randomized,reject_all
af2bb3fa96_file_70__vs__91b2b8bb84_file_71_redline_dedbff52b1,clean/docx/af2bb3fa96_file_70,clean/docx/91b2b8bb84_file_71,file_70,file_71,tracking_without_comments/docx/af2bb3fa96_file_70__vs__91b2b8bb84_file_71_redline_dedbff52b1.docx,tracking_without_comments/pdf/af2bb3fa96_file_70__vs__91b2b8bb84_file_71_redline_dedbff52b1.pdf,tracking_without_comments,word_based_randomized,reject_all
af5e239443_file_35__vs__aa8e3ae559_file_36_redline_580f51f15c,clean/docx/af5e239443_file_35,tracking_without_comments/docx/aa8e3ae559_file_36,file_35,file_36,tracking_without_comments/docx/af5e239443_file_35__vs__aa8e3ae559_file_36_redline_580f51f15c.docx,tracking_without_comments/pdf/af5e239443_file_35__vs__aa8e3ae559_file_36_redline_580f51f15c.pdf,tracking_without_comments,word_based_randomized,reject_all
b31456961a_file_42__vs__e3c6e90478_file_43_redline_47d0da4ff9,clean/docx/b31456961a_file_42,clean/docx/e3c6e90478_file_43,file_42,file_43,tracking_without_comments/docx/b31456961a_file_42__vs__e3c6e90478_file_43_redline_47d0da4ff9.docx,tracking_without_comments/pdf/b31456961a_file_42__vs__e3c6e90478_file_43_redline_47d0da4ff9.pdf,tracking_without_comments,word_based_randomized,reject_all
b3974bcc7b_file_180__vs__edfaa23563_file_181_redline_1842e29a32,clean/docx/b3974bcc7b_file_180,clean/docx/edfaa23563_file_181,file_180,file_181,tracking_without_comments/docx/b3974bcc7b_file_180__vs__edfaa23563_file_181_redline_1842e29a32.docx,tracking_without_comments/pdf/b3974bcc7b_file_180__vs__edfaa23563_file_181_redline_1842e29a32.pdf,tracking_without_comments,word_based_randomized,reject_all
b7219494de_file_116__vs__82b365789e_file_117_redline_423e1fe083,clean/docx/b7219494de_file_116,clean/docx/82b365789e_file_117,file_116,file_117,tracking_without_comments/docx/b7219494de_file_116__vs__82b365789e_file_117_redline_423e1fe083.docx,tracking_without_comments/pdf/b7219494de_file_116__vs__82b365789e_file_117_redline_423e1fe083.pdf,tracking_without_comments,word_based_randomized,reject_all
bdf199d4af_file_61__vs__2a9c68ed33_file_62_redline_6354242df2,clean/docx/bdf199d4af_file_61,tracking_without_comments/docx/2a9c68ed33_file_62,file_61,file_62,tracking_without_comments/docx/bdf199d4af_file_61__vs__2a9c68ed33_file_62_redline_6354242df2.docx,tracking_without_comments/pdf/bdf199d4af_file_61__vs__2a9c68ed33_file_62_redline_6354242df2.pdf,tracking_without_comments,word_based_randomized,reject_all
c7190b3adc_file_31__vs__083826730a_file_32_redline_8a4fbbdf3a,clean/docx/c7190b3adc_file_31,clean/docx/083826730a_file_32,file_31,file_32,tracking_without_comments/docx/c7190b3adc_file_31__vs__083826730a_file_32_redline_8a4fbbdf3a.docx,tracking_without_comments/pdf/c7190b3adc_file_31__vs__083826730a_file_32_redline_8a4fbbdf3a.pdf,tracking_without_comments,word_based_randomized,reject_all
cd54518381_file_118__vs__5383bab0c2_file_119_redline_84c5990de5,clean/docx/cd54518381_file_118,clean/docx/5383bab0c2_file_119,file_118,file_119,tracking_without_comments/docx/cd54518381_file_118__vs__5383bab0c2_file_119_redline_84c5990de5.docx,tracking_without_comments/pdf/cd54518381_file_118__vs__5383bab0c2_file_119_redline_84c5990de5.pdf,tracking_without_comments,word_based_randomized,reject_all
cdb3618419_file_108__vs__f152875ca2_file_109_redline_ffec0bb8d7,tracking_without_comments/docx/cdb3618419_file_108,clean/docx/f152875ca2_file_109,file_108,file_109,tracking_without_comments/docx/cdb3618419_file_108__vs__f152875ca2_file_109_redline_ffec0bb8d7.docx,tracking_without_comments/pdf/cdb3618419_file_108__vs__f152875ca2_file_109_redline_ffec0bb8d7.pdf,tracking_without_comments,word_based_randomized,reject_all
d426359dd9_file_111__vs__5bde480834_file_112_redline_8facef9390,clean/docx/d426359dd9_file_111,clean/docx/5bde480834_file_112,file_111,file_112,tracking_without_comments/docx/d426359dd9_file_111__vs__5bde480834_file_112_redline_8facef9390.docx,tracking_without_comments/pdf/d426359dd9_file_111__vs__5bde480834_file_112_redline_8facef9390.pdf,tracking_without_comments,word_based_randomized,reject_all
d4649ec2db_file_168__vs__830eb0f0a2_file_169_redline_6ea5f46430,clean/docx/d4649ec2db_file_168,clean/docx/830eb0f0a2_file_169,file_168,file_169,tracking_without_comments/docx/d4649ec2db_file_168__vs__830eb0f0a2_file_169_redline_6ea5f46430.docx,tracking_without_comments/pdf/d4649ec2db_file_168__vs__830eb0f0a2_file_169_redline_6ea5f46430.pdf,tracking_without_comments,word_based_randomized,reject_all
d62983b275_file_39__vs__dc2d9eeccb_file_40_redline_08d3a2333d,clean/docx/d62983b275_file_39,clean/docx/dc2d9eeccb_file_40,file_39,file_40,tracking_without_comments/docx/d62983b275_file_39__vs__dc2d9eeccb_file_40_redline_08d3a2333d.docx,tracking_without_comments/pdf/d62983b275_file_39__vs__dc2d9eeccb_file_40_redline_08d3a2333d.pdf,tracking_without_comments,word_based_randomized,reject_all
d6ba4fabd2_file_17__vs__ed0aa93b58_file_18_redline_e2b929a9bd,tracking_without_comments/docx/d6ba4fabd2_file_17,clean/docx/ed0aa93b58_file_18,file_17,file_18,tracking_without_comments/docx/d6ba4fabd2_file_17__vs__ed0aa93b58_file_18_redline_e2b929a9bd.docx,tracking_without_comments/pdf/d6ba4fabd2_file_17__vs__ed0aa93b58_file_18_redline_e2b929a9bd.pdf,tracking_without_comments,word_based_randomized,reject_all
dc2d9eeccb_file_40__vs__42df4a13aa_file_41_redline_df8dd82375,clean/docx/dc2d9eeccb_file_40,clean/docx/42df4a13aa_file_41,file_40,file_41,tracking_without_comments/docx/dc2d9eeccb_file_40__vs__42df4a13aa_file_41_redline_df8dd82375.docx,tracking_without_comments/pdf/dc2d9eeccb_file_40__vs__42df4a13aa_file_41_redline_df8dd82375.pdf,tracking_without_comments,word_based_randomized,reject_all
dd36ffac72_file_102__vs__a378be6fbe_file_103_redline_7acc1c7bb7,clean/docx/dd36ffac72_file_102,clean/docx/a378be6fbe_file_103,file_102,file_103,tracking_without_comments/docx/dd36ffac72_file_102__vs__a378be6fbe_file_103_redline_7acc1c7bb7.docx,tracking_without_comments/pdf/dd36ffac72_file_102__vs__a378be6fbe_file_103_redline_7acc1c7bb7.pdf,tracking_without_comments,word_based_randomized,reject_all
e0c966e5ff_file_83__vs__0619bc1b1d_file_84_redline_fcb75588c5,clean/docx/e0c966e5ff_file_83,clean/docx/0619bc1b1d_file_84,file_83,file_84,tracking_without_comments/docx/e0c966e5ff_file_83__vs__0619bc1b1d_file_84_redline_fcb75588c5.docx,tracking_without_comments/pdf/e0c966e5ff_file_83__vs__0619bc1b1d_file_84_redline_fcb75588c5.pdf,tracking_without_comments,word_based_randomized,reject_all
e3c6e90478_file_43__vs__9960c72d3d_file_44_redline_8ab8d478ae,clean/docx/e3c6e90478_file_43,tracking_without_comments/docx/9960c72d3d_file_44,file_43,file_44,tracking_without_comments/docx/e3c6e90478_file_43__vs__9960c72d3d_file_44_redline_8ab8d478ae.docx,tracking_without_comments/pdf/e3c6e90478_file_43__vs__9960c72d3d_file_44_redline_8ab8d478ae.pdf,tracking_without_comments,word_based_randomized,reject_all
e3d833aef0_file_10__vs__26ccb443f6_file_11_redline_384dfbe9f5,clean/docx/e3d833aef0_file_10,clean/docx/26ccb443f6_file_11,file_10,file_11,tracking_without_comments/docx/e3d833aef0_file_10__vs__26ccb443f6_file_11_redline_384dfbe9f5.docx,tracking_without_comments/pdf/e3d833aef0_file_10__vs__26ccb443f6_file_11_redline_384dfbe9f5.pdf,tracking_without_comments,word_based_randomized,reject_all
ecba8d5b3b_file_45__vs__b126641535_file_46_redline_ba99195c25,clean/docx/ecba8d5b3b_file_45,clean/docx/b126641535_file_46,file_45,file_46,tracking_without_comments/docx/ecba8d5b3b_file_45__vs__b126641535_file_46_redline_ba99195c25.docx,tracking_without_comments/pdf/ecba8d5b3b_file_45__vs__b126641535_file_46_redline_ba99195c25.pdf,tracking_without_comments,word_based_randomized,reject_all
f32428a03a_file_28__vs__5900cc12ca_file_29_redline_fde4354191,clean/docx/f32428a03a_file_28,clean/docx/5900cc12ca_file_29,file_28,file_29,tracking_without_comments/docx/f32428a03a_file_28__vs__5900cc12ca_file_29_redline_fde4354191.docx,tracking_without_comments/pdf/f32428a03a_file_28__vs__5900cc12ca_file_29_redline_fde4354191.pdf,tracking_without_comments,word_based_randomized,reject_all
f4faa3ad63_file_129__vs__1547c5df73_file_130_redline_288e89d583,clean/docx/f4faa3ad63_file_129,clean/docx/1547c5df73_file_130,file_129,file_130,tracking_without_comments/docx/f4faa3ad63_file_129__vs__1547c5df73_file_130_redline_288e89d583.docx,tracking_without_comments/pdf/f4faa3ad63_file_129__vs__1547c5df73_file_130_redline_288e89d583.pdf,tracking_without_comments,word_based_randomized,reject_all
f8cb67d689_file_3__vs__f8f7ed1dc0_file_4_redline_f64078046b,clean/docx/f8cb67d689_file_3,clean/docx/f8f7ed1dc0_file_4,file_3,file_4,tracking_without_comments/docx/f8cb67d689_file_3__vs__f8f7ed1dc0_file_4_redline_f64078046b.docx,tracking_without_comments/pdf/f8cb67d689_file_3__vs__f8f7ed1dc0_file_4_redline_f64078046b.pdf,tracking_without_comments,word_based_randomized,reject_all
fdaf71bd6b_file_38__vs__d62983b275_file_39_redline_c082f82e9d,clean/docx/fdaf71bd6b_file_38,clean/docx/d62983b275_file_39,file_38,file_39,tracking_without_comments/docx/fdaf71bd6b_file_38__vs__d62983b275_file_39_redline_c082f82e9d.docx,tracking_without_comments/pdf/fdaf71bd6b_file_38__vs__d62983b275_file_39_redline_c082f82e9d.pdf,tracking_without_comments,word_based_randomized,reject_all
0f5a806b4c_file_141__vs__dccd972179_file_142_redline_3d22ad3c37,with_comments_clean/docx/0f5a806b4c_file_141,clean/docx/dccd972179_file_142,file_141,file_142,with_comments_tracking/docx/0f5a806b4c_file_141__vs__dccd972179_file_142_redline_3d22ad3c37.docx,with_comments_tracking/pdf/0f5a806b4c_file_141__vs__dccd972179_file_142_redline_3d22ad3c37.pdf,with_comments_tracking,word_based_randomized,reject_all
1072677c3a_file_6__vs__1b8ec2a8cd_file_7_redline_0b033b1c23,with_comments_tracking/docx/1072677c3a_file_6,clean/docx/1b8ec2a8cd_file_7,file_6,file_7,with_comments_tracking/docx/1072677c3a_file_6__vs__1b8ec2a8cd_file_7_redline_0b033b1c23.docx,with_comments_tracking/pdf/1072677c3a_file_6__vs__1b8ec2a8cd_file_7_redline_0b033b1c23.pdf,with_comments_tracking,word_based_randomized,reject_all
1fda7fa6e2_file_187__vs__66e70631fb_file_188_redline_92ec8417eb,clean/docx/1fda7fa6e2_file_187,with_comments_tracking/docx/66e70631fb_file_188,file_187,file_188,with_comments_tracking/docx/1fda7fa6e2_file_187__vs__66e70631fb_file_188_redline_92ec8417eb.docx,with_comments_tracking/pdf/1fda7fa6e2_file_187__vs__66e70631fb_file_188_redline_92ec8417eb.pdf,with_comments_tracking,word_based_randomized,reject_all
2bd5ae6064_file_13__vs__836d7aa3c4_file_14_redline_259023733f,clean/docx/2bd5ae6064_file_13,with_comments_tracking/docx/836d7aa3c4_file_14,file_13,file_14,with_comments_tracking/docx/2bd5ae6064_file_13__vs__836d7aa3c4_file_14_redline_259023733f.docx,with_comments_tracking/pdf/2bd5ae6064_file_13__vs__836d7aa3c4_file_14_redline_259023733f.pdf,with_comments_tracking,word_based_randomized,reject_all
3f91c8f0cd_file_9__vs__e3d833aef0_file_10_redline_581907f19c,with_comments_tracking/docx/3f91c8f0cd_file_9,clean/docx/e3d833aef0_file_10,file_9,file_10,with_comments_tracking/docx/3f91c8f0cd_file_9__vs__e3d833aef0_file_10_redline_581907f19c.docx,with_comments_tracking/pdf/3f91c8f0cd_file_9__vs__e3d833aef0_file_10_redline_581907f19c.pdf,with_comments_tracking,word_based_randomized,reject_all
50d8be9682_file_190__vs__e9d5410452_file_191_redline_771e9393ce,clean/docx/50d8be9682_file_190,with_comments_tracking/docx/e9d5410452_file_191,file_190,file_191,with_comments_tracking/docx/50d8be9682_file_190__vs__e9d5410452_file_191_redline_771e9393ce.docx,with_comments_tracking/pdf/50d8be9682_file_190__vs__e9d5410452_file_191_redline_771e9393ce.pdf,with_comments_tracking,word_based_randomized,reject_all
57ff9e1b30_file_89__vs__9c8272b1e2_file_90_redline_849e0cb7c4,with_comments_clean/docx/57ff9e1b30_file_89,tracking_without_comments/docx/9c8272b1e2_file_90,file_89,file_90,with_comments_tracking/docx/57ff9e1b30_file_89__vs__9c8272b1e2_file_90_redline_849e0cb7c4.docx,with_comments_tracking/pdf/57ff9e1b30_file_89__vs__9c8272b1e2_file_90_redline_849e0cb7c4.pdf,with_comments_tracking,word_based_randomized,reject_all
66dcec3e49_file_175__vs__8f47b1dc90_file_176_redline_acccebf575,with_comments_tracking/docx/66dcec3e49_file_175,with_comments_tracking/docx/8f47b1dc90_file_176,file_175,file_176,with_comments_tracking/docx/66dcec3e49_file_175__vs__8f47b1dc90_file_176_redline_acccebf575.docx,with_comments_tracking/pdf/66dcec3e49_file_175__vs__8f47b1dc90_file_176_redline_acccebf575.pdf,with_comments_tracking,word_based_randomized,reject_all
70a28a8258_file_15__vs__be5bf990cb_file_16_redline_699cc8bd70,clean/docx/70a28a8258_file_15,with_comments_tracking/docx/be5bf990cb_file_16,file_15,file_16,with_comments_tracking/docx/70a28a8258_file_15__vs__be5bf990cb_file_16_redline_699cc8bd70.docx,with_comments_tracking/pdf/70a28a8258_file_15__vs__be5bf990cb_file_16_redline_699cc8bd70.pdf,with_comments_tracking,word_based_randomized,reject_all
8061e5912f_file_159__vs__8f8f5a3e4d_file_160_redline_85cf240f69,with_comments_clean/docx/8061e5912f_file_159,clean/docx/8f8f5a3e4d_file_160,file_159,file_160,with_comments_tracking/docx/8061e5912f_file_159__vs__8f8f5a3e4d_file_160_redline_85cf240f69.docx,with_comments_tracking/pdf/8061e5912f_file_159__vs__8f8f5a3e4d_file_160_redline_85cf240f69.pdf,with_comments_tracking,word_based_randomized,reject_all
8138a2180b_file_145__vs__ac0bcc10fe_file_146_redline_77dfa18528,clean/docx/8138a2180b_file_145,with_comments_tracking/docx/ac0bcc10fe_file_146,file_145,file_146,with_comments_tracking/docx/8138a2180b_file_145__vs__ac0bcc10fe_file_146_redline_77dfa18528.docx,with_comments_tracking/pdf/8138a2180b_file_145__vs__ac0bcc10fe_file_146_redline_77dfa18528.pdf,with_comments_tracking,word_based_randomized,reject_all
82ee7342fd_file_5__vs__1072677c3a_file_6_redline_d27b00aca7,clean/docx/82ee7342fd_file_5,with_comments_tracking/docx/1072677c3a_file_6,file_5,file_6,with_comments_tracking/docx/82ee7342fd_file_5__vs__1072677c3a_file_6_redline_d27b00aca7.docx,with_comments_tracking/pdf/82ee7342fd_file_5__vs__1072677c3a_file_6_redline_d27b00aca7.pdf,with_comments_tracking,word_based_randomized,reject_all
838af02d11_file_173__vs__13ea153d22_file_174_redline_23e03057e6,with_comments_clean/docx/838af02d11_file_173,clean/docx/13ea153d22_file_174,file_173,file_174,with_comments_tracking/docx/838af02d11_file_173__vs__13ea153d22_file_174_redline_23e03057e6.docx,with_comments_tracking/pdf/838af02d11_file_173__vs__13ea153d22_file_174_redline_23e03057e6.pdf,with_comments_tracking,word_based_randomized,reject_all
8f47b1dc90_file_176__vs__a3586d71f8_file_177_redline_ad917ac52c,with_comments_tracking/docx/8f47b1dc90_file_176,clean/docx/a3586d71f8_file_177,file_176,file_177,with_comments_tracking/docx/8f47b1dc90_file_176__vs__a3586d71f8_file_177_redline_ad917ac52c.docx,with_comments_tracking/pdf/8f47b1dc90_file_176__vs__a3586d71f8_file_177_redline_ad917ac52c.pdf,with_comments_tracking,word_based_randomized,reject_all
9bf625ba95_file_19__vs__2bf4db734d_file_20_redline_6dee5896b8,with_comments_tracking/docx/9bf625ba95_file_19,clean/docx/2bf4db734d_file_20,file_19,file_20,with_comments_tracking/docx/9bf625ba95_file_19__vs__2bf4db734d_file_20_redline_6dee5896b8.docx,with_comments_tracking/pdf/9bf625ba95_file_19__vs__2bf4db734d_file_20_redline_6dee5896b8.pdf,with_comments_tracking,word_based_randomized,reject_all
9c6ebd430d_file_185__vs__154fce3ec8_file_186_redline_b0af33e7d7,with_comments_tracking/docx/9c6ebd430d_file_185,clean/docx/154fce3ec8_file_186,file_185,file_186,with_comments_tracking/docx/9c6ebd430d_file_185__vs__154fce3ec8_file_186_redline_b0af33e7d7.docx,with_comments_tracking/pdf/9c6ebd430d_file_185__vs__154fce3ec8_file_186_redline_b0af33e7d7.pdf,with_comments_tracking,word_based_randomized,reject_all
abd0b75d88_file_184__vs__9c6ebd430d_file_185_redline_7f412aa4b4,clean/docx/abd0b75d88_file_184,with_comments_tracking/docx/9c6ebd430d_file_185,file_184,file_185,with_comments_tracking/docx/abd0b75d88_file_184__vs__9c6ebd430d_file_185_redline_7f412aa4b4.docx,with_comments_tracking/pdf/abd0b75d88_file_184__vs__9c6ebd430d_file_185_redline_7f412aa4b4.pdf,with_comments_tracking,word_based_randomized,reject_all
ac0bcc10fe_file_146__vs__9c0dd6b3f6_file_147_redline_ee80941306,with_comments_tracking/docx/ac0bcc10fe_file_146,clean/docx/9c0dd6b3f6_file_147,file_146,file_147,with_comments_tracking/docx/ac0bcc10fe_file_146__vs__9c0dd6b3f6_file_147_redline_ee80941306.docx,with_comments_tracking/pdf/ac0bcc10fe_file_146__vs__9c0dd6b3f6_file_147_redline_ee80941306.pdf,with_comments_tracking,word_based_randomized,reject_all
b8115d0dab_file_100__vs__c500e0081f_file_101_redline_ff24600d87,with_comments_tracking/docx/b8115d0dab_file_100,clean/docx/c500e0081f_file_101,file_100,file_101,with_comments_tracking/docx/b8115d0dab_file_100__vs__c500e0081f_file_101_redline_ff24600d87.docx,with_comments_tracking/pdf/b8115d0dab_file_100__vs__c500e0081f_file_101_redline_ff24600d87.pdf,with_comments_tracking,word_based_randomized,reject_all
bd768e6c17_file_74__vs__8c79860f8d_file_75_redline_3d39f0120d,with_comments_tracking/docx/bd768e6c17_file_74,clean/docx/8c79860f8d_file_75,file_74,file_75,with_comments_tracking/docx/bd768e6c17_file_74__vs__8c79860f8d_file_75_redline_3d39f0120d.docx,with_comments_tracking/pdf/bd768e6c17_file_74__vs__8c79860f8d_file_75_redline_3d39f0120d.pdf,with_comments_tracking,word_based_randomized,reject_all
be5bf990cb_file_16__vs__d6ba4fabd2_file_17_redline_d36027aaa0,with_comments_tracking/docx/be5bf990cb_file_16,tracking_without_comments/docx/d6ba4fabd2_file_17,file_16,file_17,with_comments_tracking/docx/be5bf990cb_file_16__vs__d6ba4fabd2_file_17_redline_d36027aaa0.docx,with_comments_tracking/pdf/be5bf990cb_file_16__vs__d6ba4fabd2_file_17_redline_d36027aaa0.pdf,with_comments_tracking,word_based_randomized,reject_all
c090b9f082_file_8__vs__3f91c8f0cd_file_9_redline_cac2492b83,clean/docx/c090b9f082_file_8,with_comments_tracking/docx/3f91c8f0cd_file_9,file_8,file_9,with_comments_tracking/docx/c090b9f082_file_8__vs__3f91c8f0cd_file_9_redline_cac2492b83.docx,with_comments_tracking/pdf/c090b9f082_file_8__vs__3f91c8f0cd_file_9_redline_cac2492b83.pdf,with_comments_tracking,word_based_randomized,reject_all
c09b14fcd7_file_196__vs__4e6a261969_file_197_redline_cfb0498eef,with_comments_tracking/docx/c09b14fcd7_file_196,clean/docx/4e6a261969_file_197,file_196,file_197,with_comments_tracking/docx/c09b14fcd7_file_196__vs__4e6a261969_file_197_redline_cfb0498eef.docx,with_comments_tracking/pdf/c09b14fcd7_file_196__vs__4e6a261969_file_197_redline_cfb0498eef.pdf,with_comments_tracking,word_based_randomized,reject_all
cf02e0407e_file_26__vs__b175a00954_file_27_redline_da516a455a,tracking_without_comments/docx/cf02e0407e_file_26,with_comments_tracking/docx/b175a00954_file_27,file_26,file_27,with_comments_tracking/docx/cf02e0407e_file_26__vs__b175a00954_file_27_redline_da516a455a.docx,with_comments_tracking/pdf/cf02e0407e_file_26__vs__b175a00954_file_27_redline_da516a455a.pdf,with_comments_tracking,word_based_randomized,reject_all
df097720f7_file_131__vs__3c60cce945_file_132_redline_fa05623f53,with_comments_clean/docx/df097720f7_file_131,clean/docx/3c60cce945_file_132,file_131,file_132,with_comments_tracking/docx/df097720f7_file_131__vs__3c60cce945_file_132_redline_fa05623f53.docx,with_comments_tracking/pdf/df097720f7_file_131__vs__3c60cce945_file_132_redline_fa05623f53.pdf,with_comments_tracking,word_based_randomized,reject_all
ec3dd0df69_file_53__vs__94ed0def64_file_54_redline_c2380a4677,with_comments_tracking/docx/ec3dd0df69_file_53,clean/docx/94ed0def64_file_54,file_53,file_54,with_comments_tracking/docx/ec3dd0df69_file_53__vs__94ed0def64_file_54_redline_c2380a4677.docx,with_comments_tracking/pdf/ec3dd0df69_file_53__vs__94ed0def64_file_54_redline_c2380a4677.pdf,with_comments_tracking,word_based_randomized,reject_all
ed0aa93b58_file_18__vs__9bf625ba95_file_19_redline_8694636a78,clean/docx/ed0aa93b58_file_18,with_comments_tracking/docx/9bf625ba95_file_19,file_18,file_19,with_comments_tracking/docx/ed0aa93b58_file_18__vs__9bf625ba95_file_19_redline_8694636a78.docx,with_comments_tracking/pdf/ed0aa93b58_file_18__vs__9bf625ba95_file_19_redline_8694636a78.pdf,with_comments_tracking,word_based_randomized,reject_all
faa7c6b110_file_88__vs__57ff9e1b30_file_89_redline_4319e3d7c7,clean/docx/faa7c6b110_file_88,with_comments_clean/docx/57ff9e1b30_file_89,file_88,file_89,with_comments_tracking/docx/faa7c6b110_file_88__vs__57ff9e1b30_file_89_redline_4319e3d7c7.docx,with_comments_tracking/pdf/faa7c6b110_file_88__vs__57ff9e1b30_file_89_redline_4319e3d7c7.pdf,with_comments_tracking,word_based_randomized,reject_all
049a315896_super_editor__hyperlink_multiple_runs_0138c312__vs__fd68f70f24_super_editor__ooxml_highlight_rstyle_linked_comb_redline_5593a84995,clean/docx/049a315896_super_editor__hyperlink_multiple_runs_0138c312,clean/docx/fd68f70f24_super_editor__ooxml_highlight_rstyle_linked_comb,super_editor__hyperlink_multiple_runs_0138c312,super_editor__ooxml_highlight_rstyle_linked_combos__eb448e21,tracking_without_comments/docx/049a315896_super_editor__hyperlink_multiple_runs_0138c312__vs__fd68f70f24_super_editor__ooxml_highlight_rstyle_linked_comb_redline_5593a84995.docx,tracking_without_comments/pdf/049a315896_super_editor__hyperlink_multiple_runs_0138c312__vs__fd68f70f24_super_editor__ooxml_highlight_rstyle_linked_comb_redline_5593a84995.pdf,tracking_without_comments,word_redlines_superdoc,reject_all
058cd936de_super_editor__image_doc_c7d007ac__vs__3ad13eed3d_evals__document_9bff7e1b_redline_a70f51680b,clean/docx/058cd936de_super_editor__image_doc_c7d007ac,clean/docx/3ad13eed3d_evals__document_9bff7e1b,super_editor__image_doc_c7d007ac,evals__document_9bff7e1b,tracking_without_comments/docx/058cd936de_super_editor__image_doc_c7d007ac__vs__3ad13eed3d_evals__document_9bff7e1b_redline_a70f51680b.docx,tracking_without_comments/pdf/058cd936de_super_editor__image_doc_c7d007ac__vs__3ad13eed3d_evals__document_9bff7e1b_redline_a70f51680b.pdf,tracking_without_comments,word_redlines_superdoc,reject_all
058cd936de_super_editor__image_doc_c7d007ac__vs__c2d49e9ede_super_editor__sd_978_remove_table_borders_47f7ed_redline_d612da739b,clean/docx/058cd936de_super_editor__image_doc_c7d007ac,clean/docx/c2d49e9ede_super_editor__sd_978_remove_table_borders_47f7ed,super_editor__image_doc_c7d007ac,super_editor__SD_978_remove_table_borders_47f7ede7,tracking_without_comments/docx/058cd936de_super_editor__image_doc_c7d007ac__vs__c2d49e9ede_super_editor__sd_978_remove_table_borders_47f7ed_redline_d612da739b.docx,tracking_without_comments/pdf/058cd936de_super_editor__image_doc_c7d007ac__vs__c2d49e9ede_super_editor__sd_978_remove_table_borders_47f7ed_redline_d612da739b.pdf,tracking_without_comments,word_redlines_superdoc,reject_all
0a1badc333_super_editor__missing_sectpr_967a402d__vs__7a48682ea5_super_editor__superdoc_hyperlink_cases_1dde9cd3_redline_c69f43f277,clean/docx/0a1badc333_super_editor__missing_sectpr_967a402d,clean/docx/7a48682ea5_super_editor__superdoc_hyperlink_cases_1dde9cd3,super_editor__missing_sectpr_967a402d,super_editor__superdoc_hyperlink_cases_1dde9cd3,tracking_without_comments/docx/0a1badc333_super_editor__missing_sectpr_967a402d__vs__7a48682ea5_super_editor__superdoc_hyperlink_cases_1dde9cd3_redline_c69f43f277.docx,tracking_without_comments/pdf/0a1badc333_super_editor__missing_sectpr_967a402d__vs__7a48682ea5_super_editor__superdoc_hyperlink_cases_1dde9cd3_redline_c69f43f277.pdf,tracking_without_comments,word_redlines_superdoc,reject_all
0a1badc333_super_editor__missing_sectpr_967a402d__vs__8ee210e927_super_editor__missing_separator_41c823b9_redline_f8d1d0bcfa,clean/docx/0a1badc333_super_editor__missing_sectpr_967a402d,clean/docx/8ee210e927_super_editor__missing_separator_41c823b9,super_editor__missing_sectpr_967a402d,super_editor__missing_separator_41c823b9,tracking_without_comments/docx/0a1badc333_super_editor__missing_sectpr_967a402d__vs__8ee210e927_super_editor__missing_separator_41c823b9_redline_f8d1d0bcfa.docx,tracking_without_comments/pdf/0a1badc333_super_editor__missing_sectpr_967a402d__vs__8ee210e927_super_editor__missing_separator_41c823b9_redline_f8d1d0bcfa.pdf,tracking_without_comments,word_redlines_superdoc,reject_all
0e08fd6d80_super_editor__diff_before19_97e0f4e6__vs__1e1f1ad583_super_editor__diff_before2_ca0c6859_redline_54af2359d0,clean/docx/0e08fd6d80_super_editor__diff_before19_97e0f4e6,clean/docx/1e1f1ad583_super_editor__diff_before2_ca0c6859,super_editor__diff_before19_97e0f4e6,super_editor__diff_before2_ca0c6859,tracking_without_comments/docx/0e08fd6d80_super_editor__diff_before19_97e0f4e6__vs__1e1f1ad583_super_editor__diff_before2_ca0c6859_redline_54af2359d0.docx,tracking_without_comments/pdf/0e08fd6d80_super_editor__diff_before19_97e0f4e6__vs__1e1f1ad583_super_editor__diff_before2_ca0c6859_redline_54af2359d0.pdf,tracking_without_comments,word_redlines_superdoc,reject_all
14211b982b_super_editor__simple_ordered_list_8288421a__vs__9e9d83978b_super_editor__sublist_issue_66a1800a_redline_22e07f3723,clean/docx/14211b982b_super_editor__simple_ordered_list_8288421a,clean/docx/9e9d83978b_super_editor__sublist_issue_66a1800a,super_editor__simple_ordered_list_8288421a,super_editor__sublist_issue_66a1800a,tracking_without_comments/docx/14211b982b_super_editor__simple_ordered_list_8288421a__vs__9e9d83978b_super_editor__sublist_issue_66a1800a_redline_22e07f3723.docx,tracking_without_comments/pdf/14211b982b_super_editor__simple_ordered_list_8288421a__vs__9e9d83978b_super_editor__sublist_issue_66a1800a_redline_22e07f3723.pdf,tracking_without_comments,word_redlines_superdoc,reject_all
159d00085d_super_editor__sd_1919_word_simple_e3a4a818__vs__f49b3b0ec2_super_editor__sd_1919_word_table_74726d6c_redline_4aec2edb0d,clean/docx/159d00085d_super_editor__sd_1919_word_simple_e3a4a818,clean/docx/f49b3b0ec2_super_editor__sd_1919_word_table_74726d6c,super_editor__sd_1919_word_simple_e3a4a818,super_editor__sd_1919_word_table_74726d6c,tracking_without_comments/docx/159d00085d_super_editor__sd_1919_word_simple_e3a4a818__vs__f49b3b0ec2_super_editor__sd_1919_word_table_74726d6c_redline_4aec2edb0d.docx,tracking_without_comments/pdf/159d00085d_super_editor__sd_1919_word_simple_e3a4a818__vs__f49b3b0ec2_super_editor__sd_1919_word_table_74726d6c_redline_4aec2edb0d.pdf,tracking_without_comments,word_redlines_superdoc,reject_all
16100cd46d_behavior__sd_2323_image_resize_test_2b8a201a__vs__aa940255be_behavior__sd_2343_table_border_widths_b5148e83_redline_a169f5fa5f,clean/docx/16100cd46d_behavior__sd_2323_image_resize_test_2b8a201a,clean/docx/aa940255be_behavior__sd_2343_table_border_widths_b5148e83,behavior__sd_2323_image_resize_test_2b8a201a,behavior__sd_2343_table_border_widths_b5148e83,tracking_without_comments/docx/16100cd46d_behavior__sd_2323_image_resize_test_2b8a201a__vs__aa940255be_behavior__sd_2343_table_border_widths_b5148e83_redline_a169f5fa5f.docx,tracking_without_comments/pdf/16100cd46d_behavior__sd_2323_image_resize_test_2b8a201a__vs__aa940255be_behavior__sd_2343_table_border_widths_b5148e83_redline_a169f5fa5f.pdf,tracking_without_comments,word_redlines_superdoc,reject_all
178804f5ce_super_editor__invalid_list_def_fallback_d7f55451__vs__9c7f21c23e_super_editor__line_break_627a7159_redline_22b83e022d,clean/docx/178804f5ce_super_editor__invalid_list_def_fallback_d7f55451,clean/docx/9c7f21c23e_super_editor__line_break_627a7159,super_editor__invalid_list_def_fallback_d7f55451,super_editor__line_break_627a7159,tracking_without_comments/docx/178804f5ce_super_editor__invalid_list_def_fallback_d7f55451__vs__9c7f21c23e_super_editor__line_break_627a7159_redline_22b83e022d.docx,tracking_without_comments/pdf/178804f5ce_super_editor__invalid_list_def_fallback_d7f55451__vs__9c7f21c23e_super_editor__line_break_627a7159_redline_22b83e022d.pdf,tracking_without_comments,word_redlines_superdoc,reject_all
178804f5ce_super_editor__invalid_list_def_fallback_d7f55451__vs__c4ee483519_tiff_image_redline_37277c15a6,clean/docx/178804f5ce_super_editor__invalid_list_def_fallback_d7f55451,clean/docx/c4ee483519_tiff_image,super_editor__invalid_list_def_fallback_d7f55451,tiff_image,tracking_without_comments/docx/178804f5ce_super_editor__invalid_list_def_fallback_d7f55451__vs__c4ee483519_tiff_image_redline_37277c15a6.docx,tracking_without_comments/pdf/178804f5ce_super_editor__invalid_list_def_fallback_d7f55451__vs__c4ee483519_tiff_image_redline_37277c15a6.pdf,tracking_without_comments,word_redlines_superdoc,reject_all
18b8dd8ea3_behavior__sd_2672_plain_3x3_87943d5d__vs__667af231c2_behavior__sd_2672_rtl_table_63bd9d10_redline_6dcc4740fa,clean/docx/18b8dd8ea3_behavior__sd_2672_plain_3x3_87943d5d,clean/docx/667af231c2_behavior__sd_2672_rtl_table_63bd9d10,behavior__sd_2672_plain_3x3_87943d5d,behavior__sd_2672_rtl_table_63bd9d10,tracking_without_comments/docx/18b8dd8ea3_behavior__sd_2672_plain_3x3_87943d5d__vs__667af231c2_behavior__sd_2672_rtl_table_63bd9d10_redline_6dcc4740fa.docx,tracking_without_comments/pdf/18b8dd8ea3_behavior__sd_2672_plain_3x3_87943d5d__vs__667af231c2_behavior__sd_2672_rtl_table_63bd9d10_redline_6dcc4740fa.pdf,tracking_without_comments,word_redlines_superdoc,reject_all
199cb211b5_super_editor__basic_footnotes_5be96945__vs__9b9fce74d9_super_editor__basic_list_0fcfe705_redline_8d8bf493fb,clean/docx/199cb211b5_super_editor__basic_footnotes_5be96945,clean/docx/9b9fce74d9_super_editor__basic_list_0fcfe705,super_editor__basic_footnotes_5be96945,super_editor__basic_list_0fcfe705,tracking_without_comments/docx/199cb211b5_super_editor__basic_footnotes_5be96945__vs__9b9fce74d9_super_editor__basic_list_0fcfe705_redline_8d8bf493fb.docx,tracking_without_comments/pdf/199cb211b5_super_editor__basic_footnotes_5be96945__vs__9b9fce74d9_super_editor__basic_list_0fcfe705_redline_8d8bf493fb.pdf,tracking_without_comments,word_redlines_superdoc,reject_all
1de41232b3_super_editor__exported_list_font_8e6db734__vs__8fb278cb36_word_tolerated_duplicate_ppr_redline_986bdf2765,clean/docx/1de41232b3_super_editor__exported_list_font_8e6db734,clean/docx/8fb278cb36_word_tolerated_duplicate_ppr,super_editor__exported_list_font_8e6db734,word_tolerated_duplicate_ppr,tracking_without_comments/docx/1de41232b3_super_editor__exported_list_font_8e6db734__vs__8fb278cb36_word_tolerated_duplicate_ppr_redline_986bdf2765.docx,tracking_without_comments/pdf/1de41232b3_super_editor__exported_list_font_8e6db734__vs__8fb278cb36_word_tolerated_duplicate_ppr_redline_986bdf2765.pdf,tracking_without_comments,word_redlines_superdoc,reject_all
1dfdc7d8ec_super_editor__image_inline_and_block_ad6109b3__vs__058cd936de_super_editor__image_doc_c7d007ac_redline_e58f863445,clean/docx/1dfdc7d8ec_super_editor__image_inline_and_block_ad6109b3,clean/docx/058cd936de_super_editor__image_doc_c7d007ac,super_editor__image_inline_and_block_ad6109b3,super_editor__image_doc_c7d007ac,tracking_without_comments/docx/1dfdc7d8ec_super_editor__image_inline_and_block_ad6109b3__vs__058cd936de_super_editor__image_doc_c7d007ac_redline_e58f863445.docx,tracking_without_comments/pdf/1dfdc7d8ec_super_editor__image_inline_and_block_ad6109b3__vs__058cd936de_super_editor__image_doc_c7d007ac_redline_e58f863445.pdf,tracking_without_comments,word_redlines_superdoc,reject_all
1dfdc7d8ec_super_editor__image_inline_and_block_ad6109b3__vs__96fa27757a_behavior__rtl_page_numpages_54739e26_redline_76f4a58792,clean/docx/1dfdc7d8ec_super_editor__image_inline_and_block_ad6109b3,clean/docx/96fa27757a_behavior__rtl_page_numpages_54739e26,super_editor__image_inline_and_block_ad6109b3,behavior__rtl_page_numpages_54739e26,tracking_without_comments/docx/1dfdc7d8ec_super_editor__image_inline_and_block_ad6109b3__vs__96fa27757a_behavior__rtl_page_numpages_54739e26_redline_76f4a58792.docx,tracking_without_comments/pdf/1dfdc7d8ec_super_editor__image_inline_and_block_ad6109b3__vs__96fa27757a_behavior__rtl_page_numpages_54739e26_redline_76f4a58792.pdf,tracking_without_comments,word_redlines_superdoc,reject_all
1e1f1ad583_super_editor__diff_before2_ca0c6859__vs__7e685cbab1_super_editor__ooxml_underline_rstyle_linked_comb_redline_dd8ab91725,clean/docx/1e1f1ad583_super_editor__diff_before2_ca0c6859,clean/docx/7e685cbab1_super_editor__ooxml_underline_rstyle_linked_comb,super_editor__diff_before2_ca0c6859,super_editor__ooxml_underline_rstyle_linked_combos__a40afe78,tracking_without_comments/docx/1e1f1ad583_super_editor__diff_before2_ca0c6859__vs__7e685cbab1_super_editor__ooxml_underline_rstyle_linked_comb_redline_dd8ab91725.docx,tracking_without_comments/pdf/1e1f1ad583_super_editor__diff_before2_ca0c6859__vs__7e685cbab1_super_editor__ooxml_underline_rstyle_linked_comb_redline_dd8ab91725.pdf,tracking_without_comments,word_redlines_superdoc,reject_all
1eb80036ee_super_editor__diff_before3_19d22832__vs__ced58cbf54_super_editor__sd_1494_table_left_indent_03277d35_redline_f1eb137633,clean/docx/1eb80036ee_super_editor__diff_before3_19d22832,clean/docx/ced58cbf54_super_editor__sd_1494_table_left_indent_03277d35,super_editor__diff_before3_19d22832,super_editor__sd_1494_table_left_indent_03277d35,tracking_without_comments/docx/1eb80036ee_super_editor__diff_before3_19d22832__vs__ced58cbf54_super_editor__sd_1494_table_left_indent_03277d35_redline_f1eb137633.docx,tracking_without_comments/pdf/1eb80036ee_super_editor__diff_before3_19d22832__vs__ced58cbf54_super_editor__sd_1494_table_left_indent_03277d35_redline_f1eb137633.pdf,tracking_without_comments,word_redlines_superdoc,reject_all
22ccb1b200_super_editor__diff_after19_79c6b379__vs__dd6dbfb284_super_editor__diff_after2_fc1e0763_redline_6795141f5a,clean/docx/22ccb1b200_super_editor__diff_after19_79c6b379,clean/docx/dd6dbfb284_super_editor__diff_after2_fc1e0763,super_editor__diff_after19_79c6b379,super_editor__diff_after2_fc1e0763,tracking_without_comments/docx/22ccb1b200_super_editor__diff_after19_79c6b379__vs__dd6dbfb284_super_editor__diff_after2_fc1e0763_redline_6795141f5a.docx,tracking_without_comments/pdf/22ccb1b200_super_editor__diff_after19_79c6b379__vs__dd6dbfb284_super_editor__diff_after2_fc1e0763_redline_6795141f5a.pdf,tracking_without_comments,word_redlines_superdoc,reject_all
25f07e0823_super_editor__sd_1919_word_mixed_33e049ca__vs__76827c9f6c_super_editor__sd_1480_two_col_index_0138dccc_redline_639abc8bb9,clean/docx/25f07e0823_super_editor__sd_1919_word_mixed_33e049ca,clean/docx/76827c9f6c_super_editor__sd_1480_two_col_index_0138dccc,super_editor__sd_1919_word_mixed_33e049ca,super_editor__sd_1480_two_col_index_0138dccc,tracking_without_comments/docx/25f07e0823_super_editor__sd_1919_word_mixed_33e049ca__vs__76827c9f6c_super_editor__sd_1480_two_col_index_0138dccc_redline_639abc8bb9.docx,tracking_without_comments/pdf/25f07e0823_super_editor__sd_1919_word_mixed_33e049ca__vs__76827c9f6c_super_editor__sd_1480_two_col_index_0138dccc_redline_639abc8bb9.pdf,tracking_without_comments,word_redlines_superdoc,reject_all
26ce1d6300_super_editor__diff_after5_9fb9d5b4__vs__2e41610325_super_editor__diff_after6_5f9799d0_redline_71595f1fa3,clean/docx/26ce1d6300_super_editor__diff_after5_9fb9d5b4,clean/docx/2e41610325_super_editor__diff_after6_5f9799d0,super_editor__diff_after5_9fb9d5b4,super_editor__diff_after6_5f9799d0,tracking_without_comments/docx/26ce1d6300_super_editor__diff_after5_9fb9d5b4__vs__2e41610325_super_editor__diff_after6_5f9799d0_redline_71595f1fa3.docx,tracking_without_comments/pdf/26ce1d6300_super_editor__diff_after5_9fb9d5b4__vs__2e41610325_super_editor__diff_after6_5f9799d0_redline_71595f1fa3.pdf,tracking_without_comments,word_redlines_superdoc,reject_all
279abea8ce_super_editor__h_f_normal_odd_even_firstpg_9b210d__vs__199cb211b5_super_editor__basic_footnotes_5be96945_redline_73779e9745,clean/docx/279abea8ce_super_editor__h_f_normal_odd_even_firstpg_9b210d,clean/docx/199cb211b5_super_editor__basic_footnotes_5be96945,super_editor__h_f_normal_odd_even_firstpg_9b210d9a,super_editor__basic_footnotes_5be96945,tracking_without_comments/docx/279abea8ce_super_editor__h_f_normal_odd_even_firstpg_9b210d__vs__199cb211b5_super_editor__basic_footnotes_5be96945_redline_73779e9745.docx,tracking_without_comments/pdf/279abea8ce_super_editor__h_f_normal_odd_even_firstpg_9b210d__vs__199cb211b5_super_editor__basic_footnotes_5be96945_redline_73779e9745.pdf,tracking_without_comments,word_redlines_superdoc,reject_all
279abea8ce_super_editor__h_f_normal_odd_even_firstpg_9b210d__vs__4b0729d267_super_editor__h_f_normal_odd_even_unchecked_firs_redline_c4d9f33f93,clean/docx/279abea8ce_super_editor__h_f_normal_odd_even_firstpg_9b210d,clean/docx/4b0729d267_super_editor__h_f_normal_odd_even_unchecked_firs,super_editor__h_f_normal_odd_even_firstpg_9b210d9a,super_editor__h_f_normal_odd_even_unchecked_first_p_817ad6e9,tracking_without_comments/docx/279abea8ce_super_editor__h_f_normal_odd_even_firstpg_9b210d__vs__4b0729d267_super_editor__h_f_normal_odd_even_unchecked_firs_redline_c4d9f33f93.docx,tracking_without_comments/pdf/279abea8ce_super_editor__h_f_normal_odd_even_firstpg_9b210d__vs__4b0729d267_super_editor__h_f_normal_odd_even_unchecked_firs_redline_c4d9f33f93.pdf,tracking_without_comments,word_redlines_superdoc,reject_all
2936af4459_super_editor__sd_1480_two_col_tab_positions_0095__vs__1c5bd81def_super_editor__multiple_nodes_in_list_79d915a2_redline_8a3466d745,clean/docx/2936af4459_super_editor__sd_1480_two_col_tab_positions_0095,clean/docx/1c5bd81def_super_editor__multiple_nodes_in_list_79d915a2,super_editor__sd_1480_two_col_tab_positions_00953280,super_editor__multiple_nodes_in_list_79d915a2,tracking_without_comments/docx/2936af4459_super_editor__sd_1480_two_col_tab_positions_0095__vs__1c5bd81def_super_editor__multiple_nodes_in_list_79d915a2_redline_8a3466d745.docx,tracking_without_comments/pdf/2936af4459_super_editor__sd_1480_two_col_tab_positions_0095__vs__1c5bd81def_super_editor__multiple_nodes_in_list_79d915a2_redline_8a3466d745.pdf,tracking_without_comments,word_redlines_superdoc,reject_all
2ad2fc5ab0_super_editor__diff_before10_2f84ca55__vs__432a12b1a9_behavior__word_native_bullet_square_da8bb73c_redline_5baa576488,clean/docx/2ad2fc5ab0_super_editor__diff_before10_2f84ca55,clean/docx/432a12b1a9_behavior__word_native_bullet_square_da8bb73c,super_editor__diff_before10_2f84ca55,behavior__word_native_bullet_square_da8bb73c,tracking_without_comments/docx/2ad2fc5ab0_super_editor__diff_before10_2f84ca55__vs__432a12b1a9_behavior__word_native_bullet_square_da8bb73c_redline_5baa576488.docx,tracking_without_comments/pdf/2ad2fc5ab0_super_editor__diff_before10_2f84ca55__vs__432a12b1a9_behavior__word_native_bullet_square_da8bb73c_redline_5baa576488.pdf,tracking_without_comments,word_redlines_superdoc,reject_all
2ba392cdd2_super_editor__broken_list_missing_items_36b4199e__vs__ca44eef662_super_editor__list_spacer1_06383c66_redline_47595e5631,clean/docx/2ba392cdd2_super_editor__broken_list_missing_items_36b4199e,clean/docx/ca44eef662_super_editor__list_spacer1_06383c66,super_editor__broken_list_missing_items_36b4199e,super_editor__list_spacer1_06383c66,tracking_without_comments/docx/2ba392cdd2_super_editor__broken_list_missing_items_36b4199e__vs__ca44eef662_super_editor__list_spacer1_06383c66_redline_47595e5631.docx,tracking_without_comments/pdf/2ba392cdd2_super_editor__broken_list_missing_items_36b4199e__vs__ca44eef662_super_editor__list_spacer1_06383c66_redline_47595e5631.pdf,tracking_without_comments,word_redlines_superdoc,reject_all
2c0c942234_super_editor__sd_2766_pirates_tracked_changes_32__vs__ced58cbf54_super_editor__sd_1494_table_left_indent_03277d35_redline_737a91c72f,tracking_without_comments/docx/2c0c942234_super_editor__sd_2766_pirates_tracked_changes_32,clean/docx/ced58cbf54_super_editor__sd_1494_table_left_indent_03277d35,super_editor__sd_2766_pirates_tracked_changes_3285d875,super_editor__sd_1494_table_left_indent_03277d35,tracking_without_comments/docx/2c0c942234_super_editor__sd_2766_pirates_tracked_changes_32__vs__ced58cbf54_super_editor__sd_1494_table_left_indent_03277d35_redline_737a91c72f.docx,tracking_without_comments/pdf/2c0c942234_super_editor__sd_2766_pirates_tracked_changes_32__vs__ced58cbf54_super_editor__sd_1494_table_left_indent_03277d35_redline_737a91c72f.pdf,tracking_without_comments,word_redlines_superdoc,reject_all
2dc3e97d2a_super_editor__hyperlink_node_52b7695b__vs__c620f64d24_super_editor__hyperlink_node_internal_1c0232f9_redline_c7c568d51e,clean/docx/2dc3e97d2a_super_editor__hyperlink_node_52b7695b,clean/docx/c620f64d24_super_editor__hyperlink_node_internal_1c0232f9,super_editor__hyperlink_node_52b7695b,super_editor__hyperlink_node_internal_1c0232f9,tracking_without_comments/docx/2dc3e97d2a_super_editor__hyperlink_node_52b7695b__vs__c620f64d24_super_editor__hyperlink_node_internal_1c0232f9_redline_c7c568d51e.docx,tracking_without_comments/pdf/2dc3e97d2a_super_editor__hyperlink_node_52b7695b__vs__c620f64d24_super_editor__hyperlink_node_internal_1c0232f9_redline_c7c568d51e.pdf,tracking_without_comments,word_redlines_superdoc,reject_all
2e41610325_super_editor__diff_after6_5f9799d0__vs__3cf3093270_super_editor__diff_after7_b998213e_redline_e325b37463,clean/docx/2e41610325_super_editor__diff_after6_5f9799d0,clean/docx/3cf3093270_super_editor__diff_after7_b998213e,super_editor__diff_after6_5f9799d0,super_editor__diff_after7_b998213e,tracking_without_comments/docx/2e41610325_super_editor__diff_after6_5f9799d0__vs__3cf3093270_super_editor__diff_after7_b998213e_redline_e325b37463.docx,tracking_without_comments/pdf/2e41610325_super_editor__diff_after6_5f9799d0__vs__3cf3093270_super_editor__diff_after7_b998213e_redline_e325b37463.pdf,tracking_without_comments,word_redlines_superdoc,reject_all
2f23773d63_super_editor__pagination_blank_2a98ed7a__vs__9586202517_super_editor__two_column_two_page_0b8a37c5_redline_4d7ccddfdc,clean/docx/2f23773d63_super_editor__pagination_blank_2a98ed7a,clean/docx/9586202517_super_editor__two_column_two_page_0b8a37c5,super_editor__pagination_blank_2a98ed7a,super_editor__two_column_two_page_0b8a37c5,tracking_without_comments/docx/2f23773d63_super_editor__pagination_blank_2a98ed7a__vs__9586202517_super_editor__two_column_two_page_0b8a37c5_redline_4d7ccddfdc.docx,tracking_without_comments/pdf/2f23773d63_super_editor__pagination_blank_2a98ed7a__vs__9586202517_super_editor__two_column_two_page_0b8a37c5_redline_4d7ccddfdc.pdf,tracking_without_comments,word_redlines_superdoc,reject_all
301e302820_super_editor__basic_page_nums_d5b08fc3__vs__9332d3001f_super_editor__sdpr_titleonly_b0796676_redline_d9dfadd84b,clean/docx/301e302820_super_editor__basic_page_nums_d5b08fc3,clean/docx/9332d3001f_super_editor__sdpr_titleonly_b0796676,super_editor__basic_page_nums_d5b08fc3,super_editor__sdpr_titleonly_b0796676,tracking_without_comments/docx/301e302820_super_editor__basic_page_nums_d5b08fc3__vs__9332d3001f_super_editor__sdpr_titleonly_b0796676_redline_d9dfadd84b.docx,tracking_without_comments/pdf/301e302820_super_editor__basic_page_nums_d5b08fc3__vs__9332d3001f_super_editor__sdpr_titleonly_b0796676_redline_d9dfadd84b.pdf,tracking_without_comments,word_redlines_superdoc,reject_all
36c5050fba_super_editor__list_with_indents_efc7d4f5__vs__5aa178b931_super_editor__lists_sub_paragraph_31ff3fed_redline_558a7af34c,clean/docx/36c5050fba_super_editor__list_with_indents_efc7d4f5,clean/docx/5aa178b931_super_editor__lists_sub_paragraph_31ff3fed,super_editor__list_with_indents_efc7d4f5,super_editor__lists_sub_paragraph_31ff3fed,tracking_without_comments/docx/36c5050fba_super_editor__list_with_indents_efc7d4f5__vs__5aa178b931_super_editor__lists_sub_paragraph_31ff3fed_redline_558a7af34c.docx,tracking_without_comments/pdf/36c5050fba_super_editor__list_with_indents_efc7d4f5__vs__5aa178b931_super_editor__lists_sub_paragraph_31ff3fed_redline_558a7af34c.pdf,tracking_without_comments,word_redlines_superdoc,reject_all
36c5050fba_super_editor__list_with_indents_efc7d4f5__vs__d0281643d2_super_editor__hello_docx_world_12f11074_redline_5b4a8e06a2,clean/docx/36c5050fba_super_editor__list_with_indents_efc7d4f5,clean/docx/d0281643d2_super_editor__hello_docx_world_12f11074,super_editor__list_with_indents_efc7d4f5,super_editor__Hello_docx_world_12f11074,tracking_without_comments/docx/36c5050fba_super_editor__list_with_indents_efc7d4f5__vs__d0281643d2_super_editor__hello_docx_world_12f11074_redline_5b4a8e06a2.docx,tracking_without_comments/pdf/36c5050fba_super_editor__list_with_indents_efc7d4f5__vs__d0281643d2_super_editor__hello_docx_world_12f11074_redline_5b4a8e06a2.pdf,tracking_without_comments,word_redlines_superdoc,reject_all
37f61a9c26_super_editor__tab_test_576c8317__vs__3cf3093270_super_editor__diff_after7_b998213e_redline_a719101ecb,clean/docx/37f61a9c26_super_editor__tab_test_576c8317,clean/docx/3cf3093270_super_editor__diff_after7_b998213e,super_editor__tab_test_576c8317,super_editor__diff_after7_b998213e,tracking_without_comments/docx/37f61a9c26_super_editor__tab_test_576c8317__vs__3cf3093270_super_editor__diff_after7_b998213e_redline_a719101ecb.docx,tracking_without_comments/pdf/37f61a9c26_super_editor__tab_test_576c8317__vs__3cf3093270_super_editor__diff_after7_b998213e_redline_a719101ecb.pdf,tracking_without_comments,word_redlines_superdoc,reject_all
37f61a9c26_super_editor__tab_test_576c8317__vs__a5903a7c15_super_editor__pci_table_dc840852_redline_5b45a4008a,clean/docx/37f61a9c26_super_editor__tab_test_576c8317,clean/docx/a5903a7c15_super_editor__pci_table_dc840852,super_editor__tab_test_576c8317,super_editor__pci_table_dc840852,tracking_without_comments/docx/37f61a9c26_super_editor__tab_test_576c8317__vs__a5903a7c15_super_editor__pci_table_dc840852_redline_5b45a4008a.docx,tracking_without_comments/pdf/37f61a9c26_super_editor__tab_test_576c8317__vs__a5903a7c15_super_editor__pci_table_dc840852_redline_5b45a4008a.pdf,tracking_without_comments,word_redlines_superdoc,reject_all
3ad13eed3d_evals__document_9bff7e1b__vs__9e4a01de0a_evals__employment_offer_4cf5a872_redline_f8b737f4d7,clean/docx/3ad13eed3d_evals__document_9bff7e1b,clean/docx/9e4a01de0a_evals__employment_offer_4cf5a872,evals__document_9bff7e1b,evals__employment_offer_4cf5a872,tracking_without_comments/docx/3ad13eed3d_evals__document_9bff7e1b__vs__9e4a01de0a_evals__employment_offer_4cf5a872_redline_f8b737f4d7.docx,tracking_without_comments/pdf/3ad13eed3d_evals__document_9bff7e1b__vs__9e4a01de0a_evals__employment_offer_4cf5a872_redline_f8b737f4d7.pdf,tracking_without_comments,word_redlines_superdoc,reject_all
3d8acd6139_super_editor__restart_numbering_sub_list_85ddcb7__vs__76827c9f6c_super_editor__sd_1480_two_col_index_0138dccc_redline_a2ccdc3c91,clean/docx/3d8acd6139_super_editor__restart_numbering_sub_list_85ddcb7,clean/docx/76827c9f6c_super_editor__sd_1480_two_col_index_0138dccc,super_editor__restart_numbering_sub_list_85ddcb79,super_editor__sd_1480_two_col_index_0138dccc,tracking_without_comments/docx/3d8acd6139_super_editor__restart_numbering_sub_list_85ddcb7__vs__76827c9f6c_super_editor__sd_1480_two_col_index_0138dccc_redline_a2ccdc3c91.docx,tracking_without_comments/pdf/3d8acd6139_super_editor__restart_numbering_sub_list_85ddcb7__vs__76827c9f6c_super_editor__sd_1480_two_col_index_0138dccc_redline_a2ccdc3c91.pdf,tracking_without_comments,word_redlines_superdoc,reject_all
3d8acd6139_super_editor__restart_numbering_sub_list_85ddcb7__vs__f49b3b0ec2_super_editor__sd_1919_word_table_74726d6c_redline_944074982f,clean/docx/3d8acd6139_super_editor__restart_numbering_sub_list_85ddcb7,clean/docx/f49b3b0ec2_super_editor__sd_1919_word_table_74726d6c,super_editor__restart_numbering_sub_list_85ddcb79,super_editor__sd_1919_word_table_74726d6c,tracking_without_comments/docx/3d8acd6139_super_editor__restart_numbering_sub_list_85ddcb7__vs__f49b3b0ec2_super_editor__sd_1919_word_table_74726d6c_redline_944074982f.docx,tracking_without_comments/pdf/3d8acd6139_super_editor__restart_numbering_sub_list_85ddcb7__vs__f49b3b0ec2_super_editor__sd_1919_word_table_74726d6c_redline_944074982f.pdf,tracking_without_comments,word_redlines_superdoc,reject_all
3faf9e000d_super_editor__text_color_highlight_36cb4c90__vs__cdf27ad0d3_behavior__sd_2672_nested_table_dfac08bb_redline_008043410c,clean/docx/3faf9e000d_super_editor__text_color_highlight_36cb4c90,clean/docx/cdf27ad0d3_behavior__sd_2672_nested_table_dfac08bb,super_editor__text_color_highlight_36cb4c90,behavior__sd_2672_nested_table_dfac08bb,tracking_without_comments/docx/3faf9e000d_super_editor__text_color_highlight_36cb4c90__vs__cdf27ad0d3_behavior__sd_2672_nested_table_dfac08bb_redline_008043410c.docx,tracking_without_comments/pdf/3faf9e000d_super_editor__text_color_highlight_36cb4c90__vs__cdf27ad0d3_behavior__sd_2672_nested_table_dfac08bb_redline_008043410c.pdf,tracking_without_comments,word_redlines_superdoc,reject_all
420a528aa0_super_editor__instrtext_angled_brackets_bug_ed56__vs__501bf3d47b_super_editor__table_merged_cells_9c349334_redline_e0c606fa10,clean/docx/420a528aa0_super_editor__instrtext_angled_brackets_bug_ed56,clean/docx/501bf3d47b_super_editor__table_merged_cells_9c349334,super_editor__instrtext_angled_brackets_bug_ed56f1fe,super_editor__table_merged_cells_9c349334,tracking_without_comments/docx/420a528aa0_super_editor__instrtext_angled_brackets_bug_ed56__vs__501bf3d47b_super_editor__table_merged_cells_9c349334_redline_e0c606fa10.docx,tracking_without_comments/pdf/420a528aa0_super_editor__instrtext_angled_brackets_bug_ed56__vs__501bf3d47b_super_editor__table_merged_cells_9c349334_redline_e0c606fa10.pdf,tracking_without_comments,word_redlines_superdoc,reject_all
4858c9853b_behavior__multi_image_types_b962a2b8__vs__7c31a68295_behavior__pageref_standalone_h_7b3ab72e_redline_7f222bb103,clean/docx/4858c9853b_behavior__multi_image_types_b962a2b8,clean/docx/7c31a68295_behavior__pageref_standalone_h_7b3ab72e,behavior__multi_image_types_b962a2b8,behavior__pageref_standalone_h_7b3ab72e,tracking_without_comments/docx/4858c9853b_behavior__multi_image_types_b962a2b8__vs__7c31a68295_behavior__pageref_standalone_h_7b3ab72e_redline_7f222bb103.docx,tracking_without_comments/pdf/4858c9853b_behavior__multi_image_types_b962a2b8__vs__7c31a68295_behavior__pageref_standalone_h_7b3ab72e_redline_7f222bb103.pdf,tracking_without_comments,word_redlines_superdoc,reject_all
4b0729d267_super_editor__h_f_normal_odd_even_unchecked_firs__vs__9c1fb4747e_super_editor__sd_1495_auto_page_break_854a2dd9_redline_0b5ecec9d6,clean/docx/4b0729d267_super_editor__h_f_normal_odd_even_unchecked_firs,clean/docx/9c1fb4747e_super_editor__sd_1495_auto_page_break_854a2dd9,super_editor__h_f_normal_odd_even_unchecked_first_p_817ad6e9,super_editor__sd_1495_auto_page_break_854a2dd9,tracking_without_comments/docx/4b0729d267_super_editor__h_f_normal_odd_even_unchecked_firs__vs__9c1fb4747e_super_editor__sd_1495_auto_page_break_854a2dd9_redline_0b5ecec9d6.docx,tracking_without_comments/pdf/4b0729d267_super_editor__h_f_normal_odd_even_unchecked_firs__vs__9c1fb4747e_super_editor__sd_1495_auto_page_break_854a2dd9_redline_0b5ecec9d6.pdf,tracking_without_comments,word_redlines_superdoc,reject_all
4ba01802a7_super_editor__diff_after_10f1912e__vs__42d59beb40_super_editor__diff_after10_ac257741_redline_c53c99a402,clean/docx/4ba01802a7_super_editor__diff_after_10f1912e,clean/docx/42d59beb40_super_editor__diff_after10_ac257741,super_editor__diff_after_10f1912e,super_editor__diff_after10_ac257741,tracking_without_comments/docx/4ba01802a7_super_editor__diff_after_10f1912e__vs__42d59beb40_super_editor__diff_after10_ac257741_redline_c53c99a402.docx,tracking_without_comments/pdf/4ba01802a7_super_editor__diff_after_10f1912e__vs__42d59beb40_super_editor__diff_after10_ac257741_redline_c53c99a402.pdf,tracking_without_comments,word_redlines_superdoc,reject_all
4ba01802a7_super_editor__diff_after_10f1912e__vs__c498e8c52c_super_editor__contract_acc_bbd983a0_redline_362913bbc7,clean/docx/4ba01802a7_super_editor__diff_after_10f1912e,clean/docx/c498e8c52c_super_editor__contract_acc_bbd983a0,super_editor__diff_after_10f1912e,super_editor__contract_acc_bbd983a0,tracking_without_comments/docx/4ba01802a7_super_editor__diff_after_10f1912e__vs__c498e8c52c_super_editor__contract_acc_bbd983a0_redline_362913bbc7.docx,tracking_without_comments/pdf/4ba01802a7_super_editor__diff_after_10f1912e__vs__c498e8c52c_super_editor__contract_acc_bbd983a0_redline_362913bbc7.pdf,tracking_without_comments,word_redlines_superdoc,reject_all
4cb1926093_behavior__sd_1960_word_replacement_no_comments_1__vs__16100cd46d_behavior__sd_2323_image_resize_test_2b8a201a_redline_db9f3507a3,tracking_without_comments/docx/4cb1926093_behavior__sd_1960_word_replacement_no_comments_1,clean/docx/16100cd46d_behavior__sd_2323_image_resize_test_2b8a201a,behavior__sd_1960_word_replacement_no_comments_187e8147,behavior__sd_2323_image_resize_test_2b8a201a,tracking_without_comments/docx/4cb1926093_behavior__sd_1960_word_replacement_no_comments_1__vs__16100cd46d_behavior__sd_2323_image_resize_test_2b8a201a_redline_db9f3507a3.docx,tracking_without_comments/pdf/4cb1926093_behavior__sd_1960_word_replacement_no_comments_1__vs__16100cd46d_behavior__sd_2323_image_resize_test_2b8a201a_redline_db9f3507a3.pdf,tracking_without_comments,word_redlines_superdoc,reject_all
563331c6f3_super_editor__broken_complex_list_293fda86__vs__ad43500302_super_editor__list_numbering_reimport_d788d573_redline_f6ab1636eb,clean/docx/563331c6f3_super_editor__broken_complex_list_293fda86,clean/docx/ad43500302_super_editor__list_numbering_reimport_d788d573,super_editor__broken_complex_list_293fda86,super_editor__list_numbering_reimport_d788d573,tracking_without_comments/docx/563331c6f3_super_editor__broken_complex_list_293fda86__vs__ad43500302_super_editor__list_numbering_reimport_d788d573_redline_f6ab1636eb.docx,tracking_without_comments/pdf/563331c6f3_super_editor__broken_complex_list_293fda86__vs__ad43500302_super_editor__list_numbering_reimport_d788d573_redline_f6ab1636eb.pdf,tracking_without_comments,word_redlines_superdoc,reject_all
563331c6f3_super_editor__broken_complex_list_293fda86__vs__ee61fb4ab3_super_editor__base_ordered_fdff1fb2_redline_2fcd65ddc4,clean/docx/563331c6f3_super_editor__broken_complex_list_293fda86,clean/docx/ee61fb4ab3_super_editor__base_ordered_fdff1fb2,super_editor__broken_complex_list_293fda86,super_editor__base_ordered_fdff1fb2,tracking_without_comments/docx/563331c6f3_super_editor__broken_complex_list_293fda86__vs__ee61fb4ab3_super_editor__base_ordered_fdff1fb2_redline_2fcd65ddc4.docx,tracking_without_comments/pdf/563331c6f3_super_editor__broken_complex_list_293fda86__vs__ee61fb4ab3_super_editor__base_ordered_fdff1fb2_redline_2fcd65ddc4.pdf,tracking_without_comments,word_redlines_superdoc,reject_all
56d68160f4_doc_api_stories__sd_2086_header_row_shading_api__vs__bb9c5a8bd5_doc_api_stories__table_style_options_roundtrip_1_redline_06bfdc32c8,clean/docx/56d68160f4_doc_api_stories__sd_2086_header_row_shading_api,clean/docx/bb9c5a8bd5_doc_api_stories__table_style_options_roundtrip_1,doc_api_stories__sd_2086_header_row_shading_api_9757ca5b,doc_api_stories__table_style_options_roundtrip_10222e60,tracking_without_comments/docx/56d68160f4_doc_api_stories__sd_2086_header_row_shading_api__vs__bb9c5a8bd5_doc_api_stories__table_style_options_roundtrip_1_redline_06bfdc32c8.docx,tracking_without_comments/pdf/56d68160f4_doc_api_stories__sd_2086_header_row_shading_api__vs__bb9c5a8bd5_doc_api_stories__table_style_options_roundtrip_1_redline_06bfdc32c8.pdf,tracking_without_comments,word_redlines_superdoc,reject_all
5add12cb1b_super_editor__msword_tracked_changes_4794adc4__vs__ced58cbf54_super_editor__sd_1494_table_left_indent_03277d35_redline_b8478b7ac6,tracking_without_comments/docx/5add12cb1b_super_editor__msword_tracked_changes_4794adc4,clean/docx/ced58cbf54_super_editor__sd_1494_table_left_indent_03277d35,super_editor__msword_tracked_changes_4794adc4,super_editor__sd_1494_table_left_indent_03277d35,tracking_without_comments/docx/5add12cb1b_super_editor__msword_tracked_changes_4794adc4__vs__ced58cbf54_super_editor__sd_1494_table_left_indent_03277d35_redline_b8478b7ac6.docx,tracking_without_comments/pdf/5add12cb1b_super_editor__msword_tracked_changes_4794adc4__vs__ced58cbf54_super_editor__sd_1494_table_left_indent_03277d35_redline_b8478b7ac6.pdf,tracking_without_comments,word_redlines_superdoc,reject_all
5add12cb1b_super_editor__msword_tracked_changes_4794adc4__vs__d776ad9be7_super_editor__multi_section_doc_080d2655_redline_72a7cae8b6,tracking_without_comments/docx/5add12cb1b_super_editor__msword_tracked_changes_4794adc4,clean/docx/d776ad9be7_super_editor__multi_section_doc_080d2655,super_editor__msword_tracked_changes_4794adc4,super_editor__multi_section_doc_080d2655,tracking_without_comments/docx/5add12cb1b_super_editor__msword_tracked_changes_4794adc4__vs__d776ad9be7_super_editor__multi_section_doc_080d2655_redline_72a7cae8b6.docx,tracking_without_comments/pdf/5add12cb1b_super_editor__msword_tracked_changes_4794adc4__vs__d776ad9be7_super_editor__multi_section_doc_080d2655_redline_72a7cae8b6.pdf,tracking_without_comments,word_redlines_superdoc,reject_all
5b421850d5_super_editor__ooxml_strike_rstyle_linked_combos__vs__7e685cbab1_super_editor__ooxml_underline_rstyle_linked_comb_redline_3fab50f94a,clean/docx/5b421850d5_super_editor__ooxml_strike_rstyle_linked_combos,clean/docx/7e685cbab1_super_editor__ooxml_underline_rstyle_linked_comb,super_editor__ooxml_strike_rstyle_linked_combos_dem_b8167cd3,super_editor__ooxml_underline_rstyle_linked_combos__a40afe78,tracking_without_comments/docx/5b421850d5_super_editor__ooxml_strike_rstyle_linked_combos__vs__7e685cbab1_super_editor__ooxml_underline_rstyle_linked_comb_redline_3fab50f94a.docx,tracking_without_comments/pdf/5b421850d5_super_editor__ooxml_strike_rstyle_linked_combos__vs__7e685cbab1_super_editor__ooxml_underline_rstyle_linked_comb_redline_3fab50f94a.pdf,tracking_without_comments,word_redlines_superdoc,reject_all
5d17fd43a9_complex_style_attr__vs__a5903a7c15_super_editor__pci_table_dc840852_redline_234d635c04,clean/docx/5d17fd43a9_complex_style_attr,clean/docx/a5903a7c15_super_editor__pci_table_dc840852,complex_style_attr,super_editor__pci_table_dc840852,tracking_without_comments/docx/5d17fd43a9_complex_style_attr__vs__a5903a7c15_super_editor__pci_table_dc840852_redline_234d635c04.docx,tracking_without_comments/pdf/5d17fd43a9_complex_style_attr__vs__a5903a7c15_super_editor__pci_table_dc840852_redline_234d635c04.pdf,tracking_without_comments,word_redlines_superdoc,reject_all
5d17fd43a9_complex_style_attr__vs__c1023db5c5_super_editor__fields_test_4a8ffd8c_redline_b20ccc26f3,clean/docx/5d17fd43a9_complex_style_attr,clean/docx/c1023db5c5_super_editor__fields_test_4a8ffd8c,complex_style_attr,super_editor__fields_test_4a8ffd8c,tracking_without_comments/docx/5d17fd43a9_complex_style_attr__vs__c1023db5c5_super_editor__fields_test_4a8ffd8c_redline_b20ccc26f3.docx,tracking_without_comments/pdf/5d17fd43a9_complex_style_attr__vs__c1023db5c5_super_editor__fields_test_4a8ffd8c_redline_b20ccc26f3.pdf,tracking_without_comments,word_redlines_superdoc,reject_all
5e5fa9b5fb_super_editor__list_def_mix_d7cec092__vs__ad43500302_super_editor__list_numbering_reimport_d788d573_redline_1d00241b3c,clean/docx/5e5fa9b5fb_super_editor__list_def_mix_d7cec092,clean/docx/ad43500302_super_editor__list_numbering_reimport_d788d573,super_editor__list_def_mix_d7cec092,super_editor__list_numbering_reimport_d788d573,tracking_without_comments/docx/5e5fa9b5fb_super_editor__list_def_mix_d7cec092__vs__ad43500302_super_editor__list_numbering_reimport_d788d573_redline_1d00241b3c.docx,tracking_without_comments/pdf/5e5fa9b5fb_super_editor__list_def_mix_d7cec092__vs__ad43500302_super_editor__list_numbering_reimport_d788d573_redline_1d00241b3c.pdf,tracking_without_comments,word_redlines_superdoc,reject_all
5efd1fcd25_doc_api_stories__diff_doc1_835f4535__vs__ad00cf90d7_doc_api_stories__diff_doc2_bc0da0ce_redline_9cc1e255a4,clean/docx/5efd1fcd25_doc_api_stories__diff_doc1_835f4535,clean/docx/ad00cf90d7_doc_api_stories__diff_doc2_bc0da0ce,doc_api_stories__diff_doc1_835f4535,doc_api_stories__diff_doc2_bc0da0ce,tracking_without_comments/docx/5efd1fcd25_doc_api_stories__diff_doc1_835f4535__vs__ad00cf90d7_doc_api_stories__diff_doc2_bc0da0ce_redline_9cc1e255a4.docx,tracking_without_comments/pdf/5efd1fcd25_doc_api_stories__diff_doc1_835f4535__vs__ad00cf90d7_doc_api_stories__diff_doc2_bc0da0ce_redline_9cc1e255a4.pdf,tracking_without_comments,word_redlines_superdoc,reject_all
5fa01813d3_super_editor__basic_table_shading_d3212ffd__vs__9e9d83978b_super_editor__sublist_issue_66a1800a_redline_37d8974b01,clean/docx/5fa01813d3_super_editor__basic_table_shading_d3212ffd,clean/docx/9e9d83978b_super_editor__sublist_issue_66a1800a,super_editor__basic_table_shading_d3212ffd,super_editor__sublist_issue_66a1800a,tracking_without_comments/docx/5fa01813d3_super_editor__basic_table_shading_d3212ffd__vs__9e9d83978b_super_editor__sublist_issue_66a1800a_redline_37d8974b01.docx,tracking_without_comments/pdf/5fa01813d3_super_editor__basic_table_shading_d3212ffd__vs__9e9d83978b_super_editor__sublist_issue_66a1800a_redline_37d8974b01.pdf,tracking_without_comments,word_redlines_superdoc,reject_all
5fa01813d3_super_editor__basic_table_shading_d3212ffd__vs__a04e2d2749_ooxml_style_link_redline_93e628a060,clean/docx/5fa01813d3_super_editor__basic_table_shading_d3212ffd,clean/docx/a04e2d2749_ooxml_style_link,super_editor__basic_table_shading_d3212ffd,ooxml_style_link,tracking_without_comments/docx/5fa01813d3_super_editor__basic_table_shading_d3212ffd__vs__a04e2d2749_ooxml_style_link_redline_93e628a060.docx,tracking_without_comments/pdf/5fa01813d3_super_editor__basic_table_shading_d3212ffd__vs__a04e2d2749_ooxml_style_link_redline_93e628a060.pdf,tracking_without_comments,word_redlines_superdoc,reject_all
667af231c2_behavior__sd_2672_rtl_table_63bd9d10__vs__cfd53bad25_behavior__sd_2672_sdt_table_fc038913_redline_81ff65985c,clean/docx/667af231c2_behavior__sd_2672_rtl_table_63bd9d10,clean/docx/cfd53bad25_behavior__sd_2672_sdt_table_fc038913,behavior__sd_2672_rtl_table_63bd9d10,behavior__sd_2672_sdt_table_fc038913,tracking_without_comments/docx/667af231c2_behavior__sd_2672_rtl_table_63bd9d10__vs__cfd53bad25_behavior__sd_2672_sdt_table_fc038913_redline_81ff65985c.docx,tracking_without_comments/pdf/667af231c2_behavior__sd_2672_rtl_table_63bd9d10__vs__cfd53bad25_behavior__sd_2672_sdt_table_fc038913_redline_81ff65985c.pdf,tracking_without_comments,word_redlines_superdoc,reject_all
668fe0a735_super_editor__ooxml_bold_vals_demo_9e688d8f__vs__d72fd74138_super_editor__ooxml_color_rstyle_linked_combos_d_redline_b2c0260aa4,clean/docx/668fe0a735_super_editor__ooxml_bold_vals_demo_9e688d8f,clean/docx/d72fd74138_super_editor__ooxml_color_rstyle_linked_combos_d,super_editor__ooxml_bold_vals_demo_9e688d8f,super_editor__ooxml_color_rstyle_linked_combos_demo_23e43bed,tracking_without_comments/docx/668fe0a735_super_editor__ooxml_bold_vals_demo_9e688d8f__vs__d72fd74138_super_editor__ooxml_color_rstyle_linked_combos_d_redline_b2c0260aa4.docx,tracking_without_comments/pdf/668fe0a735_super_editor__ooxml_bold_vals_demo_9e688d8f__vs__d72fd74138_super_editor__ooxml_color_rstyle_linked_combos_d_redline_b2c0260aa4.pdf,tracking_without_comments,word_redlines_superdoc,reject_all
668fe0a735_super_editor__ooxml_bold_vals_demo_9e688d8f__vs__ea7427b18a_super_editor__complex_list_def_issue_326369f9_redline_7998f329e8,clean/docx/668fe0a735_super_editor__ooxml_bold_vals_demo_9e688d8f,clean/docx/ea7427b18a_super_editor__complex_list_def_issue_326369f9,super_editor__ooxml_bold_vals_demo_9e688d8f,super_editor__complex_list_def_issue_326369f9,tracking_without_comments/docx/668fe0a735_super_editor__ooxml_bold_vals_demo_9e688d8f__vs__ea7427b18a_super_editor__complex_list_def_issue_326369f9_redline_7998f329e8.docx,tracking_without_comments/pdf/668fe0a735_super_editor__ooxml_bold_vals_demo_9e688d8f__vs__ea7427b18a_super_editor__complex_list_def_issue_326369f9_redline_7998f329e8.pdf,tracking_without_comments,word_redlines_superdoc,reject_all
671ff91b1d_behavior__sd_2750_borderbox_7cd3768d__vs__92589c3e37_super_editor__pre_separated_list_bd330d28_redline_1e56ee9760,clean/docx/671ff91b1d_behavior__sd_2750_borderbox_7cd3768d,clean/docx/92589c3e37_super_editor__pre_separated_list_bd330d28,behavior__sd_2750_borderbox_7cd3768d,super_editor__pre_separated_list_bd330d28,tracking_without_comments/docx/671ff91b1d_behavior__sd_2750_borderbox_7cd3768d__vs__92589c3e37_super_editor__pre_separated_list_bd330d28_redline_1e56ee9760.docx,tracking_without_comments/pdf/671ff91b1d_behavior__sd_2750_borderbox_7cd3768d__vs__92589c3e37_super_editor__pre_separated_list_bd330d28_redline_1e56ee9760.pdf,tracking_without_comments,word_redlines_superdoc,reject_all
6ca202588b_super_editor__ooxml_size_rstyle_linked_combos_de__vs__5b421850d5_super_editor__ooxml_strike_rstyle_linked_combos_redline_70f229e446,clean/docx/6ca202588b_super_editor__ooxml_size_rstyle_linked_combos_de,clean/docx/5b421850d5_super_editor__ooxml_strike_rstyle_linked_combos,super_editor__ooxml_size_rstyle_linked_combos_demo_017c9552,super_editor__ooxml_strike_rstyle_linked_combos_dem_b8167cd3,tracking_without_comments/docx/6ca202588b_super_editor__ooxml_size_rstyle_linked_combos_de__vs__5b421850d5_super_editor__ooxml_strike_rstyle_linked_combos_redline_70f229e446.docx,tracking_without_comments/pdf/6ca202588b_super_editor__ooxml_size_rstyle_linked_combos_de__vs__5b421850d5_super_editor__ooxml_strike_rstyle_linked_combos_redline_70f229e446.pdf,tracking_without_comments,word_redlines_superdoc,reject_all
6d773ca294_super_editor__annot2_03ae6b74__vs__c5f3d78ca6_super_editor__annotations_import_2_eaae7b97_redline_10c6751f2e,clean/docx/6d773ca294_super_editor__annot2_03ae6b74,clean/docx/c5f3d78ca6_super_editor__annotations_import_2_eaae7b97,super_editor__annot2_03ae6b74,super_editor__annotations_import_2_eaae7b97,tracking_without_comments/docx/6d773ca294_super_editor__annot2_03ae6b74__vs__c5f3d78ca6_super_editor__annotations_import_2_eaae7b97_redline_10c6751f2e.docx,tracking_without_comments/pdf/6d773ca294_super_editor__annot2_03ae6b74__vs__c5f3d78ca6_super_editor__annotations_import_2_eaae7b97_redline_10c6751f2e.pdf,tracking_without_comments,word_redlines_superdoc,reject_all
7098537b0d_super_editor__base_custom_544164f9__vs__ee61fb4ab3_super_editor__base_ordered_fdff1fb2_redline_75bb11cb8b,clean/docx/7098537b0d_super_editor__base_custom_544164f9,clean/docx/ee61fb4ab3_super_editor__base_ordered_fdff1fb2,super_editor__base_custom_544164f9,super_editor__base_ordered_fdff1fb2,tracking_without_comments/docx/7098537b0d_super_editor__base_custom_544164f9__vs__ee61fb4ab3_super_editor__base_ordered_fdff1fb2_redline_75bb11cb8b.docx,tracking_without_comments/pdf/7098537b0d_super_editor__base_custom_544164f9__vs__ee61fb4ab3_super_editor__base_ordered_fdff1fb2_redline_75bb11cb8b.pdf,tracking_without_comments,word_redlines_superdoc,reject_all
75aeff4f58_super_editor__diff_after9_a9d4b4b0__vs__b5a6dd6c66_super_editor__diff_before_019353a2_redline_252aac8d9e,clean/docx/75aeff4f58_super_editor__diff_after9_a9d4b4b0,clean/docx/b5a6dd6c66_super_editor__diff_before_019353a2,super_editor__diff_after9_a9d4b4b0,super_editor__diff_before_019353a2,tracking_without_comments/docx/75aeff4f58_super_editor__diff_after9_a9d4b4b0__vs__b5a6dd6c66_super_editor__diff_before_019353a2_redline_252aac8d9e.docx,tracking_without_comments/pdf/75aeff4f58_super_editor__diff_after9_a9d4b4b0__vs__b5a6dd6c66_super_editor__diff_before_019353a2_redline_252aac8d9e.pdf,tracking_without_comments,word_redlines_superdoc,reject_all
76827c9f6c_super_editor__sd_1480_two_col_index_0138dccc__vs__f795b96ac4_behavior__math_delimiter_tests_c9d034dc_redline_81e9a63aac,clean/docx/76827c9f6c_super_editor__sd_1480_two_col_index_0138dccc,clean/docx/f795b96ac4_behavior__math_delimiter_tests_c9d034dc,super_editor__sd_1480_two_col_index_0138dccc,behavior__math_delimiter_tests_c9d034dc,tracking_without_comments/docx/76827c9f6c_super_editor__sd_1480_two_col_index_0138dccc__vs__f795b96ac4_behavior__math_delimiter_tests_c9d034dc_redline_81e9a63aac.docx,tracking_without_comments/pdf/76827c9f6c_super_editor__sd_1480_two_col_index_0138dccc__vs__f795b96ac4_behavior__math_delimiter_tests_c9d034dc_redline_81e9a63aac.pdf,tracking_without_comments,word_redlines_superdoc,reject_all
776a437291_behavior__two_column_simple_e77be963__vs__9586202517_super_editor__two_column_two_page_0b8a37c5_redline_bf527b6048,clean/docx/776a437291_behavior__two_column_simple_e77be963,clean/docx/9586202517_super_editor__two_column_two_page_0b8a37c5,behavior__two_column_simple_e77be963,super_editor__two_column_two_page_0b8a37c5,tracking_without_comments/docx/776a437291_behavior__two_column_simple_e77be963__vs__9586202517_super_editor__two_column_two_page_0b8a37c5_redline_bf527b6048.docx,tracking_without_comments/pdf/776a437291_behavior__two_column_simple_e77be963__vs__9586202517_super_editor__two_column_two_page_0b8a37c5_redline_bf527b6048.pdf,tracking_without_comments,word_redlines_superdoc,reject_all
7962b06671_super_editor__bookmark_use_cases_d20f31f6__vs__563331c6f3_super_editor__broken_complex_list_293fda86_redline_73cb7fa90e,clean/docx/7962b06671_super_editor__bookmark_use_cases_d20f31f6,clean/docx/563331c6f3_super_editor__broken_complex_list_293fda86,super_editor__bookmark_use_cases_d20f31f6,super_editor__broken_complex_list_293fda86,tracking_without_comments/docx/7962b06671_super_editor__bookmark_use_cases_d20f31f6__vs__563331c6f3_super_editor__broken_complex_list_293fda86_redline_73cb7fa90e.docx,tracking_without_comments/pdf/7962b06671_super_editor__bookmark_use_cases_d20f31f6__vs__563331c6f3_super_editor__broken_complex_list_293fda86_redline_73cb7fa90e.pdf,tracking_without_comments,word_redlines_superdoc,reject_all
79cb6b6c0f_behavior__word_native_bullet_disc_bfbeb2dd__vs__3faf9e000d_super_editor__text_color_highlight_36cb4c90_redline_a519e21029,clean/docx/79cb6b6c0f_behavior__word_native_bullet_disc_bfbeb2dd,clean/docx/3faf9e000d_super_editor__text_color_highlight_36cb4c90,behavior__word_native_bullet_disc_bfbeb2dd,super_editor__text_color_highlight_36cb4c90,tracking_without_comments/docx/79cb6b6c0f_behavior__word_native_bullet_disc_bfbeb2dd__vs__3faf9e000d_super_editor__text_color_highlight_36cb4c90_redline_a519e21029.docx,tracking_without_comments/pdf/79cb6b6c0f_behavior__word_native_bullet_disc_bfbeb2dd__vs__3faf9e000d_super_editor__text_color_highlight_36cb4c90_redline_a519e21029.pdf,tracking_without_comments,word_redlines_superdoc,reject_all
79cb6b6c0f_behavior__word_native_bullet_disc_bfbeb2dd__vs__432a12b1a9_behavior__word_native_bullet_square_da8bb73c_redline_edd3900acc,clean/docx/79cb6b6c0f_behavior__word_native_bullet_disc_bfbeb2dd,clean/docx/432a12b1a9_behavior__word_native_bullet_square_da8bb73c,behavior__word_native_bullet_disc_bfbeb2dd,behavior__word_native_bullet_square_da8bb73c,tracking_without_comments/docx/79cb6b6c0f_behavior__word_native_bullet_disc_bfbeb2dd__vs__432a12b1a9_behavior__word_native_bullet_square_da8bb73c_redline_edd3900acc.docx,tracking_without_comments/pdf/79cb6b6c0f_behavior__word_native_bullet_disc_bfbeb2dd__vs__432a12b1a9_behavior__word_native_bullet_square_da8bb73c_redline_edd3900acc.pdf,tracking_without_comments,word_redlines_superdoc,reject_all
7a48682ea5_super_editor__superdoc_hyperlink_cases_1dde9cd3__vs__667af231c2_behavior__sd_2672_rtl_table_63bd9d10_redline_38aa2282ac,clean/docx/7a48682ea5_super_editor__superdoc_hyperlink_cases_1dde9cd3,clean/docx/667af231c2_behavior__sd_2672_rtl_table_63bd9d10,super_editor__superdoc_hyperlink_cases_1dde9cd3,behavior__sd_2672_rtl_table_63bd9d10,tracking_without_comments/docx/7a48682ea5_super_editor__superdoc_hyperlink_cases_1dde9cd3__vs__667af231c2_behavior__sd_2672_rtl_table_63bd9d10_redline_38aa2282ac.docx,tracking_without_comments/pdf/7a48682ea5_super_editor__superdoc_hyperlink_cases_1dde9cd3__vs__667af231c2_behavior__sd_2672_rtl_table_63bd9d10_redline_38aa2282ac.pdf,tracking_without_comments,word_redlines_superdoc,reject_all
7c87c9cd93_super_editor__complex_list_def_short_fde20a67__vs__76827c9f6c_super_editor__sd_1480_two_col_index_0138dccc_redline_f40bd780a6,clean/docx/7c87c9cd93_super_editor__complex_list_def_short_fde20a67,clean/docx/76827c9f6c_super_editor__sd_1480_two_col_index_0138dccc,super_editor__complex_list_def_short_fde20a67,super_editor__sd_1480_two_col_index_0138dccc,tracking_without_comments/docx/7c87c9cd93_super_editor__complex_list_def_short_fde20a67__vs__76827c9f6c_super_editor__sd_1480_two_col_index_0138dccc_redline_f40bd780a6.docx,tracking_without_comments/pdf/7c87c9cd93_super_editor__complex_list_def_short_fde20a67__vs__76827c9f6c_super_editor__sd_1480_two_col_index_0138dccc_redline_f40bd780a6.pdf,tracking_without_comments,word_redlines_superdoc,reject_all
7c87c9cd93_super_editor__complex_list_def_short_fde20a67__vs__9b9fce74d9_super_editor__basic_list_0fcfe705_redline_e56790bd63,clean/docx/7c87c9cd93_super_editor__complex_list_def_short_fde20a67,clean/docx/9b9fce74d9_super_editor__basic_list_0fcfe705,super_editor__complex_list_def_short_fde20a67,super_editor__basic_list_0fcfe705,tracking_without_comments/docx/7c87c9cd93_super_editor__complex_list_def_short_fde20a67__vs__9b9fce74d9_super_editor__basic_list_0fcfe705_redline_e56790bd63.docx,tracking_without_comments/pdf/7c87c9cd93_super_editor__complex_list_def_short_fde20a67__vs__9b9fce74d9_super_editor__basic_list_0fcfe705_redline_e56790bd63.pdf,tracking_without_comments,word_redlines_superdoc,reject_all
7e685cbab1_super_editor__ooxml_underline_rstyle_linked_comb__vs__1bdbf15f5a_super_editor__orderedlist_interrupted1_a3cd0dd3_redline_a726b099a8,clean/docx/7e685cbab1_super_editor__ooxml_underline_rstyle_linked_comb,clean/docx/1bdbf15f5a_super_editor__orderedlist_interrupted1_a3cd0dd3,super_editor__ooxml_underline_rstyle_linked_combos__a40afe78,super_editor__orderedlist_interrupted1_a3cd0dd3,tracking_without_comments/docx/7e685cbab1_super_editor__ooxml_underline_rstyle_linked_comb__vs__1bdbf15f5a_super_editor__orderedlist_interrupted1_a3cd0dd3_redline_a726b099a8.docx,tracking_without_comments/pdf/7e685cbab1_super_editor__ooxml_underline_rstyle_linked_comb__vs__1bdbf15f5a_super_editor__orderedlist_interrupted1_a3cd0dd3_redline_a726b099a8.pdf,tracking_without_comments,word_redlines_superdoc,reject_all
82348eef4b_multi_section__vs__f7ece685ff_behavior__math_limit_tests_6dc07867_redline_249ef3e059,clean/docx/82348eef4b_multi_section,clean/docx/f7ece685ff_behavior__math_limit_tests_6dc07867,multi_section,behavior__math_limit_tests_6dc07867,tracking_without_comments/docx/82348eef4b_multi_section__vs__f7ece685ff_behavior__math_limit_tests_6dc07867_redline_249ef3e059.docx,tracking_without_comments/pdf/82348eef4b_multi_section__vs__f7ece685ff_behavior__math_limit_tests_6dc07867_redline_249ef3e059.pdf,tracking_without_comments,word_redlines_superdoc,reject_all
82794f31ff_evals__basic_list_b4d9bb45__vs__45f61cfd4f_super_editor__sd_1495_auto_page_break_2_f0f3bf0e_redline_9630a86562,clean/docx/82794f31ff_evals__basic_list_b4d9bb45,clean/docx/45f61cfd4f_super_editor__sd_1495_auto_page_break_2_f0f3bf0e,evals__basic_list_b4d9bb45,super_editor__sd_1495_auto_page_break_2_f0f3bf0e,tracking_without_comments/docx/82794f31ff_evals__basic_list_b4d9bb45__vs__45f61cfd4f_super_editor__sd_1495_auto_page_break_2_f0f3bf0e_redline_9630a86562.docx,tracking_without_comments/pdf/82794f31ff_evals__basic_list_b4d9bb45__vs__45f61cfd4f_super_editor__sd_1495_auto_page_break_2_f0f3bf0e_redline_9630a86562.pdf,tracking_without_comments,word_redlines_superdoc,reject_all
82794f31ff_evals__basic_list_b4d9bb45__vs__eb714d5f76_evals__blank_bc294b57_redline_31b13fd92e,clean/docx/82794f31ff_evals__basic_list_b4d9bb45,clean/docx/eb714d5f76_evals__blank_bc294b57,evals__basic_list_b4d9bb45,evals__blank_bc294b57,tracking_without_comments/docx/82794f31ff_evals__basic_list_b4d9bb45__vs__eb714d5f76_evals__blank_bc294b57_redline_31b13fd92e.docx,tracking_without_comments/pdf/82794f31ff_evals__basic_list_b4d9bb45__vs__eb714d5f76_evals__blank_bc294b57_redline_31b13fd92e.pdf,tracking_without_comments,word_redlines_superdoc,reject_all
8441c4ae21_sd_2517_localized_heading_styles__vs__f584285fed_behavior__sd_2672_gridbefore_vmerge_7c895dff_redline_bc8691e22a,clean/docx/8441c4ae21_sd_2517_localized_heading_styles,clean/docx/f584285fed_behavior__sd_2672_gridbefore_vmerge_7c895dff,sd_2517_localized_heading_styles,behavior__sd_2672_gridbefore_vmerge_7c895dff,tracking_without_comments/docx/8441c4ae21_sd_2517_localized_heading_styles__vs__f584285fed_behavior__sd_2672_gridbefore_vmerge_7c895dff_redline_bc8691e22a.docx,tracking_without_comments/pdf/8441c4ae21_sd_2517_localized_heading_styles__vs__f584285fed_behavior__sd_2672_gridbefore_vmerge_7c895dff_redline_bc8691e22a.pdf,tracking_without_comments,word_redlines_superdoc,reject_all
89b44c96a7_super_editor__sdts_basic_45263ca5__vs__a21c45464c_super_editor__shape_group_ce60e1e6_redline_9fae55dec1,clean/docx/89b44c96a7_super_editor__sdts_basic_45263ca5,clean/docx/a21c45464c_super_editor__shape_group_ce60e1e6,super_editor__sdts_basic_45263ca5,super_editor__shape_group_ce60e1e6,tracking_without_comments/docx/89b44c96a7_super_editor__sdts_basic_45263ca5__vs__a21c45464c_super_editor__shape_group_ce60e1e6_redline_9fae55dec1.docx,tracking_without_comments/pdf/89b44c96a7_super_editor__sdts_basic_45263ca5__vs__a21c45464c_super_editor__shape_group_ce60e1e6_redline_9fae55dec1.pdf,tracking_without_comments,word_redlines_superdoc,reject_all
8a553b35e4_super_editor__doc_with_spaces_from_styles_734ca2__vs__3ad13eed3d_evals__document_9bff7e1b_redline_9382a63a1e,clean/docx/8a553b35e4_super_editor__doc_with_spaces_from_styles_734ca2,clean/docx/3ad13eed3d_evals__document_9bff7e1b,super_editor__doc_with_spaces_from_styles_734ca26f,evals__document_9bff7e1b,tracking_without_comments/docx/8a553b35e4_super_editor__doc_with_spaces_from_styles_734ca2__vs__3ad13eed3d_evals__document_9bff7e1b_redline_9382a63a1e.docx,tracking_without_comments/pdf/8a553b35e4_super_editor__doc_with_spaces_from_styles_734ca2__vs__3ad13eed3d_evals__document_9bff7e1b_redline_9382a63a1e.pdf,tracking_without_comments,word_redlines_superdoc,reject_all
8a553b35e4_super_editor__doc_with_spaces_from_styles_734ca2__vs__ab064d6482_super_editor__table_width_issue_20b01504_redline_f4654cac31,clean/docx/8a553b35e4_super_editor__doc_with_spaces_from_styles_734ca2,clean/docx/ab064d6482_super_editor__table_width_issue_20b01504,super_editor__doc_with_spaces_from_styles_734ca26f,super_editor__table_width_issue_20b01504,tracking_without_comments/docx/8a553b35e4_super_editor__doc_with_spaces_from_styles_734ca2__vs__ab064d6482_super_editor__table_width_issue_20b01504_redline_f4654cac31.docx,tracking_without_comments/pdf/8a553b35e4_super_editor__doc_with_spaces_from_styles_734ca2__vs__ab064d6482_super_editor__table_width_issue_20b01504_redline_f4654cac31.pdf,tracking_without_comments,word_redlines_superdoc,reject_all
8a553b35e4_super_editor__doc_with_spaces_from_styles_734ca2__vs__b5a6dd6c66_super_editor__diff_before_019353a2_redline_2210596a5e,clean/docx/8a553b35e4_super_editor__doc_with_spaces_from_styles_734ca2,clean/docx/b5a6dd6c66_super_editor__diff_before_019353a2,super_editor__doc_with_spaces_from_styles_734ca26f,super_editor__diff_before_019353a2,tracking_without_comments/docx/8a553b35e4_super_editor__doc_with_spaces_from_styles_734ca2__vs__b5a6dd6c66_super_editor__diff_before_019353a2_redline_2210596a5e.docx,tracking_without_comments/pdf/8a553b35e4_super_editor__doc_with_spaces_from_styles_734ca2__vs__b5a6dd6c66_super_editor__diff_before_019353a2_redline_2210596a5e.pdf,tracking_without_comments,word_redlines_superdoc,reject_all
8a553b35e4_super_editor__doc_with_spaces_from_styles_734ca2__vs__de3c6fded9_super_editor__doc_with_spacing_e3d47bd7_redline_d239049a2f,clean/docx/8a553b35e4_super_editor__doc_with_spaces_from_styles_734ca2,clean/docx/de3c6fded9_super_editor__doc_with_spacing_e3d47bd7,super_editor__doc_with_spaces_from_styles_734ca26f,super_editor__doc_with_spacing_e3d47bd7,tracking_without_comments/docx/8a553b35e4_super_editor__doc_with_spaces_from_styles_734ca2__vs__de3c6fded9_super_editor__doc_with_spacing_e3d47bd7_redline_d239049a2f.docx,tracking_without_comments/pdf/8a553b35e4_super_editor__doc_with_spaces_from_styles_734ca2__vs__de3c6fded9_super_editor__doc_with_spacing_e3d47bd7_redline_d239049a2f.pdf,tracking_without_comments,word_redlines_superdoc,reject_all
8ab3f01cdd_super_editor__paragraph_indent_normal_styles_85f__vs__f62e209c7c_super_editor__paragraph_ppr_variations_a7653eb1_redline_7809e61d82,clean/docx/8ab3f01cdd_super_editor__paragraph_indent_normal_styles_85f,clean/docx/f62e209c7c_super_editor__paragraph_ppr_variations_a7653eb1,super_editor__paragraph_indent_normal_styles_85fe82d8,super_editor__paragraph_pPr_variations_a7653eb1,tracking_without_comments/docx/8ab3f01cdd_super_editor__paragraph_indent_normal_styles_85f__vs__f62e209c7c_super_editor__paragraph_ppr_variations_a7653eb1_redline_7809e61d82.docx,tracking_without_comments/pdf/8ab3f01cdd_super_editor__paragraph_indent_normal_styles_85f__vs__f62e209c7c_super_editor__paragraph_ppr_variations_a7653eb1_redline_7809e61d82.pdf,tracking_without_comments,word_redlines_superdoc,reject_all
8c7f16e573_super_editor__basic_tracked_change_5a9ff724__vs__9c1fb4747e_super_editor__sd_1495_auto_page_break_854a2dd9_redline_8fe9b001b0,tracking_without_comments/docx/8c7f16e573_super_editor__basic_tracked_change_5a9ff724,clean/docx/9c1fb4747e_super_editor__sd_1495_auto_page_break_854a2dd9,super_editor__basic_tracked_change_5a9ff724,super_editor__sd_1495_auto_page_break_854a2dd9,tracking_without_comments/docx/8c7f16e573_super_editor__basic_tracked_change_5a9ff724__vs__9c1fb4747e_super_editor__sd_1495_auto_page_break_854a2dd9_redline_8fe9b001b0.docx,tracking_without_comments/pdf/8c7f16e573_super_editor__basic_tracked_change_5a9ff724__vs__9c1fb4747e_super_editor__sd_1495_auto_page_break_854a2dd9_redline_8fe9b001b0.pdf,tracking_without_comments,word_redlines_superdoc,reject_all
8df6dfa8d7_alternate_content__vs__accec0538a_anchor_images_redline_880cffd893,clean/docx/8df6dfa8d7_alternate_content,clean/docx/accec0538a_anchor_images,alternate_content,anchor_images,tracking_without_comments/docx/8df6dfa8d7_alternate_content__vs__accec0538a_anchor_images_redline_880cffd893.docx,tracking_without_comments/pdf/8df6dfa8d7_alternate_content__vs__accec0538a_anchor_images_redline_880cffd893.pdf,tracking_without_comments,word_redlines_superdoc,reject_all
8ee210e927_super_editor__missing_separator_41c823b9__vs__668fe0a735_super_editor__ooxml_bold_vals_demo_9e688d8f_redline_684e190acd,clean/docx/8ee210e927_super_editor__missing_separator_41c823b9,clean/docx/668fe0a735_super_editor__ooxml_bold_vals_demo_9e688d8f,super_editor__missing_separator_41c823b9,super_editor__ooxml_bold_vals_demo_9e688d8f,tracking_without_comments/docx/8ee210e927_super_editor__missing_separator_41c823b9__vs__668fe0a735_super_editor__ooxml_bold_vals_demo_9e688d8f_redline_684e190acd.docx,tracking_without_comments/pdf/8ee210e927_super_editor__missing_separator_41c823b9__vs__668fe0a735_super_editor__ooxml_bold_vals_demo_9e688d8f_redline_684e190acd.pdf,tracking_without_comments,word_redlines_superdoc,reject_all
8ee210e927_super_editor__missing_separator_41c823b9__vs__75aeff4f58_super_editor__diff_after9_a9d4b4b0_redline_452e7d4fef,clean/docx/8ee210e927_super_editor__missing_separator_41c823b9,clean/docx/75aeff4f58_super_editor__diff_after9_a9d4b4b0,super_editor__missing_separator_41c823b9,super_editor__diff_after9_a9d4b4b0,tracking_without_comments/docx/8ee210e927_super_editor__missing_separator_41c823b9__vs__75aeff4f58_super_editor__diff_after9_a9d4b4b0_redline_452e7d4fef.docx,tracking_without_comments/pdf/8ee210e927_super_editor__missing_separator_41c823b9__vs__75aeff4f58_super_editor__diff_after9_a9d4b4b0_redline_452e7d4fef.pdf,tracking_without_comments,word_redlines_superdoc,reject_all
906753e55b_super_editor__table_c70ca973__vs__2e41610325_super_editor__diff_after6_5f9799d0_redline_4d14b85c74,clean/docx/906753e55b_super_editor__table_c70ca973,clean/docx/2e41610325_super_editor__diff_after6_5f9799d0,super_editor__table_c70ca973,super_editor__diff_after6_5f9799d0,tracking_without_comments/docx/906753e55b_super_editor__table_c70ca973__vs__2e41610325_super_editor__diff_after6_5f9799d0_redline_4d14b85c74.docx,tracking_without_comments/pdf/906753e55b_super_editor__table_c70ca973__vs__2e41610325_super_editor__diff_after6_5f9799d0_redline_4d14b85c74.pdf,tracking_without_comments,word_redlines_superdoc,reject_all
906753e55b_super_editor__table_c70ca973__vs__3faf9e000d_super_editor__text_color_highlight_36cb4c90_redline_3fb1c82094,clean/docx/906753e55b_super_editor__table_c70ca973,clean/docx/3faf9e000d_super_editor__text_color_highlight_36cb4c90,super_editor__table_c70ca973,super_editor__text_color_highlight_36cb4c90,tracking_without_comments/docx/906753e55b_super_editor__table_c70ca973__vs__3faf9e000d_super_editor__text_color_highlight_36cb4c90_redline_3fb1c82094.docx,tracking_without_comments/pdf/906753e55b_super_editor__table_c70ca973__vs__3faf9e000d_super_editor__text_color_highlight_36cb4c90_redline_3fb1c82094.pdf,tracking_without_comments,word_redlines_superdoc,reject_all
92589c3e37_super_editor__pre_separated_list_bd330d28__vs__43dd6753e6_super_editor__diff_before7_5bad2542_redline_4f2cc27f3b,clean/docx/92589c3e37_super_editor__pre_separated_list_bd330d28,clean/docx/43dd6753e6_super_editor__diff_before7_5bad2542,super_editor__pre_separated_list_bd330d28,super_editor__diff_before7_5bad2542,tracking_without_comments/docx/92589c3e37_super_editor__pre_separated_list_bd330d28__vs__43dd6753e6_super_editor__diff_before7_5bad2542_redline_4f2cc27f3b.docx,tracking_without_comments/pdf/92589c3e37_super_editor__pre_separated_list_bd330d28__vs__43dd6753e6_super_editor__diff_before7_5bad2542_redline_4f2cc27f3b.pdf,tracking_without_comments,word_redlines_superdoc,reject_all
9322444a3f_behavior__sd_2888_hyperlink_with_ampersand_aaaac__vs__c4ee483519_tiff_image_redline_3c8e1237e2,clean/docx/9322444a3f_behavior__sd_2888_hyperlink_with_ampersand_aaaac,clean/docx/c4ee483519_tiff_image,behavior__sd_2888_hyperlink_with_ampersand_aaaac3bc,tiff_image,tracking_without_comments/docx/9322444a3f_behavior__sd_2888_hyperlink_with_ampersand_aaaac__vs__c4ee483519_tiff_image_redline_3c8e1237e2.docx,tracking_without_comments/pdf/9322444a3f_behavior__sd_2888_hyperlink_with_ampersand_aaaac__vs__c4ee483519_tiff_image_redline_3c8e1237e2.pdf,tracking_without_comments,word_redlines_superdoc,reject_all
9586202517_super_editor__two_column_two_page_0b8a37c5__vs__cdf27ad0d3_behavior__sd_2672_nested_table_dfac08bb_redline_d132040c7c,clean/docx/9586202517_super_editor__two_column_two_page_0b8a37c5,clean/docx/cdf27ad0d3_behavior__sd_2672_nested_table_dfac08bb,super_editor__two_column_two_page_0b8a37c5,behavior__sd_2672_nested_table_dfac08bb,tracking_without_comments/docx/9586202517_super_editor__two_column_two_page_0b8a37c5__vs__cdf27ad0d3_behavior__sd_2672_nested_table_dfac08bb_redline_d132040c7c.docx,tracking_without_comments/pdf/9586202517_super_editor__two_column_two_page_0b8a37c5__vs__cdf27ad0d3_behavior__sd_2672_nested_table_dfac08bb_redline_d132040c7c.pdf,tracking_without_comments,word_redlines_superdoc,reject_all
97b2e714de_super_editor__broken_list_7e9b9bf7__vs__fa4d5010d8_layout_engine__basic_vector_shapes_e5f0ef49_redline_1b671f8f90,clean/docx/97b2e714de_super_editor__broken_list_7e9b9bf7,clean/docx/fa4d5010d8_layout_engine__basic_vector_shapes_e5f0ef49,super_editor__broken_list_7e9b9bf7,layout_engine__basic_vector_shapes_e5f0ef49,tracking_without_comments/docx/97b2e714de_super_editor__broken_list_7e9b9bf7__vs__fa4d5010d8_layout_engine__basic_vector_shapes_e5f0ef49_redline_1b671f8f90.docx,tracking_without_comments/pdf/97b2e714de_super_editor__broken_list_7e9b9bf7__vs__fa4d5010d8_layout_engine__basic_vector_shapes_e5f0ef49_redline_1b671f8f90.pdf,tracking_without_comments,word_redlines_superdoc,reject_all
9b9fce74d9_super_editor__basic_list_0fcfe705__vs__f4e1903ff3_super_editor__sd_1707_list_enter_track_changes_w_redline_e7b1107227,clean/docx/9b9fce74d9_super_editor__basic_list_0fcfe705,clean/docx/f4e1903ff3_super_editor__sd_1707_list_enter_track_changes_w,super_editor__basic_list_0fcfe705,super_editor__sd_1707_list_enter_track_changes_with_fd93fd8b,tracking_without_comments/docx/9b9fce74d9_super_editor__basic_list_0fcfe705__vs__f4e1903ff3_super_editor__sd_1707_list_enter_track_changes_w_redline_e7b1107227.docx,tracking_without_comments/pdf/9b9fce74d9_super_editor__basic_list_0fcfe705__vs__f4e1903ff3_super_editor__sd_1707_list_enter_track_changes_w_redline_e7b1107227.pdf,tracking_without_comments,word_redlines_superdoc,reject_all
9c1fb4747e_super_editor__sd_1495_auto_page_break_854a2dd9__vs__14211b982b_super_editor__simple_ordered_list_8288421a_redline_b4bafdd04d,clean/docx/9c1fb4747e_super_editor__sd_1495_auto_page_break_854a2dd9,clean/docx/14211b982b_super_editor__simple_ordered_list_8288421a,super_editor__sd_1495_auto_page_break_854a2dd9,super_editor__simple_ordered_list_8288421a,tracking_without_comments/docx/9c1fb4747e_super_editor__sd_1495_auto_page_break_854a2dd9__vs__14211b982b_super_editor__simple_ordered_list_8288421a_redline_b4bafdd04d.docx,tracking_without_comments/pdf/9c1fb4747e_super_editor__sd_1495_auto_page_break_854a2dd9__vs__14211b982b_super_editor__simple_ordered_list_8288421a_redline_b4bafdd04d.pdf,tracking_without_comments,word_redlines_superdoc,reject_all
9c1fb4747e_super_editor__sd_1495_auto_page_break_854a2dd9__vs__f4e1903ff3_super_editor__sd_1707_list_enter_track_changes_w_redline_8ac912f5d3,clean/docx/9c1fb4747e_super_editor__sd_1495_auto_page_break_854a2dd9,clean/docx/f4e1903ff3_super_editor__sd_1707_list_enter_track_changes_w,super_editor__sd_1495_auto_page_break_854a2dd9,super_editor__sd_1707_list_enter_track_changes_with_fd93fd8b,tracking_without_comments/docx/9c1fb4747e_super_editor__sd_1495_auto_page_break_854a2dd9__vs__f4e1903ff3_super_editor__sd_1707_list_enter_track_changes_w_redline_8ac912f5d3.docx,tracking_without_comments/pdf/9c1fb4747e_super_editor__sd_1495_auto_page_break_854a2dd9__vs__f4e1903ff3_super_editor__sd_1707_list_enter_track_changes_w_redline_8ac912f5d3.pdf,tracking_without_comments,word_redlines_superdoc,reject_all
9c7f21c23e_super_editor__line_break_627a7159__vs__902a69f0e4_super_editor__line_space_table_9b1ee54b_redline_ae9c8592e8,clean/docx/9c7f21c23e_super_editor__line_break_627a7159,clean/docx/902a69f0e4_super_editor__line_space_table_9b1ee54b,super_editor__line_break_627a7159,super_editor__line_space_table_9b1ee54b,tracking_without_comments/docx/9c7f21c23e_super_editor__line_break_627a7159__vs__902a69f0e4_super_editor__line_space_table_9b1ee54b_redline_ae9c8592e8.docx,tracking_without_comments/pdf/9c7f21c23e_super_editor__line_break_627a7159__vs__902a69f0e4_super_editor__line_space_table_9b1ee54b_redline_ae9c8592e8.pdf,tracking_without_comments,word_redlines_superdoc,reject_all
a21c45464c_super_editor__shape_group_ce60e1e6__vs__5b421850d5_super_editor__ooxml_strike_rstyle_linked_combos_redline_d3653803d6,clean/docx/a21c45464c_super_editor__shape_group_ce60e1e6,clean/docx/5b421850d5_super_editor__ooxml_strike_rstyle_linked_combos,super_editor__shape_group_ce60e1e6,super_editor__ooxml_strike_rstyle_linked_combos_dem_b8167cd3,tracking_without_comments/docx/a21c45464c_super_editor__shape_group_ce60e1e6__vs__5b421850d5_super_editor__ooxml_strike_rstyle_linked_combos_redline_d3653803d6.docx,tracking_without_comments/pdf/a21c45464c_super_editor__shape_group_ce60e1e6__vs__5b421850d5_super_editor__ooxml_strike_rstyle_linked_combos_redline_d3653803d6.pdf,tracking_without_comments,word_redlines_superdoc,reject_all
a24b3782e4_super_editor__list_with_table_break_ff0c4c1f__vs__18b8dd8ea3_behavior__sd_2672_plain_3x3_87943d5d_redline_022de5dc91,clean/docx/a24b3782e4_super_editor__list_with_table_break_ff0c4c1f,clean/docx/18b8dd8ea3_behavior__sd_2672_plain_3x3_87943d5d,super_editor__list_with_table_break_ff0c4c1f,behavior__sd_2672_plain_3x3_87943d5d,tracking_without_comments/docx/a24b3782e4_super_editor__list_with_table_break_ff0c4c1f__vs__18b8dd8ea3_behavior__sd_2672_plain_3x3_87943d5d_redline_022de5dc91.docx,tracking_without_comments/pdf/a24b3782e4_super_editor__list_with_table_break_ff0c4c1f__vs__18b8dd8ea3_behavior__sd_2672_plain_3x3_87943d5d_redline_022de5dc91.pdf,tracking_without_comments,word_redlines_superdoc,reject_all
a24b3782e4_super_editor__list_with_table_break_ff0c4c1f__vs__563331c6f3_super_editor__broken_complex_list_293fda86_redline_f75570e5c8,clean/docx/a24b3782e4_super_editor__list_with_table_break_ff0c4c1f,clean/docx/563331c6f3_super_editor__broken_complex_list_293fda86,super_editor__list_with_table_break_ff0c4c1f,super_editor__broken_complex_list_293fda86,tracking_without_comments/docx/a24b3782e4_super_editor__list_with_table_break_ff0c4c1f__vs__563331c6f3_super_editor__broken_complex_list_293fda86_redline_f75570e5c8.docx,tracking_without_comments/pdf/a24b3782e4_super_editor__list_with_table_break_ff0c4c1f__vs__563331c6f3_super_editor__broken_complex_list_293fda86_redline_f75570e5c8.pdf,tracking_without_comments,word_redlines_superdoc,reject_all
a5903a7c15_super_editor__pci_table_dc840852__vs__501bf3d47b_super_editor__table_merged_cells_9c349334_redline_482ad62e2c,clean/docx/a5903a7c15_super_editor__pci_table_dc840852,clean/docx/501bf3d47b_super_editor__table_merged_cells_9c349334,super_editor__pci_table_dc840852,super_editor__table_merged_cells_9c349334,tracking_without_comments/docx/a5903a7c15_super_editor__pci_table_dc840852__vs__501bf3d47b_super_editor__table_merged_cells_9c349334_redline_482ad62e2c.docx,tracking_without_comments/pdf/a5903a7c15_super_editor__pci_table_dc840852__vs__501bf3d47b_super_editor__table_merged_cells_9c349334_redline_482ad62e2c.pdf,tracking_without_comments,word_redlines_superdoc,reject_all
a5903a7c15_super_editor__pci_table_dc840852__vs__92589c3e37_super_editor__pre_separated_list_bd330d28_redline_181e3e3ec7,clean/docx/a5903a7c15_super_editor__pci_table_dc840852,clean/docx/92589c3e37_super_editor__pre_separated_list_bd330d28,super_editor__pci_table_dc840852,super_editor__pre_separated_list_bd330d28,tracking_without_comments/docx/a5903a7c15_super_editor__pci_table_dc840852__vs__92589c3e37_super_editor__pre_separated_list_bd330d28_redline_181e3e3ec7.docx,tracking_without_comments/pdf/a5903a7c15_super_editor__pci_table_dc840852__vs__92589c3e37_super_editor__pre_separated_list_bd330d28_redline_181e3e3ec7.pdf,tracking_without_comments,word_redlines_superdoc,reject_all
aa940255be_behavior__sd_2343_table_border_widths_b5148e83__vs__fe11d14f44_behavior__sd_2447_toc_tab_alignment_8319c14c_redline_cd389ecc3b,clean/docx/aa940255be_behavior__sd_2343_table_border_widths_b5148e83,clean/docx/fe11d14f44_behavior__sd_2447_toc_tab_alignment_8319c14c,behavior__sd_2343_table_border_widths_b5148e83,behavior__sd_2447_toc_tab_alignment_8319c14c,tracking_without_comments/docx/aa940255be_behavior__sd_2343_table_border_widths_b5148e83__vs__fe11d14f44_behavior__sd_2447_toc_tab_alignment_8319c14c_redline_cd389ecc3b.docx,tracking_without_comments/pdf/aa940255be_behavior__sd_2343_table_border_widths_b5148e83__vs__fe11d14f44_behavior__sd_2447_toc_tab_alignment_8319c14c_redline_cd389ecc3b.pdf,tracking_without_comments,word_redlines_superdoc,reject_all
ab064d6482_super_editor__table_width_issue_20b01504__vs__01d1b3da75_table_bookmark_end_redline_9fff1c473d,clean/docx/ab064d6482_super_editor__table_width_issue_20b01504,clean/docx/01d1b3da75_table_bookmark_end,super_editor__table_width_issue_20b01504,table_bookmark_end,tracking_without_comments/docx/ab064d6482_super_editor__table_width_issue_20b01504__vs__01d1b3da75_table_bookmark_end_redline_9fff1c473d.docx,tracking_without_comments/pdf/ab064d6482_super_editor__table_width_issue_20b01504__vs__01d1b3da75_table_bookmark_end_redline_9fff1c473d.pdf,tracking_without_comments,word_redlines_superdoc,reject_all
ab064d6482_super_editor__table_width_issue_20b01504__vs__837d45926d_super_editor__header_alternating_odd_even_11e019_redline_a0964b6b7d,clean/docx/ab064d6482_super_editor__table_width_issue_20b01504,clean/docx/837d45926d_super_editor__header_alternating_odd_even_11e019,super_editor__table_width_issue_20b01504,super_editor__header_alternating_odd_even_11e01996,tracking_without_comments/docx/ab064d6482_super_editor__table_width_issue_20b01504__vs__837d45926d_super_editor__header_alternating_odd_even_11e019_redline_a0964b6b7d.docx,tracking_without_comments/pdf/ab064d6482_super_editor__table_width_issue_20b01504__vs__837d45926d_super_editor__header_alternating_odd_even_11e019_redline_a0964b6b7d.pdf,tracking_without_comments,word_redlines_superdoc,reject_all
ab064d6482_super_editor__table_width_issue_20b01504__vs__8df6dfa8d7_alternate_content_redline_5b1a8f121b,clean/docx/ab064d6482_super_editor__table_width_issue_20b01504,clean/docx/8df6dfa8d7_alternate_content,super_editor__table_width_issue_20b01504,alternate_content,tracking_without_comments/docx/ab064d6482_super_editor__table_width_issue_20b01504__vs__8df6dfa8d7_alternate_content_redline_5b1a8f121b.docx,tracking_without_comments/pdf/ab064d6482_super_editor__table_width_issue_20b01504__vs__8df6dfa8d7_alternate_content_redline_5b1a8f121b.pdf,tracking_without_comments,word_redlines_superdoc,reject_all
ab859711f4_super_editor__custom_list_numbering1_7eb9fda4__vs__0e08fd6d80_super_editor__diff_before19_97e0f4e6_redline_959657014a,clean/docx/ab859711f4_super_editor__custom_list_numbering1_7eb9fda4,clean/docx/0e08fd6d80_super_editor__diff_before19_97e0f4e6,super_editor__custom_list_numbering1_7eb9fda4,super_editor__diff_before19_97e0f4e6,tracking_without_comments/docx/ab859711f4_super_editor__custom_list_numbering1_7eb9fda4__vs__0e08fd6d80_super_editor__diff_before19_97e0f4e6_redline_959657014a.docx,tracking_without_comments/pdf/ab859711f4_super_editor__custom_list_numbering1_7eb9fda4__vs__0e08fd6d80_super_editor__diff_before19_97e0f4e6_redline_959657014a.pdf,tracking_without_comments,word_redlines_superdoc,reject_all
ab859711f4_super_editor__custom_list_numbering1_7eb9fda4__vs__4858c9853b_behavior__multi_image_types_b962a2b8_redline_d3a5b120d7,clean/docx/ab859711f4_super_editor__custom_list_numbering1_7eb9fda4,clean/docx/4858c9853b_behavior__multi_image_types_b962a2b8,super_editor__custom_list_numbering1_7eb9fda4,behavior__multi_image_types_b962a2b8,tracking_without_comments/docx/ab859711f4_super_editor__custom_list_numbering1_7eb9fda4__vs__4858c9853b_behavior__multi_image_types_b962a2b8_redline_d3a5b120d7.docx,tracking_without_comments/pdf/ab859711f4_super_editor__custom_list_numbering1_7eb9fda4__vs__4858c9853b_behavior__multi_image_types_b962a2b8_redline_d3a5b120d7.pdf,tracking_without_comments,word_redlines_superdoc,reject_all
ad00cf90d7_doc_api_stories__diff_doc2_bc0da0ce__vs__d6a1c42901_super_editor__diff_before16_f518c031_redline_aef2777b99,clean/docx/ad00cf90d7_doc_api_stories__diff_doc2_bc0da0ce,clean/docx/d6a1c42901_super_editor__diff_before16_f518c031,doc_api_stories__diff_doc2_bc0da0ce,super_editor__diff_before16_f518c031,tracking_without_comments/docx/ad00cf90d7_doc_api_stories__diff_doc2_bc0da0ce__vs__d6a1c42901_super_editor__diff_before16_f518c031_redline_aef2777b99.docx,tracking_without_comments/pdf/ad00cf90d7_doc_api_stories__diff_doc2_bc0da0ce__vs__d6a1c42901_super_editor__diff_before16_f518c031_redline_aef2777b99.pdf,tracking_without_comments,word_redlines_superdoc,reject_all
ae9360e096_behavior__sd_2672_merged_table_821b922c__vs__178804f5ce_super_editor__invalid_list_def_fallback_d7f55451_redline_365debc124,clean/docx/ae9360e096_behavior__sd_2672_merged_table_821b922c,clean/docx/178804f5ce_super_editor__invalid_list_def_fallback_d7f55451,behavior__sd_2672_merged_table_821b922c,super_editor__invalid_list_def_fallback_d7f55451,tracking_without_comments/docx/ae9360e096_behavior__sd_2672_merged_table_821b922c__vs__178804f5ce_super_editor__invalid_list_def_fallback_d7f55451_redline_365debc124.docx,tracking_without_comments/pdf/ae9360e096_behavior__sd_2672_merged_table_821b922c__vs__178804f5ce_super_editor__invalid_list_def_fallback_d7f55451_redline_365debc124.pdf,tracking_without_comments,word_redlines_superdoc,reject_all
ae9360e096_behavior__sd_2672_merged_table_821b922c__vs__e663016796_behavior__sd_2672_multipara_cell_4d1f068e_redline_74842a7b93,clean/docx/ae9360e096_behavior__sd_2672_merged_table_821b922c,clean/docx/e663016796_behavior__sd_2672_multipara_cell_4d1f068e,behavior__sd_2672_merged_table_821b922c,behavior__sd_2672_multipara_cell_4d1f068e,tracking_without_comments/docx/ae9360e096_behavior__sd_2672_merged_table_821b922c__vs__e663016796_behavior__sd_2672_multipara_cell_4d1f068e_redline_74842a7b93.docx,tracking_without_comments/pdf/ae9360e096_behavior__sd_2672_merged_table_821b922c__vs__e663016796_behavior__sd_2672_multipara_cell_4d1f068e_redline_74842a7b93.pdf,tracking_without_comments,word_redlines_superdoc,reject_all
b3028f2d5b_super_editor__super_basic_table_86d8d916__vs__7367931dbf_super_editor__sdt_test_60079f08_redline_4ca0da5018,clean/docx/b3028f2d5b_super_editor__super_basic_table_86d8d916,clean/docx/7367931dbf_super_editor__sdt_test_60079f08,super_editor__super_basic_table_86d8d916,super_editor__sdt_test_60079f08,tracking_without_comments/docx/b3028f2d5b_super_editor__super_basic_table_86d8d916__vs__7367931dbf_super_editor__sdt_test_60079f08_redline_4ca0da5018.docx,tracking_without_comments/pdf/b3028f2d5b_super_editor__super_basic_table_86d8d916__vs__7367931dbf_super_editor__sdt_test_60079f08_redline_4ca0da5018.pdf,tracking_without_comments,word_redlines_superdoc,reject_all
b5a6dd6c66_super_editor__diff_before_019353a2__vs__2ad2fc5ab0_super_editor__diff_before10_2f84ca55_redline_585342dcd0,clean/docx/b5a6dd6c66_super_editor__diff_before_019353a2,clean/docx/2ad2fc5ab0_super_editor__diff_before10_2f84ca55,super_editor__diff_before_019353a2,super_editor__diff_before10_2f84ca55,tracking_without_comments/docx/b5a6dd6c66_super_editor__diff_before_019353a2__vs__2ad2fc5ab0_super_editor__diff_before10_2f84ca55_redline_585342dcd0.docx,tracking_without_comments/pdf/b5a6dd6c66_super_editor__diff_before_019353a2__vs__2ad2fc5ab0_super_editor__diff_before10_2f84ca55_redline_585342dcd0.pdf,tracking_without_comments,word_redlines_superdoc,reject_all
b992bfc6eb_super_editor__h_f_normal_odd_even_b572e46d__vs__e451997662_super_editor__h_f_normal_5d2a8d96_redline_393bcc39e4,clean/docx/b992bfc6eb_super_editor__h_f_normal_odd_even_b572e46d,clean/docx/e451997662_super_editor__h_f_normal_5d2a8d96,super_editor__h_f_normal_odd_even_b572e46d,super_editor__h_f_normal_5d2a8d96,tracking_without_comments/docx/b992bfc6eb_super_editor__h_f_normal_odd_even_b572e46d__vs__e451997662_super_editor__h_f_normal_5d2a8d96_redline_393bcc39e4.docx,tracking_without_comments/pdf/b992bfc6eb_super_editor__h_f_normal_odd_even_b572e46d__vs__e451997662_super_editor__h_f_normal_5d2a8d96_redline_393bcc39e4.pdf,tracking_without_comments,word_redlines_superdoc,reject_all
ba54aaab82_super_editor__ooxml_italic_rstyle_combos_demo_90__vs__8ab3f01cdd_super_editor__paragraph_indent_normal_styles_85f_redline_85b79dc2e9,clean/docx/ba54aaab82_super_editor__ooxml_italic_rstyle_combos_demo_90,clean/docx/8ab3f01cdd_super_editor__paragraph_indent_normal_styles_85f,super_editor__ooxml_italic_rstyle_combos_demo_90894ac1,super_editor__paragraph_indent_normal_styles_85fe82d8,tracking_without_comments/docx/ba54aaab82_super_editor__ooxml_italic_rstyle_combos_demo_90__vs__8ab3f01cdd_super_editor__paragraph_indent_normal_styles_85f_redline_85b79dc2e9.docx,tracking_without_comments/pdf/ba54aaab82_super_editor__ooxml_italic_rstyle_combos_demo_90__vs__8ab3f01cdd_super_editor__paragraph_indent_normal_styles_85f_redline_85b79dc2e9.pdf,tracking_without_comments,word_redlines_superdoc,reject_all
ba54aaab82_super_editor__ooxml_italic_rstyle_combos_demo_90__vs__92589c3e37_super_editor__pre_separated_list_bd330d28_redline_ab9eccbcab,clean/docx/ba54aaab82_super_editor__ooxml_italic_rstyle_combos_demo_90,clean/docx/92589c3e37_super_editor__pre_separated_list_bd330d28,super_editor__ooxml_italic_rstyle_combos_demo_90894ac1,super_editor__pre_separated_list_bd330d28,tracking_without_comments/docx/ba54aaab82_super_editor__ooxml_italic_rstyle_combos_demo_90__vs__92589c3e37_super_editor__pre_separated_list_bd330d28_redline_ab9eccbcab.docx,tracking_without_comments/pdf/ba54aaab82_super_editor__ooxml_italic_rstyle_combos_demo_90__vs__92589c3e37_super_editor__pre_separated_list_bd330d28_redline_ab9eccbcab.pdf,tracking_without_comments,word_redlines_superdoc,reject_all
ba54aaab82_super_editor__ooxml_italic_rstyle_combos_demo_90__vs__ba54c6632c_super_editor__ooxml_rfonts_rstyle_linked_combos_redline_feb663539e,clean/docx/ba54aaab82_super_editor__ooxml_italic_rstyle_combos_demo_90,clean/docx/ba54c6632c_super_editor__ooxml_rfonts_rstyle_linked_combos,super_editor__ooxml_italic_rstyle_combos_demo_90894ac1,super_editor__ooxml_rFonts_rstyle_linked_combos_dem_213298de,tracking_without_comments/docx/ba54aaab82_super_editor__ooxml_italic_rstyle_combos_demo_90__vs__ba54c6632c_super_editor__ooxml_rfonts_rstyle_linked_combos_redline_feb663539e.docx,tracking_without_comments/pdf/ba54aaab82_super_editor__ooxml_italic_rstyle_combos_demo_90__vs__ba54c6632c_super_editor__ooxml_rfonts_rstyle_linked_combos_redline_feb663539e.pdf,tracking_without_comments,word_redlines_superdoc,reject_all
bcc7379f64_super_editor__paragraph_spacing_missing_de418c38__vs__1de41232b3_super_editor__exported_list_font_8e6db734_redline_f29ade9532,clean/docx/bcc7379f64_super_editor__paragraph_spacing_missing_de418c38,clean/docx/1de41232b3_super_editor__exported_list_font_8e6db734,super_editor__paragraph_spacing_missing_de418c38,super_editor__exported_list_font_8e6db734,tracking_without_comments/docx/bcc7379f64_super_editor__paragraph_spacing_missing_de418c38__vs__1de41232b3_super_editor__exported_list_font_8e6db734_redline_f29ade9532.docx,tracking_without_comments/pdf/bcc7379f64_super_editor__paragraph_spacing_missing_de418c38__vs__1de41232b3_super_editor__exported_list_font_8e6db734_redline_f29ade9532.pdf,tracking_without_comments,word_redlines_superdoc,reject_all
bf50ee8ac4_super_editor__hummingbird_c5e5ac81__vs__049a315896_super_editor__hyperlink_multiple_runs_0138c312_redline_8ba0e5b6ff,clean/docx/bf50ee8ac4_super_editor__hummingbird_c5e5ac81,clean/docx/049a315896_super_editor__hyperlink_multiple_runs_0138c312,super_editor__hummingbird_c5e5ac81,super_editor__hyperlink_multiple_runs_0138c312,tracking_without_comments/docx/bf50ee8ac4_super_editor__hummingbird_c5e5ac81__vs__049a315896_super_editor__hyperlink_multiple_runs_0138c312_redline_8ba0e5b6ff.docx,tracking_without_comments/pdf/bf50ee8ac4_super_editor__hummingbird_c5e5ac81__vs__049a315896_super_editor__hyperlink_multiple_runs_0138c312_redline_8ba0e5b6ff.pdf,tracking_without_comments,word_redlines_superdoc,reject_all
bf50ee8ac4_super_editor__hummingbird_c5e5ac81__vs__7962b06671_super_editor__bookmark_use_cases_d20f31f6_redline_8ad8e10ef6,clean/docx/bf50ee8ac4_super_editor__hummingbird_c5e5ac81,clean/docx/7962b06671_super_editor__bookmark_use_cases_d20f31f6,super_editor__hummingbird_c5e5ac81,super_editor__bookmark_use_cases_d20f31f6,tracking_without_comments/docx/bf50ee8ac4_super_editor__hummingbird_c5e5ac81__vs__7962b06671_super_editor__bookmark_use_cases_d20f31f6_redline_8ad8e10ef6.docx,tracking_without_comments/pdf/bf50ee8ac4_super_editor__hummingbird_c5e5ac81__vs__7962b06671_super_editor__bookmark_use_cases_d20f31f6_redline_8ad8e10ef6.pdf,tracking_without_comments,word_redlines_superdoc,reject_all
c498e8c52c_super_editor__contract_acc_bbd983a0__vs__ab859711f4_super_editor__custom_list_numbering1_7eb9fda4_redline_3c2c9cda82,clean/docx/c498e8c52c_super_editor__contract_acc_bbd983a0,clean/docx/ab859711f4_super_editor__custom_list_numbering1_7eb9fda4,super_editor__contract_acc_bbd983a0,super_editor__custom_list_numbering1_7eb9fda4,tracking_without_comments/docx/c498e8c52c_super_editor__contract_acc_bbd983a0__vs__ab859711f4_super_editor__custom_list_numbering1_7eb9fda4_redline_3c2c9cda82.docx,tracking_without_comments/pdf/c498e8c52c_super_editor__contract_acc_bbd983a0__vs__ab859711f4_super_editor__custom_list_numbering1_7eb9fda4_redline_3c2c9cda82.pdf,tracking_without_comments,word_redlines_superdoc,reject_all
c4ee483519_tiff_image__vs__671ff91b1d_behavior__sd_2750_borderbox_7cd3768d_redline_f74e2a39d6,clean/docx/c4ee483519_tiff_image,clean/docx/671ff91b1d_behavior__sd_2750_borderbox_7cd3768d,tiff_image,behavior__sd_2750_borderbox_7cd3768d,tracking_without_comments/docx/c4ee483519_tiff_image__vs__671ff91b1d_behavior__sd_2750_borderbox_7cd3768d_redline_f74e2a39d6.docx,tracking_without_comments/pdf/c4ee483519_tiff_image__vs__671ff91b1d_behavior__sd_2750_borderbox_7cd3768d_redline_f74e2a39d6.pdf,tracking_without_comments,word_redlines_superdoc,reject_all
c4ee483519_tiff_image__vs__776a437291_behavior__two_column_simple_e77be963_redline_5e067b0987,clean/docx/c4ee483519_tiff_image,clean/docx/776a437291_behavior__two_column_simple_e77be963,tiff_image,behavior__two_column_simple_e77be963,tracking_without_comments/docx/c4ee483519_tiff_image__vs__776a437291_behavior__two_column_simple_e77be963_redline_5e067b0987.docx,tracking_without_comments/pdf/c4ee483519_tiff_image__vs__776a437291_behavior__two_column_simple_e77be963_redline_5e067b0987.pdf,tracking_without_comments,word_redlines_superdoc,reject_all
c4ee483519_tiff_image__vs__e451997662_super_editor__h_f_normal_5d2a8d96_redline_8e0ef1a4a3,clean/docx/c4ee483519_tiff_image,clean/docx/e451997662_super_editor__h_f_normal_5d2a8d96,tiff_image,super_editor__h_f_normal_5d2a8d96,tracking_without_comments/docx/c4ee483519_tiff_image__vs__e451997662_super_editor__h_f_normal_5d2a8d96_redline_8e0ef1a4a3.docx,tracking_without_comments/pdf/c4ee483519_tiff_image__vs__e451997662_super_editor__h_f_normal_5d2a8d96_redline_8e0ef1a4a3.pdf,tracking_without_comments,word_redlines_superdoc,reject_all
c51843a182_super_editor__diff_after3_3f4fb6e8__vs__6c0ad6c8ef_behavior__math_matrix_tests_a3b17e15_redline_6f6e4ae3e8,clean/docx/c51843a182_super_editor__diff_after3_3f4fb6e8,clean/docx/6c0ad6c8ef_behavior__math_matrix_tests_a3b17e15,super_editor__diff_after3_3f4fb6e8,behavior__math_matrix_tests_a3b17e15,tracking_without_comments/docx/c51843a182_super_editor__diff_after3_3f4fb6e8__vs__6c0ad6c8ef_behavior__math_matrix_tests_a3b17e15_redline_6f6e4ae3e8.docx,tracking_without_comments/pdf/c51843a182_super_editor__diff_after3_3f4fb6e8__vs__6c0ad6c8ef_behavior__math_matrix_tests_a3b17e15_redline_6f6e4ae3e8.pdf,tracking_without_comments,word_redlines_superdoc,reject_all
c51843a182_super_editor__diff_after3_3f4fb6e8__vs__fd68f70f24_super_editor__ooxml_highlight_rstyle_linked_comb_redline_3c8cb7aeeb,clean/docx/c51843a182_super_editor__diff_after3_3f4fb6e8,clean/docx/fd68f70f24_super_editor__ooxml_highlight_rstyle_linked_comb,super_editor__diff_after3_3f4fb6e8,super_editor__ooxml_highlight_rstyle_linked_combos__eb448e21,tracking_without_comments/docx/c51843a182_super_editor__diff_after3_3f4fb6e8__vs__fd68f70f24_super_editor__ooxml_highlight_rstyle_linked_comb_redline_3c8cb7aeeb.docx,tracking_without_comments/pdf/c51843a182_super_editor__diff_after3_3f4fb6e8__vs__fd68f70f24_super_editor__ooxml_highlight_rstyle_linked_comb_redline_3c8cb7aeeb.pdf,tracking_without_comments,word_redlines_superdoc,reject_all
c5f3d78ca6_super_editor__annotations_import_2_eaae7b97__vs__7098537b0d_super_editor__base_custom_544164f9_redline_1176021038,clean/docx/c5f3d78ca6_super_editor__annotations_import_2_eaae7b97,clean/docx/7098537b0d_super_editor__base_custom_544164f9,super_editor__annotations_import_2_eaae7b97,super_editor__base_custom_544164f9,tracking_without_comments/docx/c5f3d78ca6_super_editor__annotations_import_2_eaae7b97__vs__7098537b0d_super_editor__base_custom_544164f9_redline_1176021038.docx,tracking_without_comments/pdf/c5f3d78ca6_super_editor__annotations_import_2_eaae7b97__vs__7098537b0d_super_editor__base_custom_544164f9_redline_1176021038.pdf,tracking_without_comments,word_redlines_superdoc,reject_all
c620f64d24_super_editor__hyperlink_node_internal_1c0232f9__vs__1dfdc7d8ec_super_editor__image_inline_and_block_ad6109b3_redline_a181a77a63,clean/docx/c620f64d24_super_editor__hyperlink_node_internal_1c0232f9,clean/docx/1dfdc7d8ec_super_editor__image_inline_and_block_ad6109b3,super_editor__hyperlink_node_internal_1c0232f9,super_editor__image_inline_and_block_ad6109b3,tracking_without_comments/docx/c620f64d24_super_editor__hyperlink_node_internal_1c0232f9__vs__1dfdc7d8ec_super_editor__image_inline_and_block_ad6109b3_redline_a181a77a63.docx,tracking_without_comments/pdf/c620f64d24_super_editor__hyperlink_node_internal_1c0232f9__vs__1dfdc7d8ec_super_editor__image_inline_and_block_ad6109b3_redline_a181a77a63.pdf,tracking_without_comments,word_redlines_superdoc,reject_all
ca44eef662_super_editor__list_spacer1_06383c66__vs__7692b33045_super_editor__list_with_break_exported_broken_45_redline_0251e3704d,clean/docx/ca44eef662_super_editor__list_spacer1_06383c66,clean/docx/7692b33045_super_editor__list_with_break_exported_broken_45,super_editor__list_spacer1_06383c66,super_editor__list_with_break_exported_broken_45f7bd19,tracking_without_comments/docx/ca44eef662_super_editor__list_spacer1_06383c66__vs__7692b33045_super_editor__list_with_break_exported_broken_45_redline_0251e3704d.docx,tracking_without_comments/pdf/ca44eef662_super_editor__list_spacer1_06383c66__vs__7692b33045_super_editor__list_with_break_exported_broken_45_redline_0251e3704d.pdf,tracking_without_comments,word_redlines_superdoc,reject_all
ca44eef662_super_editor__list_spacer1_06383c66__vs__9322444a3f_behavior__sd_2888_hyperlink_with_ampersand_aaaac_redline_e1e0d51261,clean/docx/ca44eef662_super_editor__list_spacer1_06383c66,clean/docx/9322444a3f_behavior__sd_2888_hyperlink_with_ampersand_aaaac,super_editor__list_spacer1_06383c66,behavior__sd_2888_hyperlink_with_ampersand_aaaac3bc,tracking_without_comments/docx/ca44eef662_super_editor__list_spacer1_06383c66__vs__9322444a3f_behavior__sd_2888_hyperlink_with_ampersand_aaaac_redline_e1e0d51261.docx,tracking_without_comments/pdf/ca44eef662_super_editor__list_spacer1_06383c66__vs__9322444a3f_behavior__sd_2888_hyperlink_with_ampersand_aaaac_redline_e1e0d51261.pdf,tracking_without_comments,word_redlines_superdoc,reject_all
cdf27ad0d3_behavior__sd_2672_nested_table_dfac08bb__vs__18b8dd8ea3_behavior__sd_2672_plain_3x3_87943d5d_redline_46cccac5f4,clean/docx/cdf27ad0d3_behavior__sd_2672_nested_table_dfac08bb,clean/docx/18b8dd8ea3_behavior__sd_2672_plain_3x3_87943d5d,behavior__sd_2672_nested_table_dfac08bb,behavior__sd_2672_plain_3x3_87943d5d,tracking_without_comments/docx/cdf27ad0d3_behavior__sd_2672_nested_table_dfac08bb__vs__18b8dd8ea3_behavior__sd_2672_plain_3x3_87943d5d_redline_46cccac5f4.docx,tracking_without_comments/pdf/cdf27ad0d3_behavior__sd_2672_nested_table_dfac08bb__vs__18b8dd8ea3_behavior__sd_2672_plain_3x3_87943d5d_redline_46cccac5f4.pdf,tracking_without_comments,word_redlines_superdoc,reject_all
ced58cbf54_super_editor__sd_1494_table_left_indent_03277d35__vs__45f61cfd4f_super_editor__sd_1495_auto_page_break_2_f0f3bf0e_redline_2324d07904,clean/docx/ced58cbf54_super_editor__sd_1494_table_left_indent_03277d35,clean/docx/45f61cfd4f_super_editor__sd_1495_auto_page_break_2_f0f3bf0e,super_editor__sd_1494_table_left_indent_03277d35,super_editor__sd_1495_auto_page_break_2_f0f3bf0e,tracking_without_comments/docx/ced58cbf54_super_editor__sd_1494_table_left_indent_03277d35__vs__45f61cfd4f_super_editor__sd_1495_auto_page_break_2_f0f3bf0e_redline_2324d07904.docx,tracking_without_comments/pdf/ced58cbf54_super_editor__sd_1494_table_left_indent_03277d35__vs__45f61cfd4f_super_editor__sd_1495_auto_page_break_2_f0f3bf0e_redline_2324d07904.pdf,tracking_without_comments,word_redlines_superdoc,reject_all
ced58cbf54_super_editor__sd_1494_table_left_indent_03277d35__vs__92589c3e37_super_editor__pre_separated_list_bd330d28_redline_0113adc8d9,clean/docx/ced58cbf54_super_editor__sd_1494_table_left_indent_03277d35,clean/docx/92589c3e37_super_editor__pre_separated_list_bd330d28,super_editor__sd_1494_table_left_indent_03277d35,super_editor__pre_separated_list_bd330d28,tracking_without_comments/docx/ced58cbf54_super_editor__sd_1494_table_left_indent_03277d35__vs__92589c3e37_super_editor__pre_separated_list_bd330d28_redline_0113adc8d9.docx,tracking_without_comments/pdf/ced58cbf54_super_editor__sd_1494_table_left_indent_03277d35__vs__92589c3e37_super_editor__pre_separated_list_bd330d28_redline_0113adc8d9.pdf,tracking_without_comments,word_redlines_superdoc,reject_all
ced58cbf54_super_editor__sd_1494_table_left_indent_03277d35__vs__9332d3001f_super_editor__sdpr_titleonly_b0796676_redline_288b57d41b,clean/docx/ced58cbf54_super_editor__sd_1494_table_left_indent_03277d35,clean/docx/9332d3001f_super_editor__sdpr_titleonly_b0796676,super_editor__sd_1494_table_left_indent_03277d35,super_editor__sdpr_titleonly_b0796676,tracking_without_comments/docx/ced58cbf54_super_editor__sd_1494_table_left_indent_03277d35__vs__9332d3001f_super_editor__sdpr_titleonly_b0796676_redline_288b57d41b.docx,tracking_without_comments/pdf/ced58cbf54_super_editor__sd_1494_table_left_indent_03277d35__vs__9332d3001f_super_editor__sdpr_titleonly_b0796676_redline_288b57d41b.pdf,tracking_without_comments,word_redlines_superdoc,reject_all
d0281643d2_super_editor__hello_docx_world_12f11074__vs__c2d49e9ede_super_editor__sd_978_remove_table_borders_47f7ed_redline_99a7d5e4cb,clean/docx/d0281643d2_super_editor__hello_docx_world_12f11074,clean/docx/c2d49e9ede_super_editor__sd_978_remove_table_borders_47f7ed,super_editor__Hello_docx_world_12f11074,super_editor__SD_978_remove_table_borders_47f7ede7,tracking_without_comments/docx/d0281643d2_super_editor__hello_docx_world_12f11074__vs__c2d49e9ede_super_editor__sd_978_remove_table_borders_47f7ed_redline_99a7d5e4cb.docx,tracking_without_comments/pdf/d0281643d2_super_editor__hello_docx_world_12f11074__vs__c2d49e9ede_super_editor__sd_978_remove_table_borders_47f7ed_redline_99a7d5e4cb.pdf,tracking_without_comments,word_redlines_superdoc,reject_all
d678cb4275_super_editor__blank_doc_b2a325e7__vs__7962b06671_super_editor__bookmark_use_cases_d20f31f6_redline_e0933da1a4,clean/docx/d678cb4275_super_editor__blank_doc_b2a325e7,clean/docx/7962b06671_super_editor__bookmark_use_cases_d20f31f6,super_editor__blank_doc_b2a325e7,super_editor__bookmark_use_cases_d20f31f6,tracking_without_comments/docx/d678cb4275_super_editor__blank_doc_b2a325e7__vs__7962b06671_super_editor__bookmark_use_cases_d20f31f6_redline_e0933da1a4.docx,tracking_without_comments/pdf/d678cb4275_super_editor__blank_doc_b2a325e7__vs__7962b06671_super_editor__bookmark_use_cases_d20f31f6_redline_e0933da1a4.pdf,tracking_without_comments,word_redlines_superdoc,reject_all
d6bd58bac2_behavior__math_nary_tests_dde91168__vs__e6fdfb6f2f_behavior__math_phantom_tests_263131a8_redline_f2075a6265,clean/docx/d6bd58bac2_behavior__math_nary_tests_dde91168,clean/docx/e6fdfb6f2f_behavior__math_phantom_tests_263131a8,behavior__math_nary_tests_dde91168,behavior__math_phantom_tests_263131a8,tracking_without_comments/docx/d6bd58bac2_behavior__math_nary_tests_dde91168__vs__e6fdfb6f2f_behavior__math_phantom_tests_263131a8_redline_f2075a6265.docx,tracking_without_comments/pdf/d6bd58bac2_behavior__math_nary_tests_dde91168__vs__e6fdfb6f2f_behavior__math_phantom_tests_263131a8_redline_f2075a6265.pdf,tracking_without_comments,word_redlines_superdoc,reject_all
d72fd74138_super_editor__ooxml_color_rstyle_linked_combos_d__vs__fd68f70f24_super_editor__ooxml_highlight_rstyle_linked_comb_redline_4b58ae9bb4,clean/docx/d72fd74138_super_editor__ooxml_color_rstyle_linked_combos_d,clean/docx/fd68f70f24_super_editor__ooxml_highlight_rstyle_linked_comb,super_editor__ooxml_color_rstyle_linked_combos_demo_23e43bed,super_editor__ooxml_highlight_rstyle_linked_combos__eb448e21,tracking_without_comments/docx/d72fd74138_super_editor__ooxml_color_rstyle_linked_combos_d__vs__fd68f70f24_super_editor__ooxml_highlight_rstyle_linked_comb_redline_4b58ae9bb4.docx,tracking_without_comments/pdf/d72fd74138_super_editor__ooxml_color_rstyle_linked_combos_d__vs__fd68f70f24_super_editor__ooxml_highlight_rstyle_linked_comb_redline_4b58ae9bb4.pdf,tracking_without_comments,word_redlines_superdoc,reject_all
dd6dbfb284_super_editor__diff_after2_fc1e0763__vs__14211b982b_super_editor__simple_ordered_list_8288421a_redline_6529d3bcd8,clean/docx/dd6dbfb284_super_editor__diff_after2_fc1e0763,clean/docx/14211b982b_super_editor__simple_ordered_list_8288421a,super_editor__diff_after2_fc1e0763,super_editor__simple_ordered_list_8288421a,tracking_without_comments/docx/dd6dbfb284_super_editor__diff_after2_fc1e0763__vs__14211b982b_super_editor__simple_ordered_list_8288421a_redline_6529d3bcd8.docx,tracking_without_comments/pdf/dd6dbfb284_super_editor__diff_after2_fc1e0763__vs__14211b982b_super_editor__simple_ordered_list_8288421a_redline_6529d3bcd8.pdf,tracking_without_comments,word_redlines_superdoc,reject_all
de3c6fded9_super_editor__doc_with_spacing_e3d47bd7__vs__de8054b3bc_super_editor__image_p_spacing_9b211fd7_redline_db34220062,clean/docx/de3c6fded9_super_editor__doc_with_spacing_e3d47bd7,clean/docx/de8054b3bc_super_editor__image_p_spacing_9b211fd7,super_editor__doc_with_spacing_e3d47bd7,super_editor__image_p_spacing_9b211fd7,tracking_without_comments/docx/de3c6fded9_super_editor__doc_with_spacing_e3d47bd7__vs__de8054b3bc_super_editor__image_p_spacing_9b211fd7_redline_db34220062.docx,tracking_without_comments/pdf/de3c6fded9_super_editor__doc_with_spacing_e3d47bd7__vs__de8054b3bc_super_editor__image_p_spacing_9b211fd7_redline_db34220062.pdf,tracking_without_comments,word_redlines_superdoc,reject_all
de3c6fded9_super_editor__doc_with_spacing_e3d47bd7__vs__e8d299e041_super_editor__dropcaps_520cd049_redline_84b1a5774e,clean/docx/de3c6fded9_super_editor__doc_with_spacing_e3d47bd7,clean/docx/e8d299e041_super_editor__dropcaps_520cd049,super_editor__doc_with_spacing_e3d47bd7,super_editor__dropcaps_520cd049,tracking_without_comments/docx/de3c6fded9_super_editor__doc_with_spacing_e3d47bd7__vs__e8d299e041_super_editor__dropcaps_520cd049_redline_84b1a5774e.docx,tracking_without_comments/pdf/de3c6fded9_super_editor__doc_with_spacing_e3d47bd7__vs__e8d299e041_super_editor__dropcaps_520cd049_redline_84b1a5774e.pdf,tracking_without_comments,word_redlines_superdoc,reject_all
de8054b3bc_super_editor__image_p_spacing_9b211fd7__vs__e8d299e041_super_editor__dropcaps_520cd049_redline_0a268c59fc,clean/docx/de8054b3bc_super_editor__image_p_spacing_9b211fd7,clean/docx/e8d299e041_super_editor__dropcaps_520cd049,super_editor__image_p_spacing_9b211fd7,super_editor__dropcaps_520cd049,tracking_without_comments/docx/de8054b3bc_super_editor__image_p_spacing_9b211fd7__vs__e8d299e041_super_editor__dropcaps_520cd049_redline_0a268c59fc.docx,tracking_without_comments/pdf/de8054b3bc_super_editor__image_p_spacing_9b211fd7__vs__e8d299e041_super_editor__dropcaps_520cd049_redline_0a268c59fc.pdf,tracking_without_comments,word_redlines_superdoc,reject_all
df3c3e7c40_behavior__math_func_tests_0434dd11__vs__7c87c9cd93_super_editor__complex_list_def_short_fde20a67_redline_c287f4b977,clean/docx/df3c3e7c40_behavior__math_func_tests_0434dd11,clean/docx/7c87c9cd93_super_editor__complex_list_def_short_fde20a67,behavior__math_func_tests_0434dd11,super_editor__complex_list_def_short_fde20a67,tracking_without_comments/docx/df3c3e7c40_behavior__math_func_tests_0434dd11__vs__7c87c9cd93_super_editor__complex_list_def_short_fde20a67_redline_c287f4b977.docx,tracking_without_comments/pdf/df3c3e7c40_behavior__math_func_tests_0434dd11__vs__7c87c9cd93_super_editor__complex_list_def_short_fde20a67_redline_c287f4b977.pdf,tracking_without_comments,word_redlines_superdoc,reject_all
e3d152989b_behavior__math_eqarr_tests_40a1adb0__vs__89b44c96a7_super_editor__sdts_basic_45263ca5_redline_b4cc08b6ff,clean/docx/e3d152989b_behavior__math_eqarr_tests_40a1adb0,clean/docx/89b44c96a7_super_editor__sdts_basic_45263ca5,behavior__math_eqarr_tests_40a1adb0,super_editor__sdts_basic_45263ca5,tracking_without_comments/docx/e3d152989b_behavior__math_eqarr_tests_40a1adb0__vs__89b44c96a7_super_editor__sdts_basic_45263ca5_redline_b4cc08b6ff.docx,tracking_without_comments/pdf/e3d152989b_behavior__math_eqarr_tests_40a1adb0__vs__89b44c96a7_super_editor__sdts_basic_45263ca5_redline_b4cc08b6ff.pdf,tracking_without_comments,word_redlines_superdoc,reject_all
e3d152989b_behavior__math_eqarr_tests_40a1adb0__vs__df3c3e7c40_behavior__math_func_tests_0434dd11_redline_550da840bc,clean/docx/e3d152989b_behavior__math_eqarr_tests_40a1adb0,clean/docx/df3c3e7c40_behavior__math_func_tests_0434dd11,behavior__math_eqarr_tests_40a1adb0,behavior__math_func_tests_0434dd11,tracking_without_comments/docx/e3d152989b_behavior__math_eqarr_tests_40a1adb0__vs__df3c3e7c40_behavior__math_func_tests_0434dd11_redline_550da840bc.docx,tracking_without_comments/pdf/e3d152989b_behavior__math_eqarr_tests_40a1adb0__vs__df3c3e7c40_behavior__math_func_tests_0434dd11_redline_550da840bc.pdf,tracking_without_comments,word_redlines_superdoc,reject_all
e663016796_behavior__sd_2672_multipara_cell_4d1f068e__vs__c620f64d24_super_editor__hyperlink_node_internal_1c0232f9_redline_6bce5c69f7,clean/docx/e663016796_behavior__sd_2672_multipara_cell_4d1f068e,clean/docx/c620f64d24_super_editor__hyperlink_node_internal_1c0232f9,behavior__sd_2672_multipara_cell_4d1f068e,super_editor__hyperlink_node_internal_1c0232f9,tracking_without_comments/docx/e663016796_behavior__sd_2672_multipara_cell_4d1f068e__vs__c620f64d24_super_editor__hyperlink_node_internal_1c0232f9_redline_6bce5c69f7.docx,tracking_without_comments/pdf/e663016796_behavior__sd_2672_multipara_cell_4d1f068e__vs__c620f64d24_super_editor__hyperlink_node_internal_1c0232f9_redline_6bce5c69f7.pdf,tracking_without_comments,word_redlines_superdoc,reject_all
e6fdfb6f2f_behavior__math_phantom_tests_263131a8__vs__0b1d0278ce_behavior__math_radical_tests_4c1ce187_redline_0313f0be86,clean/docx/e6fdfb6f2f_behavior__math_phantom_tests_263131a8,clean/docx/0b1d0278ce_behavior__math_radical_tests_4c1ce187,behavior__math_phantom_tests_263131a8,behavior__math_radical_tests_4c1ce187,tracking_without_comments/docx/e6fdfb6f2f_behavior__math_phantom_tests_263131a8__vs__0b1d0278ce_behavior__math_radical_tests_4c1ce187_redline_0313f0be86.docx,tracking_without_comments/pdf/e6fdfb6f2f_behavior__math_phantom_tests_263131a8__vs__0b1d0278ce_behavior__math_radical_tests_4c1ce187_redline_0313f0be86.pdf,tracking_without_comments,word_redlines_superdoc,reject_all
e81d1fa10c_behavior__pageref_standalone_uppercase_h_7701e07__vs__906753e55b_super_editor__table_c70ca973_redline_53102d5380,clean/docx/e81d1fa10c_behavior__pageref_standalone_uppercase_h_7701e07,clean/docx/906753e55b_super_editor__table_c70ca973,behavior__pageref_standalone_uppercase_h_7701e07f,super_editor__table_c70ca973,tracking_without_comments/docx/e81d1fa10c_behavior__pageref_standalone_uppercase_h_7701e07__vs__906753e55b_super_editor__table_c70ca973_redline_53102d5380.docx,tracking_without_comments/pdf/e81d1fa10c_behavior__pageref_standalone_uppercase_h_7701e07__vs__906753e55b_super_editor__table_c70ca973_redline_53102d5380.pdf,tracking_without_comments,word_redlines_superdoc,reject_all
ea7427b18a_super_editor__complex_list_def_issue_326369f9__vs__8e672e0a48_super_editor__complex_list_def_short_export_8fa1_redline_4e5492388f,clean/docx/ea7427b18a_super_editor__complex_list_def_issue_326369f9,clean/docx/8e672e0a48_super_editor__complex_list_def_short_export_8fa1,super_editor__complex_list_def_issue_326369f9,super_editor__complex_list_def_short_export_8fa15950,tracking_without_comments/docx/ea7427b18a_super_editor__complex_list_def_issue_326369f9__vs__8e672e0a48_super_editor__complex_list_def_short_export_8fa1_redline_4e5492388f.docx,tracking_without_comments/pdf/ea7427b18a_super_editor__complex_list_def_issue_326369f9__vs__8e672e0a48_super_editor__complex_list_def_short_export_8fa1_redline_4e5492388f.pdf,tracking_without_comments,word_redlines_superdoc,reject_all
f6e1c253ff_super_editor__diff_before9_9818a85f__vs__0b1d0278ce_behavior__math_radical_tests_4c1ce187_redline_516b8d332a,clean/docx/f6e1c253ff_super_editor__diff_before9_9818a85f,clean/docx/0b1d0278ce_behavior__math_radical_tests_4c1ce187,super_editor__diff_before9_9818a85f,behavior__math_radical_tests_4c1ce187,tracking_without_comments/docx/f6e1c253ff_super_editor__diff_before9_9818a85f__vs__0b1d0278ce_behavior__math_radical_tests_4c1ce187_redline_516b8d332a.docx,tracking_without_comments/pdf/f6e1c253ff_super_editor__diff_before9_9818a85f__vs__0b1d0278ce_behavior__math_radical_tests_4c1ce187_redline_516b8d332a.pdf,tracking_without_comments,word_redlines_superdoc,reject_all
f71a12ee23_super_editor__fields_attrs1_83837249__vs__7b076416b0_sectpr_headerref_redline_0d3b1ce858,clean/docx/f71a12ee23_super_editor__fields_attrs1_83837249,clean/docx/7b076416b0_sectpr_headerref,super_editor__fields_attrs1_83837249,sectpr_headerref,tracking_without_comments/docx/f71a12ee23_super_editor__fields_attrs1_83837249__vs__7b076416b0_sectpr_headerref_redline_0d3b1ce858.docx,tracking_without_comments/pdf/f71a12ee23_super_editor__fields_attrs1_83837249__vs__7b076416b0_sectpr_headerref_redline_0d3b1ce858.pdf,tracking_without_comments,word_redlines_superdoc,reject_all
f795b96ac4_behavior__math_delimiter_tests_c9d034dc__vs__22ccb1b200_super_editor__diff_after19_79c6b379_redline_d47a965ac5,clean/docx/f795b96ac4_behavior__math_delimiter_tests_c9d034dc,clean/docx/22ccb1b200_super_editor__diff_after19_79c6b379,behavior__math_delimiter_tests_c9d034dc,super_editor__diff_after19_79c6b379,tracking_without_comments/docx/f795b96ac4_behavior__math_delimiter_tests_c9d034dc__vs__22ccb1b200_super_editor__diff_after19_79c6b379_redline_d47a965ac5.docx,tracking_without_comments/pdf/f795b96ac4_behavior__math_delimiter_tests_c9d034dc__vs__22ccb1b200_super_editor__diff_after19_79c6b379_redline_d47a965ac5.pdf,tracking_without_comments,word_redlines_superdoc,reject_all
f795b96ac4_behavior__math_delimiter_tests_c9d034dc__vs__75aeff4f58_super_editor__diff_after9_a9d4b4b0_redline_898635595b,clean/docx/f795b96ac4_behavior__math_delimiter_tests_c9d034dc,clean/docx/75aeff4f58_super_editor__diff_after9_a9d4b4b0,behavior__math_delimiter_tests_c9d034dc,super_editor__diff_after9_a9d4b4b0,tracking_without_comments/docx/f795b96ac4_behavior__math_delimiter_tests_c9d034dc__vs__75aeff4f58_super_editor__diff_after9_a9d4b4b0_redline_898635595b.docx,tracking_without_comments/pdf/f795b96ac4_behavior__math_delimiter_tests_c9d034dc__vs__75aeff4f58_super_editor__diff_after9_a9d4b4b0_redline_898635595b.pdf,tracking_without_comments,word_redlines_superdoc,reject_all
f795b96ac4_behavior__math_delimiter_tests_c9d034dc__vs__e3d152989b_behavior__math_eqarr_tests_40a1adb0_redline_ce245f5959,clean/docx/f795b96ac4_behavior__math_delimiter_tests_c9d034dc,clean/docx/e3d152989b_behavior__math_eqarr_tests_40a1adb0,behavior__math_delimiter_tests_c9d034dc,behavior__math_eqarr_tests_40a1adb0,tracking_without_comments/docx/f795b96ac4_behavior__math_delimiter_tests_c9d034dc__vs__e3d152989b_behavior__math_eqarr_tests_40a1adb0_redline_ce245f5959.docx,tracking_without_comments/pdf/f795b96ac4_behavior__math_delimiter_tests_c9d034dc__vs__e3d152989b_behavior__math_eqarr_tests_40a1adb0_redline_ce245f5959.pdf,tracking_without_comments,word_redlines_superdoc,reject_all
f7ece685ff_behavior__math_limit_tests_6dc07867__vs__3ad13eed3d_evals__document_9bff7e1b_redline_76d159d4b3,clean/docx/f7ece685ff_behavior__math_limit_tests_6dc07867,clean/docx/3ad13eed3d_evals__document_9bff7e1b,behavior__math_limit_tests_6dc07867,evals__document_9bff7e1b,tracking_without_comments/docx/f7ece685ff_behavior__math_limit_tests_6dc07867__vs__3ad13eed3d_evals__document_9bff7e1b_redline_76d159d4b3.docx,tracking_without_comments/pdf/f7ece685ff_behavior__math_limit_tests_6dc07867__vs__3ad13eed3d_evals__document_9bff7e1b_redline_76d159d4b3.pdf,tracking_without_comments,word_redlines_superdoc,reject_all
fd68f70f24_super_editor__ooxml_highlight_rstyle_linked_comb__vs__a04e2d2749_ooxml_style_link_redline_cd87b11974,clean/docx/fd68f70f24_super_editor__ooxml_highlight_rstyle_linked_comb,clean/docx/a04e2d2749_ooxml_style_link,super_editor__ooxml_highlight_rstyle_linked_combos__eb448e21,ooxml_style_link,tracking_without_comments/docx/fd68f70f24_super_editor__ooxml_highlight_rstyle_linked_comb__vs__a04e2d2749_ooxml_style_link_redline_cd87b11974.docx,tracking_without_comments/pdf/fd68f70f24_super_editor__ooxml_highlight_rstyle_linked_comb__vs__a04e2d2749_ooxml_style_link_redline_cd87b11974.pdf,tracking_without_comments,word_redlines_superdoc,reject_all
fd68f70f24_super_editor__ooxml_highlight_rstyle_linked_comb__vs__ba54aaab82_super_editor__ooxml_italic_rstyle_combos_demo_90_redline_bfd015ad09,clean/docx/fd68f70f24_super_editor__ooxml_highlight_rstyle_linked_comb,clean/docx/ba54aaab82_super_editor__ooxml_italic_rstyle_combos_demo_90,super_editor__ooxml_highlight_rstyle_linked_combos__eb448e21,super_editor__ooxml_italic_rstyle_combos_demo_90894ac1,tracking_without_comments/docx/fd68f70f24_super_editor__ooxml_highlight_rstyle_linked_comb__vs__ba54aaab82_super_editor__ooxml_italic_rstyle_combos_demo_90_redline_bfd015ad09.docx,tracking_without_comments/pdf/fd68f70f24_super_editor__ooxml_highlight_rstyle_linked_comb__vs__ba54aaab82_super_editor__ooxml_italic_rstyle_combos_demo_90_redline_bfd015ad09.pdf,tracking_without_comments,word_redlines_superdoc,reject_all
fe11d14f44_behavior__sd_2447_toc_tab_alignment_8319c14c__vs__8441c4ae21_sd_2517_localized_heading_styles_redline_fb52bbda76,clean/docx/fe11d14f44_behavior__sd_2447_toc_tab_alignment_8319c14c,clean/docx/8441c4ae21_sd_2517_localized_heading_styles,behavior__sd_2447_toc_tab_alignment_8319c14c,sd_2517_localized_heading_styles,tracking_without_comments/docx/fe11d14f44_behavior__sd_2447_toc_tab_alignment_8319c14c__vs__8441c4ae21_sd_2517_localized_heading_styles_redline_fb52bbda76.docx,tracking_without_comments/pdf/fe11d14f44_behavior__sd_2447_toc_tab_alignment_8319c14c__vs__8441c4ae21_sd_2517_localized_heading_styles_redline_fb52bbda76.pdf,tracking_without_comments,word_redlines_superdoc,reject_all
08286ffbfb_super_editor__basic_resolved_comment_cac5a1b0__vs__5fa01813d3_super_editor__basic_table_shading_d3212ffd_redline_3fdab4ace6,with_comments_clean/docx/08286ffbfb_super_editor__basic_resolved_comment_cac5a1b0,clean/docx/5fa01813d3_super_editor__basic_table_shading_d3212ffd,super_editor__basic_resolved_comment_cac5a1b0,super_editor__basic_table_shading_d3212ffd,with_comments_tracking/docx/08286ffbfb_super_editor__basic_resolved_comment_cac5a1b0__vs__5fa01813d3_super_editor__basic_table_shading_d3212ffd_redline_3fdab4ace6.docx,with_comments_tracking/pdf/08286ffbfb_super_editor__basic_resolved_comment_cac5a1b0__vs__5fa01813d3_super_editor__basic_table_shading_d3212ffd_redline_3fdab4ace6.pdf,with_comments_tracking,word_redlines_superdoc,reject_all
0a1badc333_super_editor__missing_sectpr_967a402d__vs__84f5fb598b_super_editor__diff_before11_1b953eaf_redline_c43a56b580,clean/docx/0a1badc333_super_editor__missing_sectpr_967a402d,with_comments_tracking/docx/84f5fb598b_super_editor__diff_before11_1b953eaf,super_editor__missing_sectpr_967a402d,super_editor__diff_before11_1b953eaf,with_comments_tracking/docx/0a1badc333_super_editor__missing_sectpr_967a402d__vs__84f5fb598b_super_editor__diff_before11_1b953eaf_redline_c43a56b580.docx,with_comments_tracking/pdf/0a1badc333_super_editor__missing_sectpr_967a402d__vs__84f5fb598b_super_editor__diff_before11_1b953eaf_redline_c43a56b580.pdf,with_comments_tracking,word_redlines_superdoc,reject_all
18d1a4ad46_super_editor__sd_2534_collab_export_f3c7fdf7__vs__52dab5bc1c_super_editor__sdt_node_comment_ec887683_redline_07ab69d450,clean/docx/18d1a4ad46_super_editor__sd_2534_collab_export_f3c7fdf7,with_comments_clean/docx/52dab5bc1c_super_editor__sdt_node_comment_ec887683,super_editor__sd_2534_collab_export_f3c7fdf7,super_editor__sdt_node_comment_ec887683,with_comments_tracking/docx/18d1a4ad46_super_editor__sd_2534_collab_export_f3c7fdf7__vs__52dab5bc1c_super_editor__sdt_node_comment_ec887683_redline_07ab69d450.docx,with_comments_tracking/pdf/18d1a4ad46_super_editor__sd_2534_collab_export_f3c7fdf7__vs__52dab5bc1c_super_editor__sdt_node_comment_ec887683_redline_07ab69d450.pdf,with_comments_tracking,word_redlines_superdoc,reject_all
26ce1d6300_super_editor__diff_after5_9fb9d5b4__vs__b389f55091_super_editor__comment_23ee5ec1_redline_01fa32ec8b,clean/docx/26ce1d6300_super_editor__diff_after5_9fb9d5b4,with_comments_clean/docx/b389f55091_super_editor__comment_23ee5ec1,super_editor__diff_after5_9fb9d5b4,super_editor__comment_23ee5ec1,with_comments_tracking/docx/26ce1d6300_super_editor__diff_after5_9fb9d5b4__vs__b389f55091_super_editor__comment_23ee5ec1_redline_01fa32ec8b.docx,with_comments_tracking/pdf/26ce1d6300_super_editor__diff_after5_9fb9d5b4__vs__b389f55091_super_editor__comment_23ee5ec1_redline_01fa32ec8b.pdf,with_comments_tracking,word_redlines_superdoc,reject_all
2ad2fc5ab0_super_editor__diff_before10_2f84ca55__vs__84f5fb598b_super_editor__diff_before11_1b953eaf_redline_db73171e99,clean/docx/2ad2fc5ab0_super_editor__diff_before10_2f84ca55,with_comments_tracking/docx/84f5fb598b_super_editor__diff_before11_1b953eaf,super_editor__diff_before10_2f84ca55,super_editor__diff_before11_1b953eaf,with_comments_tracking/docx/2ad2fc5ab0_super_editor__diff_before10_2f84ca55__vs__84f5fb598b_super_editor__diff_before11_1b953eaf_redline_db73171e99.docx,with_comments_tracking/pdf/2ad2fc5ab0_super_editor__diff_before10_2f84ca55__vs__84f5fb598b_super_editor__diff_before11_1b953eaf_redline_db73171e99.pdf,with_comments_tracking,word_redlines_superdoc,reject_all
2b6c7be6bd_super_editor__nested_comments_84f214bb__vs__18eb110b3b_numwords_fldsimple_redline_4a8b3c676a,with_comments_clean/docx/2b6c7be6bd_super_editor__nested_comments_84f214bb,clean/docx/18eb110b3b_numwords_fldsimple,super_editor__nested_comments_84f214bb,numwords_fldsimple,with_comments_tracking/docx/2b6c7be6bd_super_editor__nested_comments_84f214bb__vs__18eb110b3b_numwords_fldsimple_redline_4a8b3c676a.docx,with_comments_tracking/pdf/2b6c7be6bd_super_editor__nested_comments_84f214bb__vs__18eb110b3b_numwords_fldsimple_redline_4a8b3c676a.pdf,with_comments_tracking,word_redlines_superdoc,reject_all
2b6c7be6bd_super_editor__nested_comments_84f214bb__vs__6c0ad6c8ef_behavior__math_matrix_tests_a3b17e15_redline_a9272f69c1,with_comments_clean/docx/2b6c7be6bd_super_editor__nested_comments_84f214bb,clean/docx/6c0ad6c8ef_behavior__math_matrix_tests_a3b17e15,super_editor__nested_comments_84f214bb,behavior__math_matrix_tests_a3b17e15,with_comments_tracking/docx/2b6c7be6bd_super_editor__nested_comments_84f214bb__vs__6c0ad6c8ef_behavior__math_matrix_tests_a3b17e15_redline_a9272f69c1.docx,with_comments_tracking/pdf/2b6c7be6bd_super_editor__nested_comments_84f214bb__vs__6c0ad6c8ef_behavior__math_matrix_tests_a3b17e15_redline_a9272f69c1.pdf,with_comments_tracking,word_redlines_superdoc,reject_all
2dc3e97d2a_super_editor__hyperlink_node_52b7695b__vs__d48e02b548_super_editor__google_docs_originated_comments_redline_58b3bd3cbc,clean/docx/2dc3e97d2a_super_editor__hyperlink_node_52b7695b,with_comments_tracking/docx/d48e02b548_super_editor__google_docs_originated_comments,super_editor__hyperlink_node_52b7695b,super_editor__Google_Docs_Originated_comments___TCs_76ac865d,with_comments_tracking/docx/2dc3e97d2a_super_editor__hyperlink_node_52b7695b__vs__d48e02b548_super_editor__google_docs_originated_comments_redline_58b3bd3cbc.docx,with_comments_tracking/pdf/2dc3e97d2a_super_editor__hyperlink_node_52b7695b__vs__d48e02b548_super_editor__google_docs_originated_comments_redline_58b3bd3cbc.pdf,with_comments_tracking,word_redlines_superdoc,reject_all
3539cf2404_cli_legacy__replace_test_0a793f01__vs__d48e02b548_super_editor__google_docs_originated_comments_redline_f194709881,with_comments_tracking/docx/3539cf2404_cli_legacy__replace_test_0a793f01,with_comments_tracking/docx/d48e02b548_super_editor__google_docs_originated_comments,cli_legacy__replace_test_0a793f01,super_editor__Google_Docs_Originated_comments___TCs_76ac865d,with_comments_tracking/docx/3539cf2404_cli_legacy__replace_test_0a793f01__vs__d48e02b548_super_editor__google_docs_originated_comments_redline_f194709881.docx,with_comments_tracking/pdf/3539cf2404_cli_legacy__replace_test_0a793f01__vs__d48e02b548_super_editor__google_docs_originated_comments_redline_f194709881.pdf,with_comments_tracking,word_redlines_superdoc,reject_all
3b639ef236_super_editor__sdpr_8cc15994__vs__52dab5bc1c_super_editor__sdt_node_comment_ec887683_redline_61a3912d74,tracking_without_comments/docx/3b639ef236_super_editor__sdpr_8cc15994,with_comments_clean/docx/52dab5bc1c_super_editor__sdt_node_comment_ec887683,super_editor__sdpr_8cc15994,super_editor__sdt_node_comment_ec887683,with_comments_tracking/docx/3b639ef236_super_editor__sdpr_8cc15994__vs__52dab5bc1c_super_editor__sdt_node_comment_ec887683_redline_61a3912d74.docx,with_comments_tracking/pdf/3b639ef236_super_editor__sdpr_8cc15994__vs__52dab5bc1c_super_editor__sdt_node_comment_ec887683_redline_61a3912d74.pdf,with_comments_tracking,word_redlines_superdoc,reject_all
42d59beb40_super_editor__diff_after10_ac257741__vs__a0e6a09304_super_editor__diff_after11_1d5b767f_redline_1c89a9e553,clean/docx/42d59beb40_super_editor__diff_after10_ac257741,with_comments_tracking/docx/a0e6a09304_super_editor__diff_after11_1d5b767f,super_editor__diff_after10_ac257741,super_editor__diff_after11_1d5b767f,with_comments_tracking/docx/42d59beb40_super_editor__diff_after10_ac257741__vs__a0e6a09304_super_editor__diff_after11_1d5b767f_redline_1c89a9e553.docx,with_comments_tracking/pdf/42d59beb40_super_editor__diff_after10_ac257741__vs__a0e6a09304_super_editor__diff_after11_1d5b767f_redline_1c89a9e553.pdf,with_comments_tracking,word_redlines_superdoc,reject_all
52dab5bc1c_super_editor__sdt_node_comment_ec887683__vs__7367931dbf_super_editor__sdt_test_60079f08_redline_23e5ec96c0,with_comments_clean/docx/52dab5bc1c_super_editor__sdt_node_comment_ec887683,clean/docx/7367931dbf_super_editor__sdt_test_60079f08,super_editor__sdt_node_comment_ec887683,super_editor__sdt_test_60079f08,with_comments_tracking/docx/52dab5bc1c_super_editor__sdt_node_comment_ec887683__vs__7367931dbf_super_editor__sdt_test_60079f08_redline_23e5ec96c0.docx,with_comments_tracking/pdf/52dab5bc1c_super_editor__sdt_node_comment_ec887683__vs__7367931dbf_super_editor__sdt_test_60079f08_redline_23e5ec96c0.pdf,with_comments_tracking,word_redlines_superdoc,reject_all
5c207ef361_super_editor__font_formatting_runs_8be3565a__vs__a0738533be_gdocs_comments_export_redline_1d045a4304,with_comments_tracking/docx/5c207ef361_super_editor__font_formatting_runs_8be3565a,with_comments_clean/docx/a0738533be_gdocs_comments_export,super_editor__font_formatting_runs_8be3565a,gdocs_comments_export,with_comments_tracking/docx/5c207ef361_super_editor__font_formatting_runs_8be3565a__vs__a0738533be_gdocs_comments_export_redline_1d045a4304.docx,with_comments_tracking/pdf/5c207ef361_super_editor__font_formatting_runs_8be3565a__vs__a0738533be_gdocs_comments_export_redline_1d045a4304.pdf,with_comments_tracking,word_redlines_superdoc,reject_all
5c207ef361_super_editor__font_formatting_runs_8be3565a__vs__bb9c5a8bd5_doc_api_stories__table_style_options_roundtrip_1_redline_34e52d37ea,with_comments_tracking/docx/5c207ef361_super_editor__font_formatting_runs_8be3565a,clean/docx/bb9c5a8bd5_doc_api_stories__table_style_options_roundtrip_1,super_editor__font_formatting_runs_8be3565a,doc_api_stories__table_style_options_roundtrip_10222e60,with_comments_tracking/docx/5c207ef361_super_editor__font_formatting_runs_8be3565a__vs__bb9c5a8bd5_doc_api_stories__table_style_options_roundtrip_1_redline_34e52d37ea.docx,with_comments_tracking/pdf/5c207ef361_super_editor__font_formatting_runs_8be3565a__vs__bb9c5a8bd5_doc_api_stories__table_style_options_roundtrip_1_redline_34e52d37ea.pdf,with_comments_tracking,word_redlines_superdoc,reject_all
735c372b41_super_editor__diff_after8_58e5c288__vs__75aeff4f58_super_editor__diff_after9_a9d4b4b0_redline_897500844c,with_comments_tracking/docx/735c372b41_super_editor__diff_after8_58e5c288,clean/docx/75aeff4f58_super_editor__diff_after9_a9d4b4b0,super_editor__diff_after8_58e5c288,super_editor__diff_after9_a9d4b4b0,with_comments_tracking/docx/735c372b41_super_editor__diff_after8_58e5c288__vs__75aeff4f58_super_editor__diff_after9_a9d4b4b0_redline_897500844c.docx,with_comments_tracking/pdf/735c372b41_super_editor__diff_after8_58e5c288__vs__75aeff4f58_super_editor__diff_after9_a9d4b4b0_redline_897500844c.pdf,with_comments_tracking,word_redlines_superdoc,reject_all
84f5fb598b_super_editor__diff_before11_1b953eaf__vs__d6a1c42901_super_editor__diff_before16_f518c031_redline_90fd5a464a,with_comments_tracking/docx/84f5fb598b_super_editor__diff_before11_1b953eaf,clean/docx/d6a1c42901_super_editor__diff_before16_f518c031,super_editor__diff_before11_1b953eaf,super_editor__diff_before16_f518c031,with_comments_tracking/docx/84f5fb598b_super_editor__diff_before11_1b953eaf__vs__d6a1c42901_super_editor__diff_before16_f518c031_redline_90fd5a464a.docx,with_comments_tracking/pdf/84f5fb598b_super_editor__diff_before11_1b953eaf__vs__d6a1c42901_super_editor__diff_before16_f518c031_redline_90fd5a464a.pdf,with_comments_tracking,word_redlines_superdoc,reject_all
970e9bbbcc_behavior__math_all_objects_36ab389c__vs__735c372b41_super_editor__diff_after8_58e5c288_redline_90fc8e8c86,clean/docx/970e9bbbcc_behavior__math_all_objects_36ab389c,with_comments_tracking/docx/735c372b41_super_editor__diff_after8_58e5c288,behavior__math_all_objects_36ab389c,super_editor__diff_after8_58e5c288,with_comments_tracking/docx/970e9bbbcc_behavior__math_all_objects_36ab389c__vs__735c372b41_super_editor__diff_after8_58e5c288_redline_90fc8e8c86.docx,with_comments_tracking/pdf/970e9bbbcc_behavior__math_all_objects_36ab389c__vs__735c372b41_super_editor__diff_after8_58e5c288_redline_90fc8e8c86.pdf,with_comments_tracking,word_redlines_superdoc,reject_all
9f6091a4ac_super_editor__threaded_comment_27bda0ba__vs__5fa01813d3_super_editor__basic_table_shading_d3212ffd_redline_67d0b6f3e8,with_comments_clean/docx/9f6091a4ac_super_editor__threaded_comment_27bda0ba,clean/docx/5fa01813d3_super_editor__basic_table_shading_d3212ffd,super_editor__threaded_comment_27bda0ba,super_editor__basic_table_shading_d3212ffd,with_comments_tracking/docx/9f6091a4ac_super_editor__threaded_comment_27bda0ba__vs__5fa01813d3_super_editor__basic_table_shading_d3212ffd_redline_67d0b6f3e8.docx,with_comments_tracking/pdf/9f6091a4ac_super_editor__threaded_comment_27bda0ba__vs__5fa01813d3_super_editor__basic_table_shading_d3212ffd_redline_67d0b6f3e8.pdf,with_comments_tracking,word_redlines_superdoc,reject_all
9f6091a4ac_super_editor__threaded_comment_27bda0ba__vs__776a437291_behavior__two_column_simple_e77be963_redline_d600d0c446,with_comments_clean/docx/9f6091a4ac_super_editor__threaded_comment_27bda0ba,clean/docx/776a437291_behavior__two_column_simple_e77be963,super_editor__threaded_comment_27bda0ba,behavior__two_column_simple_e77be963,with_comments_tracking/docx/9f6091a4ac_super_editor__threaded_comment_27bda0ba__vs__776a437291_behavior__two_column_simple_e77be963_redline_d600d0c446.docx,with_comments_tracking/pdf/9f6091a4ac_super_editor__threaded_comment_27bda0ba__vs__776a437291_behavior__two_column_simple_e77be963_redline_d600d0c446.pdf,with_comments_tracking,word_redlines_superdoc,reject_all
9f6091a4ac_super_editor__threaded_comment_27bda0ba__vs__84f5fb598b_super_editor__diff_before11_1b953eaf_redline_621637d747,with_comments_clean/docx/9f6091a4ac_super_editor__threaded_comment_27bda0ba,with_comments_tracking/docx/84f5fb598b_super_editor__diff_before11_1b953eaf,super_editor__threaded_comment_27bda0ba,super_editor__diff_before11_1b953eaf,with_comments_tracking/docx/9f6091a4ac_super_editor__threaded_comment_27bda0ba__vs__84f5fb598b_super_editor__diff_before11_1b953eaf_redline_621637d747.docx,with_comments_tracking/pdf/9f6091a4ac_super_editor__threaded_comment_27bda0ba__vs__84f5fb598b_super_editor__diff_before11_1b953eaf_redline_621637d747.pdf,with_comments_tracking,word_redlines_superdoc,reject_all
a0738533be_gdocs_comments_export__vs__199cb211b5_super_editor__basic_footnotes_5be96945_redline_e5cff4e8d9,with_comments_clean/docx/a0738533be_gdocs_comments_export,clean/docx/199cb211b5_super_editor__basic_footnotes_5be96945,gdocs_comments_export,super_editor__basic_footnotes_5be96945,with_comments_tracking/docx/a0738533be_gdocs_comments_export__vs__199cb211b5_super_editor__basic_footnotes_5be96945_redline_e5cff4e8d9.docx,with_comments_tracking/pdf/a0738533be_gdocs_comments_export__vs__199cb211b5_super_editor__basic_footnotes_5be96945_redline_e5cff4e8d9.pdf,with_comments_tracking,word_redlines_superdoc,reject_all
a0738533be_gdocs_comments_export__vs__d5a56cdeb3_super_editor__gdocs_single_comment_ac5db87f_redline_745218f254,with_comments_clean/docx/a0738533be_gdocs_comments_export,with_comments_clean/docx/d5a56cdeb3_super_editor__gdocs_single_comment_ac5db87f,gdocs_comments_export,super_editor__gdocs_single_comment_ac5db87f,with_comments_tracking/docx/a0738533be_gdocs_comments_export__vs__d5a56cdeb3_super_editor__gdocs_single_comment_ac5db87f_redline_745218f254.docx,with_comments_tracking/pdf/a0738533be_gdocs_comments_export__vs__d5a56cdeb3_super_editor__gdocs_single_comment_ac5db87f_redline_745218f254.pdf,with_comments_tracking,word_redlines_superdoc,reject_all
a0e6a09304_super_editor__diff_after11_1d5b767f__vs__3e50084c2e_super_editor__diff_after16_2a48697a_redline_63ec3a403e,with_comments_tracking/docx/a0e6a09304_super_editor__diff_after11_1d5b767f,clean/docx/3e50084c2e_super_editor__diff_after16_2a48697a,super_editor__diff_after11_1d5b767f,super_editor__diff_after16_2a48697a,with_comments_tracking/docx/a0e6a09304_super_editor__diff_after11_1d5b767f__vs__3e50084c2e_super_editor__diff_after16_2a48697a_redline_63ec3a403e.docx,with_comments_tracking/pdf/a0e6a09304_super_editor__diff_after11_1d5b767f__vs__3e50084c2e_super_editor__diff_after16_2a48697a_redline_63ec3a403e.pdf,with_comments_tracking,word_redlines_superdoc,reject_all
b389f55091_super_editor__comment_23ee5ec1__vs__3e50084c2e_super_editor__diff_after16_2a48697a_redline_eb468b0385,with_comments_clean/docx/b389f55091_super_editor__comment_23ee5ec1,clean/docx/3e50084c2e_super_editor__diff_after16_2a48697a,super_editor__comment_23ee5ec1,super_editor__diff_after16_2a48697a,with_comments_tracking/docx/b389f55091_super_editor__comment_23ee5ec1__vs__3e50084c2e_super_editor__diff_after16_2a48697a_redline_eb468b0385.docx,with_comments_tracking/pdf/b389f55091_super_editor__comment_23ee5ec1__vs__3e50084c2e_super_editor__diff_after16_2a48697a_redline_eb468b0385.pdf,with_comments_tracking,word_redlines_superdoc,reject_all
b389f55091_super_editor__comment_23ee5ec1__vs__ea7427b18a_super_editor__complex_list_def_issue_326369f9_redline_108332354e,with_comments_clean/docx/b389f55091_super_editor__comment_23ee5ec1,clean/docx/ea7427b18a_super_editor__complex_list_def_issue_326369f9,super_editor__comment_23ee5ec1,super_editor__complex_list_def_issue_326369f9,with_comments_tracking/docx/b389f55091_super_editor__comment_23ee5ec1__vs__ea7427b18a_super_editor__complex_list_def_issue_326369f9_redline_108332354e.docx,with_comments_tracking/pdf/b389f55091_super_editor__comment_23ee5ec1__vs__ea7427b18a_super_editor__complex_list_def_issue_326369f9_redline_108332354e.pdf,with_comments_tracking,word_redlines_superdoc,reject_all
bb35ae41ba_evals__comments_doc_79800b37__vs__9322444a3f_behavior__sd_2888_hyperlink_with_ampersand_aaaac_redline_e11f5f1915,with_comments_clean/docx/bb35ae41ba_evals__comments_doc_79800b37,clean/docx/9322444a3f_behavior__sd_2888_hyperlink_with_ampersand_aaaac,evals__comments_doc_79800b37,behavior__sd_2888_hyperlink_with_ampersand_aaaac3bc,with_comments_tracking/docx/bb35ae41ba_evals__comments_doc_79800b37__vs__9322444a3f_behavior__sd_2888_hyperlink_with_ampersand_aaaac_redline_e11f5f1915.docx,with_comments_tracking/pdf/bb35ae41ba_evals__comments_doc_79800b37__vs__9322444a3f_behavior__sd_2888_hyperlink_with_ampersand_aaaac_redline_e11f5f1915.pdf,with_comments_tracking,word_redlines_superdoc,reject_all
ced58cbf54_super_editor__sd_1494_table_left_indent_03277d35__vs__84f5fb598b_super_editor__diff_before11_1b953eaf_redline_08f3c75cf7,clean/docx/ced58cbf54_super_editor__sd_1494_table_left_indent_03277d35,with_comments_tracking/docx/84f5fb598b_super_editor__diff_before11_1b953eaf,super_editor__sd_1494_table_left_indent_03277d35,super_editor__diff_before11_1b953eaf,with_comments_tracking/docx/ced58cbf54_super_editor__sd_1494_table_left_indent_03277d35__vs__84f5fb598b_super_editor__diff_before11_1b953eaf_redline_08f3c75cf7.docx,with_comments_tracking/pdf/ced58cbf54_super_editor__sd_1494_table_left_indent_03277d35__vs__84f5fb598b_super_editor__diff_before11_1b953eaf_redline_08f3c75cf7.pdf,with_comments_tracking,word_redlines_superdoc,reject_all
d5a56cdeb3_super_editor__gdocs_single_comment_ac5db87f__vs__bc78614a22_super_editor__gdocs_tracked_changes_3c1de315_redline_99740a096f,with_comments_clean/docx/d5a56cdeb3_super_editor__gdocs_single_comment_ac5db87f,tracking_without_comments/docx/bc78614a22_super_editor__gdocs_tracked_changes_3c1de315,super_editor__gdocs_single_comment_ac5db87f,super_editor__gdocs_tracked_changes_3c1de315,with_comments_tracking/docx/d5a56cdeb3_super_editor__gdocs_single_comment_ac5db87f__vs__bc78614a22_super_editor__gdocs_tracked_changes_3c1de315_redline_99740a096f.docx,with_comments_tracking/pdf/d5a56cdeb3_super_editor__gdocs_single_comment_ac5db87f__vs__bc78614a22_super_editor__gdocs_tracked_changes_3c1de315_redline_99740a096f.pdf,with_comments_tracking,word_redlines_superdoc,reject_all
ee61fb4ab3_super_editor__base_ordered_fdff1fb2__vs__f529133cd5_super_editor__basic_comment_d3ba5f1e_redline_d79f460bb9,clean/docx/ee61fb4ab3_super_editor__base_ordered_fdff1fb2,with_comments_clean/docx/f529133cd5_super_editor__basic_comment_d3ba5f1e,super_editor__base_ordered_fdff1fb2,super_editor__basic_comment_d3ba5f1e,with_comments_tracking/docx/ee61fb4ab3_super_editor__base_ordered_fdff1fb2__vs__f529133cd5_super_editor__basic_comment_d3ba5f1e_redline_d79f460bb9.docx,with_comments_tracking/pdf/ee61fb4ab3_super_editor__base_ordered_fdff1fb2__vs__f529133cd5_super_editor__basic_comment_d3ba5f1e_redline_d79f460bb9.pdf,with_comments_tracking,word_redlines_superdoc,reject_all
f529133cd5_super_editor__basic_comment_d3ba5f1e__vs__199cb211b5_super_editor__basic_footnotes_5be96945_redline_b715c8ab04,with_comments_clean/docx/f529133cd5_super_editor__basic_comment_d3ba5f1e,clean/docx/199cb211b5_super_editor__basic_footnotes_5be96945,super_editor__basic_comment_d3ba5f1e,super_editor__basic_footnotes_5be96945,with_comments_tracking/docx/f529133cd5_super_editor__basic_comment_d3ba5f1e__vs__199cb211b5_super_editor__basic_footnotes_5be96945_redline_b715c8ab04.docx,with_comments_tracking/pdf/f529133cd5_super_editor__basic_comment_d3ba5f1e__vs__199cb211b5_super_editor__basic_footnotes_5be96945_redline_b715c8ab04.pdf,with_comments_tracking,word_redlines_superdoc,reject_all
f529133cd5_super_editor__basic_comment_d3ba5f1e__vs__2dc3e97d2a_super_editor__hyperlink_node_52b7695b_redline_4ce07ffaec,with_comments_clean/docx/f529133cd5_super_editor__basic_comment_d3ba5f1e,clean/docx/2dc3e97d2a_super_editor__hyperlink_node_52b7695b,super_editor__basic_comment_d3ba5f1e,super_editor__hyperlink_node_52b7695b,with_comments_tracking/docx/f529133cd5_super_editor__basic_comment_d3ba5f1e__vs__2dc3e97d2a_super_editor__hyperlink_node_52b7695b_redline_4ce07ffaec.docx,with_comments_tracking/pdf/f529133cd5_super_editor__basic_comment_d3ba5f1e__vs__2dc3e97d2a_super_editor__hyperlink_node_52b7695b_redline_4ce07ffaec.pdf,with_comments_tracking,word_redlines_superdoc,reject_all
f529133cd5_super_editor__basic_comment_d3ba5f1e__vs__3539cf2404_cli_legacy__replace_test_0a793f01_redline_a15dd224a7,with_comments_clean/docx/f529133cd5_super_editor__basic_comment_d3ba5f1e,with_comments_tracking/docx/3539cf2404_cli_legacy__replace_test_0a793f01,super_editor__basic_comment_d3ba5f1e,cli_legacy__replace_test_0a793f01,with_comments_tracking/docx/f529133cd5_super_editor__basic_comment_d3ba5f1e__vs__3539cf2404_cli_legacy__replace_test_0a793f01_redline_a15dd224a7.docx,with_comments_tracking/pdf/f529133cd5_super_editor__basic_comment_d3ba5f1e__vs__3539cf2404_cli_legacy__replace_test_0a793f01_redline_a15dd224a7.pdf,with_comments_tracking,word_redlines_superdoc,reject_all
f529133cd5_super_editor__basic_comment_d3ba5f1e__vs__3b639ef236_super_editor__sdpr_8cc15994_redline_fd268e9d60,with_comments_clean/docx/f529133cd5_super_editor__basic_comment_d3ba5f1e,tracking_without_comments/docx/3b639ef236_super_editor__sdpr_8cc15994,super_editor__basic_comment_d3ba5f1e,super_editor__sdpr_8cc15994,with_comments_tracking/docx/f529133cd5_super_editor__basic_comment_d3ba5f1e__vs__3b639ef236_super_editor__sdpr_8cc15994_redline_fd268e9d60.docx,with_comments_tracking/pdf/f529133cd5_super_editor__basic_comment_d3ba5f1e__vs__3b639ef236_super_editor__sdpr_8cc15994_redline_fd268e9d60.pdf,with_comments_tracking,word_redlines_superdoc,reject_all
f529133cd5_super_editor__basic_comment_d3ba5f1e__vs__5fa01813d3_super_editor__basic_table_shading_d3212ffd_redline_ef9fae71a2,with_comments_clean/docx/f529133cd5_super_editor__basic_comment_d3ba5f1e,clean/docx/5fa01813d3_super_editor__basic_table_shading_d3212ffd,super_editor__basic_comment_d3ba5f1e,super_editor__basic_table_shading_d3212ffd,with_comments_tracking/docx/f529133cd5_super_editor__basic_comment_d3ba5f1e__vs__5fa01813d3_super_editor__basic_table_shading_d3212ffd_redline_ef9fae71a2.docx,with_comments_tracking/pdf/f529133cd5_super_editor__basic_comment_d3ba5f1e__vs__5fa01813d3_super_editor__basic_table_shading_d3212ffd_redline_ef9fae71a2.pdf,with_comments_tracking,word_redlines_superdoc,reject_all
f529133cd5_super_editor__basic_comment_d3ba5f1e__vs__75aeff4f58_super_editor__diff_after9_a9d4b4b0_redline_2eb4edf103,with_comments_clean/docx/f529133cd5_super_editor__basic_comment_d3ba5f1e,clean/docx/75aeff4f58_super_editor__diff_after9_a9d4b4b0,super_editor__basic_comment_d3ba5f1e,super_editor__diff_after9_a9d4b4b0,with_comments_tracking/docx/f529133cd5_super_editor__basic_comment_d3ba5f1e__vs__75aeff4f58_super_editor__diff_after9_a9d4b4b0_redline_2eb4edf103.docx,with_comments_tracking/pdf/f529133cd5_super_editor__basic_comment_d3ba5f1e__vs__75aeff4f58_super_editor__diff_after9_a9d4b4b0_redline_2eb4edf103.pdf,with_comments_tracking,word_redlines_superdoc,reject_all
f529133cd5_super_editor__basic_comment_d3ba5f1e__vs__8df6dfa8d7_alternate_content_redline_fa6a3b7380,with_comments_clean/docx/f529133cd5_super_editor__basic_comment_d3ba5f1e,clean/docx/8df6dfa8d7_alternate_content,super_editor__basic_comment_d3ba5f1e,alternate_content,with_comments_tracking/docx/f529133cd5_super_editor__basic_comment_d3ba5f1e__vs__8df6dfa8d7_alternate_content_redline_fa6a3b7380.docx,with_comments_tracking/pdf/f529133cd5_super_editor__basic_comment_d3ba5f1e__vs__8df6dfa8d7_alternate_content_redline_fa6a3b7380.pdf,with_comments_tracking,word_redlines_superdoc,reject_all
f71a12ee23_super_editor__fields_attrs1_83837249__vs__3539cf2404_cli_legacy__replace_test_0a793f01_redline_7a1d3fbeba,clean/docx/f71a12ee23_super_editor__fields_attrs1_83837249,with_comments_tracking/docx/3539cf2404_cli_legacy__replace_test_0a793f01,super_editor__fields_attrs1_83837249,cli_legacy__replace_test_0a793f01,with_comments_tracking/docx/f71a12ee23_super_editor__fields_attrs1_83837249__vs__3539cf2404_cli_legacy__replace_test_0a793f01_redline_7a1d3fbeba.docx,with_comments_tracking/pdf/f71a12ee23_super_editor__fields_attrs1_83837249__vs__3539cf2404_cli_legacy__replace_test_0a793f01_redline_7a1d3fbeba.pdf,with_comments_tracking,word_redlines_superdoc,reject_all
