bucket,rank,key,source_score,docx,pdf
worst,1,tracking_without_comments__3bfcb371e2_00003fff80a444ad2f706c74f3c0d9fbef00d7a99ba0c105__vs__aa5340125d_00a4b0b91e9b5b072dc3771391c2d608518690eccf44eae8_redline_842ef93738,20.2505,corpus/word/tracking_without_comments/docx/3bfcb371e2_00003fff80a444ad2f706c74f3c0d9fbef00d7a99ba0c105__vs__aa5340125d_00a4b0b91e9b5b072dc3771391c2d608518690eccf44eae8_redline_842ef93738.docx,corpus/word/tracking_without_comments/pdf/3bfcb371e2_00003fff80a444ad2f706c74f3c0d9fbef00d7a99ba0c105__vs__aa5340125d_00a4b0b91e9b5b072dc3771391c2d608518690eccf44eae8_redline_842ef93738.pdf
worst,2,tracking_without_comments__617c1284c9_00feb732c2ef2b643a132e4305e16833fd047b46ca44b65b__vs__2773adf157_0004c94ca2a8684d47449bb0e7abf87de1df71a7e6543252_redline_2ef6ed00b9,23.2834,corpus/word/tracking_without_comments/docx/617c1284c9_00feb732c2ef2b643a132e4305e16833fd047b46ca44b65b__vs__2773adf157_0004c94ca2a8684d47449bb0e7abf87de1df71a7e6543252_redline_2ef6ed00b9.docx,corpus/word/tracking_without_comments/pdf/617c1284c9_00feb732c2ef2b643a132e4305e16833fd047b46ca44b65b__vs__2773adf157_0004c94ca2a8684d47449bb0e7abf87de1df71a7e6543252_redline_2ef6ed00b9.pdf
worst,3,tracking_without_comments__61e3967518_0011e415331e3b2d8031efcfcfecbb68df0f0b73b26350ce__vs__1424386e9b_017447de83753a0e3b7afc659df038ef56972925336c6a5b_redline_d110c99d97,25.6326,corpus/word/tracking_without_comments/docx/61e3967518_0011e415331e3b2d8031efcfcfecbb68df0f0b73b26350ce__vs__1424386e9b_017447de83753a0e3b7afc659df038ef56972925336c6a5b_redline_d110c99d97.docx,corpus/word/tracking_without_comments/pdf/61e3967518_0011e415331e3b2d8031efcfcfecbb68df0f0b73b26350ce__vs__1424386e9b_017447de83753a0e3b7afc659df038ef56972925336c6a5b_redline_d110c99d97.pdf
worst,4,tracking_without_comments__3bfcb371e2_00003fff80a444ad2f706c74f3c0d9fbef00d7a99ba0c105__vs__1424386e9b_017447de83753a0e3b7afc659df038ef56972925336c6a5b_redline_9b22b88370,26.379,corpus/word/tracking_without_comments/docx/3bfcb371e2_00003fff80a444ad2f706c74f3c0d9fbef00d7a99ba0c105__vs__1424386e9b_017447de83753a0e3b7afc659df038ef56972925336c6a5b_redline_9b22b88370.docx,corpus/word/tracking_without_comments/pdf/3bfcb371e2_00003fff80a444ad2f706c74f3c0d9fbef00d7a99ba0c105__vs__1424386e9b_017447de83753a0e3b7afc659df038ef56972925336c6a5b_redline_9b22b88370.pdf
worst,5,tracking_without_comments__6c2c8f1b79_4746195c006945f534b2c9ac444f038d071c9f4009b49e4a__vs__9696c5a86b_849ee788c6d02e66e3d5d037056f33907af76c092dbb5494_redline_acafcbe293,29.7932,corpus/word/tracking_without_comments/docx/6c2c8f1b79_4746195c006945f534b2c9ac444f038d071c9f4009b49e4a__vs__9696c5a86b_849ee788c6d02e66e3d5d037056f33907af76c092dbb5494_redline_acafcbe293.docx,corpus/word/tracking_without_comments/pdf/6c2c8f1b79_4746195c006945f534b2c9ac444f038d071c9f4009b49e4a__vs__9696c5a86b_849ee788c6d02e66e3d5d037056f33907af76c092dbb5494_redline_acafcbe293.pdf
worst,6,clean__4910ce2060_8cca05f3991d33efca1a8fc83122be4940de0d3743e04244,30.7053,corpus/word/clean/docx/4910ce2060_8cca05f3991d33efca1a8fc83122be4940de0d3743e04244.docx,corpus/word/clean/pdf/4910ce2060_8cca05f3991d33efca1a8fc83122be4940de0d3743e04244.pdf
worst,7,tracking_without_comments__f94aeed5f5_001f4e98e9744f89b6f26b3741cb6439f8131bf89659230e__vs__333bfe069a_003416d620331122b93b434dad901db5836f60d2cad4b533_redline_3a7f98f21b,32.0739,corpus/word/tracking_without_comments/docx/f94aeed5f5_001f4e98e9744f89b6f26b3741cb6439f8131bf89659230e__vs__333bfe069a_003416d620331122b93b434dad901db5836f60d2cad4b533_redline_3a7f98f21b.docx,corpus/word/tracking_without_comments/pdf/f94aeed5f5_001f4e98e9744f89b6f26b3741cb6439f8131bf89659230e__vs__333bfe069a_003416d620331122b93b434dad901db5836f60d2cad4b533_redline_3a7f98f21b.pdf
worst,8,tracking_without_comments__3bfcb371e2_00003fff80a444ad2f706c74f3c0d9fbef00d7a99ba0c105__vs__a5f2b9318d_002aa60c2ae1187417b4b157c5ec6450324cc056ec551a12_redline_52a3f84699,32.4027,corpus/word/tracking_without_comments/docx/3bfcb371e2_00003fff80a444ad2f706c74f3c0d9fbef00d7a99ba0c105__vs__a5f2b9318d_002aa60c2ae1187417b4b157c5ec6450324cc056ec551a12_redline_52a3f84699.docx,corpus/word/tracking_without_comments/pdf/3bfcb371e2_00003fff80a444ad2f706c74f3c0d9fbef00d7a99ba0c105__vs__a5f2b9318d_002aa60c2ae1187417b4b157c5ec6450324cc056ec551a12_redline_52a3f84699.pdf
worst,9,clean__2261da4dae_cda3ae3ebc9762a0f1f79fcc41fc2c5b21e21260d47f5b4a,32.9521,corpus/word/clean/docx/2261da4dae_cda3ae3ebc9762a0f1f79fcc41fc2c5b21e21260d47f5b4a.docx,corpus/word/clean/pdf/2261da4dae_cda3ae3ebc9762a0f1f79fcc41fc2c5b21e21260d47f5b4a.pdf
worst,10,tracking_without_comments__3bfcb371e2_00003fff80a444ad2f706c74f3c0d9fbef00d7a99ba0c105__vs__deff0e697a_00b5defcad6e58038eac35472a2d48c89905068e5ece0cc3_redline_30b6e87178,33.3579,corpus/word/tracking_without_comments/docx/3bfcb371e2_00003fff80a444ad2f706c74f3c0d9fbef00d7a99ba0c105__vs__deff0e697a_00b5defcad6e58038eac35472a2d48c89905068e5ece0cc3_redline_30b6e87178.docx,corpus/word/tracking_without_comments/pdf/3bfcb371e2_00003fff80a444ad2f706c74f3c0d9fbef00d7a99ba0c105__vs__deff0e697a_00b5defcad6e58038eac35472a2d48c89905068e5ece0cc3_redline_30b6e87178.pdf
worst,11,tracking_without_comments__2b479f55f8_ab1a60a25dd051171cff9456f1fdafa82d5d746f4a494cce__vs__63db0bebfc_98f3b26190a9ad2d0c27e5505ef29521d4faff960deea626_redline_e22069e294,33.711,corpus/word/tracking_without_comments/docx/2b479f55f8_ab1a60a25dd051171cff9456f1fdafa82d5d746f4a494cce__vs__63db0bebfc_98f3b26190a9ad2d0c27e5505ef29521d4faff960deea626_redline_e22069e294.docx,corpus/word/tracking_without_comments/pdf/2b479f55f8_ab1a60a25dd051171cff9456f1fdafa82d5d746f4a494cce__vs__63db0bebfc_98f3b26190a9ad2d0c27e5505ef29521d4faff960deea626_redline_e22069e294.pdf
worst,12,clean__89e56b3180_bf0737f04c1281a1f1596841210b4676a5c87af074c34af3,33.7158,corpus/word/clean/docx/89e56b3180_bf0737f04c1281a1f1596841210b4676a5c87af074c34af3.docx,corpus/word/clean/pdf/89e56b3180_bf0737f04c1281a1f1596841210b4676a5c87af074c34af3.pdf
worst,13,tracking_without_comments__44b94a5161_167f0f7958593a10cdfcc151834f7e5836df2bfc866b93e3__vs__d2cec1018b_6781f0c4e2d2fbe62c8d5c8bf3fa3fa50bcf9d36a7d86b6e_redline_a33b3d7ea2,33.7894,corpus/word/tracking_without_comments/docx/44b94a5161_167f0f7958593a10cdfcc151834f7e5836df2bfc866b93e3__vs__d2cec1018b_6781f0c4e2d2fbe62c8d5c8bf3fa3fa50bcf9d36a7d86b6e_redline_a33b3d7ea2.docx,corpus/word/tracking_without_comments/pdf/44b94a5161_167f0f7958593a10cdfcc151834f7e5836df2bfc866b93e3__vs__d2cec1018b_6781f0c4e2d2fbe62c8d5c8bf3fa3fa50bcf9d36a7d86b6e_redline_a33b3d7ea2.pdf
worst,14,tracking_without_comments__a62ef11355_af838c136dcd3b6c93a648911f7fe7bcba87be8a27c66ac3__vs__d706876939_96241b469231f21192669d60dd79dcdf1be49260da2e0a7d_redline_f8c1ce3e92,33.8519,corpus/word/tracking_without_comments/docx/a62ef11355_af838c136dcd3b6c93a648911f7fe7bcba87be8a27c66ac3__vs__d706876939_96241b469231f21192669d60dd79dcdf1be49260da2e0a7d_redline_f8c1ce3e92.docx,corpus/word/tracking_without_comments/pdf/a62ef11355_af838c136dcd3b6c93a648911f7fe7bcba87be8a27c66ac3__vs__d706876939_96241b469231f21192669d60dd79dcdf1be49260da2e0a7d_redline_f8c1ce3e92.pdf
worst,15,tracking_without_comments__a9de4ed3f9_9c337ad7e3719f79f6cbf0deed6badf7a57a4c6482c0cf76__vs__ef7870f9f4_22be2b6e0c6f8f306d5e2a268d7164e59b90b72404e75678_redline_651e1bcc1c,34.1166,corpus/word/tracking_without_comments/docx/a9de4ed3f9_9c337ad7e3719f79f6cbf0deed6badf7a57a4c6482c0cf76__vs__ef7870f9f4_22be2b6e0c6f8f306d5e2a268d7164e59b90b72404e75678_redline_651e1bcc1c.docx,corpus/word/tracking_without_comments/pdf/a9de4ed3f9_9c337ad7e3719f79f6cbf0deed6badf7a57a4c6482c0cf76__vs__ef7870f9f4_22be2b6e0c6f8f306d5e2a268d7164e59b90b72404e75678_redline_651e1bcc1c.pdf
worst,16,tracking_without_comments__b535008087_a1c0c04747ae1fda785d5bd3748890f39c0bc43d28b1d463__vs__813771d860_9e288428882b21a59d50f62a44c24f3fa9c01f8c2be6eb24_redline_eaa985ccbd,34.3457,corpus/word/tracking_without_comments/docx/b535008087_a1c0c04747ae1fda785d5bd3748890f39c0bc43d28b1d463__vs__813771d860_9e288428882b21a59d50f62a44c24f3fa9c01f8c2be6eb24_redline_eaa985ccbd.docx,corpus/word/tracking_without_comments/pdf/b535008087_a1c0c04747ae1fda785d5bd3748890f39c0bc43d28b1d463__vs__813771d860_9e288428882b21a59d50f62a44c24f3fa9c01f8c2be6eb24_redline_eaa985ccbd.pdf
worst,17,tracking_without_comments__29379c07bf_002adf0715eed4d213774c26c60c78624c2a3cbb3d0397d2__vs__1424386e9b_017447de83753a0e3b7afc659df038ef56972925336c6a5b_redline_0ac7a5904b,34.3485,corpus/word/tracking_without_comments/docx/29379c07bf_002adf0715eed4d213774c26c60c78624c2a3cbb3d0397d2__vs__1424386e9b_017447de83753a0e3b7afc659df038ef56972925336c6a5b_redline_0ac7a5904b.docx,corpus/word/tracking_without_comments/pdf/29379c07bf_002adf0715eed4d213774c26c60c78624c2a3cbb3d0397d2__vs__1424386e9b_017447de83753a0e3b7afc659df038ef56972925336c6a5b_redline_0ac7a5904b.pdf
worst,18,clean__9f2c60b301_d20125ec6aa52579b2e53d11212ae5e77501983055c37aca,34.4595,corpus/word/clean/docx/9f2c60b301_d20125ec6aa52579b2e53d11212ae5e77501983055c37aca.docx,corpus/word/clean/pdf/9f2c60b301_d20125ec6aa52579b2e53d11212ae5e77501983055c37aca.pdf
worst,19,clean__0e65c38964_9617d33fa7e5b7872c02d159a597b41a437febd15fec7fca,34.6241,corpus/word/clean/docx/0e65c38964_9617d33fa7e5b7872c02d159a597b41a437febd15fec7fca.docx,corpus/word/clean/pdf/0e65c38964_9617d33fa7e5b7872c02d159a597b41a437febd15fec7fca.pdf
worst,20,with_comments_tracking__b2b3095b48_file_52__vs__ec3dd0df69_file_53_redline_e14d8c4c7d,34.7225,corpus/word/with_comments_tracking/docx/b2b3095b48_file_52__vs__ec3dd0df69_file_53_redline_e14d8c4c7d.docx,corpus/word/with_comments_tracking/pdf/b2b3095b48_file_52__vs__ec3dd0df69_file_53_redline_e14d8c4c7d.pdf
worst,21,with_comments_tracking__6b0acda259_file_73__vs__bd768e6c17_file_74_redline_d392f01661,34.7492,corpus/word/with_comments_tracking/docx/6b0acda259_file_73__vs__bd768e6c17_file_74_redline_d392f01661.docx,corpus/word/with_comments_tracking/pdf/6b0acda259_file_73__vs__bd768e6c17_file_74_redline_d392f01661.pdf
worst,22,with_comments_tracking__b2b3095b48_file_52__vs__ec3dd0df69_file_53_redline_589b832f86,34.7745,corpus/word/with_comments_tracking/docx/b2b3095b48_file_52__vs__ec3dd0df69_file_53_redline_589b832f86.docx,corpus/word/with_comments_tracking/pdf/b2b3095b48_file_52__vs__ec3dd0df69_file_53_redline_589b832f86.pdf
worst,23,with_comments_tracking__cf02e0407e_file_26__vs__b175a00954_file_27_redline_da516a455a,34.7947,corpus/word/with_comments_tracking/docx/cf02e0407e_file_26__vs__b175a00954_file_27_redline_da516a455a.docx,corpus/word/with_comments_tracking/pdf/cf02e0407e_file_26__vs__b175a00954_file_27_redline_da516a455a.pdf
worst,24,with_comments_tracking__6b0acda259_file_73__vs__bd768e6c17_file_74_redline_0aa74e0de4,34.806,corpus/word/with_comments_tracking/docx/6b0acda259_file_73__vs__bd768e6c17_file_74_redline_0aa74e0de4.docx,corpus/word/with_comments_tracking/pdf/6b0acda259_file_73__vs__bd768e6c17_file_74_redline_0aa74e0de4.pdf
worst,25,with_comments_tracking__82ee7342fd_file_5__vs__1072677c3a_file_6_redline_d27b00aca7,34.8135,corpus/word/with_comments_tracking/docx/82ee7342fd_file_5__vs__1072677c3a_file_6_redline_d27b00aca7.docx,corpus/word/with_comments_tracking/pdf/82ee7342fd_file_5__vs__1072677c3a_file_6_redline_d27b00aca7.pdf
worst,26,with_comments_tracking__cf02e0407e_file_26__vs__b175a00954_file_27_redline_cee8601521,34.8488,corpus/word/with_comments_tracking/docx/cf02e0407e_file_26__vs__b175a00954_file_27_redline_cee8601521.docx,corpus/word/with_comments_tracking/pdf/cf02e0407e_file_26__vs__b175a00954_file_27_redline_cee8601521.pdf
worst,27,with_comments_tracking__82ee7342fd_file_5__vs__1072677c3a_file_6_redline_70a6883d16,34.8726,corpus/word/with_comments_tracking/docx/82ee7342fd_file_5__vs__1072677c3a_file_6_redline_70a6883d16.docx,corpus/word/with_comments_tracking/pdf/82ee7342fd_file_5__vs__1072677c3a_file_6_redline_70a6883d16.pdf
worst,28,clean__689964b1d8_fcb45876931e978ee2f9052da44fe1f763e4f0c1cb7b2279,35.0597,corpus/word/clean/docx/689964b1d8_fcb45876931e978ee2f9052da44fe1f763e4f0c1cb7b2279.docx,corpus/word/clean/pdf/689964b1d8_fcb45876931e978ee2f9052da44fe1f763e4f0c1cb7b2279.pdf
worst,29,with_comments_tracking__1547c5df73_file_130__vs__df097720f7_file_131_redline_e4df2c199d,35.1267,corpus/word/with_comments_tracking/docx/1547c5df73_file_130__vs__df097720f7_file_131_redline_e4df2c199d.docx,corpus/word/with_comments_tracking/pdf/1547c5df73_file_130__vs__df097720f7_file_131_redline_e4df2c199d.pdf
worst,30,tracking_without_comments__29379c07bf_002adf0715eed4d213774c26c60c78624c2a3cbb3d0397d2__vs__2e04202552_000e3e7bd2d6215fc7b469cc3e296c1b2a510bc1abc7e0fd_redline_329808a1dc,35.172,corpus/word/tracking_without_comments/docx/29379c07bf_002adf0715eed4d213774c26c60c78624c2a3cbb3d0397d2__vs__2e04202552_000e3e7bd2d6215fc7b469cc3e296c1b2a510bc1abc7e0fd_redline_329808a1dc.docx,corpus/word/tracking_without_comments/pdf/29379c07bf_002adf0715eed4d213774c26c60c78624c2a3cbb3d0397d2__vs__2e04202552_000e3e7bd2d6215fc7b469cc3e296c1b2a510bc1abc7e0fd_redline_329808a1dc.pdf
worst,31,with_comments_tracking__1547c5df73_file_130__vs__df097720f7_file_131_redline_2e3f1e261d,35.1778,corpus/word/with_comments_tracking/docx/1547c5df73_file_130__vs__df097720f7_file_131_redline_2e3f1e261d.docx,corpus/word/with_comments_tracking/pdf/1547c5df73_file_130__vs__df097720f7_file_131_redline_2e3f1e261d.pdf
worst,32,tracking_without_comments__61e3967518_0011e415331e3b2d8031efcfcfecbb68df0f0b73b26350ce__vs__2e04202552_000e3e7bd2d6215fc7b469cc3e296c1b2a510bc1abc7e0fd_redline_335cc03b23,35.4774,corpus/word/tracking_without_comments/docx/61e3967518_0011e415331e3b2d8031efcfcfecbb68df0f0b73b26350ce__vs__2e04202552_000e3e7bd2d6215fc7b469cc3e296c1b2a510bc1abc7e0fd_redline_335cc03b23.docx,corpus/word/tracking_without_comments/pdf/61e3967518_0011e415331e3b2d8031efcfcfecbb68df0f0b73b26350ce__vs__2e04202552_000e3e7bd2d6215fc7b469cc3e296c1b2a510bc1abc7e0fd_redline_335cc03b23.pdf
worst,33,tracking_without_comments__5c9b05a33e_00587c7398e1a788e79e8da144019f60214b4ac572ea28a3__vs__342f364d46_001342333d45627868f4dc5282abbba4598a91b4a7584b08_redline_9ee589e21e,35.5966,corpus/word/tracking_without_comments/docx/5c9b05a33e_00587c7398e1a788e79e8da144019f60214b4ac572ea28a3__vs__342f364d46_001342333d45627868f4dc5282abbba4598a91b4a7584b08_redline_9ee589e21e.docx,corpus/word/tracking_without_comments/pdf/5c9b05a33e_00587c7398e1a788e79e8da144019f60214b4ac572ea28a3__vs__342f364d46_001342333d45627868f4dc5282abbba4598a91b4a7584b08_redline_9ee589e21e.pdf
worst,34,tracking_without_comments__1c29559690_38cbf57ee790ac446ec8c957189574570b7ea5b0dae2fd15__vs__689964b1d8_fcb45876931e978ee2f9052da44fe1f763e4f0c1cb7b2279_redline_ab51888caa,36.5456,corpus/word/tracking_without_comments/docx/1c29559690_38cbf57ee790ac446ec8c957189574570b7ea5b0dae2fd15__vs__689964b1d8_fcb45876931e978ee2f9052da44fe1f763e4f0c1cb7b2279_redline_ab51888caa.docx,corpus/word/tracking_without_comments/pdf/1c29559690_38cbf57ee790ac446ec8c957189574570b7ea5b0dae2fd15__vs__689964b1d8_fcb45876931e978ee2f9052da44fe1f763e4f0c1cb7b2279_redline_ab51888caa.pdf
worst,35,tracking_without_comments__b27a2ff1ad_a700d680776964b71b2d897597fb45bb3d9b22b973155bdc__vs__1ba087fe62_a72c54151dc0c8db3e88f7334094c49e60d7ab503f2b9fcb_redline_512b24be1e,36.5667,corpus/word/tracking_without_comments/docx/b27a2ff1ad_a700d680776964b71b2d897597fb45bb3d9b22b973155bdc__vs__1ba087fe62_a72c54151dc0c8db3e88f7334094c49e60d7ab503f2b9fcb_redline_512b24be1e.docx,corpus/word/tracking_without_comments/pdf/b27a2ff1ad_a700d680776964b71b2d897597fb45bb3d9b22b973155bdc__vs__1ba087fe62_a72c54151dc0c8db3e88f7334094c49e60d7ab503f2b9fcb_redline_512b24be1e.pdf
worst,36,with_comments_tracking__b175a00954_file_27__vs__f32428a03a_file_28_redline_0f031c23c3,36.6565,corpus/word/with_comments_tracking/docx/b175a00954_file_27__vs__f32428a03a_file_28_redline_0f031c23c3.docx,corpus/word/with_comments_tracking/pdf/b175a00954_file_27__vs__f32428a03a_file_28_redline_0f031c23c3.pdf
worst,37,with_comments_tracking__24ad1aa6e5_docx_lots_of_comments_addition_removal__vs__e57ad0eaa4_docx_lots_of_comments_addition_redline_ebeb91fe7f,36.6753,corpus/word/with_comments_tracking/docx/24ad1aa6e5_docx_lots_of_comments_addition_removal__vs__e57ad0eaa4_docx_lots_of_comments_addition_redline_ebeb91fe7f.docx,corpus/word/with_comments_tracking/pdf/24ad1aa6e5_docx_lots_of_comments_addition_removal__vs__e57ad0eaa4_docx_lots_of_comments_addition_redline_ebeb91fe7f.pdf
worst,38,with_comments_tracking__97c3dd2e86_docx_lots_of_comments_addition_redline_addition__vs__9f5481078e_docx_lots_of_comments_addition_redline_redline_d6b1d609c1,36.6753,corpus/word/with_comments_tracking/docx/97c3dd2e86_docx_lots_of_comments_addition_redline_addition__vs__9f5481078e_docx_lots_of_comments_addition_redline_redline_d6b1d609c1.docx,corpus/word/with_comments_tracking/pdf/97c3dd2e86_docx_lots_of_comments_addition_redline_addition__vs__9f5481078e_docx_lots_of_comments_addition_redline_redline_d6b1d609c1.pdf
worst,39,with_comments_tracking__24ad1aa6e5_docx_lots_of_comments_addition_removal__vs__e57ad0eaa4_docx_lots_of_comments_addition_redline_a836952933,36.6757,corpus/word/with_comments_tracking/docx/24ad1aa6e5_docx_lots_of_comments_addition_removal__vs__e57ad0eaa4_docx_lots_of_comments_addition_redline_a836952933.docx,corpus/word/with_comments_tracking/pdf/24ad1aa6e5_docx_lots_of_comments_addition_removal__vs__e57ad0eaa4_docx_lots_of_comments_addition_redline_a836952933.pdf
worst,40,with_comments_tracking__97c3dd2e86_docx_lots_of_comments_addition_redline_addition__vs__9f5481078e_docx_lots_of_comments_addition_redline_redline_2d65e392ab,36.6757,corpus/word/with_comments_tracking/docx/97c3dd2e86_docx_lots_of_comments_addition_redline_addition__vs__9f5481078e_docx_lots_of_comments_addition_redline_redline_2d65e392ab.docx,corpus/word/with_comments_tracking/pdf/97c3dd2e86_docx_lots_of_comments_addition_redline_addition__vs__9f5481078e_docx_lots_of_comments_addition_redline_redline_2d65e392ab.pdf
worst,41,with_comments_clean__9f5481078e_docx_lots_of_comments_addition_redline__vs__ee9bfc2650_docx_lots_of_comments_addition_removal_redline_r_redline_d4c19477cb,36.7083,corpus/word/with_comments_clean/docx/9f5481078e_docx_lots_of_comments_addition_redline__vs__ee9bfc2650_docx_lots_of_comments_addition_removal_redline_r_redline_d4c19477cb.docx,corpus/word/with_comments_clean/pdf/9f5481078e_docx_lots_of_comments_addition_redline__vs__ee9bfc2650_docx_lots_of_comments_addition_removal_redline_r_redline_d4c19477cb.pdf
worst,42,with_comments_clean__ee9bfc2650_docx_lots_of_comments_addition_removal_redline_r__vs__3fcadf4761_docx_lots_of_comments_addition_removal_redline_redline_58cd08049b,36.7083,corpus/word/with_comments_clean/docx/ee9bfc2650_docx_lots_of_comments_addition_removal_redline_r__vs__3fcadf4761_docx_lots_of_comments_addition_removal_redline_redline_58cd08049b.docx,corpus/word/with_comments_clean/pdf/ee9bfc2650_docx_lots_of_comments_addition_removal_redline_r__vs__3fcadf4761_docx_lots_of_comments_addition_removal_redline_redline_58cd08049b.pdf
worst,43,with_comments_clean__9f5481078e_docx_lots_of_comments_addition_redline__vs__ee9bfc2650_docx_lots_of_comments_addition_removal_redline_r_redline_60e784f2de,36.7092,corpus/word/with_comments_clean/docx/9f5481078e_docx_lots_of_comments_addition_redline__vs__ee9bfc2650_docx_lots_of_comments_addition_removal_redline_r_redline_60e784f2de.docx,corpus/word/with_comments_clean/pdf/9f5481078e_docx_lots_of_comments_addition_redline__vs__ee9bfc2650_docx_lots_of_comments_addition_removal_redline_r_redline_60e784f2de.pdf
worst,44,with_comments_clean__ee9bfc2650_docx_lots_of_comments_addition_removal_redline_r__vs__3fcadf4761_docx_lots_of_comments_addition_removal_redline_redline_d2e24e9733,36.7092,corpus/word/with_comments_clean/docx/ee9bfc2650_docx_lots_of_comments_addition_removal_redline_r__vs__3fcadf4761_docx_lots_of_comments_addition_removal_redline_redline_d2e24e9733.docx,corpus/word/with_comments_clean/pdf/ee9bfc2650_docx_lots_of_comments_addition_removal_redline_r__vs__3fcadf4761_docx_lots_of_comments_addition_removal_redline_redline_d2e24e9733.pdf
worst,45,tracking_without_comments__0800162a66_000799b53487acb327ccf0c0ab87fb14b9e8636346719296__vs__2e04202552_000e3e7bd2d6215fc7b469cc3e296c1b2a510bc1abc7e0fd_redline_f7ff3d75ec,36.743,corpus/word/tracking_without_comments/docx/0800162a66_000799b53487acb327ccf0c0ab87fb14b9e8636346719296__vs__2e04202552_000e3e7bd2d6215fc7b469cc3e296c1b2a510bc1abc7e0fd_redline_f7ff3d75ec.docx,corpus/word/tracking_without_comments/pdf/0800162a66_000799b53487acb327ccf0c0ab87fb14b9e8636346719296__vs__2e04202552_000e3e7bd2d6215fc7b469cc3e296c1b2a510bc1abc7e0fd_redline_f7ff3d75ec.pdf
worst,46,with_comments_tracking__70a28a8258_file_15__vs__be5bf990cb_file_16_redline_699cc8bd70,36.7516,corpus/word/with_comments_tracking/docx/70a28a8258_file_15__vs__be5bf990cb_file_16_redline_699cc8bd70.docx,corpus/word/with_comments_tracking/pdf/70a28a8258_file_15__vs__be5bf990cb_file_16_redline_699cc8bd70.pdf
worst,47,with_comments_tracking__c090b9f082_file_8__vs__3f91c8f0cd_file_9_redline_cac2492b83,36.7762,corpus/word/with_comments_tracking/docx/c090b9f082_file_8__vs__3f91c8f0cd_file_9_redline_cac2492b83.docx,corpus/word/with_comments_tracking/pdf/c090b9f082_file_8__vs__3f91c8f0cd_file_9_redline_cac2492b83.pdf
worst,48,with_comments_tracking__7166fa4199_document_100_ultimate_demo_id_paraid_overflow__vs__97c3dd2e86_docx_lots_of_comments_addition_redline_addition_redline_8993b015d5,36.777,corpus/word/with_comments_tracking/docx/7166fa4199_document_100_ultimate_demo_id_paraid_overflow__vs__97c3dd2e86_docx_lots_of_comments_addition_redline_addition_redline_8993b015d5.docx,corpus/word/with_comments_tracking/pdf/7166fa4199_document_100_ultimate_demo_id_paraid_overflow__vs__97c3dd2e86_docx_lots_of_comments_addition_redline_addition_redline_8993b015d5.pdf
worst,49,with_comments_tracking__7166fa4199_document_100_ultimate_demo_id_paraid_overflow__vs__97c3dd2e86_docx_lots_of_comments_addition_redline_addition_redline_2288f27be1,36.783,corpus/word/with_comments_tracking/docx/7166fa4199_document_100_ultimate_demo_id_paraid_overflow__vs__97c3dd2e86_docx_lots_of_comments_addition_redline_addition_redline_2288f27be1.docx,corpus/word/with_comments_tracking/pdf/7166fa4199_document_100_ultimate_demo_id_paraid_overflow__vs__97c3dd2e86_docx_lots_of_comments_addition_redline_addition_redline_2288f27be1.pdf
worst,50,with_comments_tracking__70a28a8258_file_15__vs__be5bf990cb_file_16_redline_7787357743,36.7922,corpus/word/with_comments_tracking/docx/70a28a8258_file_15__vs__be5bf990cb_file_16_redline_7787357743.docx,corpus/word/with_comments_tracking/pdf/70a28a8258_file_15__vs__be5bf990cb_file_16_redline_7787357743.pdf
worst,51,with_comments_tracking__c090b9f082_file_8__vs__3f91c8f0cd_file_9_redline_bc6f8076f9,36.7985,corpus/word/with_comments_tracking/docx/c090b9f082_file_8__vs__3f91c8f0cd_file_9_redline_bc6f8076f9.docx,corpus/word/with_comments_tracking/pdf/c090b9f082_file_8__vs__3f91c8f0cd_file_9_redline_bc6f8076f9.pdf
worst,52,with_comments_tracking__b175a00954_file_27__vs__f32428a03a_file_28_redline_f8f8d224f2,36.8016,corpus/word/with_comments_tracking/docx/b175a00954_file_27__vs__f32428a03a_file_28_redline_f8f8d224f2.docx,corpus/word/with_comments_tracking/pdf/b175a00954_file_27__vs__f32428a03a_file_28_redline_f8f8d224f2.pdf
worst,53,tracking_without_comments__246c7fcf50_0eba5f06bc3ec2c3dcaf59bb2ddb3aea1629ebc6ab22fb21__vs__89e56b3180_bf0737f04c1281a1f1596841210b4676a5c87af074c34af3_redline_3a54118ac6,36.8262,corpus/word/tracking_without_comments/docx/246c7fcf50_0eba5f06bc3ec2c3dcaf59bb2ddb3aea1629ebc6ab22fb21__vs__89e56b3180_bf0737f04c1281a1f1596841210b4676a5c87af074c34af3_redline_3a54118ac6.docx,corpus/word/tracking_without_comments/pdf/246c7fcf50_0eba5f06bc3ec2c3dcaf59bb2ddb3aea1629ebc6ab22fb21__vs__89e56b3180_bf0737f04c1281a1f1596841210b4676a5c87af074c34af3_redline_3a54118ac6.pdf
worst,54,with_comments_tracking__e57ad0eaa4_docx_lots_of_comments_addition__vs__6e2576a091_docx_lots_of_comments_redline_92075b7449,36.8527,corpus/word/with_comments_tracking/docx/e57ad0eaa4_docx_lots_of_comments_addition__vs__6e2576a091_docx_lots_of_comments_redline_92075b7449.docx,corpus/word/with_comments_tracking/pdf/e57ad0eaa4_docx_lots_of_comments_addition__vs__6e2576a091_docx_lots_of_comments_redline_92075b7449.pdf
worst,55,with_comments_tracking__e57ad0eaa4_docx_lots_of_comments_addition__vs__6e2576a091_docx_lots_of_comments_redline_b164655b2a,36.8596,corpus/word/with_comments_tracking/docx/e57ad0eaa4_docx_lots_of_comments_addition__vs__6e2576a091_docx_lots_of_comments_redline_b164655b2a.docx,corpus/word/with_comments_tracking/pdf/e57ad0eaa4_docx_lots_of_comments_addition__vs__6e2576a091_docx_lots_of_comments_redline_b164655b2a.pdf
worst,56,with_comments_tracking__3fcadf4761_docx_lots_of_comments_addition_removal_redline__vs__24ad1aa6e5_docx_lots_of_comments_addition_removal_redline_48b006f032,37.1375,corpus/word/with_comments_tracking/docx/3fcadf4761_docx_lots_of_comments_addition_removal_redline__vs__24ad1aa6e5_docx_lots_of_comments_addition_removal_redline_48b006f032.docx,corpus/word/with_comments_tracking/pdf/3fcadf4761_docx_lots_of_comments_addition_removal_redline__vs__24ad1aa6e5_docx_lots_of_comments_addition_removal_redline_48b006f032.pdf
worst,57,with_comments_tracking__3fcadf4761_docx_lots_of_comments_addition_removal_redline__vs__24ad1aa6e5_docx_lots_of_comments_addition_removal_redline_30f20e787b,37.1453,corpus/word/with_comments_tracking/docx/3fcadf4761_docx_lots_of_comments_addition_removal_redline__vs__24ad1aa6e5_docx_lots_of_comments_addition_removal_redline_30f20e787b.docx,corpus/word/with_comments_tracking/pdf/3fcadf4761_docx_lots_of_comments_addition_removal_redline__vs__24ad1aa6e5_docx_lots_of_comments_addition_removal_redline_30f20e787b.pdf
worst,58,with_comments_tracking__bd768e6c17_file_74__vs__8c79860f8d_file_75_redline_58c827e77a,37.5677,corpus/word/with_comments_tracking/docx/bd768e6c17_file_74__vs__8c79860f8d_file_75_redline_58c827e77a.docx,corpus/word/with_comments_tracking/pdf/bd768e6c17_file_74__vs__8c79860f8d_file_75_redline_58c827e77a.pdf
worst,59,with_comments_tracking__1072677c3a_file_6__vs__1b8ec2a8cd_file_7_redline_29e3872eed,37.5717,corpus/word/with_comments_tracking/docx/1072677c3a_file_6__vs__1b8ec2a8cd_file_7_redline_29e3872eed.docx,corpus/word/with_comments_tracking/pdf/1072677c3a_file_6__vs__1b8ec2a8cd_file_7_redline_29e3872eed.pdf
worst,60,with_comments_tracking__bd768e6c17_file_74__vs__8c79860f8d_file_75_redline_3d39f0120d,37.5735,corpus/word/with_comments_tracking/docx/bd768e6c17_file_74__vs__8c79860f8d_file_75_redline_3d39f0120d.docx,corpus/word/with_comments_tracking/pdf/bd768e6c17_file_74__vs__8c79860f8d_file_75_redline_3d39f0120d.pdf
worst,61,with_comments_tracking__1072677c3a_file_6__vs__1b8ec2a8cd_file_7_redline_0b033b1c23,37.5764,corpus/word/with_comments_tracking/docx/1072677c3a_file_6__vs__1b8ec2a8cd_file_7_redline_0b033b1c23.docx,corpus/word/with_comments_tracking/pdf/1072677c3a_file_6__vs__1b8ec2a8cd_file_7_redline_0b033b1c23.pdf
worst,62,with_comments_tracking__ec3dd0df69_file_53__vs__94ed0def64_file_54_redline_d12806f3e8,37.6058,corpus/word/with_comments_tracking/docx/ec3dd0df69_file_53__vs__94ed0def64_file_54_redline_d12806f3e8.docx,corpus/word/with_comments_tracking/pdf/ec3dd0df69_file_53__vs__94ed0def64_file_54_redline_d12806f3e8.pdf
worst,63,with_comments_tracking__ec3dd0df69_file_53__vs__94ed0def64_file_54_redline_c2380a4677,37.6105,corpus/word/with_comments_tracking/docx/ec3dd0df69_file_53__vs__94ed0def64_file_54_redline_c2380a4677.docx,corpus/word/with_comments_tracking/pdf/ec3dd0df69_file_53__vs__94ed0def64_file_54_redline_c2380a4677.pdf
worst,64,clean__9cab09c08d_75bc7006ba70183c4543590a4131ca692719a521bcd85ad7,38.1382,corpus/word/clean/docx/9cab09c08d_75bc7006ba70183c4543590a4131ca692719a521bcd85ad7.docx,corpus/word/clean/pdf/9cab09c08d_75bc7006ba70183c4543590a4131ca692719a521bcd85ad7.pdf
worst,65,tracking_without_comments__203c24d1e7_00cb988053156ab17763897a184a6655864f9c50f7ef2e53__vs__333bfe069a_003416d620331122b93b434dad901db5836f60d2cad4b533_redline_13a3fc553d,38.1629,corpus/word/tracking_without_comments/docx/203c24d1e7_00cb988053156ab17763897a184a6655864f9c50f7ef2e53__vs__333bfe069a_003416d620331122b93b434dad901db5836f60d2cad4b533_redline_13a3fc553d.docx,corpus/word/tracking_without_comments/pdf/203c24d1e7_00cb988053156ab17763897a184a6655864f9c50f7ef2e53__vs__333bfe069a_003416d620331122b93b434dad901db5836f60d2cad4b533_redline_13a3fc553d.pdf
worst,66,tracking_without_comments__725cdbebe3_0013892c946c551d309fcec9bb3f3500fc08bc77121a3849__vs__333bfe069a_003416d620331122b93b434dad901db5836f60d2cad4b533_redline_52ee8bfbc7,38.1865,corpus/word/tracking_without_comments/docx/725cdbebe3_0013892c946c551d309fcec9bb3f3500fc08bc77121a3849__vs__333bfe069a_003416d620331122b93b434dad901db5836f60d2cad4b533_redline_52ee8bfbc7.docx,corpus/word/tracking_without_comments/pdf/725cdbebe3_0013892c946c551d309fcec9bb3f3500fc08bc77121a3849__vs__333bfe069a_003416d620331122b93b434dad901db5836f60d2cad4b533_redline_52ee8bfbc7.pdf
worst,67,clean__ee79137dd5_8b4e4edc6932664b8d995be412fb392fe48caf5b3d6e6ee9,38.1888,corpus/word/clean/docx/ee79137dd5_8b4e4edc6932664b8d995be412fb392fe48caf5b3d6e6ee9.docx,corpus/word/clean/pdf/ee79137dd5_8b4e4edc6932664b8d995be412fb392fe48caf5b3d6e6ee9.pdf
worst,68,tracking_without_comments__617c1284c9_00feb732c2ef2b643a132e4305e16833fd047b46ca44b65b__vs__333bfe069a_003416d620331122b93b434dad901db5836f60d2cad4b533_redline_4cb34c212d,38.2507,corpus/word/tracking_without_comments/docx/617c1284c9_00feb732c2ef2b643a132e4305e16833fd047b46ca44b65b__vs__333bfe069a_003416d620331122b93b434dad901db5836f60d2cad4b533_redline_4cb34c212d.docx,corpus/word/tracking_without_comments/pdf/617c1284c9_00feb732c2ef2b643a132e4305e16833fd047b46ca44b65b__vs__333bfe069a_003416d620331122b93b434dad901db5836f60d2cad4b533_redline_4cb34c212d.pdf
worst,69,with_comments_tracking__df097720f7_file_131__vs__3c60cce945_file_132_redline_fa05623f53,38.3657,corpus/word/with_comments_tracking/docx/df097720f7_file_131__vs__3c60cce945_file_132_redline_fa05623f53.docx,corpus/word/with_comments_tracking/pdf/df097720f7_file_131__vs__3c60cce945_file_132_redline_fa05623f53.pdf
worst,70,with_comments_tracking__df097720f7_file_131__vs__3c60cce945_file_132_redline_4eff11f045,38.3735,corpus/word/with_comments_tracking/docx/df097720f7_file_131__vs__3c60cce945_file_132_redline_4eff11f045.docx,corpus/word/with_comments_tracking/pdf/df097720f7_file_131__vs__3c60cce945_file_132_redline_4eff11f045.pdf
worst,71,clean__0cb9291cb2_01904c0b9624e27188b4ca233ab7ca6268aa4e2563060c31,38.4103,corpus/word/clean/docx/0cb9291cb2_01904c0b9624e27188b4ca233ab7ca6268aa4e2563060c31.docx,corpus/word/clean/pdf/0cb9291cb2_01904c0b9624e27188b4ca233ab7ca6268aa4e2563060c31.pdf
worst,72,clean__214f17788e_019d9ee6b2fc3ec87ac9b742174d29787101464facdd6509,38.4493,corpus/word/clean/docx/214f17788e_019d9ee6b2fc3ec87ac9b742174d29787101464facdd6509.docx,corpus/word/clean/pdf/214f17788e_019d9ee6b2fc3ec87ac9b742174d29787101464facdd6509.pdf
worst,73,with_comments_tracking__6e2576a091_docx_lots_of_comments__vs__2c0a2ac35f_double_spacing_bold_demo_id_paraid_overflow_redline_9382e03243,38.4882,corpus/word/with_comments_tracking/docx/6e2576a091_docx_lots_of_comments__vs__2c0a2ac35f_double_spacing_bold_demo_id_paraid_overflow_redline_9382e03243.docx,corpus/word/with_comments_tracking/pdf/6e2576a091_docx_lots_of_comments__vs__2c0a2ac35f_double_spacing_bold_demo_id_paraid_overflow_redline_9382e03243.pdf
worst,74,with_comments_tracking__6e2576a091_docx_lots_of_comments__vs__2c0a2ac35f_double_spacing_bold_demo_id_paraid_overflow_redline_a6aab38897,38.489,corpus/word/with_comments_tracking/docx/6e2576a091_docx_lots_of_comments__vs__2c0a2ac35f_double_spacing_bold_demo_id_paraid_overflow_redline_a6aab38897.docx,corpus/word/with_comments_tracking/pdf/6e2576a091_docx_lots_of_comments__vs__2c0a2ac35f_double_spacing_bold_demo_id_paraid_overflow_redline_a6aab38897.pdf
worst,75,tracking_without_comments__83799a0610_00bced7d0ce7770362c5b667b5e92abefcbfcf5315a2bbf6__vs__333bfe069a_003416d620331122b93b434dad901db5836f60d2cad4b533_redline_2a068b16e5,38.7468,corpus/word/tracking_without_comments/docx/83799a0610_00bced7d0ce7770362c5b667b5e92abefcbfcf5315a2bbf6__vs__333bfe069a_003416d620331122b93b434dad901db5836f60d2cad4b533_redline_2a068b16e5.docx,corpus/word/tracking_without_comments/pdf/83799a0610_00bced7d0ce7770362c5b667b5e92abefcbfcf5315a2bbf6__vs__333bfe069a_003416d620331122b93b434dad901db5836f60d2cad4b533_redline_2a068b16e5.pdf
worst,76,clean__55fcbe9086_0003fc93d088dc4c17f3eabc859086df5cdac48fc1106b6e,38.8563,corpus/word/clean/docx/55fcbe9086_0003fc93d088dc4c17f3eabc859086df5cdac48fc1106b6e.docx,corpus/word/clean/pdf/55fcbe9086_0003fc93d088dc4c17f3eabc859086df5cdac48fc1106b6e.pdf
worst,77,tracking_without_comments__aeb0ace263_793bb9c35c342cd532221e60f7f70c0411de141b896a63b2__vs__1000537d17_8d9cfd6b8768cf88164c1b8c735e97b737193f3e92fd18ee_redline_3d4318d7e9,38.8987,corpus/word/tracking_without_comments/docx/aeb0ace263_793bb9c35c342cd532221e60f7f70c0411de141b896a63b2__vs__1000537d17_8d9cfd6b8768cf88164c1b8c735e97b737193f3e92fd18ee_redline_3d4318d7e9.docx,corpus/word/tracking_without_comments/pdf/aeb0ace263_793bb9c35c342cd532221e60f7f70c0411de141b896a63b2__vs__1000537d17_8d9cfd6b8768cf88164c1b8c735e97b737193f3e92fd18ee_redline_3d4318d7e9.pdf
worst,78,clean__1ba087fe62_a72c54151dc0c8db3e88f7334094c49e60d7ab503f2b9fcb,39.1012,corpus/word/clean/docx/1ba087fe62_a72c54151dc0c8db3e88f7334094c49e60d7ab503f2b9fcb.docx,corpus/word/clean/pdf/1ba087fe62_a72c54151dc0c8db3e88f7334094c49e60d7ab503f2b9fcb.pdf
worst,79,with_comments_tracking__3f91c8f0cd_file_9__vs__e3d833aef0_file_10_redline_db13a691da,39.1413,corpus/word/with_comments_tracking/docx/3f91c8f0cd_file_9__vs__e3d833aef0_file_10_redline_db13a691da.docx,corpus/word/with_comments_tracking/pdf/3f91c8f0cd_file_9__vs__e3d833aef0_file_10_redline_db13a691da.pdf
worst,80,with_comments_tracking__3f91c8f0cd_file_9__vs__e3d833aef0_file_10_redline_581907f19c,39.1512,corpus/word/with_comments_tracking/docx/3f91c8f0cd_file_9__vs__e3d833aef0_file_10_redline_581907f19c.docx,corpus/word/with_comments_tracking/pdf/3f91c8f0cd_file_9__vs__e3d833aef0_file_10_redline_581907f19c.pdf
worst,81,with_comments_tracking__be5bf990cb_file_16__vs__d6ba4fabd2_file_17_redline_cbf73c2d81,39.1765,corpus/word/with_comments_tracking/docx/be5bf990cb_file_16__vs__d6ba4fabd2_file_17_redline_cbf73c2d81.docx,corpus/word/with_comments_tracking/pdf/be5bf990cb_file_16__vs__d6ba4fabd2_file_17_redline_cbf73c2d81.pdf
worst,82,with_comments_tracking__be5bf990cb_file_16__vs__d6ba4fabd2_file_17_redline_d36027aaa0,39.1862,corpus/word/with_comments_tracking/docx/be5bf990cb_file_16__vs__d6ba4fabd2_file_17_redline_d36027aaa0.docx,corpus/word/with_comments_tracking/pdf/be5bf990cb_file_16__vs__d6ba4fabd2_file_17_redline_d36027aaa0.pdf
worst,83,tracking_without_comments__12941c2a77_0023298b011b45232675215822f0f728678a238756d763c8__vs__333bfe069a_003416d620331122b93b434dad901db5836f60d2cad4b533_redline_c48daf68b8,39.2403,corpus/word/tracking_without_comments/docx/12941c2a77_0023298b011b45232675215822f0f728678a238756d763c8__vs__333bfe069a_003416d620331122b93b434dad901db5836f60d2cad4b533_redline_c48daf68b8.docx,corpus/word/tracking_without_comments/pdf/12941c2a77_0023298b011b45232675215822f0f728678a238756d763c8__vs__333bfe069a_003416d620331122b93b434dad901db5836f60d2cad4b533_redline_c48daf68b8.pdf
worst,84,clean__942c4e928e_0220d390b233bb5fce23512533a30a14eeb1cf87c0e005c9,39.2813,corpus/word/clean/docx/942c4e928e_0220d390b233bb5fce23512533a30a14eeb1cf87c0e005c9.docx,corpus/word/clean/pdf/942c4e928e_0220d390b233bb5fce23512533a30a14eeb1cf87c0e005c9.pdf
worst,85,tracking_without_comments__75252a6bb0_015e4665fb2bcc025f24e7b451197933975b68ae37052ca7,39.4154,corpus/word/tracking_without_comments/docx/75252a6bb0_015e4665fb2bcc025f24e7b451197933975b68ae37052ca7.docx,corpus/word/tracking_without_comments/pdf/75252a6bb0_015e4665fb2bcc025f24e7b451197933975b68ae37052ca7.pdf
worst,86,tracking_without_comments__e1047ee31c_97e599309df89c311961a7d44aeb414231354ebe786ba2a0__vs__0278e9298d_f3a3a94e08be4e5cce05139444d92dfbfc60bfe1ad839671_redline_8ebf34fee2,39.4621,corpus/word/tracking_without_comments/docx/e1047ee31c_97e599309df89c311961a7d44aeb414231354ebe786ba2a0__vs__0278e9298d_f3a3a94e08be4e5cce05139444d92dfbfc60bfe1ad839671_redline_8ebf34fee2.docx,corpus/word/tracking_without_comments/pdf/e1047ee31c_97e599309df89c311961a7d44aeb414231354ebe786ba2a0__vs__0278e9298d_f3a3a94e08be4e5cce05139444d92dfbfc60bfe1ad839671_redline_8ebf34fee2.pdf
worst,87,clean__d9b54326f3_b5fa1037b202f01407579f793af7c3cf7f3236fe8f9224b1,39.5163,corpus/word/clean/docx/d9b54326f3_b5fa1037b202f01407579f793af7c3cf7f3236fe8f9224b1.docx,corpus/word/clean/pdf/d9b54326f3_b5fa1037b202f01407579f793af7c3cf7f3236fe8f9224b1.pdf
worst,88,tracking_without_comments__74afe04686_000416d5ee481974205314977bda4d0b297b97cf56f55f5a__vs__333bfe069a_003416d620331122b93b434dad901db5836f60d2cad4b533_redline_fd7dc3247c,39.5932,corpus/word/tracking_without_comments/docx/74afe04686_000416d5ee481974205314977bda4d0b297b97cf56f55f5a__vs__333bfe069a_003416d620331122b93b434dad901db5836f60d2cad4b533_redline_fd7dc3247c.docx,corpus/word/tracking_without_comments/pdf/74afe04686_000416d5ee481974205314977bda4d0b297b97cf56f55f5a__vs__333bfe069a_003416d620331122b93b434dad901db5836f60d2cad4b533_redline_fd7dc3247c.pdf
worst,89,clean__8363f472b5_c19dd67235accb6bea40c7dc9a79f86d7abdb92aa3b914b2,39.6115,corpus/word/clean/docx/8363f472b5_c19dd67235accb6bea40c7dc9a79f86d7abdb92aa3b914b2.docx,corpus/word/clean/pdf/8363f472b5_c19dd67235accb6bea40c7dc9a79f86d7abdb92aa3b914b2.pdf
worst,90,tracking_without_comments__266b027513_file_73__vs__f03f54c09d_file_74_redline_e4f8d7c4e5,39.6149,corpus/word/tracking_without_comments/docx/266b027513_file_73__vs__f03f54c09d_file_74_redline_e4f8d7c4e5.docx,corpus/word/tracking_without_comments/pdf/266b027513_file_73__vs__f03f54c09d_file_74_redline_e4f8d7c4e5.pdf
worst,91,tracking_without_comments__b6dd0b6ae8_015a4f5a16a110026418c0a7f5eefa69ce6d5f9bcfc2d955__vs__333bfe069a_003416d620331122b93b434dad901db5836f60d2cad4b533_redline_59dbbc9d85,39.7166,corpus/word/tracking_without_comments/docx/b6dd0b6ae8_015a4f5a16a110026418c0a7f5eefa69ce6d5f9bcfc2d955__vs__333bfe069a_003416d620331122b93b434dad901db5836f60d2cad4b533_redline_59dbbc9d85.docx,corpus/word/tracking_without_comments/pdf/b6dd0b6ae8_015a4f5a16a110026418c0a7f5eefa69ce6d5f9bcfc2d955__vs__333bfe069a_003416d620331122b93b434dad901db5836f60d2cad4b533_redline_59dbbc9d85.pdf
worst,92,clean__3936a8fe56_45311d41d4a17fbedfe93a538b930e88fa0a63ff0d6ff9cc,39.7365,corpus/word/clean/docx/3936a8fe56_45311d41d4a17fbedfe93a538b930e88fa0a63ff0d6ff9cc.docx,corpus/word/clean/pdf/3936a8fe56_45311d41d4a17fbedfe93a538b930e88fa0a63ff0d6ff9cc.pdf
worst,93,tracking_without_comments__0800162a66_000799b53487acb327ccf0c0ab87fb14b9e8636346719296__vs__1424386e9b_017447de83753a0e3b7afc659df038ef56972925336c6a5b_redline_b11e674787,39.7442,corpus/word/tracking_without_comments/docx/0800162a66_000799b53487acb327ccf0c0ab87fb14b9e8636346719296__vs__1424386e9b_017447de83753a0e3b7afc659df038ef56972925336c6a5b_redline_b11e674787.docx,corpus/word/tracking_without_comments/pdf/0800162a66_000799b53487acb327ccf0c0ab87fb14b9e8636346719296__vs__1424386e9b_017447de83753a0e3b7afc659df038ef56972925336c6a5b_redline_b11e674787.pdf
worst,94,tracking_without_comments__f141395e21_file_5__vs__b8783e46c5_file_6_redline_baf1c31339,39.7484,corpus/word/tracking_without_comments/docx/f141395e21_file_5__vs__b8783e46c5_file_6_redline_baf1c31339.docx,corpus/word/tracking_without_comments/pdf/f141395e21_file_5__vs__b8783e46c5_file_6_redline_baf1c31339.pdf
worst,95,tracking_without_comments__5c9b05a33e_00587c7398e1a788e79e8da144019f60214b4ac572ea28a3__vs__333bfe069a_003416d620331122b93b434dad901db5836f60d2cad4b533_redline_57ddc9f953,39.8453,corpus/word/tracking_without_comments/docx/5c9b05a33e_00587c7398e1a788e79e8da144019f60214b4ac572ea28a3__vs__333bfe069a_003416d620331122b93b434dad901db5836f60d2cad4b533_redline_57ddc9f953.docx,corpus/word/tracking_without_comments/pdf/5c9b05a33e_00587c7398e1a788e79e8da144019f60214b4ac572ea28a3__vs__333bfe069a_003416d620331122b93b434dad901db5836f60d2cad4b533_redline_57ddc9f953.pdf
worst,96,tracking_without_comments__3aa967944f_file_26__vs__3890d0a960_file_27_redline_5b1a59baee,39.8702,corpus/word/tracking_without_comments/docx/3aa967944f_file_26__vs__3890d0a960_file_27_redline_5b1a59baee.docx,corpus/word/tracking_without_comments/pdf/3aa967944f_file_26__vs__3890d0a960_file_27_redline_5b1a59baee.pdf
worst,97,tracking_without_comments__c87ab9bf12_file_52__vs__cf78e83cd4_file_53_redline_27427ee2bc,39.9663,corpus/word/tracking_without_comments/docx/c87ab9bf12_file_52__vs__cf78e83cd4_file_53_redline_27427ee2bc.docx,corpus/word/tracking_without_comments/pdf/c87ab9bf12_file_52__vs__cf78e83cd4_file_53_redline_27427ee2bc.pdf
worst,98,clean__03aa687c07_0fef17a42714273fc90f69ea4dc8d6b2028449267539750a,40.0291,corpus/word/clean/docx/03aa687c07_0fef17a42714273fc90f69ea4dc8d6b2028449267539750a.docx,corpus/word/clean/pdf/03aa687c07_0fef17a42714273fc90f69ea4dc8d6b2028449267539750a.pdf
worst,99,clean__e124592dd0_e8735707c6583763f32f7f53c7c73aaa1e555ea8afae61dc,40.1586,corpus/word/clean/docx/e124592dd0_e8735707c6583763f32f7f53c7c73aaa1e555ea8afae61dc.docx,corpus/word/clean/pdf/e124592dd0_e8735707c6583763f32f7f53c7c73aaa1e555ea8afae61dc.pdf
worst,100,clean__16e531d5a8_17a3cbea2f582b789a9fc35c9ab70b7126430c5acbb822d0,40.2116,corpus/word/clean/docx/16e531d5a8_17a3cbea2f582b789a9fc35c9ab70b7126430c5acbb822d0.docx,corpus/word/clean/pdf/16e531d5a8_17a3cbea2f582b789a9fc35c9ab70b7126430c5acbb822d0.pdf
worst,101,tracking_without_comments__98c8b73841_0041d3944715c2fffc5929695f968e5f399e85b139fba063__vs__333bfe069a_003416d620331122b93b434dad901db5836f60d2cad4b533_redline_617e392832,40.4934,corpus/word/tracking_without_comments/docx/98c8b73841_0041d3944715c2fffc5929695f968e5f399e85b139fba063__vs__333bfe069a_003416d620331122b93b434dad901db5836f60d2cad4b533_redline_617e392832.docx,corpus/word/tracking_without_comments/pdf/98c8b73841_0041d3944715c2fffc5929695f968e5f399e85b139fba063__vs__333bfe069a_003416d620331122b93b434dad901db5836f60d2cad4b533_redline_617e392832.pdf
worst,102,tracking_without_comments__b6f757462e_0006f7905281867ab0d0a45d88f88f72e2c15efbd9a8ed69__vs__bd3824dd1e_000ee64ef7226d353297888f59a251e24ce5d776fea000fa_redline_3b133e5659,40.6798,corpus/word/tracking_without_comments/docx/b6f757462e_0006f7905281867ab0d0a45d88f88f72e2c15efbd9a8ed69__vs__bd3824dd1e_000ee64ef7226d353297888f59a251e24ce5d776fea000fa_redline_3b133e5659.docx,corpus/word/tracking_without_comments/pdf/b6f757462e_0006f7905281867ab0d0a45d88f88f72e2c15efbd9a8ed69__vs__bd3824dd1e_000ee64ef7226d353297888f59a251e24ce5d776fea000fa_redline_3b133e5659.pdf
worst,103,tracking_without_comments__0800162a66_000799b53487acb327ccf0c0ab87fb14b9e8636346719296__vs__333bfe069a_003416d620331122b93b434dad901db5836f60d2cad4b533_redline_da2602b1c0,40.6834,corpus/word/tracking_without_comments/docx/0800162a66_000799b53487acb327ccf0c0ab87fb14b9e8636346719296__vs__333bfe069a_003416d620331122b93b434dad901db5836f60d2cad4b533_redline_da2602b1c0.docx,corpus/word/tracking_without_comments/pdf/0800162a66_000799b53487acb327ccf0c0ab87fb14b9e8636346719296__vs__333bfe069a_003416d620331122b93b434dad901db5836f60d2cad4b533_redline_da2602b1c0.pdf
worst,104,clean__b50b23cc7c_00177a6001ce3df28759049baecced2e1804b7b336f0551a,40.745,corpus/word/clean/docx/b50b23cc7c_00177a6001ce3df28759049baecced2e1804b7b336f0551a.docx,corpus/word/clean/pdf/b50b23cc7c_00177a6001ce3df28759049baecced2e1804b7b336f0551a.pdf
worst,105,clean__950124ddf0_3f9ae7d602e5c367de2ba0871c4c481a51c57288483be484,40.7522,corpus/word/clean/docx/950124ddf0_3f9ae7d602e5c367de2ba0871c4c481a51c57288483be484.docx,corpus/word/clean/pdf/950124ddf0_3f9ae7d602e5c367de2ba0871c4c481a51c57288483be484.pdf
worst,106,tracking_without_comments__e12998d969_31a07e63d6c64e6c910dd78dd0cd0daf230c123da91e19fd__vs__c4fca65332_c3ea38d80a2751db02d15f6c9d06ee440d9265ab5cd44858_redline_f530e02882,40.8788,corpus/word/tracking_without_comments/docx/e12998d969_31a07e63d6c64e6c910dd78dd0cd0daf230c123da91e19fd__vs__c4fca65332_c3ea38d80a2751db02d15f6c9d06ee440d9265ab5cd44858_redline_f530e02882.docx,corpus/word/tracking_without_comments/pdf/e12998d969_31a07e63d6c64e6c910dd78dd0cd0daf230c123da91e19fd__vs__c4fca65332_c3ea38d80a2751db02d15f6c9d06ee440d9265ab5cd44858_redline_f530e02882.pdf
worst,107,tracking_without_comments__a88f2ae357_0095a6095a0f74201c196f4944b3d93f4cf5cc20e4982903__vs__2e04202552_000e3e7bd2d6215fc7b469cc3e296c1b2a510bc1abc7e0fd_redline_2e0922f49a,41.1481,corpus/word/tracking_without_comments/docx/a88f2ae357_0095a6095a0f74201c196f4944b3d93f4cf5cc20e4982903__vs__2e04202552_000e3e7bd2d6215fc7b469cc3e296c1b2a510bc1abc7e0fd_redline_2e0922f49a.docx,corpus/word/tracking_without_comments/pdf/a88f2ae357_0095a6095a0f74201c196f4944b3d93f4cf5cc20e4982903__vs__2e04202552_000e3e7bd2d6215fc7b469cc3e296c1b2a510bc1abc7e0fd_redline_2e0922f49a.pdf
worst,108,clean__f162fdb95f_b0347bad5793fe02b5d275a7d8e8620d44028811971b0f6d,41.3002,corpus/word/clean/docx/f162fdb95f_b0347bad5793fe02b5d275a7d8e8620d44028811971b0f6d.docx,corpus/word/clean/pdf/f162fdb95f_b0347bad5793fe02b5d275a7d8e8620d44028811971b0f6d.pdf
worst,109,clean__b6ba6a6fcf_7eb842c8b5bd1e2a6a3f0cf79b76c74f77da2897a7cb7add,41.4046,corpus/word/clean/docx/b6ba6a6fcf_7eb842c8b5bd1e2a6a3f0cf79b76c74f77da2897a7cb7add.docx,corpus/word/clean/pdf/b6ba6a6fcf_7eb842c8b5bd1e2a6a3f0cf79b76c74f77da2897a7cb7add.pdf
worst,110,clean__0bbf11cf21_5a6c9a5cc654191fa574f474976ebfbfd60a2299dfb96ebe,41.5816,corpus/word/clean/docx/0bbf11cf21_5a6c9a5cc654191fa574f474976ebfbfd60a2299dfb96ebe.docx,corpus/word/clean/pdf/0bbf11cf21_5a6c9a5cc654191fa574f474976ebfbfd60a2299dfb96ebe.pdf
worst,111,tracking_without_comments__a88f2ae357_0095a6095a0f74201c196f4944b3d93f4cf5cc20e4982903__vs__333bfe069a_003416d620331122b93b434dad901db5836f60d2cad4b533_redline_a97bb9b57f,41.5829,corpus/word/tracking_without_comments/docx/a88f2ae357_0095a6095a0f74201c196f4944b3d93f4cf5cc20e4982903__vs__333bfe069a_003416d620331122b93b434dad901db5836f60d2cad4b533_redline_a97bb9b57f.docx,corpus/word/tracking_without_comments/pdf/a88f2ae357_0095a6095a0f74201c196f4944b3d93f4cf5cc20e4982903__vs__333bfe069a_003416d620331122b93b434dad901db5836f60d2cad4b533_redline_a97bb9b57f.pdf
worst,112,clean__a4a4ad540d_e296110b14b9efb410f9521e5d7725611d22585187015eee,41.6156,corpus/word/clean/docx/a4a4ad540d_e296110b14b9efb410f9521e5d7725611d22585187015eee.docx,corpus/word/clean/pdf/a4a4ad540d_e296110b14b9efb410f9521e5d7725611d22585187015eee.pdf
worst,113,clean__25e6d4b508_e8dba015e1110e4266d9be9e2d3d0fe5fc700e6e8fc3a2c8,41.6355,corpus/word/clean/docx/25e6d4b508_e8dba015e1110e4266d9be9e2d3d0fe5fc700e6e8fc3a2c8.docx,corpus/word/clean/pdf/25e6d4b508_e8dba015e1110e4266d9be9e2d3d0fe5fc700e6e8fc3a2c8.pdf
worst,114,clean__22e696b980_2c10ab9dc3990eb5bbfd3c9738e6ed0f2d9ed69c2d2b09a8,41.7681,corpus/word/clean/docx/22e696b980_2c10ab9dc3990eb5bbfd3c9738e6ed0f2d9ed69c2d2b09a8.docx,corpus/word/clean/pdf/22e696b980_2c10ab9dc3990eb5bbfd3c9738e6ed0f2d9ed69c2d2b09a8.pdf
worst,115,clean__e1cfa0591a_0217951c5f043355bd62c80e33cbc736f027cec6eb5920cc,41.8128,corpus/word/clean/docx/e1cfa0591a_0217951c5f043355bd62c80e33cbc736f027cec6eb5920cc.docx,corpus/word/clean/pdf/e1cfa0591a_0217951c5f043355bd62c80e33cbc736f027cec6eb5920cc.pdf
worst,116,tracking_without_comments__61e3967518_0011e415331e3b2d8031efcfcfecbb68df0f0b73b26350ce__vs__2773adf157_0004c94ca2a8684d47449bb0e7abf87de1df71a7e6543252_redline_cc4c55c6f1,41.8213,corpus/word/tracking_without_comments/docx/61e3967518_0011e415331e3b2d8031efcfcfecbb68df0f0b73b26350ce__vs__2773adf157_0004c94ca2a8684d47449bb0e7abf87de1df71a7e6543252_redline_cc4c55c6f1.docx,corpus/word/tracking_without_comments/pdf/61e3967518_0011e415331e3b2d8031efcfcfecbb68df0f0b73b26350ce__vs__2773adf157_0004c94ca2a8684d47449bb0e7abf87de1df71a7e6543252_redline_cc4c55c6f1.pdf
worst,117,tracking_without_comments__aa58aada65_00160046fb2516a560a9681d7ae3e6f4659af57d19555d4e__vs__333bfe069a_003416d620331122b93b434dad901db5836f60d2cad4b533_redline_dd43ad9d3c,41.8352,corpus/word/tracking_without_comments/docx/aa58aada65_00160046fb2516a560a9681d7ae3e6f4659af57d19555d4e__vs__333bfe069a_003416d620331122b93b434dad901db5836f60d2cad4b533_redline_dd43ad9d3c.docx,corpus/word/tracking_without_comments/pdf/aa58aada65_00160046fb2516a560a9681d7ae3e6f4659af57d19555d4e__vs__333bfe069a_003416d620331122b93b434dad901db5836f60d2cad4b533_redline_dd43ad9d3c.pdf
worst,118,tracking_without_comments__61e3967518_0011e415331e3b2d8031efcfcfecbb68df0f0b73b26350ce__vs__bd3824dd1e_000ee64ef7226d353297888f59a251e24ce5d776fea000fa_redline_e3104ef6c2,41.8974,corpus/word/tracking_without_comments/docx/61e3967518_0011e415331e3b2d8031efcfcfecbb68df0f0b73b26350ce__vs__bd3824dd1e_000ee64ef7226d353297888f59a251e24ce5d776fea000fa_redline_e3104ef6c2.docx,corpus/word/tracking_without_comments/pdf/61e3967518_0011e415331e3b2d8031efcfcfecbb68df0f0b73b26350ce__vs__bd3824dd1e_000ee64ef7226d353297888f59a251e24ce5d776fea000fa_redline_e3104ef6c2.pdf
worst,119,tracking_without_comments__ec4df76243_9126d1f4d9b39a51172c343d2ede487c97445a4264e23cb8__vs__1587a40694_4991382416adefef66b97f0a3efacf2c2a793a067541ad27_redline_968fd6cc01,41.9733,corpus/word/tracking_without_comments/docx/ec4df76243_9126d1f4d9b39a51172c343d2ede487c97445a4264e23cb8__vs__1587a40694_4991382416adefef66b97f0a3efacf2c2a793a067541ad27_redline_968fd6cc01.docx,corpus/word/tracking_without_comments/pdf/ec4df76243_9126d1f4d9b39a51172c343d2ede487c97445a4264e23cb8__vs__1587a40694_4991382416adefef66b97f0a3efacf2c2a793a067541ad27_redline_968fd6cc01.pdf
worst,120,tracking_without_comments__29379c07bf_002adf0715eed4d213774c26c60c78624c2a3cbb3d0397d2__vs__2773adf157_0004c94ca2a8684d47449bb0e7abf87de1df71a7e6543252_redline_dfc890ebe7,42.1764,corpus/word/tracking_without_comments/docx/29379c07bf_002adf0715eed4d213774c26c60c78624c2a3cbb3d0397d2__vs__2773adf157_0004c94ca2a8684d47449bb0e7abf87de1df71a7e6543252_redline_dfc890ebe7.docx,corpus/word/tracking_without_comments/pdf/29379c07bf_002adf0715eed4d213774c26c60c78624c2a3cbb3d0397d2__vs__2773adf157_0004c94ca2a8684d47449bb0e7abf87de1df71a7e6543252_redline_dfc890ebe7.pdf
worst,121,clean__e1047ee31c_97e599309df89c311961a7d44aeb414231354ebe786ba2a0,42.1845,corpus/word/clean/docx/e1047ee31c_97e599309df89c311961a7d44aeb414231354ebe786ba2a0.docx,corpus/word/clean/pdf/e1047ee31c_97e599309df89c311961a7d44aeb414231354ebe786ba2a0.pdf
worst,122,clean__d5f6c20be1_714dc4ada82c218154bb078861a2edd138b65ff31504d8e4,42.2267,corpus/word/clean/docx/d5f6c20be1_714dc4ada82c218154bb078861a2edd138b65ff31504d8e4.docx,corpus/word/clean/pdf/d5f6c20be1_714dc4ada82c218154bb078861a2edd138b65ff31504d8e4.pdf
worst,123,clean__9a1c0cc482_00189bfa50665ef68d774f0fa46d3c42e2acc5de12083ae6,42.2934,corpus/word/clean/docx/9a1c0cc482_00189bfa50665ef68d774f0fa46d3c42e2acc5de12083ae6.docx,corpus/word/clean/pdf/9a1c0cc482_00189bfa50665ef68d774f0fa46d3c42e2acc5de12083ae6.pdf
worst,124,tracking_without_comments__84617b8b4d_file_7__vs__80aa142151_file_8_redline_1f648a602d,42.4074,corpus/word/tracking_without_comments/docx/84617b8b4d_file_7__vs__80aa142151_file_8_redline_1f648a602d.docx,corpus/word/tracking_without_comments/pdf/84617b8b4d_file_7__vs__80aa142151_file_8_redline_1f648a602d.pdf
worst,125,tracking_without_comments__e80f3a578d_file_130__vs__c54c269d79_file_131_redline_0e21c53a17,42.4108,corpus/word/tracking_without_comments/docx/e80f3a578d_file_130__vs__c54c269d79_file_131_redline_0e21c53a17.docx,corpus/word/tracking_without_comments/pdf/e80f3a578d_file_130__vs__c54c269d79_file_131_redline_0e21c53a17.pdf
worst,126,tracking_without_comments__1b8ec2a8cd_file_7__vs__c090b9f082_file_8_redline_b982beef9b,42.4207,corpus/word/tracking_without_comments/docx/1b8ec2a8cd_file_7__vs__c090b9f082_file_8_redline_b982beef9b.docx,corpus/word/tracking_without_comments/pdf/1b8ec2a8cd_file_7__vs__c090b9f082_file_8_redline_b982beef9b.pdf
worst,127,tracking_without_comments__1b8ec2a8cd_file_7__vs__c090b9f082_file_8_redline_ad34822be0,42.4335,corpus/word/tracking_without_comments/docx/1b8ec2a8cd_file_7__vs__c090b9f082_file_8_redline_ad34822be0.docx,corpus/word/tracking_without_comments/pdf/1b8ec2a8cd_file_7__vs__c090b9f082_file_8_redline_ad34822be0.pdf
worst,128,tracking_without_comments__4a70acf873_b5ef819b193e1a5ee7d3b9f242743d10c7690e27b1f334eb__vs__8363f472b5_c19dd67235accb6bea40c7dc9a79f86d7abdb92aa3b914b2_redline_63b8eed530,42.4776,corpus/word/tracking_without_comments/docx/4a70acf873_b5ef819b193e1a5ee7d3b9f242743d10c7690e27b1f334eb__vs__8363f472b5_c19dd67235accb6bea40c7dc9a79f86d7abdb92aa3b914b2_redline_63b8eed530.docx,corpus/word/tracking_without_comments/pdf/4a70acf873_b5ef819b193e1a5ee7d3b9f242743d10c7690e27b1f334eb__vs__8363f472b5_c19dd67235accb6bea40c7dc9a79f86d7abdb92aa3b914b2_redline_63b8eed530.pdf
worst,129,tracking_without_comments__6a8a9e859c_e38f976d3258562dfa09cecb9a34e94403098d5b8a0cd338__vs__1c96e575f8_f907e44f658eab72c9fec3635a6a64fb051c7fb2142a0d03_redline_327c9f02a2,42.5085,corpus/word/tracking_without_comments/docx/6a8a9e859c_e38f976d3258562dfa09cecb9a34e94403098d5b8a0cd338__vs__1c96e575f8_f907e44f658eab72c9fec3635a6a64fb051c7fb2142a0d03_redline_327c9f02a2.docx,corpus/word/tracking_without_comments/pdf/6a8a9e859c_e38f976d3258562dfa09cecb9a34e94403098d5b8a0cd338__vs__1c96e575f8_f907e44f658eab72c9fec3635a6a64fb051c7fb2142a0d03_redline_327c9f02a2.pdf
worst,130,tracking_without_comments__4f1b13334b_0002768ad2e3174d9c557d30d4a7a8d70ae4062e52383747__vs__333bfe069a_003416d620331122b93b434dad901db5836f60d2cad4b533_redline_18481ea7f2,42.5228,corpus/word/tracking_without_comments/docx/4f1b13334b_0002768ad2e3174d9c557d30d4a7a8d70ae4062e52383747__vs__333bfe069a_003416d620331122b93b434dad901db5836f60d2cad4b533_redline_18481ea7f2.docx,corpus/word/tracking_without_comments/pdf/4f1b13334b_0002768ad2e3174d9c557d30d4a7a8d70ae4062e52383747__vs__333bfe069a_003416d620331122b93b434dad901db5836f60d2cad4b533_redline_18481ea7f2.pdf
worst,131,tracking_without_comments__3c1e5d4d00_00b540ddc1a1fef3ab9acae5b93ca90e9fcef840e25d53cd__vs__333bfe069a_003416d620331122b93b434dad901db5836f60d2cad4b533_redline_8f2bd8788e,42.7137,corpus/word/tracking_without_comments/docx/3c1e5d4d00_00b540ddc1a1fef3ab9acae5b93ca90e9fcef840e25d53cd__vs__333bfe069a_003416d620331122b93b434dad901db5836f60d2cad4b533_redline_8f2bd8788e.docx,corpus/word/tracking_without_comments/pdf/3c1e5d4d00_00b540ddc1a1fef3ab9acae5b93ca90e9fcef840e25d53cd__vs__333bfe069a_003416d620331122b93b434dad901db5836f60d2cad4b533_redline_8f2bd8788e.pdf
worst,132,tracking_without_comments__5ad6e6d44f_0199027cbf967c88ab833b77e5bc5d629bacecbd40a87c26__vs__2773adf157_0004c94ca2a8684d47449bb0e7abf87de1df71a7e6543252_redline_99b69bb632,42.9121,corpus/word/tracking_without_comments/docx/5ad6e6d44f_0199027cbf967c88ab833b77e5bc5d629bacecbd40a87c26__vs__2773adf157_0004c94ca2a8684d47449bb0e7abf87de1df71a7e6543252_redline_99b69bb632.docx,corpus/word/tracking_without_comments/pdf/5ad6e6d44f_0199027cbf967c88ab833b77e5bc5d629bacecbd40a87c26__vs__2773adf157_0004c94ca2a8684d47449bb0e7abf87de1df71a7e6543252_redline_99b69bb632.pdf
worst,133,clean__c90997f73a_004599833e81f0e72deb9f04ed6c29b659db22561f65fe35,42.9609,corpus/word/clean/docx/c90997f73a_004599833e81f0e72deb9f04ed6c29b659db22561f65fe35.docx,corpus/word/clean/pdf/c90997f73a_004599833e81f0e72deb9f04ed6c29b659db22561f65fe35.pdf
worst,134,tracking_without_comments__cb4f8b4a43_a705aeb161204d5047c4d61ed25600bc39f07a24761c4b8c__vs__f162fdb95f_b0347bad5793fe02b5d275a7d8e8620d44028811971b0f6d_redline_f3f426dc89,43.0249,corpus/word/tracking_without_comments/docx/cb4f8b4a43_a705aeb161204d5047c4d61ed25600bc39f07a24761c4b8c__vs__f162fdb95f_b0347bad5793fe02b5d275a7d8e8620d44028811971b0f6d_redline_f3f426dc89.docx,corpus/word/tracking_without_comments/pdf/cb4f8b4a43_a705aeb161204d5047c4d61ed25600bc39f07a24761c4b8c__vs__f162fdb95f_b0347bad5793fe02b5d275a7d8e8620d44028811971b0f6d_redline_f3f426dc89.pdf
worst,135,clean__3cccdeb956_338ed100b8c726655e68862a5b4584feb59583a37fa3b69d,43.1342,corpus/word/clean/docx/3cccdeb956_338ed100b8c726655e68862a5b4584feb59583a37fa3b69d.docx,corpus/word/clean/pdf/3cccdeb956_338ed100b8c726655e68862a5b4584feb59583a37fa3b69d.pdf
worst,136,clean__010cd893de_003c49178daa9062e84e769e1d6ab945d773ead75ca6da68,43.1429,corpus/word/clean/docx/010cd893de_003c49178daa9062e84e769e1d6ab945d773ead75ca6da68.docx,corpus/word/clean/pdf/010cd893de_003c49178daa9062e84e769e1d6ab945d773ead75ca6da68.pdf
worst,137,tracking_without_comments__5d185fb0dd_006ab612b3ae2e0b1915746c660d9ea64842d89c434e0a09__vs__333bfe069a_003416d620331122b93b434dad901db5836f60d2cad4b533_redline_282a41181b,43.1609,corpus/word/tracking_without_comments/docx/5d185fb0dd_006ab612b3ae2e0b1915746c660d9ea64842d89c434e0a09__vs__333bfe069a_003416d620331122b93b434dad901db5836f60d2cad4b533_redline_282a41181b.docx,corpus/word/tracking_without_comments/pdf/5d185fb0dd_006ab612b3ae2e0b1915746c660d9ea64842d89c434e0a09__vs__333bfe069a_003416d620331122b93b434dad901db5836f60d2cad4b533_redline_282a41181b.pdf
worst,138,tracking_without_comments__ed54f530fd_5ca225a29b58bc6c7c1f7319480272dd123c15ed8f6152dd__vs__562ab63668_c32d7d404d41ffad48b82d7fd645b0c880c31055a8e58510_redline_62992fde4e,43.3432,corpus/word/tracking_without_comments/docx/ed54f530fd_5ca225a29b58bc6c7c1f7319480272dd123c15ed8f6152dd__vs__562ab63668_c32d7d404d41ffad48b82d7fd645b0c880c31055a8e58510_redline_62992fde4e.docx,corpus/word/tracking_without_comments/pdf/ed54f530fd_5ca225a29b58bc6c7c1f7319480272dd123c15ed8f6152dd__vs__562ab63668_c32d7d404d41ffad48b82d7fd645b0c880c31055a8e58510_redline_62992fde4e.pdf
worst,139,tracking_without_comments__54f4bb74cd_109e410552189077d3cc1340a4f0af45587d7f86a0f93dc3__vs__16e531d5a8_17a3cbea2f582b789a9fc35c9ab70b7126430c5acbb822d0_redline_276adf43a6,43.3488,corpus/word/tracking_without_comments/docx/54f4bb74cd_109e410552189077d3cc1340a4f0af45587d7f86a0f93dc3__vs__16e531d5a8_17a3cbea2f582b789a9fc35c9ab70b7126430c5acbb822d0_redline_276adf43a6.docx,corpus/word/tracking_without_comments/pdf/54f4bb74cd_109e410552189077d3cc1340a4f0af45587d7f86a0f93dc3__vs__16e531d5a8_17a3cbea2f582b789a9fc35c9ab70b7126430c5acbb822d0_redline_276adf43a6.pdf
worst,140,clean__8f36ed144a_d47020aa359686bd7cbbe016e04872fb31c3995f576a2f1d,43.4292,corpus/word/clean/docx/8f36ed144a_d47020aa359686bd7cbbe016e04872fb31c3995f576a2f1d.docx,corpus/word/clean/pdf/8f36ed144a_d47020aa359686bd7cbbe016e04872fb31c3995f576a2f1d.pdf
worst,141,tracking_without_comments__81f7cad226_009fa3f6b717df4d0e9371d67f305110d5096bc9178134b0__vs__333bfe069a_003416d620331122b93b434dad901db5836f60d2cad4b533_redline_0dadb2386e,43.4292,corpus/word/tracking_without_comments/docx/81f7cad226_009fa3f6b717df4d0e9371d67f305110d5096bc9178134b0__vs__333bfe069a_003416d620331122b93b434dad901db5836f60d2cad4b533_redline_0dadb2386e.docx,corpus/word/tracking_without_comments/pdf/81f7cad226_009fa3f6b717df4d0e9371d67f305110d5096bc9178134b0__vs__333bfe069a_003416d620331122b93b434dad901db5836f60d2cad4b533_redline_0dadb2386e.pdf
worst,142,tracking_without_comments__284df3bf07_740579c5f762ce4977e0febc5edec27d4df4d4059510a808__vs__9cab09c08d_75bc7006ba70183c4543590a4131ca692719a521bcd85ad7_redline_d3782b3407,43.5832,corpus/word/tracking_without_comments/docx/284df3bf07_740579c5f762ce4977e0febc5edec27d4df4d4059510a808__vs__9cab09c08d_75bc7006ba70183c4543590a4131ca692719a521bcd85ad7_redline_d3782b3407.docx,corpus/word/tracking_without_comments/pdf/284df3bf07_740579c5f762ce4977e0febc5edec27d4df4d4059510a808__vs__9cab09c08d_75bc7006ba70183c4543590a4131ca692719a521bcd85ad7_redline_d3782b3407.pdf
worst,143,clean__73aceaa568_003bc482963eb24aef77716da483b768529f35cf7e4b4354,43.7039,corpus/word/clean/docx/73aceaa568_003bc482963eb24aef77716da483b768529f35cf7e4b4354.docx,corpus/word/clean/pdf/73aceaa568_003bc482963eb24aef77716da483b768529f35cf7e4b4354.pdf
worst,144,tracking_without_comments__60dfd517a9_00f0e7f365a34acc5911a38c89776a4bdd2ba1685edcd0cc__vs__333bfe069a_003416d620331122b93b434dad901db5836f60d2cad4b533_redline_a27125cb58,43.7477,corpus/word/tracking_without_comments/docx/60dfd517a9_00f0e7f365a34acc5911a38c89776a4bdd2ba1685edcd0cc__vs__333bfe069a_003416d620331122b93b434dad901db5836f60d2cad4b533_redline_a27125cb58.docx,corpus/word/tracking_without_comments/pdf/60dfd517a9_00f0e7f365a34acc5911a38c89776a4bdd2ba1685edcd0cc__vs__333bfe069a_003416d620331122b93b434dad901db5836f60d2cad4b533_redline_a27125cb58.pdf
worst,145,tracking_without_comments__29379c07bf_002adf0715eed4d213774c26c60c78624c2a3cbb3d0397d2__vs__342f364d46_001342333d45627868f4dc5282abbba4598a91b4a7584b08_redline_de2fd5b7b1,43.7572,corpus/word/tracking_without_comments/docx/29379c07bf_002adf0715eed4d213774c26c60c78624c2a3cbb3d0397d2__vs__342f364d46_001342333d45627868f4dc5282abbba4598a91b4a7584b08_redline_de2fd5b7b1.docx,corpus/word/tracking_without_comments/pdf/29379c07bf_002adf0715eed4d213774c26c60c78624c2a3cbb3d0397d2__vs__342f364d46_001342333d45627868f4dc5282abbba4598a91b4a7584b08_redline_de2fd5b7b1.pdf
worst,146,clean__c4fca65332_c3ea38d80a2751db02d15f6c9d06ee440d9265ab5cd44858,43.7867,corpus/word/clean/docx/c4fca65332_c3ea38d80a2751db02d15f6c9d06ee440d9265ab5cd44858.docx,corpus/word/clean/pdf/c4fca65332_c3ea38d80a2751db02d15f6c9d06ee440d9265ab5cd44858.pdf
worst,147,tracking_without_comments__0e6f813e69_00d2ca27359f3d1d5ee2c2904b48a3e4717faf7fdf6413f6__vs__333bfe069a_003416d620331122b93b434dad901db5836f60d2cad4b533_redline_0c84d75d3f,43.8671,corpus/word/tracking_without_comments/docx/0e6f813e69_00d2ca27359f3d1d5ee2c2904b48a3e4717faf7fdf6413f6__vs__333bfe069a_003416d620331122b93b434dad901db5836f60d2cad4b533_redline_0c84d75d3f.docx,corpus/word/tracking_without_comments/pdf/0e6f813e69_00d2ca27359f3d1d5ee2c2904b48a3e4717faf7fdf6413f6__vs__333bfe069a_003416d620331122b93b434dad901db5836f60d2cad4b533_redline_0c84d75d3f.pdf
worst,148,clean__246c7fcf50_0eba5f06bc3ec2c3dcaf59bb2ddb3aea1629ebc6ab22fb21,43.877,corpus/word/clean/docx/246c7fcf50_0eba5f06bc3ec2c3dcaf59bb2ddb3aea1629ebc6ab22fb21.docx,corpus/word/clean/pdf/246c7fcf50_0eba5f06bc3ec2c3dcaf59bb2ddb3aea1629ebc6ab22fb21.pdf
worst,149,tracking_without_comments__16b3bdf24f_1a9cd33781356357316c3cb0c6eed3bad72d886ad1d68dbf__vs__dbe46677da_15002e7727c63ec67c92d78a641d5d0d74911f1e64a806e8_redline_da83c9a20b,43.9186,corpus/word/tracking_without_comments/docx/16b3bdf24f_1a9cd33781356357316c3cb0c6eed3bad72d886ad1d68dbf__vs__dbe46677da_15002e7727c63ec67c92d78a641d5d0d74911f1e64a806e8_redline_da83c9a20b.docx,corpus/word/tracking_without_comments/pdf/16b3bdf24f_1a9cd33781356357316c3cb0c6eed3bad72d886ad1d68dbf__vs__dbe46677da_15002e7727c63ec67c92d78a641d5d0d74911f1e64a806e8_redline_da83c9a20b.pdf
worst,150,clean__49482a748b_44ed9426ac1847fd1d74df3e3982cb437c9658c49aead9c6,43.9897,corpus/word/clean/docx/49482a748b_44ed9426ac1847fd1d74df3e3982cb437c9658c49aead9c6.docx,corpus/word/clean/pdf/49482a748b_44ed9426ac1847fd1d74df3e3982cb437c9658c49aead9c6.pdf
worst,151,tracking_without_comments__0800162a66_000799b53487acb327ccf0c0ab87fb14b9e8636346719296__vs__a5f2b9318d_002aa60c2ae1187417b4b157c5ec6450324cc056ec551a12_redline_02514c26c3,44.0207,corpus/word/tracking_without_comments/docx/0800162a66_000799b53487acb327ccf0c0ab87fb14b9e8636346719296__vs__a5f2b9318d_002aa60c2ae1187417b4b157c5ec6450324cc056ec551a12_redline_02514c26c3.docx,corpus/word/tracking_without_comments/pdf/0800162a66_000799b53487acb327ccf0c0ab87fb14b9e8636346719296__vs__a5f2b9318d_002aa60c2ae1187417b4b157c5ec6450324cc056ec551a12_redline_02514c26c3.pdf
worst,152,tracking_without_comments__048870ce18_014178090497722649b8e7aedf646339a3189ee7fe69a596__vs__333bfe069a_003416d620331122b93b434dad901db5836f60d2cad4b533_redline_77e4a6bed0,44.1313,corpus/word/tracking_without_comments/docx/048870ce18_014178090497722649b8e7aedf646339a3189ee7fe69a596__vs__333bfe069a_003416d620331122b93b434dad901db5836f60d2cad4b533_redline_77e4a6bed0.docx,corpus/word/tracking_without_comments/pdf/048870ce18_014178090497722649b8e7aedf646339a3189ee7fe69a596__vs__333bfe069a_003416d620331122b93b434dad901db5836f60d2cad4b533_redline_77e4a6bed0.pdf
worst,153,tracking_without_comments__a88f2ae357_0095a6095a0f74201c196f4944b3d93f4cf5cc20e4982903__vs__2773adf157_0004c94ca2a8684d47449bb0e7abf87de1df71a7e6543252_redline_b8435bf39c,44.1786,corpus/word/tracking_without_comments/docx/a88f2ae357_0095a6095a0f74201c196f4944b3d93f4cf5cc20e4982903__vs__2773adf157_0004c94ca2a8684d47449bb0e7abf87de1df71a7e6543252_redline_b8435bf39c.docx,corpus/word/tracking_without_comments/pdf/a88f2ae357_0095a6095a0f74201c196f4944b3d93f4cf5cc20e4982903__vs__2773adf157_0004c94ca2a8684d47449bb0e7abf87de1df71a7e6543252_redline_b8435bf39c.pdf
worst,154,tracking_without_comments__f43f6ef305_002042b8a23533ba746bf4eaf56b5e62642cc111f5f5fcff__vs__2773adf157_0004c94ca2a8684d47449bb0e7abf87de1df71a7e6543252_redline_ec101e09bf,44.2648,corpus/word/tracking_without_comments/docx/f43f6ef305_002042b8a23533ba746bf4eaf56b5e62642cc111f5f5fcff__vs__2773adf157_0004c94ca2a8684d47449bb0e7abf87de1df71a7e6543252_redline_ec101e09bf.docx,corpus/word/tracking_without_comments/pdf/f43f6ef305_002042b8a23533ba746bf4eaf56b5e62642cc111f5f5fcff__vs__2773adf157_0004c94ca2a8684d47449bb0e7abf87de1df71a7e6543252_redline_ec101e09bf.pdf
worst,155,tracking_without_comments__2e7f1e6637_0120556a0553eb1ba39978d5911b7ce62be10a9bdc7c9191__vs__aa5340125d_00a4b0b91e9b5b072dc3771391c2d608518690eccf44eae8_redline_8fe7181400,44.3518,corpus/word/tracking_without_comments/docx/2e7f1e6637_0120556a0553eb1ba39978d5911b7ce62be10a9bdc7c9191__vs__aa5340125d_00a4b0b91e9b5b072dc3771391c2d608518690eccf44eae8_redline_8fe7181400.docx,corpus/word/tracking_without_comments/pdf/2e7f1e6637_0120556a0553eb1ba39978d5911b7ce62be10a9bdc7c9191__vs__aa5340125d_00a4b0b91e9b5b072dc3771391c2d608518690eccf44eae8_redline_8fe7181400.pdf
worst,156,clean__5c1db01eb9_b83cb9816496b5e7d270d4f3f019d564d552ab006abb3305,44.3808,corpus/word/clean/docx/5c1db01eb9_b83cb9816496b5e7d270d4f3f019d564d552ab006abb3305.docx,corpus/word/clean/pdf/5c1db01eb9_b83cb9816496b5e7d270d4f3f019d564d552ab006abb3305.pdf
worst,157,tracking_without_comments__b51a7a465b_998e62501ae726f2b68ab460f7fad55f18c3bb110bfc07c4__vs__4910ce2060_8cca05f3991d33efca1a8fc83122be4940de0d3743e04244_redline_3b57d40fff,44.4751,corpus/word/tracking_without_comments/docx/b51a7a465b_998e62501ae726f2b68ab460f7fad55f18c3bb110bfc07c4__vs__4910ce2060_8cca05f3991d33efca1a8fc83122be4940de0d3743e04244_redline_3b57d40fff.docx,corpus/word/tracking_without_comments/pdf/b51a7a465b_998e62501ae726f2b68ab460f7fad55f18c3bb110bfc07c4__vs__4910ce2060_8cca05f3991d33efca1a8fc83122be4940de0d3743e04244_redline_3b57d40fff.pdf
worst,158,tracking_without_comments__4ed1b6d133_0020e4099d611a050ed83fb7e0b16d6f48200018bbb1e757__vs__333bfe069a_003416d620331122b93b434dad901db5836f60d2cad4b533_redline_f569a8d64e,44.5071,corpus/word/tracking_without_comments/docx/4ed1b6d133_0020e4099d611a050ed83fb7e0b16d6f48200018bbb1e757__vs__333bfe069a_003416d620331122b93b434dad901db5836f60d2cad4b533_redline_f569a8d64e.docx,corpus/word/tracking_without_comments/pdf/4ed1b6d133_0020e4099d611a050ed83fb7e0b16d6f48200018bbb1e757__vs__333bfe069a_003416d620331122b93b434dad901db5836f60d2cad4b533_redline_f569a8d64e.pdf
worst,159,clean__f8342b8058_a06b592ce3073b4030b3f9617563ae9610159cc3f2213c80,44.5368,corpus/word/clean/docx/f8342b8058_a06b592ce3073b4030b3f9617563ae9610159cc3f2213c80.docx,corpus/word/clean/pdf/f8342b8058_a06b592ce3073b4030b3f9617563ae9610159cc3f2213c80.pdf
worst,160,clean__1587a40694_4991382416adefef66b97f0a3efacf2c2a793a067541ad27,44.5487,corpus/word/clean/docx/1587a40694_4991382416adefef66b97f0a3efacf2c2a793a067541ad27.docx,corpus/word/clean/pdf/1587a40694_4991382416adefef66b97f0a3efacf2c2a793a067541ad27.pdf
worst,161,tracking_without_comments__83799a0610_00bced7d0ce7770362c5b667b5e92abefcbfcf5315a2bbf6__vs__aa5340125d_00a4b0b91e9b5b072dc3771391c2d608518690eccf44eae8_redline_2a5c1ad2ad,44.5814,corpus/word/tracking_without_comments/docx/83799a0610_00bced7d0ce7770362c5b667b5e92abefcbfcf5315a2bbf6__vs__aa5340125d_00a4b0b91e9b5b072dc3771391c2d608518690eccf44eae8_redline_2a5c1ad2ad.docx,corpus/word/tracking_without_comments/pdf/83799a0610_00bced7d0ce7770362c5b667b5e92abefcbfcf5315a2bbf6__vs__aa5340125d_00a4b0b91e9b5b072dc3771391c2d608518690eccf44eae8_redline_2a5c1ad2ad.pdf
worst,162,tracking_without_comments__13ee1cb061_ee56b1c2f1e42b79dfa8700e709c224299c1f85b41eb490e__vs__1c1fc4a7d3_921a851075ff3eb89f6ca703f298e6504a0ab0c43507f650_redline_48fe34d6a4,44.6189,corpus/word/tracking_without_comments/docx/13ee1cb061_ee56b1c2f1e42b79dfa8700e709c224299c1f85b41eb490e__vs__1c1fc4a7d3_921a851075ff3eb89f6ca703f298e6504a0ab0c43507f650_redline_48fe34d6a4.docx,corpus/word/tracking_without_comments/pdf/13ee1cb061_ee56b1c2f1e42b79dfa8700e709c224299c1f85b41eb490e__vs__1c1fc4a7d3_921a851075ff3eb89f6ca703f298e6504a0ab0c43507f650_redline_48fe34d6a4.pdf
worst,163,tracking_without_comments__f9b9dbd790_0017bce9abd08007241b106f0fcf1d64e45c05cd82a05a1d__vs__1424386e9b_017447de83753a0e3b7afc659df038ef56972925336c6a5b_redline_2ea0a59b6a,44.6342,corpus/word/tracking_without_comments/docx/f9b9dbd790_0017bce9abd08007241b106f0fcf1d64e45c05cd82a05a1d__vs__1424386e9b_017447de83753a0e3b7afc659df038ef56972925336c6a5b_redline_2ea0a59b6a.docx,corpus/word/tracking_without_comments/pdf/f9b9dbd790_0017bce9abd08007241b106f0fcf1d64e45c05cd82a05a1d__vs__1424386e9b_017447de83753a0e3b7afc659df038ef56972925336c6a5b_redline_2ea0a59b6a.pdf
worst,164,clean__60dfd517a9_00f0e7f365a34acc5911a38c89776a4bdd2ba1685edcd0cc,44.6383,corpus/word/clean/docx/60dfd517a9_00f0e7f365a34acc5911a38c89776a4bdd2ba1685edcd0cc.docx,corpus/word/clean/pdf/60dfd517a9_00f0e7f365a34acc5911a38c89776a4bdd2ba1685edcd0cc.pdf
worst,165,tracking_without_comments__61e3967518_0011e415331e3b2d8031efcfcfecbb68df0f0b73b26350ce__vs__333bfe069a_003416d620331122b93b434dad901db5836f60d2cad4b533_redline_be1cdf6d38,44.7112,corpus/word/tracking_without_comments/docx/61e3967518_0011e415331e3b2d8031efcfcfecbb68df0f0b73b26350ce__vs__333bfe069a_003416d620331122b93b434dad901db5836f60d2cad4b533_redline_be1cdf6d38.docx,corpus/word/tracking_without_comments/pdf/61e3967518_0011e415331e3b2d8031efcfcfecbb68df0f0b73b26350ce__vs__333bfe069a_003416d620331122b93b434dad901db5836f60d2cad4b533_redline_be1cdf6d38.pdf
worst,166,clean__a4dedaa05a_9009c4519d3cbd224cc4dfd7059a955d4dd4c8e4f88f7f56,44.767,corpus/word/clean/docx/a4dedaa05a_9009c4519d3cbd224cc4dfd7059a955d4dd4c8e4f88f7f56.docx,corpus/word/clean/pdf/a4dedaa05a_9009c4519d3cbd224cc4dfd7059a955d4dd4c8e4f88f7f56.pdf
worst,167,clean__b7f325bd51_6f884742d51e530f70c1c0c3d3d5892bb5c8fd96c5ecfb1e,44.7763,corpus/word/clean/docx/b7f325bd51_6f884742d51e530f70c1c0c3d3d5892bb5c8fd96c5ecfb1e.docx,corpus/word/clean/pdf/b7f325bd51_6f884742d51e530f70c1c0c3d3d5892bb5c8fd96c5ecfb1e.pdf
worst,168,tracking_without_comments__00f467c010_0008753aa70a6a7b929aa1958001da41574c2d407e5b9863__vs__342f364d46_001342333d45627868f4dc5282abbba4598a91b4a7584b08_redline_9014a2c35a,44.7772,corpus/word/tracking_without_comments/docx/00f467c010_0008753aa70a6a7b929aa1958001da41574c2d407e5b9863__vs__342f364d46_001342333d45627868f4dc5282abbba4598a91b4a7584b08_redline_9014a2c35a.docx,corpus/word/tracking_without_comments/pdf/00f467c010_0008753aa70a6a7b929aa1958001da41574c2d407e5b9863__vs__342f364d46_001342333d45627868f4dc5282abbba4598a91b4a7584b08_redline_9014a2c35a.pdf
worst,169,clean__3fcd92b87b_30ff840c5280c4e754b1d6998d936bd6ae03c4cafe1dd5c9,44.9212,corpus/word/clean/docx/3fcd92b87b_30ff840c5280c4e754b1d6998d936bd6ae03c4cafe1dd5c9.docx,corpus/word/clean/pdf/3fcd92b87b_30ff840c5280c4e754b1d6998d936bd6ae03c4cafe1dd5c9.pdf
worst,170,clean__2da1da401d_3e30939b715361e07ea9407c76f254c9dfcc59a573f1356c,44.9595,corpus/word/clean/docx/2da1da401d_3e30939b715361e07ea9407c76f254c9dfcc59a573f1356c.docx,corpus/word/clean/pdf/2da1da401d_3e30939b715361e07ea9407c76f254c9dfcc59a573f1356c.pdf
worst,171,tracking_without_comments__c280ce0f40_019d92d986c5ba33a57df54db0056f3731e3254fcbe8ac65__vs__a5f2b9318d_002aa60c2ae1187417b4b157c5ec6450324cc056ec551a12_redline_4da1ca3b20,44.9792,corpus/word/tracking_without_comments/docx/c280ce0f40_019d92d986c5ba33a57df54db0056f3731e3254fcbe8ac65__vs__a5f2b9318d_002aa60c2ae1187417b4b157c5ec6450324cc056ec551a12_redline_4da1ca3b20.docx,corpus/word/tracking_without_comments/pdf/c280ce0f40_019d92d986c5ba33a57df54db0056f3731e3254fcbe8ac65__vs__a5f2b9318d_002aa60c2ae1187417b4b157c5ec6450324cc056ec551a12_redline_4da1ca3b20.pdf
worst,172,tracking_without_comments__b27bda87ed_0023f7c421a05af9c44fb4ff9ef1bce46c53a081779b1e72__vs__333bfe069a_003416d620331122b93b434dad901db5836f60d2cad4b533_redline_4c587eace6,44.9809,corpus/word/tracking_without_comments/docx/b27bda87ed_0023f7c421a05af9c44fb4ff9ef1bce46c53a081779b1e72__vs__333bfe069a_003416d620331122b93b434dad901db5836f60d2cad4b533_redline_4c587eace6.docx,corpus/word/tracking_without_comments/pdf/b27bda87ed_0023f7c421a05af9c44fb4ff9ef1bce46c53a081779b1e72__vs__333bfe069a_003416d620331122b93b434dad901db5836f60d2cad4b533_redline_4c587eace6.pdf
worst,173,tracking_without_comments__432bf1c280_010684299d3c5523897eb69efb8c1c743c0a7623137d64fe__vs__a5f2b9318d_002aa60c2ae1187417b4b157c5ec6450324cc056ec551a12_redline_0e053136eb,44.9957,corpus/word/tracking_without_comments/docx/432bf1c280_010684299d3c5523897eb69efb8c1c743c0a7623137d64fe__vs__a5f2b9318d_002aa60c2ae1187417b4b157c5ec6450324cc056ec551a12_redline_0e053136eb.docx,corpus/word/tracking_without_comments/pdf/432bf1c280_010684299d3c5523897eb69efb8c1c743c0a7623137d64fe__vs__a5f2b9318d_002aa60c2ae1187417b4b157c5ec6450324cc056ec551a12_redline_0e053136eb.pdf
worst,174,clean__ee91b9e453_9385adbfd34ee40a4bd2429d7385293b31a127fc9e9208d1,45.0074,corpus/word/clean/docx/ee91b9e453_9385adbfd34ee40a4bd2429d7385293b31a127fc9e9208d1.docx,corpus/word/clean/pdf/ee91b9e453_9385adbfd34ee40a4bd2429d7385293b31a127fc9e9208d1.pdf
worst,175,tracking_without_comments__a7bce539e1_c01d8d723db353c3d44bc000eef8cb64cf05710ff39e6263__vs__c03ff52e4d_e022c44716b9213b4aa69931b79685a1f711443b13ea8945_redline_cd49552c60,45.0346,corpus/word/tracking_without_comments/docx/a7bce539e1_c01d8d723db353c3d44bc000eef8cb64cf05710ff39e6263__vs__c03ff52e4d_e022c44716b9213b4aa69931b79685a1f711443b13ea8945_redline_cd49552c60.docx,corpus/word/tracking_without_comments/pdf/a7bce539e1_c01d8d723db353c3d44bc000eef8cb64cf05710ff39e6263__vs__c03ff52e4d_e022c44716b9213b4aa69931b79685a1f711443b13ea8945_redline_cd49552c60.pdf
worst,176,clean__f9ca1d3348_277e57f3da9c9b557af1abffa61255c6e8036e032a64a874,45.1589,corpus/word/clean/docx/f9ca1d3348_277e57f3da9c9b557af1abffa61255c6e8036e032a64a874.docx,corpus/word/clean/pdf/f9ca1d3348_277e57f3da9c9b557af1abffa61255c6e8036e032a64a874.pdf
worst,177,tracking_without_comments__29379c07bf_002adf0715eed4d213774c26c60c78624c2a3cbb3d0397d2__vs__333bfe069a_003416d620331122b93b434dad901db5836f60d2cad4b533_redline_2bb3a576ab,45.2176,corpus/word/tracking_without_comments/docx/29379c07bf_002adf0715eed4d213774c26c60c78624c2a3cbb3d0397d2__vs__333bfe069a_003416d620331122b93b434dad901db5836f60d2cad4b533_redline_2bb3a576ab.docx,corpus/word/tracking_without_comments/pdf/29379c07bf_002adf0715eed4d213774c26c60c78624c2a3cbb3d0397d2__vs__333bfe069a_003416d620331122b93b434dad901db5836f60d2cad4b533_redline_2bb3a576ab.pdf
worst,178,tracking_without_comments__fc5d9fecb7_00028d824d5d2262bc6e30692308cd1b577ac1dff228970d__vs__333bfe069a_003416d620331122b93b434dad901db5836f60d2cad4b533_redline_7f450b2b12,45.4017,corpus/word/tracking_without_comments/docx/fc5d9fecb7_00028d824d5d2262bc6e30692308cd1b577ac1dff228970d__vs__333bfe069a_003416d620331122b93b434dad901db5836f60d2cad4b533_redline_7f450b2b12.docx,corpus/word/tracking_without_comments/pdf/fc5d9fecb7_00028d824d5d2262bc6e30692308cd1b577ac1dff228970d__vs__333bfe069a_003416d620331122b93b434dad901db5836f60d2cad4b533_redline_7f450b2b12.pdf
worst,179,clean__dc5d0f4350_f569a8b7a88800ca28451782130c35f897ec727ca8750a85,45.4692,corpus/word/clean/docx/dc5d0f4350_f569a8b7a88800ca28451782130c35f897ec727ca8750a85.docx,corpus/word/clean/pdf/dc5d0f4350_f569a8b7a88800ca28451782130c35f897ec727ca8750a85.pdf
worst,180,tracking_without_comments__a1899173ff_cb24cea07ba59800a7dfa80de9f384885bf6e1c1b0aa967d__vs__c934a90fba_ceb60fdd4393406b78e51cb3aae7fde107a93a9e5eb97197_redline_fedc2c0ba6,45.4993,corpus/word/tracking_without_comments/docx/a1899173ff_cb24cea07ba59800a7dfa80de9f384885bf6e1c1b0aa967d__vs__c934a90fba_ceb60fdd4393406b78e51cb3aae7fde107a93a9e5eb97197_redline_fedc2c0ba6.docx,corpus/word/tracking_without_comments/pdf/a1899173ff_cb24cea07ba59800a7dfa80de9f384885bf6e1c1b0aa967d__vs__c934a90fba_ceb60fdd4393406b78e51cb3aae7fde107a93a9e5eb97197_redline_fedc2c0ba6.pdf
worst,181,clean__12d245d664_9b100bdcf7bb34633c6e6f845b4ce3eae33d8a2096083e28,45.5691,corpus/word/clean/docx/12d245d664_9b100bdcf7bb34633c6e6f845b4ce3eae33d8a2096083e28.docx,corpus/word/clean/pdf/12d245d664_9b100bdcf7bb34633c6e6f845b4ce3eae33d8a2096083e28.pdf
worst,182,clean__b8eddffd09_010a2c9e894ae5cd795ff229cd191c78eec318c74c4ed15e,45.7388,corpus/word/clean/docx/b8eddffd09_010a2c9e894ae5cd795ff229cd191c78eec318c74c4ed15e.docx,corpus/word/clean/pdf/b8eddffd09_010a2c9e894ae5cd795ff229cd191c78eec318c74c4ed15e.pdf
worst,183,clean__2cf5d3545b_000f68169b4d165f0ae128cdbc6ace3a38d8d1fe1146bd8f,45.781,corpus/word/clean/docx/2cf5d3545b_000f68169b4d165f0ae128cdbc6ace3a38d8d1fe1146bd8f.docx,corpus/word/clean/pdf/2cf5d3545b_000f68169b4d165f0ae128cdbc6ace3a38d8d1fe1146bd8f.pdf
worst,184,clean__d0526e27df_954534e6294cf67d9d64531e60871cdc380db5356d8d86ee,45.81,corpus/word/clean/docx/d0526e27df_954534e6294cf67d9d64531e60871cdc380db5356d8d86ee.docx,corpus/word/clean/pdf/d0526e27df_954534e6294cf67d9d64531e60871cdc380db5356d8d86ee.pdf
worst,185,tracking_without_comments__3cccdeb956_338ed100b8c726655e68862a5b4584feb59583a37fa3b69d__vs__acfb188cbe_da70fe22e2b96c62d0310d4eb7760cbac4c452a88bd62929_redline_17a4d897ce,45.8208,corpus/word/tracking_without_comments/docx/3cccdeb956_338ed100b8c726655e68862a5b4584feb59583a37fa3b69d__vs__acfb188cbe_da70fe22e2b96c62d0310d4eb7760cbac4c452a88bd62929_redline_17a4d897ce.docx,corpus/word/tracking_without_comments/pdf/3cccdeb956_338ed100b8c726655e68862a5b4584feb59583a37fa3b69d__vs__acfb188cbe_da70fe22e2b96c62d0310d4eb7760cbac4c452a88bd62929_redline_17a4d897ce.pdf
worst,186,tracking_without_comments__98c8b73841_0041d3944715c2fffc5929695f968e5f399e85b139fba063__vs__1424386e9b_017447de83753a0e3b7afc659df038ef56972925336c6a5b_redline_c83c7e02ae,45.8219,corpus/word/tracking_without_comments/docx/98c8b73841_0041d3944715c2fffc5929695f968e5f399e85b139fba063__vs__1424386e9b_017447de83753a0e3b7afc659df038ef56972925336c6a5b_redline_c83c7e02ae.docx,corpus/word/tracking_without_comments/pdf/98c8b73841_0041d3944715c2fffc5929695f968e5f399e85b139fba063__vs__1424386e9b_017447de83753a0e3b7afc659df038ef56972925336c6a5b_redline_c83c7e02ae.pdf
worst,187,clean__9ce84b16b6_8130ebf3e279cc2752198e46e0003239b9179f0cfc2b4f46,45.8895,corpus/word/clean/docx/9ce84b16b6_8130ebf3e279cc2752198e46e0003239b9179f0cfc2b4f46.docx,corpus/word/clean/pdf/9ce84b16b6_8130ebf3e279cc2752198e46e0003239b9179f0cfc2b4f46.pdf
worst,188,tracking_without_comments__a6bdad436b_00e1eabab4f0fdde08a033b7d3af988ce75f7e80207c9918__vs__333bfe069a_003416d620331122b93b434dad901db5836f60d2cad4b533_redline_189b6fe5e3,46.1131,corpus/word/tracking_without_comments/docx/a6bdad436b_00e1eabab4f0fdde08a033b7d3af988ce75f7e80207c9918__vs__333bfe069a_003416d620331122b93b434dad901db5836f60d2cad4b533_redline_189b6fe5e3.docx,corpus/word/tracking_without_comments/pdf/a6bdad436b_00e1eabab4f0fdde08a033b7d3af988ce75f7e80207c9918__vs__333bfe069a_003416d620331122b93b434dad901db5836f60d2cad4b533_redline_189b6fe5e3.pdf
worst,189,tracking_without_comments__27c9cbd809_b4b5463ef111d72dc319a5ccf52ae7b396c494e99b89c857__vs__7f90ff7f2c_d94124e867cf9e31389cfa780818a638161d676f6b79049f_redline_b14882f3e9,46.2908,corpus/word/tracking_without_comments/docx/27c9cbd809_b4b5463ef111d72dc319a5ccf52ae7b396c494e99b89c857__vs__7f90ff7f2c_d94124e867cf9e31389cfa780818a638161d676f6b79049f_redline_b14882f3e9.docx,corpus/word/tracking_without_comments/pdf/27c9cbd809_b4b5463ef111d72dc319a5ccf52ae7b396c494e99b89c857__vs__7f90ff7f2c_d94124e867cf9e31389cfa780818a638161d676f6b79049f_redline_b14882f3e9.pdf
worst,190,clean__ef7870f9f4_22be2b6e0c6f8f306d5e2a268d7164e59b90b72404e75678,46.2929,corpus/word/clean/docx/ef7870f9f4_22be2b6e0c6f8f306d5e2a268d7164e59b90b72404e75678.docx,corpus/word/clean/pdf/ef7870f9f4_22be2b6e0c6f8f306d5e2a268d7164e59b90b72404e75678.pdf
worst,191,tracking_without_comments__286955227d_0134fe85fb88da2accd6637e1c44bdd4f8b7fbb533bd47ba__vs__1424386e9b_017447de83753a0e3b7afc659df038ef56972925336c6a5b_redline_d95a06eed1,46.4474,corpus/word/tracking_without_comments/docx/286955227d_0134fe85fb88da2accd6637e1c44bdd4f8b7fbb533bd47ba__vs__1424386e9b_017447de83753a0e3b7afc659df038ef56972925336c6a5b_redline_d95a06eed1.docx,corpus/word/tracking_without_comments/pdf/286955227d_0134fe85fb88da2accd6637e1c44bdd4f8b7fbb533bd47ba__vs__1424386e9b_017447de83753a0e3b7afc659df038ef56972925336c6a5b_redline_d95a06eed1.pdf
worst,192,tracking_without_comments__19313bb0d2_013bfd9bed003f93622f5b45095bb7471499aea576b0e48e__vs__333bfe069a_003416d620331122b93b434dad901db5836f60d2cad4b533_redline_efa9bdd06a,46.4781,corpus/word/tracking_without_comments/docx/19313bb0d2_013bfd9bed003f93622f5b45095bb7471499aea576b0e48e__vs__333bfe069a_003416d620331122b93b434dad901db5836f60d2cad4b533_redline_efa9bdd06a.docx,corpus/word/tracking_without_comments/pdf/19313bb0d2_013bfd9bed003f93622f5b45095bb7471499aea576b0e48e__vs__333bfe069a_003416d620331122b93b434dad901db5836f60d2cad4b533_redline_efa9bdd06a.pdf
worst,193,tracking_without_comments__3fe23ce412_a5b49e91304cf881ab4b07cd810e62ed6f68ac9c0d529815,46.4914,corpus/word/tracking_without_comments/docx/3fe23ce412_a5b49e91304cf881ab4b07cd810e62ed6f68ac9c0d529815.docx,corpus/word/tracking_without_comments/pdf/3fe23ce412_a5b49e91304cf881ab4b07cd810e62ed6f68ac9c0d529815.pdf
worst,194,tracking_without_comments__628ec1cb76_00a9d81709806bc220522f9b062f226e19ba256e436493b1__vs__333bfe069a_003416d620331122b93b434dad901db5836f60d2cad4b533_redline_8eb0bcd9e2,46.5915,corpus/word/tracking_without_comments/docx/628ec1cb76_00a9d81709806bc220522f9b062f226e19ba256e436493b1__vs__333bfe069a_003416d620331122b93b434dad901db5836f60d2cad4b533_redline_8eb0bcd9e2.docx,corpus/word/tracking_without_comments/pdf/628ec1cb76_00a9d81709806bc220522f9b062f226e19ba256e436493b1__vs__333bfe069a_003416d620331122b93b434dad901db5836f60d2cad4b533_redline_8eb0bcd9e2.pdf
worst,195,tracking_without_comments__19891583af_000f23dc2592a0044f1da2e4f2166c6b41e8fde6a66a1988__vs__333bfe069a_003416d620331122b93b434dad901db5836f60d2cad4b533_redline_556b3edd1a,46.685,corpus/word/tracking_without_comments/docx/19891583af_000f23dc2592a0044f1da2e4f2166c6b41e8fde6a66a1988__vs__333bfe069a_003416d620331122b93b434dad901db5836f60d2cad4b533_redline_556b3edd1a.docx,corpus/word/tracking_without_comments/pdf/19891583af_000f23dc2592a0044f1da2e4f2166c6b41e8fde6a66a1988__vs__333bfe069a_003416d620331122b93b434dad901db5836f60d2cad4b533_redline_556b3edd1a.pdf
worst,196,clean__11860f2d78_c5c029926794053323667da4397833b447af8141ce9971f2,46.7095,corpus/word/clean/docx/11860f2d78_c5c029926794053323667da4397833b447af8141ce9971f2.docx,corpus/word/clean/pdf/11860f2d78_c5c029926794053323667da4397833b447af8141ce9971f2.pdf
worst,197,tracking_without_comments__6b2515b2e1_c0be5f1c808dfc28139ea2d7bbf34d3bf7e15237a63f7474__vs__3fe23ce412_a5b49e91304cf881ab4b07cd810e62ed6f68ac9c0d529815_redline_0e9c762eba,46.7427,corpus/word/tracking_without_comments/docx/6b2515b2e1_c0be5f1c808dfc28139ea2d7bbf34d3bf7e15237a63f7474__vs__3fe23ce412_a5b49e91304cf881ab4b07cd810e62ed6f68ac9c0d529815_redline_0e9c762eba.docx,corpus/word/tracking_without_comments/pdf/6b2515b2e1_c0be5f1c808dfc28139ea2d7bbf34d3bf7e15237a63f7474__vs__3fe23ce412_a5b49e91304cf881ab4b07cd810e62ed6f68ac9c0d529815_redline_0e9c762eba.pdf
worst,198,tracking_without_comments__c280ce0f40_019d92d986c5ba33a57df54db0056f3731e3254fcbe8ac65__vs__1424386e9b_017447de83753a0e3b7afc659df038ef56972925336c6a5b_redline_ef77d2a7c6,46.7839,corpus/word/tracking_without_comments/docx/c280ce0f40_019d92d986c5ba33a57df54db0056f3731e3254fcbe8ac65__vs__1424386e9b_017447de83753a0e3b7afc659df038ef56972925336c6a5b_redline_ef77d2a7c6.docx,corpus/word/tracking_without_comments/pdf/c280ce0f40_019d92d986c5ba33a57df54db0056f3731e3254fcbe8ac65__vs__1424386e9b_017447de83753a0e3b7afc659df038ef56972925336c6a5b_redline_ef77d2a7c6.pdf
worst,199,tracking_without_comments__a88f2ae357_0095a6095a0f74201c196f4944b3d93f4cf5cc20e4982903__vs__342f364d46_001342333d45627868f4dc5282abbba4598a91b4a7584b08_redline_4bf88ed826,46.828,corpus/word/tracking_without_comments/docx/a88f2ae357_0095a6095a0f74201c196f4944b3d93f4cf5cc20e4982903__vs__342f364d46_001342333d45627868f4dc5282abbba4598a91b4a7584b08_redline_4bf88ed826.docx,corpus/word/tracking_without_comments/pdf/a88f2ae357_0095a6095a0f74201c196f4944b3d93f4cf5cc20e4982903__vs__342f364d46_001342333d45627868f4dc5282abbba4598a91b4a7584b08_redline_4bf88ed826.pdf
worst,200,clean__5d848a2e1c_011402710324274d71d6d135d7359a0a1fd5b6e21500a58c,46.8386,corpus/word/clean/docx/5d848a2e1c_011402710324274d71d6d135d7359a0a1fd5b6e21500a58c.docx,corpus/word/clean/pdf/5d848a2e1c_011402710324274d71d6d135d7359a0a1fd5b6e21500a58c.pdf
spread,234,clean__a235512ec1_52e271cce0b9c44c3e6ac4e2a9bc20c2df9584fe5aff46e5,48.3671,corpus/word/clean/docx/a235512ec1_52e271cce0b9c44c3e6ac4e2a9bc20c2df9584fe5aff46e5.docx,corpus/word/clean/pdf/a235512ec1_52e271cce0b9c44c3e6ac4e2a9bc20c2df9584fe5aff46e5.pdf
spread,301,tracking_without_comments__5ad6e6d44f_0199027cbf967c88ab833b77e5bc5d629bacecbd40a87c26__vs__2e04202552_000e3e7bd2d6215fc7b469cc3e296c1b2a510bc1abc7e0fd_redline_ba0ce6cf52,50.65,corpus/word/tracking_without_comments/docx/5ad6e6d44f_0199027cbf967c88ab833b77e5bc5d629bacecbd40a87c26__vs__2e04202552_000e3e7bd2d6215fc7b469cc3e296c1b2a510bc1abc7e0fd_redline_ba0ce6cf52.docx,corpus/word/tracking_without_comments/pdf/5ad6e6d44f_0199027cbf967c88ab833b77e5bc5d629bacecbd40a87c26__vs__2e04202552_000e3e7bd2d6215fc7b469cc3e296c1b2a510bc1abc7e0fd_redline_ba0ce6cf52.pdf
spread,368,clean__f1372ad5b6_c8d1d38a8fcbfbeaae0f7f8cec424b65c5560a31b286edd6,52.9166,corpus/word/clean/docx/f1372ad5b6_c8d1d38a8fcbfbeaae0f7f8cec424b65c5560a31b286edd6.docx,corpus/word/clean/pdf/f1372ad5b6_c8d1d38a8fcbfbeaae0f7f8cec424b65c5560a31b286edd6.pdf
spread,435,clean__a9323bf62e_8adc2fdfcbc6f852c44915fc1bc3f425a982b81d5465efd2,55.4595,corpus/word/clean/docx/a9323bf62e_8adc2fdfcbc6f852c44915fc1bc3f425a982b81d5465efd2.docx,corpus/word/clean/pdf/a9323bf62e_8adc2fdfcbc6f852c44915fc1bc3f425a982b81d5465efd2.pdf
spread,502,clean__67f497f378_03a7fb6a57b0d73f9c73c2d5556fe93c751bbe991f3a84ec,58.16,corpus/word/clean/docx/67f497f378_03a7fb6a57b0d73f9c73c2d5556fe93c751bbe991f3a84ec.docx,corpus/word/clean/pdf/67f497f378_03a7fb6a57b0d73f9c73c2d5556fe93c751bbe991f3a84ec.pdf
spread,569,tracking_without_comments__0fc80afa25_6c48d6e5a703fe986580f2da2dfb0a6b1147051c349357bb__vs__9b53454565_6bf87f4fc70178cc0dee818e7ce3142a6b6d9cd172785530_redline_0390281a8b,60.9025,corpus/word/tracking_without_comments/docx/0fc80afa25_6c48d6e5a703fe986580f2da2dfb0a6b1147051c349357bb__vs__9b53454565_6bf87f4fc70178cc0dee818e7ce3142a6b6d9cd172785530_redline_0390281a8b.docx,corpus/word/tracking_without_comments/pdf/0fc80afa25_6c48d6e5a703fe986580f2da2dfb0a6b1147051c349357bb__vs__9b53454565_6bf87f4fc70178cc0dee818e7ce3142a6b6d9cd172785530_redline_0390281a8b.pdf
spread,637,tracking_without_comments__8a5f60d75f_69a8faaa680238387ac0d4673db50c752141e49b8b18667a__vs__2602ef54e0_b114a5e556817e04d34ace58cdce41b2821c23676fc5b8ed_redline_9b360986f7,63.2735,corpus/word/tracking_without_comments/docx/8a5f60d75f_69a8faaa680238387ac0d4673db50c752141e49b8b18667a__vs__2602ef54e0_b114a5e556817e04d34ace58cdce41b2821c23676fc5b8ed_redline_9b360986f7.docx,corpus/word/tracking_without_comments/pdf/8a5f60d75f_69a8faaa680238387ac0d4673db50c752141e49b8b18667a__vs__2602ef54e0_b114a5e556817e04d34ace58cdce41b2821c23676fc5b8ed_redline_9b360986f7.pdf
spread,704,clean__9482ffdc82_060638586497752e8ed47e36862b219e50ada92f80b592db,65.3149,corpus/word/clean/docx/9482ffdc82_060638586497752e8ed47e36862b219e50ada92f80b592db.docx,corpus/word/clean/pdf/9482ffdc82_060638586497752e8ed47e36862b219e50ada92f80b592db.pdf
spread,771,tracking_without_comments__3890d0a960_file_27__vs__c3462f9630_file_28_redline_6bd2deb635,67.1697,corpus/word/tracking_without_comments/docx/3890d0a960_file_27__vs__c3462f9630_file_28_redline_6bd2deb635.docx,corpus/word/tracking_without_comments/pdf/3890d0a960_file_27__vs__c3462f9630_file_28_redline_6bd2deb635.pdf
spread,838,tracking_without_comments__60dfd517a9_00f0e7f365a34acc5911a38c89776a4bdd2ba1685edcd0cc__vs__1424386e9b_017447de83753a0e3b7afc659df038ef56972925336c6a5b_redline_8c15afe367,69.3486,corpus/word/tracking_without_comments/docx/60dfd517a9_00f0e7f365a34acc5911a38c89776a4bdd2ba1685edcd0cc__vs__1424386e9b_017447de83753a0e3b7afc659df038ef56972925336c6a5b_redline_8c15afe367.docx,corpus/word/tracking_without_comments/pdf/60dfd517a9_00f0e7f365a34acc5911a38c89776a4bdd2ba1685edcd0cc__vs__1424386e9b_017447de83753a0e3b7afc659df038ef56972925336c6a5b_redline_8c15afe367.pdf
spread,905,tracking_without_comments__286955227d_0134fe85fb88da2accd6637e1c44bdd4f8b7fbb533bd47ba__vs__a5f2b9318d_002aa60c2ae1187417b4b157c5ec6450324cc056ec551a12_redline_9c1cdbe3ad,71.6519,corpus/word/tracking_without_comments/docx/286955227d_0134fe85fb88da2accd6637e1c44bdd4f8b7fbb533bd47ba__vs__a5f2b9318d_002aa60c2ae1187417b4b157c5ec6450324cc056ec551a12_redline_9c1cdbe3ad.docx,corpus/word/tracking_without_comments/pdf/286955227d_0134fe85fb88da2accd6637e1c44bdd4f8b7fbb533bd47ba__vs__a5f2b9318d_002aa60c2ae1187417b4b157c5ec6450324cc056ec551a12_redline_9c1cdbe3ad.pdf
spread,972,tracking_without_comments__132172576b_75a451230827f240c9c4dab9e021188ec6973f5c681627ae__vs__a4ca6f4c68_e9717d82c1d6cb9bfb67ad47ebd8682c83991f2f0f0afcf5_redline_e12e4521c6,72.9829,corpus/word/tracking_without_comments/docx/132172576b_75a451230827f240c9c4dab9e021188ec6973f5c681627ae__vs__a4ca6f4c68_e9717d82c1d6cb9bfb67ad47ebd8682c83991f2f0f0afcf5_redline_e12e4521c6.docx,corpus/word/tracking_without_comments/pdf/132172576b_75a451230827f240c9c4dab9e021188ec6973f5c681627ae__vs__a4ca6f4c68_e9717d82c1d6cb9bfb67ad47ebd8682c83991f2f0f0afcf5_redline_e12e4521c6.pdf
spread,1039,clean__7899fc3c96_667916088cfbd0c0454be0919ad1ffb1791a318cff1a1d09,74.4269,corpus/word/clean/docx/7899fc3c96_667916088cfbd0c0454be0919ad1ffb1791a318cff1a1d09.docx,corpus/word/clean/pdf/7899fc3c96_667916088cfbd0c0454be0919ad1ffb1791a318cff1a1d09.pdf
spread,1106,tracking_without_comments__60dfd517a9_00f0e7f365a34acc5911a38c89776a4bdd2ba1685edcd0cc__vs__aa5340125d_00a4b0b91e9b5b072dc3771391c2d608518690eccf44eae8_redline_3f3f2b03b1,76.0368,corpus/word/tracking_without_comments/docx/60dfd517a9_00f0e7f365a34acc5911a38c89776a4bdd2ba1685edcd0cc__vs__aa5340125d_00a4b0b91e9b5b072dc3771391c2d608518690eccf44eae8_redline_3f3f2b03b1.docx,corpus/word/tracking_without_comments/pdf/60dfd517a9_00f0e7f365a34acc5911a38c89776a4bdd2ba1685edcd0cc__vs__aa5340125d_00a4b0b91e9b5b072dc3771391c2d608518690eccf44eae8_redline_3f3f2b03b1.pdf
spread,1173,tracking_without_comments__4d1070e14c_strikethrough_text_formatting_demo_id_paraid_ove__vs__316da9cc94_subscript_demo_id_paraid_overflow_redline_67a452560c,76.9173,corpus/word/tracking_without_comments/docx/4d1070e14c_strikethrough_text_formatting_demo_id_paraid_ove__vs__316da9cc94_subscript_demo_id_paraid_overflow_redline_67a452560c.docx,corpus/word/tracking_without_comments/pdf/4d1070e14c_strikethrough_text_formatting_demo_id_paraid_ove__vs__316da9cc94_subscript_demo_id_paraid_overflow_redline_67a452560c.pdf
spread,1240,tracking_without_comments__e3d833aef0_file_10__vs__26ccb443f6_file_11_redline_e698ff3bbe,77.7529,corpus/word/tracking_without_comments/docx/e3d833aef0_file_10__vs__26ccb443f6_file_11_redline_e698ff3bbe.docx,corpus/word/tracking_without_comments/pdf/e3d833aef0_file_10__vs__26ccb443f6_file_11_redline_e698ff3bbe.pdf
spread,1307,clean__8977e1c922_7672b472b406ac51ddf3a68e14bb0255c9e0f7f732c999c7,78.4676,corpus/word/clean/docx/8977e1c922_7672b472b406ac51ddf3a68e14bb0255c9e0f7f732c999c7.docx,corpus/word/clean/pdf/8977e1c922_7672b472b406ac51ddf3a68e14bb0255c9e0f7f732c999c7.pdf
spread,1374,tracking_without_comments__12941c2a77_0023298b011b45232675215822f0f728678a238756d763c8__vs__1424386e9b_017447de83753a0e3b7afc659df038ef56972925336c6a5b_redline_23127ea8e1,78.9691,corpus/word/tracking_without_comments/docx/12941c2a77_0023298b011b45232675215822f0f728678a238756d763c8__vs__1424386e9b_017447de83753a0e3b7afc659df038ef56972925336c6a5b_redline_23127ea8e1.docx,corpus/word/tracking_without_comments/pdf/12941c2a77_0023298b011b45232675215822f0f728678a238756d763c8__vs__1424386e9b_017447de83753a0e3b7afc659df038ef56972925336c6a5b_redline_23127ea8e1.pdf
spread,1441,tracking_without_comments__9ea920c636_710d9d68ef90cbd901510c07ae7fed61173f872e9dbea061__vs__0acde9d23e_50be95cde73c1d9b994d6c75c6d2f67f7b4c6cdf0e13ba30_redline_0e7956b306,79.4671,corpus/word/tracking_without_comments/docx/9ea920c636_710d9d68ef90cbd901510c07ae7fed61173f872e9dbea061__vs__0acde9d23e_50be95cde73c1d9b994d6c75c6d2f67f7b4c6cdf0e13ba30_redline_0e7956b306.docx,corpus/word/tracking_without_comments/pdf/9ea920c636_710d9d68ef90cbd901510c07ae7fed61173f872e9dbea061__vs__0acde9d23e_50be95cde73c1d9b994d6c75c6d2f67f7b4c6cdf0e13ba30_redline_0e7956b306.pdf
spread,1509,tracking_without_comments__8cd372b814_0193e5015be906eb45df5f7b3ceb682c7ff53cb52f15a0bf__vs__aa5340125d_00a4b0b91e9b5b072dc3771391c2d608518690eccf44eae8_redline_1cd051a46c,79.8595,corpus/word/tracking_without_comments/docx/8cd372b814_0193e5015be906eb45df5f7b3ceb682c7ff53cb52f15a0bf__vs__aa5340125d_00a4b0b91e9b5b072dc3771391c2d608518690eccf44eae8_redline_1cd051a46c.docx,corpus/word/tracking_without_comments/pdf/8cd372b814_0193e5015be906eb45df5f7b3ceb682c7ff53cb52f15a0bf__vs__aa5340125d_00a4b0b91e9b5b072dc3771391c2d608518690eccf44eae8_redline_1cd051a46c.pdf
spread,1576,tracking_without_comments__4615c3c04e_support_tickets_summary_id_paraid_overflow__vs__9f27b9f0d4_text_highlight_demo_style_default_missing_redline_8575d7054c,80.368,corpus/word/tracking_without_comments/docx/4615c3c04e_support_tickets_summary_id_paraid_overflow__vs__9f27b9f0d4_text_highlight_demo_style_default_missing_redline_8575d7054c.docx,corpus/word/tracking_without_comments/pdf/4615c3c04e_support_tickets_summary_id_paraid_overflow__vs__9f27b9f0d4_text_highlight_demo_style_default_missing_redline_8575d7054c.pdf
spread,1643,tracking_without_comments__b6f757462e_0006f7905281867ab0d0a45d88f88f72e2c15efbd9a8ed69__vs__5203829c7a_001cc92b88566d5f930fe57f25813c0bf52a7bdc72c217d0_redline_9f142ac84a,80.8826,corpus/word/tracking_without_comments/docx/b6f757462e_0006f7905281867ab0d0a45d88f88f72e2c15efbd9a8ed69__vs__5203829c7a_001cc92b88566d5f930fe57f25813c0bf52a7bdc72c217d0_redline_9f142ac84a.docx,corpus/word/tracking_without_comments/pdf/b6f757462e_0006f7905281867ab0d0a45d88f88f72e2c15efbd9a8ed69__vs__5203829c7a_001cc92b88566d5f930fe57f25813c0bf52a7bdc72c217d0_redline_9f142ac84a.pdf
spread,1710,tracking_without_comments__4f1b13334b_0002768ad2e3174d9c557d30d4a7a8d70ae4062e52383747__vs__2773adf157_0004c94ca2a8684d47449bb0e7abf87de1df71a7e6543252_redline_10aec41832,81.3266,corpus/word/tracking_without_comments/docx/4f1b13334b_0002768ad2e3174d9c557d30d4a7a8d70ae4062e52383747__vs__2773adf157_0004c94ca2a8684d47449bb0e7abf87de1df71a7e6543252_redline_10aec41832.docx,corpus/word/tracking_without_comments/pdf/4f1b13334b_0002768ad2e3174d9c557d30d4a7a8d70ae4062e52383747__vs__2773adf157_0004c94ca2a8684d47449bb0e7abf87de1df71a7e6543252_redline_10aec41832.pdf
spread,1777,tracking_without_comments__578897b374_file_56__vs__834c9f9f35_file_57_redline_d109f1d68e,81.7279,corpus/word/tracking_without_comments/docx/578897b374_file_56__vs__834c9f9f35_file_57_redline_d109f1d68e.docx,corpus/word/tracking_without_comments/pdf/578897b374_file_56__vs__834c9f9f35_file_57_redline_d109f1d68e.pdf
spread,1844,tracking_without_comments__22a2f86b88_7355234eced26f58daf9077059337af05aed9f0530d9774b__vs__44ca53d5d4_b0b59d4a8d62a7517b810cd8838a68e626cd804be28ef10b_redline_670c56bd07,82.1776,corpus/word/tracking_without_comments/docx/22a2f86b88_7355234eced26f58daf9077059337af05aed9f0530d9774b__vs__44ca53d5d4_b0b59d4a8d62a7517b810cd8838a68e626cd804be28ef10b_redline_670c56bd07.docx,corpus/word/tracking_without_comments/pdf/22a2f86b88_7355234eced26f58daf9077059337af05aed9f0530d9774b__vs__44ca53d5d4_b0b59d4a8d62a7517b810cd8838a68e626cd804be28ef10b_redline_670c56bd07.pdf
spread,1911,tracking_without_comments__d426359dd9_file_111__vs__5bde480834_file_112_redline_07558141ca,82.5372,corpus/word/tracking_without_comments/docx/d426359dd9_file_111__vs__5bde480834_file_112_redline_07558141ca.docx,corpus/word/tracking_without_comments/pdf/d426359dd9_file_111__vs__5bde480834_file_112_redline_07558141ca.pdf
spread,1978,tracking_without_comments__9be7e36de4_00c3fd2d23e8acf016f9b2fb44f4ee84789abc39c820e7ab__vs__a5f2b9318d_002aa60c2ae1187417b4b157c5ec6450324cc056ec551a12_redline_5068b053d6,82.8051,corpus/word/tracking_without_comments/docx/9be7e36de4_00c3fd2d23e8acf016f9b2fb44f4ee84789abc39c820e7ab__vs__a5f2b9318d_002aa60c2ae1187417b4b157c5ec6450324cc056ec551a12_redline_5068b053d6.docx,corpus/word/tracking_without_comments/pdf/9be7e36de4_00c3fd2d23e8acf016f9b2fb44f4ee84789abc39c820e7ab__vs__a5f2b9318d_002aa60c2ae1187417b4b157c5ec6450324cc056ec551a12_redline_5068b053d6.pdf
spread,2045,tracking_without_comments__798e9f7226_file_150__vs__0935a8a24e_file_151_redline_f5def8948d,83.0672,corpus/word/tracking_without_comments/docx/798e9f7226_file_150__vs__0935a8a24e_file_151_redline_f5def8948d.docx,corpus/word/tracking_without_comments/pdf/798e9f7226_file_150__vs__0935a8a24e_file_151_redline_f5def8948d.pdf
spread,2112,tracking_without_comments__9cec0a4e06_book_catalog_table__vs__d6ef87dca7_budget_report_q1_2026_suggesting_insertions_redline_79825c65ec,83.2388,corpus/word/tracking_without_comments/docx/9cec0a4e06_book_catalog_table__vs__d6ef87dca7_budget_report_q1_2026_suggesting_insertions_redline_79825c65ec.docx,corpus/word/tracking_without_comments/pdf/9cec0a4e06_book_catalog_table__vs__d6ef87dca7_budget_report_q1_2026_suggesting_insertions_redline_79825c65ec.pdf
spread,2179,clean__c90bde92a4_file_35,83.5325,corpus/word/clean/docx/c90bde92a4_file_35.docx,corpus/word/clean/pdf/c90bde92a4_file_35.pdf
spread,2246,tracking_without_comments__99ef9c7a7e_file_75__vs__c492c95bb9_file_76_redline_7810afa11e,84.2235,corpus/word/tracking_without_comments/docx/99ef9c7a7e_file_75__vs__c492c95bb9_file_76_redline_7810afa11e.docx,corpus/word/tracking_without_comments/pdf/99ef9c7a7e_file_75__vs__c492c95bb9_file_76_redline_7810afa11e.pdf
spread,2314,clean__a1872de6f9_4ba11863826eb6a508ea7cf4b938acc078e24964b0ea83a4,85.0692,corpus/word/clean/docx/a1872de6f9_4ba11863826eb6a508ea7cf4b938acc078e24964b0ea83a4.docx,corpus/word/clean/pdf/a1872de6f9_4ba11863826eb6a508ea7cf4b938acc078e24964b0ea83a4.pdf
spread,2381,clean__6c8fc15329_adec1f56bbf0e13c249c914129851ad18623e311ccbfde12,86.0706,corpus/word/clean/docx/6c8fc15329_adec1f56bbf0e13c249c914129851ad18623e311ccbfde12.docx,corpus/word/clean/pdf/6c8fc15329_adec1f56bbf0e13c249c914129851ad18623e311ccbfde12.pdf
spread,2448,clean__5cf261e998_822643bd7db332f5d2172d944ee96ecfa4079dbba515a880,86.8767,corpus/word/clean/docx/5cf261e998_822643bd7db332f5d2172d944ee96ecfa4079dbba515a880.docx,corpus/word/clean/pdf/5cf261e998_822643bd7db332f5d2172d944ee96ecfa4079dbba515a880.pdf
spread,2515,clean__d53c3f411e_c39de3199fc7d2e0eb44dd062bd7bd2c860354813aec5761,87.5531,corpus/word/clean/docx/d53c3f411e_c39de3199fc7d2e0eb44dd062bd7bd2c860354813aec5761.docx,corpus/word/clean/pdf/d53c3f411e_c39de3199fc7d2e0eb44dd062bd7bd2c860354813aec5761.pdf
spread,2582,clean__272fd64000_3f7a021187109447b983236dc9847a42959ff4a9b610027b,88.1731,corpus/word/clean/docx/272fd64000_3f7a021187109447b983236dc9847a42959ff4a9b610027b.docx,corpus/word/clean/pdf/272fd64000_3f7a021187109447b983236dc9847a42959ff4a9b610027b.pdf
spread,2649,clean__420868b8ad_file_140,88.7254,corpus/word/clean/docx/420868b8ad_file_140.docx,corpus/word/clean/pdf/420868b8ad_file_140.pdf
spread,2716,tracking_without_comments__4dcc0416b8_file_50__vs__f0070fef24_file_51_redline_83b055133b,89.3308,corpus/word/tracking_without_comments/docx/4dcc0416b8_file_50__vs__f0070fef24_file_51_redline_83b055133b.docx,corpus/word/tracking_without_comments/pdf/4dcc0416b8_file_50__vs__f0070fef24_file_51_redline_83b055133b.pdf
spread,2783,clean__dda66f2e20_13d11814aee9627b5817928625ff9990ebbcf1c7b664091f,89.8164,corpus/word/clean/docx/dda66f2e20_13d11814aee9627b5817928625ff9990ebbcf1c7b664091f.docx,corpus/word/clean/pdf/dda66f2e20_13d11814aee9627b5817928625ff9990ebbcf1c7b664091f.pdf
spread,2850,clean__a9e2f2c9c6_03db4d3e4022d9613a4bbbb7f7b4bc98bed915d4491cb897,90.2367,corpus/word/clean/docx/a9e2f2c9c6_03db4d3e4022d9613a4bbbb7f7b4bc98bed915d4491cb897.docx,corpus/word/clean/pdf/a9e2f2c9c6_03db4d3e4022d9613a4bbbb7f7b4bc98bed915d4491cb897.pdf
spread,2917,clean__6a583de2e9_2759ad7e33657fd3a492e78e8bce281c34f6ea85fdf822dc,90.6506,corpus/word/clean/docx/6a583de2e9_2759ad7e33657fd3a492e78e8bce281c34f6ea85fdf822dc.docx,corpus/word/clean/pdf/6a583de2e9_2759ad7e33657fd3a492e78e8bce281c34f6ea85fdf822dc.pdf
spread,2984,tracking_without_comments__9610bc363d_track_changes_editing_strikethrough_id_paraid_ov__vs__bf23b1e436_track_changes_suggesting_bold_id_paraid_overflow_redline_2561ef98d9,91.2687,corpus/word/tracking_without_comments/docx/9610bc363d_track_changes_editing_strikethrough_id_paraid_ov__vs__bf23b1e436_track_changes_suggesting_bold_id_paraid_overflow_redline_2561ef98d9.docx,corpus/word/tracking_without_comments/pdf/9610bc363d_track_changes_editing_strikethrough_id_paraid_ov__vs__bf23b1e436_track_changes_suggesting_bold_id_paraid_overflow_redline_2561ef98d9.pdf
spread,3051,clean__f99040e107_cd25271e4da94feba51015a01ead22c207c363c7e247b988,91.7809,corpus/word/clean/docx/f99040e107_cd25271e4da94feba51015a01ead22c207c363c7e247b988.docx,corpus/word/clean/pdf/f99040e107_cd25271e4da94feba51015a01ead22c207c363c7e247b988.pdf
spread,3118,tracking_without_comments__0203b5fed7_strikethrough_bold_demo_id_paraid_overflow__vs__aa62a37db2_strikethrough_text_demo_id_paraid_overflow_redline_2e50998dbb,92.6607,corpus/word/tracking_without_comments/docx/0203b5fed7_strikethrough_bold_demo_id_paraid_overflow__vs__aa62a37db2_strikethrough_text_demo_id_paraid_overflow_redline_2e50998dbb.docx,corpus/word/tracking_without_comments/pdf/0203b5fed7_strikethrough_bold_demo_id_paraid_overflow__vs__aa62a37db2_strikethrough_text_demo_id_paraid_overflow_redline_2e50998dbb.pdf
spread,3186,clean__d946568456_c56067ea48edaafbad1e288b50e970f32229209d91e0d338,93.312,corpus/word/clean/docx/d946568456_c56067ea48edaafbad1e288b50e970f32229209d91e0d338.docx,corpus/word/clean/pdf/d946568456_c56067ea48edaafbad1e288b50e970f32229209d91e0d338.pdf
spread,3253,clean__12809de7d6_word_tolerated_misplaced_pgsz,94.3186,corpus/word/clean/docx/12809de7d6_word_tolerated_misplaced_pgsz.docx,corpus/word/clean/pdf/12809de7d6_word_tolerated_misplaced_pgsz.pdf
spread,3320,tracking_without_comments__87f3bff234_meeting_minutes_id_paraid_overflow__vs__af73bfcc05_meeting_minutes_suggesting_insertions_redline_eae3f5c09f,95.5447,corpus/word/tracking_without_comments/docx/87f3bff234_meeting_minutes_id_paraid_overflow__vs__af73bfcc05_meeting_minutes_suggesting_insertions_redline_eae3f5c09f.docx,corpus/word/tracking_without_comments/pdf/87f3bff234_meeting_minutes_id_paraid_overflow__vs__af73bfcc05_meeting_minutes_suggesting_insertions_redline_eae3f5c09f.pdf
spread,3387,tracking_without_comments__3fc14675e5_italic_text_formatting_demo_id_paraid_overflow_2__vs__f26a5e4940_italic_text_formatting_demo_id_paraid_overflow_redline_7c3b405f35,97.1375,corpus/word/tracking_without_comments/docx/3fc14675e5_italic_text_formatting_demo_id_paraid_overflow_2__vs__f26a5e4940_italic_text_formatting_demo_id_paraid_overflow_redline_7c3b405f35.docx,corpus/word/tracking_without_comments/pdf/3fc14675e5_italic_text_formatting_demo_id_paraid_overflow_2__vs__f26a5e4940_italic_text_formatting_demo_id_paraid_overflow_redline_7c3b405f35.pdf
spread,3454,clean__edebdd12f3_016496eac03b7c0ca311b325d8655553037bd65eba0a52bb,98.5276,corpus/word/clean/docx/edebdd12f3_016496eac03b7c0ca311b325d8655553037bd65eba0a52bb.docx,corpus/word/clean/pdf/edebdd12f3_016496eac03b7c0ca311b325d8655553037bd65eba0a52bb.pdf
spread,3521,clean__c6ce4423f8_file_96,99.4192,corpus/word/clean/docx/c6ce4423f8_file_96.docx,corpus/word/clean/pdf/c6ce4423f8_file_96.pdf
