key,base,next,docx,pdf,state,id,sets,base_sha256,next_sha256,docx_sha256,pdf_sha256
0086695f46_file_124__vs__d8f8e09b6e_file_125_redline_51d1d87a1f,tracking_without_comments/docx/0086695f46_file_124,clean/docx/d8f8e09b6e_file_125,tracking_without_comments/docx/0086695f46_file_124__vs__d8f8e09b6e_file_125_redline_51d1d87a1f.docx,tracking_without_comments/pdf/0086695f46_file_124__vs__d8f8e09b6e_file_125_redline_51d1d87a1f.pdf,tracking_without_comments,51d1d87a1f,word_based_randomized_0926,0086695f46bcb1912ca53e17c95ef5502057acb3c379a40803a8b2a788be2891,d8f8e09b6e17c12d652d9e4e1d1ef5f221271644ec1c28b37fb8eedce2916d60,51d1d87a1ffe53c616b26b1fe58ae24fdec288c2f4985c433f17b700adf78060,b4d8a10c974c5d8b918472e58a14edc8f28554a27a5f4cd1f3c67b42e79c99eb
008908795c_increase_indent_demo_id_paraid_overflow__vs__5adc853144_insert_link_demo_id_paraid_overflow_redline_2564d80f8c,clean/docx/008908795c_increase_indent_demo_id_paraid_overflow,clean/docx/5adc853144_insert_link_demo_id_paraid_overflow,tracking_without_comments/docx/008908795c_increase_indent_demo_id_paraid_overflow__vs__5adc853144_insert_link_demo_id_paraid_overflow_redline_2564d80f8c.docx,tracking_without_comments/pdf/008908795c_increase_indent_demo_id_paraid_overflow__vs__5adc853144_insert_link_demo_id_paraid_overflow_redline_2564d80f8c.pdf,tracking_without_comments,2564d80f8c,word_based,008908795c7f79558fcf4597f6466a80f6113f869d1267c907d16db0c618ffb5,5adc853144cd6b3f58a4d277e2d9c40f5e795a2b0146edc443a8e7da13775499,2564d80f8c51ac6b7f7ded6aae7bb05ae79cf09f122de655fa7c47d7ff8cfdf6,5ba4753b975ab3d2a6ec842fd3dab995c29cebde00f132d7f2d590b7aa6b0a8a
00da16e738_heading_4_style_demo_id_paraid_overflow_2__vs__82928b2e05_heading_4_style_demo_id_paraid_overflow_redline_98576c297a,clean/docx/00da16e738_heading_4_style_demo_id_paraid_overflow_2,clean/docx/82928b2e05_heading_4_style_demo_id_paraid_overflow,tracking_without_comments/docx/00da16e738_heading_4_style_demo_id_paraid_overflow_2__vs__82928b2e05_heading_4_style_demo_id_paraid_overflow_redline_98576c297a.docx,tracking_without_comments/pdf/00da16e738_heading_4_style_demo_id_paraid_overflow_2__vs__82928b2e05_heading_4_style_demo_id_paraid_overflow_redline_98576c297a.pdf,tracking_without_comments,98576c297a,word_based_0926,00da16e738e0c65e648f3246a3abb4be8a406ef9a5de68f3e533f2caefba4a5b,82928b2e05fbcf66f1b4e98c43350747653f7526c561e208add22973f0127fba,98576c297aa32f8819dba25ca7e8d18a644db2e8410fa3756a8f69f520a70fdd,b9f75a9ffc5f731d39e22634c8e0f70b3c22a36dceef900ea0c35253f88e2814
00f467c010_0008753aa70a6a7b929aa1958001da41574c2d407e5b9863__vs__bd3824dd1e_000ee64ef7226d353297888f59a251e24ce5d776fea000fa_redline_2e24b0f4a3,clean/docx/00f467c010_0008753aa70a6a7b929aa1958001da41574c2d407e5b9863,clean/docx/bd3824dd1e_000ee64ef7226d353297888f59a251e24ce5d776fea000fa,tracking_without_comments/docx/00f467c010_0008753aa70a6a7b929aa1958001da41574c2d407e5b9863__vs__bd3824dd1e_000ee64ef7226d353297888f59a251e24ce5d776fea000fa_redline_2e24b0f4a3.docx,tracking_without_comments/pdf/00f467c010_0008753aa70a6a7b929aa1958001da41574c2d407e5b9863__vs__bd3824dd1e_000ee64ef7226d353297888f59a251e24ce5d776fea000fa_redline_2e24b0f4a3.pdf,tracking_without_comments,2e24b0f4a3,redlines_a100_b10,00f467c010bdf71c400d8da6f430483ae4942c51ececc1fdf2c03b241655fbde,bd3824dd1e5554e7b0a8c3ab90f434599e047ff8de6ec85a04be794d32919bdf,2e24b0f4a3c1a1c2bb49c60245f60fd05ad619e579fccfa32f20a12e79d4c60a,7c254939b0696fb391af6da8912b07a4b76bf97ccd76fae8eb5dd31cd4fd477e
017c22e2a3_heading_3_style_demo_id_paraid_overflow_2__vs__e0e6c96bb7_heading_3_style_demo_id_paraid_overflow_redline_db52aa8564,clean/docx/017c22e2a3_heading_3_style_demo_id_paraid_overflow_2,clean/docx/e0e6c96bb7_heading_3_style_demo_id_paraid_overflow,tracking_without_comments/docx/017c22e2a3_heading_3_style_demo_id_paraid_overflow_2__vs__e0e6c96bb7_heading_3_style_demo_id_paraid_overflow_redline_db52aa8564.docx,tracking_without_comments/pdf/017c22e2a3_heading_3_style_demo_id_paraid_overflow_2__vs__e0e6c96bb7_heading_3_style_demo_id_paraid_overflow_redline_db52aa8564.pdf,tracking_without_comments,db52aa8564,fixtures_word_compares;pdf_fill_0928,017c22e2a389709d9558c34d069a5abc579c3c80101f5bd8872c1bd2358f0f0a,e0e6c96bb7d45f5b095051f79d8fe0e8748412d929d92e466fbe5efb6c6ae912,db52aa85641e9227b56c28df42e1cba0dd0f9ce3790fc3bd2cff38dfbce716e0,995a3b8f2a3b9c8a5ae74798492b6e3eb89d6f2d9765566808a6f14ba3b8840e
01d1b3da75_table_bookmark_end__vs__45c1c5abec_table_vmerge_colspan_redline_dc2cb3c667,clean/docx/01d1b3da75_table_bookmark_end,clean/docx/45c1c5abec_table_vmerge_colspan,tracking_without_comments/docx/01d1b3da75_table_bookmark_end__vs__45c1c5abec_table_vmerge_colspan_redline_dc2cb3c667.docx,tracking_without_comments/pdf/01d1b3da75_table_bookmark_end__vs__45c1c5abec_table_vmerge_colspan_redline_dc2cb3c667.pdf,tracking_without_comments,dc2cb3c667,word_based_0926,01d1b3da75407df2ec7030f781c68f542cff7d6785c7c7d1fcfa474f56c88303,45c1c5abecd57ac13ed2b101fe90e046a2e368364ddc301a7d977b407179a585,dc2cb3c667c9ad114cb6b5f2b697014ac38798a9c5f3ea091f3bfc683d721355,90ab8e05ccebbfbc93ff7a68956057dfd6888b2a2d31460d38f0685fa1c0f9a0
0203b5fed7_strikethrough_bold_demo_id_paraid_overflow__vs__aa62a37db2_strikethrough_text_demo_id_paraid_overflow_redline_2e50998dbb,clean/docx/0203b5fed7_strikethrough_bold_demo_id_paraid_overflow,clean/docx/aa62a37db2_strikethrough_text_demo_id_paraid_overflow,tracking_without_comments/docx/0203b5fed7_strikethrough_bold_demo_id_paraid_overflow__vs__aa62a37db2_strikethrough_text_demo_id_paraid_overflow_redline_2e50998dbb.docx,tracking_without_comments/pdf/0203b5fed7_strikethrough_bold_demo_id_paraid_overflow__vs__aa62a37db2_strikethrough_text_demo_id_paraid_overflow_redline_2e50998dbb.pdf,tracking_without_comments,2e50998dbb,word_based,0203b5fed73d387c2705df83b8e9ee52bfb56db09289f15dc47effc4b60a00c5,aa62a37db23acff2c10e003cb876d2aeb44cc823c55ba48ee6534341b412476c,2e50998dbb3b7bc8ee25b1bd0cfb085cdb3115ffff7c094386f85084a317e40a,54eb42e23266d3f5320a524557747124f676ec25cbba78a8a044437b7600cb22
02d3862b8b_file_116__vs__2090099ae6_file_117_redline_b04445e064,clean/docx/02d3862b8b_file_116,clean/docx/2090099ae6_file_117,tracking_without_comments/docx/02d3862b8b_file_116__vs__2090099ae6_file_117_redline_b04445e064.docx,tracking_without_comments/pdf/02d3862b8b_file_116__vs__2090099ae6_file_117_redline_b04445e064.pdf,tracking_without_comments,b04445e064,nocomments_randomized,02d3862b8bfbe933eb5d0b91236e6cffe22a1f954e3d33598410bafd20e36508,2090099ae638854f82260e3dae32bdec1d10e97984a9bfc29a508d17ae0d3e40,b04445e0646af540adcf2b7e3c5f814d18ecef9bc1bd01f70e786ebbb3edaaa7,1e0bd22c37fd32c9b03cef1bded11ad821731e290c280401260edb3cbb4baec9
0483e899af_file_143__vs__cc82deb093_file_144_redline_428f3f3022,with_comments_tracking/docx/0483e899af_file_143,clean/docx/cc82deb093_file_144,with_comments_tracking/docx/0483e899af_file_143__vs__cc82deb093_file_144_redline_428f3f3022.docx,with_comments_tracking/pdf/0483e899af_file_143__vs__cc82deb093_file_144_redline_428f3f3022.pdf,with_comments_tracking,428f3f3022,word_based_randomized,0483e899affbc93c440cafad39ec23a409d3ed6d6fd88d036747b9a9434d4f33,cc82deb0933ad31cf393db7c5a652e1f7a6228cfbddb635f8148b65fc7147c61,428f3f3022a6b36fe7f3c57019eee99a4a891ddc8a91006ce43c86851ac0605d,44bd63110abe738c9724612e25397ff5b3acb14ab5efd18ba96f0f1755c09815
049a315896_super_editor__hyperlink_multiple_runs_0138c312__vs__2ad2fc5ab0_super_editor__diff_before10_2f84ca55_redline_a098bd5ad9,clean/docx/049a315896_super_editor__hyperlink_multiple_runs_0138c312,clean/docx/2ad2fc5ab0_super_editor__diff_before10_2f84ca55,tracking_without_comments/docx/049a315896_super_editor__hyperlink_multiple_runs_0138c312__vs__2ad2fc5ab0_super_editor__diff_before10_2f84ca55_redline_a098bd5ad9.docx,tracking_without_comments/pdf/049a315896_super_editor__hyperlink_multiple_runs_0138c312__vs__2ad2fc5ab0_super_editor__diff_before10_2f84ca55_redline_a098bd5ad9.pdf,tracking_without_comments,a098bd5ad9,word_redlines_superdoc,049a31589633f0e73cec78dde1886f318bcfd977cadc94c0564a3ea0dd1182b9,2ad2fc5ab0bc3ede598b706bd43613a1e540c37814214560b639180db724889a,a098bd5ad92992a41624345737a8fe96a01d2161d783ebe1b068920ebdfc4bf8,3bfa891b62d96747aec253755442da8a4fec68e92216382e47092d34e3e2be34
04dafefc52_00048cb6667d721bdb2219ecbadb6eb369e439c130ac475e__vs__333bfe069a_003416d620331122b93b434dad901db5836f60d2cad4b533_redline_3be4fcdaf1,clean/docx/04dafefc52_00048cb6667d721bdb2219ecbadb6eb369e439c130ac475e,clean/docx/333bfe069a_003416d620331122b93b434dad901db5836f60d2cad4b533,tracking_without_comments/docx/04dafefc52_00048cb6667d721bdb2219ecbadb6eb369e439c130ac475e__vs__333bfe069a_003416d620331122b93b434dad901db5836f60d2cad4b533_redline_3be4fcdaf1.docx,tracking_without_comments/pdf/04dafefc52_00048cb6667d721bdb2219ecbadb6eb369e439c130ac475e__vs__333bfe069a_003416d620331122b93b434dad901db5836f60d2cad4b533_redline_3be4fcdaf1.pdf,tracking_without_comments,3be4fcdaf1,redlines_a100_b10,04dafefc52b6a145c312ee1803c61559332ca697ef963b7487e414b1cbea8534,333bfe069af9a12a08ef3a6811ef6e3007f1c41d3f1ed9a87816a010e1aaa443,3be4fcdaf13e7ec4e6a449193d1503153c94fee6594833177deb481d24646363,b1fa01ec87760ecef496b2bb6f8b2e0c0cd244ac68a27eb0bbe00a1d03220ea9
04dafefc52_00048cb6667d721bdb2219ecbadb6eb369e439c130ac475e__vs__deff0e697a_00b5defcad6e58038eac35472a2d48c89905068e5ece0cc3_redline_4ea3d6091d,clean/docx/04dafefc52_00048cb6667d721bdb2219ecbadb6eb369e439c130ac475e,clean/docx/deff0e697a_00b5defcad6e58038eac35472a2d48c89905068e5ece0cc3,tracking_without_comments/docx/04dafefc52_00048cb6667d721bdb2219ecbadb6eb369e439c130ac475e__vs__deff0e697a_00b5defcad6e58038eac35472a2d48c89905068e5ece0cc3_redline_4ea3d6091d.docx,tracking_without_comments/pdf/04dafefc52_00048cb6667d721bdb2219ecbadb6eb369e439c130ac475e__vs__deff0e697a_00b5defcad6e58038eac35472a2d48c89905068e5ece0cc3_redline_4ea3d6091d.pdf,tracking_without_comments,4ea3d6091d,redlines_a100_b10,04dafefc52b6a145c312ee1803c61559332ca697ef963b7487e414b1cbea8534,deff0e697a2dfbcc4a41b9b979b9d9cb54b60ef4c9e5bc588011e6bda3fc0af2,4ea3d6091d962cedbe06c41513c8bd80370dd9bbc01bb195a751d7299b773113,c161a4f290554fbde0a932d6150a03cf00ef8177f6b34a6dd35857f818a30f18
058cd936de_super_editor__image_doc_c7d007ac__vs__3ad13eed3d_evals__document_9bff7e1b_redline_dd5bc80bc2,clean/docx/058cd936de_super_editor__image_doc_c7d007ac,clean/docx/3ad13eed3d_evals__document_9bff7e1b,tracking_without_comments/docx/058cd936de_super_editor__image_doc_c7d007ac__vs__3ad13eed3d_evals__document_9bff7e1b_redline_dd5bc80bc2.docx,tracking_without_comments/pdf/058cd936de_super_editor__image_doc_c7d007ac__vs__3ad13eed3d_evals__document_9bff7e1b_redline_dd5bc80bc2.pdf,tracking_without_comments,dd5bc80bc2,word_redlines_superdoc_0926,058cd936dededfbe957ad5a5d310ee26accda4de60ca7132e50555dc2d039cf9,3ad13eed3d3ba0f84480e28d3e0442750700c39ed822edb29d7f15f9c403aab4,dd5bc80bc24d20f861027660c7683a919b66c7a7d0b96349ad0b640d04d7c92b,9e6dcf049fd07093f76099b6b8e283f12911b35b18923ac06f506965dd99f4ee
058cd936de_super_editor__image_doc_c7d007ac__vs__de8054b3bc_super_editor__image_p_spacing_9b211fd7_redline_8859b473b1,clean/docx/058cd936de_super_editor__image_doc_c7d007ac,clean/docx/de8054b3bc_super_editor__image_p_spacing_9b211fd7,tracking_without_comments/docx/058cd936de_super_editor__image_doc_c7d007ac__vs__de8054b3bc_super_editor__image_p_spacing_9b211fd7_redline_8859b473b1.docx,tracking_without_comments/pdf/058cd936de_super_editor__image_doc_c7d007ac__vs__de8054b3bc_super_editor__image_p_spacing_9b211fd7_redline_8859b473b1.pdf,tracking_without_comments,8859b473b1,word_redlines_superdoc,058cd936dededfbe957ad5a5d310ee26accda4de60ca7132e50555dc2d039cf9,de8054b3bc43bb9b35922fd4df7c0de3db4d2173115a983974a01102e3bcefef,8859b473b14840ee2030b3a32ae162b52ceee55dd244113022089135ca68f73b,b7d0d66a5a74fc011bcb1795ccf2ca42dd260c197e5eda306f30be15bb6b0da5
060415914f_file_63__vs__58d11506a5_file_64_redline_f51694bde0,tracking_without_comments/docx/060415914f_file_63,clean/docx/58d11506a5_file_64,tracking_without_comments/docx/060415914f_file_63__vs__58d11506a5_file_64_redline_f51694bde0.docx,tracking_without_comments/pdf/060415914f_file_63__vs__58d11506a5_file_64_redline_f51694bde0.pdf,tracking_without_comments,f51694bde0,word_based_randomized,060415914f0d864454da7d2e8909caa97eaea1e63582053a80451e570b767e5d,58d11506a5d89864e29abf6dcf76f08cdefd6c6b08a40a523a51606c31f869c2,f51694bde0af2fd826900d77c60efe68bf5271e5665a403ab748845a6dd23f48,e60edde07a6750d7ea6e48a8aedd825b330ae203ebc752d64e0717fec073d28d
0619bc1b1d_file_84__vs__fad179ac0c_file_85_redline_7a9bcc2478,clean/docx/0619bc1b1d_file_84,clean/docx/fad179ac0c_file_85,tracking_without_comments/docx/0619bc1b1d_file_84__vs__fad179ac0c_file_85_redline_7a9bcc2478.docx,tracking_without_comments/pdf/0619bc1b1d_file_84__vs__fad179ac0c_file_85_redline_7a9bcc2478.pdf,tracking_without_comments,7a9bcc2478,word_based_randomized,0619bc1b1dab3e2b4687ac904565a5de0c34b894e015210832895272044e122f,fad179ac0c7e8b61880fe3c110a17bd6b6ee78cbabf1ef659d98dd9d20371fd1,7a9bcc24788a1a422e2ed5f803d8d5c132a646116a33ffa7ac1494da8851068d,fc805e59da1a0746dbfb4fafb24618b133253a7f869c26c0476c4c05ea2f1203
06a48012fc_file_166__vs__d60ccf445a_file_167_redline_9dcd445afd,clean/docx/06a48012fc_file_166,clean/docx/d60ccf445a_file_167,tracking_without_comments/docx/06a48012fc_file_166__vs__d60ccf445a_file_167_redline_9dcd445afd.docx,tracking_without_comments/pdf/06a48012fc_file_166__vs__d60ccf445a_file_167_redline_9dcd445afd.pdf,tracking_without_comments,9dcd445afd,word_based_randomized,06a48012fcea647a04885d1b25eefe4a50362dd889bf67f3cb0e33fecebacf1d,d60ccf445a4efa107e2a3595ef21a47da9b650b318307c469cfa48a44739de23,9dcd445afda8d5281054fabb607aad383d3d8eb13912c38f49c39dc6e039c945,cfb07917181fee727174dc81d64e6c0a4c773a6be4a20e5bdae1432ddb25f191
0728d64a65_file_182__vs__53de8de92b_file_183_redline_f8204b0629,tracking_without_comments/docx/0728d64a65_file_182,clean/docx/53de8de92b_file_183,tracking_without_comments/docx/0728d64a65_file_182__vs__53de8de92b_file_183_redline_f8204b0629.docx,tracking_without_comments/pdf/0728d64a65_file_182__vs__53de8de92b_file_183_redline_f8204b0629.pdf,tracking_without_comments,f8204b0629,word_based_randomized,0728d64a653f09552db8f2cc90e72132f97b944009046b7e6596b4c83caeb7a3,53de8de92b2fed7f53feffb132fed26c946870542f08ca842ac31cc2945cc8d6,f8204b062917acc084c828f944d50df05650c0f4dda2768a5b81188e9dea4a0c,1449d7400b4cdb5d1ad47b3c4710ccd7f8b4525bfc4e26aadbd69e3f96efb927
0800162a66_000799b53487acb327ccf0c0ab87fb14b9e8636346719296__vs__a5f2b9318d_002aa60c2ae1187417b4b157c5ec6450324cc056ec551a12_redline_02514c26c3,clean/docx/0800162a66_000799b53487acb327ccf0c0ab87fb14b9e8636346719296,clean/docx/a5f2b9318d_002aa60c2ae1187417b4b157c5ec6450324cc056ec551a12,tracking_without_comments/docx/0800162a66_000799b53487acb327ccf0c0ab87fb14b9e8636346719296__vs__a5f2b9318d_002aa60c2ae1187417b4b157c5ec6450324cc056ec551a12_redline_02514c26c3.docx,tracking_without_comments/pdf/0800162a66_000799b53487acb327ccf0c0ab87fb14b9e8636346719296__vs__a5f2b9318d_002aa60c2ae1187417b4b157c5ec6450324cc056ec551a12_redline_02514c26c3.pdf,tracking_without_comments,02514c26c3,redlines_a100_b10,0800162a66446d755f5a3871e3927ebe4b73dbce82925fbccb759f85793b0198,a5f2b9318d75c4ea4591cd74ee984c4703aa1db45936aef0b3c120e01532bf72,02514c26c36c7f09a2125443e95c11542f578965d8edad7a92ab1d2dec3ebaea,2ebd361c07f8d60b2a0d9f73bea347e2d7ff4e37bbc0d4efd309859b9408f1d1
08147dee09_file_195__vs__c09b14fcd7_file_196_redline_1edc0f56f4,clean/docx/08147dee09_file_195,with_comments_tracking/docx/c09b14fcd7_file_196,with_comments_tracking/docx/08147dee09_file_195__vs__c09b14fcd7_file_196_redline_1edc0f56f4.docx,with_comments_tracking/pdf/08147dee09_file_195__vs__c09b14fcd7_file_196_redline_1edc0f56f4.pdf,with_comments_tracking,1edc0f56f4,word_based_randomized,08147dee09c5e5cd9650adb8f2909a87baca39875cef6927de4e9f8ac3330a76,c09b14fcd7b77d7df10cec2daf04a2541a69d32ef269111e1ac276523ddf411a,1edc0f56f4fd3f47eb64f168c181e2801b00b6448a6383621755ab6c4485f9bf,36024d0008fd715266cb565536b940609d1fa3851e18a46d1562986bfcf0b877
08286ffbfb_super_editor__basic_resolved_comment_cac5a1b0__vs__5fa01813d3_super_editor__basic_table_shading_d3212ffd_redline_3fdab4ace6,with_comments_clean/docx/08286ffbfb_super_editor__basic_resolved_comment_cac5a1b0,clean/docx/5fa01813d3_super_editor__basic_table_shading_d3212ffd,with_comments_tracking/docx/08286ffbfb_super_editor__basic_resolved_comment_cac5a1b0__vs__5fa01813d3_super_editor__basic_table_shading_d3212ffd_redline_3fdab4ace6.docx,with_comments_tracking/pdf/08286ffbfb_super_editor__basic_resolved_comment_cac5a1b0__vs__5fa01813d3_super_editor__basic_table_shading_d3212ffd_redline_3fdab4ace6.pdf,with_comments_tracking,3fdab4ace6,word_redlines_superdoc,08286ffbfb7924b6ec91305f25af6e20205e9a3769c0313ba02fb29a579455a1,5fa01813d3e774758918c880bd1228e72a47d2a3ea575403007127afb07dee59,3fdab4ace6965f5ef8452fba85881849c87895da6fc39738472e8b8c0636efab,25213ed759ce5ef872da419098b3c7d29eb39bffae6d40928bba6dee8fd60512
0935a8a24e_file_151__vs__f601de1855_file_152_redline_4376dca7a2,clean/docx/0935a8a24e_file_151,clean/docx/f601de1855_file_152,tracking_without_comments/docx/0935a8a24e_file_151__vs__f601de1855_file_152_redline_4376dca7a2.docx,tracking_without_comments/pdf/0935a8a24e_file_151__vs__f601de1855_file_152_redline_4376dca7a2.pdf,tracking_without_comments,4376dca7a2,word_based_randomized,0935a8a24ef4761994694cb5ff7a4c9b35d9227d78ae7ae7c9d0aef26cfc8b84,f601de185566a171dc2d127d1ad4c588ff8804338dd2af211f84866f681ba011,4376dca7a224e1b64798c4d7c9c6046a57d3f2bb6ed0e056dbb404dd0adafc40,d7a697a91657f1e517843b357e123d05acf14866992141511a07930af9f997ba
0a0b6470c3_00051beee50076d47db468069cab455933b72d9df9165e1f__vs__333bfe069a_003416d620331122b93b434dad901db5836f60d2cad4b533_redline_8e445de442,clean/docx/0a0b6470c3_00051beee50076d47db468069cab455933b72d9df9165e1f,clean/docx/333bfe069a_003416d620331122b93b434dad901db5836f60d2cad4b533,tracking_without_comments/docx/0a0b6470c3_00051beee50076d47db468069cab455933b72d9df9165e1f__vs__333bfe069a_003416d620331122b93b434dad901db5836f60d2cad4b533_redline_8e445de442.docx,tracking_without_comments/pdf/0a0b6470c3_00051beee50076d47db468069cab455933b72d9df9165e1f__vs__333bfe069a_003416d620331122b93b434dad901db5836f60d2cad4b533_redline_8e445de442.pdf,tracking_without_comments,8e445de442,redlines_a100_b10,0a0b6470c3d2d862a7a108044aecfa03ceaceea2198eccd373e312bc0ab71310,333bfe069af9a12a08ef3a6811ef6e3007f1c41d3f1ed9a87816a010e1aaa443,8e445de4422c9a69cdcb5ae9096380cab5fc6f570669c41565e2f2bc1e819076,94ea9eb93e75c9b8066b84d74a4c4bf0fba6908aef432a754cb427e0ca639fa1
0a1badc333_super_editor__missing_sectpr_967a402d__vs__84f5fb598b_super_editor__diff_before11_1b953eaf_redline_a78b94020d,clean/docx/0a1badc333_super_editor__missing_sectpr_967a402d,with_comments_tracking/docx/84f5fb598b_super_editor__diff_before11_1b953eaf,with_comments_tracking/docx/0a1badc333_super_editor__missing_sectpr_967a402d__vs__84f5fb598b_super_editor__diff_before11_1b953eaf_redline_a78b94020d.docx,with_comments_tracking/pdf/0a1badc333_super_editor__missing_sectpr_967a402d__vs__84f5fb598b_super_editor__diff_before11_1b953eaf_redline_a78b94020d.pdf,with_comments_tracking,a78b94020d,word_redlines_superdoc_0926,0a1badc3330c202f8f2426014bd27e50ffde042f5344ef49355ceca7f21cd5fa,84f5fb598b0b3f898e73d55ab86b54d6be32a7a43403e494351ac9e091051357,a78b94020dd23d1df6fd0a982c7585e3200284c2a8aa193c3b12231240e93621,f1df95148475a616d52dc1662dced101c62468a912c16cfe281d04144f11ba71
0a1badc333_super_editor__missing_sectpr_967a402d__vs__b5a6dd6c66_super_editor__diff_before_019353a2_redline_d17f11acda,clean/docx/0a1badc333_super_editor__missing_sectpr_967a402d,clean/docx/b5a6dd6c66_super_editor__diff_before_019353a2,tracking_without_comments/docx/0a1badc333_super_editor__missing_sectpr_967a402d__vs__b5a6dd6c66_super_editor__diff_before_019353a2_redline_d17f11acda.docx,tracking_without_comments/pdf/0a1badc333_super_editor__missing_sectpr_967a402d__vs__b5a6dd6c66_super_editor__diff_before_019353a2_redline_d17f11acda.pdf,tracking_without_comments,d17f11acda,word_redlines_superdoc_0926,0a1badc3330c202f8f2426014bd27e50ffde042f5344ef49355ceca7f21cd5fa,b5a6dd6c66630be8a2de973240ff1f9ac5cec40bd479d8e2e1554e4a02c58021,d17f11acdaecf3746e80ef4c4c05ff36034153fbc51257623552db7e4e3399ef,a12e0de5f126cc5aebde9b34a5bb3e207bc1caa299c8f49fce3748338a3129ff
0aa6426932_file_114__vs__ab85c77154_file_115_redline_f7bbf6e831,clean/docx/0aa6426932_file_114,with_comments_tracking/docx/ab85c77154_file_115,with_comments_tracking/docx/0aa6426932_file_114__vs__ab85c77154_file_115_redline_f7bbf6e831.docx,with_comments_tracking/pdf/0aa6426932_file_114__vs__ab85c77154_file_115_redline_f7bbf6e831.pdf,with_comments_tracking,f7bbf6e831,word_based_randomized,0aa64269329eb82da348396efbb98bab24d2929d7ec8d4f9d8e84e7c857ac8b5,ab85c771544bc1d7f27f6bbee422fab5199ef7412cc16aab53d1ee3afd73569b,f7bbf6e8315e7a84e3e0974e4bc0f82a75863db9db48c57c2692238a83dd0134,3ac411f52b194ce6750d87dc8dae9027659003db1047732792ee8e01b40b3423
0b1d0278ce_behavior__math_radical_tests_4c1ce187__vs__4858c9853b_behavior__multi_image_types_b962a2b8_redline_e68181a3c7,clean/docx/0b1d0278ce_behavior__math_radical_tests_4c1ce187,clean/docx/4858c9853b_behavior__multi_image_types_b962a2b8,tracking_without_comments/docx/0b1d0278ce_behavior__math_radical_tests_4c1ce187__vs__4858c9853b_behavior__multi_image_types_b962a2b8_redline_e68181a3c7.docx,tracking_without_comments/pdf/0b1d0278ce_behavior__math_radical_tests_4c1ce187__vs__4858c9853b_behavior__multi_image_types_b962a2b8_redline_e68181a3c7.pdf,tracking_without_comments,e68181a3c7,word_redlines_superdoc_0926,0b1d0278ce5d48874c194d3ae01196073e58fe15a00e92b38ecbdc616f4e006a,4858c9853beebea79220e26798ebbfe8819c2cab16138cdac8f3b41d63209b50,e68181a3c7e334cc3e4ac2c134376cfa49a9daaa4c8e12e8e164e099f79fd017,758b3a31354dee067e066c2befd816e71dcb79ca1beebd075d91d14a9ed75702
0bf5192ed0_00afb3e6b2bb1a5ab1e1770ba41f6f455f87472d24ab2767__vs__2773adf157_0004c94ca2a8684d47449bb0e7abf87de1df71a7e6543252_redline_eabf2cede7,tracking_without_comments/docx/0bf5192ed0_00afb3e6b2bb1a5ab1e1770ba41f6f455f87472d24ab2767,clean/docx/2773adf157_0004c94ca2a8684d47449bb0e7abf87de1df71a7e6543252,tracking_without_comments/docx/0bf5192ed0_00afb3e6b2bb1a5ab1e1770ba41f6f455f87472d24ab2767__vs__2773adf157_0004c94ca2a8684d47449bb0e7abf87de1df71a7e6543252_redline_eabf2cede7.docx,tracking_without_comments/pdf/0bf5192ed0_00afb3e6b2bb1a5ab1e1770ba41f6f455f87472d24ab2767__vs__2773adf157_0004c94ca2a8684d47449bb0e7abf87de1df71a7e6543252_redline_eabf2cede7.pdf,tracking_without_comments,eabf2cede7,redlines_a100_b10,0bf5192ed0d6ba82cc9ecbad5940363de544f771a0a61fa7c47fa2a60b44804d,2773adf1573296ac475b3351ac307258686b2779d2b304e0bfc41e3bf1c3c15f,eabf2cede7347ead83587d9aa2f9b606be9c029df0ac1b2df7447a955b4c1245,0ae83fe44f957b824a9867a1e2cbc5f1b8d72d079a998e8ac079e5f6a9be9bf5
0bf5192ed0_00afb3e6b2bb1a5ab1e1770ba41f6f455f87472d24ab2767__vs__342f364d46_001342333d45627868f4dc5282abbba4598a91b4a7584b08_redline_9d205afaa3,tracking_without_comments/docx/0bf5192ed0_00afb3e6b2bb1a5ab1e1770ba41f6f455f87472d24ab2767,clean/docx/342f364d46_001342333d45627868f4dc5282abbba4598a91b4a7584b08,tracking_without_comments/docx/0bf5192ed0_00afb3e6b2bb1a5ab1e1770ba41f6f455f87472d24ab2767__vs__342f364d46_001342333d45627868f4dc5282abbba4598a91b4a7584b08_redline_9d205afaa3.docx,tracking_without_comments/pdf/0bf5192ed0_00afb3e6b2bb1a5ab1e1770ba41f6f455f87472d24ab2767__vs__342f364d46_001342333d45627868f4dc5282abbba4598a91b4a7584b08_redline_9d205afaa3.pdf,tracking_without_comments,9d205afaa3,redlines_a100_b10,0bf5192ed0d6ba82cc9ecbad5940363de544f771a0a61fa7c47fa2a60b44804d,342f364d460e7110bddf317847edec68f000c5c839e45722965da43da8abe7ba,9d205afaa385826c4811559a5f191c34d9a2d29535765966001616a076e90e29,33185de8bbf4a57a32b75f27ae231e4908192747a1699ea151dde5cbf3f173a0
0cf73436ac_contract_review_suggesting_insertions__vs__93477c6068_contract_review_suggesting_mixed_edits_redline_bda43b51f7,tracking_without_comments/docx/0cf73436ac_contract_review_suggesting_insertions,tracking_without_comments/docx/93477c6068_contract_review_suggesting_mixed_edits,tracking_without_comments/docx/0cf73436ac_contract_review_suggesting_insertions__vs__93477c6068_contract_review_suggesting_mixed_edits_redline_bda43b51f7.docx,tracking_without_comments/pdf/0cf73436ac_contract_review_suggesting_insertions__vs__93477c6068_contract_review_suggesting_mixed_edits_redline_bda43b51f7.pdf,tracking_without_comments,bda43b51f7,word_based,0cf73436acb4e91cf48b97ce94833b467d3d011afdbbc8328ead6179f018eae9,93477c60688a8233ec6ab531d0f4d54f45fcf0c6165fcf75662020667bc9f2b1,bda43b51f7282d43f41103d5ebb39619b0498ec75e89dc0f02546122cc5dd4e9,c081f823097114a97c3dc84140b6015e785bb710b16ee4949106b9f1a064b5cd
0e1d01ec7d_super_editor__doc_with_graphs_diagrams_rotated_e__vs__8a553b35e4_super_editor__doc_with_spaces_from_styles_734ca2_redline_0a3919850c,clean/docx/0e1d01ec7d_super_editor__doc_with_graphs_diagrams_rotated_e,clean/docx/8a553b35e4_super_editor__doc_with_spaces_from_styles_734ca2,tracking_without_comments/docx/0e1d01ec7d_super_editor__doc_with_graphs_diagrams_rotated_e__vs__8a553b35e4_super_editor__doc_with_spaces_from_styles_734ca2_redline_0a3919850c.docx,tracking_without_comments/pdf/0e1d01ec7d_super_editor__doc_with_graphs_diagrams_rotated_e__vs__8a553b35e4_super_editor__doc_with_spaces_from_styles_734ca2_redline_0a3919850c.pdf,tracking_without_comments,0a3919850c,word_redlines_superdoc,0e1d01ec7dbad1d3dd92c26b6f0ee0e257af9ff6231536da17701c91d4144e2f,8a553b35e4ebd5ffc3ba371a714ccfded53d16a1dd2e4c677e0219371af7fe19,0a3919850cf66cb0e9b1ce5339f0268c756260efea254b0f674d898452b581c5,594e6362b1a03a7a9aadece2cbedc8b7e71f99ecc2e17239caee3ed739222ab8
0e6f813e69_00d2ca27359f3d1d5ee2c2904b48a3e4717faf7fdf6413f6__vs__1424386e9b_017447de83753a0e3b7afc659df038ef56972925336c6a5b_redline_862df17b60,clean/docx/0e6f813e69_00d2ca27359f3d1d5ee2c2904b48a3e4717faf7fdf6413f6,clean/docx/1424386e9b_017447de83753a0e3b7afc659df038ef56972925336c6a5b,tracking_without_comments/docx/0e6f813e69_00d2ca27359f3d1d5ee2c2904b48a3e4717faf7fdf6413f6__vs__1424386e9b_017447de83753a0e3b7afc659df038ef56972925336c6a5b_redline_862df17b60.docx,tracking_without_comments/pdf/0e6f813e69_00d2ca27359f3d1d5ee2c2904b48a3e4717faf7fdf6413f6__vs__1424386e9b_017447de83753a0e3b7afc659df038ef56972925336c6a5b_redline_862df17b60.pdf,tracking_without_comments,862df17b60,redlines_a100_b10,0e6f813e6991c1c56515c1803b08f1fee5dda4a40529eab1e6f2c1339702a5f7,1424386e9b0290e0bed413bec09828863b992fed80d2cb2d57cc75814e576393,862df17b6001550ccff4d38df39d0f25bd285ebda0049eaa60a8d1af82b46aa7,2926f3ddbc2fb4f0a68a7bb90eb7cdf556307b8a4a0abf2af39700bb5f23e7fa
0f5a806b4c_file_141__vs__dccd972179_file_142_redline_3d22ad3c37,with_comments_clean/docx/0f5a806b4c_file_141,clean/docx/dccd972179_file_142,with_comments_tracking/docx/0f5a806b4c_file_141__vs__dccd972179_file_142_redline_3d22ad3c37.docx,with_comments_tracking/pdf/0f5a806b4c_file_141__vs__dccd972179_file_142_redline_3d22ad3c37.pdf,with_comments_tracking,3d22ad3c37,word_based_randomized,0f5a806b4cc1f9958d372074db869e1af7ce932eb6dabc947c1117e0c20b0e5f,dccd9721793dc60b12ebe1468e301380afd9f6aaeaecccfb37771558e6ec72be,3d22ad3c374af5cb48d43975ec497af39fcf31a98f21bb9c8c9a3c0a03427131,4c20fbe394730d31f015a4522e1f2c5422fc4aea2443822ac3b205691f847553
1072677c3a_file_6__vs__1b8ec2a8cd_file_7_redline_29e3872eed,with_comments_tracking/docx/1072677c3a_file_6,clean/docx/1b8ec2a8cd_file_7,with_comments_tracking/docx/1072677c3a_file_6__vs__1b8ec2a8cd_file_7_redline_29e3872eed.docx,with_comments_tracking/pdf/1072677c3a_file_6__vs__1b8ec2a8cd_file_7_redline_29e3872eed.pdf,with_comments_tracking,29e3872eed,word_based_randomized_0926,1072677c3ab4a65ee14dc00742e2033d0fcfdbd1a4d469a397c894f966dff7ff,1b8ec2a8cddbc2f6c4c3dd131c8037b36135428220b1c3fa71fab2e83fdeef91,29e3872eedb2d094bcf0af56aff5b4eab1f1ac4f573660b4b9e3f430fe8166a2,e95e3e2225d63002f531494b721a60287d55a7b21c64100b74f4facda018f6eb
12941c2a77_0023298b011b45232675215822f0f728678a238756d763c8__vs__342f364d46_001342333d45627868f4dc5282abbba4598a91b4a7584b08_redline_b4cd671041,clean/docx/12941c2a77_0023298b011b45232675215822f0f728678a238756d763c8,clean/docx/342f364d46_001342333d45627868f4dc5282abbba4598a91b4a7584b08,tracking_without_comments/docx/12941c2a77_0023298b011b45232675215822f0f728678a238756d763c8__vs__342f364d46_001342333d45627868f4dc5282abbba4598a91b4a7584b08_redline_b4cd671041.docx,tracking_without_comments/pdf/12941c2a77_0023298b011b45232675215822f0f728678a238756d763c8__vs__342f364d46_001342333d45627868f4dc5282abbba4598a91b4a7584b08_redline_b4cd671041.pdf,tracking_without_comments,b4cd671041,redlines_a100_b10,12941c2a772176385ca961a9d136daf6e5f1f70a10caa98f3ebb7405b1fc6243,342f364d460e7110bddf317847edec68f000c5c839e45722965da43da8abe7ba,b4cd671041d2a0e7bf2a22c2e9e4bed3c153be2ec6645f5a48e452b6adea7a49,0427cc677d63ecf8c81890bb5db6f33eb90cc6a83cc41e3c9d3eca6dc768c502
12941c2a77_0023298b011b45232675215822f0f728678a238756d763c8__vs__bd3824dd1e_000ee64ef7226d353297888f59a251e24ce5d776fea000fa_redline_25f48c003d,clean/docx/12941c2a77_0023298b011b45232675215822f0f728678a238756d763c8,clean/docx/bd3824dd1e_000ee64ef7226d353297888f59a251e24ce5d776fea000fa,tracking_without_comments/docx/12941c2a77_0023298b011b45232675215822f0f728678a238756d763c8__vs__bd3824dd1e_000ee64ef7226d353297888f59a251e24ce5d776fea000fa_redline_25f48c003d.docx,tracking_without_comments/pdf/12941c2a77_0023298b011b45232675215822f0f728678a238756d763c8__vs__bd3824dd1e_000ee64ef7226d353297888f59a251e24ce5d776fea000fa_redline_25f48c003d.pdf,tracking_without_comments,25f48c003d,redlines_a100_b10,12941c2a772176385ca961a9d136daf6e5f1f70a10caa98f3ebb7405b1fc6243,bd3824dd1e5554e7b0a8c3ab90f434599e047ff8de6ec85a04be794d32919bdf,25f48c003d9e7030ee6a2f27e38db1b50b39ca13e6ca69597ce0a9d8f93e724f,ef23bc62fe8dea40e5e68f588538991ec3f5a5261ee8c2720089cd3ab4e9df00
12d245d664_9b100bdcf7bb34633c6e6f845b4ce3eae33d8a2096083e28__vs__c05043adc7_c237f28127c24437bbb8b4a83965a9db2c996d272f8e7736_redline_754a666443,clean/docx/12d245d664_9b100bdcf7bb34633c6e6f845b4ce3eae33d8a2096083e28,clean/docx/c05043adc7_c237f28127c24437bbb8b4a83965a9db2c996d272f8e7736,tracking_without_comments/docx/12d245d664_9b100bdcf7bb34633c6e6f845b4ce3eae33d8a2096083e28__vs__c05043adc7_c237f28127c24437bbb8b4a83965a9db2c996d272f8e7736_redline_754a666443.docx,tracking_without_comments/pdf/12d245d664_9b100bdcf7bb34633c6e6f845b4ce3eae33d8a2096083e28__vs__c05043adc7_c237f28127c24437bbb8b4a83965a9db2c996d272f8e7736_redline_754a666443.pdf,tracking_without_comments,754a666443,redlines_en_500,12d245d6641ac2298eb3081cbab2cce3c0aff1267c5f3976cdc23d30ee5b223e,c05043adc71f0a1edf39845b80bc54d7ee102cc9dbca50bc6ab057fff9d09343,754a66644386e578ddfd3143a6bcbc82d3e86246646001ae5cf529c8fdeefd68,a850fe90d794f8fe5c214ad0a0b187edf1b79c3db2276d8f9a18c8c4ce446fa0
133bbfae84_right_alignment_demo_id_paraid_overflow_2__vs__572990f05c_right_alignment_demo_id_paraid_overflow_redline_fdd264a203,clean/docx/133bbfae84_right_alignment_demo_id_paraid_overflow_2,clean/docx/572990f05c_right_alignment_demo_id_paraid_overflow,tracking_without_comments/docx/133bbfae84_right_alignment_demo_id_paraid_overflow_2__vs__572990f05c_right_alignment_demo_id_paraid_overflow_redline_fdd264a203.docx,tracking_without_comments/pdf/133bbfae84_right_alignment_demo_id_paraid_overflow_2__vs__572990f05c_right_alignment_demo_id_paraid_overflow_redline_fdd264a203.pdf,tracking_without_comments,fdd264a203,word_based_0926,133bbfae846892407e97332e876c5142a09e842f534c79bc8d750cd1598e2bc3,572990f05ce342300bb963f711d46ae330e127c5a2e2952722d42766f1a2dd6e,fdd264a203915cac2429a1f3dd09731a140e33ff23d0ad761a542a29ffa3e04a,e8392b1a48e62dd6b816c019abcb89f29a7a3ff516ce34a8dd8efe28809524fc
133e9207c0_file_34__vs__c90bde92a4_file_35_redline_4abb22a9a4,clean/docx/133e9207c0_file_34,clean/docx/c90bde92a4_file_35,tracking_without_comments/docx/133e9207c0_file_34__vs__c90bde92a4_file_35_redline_4abb22a9a4.docx,tracking_without_comments/pdf/133e9207c0_file_34__vs__c90bde92a4_file_35_redline_4abb22a9a4.pdf,tracking_without_comments,4abb22a9a4,nocomments_randomized,133e9207c0008af2c8775c257b03126fe90e920e5816748090a954691781ab13,c90bde92a472dee8b48202e03f5709e17fa04d3f5eb55d4609e16fd1af840128,4abb22a9a4127f1d80d4f666191387378303e6321d8df32aae2508897640ec2e,fe10b1ab471be610e982fcec0f9acce0d359fbfdac6746ea3209ebdabe62e8af
13da8d3a5b_times_new_roman_font_id_paraid_overflow__vs__4c4f8515c5_title_style_centered_demo_id_paraid_overflow_redline_3e4a08bd2d,clean/docx/13da8d3a5b_times_new_roman_font_id_paraid_overflow,clean/docx/4c4f8515c5_title_style_centered_demo_id_paraid_overflow,tracking_without_comments/docx/13da8d3a5b_times_new_roman_font_id_paraid_overflow__vs__4c4f8515c5_title_style_centered_demo_id_paraid_overflow_redline_3e4a08bd2d.docx,tracking_without_comments/pdf/13da8d3a5b_times_new_roman_font_id_paraid_overflow__vs__4c4f8515c5_title_style_centered_demo_id_paraid_overflow_redline_3e4a08bd2d.pdf,tracking_without_comments,3e4a08bd2d,word_based_0926,13da8d3a5b9c24bb8c2f848a7f55a59dcf157c28d4b4d8c71939cf9087640cff,4c4f8515c5ec89d8c18605465459614f2e6dae83a31eb9b072ed30a843f6d0f4,3e4a08bd2d51ff126c74a67e8824a3059ba734689ab1c49d27293f83c79c04fe,914d52be30d940e9c0489957ae6d7c48e2dd2f325da2bd7b52ea6ad33590f723
13ea153d22_file_174__vs__66dcec3e49_file_175_redline_301e236134,clean/docx/13ea153d22_file_174,with_comments_tracking/docx/66dcec3e49_file_175,with_comments_tracking/docx/13ea153d22_file_174__vs__66dcec3e49_file_175_redline_301e236134.docx,with_comments_tracking/pdf/13ea153d22_file_174__vs__66dcec3e49_file_175_redline_301e236134.pdf,with_comments_tracking,301e236134,word_based_randomized,13ea153d223276ede8215875fab6b6f1c9b18a9a249c5026daaca5756d48faa2,66dcec3e49fd6895457a4d2202b7024b8cc2e9bd93e227046c8d92c715cef301,301e236134e7ad87509ef01cd310a575222dd4d4ace0a4f541f1d2b06c536a6c,905f8c315bc8b94015b66e2fae20fb114302fa1c06f74fb759f67e7a08d79c3f
13ee1cb061_ee56b1c2f1e42b79dfa8700e709c224299c1f85b41eb490e__vs__1c1fc4a7d3_921a851075ff3eb89f6ca703f298e6504a0ab0c43507f650_redline_48fe34d6a4,clean/docx/13ee1cb061_ee56b1c2f1e42b79dfa8700e709c224299c1f85b41eb490e,clean/docx/1c1fc4a7d3_921a851075ff3eb89f6ca703f298e6504a0ab0c43507f650,tracking_without_comments/docx/13ee1cb061_ee56b1c2f1e42b79dfa8700e709c224299c1f85b41eb490e__vs__1c1fc4a7d3_921a851075ff3eb89f6ca703f298e6504a0ab0c43507f650_redline_48fe34d6a4.docx,tracking_without_comments/pdf/13ee1cb061_ee56b1c2f1e42b79dfa8700e709c224299c1f85b41eb490e__vs__1c1fc4a7d3_921a851075ff3eb89f6ca703f298e6504a0ab0c43507f650_redline_48fe34d6a4.pdf,tracking_without_comments,48fe34d6a4,redlines_en_500,13ee1cb061a92890c46867419a1fbdf4962389a0b9788a1a421814cf51f36ba3,1c1fc4a7d3ff5e236f6eeeecb4904da99f31ea429cbd2ea54b68eca39ba789b6,48fe34d6a4b72ccb3e7cec0057e91210ad78a4ed2ab0c23bb7c41f90e4c7f036,081167f1fb4c15610a1a3f88edbee7290136efbf957bbab9a1891be003eb56d5
1547c5df73_file_130__vs__df097720f7_file_131_redline_2e3f1e261d,clean/docx/1547c5df73_file_130,with_comments_clean/docx/df097720f7_file_131,with_comments_tracking/docx/1547c5df73_file_130__vs__df097720f7_file_131_redline_2e3f1e261d.docx,with_comments_tracking/pdf/1547c5df73_file_130__vs__df097720f7_file_131_redline_2e3f1e261d.pdf,with_comments_tracking,2e3f1e261d,word_based_randomized_0926,1547c5df73ed35c4be5746ae86b2531a44f5912c98246143cea84e8eaf1d78fc,df097720f7d7c8bdda982526a1450a79deb9f3e4198f013ce75de0e5f09c427d,2e3f1e261d9ef94808ea921628611077ef313baed81a93645617c33e954a92f1,af8c8b0498c9849a152255e9ced1ed566f4aabb84faafaf9d706911ee6d831e9
154fce3ec8_file_186__vs__1fda7fa6e2_file_187_redline_f303456c76,clean/docx/154fce3ec8_file_186,clean/docx/1fda7fa6e2_file_187,tracking_without_comments/docx/154fce3ec8_file_186__vs__1fda7fa6e2_file_187_redline_f303456c76.docx,tracking_without_comments/pdf/154fce3ec8_file_186__vs__1fda7fa6e2_file_187_redline_f303456c76.pdf,tracking_without_comments,f303456c76,word_based_randomized_0926,154fce3ec8823e76850dede511954a256330c52cd3b18733168143c9e02cbaf7,1fda7fa6e2429d1028a6dc0099ae030b4f7a7558007fd8d6d51486c8255c794a,f303456c7629c08f44a9315b711d3f383182d06de4ed10d6ebe39855632f97fc,fe8545596a62c8b48fc7a6d689ef2f726fd8bcba3ff432b6c0637971e511e8a8
1558d2a6ec_project_proposal_id_paraid_overflow__vs__77b9e6ba80_project_proposal_suggesting_insertions_redline_a3f0470a1d,clean/docx/1558d2a6ec_project_proposal_id_paraid_overflow,tracking_without_comments/docx/77b9e6ba80_project_proposal_suggesting_insertions,tracking_without_comments/docx/1558d2a6ec_project_proposal_id_paraid_overflow__vs__77b9e6ba80_project_proposal_suggesting_insertions_redline_a3f0470a1d.docx,tracking_without_comments/pdf/1558d2a6ec_project_proposal_id_paraid_overflow__vs__77b9e6ba80_project_proposal_suggesting_insertions_redline_a3f0470a1d.pdf,tracking_without_comments,a3f0470a1d,fixtures_word_compares;pdf_fill_0928,1558d2a6ec212718bae8071211a3a06a23b0b1923d292d36cd40c69b013d8fb3,77b9e6ba80714deb7f00af1bf402207156940101b7de97bedc4d9597983578a0,a3f0470a1d624552c59563fed97c0987c41e33ef131da823bfe5dc6c8f8ab557,c4ae88bab282c47f32c9e2daf6739ce8f5c8ee334c899c946a9a8f77965c901c
16100cd46d_behavior__sd_2323_image_resize_test_2b8a201a__vs__aa940255be_behavior__sd_2343_table_border_widths_b5148e83_redline_a169f5fa5f,clean/docx/16100cd46d_behavior__sd_2323_image_resize_test_2b8a201a,clean/docx/aa940255be_behavior__sd_2343_table_border_widths_b5148e83,tracking_without_comments/docx/16100cd46d_behavior__sd_2323_image_resize_test_2b8a201a__vs__aa940255be_behavior__sd_2343_table_border_widths_b5148e83_redline_a169f5fa5f.docx,tracking_without_comments/pdf/16100cd46d_behavior__sd_2323_image_resize_test_2b8a201a__vs__aa940255be_behavior__sd_2343_table_border_widths_b5148e83_redline_a169f5fa5f.pdf,tracking_without_comments,a169f5fa5f,word_redlines_superdoc,16100cd46d2ad022c43546a1caba26bc6a304a7c9d4651fed2dbca760a86c8e3,aa940255be3f232a469fafbcb729f30ef8c0316e48aacc3a05d03ffc8b481923,a169f5fa5fd356ffa19e7919bb99541c532f4bd6d972fef37597f2d16df537cd,a7c31e6ba9d3a510031b8444c08d67a7f783d709458c175329208368c356a6e5
164e42c955_632d47971a1f534d075daf4b75b99cd76b038b36fb303530__vs__39a8b7b250_444d9bbf258316eee4352ac560f6ca28a0e5dd10b52ceb16_redline_1ae50cba31,clean/docx/164e42c955_632d47971a1f534d075daf4b75b99cd76b038b36fb303530,clean/docx/39a8b7b250_444d9bbf258316eee4352ac560f6ca28a0e5dd10b52ceb16,tracking_without_comments/docx/164e42c955_632d47971a1f534d075daf4b75b99cd76b038b36fb303530__vs__39a8b7b250_444d9bbf258316eee4352ac560f6ca28a0e5dd10b52ceb16_redline_1ae50cba31.docx,tracking_without_comments/pdf/164e42c955_632d47971a1f534d075daf4b75b99cd76b038b36fb303530__vs__39a8b7b250_444d9bbf258316eee4352ac560f6ca28a0e5dd10b52ceb16_redline_1ae50cba31.pdf,tracking_without_comments,1ae50cba31,redlines_en_500,164e42c9555c28a1640bf58edf075be44684544018b3af451d10749ff2b72a94,39a8b7b250e21312ebe73106d237f3474518197400e4e1b941b1f46192a1e270,1ae50cba315b0df641909211b35fbfd9b55a88283996c6671122bc90fb2c32e2,d4a99e8a5d50835cdba5bb60172cfe40adb8d2b44a50a92e614d88614effd782
16e831d01f_file_95__vs__e4e4a073e9_file_96_redline_d07bde3859,clean/docx/16e831d01f_file_95,clean/docx/e4e4a073e9_file_96,tracking_without_comments/docx/16e831d01f_file_95__vs__e4e4a073e9_file_96_redline_d07bde3859.docx,tracking_without_comments/pdf/16e831d01f_file_95__vs__e4e4a073e9_file_96_redline_d07bde3859.pdf,tracking_without_comments,d07bde3859,word_based_randomized,16e831d01f20b34a609a08250b1328bd6df1f800804bdf223727080f1f52bcad,e4e4a073e9589f1dfb8335595a681cf056841c4a00470657c8a89ecb6c8bf4e7,d07bde38597f9a58c9b10c36a5fa6a3e51c93179e91869515556260bc4090ed3,d03746e6a4c7c6d0df2ea80e3c46eb34013e618bb3ed913902df968992d6f3e5
178804f5ce_super_editor__invalid_list_def_fallback_d7f55451__vs__9c7f21c23e_super_editor__line_break_627a7159_redline_22b83e022d,clean/docx/178804f5ce_super_editor__invalid_list_def_fallback_d7f55451,clean/docx/9c7f21c23e_super_editor__line_break_627a7159,tracking_without_comments/docx/178804f5ce_super_editor__invalid_list_def_fallback_d7f55451__vs__9c7f21c23e_super_editor__line_break_627a7159_redline_22b83e022d.docx,tracking_without_comments/pdf/178804f5ce_super_editor__invalid_list_def_fallback_d7f55451__vs__9c7f21c23e_super_editor__line_break_627a7159_redline_22b83e022d.pdf,tracking_without_comments,22b83e022d,word_redlines_superdoc,178804f5ceb6bb1c9741127763429513768fef87b9bb679824350761c6fabbd6,9c7f21c23e33641dbd497f5120c680da775d7713cfeb642fba59511db8fce0c2,22b83e022d9894c1bf8fe069657ea6837276dcb0e70b724798b0c936e04facb3,a1e9457fc66bad4e01eb12082f902370234fa36384944004c8b46bf62bad806a
18b8dd8ea3_behavior__sd_2672_plain_3x3_87943d5d__vs__667af231c2_behavior__sd_2672_rtl_table_63bd9d10_redline_30fed087bf,clean/docx/18b8dd8ea3_behavior__sd_2672_plain_3x3_87943d5d,clean/docx/667af231c2_behavior__sd_2672_rtl_table_63bd9d10,tracking_without_comments/docx/18b8dd8ea3_behavior__sd_2672_plain_3x3_87943d5d__vs__667af231c2_behavior__sd_2672_rtl_table_63bd9d10_redline_30fed087bf.docx,tracking_without_comments/pdf/18b8dd8ea3_behavior__sd_2672_plain_3x3_87943d5d__vs__667af231c2_behavior__sd_2672_rtl_table_63bd9d10_redline_30fed087bf.pdf,tracking_without_comments,30fed087bf,word_redlines_superdoc_0926,18b8dd8ea3266392233d4817a4ba46bdbd0d5eb28ed3905f266e318bff156dda,667af231c2fb0524e794cf4945db06268516fce64b387dcb778f0d011ad02db9,30fed087bf1508bbfff3071c3708d791ee3b92605524d5cfce5c01f9ccc26924,1b766d61d08e6470265a8665a2bdbc305cc0490470a5ac16d40d7c3e3f18b13b
18d1a4ad46_super_editor__sd_2534_collab_export_f3c7fdf7__vs__52dab5bc1c_super_editor__sdt_node_comment_ec887683_redline_07ab69d450,clean/docx/18d1a4ad46_super_editor__sd_2534_collab_export_f3c7fdf7,with_comments_clean/docx/52dab5bc1c_super_editor__sdt_node_comment_ec887683,with_comments_tracking/docx/18d1a4ad46_super_editor__sd_2534_collab_export_f3c7fdf7__vs__52dab5bc1c_super_editor__sdt_node_comment_ec887683_redline_07ab69d450.docx,with_comments_tracking/pdf/18d1a4ad46_super_editor__sd_2534_collab_export_f3c7fdf7__vs__52dab5bc1c_super_editor__sdt_node_comment_ec887683_redline_07ab69d450.pdf,with_comments_tracking,07ab69d450,word_redlines_superdoc,18d1a4ad4676b8eac9b100227a9325390049b6c7da330fc5ec3e39764a6991ca,52dab5bc1c452aa287e862aae3430fb1936040df22a950190a4a88d93976f49a,07ab69d4501f7e808592ffff29ea26d6eed76eef83f2549bebcbbc50985d9b16,aded8ab9a33cb4f0a66e2ab78099786b3d707123f7fa0a5d5dcd8eb70da5bf97
18eb110b3b_numwords_fldsimple__vs__56d68160f4_doc_api_stories__sd_2086_header_row_shading_api_redline_12c5361b58,clean/docx/18eb110b3b_numwords_fldsimple,clean/docx/56d68160f4_doc_api_stories__sd_2086_header_row_shading_api,tracking_without_comments/docx/18eb110b3b_numwords_fldsimple__vs__56d68160f4_doc_api_stories__sd_2086_header_row_shading_api_redline_12c5361b58.docx,tracking_without_comments/pdf/18eb110b3b_numwords_fldsimple__vs__56d68160f4_doc_api_stories__sd_2086_header_row_shading_api_redline_12c5361b58.pdf,tracking_without_comments,12c5361b58,word_redlines_superdoc,18eb110b3bca58c9fe4ac8a61b1079374dd89fb65b2acf5d8400d92774f3954b,56d68160f4b9aeba84fb795ddb13b4d8fc2b1e68ad6f4b145523fae84fe235c8,12c5361b588040f369953a212c9f8d07466af632bd3ae9ad837ed5a459a2e01e,60f0a4533cb456c104013dcc9ba9f95ceba4ff6a7974a9d75be668725cb9f6d3
18eb110b3b_numwords_fldsimple__vs__60697d46b7_strict01_redline_964719255c,clean/docx/18eb110b3b_numwords_fldsimple,with_comments_tracking/docx/60697d46b7_strict01,with_comments_tracking/docx/18eb110b3b_numwords_fldsimple__vs__60697d46b7_strict01_redline_964719255c.docx,with_comments_tracking/pdf/18eb110b3b_numwords_fldsimple__vs__60697d46b7_strict01_redline_964719255c.pdf,with_comments_tracking,964719255c,word_based_0926,18eb110b3bca58c9fe4ac8a61b1079374dd89fb65b2acf5d8400d92774f3954b,60697d46b7ec6e23cd50cf63d66d6866c964453cb6962f729cebffca6d0b803f,964719255ced18575d4acc4ba05dcbc8c54e26675f091594a934aa9170865397,b70e48b9611e510d0e1c0158c72a18fd0d4254c4b1b3abc352e59d5ba5a29ecc
1b8ec2a8cd_file_7__vs__c090b9f082_file_8_redline_ad34822be0,clean/docx/1b8ec2a8cd_file_7,clean/docx/c090b9f082_file_8,tracking_without_comments/docx/1b8ec2a8cd_file_7__vs__c090b9f082_file_8_redline_ad34822be0.docx,tracking_without_comments/pdf/1b8ec2a8cd_file_7__vs__c090b9f082_file_8_redline_ad34822be0.pdf,tracking_without_comments,ad34822be0,word_based_randomized,1b8ec2a8cddbc2f6c4c3dd131c8037b36135428220b1c3fa71fab2e83fdeef91,c090b9f08219ec08fbbbe65e4502f0d930ad953def4db78a88b6d6026b152666,ad34822be0e882024f464fcb5bc0af604fb1296e7d417149908bbcc98dc62442,0461f6c166c08aaf78d1bce53edea9e3e45ee17fd36000c3b3a00ec91088085f
1bdbf15f5a_super_editor__orderedlist_interrupted1_a3cd0dd3__vs__82348eef4b_multi_section_redline_9897351ddc,clean/docx/1bdbf15f5a_super_editor__orderedlist_interrupted1_a3cd0dd3,clean/docx/82348eef4b_multi_section,tracking_without_comments/docx/1bdbf15f5a_super_editor__orderedlist_interrupted1_a3cd0dd3__vs__82348eef4b_multi_section_redline_9897351ddc.docx,tracking_without_comments/pdf/1bdbf15f5a_super_editor__orderedlist_interrupted1_a3cd0dd3__vs__82348eef4b_multi_section_redline_9897351ddc.pdf,tracking_without_comments,9897351ddc,word_redlines_superdoc_0926,1bdbf15f5a24d7c488a6bf5d7fbaf45284acc347659087a986cd2b90b055525e,82348eef4bd7c9a74c050e11e43ba6b4f47f5520814d2e59b5e2c4deb0d2d7d7,9897351ddc0bc03397fafae3e6696fcef4cf8e4c30dee2cfa20b1addd89484bd,731058d7551224a37979c2a28ba1a31107f464b5c5ffe3666fa644dcf0ee34a8
1c5bd81def_super_editor__multiple_nodes_in_list_79d915a2__vs__d03da97287_super_editor__nested_comments_gdocs_0c8668e1_redline_83ec2122ff,clean/docx/1c5bd81def_super_editor__multiple_nodes_in_list_79d915a2,with_comments_clean/docx/d03da97287_super_editor__nested_comments_gdocs_0c8668e1,with_comments_tracking/docx/1c5bd81def_super_editor__multiple_nodes_in_list_79d915a2__vs__d03da97287_super_editor__nested_comments_gdocs_0c8668e1_redline_83ec2122ff.docx,with_comments_tracking/pdf/1c5bd81def_super_editor__multiple_nodes_in_list_79d915a2__vs__d03da97287_super_editor__nested_comments_gdocs_0c8668e1_redline_83ec2122ff.pdf,with_comments_tracking,83ec2122ff,word_redlines_superdoc,1c5bd81defbfd18a82f5fc7a51092b2e3a5389b7db7f8b566b1e077658a67bd6,d03da97287bea1f595e41f80843f88e509fec5a0996ddbe09f710c7de590cdeb,83ec2122ffc6a36fcba2f9ea4c67290affdce7abee20ad25bc8ecaaf47e923d4,798c5652925d8d9ab3de2367ad398496981f1e6eff6bc18e6c02209bc9e470aa
1cd4f9ee6c_roboto_font_demo_id_paraid_overflow__vs__6e08e456f6_roboto_underline_demo_id_paraid_overflow_redline_f5e9f6ac8f,clean/docx/1cd4f9ee6c_roboto_font_demo_id_paraid_overflow,clean/docx/6e08e456f6_roboto_underline_demo_id_paraid_overflow,tracking_without_comments/docx/1cd4f9ee6c_roboto_font_demo_id_paraid_overflow__vs__6e08e456f6_roboto_underline_demo_id_paraid_overflow_redline_f5e9f6ac8f.docx,tracking_without_comments/pdf/1cd4f9ee6c_roboto_font_demo_id_paraid_overflow__vs__6e08e456f6_roboto_underline_demo_id_paraid_overflow_redline_f5e9f6ac8f.pdf,tracking_without_comments,f5e9f6ac8f,fixtures_word_compares;pdf_fill_0928,1cd4f9ee6ce7cb78228312caaf56e239b5dc463c07133d6ef1456f4c9e308b29,6e08e456f6339edabf86c3a8d2ad971de31f2b8d148942db33589535308448c9,f5e9f6ac8f39c9fa8abb1914070b511ea85d31bacca3616ffd85739568a2778a,cac23401fb3abc28d5065da327e0ca4fa3d59ff0a2687f605e9505ea33b64152
1dfdc7d8ec_super_editor__image_inline_and_block_ad6109b3__vs__058cd936de_super_editor__image_doc_c7d007ac_redline_e58f863445,clean/docx/1dfdc7d8ec_super_editor__image_inline_and_block_ad6109b3,clean/docx/058cd936de_super_editor__image_doc_c7d007ac,tracking_without_comments/docx/1dfdc7d8ec_super_editor__image_inline_and_block_ad6109b3__vs__058cd936de_super_editor__image_doc_c7d007ac_redline_e58f863445.docx,tracking_without_comments/pdf/1dfdc7d8ec_super_editor__image_inline_and_block_ad6109b3__vs__058cd936de_super_editor__image_doc_c7d007ac_redline_e58f863445.pdf,tracking_without_comments,e58f863445,word_redlines_superdoc,1dfdc7d8ecbfd355562079155e44ba9c288d8884409939622a9ee4f93fdd159f,058cd936dededfbe957ad5a5d310ee26accda4de60ca7132e50555dc2d039cf9,e58f86344540922780ea7741fd3bc4202ed6bd9b73e9ac2b6c4a04bc287eb858,b75cfb161f35667624855ae933fa6fab801dc05d61316263a0f2bcecfb050f24
1dfdc7d8ec_super_editor__image_inline_and_block_ad6109b3__vs__96fa27757a_behavior__rtl_page_numpages_54739e26_redline_8d7d998bdd,clean/docx/1dfdc7d8ec_super_editor__image_inline_and_block_ad6109b3,clean/docx/96fa27757a_behavior__rtl_page_numpages_54739e26,tracking_without_comments/docx/1dfdc7d8ec_super_editor__image_inline_and_block_ad6109b3__vs__96fa27757a_behavior__rtl_page_numpages_54739e26_redline_8d7d998bdd.docx,tracking_without_comments/pdf/1dfdc7d8ec_super_editor__image_inline_and_block_ad6109b3__vs__96fa27757a_behavior__rtl_page_numpages_54739e26_redline_8d7d998bdd.pdf,tracking_without_comments,8d7d998bdd,word_redlines_superdoc_0926,1dfdc7d8ecbfd355562079155e44ba9c288d8884409939622a9ee4f93fdd159f,96fa27757a0549e9064d985455deb4fab2047c5be4ff6675b1b0b63d5ca444a4,8d7d998bdd8ada48a03d65234f1adfd8e3629f3a905087c392ebc36fe0a418db,44cd525ceb3dcf61d5317f6cb6d36a912da51155f4fb1ecb86475006b65a1aec
1e0254763b_strict01__vs__1e0254763b_strict01_redline_4822d35f9f,tracking_without_comments/docx/1e0254763b_strict01,tracking_without_comments/docx/1e0254763b_strict01,tracking_without_comments/docx/1e0254763b_strict01__vs__1e0254763b_strict01_redline_4822d35f9f.docx,tracking_without_comments/pdf/1e0254763b_strict01__vs__1e0254763b_strict01_redline_4822d35f9f.pdf,tracking_without_comments,4822d35f9f,nocomments,1e0254763bcfa23761d35138463d502b6d7b567b2b77da8797257f2d1ef28290,1e0254763bcfa23761d35138463d502b6d7b567b2b77da8797257f2d1ef28290,4822d35f9f2fe01f96513bfd996cc16303d40c82a40567e83b3ae0180cf8b18e,f9d367c83411a959517fd681c6f6a58d592f2279a2e361647034c29eb45a4f7b
1e212fbfdc_file_122__vs__85692b483f_file_123_redline_2ba84d60d1,clean/docx/1e212fbfdc_file_122,with_comments_clean/docx/85692b483f_file_123,with_comments_tracking/docx/1e212fbfdc_file_122__vs__85692b483f_file_123_redline_2ba84d60d1.docx,with_comments_tracking/pdf/1e212fbfdc_file_122__vs__85692b483f_file_123_redline_2ba84d60d1.pdf,with_comments_tracking,2ba84d60d1,word_based_randomized,1e212fbfdc2be784ef0e07b43aa9c941144c17fc09eba7087d5cb56c86f7ee42,85692b483f70d072f57c2338efceecd493fe5212b5b53d8365ec172914ea9553,2ba84d60d14cefa21d3e4c97d4a836bfcff73978d3a1a538ab5030a2319c40b1,776a812a26556ce5b5aaa56b8ca805e91190d99b2c9fa4f490f481d220251867
1ed8b01b55_file_13__vs__a2ae20465c_file_14_redline_5dbefac63c,clean/docx/1ed8b01b55_file_13,tracking_without_comments/docx/a2ae20465c_file_14,tracking_without_comments/docx/1ed8b01b55_file_13__vs__a2ae20465c_file_14_redline_5dbefac63c.docx,tracking_without_comments/pdf/1ed8b01b55_file_13__vs__a2ae20465c_file_14_redline_5dbefac63c.pdf,tracking_without_comments,5dbefac63c,nocomments_randomized,1ed8b01b556f20ae8c3401d03c872a9ea153d3f055ec2cde9631bd92ffb0559f,a2ae20465c919b794668c8663c2d6fdcd5500c2fd5bb164c617eef2f9849ac9c,5dbefac63c7719c5f0a7c47c8b6beca22423eace315c3f9b653f39421a8659d9,8f07c71f34dfb96601ebab51df25fb39106a4c42f6849b6ab70c9186a9b08fc8
1f22b7b009_153542e701bb134da7aee3bb1c4be1f1458fb401ed835378__vs__524cd290f3_f6e23a442c10a2b2645a49855e3bcb779b2d7bf34b37e612_redline_a7fa1e6bff,clean/docx/1f22b7b009_153542e701bb134da7aee3bb1c4be1f1458fb401ed835378,clean/docx/524cd290f3_f6e23a442c10a2b2645a49855e3bcb779b2d7bf34b37e612,tracking_without_comments/docx/1f22b7b009_153542e701bb134da7aee3bb1c4be1f1458fb401ed835378__vs__524cd290f3_f6e23a442c10a2b2645a49855e3bcb779b2d7bf34b37e612_redline_a7fa1e6bff.docx,tracking_without_comments/pdf/1f22b7b009_153542e701bb134da7aee3bb1c4be1f1458fb401ed835378__vs__524cd290f3_f6e23a442c10a2b2645a49855e3bcb779b2d7bf34b37e612_redline_a7fa1e6bff.pdf,tracking_without_comments,a7fa1e6bff,redlines_en_500,1f22b7b009e44276938cf52fe75284418d7ab66c191e58a1d4598b72da6cc290,524cd290f38a5e6a58cdb4dd99244054253807945f0f985996cf5966acc9ea82,a7fa1e6bff907c4c0ee0969b208d2848e267c5adffefef9e8b28b7d054238c1d,e6b5fa9025cab82ee06061439a9e73f280320082a8774706c052c48ccc43ef4c
1f4891aebe_large_font_size_demo_id_paraid_overflow__vs__b4ba29d456_left_alignment_demo_id_paraid_overflow_redline_cd5dceca39,clean/docx/1f4891aebe_large_font_size_demo_id_paraid_overflow,clean/docx/b4ba29d456_left_alignment_demo_id_paraid_overflow,tracking_without_comments/docx/1f4891aebe_large_font_size_demo_id_paraid_overflow__vs__b4ba29d456_left_alignment_demo_id_paraid_overflow_redline_cd5dceca39.docx,tracking_without_comments/pdf/1f4891aebe_large_font_size_demo_id_paraid_overflow__vs__b4ba29d456_left_alignment_demo_id_paraid_overflow_redline_cd5dceca39.pdf,tracking_without_comments,cd5dceca39,fixtures_word_compares;pdf_fill_0928,1f4891aebe6087f280bbca525f3e1a80e5ccd5ccf567f671d697ae1c27622835,b4ba29d45675f088410a27e668be881c5fd9e929937c3040ed5f3bffd39f34ec,cd5dceca39b6e2e16f5ed1e37620315d54b9643c1feafe3eb8eeeda7a3b598e2,bcb57f7d7f1be9ec93dea48e4d7eb7b44a8c051fa442d8a67d6fe766fd202801
1fda7fa6e2_file_187__vs__66e70631fb_file_188_redline_92ec8417eb,clean/docx/1fda7fa6e2_file_187,with_comments_tracking/docx/66e70631fb_file_188,with_comments_tracking/docx/1fda7fa6e2_file_187__vs__66e70631fb_file_188_redline_92ec8417eb.docx,with_comments_tracking/pdf/1fda7fa6e2_file_187__vs__66e70631fb_file_188_redline_92ec8417eb.pdf,with_comments_tracking,92ec8417eb,word_based_randomized,1fda7fa6e2429d1028a6dc0099ae030b4f7a7558007fd8d6d51486c8255c794a,66e70631fbc540ae28a8850fbcea131f7c4195caa9150f3181e903509bb602fc,92ec8417ebb99fb7b6ec21b7773e142fb63aa1d3e9a9a9064c2f72a8c94aa5eb,ef33608e2c0a99224fa1dc615d6b7761cc957ad86d947e210b5bd5e66ac40d1d
22060e7141_40b72d8c37011f35d914c2f44868286d89717c9efd10ac04__vs__71c67c168f_37d74eebe6fd69b7f6041f8ecda8e9857d885b23dab561b0_redline_72341d8ac1,clean/docx/22060e7141_40b72d8c37011f35d914c2f44868286d89717c9efd10ac04,with_comments_clean/docx/71c67c168f_37d74eebe6fd69b7f6041f8ecda8e9857d885b23dab561b0,with_comments_tracking/docx/22060e7141_40b72d8c37011f35d914c2f44868286d89717c9efd10ac04__vs__71c67c168f_37d74eebe6fd69b7f6041f8ecda8e9857d885b23dab561b0_redline_72341d8ac1.docx,with_comments_tracking/pdf/22060e7141_40b72d8c37011f35d914c2f44868286d89717c9efd10ac04__vs__71c67c168f_37d74eebe6fd69b7f6041f8ecda8e9857d885b23dab561b0_redline_72341d8ac1.pdf,with_comments_tracking,72341d8ac1,redlines_en_500,22060e714141c880305061ecb4bcf1d5a09489025c3f3cb229f4b5bc3973f573,71c67c168f4e1f609cf707efe278fe6ee503b055a016561a31551ba0161c5d95,72341d8ac12c6c2d9f85cf70258ded8e2cf835ec75b285265bfe9d0ae11105ac,57d4db41c4dde3ec5a291c84cee01bff316dc5178a4ba7bbe4dfb9a447b28434
23cdfeee74_0022d9b76a33e7bdcda8d38ec3c898364c578897fb55d462__vs__5203829c7a_001cc92b88566d5f930fe57f25813c0bf52a7bdc72c217d0_redline_3a979dc632,clean/docx/23cdfeee74_0022d9b76a33e7bdcda8d38ec3c898364c578897fb55d462,clean/docx/5203829c7a_001cc92b88566d5f930fe57f25813c0bf52a7bdc72c217d0,tracking_without_comments/docx/23cdfeee74_0022d9b76a33e7bdcda8d38ec3c898364c578897fb55d462__vs__5203829c7a_001cc92b88566d5f930fe57f25813c0bf52a7bdc72c217d0_redline_3a979dc632.docx,tracking_without_comments/pdf/23cdfeee74_0022d9b76a33e7bdcda8d38ec3c898364c578897fb55d462__vs__5203829c7a_001cc92b88566d5f930fe57f25813c0bf52a7bdc72c217d0_redline_3a979dc632.pdf,tracking_without_comments,3a979dc632,redlines_a100_b10,23cdfeee74b3f95c1c79ac38388f970467c2750686630a92fdd5a45974ab2dd8,5203829c7a39779063960c392278bed93d85b453fb7b5b84c711a7adb83d1645,3a979dc6324142b1a27a7e621ba046d3ebc5c2715dd4c860e4308c6d9951eee6,fce05b987bce665dc3122bda8595563b34690345c280aad5407f1bcd2f8f9170
23cdfeee74_0022d9b76a33e7bdcda8d38ec3c898364c578897fb55d462__vs__a5f2b9318d_002aa60c2ae1187417b4b157c5ec6450324cc056ec551a12_redline_fee04c36ab,clean/docx/23cdfeee74_0022d9b76a33e7bdcda8d38ec3c898364c578897fb55d462,clean/docx/a5f2b9318d_002aa60c2ae1187417b4b157c5ec6450324cc056ec551a12,tracking_without_comments/docx/23cdfeee74_0022d9b76a33e7bdcda8d38ec3c898364c578897fb55d462__vs__a5f2b9318d_002aa60c2ae1187417b4b157c5ec6450324cc056ec551a12_redline_fee04c36ab.docx,tracking_without_comments/pdf/23cdfeee74_0022d9b76a33e7bdcda8d38ec3c898364c578897fb55d462__vs__a5f2b9318d_002aa60c2ae1187417b4b157c5ec6450324cc056ec551a12_redline_fee04c36ab.pdf,tracking_without_comments,fee04c36ab,redlines_a100_b10,23cdfeee74b3f95c1c79ac38388f970467c2750686630a92fdd5a45974ab2dd8,a5f2b9318d75c4ea4591cd74ee984c4703aa1db45936aef0b3c120e01532bf72,fee04c36aba01390d71c3de331257353057b9ef6a41cff6f493afb2aca7194ad,282b390f34ca83774b98172b6f45351e431077e5de88517b58db4fb7a7a00a37
24ad1aa6e5_docx_lots_of_comments_addition_removal__vs__e57ad0eaa4_docx_lots_of_comments_addition_redline_a836952933,with_comments_tracking/docx/24ad1aa6e5_docx_lots_of_comments_addition_removal,with_comments_tracking/docx/e57ad0eaa4_docx_lots_of_comments_addition,with_comments_tracking/docx/24ad1aa6e5_docx_lots_of_comments_addition_removal__vs__e57ad0eaa4_docx_lots_of_comments_addition_redline_a836952933.docx,with_comments_tracking/pdf/24ad1aa6e5_docx_lots_of_comments_addition_removal__vs__e57ad0eaa4_docx_lots_of_comments_addition_redline_a836952933.pdf,with_comments_tracking,a836952933,word_based,24ad1aa6e516d66e4e44fab1cafca2ef80e24a97e71860d75104c126d4510b6b,e57ad0eaa4217b8feb91c08a59368d265fddb6e3fc57d200ddbd19933d401ba4,a8369529339fe382f5787ff021276d0b2ee6b62dd141009937098dfd67a76edd,61b92fed6a70b220d7f6755fa1201fbd1f771a1914d44fc5528ded9c59cc7a68
25f07e0823_super_editor__sd_1919_word_mixed_33e049ca__vs__76827c9f6c_super_editor__sd_1480_two_col_index_0138dccc_redline_7df026e914,clean/docx/25f07e0823_super_editor__sd_1919_word_mixed_33e049ca,clean/docx/76827c9f6c_super_editor__sd_1480_two_col_index_0138dccc,tracking_without_comments/docx/25f07e0823_super_editor__sd_1919_word_mixed_33e049ca__vs__76827c9f6c_super_editor__sd_1480_two_col_index_0138dccc_redline_7df026e914.docx,tracking_without_comments/pdf/25f07e0823_super_editor__sd_1919_word_mixed_33e049ca__vs__76827c9f6c_super_editor__sd_1480_two_col_index_0138dccc_redline_7df026e914.pdf,tracking_without_comments,7df026e914,word_redlines_superdoc_0926,25f07e082335a5348afa52a97927f9f15238cd1c38ee9ca55fb221881f162594,76827c9f6c5cbf4f95eb008ca73d2a92d0d6fb868120e22456b439a74f867d9a,7df026e914b3bb7539df8eb7ab0c9f7383e8dc8d808d2b7189bb31be0baf96f7,b16896be34c390103427af3f9be15e92685c747625af5edd869350ca45b360fe
266b027513_file_73__vs__f03f54c09d_file_74_redline_e4f8d7c4e5,clean/docx/266b027513_file_73,tracking_without_comments/docx/f03f54c09d_file_74,tracking_without_comments/docx/266b027513_file_73__vs__f03f54c09d_file_74_redline_e4f8d7c4e5.docx,tracking_without_comments/pdf/266b027513_file_73__vs__f03f54c09d_file_74_redline_e4f8d7c4e5.pdf,tracking_without_comments,e4f8d7c4e5,nocomments_randomized,266b0275137ca12e1fe1801ac07f56604fe730e4a5e8b752c763910032ef7a00,f03f54c09d5c702369c9b94501de08ff42683b97cd7bbcce9628fe264fbcadf8,e4f8d7c4e5eecfa2d55b84d74a8b3d6bc4731ccd86c4fbe6fa0164ffe7e04338,0cd8454aca9366402e494e1ddf25a385b4dbf5691894da42b104191eb5ec3682
26ccb443f6_file_11__vs__799980e6af_file_12_redline_69e44ac125,clean/docx/26ccb443f6_file_11,with_comments_clean/docx/799980e6af_file_12,with_comments_tracking/docx/26ccb443f6_file_11__vs__799980e6af_file_12_redline_69e44ac125.docx,with_comments_tracking/pdf/26ccb443f6_file_11__vs__799980e6af_file_12_redline_69e44ac125.pdf,with_comments_tracking,69e44ac125,word_based_randomized,26ccb443f6f4b9e0b7b7d6a9f67c0726a736ad3bbf4064fa42060f03ab2f4913,799980e6af7843b7bb1661da32ba2f5a44895534878fb850d6873dd60af1d7c8,69e44ac12557df3cdc7089dcc4f93d2b4f8a94c0dc39ff1be641542b8af3b026,8150b8d24faa161dfcba9f00012ee38e4fc1f27a8867c6cef7f94288bf426ee4
26ce1d6300_super_editor__diff_after5_9fb9d5b4__vs__2e41610325_super_editor__diff_after6_5f9799d0_redline_71595f1fa3,clean/docx/26ce1d6300_super_editor__diff_after5_9fb9d5b4,clean/docx/2e41610325_super_editor__diff_after6_5f9799d0,tracking_without_comments/docx/26ce1d6300_super_editor__diff_after5_9fb9d5b4__vs__2e41610325_super_editor__diff_after6_5f9799d0_redline_71595f1fa3.docx,tracking_without_comments/pdf/26ce1d6300_super_editor__diff_after5_9fb9d5b4__vs__2e41610325_super_editor__diff_after6_5f9799d0_redline_71595f1fa3.pdf,tracking_without_comments,71595f1fa3,word_redlines_superdoc,26ce1d6300d1631394e5b24d8caf49249f6b4a5ba2b8aab6fe6d1a43a1bb2742,2e416103255657d6fdf49df68b856302c0475b6d44bc438941699273826e5165,71595f1fa3c4658b3a5d095c7f11dd0e08d6f1d00b1a9eeef9aed3d02073c4a1,0061d82dfaad8ff1e8cf43f291b9eabb14b8efa1e4300a81826895c683c88b3e
26ce1d6300_super_editor__diff_after5_9fb9d5b4__vs__b389f55091_super_editor__comment_23ee5ec1_redline_01fa32ec8b,clean/docx/26ce1d6300_super_editor__diff_after5_9fb9d5b4,with_comments_clean/docx/b389f55091_super_editor__comment_23ee5ec1,with_comments_tracking/docx/26ce1d6300_super_editor__diff_after5_9fb9d5b4__vs__b389f55091_super_editor__comment_23ee5ec1_redline_01fa32ec8b.docx,with_comments_tracking/pdf/26ce1d6300_super_editor__diff_after5_9fb9d5b4__vs__b389f55091_super_editor__comment_23ee5ec1_redline_01fa32ec8b.pdf,with_comments_tracking,01fa32ec8b,word_redlines_superdoc,26ce1d6300d1631394e5b24d8caf49249f6b4a5ba2b8aab6fe6d1a43a1bb2742,b389f55091c9e482ad04f75d2bb5b151c96be01b8e21a33cc0517a0fa14b9e9c,01fa32ec8b564e08256ce480c9f5750fe31ddb4afef6e97b7660b36caa29c450,76d6bee4a4bfa0323bd597634ee2482dc22914323a9fd820a9741a6181685a61
279abea8ce_super_editor__h_f_normal_odd_even_firstpg_9b210d__vs__76827c9f6c_super_editor__sd_1480_two_col_index_0138dccc_redline_c0cbc850a8,clean/docx/279abea8ce_super_editor__h_f_normal_odd_even_firstpg_9b210d,clean/docx/76827c9f6c_super_editor__sd_1480_two_col_index_0138dccc,tracking_without_comments/docx/279abea8ce_super_editor__h_f_normal_odd_even_firstpg_9b210d__vs__76827c9f6c_super_editor__sd_1480_two_col_index_0138dccc_redline_c0cbc850a8.docx,tracking_without_comments/pdf/279abea8ce_super_editor__h_f_normal_odd_even_firstpg_9b210d__vs__76827c9f6c_super_editor__sd_1480_two_col_index_0138dccc_redline_c0cbc850a8.pdf,tracking_without_comments,c0cbc850a8,word_redlines_superdoc_0926,279abea8cedb38590129a5c105044195e0d7615aed38b8a317eebe18c328772c,76827c9f6c5cbf4f95eb008ca73d2a92d0d6fb868120e22456b439a74f867d9a,c0cbc850a844e8a78fada3dffb567d4e89a60cc00de61b36d81356dd70d8962d,68a946d3d2703e9af1bed48c5ae24601ad7f2fda84d219603ee1f2621f97a5e2
28033140a2_quarterly_performance_report_table_2__vs__fa5b142e31_quarterly_performance_report_table_redline_666d0bdeb7,clean/docx/28033140a2_quarterly_performance_report_table_2,clean/docx/fa5b142e31_quarterly_performance_report_table,tracking_without_comments/docx/28033140a2_quarterly_performance_report_table_2__vs__fa5b142e31_quarterly_performance_report_table_redline_666d0bdeb7.docx,tracking_without_comments/pdf/28033140a2_quarterly_performance_report_table_2__vs__fa5b142e31_quarterly_performance_report_table_redline_666d0bdeb7.pdf,tracking_without_comments,666d0bdeb7,nocomments,28033140a2c18dde82549369d95bf3cf3bb1119833e2c79ebbab7f3eb0f2af11,fa5b142e31db6c137bf34290a90cd8086ba4a5cfe1bb7d3aa2c117534c4d24d9,666d0bdeb722f396faa843617b3a6a3c3216b7e56afe62ee4e5992b775e1c47e,73d652a3d87ca7e42e28a4c7aa96e9c8ced2776783bee5eced83c535d574789f
284df3bf07_740579c5f762ce4977e0febc5edec27d4df4d4059510a808__vs__9cab09c08d_75bc7006ba70183c4543590a4131ca692719a521bcd85ad7_redline_d3782b3407,clean/docx/284df3bf07_740579c5f762ce4977e0febc5edec27d4df4d4059510a808,clean/docx/9cab09c08d_75bc7006ba70183c4543590a4131ca692719a521bcd85ad7,tracking_without_comments/docx/284df3bf07_740579c5f762ce4977e0febc5edec27d4df4d4059510a808__vs__9cab09c08d_75bc7006ba70183c4543590a4131ca692719a521bcd85ad7_redline_d3782b3407.docx,tracking_without_comments/pdf/284df3bf07_740579c5f762ce4977e0febc5edec27d4df4d4059510a808__vs__9cab09c08d_75bc7006ba70183c4543590a4131ca692719a521bcd85ad7_redline_d3782b3407.pdf,tracking_without_comments,d3782b3407,redlines_en_500,284df3bf078938524091191f24d3db5ce9b869c0d2503650379d7cce7fa36e27,9cab09c08d21117f85cc47b6f9728bf1e8e31157f39791370011ffd81e2318f3,d3782b340700d3837209eb35a10b2cd233f9ce013343504cd28aff137d4e1e9b,8f7ce9c0f47b74102ce26a7c06838740ae81b2c5fdfc324b03d9fede35ee01c0
286955227d_0134fe85fb88da2accd6637e1c44bdd4f8b7fbb533bd47ba__vs__342f364d46_001342333d45627868f4dc5282abbba4598a91b4a7584b08_redline_7ff6ee4617,clean/docx/286955227d_0134fe85fb88da2accd6637e1c44bdd4f8b7fbb533bd47ba,clean/docx/342f364d46_001342333d45627868f4dc5282abbba4598a91b4a7584b08,tracking_without_comments/docx/286955227d_0134fe85fb88da2accd6637e1c44bdd4f8b7fbb533bd47ba__vs__342f364d46_001342333d45627868f4dc5282abbba4598a91b4a7584b08_redline_7ff6ee4617.docx,tracking_without_comments/pdf/286955227d_0134fe85fb88da2accd6637e1c44bdd4f8b7fbb533bd47ba__vs__342f364d46_001342333d45627868f4dc5282abbba4598a91b4a7584b08_redline_7ff6ee4617.pdf,tracking_without_comments,7ff6ee4617,redlines_a100_b10,286955227d98c90e25b662a7c8d372197fa73a98691cb0988f29143bb4f27389,342f364d460e7110bddf317847edec68f000c5c839e45722965da43da8abe7ba,7ff6ee4617360d6bfc4d425cf59f10291a6854ffdc56bccbf90b2ef1a4f241e8,3404127c6f2d3624f1b9cb6482d9cc0fd323db4d9542062c1e752a29be7d23f9
286955227d_0134fe85fb88da2accd6637e1c44bdd4f8b7fbb533bd47ba__vs__5203829c7a_001cc92b88566d5f930fe57f25813c0bf52a7bdc72c217d0_redline_e629604db4,clean/docx/286955227d_0134fe85fb88da2accd6637e1c44bdd4f8b7fbb533bd47ba,clean/docx/5203829c7a_001cc92b88566d5f930fe57f25813c0bf52a7bdc72c217d0,tracking_without_comments/docx/286955227d_0134fe85fb88da2accd6637e1c44bdd4f8b7fbb533bd47ba__vs__5203829c7a_001cc92b88566d5f930fe57f25813c0bf52a7bdc72c217d0_redline_e629604db4.docx,tracking_without_comments/pdf/286955227d_0134fe85fb88da2accd6637e1c44bdd4f8b7fbb533bd47ba__vs__5203829c7a_001cc92b88566d5f930fe57f25813c0bf52a7bdc72c217d0_redline_e629604db4.pdf,tracking_without_comments,e629604db4,redlines_a100_b10,286955227d98c90e25b662a7c8d372197fa73a98691cb0988f29143bb4f27389,5203829c7a39779063960c392278bed93d85b453fb7b5b84c711a7adb83d1645,e629604db48d3d81e5995ad4bb7d6ecc78bb40360de62fcfa0c070d9ea62a7e8,4d2e776033c0d31cf57228ce20d7e461dfad4e9d45c6dfd7cf57f80fa1f6a8c9
2936af4459_super_editor__sd_1480_two_col_tab_positions_0095__vs__ced58cbf54_super_editor__sd_1494_table_left_indent_03277d35_redline_402e22a3f4,clean/docx/2936af4459_super_editor__sd_1480_two_col_tab_positions_0095,clean/docx/ced58cbf54_super_editor__sd_1494_table_left_indent_03277d35,tracking_without_comments/docx/2936af4459_super_editor__sd_1480_two_col_tab_positions_0095__vs__ced58cbf54_super_editor__sd_1494_table_left_indent_03277d35_redline_402e22a3f4.docx,tracking_without_comments/pdf/2936af4459_super_editor__sd_1480_two_col_tab_positions_0095__vs__ced58cbf54_super_editor__sd_1494_table_left_indent_03277d35_redline_402e22a3f4.pdf,tracking_without_comments,402e22a3f4,word_redlines_superdoc_0926,2936af445900002a9ba4dd3d8084cc682f6c469c43b854fd90e3e645c78ca08b,ced58cbf5479ff418119a39376b5b523d082b479f3176c0adffdd826ed21a929,402e22a3f46aaaf1a835b9fa066c70006f15c4798e514061ac77c6786873833d,47ccbf00fe5220ba711b942feb2b4d0600b1c06994ccbcc382a5d116584c667d
29379c07bf_002adf0715eed4d213774c26c60c78624c2a3cbb3d0397d2__vs__2773adf157_0004c94ca2a8684d47449bb0e7abf87de1df71a7e6543252_redline_dfc890ebe7,clean/docx/29379c07bf_002adf0715eed4d213774c26c60c78624c2a3cbb3d0397d2,clean/docx/2773adf157_0004c94ca2a8684d47449bb0e7abf87de1df71a7e6543252,tracking_without_comments/docx/29379c07bf_002adf0715eed4d213774c26c60c78624c2a3cbb3d0397d2__vs__2773adf157_0004c94ca2a8684d47449bb0e7abf87de1df71a7e6543252_redline_dfc890ebe7.docx,tracking_without_comments/pdf/29379c07bf_002adf0715eed4d213774c26c60c78624c2a3cbb3d0397d2__vs__2773adf157_0004c94ca2a8684d47449bb0e7abf87de1df71a7e6543252_redline_dfc890ebe7.pdf,tracking_without_comments,dfc890ebe7,redlines_a100_b10,29379c07bf9d33a5ea959d9dd692877a808e5cc837b56b3161eae27f997882e8,2773adf1573296ac475b3351ac307258686b2779d2b304e0bfc41e3bf1c3c15f,dfc890ebe7e6554b70009148c24584868cc7caf5b4a156712bab1a360fc77686,8a240c16663cce812ec493cc3423ca0c3a9eb52aac27a03987448be69efc3ac9
29379c07bf_002adf0715eed4d213774c26c60c78624c2a3cbb3d0397d2__vs__a5f2b9318d_002aa60c2ae1187417b4b157c5ec6450324cc056ec551a12_redline_e4c9e96f09,clean/docx/29379c07bf_002adf0715eed4d213774c26c60c78624c2a3cbb3d0397d2,clean/docx/a5f2b9318d_002aa60c2ae1187417b4b157c5ec6450324cc056ec551a12,tracking_without_comments/docx/29379c07bf_002adf0715eed4d213774c26c60c78624c2a3cbb3d0397d2__vs__a5f2b9318d_002aa60c2ae1187417b4b157c5ec6450324cc056ec551a12_redline_e4c9e96f09.docx,tracking_without_comments/pdf/29379c07bf_002adf0715eed4d213774c26c60c78624c2a3cbb3d0397d2__vs__a5f2b9318d_002aa60c2ae1187417b4b157c5ec6450324cc056ec551a12_redline_e4c9e96f09.pdf,tracking_without_comments,e4c9e96f09,redlines_a100_b10,29379c07bf9d33a5ea959d9dd692877a808e5cc837b56b3161eae27f997882e8,a5f2b9318d75c4ea4591cd74ee984c4703aa1db45936aef0b3c120e01532bf72,e4c9e96f095b2319ae761bc72d9ca5c8f73def72aeedf23214e450ff08f38372,7366fd36091a29d7fd719f176b970e813a2cbf60dddc88b968fce3ac821b3f21
2a69e1ce5c_green_bold_text_demo_id_paraid_overflow__vs__e1f631e28a_green_highlight_demo_id_paraid_overflow_redline_9d466d3cf5,clean/docx/2a69e1ce5c_green_bold_text_demo_id_paraid_overflow,clean/docx/e1f631e28a_green_highlight_demo_id_paraid_overflow,tracking_without_comments/docx/2a69e1ce5c_green_bold_text_demo_id_paraid_overflow__vs__e1f631e28a_green_highlight_demo_id_paraid_overflow_redline_9d466d3cf5.docx,tracking_without_comments/pdf/2a69e1ce5c_green_bold_text_demo_id_paraid_overflow__vs__e1f631e28a_green_highlight_demo_id_paraid_overflow_redline_9d466d3cf5.pdf,tracking_without_comments,9d466d3cf5,word_based,2a69e1ce5cb0173c9076e2e27f355808fc7d8550762e53551a68f361570eb4c5,e1f631e28a31908bd88cad2190623c74fd291715da47c34edec1ccf627ac7e36,9d466d3cf588ac6a22306d687528024b538ea1bbd1f9de3ce3f556c9894a06b3,5a6cf2abbb39acfc68534aa5097211afc1f7ea21f8493db40effa2add43819d1
2ad2fc5ab0_super_editor__diff_before10_2f84ca55__vs__84f5fb598b_super_editor__diff_before11_1b953eaf_redline_da86d0513e,clean/docx/2ad2fc5ab0_super_editor__diff_before10_2f84ca55,with_comments_tracking/docx/84f5fb598b_super_editor__diff_before11_1b953eaf,with_comments_tracking/docx/2ad2fc5ab0_super_editor__diff_before10_2f84ca55__vs__84f5fb598b_super_editor__diff_before11_1b953eaf_redline_da86d0513e.docx,with_comments_tracking/pdf/2ad2fc5ab0_super_editor__diff_before10_2f84ca55__vs__84f5fb598b_super_editor__diff_before11_1b953eaf_redline_da86d0513e.pdf,with_comments_tracking,da86d0513e,word_redlines_superdoc_0926,2ad2fc5ab0bc3ede598b706bd43613a1e540c37814214560b639180db724889a,84f5fb598b0b3f898e73d55ab86b54d6be32a7a43403e494351ac9e091051357,da86d0513ed3d769e7346240fc54dd5cdc3834575c95b9f267b4a8803b6678e4,0397a3bcfbe8e1a5a3b85627d40036c3b9225f668ed33d5a319835f10444b263
2ad8d15e88_00e901c5aa86bd93002ce801375c57e44c2c78a0e5b308d3__vs__bd3824dd1e_000ee64ef7226d353297888f59a251e24ce5d776fea000fa_redline_6287ad2d7a,clean/docx/2ad8d15e88_00e901c5aa86bd93002ce801375c57e44c2c78a0e5b308d3,clean/docx/bd3824dd1e_000ee64ef7226d353297888f59a251e24ce5d776fea000fa,tracking_without_comments/docx/2ad8d15e88_00e901c5aa86bd93002ce801375c57e44c2c78a0e5b308d3__vs__bd3824dd1e_000ee64ef7226d353297888f59a251e24ce5d776fea000fa_redline_6287ad2d7a.docx,tracking_without_comments/pdf/2ad8d15e88_00e901c5aa86bd93002ce801375c57e44c2c78a0e5b308d3__vs__bd3824dd1e_000ee64ef7226d353297888f59a251e24ce5d776fea000fa_redline_6287ad2d7a.pdf,tracking_without_comments,6287ad2d7a,redlines_a100_b10,2ad8d15e88f5ab04a982e71ce6ba5c91c493402e167b5069ef12ebf51c0f22ec,bd3824dd1e5554e7b0a8c3ab90f434599e047ff8de6ec85a04be794d32919bdf,6287ad2d7aceb4049b006538fd2066d09b39d6f79e9c8d14525d09286b9e6152,b0b4d4256e47820fd67b1b6fe3d560f17f4b0af32622912a9c22106dbcaa1b5e
2b328caeee_0ddd11a4c4cfd99b77de17348a8ddc30ae5e5c80a101c84e__vs__882e251894_c41a01217b430717fbacf9cd114aed87b99db718803e1801_redline_3866f441cc,clean/docx/2b328caeee_0ddd11a4c4cfd99b77de17348a8ddc30ae5e5c80a101c84e,with_comments_clean/docx/882e251894_c41a01217b430717fbacf9cd114aed87b99db718803e1801,with_comments_tracking/docx/2b328caeee_0ddd11a4c4cfd99b77de17348a8ddc30ae5e5c80a101c84e__vs__882e251894_c41a01217b430717fbacf9cd114aed87b99db718803e1801_redline_3866f441cc.docx,with_comments_tracking/pdf/2b328caeee_0ddd11a4c4cfd99b77de17348a8ddc30ae5e5c80a101c84e__vs__882e251894_c41a01217b430717fbacf9cd114aed87b99db718803e1801_redline_3866f441cc.pdf,with_comments_tracking,3866f441cc,redlines_en_500,2b328caeee61cb83fe01f0c24bbdbccc212b91b259173a9c1ab6166dbbcfcaf2,882e2518948e2419b9569e0fe09b3e81445040b303b573427bfb8a17c2a44455,3866f441cc6a2d4417de9112dea396cd3bc7f586dbaf8bd817dc4d3651a5c992,6661712792dd52480870607a2e8bb3254bd9e55d8a4b90a6bd893860d24eb089
2b4475cba6_0021f639e5dbf6c217c8d81a7ac3374624ff9901a5d4b200__vs__bd3824dd1e_000ee64ef7226d353297888f59a251e24ce5d776fea000fa_redline_f1e8654a15,clean/docx/2b4475cba6_0021f639e5dbf6c217c8d81a7ac3374624ff9901a5d4b200,clean/docx/bd3824dd1e_000ee64ef7226d353297888f59a251e24ce5d776fea000fa,tracking_without_comments/docx/2b4475cba6_0021f639e5dbf6c217c8d81a7ac3374624ff9901a5d4b200__vs__bd3824dd1e_000ee64ef7226d353297888f59a251e24ce5d776fea000fa_redline_f1e8654a15.docx,tracking_without_comments/pdf/2b4475cba6_0021f639e5dbf6c217c8d81a7ac3374624ff9901a5d4b200__vs__bd3824dd1e_000ee64ef7226d353297888f59a251e24ce5d776fea000fa_redline_f1e8654a15.pdf,tracking_without_comments,f1e8654a15,redlines_a100_b10,2b4475cba67654089153635a32889a0a49fbfeaa58538f43442c3073443e41a4,bd3824dd1e5554e7b0a8c3ab90f434599e047ff8de6ec85a04be794d32919bdf,f1e8654a1546bda548fb00ff09b5c38251feb957baf81f0f4f2ed60d7c9b39f2,626c42582f950e20b858ee33d9b4d05d52383676f0b9f321f2027b9e4f166f3d
2b6c7be6bd_super_editor__nested_comments_84f214bb__vs__18eb110b3b_numwords_fldsimple_redline_4a8b3c676a,with_comments_clean/docx/2b6c7be6bd_super_editor__nested_comments_84f214bb,clean/docx/18eb110b3b_numwords_fldsimple,with_comments_tracking/docx/2b6c7be6bd_super_editor__nested_comments_84f214bb__vs__18eb110b3b_numwords_fldsimple_redline_4a8b3c676a.docx,with_comments_tracking/pdf/2b6c7be6bd_super_editor__nested_comments_84f214bb__vs__18eb110b3b_numwords_fldsimple_redline_4a8b3c676a.pdf,with_comments_tracking,4a8b3c676a,word_redlines_superdoc,2b6c7be6bd7c59810f8f68cc18c2335ccd5400e7147c703bc5ba5531f6a0a2e4,18eb110b3bca58c9fe4ac8a61b1079374dd89fb65b2acf5d8400d92774f3954b,4a8b3c676ac36aeaa018303aa9263cd7354137cf0e934df60a029b62621537f2,f3f9a55e5d84cbb7740832f484be6b26dd32c44404865ffdc87802094bcf7cb3
2b6c7be6bd_super_editor__nested_comments_84f214bb__vs__671ff91b1d_behavior__sd_2750_borderbox_7cd3768d_redline_0858ee25d5,with_comments_clean/docx/2b6c7be6bd_super_editor__nested_comments_84f214bb,clean/docx/671ff91b1d_behavior__sd_2750_borderbox_7cd3768d,with_comments_tracking/docx/2b6c7be6bd_super_editor__nested_comments_84f214bb__vs__671ff91b1d_behavior__sd_2750_borderbox_7cd3768d_redline_0858ee25d5.docx,with_comments_tracking/pdf/2b6c7be6bd_super_editor__nested_comments_84f214bb__vs__671ff91b1d_behavior__sd_2750_borderbox_7cd3768d_redline_0858ee25d5.pdf,with_comments_tracking,0858ee25d5,word_redlines_superdoc,2b6c7be6bd7c59810f8f68cc18c2335ccd5400e7147c703bc5ba5531f6a0a2e4,671ff91b1dcc5bff3ca65864a602637ac987d95592569296f9c8399d85168b36,0858ee25d55a174f4871a5accaa7189fbd5a996df53626c8c6a5272195943e18,a0186e60752503009de0f56547ed029e87866daf96adf6bd07968d2dc1b9d438
2b6c7be6bd_super_editor__nested_comments_84f214bb__vs__6c0ad6c8ef_behavior__math_matrix_tests_a3b17e15_redline_a9272f69c1,with_comments_clean/docx/2b6c7be6bd_super_editor__nested_comments_84f214bb,clean/docx/6c0ad6c8ef_behavior__math_matrix_tests_a3b17e15,with_comments_tracking/docx/2b6c7be6bd_super_editor__nested_comments_84f214bb__vs__6c0ad6c8ef_behavior__math_matrix_tests_a3b17e15_redline_a9272f69c1.docx,with_comments_tracking/pdf/2b6c7be6bd_super_editor__nested_comments_84f214bb__vs__6c0ad6c8ef_behavior__math_matrix_tests_a3b17e15_redline_a9272f69c1.pdf,with_comments_tracking,a9272f69c1,word_redlines_superdoc,2b6c7be6bd7c59810f8f68cc18c2335ccd5400e7147c703bc5ba5531f6a0a2e4,6c0ad6c8ef64e43a59fd3b2607b7c4f33e0e67f8667ad3a2aa99417fb72a2e2d,a9272f69c160d74d02cea62fbd1bcf2edc03b2dfc41e709445ba7f6c6c77782a,313e4e629088fdb76759fab71154f3a0740c507f7ee7cafbde6c7109441dc7d7
2bd5ae6064_file_13__vs__836d7aa3c4_file_14_redline_01ffe97a5e,clean/docx/2bd5ae6064_file_13,with_comments_tracking/docx/836d7aa3c4_file_14,with_comments_tracking/docx/2bd5ae6064_file_13__vs__836d7aa3c4_file_14_redline_01ffe97a5e.docx,with_comments_tracking/pdf/2bd5ae6064_file_13__vs__836d7aa3c4_file_14_redline_01ffe97a5e.pdf,with_comments_tracking,01ffe97a5e,word_based_randomized_0926,2bd5ae6064d7c2a97bd1c3fb658b9ef3acdcb50a4bb50a0caec4b8fcf6438596,836d7aa3c41881c39377d7d54bdb5f3146c167566128c11de8b4f44304cbd314,01ffe97a5eba4187a7e4cf32d6a6f927d9e701203df7e930d1f90722c3183176,885c5efec15ae4a88f24b7f8ba3ec254d5a09a66e595ab1a461f0a6566cde700
2bf4db734d_file_20__vs__080c4822ff_file_21_redline_70526d3324,clean/docx/2bf4db734d_file_20,clean/docx/080c4822ff_file_21,tracking_without_comments/docx/2bf4db734d_file_20__vs__080c4822ff_file_21_redline_70526d3324.docx,tracking_without_comments/pdf/2bf4db734d_file_20__vs__080c4822ff_file_21_redline_70526d3324.pdf,tracking_without_comments,70526d3324,word_based_randomized_0926,2bf4db734d5696018f5ddf12a20978eebec1030914d64c68eb3da9ec2ac19bf8,080c4822ff8b3696691387332396c68f9eb61b711fc56e8ea32ac4a2ccea6975,70526d332435923aa47d92495a8d9b6dfa14beec2c91557bde333d077ae04cf2,f351d9eac278221182987b8925b1d6f98b27e0d83583f5a9d91c3d7146437f2f
2c0a2ac35f_double_spacing_bold_demo_id_paraid_overflow__vs__90cef57bac_eigenpal_docx_editor_suggesting_mixed_edits_redline_5d3a04d9a6,clean/docx/2c0a2ac35f_double_spacing_bold_demo_id_paraid_overflow,with_comments_tracking/docx/90cef57bac_eigenpal_docx_editor_suggesting_mixed_edits,with_comments_tracking/docx/2c0a2ac35f_double_spacing_bold_demo_id_paraid_overflow__vs__90cef57bac_eigenpal_docx_editor_suggesting_mixed_edits_redline_5d3a04d9a6.docx,with_comments_tracking/pdf/2c0a2ac35f_double_spacing_bold_demo_id_paraid_overflow__vs__90cef57bac_eigenpal_docx_editor_suggesting_mixed_edits_redline_5d3a04d9a6.pdf,with_comments_tracking,5d3a04d9a6,word_based_0926,2c0a2ac35fdd2d43625db27b99ea4fb33624272228e3f21c78487ae0e58cfd71,90cef57bacad1fe785071de94874f42072ad72e66e811935cd9b6e7c4386aa5b,5d3a04d9a63c672301a1e92b1433b5fd4b941195fa075f173e2ce9919743d7ec,8c0ed51e61518ab8e75aa12288d2eeb00cfbf91288db0dc5c5a434dc68643842
2d9166078a_file_24__vs__cec0607d40_file_25_redline_f5345067bd,clean/docx/2d9166078a_file_24,clean/docx/cec0607d40_file_25,tracking_without_comments/docx/2d9166078a_file_24__vs__cec0607d40_file_25_redline_f5345067bd.docx,tracking_without_comments/pdf/2d9166078a_file_24__vs__cec0607d40_file_25_redline_f5345067bd.pdf,tracking_without_comments,f5345067bd,word_based_randomized_0926,2d9166078adbdc813e357711ed57ebf156c281599096124f08cc5c0ebd3ebf48,cec0607d4001845678b2376127d255c3f9484933d6ce7ee0b487b39fd06e86be,f5345067bd96ff4bb2e5ef60d4f07b7aa0bf5bc1955a606e49c5e33ef5ba78f3,c8f829eab1e7646b1dd1b73819ff57e857a7788cfd222927e40db0db4f24a161
2dc3e97d2a_super_editor__hyperlink_node_52b7695b__vs__d48e02b548_super_editor__google_docs_originated_comments_redline_58b3bd3cbc,clean/docx/2dc3e97d2a_super_editor__hyperlink_node_52b7695b,with_comments_tracking/docx/d48e02b548_super_editor__google_docs_originated_comments,with_comments_tracking/docx/2dc3e97d2a_super_editor__hyperlink_node_52b7695b__vs__d48e02b548_super_editor__google_docs_originated_comments_redline_58b3bd3cbc.docx,with_comments_tracking/pdf/2dc3e97d2a_super_editor__hyperlink_node_52b7695b__vs__d48e02b548_super_editor__google_docs_originated_comments_redline_58b3bd3cbc.pdf,with_comments_tracking,58b3bd3cbc,word_redlines_superdoc,2dc3e97d2a512c30464b5f0f3868c278afb606fa9e85763a7002c0ddbda43c8a,d48e02b548312f45d43b7ab07263cfadb009db04eecceff495666f0b1509f944,58b3bd3cbc816bda234870a524d23c8c98af2f528789ae8b30a5e44184ba3b96,fda199a86ff8c856bc58318f0b47a1e9fb7eaf94a14c6d56808a5fbccd3ef64f
30e84496e2_bullet_list_bold_demo_id_paraid_overflow__vs__9d3fa84f9f_bullet_list_demo_id_paraid_overflow_redline_086970eb1e,clean/docx/30e84496e2_bullet_list_bold_demo_id_paraid_overflow,clean/docx/9d3fa84f9f_bullet_list_demo_id_paraid_overflow,tracking_without_comments/docx/30e84496e2_bullet_list_bold_demo_id_paraid_overflow__vs__9d3fa84f9f_bullet_list_demo_id_paraid_overflow_redline_086970eb1e.docx,tracking_without_comments/pdf/30e84496e2_bullet_list_bold_demo_id_paraid_overflow__vs__9d3fa84f9f_bullet_list_demo_id_paraid_overflow_redline_086970eb1e.pdf,tracking_without_comments,086970eb1e,word_based_0926,30e84496e201d68c1f019bf89d8088e29fd41a55c49c5f7959bcb29ffd3e0251,9d3fa84f9f961417d58a0db3a86ba3ce5b68dad9636db1744979a93566a95d08,086970eb1e9ac2e330ad84c8608ba43da7688049e578d029318bc940ec38cb7e,b715796296cdbe974a3e496ce28b26d955e1f5d2f90b46f7ceabe056bd1509fe
316da9cc94_subscript_demo_id_paraid_overflow__vs__b39182a410_subscript_demo_style_default_missing_redline_349073146a,clean/docx/316da9cc94_subscript_demo_id_paraid_overflow,clean/docx/b39182a410_subscript_demo_style_default_missing,tracking_without_comments/docx/316da9cc94_subscript_demo_id_paraid_overflow__vs__b39182a410_subscript_demo_style_default_missing_redline_349073146a.docx,tracking_without_comments/pdf/316da9cc94_subscript_demo_id_paraid_overflow__vs__b39182a410_subscript_demo_style_default_missing_redline_349073146a.pdf,tracking_without_comments,349073146a,word_based,316da9cc9496572eb4bf84f8a89bffce7015f6836bd45d35f4dbc8c02ca3848d,b39182a4106339776ddb730a48b6ffe6112552976c6b4d027818444f978aeca1,349073146a8b994ded664b5b07b58ad7e93bea5726f401a6c1da03d71ac59e15,f96165f79502083feb827a66d543e108c641ac3c2a07a1c0683c440aba0f52c9
32328b55db_docx_lots_of_comments_addition_removal_redline_r__vs__d996bef4c8_docx_lots_of_comments_addition_removal_redline_redline_d23d9c8cc7,tracking_without_comments/docx/32328b55db_docx_lots_of_comments_addition_removal_redline_r,tracking_without_comments/docx/d996bef4c8_docx_lots_of_comments_addition_removal_redline,clean/docx/32328b55db_docx_lots_of_comments_addition_removal_redline_r__vs__d996bef4c8_docx_lots_of_comments_addition_removal_redline_redline_d23d9c8cc7.docx,clean/pdf/32328b55db_docx_lots_of_comments_addition_removal_redline_r__vs__d996bef4c8_docx_lots_of_comments_addition_removal_redline_redline_d23d9c8cc7.pdf,clean,d23d9c8cc7,nocomments,32328b55db8c13c39237fe133b68a885d771421e30d63922b186d8f235698328,d996bef4c8cf32eece70d13e57c98eb62d583187d203c4456205cf6717d05ad3,d23d9c8cc74e7b520d0bfad3e9af9b1266b3d5376bdce4971b83344c3d231dba,35a568dfdd22672c6a9d78b631cee4c8c9dab275f2d074bdac2b85f8632c2ade
33e7d339be_font_color_demo_style_default_missing__vs__b4b7c76ecd_font_family_demo_id_paraid_overflow_redline_340dd11242,clean/docx/33e7d339be_font_color_demo_style_default_missing,clean/docx/b4b7c76ecd_font_family_demo_id_paraid_overflow,tracking_without_comments/docx/33e7d339be_font_color_demo_style_default_missing__vs__b4b7c76ecd_font_family_demo_id_paraid_overflow_redline_340dd11242.docx,tracking_without_comments/pdf/33e7d339be_font_color_demo_style_default_missing__vs__b4b7c76ecd_font_family_demo_id_paraid_overflow_redline_340dd11242.pdf,tracking_without_comments,340dd11242,word_based_0926,33e7d339bed21ca4984f823b2c8bbebf7b2a72336641695c6c7a96afa021a4e3,b4b7c76ecdced4509849588226fdb0d4a69a3f0f790b1a41b0c5d310aa1dae1f,340dd112421c953dc264bc37363257e256732a34604e88670200aed06892d806,0843c34a352f3d857a1a735490a6261170544c068bd06fd17524bd69ba53b523
3413da1703_verdana_font_demo_id_paraid_overflow_2__vs__ac4b41aa8e_verdana_font_demo_id_paraid_overflow_redline_804039550d,with_comments_clean/docx/3413da1703_verdana_font_demo_id_paraid_overflow_2,clean/docx/ac4b41aa8e_verdana_font_demo_id_paraid_overflow,tracking_without_comments/docx/3413da1703_verdana_font_demo_id_paraid_overflow_2__vs__ac4b41aa8e_verdana_font_demo_id_paraid_overflow_redline_804039550d.docx,tracking_without_comments/pdf/3413da1703_verdana_font_demo_id_paraid_overflow_2__vs__ac4b41aa8e_verdana_font_demo_id_paraid_overflow_redline_804039550d.pdf,tracking_without_comments,804039550d,word_based;fixtures_word_compares,3413da170371d0f4942c75ef6614179bb69ab0d7566b65472ace7555b002ea47,ac4b41aa8e1cbc2bc29d9a1ae4bbdef14fc0472bd093e7ad5b8b0258d93bbb84,804039550dfa3bd8df8eadb093a668ac3d31b82b2b9ab618714bd551e46f8927,eb6031c49d52a0704a14ddba402c781a87d7d04eff894956dd430b0fd4e053dd
34ed7ebd0f_227afe23857a4ab9a224864c35859a646d77964f0091d286__vs__8540241422_1a8b2f10c75536052e991733f8d68e4e56ad2bac943b4fdf_redline_7ee9ae5c62,clean/docx/34ed7ebd0f_227afe23857a4ab9a224864c35859a646d77964f0091d286,clean/docx/8540241422_1a8b2f10c75536052e991733f8d68e4e56ad2bac943b4fdf,tracking_without_comments/docx/34ed7ebd0f_227afe23857a4ab9a224864c35859a646d77964f0091d286__vs__8540241422_1a8b2f10c75536052e991733f8d68e4e56ad2bac943b4fdf_redline_7ee9ae5c62.docx,tracking_without_comments/pdf/34ed7ebd0f_227afe23857a4ab9a224864c35859a646d77964f0091d286__vs__8540241422_1a8b2f10c75536052e991733f8d68e4e56ad2bac943b4fdf_redline_7ee9ae5c62.pdf,tracking_without_comments,7ee9ae5c62,redlines_en_500,34ed7ebd0f2b507c698eaf3a0b1741434811f2a1d90987202008d32e923925a9,8540241422e697c06524d6e72984a95a14abfccf50449637c191a157998b8055,7ee9ae5c621e5af581fd944a2c1fdfa15f12f48164283cca6ec818e4c73dab72,77223e6fc0e6c5eb94d7e0df3a80845ac0a937d86ccf2cc7c3a436979bc52a10
3539cf2404_cli_legacy__replace_test_0a793f01__vs__3b639ef236_super_editor__sdpr_8cc15994_redline_5500b91636,with_comments_tracking/docx/3539cf2404_cli_legacy__replace_test_0a793f01,tracking_without_comments/docx/3b639ef236_super_editor__sdpr_8cc15994,with_comments_tracking/docx/3539cf2404_cli_legacy__replace_test_0a793f01__vs__3b639ef236_super_editor__sdpr_8cc15994_redline_5500b91636.docx,with_comments_tracking/pdf/3539cf2404_cli_legacy__replace_test_0a793f01__vs__3b639ef236_super_editor__sdpr_8cc15994_redline_5500b91636.pdf,with_comments_tracking,5500b91636,word_redlines_superdoc_0926,3539cf24044e459a8ee7a22fc5c15e6dd79f6894a88d62b10773fc451b0695d8,3b639ef236c7bd2a5ebdd6dea1655e69aad72f2db5297cc4e3b64939889dca68,5500b91636bad495a9644a076973299ffde857399019a95e0c76a1e56e93d8cc,1c11cfa53e15c13d1107bc019673e1ca96f2a3562de9bc9f94a5a64bf698f126
3539cf2404_cli_legacy__replace_test_0a793f01__vs__8df6dfa8d7_alternate_content_redline_ac5e632cd2,with_comments_tracking/docx/3539cf2404_cli_legacy__replace_test_0a793f01,clean/docx/8df6dfa8d7_alternate_content,with_comments_tracking/docx/3539cf2404_cli_legacy__replace_test_0a793f01__vs__8df6dfa8d7_alternate_content_redline_ac5e632cd2.docx,with_comments_tracking/pdf/3539cf2404_cli_legacy__replace_test_0a793f01__vs__8df6dfa8d7_alternate_content_redline_ac5e632cd2.pdf,with_comments_tracking,ac5e632cd2,word_redlines_superdoc,3539cf24044e459a8ee7a22fc5c15e6dd79f6894a88d62b10773fc451b0695d8,8df6dfa8d7b6563889a88d2a4602001f68e2b4a21d257c173357759911036164,ac5e632cd2bf479476a90ea7140623ed95d84ad13bd786a7b2ab4c9ac20f4786,0ae47330ff4c3e91195506e733a9db11cc739d468030de6ab7ba50fa2da1a5d7
3539cf2404_cli_legacy__replace_test_0a793f01__vs__a21c45464c_super_editor__shape_group_ce60e1e6_redline_d6eb2a4115,with_comments_tracking/docx/3539cf2404_cli_legacy__replace_test_0a793f01,clean/docx/a21c45464c_super_editor__shape_group_ce60e1e6,with_comments_tracking/docx/3539cf2404_cli_legacy__replace_test_0a793f01__vs__a21c45464c_super_editor__shape_group_ce60e1e6_redline_d6eb2a4115.docx,with_comments_tracking/pdf/3539cf2404_cli_legacy__replace_test_0a793f01__vs__a21c45464c_super_editor__shape_group_ce60e1e6_redline_d6eb2a4115.pdf,with_comments_tracking,d6eb2a4115,word_redlines_superdoc,3539cf24044e459a8ee7a22fc5c15e6dd79f6894a88d62b10773fc451b0695d8,a21c45464c02e6ff014a1b0a951488548dd8841321aa1c3e087be51c343e4c62,d6eb2a411527978a1b49c6b9b376e6935fa5c04ceb8d1d6e41f7d1c403173404,fb9f3f3e6cf5e2cfae7e938576c4bf83e89b70eda9aa404abaf40fef680ea804
3539cf2404_cli_legacy__replace_test_0a793f01__vs__bb35ae41ba_evals__comments_doc_79800b37_redline_eede96cbf6,with_comments_tracking/docx/3539cf2404_cli_legacy__replace_test_0a793f01,with_comments_clean/docx/bb35ae41ba_evals__comments_doc_79800b37,with_comments_tracking/docx/3539cf2404_cli_legacy__replace_test_0a793f01__vs__bb35ae41ba_evals__comments_doc_79800b37_redline_eede96cbf6.docx,with_comments_tracking/pdf/3539cf2404_cli_legacy__replace_test_0a793f01__vs__bb35ae41ba_evals__comments_doc_79800b37_redline_eede96cbf6.pdf,with_comments_tracking,eede96cbf6,word_redlines_superdoc_0926,3539cf24044e459a8ee7a22fc5c15e6dd79f6894a88d62b10773fc451b0695d8,bb35ae41ba7e1d8bdb22022e20d36c2b6078598256395669dc178a8f5108cefc,eede96cbf6c6bb762bd279dc299958103cbcc846f2d3a772b4066fd73f61dfc5,b0aa00615adfb192c42cad5a2212a61526dbaf5cf12d5ece078be331b13fd375
356b7a3629_text_highlight_demo_style_default_missing__vs__c4ee483519_tiff_image_redline_6b82730fb0,clean/docx/356b7a3629_text_highlight_demo_style_default_missing,clean/docx/c4ee483519_tiff_image,tracking_without_comments/docx/356b7a3629_text_highlight_demo_style_default_missing__vs__c4ee483519_tiff_image_redline_6b82730fb0.docx,tracking_without_comments/pdf/356b7a3629_text_highlight_demo_style_default_missing__vs__c4ee483519_tiff_image_redline_6b82730fb0.pdf,tracking_without_comments,6b82730fb0,word_based_0926,356b7a36295ba9206740a98763c3ae736d68ed84c42ecf15ec2f0d248f06633b,c4ee48351996f12a2a0ddf32667fcf8b5a250fb817df54044b338ec3a09d1a6e,6b82730fb0c0a792bf3ca5dc21f219f12255a3696c5e732a168a96dd4e64a3e9,8173c4c07feec4caeb5f148e3876ee3775ac359ed8884ee1a4fa2c4e8278ec17
35ce9aa3cc_00515f13495e5bf0867b319b035d4a83c7904b55056c38f8__vs__aa5340125d_00a4b0b91e9b5b072dc3771391c2d608518690eccf44eae8_redline_25a7bc54c6,clean/docx/35ce9aa3cc_00515f13495e5bf0867b319b035d4a83c7904b55056c38f8,clean/docx/aa5340125d_00a4b0b91e9b5b072dc3771391c2d608518690eccf44eae8,tracking_without_comments/docx/35ce9aa3cc_00515f13495e5bf0867b319b035d4a83c7904b55056c38f8__vs__aa5340125d_00a4b0b91e9b5b072dc3771391c2d608518690eccf44eae8_redline_25a7bc54c6.docx,tracking_without_comments/pdf/35ce9aa3cc_00515f13495e5bf0867b319b035d4a83c7904b55056c38f8__vs__aa5340125d_00a4b0b91e9b5b072dc3771391c2d608518690eccf44eae8_redline_25a7bc54c6.pdf,tracking_without_comments,25a7bc54c6,redlines_a100_b10,35ce9aa3cc0bea4d6bf3d72770e25d57fcfb95cdc0e045d8dc88d85a7766eda6,aa5340125d3bf06891fd59477c734f045cfc5b3d92911d2bbdaf175dae103a1c,25a7bc54c64af0e2064e4255b6c966842f204e4e2207243098f1f4999dc914a8,79ebf2ec17134fb4f2ae3ca2ff8a7ee95d662382651ddde8e31d38f18a3eddff
36fbd8c734_sales_report_january_2026_suggesting_insertions__vs__81158d928d_sample_document_afterword_repaired_word_repaired_redline_20eccb4f6a,tracking_without_comments/docx/36fbd8c734_sales_report_january_2026_suggesting_insertions,with_comments_tracking/docx/81158d928d_sample_document_afterword_repaired_word_repaired,with_comments_tracking/docx/36fbd8c734_sales_report_january_2026_suggesting_insertions__vs__81158d928d_sample_document_afterword_repaired_word_repaired_redline_20eccb4f6a.docx,with_comments_tracking/pdf/36fbd8c734_sales_report_january_2026_suggesting_insertions__vs__81158d928d_sample_document_afterword_repaired_word_repaired_redline_20eccb4f6a.pdf,with_comments_tracking,20eccb4f6a,word_based_0926,36fbd8c734ed5dde77bd8466725686c7407555166f4f4313997435027d28f4ae,81158d928d3a6fdc2024e714301e86da725f432e1bbeccc0dabca414036ecfd1,20eccb4f6a5e3dc3b70cc5a4cd5ec3bdb40d334ba696121ed7c183558c46f0dc,5da76d9eb993601e753c46a4e4ad899bf816f76bdad7beeebb229f45a86ebbab
3755bf5762_0000a3a991f56b6660c630eb426231a3b4ec31e40313aab9__vs__2e04202552_000e3e7bd2d6215fc7b469cc3e296c1b2a510bc1abc7e0fd_redline_aae2a313fa,clean/docx/3755bf5762_0000a3a991f56b6660c630eb426231a3b4ec31e40313aab9,clean/docx/2e04202552_000e3e7bd2d6215fc7b469cc3e296c1b2a510bc1abc7e0fd,tracking_without_comments/docx/3755bf5762_0000a3a991f56b6660c630eb426231a3b4ec31e40313aab9__vs__2e04202552_000e3e7bd2d6215fc7b469cc3e296c1b2a510bc1abc7e0fd_redline_aae2a313fa.docx,tracking_without_comments/pdf/3755bf5762_0000a3a991f56b6660c630eb426231a3b4ec31e40313aab9__vs__2e04202552_000e3e7bd2d6215fc7b469cc3e296c1b2a510bc1abc7e0fd_redline_aae2a313fa.pdf,tracking_without_comments,aae2a313fa,redlines_a100_b10,3755bf57627efc27a5252e2c326a40838ec1a6bf52c9ca4c75ba99a72c2ecca6,2e042025528818822ef7f3ccf73977ae3e3e7cff864682b5c0060083284d8ae7,aae2a313fabb3f0aebcb46d62c8a90d0a456f16a53afd4fba51aae6a3f99f71c,f37ff2b38a7a72ea0072dd1582fa6c66ce637282f460f1e2c8826017f5274c0e
3755bf5762_0000a3a991f56b6660c630eb426231a3b4ec31e40313aab9__vs__bd3824dd1e_000ee64ef7226d353297888f59a251e24ce5d776fea000fa_redline_8707a2c3e0,clean/docx/3755bf5762_0000a3a991f56b6660c630eb426231a3b4ec31e40313aab9,clean/docx/bd3824dd1e_000ee64ef7226d353297888f59a251e24ce5d776fea000fa,tracking_without_comments/docx/3755bf5762_0000a3a991f56b6660c630eb426231a3b4ec31e40313aab9__vs__bd3824dd1e_000ee64ef7226d353297888f59a251e24ce5d776fea000fa_redline_8707a2c3e0.docx,tracking_without_comments/pdf/3755bf5762_0000a3a991f56b6660c630eb426231a3b4ec31e40313aab9__vs__bd3824dd1e_000ee64ef7226d353297888f59a251e24ce5d776fea000fa_redline_8707a2c3e0.pdf,tracking_without_comments,8707a2c3e0,redlines_a100_b10,3755bf57627efc27a5252e2c326a40838ec1a6bf52c9ca4c75ba99a72c2ecca6,bd3824dd1e5554e7b0a8c3ab90f434599e047ff8de6ec85a04be794d32919bdf,8707a2c3e09acddf13f14b7f74805571f2020ca0e13e13cdedfad1d609915b5f,1a8aa7e1e016d95331e1068fbbe992442eda3098fba8c8c0eda4a981eb010e9b
37ce636fd7_tiff_image__vs__d48eb7902f_times_new_roman_bold_id_paraid_overflow_redline_3343d6352b,clean/docx/37ce636fd7_tiff_image,clean/docx/d48eb7902f_times_new_roman_bold_id_paraid_overflow,tracking_without_comments/docx/37ce636fd7_tiff_image__vs__d48eb7902f_times_new_roman_bold_id_paraid_overflow_redline_3343d6352b.docx,tracking_without_comments/pdf/37ce636fd7_tiff_image__vs__d48eb7902f_times_new_roman_bold_id_paraid_overflow_redline_3343d6352b.pdf,tracking_without_comments,3343d6352b,nocomments,37ce636fd7ba0d0ee8bd6a039fcf55452b0cb665f66ba4e4c21e867b0a788f4c,d48eb7902f79ef35f88a1595dd9fff8bf9115602a4a90c8338d01d119fdf0a03,3343d6352bfe3caedb33bf2150e64b0180d36fda040058960e21105e1ebc07e6,215f5261b5c9f2db9a1756c9c497d95ccc4e6cc87e08b6b1b8584ad8ea5a1dc8
382497a0a8_super_editor__python_docx_comment_test_501f21cb__vs__3d8acd6139_super_editor__restart_numbering_sub_list_85ddcb7_redline_43aedaf43e,with_comments_clean/docx/382497a0a8_super_editor__python_docx_comment_test_501f21cb,clean/docx/3d8acd6139_super_editor__restart_numbering_sub_list_85ddcb7,with_comments_tracking/docx/382497a0a8_super_editor__python_docx_comment_test_501f21cb__vs__3d8acd6139_super_editor__restart_numbering_sub_list_85ddcb7_redline_43aedaf43e.docx,with_comments_tracking/pdf/382497a0a8_super_editor__python_docx_comment_test_501f21cb__vs__3d8acd6139_super_editor__restart_numbering_sub_list_85ddcb7_redline_43aedaf43e.pdf,with_comments_tracking,43aedaf43e,word_redlines_superdoc_0926,382497a0a81a199ad75c37787671eba054fc0f65938810987afe25367f8a087d,3d8acd6139a51d71b55e1cebf8834c3c616c14a2bf925e38bf105b4ec961ca6f,43aedaf43ee1fd0eead3a5417177cf115f7e616e890b3c1ddf69bd31c57bd748,f69dd4835a90c8d96d991a4d0d9d7a5454324a0c064333dc49b9b1af7068ba56
38694026fb_0003b3ae2b115676d918e72f694790ddb64563721bb4a48d__vs__deff0e697a_00b5defcad6e58038eac35472a2d48c89905068e5ece0cc3_redline_e3cc1c7993,clean/docx/38694026fb_0003b3ae2b115676d918e72f694790ddb64563721bb4a48d,clean/docx/deff0e697a_00b5defcad6e58038eac35472a2d48c89905068e5ece0cc3,tracking_without_comments/docx/38694026fb_0003b3ae2b115676d918e72f694790ddb64563721bb4a48d__vs__deff0e697a_00b5defcad6e58038eac35472a2d48c89905068e5ece0cc3_redline_e3cc1c7993.docx,tracking_without_comments/pdf/38694026fb_0003b3ae2b115676d918e72f694790ddb64563721bb4a48d__vs__deff0e697a_00b5defcad6e58038eac35472a2d48c89905068e5ece0cc3_redline_e3cc1c7993.pdf,tracking_without_comments,e3cc1c7993,redlines_a100_b10,38694026fb06f5884777f3322737cebd01cef62f191d396147781441e82b0646,deff0e697a2dfbcc4a41b9b979b9d9cb54b60ef4c9e5bc588011e6bda3fc0af2,e3cc1c79931416f401b855dedbe14e1eada30de661eea9e2632e75f7c996cf57,6919a4d4e72b317dae8baf350550e2233bef6d3addb2a1bbaa8934582792d3ba
3acaee795f_red_strikethrough_demo_style_default_missing__vs__70fd78a4f8_redline_cicerodo_v_plate_30_redline_1dbbf3be63,clean/docx/3acaee795f_red_strikethrough_demo_style_default_missing,with_comments_tracking/docx/70fd78a4f8_redline_cicerodo_v_plate_30,with_comments_tracking/docx/3acaee795f_red_strikethrough_demo_style_default_missing__vs__70fd78a4f8_redline_cicerodo_v_plate_30_redline_1dbbf3be63.docx,with_comments_tracking/pdf/3acaee795f_red_strikethrough_demo_style_default_missing__vs__70fd78a4f8_redline_cicerodo_v_plate_30_redline_1dbbf3be63.pdf,with_comments_tracking,1dbbf3be63,word_based_0926,3acaee795f9c5e8e2255c9bc37658c04edd64bf7a4158e448cb424d10efcee34,70fd78a4f8570cc2c8593f68aa38aac78b3547f75e67468bc78272f1393b2498,1dbbf3be6348c6ae88463365a089e6828c468d622fc75eb471f5ae628e25ca8e,fd4c5702f380f3e8bb08f749aa0fe52f00b28e067bf2fdc470d043f5dee2a6f1
3ad856ac79_file_39__vs__03c2173f9b_file_40_redline_1a5a8a93b8,clean/docx/3ad856ac79_file_39,clean/docx/03c2173f9b_file_40,tracking_without_comments/docx/3ad856ac79_file_39__vs__03c2173f9b_file_40_redline_1a5a8a93b8.docx,tracking_without_comments/pdf/3ad856ac79_file_39__vs__03c2173f9b_file_40_redline_1a5a8a93b8.pdf,tracking_without_comments,1a5a8a93b8,nocomments_randomized,3ad856ac79d87eaee9f035f3d39575104844bf0f6053977b46852a5210fa0692,03c2173f9b352a7382c8882abfb241578f8ca6330d638caa7cca32df995179c5,1a5a8a93b8e3afd86fc62a9b309063084351a54b854662514051d12f2e006a37,58395eb4a077b060214caf5f4df62f3bc885f63f04eb932765d2ec361f2600df
3b639ef236_super_editor__sdpr_8cc15994__vs__52dab5bc1c_super_editor__sdt_node_comment_ec887683_redline_61a3912d74,tracking_without_comments/docx/3b639ef236_super_editor__sdpr_8cc15994,with_comments_clean/docx/52dab5bc1c_super_editor__sdt_node_comment_ec887683,with_comments_tracking/docx/3b639ef236_super_editor__sdpr_8cc15994__vs__52dab5bc1c_super_editor__sdt_node_comment_ec887683_redline_61a3912d74.docx,with_comments_tracking/pdf/3b639ef236_super_editor__sdpr_8cc15994__vs__52dab5bc1c_super_editor__sdt_node_comment_ec887683_redline_61a3912d74.pdf,with_comments_tracking,61a3912d74,word_redlines_superdoc,3b639ef236c7bd2a5ebdd6dea1655e69aad72f2db5297cc4e3b64939889dca68,52dab5bc1c452aa287e862aae3430fb1936040df22a950190a4a88d93976f49a,61a3912d744f8c2bac515ed3e51a35b88aa1f59c683c9bcae69e038dc626f0df,9d3279f73b3845495cb34abd513c94e7df36a4493547a30fc2bb385fec699e55
3cf3093270_super_editor__diff_after7_b998213e__vs__735c372b41_super_editor__diff_after8_58e5c288_redline_3cddbcb812,clean/docx/3cf3093270_super_editor__diff_after7_b998213e,with_comments_tracking/docx/735c372b41_super_editor__diff_after8_58e5c288,with_comments_tracking/docx/3cf3093270_super_editor__diff_after7_b998213e__vs__735c372b41_super_editor__diff_after8_58e5c288_redline_3cddbcb812.docx,with_comments_tracking/pdf/3cf3093270_super_editor__diff_after7_b998213e__vs__735c372b41_super_editor__diff_after8_58e5c288_redline_3cddbcb812.pdf,with_comments_tracking,3cddbcb812,word_redlines_superdoc,3cf30932708e2ca0d2f765cb2af8b422ef51874652f9fc9f20b1d466c55bfaef,735c372b415f07fb249fbbe6ca2d642009e070efa960a0f7ffce55a93e71f8b0,3cddbcb8129929807c2e876effe697014ecc890a7768bf5332c7405a595276b1,bdbbbb34ba518af2ebe497f335378460a3e9455b2666b71e50f09423da6ef373
3d495db791_file_95__vs__c6ce4423f8_file_96_redline_a4c9622fa7,clean/docx/3d495db791_file_95,clean/docx/c6ce4423f8_file_96,tracking_without_comments/docx/3d495db791_file_95__vs__c6ce4423f8_file_96_redline_a4c9622fa7.docx,tracking_without_comments/pdf/3d495db791_file_95__vs__c6ce4423f8_file_96_redline_a4c9622fa7.pdf,tracking_without_comments,a4c9622fa7,nocomments_randomized,3d495db79114c2239bc854f2db64c96bf614fe160e59e1995dc3c125677f1fb4,c6ce4423f8354c565e30ee93c153c693ce6de4041ee9acdf72c76cafc5f2c122,a4c9622fa746758b00444530f4cc7cae468d1c92718fbb919d7de7245b7a63d1,c0428d49f34a5b428045fd54892287948db483d6bd589fdc3137b151143fd7cc
3e43d24c46_clear_formatting_demo_id_paraid_overflow__vs__0cf73436ac_contract_review_suggesting_insertions_redline_35a8be94f9,clean/docx/3e43d24c46_clear_formatting_demo_id_paraid_overflow,tracking_without_comments/docx/0cf73436ac_contract_review_suggesting_insertions,tracking_without_comments/docx/3e43d24c46_clear_formatting_demo_id_paraid_overflow__vs__0cf73436ac_contract_review_suggesting_insertions_redline_35a8be94f9.docx,tracking_without_comments/pdf/3e43d24c46_clear_formatting_demo_id_paraid_overflow__vs__0cf73436ac_contract_review_suggesting_insertions_redline_35a8be94f9.pdf,tracking_without_comments,35a8be94f9,word_based,3e43d24c46e67f2b61612a1f31b050838c760245993eb91f15e1adac0caeb74c,0cf73436acb4e91cf48b97ce94833b467d3d011afdbbc8328ead6179f018eae9,35a8be94f9b931c8b3e7702c1d92483097bcaf9abec4b6158a5290041c709dc0,da82f6276c475ffdea16cb6261d5c5d199a4e057b588ff800bf87e4495238186
3e43d24c46_clear_formatting_demo_id_paraid_overflow__vs__adc9f524d1_comments_redline_d484b575c0,clean/docx/3e43d24c46_clear_formatting_demo_id_paraid_overflow,with_comments_clean/docx/adc9f524d1_comments,with_comments_tracking/docx/3e43d24c46_clear_formatting_demo_id_paraid_overflow__vs__adc9f524d1_comments_redline_d484b575c0.docx,with_comments_tracking/pdf/3e43d24c46_clear_formatting_demo_id_paraid_overflow__vs__adc9f524d1_comments_redline_d484b575c0.pdf,with_comments_tracking,d484b575c0,word_based;fixtures_word_compares,3e43d24c46e67f2b61612a1f31b050838c760245993eb91f15e1adac0caeb74c,adc9f524d176f562db830c346c1e9e21c6a6aa6768d9c09892a423f1257fe17c,d484b575c0f686b13a6c5c22f8dcc283bf939deb14bb394622c96fc0013afc96,d96edeaa39603ebdf4338d9dd6e63b3031094ad3756d59032a6e9234b173c46f
3ee2d0ceda_00026ef6a227eca724d9cd35f12e3065557a9ef0dc7ee295__vs__5203829c7a_001cc92b88566d5f930fe57f25813c0bf52a7bdc72c217d0_redline_42a3eff631,clean/docx/3ee2d0ceda_00026ef6a227eca724d9cd35f12e3065557a9ef0dc7ee295,clean/docx/5203829c7a_001cc92b88566d5f930fe57f25813c0bf52a7bdc72c217d0,tracking_without_comments/docx/3ee2d0ceda_00026ef6a227eca724d9cd35f12e3065557a9ef0dc7ee295__vs__5203829c7a_001cc92b88566d5f930fe57f25813c0bf52a7bdc72c217d0_redline_42a3eff631.docx,tracking_without_comments/pdf/3ee2d0ceda_00026ef6a227eca724d9cd35f12e3065557a9ef0dc7ee295__vs__5203829c7a_001cc92b88566d5f930fe57f25813c0bf52a7bdc72c217d0_redline_42a3eff631.pdf,tracking_without_comments,42a3eff631,redlines_a100_b10,3ee2d0cedaf9beb38b19e49bd17dfae82efc79ba6423fabf104d026beab6e746,5203829c7a39779063960c392278bed93d85b453fb7b5b84c711a7adb83d1645,42a3eff631774edfafe0c3522fe801f26b081f518f61552c3f8b0a5a8e80f9b3,140e5132ce5ce6096fc9dedf7d633ee17d59695994b24e4162414db286f89df2
3f91c8f0cd_file_9__vs__e3d833aef0_file_10_redline_581907f19c,with_comments_tracking/docx/3f91c8f0cd_file_9,clean/docx/e3d833aef0_file_10,with_comments_tracking/docx/3f91c8f0cd_file_9__vs__e3d833aef0_file_10_redline_581907f19c.docx,with_comments_tracking/pdf/3f91c8f0cd_file_9__vs__e3d833aef0_file_10_redline_581907f19c.pdf,with_comments_tracking,581907f19c,word_based_randomized,3f91c8f0cd1aa05828012f1cff58d339b1bd9333828cb03a253bcd9fc12ca91e,e3d833aef01c4d484f773fae8391d9439e267680429ede37bce65ade53d4b2fd,581907f19cad891acadd36d42dbb22898f7e8c17ec055c7be930253e999b8e2a,a05edc20d924f173bf055c16a4a9010afb3ecaf459867f32d04b4f532b083ca5
3faf9e000d_super_editor__text_color_highlight_36cb4c90__vs__9f6091a4ac_super_editor__threaded_comment_27bda0ba_redline_64e3ba9c22,clean/docx/3faf9e000d_super_editor__text_color_highlight_36cb4c90,with_comments_clean/docx/9f6091a4ac_super_editor__threaded_comment_27bda0ba,with_comments_tracking/docx/3faf9e000d_super_editor__text_color_highlight_36cb4c90__vs__9f6091a4ac_super_editor__threaded_comment_27bda0ba_redline_64e3ba9c22.docx,with_comments_tracking/pdf/3faf9e000d_super_editor__text_color_highlight_36cb4c90__vs__9f6091a4ac_super_editor__threaded_comment_27bda0ba_redline_64e3ba9c22.pdf,with_comments_tracking,64e3ba9c22,word_redlines_superdoc_0926,3faf9e000d9d31c500f446e0986965118bcb9cd03e1739243f4fb6b24c3f207b,9f6091a4acb46fd48d2ecccf39c7c6589ef05f809613c7ec0691f8eced701484,64e3ba9c2260d1d97708da07779030711a1e0ffa44092b4a7450f430297d1e04,26febeecd7a648ceadbaeb465256f9638975b88bf4ebd3927174c7878b1ddfb9
3fcadf4761_docx_lots_of_comments_addition_removal_redline__vs__24ad1aa6e5_docx_lots_of_comments_addition_removal_redline_30f20e787b,with_comments_tracking/docx/3fcadf4761_docx_lots_of_comments_addition_removal_redline,with_comments_tracking/docx/24ad1aa6e5_docx_lots_of_comments_addition_removal,with_comments_tracking/docx/3fcadf4761_docx_lots_of_comments_addition_removal_redline__vs__24ad1aa6e5_docx_lots_of_comments_addition_removal_redline_30f20e787b.docx,with_comments_tracking/pdf/3fcadf4761_docx_lots_of_comments_addition_removal_redline__vs__24ad1aa6e5_docx_lots_of_comments_addition_removal_redline_30f20e787b.pdf,with_comments_tracking,30f20e787b,word_based_0926,3fcadf476128e5bb229df71c9a3ca0992c34f7c93216598975b2d32dc347362b,24ad1aa6e516d66e4e44fab1cafca2ef80e24a97e71860d75104c126d4510b6b,30f20e787bbb694b778b8837da1559419bc9f7aacb43f2421855d50ad236130d,396e792b3ed19047bed35fc88d4916be5d0f69d65fefce6b0f415418605d2b4a
420a528aa0_super_editor__instrtext_angled_brackets_bug_ed56__vs__501bf3d47b_super_editor__table_merged_cells_9c349334_redline_bc49514ad1,clean/docx/420a528aa0_super_editor__instrtext_angled_brackets_bug_ed56,clean/docx/501bf3d47b_super_editor__table_merged_cells_9c349334,tracking_without_comments/docx/420a528aa0_super_editor__instrtext_angled_brackets_bug_ed56__vs__501bf3d47b_super_editor__table_merged_cells_9c349334_redline_bc49514ad1.docx,tracking_without_comments/pdf/420a528aa0_super_editor__instrtext_angled_brackets_bug_ed56__vs__501bf3d47b_super_editor__table_merged_cells_9c349334_redline_bc49514ad1.pdf,tracking_without_comments,bc49514ad1,word_redlines_superdoc_0926,420a528aa0503af1724a82e97bd006d87e1f72b7c22e7d6dab4033f7a3d3ba4c,501bf3d47bb2701f6fe0908cf6ee55e4ac4dc4b7d598d7ecbeb70b3839a185ce,bc49514ad18414a67e0a45af5ce4eaac7ec647214e1aa124ae979b5bd89844cc,785ed8fe04d0983c59fd14e471f19d65ba964809d08219841e8e6d9bcba5a641
42d59beb40_super_editor__diff_after10_ac257741__vs__a0e6a09304_super_editor__diff_after11_1d5b767f_redline_1c89a9e553,clean/docx/42d59beb40_super_editor__diff_after10_ac257741,with_comments_tracking/docx/a0e6a09304_super_editor__diff_after11_1d5b767f,with_comments_tracking/docx/42d59beb40_super_editor__diff_after10_ac257741__vs__a0e6a09304_super_editor__diff_after11_1d5b767f_redline_1c89a9e553.docx,with_comments_tracking/pdf/42d59beb40_super_editor__diff_after10_ac257741__vs__a0e6a09304_super_editor__diff_after11_1d5b767f_redline_1c89a9e553.pdf,with_comments_tracking,1c89a9e553,word_redlines_superdoc,42d59beb402055904f56f64ae48a7b932161c33629db06c311a0b3960e8bca09,a0e6a09304c1db2a072fa7106be65e1dde5896f480fc438fe72d1ea855c5507f,1c89a9e5530b857adb710fb69885f70b83de080c6ac40c8a88338476bf58d8a6,25147dfdd47312a53287c20842f03c91d4f41e3995538ad1befa3ac246dc8f6b
4304570867_file_69__vs__af2bb3fa96_file_70_redline_3dac82f40a,with_comments_tracking/docx/4304570867_file_69,clean/docx/af2bb3fa96_file_70,with_comments_tracking/docx/4304570867_file_69__vs__af2bb3fa96_file_70_redline_3dac82f40a.docx,with_comments_tracking/pdf/4304570867_file_69__vs__af2bb3fa96_file_70_redline_3dac82f40a.pdf,with_comments_tracking,3dac82f40a,word_based_randomized,4304570867a47436123d981a81e66eea8675610d5446e810ef5275a8de83b5e5,af2bb3fa96a0ca86389b28263d23df917ed6e6a772d604072b9489f01be45052,3dac82f40a48e8d05337bfeb6376aa64e781e54fcea5693b91dfb7f7ef0a5927,de11b905f25e6b597fe02adcb7736b64199d46c8531b4c3b26ab7fb7cd51657b
43dd6753e6_super_editor__diff_before7_5bad2542__vs__e70f1134dd_super_editor__diff_before8_ba5faa9e_redline_ded976e5e2,clean/docx/43dd6753e6_super_editor__diff_before7_5bad2542,with_comments_clean/docx/e70f1134dd_super_editor__diff_before8_ba5faa9e,with_comments_tracking/docx/43dd6753e6_super_editor__diff_before7_5bad2542__vs__e70f1134dd_super_editor__diff_before8_ba5faa9e_redline_ded976e5e2.docx,with_comments_tracking/pdf/43dd6753e6_super_editor__diff_before7_5bad2542__vs__e70f1134dd_super_editor__diff_before8_ba5faa9e_redline_ded976e5e2.pdf,with_comments_tracking,ded976e5e2,word_redlines_superdoc,43dd6753e6b87e17052d40edfd1167b53baeece3e12b9f7301ec43f119b7b9fb,e70f1134ddb017e5973f3615fa108aed06c327c5d1a71796c531174782f9a888,ded976e5e2eca5fab2615bc74057a56d92908620960de47b3e0c9473ab2c5ecc,ce2d8128863259a03760ac13e385fbf1ef43a12ccd92901636b5a083f41a7684
43e406f9f5_blue_underline_combo_demo_id_paraid_overflow__vs__6cf4f06ce1_bold_and_italic_combo_style_default_missing_redline_69d42b2a47,clean/docx/43e406f9f5_blue_underline_combo_demo_id_paraid_overflow,clean/docx/6cf4f06ce1_bold_and_italic_combo_style_default_missing,tracking_without_comments/docx/43e406f9f5_blue_underline_combo_demo_id_paraid_overflow__vs__6cf4f06ce1_bold_and_italic_combo_style_default_missing_redline_69d42b2a47.docx,tracking_without_comments/pdf/43e406f9f5_blue_underline_combo_demo_id_paraid_overflow__vs__6cf4f06ce1_bold_and_italic_combo_style_default_missing_redline_69d42b2a47.pdf,tracking_without_comments,69d42b2a47,nocomments,43e406f9f55d65a733231afb8232649b3186cad8b34a2014fb4d03818aced0ca,6cf4f06ce167e81fd01e1c7c2a9ac74a6cbba8a22c603de78f0cf9cffe79414d,69d42b2a47a58b73ce23596b1ff34dc81003e5c2e01e98b65b71926f6430db28,35ac512cbd25686f3f07f777f5fb1d1df764f547134ab8ef641f59058d463a4e
4492bbb1f8_file_172__vs__838af02d11_file_173_redline_485b916ef9,clean/docx/4492bbb1f8_file_172,with_comments_clean/docx/838af02d11_file_173,with_comments_tracking/docx/4492bbb1f8_file_172__vs__838af02d11_file_173_redline_485b916ef9.docx,with_comments_tracking/pdf/4492bbb1f8_file_172__vs__838af02d11_file_173_redline_485b916ef9.pdf,with_comments_tracking,485b916ef9,word_based_randomized_0926,4492bbb1f844ede00afc3a922d9fc804e12293cbc0bc9882aed93a620e2c4f23,838af02d11ecc2323e92df146880ff03998a7eb1d19536766af730b6dc4ec9f3,485b916ef9a211a3a255448a4bceb2e98134852b3474d9d606293f31fcc85e01,a0f45cccf3261be2b9d073ef3ead4967bd8c9dbf56367cf271b6a496c6667ae1
45e6f5a2e1_00077bf334f45f6bc64fb5b73e579587002b3ccb55de03f8__vs__a5f2b9318d_002aa60c2ae1187417b4b157c5ec6450324cc056ec551a12_redline_dbf06e1ebf,clean/docx/45e6f5a2e1_00077bf334f45f6bc64fb5b73e579587002b3ccb55de03f8,clean/docx/a5f2b9318d_002aa60c2ae1187417b4b157c5ec6450324cc056ec551a12,tracking_without_comments/docx/45e6f5a2e1_00077bf334f45f6bc64fb5b73e579587002b3ccb55de03f8__vs__a5f2b9318d_002aa60c2ae1187417b4b157c5ec6450324cc056ec551a12_redline_dbf06e1ebf.docx,tracking_without_comments/pdf/45e6f5a2e1_00077bf334f45f6bc64fb5b73e579587002b3ccb55de03f8__vs__a5f2b9318d_002aa60c2ae1187417b4b157c5ec6450324cc056ec551a12_redline_dbf06e1ebf.pdf,tracking_without_comments,dbf06e1ebf,redlines_a100_b10,45e6f5a2e15edcfd5d5870e2e0d2c1df8facb2f4ca2e4a793f304ef029e5f09b,a5f2b9318d75c4ea4591cd74ee984c4703aa1db45936aef0b3c120e01532bf72,dbf06e1ebfef7240ca9b22de2e64bb9504e9d6df8520e1368dbc69c178da48e7,544b3f1c581b426dbabda138dfb9d02a904eac8e410647ecd48fc3da52814f77
468d82c575_c690df8dcf29bb8af8646ae10768e3ca46e8a9ef5b586428__vs__3a5ed45f0d_3d76420524fd4852ab017e1d57f215e37281e965b3f38b31_redline_bbc3223232,with_comments_tracking/docx/468d82c575_c690df8dcf29bb8af8646ae10768e3ca46e8a9ef5b586428,clean/docx/3a5ed45f0d_3d76420524fd4852ab017e1d57f215e37281e965b3f38b31,with_comments_tracking/docx/468d82c575_c690df8dcf29bb8af8646ae10768e3ca46e8a9ef5b586428__vs__3a5ed45f0d_3d76420524fd4852ab017e1d57f215e37281e965b3f38b31_redline_bbc3223232.docx,with_comments_tracking/pdf/468d82c575_c690df8dcf29bb8af8646ae10768e3ca46e8a9ef5b586428__vs__3a5ed45f0d_3d76420524fd4852ab017e1d57f215e37281e965b3f38b31_redline_bbc3223232.pdf,with_comments_tracking,bbc3223232,redlines_en_500,468d82c5758186edf26186ec6eda34c26a32aa38f431a4fbc660c2a7614d7fcf,3a5ed45f0d64fac5ec49f81746736e3b28b229827ea3aa85b7b62337750ae61d,bbc32232324a5aa00a7324484ec72706e0c0aa600a9dadc19414cdcc1fb521f0,fb7556fc90c97f56ef35f9b6676452546b9ed1b3bb27d68fdf8e4260ef2ece08
48cd1e0a53_bold_and_italic_combo_style_default_missing__vs__187c1cd53e_bold_and_underline_combo_id_paraid_overflow_redline_c4e9d43965,clean/docx/48cd1e0a53_bold_and_italic_combo_style_default_missing,clean/docx/187c1cd53e_bold_and_underline_combo_id_paraid_overflow,tracking_without_comments/docx/48cd1e0a53_bold_and_italic_combo_style_default_missing__vs__187c1cd53e_bold_and_underline_combo_id_paraid_overflow_redline_c4e9d43965.docx,tracking_without_comments/pdf/48cd1e0a53_bold_and_italic_combo_style_default_missing__vs__187c1cd53e_bold_and_underline_combo_id_paraid_overflow_redline_c4e9d43965.pdf,tracking_without_comments,c4e9d43965,word_based,48cd1e0a53877142cfea264abcc8d127be19fb57f4496362d7eb6b9ee530dba1,187c1cd53e18c6466b0ab5ab03a38fb29bbf5c583462d66fc3503c4101260f6a,c4e9d439656a18d0d1f52de17a10437c2234f0c925428da1c6d16b8dfb8d172b,cca7e8d0995a1fc8d259c489278ff6b4c269545ce9efcbf3b548d73919f0914e
49ea29382c_487c8ccdd0615414a847a9a6e66d26233de016c93a0cac0a__vs__baed832328_142b3c1f29abaa279fa981caccfef5fa9e1136c2c29b165c_redline_c3e69fcfe2,clean/docx/49ea29382c_487c8ccdd0615414a847a9a6e66d26233de016c93a0cac0a,clean/docx/baed832328_142b3c1f29abaa279fa981caccfef5fa9e1136c2c29b165c,tracking_without_comments/docx/49ea29382c_487c8ccdd0615414a847a9a6e66d26233de016c93a0cac0a__vs__baed832328_142b3c1f29abaa279fa981caccfef5fa9e1136c2c29b165c_redline_c3e69fcfe2.docx,tracking_without_comments/pdf/49ea29382c_487c8ccdd0615414a847a9a6e66d26233de016c93a0cac0a__vs__baed832328_142b3c1f29abaa279fa981caccfef5fa9e1136c2c29b165c_redline_c3e69fcfe2.pdf,tracking_without_comments,c3e69fcfe2,redlines_en_500,49ea29382cea333baf1ed94c94418eb5b78ed6e05748ba7340d729afdf974c12,baed8323288bfc8451f81d340bdd309fe74537ab0542a31a4a3c16687900a198,c3e69fcfe2b7e314113ace71810fdd4835b04b275c9fe34b58be9df07efa6a85,b66662e576f831ef747392cd58045c5f76f816d22f4659192d0c84ad7458281a
4ade5f9207_009df71a7ecb41f9da0135915e2e4d68176e296ff69c9af0__vs__bd3824dd1e_000ee64ef7226d353297888f59a251e24ce5d776fea000fa_redline_599789f1d9,clean/docx/4ade5f9207_009df71a7ecb41f9da0135915e2e4d68176e296ff69c9af0,clean/docx/bd3824dd1e_000ee64ef7226d353297888f59a251e24ce5d776fea000fa,tracking_without_comments/docx/4ade5f9207_009df71a7ecb41f9da0135915e2e4d68176e296ff69c9af0__vs__bd3824dd1e_000ee64ef7226d353297888f59a251e24ce5d776fea000fa_redline_599789f1d9.docx,tracking_without_comments/pdf/4ade5f9207_009df71a7ecb41f9da0135915e2e4d68176e296ff69c9af0__vs__bd3824dd1e_000ee64ef7226d353297888f59a251e24ce5d776fea000fa_redline_599789f1d9.pdf,tracking_without_comments,599789f1d9,redlines_a100_b10,4ade5f9207f032d217f4334fea13139b8470594d0e646aceb761fe401a2f591f,bd3824dd1e5554e7b0a8c3ab90f434599e047ff8de6ec85a04be794d32919bdf,599789f1d949848ad7316983798d3d06a69ca13b4dca27c7d91055b3b5f2d7ea,b655b97a4e5cacf012b552fc574796720ebf144b26111bf6a3cfc4c891f3d3e6
4ba01802a7_super_editor__diff_after_10f1912e__vs__98bc895b4b_super_editor__listwithspacernodes_cf53e890_redline_1a9607929b,clean/docx/4ba01802a7_super_editor__diff_after_10f1912e,clean/docx/98bc895b4b_super_editor__listwithspacernodes_cf53e890,tracking_without_comments/docx/4ba01802a7_super_editor__diff_after_10f1912e__vs__98bc895b4b_super_editor__listwithspacernodes_cf53e890_redline_1a9607929b.docx,tracking_without_comments/pdf/4ba01802a7_super_editor__diff_after_10f1912e__vs__98bc895b4b_super_editor__listwithspacernodes_cf53e890_redline_1a9607929b.pdf,tracking_without_comments,1a9607929b,word_redlines_superdoc_0926,4ba01802a7ed0f4c9f81a4eb59b608cbd823e5016e72d3581e88b614ad3d7cc0,98bc895b4bd6a77731971c4eb9947df691ca6640fb7e99809ac82b57be9f8023,1a9607929b1d18cba5b4d908b9be276239f9587f6b16daf04015cd5c480ec0e1,1e7d9c4e1b710bafcede722d2cd6d58e810459b06fe3db03040a895d80a60cfb
4c4f8515c5_title_style_centered_demo_id_paraid_overflow__vs__f8f9857e80_title_style_demo_id_paraid_overflow_redline_3bb3312335,clean/docx/4c4f8515c5_title_style_centered_demo_id_paraid_overflow,clean/docx/f8f9857e80_title_style_demo_id_paraid_overflow,tracking_without_comments/docx/4c4f8515c5_title_style_centered_demo_id_paraid_overflow__vs__f8f9857e80_title_style_demo_id_paraid_overflow_redline_3bb3312335.docx,tracking_without_comments/pdf/4c4f8515c5_title_style_centered_demo_id_paraid_overflow__vs__f8f9857e80_title_style_demo_id_paraid_overflow_redline_3bb3312335.pdf,tracking_without_comments,3bb3312335,fixtures_word_compares;pdf_fill_0928,4c4f8515c5ec89d8c18605465459614f2e6dae83a31eb9b072ed30a843f6d0f4,f8f9857e80095c42f732047f9979648fd00132e9831efb9b981a821444e2306f,3bb331233555123abe7833e609eb88078fbca6cb54bb015e0f383cee855bb4da,86bb3b43c8accf6e95016e30497b1f15e73d49e5b46620b5b1b36fcdf75e0424
4db02133f5_0007ed60dbbc648e714534360ae72dd054c8322b82ac5609__vs__aa5340125d_00a4b0b91e9b5b072dc3771391c2d608518690eccf44eae8_redline_1b3a0d0494,clean/docx/4db02133f5_0007ed60dbbc648e714534360ae72dd054c8322b82ac5609,clean/docx/aa5340125d_00a4b0b91e9b5b072dc3771391c2d608518690eccf44eae8,tracking_without_comments/docx/4db02133f5_0007ed60dbbc648e714534360ae72dd054c8322b82ac5609__vs__aa5340125d_00a4b0b91e9b5b072dc3771391c2d608518690eccf44eae8_redline_1b3a0d0494.docx,tracking_without_comments/pdf/4db02133f5_0007ed60dbbc648e714534360ae72dd054c8322b82ac5609__vs__aa5340125d_00a4b0b91e9b5b072dc3771391c2d608518690eccf44eae8_redline_1b3a0d0494.pdf,tracking_without_comments,1b3a0d0494,redlines_a100_b10,4db02133f5f0d4e3783a13a60b9cf8e74ba6413a8f6447abc1ab2dda98615fa8,aa5340125d3bf06891fd59477c734f045cfc5b3d92911d2bbdaf175dae103a1c,1b3a0d0494775f0e5dbba7bfdd906d680429bee31436c6e0096eec3efb836986,48d98952d0dd0dd9057050150bcb84d54e9e9212f787b55b29d5ecc57db058c6
4dff3f0ab2_heading_1_bold_demo_id_paraid_overflow__vs__045a9b188d_heading_1_style_demo_id_paraid_overflow_redline_c31d6dc680,clean/docx/4dff3f0ab2_heading_1_bold_demo_id_paraid_overflow,clean/docx/045a9b188d_heading_1_style_demo_id_paraid_overflow,tracking_without_comments/docx/4dff3f0ab2_heading_1_bold_demo_id_paraid_overflow__vs__045a9b188d_heading_1_style_demo_id_paraid_overflow_redline_c31d6dc680.docx,tracking_without_comments/pdf/4dff3f0ab2_heading_1_bold_demo_id_paraid_overflow__vs__045a9b188d_heading_1_style_demo_id_paraid_overflow_redline_c31d6dc680.pdf,tracking_without_comments,c31d6dc680,word_based,4dff3f0ab20f6d9a8cfb39881a882c43cf8a46d5607eb8e66b287398314bf4f4,045a9b188d04860c33467a86a2cf58c8f0b3502d593b8f2278c7c35583a9335b,c31d6dc680ceba229f88876f2f1aa0bf73e2611d45eaa79cfa4399459a18f212,ba8e5be33faf02505f9dcd512bf9e02f72f6244bdd5857852730478691c8e88e
4ed1b6d133_0020e4099d611a050ed83fb7e0b16d6f48200018bbb1e757__vs__a5f2b9318d_002aa60c2ae1187417b4b157c5ec6450324cc056ec551a12_redline_e87c7d62ef,clean/docx/4ed1b6d133_0020e4099d611a050ed83fb7e0b16d6f48200018bbb1e757,clean/docx/a5f2b9318d_002aa60c2ae1187417b4b157c5ec6450324cc056ec551a12,tracking_without_comments/docx/4ed1b6d133_0020e4099d611a050ed83fb7e0b16d6f48200018bbb1e757__vs__a5f2b9318d_002aa60c2ae1187417b4b157c5ec6450324cc056ec551a12_redline_e87c7d62ef.docx,tracking_without_comments/pdf/4ed1b6d133_0020e4099d611a050ed83fb7e0b16d6f48200018bbb1e757__vs__a5f2b9318d_002aa60c2ae1187417b4b157c5ec6450324cc056ec551a12_redline_e87c7d62ef.pdf,tracking_without_comments,e87c7d62ef,redlines_a100_b10,4ed1b6d1333765f144a1ac25e8c358b976d70854dd2b3a147a5a6b3b471055c8,a5f2b9318d75c4ea4591cd74ee984c4703aa1db45936aef0b3c120e01532bf72,e87c7d62ef1a7bc79cee64f2c42ec86a58307b252bd275c5978f3373a0f0e761,e629560e42640571fdca6917e4a1aa7188d2a2970d53fc7b39c1ab718f308b29
4ed1b6d133_0020e4099d611a050ed83fb7e0b16d6f48200018bbb1e757__vs__deff0e697a_00b5defcad6e58038eac35472a2d48c89905068e5ece0cc3_redline_5528a0da48,clean/docx/4ed1b6d133_0020e4099d611a050ed83fb7e0b16d6f48200018bbb1e757,clean/docx/deff0e697a_00b5defcad6e58038eac35472a2d48c89905068e5ece0cc3,tracking_without_comments/docx/4ed1b6d133_0020e4099d611a050ed83fb7e0b16d6f48200018bbb1e757__vs__deff0e697a_00b5defcad6e58038eac35472a2d48c89905068e5ece0cc3_redline_5528a0da48.docx,tracking_without_comments/pdf/4ed1b6d133_0020e4099d611a050ed83fb7e0b16d6f48200018bbb1e757__vs__deff0e697a_00b5defcad6e58038eac35472a2d48c89905068e5ece0cc3_redline_5528a0da48.pdf,tracking_without_comments,5528a0da48,redlines_a100_b10,4ed1b6d1333765f144a1ac25e8c358b976d70854dd2b3a147a5a6b3b471055c8,deff0e697a2dfbcc4a41b9b979b9d9cb54b60ef4c9e5bc588011e6bda3fc0af2,5528a0da486ce3499113f8e92020ae9d2d1fb19a40531c90b682e8e9f8d9d4f9,97d3116f248a5ea15df599903cbd01272609c74d5dccb2eecda8c4aae8facc76
4f0a3847e3_verdana_italic_centered_demo_id_paraid_overflow__vs__eb2f3c86b5_vfdsdfcacawesd_suggesting_mixed_edits_redline_5af67335fe,clean/docx/4f0a3847e3_verdana_italic_centered_demo_id_paraid_overflow,with_comments_tracking/docx/eb2f3c86b5_vfdsdfcacawesd_suggesting_mixed_edits,with_comments_tracking/docx/4f0a3847e3_verdana_italic_centered_demo_id_paraid_overflow__vs__eb2f3c86b5_vfdsdfcacawesd_suggesting_mixed_edits_redline_5af67335fe.docx,with_comments_tracking/pdf/4f0a3847e3_verdana_italic_centered_demo_id_paraid_overflow__vs__eb2f3c86b5_vfdsdfcacawesd_suggesting_mixed_edits_redline_5af67335fe.pdf,with_comments_tracking,5af67335fe,word_based;fixtures_word_compares,4f0a3847e3d89cd538b7ff7c2bb3833336d19be5933822894c572788cfb0d3ce,eb2f3c86b50101e09c534561f08566da40952819d762f60df64a1fbe0356dfb8,5af67335fe21f59018919de2621c220dd94d3e2224dd9b1904b5278baa755873,604994c565f6ce6c000926443fed0d909b5f72901434b1f78b2a34e9074b3e0b
4f1b13334b_0002768ad2e3174d9c557d30d4a7a8d70ae4062e52383747__vs__5203829c7a_001cc92b88566d5f930fe57f25813c0bf52a7bdc72c217d0_redline_7e598e6a80,clean/docx/4f1b13334b_0002768ad2e3174d9c557d30d4a7a8d70ae4062e52383747,clean/docx/5203829c7a_001cc92b88566d5f930fe57f25813c0bf52a7bdc72c217d0,tracking_without_comments/docx/4f1b13334b_0002768ad2e3174d9c557d30d4a7a8d70ae4062e52383747__vs__5203829c7a_001cc92b88566d5f930fe57f25813c0bf52a7bdc72c217d0_redline_7e598e6a80.docx,tracking_without_comments/pdf/4f1b13334b_0002768ad2e3174d9c557d30d4a7a8d70ae4062e52383747__vs__5203829c7a_001cc92b88566d5f930fe57f25813c0bf52a7bdc72c217d0_redline_7e598e6a80.pdf,tracking_without_comments,7e598e6a80,redlines_a100_b10,4f1b13334bb4922109e0eb4cb59dac253a148f509f746ca704f4d8eae3479e88,5203829c7a39779063960c392278bed93d85b453fb7b5b84c711a7adb83d1645,7e598e6a80ca7d2821e79dcd662c21734c02bd9e9ce28ec946d4cf52ed0348ee,c15f3765e490c5f34b48bdf38f0be3e9fba221d07d516dc311405e189dccc5dc
4f1b13334b_0002768ad2e3174d9c557d30d4a7a8d70ae4062e52383747__vs__bd3824dd1e_000ee64ef7226d353297888f59a251e24ce5d776fea000fa_redline_77a403d02f,clean/docx/4f1b13334b_0002768ad2e3174d9c557d30d4a7a8d70ae4062e52383747,clean/docx/bd3824dd1e_000ee64ef7226d353297888f59a251e24ce5d776fea000fa,tracking_without_comments/docx/4f1b13334b_0002768ad2e3174d9c557d30d4a7a8d70ae4062e52383747__vs__bd3824dd1e_000ee64ef7226d353297888f59a251e24ce5d776fea000fa_redline_77a403d02f.docx,tracking_without_comments/pdf/4f1b13334b_0002768ad2e3174d9c557d30d4a7a8d70ae4062e52383747__vs__bd3824dd1e_000ee64ef7226d353297888f59a251e24ce5d776fea000fa_redline_77a403d02f.pdf,tracking_without_comments,77a403d02f,redlines_a100_b10,4f1b13334bb4922109e0eb4cb59dac253a148f509f746ca704f4d8eae3479e88,bd3824dd1e5554e7b0a8c3ab90f434599e047ff8de6ec85a04be794d32919bdf,77a403d02f192f09eac6850eeee7b429765174acd7404779da5987d6b4b60bc9,6fb55b93fb480158c19f1e5392ed589b4ed70d8ee5a10c1f51099f7d3aec8d78
501bf3d47b_super_editor__table_merged_cells_9c349334__vs__ab064d6482_super_editor__table_width_issue_20b01504_redline_cfb3908b65,clean/docx/501bf3d47b_super_editor__table_merged_cells_9c349334,clean/docx/ab064d6482_super_editor__table_width_issue_20b01504,tracking_without_comments/docx/501bf3d47b_super_editor__table_merged_cells_9c349334__vs__ab064d6482_super_editor__table_width_issue_20b01504_redline_cfb3908b65.docx,tracking_without_comments/pdf/501bf3d47b_super_editor__table_merged_cells_9c349334__vs__ab064d6482_super_editor__table_width_issue_20b01504_redline_cfb3908b65.pdf,tracking_without_comments,cfb3908b65,word_redlines_superdoc,501bf3d47bb2701f6fe0908cf6ee55e4ac4dc4b7d598d7ecbeb70b3839a185ce,ab064d648224ba72f54724754c111d7be7e1cf3a49ed0c7646b8977e3a7b99ec,cfb3908b65060451908909bf1333e92494e86a7ed474540175059a390ff95ad0,7c35b52499383f4bbf15624eda8ac2f1e8975d0aa33f3593d0ca711c84b04197
50d8be9682_file_190__vs__e9d5410452_file_191_redline_01f3deda92,clean/docx/50d8be9682_file_190,with_comments_tracking/docx/e9d5410452_file_191,with_comments_tracking/docx/50d8be9682_file_190__vs__e9d5410452_file_191_redline_01f3deda92.docx,with_comments_tracking/pdf/50d8be9682_file_190__vs__e9d5410452_file_191_redline_01f3deda92.pdf,with_comments_tracking,01f3deda92,word_based_randomized_0926,50d8be96829bdc658c0929ba745f2a69205170781aa401a6c1e39beac8417f51,e9d5410452d31c4b28f3e1f09c438964ff3871e26741f2619fb709643514b5a9,01f3deda9267eb53740a5d0a5a38c6459f5dce66d719af34ba3291815b2218c3,131b4ca24fcdeb25f9acb1b4e5b1f62771bf4451b462821a5512e87315323ca3
52220b20c3_00a54bff7e15af78fe7cfc20219c28cb208fde807bd28d44__vs__5203829c7a_001cc92b88566d5f930fe57f25813c0bf52a7bdc72c217d0_redline_6de20376e8,clean/docx/52220b20c3_00a54bff7e15af78fe7cfc20219c28cb208fde807bd28d44,clean/docx/5203829c7a_001cc92b88566d5f930fe57f25813c0bf52a7bdc72c217d0,tracking_without_comments/docx/52220b20c3_00a54bff7e15af78fe7cfc20219c28cb208fde807bd28d44__vs__5203829c7a_001cc92b88566d5f930fe57f25813c0bf52a7bdc72c217d0_redline_6de20376e8.docx,tracking_without_comments/pdf/52220b20c3_00a54bff7e15af78fe7cfc20219c28cb208fde807bd28d44__vs__5203829c7a_001cc92b88566d5f930fe57f25813c0bf52a7bdc72c217d0_redline_6de20376e8.pdf,tracking_without_comments,6de20376e8,redlines_a100_b10,52220b20c3c1cacf052e9e3b64c59a58faf0ad6e719d104b531408c8d4f97e5d,5203829c7a39779063960c392278bed93d85b453fb7b5b84c711a7adb83d1645,6de20376e87408d59ea78a7ca5202c16b1dea6b0ba7d718e94f7219a337c362d,e5f6cf52167562ca7387ceda8a29406a2a4a86ebbb4e002e6f5660d02984b605
52220b20c3_00a54bff7e15af78fe7cfc20219c28cb208fde807bd28d44__vs__bd3824dd1e_000ee64ef7226d353297888f59a251e24ce5d776fea000fa_redline_8018df6bdf,clean/docx/52220b20c3_00a54bff7e15af78fe7cfc20219c28cb208fde807bd28d44,clean/docx/bd3824dd1e_000ee64ef7226d353297888f59a251e24ce5d776fea000fa,tracking_without_comments/docx/52220b20c3_00a54bff7e15af78fe7cfc20219c28cb208fde807bd28d44__vs__bd3824dd1e_000ee64ef7226d353297888f59a251e24ce5d776fea000fa_redline_8018df6bdf.docx,tracking_without_comments/pdf/52220b20c3_00a54bff7e15af78fe7cfc20219c28cb208fde807bd28d44__vs__bd3824dd1e_000ee64ef7226d353297888f59a251e24ce5d776fea000fa_redline_8018df6bdf.pdf,tracking_without_comments,8018df6bdf,redlines_a100_b10,52220b20c3c1cacf052e9e3b64c59a58faf0ad6e719d104b531408c8d4f97e5d,bd3824dd1e5554e7b0a8c3ab90f434599e047ff8de6ec85a04be794d32919bdf,8018df6bdf9a8a062d6d860be731c3952fa6b001ddff1886f633c8860164913d,87c5953b87c66f0958b13197e23e1b370b707e3a40f25a85d241a1b423b06f1a
52dab5bc1c_super_editor__sdt_node_comment_ec887683__vs__7367931dbf_super_editor__sdt_test_60079f08_redline_23e5ec96c0,with_comments_clean/docx/52dab5bc1c_super_editor__sdt_node_comment_ec887683,clean/docx/7367931dbf_super_editor__sdt_test_60079f08,with_comments_tracking/docx/52dab5bc1c_super_editor__sdt_node_comment_ec887683__vs__7367931dbf_super_editor__sdt_test_60079f08_redline_23e5ec96c0.docx,with_comments_tracking/pdf/52dab5bc1c_super_editor__sdt_node_comment_ec887683__vs__7367931dbf_super_editor__sdt_test_60079f08_redline_23e5ec96c0.pdf,with_comments_tracking,23e5ec96c0,word_redlines_superdoc,52dab5bc1c452aa287e862aae3430fb1936040df22a950190a4a88d93976f49a,7367931dbfe3771a53495aea77c2a17305d4785fae807ac41df0454cc3226974,23e5ec96c04f5b0a65aefa9844d8e3a6ba779647ddc456c3c5ab101a8a0c0f60,d6c752ed35e4a7372876bf58b57a679a808a196e46dfad3bc353ca7e5f9645f5
531cf3d312_00ce789bc3226c2a68967cc29792927c80b7f55d9b5267ad__vs__2773adf157_0004c94ca2a8684d47449bb0e7abf87de1df71a7e6543252_redline_8c49315d23,clean/docx/531cf3d312_00ce789bc3226c2a68967cc29792927c80b7f55d9b5267ad,clean/docx/2773adf157_0004c94ca2a8684d47449bb0e7abf87de1df71a7e6543252,tracking_without_comments/docx/531cf3d312_00ce789bc3226c2a68967cc29792927c80b7f55d9b5267ad__vs__2773adf157_0004c94ca2a8684d47449bb0e7abf87de1df71a7e6543252_redline_8c49315d23.docx,tracking_without_comments/pdf/531cf3d312_00ce789bc3226c2a68967cc29792927c80b7f55d9b5267ad__vs__2773adf157_0004c94ca2a8684d47449bb0e7abf87de1df71a7e6543252_redline_8c49315d23.pdf,tracking_without_comments,8c49315d23,redlines_a100_b10,531cf3d312b514570e41a156c20fe7cc238d7ebc4b5baf9bc537e39e7f34b6f8,2773adf1573296ac475b3351ac307258686b2779d2b304e0bfc41e3bf1c3c15f,8c49315d235c24dc683df0c6fdee1d63e5ee9d065d2594597dab026fd9241b35,16efb97b9e851492bea2fbc51f3966e33e1ea8a855cd68c50ab25336ceb2c9e6
5320da1b60_file_30__vs__c7190b3adc_file_31_redline_ce75c31472,clean/docx/5320da1b60_file_30,clean/docx/c7190b3adc_file_31,tracking_without_comments/docx/5320da1b60_file_30__vs__c7190b3adc_file_31_redline_ce75c31472.docx,tracking_without_comments/pdf/5320da1b60_file_30__vs__c7190b3adc_file_31_redline_ce75c31472.pdf,tracking_without_comments,ce75c31472,word_based_randomized,5320da1b603285591dda5c956d597eba3875ad03184fd74817989aefb54de932,c7190b3adcc87e699c5e37c9bb8617215bc0852512a368c874d9e947b7e2a3d5,ce75c314722d1a42e2a43d93c8cc66335fe8a42a68895d87bb23ce9f67f15b2c,c638b043f62c5afa47f0197a4c7db4ffa8ad66149f7d7ad32a20f1b68e2a52b9
5383bab0c2_file_119__vs__7e77c2f888_file_120_redline_93a34bcae7,clean/docx/5383bab0c2_file_119,clean/docx/7e77c2f888_file_120,tracking_without_comments/docx/5383bab0c2_file_119__vs__7e77c2f888_file_120_redline_93a34bcae7.docx,tracking_without_comments/pdf/5383bab0c2_file_119__vs__7e77c2f888_file_120_redline_93a34bcae7.pdf,tracking_without_comments,93a34bcae7,word_based_randomized,5383bab0c24821576aeec88a9f00d394415b5afa135a05a8484f7a1cc54415fc,7e77c2f8884cc0c7645e24ba75f401ebe6e8c4f57a8ab86e407e34a79ba96615,93a34bcae7f97f6d743b948ad87972fcd763640ffb61c9d132ae35537f0d3470,135d82369a877649809c0bff2103616374459c82122dca5ca4306f7341d3885a
5396ca3671_helvetica_font_demo_style_default_missing__vs__f1ea4a51fd_hr_onboarding_checklist_table_redline_504edf1ba1,clean/docx/5396ca3671_helvetica_font_demo_style_default_missing,clean/docx/f1ea4a51fd_hr_onboarding_checklist_table,tracking_without_comments/docx/5396ca3671_helvetica_font_demo_style_default_missing__vs__f1ea4a51fd_hr_onboarding_checklist_table_redline_504edf1ba1.docx,tracking_without_comments/pdf/5396ca3671_helvetica_font_demo_style_default_missing__vs__f1ea4a51fd_hr_onboarding_checklist_table_redline_504edf1ba1.pdf,tracking_without_comments,504edf1ba1,fixtures_word_compares;pdf_fill_0928,5396ca3671e1611a202571f33b6ac83368d6ac120823e113c7a3277983b01b6a,f1ea4a51fd95229edbb201e8920dd8b9115fb2d3384bcdca0164667252141002,504edf1ba1991879f89daefe1ae8f58a6b6bff364235727665d23108783c0947,5079024ff862fff2939d287c1ea91eda20af5ae0cba7b0871c7cac21cb841d07
53de8de92b_file_183__vs__abd0b75d88_file_184_redline_d40e4d812a,clean/docx/53de8de92b_file_183,clean/docx/abd0b75d88_file_184,tracking_without_comments/docx/53de8de92b_file_183__vs__abd0b75d88_file_184_redline_d40e4d812a.docx,tracking_without_comments/pdf/53de8de92b_file_183__vs__abd0b75d88_file_184_redline_d40e4d812a.pdf,tracking_without_comments,d40e4d812a,word_based_randomized_0926,53de8de92b2fed7f53feffb132fed26c946870542f08ca842ac31cc2945cc8d6,abd0b75d88baee0540d2738780c75f11d8f772eabb5539eb3758a40f814f622d,d40e4d812ae20609c8ec8d002aa32b2c37c44c351f8b887dd1296fcd28560298,4426b5efdc6143ed995623ba1f395a161448a16d66ba2a5ca03064911a89e295
54f4bb74cd_109e410552189077d3cc1340a4f0af45587d7f86a0f93dc3__vs__16e531d5a8_17a3cbea2f582b789a9fc35c9ab70b7126430c5acbb822d0_redline_276adf43a6,clean/docx/54f4bb74cd_109e410552189077d3cc1340a4f0af45587d7f86a0f93dc3,clean/docx/16e531d5a8_17a3cbea2f582b789a9fc35c9ab70b7126430c5acbb822d0,tracking_without_comments/docx/54f4bb74cd_109e410552189077d3cc1340a4f0af45587d7f86a0f93dc3__vs__16e531d5a8_17a3cbea2f582b789a9fc35c9ab70b7126430c5acbb822d0_redline_276adf43a6.docx,tracking_without_comments/pdf/54f4bb74cd_109e410552189077d3cc1340a4f0af45587d7f86a0f93dc3__vs__16e531d5a8_17a3cbea2f582b789a9fc35c9ab70b7126430c5acbb822d0_redline_276adf43a6.pdf,tracking_without_comments,276adf43a6,redlines_en_500,54f4bb74cd588313ca9b9cb17efbe41b4a0e0ce4de582e04119969750e542e06,16e531d5a88a7d4ca4d01a1901875d3f350fcab44d15635676fe73ff8932bca2,276adf43a6bd284bbc286e022de60e6ffdf5acfca8878e2f5edd4b8691138515,046359c32baa29d37a7beb3d05644768e7679e9e380d415a515dc9e08768f022
563331c6f3_super_editor__broken_complex_list_293fda86__vs__cdf27ad0d3_behavior__sd_2672_nested_table_dfac08bb_redline_0d79b0b2ed,clean/docx/563331c6f3_super_editor__broken_complex_list_293fda86,clean/docx/cdf27ad0d3_behavior__sd_2672_nested_table_dfac08bb,tracking_without_comments/docx/563331c6f3_super_editor__broken_complex_list_293fda86__vs__cdf27ad0d3_behavior__sd_2672_nested_table_dfac08bb_redline_0d79b0b2ed.docx,tracking_without_comments/pdf/563331c6f3_super_editor__broken_complex_list_293fda86__vs__cdf27ad0d3_behavior__sd_2672_nested_table_dfac08bb_redline_0d79b0b2ed.pdf,tracking_without_comments,0d79b0b2ed,word_redlines_superdoc,563331c6f3b8c03c1358f0fca614c8f6b4efa103bdb9c12b51f1db6b9856b111,cdf27ad0d343b0f4aac2cc019ca445cdc1a169fd83295ee18d5a9dfcd8e5c858,0d79b0b2ed7988c6f31adfca47c2ceda15d0b786ee8121c55035eb450253847c,8768e600ed68499b4475104948254d48e55145c8ad85284cd20da68e1e4fa2f2
563331c6f3_super_editor__broken_complex_list_293fda86__vs__ee61fb4ab3_super_editor__base_ordered_fdff1fb2_redline_de5d39e43e,clean/docx/563331c6f3_super_editor__broken_complex_list_293fda86,clean/docx/ee61fb4ab3_super_editor__base_ordered_fdff1fb2,tracking_without_comments/docx/563331c6f3_super_editor__broken_complex_list_293fda86__vs__ee61fb4ab3_super_editor__base_ordered_fdff1fb2_redline_de5d39e43e.docx,tracking_without_comments/pdf/563331c6f3_super_editor__broken_complex_list_293fda86__vs__ee61fb4ab3_super_editor__base_ordered_fdff1fb2_redline_de5d39e43e.pdf,tracking_without_comments,de5d39e43e,word_redlines_superdoc_0926,563331c6f3b8c03c1358f0fca614c8f6b4efa103bdb9c12b51f1db6b9856b111,ee61fb4ab3e66529a14df8abc4b3e9b9c1bd4c08d613062df927b606998d011f,de5d39e43ebb77836c67ef94de0e1c88ea0b0ea40d46fa4ad7cf99b3f62948a1,cc756e165b8d32bed635853b63044655eeb46fdea4bca68d178b97f46959f40e
57ff9e1b30_file_89__vs__9c8272b1e2_file_90_redline_849e0cb7c4,with_comments_clean/docx/57ff9e1b30_file_89,tracking_without_comments/docx/9c8272b1e2_file_90,with_comments_tracking/docx/57ff9e1b30_file_89__vs__9c8272b1e2_file_90_redline_849e0cb7c4.docx,with_comments_tracking/pdf/57ff9e1b30_file_89__vs__9c8272b1e2_file_90_redline_849e0cb7c4.pdf,with_comments_tracking,849e0cb7c4,word_based_randomized,57ff9e1b303e478d46ff0f05d5066aed51a127da5ca462231b73530aadb4f2f9,9c8272b1e2f0297b77ce1da951a475db770476b44054f570a31e04f0f4dfaaf8,849e0cb7c4bcdde817113d999c6ef30a5f58f4b2d05001e01819c55f3831b747,a9966f60d55813a892697e9c02def29e7c4ff0af2e7c441b8550bae7a7baa024
5aa178b931_super_editor__lists_sub_paragraph_31ff3fed__vs__25f07e0823_super_editor__sd_1919_word_mixed_33e049ca_redline_aaba20119b,clean/docx/5aa178b931_super_editor__lists_sub_paragraph_31ff3fed,clean/docx/25f07e0823_super_editor__sd_1919_word_mixed_33e049ca,tracking_without_comments/docx/5aa178b931_super_editor__lists_sub_paragraph_31ff3fed__vs__25f07e0823_super_editor__sd_1919_word_mixed_33e049ca_redline_aaba20119b.docx,tracking_without_comments/pdf/5aa178b931_super_editor__lists_sub_paragraph_31ff3fed__vs__25f07e0823_super_editor__sd_1919_word_mixed_33e049ca_redline_aaba20119b.pdf,tracking_without_comments,aaba20119b,word_redlines_superdoc,5aa178b931a6ba54ab413f9c4d7ac41c096899f9eb2461b3b72430e74b583ce4,25f07e082335a5348afa52a97927f9f15238cd1c38ee9ca55fb221881f162594,aaba20119b7fc49a18a5c72f11b5a4685c66725cac8ce74405764cde60620944,01314daf95e1efddb04761b80a4ebdb496d15d1549e47f5064115fdcef656292
5ad6e6d44f_0199027cbf967c88ab833b77e5bc5d629bacecbd40a87c26__vs__1424386e9b_017447de83753a0e3b7afc659df038ef56972925336c6a5b_redline_ede1920163,tracking_without_comments/docx/5ad6e6d44f_0199027cbf967c88ab833b77e5bc5d629bacecbd40a87c26,clean/docx/1424386e9b_017447de83753a0e3b7afc659df038ef56972925336c6a5b,tracking_without_comments/docx/5ad6e6d44f_0199027cbf967c88ab833b77e5bc5d629bacecbd40a87c26__vs__1424386e9b_017447de83753a0e3b7afc659df038ef56972925336c6a5b_redline_ede1920163.docx,tracking_without_comments/pdf/5ad6e6d44f_0199027cbf967c88ab833b77e5bc5d629bacecbd40a87c26__vs__1424386e9b_017447de83753a0e3b7afc659df038ef56972925336c6a5b_redline_ede1920163.pdf,tracking_without_comments,ede1920163,redlines_a100_b10,5ad6e6d44f4e43982a3d4b7135f1821106eba5c216ca794b142e4001f649c923,1424386e9b0290e0bed413bec09828863b992fed80d2cb2d57cc75814e576393,ede19201633da226b200a4f97991293e8c921fbd2cc90435b5dda06089fd6062,4b3d70b7a4da3913f0e3b8ab88630bd24cc061d385138b60b49b693c380acb52
5adc853144_insert_link_demo_id_paraid_overflow__vs__e615c89269_inventory_list_suggesting_deletions_redline_7fd2b78918,clean/docx/5adc853144_insert_link_demo_id_paraid_overflow,tracking_without_comments/docx/e615c89269_inventory_list_suggesting_deletions,tracking_without_comments/docx/5adc853144_insert_link_demo_id_paraid_overflow__vs__e615c89269_inventory_list_suggesting_deletions_redline_7fd2b78918.docx,tracking_without_comments/pdf/5adc853144_insert_link_demo_id_paraid_overflow__vs__e615c89269_inventory_list_suggesting_deletions_redline_7fd2b78918.pdf,tracking_without_comments,7fd2b78918,word_based,5adc853144cd6b3f58a4d277e2d9c40f5e795a2b0146edc443a8e7da13775499,e615c8926980aa06ff52af0e83f7adfea6314a1331c995d652aeca2c1b0b221c,7fd2b78918704dd8f155dd6dea0d884cb100ace3c38ee9b274d25534c05b205d,f3d6c3b61582445a59e7abe6344dfe9052c3e9ea88c29c0f64c012dd4620358a
5b421850d5_super_editor__ooxml_strike_rstyle_linked_combos__vs__7e685cbab1_super_editor__ooxml_underline_rstyle_linked_comb_redline_45844ba15d,clean/docx/5b421850d5_super_editor__ooxml_strike_rstyle_linked_combos,clean/docx/7e685cbab1_super_editor__ooxml_underline_rstyle_linked_comb,tracking_without_comments/docx/5b421850d5_super_editor__ooxml_strike_rstyle_linked_combos__vs__7e685cbab1_super_editor__ooxml_underline_rstyle_linked_comb_redline_45844ba15d.docx,tracking_without_comments/pdf/5b421850d5_super_editor__ooxml_strike_rstyle_linked_combos__vs__7e685cbab1_super_editor__ooxml_underline_rstyle_linked_comb_redline_45844ba15d.pdf,tracking_without_comments,45844ba15d,word_redlines_superdoc_0926,5b421850d596d54cc451652dfff637147604277626e77c6a81efd420e91cff5b,7e685cbab1edaee6cf92d80262169acaee2032d18eab90a5309f2d8d510f9e59,45844ba15df5a39382d44591aa91a06c62fa554334926c7958b4af4e0ff32b4d,3e12e5ee9c8f59c675d8731f7ed8620d5245e3412bb26370bfeec12fe3ad2516
5bde480834_file_112__vs__ae5f2d61d5_file_113_redline_3eaf131a58,clean/docx/5bde480834_file_112,clean/docx/ae5f2d61d5_file_113,tracking_without_comments/docx/5bde480834_file_112__vs__ae5f2d61d5_file_113_redline_3eaf131a58.docx,tracking_without_comments/pdf/5bde480834_file_112__vs__ae5f2d61d5_file_113_redline_3eaf131a58.pdf,tracking_without_comments,3eaf131a58,word_based_randomized,5bde48083494ffee55f57ef5e510698090296a50fa9b732c45bde2ff45166984,ae5f2d61d569987ac74b8c3d70ae6c4c462586c063fe6f6f77ebb9f809e42692,3eaf131a581dedb0005c2e469e2a598fd049754f6a6dfbf7d7f5f2d29175f2a6,560fdfc101e6f5ce540d84752d62af40b622cdf0ccdc520c85f13f0a1d7b7d18
5c207ef361_super_editor__font_formatting_runs_8be3565a__vs__a0738533be_gdocs_comments_export_redline_5bf3e7acbc,with_comments_tracking/docx/5c207ef361_super_editor__font_formatting_runs_8be3565a,with_comments_clean/docx/a0738533be_gdocs_comments_export,with_comments_tracking/docx/5c207ef361_super_editor__font_formatting_runs_8be3565a__vs__a0738533be_gdocs_comments_export_redline_5bf3e7acbc.docx,with_comments_tracking/pdf/5c207ef361_super_editor__font_formatting_runs_8be3565a__vs__a0738533be_gdocs_comments_export_redline_5bf3e7acbc.pdf,with_comments_tracking,5bf3e7acbc,word_redlines_superdoc_0926,5c207ef36163d75545bb797b6e124c1664deb4f7e690045c16e2adbe1625801a,a0738533be8803c151b6b7c4ed4b01fc95568e638c3d23cf0ba527cd6e5a0290,5bf3e7acbcdb4d12c79d4697bfd5f103de567c7eeac647c45736290a9483a6f5,f911e7b1cac41f74e1727092627f41ff9f258d3819371e0a83774563d44c846c
5c207ef361_super_editor__font_formatting_runs_8be3565a__vs__bb9c5a8bd5_doc_api_stories__table_style_options_roundtrip_1_redline_350de6087f,with_comments_tracking/docx/5c207ef361_super_editor__font_formatting_runs_8be3565a,clean/docx/bb9c5a8bd5_doc_api_stories__table_style_options_roundtrip_1,with_comments_tracking/docx/5c207ef361_super_editor__font_formatting_runs_8be3565a__vs__bb9c5a8bd5_doc_api_stories__table_style_options_roundtrip_1_redline_350de6087f.docx,with_comments_tracking/pdf/5c207ef361_super_editor__font_formatting_runs_8be3565a__vs__bb9c5a8bd5_doc_api_stories__table_style_options_roundtrip_1_redline_350de6087f.pdf,with_comments_tracking,350de6087f,word_redlines_superdoc_0926,5c207ef36163d75545bb797b6e124c1664deb4f7e690045c16e2adbe1625801a,bb9c5a8bd548029716a5185372587058cee19a51f1bb3e42e531c61cde88ddee,350de6087ff8b1cd318d19620b4e524182e92d10640b8de04332b1bf5021121a,b239d3762493c1375564f7e00ea582a4274ab086e3b7f00e501826f607f54c55
5c207ef361_super_editor__font_formatting_runs_8be3565a__vs__e6fdfb6f2f_behavior__math_phantom_tests_263131a8_redline_689f2c8333,with_comments_tracking/docx/5c207ef361_super_editor__font_formatting_runs_8be3565a,clean/docx/e6fdfb6f2f_behavior__math_phantom_tests_263131a8,with_comments_tracking/docx/5c207ef361_super_editor__font_formatting_runs_8be3565a__vs__e6fdfb6f2f_behavior__math_phantom_tests_263131a8_redline_689f2c8333.docx,with_comments_tracking/pdf/5c207ef361_super_editor__font_formatting_runs_8be3565a__vs__e6fdfb6f2f_behavior__math_phantom_tests_263131a8_redline_689f2c8333.pdf,with_comments_tracking,689f2c8333,word_redlines_superdoc_0926,5c207ef36163d75545bb797b6e124c1664deb4f7e690045c16e2adbe1625801a,e6fdfb6f2fcc467002e7f4b7f3bdd623849a3c42c8ca6ca69bec8a793f51e040,689f2c8333e5a36905f836b324b7ae5b3797bc36e18b24da1bdd7651fadea946,e43e72d3c4a5529f40d95d5dc761b2e6dc167fa725c3409a2736662864313093
5d17fd43a9_complex_style_attr__vs__310c03f39c_super_editor__complexexport1_69441ab1_redline_133d880cce,clean/docx/5d17fd43a9_complex_style_attr,clean/docx/310c03f39c_super_editor__complexexport1_69441ab1,tracking_without_comments/docx/5d17fd43a9_complex_style_attr__vs__310c03f39c_super_editor__complexexport1_69441ab1_redline_133d880cce.docx,tracking_without_comments/pdf/5d17fd43a9_complex_style_attr__vs__310c03f39c_super_editor__complexexport1_69441ab1_redline_133d880cce.pdf,tracking_without_comments,133d880cce,word_redlines_superdoc,5d17fd43a91266e7ba75f66695597b7cf134a26ee2e7c49775434361e230f1b0,310c03f39c0059814b79e7dea1774520624c3004a8148484f74f27e94ef89eb3,133d880cce664e14aae6175e182de4a355cb416c4fb74e7ec9adca4d8da7273c,f4f59e6b2946e8ee9a066a2394e2ec649859bcf7f9be766d12fa0387550f6ed8
5da4d924a9_file_93__vs__16a20f25a8_file_94_redline_301443d5e9,clean/docx/5da4d924a9_file_93,clean/docx/16a20f25a8_file_94,tracking_without_comments/docx/5da4d924a9_file_93__vs__16a20f25a8_file_94_redline_301443d5e9.docx,tracking_without_comments/pdf/5da4d924a9_file_93__vs__16a20f25a8_file_94_redline_301443d5e9.pdf,tracking_without_comments,301443d5e9,nocomments_randomized,5da4d924a989e5be0ae8e862604f3dc16615c6b888e848ebff14928791dd4f73,16a20f25a872d5d4b279f5a937f678dcd1ac5c13ca3c6c086ec12575b65a28b6,301443d5e992252eec38acc685cc66256e3e6600b9a1ae41f4d781b93f15dbd0,eabac9057e996f54e9921440676787232ffc8a0adba201304193576d169eba33
5e5fa9b5fb_super_editor__list_def_mix_d7cec092__vs__ad43500302_super_editor__list_numbering_reimport_d788d573_redline_1daf262783,clean/docx/5e5fa9b5fb_super_editor__list_def_mix_d7cec092,clean/docx/ad43500302_super_editor__list_numbering_reimport_d788d573,tracking_without_comments/docx/5e5fa9b5fb_super_editor__list_def_mix_d7cec092__vs__ad43500302_super_editor__list_numbering_reimport_d788d573_redline_1daf262783.docx,tracking_without_comments/pdf/5e5fa9b5fb_super_editor__list_def_mix_d7cec092__vs__ad43500302_super_editor__list_numbering_reimport_d788d573_redline_1daf262783.pdf,tracking_without_comments,1daf262783,word_redlines_superdoc_0926,5e5fa9b5fb5c33f725179bd3b3d9a3d920678d1ab42b4820dcccf2a371dac69f,ad4350030267581b1b67fc47ad94807e822dae76bd954f4fea96e5ba1d7b1825,1daf2627830c962abbc81597bcf931cb640b3e96261d0081b378c042e3b53d2f,61f469e748ce153a54c56968e73abba23fb33968054c03afbeb15d5db2256315
5fa01813d3_super_editor__basic_table_shading_d3212ffd__vs__9e9d83978b_super_editor__sublist_issue_66a1800a_redline_70fafd509f,clean/docx/5fa01813d3_super_editor__basic_table_shading_d3212ffd,clean/docx/9e9d83978b_super_editor__sublist_issue_66a1800a,tracking_without_comments/docx/5fa01813d3_super_editor__basic_table_shading_d3212ffd__vs__9e9d83978b_super_editor__sublist_issue_66a1800a_redline_70fafd509f.docx,tracking_without_comments/pdf/5fa01813d3_super_editor__basic_table_shading_d3212ffd__vs__9e9d83978b_super_editor__sublist_issue_66a1800a_redline_70fafd509f.pdf,tracking_without_comments,70fafd509f,word_redlines_superdoc_0926,5fa01813d3e774758918c880bd1228e72a47d2a3ea575403007127afb07dee59,9e9d83978bc49d8d5b81e23d764b2a9f27a88d411df825150aa0e3765462b161,70fafd509fd869043d9a5e5968ab22fb3a6269a5db0bd338279772176075ad44,3327580c7e9cf9a2cf8932df972bce4fd869d12e45243ff6796378ee6d325821
60640bbf85_meeting_minutes_suggesting_insertions__vs__41f0a98a46_numbered_list_demo_id_paraid_overflow_redline_f0bf52cf21,tracking_without_comments/docx/60640bbf85_meeting_minutes_suggesting_insertions,clean/docx/41f0a98a46_numbered_list_demo_id_paraid_overflow,tracking_without_comments/docx/60640bbf85_meeting_minutes_suggesting_insertions__vs__41f0a98a46_numbered_list_demo_id_paraid_overflow_redline_f0bf52cf21.docx,tracking_without_comments/pdf/60640bbf85_meeting_minutes_suggesting_insertions__vs__41f0a98a46_numbered_list_demo_id_paraid_overflow_redline_f0bf52cf21.pdf,tracking_without_comments,f0bf52cf21,nocomments,60640bbf85208a6aaaf81507d27ffc331f850b8352b146c48847bda2e2256985,41f0a98a461269f2f8565d5e603d070276bd675931205f725b43036ba1d7dfc7,f0bf52cf216c8478e70a729dfe51977a016313d836b21e892b3306a379ac976c,896154870cb5c15749875858d3008b313bb7de7f1f6d52f057943600d9187898
60697d46b7_strict01__vs__60697d46b7_strict01_redline_4720423c07,with_comments_tracking/docx/60697d46b7_strict01,with_comments_tracking/docx/60697d46b7_strict01,with_comments_tracking/docx/60697d46b7_strict01__vs__60697d46b7_strict01_redline_4720423c07.docx,with_comments_tracking/pdf/60697d46b7_strict01__vs__60697d46b7_strict01_redline_4720423c07.pdf,with_comments_tracking,4720423c07,word_based;fixtures_word_compares;pdf_fill_0928,60697d46b7ec6e23cd50cf63d66d6866c964453cb6962f729cebffca6d0b803f,60697d46b7ec6e23cd50cf63d66d6866c964453cb6962f729cebffca6d0b803f,4720423c0768fe85f33c858bba4f3c1e864dcf0e1422a4efdde3aa786a21bf3d,f35c775baac293a3a9d818b8fbf63d6a782f0697298d07b84c49b0ceab693fcf
60dfd517a9_00f0e7f365a34acc5911a38c89776a4bdd2ba1685edcd0cc__vs__2773adf157_0004c94ca2a8684d47449bb0e7abf87de1df71a7e6543252_redline_5095f45581,clean/docx/60dfd517a9_00f0e7f365a34acc5911a38c89776a4bdd2ba1685edcd0cc,clean/docx/2773adf157_0004c94ca2a8684d47449bb0e7abf87de1df71a7e6543252,tracking_without_comments/docx/60dfd517a9_00f0e7f365a34acc5911a38c89776a4bdd2ba1685edcd0cc__vs__2773adf157_0004c94ca2a8684d47449bb0e7abf87de1df71a7e6543252_redline_5095f45581.docx,tracking_without_comments/pdf/60dfd517a9_00f0e7f365a34acc5911a38c89776a4bdd2ba1685edcd0cc__vs__2773adf157_0004c94ca2a8684d47449bb0e7abf87de1df71a7e6543252_redline_5095f45581.pdf,tracking_without_comments,5095f45581,redlines_a100_b10,60dfd517a92323dc86a663c5cc4d2bb0e2a348a20120f54df440e6111b4c54c5,2773adf1573296ac475b3351ac307258686b2779d2b304e0bfc41e3bf1c3c15f,5095f45581d4e7b6938705a7ad742c25190c650d29d7215b2d77914b852a9fc5,8f0f5fb41ac25a3727ed35fb9291e63f2c4c10c8a7b5f16afe854675fd92bb60
60dfd517a9_00f0e7f365a34acc5911a38c89776a4bdd2ba1685edcd0cc__vs__5203829c7a_001cc92b88566d5f930fe57f25813c0bf52a7bdc72c217d0_redline_7c845c604b,clean/docx/60dfd517a9_00f0e7f365a34acc5911a38c89776a4bdd2ba1685edcd0cc,clean/docx/5203829c7a_001cc92b88566d5f930fe57f25813c0bf52a7bdc72c217d0,tracking_without_comments/docx/60dfd517a9_00f0e7f365a34acc5911a38c89776a4bdd2ba1685edcd0cc__vs__5203829c7a_001cc92b88566d5f930fe57f25813c0bf52a7bdc72c217d0_redline_7c845c604b.docx,tracking_without_comments/pdf/60dfd517a9_00f0e7f365a34acc5911a38c89776a4bdd2ba1685edcd0cc__vs__5203829c7a_001cc92b88566d5f930fe57f25813c0bf52a7bdc72c217d0_redline_7c845c604b.pdf,tracking_without_comments,7c845c604b,redlines_a100_b10,60dfd517a92323dc86a663c5cc4d2bb0e2a348a20120f54df440e6111b4c54c5,5203829c7a39779063960c392278bed93d85b453fb7b5b84c711a7adb83d1645,7c845c604b352c113a32c055c44abcb98a7a24d9b25028fc2540f0a940f781cd,dc2936a78c23c9c51762a5d443a31adea45d4e30b01c8780d40f369a590bbf76
62732368d5_7b6493614245aae298d715fbe16d4a4945f5ebed862c1354__vs__e91e59eaac_d53121ceeb633df57b8f83f852ee91b3143ce8915a7ef81b_redline_e1c52dc7f9,clean/docx/62732368d5_7b6493614245aae298d715fbe16d4a4945f5ebed862c1354,clean/docx/e91e59eaac_d53121ceeb633df57b8f83f852ee91b3143ce8915a7ef81b,tracking_without_comments/docx/62732368d5_7b6493614245aae298d715fbe16d4a4945f5ebed862c1354__vs__e91e59eaac_d53121ceeb633df57b8f83f852ee91b3143ce8915a7ef81b_redline_e1c52dc7f9.docx,tracking_without_comments/pdf/62732368d5_7b6493614245aae298d715fbe16d4a4945f5ebed862c1354__vs__e91e59eaac_d53121ceeb633df57b8f83f852ee91b3143ce8915a7ef81b_redline_e1c52dc7f9.pdf,tracking_without_comments,e1c52dc7f9,redlines_en_500,62732368d5c293ecda1695d9e1152b2b1429528fc0ee7407d8e69675cc68230e,e91e59eaac41ddc13938bf972047a4f651526780203173e5f5ec00c1bc392605,e1c52dc7f9bcd6fd0a3ffdf5db6a272462a5e0a02c38b20202dc04f2d9f6c0a6,66dfd156ed4b852c991e9da8bbf02dcda45c3cd1f3675edd2e2c21399d432663
628ec1cb76_00a9d81709806bc220522f9b062f226e19ba256e436493b1__vs__1424386e9b_017447de83753a0e3b7afc659df038ef56972925336c6a5b_redline_7127dd0325,clean/docx/628ec1cb76_00a9d81709806bc220522f9b062f226e19ba256e436493b1,clean/docx/1424386e9b_017447de83753a0e3b7afc659df038ef56972925336c6a5b,tracking_without_comments/docx/628ec1cb76_00a9d81709806bc220522f9b062f226e19ba256e436493b1__vs__1424386e9b_017447de83753a0e3b7afc659df038ef56972925336c6a5b_redline_7127dd0325.docx,tracking_without_comments/pdf/628ec1cb76_00a9d81709806bc220522f9b062f226e19ba256e436493b1__vs__1424386e9b_017447de83753a0e3b7afc659df038ef56972925336c6a5b_redline_7127dd0325.pdf,tracking_without_comments,7127dd0325,redlines_a100_b10,628ec1cb76713cd42076fee9b5af9bedd53c1e50458341e9feda7f91d3d39cf8,1424386e9b0290e0bed413bec09828863b992fed80d2cb2d57cc75814e576393,7127dd032536756c5cc6c082f2903501f14b8bccb4f3d6a80a36d0f56eac13ca,eae2e32c49d2b295eda8bda6f00d081907864bdb1b9850050a0e47cc834d1cf1
628ec1cb76_00a9d81709806bc220522f9b062f226e19ba256e436493b1__vs__5203829c7a_001cc92b88566d5f930fe57f25813c0bf52a7bdc72c217d0_redline_35e6aad724,clean/docx/628ec1cb76_00a9d81709806bc220522f9b062f226e19ba256e436493b1,clean/docx/5203829c7a_001cc92b88566d5f930fe57f25813c0bf52a7bdc72c217d0,tracking_without_comments/docx/628ec1cb76_00a9d81709806bc220522f9b062f226e19ba256e436493b1__vs__5203829c7a_001cc92b88566d5f930fe57f25813c0bf52a7bdc72c217d0_redline_35e6aad724.docx,tracking_without_comments/pdf/628ec1cb76_00a9d81709806bc220522f9b062f226e19ba256e436493b1__vs__5203829c7a_001cc92b88566d5f930fe57f25813c0bf52a7bdc72c217d0_redline_35e6aad724.pdf,tracking_without_comments,35e6aad724,redlines_a100_b10,628ec1cb76713cd42076fee9b5af9bedd53c1e50458341e9feda7f91d3d39cf8,5203829c7a39779063960c392278bed93d85b453fb7b5b84c711a7adb83d1645,35e6aad724938025f4b2c8db6cc10ac3ffc344788dc305f9567ac2937e4627ef,aa5ba1ea67c5089360b9f187ec5557e198893f4cfde118dd748de8d756714b85
628ec1cb76_00a9d81709806bc220522f9b062f226e19ba256e436493b1__vs__deff0e697a_00b5defcad6e58038eac35472a2d48c89905068e5ece0cc3_redline_fd7dbb0869,clean/docx/628ec1cb76_00a9d81709806bc220522f9b062f226e19ba256e436493b1,clean/docx/deff0e697a_00b5defcad6e58038eac35472a2d48c89905068e5ece0cc3,tracking_without_comments/docx/628ec1cb76_00a9d81709806bc220522f9b062f226e19ba256e436493b1__vs__deff0e697a_00b5defcad6e58038eac35472a2d48c89905068e5ece0cc3_redline_fd7dbb0869.docx,tracking_without_comments/pdf/628ec1cb76_00a9d81709806bc220522f9b062f226e19ba256e436493b1__vs__deff0e697a_00b5defcad6e58038eac35472a2d48c89905068e5ece0cc3_redline_fd7dbb0869.pdf,tracking_without_comments,fd7dbb0869,redlines_a100_b10,628ec1cb76713cd42076fee9b5af9bedd53c1e50458341e9feda7f91d3d39cf8,deff0e697a2dfbcc4a41b9b979b9d9cb54b60ef4c9e5bc588011e6bda3fc0af2,fd7dbb08692d91a50be76aeb1a74a26d9fed986e47473ac5ee96a20cf6ee9c75,3bdc0df747e1d5f806b5faee4550dfc7c34b82a9b7f6472df7b691f22a792b13
63f2ae8323_00d7e931786f09113a59daafeb4c51113fbd97f3f09d93c2__vs__342f364d46_001342333d45627868f4dc5282abbba4598a91b4a7584b08_redline_6f561090f4,clean/docx/63f2ae8323_00d7e931786f09113a59daafeb4c51113fbd97f3f09d93c2,clean/docx/342f364d46_001342333d45627868f4dc5282abbba4598a91b4a7584b08,tracking_without_comments/docx/63f2ae8323_00d7e931786f09113a59daafeb4c51113fbd97f3f09d93c2__vs__342f364d46_001342333d45627868f4dc5282abbba4598a91b4a7584b08_redline_6f561090f4.docx,tracking_without_comments/pdf/63f2ae8323_00d7e931786f09113a59daafeb4c51113fbd97f3f09d93c2__vs__342f364d46_001342333d45627868f4dc5282abbba4598a91b4a7584b08_redline_6f561090f4.pdf,tracking_without_comments,6f561090f4,redlines_a100_b10,63f2ae832317d312b3da906167cf88f250f5e396f3a29939232d20987988ad5f,342f364d460e7110bddf317847edec68f000c5c839e45722965da43da8abe7ba,6f561090f4c27922178186dde75a7578c3af263e4b14ea2936ef1738ca32fd20,75137d94b2f26e0e4672771cf0f9197dd59bb4bf446a72a2478a68803c395ab3
64bdd3aded_footnotes_sample__vs__a0738533be_gdocs_comments_export_redline_75ff938b20,clean/docx/64bdd3aded_footnotes_sample,with_comments_clean/docx/a0738533be_gdocs_comments_export,with_comments_tracking/docx/64bdd3aded_footnotes_sample__vs__a0738533be_gdocs_comments_export_redline_75ff938b20.docx,with_comments_tracking/pdf/64bdd3aded_footnotes_sample__vs__a0738533be_gdocs_comments_export_redline_75ff938b20.pdf,with_comments_tracking,75ff938b20,word_based;fixtures_word_compares,64bdd3aded1a507a71d55aa79f2591310832d3557faafb9b569d1ad173255d85,a0738533be8803c151b6b7c4ed4b01fc95568e638c3d23cf0ba527cd6e5a0290,75ff938b202e7cabe229c37fa54ac7e1af2e042c002008d6b6452011eeef9236,c3db55d6c7167e560d2cfd28dd91c0704b3ca8380f974246f8d44e27df140a21
668fe0a735_super_editor__ooxml_bold_vals_demo_9e688d8f__vs__e70f1134dd_super_editor__diff_before8_ba5faa9e_redline_1032d784bc,clean/docx/668fe0a735_super_editor__ooxml_bold_vals_demo_9e688d8f,with_comments_clean/docx/e70f1134dd_super_editor__diff_before8_ba5faa9e,with_comments_tracking/docx/668fe0a735_super_editor__ooxml_bold_vals_demo_9e688d8f__vs__e70f1134dd_super_editor__diff_before8_ba5faa9e_redline_1032d784bc.docx,with_comments_tracking/pdf/668fe0a735_super_editor__ooxml_bold_vals_demo_9e688d8f__vs__e70f1134dd_super_editor__diff_before8_ba5faa9e_redline_1032d784bc.pdf,with_comments_tracking,1032d784bc,word_redlines_superdoc_0926,668fe0a73548bca3d20404934711b92aba33d8abc5d5f389258673aaa1091e64,e70f1134ddb017e5973f3615fa108aed06c327c5d1a71796c531174782f9a888,1032d784bc85c2977e4d696d8e444edcccb61002c4edcc31909829c53c1ac421,0ca21f9e84d5c512f7bf2df01e727779b6972d307f4cc853983881cdaee9d847
66b0a9112c_file_165__vs__06a48012fc_file_166_redline_5d87b818ea,clean/docx/66b0a9112c_file_165,clean/docx/06a48012fc_file_166,tracking_without_comments/docx/66b0a9112c_file_165__vs__06a48012fc_file_166_redline_5d87b818ea.docx,tracking_without_comments/pdf/66b0a9112c_file_165__vs__06a48012fc_file_166_redline_5d87b818ea.pdf,tracking_without_comments,5d87b818ea,word_based_randomized,66b0a9112cb8af9fcd5de157eadbf851fabe79b87f83e804d44cfd16f5d4d208,06a48012fcea647a04885d1b25eefe4a50362dd889bf67f3cb0e33fecebacf1d,5d87b818ea9782959a8fc38b1d352a5f56925720827d28d5e401da9a3f934434,1bc89da07c923e3a075b24668788d3e008ecdc73f305749943620767fe78f40a
66cedad6f8_font_color_demo_style_default_missing__vs__9af9772ce2_font_family_demo_id_paraid_overflow_redline_f6aa53210c,clean/docx/66cedad6f8_font_color_demo_style_default_missing,clean/docx/9af9772ce2_font_family_demo_id_paraid_overflow,tracking_without_comments/docx/66cedad6f8_font_color_demo_style_default_missing__vs__9af9772ce2_font_family_demo_id_paraid_overflow_redline_f6aa53210c.docx,tracking_without_comments/pdf/66cedad6f8_font_color_demo_style_default_missing__vs__9af9772ce2_font_family_demo_id_paraid_overflow_redline_f6aa53210c.pdf,tracking_without_comments,f6aa53210c,nocomments,66cedad6f8c9d540662b41cb3cb09e2a51f332ca6fd4b3ad454a3fed21fb2170,9af9772ce2dc96f33d88ba02b9c8992900fddc43e77c9827c3d53fd166c63917,f6aa53210c64d37adc08a11b6c0dd5fa203c97c3873ce564aed9602dfed3d691,5177c5b3aba69f63ee3cb368e68d59e6312ec8fb037228ccaa33cbd774f5d728
66e70631fb_file_188__vs__70584b4a0e_file_189_redline_6bf1e10a91,with_comments_tracking/docx/66e70631fb_file_188,clean/docx/70584b4a0e_file_189,with_comments_tracking/docx/66e70631fb_file_188__vs__70584b4a0e_file_189_redline_6bf1e10a91.docx,with_comments_tracking/pdf/66e70631fb_file_188__vs__70584b4a0e_file_189_redline_6bf1e10a91.pdf,with_comments_tracking,6bf1e10a91,word_based_randomized,66e70631fbc540ae28a8850fbcea131f7c4195caa9150f3181e903509bb602fc,70584b4a0e183adf3a18b488d61dca6bc21fccd3adb9a368051f79f5e3653002,6bf1e10a91fce74bfa57f64ce603489601930011cd44dfcee4804c2f84cdfb7c,62a5e6d420652775c55079f41c385b02f4bba7f1763f8411bd12de3f72d61e52
68526de79b_file_77__vs__7476f5fbb1_file_78_redline_822ad81a4c,clean/docx/68526de79b_file_77,with_comments_tracking/docx/7476f5fbb1_file_78,with_comments_tracking/docx/68526de79b_file_77__vs__7476f5fbb1_file_78_redline_822ad81a4c.docx,with_comments_tracking/pdf/68526de79b_file_77__vs__7476f5fbb1_file_78_redline_822ad81a4c.pdf,with_comments_tracking,822ad81a4c,word_based_randomized,68526de79b415bc049595d17dd64fe5270ec5ad7ef5f668c6624eef26035b8f9,7476f5fbb198027f7c8be64ea7739f14e0cb872d325c8831829af8217dd4a028,822ad81a4ce19fda70f9e97271f1ca1e84eb8c40758ee05c149d2296438fff58,819c2a7f7096c5b246351f8ba664407d514e2b9f08132b8bd74e6548cd91768d
687da097e9_heading_2_center_demo_id_paraid_overflow__vs__3a9525749b_heading_2_style_demo_id_paraid_overflow_redline_1c5fe20c9c,clean/docx/687da097e9_heading_2_center_demo_id_paraid_overflow,clean/docx/3a9525749b_heading_2_style_demo_id_paraid_overflow,tracking_without_comments/docx/687da097e9_heading_2_center_demo_id_paraid_overflow__vs__3a9525749b_heading_2_style_demo_id_paraid_overflow_redline_1c5fe20c9c.docx,tracking_without_comments/pdf/687da097e9_heading_2_center_demo_id_paraid_overflow__vs__3a9525749b_heading_2_style_demo_id_paraid_overflow_redline_1c5fe20c9c.pdf,tracking_without_comments,1c5fe20c9c,word_based,687da097e9a189ac0a07e83f9dfcf24c5f00072827a598d13ca147d040682229,3a9525749b03fdee048f2ed3b3d24f51904e4b934e0b439a97105638548994f7,1c5fe20c9c4e09187d376a10daf5686ff7a22bf721a8fd075ab06c44e78205ec,b62b4b7f8aaa7cb89249704ad6dcaac461422261c6cc3ef037cd3f510690b624
689563dec1_calibri_heading_2_right_id_paraid_overflow__vs__24bd3ad29d_center_aligned_bold_text_id_paraid_overflow_redline_4c8efcc17b,clean/docx/689563dec1_calibri_heading_2_right_id_paraid_overflow,clean/docx/24bd3ad29d_center_aligned_bold_text_id_paraid_overflow,tracking_without_comments/docx/689563dec1_calibri_heading_2_right_id_paraid_overflow__vs__24bd3ad29d_center_aligned_bold_text_id_paraid_overflow_redline_4c8efcc17b.docx,tracking_without_comments/pdf/689563dec1_calibri_heading_2_right_id_paraid_overflow__vs__24bd3ad29d_center_aligned_bold_text_id_paraid_overflow_redline_4c8efcc17b.pdf,tracking_without_comments,4c8efcc17b,word_based_0926,689563dec164caf47c1161e2d9aed7860ebd7ab03dd4e89d9c2ce316ce5aefef,24bd3ad29d88631318fbc90172f43f6575d4fe8944b3fa27102c9b77713aa0f4,4c8efcc17b6cb298ea6057f3f5143b8e08176e4e739bd99bd43236c77fbf22e4,a28d04c1bbd7238eee86074131c6d81e9de4c3a51d1d5c680c7ae9742fce6c21
6a65e5219d_24_id_paraid_overflow__vs__8df6dfa8d7_alternate_content_redline_1e11e7a678,clean/docx/6a65e5219d_24_id_paraid_overflow,clean/docx/8df6dfa8d7_alternate_content,tracking_without_comments/docx/6a65e5219d_24_id_paraid_overflow__vs__8df6dfa8d7_alternate_content_redline_1e11e7a678.docx,tracking_without_comments/pdf/6a65e5219d_24_id_paraid_overflow__vs__8df6dfa8d7_alternate_content_redline_1e11e7a678.pdf,tracking_without_comments,1e11e7a678,word_based_0926,6a65e5219df6912a805dd11d030ef5fa8f2e9204afd32ec64793a46e66c96cd9,8df6dfa8d7b6563889a88d2a4602001f68e2b4a21d257c173357759911036164,1e11e7a6783fedf8c561a576e4775804f35bc6417ad56439f1a5bb2d52f803e1,116bfdc58ee99ac570afdc23782a49a01480c990f15444d5617bb3b6ac574019
6b0acda259_file_73__vs__bd768e6c17_file_74_redline_0aa74e0de4,clean/docx/6b0acda259_file_73,with_comments_tracking/docx/bd768e6c17_file_74,with_comments_tracking/docx/6b0acda259_file_73__vs__bd768e6c17_file_74_redline_0aa74e0de4.docx,with_comments_tracking/pdf/6b0acda259_file_73__vs__bd768e6c17_file_74_redline_0aa74e0de4.pdf,with_comments_tracking,0aa74e0de4,word_based_randomized_0926,6b0acda259bf136c7cfd395e758dda24c738b94946a6738dc4348b2ceed321af,bd768e6c17cfcdd8db40804602fe51855c111443a8a522e36fd3e307c9effdcd,0aa74e0de4fea8e2bd41af07017c1fd3ee56d50aa9b6afb9a17194b015e6c595,cc579e490e800e75be88e15487a70f13876a3d1bb49bdbc496e59b3267d6f377
6b2515b2e1_c0be5f1c808dfc28139ea2d7bbf34d3bf7e15237a63f7474__vs__3fe23ce412_a5b49e91304cf881ab4b07cd810e62ed6f68ac9c0d529815_redline_0e9c762eba,clean/docx/6b2515b2e1_c0be5f1c808dfc28139ea2d7bbf34d3bf7e15237a63f7474,tracking_without_comments/docx/3fe23ce412_a5b49e91304cf881ab4b07cd810e62ed6f68ac9c0d529815,tracking_without_comments/docx/6b2515b2e1_c0be5f1c808dfc28139ea2d7bbf34d3bf7e15237a63f7474__vs__3fe23ce412_a5b49e91304cf881ab4b07cd810e62ed6f68ac9c0d529815_redline_0e9c762eba.docx,tracking_without_comments/pdf/6b2515b2e1_c0be5f1c808dfc28139ea2d7bbf34d3bf7e15237a63f7474__vs__3fe23ce412_a5b49e91304cf881ab4b07cd810e62ed6f68ac9c0d529815_redline_0e9c762eba.pdf,tracking_without_comments,0e9c762eba,redlines_en_500,6b2515b2e1147fd5f84d16be0d367b4a3f2ea79152b44fd6f4d83dd9dccac063,3fe23ce412e0681c494a8a00abf16e3e180f8d0af622e29f60f7a2b55a991c10,0e9c762ebae207b42ecba4b9c562c336e238b7129424e8d22821b6964fe415cb,f3e0253349f6ec5fb02225a2b8e17cf8394002787f790cdf072e6b4536a42853
6c3b9cb467_file_111__vs__61bf578c91_file_112_redline_04eed658ca,clean/docx/6c3b9cb467_file_111,clean/docx/61bf578c91_file_112,tracking_without_comments/docx/6c3b9cb467_file_111__vs__61bf578c91_file_112_redline_04eed658ca.docx,tracking_without_comments/pdf/6c3b9cb467_file_111__vs__61bf578c91_file_112_redline_04eed658ca.pdf,tracking_without_comments,04eed658ca,nocomments_randomized,6c3b9cb4678b6b1e58b769c22398ee46369a9f1e9176c630808a17a7582f730a,61bf578c91936713d99e4e8408d40d5d8f70c3059652cd8d34b2cfc54be28977,04eed658caa2cbe0222cc483950a2ebc2cd9e9892e1c7d1c044bafe62c7153c0,1abb1a5cc73634c0a30927a32cae5d170840ac6049dcbda2a5f070563d5e6250
6ca202588b_super_editor__ooxml_size_rstyle_linked_combos_de__vs__5b421850d5_super_editor__ooxml_strike_rstyle_linked_combos_redline_70f229e446,clean/docx/6ca202588b_super_editor__ooxml_size_rstyle_linked_combos_de,clean/docx/5b421850d5_super_editor__ooxml_strike_rstyle_linked_combos,tracking_without_comments/docx/6ca202588b_super_editor__ooxml_size_rstyle_linked_combos_de__vs__5b421850d5_super_editor__ooxml_strike_rstyle_linked_combos_redline_70f229e446.docx,tracking_without_comments/pdf/6ca202588b_super_editor__ooxml_size_rstyle_linked_combos_de__vs__5b421850d5_super_editor__ooxml_strike_rstyle_linked_combos_redline_70f229e446.pdf,tracking_without_comments,70f229e446,word_redlines_superdoc,6ca202588b9a9801d09ea4ac84af05f383564ddb87a290bf951d0320ce92c13e,5b421850d596d54cc451652dfff637147604277626e77c6a81efd420e91cff5b,70f229e4461e252bb7e69bfcb8489196e70bdd11763f989fee9c7d20722dfd54,498e6c7a017166ed50a3c81fff599008c917486acaed66fc04e44c4412926aa2
6dff70fa73_005df9de4a11e9d5e0809079fe33b4783538a96e645d8b42__vs__2e04202552_000e3e7bd2d6215fc7b469cc3e296c1b2a510bc1abc7e0fd_redline_4a5ba8ba7d,clean/docx/6dff70fa73_005df9de4a11e9d5e0809079fe33b4783538a96e645d8b42,clean/docx/2e04202552_000e3e7bd2d6215fc7b469cc3e296c1b2a510bc1abc7e0fd,tracking_without_comments/docx/6dff70fa73_005df9de4a11e9d5e0809079fe33b4783538a96e645d8b42__vs__2e04202552_000e3e7bd2d6215fc7b469cc3e296c1b2a510bc1abc7e0fd_redline_4a5ba8ba7d.docx,tracking_without_comments/pdf/6dff70fa73_005df9de4a11e9d5e0809079fe33b4783538a96e645d8b42__vs__2e04202552_000e3e7bd2d6215fc7b469cc3e296c1b2a510bc1abc7e0fd_redline_4a5ba8ba7d.pdf,tracking_without_comments,4a5ba8ba7d,redlines_a100_b10,6dff70fa73b047fd13b07e286084f2c88afbbe85167bc5ffceed54d85769e735,2e042025528818822ef7f3ccf73977ae3e3e7cff864682b5c0060083284d8ae7,4a5ba8ba7dbd6bd0835c93c272c1301eb3ef3b33543d78937f3973a2c0c6a23d,3db6345e43fa1ef8b3122eb19ed30150b83cfb1008918bd0d758aaa16b5e616e
6e08e456f6_roboto_underline_demo_id_paraid_overflow__vs__36fbd8c734_sales_report_january_2026_suggesting_insertions_redline_9abf4fa5b5,clean/docx/6e08e456f6_roboto_underline_demo_id_paraid_overflow,tracking_without_comments/docx/36fbd8c734_sales_report_january_2026_suggesting_insertions,tracking_without_comments/docx/6e08e456f6_roboto_underline_demo_id_paraid_overflow__vs__36fbd8c734_sales_report_january_2026_suggesting_insertions_redline_9abf4fa5b5.docx,tracking_without_comments/pdf/6e08e456f6_roboto_underline_demo_id_paraid_overflow__vs__36fbd8c734_sales_report_january_2026_suggesting_insertions_redline_9abf4fa5b5.pdf,tracking_without_comments,9abf4fa5b5,word_based_0926,6e08e456f6339edabf86c3a8d2ad971de31f2b8d148942db33589535308448c9,36fbd8c734ed5dde77bd8466725686c7407555166f4f4313997435027d28f4ae,9abf4fa5b50ccb20ac12197a9e030bcd7e09870964a9c8c0c28f8c76ca79329c,50ef2a951d7f2afbcbdf45b018710adf8b249fc11c9ecb7f801c8fe338f054f1
6e2576a091_docx_lots_of_comments__vs__2c0a2ac35f_double_spacing_bold_demo_id_paraid_overflow_redline_9382e03243,with_comments_clean/docx/6e2576a091_docx_lots_of_comments,clean/docx/2c0a2ac35f_double_spacing_bold_demo_id_paraid_overflow,with_comments_tracking/docx/6e2576a091_docx_lots_of_comments__vs__2c0a2ac35f_double_spacing_bold_demo_id_paraid_overflow_redline_9382e03243.docx,with_comments_tracking/pdf/6e2576a091_docx_lots_of_comments__vs__2c0a2ac35f_double_spacing_bold_demo_id_paraid_overflow_redline_9382e03243.pdf,with_comments_tracking,9382e03243,word_based,6e2576a091e9b18094337d462ad92bf6f98bbb9c4d5c749a76d501323efe5632,2c0a2ac35fdd2d43625db27b99ea4fb33624272228e3f21c78487ae0e58cfd71,9382e03243e3d92938144b14a8966067d4bb872a70c4b3b0e9e14a91807045f0,ed08d2f9581f04ff5b30da38c9e1366cea062231d30eba3f2ada4ca14356bf64
6e815c07c5_62add5a5c8787d17ea1d5204bdc76f56947b74002c9ff1bd__vs__70564ba056_5f805e025d5505775b628335b352c04f89636f46b0b1801d_redline_6ad70d9acc,clean/docx/6e815c07c5_62add5a5c8787d17ea1d5204bdc76f56947b74002c9ff1bd,clean/docx/70564ba056_5f805e025d5505775b628335b352c04f89636f46b0b1801d,tracking_without_comments/docx/6e815c07c5_62add5a5c8787d17ea1d5204bdc76f56947b74002c9ff1bd__vs__70564ba056_5f805e025d5505775b628335b352c04f89636f46b0b1801d_redline_6ad70d9acc.docx,tracking_without_comments/pdf/6e815c07c5_62add5a5c8787d17ea1d5204bdc76f56947b74002c9ff1bd__vs__70564ba056_5f805e025d5505775b628335b352c04f89636f46b0b1801d_redline_6ad70d9acc.pdf,tracking_without_comments,6ad70d9acc,redlines_en_500,6e815c07c513c6afb898c626444bec3381d060c870369f7e123e5b6dee92ee92,70564ba056c2d1de263c30b9b7d97e1a55bca289b391bae40aa6bae496fe6960,6ad70d9acceb90c30562e5e56f56cb07b0d7b1c24b7828f3d8dec61f768c8ce7,1d7640c97e5c79bf47151f41f68bf7c195bb9d4f959a497788f40a205c500610
6fffde4ae2_000bf66110e841e1d2c2e862fc7db869b8d410586ad12d0d__vs__2e04202552_000e3e7bd2d6215fc7b469cc3e296c1b2a510bc1abc7e0fd_redline_03b751f3db,clean/docx/6fffde4ae2_000bf66110e841e1d2c2e862fc7db869b8d410586ad12d0d,clean/docx/2e04202552_000e3e7bd2d6215fc7b469cc3e296c1b2a510bc1abc7e0fd,tracking_without_comments/docx/6fffde4ae2_000bf66110e841e1d2c2e862fc7db869b8d410586ad12d0d__vs__2e04202552_000e3e7bd2d6215fc7b469cc3e296c1b2a510bc1abc7e0fd_redline_03b751f3db.docx,tracking_without_comments/pdf/6fffde4ae2_000bf66110e841e1d2c2e862fc7db869b8d410586ad12d0d__vs__2e04202552_000e3e7bd2d6215fc7b469cc3e296c1b2a510bc1abc7e0fd_redline_03b751f3db.pdf,tracking_without_comments,03b751f3db,redlines_a100_b10,6fffde4ae29f57e4659c40b368691f4be1fae986d0ccf560063add30819d9a3b,2e042025528818822ef7f3ccf73977ae3e3e7cff864682b5c0060083284d8ae7,03b751f3db8381df33a767bc6a599cfb86c0e24ebfe1430734a780ffe3fded30,12bb1f9bd1081e2ccc9425560f4fa7473948eb7d32bec38b308649b01e02fb3d
6fffde4ae2_000bf66110e841e1d2c2e862fc7db869b8d410586ad12d0d__vs__deff0e697a_00b5defcad6e58038eac35472a2d48c89905068e5ece0cc3_redline_1e8d815fcc,clean/docx/6fffde4ae2_000bf66110e841e1d2c2e862fc7db869b8d410586ad12d0d,clean/docx/deff0e697a_00b5defcad6e58038eac35472a2d48c89905068e5ece0cc3,tracking_without_comments/docx/6fffde4ae2_000bf66110e841e1d2c2e862fc7db869b8d410586ad12d0d__vs__deff0e697a_00b5defcad6e58038eac35472a2d48c89905068e5ece0cc3_redline_1e8d815fcc.docx,tracking_without_comments/pdf/6fffde4ae2_000bf66110e841e1d2c2e862fc7db869b8d410586ad12d0d__vs__deff0e697a_00b5defcad6e58038eac35472a2d48c89905068e5ece0cc3_redline_1e8d815fcc.pdf,tracking_without_comments,1e8d815fcc,redlines_a100_b10,6fffde4ae29f57e4659c40b368691f4be1fae986d0ccf560063add30819d9a3b,deff0e697a2dfbcc4a41b9b979b9d9cb54b60ef4c9e5bc588011e6bda3fc0af2,1e8d815fcc3e6a2f7e615ffb16cd99de778fe9d086fb453a94f08a5dc9a6deb5,87113e2db6e8a74abbca43bb51b79cc7324dc1fce58bf4bd7cb3516956e5c217
7098537b0d_super_editor__base_custom_544164f9__vs__9ef2a93274_super_editor__tab_alignment_test_184edb5d_redline_2dc552be5e,clean/docx/7098537b0d_super_editor__base_custom_544164f9,clean/docx/9ef2a93274_super_editor__tab_alignment_test_184edb5d,tracking_without_comments/docx/7098537b0d_super_editor__base_custom_544164f9__vs__9ef2a93274_super_editor__tab_alignment_test_184edb5d_redline_2dc552be5e.docx,tracking_without_comments/pdf/7098537b0d_super_editor__base_custom_544164f9__vs__9ef2a93274_super_editor__tab_alignment_test_184edb5d_redline_2dc552be5e.pdf,tracking_without_comments,2dc552be5e,word_redlines_superdoc,7098537b0d6b68c41ced552f6ccecf780595a06dda898cbd7f4a7f7b571e144e,9ef2a93274657b68d770fb411b1a1a531c6986507668a9bcf7d1d6e68f6d8dd0,2dc552be5e7bab7b6c8916d15f38361727b47a9766def7cecbfd97c6c0edc1a3,4c5113aefdf0089636e3997857c934de2d07ff9d75e767acea1772feee94b8f1
70a28a8258_file_15__vs__be5bf990cb_file_16_redline_699cc8bd70,clean/docx/70a28a8258_file_15,with_comments_tracking/docx/be5bf990cb_file_16,with_comments_tracking/docx/70a28a8258_file_15__vs__be5bf990cb_file_16_redline_699cc8bd70.docx,with_comments_tracking/pdf/70a28a8258_file_15__vs__be5bf990cb_file_16_redline_699cc8bd70.pdf,with_comments_tracking,699cc8bd70,word_based_randomized,70a28a8258b57b7054dccd03e97aebcb238883b9883910ce6cb28f9482caab63,be5bf990cb6b9ab8568ffb7c27af5540d45fbb484d2b67bca8e84a67419e20ca,699cc8bd70dccb4cf5bcda4088074613e0c4d493f9dd4850f1610d1c8e6d5543,9457b09333fd1df249fdf9d78bf26c568cad7a676bccd214de69d1dd9351897a
70cf8f3c79_e3c8a85254388c86c63b168abf32fb2f2e019ae272f5b15a__vs__528b7e6689_e153d9d96bf2c9b3edd77009c97807142b0f6beec7d200b6_redline_089f8d0f89,clean/docx/70cf8f3c79_e3c8a85254388c86c63b168abf32fb2f2e019ae272f5b15a,clean/docx/528b7e6689_e153d9d96bf2c9b3edd77009c97807142b0f6beec7d200b6,tracking_without_comments/docx/70cf8f3c79_e3c8a85254388c86c63b168abf32fb2f2e019ae272f5b15a__vs__528b7e6689_e153d9d96bf2c9b3edd77009c97807142b0f6beec7d200b6_redline_089f8d0f89.docx,tracking_without_comments/pdf/70cf8f3c79_e3c8a85254388c86c63b168abf32fb2f2e019ae272f5b15a__vs__528b7e6689_e153d9d96bf2c9b3edd77009c97807142b0f6beec7d200b6_redline_089f8d0f89.pdf,tracking_without_comments,089f8d0f89,redlines_en_500,70cf8f3c795dc8864ef8149e2b040147b8dac57d67495409ee575bd0239ca364,528b7e6689e06adcd219dc3ed0288eef7a35e98758af65f8129408f9a0c5e42c,089f8d0f893210fb51362475392573d99bc361af14121c276f736d8348aa4ea1,2f12a0e7d743ccaf3f9494a05fadfde9ddd8095df20519ea8a38f89a79ce4177
7166fa4199_document_100_ultimate_demo_id_paraid_overflow__vs__97c3dd2e86_docx_lots_of_comments_addition_redline_addition_redline_2288f27be1,clean/docx/7166fa4199_document_100_ultimate_demo_id_paraid_overflow,with_comments_tracking/docx/97c3dd2e86_docx_lots_of_comments_addition_redline_addition,with_comments_tracking/docx/7166fa4199_document_100_ultimate_demo_id_paraid_overflow__vs__97c3dd2e86_docx_lots_of_comments_addition_redline_addition_redline_2288f27be1.docx,with_comments_tracking/pdf/7166fa4199_document_100_ultimate_demo_id_paraid_overflow__vs__97c3dd2e86_docx_lots_of_comments_addition_redline_addition_redline_2288f27be1.pdf,with_comments_tracking,2288f27be1,word_based_0926,7166fa41995f83da5e2b3431142778d292c3eac2b71cf31b9c14d97e076aae3d,97c3dd2e86042004dc47de484879f3a98b2cd1aa7cce1779f8bd418ea76bf8d3,2288f27be1f3761d606da16d2676439adfc299b75967efa173eabdf81b0dee9d,22d54445e1c5df7145b3117d4fc7c53b123998429404b59fc28ebf63ce46fc0a
718cb91f66_file_90__vs__84b67d8458_file_91_redline_5eb341a977,tracking_without_comments/docx/718cb91f66_file_90,clean/docx/84b67d8458_file_91,tracking_without_comments/docx/718cb91f66_file_90__vs__84b67d8458_file_91_redline_5eb341a977.docx,tracking_without_comments/pdf/718cb91f66_file_90__vs__84b67d8458_file_91_redline_5eb341a977.pdf,tracking_without_comments,5eb341a977,nocomments_randomized,718cb91f6675fc1c9efb436cbeab73d2d3102c991a416886ba2ef85726520cdb,84b67d84581c54e90a12f7bbfdeb2a260211d1da3122f031ea6cb7d4bb5fa151,5eb341a9774bfe497b56347d2c5ec7fe2a244f836432fba3e2231b00f987da5f,86bdd2da72a6a9b4c7ebd4723fe0bf5fb8c1f1ec2162bc9a07272ecab3460f9c
725cdbebe3_0013892c946c551d309fcec9bb3f3500fc08bc77121a3849__vs__2773adf157_0004c94ca2a8684d47449bb0e7abf87de1df71a7e6543252_redline_20539234fa,clean/docx/725cdbebe3_0013892c946c551d309fcec9bb3f3500fc08bc77121a3849,clean/docx/2773adf157_0004c94ca2a8684d47449bb0e7abf87de1df71a7e6543252,tracking_without_comments/docx/725cdbebe3_0013892c946c551d309fcec9bb3f3500fc08bc77121a3849__vs__2773adf157_0004c94ca2a8684d47449bb0e7abf87de1df71a7e6543252_redline_20539234fa.docx,tracking_without_comments/pdf/725cdbebe3_0013892c946c551d309fcec9bb3f3500fc08bc77121a3849__vs__2773adf157_0004c94ca2a8684d47449bb0e7abf87de1df71a7e6543252_redline_20539234fa.pdf,tracking_without_comments,20539234fa,redlines_a100_b10,725cdbebe378059f1842cb240100bf82c1aa510cd117eb7ee446d0d399ff990a,2773adf1573296ac475b3351ac307258686b2779d2b304e0bfc41e3bf1c3c15f,20539234fab88871050d73fd2f44b7535b746ae99762151f25c3afb1479f90a5,265aa9efd77fe87daa7e1ba6df33db0f75c1736a6d472c32db172ca5a0de2c57
725cdbebe3_0013892c946c551d309fcec9bb3f3500fc08bc77121a3849__vs__2e04202552_000e3e7bd2d6215fc7b469cc3e296c1b2a510bc1abc7e0fd_redline_9013a94f33,clean/docx/725cdbebe3_0013892c946c551d309fcec9bb3f3500fc08bc77121a3849,clean/docx/2e04202552_000e3e7bd2d6215fc7b469cc3e296c1b2a510bc1abc7e0fd,tracking_without_comments/docx/725cdbebe3_0013892c946c551d309fcec9bb3f3500fc08bc77121a3849__vs__2e04202552_000e3e7bd2d6215fc7b469cc3e296c1b2a510bc1abc7e0fd_redline_9013a94f33.docx,tracking_without_comments/pdf/725cdbebe3_0013892c946c551d309fcec9bb3f3500fc08bc77121a3849__vs__2e04202552_000e3e7bd2d6215fc7b469cc3e296c1b2a510bc1abc7e0fd_redline_9013a94f33.pdf,tracking_without_comments,9013a94f33,redlines_a100_b10,725cdbebe378059f1842cb240100bf82c1aa510cd117eb7ee446d0d399ff990a,2e042025528818822ef7f3ccf73977ae3e3e7cff864682b5c0060083284d8ae7,9013a94f337cecfc92a34a3f7918d1e5e66245c268b5cb6bd25007c2c6609686,0dceb55fcf58d177a78c297d4ec9ddfdcd0c739a5d78f483f5b38d37f6dc2681
725cdbebe3_0013892c946c551d309fcec9bb3f3500fc08bc77121a3849__vs__bd3824dd1e_000ee64ef7226d353297888f59a251e24ce5d776fea000fa_redline_dfeccd76d2,clean/docx/725cdbebe3_0013892c946c551d309fcec9bb3f3500fc08bc77121a3849,clean/docx/bd3824dd1e_000ee64ef7226d353297888f59a251e24ce5d776fea000fa,tracking_without_comments/docx/725cdbebe3_0013892c946c551d309fcec9bb3f3500fc08bc77121a3849__vs__bd3824dd1e_000ee64ef7226d353297888f59a251e24ce5d776fea000fa_redline_dfeccd76d2.docx,tracking_without_comments/pdf/725cdbebe3_0013892c946c551d309fcec9bb3f3500fc08bc77121a3849__vs__bd3824dd1e_000ee64ef7226d353297888f59a251e24ce5d776fea000fa_redline_dfeccd76d2.pdf,tracking_without_comments,dfeccd76d2,redlines_a100_b10,725cdbebe378059f1842cb240100bf82c1aa510cd117eb7ee446d0d399ff990a,bd3824dd1e5554e7b0a8c3ab90f434599e047ff8de6ec85a04be794d32919bdf,dfeccd76d2ffd0e44687f5970711a74172c66a66cf3a69c10282c1c52a833795,0d3b28b1016f66d5fd6d0559649437289f9e1df158e1a2b49c4a54d1b1c41039
735c372b41_super_editor__diff_after8_58e5c288__vs__75aeff4f58_super_editor__diff_after9_a9d4b4b0_redline_5a72b1ad9e,with_comments_tracking/docx/735c372b41_super_editor__diff_after8_58e5c288,clean/docx/75aeff4f58_super_editor__diff_after9_a9d4b4b0,with_comments_tracking/docx/735c372b41_super_editor__diff_after8_58e5c288__vs__75aeff4f58_super_editor__diff_after9_a9d4b4b0_redline_5a72b1ad9e.docx,with_comments_tracking/pdf/735c372b41_super_editor__diff_after8_58e5c288__vs__75aeff4f58_super_editor__diff_after9_a9d4b4b0_redline_5a72b1ad9e.pdf,with_comments_tracking,5a72b1ad9e,word_redlines_superdoc_0926,735c372b415f07fb249fbbe6ca2d642009e070efa960a0f7ffce55a93e71f8b0,75aeff4f58e78b972d5488a44aadd2c4c0704dd55013fba6dab164aca3716683,5a72b1ad9e879805c97e281a421ed1c08451846a5da1a2e6c7a02cb6e275d98b,718ab0380ed84ea1cde4e0be027abfe3ff04a9d910b36b29b5c9cdacd7a066c7
735c372b41_super_editor__diff_after8_58e5c288__vs__de3c6fded9_super_editor__doc_with_spacing_e3d47bd7_redline_12fca96084,with_comments_tracking/docx/735c372b41_super_editor__diff_after8_58e5c288,clean/docx/de3c6fded9_super_editor__doc_with_spacing_e3d47bd7,with_comments_tracking/docx/735c372b41_super_editor__diff_after8_58e5c288__vs__de3c6fded9_super_editor__doc_with_spacing_e3d47bd7_redline_12fca96084.docx,with_comments_tracking/pdf/735c372b41_super_editor__diff_after8_58e5c288__vs__de3c6fded9_super_editor__doc_with_spacing_e3d47bd7_redline_12fca96084.pdf,with_comments_tracking,12fca96084,word_redlines_superdoc,735c372b415f07fb249fbbe6ca2d642009e070efa960a0f7ffce55a93e71f8b0,de3c6fded9b7463d915e5f2246457a00dd242764ead8aa39dabe0d5846485a6b,12fca96084a5d619b9935f556fb8395785c73ebdb2786939e6552de63aa89193,2ac84ec9f8b80af17c33bc430337a32b74d481e6175fae1d7d741ef16210c023
7367931dbf_super_editor__sdt_test_60079f08__vs__89b44c96a7_super_editor__sdts_basic_45263ca5_redline_be85bd5027,clean/docx/7367931dbf_super_editor__sdt_test_60079f08,clean/docx/89b44c96a7_super_editor__sdts_basic_45263ca5,tracking_without_comments/docx/7367931dbf_super_editor__sdt_test_60079f08__vs__89b44c96a7_super_editor__sdts_basic_45263ca5_redline_be85bd5027.docx,tracking_without_comments/pdf/7367931dbf_super_editor__sdt_test_60079f08__vs__89b44c96a7_super_editor__sdts_basic_45263ca5_redline_be85bd5027.pdf,tracking_without_comments,be85bd5027,word_redlines_superdoc_0926,7367931dbfe3771a53495aea77c2a17305d4785fae807ac41df0454cc3226974,89b44c96a733d0add43c2ecaf85083027433450020b1b1866b14d7964d69b298,be85bd502798d8752657d6a907165c307b6a599090428e9fb1893114ce5a7004,06479bbb8d92c84dad06729e20b78148b4b48764e1997809f17ef1dac4156d31
7367931dbf_super_editor__sdt_test_60079f08__vs__b389f55091_super_editor__comment_23ee5ec1_redline_541790cd56,clean/docx/7367931dbf_super_editor__sdt_test_60079f08,with_comments_clean/docx/b389f55091_super_editor__comment_23ee5ec1,with_comments_tracking/docx/7367931dbf_super_editor__sdt_test_60079f08__vs__b389f55091_super_editor__comment_23ee5ec1_redline_541790cd56.docx,with_comments_tracking/pdf/7367931dbf_super_editor__sdt_test_60079f08__vs__b389f55091_super_editor__comment_23ee5ec1_redline_541790cd56.pdf,with_comments_tracking,541790cd56,word_redlines_superdoc,7367931dbfe3771a53495aea77c2a17305d4785fae807ac41df0454cc3226974,b389f55091c9e482ad04f75d2bb5b151c96be01b8e21a33cc0517a0fa14b9e9c,541790cd56607a7b4097566d5ea04e27468b8e2929c2feda029e2c07719274e4,bc1be1bf919db79db8a8bf5ce45528fa6016aa80ed9007f7713c9fef99b735ee
7476f5fbb1_file_78__vs__fa962f4b9d_file_79_redline_5b878b9756,with_comments_tracking/docx/7476f5fbb1_file_78,clean/docx/fa962f4b9d_file_79,with_comments_tracking/docx/7476f5fbb1_file_78__vs__fa962f4b9d_file_79_redline_5b878b9756.docx,with_comments_tracking/pdf/7476f5fbb1_file_78__vs__fa962f4b9d_file_79_redline_5b878b9756.pdf,with_comments_tracking,5b878b9756,word_based_randomized_0926,7476f5fbb198027f7c8be64ea7739f14e0cb872d325c8831829af8217dd4a028,fa962f4b9d3523f03e256e73055e8211e26faa9daff31621e21932bb857cef09,5b878b97566dc34dedc5b69f14974b577d24423d27695892ad5145d0003ca368,f385efa08c93fad523d99fd48957c7649b05b1baf830753b2bd6f970e0a98482
74afe04686_000416d5ee481974205314977bda4d0b297b97cf56f55f5a__vs__1424386e9b_017447de83753a0e3b7afc659df038ef56972925336c6a5b_redline_eee4f02ca3,clean/docx/74afe04686_000416d5ee481974205314977bda4d0b297b97cf56f55f5a,clean/docx/1424386e9b_017447de83753a0e3b7afc659df038ef56972925336c6a5b,tracking_without_comments/docx/74afe04686_000416d5ee481974205314977bda4d0b297b97cf56f55f5a__vs__1424386e9b_017447de83753a0e3b7afc659df038ef56972925336c6a5b_redline_eee4f02ca3.docx,tracking_without_comments/pdf/74afe04686_000416d5ee481974205314977bda4d0b297b97cf56f55f5a__vs__1424386e9b_017447de83753a0e3b7afc659df038ef56972925336c6a5b_redline_eee4f02ca3.pdf,tracking_without_comments,eee4f02ca3,redlines_a100_b10,74afe04686b3a9ceae7dddf343f0f125957505083015368141c7fb7d28474e8c,1424386e9b0290e0bed413bec09828863b992fed80d2cb2d57cc75814e576393,eee4f02ca364b5429544af0f414e59a0727f262384505dd8262d8eb15c409c09,8e8811512b22b1e6834588d2473e3c9ee1f2b7c3cf4e44516139a07315746973
756fb54224_potpourritest__vs__f7d8cdf9a9_product_roadmap_2026_suggesting_insertions_redline_8358846f3a,with_comments_tracking/docx/756fb54224_potpourritest,tracking_without_comments/docx/f7d8cdf9a9_product_roadmap_2026_suggesting_insertions,with_comments_tracking/docx/756fb54224_potpourritest__vs__f7d8cdf9a9_product_roadmap_2026_suggesting_insertions_redline_8358846f3a.docx,with_comments_tracking/pdf/756fb54224_potpourritest__vs__f7d8cdf9a9_product_roadmap_2026_suggesting_insertions_redline_8358846f3a.pdf,with_comments_tracking,8358846f3a,word_based;fixtures_word_compares,756fb54224f599f7b9d8b38696e24c5cea1dff137be13e6dd72c769a6c1a9bda,f7d8cdf9a9e0582051b406bb802e0b2628040f92cecfdcf6f853b3822f441c79,8358846f3ae7839e539d9604d84c585810043dfcdcdac8213050058de19d330c,09c45835ab9460a36cdf613c60feaa2cdbd4f959ec952cdf7a0ca52b86d7f215
75b13139d1_01424129e67ac16566c504bbb091d985cb6316a08abf5730__vs__1424386e9b_017447de83753a0e3b7afc659df038ef56972925336c6a5b_redline_fe1fadd8f9,clean/docx/75b13139d1_01424129e67ac16566c504bbb091d985cb6316a08abf5730,clean/docx/1424386e9b_017447de83753a0e3b7afc659df038ef56972925336c6a5b,tracking_without_comments/docx/75b13139d1_01424129e67ac16566c504bbb091d985cb6316a08abf5730__vs__1424386e9b_017447de83753a0e3b7afc659df038ef56972925336c6a5b_redline_fe1fadd8f9.docx,tracking_without_comments/pdf/75b13139d1_01424129e67ac16566c504bbb091d985cb6316a08abf5730__vs__1424386e9b_017447de83753a0e3b7afc659df038ef56972925336c6a5b_redline_fe1fadd8f9.pdf,tracking_without_comments,fe1fadd8f9,redlines_a100_b10,75b13139d19e338cbae922cf2d327cf24bc280ace2cbd253fbaa6600c94cdb19,1424386e9b0290e0bed413bec09828863b992fed80d2cb2d57cc75814e576393,fe1fadd8f934d6f22252ad235b3c4708e5aff582a05f612e378bc2e182379b99,adaf5c7cb2001617952fb7157a004c95ac48da8c08a227d1535bff99fb10c9c4
75b13139d1_01424129e67ac16566c504bbb091d985cb6316a08abf5730__vs__2773adf157_0004c94ca2a8684d47449bb0e7abf87de1df71a7e6543252_redline_c0f0e89fef,clean/docx/75b13139d1_01424129e67ac16566c504bbb091d985cb6316a08abf5730,clean/docx/2773adf157_0004c94ca2a8684d47449bb0e7abf87de1df71a7e6543252,tracking_without_comments/docx/75b13139d1_01424129e67ac16566c504bbb091d985cb6316a08abf5730__vs__2773adf157_0004c94ca2a8684d47449bb0e7abf87de1df71a7e6543252_redline_c0f0e89fef.docx,tracking_without_comments/pdf/75b13139d1_01424129e67ac16566c504bbb091d985cb6316a08abf5730__vs__2773adf157_0004c94ca2a8684d47449bb0e7abf87de1df71a7e6543252_redline_c0f0e89fef.pdf,tracking_without_comments,c0f0e89fef,redlines_a100_b10,75b13139d19e338cbae922cf2d327cf24bc280ace2cbd253fbaa6600c94cdb19,2773adf1573296ac475b3351ac307258686b2779d2b304e0bfc41e3bf1c3c15f,c0f0e89fef723bc2173a70eaee90dbe1b4fd5bf4322fef57008e593940df5529,b92c486f4d7634691e7a8e53df8ff88e31b7a332463f67f701620f8de75f05ee
75b13139d1_01424129e67ac16566c504bbb091d985cb6316a08abf5730__vs__bd3824dd1e_000ee64ef7226d353297888f59a251e24ce5d776fea000fa_redline_d86567e8af,clean/docx/75b13139d1_01424129e67ac16566c504bbb091d985cb6316a08abf5730,clean/docx/bd3824dd1e_000ee64ef7226d353297888f59a251e24ce5d776fea000fa,tracking_without_comments/docx/75b13139d1_01424129e67ac16566c504bbb091d985cb6316a08abf5730__vs__bd3824dd1e_000ee64ef7226d353297888f59a251e24ce5d776fea000fa_redline_d86567e8af.docx,tracking_without_comments/pdf/75b13139d1_01424129e67ac16566c504bbb091d985cb6316a08abf5730__vs__bd3824dd1e_000ee64ef7226d353297888f59a251e24ce5d776fea000fa_redline_d86567e8af.pdf,tracking_without_comments,d86567e8af,redlines_a100_b10,75b13139d19e338cbae922cf2d327cf24bc280ace2cbd253fbaa6600c94cdb19,bd3824dd1e5554e7b0a8c3ab90f434599e047ff8de6ec85a04be794d32919bdf,d86567e8af6199dde0ec810219a52bbf1d6f3785dcbe7581dfc31d21942a4a7e,71a592935ce08ce35ddf52f1c1a20d43b1214b8aa7562bcb15795587996b6d26
76a40d9ffd_000e618d79bf03ff1783da81e6c34b7ad651896dd56e75a4__vs__2773adf157_0004c94ca2a8684d47449bb0e7abf87de1df71a7e6543252_redline_8684b04242,clean/docx/76a40d9ffd_000e618d79bf03ff1783da81e6c34b7ad651896dd56e75a4,clean/docx/2773adf157_0004c94ca2a8684d47449bb0e7abf87de1df71a7e6543252,tracking_without_comments/docx/76a40d9ffd_000e618d79bf03ff1783da81e6c34b7ad651896dd56e75a4__vs__2773adf157_0004c94ca2a8684d47449bb0e7abf87de1df71a7e6543252_redline_8684b04242.docx,tracking_without_comments/pdf/76a40d9ffd_000e618d79bf03ff1783da81e6c34b7ad651896dd56e75a4__vs__2773adf157_0004c94ca2a8684d47449bb0e7abf87de1df71a7e6543252_redline_8684b04242.pdf,tracking_without_comments,8684b04242,redlines_a100_b10,76a40d9ffde94a635151bae5f56eb567b9320dc5b925120d4ac4de5dc3b19a69,2773adf1573296ac475b3351ac307258686b2779d2b304e0bfc41e3bf1c3c15f,8684b042428c08287ed1581c5651dddc922fa3d6315b2c212637f452622ad215,7cedc5d6bd5eb9700bb005c3d176fdad4ffd24f4bc634d70e6badde64a0cc733
776a437291_behavior__two_column_simple_e77be963__vs__9586202517_super_editor__two_column_two_page_0b8a37c5_redline_9c21af278f,clean/docx/776a437291_behavior__two_column_simple_e77be963,clean/docx/9586202517_super_editor__two_column_two_page_0b8a37c5,tracking_without_comments/docx/776a437291_behavior__two_column_simple_e77be963__vs__9586202517_super_editor__two_column_two_page_0b8a37c5_redline_9c21af278f.docx,tracking_without_comments/pdf/776a437291_behavior__two_column_simple_e77be963__vs__9586202517_super_editor__two_column_two_page_0b8a37c5_redline_9c21af278f.pdf,tracking_without_comments,9c21af278f,word_redlines_superdoc_0926,776a437291fbdd2cbb1e57ce6cecdf61c9b64338a26d1c69456f4ad1d411480d,9586202517924f614956275ca36797ab7431fc3b5e6c29328949e3db3c373468,9c21af278ffbfc3464f40942996a0dd441c6688ee86d4c2dd88126787763cba6,9919b7c98a75377d30edff293573d3ab55acd659ca70883fbf0e77c9ea41d162
776a437291_behavior__two_column_simple_e77be963__vs__9e80f22c51_behavior__word_native_bullet_circle_80d6f323_redline_48789ea607,clean/docx/776a437291_behavior__two_column_simple_e77be963,clean/docx/9e80f22c51_behavior__word_native_bullet_circle_80d6f323,tracking_without_comments/docx/776a437291_behavior__two_column_simple_e77be963__vs__9e80f22c51_behavior__word_native_bullet_circle_80d6f323_redline_48789ea607.docx,tracking_without_comments/pdf/776a437291_behavior__two_column_simple_e77be963__vs__9e80f22c51_behavior__word_native_bullet_circle_80d6f323_redline_48789ea607.pdf,tracking_without_comments,48789ea607,word_redlines_superdoc_0926,776a437291fbdd2cbb1e57ce6cecdf61c9b64338a26d1c69456f4ad1d411480d,9e80f22c51d4bffc45067a1cf7b8bed79dadcae2286fe3a2bc41c0270cb5a19a,48789ea607f18d47f33dcba5e9b9a37e46a11f114b8ca923aec53a9a4e2e5aa4,3d4cb1b44d48b1e1c446ec86e3092e732862bb1acafa1f70a58b1ef3066f753d
778598c773_1_5_line_spacing_id_paraid_overflow__vs__14d3f7889a_24_id_paraid_overflow_redline_d67fac1454,clean/docx/778598c773_1_5_line_spacing_id_paraid_overflow,clean/docx/14d3f7889a_24_id_paraid_overflow,tracking_without_comments/docx/778598c773_1_5_line_spacing_id_paraid_overflow__vs__14d3f7889a_24_id_paraid_overflow_redline_d67fac1454.docx,tracking_without_comments/pdf/778598c773_1_5_line_spacing_id_paraid_overflow__vs__14d3f7889a_24_id_paraid_overflow_redline_d67fac1454.pdf,tracking_without_comments,d67fac1454,nocomments,778598c773c82884267ec217503659969527f7ce4347cee2fc1a93068d03cb57,14d3f7889ae421633f9218180ada8a2f6492bade2a83ef83989d172e7396bcde,d67fac14542755b20cfbe5100527c29df3b872d3b93f919edd774ece4b65fd14,de05ccd6fcbf383f675ffd94274554da4cb47eafb924b1ef363adf29f5b5ad81
7962b06671_super_editor__bookmark_use_cases_d20f31f6__vs__7a48682ea5_super_editor__superdoc_hyperlink_cases_1dde9cd3_redline_f47143b5cb,clean/docx/7962b06671_super_editor__bookmark_use_cases_d20f31f6,clean/docx/7a48682ea5_super_editor__superdoc_hyperlink_cases_1dde9cd3,tracking_without_comments/docx/7962b06671_super_editor__bookmark_use_cases_d20f31f6__vs__7a48682ea5_super_editor__superdoc_hyperlink_cases_1dde9cd3_redline_f47143b5cb.docx,tracking_without_comments/pdf/7962b06671_super_editor__bookmark_use_cases_d20f31f6__vs__7a48682ea5_super_editor__superdoc_hyperlink_cases_1dde9cd3_redline_f47143b5cb.pdf,tracking_without_comments,f47143b5cb,word_redlines_superdoc,7962b06671cee07c1347a70a558069bc14ae082efeb03f4323976cf12d8426f9,7a48682ea5cadd6f0befd0a29fc0e2ae4eaede3b01920f9fb204b4a064315e37,f47143b5cbe917aee664f422a14bc6b3330a4c25d6361856674b1de0093d6ff1,6f3cc0b8dd5bc8291d61c46df285d4bdeaa5382143f7fb2f8b5fbe0ed0d420ad
799980e6af_file_12__vs__2bd5ae6064_file_13_redline_612a3c24fa,with_comments_clean/docx/799980e6af_file_12,clean/docx/2bd5ae6064_file_13,with_comments_tracking/docx/799980e6af_file_12__vs__2bd5ae6064_file_13_redline_612a3c24fa.docx,with_comments_tracking/pdf/799980e6af_file_12__vs__2bd5ae6064_file_13_redline_612a3c24fa.pdf,with_comments_tracking,612a3c24fa,word_based_randomized,799980e6af7843b7bb1661da32ba2f5a44895534878fb850d6873dd60af1d7c8,2bd5ae6064d7c2a97bd1c3fb658b9ef3acdcb50a4bb50a0caec4b8fcf6438596,612a3c24fa4b7accc96bce0d5f8f1f205ca538dcc2f56daa688892cdcee4615c,9fad3c459b6808c0f26c36005c3aa4760ea28dc5a42268c9f6cbd6a1ea7e060e
7a0bdaf60f_file_9__vs__5863557aba_file_10_redline_2c3258f626,tracking_without_comments/docx/7a0bdaf60f_file_9,clean/docx/5863557aba_file_10,tracking_without_comments/docx/7a0bdaf60f_file_9__vs__5863557aba_file_10_redline_2c3258f626.docx,tracking_without_comments/pdf/7a0bdaf60f_file_9__vs__5863557aba_file_10_redline_2c3258f626.pdf,tracking_without_comments,2c3258f626,nocomments_randomized,7a0bdaf60ff7d76d7118ebc994948a06aa05732eba0095e3db2ef436f84023a0,5863557abab0e4d44908ec783139d73cd6a8255e2fffb6813e71fa1e2b6c1bc8,2c3258f626917c85d69bd868cb133c25a66e78ccf5e90de323009b1f7e1c6e1e,4665fff4135f0ea32b59db9f2010456610dd3962f8d02a0d155ce46c21bafddc
7b076416b0_sectpr_headerref__vs__4ba01802a7_super_editor__diff_after_10f1912e_redline_3a7c6c04a0,clean/docx/7b076416b0_sectpr_headerref,clean/docx/4ba01802a7_super_editor__diff_after_10f1912e,tracking_without_comments/docx/7b076416b0_sectpr_headerref__vs__4ba01802a7_super_editor__diff_after_10f1912e_redline_3a7c6c04a0.docx,tracking_without_comments/pdf/7b076416b0_sectpr_headerref__vs__4ba01802a7_super_editor__diff_after_10f1912e_redline_3a7c6c04a0.pdf,tracking_without_comments,3a7c6c04a0,word_redlines_superdoc,7b076416b0851459c1f293be0936cd30fd52078877bd34b75cc781fdc3e851f8,4ba01802a7ed0f4c9f81a4eb59b608cbd823e5016e72d3581e88b614ad3d7cc0,3a7c6c04a0171139e588e8ded2cc9f97cc9a1c944cf82c715f26cb739f3f8544,5d78c4f962a5e3c25d301f3cd498ca29a2d07404236900ed2c45da1a90e23204
7c87c9cd93_super_editor__complex_list_def_short_fde20a67__vs__5d17fd43a9_complex_style_attr_redline_5477ba61c5,clean/docx/7c87c9cd93_super_editor__complex_list_def_short_fde20a67,clean/docx/5d17fd43a9_complex_style_attr,tracking_without_comments/docx/7c87c9cd93_super_editor__complex_list_def_short_fde20a67__vs__5d17fd43a9_complex_style_attr_redline_5477ba61c5.docx,tracking_without_comments/pdf/7c87c9cd93_super_editor__complex_list_def_short_fde20a67__vs__5d17fd43a9_complex_style_attr_redline_5477ba61c5.pdf,tracking_without_comments,5477ba61c5,word_redlines_superdoc,7c87c9cd93c88ca11c7788d3bc244e3f243c59ed9772a766485862d80629eef7,5d17fd43a91266e7ba75f66695597b7cf134a26ee2e7c49775434361e230f1b0,5477ba61c530056816315cd9b054fc99a63e0f3cabc80af64c8041957f266351,d439986787f307282ded253776477912df20125a8d8991fab6e906a7ab645c24
7d0c2f81c2_calibri_font_demo_id_paraid_overflow_2__vs__f0f7d7305e_calibri_font_demo_id_paraid_overflow_redline_b512085c37,clean/docx/7d0c2f81c2_calibri_font_demo_id_paraid_overflow_2,clean/docx/f0f7d7305e_calibri_font_demo_id_paraid_overflow,tracking_without_comments/docx/7d0c2f81c2_calibri_font_demo_id_paraid_overflow_2__vs__f0f7d7305e_calibri_font_demo_id_paraid_overflow_redline_b512085c37.docx,tracking_without_comments/pdf/7d0c2f81c2_calibri_font_demo_id_paraid_overflow_2__vs__f0f7d7305e_calibri_font_demo_id_paraid_overflow_redline_b512085c37.pdf,tracking_without_comments,b512085c37,nocomments,7d0c2f81c22a57a729b7e6e6ec448df6bde0603964bdd1b8a1a89b48a78e0134,f0f7d7305eb2a562f818130370ccf093af1e8b2d5e2e58984260b8b4102b43c8,b512085c37bbc2ad7b179b7f0252c45e5f8d0a7d1c1c3c785cf51f0765c98268,38e934a42c881805b00cf30e6a6f96d8e8b44f2566cdca4b00b433db7f67c227
7dfa52fb98_alternate_content__vs__989d39fe65_anchor_images_redline_9c7c3c5be2,clean/docx/7dfa52fb98_alternate_content,clean/docx/989d39fe65_anchor_images,tracking_without_comments/docx/7dfa52fb98_alternate_content__vs__989d39fe65_anchor_images_redline_9c7c3c5be2.docx,tracking_without_comments/pdf/7dfa52fb98_alternate_content__vs__989d39fe65_anchor_images_redline_9c7c3c5be2.pdf,tracking_without_comments,9c7c3c5be2,nocomments,7dfa52fb98abec6abb77a22df72062ea7c22f37a81b14377e1aeed5d700506fe,989d39fe65a0ff6066495bc72238d57b85df0b3200bb6d773b763d61cacae790,9c7c3c5be2ec08e6480ef28f093f35424ff34250a3186dbb3276c1dde7dfa668,dd64858744af5ff78d8e659e9b095f57b63405d1cb090042def909323a350c22
7e405bc8f2_font_size_12_demo_id_paraid_overflow__vs__93e2be10e6_font_size_18_demo_style_default_missing_redline_83b966e72a,clean/docx/7e405bc8f2_font_size_12_demo_id_paraid_overflow,clean/docx/93e2be10e6_font_size_18_demo_style_default_missing,tracking_without_comments/docx/7e405bc8f2_font_size_12_demo_id_paraid_overflow__vs__93e2be10e6_font_size_18_demo_style_default_missing_redline_83b966e72a.docx,tracking_without_comments/pdf/7e405bc8f2_font_size_12_demo_id_paraid_overflow__vs__93e2be10e6_font_size_18_demo_style_default_missing_redline_83b966e72a.pdf,tracking_without_comments,83b966e72a,word_based_0926,7e405bc8f265c79f1375141cdcdff2924621db66fb88a7e129c78252ffcc8217,93e2be10e64f6559b9d0f410a654d462ac19553975a7520ae3b992b8f1cf8532,83b966e72aa88b87f022720cf965a1d18c4ad20e22201425f04199a06286f20d,939f6825f081491adb3cc15e3db527526744810cb7e37f44f66b7c2eb1cc026f
7e4c9416aa_00803e70c3646e42abab322238df606c847686168795a703__vs__deff0e697a_00b5defcad6e58038eac35472a2d48c89905068e5ece0cc3_redline_28bffdda4c,clean/docx/7e4c9416aa_00803e70c3646e42abab322238df606c847686168795a703,clean/docx/deff0e697a_00b5defcad6e58038eac35472a2d48c89905068e5ece0cc3,tracking_without_comments/docx/7e4c9416aa_00803e70c3646e42abab322238df606c847686168795a703__vs__deff0e697a_00b5defcad6e58038eac35472a2d48c89905068e5ece0cc3_redline_28bffdda4c.docx,tracking_without_comments/pdf/7e4c9416aa_00803e70c3646e42abab322238df606c847686168795a703__vs__deff0e697a_00b5defcad6e58038eac35472a2d48c89905068e5ece0cc3_redline_28bffdda4c.pdf,tracking_without_comments,28bffdda4c,redlines_a100_b10,7e4c9416aa8ae0bc8cd0ca10690278fae2d0efad1a358c828876ebf0b8c47d7c,deff0e697a2dfbcc4a41b9b979b9d9cb54b60ef4c9e5bc588011e6bda3fc0af2,28bffdda4c8c6d4d586fd83a801b96ab9d5d93e9903e06dc7f6af3790645c615,c47dde90f3d7edf982ee2c50615ecd30fee44f15065404aa2e50cb8676e9903c
7e77c2f888_file_120__vs__525c779243_file_121_redline_ec35cc3904,clean/docx/7e77c2f888_file_120,clean/docx/525c779243_file_121,tracking_without_comments/docx/7e77c2f888_file_120__vs__525c779243_file_121_redline_ec35cc3904.docx,tracking_without_comments/pdf/7e77c2f888_file_120__vs__525c779243_file_121_redline_ec35cc3904.pdf,tracking_without_comments,ec35cc3904,word_based_randomized_0926,7e77c2f8884cc0c7645e24ba75f401ebe6e8c4f57a8ab86e407e34a79ba96615,525c779243578266506c8ae4a5385215879736ed491dd40ce2bce2cd526043b1,ec35cc39040798187d396345c5ab18f0f4ffcad769be81f46c06b839053906b5,57d93f82dbed46ed0c041c0b868c8ffadb3aae592c6ef9f17a6d8a14e648a61b
7fd9abba03_file_87__vs__faa7c6b110_file_88_redline_168f905e48,clean/docx/7fd9abba03_file_87,clean/docx/faa7c6b110_file_88,tracking_without_comments/docx/7fd9abba03_file_87__vs__faa7c6b110_file_88_redline_168f905e48.docx,tracking_without_comments/pdf/7fd9abba03_file_87__vs__faa7c6b110_file_88_redline_168f905e48.pdf,tracking_without_comments,168f905e48,word_based_randomized_0926,7fd9abba030cf8665a83fdd940e9940d8f749ba9f0ce94163d308ea4d432e519,faa7c6b1105cd981eca69f65a5f50b0608d3d8df0511f3191b1ec3d01ac77fdc,168f905e48c32fae0f5198668d2f8ae00932757cdd44d175c090e5cefa542e5a,d13e8266e879b01c07271b1f61f512fe4c14ea5c4b5b1e2cb4cbaaee331b2b73
81158d928d_sample_document_afterword_repaired_word_repaired__vs__ba3f04f252_sample_document_really_repaired_word_repaired_redline_2c123533f6,with_comments_tracking/docx/81158d928d_sample_document_afterword_repaired_word_repaired,with_comments_tracking/docx/ba3f04f252_sample_document_really_repaired_word_repaired,with_comments_tracking/docx/81158d928d_sample_document_afterword_repaired_word_repaired__vs__ba3f04f252_sample_document_really_repaired_word_repaired_redline_2c123533f6.docx,with_comments_tracking/pdf/81158d928d_sample_document_afterword_repaired_word_repaired__vs__ba3f04f252_sample_document_really_repaired_word_repaired_redline_2c123533f6.pdf,with_comments_tracking,2c123533f6,word_based_0926,81158d928d3a6fdc2024e714301e86da725f432e1bbeccc0dabca414036ecfd1,ba3f04f25207c4fcfedffaf94668429f74369f90791462775565b50247152953,2c123533f610757689cd18019a4570d69c8f1074f1008fe7776148f2092110ea,ac95039e9602ebcc66f37afa479289946b6eceb994ff87549e35c9d9876eb185
812c0181d7_file_68__vs__4304570867_file_69_redline_b83c047cac,clean/docx/812c0181d7_file_68,with_comments_tracking/docx/4304570867_file_69,with_comments_tracking/docx/812c0181d7_file_68__vs__4304570867_file_69_redline_b83c047cac.docx,with_comments_tracking/pdf/812c0181d7_file_68__vs__4304570867_file_69_redline_b83c047cac.pdf,with_comments_tracking,b83c047cac,word_based_randomized,812c0181d72997225099a06fa8deb99b9831d3f5590bde2cc519d2300c9ac9eb,4304570867a47436123d981a81e66eea8675610d5446e810ef5275a8de83b5e5,b83c047cacd2ab722037c2de0d4d61ea5ec6409ec4d0abe0253abbd3054a55a2,93231f08c224f0cd93db83cc6cc1fb58ca3473c3d45edaa1646b78a9c89383de
8138a2180b_file_145__vs__ac0bcc10fe_file_146_redline_77dfa18528,clean/docx/8138a2180b_file_145,with_comments_tracking/docx/ac0bcc10fe_file_146,with_comments_tracking/docx/8138a2180b_file_145__vs__ac0bcc10fe_file_146_redline_77dfa18528.docx,with_comments_tracking/pdf/8138a2180b_file_145__vs__ac0bcc10fe_file_146_redline_77dfa18528.pdf,with_comments_tracking,77dfa18528,word_based_randomized,8138a2180bc6dd598974f669b700e267ca16f36cdb5dd492391fc5d91dbecc09,ac0bcc10fedd1ecba77178c84f7dcc234bf71fb531ada32d3202cf231466f068,77dfa185282d2ddb5cc884178eb3f187555769045d45ac3030c1f2b3e2611840,f2c12acffa7b9dd26ff045f8ce7d14a9e5522a73f41de8626ac97f5037c26b13
81f7cad226_009fa3f6b717df4d0e9371d67f305110d5096bc9178134b0__vs__aa5340125d_00a4b0b91e9b5b072dc3771391c2d608518690eccf44eae8_redline_efc01e33db,clean/docx/81f7cad226_009fa3f6b717df4d0e9371d67f305110d5096bc9178134b0,clean/docx/aa5340125d_00a4b0b91e9b5b072dc3771391c2d608518690eccf44eae8,tracking_without_comments/docx/81f7cad226_009fa3f6b717df4d0e9371d67f305110d5096bc9178134b0__vs__aa5340125d_00a4b0b91e9b5b072dc3771391c2d608518690eccf44eae8_redline_efc01e33db.docx,tracking_without_comments/pdf/81f7cad226_009fa3f6b717df4d0e9371d67f305110d5096bc9178134b0__vs__aa5340125d_00a4b0b91e9b5b072dc3771391c2d608518690eccf44eae8_redline_efc01e33db.pdf,tracking_without_comments,efc01e33db,redlines_a100_b10,81f7cad226dfe8df2fc38adb1733c31b82ce2a3b194079dce2be31142cd34d35,aa5340125d3bf06891fd59477c734f045cfc5b3d92911d2bbdaf175dae103a1c,efc01e33db063cb347475ef7d49b82ac6d4f1fa0abaa49eee1b626a30d9d91b6,60db1bcd6379fef2706492adc247255c65d89bcc6305ed9168f223d3a5d0fd8a
81f7cad226_009fa3f6b717df4d0e9371d67f305110d5096bc9178134b0__vs__deff0e697a_00b5defcad6e58038eac35472a2d48c89905068e5ece0cc3_redline_4ff9420e2e,clean/docx/81f7cad226_009fa3f6b717df4d0e9371d67f305110d5096bc9178134b0,clean/docx/deff0e697a_00b5defcad6e58038eac35472a2d48c89905068e5ece0cc3,tracking_without_comments/docx/81f7cad226_009fa3f6b717df4d0e9371d67f305110d5096bc9178134b0__vs__deff0e697a_00b5defcad6e58038eac35472a2d48c89905068e5ece0cc3_redline_4ff9420e2e.docx,tracking_without_comments/pdf/81f7cad226_009fa3f6b717df4d0e9371d67f305110d5096bc9178134b0__vs__deff0e697a_00b5defcad6e58038eac35472a2d48c89905068e5ece0cc3_redline_4ff9420e2e.pdf,tracking_without_comments,4ff9420e2e,redlines_a100_b10,81f7cad226dfe8df2fc38adb1733c31b82ce2a3b194079dce2be31142cd34d35,deff0e697a2dfbcc4a41b9b979b9d9cb54b60ef4c9e5bc588011e6bda3fc0af2,4ff9420e2eb5bf137f936d07c325cb46dc925fc04f5b1cd5ef4c524ca179b07e,ccebb53e964abfe72445fdde95794c2fb7a9d53a032c2d34404e1ad1edd92076
82348eef4b_multi_section__vs__756fb54224_potpourritest_redline_ae9547abd2,clean/docx/82348eef4b_multi_section,with_comments_tracking/docx/756fb54224_potpourritest,with_comments_tracking/docx/82348eef4b_multi_section__vs__756fb54224_potpourritest_redline_ae9547abd2.docx,with_comments_tracking/pdf/82348eef4b_multi_section__vs__756fb54224_potpourritest_redline_ae9547abd2.pdf,with_comments_tracking,ae9547abd2,word_based_0926,82348eef4bd7c9a74c050e11e43ba6b4f47f5520814d2e59b5e2c4deb0d2d7d7,756fb54224f599f7b9d8b38696e24c5cea1dff137be13e6dd72c769a6c1a9bda,ae9547abd281811344ec0edd00fc2ff1e9a440399fd19e79d2f1698c353b3c0d,d97e981a0092da9a0b9a61fbe619208a4d2627a3a9d4067fd586b16004c4e399
82348eef4b_multi_section__vs__f7ece685ff_behavior__math_limit_tests_6dc07867_redline_4c9530a4f7,clean/docx/82348eef4b_multi_section,clean/docx/f7ece685ff_behavior__math_limit_tests_6dc07867,tracking_without_comments/docx/82348eef4b_multi_section__vs__f7ece685ff_behavior__math_limit_tests_6dc07867_redline_4c9530a4f7.docx,tracking_without_comments/pdf/82348eef4b_multi_section__vs__f7ece685ff_behavior__math_limit_tests_6dc07867_redline_4c9530a4f7.pdf,tracking_without_comments,4c9530a4f7,word_redlines_superdoc_0926,82348eef4bd7c9a74c050e11e43ba6b4f47f5520814d2e59b5e2c4deb0d2d7d7,f7ece685fff128b143790cf5227716cb808c2086ee1dd44e9e83c43955dc45aa,4c9530a4f753fcb45d71c8e99e3da27fd47c4d5f299fe48e8e01349580b35e7e,9629c4383b1f0c0def5db7b302fec2c62898e51d2a19ffb7acdf4dece1e6184c
82794f31ff_evals__basic_list_b4d9bb45__vs__eb714d5f76_evals__blank_bc294b57_redline_31b13fd92e,clean/docx/82794f31ff_evals__basic_list_b4d9bb45,clean/docx/eb714d5f76_evals__blank_bc294b57,tracking_without_comments/docx/82794f31ff_evals__basic_list_b4d9bb45__vs__eb714d5f76_evals__blank_bc294b57_redline_31b13fd92e.docx,tracking_without_comments/pdf/82794f31ff_evals__basic_list_b4d9bb45__vs__eb714d5f76_evals__blank_bc294b57_redline_31b13fd92e.pdf,tracking_without_comments,31b13fd92e,word_redlines_superdoc,82794f31fff4ada914b27ef8a2617b56d32b6af2f7d68f1f53f8bf7375e1f620,eb714d5f76c1c5e732d2059e63a0cfff5ddccbf61eeb0fc1b9064599dbc20695,31b13fd92e334363f55d40b0cb37e9d28b2a909d0d9ab53f1dfbbc0cfcb32963,44f392e2d4727577a67e79bc881a366364bf35740ef1e21f1cf739b8db63e1b1
82b6024490_eba09f901ffae6c9a565fe0d013e73c75ca8391ebf9af116__vs__ea63b1e6ab_08648d2f8645b144ab3a2701f5f63a1b7b60d23e9bc651bb_redline_09ae9605c6,clean/docx/82b6024490_eba09f901ffae6c9a565fe0d013e73c75ca8391ebf9af116,clean/docx/ea63b1e6ab_08648d2f8645b144ab3a2701f5f63a1b7b60d23e9bc651bb,tracking_without_comments/docx/82b6024490_eba09f901ffae6c9a565fe0d013e73c75ca8391ebf9af116__vs__ea63b1e6ab_08648d2f8645b144ab3a2701f5f63a1b7b60d23e9bc651bb_redline_09ae9605c6.docx,tracking_without_comments/pdf/82b6024490_eba09f901ffae6c9a565fe0d013e73c75ca8391ebf9af116__vs__ea63b1e6ab_08648d2f8645b144ab3a2701f5f63a1b7b60d23e9bc651bb_redline_09ae9605c6.pdf,tracking_without_comments,09ae9605c6,redlines_en_500,82b6024490a858091c715e8a403aa1489a88efbba00138ecec81c8d86b4eb43b,ea63b1e6ab1352e4ebf497e14ca67b51c694c639dd7e21b34873e42b01628e26,09ae9605c63a4347835ed7b9a00a7cb6fcfb47cdc9e547f981a1ce45bc4ecfbf,23bae7f679397b9e5ee297a929872642d680e894ba6809995a7b01d5007016b7
82ee7342fd_file_5__vs__1072677c3a_file_6_redline_70a6883d16,clean/docx/82ee7342fd_file_5,with_comments_tracking/docx/1072677c3a_file_6,with_comments_tracking/docx/82ee7342fd_file_5__vs__1072677c3a_file_6_redline_70a6883d16.docx,with_comments_tracking/pdf/82ee7342fd_file_5__vs__1072677c3a_file_6_redline_70a6883d16.pdf,with_comments_tracking,70a6883d16,word_based_randomized_0926,82ee7342fdec05248415257537c23c2e51cff13f7942c7e8e3ae2de31a7485e2,1072677c3ab4a65ee14dc00742e2033d0fcfdbd1a4d469a397c894f966dff7ff,70a6883d16c71c046d063fe46b02c752dfafd88d8c4f91261ddd82da6628848c,def9de1983e575a2c4f30d385836f6f73a3aab8d7270173aa18fc126c6c4b7f1
830eb0f0a2_file_169__vs__bc85714262_file_170_redline_10358095a4,clean/docx/830eb0f0a2_file_169,with_comments_tracking/docx/bc85714262_file_170,with_comments_tracking/docx/830eb0f0a2_file_169__vs__bc85714262_file_170_redline_10358095a4.docx,with_comments_tracking/pdf/830eb0f0a2_file_169__vs__bc85714262_file_170_redline_10358095a4.pdf,with_comments_tracking,10358095a4,word_based_randomized_0926,830eb0f0a22ac7548c1969e27c08e7a785481b0066bcbeab1667e6f6e90a7d57,bc85714262b2273de33d5aed4d3d361a6b26847bbe576a00d34b24f9f5b3759b,10358095a4a65f3204f126c94e7bfcbbc1601ccc21bb867663c88d16cf657ba7,20ca213e38f92bdd0d2269f869114d40624e4f82cc34686737b86d00ebbdeb0c
836d7aa3c4_file_14__vs__70a28a8258_file_15_redline_a045479a81,with_comments_tracking/docx/836d7aa3c4_file_14,clean/docx/70a28a8258_file_15,with_comments_tracking/docx/836d7aa3c4_file_14__vs__70a28a8258_file_15_redline_a045479a81.docx,with_comments_tracking/pdf/836d7aa3c4_file_14__vs__70a28a8258_file_15_redline_a045479a81.pdf,with_comments_tracking,a045479a81,word_based_randomized,836d7aa3c41881c39377d7d54bdb5f3146c167566128c11de8b4f44304cbd314,70a28a8258b57b7054dccd03e97aebcb238883b9883910ce6cb28f9482caab63,a045479a812994e9daa8637786bd519ea374c1744f8d08be890b8b4e3d105f63,798115b18ad98564b7b7a0d585862f64eba55394961dd421344f57698f8651c8
83799a0610_00bced7d0ce7770362c5b667b5e92abefcbfcf5315a2bbf6__vs__2773adf157_0004c94ca2a8684d47449bb0e7abf87de1df71a7e6543252_redline_f4eef0df39,clean/docx/83799a0610_00bced7d0ce7770362c5b667b5e92abefcbfcf5315a2bbf6,clean/docx/2773adf157_0004c94ca2a8684d47449bb0e7abf87de1df71a7e6543252,tracking_without_comments/docx/83799a0610_00bced7d0ce7770362c5b667b5e92abefcbfcf5315a2bbf6__vs__2773adf157_0004c94ca2a8684d47449bb0e7abf87de1df71a7e6543252_redline_f4eef0df39.docx,tracking_without_comments/pdf/83799a0610_00bced7d0ce7770362c5b667b5e92abefcbfcf5315a2bbf6__vs__2773adf157_0004c94ca2a8684d47449bb0e7abf87de1df71a7e6543252_redline_f4eef0df39.pdf,tracking_without_comments,f4eef0df39,redlines_a100_b10,83799a0610af34eca2c3ba390e0d3d0ef8145caea7168dcd38cd9cd1e2a3b34f,2773adf1573296ac475b3351ac307258686b2779d2b304e0bfc41e3bf1c3c15f,f4eef0df394a784f284e2321fb54f23933c280edb1e1aa0a2bf4d9d3ccfb49a8,324184c38409d54d6a02a065f5ae07d82abdc51873b6726f276f2423a39c1c14
838af02d11_file_173__vs__13ea153d22_file_174_redline_23e03057e6,with_comments_clean/docx/838af02d11_file_173,clean/docx/13ea153d22_file_174,with_comments_tracking/docx/838af02d11_file_173__vs__13ea153d22_file_174_redline_23e03057e6.docx,with_comments_tracking/pdf/838af02d11_file_173__vs__13ea153d22_file_174_redline_23e03057e6.pdf,with_comments_tracking,23e03057e6,word_based_randomized,838af02d11ecc2323e92df146880ff03998a7eb1d19536766af730b6dc4ec9f3,13ea153d223276ede8215875fab6b6f1c9b18a9a249c5026daaca5756d48faa2,23e03057e6a7e16b383acdb61a9acef415ac2f6403810f3d513f884791dce820,81d809a5567b8267c5a6c47680119903e8cbec6fe76c8a94502e7e7c423a2481
840f6a63da_file_4__vs__f141395e21_file_5_redline_56b5a067ab,clean/docx/840f6a63da_file_4,clean/docx/f141395e21_file_5,tracking_without_comments/docx/840f6a63da_file_4__vs__f141395e21_file_5_redline_56b5a067ab.docx,tracking_without_comments/pdf/840f6a63da_file_4__vs__f141395e21_file_5_redline_56b5a067ab.pdf,tracking_without_comments,56b5a067ab,nocomments_randomized,840f6a63da1cf3750a2daa0664ab31f4053792a2a8d7b20bfa5a4527c11bbb60,f141395e212f63c0c31ef0dd048e8a1ca8a17ecf36f7d66ea1eb2d165d9bc735,56b5a067ab8cd9a6ce9801e020f3d65ac65a1e1de716485574b2bdb34cd6c7d5,62079b3c9698afab46dac6899f7a6c815107d3cf756756252e6e28f39f3dfc85
8441c4ae21_sd_2517_localized_heading_styles__vs__7e685cbab1_super_editor__ooxml_underline_rstyle_linked_comb_redline_9bd3b882f8,clean/docx/8441c4ae21_sd_2517_localized_heading_styles,clean/docx/7e685cbab1_super_editor__ooxml_underline_rstyle_linked_comb,tracking_without_comments/docx/8441c4ae21_sd_2517_localized_heading_styles__vs__7e685cbab1_super_editor__ooxml_underline_rstyle_linked_comb_redline_9bd3b882f8.docx,tracking_without_comments/pdf/8441c4ae21_sd_2517_localized_heading_styles__vs__7e685cbab1_super_editor__ooxml_underline_rstyle_linked_comb_redline_9bd3b882f8.pdf,tracking_without_comments,9bd3b882f8,word_redlines_superdoc,8441c4ae21d5c3fce51f5a8aae0d570291af2e0c40191280ad18b0fd371fa78e,7e685cbab1edaee6cf92d80262169acaee2032d18eab90a5309f2d8d510f9e59,9bd3b882f86ddea87b4f41f4ae6b18fc31272e4c665edfeb0edea548affc4e37,63a2216c8470ba7e111d98aecfae7ac1763eb513f8c6b29717057bdd2bddd07a
8441c4ae21_sd_2517_localized_heading_styles__vs__f584285fed_behavior__sd_2672_gridbefore_vmerge_7c895dff_redline_bc8691e22a,clean/docx/8441c4ae21_sd_2517_localized_heading_styles,clean/docx/f584285fed_behavior__sd_2672_gridbefore_vmerge_7c895dff,tracking_without_comments/docx/8441c4ae21_sd_2517_localized_heading_styles__vs__f584285fed_behavior__sd_2672_gridbefore_vmerge_7c895dff_redline_bc8691e22a.docx,tracking_without_comments/pdf/8441c4ae21_sd_2517_localized_heading_styles__vs__f584285fed_behavior__sd_2672_gridbefore_vmerge_7c895dff_redline_bc8691e22a.pdf,tracking_without_comments,bc8691e22a,word_redlines_superdoc,8441c4ae21d5c3fce51f5a8aae0d570291af2e0c40191280ad18b0fd371fa78e,f584285fed7e5b5b071f0cff48479f25f18d8a79759771c5763035c5e22cbb4b,bc8691e22a479457c1948fb66e8f11b2161692d1b294e80a15806048c6c48827,5daf6d3980838ede66ebb9b023ea9bb2179d07dd921676b882bc6c737c8036f4
849eefdb7e_7429fdae0db732bd2f2dbd382964e22d8200733591aa421d__vs__67555165fa_5aaa1b479afe01ccd8430417730f6ce91d16f00d01314895_redline_4699b416f2,clean/docx/849eefdb7e_7429fdae0db732bd2f2dbd382964e22d8200733591aa421d,clean/docx/67555165fa_5aaa1b479afe01ccd8430417730f6ce91d16f00d01314895,tracking_without_comments/docx/849eefdb7e_7429fdae0db732bd2f2dbd382964e22d8200733591aa421d__vs__67555165fa_5aaa1b479afe01ccd8430417730f6ce91d16f00d01314895_redline_4699b416f2.docx,tracking_without_comments/pdf/849eefdb7e_7429fdae0db732bd2f2dbd382964e22d8200733591aa421d__vs__67555165fa_5aaa1b479afe01ccd8430417730f6ce91d16f00d01314895_redline_4699b416f2.pdf,tracking_without_comments,4699b416f2,redlines_en_500,849eefdb7e08da61776c393e6f88231c412ee81e1d2d089f6691ac1a092b2ac4,67555165fa4156a3265f1e739be26b2b5cbe4573afb7e86eca136758be3bc939,4699b416f274e77e50297b28dddbd0dbaa2247453c4f5aeafdc7b1afe9df5136,bc0507f75971b7d8bb2c409a6b654607555c3fa22db88f833bee66398786c434
84b67d8458_file_91__vs__eee49d9614_file_92_redline_5f28b316eb,clean/docx/84b67d8458_file_91,clean/docx/eee49d9614_file_92,tracking_without_comments/docx/84b67d8458_file_91__vs__eee49d9614_file_92_redline_5f28b316eb.docx,tracking_without_comments/pdf/84b67d8458_file_91__vs__eee49d9614_file_92_redline_5f28b316eb.pdf,tracking_without_comments,5f28b316eb,nocomments_randomized,84b67d84581c54e90a12f7bbfdeb2a260211d1da3122f031ea6cb7d4bb5fa151,eee49d9614b7311441687aa6fe0ac312d3e727f2ce28c97dfd56689d612f6f5f,5f28b316ebdd6f29718cfb4c84c963905db7257de66b00d80d95b4d5dce7ce89,63d95e0d81181153f9d2363492b926cb12e33348dac6a506d447ddfbcd25600d
84f5fb598b_super_editor__diff_before11_1b953eaf__vs__7962b06671_super_editor__bookmark_use_cases_d20f31f6_redline_29d3f492fb,with_comments_tracking/docx/84f5fb598b_super_editor__diff_before11_1b953eaf,clean/docx/7962b06671_super_editor__bookmark_use_cases_d20f31f6,with_comments_tracking/docx/84f5fb598b_super_editor__diff_before11_1b953eaf__vs__7962b06671_super_editor__bookmark_use_cases_d20f31f6_redline_29d3f492fb.docx,with_comments_tracking/pdf/84f5fb598b_super_editor__diff_before11_1b953eaf__vs__7962b06671_super_editor__bookmark_use_cases_d20f31f6_redline_29d3f492fb.pdf,with_comments_tracking,29d3f492fb,word_redlines_superdoc_0926,84f5fb598b0b3f898e73d55ab86b54d6be32a7a43403e494351ac9e091051357,7962b06671cee07c1347a70a558069bc14ae082efeb03f4323976cf12d8426f9,29d3f492fb6651da41ad23e45c2234946b08371bd1cd6bf257c90d3c79a18f21,c6676d5f5cdfc7a1401de4a347a7a519c3b088768eaa4d4038d166a8f754ab35
852426b54e_file_194__vs__08147dee09_file_195_redline_077e0aba23,clean/docx/852426b54e_file_194,clean/docx/08147dee09_file_195,tracking_without_comments/docx/852426b54e_file_194__vs__08147dee09_file_195_redline_077e0aba23.docx,tracking_without_comments/pdf/852426b54e_file_194__vs__08147dee09_file_195_redline_077e0aba23.pdf,tracking_without_comments,077e0aba23,word_based_randomized,852426b54e8d4690b4b5f08153f74041bce40b82501fd163e054849ede21f6fc,08147dee09c5e5cd9650adb8f2909a87baca39875cef6927de4e9f8ac3330a76,077e0aba23aa86a887edbd002fdd2f5b25ae7610bf60f6ac14a279161d5851ff,136940e6612554a42f8aa6baf125b724551d3e8df359566303642ec539347897
85692b483f_file_123__vs__0086695f46_file_124_redline_1108cc4aae,with_comments_clean/docx/85692b483f_file_123,tracking_without_comments/docx/0086695f46_file_124,with_comments_tracking/docx/85692b483f_file_123__vs__0086695f46_file_124_redline_1108cc4aae.docx,with_comments_tracking/pdf/85692b483f_file_123__vs__0086695f46_file_124_redline_1108cc4aae.pdf,with_comments_tracking,1108cc4aae,word_based_randomized,85692b483f70d072f57c2338efceecd493fe5212b5b53d8365ec172914ea9553,0086695f46bcb1912ca53e17c95ef5502057acb3c379a40803a8b2a788be2891,1108cc4aae4cd31a322563b41761a1559d2db6b9965ee97fdf45cedefbaeb75d,94cb79378d932142f7d20ea97484ed44996fe85609ea89431e788257b94678d6
86dc9f8b89_d9741e94a77e8a33fb7135c224d58a30ff22d024d8006678__vs__bf59b6619e_f0c319ff40c294c3ca967fc6067d6ba582481a6f2073b112_redline_ddb7863a39,clean/docx/86dc9f8b89_d9741e94a77e8a33fb7135c224d58a30ff22d024d8006678,clean/docx/bf59b6619e_f0c319ff40c294c3ca967fc6067d6ba582481a6f2073b112,tracking_without_comments/docx/86dc9f8b89_d9741e94a77e8a33fb7135c224d58a30ff22d024d8006678__vs__bf59b6619e_f0c319ff40c294c3ca967fc6067d6ba582481a6f2073b112_redline_ddb7863a39.docx,tracking_without_comments/pdf/86dc9f8b89_d9741e94a77e8a33fb7135c224d58a30ff22d024d8006678__vs__bf59b6619e_f0c319ff40c294c3ca967fc6067d6ba582481a6f2073b112_redline_ddb7863a39.pdf,tracking_without_comments,ddb7863a39,redlines_en_500,86dc9f8b892b47653c287822ca578370c5330dce0c80c81ca5fd9f136c22e4da,bf59b6619ec56f610b0600f50f4cfbed08e4d0da29c32c7bc93f711a5504e031,ddb7863a39b8a33917b6bcf6c4b64d9cb4af94e1394e5717236334e829469270,fb38fac582173c7031dbf579046c11d838fbbf0adb2c549389ce05e4751a35fb
8775f4c82d_font_size_24_demo_id_paraid_overflow__vs__145c9e6761_font_size_demo_id_paraid_overflow_redline_b534da972f,clean/docx/8775f4c82d_font_size_24_demo_id_paraid_overflow,clean/docx/145c9e6761_font_size_demo_id_paraid_overflow,tracking_without_comments/docx/8775f4c82d_font_size_24_demo_id_paraid_overflow__vs__145c9e6761_font_size_demo_id_paraid_overflow_redline_b534da972f.docx,tracking_without_comments/pdf/8775f4c82d_font_size_24_demo_id_paraid_overflow__vs__145c9e6761_font_size_demo_id_paraid_overflow_redline_b534da972f.pdf,tracking_without_comments,b534da972f,nocomments,8775f4c82daf41b22362fb3034be1d8a0d0af8e4fd8dfe773c6a039f2158ab56,145c9e676140746b570d1f7f7c1e6bbaf19390e0bc7cc30d229ddb8c3df446d3,b534da972fde8c6060872e044d2816897ca6dae89915c99f0f4ed2a1b601570d,206d88e502f020ff9fbf14e4ac558eb6955ad9221d90abe5a7b7eb1cacdb8482
899ef4306e_0017891576e438292c35db3155e97d16ec0d68144e21bfc3__vs__2773adf157_0004c94ca2a8684d47449bb0e7abf87de1df71a7e6543252_redline_83ba58bf48,clean/docx/899ef4306e_0017891576e438292c35db3155e97d16ec0d68144e21bfc3,clean/docx/2773adf157_0004c94ca2a8684d47449bb0e7abf87de1df71a7e6543252,tracking_without_comments/docx/899ef4306e_0017891576e438292c35db3155e97d16ec0d68144e21bfc3__vs__2773adf157_0004c94ca2a8684d47449bb0e7abf87de1df71a7e6543252_redline_83ba58bf48.docx,tracking_without_comments/pdf/899ef4306e_0017891576e438292c35db3155e97d16ec0d68144e21bfc3__vs__2773adf157_0004c94ca2a8684d47449bb0e7abf87de1df71a7e6543252_redline_83ba58bf48.pdf,tracking_without_comments,83ba58bf48,redlines_a100_b10,899ef4306ea956c329683a27e6d2ba157916b4867662b69e9614b3ebde32662f,2773adf1573296ac475b3351ac307258686b2779d2b304e0bfc41e3bf1c3c15f,83ba58bf488ff51b1152ab3c338f5d639f97715e0e9b1d2558c03c36a93a9e4d,73239e2b2520a08f6b99d16063d52e96b11ac5bc4f3dbbd6471fcc46d4d4d245
899ef4306e_0017891576e438292c35db3155e97d16ec0d68144e21bfc3__vs__aa5340125d_00a4b0b91e9b5b072dc3771391c2d608518690eccf44eae8_redline_33d486ead6,clean/docx/899ef4306e_0017891576e438292c35db3155e97d16ec0d68144e21bfc3,clean/docx/aa5340125d_00a4b0b91e9b5b072dc3771391c2d608518690eccf44eae8,tracking_without_comments/docx/899ef4306e_0017891576e438292c35db3155e97d16ec0d68144e21bfc3__vs__aa5340125d_00a4b0b91e9b5b072dc3771391c2d608518690eccf44eae8_redline_33d486ead6.docx,tracking_without_comments/pdf/899ef4306e_0017891576e438292c35db3155e97d16ec0d68144e21bfc3__vs__aa5340125d_00a4b0b91e9b5b072dc3771391c2d608518690eccf44eae8_redline_33d486ead6.pdf,tracking_without_comments,33d486ead6,redlines_a100_b10,899ef4306ea956c329683a27e6d2ba157916b4867662b69e9614b3ebde32662f,aa5340125d3bf06891fd59477c734f045cfc5b3d92911d2bbdaf175dae103a1c,33d486ead694d3d54d3fe58cae9ad97b72bf7b3abbd1ffb1278060f53201eaaf,8395365d44f2655617cce9a346ac7aaef762c3f68650a564ab0f28df7e5c3d1e
899ef4306e_0017891576e438292c35db3155e97d16ec0d68144e21bfc3__vs__deff0e697a_00b5defcad6e58038eac35472a2d48c89905068e5ece0cc3_redline_e0ba0467a2,clean/docx/899ef4306e_0017891576e438292c35db3155e97d16ec0d68144e21bfc3,clean/docx/deff0e697a_00b5defcad6e58038eac35472a2d48c89905068e5ece0cc3,tracking_without_comments/docx/899ef4306e_0017891576e438292c35db3155e97d16ec0d68144e21bfc3__vs__deff0e697a_00b5defcad6e58038eac35472a2d48c89905068e5ece0cc3_redline_e0ba0467a2.docx,tracking_without_comments/pdf/899ef4306e_0017891576e438292c35db3155e97d16ec0d68144e21bfc3__vs__deff0e697a_00b5defcad6e58038eac35472a2d48c89905068e5ece0cc3_redline_e0ba0467a2.pdf,tracking_without_comments,e0ba0467a2,redlines_a100_b10,899ef4306ea956c329683a27e6d2ba157916b4867662b69e9614b3ebde32662f,deff0e697a2dfbcc4a41b9b979b9d9cb54b60ef4c9e5bc588011e6bda3fc0af2,e0ba0467a27f2cd88fa0bf26724878d546dbb04559853608d462071a6e071df5,9a8d15e22ca7bb685e31eff6a8a9af788773f4b9022c74fca28e608f8a6a3009
89b44c96a7_super_editor__sdts_basic_45263ca5__vs__a21c45464c_super_editor__shape_group_ce60e1e6_redline_9fae55dec1,clean/docx/89b44c96a7_super_editor__sdts_basic_45263ca5,clean/docx/a21c45464c_super_editor__shape_group_ce60e1e6,tracking_without_comments/docx/89b44c96a7_super_editor__sdts_basic_45263ca5__vs__a21c45464c_super_editor__shape_group_ce60e1e6_redline_9fae55dec1.docx,tracking_without_comments/pdf/89b44c96a7_super_editor__sdts_basic_45263ca5__vs__a21c45464c_super_editor__shape_group_ce60e1e6_redline_9fae55dec1.pdf,tracking_without_comments,9fae55dec1,word_redlines_superdoc,89b44c96a733d0add43c2ecaf85083027433450020b1b1866b14d7964d69b298,a21c45464c02e6ff014a1b0a951488548dd8841321aa1c3e087be51c343e4c62,9fae55dec1154bf18dd17eacd098925b5982a656cb25927675667c983dc91fc4,dba6db62d6e2d5c77cd333207432e4d61e98e236f4f4adba71e47a39a416652d
8a553b35e4_super_editor__doc_with_spaces_from_styles_734ca2__vs__0a1badc333_super_editor__missing_sectpr_967a402d_redline_b62cc72658,clean/docx/8a553b35e4_super_editor__doc_with_spaces_from_styles_734ca2,clean/docx/0a1badc333_super_editor__missing_sectpr_967a402d,tracking_without_comments/docx/8a553b35e4_super_editor__doc_with_spaces_from_styles_734ca2__vs__0a1badc333_super_editor__missing_sectpr_967a402d_redline_b62cc72658.docx,tracking_without_comments/pdf/8a553b35e4_super_editor__doc_with_spaces_from_styles_734ca2__vs__0a1badc333_super_editor__missing_sectpr_967a402d_redline_b62cc72658.pdf,tracking_without_comments,b62cc72658,word_redlines_superdoc_0926,8a553b35e4ebd5ffc3ba371a714ccfded53d16a1dd2e4c677e0219371af7fe19,0a1badc3330c202f8f2426014bd27e50ffde042f5344ef49355ceca7f21cd5fa,b62cc72658d1298de21ef9f093ef2ba86b8a1fabc8b02beab10ed7d7fdd3ce82,fb51391f8b1f9912a76759db50a88de6001bf998e324306d893e595d3a5b8214
8a553b35e4_super_editor__doc_with_spaces_from_styles_734ca2__vs__b5a6dd6c66_super_editor__diff_before_019353a2_redline_df196213a7,clean/docx/8a553b35e4_super_editor__doc_with_spaces_from_styles_734ca2,clean/docx/b5a6dd6c66_super_editor__diff_before_019353a2,tracking_without_comments/docx/8a553b35e4_super_editor__doc_with_spaces_from_styles_734ca2__vs__b5a6dd6c66_super_editor__diff_before_019353a2_redline_df196213a7.docx,tracking_without_comments/pdf/8a553b35e4_super_editor__doc_with_spaces_from_styles_734ca2__vs__b5a6dd6c66_super_editor__diff_before_019353a2_redline_df196213a7.pdf,tracking_without_comments,df196213a7,word_redlines_superdoc_0926,8a553b35e4ebd5ffc3ba371a714ccfded53d16a1dd2e4c677e0219371af7fe19,b5a6dd6c66630be8a2de973240ff1f9ac5cec40bd479d8e2e1554e4a02c58021,df196213a7f9ff494b836cb38540760ab293f37ae8f398088832dbbbb5d56478,1e2489dbc396879d44e4871ca1ce4467a3988a2433772b9f6a22f157e915deff
8a553b35e4_super_editor__doc_with_spaces_from_styles_734ca2__vs__de3c6fded9_super_editor__doc_with_spacing_e3d47bd7_redline_e0f213a660,clean/docx/8a553b35e4_super_editor__doc_with_spaces_from_styles_734ca2,clean/docx/de3c6fded9_super_editor__doc_with_spacing_e3d47bd7,tracking_without_comments/docx/8a553b35e4_super_editor__doc_with_spaces_from_styles_734ca2__vs__de3c6fded9_super_editor__doc_with_spacing_e3d47bd7_redline_e0f213a660.docx,tracking_without_comments/pdf/8a553b35e4_super_editor__doc_with_spaces_from_styles_734ca2__vs__de3c6fded9_super_editor__doc_with_spacing_e3d47bd7_redline_e0f213a660.pdf,tracking_without_comments,e0f213a660,word_redlines_superdoc_0926,8a553b35e4ebd5ffc3ba371a714ccfded53d16a1dd2e4c677e0219371af7fe19,de3c6fded9b7463d915e5f2246457a00dd242764ead8aa39dabe0d5846485a6b,e0f213a66036f826f94d6d94590f0b5e331253aac48776a3a311a64ff30108d6,310d916f3bdb6b20aed04f94ab1823c0dabc68ca22a668e93a6da60c51d56abd
8bf3c89c49_roboto_font_demo_id_paraid_overflow_2__vs__80c61daaae_roboto_font_demo_id_paraid_overflow_redline_ac2d091203,clean/docx/8bf3c89c49_roboto_font_demo_id_paraid_overflow_2,clean/docx/80c61daaae_roboto_font_demo_id_paraid_overflow,tracking_without_comments/docx/8bf3c89c49_roboto_font_demo_id_paraid_overflow_2__vs__80c61daaae_roboto_font_demo_id_paraid_overflow_redline_ac2d091203.docx,tracking_without_comments/pdf/8bf3c89c49_roboto_font_demo_id_paraid_overflow_2__vs__80c61daaae_roboto_font_demo_id_paraid_overflow_redline_ac2d091203.pdf,tracking_without_comments,ac2d091203,nocomments,8bf3c89c49787c43a1c36ddf504dbcf2443a8acdfaac163c91ad1ab7b5d3cea2,80c61daaaed71b75a69c7be2c5c67ff8656cf8b675c578a33d1dad887da052d1,ac2d0912036ed7dac2a97f7f38d5a20994cbe444626d19eaa8caf0ffc5246109,7b56edc3737814de3af93d3d30de2e43390324fb057a11dce9854395f14e033c
8c730b5c80_heading_4_right_italic_id_paraid_overflow__vs__00da16e738_heading_4_style_demo_id_paraid_overflow_2_redline_42e2b0605f,clean/docx/8c730b5c80_heading_4_right_italic_id_paraid_overflow,clean/docx/00da16e738_heading_4_style_demo_id_paraid_overflow_2,tracking_without_comments/docx/8c730b5c80_heading_4_right_italic_id_paraid_overflow__vs__00da16e738_heading_4_style_demo_id_paraid_overflow_2_redline_42e2b0605f.docx,tracking_without_comments/pdf/8c730b5c80_heading_4_right_italic_id_paraid_overflow__vs__00da16e738_heading_4_style_demo_id_paraid_overflow_2_redline_42e2b0605f.pdf,tracking_without_comments,42e2b0605f,word_based_0926,8c730b5c808df1f175640178cdcf032812b583daeab263876e77a84ec3adf343,00da16e738e0c65e648f3246a3abb4be8a406ef9a5de68f3e533f2caefba4a5b,42e2b0605f3944a1f5cb4c8dc4824b22daf11630eea0f12a897f88ab031c9e3e,24292e6814c688b61f80e8bfd9a40ee69fe0f02694f40121025222be640a90a0
8c79860f8d_file_75__vs__d87d0dd9a8_file_76_redline_0ba672f125,clean/docx/8c79860f8d_file_75,clean/docx/d87d0dd9a8_file_76,tracking_without_comments/docx/8c79860f8d_file_75__vs__d87d0dd9a8_file_76_redline_0ba672f125.docx,tracking_without_comments/pdf/8c79860f8d_file_75__vs__d87d0dd9a8_file_76_redline_0ba672f125.pdf,tracking_without_comments,0ba672f125,word_based_randomized,8c79860f8d4d8b7cf59a12ed23d9d6bb5c2bdff0b14d25f4ea4cc82a560f6d79,d87d0dd9a8e39258144072d99b30dad1a90437ef535d28f61859a0d79da98581,0ba672f12573601e8b9f2c3a23b525ec2398285c891c8354c08c8b559e331ec2,c9207c35ffffbe139cb94333293d9b8284eb3dcb08df27d86a8e8036812e1fb4
8cd372b814_0193e5015be906eb45df5f7b3ceb682c7ff53cb52f15a0bf__vs__2773adf157_0004c94ca2a8684d47449bb0e7abf87de1df71a7e6543252_redline_18d4bdcfd9,clean/docx/8cd372b814_0193e5015be906eb45df5f7b3ceb682c7ff53cb52f15a0bf,clean/docx/2773adf157_0004c94ca2a8684d47449bb0e7abf87de1df71a7e6543252,tracking_without_comments/docx/8cd372b814_0193e5015be906eb45df5f7b3ceb682c7ff53cb52f15a0bf__vs__2773adf157_0004c94ca2a8684d47449bb0e7abf87de1df71a7e6543252_redline_18d4bdcfd9.docx,tracking_without_comments/pdf/8cd372b814_0193e5015be906eb45df5f7b3ceb682c7ff53cb52f15a0bf__vs__2773adf157_0004c94ca2a8684d47449bb0e7abf87de1df71a7e6543252_redline_18d4bdcfd9.pdf,tracking_without_comments,18d4bdcfd9,redlines_a100_b10,8cd372b814f66fe53a5a354128ec2d16b6e31cbd0dbe268c50544b83ad595f41,2773adf1573296ac475b3351ac307258686b2779d2b304e0bfc41e3bf1c3c15f,18d4bdcfd90b4076dd036dd0f2c17ae9bebd57352715cf868751d26725295a08,2b95ae0c1bd873bdee011a6561c67b75007df3e944de9fe212fc163142ad4949
8cd372b814_0193e5015be906eb45df5f7b3ceb682c7ff53cb52f15a0bf__vs__333bfe069a_003416d620331122b93b434dad901db5836f60d2cad4b533_redline_642d34f1f7,clean/docx/8cd372b814_0193e5015be906eb45df5f7b3ceb682c7ff53cb52f15a0bf,clean/docx/333bfe069a_003416d620331122b93b434dad901db5836f60d2cad4b533,tracking_without_comments/docx/8cd372b814_0193e5015be906eb45df5f7b3ceb682c7ff53cb52f15a0bf__vs__333bfe069a_003416d620331122b93b434dad901db5836f60d2cad4b533_redline_642d34f1f7.docx,tracking_without_comments/pdf/8cd372b814_0193e5015be906eb45df5f7b3ceb682c7ff53cb52f15a0bf__vs__333bfe069a_003416d620331122b93b434dad901db5836f60d2cad4b533_redline_642d34f1f7.pdf,tracking_without_comments,642d34f1f7,redlines_a100_b10,8cd372b814f66fe53a5a354128ec2d16b6e31cbd0dbe268c50544b83ad595f41,333bfe069af9a12a08ef3a6811ef6e3007f1c41d3f1ed9a87816a010e1aaa443,642d34f1f7b31619f98ab60c3ee36747f84687c137047234e25df05050dd74ea,bd68e840e9513db4c593d2c84a63f2d7c2a96f0a16f0913ae7ff34a408451d00
8db63962d9_super_editor__fields_attrs2_fonts_ebd792fb__vs__5c207ef361_super_editor__font_formatting_runs_8be3565a_redline_57cfa10f33,clean/docx/8db63962d9_super_editor__fields_attrs2_fonts_ebd792fb,with_comments_tracking/docx/5c207ef361_super_editor__font_formatting_runs_8be3565a,with_comments_tracking/docx/8db63962d9_super_editor__fields_attrs2_fonts_ebd792fb__vs__5c207ef361_super_editor__font_formatting_runs_8be3565a_redline_57cfa10f33.docx,with_comments_tracking/pdf/8db63962d9_super_editor__fields_attrs2_fonts_ebd792fb__vs__5c207ef361_super_editor__font_formatting_runs_8be3565a_redline_57cfa10f33.pdf,with_comments_tracking,57cfa10f33,word_redlines_superdoc,8db63962d9b0203bba5c557244349b75b9fa0743253ab161d9cb33cf483924d3,5c207ef36163d75545bb797b6e124c1664deb4f7e690045c16e2adbe1625801a,57cfa10f330435709f3a0f988a5d8804e85f3a8fd9683fbe6f2b6311c29b9551,324fc594cd041a1623cea0fe97a1fcd63a1f97fc1d445c3e5b8abd0186d7c512
8e362f619c_001a1c8e7a7ce5a802479fb58bf4affd239449ecb33b64ec__vs__333bfe069a_003416d620331122b93b434dad901db5836f60d2cad4b533_redline_7f408eb035,clean/docx/8e362f619c_001a1c8e7a7ce5a802479fb58bf4affd239449ecb33b64ec,clean/docx/333bfe069a_003416d620331122b93b434dad901db5836f60d2cad4b533,tracking_without_comments/docx/8e362f619c_001a1c8e7a7ce5a802479fb58bf4affd239449ecb33b64ec__vs__333bfe069a_003416d620331122b93b434dad901db5836f60d2cad4b533_redline_7f408eb035.docx,tracking_without_comments/pdf/8e362f619c_001a1c8e7a7ce5a802479fb58bf4affd239449ecb33b64ec__vs__333bfe069a_003416d620331122b93b434dad901db5836f60d2cad4b533_redline_7f408eb035.pdf,tracking_without_comments,7f408eb035,redlines_a100_b10,8e362f619cb18d2c160b55648f46a42e55126484994c877f28458f69d48ae58b,333bfe069af9a12a08ef3a6811ef6e3007f1c41d3f1ed9a87816a010e1aaa443,7f408eb03585daff323b920af16f155c941ffce8fa4683a2315bbbd664bb1f9b,2ef71670e2346318b617f1cfcef300acaaaad7e0f35c9bac59917a67e71b91b7
8e672e0a48_super_editor__complex_list_def_short_export_8fa1__vs__7c87c9cd93_super_editor__complex_list_def_short_fde20a67_redline_05b2ec721b,clean/docx/8e672e0a48_super_editor__complex_list_def_short_export_8fa1,clean/docx/7c87c9cd93_super_editor__complex_list_def_short_fde20a67,tracking_without_comments/docx/8e672e0a48_super_editor__complex_list_def_short_export_8fa1__vs__7c87c9cd93_super_editor__complex_list_def_short_fde20a67_redline_05b2ec721b.docx,tracking_without_comments/pdf/8e672e0a48_super_editor__complex_list_def_short_export_8fa1__vs__7c87c9cd93_super_editor__complex_list_def_short_fde20a67_redline_05b2ec721b.pdf,tracking_without_comments,05b2ec721b,word_redlines_superdoc_0926,8e672e0a485c711211b04ca082d2386bb80af99b1f7005b036c53e4feec6cabe,7c87c9cd93c88ca11c7788d3bc244e3f243c59ed9772a766485862d80629eef7,05b2ec721bff75ca503990bec69101580c7b39f434a0cd2de55e4434471630f5,668eb919cfb149d7f811c17077a8f0b4ab97f02170ea57404d730dfaa9780229
8e8d328cb4_4f0e4693e69502c6d92893ba330618a8e50711e4760e48d9__vs__db5a90d753_1c521aea2a77a591a11c9fa7ed352309eb5bcdfb978a80cb_redline_eec31d3b47,clean/docx/8e8d328cb4_4f0e4693e69502c6d92893ba330618a8e50711e4760e48d9,clean/docx/db5a90d753_1c521aea2a77a591a11c9fa7ed352309eb5bcdfb978a80cb,tracking_without_comments/docx/8e8d328cb4_4f0e4693e69502c6d92893ba330618a8e50711e4760e48d9__vs__db5a90d753_1c521aea2a77a591a11c9fa7ed352309eb5bcdfb978a80cb_redline_eec31d3b47.docx,tracking_without_comments/pdf/8e8d328cb4_4f0e4693e69502c6d92893ba330618a8e50711e4760e48d9__vs__db5a90d753_1c521aea2a77a591a11c9fa7ed352309eb5bcdfb978a80cb_redline_eec31d3b47.pdf,tracking_without_comments,eec31d3b47,redlines_en_500,8e8d328cb4a5cbf3d16c647988f122f6abc612d98d8ab38059985383ee93beab,db5a90d7538b467c74dc42b97047b54b58123a391a21c9017aa98b3a8b9d4f76,eec31d3b47cfc5784025812366f5ae04cafcf0a5d492f6441b9255f8b1178c80,01a1c718bb27fcb4334f683689406dfe42302b9714b0a4a96a33763eda54b4df
8ee210e927_super_editor__missing_separator_41c823b9__vs__668fe0a735_super_editor__ooxml_bold_vals_demo_9e688d8f_redline_684e190acd,clean/docx/8ee210e927_super_editor__missing_separator_41c823b9,clean/docx/668fe0a735_super_editor__ooxml_bold_vals_demo_9e688d8f,tracking_without_comments/docx/8ee210e927_super_editor__missing_separator_41c823b9__vs__668fe0a735_super_editor__ooxml_bold_vals_demo_9e688d8f_redline_684e190acd.docx,tracking_without_comments/pdf/8ee210e927_super_editor__missing_separator_41c823b9__vs__668fe0a735_super_editor__ooxml_bold_vals_demo_9e688d8f_redline_684e190acd.pdf,tracking_without_comments,684e190acd,word_redlines_superdoc,8ee210e92701a39d7034cab45a22e9632d0189c48fbaf3adcbeb742229bf77a7,668fe0a73548bca3d20404934711b92aba33d8abc5d5f389258673aaa1091e64,684e190acd4fe8b0786ca21f33e90f44205c0a542fef2f988729906c9df29ff2,3264ec3b360712571d0bbd50676a4d7416c3e51db4f8b6ea6614775ff3609a30
8ee210e927_super_editor__missing_separator_41c823b9__vs__75aeff4f58_super_editor__diff_after9_a9d4b4b0_redline_3528434041,clean/docx/8ee210e927_super_editor__missing_separator_41c823b9,clean/docx/75aeff4f58_super_editor__diff_after9_a9d4b4b0,tracking_without_comments/docx/8ee210e927_super_editor__missing_separator_41c823b9__vs__75aeff4f58_super_editor__diff_after9_a9d4b4b0_redline_3528434041.docx,tracking_without_comments/pdf/8ee210e927_super_editor__missing_separator_41c823b9__vs__75aeff4f58_super_editor__diff_after9_a9d4b4b0_redline_3528434041.pdf,tracking_without_comments,3528434041,word_redlines_superdoc_0926,8ee210e92701a39d7034cab45a22e9632d0189c48fbaf3adcbeb742229bf77a7,75aeff4f58e78b972d5488a44aadd2c4c0704dd55013fba6dab164aca3716683,3528434041ff857d76b388ac8db325faad048a7e7cb87bdfa5e311f42e5b2ea5,119d2c1313e9db3f7610b71ad291b9986c1aabd1c75d653c05cc93e490a56405
8ef32902e8_file_158__vs__8061e5912f_file_159_redline_8de55978f2,clean/docx/8ef32902e8_file_158,with_comments_clean/docx/8061e5912f_file_159,with_comments_tracking/docx/8ef32902e8_file_158__vs__8061e5912f_file_159_redline_8de55978f2.docx,with_comments_tracking/pdf/8ef32902e8_file_158__vs__8061e5912f_file_159_redline_8de55978f2.pdf,with_comments_tracking,8de55978f2,word_based_randomized,8ef32902e81d8bef813bde6463113bc274806fb705b0fa2d8f7b7369675962cd,8061e5912f4d89a35982e2a683d30a5207294a34666f33f9930d8912923f7490,8de55978f20c6237c881168123ebfb2e7eeb47d8b8e4d13e8da63fab7036783d,b24a838f42dba01d81da232fb1ed6681737d3a2ddd6a47524838638a3bb8e3e3
8eff3a4440_track_changes_editing_bullet_id_paraid_overflow__vs__9afcac2667_track_changes_editing_strikethrough_id_paraid_ov_redline_a4920bc6af,clean/docx/8eff3a4440_track_changes_editing_bullet_id_paraid_overflow,clean/docx/9afcac2667_track_changes_editing_strikethrough_id_paraid_ov,tracking_without_comments/docx/8eff3a4440_track_changes_editing_bullet_id_paraid_overflow__vs__9afcac2667_track_changes_editing_strikethrough_id_paraid_ov_redline_a4920bc6af.docx,tracking_without_comments/pdf/8eff3a4440_track_changes_editing_bullet_id_paraid_overflow__vs__9afcac2667_track_changes_editing_strikethrough_id_paraid_ov_redline_a4920bc6af.pdf,tracking_without_comments,a4920bc6af,nocomments,8eff3a44408e4fcd0f816c931af448b90a417271eb00759196abe5aa97f9b6f6,9afcac2667ce1601f7935aa0affc0993dfacc3efcd4111c4f5adfb454417779e,a4920bc6af7f9c2078856e87cf3304d1f2e0c883dd86fb74c45cbc07f2307450,1dee3765947fe1fe3ad3306469e4444c7e64850e73a85211eaf3f63313f7bc43
8f47b1dc90_file_176__vs__a3586d71f8_file_177_redline_ad917ac52c,with_comments_tracking/docx/8f47b1dc90_file_176,clean/docx/a3586d71f8_file_177,with_comments_tracking/docx/8f47b1dc90_file_176__vs__a3586d71f8_file_177_redline_ad917ac52c.docx,with_comments_tracking/pdf/8f47b1dc90_file_176__vs__a3586d71f8_file_177_redline_ad917ac52c.pdf,with_comments_tracking,ad917ac52c,word_based_randomized,8f47b1dc90965b29e321e8eb333c28d054cffbde20ab5a7e48e38c2a38f51ab2,a3586d71f8bf70d13e1ec3fdfb1439e6f3dff9fcce44d640ed7cae8521f2cfd0,ad917ac52c3898a3796045170dc4698e0bb0a9570f4e64d10c9b1e5f3b91c396,ae287c40778f2eaf9c26f3278a6d60c0312985d007c5cb5a4e3e66de431c22e1
902a69f0e4_super_editor__line_space_table_9b1ee54b__vs__5e5fa9b5fb_super_editor__list_def_mix_d7cec092_redline_062340d04a,clean/docx/902a69f0e4_super_editor__line_space_table_9b1ee54b,clean/docx/5e5fa9b5fb_super_editor__list_def_mix_d7cec092,tracking_without_comments/docx/902a69f0e4_super_editor__line_space_table_9b1ee54b__vs__5e5fa9b5fb_super_editor__list_def_mix_d7cec092_redline_062340d04a.docx,tracking_without_comments/pdf/902a69f0e4_super_editor__line_space_table_9b1ee54b__vs__5e5fa9b5fb_super_editor__list_def_mix_d7cec092_redline_062340d04a.pdf,tracking_without_comments,062340d04a,word_redlines_superdoc_0926,902a69f0e494604996062bb55b2d8baaf57c0217da48c2fa2f5c3d57ce20b364,5e5fa9b5fb5c33f725179bd3b3d9a3d920678d1ab42b4820dcccf2a371dac69f,062340d04a7a469483ca120472746aa5cc9db571a3ed098614b565fb84f7ccf3,0d1c2b8657a1469d15f5a327ff8408bf3982b7da5a2815a1cbecdb03ce5636fc
902a69f0e4_super_editor__line_space_table_9b1ee54b__vs__735c372b41_super_editor__diff_after8_58e5c288_redline_a02879f74f,clean/docx/902a69f0e4_super_editor__line_space_table_9b1ee54b,with_comments_tracking/docx/735c372b41_super_editor__diff_after8_58e5c288,with_comments_tracking/docx/902a69f0e4_super_editor__line_space_table_9b1ee54b__vs__735c372b41_super_editor__diff_after8_58e5c288_redline_a02879f74f.docx,with_comments_tracking/pdf/902a69f0e4_super_editor__line_space_table_9b1ee54b__vs__735c372b41_super_editor__diff_after8_58e5c288_redline_a02879f74f.pdf,with_comments_tracking,a02879f74f,word_redlines_superdoc_0926,902a69f0e494604996062bb55b2d8baaf57c0217da48c2fa2f5c3d57ce20b364,735c372b415f07fb249fbbe6ca2d642009e070efa960a0f7ffce55a93e71f8b0,a02879f74f7c3d6cac2639bcfd2818e34999588eff5fc3a0de96e9ba71a1e308,398c61e0d27ffa58171cdf0f41ff52a68886bcff61f67e099f0ce2f5e99cff31
906753e55b_super_editor__table_c70ca973__vs__3faf9e000d_super_editor__text_color_highlight_36cb4c90_redline_7595764e92,clean/docx/906753e55b_super_editor__table_c70ca973,clean/docx/3faf9e000d_super_editor__text_color_highlight_36cb4c90,tracking_without_comments/docx/906753e55b_super_editor__table_c70ca973__vs__3faf9e000d_super_editor__text_color_highlight_36cb4c90_redline_7595764e92.docx,tracking_without_comments/pdf/906753e55b_super_editor__table_c70ca973__vs__3faf9e000d_super_editor__text_color_highlight_36cb4c90_redline_7595764e92.pdf,tracking_without_comments,7595764e92,word_redlines_superdoc_0926,906753e55b666766c7c005a7b134272eaa0d5563fb9e9345b8fb1750147e14f2,3faf9e000d9d31c500f446e0986965118bcb9cd03e1739243f4fb6b24c3f207b,7595764e92ed571084d3a28549a11e55159c3bff62895b76b4087ee867b8f094,058799b2633b4581efc5b7d5b6dc7bf1d2d10b55e6fe2d71db0918da902fea6b
9082a99ee8_file_164__vs__66b0a9112c_file_165_redline_5ffff64469,clean/docx/9082a99ee8_file_164,clean/docx/66b0a9112c_file_165,tracking_without_comments/docx/9082a99ee8_file_164__vs__66b0a9112c_file_165_redline_5ffff64469.docx,tracking_without_comments/pdf/9082a99ee8_file_164__vs__66b0a9112c_file_165_redline_5ffff64469.pdf,tracking_without_comments,5ffff64469,word_based_randomized,9082a99ee883293b40951b804ac54260b81c94019a7da3b348a00c16dd1b2722,66b0a9112cb8af9fcd5de157eadbf851fabe79b87f83e804d44cfd16f5d4d208,5ffff644698dcd257140912dc6e69516274cd103f6d7346e3cae2fda2da98e01,24ccb09c5d6ada8b6623b467ddb68eed830cdd0596eb389b052bf03281f80bcd
90cef57bac_eigenpal_docx_editor_suggesting_mixed_edits__vs__f644da9aeb_employee_directory_table_2_redline_ff42b4a7a3,with_comments_tracking/docx/90cef57bac_eigenpal_docx_editor_suggesting_mixed_edits,clean/docx/f644da9aeb_employee_directory_table_2,with_comments_tracking/docx/90cef57bac_eigenpal_docx_editor_suggesting_mixed_edits__vs__f644da9aeb_employee_directory_table_2_redline_ff42b4a7a3.docx,with_comments_tracking/pdf/90cef57bac_eigenpal_docx_editor_suggesting_mixed_edits__vs__f644da9aeb_employee_directory_table_2_redline_ff42b4a7a3.pdf,with_comments_tracking,ff42b4a7a3,word_based_0926,90cef57bacad1fe785071de94874f42072ad72e66e811935cd9b6e7c4386aa5b,f644da9aebfa77f98846ab4c480dc107e1d7f0250599191cd4e18ef6ac50e86e,ff42b4a7a376775f4ef4c481a6afb543af9e60db106a309dacc9f08d795c09e5,51a22a75aeb8ad240ffbdf7cf3227d4e89d43844f62ae86dbec96d0f5873b8a0
91440900a0_00189e19139f6e3031303e4152566a7bc08fab71a5c95895__vs__a5f2b9318d_002aa60c2ae1187417b4b157c5ec6450324cc056ec551a12_redline_4b8db8c7a5,clean/docx/91440900a0_00189e19139f6e3031303e4152566a7bc08fab71a5c95895,clean/docx/a5f2b9318d_002aa60c2ae1187417b4b157c5ec6450324cc056ec551a12,tracking_without_comments/docx/91440900a0_00189e19139f6e3031303e4152566a7bc08fab71a5c95895__vs__a5f2b9318d_002aa60c2ae1187417b4b157c5ec6450324cc056ec551a12_redline_4b8db8c7a5.docx,tracking_without_comments/pdf/91440900a0_00189e19139f6e3031303e4152566a7bc08fab71a5c95895__vs__a5f2b9318d_002aa60c2ae1187417b4b157c5ec6450324cc056ec551a12_redline_4b8db8c7a5.pdf,tracking_without_comments,4b8db8c7a5,redlines_a100_b10,91440900a0b004c8e4c1b92b472265cd871815e5c3b3ccd96587f72fb6dda2fd,a5f2b9318d75c4ea4591cd74ee984c4703aa1db45936aef0b3c120e01532bf72,4b8db8c7a532ee7a883772f3294d1db4bdaa1499486b23c0217fe860a1f2ef2e,5ff9add052a7ecaae5e0a41aa801c9ecabc3e4a3d4c75a13696e3365ba5ae277
91b2b8bb84_file_71__vs__a9f3a3c647_file_72_redline_0becba7c16,clean/docx/91b2b8bb84_file_71,clean/docx/a9f3a3c647_file_72,tracking_without_comments/docx/91b2b8bb84_file_71__vs__a9f3a3c647_file_72_redline_0becba7c16.docx,tracking_without_comments/pdf/91b2b8bb84_file_71__vs__a9f3a3c647_file_72_redline_0becba7c16.pdf,tracking_without_comments,0becba7c16,word_based_randomized_0926,91b2b8bb84606832c2452a9cf137b3c88d26986086e4bf673262998b1f58dad5,a9f3a3c647d4ff62296e0e7c5bac5b71f69da47dfe66d7752f1fd4008918a3d0,0becba7c166ce254324e1ee8305ee69ad13c0bf2cf175472a4b0290dc7c0b46c,e5f322a0ab49f36700237ffdb9fce6461e8223ec1622a04500ddc8be6b6d33ec
9224b22b43_file_1__vs__c9154561dc_file_2_redline_1b27e9960e,clean/docx/9224b22b43_file_1,clean/docx/c9154561dc_file_2,tracking_without_comments/docx/9224b22b43_file_1__vs__c9154561dc_file_2_redline_1b27e9960e.docx,tracking_without_comments/pdf/9224b22b43_file_1__vs__c9154561dc_file_2_redline_1b27e9960e.pdf,tracking_without_comments,1b27e9960e,word_based_randomized_0926,9224b22b439dc8a452bffbd9262eb2c9d07d2a2d4865be2a9a64ed8b9c338dbd,c9154561dc4ab4a9eda364d738445e0f8e8d4a178d49f5507ef6e511209b5d1f,1b27e9960eb2c7419cec33638803f2d23cd7b3e7f82506eb71855388d8cf4e2d,ceddd775c0ef0613636d91c5293797ca68a371b236b8b738f26b311d7b14f746
92589c3e37_super_editor__pre_separated_list_bd330d28__vs__382497a0a8_super_editor__python_docx_comment_test_501f21cb_redline_f72e40955d,clean/docx/92589c3e37_super_editor__pre_separated_list_bd330d28,with_comments_clean/docx/382497a0a8_super_editor__python_docx_comment_test_501f21cb,with_comments_tracking/docx/92589c3e37_super_editor__pre_separated_list_bd330d28__vs__382497a0a8_super_editor__python_docx_comment_test_501f21cb_redline_f72e40955d.docx,with_comments_tracking/pdf/92589c3e37_super_editor__pre_separated_list_bd330d28__vs__382497a0a8_super_editor__python_docx_comment_test_501f21cb_redline_f72e40955d.pdf,with_comments_tracking,f72e40955d,word_redlines_superdoc_0926,92589c3e37ea32b60a7c97fc22f30a430eabf4e04ecdd841f94484687e8a301a,382497a0a81a199ad75c37787671eba054fc0f65938810987afe25367f8a087d,f72e40955db7b096f679f277dc15083d043002a7813e0e23bc49e60dece2d70c,3bdc6205fe11eeabcbc81f67bdd4185e8a477a7c47cbe76ec2c182604ab2ab30
9322444a3f_behavior__sd_2888_hyperlink_with_ampersand_aaaac__vs__c4ee483519_tiff_image_redline_3c8e1237e2,clean/docx/9322444a3f_behavior__sd_2888_hyperlink_with_ampersand_aaaac,clean/docx/c4ee483519_tiff_image,tracking_without_comments/docx/9322444a3f_behavior__sd_2888_hyperlink_with_ampersand_aaaac__vs__c4ee483519_tiff_image_redline_3c8e1237e2.docx,tracking_without_comments/pdf/9322444a3f_behavior__sd_2888_hyperlink_with_ampersand_aaaac__vs__c4ee483519_tiff_image_redline_3c8e1237e2.pdf,tracking_without_comments,3c8e1237e2,word_redlines_superdoc,9322444a3fbc7aa587427cdbcd1fedf3c90d331b088f40e66ae01d894a8cc09d,c4ee48351996f12a2a0ddf32667fcf8b5a250fb817df54044b338ec3a09d1a6e,3c8e1237e225c5a7ebf70090c8eedc956590fd7e089c9590559262563878000b,73e54cc592dab8adf5c8ce3139f2f713a3fee316857e66c05b5bf21e3d1c7038
9332d3001f_super_editor__sdpr_titleonly_b0796676__vs__3b639ef236_super_editor__sdpr_8cc15994_redline_d4475f9b62,clean/docx/9332d3001f_super_editor__sdpr_titleonly_b0796676,tracking_without_comments/docx/3b639ef236_super_editor__sdpr_8cc15994,tracking_without_comments/docx/9332d3001f_super_editor__sdpr_titleonly_b0796676__vs__3b639ef236_super_editor__sdpr_8cc15994_redline_d4475f9b62.docx,tracking_without_comments/pdf/9332d3001f_super_editor__sdpr_titleonly_b0796676__vs__3b639ef236_super_editor__sdpr_8cc15994_redline_d4475f9b62.pdf,tracking_without_comments,d4475f9b62,word_redlines_superdoc_0926,9332d3001f952c02739070c3b4f6aff0f13af698bf9937a0f27964ee950efd42,3b639ef236c7bd2a5ebdd6dea1655e69aad72f2db5297cc4e3b64939889dca68,d4475f9b627cb174f4ff72671a56b3aa131c802df8b8463d610b315ddd9eecf6,91239b5f9ca14c0408a811ed16f468f32eb0c39240a619429450ac43c7477a95
9333b7ab9b_customer_satisfaction_survey_q4_suggesting_inser__vs__7166fa4199_document_100_ultimate_demo_id_paraid_overflow_redline_65d959fe82,tracking_without_comments/docx/9333b7ab9b_customer_satisfaction_survey_q4_suggesting_inser,clean/docx/7166fa4199_document_100_ultimate_demo_id_paraid_overflow,tracking_without_comments/docx/9333b7ab9b_customer_satisfaction_survey_q4_suggesting_inser__vs__7166fa4199_document_100_ultimate_demo_id_paraid_overflow_redline_65d959fe82.docx,tracking_without_comments/pdf/9333b7ab9b_customer_satisfaction_survey_q4_suggesting_inser__vs__7166fa4199_document_100_ultimate_demo_id_paraid_overflow_redline_65d959fe82.pdf,tracking_without_comments,65d959fe82,word_based;fixtures_word_compares,9333b7ab9bbc05fa4cf4b31be7d4c88d0b353d59a45805159886e62fbc26a107,7166fa41995f83da5e2b3431142778d292c3eac2b71cf31b9c14d97e076aae3d,65d959fe82c6b31f99b59128cc4f2ccb97ab12b4cdd6123bfabc572a7457d1a5,e7875a1d6e0978c9a8f4e83ce938dccf15dee3ebe65a5a1c4c678ba6d25b42e3
93477c6068_contract_review_suggesting_mixed_edits__vs__9333b7ab9b_customer_satisfaction_survey_q4_suggesting_inser_redline_8b97fbb240,tracking_without_comments/docx/93477c6068_contract_review_suggesting_mixed_edits,tracking_without_comments/docx/9333b7ab9b_customer_satisfaction_survey_q4_suggesting_inser,tracking_without_comments/docx/93477c6068_contract_review_suggesting_mixed_edits__vs__9333b7ab9b_customer_satisfaction_survey_q4_suggesting_inser_redline_8b97fbb240.docx,tracking_without_comments/pdf/93477c6068_contract_review_suggesting_mixed_edits__vs__9333b7ab9b_customer_satisfaction_survey_q4_suggesting_inser_redline_8b97fbb240.pdf,tracking_without_comments,8b97fbb240,word_based;fixtures_word_compares,93477c60688a8233ec6ab531d0f4d54f45fcf0c6165fcf75662020667bc9f2b1,9333b7ab9bbc05fa4cf4b31be7d4c88d0b353d59a45805159886e62fbc26a107,8b97fbb240baa2e80650413296b75db90ab478c292c2a01bb00e4ca14d573e70,b1d0647e36690ba3b12af4d17efd172879f458e843c47c43e5b7e5a43ec5dcdb
9402f06dc1_file_190__vs__4bac537e7b_file_191_redline_6ed0c9374c,clean/docx/9402f06dc1_file_190,tracking_without_comments/docx/4bac537e7b_file_191,tracking_without_comments/docx/9402f06dc1_file_190__vs__4bac537e7b_file_191_redline_6ed0c9374c.docx,tracking_without_comments/pdf/9402f06dc1_file_190__vs__4bac537e7b_file_191_redline_6ed0c9374c.pdf,tracking_without_comments,6ed0c9374c,nocomments_randomized,9402f06dc13933740d0160ba98933caeb63d6114bf04af66660b7fce43564b8d,4bac537e7bb90482dfaf7f0cd136605667add440764b1aed9ce0d6309f5066b4,6ed0c9374c41aaf32d6bea24fd003312ed8500c346e1acb407d2db8ac23adfd1,88c0e21038a22069586cb327a98990d836029999e27f61828c1d5e3f393597eb
95505e5cea_876134303c497ac4ec8cd8084f7098d889bc610b52d17afd__vs__578d5e0fb7_419db1f41a38dff07043e939caa1bc48ac1cb0c0fa157c15_redline_d3f2b808b2,clean/docx/95505e5cea_876134303c497ac4ec8cd8084f7098d889bc610b52d17afd,clean/docx/578d5e0fb7_419db1f41a38dff07043e939caa1bc48ac1cb0c0fa157c15,tracking_without_comments/docx/95505e5cea_876134303c497ac4ec8cd8084f7098d889bc610b52d17afd__vs__578d5e0fb7_419db1f41a38dff07043e939caa1bc48ac1cb0c0fa157c15_redline_d3f2b808b2.docx,tracking_without_comments/pdf/95505e5cea_876134303c497ac4ec8cd8084f7098d889bc610b52d17afd__vs__578d5e0fb7_419db1f41a38dff07043e939caa1bc48ac1cb0c0fa157c15_redline_d3f2b808b2.pdf,tracking_without_comments,d3f2b808b2,redlines_en_500,95505e5cea9ddca55a91bb47acdf93a428864c40af3700dad06dfbc77e4fe871,578d5e0fb7ca35c8254e3cb9c062697e6c01063e4d5bce460a0e066dc41f78f9,d3f2b808b2043c378d36b1e5b9a658289da698c1524677e1bbfc66dc7536d7ae,086b70c94e9c5bf8e79de8f763deaa9bb7c306af6aef8e286ea9a886a098d3dc
9586202517_super_editor__two_column_two_page_0b8a37c5__vs__7b076416b0_sectpr_headerref_redline_9b9d92c881,clean/docx/9586202517_super_editor__two_column_two_page_0b8a37c5,clean/docx/7b076416b0_sectpr_headerref,tracking_without_comments/docx/9586202517_super_editor__two_column_two_page_0b8a37c5__vs__7b076416b0_sectpr_headerref_redline_9b9d92c881.docx,tracking_without_comments/pdf/9586202517_super_editor__two_column_two_page_0b8a37c5__vs__7b076416b0_sectpr_headerref_redline_9b9d92c881.pdf,tracking_without_comments,9b9d92c881,word_redlines_superdoc_0926,9586202517924f614956275ca36797ab7431fc3b5e6c29328949e3db3c373468,7b076416b0851459c1f293be0936cd30fd52078877bd34b75cc781fdc3e851f8,9b9d92c881d7cf494a366c19a2399b6ff5e90204cf3095230ac833003e75a988,b6856772f70fe5a230920dc560a499d583f4034deab973153d369f4729c1737b
95c855b9a0_001671bbb68c5b9ebebebfc8be69252ccc195babb3129278__vs__2e04202552_000e3e7bd2d6215fc7b469cc3e296c1b2a510bc1abc7e0fd_redline_c56e84eaea,clean/docx/95c855b9a0_001671bbb68c5b9ebebebfc8be69252ccc195babb3129278,clean/docx/2e04202552_000e3e7bd2d6215fc7b469cc3e296c1b2a510bc1abc7e0fd,tracking_without_comments/docx/95c855b9a0_001671bbb68c5b9ebebebfc8be69252ccc195babb3129278__vs__2e04202552_000e3e7bd2d6215fc7b469cc3e296c1b2a510bc1abc7e0fd_redline_c56e84eaea.docx,tracking_without_comments/pdf/95c855b9a0_001671bbb68c5b9ebebebfc8be69252ccc195babb3129278__vs__2e04202552_000e3e7bd2d6215fc7b469cc3e296c1b2a510bc1abc7e0fd_redline_c56e84eaea.pdf,tracking_without_comments,c56e84eaea,redlines_a100_b10,95c855b9a08106d32e3f4db2e8b8da7dd5492c64f8369e4d905ee3c85b0c0efb,2e042025528818822ef7f3ccf73977ae3e3e7cff864682b5c0060083284d8ae7,c56e84eaea33137ee487dedaa6ed6ae6bf877b9029560837d6fbd64cd3fca918,b4b75df4027a5ea1381d64e13e0d0e76b2466cb654519c2418ffa0945f7d1dec
95c855b9a0_001671bbb68c5b9ebebebfc8be69252ccc195babb3129278__vs__342f364d46_001342333d45627868f4dc5282abbba4598a91b4a7584b08_redline_c7a0e469ba,clean/docx/95c855b9a0_001671bbb68c5b9ebebebfc8be69252ccc195babb3129278,clean/docx/342f364d46_001342333d45627868f4dc5282abbba4598a91b4a7584b08,tracking_without_comments/docx/95c855b9a0_001671bbb68c5b9ebebebfc8be69252ccc195babb3129278__vs__342f364d46_001342333d45627868f4dc5282abbba4598a91b4a7584b08_redline_c7a0e469ba.docx,tracking_without_comments/pdf/95c855b9a0_001671bbb68c5b9ebebebfc8be69252ccc195babb3129278__vs__342f364d46_001342333d45627868f4dc5282abbba4598a91b4a7584b08_redline_c7a0e469ba.pdf,tracking_without_comments,c7a0e469ba,redlines_a100_b10,95c855b9a08106d32e3f4db2e8b8da7dd5492c64f8369e4d905ee3c85b0c0efb,342f364d460e7110bddf317847edec68f000c5c839e45722965da43da8abe7ba,c7a0e469ba42a9fbab4eca78da607962ba737a4e7803cb46b194f7f147cc5ab7,2119a8460422becda8ab0b0018b5917d9cec1469b4438f2b3f59bbd422c6bdce
95c855b9a0_001671bbb68c5b9ebebebfc8be69252ccc195babb3129278__vs__aa5340125d_00a4b0b91e9b5b072dc3771391c2d608518690eccf44eae8_redline_ded01ca406,clean/docx/95c855b9a0_001671bbb68c5b9ebebebfc8be69252ccc195babb3129278,clean/docx/aa5340125d_00a4b0b91e9b5b072dc3771391c2d608518690eccf44eae8,tracking_without_comments/docx/95c855b9a0_001671bbb68c5b9ebebebfc8be69252ccc195babb3129278__vs__aa5340125d_00a4b0b91e9b5b072dc3771391c2d608518690eccf44eae8_redline_ded01ca406.docx,tracking_without_comments/pdf/95c855b9a0_001671bbb68c5b9ebebebfc8be69252ccc195babb3129278__vs__aa5340125d_00a4b0b91e9b5b072dc3771391c2d608518690eccf44eae8_redline_ded01ca406.pdf,tracking_without_comments,ded01ca406,redlines_a100_b10,95c855b9a08106d32e3f4db2e8b8da7dd5492c64f8369e4d905ee3c85b0c0efb,aa5340125d3bf06891fd59477c734f045cfc5b3d92911d2bbdaf175dae103a1c,ded01ca4067e68aef92e457333e99cc94cd14ae6c7b66cc07cdc27f60d0ebefe,3ed52ed9fc7a9019661eeea081c19bc167d0a019f87ed735b270da0d4b41d252
963d40d5f8_employee_review_john_smith_suggesting_insertions__vs__93485182eb_font_color_blue_demo_style_default_missing_redline_5b160c491f,tracking_without_comments/docx/963d40d5f8_employee_review_john_smith_suggesting_insertions,clean/docx/93485182eb_font_color_blue_demo_style_default_missing,tracking_without_comments/docx/963d40d5f8_employee_review_john_smith_suggesting_insertions__vs__93485182eb_font_color_blue_demo_style_default_missing_redline_5b160c491f.docx,tracking_without_comments/pdf/963d40d5f8_employee_review_john_smith_suggesting_insertions__vs__93485182eb_font_color_blue_demo_style_default_missing_redline_5b160c491f.pdf,tracking_without_comments,5b160c491f,word_based_0926,963d40d5f87f51adfc6077b4c8ff8059ea87e674814e3619b2784e403932d488,93485182eb92c7b39da67c4bce4e661ba7fa3f8d8dd828e2c9e6f0565bcf684a,5b160c491f3080f1a7505e3b651637bef9af525d896800823857af2614fd9628,933739ad2244869608a79b122328c01476b998683b73a3c2f3ec643c982af7e8
96a0ee0e8f_004b3b3dd84014405562584f62d67267b9a7993e21b974e8__vs__333bfe069a_003416d620331122b93b434dad901db5836f60d2cad4b533_redline_c4a18d1d66,clean/docx/96a0ee0e8f_004b3b3dd84014405562584f62d67267b9a7993e21b974e8,clean/docx/333bfe069a_003416d620331122b93b434dad901db5836f60d2cad4b533,tracking_without_comments/docx/96a0ee0e8f_004b3b3dd84014405562584f62d67267b9a7993e21b974e8__vs__333bfe069a_003416d620331122b93b434dad901db5836f60d2cad4b533_redline_c4a18d1d66.docx,tracking_without_comments/pdf/96a0ee0e8f_004b3b3dd84014405562584f62d67267b9a7993e21b974e8__vs__333bfe069a_003416d620331122b93b434dad901db5836f60d2cad4b533_redline_c4a18d1d66.pdf,tracking_without_comments,c4a18d1d66,redlines_a100_b10,96a0ee0e8fbda67f6763a6558399fc380609e04a57c990192cef81e5197fd8b3,333bfe069af9a12a08ef3a6811ef6e3007f1c41d3f1ed9a87816a010e1aaa443,c4a18d1d66c0e614aba86081b60a98ebbfb8fa4138fbc45dec79277a6c22638c,0758382cc007da0d4cdca429064a45068068cc86c824adfebe37f3368879e78a
96a0ee0e8f_004b3b3dd84014405562584f62d67267b9a7993e21b974e8__vs__342f364d46_001342333d45627868f4dc5282abbba4598a91b4a7584b08_redline_24835ef22b,clean/docx/96a0ee0e8f_004b3b3dd84014405562584f62d67267b9a7993e21b974e8,clean/docx/342f364d46_001342333d45627868f4dc5282abbba4598a91b4a7584b08,tracking_without_comments/docx/96a0ee0e8f_004b3b3dd84014405562584f62d67267b9a7993e21b974e8__vs__342f364d46_001342333d45627868f4dc5282abbba4598a91b4a7584b08_redline_24835ef22b.docx,tracking_without_comments/pdf/96a0ee0e8f_004b3b3dd84014405562584f62d67267b9a7993e21b974e8__vs__342f364d46_001342333d45627868f4dc5282abbba4598a91b4a7584b08_redline_24835ef22b.pdf,tracking_without_comments,24835ef22b,redlines_a100_b10,96a0ee0e8fbda67f6763a6558399fc380609e04a57c990192cef81e5197fd8b3,342f364d460e7110bddf317847edec68f000c5c839e45722965da43da8abe7ba,24835ef22b03bb37e4c34094218538e25e568127e78faf7dbc920eb891667993,27e7279035d40ec4519a4420de7da2b1ba0e7b7e9badbda9e112d569982bca8c
970e9bbbcc_behavior__math_all_objects_36ab389c__vs__735c372b41_super_editor__diff_after8_58e5c288_redline_2a64722aad,clean/docx/970e9bbbcc_behavior__math_all_objects_36ab389c,with_comments_tracking/docx/735c372b41_super_editor__diff_after8_58e5c288,with_comments_tracking/docx/970e9bbbcc_behavior__math_all_objects_36ab389c__vs__735c372b41_super_editor__diff_after8_58e5c288_redline_2a64722aad.docx,with_comments_tracking/pdf/970e9bbbcc_behavior__math_all_objects_36ab389c__vs__735c372b41_super_editor__diff_after8_58e5c288_redline_2a64722aad.pdf,with_comments_tracking,2a64722aad,word_redlines_superdoc_0926,970e9bbbcc5bf3ed59b4380a0751edb32df3cfee7e0f82aa37fb78e95949d930,735c372b415f07fb249fbbe6ca2d642009e070efa960a0f7ffce55a93e71f8b0,2a64722aad6b762b87d2ba9e9efb06f6a69f0bba9b4651dd484a1dff73aae7c1,ac8b2fc437b63ef84cc07af6fa436c8935dc23c0993af2238cc944407611a8a6
970fd9303f_sample_document_word_repair_of_our_output_word_r__vs__e355cec096_small_font_size_demo_id_paraid_overflow_redline_aa31228e52,with_comments_tracking/docx/970fd9303f_sample_document_word_repair_of_our_output_word_r,clean/docx/e355cec096_small_font_size_demo_id_paraid_overflow,with_comments_tracking/docx/970fd9303f_sample_document_word_repair_of_our_output_word_r__vs__e355cec096_small_font_size_demo_id_paraid_overflow_redline_aa31228e52.docx,with_comments_tracking/pdf/970fd9303f_sample_document_word_repair_of_our_output_word_r__vs__e355cec096_small_font_size_demo_id_paraid_overflow_redline_aa31228e52.pdf,with_comments_tracking,aa31228e52,word_based,970fd9303fea9db53f7022fec1d758684df7f19f8d4230585664c620c53ed1fd,e355cec096dd1c799f1ebd35fe0c1df21d30d3a83e4f1098cf0c595b456b9585,aa31228e52980053765900db398d09dae579adab517efe6041caa6ed18187531,6c90bd074252d42a2b66131ba43d3757272f2f9dedcda692b45f3c589c5ba31c
97b2e714de_super_editor__broken_list_7e9b9bf7__vs__b389f55091_super_editor__comment_23ee5ec1_redline_4a9a8d0b4a,clean/docx/97b2e714de_super_editor__broken_list_7e9b9bf7,with_comments_clean/docx/b389f55091_super_editor__comment_23ee5ec1,with_comments_tracking/docx/97b2e714de_super_editor__broken_list_7e9b9bf7__vs__b389f55091_super_editor__comment_23ee5ec1_redline_4a9a8d0b4a.docx,with_comments_tracking/pdf/97b2e714de_super_editor__broken_list_7e9b9bf7__vs__b389f55091_super_editor__comment_23ee5ec1_redline_4a9a8d0b4a.pdf,with_comments_tracking,4a9a8d0b4a,word_redlines_superdoc,97b2e714de4fceed31d3ff478a1e14b571c97472317c85ad28a205df5d68a387,b389f55091c9e482ad04f75d2bb5b151c96be01b8e21a33cc0517a0fa14b9e9c,4a9a8d0b4a239f14757afde3ddb41da9d4e27200f790775634a779c6307e502c,7415d965d5c8cef18c77d1d4fcdc1682aeb256d6db1cd6fba9a9be30b1efee34
97c3dd2e86_docx_lots_of_comments_addition_redline_addition__vs__9f5481078e_docx_lots_of_comments_addition_redline_redline_2d65e392ab,with_comments_tracking/docx/97c3dd2e86_docx_lots_of_comments_addition_redline_addition,with_comments_tracking/docx/9f5481078e_docx_lots_of_comments_addition_redline,with_comments_tracking/docx/97c3dd2e86_docx_lots_of_comments_addition_redline_addition__vs__9f5481078e_docx_lots_of_comments_addition_redline_redline_2d65e392ab.docx,with_comments_tracking/pdf/97c3dd2e86_docx_lots_of_comments_addition_redline_addition__vs__9f5481078e_docx_lots_of_comments_addition_redline_redline_2d65e392ab.pdf,with_comments_tracking,2d65e392ab,word_based,97c3dd2e86042004dc47de484879f3a98b2cd1aa7cce1779f8bd418ea76bf8d3,9f5481078ec701cea00f1a04b2677344c454fa9ff6898ad8ff434f25b0b3b87d,2d65e392ab5a648576f0993d63bd87fef8c9237780c79db5e0b8babf09f23c5b,1c9d6453097b10e21bd9c10b3ab6ec7e6d09002427a2cc381763f924b89e6c24
99de296dd9_d750f6832de5fbe3c2768cf0c77499282cd00aec6f32de44__vs__04eed6fc4e_e08b0400d03db8bedddf7081144e66822f032e841429f60c_redline_0cc9882662,clean/docx/99de296dd9_d750f6832de5fbe3c2768cf0c77499282cd00aec6f32de44,clean/docx/04eed6fc4e_e08b0400d03db8bedddf7081144e66822f032e841429f60c,tracking_without_comments/docx/99de296dd9_d750f6832de5fbe3c2768cf0c77499282cd00aec6f32de44__vs__04eed6fc4e_e08b0400d03db8bedddf7081144e66822f032e841429f60c_redline_0cc9882662.docx,tracking_without_comments/pdf/99de296dd9_d750f6832de5fbe3c2768cf0c77499282cd00aec6f32de44__vs__04eed6fc4e_e08b0400d03db8bedddf7081144e66822f032e841429f60c_redline_0cc9882662.pdf,tracking_without_comments,0cc9882662,redlines_en_500,99de296dd9201936bc591f5e26572f39c0a37435a2b019039f399eb086738dbd,04eed6fc4e3320ddf3983a17b06fa171cfa82f5c6c05cb2ae9684c338535515d,0cc9882662e04059da05a6b9108c02642081c366166f046dcc3b529b3bfe1abc,cc1eea2b6a84375925fe242c5f1ae1c04aa6558dfb06868a50a28bdb91250752
99ef71ea03_542e3ea40461fc38266dadcfd11cd70e7e73056bfbfe20ba__vs__a3d29116c7_408da7917b268255aeb2819722dec6670c9a85c84bf4cd57_redline_ab8d070a28,clean/docx/99ef71ea03_542e3ea40461fc38266dadcfd11cd70e7e73056bfbfe20ba,clean/docx/a3d29116c7_408da7917b268255aeb2819722dec6670c9a85c84bf4cd57,tracking_without_comments/docx/99ef71ea03_542e3ea40461fc38266dadcfd11cd70e7e73056bfbfe20ba__vs__a3d29116c7_408da7917b268255aeb2819722dec6670c9a85c84bf4cd57_redline_ab8d070a28.docx,tracking_without_comments/pdf/99ef71ea03_542e3ea40461fc38266dadcfd11cd70e7e73056bfbfe20ba__vs__a3d29116c7_408da7917b268255aeb2819722dec6670c9a85c84bf4cd57_redline_ab8d070a28.pdf,tracking_without_comments,ab8d070a28,redlines_en_500,99ef71ea03236b037aef54d24e50aa20adf9f9d686db75c43972b887f9525405,a3d29116c77374dbab1307f2b0bec5d8418930aa620065ddafba9c69364477b9,ab8d070a28c7aee34bea94d18ca60c03d9d1daabf821dafaaf3555d0d0238f60,d696a197e6144e46a554bbcfe30c118758d98c68216683d2ad3b3756f1c70c8e
9b9fce74d9_super_editor__basic_list_0fcfe705__vs__301e302820_super_editor__basic_page_nums_d5b08fc3_redline_1743e156b7,clean/docx/9b9fce74d9_super_editor__basic_list_0fcfe705,clean/docx/301e302820_super_editor__basic_page_nums_d5b08fc3,tracking_without_comments/docx/9b9fce74d9_super_editor__basic_list_0fcfe705__vs__301e302820_super_editor__basic_page_nums_d5b08fc3_redline_1743e156b7.docx,tracking_without_comments/pdf/9b9fce74d9_super_editor__basic_list_0fcfe705__vs__301e302820_super_editor__basic_page_nums_d5b08fc3_redline_1743e156b7.pdf,tracking_without_comments,1743e156b7,word_redlines_superdoc,9b9fce74d99253e66707cf7da0fab65b4816cad355a4248bb7198464b02002b0,301e30282020b00675b4e4eb1a7abf66a2b5d43579109b7ad8e90a15e5b9a937,1743e156b70dc08d663aeca2002e2b05f671ac01cfaf0886acd08846feef9306,0e1d7a3b01a56a5132e4f774fc283d589894148616a7228ab9f524bdda61847f
9bf625ba95_file_19__vs__2bf4db734d_file_20_redline_6dee5896b8,with_comments_tracking/docx/9bf625ba95_file_19,clean/docx/2bf4db734d_file_20,with_comments_tracking/docx/9bf625ba95_file_19__vs__2bf4db734d_file_20_redline_6dee5896b8.docx,with_comments_tracking/pdf/9bf625ba95_file_19__vs__2bf4db734d_file_20_redline_6dee5896b8.pdf,with_comments_tracking,6dee5896b8,word_based_randomized,9bf625ba95111feb1a9636062193b0a0ddcb9ddc142c3ed27ef6584100e3349e,2bf4db734d5696018f5ddf12a20978eebec1030914d64c68eb3da9ec2ac19bf8,6dee5896b8ab05f868d5c8fde39bf3bcb9229eab81eff393428b43b105df4866,551e34ea94dc13b7a492ad1d5593e3827b550e25fd0eaac4b6f80534f8b81d89
9c1fb4747e_super_editor__sd_1495_auto_page_break_854a2dd9__vs__14211b982b_super_editor__simple_ordered_list_8288421a_redline_be40dcd167,clean/docx/9c1fb4747e_super_editor__sd_1495_auto_page_break_854a2dd9,clean/docx/14211b982b_super_editor__simple_ordered_list_8288421a,tracking_without_comments/docx/9c1fb4747e_super_editor__sd_1495_auto_page_break_854a2dd9__vs__14211b982b_super_editor__simple_ordered_list_8288421a_redline_be40dcd167.docx,tracking_without_comments/pdf/9c1fb4747e_super_editor__sd_1495_auto_page_break_854a2dd9__vs__14211b982b_super_editor__simple_ordered_list_8288421a_redline_be40dcd167.pdf,tracking_without_comments,be40dcd167,word_redlines_superdoc_0926,9c1fb4747e714e40493a82f7e4597d3e410fbdab8ea06c87eef2c6cf6f533649,14211b982bacf715eba71bb4665d7b745d68922ba3882180a2117b5acf337924,be40dcd167dc22ebd3e572f9c73355cb86981560241f5923dc2e3a16ec306083,04f89fd25f97d5fa896d18a2f117a5023e0e998cb4994dd5a41019bc3588eb54
9e0990025d_ab2ba6df285c5028ab883fc37c7c79ee8738e9425ef98fdd__vs__d8a845238d_56a26572796fbc6d2df49d9b938ef980a763b004e1afff57_redline_62ea9c3e48,clean/docx/9e0990025d_ab2ba6df285c5028ab883fc37c7c79ee8738e9425ef98fdd,clean/docx/d8a845238d_56a26572796fbc6d2df49d9b938ef980a763b004e1afff57,tracking_without_comments/docx/9e0990025d_ab2ba6df285c5028ab883fc37c7c79ee8738e9425ef98fdd__vs__d8a845238d_56a26572796fbc6d2df49d9b938ef980a763b004e1afff57_redline_62ea9c3e48.docx,tracking_without_comments/pdf/9e0990025d_ab2ba6df285c5028ab883fc37c7c79ee8738e9425ef98fdd__vs__d8a845238d_56a26572796fbc6d2df49d9b938ef980a763b004e1afff57_redline_62ea9c3e48.pdf,tracking_without_comments,62ea9c3e48,redlines_en_500,9e0990025d1b5c0214fce56843520d893a85770951e8b3257312c0f05472296d,d8a845238d42c0cd7f47c1504f5969d7c73d65e99a279b14da6f24e2190265e8,62ea9c3e4850f5cbabebe5f845da3b381f169e7972767f8f91831a47c2da46c7,dfa0307b87d4056adce8d85ddfeb890aeb787bc50dc2b08fec36de98d1359ff4
9ea920c636_710d9d68ef90cbd901510c07ae7fed61173f872e9dbea061__vs__0acde9d23e_50be95cde73c1d9b994d6c75c6d2f67f7b4c6cdf0e13ba30_redline_0e7956b306,clean/docx/9ea920c636_710d9d68ef90cbd901510c07ae7fed61173f872e9dbea061,clean/docx/0acde9d23e_50be95cde73c1d9b994d6c75c6d2f67f7b4c6cdf0e13ba30,tracking_without_comments/docx/9ea920c636_710d9d68ef90cbd901510c07ae7fed61173f872e9dbea061__vs__0acde9d23e_50be95cde73c1d9b994d6c75c6d2f67f7b4c6cdf0e13ba30_redline_0e7956b306.docx,tracking_without_comments/pdf/9ea920c636_710d9d68ef90cbd901510c07ae7fed61173f872e9dbea061__vs__0acde9d23e_50be95cde73c1d9b994d6c75c6d2f67f7b4c6cdf0e13ba30_redline_0e7956b306.pdf,tracking_without_comments,0e7956b306,redlines_en_500,9ea920c636958dcf22b46fce4fa080d16e12f1fc661557036e73581c8dbfb377,0acde9d23e546c867f5174c15f1fd332661089918af6dcfc1439d609db04ddc9,0e7956b3063446682603a0e566f8ad206c3b27c56d6c03441200efbaa6e3b84e,d32736c39eba7263ed1fd9071d1005e64dc8eb205325294d429b5eebdade8b27
9ef2a93274_super_editor__tab_alignment_test_184edb5d__vs__37f61a9c26_super_editor__tab_test_576c8317_redline_eb889d8159,clean/docx/9ef2a93274_super_editor__tab_alignment_test_184edb5d,clean/docx/37f61a9c26_super_editor__tab_test_576c8317,tracking_without_comments/docx/9ef2a93274_super_editor__tab_alignment_test_184edb5d__vs__37f61a9c26_super_editor__tab_test_576c8317_redline_eb889d8159.docx,tracking_without_comments/pdf/9ef2a93274_super_editor__tab_alignment_test_184edb5d__vs__37f61a9c26_super_editor__tab_test_576c8317_redline_eb889d8159.pdf,tracking_without_comments,eb889d8159,word_redlines_superdoc,9ef2a93274657b68d770fb411b1a1a531c6986507668a9bcf7d1d6e68f6d8dd0,37f61a9c2673eeb958ca537e719f0bf87a93a7f3d51bef63c9ab7bc546d141e1,eb889d815987677d8675f25c8a393c32dc39fadb25bd18d700acc0b52785304d,566240344dcdca62f80faf627dfd9a11cce2c437b737cd41d000fedfe43ee664
9f5481078e_docx_lots_of_comments_addition_redline__vs__ee9bfc2650_docx_lots_of_comments_addition_removal_redline_r_redline_60e784f2de,with_comments_tracking/docx/9f5481078e_docx_lots_of_comments_addition_redline,with_comments_tracking/docx/ee9bfc2650_docx_lots_of_comments_addition_removal_redline_r,with_comments_clean/docx/9f5481078e_docx_lots_of_comments_addition_redline__vs__ee9bfc2650_docx_lots_of_comments_addition_removal_redline_r_redline_60e784f2de.docx,with_comments_clean/pdf/9f5481078e_docx_lots_of_comments_addition_redline__vs__ee9bfc2650_docx_lots_of_comments_addition_removal_redline_r_redline_60e784f2de.pdf,with_comments_clean,60e784f2de,word_based_0926,9f5481078ec701cea00f1a04b2677344c454fa9ff6898ad8ff434f25b0b3b87d,ee9bfc2650503dac359a7411fac700c01b07b0684989f81c91cbbf4fde6c4084,60e784f2deb5beb0894b30fd9456582388d8c92d45b161d8612461f6ef7cb449,8cb7f2530c0c11e159bc4142d5654af52c705d11c5eb890b6fd5a412cf22936a
9f6091a4ac_super_editor__threaded_comment_27bda0ba__vs__5fa01813d3_super_editor__basic_table_shading_d3212ffd_redline_67d0b6f3e8,with_comments_clean/docx/9f6091a4ac_super_editor__threaded_comment_27bda0ba,clean/docx/5fa01813d3_super_editor__basic_table_shading_d3212ffd,with_comments_tracking/docx/9f6091a4ac_super_editor__threaded_comment_27bda0ba__vs__5fa01813d3_super_editor__basic_table_shading_d3212ffd_redline_67d0b6f3e8.docx,with_comments_tracking/pdf/9f6091a4ac_super_editor__threaded_comment_27bda0ba__vs__5fa01813d3_super_editor__basic_table_shading_d3212ffd_redline_67d0b6f3e8.pdf,with_comments_tracking,67d0b6f3e8,word_redlines_superdoc,9f6091a4acb46fd48d2ecccf39c7c6589ef05f809613c7ec0691f8eced701484,5fa01813d3e774758918c880bd1228e72a47d2a3ea575403007127afb07dee59,67d0b6f3e8d8d5bbee987b41ce8d1ab112ed3f362422e593c5790bd147bfe526,14c5cad239aebaca583d1785b534dc7bbcbf052c1349a57e3fa925535cc04514
9f6091a4ac_super_editor__threaded_comment_27bda0ba__vs__776a437291_behavior__two_column_simple_e77be963_redline_a954a57308,with_comments_clean/docx/9f6091a4ac_super_editor__threaded_comment_27bda0ba,clean/docx/776a437291_behavior__two_column_simple_e77be963,with_comments_tracking/docx/9f6091a4ac_super_editor__threaded_comment_27bda0ba__vs__776a437291_behavior__two_column_simple_e77be963_redline_a954a57308.docx,with_comments_tracking/pdf/9f6091a4ac_super_editor__threaded_comment_27bda0ba__vs__776a437291_behavior__two_column_simple_e77be963_redline_a954a57308.pdf,with_comments_tracking,a954a57308,word_redlines_superdoc_0926,9f6091a4acb46fd48d2ecccf39c7c6589ef05f809613c7ec0691f8eced701484,776a437291fbdd2cbb1e57ce6cecdf61c9b64338a26d1c69456f4ad1d411480d,a954a5730845193d126095108f4ff07e143d265f9273ae4acecc8c6c6ac529d1,52cd30c0b050f109767e357420145bd80597e9ad98c44f9cf134a6aa62a7e0dc
9f6091a4ac_super_editor__threaded_comment_27bda0ba__vs__84f5fb598b_super_editor__diff_before11_1b953eaf_redline_621637d747,with_comments_clean/docx/9f6091a4ac_super_editor__threaded_comment_27bda0ba,with_comments_tracking/docx/84f5fb598b_super_editor__diff_before11_1b953eaf,with_comments_tracking/docx/9f6091a4ac_super_editor__threaded_comment_27bda0ba__vs__84f5fb598b_super_editor__diff_before11_1b953eaf_redline_621637d747.docx,with_comments_tracking/pdf/9f6091a4ac_super_editor__threaded_comment_27bda0ba__vs__84f5fb598b_super_editor__diff_before11_1b953eaf_redline_621637d747.pdf,with_comments_tracking,621637d747,word_redlines_superdoc,9f6091a4acb46fd48d2ecccf39c7c6589ef05f809613c7ec0691f8eced701484,84f5fb598b0b3f898e73d55ab86b54d6be32a7a43403e494351ac9e091051357,621637d747614227d2dc2ff9e4a4f8b48f399eca92c8d24bc44e30aa852fceb9,4d0ba4b68980075e7dac233e979b46211d7071efeb6a3cf14da2e43ccd6c3349
9f6091a4ac_super_editor__threaded_comment_27bda0ba__vs__b3028f2d5b_super_editor__super_basic_table_86d8d916_redline_7643096759,with_comments_clean/docx/9f6091a4ac_super_editor__threaded_comment_27bda0ba,clean/docx/b3028f2d5b_super_editor__super_basic_table_86d8d916,with_comments_tracking/docx/9f6091a4ac_super_editor__threaded_comment_27bda0ba__vs__b3028f2d5b_super_editor__super_basic_table_86d8d916_redline_7643096759.docx,with_comments_tracking/pdf/9f6091a4ac_super_editor__threaded_comment_27bda0ba__vs__b3028f2d5b_super_editor__super_basic_table_86d8d916_redline_7643096759.pdf,with_comments_tracking,7643096759,word_redlines_superdoc_0926,9f6091a4acb46fd48d2ecccf39c7c6589ef05f809613c7ec0691f8eced701484,b3028f2d5bda28ff14e2587a0c5a3f2fe6b1af0e54d890b0d578681a61eb4a44,76430967591578e51fac5a32a0c5438f2e30693084acd3cd8ed2d752fc994d0b,fbfc55248eaa3a128325a89e8b5808319766b366508294687c4856779e55311f
a04e2d2749_ooxml_style_link__vs__20d2e7d58b_word_tolerated_misplaced_pgsz_redline_bb42b4d0bc,clean/docx/a04e2d2749_ooxml_style_link,clean/docx/20d2e7d58b_word_tolerated_misplaced_pgsz,tracking_without_comments/docx/a04e2d2749_ooxml_style_link__vs__20d2e7d58b_word_tolerated_misplaced_pgsz_redline_bb42b4d0bc.docx,tracking_without_comments/pdf/a04e2d2749_ooxml_style_link__vs__20d2e7d58b_word_tolerated_misplaced_pgsz_redline_bb42b4d0bc.pdf,tracking_without_comments,bb42b4d0bc,word_based,a04e2d2749b0c44d0f42f1af8d8a8207b998f00d729e138c60881bcc41f89dea,20d2e7d58b36391feec18f1b5169c8bb3e4dce433c57d8db5c3cba7f22927d1c,bb42b4d0bc7e53357228eaf69e1ec4e8700c9c509583b18409eccf5212e569a4,dbdd94122d9411bb619c620c2c32b46c069e5df347c794b7c9a9c66b4902003a
a05bc8ec1e_6a5a823e4b6c60f55c050bed1862157fdf0f6f0b5fe13270__vs__be78c8a0fa_1be4351e1649f465bb69547fd96d875eae05a5136b1a65e5_redline_0633bf5b61,clean/docx/a05bc8ec1e_6a5a823e4b6c60f55c050bed1862157fdf0f6f0b5fe13270,clean/docx/be78c8a0fa_1be4351e1649f465bb69547fd96d875eae05a5136b1a65e5,tracking_without_comments/docx/a05bc8ec1e_6a5a823e4b6c60f55c050bed1862157fdf0f6f0b5fe13270__vs__be78c8a0fa_1be4351e1649f465bb69547fd96d875eae05a5136b1a65e5_redline_0633bf5b61.docx,tracking_without_comments/pdf/a05bc8ec1e_6a5a823e4b6c60f55c050bed1862157fdf0f6f0b5fe13270__vs__be78c8a0fa_1be4351e1649f465bb69547fd96d875eae05a5136b1a65e5_redline_0633bf5b61.pdf,tracking_without_comments,0633bf5b61,redlines_en_500,a05bc8ec1e3e18dd7bfe2da8b658573858e05a36866fd23909ba02e037cfcc44,be78c8a0fab2cf7cd1eab20b38eec8b355177b33ccdad2eaa4efe778466d9f7b,0633bf5b6127b317efe24585e691bd777b9ebad4f12b6c3fd5d9dd73b7883234,ae08766b2167e27ff5161131df971ebf03c4f9fc7d928c82313e6f78f4f6f338
a0738533be_gdocs_comments_export__vs__199cb211b5_super_editor__basic_footnotes_5be96945_redline_6b7f035223,with_comments_clean/docx/a0738533be_gdocs_comments_export,clean/docx/199cb211b5_super_editor__basic_footnotes_5be96945,with_comments_tracking/docx/a0738533be_gdocs_comments_export__vs__199cb211b5_super_editor__basic_footnotes_5be96945_redline_6b7f035223.docx,with_comments_tracking/pdf/a0738533be_gdocs_comments_export__vs__199cb211b5_super_editor__basic_footnotes_5be96945_redline_6b7f035223.pdf,with_comments_tracking,6b7f035223,word_redlines_superdoc_0926,a0738533be8803c151b6b7c4ed4b01fc95568e638c3d23cf0ba527cd6e5a0290,199cb211b57215664082e0678ebf75a853cd99648468474b1ec353f468e07424,6b7f03522369bf1fc8bca821251a6699ac5be545e07056c6ac26fc9eab4c4e41,4719fefdcb5837f8bb8b294409163b319499837362f35fc77c1f238b1967cbfc
a0738533be_gdocs_comments_export__vs__2a69e1ce5c_green_bold_text_demo_id_paraid_overflow_redline_b4c606bf91,with_comments_clean/docx/a0738533be_gdocs_comments_export,clean/docx/2a69e1ce5c_green_bold_text_demo_id_paraid_overflow,with_comments_tracking/docx/a0738533be_gdocs_comments_export__vs__2a69e1ce5c_green_bold_text_demo_id_paraid_overflow_redline_b4c606bf91.docx,with_comments_tracking/pdf/a0738533be_gdocs_comments_export__vs__2a69e1ce5c_green_bold_text_demo_id_paraid_overflow_redline_b4c606bf91.pdf,with_comments_tracking,b4c606bf91,word_based;fixtures_word_compares,a0738533be8803c151b6b7c4ed4b01fc95568e638c3d23cf0ba527cd6e5a0290,2a69e1ce5cb0173c9076e2e27f355808fc7d8550762e53551a68f361570eb4c5,b4c606bf91d14f710e41249ed8404b84a7baf4cd67d16179cf813e48abe6666c,6fb6a26b932a034c00972eb93239e7f9a56e3e354d0c7e3c57bf110aeab4c88b
a0738533be_gdocs_comments_export__vs__d5a56cdeb3_super_editor__gdocs_single_comment_ac5db87f_redline_745218f254,with_comments_clean/docx/a0738533be_gdocs_comments_export,with_comments_clean/docx/d5a56cdeb3_super_editor__gdocs_single_comment_ac5db87f,with_comments_tracking/docx/a0738533be_gdocs_comments_export__vs__d5a56cdeb3_super_editor__gdocs_single_comment_ac5db87f_redline_745218f254.docx,with_comments_tracking/pdf/a0738533be_gdocs_comments_export__vs__d5a56cdeb3_super_editor__gdocs_single_comment_ac5db87f_redline_745218f254.pdf,with_comments_tracking,745218f254,word_redlines_superdoc,a0738533be8803c151b6b7c4ed4b01fc95568e638c3d23cf0ba527cd6e5a0290,d5a56cdeb36f45c6c2ba42505eef5fcf33c9c1602ab7fb838fcac2306a6aa1e2,745218f254e5fe6a65b32f005db777ee4075106325f4c335876999e829d21dac,86a081321448b9244cc46380839b81efc5ab7444bc637851769f534cd404b2b5
a0e6a09304_super_editor__diff_after11_1d5b767f__vs__3e50084c2e_super_editor__diff_after16_2a48697a_redline_63ec3a403e,with_comments_tracking/docx/a0e6a09304_super_editor__diff_after11_1d5b767f,clean/docx/3e50084c2e_super_editor__diff_after16_2a48697a,with_comments_tracking/docx/a0e6a09304_super_editor__diff_after11_1d5b767f__vs__3e50084c2e_super_editor__diff_after16_2a48697a_redline_63ec3a403e.docx,with_comments_tracking/pdf/a0e6a09304_super_editor__diff_after11_1d5b767f__vs__3e50084c2e_super_editor__diff_after16_2a48697a_redline_63ec3a403e.pdf,with_comments_tracking,63ec3a403e,word_redlines_superdoc,a0e6a09304c1db2a072fa7106be65e1dde5896f480fc438fe72d1ea855c5507f,3e50084c2ea1a424fa8ebcccfd81d78e39448254062d0470bcc99b1590668fbc,63ec3a403ea28d2a16f1af4de1873486674c2be6f986b9937779d51ea8763833,429dc917914d3b38a766460c6b329040ebdd6a03c9424a30ad7b2d8aec6cab27
a0e6a09304_super_editor__diff_after11_1d5b767f__vs__e844ea2053_evals__table_doc_4d728d83_redline_8d0b00bb0a,with_comments_tracking/docx/a0e6a09304_super_editor__diff_after11_1d5b767f,clean/docx/e844ea2053_evals__table_doc_4d728d83,with_comments_tracking/docx/a0e6a09304_super_editor__diff_after11_1d5b767f__vs__e844ea2053_evals__table_doc_4d728d83_redline_8d0b00bb0a.docx,with_comments_tracking/pdf/a0e6a09304_super_editor__diff_after11_1d5b767f__vs__e844ea2053_evals__table_doc_4d728d83_redline_8d0b00bb0a.pdf,with_comments_tracking,8d0b00bb0a,word_redlines_superdoc_0926,a0e6a09304c1db2a072fa7106be65e1dde5896f480fc438fe72d1ea855c5507f,e844ea2053e6c59a6685834b5c901ac9fba472e925337b59e46e746fbde36d35,8d0b00bb0a4288302ca362d3a56be09152c99654da32412ab917606c9d263224,7c5b2644d2505d3d6452add44abe1abc9f3d03ad0ac38abf1d7c82565a2cadec
a1551a906b_1a3a95a9ba03f43f29ed1dbf1def67eeb040e544a3ab4d37__vs__3fe78a5e78_2794a33c2407f6663c9e91aeb706c5ca41ef485d54a6474b_redline_d3b5939138,clean/docx/a1551a906b_1a3a95a9ba03f43f29ed1dbf1def67eeb040e544a3ab4d37,clean/docx/3fe78a5e78_2794a33c2407f6663c9e91aeb706c5ca41ef485d54a6474b,tracking_without_comments/docx/a1551a906b_1a3a95a9ba03f43f29ed1dbf1def67eeb040e544a3ab4d37__vs__3fe78a5e78_2794a33c2407f6663c9e91aeb706c5ca41ef485d54a6474b_redline_d3b5939138.docx,tracking_without_comments/pdf/a1551a906b_1a3a95a9ba03f43f29ed1dbf1def67eeb040e544a3ab4d37__vs__3fe78a5e78_2794a33c2407f6663c9e91aeb706c5ca41ef485d54a6474b_redline_d3b5939138.pdf,tracking_without_comments,d3b5939138,redlines_en_500,a1551a906bd9db989a75d6df41041d0be3dcee5c4622e15783aa7ce9d80b4de4,3fe78a5e780fe45f6527cef34dc4454df4234dcc1c37c35f1ec628ebea025bcf,d3b593913898880605745eb8f0c7d48de45b99f7944c2c70271aa30b285fe2ba,2126ae161c00dc531d34032745d69ff7af47893f48032899bd7f5ad46ee93b5d
a1dd2e1369_increase_indent_demo_id_paraid_overflow__vs__6a909493e9_insert_link_demo_id_paraid_overflow_redline_a151dfccc4,clean/docx/a1dd2e1369_increase_indent_demo_id_paraid_overflow,clean/docx/6a909493e9_insert_link_demo_id_paraid_overflow,tracking_without_comments/docx/a1dd2e1369_increase_indent_demo_id_paraid_overflow__vs__6a909493e9_insert_link_demo_id_paraid_overflow_redline_a151dfccc4.docx,tracking_without_comments/pdf/a1dd2e1369_increase_indent_demo_id_paraid_overflow__vs__6a909493e9_insert_link_demo_id_paraid_overflow_redline_a151dfccc4.pdf,tracking_without_comments,a151dfccc4,nocomments,a1dd2e1369a3e5b9d749207cad4a07ccbc27b91a96b3333777214473105d9038,6a909493e9d235cf6cdfe86725b2097a857db3dfccc0b07f3a309bd58198bb8d,a151dfccc41cfface4543e67e9360386d190675e285b402a72e5f2a88b45b542,28eaa8ac3626bca49952ea0df4bb62444d4e2bba5667ed0567350c895a4b9836
a21c45464c_super_editor__shape_group_ce60e1e6__vs__14211b982b_super_editor__simple_ordered_list_8288421a_redline_7d2b2ee4c8,clean/docx/a21c45464c_super_editor__shape_group_ce60e1e6,clean/docx/14211b982b_super_editor__simple_ordered_list_8288421a,tracking_without_comments/docx/a21c45464c_super_editor__shape_group_ce60e1e6__vs__14211b982b_super_editor__simple_ordered_list_8288421a_redline_7d2b2ee4c8.docx,tracking_without_comments/pdf/a21c45464c_super_editor__shape_group_ce60e1e6__vs__14211b982b_super_editor__simple_ordered_list_8288421a_redline_7d2b2ee4c8.pdf,tracking_without_comments,7d2b2ee4c8,word_redlines_superdoc_0926,a21c45464c02e6ff014a1b0a951488548dd8841321aa1c3e087be51c343e4c62,14211b982bacf715eba71bb4665d7b745d68922ba3882180a2117b5acf337924,7d2b2ee4c80e7c5dadaad04e1607c500a4ba7c831e903c841898719da43865e0,5e34c8aea1a44a9cf7079c3e7b63826a9892e523d8b66b2c1af00620df68d5f5
a248dd803d_file_86__vs__28d139cbd3_file_87_redline_5c20ddfb6b,clean/docx/a248dd803d_file_86,clean/docx/28d139cbd3_file_87,tracking_without_comments/docx/a248dd803d_file_86__vs__28d139cbd3_file_87_redline_5c20ddfb6b.docx,tracking_without_comments/pdf/a248dd803d_file_86__vs__28d139cbd3_file_87_redline_5c20ddfb6b.pdf,tracking_without_comments,5c20ddfb6b,nocomments_randomized,a248dd803d0246f9becdc0233fc8b3175170f883ba1358cafe0e5570b687d44d,28d139cbd3f47a66ea3a9707b61900fc35918a1d543e43ca920338bc0a650894,5c20ddfb6bebb04a55327c565d88c2911583d6cef62a1c3a83b23bd34202ecc3,4ece58f09f533032aae397ef996498a003f123d7256abcfafb101445ca178d2b
a3df367231_001a6655d72fbecf6a1d10e479eee052a779d6ba1d0848d7__vs__a5f2b9318d_002aa60c2ae1187417b4b157c5ec6450324cc056ec551a12_redline_7c91c539fa,clean/docx/a3df367231_001a6655d72fbecf6a1d10e479eee052a779d6ba1d0848d7,clean/docx/a5f2b9318d_002aa60c2ae1187417b4b157c5ec6450324cc056ec551a12,tracking_without_comments/docx/a3df367231_001a6655d72fbecf6a1d10e479eee052a779d6ba1d0848d7__vs__a5f2b9318d_002aa60c2ae1187417b4b157c5ec6450324cc056ec551a12_redline_7c91c539fa.docx,tracking_without_comments/pdf/a3df367231_001a6655d72fbecf6a1d10e479eee052a779d6ba1d0848d7__vs__a5f2b9318d_002aa60c2ae1187417b4b157c5ec6450324cc056ec551a12_redline_7c91c539fa.pdf,tracking_without_comments,7c91c539fa,redlines_a100_b10,a3df36723119d329eaa93254ff320b23cbef4e130bcf31d929f823ea6e0233ae,a5f2b9318d75c4ea4591cd74ee984c4703aa1db45936aef0b3c120e01532bf72,7c91c539fa185c3652415f98f4e1dfb362bf140f35fe2adf6d3a59a525bfce87,aa5273c85ce88a7b21ecb9d1852e6ceac937e54230261b67a40069142f04ed56
a3df367231_001a6655d72fbecf6a1d10e479eee052a779d6ba1d0848d7__vs__aa5340125d_00a4b0b91e9b5b072dc3771391c2d608518690eccf44eae8_redline_76b093bc91,clean/docx/a3df367231_001a6655d72fbecf6a1d10e479eee052a779d6ba1d0848d7,clean/docx/aa5340125d_00a4b0b91e9b5b072dc3771391c2d608518690eccf44eae8,tracking_without_comments/docx/a3df367231_001a6655d72fbecf6a1d10e479eee052a779d6ba1d0848d7__vs__aa5340125d_00a4b0b91e9b5b072dc3771391c2d608518690eccf44eae8_redline_76b093bc91.docx,tracking_without_comments/pdf/a3df367231_001a6655d72fbecf6a1d10e479eee052a779d6ba1d0848d7__vs__aa5340125d_00a4b0b91e9b5b072dc3771391c2d608518690eccf44eae8_redline_76b093bc91.pdf,tracking_without_comments,76b093bc91,redlines_a100_b10,a3df36723119d329eaa93254ff320b23cbef4e130bcf31d929f823ea6e0233ae,aa5340125d3bf06891fd59477c734f045cfc5b3d92911d2bbdaf175dae103a1c,76b093bc914b7509b3a640f7d499f8bb432b9bb4da4ccec360d7fd2372b2100b,66ec7c1aca08c7d7dfd688c280691870cd3aab99adb4cce65e8a934113eaf0c0
a3df367231_001a6655d72fbecf6a1d10e479eee052a779d6ba1d0848d7__vs__bd3824dd1e_000ee64ef7226d353297888f59a251e24ce5d776fea000fa_redline_e9bf31a541,clean/docx/a3df367231_001a6655d72fbecf6a1d10e479eee052a779d6ba1d0848d7,clean/docx/bd3824dd1e_000ee64ef7226d353297888f59a251e24ce5d776fea000fa,tracking_without_comments/docx/a3df367231_001a6655d72fbecf6a1d10e479eee052a779d6ba1d0848d7__vs__bd3824dd1e_000ee64ef7226d353297888f59a251e24ce5d776fea000fa_redline_e9bf31a541.docx,tracking_without_comments/pdf/a3df367231_001a6655d72fbecf6a1d10e479eee052a779d6ba1d0848d7__vs__bd3824dd1e_000ee64ef7226d353297888f59a251e24ce5d776fea000fa_redline_e9bf31a541.pdf,tracking_without_comments,e9bf31a541,redlines_a100_b10,a3df36723119d329eaa93254ff320b23cbef4e130bcf31d929f823ea6e0233ae,bd3824dd1e5554e7b0a8c3ab90f434599e047ff8de6ec85a04be794d32919bdf,e9bf31a541ea3a5b792e37918037739f760b6734ca6012afb712e235de4821f3,74042440959450fdf027ab9bb237bd24a8279c91155ba2adc196766455a9843b
a4ebc0e89c_0016d88a731db087feb2e28e8bfc163c1fe94df0ee048d55__vs__2773adf157_0004c94ca2a8684d47449bb0e7abf87de1df71a7e6543252_redline_6ba792365c,clean/docx/a4ebc0e89c_0016d88a731db087feb2e28e8bfc163c1fe94df0ee048d55,clean/docx/2773adf157_0004c94ca2a8684d47449bb0e7abf87de1df71a7e6543252,tracking_without_comments/docx/a4ebc0e89c_0016d88a731db087feb2e28e8bfc163c1fe94df0ee048d55__vs__2773adf157_0004c94ca2a8684d47449bb0e7abf87de1df71a7e6543252_redline_6ba792365c.docx,tracking_without_comments/pdf/a4ebc0e89c_0016d88a731db087feb2e28e8bfc163c1fe94df0ee048d55__vs__2773adf157_0004c94ca2a8684d47449bb0e7abf87de1df71a7e6543252_redline_6ba792365c.pdf,tracking_without_comments,6ba792365c,redlines_a100_b10,a4ebc0e89c98cdc719b531b6320b924fbfba2684a1d1482517afb64575389be3,2773adf1573296ac475b3351ac307258686b2779d2b304e0bfc41e3bf1c3c15f,6ba792365c581257f55b40941c856332009f35becbaf619b620ad04e382f7950,b11bf005340966015c888ae519c910b395b829d12503039b782906c7e1e48338
a5903a7c15_super_editor__pci_table_dc840852__vs__501bf3d47b_super_editor__table_merged_cells_9c349334_redline_482ad62e2c,clean/docx/a5903a7c15_super_editor__pci_table_dc840852,clean/docx/501bf3d47b_super_editor__table_merged_cells_9c349334,tracking_without_comments/docx/a5903a7c15_super_editor__pci_table_dc840852__vs__501bf3d47b_super_editor__table_merged_cells_9c349334_redline_482ad62e2c.docx,tracking_without_comments/pdf/a5903a7c15_super_editor__pci_table_dc840852__vs__501bf3d47b_super_editor__table_merged_cells_9c349334_redline_482ad62e2c.pdf,tracking_without_comments,482ad62e2c,word_redlines_superdoc,a5903a7c150da9ccd93cf0d9141c17061f61dbd4b0a8dbf084b7bc54eb14d675,501bf3d47bb2701f6fe0908cf6ee55e4ac4dc4b7d598d7ecbeb70b3839a185ce,482ad62e2c64776108eb49e16a3705fa3c891f392acf04c4120acbe25e2677b4,547e48099ae9b6d0e6ededd35a4177a994a7639895207971cf7b1cf7d62a5e84
a5eb266a1f_016236e3bf778292b45976ecd4a34b45d02104f47db7a3ca__vs__1424386e9b_017447de83753a0e3b7afc659df038ef56972925336c6a5b_redline_eca414fecf,clean/docx/a5eb266a1f_016236e3bf778292b45976ecd4a34b45d02104f47db7a3ca,clean/docx/1424386e9b_017447de83753a0e3b7afc659df038ef56972925336c6a5b,tracking_without_comments/docx/a5eb266a1f_016236e3bf778292b45976ecd4a34b45d02104f47db7a3ca__vs__1424386e9b_017447de83753a0e3b7afc659df038ef56972925336c6a5b_redline_eca414fecf.docx,tracking_without_comments/pdf/a5eb266a1f_016236e3bf778292b45976ecd4a34b45d02104f47db7a3ca__vs__1424386e9b_017447de83753a0e3b7afc659df038ef56972925336c6a5b_redline_eca414fecf.pdf,tracking_without_comments,eca414fecf,redlines_a100_b10,a5eb266a1f2b15f2457255942bd205c5b8b22b6cff22a5249755e4c354f0f0f1,1424386e9b0290e0bed413bec09828863b992fed80d2cb2d57cc75814e576393,eca414fecfb3fec3c0fc87ec86a31bbd015a13c22efebe977db6c1703ec8bec0,323ca35597fbcf30b728fb88de952953bbca40d2fb64c625655dfffb96608a4c
a5eb266a1f_016236e3bf778292b45976ecd4a34b45d02104f47db7a3ca__vs__5203829c7a_001cc92b88566d5f930fe57f25813c0bf52a7bdc72c217d0_redline_a9785a24a3,clean/docx/a5eb266a1f_016236e3bf778292b45976ecd4a34b45d02104f47db7a3ca,clean/docx/5203829c7a_001cc92b88566d5f930fe57f25813c0bf52a7bdc72c217d0,tracking_without_comments/docx/a5eb266a1f_016236e3bf778292b45976ecd4a34b45d02104f47db7a3ca__vs__5203829c7a_001cc92b88566d5f930fe57f25813c0bf52a7bdc72c217d0_redline_a9785a24a3.docx,tracking_without_comments/pdf/a5eb266a1f_016236e3bf778292b45976ecd4a34b45d02104f47db7a3ca__vs__5203829c7a_001cc92b88566d5f930fe57f25813c0bf52a7bdc72c217d0_redline_a9785a24a3.pdf,tracking_without_comments,a9785a24a3,redlines_a100_b10,a5eb266a1f2b15f2457255942bd205c5b8b22b6cff22a5249755e4c354f0f0f1,5203829c7a39779063960c392278bed93d85b453fb7b5b84c711a7adb83d1645,a9785a24a38df512265eab594dd103e18ead9775b398b9c3a427052af939b18e,7f35e1d1e7b9f196936ae6055523f822ff979497fe472858930ba31522a3355f
a5eb266a1f_016236e3bf778292b45976ecd4a34b45d02104f47db7a3ca__vs__aa5340125d_00a4b0b91e9b5b072dc3771391c2d608518690eccf44eae8_redline_9a2234ae00,clean/docx/a5eb266a1f_016236e3bf778292b45976ecd4a34b45d02104f47db7a3ca,clean/docx/aa5340125d_00a4b0b91e9b5b072dc3771391c2d608518690eccf44eae8,tracking_without_comments/docx/a5eb266a1f_016236e3bf778292b45976ecd4a34b45d02104f47db7a3ca__vs__aa5340125d_00a4b0b91e9b5b072dc3771391c2d608518690eccf44eae8_redline_9a2234ae00.docx,tracking_without_comments/pdf/a5eb266a1f_016236e3bf778292b45976ecd4a34b45d02104f47db7a3ca__vs__aa5340125d_00a4b0b91e9b5b072dc3771391c2d608518690eccf44eae8_redline_9a2234ae00.pdf,tracking_without_comments,9a2234ae00,redlines_a100_b10,a5eb266a1f2b15f2457255942bd205c5b8b22b6cff22a5249755e4c354f0f0f1,aa5340125d3bf06891fd59477c734f045cfc5b3d92911d2bbdaf175dae103a1c,9a2234ae00689c2cc98277bf9961f713c255bc265d0e81317d4ebdb073b3f095,d647ca31c9e03d6a350cd96449c4b16f4f566574fa4044d0b2e0e5e35e37d0c9
a6bdad436b_00e1eabab4f0fdde08a033b7d3af988ce75f7e80207c9918__vs__2773adf157_0004c94ca2a8684d47449bb0e7abf87de1df71a7e6543252_redline_1533ea6dc3,clean/docx/a6bdad436b_00e1eabab4f0fdde08a033b7d3af988ce75f7e80207c9918,clean/docx/2773adf157_0004c94ca2a8684d47449bb0e7abf87de1df71a7e6543252,tracking_without_comments/docx/a6bdad436b_00e1eabab4f0fdde08a033b7d3af988ce75f7e80207c9918__vs__2773adf157_0004c94ca2a8684d47449bb0e7abf87de1df71a7e6543252_redline_1533ea6dc3.docx,tracking_without_comments/pdf/a6bdad436b_00e1eabab4f0fdde08a033b7d3af988ce75f7e80207c9918__vs__2773adf157_0004c94ca2a8684d47449bb0e7abf87de1df71a7e6543252_redline_1533ea6dc3.pdf,tracking_without_comments,1533ea6dc3,redlines_a100_b10,a6bdad436b3d2ab31ef7af642c346dad1934afe05a9809ad67c1a7ef7b5b637f,2773adf1573296ac475b3351ac307258686b2779d2b304e0bfc41e3bf1c3c15f,1533ea6dc31a894b86fc0ad9abc30c22f011df76aaf7c748395cc16fca5899d6,6c306f3861838e84f8b21c6cab9c8251b64fce48710672495820ff08d5a59712
a6e4d0e065_file_161__vs__2f6102d8be_file_162_redline_1f4634946b,tracking_without_comments/docx/a6e4d0e065_file_161,tracking_without_comments/docx/2f6102d8be_file_162,tracking_without_comments/docx/a6e4d0e065_file_161__vs__2f6102d8be_file_162_redline_1f4634946b.docx,tracking_without_comments/pdf/a6e4d0e065_file_161__vs__2f6102d8be_file_162_redline_1f4634946b.pdf,tracking_without_comments,1f4634946b,word_based_randomized,a6e4d0e065ed9674552d9f632085e11db25742dab8a7073c5f17c00b044b8604,2f6102d8be03c1271d1eeb02147c4dbed584bb1cd7150e95f0693a42a20d1946,1f4634946bec0b1b255f82c0e55c6f98ed945f4cdea32f434805a0d7df1dd678,d2bf131730760bdef88b4ac19b8ab67dc74118dad92aadd9d124fdaa1d8ac1c1
a6ee65b3ee_comments__vs__dc40c7300f_complex_style_attr_redline_141207cab1,clean/docx/a6ee65b3ee_comments,clean/docx/dc40c7300f_complex_style_attr,tracking_without_comments/docx/a6ee65b3ee_comments__vs__dc40c7300f_complex_style_attr_redline_141207cab1.docx,tracking_without_comments/pdf/a6ee65b3ee_comments__vs__dc40c7300f_complex_style_attr_redline_141207cab1.pdf,tracking_without_comments,141207cab1,nocomments,a6ee65b3eeadddf8369db9d05ebcd3ebcb78e695752d206de61a3168e768f54b,dc40c7300f4eb776e7c02a0cc6bdeace31f5c12bec0dd5fd6abdcf187a86dd78,141207cab1da4e68ffabbdd43f43692063d11a521b3784e201fa2b73d0119fff,20c403a576f908f1fbb3ffdf287b9f648a63fc960316ad61e36f2e7899d74723
a702c82e3c_598501d54a14144db04eb8bced2dc8848d2323280dd388aa__vs__9924302ad5_a0ad3c6fc339f68b3ae1700cce528baf0f9be9a23bfcc1ec_redline_6ce722f9ab,clean/docx/a702c82e3c_598501d54a14144db04eb8bced2dc8848d2323280dd388aa,clean/docx/9924302ad5_a0ad3c6fc339f68b3ae1700cce528baf0f9be9a23bfcc1ec,tracking_without_comments/docx/a702c82e3c_598501d54a14144db04eb8bced2dc8848d2323280dd388aa__vs__9924302ad5_a0ad3c6fc339f68b3ae1700cce528baf0f9be9a23bfcc1ec_redline_6ce722f9ab.docx,tracking_without_comments/pdf/a702c82e3c_598501d54a14144db04eb8bced2dc8848d2323280dd388aa__vs__9924302ad5_a0ad3c6fc339f68b3ae1700cce528baf0f9be9a23bfcc1ec_redline_6ce722f9ab.pdf,tracking_without_comments,6ce722f9ab,redlines_en_500,a702c82e3c3764bc199ffe368f3d5cb31aea20bad498d78281014d0702fa3fb3,9924302ad5b6f2f30bfbbcde5972d88ad52f9d2abfe774876c887a3c12baa8cd,6ce722f9abd978a9f2c6ac9b5bdaaa70b533875b24b38c936e2e77c8897901b6,5421721401f06d1095ca51f15b15fc053b1d65493fc98d17f680025767f6e1aa
a94f5abc6f_file_155__vs__b373229160_file_156_redline_e0dd866330,clean/docx/a94f5abc6f_file_155,clean/docx/b373229160_file_156,tracking_without_comments/docx/a94f5abc6f_file_155__vs__b373229160_file_156_redline_e0dd866330.docx,tracking_without_comments/pdf/a94f5abc6f_file_155__vs__b373229160_file_156_redline_e0dd866330.pdf,tracking_without_comments,e0dd866330,nocomments_randomized,a94f5abc6f3a4e21f26b5d0a6866cdfed6d6735dfe6204073e6ccb5321794fb6,b3732291609de2f7e58878bab2e5dbea3e7c3aba520494f75827620511f7e144,e0dd866330965bccd504c7ac900ccec7cb339e107839bfc3dcf04ca9ca6faaa6,eba26dc7b87bccadb9ab3eaa94f79052b75aa44fde6a323ec9c07402603da3e2
a98d0a8c12_center_alignment_demo_id_paraid_overflow_2__vs__cb340e4c6a_center_alignment_demo_id_paraid_overflow_redline_fa65e6ca11,clean/docx/a98d0a8c12_center_alignment_demo_id_paraid_overflow_2,clean/docx/cb340e4c6a_center_alignment_demo_id_paraid_overflow,tracking_without_comments/docx/a98d0a8c12_center_alignment_demo_id_paraid_overflow_2__vs__cb340e4c6a_center_alignment_demo_id_paraid_overflow_redline_fa65e6ca11.docx,tracking_without_comments/pdf/a98d0a8c12_center_alignment_demo_id_paraid_overflow_2__vs__cb340e4c6a_center_alignment_demo_id_paraid_overflow_redline_fa65e6ca11.pdf,tracking_without_comments,fa65e6ca11,word_based,a98d0a8c1201c45166ac02a64a0516c7b98f4bfb27ff0cd5a207e43363f5975c,cb340e4c6a97bd636a4884bde92b50a78c5f534c1a66a76db2c8d73742c888e0,fa65e6ca112c6c5c6bee9ba64ad332b7d0901819afe9a86da1739ada4637238b,6c7a8c53deee6c717b3c1a4b6c503cc7d398f5ebff84dd20151b56c9c4ae9df0
a9f3a3c647_file_72__vs__6b0acda259_file_73_redline_8f1d60fe98,clean/docx/a9f3a3c647_file_72,clean/docx/6b0acda259_file_73,tracking_without_comments/docx/a9f3a3c647_file_72__vs__6b0acda259_file_73_redline_8f1d60fe98.docx,tracking_without_comments/pdf/a9f3a3c647_file_72__vs__6b0acda259_file_73_redline_8f1d60fe98.pdf,tracking_without_comments,8f1d60fe98,word_based_randomized_0926,a9f3a3c647d4ff62296e0e7c5bac5b71f69da47dfe66d7752f1fd4008918a3d0,6b0acda259bf136c7cfd395e758dda24c738b94946a6738dc4348b2ceed321af,8f1d60fe98f94557e44fdbe85b640970e7229f71cf9621842464b506af1d371a,d42bb76adfcc79980d35f2e9d10ea38aba8c2f4f0779e7f1f50b39a6ee058395
aa58aada65_00160046fb2516a560a9681d7ae3e6f4659af57d19555d4e__vs__333bfe069a_003416d620331122b93b434dad901db5836f60d2cad4b533_redline_dd43ad9d3c,clean/docx/aa58aada65_00160046fb2516a560a9681d7ae3e6f4659af57d19555d4e,clean/docx/333bfe069a_003416d620331122b93b434dad901db5836f60d2cad4b533,tracking_without_comments/docx/aa58aada65_00160046fb2516a560a9681d7ae3e6f4659af57d19555d4e__vs__333bfe069a_003416d620331122b93b434dad901db5836f60d2cad4b533_redline_dd43ad9d3c.docx,tracking_without_comments/pdf/aa58aada65_00160046fb2516a560a9681d7ae3e6f4659af57d19555d4e__vs__333bfe069a_003416d620331122b93b434dad901db5836f60d2cad4b533_redline_dd43ad9d3c.pdf,tracking_without_comments,dd43ad9d3c,redlines_a100_b10,aa58aada650576520e169f0ee360a373df29413509525243caa84864170e5bcd,333bfe069af9a12a08ef3a6811ef6e3007f1c41d3f1ed9a87816a010e1aaa443,dd43ad9d3c63d1d569857f0f3df961b323673d15ed42181553c6998e298353e0,906e5f607e6450b7a59de357f7ff4393f4c74f5ee0e2e69eb8da89c092c37a56
aa58aada65_00160046fb2516a560a9681d7ae3e6f4659af57d19555d4e__vs__bd3824dd1e_000ee64ef7226d353297888f59a251e24ce5d776fea000fa_redline_9f3f036b1a,clean/docx/aa58aada65_00160046fb2516a560a9681d7ae3e6f4659af57d19555d4e,clean/docx/bd3824dd1e_000ee64ef7226d353297888f59a251e24ce5d776fea000fa,tracking_without_comments/docx/aa58aada65_00160046fb2516a560a9681d7ae3e6f4659af57d19555d4e__vs__bd3824dd1e_000ee64ef7226d353297888f59a251e24ce5d776fea000fa_redline_9f3f036b1a.docx,tracking_without_comments/pdf/aa58aada65_00160046fb2516a560a9681d7ae3e6f4659af57d19555d4e__vs__bd3824dd1e_000ee64ef7226d353297888f59a251e24ce5d776fea000fa_redline_9f3f036b1a.pdf,tracking_without_comments,9f3f036b1a,redlines_a100_b10,aa58aada650576520e169f0ee360a373df29413509525243caa84864170e5bcd,bd3824dd1e5554e7b0a8c3ab90f434599e047ff8de6ec85a04be794d32919bdf,9f3f036b1a9774554844871bc553880016f16cfabe4cc3b1315b107b1ddfd8a6,7bacf077b38795a3f2f30392db09b8d2ada3b0a7f3fd9cd8d353e5d2bef0e0a6
aa62a37db2_strikethrough_text_demo_id_paraid_overflow__vs__4d1070e14c_strikethrough_text_formatting_demo_id_paraid_ove_redline_4ae050247d,clean/docx/aa62a37db2_strikethrough_text_demo_id_paraid_overflow,clean/docx/4d1070e14c_strikethrough_text_formatting_demo_id_paraid_ove,tracking_without_comments/docx/aa62a37db2_strikethrough_text_demo_id_paraid_overflow__vs__4d1070e14c_strikethrough_text_formatting_demo_id_paraid_ove_redline_4ae050247d.docx,tracking_without_comments/pdf/aa62a37db2_strikethrough_text_demo_id_paraid_overflow__vs__4d1070e14c_strikethrough_text_formatting_demo_id_paraid_ove_redline_4ae050247d.pdf,tracking_without_comments,4ae050247d,fixtures_word_compares;pdf_fill_0928,aa62a37db23acff2c10e003cb876d2aeb44cc823c55ba48ee6534341b412476c,4d1070e14cd5d9b30b554300eb571430bc072da32ce34055848c7ea4bb95f6c3,4ae050247db2b61f2504cb1cad3ebcf0cc78458396b4313422fd07218e433610,b86f1c7dc2006e79cd97e863c9a3f55f0a8366ab09a221c7d8a3e53001feb549
ab859711f4_super_editor__custom_list_numbering1_7eb9fda4__vs__4858c9853b_behavior__multi_image_types_b962a2b8_redline_0d2106d9b2,clean/docx/ab859711f4_super_editor__custom_list_numbering1_7eb9fda4,clean/docx/4858c9853b_behavior__multi_image_types_b962a2b8,tracking_without_comments/docx/ab859711f4_super_editor__custom_list_numbering1_7eb9fda4__vs__4858c9853b_behavior__multi_image_types_b962a2b8_redline_0d2106d9b2.docx,tracking_without_comments/pdf/ab859711f4_super_editor__custom_list_numbering1_7eb9fda4__vs__4858c9853b_behavior__multi_image_types_b962a2b8_redline_0d2106d9b2.pdf,tracking_without_comments,0d2106d9b2,word_redlines_superdoc_0926,ab859711f47ed2a8f9bae127c135cb049ca1f655f451b4dde78075ec018a1a1c,4858c9853beebea79220e26798ebbfe8819c2cab16138cdac8f3b41d63209b50,0d2106d9b2f0a486f7d95006256a14e042f2e293b896f9e6804040f180bc2e5f,81a48d9a85c447528e45c446493bba887d3a4ace523a91bfbb8330ced8fdbbfa
abd0b75d88_file_184__vs__9c6ebd430d_file_185_redline_7f412aa4b4,clean/docx/abd0b75d88_file_184,with_comments_tracking/docx/9c6ebd430d_file_185,with_comments_tracking/docx/abd0b75d88_file_184__vs__9c6ebd430d_file_185_redline_7f412aa4b4.docx,with_comments_tracking/pdf/abd0b75d88_file_184__vs__9c6ebd430d_file_185_redline_7f412aa4b4.pdf,with_comments_tracking,7f412aa4b4,word_based_randomized,abd0b75d88baee0540d2738780c75f11d8f772eabb5539eb3758a40f814f622d,9c6ebd430d60629364475af37e1e76d497f18048c6bb12a671c07f9ee8fe2538,7f412aa4b42c8987f9cb5044c5f1aea447dd913d369b762b47ff416751718ff1,4291445fcd8f5a26d964025731c614d09db0e417f45264feccdd244089fea133
ac0bcc10fe_file_146__vs__9c0dd6b3f6_file_147_redline_9c8876c6d7,with_comments_tracking/docx/ac0bcc10fe_file_146,clean/docx/9c0dd6b3f6_file_147,with_comments_tracking/docx/ac0bcc10fe_file_146__vs__9c0dd6b3f6_file_147_redline_9c8876c6d7.docx,with_comments_tracking/pdf/ac0bcc10fe_file_146__vs__9c0dd6b3f6_file_147_redline_9c8876c6d7.pdf,with_comments_tracking,9c8876c6d7,word_based_randomized_0926,ac0bcc10fedd1ecba77178c84f7dcc234bf71fb531ada32d3202cf231466f068,9c0dd6b3f64c50ca58edd90acf8dfa86cfa64ec4d70ae704e6d01a13ddb93b42,9c8876c6d7acf7964ead862dfb52d95c853fc0c4e49e16e77a98e7e0146d8b7c,e3b2ef4ef4281f87e424564e14f023578b212208103e202cd68ed2b1258b4a14
ac4b41aa8e_verdana_font_demo_id_paraid_overflow__vs__4f0a3847e3_verdana_italic_centered_demo_id_paraid_overflow_redline_30d1cde0ac,clean/docx/ac4b41aa8e_verdana_font_demo_id_paraid_overflow,clean/docx/4f0a3847e3_verdana_italic_centered_demo_id_paraid_overflow,with_comments_tracking/docx/ac4b41aa8e_verdana_font_demo_id_paraid_overflow__vs__4f0a3847e3_verdana_italic_centered_demo_id_paraid_overflow_redline_30d1cde0ac.docx,with_comments_tracking/pdf/ac4b41aa8e_verdana_font_demo_id_paraid_overflow__vs__4f0a3847e3_verdana_italic_centered_demo_id_paraid_overflow_redline_30d1cde0ac.pdf,with_comments_tracking,30d1cde0ac,word_based,ac4b41aa8e1cbc2bc29d9a1ae4bbdef14fc0472bd093e7ad5b8b0258d93bbb84,4f0a3847e3d89cd538b7ff7c2bb3833336d19be5933822894c572788cfb0d3ce,30d1cde0acde1d7d7dff569bafba179b229de60fb28fd6a7022b5f5e082dae3d,381ff45ba9577b610188c49fcce7fc4adca6ee943cb0bc85f74778efd5df2ca4
accec0538a_anchor_images__vs__d72fd74138_super_editor__ooxml_color_rstyle_linked_combos_d_redline_66a6739bf5,clean/docx/accec0538a_anchor_images,clean/docx/d72fd74138_super_editor__ooxml_color_rstyle_linked_combos_d,tracking_without_comments/docx/accec0538a_anchor_images__vs__d72fd74138_super_editor__ooxml_color_rstyle_linked_combos_d_redline_66a6739bf5.docx,tracking_without_comments/pdf/accec0538a_anchor_images__vs__d72fd74138_super_editor__ooxml_color_rstyle_linked_combos_d_redline_66a6739bf5.pdf,tracking_without_comments,66a6739bf5,word_redlines_superdoc,accec0538a167ce6845069962c6a187e86a22ce73d45a1a26795cfeaca3a4010,d72fd741386d8fe1499dbe1237c5e1fa8f05b62aa77b3132950cebea2efba09b,66a6739bf5e664b5be3ec076a1de0a63a2b6ed860f42e0b8dd13cb9970ec54e4,0278daadcb2088fbe434addfdfdb1a6e8b98656cb07b709a701586b73fcdf6b6
acd3595c3a_0032221e68ad2a7986d1fe113eb1d46b5a7d1901b5aa9318__vs__1424386e9b_017447de83753a0e3b7afc659df038ef56972925336c6a5b_redline_bc0135eaa1,clean/docx/acd3595c3a_0032221e68ad2a7986d1fe113eb1d46b5a7d1901b5aa9318,clean/docx/1424386e9b_017447de83753a0e3b7afc659df038ef56972925336c6a5b,tracking_without_comments/docx/acd3595c3a_0032221e68ad2a7986d1fe113eb1d46b5a7d1901b5aa9318__vs__1424386e9b_017447de83753a0e3b7afc659df038ef56972925336c6a5b_redline_bc0135eaa1.docx,tracking_without_comments/pdf/acd3595c3a_0032221e68ad2a7986d1fe113eb1d46b5a7d1901b5aa9318__vs__1424386e9b_017447de83753a0e3b7afc659df038ef56972925336c6a5b_redline_bc0135eaa1.pdf,tracking_without_comments,bc0135eaa1,redlines_a100_b10,acd3595c3a93ff26f25237aa8bc8a7d8108219696187ecad34a1e1234789cb09,1424386e9b0290e0bed413bec09828863b992fed80d2cb2d57cc75814e576393,bc0135eaa1906d89821066b3f4a40fde153778059834f238f687d5326bcb93e8,15ea97674aac8e6ac3318eec53d081120ddf0a29085ffc4038884d8852825102
ad00cf90d7_doc_api_stories__diff_doc2_bc0da0ce__vs__d6a1c42901_super_editor__diff_before16_f518c031_redline_5daae0d169,clean/docx/ad00cf90d7_doc_api_stories__diff_doc2_bc0da0ce,clean/docx/d6a1c42901_super_editor__diff_before16_f518c031,tracking_without_comments/docx/ad00cf90d7_doc_api_stories__diff_doc2_bc0da0ce__vs__d6a1c42901_super_editor__diff_before16_f518c031_redline_5daae0d169.docx,tracking_without_comments/pdf/ad00cf90d7_doc_api_stories__diff_doc2_bc0da0ce__vs__d6a1c42901_super_editor__diff_before16_f518c031_redline_5daae0d169.pdf,tracking_without_comments,5daae0d169,word_redlines_superdoc_0926,ad00cf90d733b90e473d4c96de389ea7443fb321c8298dbcf4f52de498b58670,d6a1c42901f10eecc87585890c73b40398759b15e99245061a83962f96f245a5,5daae0d169089463c63529b3a04482ff2a338e40bedfe15fa66b71aa2bcb4d7a,fb7a34de5bed75c2ce0360c38a60fd869a3baf75418c6bd72147e96844409ac4
adc9f524d1_comments__vs__5d17fd43a9_complex_style_attr_redline_2061218d44,with_comments_clean/docx/adc9f524d1_comments,clean/docx/5d17fd43a9_complex_style_attr,with_comments_tracking/docx/adc9f524d1_comments__vs__5d17fd43a9_complex_style_attr_redline_2061218d44.docx,with_comments_tracking/pdf/adc9f524d1_comments__vs__5d17fd43a9_complex_style_attr_redline_2061218d44.pdf,with_comments_tracking,2061218d44,word_based_0926,adc9f524d176f562db830c346c1e9e21c6a6aa6768d9c09892a423f1257fe17c,5d17fd43a91266e7ba75f66695597b7cf134a26ee2e7c49775434361e230f1b0,2061218d44101794df0e0b7db55efcb9efe3ffaba4b51fdc4d4e0f190004c4ec,5839ea97cbef6950ec6048d4c5e7a9e4e4ba2c9b95e731f598b6c8f6667b5089
ae9360e096_behavior__sd_2672_merged_table_821b922c__vs__a5903a7c15_super_editor__pci_table_dc840852_redline_4f427d1e19,clean/docx/ae9360e096_behavior__sd_2672_merged_table_821b922c,clean/docx/a5903a7c15_super_editor__pci_table_dc840852,tracking_without_comments/docx/ae9360e096_behavior__sd_2672_merged_table_821b922c__vs__a5903a7c15_super_editor__pci_table_dc840852_redline_4f427d1e19.docx,tracking_without_comments/pdf/ae9360e096_behavior__sd_2672_merged_table_821b922c__vs__a5903a7c15_super_editor__pci_table_dc840852_redline_4f427d1e19.pdf,tracking_without_comments,4f427d1e19,word_redlines_superdoc,ae9360e096f46621c0ff7f08f63196c45ed1e24fb91a4e465c2df419c4b03a7b,a5903a7c150da9ccd93cf0d9141c17061f61dbd4b0a8dbf084b7bc54eb14d675,4f427d1e199b087ddaabfd1078f752d8495aabe50189343a9dc8b0fd62529a76,ba73872a5060229ce50e21d8ac90a8add6b2df152da8da9d7d5992a9b51af900
ae9360e096_behavior__sd_2672_merged_table_821b922c__vs__e663016796_behavior__sd_2672_multipara_cell_4d1f068e_redline_74842a7b93,clean/docx/ae9360e096_behavior__sd_2672_merged_table_821b922c,clean/docx/e663016796_behavior__sd_2672_multipara_cell_4d1f068e,tracking_without_comments/docx/ae9360e096_behavior__sd_2672_merged_table_821b922c__vs__e663016796_behavior__sd_2672_multipara_cell_4d1f068e_redline_74842a7b93.docx,tracking_without_comments/pdf/ae9360e096_behavior__sd_2672_merged_table_821b922c__vs__e663016796_behavior__sd_2672_multipara_cell_4d1f068e_redline_74842a7b93.pdf,tracking_without_comments,74842a7b93,word_redlines_superdoc,ae9360e096f46621c0ff7f08f63196c45ed1e24fb91a4e465c2df419c4b03a7b,e663016796d79ebbcce697faa77bddf50424afdcaffb498d7704c847262c281d,74842a7b9300e8189b47e68fa58e0bf0803571c355fcd319ffaba28f1389ed39,aa4194bcca85ebad2e4bf06acf79347e93f973df3bdfa10e134869204f87a2c2
aeba435bbd_file_133__vs__6f02029e99_file_134_redline_3e4b94de41,tracking_without_comments/docx/aeba435bbd_file_133,clean/docx/6f02029e99_file_134,tracking_without_comments/docx/aeba435bbd_file_133__vs__6f02029e99_file_134_redline_3e4b94de41.docx,tracking_without_comments/pdf/aeba435bbd_file_133__vs__6f02029e99_file_134_redline_3e4b94de41.pdf,tracking_without_comments,3e4b94de41,word_based_randomized,aeba435bbddb498bc102419906d520acdfe75d25587fa8f827e2c75e2e437be4,6f02029e9921b5d6d523342b9536a4c236776d4cffea8441b17db1cffca7bf2d,3e4b94de41a0a222b87f688552b479742b2d37da831fffc3e8fb9178cd3c5b3e,6ccfafd630fe6f9dd7b092a3efda0f9a5652807f0527afc704417dbdb8c7e7b5
af540c50e4_00edeec4b73ab68a9a4e2b0281464f067656d89fc9969ab4__vs__2773adf157_0004c94ca2a8684d47449bb0e7abf87de1df71a7e6543252_redline_6f4e7d3d95,clean/docx/af540c50e4_00edeec4b73ab68a9a4e2b0281464f067656d89fc9969ab4,clean/docx/2773adf157_0004c94ca2a8684d47449bb0e7abf87de1df71a7e6543252,tracking_without_comments/docx/af540c50e4_00edeec4b73ab68a9a4e2b0281464f067656d89fc9969ab4__vs__2773adf157_0004c94ca2a8684d47449bb0e7abf87de1df71a7e6543252_redline_6f4e7d3d95.docx,tracking_without_comments/pdf/af540c50e4_00edeec4b73ab68a9a4e2b0281464f067656d89fc9969ab4__vs__2773adf157_0004c94ca2a8684d47449bb0e7abf87de1df71a7e6543252_redline_6f4e7d3d95.pdf,tracking_without_comments,6f4e7d3d95,redlines_a100_b10,af540c50e46e4fd9c3930017b7d8cd8a7805b6e733013c0778353ffc8a1b0e3e,2773adf1573296ac475b3351ac307258686b2779d2b304e0bfc41e3bf1c3c15f,6f4e7d3d955f1a3163c6294e4a46816ff5ee697f3be50abfa2c378033e68a0fc,69b2ed2829a738a6f752ab79c458f1fd8f159faf649b793fe625227fb334b07f
af540c50e4_00edeec4b73ab68a9a4e2b0281464f067656d89fc9969ab4__vs__2e04202552_000e3e7bd2d6215fc7b469cc3e296c1b2a510bc1abc7e0fd_redline_a702002b5b,clean/docx/af540c50e4_00edeec4b73ab68a9a4e2b0281464f067656d89fc9969ab4,clean/docx/2e04202552_000e3e7bd2d6215fc7b469cc3e296c1b2a510bc1abc7e0fd,tracking_without_comments/docx/af540c50e4_00edeec4b73ab68a9a4e2b0281464f067656d89fc9969ab4__vs__2e04202552_000e3e7bd2d6215fc7b469cc3e296c1b2a510bc1abc7e0fd_redline_a702002b5b.docx,tracking_without_comments/pdf/af540c50e4_00edeec4b73ab68a9a4e2b0281464f067656d89fc9969ab4__vs__2e04202552_000e3e7bd2d6215fc7b469cc3e296c1b2a510bc1abc7e0fd_redline_a702002b5b.pdf,tracking_without_comments,a702002b5b,redlines_a100_b10,af540c50e46e4fd9c3930017b7d8cd8a7805b6e733013c0778353ffc8a1b0e3e,2e042025528818822ef7f3ccf73977ae3e3e7cff864682b5c0060083284d8ae7,a702002b5b0231cff8123c3cf4405d4024aa38ea1549bb7bc61dded8f1adab1e,c38752dec08a9cf1f63735ab17b30575700c872528e6ad045027b561560c95eb
af540c50e4_00edeec4b73ab68a9a4e2b0281464f067656d89fc9969ab4__vs__333bfe069a_003416d620331122b93b434dad901db5836f60d2cad4b533_redline_fd9d6be0de,clean/docx/af540c50e4_00edeec4b73ab68a9a4e2b0281464f067656d89fc9969ab4,clean/docx/333bfe069a_003416d620331122b93b434dad901db5836f60d2cad4b533,tracking_without_comments/docx/af540c50e4_00edeec4b73ab68a9a4e2b0281464f067656d89fc9969ab4__vs__333bfe069a_003416d620331122b93b434dad901db5836f60d2cad4b533_redline_fd9d6be0de.docx,tracking_without_comments/pdf/af540c50e4_00edeec4b73ab68a9a4e2b0281464f067656d89fc9969ab4__vs__333bfe069a_003416d620331122b93b434dad901db5836f60d2cad4b533_redline_fd9d6be0de.pdf,tracking_without_comments,fd9d6be0de,redlines_a100_b10,af540c50e46e4fd9c3930017b7d8cd8a7805b6e733013c0778353ffc8a1b0e3e,333bfe069af9a12a08ef3a6811ef6e3007f1c41d3f1ed9a87816a010e1aaa443,fd9d6be0de7d910e7073cc36d9587bbe07125443196bb2fde27b11a830000289,f31db4c7c497e3fbb9ae946ea5d5e64ea5456f8f71ed9e0066b4a2ba04173fef
af540c50e4_00edeec4b73ab68a9a4e2b0281464f067656d89fc9969ab4__vs__bd3824dd1e_000ee64ef7226d353297888f59a251e24ce5d776fea000fa_redline_367a73a255,clean/docx/af540c50e4_00edeec4b73ab68a9a4e2b0281464f067656d89fc9969ab4,clean/docx/bd3824dd1e_000ee64ef7226d353297888f59a251e24ce5d776fea000fa,tracking_without_comments/docx/af540c50e4_00edeec4b73ab68a9a4e2b0281464f067656d89fc9969ab4__vs__bd3824dd1e_000ee64ef7226d353297888f59a251e24ce5d776fea000fa_redline_367a73a255.docx,tracking_without_comments/pdf/af540c50e4_00edeec4b73ab68a9a4e2b0281464f067656d89fc9969ab4__vs__bd3824dd1e_000ee64ef7226d353297888f59a251e24ce5d776fea000fa_redline_367a73a255.pdf,tracking_without_comments,367a73a255,redlines_a100_b10,af540c50e46e4fd9c3930017b7d8cd8a7805b6e733013c0778353ffc8a1b0e3e,bd3824dd1e5554e7b0a8c3ab90f434599e047ff8de6ec85a04be794d32919bdf,367a73a2553ee2be0d2241ff4fbeda9000e35fa233142ac77b830819938b2d7e,18d319fee1a06a52837d6c6ad5ba89ad4d4bcaaa823f55d523654a35ac254649
af613a9921_file_128__vs__9f9fd7010e_file_129_redline_a785e97227,tracking_without_comments/docx/af613a9921_file_128,clean/docx/9f9fd7010e_file_129,tracking_without_comments/docx/af613a9921_file_128__vs__9f9fd7010e_file_129_redline_a785e97227.docx,tracking_without_comments/pdf/af613a9921_file_128__vs__9f9fd7010e_file_129_redline_a785e97227.pdf,tracking_without_comments,a785e97227,nocomments_randomized,af613a9921cf1df49c7b2b3a26bed70d8046816472feb00eaefed4b7f9e8cd9e,9f9fd7010ec2fd6b05e780bc248d7d649c5392a9c57b4617ff4103f07875f8fb,a785e972276f5a867e10f260a517066df2dd342e9776148d1f4e48112b43775f,5089243484446680e95feff76ec5f22a80c564e2c7c204202d4792f63cbb8809
af73bfcc05_meeting_minutes_suggesting_insertions__vs__82348eef4b_multi_section_redline_4318cac120,tracking_without_comments/docx/af73bfcc05_meeting_minutes_suggesting_insertions,clean/docx/82348eef4b_multi_section,tracking_without_comments/docx/af73bfcc05_meeting_minutes_suggesting_insertions__vs__82348eef4b_multi_section_redline_4318cac120.docx,tracking_without_comments/pdf/af73bfcc05_meeting_minutes_suggesting_insertions__vs__82348eef4b_multi_section_redline_4318cac120.pdf,tracking_without_comments,4318cac120,word_based;fixtures_word_compares,af73bfcc05fc21aa279032bcff423ee185811b581b429544c0cf8188b5b43fe4,82348eef4bd7c9a74c050e11e43ba6b4f47f5520814d2e59b5e2c4deb0d2d7d7,4318cac120aa315713c0d5ec09a58ccc386c4bac521fb8e2ef886e15e92bf458,00cf9f1c51d5bd9062df2287cdc5050b792862d71c31b6386193283741909b4f
b126641535_file_46__vs__3b5c01bae4_file_47_redline_0244dddfe6,clean/docx/b126641535_file_46,clean/docx/3b5c01bae4_file_47,tracking_without_comments/docx/b126641535_file_46__vs__3b5c01bae4_file_47_redline_0244dddfe6.docx,tracking_without_comments/pdf/b126641535_file_46__vs__3b5c01bae4_file_47_redline_0244dddfe6.pdf,tracking_without_comments,0244dddfe6,word_based_randomized,b126641535d39164a26d14324766762d10c5f4e4ce5ec66c268a2e4cdde7dedb,3b5c01bae4494c342aefb60a0ce90e8f161d12cfb31ae90b66ed839882e7fd14,0244dddfe6adcf2c750b397babbf789d03a2a432915a6444e704f75f8ea3180b,6d7c624a0c52156ab113e6536f3c1be29cf7eb2fb1f90075b376d4c19283a106
b13ad6a30b_08da985c87d92e2aa39245f9771c0f024ba1986d40e19c4d__vs__24cfc33555_89489e767eba60afbffffd971e4fde9913403bfb29003b2b_redline_fea87b305c,clean/docx/b13ad6a30b_08da985c87d92e2aa39245f9771c0f024ba1986d40e19c4d,clean/docx/24cfc33555_89489e767eba60afbffffd971e4fde9913403bfb29003b2b,tracking_without_comments/docx/b13ad6a30b_08da985c87d92e2aa39245f9771c0f024ba1986d40e19c4d__vs__24cfc33555_89489e767eba60afbffffd971e4fde9913403bfb29003b2b_redline_fea87b305c.docx,tracking_without_comments/pdf/b13ad6a30b_08da985c87d92e2aa39245f9771c0f024ba1986d40e19c4d__vs__24cfc33555_89489e767eba60afbffffd971e4fde9913403bfb29003b2b_redline_fea87b305c.pdf,tracking_without_comments,fea87b305c,redlines_en_500,b13ad6a30b91c4aa4232a529ddf59fd3e30224d3417c0b332751fbec2376178f,24cfc335550bef1f39c48a9e152b9951b7cc1cf7a80750a988dcca800d5f4574,fea87b305c3c454143dd3510f0cdc8d83cb31bdc0e99cbc34a792bba9b3c6df7,0ed2d1fab179f62d0a4b777199f9b92b09db46af85e557a0a3a4c3bc5e2c1926
b27c7b34e9_super_editor__heading_font_46041620__vs__bf50ee8ac4_super_editor__hummingbird_c5e5ac81_redline_29eeca5c14,clean/docx/b27c7b34e9_super_editor__heading_font_46041620,clean/docx/bf50ee8ac4_super_editor__hummingbird_c5e5ac81,tracking_without_comments/docx/b27c7b34e9_super_editor__heading_font_46041620__vs__bf50ee8ac4_super_editor__hummingbird_c5e5ac81_redline_29eeca5c14.docx,tracking_without_comments/pdf/b27c7b34e9_super_editor__heading_font_46041620__vs__bf50ee8ac4_super_editor__hummingbird_c5e5ac81_redline_29eeca5c14.pdf,tracking_without_comments,29eeca5c14,word_redlines_superdoc_0926,b27c7b34e9853c8fee3d17df58ee76a8a94a21410f2ea1bdc89c08eb046b326e,bf50ee8ac4df4b54fd074a18c2620c7582850213bb174348402fdd4d2ffc122e,29eeca5c14a2091c7cedf97797133fd79d7ad58d7d012bc638d9c94569608818,71b55b2a3bd2c78659aae787cbcee7d8da789a93fd5393da235c30b3d7e63930
b3028f2d5b_super_editor__super_basic_table_86d8d916__vs__7367931dbf_super_editor__sdt_test_60079f08_redline_1ff9bf561d,clean/docx/b3028f2d5b_super_editor__super_basic_table_86d8d916,clean/docx/7367931dbf_super_editor__sdt_test_60079f08,tracking_without_comments/docx/b3028f2d5b_super_editor__super_basic_table_86d8d916__vs__7367931dbf_super_editor__sdt_test_60079f08_redline_1ff9bf561d.docx,tracking_without_comments/pdf/b3028f2d5b_super_editor__super_basic_table_86d8d916__vs__7367931dbf_super_editor__sdt_test_60079f08_redline_1ff9bf561d.pdf,tracking_without_comments,1ff9bf561d,word_redlines_superdoc_0926,b3028f2d5bda28ff14e2587a0c5a3f2fe6b1af0e54d890b0d578681a61eb4a44,7367931dbfe3771a53495aea77c2a17305d4785fae807ac41df0454cc3226974,1ff9bf561dfc5b71fdce45a3cb7874f70cebaf6318056f17ce458ce934c6d8c4,f01f1cdcd1a76518a27d5b569e7b7fee51768bcddeb89eabb896be4b44857278
b31456961a_file_42__vs__e3c6e90478_file_43_redline_47d0da4ff9,clean/docx/b31456961a_file_42,clean/docx/e3c6e90478_file_43,tracking_without_comments/docx/b31456961a_file_42__vs__e3c6e90478_file_43_redline_47d0da4ff9.docx,tracking_without_comments/pdf/b31456961a_file_42__vs__e3c6e90478_file_43_redline_47d0da4ff9.pdf,tracking_without_comments,47d0da4ff9,word_based_randomized,b31456961aca278c8855b705be8ade67168fa552d4c15b18230df9203c7a958f,e3c6e9047841c92b9499e637357f8b829290ee7368d15d3fd20fdec4bfd25928,47d0da4ff93f9f8236bd49c4d5dd2b9e84321132e37ab527c530aaeb349e909b,e0f471e854a77f2bd486b4e95f3ab9a4d35af21df7059921e4322e034f359d12
b389f55091_super_editor__comment_23ee5ec1__vs__3e50084c2e_super_editor__diff_after16_2a48697a_redline_eb468b0385,with_comments_clean/docx/b389f55091_super_editor__comment_23ee5ec1,clean/docx/3e50084c2e_super_editor__diff_after16_2a48697a,with_comments_tracking/docx/b389f55091_super_editor__comment_23ee5ec1__vs__3e50084c2e_super_editor__diff_after16_2a48697a_redline_eb468b0385.docx,with_comments_tracking/pdf/b389f55091_super_editor__comment_23ee5ec1__vs__3e50084c2e_super_editor__diff_after16_2a48697a_redline_eb468b0385.pdf,with_comments_tracking,eb468b0385,word_redlines_superdoc,b389f55091c9e482ad04f75d2bb5b151c96be01b8e21a33cc0517a0fa14b9e9c,3e50084c2ea1a424fa8ebcccfd81d78e39448254062d0470bcc99b1590668fbc,eb468b03852ccc4975433d3eaeb01ebcfab12b19890fdfdfedcc8126e8898257,ad4c410469949a8e930a6d6ddb63077528399744000fe339be0b847ed02c6943
b389f55091_super_editor__comment_23ee5ec1__vs__6d773ca294_super_editor__annot2_03ae6b74_redline_b0d09c67a7,with_comments_clean/docx/b389f55091_super_editor__comment_23ee5ec1,clean/docx/6d773ca294_super_editor__annot2_03ae6b74,with_comments_tracking/docx/b389f55091_super_editor__comment_23ee5ec1__vs__6d773ca294_super_editor__annot2_03ae6b74_redline_b0d09c67a7.docx,with_comments_tracking/pdf/b389f55091_super_editor__comment_23ee5ec1__vs__6d773ca294_super_editor__annot2_03ae6b74_redline_b0d09c67a7.pdf,with_comments_tracking,b0d09c67a7,word_redlines_superdoc_0926,b389f55091c9e482ad04f75d2bb5b151c96be01b8e21a33cc0517a0fa14b9e9c,6d773ca294d801fdc90b3de0991ea6eb04a860e1b16333c29d63b93958c966a2,b0d09c67a76df8b8eea154c2d0598c61f683ef943cac9be5b2fd7c54b1a1b7c5,4f30fb26d9d7e8a200090f607ebbd405d6f94a7bc12241d8d265de09a79cdf33
b389f55091_super_editor__comment_23ee5ec1__vs__ea7427b18a_super_editor__complex_list_def_issue_326369f9_redline_108332354e,with_comments_clean/docx/b389f55091_super_editor__comment_23ee5ec1,clean/docx/ea7427b18a_super_editor__complex_list_def_issue_326369f9,with_comments_tracking/docx/b389f55091_super_editor__comment_23ee5ec1__vs__ea7427b18a_super_editor__complex_list_def_issue_326369f9_redline_108332354e.docx,with_comments_tracking/pdf/b389f55091_super_editor__comment_23ee5ec1__vs__ea7427b18a_super_editor__complex_list_def_issue_326369f9_redline_108332354e.pdf,with_comments_tracking,108332354e,word_redlines_superdoc,b389f55091c9e482ad04f75d2bb5b151c96be01b8e21a33cc0517a0fa14b9e9c,ea7427b18a5e6bda048738840dfaee9ed4dc8c9af7d76383732c729a6bceb663,108332354e6071b1fca7fb48db217b8a439d67b660dedff867a8ace9ee7dc4a0,4bda0583d0d671d8a13cafa1cb8957cbfa5653d4dc87d7d337c5249949214b29
b39182a410_subscript_demo_style_default_missing__vs__ec45d7fc58_subtitle_style_demo_id_paraid_overflow_redline_e1bf5187ee,clean/docx/b39182a410_subscript_demo_style_default_missing,clean/docx/ec45d7fc58_subtitle_style_demo_id_paraid_overflow,tracking_without_comments/docx/b39182a410_subscript_demo_style_default_missing__vs__ec45d7fc58_subtitle_style_demo_id_paraid_overflow_redline_e1bf5187ee.docx,tracking_without_comments/pdf/b39182a410_subscript_demo_style_default_missing__vs__ec45d7fc58_subtitle_style_demo_id_paraid_overflow_redline_e1bf5187ee.pdf,tracking_without_comments,e1bf5187ee,word_based_0926,b39182a4106339776ddb730a48b6ffe6112552976c6b4d027818444f978aeca1,ec45d7fc584cc28417599a3cede2d7554e032d85078a51c72f5758b4f9eb11b8,e1bf5187ee3d77404d04d142b67134ebd69f7cacdc9163ea939fde8136611c17,a159b4e46bf61e33c837ae628dee37baaa0245879ec29236db071d6f1dc60dd7
b4b7c76ecd_font_family_demo_id_paraid_overflow__vs__7e405bc8f2_font_size_12_demo_id_paraid_overflow_redline_9974d0551e,clean/docx/b4b7c76ecd_font_family_demo_id_paraid_overflow,clean/docx/7e405bc8f2_font_size_12_demo_id_paraid_overflow,tracking_without_comments/docx/b4b7c76ecd_font_family_demo_id_paraid_overflow__vs__7e405bc8f2_font_size_12_demo_id_paraid_overflow_redline_9974d0551e.docx,tracking_without_comments/pdf/b4b7c76ecd_font_family_demo_id_paraid_overflow__vs__7e405bc8f2_font_size_12_demo_id_paraid_overflow_redline_9974d0551e.pdf,tracking_without_comments,9974d0551e,word_based,b4b7c76ecdced4509849588226fdb0d4a69a3f0f790b1a41b0c5d310aa1dae1f,7e405bc8f265c79f1375141cdcdff2924621db66fb88a7e129c78252ffcc8217,9974d0551e9cbd39e1457a7b58ef5c044fc769ea50872e229e40d25f84f95bbb,da06cd67792cbcbbacc46675a77ae400f4443ec8080778cae5a5815ce0a66f15
b6bcd5d86d_file_198__vs__7f73d1af22_file_199_redline_619c44196e,clean/docx/b6bcd5d86d_file_198,clean/docx/7f73d1af22_file_199,tracking_without_comments/docx/b6bcd5d86d_file_198__vs__7f73d1af22_file_199_redline_619c44196e.docx,tracking_without_comments/pdf/b6bcd5d86d_file_198__vs__7f73d1af22_file_199_redline_619c44196e.pdf,tracking_without_comments,619c44196e,nocomments_randomized,b6bcd5d86d2615fcb02c8dec0adcbe581bb7ff5dc503a5baf544f6a1a8613e98,7f73d1af22a3ab4939f7d5b24bdfe40d1c3e064af2a40be28c1c2e21b7e52afa,619c44196ecadc8c3334134f318dd284f5228abc7e7372d77b8e076c0d6db10e,9308990472ce06e15e2419da8a8ec005d4e0dd63603632e189a23834093e61b0
b7c9d27632_underline_text_demo_id_paraid_overflow__vs__fd5a40bd94_underline_text_formatting_demo_style_default_mis_redline_d0b7eea602,clean/docx/b7c9d27632_underline_text_demo_id_paraid_overflow,clean/docx/fd5a40bd94_underline_text_formatting_demo_style_default_mis,tracking_without_comments/docx/b7c9d27632_underline_text_demo_id_paraid_overflow__vs__fd5a40bd94_underline_text_formatting_demo_style_default_mis_redline_d0b7eea602.docx,tracking_without_comments/pdf/b7c9d27632_underline_text_demo_id_paraid_overflow__vs__fd5a40bd94_underline_text_formatting_demo_style_default_mis_redline_d0b7eea602.pdf,tracking_without_comments,d0b7eea602,word_based_0926,b7c9d276327401e06f5b97528e290554e35fd58db6534a602352f793027b5288,fd5a40bd94cf1f2fa1d50fdb2e8053a1ff8248748e0eefac3c2ddf92549ad0fc,d0b7eea60260fb4823a707051375d7e2f55c82fba5e2ef4bc200207461baa0db,df0a185ea02437f8a568cc3a29be862da13a4b11ec498f24758ee7424de7dc7d
b8d342dce2_55168b9490e23f1c2ac65519a9186dd43da70b6f7959d39a__vs__6b0e955dfe_80114507a4f8f886e89fb8a2a9f656e5d843d92730916146_redline_749f24fa0e,clean/docx/b8d342dce2_55168b9490e23f1c2ac65519a9186dd43da70b6f7959d39a,clean/docx/6b0e955dfe_80114507a4f8f886e89fb8a2a9f656e5d843d92730916146,tracking_without_comments/docx/b8d342dce2_55168b9490e23f1c2ac65519a9186dd43da70b6f7959d39a__vs__6b0e955dfe_80114507a4f8f886e89fb8a2a9f656e5d843d92730916146_redline_749f24fa0e.docx,tracking_without_comments/pdf/b8d342dce2_55168b9490e23f1c2ac65519a9186dd43da70b6f7959d39a__vs__6b0e955dfe_80114507a4f8f886e89fb8a2a9f656e5d843d92730916146_redline_749f24fa0e.pdf,tracking_without_comments,749f24fa0e,redlines_en_500,b8d342dce2aeab615db9ffcc8c5eb7a6d2f1f3755fc0c215f5d8ce018b21d96e,6b0e955dfe4f9ca2eaa3320cbaf304efa4214819b12df49ea2834780ce4b139e,749f24fa0e27f24eaedfe84d202085a077bd306a6ec08d58de108a543ced1470,abab09c3a3c7031a6c136a55be0d312c4172a9a21ac54ac43c2cc66363f25201
bb35ae41ba_evals__comments_doc_79800b37__vs__3ad13eed3d_evals__document_9bff7e1b_redline_3b0aa9cb14,with_comments_clean/docx/bb35ae41ba_evals__comments_doc_79800b37,clean/docx/3ad13eed3d_evals__document_9bff7e1b,with_comments_tracking/docx/bb35ae41ba_evals__comments_doc_79800b37__vs__3ad13eed3d_evals__document_9bff7e1b_redline_3b0aa9cb14.docx,with_comments_tracking/pdf/bb35ae41ba_evals__comments_doc_79800b37__vs__3ad13eed3d_evals__document_9bff7e1b_redline_3b0aa9cb14.pdf,with_comments_tracking,3b0aa9cb14,word_redlines_superdoc_0926,bb35ae41ba7e1d8bdb22022e20d36c2b6078598256395669dc178a8f5108cefc,3ad13eed3d3ba0f84480e28d3e0442750700c39ed822edb29d7f15f9c403aab4,3b0aa9cb14f30340cae54d41a8795ad11741672a02caa4b79c31681e49a61cac,fe5ea624322ac3837f6ab672d48cd3973c03bdc3c6f8d76afc3840e40c591532
bb35ae41ba_evals__comments_doc_79800b37__vs__9322444a3f_behavior__sd_2888_hyperlink_with_ampersand_aaaac_redline_e11f5f1915,with_comments_clean/docx/bb35ae41ba_evals__comments_doc_79800b37,clean/docx/9322444a3f_behavior__sd_2888_hyperlink_with_ampersand_aaaac,with_comments_tracking/docx/bb35ae41ba_evals__comments_doc_79800b37__vs__9322444a3f_behavior__sd_2888_hyperlink_with_ampersand_aaaac_redline_e11f5f1915.docx,with_comments_tracking/pdf/bb35ae41ba_evals__comments_doc_79800b37__vs__9322444a3f_behavior__sd_2888_hyperlink_with_ampersand_aaaac_redline_e11f5f1915.pdf,with_comments_tracking,e11f5f1915,word_redlines_superdoc,bb35ae41ba7e1d8bdb22022e20d36c2b6078598256395669dc178a8f5108cefc,9322444a3fbc7aa587427cdbcd1fedf3c90d331b088f40e66ae01d894a8cc09d,e11f5f1915e80b0626a6a2c6fdeb2089447c1b4cd7fe69fb4ffe6836df283bb5,b0af8562d56bcfd8f23b17ed2643c97c1db93cb5e3077fd3cf72ced3236679cd
bb9c5a8bd5_doc_api_stories__table_style_options_roundtrip_1__vs__22ccb1b200_super_editor__diff_after19_79c6b379_redline_ccb1abd033,clean/docx/bb9c5a8bd5_doc_api_stories__table_style_options_roundtrip_1,clean/docx/22ccb1b200_super_editor__diff_after19_79c6b379,tracking_without_comments/docx/bb9c5a8bd5_doc_api_stories__table_style_options_roundtrip_1__vs__22ccb1b200_super_editor__diff_after19_79c6b379_redline_ccb1abd033.docx,tracking_without_comments/pdf/bb9c5a8bd5_doc_api_stories__table_style_options_roundtrip_1__vs__22ccb1b200_super_editor__diff_after19_79c6b379_redline_ccb1abd033.pdf,tracking_without_comments,ccb1abd033,word_redlines_superdoc,bb9c5a8bd548029716a5185372587058cee19a51f1bb3e42e531c61cde88ddee,22ccb1b200cec58f7b7b80a8e5869416c519f2a87926d88d149837e630a195bd,ccb1abd0333c01ff279821196fde76a8ea05a6c6b1559f0877fe7634c4166a31,b3d34bdf8f41180ffac8ccf031515aa2408b9978db739d994d0f4eacd97e861e
bc514b554e_00d979c97e42f03faff5f49e2a7dfa9afd30996214602e19__vs__deff0e697a_00b5defcad6e58038eac35472a2d48c89905068e5ece0cc3_redline_eecdb1c507,clean/docx/bc514b554e_00d979c97e42f03faff5f49e2a7dfa9afd30996214602e19,clean/docx/deff0e697a_00b5defcad6e58038eac35472a2d48c89905068e5ece0cc3,tracking_without_comments/docx/bc514b554e_00d979c97e42f03faff5f49e2a7dfa9afd30996214602e19__vs__deff0e697a_00b5defcad6e58038eac35472a2d48c89905068e5ece0cc3_redline_eecdb1c507.docx,tracking_without_comments/pdf/bc514b554e_00d979c97e42f03faff5f49e2a7dfa9afd30996214602e19__vs__deff0e697a_00b5defcad6e58038eac35472a2d48c89905068e5ece0cc3_redline_eecdb1c507.pdf,tracking_without_comments,eecdb1c507,redlines_a100_b10,bc514b554eafc07741e383cd8f5bf91cf1b947694d397dceb05bbcddc02bf370,deff0e697a2dfbcc4a41b9b979b9d9cb54b60ef4c9e5bc588011e6bda3fc0af2,eecdb1c5073722190b559ada4274d5436e86237f43976f4b024001be7ece0c7a,f7fe22615e4bb0ad6b16a133436551dd5c5121aabcaee5c3b76bf25d4a2d8b1a
bcc7379f64_super_editor__paragraph_spacing_missing_de418c38__vs__dd6dbfb284_super_editor__diff_after2_fc1e0763_redline_d211d634bb,clean/docx/bcc7379f64_super_editor__paragraph_spacing_missing_de418c38,clean/docx/dd6dbfb284_super_editor__diff_after2_fc1e0763,tracking_without_comments/docx/bcc7379f64_super_editor__paragraph_spacing_missing_de418c38__vs__dd6dbfb284_super_editor__diff_after2_fc1e0763_redline_d211d634bb.docx,tracking_without_comments/pdf/bcc7379f64_super_editor__paragraph_spacing_missing_de418c38__vs__dd6dbfb284_super_editor__diff_after2_fc1e0763_redline_d211d634bb.pdf,tracking_without_comments,d211d634bb,word_redlines_superdoc_0926,bcc7379f64274492029f1e17bd864c6e093885c5f9ded397ebe9955b7aac37aa,dd6dbfb284c422592d1047b14e0cef01dc01ea19f7666cafcdd7a3385b2aa244,d211d634bbeb612ff5b72dfeb8713356bbd0eaea3c70ca2829de981a2b606fc7,8d6d2d08e04b077fa50708dfbe077b423c51aba79a7e2ce41b6e584c9dcca113
bd2400ab6a_8b342c8dfa6baaabf348e26a96976c7d90ab11bd241bb6da__vs__24356a7180_d0eff8fb6a6ffe20f9c3b0a4c37ca44bdd66b1cbf91c472b_redline_b45c815da3,clean/docx/bd2400ab6a_8b342c8dfa6baaabf348e26a96976c7d90ab11bd241bb6da,clean/docx/24356a7180_d0eff8fb6a6ffe20f9c3b0a4c37ca44bdd66b1cbf91c472b,tracking_without_comments/docx/bd2400ab6a_8b342c8dfa6baaabf348e26a96976c7d90ab11bd241bb6da__vs__24356a7180_d0eff8fb6a6ffe20f9c3b0a4c37ca44bdd66b1cbf91c472b_redline_b45c815da3.docx,tracking_without_comments/pdf/bd2400ab6a_8b342c8dfa6baaabf348e26a96976c7d90ab11bd241bb6da__vs__24356a7180_d0eff8fb6a6ffe20f9c3b0a4c37ca44bdd66b1cbf91c472b_redline_b45c815da3.pdf,tracking_without_comments,b45c815da3,redlines_en_500,bd2400ab6ac1e327252b932a86a69e83091a58df669829aa2ac7c3ad6f62ea2e,24356a7180e9caa83e9f55390ea1686edb981e8c407f846ce2265e6910cb90e5,b45c815da3c2bbfe11ab66b7cb02622812ff22c01cdce51fcd60b4374019fbf7,a6c433d945b8b791558d016f0597216e040ea910d3bff3862c13e9c5aec11fc5
bd386ff044_51ae5a28375c271d1238bf671ece74421eb9ccf840ccf5af__vs__3b6b7312de_7d4bf96c3fc438f9ea5c94331aa2e2586fbb2ae5a4162075_redline_962c107d2e,clean/docx/bd386ff044_51ae5a28375c271d1238bf671ece74421eb9ccf840ccf5af,clean/docx/3b6b7312de_7d4bf96c3fc438f9ea5c94331aa2e2586fbb2ae5a4162075,tracking_without_comments/docx/bd386ff044_51ae5a28375c271d1238bf671ece74421eb9ccf840ccf5af__vs__3b6b7312de_7d4bf96c3fc438f9ea5c94331aa2e2586fbb2ae5a4162075_redline_962c107d2e.docx,tracking_without_comments/pdf/bd386ff044_51ae5a28375c271d1238bf671ece74421eb9ccf840ccf5af__vs__3b6b7312de_7d4bf96c3fc438f9ea5c94331aa2e2586fbb2ae5a4162075_redline_962c107d2e.pdf,tracking_without_comments,962c107d2e,redlines_en_500,bd386ff0447711c1dc489449343d6da91d13f15cfd18223028121d1e5cb84d8d,3b6b7312def374d2cd8e3ccef05cd4406641ae812bf294c8b023ec77837add8a,962c107d2e2d730499014428f4d60e4f720b96bbb0cef53c3d8ee5500777a256,6f9152be77d7562a9e434369cecd5fe47f85c055015d31151f50ad2f26b9ad9e
bd768e6c17_file_74__vs__8c79860f8d_file_75_redline_58c827e77a,with_comments_tracking/docx/bd768e6c17_file_74,clean/docx/8c79860f8d_file_75,with_comments_tracking/docx/bd768e6c17_file_74__vs__8c79860f8d_file_75_redline_58c827e77a.docx,with_comments_tracking/pdf/bd768e6c17_file_74__vs__8c79860f8d_file_75_redline_58c827e77a.pdf,with_comments_tracking,58c827e77a,word_based_randomized_0926,bd768e6c17cfcdd8db40804602fe51855c111443a8a522e36fd3e307c9effdcd,8c79860f8d4d8b7cf59a12ed23d9d6bb5c2bdff0b14d25f4ea4cc82a560f6d79,58c827e77a4cc669b3dd70ca2e8eabe745ce2db245bde675d726acec709dfe9b,80c614a9cd1b3363d5e27ab651df59676e0fe71253a003fd7c76f41c6a2d28bc
be5bf990cb_file_16__vs__d6ba4fabd2_file_17_redline_cbf73c2d81,with_comments_tracking/docx/be5bf990cb_file_16,tracking_without_comments/docx/d6ba4fabd2_file_17,with_comments_tracking/docx/be5bf990cb_file_16__vs__d6ba4fabd2_file_17_redline_cbf73c2d81.docx,with_comments_tracking/pdf/be5bf990cb_file_16__vs__d6ba4fabd2_file_17_redline_cbf73c2d81.pdf,with_comments_tracking,cbf73c2d81,word_based_randomized_0926,be5bf990cb6b9ab8568ffb7c27af5540d45fbb484d2b67bca8e84a67419e20ca,d6ba4fabd238b4ec417f2d79668eae26fcb34d10529daf36fe4239ecaa31b36b,cbf73c2d814f963762808e2c053182ea7fec1464ed7857f4fcae676f51ae85d4,401f7d799330d956444523243a1ae9b2049db0fea29125a53c17e6ab1e57e5f4
befb952e73_file_183__vs__c7b4db5d0e_file_184_redline_596515221a,clean/docx/befb952e73_file_183,clean/docx/c7b4db5d0e_file_184,tracking_without_comments/docx/befb952e73_file_183__vs__c7b4db5d0e_file_184_redline_596515221a.docx,tracking_without_comments/pdf/befb952e73_file_183__vs__c7b4db5d0e_file_184_redline_596515221a.pdf,tracking_without_comments,596515221a,nocomments_randomized,befb952e73e6276e711ccec44b5df197689a9864ae7608b56c15defc0d685823,c7b4db5d0eccb33046496f1f2b4001d0b47eabc50a7cea24db5a7bee4ed966c4,596515221a1b75574a0942ec17151288a1a46084950349a83bf9d2de7b1a7b2c,aedb2637e8c6485aafab33039739dc8ba4a1cd71b41aa9b4f4cd945fe114487a
bf23b1e436_track_changes_suggesting_bold_id_paraid_overflow__vs__966994cba9_track_changes_suggesting_calibri_id_paraid_overf_redline_9260938760,clean/docx/bf23b1e436_track_changes_suggesting_bold_id_paraid_overflow,clean/docx/966994cba9_track_changes_suggesting_calibri_id_paraid_overf,tracking_without_comments/docx/bf23b1e436_track_changes_suggesting_bold_id_paraid_overflow__vs__966994cba9_track_changes_suggesting_calibri_id_paraid_overf_redline_9260938760.docx,tracking_without_comments/pdf/bf23b1e436_track_changes_suggesting_bold_id_paraid_overflow__vs__966994cba9_track_changes_suggesting_calibri_id_paraid_overf_redline_9260938760.pdf,tracking_without_comments,9260938760,word_based,bf23b1e4366707f137f8aa3d61430edd1a3b20588966a28f66d8bb708031363d,966994cba9b554a774989fdcde5b542b755d08fffe7a9db5cb5b847d03665cb5,926093876013f1c427e9b005fec9c1c67ca97653edf710f08d5fff8667c98b34,385b18989757d5e422fa196477ad1b15dbae523e0625a1c0d84ae730041da027
bfe4f398a3_c26f848848239cecb923377bfd35476bb054a42ff93cef74__vs__65c088a664_a9e49146f324b0b21c2f41ba8db3de01d69da8b6caf8232b_redline_047597cb13,clean/docx/bfe4f398a3_c26f848848239cecb923377bfd35476bb054a42ff93cef74,clean/docx/65c088a664_a9e49146f324b0b21c2f41ba8db3de01d69da8b6caf8232b,tracking_without_comments/docx/bfe4f398a3_c26f848848239cecb923377bfd35476bb054a42ff93cef74__vs__65c088a664_a9e49146f324b0b21c2f41ba8db3de01d69da8b6caf8232b_redline_047597cb13.docx,tracking_without_comments/pdf/bfe4f398a3_c26f848848239cecb923377bfd35476bb054a42ff93cef74__vs__65c088a664_a9e49146f324b0b21c2f41ba8db3de01d69da8b6caf8232b_redline_047597cb13.pdf,tracking_without_comments,047597cb13,redlines_en_500,bfe4f398a34683e402b3e3f8d251868610778cc7b021456864e5694559f12168,65c088a66471e63242b21d9d95de9aebf0078c3bf924f6a0c2a570e0dbc58333,047597cb1315d5aa5811c355dc5f624df5b69e301db3872bfd854923ea07e739,32f644e36672b3166c8ee96f9f97e2c004566c990f6d1344aa73cc34c1ecb4ae
bffb81f86c_file_192__vs__878549f8f2_file_193_redline_11675a8de2,with_comments_clean/docx/bffb81f86c_file_192,clean/docx/878549f8f2_file_193,with_comments_tracking/docx/bffb81f86c_file_192__vs__878549f8f2_file_193_redline_11675a8de2.docx,with_comments_tracking/pdf/bffb81f86c_file_192__vs__878549f8f2_file_193_redline_11675a8de2.pdf,with_comments_tracking,11675a8de2,word_based_randomized,bffb81f86c3cbe693b1c0b1dc84127af5537af9b34561b87ffda5aa052447815,878549f8f2090649f5cc0b30a9e439f2c3e8df16c583b2a21fe3b4e934415e85,11675a8de2ff24c9cb2d48850b565920eef8a5ae8b7ea2328f9c144b37e534e5,89b073170e37ac5c449909b48fd500e9942c84f915512d7d2ee355333229466a
c20e9b2d21_font_size_24_demo_id_paraid_overflow__vs__f8ecf81d8b_font_size_demo_id_paraid_overflow_redline_49ff615f6a,clean/docx/c20e9b2d21_font_size_24_demo_id_paraid_overflow,clean/docx/f8ecf81d8b_font_size_demo_id_paraid_overflow,tracking_without_comments/docx/c20e9b2d21_font_size_24_demo_id_paraid_overflow__vs__f8ecf81d8b_font_size_demo_id_paraid_overflow_redline_49ff615f6a.docx,tracking_without_comments/pdf/c20e9b2d21_font_size_24_demo_id_paraid_overflow__vs__f8ecf81d8b_font_size_demo_id_paraid_overflow_redline_49ff615f6a.pdf,tracking_without_comments,49ff615f6a,word_based,c20e9b2d21180b7373415ac5d9a7f99838971dcb9408b8e89defc578a6a29edc,f8ecf81d8b9938e08220a37aa831b3c7e21005438807e22745546bea3ce3c999,49ff615f6a36a6f6f27b106850bf83daa565e744eee410c9bad5c9f8a14bd00d,2a8fe87306d6951222c06086f1b86da6f4255ec79fb7e1fac73d7ef417879542
c21d15c9e9_track_changes_suggesting_center_id_paraid_overfl__vs__e0e59cf962_track_changes_suggesting_heading_id_paraid_overf_redline_6ce806c638,clean/docx/c21d15c9e9_track_changes_suggesting_center_id_paraid_overfl,clean/docx/e0e59cf962_track_changes_suggesting_heading_id_paraid_overf,tracking_without_comments/docx/c21d15c9e9_track_changes_suggesting_center_id_paraid_overfl__vs__e0e59cf962_track_changes_suggesting_heading_id_paraid_overf_redline_6ce806c638.docx,tracking_without_comments/pdf/c21d15c9e9_track_changes_suggesting_center_id_paraid_overfl__vs__e0e59cf962_track_changes_suggesting_heading_id_paraid_overf_redline_6ce806c638.pdf,tracking_without_comments,6ce806c638,fixtures_word_compares;pdf_fill_0928,c21d15c9e9c8f455d1b7119e24ca26c06ad8ed0574f4ca41cc71c4f12e4dcec1,e0e59cf9624f702d383576fb44532f007a4f3a90de1d10f65da1c61d053f09ab,6ce806c63898d68fa3ad4eb805af090327e22ef3808d45f73c88ab311f0f822d,aaa8d30818be96e71bb911763a884a84e38368ffad986f5415f55b647f383c27
c2965a9277_file_125__vs__99abd76716_file_126_redline_d8e7ae0e58,clean/docx/c2965a9277_file_125,clean/docx/99abd76716_file_126,tracking_without_comments/docx/c2965a9277_file_125__vs__99abd76716_file_126_redline_d8e7ae0e58.docx,tracking_without_comments/pdf/c2965a9277_file_125__vs__99abd76716_file_126_redline_d8e7ae0e58.pdf,tracking_without_comments,d8e7ae0e58,nocomments_randomized,c2965a9277a246a76c631a6cf1209beb5a1b839a5b177514b10177336476120f,99abd767169bfa13d40fca502e6f8001b596cf4fbce0464faa59b78ccc65d222,d8e7ae0e58db1366923e6aed4086ebc9f7f806af37fbb6c08bb1ddd90705d7c0,7bd9eaf95daa396cc302d4174fb7ac265041007a74c7e1e4a2a7dd1a8ea237e8
c7190b3adc_file_31__vs__083826730a_file_32_redline_4e54b171c3,clean/docx/c7190b3adc_file_31,clean/docx/083826730a_file_32,tracking_without_comments/docx/c7190b3adc_file_31__vs__083826730a_file_32_redline_4e54b171c3.docx,tracking_without_comments/pdf/c7190b3adc_file_31__vs__083826730a_file_32_redline_4e54b171c3.pdf,tracking_without_comments,4e54b171c3,word_based_randomized_0926,c7190b3adcc87e699c5e37c9bb8617215bc0852512a368c874d9e947b7e2a3d5,083826730aecc7aea4e76f25540f2199b33d4cc6e92bffd489b95a90fbf5dbc2,4e54b171c35da7e7974f5ea802d9cd117e9d2a11ad39c990a5e7b0928c3b65c2,f7bdceb700d6d9dae17509f616d23d9ab0ea38376a3b499ba2af3db68f68d010
cec0607d40_file_25__vs__cf02e0407e_file_26_redline_6652e44fd7,clean/docx/cec0607d40_file_25,tracking_without_comments/docx/cf02e0407e_file_26,tracking_without_comments/docx/cec0607d40_file_25__vs__cf02e0407e_file_26_redline_6652e44fd7.docx,tracking_without_comments/pdf/cec0607d40_file_25__vs__cf02e0407e_file_26_redline_6652e44fd7.pdf,tracking_without_comments,6652e44fd7,word_based_randomized_0926,cec0607d4001845678b2376127d255c3f9484933d6ce7ee0b487b39fd06e86be,cf02e0407ec65b14f7a9b37bb952ec95a2b90ccc2498a53bdb3b2345bcceadd0,6652e44fd7c1f8dd503801296583e8c216286046674f33628e0a6d8c23c2bb82,05e7f00bed210a7ab5b1c7fbaae2ac96b32a1a1201b3706b3a1dc8c20090ff2c
ced58cbf54_super_editor__sd_1494_table_left_indent_03277d35__vs__45f61cfd4f_super_editor__sd_1495_auto_page_break_2_f0f3bf0e_redline_ca80876718,clean/docx/ced58cbf54_super_editor__sd_1494_table_left_indent_03277d35,clean/docx/45f61cfd4f_super_editor__sd_1495_auto_page_break_2_f0f3bf0e,tracking_without_comments/docx/ced58cbf54_super_editor__sd_1494_table_left_indent_03277d35__vs__45f61cfd4f_super_editor__sd_1495_auto_page_break_2_f0f3bf0e_redline_ca80876718.docx,tracking_without_comments/pdf/ced58cbf54_super_editor__sd_1494_table_left_indent_03277d35__vs__45f61cfd4f_super_editor__sd_1495_auto_page_break_2_f0f3bf0e_redline_ca80876718.pdf,tracking_without_comments,ca80876718,word_redlines_superdoc_0926,ced58cbf5479ff418119a39376b5b523d082b479f3176c0adffdd826ed21a929,45f61cfd4f99b069a4d644f3d911f6091864ee9816eaf8cd46fcc1730454660d,ca808767189e6777ae13ef30a64ec74490f71b40c0c228561140226f45680967,ab4318529217449a5e18828ddb348cfa9e2f0d5196b2f90ac8481f2dac15c438
ced58cbf54_super_editor__sd_1494_table_left_indent_03277d35__vs__84f5fb598b_super_editor__diff_before11_1b953eaf_redline_08f3c75cf7,clean/docx/ced58cbf54_super_editor__sd_1494_table_left_indent_03277d35,with_comments_tracking/docx/84f5fb598b_super_editor__diff_before11_1b953eaf,with_comments_tracking/docx/ced58cbf54_super_editor__sd_1494_table_left_indent_03277d35__vs__84f5fb598b_super_editor__diff_before11_1b953eaf_redline_08f3c75cf7.docx,with_comments_tracking/pdf/ced58cbf54_super_editor__sd_1494_table_left_indent_03277d35__vs__84f5fb598b_super_editor__diff_before11_1b953eaf_redline_08f3c75cf7.pdf,with_comments_tracking,08f3c75cf7,word_redlines_superdoc,ced58cbf5479ff418119a39376b5b523d082b479f3176c0adffdd826ed21a929,84f5fb598b0b3f898e73d55ab86b54d6be32a7a43403e494351ac9e091051357,08f3c75cf7df860de589f32eb3698a8a4cf0cfc0ca2b49a3a36b6ffd209834a0,32ba6cca15a242cea6d62f45841ba1bebee86fb063a1ce5d349a021611372611
cefef4e4f5_yellow_highlight_demo_id_paraid_overflow__vs__a391978591_yellow_highlight_italic_demo_style_default_missi_redline_aec80553e5,clean/docx/cefef4e4f5_yellow_highlight_demo_id_paraid_overflow,clean/docx/a391978591_yellow_highlight_italic_demo_style_default_missi,with_comments_tracking/docx/cefef4e4f5_yellow_highlight_demo_id_paraid_overflow__vs__a391978591_yellow_highlight_italic_demo_style_default_missi_redline_aec80553e5.docx,with_comments_tracking/pdf/cefef4e4f5_yellow_highlight_demo_id_paraid_overflow__vs__a391978591_yellow_highlight_italic_demo_style_default_missi_redline_aec80553e5.pdf,with_comments_tracking,aec80553e5,word_based,cefef4e4f5e649393173476767b97d4b74c52727651070db08c0b7d8696c4616,a391978591885d1cc12834e8da929fab4084d797e338b916e670c83247b0ae35,aec80553e57dacfc0f526a4a1c87c45165808c833a48128ec5e29e9784a73e4a,cb5ae540ac7a2891bd7d93749e75c8e18eec94487df1fbc903b8532f52ba7ad1
d72fd74138_super_editor__ooxml_color_rstyle_linked_combos_d__vs__fd68f70f24_super_editor__ooxml_highlight_rstyle_linked_comb_redline_780e6a99fa,clean/docx/d72fd74138_super_editor__ooxml_color_rstyle_linked_combos_d,clean/docx/fd68f70f24_super_editor__ooxml_highlight_rstyle_linked_comb,tracking_without_comments/docx/d72fd74138_super_editor__ooxml_color_rstyle_linked_combos_d__vs__fd68f70f24_super_editor__ooxml_highlight_rstyle_linked_comb_redline_780e6a99fa.docx,tracking_without_comments/pdf/d72fd74138_super_editor__ooxml_color_rstyle_linked_combos_d__vs__fd68f70f24_super_editor__ooxml_highlight_rstyle_linked_comb_redline_780e6a99fa.pdf,tracking_without_comments,780e6a99fa,word_redlines_superdoc_0926,d72fd741386d8fe1499dbe1237c5e1fa8f05b62aa77b3132950cebea2efba09b,fd68f70f24767e6fb42a188e13e000d895a938bde9bbeb9c31d481a4ea0c2d66,780e6a99fab71b70982ed89bc90302300a62330715e652203242cfd98566314b,8b9db6ec783e54ebf2f9adf052e7fb3ed98b03793532c2ed9ee6807efd754f3d
d776ad9be7_super_editor__multi_section_doc_080d2655__vs__1c5bd81def_super_editor__multiple_nodes_in_list_79d915a2_redline_89dcc843ca,clean/docx/d776ad9be7_super_editor__multi_section_doc_080d2655,clean/docx/1c5bd81def_super_editor__multiple_nodes_in_list_79d915a2,tracking_without_comments/docx/d776ad9be7_super_editor__multi_section_doc_080d2655__vs__1c5bd81def_super_editor__multiple_nodes_in_list_79d915a2_redline_89dcc843ca.docx,tracking_without_comments/pdf/d776ad9be7_super_editor__multi_section_doc_080d2655__vs__1c5bd81def_super_editor__multiple_nodes_in_list_79d915a2_redline_89dcc843ca.pdf,tracking_without_comments,89dcc843ca,word_redlines_superdoc,d776ad9be7aa0ec6633c208e512fd6fe5b1b3608159a42c6be01804217ba7e6b,1c5bd81defbfd18a82f5fc7a51092b2e3a5389b7db7f8b566b1e077658a67bd6,89dcc843caa74bff33662f8f5bddcea10209db06280525a59f4464d0732e69ea,59b731154e74872527cf763f7aa73a5fb87c636b8f53a4a93c20912a0079c9f5
d776ad9be7_super_editor__multi_section_doc_080d2655__vs__e81d1fa10c_behavior__pageref_standalone_uppercase_h_7701e07_redline_787e8e149a,clean/docx/d776ad9be7_super_editor__multi_section_doc_080d2655,clean/docx/e81d1fa10c_behavior__pageref_standalone_uppercase_h_7701e07,tracking_without_comments/docx/d776ad9be7_super_editor__multi_section_doc_080d2655__vs__e81d1fa10c_behavior__pageref_standalone_uppercase_h_7701e07_redline_787e8e149a.docx,tracking_without_comments/pdf/d776ad9be7_super_editor__multi_section_doc_080d2655__vs__e81d1fa10c_behavior__pageref_standalone_uppercase_h_7701e07_redline_787e8e149a.pdf,tracking_without_comments,787e8e149a,word_redlines_superdoc,d776ad9be7aa0ec6633c208e512fd6fe5b1b3608159a42c6be01804217ba7e6b,e81d1fa10c3488bec65327b82d05a828612252301ed146bcebeb7d11deb1272a,787e8e149a1bc1a82ae3301bdaf33b632d8d593b882d345fc5cc48e9fe4911a5,85aa92b29fa802a96f1d5b2cea70ee850b13f904038808dac0480f26dceb222a
d93f1dafca_sample_document_word_repair_of_our_output_iter2__vs__970fd9303f_sample_document_word_repair_of_our_output_word_r_redline_cbd854cb68,with_comments_tracking/docx/d93f1dafca_sample_document_word_repair_of_our_output_iter2,with_comments_tracking/docx/970fd9303f_sample_document_word_repair_of_our_output_word_r,with_comments_tracking/docx/d93f1dafca_sample_document_word_repair_of_our_output_iter2__vs__970fd9303f_sample_document_word_repair_of_our_output_word_r_redline_cbd854cb68.docx,with_comments_tracking/pdf/d93f1dafca_sample_document_word_repair_of_our_output_iter2__vs__970fd9303f_sample_document_word_repair_of_our_output_word_r_redline_cbd854cb68.pdf,with_comments_tracking,cbd854cb68,word_based_0926,d93f1dafca336699a1df1008aac124191030ab13674cf34ee3968fbfe8aff269,970fd9303fea9db53f7022fec1d758684df7f19f8d4230585664c620c53ed1fd,cbd854cb68c701b266c3adba806b0eb4380cef867579ed1b69c97fb848a9c8ad,2880c442169605d81c2a379080d15401c2f3065613979f99b739a8700dc62431
daf1fa36c0_red_bold_heading_demo_style_default_missing__vs__3e33de961a_red_bold_text_demo_id_paraid_overflow_redline_f45a6c4e3a,clean/docx/daf1fa36c0_red_bold_heading_demo_style_default_missing,clean/docx/3e33de961a_red_bold_text_demo_id_paraid_overflow,tracking_without_comments/docx/daf1fa36c0_red_bold_heading_demo_style_default_missing__vs__3e33de961a_red_bold_text_demo_id_paraid_overflow_redline_f45a6c4e3a.docx,tracking_without_comments/pdf/daf1fa36c0_red_bold_heading_demo_style_default_missing__vs__3e33de961a_red_bold_text_demo_id_paraid_overflow_redline_f45a6c4e3a.pdf,tracking_without_comments,f45a6c4e3a,fixtures_word_compares;pdf_fill_0928,daf1fa36c017eee23b04d128437f2e7b7256210c5284e9c2db0207b15b7bcff0,3e33de961a1839a9011267189850f17e629647c65614483e79ee0cfe631bb9f9,f45a6c4e3af4a5d9d9e8cb2cc3da5449e1c0285d73dd46cfa160b3ddc61a18ff,15ac0df4206f8338e519f26bd83b52852644eb3721db2cc74b8c6a2bb7508754
dcf7dd476f_super_editor__superdoc_table_tester_3b2de2e1__vs__f89ff5989b_evals__nda_7f304918_redline_83ec99367f,clean/docx/dcf7dd476f_super_editor__superdoc_table_tester_3b2de2e1,clean/docx/f89ff5989b_evals__nda_7f304918,tracking_without_comments/docx/dcf7dd476f_super_editor__superdoc_table_tester_3b2de2e1__vs__f89ff5989b_evals__nda_7f304918_redline_83ec99367f.docx,tracking_without_comments/pdf/dcf7dd476f_super_editor__superdoc_table_tester_3b2de2e1__vs__f89ff5989b_evals__nda_7f304918_redline_83ec99367f.pdf,tracking_without_comments,83ec99367f,word_redlines_superdoc,dcf7dd476f102386b3b5de0d2aa79b34800476a194ad75bc13a3c48602cc1615,f89ff5989b693241003ac89ad46cdf67923bb22fb02cf526a9e4303be906740a,83ec99367f9db0b2c71faa647e6a8d4d87c5e61602bb0423c44c032b3fb3559f,1c909aadead2bb0b0bfb39092a258c45a3a3bad8e3c99d8dcc472d0e04e22041
dd6dbfb284_super_editor__diff_after2_fc1e0763__vs__c51843a182_super_editor__diff_after3_3f4fb6e8_redline_b443fb9207,clean/docx/dd6dbfb284_super_editor__diff_after2_fc1e0763,clean/docx/c51843a182_super_editor__diff_after3_3f4fb6e8,tracking_without_comments/docx/dd6dbfb284_super_editor__diff_after2_fc1e0763__vs__c51843a182_super_editor__diff_after3_3f4fb6e8_redline_b443fb9207.docx,tracking_without_comments/pdf/dd6dbfb284_super_editor__diff_after2_fc1e0763__vs__c51843a182_super_editor__diff_after3_3f4fb6e8_redline_b443fb9207.pdf,tracking_without_comments,b443fb9207,word_redlines_superdoc,dd6dbfb284c422592d1047b14e0cef01dc01ea19f7666cafcdd7a3385b2aa244,c51843a182f2aee3f50acd610d71fc0a6487b95cfd10bd0d40da1dd8c065a390,b443fb920765e53b9b7f0ba2f7701ff815c76a01fca3ea6973ca2e5fa57598ac,f96019ca05f84f6795ad5daab0f47c5fcce9515a9793dc342da26be8207bc940
ddfa313a5f_super_editor__list_with_break_from_word_5cc0d638__vs__420a528aa0_super_editor__instrtext_angled_brackets_bug_ed56_redline_931691a601,clean/docx/ddfa313a5f_super_editor__list_with_break_from_word_5cc0d638,clean/docx/420a528aa0_super_editor__instrtext_angled_brackets_bug_ed56,tracking_without_comments/docx/ddfa313a5f_super_editor__list_with_break_from_word_5cc0d638__vs__420a528aa0_super_editor__instrtext_angled_brackets_bug_ed56_redline_931691a601.docx,tracking_without_comments/pdf/ddfa313a5f_super_editor__list_with_break_from_word_5cc0d638__vs__420a528aa0_super_editor__instrtext_angled_brackets_bug_ed56_redline_931691a601.pdf,tracking_without_comments,931691a601,word_redlines_superdoc,ddfa313a5f12b1360bf3b073edd36c5db2bd117b945a4b17f851bc37d1975559,420a528aa0503af1724a82e97bd006d87e1f72b7c22e7d6dab4033f7a3d3ba4c,931691a601798df6f55a5f5f325d682f1c1b562cbd3eb66b2515b09ae1ae74cf,e0a6f3639972c8b21799a8b5011678e203a400a9a099df4a69050b2c61a165f9
df097720f7_file_131__vs__3c60cce945_file_132_redline_4eff11f045,with_comments_clean/docx/df097720f7_file_131,clean/docx/3c60cce945_file_132,with_comments_tracking/docx/df097720f7_file_131__vs__3c60cce945_file_132_redline_4eff11f045.docx,with_comments_tracking/pdf/df097720f7_file_131__vs__3c60cce945_file_132_redline_4eff11f045.pdf,with_comments_tracking,4eff11f045,word_based_randomized_0926,df097720f7d7c8bdda982526a1450a79deb9f3e4198f013ce75de0e5f09c427d,3c60cce945bccdd4d92a5bc0d279230071241a6bd5ae8d183100b3992dfbfb23,4eff11f0456994fbc5d2200146017c0c4ef126ad95281bf49a9ec1bf3fe27254,f5acf1a34313011711f799c284af821647c32575b77005534526d7c6bad0214f
df9ffe9a8c_file_16__vs__ec900bd182_file_17_redline_f8286525f6,tracking_without_comments/docx/df9ffe9a8c_file_16,tracking_without_comments/docx/ec900bd182_file_17,tracking_without_comments/docx/df9ffe9a8c_file_16__vs__ec900bd182_file_17_redline_f8286525f6.docx,tracking_without_comments/pdf/df9ffe9a8c_file_16__vs__ec900bd182_file_17_redline_f8286525f6.pdf,tracking_without_comments,f8286525f6,nocomments_randomized,df9ffe9a8c005786fe99883507b10c4894ef36a17c089306f9147e1e106c37ce,ec900bd1829fc30e13f85f0658d882875bf3e84ffa9f44fc87b530aa50bbde4a,f8286525f6500648463552111c2efff5d38fa21b7e8bc7c5d5644718acd6452b,06c7f5333e151293e54c19d1f452f3cebbb93d980ff0ba75190e669b3a050add
e0e59cf962_track_changes_suggesting_heading_id_paraid_overf__vs__438e423482_track_changes_suggesting_italic_id_paraid_overfl_redline_401b6671a7,clean/docx/e0e59cf962_track_changes_suggesting_heading_id_paraid_overf,clean/docx/438e423482_track_changes_suggesting_italic_id_paraid_overfl,tracking_without_comments/docx/e0e59cf962_track_changes_suggesting_heading_id_paraid_overf__vs__438e423482_track_changes_suggesting_italic_id_paraid_overfl_redline_401b6671a7.docx,tracking_without_comments/pdf/e0e59cf962_track_changes_suggesting_heading_id_paraid_overf__vs__438e423482_track_changes_suggesting_italic_id_paraid_overfl_redline_401b6671a7.pdf,tracking_without_comments,401b6671a7,word_based,e0e59cf9624f702d383576fb44532f007a4f3a90de1d10f65da1c61d053f09ab,438e423482841569dec8110efeaf0cbe0fb9986e7d0e2a50b151238b9ad651e1,401b6671a78e1f8d65bbea5893255d35029194c07a42bc014c1ff853458abf5c,619e689374b4b7dd701faaac0188a6b7380a377cd2360a03790147504897fb1f
e137a3db25_file_140__vs__0f5a806b4c_file_141_redline_421d863d4e,clean/docx/e137a3db25_file_140,with_comments_clean/docx/0f5a806b4c_file_141,with_comments_tracking/docx/e137a3db25_file_140__vs__0f5a806b4c_file_141_redline_421d863d4e.docx,with_comments_tracking/pdf/e137a3db25_file_140__vs__0f5a806b4c_file_141_redline_421d863d4e.pdf,with_comments_tracking,421d863d4e,word_based_randomized,e137a3db25c3d62e11c1fc7f6e7b8dc3f9afd6f4767d5a0d366706e0bd07b003,0f5a806b4cc1f9958d372074db869e1af7ce932eb6dabc947c1117e0c20b0e5f,421d863d4e638cd427378e2b57318e39a987043364b0b29215ad2daaff8029ed,4fd613c4c54a1167b57685c61cc0e1eb61611070fa633005edeb451e23be0c86
e70f1134dd_super_editor__diff_before8_ba5faa9e__vs__a5903a7c15_super_editor__pci_table_dc840852_redline_8d775d42d1,with_comments_clean/docx/e70f1134dd_super_editor__diff_before8_ba5faa9e,clean/docx/a5903a7c15_super_editor__pci_table_dc840852,with_comments_tracking/docx/e70f1134dd_super_editor__diff_before8_ba5faa9e__vs__a5903a7c15_super_editor__pci_table_dc840852_redline_8d775d42d1.docx,with_comments_tracking/pdf/e70f1134dd_super_editor__diff_before8_ba5faa9e__vs__a5903a7c15_super_editor__pci_table_dc840852_redline_8d775d42d1.pdf,with_comments_tracking,8d775d42d1,word_redlines_superdoc,e70f1134ddb017e5973f3615fa108aed06c327c5d1a71796c531174782f9a888,a5903a7c150da9ccd93cf0d9141c17061f61dbd4b0a8dbf084b7bc54eb14d675,8d775d42d1e652ca28d41dda725cdb9ef51f7b0c3ed5884846f9c8ba161bc0af,2ef7ae240a96e7a860aa73de4482e2b24599143b013a156de18fcf06b827ab3e
e81d1fa10c_behavior__pageref_standalone_uppercase_h_7701e07__vs__735c372b41_super_editor__diff_after8_58e5c288_redline_5325dc70b4,clean/docx/e81d1fa10c_behavior__pageref_standalone_uppercase_h_7701e07,with_comments_tracking/docx/735c372b41_super_editor__diff_after8_58e5c288,with_comments_tracking/docx/e81d1fa10c_behavior__pageref_standalone_uppercase_h_7701e07__vs__735c372b41_super_editor__diff_after8_58e5c288_redline_5325dc70b4.docx,with_comments_tracking/pdf/e81d1fa10c_behavior__pageref_standalone_uppercase_h_7701e07__vs__735c372b41_super_editor__diff_after8_58e5c288_redline_5325dc70b4.pdf,with_comments_tracking,5325dc70b4,word_redlines_superdoc_0926,e81d1fa10c3488bec65327b82d05a828612252301ed146bcebeb7d11deb1272a,735c372b415f07fb249fbbe6ca2d642009e070efa960a0f7ffce55a93e71f8b0,5325dc70b415f10a2a8e3d8aa2093e5cd5864dbee547f08d9de96b8c7afbcb7c,222a78fc4406b9dbdf88cd78d6aa6185027bb81c6bbd2782fbae8c44e23ad0b6
eb2f3c86b5_vfdsdfcacawesd_suggesting_mixed_edits__vs__cefef4e4f5_yellow_highlight_demo_id_paraid_overflow_redline_913d076e79,with_comments_tracking/docx/eb2f3c86b5_vfdsdfcacawesd_suggesting_mixed_edits,clean/docx/cefef4e4f5_yellow_highlight_demo_id_paraid_overflow,with_comments_tracking/docx/eb2f3c86b5_vfdsdfcacawesd_suggesting_mixed_edits__vs__cefef4e4f5_yellow_highlight_demo_id_paraid_overflow_redline_913d076e79.docx,with_comments_tracking/pdf/eb2f3c86b5_vfdsdfcacawesd_suggesting_mixed_edits__vs__cefef4e4f5_yellow_highlight_demo_id_paraid_overflow_redline_913d076e79.pdf,with_comments_tracking,913d076e79,word_based;fixtures_word_compares,eb2f3c86b50101e09c534561f08566da40952819d762f60df64a1fbe0356dfb8,cefef4e4f5e649393173476767b97d4b74c52727651070db08c0b7d8696c4616,913d076e79eeeeb3fbcb8dbe4fd149417c3d7dd318af7f88afa4f4ddd4c3f37e,cdf85a75e7a9d83421883c3a681d20a89c1c047fc61472ec7c2753da646b3402
ed0aa93b58_file_18__vs__9bf625ba95_file_19_redline_8694636a78,clean/docx/ed0aa93b58_file_18,with_comments_tracking/docx/9bf625ba95_file_19,with_comments_tracking/docx/ed0aa93b58_file_18__vs__9bf625ba95_file_19_redline_8694636a78.docx,with_comments_tracking/pdf/ed0aa93b58_file_18__vs__9bf625ba95_file_19_redline_8694636a78.pdf,with_comments_tracking,8694636a78,word_based_randomized,ed0aa93b581b6c981d6a5322d4a7a19e2ab039b5088597eb0f22fefac3f8bb7f,9bf625ba95111feb1a9636062193b0a0ddcb9ddc142c3ed27ef6584100e3349e,8694636a7879f155bf5164751a4f9a794b9ab900f37ae0094f263f47e46ab87e,9795f2301b1d1d09acb29ec60ec459140d7414f16b84de1bebf84b76dc3d002f
ee61fb4ab3_super_editor__base_ordered_fdff1fb2__vs__f529133cd5_super_editor__basic_comment_d3ba5f1e_redline_cb0a7d2c98,clean/docx/ee61fb4ab3_super_editor__base_ordered_fdff1fb2,with_comments_clean/docx/f529133cd5_super_editor__basic_comment_d3ba5f1e,with_comments_tracking/docx/ee61fb4ab3_super_editor__base_ordered_fdff1fb2__vs__f529133cd5_super_editor__basic_comment_d3ba5f1e_redline_cb0a7d2c98.docx,with_comments_tracking/pdf/ee61fb4ab3_super_editor__base_ordered_fdff1fb2__vs__f529133cd5_super_editor__basic_comment_d3ba5f1e_redline_cb0a7d2c98.pdf,with_comments_tracking,cb0a7d2c98,word_redlines_superdoc_0926,ee61fb4ab3e66529a14df8abc4b3e9b9c1bd4c08d613062df927b606998d011f,f529133cd5ff5128ac1f8d66a06094eaf050f4a430ac839835ee151266cee291,cb0a7d2c9848039c35fcdf8363f7900407c33abc1dbcc9a74c7d14634c2eb1b2,f29a7d3c8431c5570801bd6bb35a88496ebb6b1ce2b39b5c2345e911507fcb78
ee9bfc2650_docx_lots_of_comments_addition_removal_redline_r__vs__3fcadf4761_docx_lots_of_comments_addition_removal_redline_redline_58cd08049b,with_comments_tracking/docx/ee9bfc2650_docx_lots_of_comments_addition_removal_redline_r,with_comments_tracking/docx/3fcadf4761_docx_lots_of_comments_addition_removal_redline,with_comments_clean/docx/ee9bfc2650_docx_lots_of_comments_addition_removal_redline_r__vs__3fcadf4761_docx_lots_of_comments_addition_removal_redline_redline_58cd08049b.docx,with_comments_clean/pdf/ee9bfc2650_docx_lots_of_comments_addition_removal_redline_r__vs__3fcadf4761_docx_lots_of_comments_addition_removal_redline_redline_58cd08049b.pdf,with_comments_clean,58cd08049b,word_based,ee9bfc2650503dac359a7411fac700c01b07b0684989f81c91cbbf4fde6c4084,3fcadf476128e5bb229df71c9a3ca0992c34f7c93216598975b2d32dc347362b,58cd08049bee47674f725d9ab97c0617496d5ca35a7b476b32e8dfb678560821,24bb38764b026a4ac87820d2d0ed0096531c371192edea6c43f3a5bd5b6535da
ef7218d9e8_001893584bf94ff30c98db48cb8a0ea0ea5abc048f3e1a4d__vs__2e04202552_000e3e7bd2d6215fc7b469cc3e296c1b2a510bc1abc7e0fd_redline_bedd714410,clean/docx/ef7218d9e8_001893584bf94ff30c98db48cb8a0ea0ea5abc048f3e1a4d,clean/docx/2e04202552_000e3e7bd2d6215fc7b469cc3e296c1b2a510bc1abc7e0fd,tracking_without_comments/docx/ef7218d9e8_001893584bf94ff30c98db48cb8a0ea0ea5abc048f3e1a4d__vs__2e04202552_000e3e7bd2d6215fc7b469cc3e296c1b2a510bc1abc7e0fd_redline_bedd714410.docx,tracking_without_comments/pdf/ef7218d9e8_001893584bf94ff30c98db48cb8a0ea0ea5abc048f3e1a4d__vs__2e04202552_000e3e7bd2d6215fc7b469cc3e296c1b2a510bc1abc7e0fd_redline_bedd714410.pdf,tracking_without_comments,bedd714410,redlines_a100_b10,ef7218d9e80c55d1a068b54c38bbe7976038847ba627f9582d7675a27aa65be1,2e042025528818822ef7f3ccf73977ae3e3e7cff864682b5c0060083284d8ae7,bedd714410044e93d634a9f42cd93e23e580b026d292e2a93a414eda33c371fb,27c91d1180b711c9902fbcfd906aa59907d9b13b9497edbafdacc7185128f871
ef7218d9e8_001893584bf94ff30c98db48cb8a0ea0ea5abc048f3e1a4d__vs__333bfe069a_003416d620331122b93b434dad901db5836f60d2cad4b533_redline_b626364e3d,clean/docx/ef7218d9e8_001893584bf94ff30c98db48cb8a0ea0ea5abc048f3e1a4d,clean/docx/333bfe069a_003416d620331122b93b434dad901db5836f60d2cad4b533,tracking_without_comments/docx/ef7218d9e8_001893584bf94ff30c98db48cb8a0ea0ea5abc048f3e1a4d__vs__333bfe069a_003416d620331122b93b434dad901db5836f60d2cad4b533_redline_b626364e3d.docx,tracking_without_comments/pdf/ef7218d9e8_001893584bf94ff30c98db48cb8a0ea0ea5abc048f3e1a4d__vs__333bfe069a_003416d620331122b93b434dad901db5836f60d2cad4b533_redline_b626364e3d.pdf,tracking_without_comments,b626364e3d,redlines_a100_b10,ef7218d9e80c55d1a068b54c38bbe7976038847ba627f9582d7675a27aa65be1,333bfe069af9a12a08ef3a6811ef6e3007f1c41d3f1ed9a87816a010e1aaa443,b626364e3d5d26cbce43620e86625ef7f9d18af8dddaab52a0a4673f58db4107,ef580a822c20c074b0b29efca3ef105d8d6179186d0e13f84c51c18cf36f5d76
f0f90aa0cf_981631a715108df2a9c75275cd04a5fc2495ce3ad604790b__vs__e0ada445ca_4f48d962d05d1fca7e32a424ff8e815c01637102694d57df_redline_6ddf25f1b8,clean/docx/f0f90aa0cf_981631a715108df2a9c75275cd04a5fc2495ce3ad604790b,clean/docx/e0ada445ca_4f48d962d05d1fca7e32a424ff8e815c01637102694d57df,tracking_without_comments/docx/f0f90aa0cf_981631a715108df2a9c75275cd04a5fc2495ce3ad604790b__vs__e0ada445ca_4f48d962d05d1fca7e32a424ff8e815c01637102694d57df_redline_6ddf25f1b8.docx,tracking_without_comments/pdf/f0f90aa0cf_981631a715108df2a9c75275cd04a5fc2495ce3ad604790b__vs__e0ada445ca_4f48d962d05d1fca7e32a424ff8e815c01637102694d57df_redline_6ddf25f1b8.pdf,tracking_without_comments,6ddf25f1b8,redlines_en_500,f0f90aa0cfc1c8b43e5e4a4ecaab7ea036a076f2dbaea050839723cb97537570,e0ada445ca5adbc540aac2e5c28e949a7615f234b4d889c291ce069d6f3d8b8a,6ddf25f1b88c64baf373ae899105fe570ccab99d7056f8ce2c0f69d8c91578ff,b089e98aab76056f5b05780ad2d9c942532fa877f72fa9a616fe6523695d96a8
f4e1903ff3_super_editor__sd_1707_list_enter_track_changes_w__vs__25f07e0823_super_editor__sd_1919_word_mixed_33e049ca_redline_a91147b7d6,clean/docx/f4e1903ff3_super_editor__sd_1707_list_enter_track_changes_w,clean/docx/25f07e0823_super_editor__sd_1919_word_mixed_33e049ca,tracking_without_comments/docx/f4e1903ff3_super_editor__sd_1707_list_enter_track_changes_w__vs__25f07e0823_super_editor__sd_1919_word_mixed_33e049ca_redline_a91147b7d6.docx,tracking_without_comments/pdf/f4e1903ff3_super_editor__sd_1707_list_enter_track_changes_w__vs__25f07e0823_super_editor__sd_1919_word_mixed_33e049ca_redline_a91147b7d6.pdf,tracking_without_comments,a91147b7d6,word_redlines_superdoc,f4e1903ff324fa47c7d3ec696dd75e3a599e4a0af2d88b743f7d48a00034af35,25f07e082335a5348afa52a97927f9f15238cd1c38ee9ca55fb221881f162594,a91147b7d674df90f4faa610e91b08f0a0ef7d6a1de0f49429bb9343ec16fa8c,cf4a101b07a9e4462ec1dc171d24c04392be87e7d3e503ada5d53a4d1423a1a3
f529133cd5_super_editor__basic_comment_d3ba5f1e__vs__199cb211b5_super_editor__basic_footnotes_5be96945_redline_b547e31a0d,with_comments_clean/docx/f529133cd5_super_editor__basic_comment_d3ba5f1e,clean/docx/199cb211b5_super_editor__basic_footnotes_5be96945,with_comments_tracking/docx/f529133cd5_super_editor__basic_comment_d3ba5f1e__vs__199cb211b5_super_editor__basic_footnotes_5be96945_redline_b547e31a0d.docx,with_comments_tracking/pdf/f529133cd5_super_editor__basic_comment_d3ba5f1e__vs__199cb211b5_super_editor__basic_footnotes_5be96945_redline_b547e31a0d.pdf,with_comments_tracking,b547e31a0d,word_redlines_superdoc_0926,f529133cd5ff5128ac1f8d66a06094eaf050f4a430ac839835ee151266cee291,199cb211b57215664082e0678ebf75a853cd99648468474b1ec353f468e07424,b547e31a0d8e6e8909e0af1ffc606b038485118d469bba8b64b2c492e59bf22c,ad797fdadd7535409679116b4c965bf7b20545284b39bd039324975b5f416ec6
f6e1c253ff_super_editor__diff_before9_9818a85f__vs__0e1d01ec7d_super_editor__doc_with_graphs_diagrams_rotated_e_redline_108d3b4e97,clean/docx/f6e1c253ff_super_editor__diff_before9_9818a85f,clean/docx/0e1d01ec7d_super_editor__doc_with_graphs_diagrams_rotated_e,tracking_without_comments/docx/f6e1c253ff_super_editor__diff_before9_9818a85f__vs__0e1d01ec7d_super_editor__doc_with_graphs_diagrams_rotated_e_redline_108d3b4e97.docx,tracking_without_comments/pdf/f6e1c253ff_super_editor__diff_before9_9818a85f__vs__0e1d01ec7d_super_editor__doc_with_graphs_diagrams_rotated_e_redline_108d3b4e97.pdf,tracking_without_comments,108d3b4e97,word_redlines_superdoc,f6e1c253ffb6a68b7629b65d004e5c647599aec51e88990bed3fe00083063870,0e1d01ec7dbad1d3dd92c26b6f0ee0e257af9ff6231536da17701c91d4144e2f,108d3b4e97a0f4e9f3778574003e44a4c8eef274d042a25ad544af1f9b148ca9,4d57b25df17ff5ac0442a69fed7a2090b1165c8229ed12dfe3d4a4641c8ed403
f71a12ee23_super_editor__fields_attrs1_83837249__vs__3539cf2404_cli_legacy__replace_test_0a793f01_redline_deb8669aa8,clean/docx/f71a12ee23_super_editor__fields_attrs1_83837249,with_comments_tracking/docx/3539cf2404_cli_legacy__replace_test_0a793f01,with_comments_tracking/docx/f71a12ee23_super_editor__fields_attrs1_83837249__vs__3539cf2404_cli_legacy__replace_test_0a793f01_redline_deb8669aa8.docx,with_comments_tracking/pdf/f71a12ee23_super_editor__fields_attrs1_83837249__vs__3539cf2404_cli_legacy__replace_test_0a793f01_redline_deb8669aa8.pdf,with_comments_tracking,deb8669aa8,word_redlines_superdoc_0926,f71a12ee2385b78622d89217a7b68910d45673263f8c207def76cf19333b4ffd,3539cf24044e459a8ee7a22fc5c15e6dd79f6894a88d62b10773fc451b0695d8,deb8669aa8887e409c38a6c1671d0e00f3661d69ce17232b23788d1e07238d9e,2318f185ec934e6fd383d5bd96a7b1b0cec0142663ca6cbef5d627c01c5f764f
f71a12ee23_super_editor__fields_attrs1_83837249__vs__8db63962d9_super_editor__fields_attrs2_fonts_ebd792fb_redline_5756dc792f,clean/docx/f71a12ee23_super_editor__fields_attrs1_83837249,clean/docx/8db63962d9_super_editor__fields_attrs2_fonts_ebd792fb,tracking_without_comments/docx/f71a12ee23_super_editor__fields_attrs1_83837249__vs__8db63962d9_super_editor__fields_attrs2_fonts_ebd792fb_redline_5756dc792f.docx,tracking_without_comments/pdf/f71a12ee23_super_editor__fields_attrs1_83837249__vs__8db63962d9_super_editor__fields_attrs2_fonts_ebd792fb_redline_5756dc792f.pdf,tracking_without_comments,5756dc792f,word_redlines_superdoc_0926,f71a12ee2385b78622d89217a7b68910d45673263f8c207def76cf19333b4ffd,8db63962d9b0203bba5c557244349b75b9fa0743253ab161d9cb33cf483924d3,5756dc792f89f025a4a0461624b866ad249073205d29652e29ffcbab138a83aa,1c650851772d7e66c8867c8033169408b315d436fdbf101be12a076bfba4ff34
0048ba31dd_000be19a055234f8e79ec0baadc41d2a49050b2ea0a60654__vs__2e04202552_000e3e7bd2d6215fc7b469cc3e296c1b2a510bc1abc7e0fd_redline_eb12b8215b,clean/docx/0048ba31dd_000be19a055234f8e79ec0baadc41d2a49050b2ea0a60654,clean/docx/2e04202552_000e3e7bd2d6215fc7b469cc3e296c1b2a510bc1abc7e0fd,tracking_without_comments/docx/0048ba31dd_000be19a055234f8e79ec0baadc41d2a49050b2ea0a60654__vs__2e04202552_000e3e7bd2d6215fc7b469cc3e296c1b2a510bc1abc7e0fd_redline_eb12b8215b.docx,tracking_without_comments/pdf/0048ba31dd_000be19a055234f8e79ec0baadc41d2a49050b2ea0a60654__vs__2e04202552_000e3e7bd2d6215fc7b469cc3e296c1b2a510bc1abc7e0fd_redline_eb12b8215b.pdf,tracking_without_comments,eb12b8215b,redlines_a100_b10,0048ba31dd09858f0cdb791e866796f171a8aa9fd9fff2bee6b3d1964af8b49b,2e042025528818822ef7f3ccf73977ae3e3e7cff864682b5c0060083284d8ae7,eb12b8215b9e2e724e0a7615ed513510b02388a03a4fc1802789215751c64a00,5b7ac7425d0b1139d0b9af141c1aad90944615969c23cb47cb0440895cf7f326
079f874985_d7c6db54eed56cba8e414272fd1de8d10df8257850e68fc5__vs__d4f4f33ca7_ce3c279407c9eb4e94d8e9f4ca9e68b8f882674fc6a1caff_redline_51c9eab1af,clean/docx/079f874985_d7c6db54eed56cba8e414272fd1de8d10df8257850e68fc5,with_comments_clean/docx/d4f4f33ca7_ce3c279407c9eb4e94d8e9f4ca9e68b8f882674fc6a1caff,with_comments_tracking/docx/079f874985_d7c6db54eed56cba8e414272fd1de8d10df8257850e68fc5__vs__d4f4f33ca7_ce3c279407c9eb4e94d8e9f4ca9e68b8f882674fc6a1caff_redline_51c9eab1af.docx,with_comments_tracking/pdf/079f874985_d7c6db54eed56cba8e414272fd1de8d10df8257850e68fc5__vs__d4f4f33ca7_ce3c279407c9eb4e94d8e9f4ca9e68b8f882674fc6a1caff_redline_51c9eab1af.pdf,with_comments_tracking,51c9eab1af,redlines_en_500,079f87498540dd841565977dd23ffe75ab5351a32e8360723f160c13b42f9603,d4f4f33ca7d80e1e3779e2b6492a779db518fc78443e0b4dedd767af59b06ef0,51c9eab1af397ac5376eb1ab7ba9f7443e867ea2fcc7f0076457d66bba5be5c0,7e250375d3989bb09b72b6e564f95d76781b56aff39a4fd4c34898d2b03e39c7
0800162a66_000799b53487acb327ccf0c0ab87fb14b9e8636346719296__vs__2e04202552_000e3e7bd2d6215fc7b469cc3e296c1b2a510bc1abc7e0fd_redline_f7ff3d75ec,clean/docx/0800162a66_000799b53487acb327ccf0c0ab87fb14b9e8636346719296,clean/docx/2e04202552_000e3e7bd2d6215fc7b469cc3e296c1b2a510bc1abc7e0fd,tracking_without_comments/docx/0800162a66_000799b53487acb327ccf0c0ab87fb14b9e8636346719296__vs__2e04202552_000e3e7bd2d6215fc7b469cc3e296c1b2a510bc1abc7e0fd_redline_f7ff3d75ec.docx,tracking_without_comments/pdf/0800162a66_000799b53487acb327ccf0c0ab87fb14b9e8636346719296__vs__2e04202552_000e3e7bd2d6215fc7b469cc3e296c1b2a510bc1abc7e0fd_redline_f7ff3d75ec.pdf,tracking_without_comments,f7ff3d75ec,redlines_a100_b10,0800162a66446d755f5a3871e3927ebe4b73dbce82925fbccb759f85793b0198,2e042025528818822ef7f3ccf73977ae3e3e7cff864682b5c0060083284d8ae7,f7ff3d75ec62d8148d470825f3ea5b891758869351d7cf3f2c06c2cf6243e280,efe9cb9de15232cecdcc49f18a8ba8870b13cb8461f927a827383d78cb56494f
0800162a66_000799b53487acb327ccf0c0ab87fb14b9e8636346719296__vs__deff0e697a_00b5defcad6e58038eac35472a2d48c89905068e5ece0cc3_redline_0a26c74d55,clean/docx/0800162a66_000799b53487acb327ccf0c0ab87fb14b9e8636346719296,clean/docx/deff0e697a_00b5defcad6e58038eac35472a2d48c89905068e5ece0cc3,tracking_without_comments/docx/0800162a66_000799b53487acb327ccf0c0ab87fb14b9e8636346719296__vs__deff0e697a_00b5defcad6e58038eac35472a2d48c89905068e5ece0cc3_redline_0a26c74d55.docx,tracking_without_comments/pdf/0800162a66_000799b53487acb327ccf0c0ab87fb14b9e8636346719296__vs__deff0e697a_00b5defcad6e58038eac35472a2d48c89905068e5ece0cc3_redline_0a26c74d55.pdf,tracking_without_comments,0a26c74d55,redlines_a100_b10,0800162a66446d755f5a3871e3927ebe4b73dbce82925fbccb759f85793b0198,deff0e697a2dfbcc4a41b9b979b9d9cb54b60ef4c9e5bc588011e6bda3fc0af2,0a26c74d55387a6c0c88360b13d4ee3a81fb8681ea7ca0e999181d66639cf0a1,fb32a12ac611975a3c0d51c9d8a8df177ec43614b0e9b203a6e54dd092c54098
08e3f68925_bold_underline_combined_demo_id_paraid_overflow__vs__e29df71807_bold_underline_highlight_demo_id_paraid_overflow_redline_eab3698414,clean/docx/08e3f68925_bold_underline_combined_demo_id_paraid_overflow,clean/docx/e29df71807_bold_underline_highlight_demo_id_paraid_overflow,tracking_without_comments/docx/08e3f68925_bold_underline_combined_demo_id_paraid_overflow__vs__e29df71807_bold_underline_highlight_demo_id_paraid_overflow_redline_eab3698414.docx,tracking_without_comments/pdf/08e3f68925_bold_underline_combined_demo_id_paraid_overflow__vs__e29df71807_bold_underline_highlight_demo_id_paraid_overflow_redline_eab3698414.pdf,tracking_without_comments,eab3698414,word_based,08e3f68925b025a9cf1f86da1e980055bcbe3477130c1c150a59e09b5ffc9f6e,e29df71807fe8f2e6880ec19158908e8cb8cad8cd141ced6aaa2d549d48f1a38,eab3698414ae28ff6392c7b4c17851c6df97a0ebd76c23760f616700aea0626e,b5e22f79f1a043050b1f2d14009485dc1ccef710364073e515c57d3cda59b280
09c4b04252_project_tasks_suggesting_insertions_2__vs__c40c88e402_project_tasks_suggesting_insertions_redline_f2b0b00c65,tracking_without_comments/docx/09c4b04252_project_tasks_suggesting_insertions_2,tracking_without_comments/docx/c40c88e402_project_tasks_suggesting_insertions,tracking_without_comments/docx/09c4b04252_project_tasks_suggesting_insertions_2__vs__c40c88e402_project_tasks_suggesting_insertions_redline_f2b0b00c65.docx,tracking_without_comments/pdf/09c4b04252_project_tasks_suggesting_insertions_2__vs__c40c88e402_project_tasks_suggesting_insertions_redline_f2b0b00c65.pdf,tracking_without_comments,f2b0b00c65,word_based;fixtures_word_compares,09c4b042529fe28b57d4425f40cc36b868bcbca985b99d59b9d291899aed7fee,c40c88e40233f55de3eefa9e454a08421611f6bc5457ef10bddef799886e37d9,f2b0b00c6561f538c4c43ca91e12ac39b080b06600f696a6d2997d58aa044d5b,3d92e28f969a90d65737fca7b529b779df02ade6f395d602fa7cefda53c62782
0b2a46481b_nested_table_rowspan__vs__bdd82b239b_numbered_list_demo_id_paraid_overflow_redline_c053ccd3b8,clean/docx/0b2a46481b_nested_table_rowspan,clean/docx/bdd82b239b_numbered_list_demo_id_paraid_overflow,tracking_without_comments/docx/0b2a46481b_nested_table_rowspan__vs__bdd82b239b_numbered_list_demo_id_paraid_overflow_redline_c053ccd3b8.docx,tracking_without_comments/pdf/0b2a46481b_nested_table_rowspan__vs__bdd82b239b_numbered_list_demo_id_paraid_overflow_redline_c053ccd3b8.pdf,tracking_without_comments,c053ccd3b8,word_based;fixtures_word_compares,0b2a46481bc525c0f97fa961708986c6da14c4bd0be59cd59cbd574c50f8eb29,bdd82b239b256d2525f40573fddf9df516c728b4331e692edffc94d33e4beb4b,c053ccd3b880a9c987d97bdb24c127ff0951e2a2d1c87094e618f3e349817576,99cb48e6f17c4684a5bf4053a452c537845460c194062f3d4359855b878d554d
0bf5192ed0_00afb3e6b2bb1a5ab1e1770ba41f6f455f87472d24ab2767__vs__a5f2b9318d_002aa60c2ae1187417b4b157c5ec6450324cc056ec551a12_redline_986a611d64,tracking_without_comments/docx/0bf5192ed0_00afb3e6b2bb1a5ab1e1770ba41f6f455f87472d24ab2767,clean/docx/a5f2b9318d_002aa60c2ae1187417b4b157c5ec6450324cc056ec551a12,tracking_without_comments/docx/0bf5192ed0_00afb3e6b2bb1a5ab1e1770ba41f6f455f87472d24ab2767__vs__a5f2b9318d_002aa60c2ae1187417b4b157c5ec6450324cc056ec551a12_redline_986a611d64.docx,tracking_without_comments/pdf/0bf5192ed0_00afb3e6b2bb1a5ab1e1770ba41f6f455f87472d24ab2767__vs__a5f2b9318d_002aa60c2ae1187417b4b157c5ec6450324cc056ec551a12_redline_986a611d64.pdf,tracking_without_comments,986a611d64,redlines_a100_b10,0bf5192ed0d6ba82cc9ecbad5940363de544f771a0a61fa7c47fa2a60b44804d,a5f2b9318d75c4ea4591cd74ee984c4703aa1db45936aef0b3c120e01532bf72,986a611d64c7f7b97356fd45e8915a955ce2e46d838005e0550a34719b85523f,9c11c47d6c737aed55a87744cf3b52fb2e907dfdf90f04fadc1d74b8ebdfa3fa
0e6f813e69_00d2ca27359f3d1d5ee2c2904b48a3e4717faf7fdf6413f6__vs__342f364d46_001342333d45627868f4dc5282abbba4598a91b4a7584b08_redline_2a200ba71b,clean/docx/0e6f813e69_00d2ca27359f3d1d5ee2c2904b48a3e4717faf7fdf6413f6,clean/docx/342f364d46_001342333d45627868f4dc5282abbba4598a91b4a7584b08,tracking_without_comments/docx/0e6f813e69_00d2ca27359f3d1d5ee2c2904b48a3e4717faf7fdf6413f6__vs__342f364d46_001342333d45627868f4dc5282abbba4598a91b4a7584b08_redline_2a200ba71b.docx,tracking_without_comments/pdf/0e6f813e69_00d2ca27359f3d1d5ee2c2904b48a3e4717faf7fdf6413f6__vs__342f364d46_001342333d45627868f4dc5282abbba4598a91b4a7584b08_redline_2a200ba71b.pdf,tracking_without_comments,2a200ba71b,redlines_a100_b10,0e6f813e6991c1c56515c1803b08f1fee5dda4a40529eab1e6f2c1339702a5f7,342f364d460e7110bddf317847edec68f000c5c839e45722965da43da8abe7ba,2a200ba71b57bd314470b77cf6d477516a3c31a313d8b68a5721122b619fd39f,39c5d1c3cb931c34cfbe56399d817d1b61dbd09bb1b4edf6ce4947f7d64938e3
0e6f813e69_00d2ca27359f3d1d5ee2c2904b48a3e4717faf7fdf6413f6__vs__deff0e697a_00b5defcad6e58038eac35472a2d48c89905068e5ece0cc3_redline_fce8ea8032,clean/docx/0e6f813e69_00d2ca27359f3d1d5ee2c2904b48a3e4717faf7fdf6413f6,clean/docx/deff0e697a_00b5defcad6e58038eac35472a2d48c89905068e5ece0cc3,tracking_without_comments/docx/0e6f813e69_00d2ca27359f3d1d5ee2c2904b48a3e4717faf7fdf6413f6__vs__deff0e697a_00b5defcad6e58038eac35472a2d48c89905068e5ece0cc3_redline_fce8ea8032.docx,tracking_without_comments/pdf/0e6f813e69_00d2ca27359f3d1d5ee2c2904b48a3e4717faf7fdf6413f6__vs__deff0e697a_00b5defcad6e58038eac35472a2d48c89905068e5ece0cc3_redline_fce8ea8032.pdf,tracking_without_comments,fce8ea8032,redlines_a100_b10,0e6f813e6991c1c56515c1803b08f1fee5dda4a40529eab1e6f2c1339702a5f7,deff0e697a2dfbcc4a41b9b979b9d9cb54b60ef4c9e5bc588011e6bda3fc0af2,fce8ea8032e5efa3b1995c10b3241208d798d2b4dc59f2b1e55fe6d7adf5b326,b01e336b3df68de36c88bf1f852fe354c40d6079b498490ac461a942487a046f
0ea7414d2c_support_tickets_table__vs__6683d1be44_table_bookmark_end_redline_ff4144939a,clean/docx/0ea7414d2c_support_tickets_table,clean/docx/6683d1be44_table_bookmark_end,tracking_without_comments/docx/0ea7414d2c_support_tickets_table__vs__6683d1be44_table_bookmark_end_redline_ff4144939a.docx,tracking_without_comments/pdf/0ea7414d2c_support_tickets_table__vs__6683d1be44_table_bookmark_end_redline_ff4144939a.pdf,tracking_without_comments,ff4144939a,nocomments,0ea7414d2c4843e151a00703c598ab8a601fb7327ba1a4a529438a8577b48915,6683d1be44f15d3ee8489c9943c1224b367d1b660a56691e9e54d8cd3e332294,ff4144939a63db83043be4505976f4b3af64124b4adc3532e21e70d4228cf44a,c8ffe894fdbbc22bf3fdd3804be6b264051a98fd66fc7ae875208b40377a0581
12941c2a77_0023298b011b45232675215822f0f728678a238756d763c8__vs__deff0e697a_00b5defcad6e58038eac35472a2d48c89905068e5ece0cc3_redline_ef3fa5ea66,clean/docx/12941c2a77_0023298b011b45232675215822f0f728678a238756d763c8,clean/docx/deff0e697a_00b5defcad6e58038eac35472a2d48c89905068e5ece0cc3,tracking_without_comments/docx/12941c2a77_0023298b011b45232675215822f0f728678a238756d763c8__vs__deff0e697a_00b5defcad6e58038eac35472a2d48c89905068e5ece0cc3_redline_ef3fa5ea66.docx,tracking_without_comments/pdf/12941c2a77_0023298b011b45232675215822f0f728678a238756d763c8__vs__deff0e697a_00b5defcad6e58038eac35472a2d48c89905068e5ece0cc3_redline_ef3fa5ea66.pdf,tracking_without_comments,ef3fa5ea66,redlines_a100_b10,12941c2a772176385ca961a9d136daf6e5f1f70a10caa98f3ebb7405b1fc6243,deff0e697a2dfbcc4a41b9b979b9d9cb54b60ef4c9e5bc588011e6bda3fc0af2,ef3fa5ea661dcbcb42d0323655b711828345e3b5afc112f93d3b611ddfddd855,dc4a398500c018f8c1e3f08329888ecf38b1c633521ac40c361524d7e88a66f0
14f06affbf_30d707ed0c807a2118b37014c5b1ae48bc042da6310c6e07__vs__37c0369ce2_0c0c9334d933085775ef6320a8c741d98cc95ae29c0b70bf_redline_e32180088d,clean/docx/14f06affbf_30d707ed0c807a2118b37014c5b1ae48bc042da6310c6e07,clean/docx/37c0369ce2_0c0c9334d933085775ef6320a8c741d98cc95ae29c0b70bf,tracking_without_comments/docx/14f06affbf_30d707ed0c807a2118b37014c5b1ae48bc042da6310c6e07__vs__37c0369ce2_0c0c9334d933085775ef6320a8c741d98cc95ae29c0b70bf_redline_e32180088d.docx,tracking_without_comments/pdf/14f06affbf_30d707ed0c807a2118b37014c5b1ae48bc042da6310c6e07__vs__37c0369ce2_0c0c9334d933085775ef6320a8c741d98cc95ae29c0b70bf_redline_e32180088d.pdf,tracking_without_comments,e32180088d,redlines_en_500,14f06affbff2cb45bfc1f1ec96978a861c789b161dac51900b08822925bc9259,37c0369ce223dfcbe1b9bfd90895d8e5e14095a251aca7b00dfb1ed02c88911f,e32180088dc8871f30fcae1d8e68f4e1b0fa09e9c0618a25dfe028cc6964ba2a,0ca677b03287aa5a55b02d3cbe17e78564963029846f37462762dbc0b0396ee5
193054264a_127a38d92f96a2a732d0f22d6eaad012191ba6d7525d619a__vs__0a3a0c1a32_36c6d281d1ea6bbef531f8c4ac6f8a3089348db8d85da6c6_redline_ff806d3b39,clean/docx/193054264a_127a38d92f96a2a732d0f22d6eaad012191ba6d7525d619a,clean/docx/0a3a0c1a32_36c6d281d1ea6bbef531f8c4ac6f8a3089348db8d85da6c6,tracking_without_comments/docx/193054264a_127a38d92f96a2a732d0f22d6eaad012191ba6d7525d619a__vs__0a3a0c1a32_36c6d281d1ea6bbef531f8c4ac6f8a3089348db8d85da6c6_redline_ff806d3b39.docx,tracking_without_comments/pdf/193054264a_127a38d92f96a2a732d0f22d6eaad012191ba6d7525d619a__vs__0a3a0c1a32_36c6d281d1ea6bbef531f8c4ac6f8a3089348db8d85da6c6_redline_ff806d3b39.pdf,tracking_without_comments,ff806d3b39,redlines_en_500,193054264af114c80a7b453c50c5d38bd56db6cccc9f2d6880b8fd26e55eee98,0a3a0c1a324fd35e95eea343b5da283fc2641afffe21879f99936969e09be900,ff806d3b394e93d432d7266b363969d8aaade76ac09374eb63806bb5044514bd,d0c68636b632795f8ef39e20cd7ac1ff4363b25b81ce112216a2210262528918
1aa7a03758_004c43cb816aed2ca4b0d0adf6e2bb8f115182135f2b4b42__vs__1424386e9b_017447de83753a0e3b7afc659df038ef56972925336c6a5b_redline_b1191f033d,clean/docx/1aa7a03758_004c43cb816aed2ca4b0d0adf6e2bb8f115182135f2b4b42,clean/docx/1424386e9b_017447de83753a0e3b7afc659df038ef56972925336c6a5b,tracking_without_comments/docx/1aa7a03758_004c43cb816aed2ca4b0d0adf6e2bb8f115182135f2b4b42__vs__1424386e9b_017447de83753a0e3b7afc659df038ef56972925336c6a5b_redline_b1191f033d.docx,tracking_without_comments/pdf/1aa7a03758_004c43cb816aed2ca4b0d0adf6e2bb8f115182135f2b4b42__vs__1424386e9b_017447de83753a0e3b7afc659df038ef56972925336c6a5b_redline_b1191f033d.pdf,tracking_without_comments,b1191f033d,redlines_a100_b10,1aa7a03758dde6100e6d4fe3e2fb494f15b0ebd89233517b8d2581e29c8c770d,1424386e9b0290e0bed413bec09828863b992fed80d2cb2d57cc75814e576393,b1191f033dfddd59257f0c8bc78b35a879db26a17f2e53d8e9103759ca29563c,2e80ed730a87c295c5f7ada0e8ca4e17038e9582f3d79047905863fad4f38db2
1e1a24aeab_right_align_bold_demo_id_paraid_overflow__vs__2b267ac531_right_aligned_italic_demo_id_paraid_overflow_redline_4477d8566b,clean/docx/1e1a24aeab_right_align_bold_demo_id_paraid_overflow,clean/docx/2b267ac531_right_aligned_italic_demo_id_paraid_overflow,tracking_without_comments/docx/1e1a24aeab_right_align_bold_demo_id_paraid_overflow__vs__2b267ac531_right_aligned_italic_demo_id_paraid_overflow_redline_4477d8566b.docx,tracking_without_comments/pdf/1e1a24aeab_right_align_bold_demo_id_paraid_overflow__vs__2b267ac531_right_aligned_italic_demo_id_paraid_overflow_redline_4477d8566b.pdf,tracking_without_comments,4477d8566b,word_based,1e1a24aeab51d9bed85a5dc7778de6e2a92dd2beb72d7295c1a74b3043a72ba2,2b267ac53159ae7f299835cf554f4a5f2bb2f8546955c933ae7862c24f7b507c,4477d8566b92f566564d960fbf525896d3a7a9e0f8c5ce2b219ca40b27c75ab1,26bf79e4ae7f4bed3b55c96b994bbc57d2b62c6607d1e0a42d489b0051f7dd99
24bd3ad29d_center_aligned_bold_text_id_paraid_overflow__vs__a98d0a8c12_center_alignment_demo_id_paraid_overflow_2_redline_9cb9af0f50,clean/docx/24bd3ad29d_center_aligned_bold_text_id_paraid_overflow,clean/docx/a98d0a8c12_center_alignment_demo_id_paraid_overflow_2,tracking_without_comments/docx/24bd3ad29d_center_aligned_bold_text_id_paraid_overflow__vs__a98d0a8c12_center_alignment_demo_id_paraid_overflow_2_redline_9cb9af0f50.docx,tracking_without_comments/pdf/24bd3ad29d_center_aligned_bold_text_id_paraid_overflow__vs__a98d0a8c12_center_alignment_demo_id_paraid_overflow_2_redline_9cb9af0f50.pdf,tracking_without_comments,9cb9af0f50,fixtures_word_compares;pdf_fill_0928,24bd3ad29d88631318fbc90172f43f6575d4fe8944b3fa27102c9b77713aa0f4,a98d0a8c1201c45166ac02a64a0516c7b98f4bfb27ff0cd5a207e43363f5975c,9cb9af0f504bbd3d01ecdcd4da8c3de6d739517cd18bd1b23a25c7aeb8cc582e,7cedacdddb32a1d0b10edd25947315e2c723cf18ba1cb7bb0eedf6ba6b915854
25937ddb49_d45aa3d5fdc962c7ae968e4118ab0f865de156c0d720ac0d__vs__f7988c556b_069252c3fde38e4d9f87c5a8a48590195facf9a409032580_redline_63b66681b7,clean/docx/25937ddb49_d45aa3d5fdc962c7ae968e4118ab0f865de156c0d720ac0d,clean/docx/f7988c556b_069252c3fde38e4d9f87c5a8a48590195facf9a409032580,tracking_without_comments/docx/25937ddb49_d45aa3d5fdc962c7ae968e4118ab0f865de156c0d720ac0d__vs__f7988c556b_069252c3fde38e4d9f87c5a8a48590195facf9a409032580_redline_63b66681b7.docx,tracking_without_comments/pdf/25937ddb49_d45aa3d5fdc962c7ae968e4118ab0f865de156c0d720ac0d__vs__f7988c556b_069252c3fde38e4d9f87c5a8a48590195facf9a409032580_redline_63b66681b7.pdf,tracking_without_comments,63b66681b7,redlines_en_500,25937ddb491313d98eb8004d3232cc78f053e61e25fa31ba57b014cfec77438c,f7988c556be0b6eb5398e80d6b744939e76e68a369484c613554ccdef4ae164d,63b66681b7b10001e739d5333cc3872a84c4260cae41c8ad788fb2a9b1cbaac4,56ebdbb0220ed87d99ffb2669ffe8714a969d789f1c10f6d0925c5a379aa8216
277b6145d6_italic_and_underline_combo_style_default_missing__vs__e1201c51d4_italic_subscript_demo_style_default_missing_redline_eb9f33dadd,clean/docx/277b6145d6_italic_and_underline_combo_style_default_missing,clean/docx/e1201c51d4_italic_subscript_demo_style_default_missing,tracking_without_comments/docx/277b6145d6_italic_and_underline_combo_style_default_missing__vs__e1201c51d4_italic_subscript_demo_style_default_missing_redline_eb9f33dadd.docx,tracking_without_comments/pdf/277b6145d6_italic_and_underline_combo_style_default_missing__vs__e1201c51d4_italic_subscript_demo_style_default_missing_redline_eb9f33dadd.pdf,tracking_without_comments,eb9f33dadd,word_based_0926,277b6145d65ecb1c41a70919f2d6638e1d0cfea7a2d5eadcafbac7d595527bc8,e1201c51d41c9508be69c135168708010f94fa95fcbaa7252f15699868627a9d,eb9f33daddb3767a8fec677c859e07b4f075ab66ae720b7c05dd356b5e697987,cefa8915e8e3c60da51c8768f225c393f3d82377cf74c13a0a93cb1e41816d40
28a7b1d2bd_risk_assessment_product_launch_suggesting_insert__vs__8bf3c89c49_roboto_font_demo_id_paraid_overflow_2_redline_f903446fa2,tracking_without_comments/docx/28a7b1d2bd_risk_assessment_product_launch_suggesting_insert,clean/docx/8bf3c89c49_roboto_font_demo_id_paraid_overflow_2,tracking_without_comments/docx/28a7b1d2bd_risk_assessment_product_launch_suggesting_insert__vs__8bf3c89c49_roboto_font_demo_id_paraid_overflow_2_redline_f903446fa2.docx,tracking_without_comments/pdf/28a7b1d2bd_risk_assessment_product_launch_suggesting_insert__vs__8bf3c89c49_roboto_font_demo_id_paraid_overflow_2_redline_f903446fa2.pdf,tracking_without_comments,f903446fa2,nocomments,28a7b1d2bd14a70cf4595e7fce8814976069e151ccf6a1c05786f7353145db27,8bf3c89c49787c43a1c36ddf504dbcf2443a8acdfaac163c91ad1ab7b5d3cea2,f903446fa21442f634ee3ef9761816ec6d96f86b9da7ceb1937bb436e3d9e64e,7bb2503f1e9ef8c54f8e1c19da2b7a2071c0fcc33d92d8018622e0a5e37fafd1
2a7aebb7ce_1118d92e486cd8c59e3b10ec9f28ef9188ec989b1120da52__vs__196c44dfba_2663487136794495a0c6c3b7f67609c690cfe18469576cbb_redline_766a042194,clean/docx/2a7aebb7ce_1118d92e486cd8c59e3b10ec9f28ef9188ec989b1120da52,clean/docx/196c44dfba_2663487136794495a0c6c3b7f67609c690cfe18469576cbb,tracking_without_comments/docx/2a7aebb7ce_1118d92e486cd8c59e3b10ec9f28ef9188ec989b1120da52__vs__196c44dfba_2663487136794495a0c6c3b7f67609c690cfe18469576cbb_redline_766a042194.docx,tracking_without_comments/pdf/2a7aebb7ce_1118d92e486cd8c59e3b10ec9f28ef9188ec989b1120da52__vs__196c44dfba_2663487136794495a0c6c3b7f67609c690cfe18469576cbb_redline_766a042194.pdf,tracking_without_comments,766a042194,redlines_en_500,2a7aebb7ce79d9b90d5b3f9d2b8a7f362ae08e5ee06b8d4700ad9818f7525d4e,196c44dfba0ff08c5a89d144ff7be84ace43b2d36dbee6eeb3b6aa91cfa367db,766a042194cc0e931f56c6882fb56fb7841f8fb6d7c2f34b493386a17a96295a,c956671753a067c670737a2fa8ff138141c45f7413782f8f33c06faa4b024254
2ad8d15e88_00e901c5aa86bd93002ce801375c57e44c2c78a0e5b308d3__vs__2e04202552_000e3e7bd2d6215fc7b469cc3e296c1b2a510bc1abc7e0fd_redline_9ea8efb431,clean/docx/2ad8d15e88_00e901c5aa86bd93002ce801375c57e44c2c78a0e5b308d3,clean/docx/2e04202552_000e3e7bd2d6215fc7b469cc3e296c1b2a510bc1abc7e0fd,tracking_without_comments/docx/2ad8d15e88_00e901c5aa86bd93002ce801375c57e44c2c78a0e5b308d3__vs__2e04202552_000e3e7bd2d6215fc7b469cc3e296c1b2a510bc1abc7e0fd_redline_9ea8efb431.docx,tracking_without_comments/pdf/2ad8d15e88_00e901c5aa86bd93002ce801375c57e44c2c78a0e5b308d3__vs__2e04202552_000e3e7bd2d6215fc7b469cc3e296c1b2a510bc1abc7e0fd_redline_9ea8efb431.pdf,tracking_without_comments,9ea8efb431,redlines_a100_b10,2ad8d15e88f5ab04a982e71ce6ba5c91c493402e167b5069ef12ebf51c0f22ec,2e042025528818822ef7f3ccf73977ae3e3e7cff864682b5c0060083284d8ae7,9ea8efb4312471d1c156fc9c5e5df9234cdefe9ecfc0475886d0c47d72d57729,962456f4b8ac7a2e0422defd03cd4a8ec7e538ed5d7845959c49c4f884fd0a69
2b267ac531_right_aligned_italic_demo_id_paraid_overflow__vs__133bbfae84_right_alignment_demo_id_paraid_overflow_2_redline_24c220ff48,clean/docx/2b267ac531_right_aligned_italic_demo_id_paraid_overflow,clean/docx/133bbfae84_right_alignment_demo_id_paraid_overflow_2,tracking_without_comments/docx/2b267ac531_right_aligned_italic_demo_id_paraid_overflow__vs__133bbfae84_right_alignment_demo_id_paraid_overflow_2_redline_24c220ff48.docx,tracking_without_comments/pdf/2b267ac531_right_aligned_italic_demo_id_paraid_overflow__vs__133bbfae84_right_alignment_demo_id_paraid_overflow_2_redline_24c220ff48.pdf,tracking_without_comments,24c220ff48,word_based_0926,2b267ac53159ae7f299835cf554f4a5f2bb2f8546955c933ae7862c24f7b507c,133bbfae846892407e97332e876c5142a09e842f534c79bc8d750cd1598e2bc3,24c220ff48f109e9f6bf8822c7a49635340b4703fea09f4aa97da31e76352dc0,a45afc2ca07f1663d993da00cff7a05e57a9c5087adc248f350bc1dd836194d1
2e7f1e6637_0120556a0553eb1ba39978d5911b7ce62be10a9bdc7c9191__vs__a5f2b9318d_002aa60c2ae1187417b4b157c5ec6450324cc056ec551a12_redline_da64554015,clean/docx/2e7f1e6637_0120556a0553eb1ba39978d5911b7ce62be10a9bdc7c9191,clean/docx/a5f2b9318d_002aa60c2ae1187417b4b157c5ec6450324cc056ec551a12,tracking_without_comments/docx/2e7f1e6637_0120556a0553eb1ba39978d5911b7ce62be10a9bdc7c9191__vs__a5f2b9318d_002aa60c2ae1187417b4b157c5ec6450324cc056ec551a12_redline_da64554015.docx,tracking_without_comments/pdf/2e7f1e6637_0120556a0553eb1ba39978d5911b7ce62be10a9bdc7c9191__vs__a5f2b9318d_002aa60c2ae1187417b4b157c5ec6450324cc056ec551a12_redline_da64554015.pdf,tracking_without_comments,da64554015,redlines_a100_b10,2e7f1e663767b95901277dbb01fbf50b7d5a5e2ad4362c283ffef93f9ea599ab,a5f2b9318d75c4ea4591cd74ee984c4703aa1db45936aef0b3c120e01532bf72,da645540151aa7353467f2c0aececa432ee2495d7e29fd0f6c6604a2cd9ec31f,1aaa056707466b72f2551b097b19b1acc4896f071e1ade8c129cdfc4ef4a9902
38694026fb_0003b3ae2b115676d918e72f694790ddb64563721bb4a48d__vs__1424386e9b_017447de83753a0e3b7afc659df038ef56972925336c6a5b_redline_d2553ac48a,clean/docx/38694026fb_0003b3ae2b115676d918e72f694790ddb64563721bb4a48d,clean/docx/1424386e9b_017447de83753a0e3b7afc659df038ef56972925336c6a5b,tracking_without_comments/docx/38694026fb_0003b3ae2b115676d918e72f694790ddb64563721bb4a48d__vs__1424386e9b_017447de83753a0e3b7afc659df038ef56972925336c6a5b_redline_d2553ac48a.docx,tracking_without_comments/pdf/38694026fb_0003b3ae2b115676d918e72f694790ddb64563721bb4a48d__vs__1424386e9b_017447de83753a0e3b7afc659df038ef56972925336c6a5b_redline_d2553ac48a.pdf,tracking_without_comments,d2553ac48a,redlines_a100_b10,38694026fb06f5884777f3322737cebd01cef62f191d396147781441e82b0646,1424386e9b0290e0bed413bec09828863b992fed80d2cb2d57cc75814e576393,d2553ac48a3d8ad3250fa55684d4f426a37d263fa4db014a79de0a7eb85b921b,8323ca3eea8dfeb4d92b78dae03bfc4b30a42eb26b7930e2e57207da15638b88
3f4801c5c0_project_plan_suggesting_insertions__vs__8cecb6c042_project_proposal_id_paraid_overflow_redline_f641b0ff64,tracking_without_comments/docx/3f4801c5c0_project_plan_suggesting_insertions,clean/docx/8cecb6c042_project_proposal_id_paraid_overflow,tracking_without_comments/docx/3f4801c5c0_project_plan_suggesting_insertions__vs__8cecb6c042_project_proposal_id_paraid_overflow_redline_f641b0ff64.docx,tracking_without_comments/pdf/3f4801c5c0_project_plan_suggesting_insertions__vs__8cecb6c042_project_proposal_id_paraid_overflow_redline_f641b0ff64.pdf,tracking_without_comments,f641b0ff64,nocomments,3f4801c5c00e60afc97969eeb3fb0ec1c4c2bf621cfd3d104df3a83f75e535e9,8cecb6c0424c53fa83ceefc5af8e5aa48b0defb693d423dfa10cb0ceb6e8d0d5,f641b0ff647e1f69bb9099c2bd3f779ae547f0b5d5ac7cf8dd46a634e2a2fd11,f1b4c445fa6aaa29e52d5a1799cdd2798cd48a75cb7dd1e37a7ff578d9cfc47d
3f9e7fe8a5_1909bbbfb6abdc12d641a5e88b1b98b8f68e11a3666816f9__vs__2604267933_77c0c55589e54ae1ef618a5d395870cdfa0db0500c90dc17_redline_172d60276a,clean/docx/3f9e7fe8a5_1909bbbfb6abdc12d641a5e88b1b98b8f68e11a3666816f9,clean/docx/2604267933_77c0c55589e54ae1ef618a5d395870cdfa0db0500c90dc17,tracking_without_comments/docx/3f9e7fe8a5_1909bbbfb6abdc12d641a5e88b1b98b8f68e11a3666816f9__vs__2604267933_77c0c55589e54ae1ef618a5d395870cdfa0db0500c90dc17_redline_172d60276a.docx,tracking_without_comments/pdf/3f9e7fe8a5_1909bbbfb6abdc12d641a5e88b1b98b8f68e11a3666816f9__vs__2604267933_77c0c55589e54ae1ef618a5d395870cdfa0db0500c90dc17_redline_172d60276a.pdf,tracking_without_comments,172d60276a,redlines_en_500,3f9e7fe8a5b0a81734249d2d8be7b15a29a1ddd83319a0f56bb4398c98a53abb,260426793354ac364e906cf5893368aec51e14865bb80037e7d551c6246f0952,172d60276a5dc2102b120e6b4f64d372ea16ace3669dd59320df26c883747149,b5e208c69a6036b9ba9d900d15c5cfece692a9574053e3d2303ef137eec828b9
3fc14675e5_italic_text_formatting_demo_id_paraid_overflow_2__vs__f26a5e4940_italic_text_formatting_demo_id_paraid_overflow_redline_7c3b405f35,clean/docx/3fc14675e5_italic_text_formatting_demo_id_paraid_overflow_2,clean/docx/f26a5e4940_italic_text_formatting_demo_id_paraid_overflow,tracking_without_comments/docx/3fc14675e5_italic_text_formatting_demo_id_paraid_overflow_2__vs__f26a5e4940_italic_text_formatting_demo_id_paraid_overflow_redline_7c3b405f35.docx,tracking_without_comments/pdf/3fc14675e5_italic_text_formatting_demo_id_paraid_overflow_2__vs__f26a5e4940_italic_text_formatting_demo_id_paraid_overflow_redline_7c3b405f35.pdf,tracking_without_comments,7c3b405f35,word_based,3fc14675e5e7f1565feebef9c79385bd63a7cd56a9bd911af708444218b203e1,f26a5e4940f1ccc47616886e7726566983f0db88398799ffbfac4fa259dc2533,7c3b405f35b7807d4471df9abd14569aa3e8703a220bd57c7e377b8ce7621214,46f12620215928585258cdf02a9396a23149d896197772a0430678c36e8bf3ff
45c1c5abec_table_vmerge_colspan__vs__a94f4c516b_text_box_redline_e0305725c1,clean/docx/45c1c5abec_table_vmerge_colspan,clean/docx/a94f4c516b_text_box,tracking_without_comments/docx/45c1c5abec_table_vmerge_colspan__vs__a94f4c516b_text_box_redline_e0305725c1.docx,tracking_without_comments/pdf/45c1c5abec_table_vmerge_colspan__vs__a94f4c516b_text_box_redline_e0305725c1.pdf,tracking_without_comments,e0305725c1,word_based;fixtures_word_compares,45c1c5abecd57ac13ed2b101fe90e046a2e368364ddc301a7d977b407179a585,a94f4c516bec29b7c2e2e219ad1799700f0eecd0ebf25ef7f8fc59c14db8fdc9,e0305725c10a3d22d3b9823d77467cc6c635e092ec4a1ef16d5243cc0c557c35,e73fd142dfd119b6d1830c8ac1c07a09dd3108875e42465fea72b1bf16505745
4841fd31f0_q1_sales_summary_table__vs__28033140a2_quarterly_performance_report_table_2_redline_86aef9a34a,clean/docx/4841fd31f0_q1_sales_summary_table,clean/docx/28033140a2_quarterly_performance_report_table_2,tracking_without_comments/docx/4841fd31f0_q1_sales_summary_table__vs__28033140a2_quarterly_performance_report_table_2_redline_86aef9a34a.docx,tracking_without_comments/pdf/4841fd31f0_q1_sales_summary_table__vs__28033140a2_quarterly_performance_report_table_2_redline_86aef9a34a.pdf,tracking_without_comments,86aef9a34a,nocomments,4841fd31f0cb8b905bfc83d9e5b8f5ae265646f10638512d721cba3dbc1312a5,28033140a2c18dde82549369d95bf3cf3bb1119833e2c79ebbab7f3eb0f2af11,86aef9a34a151208a7018371702507dc1b1ccfd1c27eb649b6ce8b07f7fba0be,3d28bff88c0306fb276df85e6e9e53c3f9328114745e1867bb18c52245d4ddd9
491a257507_blue_bold_centered_demo_id_paraid_overflow__vs__da68abdf72_blue_centered_title_demo_style_default_missing_redline_3b9982e41f,clean/docx/491a257507_blue_bold_centered_demo_id_paraid_overflow,clean/docx/da68abdf72_blue_centered_title_demo_style_default_missing,tracking_without_comments/docx/491a257507_blue_bold_centered_demo_id_paraid_overflow__vs__da68abdf72_blue_centered_title_demo_style_default_missing_redline_3b9982e41f.docx,tracking_without_comments/pdf/491a257507_blue_bold_centered_demo_id_paraid_overflow__vs__da68abdf72_blue_centered_title_demo_style_default_missing_redline_3b9982e41f.pdf,tracking_without_comments,3b9982e41f,fixtures_word_compares;pdf_fill_0928,491a25750702125a22197bdcd5a83047da989d7b790d2443e9f115a5298655f6,da68abdf72259ded8c1b97f841ebe3a8e16229712f75bda3406ec988a7c92a1f,3b9982e41f78831670a9d6166d282f205d4da17206a5ce700c2e26b7eeb92ebc,68c6508f6e9cc75aab9df49f81b9a7735ee258297ac23d320ead46b38bd0a894
4ad775158b_bold_red_text_combo_id_paraid_overflow__vs__02c9605488_bold_superscript_demo_style_default_missing_redline_4eefb99db1,clean/docx/4ad775158b_bold_red_text_combo_id_paraid_overflow,clean/docx/02c9605488_bold_superscript_demo_style_default_missing,tracking_without_comments/docx/4ad775158b_bold_red_text_combo_id_paraid_overflow__vs__02c9605488_bold_superscript_demo_style_default_missing_redline_4eefb99db1.docx,tracking_without_comments/pdf/4ad775158b_bold_red_text_combo_id_paraid_overflow__vs__02c9605488_bold_superscript_demo_style_default_missing_redline_4eefb99db1.pdf,tracking_without_comments,4eefb99db1,word_based_0926,4ad775158b7cd711a2cdb8999b6ac1c12b465a461d60d26975efedf398703d11,02c960548885c5ffe978fa7b95fb5a14bb45f7da20bc4bdf856d2c7109539616,4eefb99db149f1f339473515f1e95970ec7120235817c0a5e8b5c7cd535f162b,103f7e0a5479d279512b9605a2b61a4bba9f0bf9bf35a0f6c867ada6b0568b03
4c0d04c85d_book_catalog_id_paraid_overflow__vs__7cab5fbdbe_book_catalog_table_redline_b6a0f44ca8,clean/docx/4c0d04c85d_book_catalog_id_paraid_overflow,clean/docx/7cab5fbdbe_book_catalog_table,tracking_without_comments/docx/4c0d04c85d_book_catalog_id_paraid_overflow__vs__7cab5fbdbe_book_catalog_table_redline_b6a0f44ca8.docx,tracking_without_comments/pdf/4c0d04c85d_book_catalog_id_paraid_overflow__vs__7cab5fbdbe_book_catalog_table_redline_b6a0f44ca8.pdf,tracking_without_comments,b6a0f44ca8,word_based,4c0d04c85d66a6550a4d4daad86635cea9a655ebf79405068728dd3680ff604a,7cab5fbdbeb09ec32a9fe9a5642ef4b02caaf8f94227045207e6db04e4b5ca9e,b6a0f44ca8c08a5771ab239439ce3ff1533d2171dee7cbc9a3745c9b7ae2a22e,3abb4436dcbca3ac3420f235f29e1ec0df9476bf397f4d74663d352f77843f6d
4db02133f5_0007ed60dbbc648e714534360ae72dd054c8322b82ac5609__vs__342f364d46_001342333d45627868f4dc5282abbba4598a91b4a7584b08_redline_f309056f9b,clean/docx/4db02133f5_0007ed60dbbc648e714534360ae72dd054c8322b82ac5609,clean/docx/342f364d46_001342333d45627868f4dc5282abbba4598a91b4a7584b08,tracking_without_comments/docx/4db02133f5_0007ed60dbbc648e714534360ae72dd054c8322b82ac5609__vs__342f364d46_001342333d45627868f4dc5282abbba4598a91b4a7584b08_redline_f309056f9b.docx,tracking_without_comments/pdf/4db02133f5_0007ed60dbbc648e714534360ae72dd054c8322b82ac5609__vs__342f364d46_001342333d45627868f4dc5282abbba4598a91b4a7584b08_redline_f309056f9b.pdf,tracking_without_comments,f309056f9b,redlines_a100_b10,4db02133f5f0d4e3783a13a60b9cf8e74ba6413a8f6447abc1ab2dda98615fa8,342f364d460e7110bddf317847edec68f000c5c839e45722965da43da8abe7ba,f309056f9b616ed502cb966b2b2c08c730bb4a23d15df7e1be776e00c2a927e1,5cee4edcaa9f7e450f74ed940e29d07ba54b3e94aca34121e341e06d443bf413
4db02133f5_0007ed60dbbc648e714534360ae72dd054c8322b82ac5609__vs__deff0e697a_00b5defcad6e58038eac35472a2d48c89905068e5ece0cc3_redline_a4bf2feaf5,clean/docx/4db02133f5_0007ed60dbbc648e714534360ae72dd054c8322b82ac5609,clean/docx/deff0e697a_00b5defcad6e58038eac35472a2d48c89905068e5ece0cc3,tracking_without_comments/docx/4db02133f5_0007ed60dbbc648e714534360ae72dd054c8322b82ac5609__vs__deff0e697a_00b5defcad6e58038eac35472a2d48c89905068e5ece0cc3_redline_a4bf2feaf5.docx,tracking_without_comments/pdf/4db02133f5_0007ed60dbbc648e714534360ae72dd054c8322b82ac5609__vs__deff0e697a_00b5defcad6e58038eac35472a2d48c89905068e5ece0cc3_redline_a4bf2feaf5.pdf,tracking_without_comments,a4bf2feaf5,redlines_a100_b10,4db02133f5f0d4e3783a13a60b9cf8e74ba6413a8f6447abc1ab2dda98615fa8,deff0e697a2dfbcc4a41b9b979b9d9cb54b60ef4c9e5bc588011e6bda3fc0af2,a4bf2feaf555c835ad77506aa5a5da31d5b0bcab50e8c5ae8c47889aeabb27ce,dc29b2ae289f45dbbdeae13d9fa7f072c4f94c4197d4c767cf32a4085e93e193
4f1b13334b_0002768ad2e3174d9c557d30d4a7a8d70ae4062e52383747__vs__deff0e697a_00b5defcad6e58038eac35472a2d48c89905068e5ece0cc3_redline_7496d9e432,clean/docx/4f1b13334b_0002768ad2e3174d9c557d30d4a7a8d70ae4062e52383747,clean/docx/deff0e697a_00b5defcad6e58038eac35472a2d48c89905068e5ece0cc3,tracking_without_comments/docx/4f1b13334b_0002768ad2e3174d9c557d30d4a7a8d70ae4062e52383747__vs__deff0e697a_00b5defcad6e58038eac35472a2d48c89905068e5ece0cc3_redline_7496d9e432.docx,tracking_without_comments/pdf/4f1b13334b_0002768ad2e3174d9c557d30d4a7a8d70ae4062e52383747__vs__deff0e697a_00b5defcad6e58038eac35472a2d48c89905068e5ece0cc3_redline_7496d9e432.pdf,tracking_without_comments,7496d9e432,redlines_a100_b10,4f1b13334bb4922109e0eb4cb59dac253a148f509f746ca704f4d8eae3479e88,deff0e697a2dfbcc4a41b9b979b9d9cb54b60ef4c9e5bc588011e6bda3fc0af2,7496d9e432f863c40df61fed4c63cfbfa0234dc614eb562b62a22be1a452d1b0,f6da4236a5943ef82010f1bec7a6858fa6b84dea32e4883e8f20ade81d390ff3
516ae5b317_justified_underline_demo_id_paraid_overflow__vs__bebfc19fe0_justify_alignment_demo_id_paraid_overflow_2_redline_e1df09500c,clean/docx/516ae5b317_justified_underline_demo_id_paraid_overflow,clean/docx/bebfc19fe0_justify_alignment_demo_id_paraid_overflow_2,tracking_without_comments/docx/516ae5b317_justified_underline_demo_id_paraid_overflow__vs__bebfc19fe0_justify_alignment_demo_id_paraid_overflow_2_redline_e1df09500c.docx,tracking_without_comments/pdf/516ae5b317_justified_underline_demo_id_paraid_overflow__vs__bebfc19fe0_justify_alignment_demo_id_paraid_overflow_2_redline_e1df09500c.pdf,tracking_without_comments,e1df09500c,fixtures_word_compares;pdf_fill_0928,516ae5b317445fee1f07304dfdcce4247d9d52a051b09d835a6a84b79a88b6d4,bebfc19fe001b98ef10d374e5f57f239c8b1b88a15f4026da925b36306901f28,e1df09500c7479398c46bf210dbe757aebfa1c02f4fd3286994da61e959eec34,d8e42b7db4b06d341ac1d9185726d44040890fc15d2ae56984e4de6a43be97c6
5a8152b0cd_justify_alignment_demo_id_paraid_overflow__vs__1f4891aebe_large_font_size_demo_id_paraid_overflow_redline_8a0c950e5d,clean/docx/5a8152b0cd_justify_alignment_demo_id_paraid_overflow,clean/docx/1f4891aebe_large_font_size_demo_id_paraid_overflow,tracking_without_comments/docx/5a8152b0cd_justify_alignment_demo_id_paraid_overflow__vs__1f4891aebe_large_font_size_demo_id_paraid_overflow_redline_8a0c950e5d.docx,tracking_without_comments/pdf/5a8152b0cd_justify_alignment_demo_id_paraid_overflow__vs__1f4891aebe_large_font_size_demo_id_paraid_overflow_redline_8a0c950e5d.pdf,tracking_without_comments,8a0c950e5d,word_based,5a8152b0cd6f147b71bff644bc86677344c564233b87e9bb83f9c03f7e976779,1f4891aebe6087f280bbca525f3e1a80e5ccd5ccf567f671d697ae1c27622835,8a0c950e5d8952795d939e2e42a43bf0086566f8e7ee88d36ba7ada2fd199a63,37779f993e763a00c83985a98bea1b3e41a18e42efe0fa577d019cc4ca259b25
5d185fb0dd_006ab612b3ae2e0b1915746c660d9ea64842d89c434e0a09__vs__333bfe069a_003416d620331122b93b434dad901db5836f60d2cad4b533_redline_282a41181b,clean/docx/5d185fb0dd_006ab612b3ae2e0b1915746c660d9ea64842d89c434e0a09,clean/docx/333bfe069a_003416d620331122b93b434dad901db5836f60d2cad4b533,tracking_without_comments/docx/5d185fb0dd_006ab612b3ae2e0b1915746c660d9ea64842d89c434e0a09__vs__333bfe069a_003416d620331122b93b434dad901db5836f60d2cad4b533_redline_282a41181b.docx,tracking_without_comments/pdf/5d185fb0dd_006ab612b3ae2e0b1915746c660d9ea64842d89c434e0a09__vs__333bfe069a_003416d620331122b93b434dad901db5836f60d2cad4b533_redline_282a41181b.pdf,tracking_without_comments,282a41181b,redlines_a100_b10,5d185fb0dd01bac0e6ad6041d51c8ae6f7d0be61082d1729447001603367129f,333bfe069af9a12a08ef3a6811ef6e3007f1c41d3f1ed9a87816a010e1aaa443,282a41181bbbc2313e928921a46d43f5a0ac3abd884702a508ba5bee34e36bfb,94d3509f9b11692c7299854915e8906d2ac0200e868ce2ba85b5f0e9c6888292
5d5ca75f29_bold_italic_underline_demo_id_paraid_overflow__vs__4ad775158b_bold_red_text_combo_id_paraid_overflow_redline_9990cae06d,clean/docx/5d5ca75f29_bold_italic_underline_demo_id_paraid_overflow,clean/docx/4ad775158b_bold_red_text_combo_id_paraid_overflow,tracking_without_comments/docx/5d5ca75f29_bold_italic_underline_demo_id_paraid_overflow__vs__4ad775158b_bold_red_text_combo_id_paraid_overflow_redline_9990cae06d.docx,tracking_without_comments/pdf/5d5ca75f29_bold_italic_underline_demo_id_paraid_overflow__vs__4ad775158b_bold_red_text_combo_id_paraid_overflow_redline_9990cae06d.pdf,tracking_without_comments,9990cae06d,word_based,5d5ca75f2913a6c5462851fd1e27f8483ed402ee1dd867036d9d53a320f51d55,4ad775158b7cd711a2cdb8999b6ac1c12b465a461d60d26975efedf398703d11,9990cae06d8aa7099f474ae8c9b43477b37f4af2b518c0065be8481d761d0a69,764e0cefec473d8b084bda142b14fa6f7b7c5777bb0a6412e8fead5d3806796c
5e8b43bd70_training_materials_onboarding_program_suggesting__vs__b7c9d27632_underline_text_demo_id_paraid_overflow_redline_ce280b5e4c,tracking_without_comments/docx/5e8b43bd70_training_materials_onboarding_program_suggesting,clean/docx/b7c9d27632_underline_text_demo_id_paraid_overflow,tracking_without_comments/docx/5e8b43bd70_training_materials_onboarding_program_suggesting__vs__b7c9d27632_underline_text_demo_id_paraid_overflow_redline_ce280b5e4c.docx,tracking_without_comments/pdf/5e8b43bd70_training_materials_onboarding_program_suggesting__vs__b7c9d27632_underline_text_demo_id_paraid_overflow_redline_ce280b5e4c.pdf,tracking_without_comments,ce280b5e4c,word_based,5e8b43bd70c73502ce650daed88b3ac7ef2c2d83206f0bdec130e40f75c0b517,b7c9d276327401e06f5b97528e290554e35fd58db6534a602352f793027b5288,ce280b5e4c4f0ae9d10614e13a609226b009bab4fc486828d964154930baeec4,832fcf0abb5d29951896ec311cdaa992534a810f69887a88179e16d8357ebc38
603760a2cb_035619503cc9d1833603cf8827e6ce3a24b46c012a309360__vs__b6bf1a1e8b_025114ac4b922e013686836213f363671dd941624af8bc42_redline_408597db4d,clean/docx/603760a2cb_035619503cc9d1833603cf8827e6ce3a24b46c012a309360,clean/docx/b6bf1a1e8b_025114ac4b922e013686836213f363671dd941624af8bc42,tracking_without_comments/docx/603760a2cb_035619503cc9d1833603cf8827e6ce3a24b46c012a309360__vs__b6bf1a1e8b_025114ac4b922e013686836213f363671dd941624af8bc42_redline_408597db4d.docx,tracking_without_comments/pdf/603760a2cb_035619503cc9d1833603cf8827e6ce3a24b46c012a309360__vs__b6bf1a1e8b_025114ac4b922e013686836213f363671dd941624af8bc42_redline_408597db4d.pdf,tracking_without_comments,408597db4d,redlines_en_500,603760a2cbb93a04783cbce2816ea6aa2c419dd37bb194ee7bcecc8dcd950bd1,b6bf1a1e8bfc8447f5cc8a1f2fb997d5d6a074d5ea6a4179a51ef1b272fec99f,408597db4d8d3e91fe62a7d09851fc1944318896f66e320cb488b176ac625db4,38ccd4af8b814eb104c8230e6863b3f51b3d89ddc1b6861e3f29d54eb023ba90
61eaede95c_subtitle_style_demo_style_default_missing__vs__ca4ccabff6_superscript_demo_id_paraid_overflow_2_redline_146e6680ab,clean/docx/61eaede95c_subtitle_style_demo_style_default_missing,clean/docx/ca4ccabff6_superscript_demo_id_paraid_overflow_2,tracking_without_comments/docx/61eaede95c_subtitle_style_demo_style_default_missing__vs__ca4ccabff6_superscript_demo_id_paraid_overflow_2_redline_146e6680ab.docx,tracking_without_comments/pdf/61eaede95c_subtitle_style_demo_style_default_missing__vs__ca4ccabff6_superscript_demo_id_paraid_overflow_2_redline_146e6680ab.pdf,tracking_without_comments,146e6680ab,fixtures_word_compares;pdf_fill_0928,61eaede95cf331ee022c03991ffb9749c306d6a2ec3077824c61f1957e151276,ca4ccabff61e40bca49a07d7795ef6b71136b4896e56255cfbb7b66250515879,146e6680abb22a682124d65406625978c1626b584846ed9f8e315a3ed4013eef,0f1708f94669005264f69b0881931ea877cb2bee88990b99db7991c041c1986c
635dfded4d_red_heading_demo_id_paraid_overflow__vs__3acaee795f_red_strikethrough_demo_style_default_missing_redline_fad67b15df,clean/docx/635dfded4d_red_heading_demo_id_paraid_overflow,clean/docx/3acaee795f_red_strikethrough_demo_style_default_missing,tracking_without_comments/docx/635dfded4d_red_heading_demo_id_paraid_overflow__vs__3acaee795f_red_strikethrough_demo_style_default_missing_redline_fad67b15df.docx,tracking_without_comments/pdf/635dfded4d_red_heading_demo_id_paraid_overflow__vs__3acaee795f_red_strikethrough_demo_style_default_missing_redline_fad67b15df.pdf,tracking_without_comments,fad67b15df,word_based,635dfded4d4d969e2f85e12c104272a118ac211768fce1972af0598fceebc4d9,3acaee795f9c5e8e2255c9bc37658c04edd64bf7a4158e448cb424d10efcee34,fad67b15df916da5d8b8424ee671d7db214ff7a0ae1740dea487728ad9bd455f,31a11254ea1acf4e2ce829b37f331c725c0d54882de6bdf73ac064dd2b2128cf
6446faad0e_budget_report_q1_2026_suggesting_insertions__vs__30e84496e2_bullet_list_bold_demo_id_paraid_overflow_redline_1277d3c5cb,tracking_without_comments/docx/6446faad0e_budget_report_q1_2026_suggesting_insertions,clean/docx/30e84496e2_bullet_list_bold_demo_id_paraid_overflow,tracking_without_comments/docx/6446faad0e_budget_report_q1_2026_suggesting_insertions__vs__30e84496e2_bullet_list_bold_demo_id_paraid_overflow_redline_1277d3c5cb.docx,tracking_without_comments/pdf/6446faad0e_budget_report_q1_2026_suggesting_insertions__vs__30e84496e2_bullet_list_bold_demo_id_paraid_overflow_redline_1277d3c5cb.pdf,tracking_without_comments,1277d3c5cb,word_based;fixtures_word_compares,6446faad0e8b9f43fca673cea3377e8293caa8d79aa6c67b16016d907a58cd4a,30e84496e201d68c1f019bf89d8088e29fd41a55c49c5f7959bcb29ffd3e0251,1277d3c5cbf20d900437b6d63bc413105c5485195e882980faa112e00cfe5652,f0ab401bee0c9496a3558c614a7159ab20cc423249cd52f94429242def5cde2a
6867e05e76_00b0d42bbea3b9bac7bc95466cf416f6c89a8cda62bbf3d7__vs__aa5340125d_00a4b0b91e9b5b072dc3771391c2d608518690eccf44eae8_redline_e012892af0,clean/docx/6867e05e76_00b0d42bbea3b9bac7bc95466cf416f6c89a8cda62bbf3d7,clean/docx/aa5340125d_00a4b0b91e9b5b072dc3771391c2d608518690eccf44eae8,tracking_without_comments/docx/6867e05e76_00b0d42bbea3b9bac7bc95466cf416f6c89a8cda62bbf3d7__vs__aa5340125d_00a4b0b91e9b5b072dc3771391c2d608518690eccf44eae8_redline_e012892af0.docx,tracking_without_comments/pdf/6867e05e76_00b0d42bbea3b9bac7bc95466cf416f6c89a8cda62bbf3d7__vs__aa5340125d_00a4b0b91e9b5b072dc3771391c2d608518690eccf44eae8_redline_e012892af0.pdf,tracking_without_comments,e012892af0,redlines_a100_b10,6867e05e76c9d2eba9de5aea494db4b28f3110fc8cb1941ed81f6246042b9c22,aa5340125d3bf06891fd59477c734f045cfc5b3d92911d2bbdaf175dae103a1c,e012892af0dd07c89783eee9a01a682055fa18c8b8225eebdb64e67cef720e31,cfd23ef6991c67de5d91c1749b96a339ffb0e26c930ec390cec6714acdd9d505
6a4d8ea70c_blue_italic_text_demo_id_paraid_overflow__vs__2efebc9bc3_blue_underline_combo_demo_id_paraid_overflow_redline_c5995bc106,clean/docx/6a4d8ea70c_blue_italic_text_demo_id_paraid_overflow,clean/docx/2efebc9bc3_blue_underline_combo_demo_id_paraid_overflow,tracking_without_comments/docx/6a4d8ea70c_blue_italic_text_demo_id_paraid_overflow__vs__2efebc9bc3_blue_underline_combo_demo_id_paraid_overflow_redline_c5995bc106.docx,tracking_without_comments/pdf/6a4d8ea70c_blue_italic_text_demo_id_paraid_overflow__vs__2efebc9bc3_blue_underline_combo_demo_id_paraid_overflow_redline_c5995bc106.pdf,tracking_without_comments,c5995bc106,word_based,6a4d8ea70c3a89086d7ec80ac9ac369d222ba68c552fdbeb95dad21f5c5c0419,2efebc9bc30547c3e662c652a025dc7ad6f87b27eb103d6137aef5584e169b9a,c5995bc10665946aa387f09edf3c0238ffd2015e3763f901b551362778d03580,276046c2f2e6309b4401e48efd3500ec07a9753a74231ff7ea32ff6f7ed4fa6c
70d7086845_db8b0b605ae2c08e9cf62d5cbb24bdf31ab9bd58896590f4__vs__a7ec7d9594_e0dd35e75e8e3ecb4adfc5ce29c921d634bcee666ae65035_redline_986b2229a1,clean/docx/70d7086845_db8b0b605ae2c08e9cf62d5cbb24bdf31ab9bd58896590f4,clean/docx/a7ec7d9594_e0dd35e75e8e3ecb4adfc5ce29c921d634bcee666ae65035,tracking_without_comments/docx/70d7086845_db8b0b605ae2c08e9cf62d5cbb24bdf31ab9bd58896590f4__vs__a7ec7d9594_e0dd35e75e8e3ecb4adfc5ce29c921d634bcee666ae65035_redline_986b2229a1.docx,tracking_without_comments/pdf/70d7086845_db8b0b605ae2c08e9cf62d5cbb24bdf31ab9bd58896590f4__vs__a7ec7d9594_e0dd35e75e8e3ecb4adfc5ce29c921d634bcee666ae65035_redline_986b2229a1.pdf,tracking_without_comments,986b2229a1,redlines_en_500,70d7086845ee4ffa3eadb8e3f5430fad6b8ad2945417c5ec8997aecb88944862,a7ec7d9594e0075e111695126e8cea52ee1f187e011105c733bf566234933e23,986b2229a184d451b7c7698d852cb33b419d5465c7314f2a3224ff97d1cbf57f,522403d6858a3139513e26f41d9ad2598147054b9e7b6ef0b8ae80cb595c6c61
725cdbebe3_0013892c946c551d309fcec9bb3f3500fc08bc77121a3849__vs__1424386e9b_017447de83753a0e3b7afc659df038ef56972925336c6a5b_redline_33b9490363,clean/docx/725cdbebe3_0013892c946c551d309fcec9bb3f3500fc08bc77121a3849,clean/docx/1424386e9b_017447de83753a0e3b7afc659df038ef56972925336c6a5b,tracking_without_comments/docx/725cdbebe3_0013892c946c551d309fcec9bb3f3500fc08bc77121a3849__vs__1424386e9b_017447de83753a0e3b7afc659df038ef56972925336c6a5b_redline_33b9490363.docx,tracking_without_comments/pdf/725cdbebe3_0013892c946c551d309fcec9bb3f3500fc08bc77121a3849__vs__1424386e9b_017447de83753a0e3b7afc659df038ef56972925336c6a5b_redline_33b9490363.pdf,tracking_without_comments,33b9490363,redlines_a100_b10,725cdbebe378059f1842cb240100bf82c1aa510cd117eb7ee446d0d399ff990a,1424386e9b0290e0bed413bec09828863b992fed80d2cb2d57cc75814e576393,33b9490363683d69e91ed9af966594a97a421119f451c4c2ce96a64d307e15ef,e254354a32e1b1515f85f876fa501301263608f27e8e541f4d927e03210ac93d
734fe4bc1e_15c0669c4c7afae4cc2de2aeeda71623a7b27ecdef1cd0d8__vs__b74c483001_547b508a2b334a2a72a59db0718d632d5aadd236d876af75_redline_9c1f654ea9,clean/docx/734fe4bc1e_15c0669c4c7afae4cc2de2aeeda71623a7b27ecdef1cd0d8,clean/docx/b74c483001_547b508a2b334a2a72a59db0718d632d5aadd236d876af75,tracking_without_comments/docx/734fe4bc1e_15c0669c4c7afae4cc2de2aeeda71623a7b27ecdef1cd0d8__vs__b74c483001_547b508a2b334a2a72a59db0718d632d5aadd236d876af75_redline_9c1f654ea9.docx,tracking_without_comments/pdf/734fe4bc1e_15c0669c4c7afae4cc2de2aeeda71623a7b27ecdef1cd0d8__vs__b74c483001_547b508a2b334a2a72a59db0718d632d5aadd236d876af75_redline_9c1f654ea9.pdf,tracking_without_comments,9c1f654ea9,redlines_en_500,734fe4bc1e2fab3029ede7c277663991db061d5b695abf765f9afe2a4d455d14,b74c483001498e10aab4e678ff5f869229e4edaacee2f3b938c143f00cece407,9c1f654ea9ef854cbe8ab4a6ebfe42efe82bebe762f8cd324943120b8b2af55a,5f5ca6eb52bec0c92c02146979a386ef74c78f2fecbe8918d92178c584025d1f
73cbfcf155_8e429677b4f05a9584d0af353823c66c0f9b1c035c8e5205__vs__ab517eeffc_5ed314f75f24c6be808674e4db53ce5952aa02d8aca97ade_redline_b205e40ea1,clean/docx/73cbfcf155_8e429677b4f05a9584d0af353823c66c0f9b1c035c8e5205,clean/docx/ab517eeffc_5ed314f75f24c6be808674e4db53ce5952aa02d8aca97ade,tracking_without_comments/docx/73cbfcf155_8e429677b4f05a9584d0af353823c66c0f9b1c035c8e5205__vs__ab517eeffc_5ed314f75f24c6be808674e4db53ce5952aa02d8aca97ade_redline_b205e40ea1.docx,tracking_without_comments/pdf/73cbfcf155_8e429677b4f05a9584d0af353823c66c0f9b1c035c8e5205__vs__ab517eeffc_5ed314f75f24c6be808674e4db53ce5952aa02d8aca97ade_redline_b205e40ea1.pdf,tracking_without_comments,b205e40ea1,redlines_en_500,73cbfcf155d7e7787aaaca9a34d4e2bf47f25851e2882c1be9571f5a9f9ad807,ab517eeffc514b386875028ca06e21495227fd118c7843b2a41b4897776ae94c,b205e40ea1b5027bddd5113241db12853f67e624b2f4db935e0e3751d4ce7768,11ec1be04edb9635c25934265e85e04c6da9f0288adcafb63e42771f1a46b65b
73e78ba640_strikethrough_and_italic_combo_id_paraid_overflo__vs__0203b5fed7_strikethrough_bold_demo_id_paraid_overflow_redline_68a593987f,clean/docx/73e78ba640_strikethrough_and_italic_combo_id_paraid_overflo,clean/docx/0203b5fed7_strikethrough_bold_demo_id_paraid_overflow,tracking_without_comments/docx/73e78ba640_strikethrough_and_italic_combo_id_paraid_overflo__vs__0203b5fed7_strikethrough_bold_demo_id_paraid_overflow_redline_68a593987f.docx,tracking_without_comments/pdf/73e78ba640_strikethrough_and_italic_combo_id_paraid_overflo__vs__0203b5fed7_strikethrough_bold_demo_id_paraid_overflow_redline_68a593987f.pdf,tracking_without_comments,68a593987f,word_based_0926,73e78ba640d433d7e77e2e01726cbaab2a38d54e30c8f4697adfc738bfb81f62,0203b5fed73d387c2705df83b8e9ee52bfb56db09289f15dc47effc4b60a00c5,68a593987fedd1c590eecf2024c09506e478e63fa352ce22fa7a2f880b91a24a,4536feb635ee6fd746e216a7dcc30ec4e79fcc60be69ccf9cd6fc0b158027a73
762b93bdb0_0107d2107b381c077b42490f7ff21e861a60c27ba32886ca__vs__a5f2b9318d_002aa60c2ae1187417b4b157c5ec6450324cc056ec551a12_redline_3d8ad121ed,clean/docx/762b93bdb0_0107d2107b381c077b42490f7ff21e861a60c27ba32886ca,clean/docx/a5f2b9318d_002aa60c2ae1187417b4b157c5ec6450324cc056ec551a12,tracking_without_comments/docx/762b93bdb0_0107d2107b381c077b42490f7ff21e861a60c27ba32886ca__vs__a5f2b9318d_002aa60c2ae1187417b4b157c5ec6450324cc056ec551a12_redline_3d8ad121ed.docx,tracking_without_comments/pdf/762b93bdb0_0107d2107b381c077b42490f7ff21e861a60c27ba32886ca__vs__a5f2b9318d_002aa60c2ae1187417b4b157c5ec6450324cc056ec551a12_redline_3d8ad121ed.pdf,tracking_without_comments,3d8ad121ed,redlines_a100_b10,762b93bdb0de897a91834041aa4ceb15b8e0375a47f9df9b653dec3808393c40,a5f2b9318d75c4ea4591cd74ee984c4703aa1db45936aef0b3c120e01532bf72,3d8ad121edd42a5c3f48ebe1d44999c0ee0bbbc5fda522d8117db62e7b131105,0f10344586f994dc2dedc791ec12fdea18cf11a3846caf8d850ae383f1905adb
7d89bf44b4_single_paragraph__vs__e355cec096_small_font_size_demo_id_paraid_overflow_redline_454084a8c3,clean/docx/7d89bf44b4_single_paragraph,clean/docx/e355cec096_small_font_size_demo_id_paraid_overflow,tracking_without_comments/docx/7d89bf44b4_single_paragraph__vs__e355cec096_small_font_size_demo_id_paraid_overflow_redline_454084a8c3.docx,tracking_without_comments/pdf/7d89bf44b4_single_paragraph__vs__e355cec096_small_font_size_demo_id_paraid_overflow_redline_454084a8c3.pdf,tracking_without_comments,454084a8c3,word_based;fixtures_word_compares,7d89bf44b4d6940234efb6973d24706c881aa875bb794bfbe54efd92f9c6cf3e,e355cec096dd1c799f1ebd35fe0c1df21d30d3a83e4f1098cf0c595b456b9585,454084a8c3da4c7bdcdbbabd4883cb77bdd1bf99f4901494697cd72b7f1dce0d,3f87cae83a5c80f7073885cfbc5911117575d30bb696fc62d10d9353c85aa967
7e4c9416aa_00803e70c3646e42abab322238df606c847686168795a703__vs__aa5340125d_00a4b0b91e9b5b072dc3771391c2d608518690eccf44eae8_redline_2dbe802d9a,clean/docx/7e4c9416aa_00803e70c3646e42abab322238df606c847686168795a703,clean/docx/aa5340125d_00a4b0b91e9b5b072dc3771391c2d608518690eccf44eae8,tracking_without_comments/docx/7e4c9416aa_00803e70c3646e42abab322238df606c847686168795a703__vs__aa5340125d_00a4b0b91e9b5b072dc3771391c2d608518690eccf44eae8_redline_2dbe802d9a.docx,tracking_without_comments/pdf/7e4c9416aa_00803e70c3646e42abab322238df606c847686168795a703__vs__aa5340125d_00a4b0b91e9b5b072dc3771391c2d608518690eccf44eae8_redline_2dbe802d9a.pdf,tracking_without_comments,2dbe802d9a,redlines_a100_b10,7e4c9416aa8ae0bc8cd0ca10690278fae2d0efad1a358c828876ebf0b8c47d7c,aa5340125d3bf06891fd59477c734f045cfc5b3d92911d2bbdaf175dae103a1c,2dbe802d9aff82813516c09eb918d6a264f75e492b6373a12a71d84577ec8af0,87d74c5762753e03bb239df223cfd82e255d482e759aba2561d0e50f5ef0fd17
8a7f242026_center_bold_demo_id_paraid_overflow__vs__3e43d24c46_clear_formatting_demo_id_paraid_overflow_redline_e5c6ee8155,clean/docx/8a7f242026_center_bold_demo_id_paraid_overflow,clean/docx/3e43d24c46_clear_formatting_demo_id_paraid_overflow,tracking_without_comments/docx/8a7f242026_center_bold_demo_id_paraid_overflow__vs__3e43d24c46_clear_formatting_demo_id_paraid_overflow_redline_e5c6ee8155.docx,tracking_without_comments/pdf/8a7f242026_center_bold_demo_id_paraid_overflow__vs__3e43d24c46_clear_formatting_demo_id_paraid_overflow_redline_e5c6ee8155.pdf,tracking_without_comments,e5c6ee8155,word_based,8a7f242026d5be41c9e4bfbf7502dccdf4957e2a790bcef312a3c5d657dbc68a,3e43d24c46e67f2b61612a1f31b050838c760245993eb91f15e1adac0caeb74c,e5c6ee8155f9affbcdc99937dcc07123fd4bfd5a43d779d0f3ee4b94724c372b,05bfae265c6473688eba5f9bafa87af1370f9c5c35af6a6900cdcdbf3fbc5269
8b3bfdf247_calibri_bold_italic_demo_id_paraid_overflow__vs__9297fc746e_calibri_font_demo_id_paraid_overflow_2_redline_471c6d4b9d,clean/docx/8b3bfdf247_calibri_bold_italic_demo_id_paraid_overflow,clean/docx/9297fc746e_calibri_font_demo_id_paraid_overflow_2,tracking_without_comments/docx/8b3bfdf247_calibri_bold_italic_demo_id_paraid_overflow__vs__9297fc746e_calibri_font_demo_id_paraid_overflow_2_redline_471c6d4b9d.docx,tracking_without_comments/pdf/8b3bfdf247_calibri_bold_italic_demo_id_paraid_overflow__vs__9297fc746e_calibri_font_demo_id_paraid_overflow_2_redline_471c6d4b9d.pdf,tracking_without_comments,471c6d4b9d,word_based,8b3bfdf247dd00e1143b4693fbef3b6bbce2d1e8f74e5f6ddd15d9bb60140d73,9297fc746ed000bfc82a3081864967ee7e7728678a60017831e7438c73b4d164,471c6d4b9ddbf82b3e35423c6849be29f8ed3a5f2a5b49040ca0f89959c7b3c8,d8e603552d46619893edf560855210891b8caa02d90f7e5e82ce45efb611c809
8e694101b9_469e571050275b57ed1836b4cc17f4d29e43eec925bdfad9__vs__37c6c62345_3f296ffac9c17a92962156ff41f2b079eb687cd440513fe3_redline_9a2af58d99,clean/docx/8e694101b9_469e571050275b57ed1836b4cc17f4d29e43eec925bdfad9,with_comments_clean/docx/37c6c62345_3f296ffac9c17a92962156ff41f2b079eb687cd440513fe3,with_comments_tracking/docx/8e694101b9_469e571050275b57ed1836b4cc17f4d29e43eec925bdfad9__vs__37c6c62345_3f296ffac9c17a92962156ff41f2b079eb687cd440513fe3_redline_9a2af58d99.docx,with_comments_tracking/pdf/8e694101b9_469e571050275b57ed1836b4cc17f4d29e43eec925bdfad9__vs__37c6c62345_3f296ffac9c17a92962156ff41f2b079eb687cd440513fe3_redline_9a2af58d99.pdf,with_comments_tracking,9a2af58d99,redlines_en_500,8e694101b983f28e166b0a2b6b96b3632ed7ec6c36b71224598b276a30e745c3,37c6c623452393a9e3e32ff48627f12ed2073afd4e23fb5ba8874e7ad6ea7ce9,9a2af58d9950178a75325dc319a782a65e841d3017c28fa9e15c1306d1df17d0,1f816939d610e29eda1fb1bb9360f37f2d6e02116aa1d12029dfcb5c62449874
8eef85ebbd_employee_directory_table__vs__e51fcdfdbe_employee_review_john_smith_suggesting_insertions_redline_32e4d51014,clean/docx/8eef85ebbd_employee_directory_table,tracking_without_comments/docx/e51fcdfdbe_employee_review_john_smith_suggesting_insertions,tracking_without_comments/docx/8eef85ebbd_employee_directory_table__vs__e51fcdfdbe_employee_review_john_smith_suggesting_insertions_redline_32e4d51014.docx,tracking_without_comments/pdf/8eef85ebbd_employee_directory_table__vs__e51fcdfdbe_employee_review_john_smith_suggesting_insertions_redline_32e4d51014.pdf,tracking_without_comments,32e4d51014,nocomments,8eef85ebbd286a1bab57fe5660bff4b65dd76b10bf09ab13399473915247cde2,e51fcdfdbe4a31bdf68255927fa4a23920a74915f969a1f3fc3588536a97a155,32e4d51014879ce70eddc059bfbd133dc4a46accc239e84625f2a8985c3e0685,a40b7cce4532e92e722768e591fe90bacde6e475141d991b217512f2825fcebc
90e2c33814_meeting_agenda_table_2__vs__e0c027b1ca_meeting_agenda_table_redline_eca460b37d,clean/docx/90e2c33814_meeting_agenda_table_2,clean/docx/e0c027b1ca_meeting_agenda_table,tracking_without_comments/docx/90e2c33814_meeting_agenda_table_2__vs__e0c027b1ca_meeting_agenda_table_redline_eca460b37d.docx,tracking_without_comments/pdf/90e2c33814_meeting_agenda_table_2__vs__e0c027b1ca_meeting_agenda_table_redline_eca460b37d.pdf,tracking_without_comments,eca460b37d,fixtures_word_compares;pdf_fill_0928,90e2c3381430f35fc5e78b7dee483575ad9b6f6cc7cdb6aab5fc6a9c808265b3,e0c027b1cac2c84a75374b563665485b40fe3dc6cd9d265d3f0aa512f371b339,eca460b37dd35896af658b0d6d3191a1e1092545fabd30476e73304bee84e24b,49dd8ecb0f533241caac4ff9d951743edb0831366934597f6bb34b3e9ea68b53
9be7e36de4_00c3fd2d23e8acf016f9b2fb44f4ee84789abc39c820e7ab__vs__deff0e697a_00b5defcad6e58038eac35472a2d48c89905068e5ece0cc3_redline_f6c99c51c2,clean/docx/9be7e36de4_00c3fd2d23e8acf016f9b2fb44f4ee84789abc39c820e7ab,clean/docx/deff0e697a_00b5defcad6e58038eac35472a2d48c89905068e5ece0cc3,tracking_without_comments/docx/9be7e36de4_00c3fd2d23e8acf016f9b2fb44f4ee84789abc39c820e7ab__vs__deff0e697a_00b5defcad6e58038eac35472a2d48c89905068e5ece0cc3_redline_f6c99c51c2.docx,tracking_without_comments/pdf/9be7e36de4_00c3fd2d23e8acf016f9b2fb44f4ee84789abc39c820e7ab__vs__deff0e697a_00b5defcad6e58038eac35472a2d48c89905068e5ece0cc3_redline_f6c99c51c2.pdf,tracking_without_comments,f6c99c51c2,redlines_a100_b10,9be7e36de4ad601d1cecd77fe35f450cfc9fb2b841e5c02b811caef68cee4e53,deff0e697a2dfbcc4a41b9b979b9d9cb54b60ef4c9e5bc588011e6bda3fc0af2,f6c99c51c2125da6fe8daa48c0898d86100691a46273fb764820abfa0999f1bf,309c692e7319611763c3536df6fb6204e61d865086b3a2ff1fd799c843009caa
9f96e7f4f8_it_security_policy_v2_suggesting_insertions__vs__277b6145d6_italic_and_underline_combo_style_default_missing_redline_1825689107,tracking_without_comments/docx/9f96e7f4f8_it_security_policy_v2_suggesting_insertions,clean/docx/277b6145d6_italic_and_underline_combo_style_default_missing,tracking_without_comments/docx/9f96e7f4f8_it_security_policy_v2_suggesting_insertions__vs__277b6145d6_italic_and_underline_combo_style_default_missing_redline_1825689107.docx,tracking_without_comments/pdf/9f96e7f4f8_it_security_policy_v2_suggesting_insertions__vs__277b6145d6_italic_and_underline_combo_style_default_missing_redline_1825689107.pdf,tracking_without_comments,1825689107,word_based;fixtures_word_compares,9f96e7f4f8436d02a8804a7cffa00c330fd59d40c264e713ffdb1fd429213298,277b6145d65ecb1c41a70919f2d6638e1d0cfea7a2d5eadcafbac7d595527bc8,182568910769559b28ed5c4da9d2f9e78645914534c64a72a075655f24ada61c,3a98fa68ab5e0f3b141c84dedec8819081ec68ebfa10725044c8e46744d74a3a
a3df367231_001a6655d72fbecf6a1d10e479eee052a779d6ba1d0848d7__vs__2e04202552_000e3e7bd2d6215fc7b469cc3e296c1b2a510bc1abc7e0fd_redline_68d77dc8a2,clean/docx/a3df367231_001a6655d72fbecf6a1d10e479eee052a779d6ba1d0848d7,clean/docx/2e04202552_000e3e7bd2d6215fc7b469cc3e296c1b2a510bc1abc7e0fd,tracking_without_comments/docx/a3df367231_001a6655d72fbecf6a1d10e479eee052a779d6ba1d0848d7__vs__2e04202552_000e3e7bd2d6215fc7b469cc3e296c1b2a510bc1abc7e0fd_redline_68d77dc8a2.docx,tracking_without_comments/pdf/a3df367231_001a6655d72fbecf6a1d10e479eee052a779d6ba1d0848d7__vs__2e04202552_000e3e7bd2d6215fc7b469cc3e296c1b2a510bc1abc7e0fd_redline_68d77dc8a2.pdf,tracking_without_comments,68d77dc8a2,redlines_a100_b10,a3df36723119d329eaa93254ff320b23cbef4e130bcf31d929f823ea6e0233ae,2e042025528818822ef7f3ccf73977ae3e3e7cff864682b5c0060083284d8ae7,68d77dc8a241a9e0da76742e167dfcc2ae4c616aac4397772ae17161cc781d32,43e71d963e284fdf39d0caa0125529b01cc63a0039feb02ceafa581f659446b5
a4642f7f90_mcdoc__vs__90e2c33814_meeting_agenda_table_2_redline_618a11caa3,clean/docx/a4642f7f90_mcdoc,clean/docx/90e2c33814_meeting_agenda_table_2,tracking_without_comments/docx/a4642f7f90_mcdoc__vs__90e2c33814_meeting_agenda_table_2_redline_618a11caa3.docx,tracking_without_comments/pdf/a4642f7f90_mcdoc__vs__90e2c33814_meeting_agenda_table_2_redline_618a11caa3.pdf,tracking_without_comments,618a11caa3,word_based_0926,a4642f7f9006ee318439e53deb2635e62dc82551c1b6ad003fc3fdf0eba11c59,90e2c3381430f35fc5e78b7dee483575ad9b6f6cc7cdb6aab5fc6a9c808265b3,618a11caa3a923e779364eb919d5a44e683cc1238af284fc34d17670131133b4,8ce17fc9fbcb3f9c0d19ddfebaca85b49db001c265bb90be4979ac2e23659bf0
a4c38b1bf5_4c17189eb7a543ae96f42443a9f4001a3be8fec6e47f7481__vs__cd63d2dccf_3f2752287dacf8e3e52d649dc467cbab2214df665039ab15_redline_e9ef73a8e4,with_comments_tracking/docx/a4c38b1bf5_4c17189eb7a543ae96f42443a9f4001a3be8fec6e47f7481,clean/docx/cd63d2dccf_3f2752287dacf8e3e52d649dc467cbab2214df665039ab15,with_comments_tracking/docx/a4c38b1bf5_4c17189eb7a543ae96f42443a9f4001a3be8fec6e47f7481__vs__cd63d2dccf_3f2752287dacf8e3e52d649dc467cbab2214df665039ab15_redline_e9ef73a8e4.docx,with_comments_tracking/pdf/a4c38b1bf5_4c17189eb7a543ae96f42443a9f4001a3be8fec6e47f7481__vs__cd63d2dccf_3f2752287dacf8e3e52d649dc467cbab2214df665039ab15_redline_e9ef73a8e4.pdf,with_comments_tracking,e9ef73a8e4,redlines_en_500,a4c38b1bf51f685eb136c8ade8b6de68cb87dee1233f89a99648dc6416a38118,cd63d2dccf79cf493c8a5a4cf89f0e0940307c59e1fc88fb631a655746aa2f23,e9ef73a8e42f71d4e10d789a54b6b74a45156966e9cd04beecfd6065af90a98d,f821a5a96e9174f7ca79c9c2b5d014db8870e9146d7a955c30f2544c9b4bd5f5
a5eb266a1f_016236e3bf778292b45976ecd4a34b45d02104f47db7a3ca__vs__2773adf157_0004c94ca2a8684d47449bb0e7abf87de1df71a7e6543252_redline_1da384ebd8,clean/docx/a5eb266a1f_016236e3bf778292b45976ecd4a34b45d02104f47db7a3ca,clean/docx/2773adf157_0004c94ca2a8684d47449bb0e7abf87de1df71a7e6543252,tracking_without_comments/docx/a5eb266a1f_016236e3bf778292b45976ecd4a34b45d02104f47db7a3ca__vs__2773adf157_0004c94ca2a8684d47449bb0e7abf87de1df71a7e6543252_redline_1da384ebd8.docx,tracking_without_comments/pdf/a5eb266a1f_016236e3bf778292b45976ecd4a34b45d02104f47db7a3ca__vs__2773adf157_0004c94ca2a8684d47449bb0e7abf87de1df71a7e6543252_redline_1da384ebd8.pdf,tracking_without_comments,1da384ebd8,redlines_a100_b10,a5eb266a1f2b15f2457255942bd205c5b8b22b6cff22a5249755e4c354f0f0f1,2773adf1573296ac475b3351ac307258686b2779d2b304e0bfc41e3bf1c3c15f,1da384ebd8b5bc03a20ed94d55fb97ed5600239747fc85d498ec16dd670953ac,95e68cd8f259ad4af279cc3ce980b1f1af0aca918c9d0ef00b95cc117bf30aab
a6bdad436b_00e1eabab4f0fdde08a033b7d3af988ce75f7e80207c9918__vs__bd3824dd1e_000ee64ef7226d353297888f59a251e24ce5d776fea000fa_redline_409de8d456,clean/docx/a6bdad436b_00e1eabab4f0fdde08a033b7d3af988ce75f7e80207c9918,clean/docx/bd3824dd1e_000ee64ef7226d353297888f59a251e24ce5d776fea000fa,tracking_without_comments/docx/a6bdad436b_00e1eabab4f0fdde08a033b7d3af988ce75f7e80207c9918__vs__bd3824dd1e_000ee64ef7226d353297888f59a251e24ce5d776fea000fa_redline_409de8d456.docx,tracking_without_comments/pdf/a6bdad436b_00e1eabab4f0fdde08a033b7d3af988ce75f7e80207c9918__vs__bd3824dd1e_000ee64ef7226d353297888f59a251e24ce5d776fea000fa_redline_409de8d456.pdf,tracking_without_comments,409de8d456,redlines_a100_b10,a6bdad436b3d2ab31ef7af642c346dad1934afe05a9809ad67c1a7ef7b5b637f,bd3824dd1e5554e7b0a8c3ab90f434599e047ff8de6ec85a04be794d32919bdf,409de8d456ffa45aa565b3d9658eed5aa688f2d7c30343e3e10ebb60524b7179,b0defcd16d2790f9911fa68a96a65c29f4d2c329a7ed18ed6f82175c72475b29
a94f4c516b_text_box__vs__356b7a3629_text_highlight_demo_style_default_missing_redline_54602effb2,clean/docx/a94f4c516b_text_box,clean/docx/356b7a3629_text_highlight_demo_style_default_missing,tracking_without_comments/docx/a94f4c516b_text_box__vs__356b7a3629_text_highlight_demo_style_default_missing_redline_54602effb2.docx,tracking_without_comments/pdf/a94f4c516b_text_box__vs__356b7a3629_text_highlight_demo_style_default_missing_redline_54602effb2.pdf,tracking_without_comments,54602effb2,word_based_0926,a94f4c516bec29b7c2e2e219ad1799700f0eecd0ebf25ef7f8fc59c14db8fdc9,356b7a36295ba9206740a98763c3ae736d68ed84c42ecf15ec2f0d248f06633b,54602effb253c6d41f0dfd135ea49b8ebd7f26be7c39f4c15aa498d21abe9fc3,ea4d48fe5d5a5c75c6c743c47c0d9030d70064be6f53bb4d267936ae9784c874
aa58aada65_00160046fb2516a560a9681d7ae3e6f4659af57d19555d4e__vs__342f364d46_001342333d45627868f4dc5282abbba4598a91b4a7584b08_redline_c46a258659,clean/docx/aa58aada65_00160046fb2516a560a9681d7ae3e6f4659af57d19555d4e,clean/docx/342f364d46_001342333d45627868f4dc5282abbba4598a91b4a7584b08,tracking_without_comments/docx/aa58aada65_00160046fb2516a560a9681d7ae3e6f4659af57d19555d4e__vs__342f364d46_001342333d45627868f4dc5282abbba4598a91b4a7584b08_redline_c46a258659.docx,tracking_without_comments/pdf/aa58aada65_00160046fb2516a560a9681d7ae3e6f4659af57d19555d4e__vs__342f364d46_001342333d45627868f4dc5282abbba4598a91b4a7584b08_redline_c46a258659.pdf,tracking_without_comments,c46a258659,redlines_a100_b10,aa58aada650576520e169f0ee360a373df29413509525243caa84864170e5bcd,342f364d460e7110bddf317847edec68f000c5c839e45722965da43da8abe7ba,c46a258659988c1cd5d8b19639bb23a37ce04da48eb9c23b1d74fe209c173847,c27207e01307e842d8b6e3cf563415222077e78b14ff1a3685b4b35dc841d22d
b27bda87ed_0023f7c421a05af9c44fb4ff9ef1bce46c53a081779b1e72__vs__aa5340125d_00a4b0b91e9b5b072dc3771391c2d608518690eccf44eae8_redline_205503ead9,clean/docx/b27bda87ed_0023f7c421a05af9c44fb4ff9ef1bce46c53a081779b1e72,clean/docx/aa5340125d_00a4b0b91e9b5b072dc3771391c2d608518690eccf44eae8,tracking_without_comments/docx/b27bda87ed_0023f7c421a05af9c44fb4ff9ef1bce46c53a081779b1e72__vs__aa5340125d_00a4b0b91e9b5b072dc3771391c2d608518690eccf44eae8_redline_205503ead9.docx,tracking_without_comments/pdf/b27bda87ed_0023f7c421a05af9c44fb4ff9ef1bce46c53a081779b1e72__vs__aa5340125d_00a4b0b91e9b5b072dc3771391c2d608518690eccf44eae8_redline_205503ead9.pdf,tracking_without_comments,205503ead9,redlines_a100_b10,b27bda87ed648af7b009f00a5250867b8f1b8569d796bfa905cb7adc71e438b1,aa5340125d3bf06891fd59477c734f045cfc5b3d92911d2bbdaf175dae103a1c,205503ead924ba00316e34723989ff3ee6b5163a00e2fc0bf1a486b7bfde5e6f,afe288212c6dc89d3a5971120d6e4fe7e02239fa88c4c2a4a4139154893626a7
b4ba29d456_left_alignment_demo_id_paraid_overflow__vs__bb46f61c5d_line_spacing_demo_id_paraid_overflow_redline_7b637208fb,clean/docx/b4ba29d456_left_alignment_demo_id_paraid_overflow,clean/docx/bb46f61c5d_line_spacing_demo_id_paraid_overflow,tracking_without_comments/docx/b4ba29d456_left_alignment_demo_id_paraid_overflow__vs__bb46f61c5d_line_spacing_demo_id_paraid_overflow_redline_7b637208fb.docx,tracking_without_comments/pdf/b4ba29d456_left_alignment_demo_id_paraid_overflow__vs__bb46f61c5d_line_spacing_demo_id_paraid_overflow_redline_7b637208fb.pdf,tracking_without_comments,7b637208fb,word_based,b4ba29d45675f088410a27e668be881c5fd9e929937c3040ed5f3bffd39f34ec,bb46f61c5da0538455065d98359d1f533179115a3bfc71f00879266596dde87c,7b637208fb2b34e7d004e1ea46ff16e118b55ed3fd16602a293a09fe08a154b2,7ee5a4887cfa2ddf9264df8c62de074fefed8ef7a9adfd37a25c3145ca1d62d1
bdd82b239b_numbered_list_demo_id_paraid_overflow__vs__f6de76cc94_numbered_list_italic_demo_id_paraid_overflow_redline_93d4a23ac7,clean/docx/bdd82b239b_numbered_list_demo_id_paraid_overflow,clean/docx/f6de76cc94_numbered_list_italic_demo_id_paraid_overflow,tracking_without_comments/docx/bdd82b239b_numbered_list_demo_id_paraid_overflow__vs__f6de76cc94_numbered_list_italic_demo_id_paraid_overflow_redline_93d4a23ac7.docx,tracking_without_comments/pdf/bdd82b239b_numbered_list_demo_id_paraid_overflow__vs__f6de76cc94_numbered_list_italic_demo_id_paraid_overflow_redline_93d4a23ac7.pdf,tracking_without_comments,93d4a23ac7,word_based,bdd82b239b256d2525f40573fddf9df516c728b4331e692edffc94d33e4beb4b,f6de76cc949eab839e285238c87e5fdd61241eea4f4b4210c7788433974598a0,93d4a23ac7270a5a4196f0103e7f577ffa7090bdc77d3d110be53b116b740d55,72af2dc2baa0d162751c647e5dbac75a7be308193ca0692f5ee5abaf5f1e9d9a
c5b63f5273_bold_superscript_demo_style_default_missing__vs__dccd86b590_bold_text_formatting_demo_id_paraid_overflow_2_redline_0480d8c02b,clean/docx/c5b63f5273_bold_superscript_demo_style_default_missing,clean/docx/dccd86b590_bold_text_formatting_demo_id_paraid_overflow_2,tracking_without_comments/docx/c5b63f5273_bold_superscript_demo_style_default_missing__vs__dccd86b590_bold_text_formatting_demo_id_paraid_overflow_2_redline_0480d8c02b.docx,tracking_without_comments/pdf/c5b63f5273_bold_superscript_demo_style_default_missing__vs__dccd86b590_bold_text_formatting_demo_id_paraid_overflow_2_redline_0480d8c02b.pdf,tracking_without_comments,0480d8c02b,nocomments,c5b63f5273b8fe226c675a7373dd52b9bd945db5b538c5bf130fa478eaae4f91,dccd86b59026c31eb90868601c93aa27ba686d8836bee97bd1681295a520a7b8,0480d8c02b75a1ad466fcf187668f0c13247e5fa4cd9a94e364d6d8061fe89f4,d3c243dd4de775a69be00269b503fa964f41f74fda51c436f49ef8e09d284558
c6956051c8_0035880301dd9b39b35318af6a88457fb4f6491a3ca1964a__vs__2e04202552_000e3e7bd2d6215fc7b469cc3e296c1b2a510bc1abc7e0fd_redline_a302cb338a,clean/docx/c6956051c8_0035880301dd9b39b35318af6a88457fb4f6491a3ca1964a,clean/docx/2e04202552_000e3e7bd2d6215fc7b469cc3e296c1b2a510bc1abc7e0fd,tracking_without_comments/docx/c6956051c8_0035880301dd9b39b35318af6a88457fb4f6491a3ca1964a__vs__2e04202552_000e3e7bd2d6215fc7b469cc3e296c1b2a510bc1abc7e0fd_redline_a302cb338a.docx,tracking_without_comments/pdf/c6956051c8_0035880301dd9b39b35318af6a88457fb4f6491a3ca1964a__vs__2e04202552_000e3e7bd2d6215fc7b469cc3e296c1b2a510bc1abc7e0fd_redline_a302cb338a.pdf,tracking_without_comments,a302cb338a,redlines_a100_b10,c6956051c88973182c4bce1d59fc7e307fb42e9eb708462b4b03297130a2898d,2e042025528818822ef7f3ccf73977ae3e3e7cff864682b5c0060083284d8ae7,a302cb338a328178591f9e1eff8568dae7094e4b9ff65f7013af7cdcbb2a8274,ce242d74a72445db556b7da61304f05dd86ca3073a6fcda5050fc84a2a889a1b
c706120413_open_sans_font_demo_id_paraid_overflow__vs__82348eef4b_multi_section_redline_a0b32ee481,clean/docx/c706120413_open_sans_font_demo_id_paraid_overflow,clean/docx/82348eef4b_multi_section,tracking_without_comments/docx/c706120413_open_sans_font_demo_id_paraid_overflow__vs__82348eef4b_multi_section_redline_a0b32ee481.docx,tracking_without_comments/pdf/c706120413_open_sans_font_demo_id_paraid_overflow__vs__82348eef4b_multi_section_redline_a0b32ee481.pdf,tracking_without_comments,a0b32ee481,word_based;fixtures_word_compares,c7061204136932c4448845299ae2803fdabee1f0ffd340def5aa743d62e6d7f3,82348eef4bd7c9a74c050e11e43ba6b4f47f5520814d2e59b5e2c4deb0d2d7d7,a0b32ee4816bb0386476dcb06a82f94309c6684b76c1d6064a9247d00159723e,091e1f32b697a69c55aa109910bb3c257fc47866e6383d1633f81015aee7c4c1
ca4ccabff6_superscript_demo_id_paraid_overflow_2__vs__860b6e457e_superscript_demo_id_paraid_overflow_redline_ad1cd7a177,clean/docx/ca4ccabff6_superscript_demo_id_paraid_overflow_2,clean/docx/860b6e457e_superscript_demo_id_paraid_overflow,tracking_without_comments/docx/ca4ccabff6_superscript_demo_id_paraid_overflow_2__vs__860b6e457e_superscript_demo_id_paraid_overflow_redline_ad1cd7a177.docx,tracking_without_comments/pdf/ca4ccabff6_superscript_demo_id_paraid_overflow_2__vs__860b6e457e_superscript_demo_id_paraid_overflow_redline_ad1cd7a177.pdf,tracking_without_comments,ad1cd7a177,word_based,ca4ccabff61e40bca49a07d7795ef6b71136b4896e56255cfbb7b66250515879,860b6e457eb5ee5f7675e8e659bed6fa3640b1fbc53389ef15bc24b7070542e5,ad1cd7a177f860cbe2f2ea3f00788dc4cd04a9b11a700b0a518b1fbd5ed1279f,4e7f8dd90e16faa5fdcbee8438218183c566df97abb81eb3a707167af97f993c
cbb3bab843_word_tolerated_orphan_comment__vs__cefef4e4f5_yellow_highlight_demo_id_paraid_overflow_redline_44c8cc9358,with_comments_clean/docx/cbb3bab843_word_tolerated_orphan_comment,clean/docx/cefef4e4f5_yellow_highlight_demo_id_paraid_overflow,with_comments_tracking/docx/cbb3bab843_word_tolerated_orphan_comment__vs__cefef4e4f5_yellow_highlight_demo_id_paraid_overflow_redline_44c8cc9358.docx,with_comments_tracking/pdf/cbb3bab843_word_tolerated_orphan_comment__vs__cefef4e4f5_yellow_highlight_demo_id_paraid_overflow_redline_44c8cc9358.pdf,with_comments_tracking,44c8cc9358,word_based,cbb3bab8439ed65ac8be9ff830da40e0b7394d40f7c080dd7bc83a7679f6cc34,cefef4e4f5e649393173476767b97d4b74c52727651070db08c0b7d8696c4616,44c8cc93586f470205c3961a43dea4504aca854a11cfebc8c2bfb77bb07e5450,a0bb3c7267b582571aaefead1b4875c4dd78657867f431a70add2085933a824d
cfb3c9f5f7_60168e4d4fe36b23bee30244f89884e3a9b364b2b8270abc__vs__6c8fc15329_adec1f56bbf0e13c249c914129851ad18623e311ccbfde12_redline_a9333255ca,clean/docx/cfb3c9f5f7_60168e4d4fe36b23bee30244f89884e3a9b364b2b8270abc,clean/docx/6c8fc15329_adec1f56bbf0e13c249c914129851ad18623e311ccbfde12,tracking_without_comments/docx/cfb3c9f5f7_60168e4d4fe36b23bee30244f89884e3a9b364b2b8270abc__vs__6c8fc15329_adec1f56bbf0e13c249c914129851ad18623e311ccbfde12_redline_a9333255ca.docx,tracking_without_comments/pdf/cfb3c9f5f7_60168e4d4fe36b23bee30244f89884e3a9b364b2b8270abc__vs__6c8fc15329_adec1f56bbf0e13c249c914129851ad18623e311ccbfde12_redline_a9333255ca.pdf,tracking_without_comments,a9333255ca,redlines_en_500,cfb3c9f5f700d5fe01e939f663706bdb38fd95896d48720e0a8e855d4db21103,6c8fc15329f5594e0429b73c1789081fd633f40469934d06f263864d304a78b2,a9333255ca169d061422827b8177f48c696b2cfe928e5d88fe004299dd0fceb6,8c1002b46ac144ad6a8635859dbe4d9cb1691fccfcf30b6e3a6e8886345135c1
d09a2f8509_00b5aa69a6c33b2725953348488d62605dc209411d01f80a__vs__2773adf157_0004c94ca2a8684d47449bb0e7abf87de1df71a7e6543252_redline_3350b94022,clean/docx/d09a2f8509_00b5aa69a6c33b2725953348488d62605dc209411d01f80a,clean/docx/2773adf157_0004c94ca2a8684d47449bb0e7abf87de1df71a7e6543252,tracking_without_comments/docx/d09a2f8509_00b5aa69a6c33b2725953348488d62605dc209411d01f80a__vs__2773adf157_0004c94ca2a8684d47449bb0e7abf87de1df71a7e6543252_redline_3350b94022.docx,tracking_without_comments/pdf/d09a2f8509_00b5aa69a6c33b2725953348488d62605dc209411d01f80a__vs__2773adf157_0004c94ca2a8684d47449bb0e7abf87de1df71a7e6543252_redline_3350b94022.pdf,tracking_without_comments,3350b94022,redlines_a100_b10,d09a2f850978bd2ac62d6c4d6947bc2b679858386a38f8b2dc2650dae17442c3,2773adf1573296ac475b3351ac307258686b2779d2b304e0bfc41e3bf1c3c15f,3350b9402298f11cdcf8de42505729a6a7f25579dad010be7353238b6a1e4d4f,230a19d1563fde9aef9722c4a1acd0486bb909f46484f2e4e17424ed58feae46
d16179a60b_c3cb50c9620520f54d70a4f079a12e94bf94f54f507eff8d__vs__1aaca1d5af_ef31e540797c67a78c662cc2e5ecb21bf446e3d696ce26ad_redline_f72cd71154,with_comments_clean/docx/d16179a60b_c3cb50c9620520f54d70a4f079a12e94bf94f54f507eff8d,clean/docx/1aaca1d5af_ef31e540797c67a78c662cc2e5ecb21bf446e3d696ce26ad,with_comments_tracking/docx/d16179a60b_c3cb50c9620520f54d70a4f079a12e94bf94f54f507eff8d__vs__1aaca1d5af_ef31e540797c67a78c662cc2e5ecb21bf446e3d696ce26ad_redline_f72cd71154.docx,with_comments_tracking/pdf/d16179a60b_c3cb50c9620520f54d70a4f079a12e94bf94f54f507eff8d__vs__1aaca1d5af_ef31e540797c67a78c662cc2e5ecb21bf446e3d696ce26ad_redline_f72cd71154.pdf,with_comments_tracking,f72cd71154,redlines_en_500,d16179a60b73cacf429a4f64fe7edd2d88a317adbff96fff278e7ca291efdd5f,1aaca1d5af651975bc8e05d107464dae98b4e336f409a865f4f27165c659d400,f72cd7115425dd88147ccb526415483a69c400ad56c8a4a686084593645c6a9d,78ec5c0b23211da6be91cdacac26fafa5fd8440360e1e32b7a00744ff820e465
d560bc7296_header_no_rels__vs__eb82ad6df1_heading_1_bold_demo_id_paraid_overflow_redline_52058c5190,clean/docx/d560bc7296_header_no_rels,clean/docx/eb82ad6df1_heading_1_bold_demo_id_paraid_overflow,tracking_without_comments/docx/d560bc7296_header_no_rels__vs__eb82ad6df1_heading_1_bold_demo_id_paraid_overflow_redline_52058c5190.docx,tracking_without_comments/pdf/d560bc7296_header_no_rels__vs__eb82ad6df1_heading_1_bold_demo_id_paraid_overflow_redline_52058c5190.pdf,tracking_without_comments,52058c5190,nocomments,d560bc7296e1cb337fe3fbcb2cd983f0a1171bc54ffd0f4a077ed184c87282fc,eb82ad6df1720fccba51002bf445fa78500af5d41884417b8f27b918d5d05fef,52058c51907c1992685db6410eed47a7e9e88f133d9d1c0c48c2ba7a16a1047e,3edbfa41391f5581201cc3b4429547cad30304653392be92fe8264b72526c794
d6229441a5_0022208cff905cd74261067032c22afa148e0f63496c7f66__vs__333bfe069a_003416d620331122b93b434dad901db5836f60d2cad4b533_redline_c68bde126f,clean/docx/d6229441a5_0022208cff905cd74261067032c22afa148e0f63496c7f66,clean/docx/333bfe069a_003416d620331122b93b434dad901db5836f60d2cad4b533,tracking_without_comments/docx/d6229441a5_0022208cff905cd74261067032c22afa148e0f63496c7f66__vs__333bfe069a_003416d620331122b93b434dad901db5836f60d2cad4b533_redline_c68bde126f.docx,tracking_without_comments/pdf/d6229441a5_0022208cff905cd74261067032c22afa148e0f63496c7f66__vs__333bfe069a_003416d620331122b93b434dad901db5836f60d2cad4b533_redline_c68bde126f.pdf,tracking_without_comments,c68bde126f,redlines_a100_b10,d6229441a5aca4aa7947f42a19c16add417a6c65ab69f350c14494d846ee6e56,333bfe069af9a12a08ef3a6811ef6e3007f1c41d3f1ed9a87816a010e1aaa443,c68bde126f572e36671496cdb5efd061bdfdf217102fe05d035a8f645614f2b5,2589d322323fc759c5bad5d0d2492777938f64cd62c1b2a9fa7883791b3b3d07
d6229441a5_0022208cff905cd74261067032c22afa148e0f63496c7f66__vs__aa5340125d_00a4b0b91e9b5b072dc3771391c2d608518690eccf44eae8_redline_0cbbcaa7f0,clean/docx/d6229441a5_0022208cff905cd74261067032c22afa148e0f63496c7f66,clean/docx/aa5340125d_00a4b0b91e9b5b072dc3771391c2d608518690eccf44eae8,tracking_without_comments/docx/d6229441a5_0022208cff905cd74261067032c22afa148e0f63496c7f66__vs__aa5340125d_00a4b0b91e9b5b072dc3771391c2d608518690eccf44eae8_redline_0cbbcaa7f0.docx,tracking_without_comments/pdf/d6229441a5_0022208cff905cd74261067032c22afa148e0f63496c7f66__vs__aa5340125d_00a4b0b91e9b5b072dc3771391c2d608518690eccf44eae8_redline_0cbbcaa7f0.pdf,tracking_without_comments,0cbbcaa7f0,redlines_a100_b10,d6229441a5aca4aa7947f42a19c16add417a6c65ab69f350c14494d846ee6e56,aa5340125d3bf06891fd59477c734f045cfc5b3d92911d2bbdaf175dae103a1c,0cbbcaa7f08ae2416512d27ecc8b64f08cda7b60dd6064789d315dee9ced5c76,fdc11680eef9cdb1078092d8df8e594537c27479932f6a55f792366233cea87b
d7c6d7eb36_green_underline_bullet_list_id_paraid_overflow__vs__c5763a90ce_header_no_rels_redline_1b7bd516c0,clean/docx/d7c6d7eb36_green_underline_bullet_list_id_paraid_overflow,clean/docx/c5763a90ce_header_no_rels,tracking_without_comments/docx/d7c6d7eb36_green_underline_bullet_list_id_paraid_overflow__vs__c5763a90ce_header_no_rels_redline_1b7bd516c0.docx,tracking_without_comments/pdf/d7c6d7eb36_green_underline_bullet_list_id_paraid_overflow__vs__c5763a90ce_header_no_rels_redline_1b7bd516c0.pdf,tracking_without_comments,1b7bd516c0,word_based_0926,d7c6d7eb36da060fb7ed35fa23481cc8b2e53f06a800c58a35098ae6789d9328,c5763a90ceb7fff40387ee8b0af5c1f52b829fbaf252eadd4e28c4cd607d6be6,1b7bd516c0be8a4e0f94cc9cba1a3c8a1f4f8274ff4d9eb7b039a26fb0e342a6,0d66d1807fecf7693b6fa4f24efc10057109329d6e9413f38dc5e8ea5e48f5da
da68abdf72_blue_centered_title_demo_style_default_missing__vs__6a4d8ea70c_blue_italic_text_demo_id_paraid_overflow_redline_d4abbe07c3,clean/docx/da68abdf72_blue_centered_title_demo_style_default_missing,clean/docx/6a4d8ea70c_blue_italic_text_demo_id_paraid_overflow,tracking_without_comments/docx/da68abdf72_blue_centered_title_demo_style_default_missing__vs__6a4d8ea70c_blue_italic_text_demo_id_paraid_overflow_redline_d4abbe07c3.docx,tracking_without_comments/pdf/da68abdf72_blue_centered_title_demo_style_default_missing__vs__6a4d8ea70c_blue_italic_text_demo_id_paraid_overflow_redline_d4abbe07c3.pdf,tracking_without_comments,d4abbe07c3,word_based,da68abdf72259ded8c1b97f841ebe3a8e16229712f75bda3406ec988a7c92a1f,6a4d8ea70c3a89086d7ec80ac9ac369d222ba68c552fdbeb95dad21f5c5c0419,d4abbe07c354c50108550b79f20a38d970590b2bbc34160408c6d37d444687f1,bd5e4da84bddf5a2611661292e62cd6bfd66f73663d4a6f5a262ae30a32c03f8
dc6cf74a76_hr_onboarding_checklist_table__vs__308862bb53_i_am_sharing_microsoft_word_vs_google_docs_compr_redline_e10275b787,clean/docx/dc6cf74a76_hr_onboarding_checklist_table,clean/docx/308862bb53_i_am_sharing_microsoft_word_vs_google_docs_compr,tracking_without_comments/docx/dc6cf74a76_hr_onboarding_checklist_table__vs__308862bb53_i_am_sharing_microsoft_word_vs_google_docs_compr_redline_e10275b787.docx,tracking_without_comments/pdf/dc6cf74a76_hr_onboarding_checklist_table__vs__308862bb53_i_am_sharing_microsoft_word_vs_google_docs_compr_redline_e10275b787.pdf,tracking_without_comments,e10275b787,nocomments,dc6cf74a76e19599037a1977e38f993df386aa03868bc64ccd0d100fb54fcf5d,308862bb531ae92ad468b2fe182f56f66052438c557ee1f217899111881ae6b4,e10275b7876282a64952187bf2cf39a80ac740ebbca834ebb2bf1677ea102816,e5bf2476eb1816daed1c8c4113ab13cbdcfc0c80bddfa74d5d618e9bfec72c41
ddfaf8c480_line_spacing_demo_id_paraid_overflow__vs__ea970f238e_marketing_strategy_2026_suggesting_insertions_redline_047b4c0dba,clean/docx/ddfaf8c480_line_spacing_demo_id_paraid_overflow,tracking_without_comments/docx/ea970f238e_marketing_strategy_2026_suggesting_insertions,tracking_without_comments/docx/ddfaf8c480_line_spacing_demo_id_paraid_overflow__vs__ea970f238e_marketing_strategy_2026_suggesting_insertions_redline_047b4c0dba.docx,tracking_without_comments/pdf/ddfaf8c480_line_spacing_demo_id_paraid_overflow__vs__ea970f238e_marketing_strategy_2026_suggesting_insertions_redline_047b4c0dba.pdf,tracking_without_comments,047b4c0dba,nocomments,ddfaf8c4808d90c10c507554b41574159e0132be13d1e0837ecc2df986e130b2,ea970f238eb0e90a19c7b013e4de7223e45127ba1914c001e0d8900f5926baff,047b4c0dba9551b83c420e81fd905711f0b9dfab64030d22940e009cfac08ab6,961895d2d5de8e1d4da72fa19437388927ec916e928c25198c442fabd7bc9aad
de2a4c9936_marketing_strategy_2026_suggesting_insertions__vs__90e2c33814_meeting_agenda_table_2_redline_cf4189e197,tracking_without_comments/docx/de2a4c9936_marketing_strategy_2026_suggesting_insertions,clean/docx/90e2c33814_meeting_agenda_table_2,tracking_without_comments/docx/de2a4c9936_marketing_strategy_2026_suggesting_insertions__vs__90e2c33814_meeting_agenda_table_2_redline_cf4189e197.docx,tracking_without_comments/pdf/de2a4c9936_marketing_strategy_2026_suggesting_insertions__vs__90e2c33814_meeting_agenda_table_2_redline_cf4189e197.pdf,tracking_without_comments,cf4189e197,word_based,de2a4c993602c014443c806381e9f732f1852d1248a22711527dd4eb77d6b1a6,90e2c3381430f35fc5e78b7dee483575ad9b6f6cc7cdb6aab5fc6a9c808265b3,cf4189e197d671e96024de61b66540dedaf5271b0a10937f5ee9135bd7c1d44b,bc3b976dbe35a8b5faca62736940a97253220cefdee18460d5e964673d032179
e11fc429b2_29540ef11ec3fc04ba1bca353f5140559c4b03e76516c7a7__vs__0f6e71381a_7057d180ffd30c96a71aa95e32993d39bf2e59a1eff850b7_redline_b461d6f797,clean/docx/e11fc429b2_29540ef11ec3fc04ba1bca353f5140559c4b03e76516c7a7,with_comments_clean/docx/0f6e71381a_7057d180ffd30c96a71aa95e32993d39bf2e59a1eff850b7,with_comments_tracking/docx/e11fc429b2_29540ef11ec3fc04ba1bca353f5140559c4b03e76516c7a7__vs__0f6e71381a_7057d180ffd30c96a71aa95e32993d39bf2e59a1eff850b7_redline_b461d6f797.docx,with_comments_tracking/pdf/e11fc429b2_29540ef11ec3fc04ba1bca353f5140559c4b03e76516c7a7__vs__0f6e71381a_7057d180ffd30c96a71aa95e32993d39bf2e59a1eff850b7_redline_b461d6f797.pdf,with_comments_tracking,b461d6f797,redlines_en_500,e11fc429b29941ab9c941201770b96f6a32a71336b516219a7900200694fd67a,0f6e71381a18baecb76646252dc5daf30d88134702b8d89fff37fd2bf5050d9e,b461d6f797b9fadc873a021baea5801038fa99c3e2b1fda2ef4c1a42c08d2abb,aec603b1e88806e6eba507bb453d9d25044d23dd49449ccb4a9ba99f0914cd4e
e1201c51d4_italic_subscript_demo_style_default_missing__vs__3fc14675e5_italic_text_formatting_demo_id_paraid_overflow_2_redline_ef075ffb0b,clean/docx/e1201c51d4_italic_subscript_demo_style_default_missing,clean/docx/3fc14675e5_italic_text_formatting_demo_id_paraid_overflow_2,tracking_without_comments/docx/e1201c51d4_italic_subscript_demo_style_default_missing__vs__3fc14675e5_italic_text_formatting_demo_id_paraid_overflow_2_redline_ef075ffb0b.docx,tracking_without_comments/pdf/e1201c51d4_italic_subscript_demo_style_default_missing__vs__3fc14675e5_italic_text_formatting_demo_id_paraid_overflow_2_redline_ef075ffb0b.pdf,tracking_without_comments,ef075ffb0b,word_based,e1201c51d41c9508be69c135168708010f94fa95fcbaa7252f15699868627a9d,3fc14675e5e7f1565feebef9c79385bd63a7cd56a9bd911af708444218b203e1,ef075ffb0bf377dd98c3c2156da89b71fb45197a0a03e94026dbf3741125235c,5046f46d17014207d880518455f4c7b5916947f175feda1e29ced369b48ba28b
e1736e61c5_italic_underline_combined_demo_id_paraid_overflo__vs__516ae5b317_justified_underline_demo_id_paraid_overflow_redline_0a5a39916e,clean/docx/e1736e61c5_italic_underline_combined_demo_id_paraid_overflo,clean/docx/516ae5b317_justified_underline_demo_id_paraid_overflow,tracking_without_comments/docx/e1736e61c5_italic_underline_combined_demo_id_paraid_overflo__vs__516ae5b317_justified_underline_demo_id_paraid_overflow_redline_0a5a39916e.docx,tracking_without_comments/pdf/e1736e61c5_italic_underline_combined_demo_id_paraid_overflo__vs__516ae5b317_justified_underline_demo_id_paraid_overflow_redline_0a5a39916e.pdf,tracking_without_comments,0a5a39916e,word_based,e1736e61c523e48de58d2abd6222d4ab72005c97040682e869c91b7f1403f95a,516ae5b317445fee1f07304dfdcce4247d9d52a051b09d835a6a84b79a88b6d4,0a5a39916e5d10bb587e3085f19a0a30d818b4a877bdd5f2985241e7bedc9fe9,325b0b39f1667784375f493170a390f01dbb6cd94441ebfe9cc9defedf63eca7
e1f631e28a_green_highlight_demo_id_paraid_overflow__vs__d7c6d7eb36_green_underline_bullet_list_id_paraid_overflow_redline_407acd7ea1,clean/docx/e1f631e28a_green_highlight_demo_id_paraid_overflow,clean/docx/d7c6d7eb36_green_underline_bullet_list_id_paraid_overflow,tracking_without_comments/docx/e1f631e28a_green_highlight_demo_id_paraid_overflow__vs__d7c6d7eb36_green_underline_bullet_list_id_paraid_overflow_redline_407acd7ea1.docx,tracking_without_comments/pdf/e1f631e28a_green_highlight_demo_id_paraid_overflow__vs__d7c6d7eb36_green_underline_bullet_list_id_paraid_overflow_redline_407acd7ea1.pdf,tracking_without_comments,407acd7ea1,word_based_0926,e1f631e28a31908bd88cad2190623c74fd291715da47c34edec1ccf627ac7e36,d7c6d7eb36da060fb7ed35fa23481cc8b2e53f06a800c58a35098ae6789d9328,407acd7ea1278b0da8e9e928b2d5e4025a6eee7b60a85227f5cb5f0e8a5d4d26,d7b29b6b21916020d0c7b0eabe48d996b4e192da3e09c208fdb7126b5e9ae1c1
e355cec096_small_font_size_demo_id_paraid_overflow__vs__60697d46b7_strict01_redline_0cd32d67b2,clean/docx/e355cec096_small_font_size_demo_id_paraid_overflow,with_comments_tracking/docx/60697d46b7_strict01,with_comments_tracking/docx/e355cec096_small_font_size_demo_id_paraid_overflow__vs__60697d46b7_strict01_redline_0cd32d67b2.docx,with_comments_tracking/pdf/e355cec096_small_font_size_demo_id_paraid_overflow__vs__60697d46b7_strict01_redline_0cd32d67b2.pdf,with_comments_tracking,0cd32d67b2,word_based;fixtures_word_compares;pdf_fill_0928,e355cec096dd1c799f1ebd35fe0c1df21d30d3a83e4f1098cf0c595b456b9585,60697d46b7ec6e23cd50cf63d66d6866c964453cb6962f729cebffca6d0b803f,0cd32d67b2f0043093e681ae64c48a22572af5cdfff6a7cd8fcd72fe3cb3262c,7ff531c4ef2244430704d182c6e9525010ffb1f2b07a9d9324b778a2c0735605
e615c89269_inventory_list_suggesting_deletions__vs__8e5efb0d0b_inventory_list_suggesting_mixed_edits_redline_137d46157c,tracking_without_comments/docx/e615c89269_inventory_list_suggesting_deletions,tracking_without_comments/docx/8e5efb0d0b_inventory_list_suggesting_mixed_edits,tracking_without_comments/docx/e615c89269_inventory_list_suggesting_deletions__vs__8e5efb0d0b_inventory_list_suggesting_mixed_edits_redline_137d46157c.docx,tracking_without_comments/pdf/e615c89269_inventory_list_suggesting_deletions__vs__8e5efb0d0b_inventory_list_suggesting_mixed_edits_redline_137d46157c.pdf,tracking_without_comments,137d46157c,word_based;fixtures_word_compares,e615c8926980aa06ff52af0e83f7adfea6314a1331c995d652aeca2c1b0b221c,8e5efb0d0b7cfbf985ff4b66480637891ba641a8a2c764a0d39c0700d73ba718,137d46157c5a132633fdb20574034e41ce82b759dbac9712eeceb48076ee0ca1,5aa466ca3a5a4d26fc5b61c4b7018113508a46170e7aae5c7b884951452894d5
ee91b9e453_9385adbfd34ee40a4bd2429d7385293b31a127fc9e9208d1__vs__409867707c_61a16c9bdc534801a19fcf808fdddd50a7cd74d1efd6113e_redline_9f2ce6d6bb,clean/docx/ee91b9e453_9385adbfd34ee40a4bd2429d7385293b31a127fc9e9208d1,with_comments_clean/docx/409867707c_61a16c9bdc534801a19fcf808fdddd50a7cd74d1efd6113e,with_comments_tracking/docx/ee91b9e453_9385adbfd34ee40a4bd2429d7385293b31a127fc9e9208d1__vs__409867707c_61a16c9bdc534801a19fcf808fdddd50a7cd74d1efd6113e_redline_9f2ce6d6bb.docx,with_comments_tracking/pdf/ee91b9e453_9385adbfd34ee40a4bd2429d7385293b31a127fc9e9208d1__vs__409867707c_61a16c9bdc534801a19fcf808fdddd50a7cd74d1efd6113e_redline_9f2ce6d6bb.pdf,with_comments_tracking,9f2ce6d6bb,redlines_en_500,ee91b9e45364af5e570b4e9e22644cee1bc0b82909524d684459cf175b7344ba,409867707c974bb4dfe49307f647f7a245977126faff0bb828349f27da78ea92,9f2ce6d6bb1e605857ab54a9f460630c67cf2e60dcdc6234bedc9bd0a367e148,32bf463f83ca65ce07918798b2b136efd1830a11739b2924fb42154c242bae3d
f43929f70c_verdana_bold_large_font_id_paraid_overflow__vs__ac4b41aa8e_verdana_font_demo_id_paraid_overflow_redline_ab1fd1e5f3,clean/docx/f43929f70c_verdana_bold_large_font_id_paraid_overflow,clean/docx/ac4b41aa8e_verdana_font_demo_id_paraid_overflow,with_comments_tracking/docx/f43929f70c_verdana_bold_large_font_id_paraid_overflow__vs__ac4b41aa8e_verdana_font_demo_id_paraid_overflow_redline_ab1fd1e5f3.docx,with_comments_tracking/pdf/f43929f70c_verdana_bold_large_font_id_paraid_overflow__vs__ac4b41aa8e_verdana_font_demo_id_paraid_overflow_redline_ab1fd1e5f3.pdf,with_comments_tracking,ab1fd1e5f3,word_based,f43929f70c1780b461e9308878e42520e0db366082f362b3502bf72a47fc0ed2,ac4b41aa8e1cbc2bc29d9a1ae4bbdef14fc0472bd093e7ad5b8b0258d93bbb84,ab1fd1e5f3fb21e16e7fcfee0c839235e7da2ac1d2b2672509b12a33d10f6c9e,b52b056b35aef3509161b5c3a9c36106f21fe5f7180fb42262f4311290293830
f7d8cdf9a9_product_roadmap_2026_suggesting_insertions__vs__93db7f65b3_project_plan_suggesting_insertions_redline_61d6a6f326,tracking_without_comments/docx/f7d8cdf9a9_product_roadmap_2026_suggesting_insertions,tracking_without_comments/docx/93db7f65b3_project_plan_suggesting_insertions,tracking_without_comments/docx/f7d8cdf9a9_product_roadmap_2026_suggesting_insertions__vs__93db7f65b3_project_plan_suggesting_insertions_redline_61d6a6f326.docx,tracking_without_comments/pdf/f7d8cdf9a9_product_roadmap_2026_suggesting_insertions__vs__93db7f65b3_project_plan_suggesting_insertions_redline_61d6a6f326.pdf,tracking_without_comments,61d6a6f326,word_based;fixtures_word_compares,f7d8cdf9a9e0582051b406bb802e0b2628040f92cecfdcf6f853b3822f441c79,93db7f65b3c7c3ea50bfee518feabff344d2e261ef9ec26a64aafdd72c21022e,61d6a6f326568b10dc9cadd157e43d40710cfc465ad48d5db74626088e54be4b,d2db4f031294dafc9ae973f5eeeaae357a622c1520ef21a7b2a879fcc3db28be
f84571f3fc_bold_text_formatting_demo_id_paraid_overflow_2__vs__fdabb735ad_bold_text_formatting_demo_id_paraid_overflow_redline_fd025c2029,clean/docx/f84571f3fc_bold_text_formatting_demo_id_paraid_overflow_2,clean/docx/fdabb735ad_bold_text_formatting_demo_id_paraid_overflow,tracking_without_comments/docx/f84571f3fc_bold_text_formatting_demo_id_paraid_overflow_2__vs__fdabb735ad_bold_text_formatting_demo_id_paraid_overflow_redline_fd025c2029.docx,tracking_without_comments/pdf/f84571f3fc_bold_text_formatting_demo_id_paraid_overflow_2__vs__fdabb735ad_bold_text_formatting_demo_id_paraid_overflow_redline_fd025c2029.pdf,tracking_without_comments,fd025c2029,fixtures_word_compares;pdf_fill_0928,f84571f3fcdd5b0a56052e9cc88bef898142d11aad3050aa0871ebe269a0d417,fdabb735ad17e66a636b98722977e4bd75796e2337a9893b283b42fbc9a380fb,fd025c20295516672d0edcbb8bfe006128113ef3601c4e1bc8f251301f023104,143078ee204e5c08ae1da821a61b49fb7ad088da6c69dafbd9f8f661e971acb1
fa4d5010d8_layout_engine__basic_vector_shapes_e5f0ef49__vs__ad43500302_super_editor__list_numbering_reimport_d788d573_redline_9d682fe39d,clean/docx/fa4d5010d8_layout_engine__basic_vector_shapes_e5f0ef49,clean/docx/ad43500302_super_editor__list_numbering_reimport_d788d573,tracking_without_comments/docx/fa4d5010d8_layout_engine__basic_vector_shapes_e5f0ef49__vs__ad43500302_super_editor__list_numbering_reimport_d788d573_redline_9d682fe39d.docx,tracking_without_comments/pdf/fa4d5010d8_layout_engine__basic_vector_shapes_e5f0ef49__vs__ad43500302_super_editor__list_numbering_reimport_d788d573_redline_9d682fe39d.pdf,tracking_without_comments,9d682fe39d,word_redlines_superdoc,fa4d5010d8f39a9581caeb342b1b44d5221ceb8b8a880ad48c12606453dc30a6,ad4350030267581b1b67fc47ad94807e822dae76bd954f4fea96e5ba1d7b1825,9d682fe39dd5b11559c6b0ea3d872d994979fbf48d0244d3839eaff351b67f15,47c334f81e14278d5260b1403f0a594a769a72f1d312aa3fe78fbde3dab572d1
fdb2976d19_01415d08f6d1a428e6949533adcd6249cf25676d98d0b78c__vs__bd3824dd1e_000ee64ef7226d353297888f59a251e24ce5d776fea000fa_redline_f78b44f607,clean/docx/fdb2976d19_01415d08f6d1a428e6949533adcd6249cf25676d98d0b78c,clean/docx/bd3824dd1e_000ee64ef7226d353297888f59a251e24ce5d776fea000fa,tracking_without_comments/docx/fdb2976d19_01415d08f6d1a428e6949533adcd6249cf25676d98d0b78c__vs__bd3824dd1e_000ee64ef7226d353297888f59a251e24ce5d776fea000fa_redline_f78b44f607.docx,tracking_without_comments/pdf/fdb2976d19_01415d08f6d1a428e6949533adcd6249cf25676d98d0b78c__vs__bd3824dd1e_000ee64ef7226d353297888f59a251e24ce5d776fea000fa_redline_f78b44f607.pdf,tracking_without_comments,f78b44f607,redlines_a100_b10,fdb2976d1902b56d33702b909465018fc4f6802f537d9a72ff5261c12fd67fb8,bd3824dd1e5554e7b0a8c3ab90f434599e047ff8de6ec85a04be794d32919bdf,f78b44f607199086b9c6945be0b8954c8ced2e354f0d1890ec7545aa439b7149,9cd785c09733b9eca8f86c3e15b7cad5078b93af062e26b0209089e0ee3021d6
3539cf2404_cli_legacy__replace_test_0a793f01__vs__d48e02b548_super_editor__google_docs_originated_comments_redline_f194709881,with_comments_tracking/docx/3539cf2404_cli_legacy__replace_test_0a793f01,with_comments_tracking/docx/d48e02b548_super_editor__google_docs_originated_comments,with_comments_tracking/docx/3539cf2404_cli_legacy__replace_test_0a793f01__vs__d48e02b548_super_editor__google_docs_originated_comments_redline_f194709881.docx,with_comments_tracking/pdf/3539cf2404_cli_legacy__replace_test_0a793f01__vs__d48e02b548_super_editor__google_docs_originated_comments_redline_f194709881.pdf,with_comments_tracking,f194709881,word_redlines_superdoc,3539cf24044e459a8ee7a22fc5c15e6dd79f6894a88d62b10773fc451b0695d8,d48e02b548312f45d43b7ab07263cfadb009db04eecceff495666f0b1509f944,f194709881e2099d7f9d271d3b73b5ad3bf177555b5e0151353c1d7c7759ffaf,46402335158556c44ed59d477e32ff79db5cd2921406e069877e7ad380ed6dd2
382497a0a8_super_editor__python_docx_comment_test_501f21cb__vs__bcc7379f64_super_editor__paragraph_spacing_missing_de418c38_redline_b37d04ac06,with_comments_clean/docx/382497a0a8_super_editor__python_docx_comment_test_501f21cb,clean/docx/bcc7379f64_super_editor__paragraph_spacing_missing_de418c38,with_comments_tracking/docx/382497a0a8_super_editor__python_docx_comment_test_501f21cb__vs__bcc7379f64_super_editor__paragraph_spacing_missing_de418c38_redline_b37d04ac06.docx,with_comments_tracking/pdf/382497a0a8_super_editor__python_docx_comment_test_501f21cb__vs__bcc7379f64_super_editor__paragraph_spacing_missing_de418c38_redline_b37d04ac06.pdf,with_comments_tracking,b37d04ac06,word_redlines_superdoc,382497a0a81a199ad75c37787671eba054fc0f65938810987afe25367f8a087d,bcc7379f64274492029f1e17bd864c6e093885c5f9ded397ebe9955b7aac37aa,b37d04ac06f4a4ee8af744876097becb37ef63051aefef5a0434240b939889cb,6f17dd61185a180b9e051a6136ba60bde41b5127e815c869b03a06de26d7852a
4f0a3847e3_verdana_italic_centered_demo_id_paraid_overflow__vs__60697d46b7_strict01_redline_319920d9a6,clean/docx/4f0a3847e3_verdana_italic_centered_demo_id_paraid_overflow,with_comments_tracking/docx/60697d46b7_strict01,with_comments_tracking/docx/4f0a3847e3_verdana_italic_centered_demo_id_paraid_overflow__vs__60697d46b7_strict01_redline_319920d9a6.docx,with_comments_tracking/pdf/4f0a3847e3_verdana_italic_centered_demo_id_paraid_overflow__vs__60697d46b7_strict01_redline_319920d9a6.pdf,with_comments_tracking,319920d9a6,word_based,4f0a3847e3d89cd538b7ff7c2bb3833336d19be5933822894c572788cfb0d3ce,60697d46b7ec6e23cd50cf63d66d6866c964453cb6962f729cebffca6d0b803f,319920d9a69f70cd56d4a6145201bfe12d0b11027cee8d39099e127df1270c15,8ab4c2bbce2e5287877ca60067ead5bdf6862b6905332c0face59852303f2c0c
60697d46b7_strict01__vs__a04e2d2749_ooxml_style_link_redline_6b74ac1ae6,with_comments_tracking/docx/60697d46b7_strict01,clean/docx/a04e2d2749_ooxml_style_link,with_comments_tracking/docx/60697d46b7_strict01__vs__a04e2d2749_ooxml_style_link_redline_6b74ac1ae6.docx,with_comments_tracking/pdf/60697d46b7_strict01__vs__a04e2d2749_ooxml_style_link_redline_6b74ac1ae6.pdf,with_comments_tracking,6b74ac1ae6,word_based;fixtures_word_compares;pdf_fill_0928,60697d46b7ec6e23cd50cf63d66d6866c964453cb6962f729cebffca6d0b803f,a04e2d2749b0c44d0f42f1af8d8a8207b998f00d729e138c60881bcc41f89dea,6b74ac1ae65b624629fd8f364979e93ea59d6f0ef7ac2479554d744d7382bc3d,382d386e0acc70b5080e9c108f5b2654c06a26c797f06f28aa173de0ed1d2b44
66dcec3e49_file_175__vs__8f47b1dc90_file_176_redline_acccebf575,with_comments_tracking/docx/66dcec3e49_file_175,with_comments_tracking/docx/8f47b1dc90_file_176,with_comments_tracking/docx/66dcec3e49_file_175__vs__8f47b1dc90_file_176_redline_acccebf575.docx,with_comments_tracking/pdf/66dcec3e49_file_175__vs__8f47b1dc90_file_176_redline_acccebf575.pdf,with_comments_tracking,acccebf575,word_based_randomized,66dcec3e49fd6895457a4d2202b7024b8cc2e9bd93e227046c8d92c715cef301,8f47b1dc90965b29e321e8eb333c28d054cffbde20ab5a7e48e38c2a38f51ab2,acccebf575b032bf946aeacdc77b6cce1e8df9529e25ff4da25af421d3c6db55,7e8e8ceeac79a20de5adcab70dbfb58facf9398d804477984faa7f67f3911ec8
8061e5912f_file_159__vs__8f8f5a3e4d_file_160_redline_69a4d71d6f,with_comments_clean/docx/8061e5912f_file_159,clean/docx/8f8f5a3e4d_file_160,with_comments_tracking/docx/8061e5912f_file_159__vs__8f8f5a3e4d_file_160_redline_69a4d71d6f.docx,with_comments_tracking/pdf/8061e5912f_file_159__vs__8f8f5a3e4d_file_160_redline_69a4d71d6f.pdf,with_comments_tracking,69a4d71d6f,word_based_randomized_0926,8061e5912f4d89a35982e2a683d30a5207294a34666f33f9930d8912923f7490,8f8f5a3e4dea4b04673672eb193db5563f3860aa44cce4bc453c88e35540ca52,69a4d71d6ff271255e145e76f17bcf2ed257e4c06b91bb315dec2a8262baa9c7,17df726915642e1415a248ba61f6d922364b97b7e9e8ac8cdaff833717230084
84f5fb598b_super_editor__diff_before11_1b953eaf__vs__d6a1c42901_super_editor__diff_before16_f518c031_redline_eef71e03e0,with_comments_tracking/docx/84f5fb598b_super_editor__diff_before11_1b953eaf,clean/docx/d6a1c42901_super_editor__diff_before16_f518c031,with_comments_tracking/docx/84f5fb598b_super_editor__diff_before11_1b953eaf__vs__d6a1c42901_super_editor__diff_before16_f518c031_redline_eef71e03e0.docx,with_comments_tracking/pdf/84f5fb598b_super_editor__diff_before11_1b953eaf__vs__d6a1c42901_super_editor__diff_before16_f518c031_redline_eef71e03e0.pdf,with_comments_tracking,eef71e03e0,word_redlines_superdoc_0926,84f5fb598b0b3f898e73d55ab86b54d6be32a7a43403e494351ac9e091051357,d6a1c42901f10eecc87585890c73b40398759b15e99245061a83962f96f245a5,eef71e03e0e4deb2714ca7c94e52cb5f8d8d33f094907c4f166e7c5db40cd078,8c99e5c0b6b6d932d85bed6b9c8c7898ccb7666aaa1d428930ef7c5395301d6c
970fd9303f_sample_document_word_repair_of_our_output_word_r__vs__8441c4ae21_sd_2517_localized_heading_styles_redline_9c71031b8a,with_comments_tracking/docx/970fd9303f_sample_document_word_repair_of_our_output_word_r,clean/docx/8441c4ae21_sd_2517_localized_heading_styles,with_comments_tracking/docx/970fd9303f_sample_document_word_repair_of_our_output_word_r__vs__8441c4ae21_sd_2517_localized_heading_styles_redline_9c71031b8a.docx,with_comments_tracking/pdf/970fd9303f_sample_document_word_repair_of_our_output_word_r__vs__8441c4ae21_sd_2517_localized_heading_styles_redline_9c71031b8a.pdf,with_comments_tracking,9c71031b8a,word_based;fixtures_word_compares;pdf_fill_0928,970fd9303fea9db53f7022fec1d758684df7f19f8d4230585664c620c53ed1fd,8441c4ae21d5c3fce51f5a8aae0d570291af2e0c40191280ad18b0fd371fa78e,9c71031b8a17fd88d68c3cc419d55b9a99a25d5868ff8b873ebe7f54436cf611,2c8a2edf187abe23ade4d1ed813070ae4920c86c71061d37260de70ed1e111e1
9c6ebd430d_file_185__vs__154fce3ec8_file_186_redline_b0af33e7d7,with_comments_tracking/docx/9c6ebd430d_file_185,clean/docx/154fce3ec8_file_186,with_comments_tracking/docx/9c6ebd430d_file_185__vs__154fce3ec8_file_186_redline_b0af33e7d7.docx,with_comments_tracking/pdf/9c6ebd430d_file_185__vs__154fce3ec8_file_186_redline_b0af33e7d7.pdf,with_comments_tracking,b0af33e7d7,word_based_randomized,9c6ebd430d60629364475af37e1e76d497f18048c6bb12a671c07f9ee8fe2538,154fce3ec8823e76850dede511954a256330c52cd3b18733168143c9e02cbaf7,b0af33e7d7e489aa9bcb7f9f4cbaffe1a55ee09620f6bc751f4835fb66c74a12,eef2e0ad8b9b4ba1ce6963342ad0d077e338add3b648849a323d3b24560ed3b4
ab85c77154_file_115__vs__b7219494de_file_116_redline_61959b1953,with_comments_tracking/docx/ab85c77154_file_115,clean/docx/b7219494de_file_116,with_comments_tracking/docx/ab85c77154_file_115__vs__b7219494de_file_116_redline_61959b1953.docx,with_comments_tracking/pdf/ab85c77154_file_115__vs__b7219494de_file_116_redline_61959b1953.pdf,with_comments_tracking,61959b1953,word_based_randomized,ab85c771544bc1d7f27f6bbee422fab5199ef7412cc16aab53d1ee3afd73569b,b7219494de412ec52c98eeda1f40269f95268fc2cf965f4b2882a861a041a354,61959b1953f9009c692aedf8f5b482c34d911ddff40318f6e4d39f2e7d5c12b7,ed507c04efcea0a3b73d66677dd198a9bf8c41c0405eb1daf11a76b1b07212cf
af4645ebd0_file_99__vs__b8115d0dab_file_100_redline_65aa483982,clean/docx/af4645ebd0_file_99,with_comments_tracking/docx/b8115d0dab_file_100,with_comments_tracking/docx/af4645ebd0_file_99__vs__b8115d0dab_file_100_redline_65aa483982.docx,with_comments_tracking/pdf/af4645ebd0_file_99__vs__b8115d0dab_file_100_redline_65aa483982.pdf,with_comments_tracking,65aa483982,word_based_randomized,af4645ebd0c85233846d0a7ae6ffc1657eb5af71bf480056946b37e58175a944,b8115d0dab1bc47d6954e5e7115595962631ea16ecf7cf81a1d91c33e0e89eb4,65aa48398249d9d12126bcf9e5475af906abdb22d5d0a940243e8b736e0a5f1d,c710e88170e6ed2255e87f38c941a115c8c5a2eb7a6b1972a7253309a38f240d
b175a00954_file_27__vs__f32428a03a_file_28_redline_f8f8d224f2,with_comments_tracking/docx/b175a00954_file_27,clean/docx/f32428a03a_file_28,with_comments_tracking/docx/b175a00954_file_27__vs__f32428a03a_file_28_redline_f8f8d224f2.docx,with_comments_tracking/pdf/b175a00954_file_27__vs__f32428a03a_file_28_redline_f8f8d224f2.pdf,with_comments_tracking,f8f8d224f2,word_based_randomized,b175a0095453a808cbd74507f04fdb1c71ceb6c88cea8e9d0bd005c2b4847e55,f32428a03a65373c24098e580670253e1992ea811a718b429878f98561cbe584,f8f8d224f2254f9d1f7062f60811ba40027d1d63166869c1157814dd6f0e9264,45de5fc74431061b9d3ec49c93c2179c2d623f75305a657ef5430c818cf57239
b2b3095b48_file_52__vs__ec3dd0df69_file_53_redline_e14d8c4c7d,clean/docx/b2b3095b48_file_52,with_comments_tracking/docx/ec3dd0df69_file_53,with_comments_tracking/docx/b2b3095b48_file_52__vs__ec3dd0df69_file_53_redline_e14d8c4c7d.docx,with_comments_tracking/pdf/b2b3095b48_file_52__vs__ec3dd0df69_file_53_redline_e14d8c4c7d.pdf,with_comments_tracking,e14d8c4c7d,word_based_randomized,b2b3095b486eaba27081be6aa4656d3eeffe9e42b9befe0f847655affd8a180d,ec3dd0df69be02a9e7045bee166ada93db9ebdb6105d96688bc8d19f7688feab,e14d8c4c7db0fbfc4a5013064638c2ad0d30163147cc66363a0e141c69f1a652,335c39038cb8938c931a7f5e38c3604c2c0f32a4821a87894f98ab2a30dc63e8
b8115d0dab_file_100__vs__c500e0081f_file_101_redline_ff24600d87,with_comments_tracking/docx/b8115d0dab_file_100,clean/docx/c500e0081f_file_101,with_comments_tracking/docx/b8115d0dab_file_100__vs__c500e0081f_file_101_redline_ff24600d87.docx,with_comments_tracking/pdf/b8115d0dab_file_100__vs__c500e0081f_file_101_redline_ff24600d87.pdf,with_comments_tracking,ff24600d87,word_based_randomized,b8115d0dab1bc47d6954e5e7115595962631ea16ecf7cf81a1d91c33e0e89eb4,c500e0081f8ef74e8e296a9e275226f82681f440b1181e85f9eaf55d47f83542,ff24600d87d14c9c41d261147f13e92fc571c7c55559e1e2d348f33325f331b0,538a42d925eebbd15be11265353d8e6e029628d3ce8689387a51bc938f5d5a3e
ba3f04f252_sample_document_really_repaired_word_repaired__vs__d93f1dafca_sample_document_word_repair_of_our_output_iter2_redline_957168bc45,with_comments_tracking/docx/ba3f04f252_sample_document_really_repaired_word_repaired,with_comments_tracking/docx/d93f1dafca_sample_document_word_repair_of_our_output_iter2,with_comments_tracking/docx/ba3f04f252_sample_document_really_repaired_word_repaired__vs__d93f1dafca_sample_document_word_repair_of_our_output_iter2_redline_957168bc45.docx,with_comments_tracking/pdf/ba3f04f252_sample_document_really_repaired_word_repaired__vs__d93f1dafca_sample_document_word_repair_of_our_output_iter2_redline_957168bc45.pdf,with_comments_tracking,957168bc45,word_based_0926,ba3f04f25207c4fcfedffaf94668429f74369f90791462775565b50247152953,d93f1dafca336699a1df1008aac124191030ab13674cf34ee3968fbfe8aff269,957168bc459df03b07e92e1d031414434d6a75308ee9cc524359ec53c87f396d,493b14f8aa3b41d6fbf681e69ead34469fdc042f01726398bdc5785f95d4b623
bc85714262_file_170__vs__15b6035cc0_file_171_redline_c9fc2e8899,with_comments_tracking/docx/bc85714262_file_170,clean/docx/15b6035cc0_file_171,with_comments_tracking/docx/bc85714262_file_170__vs__15b6035cc0_file_171_redline_c9fc2e8899.docx,with_comments_tracking/pdf/bc85714262_file_170__vs__15b6035cc0_file_171_redline_c9fc2e8899.pdf,with_comments_tracking,c9fc2e8899,word_based_randomized_0926,bc85714262b2273de33d5aed4d3d361a6b26847bbe576a00d34b24f9f5b3759b,15b6035cc0a2eddb864dbf18121f55711ca5913d17405b3be8820a8c7327c3f7,c9fc2e8899a8afb3f2e6aaf64931c029f86eed2998f4c50b0670a7bd90b7dfda,f6f2d5248f91150c353b4b2d513cb4eab097094261961d8e1b5c52193e11507b
c090b9f082_file_8__vs__3f91c8f0cd_file_9_redline_bc6f8076f9,clean/docx/c090b9f082_file_8,with_comments_tracking/docx/3f91c8f0cd_file_9,with_comments_tracking/docx/c090b9f082_file_8__vs__3f91c8f0cd_file_9_redline_bc6f8076f9.docx,with_comments_tracking/pdf/c090b9f082_file_8__vs__3f91c8f0cd_file_9_redline_bc6f8076f9.pdf,with_comments_tracking,bc6f8076f9,word_based_randomized_0926,c090b9f08219ec08fbbbe65e4502f0d930ad953def4db78a88b6d6026b152666,3f91c8f0cd1aa05828012f1cff58d339b1bd9333828cb03a253bcd9fc12ca91e,bc6f8076f966777c6fa09312c8377202a3bc979fef7afbf975038de09a213215,45878a4f27e95d845dc99a8adcf2c2b18e492cc5cab24a82b2027980a46297ab
c09b14fcd7_file_196__vs__4e6a261969_file_197_redline_cfb0498eef,with_comments_tracking/docx/c09b14fcd7_file_196,clean/docx/4e6a261969_file_197,with_comments_tracking/docx/c09b14fcd7_file_196__vs__4e6a261969_file_197_redline_cfb0498eef.docx,with_comments_tracking/pdf/c09b14fcd7_file_196__vs__4e6a261969_file_197_redline_cfb0498eef.pdf,with_comments_tracking,cfb0498eef,word_based_randomized,c09b14fcd7b77d7df10cec2daf04a2541a69d32ef269111e1ac276523ddf411a,4e6a2619698975af0df5607e416d8e127761b8b87f1fc7b1a7368fd46ef3ce9b,cfb0498eefb3087563e445cc522a0ff47dfb907b8521291269aa0fe8e15b8526,dfc464cb7ce8436ee0a86f7d1b04ad4819437cb01c2f29cd616e8cd63db98d64
c2d49e9ede_super_editor__sd_978_remove_table_borders_47f7ed__vs__f782ae23ec_super_editor__wordoriginatedcomments_c146be65_redline_59addd896d,clean/docx/c2d49e9ede_super_editor__sd_978_remove_table_borders_47f7ed,with_comments_tracking/docx/f782ae23ec_super_editor__wordoriginatedcomments_c146be65,with_comments_tracking/docx/c2d49e9ede_super_editor__sd_978_remove_table_borders_47f7ed__vs__f782ae23ec_super_editor__wordoriginatedcomments_c146be65_redline_59addd896d.docx,with_comments_tracking/pdf/c2d49e9ede_super_editor__sd_978_remove_table_borders_47f7ed__vs__f782ae23ec_super_editor__wordoriginatedcomments_c146be65_redline_59addd896d.pdf,with_comments_tracking,59addd896d,word_redlines_superdoc,c2d49e9edef3a02d99bca2d3ebb23915c9ee3d1f9083ba8693633001bae30817,f782ae23ecb0e21ba464df954db5f861774a2089c6682347071c1f56e104a4bf,59addd896da5ec5529fc94aa3e430aa0b1d8ab01bdd8b04f67cdc4307aff5b75,e66363759a506e616120977a9ab1af4ef3e6fb9ea71a8b548d23b375ab31fb30
c9822f1008_docx_lots_of_comments_addition_redline__vs__32328b55db_docx_lots_of_comments_addition_removal_redline_r_redline_e6e61fc33f,tracking_without_comments/docx/c9822f1008_docx_lots_of_comments_addition_redline,tracking_without_comments/docx/32328b55db_docx_lots_of_comments_addition_removal_redline_r,clean/docx/c9822f1008_docx_lots_of_comments_addition_redline__vs__32328b55db_docx_lots_of_comments_addition_removal_redline_r_redline_e6e61fc33f.docx,clean/pdf/c9822f1008_docx_lots_of_comments_addition_redline__vs__32328b55db_docx_lots_of_comments_addition_removal_redline_r_redline_e6e61fc33f.pdf,clean,e6e61fc33f,nocomments,c9822f1008862a95f4e440e9536e4f4091662eebe39ccac80dacba404053b0b8,32328b55db8c13c39237fe133b68a885d771421e30d63922b186d8f235698328,e6e61fc33f70a18a4514c1cc0bf0f27dd31d102b54c3119fd45a2381da4fccb2,d5738259a2a7fd180c5c7961dc4ef60d792af8478d3e14173f5b12cfd2e1a4ca
cf02e0407e_file_26__vs__b175a00954_file_27_redline_da516a455a,tracking_without_comments/docx/cf02e0407e_file_26,with_comments_tracking/docx/b175a00954_file_27,with_comments_tracking/docx/cf02e0407e_file_26__vs__b175a00954_file_27_redline_da516a455a.docx,with_comments_tracking/pdf/cf02e0407e_file_26__vs__b175a00954_file_27_redline_da516a455a.pdf,with_comments_tracking,da516a455a,word_based_randomized,cf02e0407ec65b14f7a9b37bb952ec95a2b90ccc2498a53bdb3b2345bcceadd0,b175a0095453a808cbd74507f04fdb1c71ceb6c88cea8e9d0bd005c2b4847e55,da516a455a44ae14e08790a484f2501f9d6859b6f6375b52296d7f91c90abac7,354cd21c319d0ae8010304d28c65fb03d8b04043a560794ab62e30faa9c2c696
d03da97287_super_editor__nested_comments_gdocs_0c8668e1__vs__2b6c7be6bd_super_editor__nested_comments_84f214bb_redline_ba3b77bee3,with_comments_clean/docx/d03da97287_super_editor__nested_comments_gdocs_0c8668e1,with_comments_clean/docx/2b6c7be6bd_super_editor__nested_comments_84f214bb,with_comments_tracking/docx/d03da97287_super_editor__nested_comments_gdocs_0c8668e1__vs__2b6c7be6bd_super_editor__nested_comments_84f214bb_redline_ba3b77bee3.docx,with_comments_tracking/pdf/d03da97287_super_editor__nested_comments_gdocs_0c8668e1__vs__2b6c7be6bd_super_editor__nested_comments_84f214bb_redline_ba3b77bee3.pdf,with_comments_tracking,ba3b77bee3,word_redlines_superdoc,d03da97287bea1f595e41f80843f88e509fec5a0996ddbe09f710c7de590cdeb,2b6c7be6bd7c59810f8f68cc18c2335ccd5400e7147c703bc5ba5531f6a0a2e4,ba3b77bee39d47a75fb548172666208fca800f2085a7ddba7139128b808cd3c4,2ae2bdbb2916addb40a59337dfe0c040a87d647448e2c5a6d6f538ed7759bae1
d48e02b548_super_editor__google_docs_originated_comments__vs__d0281643d2_super_editor__hello_docx_world_12f11074_redline_37c978d405,with_comments_tracking/docx/d48e02b548_super_editor__google_docs_originated_comments,clean/docx/d0281643d2_super_editor__hello_docx_world_12f11074,with_comments_tracking/docx/d48e02b548_super_editor__google_docs_originated_comments__vs__d0281643d2_super_editor__hello_docx_world_12f11074_redline_37c978d405.docx,with_comments_tracking/pdf/d48e02b548_super_editor__google_docs_originated_comments__vs__d0281643d2_super_editor__hello_docx_world_12f11074_redline_37c978d405.pdf,with_comments_tracking,37c978d405,word_redlines_superdoc,d48e02b548312f45d43b7ab07263cfadb009db04eecceff495666f0b1509f944,d0281643d2dd5d1194350fe9e7a02e2194377d5dff13f4bb4afd8fe1e027727a,37c978d405f2bebb3f798c1deaf79fc84b07412a9a606f1dab964cbf22ec0fd0,f129eb6b7a127bd06b44973b8159af92476aaf600892a5045bb48ba259dea294
d48e02b548_super_editor__google_docs_originated_comments__vs__e70f1134dd_super_editor__diff_before8_ba5faa9e_redline_e4569d0756,with_comments_tracking/docx/d48e02b548_super_editor__google_docs_originated_comments,with_comments_clean/docx/e70f1134dd_super_editor__diff_before8_ba5faa9e,with_comments_tracking/docx/d48e02b548_super_editor__google_docs_originated_comments__vs__e70f1134dd_super_editor__diff_before8_ba5faa9e_redline_e4569d0756.docx,with_comments_tracking/pdf/d48e02b548_super_editor__google_docs_originated_comments__vs__e70f1134dd_super_editor__diff_before8_ba5faa9e_redline_e4569d0756.pdf,with_comments_tracking,e4569d0756,word_redlines_superdoc,d48e02b548312f45d43b7ab07263cfadb009db04eecceff495666f0b1509f944,e70f1134ddb017e5973f3615fa108aed06c327c5d1a71796c531174782f9a888,e4569d0756f347756f2f60ddff1e53941121e14bdd36e2cc97d1ebba7d4428eb,69cdacbc8dde9a07b92f2304fe7fca59991dfe705a1766197b1ea38b61288f82
d5a56cdeb3_super_editor__gdocs_single_comment_ac5db87f__vs__bc78614a22_super_editor__gdocs_tracked_changes_3c1de315_redline_99740a096f,with_comments_clean/docx/d5a56cdeb3_super_editor__gdocs_single_comment_ac5db87f,tracking_without_comments/docx/bc78614a22_super_editor__gdocs_tracked_changes_3c1de315,with_comments_tracking/docx/d5a56cdeb3_super_editor__gdocs_single_comment_ac5db87f__vs__bc78614a22_super_editor__gdocs_tracked_changes_3c1de315_redline_99740a096f.docx,with_comments_tracking/pdf/d5a56cdeb3_super_editor__gdocs_single_comment_ac5db87f__vs__bc78614a22_super_editor__gdocs_tracked_changes_3c1de315_redline_99740a096f.pdf,with_comments_tracking,99740a096f,word_redlines_superdoc,d5a56cdeb36f45c6c2ba42505eef5fcf33c9c1602ab7fb838fcac2306a6aa1e2,bc78614a2283fda73f7e866e3dae35cd0ad41bf27a9d52717f62e83dec8cf9d0,99740a096f66e45660a567e5db81a7814df56fe5d20fcd75222bd6e77e9a58d6,9a794a1b26fe25e12d3762628d7c42f6090c2c479c7d6e7c8733c181732c5270
dccd972179_file_142__vs__0483e899af_file_143_redline_0c5aa7e2b1,clean/docx/dccd972179_file_142,with_comments_tracking/docx/0483e899af_file_143,with_comments_tracking/docx/dccd972179_file_142__vs__0483e899af_file_143_redline_0c5aa7e2b1.docx,with_comments_tracking/pdf/dccd972179_file_142__vs__0483e899af_file_143_redline_0c5aa7e2b1.pdf,with_comments_tracking,0c5aa7e2b1,word_based_randomized_0926,dccd9721793dc60b12ebe1468e301380afd9f6aaeaecccfb37771558e6ec72be,0483e899affbc93c440cafad39ec23a409d3ed6d6fd88d036747b9a9434d4f33,0c5aa7e2b17380bafba41afa8b4abb14281eb16fefc2b1122f6baa3211b84092,a2c3f8f77d0a4b9f8868bfd239d7779ec2c35c0dfc0df26535d7db8c14641b0b
e1771b0063_word_tolerated_misplaced_uipriority__vs__cbb3bab843_word_tolerated_orphan_comment_redline_6532beda4d,clean/docx/e1771b0063_word_tolerated_misplaced_uipriority,with_comments_clean/docx/cbb3bab843_word_tolerated_orphan_comment,with_comments_tracking/docx/e1771b0063_word_tolerated_misplaced_uipriority__vs__cbb3bab843_word_tolerated_orphan_comment_redline_6532beda4d.docx,with_comments_tracking/pdf/e1771b0063_word_tolerated_misplaced_uipriority__vs__cbb3bab843_word_tolerated_orphan_comment_redline_6532beda4d.pdf,with_comments_tracking,6532beda4d,word_based_0926,e1771b00632c982e80b8f3b61891b596996cc1949d53ec8d5dcbb809f0428ebd,cbb3bab8439ed65ac8be9ff830da40e0b7394d40f7c080dd7bc83a7679f6cc34,6532beda4dc233e6c6b57d07bc7249e370affe2455c2dc8ecd0ebe17509ecd35,e553db772f0b578bea354b41e9402bb9eab0ca3ceab8b603ac45ee672aee47f3
e57ad0eaa4_docx_lots_of_comments_addition__vs__6e2576a091_docx_lots_of_comments_redline_92075b7449,with_comments_tracking/docx/e57ad0eaa4_docx_lots_of_comments_addition,with_comments_clean/docx/6e2576a091_docx_lots_of_comments,with_comments_tracking/docx/e57ad0eaa4_docx_lots_of_comments_addition__vs__6e2576a091_docx_lots_of_comments_redline_92075b7449.docx,with_comments_tracking/pdf/e57ad0eaa4_docx_lots_of_comments_addition__vs__6e2576a091_docx_lots_of_comments_redline_92075b7449.pdf,with_comments_tracking,92075b7449,word_based_0926,e57ad0eaa4217b8feb91c08a59368d265fddb6e3fc57d200ddbd19933d401ba4,6e2576a091e9b18094337d462ad92bf6f98bbb9c4d5c749a76d501323efe5632,92075b74498b292ba3baf6db1c5d65a92041bb030c40b987a68cd2535d5eef1e,f31f094ddee89b381034c59756ef504692a19516d24c161e796180885ed4217d
e70f1134dd_super_editor__diff_before8_ba5faa9e__vs__420a528aa0_super_editor__instrtext_angled_brackets_bug_ed56_redline_dc9bcfd88b,with_comments_clean/docx/e70f1134dd_super_editor__diff_before8_ba5faa9e,clean/docx/420a528aa0_super_editor__instrtext_angled_brackets_bug_ed56,with_comments_tracking/docx/e70f1134dd_super_editor__diff_before8_ba5faa9e__vs__420a528aa0_super_editor__instrtext_angled_brackets_bug_ed56_redline_dc9bcfd88b.docx,with_comments_tracking/pdf/e70f1134dd_super_editor__diff_before8_ba5faa9e__vs__420a528aa0_super_editor__instrtext_angled_brackets_bug_ed56_redline_dc9bcfd88b.pdf,with_comments_tracking,dc9bcfd88b,word_redlines_superdoc,e70f1134ddb017e5973f3615fa108aed06c327c5d1a71796c531174782f9a888,420a528aa0503af1724a82e97bd006d87e1f72b7c22e7d6dab4033f7a3d3ba4c,dc9bcfd88b416dffac540e3f5003ed596c03e11d1209997d2debd3f9eb530dbf,aa6c04590493ee8b22f61a6ffe4fd1b76f0d906a226a0ad91b34b28d53bc7297
e70f1134dd_super_editor__diff_before8_ba5faa9e__vs__671ff91b1d_behavior__sd_2750_borderbox_7cd3768d_redline_0e6cc23727,with_comments_clean/docx/e70f1134dd_super_editor__diff_before8_ba5faa9e,clean/docx/671ff91b1d_behavior__sd_2750_borderbox_7cd3768d,with_comments_tracking/docx/e70f1134dd_super_editor__diff_before8_ba5faa9e__vs__671ff91b1d_behavior__sd_2750_borderbox_7cd3768d_redline_0e6cc23727.docx,with_comments_tracking/pdf/e70f1134dd_super_editor__diff_before8_ba5faa9e__vs__671ff91b1d_behavior__sd_2750_borderbox_7cd3768d_redline_0e6cc23727.pdf,with_comments_tracking,0e6cc23727,word_redlines_superdoc,e70f1134ddb017e5973f3615fa108aed06c327c5d1a71796c531174782f9a888,671ff91b1dcc5bff3ca65864a602637ac987d95592569296f9c8399d85168b36,0e6cc237275d1d7b43dbbe6d66bdbd4000ecd2da6cf57470a3ec4be2299cbadd,838e84b67c0dcde5daac80a96011bc0cb7f300f121c7be54523b4311a4937536
e70f1134dd_super_editor__diff_before8_ba5faa9e__vs__f6e1c253ff_super_editor__diff_before9_9818a85f_redline_a33b8e810a,with_comments_clean/docx/e70f1134dd_super_editor__diff_before8_ba5faa9e,clean/docx/f6e1c253ff_super_editor__diff_before9_9818a85f,with_comments_tracking/docx/e70f1134dd_super_editor__diff_before8_ba5faa9e__vs__f6e1c253ff_super_editor__diff_before9_9818a85f_redline_a33b8e810a.docx,with_comments_tracking/pdf/e70f1134dd_super_editor__diff_before8_ba5faa9e__vs__f6e1c253ff_super_editor__diff_before9_9818a85f_redline_a33b8e810a.pdf,with_comments_tracking,a33b8e810a,word_redlines_superdoc,e70f1134ddb017e5973f3615fa108aed06c327c5d1a71796c531174782f9a888,f6e1c253ffb6a68b7629b65d004e5c647599aec51e88990bed3fe00083063870,a33b8e810a9dd1d046f486cbde19c3b26d3a6c319b5f5bdc553399f78abd8113,5fc2174b1080f6edc9511ff707dceb58e04c16246f3634978d370f01cb08514a
e9d5410452_file_191__vs__bffb81f86c_file_192_redline_bfff2b1ab0,with_comments_tracking/docx/e9d5410452_file_191,with_comments_clean/docx/bffb81f86c_file_192,with_comments_tracking/docx/e9d5410452_file_191__vs__bffb81f86c_file_192_redline_bfff2b1ab0.docx,with_comments_tracking/pdf/e9d5410452_file_191__vs__bffb81f86c_file_192_redline_bfff2b1ab0.pdf,with_comments_tracking,bfff2b1ab0,word_based_randomized_0926,e9d5410452d31c4b28f3e1f09c438964ff3871e26741f2619fb709643514b5a9,bffb81f86c3cbe693b1c0b1dc84127af5537af9b34561b87ffda5aa052447815,bfff2b1ab05ce2cff751adcf7496cdbc47a6b2f6fd3e0406885c7db76954d013,0cd783b4f9ad1abd5b9e3d8d901c2f1e54c18e19a64c3655776b35a4a591a3e3
eb714d5f76_evals__blank_bc294b57__vs__bb35ae41ba_evals__comments_doc_79800b37_redline_58a2de4812,clean/docx/eb714d5f76_evals__blank_bc294b57,with_comments_clean/docx/bb35ae41ba_evals__comments_doc_79800b37,with_comments_tracking/docx/eb714d5f76_evals__blank_bc294b57__vs__bb35ae41ba_evals__comments_doc_79800b37_redline_58a2de4812.docx,with_comments_tracking/pdf/eb714d5f76_evals__blank_bc294b57__vs__bb35ae41ba_evals__comments_doc_79800b37_redline_58a2de4812.pdf,with_comments_tracking,58a2de4812,word_redlines_superdoc_0926,eb714d5f76c1c5e732d2059e63a0cfff5ddccbf61eeb0fc1b9064599dbc20695,bb35ae41ba7e1d8bdb22022e20d36c2b6078598256395669dc178a8f5108cefc,58a2de4812ab83385a352a5f0a33ed3022ce5232a41a18917408b133f90e7a19,fb72d38cd6c14c3e212a650365fc3a739e64867ef2c5f36c4ed5bee45c5a0dc5
ec3dd0df69_file_53__vs__94ed0def64_file_54_redline_d12806f3e8,with_comments_tracking/docx/ec3dd0df69_file_53,clean/docx/94ed0def64_file_54,with_comments_tracking/docx/ec3dd0df69_file_53__vs__94ed0def64_file_54_redline_d12806f3e8.docx,with_comments_tracking/pdf/ec3dd0df69_file_53__vs__94ed0def64_file_54_redline_d12806f3e8.pdf,with_comments_tracking,d12806f3e8,word_based_randomized_0926,ec3dd0df69be02a9e7045bee166ada93db9ebdb6105d96688bc8d19f7688feab,94ed0def644d31fda0f608c6310956f9fbbc35cfb13f4bbedcbe9ffaefea636f,d12806f3e829d2ec655227efe98eca3fafdc05c1b0ebdddfa6f166bd02f63a5f,a855cc6b35d208fc50441b5f9293ba181e8538e97f7df929ae4056991a505db1
ed6c82cead_word_tolerated_broken_media_rel__vs__8fb278cb36_word_tolerated_duplicate_ppr_redline_2ebbfc18b4,with_comments_clean/docx/ed6c82cead_word_tolerated_broken_media_rel,clean/docx/8fb278cb36_word_tolerated_duplicate_ppr,with_comments_tracking/docx/ed6c82cead_word_tolerated_broken_media_rel__vs__8fb278cb36_word_tolerated_duplicate_ppr_redline_2ebbfc18b4.docx,with_comments_tracking/pdf/ed6c82cead_word_tolerated_broken_media_rel__vs__8fb278cb36_word_tolerated_duplicate_ppr_redline_2ebbfc18b4.pdf,with_comments_tracking,2ebbfc18b4,word_based,ed6c82cead50fa2b390fdaf8853d70fd494270f15678f890d93d04dc3d963568,8fb278cb36c2a437dbae75013e516cd2cf30ff6aff3a69bf0e12a310977b940b,2ebbfc18b4c1045b0c59a487d56ea87181cb6f4c733b535a06dd57375f125674,ebddc43bb5ee410ae57a40c69fede09b97069fc427160c61910d505033796980
ef1e1c68e9_super_editor__basic_paragraph_1774f4e4__vs__08286ffbfb_super_editor__basic_resolved_comment_cac5a1b0_redline_603ef0419b,clean/docx/ef1e1c68e9_super_editor__basic_paragraph_1774f4e4,with_comments_clean/docx/08286ffbfb_super_editor__basic_resolved_comment_cac5a1b0,with_comments_tracking/docx/ef1e1c68e9_super_editor__basic_paragraph_1774f4e4__vs__08286ffbfb_super_editor__basic_resolved_comment_cac5a1b0_redline_603ef0419b.docx,with_comments_tracking/pdf/ef1e1c68e9_super_editor__basic_paragraph_1774f4e4__vs__08286ffbfb_super_editor__basic_resolved_comment_cac5a1b0_redline_603ef0419b.pdf,with_comments_tracking,603ef0419b,word_redlines_superdoc,ef1e1c68e9e0528520ea2c0d5c847f41e4b4b4bd0c5e792c130db639120c80c0,08286ffbfb7924b6ec91305f25af6e20205e9a3769c0313ba02fb29a579455a1,603ef0419b83e5ec28b99626c9e3f8f38f1acc89c007af551f6c557400102d6c,fbb591497a1c336692a178a7ca6c04349f5d597d026cc7000685e08513b5e2b0
f43929f70c_verdana_bold_large_font_id_paraid_overflow__vs__3413da1703_verdana_font_demo_id_paraid_overflow_2_redline_7da45f822a,clean/docx/f43929f70c_verdana_bold_large_font_id_paraid_overflow,with_comments_clean/docx/3413da1703_verdana_font_demo_id_paraid_overflow_2,with_comments_tracking/docx/f43929f70c_verdana_bold_large_font_id_paraid_overflow__vs__3413da1703_verdana_font_demo_id_paraid_overflow_2_redline_7da45f822a.docx,with_comments_tracking/pdf/f43929f70c_verdana_bold_large_font_id_paraid_overflow__vs__3413da1703_verdana_font_demo_id_paraid_overflow_2_redline_7da45f822a.pdf,with_comments_tracking,7da45f822a,word_based_0926,f43929f70c1780b461e9308878e42520e0db366082f362b3502bf72a47fc0ed2,3413da170371d0f4942c75ef6614179bb69ab0d7566b65472ace7555b002ea47,7da45f822a0574cbc0187e6bc86bba6895d2730c7bc70f2f6722ae318d311667,218171ce21953a70041af2b53752357682d64f6a2a9211f4e973332a6d69f92b
f49b3b0ec2_super_editor__sd_1919_word_table_74726d6c__vs__a0738533be_gdocs_comments_export_redline_99c9e229b9,clean/docx/f49b3b0ec2_super_editor__sd_1919_word_table_74726d6c,with_comments_clean/docx/a0738533be_gdocs_comments_export,with_comments_tracking/docx/f49b3b0ec2_super_editor__sd_1919_word_table_74726d6c__vs__a0738533be_gdocs_comments_export_redline_99c9e229b9.docx,with_comments_tracking/pdf/f49b3b0ec2_super_editor__sd_1919_word_table_74726d6c__vs__a0738533be_gdocs_comments_export_redline_99c9e229b9.pdf,with_comments_tracking,99c9e229b9,word_redlines_superdoc_0926,f49b3b0ec226b1bf79fa14efdb7569a9f68d3d5925a31d533736eef42bd985c1,a0738533be8803c151b6b7c4ed4b01fc95568e638c3d23cf0ba527cd6e5a0290,99c9e229b99252d8442b8bf159930cd78d835ace15a57cbe89bc94e8c3242665,eb6d94be6e41715fa9699fe5b811fb2098fe4a718e9b28360cee5364f285c935
f529133cd5_super_editor__basic_comment_d3ba5f1e__vs__2dc3e97d2a_super_editor__hyperlink_node_52b7695b_redline_4ce07ffaec,with_comments_clean/docx/f529133cd5_super_editor__basic_comment_d3ba5f1e,clean/docx/2dc3e97d2a_super_editor__hyperlink_node_52b7695b,with_comments_tracking/docx/f529133cd5_super_editor__basic_comment_d3ba5f1e__vs__2dc3e97d2a_super_editor__hyperlink_node_52b7695b_redline_4ce07ffaec.docx,with_comments_tracking/pdf/f529133cd5_super_editor__basic_comment_d3ba5f1e__vs__2dc3e97d2a_super_editor__hyperlink_node_52b7695b_redline_4ce07ffaec.pdf,with_comments_tracking,4ce07ffaec,word_redlines_superdoc,f529133cd5ff5128ac1f8d66a06094eaf050f4a430ac839835ee151266cee291,2dc3e97d2a512c30464b5f0f3868c278afb606fa9e85763a7002c0ddbda43c8a,4ce07ffaecf14b40c8b48e801ad38838770dde7937ce97827fe5af18a1d86748,808ba57e0c2573defd719031c2d2d033303cf5b3bacf11190cba991e9c9b1330
f529133cd5_super_editor__basic_comment_d3ba5f1e__vs__3539cf2404_cli_legacy__replace_test_0a793f01_redline_df497fd549,with_comments_clean/docx/f529133cd5_super_editor__basic_comment_d3ba5f1e,with_comments_tracking/docx/3539cf2404_cli_legacy__replace_test_0a793f01,with_comments_tracking/docx/f529133cd5_super_editor__basic_comment_d3ba5f1e__vs__3539cf2404_cli_legacy__replace_test_0a793f01_redline_df497fd549.docx,with_comments_tracking/pdf/f529133cd5_super_editor__basic_comment_d3ba5f1e__vs__3539cf2404_cli_legacy__replace_test_0a793f01_redline_df497fd549.pdf,with_comments_tracking,df497fd549,word_redlines_superdoc_0926,f529133cd5ff5128ac1f8d66a06094eaf050f4a430ac839835ee151266cee291,3539cf24044e459a8ee7a22fc5c15e6dd79f6894a88d62b10773fc451b0695d8,df497fd549941c4688f5ec5d9b2b481cad85b028535b66ddb5f04ab30d6cdb31,e7180492c932753cbc4a4c4275b2b4eb602cc1866f8178eb9b9d70278247902e
f529133cd5_super_editor__basic_comment_d3ba5f1e__vs__3b639ef236_super_editor__sdpr_8cc15994_redline_62f0f8ee91,with_comments_clean/docx/f529133cd5_super_editor__basic_comment_d3ba5f1e,tracking_without_comments/docx/3b639ef236_super_editor__sdpr_8cc15994,with_comments_tracking/docx/f529133cd5_super_editor__basic_comment_d3ba5f1e__vs__3b639ef236_super_editor__sdpr_8cc15994_redline_62f0f8ee91.docx,with_comments_tracking/pdf/f529133cd5_super_editor__basic_comment_d3ba5f1e__vs__3b639ef236_super_editor__sdpr_8cc15994_redline_62f0f8ee91.pdf,with_comments_tracking,62f0f8ee91,word_redlines_superdoc_0926,f529133cd5ff5128ac1f8d66a06094eaf050f4a430ac839835ee151266cee291,3b639ef236c7bd2a5ebdd6dea1655e69aad72f2db5297cc4e3b64939889dca68,62f0f8ee91ebe6a3a1bdcdb8031ba880b86985af4e94dcbdff9d24d6a214323e,4a60153cb0a9fb797f8b34b35cf71cbbb4a572230b6908ef17d8d1f8d9e47cba
f529133cd5_super_editor__basic_comment_d3ba5f1e__vs__5fa01813d3_super_editor__basic_table_shading_d3212ffd_redline_ef9fae71a2,with_comments_clean/docx/f529133cd5_super_editor__basic_comment_d3ba5f1e,clean/docx/5fa01813d3_super_editor__basic_table_shading_d3212ffd,with_comments_tracking/docx/f529133cd5_super_editor__basic_comment_d3ba5f1e__vs__5fa01813d3_super_editor__basic_table_shading_d3212ffd_redline_ef9fae71a2.docx,with_comments_tracking/pdf/f529133cd5_super_editor__basic_comment_d3ba5f1e__vs__5fa01813d3_super_editor__basic_table_shading_d3212ffd_redline_ef9fae71a2.pdf,with_comments_tracking,ef9fae71a2,word_redlines_superdoc,f529133cd5ff5128ac1f8d66a06094eaf050f4a430ac839835ee151266cee291,5fa01813d3e774758918c880bd1228e72a47d2a3ea575403007127afb07dee59,ef9fae71a29234654627874465292e42c3d9b97d64db98530d52e548d4eb226e,95a92912ce98d39aa95852376af28b23d282415ea0a1a60a68835d86f060cfa7
f529133cd5_super_editor__basic_comment_d3ba5f1e__vs__75aeff4f58_super_editor__diff_after9_a9d4b4b0_redline_8abeeabff4,with_comments_clean/docx/f529133cd5_super_editor__basic_comment_d3ba5f1e,clean/docx/75aeff4f58_super_editor__diff_after9_a9d4b4b0,with_comments_tracking/docx/f529133cd5_super_editor__basic_comment_d3ba5f1e__vs__75aeff4f58_super_editor__diff_after9_a9d4b4b0_redline_8abeeabff4.docx,with_comments_tracking/pdf/f529133cd5_super_editor__basic_comment_d3ba5f1e__vs__75aeff4f58_super_editor__diff_after9_a9d4b4b0_redline_8abeeabff4.pdf,with_comments_tracking,8abeeabff4,word_redlines_superdoc_0926,f529133cd5ff5128ac1f8d66a06094eaf050f4a430ac839835ee151266cee291,75aeff4f58e78b972d5488a44aadd2c4c0704dd55013fba6dab164aca3716683,8abeeabff43837694bbcfbabbdc8d86f7d58c28d24d497af72a124b85de8c59b,2a4e14c3af5943d9205e645bc215f7e50d67b37a4e689264971fefd8dbd9b8a2
f529133cd5_super_editor__basic_comment_d3ba5f1e__vs__8df6dfa8d7_alternate_content_redline_fa6a3b7380,with_comments_clean/docx/f529133cd5_super_editor__basic_comment_d3ba5f1e,clean/docx/8df6dfa8d7_alternate_content,with_comments_tracking/docx/f529133cd5_super_editor__basic_comment_d3ba5f1e__vs__8df6dfa8d7_alternate_content_redline_fa6a3b7380.docx,with_comments_tracking/pdf/f529133cd5_super_editor__basic_comment_d3ba5f1e__vs__8df6dfa8d7_alternate_content_redline_fa6a3b7380.pdf,with_comments_tracking,fa6a3b7380,word_redlines_superdoc,f529133cd5ff5128ac1f8d66a06094eaf050f4a430ac839835ee151266cee291,8df6dfa8d7b6563889a88d2a4602001f68e2b4a21d257c173357759911036164,fa6a3b7380501d935d1c64925324bbba779b6cf584b2c7ba7e8532a4bd531865,c93701756e045463042f8e99d09418b53ad44077201cf41d29d0fcac41034ba3
f782ae23ec_super_editor__wordoriginatedcomments_c146be65__vs__3539cf2404_cli_legacy__replace_test_0a793f01_redline_3303e707c8,with_comments_tracking/docx/f782ae23ec_super_editor__wordoriginatedcomments_c146be65,with_comments_tracking/docx/3539cf2404_cli_legacy__replace_test_0a793f01,with_comments_tracking/docx/f782ae23ec_super_editor__wordoriginatedcomments_c146be65__vs__3539cf2404_cli_legacy__replace_test_0a793f01_redline_3303e707c8.docx,with_comments_tracking/pdf/f782ae23ec_super_editor__wordoriginatedcomments_c146be65__vs__3539cf2404_cli_legacy__replace_test_0a793f01_redline_3303e707c8.pdf,with_comments_tracking,3303e707c8,word_redlines_superdoc_0926,f782ae23ecb0e21ba464df954db5f861774a2089c6682347071c1f56e104a4bf,3539cf24044e459a8ee7a22fc5c15e6dd79f6894a88d62b10773fc451b0695d8,3303e707c86d56d153d7319fd3e01ae2a79c8170e4d1ce3c25a0cad5d9a52687,bf7ccc7acf25b9162e3cc8c3e4d1b5c606faedb3b0835f50ae744fb38648ef57
faa7c6b110_file_88__vs__57ff9e1b30_file_89_redline_9e3417adee,clean/docx/faa7c6b110_file_88,with_comments_clean/docx/57ff9e1b30_file_89,with_comments_tracking/docx/faa7c6b110_file_88__vs__57ff9e1b30_file_89_redline_9e3417adee.docx,with_comments_tracking/pdf/faa7c6b110_file_88__vs__57ff9e1b30_file_89_redline_9e3417adee.pdf,with_comments_tracking,9e3417adee,word_based_randomized_0926,faa7c6b1105cd981eca69f65a5f50b0608d3d8df0511f3191b1ec3d01ac77fdc,57ff9e1b303e478d46ff0f05d5066aed51a127da5ca462231b73530aadb4f2f9,9e3417adee63206e0fad725e3279063d776fbb5e215b6d48a248cc6d04c35e1e,c0862b73700811dd53432c2c491cdbefd2aeec55845ff59a4b9996d57782b474
00f467c010_0008753aa70a6a7b929aa1958001da41574c2d407e5b9863__vs__2e04202552_000e3e7bd2d6215fc7b469cc3e296c1b2a510bc1abc7e0fd_redline_973fc142ed,clean/docx/00f467c010_0008753aa70a6a7b929aa1958001da41574c2d407e5b9863,clean/docx/2e04202552_000e3e7bd2d6215fc7b469cc3e296c1b2a510bc1abc7e0fd,tracking_without_comments/docx/00f467c010_0008753aa70a6a7b929aa1958001da41574c2d407e5b9863__vs__2e04202552_000e3e7bd2d6215fc7b469cc3e296c1b2a510bc1abc7e0fd_redline_973fc142ed.docx,tracking_without_comments/pdf/00f467c010_0008753aa70a6a7b929aa1958001da41574c2d407e5b9863__vs__2e04202552_000e3e7bd2d6215fc7b469cc3e296c1b2a510bc1abc7e0fd_redline_973fc142ed.pdf,tracking_without_comments,973fc142ed,redlines_a100_b10,00f467c010bdf71c400d8da6f430483ae4942c51ececc1fdf2c03b241655fbde,2e042025528818822ef7f3ccf73977ae3e3e7cff864682b5c0060083284d8ae7,973fc142ed9cc52adb395e9256387cb8b9e293246418dda8d09596d0c7e69028,b01a31b6ca752088d27ee3f76f3575b18daaeba5332e8a40857a8c4bd35e3406
0a0b6470c3_00051beee50076d47db468069cab455933b72d9df9165e1f__vs__2773adf157_0004c94ca2a8684d47449bb0e7abf87de1df71a7e6543252_redline_5eadd8381f,clean/docx/0a0b6470c3_00051beee50076d47db468069cab455933b72d9df9165e1f,clean/docx/2773adf157_0004c94ca2a8684d47449bb0e7abf87de1df71a7e6543252,tracking_without_comments/docx/0a0b6470c3_00051beee50076d47db468069cab455933b72d9df9165e1f__vs__2773adf157_0004c94ca2a8684d47449bb0e7abf87de1df71a7e6543252_redline_5eadd8381f.docx,tracking_without_comments/pdf/0a0b6470c3_00051beee50076d47db468069cab455933b72d9df9165e1f__vs__2773adf157_0004c94ca2a8684d47449bb0e7abf87de1df71a7e6543252_redline_5eadd8381f.pdf,tracking_without_comments,5eadd8381f,redlines_a100_b10,0a0b6470c3d2d862a7a108044aecfa03ceaceea2198eccd373e312bc0ab71310,2773adf1573296ac475b3351ac307258686b2779d2b304e0bfc41e3bf1c3c15f,5eadd8381fe4738f8247404f3f44efd615cedd256e9fc4a32a76d04c2e5f080d,c8bafe6a6e5a8ad19c2295c0f22599793e07602e3eb0097532fa413e001a944f
0b5f1f7cad_003ca0a88e8358b347e771feb6970ff773753fad85416364__vs__bd3824dd1e_000ee64ef7226d353297888f59a251e24ce5d776fea000fa_redline_5ecff6e34d,clean/docx/0b5f1f7cad_003ca0a88e8358b347e771feb6970ff773753fad85416364,clean/docx/bd3824dd1e_000ee64ef7226d353297888f59a251e24ce5d776fea000fa,tracking_without_comments/docx/0b5f1f7cad_003ca0a88e8358b347e771feb6970ff773753fad85416364__vs__bd3824dd1e_000ee64ef7226d353297888f59a251e24ce5d776fea000fa_redline_5ecff6e34d.docx,tracking_without_comments/pdf/0b5f1f7cad_003ca0a88e8358b347e771feb6970ff773753fad85416364__vs__bd3824dd1e_000ee64ef7226d353297888f59a251e24ce5d776fea000fa_redline_5ecff6e34d.pdf,tracking_without_comments,5ecff6e34d,redlines_a100_b10,0b5f1f7cad690520a6edd7e875477503c4393a8ef75395ef1be43b4dc4523b55,bd3824dd1e5554e7b0a8c3ab90f434599e047ff8de6ec85a04be794d32919bdf,5ecff6e34d0759027e3f8a10982a9c599dd74ed7369ec8ebd9b7257075083ee2,b05da5a5047d65a812a225211efbaafe81d3cb6e8dde3b6ff5864b3585b0b0f8
0bf5192ed0_00afb3e6b2bb1a5ab1e1770ba41f6f455f87472d24ab2767__vs__1424386e9b_017447de83753a0e3b7afc659df038ef56972925336c6a5b_redline_cba1b8223c,tracking_without_comments/docx/0bf5192ed0_00afb3e6b2bb1a5ab1e1770ba41f6f455f87472d24ab2767,clean/docx/1424386e9b_017447de83753a0e3b7afc659df038ef56972925336c6a5b,tracking_without_comments/docx/0bf5192ed0_00afb3e6b2bb1a5ab1e1770ba41f6f455f87472d24ab2767__vs__1424386e9b_017447de83753a0e3b7afc659df038ef56972925336c6a5b_redline_cba1b8223c.docx,tracking_without_comments/pdf/0bf5192ed0_00afb3e6b2bb1a5ab1e1770ba41f6f455f87472d24ab2767__vs__1424386e9b_017447de83753a0e3b7afc659df038ef56972925336c6a5b_redline_cba1b8223c.pdf,tracking_without_comments,cba1b8223c,redlines_a100_b10,0bf5192ed0d6ba82cc9ecbad5940363de544f771a0a61fa7c47fa2a60b44804d,1424386e9b0290e0bed413bec09828863b992fed80d2cb2d57cc75814e576393,cba1b8223ccafa0b477b6b3fe88614f06f1bec19710c667f0e4eb828c70cb3ae,1f9006b6834ce25ad04db807ad0cda58f2aa435d398cd938af456c4e502f2fa6
19313bb0d2_013bfd9bed003f93622f5b45095bb7471499aea576b0e48e__vs__bd3824dd1e_000ee64ef7226d353297888f59a251e24ce5d776fea000fa_redline_d652ae82a1,clean/docx/19313bb0d2_013bfd9bed003f93622f5b45095bb7471499aea576b0e48e,clean/docx/bd3824dd1e_000ee64ef7226d353297888f59a251e24ce5d776fea000fa,tracking_without_comments/docx/19313bb0d2_013bfd9bed003f93622f5b45095bb7471499aea576b0e48e__vs__bd3824dd1e_000ee64ef7226d353297888f59a251e24ce5d776fea000fa_redline_d652ae82a1.docx,tracking_without_comments/pdf/19313bb0d2_013bfd9bed003f93622f5b45095bb7471499aea576b0e48e__vs__bd3824dd1e_000ee64ef7226d353297888f59a251e24ce5d776fea000fa_redline_d652ae82a1.pdf,tracking_without_comments,d652ae82a1,redlines_a100_b10,19313bb0d2b802839a86f1c07b85f1a02b7c3f2d2f0803511101b6cceca08f63,bd3824dd1e5554e7b0a8c3ab90f434599e047ff8de6ec85a04be794d32919bdf,d652ae82a164ab0462af471d78c17c6142283df104113a7e90ce8a233ecb62c9,6669a51a3894d29dfbb135eeac4b797e32d1ffbd0b2c1d5cbfbcd5f900b68761
23cdfeee74_0022d9b76a33e7bdcda8d38ec3c898364c578897fb55d462__vs__bd3824dd1e_000ee64ef7226d353297888f59a251e24ce5d776fea000fa_redline_546a6e0c15,clean/docx/23cdfeee74_0022d9b76a33e7bdcda8d38ec3c898364c578897fb55d462,clean/docx/bd3824dd1e_000ee64ef7226d353297888f59a251e24ce5d776fea000fa,tracking_without_comments/docx/23cdfeee74_0022d9b76a33e7bdcda8d38ec3c898364c578897fb55d462__vs__bd3824dd1e_000ee64ef7226d353297888f59a251e24ce5d776fea000fa_redline_546a6e0c15.docx,tracking_without_comments/pdf/23cdfeee74_0022d9b76a33e7bdcda8d38ec3c898364c578897fb55d462__vs__bd3824dd1e_000ee64ef7226d353297888f59a251e24ce5d776fea000fa_redline_546a6e0c15.pdf,tracking_without_comments,546a6e0c15,redlines_a100_b10,23cdfeee74b3f95c1c79ac38388f970467c2750686630a92fdd5a45974ab2dd8,bd3824dd1e5554e7b0a8c3ab90f434599e047ff8de6ec85a04be794d32919bdf,546a6e0c15e4efc43910ec27161af52275079881097ca9d06d8ddcea2718ab4e,e31846c15948049833e5541f92c2ae0d215d524c0dbbf707e0ac50532f50fcff
27c9cbd809_b4b5463ef111d72dc319a5ccf52ae7b396c494e99b89c857__vs__7f90ff7f2c_d94124e867cf9e31389cfa780818a638161d676f6b79049f_redline_b14882f3e9,clean/docx/27c9cbd809_b4b5463ef111d72dc319a5ccf52ae7b396c494e99b89c857,clean/docx/7f90ff7f2c_d94124e867cf9e31389cfa780818a638161d676f6b79049f,tracking_without_comments/docx/27c9cbd809_b4b5463ef111d72dc319a5ccf52ae7b396c494e99b89c857__vs__7f90ff7f2c_d94124e867cf9e31389cfa780818a638161d676f6b79049f_redline_b14882f3e9.docx,tracking_without_comments/pdf/27c9cbd809_b4b5463ef111d72dc319a5ccf52ae7b396c494e99b89c857__vs__7f90ff7f2c_d94124e867cf9e31389cfa780818a638161d676f6b79049f_redline_b14882f3e9.pdf,tracking_without_comments,b14882f3e9,redlines_en_500,27c9cbd809aec6d18f8b03bee879f740dcdef3b429a2003adbe6bb8db69b8eeb,7f90ff7f2cc1c5f690a093719088da60b05d8f63e717a4d771262c4e3944b9be,b14882f3e9eaa65ac0b3edda96e222814702d54f7e4ade31e62bf04818beca11,3f600796694280b0b2786e6a3e7b2ed916328f18734644f3cc0960b415436863
2e7f1e6637_0120556a0553eb1ba39978d5911b7ce62be10a9bdc7c9191__vs__342f364d46_001342333d45627868f4dc5282abbba4598a91b4a7584b08_redline_ae7cb7071e,clean/docx/2e7f1e6637_0120556a0553eb1ba39978d5911b7ce62be10a9bdc7c9191,clean/docx/342f364d46_001342333d45627868f4dc5282abbba4598a91b4a7584b08,tracking_without_comments/docx/2e7f1e6637_0120556a0553eb1ba39978d5911b7ce62be10a9bdc7c9191__vs__342f364d46_001342333d45627868f4dc5282abbba4598a91b4a7584b08_redline_ae7cb7071e.docx,tracking_without_comments/pdf/2e7f1e6637_0120556a0553eb1ba39978d5911b7ce62be10a9bdc7c9191__vs__342f364d46_001342333d45627868f4dc5282abbba4598a91b4a7584b08_redline_ae7cb7071e.pdf,tracking_without_comments,ae7cb7071e,redlines_a100_b10,2e7f1e663767b95901277dbb01fbf50b7d5a5e2ad4362c283ffef93f9ea599ab,342f364d460e7110bddf317847edec68f000c5c839e45722965da43da8abe7ba,ae7cb7071ec861cc88ab5422c3d97133e8e46eab4185ca98fabb61ab1c56878b,528c6a189986fd767226de88363ba86dd1233264ff15029f159b67388480c789
476ab12079_e5c04599c47237de235c238feb7a4e6e006cc7ff15ecc70a__vs__01d8d30dcd_64a215ef9dd6ba45700f8bae07a22142ee74112b569d3e88_redline_3bc1b275af,clean/docx/476ab12079_e5c04599c47237de235c238feb7a4e6e006cc7ff15ecc70a,clean/docx/01d8d30dcd_64a215ef9dd6ba45700f8bae07a22142ee74112b569d3e88,tracking_without_comments/docx/476ab12079_e5c04599c47237de235c238feb7a4e6e006cc7ff15ecc70a__vs__01d8d30dcd_64a215ef9dd6ba45700f8bae07a22142ee74112b569d3e88_redline_3bc1b275af.docx,tracking_without_comments/pdf/476ab12079_e5c04599c47237de235c238feb7a4e6e006cc7ff15ecc70a__vs__01d8d30dcd_64a215ef9dd6ba45700f8bae07a22142ee74112b569d3e88_redline_3bc1b275af.pdf,tracking_without_comments,3bc1b275af,redlines_en_500,476ab120793cb1fdf7f1311dd9eddedf06cb0a4ad35d84a2354765b857002744,01d8d30dcd2d6f58cf2a90c5962fc4deb03ea9364cb02843cdd804d3aaaa9150,3bc1b275af8bf2c475fbde9a39b3070eb4b68aa4e8e4a84df4566fef35f41bfa,4c190807215a2ac5f4e33a06d93d9960d65a03c5398c0dab92b30c5363c264a2
4db02133f5_0007ed60dbbc648e714534360ae72dd054c8322b82ac5609__vs__a5f2b9318d_002aa60c2ae1187417b4b157c5ec6450324cc056ec551a12_redline_2b6cd27147,clean/docx/4db02133f5_0007ed60dbbc648e714534360ae72dd054c8322b82ac5609,clean/docx/a5f2b9318d_002aa60c2ae1187417b4b157c5ec6450324cc056ec551a12,tracking_without_comments/docx/4db02133f5_0007ed60dbbc648e714534360ae72dd054c8322b82ac5609__vs__a5f2b9318d_002aa60c2ae1187417b4b157c5ec6450324cc056ec551a12_redline_2b6cd27147.docx,tracking_without_comments/pdf/4db02133f5_0007ed60dbbc648e714534360ae72dd054c8322b82ac5609__vs__a5f2b9318d_002aa60c2ae1187417b4b157c5ec6450324cc056ec551a12_redline_2b6cd27147.pdf,tracking_without_comments,2b6cd27147,redlines_a100_b10,4db02133f5f0d4e3783a13a60b9cf8e74ba6413a8f6447abc1ab2dda98615fa8,a5f2b9318d75c4ea4591cd74ee984c4703aa1db45936aef0b3c120e01532bf72,2b6cd27147e25ec233cbede77ca1df5550c462d46ab3b2be4d1a05afe6e09ae8,403ee61fb9880012d1ceeff1d9d8f97d7a44c6802610465bead1b28a4b084209
52220b20c3_00a54bff7e15af78fe7cfc20219c28cb208fde807bd28d44__vs__2773adf157_0004c94ca2a8684d47449bb0e7abf87de1df71a7e6543252_redline_b799eadbeb,clean/docx/52220b20c3_00a54bff7e15af78fe7cfc20219c28cb208fde807bd28d44,clean/docx/2773adf157_0004c94ca2a8684d47449bb0e7abf87de1df71a7e6543252,tracking_without_comments/docx/52220b20c3_00a54bff7e15af78fe7cfc20219c28cb208fde807bd28d44__vs__2773adf157_0004c94ca2a8684d47449bb0e7abf87de1df71a7e6543252_redline_b799eadbeb.docx,tracking_without_comments/pdf/52220b20c3_00a54bff7e15af78fe7cfc20219c28cb208fde807bd28d44__vs__2773adf157_0004c94ca2a8684d47449bb0e7abf87de1df71a7e6543252_redline_b799eadbeb.pdf,tracking_without_comments,b799eadbeb,redlines_a100_b10,52220b20c3c1cacf052e9e3b64c59a58faf0ad6e719d104b531408c8d4f97e5d,2773adf1573296ac475b3351ac307258686b2779d2b304e0bfc41e3bf1c3c15f,b799eadbeb01ed3e91503c76cf36b3834c73114b7590389206f18560a64ef32a,cd194c714798a2c499af2fff98670fcca38cd24281de4536c5a5752f6e7b1331
5ad6e6d44f_0199027cbf967c88ab833b77e5bc5d629bacecbd40a87c26__vs__5203829c7a_001cc92b88566d5f930fe57f25813c0bf52a7bdc72c217d0_redline_0c25a004f2,tracking_without_comments/docx/5ad6e6d44f_0199027cbf967c88ab833b77e5bc5d629bacecbd40a87c26,clean/docx/5203829c7a_001cc92b88566d5f930fe57f25813c0bf52a7bdc72c217d0,tracking_without_comments/docx/5ad6e6d44f_0199027cbf967c88ab833b77e5bc5d629bacecbd40a87c26__vs__5203829c7a_001cc92b88566d5f930fe57f25813c0bf52a7bdc72c217d0_redline_0c25a004f2.docx,tracking_without_comments/pdf/5ad6e6d44f_0199027cbf967c88ab833b77e5bc5d629bacecbd40a87c26__vs__5203829c7a_001cc92b88566d5f930fe57f25813c0bf52a7bdc72c217d0_redline_0c25a004f2.pdf,tracking_without_comments,0c25a004f2,redlines_a100_b10,5ad6e6d44f4e43982a3d4b7135f1821106eba5c216ca794b142e4001f649c923,5203829c7a39779063960c392278bed93d85b453fb7b5b84c711a7adb83d1645,0c25a004f2d1b5e8276687c60cf31dd8c1ee9d6c06a30f7fea633b6fc442ff24,9cdfcb97beda083a5c2d9b0f753416eee641b84d150a9a0b9e54c8b6c962dbc6
61e3967518_0011e415331e3b2d8031efcfcfecbb68df0f0b73b26350ce__vs__aa5340125d_00a4b0b91e9b5b072dc3771391c2d608518690eccf44eae8_redline_4433455597,clean/docx/61e3967518_0011e415331e3b2d8031efcfcfecbb68df0f0b73b26350ce,clean/docx/aa5340125d_00a4b0b91e9b5b072dc3771391c2d608518690eccf44eae8,tracking_without_comments/docx/61e3967518_0011e415331e3b2d8031efcfcfecbb68df0f0b73b26350ce__vs__aa5340125d_00a4b0b91e9b5b072dc3771391c2d608518690eccf44eae8_redline_4433455597.docx,tracking_without_comments/pdf/61e3967518_0011e415331e3b2d8031efcfcfecbb68df0f0b73b26350ce__vs__aa5340125d_00a4b0b91e9b5b072dc3771391c2d608518690eccf44eae8_redline_4433455597.pdf,tracking_without_comments,4433455597,redlines_a100_b10,61e39675181ab3abef33ca9fa09a76ee0f36ec9c047ce76bac5df91f732a4280,aa5340125d3bf06891fd59477c734f045cfc5b3d92911d2bbdaf175dae103a1c,44334555974a9bb982bef6a89867aaa542a9f8ac7ef02e95b6f5d3d0f84aa15d,68ec2445386d32c14a4914ade98061cee94024f43ca6e3a4d848195bf8cca5c2
6867e05e76_00b0d42bbea3b9bac7bc95466cf416f6c89a8cda62bbf3d7__vs__2e04202552_000e3e7bd2d6215fc7b469cc3e296c1b2a510bc1abc7e0fd_redline_537a8cea0d,clean/docx/6867e05e76_00b0d42bbea3b9bac7bc95466cf416f6c89a8cda62bbf3d7,clean/docx/2e04202552_000e3e7bd2d6215fc7b469cc3e296c1b2a510bc1abc7e0fd,tracking_without_comments/docx/6867e05e76_00b0d42bbea3b9bac7bc95466cf416f6c89a8cda62bbf3d7__vs__2e04202552_000e3e7bd2d6215fc7b469cc3e296c1b2a510bc1abc7e0fd_redline_537a8cea0d.docx,tracking_without_comments/pdf/6867e05e76_00b0d42bbea3b9bac7bc95466cf416f6c89a8cda62bbf3d7__vs__2e04202552_000e3e7bd2d6215fc7b469cc3e296c1b2a510bc1abc7e0fd_redline_537a8cea0d.pdf,tracking_without_comments,537a8cea0d,redlines_a100_b10,6867e05e76c9d2eba9de5aea494db4b28f3110fc8cb1941ed81f6246042b9c22,2e042025528818822ef7f3ccf73977ae3e3e7cff864682b5c0060083284d8ae7,537a8cea0d7f46c8a99d785bec77871bef0fc3112a49bb5da44656ccd41cf9e6,0e84887a0a0908d1fc8cb56360472425a33a82b23d633da247afc8fa8a65d33b
6ba5bd3ed9_675bc160844acf63f96db9c42125e80653db32667cac018a__vs__40ac206d09_574391833ed2592c3c7602a1392772629c80f5d9b8c61bd3_redline_99002a2953,clean/docx/6ba5bd3ed9_675bc160844acf63f96db9c42125e80653db32667cac018a,tracking_without_comments/docx/40ac206d09_574391833ed2592c3c7602a1392772629c80f5d9b8c61bd3,tracking_without_comments/docx/6ba5bd3ed9_675bc160844acf63f96db9c42125e80653db32667cac018a__vs__40ac206d09_574391833ed2592c3c7602a1392772629c80f5d9b8c61bd3_redline_99002a2953.docx,tracking_without_comments/pdf/6ba5bd3ed9_675bc160844acf63f96db9c42125e80653db32667cac018a__vs__40ac206d09_574391833ed2592c3c7602a1392772629c80f5d9b8c61bd3_redline_99002a2953.pdf,tracking_without_comments,99002a2953,redlines_en_500,6ba5bd3ed96e4b3208c0e75c1e234bc731d69206503156f1e945d16677f23d11,40ac206d09564841d8c7eb9941395c6c72160b49df8067e820224d996d558357,99002a2953d9736b7cd386e937cc61bbaa9739b1454e5ac37d322a33309be7f6,65dcd0fb324539fc88323becb748bef603390e49d7b3571d8ef069c83c633858
6fffde4ae2_000bf66110e841e1d2c2e862fc7db869b8d410586ad12d0d__vs__aa5340125d_00a4b0b91e9b5b072dc3771391c2d608518690eccf44eae8_redline_f2197b6411,clean/docx/6fffde4ae2_000bf66110e841e1d2c2e862fc7db869b8d410586ad12d0d,clean/docx/aa5340125d_00a4b0b91e9b5b072dc3771391c2d608518690eccf44eae8,tracking_without_comments/docx/6fffde4ae2_000bf66110e841e1d2c2e862fc7db869b8d410586ad12d0d__vs__aa5340125d_00a4b0b91e9b5b072dc3771391c2d608518690eccf44eae8_redline_f2197b6411.docx,tracking_without_comments/pdf/6fffde4ae2_000bf66110e841e1d2c2e862fc7db869b8d410586ad12d0d__vs__aa5340125d_00a4b0b91e9b5b072dc3771391c2d608518690eccf44eae8_redline_f2197b6411.pdf,tracking_without_comments,f2197b6411,redlines_a100_b10,6fffde4ae29f57e4659c40b368691f4be1fae986d0ccf560063add30819d9a3b,aa5340125d3bf06891fd59477c734f045cfc5b3d92911d2bbdaf175dae103a1c,f2197b641103fd46389f9a84cf037c55c131946ef2fafbdac867fde69b57d73f,3f9392d10022ada1ff9199f1a5f50af3700db7d559d276ac10255a4a5d137f9a
8c67bcfe65_d41a99929b13b393a913649f7b39e9df2a6aa4878230cf7e__vs__49fe5bd42a_f50f63dd4889ab0b190ef8a18dfa6b8eb308ab352f519bf4_redline_8287241b7c,clean/docx/8c67bcfe65_d41a99929b13b393a913649f7b39e9df2a6aa4878230cf7e,clean/docx/49fe5bd42a_f50f63dd4889ab0b190ef8a18dfa6b8eb308ab352f519bf4,tracking_without_comments/docx/8c67bcfe65_d41a99929b13b393a913649f7b39e9df2a6aa4878230cf7e__vs__49fe5bd42a_f50f63dd4889ab0b190ef8a18dfa6b8eb308ab352f519bf4_redline_8287241b7c.docx,tracking_without_comments/pdf/8c67bcfe65_d41a99929b13b393a913649f7b39e9df2a6aa4878230cf7e__vs__49fe5bd42a_f50f63dd4889ab0b190ef8a18dfa6b8eb308ab352f519bf4_redline_8287241b7c.pdf,tracking_without_comments,8287241b7c,redlines_en_500,8c67bcfe65364b34693e3a3eb17287a6a1d91135f074289a3c24cc20855eb44d,49fe5bd42a74fa79682db8b663421b8cdd35ccd4058dfa0ba4bd8af0855fcd61,8287241b7c3d215a5882509b4fd6a745619a66fe35cb83d36330fc302cfcb3b0,d3581f7e6ae9774f624ff4a4f9e4c06646ef9fe13273012409b3b443010878d8
91440900a0_00189e19139f6e3031303e4152566a7bc08fab71a5c95895__vs__deff0e697a_00b5defcad6e58038eac35472a2d48c89905068e5ece0cc3_redline_a3dddd5dfc,clean/docx/91440900a0_00189e19139f6e3031303e4152566a7bc08fab71a5c95895,clean/docx/deff0e697a_00b5defcad6e58038eac35472a2d48c89905068e5ece0cc3,tracking_without_comments/docx/91440900a0_00189e19139f6e3031303e4152566a7bc08fab71a5c95895__vs__deff0e697a_00b5defcad6e58038eac35472a2d48c89905068e5ece0cc3_redline_a3dddd5dfc.docx,tracking_without_comments/pdf/91440900a0_00189e19139f6e3031303e4152566a7bc08fab71a5c95895__vs__deff0e697a_00b5defcad6e58038eac35472a2d48c89905068e5ece0cc3_redline_a3dddd5dfc.pdf,tracking_without_comments,a3dddd5dfc,redlines_a100_b10,91440900a0b004c8e4c1b92b472265cd871815e5c3b3ccd96587f72fb6dda2fd,deff0e697a2dfbcc4a41b9b979b9d9cb54b60ef4c9e5bc588011e6bda3fc0af2,a3dddd5dfcfe3d261bb44937bc288818a0dab7112aed6e577b225abcb1c23e66,1db11ea5c46cd03003e04d4ee5b314d86be0324b00ea7e02205abde96e3907da
9a3be7c3ef_1abcbb169cc4860a783d2b17aec0bce05e00bd1a21d6383d__vs__0c16c039fe_7ffc1357d0f453d7d5b119b7116adbb3eb28540e9ea09253_redline_8200c1e0af,clean/docx/9a3be7c3ef_1abcbb169cc4860a783d2b17aec0bce05e00bd1a21d6383d,clean/docx/0c16c039fe_7ffc1357d0f453d7d5b119b7116adbb3eb28540e9ea09253,tracking_without_comments/docx/9a3be7c3ef_1abcbb169cc4860a783d2b17aec0bce05e00bd1a21d6383d__vs__0c16c039fe_7ffc1357d0f453d7d5b119b7116adbb3eb28540e9ea09253_redline_8200c1e0af.docx,tracking_without_comments/pdf/9a3be7c3ef_1abcbb169cc4860a783d2b17aec0bce05e00bd1a21d6383d__vs__0c16c039fe_7ffc1357d0f453d7d5b119b7116adbb3eb28540e9ea09253_redline_8200c1e0af.pdf,tracking_without_comments,8200c1e0af,redlines_en_500,9a3be7c3ef5a02c414f0bdb120fed7f999259af68b27765f70d966cc517755a0,0c16c039fe6e3e87a4f1fe84f6b9069dd9e32bdd4d72b482cf47e285803ba46a,8200c1e0af2665b3b3768e0f91676d13b77b212f0dd1db292ef68670c3c6c46a,4e811dad75a20e4beb609e963f5d2a3a8946bc689473ba9b33665344ce197a65
9c264cb6bc_cdbe3d46d7dd78c6acf55321a1676e6baf55913ded0a082d__vs__7a37f4799c_d3cc2a89604fcd46701931d35bcfd2054842ca60c730b344_redline_88f6793bd8,clean/docx/9c264cb6bc_cdbe3d46d7dd78c6acf55321a1676e6baf55913ded0a082d,clean/docx/7a37f4799c_d3cc2a89604fcd46701931d35bcfd2054842ca60c730b344,tracking_without_comments/docx/9c264cb6bc_cdbe3d46d7dd78c6acf55321a1676e6baf55913ded0a082d__vs__7a37f4799c_d3cc2a89604fcd46701931d35bcfd2054842ca60c730b344_redline_88f6793bd8.docx,tracking_without_comments/pdf/9c264cb6bc_cdbe3d46d7dd78c6acf55321a1676e6baf55913ded0a082d__vs__7a37f4799c_d3cc2a89604fcd46701931d35bcfd2054842ca60c730b344_redline_88f6793bd8.pdf,tracking_without_comments,88f6793bd8,redlines_en_500,9c264cb6bc542d9473d593ffbe69a53c32cee7b84c12a3cddd0d2fc8a806100b,7a37f4799c84f437c7091fd85d981da2a16a38656953a34ea20757ad42adf026,88f6793bd8e3c3f4e4854edb38ed8a14ddd4d50da02b018f49e16dc8f25ede6e,65a0c438de9c2822e23312d89849cf9790cf5060e5351c722d70783cafb72120
a4ebc0e89c_0016d88a731db087feb2e28e8bfc163c1fe94df0ee048d55__vs__333bfe069a_003416d620331122b93b434dad901db5836f60d2cad4b533_redline_8231dbd001,clean/docx/a4ebc0e89c_0016d88a731db087feb2e28e8bfc163c1fe94df0ee048d55,clean/docx/333bfe069a_003416d620331122b93b434dad901db5836f60d2cad4b533,tracking_without_comments/docx/a4ebc0e89c_0016d88a731db087feb2e28e8bfc163c1fe94df0ee048d55__vs__333bfe069a_003416d620331122b93b434dad901db5836f60d2cad4b533_redline_8231dbd001.docx,tracking_without_comments/pdf/a4ebc0e89c_0016d88a731db087feb2e28e8bfc163c1fe94df0ee048d55__vs__333bfe069a_003416d620331122b93b434dad901db5836f60d2cad4b533_redline_8231dbd001.pdf,tracking_without_comments,8231dbd001,redlines_a100_b10,a4ebc0e89c98cdc719b531b6320b924fbfba2684a1d1482517afb64575389be3,333bfe069af9a12a08ef3a6811ef6e3007f1c41d3f1ed9a87816a010e1aaa443,8231dbd001a62a83ca4883273dfc00f689fb667084c2d8b80a8b33f7e09f85c3,514070cedbb33c65798b536856fa7a5b95f2712458413fd12a5a6b106c1f9c32
a4ebc0e89c_0016d88a731db087feb2e28e8bfc163c1fe94df0ee048d55__vs__342f364d46_001342333d45627868f4dc5282abbba4598a91b4a7584b08_redline_aabaef6f3d,clean/docx/a4ebc0e89c_0016d88a731db087feb2e28e8bfc163c1fe94df0ee048d55,clean/docx/342f364d46_001342333d45627868f4dc5282abbba4598a91b4a7584b08,tracking_without_comments/docx/a4ebc0e89c_0016d88a731db087feb2e28e8bfc163c1fe94df0ee048d55__vs__342f364d46_001342333d45627868f4dc5282abbba4598a91b4a7584b08_redline_aabaef6f3d.docx,tracking_without_comments/pdf/a4ebc0e89c_0016d88a731db087feb2e28e8bfc163c1fe94df0ee048d55__vs__342f364d46_001342333d45627868f4dc5282abbba4598a91b4a7584b08_redline_aabaef6f3d.pdf,tracking_without_comments,aabaef6f3d,redlines_a100_b10,a4ebc0e89c98cdc719b531b6320b924fbfba2684a1d1482517afb64575389be3,342f364d460e7110bddf317847edec68f000c5c839e45722965da43da8abe7ba,aabaef6f3d116e9ad57a5a40ea6b6f2c25e445bd10f309fb443e3774c8c0cbde,f5b6c511ab77ef3d449825ee24aded63e7da43af488fe823cb0fd38aba1b0586
a4ebc0e89c_0016d88a731db087feb2e28e8bfc163c1fe94df0ee048d55__vs__deff0e697a_00b5defcad6e58038eac35472a2d48c89905068e5ece0cc3_redline_46f67bb6e3,clean/docx/a4ebc0e89c_0016d88a731db087feb2e28e8bfc163c1fe94df0ee048d55,clean/docx/deff0e697a_00b5defcad6e58038eac35472a2d48c89905068e5ece0cc3,tracking_without_comments/docx/a4ebc0e89c_0016d88a731db087feb2e28e8bfc163c1fe94df0ee048d55__vs__deff0e697a_00b5defcad6e58038eac35472a2d48c89905068e5ece0cc3_redline_46f67bb6e3.docx,tracking_without_comments/pdf/a4ebc0e89c_0016d88a731db087feb2e28e8bfc163c1fe94df0ee048d55__vs__deff0e697a_00b5defcad6e58038eac35472a2d48c89905068e5ece0cc3_redline_46f67bb6e3.pdf,tracking_without_comments,46f67bb6e3,redlines_a100_b10,a4ebc0e89c98cdc719b531b6320b924fbfba2684a1d1482517afb64575389be3,deff0e697a2dfbcc4a41b9b979b9d9cb54b60ef4c9e5bc588011e6bda3fc0af2,46f67bb6e373449f4bca91036c189c0bdc2519eec63e573654f0c9106bd97a1a,b69ac9559325c5e382b91908b5f1cfe75b5421accbd7ca1ab2a5182a0441b697
a9de4ed3f9_9c337ad7e3719f79f6cbf0deed6badf7a57a4c6482c0cf76__vs__ef7870f9f4_22be2b6e0c6f8f306d5e2a268d7164e59b90b72404e75678_redline_651e1bcc1c,clean/docx/a9de4ed3f9_9c337ad7e3719f79f6cbf0deed6badf7a57a4c6482c0cf76,clean/docx/ef7870f9f4_22be2b6e0c6f8f306d5e2a268d7164e59b90b72404e75678,tracking_without_comments/docx/a9de4ed3f9_9c337ad7e3719f79f6cbf0deed6badf7a57a4c6482c0cf76__vs__ef7870f9f4_22be2b6e0c6f8f306d5e2a268d7164e59b90b72404e75678_redline_651e1bcc1c.docx,tracking_without_comments/pdf/a9de4ed3f9_9c337ad7e3719f79f6cbf0deed6badf7a57a4c6482c0cf76__vs__ef7870f9f4_22be2b6e0c6f8f306d5e2a268d7164e59b90b72404e75678_redline_651e1bcc1c.pdf,tracking_without_comments,651e1bcc1c,redlines_en_500,a9de4ed3f9d71aab5d33d49facc2c50a5bd789c7f310e0313aecf3ec87dbc09d,ef7870f9f4e5e423710cd1ca210035d4da0efdbeb3d4ea4af3a99e2e5ebb7bbb,651e1bcc1c0bbb7380e0701a8c7be1e7144e0c5610da195470a9cc72fcc718eb,550b22ba1a975e54a51c0e1f4928c2a3f317e90cc0fe5b652e8d7514392e6c91
b6dd0b6ae8_015a4f5a16a110026418c0a7f5eefa69ce6d5f9bcfc2d955__vs__342f364d46_001342333d45627868f4dc5282abbba4598a91b4a7584b08_redline_992e41eac1,clean/docx/b6dd0b6ae8_015a4f5a16a110026418c0a7f5eefa69ce6d5f9bcfc2d955,clean/docx/342f364d46_001342333d45627868f4dc5282abbba4598a91b4a7584b08,tracking_without_comments/docx/b6dd0b6ae8_015a4f5a16a110026418c0a7f5eefa69ce6d5f9bcfc2d955__vs__342f364d46_001342333d45627868f4dc5282abbba4598a91b4a7584b08_redline_992e41eac1.docx,tracking_without_comments/pdf/b6dd0b6ae8_015a4f5a16a110026418c0a7f5eefa69ce6d5f9bcfc2d955__vs__342f364d46_001342333d45627868f4dc5282abbba4598a91b4a7584b08_redline_992e41eac1.pdf,tracking_without_comments,992e41eac1,redlines_a100_b10,b6dd0b6ae863956b8d55c15dbc4728fbeb3b8e6f9086d940ace70bb4cba47c36,342f364d460e7110bddf317847edec68f000c5c839e45722965da43da8abe7ba,992e41eac1fbbf6475bbfc67deb1b4121bc86c79f482555fa0e2ffc923154c04,c77ac7bdabecd9d2f2a13d5bf44dcb5ba65b7225f122b782e54eecfc547cb36c
b6dd0b6ae8_015a4f5a16a110026418c0a7f5eefa69ce6d5f9bcfc2d955__vs__a5f2b9318d_002aa60c2ae1187417b4b157c5ec6450324cc056ec551a12_redline_3d2c176562,clean/docx/b6dd0b6ae8_015a4f5a16a110026418c0a7f5eefa69ce6d5f9bcfc2d955,clean/docx/a5f2b9318d_002aa60c2ae1187417b4b157c5ec6450324cc056ec551a12,tracking_without_comments/docx/b6dd0b6ae8_015a4f5a16a110026418c0a7f5eefa69ce6d5f9bcfc2d955__vs__a5f2b9318d_002aa60c2ae1187417b4b157c5ec6450324cc056ec551a12_redline_3d2c176562.docx,tracking_without_comments/pdf/b6dd0b6ae8_015a4f5a16a110026418c0a7f5eefa69ce6d5f9bcfc2d955__vs__a5f2b9318d_002aa60c2ae1187417b4b157c5ec6450324cc056ec551a12_redline_3d2c176562.pdf,tracking_without_comments,3d2c176562,redlines_a100_b10,b6dd0b6ae863956b8d55c15dbc4728fbeb3b8e6f9086d940ace70bb4cba47c36,a5f2b9318d75c4ea4591cd74ee984c4703aa1db45936aef0b3c120e01532bf72,3d2c176562db3aa9c753c44594fd328de671640e111c63db846c4e6ecb5accc8,7e4f70d4537c07cf7a811f9d1cdc88bff591c64dd22f0f7f46ae1ca8901254cf
bb560d2a02_2fb37ac3b5f327c12bb8bbd95446f266c5ad631463b80be8__vs__ef8453bf9c_09f1ccf70597b739a10c1b538c7686017f63363a46df22a3_redline_ba665aeaab,clean/docx/bb560d2a02_2fb37ac3b5f327c12bb8bbd95446f266c5ad631463b80be8,clean/docx/ef8453bf9c_09f1ccf70597b739a10c1b538c7686017f63363a46df22a3,tracking_without_comments/docx/bb560d2a02_2fb37ac3b5f327c12bb8bbd95446f266c5ad631463b80be8__vs__ef8453bf9c_09f1ccf70597b739a10c1b538c7686017f63363a46df22a3_redline_ba665aeaab.docx,tracking_without_comments/pdf/bb560d2a02_2fb37ac3b5f327c12bb8bbd95446f266c5ad631463b80be8__vs__ef8453bf9c_09f1ccf70597b739a10c1b538c7686017f63363a46df22a3_redline_ba665aeaab.pdf,tracking_without_comments,ba665aeaab,redlines_en_500,bb560d2a02a2a3006cf439cbae7d6d536ad82b1abaf93a1ebeec47e9b3b2ecd0,ef8453bf9cbd95c0b49846a5ffef9cde8121a887592fa66f0aba65ae458c1611,ba665aeaabcd6dc919e7b54034d33e0fba5e60a460d32540335077da9bbd85a3,44c24b47c69593779bf4dd25c0e7ee9cd02ca69f66de95d9a1688a03183aa9d6
bcd9885022_3f8904d5c2347b1cbdad3ccab4dd3f55a20578b126932e1c__vs__bcb411e0dd_156c3b3ee6ea007ac5904cd8acba1b196939ed86235a029e_redline_fc700b6af5,clean/docx/bcd9885022_3f8904d5c2347b1cbdad3ccab4dd3f55a20578b126932e1c,clean/docx/bcb411e0dd_156c3b3ee6ea007ac5904cd8acba1b196939ed86235a029e,tracking_without_comments/docx/bcd9885022_3f8904d5c2347b1cbdad3ccab4dd3f55a20578b126932e1c__vs__bcb411e0dd_156c3b3ee6ea007ac5904cd8acba1b196939ed86235a029e_redline_fc700b6af5.docx,tracking_without_comments/pdf/bcd9885022_3f8904d5c2347b1cbdad3ccab4dd3f55a20578b126932e1c__vs__bcb411e0dd_156c3b3ee6ea007ac5904cd8acba1b196939ed86235a029e_redline_fc700b6af5.pdf,tracking_without_comments,fc700b6af5,redlines_en_500,bcd9885022aacdbf56f747f863d5c3a2bb1d6e0ead1520e412baaf554884d935,bcb411e0dd0582dccb303ce0dca0b77286a3436d22caf31bf337111134b2127f,fc700b6af5eccd513fa4b834e62c2f8f3ea6b76dd19d934b8c82bc1caa96b3e4,63f8da4305a95248c1ffc7f6b24bc19db7e7c143dad707531b44b79e56d38e84
d09a2f8509_00b5aa69a6c33b2725953348488d62605dc209411d01f80a__vs__a5f2b9318d_002aa60c2ae1187417b4b157c5ec6450324cc056ec551a12_redline_e7d9a076ba,clean/docx/d09a2f8509_00b5aa69a6c33b2725953348488d62605dc209411d01f80a,clean/docx/a5f2b9318d_002aa60c2ae1187417b4b157c5ec6450324cc056ec551a12,tracking_without_comments/docx/d09a2f8509_00b5aa69a6c33b2725953348488d62605dc209411d01f80a__vs__a5f2b9318d_002aa60c2ae1187417b4b157c5ec6450324cc056ec551a12_redline_e7d9a076ba.docx,tracking_without_comments/pdf/d09a2f8509_00b5aa69a6c33b2725953348488d62605dc209411d01f80a__vs__a5f2b9318d_002aa60c2ae1187417b4b157c5ec6450324cc056ec551a12_redline_e7d9a076ba.pdf,tracking_without_comments,e7d9a076ba,redlines_a100_b10,d09a2f850978bd2ac62d6c4d6947bc2b679858386a38f8b2dc2650dae17442c3,a5f2b9318d75c4ea4591cd74ee984c4703aa1db45936aef0b3c120e01532bf72,e7d9a076ba408189e1edb8b6a6d07c50be28123dafdf0ded709187e362829a01,c7e0a3ba6a223db363703d152c9b77f7bee8acc87e2bade587e79127690345c0
e1c745d784_008243ee20adecbf2ae39c9e6809b022076aa166a4a4f9ec__vs__2773adf157_0004c94ca2a8684d47449bb0e7abf87de1df71a7e6543252_redline_bdd82eb64d,clean/docx/e1c745d784_008243ee20adecbf2ae39c9e6809b022076aa166a4a4f9ec,clean/docx/2773adf157_0004c94ca2a8684d47449bb0e7abf87de1df71a7e6543252,tracking_without_comments/docx/e1c745d784_008243ee20adecbf2ae39c9e6809b022076aa166a4a4f9ec__vs__2773adf157_0004c94ca2a8684d47449bb0e7abf87de1df71a7e6543252_redline_bdd82eb64d.docx,tracking_without_comments/pdf/e1c745d784_008243ee20adecbf2ae39c9e6809b022076aa166a4a4f9ec__vs__2773adf157_0004c94ca2a8684d47449bb0e7abf87de1df71a7e6543252_redline_bdd82eb64d.pdf,tracking_without_comments,bdd82eb64d,redlines_a100_b10,e1c745d784fc82fe799fbe3b8076d2e180abd5e1628f033b25fbca9e98acc21e,2773adf1573296ac475b3351ac307258686b2779d2b304e0bfc41e3bf1c3c15f,bdd82eb64da60226dc0f81dec8c92b92887e347497832a16aa4dabf515226eb2,74dc7998751dbdb4fa0bc708c6e0d6df5c109e6f00c7dc58fc32e7def9e2f1cc
f17e96512e_001cb345cc8d6b799aa725514eb368005048b80f4b4c07a5__vs__a5f2b9318d_002aa60c2ae1187417b4b157c5ec6450324cc056ec551a12_redline_b7c11bf92a,clean/docx/f17e96512e_001cb345cc8d6b799aa725514eb368005048b80f4b4c07a5,clean/docx/a5f2b9318d_002aa60c2ae1187417b4b157c5ec6450324cc056ec551a12,tracking_without_comments/docx/f17e96512e_001cb345cc8d6b799aa725514eb368005048b80f4b4c07a5__vs__a5f2b9318d_002aa60c2ae1187417b4b157c5ec6450324cc056ec551a12_redline_b7c11bf92a.docx,tracking_without_comments/pdf/f17e96512e_001cb345cc8d6b799aa725514eb368005048b80f4b4c07a5__vs__a5f2b9318d_002aa60c2ae1187417b4b157c5ec6450324cc056ec551a12_redline_b7c11bf92a.pdf,tracking_without_comments,b7c11bf92a,redlines_a100_b10,f17e96512ed45600e15a377104d5523b9c14a5c3ec7bea7d54d39d831d57c2ab,a5f2b9318d75c4ea4591cd74ee984c4703aa1db45936aef0b3c120e01532bf72,b7c11bf92a25ada9aa5b06d9f60922255aafc9154f4963a907f10bd685fe8199,277dc4d08de8fc0d2319619f84698acbdb0d0b34308086bbf1ae54b9d5c8a758
f43f6ef305_002042b8a23533ba746bf4eaf56b5e62642cc111f5f5fcff__vs__bd3824dd1e_000ee64ef7226d353297888f59a251e24ce5d776fea000fa_redline_fd2201fe85,clean/docx/f43f6ef305_002042b8a23533ba746bf4eaf56b5e62642cc111f5f5fcff,clean/docx/bd3824dd1e_000ee64ef7226d353297888f59a251e24ce5d776fea000fa,tracking_without_comments/docx/f43f6ef305_002042b8a23533ba746bf4eaf56b5e62642cc111f5f5fcff__vs__bd3824dd1e_000ee64ef7226d353297888f59a251e24ce5d776fea000fa_redline_fd2201fe85.docx,tracking_without_comments/pdf/f43f6ef305_002042b8a23533ba746bf4eaf56b5e62642cc111f5f5fcff__vs__bd3824dd1e_000ee64ef7226d353297888f59a251e24ce5d776fea000fa_redline_fd2201fe85.pdf,tracking_without_comments,fd2201fe85,redlines_a100_b10,f43f6ef305ba65c507530a8f4f3c30cb2ee835f097ea8c12292bc1fe9cb4bb5d,bd3824dd1e5554e7b0a8c3ab90f434599e047ff8de6ec85a04be794d32919bdf,fd2201fe85f8ab7f9acd84aca78b92927c260c275cfc3190ad7cf2f4287a2cbb,50c369fe166710972c968bdf09c25deec48976510f5f33437ea7a3b6944e4ca0
fdb2976d19_01415d08f6d1a428e6949533adcd6249cf25676d98d0b78c__vs__333bfe069a_003416d620331122b93b434dad901db5836f60d2cad4b533_redline_bd5a452533,clean/docx/fdb2976d19_01415d08f6d1a428e6949533adcd6249cf25676d98d0b78c,clean/docx/333bfe069a_003416d620331122b93b434dad901db5836f60d2cad4b533,tracking_without_comments/docx/fdb2976d19_01415d08f6d1a428e6949533adcd6249cf25676d98d0b78c__vs__333bfe069a_003416d620331122b93b434dad901db5836f60d2cad4b533_redline_bd5a452533.docx,tracking_without_comments/pdf/fdb2976d19_01415d08f6d1a428e6949533adcd6249cf25676d98d0b78c__vs__333bfe069a_003416d620331122b93b434dad901db5836f60d2cad4b533_redline_bd5a452533.pdf,tracking_without_comments,bd5a452533,redlines_a100_b10,fdb2976d1902b56d33702b909465018fc4f6802f537d9a72ff5261c12fd67fb8,333bfe069af9a12a08ef3a6811ef6e3007f1c41d3f1ed9a87816a010e1aaa443,bd5a4525331e480351da1ff8c5e4b597a4f58090c997458242ad78e2e89ed283,d47b4f0e5c78bb0c31ece6492cd97fd6d10405252c6090bba0a83a9b66da81e0
