state,stem,docx,word_pdf,docx_sha256,word_pdf_sha256
clean,clean__014f5b166b_0085209e9b3ab0868bc2f0148f1d27f12a95fa9a49727438,corpus/word/clean/docx/014f5b166b_0085209e9b3ab0868bc2f0148f1d27f12a95fa9a49727438.docx,corpus/word/clean/pdf/014f5b166b_0085209e9b3ab0868bc2f0148f1d27f12a95fa9a49727438.pdf,014f5b166b7cdca238c637b6129c0b19557af8921c49096500b281fd4672b970,3c8843f7cb6c9d0dc109931f47a4f31053fc5126a3095073eca6416757e969d1
clean,clean__051e6da4f6_695660901996dceb7738cd59463a3cf5fba39c900ac811ea,corpus/word/clean/docx/051e6da4f6_695660901996dceb7738cd59463a3cf5fba39c900ac811ea.docx,corpus/word/clean/pdf/051e6da4f6_695660901996dceb7738cd59463a3cf5fba39c900ac811ea.pdf,051e6da4f6cf0c6b1cbb1d5b074182d8a8b96e7719f252fdddfb96539e4ae551,d6e1b8936c38476e39e54ecc8f7317e14636269289d1cd8187911d4b80d0f7c8
clean,clean__070591c299_00239e1526890fe21b3ab79fe88751dd14242c84bdaade59,corpus/word/clean/docx/070591c299_00239e1526890fe21b3ab79fe88751dd14242c84bdaade59.docx,corpus/word/clean/pdf/070591c299_00239e1526890fe21b3ab79fe88751dd14242c84bdaade59.pdf,070591c29928faf7fc5fce457a9faac22eebe8394e48dd10b52dc6684088e0a7,5dfb636bb91265584a28c7aac45dbe9e8f3b86b3809d19bffcac4de9625b33ad
clean,clean__082d9aa8f2_78a0884f59673c9880c3e5e1b556be7401a73e25b0af4358,corpus/word/clean/docx/082d9aa8f2_78a0884f59673c9880c3e5e1b556be7401a73e25b0af4358.docx,corpus/word/clean/pdf/082d9aa8f2_78a0884f59673c9880c3e5e1b556be7401a73e25b0af4358.pdf,082d9aa8f200e155c57a4a19f7552c6b00e47eaaa99df30eec95b44f528f9f5a,42496d026168f64fb961407288474328340d705f97c0cad7a2df5a7dac84a849
clean,clean__0935a8a24e_file_151,corpus/word/clean/docx/0935a8a24e_file_151.docx,corpus/word/clean/pdf/0935a8a24e_file_151.pdf,0935a8a24ef4761994694cb5ff7a4c9b35d9227d78ae7ae7c9d0aef26cfc8b84,f6ea171d1a7c212d243e6943b965123b6e8406414b50e80058e46c808bd11b29
clean,clean__09e44e8b4b_01219e2ad4d7c69071bcaf93d027828d36fd3e13c478dbac,corpus/word/clean/docx/09e44e8b4b_01219e2ad4d7c69071bcaf93d027828d36fd3e13c478dbac.docx,corpus/word/clean/pdf/09e44e8b4b_01219e2ad4d7c69071bcaf93d027828d36fd3e13c478dbac.pdf,09e44e8b4b78f37113c0b2d984c76325f9aac3dc9ce07521d9842fc190c383d4,c038247ec170d716c3a1a0a003d06ba6bd8faced0313f09a83d35b8af2832821
clean,clean__0acde9d23e_50be95cde73c1d9b994d6c75c6d2f67f7b4c6cdf0e13ba30,corpus/word/clean/docx/0acde9d23e_50be95cde73c1d9b994d6c75c6d2f67f7b4c6cdf0e13ba30.docx,corpus/word/clean/pdf/0acde9d23e_50be95cde73c1d9b994d6c75c6d2f67f7b4c6cdf0e13ba30.pdf,0acde9d23e546c867f5174c15f1fd332661089918af6dcfc1439d609db04ddc9,704ff385af71f5685f07e0dede6dff4594fce57324831e5384334204f4a4abd8
clean,clean__0d421d4956_006f2e694d794648ea18e1efec4a15ca8437d251cff35fd1,corpus/word/clean/docx/0d421d4956_006f2e694d794648ea18e1efec4a15ca8437d251cff35fd1.docx,corpus/word/clean/pdf/0d421d4956_006f2e694d794648ea18e1efec4a15ca8437d251cff35fd1.pdf,0d421d495610a395919d836cedfc8602b7b5ba0d7d5ed89a27182b08752edb2a,e978eae6c83e7ed7277304af78d67570ee1233185189e8eb65bdf15ecd71b9e6
clean,clean__0d6cc8a99c_file_101,corpus/word/clean/docx/0d6cc8a99c_file_101.docx,corpus/word/clean/pdf/0d6cc8a99c_file_101.pdf,0d6cc8a99c6a7a651368635bc9c5ca50e1a0fc28dd3ee6ca4c7886d6fcd01514,8f8b7794d87a187320ba1deeea89f190b0296043b91a9b62e6fe7cd3d983e171
clean,clean__0e65c38964_9617d33fa7e5b7872c02d159a597b41a437febd15fec7fca,corpus/word/clean/docx/0e65c38964_9617d33fa7e5b7872c02d159a597b41a437febd15fec7fca.docx,corpus/word/clean/pdf/0e65c38964_9617d33fa7e5b7872c02d159a597b41a437febd15fec7fca.pdf,0e65c38964528f2b8a8bf29c1ba766241431cefaedd0b633dd11a1c89f9684e0,6cf74b7229cb03aaf814dc4e46e00d2526dd384227f443b0590b757a9f7bfc44
clean,clean__0f6fab8e93_94a0820ba43ac9b10352df6f48bf66f8a7ba06e5b151765d,corpus/word/clean/docx/0f6fab8e93_94a0820ba43ac9b10352df6f48bf66f8a7ba06e5b151765d.docx,corpus/word/clean/pdf/0f6fab8e93_94a0820ba43ac9b10352df6f48bf66f8a7ba06e5b151765d.pdf,0f6fab8e930071213390481a75595ccf846e7bf755403a98c4e2d646153bb373,a39b723c2262cd4613adffe9261d51af1018f9f37ed9b30a341e786b841e4201
clean,clean__0fe46e33f7_664674359ac6798a3fe13805bc5137057d6c73b8da3910c9,corpus/word/clean/docx/0fe46e33f7_664674359ac6798a3fe13805bc5137057d6c73b8da3910c9.docx,corpus/word/clean/pdf/0fe46e33f7_664674359ac6798a3fe13805bc5137057d6c73b8da3910c9.pdf,0fe46e33f79db2209f146b0ab0681536b615ac176aee8fc305bd93c515c31654,9933ef30035063893e2c3b130bce237228629d777637ccbd9cde944aea62db60
clean,clean__12125c346d_92142a51af438576403a4226ac79f4fb87d91783b06ff63c,corpus/word/clean/docx/12125c346d_92142a51af438576403a4226ac79f4fb87d91783b06ff63c.docx,corpus/word/clean/pdf/12125c346d_92142a51af438576403a4226ac79f4fb87d91783b06ff63c.pdf,12125c346d3f9dcd3ac95f1c39bebb3f685d0d1a73dd39ad18296457b51f2490,24288772c7e792f2e55d4305e956cccc95eae955b755ff7222afdaef68b9bc43
clean,clean__12941c2a77_0023298b011b45232675215822f0f728678a238756d763c8,corpus/word/clean/docx/12941c2a77_0023298b011b45232675215822f0f728678a238756d763c8.docx,corpus/word/clean/pdf/12941c2a77_0023298b011b45232675215822f0f728678a238756d763c8.pdf,12941c2a772176385ca961a9d136daf6e5f1f70a10caa98f3ebb7405b1fc6243,2730f7d0215a55a93ec7bc0e2f324f8d5caa60810458bf6a9bcc2f038cd7b068
clean,clean__12b7ee65cb_5b878b9756_accepted_tracking,corpus/word/clean/docx/12b7ee65cb_5b878b9756_accepted_tracking.docx,corpus/word/clean/pdf/12b7ee65cb_5b878b9756_accepted_tracking.pdf,12b7ee65cb7cc6b8eeda8ca55675c692ca1889f23be5ebfe02eb18937f0362e5,659fa885bbcf0a34e3e8f6d5f18d4991b33535873a3daa36484b689ac559c5e4
clean,clean__135cc33d36_roboto_font_demo_id_paraid_overflow_2_roboto_fon,corpus/word/clean/docx/135cc33d36_roboto_font_demo_id_paraid_overflow_2_roboto_fon.docx,corpus/word/clean/pdf/135cc33d36_roboto_font_demo_id_paraid_overflow_2_roboto_fon.pdf,135cc33d3669ac1e3f3116e3deb6eb9dfa7a5c3f6da572a4cf14ceeca82f01a6,b2275ed12363459c002497877d4b8034e672ca979934b8b2b8f8d059d36464d4
clean,clean__136f9f5ed4_1511c9537d_accepted_tracking,corpus/word/clean/docx/136f9f5ed4_1511c9537d_accepted_tracking.docx,corpus/word/clean/pdf/136f9f5ed4_1511c9537d_accepted_tracking.pdf,136f9f5ed47d19a9ae34a0047ea1ece472270284dc575397d2ede2a322f5470c,b4bfee55377810f7f8af8c172369bf0afeb5d2dfef94a58911ffe88d307d799f
clean,clean__1558d2a6ec_project_proposal_id_paraid_overflow,corpus/word/clean/docx/1558d2a6ec_project_proposal_id_paraid_overflow.docx,corpus/word/clean/pdf/1558d2a6ec_project_proposal_id_paraid_overflow.pdf,1558d2a6ec212718bae8071211a3a06a23b0b1923d292d36cd40c69b013d8fb3,6ef5e8a22d0ebd4ca4d48297f9e17a23c30e4ddd05395f82ede602cea6c62f43
clean,clean__16b3bdf24f_1a9cd33781356357316c3cb0c6eed3bad72d886ad1d68dbf,corpus/word/clean/docx/16b3bdf24f_1a9cd33781356357316c3cb0c6eed3bad72d886ad1d68dbf.docx,corpus/word/clean/pdf/16b3bdf24f_1a9cd33781356357316c3cb0c6eed3bad72d886ad1d68dbf.pdf,16b3bdf24f42e8e98e2f64fd881a04c2ad0eeee5c1ea2fd386d1e00e1d22da7f,bec073a14b851ab106d2fc6d65c09070cd947d705ff8d2a59205ee2487e2b5d3
clean,clean__1759f7c49e_306ec8f52c773e9b7ba8923d80987b9fa2f6415aa2e14765,corpus/word/clean/docx/1759f7c49e_306ec8f52c773e9b7ba8923d80987b9fa2f6415aa2e14765.docx,corpus/word/clean/pdf/1759f7c49e_306ec8f52c773e9b7ba8923d80987b9fa2f6415aa2e14765.pdf,1759f7c49e544904348921b5c8b4727de4452737e4d2d7bf31d4a289f80186ac,faeeaaa1c1216645f748ff00bdc58369a3d13793479e72d6bd21c4534469bbe0
clean,clean__181e161e94_file_57,corpus/word/clean/docx/181e161e94_file_57.docx,corpus/word/clean/pdf/181e161e94_file_57.pdf,181e161e9475b07cbb67e0b1750341661766c597233e0758e5e7576627bc4169,32e187d50ad05c1c6747eb028cddef58f209b4197f8002f8bc6843b7317dc770
clean,clean__182befa0d0_0009b43c59a5d179df297f29c762e02ea0516bfe534d09c5,corpus/word/clean/docx/182befa0d0_0009b43c59a5d179df297f29c762e02ea0516bfe534d09c5.docx,corpus/word/clean/pdf/182befa0d0_0009b43c59a5d179df297f29c762e02ea0516bfe534d09c5.pdf,182befa0d034e0d166db569782fc85ec680d5b383ac6f913d74f0258dc8b4dd9,02ae9f7b54cf4aa9ba46dc5e62fb2c9cb754a14ec9e5bcbe655820c4f724b1a2
clean,clean__19891583af_000f23dc2592a0044f1da2e4f2166c6b41e8fde6a66a1988,corpus/word/clean/docx/19891583af_000f23dc2592a0044f1da2e4f2166c6b41e8fde6a66a1988.docx,corpus/word/clean/pdf/19891583af_000f23dc2592a0044f1da2e4f2166c6b41e8fde6a66a1988.pdf,19891583afea71c03319b55747ff9e44065ba801f67d6b4267b43427ef699469,6afc60383344261ae1a7cb2959dbecad3c1b97fb7d5392d54c15c6044d7ce04c
clean,clean__1c29559690_38cbf57ee790ac446ec8c957189574570b7ea5b0dae2fd15,corpus/word/clean/docx/1c29559690_38cbf57ee790ac446ec8c957189574570b7ea5b0dae2fd15.docx,corpus/word/clean/pdf/1c29559690_38cbf57ee790ac446ec8c957189574570b7ea5b0dae2fd15.pdf,1c29559690d5cdbc68ebd42bea464029aadfd417439b079364662ee4ef2a934f,4d8c1d010d51be8b8217c38aae7a45aafd7ec5d29f3cdb9e6f795ec2bcca80b6
clean,clean__1d4e0d1ca9_ca01c7dfa3fb10fdc8e889e8281cd8b589541bdc1d420eb3,corpus/word/clean/docx/1d4e0d1ca9_ca01c7dfa3fb10fdc8e889e8281cd8b589541bdc1d420eb3.docx,corpus/word/clean/pdf/1d4e0d1ca9_ca01c7dfa3fb10fdc8e889e8281cd8b589541bdc1d420eb3.pdf,1d4e0d1ca94b8284fc057ea7ea4bb541e04719190486fa63836cfa45e9fa8db8,e42c26b299b1e925b800a45676004bdc1b435cf731b418ad311b4c3537593476
clean,clean__1d6aaded23_96817b4d3631f78007ec8404ade5ef288b61af0d66770002,corpus/word/clean/docx/1d6aaded23_96817b4d3631f78007ec8404ade5ef288b61af0d66770002.docx,corpus/word/clean/pdf/1d6aaded23_96817b4d3631f78007ec8404ade5ef288b61af0d66770002.pdf,1d6aaded237d42594ec9b7ebac64f7276535f384e71cf74e22c00855fc1cdf2e,6c7c85d92cb0de7590c4523507b4cbc27c7ab085ad023a916d427f1aecb01c86
clean,clean__1f22b7b009_153542e701bb134da7aee3bb1c4be1f1458fb401ed835378,corpus/word/clean/docx/1f22b7b009_153542e701bb134da7aee3bb1c4be1f1458fb401ed835378.docx,corpus/word/clean/pdf/1f22b7b009_153542e701bb134da7aee3bb1c4be1f1458fb401ed835378.pdf,1f22b7b009e44276938cf52fe75284418d7ab66c191e58a1d4598b72da6cc290,11983a849e8ed0db702eaf9cb3a139c4c2a810f1e1fee7872201654bfd6e236e
clean,clean__1f244f1bea_fb618684761911d415f0bc0e32cea10f12c6eb0f3b6f64f9,corpus/word/clean/docx/1f244f1bea_fb618684761911d415f0bc0e32cea10f12c6eb0f3b6f64f9.docx,corpus/word/clean/pdf/1f244f1bea_fb618684761911d415f0bc0e32cea10f12c6eb0f3b6f64f9.pdf,1f244f1bea9b38994b84705622b27d5f95af40e2149575ca86cc0dd101c7dd7c,5568491bb17d3e713b964679f5d8b38ebdeede3bca5d25daae1d26a8287ba8a6
clean,clean__2313043a89_b0a82313e8665ba3ac7344d945f3b88054d5c8abe6de4127,corpus/word/clean/docx/2313043a89_b0a82313e8665ba3ac7344d945f3b88054d5c8abe6de4127.docx,corpus/word/clean/pdf/2313043a89_b0a82313e8665ba3ac7344d945f3b88054d5c8abe6de4127.pdf,2313043a894b0728f20ceef2b64f2c9016eb3cc84d14a7b84cd335bce9005382,560dfa642aa72296fe3ae0178d0308d8f4a68f1d7989d3504017dcdc4728784a
clean,clean__25937ddb49_d45aa3d5fdc962c7ae968e4118ab0f865de156c0d720ac0d,corpus/word/clean/docx/25937ddb49_d45aa3d5fdc962c7ae968e4118ab0f865de156c0d720ac0d.docx,corpus/word/clean/pdf/25937ddb49_d45aa3d5fdc962c7ae968e4118ab0f865de156c0d720ac0d.pdf,25937ddb491313d98eb8004d3232cc78f053e61e25fa31ba57b014cfec77438c,0c6ed14d862494fc1281c5290f381be519bf17ec91cbd060e550426e90f5b50b
clean,clean__25ed848ec0_75044418ff56083d58cd273fa0dd2272f8add205d2f52f9f,corpus/word/clean/docx/25ed848ec0_75044418ff56083d58cd273fa0dd2272f8add205d2f52f9f.docx,corpus/word/clean/pdf/25ed848ec0_75044418ff56083d58cd273fa0dd2272f8add205d2f52f9f.pdf,25ed848ec075113927d5ed3e6a32e6b735a118a59d0bddcd11cc82e2d2c6a305,37187daca421f6a8e27631c585cbcfc50a6c3c8b1793aeb3d57b1513a5120f83
clean,clean__268e8dc123_dc200f20c1e3dd27eac9a2d1f169b174b2da75ccd8dcfde8,corpus/word/clean/docx/268e8dc123_dc200f20c1e3dd27eac9a2d1f169b174b2da75ccd8dcfde8.docx,corpus/word/clean/pdf/268e8dc123_dc200f20c1e3dd27eac9a2d1f169b174b2da75ccd8dcfde8.pdf,268e8dc12350ee4b82cb2438e386b94a669d3d48bfeb497254f1d6316fc332cc,a499e69242d5a2ce8ed0dfe9fdc441556baeaf410e0714af8ba2ec33ff114010
clean,clean__2783c4639f_00160bf269f5dffe87373bf15dd3507fb7ceacbebfd9747f,corpus/word/clean/docx/2783c4639f_00160bf269f5dffe87373bf15dd3507fb7ceacbebfd9747f.docx,corpus/word/clean/pdf/2783c4639f_00160bf269f5dffe87373bf15dd3507fb7ceacbebfd9747f.pdf,2783c4639f19c9095b43c3d2dd5c2bdd90dcc60576ea3cbac71ff6855c0d6bcb,af6696c86263ad965125c6e8ecbec3f5f4ae7fa1dc44ada16b3f9591c0405ec8
clean,clean__2a5302627e_file_109,corpus/word/clean/docx/2a5302627e_file_109.docx,corpus/word/clean/pdf/2a5302627e_file_109.pdf,2a5302627e5063e05afc710bdf130bd0fdef623c9beddec8c4671b3fec787339,f0ec543609ae94a86ca2c807ee94439e02c9bbfe1d118dd36333ef8fe9f2d2b5
clean,clean__2c0a2ac35f_double_spacing_bold_demo_id_paraid_overflow,corpus/word/clean/docx/2c0a2ac35f_double_spacing_bold_demo_id_paraid_overflow.docx,corpus/word/clean/pdf/2c0a2ac35f_double_spacing_bold_demo_id_paraid_overflow.pdf,2c0a2ac35fdd2d43625db27b99ea4fb33624272228e3f21c78487ae0e58cfd71,8c7453f66e0aef553dfa27c869ab2fdafaa734aef526ddfa874485889411ef05
clean,clean__2c4e244c15_right_aligned_italic_demo_id_paraid_overflow,corpus/word/clean/docx/2c4e244c15_right_aligned_italic_demo_id_paraid_overflow.docx,corpus/word/clean/pdf/2c4e244c15_right_aligned_italic_demo_id_paraid_overflow.pdf,2c4e244c155d744791e71705b0e71697e068cf238499e17cd0791e4b51c16cef,48294abee7d292845f81d8c510b108320828d3d11409befd60ecd1ca67761218
clean,clean__2d535859ad_001bbca5f158a5f594e083c8607c49fe173c85baae41d3dd,corpus/word/clean/docx/2d535859ad_001bbca5f158a5f594e083c8607c49fe173c85baae41d3dd.docx,corpus/word/clean/pdf/2d535859ad_001bbca5f158a5f594e083c8607c49fe173c85baae41d3dd.pdf,2d535859ad0e6794165ea0d548adb966fd33b67a424bbd367c5651e00ffbd0cf,53ca3c7be2a8b8dc090cba2456dd7c47c4dc8cbda9dd6cea70ee038178aaa7a9
clean,clean__2e5e29fd1c_title_style_centered_demo_id_paraid_overflow_tit,corpus/word/clean/docx/2e5e29fd1c_title_style_centered_demo_id_paraid_overflow_tit.docx,corpus/word/clean/pdf/2e5e29fd1c_title_style_centered_demo_id_paraid_overflow_tit.pdf,2e5e29fd1cc8b82de624efbeaa56c60db19b6338a6abe48bb47dfcedae5402ce,6d3158b84ebd8046fd41625376a42700638090ff6db6288eccd3b50d6f677341
clean,clean__3139772de1_00db2d4016c78073cf41a04d131e121a1ce73eaa88afb101,corpus/word/clean/docx/3139772de1_00db2d4016c78073cf41a04d131e121a1ce73eaa88afb101.docx,corpus/word/clean/pdf/3139772de1_00db2d4016c78073cf41a04d131e121a1ce73eaa88afb101.pdf,3139772de1ff3b0d239e3d2a4754552f8977f0547505ad3c3c8181e1c9259065,57916e6396e69db6a77284594c421405f0c3b6b763cc4a4d238a25f4f4faa2eb
clean,clean__33822e6e1c_381ca14cd2a65660af8edbab73edc6172c9b9a894e5a6074,corpus/word/clean/docx/33822e6e1c_381ca14cd2a65660af8edbab73edc6172c9b9a894e5a6074.docx,corpus/word/clean/pdf/33822e6e1c_381ca14cd2a65660af8edbab73edc6172c9b9a894e5a6074.pdf,33822e6e1c0c137451f27b7cf8d647ef0efbc9c4cf67e2bde676ffb46e9c4525,12dbda96303a79b4c53595072b8e824d8dee8d0797daa8ab814807a64e347678
clean,clean__380bb26c47_001acbf24916073ee0e626c28d400cfcdde4e57482b256ac,corpus/word/clean/docx/380bb26c47_001acbf24916073ee0e626c28d400cfcdde4e57482b256ac.docx,corpus/word/clean/pdf/380bb26c47_001acbf24916073ee0e626c28d400cfcdde4e57482b256ac.pdf,380bb26c4785b68b71e003254c573eba4fe3bcadc1edb6c9df0fd684a7727653,8d416a721a915e0b6589505553ecb6aa58c2f76da04fca4f27177ab5f3f12d89
clean,clean__3a79078768_heading_4_style_demo_id_paraid_overflow_helvetic,corpus/word/clean/docx/3a79078768_heading_4_style_demo_id_paraid_overflow_helvetic.docx,corpus/word/clean/pdf/3a79078768_heading_4_style_demo_id_paraid_overflow_helvetic.pdf,3a7907876899493fb685c4d681a4b789f8a9206befca679840f3de6b408073c9,56bfa3d545fc632029bf9ae9e43e93751fa594bb4c60489f1a291c3c1aef1665
clean,clean__3d8acd6139_super_editor__restart_numbering_sub_list_85ddcb7,corpus/word/clean/docx/3d8acd6139_super_editor__restart_numbering_sub_list_85ddcb7.docx,corpus/word/clean/pdf/3d8acd6139_super_editor__restart_numbering_sub_list_85ddcb7.pdf,3d8acd6139a51d71b55e1cebf8834c3c616c14a2bf925e38bf105b4ec961ca6f,9179e917ce28f95ced55ac6ddff672b24b09f61b698357be8ac38c1adae6c05c
clean,clean__42148810f2_72f824a7073c6729f8afd678daf0b9ee8944bd63b5bcdc87,corpus/word/clean/docx/42148810f2_72f824a7073c6729f8afd678daf0b9ee8944bd63b5bcdc87.docx,corpus/word/clean/pdf/42148810f2_72f824a7073c6729f8afd678daf0b9ee8944bd63b5bcdc87.pdf,42148810f20722dda12ca9bf2a42f858d9b704c67fbfc4cea941568e00d928d3,804323a01d2a42b5e56136067150a174e25530aacf449e90ff7ae37597ec6a15
clean,clean__46f52ad96b_49f41d220ad44fc32665ae6f2fd9c332d608b029edf2ba0b,corpus/word/clean/docx/46f52ad96b_49f41d220ad44fc32665ae6f2fd9c332d608b029edf2ba0b.docx,corpus/word/clean/pdf/46f52ad96b_49f41d220ad44fc32665ae6f2fd9c332d608b029edf2ba0b.pdf,46f52ad96bcbc392fd081c2e88acea1eec62fcb3dce8c279bc4779f04a8f216b,1de617b7263c69e365d39d236333f81dee14d7e5f73f28992697ff3eda91e885
clean,clean__46f65c358a_001f64a429d5dafc2087f7737e890403b31073f7d59d006a,corpus/word/clean/docx/46f65c358a_001f64a429d5dafc2087f7737e890403b31073f7d59d006a.docx,corpus/word/clean/pdf/46f65c358a_001f64a429d5dafc2087f7737e890403b31073f7d59d006a.pdf,46f65c358a94f016ac2b593c6054a2a9a329574ff885290c6040b6288b93b656,d10ddc5e996e4f1b568a20f540fec74b0b8590d2522d22742b66143570ce0afe
clean,clean__4778a1a764_e20d987733a84f9080f6a514f74423bf5e3362681249ddcc,corpus/word/clean/docx/4778a1a764_e20d987733a84f9080f6a514f74423bf5e3362681249ddcc.docx,corpus/word/clean/pdf/4778a1a764_e20d987733a84f9080f6a514f74423bf5e3362681249ddcc.pdf,4778a1a7645e2b95845b78e97330308fb3cc47b12d7896a4fbdb55833011de8f,3c4d00eae19bca8ed776ced69d87aaeacbf34698948af28f6a344c5cdbed55fa
clean,clean__4788c67977_0164169e074bbd86369374875b1ab7ec86a68d6b1f8eec90,corpus/word/clean/docx/4788c67977_0164169e074bbd86369374875b1ab7ec86a68d6b1f8eec90.docx,corpus/word/clean/pdf/4788c67977_0164169e074bbd86369374875b1ab7ec86a68d6b1f8eec90.pdf,4788c67977800980769a0f4fbc6523ce8e6f7b04423697a8aa227d5c51498758,dfb4ed6554a6ef5ae124092b94a219cededc357361ccdf498dac4a238a210855
clean,clean__4ade5f9207_009df71a7ecb41f9da0135915e2e4d68176e296ff69c9af0,corpus/word/clean/docx/4ade5f9207_009df71a7ecb41f9da0135915e2e4d68176e296ff69c9af0.docx,corpus/word/clean/pdf/4ade5f9207_009df71a7ecb41f9da0135915e2e4d68176e296ff69c9af0.pdf,4ade5f9207f032d217f4334fea13139b8470594d0e646aceb761fe401a2f591f,f96023c336836b7ec719241cbeb4d7c3f0facf0848c2514e6023ee67179447f7
clean,clean__4b03fba2ed_3ebc9f1f058f2c2a4df5058921d3eb9b0ecfa59a5ea55cb2,corpus/word/clean/docx/4b03fba2ed_3ebc9f1f058f2c2a4df5058921d3eb9b0ecfa59a5ea55cb2.docx,corpus/word/clean/pdf/4b03fba2ed_3ebc9f1f058f2c2a4df5058921d3eb9b0ecfa59a5ea55cb2.pdf,4b03fba2ed95233f570ae218f6743d18bb5b06ea1da934017a3ec8fb826f278d,d2c088ef0c958c98376e7375fe28114bc5bed687eb801ab54a3aca1dbe400078
clean,clean__4de4ec481f_9e30446cea_accepted_tracking,corpus/word/clean/docx/4de4ec481f_9e30446cea_accepted_tracking.docx,corpus/word/clean/pdf/4de4ec481f_9e30446cea_accepted_tracking.pdf,4de4ec481fd43a8e33c751a6ba77e5a3a8ed3632afff6311b3423bc4bbdb34d3,e5e47a24a25aa15e4b789edb4495203fa3beab70f6864f11a4e06d775778f1ec
clean,clean__4e2622ab00_d7df3c54812c21c8a8cf88f1b1aca08b9709429bfbf6401b,corpus/word/clean/docx/4e2622ab00_d7df3c54812c21c8a8cf88f1b1aca08b9709429bfbf6401b.docx,corpus/word/clean/pdf/4e2622ab00_d7df3c54812c21c8a8cf88f1b1aca08b9709429bfbf6401b.pdf,4e2622ab00a03805d558ee2347d42b50ed10b99ec28675b5cda58481fa9bda70,77b4498adad353442ed1ce2ba3924fec6dfdfc83646bfba0471a87b961222623
clean,clean__52545bbf00_c6209bb293e3d902b2de2e9b20a2e0e29d2f82dd7dab17df,corpus/word/clean/docx/52545bbf00_c6209bb293e3d902b2de2e9b20a2e0e29d2f82dd7dab17df.docx,corpus/word/clean/pdf/52545bbf00_c6209bb293e3d902b2de2e9b20a2e0e29d2f82dd7dab17df.pdf,52545bbf000e97ca6a84faf952db4ed664df940c16ea760993c584f6d362e8ff,1236d75324a47c1a752b08af56d78cba087224d8a4d96667c341bea4ef3a765e
clean,clean__5396ca3671_helvetica_font_demo_style_default_missing,corpus/word/clean/docx/5396ca3671_helvetica_font_demo_style_default_missing.docx,corpus/word/clean/pdf/5396ca3671_helvetica_font_demo_style_default_missing.pdf,5396ca3671e1611a202571f33b6ac83368d6ac120823e113c7a3277983b01b6a,4459153bfdff47e793e198938e33b47ddc243e3df26de1f4b2f9f9dfd389b4c9
clean,clean__53acee0b15_5f0fed8e2a_accepted_tracking,corpus/word/clean/docx/53acee0b15_5f0fed8e2a_accepted_tracking.docx,corpus/word/clean/pdf/53acee0b15_5f0fed8e2a_accepted_tracking.pdf,53acee0b15695310990e685823f46c9f6f613835b95c23103a2a061cc014a897,dce0ce088b24b8fd64bd8753828f8f55d03298d89d0765c83f587b4c92ac40f3
clean,clean__5584d8ea29_file_122,corpus/word/clean/docx/5584d8ea29_file_122.docx,corpus/word/clean/pdf/5584d8ea29_file_122.pdf,5584d8ea290736b81c016fdefb8d880b9fa5889db706d4894e1b898f6eb850fd,ebef00b55905dcfaa57c9fe7d7cbd718727ef91546cc77e0f6ba5498026029cc
clean,clean__5674014cbb_file_186,corpus/word/clean/docx/5674014cbb_file_186.docx,corpus/word/clean/pdf/5674014cbb_file_186.pdf,5674014cbbedda8843da8571ded4a803a74278bb05dc33e3eb1e193f3fe3549a,7e7ea0e665f72fd5791a2498317e8ef36c815dbf9befffdfb827ff6512ec5912
clean,clean__56d80fab6a_justify_alignment_demo_id_paraid_overflow,corpus/word/clean/docx/56d80fab6a_justify_alignment_demo_id_paraid_overflow.docx,corpus/word/clean/pdf/56d80fab6a_justify_alignment_demo_id_paraid_overflow.pdf,56d80fab6ab4dce812df8ef816da76d99a03cbeed4c8844ed4158dd75b081936,a6f69a4aefa4c1852e4a148b66685302fc661d1f2e9e1e02ff7fe0e7e27283ed
clean,clean__5770da215a_0065c8734bc8a27255309fdcfd68b04992603f53b5dfc443,corpus/word/clean/docx/5770da215a_0065c8734bc8a27255309fdcfd68b04992603f53b5dfc443.docx,corpus/word/clean/pdf/5770da215a_0065c8734bc8a27255309fdcfd68b04992603f53b5dfc443.pdf,5770da215a5fb69e2f17f90949e099f72974c1b7a44557133640e3a609614220,64a8d2cd41ea545ac7154f22de4333b86a00f9700c63f11869498418586be2de
clean,clean__57dbc2463b_5fda2eccd82055b20583fbedb99369e4257f9f7aa8ed0986,corpus/word/clean/docx/57dbc2463b_5fda2eccd82055b20583fbedb99369e4257f9f7aa8ed0986.docx,corpus/word/clean/pdf/57dbc2463b_5fda2eccd82055b20583fbedb99369e4257f9f7aa8ed0986.pdf,57dbc2463b78ca22bed7cd968c5f3b429920cd5e66a8c193701876cc8b9a094c,6343d97dcd065065457991a1d1873388bddb02653c68bce264b7481cc713bfb2
clean,clean__58a23520d3_ea6cec4f88deb49a61a8dfe8c071976b697ef5e6b4e34668,corpus/word/clean/docx/58a23520d3_ea6cec4f88deb49a61a8dfe8c071976b697ef5e6b4e34668.docx,corpus/word/clean/pdf/58a23520d3_ea6cec4f88deb49a61a8dfe8c071976b697ef5e6b4e34668.pdf,58a23520d368fb34eb481738c6561729c193f1ecc071dd4ae3585f0c14ea66e9,6c4aa375b1217293580178f2ecad9ffb3f41e75d28a4d0eec9a3eb0d4e94c123
clean,clean__5900cc12ca_file_29,corpus/word/clean/docx/5900cc12ca_file_29.docx,corpus/word/clean/pdf/5900cc12ca_file_29.pdf,5900cc12ca90096eb6c9a80ff466ed21964289595ca9e595c469a05bea0fe40f,6034fe18a307ff24fe24215a14937ec8fb451f0b22bfed9aeb5fb410a5a0f97f
clean,clean__5a7af5153a_italic_underline_combined_demo_id_paraid_overflo,corpus/word/clean/docx/5a7af5153a_italic_underline_combined_demo_id_paraid_overflo.docx,corpus/word/clean/pdf/5a7af5153a_italic_underline_combined_demo_id_paraid_overflo.pdf,5a7af5153a4c0ef5cb3fb2aadbd5df114a09a32fdb5ed235ba2230fad8afb0c3,e98ac11e357d47ba2e43e211c02525904200994cc993b8e4973831b669160458
clean,clean__5d17fd43a9_complex_style_attr,corpus/word/clean/docx/5d17fd43a9_complex_style_attr.docx,corpus/word/clean/pdf/5d17fd43a9_complex_style_attr.pdf,5d17fd43a91266e7ba75f66695597b7cf134a26ee2e7c49775434361e230f1b0,feaa4e6a68fca1f3eccb1975fda9dbf0b8aebc533f3a3a3a590e0a134d7641c6
clean,clean__600b8ca5d7_training_materials_onboarding_program_suggesting,corpus/word/clean/docx/600b8ca5d7_training_materials_onboarding_program_suggesting.docx,corpus/word/clean/pdf/600b8ca5d7_training_materials_onboarding_program_suggesting.pdf,600b8ca5d7ca119d7fc255019fe2d60b76411a1eb9f535c689cb8391778e7cdf,984922ea51b7e9044e4bd68837ab9e27f81c2f097aca2ef69b814c440e5a2f71
clean,clean__622bdcf414_employee-directory_table_shaded-cell,corpus/word/clean/docx/622bdcf414_employee-directory_table_shaded-cell.docx,corpus/word/clean/pdf/622bdcf414_employee-directory_table_shaded-cell.pdf,622bdcf414c2282a50118a3f307cfa422a63bfc5eae92c07c999b6f2881ad1b1,09cb30162beedc2064af00f010e4fe5245d0d4e582f676edc45d2e981bb4d204
clean,clean__68fdec049c_docx_lots_of_comments,corpus/word/clean/docx/68fdec049c_docx_lots_of_comments.docx,corpus/word/clean/pdf/68fdec049c_docx_lots_of_comments.pdf,68fdec049cf3bb5fc4aea47752b03d9e6e3c31f2994c8d6937f23807e53afc6b,059da19a1d1f92e20a6de5dea210e71bff8fc9d907101281f12bb163867c515a
clean,clean__6a65e5219d_24_id_paraid_overflow,corpus/word/clean/docx/6a65e5219d_24_id_paraid_overflow.docx,corpus/word/clean/pdf/6a65e5219d_24_id_paraid_overflow.pdf,6a65e5219df6912a805dd11d030ef5fa8f2e9204afd32ec64793a46e66c96cd9,3dc0fad63671d561c97feeb4b2dd527a3bb2de329eb34930a96119fbd7774d57
clean,clean__6c2c8f1b79_4746195c006945f534b2c9ac444f038d071c9f4009b49e4a,corpus/word/clean/docx/6c2c8f1b79_4746195c006945f534b2c9ac444f038d071c9f4009b49e4a.docx,corpus/word/clean/pdf/6c2c8f1b79_4746195c006945f534b2c9ac444f038d071c9f4009b49e4a.pdf,6c2c8f1b798dad4f17a66632e43b62bc52834750ef5fdb6c68126c769a1b841c,0adf58c0db423bbca60540de59df423330660d33e7921306ad7d1b6ba59c0e99
clean,clean__6c78111f6f_blue_underline_combo_demo_id_paraid_overflow_bol,corpus/word/clean/docx/6c78111f6f_blue_underline_combo_demo_id_paraid_overflow_bol.docx,corpus/word/clean/pdf/6c78111f6f_blue_underline_combo_demo_id_paraid_overflow_bol.pdf,6c78111f6f0f37e642772f1c86b7259a6bcb3251a87e65eaddb50da3f504afeb,b55788f728539423461f77f6b384a010cdc52cb987826b36504d69a08f7edb44
clean,clean__6dd44440f0_001f2ebdc5ade1e9dcee529e0dfef9dbc65f2d3f473c2c6e,corpus/word/clean/docx/6dd44440f0_001f2ebdc5ade1e9dcee529e0dfef9dbc65f2d3f473c2c6e.docx,corpus/word/clean/pdf/6dd44440f0_001f2ebdc5ade1e9dcee529e0dfef9dbc65f2d3f473c2c6e.pdf,6dd44440f0bfab8ea338ffe2bb8314aa30d05479ac852e9b15c392f23d4beba9,bfcd1ab7288a603ec586a32888284af7bef8c1113a125f105d13b7863eb8ef42
clean,clean__6df7cf2688_strikethrough_text_formatting_demo_id_paraid_ove,corpus/word/clean/docx/6df7cf2688_strikethrough_text_formatting_demo_id_paraid_ove.docx,corpus/word/clean/pdf/6df7cf2688_strikethrough_text_formatting_demo_id_paraid_ove.pdf,6df7cf268869f5d25f466d639f0f0a201e6bfff050ea2678e62007844af6ed67,e8a0e5e6620cd752f91e1a26fa2505e3d3534c8483f5f7fcc0a9e1054ae021ec
clean,clean__6dff70fa73_005df9de4a11e9d5e0809079fe33b4783538a96e645d8b42,corpus/word/clean/docx/6dff70fa73_005df9de4a11e9d5e0809079fe33b4783538a96e645d8b42.docx,corpus/word/clean/pdf/6dff70fa73_005df9de4a11e9d5e0809079fe33b4783538a96e645d8b42.pdf,6dff70fa73b047fd13b07e286084f2c88afbbe85167bc5ffceed54d85769e735,04fe54b5844e07e2044ac102746d700e457951585b5a70bfdd04c28cb9c708ea
clean,clean__714cfd1648_b3e000423e_accepted_tracking,corpus/word/clean/docx/714cfd1648_b3e000423e_accepted_tracking.docx,corpus/word/clean/pdf/714cfd1648_b3e000423e_accepted_tracking.pdf,714cfd1648c2b986c7d29f8f030bb879cf8af39d4e3fe1f274790876b1697072,0033bc0614eb2ec9ec589b3af44d8193a9c65f58d0a9658b0710d32ecd5a4705
clean,clean__72956de30c_b6416f729015c6f0441e0f472adb6c4cba663dff0dd28d6b,corpus/word/clean/docx/72956de30c_b6416f729015c6f0441e0f472adb6c4cba663dff0dd28d6b.docx,corpus/word/clean/pdf/72956de30c_b6416f729015c6f0441e0f472adb6c4cba663dff0dd28d6b.pdf,72956de30c241418899691e9dd37c2783c3264a27342968e339fb37f6c3eaf74,898f92e3d0174a26bf730c346f31e409ecf45d1401f6fbdc6a24422d6f7bd307
clean,clean__76bcbe9b26_f00b7032aa_accepted_tracking,corpus/word/clean/docx/76bcbe9b26_f00b7032aa_accepted_tracking.docx,corpus/word/clean/pdf/76bcbe9b26_f00b7032aa_accepted_tracking.pdf,76bcbe9b261c88abdf22f3efc9ba65d2a9da076adc24387afa29695496acf143,e3246f234fb95f870cdbc8153b3e6f8e186353d06cd78a84a3e465e3d53c2f7a
clean,clean__7c31a68295_behavior__pageref_standalone_h_7b3ab72e,corpus/word/clean/docx/7c31a68295_behavior__pageref_standalone_h_7b3ab72e.docx,corpus/word/clean/pdf/7c31a68295_behavior__pageref_standalone_h_7b3ab72e.pdf,7c31a68295def038b461df2880d7f7005363e4281cfb4221437b9d6cb83b3dbf,c040efc8dfc9123b37c6a7c2fe559c1af51492d339ed0f805653e2b1917ae686
clean,clean__7cbc814bd0_01254bd7c9b378df5f85b98dcd9d84ea96fb6b7dab6c920c,corpus/word/clean/docx/7cbc814bd0_01254bd7c9b378df5f85b98dcd9d84ea96fb6b7dab6c920c.docx,corpus/word/clean/pdf/7cbc814bd0_01254bd7c9b378df5f85b98dcd9d84ea96fb6b7dab6c920c.pdf,7cbc814bd041f417264a869eade44dc1e7597c25848f7ad1f6cba1f465fd2b51,b56161a93a2ab16e1138d105a50569955289de605d9730fb8e86a833f5446c7f
clean,clean__80c61daaae_roboto_font_demo_id_paraid_overflow,corpus/word/clean/docx/80c61daaae_roboto_font_demo_id_paraid_overflow.docx,corpus/word/clean/pdf/80c61daaae_roboto_font_demo_id_paraid_overflow.pdf,80c61daaaed71b75a69c7be2c5c67ff8656cf8b675c578a33d1dad887da052d1,5b81adf10c9eedc44d0890c76a75de0b0613c0f26a056216ad19fdf7bf78c2f6
clean,clean__82928b2e05_heading_4_style_demo_id_paraid_overflow,corpus/word/clean/docx/82928b2e05_heading_4_style_demo_id_paraid_overflow.docx,corpus/word/clean/pdf/82928b2e05_heading_4_style_demo_id_paraid_overflow.pdf,82928b2e05fbcf66f1b4e98c43350747653f7526c561e208add22973f0127fba,e4b7058f1ea02bb23a57445a23b2f27f250e7315e8140dd045a329a976e6089a
clean,clean__834c9f9f35_file_57,corpus/word/clean/docx/834c9f9f35_file_57.docx,corpus/word/clean/pdf/834c9f9f35_file_57.pdf,834c9f9f35cb328065e56f4e6c7833ae7b54c8527e1858b5983b9d4461e524a2,3e8dbf02935fc329bf9027081c435eacfd692f36bb0db07980b7fbfde8bdc04d
clean,clean__8aa1ebfac8_0022795af6d293660914a50334635149388c3e919e91a704,corpus/word/clean/docx/8aa1ebfac8_0022795af6d293660914a50334635149388c3e919e91a704.docx,corpus/word/clean/pdf/8aa1ebfac8_0022795af6d293660914a50334635149388c3e919e91a704.pdf,8aa1ebfac8508f72bccf6c44ec9a8070c03a4991222c06e2ea2a3cf04591ad93,e82741d51e33e994f094055e9c9ee564aa3908dcc2769f5c78f644a480b1bba7
clean,clean__8b3bfdf247_calibri_bold_italic_demo_id_paraid_overflow,corpus/word/clean/docx/8b3bfdf247_calibri_bold_italic_demo_id_paraid_overflow.docx,corpus/word/clean/pdf/8b3bfdf247_calibri_bold_italic_demo_id_paraid_overflow.pdf,8b3bfdf247dd00e1143b4693fbef3b6bbce2d1e8f74e5f6ddd15d9bb60140d73,2f5d62fe9feea8b6575002efdf3c75dbd284a7ffde13b650f976161eca4f4ea7
clean,clean__8d793b3df9_8389849ea8c3fee8dacbb8135dd4ac68bf50809dba47953b,corpus/word/clean/docx/8d793b3df9_8389849ea8c3fee8dacbb8135dd4ac68bf50809dba47953b.docx,corpus/word/clean/pdf/8d793b3df9_8389849ea8c3fee8dacbb8135dd4ac68bf50809dba47953b.pdf,8d793b3df9ef72687a107e2cd6bde809f6ea6ccd0dea9d91a218efed5fa659ec,af8c99dc0ccc9bad95ad37b6d8447dae59af1e1637f2b91201c0ace8a3f401fe
clean,clean__8db63962d9_super_editor__fields_attrs2_fonts_ebd792fb,corpus/word/clean/docx/8db63962d9_super_editor__fields_attrs2_fonts_ebd792fb.docx,corpus/word/clean/pdf/8db63962d9_super_editor__fields_attrs2_fonts_ebd792fb.pdf,8db63962d9b0203bba5c557244349b75b9fa0743253ab161d9cb33cf483924d3,2818d11f980579daedd12bc0a1b6b96bbad18c11844081ac41a4947476cf5d24
clean,clean__8f53a13fd2_project_tasks_suggesting_insertions_2_project_ta,corpus/word/clean/docx/8f53a13fd2_project_tasks_suggesting_insertions_2_project_ta.docx,corpus/word/clean/pdf/8f53a13fd2_project_tasks_suggesting_insertions_2_project_ta.pdf,8f53a13fd2aa579ba4bad5ca978d3e72324d3fe4b4d996360bcb0512abde293c,72d5a897f6f7ac268a3c2f4ceebe57c8f57483ae6241a4bb6e27f616e23770e0
clean,clean__9277c88dfc_008033c9031ddbe6d77a54ce05c5b9f4809370e066edd183,corpus/word/clean/docx/9277c88dfc_008033c9031ddbe6d77a54ce05c5b9f4809370e066edd183.docx,corpus/word/clean/pdf/9277c88dfc_008033c9031ddbe6d77a54ce05c5b9f4809370e066edd183.pdf,9277c88dfce82d3dd20b410223f51158b154d615a9ace232e0365b616ecdd34c,9c97ffbdf3247f32aaa1ca9092adfa3304a2f8c9ffd6d58bb64b1016f7253d70
clean,clean__943e62959d_88646e9284c944b7dd39810ba5832dbf955c2892c6161f87,corpus/word/clean/docx/943e62959d_88646e9284c944b7dd39810ba5832dbf955c2892c6161f87.docx,corpus/word/clean/pdf/943e62959d_88646e9284c944b7dd39810ba5832dbf955c2892c6161f87.pdf,943e62959d92e6bfb5d1c2a6817d710b366ff90353fea01252de9b1b8c923779,f1c61428ac92d21962e6796ec2436f3b20c2bd939270d35aedb1cdd0e576cc7a
clean,clean__98c8b73841_0041d3944715c2fffc5929695f968e5f399e85b139fba063,corpus/word/clean/docx/98c8b73841_0041d3944715c2fffc5929695f968e5f399e85b139fba063.docx,corpus/word/clean/pdf/98c8b73841_0041d3944715c2fffc5929695f968e5f399e85b139fba063.pdf,98c8b738411a9bb344b3039c1cc31d5aa126fd918e2f78192a06768990eee6f5,41f7e554871df31c682d2c4228c24287661c29771f7d8d90dd4e96fbaed381aa
clean,clean__99c11b7d8e_f518c13245b2fdb7c69dc16a268913a43656a97451645fbe,corpus/word/clean/docx/99c11b7d8e_f518c13245b2fdb7c69dc16a268913a43656a97451645fbe.docx,corpus/word/clean/pdf/99c11b7d8e_f518c13245b2fdb7c69dc16a268913a43656a97451645fbe.pdf,99c11b7d8eaf71efb21cae0cf443f6ebed13de9a08137fe669e2a6bd91c164bc,d8015d98cfc4e5a462ddc030ab0399acf14a1fe3071272e900eac2f679633198
clean,clean__9a3be7c3ef_1abcbb169cc4860a783d2b17aec0bce05e00bd1a21d6383d,corpus/word/clean/docx/9a3be7c3ef_1abcbb169cc4860a783d2b17aec0bce05e00bd1a21d6383d.docx,corpus/word/clean/pdf/9a3be7c3ef_1abcbb169cc4860a783d2b17aec0bce05e00bd1a21d6383d.pdf,9a3be7c3ef5a02c414f0bdb120fed7f999259af68b27765f70d966cc517755a0,156b06bd7150e501a247138e34b88cc311a8689727b1317f537c54ba786e1b08
clean,clean__9afcac2667_track_changes_editing_strikethrough_id_paraid_ov,corpus/word/clean/docx/9afcac2667_track_changes_editing_strikethrough_id_paraid_ov.docx,corpus/word/clean/pdf/9afcac2667_track_changes_editing_strikethrough_id_paraid_ov.pdf,9afcac2667ce1601f7935aa0affc0993dfacc3efcd4111c4f5adfb454417779e,a186f859cc6b226721c031254d57ac28bdfcabac827c746d88059b52e9dfcf8a
clean,clean__9dae9e9b72_000791b1b7deeceae0aa74c4622c158acece69ace93f2b38,corpus/word/clean/docx/9dae9e9b72_000791b1b7deeceae0aa74c4622c158acece69ace93f2b38.docx,corpus/word/clean/pdf/9dae9e9b72_000791b1b7deeceae0aa74c4622c158acece69ace93f2b38.pdf,9dae9e9b725715f6d84193104ee785a8fd256b927225598a7720b0422a38e80a,874cb9ced04bcac54ba9fa0a5e3d6e60b6daba9dca01b5285800bf7106110dd2
clean,clean__a07a7e0dbd_numbered_list_demo_id_paraid_overflow_numbered_l,corpus/word/clean/docx/a07a7e0dbd_numbered_list_demo_id_paraid_overflow_numbered_l.docx,corpus/word/clean/pdf/a07a7e0dbd_numbered_list_demo_id_paraid_overflow_numbered_l.pdf,a07a7e0dbd78fa432d5ae3926534d6f01e7489df83a6dd95ce6174e52b0a280b,860a82a27d9d058ab7c11b9cf89fdab541fd9318bb60c90e9d7164d81c9a1cdc
clean,clean__a4642f7f90_mcdoc,corpus/word/clean/docx/a4642f7f90_mcdoc.docx,corpus/word/clean/pdf/a4642f7f90_mcdoc.pdf,a4642f7f9006ee318439e53deb2635e62dc82551c1b6ad003fc3fdf0eba11c59,74ec850a772243aacc88339625b60987cdcfd64bb042c50c24377ab2393ea91c
clean,clean__acce1b593c_4bb73d9addf1f02e3a2132dcd33a8feb4dfcbe076d43bb0f,corpus/word/clean/docx/acce1b593c_4bb73d9addf1f02e3a2132dcd33a8feb4dfcbe076d43bb0f.docx,corpus/word/clean/pdf/acce1b593c_4bb73d9addf1f02e3a2132dcd33a8feb4dfcbe076d43bb0f.pdf,acce1b593cbd3c9f468a3ca110105af5867c47e14cf094a9cda3deebfc0648f8,02051fb48da5939e740a244ac73204b42b196a896b5484c6a369cf2023ee0469
clean,clean__b0010cc041_2a068b16e5_rejected_tracking,corpus/word/clean/docx/b0010cc041_2a068b16e5_rejected_tracking.docx,corpus/word/clean/pdf/b0010cc041_2a068b16e5_rejected_tracking.pdf,b0010cc04132ba872e47f1fc2049588c99f3a939aed887d26d30b4eccdd3d64c,c178fce9c8b6680829f3ee5d130137f4346faffd226cfcd60f5771b080f5aff0
clean,clean__b1f84b92c7_003dd4974eda43f0c2d975276da3920fc151b012531ca4a4,corpus/word/clean/docx/b1f84b92c7_003dd4974eda43f0c2d975276da3920fc151b012531ca4a4.docx,corpus/word/clean/pdf/b1f84b92c7_003dd4974eda43f0c2d975276da3920fc151b012531ca4a4.pdf,b1f84b92c74e475c6506584b7b3b55a54c44a1e4d3e2181766c1b99679cbec41,2747e15fbe0b5008d8f19957acead0dbe4e6b9917e69b5f5eb56533c7dae7006
clean,clean__b3869d974a_file_158,corpus/word/clean/docx/b3869d974a_file_158.docx,corpus/word/clean/pdf/b3869d974a_file_158.pdf,b3869d974a71cbce211efa050e08375997635f17f97d50ec44aa4e252d857251,b3d6e427f855aadc53c377ae07d6421ba13f2e592163004042beb8b8d02cde4f
clean,clean__b4b7c76ecd_font_family_demo_id_paraid_overflow,corpus/word/clean/docx/b4b7c76ecd_font_family_demo_id_paraid_overflow.docx,corpus/word/clean/pdf/b4b7c76ecd_font_family_demo_id_paraid_overflow.pdf,b4b7c76ecdced4509849588226fdb0d4a69a3f0f790b1a41b0c5d310aa1dae1f,b97110086e8dded7e4b95a0ff98d632937e8902271a48a19ee287f8b4ab1ac93
clean,clean__b54f749123_369705862a264e4be962e05314dd3442d40d540e5bcee581,corpus/word/clean/docx/b54f749123_369705862a264e4be962e05314dd3442d40d540e5bcee581.docx,corpus/word/clean/pdf/b54f749123_369705862a264e4be962e05314dd3442d40d540e5bcee581.pdf,b54f7491230dcb793082a060f7486bea68bab17cf311418468471de4e0f49a53,5415b1c0a134fc08fde0d9489968083ebfddf2ab7ba63733dbc9d206f9983efc
clean,clean__ba1aee241d_8188f7e816bdc720b890d63a61edf27ac0ba092a5578dd2f,corpus/word/clean/docx/ba1aee241d_8188f7e816bdc720b890d63a61edf27ac0ba092a5578dd2f.docx,corpus/word/clean/pdf/ba1aee241d_8188f7e816bdc720b890d63a61edf27ac0ba092a5578dd2f.pdf,ba1aee241d6917439c87765c60bd35929fe61a8268bc0359056e0ffcc2351e5c,b2d61d13224216457c7d18c4d8b7abddb7dd1af5035ead4864a749ade98dba01
clean,clean__bb7d7ca374_44325609d4be3b0e6299cdbd606242aab96b8e4abba544e0,corpus/word/clean/docx/bb7d7ca374_44325609d4be3b0e6299cdbd606242aab96b8e4abba544e0.docx,corpus/word/clean/pdf/bb7d7ca374_44325609d4be3b0e6299cdbd606242aab96b8e4abba544e0.pdf,bb7d7ca374db317f5c685eeb624a7e6892eaced5b39675cc45949dae2baaa4be,43cf3beb372ed9b4f75d8d5d96b6068f67d7b735c264b9fc2290608460960192
clean,clean__bc84476b28_0008bdffdfe9b23070920bd2a4e5608bed33c221ea3d93e5,corpus/word/clean/docx/bc84476b28_0008bdffdfe9b23070920bd2a4e5608bed33c221ea3d93e5.docx,corpus/word/clean/pdf/bc84476b28_0008bdffdfe9b23070920bd2a4e5608bed33c221ea3d93e5.pdf,bc84476b28152a03284f1c867c8b1d361a471c0fdc663db5033cea0e9fd94894,88b68e764e3fddaebd46a2c465dbe24a3899d3d9b1dd76d7d19025f42bf0391d
clean,clean__bd386ff044_51ae5a28375c271d1238bf671ece74421eb9ccf840ccf5af,corpus/word/clean/docx/bd386ff044_51ae5a28375c271d1238bf671ece74421eb9ccf840ccf5af.docx,corpus/word/clean/pdf/bd386ff044_51ae5a28375c271d1238bf671ece74421eb9ccf840ccf5af.pdf,bd386ff0447711c1dc489449343d6da91d13f15cfd18223028121d1e5cb84d8d,ecfe873d35deca148620f2bb53c6eea9a5630f000023ecfddd8962b18713606e
clean,clean__c27a450e5c_002379f73df8fdcf3e5962d717de4e8dc62d08dd08218ef5,corpus/word/clean/docx/c27a450e5c_002379f73df8fdcf3e5962d717de4e8dc62d08dd08218ef5.docx,corpus/word/clean/pdf/c27a450e5c_002379f73df8fdcf3e5962d717de4e8dc62d08dd08218ef5.pdf,c27a450e5c7cb9e56bb93ea0489979afca3a99fadbe929676a60b3e923fe8b8c,0512fe852d4194065c1b7ed418011d702130e070f6454b42f3f39eedf2447bc7
clean,clean__c498e8c52c_super_editor__contract_acc_bbd983a0,corpus/word/clean/docx/c498e8c52c_super_editor__contract_acc_bbd983a0.docx,corpus/word/clean/pdf/c498e8c52c_super_editor__contract_acc_bbd983a0.pdf,c498e8c52cb8292c37a830891dcaf8f516d71eb18eed5497b29a8fcb5386d966,93642972e7c04240b799a42166b00e5f4ee5aac87d63e1fbd466c35c4fb295c7
clean,clean__c52c06ab28_superscript_demo_id_paraid_overflow,corpus/word/clean/docx/c52c06ab28_superscript_demo_id_paraid_overflow.docx,corpus/word/clean/pdf/c52c06ab28_superscript_demo_id_paraid_overflow.pdf,c52c06ab2880c29e596e9d34a7d7344002631591f8291b28ac81fbca74a59739,a03b5521babff7a5af122163ab1ddee2728ea4213742842c4c43a3dff66bf724
clean,clean__c54c269d79_file_131,corpus/word/clean/docx/c54c269d79_file_131.docx,corpus/word/clean/pdf/c54c269d79_file_131.pdf,c54c269d79990a3ad37d1432ca65faca19c2310aa5fb2860af5efa976a040334,e9efefee40cf9c5453f8e652afdc09e3eda9a32a6babafae7e53618a8ebc4f28
clean,clean__c75371d0b0_000ea1e1ecd5b5c62e197ea9be9d62b2d5f8ae4625530f1d,corpus/word/clean/docx/c75371d0b0_000ea1e1ecd5b5c62e197ea9be9d62b2d5f8ae4625530f1d.docx,corpus/word/clean/pdf/c75371d0b0_000ea1e1ecd5b5c62e197ea9be9d62b2d5f8ae4625530f1d.pdf,c75371d0b061b99e52cf3d2d35514c6bcfd8a5583053bf01eac6df6a6ff3f1e2,0ec0465cb40125d685870fc08f88e63bc9591b8e1bf5cf77cc02ca7027750d03
clean,clean__c7f95cb37a_0192c1b380b2699613b4c4047b248e03a3748ad4682226f2,corpus/word/clean/docx/c7f95cb37a_0192c1b380b2699613b4c4047b248e03a3748ad4682226f2.docx,corpus/word/clean/pdf/c7f95cb37a_0192c1b380b2699613b4c4047b248e03a3748ad4682226f2.pdf,c7f95cb37a98e617ff70deae1a76bbeae2d62c4f00912d4ab3d6ef2b205a1d3f,21e575f2224ea381d2d486bb41120a5b332a4a72b025eca5192c7815b8119a7b
clean,clean__c934a90fba_ceb60fdd4393406b78e51cb3aae7fde107a93a9e5eb97197,corpus/word/clean/docx/c934a90fba_ceb60fdd4393406b78e51cb3aae7fde107a93a9e5eb97197.docx,corpus/word/clean/pdf/c934a90fba_ceb60fdd4393406b78e51cb3aae7fde107a93a9e5eb97197.pdf,c934a90fba86417e178ca1a03c84f0f6213bd0fefc4669a9ed2717ec0c860041,be994c7dbd1c3bc6f63c936db92dca7606d59df60b3e73a5e73f360bd66dddbb
clean,clean__c9d39a9243_001ce9d4efcac4daa836dfdca53f293fbebf37750dd9337c,corpus/word/clean/docx/c9d39a9243_001ce9d4efcac4daa836dfdca53f293fbebf37750dd9337c.docx,corpus/word/clean/pdf/c9d39a9243_001ce9d4efcac4daa836dfdca53f293fbebf37750dd9337c.pdf,c9d39a9243ae33ac2466c615df017f79651d4fe1da53ea6602b60569066f3a12,29c2da65c591005fed9b8dfd831b1326a0c3f48cb47aea0fed8b5e9b2d4e330d
clean,clean__cc93934fd8_0116565f1fe1e7aaae2f11b7ed6af4bd782d9e5282ce0185,corpus/word/clean/docx/cc93934fd8_0116565f1fe1e7aaae2f11b7ed6af4bd782d9e5282ce0185.docx,corpus/word/clean/pdf/cc93934fd8_0116565f1fe1e7aaae2f11b7ed6af4bd782d9e5282ce0185.pdf,cc93934fd82102872b1f64d48b2d17a48fac2c02a296cc16251fc7677a432836,8cd0ed045b11927de2addc47e9ca52516418c7639c5023da850091a37abff661
clean,clean__ce8491a639_845b0a2405a186d07d9148b63a3ce3f2e6f4a1591c73daa0,corpus/word/clean/docx/ce8491a639_845b0a2405a186d07d9148b63a3ce3f2e6f4a1591c73daa0.docx,corpus/word/clean/pdf/ce8491a639_845b0a2405a186d07d9148b63a3ce3f2e6f4a1591c73daa0.pdf,ce8491a63928348a5cbb6a3f01c39804661bc4c9c2eaa4879e70ff3d7d35c24d,5a8e7813e2277b28369e66275d53346cac40bbc19b43619b959fc90001c4f809
clean,clean__cf50dbaf9b_strikethrough_bold_demo_id_paraid_overflow_strik,corpus/word/clean/docx/cf50dbaf9b_strikethrough_bold_demo_id_paraid_overflow_strik.docx,corpus/word/clean/pdf/cf50dbaf9b_strikethrough_bold_demo_id_paraid_overflow_strik.pdf,cf50dbaf9b57f793d0af1e3d36dc01e9e4406b59675bb14c0fcc127931fb9082,adea0fd4e2d7a582bd341f8f33c9657feec1b458c0331e97a07b46a48c005ad2
clean,clean__cf58803a5b_q1_sales_summary_table_quarterly_performance_rep,corpus/word/clean/docx/cf58803a5b_q1_sales_summary_table_quarterly_performance_rep.docx,corpus/word/clean/pdf/cf58803a5b_q1_sales_summary_table_quarterly_performance_rep.pdf,cf58803a5b74f8144605bde69e30edfd8a3affacec99cae8119013845e67ee31,608a81836310c13e782c11d74bbc9df996131021b588bb808847a14c4f5eb016
clean,clean__d06f02170c_914a656a272c07020597a26de1146332b876882074314111,corpus/word/clean/docx/d06f02170c_914a656a272c07020597a26de1146332b876882074314111.docx,corpus/word/clean/pdf/d06f02170c_914a656a272c07020597a26de1146332b876882074314111.pdf,d06f02170ca2a95254c391a1413d0adc2b88b651d732b327c90acc1cbaeac5e1,dd30a8dd93f3905ef5cc66aa02f196bf58c0eb0b19893469ca0ec50c9ef3844c
clean,clean__d36e22a134_bold_underline_highlight_demo_id_paraid_overflow,corpus/word/clean/docx/d36e22a134_bold_underline_highlight_demo_id_paraid_overflow.docx,corpus/word/clean/pdf/d36e22a134_bold_underline_highlight_demo_id_paraid_overflow.pdf,d36e22a1340c276937fd8ff022e8eeeee7643d5f257d05157785e93d1804abe3,fe05f955ec703f5d4a5e771542a48c6cbbd833791aef5c8cb04c82ea17e2bd75
clean,clean__d560bc7296_header_no_rels,corpus/word/clean/docx/d560bc7296_header_no_rels.docx,corpus/word/clean/pdf/d560bc7296_header_no_rels.pdf,d560bc7296e1cb337fe3fbcb2cd983f0a1171bc54ffd0f4a077ed184c87282fc,a658d244e7c1e976e517a75ce6e7de5a90caa7b3409439000e58a087a3299357
clean,clean__d7ff479cb7_ce433a28fb_accepted_tracking,corpus/word/clean/docx/d7ff479cb7_ce433a28fb_accepted_tracking.docx,corpus/word/clean/pdf/d7ff479cb7_ce433a28fb_accepted_tracking.pdf,d7ff479cb771765e864f4de7abe064896f2fd6822b1887939d5a8ff84c3b42a9,a19bba72bbfecabb3ab36db687fc8f98a8816002e785f6860cf78cc253d5387c
clean,clean__d8a845238d_56a26572796fbc6d2df49d9b938ef980a763b004e1afff57,corpus/word/clean/docx/d8a845238d_56a26572796fbc6d2df49d9b938ef980a763b004e1afff57.docx,corpus/word/clean/pdf/d8a845238d_56a26572796fbc6d2df49d9b938ef980a763b004e1afff57.pdf,d8a845238d42c0cd7f47c1504f5969d7c73d65e99a279b14da6f24e2190265e8,a06e224eb49dd4e73dd33060a144157ea924bb4f98f77f861dc76eb7db80dfc7
clean,clean__db5a90d753_1c521aea2a77a591a11c9fa7ed352309eb5bcdfb978a80cb,corpus/word/clean/docx/db5a90d753_1c521aea2a77a591a11c9fa7ed352309eb5bcdfb978a80cb.docx,corpus/word/clean/pdf/db5a90d753_1c521aea2a77a591a11c9fa7ed352309eb5bcdfb978a80cb.pdf,db5a90d7538b467c74dc42b97047b54b58123a391a21c9017aa98b3a8b9d4f76,ef48db066e8c7b32ca73810b3e129e5680677e7f51c2e8dd253a9bc65b9b6ef4
clean,clean__dd9c48af48_2239b06c2a4d399cef8befe79b1fbea969cac79f1f994a24,corpus/word/clean/docx/dd9c48af48_2239b06c2a4d399cef8befe79b1fbea969cac79f1f994a24.docx,corpus/word/clean/pdf/dd9c48af48_2239b06c2a4d399cef8befe79b1fbea969cac79f1f994a24.pdf,dd9c48af48225878bd79a80adfca9176b9f87c3329c05f56368e5dc800c4a722,0d9a6a4e6a7942f5c2e6aefea8c6add438bcd75ec163de49c2d05bd618a005cb
clean,clean__dead097f08_0021132515efd99e444680de3ff6ff1edd71f99599e8d18a,corpus/word/clean/docx/dead097f08_0021132515efd99e444680de3ff6ff1edd71f99599e8d18a.docx,corpus/word/clean/pdf/dead097f08_0021132515efd99e444680de3ff6ff1edd71f99599e8d18a.pdf,dead097f08f0851bba0201953fbb32e47d6b2b3c36db1ce240123801e6938c85,6495105f5c1b9e4230e3d3fa63ea9f7d48d7fcf82c200f344d01f17e67af8bc9
clean,clean__df3c3e7c40_behavior__math_func_tests_0434dd11,corpus/word/clean/docx/df3c3e7c40_behavior__math_func_tests_0434dd11.docx,corpus/word/clean/pdf/df3c3e7c40_behavior__math_func_tests_0434dd11.pdf,df3c3e7c4037f6428fee6544dfedd3e69e45e5e7fc508086d328242e8977055a,65d0e83629e2b137634c10ec713cfbda16ad8cef8acf48978b345810fb41aaae
clean,clean__e0c027b1ca_meeting_agenda_table,corpus/word/clean/docx/e0c027b1ca_meeting_agenda_table.docx,corpus/word/clean/pdf/e0c027b1ca_meeting_agenda_table.pdf,e0c027b1cac2c84a75374b563665485b40fe3dc6cd9d265d3f0aa512f371b339,c38c1ed82b9a8ebd8f0395a987c813d70b1515922d3edef66aa0d523dd80638e
clean,clean__e1dd42f945_003263d30b780ee97d1ca97759c1b2c9ad209bea97aa64c5,corpus/word/clean/docx/e1dd42f945_003263d30b780ee97d1ca97759c1b2c9ad209bea97aa64c5.docx,corpus/word/clean/pdf/e1dd42f945_003263d30b780ee97d1ca97759c1b2c9ad209bea97aa64c5.pdf,e1dd42f945f728c7fbe069cd627c4bcf9566dc48a1c8be3fcf4eb74c975c9162,59ab36885eff746f91ed411e20eb019f153732db5ddfa0013d2ee0d4dea265b5
clean,clean__e33fe5195e_39e6a7fc140be9556ffd3722005fce7d9d04970dee1dc785,corpus/word/clean/docx/e33fe5195e_39e6a7fc140be9556ffd3722005fce7d9d04970dee1dc785.docx,corpus/word/clean/pdf/e33fe5195e_39e6a7fc140be9556ffd3722005fce7d9d04970dee1dc785.pdf,e33fe5195e2129bca9e0441b54881b99cb7c57995f8ab5308463dc14acd858d2,e1c119c4b9e90008f46abce90b924c5dca0ea7603b6c3799655904021ee4026e
clean,clean__e4d7ce3bd9_007a42f2faa8a051057c5dd3d91e388303765ea38b514333,corpus/word/clean/docx/e4d7ce3bd9_007a42f2faa8a051057c5dd3d91e388303765ea38b514333.docx,corpus/word/clean/pdf/e4d7ce3bd9_007a42f2faa8a051057c5dd3d91e388303765ea38b514333.pdf,e4d7ce3bd9997ba139e905b5df46f8ae62b1d59c1b24768c924b92bbd3a45015,e9dabd36b7ddae640a7df0ae5a0fb162747b93d324d85c4c3ed0b04c8341db86
clean,clean__e844ea2053_evals__table_doc_4d728d83,corpus/word/clean/docx/e844ea2053_evals__table_doc_4d728d83.docx,corpus/word/clean/pdf/e844ea2053_evals__table_doc_4d728d83.pdf,e844ea2053e6c59a6685834b5c901ac9fba472e925337b59e46e746fbde36d35,7a087cd60678ef86884f9c27821892811fda7e71f78a18e8e1fd9fd2270b4be0
clean,clean__e86f9cd116_00080142f14c78ec51285913eec793f00a73693d65b070ba,corpus/word/clean/docx/e86f9cd116_00080142f14c78ec51285913eec793f00a73693d65b070ba.docx,corpus/word/clean/pdf/e86f9cd116_00080142f14c78ec51285913eec793f00a73693d65b070ba.pdf,e86f9cd116dc35bced3b4e32188e44a84567c148177b483485df41a330b09e0e,45fb21fa5aa8935268feaa1eab785190feb092660226ad52c0285bde00b5e496
clean,clean__e937906728_4ce0fcc29773b57d731ea2cf74f00cea1765facf87c314e3,corpus/word/clean/docx/e937906728_4ce0fcc29773b57d731ea2cf74f00cea1765facf87c314e3.docx,corpus/word/clean/pdf/e937906728_4ce0fcc29773b57d731ea2cf74f00cea1765facf87c314e3.pdf,e9379067285c87cdb4f398376d24cff007ade4498634b654d0ddf588fb04baaa,a9831edbb6f580293e6f97e7ff52bdae640959adf7f94f9f76ee543baa68d10c
clean,clean__e981302151_0072d3b39f5edc624c79b5aa821d0e936fbae032f4b49990,corpus/word/clean/docx/e981302151_0072d3b39f5edc624c79b5aa821d0e936fbae032f4b49990.docx,corpus/word/clean/pdf/e981302151_0072d3b39f5edc624c79b5aa821d0e936fbae032f4b49990.pdf,e981302151b84e80ff106686db9201b68bf6323dcdb15ff9ed3ef470ddaf2053,b5f8496414fe2557f22cad139d20ac1aaabf129f67d1c255a59d592e731308a9
clean,clean__ea63b1e6ab_08648d2f8645b144ab3a2701f5f63a1b7b60d23e9bc651bb,corpus/word/clean/docx/ea63b1e6ab_08648d2f8645b144ab3a2701f5f63a1b7b60d23e9bc651bb.docx,corpus/word/clean/pdf/ea63b1e6ab_08648d2f8645b144ab3a2701f5f63a1b7b60d23e9bc651bb.pdf,ea63b1e6ab1352e4ebf497e14ca67b51c694c639dd7e21b34873e42b01628e26,142a66f0e726f631ed69621b2739d441324e5733b03ceae1ab54adf83be223db
clean,clean__eb82ad6df1_heading_1_bold_demo_id_paraid_overflow,corpus/word/clean/docx/eb82ad6df1_heading_1_bold_demo_id_paraid_overflow.docx,corpus/word/clean/pdf/eb82ad6df1_heading_1_bold_demo_id_paraid_overflow.pdf,eb82ad6df1720fccba51002bf445fa78500af5d41884417b8f27b918d5d05fef,cb3dced592b0574f75420546d9ee8c707f15b093e6f26be503f0af812111ae9c
clean,clean__ee5340ce7b_eb4037d30b4ce8e20b38c3fe9dc5cd26497403eaf48a0720,corpus/word/clean/docx/ee5340ce7b_eb4037d30b4ce8e20b38c3fe9dc5cd26497403eaf48a0720.docx,corpus/word/clean/pdf/ee5340ce7b_eb4037d30b4ce8e20b38c3fe9dc5cd26497403eaf48a0720.pdf,ee5340ce7b907ae854f09358ff887dc7733b991f101e1bdab1cbd4a2d80b2c19,bba1e921dea6133b537f4340d563dbda75018053b5506678bff75f5ca5395e73
clean,clean__eeddb2747d_title_style_demo_id_paraid_overflow_title_style,corpus/word/clean/docx/eeddb2747d_title_style_demo_id_paraid_overflow_title_style.docx,corpus/word/clean/pdf/eeddb2747d_title_style_demo_id_paraid_overflow_title_style.pdf,eeddb2747da1a0431b830d9f9e42d3c8e33c83aba40c56c43113e4d9a4e0f650,635b5eae0679117b80029b6834be28734e7f38ee45426b0272afe05a8a37c902
clean,clean__ef7218d9e8_001893584bf94ff30c98db48cb8a0ea0ea5abc048f3e1a4d,corpus/word/clean/docx/ef7218d9e8_001893584bf94ff30c98db48cb8a0ea0ea5abc048f3e1a4d.docx,corpus/word/clean/pdf/ef7218d9e8_001893584bf94ff30c98db48cb8a0ea0ea5abc048f3e1a4d.pdf,ef7218d9e80c55d1a068b54c38bbe7976038847ba627f9582d7675a27aa65be1,31d54060f971e244caf9d80d3db78481e7df8946c4f615fc57684b7ce645acdb
clean,clean__efc741a309_54597f58809936a0ba00d752365cc0f1f4ccbe8b9fba0d3a,corpus/word/clean/docx/efc741a309_54597f58809936a0ba00d752365cc0f1f4ccbe8b9fba0d3a.docx,corpus/word/clean/pdf/efc741a309_54597f58809936a0ba00d752365cc0f1f4ccbe8b9fba0d3a.pdf,efc741a30942bafbeb7882e64d8d76e5ab44a494edbd91848b3d487c457d787d,0f47df86525a06aab5e7a594d6a305d406e398d9300c543e3f7af0733f1beace
clean,clean__f235c0d3f7_ad2add2aad4f07a8bab66ba9df06bac74d5dd077c6809d37,corpus/word/clean/docx/f235c0d3f7_ad2add2aad4f07a8bab66ba9df06bac74d5dd077c6809d37.docx,corpus/word/clean/pdf/f235c0d3f7_ad2add2aad4f07a8bab66ba9df06bac74d5dd077c6809d37.pdf,f235c0d3f7e443ac27ceb7fbbebfa318bd822a56514e2b88bfba2d33157025ee,da2aca4cd03cff836c4ab87d0ef3f182008b60295c8384d99f63252787179e86
clean,clean__f435895080_f9a3b083d2ff2dd000f4daded647d16c9e0e8c466544c7ea,corpus/word/clean/docx/f435895080_f9a3b083d2ff2dd000f4daded647d16c9e0e8c466544c7ea.docx,corpus/word/clean/pdf/f435895080_f9a3b083d2ff2dd000f4daded647d16c9e0e8c466544c7ea.pdf,f43589508059be4af48097035b27da1c1e65c536eeb0c446c7b87f8ef98174d4,7a7b959892f8d0f181e9464a711f5e3bce8666870a1bb82af140a98d300e3504
clean,clean__f5bac425cd_word_tolerated_broken_media_rel,corpus/word/clean/docx/f5bac425cd_word_tolerated_broken_media_rel.docx,corpus/word/clean/pdf/f5bac425cd_word_tolerated_broken_media_rel.pdf,f5bac425cd3e0bf8d3934f1ffe0eeedd4b566d9fd7226fb29c6d9f8f91225141,34b5dc297932962f03ee140bbc198fe8077da31a282f28ce6ad0b105dddd95ea
clean,clean__f66a507ae8_0134526be26a9196c45fd5568e234a362a36131d78a43e69,corpus/word/clean/docx/f66a507ae8_0134526be26a9196c45fd5568e234a362a36131d78a43e69.docx,corpus/word/clean/pdf/f66a507ae8_0134526be26a9196c45fd5568e234a362a36131d78a43e69.pdf,f66a507ae89bc5cfe3f9a7458ab1c858b6e0884b6d0eb69d150a8eac0ed557bd,4b8a1a0ed1ba2d3c94d4ec22857c3e3829b780e6ad0e641e0872cfc79addf7c8
clean,clean__f8d6c495b6_font_color_blue_demo_style_default_missing_font,corpus/word/clean/docx/f8d6c495b6_font_color_blue_demo_style_default_missing_font.docx,corpus/word/clean/pdf/f8d6c495b6_font_color_blue_demo_style_default_missing_font.pdf,f8d6c495b6cf9c1f04b7e91871d48e0a3db9f0d569af106f9b9fbd7d5a0a46b5,3e0cdea92d96c263deaf7b6a72a6724b454b42528e5d4f7aa10047ff14ba5921
clean,clean__f94aeed5f5_001f4e98e9744f89b6f26b3741cb6439f8131bf89659230e,corpus/word/clean/docx/f94aeed5f5_001f4e98e9744f89b6f26b3741cb6439f8131bf89659230e.docx,corpus/word/clean/pdf/f94aeed5f5_001f4e98e9744f89b6f26b3741cb6439f8131bf89659230e.pdf,f94aeed5f5eddbec052136670e0a9933761050aba2c272606ee108bc788d775f,dbdea1959c45a19f1cadb5b6aaeda29db39e28a1eddb08e0f7592e13594dfe90
clean,clean__fae8c0ee47_175ba7505f5edd149961c1898abc05deaaaf4ce91090ef50,corpus/word/clean/docx/fae8c0ee47_175ba7505f5edd149961c1898abc05deaaaf4ce91090ef50.docx,corpus/word/clean/pdf/fae8c0ee47_175ba7505f5edd149961c1898abc05deaaaf4ce91090ef50.pdf,fae8c0ee470739178ada816b7dc183c79b2006a3c32e2e0e7f73f5d14a8be430,e79b7bdbc9235d1b691ee6ee98eebb88025f0ec12efc5acf55354ac3108c6637
clean,clean__fba040ceb5_822f13252f95988184e7649eef5602a140d69cd09436e59b,corpus/word/clean/docx/fba040ceb5_822f13252f95988184e7649eef5602a140d69cd09436e59b.docx,corpus/word/clean/pdf/fba040ceb5_822f13252f95988184e7649eef5602a140d69cd09436e59b.pdf,fba040ceb55acdf0056ffb3538866b331e0d5bc4a51fadf504b0c7c19ebd35d5,867067848f030b5722243c11ca0a76d1f5de702f365ff5a450c5e0c1a419faf1
clean,clean__fd1d891f44_file_98,corpus/word/clean/docx/fd1d891f44_file_98.docx,corpus/word/clean/pdf/fd1d891f44_file_98.pdf,fd1d891f44554227283b7d967f81139a8f1245d0d09cbf5ecd384625690ad758,ad6a56ef09fbec5840f42a2cc2173fc423d5085d0f654e99602da413eeef8e4c
clean,clean__fd6cfa9d8f_00df97e7f4171f47a3dc31ff76a0d50177e2bd8a01e080a9,corpus/word/clean/docx/fd6cfa9d8f_00df97e7f4171f47a3dc31ff76a0d50177e2bd8a01e080a9.docx,corpus/word/clean/pdf/fd6cfa9d8f_00df97e7f4171f47a3dc31ff76a0d50177e2bd8a01e080a9.pdf,fd6cfa9d8f7b5c4f9f15076ebb5a1603e65280aa963af538d8cf80a872932103,c92b7a67f65398b7b822093783abf7e8484d8fd0ea574a1efdc76e0a040d803c
tracking_without_comments,tracking_without_comments__0048ba31dd_000be19a055234f8e79ec0baadc41d2a49050b2ea0a60654__vs__bd3824dd1e_000ee64ef7226d353297888f59a251e24ce5d776fea000fa_redline_f852ffac2f,corpus/word/tracking_without_comments/docx/0048ba31dd_000be19a055234f8e79ec0baadc41d2a49050b2ea0a60654__vs__bd3824dd1e_000ee64ef7226d353297888f59a251e24ce5d776fea000fa_redline_f852ffac2f.docx,corpus/word/tracking_without_comments/pdf/0048ba31dd_000be19a055234f8e79ec0baadc41d2a49050b2ea0a60654__vs__bd3824dd1e_000ee64ef7226d353297888f59a251e24ce5d776fea000fa_redline_f852ffac2f.pdf,f852ffac2f3c7807c7bb1baa92262622456f898f613889473ae0b3eca855c533,9ee13c73f4ba7be6d38fee08fbf4fe3ddf8c0fc73ecef582739c5784e1cae379
tracking_without_comments,tracking_without_comments__00da16e738_heading_4_style_demo_id_paraid_overflow_2__vs__82928b2e05_heading_4_style_demo_id_paraid_overflow_redline_9ec4fe3616,corpus/word/tracking_without_comments/docx/00da16e738_heading_4_style_demo_id_paraid_overflow_2__vs__82928b2e05_heading_4_style_demo_id_paraid_overflow_redline_9ec4fe3616.docx,corpus/word/tracking_without_comments/pdf/00da16e738_heading_4_style_demo_id_paraid_overflow_2__vs__82928b2e05_heading_4_style_demo_id_paraid_overflow_redline_9ec4fe3616.pdf,9ec4fe3616491595ef570c78c60097b1631e8ea9341ca988fab288382051a396,e8bcd8733d728c1724030c2f58954867a32746518e36338a7cfbc4f59412f3db
tracking_without_comments,tracking_without_comments__00f467c010_0008753aa70a6a7b929aa1958001da41574c2d407e5b9863__vs__deff0e697a_00b5defcad6e58038eac35472a2d48c89905068e5ece0cc3_redline_4d1ffaf0a1,corpus/word/tracking_without_comments/docx/00f467c010_0008753aa70a6a7b929aa1958001da41574c2d407e5b9863__vs__deff0e697a_00b5defcad6e58038eac35472a2d48c89905068e5ece0cc3_redline_4d1ffaf0a1.docx,corpus/word/tracking_without_comments/pdf/00f467c010_0008753aa70a6a7b929aa1958001da41574c2d407e5b9863__vs__deff0e697a_00b5defcad6e58038eac35472a2d48c89905068e5ece0cc3_redline_4d1ffaf0a1.pdf,4d1ffaf0a165266e23f66d52cf4f1452317e3cfbd7a299fb4daa414fd4ffb9f4,f0115b8d9c31f53c7cbd96bd0b89b3fbe278621b50996bb86419e8b0ff47c61d
tracking_without_comments,tracking_without_comments__06a48012fc_file_166__vs__d60ccf445a_file_167_redline_b3aa42cfc7,corpus/word/tracking_without_comments/docx/06a48012fc_file_166__vs__d60ccf445a_file_167_redline_b3aa42cfc7.docx,corpus/word/tracking_without_comments/pdf/06a48012fc_file_166__vs__d60ccf445a_file_167_redline_b3aa42cfc7.pdf,b3aa42cfc7c4960d13cef394b92b7f2ea7c6b1a2adbdcb557db8ab932cf6aa88,a228cb8d690af42dcae1a6aad9ef7e6099e62efdae9de0ca20111b5c7d11bdd6
tracking_without_comments,tracking_without_comments__07fce8e954_docx_lots_of_comments_addition,corpus/word/tracking_without_comments/docx/07fce8e954_docx_lots_of_comments_addition.docx,corpus/word/tracking_without_comments/pdf/07fce8e954_docx_lots_of_comments_addition.pdf,07fce8e95453a3872f54402b59b55368ca07adcdd5aab09b789b3e24765aebae,1a10b4d7690878161dd065b7f9575de61ac8e439f3e5b0f547c951aa0485dd84
tracking_without_comments,tracking_without_comments__097371c227_inventory_list_suggesting_mixed_edits__vs__5d3a211e19_it_security_policy_v2_suggesting_insertions_redline_0138f8f26f,corpus/word/tracking_without_comments/docx/097371c227_inventory_list_suggesting_mixed_edits__vs__5d3a211e19_it_security_policy_v2_suggesting_insertions_redline_0138f8f26f.docx,corpus/word/tracking_without_comments/pdf/097371c227_inventory_list_suggesting_mixed_edits__vs__5d3a211e19_it_security_policy_v2_suggesting_insertions_redline_0138f8f26f.pdf,0138f8f26f002d7d1dc9f90db75bd5b7922099b6ac3befde5265ca6e7292c804,5a90cf44da2f33424afa69f1efe654e9f1dbf11fd96a0b812167ec90dfc8e0a4
tracking_without_comments,tracking_without_comments__09c4b04252_project_tasks_suggesting_insertions_2__vs__c40c88e402_project_tasks_suggesting_insertions_redline_e91e3ea7f6,corpus/word/tracking_without_comments/docx/09c4b04252_project_tasks_suggesting_insertions_2__vs__c40c88e402_project_tasks_suggesting_insertions_redline_e91e3ea7f6.docx,corpus/word/tracking_without_comments/pdf/09c4b04252_project_tasks_suggesting_insertions_2__vs__c40c88e402_project_tasks_suggesting_insertions_redline_e91e3ea7f6.pdf,e91e3ea7f64955bafe21ab4b8034d2b5ba91c5284c3e7eef1356c058b35ae63e,c837037202009874d1b33bad8ac30f5bc3092bedd3e8f88cbd80d3bfa865115a
tracking_without_comments,tracking_without_comments__0b5f1f7cad_003ca0a88e8358b347e771feb6970ff773753fad85416364__vs__a5f2b9318d_002aa60c2ae1187417b4b157c5ec6450324cc056ec551a12_redline_2b03bf1e4a,corpus/word/tracking_without_comments/docx/0b5f1f7cad_003ca0a88e8358b347e771feb6970ff773753fad85416364__vs__a5f2b9318d_002aa60c2ae1187417b4b157c5ec6450324cc056ec551a12_redline_2b03bf1e4a.docx,corpus/word/tracking_without_comments/pdf/0b5f1f7cad_003ca0a88e8358b347e771feb6970ff773753fad85416364__vs__a5f2b9318d_002aa60c2ae1187417b4b157c5ec6450324cc056ec551a12_redline_2b03bf1e4a.pdf,2b03bf1e4aca690d14d2a129af38d59dbf07c294bdd05b7c4530ad2df86b5ee2,c2c06c5ad08ce2b555360cc2c8e32ed0256ab4d9550f58a2080a86e4822f3023
tracking_without_comments,tracking_without_comments__0bf5192ed0_00afb3e6b2bb1a5ab1e1770ba41f6f455f87472d24ab2767,corpus/word/tracking_without_comments/docx/0bf5192ed0_00afb3e6b2bb1a5ab1e1770ba41f6f455f87472d24ab2767.docx,corpus/word/tracking_without_comments/pdf/0bf5192ed0_00afb3e6b2bb1a5ab1e1770ba41f6f455f87472d24ab2767.pdf,0bf5192ed0d6ba82cc9ecbad5940363de544f771a0a61fa7c47fa2a60b44804d,b1e751a0e59dca8389543826eae4037b27518d1f4f77b1ad3859455a92c6af8f
tracking_without_comments,tracking_without_comments__12941c2a77_0023298b011b45232675215822f0f728678a238756d763c8__vs__bd3824dd1e_000ee64ef7226d353297888f59a251e24ce5d776fea000fa_redline_25f48c003d,corpus/word/tracking_without_comments/docx/12941c2a77_0023298b011b45232675215822f0f728678a238756d763c8__vs__bd3824dd1e_000ee64ef7226d353297888f59a251e24ce5d776fea000fa_redline_25f48c003d.docx,corpus/word/tracking_without_comments/pdf/12941c2a77_0023298b011b45232675215822f0f728678a238756d763c8__vs__bd3824dd1e_000ee64ef7226d353297888f59a251e24ce5d776fea000fa_redline_25f48c003d.pdf,25f48c003d9e7030ee6a2f27e38db1b50b39ca13e6ca69597ce0a9d8f93e724f,ef23bc62fe8dea40e5e68f588538991ec3f5a5261ee8c2720089cd3ab4e9df00
tracking_without_comments,tracking_without_comments__16100cd46d_behavior__sd_2323_image_resize_test_2b8a201a__vs__aa940255be_behavior__sd_2343_table_border_widths_b5148e83_redline_10cf6d1b1a,corpus/word/tracking_without_comments/docx/16100cd46d_behavior__sd_2323_image_resize_test_2b8a201a__vs__aa940255be_behavior__sd_2343_table_border_widths_b5148e83_redline_10cf6d1b1a.docx,corpus/word/tracking_without_comments/pdf/16100cd46d_behavior__sd_2323_image_resize_test_2b8a201a__vs__aa940255be_behavior__sd_2343_table_border_widths_b5148e83_redline_10cf6d1b1a.pdf,10cf6d1b1a2ad73ab67b599c22b43717369cae4da29e606f25a24da37301792b,4f202902509383fa584ad20f629cd04b69e0550262c51351794e6a5c2307aba8
tracking_without_comments,tracking_without_comments__178804f5ce_super_editor__invalid_list_def_fallback_d7f55451__vs__c4ee483519_tiff_image_redline_3ccea817a8,corpus/word/tracking_without_comments/docx/178804f5ce_super_editor__invalid_list_def_fallback_d7f55451__vs__c4ee483519_tiff_image_redline_3ccea817a8.docx,corpus/word/tracking_without_comments/pdf/178804f5ce_super_editor__invalid_list_def_fallback_d7f55451__vs__c4ee483519_tiff_image_redline_3ccea817a8.pdf,3ccea817a8de5599f3b26ba7636ed0f0b856f365193c4c19966b8535fc32179f,8101f5713a34a03bbd76e81d623ea20c786796fee91ad36146815e43859b72d8
tracking_without_comments,tracking_without_comments__19891583af_000f23dc2592a0044f1da2e4f2166c6b41e8fde6a66a1988__vs__333bfe069a_003416d620331122b93b434dad901db5836f60d2cad4b533_redline_556b3edd1a,corpus/word/tracking_without_comments/docx/19891583af_000f23dc2592a0044f1da2e4f2166c6b41e8fde6a66a1988__vs__333bfe069a_003416d620331122b93b434dad901db5836f60d2cad4b533_redline_556b3edd1a.docx,corpus/word/tracking_without_comments/pdf/19891583af_000f23dc2592a0044f1da2e4f2166c6b41e8fde6a66a1988__vs__333bfe069a_003416d620331122b93b434dad901db5836f60d2cad4b533_redline_556b3edd1a.pdf,556b3edd1ae7da3b1421a9cab787d4e1d88ea76b3017d3862d9ec7929140ebe9,5cf5403d6d1d0f2965b1f150e78dba51cdb89266e5692e210faad8acd3cad534
tracking_without_comments,tracking_without_comments__1b9445becb_000516b844a100814a91ff4628bfc37fed6090074bfa22e1__vs__2e04202552_000e3e7bd2d6215fc7b469cc3e296c1b2a510bc1abc7e0fd_redline_5c9b55c96b,corpus/word/tracking_without_comments/docx/1b9445becb_000516b844a100814a91ff4628bfc37fed6090074bfa22e1__vs__2e04202552_000e3e7bd2d6215fc7b469cc3e296c1b2a510bc1abc7e0fd_redline_5c9b55c96b.docx,corpus/word/tracking_without_comments/pdf/1b9445becb_000516b844a100814a91ff4628bfc37fed6090074bfa22e1__vs__2e04202552_000e3e7bd2d6215fc7b469cc3e296c1b2a510bc1abc7e0fd_redline_5c9b55c96b.pdf,5c9b55c96bacd23b3a980ded91d8bf7c8c64d092e010b51e505b212f7e28e73d,c045afecc0e5bd56207474c03c1d5a85c33aa3a6ea91f7b9dd7a1e4957f49977
tracking_without_comments,tracking_without_comments__1b9445becb_000516b844a100814a91ff4628bfc37fed6090074bfa22e1__vs__5203829c7a_001cc92b88566d5f930fe57f25813c0bf52a7bdc72c217d0_redline_55e3a1e2d3,corpus/word/tracking_without_comments/docx/1b9445becb_000516b844a100814a91ff4628bfc37fed6090074bfa22e1__vs__5203829c7a_001cc92b88566d5f930fe57f25813c0bf52a7bdc72c217d0_redline_55e3a1e2d3.docx,corpus/word/tracking_without_comments/pdf/1b9445becb_000516b844a100814a91ff4628bfc37fed6090074bfa22e1__vs__5203829c7a_001cc92b88566d5f930fe57f25813c0bf52a7bdc72c217d0_redline_55e3a1e2d3.pdf,55e3a1e2d3d2282eabd19f26c6a3fe36d8135ead719dcce4e400277deaf4ca2b,d82062c42dae9a7cbab4aff982cd114fa82ca5b6b9198051c9a971670dbee634
tracking_without_comments,tracking_without_comments__1dfdc7d8ec_super_editor__image_inline_and_block_ad6109b3__vs__96fa27757a_behavior__rtl_page_numpages_54739e26_redline_76f4a58792,corpus/word/tracking_without_comments/docx/1dfdc7d8ec_super_editor__image_inline_and_block_ad6109b3__vs__96fa27757a_behavior__rtl_page_numpages_54739e26_redline_76f4a58792.docx,corpus/word/tracking_without_comments/pdf/1dfdc7d8ec_super_editor__image_inline_and_block_ad6109b3__vs__96fa27757a_behavior__rtl_page_numpages_54739e26_redline_76f4a58792.pdf,76f4a58792947168e296f455f60823934843bd14e87fc17aa813d15fd4a44dd7,05e713f2b1ce668df4035316eff6faed380e5366b97af2fc622e79b51028bac4
tracking_without_comments,tracking_without_comments__1e1a24aeab_right_align_bold_demo_id_paraid_overflow__vs__2b267ac531_right_aligned_italic_demo_id_paraid_overflow_redline_08050cf72c,corpus/word/tracking_without_comments/docx/1e1a24aeab_right_align_bold_demo_id_paraid_overflow__vs__2b267ac531_right_aligned_italic_demo_id_paraid_overflow_redline_08050cf72c.docx,corpus/word/tracking_without_comments/pdf/1e1a24aeab_right_align_bold_demo_id_paraid_overflow__vs__2b267ac531_right_aligned_italic_demo_id_paraid_overflow_redline_08050cf72c.pdf,08050cf72cfdd8add94a5cd86185cd9ad34b938bcde43b9972b2d0e5c0d0e6b5,65caa085da935d3bf8544b4a390287eb0204fba57eca9ef40798b2073ce1e3b6
tracking_without_comments,tracking_without_comments__1e1a24aeab_right_align_bold_demo_id_paraid_overflow__vs__2b267ac531_right_aligned_italic_demo_id_paraid_overflow_redline_b4a0b070fc,corpus/word/tracking_without_comments/docx/1e1a24aeab_right_align_bold_demo_id_paraid_overflow__vs__2b267ac531_right_aligned_italic_demo_id_paraid_overflow_redline_b4a0b070fc.docx,corpus/word/tracking_without_comments/pdf/1e1a24aeab_right_align_bold_demo_id_paraid_overflow__vs__2b267ac531_right_aligned_italic_demo_id_paraid_overflow_redline_b4a0b070fc.pdf,b4a0b070fcdd7b996750fb041fbdbf7a49421a84d4ad0ad3c3afc5e5fb40b603,84585e67a1ebf2866ad53974aefebf40fdcf298172a8c3f32c2fc0c1e168327b
tracking_without_comments,tracking_without_comments__1f22b7b009_153542e701bb134da7aee3bb1c4be1f1458fb401ed835378__vs__524cd290f3_f6e23a442c10a2b2645a49855e3bcb779b2d7bf34b37e612_redline_a7fa1e6bff,corpus/word/tracking_without_comments/docx/1f22b7b009_153542e701bb134da7aee3bb1c4be1f1458fb401ed835378__vs__524cd290f3_f6e23a442c10a2b2645a49855e3bcb779b2d7bf34b37e612_redline_a7fa1e6bff.docx,corpus/word/tracking_without_comments/pdf/1f22b7b009_153542e701bb134da7aee3bb1c4be1f1458fb401ed835378__vs__524cd290f3_f6e23a442c10a2b2645a49855e3bcb779b2d7bf34b37e612_redline_a7fa1e6bff.pdf,a7fa1e6bff907c4c0ee0969b208d2848e267c5adffefef9e8b28b7d054238c1d,e6b5fa9025cab82ee06061439a9e73f280320082a8774706c052c48ccc43ef4c
tracking_without_comments,tracking_without_comments__23cdfeee74_0022d9b76a33e7bdcda8d38ec3c898364c578897fb55d462__vs__bd3824dd1e_000ee64ef7226d353297888f59a251e24ce5d776fea000fa_redline_546a6e0c15,corpus/word/tracking_without_comments/docx/23cdfeee74_0022d9b76a33e7bdcda8d38ec3c898364c578897fb55d462__vs__bd3824dd1e_000ee64ef7226d353297888f59a251e24ce5d776fea000fa_redline_546a6e0c15.docx,corpus/word/tracking_without_comments/pdf/23cdfeee74_0022d9b76a33e7bdcda8d38ec3c898364c578897fb55d462__vs__bd3824dd1e_000ee64ef7226d353297888f59a251e24ce5d776fea000fa_redline_546a6e0c15.pdf,546a6e0c15e4efc43910ec27161af52275079881097ca9d06d8ddcea2718ab4e,e31846c15948049833e5541f92c2ae0d215d524c0dbbf707e0ac50532f50fcff
tracking_without_comments,tracking_without_comments__24bd3ad29d_center_aligned_bold_text_id_paraid_overflow__vs__a98d0a8c12_center_alignment_demo_id_paraid_overflow_2_redline_c70f19a792,corpus/word/tracking_without_comments/docx/24bd3ad29d_center_aligned_bold_text_id_paraid_overflow__vs__a98d0a8c12_center_alignment_demo_id_paraid_overflow_2_redline_c70f19a792.docx,corpus/word/tracking_without_comments/pdf/24bd3ad29d_center_aligned_bold_text_id_paraid_overflow__vs__a98d0a8c12_center_alignment_demo_id_paraid_overflow_2_redline_c70f19a792.pdf,c70f19a792e2708b5f112537f0948799f77135c5f419c8e9b911afc6b0155bef,6e0aa56fb14c956a9583b6fd13bf786f8057894d6662f6510728a3eda5ba3cff
tracking_without_comments,tracking_without_comments__277b6145d6_italic_and_underline_combo_style_default_missing__vs__e1201c51d4_italic_subscript_demo_style_default_missing_redline_eb9f33dadd,corpus/word/tracking_without_comments/docx/277b6145d6_italic_and_underline_combo_style_default_missing__vs__e1201c51d4_italic_subscript_demo_style_default_missing_redline_eb9f33dadd.docx,corpus/word/tracking_without_comments/pdf/277b6145d6_italic_and_underline_combo_style_default_missing__vs__e1201c51d4_italic_subscript_demo_style_default_missing_redline_eb9f33dadd.pdf,eb9f33daddb3767a8fec677c859e07b4f075ab66ae720b7c05dd356b5e697987,cefa8915e8e3c60da51c8768f225c393f3d82377cf74c13a0a93cb1e41816d40
tracking_without_comments,tracking_without_comments__27e6c1ad4a_quarterly_performance_report_table_2__vs__a54f205278_quarterly_performance_report_table_redline_4807c44bb2,corpus/word/tracking_without_comments/docx/27e6c1ad4a_quarterly_performance_report_table_2__vs__a54f205278_quarterly_performance_report_table_redline_4807c44bb2.docx,corpus/word/tracking_without_comments/pdf/27e6c1ad4a_quarterly_performance_report_table_2__vs__a54f205278_quarterly_performance_report_table_redline_4807c44bb2.pdf,4807c44bb25d2998639c22d5ced52fd2eb1789fc07d1407479336855cc6b4bf7,2990096555e5415d122c52b1cf1d89cddb72d769db071f7824a65b2c715f48aa
tracking_without_comments,tracking_without_comments__2936af4459_super_editor__sd_1480_two_col_tab_positions_0095__vs__0a1badc333_super_editor__missing_sectpr_967a402d_redline_543fb8e4a7,corpus/word/tracking_without_comments/docx/2936af4459_super_editor__sd_1480_two_col_tab_positions_0095__vs__0a1badc333_super_editor__missing_sectpr_967a402d_redline_543fb8e4a7.docx,corpus/word/tracking_without_comments/pdf/2936af4459_super_editor__sd_1480_two_col_tab_positions_0095__vs__0a1badc333_super_editor__missing_sectpr_967a402d_redline_543fb8e4a7.pdf,543fb8e4a7e8f999ae30b9644e577073f36a672908576f3cc67e9821912e42d4,8ae8331862d52af8e8440728925717e651bebc1904a3a8f0aaf4784a178d11d6
tracking_without_comments,tracking_without_comments__29379c07bf_002adf0715eed4d213774c26c60c78624c2a3cbb3d0397d2__vs__2e04202552_000e3e7bd2d6215fc7b469cc3e296c1b2a510bc1abc7e0fd_redline_329808a1dc,corpus/word/tracking_without_comments/docx/29379c07bf_002adf0715eed4d213774c26c60c78624c2a3cbb3d0397d2__vs__2e04202552_000e3e7bd2d6215fc7b469cc3e296c1b2a510bc1abc7e0fd_redline_329808a1dc.docx,corpus/word/tracking_without_comments/pdf/29379c07bf_002adf0715eed4d213774c26c60c78624c2a3cbb3d0397d2__vs__2e04202552_000e3e7bd2d6215fc7b469cc3e296c1b2a510bc1abc7e0fd_redline_329808a1dc.pdf,329808a1dcae7ef59c7fb9b9b3f9e8a05ae482f062dd2f64bb79128abb08561a,a00f2c073e8c5b4b319634c66b8aa7b6d66a635a0a69285264f990737f8d3711
tracking_without_comments,tracking_without_comments__29379c07bf_002adf0715eed4d213774c26c60c78624c2a3cbb3d0397d2__vs__5203829c7a_001cc92b88566d5f930fe57f25813c0bf52a7bdc72c217d0_redline_3f1f7e911f,corpus/word/tracking_without_comments/docx/29379c07bf_002adf0715eed4d213774c26c60c78624c2a3cbb3d0397d2__vs__5203829c7a_001cc92b88566d5f930fe57f25813c0bf52a7bdc72c217d0_redline_3f1f7e911f.docx,corpus/word/tracking_without_comments/pdf/29379c07bf_002adf0715eed4d213774c26c60c78624c2a3cbb3d0397d2__vs__5203829c7a_001cc92b88566d5f930fe57f25813c0bf52a7bdc72c217d0_redline_3f1f7e911f.pdf,3f1f7e911f385f5f0dd3110e4b58beecbfdec7eae3518a542b1951d4bd2c15af,d76f723635510f922deaaeba0b6dfc680c5a87b2e75841c474d198034f51704b
tracking_without_comments,tracking_without_comments__296017bb6c_e50f81744ccce7418f6ea7874637338d569d6f4e44b35eb1,corpus/word/tracking_without_comments/docx/296017bb6c_e50f81744ccce7418f6ea7874637338d569d6f4e44b35eb1.docx,corpus/word/tracking_without_comments/pdf/296017bb6c_e50f81744ccce7418f6ea7874637338d569d6f4e44b35eb1.pdf,296017bb6cbfb381fe969ff6774ac73df11193f8d786291592d9df33c4bfab84,3e897ea4b0fa0e369396987f7f59303bafcda0b68c39264ba8ae15a51b8a84c9
tracking_without_comments,tracking_without_comments__2a69e1ce5c_green_bold_text_demo_id_paraid_overflow__vs__e1f631e28a_green_highlight_demo_id_paraid_overflow_redline_9d466d3cf5,corpus/word/tracking_without_comments/docx/2a69e1ce5c_green_bold_text_demo_id_paraid_overflow__vs__e1f631e28a_green_highlight_demo_id_paraid_overflow_redline_9d466d3cf5.docx,corpus/word/tracking_without_comments/pdf/2a69e1ce5c_green_bold_text_demo_id_paraid_overflow__vs__e1f631e28a_green_highlight_demo_id_paraid_overflow_redline_9d466d3cf5.pdf,9d466d3cf588ac6a22306d687528024b538ea1bbd1f9de3ce3f556c9894a06b3,5a6cf2abbb39acfc68534aa5097211afc1f7ea21f8493db40effa2add43819d1
tracking_without_comments,tracking_without_comments__2ad8d15e88_00e901c5aa86bd93002ce801375c57e44c2c78a0e5b308d3__vs__1424386e9b_017447de83753a0e3b7afc659df038ef56972925336c6a5b_redline_37a937b13b,corpus/word/tracking_without_comments/docx/2ad8d15e88_00e901c5aa86bd93002ce801375c57e44c2c78a0e5b308d3__vs__1424386e9b_017447de83753a0e3b7afc659df038ef56972925336c6a5b_redline_37a937b13b.docx,corpus/word/tracking_without_comments/pdf/2ad8d15e88_00e901c5aa86bd93002ce801375c57e44c2c78a0e5b308d3__vs__1424386e9b_017447de83753a0e3b7afc659df038ef56972925336c6a5b_redline_37a937b13b.pdf,37a937b13be92020c655c855c3d3990c2eee6fcf402f8fb7834cba7baeedba15,c46e0cad9ba5d1865ae2644d3015794bbba92df630dfb1b73d6d920c678ad979
tracking_without_comments,tracking_without_comments__2bab05c754_ffd49b5063e67046c9f153c47db6c135f5fa608059fbaeed__vs__12e5df2f0d_fb5fecf276864b845bd126cac8f38b15d057528102703f2f_redline_762d8c58c6,corpus/word/tracking_without_comments/docx/2bab05c754_ffd49b5063e67046c9f153c47db6c135f5fa608059fbaeed__vs__12e5df2f0d_fb5fecf276864b845bd126cac8f38b15d057528102703f2f_redline_762d8c58c6.docx,corpus/word/tracking_without_comments/pdf/2bab05c754_ffd49b5063e67046c9f153c47db6c135f5fa608059fbaeed__vs__12e5df2f0d_fb5fecf276864b845bd126cac8f38b15d057528102703f2f_redline_762d8c58c6.pdf,762d8c58c62be36933eff3b4be360cdad7d8d1f7f4df93aaddc318f08e6566d6,7c02d87fbc99965d18f9d61df68cc88d3704216bfa74cab158dc056bdcfb902b
tracking_without_comments,tracking_without_comments__36c5050fba_super_editor__list_with_indents_efc7d4f5__vs__d0281643d2_super_editor__hello_docx_world_12f11074_redline_5b4a8e06a2,corpus/word/tracking_without_comments/docx/36c5050fba_super_editor__list_with_indents_efc7d4f5__vs__d0281643d2_super_editor__hello_docx_world_12f11074_redline_5b4a8e06a2.docx,corpus/word/tracking_without_comments/pdf/36c5050fba_super_editor__list_with_indents_efc7d4f5__vs__d0281643d2_super_editor__hello_docx_world_12f11074_redline_5b4a8e06a2.pdf,5b4a8e06a2b5c27b12466580dc4f55079465138532015882d279e72f7e65e3b5,ab5b2a29974f1d145551353cc42345e6795c5a041342b600cd98ea83d1da0655
tracking_without_comments,tracking_without_comments__3754ca7e23_track_changes_suggesting_title_id_paraid_overflo__vs__1f0fb35694_training_materials_onboarding_program_suggesting_redline_19c69f3652,corpus/word/tracking_without_comments/docx/3754ca7e23_track_changes_suggesting_title_id_paraid_overflo__vs__1f0fb35694_training_materials_onboarding_program_suggesting_redline_19c69f3652.docx,corpus/word/tracking_without_comments/pdf/3754ca7e23_track_changes_suggesting_title_id_paraid_overflo__vs__1f0fb35694_training_materials_onboarding_program_suggesting_redline_19c69f3652.pdf,19c69f3652b54a46bb2c6e5ef982a48ad1b7c93404f6814bb0ab96e57467e3d4,d5537027999e1ce6662242d4138a530c6e3be95d9bffd748701e3b8ccda0f930
tracking_without_comments,tracking_without_comments__37f61a9c26_super_editor__tab_test_576c8317__vs__a5903a7c15_super_editor__pci_table_dc840852_redline_b479ee1415,corpus/word/tracking_without_comments/docx/37f61a9c26_super_editor__tab_test_576c8317__vs__a5903a7c15_super_editor__pci_table_dc840852_redline_b479ee1415.docx,corpus/word/tracking_without_comments/pdf/37f61a9c26_super_editor__tab_test_576c8317__vs__a5903a7c15_super_editor__pci_table_dc840852_redline_b479ee1415.pdf,b479ee1415f9e869941cc7a283c6bbcd10899bde45a0c2b0b1ebe8cd31d14b32,cb6a50b7fcb87461d0cdfcd5a9d1576ed44712728470de9186e8e21a6dfc43f6
tracking_without_comments,tracking_without_comments__3d8acd6139_super_editor__restart_numbering_sub_list_85ddcb7__vs__76827c9f6c_super_editor__sd_1480_two_col_index_0138dccc_redline_afbbc2af9f,corpus/word/tracking_without_comments/docx/3d8acd6139_super_editor__restart_numbering_sub_list_85ddcb7__vs__76827c9f6c_super_editor__sd_1480_two_col_index_0138dccc_redline_afbbc2af9f.docx,corpus/word/tracking_without_comments/pdf/3d8acd6139_super_editor__restart_numbering_sub_list_85ddcb7__vs__76827c9f6c_super_editor__sd_1480_two_col_index_0138dccc_redline_afbbc2af9f.pdf,afbbc2af9fd2d0103ada108a1b221b0e4057e072dcc41f21702cd17869bf9574,6082a9cc11c78f1532dcd1ebb918083d8e09613c85ee172f8f3e8328bce2b0a4
tracking_without_comments,tracking_without_comments__3fc14675e5_italic_text_formatting_demo_id_paraid_overflow_2__vs__f26a5e4940_italic_text_formatting_demo_id_paraid_overflow_redline_9ee09a2c11,corpus/word/tracking_without_comments/docx/3fc14675e5_italic_text_formatting_demo_id_paraid_overflow_2__vs__f26a5e4940_italic_text_formatting_demo_id_paraid_overflow_redline_9ee09a2c11.docx,corpus/word/tracking_without_comments/pdf/3fc14675e5_italic_text_formatting_demo_id_paraid_overflow_2__vs__f26a5e4940_italic_text_formatting_demo_id_paraid_overflow_redline_9ee09a2c11.pdf,9ee09a2c11e605d2d0859c9c316eb1e17fbbf7d92878369bd2fad714decb7d09,7fb91c5c8a129cb30668ce78996c7c70a87b77ba4c68a315e3748918bd79c6d6
tracking_without_comments,tracking_without_comments__3fcd92b87b_30ff840c5280c4e754b1d6998d936bd6ae03c4cafe1dd5c9__vs__536a1741f1_2877e96980f074938031572843306e6da8158dd87dafec3e_redline_251aa16cd3,corpus/word/tracking_without_comments/docx/3fcd92b87b_30ff840c5280c4e754b1d6998d936bd6ae03c4cafe1dd5c9__vs__536a1741f1_2877e96980f074938031572843306e6da8158dd87dafec3e_redline_251aa16cd3.docx,corpus/word/tracking_without_comments/pdf/3fcd92b87b_30ff840c5280c4e754b1d6998d936bd6ae03c4cafe1dd5c9__vs__536a1741f1_2877e96980f074938031572843306e6da8158dd87dafec3e_redline_251aa16cd3.pdf,251aa16cd37c18645c494194c0c298c80d402fa0609e9ff5f3e5fe413007ed32,08721fae44613c54f097f70b813e879e562a1a8786a3b30c8657844b6f14f05f
tracking_without_comments,tracking_without_comments__4173c2bb01_open_sans_font_demo_id_paraid_overflow_2__vs__c706120413_open_sans_font_demo_id_paraid_overflow_redline_eae8ae2513,corpus/word/tracking_without_comments/docx/4173c2bb01_open_sans_font_demo_id_paraid_overflow_2__vs__c706120413_open_sans_font_demo_id_paraid_overflow_redline_eae8ae2513.docx,corpus/word/tracking_without_comments/pdf/4173c2bb01_open_sans_font_demo_id_paraid_overflow_2__vs__c706120413_open_sans_font_demo_id_paraid_overflow_redline_eae8ae2513.pdf,eae8ae2513631e6a8fc77504c3cf1bda6c7f0aa407bf84561cf1fcabbf1230f6,184ca49e895368cfeb11fcca6abe272e00615c58c0d1c096fb4634152122e22f
tracking_without_comments,tracking_without_comments__421f2efe62_file_178__vs__e69c316f39_file_179_redline_69dadc11a4,corpus/word/tracking_without_comments/docx/421f2efe62_file_178__vs__e69c316f39_file_179_redline_69dadc11a4.docx,corpus/word/tracking_without_comments/pdf/421f2efe62_file_178__vs__e69c316f39_file_179_redline_69dadc11a4.pdf,69dadc11a4ccea13755e8bf7110790662ae7cb2fb0d6b22b152f2cfa9679f21e,0d53fd7ccebafd127834d8fa1407053bee2ec09dbb78ac53b6e8f5d1935b7fa3
tracking_without_comments,tracking_without_comments__42df4a13aa_file_41__vs__b31456961a_file_42_redline_ec2d1d0c78,corpus/word/tracking_without_comments/docx/42df4a13aa_file_41__vs__b31456961a_file_42_redline_ec2d1d0c78.docx,corpus/word/tracking_without_comments/pdf/42df4a13aa_file_41__vs__b31456961a_file_42_redline_ec2d1d0c78.pdf,ec2d1d0c783288e64f0b041c79551c092ffb1454e3d8efe0cf9d44d0f45c75bd,09ac7588ac046444a6e4826f5648d8fc87b298dc26c10f2739e649deafd24cea
tracking_without_comments,tracking_without_comments__438e423482_track_changes_suggesting_italic_id_paraid_overfl__vs__9f56ca58a1_track_changes_suggesting_title_id_paraid_overflo_redline_860adc1e61,corpus/word/tracking_without_comments/docx/438e423482_track_changes_suggesting_italic_id_paraid_overfl__vs__9f56ca58a1_track_changes_suggesting_title_id_paraid_overflo_redline_860adc1e61.docx,corpus/word/tracking_without_comments/pdf/438e423482_track_changes_suggesting_italic_id_paraid_overfl__vs__9f56ca58a1_track_changes_suggesting_title_id_paraid_overflo_redline_860adc1e61.pdf,860adc1e61a37f85dde928eb796f1dee336568a8f6c6d2c6e3abf59b7fa7bd2c,5dda8885604d5ab19f17d729b1cd18e8bd6e3183e2f7f790ed12ad3ab54d4fd2
tracking_without_comments,tracking_without_comments__4b0729d267_super_editor__h_f_normal_odd_even_unchecked_firs__vs__9c1fb4747e_super_editor__sd_1495_auto_page_break_854a2dd9_redline_0b5ecec9d6,corpus/word/tracking_without_comments/docx/4b0729d267_super_editor__h_f_normal_odd_even_unchecked_firs__vs__9c1fb4747e_super_editor__sd_1495_auto_page_break_854a2dd9_redline_0b5ecec9d6.docx,corpus/word/tracking_without_comments/pdf/4b0729d267_super_editor__h_f_normal_odd_even_unchecked_firs__vs__9c1fb4747e_super_editor__sd_1495_auto_page_break_854a2dd9_redline_0b5ecec9d6.pdf,0b5ecec9d680a49b02966d9d8d0f043d4bac5a92a7994660c410e34315c0f59d,4f55a25974f461d1c9d0f33ae144659fc08261f6edccc532b87d5c2ff8783994
tracking_without_comments,tracking_without_comments__4b0729d267_super_editor__h_f_normal_odd_even_unchecked_firs__vs__b992bfc6eb_super_editor__h_f_normal_odd_even_b572e46d_redline_be248670ce,corpus/word/tracking_without_comments/docx/4b0729d267_super_editor__h_f_normal_odd_even_unchecked_firs__vs__b992bfc6eb_super_editor__h_f_normal_odd_even_b572e46d_redline_be248670ce.docx,corpus/word/tracking_without_comments/pdf/4b0729d267_super_editor__h_f_normal_odd_even_unchecked_firs__vs__b992bfc6eb_super_editor__h_f_normal_odd_even_b572e46d_redline_be248670ce.pdf,be248670ce1419cf2dce016795edb9e3fb4f833d68b4418424c41b3de3d23df5,2094325f1cc73d839dab210697b83a9b3821b8fc8ab436f0c2280ed3565e89ed
tracking_without_comments,tracking_without_comments__4c4f8515c5_title_style_centered_demo_id_paraid_overflow__vs__f8f9857e80_title_style_demo_id_paraid_overflow_redline_fdc3d3f04f,corpus/word/tracking_without_comments/docx/4c4f8515c5_title_style_centered_demo_id_paraid_overflow__vs__f8f9857e80_title_style_demo_id_paraid_overflow_redline_fdc3d3f04f.docx,corpus/word/tracking_without_comments/pdf/4c4f8515c5_title_style_centered_demo_id_paraid_overflow__vs__f8f9857e80_title_style_demo_id_paraid_overflow_redline_fdc3d3f04f.pdf,fdc3d3f04f7752d582f3d5919e4bccd09163428b6e0f873f4fcc66b9dbb17832,c122caae0118511906479dd153cadbc1db0524172f4d5ee9b2241e2bfff941bf
tracking_without_comments,tracking_without_comments__4fcecda2bb_file_42__vs__e791c4281b_file_43_redline_a95294100a,corpus/word/tracking_without_comments/docx/4fcecda2bb_file_42__vs__e791c4281b_file_43_redline_a95294100a.docx,corpus/word/tracking_without_comments/pdf/4fcecda2bb_file_42__vs__e791c4281b_file_43_redline_a95294100a.pdf,a95294100acb338041922b6c25ea6e6099aca03f2e9182868e778050e26cd5d4,42b5002173da06726bfda0dffc4dfaf6215cf46ee7886d479af55aaaed64ab5b
tracking_without_comments,tracking_without_comments__531cf3d312_00ce789bc3226c2a68967cc29792927c80b7f55d9b5267ad__vs__a5f2b9318d_002aa60c2ae1187417b4b157c5ec6450324cc056ec551a12_redline_e271e070c2,corpus/word/tracking_without_comments/docx/531cf3d312_00ce789bc3226c2a68967cc29792927c80b7f55d9b5267ad__vs__a5f2b9318d_002aa60c2ae1187417b4b157c5ec6450324cc056ec551a12_redline_e271e070c2.docx,corpus/word/tracking_without_comments/pdf/531cf3d312_00ce789bc3226c2a68967cc29792927c80b7f55d9b5267ad__vs__a5f2b9318d_002aa60c2ae1187417b4b157c5ec6450324cc056ec551a12_redline_e271e070c2.pdf,e271e070c21e4b070bc92fbfb93943f2a2ec41de3489106216bff54b5730cca2,0b1f66d276a4af57e5e8e8af6d05e67a127a3b1708eb088cfadd4107ee7765cf
tracking_without_comments,tracking_without_comments__53de8de92b_file_183__vs__abd0b75d88_file_184_redline_d40e4d812a,corpus/word/tracking_without_comments/docx/53de8de92b_file_183__vs__abd0b75d88_file_184_redline_d40e4d812a.docx,corpus/word/tracking_without_comments/pdf/53de8de92b_file_183__vs__abd0b75d88_file_184_redline_d40e4d812a.pdf,d40e4d812ae20609c8ec8d002aa32b2c37c44c351f8b887dd1296fcd28560298,4426b5efdc6143ed995623ba1f395a161448a16d66ba2a5ca03064911a89e295
tracking_without_comments,tracking_without_comments__563331c6f3_super_editor__broken_complex_list_293fda86__vs__ad43500302_super_editor__list_numbering_reimport_d788d573_redline_f6ab1636eb,corpus/word/tracking_without_comments/docx/563331c6f3_super_editor__broken_complex_list_293fda86__vs__ad43500302_super_editor__list_numbering_reimport_d788d573_redline_f6ab1636eb.docx,corpus/word/tracking_without_comments/pdf/563331c6f3_super_editor__broken_complex_list_293fda86__vs__ad43500302_super_editor__list_numbering_reimport_d788d573_redline_f6ab1636eb.pdf,f6ab1636ebfff33f18eeb3ea42b45b8d1a1df29f1f2a0bc214615d85a6cabe6c,4064c8d16c69331298cd0f7ebe4f9559176d84205c80485491395f087408efaa
tracking_without_comments,tracking_without_comments__58e8dbed99_c0a8a94f1fbd0a64b613f427aeaafeb44ef2a608460554cb__vs__c07f221713_eb9634eee0b2ef1acef7efc1e0f68f9956208e077be4e02e_redline_14b7e79ab0,corpus/word/tracking_without_comments/docx/58e8dbed99_c0a8a94f1fbd0a64b613f427aeaafeb44ef2a608460554cb__vs__c07f221713_eb9634eee0b2ef1acef7efc1e0f68f9956208e077be4e02e_redline_14b7e79ab0.docx,corpus/word/tracking_without_comments/pdf/58e8dbed99_c0a8a94f1fbd0a64b613f427aeaafeb44ef2a608460554cb__vs__c07f221713_eb9634eee0b2ef1acef7efc1e0f68f9956208e077be4e02e_redline_14b7e79ab0.pdf,14b7e79ab0dd61ed4ccd1316eb4c60e4d298390cde78525036f8935de6316f75,6996a7d994eba5868e782c2cd924c1658ebf20897450aafd2fac771946677ef2
tracking_without_comments,tracking_without_comments__5adc853144_insert_link_demo_id_paraid_overflow__vs__e615c89269_inventory_list_suggesting_deletions_redline_7fd2b78918,corpus/word/tracking_without_comments/docx/5adc853144_insert_link_demo_id_paraid_overflow__vs__e615c89269_inventory_list_suggesting_deletions_redline_7fd2b78918.docx,corpus/word/tracking_without_comments/pdf/5adc853144_insert_link_demo_id_paraid_overflow__vs__e615c89269_inventory_list_suggesting_deletions_redline_7fd2b78918.pdf,7fd2b78918704dd8f155dd6dea0d884cb100ace3c38ee9b274d25534c05b205d,f3d6c3b61582445a59e7abe6344dfe9052c3e9ea88c29c0f64c012dd4620358a
tracking_without_comments,tracking_without_comments__5add12cb1b_super_editor__msword_tracked_changes_4794adc4__vs__d776ad9be7_super_editor__multi_section_doc_080d2655_redline_72a7cae8b6,corpus/word/tracking_without_comments/docx/5add12cb1b_super_editor__msword_tracked_changes_4794adc4__vs__d776ad9be7_super_editor__multi_section_doc_080d2655_redline_72a7cae8b6.docx,corpus/word/tracking_without_comments/pdf/5add12cb1b_super_editor__msword_tracked_changes_4794adc4__vs__d776ad9be7_super_editor__multi_section_doc_080d2655_redline_72a7cae8b6.pdf,72a7cae8b65f8d6bdab1ce9d7b4810c5795dfee0c0cfd99eed1ae43a15cd7fdd,82ee287a7a5f83462f376aa8f8b7f7161adbab7e1ee78b0f54560da8de0413d0
tracking_without_comments,tracking_without_comments__5c9b05a33e_00587c7398e1a788e79e8da144019f60214b4ac572ea28a3__vs__342f364d46_001342333d45627868f4dc5282abbba4598a91b4a7584b08_redline_9ee589e21e,corpus/word/tracking_without_comments/docx/5c9b05a33e_00587c7398e1a788e79e8da144019f60214b4ac572ea28a3__vs__342f364d46_001342333d45627868f4dc5282abbba4598a91b4a7584b08_redline_9ee589e21e.docx,corpus/word/tracking_without_comments/pdf/5c9b05a33e_00587c7398e1a788e79e8da144019f60214b4ac572ea28a3__vs__342f364d46_001342333d45627868f4dc5282abbba4598a91b4a7584b08_redline_9ee589e21e.pdf,9ee589e21e2e6a183ec4ccfda573e49b8c6dda070e5384ed34fe77b62f1dd06c,cfef9d5a8b537b9b7eb72b9f8a252435ffa0db9b6f509210aa5e23938fb18677
tracking_without_comments,tracking_without_comments__5d17fd43a9_complex_style_attr__vs__310c03f39c_super_editor__complexexport1_69441ab1_redline_133d880cce,corpus/word/tracking_without_comments/docx/5d17fd43a9_complex_style_attr__vs__310c03f39c_super_editor__complexexport1_69441ab1_redline_133d880cce.docx,corpus/word/tracking_without_comments/pdf/5d17fd43a9_complex_style_attr__vs__310c03f39c_super_editor__complexexport1_69441ab1_redline_133d880cce.pdf,133d880cce664e14aae6175e182de4a355cb416c4fb74e7ec9adca4d8da7273c,f4f59e6b2946e8ee9a066a2394e2ec649859bcf7f9be766d12fa0387550f6ed8
tracking_without_comments,tracking_without_comments__5e91be0083_edaa63e59fb2eccfbbe0371a940417a1e9eab2096cf9694a__vs__5d4f20ab0c_e2f20e966e869cb70660df4aa57f109759e3809e2640530c_redline_6f0fc0f2e9,corpus/word/tracking_without_comments/docx/5e91be0083_edaa63e59fb2eccfbbe0371a940417a1e9eab2096cf9694a__vs__5d4f20ab0c_e2f20e966e869cb70660df4aa57f109759e3809e2640530c_redline_6f0fc0f2e9.docx,corpus/word/tracking_without_comments/pdf/5e91be0083_edaa63e59fb2eccfbbe0371a940417a1e9eab2096cf9694a__vs__5d4f20ab0c_e2f20e966e869cb70660df4aa57f109759e3809e2640530c_redline_6f0fc0f2e9.pdf,6f0fc0f2e9ad37d66c0f835329fafd7b2bfbcebbefa872bc6a18ce13e0c9fa0c,8b4d2c3e5ea0e7b3042c512f63bc8ad88eb0082f11bde152280899ca337ed47b
tracking_without_comments,tracking_without_comments__5fbd8a7228_39cd8347f53ac1b06a6eb59399aa12a9977b0233a38ddaff__vs__89d3a1c365_40d999f53c15fd5eb9e57ab8cf37f22f83d6823458897be1_redline_049d8405bc,corpus/word/tracking_without_comments/docx/5fbd8a7228_39cd8347f53ac1b06a6eb59399aa12a9977b0233a38ddaff__vs__89d3a1c365_40d999f53c15fd5eb9e57ab8cf37f22f83d6823458897be1_redline_049d8405bc.docx,corpus/word/tracking_without_comments/pdf/5fbd8a7228_39cd8347f53ac1b06a6eb59399aa12a9977b0233a38ddaff__vs__89d3a1c365_40d999f53c15fd5eb9e57ab8cf37f22f83d6823458897be1_redline_049d8405bc.pdf,049d8405bc659eab2bee630b672aec9d04a6f3cee79b6e1d9d5d01e4bd2a800d,5c3ab510f947859a8f9797b71a25d56629d3132b6153d43d55d6b9767c6a58f1
tracking_without_comments,tracking_without_comments__617c1284c9_00feb732c2ef2b643a132e4305e16833fd047b46ca44b65b__vs__342f364d46_001342333d45627868f4dc5282abbba4598a91b4a7584b08_redline_34e4211b58,corpus/word/tracking_without_comments/docx/617c1284c9_00feb732c2ef2b643a132e4305e16833fd047b46ca44b65b__vs__342f364d46_001342333d45627868f4dc5282abbba4598a91b4a7584b08_redline_34e4211b58.docx,corpus/word/tracking_without_comments/pdf/617c1284c9_00feb732c2ef2b643a132e4305e16833fd047b46ca44b65b__vs__342f364d46_001342333d45627868f4dc5282abbba4598a91b4a7584b08_redline_34e4211b58.pdf,34e4211b58ba2bc46969fa2786ff08062836e9d73ace9dbde482094b13c0de45,be8eb7d9d33eb830fb250e5c551b6cc46adc6a0a0ebbcfc021b8f44eee8e2497
tracking_without_comments,tracking_without_comments__63f2ae8323_00d7e931786f09113a59daafeb4c51113fbd97f3f09d93c2__vs__342f364d46_001342333d45627868f4dc5282abbba4598a91b4a7584b08_redline_6f561090f4,corpus/word/tracking_without_comments/docx/63f2ae8323_00d7e931786f09113a59daafeb4c51113fbd97f3f09d93c2__vs__342f364d46_001342333d45627868f4dc5282abbba4598a91b4a7584b08_redline_6f561090f4.docx,corpus/word/tracking_without_comments/pdf/63f2ae8323_00d7e931786f09113a59daafeb4c51113fbd97f3f09d93c2__vs__342f364d46_001342333d45627868f4dc5282abbba4598a91b4a7584b08_redline_6f561090f4.pdf,6f561090f4c27922178186dde75a7578c3af263e4b14ea2936ef1738ca32fd20,75137d94b2f26e0e4672771cf0f9197dd59bb4bf446a72a2478a68803c395ab3
tracking_without_comments,tracking_without_comments__667af231c2_behavior__sd_2672_rtl_table_63bd9d10__vs__cfd53bad25_behavior__sd_2672_sdt_table_fc038913_redline_81ff65985c,corpus/word/tracking_without_comments/docx/667af231c2_behavior__sd_2672_rtl_table_63bd9d10__vs__cfd53bad25_behavior__sd_2672_sdt_table_fc038913_redline_81ff65985c.docx,corpus/word/tracking_without_comments/pdf/667af231c2_behavior__sd_2672_rtl_table_63bd9d10__vs__cfd53bad25_behavior__sd_2672_sdt_table_fc038913_redline_81ff65985c.pdf,81ff65985cf2d300c2a3e98a23df6de87373bbc66eed170a3bd34e3d6b531d74,ce6e3ea1c1968b87ffd5bd29540faa1d2b4d20402ba001c41e07b79c3eff1b21
tracking_without_comments,tracking_without_comments__671ff91b1d_behavior__sd_2750_borderbox_7cd3768d__vs__9322444a3f_behavior__sd_2888_hyperlink_with_ampersand_aaaac_redline_30b3e0f88b,corpus/word/tracking_without_comments/docx/671ff91b1d_behavior__sd_2750_borderbox_7cd3768d__vs__9322444a3f_behavior__sd_2888_hyperlink_with_ampersand_aaaac_redline_30b3e0f88b.docx,corpus/word/tracking_without_comments/pdf/671ff91b1d_behavior__sd_2750_borderbox_7cd3768d__vs__9322444a3f_behavior__sd_2888_hyperlink_with_ampersand_aaaac_redline_30b3e0f88b.pdf,30b3e0f88b849e5fb543576ab81d9c408463d1fa33d7adab3661ef82e7f131bb,8368ca5a9ff1488acf1952305268d879a963e30f5a92cce401f3e51da9e3b7bc
tracking_without_comments,tracking_without_comments__67f36b7c3b_01ab5a08b40efea85cdb05eaeb80d99a6f24a28deebb2082__vs__3f65366367_02bbb0b7fc1f4308c677b31b6849e7ed871b5aadfad13394_redline_41e30e714b,corpus/word/tracking_without_comments/docx/67f36b7c3b_01ab5a08b40efea85cdb05eaeb80d99a6f24a28deebb2082__vs__3f65366367_02bbb0b7fc1f4308c677b31b6849e7ed871b5aadfad13394_redline_41e30e714b.docx,corpus/word/tracking_without_comments/pdf/67f36b7c3b_01ab5a08b40efea85cdb05eaeb80d99a6f24a28deebb2082__vs__3f65366367_02bbb0b7fc1f4308c677b31b6849e7ed871b5aadfad13394_redline_41e30e714b.pdf,41e30e714ba22c48060acc627d4329e62f420994f4ce755b46d78ffdae767d4c,9244f397c0e86a65ecdb971bbb67f95143d2d77356e53e381dfcc6868de8b674
tracking_without_comments,tracking_without_comments__6c3b9cb467_file_111__vs__61bf578c91_file_112_redline_04eed658ca,corpus/word/tracking_without_comments/docx/6c3b9cb467_file_111__vs__61bf578c91_file_112_redline_04eed658ca.docx,corpus/word/tracking_without_comments/pdf/6c3b9cb467_file_111__vs__61bf578c91_file_112_redline_04eed658ca.pdf,04eed658caa2cbe0222cc483950a2ebc2cd9e9892e1c7d1c044bafe62c7153c0,1abb1a5cc73634c0a30927a32cae5d170840ac6049dcbda2a5f070563d5e6250
tracking_without_comments,tracking_without_comments__6cf5a39359_548d133393_accepted_tracking,corpus/word/tracking_without_comments/docx/6cf5a39359_548d133393_accepted_tracking.docx,corpus/word/tracking_without_comments/pdf/6cf5a39359_548d133393_accepted_tracking.pdf,6cf5a393596460bfd3cf4b8e51fc47f413819a201164053a7e693d7535868fbd,98e32594fd4ac60ca57c3a94841ff60c2083b0449ba1bf89aa858df68e58e606
tracking_without_comments,tracking_without_comments__7098537b0d_super_editor__base_custom_544164f9__vs__ee61fb4ab3_super_editor__base_ordered_fdff1fb2_redline_75bb11cb8b,corpus/word/tracking_without_comments/docx/7098537b0d_super_editor__base_custom_544164f9__vs__ee61fb4ab3_super_editor__base_ordered_fdff1fb2_redline_75bb11cb8b.docx,corpus/word/tracking_without_comments/pdf/7098537b0d_super_editor__base_custom_544164f9__vs__ee61fb4ab3_super_editor__base_ordered_fdff1fb2_redline_75bb11cb8b.pdf,75bb11cb8b210a8931d9120a9356e0bb1aad7020e33b432db481552b4b599bf7,e4d9c09e7b75422dbe1f1becf199196bc16bd40092410d1cd291283696c7457f
tracking_without_comments,tracking_without_comments__74afe04686_000416d5ee481974205314977bda4d0b297b97cf56f55f5a__vs__aa5340125d_00a4b0b91e9b5b072dc3771391c2d608518690eccf44eae8_redline_c0ccf8398d,corpus/word/tracking_without_comments/docx/74afe04686_000416d5ee481974205314977bda4d0b297b97cf56f55f5a__vs__aa5340125d_00a4b0b91e9b5b072dc3771391c2d608518690eccf44eae8_redline_c0ccf8398d.docx,corpus/word/tracking_without_comments/pdf/74afe04686_000416d5ee481974205314977bda4d0b297b97cf56f55f5a__vs__aa5340125d_00a4b0b91e9b5b072dc3771391c2d608518690eccf44eae8_redline_c0ccf8398d.pdf,c0ccf8398d24959bc7823b92655ed60b5726c276c553e1774a1f09bc4f84c6eb,7e284204bbe9a6067b110b77204806f20d8796f7aa89e62a0857b237e5e3e75d
tracking_without_comments,tracking_without_comments__75aeff4f58_super_editor__diff_after9_a9d4b4b0__vs__b5a6dd6c66_super_editor__diff_before_019353a2_redline_9df1aeb177,corpus/word/tracking_without_comments/docx/75aeff4f58_super_editor__diff_after9_a9d4b4b0__vs__b5a6dd6c66_super_editor__diff_before_019353a2_redline_9df1aeb177.docx,corpus/word/tracking_without_comments/pdf/75aeff4f58_super_editor__diff_after9_a9d4b4b0__vs__b5a6dd6c66_super_editor__diff_before_019353a2_redline_9df1aeb177.pdf,9df1aeb177b91104f7fc162d5325e6af23be04b78f90ff2fa8b5884655d6c488,2e8369bb9b38d474ff64388bc4ba0765b6650671f2768b9b41f6705427d629a1
tracking_without_comments,tracking_without_comments__783b1628da_green_bold_text_demo_id_paraid_overflow__vs__307d9d0b0c_green_highlight_demo_id_paraid_overflow_redline_6a034c8279,corpus/word/tracking_without_comments/docx/783b1628da_green_bold_text_demo_id_paraid_overflow__vs__307d9d0b0c_green_highlight_demo_id_paraid_overflow_redline_6a034c8279.docx,corpus/word/tracking_without_comments/pdf/783b1628da_green_bold_text_demo_id_paraid_overflow__vs__307d9d0b0c_green_highlight_demo_id_paraid_overflow_redline_6a034c8279.pdf,6a034c8279127c2a9294ced74dde8edfdb868e69db267f6f3320c7925cf2ec68,3041ad01337793ebb6419958ad110d84e392032f23eb4e3337b1c93ab0e25737
tracking_without_comments,tracking_without_comments__7c574c6405_75ec25360b1ad076f683dc85c01cb39e1c1a73264f48f966__vs__0623cf25e8_fbd9a532ec1595761c8da6dc475ac9154c1d81c002e99cf5_redline_6fe4ab13ba,corpus/word/tracking_without_comments/docx/7c574c6405_75ec25360b1ad076f683dc85c01cb39e1c1a73264f48f966__vs__0623cf25e8_fbd9a532ec1595761c8da6dc475ac9154c1d81c002e99cf5_redline_6fe4ab13ba.docx,corpus/word/tracking_without_comments/pdf/7c574c6405_75ec25360b1ad076f683dc85c01cb39e1c1a73264f48f966__vs__0623cf25e8_fbd9a532ec1595761c8da6dc475ac9154c1d81c002e99cf5_redline_6fe4ab13ba.pdf,6fe4ab13ba16783d5161c40a0ef97669c322aad810ba4fe922ab502268137c32,b758e7f8757b7183fcf915f729e2149d7121aa964bc8d6a977f9cc5dfa4f21bd
tracking_without_comments,tracking_without_comments__7e0b49aa9d_heading_4_style_demo_id_paraid_overflow_2__vs__c71a7cc576_heading_4_style_demo_id_paraid_overflow_redline_5e300183fc,corpus/word/tracking_without_comments/docx/7e0b49aa9d_heading_4_style_demo_id_paraid_overflow_2__vs__c71a7cc576_heading_4_style_demo_id_paraid_overflow_redline_5e300183fc.docx,corpus/word/tracking_without_comments/pdf/7e0b49aa9d_heading_4_style_demo_id_paraid_overflow_2__vs__c71a7cc576_heading_4_style_demo_id_paraid_overflow_redline_5e300183fc.pdf,5e300183fcee13c7bb38735d040e9df5ad1706cd233f48b77e5f96eef477711b,0c2777928df4923c03316940e3c21c79f6ecfe790e3516df7b7c1dccd221a41d
tracking_without_comments,tracking_without_comments__7e77c2f888_file_120__vs__525c779243_file_121_redline_ec35cc3904,corpus/word/tracking_without_comments/docx/7e77c2f888_file_120__vs__525c779243_file_121_redline_ec35cc3904.docx,corpus/word/tracking_without_comments/pdf/7e77c2f888_file_120__vs__525c779243_file_121_redline_ec35cc3904.pdf,ec35cc39040798187d396345c5ab18f0f4ffcad769be81f46c06b839053906b5,57d93f82dbed46ed0c041c0b868c8ffadb3aae592c6ef9f17a6d8a14e648a61b
tracking_without_comments,tracking_without_comments__81f7cad226_009fa3f6b717df4d0e9371d67f305110d5096bc9178134b0__vs__bd3824dd1e_000ee64ef7226d353297888f59a251e24ce5d776fea000fa_redline_10c0151247,corpus/word/tracking_without_comments/docx/81f7cad226_009fa3f6b717df4d0e9371d67f305110d5096bc9178134b0__vs__bd3824dd1e_000ee64ef7226d353297888f59a251e24ce5d776fea000fa_redline_10c0151247.docx,corpus/word/tracking_without_comments/pdf/81f7cad226_009fa3f6b717df4d0e9371d67f305110d5096bc9178134b0__vs__bd3824dd1e_000ee64ef7226d353297888f59a251e24ce5d776fea000fa_redline_10c0151247.pdf,10c01512472094b7dcb08846e0abc0e279d97e7194e42740be862fd758bce0c0,75e8889d2832168c497d5149889416faf8448af03d0edd621ab2361e568e8870
tracking_without_comments,tracking_without_comments__83799a0610_00bced7d0ce7770362c5b667b5e92abefcbfcf5315a2bbf6__vs__2e04202552_000e3e7bd2d6215fc7b469cc3e296c1b2a510bc1abc7e0fd_redline_0b2a9d6d97,corpus/word/tracking_without_comments/docx/83799a0610_00bced7d0ce7770362c5b667b5e92abefcbfcf5315a2bbf6__vs__2e04202552_000e3e7bd2d6215fc7b469cc3e296c1b2a510bc1abc7e0fd_redline_0b2a9d6d97.docx,corpus/word/tracking_without_comments/pdf/83799a0610_00bced7d0ce7770362c5b667b5e92abefcbfcf5315a2bbf6__vs__2e04202552_000e3e7bd2d6215fc7b469cc3e296c1b2a510bc1abc7e0fd_redline_0b2a9d6d97.pdf,0b2a9d6d97ab52aabe7b4c55783a3c71c4496ff419b1985b1fca2a8ddbe559b5,6f9515bc0ea544305d34b9dafbb640264777ca997d3c575b389c93bbce00fbc1
tracking_without_comments,tracking_without_comments__860b6e457e_superscript_demo_id_paraid_overflow__vs__af458715aa_superscript_demo_style_default_missing_redline_894b1e6885,corpus/word/tracking_without_comments/docx/860b6e457e_superscript_demo_id_paraid_overflow__vs__af458715aa_superscript_demo_style_default_missing_redline_894b1e6885.docx,corpus/word/tracking_without_comments/pdf/860b6e457e_superscript_demo_id_paraid_overflow__vs__af458715aa_superscript_demo_style_default_missing_redline_894b1e6885.pdf,894b1e6885ee2faaba65f90a66247caa186572d978e97aab2de09d36b08015a4,47bafb236bc934619ef0f164a434027c0c894c40d8191a2749100364e8075161
tracking_without_comments,tracking_without_comments__87dc2ebfec_00ee07057c69b24e2be4bf1a2684792bf6141fdccc35d075__vs__2773adf157_0004c94ca2a8684d47449bb0e7abf87de1df71a7e6543252_redline_9e8fdebfa2,corpus/word/tracking_without_comments/docx/87dc2ebfec_00ee07057c69b24e2be4bf1a2684792bf6141fdccc35d075__vs__2773adf157_0004c94ca2a8684d47449bb0e7abf87de1df71a7e6543252_redline_9e8fdebfa2.docx,corpus/word/tracking_without_comments/pdf/87dc2ebfec_00ee07057c69b24e2be4bf1a2684792bf6141fdccc35d075__vs__2773adf157_0004c94ca2a8684d47449bb0e7abf87de1df71a7e6543252_redline_9e8fdebfa2.pdf,9e8fdebfa26886f2546b09de9b8849d8342061d0e2d4dad50acb5a78d1341039,19a1630871e69ccc1e78953df3c13c494c10c397458468c277eae97dc9c363fc
tracking_without_comments,tracking_without_comments__8afae5a971_justified_underline_demo_id_paraid_overflow__vs__f83dd8794c_justify_alignment_demo_id_paraid_overflow_2_redline_a7fd3b1771,corpus/word/tracking_without_comments/docx/8afae5a971_justified_underline_demo_id_paraid_overflow__vs__f83dd8794c_justify_alignment_demo_id_paraid_overflow_2_redline_a7fd3b1771.docx,corpus/word/tracking_without_comments/pdf/8afae5a971_justified_underline_demo_id_paraid_overflow__vs__f83dd8794c_justify_alignment_demo_id_paraid_overflow_2_redline_a7fd3b1771.pdf,a7fd3b177186e94a9e9d0f4f58b9445ae3e9c30629a8f0ba6544c62c46579d93,5bd6fe3315938bf56f023c53908b07db81f4719cb12d355b4f77a49aff0c9507
tracking_without_comments,tracking_without_comments__8c79860f8d_file_75__vs__d87d0dd9a8_file_76_redline_c05f91326d,corpus/word/tracking_without_comments/docx/8c79860f8d_file_75__vs__d87d0dd9a8_file_76_redline_c05f91326d.docx,corpus/word/tracking_without_comments/pdf/8c79860f8d_file_75__vs__d87d0dd9a8_file_76_redline_c05f91326d.pdf,c05f91326dfbb1dc4c6fb97e533f0f5d9ef17a550f7a2f383fd845b51c7cca66,812712e94d44362cc483db69d0c54866b643bc8de0b4a2d3570bc693c4fed1f7
tracking_without_comments,tracking_without_comments__8cd372b814_0193e5015be906eb45df5f7b3ceb682c7ff53cb52f15a0bf__vs__333bfe069a_003416d620331122b93b434dad901db5836f60d2cad4b533_redline_642d34f1f7,corpus/word/tracking_without_comments/docx/8cd372b814_0193e5015be906eb45df5f7b3ceb682c7ff53cb52f15a0bf__vs__333bfe069a_003416d620331122b93b434dad901db5836f60d2cad4b533_redline_642d34f1f7.docx,corpus/word/tracking_without_comments/pdf/8cd372b814_0193e5015be906eb45df5f7b3ceb682c7ff53cb52f15a0bf__vs__333bfe069a_003416d620331122b93b434dad901db5836f60d2cad4b533_redline_642d34f1f7.pdf,642d34f1f7b31619f98ab60c3ee36747f84687c137047234e25df05050dd74ea,bd68e840e9513db4c593d2c84a63f2d7c2a96f0a16f0913ae7ff34a408451d00
tracking_without_comments,tracking_without_comments__8e534b49f0_00a9b37342f07e6b9bd5b8fffbe4dd777d31053171e69da2__vs__bd3824dd1e_000ee64ef7226d353297888f59a251e24ce5d776fea000fa_redline_ea09a6505d,corpus/word/tracking_without_comments/docx/8e534b49f0_00a9b37342f07e6b9bd5b8fffbe4dd777d31053171e69da2__vs__bd3824dd1e_000ee64ef7226d353297888f59a251e24ce5d776fea000fa_redline_ea09a6505d.docx,corpus/word/tracking_without_comments/pdf/8e534b49f0_00a9b37342f07e6b9bd5b8fffbe4dd777d31053171e69da2__vs__bd3824dd1e_000ee64ef7226d353297888f59a251e24ce5d776fea000fa_redline_ea09a6505d.pdf,ea09a6505d65bc4bb017a3b497fd2c2e794a51ea66d0f45b7e956eb14deb2bc2,a51246509f2f7641c4873e204ec25123d72de405a0023b4888d0f671c4001300
tracking_without_comments,tracking_without_comments__8eef85ebbd_employee_directory_table__vs__e51fcdfdbe_employee_review_john_smith_suggesting_insertions_redline_32e4d51014,corpus/word/tracking_without_comments/docx/8eef85ebbd_employee_directory_table__vs__e51fcdfdbe_employee_review_john_smith_suggesting_insertions_redline_32e4d51014.docx,corpus/word/tracking_without_comments/pdf/8eef85ebbd_employee_directory_table__vs__e51fcdfdbe_employee_review_john_smith_suggesting_insertions_redline_32e4d51014.pdf,32e4d51014879ce70eddc059bfbd133dc4a46accc239e84625f2a8985c3e0685,a40b7cce4532e92e722768e591fe90bacde6e475141d991b217512f2825fcebc
tracking_without_comments,tracking_without_comments__91c68ac12f_jubarte_redline_t0,corpus/word/tracking_without_comments/docx/91c68ac12f_jubarte_redline_t0.docx,corpus/word/tracking_without_comments/pdf/91c68ac12f_jubarte_redline_t0.pdf,91c68ac12f06bf25b9aa93df58feaeaace95855cc6cc44d95fb0cb2c60aad9a4,3ad11a5dc7d6421dc785a7f61b396c05e9573dcbffa85519f0145eaa741986bf
tracking_without_comments,tracking_without_comments__93db7f65b3_project_plan_suggesting_insertions__vs__1558d2a6ec_project_proposal_id_paraid_overflow_redline_7d3f3e1a6d,corpus/word/tracking_without_comments/docx/93db7f65b3_project_plan_suggesting_insertions__vs__1558d2a6ec_project_proposal_id_paraid_overflow_redline_7d3f3e1a6d.docx,corpus/word/tracking_without_comments/pdf/93db7f65b3_project_plan_suggesting_insertions__vs__1558d2a6ec_project_proposal_id_paraid_overflow_redline_7d3f3e1a6d.pdf,7d3f3e1a6d48bc26314b4c5a44da642fda22022c1d5177323956e7f69b1f83ad,b46b8ec3d4558d664dc1979a614cc7b9e7cfec440dce34167799d1e3bc353d08
tracking_without_comments,tracking_without_comments__963d40d5f8_employee_review_john_smith_suggesting_insertions__vs__93485182eb_font_color_blue_demo_style_default_missing_redline_909ff013f1,corpus/word/tracking_without_comments/docx/963d40d5f8_employee_review_john_smith_suggesting_insertions__vs__93485182eb_font_color_blue_demo_style_default_missing_redline_909ff013f1.docx,corpus/word/tracking_without_comments/pdf/963d40d5f8_employee_review_john_smith_suggesting_insertions__vs__93485182eb_font_color_blue_demo_style_default_missing_redline_909ff013f1.pdf,909ff013f1387b668f470c468354c3f38724ca991e51025b5d82ae5aace866ce,4de20bd4d60d046df92d156b88626b3c58b3a5a3ebd4efafc08e23101d1b601c
tracking_without_comments,tracking_without_comments__98c8b73841_0041d3944715c2fffc5929695f968e5f399e85b139fba063__vs__deff0e697a_00b5defcad6e58038eac35472a2d48c89905068e5ece0cc3_redline_3f2003bc3e,corpus/word/tracking_without_comments/docx/98c8b73841_0041d3944715c2fffc5929695f968e5f399e85b139fba063__vs__deff0e697a_00b5defcad6e58038eac35472a2d48c89905068e5ece0cc3_redline_3f2003bc3e.docx,corpus/word/tracking_without_comments/pdf/98c8b73841_0041d3944715c2fffc5929695f968e5f399e85b139fba063__vs__deff0e697a_00b5defcad6e58038eac35472a2d48c89905068e5ece0cc3_redline_3f2003bc3e.pdf,3f2003bc3e6bd8db7c46cced170e7d76afe6c6e9ac291c3d12a9ef897e212326,5b6e1ed48336d2dd7c4460731f7f0843d190c0d7f8a76660a4d0ba055a9f4503
tracking_without_comments,tracking_without_comments__991f6468eb_bold_italic_combined_demo_id_paraid_overflow__vs__5d5ca75f29_bold_italic_underline_demo_id_paraid_overflow_redline_ccf58e83e0,corpus/word/tracking_without_comments/docx/991f6468eb_bold_italic_combined_demo_id_paraid_overflow__vs__5d5ca75f29_bold_italic_underline_demo_id_paraid_overflow_redline_ccf58e83e0.docx,corpus/word/tracking_without_comments/pdf/991f6468eb_bold_italic_combined_demo_id_paraid_overflow__vs__5d5ca75f29_bold_italic_underline_demo_id_paraid_overflow_redline_ccf58e83e0.pdf,ccf58e83e02b95e0173cfdf5d5f76999af5474099c9126e0b4535f9d0304c47e,6b55256bba3e048d1b08311bf8a54a453012dfc4eaacc7b09b7cf79a97314209
tracking_without_comments,tracking_without_comments__99ef9c7a7e_file_75__vs__c492c95bb9_file_76_redline_7810afa11e,corpus/word/tracking_without_comments/docx/99ef9c7a7e_file_75__vs__c492c95bb9_file_76_redline_7810afa11e.docx,corpus/word/tracking_without_comments/pdf/99ef9c7a7e_file_75__vs__c492c95bb9_file_76_redline_7810afa11e.pdf,7810afa11ef5056222590d096c36890ce3fa55770a067aa3f4fa98379941dfd1,1f3d62bbbf35b798821bc916f1d31eed686fbf2ba70afb624eb5feccf7813689
tracking_without_comments,tracking_without_comments__9af9772ce2_font_family_demo_id_paraid_overflow__vs__7cf8462738_font_size_12_demo_id_paraid_overflow_redline_3100fbed33,corpus/word/tracking_without_comments/docx/9af9772ce2_font_family_demo_id_paraid_overflow__vs__7cf8462738_font_size_12_demo_id_paraid_overflow_redline_3100fbed33.docx,corpus/word/tracking_without_comments/pdf/9af9772ce2_font_family_demo_id_paraid_overflow__vs__7cf8462738_font_size_12_demo_id_paraid_overflow_redline_3100fbed33.pdf,3100fbed332a79bc67547463b7d2e2d2c8a0ebc1b98b7fc8c334af4788dafede,de936db577ec4a3c3b7a34b4ab263bf9bc894d65268c8a32a3953d3234337d1b
tracking_without_comments,tracking_without_comments__9e148c8a5b_087cca64f59816ae7a72cf215df3f3504386e005223fda16__vs__e015887f5e_21349517e3ede36c589762c10778e9389afe8cfeef122b6c_redline_450945a41c,corpus/word/tracking_without_comments/docx/9e148c8a5b_087cca64f59816ae7a72cf215df3f3504386e005223fda16__vs__e015887f5e_21349517e3ede36c589762c10778e9389afe8cfeef122b6c_redline_450945a41c.docx,corpus/word/tracking_without_comments/pdf/9e148c8a5b_087cca64f59816ae7a72cf215df3f3504386e005223fda16__vs__e015887f5e_21349517e3ede36c589762c10778e9389afe8cfeef122b6c_redline_450945a41c.pdf,450945a41c0c7212c09dc5e899b7213f0fb9ce7a8b6dd575237c42a123e0ab2c,7952e7075bd195e6ff6572c140afccca37e888fd759aa8b093e704e5c1f0d725
tracking_without_comments,tracking_without_comments__9e80f22c51_behavior__word_native_bullet_circle_80d6f323__vs__79cb6b6c0f_behavior__word_native_bullet_disc_bfbeb2dd_redline_d520bb823d,corpus/word/tracking_without_comments/docx/9e80f22c51_behavior__word_native_bullet_circle_80d6f323__vs__79cb6b6c0f_behavior__word_native_bullet_disc_bfbeb2dd_redline_d520bb823d.docx,corpus/word/tracking_without_comments/pdf/9e80f22c51_behavior__word_native_bullet_circle_80d6f323__vs__79cb6b6c0f_behavior__word_native_bullet_disc_bfbeb2dd_redline_d520bb823d.pdf,d520bb823de2513e9b088ae8177d5bf6fe39ae906dd02631270a28de1fac4520,8037310a3e6a0e8c2eadbe8e1bd0bfa4132f02454bb1b7da0c2ffeb7df8c525d
tracking_without_comments,tracking_without_comments__9f2c60b301_d20125ec6aa52579b2e53d11212ae5e77501983055c37aca__vs__dafbdc6056_b2d5d9dbc708f2ae5f88e8524899cbbc8aad48d1775fd695_redline_d2327e0daf,corpus/word/tracking_without_comments/docx/9f2c60b301_d20125ec6aa52579b2e53d11212ae5e77501983055c37aca__vs__dafbdc6056_b2d5d9dbc708f2ae5f88e8524899cbbc8aad48d1775fd695_redline_d2327e0daf.docx,corpus/word/tracking_without_comments/pdf/9f2c60b301_d20125ec6aa52579b2e53d11212ae5e77501983055c37aca__vs__dafbdc6056_b2d5d9dbc708f2ae5f88e8524899cbbc8aad48d1775fd695_redline_d2327e0daf.pdf,d2327e0daf8c44f939eefb57ac593c5ca2a4d61543db164f380f69e75f67179f,c8a5321573976a3bf0cf22a90071594c4908cafe7b712fe4272d9be245c9807d
tracking_without_comments,tracking_without_comments__a05927a875_track_changes_suggesting_bold_id_paraid_overflow__vs__cc0b2ff816_track_changes_suggesting_calibri_id_paraid_overf_redline_6ba19c43e4,corpus/word/tracking_without_comments/docx/a05927a875_track_changes_suggesting_bold_id_paraid_overflow__vs__cc0b2ff816_track_changes_suggesting_calibri_id_paraid_overf_redline_6ba19c43e4.docx,corpus/word/tracking_without_comments/pdf/a05927a875_track_changes_suggesting_bold_id_paraid_overflow__vs__cc0b2ff816_track_changes_suggesting_calibri_id_paraid_overf_redline_6ba19c43e4.pdf,6ba19c43e44a5fbee9fd1e5585b697d884fafc4a93f5f3dbda2b689377666c15,8abfe7669aa56f2f342fd4e544a47f47d8dc9a6e69ad300c10584cc49494f29c
tracking_without_comments,tracking_without_comments__a0d89c6069_205503ead9_rejected_tracking,corpus/word/tracking_without_comments/docx/a0d89c6069_205503ead9_rejected_tracking.docx,corpus/word/tracking_without_comments/pdf/a0d89c6069_205503ead9_rejected_tracking.pdf,a0d89c60693510e0c04d382d6ad26ade49d9dc711c04a2a0736f888391f76187,a816b5b95f5fc297222036f3a4117f8487576ee99e1044f43da193944f69d83f
tracking_without_comments,tracking_without_comments__a291bf4a73_behavior__rtl_header_footer_e1ac81f6__vs__7c87c9cd93_super_editor__complex_list_def_short_fde20a67_redline_a3d368c883,corpus/word/tracking_without_comments/docx/a291bf4a73_behavior__rtl_header_footer_e1ac81f6__vs__7c87c9cd93_super_editor__complex_list_def_short_fde20a67_redline_a3d368c883.docx,corpus/word/tracking_without_comments/pdf/a291bf4a73_behavior__rtl_header_footer_e1ac81f6__vs__7c87c9cd93_super_editor__complex_list_def_short_fde20a67_redline_a3d368c883.pdf,a3d368c883f957049cd0dceec9461cd03af206e953a2b0b118773427cb6272c2,8d5329336514ad5c9ddfa4c85dd80277eb2e9d0dacf22a655f27bf44eb6f72ef
tracking_without_comments,tracking_without_comments__a2ae20465c_file_14,corpus/word/tracking_without_comments/docx/a2ae20465c_file_14.docx,corpus/word/tracking_without_comments/pdf/a2ae20465c_file_14.pdf,a2ae20465c919b794668c8663c2d6fdcd5500c2fd5bb164c617eef2f9849ac9c,ab7ec0f3c369a5fcf88c35a8bb107320678ce18cb3310432c0ee74b1f7d1b1d0
tracking_without_comments,tracking_without_comments__a378be6fbe_file_103__vs__a83d3922a8_file_104_redline_01549caf3b,corpus/word/tracking_without_comments/docx/a378be6fbe_file_103__vs__a83d3922a8_file_104_redline_01549caf3b.docx,corpus/word/tracking_without_comments/pdf/a378be6fbe_file_103__vs__a83d3922a8_file_104_redline_01549caf3b.pdf,01549caf3ba86cce5a0c7bd990b3ae9ab0f24b74683551879fdce21a5bfc4c59,79f874869bc28d8df4c1395e80e8df31043a05d46d1a7768247e85e711206387
tracking_without_comments,tracking_without_comments__a5eb266a1f_016236e3bf778292b45976ecd4a34b45d02104f47db7a3ca__vs__aa5340125d_00a4b0b91e9b5b072dc3771391c2d608518690eccf44eae8_redline_9a2234ae00,corpus/word/tracking_without_comments/docx/a5eb266a1f_016236e3bf778292b45976ecd4a34b45d02104f47db7a3ca__vs__aa5340125d_00a4b0b91e9b5b072dc3771391c2d608518690eccf44eae8_redline_9a2234ae00.docx,corpus/word/tracking_without_comments/pdf/a5eb266a1f_016236e3bf778292b45976ecd4a34b45d02104f47db7a3ca__vs__aa5340125d_00a4b0b91e9b5b072dc3771391c2d608518690eccf44eae8_redline_9a2234ae00.pdf,9a2234ae00689c2cc98277bf9961f713c255bc265d0e81317d4ebdb073b3f095,d647ca31c9e03d6a350cd96449c4b16f4f566574fa4044d0b2e0e5e35e37d0c9
tracking_without_comments,tracking_without_comments__a62ef11355_af838c136dcd3b6c93a648911f7fe7bcba87be8a27c66ac3__vs__d706876939_96241b469231f21192669d60dd79dcdf1be49260da2e0a7d_redline_f8c1ce3e92,corpus/word/tracking_without_comments/docx/a62ef11355_af838c136dcd3b6c93a648911f7fe7bcba87be8a27c66ac3__vs__d706876939_96241b469231f21192669d60dd79dcdf1be49260da2e0a7d_redline_f8c1ce3e92.docx,corpus/word/tracking_without_comments/pdf/a62ef11355_af838c136dcd3b6c93a648911f7fe7bcba87be8a27c66ac3__vs__d706876939_96241b469231f21192669d60dd79dcdf1be49260da2e0a7d_redline_f8c1ce3e92.pdf,f8c1ce3e92de72bfb322dfb27667d70082be4c0600a3cd3f776b315e8f7feb85,095e5a48a6ed334ad17678593a205e501c46233a6cf1b6f2c25059e260071ba7
tracking_without_comments,tracking_without_comments__a88f2ae357_0095a6095a0f74201c196f4944b3d93f4cf5cc20e4982903__vs__2e04202552_000e3e7bd2d6215fc7b469cc3e296c1b2a510bc1abc7e0fd_redline_2e0922f49a,corpus/word/tracking_without_comments/docx/a88f2ae357_0095a6095a0f74201c196f4944b3d93f4cf5cc20e4982903__vs__2e04202552_000e3e7bd2d6215fc7b469cc3e296c1b2a510bc1abc7e0fd_redline_2e0922f49a.docx,corpus/word/tracking_without_comments/pdf/a88f2ae357_0095a6095a0f74201c196f4944b3d93f4cf5cc20e4982903__vs__2e04202552_000e3e7bd2d6215fc7b469cc3e296c1b2a510bc1abc7e0fd_redline_2e0922f49a.pdf,2e0922f49ae8ff2bca0d224be06c048878c6755d791e807b0cf650054cd143e0,447a2f97022f75f1a74f9bdac564de3d9b156131d1fa1e41206214a7ae1dde96
tracking_without_comments,tracking_without_comments__a9e2f2c9c6_03db4d3e4022d9613a4bbbb7f7b4bc98bed915d4491cb897__vs__c1cedb8036_69a2a8e394a84cca8e1967d25209161383ea946367eb075a_redline_00896f454e,corpus/word/tracking_without_comments/docx/a9e2f2c9c6_03db4d3e4022d9613a4bbbb7f7b4bc98bed915d4491cb897__vs__c1cedb8036_69a2a8e394a84cca8e1967d25209161383ea946367eb075a_redline_00896f454e.docx,corpus/word/tracking_without_comments/pdf/a9e2f2c9c6_03db4d3e4022d9613a4bbbb7f7b4bc98bed915d4491cb897__vs__c1cedb8036_69a2a8e394a84cca8e1967d25209161383ea946367eb075a_redline_00896f454e.pdf,00896f454e453da0df8de58751bb8cc8fa9fbae5763f5dfadc435538592ffecf,c4bac70689828e17da3c0791fd0830b78016fdd35e96e92948e67a64ac5dbc63
tracking_without_comments,tracking_without_comments__ab064d6482_super_editor__table_width_issue_20b01504__vs__8df6dfa8d7_alternate_content_redline_5c927b4333,corpus/word/tracking_without_comments/docx/ab064d6482_super_editor__table_width_issue_20b01504__vs__8df6dfa8d7_alternate_content_redline_5c927b4333.docx,corpus/word/tracking_without_comments/pdf/ab064d6482_super_editor__table_width_issue_20b01504__vs__8df6dfa8d7_alternate_content_redline_5c927b4333.pdf,5c927b433374232c0a7a725158be5e8925836e404c5e4115d238fbc8c3cf5c98,85211ea22d5ddc491a568f749bd6cb7567a7afb5dfafb4cb9cc13a0746c517d0
tracking_without_comments,tracking_without_comments__af2ea13761_6a0524deb86b08f0fb55dcbb7d469deacb25532f08824945__vs__1068eb5017_793c14bc1529c16f30ac69b82ca152f39f534a1a3f3f90e4_redline_5d8e97b0c5,corpus/word/tracking_without_comments/docx/af2ea13761_6a0524deb86b08f0fb55dcbb7d469deacb25532f08824945__vs__1068eb5017_793c14bc1529c16f30ac69b82ca152f39f534a1a3f3f90e4_redline_5d8e97b0c5.docx,corpus/word/tracking_without_comments/pdf/af2ea13761_6a0524deb86b08f0fb55dcbb7d469deacb25532f08824945__vs__1068eb5017_793c14bc1529c16f30ac69b82ca152f39f534a1a3f3f90e4_redline_5d8e97b0c5.pdf,5d8e97b0c5641ed06e24c2f160f238e32599529815f973972f3a6b4cb53d0140,d29c6cdfde70defba3cd7b28038352f4bb9ab1bcad3fefc6173dc698159d451d
tracking_without_comments,tracking_without_comments__af458715aa_superscript_demo_style_default_missing__vs__c917cc5055_support_tickets_summary_id_paraid_overflow_redline_733ae46745,corpus/word/tracking_without_comments/docx/af458715aa_superscript_demo_style_default_missing__vs__c917cc5055_support_tickets_summary_id_paraid_overflow_redline_733ae46745.docx,corpus/word/tracking_without_comments/pdf/af458715aa_superscript_demo_style_default_missing__vs__c917cc5055_support_tickets_summary_id_paraid_overflow_redline_733ae46745.pdf,733ae467454c189f64f8cec717e2ebea21700cc062f647badc08929a6bf3694f,5b6b9222b0be591a17b71131a1f49790dcbe34bf15857688566c3a14aa519b99
tracking_without_comments,tracking_without_comments__af540c50e4_00edeec4b73ab68a9a4e2b0281464f067656d89fc9969ab4__vs__2e04202552_000e3e7bd2d6215fc7b469cc3e296c1b2a510bc1abc7e0fd_redline_a702002b5b,corpus/word/tracking_without_comments/docx/af540c50e4_00edeec4b73ab68a9a4e2b0281464f067656d89fc9969ab4__vs__2e04202552_000e3e7bd2d6215fc7b469cc3e296c1b2a510bc1abc7e0fd_redline_a702002b5b.docx,corpus/word/tracking_without_comments/pdf/af540c50e4_00edeec4b73ab68a9a4e2b0281464f067656d89fc9969ab4__vs__2e04202552_000e3e7bd2d6215fc7b469cc3e296c1b2a510bc1abc7e0fd_redline_a702002b5b.pdf,a702002b5b0231cff8123c3cf4405d4024aa38ea1549bb7bc61dded8f1adab1e,c38752dec08a9cf1f63735ab17b30575700c872528e6ad045027b561560c95eb
tracking_without_comments,tracking_without_comments__b27bda87ed_0023f7c421a05af9c44fb4ff9ef1bce46c53a081779b1e72__vs__2e04202552_000e3e7bd2d6215fc7b469cc3e296c1b2a510bc1abc7e0fd_redline_bfd8504834,corpus/word/tracking_without_comments/docx/b27bda87ed_0023f7c421a05af9c44fb4ff9ef1bce46c53a081779b1e72__vs__2e04202552_000e3e7bd2d6215fc7b469cc3e296c1b2a510bc1abc7e0fd_redline_bfd8504834.docx,corpus/word/tracking_without_comments/pdf/b27bda87ed_0023f7c421a05af9c44fb4ff9ef1bce46c53a081779b1e72__vs__2e04202552_000e3e7bd2d6215fc7b469cc3e296c1b2a510bc1abc7e0fd_redline_bfd8504834.pdf,bfd8504834f2b9e3d5088c6a55903068d1b0aa1d976d9eb386bd0c8568dc45ce,c55fed7495d495c10ced3bf82cac435296d6eb4af7d2e4414fd6d990ff299e98
tracking_without_comments,tracking_without_comments__b27bda87ed_0023f7c421a05af9c44fb4ff9ef1bce46c53a081779b1e72__vs__deff0e697a_00b5defcad6e58038eac35472a2d48c89905068e5ece0cc3_redline_84af8aeb48,corpus/word/tracking_without_comments/docx/b27bda87ed_0023f7c421a05af9c44fb4ff9ef1bce46c53a081779b1e72__vs__deff0e697a_00b5defcad6e58038eac35472a2d48c89905068e5ece0cc3_redline_84af8aeb48.docx,corpus/word/tracking_without_comments/pdf/b27bda87ed_0023f7c421a05af9c44fb4ff9ef1bce46c53a081779b1e72__vs__deff0e697a_00b5defcad6e58038eac35472a2d48c89905068e5ece0cc3_redline_84af8aeb48.pdf,84af8aeb483f2e8f5a2e6f12464df6f61957eee0d48bff8d7b9212abced661ae,25540681893e46ac604b3c432277f3afe77a9b36c31bb8d9b099683748ab40fc
tracking_without_comments,tracking_without_comments__b27c7b34e9_super_editor__heading_font_46041620__vs__bf50ee8ac4_super_editor__hummingbird_c5e5ac81_redline_29eeca5c14,corpus/word/tracking_without_comments/docx/b27c7b34e9_super_editor__heading_font_46041620__vs__bf50ee8ac4_super_editor__hummingbird_c5e5ac81_redline_29eeca5c14.docx,corpus/word/tracking_without_comments/pdf/b27c7b34e9_super_editor__heading_font_46041620__vs__bf50ee8ac4_super_editor__hummingbird_c5e5ac81_redline_29eeca5c14.pdf,29eeca5c14a2091c7cedf97797133fd79d7ad58d7d012bc638d9c94569608818,71b55b2a3bd2c78659aae787cbcee7d8da789a93fd5393da235c30b3d7e63930
tracking_without_comments,tracking_without_comments__b2aba6af49_af7f234031b030c204bb9d410ee3e339406faa0e97eaa8bc__vs__f235c0d3f7_ad2add2aad4f07a8bab66ba9df06bac74d5dd077c6809d37_redline_86518c6d5b,corpus/word/tracking_without_comments/docx/b2aba6af49_af7f234031b030c204bb9d410ee3e339406faa0e97eaa8bc__vs__f235c0d3f7_ad2add2aad4f07a8bab66ba9df06bac74d5dd077c6809d37_redline_86518c6d5b.docx,corpus/word/tracking_without_comments/pdf/b2aba6af49_af7f234031b030c204bb9d410ee3e339406faa0e97eaa8bc__vs__f235c0d3f7_ad2add2aad4f07a8bab66ba9df06bac74d5dd077c6809d37_redline_86518c6d5b.pdf,86518c6d5b6a818c66fb71d8a71ecb6fb86bf50b4fae27bbe02cb669207470a5,0f392f446e7ede6b9ce7d36ce1b3ab5c95a71c45272519f664391219dbb6d345
tracking_without_comments,tracking_without_comments__b6dd0b6ae8_015a4f5a16a110026418c0a7f5eefa69ce6d5f9bcfc2d955__vs__333bfe069a_003416d620331122b93b434dad901db5836f60d2cad4b533_redline_59dbbc9d85,corpus/word/tracking_without_comments/docx/b6dd0b6ae8_015a4f5a16a110026418c0a7f5eefa69ce6d5f9bcfc2d955__vs__333bfe069a_003416d620331122b93b434dad901db5836f60d2cad4b533_redline_59dbbc9d85.docx,corpus/word/tracking_without_comments/pdf/b6dd0b6ae8_015a4f5a16a110026418c0a7f5eefa69ce6d5f9bcfc2d955__vs__333bfe069a_003416d620331122b93b434dad901db5836f60d2cad4b533_redline_59dbbc9d85.pdf,59dbbc9d85ef7689640473016af3c1ec63bf986790f3d04749011ea1093f6ec7,32728fc6968d56030906f8417f47454de6f04a597c79dc8db8eb4304dc92b8bd
tracking_without_comments,tracking_without_comments__b6dd0b6ae8_015a4f5a16a110026418c0a7f5eefa69ce6d5f9bcfc2d955__vs__aa5340125d_00a4b0b91e9b5b072dc3771391c2d608518690eccf44eae8_redline_e54e43a5e5,corpus/word/tracking_without_comments/docx/b6dd0b6ae8_015a4f5a16a110026418c0a7f5eefa69ce6d5f9bcfc2d955__vs__aa5340125d_00a4b0b91e9b5b072dc3771391c2d608518690eccf44eae8_redline_e54e43a5e5.docx,corpus/word/tracking_without_comments/pdf/b6dd0b6ae8_015a4f5a16a110026418c0a7f5eefa69ce6d5f9bcfc2d955__vs__aa5340125d_00a4b0b91e9b5b072dc3771391c2d608518690eccf44eae8_redline_e54e43a5e5.pdf,e54e43a5e5acba5724c674ab01dd000d861cfd9b3f698fb0b550531ffd612177,fc3ee9e6d88a31e43b2fdb50d50e0ea4b99e818fdd1c69ff71e42fac6fc2a9be
tracking_without_comments,tracking_without_comments__b8b44bb609_52ee8bfbc7_rejected_tracking,corpus/word/tracking_without_comments/docx/b8b44bb609_52ee8bfbc7_rejected_tracking.docx,corpus/word/tracking_without_comments/pdf/b8b44bb609_52ee8bfbc7_rejected_tracking.pdf,b8b44bb6096b62f7c388eb2ec577cecc15bc8a0b397c997be222a5621713f92c,4d7d43cb66269dde4e72432e8fc1b831230d183598b46ff4ffc3d0488accc0d8
tracking_without_comments,tracking_without_comments__bc514b554e_00d979c97e42f03faff5f49e2a7dfa9afd30996214602e19__vs__5203829c7a_001cc92b88566d5f930fe57f25813c0bf52a7bdc72c217d0_redline_e16b4e056d,corpus/word/tracking_without_comments/docx/bc514b554e_00d979c97e42f03faff5f49e2a7dfa9afd30996214602e19__vs__5203829c7a_001cc92b88566d5f930fe57f25813c0bf52a7bdc72c217d0_redline_e16b4e056d.docx,corpus/word/tracking_without_comments/pdf/bc514b554e_00d979c97e42f03faff5f49e2a7dfa9afd30996214602e19__vs__5203829c7a_001cc92b88566d5f930fe57f25813c0bf52a7bdc72c217d0_redline_e16b4e056d.pdf,e16b4e056d28d65b75fcbaf78be7c789c2979fc6cfd0b53c749ffa7d02a603e4,171fafc0f17e12c3c6c82d229631ddd15cdae3f79b154d3fc3f4be60347f61f6
tracking_without_comments,tracking_without_comments__bdf199d4af_file_61__vs__2a9c68ed33_file_62_redline_c468945d63,corpus/word/tracking_without_comments/docx/bdf199d4af_file_61__vs__2a9c68ed33_file_62_redline_c468945d63.docx,corpus/word/tracking_without_comments/pdf/bdf199d4af_file_61__vs__2a9c68ed33_file_62_redline_c468945d63.pdf,c468945d63e69bdc15d1d8b1559fee662d90e07590348cbd45a46c7211f2bdb3,c6cbe952d39c72aa1207399be03d903d3717d80ae9efb9dfc1b9d114270f1e94
tracking_without_comments,tracking_without_comments__c20e9b2d21_font_size_24_demo_id_paraid_overflow__vs__f8ecf81d8b_font_size_demo_id_paraid_overflow_redline_c58edd95f2,corpus/word/tracking_without_comments/docx/c20e9b2d21_font_size_24_demo_id_paraid_overflow__vs__f8ecf81d8b_font_size_demo_id_paraid_overflow_redline_c58edd95f2.docx,corpus/word/tracking_without_comments/pdf/c20e9b2d21_font_size_24_demo_id_paraid_overflow__vs__f8ecf81d8b_font_size_demo_id_paraid_overflow_redline_c58edd95f2.pdf,c58edd95f2b0736dd3a79b3842fdb75945f47bb19bf832cf337bcd911b65f603,345303f20a815e03f8666a06c947dd352478fc1ce415b6335f29362bceee2b47
tracking_without_comments,tracking_without_comments__c21d15c9e9_track_changes_suggesting_center_id_paraid_overfl__vs__e0e59cf962_track_changes_suggesting_heading_id_paraid_overf_redline_f137e740f1,corpus/word/tracking_without_comments/docx/c21d15c9e9_track_changes_suggesting_center_id_paraid_overfl__vs__e0e59cf962_track_changes_suggesting_heading_id_paraid_overf_redline_f137e740f1.docx,corpus/word/tracking_without_comments/pdf/c21d15c9e9_track_changes_suggesting_center_id_paraid_overfl__vs__e0e59cf962_track_changes_suggesting_heading_id_paraid_overf_redline_f137e740f1.pdf,f137e740f14478e134655a355ca7d04b77ba6e8cd87a0b244b23537e771070ba,d80a13256f0483247feb1be5db3f3f0305e6d4052ee0201b4e67f228ab069565
tracking_without_comments,tracking_without_comments__c40c88e402_project_tasks_suggesting_insertions__vs__d0a21b7c3c_q1_sales_summary_table_2_redline_f9d6035f66,corpus/word/tracking_without_comments/docx/c40c88e402_project_tasks_suggesting_insertions__vs__d0a21b7c3c_q1_sales_summary_table_2_redline_f9d6035f66.docx,corpus/word/tracking_without_comments/pdf/c40c88e402_project_tasks_suggesting_insertions__vs__d0a21b7c3c_q1_sales_summary_table_2_redline_f9d6035f66.pdf,f9d6035f66123eafcfb396ea6b80cd60d0640d79aff347d7f6067a0d73f1d273,08a4ba8a226da8918708fe24983bc9613bccae2dfd012b8b7a9767907a6f0ff3
tracking_without_comments,tracking_without_comments__c500e0081f_file_101__vs__dd36ffac72_file_102_redline_cce9f0c028,corpus/word/tracking_without_comments/docx/c500e0081f_file_101__vs__dd36ffac72_file_102_redline_cce9f0c028.docx,corpus/word/tracking_without_comments/pdf/c500e0081f_file_101__vs__dd36ffac72_file_102_redline_cce9f0c028.pdf,cce9f0c0282ae1af0b5f267771bd7a0ed19adff6abbc7b0cb98a630ea0aaac7f,4edd8e9045c29d7a0be748b3e34a23b22b4387bc37a46b6254498537459a943f
tracking_without_comments,tracking_without_comments__c66a4f1b1a_a52462ea98_accepted_tracking,corpus/word/tracking_without_comments/docx/c66a4f1b1a_a52462ea98_accepted_tracking.docx,corpus/word/tracking_without_comments/pdf/c66a4f1b1a_a52462ea98_accepted_tracking.pdf,c66a4f1b1a88ed01e319440d9eb092141d65f140cbe0ea06e7a67adf07bf6d69,37dc761d40b9864850cdc8c379a6b2f140375db1a4f72baad9f30a2377647b4b
tracking_without_comments,tracking_without_comments__c6f9b1571d_red_bold_heading_demo_style_default_missing__vs__0332219534_red_bold_text_demo_id_paraid_overflow_redline_6944078218,corpus/word/tracking_without_comments/docx/c6f9b1571d_red_bold_heading_demo_style_default_missing__vs__0332219534_red_bold_text_demo_id_paraid_overflow_redline_6944078218.docx,corpus/word/tracking_without_comments/pdf/c6f9b1571d_red_bold_heading_demo_style_default_missing__vs__0332219534_red_bold_text_demo_id_paraid_overflow_redline_6944078218.pdf,69440782186074520b0859782c752495f1c33ee45faccfe2001b5831d396112f,bf070ec112d54706e20975939ab4ae86881b3102e976d53cfa68b92a27ee37b9
tracking_without_comments,tracking_without_comments__c7dbacb26a_file_37__vs__fdaf71bd6b_file_38_redline_135dfbf65a,corpus/word/tracking_without_comments/docx/c7dbacb26a_file_37__vs__fdaf71bd6b_file_38_redline_135dfbf65a.docx,corpus/word/tracking_without_comments/pdf/c7dbacb26a_file_37__vs__fdaf71bd6b_file_38_redline_135dfbf65a.pdf,135dfbf65a376e7ebf341c898d02c6058c8d4f560344e03ccb314004958b953a,dac11c6be9cbcd3fab91c7f82af26c9a3b47abab3b945e760901b1bd33c704e1
tracking_without_comments,tracking_without_comments__c90bde92a4_file_35__vs__47709fa472_file_36_redline_41fd707d15,corpus/word/tracking_without_comments/docx/c90bde92a4_file_35__vs__47709fa472_file_36_redline_41fd707d15.docx,corpus/word/tracking_without_comments/pdf/c90bde92a4_file_35__vs__47709fa472_file_36_redline_41fd707d15.pdf,41fd707d1595522ba10feddeb0f537b5261682cbf83004d7269b03c6acd460d0,3d144717a7ff6101f32366b24b500432dfad21f5200b0affe6369638db4cdbf8
tracking_without_comments,tracking_without_comments__cb340e4c6a_center_alignment_demo_id_paraid_overflow__vs__8a7f242026_center_bold_demo_id_paraid_overflow_redline_64a9e685b5,corpus/word/tracking_without_comments/docx/cb340e4c6a_center_alignment_demo_id_paraid_overflow__vs__8a7f242026_center_bold_demo_id_paraid_overflow_redline_64a9e685b5.docx,corpus/word/tracking_without_comments/pdf/cb340e4c6a_center_alignment_demo_id_paraid_overflow__vs__8a7f242026_center_bold_demo_id_paraid_overflow_redline_64a9e685b5.pdf,64a9e685b59cf65c47b56331883db7cddff3de385be9002c0fd53d0ae2b31845,c7788b025f8ee9a95b0f4f1fcb2b59b67d94e3c3df5f393479c54461c26a796b
tracking_without_comments,tracking_without_comments__cdf27ad0d3_behavior__sd_2672_nested_table_dfac08bb__vs__18b8dd8ea3_behavior__sd_2672_plain_3x3_87943d5d_redline_46cccac5f4,corpus/word/tracking_without_comments/docx/cdf27ad0d3_behavior__sd_2672_nested_table_dfac08bb__vs__18b8dd8ea3_behavior__sd_2672_plain_3x3_87943d5d_redline_46cccac5f4.docx,corpus/word/tracking_without_comments/pdf/cdf27ad0d3_behavior__sd_2672_nested_table_dfac08bb__vs__18b8dd8ea3_behavior__sd_2672_plain_3x3_87943d5d_redline_46cccac5f4.pdf,46cccac5f4e17a7518339ef8d5502db0f7961ba7856d3e28d29491ac8808c7b6,b34a774baa26b1079e86cdee2bda1997a84b89d6aabdd02d6070cab1c8102d6f
tracking_without_comments,tracking_without_comments__d09a2f8509_00b5aa69a6c33b2725953348488d62605dc209411d01f80a__vs__a5f2b9318d_002aa60c2ae1187417b4b157c5ec6450324cc056ec551a12_redline_e7d9a076ba,corpus/word/tracking_without_comments/docx/d09a2f8509_00b5aa69a6c33b2725953348488d62605dc209411d01f80a__vs__a5f2b9318d_002aa60c2ae1187417b4b157c5ec6450324cc056ec551a12_redline_e7d9a076ba.docx,corpus/word/tracking_without_comments/pdf/d09a2f8509_00b5aa69a6c33b2725953348488d62605dc209411d01f80a__vs__a5f2b9318d_002aa60c2ae1187417b4b157c5ec6450324cc056ec551a12_redline_e7d9a076ba.pdf,e7d9a076ba408189e1edb8b6a6d07c50be28123dafdf0ded709187e362829a01,c7e0a3ba6a223db363703d152c9b77f7bee8acc87e2bade587e79127690345c0
tracking_without_comments,tracking_without_comments__d606327b4e_5c1229df35b4f4d9c161eb0e78d69d78168751c82ed36e23__vs__0796a8a2d6_449a3bc16d4c3f2f1c9d6bbac06f7ebbd864234fe008742f_redline_d2e3a1346e,corpus/word/tracking_without_comments/docx/d606327b4e_5c1229df35b4f4d9c161eb0e78d69d78168751c82ed36e23__vs__0796a8a2d6_449a3bc16d4c3f2f1c9d6bbac06f7ebbd864234fe008742f_redline_d2e3a1346e.docx,corpus/word/tracking_without_comments/pdf/d606327b4e_5c1229df35b4f4d9c161eb0e78d69d78168751c82ed36e23__vs__0796a8a2d6_449a3bc16d4c3f2f1c9d6bbac06f7ebbd864234fe008742f_redline_d2e3a1346e.pdf,d2e3a1346ec22a710ea8a14f6ca4c1d4fd076fd2a81ff85b2284cf9f69cf8ccc,98bf7cf50384128e5fe7e03a29ee6871c04d7389e910f8cb69f3ce49e525a8ac
tracking_without_comments,tracking_without_comments__d6229441a5_0022208cff905cd74261067032c22afa148e0f63496c7f66__vs__2e04202552_000e3e7bd2d6215fc7b469cc3e296c1b2a510bc1abc7e0fd_redline_f195c279be,corpus/word/tracking_without_comments/docx/d6229441a5_0022208cff905cd74261067032c22afa148e0f63496c7f66__vs__2e04202552_000e3e7bd2d6215fc7b469cc3e296c1b2a510bc1abc7e0fd_redline_f195c279be.docx,corpus/word/tracking_without_comments/pdf/d6229441a5_0022208cff905cd74261067032c22afa148e0f63496c7f66__vs__2e04202552_000e3e7bd2d6215fc7b469cc3e296c1b2a510bc1abc7e0fd_redline_f195c279be.pdf,f195c279bebbdbd7af051b430a5906e05cd5183e7aabb986f2a73002a85b299f,f7a5a75823e4574e60349c7a1d953eb3b79ec7c9afc95cd6e639d352d8818d15
tracking_without_comments,tracking_without_comments__d6229441a5_0022208cff905cd74261067032c22afa148e0f63496c7f66__vs__bd3824dd1e_000ee64ef7226d353297888f59a251e24ce5d776fea000fa_redline_d1ee2400d5,corpus/word/tracking_without_comments/docx/d6229441a5_0022208cff905cd74261067032c22afa148e0f63496c7f66__vs__bd3824dd1e_000ee64ef7226d353297888f59a251e24ce5d776fea000fa_redline_d1ee2400d5.docx,corpus/word/tracking_without_comments/pdf/d6229441a5_0022208cff905cd74261067032c22afa148e0f63496c7f66__vs__bd3824dd1e_000ee64ef7226d353297888f59a251e24ce5d776fea000fa_redline_d1ee2400d5.pdf,d1ee2400d576e76c41ecd994c3cd354676835b60edadd2e8f4fefe612ae8a34b,6878eed6abf0bb67ecdf38c511f8de2c6af561ec8badec8c9a160848d620f04f
tracking_without_comments,tracking_without_comments__d6229441a5_0022208cff905cd74261067032c22afa148e0f63496c7f66__vs__deff0e697a_00b5defcad6e58038eac35472a2d48c89905068e5ece0cc3_redline_668dfd16e6,corpus/word/tracking_without_comments/docx/d6229441a5_0022208cff905cd74261067032c22afa148e0f63496c7f66__vs__deff0e697a_00b5defcad6e58038eac35472a2d48c89905068e5ece0cc3_redline_668dfd16e6.docx,corpus/word/tracking_without_comments/pdf/d6229441a5_0022208cff905cd74261067032c22afa148e0f63496c7f66__vs__deff0e697a_00b5defcad6e58038eac35472a2d48c89905068e5ece0cc3_redline_668dfd16e6.pdf,668dfd16e6061497eae2f467376d35d738ca9c691a79020dbd6d115b63f8a473,579a3b158304f6d7cb9cd7b41ee5b50eb20d8189c019e07e4406f379899282c4
tracking_without_comments,tracking_without_comments__d62736ce40_file_128__vs__f4faa3ad63_file_129_redline_95226ea1b7,corpus/word/tracking_without_comments/docx/d62736ce40_file_128__vs__f4faa3ad63_file_129_redline_95226ea1b7.docx,corpus/word/tracking_without_comments/pdf/d62736ce40_file_128__vs__f4faa3ad63_file_129_redline_95226ea1b7.pdf,95226ea1b7ea706cbe656b94f7f528c7dd0a9a091a26f32edee34a26e327da56,f67656b74aa5c47670ee3c7ca9d7db6006919b31b7214ca2d5b372f69d8e69c1
tracking_without_comments,tracking_without_comments__d9321981c0_4152fc2c61833859abf17195561c7b789ee5f2672881e477__vs__c0244672eb_45b4c6e76930adcb64f88166517b8bfc7e7c963a1a342b4c_redline_4b66d5f6e9,corpus/word/tracking_without_comments/docx/d9321981c0_4152fc2c61833859abf17195561c7b789ee5f2672881e477__vs__c0244672eb_45b4c6e76930adcb64f88166517b8bfc7e7c963a1a342b4c_redline_4b66d5f6e9.docx,corpus/word/tracking_without_comments/pdf/d9321981c0_4152fc2c61833859abf17195561c7b789ee5f2672881e477__vs__c0244672eb_45b4c6e76930adcb64f88166517b8bfc7e7c963a1a342b4c_redline_4b66d5f6e9.pdf,4b66d5f6e98243c4502259b24e7f87be8e4a19c33b105a900c37c22d6155ce1d,de73571fd36afda8a5a510750e4fba50dcf54275efccf0ed22de2ed321c81c37
tracking_without_comments,tracking_without_comments__da2ab05f0b_file_50__vs__583fd6d9cb_file_51_redline_fa10b51c93,corpus/word/tracking_without_comments/docx/da2ab05f0b_file_50__vs__583fd6d9cb_file_51_redline_fa10b51c93.docx,corpus/word/tracking_without_comments/pdf/da2ab05f0b_file_50__vs__583fd6d9cb_file_51_redline_fa10b51c93.pdf,fa10b51c938bc3c41d2ddc3e48c084ec4d55149ade53e244df51448c7e9bc466,66c905917caf2d96f7d4852e2a8853a3ac56db78ba3c5a0c42792ccdb86737b3
tracking_without_comments,tracking_without_comments__dd6dbfb284_super_editor__diff_after2_fc1e0763__vs__14211b982b_super_editor__simple_ordered_list_8288421a_redline_6529d3bcd8,corpus/word/tracking_without_comments/docx/dd6dbfb284_super_editor__diff_after2_fc1e0763__vs__14211b982b_super_editor__simple_ordered_list_8288421a_redline_6529d3bcd8.docx,corpus/word/tracking_without_comments/pdf/dd6dbfb284_super_editor__diff_after2_fc1e0763__vs__14211b982b_super_editor__simple_ordered_list_8288421a_redline_6529d3bcd8.pdf,6529d3bcd84cf0afe219b56fcf9380c98aed05f269a40ae46737f1ff223a3ebf,b7b6ccddbd2dd801623146bd53faa92b70af493f77c3f2a3e078324145b00974
tracking_without_comments,tracking_without_comments__dd85373a71_008b84e05498068c49efc5a0b73f9d5ae7992f045de8c514__vs__333bfe069a_003416d620331122b93b434dad901db5836f60d2cad4b533_redline_18b8ae1706,corpus/word/tracking_without_comments/docx/dd85373a71_008b84e05498068c49efc5a0b73f9d5ae7992f045de8c514__vs__333bfe069a_003416d620331122b93b434dad901db5836f60d2cad4b533_redline_18b8ae1706.docx,corpus/word/tracking_without_comments/pdf/dd85373a71_008b84e05498068c49efc5a0b73f9d5ae7992f045de8c514__vs__333bfe069a_003416d620331122b93b434dad901db5836f60d2cad4b533_redline_18b8ae1706.pdf,18b8ae170698172e44780a29d89c4c8e4f19f10b83e881285cf13032be94f459,ec713a6305d4d560fc358cd4d6b42871db2a56c40b728b567c30dccffa6e9a60
tracking_without_comments,tracking_without_comments__e1c745d784_008243ee20adecbf2ae39c9e6809b022076aa166a4a4f9ec__vs__aa5340125d_00a4b0b91e9b5b072dc3771391c2d608518690eccf44eae8_redline_4b8e914996,corpus/word/tracking_without_comments/docx/e1c745d784_008243ee20adecbf2ae39c9e6809b022076aa166a4a4f9ec__vs__aa5340125d_00a4b0b91e9b5b072dc3771391c2d608518690eccf44eae8_redline_4b8e914996.docx,corpus/word/tracking_without_comments/pdf/e1c745d784_008243ee20adecbf2ae39c9e6809b022076aa166a4a4f9ec__vs__aa5340125d_00a4b0b91e9b5b072dc3771391c2d608518690eccf44eae8_redline_4b8e914996.pdf,4b8e9149964979ce7ac89b3d702162d02c01de8781d110f7ce199698584b0f96,f5f479a38a7c35cb7fead2254ef3413c9c2a748d2e5ad075c27e157f20806f11
tracking_without_comments,tracking_without_comments__e4a3a561ca_eb69ea90d9396386d231b2853b5f141a4312bddb262d96e2,corpus/word/tracking_without_comments/docx/e4a3a561ca_eb69ea90d9396386d231b2853b5f141a4312bddb262d96e2.docx,corpus/word/tracking_without_comments/pdf/e4a3a561ca_eb69ea90d9396386d231b2853b5f141a4312bddb262d96e2.pdf,e4a3a561caf0c8035937aed0ab979babbc44ca77dd1ef23a1032c8a285dfe824,646d5aca00b8beeed1e564505f8e063ceca65a42f9a9733b007780dd87628dfd
tracking_without_comments,tracking_without_comments__e51fcdfdbe_employee_review_john_smith_suggesting_insertions__vs__b1564f6aaf_font_color_blue_demo_style_default_missing_redline_30eb0f2233,corpus/word/tracking_without_comments/docx/e51fcdfdbe_employee_review_john_smith_suggesting_insertions__vs__b1564f6aaf_font_color_blue_demo_style_default_missing_redline_30eb0f2233.docx,corpus/word/tracking_without_comments/pdf/e51fcdfdbe_employee_review_john_smith_suggesting_insertions__vs__b1564f6aaf_font_color_blue_demo_style_default_missing_redline_30eb0f2233.pdf,30eb0f2233121580f1e2b608e72d4c96389f292bee77797b7e2acf02e922cd60,e90caa75cf0f5570261cb7b09024fe4eb7c5636baaa4fcf33e2f916101a33262
tracking_without_comments,tracking_without_comments__e616ed8a32_file_180__vs__194f96511f_file_181_redline_c2e1ec13df,corpus/word/tracking_without_comments/docx/e616ed8a32_file_180__vs__194f96511f_file_181_redline_c2e1ec13df.docx,corpus/word/tracking_without_comments/pdf/e616ed8a32_file_180__vs__194f96511f_file_181_redline_c2e1ec13df.pdf,c2e1ec13df5fc365c68d64a380b28c9c7809e4e30a532de1348220af4f74f77c,9bc2d224d148f3ac638b0f56075df6eb933ecf290a915046666d97440eea0c65
tracking_without_comments,tracking_without_comments__e84c305da3_23127ea8e1_rejected_tracking,corpus/word/tracking_without_comments/docx/e84c305da3_23127ea8e1_rejected_tracking.docx,corpus/word/tracking_without_comments/pdf/e84c305da3_23127ea8e1_rejected_tracking.pdf,e84c305da3ddeaf407c8b5e685524b7c009ce2ff626a787f4b7a9c5869807d90,dd64c3a4c06cd5053a01afb8ebd13bbe72781f31f2a561178ebd989624467caa
tracking_without_comments,tracking_without_comments__eb82ad6df1_heading_1_bold_demo_id_paraid_overflow__vs__f6bf50a9ee_heading_1_style_demo_id_paraid_overflow_redline_4fcfb3e558,corpus/word/tracking_without_comments/docx/eb82ad6df1_heading_1_bold_demo_id_paraid_overflow__vs__f6bf50a9ee_heading_1_style_demo_id_paraid_overflow_redline_4fcfb3e558.docx,corpus/word/tracking_without_comments/pdf/eb82ad6df1_heading_1_bold_demo_id_paraid_overflow__vs__f6bf50a9ee_heading_1_style_demo_id_paraid_overflow_redline_4fcfb3e558.pdf,4fcfb3e558cd996ee059dfcd1491fa0ceb4e7242e0066bfc00d93e53fd2a04e3,1ccd37363d345f4b0489022b2a157eb0f625e60de21af9ff0a52d260639da69b
tracking_without_comments,tracking_without_comments__ecba8d5b3b_file_45__vs__b126641535_file_46_redline_ba99195c25,corpus/word/tracking_without_comments/docx/ecba8d5b3b_file_45__vs__b126641535_file_46_redline_ba99195c25.docx,corpus/word/tracking_without_comments/pdf/ecba8d5b3b_file_45__vs__b126641535_file_46_redline_ba99195c25.pdf,ba99195c25c186bc996ec209965ec9bb1ceed8498141917919eb62db8caa93c0,6c2330f0ba5222cdd7a87daf6d55e47ce79af47b861d79456f8785624b6c815f
tracking_without_comments,tracking_without_comments__ef1e1c68e9_super_editor__basic_paragraph_1774f4e4__vs__9e80f22c51_behavior__word_native_bullet_circle_80d6f323_redline_da59776388,corpus/word/tracking_without_comments/docx/ef1e1c68e9_super_editor__basic_paragraph_1774f4e4__vs__9e80f22c51_behavior__word_native_bullet_circle_80d6f323_redline_da59776388.docx,corpus/word/tracking_without_comments/pdf/ef1e1c68e9_super_editor__basic_paragraph_1774f4e4__vs__9e80f22c51_behavior__word_native_bullet_circle_80d6f323_redline_da59776388.pdf,da59776388f36ddc1486a32933b3b199f1f7bc37200dbe59409f3b1d650038ac,3f28ebbdb9f77e20b77d5a4991171309a4acced56ec1d60b247b7dca4a0182ca
tracking_without_comments,tracking_without_comments__ef7218d9e8_001893584bf94ff30c98db48cb8a0ea0ea5abc048f3e1a4d__vs__5203829c7a_001cc92b88566d5f930fe57f25813c0bf52a7bdc72c217d0_redline_d7962d3334,corpus/word/tracking_without_comments/docx/ef7218d9e8_001893584bf94ff30c98db48cb8a0ea0ea5abc048f3e1a4d__vs__5203829c7a_001cc92b88566d5f930fe57f25813c0bf52a7bdc72c217d0_redline_d7962d3334.docx,corpus/word/tracking_without_comments/pdf/ef7218d9e8_001893584bf94ff30c98db48cb8a0ea0ea5abc048f3e1a4d__vs__5203829c7a_001cc92b88566d5f930fe57f25813c0bf52a7bdc72c217d0_redline_d7962d3334.pdf,d7962d3334e535d2f4a7177fe5cf27a20cbba06421ee65a2e1a10f6ef9918eab,1e0c14f852a94953c41fe072543171613421e9330a57900885e713f676d83c86
tracking_without_comments,tracking_without_comments__f17e96512e_001cb345cc8d6b799aa725514eb368005048b80f4b4c07a5__vs__333bfe069a_003416d620331122b93b434dad901db5836f60d2cad4b533_redline_96442dbf47,corpus/word/tracking_without_comments/docx/f17e96512e_001cb345cc8d6b799aa725514eb368005048b80f4b4c07a5__vs__333bfe069a_003416d620331122b93b434dad901db5836f60d2cad4b533_redline_96442dbf47.docx,corpus/word/tracking_without_comments/pdf/f17e96512e_001cb345cc8d6b799aa725514eb368005048b80f4b4c07a5__vs__333bfe069a_003416d620331122b93b434dad901db5836f60d2cad4b533_redline_96442dbf47.pdf,96442dbf47ef0382ee9fdbc181c8bf3f2c1b6af33834102b762b900955bd53ce,b43e1789a1dba62cbb3dbe63c54199f28bdd01ed3622b3b6c6a5cc6af5b896bf
tracking_without_comments,tracking_without_comments__f3b2e74e02_calibri_font_demo_id_paraid_overflow__vs__689563dec1_calibri_heading_2_right_id_paraid_overflow_redline_1c3952ed8e,corpus/word/tracking_without_comments/docx/f3b2e74e02_calibri_font_demo_id_paraid_overflow__vs__689563dec1_calibri_heading_2_right_id_paraid_overflow_redline_1c3952ed8e.docx,corpus/word/tracking_without_comments/pdf/f3b2e74e02_calibri_font_demo_id_paraid_overflow__vs__689563dec1_calibri_heading_2_right_id_paraid_overflow_redline_1c3952ed8e.pdf,1c3952ed8e57ebb6447961ae4ea7234dae67a198cd773ba482aa09ed3b54bdea,e43e72cbd8c73a7cba1444c49a8f6e683c94c7c6f316092334a090e2da70e389
tracking_without_comments,tracking_without_comments__f71a12ee23_super_editor__fields_attrs1_83837249__vs__f102bb2f46_super_editor__diff_before5_a5f60578_redline_803e72f691,corpus/word/tracking_without_comments/docx/f71a12ee23_super_editor__fields_attrs1_83837249__vs__f102bb2f46_super_editor__diff_before5_a5f60578_redline_803e72f691.docx,corpus/word/tracking_without_comments/pdf/f71a12ee23_super_editor__fields_attrs1_83837249__vs__f102bb2f46_super_editor__diff_before5_a5f60578_redline_803e72f691.pdf,803e72f6910547d34a18bc4b607d523db1306df7875b8b748e971dd782dc0164,83f934f5763a888cba9ff36cc3ab26ef5b6d55aaba41b290e55194dc5c417e3f
tracking_without_comments,tracking_without_comments__f84571f3fc_bold_text_formatting_demo_id_paraid_overflow_2__vs__fdabb735ad_bold_text_formatting_demo_id_paraid_overflow_redline_fd025c2029,corpus/word/tracking_without_comments/docx/f84571f3fc_bold_text_formatting_demo_id_paraid_overflow_2__vs__fdabb735ad_bold_text_formatting_demo_id_paraid_overflow_redline_fd025c2029.docx,corpus/word/tracking_without_comments/pdf/f84571f3fc_bold_text_formatting_demo_id_paraid_overflow_2__vs__fdabb735ad_bold_text_formatting_demo_id_paraid_overflow_redline_fd025c2029.pdf,fd025c20295516672d0edcbb8bfe006128113ef3601c4e1bc8f251301f023104,143078ee204e5c08ae1da821a61b49fb7ad088da6c69dafbd9f8f661e971acb1
tracking_without_comments,tracking_without_comments__f8f7ed1dc0_file_4__vs__82ee7342fd_file_5_redline_f0337eb8fa,corpus/word/tracking_without_comments/docx/f8f7ed1dc0_file_4__vs__82ee7342fd_file_5_redline_f0337eb8fa.docx,corpus/word/tracking_without_comments/pdf/f8f7ed1dc0_file_4__vs__82ee7342fd_file_5_redline_f0337eb8fa.pdf,f0337eb8fa4d1bb38916e5234af7e5b09cc78e83f7433a1dfb36b4560e20f522,30e358d1b23767e4d6f7f771abcac0448bb9f4bbe398579e19cf5841e71661c7
tracking_without_comments,tracking_without_comments__fa962f4b9d_file_79__vs__9d2146095f_file_80_redline_8ed9e16a9e,corpus/word/tracking_without_comments/docx/fa962f4b9d_file_79__vs__9d2146095f_file_80_redline_8ed9e16a9e.docx,corpus/word/tracking_without_comments/pdf/fa962f4b9d_file_79__vs__9d2146095f_file_80_redline_8ed9e16a9e.pdf,8ed9e16a9e5ed2cb4bc719424bd3ea47c4f49dc8eacc33b33f3735be44e1171d,090dacf2e5597b2c020aee5b08d08d88e73fb33307d8988757505c5873280f13
tracking_without_comments,tracking_without_comments__fbe14959b0_000f5278175aa01c2b9517b07e8a087014e4a05ab3e24f41__vs__aa5340125d_00a4b0b91e9b5b072dc3771391c2d608518690eccf44eae8_redline_d6580e6209,corpus/word/tracking_without_comments/docx/fbe14959b0_000f5278175aa01c2b9517b07e8a087014e4a05ab3e24f41__vs__aa5340125d_00a4b0b91e9b5b072dc3771391c2d608518690eccf44eae8_redline_d6580e6209.docx,corpus/word/tracking_without_comments/pdf/fbe14959b0_000f5278175aa01c2b9517b07e8a087014e4a05ab3e24f41__vs__aa5340125d_00a4b0b91e9b5b072dc3771391c2d608518690eccf44eae8_redline_d6580e6209.pdf,d6580e620990b7c26d802d95df6e437bdfbd7102400b847ab7047d73a83d8ed7,06e2c2fb438e684fea2904df8eec10ae0c9a7139cc4248df5b754923a0eb9ed2
tracking_without_comments,tracking_without_comments__fcc5e086dc_d38dd05c8c808a25b353ce7cb5fd8c30d6e32030eec8807b__vs__ba0e5d3d86_cd9a78ddbb58fe7243f12aed561becbe8b00c1777ba93709_redline_40291033f2,corpus/word/tracking_without_comments/docx/fcc5e086dc_d38dd05c8c808a25b353ce7cb5fd8c30d6e32030eec8807b__vs__ba0e5d3d86_cd9a78ddbb58fe7243f12aed561becbe8b00c1777ba93709_redline_40291033f2.docx,corpus/word/tracking_without_comments/pdf/fcc5e086dc_d38dd05c8c808a25b353ce7cb5fd8c30d6e32030eec8807b__vs__ba0e5d3d86_cd9a78ddbb58fe7243f12aed561becbe8b00c1777ba93709_redline_40291033f2.pdf,40291033f2f0bd7b976269dae1e6fa35602a78fcd61aced3c93d8559bcbc97e4,5f561b04f97f7435704dbbf64fd3f52913449a3f84e3bc168176786d08da04c2
tracking_without_comments,tracking_without_comments__fd1d891f44_file_98__vs__c0723c2916_file_99_redline_0d06710c45,corpus/word/tracking_without_comments/docx/fd1d891f44_file_98__vs__c0723c2916_file_99_redline_0d06710c45.docx,corpus/word/tracking_without_comments/pdf/fd1d891f44_file_98__vs__c0723c2916_file_99_redline_0d06710c45.pdf,0d06710c4594117db8a95d528a278fed3634bf10166a5ad948583771bbae4b43,b72f49dcfdaf308f8bbeb5e34ad4a116f1cf6bbfb151f6cef1f6fdc34ed68e29
tracking_without_comments,tracking_without_comments__fdaf71bd6b_file_38__vs__d62983b275_file_39_redline_618d22429e,corpus/word/tracking_without_comments/docx/fdaf71bd6b_file_38__vs__d62983b275_file_39_redline_618d22429e.docx,corpus/word/tracking_without_comments/pdf/fdaf71bd6b_file_38__vs__d62983b275_file_39_redline_618d22429e.pdf,618d22429e43a158383f55c452d3926f0ea768c40bbc9d6932bda9b3fe96bdb4,afc22250c5239702019c814be5a1f951248708ba395461cee37eda2d9f388679
tracking_without_comments,tracking_without_comments__fdb2976d19_01415d08f6d1a428e6949533adcd6249cf25676d98d0b78c__vs__a5f2b9318d_002aa60c2ae1187417b4b157c5ec6450324cc056ec551a12_redline_76a536e0f9,corpus/word/tracking_without_comments/docx/fdb2976d19_01415d08f6d1a428e6949533adcd6249cf25676d98d0b78c__vs__a5f2b9318d_002aa60c2ae1187417b4b157c5ec6450324cc056ec551a12_redline_76a536e0f9.docx,corpus/word/tracking_without_comments/pdf/fdb2976d19_01415d08f6d1a428e6949533adcd6249cf25676d98d0b78c__vs__a5f2b9318d_002aa60c2ae1187417b4b157c5ec6450324cc056ec551a12_redline_76a536e0f9.pdf,76a536e0f9a6b9dd67c4fe42f792e4dd5ed53a650c369e8c275220c820bb4391,d67a826f1eacb55dad7347a49262405aac989e836ed31a8af15d06c0b2ae7ae5
tracking_without_comments,tracking_without_comments__fe56cf6167_108f7099011f37945d9dbedca4d1bb0bceca12f388dea92d__vs__2fd5e4820a_1173e1c5df6f7197eebd8a9f2603347549bf5d33409e347c_redline_5d431c38ff,corpus/word/tracking_without_comments/docx/fe56cf6167_108f7099011f37945d9dbedca4d1bb0bceca12f388dea92d__vs__2fd5e4820a_1173e1c5df6f7197eebd8a9f2603347549bf5d33409e347c_redline_5d431c38ff.docx,corpus/word/tracking_without_comments/pdf/fe56cf6167_108f7099011f37945d9dbedca4d1bb0bceca12f388dea92d__vs__2fd5e4820a_1173e1c5df6f7197eebd8a9f2603347549bf5d33409e347c_redline_5d431c38ff.pdf,5d431c38ff7c48572acc5d7615f7966bdc2000d34ad39b967cd66f4f69633694,4e99347db669a9c50fd0550fe0e5a016cdea0d0d6484cb008e06b9144fcdabe1
with_comments_clean,with_comments_clean__04a44a5b5d_bc6f8076f9_accepted_tracking,corpus/word/with_comments_clean/docx/04a44a5b5d_bc6f8076f9_accepted_tracking.docx,corpus/word/with_comments_clean/pdf/04a44a5b5d_bc6f8076f9_accepted_tracking.pdf,04a44a5b5dfbb62f4b66fabd5bc033d325225c19906f10ee702bfd98168ca5c5,341603aca269cfc1a6c8f323ef59ef620f445e4d15985a0be9017561ceceef36
with_comments_clean,with_comments_clean__073f3be60a_e212b559b2_rejected_tracking,corpus/word/with_comments_clean/docx/073f3be60a_e212b559b2_rejected_tracking.docx,corpus/word/with_comments_clean/pdf/073f3be60a_e212b559b2_rejected_tracking.pdf,073f3be60a48b40abfd26deaa48cc2fc0127f404c69306e465dd8b64ab7de12e,5a0d470a29d22b2a9cca92e6f8e62cbacfdfa3e8a95c308fe122eee749fbc0c4
with_comments_clean,with_comments_clean__07fc895ed5_redline_cicerodo_v_plate_30_right_align_bold_dem,corpus/word/with_comments_clean/docx/07fc895ed5_redline_cicerodo_v_plate_30_right_align_bold_dem.docx,corpus/word/with_comments_clean/pdf/07fc895ed5_redline_cicerodo_v_plate_30_right_align_bold_dem.pdf,07fc895ed5e4f7f73d952ee6d8b154c24ebe8410736c77966f256394c81fb348,269b788f28dc7ad94ab24ce4976c18c1c60ddc4277f12405f51ca657a4d52289
with_comments_clean,with_comments_clean__08286ffbfb_super_editor__basic_resolved_comment_cac5a1b0,corpus/word/with_comments_clean/docx/08286ffbfb_super_editor__basic_resolved_comment_cac5a1b0.docx,corpus/word/with_comments_clean/pdf/08286ffbfb_super_editor__basic_resolved_comment_cac5a1b0.pdf,08286ffbfb7924b6ec91305f25af6e20205e9a3769c0313ba02fb29a579455a1,8fc0c33cd57467f9f1224c58c4f71e89239df71c06e0319514cc32f3f320f87c
with_comments_clean,with_comments_clean__09b56b824b_clear_formatting_demo_id_paraid_overflow_comment,corpus/word/with_comments_clean/docx/09b56b824b_clear_formatting_demo_id_paraid_overflow_comment.docx,corpus/word/with_comments_clean/pdf/09b56b824b_clear_formatting_demo_id_paraid_overflow_comment.pdf,09b56b824be671d79c4ffa54c4159de4b5b391bdaa953518112dd294b0467e37,7b156ab36317201f90559d6a0625c90f931f41f8a7a2625667dfbc595bf9fce8
with_comments_clean,with_comments_clean__0b6b168179_s20_control,corpus/word/with_comments_clean/docx/0b6b168179_s20_control.docx,corpus/word/with_comments_clean/pdf/0b6b168179_s20_control.pdf,0b6b168179c6c5d0dac0c1130c92a1c3a9ffb0a1a9164f9720bfbe5d7af555d6,876ddc6275ea017eb640f58d22f654b021cec1dabe371f29164f1f61bff51e03
with_comments_clean,with_comments_clean__0f5a806b4c_file_141,corpus/word/with_comments_clean/docx/0f5a806b4c_file_141.docx,corpus/word/with_comments_clean/pdf/0f5a806b4c_file_141.pdf,0f5a806b4cc1f9958d372074db869e1af7ce932eb6dabc947c1117e0c20b0e5f,e20bafd8b6822f4dc1263c6047b129ac4b51628fbde39dbd6e9ff7c7e4b57de6
with_comments_clean,with_comments_clean__0f6e71381a_7057d180ffd30c96a71aa95e32993d39bf2e59a1eff850b7,corpus/word/with_comments_clean/docx/0f6e71381a_7057d180ffd30c96a71aa95e32993d39bf2e59a1eff850b7.docx,corpus/word/with_comments_clean/pdf/0f6e71381a_7057d180ffd30c96a71aa95e32993d39bf2e59a1eff850b7.pdf,0f6e71381a18baecb76646252dc5daf30d88134702b8d89fff37fd2bf5050d9e,a5c3e2630467193f6df544971351ee2673a1d4c53d8e457aeb7adad251312164
with_comments_clean,with_comments_clean__123925fd74_af568343b6_accepted_tracking,corpus/word/with_comments_clean/docx/123925fd74_af568343b6_accepted_tracking.docx,corpus/word/with_comments_clean/pdf/123925fd74_af568343b6_accepted_tracking.pdf,123925fd74e4c532ecbdf8671630759670f41835da329e98c3fe3a9238bcad6b,7bc2ee4eb035ca34c0314f2bf16a9923879f3ff31a7ab715711c15d4ee7c9535
with_comments_clean,with_comments_clean__1672057675_485599b4e9_rejected_tracking,corpus/word/with_comments_clean/docx/1672057675_485599b4e9_rejected_tracking.docx,corpus/word/with_comments_clean/pdf/1672057675_485599b4e9_rejected_tracking.pdf,16720576756e955145201f6e7a915aa828a221deb5bdade262294bd812115a34,1d4bf4df552eac89616869a8fdfa81d47b527e9640a7907553273065170c743e
with_comments_clean,with_comments_clean__1f3cb56b42_r4_07_simple_para,corpus/word/with_comments_clean/docx/1f3cb56b42_r4_07_simple_para.docx,corpus/word/with_comments_clean/pdf/1f3cb56b42_r4_07_simple_para.pdf,1f3cb56b426a16ed0f02589b39269b83abeba52e6bcda15e0dc44740f2e21363,37e68523b0d0e916deef14d25dd90557e2b723a26bfe300a3a11a7c386240bd4
with_comments_clean,with_comments_clean__1ff409b837_r5_07_start_body,corpus/word/with_comments_clean/docx/1ff409b837_r5_07_start_body.docx,corpus/word/with_comments_clean/pdf/1ff409b837_r5_07_start_body.pdf,1ff409b83707364d1e69891c726ac0afd1df8f02b60ee8b3fcddd7608965f1a9,d35c047822070c37141718edf45cd5951580d1b8aebf6ed57bd2a92dca3f503b
with_comments_clean,with_comments_clean__23278c1180_485b916ef9_accepted_tracking,corpus/word/with_comments_clean/docx/23278c1180_485b916ef9_accepted_tracking.docx,corpus/word/with_comments_clean/pdf/23278c1180_485b916ef9_accepted_tracking.pdf,23278c1180b925ba2bc7a1f5283dd78a25e2c46be50f393875663769389ae411,a8b19e91282a34c1e4c3b1df75a689b054d9df8c04e244023511cefd30b8cfb5
with_comments_clean,with_comments_clean__24247ecc6f_red_strikethrough_demo_style_default_missing_red,corpus/word/with_comments_clean/docx/24247ecc6f_red_strikethrough_demo_style_default_missing_red.docx,corpus/word/with_comments_clean/pdf/24247ecc6f_red_strikethrough_demo_style_default_missing_red.pdf,24247ecc6f99bd2f8d5f517f30beefa148b53c18106e47a10584b6646522a1e9,56497daec769f5daf64348ac61adf5e5480adc66d190e902f9719fea3dbf28a2
with_comments_clean,with_comments_clean__29d1e0cbd2_r5_05_span_end_ref_p2_end,corpus/word/with_comments_clean/docx/29d1e0cbd2_r5_05_span_end_ref_p2_end.docx,corpus/word/with_comments_clean/pdf/29d1e0cbd2_r5_05_span_end_ref_p2_end.pdf,29d1e0cbd23e6114b9d91c24785fb21ca0194f70e552e43c80c3350eadc42bdd,2b93e382d074cee217472dfdb069e1fc9bd80a14fb98160fefaab1a8f2daec6f
with_comments_clean,with_comments_clean__29e129626a_s21_sandwich_p_l_p,corpus/word/with_comments_clean/docx/29e129626a_s21_sandwich_p_l_p.docx,corpus/word/with_comments_clean/pdf/29e129626a_s21_sandwich_p_l_p.pdf,29e129626abfd5622646d3a9f30ac94c0838ffbaee9660a4d9af13147cc7288d,6c465c501fbd70441a23d94a872c1b72dbe8afc4edbe8e2367d2c691c431f5bd
with_comments_clean,with_comments_clean__2b6c7be6bd_super_editor__nested_comments_84f214bb,corpus/word/with_comments_clean/docx/2b6c7be6bd_super_editor__nested_comments_84f214bb.docx,corpus/word/with_comments_clean/pdf/2b6c7be6bd_super_editor__nested_comments_84f214bb.pdf,2b6c7be6bd7c59810f8f68cc18c2335ccd5400e7147c703bc5ba5531f6a0a2e4,e4ed586023e2cade03dfb84a23241eb538b63c236320ec7bed09e92d4d3b45bc
with_comments_clean,with_comments_clean__2dcc8240a1_2e3f1e261d_accepted_tracking,corpus/word/with_comments_clean/docx/2dcc8240a1_2e3f1e261d_accepted_tracking.docx,corpus/word/with_comments_clean/pdf/2dcc8240a1_2e3f1e261d_accepted_tracking.pdf,2dcc8240a17498f94c309771f22f39dfa0193bb239e89c59bb7dfa33db5ed94b,40e42c1b6c5c4bb753b4b0f04a3092b665f2305401090252a9bfeacad7aeddac
with_comments_clean,with_comments_clean__3413da1703_verdana_font_demo_id_paraid_overflow_2,corpus/word/with_comments_clean/docx/3413da1703_verdana_font_demo_id_paraid_overflow_2.docx,corpus/word/with_comments_clean/pdf/3413da1703_verdana_font_demo_id_paraid_overflow_2.pdf,3413da170371d0f4942c75ef6614179bb69ab0d7566b65472ace7555b002ea47,2bd613806d8031c74e756d4f0d91b36358e99ea9445f1ddede66bc3e02a48650
with_comments_clean,with_comments_clean__3413da1703_verdana_font_demo_id_paraid_overflow_2__vs__ac4b41aa8e_verdana_font_demo_id_paraid_overflow_redline_d5efaa5b6d,corpus/word/with_comments_clean/docx/3413da1703_verdana_font_demo_id_paraid_overflow_2__vs__ac4b41aa8e_verdana_font_demo_id_paraid_overflow_redline_d5efaa5b6d.docx,corpus/word/with_comments_clean/pdf/3413da1703_verdana_font_demo_id_paraid_overflow_2__vs__ac4b41aa8e_verdana_font_demo_id_paraid_overflow_redline_d5efaa5b6d.pdf,d5efaa5b6d959045a017b36b8ca289d85f95074a859fd6fd468bb2bb1d140f8f,e117323cd7bbb9cb5d1290f21c35e5a429e729693996d5aff09932e91ab80321
with_comments_clean,with_comments_clean__37c10a19e1_r5_02_end_body_ref_p2_start,corpus/word/with_comments_clean/docx/37c10a19e1_r5_02_end_body_ref_p2_start.docx,corpus/word/with_comments_clean/pdf/37c10a19e1_r5_02_end_body_ref_p2_start.pdf,37c10a19e125f71bfbf3adfa334d2a756085d998c4ea5770b7c81630e1c1e952,ee7531ce4d57220f7dd745d2aeabae95b327f52aaa8ac8871dbd419ee929dccf
with_comments_clean,with_comments_clean__37c6c62345_3f296ffac9c17a92962156ff41f2b079eb687cd440513fe3,corpus/word/with_comments_clean/docx/37c6c62345_3f296ffac9c17a92962156ff41f2b079eb687cd440513fe3.docx,corpus/word/with_comments_clean/pdf/37c6c62345_3f296ffac9c17a92962156ff41f2b079eb687cd440513fe3.pdf,37c6c623452393a9e3e32ff48627f12ed2073afd4e23fb5ba8874e7ad6ea7ce9,e693a486ca6594ad8ddb0194f652f8a95fd8a6b71602a0d2cb0faa4761fd150e
with_comments_clean,with_comments_clean__382497a0a8_super_editor__python_docx_comment_test_501f21cb,corpus/word/with_comments_clean/docx/382497a0a8_super_editor__python_docx_comment_test_501f21cb.docx,corpus/word/with_comments_clean/pdf/382497a0a8_super_editor__python_docx_comment_test_501f21cb.pdf,382497a0a81a199ad75c37787671eba054fc0f65938810987afe25367f8a087d,b92258559a215716a1fc6e97516f49863c00722187f42168dd1644d89796f822
with_comments_clean,with_comments_clean__39ecf7e0c7_79f93926e2_rejected_tracking,corpus/word/with_comments_clean/docx/39ecf7e0c7_79f93926e2_rejected_tracking.docx,corpus/word/with_comments_clean/pdf/39ecf7e0c7_79f93926e2_rejected_tracking.pdf,39ecf7e0c7f78be1bd06981748a54be0c8084cb6f4e03369f25e18b98186e459,6dcb6f4f80a159a6ec038ce478121833d9c4eeb970c1073ee9a276fd2e6169ff
with_comments_clean,with_comments_clean__3a3bc1c83f_r5_00_one_para,corpus/word/with_comments_clean/docx/3a3bc1c83f_r5_00_one_para.docx,corpus/word/with_comments_clean/pdf/3a3bc1c83f_r5_00_one_para.pdf,3a3bc1c83f1443362b29746afb0bbd0f91319989e1308621869dad95fde076cc,d76e07234c4d8faeb408ab8824cebd1801ee609c115b265acbffa85b235676ba
with_comments_clean,with_comments_clean__3e19d3e318_c0a3ea22ca_accepted_tracking,corpus/word/with_comments_clean/docx/3e19d3e318_c0a3ea22ca_accepted_tracking.docx,corpus/word/with_comments_clean/pdf/3e19d3e318_c0a3ea22ca_accepted_tracking.pdf,3e19d3e3186aecd8b1e9d7443a93c2a61a58b1b35091fadc4ead39e306682441,6c6830a50038121b4c6bfc015ae26f0aba23c1400a188380ebd191f2fcbf68d6
with_comments_clean,with_comments_clean__3f4af3ab94_d20ada3e0a_rejected_tracking,corpus/word/with_comments_clean/docx/3f4af3ab94_d20ada3e0a_rejected_tracking.docx,corpus/word/with_comments_clean/pdf/3f4af3ab94_d20ada3e0a_rejected_tracking.pdf,3f4af3ab94f0029c2006bc22394f4ec7d760e224d2d51b0a5a1454c23b570f6f,b970ecaf6c8bd0008d9306b0a1017dddadd52851a977fc75b9ff1000d6f754b8
with_comments_clean,with_comments_clean__4078aea890_r5_08_end_body_ref_p2_end,corpus/word/with_comments_clean/docx/4078aea890_r5_08_end_body_ref_p2_end.docx,corpus/word/with_comments_clean/pdf/4078aea890_r5_08_end_body_ref_p2_end.pdf,4078aea890dfc5cfd54107809e5552236663a0198c5a9b21ba837015aacd6eb4,e8700e0dbeaad33ff918471bf439a8a13ddc4f759e8ca1958f042c15663974a2
with_comments_clean,with_comments_clean__409867707c_61a16c9bdc534801a19fcf808fdddd50a7cd74d1efd6113e,corpus/word/with_comments_clean/docx/409867707c_61a16c9bdc534801a19fcf808fdddd50a7cd74d1efd6113e.docx,corpus/word/with_comments_clean/pdf/409867707c_61a16c9bdc534801a19fcf808fdddd50a7cd74d1efd6113e.pdf,409867707c974bb4dfe49307f647f7a245977126faff0bb828349f27da78ea92,27a3ec184b18d6e26392f7df134b6e635b18a9137423badb36b695d994ea262d
with_comments_clean,with_comments_clean__41f982920a_sample_document_word_repair_of_our_output_iter2,corpus/word/with_comments_clean/docx/41f982920a_sample_document_word_repair_of_our_output_iter2.docx,corpus/word/with_comments_clean/pdf/41f982920a_sample_document_word_repair_of_our_output_iter2.pdf,41f982920a564fbfd048f2017abb81cbf56581e33ae91fbd05fdacd908a454c8,f2dc7ca6e29099442c80121328e774818f63ccaf344fcbafcbba13bf9aca9bd1
with_comments_clean,with_comments_clean__4af19bfcca_cee8601521_accepted_tracking,corpus/word/with_comments_clean/docx/4af19bfcca_cee8601521_accepted_tracking.docx,corpus/word/with_comments_clean/pdf/4af19bfcca_cee8601521_accepted_tracking.pdf,4af19bfcca0018b799a2dddf2688675a1fd7bf9b460a32c4063fd4dc45517080,c1bfb5362c31d334b7b88f800da62e65d0c1d3373f18dd5b9b46ea7d85dbef77
with_comments_clean,with_comments_clean__4b49484dcc_71159007ab_rejected_tracking,corpus/word/with_comments_clean/docx/4b49484dcc_71159007ab_rejected_tracking.docx,corpus/word/with_comments_clean/pdf/4b49484dcc_71159007ab_rejected_tracking.pdf,4b49484dcc1b5f18b3473ebe61ebd3ccf755e7280842a2c9ddb7b722d79b807f,4bb29a389dc2e6963f09e906349448f2af5f6ad697601e4a51eb5208e9f3bc7b
with_comments_clean,with_comments_clean__4c88c86790_footnotes_sample_gdocs_comments_export_word_redl,corpus/word/with_comments_clean/docx/4c88c86790_footnotes_sample_gdocs_comments_export_word_redl.docx,corpus/word/with_comments_clean/pdf/4c88c86790_footnotes_sample_gdocs_comments_export_word_redl.pdf,4c88c867905c0c74a8d9eaf16a3e3a5f9ef92fef8e31cd814a01d167dd5ef480,ac265b9db1fffe789a567f8a6800030b104ad57048471093a390d089fb513b96
with_comments_clean,with_comments_clean__4e09d5f8f9_ole_object_ooxml_style_link_word_redline_accepte,corpus/word/with_comments_clean/docx/4e09d5f8f9_ole_object_ooxml_style_link_word_redline_accepte.docx,corpus/word/with_comments_clean/pdf/4e09d5f8f9_ole_object_ooxml_style_link_word_redline_accepte.pdf,4e09d5f8f9ba3509d6d9f329e69d10098759c2358e78256613022a471901dd97,f6ccf9507dc6dbb73f9aafa163c79a084bee535289473a8c8dfd021694328afc
with_comments_clean,with_comments_clean__50763b9abc_vfdsdfcacawesd_suggesting_mixed_edits_yellow_hig,corpus/word/with_comments_clean/docx/50763b9abc_vfdsdfcacawesd_suggesting_mixed_edits_yellow_hig.docx,corpus/word/with_comments_clean/pdf/50763b9abc_vfdsdfcacawesd_suggesting_mixed_edits_yellow_hig.pdf,50763b9abcf18915266fa0f2c93b9f8ecbc5927517663423f93350cbec7079ad,d5f224ef36c53d43769a45a900df77092657248ca96a2967c2e5680be201687b
with_comments_clean,with_comments_clean__527ec4ed07_strict01_sdt_controls_strict01_word_redline_acce,corpus/word/with_comments_clean/docx/527ec4ed07_strict01_sdt_controls_strict01_word_redline_acce.docx,corpus/word/with_comments_clean/pdf/527ec4ed07_strict01_sdt_controls_strict01_word_redline_acce.pdf,527ec4ed0727fb17135756465de90da27a2ee7ee60bed4af324f08e5ccb9eebe,047f4c6ed5a78b1aeaf4208c9c60e669c0ed1176786e38d5911bd57f2f567ada
with_comments_clean,with_comments_clean__52dab5bc1c_super_editor__sdt_node_comment_ec887683,corpus/word/with_comments_clean/docx/52dab5bc1c_super_editor__sdt_node_comment_ec887683.docx,corpus/word/with_comments_clean/pdf/52dab5bc1c_super_editor__sdt_node_comment_ec887683.pdf,52dab5bc1c452aa287e862aae3430fb1936040df22a950190a4a88d93976f49a,73a625c35da356d0f2f189b4d1b2377fb37ac4924a107bfd8cb933bb645fa285
with_comments_clean,with_comments_clean__54e4eda93f_sales_report_january_2026_suggesting_insertions,corpus/word/with_comments_clean/docx/54e4eda93f_sales_report_january_2026_suggesting_insertions.docx,corpus/word/with_comments_clean/pdf/54e4eda93f_sales_report_january_2026_suggesting_insertions.pdf,54e4eda93f2f5ba7bc0cbe21e2c43280d929e70b3f6c4c9bdf35f3f660cddee1,a0ae01abc2308a9ac93271588e4af5c71b7b05eb91f2b32be6c9a2032d49ad3b
with_comments_clean,with_comments_clean__5685031fef_69a4d71d6f_rejected_tracking,corpus/word/with_comments_clean/docx/5685031fef_69a4d71d6f_rejected_tracking.docx,corpus/word/with_comments_clean/pdf/5685031fef_69a4d71d6f_rejected_tracking.pdf,5685031fef14970ff76f6c47de31e54a052a07bad90d0dccda600ace466a0077,d47ccb517650f7fbc4294c87b34ea67473cdf958a9fdeef8a043e3fd660c9443
with_comments_clean,with_comments_clean__56a27bcf76_92075b7449_accepted_tracking,corpus/word/with_comments_clean/docx/56a27bcf76_92075b7449_accepted_tracking.docx,corpus/word/with_comments_clean/pdf/56a27bcf76_92075b7449_accepted_tracking.pdf,56a27bcf76a6ba3e8b39afad20177b1042e0e6fe48889eac56028cf1bf1fcb4f,ddd388f442b5ceaa3e58ad011845d94f78c344fefa6366e1b8a79ec99ef9f146
with_comments_clean,with_comments_clean__57ff9e1b30_file_89,corpus/word/with_comments_clean/docx/57ff9e1b30_file_89.docx,corpus/word/with_comments_clean/pdf/57ff9e1b30_file_89.pdf,57ff9e1b303e478d46ff0f05d5066aed51a127da5ca462231b73530aadb4f2f9,ed99b06030ad3ac61de6384f0f43ab85080f7615c11cea30eaa2c342635f6b3b
with_comments_clean,with_comments_clean__6359a7e96a_gdocs_comments_export_green_bold_text_demo_id_pa,corpus/word/with_comments_clean/docx/6359a7e96a_gdocs_comments_export_green_bold_text_demo_id_pa.docx,corpus/word/with_comments_clean/pdf/6359a7e96a_gdocs_comments_export_green_bold_text_demo_id_pa.pdf,6359a7e96a5dabe559bfdd5b224b1f60931f19042e892f0e1d122b4f2e126f4c,ea3b348b113372da7fcf22504767399badb4c99a29d59a3290f75fff2992ecc6
with_comments_clean,with_comments_clean__653c23b71b_58c827e77a_rejected_tracking,corpus/word/with_comments_clean/docx/653c23b71b_58c827e77a_rejected_tracking.docx,corpus/word/with_comments_clean/pdf/653c23b71b_58c827e77a_rejected_tracking.pdf,653c23b71b2c9318f5a83de06451fd8db38825763b7cfb799be73f78e65f32b9,8b7feaf24d8b1dd3613466946c4afb79fffca228cda1d34d50622b8c798660eb
with_comments_clean,with_comments_clean__65a16df852_145b9e67e2_accepted_tracking,corpus/word/with_comments_clean/docx/65a16df852_145b9e67e2_accepted_tracking.docx,corpus/word/with_comments_clean/pdf/65a16df852_145b9e67e2_accepted_tracking.pdf,65a16df8522b896eb5de32ad69cc8c0896c06b09ec18ddb080994a8552bc3a78,fbcda3cf4dde265d970618520d71b3e71043e4424d6059b60560f4271d8b8018
with_comments_clean,with_comments_clean__65c79f950a_small_font_size_demo_id_paraid_overflow_strict01,corpus/word/with_comments_clean/docx/65c79f950a_small_font_size_demo_id_paraid_overflow_strict01.docx,corpus/word/with_comments_clean/pdf/65c79f950a_small_font_size_demo_id_paraid_overflow_strict01.pdf,65c79f950afd18953a4b75580d5683d6d7300da9d3a11cd9c0b4624da45a0d25,c2e014b487a0730686f334e9106939a0d0608fd8452687f1621a91c099dcfccb
with_comments_clean,with_comments_clean__69b325a8cd_r5_01_end_p1_ref_p2_start,corpus/word/with_comments_clean/docx/69b325a8cd_r5_01_end_p1_ref_p2_start.docx,corpus/word/with_comments_clean/pdf/69b325a8cd_r5_01_end_p1_ref_p2_start.pdf,69b325a8cd4abb23bbf2b7097940362c9b2e20441dded532ab44449d6e24f9c5,cee2896af22c4ce931393fb80928562ec6bdc14e15222a4ef151b67f17d4584d
with_comments_clean,with_comments_clean__71c67c168f_37d74eebe6fd69b7f6041f8ecda8e9857d885b23dab561b0,corpus/word/with_comments_clean/docx/71c67c168f_37d74eebe6fd69b7f6041f8ecda8e9857d885b23dab561b0.docx,corpus/word/with_comments_clean/pdf/71c67c168f_37d74eebe6fd69b7f6041f8ecda8e9857d885b23dab561b0.pdf,71c67c168f4e1f609cf707efe278fe6ee503b055a016561a31551ba0161c5d95,ba0e9421f1bc150b0db289ad8c226deba11d76d5ca3b92973010b5224512bc4c
with_comments_clean,with_comments_clean__799980e6af_file_12,corpus/word/with_comments_clean/docx/799980e6af_file_12.docx,corpus/word/with_comments_clean/pdf/799980e6af_file_12.pdf,799980e6af7843b7bb1661da32ba2f5a44895534878fb850d6873dd60af1d7c8,47e0997ddd915ceaa2b439afb3f775eca4f68b38fc67ff1e398c8f08eecbb7ed
with_comments_clean,with_comments_clean__7a40d95e81_db13a691da_rejected_tracking,corpus/word/with_comments_clean/docx/7a40d95e81_db13a691da_rejected_tracking.docx,corpus/word/with_comments_clean/pdf/7a40d95e81_db13a691da_rejected_tracking.pdf,7a40d95e819ec84235f29787249fcca5d7fc722334e1dc48773d0694049e80e6,7b28774bafe397bbdcbccf78b6dd516dce0316619ba2f8b9f7d4c50b76b16789
with_comments_clean,with_comments_clean__7f609d4854_strict01_strikethrough_and_italic_combo_id_parai,corpus/word/with_comments_clean/docx/7f609d4854_strict01_strikethrough_and_italic_combo_id_parai.docx,corpus/word/with_comments_clean/pdf/7f609d4854_strict01_strikethrough_and_italic_combo_id_parai.pdf,7f609d4854872651fcd947ce3a71987a10d9db4f9bbdf714643f1cb94739e0be,84f5b785c654f2ed65605de8fcb719bf54b1c4be04308efe41f127373a53d057
with_comments_clean,with_comments_clean__8061e5912f_file_159,corpus/word/with_comments_clean/docx/8061e5912f_file_159.docx,corpus/word/with_comments_clean/pdf/8061e5912f_file_159.pdf,8061e5912f4d89a35982e2a683d30a5207294a34666f33f9930d8912923f7490,374cfbb5c9444e072f6d3e572f08f7cf53796471a639f3b723d39bfa4bbe6257
with_comments_clean,with_comments_clean__838af02d11_file_173,corpus/word/with_comments_clean/docx/838af02d11_file_173.docx,corpus/word/with_comments_clean/pdf/838af02d11_file_173.pdf,838af02d11ecc2323e92df146880ff03998a7eb1d19536766af730b6dc4ec9f3,1723fb91f2a266899ea72e01045c4c0b26d881c39bf675ed29dae15eea72ace0
with_comments_clean,with_comments_clean__83a3c25275_7da45f822a_rejected_tracking,corpus/word/with_comments_clean/docx/83a3c25275_7da45f822a_rejected_tracking.docx,corpus/word/with_comments_clean/pdf/83a3c25275_7da45f822a_rejected_tracking.pdf,83a3c25275de3e1d2d7ba17e30e3576f342b2481167a78e1f5dacf90653e77ac,e3ea89de919b2de5231e392bf3a30ea30971e0b2c94c817b6ea07ac149808182
with_comments_clean,with_comments_clean__85692b483f_file_123,corpus/word/with_comments_clean/docx/85692b483f_file_123.docx,corpus/word/with_comments_clean/pdf/85692b483f_file_123.pdf,85692b483f70d072f57c2338efceecd493fe5212b5b53d8365ec172914ea9553,c642c2993d22e48f6b69f99d399c99576c23521ca64008f04cf243d2a8577f6c
with_comments_clean,with_comments_clean__87c27068db_cbf73c2d81_rejected_tracking,corpus/word/with_comments_clean/docx/87c27068db_cbf73c2d81_rejected_tracking.docx,corpus/word/with_comments_clean/pdf/87c27068db_cbf73c2d81_rejected_tracking.pdf,87c27068dbb74e3541e748a4aea53f4f540b08216272baff43179ca44b0c235a,d3d207101050355dad71ce4afcf0a1bf42929c0297d643272fc9ae2f5a7de870
with_comments_clean,with_comments_clean__882e251894_c41a01217b430717fbacf9cd114aed87b99db718803e1801,corpus/word/with_comments_clean/docx/882e251894_c41a01217b430717fbacf9cd114aed87b99db718803e1801.docx,corpus/word/with_comments_clean/pdf/882e251894_c41a01217b430717fbacf9cd114aed87b99db718803e1801.pdf,882e2518948e2419b9569e0fe09b3e81445040b303b573427bfb8a17c2a44455,e58f180efc15ef5c4d3e8ab5235a37ada6c287ec6962376f0f8ece9246d0e6de
with_comments_clean,with_comments_clean__8c3923e914_numwords_fldsimple_ole_object_word_redline_accep,corpus/word/with_comments_clean/docx/8c3923e914_numwords_fldsimple_ole_object_word_redline_accep.docx,corpus/word/with_comments_clean/pdf/8c3923e914_numwords_fldsimple_ole_object_word_redline_accep.pdf,8c3923e9143df74b6e9834342d62c3c9e3d77a61f1374df0be306d5a6e66728a,8a7989943d834db04e88081826e9e10962389f291b978edc25d867be5d08c80b
with_comments_clean,with_comments_clean__902c901dc6_page_numbering_examples_potpourritest_word_redli,corpus/word/with_comments_clean/docx/902c901dc6_page_numbering_examples_potpourritest_word_redli.docx,corpus/word/with_comments_clean/pdf/902c901dc6_page_numbering_examples_potpourritest_word_redli.pdf,902c901dc6a16587b486414feb66af08b73e1c2ade8b918d23f91a5ffb144cc6,bfbc5044d24d5b766682f36f496b5468440b2fb85af2928767913b8bcfea24e7
with_comments_clean,with_comments_clean__9594d79364_d6b1d609c1_accepted_tracking,corpus/word/with_comments_clean/docx/9594d79364_d6b1d609c1_accepted_tracking.docx,corpus/word/with_comments_clean/pdf/9594d79364_d6b1d609c1_accepted_tracking.pdf,9594d7936429db54dccad0ee461a55263b2d0210fd2523a6b242af97fa220d8c,a542f08783ff48fc58a45a6c15a8f6d854121d2618dac0d744e4edaff09a0c91
with_comments_clean,with_comments_clean__9c16351d3a_3796807136_accepted_tracking,corpus/word/with_comments_clean/docx/9c16351d3a_3796807136_accepted_tracking.docx,corpus/word/with_comments_clean/pdf/9c16351d3a_3796807136_accepted_tracking.pdf,9c16351d3ab344036e5885b2e20e34d76009267cf8647f0bdbfb21af3255ea6d,ead3cb3415fa47c175b2845b97b5f6641b41020d372b141f9ba7e7ef48a9dd10
with_comments_clean,with_comments_clean__9f5481078e_docx_lots_of_comments_addition_redline__vs__ee9bfc2650_docx_lots_of_comments_addition_removal_redline_r_redline_60e784f2de,corpus/word/with_comments_clean/docx/9f5481078e_docx_lots_of_comments_addition_redline__vs__ee9bfc2650_docx_lots_of_comments_addition_removal_redline_r_redline_60e784f2de.docx,corpus/word/with_comments_clean/pdf/9f5481078e_docx_lots_of_comments_addition_redline__vs__ee9bfc2650_docx_lots_of_comments_addition_removal_redline_r_redline_60e784f2de.pdf,60e784f2deb5beb0894b30fd9456582388d8c92d45b161d8612461f6ef7cb449,8cb7f2530c0c11e159bc4142d5654af52c705d11c5eb890b6fd5a412cf22936a
with_comments_clean,with_comments_clean__9f5481078e_docx_lots_of_comments_addition_redline__vs__ee9bfc2650_docx_lots_of_comments_addition_removal_redline_r_redline_d4c19477cb,corpus/word/with_comments_clean/docx/9f5481078e_docx_lots_of_comments_addition_redline__vs__ee9bfc2650_docx_lots_of_comments_addition_removal_redline_r_redline_d4c19477cb.docx,corpus/word/with_comments_clean/pdf/9f5481078e_docx_lots_of_comments_addition_redline__vs__ee9bfc2650_docx_lots_of_comments_addition_removal_redline_r_redline_d4c19477cb.pdf,d4c19477cb88de2033bb946ceaff4660b77c3ade6c68664757d00793a4bf8944,ef58ada0b493f52113f63e09b21cd47c35d209d1def0280172adb95afd3e4c96
with_comments_clean,with_comments_clean__9f6091a4ac_super_editor__threaded_comment_27bda0ba,corpus/word/with_comments_clean/docx/9f6091a4ac_super_editor__threaded_comment_27bda0ba.docx,corpus/word/with_comments_clean/pdf/9f6091a4ac_super_editor__threaded_comment_27bda0ba.pdf,9f6091a4acb46fd48d2ecccf39c7c6589ef05f809613c7ec0691f8eced701484,87e8a81f6c0f44fa8e75947c5acbcef49beca4ca683bfb0546464acf926b5fa7
with_comments_clean,with_comments_clean__9fd8e8fc94_verdana_italic_centered_demo_id_paraid_overflow,corpus/word/with_comments_clean/docx/9fd8e8fc94_verdana_italic_centered_demo_id_paraid_overflow.docx,corpus/word/with_comments_clean/pdf/9fd8e8fc94_verdana_italic_centered_demo_id_paraid_overflow.pdf,9fd8e8fc94f9c663cef21801d9b3368553300e487606f641000139133a015ff3,5d85dc4d05b904b07375773829378c14320cca43547c4ceba5e746d123db2b65
with_comments_clean,with_comments_clean__a0738533be_gdocs_comments_export,corpus/word/with_comments_clean/docx/a0738533be_gdocs_comments_export.docx,corpus/word/with_comments_clean/pdf/a0738533be_gdocs_comments_export.pdf,a0738533be8803c151b6b7c4ed4b01fc95568e638c3d23cf0ba527cd6e5a0290,d44f096841a0d49c9dad64e93beb0a74c44a470031ee0908522a28d986bd3d6f
with_comments_clean,with_comments_clean__a4359e1158_r5_09_end_body_text_then_ref,corpus/word/with_comments_clean/docx/a4359e1158_r5_09_end_body_text_then_ref.docx,corpus/word/with_comments_clean/pdf/a4359e1158_r5_09_end_body_text_then_ref.pdf,a4359e1158d3baab67dfed48945ce4e9890369d0e66302bbc3139046b18d9e9c,c25dcf68758756f43122426624523af08834f5e6cc905028e23fb293255723d3
with_comments_clean,with_comments_clean__a4793465bd_9e3417adee_accepted_tracking,corpus/word/with_comments_clean/docx/a4793465bd_9e3417adee_accepted_tracking.docx,corpus/word/with_comments_clean/pdf/a4793465bd_9e3417adee_accepted_tracking.pdf,a4793465bdcda3ddb9d6cc214bb19c92d684e18a6f0b1e818ffd9e3fc486e4d3,a116b126b8c930ba55c98209f05488736a41e72d1ac9fb14bf1abdf61c44d894
with_comments_clean,with_comments_clean__a9b9720c53_cbd854cb68_rejected_tracking,corpus/word/with_comments_clean/docx/a9b9720c53_cbd854cb68_rejected_tracking.docx,corpus/word/with_comments_clean/pdf/a9b9720c53_cbd854cb68_rejected_tracking.pdf,a9b9720c53f5cb6fd237c72b0da0d32c1a399c484e8805e0fb39c110ba0944c8,11705da56cf4e295f5358d0113eb2ee7b5e486ea4d9194037fc08ce8b54c41f5
with_comments_clean,with_comments_clean__adc9f524d1_comments,corpus/word/with_comments_clean/docx/adc9f524d1_comments.docx,corpus/word/with_comments_clean/pdf/adc9f524d1_comments.pdf,adc9f524d176f562db830c346c1e9e21c6a6aa6768d9c09892a423f1257fe17c,8ec0f09ac304d519cf6ddb94170f59d241134f4b0eadfcaadc02964a6f84865d
with_comments_clean,with_comments_clean__b389f55091_super_editor__comment_23ee5ec1,corpus/word/with_comments_clean/docx/b389f55091_super_editor__comment_23ee5ec1.docx,corpus/word/with_comments_clean/pdf/b389f55091_super_editor__comment_23ee5ec1.pdf,b389f55091c9e482ad04f75d2bb5b151c96be01b8e21a33cc0517a0fa14b9e9c,b7cb74c8c03b66a3eef9fc85b17807a5e5145854f7da612f09984acf234c443c
with_comments_clean,with_comments_clean__bb35ae41ba_evals__comments_doc_79800b37,corpus/word/with_comments_clean/docx/bb35ae41ba_evals__comments_doc_79800b37.docx,corpus/word/with_comments_clean/pdf/bb35ae41ba_evals__comments_doc_79800b37.pdf,bb35ae41ba7e1d8bdb22022e20d36c2b6078598256395669dc178a8f5108cefc,7413e29305ad45f2fce5344ba132911a39527abf21558e5c37b10d815aba3dcf
with_comments_clean,with_comments_clean__bffb81f86c_file_192,corpus/word/with_comments_clean/docx/bffb81f86c_file_192.docx,corpus/word/with_comments_clean/pdf/bffb81f86c_file_192.pdf,bffb81f86c3cbe693b1c0b1dc84127af5537af9b34561b87ffda5aa052447815,6bef5361d2fc2c86b0943d8281a402deb71fed28185a1fcf0deb0fa6e3ec94ab
with_comments_clean,with_comments_clean__cbb3bab843_word_tolerated_orphan_comment,corpus/word/with_comments_clean/docx/cbb3bab843_word_tolerated_orphan_comment.docx,corpus/word/with_comments_clean/pdf/cbb3bab843_word_tolerated_orphan_comment.pdf,cbb3bab8439ed65ac8be9ff830da40e0b7394d40f7c080dd7bc83a7679f6cc34,18c02ec81aa782744600e629b9aaea1e0ad24f68fafab95b800bc23cb65afcd8
with_comments_clean,with_comments_clean__cc8a672efd_s22_sandwich_p_p_p,corpus/word/with_comments_clean/docx/cc8a672efd_s22_sandwich_p_p_p.docx,corpus/word/with_comments_clean/pdf/cc8a672efd_s22_sandwich_p_p_p.pdf,cc8a672efd1c9963292f07103546775bfa628109b4ba2a2a4ef07957a4cfe23e,863d378043301f797b3e60ac0c26202aacf4e58b813fe9196ea9fb072701d33a
with_comments_clean,with_comments_clean__ce456a9dde_f88615e5c5_accepted_tracking,corpus/word/with_comments_clean/docx/ce456a9dde_f88615e5c5_accepted_tracking.docx,corpus/word/with_comments_clean/pdf/ce456a9dde_f88615e5c5_accepted_tracking.pdf,ce456a9ddedde3147bb6a4d57096285eb6444d8606ccb575a6ec8239274041c5,f5897d12c08ab2a87b73ac2993d2d32c0355a87b69e3d35f97c9dcf7c001967e
with_comments_clean,with_comments_clean__d03da97287_super_editor__nested_comments_gdocs_0c8668e1,corpus/word/with_comments_clean/docx/d03da97287_super_editor__nested_comments_gdocs_0c8668e1.docx,corpus/word/with_comments_clean/pdf/d03da97287_super_editor__nested_comments_gdocs_0c8668e1.pdf,d03da97287bea1f595e41f80843f88e509fec5a0996ddbe09f710c7de590cdeb,9ab8da1586590c757b6525f03dbe1ef6f1437c2c92b761baf258226a576383fc
with_comments_clean,with_comments_clean__d16179a60b_c3cb50c9620520f54d70a4f079a12e94bf94f54f507eff8d,corpus/word/with_comments_clean/docx/d16179a60b_c3cb50c9620520f54d70a4f079a12e94bf94f54f507eff8d.docx,corpus/word/with_comments_clean/pdf/d16179a60b_c3cb50c9620520f54d70a4f079a12e94bf94f54f507eff8d.pdf,d16179a60b73cacf429a4f64fe7edd2d88a317adbff96fff278e7ca291efdd5f,edc93aa4f7ed123643e84dc7dafc6cdc027c92af8f45181dc95ef3d49d93dd0f
with_comments_clean,with_comments_clean__d2b26d3d09_2e08021f1da5c44102c6290537cebdf19167b3b14d7b60fc,corpus/word/with_comments_clean/docx/d2b26d3d09_2e08021f1da5c44102c6290537cebdf19167b3b14d7b60fc.docx,corpus/word/with_comments_clean/pdf/d2b26d3d09_2e08021f1da5c44102c6290537cebdf19167b3b14d7b60fc.pdf,d2b26d3d090baccb04d81a2bda2452044b9da22fadddb8b050c63a6a6a8c8827,ca438a3223d9a5d58d0f77ade7a8e0bb7d262bca4d56565accbf36be1e3234b0
with_comments_clean,with_comments_clean__d4f4f33ca7_ce3c279407c9eb4e94d8e9f4ca9e68b8f882674fc6a1caff,corpus/word/with_comments_clean/docx/d4f4f33ca7_ce3c279407c9eb4e94d8e9f4ca9e68b8f882674fc6a1caff.docx,corpus/word/with_comments_clean/pdf/d4f4f33ca7_ce3c279407c9eb4e94d8e9f4ca9e68b8f882674fc6a1caff.pdf,d4f4f33ca7d80e1e3779e2b6492a779db518fc78443e0b4dedd767af59b06ef0,ce327bd873bb59c37b6978335251cc9b73fa2e3cf0de947a615c659b8b78d738
with_comments_clean,with_comments_clean__d5a56cdeb3_super_editor__gdocs_single_comment_ac5db87f,corpus/word/with_comments_clean/docx/d5a56cdeb3_super_editor__gdocs_single_comment_ac5db87f.docx,corpus/word/with_comments_clean/pdf/d5a56cdeb3_super_editor__gdocs_single_comment_ac5db87f.pdf,d5a56cdeb36f45c6c2ba42505eef5fcf33c9c1602ab7fb838fcac2306a6aa1e2,b7472a5df488baff281bbdfd28267dbac489afcf325b015c8045b907ab71518f
with_comments_clean,with_comments_clean__d9c15cff3f_s23_all_landscape,corpus/word/with_comments_clean/docx/d9c15cff3f_s23_all_landscape.docx,corpus/word/with_comments_clean/pdf/d9c15cff3f_s23_all_landscape.pdf,d9c15cff3f5655fe2cd2396ef2da4926ef9a4aabb6f02f732f58a3254771d737,3157aa6ea011c9c751597ebc73c5eae504f3bf26edabf8bdbc22f78d661df920
with_comments_clean,with_comments_clean__da7fb8a123_sample_document_word_repair_of_our_output_word_r,corpus/word/with_comments_clean/docx/da7fb8a123_sample_document_word_repair_of_our_output_word_r.docx,corpus/word/with_comments_clean/pdf/da7fb8a123_sample_document_word_repair_of_our_output_word_r.pdf,da7fb8a123b74ee6901055359ec0e4eafc9c638eefa6a52d847f89935a4c9e9c,daf06983b07a3bc34bf12dab28fa87f465c4bc13677a29bf58e508df5eddabc0
with_comments_clean,with_comments_clean__db841a5ac1_yellow_highlight_italic_demo_style_default_missi,corpus/word/with_comments_clean/docx/db841a5ac1_yellow_highlight_italic_demo_style_default_missi.docx,corpus/word/with_comments_clean/pdf/db841a5ac1_yellow_highlight_italic_demo_style_default_missi.pdf,db841a5ac152379011d50b4a81453b69f3ee4f674d48da8182b05522604b203d,af3507859c1583e2805cfaa7809499801a22631b5e1d5722c3c3ba7af3d3b72c
with_comments_clean,with_comments_clean__dc2a65fef2_0aa74e0de4_accepted_tracking,corpus/word/with_comments_clean/docx/dc2a65fef2_0aa74e0de4_accepted_tracking.docx,corpus/word/with_comments_clean/pdf/dc2a65fef2_0aa74e0de4_accepted_tracking.pdf,dc2a65fef2e16a4c2a632d0314d901dfc39abc5417f208eaa35124fb99aa6bd2,ecf55634c9a0249bd56f4dac4d4b9c5ee8d5ad37cd4c12e4eb6ef5af0e1691a5
with_comments_clean,with_comments_clean__dc55d961ee_2c123533f6_rejected_tracking,corpus/word/with_comments_clean/docx/dc55d961ee_2c123533f6_rejected_tracking.docx,corpus/word/with_comments_clean/pdf/dc55d961ee_2c123533f6_rejected_tracking.pdf,dc55d961ee0446264a115bfcceb62a79998de2550942f85adfd89c6bd061182d,2263036423eb6b285f1f7d7207357f5d71ebd1028b93ff321a1cc18f61565601
with_comments_clean,with_comments_clean__dcb3759551_r5_04_end_ref_p2_start,corpus/word/with_comments_clean/docx/dcb3759551_r5_04_end_ref_p2_start.docx,corpus/word/with_comments_clean/pdf/dcb3759551_r5_04_end_ref_p2_start.pdf,dcb375955106008223838a747a137c1e89892dd65d75daf03e0a3ab08c5f18e1,dd82d1f44821b9cf1a1953d2a4a2a50f4bf45ae9bf21ceeb254b284030e3a60f
with_comments_clean,with_comments_clean__deb019d0c2_potpourritest_product_roadmap_2026_suggesting_in,corpus/word/with_comments_clean/docx/deb019d0c2_potpourritest_product_roadmap_2026_suggesting_in.docx,corpus/word/with_comments_clean/pdf/deb019d0c2_potpourritest_product_roadmap_2026_suggesting_in.pdf,deb019d0c2a4f3e04a8290a0c9a4b90fae912bdc4d42d86f7741e37ac05caeb8,3c8dfce74af72bb3013f98df4af59c815a90038527b9651f5b9fc61c4850310b
with_comments_clean,with_comments_clean__ded7521c6f_verdana_italic_centered_demo_id_paraid_overflow,corpus/word/with_comments_clean/docx/ded7521c6f_verdana_italic_centered_demo_id_paraid_overflow.docx,corpus/word/with_comments_clean/pdf/ded7521c6f_verdana_italic_centered_demo_id_paraid_overflow.pdf,ded7521c6f5cfcd8e5d115d27e23e91ef2a97c99a1a334c0a77fffc445fa4e8c,bfcab1693d69920ce8552eb3f9d7ad5046159c7d3e42dfe17e4575f850f6041d
with_comments_clean,with_comments_clean__df097720f7_file_131,corpus/word/with_comments_clean/docx/df097720f7_file_131.docx,corpus/word/with_comments_clean/pdf/df097720f7_file_131.pdf,df097720f7d7c8bdda982526a1450a79deb9f3e4198f013ce75de0e5f09c427d,0bb0d0f91748abf38b764a46a19850b1e077d43fc9d7284935eb76abfcc32c8d
with_comments_clean,with_comments_clean__e0f7da2354_ebeb91fe7f_accepted_tracking,corpus/word/with_comments_clean/docx/e0f7da2354_ebeb91fe7f_accepted_tracking.docx,corpus/word/with_comments_clean/pdf/e0f7da2354_ebeb91fe7f_accepted_tracking.pdf,e0f7da235414a92714cf0da0e1aec80fe718308f641deffe44c940ddce1df47c,3f9c3dee7a858d2f64afcfeb0dc0c4659b22121d714700896d0a458e1f21e76c
with_comments_clean,with_comments_clean__e70f1134dd_super_editor__diff_before8_ba5faa9e,corpus/word/with_comments_clean/docx/e70f1134dd_super_editor__diff_before8_ba5faa9e.docx,corpus/word/with_comments_clean/pdf/e70f1134dd_super_editor__diff_before8_ba5faa9e.pdf,e70f1134ddb017e5973f3615fa108aed06c327c5d1a71796c531174782f9a888,6b4934c377e16b08c101d1782994aff6f2e998aa9a5a6a10bf06631838369dac
with_comments_clean,with_comments_clean__ea023ca156_r4_05_tbl_and_ref_only,corpus/word/with_comments_clean/docx/ea023ca156_r4_05_tbl_and_ref_only.docx,corpus/word/with_comments_clean/pdf/ea023ca156_r4_05_tbl_and_ref_only.pdf,ea023ca15684cc82d01f3f90fe888cd0f24638c9b7d74d8839a18e36f6b2710b,e48c13f8b6f76d319b1b45280d26cb2efb26199e34e887fa2fad9eb0d72057e7
with_comments_clean,with_comments_clean__ea8fbfadec_849e0cb7c4_rejected_tracking,corpus/word/with_comments_clean/docx/ea8fbfadec_849e0cb7c4_rejected_tracking.docx,corpus/word/with_comments_clean/pdf/ea8fbfadec_849e0cb7c4_rejected_tracking.pdf,ea8fbfadec71c98638ccf9dbc542b0dfe11cf8b23fc8a010a824f3888f89f8dd,4dfa101f051e08341272329e3e7513cc44c2ffcb8908da5fca18fc4ab15f9c95
with_comments_clean,with_comments_clean__ed6c82cead_word_tolerated_broken_media_rel,corpus/word/with_comments_clean/docx/ed6c82cead_word_tolerated_broken_media_rel.docx,corpus/word/with_comments_clean/pdf/ed6c82cead_word_tolerated_broken_media_rel.pdf,ed6c82cead50fa2b390fdaf8853d70fd494270f15678f890d93d04dc3d963568,715627ebeab54cb55e0e5b1eb98aba5807bc5f6ea684f5323a654bf058a8f9ea
with_comments_clean,with_comments_clean__ee9bfc2650_docx_lots_of_comments_addition_removal_redline_r__vs__3fcadf4761_docx_lots_of_comments_addition_removal_redline_redline_58cd08049b,corpus/word/with_comments_clean/docx/ee9bfc2650_docx_lots_of_comments_addition_removal_redline_r__vs__3fcadf4761_docx_lots_of_comments_addition_removal_redline_redline_58cd08049b.docx,corpus/word/with_comments_clean/pdf/ee9bfc2650_docx_lots_of_comments_addition_removal_redline_r__vs__3fcadf4761_docx_lots_of_comments_addition_removal_redline_redline_58cd08049b.pdf,58cd08049bee47674f725d9ab97c0617496d5ca35a7b476b32e8dfb678560821,24bb38764b026a4ac87820d2d0ed0096531c371192edea6c43f3a5bd5b6535da
with_comments_clean,with_comments_clean__ee9bfc2650_docx_lots_of_comments_addition_removal_redline_r__vs__3fcadf4761_docx_lots_of_comments_addition_removal_redline_redline_d2e24e9733,corpus/word/with_comments_clean/docx/ee9bfc2650_docx_lots_of_comments_addition_removal_redline_r__vs__3fcadf4761_docx_lots_of_comments_addition_removal_redline_redline_d2e24e9733.docx,corpus/word/with_comments_clean/pdf/ee9bfc2650_docx_lots_of_comments_addition_removal_redline_r__vs__3fcadf4761_docx_lots_of_comments_addition_removal_redline_redline_d2e24e9733.pdf,d2e24e9733e5ce749bd05a4cd075f882c19766f938787b28776aa456b82c8b13,3cdd6549e89b439f559ca21e5c64e88f30ece1115922e1af68bb157dc2964dee
with_comments_clean,with_comments_clean__ef0c9ed68a_2061218d44_rejected_tracking,corpus/word/with_comments_clean/docx/ef0c9ed68a_2061218d44_rejected_tracking.docx,corpus/word/with_comments_clean/pdf/ef0c9ed68a_2061218d44_rejected_tracking.pdf,ef0c9ed68af1288e8f4ab6266006c5acfa7f3da62566f1542d93152fbb4dcc43,adacfd76aedc67ef3a626431c370e5c92a5d39c32f2c22d81ffdcfa79ed098fb
with_comments_clean,with_comments_clean__f529133cd5_super_editor__basic_comment_d3ba5f1e,corpus/word/with_comments_clean/docx/f529133cd5_super_editor__basic_comment_d3ba5f1e.docx,corpus/word/with_comments_clean/pdf/f529133cd5_super_editor__basic_comment_d3ba5f1e.pdf,f529133cd5ff5128ac1f8d66a06094eaf050f4a430ac839835ee151266cee291,9694d3850c2a61afe4086df3903f40f11831c91832f06f1b5eab42901cbe1256
with_comments_clean,with_comments_clean__f572255577_b3cc5c1abe_rejected_tracking,corpus/word/with_comments_clean/docx/f572255577_b3cc5c1abe_rejected_tracking.docx,corpus/word/with_comments_clean/pdf/f572255577_b3cc5c1abe_rejected_tracking.pdf,f5722555777240987ac021208bc9cbe148a4884fd7c4262c0dc97011e88d5349,37a1d7c061caeff621aca17222af776b282842ee7773ac661fe3f2bb6691cfbc
with_comments_clean,with_comments_clean__fc66a925e1_c6d6371812_rejected_tracking,corpus/word/with_comments_clean/docx/fc66a925e1_c6d6371812_rejected_tracking.docx,corpus/word/with_comments_clean/pdf/fc66a925e1_c6d6371812_rejected_tracking.pdf,fc66a925e1c3ab1b7617b76c7a10a7833a7c7bfa0b55ae98b239472fa5fed701,dfad624681ba684f7e9511d0a2d06d63701219a7ee95b5cc2acb407033939387
with_comments_tracking,with_comments_tracking__0483e899af_file_143,corpus/word/with_comments_tracking/docx/0483e899af_file_143.docx,corpus/word/with_comments_tracking/pdf/0483e899af_file_143.pdf,0483e899affbc93c440cafad39ec23a409d3ed6d6fd88d036747b9a9434d4f33,28ff4c82b23f7dcb9ba0a012c67aadb377d2eb7fd049eaa31381cc38c7b47a89
with_comments_tracking,with_comments_tracking__08147dee09_file_195__vs__c09b14fcd7_file_196_redline_1edc0f56f4,corpus/word/with_comments_tracking/docx/08147dee09_file_195__vs__c09b14fcd7_file_196_redline_1edc0f56f4.docx,corpus/word/with_comments_tracking/pdf/08147dee09_file_195__vs__c09b14fcd7_file_196_redline_1edc0f56f4.pdf,1edc0f56f4fd3f47eb64f168c181e2801b00b6448a6383621755ab6c4485f9bf,36024d0008fd715266cb565536b940609d1fa3851e18a46d1562986bfcf0b877
with_comments_tracking,with_comments_tracking__08286ffbfb_super_editor__basic_resolved_comment_cac5a1b0__vs__5fa01813d3_super_editor__basic_table_shading_d3212ffd_redline_3fdab4ace6,corpus/word/with_comments_tracking/docx/08286ffbfb_super_editor__basic_resolved_comment_cac5a1b0__vs__5fa01813d3_super_editor__basic_table_shading_d3212ffd_redline_3fdab4ace6.docx,corpus/word/with_comments_tracking/pdf/08286ffbfb_super_editor__basic_resolved_comment_cac5a1b0__vs__5fa01813d3_super_editor__basic_table_shading_d3212ffd_redline_3fdab4ace6.pdf,3fdab4ace6965f5ef8452fba85881849c87895da6fc39738472e8b8c0636efab,25213ed759ce5ef872da419098b3c7d29eb39bffae6d40928bba6dee8fd60512
with_comments_tracking,with_comments_tracking__0a1badc333_super_editor__missing_sectpr_967a402d__vs__84f5fb598b_super_editor__diff_before11_1b953eaf_redline_a78b94020d,corpus/word/with_comments_tracking/docx/0a1badc333_super_editor__missing_sectpr_967a402d__vs__84f5fb598b_super_editor__diff_before11_1b953eaf_redline_a78b94020d.docx,corpus/word/with_comments_tracking/pdf/0a1badc333_super_editor__missing_sectpr_967a402d__vs__84f5fb598b_super_editor__diff_before11_1b953eaf_redline_a78b94020d.pdf,a78b94020dd23d1df6fd0a982c7585e3200284c2a8aa193c3b12231240e93621,f1df95148475a616d52dc1662dced101c62468a912c16cfe281d04144f11ba71
with_comments_tracking,with_comments_tracking__1072677c3a_file_6__vs__1b8ec2a8cd_file_7_redline_29e3872eed,corpus/word/with_comments_tracking/docx/1072677c3a_file_6__vs__1b8ec2a8cd_file_7_redline_29e3872eed.docx,corpus/word/with_comments_tracking/pdf/1072677c3a_file_6__vs__1b8ec2a8cd_file_7_redline_29e3872eed.pdf,29e3872eedb2d094bcf0af56aff5b4eab1f1ac4f573660b4b9e3f430fe8166a2,e95e3e2225d63002f531494b721a60287d55a7b21c64100b74f4facda018f6eb
with_comments_tracking,with_comments_tracking__13ea153d22_file_174__vs__66dcec3e49_file_175_redline_c69908f44a,corpus/word/with_comments_tracking/docx/13ea153d22_file_174__vs__66dcec3e49_file_175_redline_c69908f44a.docx,corpus/word/with_comments_tracking/pdf/13ea153d22_file_174__vs__66dcec3e49_file_175_redline_c69908f44a.pdf,c69908f44ae522aba0b3fbf24f4e7ac49a53a7ddc2f38fb05424e4d76681387b,7f4887ee6b65132c515c336828c9216a48357b8cd0862898c4753e528f66ed91
with_comments_tracking,with_comments_tracking__142c084a06_multiple_comments_multiple_pars,corpus/word/with_comments_tracking/docx/142c084a06_multiple_comments_multiple_pars.docx,corpus/word/with_comments_tracking/pdf/142c084a06_multiple_comments_multiple_pars.pdf,142c084a063ade4129520423c023e80389645d56674347610760b3029f91e8df,4c8cbe6602fdf762b2d270f4f5c525a033434abc921ce97a4d1b7aba9b31db61
with_comments_tracking,with_comments_tracking__18eb110b3b_numwords_fldsimple__vs__60697d46b7_strict01_redline_57dfcda882,corpus/word/with_comments_tracking/docx/18eb110b3b_numwords_fldsimple__vs__60697d46b7_strict01_redline_57dfcda882.docx,corpus/word/with_comments_tracking/pdf/18eb110b3b_numwords_fldsimple__vs__60697d46b7_strict01_redline_57dfcda882.pdf,57dfcda88251f772dac84f3bbf83dd3b982928357a0b052a959c85f1bbf2fea7,3a5eae39e9f82ea76a220dc9a3f9c50944eb16d89bcd4e1bfb64d39d37727458
with_comments_tracking,with_comments_tracking__18eb110b3b_numwords_fldsimple__vs__60697d46b7_strict01_redline_964719255c,corpus/word/with_comments_tracking/docx/18eb110b3b_numwords_fldsimple__vs__60697d46b7_strict01_redline_964719255c.docx,corpus/word/with_comments_tracking/pdf/18eb110b3b_numwords_fldsimple__vs__60697d46b7_strict01_redline_964719255c.pdf,964719255ced18575d4acc4ba05dcbc8c54e26675f091594a934aa9170865397,b70e48b9611e510d0e1c0158c72a18fd0d4254c4b1b3abc352e59d5ba5a29ecc
with_comments_tracking,with_comments_tracking__1e212fbfdc_file_122__vs__85692b483f_file_123_redline_71159007ab,corpus/word/with_comments_tracking/docx/1e212fbfdc_file_122__vs__85692b483f_file_123_redline_71159007ab.docx,corpus/word/with_comments_tracking/pdf/1e212fbfdc_file_122__vs__85692b483f_file_123_redline_71159007ab.pdf,71159007ab5ad65dbb77412a695fd6936a85fe7954ca9b76d1ec947fe2d2d6bd,fd3d9e27afad36937e35e982b2a843da9c79b49c4fa0bf5ad40118f8458ba4ce
with_comments_tracking,with_comments_tracking__24ad1aa6e5_docx_lots_of_comments_addition_removal,corpus/word/with_comments_tracking/docx/24ad1aa6e5_docx_lots_of_comments_addition_removal.docx,corpus/word/with_comments_tracking/pdf/24ad1aa6e5_docx_lots_of_comments_addition_removal.pdf,24ad1aa6e516d66e4e44fab1cafca2ef80e24a97e71860d75104c126d4510b6b,639e4e139a65b8519bd309d21732997e3f7ea574261882d30b690e342fbfdba0
with_comments_tracking,with_comments_tracking__26ce1d6300_super_editor__diff_after5_9fb9d5b4__vs__b389f55091_super_editor__comment_23ee5ec1_redline_01fa32ec8b,corpus/word/with_comments_tracking/docx/26ce1d6300_super_editor__diff_after5_9fb9d5b4__vs__b389f55091_super_editor__comment_23ee5ec1_redline_01fa32ec8b.docx,corpus/word/with_comments_tracking/pdf/26ce1d6300_super_editor__diff_after5_9fb9d5b4__vs__b389f55091_super_editor__comment_23ee5ec1_redline_01fa32ec8b.pdf,01fa32ec8b564e08256ce480c9f5750fe31ddb4afef6e97b7660b36caa29c450,76d6bee4a4bfa0323bd597634ee2482dc22914323a9fd820a9741a6181685a61
with_comments_tracking,with_comments_tracking__2bd5ae6064_file_13__vs__836d7aa3c4_file_14_redline_259023733f,corpus/word/with_comments_tracking/docx/2bd5ae6064_file_13__vs__836d7aa3c4_file_14_redline_259023733f.docx,corpus/word/with_comments_tracking/pdf/2bd5ae6064_file_13__vs__836d7aa3c4_file_14_redline_259023733f.pdf,259023733f7d4dc674ebd4fd9c438cab2e64926ab2021224d8837efc4dbd54a1,afb31a671cbb60645fb50c880ed7d42de2aa23c2f0e50c90d04f025d3846b909
with_comments_tracking,with_comments_tracking__2c0a2ac35f_double_spacing_bold_demo_id_paraid_overflow__vs__90cef57bac_eigenpal_docx_editor_suggesting_mixed_edits_redline_5d3a04d9a6,corpus/word/with_comments_tracking/docx/2c0a2ac35f_double_spacing_bold_demo_id_paraid_overflow__vs__90cef57bac_eigenpal_docx_editor_suggesting_mixed_edits_redline_5d3a04d9a6.docx,corpus/word/with_comments_tracking/pdf/2c0a2ac35f_double_spacing_bold_demo_id_paraid_overflow__vs__90cef57bac_eigenpal_docx_editor_suggesting_mixed_edits_redline_5d3a04d9a6.pdf,5d3a04d9a63c672301a1e92b1433b5fd4b941195fa075f173e2ce9919743d7ec,8c0ed51e61518ab8e75aa12288d2eeb00cfbf91288db0dc5c5a434dc68643842
with_comments_tracking,with_comments_tracking__3539cf2404_cli_legacy__replace_test_0a793f01__vs__bb35ae41ba_evals__comments_doc_79800b37_redline_eede96cbf6,corpus/word/with_comments_tracking/docx/3539cf2404_cli_legacy__replace_test_0a793f01__vs__bb35ae41ba_evals__comments_doc_79800b37_redline_eede96cbf6.docx,corpus/word/with_comments_tracking/pdf/3539cf2404_cli_legacy__replace_test_0a793f01__vs__bb35ae41ba_evals__comments_doc_79800b37_redline_eede96cbf6.pdf,eede96cbf6c6bb762bd279dc299958103cbcc846f2d3a772b4066fd73f61dfc5,b0aa00615adfb192c42cad5a2212a61526dbaf5cf12d5ece078be331b13fd375
with_comments_tracking,with_comments_tracking__382497a0a8_super_editor__python_docx_comment_test_501f21cb__vs__3d8acd6139_super_editor__restart_numbering_sub_list_85ddcb7_redline_67c6a3bca6,corpus/word/with_comments_tracking/docx/382497a0a8_super_editor__python_docx_comment_test_501f21cb__vs__3d8acd6139_super_editor__restart_numbering_sub_list_85ddcb7_redline_67c6a3bca6.docx,corpus/word/with_comments_tracking/pdf/382497a0a8_super_editor__python_docx_comment_test_501f21cb__vs__3d8acd6139_super_editor__restart_numbering_sub_list_85ddcb7_redline_67c6a3bca6.pdf,67c6a3bca677ab4386d5f65488f7ee714315cfbbd592edb6c0df46d4723547f8,fc2dbd438d1b25400d2616f7ee25ee2230458cb2c599a316d11d489ff107386a
with_comments_tracking,with_comments_tracking__382497a0a8_super_editor__python_docx_comment_test_501f21cb__vs__bcc7379f64_super_editor__paragraph_spacing_missing_de418c38_redline_b37d04ac06,corpus/word/with_comments_tracking/docx/382497a0a8_super_editor__python_docx_comment_test_501f21cb__vs__bcc7379f64_super_editor__paragraph_spacing_missing_de418c38_redline_b37d04ac06.docx,corpus/word/with_comments_tracking/pdf/382497a0a8_super_editor__python_docx_comment_test_501f21cb__vs__bcc7379f64_super_editor__paragraph_spacing_missing_de418c38_redline_b37d04ac06.pdf,b37d04ac06f4a4ee8af744876097becb37ef63051aefef5a0434240b939889cb,6f17dd61185a180b9e051a6136ba60bde41b5127e815c869b03a06de26d7852a
with_comments_tracking,with_comments_tracking__3b639ef236_super_editor__sdpr_8cc15994__vs__52dab5bc1c_super_editor__sdt_node_comment_ec887683_redline_95072bfcd6,corpus/word/with_comments_tracking/docx/3b639ef236_super_editor__sdpr_8cc15994__vs__52dab5bc1c_super_editor__sdt_node_comment_ec887683_redline_95072bfcd6.docx,corpus/word/with_comments_tracking/pdf/3b639ef236_super_editor__sdpr_8cc15994__vs__52dab5bc1c_super_editor__sdt_node_comment_ec887683_redline_95072bfcd6.pdf,95072bfcd6375905b738323d44209d26a0baa1da1dc8f4a049535f2008586cc7,3651faf9a8214fd2f578961d57cf439078f70bee675544cbda000f467a341dc8
with_comments_tracking,with_comments_tracking__3e43d24c46_clear_formatting_demo_id_paraid_overflow__vs__adc9f524d1_comments_redline_d484b575c0,corpus/word/with_comments_tracking/docx/3e43d24c46_clear_formatting_demo_id_paraid_overflow__vs__adc9f524d1_comments_redline_d484b575c0.docx,corpus/word/with_comments_tracking/pdf/3e43d24c46_clear_formatting_demo_id_paraid_overflow__vs__adc9f524d1_comments_redline_d484b575c0.pdf,d484b575c0f686b13a6c5c22f8dcc283bf939deb14bb394622c96fc0013afc96,d96edeaa39603ebdf4338d9dd6e63b3031094ad3756d59032a6e9234b173c46f
with_comments_tracking,with_comments_tracking__3faf9e000d_super_editor__text_color_highlight_36cb4c90__vs__9f6091a4ac_super_editor__threaded_comment_27bda0ba_redline_64e3ba9c22,corpus/word/with_comments_tracking/docx/3faf9e000d_super_editor__text_color_highlight_36cb4c90__vs__9f6091a4ac_super_editor__threaded_comment_27bda0ba_redline_64e3ba9c22.docx,corpus/word/with_comments_tracking/pdf/3faf9e000d_super_editor__text_color_highlight_36cb4c90__vs__9f6091a4ac_super_editor__threaded_comment_27bda0ba_redline_64e3ba9c22.pdf,64e3ba9c2260d1d97708da07779030711a1e0ffa44092b4a7450f430297d1e04,26febeecd7a648ceadbaeb465256f9638975b88bf4ebd3927174c7878b1ddfb9
with_comments_tracking,with_comments_tracking__3fcadf4761_docx_lots_of_comments_addition_removal_redline__vs__24ad1aa6e5_docx_lots_of_comments_addition_removal_redline_48b006f032,corpus/word/with_comments_tracking/docx/3fcadf4761_docx_lots_of_comments_addition_removal_redline__vs__24ad1aa6e5_docx_lots_of_comments_addition_removal_redline_48b006f032.docx,corpus/word/with_comments_tracking/pdf/3fcadf4761_docx_lots_of_comments_addition_removal_redline__vs__24ad1aa6e5_docx_lots_of_comments_addition_removal_redline_48b006f032.pdf,48b006f032cdc61726bc74ae4e1fc5240f3e6313a1c2f737d1aa251815db405f,780afbf21fdf3475a1d32b968ce554cf3daa03c78f3739f5b56525f9233e4c6c
with_comments_tracking,with_comments_tracking__42d59beb40_super_editor__diff_after10_ac257741__vs__a0e6a09304_super_editor__diff_after11_1d5b767f_redline_1c89a9e553,corpus/word/with_comments_tracking/docx/42d59beb40_super_editor__diff_after10_ac257741__vs__a0e6a09304_super_editor__diff_after11_1d5b767f_redline_1c89a9e553.docx,corpus/word/with_comments_tracking/pdf/42d59beb40_super_editor__diff_after10_ac257741__vs__a0e6a09304_super_editor__diff_after11_1d5b767f_redline_1c89a9e553.pdf,1c89a9e5530b857adb710fb69885f70b83de080c6ac40c8a88338476bf58d8a6,25147dfdd47312a53287c20842f03c91d4f41e3995538ad1befa3ac246dc8f6b
with_comments_tracking,with_comments_tracking__4304570867_file_69__vs__af2bb3fa96_file_70_redline_3dac82f40a,corpus/word/with_comments_tracking/docx/4304570867_file_69__vs__af2bb3fa96_file_70_redline_3dac82f40a.docx,corpus/word/with_comments_tracking/pdf/4304570867_file_69__vs__af2bb3fa96_file_70_redline_3dac82f40a.pdf,3dac82f40a48e8d05337bfeb6376aa64e781e54fcea5693b91dfb7f7ef0a5927,de11b905f25e6b597fe02adcb7736b64199d46c8531b4c3b26ab7fb7cd51657b
with_comments_tracking,with_comments_tracking__4304570867_file_69__vs__af2bb3fa96_file_70_redline_ac6cd8d92f,corpus/word/with_comments_tracking/docx/4304570867_file_69__vs__af2bb3fa96_file_70_redline_ac6cd8d92f.docx,corpus/word/with_comments_tracking/pdf/4304570867_file_69__vs__af2bb3fa96_file_70_redline_ac6cd8d92f.pdf,ac6cd8d92fb345678bd9ce4f3c88620271da98bfddc3dcdbfcbeb1cab1d9df1c,54ce63517b116613b2eb8f58867804bc3dccbe76ba1553b263aaa158ed46ca32
with_comments_tracking,with_comments_tracking__468d82c575_c690df8dcf29bb8af8646ae10768e3ca46e8a9ef5b586428__vs__3a5ed45f0d_3d76420524fd4852ab017e1d57f215e37281e965b3f38b31_redline_bbc3223232,corpus/word/with_comments_tracking/docx/468d82c575_c690df8dcf29bb8af8646ae10768e3ca46e8a9ef5b586428__vs__3a5ed45f0d_3d76420524fd4852ab017e1d57f215e37281e965b3f38b31_redline_bbc3223232.docx,corpus/word/with_comments_tracking/pdf/468d82c575_c690df8dcf29bb8af8646ae10768e3ca46e8a9ef5b586428__vs__3a5ed45f0d_3d76420524fd4852ab017e1d57f215e37281e965b3f38b31_redline_bbc3223232.pdf,bbc32232324a5aa00a7324484ec72706e0c0aa600a9dadc19414cdcc1fb521f0,fb7556fc90c97f56ef35f9b6676452546b9ed1b3bb27d68fdf8e4260ef2ece08
with_comments_tracking,with_comments_tracking__49f80b9f0f_z02_file27_drop_landscape_break,corpus/word/with_comments_tracking/docx/49f80b9f0f_z02_file27_drop_landscape_break.docx,corpus/word/with_comments_tracking/pdf/49f80b9f0f_z02_file27_drop_landscape_break.pdf,49f80b9f0ff6fc096fa9ad20f0e8e9bc03cad4475977473c2d32004b8a7c7a26,ae367543f8e563d9239db808a652bacffaea49c1196fc098ad8ff7acdc590f2c
with_comments_tracking,with_comments_tracking__4b3cd5613a_ab2_e_jub_with_word_settings,corpus/word/with_comments_tracking/docx/4b3cd5613a_ab2_e_jub_with_word_settings.docx,corpus/word/with_comments_tracking/pdf/4b3cd5613a_ab2_e_jub_with_word_settings.pdf,4b3cd5613ac72826d0107b737b807d4b8406c8d33c755180a298162585e3725f,b94dd3f1d21189e07cba817d98ea992b805086d8eb8ac706dca8b42063edd81e
with_comments_tracking,with_comments_tracking__4f0a3847e3_verdana_italic_centered_demo_id_paraid_overflow__vs__eb2f3c86b5_vfdsdfcacawesd_suggesting_mixed_edits_redline_5af67335fe,corpus/word/with_comments_tracking/docx/4f0a3847e3_verdana_italic_centered_demo_id_paraid_overflow__vs__eb2f3c86b5_vfdsdfcacawesd_suggesting_mixed_edits_redline_5af67335fe.docx,corpus/word/with_comments_tracking/pdf/4f0a3847e3_verdana_italic_centered_demo_id_paraid_overflow__vs__eb2f3c86b5_vfdsdfcacawesd_suggesting_mixed_edits_redline_5af67335fe.pdf,5af67335fe21f59018919de2621c220dd94d3e2224dd9b1904b5278baa755873,604994c565f6ce6c000926443fed0d909b5f72901434b1f78b2a34e9074b3e0b
with_comments_tracking,with_comments_tracking__596d64d79a_r2_06_drop_blocks_68-80,corpus/word/with_comments_tracking/docx/596d64d79a_r2_06_drop_blocks_68-80.docx,corpus/word/with_comments_tracking/pdf/596d64d79a_r2_06_drop_blocks_68-80.pdf,596d64d79aac48cb20d6c0d694dda2f963fd10242b7b2346c4e7d1d9a26ace4f,99dbb66df9ab53e6285ccfe258d88f57c23fdab77778cb2c2f6624b756b12033
with_comments_tracking,with_comments_tracking__597f9c453c_ab2_b_jubarte,corpus/word/with_comments_tracking/docx/597f9c453c_ab2_b_jubarte.docx,corpus/word/with_comments_tracking/pdf/597f9c453c_ab2_b_jubarte.pdf,597f9c453cc7c0f0ee0b908a3c5a7ce313a46b2d3b968ff3cb6b08528bcd2dbf,06cdb22fc2984b2fb718a545cb5cf62227c1858dd40eef65b135b4a06f495545
with_comments_tracking,with_comments_tracking__5be7e15662_ab3_07_jub_with_base_word_settings_xml,corpus/word/with_comments_tracking/docx/5be7e15662_ab3_07_jub_with_base_word_settings_xml.docx,corpus/word/with_comments_tracking/pdf/5be7e15662_ab3_07_jub_with_base_word_settings_xml.pdf,5be7e15662b0abf48201d96a79fd72a2d526d736e332c96adbcbbce3b43734df,503b26037663542d7ff96c0c39723edce520ed90b2c264952243b90173622390
with_comments_tracking,with_comments_tracking__5c207ef361_super_editor__font_formatting_runs_8be3565a,corpus/word/with_comments_tracking/docx/5c207ef361_super_editor__font_formatting_runs_8be3565a.docx,corpus/word/with_comments_tracking/pdf/5c207ef361_super_editor__font_formatting_runs_8be3565a.pdf,5c207ef36163d75545bb797b6e124c1664deb4f7e690045c16e2adbe1625801a,9b71f7a7f03f563ddbbf8b1fd92655bf9e4087b45218358cdd20ce9868f99201
with_comments_tracking,with_comments_tracking__60697d46b7_strict01,corpus/word/with_comments_tracking/docx/60697d46b7_strict01.docx,corpus/word/with_comments_tracking/pdf/60697d46b7_strict01.pdf,60697d46b7ec6e23cd50cf63d66d6866c964453cb6962f729cebffca6d0b803f,1d4c289263b0a8045b595e32239bda099dd4aaa97318d6fe7696d9d662b7da60
with_comments_tracking,with_comments_tracking__60697d46b7_strict01__vs__a04e2d2749_ooxml_style_link_redline_6b74ac1ae6,corpus/word/with_comments_tracking/docx/60697d46b7_strict01__vs__a04e2d2749_ooxml_style_link_redline_6b74ac1ae6.docx,corpus/word/with_comments_tracking/pdf/60697d46b7_strict01__vs__a04e2d2749_ooxml_style_link_redline_6b74ac1ae6.pdf,6b74ac1ae65b624629fd8f364979e93ea59d6f0ef7ac2479554d744d7382bc3d,382d386e0acc70b5080e9c108f5b2654c06a26c797f06f28aa173de0ed1d2b44
with_comments_tracking,with_comments_tracking__64bdd3aded_footnotes_sample__vs__a0738533be_gdocs_comments_export_redline_75ff938b20,corpus/word/with_comments_tracking/docx/64bdd3aded_footnotes_sample__vs__a0738533be_gdocs_comments_export_redline_75ff938b20.docx,corpus/word/with_comments_tracking/pdf/64bdd3aded_footnotes_sample__vs__a0738533be_gdocs_comments_export_redline_75ff938b20.pdf,75ff938b202e7cabe229c37fa54ac7e1af2e042c002008d6b6452011eeef9236,c3db55d6c7167e560d2cfd28dd91c0704b3ca8380f974246f8d44e27df140a21
with_comments_tracking,with_comments_tracking__664d982e2d_ab3_08_jub_with_base_word_styles_xml,corpus/word/with_comments_tracking/docx/664d982e2d_ab3_08_jub_with_base_word_styles_xml.docx,corpus/word/with_comments_tracking/pdf/664d982e2d_ab3_08_jub_with_base_word_styles_xml.pdf,664d982e2d6b22f61bccf7fc14a7f161182342f7d68a59006a61bd99bedc2f6c,7408813bd3e148808b64a1432ca0dd8c10b7bd58a9611c464d339095a80dcbbe
with_comments_tracking,with_comments_tracking__66b5ae08ae_ab3_06_jub_with_base_word_commentsids_xml,corpus/word/with_comments_tracking/docx/66b5ae08ae_ab3_06_jub_with_base_word_commentsids_xml.docx,corpus/word/with_comments_tracking/pdf/66b5ae08ae_ab3_06_jub_with_base_word_commentsids_xml.pdf,66b5ae08ae5da18a4cfea11f400714ffa7ebd5acd29c3f2e4c37394aba8ee580,b0f7388dcca984232eab46b093c6125687bac5471144b1de3e5dda2ad0709464
with_comments_tracking,with_comments_tracking__68526de79b_file_77__vs__7476f5fbb1_file_78_redline_7cc19c9376,corpus/word/with_comments_tracking/docx/68526de79b_file_77__vs__7476f5fbb1_file_78_redline_7cc19c9376.docx,corpus/word/with_comments_tracking/pdf/68526de79b_file_77__vs__7476f5fbb1_file_78_redline_7cc19c9376.pdf,7cc19c9376c9451ce14949a47ed38ecfcbf9f6c516e8dd7209b0c9c45e2c0598,564990f1adb058e94ed93547adf159d8f8f10a9ce85e0542ffbde8f6507fb1db
with_comments_tracking,with_comments_tracking__6bfcb50dd7_s11_sandwich_p_l_p,corpus/word/with_comments_tracking/docx/6bfcb50dd7_s11_sandwich_p_l_p.docx,corpus/word/with_comments_tracking/pdf/6bfcb50dd7_s11_sandwich_p_l_p.pdf,6bfcb50dd7a5a62df610923e58931f6d7cd62215e726f86a99fc5c623351b350,af85edffbafacad182c01edf3fa2c5fad3c3b26d251b11c149f08dfae52e2fb9
with_comments_tracking,with_comments_tracking__735c372b41_super_editor__diff_after8_58e5c288,corpus/word/with_comments_tracking/docx/735c372b41_super_editor__diff_after8_58e5c288.docx,corpus/word/with_comments_tracking/pdf/735c372b41_super_editor__diff_after8_58e5c288.pdf,735c372b415f07fb249fbbe6ca2d642009e070efa960a0f7ffce55a93e71f8b0,be7c85a9ebb97319e038d7996a2dbe4f7b33bf7b9391feabcea7d1fe104669ef
with_comments_tracking,with_comments_tracking__735c372b41_super_editor__diff_after8_58e5c288__vs__de3c6fded9_super_editor__doc_with_spacing_e3d47bd7_redline_12fca96084,corpus/word/with_comments_tracking/docx/735c372b41_super_editor__diff_after8_58e5c288__vs__de3c6fded9_super_editor__doc_with_spacing_e3d47bd7_redline_12fca96084.docx,corpus/word/with_comments_tracking/pdf/735c372b41_super_editor__diff_after8_58e5c288__vs__de3c6fded9_super_editor__doc_with_spacing_e3d47bd7_redline_12fca96084.pdf,12fca96084a5d619b9935f556fb8395785c73ebdb2786939e6552de63aa89193,2ac84ec9f8b80af17c33bc430337a32b74d481e6175fae1d7d741ef16210c023
with_comments_tracking,with_comments_tracking__7367931dbf_super_editor__sdt_test_60079f08__vs__b389f55091_super_editor__comment_23ee5ec1_redline_541790cd56,corpus/word/with_comments_tracking/docx/7367931dbf_super_editor__sdt_test_60079f08__vs__b389f55091_super_editor__comment_23ee5ec1_redline_541790cd56.docx,corpus/word/with_comments_tracking/pdf/7367931dbf_super_editor__sdt_test_60079f08__vs__b389f55091_super_editor__comment_23ee5ec1_redline_541790cd56.pdf,541790cd56607a7b4097566d5ea04e27468b8e2929c2feda029e2c07719274e4,bc1be1bf919db79db8a8bf5ce45528fa6016aa80ed9007f7713c9fef99b735ee
with_comments_tracking,with_comments_tracking__756fb54224_potpourritest,corpus/word/with_comments_tracking/docx/756fb54224_potpourritest.docx,corpus/word/with_comments_tracking/pdf/756fb54224_potpourritest.pdf,756fb54224f599f7b9d8b38696e24c5cea1dff137be13e6dd72c769a6c1a9bda,77fe4c9f05cdc656b39a050f7de425b48681ca450a0d2a6e23570839c4fedf0f
with_comments_tracking,with_comments_tracking__799980e6af_file_12__vs__2bd5ae6064_file_13_redline_612a3c24fa,corpus/word/with_comments_tracking/docx/799980e6af_file_12__vs__2bd5ae6064_file_13_redline_612a3c24fa.docx,corpus/word/with_comments_tracking/pdf/799980e6af_file_12__vs__2bd5ae6064_file_13_redline_612a3c24fa.pdf,612a3c24fa4b7accc96bce0d5f8f1f205ca538dcc2f56daa688892cdcee4615c,9fad3c459b6808c0f26c36005c3aa4760ea28dc5a42268c9f6cbd6a1ea7e060e
with_comments_tracking,with_comments_tracking__799980e6af_file_12__vs__2bd5ae6064_file_13_redline_e212b559b2,corpus/word/with_comments_tracking/docx/799980e6af_file_12__vs__2bd5ae6064_file_13_redline_e212b559b2.docx,corpus/word/with_comments_tracking/pdf/799980e6af_file_12__vs__2bd5ae6064_file_13_redline_e212b559b2.pdf,e212b559b270f660c20e1372202fd2b2024d6905ead2049474896194de77649f,af6f27b2cedb01acb2c4eaa9aa89996212581202115d81be1c1c80318d3f9147
with_comments_tracking,with_comments_tracking__7a960f9577_ab3_05_jub_with_base_word_commentsextensible_xml,corpus/word/with_comments_tracking/docx/7a960f9577_ab3_05_jub_with_base_word_commentsextensible_xml.docx,corpus/word/with_comments_tracking/pdf/7a960f9577_ab3_05_jub_with_base_word_commentsextensible_xml.pdf,7a960f95779f25050fcb3d0fb793f0091ac532246f9286b81355c75f76b3dccc,887c856accdf3aab34651b3a7526e1fd530e681f46a11a255616ea853a686527
with_comments_tracking,with_comments_tracking__81158d928d_sample_document_afterword_repaired_word_repaired__vs__ba3f04f252_sample_document_really_repaired_word_repaired_redline_2c123533f6,corpus/word/with_comments_tracking/docx/81158d928d_sample_document_afterword_repaired_word_repaired__vs__ba3f04f252_sample_document_really_repaired_word_repaired_redline_2c123533f6.docx,corpus/word/with_comments_tracking/pdf/81158d928d_sample_document_afterword_repaired_word_repaired__vs__ba3f04f252_sample_document_really_repaired_word_repaired_redline_2c123533f6.pdf,2c123533f610757689cd18019a4570d69c8f1074f1008fe7776148f2092110ea,ac95039e9602ebcc66f37afa479289946b6eceb994ff87549e35c9d9876eb185
with_comments_tracking,with_comments_tracking__82348eef4b_multi_section__vs__756fb54224_potpourritest_redline_ae9547abd2,corpus/word/with_comments_tracking/docx/82348eef4b_multi_section__vs__756fb54224_potpourritest_redline_ae9547abd2.docx,corpus/word/with_comments_tracking/pdf/82348eef4b_multi_section__vs__756fb54224_potpourritest_redline_ae9547abd2.pdf,ae9547abd281811344ec0edd00fc2ff1e9a440399fd19e79d2f1698c353b3c0d,d97e981a0092da9a0b9a61fbe619208a4d2627a3a9d4067fd586b16004c4e399
with_comments_tracking,with_comments_tracking__830eb0f0a2_file_169__vs__bc85714262_file_170_redline_b9beefb7de,corpus/word/with_comments_tracking/docx/830eb0f0a2_file_169__vs__bc85714262_file_170_redline_b9beefb7de.docx,corpus/word/with_comments_tracking/pdf/830eb0f0a2_file_169__vs__bc85714262_file_170_redline_b9beefb7de.pdf,b9beefb7ded0a24b376d41e384a3882bcddb6f18836af70bf6f6f266f28d61e2,c78ac21bfee798fa53f5fa36eabbddf872f48ee7e27a18cdb7b92730791e4627
with_comments_tracking,with_comments_tracking__838af02d11_file_173__vs__13ea153d22_file_174_redline_79f93926e2,corpus/word/with_comments_tracking/docx/838af02d11_file_173__vs__13ea153d22_file_174_redline_79f93926e2.docx,corpus/word/with_comments_tracking/pdf/838af02d11_file_173__vs__13ea153d22_file_174_redline_79f93926e2.pdf,79f93926e2d4cfcf78b71dde73355206435e26b7807e347462a47af35576860a,a8d4a2c0b1534eed9f8ed0fddd9493ed1dc964c77f639900e692a4f961d8e91f
with_comments_tracking,with_comments_tracking__86191281f8_r2_01_drop_blocks_0-15,corpus/word/with_comments_tracking/docx/86191281f8_r2_01_drop_blocks_0-15.docx,corpus/word/with_comments_tracking/pdf/86191281f8_r2_01_drop_blocks_0-15.pdf,86191281f8f2963e7158dffd9d9b9e3b97fc4e9db2ae9cfc684811c779d5a524,f71388263a5ca0d1fd58639cd9296bc298e912cc0889a3a63e2837889adef65f
with_comments_tracking,with_comments_tracking__8b0e267362_sample_document_word_repair_of_our_output_iter2,corpus/word/with_comments_tracking/docx/8b0e267362_sample_document_word_repair_of_our_output_iter2.docx,corpus/word/with_comments_tracking/pdf/8b0e267362_sample_document_word_repair_of_our_output_iter2.pdf,8b0e26736285d636beda15c50f98b77ad0538409a8c3b777fabe60775c63590c,7cb299906b9105caca6555998acddb4f5670e00b48d97d2215479e572b12e6b8
with_comments_tracking,with_comments_tracking__8ef32902e8_file_158__vs__8061e5912f_file_159_redline_c0a3ea22ca,corpus/word/with_comments_tracking/docx/8ef32902e8_file_158__vs__8061e5912f_file_159_redline_c0a3ea22ca.docx,corpus/word/with_comments_tracking/pdf/8ef32902e8_file_158__vs__8061e5912f_file_159_redline_c0a3ea22ca.pdf,c0a3ea22ca19ac4a2c2764fbbcbe9c563ce4260cdc11db472cd63b4428f88f1d,a89f8913d9b2cf39cd359d904ea86a77fd9a06f1194609aad4672c45bbb6cd5f
with_comments_tracking,with_comments_tracking__970fd9303f_sample_document_word_repair_of_our_output_word_r__vs__8441c4ae21_sd_2517_localized_heading_styles_redline_9c71031b8a,corpus/word/with_comments_tracking/docx/970fd9303f_sample_document_word_repair_of_our_output_word_r__vs__8441c4ae21_sd_2517_localized_heading_styles_redline_9c71031b8a.docx,corpus/word/with_comments_tracking/pdf/970fd9303f_sample_document_word_repair_of_our_output_word_r__vs__8441c4ae21_sd_2517_localized_heading_styles_redline_9c71031b8a.pdf,9c71031b8a17fd88d68c3cc419d55b9a99a25d5868ff8b873ebe7f54436cf611,2c8a2edf187abe23ade4d1ed813070ae4920c86c71061d37260de70ed1e111e1
with_comments_tracking,with_comments_tracking__970fd9303f_sample_document_word_repair_of_our_output_word_r__vs__e355cec096_small_font_size_demo_id_paraid_overflow_redline_e2b71d27e7,corpus/word/with_comments_tracking/docx/970fd9303f_sample_document_word_repair_of_our_output_word_r__vs__e355cec096_small_font_size_demo_id_paraid_overflow_redline_e2b71d27e7.docx,corpus/word/with_comments_tracking/pdf/970fd9303f_sample_document_word_repair_of_our_output_word_r__vs__e355cec096_small_font_size_demo_id_paraid_overflow_redline_e2b71d27e7.pdf,e2b71d27e71134aa98305e130d749e02d7dd525337103ca7a7a8cb0fddef8f7b,2e48d8c9f008801e6791cfcd4109b83b14c21f43ffbd15e0086d7265cd86ba2e
with_comments_tracking,with_comments_tracking__97b2e714de_super_editor__broken_list_7e9b9bf7__vs__b389f55091_super_editor__comment_23ee5ec1_redline_5dbff5ca6e,corpus/word/with_comments_tracking/docx/97b2e714de_super_editor__broken_list_7e9b9bf7__vs__b389f55091_super_editor__comment_23ee5ec1_redline_5dbff5ca6e.docx,corpus/word/with_comments_tracking/pdf/97b2e714de_super_editor__broken_list_7e9b9bf7__vs__b389f55091_super_editor__comment_23ee5ec1_redline_5dbff5ca6e.pdf,5dbff5ca6e90401613e6721f2eb0d53882ceba954a70302184c3dd0b3fe1c326,4019e90e5e1a3db9eae96dc026aece194b6f870417e044b6d75c487998daf3cc
with_comments_tracking,with_comments_tracking__97c3dd2e86_docx_lots_of_comments_addition_redline_addition__vs__9f5481078e_docx_lots_of_comments_addition_redline_redline_d6b1d609c1,corpus/word/with_comments_tracking/docx/97c3dd2e86_docx_lots_of_comments_addition_redline_addition__vs__9f5481078e_docx_lots_of_comments_addition_redline_redline_d6b1d609c1.docx,corpus/word/with_comments_tracking/pdf/97c3dd2e86_docx_lots_of_comments_addition_redline_addition__vs__9f5481078e_docx_lots_of_comments_addition_redline_redline_d6b1d609c1.pdf,d6b1d609c16c90777d38ebe5fea432772797e2a4cffafe8472d12ebd4913cfee,f2e417ae43553c873e64a8a627df66ce69407911c302d8e84d4e1e36d90c6214
with_comments_tracking,with_comments_tracking__9f6091a4ac_super_editor__threaded_comment_27bda0ba__vs__5fa01813d3_super_editor__basic_table_shading_d3212ffd_redline_a5450b8b72,corpus/word/with_comments_tracking/docx/9f6091a4ac_super_editor__threaded_comment_27bda0ba__vs__5fa01813d3_super_editor__basic_table_shading_d3212ffd_redline_a5450b8b72.docx,corpus/word/with_comments_tracking/pdf/9f6091a4ac_super_editor__threaded_comment_27bda0ba__vs__5fa01813d3_super_editor__basic_table_shading_d3212ffd_redline_a5450b8b72.pdf,a5450b8b72fbfb2fdb020604722dcddd9de21e1daf9328c15841d2bea418f94f,9ea5cd2b426151343db1d9ece452c1cd881314a69340c4c57a9709ec3649220f
with_comments_tracking,with_comments_tracking__a0738533be_gdocs_comments_export__vs__199cb211b5_super_editor__basic_footnotes_5be96945_redline_e5cff4e8d9,corpus/word/with_comments_tracking/docx/a0738533be_gdocs_comments_export__vs__199cb211b5_super_editor__basic_footnotes_5be96945_redline_e5cff4e8d9.docx,corpus/word/with_comments_tracking/pdf/a0738533be_gdocs_comments_export__vs__199cb211b5_super_editor__basic_footnotes_5be96945_redline_e5cff4e8d9.pdf,e5cff4e8d9495fafd7915320f3d30d0ae484332632f1837f4ab02530b861b174,cf378615a8a30c1e61ffe571b5844489057d3679d049604d167214235d8be50c
with_comments_tracking,with_comments_tracking__a0738533be_gdocs_comments_export__vs__d5a56cdeb3_super_editor__gdocs_single_comment_ac5db87f_redline_745218f254,corpus/word/with_comments_tracking/docx/a0738533be_gdocs_comments_export__vs__d5a56cdeb3_super_editor__gdocs_single_comment_ac5db87f_redline_745218f254.docx,corpus/word/with_comments_tracking/pdf/a0738533be_gdocs_comments_export__vs__d5a56cdeb3_super_editor__gdocs_single_comment_ac5db87f_redline_745218f254.pdf,745218f254e5fe6a65b32f005db777ee4075106325f4c335876999e829d21dac,86a081321448b9244cc46380839b81efc5ab7444bc637851769f534cd404b2b5
with_comments_tracking,with_comments_tracking__a0e6a09304_super_editor__diff_after11_1d5b767f__vs__3e50084c2e_super_editor__diff_after16_2a48697a_redline_9ee52e15be,corpus/word/with_comments_tracking/docx/a0e6a09304_super_editor__diff_after11_1d5b767f__vs__3e50084c2e_super_editor__diff_after16_2a48697a_redline_9ee52e15be.docx,corpus/word/with_comments_tracking/pdf/a0e6a09304_super_editor__diff_after11_1d5b767f__vs__3e50084c2e_super_editor__diff_after16_2a48697a_redline_9ee52e15be.pdf,9ee52e15becd1f72f614f7f3cb65489a164effa0f85a634490f4cfd1bd86dfcf,90649f811820313a9003efb695a359c6a2196f859aae663a06719fbb50070013
with_comments_tracking,with_comments_tracking__a0e6a09304_super_editor__diff_after11_1d5b767f__vs__e844ea2053_evals__table_doc_4d728d83_redline_80e8acff6a,corpus/word/with_comments_tracking/docx/a0e6a09304_super_editor__diff_after11_1d5b767f__vs__e844ea2053_evals__table_doc_4d728d83_redline_80e8acff6a.docx,corpus/word/with_comments_tracking/pdf/a0e6a09304_super_editor__diff_after11_1d5b767f__vs__e844ea2053_evals__table_doc_4d728d83_redline_80e8acff6a.pdf,80e8acff6a0faf7bb3fb9f68d0851cb407c2ba181d44658bbcae0d9e907a71d1,7f45cbbd75fac9aaea64c33df4d984c5ad7ca1779c7181ff4d54795e8c98da0a
with_comments_tracking,with_comments_tracking__a4c38b1bf5_4c17189eb7a543ae96f42443a9f4001a3be8fec6e47f7481__vs__cd63d2dccf_3f2752287dacf8e3e52d649dc467cbab2214df665039ab15_redline_e9ef73a8e4,corpus/word/with_comments_tracking/docx/a4c38b1bf5_4c17189eb7a543ae96f42443a9f4001a3be8fec6e47f7481__vs__cd63d2dccf_3f2752287dacf8e3e52d649dc467cbab2214df665039ab15_redline_e9ef73a8e4.docx,corpus/word/with_comments_tracking/pdf/a4c38b1bf5_4c17189eb7a543ae96f42443a9f4001a3be8fec6e47f7481__vs__cd63d2dccf_3f2752287dacf8e3e52d649dc467cbab2214df665039ab15_redline_e9ef73a8e4.pdf,e9ef73a8e42f71d4e10d789a54b6b74a45156966e9cd04beecfd6065af90a98d,f821a5a96e9174f7ca79c9c2b5d014db8870e9146d7a955c30f2544c9b4bd5f5
with_comments_tracking,with_comments_tracking__ab85c77154_file_115,corpus/word/with_comments_tracking/docx/ab85c77154_file_115.docx,corpus/word/with_comments_tracking/pdf/ab85c77154_file_115.pdf,ab85c771544bc1d7f27f6bbee422fab5199ef7412cc16aab53d1ee3afd73569b,8b95563ef5d77c47ced1e6d8d269b7c4db1c21b1b9691523f22d0cfcad887119
with_comments_tracking,with_comments_tracking__ab85c77154_file_115__vs__b7219494de_file_116_redline_61959b1953,corpus/word/with_comments_tracking/docx/ab85c77154_file_115__vs__b7219494de_file_116_redline_61959b1953.docx,corpus/word/with_comments_tracking/pdf/ab85c77154_file_115__vs__b7219494de_file_116_redline_61959b1953.pdf,61959b1953f9009c692aedf8f5b482c34d911ddff40318f6e4d39f2e7d5c12b7,ed507c04efcea0a3b73d66677dd198a9bf8c41c0405eb1daf11a76b1b07212cf
with_comments_tracking,with_comments_tracking__ab85c77154_file_115__vs__b7219494de_file_116_redline_6c3c5d2765,corpus/word/with_comments_tracking/docx/ab85c77154_file_115__vs__b7219494de_file_116_redline_6c3c5d2765.docx,corpus/word/with_comments_tracking/pdf/ab85c77154_file_115__vs__b7219494de_file_116_redline_6c3c5d2765.pdf,6c3c5d2765a5154327a0937bee91ba81f0cd4e5355ab7a09e9c3215a398a3523,34948268588364bf7d9d03f634e701e81fa3c6549c4c8dd560308b8a75011597
with_comments_tracking,with_comments_tracking__ac4b41aa8e_verdana_font_demo_id_paraid_overflow__vs__4f0a3847e3_verdana_italic_centered_demo_id_paraid_overflow_redline_30d1cde0ac,corpus/word/with_comments_tracking/docx/ac4b41aa8e_verdana_font_demo_id_paraid_overflow__vs__4f0a3847e3_verdana_italic_centered_demo_id_paraid_overflow_redline_30d1cde0ac.docx,corpus/word/with_comments_tracking/pdf/ac4b41aa8e_verdana_font_demo_id_paraid_overflow__vs__4f0a3847e3_verdana_italic_centered_demo_id_paraid_overflow_redline_30d1cde0ac.pdf,30d1cde0acde1d7d7dff569bafba179b229de60fb28fd6a7022b5f5e082dae3d,381ff45ba9577b610188c49fcce7fc4adca6ee943cb0bc85f74778efd5df2ca4
with_comments_tracking,with_comments_tracking__adc9f524d1_comments__vs__5d17fd43a9_complex_style_attr_redline_2061218d44,corpus/word/with_comments_tracking/docx/adc9f524d1_comments__vs__5d17fd43a9_complex_style_attr_redline_2061218d44.docx,corpus/word/with_comments_tracking/pdf/adc9f524d1_comments__vs__5d17fd43a9_complex_style_attr_redline_2061218d44.pdf,2061218d44101794df0e0b7db55efcb9efe3ffaba4b51fdc4d4e0f190004c4ec,5839ea97cbef6950ec6048d4c5e7a9e4e4ba2c9b95e731f598b6c8f6667b5089
with_comments_tracking,with_comments_tracking__b07ba468f1_r3_keep_4_5,corpus/word/with_comments_tracking/docx/b07ba468f1_r3_keep_4_5.docx,corpus/word/with_comments_tracking/pdf/b07ba468f1_r3_keep_4_5.pdf,b07ba468f1b33b1216cfacfb256bbd61b4475dfae1ae636c05a4f291083055a0,915d227a17569262ad167efa2a354d0c340bde3a19b95791eb32ae896c378c4b
with_comments_tracking,with_comments_tracking__b175a00954_file_27,corpus/word/with_comments_tracking/docx/b175a00954_file_27.docx,corpus/word/with_comments_tracking/pdf/b175a00954_file_27.pdf,b175a0095453a808cbd74507f04fdb1c71ceb6c88cea8e9d0bd005c2b4847e55,79ae2f3c95d1537a05711a7152a5b3093f34322ecbbb22364540298b83586819
with_comments_tracking,with_comments_tracking__b389f55091_super_editor__comment_23ee5ec1__vs__3e50084c2e_super_editor__diff_after16_2a48697a_redline_eb468b0385,corpus/word/with_comments_tracking/docx/b389f55091_super_editor__comment_23ee5ec1__vs__3e50084c2e_super_editor__diff_after16_2a48697a_redline_eb468b0385.docx,corpus/word/with_comments_tracking/pdf/b389f55091_super_editor__comment_23ee5ec1__vs__3e50084c2e_super_editor__diff_after16_2a48697a_redline_eb468b0385.pdf,eb468b03852ccc4975433d3eaeb01ebcfab12b19890fdfdfedcc8126e8898257,ad4c410469949a8e930a6d6ddb63077528399744000fe339be0b847ed02c6943
with_comments_tracking,with_comments_tracking__b389f55091_super_editor__comment_23ee5ec1__vs__ea7427b18a_super_editor__complex_list_def_issue_326369f9_redline_108332354e,corpus/word/with_comments_tracking/docx/b389f55091_super_editor__comment_23ee5ec1__vs__ea7427b18a_super_editor__complex_list_def_issue_326369f9_redline_108332354e.docx,corpus/word/with_comments_tracking/pdf/b389f55091_super_editor__comment_23ee5ec1__vs__ea7427b18a_super_editor__complex_list_def_issue_326369f9_redline_108332354e.pdf,108332354e6071b1fca7fb48db217b8a439d67b660dedff867a8ace9ee7dc4a0,4bda0583d0d671d8a13cafa1cb8957cbfa5653d4dc87d7d337c5249949214b29
with_comments_tracking,with_comments_tracking__b389f55091_super_editor__comment_23ee5ec1__vs__ea7427b18a_super_editor__complex_list_def_issue_326369f9_redline_4e153e7d8c,corpus/word/with_comments_tracking/docx/b389f55091_super_editor__comment_23ee5ec1__vs__ea7427b18a_super_editor__complex_list_def_issue_326369f9_redline_4e153e7d8c.docx,corpus/word/with_comments_tracking/pdf/b389f55091_super_editor__comment_23ee5ec1__vs__ea7427b18a_super_editor__complex_list_def_issue_326369f9_redline_4e153e7d8c.pdf,4e153e7d8c473c3b52c69977b1a7a7c7a0a3ec48d1a2afbc3816c19f2fdbaef1,cb6be35a216f348021f969ced0aba2b11bbd101faf31d9c1a936400d1c882786
with_comments_tracking,with_comments_tracking__b6c53ac3a5_r4_03_unwrap_table,corpus/word/with_comments_tracking/docx/b6c53ac3a5_r4_03_unwrap_table.docx,corpus/word/with_comments_tracking/pdf/b6c53ac3a5_r4_03_unwrap_table.pdf,b6c53ac3a53b6a52808b6a080cb93fbbd089a6f07ec41b1308538f281550aa1c,d9e0dab6fa568785e62015440cf3b806156b4eca42794cef25f87ec8eaff93cd
with_comments_tracking,with_comments_tracking__bd768e6c17_file_74__vs__8c79860f8d_file_75_redline_58c827e77a,corpus/word/with_comments_tracking/docx/bd768e6c17_file_74__vs__8c79860f8d_file_75_redline_58c827e77a.docx,corpus/word/with_comments_tracking/pdf/bd768e6c17_file_74__vs__8c79860f8d_file_75_redline_58c827e77a.pdf,58c827e77a4cc669b3dd70ca2e8eabe745ce2db245bde675d726acec709dfe9b,80c614a9cd1b3363d5e27ab651df59676e0fe71253a003fd7c76f41c6a2d28bc
with_comments_tracking,with_comments_tracking__bd962090cd_s10_control,corpus/word/with_comments_tracking/docx/bd962090cd_s10_control.docx,corpus/word/with_comments_tracking/pdf/bd962090cd_s10_control.pdf,bd962090cd45d4b928e23b39a5dea00b2c01a304ed805366cfd94e574998742f,3b6a10d930fcfe20e87ebf0acd048ef46422ec5fa28c22f6f7cd431beba44668
with_comments_tracking,with_comments_tracking__bf8e56b2fc_r3_keep_4_5_296_297,corpus/word/with_comments_tracking/docx/bf8e56b2fc_r3_keep_4_5_296_297.docx,corpus/word/with_comments_tracking/pdf/bf8e56b2fc_r3_keep_4_5_296_297.pdf,bf8e56b2fc5f19ae5cef1da8fdf1451a110c84a66cbd9991fa5ab0660130466f,435b4ed8a2c72823124d4e14753332afb5c1943dee8100b8aa070f1386452a41
with_comments_tracking,with_comments_tracking__c090b9f082_file_8__vs__3f91c8f0cd_file_9_redline_cac2492b83,corpus/word/with_comments_tracking/docx/c090b9f082_file_8__vs__3f91c8f0cd_file_9_redline_cac2492b83.docx,corpus/word/with_comments_tracking/pdf/c090b9f082_file_8__vs__3f91c8f0cd_file_9_redline_cac2492b83.pdf,cac2492b83059cb6a2b188ba29c306521df42e47d0e50a931f34c068a245535e,d4ad55f0c8e4fc51d7fdbef1d9c5a7a1b52f82be27aa5f49f09e311f911bb0b4
with_comments_tracking,with_comments_tracking__cb94e969ef_z01_file27_landscape_to_portrait,corpus/word/with_comments_tracking/docx/cb94e969ef_z01_file27_landscape_to_portrait.docx,corpus/word/with_comments_tracking/pdf/cb94e969ef_z01_file27_landscape_to_portrait.pdf,cb94e969ef8b9d3ef4222d259a008fbde6dfda103bfd99556b3c3ce796f80a8f,c6fed308493f1416db36cbbdd214b611b67a8e2c6651567e5ae9a259a92c3d90
with_comments_tracking,with_comments_tracking__cbb3bab843_word_tolerated_orphan_comment__vs__cefef4e4f5_yellow_highlight_demo_id_paraid_overflow_redline_3796807136,corpus/word/with_comments_tracking/docx/cbb3bab843_word_tolerated_orphan_comment__vs__cefef4e4f5_yellow_highlight_demo_id_paraid_overflow_redline_3796807136.docx,corpus/word/with_comments_tracking/pdf/cbb3bab843_word_tolerated_orphan_comment__vs__cefef4e4f5_yellow_highlight_demo_id_paraid_overflow_redline_3796807136.pdf,37968071367e72efc36dea1683a6d1013808c6cd42d051460f04ef9818e11671,ab3d3a8c12e3c40be1fc3f954b4b5ee0411d942feed79a548c4467355283e495
with_comments_tracking,with_comments_tracking__ced58cbf54_super_editor__sd_1494_table_left_indent_03277d35__vs__84f5fb598b_super_editor__diff_before11_1b953eaf_redline_e50d2db84c,corpus/word/with_comments_tracking/docx/ced58cbf54_super_editor__sd_1494_table_left_indent_03277d35__vs__84f5fb598b_super_editor__diff_before11_1b953eaf_redline_e50d2db84c.docx,corpus/word/with_comments_tracking/pdf/ced58cbf54_super_editor__sd_1494_table_left_indent_03277d35__vs__84f5fb598b_super_editor__diff_before11_1b953eaf_redline_e50d2db84c.pdf,e50d2db84c45612e55fff8ef91b04223acde6230c1867ad55280eb314a750523,b7cc1d773074a2f60c5ad6631add05dc52386c276104579102fb4e9938febf8d
with_comments_tracking,with_comments_tracking__cefef4e4f5_yellow_highlight_demo_id_paraid_overflow__vs__a391978591_yellow_highlight_italic_demo_style_default_missi_redline_aec80553e5,corpus/word/with_comments_tracking/docx/cefef4e4f5_yellow_highlight_demo_id_paraid_overflow__vs__a391978591_yellow_highlight_italic_demo_style_default_missi_redline_aec80553e5.docx,corpus/word/with_comments_tracking/pdf/cefef4e4f5_yellow_highlight_demo_id_paraid_overflow__vs__a391978591_yellow_highlight_italic_demo_style_default_missi_redline_aec80553e5.pdf,aec80553e57dacfc0f526a4a1c87c45165808c833a48128ec5e29e9784a73e4a,cb5ae540ac7a2891bd7d93749e75c8e18eec94487df1fbc903b8532f52ba7ad1
with_comments_tracking,with_comments_tracking__d5a56cdeb3_super_editor__gdocs_single_comment_ac5db87f__vs__bc78614a22_super_editor__gdocs_tracked_changes_3c1de315_redline_99740a096f,corpus/word/with_comments_tracking/docx/d5a56cdeb3_super_editor__gdocs_single_comment_ac5db87f__vs__bc78614a22_super_editor__gdocs_tracked_changes_3c1de315_redline_99740a096f.docx,corpus/word/with_comments_tracking/pdf/d5a56cdeb3_super_editor__gdocs_single_comment_ac5db87f__vs__bc78614a22_super_editor__gdocs_tracked_changes_3c1de315_redline_99740a096f.pdf,99740a096f66e45660a567e5db81a7814df56fe5d20fcd75222bd6e77e9a58d6,9a794a1b26fe25e12d3762628d7c42f6090c2c479c7d6e7c8733c181732c5270
with_comments_tracking,with_comments_tracking__d93f1dafca_sample_document_word_repair_of_our_output_iter2,corpus/word/with_comments_tracking/docx/d93f1dafca_sample_document_word_repair_of_our_output_iter2.docx,corpus/word/with_comments_tracking/pdf/d93f1dafca_sample_document_word_repair_of_our_output_iter2.pdf,d93f1dafca336699a1df1008aac124191030ab13674cf34ee3968fbfe8aff269,976af30ebaea603bfb788c42a189c81c8ecc1b9aa87060ccd490b57cdd51cd36
with_comments_tracking,with_comments_tracking__d93f1dafca_sample_document_word_repair_of_our_output_iter2__vs__970fd9303f_sample_document_word_repair_of_our_output_word_r_redline_cbd854cb68,corpus/word/with_comments_tracking/docx/d93f1dafca_sample_document_word_repair_of_our_output_iter2__vs__970fd9303f_sample_document_word_repair_of_our_output_word_r_redline_cbd854cb68.docx,corpus/word/with_comments_tracking/pdf/d93f1dafca_sample_document_word_repair_of_our_output_iter2__vs__970fd9303f_sample_document_word_repair_of_our_output_word_r_redline_cbd854cb68.pdf,cbd854cb68c701b266c3adba806b0eb4380cef867579ed1b69c97fb848a9c8ad,2880c442169605d81c2a379080d15401c2f3065613979f99b739a8700dc62431
with_comments_tracking,with_comments_tracking__d93f1dafca_sample_document_word_repair_of_our_output_iter2__vs__970fd9303f_sample_document_word_repair_of_our_output_word_r_redline_e47152cecc,corpus/word/with_comments_tracking/docx/d93f1dafca_sample_document_word_repair_of_our_output_iter2__vs__970fd9303f_sample_document_word_repair_of_our_output_word_r_redline_e47152cecc.docx,corpus/word/with_comments_tracking/pdf/d93f1dafca_sample_document_word_repair_of_our_output_iter2__vs__970fd9303f_sample_document_word_repair_of_our_output_word_r_redline_e47152cecc.pdf,e47152ceccc26ef62aa28776b4280d9f86777fd7c41fbd9ba543df69e85b2261,3e829a33e237c47cbfb862f72e567bed4e42a5e9c96d19ab7c8989ad384a3ebd
with_comments_tracking,with_comments_tracking__dc8bc2527d_ab3_04_jub_with_base_word_commentsextended_xml,corpus/word/with_comments_tracking/docx/dc8bc2527d_ab3_04_jub_with_base_word_commentsextended_xml.docx,corpus/word/with_comments_tracking/pdf/dc8bc2527d_ab3_04_jub_with_base_word_commentsextended_xml.pdf,dc8bc2527d5f9ab009d7ffa4dafff941a663925fb411074768450c62b457a347,bb2084918b66676a77dd669a1e03b8b4205189b23f60a97aace6d2b297ef7c7f
with_comments_tracking,with_comments_tracking__dccd972179_file_142__vs__0483e899af_file_143_redline_4dc72c3d9f,corpus/word/with_comments_tracking/docx/dccd972179_file_142__vs__0483e899af_file_143_redline_4dc72c3d9f.docx,corpus/word/with_comments_tracking/pdf/dccd972179_file_142__vs__0483e899af_file_143_redline_4dc72c3d9f.pdf,4dc72c3d9fb589fb334128df1d41e5c9f072dce9931ef004d522cf4d1b1dce1a,50352e784541a85dc4116ee363d8d5324b2f6eac619a2110ad5171ea38be53e6
with_comments_tracking,with_comments_tracking__df097720f7_file_131__vs__3c60cce945_file_132_redline_fa05623f53,corpus/word/with_comments_tracking/docx/df097720f7_file_131__vs__3c60cce945_file_132_redline_fa05623f53.docx,corpus/word/with_comments_tracking/pdf/df097720f7_file_131__vs__3c60cce945_file_132_redline_fa05623f53.pdf,fa05623f537906221a64632c389e33312d9d9d76f0bc2e344bdc545443b39d84,76a3a94b5be155adb23fca0aaf16117b000e53da7ac1791f23d13304574d6c0c
with_comments_tracking,with_comments_tracking__e11fc429b2_29540ef11ec3fc04ba1bca353f5140559c4b03e76516c7a7__vs__0f6e71381a_7057d180ffd30c96a71aa95e32993d39bf2e59a1eff850b7_redline_b461d6f797,corpus/word/with_comments_tracking/docx/e11fc429b2_29540ef11ec3fc04ba1bca353f5140559c4b03e76516c7a7__vs__0f6e71381a_7057d180ffd30c96a71aa95e32993d39bf2e59a1eff850b7_redline_b461d6f797.docx,corpus/word/with_comments_tracking/pdf/e11fc429b2_29540ef11ec3fc04ba1bca353f5140559c4b03e76516c7a7__vs__0f6e71381a_7057d180ffd30c96a71aa95e32993d39bf2e59a1eff850b7_redline_b461d6f797.pdf,b461d6f797b9fadc873a021baea5801038fa99c3e2b1fda2ef4c1a42c08d2abb,aec603b1e88806e6eba507bb453d9d25044d23dd49449ccb4a9ba99f0914cd4e
with_comments_tracking,with_comments_tracking__e355cec096_small_font_size_demo_id_paraid_overflow__vs__60697d46b7_strict01_redline_0cd32d67b2,corpus/word/with_comments_tracking/docx/e355cec096_small_font_size_demo_id_paraid_overflow__vs__60697d46b7_strict01_redline_0cd32d67b2.docx,corpus/word/with_comments_tracking/pdf/e355cec096_small_font_size_demo_id_paraid_overflow__vs__60697d46b7_strict01_redline_0cd32d67b2.pdf,0cd32d67b2f0043093e681ae64c48a22572af5cdfff6a7cd8fcd72fe3cb3262c,7ff531c4ef2244430704d182c6e9525010ffb1f2b07a9d9324b778a2c0735605
with_comments_tracking,with_comments_tracking__e57ad0eaa4_docx_lots_of_comments_addition__vs__6e2576a091_docx_lots_of_comments_redline_92075b7449,corpus/word/with_comments_tracking/docx/e57ad0eaa4_docx_lots_of_comments_addition__vs__6e2576a091_docx_lots_of_comments_redline_92075b7449.docx,corpus/word/with_comments_tracking/pdf/e57ad0eaa4_docx_lots_of_comments_addition__vs__6e2576a091_docx_lots_of_comments_redline_92075b7449.pdf,92075b74498b292ba3baf6db1c5d65a92041bb030c40b987a68cd2535d5eef1e,f31f094ddee89b381034c59756ef504692a19516d24c161e796180885ed4217d
with_comments_tracking,with_comments_tracking__e606f032e6_ab4_a_base_rangeend_moved_into_next_p,corpus/word/with_comments_tracking/docx/e606f032e6_ab4_a_base_rangeend_moved_into_next_p.docx,corpus/word/with_comments_tracking/pdf/e606f032e6_ab4_a_base_rangeend_moved_into_next_p.pdf,e606f032e62189b7c8732f25bc1b3374f181775daa2bfd570bf3dd423c047337,afe6a776dd7b4c8050db6120dd2e83504068f293bd0fc5ceed0770c5e4da879f
with_comments_tracking,with_comments_tracking__e70f1134dd_super_editor__diff_before8_ba5faa9e__vs__671ff91b1d_behavior__sd_2750_borderbox_7cd3768d_redline_0e6cc23727,corpus/word/with_comments_tracking/docx/e70f1134dd_super_editor__diff_before8_ba5faa9e__vs__671ff91b1d_behavior__sd_2750_borderbox_7cd3768d_redline_0e6cc23727.docx,corpus/word/with_comments_tracking/pdf/e70f1134dd_super_editor__diff_before8_ba5faa9e__vs__671ff91b1d_behavior__sd_2750_borderbox_7cd3768d_redline_0e6cc23727.pdf,0e6cc237275d1d7b43dbbe6d66bdbd4000ecd2da6cf57470a3ec4be2299cbadd,838e84b67c0dcde5daac80a96011bc0cb7f300f121c7be54523b4311a4937536
with_comments_tracking,with_comments_tracking__e70f1134dd_super_editor__diff_before8_ba5faa9e__vs__f6e1c253ff_super_editor__diff_before9_9818a85f_redline_f831dd3821,corpus/word/with_comments_tracking/docx/e70f1134dd_super_editor__diff_before8_ba5faa9e__vs__f6e1c253ff_super_editor__diff_before9_9818a85f_redline_f831dd3821.docx,corpus/word/with_comments_tracking/pdf/e70f1134dd_super_editor__diff_before8_ba5faa9e__vs__f6e1c253ff_super_editor__diff_before9_9818a85f_redline_f831dd3821.pdf,f831dd3821c4737926eecf34da5d8e0d5fae7f36bd63a09eb3da0cb7e71b2ba0,8edb72a6a1c844fa18fdb9d92424d99470b6b873fb5bdb9f2a62511878595441
with_comments_tracking,with_comments_tracking__e9d5410452_file_191,corpus/word/with_comments_tracking/docx/e9d5410452_file_191.docx,corpus/word/with_comments_tracking/pdf/e9d5410452_file_191.pdf,e9d5410452d31c4b28f3e1f09c438964ff3871e26741f2619fb709643514b5a9,9e4b9a351d0b04882548de03304e66d57454f4efe75219761bcc121583e03e30
with_comments_tracking,with_comments_tracking__ec3dd0df69_file_53__vs__94ed0def64_file_54_redline_d12806f3e8,corpus/word/with_comments_tracking/docx/ec3dd0df69_file_53__vs__94ed0def64_file_54_redline_d12806f3e8.docx,corpus/word/with_comments_tracking/pdf/ec3dd0df69_file_53__vs__94ed0def64_file_54_redline_d12806f3e8.pdf,d12806f3e829d2ec655227efe98eca3fafdc05c1b0ebdddfa6f166bd02f63a5f,a855cc6b35d208fc50441b5f9293ba181e8538e97f7df929ae4056991a505db1
with_comments_tracking,with_comments_tracking__ed0aa93b58_file_18__vs__9bf625ba95_file_19_redline_8694636a78,corpus/word/with_comments_tracking/docx/ed0aa93b58_file_18__vs__9bf625ba95_file_19_redline_8694636a78.docx,corpus/word/with_comments_tracking/pdf/ed0aa93b58_file_18__vs__9bf625ba95_file_19_redline_8694636a78.pdf,8694636a7879f155bf5164751a4f9a794b9ab900f37ae0094f263f47e46ab87e,9795f2301b1d1d09acb29ec60ec459140d7414f16b84de1bebf84b76dc3d002f
with_comments_tracking,with_comments_tracking__f529133cd5_super_editor__basic_comment_d3ba5f1e__vs__5fa01813d3_super_editor__basic_table_shading_d3212ffd_redline_b2704631d9,corpus/word/with_comments_tracking/docx/f529133cd5_super_editor__basic_comment_d3ba5f1e__vs__5fa01813d3_super_editor__basic_table_shading_d3212ffd_redline_b2704631d9.docx,corpus/word/with_comments_tracking/pdf/f529133cd5_super_editor__basic_comment_d3ba5f1e__vs__5fa01813d3_super_editor__basic_table_shading_d3212ffd_redline_b2704631d9.pdf,b2704631d99ca637bc6ffb0414da5e9dbd080bacf8e0841aaa65c35057b71331,1aadea42c50f40950fa443815c2964bd3420ba09ed88b14bcb7ff481b5acc98e
with_comments_tracking,with_comments_tracking__f529133cd5_super_editor__basic_comment_d3ba5f1e__vs__75aeff4f58_super_editor__diff_after9_a9d4b4b0_redline_8abeeabff4,corpus/word/with_comments_tracking/docx/f529133cd5_super_editor__basic_comment_d3ba5f1e__vs__75aeff4f58_super_editor__diff_after9_a9d4b4b0_redline_8abeeabff4.docx,corpus/word/with_comments_tracking/pdf/f529133cd5_super_editor__basic_comment_d3ba5f1e__vs__75aeff4f58_super_editor__diff_after9_a9d4b4b0_redline_8abeeabff4.pdf,8abeeabff43837694bbcfbabbdc8d86f7d58c28d24d497af72a124b85de8c59b,2a4e14c3af5943d9205e645bc215f7e50d67b37a4e689264971fefd8dbd9b8a2
with_comments_clean,with_comments_clean__115a9fa36c_00b0c1ee03bebb82d730a127b2dc2a13c07e5e98b98100d6,corpus/word/with_comments_clean/docx/115a9fa36c_00b0c1ee03bebb82d730a127b2dc2a13c07e5e98b98100d6.docx,corpus/word/with_comments_clean/pdf/115a9fa36c_00b0c1ee03bebb82d730a127b2dc2a13c07e5e98b98100d6.pdf,115a9fa36c053dd7d66901dd9e09e37890850980486f9ac6676163bab99c6821,1078764d945658cc05fe2728fb04ac7f6d1414d50cfe755c503b4f17f8345ef5
with_comments_clean,with_comments_clean__203efad2c1_30f20e787b_rejected_tracking,corpus/word/with_comments_clean/docx/203efad2c1_30f20e787b_rejected_tracking.docx,corpus/word/with_comments_clean/pdf/203efad2c1_30f20e787b_rejected_tracking.pdf,203efad2c120a595c6b36402f3e99caf4984789cbcb59db75a65b741c0aee47f,1a15b9e66a90312cbc486aeaf182745615d630a223abd718825091ff6cf64ada
with_comments_clean,with_comments_clean__2a91f7d867_r4_09_unwrap_and_accept,corpus/word/with_comments_clean/docx/2a91f7d867_r4_09_unwrap_and_accept.docx,corpus/word/with_comments_clean/pdf/2a91f7d867_r4_09_unwrap_and_accept.pdf,2a91f7d86734f51e0dffcb14112dc25c246750637e23030f9156339c728fae3c,24b86b8d234c2a3652ee91c9b6da47e4e2ef5820b035ae9dbb3f1b640258964a
with_comments_clean,with_comments_clean__3cd8706d87_70a6883d16_accepted_tracking,corpus/word/with_comments_clean/docx/3cd8706d87_70a6883d16_accepted_tracking.docx,corpus/word/with_comments_clean/pdf/3cd8706d87_70a6883d16_accepted_tracking.pdf,3cd8706d8739c22d6814e9c53d9dd3d342b4111c204c135e9c7e9c34310ff212,6572a5304645df97d5b03b676bdd8bd1f3e871662a16a9894b8cd329c7ac2e9b
with_comments_clean,with_comments_clean__3e39fd5262_01f3deda92_accepted_tracking,corpus/word/with_comments_clean/docx/3e39fd5262_01f3deda92_accepted_tracking.docx,corpus/word/with_comments_clean/pdf/3e39fd5262_01f3deda92_accepted_tracking.pdf,3e39fd526289d1914285d62008ebcad2a27821982915bb21f18323e6ffb2ed89,77014d28e5871c13cd7d293fbf2ecb5e3f7064666621fd471b199e8c92f54a03
with_comments_clean,with_comments_clean__50093b5a2d_f64bfdeadc_accepted_tracking,corpus/word/with_comments_clean/docx/50093b5a2d_f64bfdeadc_accepted_tracking.docx,corpus/word/with_comments_clean/pdf/50093b5a2d_f64bfdeadc_accepted_tracking.pdf,50093b5a2de82046abfdd2f70028a562e80e8e83ba390611ec74279ea1282993,f38eb803f16f58fc26bf571103cffa19d54ce3bdc49faeb8830e2e53154eab36
with_comments_clean,with_comments_clean__5542fbce1d_957168bc45_accepted_tracking,corpus/word/with_comments_clean/docx/5542fbce1d_957168bc45_accepted_tracking.docx,corpus/word/with_comments_clean/pdf/5542fbce1d_957168bc45_accepted_tracking.pdf,5542fbce1d040e6b607957bcfa2c180506658ad53387848662ec00c18743c697,3bfdeb65f826f55947b82789b4449ff7517b7a08974ec492f01ac9ab56e95561
with_comments_clean,with_comments_clean__5ebd794800_ff27140d0a_accepted_tracking,corpus/word/with_comments_clean/docx/5ebd794800_ff27140d0a_accepted_tracking.docx,corpus/word/with_comments_clean/pdf/5ebd794800_ff27140d0a_accepted_tracking.pdf,5ebd7948008e7fe86567476d5a4131f8591f3293e2491e130010cc3201142e97,4b327558ca1b0996db60033e73afe9ed8bf0a7148c08d849d99a9854279f8dbc
with_comments_clean,with_comments_clean__6a2470aead_0f031c23c3_rejected_tracking,corpus/word/with_comments_clean/docx/6a2470aead_0f031c23c3_rejected_tracking.docx,corpus/word/with_comments_clean/pdf/6a2470aead_0f031c23c3_rejected_tracking.pdf,6a2470aeade220ae2170d75a03b5b8e7cf888651a40464c4a045e979db28b928,bc720ba3feb25cedee4881e901e92515396cc1f8afa79e68589cf8f650133432
with_comments_clean,with_comments_clean__6e2576a091_docx_lots_of_comments,corpus/word/with_comments_clean/docx/6e2576a091_docx_lots_of_comments.docx,corpus/word/with_comments_clean/pdf/6e2576a091_docx_lots_of_comments.pdf,6e2576a091e9b18094337d462ad92bf6f98bbb9c4d5c749a76d501323efe5632,192a1741343493eed4fc8aa3029de8eea1344bce48207f6a852ccda0f13984fc
with_comments_clean,with_comments_clean__6ef6726c28_comments_complex_style_attr_word_redline_accepte,corpus/word/with_comments_clean/docx/6ef6726c28_comments_complex_style_attr_word_redline_accepte.docx,corpus/word/with_comments_clean/pdf/6ef6726c28_comments_complex_style_attr_word_redline_accepte.pdf,6ef6726c286adfa1f8089d22f8080f30d85c9d8b343ad56661a9bed13b6c1b1c,046620da2007cc5800e7282aeac301e3560028a431e7cb1b2674387031fa3565
with_comments_clean,with_comments_clean__85b06aa40b_a202881c62_accepted_tracking,corpus/word/with_comments_clean/docx/85b06aa40b_a202881c62_accepted_tracking.docx,corpus/word/with_comments_clean/pdf/85b06aa40b_a202881c62_accepted_tracking.pdf,85b06aa40bbc38b17d5743de6bdea56248f7296374bfdb59dea953246de6b85f,ef081e041a789e7275fbba61fd49750736ceb394e810d6fde54f4f27ada6af21
with_comments_clean,with_comments_clean__8ee3977725_r5_06_end_p1_ref_p2_end,corpus/word/with_comments_clean/docx/8ee3977725_r5_06_end_p1_ref_p2_end.docx,corpus/word/with_comments_clean/pdf/8ee3977725_r5_06_end_p1_ref_p2_end.pdf,8ee39777259c7fe56b9636266c9128754212dc9e8cb3861a9dccd308029614ae,7c3eaf631edd416c5f8e6f86fc6d9ea59bad4a7b080211532ee3879c5300005c
with_comments_clean,with_comments_clean__93d7373f57_r5_03_end_body_ref_own_para,corpus/word/with_comments_clean/docx/93d7373f57_r5_03_end_body_ref_own_para.docx,corpus/word/with_comments_clean/pdf/93d7373f57_r5_03_end_body_ref_own_para.pdf,93d7373f57b14565e6d4b789153baa60f5fb312e3a99a252c2b2bca9ffdc60ce,70cdd40f47b7d2a1a4ee2eee549989504d614c11aba91ab7ad0e51ada07d1095
with_comments_clean,with_comments_clean__df68cbafb7_3866f441cc_accepted_tracking,corpus/word/with_comments_clean/docx/df68cbafb7_3866f441cc_accepted_tracking.docx,corpus/word/with_comments_clean/pdf/df68cbafb7_3866f441cc_accepted_tracking.pdf,df68cbafb707ec73a65d9e0c241d6c0e6736ce3221ed41c857bb0454bb0e1ba6,be11ca1d5ad57279ea2fb67d4fc31bdac266d156e404d8707167ccb3fdea42d1
with_comments_clean,with_comments_clean__f2ecba2e9a_bfff2b1ab0_accepted_tracking,corpus/word/with_comments_clean/docx/f2ecba2e9a_bfff2b1ab0_accepted_tracking.docx,corpus/word/with_comments_clean/pdf/f2ecba2e9a_bfff2b1ab0_accepted_tracking.pdf,f2ecba2e9a080d44d058b35d08e59f88bb8105c5b1c1cee4f7312824131fbc57,fcc5238571ca1ae0778e66183a62c7d42a06ff9f6535774bb2156e1d42b99f5c
with_comments_clean,with_comments_clean__fcd2a42b64_r4_04_accept_tracked,corpus/word/with_comments_clean/docx/fcd2a42b64_r4_04_accept_tracked.docx,corpus/word/with_comments_clean/pdf/fcd2a42b64_r4_04_accept_tracked.pdf,fcd2a42b645b94dcba89c368ceed25617fcd21430db47057c74aedc7db50d174,a9bfe9324bc99678481b865a8a599356c95f8d91dfdc5ec1a61d783b3952d406
with_comments_tracking,with_comments_tracking__0483e899af_file_143__vs__cc82deb093_file_144_redline_428f3f3022,corpus/word/with_comments_tracking/docx/0483e899af_file_143__vs__cc82deb093_file_144_redline_428f3f3022.docx,corpus/word/with_comments_tracking/pdf/0483e899af_file_143__vs__cc82deb093_file_144_redline_428f3f3022.pdf,428f3f3022a6b36fe7f3c57019eee99a4a891ddc8a91006ce43c86851ac0605d,44bd63110abe738c9724612e25397ff5b3acb14ab5efd18ba96f0f1755c09815
with_comments_tracking,with_comments_tracking__08286ffbfb_super_editor__basic_resolved_comment_cac5a1b0__vs__5fa01813d3_super_editor__basic_table_shading_d3212ffd_redline_e89c50b8fe,corpus/word/with_comments_tracking/docx/08286ffbfb_super_editor__basic_resolved_comment_cac5a1b0__vs__5fa01813d3_super_editor__basic_table_shading_d3212ffd_redline_e89c50b8fe.docx,corpus/word/with_comments_tracking/pdf/08286ffbfb_super_editor__basic_resolved_comment_cac5a1b0__vs__5fa01813d3_super_editor__basic_table_shading_d3212ffd_redline_e89c50b8fe.pdf,e89c50b8fee01140914a3ad686a7a7da944b28d1b3a279fafc27defb0a05f1aa,5f51bea21772b800e5db58f9f09126d9f2f7abfc8c94ec4b7e75abf76618f69f
with_comments_tracking,with_comments_tracking__0aa6426932_file_114__vs__ab85c77154_file_115_redline_f7bbf6e831,corpus/word/with_comments_tracking/docx/0aa6426932_file_114__vs__ab85c77154_file_115_redline_f7bbf6e831.docx,corpus/word/with_comments_tracking/pdf/0aa6426932_file_114__vs__ab85c77154_file_115_redline_f7bbf6e831.pdf,f7bbf6e8315e7a84e3e0974e4bc0f82a75863db9db48c57c2692238a83dd0134,3ac411f52b194ce6750d87dc8dae9027659003db1047732792ee8e01b40b3423
with_comments_tracking,with_comments_tracking__115fc72278_r2_03_drop_blocks_30-42,corpus/word/with_comments_tracking/docx/115fc72278_r2_03_drop_blocks_30-42.docx,corpus/word/with_comments_tracking/pdf/115fc72278_r2_03_drop_blocks_30-42.pdf,115fc72278954dda232bca9ee6f4b87af5bef0e62d3740e965cbd145dfa11548,501b45bac56e2f7c334714313656e72b7c39fd571d3524b7c0c11cfe3d1eb51b
with_comments_tracking,with_comments_tracking__13fe9e77fd_r4_02_all_in_cell,corpus/word/with_comments_tracking/docx/13fe9e77fd_r4_02_all_in_cell.docx,corpus/word/with_comments_tracking/pdf/13fe9e77fd_r4_02_all_in_cell.pdf,13fe9e77fd26b18e53f59943f2b9c20b9e8332e3254754a9c59fed54cbcb166d,f2836ac9410e2b5c5f494157fd3ba82db793eeed921775ddc2e60016a41408bb
with_comments_tracking,with_comments_tracking__18d1a4ad46_super_editor__sd_2534_collab_export_f3c7fdf7__vs__52dab5bc1c_super_editor__sdt_node_comment_ec887683_redline_cf8049bd45,corpus/word/with_comments_tracking/docx/18d1a4ad46_super_editor__sd_2534_collab_export_f3c7fdf7__vs__52dab5bc1c_super_editor__sdt_node_comment_ec887683_redline_cf8049bd45.docx,corpus/word/with_comments_tracking/pdf/18d1a4ad46_super_editor__sd_2534_collab_export_f3c7fdf7__vs__52dab5bc1c_super_editor__sdt_node_comment_ec887683_redline_cf8049bd45.pdf,cf8049bd455d60bb7a13186242b40ad8d0f91e305a0cdb563f09e9f2bd50f654,54f162ddfd9d414ef34b51abdb70e9db6c32371d6b4efec1ca5be8d9aee1d8ce
with_comments_tracking,with_comments_tracking__1e0eae0ce0_af90d4e258_accepted_tracking,corpus/word/with_comments_tracking/docx/1e0eae0ce0_af90d4e258_accepted_tracking.docx,corpus/word/with_comments_tracking/pdf/1e0eae0ce0_af90d4e258_accepted_tracking.pdf,1e0eae0ce07657d9e9bd325c71f7b0639313b712c810915280f43776edb3c03c,70db7e5df909207c268780aa8b4042660b34987191aa62b0ecf8163d37a6418e
with_comments_tracking,with_comments_tracking__1e212fbfdc_file_122__vs__85692b483f_file_123_redline_2ba84d60d1,corpus/word/with_comments_tracking/docx/1e212fbfdc_file_122__vs__85692b483f_file_123_redline_2ba84d60d1.docx,corpus/word/with_comments_tracking/pdf/1e212fbfdc_file_122__vs__85692b483f_file_123_redline_2ba84d60d1.pdf,2ba84d60d14cefa21d3e4c97d4a836bfcff73978d3a1a538ab5030a2319c40b1,776a812a26556ce5b5aaa56b8ca805e91190d99b2c9fa4f490f481d220251867
with_comments_tracking,with_comments_tracking__1fda7fa6e2_file_187__vs__66e70631fb_file_188_redline_92ec8417eb,corpus/word/with_comments_tracking/docx/1fda7fa6e2_file_187__vs__66e70631fb_file_188_redline_92ec8417eb.docx,corpus/word/with_comments_tracking/pdf/1fda7fa6e2_file_187__vs__66e70631fb_file_188_redline_92ec8417eb.pdf,92ec8417ebb99fb7b6ec21b7773e142fb63aa1d3e9a9a9064c2f72a8c94aa5eb,ef33608e2c0a99224fa1dc615d6b7761cc957ad86d947e210b5bd5e66ac40d1d
with_comments_tracking,with_comments_tracking__24ad1aa6e5_docx_lots_of_comments_addition_removal__vs__e57ad0eaa4_docx_lots_of_comments_addition_redline_ebeb91fe7f,corpus/word/with_comments_tracking/docx/24ad1aa6e5_docx_lots_of_comments_addition_removal__vs__e57ad0eaa4_docx_lots_of_comments_addition_redline_ebeb91fe7f.docx,corpus/word/with_comments_tracking/pdf/24ad1aa6e5_docx_lots_of_comments_addition_removal__vs__e57ad0eaa4_docx_lots_of_comments_addition_redline_ebeb91fe7f.pdf,ebeb91fe7fe9aaebf5f689c6b96bb1c7c240bac910182494b006b53f46465e58,71160ed391faf3b52d71024110e4dd7dfe1d6b3cdfb4fd997bed9809ed82b53b
with_comments_tracking,with_comments_tracking__26ccb443f6_file_11__vs__799980e6af_file_12_redline_69e44ac125,corpus/word/with_comments_tracking/docx/26ccb443f6_file_11__vs__799980e6af_file_12_redline_69e44ac125.docx,corpus/word/with_comments_tracking/pdf/26ccb443f6_file_11__vs__799980e6af_file_12_redline_69e44ac125.pdf,69e44ac12557df3cdc7089dcc4f93d2b4f8a94c0dc39ff1be641542b8af3b026,8150b8d24faa161dfcba9f00012ee38e4fc1f27a8867c6cef7f94288bf426ee4
with_comments_tracking,with_comments_tracking__26ce1d6300_super_editor__diff_after5_9fb9d5b4__vs__b389f55091_super_editor__comment_23ee5ec1_redline_fef7e1df16,corpus/word/with_comments_tracking/docx/26ce1d6300_super_editor__diff_after5_9fb9d5b4__vs__b389f55091_super_editor__comment_23ee5ec1_redline_fef7e1df16.docx,corpus/word/with_comments_tracking/pdf/26ce1d6300_super_editor__diff_after5_9fb9d5b4__vs__b389f55091_super_editor__comment_23ee5ec1_redline_fef7e1df16.pdf,fef7e1df165db7475d70104bf2631246badd4f4ae52cd637822f2e29da3f774a,3323e59c95ad4d62f7f55bc5d5448098cc64b9fa7525c02ad658d1a2ccc90952
with_comments_tracking,with_comments_tracking__2ad2fc5ab0_super_editor__diff_before10_2f84ca55__vs__84f5fb598b_super_editor__diff_before11_1b953eaf_redline_db73171e99,corpus/word/with_comments_tracking/docx/2ad2fc5ab0_super_editor__diff_before10_2f84ca55__vs__84f5fb598b_super_editor__diff_before11_1b953eaf_redline_db73171e99.docx,corpus/word/with_comments_tracking/pdf/2ad2fc5ab0_super_editor__diff_before10_2f84ca55__vs__84f5fb598b_super_editor__diff_before11_1b953eaf_redline_db73171e99.pdf,db73171e99782362423a22c69db91a770ceb3b5f3135fecf942a251a293983fc,4b92e06444c9f8068c3becfbc6052399f06e82ab54362822c2ee0eaedd5eb8fa
with_comments_tracking,with_comments_tracking__2b6c7be6bd_super_editor__nested_comments_84f214bb__vs__18eb110b3b_numwords_fldsimple_redline_4a8b3c676a,corpus/word/with_comments_tracking/docx/2b6c7be6bd_super_editor__nested_comments_84f214bb__vs__18eb110b3b_numwords_fldsimple_redline_4a8b3c676a.docx,corpus/word/with_comments_tracking/pdf/2b6c7be6bd_super_editor__nested_comments_84f214bb__vs__18eb110b3b_numwords_fldsimple_redline_4a8b3c676a.pdf,4a8b3c676ac36aeaa018303aa9263cd7354137cf0e934df60a029b62621537f2,f3f9a55e5d84cbb7740832f484be6b26dd32c44404865ffdc87802094bcf7cb3
with_comments_tracking,with_comments_tracking__2b6c7be6bd_super_editor__nested_comments_84f214bb__vs__671ff91b1d_behavior__sd_2750_borderbox_7cd3768d_redline_0858ee25d5,corpus/word/with_comments_tracking/docx/2b6c7be6bd_super_editor__nested_comments_84f214bb__vs__671ff91b1d_behavior__sd_2750_borderbox_7cd3768d_redline_0858ee25d5.docx,corpus/word/with_comments_tracking/pdf/2b6c7be6bd_super_editor__nested_comments_84f214bb__vs__671ff91b1d_behavior__sd_2750_borderbox_7cd3768d_redline_0858ee25d5.pdf,0858ee25d55a174f4871a5accaa7189fbd5a996df53626c8c6a5272195943e18,a0186e60752503009de0f56547ed029e87866daf96adf6bd07968d2dc1b9d438
with_comments_tracking,with_comments_tracking__2bd5ae6064_file_13__vs__836d7aa3c4_file_14_redline_01ffe97a5e,corpus/word/with_comments_tracking/docx/2bd5ae6064_file_13__vs__836d7aa3c4_file_14_redline_01ffe97a5e.docx,corpus/word/with_comments_tracking/pdf/2bd5ae6064_file_13__vs__836d7aa3c4_file_14_redline_01ffe97a5e.pdf,01ffe97a5eba4187a7e4cf32d6a6f927d9e701203df7e930d1f90722c3183176,885c5efec15ae4a88f24b7f8ba3ec254d5a09a66e595ab1a461f0a6566cde700
with_comments_tracking,with_comments_tracking__323ed89e8c_a6aab38897_rejected_tracking,corpus/word/with_comments_tracking/docx/323ed89e8c_a6aab38897_rejected_tracking.docx,corpus/word/with_comments_tracking/pdf/323ed89e8c_a6aab38897_rejected_tracking.pdf,323ed89e8cd79a2080363e28d79c418ae76117b725285ee11f2eee819b086ba2,2fa870c82f0295ed1eb2d488ed578a789393fa54d143f357aee50d1a60029a4b
with_comments_tracking,with_comments_tracking__3539cf2404_cli_legacy__replace_test_0a793f01__vs__3b639ef236_super_editor__sdpr_8cc15994_redline_1b5dd9fc3f,corpus/word/with_comments_tracking/docx/3539cf2404_cli_legacy__replace_test_0a793f01__vs__3b639ef236_super_editor__sdpr_8cc15994_redline_1b5dd9fc3f.docx,corpus/word/with_comments_tracking/pdf/3539cf2404_cli_legacy__replace_test_0a793f01__vs__3b639ef236_super_editor__sdpr_8cc15994_redline_1b5dd9fc3f.pdf,1b5dd9fc3f713b1479057eca268eed178c4ccc158aeae51dff8ffe3c112af796,5dd1f36dadb0c9fbb3999d67c61c2db3385ff4f248b49db5a3dd8cc97a02a9d8
with_comments_tracking,with_comments_tracking__3539cf2404_cli_legacy__replace_test_0a793f01__vs__8df6dfa8d7_alternate_content_redline_5b35efe2bb,corpus/word/with_comments_tracking/docx/3539cf2404_cli_legacy__replace_test_0a793f01__vs__8df6dfa8d7_alternate_content_redline_5b35efe2bb.docx,corpus/word/with_comments_tracking/pdf/3539cf2404_cli_legacy__replace_test_0a793f01__vs__8df6dfa8d7_alternate_content_redline_5b35efe2bb.pdf,5b35efe2bb532eca9b5f262a7c5c7727f374669891fbd923c64d592ce2a48ea1,8486731694b0f70739a8749262451ffa04531e4f44f2de07eadff3b1695b37ef
with_comments_tracking,with_comments_tracking__3539cf2404_cli_legacy__replace_test_0a793f01__vs__bb35ae41ba_evals__comments_doc_79800b37_redline_ce73379cca,corpus/word/with_comments_tracking/docx/3539cf2404_cli_legacy__replace_test_0a793f01__vs__bb35ae41ba_evals__comments_doc_79800b37_redline_ce73379cca.docx,corpus/word/with_comments_tracking/pdf/3539cf2404_cli_legacy__replace_test_0a793f01__vs__bb35ae41ba_evals__comments_doc_79800b37_redline_ce73379cca.pdf,ce73379cca65ec0daf2b6ee51fbc0784479ae5c2879fed20a29f2241bff95135,e4b99dab8d53271590a9c8fbe9900f8aad7db82a77a051f278c0216d24545601
with_comments_tracking,with_comments_tracking__36fbd8c734_sales_report_january_2026_suggesting_insertions__vs__81158d928d_sample_document_afterword_repaired_word_repaired_redline_46247b70dc,corpus/word/with_comments_tracking/docx/36fbd8c734_sales_report_january_2026_suggesting_insertions__vs__81158d928d_sample_document_afterword_repaired_word_repaired_redline_46247b70dc.docx,corpus/word/with_comments_tracking/pdf/36fbd8c734_sales_report_january_2026_suggesting_insertions__vs__81158d928d_sample_document_afterword_repaired_word_repaired_redline_46247b70dc.pdf,46247b70dc7fec825d82548c64b1ba9ae21eebac8b80df113e41c1455293a118,0174354c941f52c0c144ac3de40cae3021faa55bf22e48607188de986e5ed985
with_comments_tracking,with_comments_tracking__3acaee795f_red_strikethrough_demo_style_default_missing__vs__70fd78a4f8_redline_cicerodo_v_plate_30_redline_1dbbf3be63,corpus/word/with_comments_tracking/docx/3acaee795f_red_strikethrough_demo_style_default_missing__vs__70fd78a4f8_redline_cicerodo_v_plate_30_redline_1dbbf3be63.docx,corpus/word/with_comments_tracking/pdf/3acaee795f_red_strikethrough_demo_style_default_missing__vs__70fd78a4f8_redline_cicerodo_v_plate_30_redline_1dbbf3be63.pdf,1dbbf3be6348c6ae88463365a089e6828c468d622fc75eb471f5ae628e25ca8e,fd4c5702f380f3e8bb08f749aa0fe52f00b28e067bf2fdc470d043f5dee2a6f1
with_comments_tracking,with_comments_tracking__3f91c8f0cd_file_9,corpus/word/with_comments_tracking/docx/3f91c8f0cd_file_9.docx,corpus/word/with_comments_tracking/pdf/3f91c8f0cd_file_9.pdf,3f91c8f0cd1aa05828012f1cff58d339b1bd9333828cb03a253bcd9fc12ca91e,28d4d4e31d6d360a1a6bb6eee306f8608345230b06e48328f25ecd2160570e50
with_comments_tracking,with_comments_tracking__3f91c8f0cd_file_9__vs__e3d833aef0_file_10_redline_db13a691da,corpus/word/with_comments_tracking/docx/3f91c8f0cd_file_9__vs__e3d833aef0_file_10_redline_db13a691da.docx,corpus/word/with_comments_tracking/pdf/3f91c8f0cd_file_9__vs__e3d833aef0_file_10_redline_db13a691da.pdf,db13a691da95dbd35fc883749a4ee723d7dc86cb981732b464aba5751999b182,11ec1b238dabff279559fecb38749d6f65165d5255a89dade1e894da002dceb6
with_comments_tracking,with_comments_tracking__4304570867_file_69,corpus/word/with_comments_tracking/docx/4304570867_file_69.docx,corpus/word/with_comments_tracking/pdf/4304570867_file_69.pdf,4304570867a47436123d981a81e66eea8675610d5446e810ef5275a8de83b5e5,202e4d1ee60b57ffdb31baa998b65610929177e8dbf0179c9b925558ae17c623
with_comments_tracking,with_comments_tracking__52dab5bc1c_super_editor__sdt_node_comment_ec887683__vs__7367931dbf_super_editor__sdt_test_60079f08_redline_23e5ec96c0,corpus/word/with_comments_tracking/docx/52dab5bc1c_super_editor__sdt_node_comment_ec887683__vs__7367931dbf_super_editor__sdt_test_60079f08_redline_23e5ec96c0.docx,corpus/word/with_comments_tracking/pdf/52dab5bc1c_super_editor__sdt_node_comment_ec887683__vs__7367931dbf_super_editor__sdt_test_60079f08_redline_23e5ec96c0.pdf,23e5ec96c04f5b0a65aefa9844d8e3a6ba779647ddc456c3c5ab101a8a0c0f60,d6c752ed35e4a7372876bf58b57a679a808a196e46dfad3bc353ca7e5f9645f5
with_comments_tracking,with_comments_tracking__54a019bcbc_2288f27be1_accepted_tracking,corpus/word/with_comments_tracking/docx/54a019bcbc_2288f27be1_accepted_tracking.docx,corpus/word/with_comments_tracking/pdf/54a019bcbc_2288f27be1_accepted_tracking.pdf,54a019bcbc663eefd56a6ee6bf6b55dd89841a99dae44b2b3fbfb4967c225d9c,addfd807b579c98f027b0fd33e40ded2c06dce9920b9ba003818cbc169e7baa2
with_comments_tracking,with_comments_tracking__5c207ef361_super_editor__font_formatting_runs_8be3565a__vs__bb9c5a8bd5_doc_api_stories__table_style_options_roundtrip_1_redline_350de6087f,corpus/word/with_comments_tracking/docx/5c207ef361_super_editor__font_formatting_runs_8be3565a__vs__bb9c5a8bd5_doc_api_stories__table_style_options_roundtrip_1_redline_350de6087f.docx,corpus/word/with_comments_tracking/pdf/5c207ef361_super_editor__font_formatting_runs_8be3565a__vs__bb9c5a8bd5_doc_api_stories__table_style_options_roundtrip_1_redline_350de6087f.pdf,350de6087ff8b1cd318d19620b4e524182e92d10640b8de04332b1bf5021121a,b239d3762493c1375564f7e00ea582a4274ab086e3b7f00e501826f607f54c55
with_comments_tracking,with_comments_tracking__66dcec3e49_file_175__vs__8f47b1dc90_file_176_redline_485599b4e9,corpus/word/with_comments_tracking/docx/66dcec3e49_file_175__vs__8f47b1dc90_file_176_redline_485599b4e9.docx,corpus/word/with_comments_tracking/pdf/66dcec3e49_file_175__vs__8f47b1dc90_file_176_redline_485599b4e9.pdf,485599b4e96070cd6cd80b47d1e455f78d32e113b98f7916fdf066d0bcaa52a9,e4dc38b749d84dafdd0919bc5f4170a8d6c87d72269777867a6e6250f8f33b31
with_comments_tracking,with_comments_tracking__66dcec3e49_file_175__vs__8f47b1dc90_file_176_redline_acccebf575,corpus/word/with_comments_tracking/docx/66dcec3e49_file_175__vs__8f47b1dc90_file_176_redline_acccebf575.docx,corpus/word/with_comments_tracking/pdf/66dcec3e49_file_175__vs__8f47b1dc90_file_176_redline_acccebf575.pdf,acccebf575b032bf946aeacdc77b6cce1e8df9529e25ff4da25af421d3c6db55,7e8e8ceeac79a20de5adcab70dbfb58facf9398d804477984faa7f67f3911ec8
with_comments_tracking,with_comments_tracking__70fd78a4f8_redline_cicerodo_v_plate_30,corpus/word/with_comments_tracking/docx/70fd78a4f8_redline_cicerodo_v_plate_30.docx,corpus/word/with_comments_tracking/pdf/70fd78a4f8_redline_cicerodo_v_plate_30.pdf,70fd78a4f8570cc2c8593f68aa38aac78b3547f75e67468bc78272f1393b2498,bb89c95f84268abe4532cfd405f6cae4dd92c19dd7e18158a32f7c37a82c1096
with_comments_tracking,with_comments_tracking__7166fa4199_document_100_ultimate_demo_id_paraid_overflow__vs__97c3dd2e86_docx_lots_of_comments_addition_redline_addition_redline_2288f27be1,corpus/word/with_comments_tracking/docx/7166fa4199_document_100_ultimate_demo_id_paraid_overflow__vs__97c3dd2e86_docx_lots_of_comments_addition_redline_addition_redline_2288f27be1.docx,corpus/word/with_comments_tracking/pdf/7166fa4199_document_100_ultimate_demo_id_paraid_overflow__vs__97c3dd2e86_docx_lots_of_comments_addition_redline_addition_redline_2288f27be1.pdf,2288f27be1f3761d606da16d2676439adfc299b75967efa173eabdf81b0dee9d,22d54445e1c5df7145b3117d4fc7c53b123998429404b59fc28ebf63ce46fc0a
with_comments_tracking,with_comments_tracking__812c0181d7_file_68__vs__4304570867_file_69_redline_b83c047cac,corpus/word/with_comments_tracking/docx/812c0181d7_file_68__vs__4304570867_file_69_redline_b83c047cac.docx,corpus/word/with_comments_tracking/pdf/812c0181d7_file_68__vs__4304570867_file_69_redline_b83c047cac.pdf,b83c047cacd2ab722037c2de0d4d61ea5ec6409ec4d0abe0253abbd3054a55a2,93231f08c224f0cd93db83cc6cc1fb58ca3473c3d45edaa1646b78a9c89383de
with_comments_tracking,with_comments_tracking__812c0181d7_file_68__vs__4304570867_file_69_redline_dd2370e500,corpus/word/with_comments_tracking/docx/812c0181d7_file_68__vs__4304570867_file_69_redline_dd2370e500.docx,corpus/word/with_comments_tracking/pdf/812c0181d7_file_68__vs__4304570867_file_69_redline_dd2370e500.pdf,dd2370e5006233ab6d059f97b141a8169f7a5910678c536ff04ca4d3335273b5,56a9551703d9d352c165d5107d7a17950ed9f70d9af0e359db2c7db8841b93b2
with_comments_tracking,with_comments_tracking__82ee7342fd_file_5__vs__1072677c3a_file_6_redline_d27b00aca7,corpus/word/with_comments_tracking/docx/82ee7342fd_file_5__vs__1072677c3a_file_6_redline_d27b00aca7.docx,corpus/word/with_comments_tracking/pdf/82ee7342fd_file_5__vs__1072677c3a_file_6_redline_d27b00aca7.pdf,d27b00aca7e571d3a38bbcfda9fdb3267f95cd0dd07bdc55d276a24ddaa8a1e8,f51bc7f0ff58dffa32525b9c3c344a97d39be15e8e9cd01b0eb23a9d629aeeeb
with_comments_tracking,with_comments_tracking__830eb0f0a2_file_169__vs__bc85714262_file_170_redline_10358095a4,corpus/word/with_comments_tracking/docx/830eb0f0a2_file_169__vs__bc85714262_file_170_redline_10358095a4.docx,corpus/word/with_comments_tracking/pdf/830eb0f0a2_file_169__vs__bc85714262_file_170_redline_10358095a4.pdf,10358095a4a65f3204f126c94e7bfcbbc1601ccc21bb867663c88d16cf657ba7,20ca213e38f92bdd0d2269f869114d40624e4f82cc34686737b86d00ebbdeb0c
with_comments_tracking,with_comments_tracking__836d7aa3c4_file_14__vs__70a28a8258_file_15_redline_25f1d6ecc3,corpus/word/with_comments_tracking/docx/836d7aa3c4_file_14__vs__70a28a8258_file_15_redline_25f1d6ecc3.docx,corpus/word/with_comments_tracking/pdf/836d7aa3c4_file_14__vs__70a28a8258_file_15_redline_25f1d6ecc3.pdf,25f1d6ecc3538e252e7facd8cbbf23c851b8e70674f21d4215df27c00855c457,2f6ddc41436831a6fb7b4ae143c3846baba2698ee5566863d52e3bf1fe849144
with_comments_tracking,with_comments_tracking__84f5fb598b_super_editor__diff_before11_1b953eaf__vs__7962b06671_super_editor__bookmark_use_cases_d20f31f6_redline_2e61a08273,corpus/word/with_comments_tracking/docx/84f5fb598b_super_editor__diff_before11_1b953eaf__vs__7962b06671_super_editor__bookmark_use_cases_d20f31f6_redline_2e61a08273.docx,corpus/word/with_comments_tracking/pdf/84f5fb598b_super_editor__diff_before11_1b953eaf__vs__7962b06671_super_editor__bookmark_use_cases_d20f31f6_redline_2e61a08273.pdf,2e61a082730b59bab572beacb37f7fc2c2101967720d65b0e5d97cb96c956df2,32f420e2df08640021caa56eb03d162b9687fbcd1ddfce0b2e24ab7289adf27c
with_comments_tracking,with_comments_tracking__84f5fb598b_super_editor__diff_before11_1b953eaf__vs__d6a1c42901_super_editor__diff_before16_f518c031_redline_eef71e03e0,corpus/word/with_comments_tracking/docx/84f5fb598b_super_editor__diff_before11_1b953eaf__vs__d6a1c42901_super_editor__diff_before16_f518c031_redline_eef71e03e0.docx,corpus/word/with_comments_tracking/pdf/84f5fb598b_super_editor__diff_before11_1b953eaf__vs__d6a1c42901_super_editor__diff_before16_f518c031_redline_eef71e03e0.pdf,eef71e03e0e4deb2714ca7c94e52cb5f8d8d33f094907c4f166e7c5db40cd078,8c99e5c0b6b6d932d85bed6b9c8c7898ccb7666aaa1d428930ef7c5395301d6c
with_comments_tracking,with_comments_tracking__876944b3c8_r2_08_drop_blocks_94-109,corpus/word/with_comments_tracking/docx/876944b3c8_r2_08_drop_blocks_94-109.docx,corpus/word/with_comments_tracking/pdf/876944b3c8_r2_08_drop_blocks_94-109.pdf,876944b3c8229f1e0a1478197ab591560cda96c6f336e15734e3e287b6aff418,c127ebc83e9f096e132b96aa7970e79c5ca0b79fe34daa3f56718b097bcf8e97
with_comments_tracking,with_comments_tracking__8ef32902e8_file_158__vs__8061e5912f_file_159_redline_8de55978f2,corpus/word/with_comments_tracking/docx/8ef32902e8_file_158__vs__8061e5912f_file_159_redline_8de55978f2.docx,corpus/word/with_comments_tracking/pdf/8ef32902e8_file_158__vs__8061e5912f_file_159_redline_8de55978f2.pdf,8de55978f20c6237c881168123ebfb2e7eeb47d8b8e4d13e8da63fab7036783d,b24a838f42dba01d81da232fb1ed6681737d3a2ddd6a47524838638a3bb8e3e3
with_comments_tracking,with_comments_tracking__8f47b1dc90_file_176,corpus/word/with_comments_tracking/docx/8f47b1dc90_file_176.docx,corpus/word/with_comments_tracking/pdf/8f47b1dc90_file_176.pdf,8f47b1dc90965b29e321e8eb333c28d054cffbde20ab5a7e48e38c2a38f51ab2,bc5df8f636e858d5a22144c848d61c784f25fbd27e6170dfc73222d03a4b073b
with_comments_tracking,with_comments_tracking__90cef57bac_eigenpal_docx_editor_suggesting_mixed_edits,corpus/word/with_comments_tracking/docx/90cef57bac_eigenpal_docx_editor_suggesting_mixed_edits.docx,corpus/word/with_comments_tracking/pdf/90cef57bac_eigenpal_docx_editor_suggesting_mixed_edits.pdf,90cef57bacad1fe785071de94874f42072ad72e66e811935cd9b6e7c4386aa5b,8986f14385f5277298da5f532e2f5f0f602fe3419386c31a0864453e347b4e80
with_comments_tracking,with_comments_tracking__92589c3e37_super_editor__pre_separated_list_bd330d28__vs__382497a0a8_super_editor__python_docx_comment_test_501f21cb_redline_f72e40955d,corpus/word/with_comments_tracking/docx/92589c3e37_super_editor__pre_separated_list_bd330d28__vs__382497a0a8_super_editor__python_docx_comment_test_501f21cb_redline_f72e40955d.docx,corpus/word/with_comments_tracking/pdf/92589c3e37_super_editor__pre_separated_list_bd330d28__vs__382497a0a8_super_editor__python_docx_comment_test_501f21cb_redline_f72e40955d.pdf,f72e40955db7b096f679f277dc15083d043002a7813e0e23bc49e60dece2d70c,3bdc6205fe11eeabcbc81f67bdd4185e8a477a7c47cbe76ec2c182604ab2ab30
with_comments_tracking,with_comments_tracking__970e9bbbcc_behavior__math_all_objects_36ab389c__vs__735c372b41_super_editor__diff_after8_58e5c288_redline_2a64722aad,corpus/word/with_comments_tracking/docx/970e9bbbcc_behavior__math_all_objects_36ab389c__vs__735c372b41_super_editor__diff_after8_58e5c288_redline_2a64722aad.docx,corpus/word/with_comments_tracking/pdf/970e9bbbcc_behavior__math_all_objects_36ab389c__vs__735c372b41_super_editor__diff_after8_58e5c288_redline_2a64722aad.pdf,2a64722aad6b762b87d2ba9e9efb06f6a69f0bba9b4651dd484a1dff73aae7c1,ac8b2fc437b63ef84cc07af6fa436c8935dc23c0993af2238cc944407611a8a6
with_comments_tracking,with_comments_tracking__9bf625ba95_file_19__vs__2bf4db734d_file_20_redline_6dee5896b8,corpus/word/with_comments_tracking/docx/9bf625ba95_file_19__vs__2bf4db734d_file_20_redline_6dee5896b8.docx,corpus/word/with_comments_tracking/pdf/9bf625ba95_file_19__vs__2bf4db734d_file_20_redline_6dee5896b8.pdf,6dee5896b8ab05f868d5c8fde39bf3bcb9229eab81eff393428b43b105df4866,551e34ea94dc13b7a492ad1d5593e3827b550e25fd0eaac4b6f80534f8b81d89
with_comments_tracking,with_comments_tracking__9bf625ba95_file_19__vs__2bf4db734d_file_20_redline_b0f67f066b,corpus/word/with_comments_tracking/docx/9bf625ba95_file_19__vs__2bf4db734d_file_20_redline_b0f67f066b.docx,corpus/word/with_comments_tracking/pdf/9bf625ba95_file_19__vs__2bf4db734d_file_20_redline_b0f67f066b.pdf,b0f67f066bb89b9c42cfa493fcc7e7ddebc624c352f931fef86bdcde0fcdbd05,11414959aecddb4f8863085ff74b08d575f875934ce963d57a84b4f9ee653cd2
with_comments_tracking,with_comments_tracking__9c6ebd430d_file_185,corpus/word/with_comments_tracking/docx/9c6ebd430d_file_185.docx,corpus/word/with_comments_tracking/pdf/9c6ebd430d_file_185.pdf,9c6ebd430d60629364475af37e1e76d497f18048c6bb12a671c07f9ee8fe2538,0f8a3c6e9beebb24644610d6e034636658f445863ac7cbc82d6e3a01e5d7fa79
with_comments_tracking,with_comments_tracking__9f5481078e_docx_lots_of_comments_addition_redline,corpus/word/with_comments_tracking/docx/9f5481078e_docx_lots_of_comments_addition_redline.docx,corpus/word/with_comments_tracking/pdf/9f5481078e_docx_lots_of_comments_addition_redline.pdf,9f5481078ec701cea00f1a04b2677344c454fa9ff6898ad8ff434f25b0b3b87d,0f13e419b9729a7739d37576b8cdf5938642a93684ce8a48ac4da45521fc8400
with_comments_tracking,with_comments_tracking__9f6091a4ac_super_editor__threaded_comment_27bda0ba__vs__5fa01813d3_super_editor__basic_table_shading_d3212ffd_redline_67d0b6f3e8,corpus/word/with_comments_tracking/docx/9f6091a4ac_super_editor__threaded_comment_27bda0ba__vs__5fa01813d3_super_editor__basic_table_shading_d3212ffd_redline_67d0b6f3e8.docx,corpus/word/with_comments_tracking/pdf/9f6091a4ac_super_editor__threaded_comment_27bda0ba__vs__5fa01813d3_super_editor__basic_table_shading_d3212ffd_redline_67d0b6f3e8.pdf,67d0b6f3e8d8d5bbee987b41ce8d1ab112ed3f362422e593c5790bd147bfe526,14c5cad239aebaca583d1785b534dc7bbcbf052c1349a57e3fa925535cc04514
with_comments_tracking,with_comments_tracking__9f6091a4ac_super_editor__threaded_comment_27bda0ba__vs__776a437291_behavior__two_column_simple_e77be963_redline_a954a57308,corpus/word/with_comments_tracking/docx/9f6091a4ac_super_editor__threaded_comment_27bda0ba__vs__776a437291_behavior__two_column_simple_e77be963_redline_a954a57308.docx,corpus/word/with_comments_tracking/pdf/9f6091a4ac_super_editor__threaded_comment_27bda0ba__vs__776a437291_behavior__two_column_simple_e77be963_redline_a954a57308.pdf,a954a5730845193d126095108f4ff07e143d265f9273ae4acecc8c6c6ac529d1,52cd30c0b050f109767e357420145bd80597e9ad98c44f9cf134a6aa62a7e0dc
with_comments_tracking,with_comments_tracking__a15661410a_r2_07_drop_blocks_81-93,corpus/word/with_comments_tracking/docx/a15661410a_r2_07_drop_blocks_81-93.docx,corpus/word/with_comments_tracking/pdf/a15661410a_r2_07_drop_blocks_81-93.pdf,a15661410aaf63e256afde5c420cdff97415f744a9af1dbcefa36cbb3ab07a2e,0bb252fc3ec4645fbebcd75500edb6bbd3ca3d42d5e334ee9b7ca7031a99fd73
with_comments_tracking,with_comments_tracking__ac0bcc10fe_file_146__vs__9c0dd6b3f6_file_147_redline_ee80941306,corpus/word/with_comments_tracking/docx/ac0bcc10fe_file_146__vs__9c0dd6b3f6_file_147_redline_ee80941306.docx,corpus/word/with_comments_tracking/pdf/ac0bcc10fe_file_146__vs__9c0dd6b3f6_file_147_redline_ee80941306.pdf,ee8094130687b059366bbaaf06d9ee9b29902a4a85a04e96dd7104f3da98f431,54b48392e088b812320f76907e7b96eb54e78fbc7c8660730a91e4ac88928178
with_comments_tracking,with_comments_tracking__af4645ebd0_file_99__vs__b8115d0dab_file_100_redline_65aa483982,corpus/word/with_comments_tracking/docx/af4645ebd0_file_99__vs__b8115d0dab_file_100_redline_65aa483982.docx,corpus/word/with_comments_tracking/pdf/af4645ebd0_file_99__vs__b8115d0dab_file_100_redline_65aa483982.pdf,65aa48398249d9d12126bcf9e5475af906abdb22d5d0a940243e8b736e0a5f1d,c710e88170e6ed2255e87f38c941a115c8c5a2eb7a6b1972a7253309a38f240d
with_comments_tracking,with_comments_tracking__b175a00954_file_27__vs__f32428a03a_file_28_redline_f8f8d224f2,corpus/word/with_comments_tracking/docx/b175a00954_file_27__vs__f32428a03a_file_28_redline_f8f8d224f2.docx,corpus/word/with_comments_tracking/pdf/b175a00954_file_27__vs__f32428a03a_file_28_redline_f8f8d224f2.pdf,f8f8d224f2254f9d1f7062f60811ba40027d1d63166869c1157814dd6f0e9264,45de5fc74431061b9d3ec49c93c2179c2d623f75305a657ef5430c818cf57239
with_comments_tracking,with_comments_tracking__b2b3095b48_file_52__vs__ec3dd0df69_file_53_redline_589b832f86,corpus/word/with_comments_tracking/docx/b2b3095b48_file_52__vs__ec3dd0df69_file_53_redline_589b832f86.docx,corpus/word/with_comments_tracking/pdf/b2b3095b48_file_52__vs__ec3dd0df69_file_53_redline_589b832f86.pdf,589b832f867c4837bd51b2b564d44785050d1e44d252a0712d58b9c6077a9839,2c2a44bd4c499723b746d9dbfa212b0b39c8fcd7d2645e6097bc56177abeeafe
with_comments_tracking,with_comments_tracking__b2b3095b48_file_52__vs__ec3dd0df69_file_53_redline_e14d8c4c7d,corpus/word/with_comments_tracking/docx/b2b3095b48_file_52__vs__ec3dd0df69_file_53_redline_e14d8c4c7d.docx,corpus/word/with_comments_tracking/pdf/b2b3095b48_file_52__vs__ec3dd0df69_file_53_redline_e14d8c4c7d.pdf,e14d8c4c7db0fbfc4a5013064638c2ad0d30163147cc66363a0e141c69f1a652,335c39038cb8938c931a7f5e38c3604c2c0f32a4821a87894f98ab2a30dc63e8
with_comments_tracking,with_comments_tracking__b389f55091_super_editor__comment_23ee5ec1__vs__6d773ca294_super_editor__annot2_03ae6b74_redline_b0d09c67a7,corpus/word/with_comments_tracking/docx/b389f55091_super_editor__comment_23ee5ec1__vs__6d773ca294_super_editor__annot2_03ae6b74_redline_b0d09c67a7.docx,corpus/word/with_comments_tracking/pdf/b389f55091_super_editor__comment_23ee5ec1__vs__6d773ca294_super_editor__annot2_03ae6b74_redline_b0d09c67a7.pdf,b0d09c67a76df8b8eea154c2d0598c61f683ef943cac9be5b2fd7c54b1a1b7c5,4f30fb26d9d7e8a200090f607ebbd405d6f94a7bc12241d8d265de09a79cdf33
with_comments_tracking,with_comments_tracking__b8eb0572ed_styles-changes-comments_converted,corpus/word/with_comments_tracking/docx/b8eb0572ed_styles-changes-comments_converted.docx,corpus/word/with_comments_tracking/pdf/b8eb0572ed_styles-changes-comments_converted.pdf,b8eb0572ed2027dc45789a40ed1a0b9683b2a554d659552dcf5a805f5bea8450,b0d4c605bb67d5c6525abfada0d5c63933f213786f5db83b2b608140574deddc
with_comments_tracking,with_comments_tracking__bb35ae41ba_evals__comments_doc_79800b37__vs__9322444a3f_behavior__sd_2888_hyperlink_with_ampersand_aaaac_redline_e11f5f1915,corpus/word/with_comments_tracking/docx/bb35ae41ba_evals__comments_doc_79800b37__vs__9322444a3f_behavior__sd_2888_hyperlink_with_ampersand_aaaac_redline_e11f5f1915.docx,corpus/word/with_comments_tracking/pdf/bb35ae41ba_evals__comments_doc_79800b37__vs__9322444a3f_behavior__sd_2888_hyperlink_with_ampersand_aaaac_redline_e11f5f1915.pdf,e11f5f1915e80b0626a6a2c6fdeb2089447c1b4cd7fe69fb4ffe6836df283bb5,b0af8562d56bcfd8f23b17ed2643c97c1db93cb5e3077fd3cf72ced3236679cd
with_comments_tracking,with_comments_tracking__bc85714262_file_170__vs__15b6035cc0_file_171_redline_c9fc2e8899,corpus/word/with_comments_tracking/docx/bc85714262_file_170__vs__15b6035cc0_file_171_redline_c9fc2e8899.docx,corpus/word/with_comments_tracking/pdf/bc85714262_file_170__vs__15b6035cc0_file_171_redline_c9fc2e8899.pdf,c9fc2e8899a8afb3f2e6aaf64931c029f86eed2998f4c50b0670a7bd90b7dfda,f6f2d5248f91150c353b4b2d513cb4eab097094261961d8e1b5c52193e11507b
with_comments_tracking,with_comments_tracking__be5bf990cb_file_16__vs__d6ba4fabd2_file_17_redline_cbf73c2d81,corpus/word/with_comments_tracking/docx/be5bf990cb_file_16__vs__d6ba4fabd2_file_17_redline_cbf73c2d81.docx,corpus/word/with_comments_tracking/pdf/be5bf990cb_file_16__vs__d6ba4fabd2_file_17_redline_cbf73c2d81.pdf,cbf73c2d814f963762808e2c053182ea7fec1464ed7857f4fcae676f51ae85d4,401f7d799330d956444523243a1ae9b2049db0fea29125a53c17e6ab1e57e5f4
with_comments_tracking,with_comments_tracking__bffb81f86c_file_192__vs__878549f8f2_file_193_redline_11675a8de2,corpus/word/with_comments_tracking/docx/bffb81f86c_file_192__vs__878549f8f2_file_193_redline_11675a8de2.docx,corpus/word/with_comments_tracking/pdf/bffb81f86c_file_192__vs__878549f8f2_file_193_redline_11675a8de2.pdf,11675a8de2ff24c9cb2d48850b565920eef8a5ae8b7ea2328f9c144b37e534e5,89b073170e37ac5c449909b48fd500e9942c84f915512d7d2ee355333229466a
with_comments_tracking,with_comments_tracking__c09b14fcd7_file_196__vs__4e6a261969_file_197_redline_d4ab829066,corpus/word/with_comments_tracking/docx/c09b14fcd7_file_196__vs__4e6a261969_file_197_redline_d4ab829066.docx,corpus/word/with_comments_tracking/pdf/c09b14fcd7_file_196__vs__4e6a261969_file_197_redline_d4ab829066.pdf,d4ab829066c54300d856989f1ef82359c40cae9f35534c1cd8681b23ceb65893,651c966cd0739d131ad49d18d2deee8dec4104ab505c6e606c181dfd61ace9e5
with_comments_tracking,with_comments_tracking__c2d49e9ede_super_editor__sd_978_remove_table_borders_47f7ed__vs__f782ae23ec_super_editor__wordoriginatedcomments_c146be65_redline_59addd896d,corpus/word/with_comments_tracking/docx/c2d49e9ede_super_editor__sd_978_remove_table_borders_47f7ed__vs__f782ae23ec_super_editor__wordoriginatedcomments_c146be65_redline_59addd896d.docx,corpus/word/with_comments_tracking/pdf/c2d49e9ede_super_editor__sd_978_remove_table_borders_47f7ed__vs__f782ae23ec_super_editor__wordoriginatedcomments_c146be65_redline_59addd896d.pdf,59addd896da5ec5529fc94aa3e430aa0b1d8ab01bdd8b04f67cdc4307aff5b75,e66363759a506e616120977a9ab1af4ef3e6fb9ea71a8b548d23b375ab31fb30
with_comments_tracking,with_comments_tracking__d16179a60b_c3cb50c9620520f54d70a4f079a12e94bf94f54f507eff8d__vs__1aaca1d5af_ef31e540797c67a78c662cc2e5ecb21bf446e3d696ce26ad_redline_f72cd71154,corpus/word/with_comments_tracking/docx/d16179a60b_c3cb50c9620520f54d70a4f079a12e94bf94f54f507eff8d__vs__1aaca1d5af_ef31e540797c67a78c662cc2e5ecb21bf446e3d696ce26ad_redline_f72cd71154.docx,corpus/word/with_comments_tracking/pdf/d16179a60b_c3cb50c9620520f54d70a4f079a12e94bf94f54f507eff8d__vs__1aaca1d5af_ef31e540797c67a78c662cc2e5ecb21bf446e3d696ce26ad_redline_f72cd71154.pdf,f72cd7115425dd88147ccb526415483a69c400ad56c8a4a686084593645c6a9d,78ec5c0b23211da6be91cdacac26fafa5fd8440360e1e32b7a00744ff820e465
with_comments_tracking,with_comments_tracking__d48e02b548_super_editor__google_docs_originated_comments__vs__e70f1134dd_super_editor__diff_before8_ba5faa9e_redline_e4569d0756,corpus/word/with_comments_tracking/docx/d48e02b548_super_editor__google_docs_originated_comments__vs__e70f1134dd_super_editor__diff_before8_ba5faa9e_redline_e4569d0756.docx,corpus/word/with_comments_tracking/pdf/d48e02b548_super_editor__google_docs_originated_comments__vs__e70f1134dd_super_editor__diff_before8_ba5faa9e_redline_e4569d0756.pdf,e4569d0756f347756f2f60ddff1e53941121e14bdd36e2cc97d1ebba7d4428eb,69cdacbc8dde9a07b92f2304fe7fca59991dfe705a1766197b1ea38b61288f82
with_comments_tracking,with_comments_tracking__e1771b0063_word_tolerated_misplaced_uipriority__vs__cbb3bab843_word_tolerated_orphan_comment_redline_b41b6b3dec,corpus/word/with_comments_tracking/docx/e1771b0063_word_tolerated_misplaced_uipriority__vs__cbb3bab843_word_tolerated_orphan_comment_redline_b41b6b3dec.docx,corpus/word/with_comments_tracking/pdf/e1771b0063_word_tolerated_misplaced_uipriority__vs__cbb3bab843_word_tolerated_orphan_comment_redline_b41b6b3dec.pdf,b41b6b3decf4bf4ba3e389d7e364032f50ec1489afa8360123d1a1b155c071cc,051df76b8d13fa977b66a4ee727d0545423d99f7966984b500a1cce8cf719b91
with_comments_tracking,with_comments_tracking__e70f1134dd_super_editor__diff_before8_ba5faa9e__vs__420a528aa0_super_editor__instrtext_angled_brackets_bug_ed56_redline_dc9bcfd88b,corpus/word/with_comments_tracking/docx/e70f1134dd_super_editor__diff_before8_ba5faa9e__vs__420a528aa0_super_editor__instrtext_angled_brackets_bug_ed56_redline_dc9bcfd88b.docx,corpus/word/with_comments_tracking/pdf/e70f1134dd_super_editor__diff_before8_ba5faa9e__vs__420a528aa0_super_editor__instrtext_angled_brackets_bug_ed56_redline_dc9bcfd88b.pdf,dc9bcfd88b416dffac540e3f5003ed596c03e11d1209997d2debd3f9eb530dbf,aa6c04590493ee8b22f61a6ffe4fd1b76f0d906a226a0ad91b34b28d53bc7297
with_comments_tracking,with_comments_tracking__e70f1134dd_super_editor__diff_before8_ba5faa9e__vs__a5903a7c15_super_editor__pci_table_dc840852_redline_8d775d42d1,corpus/word/with_comments_tracking/docx/e70f1134dd_super_editor__diff_before8_ba5faa9e__vs__a5903a7c15_super_editor__pci_table_dc840852_redline_8d775d42d1.docx,corpus/word/with_comments_tracking/pdf/e70f1134dd_super_editor__diff_before8_ba5faa9e__vs__a5903a7c15_super_editor__pci_table_dc840852_redline_8d775d42d1.pdf,8d775d42d1e652ca28d41dda725cdb9ef51f7b0c3ed5884846f9c8ba161bc0af,2ef7ae240a96e7a860aa73de4482e2b24599143b013a156de18fcf06b827ab3e
with_comments_tracking,with_comments_tracking__e70f1134dd_super_editor__diff_before8_ba5faa9e__vs__a5903a7c15_super_editor__pci_table_dc840852_redline_ccc5f1207c,corpus/word/with_comments_tracking/docx/e70f1134dd_super_editor__diff_before8_ba5faa9e__vs__a5903a7c15_super_editor__pci_table_dc840852_redline_ccc5f1207c.docx,corpus/word/with_comments_tracking/pdf/e70f1134dd_super_editor__diff_before8_ba5faa9e__vs__a5903a7c15_super_editor__pci_table_dc840852_redline_ccc5f1207c.pdf,ccc5f1207c5ef948936b9828047b3ef09364633516cafb27f4905b1f29022fd6,42c1788492a83b69649bf2cc7ae7494b42fc0ceecba5dd82052a3ef85a405f17
with_comments_tracking,with_comments_tracking__eb2f3c86b5_vfdsdfcacawesd_suggesting_mixed_edits,corpus/word/with_comments_tracking/docx/eb2f3c86b5_vfdsdfcacawesd_suggesting_mixed_edits.docx,corpus/word/with_comments_tracking/pdf/eb2f3c86b5_vfdsdfcacawesd_suggesting_mixed_edits.pdf,eb2f3c86b50101e09c534561f08566da40952819d762f60df64a1fbe0356dfb8,c5f3bad779034930953cff9b33387ef6a7d97b743a4ada0dff0f0085952c74c6
with_comments_tracking,with_comments_tracking__eb714d5f76_evals__blank_bc294b57__vs__bb35ae41ba_evals__comments_doc_79800b37_redline_58a2de4812,corpus/word/with_comments_tracking/docx/eb714d5f76_evals__blank_bc294b57__vs__bb35ae41ba_evals__comments_doc_79800b37_redline_58a2de4812.docx,corpus/word/with_comments_tracking/pdf/eb714d5f76_evals__blank_bc294b57__vs__bb35ae41ba_evals__comments_doc_79800b37_redline_58a2de4812.pdf,58a2de4812ab83385a352a5f0a33ed3022ce5232a41a18917408b133f90e7a19,fb72d38cd6c14c3e212a650365fc3a739e64867ef2c5f36c4ed5bee45c5a0dc5
with_comments_tracking,with_comments_tracking__ef1e1c68e9_super_editor__basic_paragraph_1774f4e4__vs__08286ffbfb_super_editor__basic_resolved_comment_cac5a1b0_redline_603ef0419b,corpus/word/with_comments_tracking/docx/ef1e1c68e9_super_editor__basic_paragraph_1774f4e4__vs__08286ffbfb_super_editor__basic_resolved_comment_cac5a1b0_redline_603ef0419b.docx,corpus/word/with_comments_tracking/pdf/ef1e1c68e9_super_editor__basic_paragraph_1774f4e4__vs__08286ffbfb_super_editor__basic_resolved_comment_cac5a1b0_redline_603ef0419b.pdf,603ef0419b83e5ec28b99626c9e3f8f38f1acc89c007af551f6c557400102d6c,fbb591497a1c336692a178a7ca6c04349f5d597d026cc7000685e08513b5e2b0
with_comments_tracking,with_comments_tracking__ef1e1c68e9_super_editor__basic_paragraph_1774f4e4__vs__08286ffbfb_super_editor__basic_resolved_comment_cac5a1b0_redline_a586f6ef54,corpus/word/with_comments_tracking/docx/ef1e1c68e9_super_editor__basic_paragraph_1774f4e4__vs__08286ffbfb_super_editor__basic_resolved_comment_cac5a1b0_redline_a586f6ef54.docx,corpus/word/with_comments_tracking/pdf/ef1e1c68e9_super_editor__basic_paragraph_1774f4e4__vs__08286ffbfb_super_editor__basic_resolved_comment_cac5a1b0_redline_a586f6ef54.pdf,a586f6ef548fb1108dd2c801da3197eaca3b27568a71c6ba4318d1db127bac12,43d1bdc2a9e5a69d0acdf717670693f6bb9f566427c3b262df42cfc35bb91071
with_comments_tracking,with_comments_tracking__f43929f70c_verdana_bold_large_font_id_paraid_overflow__vs__3413da1703_verdana_font_demo_id_paraid_overflow_2_redline_7da45f822a,corpus/word/with_comments_tracking/docx/f43929f70c_verdana_bold_large_font_id_paraid_overflow__vs__3413da1703_verdana_font_demo_id_paraid_overflow_2_redline_7da45f822a.docx,corpus/word/with_comments_tracking/pdf/f43929f70c_verdana_bold_large_font_id_paraid_overflow__vs__3413da1703_verdana_font_demo_id_paraid_overflow_2_redline_7da45f822a.pdf,7da45f822a0574cbc0187e6bc86bba6895d2730c7bc70f2f6722ae318d311667,218171ce21953a70041af2b53752357682d64f6a2a9211f4e973332a6d69f92b
with_comments_tracking,with_comments_tracking__f529133cd5_super_editor__basic_comment_d3ba5f1e__vs__199cb211b5_super_editor__basic_footnotes_5be96945_redline_b547e31a0d,corpus/word/with_comments_tracking/docx/f529133cd5_super_editor__basic_comment_d3ba5f1e__vs__199cb211b5_super_editor__basic_footnotes_5be96945_redline_b547e31a0d.docx,corpus/word/with_comments_tracking/pdf/f529133cd5_super_editor__basic_comment_d3ba5f1e__vs__199cb211b5_super_editor__basic_footnotes_5be96945_redline_b547e31a0d.pdf,b547e31a0d8e6e8909e0af1ffc606b038485118d469bba8b64b2c492e59bf22c,ad797fdadd7535409679116b4c965bf7b20545284b39bd039324975b5f416ec6
with_comments_tracking,with_comments_tracking__f529133cd5_super_editor__basic_comment_d3ba5f1e__vs__2dc3e97d2a_super_editor__hyperlink_node_52b7695b_redline_9c256f094c,corpus/word/with_comments_tracking/docx/f529133cd5_super_editor__basic_comment_d3ba5f1e__vs__2dc3e97d2a_super_editor__hyperlink_node_52b7695b_redline_9c256f094c.docx,corpus/word/with_comments_tracking/pdf/f529133cd5_super_editor__basic_comment_d3ba5f1e__vs__2dc3e97d2a_super_editor__hyperlink_node_52b7695b_redline_9c256f094c.pdf,9c256f094c3fc5440f01f5695f59e438386c682e8db1abafe4a07f8e09b58890,48817f6afe4059ebe09d7e9fe3be4da59f1d058506386f6287198266f122e428
with_comments_tracking,with_comments_tracking__f529133cd5_super_editor__basic_comment_d3ba5f1e__vs__3539cf2404_cli_legacy__replace_test_0a793f01_redline_a15dd224a7,corpus/word/with_comments_tracking/docx/f529133cd5_super_editor__basic_comment_d3ba5f1e__vs__3539cf2404_cli_legacy__replace_test_0a793f01_redline_a15dd224a7.docx,corpus/word/with_comments_tracking/pdf/f529133cd5_super_editor__basic_comment_d3ba5f1e__vs__3539cf2404_cli_legacy__replace_test_0a793f01_redline_a15dd224a7.pdf,a15dd224a7e7e867fa6270b900947d2558c238cdfcb708c7e28bdba81a7a3f9a,b58b31349c065b78dec26ba8dfe51635f8af03c44c093ae6226f282b6b2359f9
with_comments_tracking,with_comments_tracking__f529133cd5_super_editor__basic_comment_d3ba5f1e__vs__3539cf2404_cli_legacy__replace_test_0a793f01_redline_df497fd549,corpus/word/with_comments_tracking/docx/f529133cd5_super_editor__basic_comment_d3ba5f1e__vs__3539cf2404_cli_legacy__replace_test_0a793f01_redline_df497fd549.docx,corpus/word/with_comments_tracking/pdf/f529133cd5_super_editor__basic_comment_d3ba5f1e__vs__3539cf2404_cli_legacy__replace_test_0a793f01_redline_df497fd549.pdf,df497fd549941c4688f5ec5d9b2b481cad85b028535b66ddb5f04ab30d6cdb31,e7180492c932753cbc4a4c4275b2b4eb602cc1866f8178eb9b9d70278247902e
with_comments_tracking,with_comments_tracking__f529133cd5_super_editor__basic_comment_d3ba5f1e__vs__3b639ef236_super_editor__sdpr_8cc15994_redline_62f0f8ee91,corpus/word/with_comments_tracking/docx/f529133cd5_super_editor__basic_comment_d3ba5f1e__vs__3b639ef236_super_editor__sdpr_8cc15994_redline_62f0f8ee91.docx,corpus/word/with_comments_tracking/pdf/f529133cd5_super_editor__basic_comment_d3ba5f1e__vs__3b639ef236_super_editor__sdpr_8cc15994_redline_62f0f8ee91.pdf,62f0f8ee91ebe6a3a1bdcdb8031ba880b86985af4e94dcbdff9d24d6a214323e,4a60153cb0a9fb797f8b34b35cf71cbbb4a572230b6908ef17d8d1f8d9e47cba
with_comments_tracking,with_comments_tracking__f529133cd5_super_editor__basic_comment_d3ba5f1e__vs__5fa01813d3_super_editor__basic_table_shading_d3212ffd_redline_ef9fae71a2,corpus/word/with_comments_tracking/docx/f529133cd5_super_editor__basic_comment_d3ba5f1e__vs__5fa01813d3_super_editor__basic_table_shading_d3212ffd_redline_ef9fae71a2.docx,corpus/word/with_comments_tracking/pdf/f529133cd5_super_editor__basic_comment_d3ba5f1e__vs__5fa01813d3_super_editor__basic_table_shading_d3212ffd_redline_ef9fae71a2.pdf,ef9fae71a29234654627874465292e42c3d9b97d64db98530d52e548d4eb226e,95a92912ce98d39aa95852376af28b23d282415ea0a1a60a68835d86f060cfa7
with_comments_tracking,with_comments_tracking__f782ae23ec_super_editor__wordoriginatedcomments_c146be65__vs__3539cf2404_cli_legacy__replace_test_0a793f01_redline_3303e707c8,corpus/word/with_comments_tracking/docx/f782ae23ec_super_editor__wordoriginatedcomments_c146be65__vs__3539cf2404_cli_legacy__replace_test_0a793f01_redline_3303e707c8.docx,corpus/word/with_comments_tracking/pdf/f782ae23ec_super_editor__wordoriginatedcomments_c146be65__vs__3539cf2404_cli_legacy__replace_test_0a793f01_redline_3303e707c8.pdf,3303e707c86d56d153d7319fd3e01ae2a79c8170e4d1ce3c25a0cad5d9a52687,bf7ccc7acf25b9162e3cc8c3e4d1b5c606faedb3b0835f50ae744fb38648ef57
