key,base,next,docx,pdf,state,id,sets
ae9360e096_behavior__sd_2672_merged_table_821b922c__vs__a5903a7c15_super_editor__pci_table_dc840852_redline_00baea9614,clean/docx/ae9360e096_behavior__sd_2672_merged_table_821b922c,clean/docx/a5903a7c15_super_editor__pci_table_dc840852,tracking_without_comments/docx/ae9360e096_behavior__sd_2672_merged_table_821b922c__vs__a5903a7c15_super_editor__pci_table_dc840852_redline_00baea9614.docx,tracking_without_comments/pdf/ae9360e096_behavior__sd_2672_merged_table_821b922c__vs__a5903a7c15_super_editor__pci_table_dc840852_redline_00baea9614.pdf,tracking_without_comments,00baea9614,word_redlines_superdoc_0926
c6956051c8_0035880301dd9b39b35318af6a88457fb4f6491a3ca1964a__vs__deff0e697a_00b5defcad6e58038eac35472a2d48c89905068e5ece0cc3_redline_01f1d55999,clean/docx/c6956051c8_0035880301dd9b39b35318af6a88457fb4f6491a3ca1964a,clean/docx/deff0e697a_00b5defcad6e58038eac35472a2d48c89905068e5ece0cc3,tracking_without_comments/docx/c6956051c8_0035880301dd9b39b35318af6a88457fb4f6491a3ca1964a__vs__deff0e697a_00b5defcad6e58038eac35472a2d48c89905068e5ece0cc3_redline_01f1d55999.docx,tracking_without_comments/pdf/c6956051c8_0035880301dd9b39b35318af6a88457fb4f6491a3ca1964a__vs__deff0e697a_00b5defcad6e58038eac35472a2d48c89905068e5ece0cc3_redline_01f1d55999.pdf,tracking_without_comments,01f1d55999,redlines_a100_b10
ca44eef662_super_editor__list_spacer1_06383c66__vs__7692b33045_super_editor__list_with_break_exported_broken_45_redline_0251e3704d,clean/docx/ca44eef662_super_editor__list_spacer1_06383c66,clean/docx/7692b33045_super_editor__list_with_break_exported_broken_45,tracking_without_comments/docx/ca44eef662_super_editor__list_spacer1_06383c66__vs__7692b33045_super_editor__list_with_break_exported_broken_45_redline_0251e3704d.docx,tracking_without_comments/pdf/ca44eef662_super_editor__list_spacer1_06383c66__vs__7692b33045_super_editor__list_with_break_exported_broken_45_redline_0251e3704d.pdf,tracking_without_comments,0251e3704d,word_redlines_superdoc
669a1422f3_2e2e1868ea36c66a1e1f96175c13b0d6e7aed0ac80262f7a__vs__c9939de03d_aab177188825fa8c9516d1ea438f65f5bf2743e02b29b60e_redline_030f2e2cf2,clean/docx/669a1422f3_2e2e1868ea36c66a1e1f96175c13b0d6e7aed0ac80262f7a,clean/docx/c9939de03d_aab177188825fa8c9516d1ea438f65f5bf2743e02b29b60e,tracking_without_comments/docx/669a1422f3_2e2e1868ea36c66a1e1f96175c13b0d6e7aed0ac80262f7a__vs__c9939de03d_aab177188825fa8c9516d1ea438f65f5bf2743e02b29b60e_redline_030f2e2cf2.docx,tracking_without_comments/pdf/669a1422f3_2e2e1868ea36c66a1e1f96175c13b0d6e7aed0ac80262f7a__vs__c9939de03d_aab177188825fa8c9516d1ea438f65f5bf2743e02b29b60e_redline_030f2e2cf2.pdf,tracking_without_comments,030f2e2cf2,redlines_en_500
3e50084c2e_super_editor__diff_after16_2a48697a__vs__22ccb1b200_super_editor__diff_after19_79c6b379_redline_039adb34f0,clean/docx/3e50084c2e_super_editor__diff_after16_2a48697a,clean/docx/22ccb1b200_super_editor__diff_after19_79c6b379,tracking_without_comments/docx/3e50084c2e_super_editor__diff_after16_2a48697a__vs__22ccb1b200_super_editor__diff_after19_79c6b379_redline_039adb34f0.docx,tracking_without_comments/pdf/3e50084c2e_super_editor__diff_after16_2a48697a__vs__22ccb1b200_super_editor__diff_after19_79c6b379_redline_039adb34f0.pdf,tracking_without_comments,039adb34f0,word_redlines_superdoc_0926
18eb110b3b_numwords_fldsimple__vs__a04e2d2749_ooxml_style_link_redline_0454ea7580,clean/docx/18eb110b3b_numwords_fldsimple,clean/docx/a04e2d2749_ooxml_style_link,tracking_without_comments/docx/18eb110b3b_numwords_fldsimple__vs__a04e2d2749_ooxml_style_link_redline_0454ea7580.docx,tracking_without_comments/pdf/18eb110b3b_numwords_fldsimple__vs__a04e2d2749_ooxml_style_link_redline_0454ea7580.pdf,tracking_without_comments,0454ea7580,word_redlines_superdoc_0926
ece6c6931f_1f7522ec9f4a0788daef36fd07bf990f7a588ace17bbc4ee__vs__418b154e5c_28644f235b80e9dcd2ad8ac640fb08a960458dbaa35dca3e_redline_051517534a,clean/docx/ece6c6931f_1f7522ec9f4a0788daef36fd07bf990f7a588ace17bbc4ee,clean/docx/418b154e5c_28644f235b80e9dcd2ad8ac640fb08a960458dbaa35dca3e,tracking_without_comments/docx/ece6c6931f_1f7522ec9f4a0788daef36fd07bf990f7a588ace17bbc4ee__vs__418b154e5c_28644f235b80e9dcd2ad8ac640fb08a960458dbaa35dca3e_redline_051517534a.docx,tracking_without_comments/pdf/ece6c6931f_1f7522ec9f4a0788daef36fd07bf990f7a588ace17bbc4ee__vs__418b154e5c_28644f235b80e9dcd2ad8ac640fb08a960458dbaa35dca3e_redline_051517534a.pdf,tracking_without_comments,051517534a,redlines_en_500
0800162a66_000799b53487acb327ccf0c0ab87fb14b9e8636346719296__vs__bd3824dd1e_000ee64ef7226d353297888f59a251e24ce5d776fea000fa_redline_0612a68195,clean/docx/0800162a66_000799b53487acb327ccf0c0ab87fb14b9e8636346719296,clean/docx/bd3824dd1e_000ee64ef7226d353297888f59a251e24ce5d776fea000fa,tracking_without_comments/docx/0800162a66_000799b53487acb327ccf0c0ab87fb14b9e8636346719296__vs__bd3824dd1e_000ee64ef7226d353297888f59a251e24ce5d776fea000fa_redline_0612a68195.docx,tracking_without_comments/pdf/0800162a66_000799b53487acb327ccf0c0ab87fb14b9e8636346719296__vs__bd3824dd1e_000ee64ef7226d353297888f59a251e24ce5d776fea000fa_redline_0612a68195.pdf,tracking_without_comments,0612a68195,redlines_a100_b10
f950268631_file_70__vs__13ccf06a72_file_71_redline_06abf273b8,clean/docx/f950268631_file_70,clean/docx/13ccf06a72_file_71,tracking_without_comments/docx/f950268631_file_70__vs__13ccf06a72_file_71_redline_06abf273b8.docx,tracking_without_comments/pdf/f950268631_file_70__vs__13ccf06a72_file_71_redline_06abf273b8.pdf,tracking_without_comments,06abf273b8,nocomments_randomized
f884ff965b_subscript_demo_style_default_missing__vs__381ea58f00_subtitle_style_demo_id_paraid_overflow_redline_0787c21ef1,clean/docx/f884ff965b_subscript_demo_style_default_missing,clean/docx/381ea58f00_subtitle_style_demo_id_paraid_overflow,tracking_without_comments/docx/f884ff965b_subscript_demo_style_default_missing__vs__381ea58f00_subtitle_style_demo_id_paraid_overflow_redline_0787c21ef1.docx,tracking_without_comments/pdf/f884ff965b_subscript_demo_style_default_missing__vs__381ea58f00_subtitle_style_demo_id_paraid_overflow_redline_0787c21ef1.pdf,tracking_without_comments,0787c21ef1,nocomments
2b6c7be6bd_super_editor__nested_comments_84f214bb__vs__671ff91b1d_behavior__sd_2750_borderbox_7cd3768d_redline_0858ee25d5,with_comments_clean/docx/2b6c7be6bd_super_editor__nested_comments_84f214bb,clean/docx/671ff91b1d_behavior__sd_2750_borderbox_7cd3768d,with_comments_tracking/docx/2b6c7be6bd_super_editor__nested_comments_84f214bb__vs__671ff91b1d_behavior__sd_2750_borderbox_7cd3768d_redline_0858ee25d5.docx,with_comments_tracking/pdf/2b6c7be6bd_super_editor__nested_comments_84f214bb__vs__671ff91b1d_behavior__sd_2750_borderbox_7cd3768d_redline_0858ee25d5.pdf,with_comments_tracking,0858ee25d5,word_redlines_superdoc
d62983b275_file_39__vs__dc2d9eeccb_file_40_redline_08d3a2333d,clean/docx/d62983b275_file_39,clean/docx/dc2d9eeccb_file_40,tracking_without_comments/docx/d62983b275_file_39__vs__dc2d9eeccb_file_40_redline_08d3a2333d.docx,tracking_without_comments/pdf/d62983b275_file_39__vs__dc2d9eeccb_file_40_redline_08d3a2333d.pdf,tracking_without_comments,08d3a2333d,word_based_randomized
12941c2a77_0023298b011b45232675215822f0f728678a238756d763c8__vs__2e04202552_000e3e7bd2d6215fc7b469cc3e296c1b2a510bc1abc7e0fd_redline_09a31d7c8d,clean/docx/12941c2a77_0023298b011b45232675215822f0f728678a238756d763c8,clean/docx/2e04202552_000e3e7bd2d6215fc7b469cc3e296c1b2a510bc1abc7e0fd,tracking_without_comments/docx/12941c2a77_0023298b011b45232675215822f0f728678a238756d763c8__vs__2e04202552_000e3e7bd2d6215fc7b469cc3e296c1b2a510bc1abc7e0fd_redline_09a31d7c8d.docx,tracking_without_comments/pdf/12941c2a77_0023298b011b45232675215822f0f728678a238756d763c8__vs__2e04202552_000e3e7bd2d6215fc7b469cc3e296c1b2a510bc1abc7e0fd_redline_09a31d7c8d.pdf,tracking_without_comments,09a31d7c8d,redlines_a100_b10
cc5f989c56_0090ba7896cba5f43500e77e151ddab12f16b20e3ddf5822__vs__2773adf157_0004c94ca2a8684d47449bb0e7abf87de1df71a7e6543252_redline_09d4f59ccd,clean/docx/cc5f989c56_0090ba7896cba5f43500e77e151ddab12f16b20e3ddf5822,clean/docx/2773adf157_0004c94ca2a8684d47449bb0e7abf87de1df71a7e6543252,tracking_without_comments/docx/cc5f989c56_0090ba7896cba5f43500e77e151ddab12f16b20e3ddf5822__vs__2773adf157_0004c94ca2a8684d47449bb0e7abf87de1df71a7e6543252_redline_09d4f59ccd.docx,tracking_without_comments/pdf/cc5f989c56_0090ba7896cba5f43500e77e151ddab12f16b20e3ddf5822__vs__2773adf157_0004c94ca2a8684d47449bb0e7abf87de1df71a7e6543252_redline_09d4f59ccd.pdf,tracking_without_comments,09d4f59ccd,redlines_a100_b10
1aa7a03758_004c43cb816aed2ca4b0d0adf6e2bb8f115182135f2b4b42__vs__5203829c7a_001cc92b88566d5f930fe57f25813c0bf52a7bdc72c217d0_redline_0a28d5402a,clean/docx/1aa7a03758_004c43cb816aed2ca4b0d0adf6e2bb8f115182135f2b4b42,clean/docx/5203829c7a_001cc92b88566d5f930fe57f25813c0bf52a7bdc72c217d0,tracking_without_comments/docx/1aa7a03758_004c43cb816aed2ca4b0d0adf6e2bb8f115182135f2b4b42__vs__5203829c7a_001cc92b88566d5f930fe57f25813c0bf52a7bdc72c217d0_redline_0a28d5402a.docx,tracking_without_comments/pdf/1aa7a03758_004c43cb816aed2ca4b0d0adf6e2bb8f115182135f2b4b42__vs__5203829c7a_001cc92b88566d5f930fe57f25813c0bf52a7bdc72c217d0_redline_0a28d5402a.pdf,tracking_without_comments,0a28d5402a,redlines_a100_b10
4ba01802a7_super_editor__diff_after_10f1912e__vs__98bc895b4b_super_editor__listwithspacernodes_cf53e890_redline_0ace7bbff2,clean/docx/4ba01802a7_super_editor__diff_after_10f1912e,clean/docx/98bc895b4b_super_editor__listwithspacernodes_cf53e890,tracking_without_comments/docx/4ba01802a7_super_editor__diff_after_10f1912e__vs__98bc895b4b_super_editor__listwithspacernodes_cf53e890_redline_0ace7bbff2.docx,tracking_without_comments/pdf/4ba01802a7_super_editor__diff_after_10f1912e__vs__98bc895b4b_super_editor__listwithspacernodes_cf53e890_redline_0ace7bbff2.pdf,tracking_without_comments,0ace7bbff2,word_redlines_superdoc
7e1d0dc896_db433183ef464aaaa01d37307a1b7476eb855adb2ab2e09c__vs__26eb0ecec7_9377099d26f30a542b1c1db6c87e2a15ce0c0e3fd1e8dc01_redline_0bc720e5fa,clean/docx/7e1d0dc896_db433183ef464aaaa01d37307a1b7476eb855adb2ab2e09c,clean/docx/26eb0ecec7_9377099d26f30a542b1c1db6c87e2a15ce0c0e3fd1e8dc01,tracking_without_comments/docx/7e1d0dc896_db433183ef464aaaa01d37307a1b7476eb855adb2ab2e09c__vs__26eb0ecec7_9377099d26f30a542b1c1db6c87e2a15ce0c0e3fd1e8dc01_redline_0bc720e5fa.docx,tracking_without_comments/pdf/7e1d0dc896_db433183ef464aaaa01d37307a1b7476eb855adb2ab2e09c__vs__26eb0ecec7_9377099d26f30a542b1c1db6c87e2a15ce0c0e3fd1e8dc01_redline_0bc720e5fa.pdf,tracking_without_comments,0bc720e5fa,redlines_en_500
dccd972179_file_142__vs__0483e899af_file_143_redline_0c5aa7e2b1,clean/docx/dccd972179_file_142,with_comments_tracking/docx/0483e899af_file_143,with_comments_tracking/docx/dccd972179_file_142__vs__0483e899af_file_143_redline_0c5aa7e2b1.docx,with_comments_tracking/pdf/dccd972179_file_142__vs__0483e899af_file_143_redline_0c5aa7e2b1.pdf,with_comments_tracking,0c5aa7e2b1,word_based_randomized_0926
c6b1275403_7ba2b78ab7dafc8c6a9706a4bf3e2423742cf76069b0ebd2__vs__33c0c3af06_e7c16ce029557c9f210eb62c1e74fa49cd1909b8216969b4_redline_0cd408ce27,clean/docx/c6b1275403_7ba2b78ab7dafc8c6a9706a4bf3e2423742cf76069b0ebd2,clean/docx/33c0c3af06_e7c16ce029557c9f210eb62c1e74fa49cd1909b8216969b4,tracking_without_comments/docx/c6b1275403_7ba2b78ab7dafc8c6a9706a4bf3e2423742cf76069b0ebd2__vs__33c0c3af06_e7c16ce029557c9f210eb62c1e74fa49cd1909b8216969b4_redline_0cd408ce27.docx,tracking_without_comments/pdf/c6b1275403_7ba2b78ab7dafc8c6a9706a4bf3e2423742cf76069b0ebd2__vs__33c0c3af06_e7c16ce029557c9f210eb62c1e74fa49cd1909b8216969b4_redline_0cd408ce27.pdf,tracking_without_comments,0cd408ce27,redlines_en_500
0464553734_file_197__vs__b6bcd5d86d_file_198_redline_0d52526674,clean/docx/0464553734_file_197,clean/docx/b6bcd5d86d_file_198,tracking_without_comments/docx/0464553734_file_197__vs__b6bcd5d86d_file_198_redline_0d52526674.docx,tracking_without_comments/pdf/0464553734_file_197__vs__b6bcd5d86d_file_198_redline_0d52526674.pdf,tracking_without_comments,0d52526674,nocomments_randomized
531cf3d312_00ce789bc3226c2a68967cc29792927c80b7f55d9b5267ad__vs__bd3824dd1e_000ee64ef7226d353297888f59a251e24ce5d776fea000fa_redline_0df218b227,clean/docx/531cf3d312_00ce789bc3226c2a68967cc29792927c80b7f55d9b5267ad,clean/docx/bd3824dd1e_000ee64ef7226d353297888f59a251e24ce5d776fea000fa,tracking_without_comments/docx/531cf3d312_00ce789bc3226c2a68967cc29792927c80b7f55d9b5267ad__vs__bd3824dd1e_000ee64ef7226d353297888f59a251e24ce5d776fea000fa_redline_0df218b227.docx,tracking_without_comments/pdf/531cf3d312_00ce789bc3226c2a68967cc29792927c80b7f55d9b5267ad__vs__bd3824dd1e_000ee64ef7226d353297888f59a251e24ce5d776fea000fa_redline_0df218b227.pdf,tracking_without_comments,0df218b227,redlines_a100_b10
e70f1134dd_super_editor__diff_before8_ba5faa9e__vs__671ff91b1d_behavior__sd_2750_borderbox_7cd3768d_redline_0e6cc23727,with_comments_clean/docx/e70f1134dd_super_editor__diff_before8_ba5faa9e,clean/docx/671ff91b1d_behavior__sd_2750_borderbox_7cd3768d,with_comments_tracking/docx/e70f1134dd_super_editor__diff_before8_ba5faa9e__vs__671ff91b1d_behavior__sd_2750_borderbox_7cd3768d_redline_0e6cc23727.docx,with_comments_tracking/pdf/e70f1134dd_super_editor__diff_before8_ba5faa9e__vs__671ff91b1d_behavior__sd_2750_borderbox_7cd3768d_redline_0e6cc23727.pdf,with_comments_tracking,0e6cc23727,word_redlines_superdoc
b175a00954_file_27__vs__f32428a03a_file_28_redline_0f031c23c3,with_comments_tracking/docx/b175a00954_file_27,clean/docx/f32428a03a_file_28,with_comments_tracking/docx/b175a00954_file_27__vs__f32428a03a_file_28_redline_0f031c23c3.docx,with_comments_tracking/pdf/b175a00954_file_27__vs__f32428a03a_file_28_redline_0f031c23c3.pdf,with_comments_tracking,0f031c23c3,word_based_randomized_0926
42df4a13aa_file_41__vs__b31456961a_file_42_redline_0faa6504c5,clean/docx/42df4a13aa_file_41,clean/docx/b31456961a_file_42,tracking_without_comments/docx/42df4a13aa_file_41__vs__b31456961a_file_42_redline_0faa6504c5.docx,tracking_without_comments/pdf/42df4a13aa_file_41__vs__b31456961a_file_42_redline_0faa6504c5.pdf,tracking_without_comments,0faa6504c5,word_based_randomized_0926
5d185fb0dd_006ab612b3ae2e0b1915746c660d9ea64842d89c434e0a09__vs__bd3824dd1e_000ee64ef7226d353297888f59a251e24ce5d776fea000fa_redline_103dd21de1,clean/docx/5d185fb0dd_006ab612b3ae2e0b1915746c660d9ea64842d89c434e0a09,clean/docx/bd3824dd1e_000ee64ef7226d353297888f59a251e24ce5d776fea000fa,tracking_without_comments/docx/5d185fb0dd_006ab612b3ae2e0b1915746c660d9ea64842d89c434e0a09__vs__bd3824dd1e_000ee64ef7226d353297888f59a251e24ce5d776fea000fa_redline_103dd21de1.docx,tracking_without_comments/pdf/5d185fb0dd_006ab612b3ae2e0b1915746c660d9ea64842d89c434e0a09__vs__bd3824dd1e_000ee64ef7226d353297888f59a251e24ce5d776fea000fa_redline_103dd21de1.pdf,tracking_without_comments,103dd21de1,redlines_a100_b10
88e20c1bd0_file_68__vs__12e6e39286_file_69_redline_10c43b4911,clean/docx/88e20c1bd0_file_68,tracking_without_comments/docx/12e6e39286_file_69,tracking_without_comments/docx/88e20c1bd0_file_68__vs__12e6e39286_file_69_redline_10c43b4911.docx,tracking_without_comments/pdf/88e20c1bd0_file_68__vs__12e6e39286_file_69_redline_10c43b4911.pdf,tracking_without_comments,10c43b4911,nocomments_randomized
4edcbf241a_behavior__math_groupchr_tests_4a4970fc__vs__d6a1c42901_super_editor__diff_before16_f518c031_redline_110e5d9ce1,clean/docx/4edcbf241a_behavior__math_groupchr_tests_4a4970fc,clean/docx/d6a1c42901_super_editor__diff_before16_f518c031,tracking_without_comments/docx/4edcbf241a_behavior__math_groupchr_tests_4a4970fc__vs__d6a1c42901_super_editor__diff_before16_f518c031_redline_110e5d9ce1.docx,tracking_without_comments/pdf/4edcbf241a_behavior__math_groupchr_tests_4a4970fc__vs__d6a1c42901_super_editor__diff_before16_f518c031_redline_110e5d9ce1.pdf,tracking_without_comments,110e5d9ce1,word_redlines_superdoc_0926
e663016796_behavior__sd_2672_multipara_cell_4d1f068e__vs__cdf27ad0d3_behavior__sd_2672_nested_table_dfac08bb_redline_11e0d1cba7,clean/docx/e663016796_behavior__sd_2672_multipara_cell_4d1f068e,clean/docx/cdf27ad0d3_behavior__sd_2672_nested_table_dfac08bb,tracking_without_comments/docx/e663016796_behavior__sd_2672_multipara_cell_4d1f068e__vs__cdf27ad0d3_behavior__sd_2672_nested_table_dfac08bb_redline_11e0d1cba7.docx,tracking_without_comments/pdf/e663016796_behavior__sd_2672_multipara_cell_4d1f068e__vs__cdf27ad0d3_behavior__sd_2672_nested_table_dfac08bb_redline_11e0d1cba7.pdf,tracking_without_comments,11e0d1cba7,word_redlines_superdoc
4ba01802a7_super_editor__diff_after_10f1912e__vs__42d59beb40_super_editor__diff_after10_ac257741_redline_1282fd98dc,clean/docx/4ba01802a7_super_editor__diff_after_10f1912e,clean/docx/42d59beb40_super_editor__diff_after10_ac257741,tracking_without_comments/docx/4ba01802a7_super_editor__diff_after_10f1912e__vs__42d59beb40_super_editor__diff_after10_ac257741_redline_1282fd98dc.docx,tracking_without_comments/pdf/4ba01802a7_super_editor__diff_after_10f1912e__vs__42d59beb40_super_editor__diff_after10_ac257741_redline_1282fd98dc.pdf,tracking_without_comments,1282fd98dc,word_redlines_superdoc_0926
d87d0dd9a8_file_76__vs__68526de79b_file_77_redline_133a1a1e42,clean/docx/d87d0dd9a8_file_76,clean/docx/68526de79b_file_77,tracking_without_comments/docx/d87d0dd9a8_file_76__vs__68526de79b_file_77_redline_133a1a1e42.docx,tracking_without_comments/pdf/d87d0dd9a8_file_76__vs__68526de79b_file_77_redline_133a1a1e42.pdf,tracking_without_comments,133a1a1e42,word_based_randomized_0926
f2a8197531_file_72__vs__266b027513_file_73_redline_13de303626,clean/docx/f2a8197531_file_72,clean/docx/266b027513_file_73,tracking_without_comments/docx/f2a8197531_file_72__vs__266b027513_file_73_redline_13de303626.docx,tracking_without_comments/pdf/f2a8197531_file_72__vs__266b027513_file_73_redline_13de303626.pdf,tracking_without_comments,13de303626,nocomments_randomized
87dc2ebfec_00ee07057c69b24e2be4bf1a2684792bf6141fdccc35d075__vs__5203829c7a_001cc92b88566d5f930fe57f25813c0bf52a7bdc72c217d0_redline_143e7a6dc4,clean/docx/87dc2ebfec_00ee07057c69b24e2be4bf1a2684792bf6141fdccc35d075,clean/docx/5203829c7a_001cc92b88566d5f930fe57f25813c0bf52a7bdc72c217d0,tracking_without_comments/docx/87dc2ebfec_00ee07057c69b24e2be4bf1a2684792bf6141fdccc35d075__vs__5203829c7a_001cc92b88566d5f930fe57f25813c0bf52a7bdc72c217d0_redline_143e7a6dc4.docx,tracking_without_comments/pdf/87dc2ebfec_00ee07057c69b24e2be4bf1a2684792bf6141fdccc35d075__vs__5203829c7a_001cc92b88566d5f930fe57f25813c0bf52a7bdc72c217d0_redline_143e7a6dc4.pdf,tracking_without_comments,143e7a6dc4,redlines_a100_b10
87ee63a6b6_b88ac900a2a7f9d3d475b69fdc41a213da2f249d3f32e218__vs__1782e25c92_d9e1d2c6898adb00cf03d7667365533d6fb11663f56deafe_redline_14fb06f7e5,clean/docx/87ee63a6b6_b88ac900a2a7f9d3d475b69fdc41a213da2f249d3f32e218,clean/docx/1782e25c92_d9e1d2c6898adb00cf03d7667365533d6fb11663f56deafe,tracking_without_comments/docx/87ee63a6b6_b88ac900a2a7f9d3d475b69fdc41a213da2f249d3f32e218__vs__1782e25c92_d9e1d2c6898adb00cf03d7667365533d6fb11663f56deafe_redline_14fb06f7e5.docx,tracking_without_comments/pdf/87ee63a6b6_b88ac900a2a7f9d3d475b69fdc41a213da2f249d3f32e218__vs__1782e25c92_d9e1d2c6898adb00cf03d7667365533d6fb11663f56deafe_redline_14fb06f7e5.pdf,tracking_without_comments,14fb06f7e5,redlines_en_500
436055d33f_super_editor__diff_before6_7c6912cb__vs__43dd6753e6_super_editor__diff_before7_5bad2542_redline_15bbf99e99,clean/docx/436055d33f_super_editor__diff_before6_7c6912cb,clean/docx/43dd6753e6_super_editor__diff_before7_5bad2542,tracking_without_comments/docx/436055d33f_super_editor__diff_before6_7c6912cb__vs__43dd6753e6_super_editor__diff_before7_5bad2542_redline_15bbf99e99.docx,tracking_without_comments/pdf/436055d33f_super_editor__diff_before6_7c6912cb__vs__43dd6753e6_super_editor__diff_before7_5bad2542_redline_15bbf99e99.pdf,tracking_without_comments,15bbf99e99,word_redlines_superdoc
f3b2e74e02_calibri_font_demo_id_paraid_overflow__vs__689563dec1_calibri_heading_2_right_id_paraid_overflow_redline_164b7378cb,clean/docx/f3b2e74e02_calibri_font_demo_id_paraid_overflow,clean/docx/689563dec1_calibri_heading_2_right_id_paraid_overflow,tracking_without_comments/docx/f3b2e74e02_calibri_font_demo_id_paraid_overflow__vs__689563dec1_calibri_heading_2_right_id_paraid_overflow_redline_164b7378cb.docx,tracking_without_comments/pdf/f3b2e74e02_calibri_font_demo_id_paraid_overflow__vs__689563dec1_calibri_heading_2_right_id_paraid_overflow_redline_164b7378cb.pdf,tracking_without_comments,164b7378cb,word_based_0926
a6b430bba8_file_61__vs__fa6006c2ee_file_62_redline_16c8cb365a,clean/docx/a6b430bba8_file_61,tracking_without_comments/docx/fa6006c2ee_file_62,tracking_without_comments/docx/a6b430bba8_file_61__vs__fa6006c2ee_file_62_redline_16c8cb365a.docx,tracking_without_comments/pdf/a6b430bba8_file_61__vs__fa6006c2ee_file_62_redline_16c8cb365a.pdf,tracking_without_comments,16c8cb365a,nocomments_randomized
7cab5fbdbe_book_catalog_table__vs__6446faad0e_budget_report_q1_2026_suggesting_insertions_redline_1796c24a87,clean/docx/7cab5fbdbe_book_catalog_table,tracking_without_comments/docx/6446faad0e_budget_report_q1_2026_suggesting_insertions,tracking_without_comments/docx/7cab5fbdbe_book_catalog_table__vs__6446faad0e_budget_report_q1_2026_suggesting_insertions_redline_1796c24a87.docx,tracking_without_comments/pdf/7cab5fbdbe_book_catalog_table__vs__6446faad0e_budget_report_q1_2026_suggesting_insertions_redline_1796c24a87.pdf,tracking_without_comments,1796c24a87,word_based;fixtures_word_compares
f71a12ee23_super_editor__fields_attrs1_83837249__vs__8db63962d9_super_editor__fields_attrs2_fonts_ebd792fb_redline_1824b1df94,clean/docx/f71a12ee23_super_editor__fields_attrs1_83837249,clean/docx/8db63962d9_super_editor__fields_attrs2_fonts_ebd792fb,tracking_without_comments/docx/f71a12ee23_super_editor__fields_attrs1_83837249__vs__8db63962d9_super_editor__fields_attrs2_fonts_ebd792fb_redline_1824b1df94.docx,tracking_without_comments/pdf/f71a12ee23_super_editor__fields_attrs1_83837249__vs__8db63962d9_super_editor__fields_attrs2_fonts_ebd792fb_redline_1824b1df94.pdf,tracking_without_comments,1824b1df94,word_redlines_superdoc
a6bdad436b_00e1eabab4f0fdde08a033b7d3af988ce75f7e80207c9918__vs__333bfe069a_003416d620331122b93b434dad901db5836f60d2cad4b533_redline_189b6fe5e3,clean/docx/a6bdad436b_00e1eabab4f0fdde08a033b7d3af988ce75f7e80207c9918,clean/docx/333bfe069a_003416d620331122b93b434dad901db5836f60d2cad4b533,tracking_without_comments/docx/a6bdad436b_00e1eabab4f0fdde08a033b7d3af988ce75f7e80207c9918__vs__333bfe069a_003416d620331122b93b434dad901db5836f60d2cad4b533_redline_189b6fe5e3.docx,tracking_without_comments/pdf/a6bdad436b_00e1eabab4f0fdde08a033b7d3af988ce75f7e80207c9918__vs__333bfe069a_003416d620331122b93b434dad901db5836f60d2cad4b533_redline_189b6fe5e3.pdf,tracking_without_comments,189b6fe5e3,redlines_a100_b10
fdd60beead_nested_table_rowspan__vs__41f0a98a46_numbered_list_demo_id_paraid_overflow_redline_196bfa1dd9,clean/docx/fdd60beead_nested_table_rowspan,clean/docx/41f0a98a46_numbered_list_demo_id_paraid_overflow,tracking_without_comments/docx/fdd60beead_nested_table_rowspan__vs__41f0a98a46_numbered_list_demo_id_paraid_overflow_redline_196bfa1dd9.docx,tracking_without_comments/pdf/fdd60beead_nested_table_rowspan__vs__41f0a98a46_numbered_list_demo_id_paraid_overflow_redline_196bfa1dd9.pdf,tracking_without_comments,196bfa1dd9,nocomments
3c1e5d4d00_00b540ddc1a1fef3ab9acae5b93ca90e9fcef840e25d53cd__vs__342f364d46_001342333d45627868f4dc5282abbba4598a91b4a7584b08_redline_19fabd4927,clean/docx/3c1e5d4d00_00b540ddc1a1fef3ab9acae5b93ca90e9fcef840e25d53cd,clean/docx/342f364d46_001342333d45627868f4dc5282abbba4598a91b4a7584b08,tracking_without_comments/docx/3c1e5d4d00_00b540ddc1a1fef3ab9acae5b93ca90e9fcef840e25d53cd__vs__342f364d46_001342333d45627868f4dc5282abbba4598a91b4a7584b08_redline_19fabd4927.docx,tracking_without_comments/pdf/3c1e5d4d00_00b540ddc1a1fef3ab9acae5b93ca90e9fcef840e25d53cd__vs__342f364d46_001342333d45627868f4dc5282abbba4598a91b4a7584b08_redline_19fabd4927.pdf,tracking_without_comments,19fabd4927,redlines_a100_b10
3ad856ac79_file_39__vs__03c2173f9b_file_40_redline_1a5a8a93b8,clean/docx/3ad856ac79_file_39,clean/docx/03c2173f9b_file_40,tracking_without_comments/docx/3ad856ac79_file_39__vs__03c2173f9b_file_40_redline_1a5a8a93b8.docx,tracking_without_comments/pdf/3ad856ac79_file_39__vs__03c2173f9b_file_40_redline_1a5a8a93b8.pdf,tracking_without_comments,1a5a8a93b8,nocomments_randomized
d09a2f8509_00b5aa69a6c33b2725953348488d62605dc209411d01f80a__vs__deff0e697a_00b5defcad6e58038eac35472a2d48c89905068e5ece0cc3_redline_1b1e73b3af,clean/docx/d09a2f8509_00b5aa69a6c33b2725953348488d62605dc209411d01f80a,clean/docx/deff0e697a_00b5defcad6e58038eac35472a2d48c89905068e5ece0cc3,tracking_without_comments/docx/d09a2f8509_00b5aa69a6c33b2725953348488d62605dc209411d01f80a__vs__deff0e697a_00b5defcad6e58038eac35472a2d48c89905068e5ece0cc3_redline_1b1e73b3af.docx,tracking_without_comments/pdf/d09a2f8509_00b5aa69a6c33b2725953348488d62605dc209411d01f80a__vs__deff0e697a_00b5defcad6e58038eac35472a2d48c89905068e5ece0cc3_redline_1b1e73b3af.pdf,tracking_without_comments,1b1e73b3af,redlines_a100_b10
3bfcb371e2_00003fff80a444ad2f706c74f3c0d9fbef00d7a99ba0c105__vs__5203829c7a_001cc92b88566d5f930fe57f25813c0bf52a7bdc72c217d0_redline_1b64829cd7,clean/docx/3bfcb371e2_00003fff80a444ad2f706c74f3c0d9fbef00d7a99ba0c105,clean/docx/5203829c7a_001cc92b88566d5f930fe57f25813c0bf52a7bdc72c217d0,tracking_without_comments/docx/3bfcb371e2_00003fff80a444ad2f706c74f3c0d9fbef00d7a99ba0c105__vs__5203829c7a_001cc92b88566d5f930fe57f25813c0bf52a7bdc72c217d0_redline_1b64829cd7.docx,tracking_without_comments/pdf/3bfcb371e2_00003fff80a444ad2f706c74f3c0d9fbef00d7a99ba0c105__vs__5203829c7a_001cc92b88566d5f930fe57f25813c0bf52a7bdc72c217d0_redline_1b64829cd7.pdf,tracking_without_comments,1b64829cd7,redlines_a100_b10
ef7218d9e8_001893584bf94ff30c98db48cb8a0ea0ea5abc048f3e1a4d__vs__deff0e697a_00b5defcad6e58038eac35472a2d48c89905068e5ece0cc3_redline_1bc89c0f18,clean/docx/ef7218d9e8_001893584bf94ff30c98db48cb8a0ea0ea5abc048f3e1a4d,clean/docx/deff0e697a_00b5defcad6e58038eac35472a2d48c89905068e5ece0cc3,tracking_without_comments/docx/ef7218d9e8_001893584bf94ff30c98db48cb8a0ea0ea5abc048f3e1a4d__vs__deff0e697a_00b5defcad6e58038eac35472a2d48c89905068e5ece0cc3_redline_1bc89c0f18.docx,tracking_without_comments/pdf/ef7218d9e8_001893584bf94ff30c98db48cb8a0ea0ea5abc048f3e1a4d__vs__deff0e697a_00b5defcad6e58038eac35472a2d48c89905068e5ece0cc3_redline_1bc89c0f18.pdf,tracking_without_comments,1bc89c0f18,redlines_a100_b10
82b365789e_file_117__vs__cd54518381_file_118_redline_1c7fc8dc88,clean/docx/82b365789e_file_117,clean/docx/cd54518381_file_118,tracking_without_comments/docx/82b365789e_file_117__vs__cd54518381_file_118_redline_1c7fc8dc88.docx,tracking_without_comments/pdf/82b365789e_file_117__vs__cd54518381_file_118_redline_1c7fc8dc88.pdf,tracking_without_comments,1c7fc8dc88,word_based_randomized_0926
5c207ef361_super_editor__font_formatting_runs_8be3565a__vs__a0738533be_gdocs_comments_export_redline_1d045a4304,with_comments_tracking/docx/5c207ef361_super_editor__font_formatting_runs_8be3565a,with_comments_clean/docx/a0738533be_gdocs_comments_export,with_comments_tracking/docx/5c207ef361_super_editor__font_formatting_runs_8be3565a__vs__a0738533be_gdocs_comments_export_redline_1d045a4304.docx,with_comments_tracking/pdf/5c207ef361_super_editor__font_formatting_runs_8be3565a__vs__a0738533be_gdocs_comments_export_redline_1d045a4304.pdf,with_comments_tracking,1d045a4304,word_redlines_superdoc
671ff91b1d_behavior__sd_2750_borderbox_7cd3768d__vs__92589c3e37_super_editor__pre_separated_list_bd330d28_redline_1e56ee9760,clean/docx/671ff91b1d_behavior__sd_2750_borderbox_7cd3768d,clean/docx/92589c3e37_super_editor__pre_separated_list_bd330d28,tracking_without_comments/docx/671ff91b1d_behavior__sd_2750_borderbox_7cd3768d__vs__92589c3e37_super_editor__pre_separated_list_bd330d28_redline_1e56ee9760.docx,tracking_without_comments/pdf/671ff91b1d_behavior__sd_2750_borderbox_7cd3768d__vs__92589c3e37_super_editor__pre_separated_list_bd330d28_redline_1e56ee9760.pdf,tracking_without_comments,1e56ee9760,word_redlines_superdoc
fbe14959b0_000f5278175aa01c2b9517b07e8a087014e4a05ab3e24f41__vs__2773adf157_0004c94ca2a8684d47449bb0e7abf87de1df71a7e6543252_redline_1f36e9a00b,clean/docx/fbe14959b0_000f5278175aa01c2b9517b07e8a087014e4a05ab3e24f41,clean/docx/2773adf157_0004c94ca2a8684d47449bb0e7abf87de1df71a7e6543252,tracking_without_comments/docx/fbe14959b0_000f5278175aa01c2b9517b07e8a087014e4a05ab3e24f41__vs__2773adf157_0004c94ca2a8684d47449bb0e7abf87de1df71a7e6543252_redline_1f36e9a00b.docx,tracking_without_comments/pdf/fbe14959b0_000f5278175aa01c2b9517b07e8a087014e4a05ab3e24f41__vs__2773adf157_0004c94ca2a8684d47449bb0e7abf87de1df71a7e6543252_redline_1f36e9a00b.pdf,tracking_without_comments,1f36e9a00b,redlines_a100_b10
6f02029e99_file_134__vs__053656fac9_file_135_redline_2044656db2,clean/docx/6f02029e99_file_134,clean/docx/053656fac9_file_135,tracking_without_comments/docx/6f02029e99_file_134__vs__053656fac9_file_135_redline_2044656db2.docx,tracking_without_comments/pdf/6f02029e99_file_134__vs__053656fac9_file_135_redline_2044656db2.pdf,tracking_without_comments,2044656db2,word_based_randomized
f17e96512e_001cb345cc8d6b799aa725514eb368005048b80f4b4c07a5__vs__1424386e9b_017447de83753a0e3b7afc659df038ef56972925336c6a5b_redline_209c0f5518,clean/docx/f17e96512e_001cb345cc8d6b799aa725514eb368005048b80f4b4c07a5,clean/docx/1424386e9b_017447de83753a0e3b7afc659df038ef56972925336c6a5b,tracking_without_comments/docx/f17e96512e_001cb345cc8d6b799aa725514eb368005048b80f4b4c07a5__vs__1424386e9b_017447de83753a0e3b7afc659df038ef56972925336c6a5b_redline_209c0f5518.docx,tracking_without_comments/pdf/f17e96512e_001cb345cc8d6b799aa725514eb368005048b80f4b4c07a5__vs__1424386e9b_017447de83753a0e3b7afc659df038ef56972925336c6a5b_redline_209c0f5518.pdf,tracking_without_comments,209c0f5518,redlines_a100_b10
81f7cad226_009fa3f6b717df4d0e9371d67f305110d5096bc9178134b0__vs__a5f2b9318d_002aa60c2ae1187417b4b157c5ec6450324cc056ec551a12_redline_215790de70,clean/docx/81f7cad226_009fa3f6b717df4d0e9371d67f305110d5096bc9178134b0,clean/docx/a5f2b9318d_002aa60c2ae1187417b4b157c5ec6450324cc056ec551a12,tracking_without_comments/docx/81f7cad226_009fa3f6b717df4d0e9371d67f305110d5096bc9178134b0__vs__a5f2b9318d_002aa60c2ae1187417b4b157c5ec6450324cc056ec551a12_redline_215790de70.docx,tracking_without_comments/pdf/81f7cad226_009fa3f6b717df4d0e9371d67f305110d5096bc9178134b0__vs__a5f2b9318d_002aa60c2ae1187417b4b157c5ec6450324cc056ec551a12_redline_215790de70.pdf,tracking_without_comments,215790de70,redlines_a100_b10
45e6f5a2e1_00077bf334f45f6bc64fb5b73e579587002b3ccb55de03f8__vs__333bfe069a_003416d620331122b93b434dad901db5836f60d2cad4b533_redline_221997f1c7,clean/docx/45e6f5a2e1_00077bf334f45f6bc64fb5b73e579587002b3ccb55de03f8,clean/docx/333bfe069a_003416d620331122b93b434dad901db5836f60d2cad4b533,tracking_without_comments/docx/45e6f5a2e1_00077bf334f45f6bc64fb5b73e579587002b3ccb55de03f8__vs__333bfe069a_003416d620331122b93b434dad901db5836f60d2cad4b533_redline_221997f1c7.docx,tracking_without_comments/pdf/45e6f5a2e1_00077bf334f45f6bc64fb5b73e579587002b3ccb55de03f8__vs__333bfe069a_003416d620331122b93b434dad901db5836f60d2cad4b533_redline_221997f1c7.pdf,tracking_without_comments,221997f1c7,redlines_a100_b10
178804f5ce_super_editor__invalid_list_def_fallback_d7f55451__vs__9c7f21c23e_super_editor__line_break_627a7159_redline_22b83e022d,clean/docx/178804f5ce_super_editor__invalid_list_def_fallback_d7f55451,clean/docx/9c7f21c23e_super_editor__line_break_627a7159,tracking_without_comments/docx/178804f5ce_super_editor__invalid_list_def_fallback_d7f55451__vs__9c7f21c23e_super_editor__line_break_627a7159_redline_22b83e022d.docx,tracking_without_comments/pdf/178804f5ce_super_editor__invalid_list_def_fallback_d7f55451__vs__9c7f21c23e_super_editor__line_break_627a7159_redline_22b83e022d.pdf,tracking_without_comments,22b83e022d,word_redlines_superdoc
5aeb64856f_7bdb6096ca360ee81cd84fb187b746124bbae29dd464f539__vs__fba040ceb5_822f13252f95988184e7649eef5602a140d69cd09436e59b_redline_23598cf2a6,clean/docx/5aeb64856f_7bdb6096ca360ee81cd84fb187b746124bbae29dd464f539,clean/docx/fba040ceb5_822f13252f95988184e7649eef5602a140d69cd09436e59b,tracking_without_comments/docx/5aeb64856f_7bdb6096ca360ee81cd84fb187b746124bbae29dd464f539__vs__fba040ceb5_822f13252f95988184e7649eef5602a140d69cd09436e59b_redline_23598cf2a6.docx,tracking_without_comments/pdf/5aeb64856f_7bdb6096ca360ee81cd84fb187b746124bbae29dd464f539__vs__fba040ceb5_822f13252f95988184e7649eef5602a140d69cd09436e59b_redline_23598cf2a6.pdf,tracking_without_comments,23598cf2a6,redlines_en_500
b742aca0d1_839f86bfde5b019768d7fa57ea25f61ff70e1642f87a90fc__vs__f89aaa5382_a6154e64eecf7e61bcc7412e4f00462d11abfb711484a9e8_redline_2405610dc2,clean/docx/b742aca0d1_839f86bfde5b019768d7fa57ea25f61ff70e1642f87a90fc,clean/docx/f89aaa5382_a6154e64eecf7e61bcc7412e4f00462d11abfb711484a9e8,tracking_without_comments/docx/b742aca0d1_839f86bfde5b019768d7fa57ea25f61ff70e1642f87a90fc__vs__f89aaa5382_a6154e64eecf7e61bcc7412e4f00462d11abfb711484a9e8_redline_2405610dc2.docx,tracking_without_comments/pdf/b742aca0d1_839f86bfde5b019768d7fa57ea25f61ff70e1642f87a90fc__vs__f89aaa5382_a6154e64eecf7e61bcc7412e4f00462d11abfb711484a9e8_redline_2405610dc2.pdf,tracking_without_comments,2405610dc2,redlines_en_500
75aeff4f58_super_editor__diff_after9_a9d4b4b0__vs__b5a6dd6c66_super_editor__diff_before_019353a2_redline_252aac8d9e,clean/docx/75aeff4f58_super_editor__diff_after9_a9d4b4b0,clean/docx/b5a6dd6c66_super_editor__diff_before_019353a2,tracking_without_comments/docx/75aeff4f58_super_editor__diff_after9_a9d4b4b0__vs__b5a6dd6c66_super_editor__diff_before_019353a2_redline_252aac8d9e.docx,tracking_without_comments/pdf/75aeff4f58_super_editor__diff_after9_a9d4b4b0__vs__b5a6dd6c66_super_editor__diff_before_019353a2_redline_252aac8d9e.pdf,tracking_without_comments,252aac8d9e,word_redlines_superdoc
19891583af_000f23dc2592a0044f1da2e4f2166c6b41e8fde6a66a1988__vs__deff0e697a_00b5defcad6e58038eac35472a2d48c89905068e5ece0cc3_redline_262ce4c23a,clean/docx/19891583af_000f23dc2592a0044f1da2e4f2166c6b41e8fde6a66a1988,clean/docx/deff0e697a_00b5defcad6e58038eac35472a2d48c89905068e5ece0cc3,tracking_without_comments/docx/19891583af_000f23dc2592a0044f1da2e4f2166c6b41e8fde6a66a1988__vs__deff0e697a_00b5defcad6e58038eac35472a2d48c89905068e5ece0cc3_redline_262ce4c23a.docx,tracking_without_comments/pdf/19891583af_000f23dc2592a0044f1da2e4f2166c6b41e8fde6a66a1988__vs__deff0e697a_00b5defcad6e58038eac35472a2d48c89905068e5ece0cc3_redline_262ce4c23a.pdf,tracking_without_comments,262ce4c23a,redlines_a100_b10
d62736ce40_file_128__vs__f4faa3ad63_file_129_redline_273999fb38,tracking_without_comments/docx/d62736ce40_file_128,clean/docx/f4faa3ad63_file_129,tracking_without_comments/docx/d62736ce40_file_128__vs__f4faa3ad63_file_129_redline_273999fb38.docx,tracking_without_comments/pdf/d62736ce40_file_128__vs__f4faa3ad63_file_129_redline_273999fb38.pdf,tracking_without_comments,273999fb38,word_based_randomized_0926
053656fac9_file_135__vs__0b9cc47345_file_136_redline_27f897961f,clean/docx/053656fac9_file_135,clean/docx/0b9cc47345_file_136,tracking_without_comments/docx/053656fac9_file_135__vs__0b9cc47345_file_136_redline_27f897961f.docx,tracking_without_comments/pdf/053656fac9_file_135__vs__0b9cc47345_file_136_redline_27f897961f.pdf,tracking_without_comments,27f897961f,word_based_randomized
64e908a9a0_heading_2_style_demo_id_paraid_overflow__vs__980fd887ea_heading_3_center_italic_id_paraid_overflow_redline_28c789f1a0,clean/docx/64e908a9a0_heading_2_style_demo_id_paraid_overflow,clean/docx/980fd887ea_heading_3_center_italic_id_paraid_overflow,tracking_without_comments/docx/64e908a9a0_heading_2_style_demo_id_paraid_overflow__vs__980fd887ea_heading_3_center_italic_id_paraid_overflow_redline_28c789f1a0.docx,tracking_without_comments/pdf/64e908a9a0_heading_2_style_demo_id_paraid_overflow__vs__980fd887ea_heading_3_center_italic_id_paraid_overflow_redline_28c789f1a0.pdf,tracking_without_comments,28c789f1a0,nocomments
dcee9f23ae_8f82a1a17d45527b203aae94e56227008fff487a866706c1__vs__f68348e67c_6f5dd23f809f9aac4460fcad9319090bf6b779f38a68f688_redline_295bf39150,clean/docx/dcee9f23ae_8f82a1a17d45527b203aae94e56227008fff487a866706c1,clean/docx/f68348e67c_6f5dd23f809f9aac4460fcad9319090bf6b779f38a68f688,tracking_without_comments/docx/dcee9f23ae_8f82a1a17d45527b203aae94e56227008fff487a866706c1__vs__f68348e67c_6f5dd23f809f9aac4460fcad9319090bf6b779f38a68f688_redline_295bf39150.docx,tracking_without_comments/pdf/dcee9f23ae_8f82a1a17d45527b203aae94e56227008fff487a866706c1__vs__f68348e67c_6f5dd23f809f9aac4460fcad9319090bf6b779f38a68f688_redline_295bf39150.pdf,tracking_without_comments,295bf39150,redlines_en_500
017c22e2a3_heading_3_style_demo_id_paraid_overflow_2__vs__e0e6c96bb7_heading_3_style_demo_id_paraid_overflow_redline_2a01fde7a0,clean/docx/017c22e2a3_heading_3_style_demo_id_paraid_overflow_2,clean/docx/e0e6c96bb7_heading_3_style_demo_id_paraid_overflow,tracking_without_comments/docx/017c22e2a3_heading_3_style_demo_id_paraid_overflow_2__vs__e0e6c96bb7_heading_3_style_demo_id_paraid_overflow_redline_2a01fde7a0.docx,tracking_without_comments/pdf/017c22e2a3_heading_3_style_demo_id_paraid_overflow_2__vs__e0e6c96bb7_heading_3_style_demo_id_paraid_overflow_redline_2a01fde7a0.pdf,tracking_without_comments,2a01fde7a0,word_based
e81d1fa10c_behavior__pageref_standalone_uppercase_h_7701e07__vs__a291bf4a73_behavior__rtl_header_footer_e1ac81f6_redline_2a6ac88d46,clean/docx/e81d1fa10c_behavior__pageref_standalone_uppercase_h_7701e07,clean/docx/a291bf4a73_behavior__rtl_header_footer_e1ac81f6,tracking_without_comments/docx/e81d1fa10c_behavior__pageref_standalone_uppercase_h_7701e07__vs__a291bf4a73_behavior__rtl_header_footer_e1ac81f6_redline_2a6ac88d46.docx,tracking_without_comments/pdf/e81d1fa10c_behavior__pageref_standalone_uppercase_h_7701e07__vs__a291bf4a73_behavior__rtl_header_footer_e1ac81f6_redline_2a6ac88d46.pdf,tracking_without_comments,2a6ac88d46,word_redlines_superdoc_0926
0c81cbfe45_b5755b377d1c36349380137dc51de3f4ac8e5aa43114c3f1__vs__6d3d7b292c_08cd966de5e2befa9e834d3c2b93201b6130e3bf438cb6f0_redline_2b70cf763e,clean/docx/0c81cbfe45_b5755b377d1c36349380137dc51de3f4ac8e5aa43114c3f1,clean/docx/6d3d7b292c_08cd966de5e2befa9e834d3c2b93201b6130e3bf438cb6f0,tracking_without_comments/docx/0c81cbfe45_b5755b377d1c36349380137dc51de3f4ac8e5aa43114c3f1__vs__6d3d7b292c_08cd966de5e2befa9e834d3c2b93201b6130e3bf438cb6f0_redline_2b70cf763e.docx,tracking_without_comments/pdf/0c81cbfe45_b5755b377d1c36349380137dc51de3f4ac8e5aa43114c3f1__vs__6d3d7b292c_08cd966de5e2befa9e834d3c2b93201b6130e3bf438cb6f0_redline_2b70cf763e.pdf,tracking_without_comments,2b70cf763e,redlines_en_500
f8f9857e80_title_style_demo_id_paraid_overflow__vs__39b73c977c_title_style_demo_style_default_missing_redline_2c6a62810a,clean/docx/f8f9857e80_title_style_demo_id_paraid_overflow,clean/docx/39b73c977c_title_style_demo_style_default_missing,tracking_without_comments/docx/f8f9857e80_title_style_demo_id_paraid_overflow__vs__39b73c977c_title_style_demo_style_default_missing_redline_2c6a62810a.docx,tracking_without_comments/pdf/f8f9857e80_title_style_demo_id_paraid_overflow__vs__39b73c977c_title_style_demo_style_default_missing_redline_2c6a62810a.pdf,tracking_without_comments,2c6a62810a,fixtures_word_compares;pdf_fill_0928
7e4c9416aa_00803e70c3646e42abab322238df606c847686168795a703__vs__aa5340125d_00a4b0b91e9b5b072dc3771391c2d608518690eccf44eae8_redline_2dbe802d9a,clean/docx/7e4c9416aa_00803e70c3646e42abab322238df606c847686168795a703,clean/docx/aa5340125d_00a4b0b91e9b5b072dc3771391c2d608518690eccf44eae8,tracking_without_comments/docx/7e4c9416aa_00803e70c3646e42abab322238df606c847686168795a703__vs__aa5340125d_00a4b0b91e9b5b072dc3771391c2d608518690eccf44eae8_redline_2dbe802d9a.docx,tracking_without_comments/pdf/7e4c9416aa_00803e70c3646e42abab322238df606c847686168795a703__vs__aa5340125d_00a4b0b91e9b5b072dc3771391c2d608518690eccf44eae8_redline_2dbe802d9a.pdf,tracking_without_comments,2dbe802d9a,redlines_a100_b10
e0e6c96bb7_heading_3_style_demo_id_paraid_overflow__vs__8c730b5c80_heading_4_right_italic_id_paraid_overflow_redline_2e47503344,clean/docx/e0e6c96bb7_heading_3_style_demo_id_paraid_overflow,clean/docx/8c730b5c80_heading_4_right_italic_id_paraid_overflow,tracking_without_comments/docx/e0e6c96bb7_heading_3_style_demo_id_paraid_overflow__vs__8c730b5c80_heading_4_right_italic_id_paraid_overflow_redline_2e47503344.docx,tracking_without_comments/pdf/e0e6c96bb7_heading_3_style_demo_id_paraid_overflow__vs__8c730b5c80_heading_4_right_italic_id_paraid_overflow_redline_2e47503344.pdf,tracking_without_comments,2e47503344,fixtures_word_compares;pdf_fill_0928
ed6c82cead_word_tolerated_broken_media_rel__vs__8fb278cb36_word_tolerated_duplicate_ppr_redline_2ebbfc18b4,with_comments_clean/docx/ed6c82cead_word_tolerated_broken_media_rel,clean/docx/8fb278cb36_word_tolerated_duplicate_ppr,with_comments_tracking/docx/ed6c82cead_word_tolerated_broken_media_rel__vs__8fb278cb36_word_tolerated_duplicate_ppr_redline_2ebbfc18b4.docx,with_comments_tracking/pdf/ed6c82cead_word_tolerated_broken_media_rel__vs__8fb278cb36_word_tolerated_duplicate_ppr_redline_2ebbfc18b4.pdf,with_comments_tracking,2ebbfc18b4,word_based
1d5505e889_b0619f2c3cf5c201db5ff844fd6a32c7db38a093bf3cff9c__vs__4b8f467eb1_b3e6fc4431471a33131aa612c95d48aad15dbf29256ce623_redline_2f7b665e00,clean/docx/1d5505e889_b0619f2c3cf5c201db5ff844fd6a32c7db38a093bf3cff9c,clean/docx/4b8f467eb1_b3e6fc4431471a33131aa612c95d48aad15dbf29256ce623,tracking_without_comments/docx/1d5505e889_b0619f2c3cf5c201db5ff844fd6a32c7db38a093bf3cff9c__vs__4b8f467eb1_b3e6fc4431471a33131aa612c95d48aad15dbf29256ce623_redline_2f7b665e00.docx,tracking_without_comments/pdf/1d5505e889_b0619f2c3cf5c201db5ff844fd6a32c7db38a093bf3cff9c__vs__4b8f467eb1_b3e6fc4431471a33131aa612c95d48aad15dbf29256ce623_redline_2f7b665e00.pdf,tracking_without_comments,2f7b665e00,redlines_en_500
13ea153d22_file_174__vs__66dcec3e49_file_175_redline_301e236134,clean/docx/13ea153d22_file_174,with_comments_tracking/docx/66dcec3e49_file_175,with_comments_tracking/docx/13ea153d22_file_174__vs__66dcec3e49_file_175_redline_301e236134.docx,with_comments_tracking/pdf/13ea153d22_file_174__vs__66dcec3e49_file_175_redline_301e236134.pdf,with_comments_tracking,301e236134,word_based_randomized
3ad13eed3d_evals__document_9bff7e1b__vs__36c5050fba_super_editor__list_with_indents_efc7d4f5_redline_30b249c952,clean/docx/3ad13eed3d_evals__document_9bff7e1b,clean/docx/36c5050fba_super_editor__list_with_indents_efc7d4f5,tracking_without_comments/docx/3ad13eed3d_evals__document_9bff7e1b__vs__36c5050fba_super_editor__list_with_indents_efc7d4f5_redline_30b249c952.docx,tracking_without_comments/pdf/3ad13eed3d_evals__document_9bff7e1b__vs__36c5050fba_super_editor__list_with_indents_efc7d4f5_redline_30b249c952.pdf,tracking_without_comments,30b249c952,word_redlines_superdoc
3fcadf4761_docx_lots_of_comments_addition_removal_redline__vs__24ad1aa6e5_docx_lots_of_comments_addition_removal_redline_30f20e787b,with_comments_tracking/docx/3fcadf4761_docx_lots_of_comments_addition_removal_redline,with_comments_tracking/docx/24ad1aa6e5_docx_lots_of_comments_addition_removal,with_comments_tracking/docx/3fcadf4761_docx_lots_of_comments_addition_removal_redline__vs__24ad1aa6e5_docx_lots_of_comments_addition_removal_redline_30f20e787b.docx,with_comments_tracking/pdf/3fcadf4761_docx_lots_of_comments_addition_removal_redline__vs__24ad1aa6e5_docx_lots_of_comments_addition_removal_redline_30f20e787b.pdf,with_comments_tracking,30f20e787b,word_based_0926
82794f31ff_evals__basic_list_b4d9bb45__vs__eb714d5f76_evals__blank_bc294b57_redline_31b13fd92e,clean/docx/82794f31ff_evals__basic_list_b4d9bb45,clean/docx/eb714d5f76_evals__blank_bc294b57,tracking_without_comments/docx/82794f31ff_evals__basic_list_b4d9bb45__vs__eb714d5f76_evals__blank_bc294b57_redline_31b13fd92e.docx,tracking_without_comments/pdf/82794f31ff_evals__basic_list_b4d9bb45__vs__eb714d5f76_evals__blank_bc294b57_redline_31b13fd92e.pdf,tracking_without_comments,31b13fd92e,word_redlines_superdoc
bb46f61c5d_line_spacing_demo_id_paraid_overflow__vs__de2a4c9936_marketing_strategy_2026_suggesting_insertions_redline_327ae4e5e4,clean/docx/bb46f61c5d_line_spacing_demo_id_paraid_overflow,tracking_without_comments/docx/de2a4c9936_marketing_strategy_2026_suggesting_insertions,tracking_without_comments/docx/bb46f61c5d_line_spacing_demo_id_paraid_overflow__vs__de2a4c9936_marketing_strategy_2026_suggesting_insertions_redline_327ae4e5e4.docx,tracking_without_comments/pdf/bb46f61c5d_line_spacing_demo_id_paraid_overflow__vs__de2a4c9936_marketing_strategy_2026_suggesting_insertions_redline_327ae4e5e4.pdf,tracking_without_comments,327ae4e5e4,word_based_0926
6c63c78baf_4ed6fefdc4770de14b06879bd864def9d71065293ac8f483__vs__a3e6c2e426_197f067152a83fdf7b2e0aee6e62b8960edda324238a6957_redline_331ab44630,clean/docx/6c63c78baf_4ed6fefdc4770de14b06879bd864def9d71065293ac8f483,clean/docx/a3e6c2e426_197f067152a83fdf7b2e0aee6e62b8960edda324238a6957,tracking_without_comments/docx/6c63c78baf_4ed6fefdc4770de14b06879bd864def9d71065293ac8f483__vs__a3e6c2e426_197f067152a83fdf7b2e0aee6e62b8960edda324238a6957_redline_331ab44630.docx,tracking_without_comments/pdf/6c63c78baf_4ed6fefdc4770de14b06879bd864def9d71065293ac8f483__vs__a3e6c2e426_197f067152a83fdf7b2e0aee6e62b8960edda324238a6957_redline_331ab44630.pdf,tracking_without_comments,331ab44630,redlines_en_500
2261da4dae_cda3ae3ebc9762a0f1f79fcc41fc2c5b21e21260d47f5b4a__vs__6e765b335d_f3a35d76c9a9598ca26d1205f927770db7ce090f10872e08_redline_337fe29e91,clean/docx/2261da4dae_cda3ae3ebc9762a0f1f79fcc41fc2c5b21e21260d47f5b4a,clean/docx/6e765b335d_f3a35d76c9a9598ca26d1205f927770db7ce090f10872e08,tracking_without_comments/docx/2261da4dae_cda3ae3ebc9762a0f1f79fcc41fc2c5b21e21260d47f5b4a__vs__6e765b335d_f3a35d76c9a9598ca26d1205f927770db7ce090f10872e08_redline_337fe29e91.docx,tracking_without_comments/pdf/2261da4dae_cda3ae3ebc9762a0f1f79fcc41fc2c5b21e21260d47f5b4a__vs__6e765b335d_f3a35d76c9a9598ca26d1205f927770db7ce090f10872e08_redline_337fe29e91.pdf,tracking_without_comments,337fe29e91,redlines_en_500
316da9cc94_subscript_demo_id_paraid_overflow__vs__b39182a410_subscript_demo_style_default_missing_redline_349073146a,clean/docx/316da9cc94_subscript_demo_id_paraid_overflow,clean/docx/b39182a410_subscript_demo_style_default_missing,tracking_without_comments/docx/316da9cc94_subscript_demo_id_paraid_overflow__vs__b39182a410_subscript_demo_style_default_missing_redline_349073146a.docx,tracking_without_comments/pdf/316da9cc94_subscript_demo_id_paraid_overflow__vs__b39182a410_subscript_demo_style_default_missing_redline_349073146a.pdf,tracking_without_comments,349073146a,word_based
60697d46b7_strict01__vs__60697d46b7_strict01_redline_34ffddfe47,with_comments_tracking/docx/60697d46b7_strict01,with_comments_tracking/docx/60697d46b7_strict01,with_comments_tracking/docx/60697d46b7_strict01__vs__60697d46b7_strict01_redline_34ffddfe47.docx,with_comments_tracking/pdf/60697d46b7_strict01__vs__60697d46b7_strict01_redline_34ffddfe47.pdf,with_comments_tracking,34ffddfe47,word_based_0926
6dff70fa73_005df9de4a11e9d5e0809079fe33b4783538a96e645d8b42__vs__333bfe069a_003416d620331122b93b434dad901db5836f60d2cad4b533_redline_358234e61c,clean/docx/6dff70fa73_005df9de4a11e9d5e0809079fe33b4783538a96e645d8b42,clean/docx/333bfe069a_003416d620331122b93b434dad901db5836f60d2cad4b533,tracking_without_comments/docx/6dff70fa73_005df9de4a11e9d5e0809079fe33b4783538a96e645d8b42__vs__333bfe069a_003416d620331122b93b434dad901db5836f60d2cad4b533_redline_358234e61c.docx,tracking_without_comments/pdf/6dff70fa73_005df9de4a11e9d5e0809079fe33b4783538a96e645d8b42__vs__333bfe069a_003416d620331122b93b434dad901db5836f60d2cad4b533_redline_358234e61c.pdf,tracking_without_comments,358234e61c,redlines_a100_b10
7b7b4b8f51_f3047fa17908fddacbfe1810d977d3a84e3b42e340f787b0__vs__efd194c0ab_fbc0fb2f5b1ef8f625da65770507dd98bf116d7a3ed07704_redline_3661b66884,clean/docx/7b7b4b8f51_f3047fa17908fddacbfe1810d977d3a84e3b42e340f787b0,clean/docx/efd194c0ab_fbc0fb2f5b1ef8f625da65770507dd98bf116d7a3ed07704,tracking_without_comments/docx/7b7b4b8f51_f3047fa17908fddacbfe1810d977d3a84e3b42e340f787b0__vs__efd194c0ab_fbc0fb2f5b1ef8f625da65770507dd98bf116d7a3ed07704_redline_3661b66884.docx,tracking_without_comments/pdf/7b7b4b8f51_f3047fa17908fddacbfe1810d977d3a84e3b42e340f787b0__vs__efd194c0ab_fbc0fb2f5b1ef8f625da65770507dd98bf116d7a3ed07704_redline_3661b66884.pdf,tracking_without_comments,3661b66884,redlines_en_500
a75a5d3d73_file_134__vs__723ac0c0c5_file_135_redline_37b6514e21,clean/docx/a75a5d3d73_file_134,clean/docx/723ac0c0c5_file_135,tracking_without_comments/docx/a75a5d3d73_file_134__vs__723ac0c0c5_file_135_redline_37b6514e21.docx,tracking_without_comments/pdf/a75a5d3d73_file_134__vs__723ac0c0c5_file_135_redline_37b6514e21.pdf,tracking_without_comments,37b6514e21,nocomments_randomized
e29df71807_bold_underline_highlight_demo_id_paraid_overflow__vs__4c0d04c85d_book_catalog_id_paraid_overflow_redline_385d51f24e,clean/docx/e29df71807_bold_underline_highlight_demo_id_paraid_overflow,clean/docx/4c0d04c85d_book_catalog_id_paraid_overflow,tracking_without_comments/docx/e29df71807_bold_underline_highlight_demo_id_paraid_overflow__vs__4c0d04c85d_book_catalog_id_paraid_overflow_redline_385d51f24e.docx,tracking_without_comments/pdf/e29df71807_bold_underline_highlight_demo_id_paraid_overflow__vs__4c0d04c85d_book_catalog_id_paraid_overflow_redline_385d51f24e.pdf,tracking_without_comments,385d51f24e,word_based_0926
15b6035cc0_file_171__vs__4492bbb1f8_file_172_redline_39de17fd49,clean/docx/15b6035cc0_file_171,clean/docx/4492bbb1f8_file_172,tracking_without_comments/docx/15b6035cc0_file_171__vs__4492bbb1f8_file_172_redline_39de17fd49.docx,tracking_without_comments/pdf/15b6035cc0_file_171__vs__4492bbb1f8_file_172_redline_39de17fd49.pdf,tracking_without_comments,39de17fd49,word_based_randomized_0926
7b076416b0_sectpr_headerref__vs__4ba01802a7_super_editor__diff_after_10f1912e_redline_3a7c6c04a0,clean/docx/7b076416b0_sectpr_headerref,clean/docx/4ba01802a7_super_editor__diff_after_10f1912e,tracking_without_comments/docx/7b076416b0_sectpr_headerref__vs__4ba01802a7_super_editor__diff_after_10f1912e_redline_3a7c6c04a0.docx,tracking_without_comments/pdf/7b076416b0_sectpr_headerref__vs__4ba01802a7_super_editor__diff_after_10f1912e_redline_3a7c6c04a0.pdf,tracking_without_comments,3a7c6c04a0,word_redlines_superdoc
93485182eb_font_color_blue_demo_style_default_missing__vs__33e7d339be_font_color_demo_style_default_missing_redline_3b2fbae881,clean/docx/93485182eb_font_color_blue_demo_style_default_missing,clean/docx/33e7d339be_font_color_demo_style_default_missing,tracking_without_comments/docx/93485182eb_font_color_blue_demo_style_default_missing__vs__33e7d339be_font_color_demo_style_default_missing_redline_3b2fbae881.docx,tracking_without_comments/pdf/93485182eb_font_color_blue_demo_style_default_missing__vs__33e7d339be_font_color_demo_style_default_missing_redline_3b2fbae881.pdf,tracking_without_comments,3b2fbae881,word_based
ca4ccabff6_superscript_demo_id_paraid_overflow_2__vs__860b6e457e_superscript_demo_id_paraid_overflow_redline_3b88fd5ebe,clean/docx/ca4ccabff6_superscript_demo_id_paraid_overflow_2,clean/docx/860b6e457e_superscript_demo_id_paraid_overflow,tracking_without_comments/docx/ca4ccabff6_superscript_demo_id_paraid_overflow_2__vs__860b6e457e_superscript_demo_id_paraid_overflow_redline_3b88fd5ebe.docx,tracking_without_comments/pdf/ca4ccabff6_superscript_demo_id_paraid_overflow_2__vs__860b6e457e_superscript_demo_id_paraid_overflow_redline_3b88fd5ebe.pdf,tracking_without_comments,3b88fd5ebe,word_based_0926
1e1f1ad583_super_editor__diff_before2_ca0c6859__vs__7e685cbab1_super_editor__ooxml_underline_rstyle_linked_comb_redline_3bf892c3c2,clean/docx/1e1f1ad583_super_editor__diff_before2_ca0c6859,clean/docx/7e685cbab1_super_editor__ooxml_underline_rstyle_linked_comb,tracking_without_comments/docx/1e1f1ad583_super_editor__diff_before2_ca0c6859__vs__7e685cbab1_super_editor__ooxml_underline_rstyle_linked_comb_redline_3bf892c3c2.docx,tracking_without_comments/pdf/1e1f1ad583_super_editor__diff_before2_ca0c6859__vs__7e685cbab1_super_editor__ooxml_underline_rstyle_linked_comb_redline_3bf892c3c2.pdf,tracking_without_comments,3bf892c3c2,word_redlines_superdoc_0926
c280ce0f40_019d92d986c5ba33a57df54db0056f3731e3254fcbe8ac65__vs__333bfe069a_003416d620331122b93b434dad901db5836f60d2cad4b533_redline_3c90d72d3b,clean/docx/c280ce0f40_019d92d986c5ba33a57df54db0056f3731e3254fcbe8ac65,clean/docx/333bfe069a_003416d620331122b93b434dad901db5836f60d2cad4b533,tracking_without_comments/docx/c280ce0f40_019d92d986c5ba33a57df54db0056f3731e3254fcbe8ac65__vs__333bfe069a_003416d620331122b93b434dad901db5836f60d2cad4b533_redline_3c90d72d3b.docx,tracking_without_comments/pdf/c280ce0f40_019d92d986c5ba33a57df54db0056f3731e3254fcbe8ac65__vs__333bfe069a_003416d620331122b93b434dad901db5836f60d2cad4b533_redline_3c90d72d3b.pdf,tracking_without_comments,3c90d72d3b,redlines_a100_b10
b6dd0b6ae8_015a4f5a16a110026418c0a7f5eefa69ce6d5f9bcfc2d955__vs__a5f2b9318d_002aa60c2ae1187417b4b157c5ec6450324cc056ec551a12_redline_3d2c176562,clean/docx/b6dd0b6ae8_015a4f5a16a110026418c0a7f5eefa69ce6d5f9bcfc2d955,clean/docx/a5f2b9318d_002aa60c2ae1187417b4b157c5ec6450324cc056ec551a12,tracking_without_comments/docx/b6dd0b6ae8_015a4f5a16a110026418c0a7f5eefa69ce6d5f9bcfc2d955__vs__a5f2b9318d_002aa60c2ae1187417b4b157c5ec6450324cc056ec551a12_redline_3d2c176562.docx,tracking_without_comments/pdf/b6dd0b6ae8_015a4f5a16a110026418c0a7f5eefa69ce6d5f9bcfc2d955__vs__a5f2b9318d_002aa60c2ae1187417b4b157c5ec6450324cc056ec551a12_redline_3d2c176562.pdf,tracking_without_comments,3d2c176562,redlines_a100_b10
c500e0081f_file_101__vs__dd36ffac72_file_102_redline_3df53b0ca5,clean/docx/c500e0081f_file_101,clean/docx/dd36ffac72_file_102,tracking_without_comments/docx/c500e0081f_file_101__vs__dd36ffac72_file_102_redline_3df53b0ca5.docx,tracking_without_comments/pdf/c500e0081f_file_101__vs__dd36ffac72_file_102_redline_3df53b0ca5.pdf,tracking_without_comments,3df53b0ca5,word_based_randomized
5f8559c5b8_project_tasks_suggesting_insertions__vs__765eec21b3_q1_sales_summary_table_2_redline_3e6c7f8d08,tracking_without_comments/docx/5f8559c5b8_project_tasks_suggesting_insertions,clean/docx/765eec21b3_q1_sales_summary_table_2,tracking_without_comments/docx/5f8559c5b8_project_tasks_suggesting_insertions__vs__765eec21b3_q1_sales_summary_table_2_redline_3e6c7f8d08.docx,tracking_without_comments/pdf/5f8559c5b8_project_tasks_suggesting_insertions__vs__765eec21b3_q1_sales_summary_table_2_redline_3e6c7f8d08.pdf,tracking_without_comments,3e6c7f8d08,nocomments
d6288bca2e_file_3__vs__840f6a63da_file_4_redline_3ebf5e5557,clean/docx/d6288bca2e_file_3,clean/docx/840f6a63da_file_4,tracking_without_comments/docx/d6288bca2e_file_3__vs__840f6a63da_file_4_redline_3ebf5e5557.docx,tracking_without_comments/pdf/d6288bca2e_file_3__vs__840f6a63da_file_4_redline_3ebf5e5557.pdf,tracking_without_comments,3ebf5e5557,nocomments_randomized
60dfd517a9_00f0e7f365a34acc5911a38c89776a4bdd2ba1685edcd0cc__vs__aa5340125d_00a4b0b91e9b5b072dc3771391c2d608518690eccf44eae8_redline_3f3f2b03b1,clean/docx/60dfd517a9_00f0e7f365a34acc5911a38c89776a4bdd2ba1685edcd0cc,clean/docx/aa5340125d_00a4b0b91e9b5b072dc3771391c2d608518690eccf44eae8,tracking_without_comments/docx/60dfd517a9_00f0e7f365a34acc5911a38c89776a4bdd2ba1685edcd0cc__vs__aa5340125d_00a4b0b91e9b5b072dc3771391c2d608518690eccf44eae8_redline_3f3f2b03b1.docx,tracking_without_comments/pdf/60dfd517a9_00f0e7f365a34acc5911a38c89776a4bdd2ba1685edcd0cc__vs__aa5340125d_00a4b0b91e9b5b072dc3771391c2d608518690eccf44eae8_redline_3f3f2b03b1.pdf,tracking_without_comments,3f3f2b03b1,redlines_a100_b10
cc5f989c56_0090ba7896cba5f43500e77e151ddab12f16b20e3ddf5822__vs__333bfe069a_003416d620331122b93b434dad901db5836f60d2cad4b533_redline_3fa2e4b5de,clean/docx/cc5f989c56_0090ba7896cba5f43500e77e151ddab12f16b20e3ddf5822,clean/docx/333bfe069a_003416d620331122b93b434dad901db5836f60d2cad4b533,tracking_without_comments/docx/cc5f989c56_0090ba7896cba5f43500e77e151ddab12f16b20e3ddf5822__vs__333bfe069a_003416d620331122b93b434dad901db5836f60d2cad4b533_redline_3fa2e4b5de.docx,tracking_without_comments/pdf/cc5f989c56_0090ba7896cba5f43500e77e151ddab12f16b20e3ddf5822__vs__333bfe069a_003416d620331122b93b434dad901db5836f60d2cad4b533_redline_3fa2e4b5de.pdf,tracking_without_comments,3fa2e4b5de,redlines_a100_b10
80c61daaae_roboto_font_demo_id_paraid_overflow__vs__4b58d6b801_roboto_underline_demo_id_paraid_overflow_redline_400db1d64b,clean/docx/80c61daaae_roboto_font_demo_id_paraid_overflow,clean/docx/4b58d6b801_roboto_underline_demo_id_paraid_overflow,tracking_without_comments/docx/80c61daaae_roboto_font_demo_id_paraid_overflow__vs__4b58d6b801_roboto_underline_demo_id_paraid_overflow_redline_400db1d64b.docx,tracking_without_comments/pdf/80c61daaae_roboto_font_demo_id_paraid_overflow__vs__4b58d6b801_roboto_underline_demo_id_paraid_overflow_redline_400db1d64b.pdf,tracking_without_comments,400db1d64b,nocomments
29379c07bf_002adf0715eed4d213774c26c60c78624c2a3cbb3d0397d2__vs__aa5340125d_00a4b0b91e9b5b072dc3771391c2d608518690eccf44eae8_redline_40f5d8efba,clean/docx/29379c07bf_002adf0715eed4d213774c26c60c78624c2a3cbb3d0397d2,clean/docx/aa5340125d_00a4b0b91e9b5b072dc3771391c2d608518690eccf44eae8,tracking_without_comments/docx/29379c07bf_002adf0715eed4d213774c26c60c78624c2a3cbb3d0397d2__vs__aa5340125d_00a4b0b91e9b5b072dc3771391c2d608518690eccf44eae8_redline_40f5d8efba.docx,tracking_without_comments/pdf/29379c07bf_002adf0715eed4d213774c26c60c78624c2a3cbb3d0397d2__vs__aa5340125d_00a4b0b91e9b5b072dc3771391c2d608518690eccf44eae8_redline_40f5d8efba.pdf,tracking_without_comments,40f5d8efba,redlines_a100_b10
d3241afc7c_file_38__vs__3ad856ac79_file_39_redline_41cb395fac,clean/docx/d3241afc7c_file_38,clean/docx/3ad856ac79_file_39,tracking_without_comments/docx/d3241afc7c_file_38__vs__3ad856ac79_file_39_redline_41cb395fac.docx,tracking_without_comments/pdf/d3241afc7c_file_38__vs__3ad856ac79_file_39_redline_41cb395fac.pdf,tracking_without_comments,41cb395fac,nocomments_randomized
d9947eda5e_strikethrough_and_italic_combo_id_paraid_overflo__vs__cc8fe57f46_strikethrough_bold_demo_id_paraid_overflow_redline_4240c86ddb,clean/docx/d9947eda5e_strikethrough_and_italic_combo_id_paraid_overflo,clean/docx/cc8fe57f46_strikethrough_bold_demo_id_paraid_overflow,tracking_without_comments/docx/d9947eda5e_strikethrough_and_italic_combo_id_paraid_overflo__vs__cc8fe57f46_strikethrough_bold_demo_id_paraid_overflow_redline_4240c86ddb.docx,tracking_without_comments/pdf/d9947eda5e_strikethrough_and_italic_combo_id_paraid_overflo__vs__cc8fe57f46_strikethrough_bold_demo_id_paraid_overflow_redline_4240c86ddb.pdf,tracking_without_comments,4240c86ddb,nocomments
a1664c9ad4_6567ec68ee0f2368109ba42c94ee96db2d9bbd318c55e414__vs__1cc3c01333_d55a2a7eec8eb1769d09be7403e1ad29bc5d0b079d03cdfd_redline_429328c875,clean/docx/a1664c9ad4_6567ec68ee0f2368109ba42c94ee96db2d9bbd318c55e414,clean/docx/1cc3c01333_d55a2a7eec8eb1769d09be7403e1ad29bc5d0b079d03cdfd,tracking_without_comments/docx/a1664c9ad4_6567ec68ee0f2368109ba42c94ee96db2d9bbd318c55e414__vs__1cc3c01333_d55a2a7eec8eb1769d09be7403e1ad29bc5d0b079d03cdfd_redline_429328c875.docx,tracking_without_comments/pdf/a1664c9ad4_6567ec68ee0f2368109ba42c94ee96db2d9bbd318c55e414__vs__1cc3c01333_d55a2a7eec8eb1769d09be7403e1ad29bc5d0b079d03cdfd_redline_429328c875.pdf,tracking_without_comments,429328c875,redlines_en_500
77f30dfc2e_file_83__vs__afdd3ca64f_file_84_redline_43288980b4,clean/docx/77f30dfc2e_file_83,clean/docx/afdd3ca64f_file_84,tracking_without_comments/docx/77f30dfc2e_file_83__vs__afdd3ca64f_file_84_redline_43288980b4.docx,tracking_without_comments/pdf/77f30dfc2e_file_83__vs__afdd3ca64f_file_84_redline_43288980b4.pdf,tracking_without_comments,43288980b4,nocomments_randomized
bb77c5d70e_file_20__vs__0308cb497f_file_21_redline_4399f60b7f,clean/docx/bb77c5d70e_file_20,clean/docx/0308cb497f_file_21,tracking_without_comments/docx/bb77c5d70e_file_20__vs__0308cb497f_file_21_redline_4399f60b7f.docx,tracking_without_comments/pdf/bb77c5d70e_file_20__vs__0308cb497f_file_21_redline_4399f60b7f.pdf,tracking_without_comments,4399f60b7f,nocomments_randomized
61e3967518_0011e415331e3b2d8031efcfcfecbb68df0f0b73b26350ce__vs__aa5340125d_00a4b0b91e9b5b072dc3771391c2d608518690eccf44eae8_redline_4433455597,clean/docx/61e3967518_0011e415331e3b2d8031efcfcfecbb68df0f0b73b26350ce,clean/docx/aa5340125d_00a4b0b91e9b5b072dc3771391c2d608518690eccf44eae8,tracking_without_comments/docx/61e3967518_0011e415331e3b2d8031efcfcfecbb68df0f0b73b26350ce__vs__aa5340125d_00a4b0b91e9b5b072dc3771391c2d608518690eccf44eae8_redline_4433455597.docx,tracking_without_comments/pdf/61e3967518_0011e415331e3b2d8031efcfcfecbb68df0f0b73b26350ce__vs__aa5340125d_00a4b0b91e9b5b072dc3771391c2d608518690eccf44eae8_redline_4433455597.pdf,tracking_without_comments,4433455597,redlines_a100_b10
f6de76cc94_numbered_list_italic_demo_id_paraid_overflow__vs__18eb110b3b_numwords_fldsimple_redline_452c8f76a5,clean/docx/f6de76cc94_numbered_list_italic_demo_id_paraid_overflow,clean/docx/18eb110b3b_numwords_fldsimple,tracking_without_comments/docx/f6de76cc94_numbered_list_italic_demo_id_paraid_overflow__vs__18eb110b3b_numwords_fldsimple_redline_452c8f76a5.docx,tracking_without_comments/pdf/f6de76cc94_numbered_list_italic_demo_id_paraid_overflow__vs__18eb110b3b_numwords_fldsimple_redline_452c8f76a5.pdf,tracking_without_comments,452c8f76a5,word_based;fixtures_word_compares
a6bdad436b_00e1eabab4f0fdde08a033b7d3af988ce75f7e80207c9918__vs__a5f2b9318d_002aa60c2ae1187417b4b157c5ec6450324cc056ec551a12_redline_4644f64b29,clean/docx/a6bdad436b_00e1eabab4f0fdde08a033b7d3af988ce75f7e80207c9918,clean/docx/a5f2b9318d_002aa60c2ae1187417b4b157c5ec6450324cc056ec551a12,tracking_without_comments/docx/a6bdad436b_00e1eabab4f0fdde08a033b7d3af988ce75f7e80207c9918__vs__a5f2b9318d_002aa60c2ae1187417b4b157c5ec6450324cc056ec551a12_redline_4644f64b29.docx,tracking_without_comments/pdf/a6bdad436b_00e1eabab4f0fdde08a033b7d3af988ce75f7e80207c9918__vs__a5f2b9318d_002aa60c2ae1187417b4b157c5ec6450324cc056ec551a12_redline_4644f64b29.pdf,tracking_without_comments,4644f64b29,redlines_a100_b10
d340956045_bold_italic_underline_demo_id_paraid_overflow__vs__d86ec4bf8f_bold_red_text_combo_id_paraid_overflow_redline_4739edceb9,clean/docx/d340956045_bold_italic_underline_demo_id_paraid_overflow,clean/docx/d86ec4bf8f_bold_red_text_combo_id_paraid_overflow,tracking_without_comments/docx/d340956045_bold_italic_underline_demo_id_paraid_overflow__vs__d86ec4bf8f_bold_red_text_combo_id_paraid_overflow_redline_4739edceb9.docx,tracking_without_comments/pdf/d340956045_bold_italic_underline_demo_id_paraid_overflow__vs__d86ec4bf8f_bold_red_text_combo_id_paraid_overflow_redline_4739edceb9.pdf,tracking_without_comments,4739edceb9,nocomments
a6bdad436b_00e1eabab4f0fdde08a033b7d3af988ce75f7e80207c9918__vs__342f364d46_001342333d45627868f4dc5282abbba4598a91b4a7584b08_redline_484d69b791,clean/docx/a6bdad436b_00e1eabab4f0fdde08a033b7d3af988ce75f7e80207c9918,clean/docx/342f364d46_001342333d45627868f4dc5282abbba4598a91b4a7584b08,tracking_without_comments/docx/a6bdad436b_00e1eabab4f0fdde08a033b7d3af988ce75f7e80207c9918__vs__342f364d46_001342333d45627868f4dc5282abbba4598a91b4a7584b08_redline_484d69b791.docx,tracking_without_comments/pdf/a6bdad436b_00e1eabab4f0fdde08a033b7d3af988ce75f7e80207c9918__vs__342f364d46_001342333d45627868f4dc5282abbba4598a91b4a7584b08_redline_484d69b791.pdf,tracking_without_comments,484d69b791,redlines_a100_b10
a6bdad436b_00e1eabab4f0fdde08a033b7d3af988ce75f7e80207c9918__vs__1424386e9b_017447de83753a0e3b7afc659df038ef56972925336c6a5b_redline_48e4b4f346,clean/docx/a6bdad436b_00e1eabab4f0fdde08a033b7d3af988ce75f7e80207c9918,clean/docx/1424386e9b_017447de83753a0e3b7afc659df038ef56972925336c6a5b,tracking_without_comments/docx/a6bdad436b_00e1eabab4f0fdde08a033b7d3af988ce75f7e80207c9918__vs__1424386e9b_017447de83753a0e3b7afc659df038ef56972925336c6a5b_redline_48e4b4f346.docx,tracking_without_comments/pdf/a6bdad436b_00e1eabab4f0fdde08a033b7d3af988ce75f7e80207c9918__vs__1424386e9b_017447de83753a0e3b7afc659df038ef56972925336c6a5b_redline_48e4b4f346.pdf,tracking_without_comments,48e4b4f346,redlines_a100_b10
96a0ee0e8f_004b3b3dd84014405562584f62d67267b9a7993e21b974e8__vs__1424386e9b_017447de83753a0e3b7afc659df038ef56972925336c6a5b_redline_495a08f4c2,clean/docx/96a0ee0e8f_004b3b3dd84014405562584f62d67267b9a7993e21b974e8,clean/docx/1424386e9b_017447de83753a0e3b7afc659df038ef56972925336c6a5b,tracking_without_comments/docx/96a0ee0e8f_004b3b3dd84014405562584f62d67267b9a7993e21b974e8__vs__1424386e9b_017447de83753a0e3b7afc659df038ef56972925336c6a5b_redline_495a08f4c2.docx,tracking_without_comments/pdf/96a0ee0e8f_004b3b3dd84014405562584f62d67267b9a7993e21b974e8__vs__1424386e9b_017447de83753a0e3b7afc659df038ef56972925336c6a5b_redline_495a08f4c2.pdf,tracking_without_comments,495a08f4c2,redlines_a100_b10
c20e9b2d21_font_size_24_demo_id_paraid_overflow__vs__f8ecf81d8b_font_size_demo_id_paraid_overflow_redline_49ff615f6a,clean/docx/c20e9b2d21_font_size_24_demo_id_paraid_overflow,clean/docx/f8ecf81d8b_font_size_demo_id_paraid_overflow,tracking_without_comments/docx/c20e9b2d21_font_size_24_demo_id_paraid_overflow__vs__f8ecf81d8b_font_size_demo_id_paraid_overflow_redline_49ff615f6a.docx,tracking_without_comments/pdf/c20e9b2d21_font_size_24_demo_id_paraid_overflow__vs__f8ecf81d8b_font_size_demo_id_paraid_overflow_redline_49ff615f6a.pdf,tracking_without_comments,49ff615f6a,word_based
0800162a66_000799b53487acb327ccf0c0ab87fb14b9e8636346719296__vs__aa5340125d_00a4b0b91e9b5b072dc3771391c2d608518690eccf44eae8_redline_4aca112da9,clean/docx/0800162a66_000799b53487acb327ccf0c0ab87fb14b9e8636346719296,clean/docx/aa5340125d_00a4b0b91e9b5b072dc3771391c2d608518690eccf44eae8,tracking_without_comments/docx/0800162a66_000799b53487acb327ccf0c0ab87fb14b9e8636346719296__vs__aa5340125d_00a4b0b91e9b5b072dc3771391c2d608518690eccf44eae8_redline_4aca112da9.docx,tracking_without_comments/pdf/0800162a66_000799b53487acb327ccf0c0ab87fb14b9e8636346719296__vs__aa5340125d_00a4b0b91e9b5b072dc3771391c2d608518690eccf44eae8_redline_4aca112da9.pdf,tracking_without_comments,4aca112da9,redlines_a100_b10
91440900a0_00189e19139f6e3031303e4152566a7bc08fab71a5c95895__vs__a5f2b9318d_002aa60c2ae1187417b4b157c5ec6450324cc056ec551a12_redline_4b8db8c7a5,clean/docx/91440900a0_00189e19139f6e3031303e4152566a7bc08fab71a5c95895,clean/docx/a5f2b9318d_002aa60c2ae1187417b4b157c5ec6450324cc056ec551a12,tracking_without_comments/docx/91440900a0_00189e19139f6e3031303e4152566a7bc08fab71a5c95895__vs__a5f2b9318d_002aa60c2ae1187417b4b157c5ec6450324cc056ec551a12_redline_4b8db8c7a5.docx,tracking_without_comments/pdf/91440900a0_00189e19139f6e3031303e4152566a7bc08fab71a5c95895__vs__a5f2b9318d_002aa60c2ae1187417b4b157c5ec6450324cc056ec551a12_redline_4b8db8c7a5.pdf,tracking_without_comments,4b8db8c7a5,redlines_a100_b10
689563dec1_calibri_heading_2_right_id_paraid_overflow__vs__24bd3ad29d_center_aligned_bold_text_id_paraid_overflow_redline_4c8efcc17b,clean/docx/689563dec1_calibri_heading_2_right_id_paraid_overflow,clean/docx/24bd3ad29d_center_aligned_bold_text_id_paraid_overflow,tracking_without_comments/docx/689563dec1_calibri_heading_2_right_id_paraid_overflow__vs__24bd3ad29d_center_aligned_bold_text_id_paraid_overflow_redline_4c8efcc17b.docx,tracking_without_comments/pdf/689563dec1_calibri_heading_2_right_id_paraid_overflow__vs__24bd3ad29d_center_aligned_bold_text_id_paraid_overflow_redline_4c8efcc17b.pdf,tracking_without_comments,4c8efcc17b,word_based_0926
899ef4306e_0017891576e438292c35db3155e97d16ec0d68144e21bfc3__vs__5203829c7a_001cc92b88566d5f930fe57f25813c0bf52a7bdc72c217d0_redline_4cfb593176,clean/docx/899ef4306e_0017891576e438292c35db3155e97d16ec0d68144e21bfc3,clean/docx/5203829c7a_001cc92b88566d5f930fe57f25813c0bf52a7bdc72c217d0,tracking_without_comments/docx/899ef4306e_0017891576e438292c35db3155e97d16ec0d68144e21bfc3__vs__5203829c7a_001cc92b88566d5f930fe57f25813c0bf52a7bdc72c217d0_redline_4cfb593176.docx,tracking_without_comments/pdf/899ef4306e_0017891576e438292c35db3155e97d16ec0d68144e21bfc3__vs__5203829c7a_001cc92b88566d5f930fe57f25813c0bf52a7bdc72c217d0_redline_4cfb593176.pdf,tracking_without_comments,4cfb593176,redlines_a100_b10
ecba8d5b3b_file_45__vs__b126641535_file_46_redline_4d3cead538,clean/docx/ecba8d5b3b_file_45,clean/docx/b126641535_file_46,tracking_without_comments/docx/ecba8d5b3b_file_45__vs__b126641535_file_46_redline_4d3cead538.docx,tracking_without_comments/pdf/ecba8d5b3b_file_45__vs__b126641535_file_46_redline_4d3cead538.pdf,tracking_without_comments,4d3cead538,word_based_randomized_0926
1d137d70ee_005bf179b17b3d109d473d5bb10a968731ba985c4bff3743__vs__deff0e697a_00b5defcad6e58038eac35472a2d48c89905068e5ece0cc3_redline_4da2a85f36,clean/docx/1d137d70ee_005bf179b17b3d109d473d5bb10a968731ba985c4bff3743,clean/docx/deff0e697a_00b5defcad6e58038eac35472a2d48c89905068e5ece0cc3,tracking_without_comments/docx/1d137d70ee_005bf179b17b3d109d473d5bb10a968731ba985c4bff3743__vs__deff0e697a_00b5defcad6e58038eac35472a2d48c89905068e5ece0cc3_redline_4da2a85f36.docx,tracking_without_comments/pdf/1d137d70ee_005bf179b17b3d109d473d5bb10a968731ba985c4bff3743__vs__deff0e697a_00b5defcad6e58038eac35472a2d48c89905068e5ece0cc3_redline_4da2a85f36.pdf,tracking_without_comments,4da2a85f36,redlines_a100_b10
04dafefc52_00048cb6667d721bdb2219ecbadb6eb369e439c130ac475e__vs__deff0e697a_00b5defcad6e58038eac35472a2d48c89905068e5ece0cc3_redline_4ea3d6091d,clean/docx/04dafefc52_00048cb6667d721bdb2219ecbadb6eb369e439c130ac475e,clean/docx/deff0e697a_00b5defcad6e58038eac35472a2d48c89905068e5ece0cc3,tracking_without_comments/docx/04dafefc52_00048cb6667d721bdb2219ecbadb6eb369e439c130ac475e__vs__deff0e697a_00b5defcad6e58038eac35472a2d48c89905068e5ece0cc3_redline_4ea3d6091d.docx,tracking_without_comments/pdf/04dafefc52_00048cb6667d721bdb2219ecbadb6eb369e439c130ac475e__vs__deff0e697a_00b5defcad6e58038eac35472a2d48c89905068e5ece0cc3_redline_4ea3d6091d.pdf,tracking_without_comments,4ea3d6091d,redlines_a100_b10
6f510caeea_file_157__vs__8ef32902e8_file_158_redline_4f86daaeef,tracking_without_comments/docx/6f510caeea_file_157,clean/docx/8ef32902e8_file_158,tracking_without_comments/docx/6f510caeea_file_157__vs__8ef32902e8_file_158_redline_4f86daaeef.docx,tracking_without_comments/pdf/6f510caeea_file_157__vs__8ef32902e8_file_158_redline_4f86daaeef.pdf,tracking_without_comments,4f86daaeef,word_based_randomized_0926
39b73c977c_title_style_demo_style_default_missing__vs__3126703962_track_changes_editing_bullet_id_paraid_overflow_redline_50027fb5a5,clean/docx/39b73c977c_title_style_demo_style_default_missing,clean/docx/3126703962_track_changes_editing_bullet_id_paraid_overflow,tracking_without_comments/docx/39b73c977c_title_style_demo_style_default_missing__vs__3126703962_track_changes_editing_bullet_id_paraid_overflow_redline_50027fb5a5.docx,tracking_without_comments/pdf/39b73c977c_title_style_demo_style_default_missing__vs__3126703962_track_changes_editing_bullet_id_paraid_overflow_redline_50027fb5a5.pdf,tracking_without_comments,50027fb5a5,word_based
60dfd517a9_00f0e7f365a34acc5911a38c89776a4bdd2ba1685edcd0cc__vs__2773adf157_0004c94ca2a8684d47449bb0e7abf87de1df71a7e6543252_redline_5095f45581,clean/docx/60dfd517a9_00f0e7f365a34acc5911a38c89776a4bdd2ba1685edcd0cc,clean/docx/2773adf157_0004c94ca2a8684d47449bb0e7abf87de1df71a7e6543252,tracking_without_comments/docx/60dfd517a9_00f0e7f365a34acc5911a38c89776a4bdd2ba1685edcd0cc__vs__2773adf157_0004c94ca2a8684d47449bb0e7abf87de1df71a7e6543252_redline_5095f45581.docx,tracking_without_comments/pdf/60dfd517a9_00f0e7f365a34acc5911a38c89776a4bdd2ba1685edcd0cc__vs__2773adf157_0004c94ca2a8684d47449bb0e7abf87de1df71a7e6543252_redline_5095f45581.pdf,tracking_without_comments,5095f45581,redlines_a100_b10
ff47bdeea8_file_119__vs__868b5e44f4_file_120_redline_517b53a483,clean/docx/ff47bdeea8_file_119,clean/docx/868b5e44f4_file_120,tracking_without_comments/docx/ff47bdeea8_file_119__vs__868b5e44f4_file_120_redline_517b53a483.docx,tracking_without_comments/pdf/ff47bdeea8_file_119__vs__868b5e44f4_file_120_redline_517b53a483.pdf,tracking_without_comments,517b53a483,nocomments_randomized
0086695f46_file_124__vs__d8f8e09b6e_file_125_redline_51d1d87a1f,tracking_without_comments/docx/0086695f46_file_124,clean/docx/d8f8e09b6e_file_125,tracking_without_comments/docx/0086695f46_file_124__vs__d8f8e09b6e_file_125_redline_51d1d87a1f.docx,tracking_without_comments/pdf/0086695f46_file_124__vs__d8f8e09b6e_file_125_redline_51d1d87a1f.pdf,tracking_without_comments,51d1d87a1f,word_based_randomized_0926
501bf3d47b_super_editor__table_merged_cells_9c349334__vs__ab064d6482_super_editor__table_width_issue_20b01504_redline_5245c92a2c,clean/docx/501bf3d47b_super_editor__table_merged_cells_9c349334,clean/docx/ab064d6482_super_editor__table_width_issue_20b01504,tracking_without_comments/docx/501bf3d47b_super_editor__table_merged_cells_9c349334__vs__ab064d6482_super_editor__table_width_issue_20b01504_redline_5245c92a2c.docx,tracking_without_comments/pdf/501bf3d47b_super_editor__table_merged_cells_9c349334__vs__ab064d6482_super_editor__table_width_issue_20b01504_redline_5245c92a2c.pdf,tracking_without_comments,5245c92a2c,word_redlines_superdoc_0926
0d888e38b7_file_157__vs__b3869d974a_file_158_redline_52dcc19c24,tracking_without_comments/docx/0d888e38b7_file_157,clean/docx/b3869d974a_file_158,tracking_without_comments/docx/0d888e38b7_file_157__vs__b3869d974a_file_158_redline_52dcc19c24.docx,tracking_without_comments/pdf/0d888e38b7_file_157__vs__b3869d974a_file_158_redline_52dcc19c24.pdf,tracking_without_comments,52dcc19c24,nocomments_randomized
e81d1fa10c_behavior__pageref_standalone_uppercase_h_7701e07__vs__735c372b41_super_editor__diff_after8_58e5c288_redline_5325dc70b4,clean/docx/e81d1fa10c_behavior__pageref_standalone_uppercase_h_7701e07,with_comments_tracking/docx/735c372b41_super_editor__diff_after8_58e5c288,with_comments_tracking/docx/e81d1fa10c_behavior__pageref_standalone_uppercase_h_7701e07__vs__735c372b41_super_editor__diff_after8_58e5c288_redline_5325dc70b4.docx,with_comments_tracking/pdf/e81d1fa10c_behavior__pageref_standalone_uppercase_h_7701e07__vs__735c372b41_super_editor__diff_after8_58e5c288_redline_5325dc70b4.pdf,with_comments_tracking,5325dc70b4,word_redlines_superdoc_0926
73e78ba640_strikethrough_and_italic_combo_id_paraid_overflo__vs__0203b5fed7_strikethrough_bold_demo_id_paraid_overflow_redline_53d24124e7,clean/docx/73e78ba640_strikethrough_and_italic_combo_id_paraid_overflo,clean/docx/0203b5fed7_strikethrough_bold_demo_id_paraid_overflow,tracking_without_comments/docx/73e78ba640_strikethrough_and_italic_combo_id_paraid_overflo__vs__0203b5fed7_strikethrough_bold_demo_id_paraid_overflow_redline_53d24124e7.docx,tracking_without_comments/pdf/73e78ba640_strikethrough_and_italic_combo_id_paraid_overflo__vs__0203b5fed7_strikethrough_bold_demo_id_paraid_overflow_redline_53d24124e7.pdf,tracking_without_comments,53d24124e7,fixtures_word_compares;pdf_fill_0928
23cdfeee74_0022d9b76a33e7bdcda8d38ec3c898364c578897fb55d462__vs__bd3824dd1e_000ee64ef7226d353297888f59a251e24ce5d776fea000fa_redline_546a6e0c15,clean/docx/23cdfeee74_0022d9b76a33e7bdcda8d38ec3c898364c578897fb55d462,clean/docx/bd3824dd1e_000ee64ef7226d353297888f59a251e24ce5d776fea000fa,tracking_without_comments/docx/23cdfeee74_0022d9b76a33e7bdcda8d38ec3c898364c578897fb55d462__vs__bd3824dd1e_000ee64ef7226d353297888f59a251e24ce5d776fea000fa_redline_546a6e0c15.docx,tracking_without_comments/pdf/23cdfeee74_0022d9b76a33e7bdcda8d38ec3c898364c578897fb55d462__vs__bd3824dd1e_000ee64ef7226d353297888f59a251e24ce5d776fea000fa_redline_546a6e0c15.pdf,tracking_without_comments,546a6e0c15,redlines_a100_b10
ee79137dd5_8b4e4edc6932664b8d995be412fb392fe48caf5b3d6e6ee9__vs__ea7c0cc1c3_ea5833966c0bbeeee4f60026b68dd36e8660b1b5c5b79900_redline_554df0e56c,clean/docx/ee79137dd5_8b4e4edc6932664b8d995be412fb392fe48caf5b3d6e6ee9,clean/docx/ea7c0cc1c3_ea5833966c0bbeeee4f60026b68dd36e8660b1b5c5b79900,tracking_without_comments/docx/ee79137dd5_8b4e4edc6932664b8d995be412fb392fe48caf5b3d6e6ee9__vs__ea7c0cc1c3_ea5833966c0bbeeee4f60026b68dd36e8660b1b5c5b79900_redline_554df0e56c.docx,tracking_without_comments/pdf/ee79137dd5_8b4e4edc6932664b8d995be412fb392fe48caf5b3d6e6ee9__vs__ea7c0cc1c3_ea5833966c0bbeeee4f60026b68dd36e8660b1b5c5b79900_redline_554df0e56c.pdf,tracking_without_comments,554df0e56c,redlines_en_500
7c31a68295_behavior__pageref_standalone_h_7b3ab72e__vs__e81d1fa10c_behavior__pageref_standalone_uppercase_h_7701e07_redline_55b5c7ed99,clean/docx/7c31a68295_behavior__pageref_standalone_h_7b3ab72e,clean/docx/e81d1fa10c_behavior__pageref_standalone_uppercase_h_7701e07,tracking_without_comments/docx/7c31a68295_behavior__pageref_standalone_h_7b3ab72e__vs__e81d1fa10c_behavior__pageref_standalone_uppercase_h_7701e07_redline_55b5c7ed99.docx,tracking_without_comments/pdf/7c31a68295_behavior__pageref_standalone_h_7b3ab72e__vs__e81d1fa10c_behavior__pageref_standalone_uppercase_h_7701e07_redline_55b5c7ed99.pdf,tracking_without_comments,55b5c7ed99,word_redlines_superdoc
cc5f989c56_0090ba7896cba5f43500e77e151ddab12f16b20e3ddf5822__vs__aa5340125d_00a4b0b91e9b5b072dc3771391c2d608518690eccf44eae8_redline_56915a8dc8,clean/docx/cc5f989c56_0090ba7896cba5f43500e77e151ddab12f16b20e3ddf5822,clean/docx/aa5340125d_00a4b0b91e9b5b072dc3771391c2d608518690eccf44eae8,tracking_without_comments/docx/cc5f989c56_0090ba7896cba5f43500e77e151ddab12f16b20e3ddf5822__vs__aa5340125d_00a4b0b91e9b5b072dc3771391c2d608518690eccf44eae8_redline_56915a8dc8.docx,tracking_without_comments/pdf/cc5f989c56_0090ba7896cba5f43500e77e151ddab12f16b20e3ddf5822__vs__aa5340125d_00a4b0b91e9b5b072dc3771391c2d608518690eccf44eae8_redline_56915a8dc8.pdf,tracking_without_comments,56915a8dc8,redlines_a100_b10
b6dd0b6ae8_015a4f5a16a110026418c0a7f5eefa69ce6d5f9bcfc2d955__vs__deff0e697a_00b5defcad6e58038eac35472a2d48c89905068e5ece0cc3_redline_57bddc3300,clean/docx/b6dd0b6ae8_015a4f5a16a110026418c0a7f5eefa69ce6d5f9bcfc2d955,clean/docx/deff0e697a_00b5defcad6e58038eac35472a2d48c89905068e5ece0cc3,tracking_without_comments/docx/b6dd0b6ae8_015a4f5a16a110026418c0a7f5eefa69ce6d5f9bcfc2d955__vs__deff0e697a_00b5defcad6e58038eac35472a2d48c89905068e5ece0cc3_redline_57bddc3300.docx,tracking_without_comments/pdf/b6dd0b6ae8_015a4f5a16a110026418c0a7f5eefa69ce6d5f9bcfc2d955__vs__deff0e697a_00b5defcad6e58038eac35472a2d48c89905068e5ece0cc3_redline_57bddc3300.pdf,tracking_without_comments,57bddc3300,redlines_a100_b10
3f91c8f0cd_file_9__vs__e3d833aef0_file_10_redline_581907f19c,with_comments_tracking/docx/3f91c8f0cd_file_9,clean/docx/e3d833aef0_file_10,with_comments_tracking/docx/3f91c8f0cd_file_9__vs__e3d833aef0_file_10_redline_581907f19c.docx,with_comments_tracking/pdf/3f91c8f0cd_file_9__vs__e3d833aef0_file_10_redline_581907f19c.pdf,with_comments_tracking,581907f19c,word_based_randomized
0a0b6470c3_00051beee50076d47db468069cab455933b72d9df9165e1f__vs__bd3824dd1e_000ee64ef7226d353297888f59a251e24ce5d776fea000fa_redline_58b902304a,clean/docx/0a0b6470c3_00051beee50076d47db468069cab455933b72d9df9165e1f,clean/docx/bd3824dd1e_000ee64ef7226d353297888f59a251e24ce5d776fea000fa,tracking_without_comments/docx/0a0b6470c3_00051beee50076d47db468069cab455933b72d9df9165e1f__vs__bd3824dd1e_000ee64ef7226d353297888f59a251e24ce5d776fea000fa_redline_58b902304a.docx,tracking_without_comments/pdf/0a0b6470c3_00051beee50076d47db468069cab455933b72d9df9165e1f__vs__bd3824dd1e_000ee64ef7226d353297888f59a251e24ce5d776fea000fa_redline_58b902304a.pdf,tracking_without_comments,58b902304a,redlines_a100_b10
c9bd5ffffd_627c0809350215230046febb13f47a1668e1afe1cb55b345__vs__e51c1f292a_ca0c4d309d19d117b67f6d0ee09e6a93f2607498bfb6bb3e_redline_5986623b2b,clean/docx/c9bd5ffffd_627c0809350215230046febb13f47a1668e1afe1cb55b345,clean/docx/e51c1f292a_ca0c4d309d19d117b67f6d0ee09e6a93f2607498bfb6bb3e,tracking_without_comments/docx/c9bd5ffffd_627c0809350215230046febb13f47a1668e1afe1cb55b345__vs__e51c1f292a_ca0c4d309d19d117b67f6d0ee09e6a93f2607498bfb6bb3e_redline_5986623b2b.docx,tracking_without_comments/pdf/c9bd5ffffd_627c0809350215230046febb13f47a1668e1afe1cb55b345__vs__e51c1f292a_ca0c4d309d19d117b67f6d0ee09e6a93f2607498bfb6bb3e_redline_5986623b2b.pdf,tracking_without_comments,5986623b2b,redlines_en_500
c917cc5055_support_tickets_summary_id_paraid_overflow__vs__356b7a3629_text_highlight_demo_style_default_missing_redline_5a100df35e,clean/docx/c917cc5055_support_tickets_summary_id_paraid_overflow,clean/docx/356b7a3629_text_highlight_demo_style_default_missing,tracking_without_comments/docx/c917cc5055_support_tickets_summary_id_paraid_overflow__vs__356b7a3629_text_highlight_demo_style_default_missing_redline_5a100df35e.docx,tracking_without_comments/pdf/c917cc5055_support_tickets_summary_id_paraid_overflow__vs__356b7a3629_text_highlight_demo_style_default_missing_redline_5a100df35e.pdf,tracking_without_comments,5a100df35e,word_based
ab064d6482_super_editor__table_width_issue_20b01504__vs__8df6dfa8d7_alternate_content_redline_5b1a8f121b,clean/docx/ab064d6482_super_editor__table_width_issue_20b01504,clean/docx/8df6dfa8d7_alternate_content,tracking_without_comments/docx/ab064d6482_super_editor__table_width_issue_20b01504__vs__8df6dfa8d7_alternate_content_redline_5b1a8f121b.docx,tracking_without_comments/pdf/ab064d6482_super_editor__table_width_issue_20b01504__vs__8df6dfa8d7_alternate_content_redline_5b1a8f121b.pdf,tracking_without_comments,5b1a8f121b,word_redlines_superdoc
9c8272b1e2_file_90__vs__a0d5729906_file_91_redline_5b87e1e3a5,tracking_without_comments/docx/9c8272b1e2_file_90,clean/docx/a0d5729906_file_91,tracking_without_comments/docx/9c8272b1e2_file_90__vs__a0d5729906_file_91_redline_5b87e1e3a5.docx,tracking_without_comments/pdf/9c8272b1e2_file_90__vs__a0d5729906_file_91_redline_5b87e1e3a5.pdf,tracking_without_comments,5b87e1e3a5,word_based_randomized
1b9445becb_000516b844a100814a91ff4628bfc37fed6090074bfa22e1__vs__2e04202552_000e3e7bd2d6215fc7b469cc3e296c1b2a510bc1abc7e0fd_redline_5c9b55c96b,clean/docx/1b9445becb_000516b844a100814a91ff4628bfc37fed6090074bfa22e1,clean/docx/2e04202552_000e3e7bd2d6215fc7b469cc3e296c1b2a510bc1abc7e0fd,tracking_without_comments/docx/1b9445becb_000516b844a100814a91ff4628bfc37fed6090074bfa22e1__vs__2e04202552_000e3e7bd2d6215fc7b469cc3e296c1b2a510bc1abc7e0fd_redline_5c9b55c96b.docx,tracking_without_comments/pdf/1b9445becb_000516b844a100814a91ff4628bfc37fed6090074bfa22e1__vs__2e04202552_000e3e7bd2d6215fc7b469cc3e296c1b2a510bc1abc7e0fd_redline_5c9b55c96b.pdf,tracking_without_comments,5c9b55c96b,redlines_a100_b10
31612a8334_file_88__vs__f1b1749251_file_89_redline_5dc5d92340,clean/docx/31612a8334_file_88,clean/docx/f1b1749251_file_89,tracking_without_comments/docx/31612a8334_file_88__vs__f1b1749251_file_89_redline_5dc5d92340.docx,tracking_without_comments/pdf/31612a8334_file_88__vs__f1b1749251_file_89_redline_5dc5d92340.pdf,tracking_without_comments,5dc5d92340,nocomments_randomized
23fb865598_super_editor__diff_after4_471fa40f__vs__26ce1d6300_super_editor__diff_after5_9fb9d5b4_redline_5e52b54e3b,clean/docx/23fb865598_super_editor__diff_after4_471fa40f,clean/docx/26ce1d6300_super_editor__diff_after5_9fb9d5b4,tracking_without_comments/docx/23fb865598_super_editor__diff_after4_471fa40f__vs__26ce1d6300_super_editor__diff_after5_9fb9d5b4_redline_5e52b54e3b.docx,tracking_without_comments/pdf/23fb865598_super_editor__diff_after4_471fa40f__vs__26ce1d6300_super_editor__diff_after5_9fb9d5b4_redline_5e52b54e3b.pdf,tracking_without_comments,5e52b54e3b,word_redlines_superdoc
f795b96ac4_behavior__math_delimiter_tests_c9d034dc__vs__e3d152989b_behavior__math_eqarr_tests_40a1adb0_redline_5f586771fd,clean/docx/f795b96ac4_behavior__math_delimiter_tests_c9d034dc,clean/docx/e3d152989b_behavior__math_eqarr_tests_40a1adb0,tracking_without_comments/docx/f795b96ac4_behavior__math_delimiter_tests_c9d034dc__vs__e3d152989b_behavior__math_eqarr_tests_40a1adb0_redline_5f586771fd.docx,tracking_without_comments/pdf/f795b96ac4_behavior__math_delimiter_tests_c9d034dc__vs__e3d152989b_behavior__math_eqarr_tests_40a1adb0_redline_5f586771fd.pdf,tracking_without_comments,5f586771fd,word_redlines_superdoc_0926
980fd887ea_heading_3_center_italic_id_paraid_overflow__vs__89500684a1_heading_3_style_demo_id_paraid_overflow_2_redline_602f6fbaca,clean/docx/980fd887ea_heading_3_center_italic_id_paraid_overflow,clean/docx/89500684a1_heading_3_style_demo_id_paraid_overflow_2,tracking_without_comments/docx/980fd887ea_heading_3_center_italic_id_paraid_overflow__vs__89500684a1_heading_3_style_demo_id_paraid_overflow_2_redline_602f6fbaca.docx,tracking_without_comments/pdf/980fd887ea_heading_3_center_italic_id_paraid_overflow__vs__89500684a1_heading_3_style_demo_id_paraid_overflow_2_redline_602f6fbaca.pdf,tracking_without_comments,602f6fbaca,nocomments
39b59f5a84_4bd68827071993e9ef15259288fc0bd69cd2649b06000e19__vs__e2727b0828_371ddf84970d73bf320cc7ae92d9214c7ebc92bff083a63f_redline_6126dd867e,clean/docx/39b59f5a84_4bd68827071993e9ef15259288fc0bd69cd2649b06000e19,clean/docx/e2727b0828_371ddf84970d73bf320cc7ae92d9214c7ebc92bff083a63f,tracking_without_comments/docx/39b59f5a84_4bd68827071993e9ef15259288fc0bd69cd2649b06000e19__vs__e2727b0828_371ddf84970d73bf320cc7ae92d9214c7ebc92bff083a63f_redline_6126dd867e.docx,tracking_without_comments/pdf/39b59f5a84_4bd68827071993e9ef15259288fc0bd69cd2649b06000e19__vs__e2727b0828_371ddf84970d73bf320cc7ae92d9214c7ebc92bff083a63f_redline_6126dd867e.pdf,tracking_without_comments,6126dd867e,redlines_en_500
fa962f4b9d_file_79__vs__9d2146095f_file_80_redline_6169b89c33,clean/docx/fa962f4b9d_file_79,clean/docx/9d2146095f_file_80,tracking_without_comments/docx/fa962f4b9d_file_79__vs__9d2146095f_file_80_redline_6169b89c33.docx,tracking_without_comments/pdf/fa962f4b9d_file_79__vs__9d2146095f_file_80_redline_6169b89c33.pdf,tracking_without_comments,6169b89c33,word_based_randomized
8d074dbf32_9d9a8c7a44e6936f611d8ee060f98bbc01dbe0205235d507__vs__853563f59b_805fc2a77dc40868ccc7a00204e4c6a22e8ac36e1d746361_redline_6213202228,clean/docx/8d074dbf32_9d9a8c7a44e6936f611d8ee060f98bbc01dbe0205235d507,clean/docx/853563f59b_805fc2a77dc40868ccc7a00204e4c6a22e8ac36e1d746361,tracking_without_comments/docx/8d074dbf32_9d9a8c7a44e6936f611d8ee060f98bbc01dbe0205235d507__vs__853563f59b_805fc2a77dc40868ccc7a00204e4c6a22e8ac36e1d746361_redline_6213202228.docx,tracking_without_comments/pdf/8d074dbf32_9d9a8c7a44e6936f611d8ee060f98bbc01dbe0205235d507__vs__853563f59b_805fc2a77dc40868ccc7a00204e4c6a22e8ac36e1d746361_redline_6213202228.pdf,tracking_without_comments,6213202228,redlines_en_500
ed54f530fd_5ca225a29b58bc6c7c1f7319480272dd123c15ed8f6152dd__vs__562ab63668_c32d7d404d41ffad48b82d7fd645b0c880c31055a8e58510_redline_62992fde4e,clean/docx/ed54f530fd_5ca225a29b58bc6c7c1f7319480272dd123c15ed8f6152dd,clean/docx/562ab63668_c32d7d404d41ffad48b82d7fd645b0c880c31055a8e58510,tracking_without_comments/docx/ed54f530fd_5ca225a29b58bc6c7c1f7319480272dd123c15ed8f6152dd__vs__562ab63668_c32d7d404d41ffad48b82d7fd645b0c880c31055a8e58510_redline_62992fde4e.docx,tracking_without_comments/pdf/ed54f530fd_5ca225a29b58bc6c7c1f7319480272dd123c15ed8f6152dd__vs__562ab63668_c32d7d404d41ffad48b82d7fd645b0c880c31055a8e58510_redline_62992fde4e.pdf,tracking_without_comments,62992fde4e,redlines_en_500
de8054b3bc_super_editor__image_p_spacing_9b211fd7__vs__420a528aa0_super_editor__instrtext_angled_brackets_bug_ed56_redline_639d40ef20,clean/docx/de8054b3bc_super_editor__image_p_spacing_9b211fd7,clean/docx/420a528aa0_super_editor__instrtext_angled_brackets_bug_ed56,tracking_without_comments/docx/de8054b3bc_super_editor__image_p_spacing_9b211fd7__vs__420a528aa0_super_editor__instrtext_angled_brackets_bug_ed56_redline_639d40ef20.docx,tracking_without_comments/pdf/de8054b3bc_super_editor__image_p_spacing_9b211fd7__vs__420a528aa0_super_editor__instrtext_angled_brackets_bug_ed56_redline_639d40ef20.pdf,tracking_without_comments,639d40ef20,word_redlines_superdoc_0926
32997dd3c9_potpourritest__vs__8cd252fa94_product_roadmap_2026_suggesting_insertions_redline_6427e840c3,tracking_without_comments/docx/32997dd3c9_potpourritest,tracking_without_comments/docx/8cd252fa94_product_roadmap_2026_suggesting_insertions,tracking_without_comments/docx/32997dd3c9_potpourritest__vs__8cd252fa94_product_roadmap_2026_suggesting_insertions_redline_6427e840c3.docx,tracking_without_comments/pdf/32997dd3c9_potpourritest__vs__8cd252fa94_product_roadmap_2026_suggesting_insertions_redline_6427e840c3.pdf,tracking_without_comments,6427e840c3,nocomments
db6a0b6f7a_7a2b4cfb614044966a2ecec65892fac70d6edfab784e7138__vs__b6ba6a6fcf_7eb842c8b5bd1e2a6a3f0cf79b76c74f77da2897a7cb7add_redline_64fdc8895b,clean/docx/db6a0b6f7a_7a2b4cfb614044966a2ecec65892fac70d6edfab784e7138,clean/docx/b6ba6a6fcf_7eb842c8b5bd1e2a6a3f0cf79b76c74f77da2897a7cb7add,tracking_without_comments/docx/db6a0b6f7a_7a2b4cfb614044966a2ecec65892fac70d6edfab784e7138__vs__b6ba6a6fcf_7eb842c8b5bd1e2a6a3f0cf79b76c74f77da2897a7cb7add_redline_64fdc8895b.docx,tracking_without_comments/pdf/db6a0b6f7a_7a2b4cfb614044966a2ecec65892fac70d6edfab784e7138__vs__b6ba6a6fcf_7eb842c8b5bd1e2a6a3f0cf79b76c74f77da2897a7cb7add_redline_64fdc8895b.pdf,tracking_without_comments,64fdc8895b,redlines_en_500
c0723c2916_file_99__vs__8b45820aa8_file_100_redline_65c3d7a7a9,clean/docx/c0723c2916_file_99,tracking_without_comments/docx/8b45820aa8_file_100,tracking_without_comments/docx/c0723c2916_file_99__vs__8b45820aa8_file_100_redline_65c3d7a7a9.docx,tracking_without_comments/pdf/c0723c2916_file_99__vs__8b45820aa8_file_100_redline_65c3d7a7a9.pdf,tracking_without_comments,65c3d7a7a9,nocomments_randomized
ab859711f4_super_editor__custom_list_numbering1_7eb9fda4__vs__0e08fd6d80_super_editor__diff_before19_97e0f4e6_redline_66508bbead,clean/docx/ab859711f4_super_editor__custom_list_numbering1_7eb9fda4,clean/docx/0e08fd6d80_super_editor__diff_before19_97e0f4e6,tracking_without_comments/docx/ab859711f4_super_editor__custom_list_numbering1_7eb9fda4__vs__0e08fd6d80_super_editor__diff_before19_97e0f4e6_redline_66508bbead.docx,tracking_without_comments/pdf/ab859711f4_super_editor__custom_list_numbering1_7eb9fda4__vs__0e08fd6d80_super_editor__diff_before19_97e0f4e6_redline_66508bbead.pdf,tracking_without_comments,66508bbead,word_redlines_superdoc_0926
22a2f86b88_7355234eced26f58daf9077059337af05aed9f0530d9774b__vs__44ca53d5d4_b0b59d4a8d62a7517b810cd8838a68e626cd804be28ef10b_redline_670c56bd07,clean/docx/22a2f86b88_7355234eced26f58daf9077059337af05aed9f0530d9774b,clean/docx/44ca53d5d4_b0b59d4a8d62a7517b810cd8838a68e626cd804be28ef10b,tracking_without_comments/docx/22a2f86b88_7355234eced26f58daf9077059337af05aed9f0530d9774b__vs__44ca53d5d4_b0b59d4a8d62a7517b810cd8838a68e626cd804be28ef10b_redline_670c56bd07.docx,tracking_without_comments/pdf/22a2f86b88_7355234eced26f58daf9077059337af05aed9f0530d9774b__vs__44ca53d5d4_b0b59d4a8d62a7517b810cd8838a68e626cd804be28ef10b_redline_670c56bd07.pdf,tracking_without_comments,670c56bd07,redlines_en_500
12941c2a77_0023298b011b45232675215822f0f728678a238756d763c8__vs__a5f2b9318d_002aa60c2ae1187417b4b157c5ec6450324cc056ec551a12_redline_683f442a28,clean/docx/12941c2a77_0023298b011b45232675215822f0f728678a238756d763c8,clean/docx/a5f2b9318d_002aa60c2ae1187417b4b157c5ec6450324cc056ec551a12,tracking_without_comments/docx/12941c2a77_0023298b011b45232675215822f0f728678a238756d763c8__vs__a5f2b9318d_002aa60c2ae1187417b4b157c5ec6450324cc056ec551a12_redline_683f442a28.docx,tracking_without_comments/pdf/12941c2a77_0023298b011b45232675215822f0f728678a238756d763c8__vs__a5f2b9318d_002aa60c2ae1187417b4b157c5ec6450324cc056ec551a12_redline_683f442a28.pdf,tracking_without_comments,683f442a28,redlines_a100_b10
f3627c3358_647bbcfb5983dbb22eec3b8e052f418bcfc1a5e5b81cbcb8__vs__50c0ec7ce2_e232c5055caabe5cc2b06c062fb99b3b68d7facf0101066a_redline_6926d6b8fd,clean/docx/f3627c3358_647bbcfb5983dbb22eec3b8e052f418bcfc1a5e5b81cbcb8,clean/docx/50c0ec7ce2_e232c5055caabe5cc2b06c062fb99b3b68d7facf0101066a,tracking_without_comments/docx/f3627c3358_647bbcfb5983dbb22eec3b8e052f418bcfc1a5e5b81cbcb8__vs__50c0ec7ce2_e232c5055caabe5cc2b06c062fb99b3b68d7facf0101066a_redline_6926d6b8fd.docx,tracking_without_comments/pdf/f3627c3358_647bbcfb5983dbb22eec3b8e052f418bcfc1a5e5b81cbcb8__vs__50c0ec7ce2_e232c5055caabe5cc2b06c062fb99b3b68d7facf0101066a_redline_6926d6b8fd.pdf,tracking_without_comments,6926d6b8fd,redlines_en_500
26ccb443f6_file_11__vs__799980e6af_file_12_redline_69e44ac125,clean/docx/26ccb443f6_file_11,with_comments_clean/docx/799980e6af_file_12,with_comments_tracking/docx/26ccb443f6_file_11__vs__799980e6af_file_12_redline_69e44ac125.docx,with_comments_tracking/pdf/26ccb443f6_file_11__vs__799980e6af_file_12_redline_69e44ac125.pdf,with_comments_tracking,69e44ac125,word_based_randomized
8545b37ca3_open_sans_font_demo_id_paraid_overflow__vs__0dc1cffa18_multi_section_redline_6a6843005a,clean/docx/8545b37ca3_open_sans_font_demo_id_paraid_overflow,clean/docx/0dc1cffa18_multi_section,tracking_without_comments/docx/8545b37ca3_open_sans_font_demo_id_paraid_overflow__vs__0dc1cffa18_multi_section_redline_6a6843005a.docx,tracking_without_comments/pdf/8545b37ca3_open_sans_font_demo_id_paraid_overflow__vs__0dc1cffa18_multi_section_redline_6a6843005a.pdf,tracking_without_comments,6a6843005a,nocomments
76a40d9ffd_000e618d79bf03ff1783da81e6c34b7ad651896dd56e75a4__vs__1424386e9b_017447de83753a0e3b7afc659df038ef56972925336c6a5b_redline_6b5acce072,clean/docx/76a40d9ffd_000e618d79bf03ff1783da81e6c34b7ad651896dd56e75a4,clean/docx/1424386e9b_017447de83753a0e3b7afc659df038ef56972925336c6a5b,tracking_without_comments/docx/76a40d9ffd_000e618d79bf03ff1783da81e6c34b7ad651896dd56e75a4__vs__1424386e9b_017447de83753a0e3b7afc659df038ef56972925336c6a5b_redline_6b5acce072.docx,tracking_without_comments/pdf/76a40d9ffd_000e618d79bf03ff1783da81e6c34b7ad651896dd56e75a4__vs__1424386e9b_017447de83753a0e3b7afc659df038ef56972925336c6a5b_redline_6b5acce072.pdf,tracking_without_comments,6b5acce072,redlines_a100_b10
e33b9d6f5c_file_150__vs__78338ff080_file_151_redline_6b8b7bf9cb,tracking_without_comments/docx/e33b9d6f5c_file_150,clean/docx/78338ff080_file_151,tracking_without_comments/docx/e33b9d6f5c_file_150__vs__78338ff080_file_151_redline_6b8b7bf9cb.docx,tracking_without_comments/pdf/e33b9d6f5c_file_150__vs__78338ff080_file_151_redline_6b8b7bf9cb.pdf,tracking_without_comments,6b8b7bf9cb,nocomments_randomized
74fd0e410c_d8dbb34782b336d6174cb6331aedb4df0c71c254528fa3af__vs__91b413669c_d648eeed49779dcbe5c513642114cc3711d7056bb1d186d1_redline_6be28b28eb,clean/docx/74fd0e410c_d8dbb34782b336d6174cb6331aedb4df0c71c254528fa3af,clean/docx/91b413669c_d648eeed49779dcbe5c513642114cc3711d7056bb1d186d1,tracking_without_comments/docx/74fd0e410c_d8dbb34782b336d6174cb6331aedb4df0c71c254528fa3af__vs__91b413669c_d648eeed49779dcbe5c513642114cc3711d7056bb1d186d1_redline_6be28b28eb.docx,tracking_without_comments/pdf/74fd0e410c_d8dbb34782b336d6174cb6331aedb4df0c71c254528fa3af__vs__91b413669c_d648eeed49779dcbe5c513642114cc3711d7056bb1d186d1_redline_6be28b28eb.pdf,tracking_without_comments,6be28b28eb,redlines_en_500
4ed1b6d133_0020e4099d611a050ed83fb7e0b16d6f48200018bbb1e757__vs__342f364d46_001342333d45627868f4dc5282abbba4598a91b4a7584b08_redline_6d0354470e,clean/docx/4ed1b6d133_0020e4099d611a050ed83fb7e0b16d6f48200018bbb1e757,clean/docx/342f364d46_001342333d45627868f4dc5282abbba4598a91b4a7584b08,tracking_without_comments/docx/4ed1b6d133_0020e4099d611a050ed83fb7e0b16d6f48200018bbb1e757__vs__342f364d46_001342333d45627868f4dc5282abbba4598a91b4a7584b08_redline_6d0354470e.docx,tracking_without_comments/pdf/4ed1b6d133_0020e4099d611a050ed83fb7e0b16d6f48200018bbb1e757__vs__342f364d46_001342333d45627868f4dc5282abbba4598a91b4a7584b08_redline_6d0354470e.pdf,tracking_without_comments,6d0354470e,redlines_a100_b10
f0f90aa0cf_981631a715108df2a9c75275cd04a5fc2495ce3ad604790b__vs__e0ada445ca_4f48d962d05d1fca7e32a424ff8e815c01637102694d57df_redline_6ddf25f1b8,clean/docx/f0f90aa0cf_981631a715108df2a9c75275cd04a5fc2495ce3ad604790b,clean/docx/e0ada445ca_4f48d962d05d1fca7e32a424ff8e815c01637102694d57df,tracking_without_comments/docx/f0f90aa0cf_981631a715108df2a9c75275cd04a5fc2495ce3ad604790b__vs__e0ada445ca_4f48d962d05d1fca7e32a424ff8e815c01637102694d57df_redline_6ddf25f1b8.docx,tracking_without_comments/pdf/f0f90aa0cf_981631a715108df2a9c75275cd04a5fc2495ce3ad604790b__vs__e0ada445ca_4f48d962d05d1fca7e32a424ff8e815c01637102694d57df_redline_6ddf25f1b8.pdf,tracking_without_comments,6ddf25f1b8,redlines_en_500
e8d333644e_employee_directory_table_2__vs__8eef85ebbd_employee_directory_table_redline_6eb86c50f8,clean/docx/e8d333644e_employee_directory_table_2,clean/docx/8eef85ebbd_employee_directory_table,tracking_without_comments/docx/e8d333644e_employee_directory_table_2__vs__8eef85ebbd_employee_directory_table_redline_6eb86c50f8.docx,tracking_without_comments/pdf/e8d333644e_employee_directory_table_2__vs__8eef85ebbd_employee_directory_table_redline_6eb86c50f8.pdf,tracking_without_comments,6eb86c50f8,nocomments
63f2ae8323_00d7e931786f09113a59daafeb4c51113fbd97f3f09d93c2__vs__342f364d46_001342333d45627868f4dc5282abbba4598a91b4a7584b08_redline_6f561090f4,clean/docx/63f2ae8323_00d7e931786f09113a59daafeb4c51113fbd97f3f09d93c2,clean/docx/342f364d46_001342333d45627868f4dc5282abbba4598a91b4a7584b08,tracking_without_comments/docx/63f2ae8323_00d7e931786f09113a59daafeb4c51113fbd97f3f09d93c2__vs__342f364d46_001342333d45627868f4dc5282abbba4598a91b4a7584b08_redline_6f561090f4.docx,tracking_without_comments/pdf/63f2ae8323_00d7e931786f09113a59daafeb4c51113fbd97f3f09d93c2__vs__342f364d46_001342333d45627868f4dc5282abbba4598a91b4a7584b08_redline_6f561090f4.pdf,tracking_without_comments,6f561090f4,redlines_a100_b10
b8783e46c5_file_6__vs__84617b8b4d_file_7_redline_703530e684,tracking_without_comments/docx/b8783e46c5_file_6,clean/docx/84617b8b4d_file_7,tracking_without_comments/docx/b8783e46c5_file_6__vs__84617b8b4d_file_7_redline_703530e684.docx,tracking_without_comments/pdf/b8783e46c5_file_6__vs__84617b8b4d_file_7_redline_703530e684.pdf,tracking_without_comments,703530e684,nocomments_randomized
dc66d763bc_fec394f21f9976317331f424bc24fa626c64ef3eae731937__vs__7356457460_f71434771e5404921d041fe82138aad9b59627f3e83d1057_redline_70c30e926c,clean/docx/dc66d763bc_fec394f21f9976317331f424bc24fa626c64ef3eae731937,clean/docx/7356457460_f71434771e5404921d041fe82138aad9b59627f3e83d1057,tracking_without_comments/docx/dc66d763bc_fec394f21f9976317331f424bc24fa626c64ef3eae731937__vs__7356457460_f71434771e5404921d041fe82138aad9b59627f3e83d1057_redline_70c30e926c.docx,tracking_without_comments/pdf/dc66d763bc_fec394f21f9976317331f424bc24fa626c64ef3eae731937__vs__7356457460_f71434771e5404921d041fe82138aad9b59627f3e83d1057_redline_70c30e926c.pdf,tracking_without_comments,70c30e926c,redlines_en_500
dabf50d5d5_0071cf0910cc71fed86712d86afe96a45cf5c937af9aa006__vs__a5f2b9318d_002aa60c2ae1187417b4b157c5ec6450324cc056ec551a12_redline_712a7baac9,clean/docx/dabf50d5d5_0071cf0910cc71fed86712d86afe96a45cf5c937af9aa006,clean/docx/a5f2b9318d_002aa60c2ae1187417b4b157c5ec6450324cc056ec551a12,tracking_without_comments/docx/dabf50d5d5_0071cf0910cc71fed86712d86afe96a45cf5c937af9aa006__vs__a5f2b9318d_002aa60c2ae1187417b4b157c5ec6450324cc056ec551a12_redline_712a7baac9.docx,tracking_without_comments/pdf/dabf50d5d5_0071cf0910cc71fed86712d86afe96a45cf5c937af9aa006__vs__a5f2b9318d_002aa60c2ae1187417b4b157c5ec6450324cc056ec551a12_redline_712a7baac9.pdf,tracking_without_comments,712a7baac9,redlines_a100_b10
87dc2ebfec_00ee07057c69b24e2be4bf1a2684792bf6141fdccc35d075__vs__333bfe069a_003416d620331122b93b434dad901db5836f60d2cad4b533_redline_7252aa05ca,clean/docx/87dc2ebfec_00ee07057c69b24e2be4bf1a2684792bf6141fdccc35d075,clean/docx/333bfe069a_003416d620331122b93b434dad901db5836f60d2cad4b533,tracking_without_comments/docx/87dc2ebfec_00ee07057c69b24e2be4bf1a2684792bf6141fdccc35d075__vs__333bfe069a_003416d620331122b93b434dad901db5836f60d2cad4b533_redline_7252aa05ca.docx,tracking_without_comments/pdf/87dc2ebfec_00ee07057c69b24e2be4bf1a2684792bf6141fdccc35d075__vs__333bfe069a_003416d620331122b93b434dad901db5836f60d2cad4b533_redline_7252aa05ca.pdf,tracking_without_comments,7252aa05ca,redlines_a100_b10
1b9445becb_000516b844a100814a91ff4628bfc37fed6090074bfa22e1__vs__2773adf157_0004c94ca2a8684d47449bb0e7abf87de1df71a7e6543252_redline_73105518ef,clean/docx/1b9445becb_000516b844a100814a91ff4628bfc37fed6090074bfa22e1,clean/docx/2773adf157_0004c94ca2a8684d47449bb0e7abf87de1df71a7e6543252,tracking_without_comments/docx/1b9445becb_000516b844a100814a91ff4628bfc37fed6090074bfa22e1__vs__2773adf157_0004c94ca2a8684d47449bb0e7abf87de1df71a7e6543252_redline_73105518ef.docx,tracking_without_comments/pdf/1b9445becb_000516b844a100814a91ff4628bfc37fed6090074bfa22e1__vs__2773adf157_0004c94ca2a8684d47449bb0e7abf87de1df71a7e6543252_redline_73105518ef.pdf,tracking_without_comments,73105518ef,redlines_a100_b10
7962b06671_super_editor__bookmark_use_cases_d20f31f6__vs__563331c6f3_super_editor__broken_complex_list_293fda86_redline_73cb7fa90e,clean/docx/7962b06671_super_editor__bookmark_use_cases_d20f31f6,clean/docx/563331c6f3_super_editor__broken_complex_list_293fda86,tracking_without_comments/docx/7962b06671_super_editor__bookmark_use_cases_d20f31f6__vs__563331c6f3_super_editor__broken_complex_list_293fda86_redline_73cb7fa90e.docx,tracking_without_comments/pdf/7962b06671_super_editor__bookmark_use_cases_d20f31f6__vs__563331c6f3_super_editor__broken_complex_list_293fda86_redline_73cb7fa90e.pdf,tracking_without_comments,73cb7fa90e,word_redlines_superdoc
f94aeed5f5_001f4e98e9744f89b6f26b3741cb6439f8131bf89659230e__vs__a5f2b9318d_002aa60c2ae1187417b4b157c5ec6450324cc056ec551a12_redline_751b38201f,clean/docx/f94aeed5f5_001f4e98e9744f89b6f26b3741cb6439f8131bf89659230e,clean/docx/a5f2b9318d_002aa60c2ae1187417b4b157c5ec6450324cc056ec551a12,tracking_without_comments/docx/f94aeed5f5_001f4e98e9744f89b6f26b3741cb6439f8131bf89659230e__vs__a5f2b9318d_002aa60c2ae1187417b4b157c5ec6450324cc056ec551a12_redline_751b38201f.docx,tracking_without_comments/pdf/f94aeed5f5_001f4e98e9744f89b6f26b3741cb6439f8131bf89659230e__vs__a5f2b9318d_002aa60c2ae1187417b4b157c5ec6450324cc056ec551a12_redline_751b38201f.pdf,tracking_without_comments,751b38201f,redlines_a100_b10
2bab05c754_ffd49b5063e67046c9f153c47db6c135f5fa608059fbaeed__vs__12e5df2f0d_fb5fecf276864b845bd126cac8f38b15d057528102703f2f_redline_762d8c58c6,clean/docx/2bab05c754_ffd49b5063e67046c9f153c47db6c135f5fa608059fbaeed,clean/docx/12e5df2f0d_fb5fecf276864b845bd126cac8f38b15d057528102703f2f,tracking_without_comments/docx/2bab05c754_ffd49b5063e67046c9f153c47db6c135f5fa608059fbaeed__vs__12e5df2f0d_fb5fecf276864b845bd126cac8f38b15d057528102703f2f_redline_762d8c58c6.docx,tracking_without_comments/pdf/2bab05c754_ffd49b5063e67046c9f153c47db6c135f5fa608059fbaeed__vs__12e5df2f0d_fb5fecf276864b845bd126cac8f38b15d057528102703f2f_redline_762d8c58c6.pdf,tracking_without_comments,762d8c58c6,redlines_en_500
98f10d216a_78fb2518812ee75abb3e28605e76a2adcbab31e836b82136__vs__5d8d46dc14_773769cc16a6284c23b8eca4576bc7899f75ff2f874181fb_redline_76b9eb4925,clean/docx/98f10d216a_78fb2518812ee75abb3e28605e76a2adcbab31e836b82136,clean/docx/5d8d46dc14_773769cc16a6284c23b8eca4576bc7899f75ff2f874181fb,tracking_without_comments/docx/98f10d216a_78fb2518812ee75abb3e28605e76a2adcbab31e836b82136__vs__5d8d46dc14_773769cc16a6284c23b8eca4576bc7899f75ff2f874181fb_redline_76b9eb4925.docx,tracking_without_comments/pdf/98f10d216a_78fb2518812ee75abb3e28605e76a2adcbab31e836b82136__vs__5d8d46dc14_773769cc16a6284c23b8eca4576bc7899f75ff2f874181fb_redline_76b9eb4925.pdf,tracking_without_comments,76b9eb4925,redlines_en_500
4f1b13334b_0002768ad2e3174d9c557d30d4a7a8d70ae4062e52383747__vs__bd3824dd1e_000ee64ef7226d353297888f59a251e24ce5d776fea000fa_redline_77a403d02f,clean/docx/4f1b13334b_0002768ad2e3174d9c557d30d4a7a8d70ae4062e52383747,clean/docx/bd3824dd1e_000ee64ef7226d353297888f59a251e24ce5d776fea000fa,tracking_without_comments/docx/4f1b13334b_0002768ad2e3174d9c557d30d4a7a8d70ae4062e52383747__vs__bd3824dd1e_000ee64ef7226d353297888f59a251e24ce5d776fea000fa_redline_77a403d02f.docx,tracking_without_comments/pdf/4f1b13334b_0002768ad2e3174d9c557d30d4a7a8d70ae4062e52383747__vs__bd3824dd1e_000ee64ef7226d353297888f59a251e24ce5d776fea000fa_redline_77a403d02f.pdf,tracking_without_comments,77a403d02f,redlines_a100_b10
04dafefc52_00048cb6667d721bdb2219ecbadb6eb369e439c130ac475e__vs__342f364d46_001342333d45627868f4dc5282abbba4598a91b4a7584b08_redline_7876988ef8,clean/docx/04dafefc52_00048cb6667d721bdb2219ecbadb6eb369e439c130ac475e,clean/docx/342f364d46_001342333d45627868f4dc5282abbba4598a91b4a7584b08,tracking_without_comments/docx/04dafefc52_00048cb6667d721bdb2219ecbadb6eb369e439c130ac475e__vs__342f364d46_001342333d45627868f4dc5282abbba4598a91b4a7584b08_redline_7876988ef8.docx,tracking_without_comments/pdf/04dafefc52_00048cb6667d721bdb2219ecbadb6eb369e439c130ac475e__vs__342f364d46_001342333d45627868f4dc5282abbba4598a91b4a7584b08_redline_7876988ef8.pdf,tracking_without_comments,7876988ef8,redlines_a100_b10
2313043a89_b0a82313e8665ba3ac7344d945f3b88054d5c8abe6de4127__vs__d94eefc40b_ab77622c775f9025ebaabff2e7eeb7979b1d42f676e64ab1_redline_791ca61933,clean/docx/2313043a89_b0a82313e8665ba3ac7344d945f3b88054d5c8abe6de4127,clean/docx/d94eefc40b_ab77622c775f9025ebaabff2e7eeb7979b1d42f676e64ab1,tracking_without_comments/docx/2313043a89_b0a82313e8665ba3ac7344d945f3b88054d5c8abe6de4127__vs__d94eefc40b_ab77622c775f9025ebaabff2e7eeb7979b1d42f676e64ab1_redline_791ca61933.docx,tracking_without_comments/pdf/2313043a89_b0a82313e8665ba3ac7344d945f3b88054d5c8abe6de4127__vs__d94eefc40b_ab77622c775f9025ebaabff2e7eeb7979b1d42f676e64ab1_redline_791ca61933.pdf,tracking_without_comments,791ca61933,redlines_en_500
531cf3d312_00ce789bc3226c2a68967cc29792927c80b7f55d9b5267ad__vs__333bfe069a_003416d620331122b93b434dad901db5836f60d2cad4b533_redline_7a88634b0d,clean/docx/531cf3d312_00ce789bc3226c2a68967cc29792927c80b7f55d9b5267ad,clean/docx/333bfe069a_003416d620331122b93b434dad901db5836f60d2cad4b533,tracking_without_comments/docx/531cf3d312_00ce789bc3226c2a68967cc29792927c80b7f55d9b5267ad__vs__333bfe069a_003416d620331122b93b434dad901db5836f60d2cad4b533_redline_7a88634b0d.docx,tracking_without_comments/pdf/531cf3d312_00ce789bc3226c2a68967cc29792927c80b7f55d9b5267ad__vs__333bfe069a_003416d620331122b93b434dad901db5836f60d2cad4b533_redline_7a88634b0d.pdf,tracking_without_comments,7a88634b0d,redlines_a100_b10
109f20a2b3_5aff5b9fa9df9f4c52007fb46cc9d8ce262e481d4cd42cde__vs__9e0fe37bd3_c5ddb65c304e51ee1968486ee5967cce78db93eece4177fe_redline_7b1b3baaba,clean/docx/109f20a2b3_5aff5b9fa9df9f4c52007fb46cc9d8ce262e481d4cd42cde,clean/docx/9e0fe37bd3_c5ddb65c304e51ee1968486ee5967cce78db93eece4177fe,tracking_without_comments/docx/109f20a2b3_5aff5b9fa9df9f4c52007fb46cc9d8ce262e481d4cd42cde__vs__9e0fe37bd3_c5ddb65c304e51ee1968486ee5967cce78db93eece4177fe_redline_7b1b3baaba.docx,tracking_without_comments/pdf/109f20a2b3_5aff5b9fa9df9f4c52007fb46cc9d8ce262e481d4cd42cde__vs__9e0fe37bd3_c5ddb65c304e51ee1968486ee5967cce78db93eece4177fe_redline_7b1b3baaba.pdf,tracking_without_comments,7b1b3baaba,redlines_en_500
5d185fb0dd_006ab612b3ae2e0b1915746c660d9ea64842d89c434e0a09__vs__a5f2b9318d_002aa60c2ae1187417b4b157c5ec6450324cc056ec551a12_redline_7cab2d33e9,clean/docx/5d185fb0dd_006ab612b3ae2e0b1915746c660d9ea64842d89c434e0a09,clean/docx/a5f2b9318d_002aa60c2ae1187417b4b157c5ec6450324cc056ec551a12,tracking_without_comments/docx/5d185fb0dd_006ab612b3ae2e0b1915746c660d9ea64842d89c434e0a09__vs__a5f2b9318d_002aa60c2ae1187417b4b157c5ec6450324cc056ec551a12_redline_7cab2d33e9.docx,tracking_without_comments/pdf/5d185fb0dd_006ab612b3ae2e0b1915746c660d9ea64842d89c434e0a09__vs__a5f2b9318d_002aa60c2ae1187417b4b157c5ec6450324cc056ec551a12_redline_7cab2d33e9.pdf,tracking_without_comments,7cab2d33e9,redlines_a100_b10
cc5f989c56_0090ba7896cba5f43500e77e151ddab12f16b20e3ddf5822__vs__a5f2b9318d_002aa60c2ae1187417b4b157c5ec6450324cc056ec551a12_redline_7dc048a022,clean/docx/cc5f989c56_0090ba7896cba5f43500e77e151ddab12f16b20e3ddf5822,clean/docx/a5f2b9318d_002aa60c2ae1187417b4b157c5ec6450324cc056ec551a12,tracking_without_comments/docx/cc5f989c56_0090ba7896cba5f43500e77e151ddab12f16b20e3ddf5822__vs__a5f2b9318d_002aa60c2ae1187417b4b157c5ec6450324cc056ec551a12_redline_7dc048a022.docx,tracking_without_comments/pdf/cc5f989c56_0090ba7896cba5f43500e77e151ddab12f16b20e3ddf5822__vs__a5f2b9318d_002aa60c2ae1187417b4b157c5ec6450324cc056ec551a12_redline_7dc048a022.pdf,tracking_without_comments,7dc048a022,redlines_a100_b10
dabf50d5d5_0071cf0910cc71fed86712d86afe96a45cf5c937af9aa006__vs__2e04202552_000e3e7bd2d6215fc7b469cc3e296c1b2a510bc1abc7e0fd_redline_7ebe43c5c3,clean/docx/dabf50d5d5_0071cf0910cc71fed86712d86afe96a45cf5c937af9aa006,clean/docx/2e04202552_000e3e7bd2d6215fc7b469cc3e296c1b2a510bc1abc7e0fd,tracking_without_comments/docx/dabf50d5d5_0071cf0910cc71fed86712d86afe96a45cf5c937af9aa006__vs__2e04202552_000e3e7bd2d6215fc7b469cc3e296c1b2a510bc1abc7e0fd_redline_7ebe43c5c3.docx,tracking_without_comments/pdf/dabf50d5d5_0071cf0910cc71fed86712d86afe96a45cf5c937af9aa006__vs__2e04202552_000e3e7bd2d6215fc7b469cc3e296c1b2a510bc1abc7e0fd_redline_7ebe43c5c3.pdf,tracking_without_comments,7ebe43c5c3,redlines_a100_b10
fc5d9fecb7_00028d824d5d2262bc6e30692308cd1b577ac1dff228970d__vs__333bfe069a_003416d620331122b93b434dad901db5836f60d2cad4b533_redline_7f450b2b12,clean/docx/fc5d9fecb7_00028d824d5d2262bc6e30692308cd1b577ac1dff228970d,clean/docx/333bfe069a_003416d620331122b93b434dad901db5836f60d2cad4b533,tracking_without_comments/docx/fc5d9fecb7_00028d824d5d2262bc6e30692308cd1b577ac1dff228970d__vs__333bfe069a_003416d620331122b93b434dad901db5836f60d2cad4b533_redline_7f450b2b12.docx,tracking_without_comments/pdf/fc5d9fecb7_00028d824d5d2262bc6e30692308cd1b577ac1dff228970d__vs__333bfe069a_003416d620331122b93b434dad901db5836f60d2cad4b533_redline_7f450b2b12.pdf,tracking_without_comments,7f450b2b12,redlines_a100_b10
52220b20c3_00a54bff7e15af78fe7cfc20219c28cb208fde807bd28d44__vs__bd3824dd1e_000ee64ef7226d353297888f59a251e24ce5d776fea000fa_redline_8018df6bdf,clean/docx/52220b20c3_00a54bff7e15af78fe7cfc20219c28cb208fde807bd28d44,clean/docx/bd3824dd1e_000ee64ef7226d353297888f59a251e24ce5d776fea000fa,tracking_without_comments/docx/52220b20c3_00a54bff7e15af78fe7cfc20219c28cb208fde807bd28d44__vs__bd3824dd1e_000ee64ef7226d353297888f59a251e24ce5d776fea000fa_redline_8018df6bdf.docx,tracking_without_comments/pdf/52220b20c3_00a54bff7e15af78fe7cfc20219c28cb208fde807bd28d44__vs__bd3824dd1e_000ee64ef7226d353297888f59a251e24ce5d776fea000fa_redline_8018df6bdf.pdf,tracking_without_comments,8018df6bdf,redlines_a100_b10
a0e6a09304_super_editor__diff_after11_1d5b767f__vs__e844ea2053_evals__table_doc_4d728d83_redline_80e8acff6a,with_comments_tracking/docx/a0e6a09304_super_editor__diff_after11_1d5b767f,clean/docx/e844ea2053_evals__table_doc_4d728d83,with_comments_tracking/docx/a0e6a09304_super_editor__diff_after11_1d5b767f__vs__e844ea2053_evals__table_doc_4d728d83_redline_80e8acff6a.docx,with_comments_tracking/pdf/a0e6a09304_super_editor__diff_after11_1d5b767f__vs__e844ea2053_evals__table_doc_4d728d83_redline_80e8acff6a.pdf,with_comments_tracking,80e8acff6a,word_redlines_superdoc
f1746514c4_db20a8e42bee45edc34c26571be6554ec377a38c56c51480__vs__0ecfaa1c19_2bd9981b3dd6ccd510a8942577ca3089f861f02f32c3200a_redline_81ecf9d6d2,clean/docx/f1746514c4_db20a8e42bee45edc34c26571be6554ec377a38c56c51480,clean/docx/0ecfaa1c19_2bd9981b3dd6ccd510a8942577ca3089f861f02f32c3200a,tracking_without_comments/docx/f1746514c4_db20a8e42bee45edc34c26571be6554ec377a38c56c51480__vs__0ecfaa1c19_2bd9981b3dd6ccd510a8942577ca3089f861f02f32c3200a_redline_81ecf9d6d2.docx,tracking_without_comments/pdf/f1746514c4_db20a8e42bee45edc34c26571be6554ec377a38c56c51480__vs__0ecfaa1c19_2bd9981b3dd6ccd510a8942577ca3089f861f02f32c3200a_redline_81ecf9d6d2.pdf,tracking_without_comments,81ecf9d6d2,redlines_en_500
8c67bcfe65_d41a99929b13b393a913649f7b39e9df2a6aa4878230cf7e__vs__49fe5bd42a_f50f63dd4889ab0b190ef8a18dfa6b8eb308ab352f519bf4_redline_8287241b7c,clean/docx/8c67bcfe65_d41a99929b13b393a913649f7b39e9df2a6aa4878230cf7e,clean/docx/49fe5bd42a_f50f63dd4889ab0b190ef8a18dfa6b8eb308ab352f519bf4,tracking_without_comments/docx/8c67bcfe65_d41a99929b13b393a913649f7b39e9df2a6aa4878230cf7e__vs__49fe5bd42a_f50f63dd4889ab0b190ef8a18dfa6b8eb308ab352f519bf4_redline_8287241b7c.docx,tracking_without_comments/pdf/8c67bcfe65_d41a99929b13b393a913649f7b39e9df2a6aa4878230cf7e__vs__49fe5bd42a_f50f63dd4889ab0b190ef8a18dfa6b8eb308ab352f519bf4_redline_8287241b7c.pdf,tracking_without_comments,8287241b7c,redlines_en_500
a0f5f78de9_a22b2e62cb7a2ff65e40ac609f4093ae950cb6e346e82f45__vs__082d9aa8f2_78a0884f59673c9880c3e5e1b556be7401a73e25b0af4358_redline_834a4b8d15,clean/docx/a0f5f78de9_a22b2e62cb7a2ff65e40ac609f4093ae950cb6e346e82f45,clean/docx/082d9aa8f2_78a0884f59673c9880c3e5e1b556be7401a73e25b0af4358,tracking_without_comments/docx/a0f5f78de9_a22b2e62cb7a2ff65e40ac609f4093ae950cb6e346e82f45__vs__082d9aa8f2_78a0884f59673c9880c3e5e1b556be7401a73e25b0af4358_redline_834a4b8d15.docx,tracking_without_comments/pdf/a0f5f78de9_a22b2e62cb7a2ff65e40ac609f4093ae950cb6e346e82f45__vs__082d9aa8f2_78a0884f59673c9880c3e5e1b556be7401a73e25b0af4358_redline_834a4b8d15.pdf,tracking_without_comments,834a4b8d15,redlines_en_500
7e405bc8f2_font_size_12_demo_id_paraid_overflow__vs__93e2be10e6_font_size_18_demo_style_default_missing_redline_83b966e72a,clean/docx/7e405bc8f2_font_size_12_demo_id_paraid_overflow,clean/docx/93e2be10e6_font_size_18_demo_style_default_missing,tracking_without_comments/docx/7e405bc8f2_font_size_12_demo_id_paraid_overflow__vs__93e2be10e6_font_size_18_demo_style_default_missing_redline_83b966e72a.docx,tracking_without_comments/pdf/7e405bc8f2_font_size_12_demo_id_paraid_overflow__vs__93e2be10e6_font_size_18_demo_style_default_missing_redline_83b966e72a.pdf,tracking_without_comments,83b966e72a,word_based_0926
6867e05e76_00b0d42bbea3b9bac7bc95466cf416f6c89a8cda62bbf3d7__vs__a5f2b9318d_002aa60c2ae1187417b4b157c5ec6450324cc056ec551a12_redline_8487cca767,clean/docx/6867e05e76_00b0d42bbea3b9bac7bc95466cf416f6c89a8cda62bbf3d7,clean/docx/a5f2b9318d_002aa60c2ae1187417b4b157c5ec6450324cc056ec551a12,tracking_without_comments/docx/6867e05e76_00b0d42bbea3b9bac7bc95466cf416f6c89a8cda62bbf3d7__vs__a5f2b9318d_002aa60c2ae1187417b4b157c5ec6450324cc056ec551a12_redline_8487cca767.docx,tracking_without_comments/pdf/6867e05e76_00b0d42bbea3b9bac7bc95466cf416f6c89a8cda62bbf3d7__vs__a5f2b9318d_002aa60c2ae1187417b4b157c5ec6450324cc056ec551a12_redline_8487cca767.pdf,tracking_without_comments,8487cca767,redlines_a100_b10
19891583af_000f23dc2592a0044f1da2e4f2166c6b41e8fde6a66a1988__vs__1424386e9b_017447de83753a0e3b7afc659df038ef56972925336c6a5b_redline_8514e5d136,clean/docx/19891583af_000f23dc2592a0044f1da2e4f2166c6b41e8fde6a66a1988,clean/docx/1424386e9b_017447de83753a0e3b7afc659df038ef56972925336c6a5b,tracking_without_comments/docx/19891583af_000f23dc2592a0044f1da2e4f2166c6b41e8fde6a66a1988__vs__1424386e9b_017447de83753a0e3b7afc659df038ef56972925336c6a5b_redline_8514e5d136.docx,tracking_without_comments/pdf/19891583af_000f23dc2592a0044f1da2e4f2166c6b41e8fde6a66a1988__vs__1424386e9b_017447de83753a0e3b7afc659df038ef56972925336c6a5b_redline_8514e5d136.pdf,tracking_without_comments,8514e5d136,redlines_a100_b10
ec19540e2c_d6ef382e948b98e757f3fd2067de5daf1a944935d8906ebc__vs__090acc461f_d27134788fec08eea4972a5641b965c0ff2238bfd18e7cfa_redline_859b75527f,clean/docx/ec19540e2c_d6ef382e948b98e757f3fd2067de5daf1a944935d8906ebc,clean/docx/090acc461f_d27134788fec08eea4972a5641b965c0ff2238bfd18e7cfa,tracking_without_comments/docx/ec19540e2c_d6ef382e948b98e757f3fd2067de5daf1a944935d8906ebc__vs__090acc461f_d27134788fec08eea4972a5641b965c0ff2238bfd18e7cfa_redline_859b75527f.docx,tracking_without_comments/pdf/ec19540e2c_d6ef382e948b98e757f3fd2067de5daf1a944935d8906ebc__vs__090acc461f_d27134788fec08eea4972a5641b965c0ff2238bfd18e7cfa_redline_859b75527f.pdf,tracking_without_comments,859b75527f,redlines_en_500
ba54c6632c_super_editor__ooxml_rfonts_rstyle_linked_combos__vs__6ca202588b_super_editor__ooxml_size_rstyle_linked_combos_de_redline_8611642b9b,clean/docx/ba54c6632c_super_editor__ooxml_rfonts_rstyle_linked_combos,clean/docx/6ca202588b_super_editor__ooxml_size_rstyle_linked_combos_de,tracking_without_comments/docx/ba54c6632c_super_editor__ooxml_rfonts_rstyle_linked_combos__vs__6ca202588b_super_editor__ooxml_size_rstyle_linked_combos_de_redline_8611642b9b.docx,tracking_without_comments/pdf/ba54c6632c_super_editor__ooxml_rfonts_rstyle_linked_combos__vs__6ca202588b_super_editor__ooxml_size_rstyle_linked_combos_de_redline_8611642b9b.pdf,tracking_without_comments,8611642b9b,word_redlines_superdoc_0926
ed0aa93b58_file_18__vs__9bf625ba95_file_19_redline_8694636a78,clean/docx/ed0aa93b58_file_18,with_comments_tracking/docx/9bf625ba95_file_19,with_comments_tracking/docx/ed0aa93b58_file_18__vs__9bf625ba95_file_19_redline_8694636a78.docx,with_comments_tracking/pdf/ed0aa93b58_file_18__vs__9bf625ba95_file_19_redline_8694636a78.pdf,with_comments_tracking,8694636a78,word_based_randomized
fc5d9fecb7_00028d824d5d2262bc6e30692308cd1b577ac1dff228970d__vs__5203829c7a_001cc92b88566d5f930fe57f25813c0bf52a7bdc72c217d0_redline_870274e32c,clean/docx/fc5d9fecb7_00028d824d5d2262bc6e30692308cd1b577ac1dff228970d,clean/docx/5203829c7a_001cc92b88566d5f930fe57f25813c0bf52a7bdc72c217d0,tracking_without_comments/docx/fc5d9fecb7_00028d824d5d2262bc6e30692308cd1b577ac1dff228970d__vs__5203829c7a_001cc92b88566d5f930fe57f25813c0bf52a7bdc72c217d0_redline_870274e32c.docx,tracking_without_comments/pdf/fc5d9fecb7_00028d824d5d2262bc6e30692308cd1b577ac1dff228970d__vs__5203829c7a_001cc92b88566d5f930fe57f25813c0bf52a7bdc72c217d0_redline_870274e32c.pdf,tracking_without_comments,870274e32c,redlines_a100_b10
058cd936de_super_editor__image_doc_c7d007ac__vs__de8054b3bc_super_editor__image_p_spacing_9b211fd7_redline_8859b473b1,clean/docx/058cd936de_super_editor__image_doc_c7d007ac,clean/docx/de8054b3bc_super_editor__image_p_spacing_9b211fd7,tracking_without_comments/docx/058cd936de_super_editor__image_doc_c7d007ac__vs__de8054b3bc_super_editor__image_p_spacing_9b211fd7_redline_8859b473b1.docx,tracking_without_comments/pdf/058cd936de_super_editor__image_doc_c7d007ac__vs__de8054b3bc_super_editor__image_p_spacing_9b211fd7_redline_8859b473b1.pdf,tracking_without_comments,8859b473b1,word_redlines_superdoc
3c1e5d4d00_00b540ddc1a1fef3ab9acae5b93ca90e9fcef840e25d53cd__vs__deff0e697a_00b5defcad6e58038eac35472a2d48c89905068e5ece0cc3_redline_899bf9a97e,clean/docx/3c1e5d4d00_00b540ddc1a1fef3ab9acae5b93ca90e9fcef840e25d53cd,clean/docx/deff0e697a_00b5defcad6e58038eac35472a2d48c89905068e5ece0cc3,tracking_without_comments/docx/3c1e5d4d00_00b540ddc1a1fef3ab9acae5b93ca90e9fcef840e25d53cd__vs__deff0e697a_00b5defcad6e58038eac35472a2d48c89905068e5ece0cc3_redline_899bf9a97e.docx,tracking_without_comments/pdf/3c1e5d4d00_00b540ddc1a1fef3ab9acae5b93ca90e9fcef840e25d53cd__vs__deff0e697a_00b5defcad6e58038eac35472a2d48c89905068e5ece0cc3_redline_899bf9a97e.pdf,tracking_without_comments,899bf9a97e,redlines_a100_b10
286955227d_0134fe85fb88da2accd6637e1c44bdd4f8b7fbb533bd47ba__vs__deff0e697a_00b5defcad6e58038eac35472a2d48c89905068e5ece0cc3_redline_8a881d30c4,clean/docx/286955227d_0134fe85fb88da2accd6637e1c44bdd4f8b7fbb533bd47ba,clean/docx/deff0e697a_00b5defcad6e58038eac35472a2d48c89905068e5ece0cc3,tracking_without_comments/docx/286955227d_0134fe85fb88da2accd6637e1c44bdd4f8b7fbb533bd47ba__vs__deff0e697a_00b5defcad6e58038eac35472a2d48c89905068e5ece0cc3_redline_8a881d30c4.docx,tracking_without_comments/pdf/286955227d_0134fe85fb88da2accd6637e1c44bdd4f8b7fbb533bd47ba__vs__deff0e697a_00b5defcad6e58038eac35472a2d48c89905068e5ece0cc3_redline_8a881d30c4.pdf,tracking_without_comments,8a881d30c4,redlines_a100_b10
725cdbebe3_0013892c946c551d309fcec9bb3f3500fc08bc77121a3849__vs__aa5340125d_00a4b0b91e9b5b072dc3771391c2d608518690eccf44eae8_redline_8bbf643e4d,clean/docx/725cdbebe3_0013892c946c551d309fcec9bb3f3500fc08bc77121a3849,clean/docx/aa5340125d_00a4b0b91e9b5b072dc3771391c2d608518690eccf44eae8,tracking_without_comments/docx/725cdbebe3_0013892c946c551d309fcec9bb3f3500fc08bc77121a3849__vs__aa5340125d_00a4b0b91e9b5b072dc3771391c2d608518690eccf44eae8_redline_8bbf643e4d.docx,tracking_without_comments/pdf/725cdbebe3_0013892c946c551d309fcec9bb3f3500fc08bc77121a3849__vs__aa5340125d_00a4b0b91e9b5b072dc3771391c2d608518690eccf44eae8_redline_8bbf643e4d.pdf,tracking_without_comments,8bbf643e4d,redlines_a100_b10
6867e05e76_00b0d42bbea3b9bac7bc95466cf416f6c89a8cda62bbf3d7__vs__342f364d46_001342333d45627868f4dc5282abbba4598a91b4a7584b08_redline_8c9c748939,clean/docx/6867e05e76_00b0d42bbea3b9bac7bc95466cf416f6c89a8cda62bbf3d7,clean/docx/342f364d46_001342333d45627868f4dc5282abbba4598a91b4a7584b08,tracking_without_comments/docx/6867e05e76_00b0d42bbea3b9bac7bc95466cf416f6c89a8cda62bbf3d7__vs__342f364d46_001342333d45627868f4dc5282abbba4598a91b4a7584b08_redline_8c9c748939.docx,tracking_without_comments/pdf/6867e05e76_00b0d42bbea3b9bac7bc95466cf416f6c89a8cda62bbf3d7__vs__342f364d46_001342333d45627868f4dc5282abbba4598a91b4a7584b08_redline_8c9c748939.pdf,tracking_without_comments,8c9c748939,redlines_a100_b10
acd3595c3a_0032221e68ad2a7986d1fe113eb1d46b5a7d1901b5aa9318__vs__333bfe069a_003416d620331122b93b434dad901db5836f60d2cad4b533_redline_8d61bf76a6,clean/docx/acd3595c3a_0032221e68ad2a7986d1fe113eb1d46b5a7d1901b5aa9318,clean/docx/333bfe069a_003416d620331122b93b434dad901db5836f60d2cad4b533,tracking_without_comments/docx/acd3595c3a_0032221e68ad2a7986d1fe113eb1d46b5a7d1901b5aa9318__vs__333bfe069a_003416d620331122b93b434dad901db5836f60d2cad4b533_redline_8d61bf76a6.docx,tracking_without_comments/pdf/acd3595c3a_0032221e68ad2a7986d1fe113eb1d46b5a7d1901b5aa9318__vs__333bfe069a_003416d620331122b93b434dad901db5836f60d2cad4b533_redline_8d61bf76a6.pdf,tracking_without_comments,8d61bf76a6,redlines_a100_b10
0a0b6470c3_00051beee50076d47db468069cab455933b72d9df9165e1f__vs__333bfe069a_003416d620331122b93b434dad901db5836f60d2cad4b533_redline_8e445de442,clean/docx/0a0b6470c3_00051beee50076d47db468069cab455933b72d9df9165e1f,clean/docx/333bfe069a_003416d620331122b93b434dad901db5836f60d2cad4b533,tracking_without_comments/docx/0a0b6470c3_00051beee50076d47db468069cab455933b72d9df9165e1f__vs__333bfe069a_003416d620331122b93b434dad901db5836f60d2cad4b533_redline_8e445de442.docx,tracking_without_comments/pdf/0a0b6470c3_00051beee50076d47db468069cab455933b72d9df9165e1f__vs__333bfe069a_003416d620331122b93b434dad901db5836f60d2cad4b533_redline_8e445de442.pdf,tracking_without_comments,8e445de442,redlines_a100_b10
4640e71ddd_0062ef190840d69d26aa6ecec30a8cb25f8e1506cee20dac__vs__2773adf157_0004c94ca2a8684d47449bb0e7abf87de1df71a7e6543252_redline_8f1e9d4179,clean/docx/4640e71ddd_0062ef190840d69d26aa6ecec30a8cb25f8e1506cee20dac,clean/docx/2773adf157_0004c94ca2a8684d47449bb0e7abf87de1df71a7e6543252,tracking_without_comments/docx/4640e71ddd_0062ef190840d69d26aa6ecec30a8cb25f8e1506cee20dac__vs__2773adf157_0004c94ca2a8684d47449bb0e7abf87de1df71a7e6543252_redline_8f1e9d4179.docx,tracking_without_comments/pdf/4640e71ddd_0062ef190840d69d26aa6ecec30a8cb25f8e1506cee20dac__vs__2773adf157_0004c94ca2a8684d47449bb0e7abf87de1df71a7e6543252_redline_8f1e9d4179.pdf,tracking_without_comments,8f1e9d4179,redlines_a100_b10
9338d8c9d9_file_15__vs__df9ffe9a8c_file_16_redline_8f874f5725,clean/docx/9338d8c9d9_file_15,tracking_without_comments/docx/df9ffe9a8c_file_16,tracking_without_comments/docx/9338d8c9d9_file_15__vs__df9ffe9a8c_file_16_redline_8f874f5725.docx,tracking_without_comments/pdf/9338d8c9d9_file_15__vs__df9ffe9a8c_file_16_redline_8f874f5725.pdf,tracking_without_comments,8f874f5725,nocomments_randomized
725cdbebe3_0013892c946c551d309fcec9bb3f3500fc08bc77121a3849__vs__2e04202552_000e3e7bd2d6215fc7b469cc3e296c1b2a510bc1abc7e0fd_redline_9013a94f33,clean/docx/725cdbebe3_0013892c946c551d309fcec9bb3f3500fc08bc77121a3849,clean/docx/2e04202552_000e3e7bd2d6215fc7b469cc3e296c1b2a510bc1abc7e0fd,tracking_without_comments/docx/725cdbebe3_0013892c946c551d309fcec9bb3f3500fc08bc77121a3849__vs__2e04202552_000e3e7bd2d6215fc7b469cc3e296c1b2a510bc1abc7e0fd_redline_9013a94f33.docx,tracking_without_comments/pdf/725cdbebe3_0013892c946c551d309fcec9bb3f3500fc08bc77121a3849__vs__2e04202552_000e3e7bd2d6215fc7b469cc3e296c1b2a510bc1abc7e0fd_redline_9013a94f33.pdf,tracking_without_comments,9013a94f33,redlines_a100_b10
84f5fb598b_super_editor__diff_before11_1b953eaf__vs__d6a1c42901_super_editor__diff_before16_f518c031_redline_90fd5a464a,with_comments_tracking/docx/84f5fb598b_super_editor__diff_before11_1b953eaf,clean/docx/d6a1c42901_super_editor__diff_before16_f518c031,with_comments_tracking/docx/84f5fb598b_super_editor__diff_before11_1b953eaf__vs__d6a1c42901_super_editor__diff_before16_f518c031_redline_90fd5a464a.docx,with_comments_tracking/pdf/84f5fb598b_super_editor__diff_before11_1b953eaf__vs__d6a1c42901_super_editor__diff_before16_f518c031_redline_90fd5a464a.pdf,with_comments_tracking,90fd5a464a,word_redlines_superdoc
8441c4ae21_sd_2517_localized_heading_styles__vs__f584285fed_behavior__sd_2672_gridbefore_vmerge_7c895dff_redline_91c1ece7c9,clean/docx/8441c4ae21_sd_2517_localized_heading_styles,clean/docx/f584285fed_behavior__sd_2672_gridbefore_vmerge_7c895dff,tracking_without_comments/docx/8441c4ae21_sd_2517_localized_heading_styles__vs__f584285fed_behavior__sd_2672_gridbefore_vmerge_7c895dff_redline_91c1ece7c9.docx,tracking_without_comments/pdf/8441c4ae21_sd_2517_localized_heading_styles__vs__f584285fed_behavior__sd_2672_gridbefore_vmerge_7c895dff_redline_91c1ece7c9.pdf,tracking_without_comments,91c1ece7c9,word_redlines_superdoc_0926
30f195a272_1773a11956d682dede9401c3226fbbf2b6bfec21a2235354__vs__54286b56f0_03fcabccc151de9af114d16cb6fd34438b05eafb886faa4e_redline_9240f816df,clean/docx/30f195a272_1773a11956d682dede9401c3226fbbf2b6bfec21a2235354,clean/docx/54286b56f0_03fcabccc151de9af114d16cb6fd34438b05eafb886faa4e,tracking_without_comments/docx/30f195a272_1773a11956d682dede9401c3226fbbf2b6bfec21a2235354__vs__54286b56f0_03fcabccc151de9af114d16cb6fd34438b05eafb886faa4e_redline_9240f816df.docx,tracking_without_comments/pdf/30f195a272_1773a11956d682dede9401c3226fbbf2b6bfec21a2235354__vs__54286b56f0_03fcabccc151de9af114d16cb6fd34438b05eafb886faa4e_redline_9240f816df.pdf,tracking_without_comments,9240f816df,redlines_en_500
8a553b35e4_super_editor__doc_with_spaces_from_styles_734ca2__vs__3ad13eed3d_evals__document_9bff7e1b_redline_9382a63a1e,clean/docx/8a553b35e4_super_editor__doc_with_spaces_from_styles_734ca2,clean/docx/3ad13eed3d_evals__document_9bff7e1b,tracking_without_comments/docx/8a553b35e4_super_editor__doc_with_spaces_from_styles_734ca2__vs__3ad13eed3d_evals__document_9bff7e1b_redline_9382a63a1e.docx,tracking_without_comments/pdf/8a553b35e4_super_editor__doc_with_spaces_from_styles_734ca2__vs__3ad13eed3d_evals__document_9bff7e1b_redline_9382a63a1e.pdf,tracking_without_comments,9382a63a1e,word_redlines_superdoc
3aaa78255e_file_169__vs__6f8da764f0_file_170_redline_94552d4a0b,clean/docx/3aaa78255e_file_169,tracking_without_comments/docx/6f8da764f0_file_170,tracking_without_comments/docx/3aaa78255e_file_169__vs__6f8da764f0_file_170_redline_94552d4a0b.docx,tracking_without_comments/pdf/3aaa78255e_file_169__vs__6f8da764f0_file_170_redline_94552d4a0b.pdf,tracking_without_comments,94552d4a0b,nocomments_randomized
c620f64d24_super_editor__hyperlink_node_internal_1c0232f9__vs__1dfdc7d8ec_super_editor__image_inline_and_block_ad6109b3_redline_950c27b0db,clean/docx/c620f64d24_super_editor__hyperlink_node_internal_1c0232f9,clean/docx/1dfdc7d8ec_super_editor__image_inline_and_block_ad6109b3,tracking_without_comments/docx/c620f64d24_super_editor__hyperlink_node_internal_1c0232f9__vs__1dfdc7d8ec_super_editor__image_inline_and_block_ad6109b3_redline_950c27b0db.docx,tracking_without_comments/pdf/c620f64d24_super_editor__hyperlink_node_internal_1c0232f9__vs__1dfdc7d8ec_super_editor__image_inline_and_block_ad6109b3_redline_950c27b0db.pdf,tracking_without_comments,950c27b0db,word_redlines_superdoc_0926
f17e96512e_001cb345cc8d6b799aa725514eb368005048b80f4b4c07a5__vs__333bfe069a_003416d620331122b93b434dad901db5836f60d2cad4b533_redline_96442dbf47,clean/docx/f17e96512e_001cb345cc8d6b799aa725514eb368005048b80f4b4c07a5,clean/docx/333bfe069a_003416d620331122b93b434dad901db5836f60d2cad4b533,tracking_without_comments/docx/f17e96512e_001cb345cc8d6b799aa725514eb368005048b80f4b4c07a5__vs__333bfe069a_003416d620331122b93b434dad901db5836f60d2cad4b533_redline_96442dbf47.docx,tracking_without_comments/pdf/f17e96512e_001cb345cc8d6b799aa725514eb368005048b80f4b4c07a5__vs__333bfe069a_003416d620331122b93b434dad901db5836f60d2cad4b533_redline_96442dbf47.pdf,tracking_without_comments,96442dbf47,redlines_a100_b10
c39d1916e3_file_102__vs__f05b2b13ee_file_103_redline_9760c7c6b0,clean/docx/c39d1916e3_file_102,clean/docx/f05b2b13ee_file_103,tracking_without_comments/docx/c39d1916e3_file_102__vs__f05b2b13ee_file_103_redline_9760c7c6b0.docx,tracking_without_comments/pdf/c39d1916e3_file_102__vs__f05b2b13ee_file_103_redline_9760c7c6b0.pdf,tracking_without_comments,9760c7c6b0,nocomments_randomized
ba1aee241d_8188f7e816bdc720b890d63a61edf27ac0ba092a5578dd2f__vs__5a176d53f3_85ef56f2c7cd7c8f1032eeda79b161e559d29d8afe764d30_redline_983638f1c3,clean/docx/ba1aee241d_8188f7e816bdc720b890d63a61edf27ac0ba092a5578dd2f,clean/docx/5a176d53f3_85ef56f2c7cd7c8f1032eeda79b161e559d29d8afe764d30,tracking_without_comments/docx/ba1aee241d_8188f7e816bdc720b890d63a61edf27ac0ba092a5578dd2f__vs__5a176d53f3_85ef56f2c7cd7c8f1032eeda79b161e559d29d8afe764d30_redline_983638f1c3.docx,tracking_without_comments/pdf/ba1aee241d_8188f7e816bdc720b890d63a61edf27ac0ba092a5578dd2f__vs__5a176d53f3_85ef56f2c7cd7c8f1032eeda79b161e559d29d8afe764d30_redline_983638f1c3.pdf,tracking_without_comments,983638f1c3,redlines_en_500
765eec21b3_q1_sales_summary_table_2__vs__4841fd31f0_q1_sales_summary_table_redline_994dd97216,clean/docx/765eec21b3_q1_sales_summary_table_2,clean/docx/4841fd31f0_q1_sales_summary_table,tracking_without_comments/docx/765eec21b3_q1_sales_summary_table_2__vs__4841fd31f0_q1_sales_summary_table_redline_994dd97216.docx,tracking_without_comments/pdf/765eec21b3_q1_sales_summary_table_2__vs__4841fd31f0_q1_sales_summary_table_redline_994dd97216.pdf,tracking_without_comments,994dd97216,nocomments
0a0b6470c3_00051beee50076d47db468069cab455933b72d9df9165e1f__vs__aa5340125d_00a4b0b91e9b5b072dc3771391c2d608518690eccf44eae8_redline_9a24c84c64,clean/docx/0a0b6470c3_00051beee50076d47db468069cab455933b72d9df9165e1f,clean/docx/aa5340125d_00a4b0b91e9b5b072dc3771391c2d608518690eccf44eae8,tracking_without_comments/docx/0a0b6470c3_00051beee50076d47db468069cab455933b72d9df9165e1f__vs__aa5340125d_00a4b0b91e9b5b072dc3771391c2d608518690eccf44eae8_redline_9a24c84c64.docx,tracking_without_comments/pdf/0a0b6470c3_00051beee50076d47db468069cab455933b72d9df9165e1f__vs__aa5340125d_00a4b0b91e9b5b072dc3771391c2d608518690eccf44eae8_redline_9a24c84c64.pdf,tracking_without_comments,9a24c84c64,redlines_a100_b10
bfca1179b6_1ebd22491c6e35391763e71b8061cf7208dd7ce17c7dac60__vs__e6195c443f_368d0cc822ffa7764647877e3cd40522e5121b7286e5e6a8_redline_9b4d6a9b7a,clean/docx/bfca1179b6_1ebd22491c6e35391763e71b8061cf7208dd7ce17c7dac60,clean/docx/e6195c443f_368d0cc822ffa7764647877e3cd40522e5121b7286e5e6a8,tracking_without_comments/docx/bfca1179b6_1ebd22491c6e35391763e71b8061cf7208dd7ce17c7dac60__vs__e6195c443f_368d0cc822ffa7764647877e3cd40522e5121b7286e5e6a8_redline_9b4d6a9b7a.docx,tracking_without_comments/pdf/bfca1179b6_1ebd22491c6e35391763e71b8061cf7208dd7ce17c7dac60__vs__e6195c443f_368d0cc822ffa7764647877e3cd40522e5121b7286e5e6a8_redline_9b4d6a9b7a.pdf,tracking_without_comments,9b4d6a9b7a,redlines_en_500
76a40d9ffd_000e618d79bf03ff1783da81e6c34b7ad651896dd56e75a4__vs__a5f2b9318d_002aa60c2ae1187417b4b157c5ec6450324cc056ec551a12_redline_9c27cc7cb6,clean/docx/76a40d9ffd_000e618d79bf03ff1783da81e6c34b7ad651896dd56e75a4,clean/docx/a5f2b9318d_002aa60c2ae1187417b4b157c5ec6450324cc056ec551a12,tracking_without_comments/docx/76a40d9ffd_000e618d79bf03ff1783da81e6c34b7ad651896dd56e75a4__vs__a5f2b9318d_002aa60c2ae1187417b4b157c5ec6450324cc056ec551a12_redline_9c27cc7cb6.docx,tracking_without_comments/pdf/76a40d9ffd_000e618d79bf03ff1783da81e6c34b7ad651896dd56e75a4__vs__a5f2b9318d_002aa60c2ae1187417b4b157c5ec6450324cc056ec551a12_redline_9c27cc7cb6.pdf,tracking_without_comments,9c27cc7cb6,redlines_a100_b10
5efd1fcd25_doc_api_stories__diff_doc1_835f4535__vs__ad00cf90d7_doc_api_stories__diff_doc2_bc0da0ce_redline_9cc1e255a4,clean/docx/5efd1fcd25_doc_api_stories__diff_doc1_835f4535,clean/docx/ad00cf90d7_doc_api_stories__diff_doc2_bc0da0ce,tracking_without_comments/docx/5efd1fcd25_doc_api_stories__diff_doc1_835f4535__vs__ad00cf90d7_doc_api_stories__diff_doc2_bc0da0ce_redline_9cc1e255a4.docx,tracking_without_comments/pdf/5efd1fcd25_doc_api_stories__diff_doc1_835f4535__vs__ad00cf90d7_doc_api_stories__diff_doc2_bc0da0ce_redline_9cc1e255a4.pdf,tracking_without_comments,9cc1e255a4,word_redlines_superdoc
7fda30a6f2_9cb6df893fcd1a1597981f9b2f2919474ca3125776ed96f8__vs__854e54d0d4_b5a14ebdbbd67607b97eb464dd41ab98caafcc07fbf9b705_redline_9dfd9790c9,clean/docx/7fda30a6f2_9cb6df893fcd1a1597981f9b2f2919474ca3125776ed96f8,clean/docx/854e54d0d4_b5a14ebdbbd67607b97eb464dd41ab98caafcc07fbf9b705,tracking_without_comments/docx/7fda30a6f2_9cb6df893fcd1a1597981f9b2f2919474ca3125776ed96f8__vs__854e54d0d4_b5a14ebdbbd67607b97eb464dd41ab98caafcc07fbf9b705_redline_9dfd9790c9.docx,tracking_without_comments/pdf/7fda30a6f2_9cb6df893fcd1a1597981f9b2f2919474ca3125776ed96f8__vs__854e54d0d4_b5a14ebdbbd67607b97eb464dd41ab98caafcc07fbf9b705_redline_9dfd9790c9.pdf,tracking_without_comments,9dfd9790c9,redlines_en_500
8dcd453923_numwords_fldsimple__vs__1e0254763b_strict01_redline_9ec1e7ed5d,clean/docx/8dcd453923_numwords_fldsimple,tracking_without_comments/docx/1e0254763b_strict01,tracking_without_comments/docx/8dcd453923_numwords_fldsimple__vs__1e0254763b_strict01_redline_9ec1e7ed5d.docx,tracking_without_comments/pdf/8dcd453923_numwords_fldsimple__vs__1e0254763b_strict01_redline_9ec1e7ed5d.pdf,tracking_without_comments,9ec1e7ed5d,nocomments
ee91b9e453_9385adbfd34ee40a4bd2429d7385293b31a127fc9e9208d1__vs__409867707c_61a16c9bdc534801a19fcf808fdddd50a7cd74d1efd6113e_redline_9f2ce6d6bb,clean/docx/ee91b9e453_9385adbfd34ee40a4bd2429d7385293b31a127fc9e9208d1,with_comments_clean/docx/409867707c_61a16c9bdc534801a19fcf808fdddd50a7cd74d1efd6113e,with_comments_tracking/docx/ee91b9e453_9385adbfd34ee40a4bd2429d7385293b31a127fc9e9208d1__vs__409867707c_61a16c9bdc534801a19fcf808fdddd50a7cd74d1efd6113e_redline_9f2ce6d6bb.docx,with_comments_tracking/pdf/ee91b9e453_9385adbfd34ee40a4bd2429d7385293b31a127fc9e9208d1__vs__409867707c_61a16c9bdc534801a19fcf808fdddd50a7cd74d1efd6113e_redline_9f2ce6d6bb.pdf,with_comments_tracking,9f2ce6d6bb,redlines_en_500
6c6d37a60e_713b96f7449018c37b77c60a972e1ce0771ee8001afee1c5__vs__396a7ea617_570affbac9e332f4aa71a5f76d1e4cf740bc5b529193b9f8_redline_a07535b014,clean/docx/6c6d37a60e_713b96f7449018c37b77c60a972e1ce0771ee8001afee1c5,clean/docx/396a7ea617_570affbac9e332f4aa71a5f76d1e4cf740bc5b529193b9f8,tracking_without_comments/docx/6c6d37a60e_713b96f7449018c37b77c60a972e1ce0771ee8001afee1c5__vs__396a7ea617_570affbac9e332f4aa71a5f76d1e4cf740bc5b529193b9f8_redline_a07535b014.docx,tracking_without_comments/pdf/6c6d37a60e_713b96f7449018c37b77c60a972e1ce0771ee8001afee1c5__vs__396a7ea617_570affbac9e332f4aa71a5f76d1e4cf740bc5b529193b9f8_redline_a07535b014.pdf,tracking_without_comments,a07535b014,redlines_en_500
f529133cd5_super_editor__basic_comment_d3ba5f1e__vs__3539cf2404_cli_legacy__replace_test_0a793f01_redline_a15dd224a7,with_comments_clean/docx/f529133cd5_super_editor__basic_comment_d3ba5f1e,with_comments_tracking/docx/3539cf2404_cli_legacy__replace_test_0a793f01,with_comments_tracking/docx/f529133cd5_super_editor__basic_comment_d3ba5f1e__vs__3539cf2404_cli_legacy__replace_test_0a793f01_redline_a15dd224a7.docx,with_comments_tracking/pdf/f529133cd5_super_editor__basic_comment_d3ba5f1e__vs__3539cf2404_cli_legacy__replace_test_0a793f01_redline_a15dd224a7.pdf,with_comments_tracking,a15dd224a7,word_redlines_superdoc
60dfd517a9_00f0e7f365a34acc5911a38c89776a4bdd2ba1685edcd0cc__vs__333bfe069a_003416d620331122b93b434dad901db5836f60d2cad4b533_redline_a27125cb58,clean/docx/60dfd517a9_00f0e7f365a34acc5911a38c89776a4bdd2ba1685edcd0cc,clean/docx/333bfe069a_003416d620331122b93b434dad901db5836f60d2cad4b533,tracking_without_comments/docx/60dfd517a9_00f0e7f365a34acc5911a38c89776a4bdd2ba1685edcd0cc__vs__333bfe069a_003416d620331122b93b434dad901db5836f60d2cad4b533_redline_a27125cb58.docx,tracking_without_comments/pdf/60dfd517a9_00f0e7f365a34acc5911a38c89776a4bdd2ba1685edcd0cc__vs__333bfe069a_003416d620331122b93b434dad901db5836f60d2cad4b533_redline_a27125cb58.pdf,tracking_without_comments,a27125cb58,redlines_a100_b10
16c15842ae_file_86__vs__7fd9abba03_file_87_redline_a3260a9d82,clean/docx/16c15842ae_file_86,clean/docx/7fd9abba03_file_87,tracking_without_comments/docx/16c15842ae_file_86__vs__7fd9abba03_file_87_redline_a3260a9d82.docx,tracking_without_comments/pdf/16c15842ae_file_86__vs__7fd9abba03_file_87_redline_a3260a9d82.pdf,tracking_without_comments,a3260a9d82,word_based_randomized
1558d2a6ec_project_proposal_id_paraid_overflow__vs__77b9e6ba80_project_proposal_suggesting_insertions_redline_a3f0470a1d,clean/docx/1558d2a6ec_project_proposal_id_paraid_overflow,tracking_without_comments/docx/77b9e6ba80_project_proposal_suggesting_insertions,tracking_without_comments/docx/1558d2a6ec_project_proposal_id_paraid_overflow__vs__77b9e6ba80_project_proposal_suggesting_insertions_redline_a3f0470a1d.docx,tracking_without_comments/pdf/1558d2a6ec_project_proposal_id_paraid_overflow__vs__77b9e6ba80_project_proposal_suggesting_insertions_redline_a3f0470a1d.pdf,tracking_without_comments,a3f0470a1d,fixtures_word_compares;pdf_fill_0928
048870ce18_014178090497722649b8e7aedf646339a3189ee7fe69a596__vs__1424386e9b_017447de83753a0e3b7afc659df038ef56972925336c6a5b_redline_a4af2cbfbc,clean/docx/048870ce18_014178090497722649b8e7aedf646339a3189ee7fe69a596,clean/docx/1424386e9b_017447de83753a0e3b7afc659df038ef56972925336c6a5b,tracking_without_comments/docx/048870ce18_014178090497722649b8e7aedf646339a3189ee7fe69a596__vs__1424386e9b_017447de83753a0e3b7afc659df038ef56972925336c6a5b_redline_a4af2cbfbc.docx,tracking_without_comments/pdf/048870ce18_014178090497722649b8e7aedf646339a3189ee7fe69a596__vs__1424386e9b_017447de83753a0e3b7afc659df038ef56972925336c6a5b_redline_a4af2cbfbc.pdf,tracking_without_comments,a4af2cbfbc,redlines_a100_b10
c417943be1_002b4f4d8976804c283e6f90cc51f02c7fa5ca9027ffe491__vs__deff0e697a_00b5defcad6e58038eac35472a2d48c89905068e5ece0cc3_redline_a59373908a,clean/docx/c417943be1_002b4f4d8976804c283e6f90cc51f02c7fa5ca9027ffe491,clean/docx/deff0e697a_00b5defcad6e58038eac35472a2d48c89905068e5ece0cc3,tracking_without_comments/docx/c417943be1_002b4f4d8976804c283e6f90cc51f02c7fa5ca9027ffe491__vs__deff0e697a_00b5defcad6e58038eac35472a2d48c89905068e5ece0cc3_redline_a59373908a.docx,tracking_without_comments/pdf/c417943be1_002b4f4d8976804c283e6f90cc51f02c7fa5ca9027ffe491__vs__deff0e697a_00b5defcad6e58038eac35472a2d48c89905068e5ece0cc3_redline_a59373908a.pdf,tracking_without_comments,a59373908a,redlines_a100_b10
31133aaba3_3bf3b3c4c703e23c69d1f84fccc96b8467b579ad203cb2f9__vs__ddd6e21622_30f0bf4a68aa6d8ae2b2874d1f43fc766b3e4307b673b77e_redline_a752aefea3,clean/docx/31133aaba3_3bf3b3c4c703e23c69d1f84fccc96b8467b579ad203cb2f9,clean/docx/ddd6e21622_30f0bf4a68aa6d8ae2b2874d1f43fc766b3e4307b673b77e,tracking_without_comments/docx/31133aaba3_3bf3b3c4c703e23c69d1f84fccc96b8467b579ad203cb2f9__vs__ddd6e21622_30f0bf4a68aa6d8ae2b2874d1f43fc766b3e4307b673b77e_redline_a752aefea3.docx,tracking_without_comments/pdf/31133aaba3_3bf3b3c4c703e23c69d1f84fccc96b8467b579ad203cb2f9__vs__ddd6e21622_30f0bf4a68aa6d8ae2b2874d1f43fc766b3e4307b673b77e_redline_a752aefea3.pdf,tracking_without_comments,a752aefea3,redlines_en_500
1f22b7b009_153542e701bb134da7aee3bb1c4be1f1458fb401ed835378__vs__524cd290f3_f6e23a442c10a2b2645a49855e3bcb779b2d7bf34b37e612_redline_a7fa1e6bff,clean/docx/1f22b7b009_153542e701bb134da7aee3bb1c4be1f1458fb401ed835378,clean/docx/524cd290f3_f6e23a442c10a2b2645a49855e3bcb779b2d7bf34b37e612,tracking_without_comments/docx/1f22b7b009_153542e701bb134da7aee3bb1c4be1f1458fb401ed835378__vs__524cd290f3_f6e23a442c10a2b2645a49855e3bcb779b2d7bf34b37e612_redline_a7fa1e6bff.docx,tracking_without_comments/pdf/1f22b7b009_153542e701bb134da7aee3bb1c4be1f1458fb401ed835378__vs__524cd290f3_f6e23a442c10a2b2645a49855e3bcb779b2d7bf34b37e612_redline_a7fa1e6bff.pdf,tracking_without_comments,a7fa1e6bff,redlines_en_500
61bf578c91_file_112__vs__9149dccd33_file_113_redline_a8fd90ecd6,clean/docx/61bf578c91_file_112,clean/docx/9149dccd33_file_113,tracking_without_comments/docx/61bf578c91_file_112__vs__9149dccd33_file_113_redline_a8fd90ecd6.docx,tracking_without_comments/pdf/61bf578c91_file_112__vs__9149dccd33_file_113_redline_a8fd90ecd6.pdf,tracking_without_comments,a8fd90ecd6,nocomments_randomized
a88f2ae357_0095a6095a0f74201c196f4944b3d93f4cf5cc20e4982903__vs__333bfe069a_003416d620331122b93b434dad901db5836f60d2cad4b533_redline_a97bb9b57f,clean/docx/a88f2ae357_0095a6095a0f74201c196f4944b3d93f4cf5cc20e4982903,clean/docx/333bfe069a_003416d620331122b93b434dad901db5836f60d2cad4b533,tracking_without_comments/docx/a88f2ae357_0095a6095a0f74201c196f4944b3d93f4cf5cc20e4982903__vs__333bfe069a_003416d620331122b93b434dad901db5836f60d2cad4b533_redline_a97bb9b57f.docx,tracking_without_comments/pdf/a88f2ae357_0095a6095a0f74201c196f4944b3d93f4cf5cc20e4982903__vs__333bfe069a_003416d620331122b93b434dad901db5836f60d2cad4b533_redline_a97bb9b57f.pdf,tracking_without_comments,a97bb9b57f,redlines_a100_b10
a98d0a8c12_center_alignment_demo_id_paraid_overflow_2__vs__cb340e4c6a_center_alignment_demo_id_paraid_overflow_redline_aab02de072,clean/docx/a98d0a8c12_center_alignment_demo_id_paraid_overflow_2,clean/docx/cb340e4c6a_center_alignment_demo_id_paraid_overflow,tracking_without_comments/docx/a98d0a8c12_center_alignment_demo_id_paraid_overflow_2__vs__cb340e4c6a_center_alignment_demo_id_paraid_overflow_redline_aab02de072.docx,tracking_without_comments/pdf/a98d0a8c12_center_alignment_demo_id_paraid_overflow_2__vs__cb340e4c6a_center_alignment_demo_id_paraid_overflow_redline_aab02de072.pdf,tracking_without_comments,aab02de072,word_based_0926
99ef71ea03_542e3ea40461fc38266dadcfd11cd70e7e73056bfbfe20ba__vs__a3d29116c7_408da7917b268255aeb2819722dec6670c9a85c84bf4cd57_redline_ab8d070a28,clean/docx/99ef71ea03_542e3ea40461fc38266dadcfd11cd70e7e73056bfbfe20ba,clean/docx/a3d29116c7_408da7917b268255aeb2819722dec6670c9a85c84bf4cd57,tracking_without_comments/docx/99ef71ea03_542e3ea40461fc38266dadcfd11cd70e7e73056bfbfe20ba__vs__a3d29116c7_408da7917b268255aeb2819722dec6670c9a85c84bf4cd57_redline_ab8d070a28.docx,tracking_without_comments/pdf/99ef71ea03_542e3ea40461fc38266dadcfd11cd70e7e73056bfbfe20ba__vs__a3d29116c7_408da7917b268255aeb2819722dec6670c9a85c84bf4cd57_redline_ab8d070a28.pdf,tracking_without_comments,ab8d070a28,redlines_en_500
d93f1dafca_sample_document_word_repair_of_our_output_iter2__vs__970fd9303f_sample_document_word_repair_of_our_output_word_r_redline_ace788a217,with_comments_tracking/docx/d93f1dafca_sample_document_word_repair_of_our_output_iter2,with_comments_tracking/docx/970fd9303f_sample_document_word_repair_of_our_output_word_r,with_comments_tracking/docx/d93f1dafca_sample_document_word_repair_of_our_output_iter2__vs__970fd9303f_sample_document_word_repair_of_our_output_word_r_redline_ace788a217.docx,with_comments_tracking/pdf/d93f1dafca_sample_document_word_repair_of_our_output_iter2__vs__970fd9303f_sample_document_word_repair_of_our_output_word_r_redline_ace788a217.pdf,with_comments_tracking,ace788a217,word_based
709c7873d4_5cef21def060359ad0d470d4a5ee24af8f31a8103a51c7fd__vs__3dfcd25ad1_32523004d8b84b35825db6cc4a2b0cd058e7f1fdd31ea40b_redline_ae2311f039,clean/docx/709c7873d4_5cef21def060359ad0d470d4a5ee24af8f31a8103a51c7fd,clean/docx/3dfcd25ad1_32523004d8b84b35825db6cc4a2b0cd058e7f1fdd31ea40b,tracking_without_comments/docx/709c7873d4_5cef21def060359ad0d470d4a5ee24af8f31a8103a51c7fd__vs__3dfcd25ad1_32523004d8b84b35825db6cc4a2b0cd058e7f1fdd31ea40b_redline_ae2311f039.docx,tracking_without_comments/pdf/709c7873d4_5cef21def060359ad0d470d4a5ee24af8f31a8103a51c7fd__vs__3dfcd25ad1_32523004d8b84b35825db6cc4a2b0cd058e7f1fdd31ea40b_redline_ae2311f039.pdf,tracking_without_comments,ae2311f039,redlines_en_500
c54c269d79_file_131__vs__8ded82ffec_file_132_redline_aed2c1780a,clean/docx/c54c269d79_file_131,clean/docx/8ded82ffec_file_132,tracking_without_comments/docx/c54c269d79_file_131__vs__8ded82ffec_file_132_redline_aed2c1780a.docx,tracking_without_comments/pdf/c54c269d79_file_131__vs__8ded82ffec_file_132_redline_aed2c1780a.pdf,tracking_without_comments,aed2c1780a,nocomments_randomized
5ad6e6d44f_0199027cbf967c88ab833b77e5bc5d629bacecbd40a87c26__vs__aa5340125d_00a4b0b91e9b5b072dc3771391c2d608518690eccf44eae8_redline_afd68ec48d,tracking_without_comments/docx/5ad6e6d44f_0199027cbf967c88ab833b77e5bc5d629bacecbd40a87c26,clean/docx/aa5340125d_00a4b0b91e9b5b072dc3771391c2d608518690eccf44eae8,tracking_without_comments/docx/5ad6e6d44f_0199027cbf967c88ab833b77e5bc5d629bacecbd40a87c26__vs__aa5340125d_00a4b0b91e9b5b072dc3771391c2d608518690eccf44eae8_redline_afd68ec48d.docx,tracking_without_comments/pdf/5ad6e6d44f_0199027cbf967c88ab833b77e5bc5d629bacecbd40a87c26__vs__aa5340125d_00a4b0b91e9b5b072dc3771391c2d608518690eccf44eae8_redline_afd68ec48d.pdf,tracking_without_comments,afd68ec48d,redlines_a100_b10
f999eb0cd4_b8eb69d5da1651ac1d6f5b7266fd567672cda7a9e9eab37b__vs__d2ba5bddc4_b9f2793b14613aaf0fdf7f451fe3da702bcfd98b34105b2b_redline_b0c99c33c7,clean/docx/f999eb0cd4_b8eb69d5da1651ac1d6f5b7266fd567672cda7a9e9eab37b,clean/docx/d2ba5bddc4_b9f2793b14613aaf0fdf7f451fe3da702bcfd98b34105b2b,tracking_without_comments/docx/f999eb0cd4_b8eb69d5da1651ac1d6f5b7266fd567672cda7a9e9eab37b__vs__d2ba5bddc4_b9f2793b14613aaf0fdf7f451fe3da702bcfd98b34105b2b_redline_b0c99c33c7.docx,tracking_without_comments/pdf/f999eb0cd4_b8eb69d5da1651ac1d6f5b7266fd567672cda7a9e9eab37b__vs__d2ba5bddc4_b9f2793b14613aaf0fdf7f451fe3da702bcfd98b34105b2b_redline_b0c99c33c7.pdf,tracking_without_comments,b0c99c33c7,redlines_en_500
27c9cbd809_b4b5463ef111d72dc319a5ccf52ae7b396c494e99b89c857__vs__7f90ff7f2c_d94124e867cf9e31389cfa780818a638161d676f6b79049f_redline_b14882f3e9,clean/docx/27c9cbd809_b4b5463ef111d72dc319a5ccf52ae7b396c494e99b89c857,clean/docx/7f90ff7f2c_d94124e867cf9e31389cfa780818a638161d676f6b79049f,tracking_without_comments/docx/27c9cbd809_b4b5463ef111d72dc319a5ccf52ae7b396c494e99b89c857__vs__7f90ff7f2c_d94124e867cf9e31389cfa780818a638161d676f6b79049f_redline_b14882f3e9.docx,tracking_without_comments/pdf/27c9cbd809_b4b5463ef111d72dc319a5ccf52ae7b396c494e99b89c857__vs__7f90ff7f2c_d94124e867cf9e31389cfa780818a638161d676f6b79049f_redline_b14882f3e9.pdf,tracking_without_comments,b14882f3e9,redlines_en_500
ba54c6632c_super_editor__ooxml_rfonts_rstyle_linked_combos__vs__667af231c2_behavior__sd_2672_rtl_table_63bd9d10_redline_b26364fa4f,clean/docx/ba54c6632c_super_editor__ooxml_rfonts_rstyle_linked_combos,clean/docx/667af231c2_behavior__sd_2672_rtl_table_63bd9d10,tracking_without_comments/docx/ba54c6632c_super_editor__ooxml_rfonts_rstyle_linked_combos__vs__667af231c2_behavior__sd_2672_rtl_table_63bd9d10_redline_b26364fa4f.docx,tracking_without_comments/pdf/ba54c6632c_super_editor__ooxml_rfonts_rstyle_linked_combos__vs__667af231c2_behavior__sd_2672_rtl_table_63bd9d10_redline_b26364fa4f.pdf,tracking_without_comments,b26364fa4f,word_redlines_superdoc
90cef57bac_eigenpal_docx_editor_suggesting_mixed_edits__vs__f644da9aeb_employee_directory_table_2_redline_b351836b34,with_comments_tracking/docx/90cef57bac_eigenpal_docx_editor_suggesting_mixed_edits,clean/docx/f644da9aeb_employee_directory_table_2,with_comments_tracking/docx/90cef57bac_eigenpal_docx_editor_suggesting_mixed_edits__vs__f644da9aeb_employee_directory_table_2_redline_b351836b34.docx,with_comments_tracking/pdf/90cef57bac_eigenpal_docx_editor_suggesting_mixed_edits__vs__f644da9aeb_employee_directory_table_2_redline_b351836b34.pdf,with_comments_tracking,b351836b34,word_based
dd6dbfb284_super_editor__diff_after2_fc1e0763__vs__c51843a182_super_editor__diff_after3_3f4fb6e8_redline_b443fb9207,clean/docx/dd6dbfb284_super_editor__diff_after2_fc1e0763,clean/docx/c51843a182_super_editor__diff_after3_3f4fb6e8,tracking_without_comments/docx/dd6dbfb284_super_editor__diff_after2_fc1e0763__vs__c51843a182_super_editor__diff_after3_3f4fb6e8_redline_b443fb9207.docx,tracking_without_comments/pdf/dd6dbfb284_super_editor__diff_after2_fc1e0763__vs__c51843a182_super_editor__diff_after3_3f4fb6e8_redline_b443fb9207.pdf,tracking_without_comments,b443fb9207,word_redlines_superdoc
a0738533be_gdocs_comments_export__vs__2a69e1ce5c_green_bold_text_demo_id_paraid_overflow_redline_b4c606bf91,with_comments_clean/docx/a0738533be_gdocs_comments_export,clean/docx/2a69e1ce5c_green_bold_text_demo_id_paraid_overflow,with_comments_tracking/docx/a0738533be_gdocs_comments_export__vs__2a69e1ce5c_green_bold_text_demo_id_paraid_overflow_redline_b4c606bf91.docx,with_comments_tracking/pdf/a0738533be_gdocs_comments_export__vs__2a69e1ce5c_green_bold_text_demo_id_paraid_overflow_redline_b4c606bf91.pdf,with_comments_tracking,b4c606bf91,word_based;fixtures_word_compares
19891583af_000f23dc2592a0044f1da2e4f2166c6b41e8fde6a66a1988__vs__2e04202552_000e3e7bd2d6215fc7b469cc3e296c1b2a510bc1abc7e0fd_redline_b615f1b551,clean/docx/19891583af_000f23dc2592a0044f1da2e4f2166c6b41e8fde6a66a1988,clean/docx/2e04202552_000e3e7bd2d6215fc7b469cc3e296c1b2a510bc1abc7e0fd,tracking_without_comments/docx/19891583af_000f23dc2592a0044f1da2e4f2166c6b41e8fde6a66a1988__vs__2e04202552_000e3e7bd2d6215fc7b469cc3e296c1b2a510bc1abc7e0fd_redline_b615f1b551.docx,tracking_without_comments/pdf/19891583af_000f23dc2592a0044f1da2e4f2166c6b41e8fde6a66a1988__vs__2e04202552_000e3e7bd2d6215fc7b469cc3e296c1b2a510bc1abc7e0fd_redline_b615f1b551.pdf,tracking_without_comments,b615f1b551,redlines_a100_b10
762b93bdb0_0107d2107b381c077b42490f7ff21e861a60c27ba32886ca__vs__aa5340125d_00a4b0b91e9b5b072dc3771391c2d608518690eccf44eae8_redline_b72ba65c55,clean/docx/762b93bdb0_0107d2107b381c077b42490f7ff21e861a60c27ba32886ca,clean/docx/aa5340125d_00a4b0b91e9b5b072dc3771391c2d608518690eccf44eae8,tracking_without_comments/docx/762b93bdb0_0107d2107b381c077b42490f7ff21e861a60c27ba32886ca__vs__aa5340125d_00a4b0b91e9b5b072dc3771391c2d608518690eccf44eae8_redline_b72ba65c55.docx,tracking_without_comments/pdf/762b93bdb0_0107d2107b381c077b42490f7ff21e861a60c27ba32886ca__vs__aa5340125d_00a4b0b91e9b5b072dc3771391c2d608518690eccf44eae8_redline_b72ba65c55.pdf,tracking_without_comments,b72ba65c55,redlines_a100_b10
a88f2ae357_0095a6095a0f74201c196f4944b3d93f4cf5cc20e4982903__vs__2773adf157_0004c94ca2a8684d47449bb0e7abf87de1df71a7e6543252_redline_b8435bf39c,clean/docx/a88f2ae357_0095a6095a0f74201c196f4944b3d93f4cf5cc20e4982903,clean/docx/2773adf157_0004c94ca2a8684d47449bb0e7abf87de1df71a7e6543252,tracking_without_comments/docx/a88f2ae357_0095a6095a0f74201c196f4944b3d93f4cf5cc20e4982903__vs__2773adf157_0004c94ca2a8684d47449bb0e7abf87de1df71a7e6543252_redline_b8435bf39c.docx,tracking_without_comments/pdf/a88f2ae357_0095a6095a0f74201c196f4944b3d93f4cf5cc20e4982903__vs__2773adf157_0004c94ca2a8684d47449bb0e7abf87de1df71a7e6543252_redline_b8435bf39c.pdf,tracking_without_comments,b8435bf39c,redlines_a100_b10
fc5d9fecb7_00028d824d5d2262bc6e30692308cd1b577ac1dff228970d__vs__342f364d46_001342333d45627868f4dc5282abbba4598a91b4a7584b08_redline_b9c294a2e1,clean/docx/fc5d9fecb7_00028d824d5d2262bc6e30692308cd1b577ac1dff228970d,clean/docx/342f364d46_001342333d45627868f4dc5282abbba4598a91b4a7584b08,tracking_without_comments/docx/fc5d9fecb7_00028d824d5d2262bc6e30692308cd1b577ac1dff228970d__vs__342f364d46_001342333d45627868f4dc5282abbba4598a91b4a7584b08_redline_b9c294a2e1.docx,tracking_without_comments/pdf/fc5d9fecb7_00028d824d5d2262bc6e30692308cd1b577ac1dff228970d__vs__342f364d46_001342333d45627868f4dc5282abbba4598a91b4a7584b08_redline_b9c294a2e1.pdf,tracking_without_comments,b9c294a2e1,redlines_a100_b10
c417943be1_002b4f4d8976804c283e6f90cc51f02c7fa5ca9027ffe491__vs__333bfe069a_003416d620331122b93b434dad901db5836f60d2cad4b533_redline_bacb8103b9,clean/docx/c417943be1_002b4f4d8976804c283e6f90cc51f02c7fa5ca9027ffe491,clean/docx/333bfe069a_003416d620331122b93b434dad901db5836f60d2cad4b533,tracking_without_comments/docx/c417943be1_002b4f4d8976804c283e6f90cc51f02c7fa5ca9027ffe491__vs__333bfe069a_003416d620331122b93b434dad901db5836f60d2cad4b533_redline_bacb8103b9.docx,tracking_without_comments/pdf/c417943be1_002b4f4d8976804c283e6f90cc51f02c7fa5ca9027ffe491__vs__333bfe069a_003416d620331122b93b434dad901db5836f60d2cad4b533_redline_bacb8103b9.pdf,tracking_without_comments,bacb8103b9,redlines_a100_b10
f94aeed5f5_001f4e98e9744f89b6f26b3741cb6439f8131bf89659230e__vs__deff0e697a_00b5defcad6e58038eac35472a2d48c89905068e5ece0cc3_redline_bb7bb84780,clean/docx/f94aeed5f5_001f4e98e9744f89b6f26b3741cb6439f8131bf89659230e,clean/docx/deff0e697a_00b5defcad6e58038eac35472a2d48c89905068e5ece0cc3,tracking_without_comments/docx/f94aeed5f5_001f4e98e9744f89b6f26b3741cb6439f8131bf89659230e__vs__deff0e697a_00b5defcad6e58038eac35472a2d48c89905068e5ece0cc3_redline_bb7bb84780.docx,tracking_without_comments/pdf/f94aeed5f5_001f4e98e9744f89b6f26b3741cb6439f8131bf89659230e__vs__deff0e697a_00b5defcad6e58038eac35472a2d48c89905068e5ece0cc3_redline_bb7bb84780.pdf,tracking_without_comments,bb7bb84780,redlines_a100_b10
68e608164d_a986463522642530d16475d918253c39008789d20ffac3b0__vs__8819b487c9_03678a48457a00a216f21a8cca29913af2be4f415289dbf0_redline_bc4e01e0d4,clean/docx/68e608164d_a986463522642530d16475d918253c39008789d20ffac3b0,clean/docx/8819b487c9_03678a48457a00a216f21a8cca29913af2be4f415289dbf0,tracking_without_comments/docx/68e608164d_a986463522642530d16475d918253c39008789d20ffac3b0__vs__8819b487c9_03678a48457a00a216f21a8cca29913af2be4f415289dbf0_redline_bc4e01e0d4.docx,tracking_without_comments/pdf/68e608164d_a986463522642530d16475d918253c39008789d20ffac3b0__vs__8819b487c9_03678a48457a00a216f21a8cca29913af2be4f415289dbf0_redline_bc4e01e0d4.pdf,tracking_without_comments,bc4e01e0d4,redlines_en_500
6fffde4ae2_000bf66110e841e1d2c2e862fc7db869b8d410586ad12d0d__vs__5203829c7a_001cc92b88566d5f930fe57f25813c0bf52a7bdc72c217d0_redline_bcaa532f7f,clean/docx/6fffde4ae2_000bf66110e841e1d2c2e862fc7db869b8d410586ad12d0d,clean/docx/5203829c7a_001cc92b88566d5f930fe57f25813c0bf52a7bdc72c217d0,tracking_without_comments/docx/6fffde4ae2_000bf66110e841e1d2c2e862fc7db869b8d410586ad12d0d__vs__5203829c7a_001cc92b88566d5f930fe57f25813c0bf52a7bdc72c217d0_redline_bcaa532f7f.docx,tracking_without_comments/pdf/6fffde4ae2_000bf66110e841e1d2c2e862fc7db869b8d410586ad12d0d__vs__5203829c7a_001cc92b88566d5f930fe57f25813c0bf52a7bdc72c217d0_redline_bcaa532f7f.pdf,tracking_without_comments,bcaa532f7f,redlines_a100_b10
f2879fa280_2dd94f5357ffe6981e258cfa4030572f15f98140b67e9de8__vs__1944b72130_5d7507b903a1772b7e3be2b9506424aca7430698963897ae_redline_be10e7059e,clean/docx/f2879fa280_2dd94f5357ffe6981e258cfa4030572f15f98140b67e9de8,clean/docx/1944b72130_5d7507b903a1772b7e3be2b9506424aca7430698963897ae,tracking_without_comments/docx/f2879fa280_2dd94f5357ffe6981e258cfa4030572f15f98140b67e9de8__vs__1944b72130_5d7507b903a1772b7e3be2b9506424aca7430698963897ae_redline_be10e7059e.docx,tracking_without_comments/pdf/f2879fa280_2dd94f5357ffe6981e258cfa4030572f15f98140b67e9de8__vs__1944b72130_5d7507b903a1772b7e3be2b9506424aca7430698963897ae_redline_be10e7059e.pdf,tracking_without_comments,be10e7059e,redlines_en_500
ef7218d9e8_001893584bf94ff30c98db48cb8a0ea0ea5abc048f3e1a4d__vs__2e04202552_000e3e7bd2d6215fc7b469cc3e296c1b2a510bc1abc7e0fd_redline_bedd714410,clean/docx/ef7218d9e8_001893584bf94ff30c98db48cb8a0ea0ea5abc048f3e1a4d,clean/docx/2e04202552_000e3e7bd2d6215fc7b469cc3e296c1b2a510bc1abc7e0fd,tracking_without_comments/docx/ef7218d9e8_001893584bf94ff30c98db48cb8a0ea0ea5abc048f3e1a4d__vs__2e04202552_000e3e7bd2d6215fc7b469cc3e296c1b2a510bc1abc7e0fd_redline_bedd714410.docx,tracking_without_comments/pdf/ef7218d9e8_001893584bf94ff30c98db48cb8a0ea0ea5abc048f3e1a4d__vs__2e04202552_000e3e7bd2d6215fc7b469cc3e296c1b2a510bc1abc7e0fd_redline_bedd714410.pdf,tracking_without_comments,bedd714410,redlines_a100_b10
f152875ca2_file_109__vs__62d3dce03b_file_110_redline_bf778c9b37,clean/docx/f152875ca2_file_109,tracking_without_comments/docx/62d3dce03b_file_110,tracking_without_comments/docx/f152875ca2_file_109__vs__62d3dce03b_file_110_redline_bf778c9b37.docx,tracking_without_comments/pdf/f152875ca2_file_109__vs__62d3dce03b_file_110_redline_bf778c9b37.pdf,tracking_without_comments,bf778c9b37,word_based_randomized_0926
dabf50d5d5_0071cf0910cc71fed86712d86afe96a45cf5c937af9aa006__vs__342f364d46_001342333d45627868f4dc5282abbba4598a91b4a7584b08_redline_c0cedbcb4c,clean/docx/dabf50d5d5_0071cf0910cc71fed86712d86afe96a45cf5c937af9aa006,clean/docx/342f364d46_001342333d45627868f4dc5282abbba4598a91b4a7584b08,tracking_without_comments/docx/dabf50d5d5_0071cf0910cc71fed86712d86afe96a45cf5c937af9aa006__vs__342f364d46_001342333d45627868f4dc5282abbba4598a91b4a7584b08_redline_c0cedbcb4c.docx,tracking_without_comments/pdf/dabf50d5d5_0071cf0910cc71fed86712d86afe96a45cf5c937af9aa006__vs__342f364d46_001342333d45627868f4dc5282abbba4598a91b4a7584b08_redline_c0cedbcb4c.pdf,tracking_without_comments,c0cedbcb4c,redlines_a100_b10
7066506689_7797a34a609833467f2373a30b2189278822712591b5923b__vs__39046d036d_75c90a4e77b54eca9b95bac21d677ca823751c6d4e37bcf6_redline_c14d37ccdb,clean/docx/7066506689_7797a34a609833467f2373a30b2189278822712591b5923b,clean/docx/39046d036d_75c90a4e77b54eca9b95bac21d677ca823751c6d4e37bcf6,tracking_without_comments/docx/7066506689_7797a34a609833467f2373a30b2189278822712591b5923b__vs__39046d036d_75c90a4e77b54eca9b95bac21d677ca823751c6d4e37bcf6_redline_c14d37ccdb.docx,tracking_without_comments/pdf/7066506689_7797a34a609833467f2373a30b2189278822712591b5923b__vs__39046d036d_75c90a4e77b54eca9b95bac21d677ca823751c6d4e37bcf6_redline_c14d37ccdb.pdf,tracking_without_comments,c14d37ccdb,redlines_en_500
6dff70fa73_005df9de4a11e9d5e0809079fe33b4783538a96e645d8b42__vs__2773adf157_0004c94ca2a8684d47449bb0e7abf87de1df71a7e6543252_redline_c242b395f7,clean/docx/6dff70fa73_005df9de4a11e9d5e0809079fe33b4783538a96e645d8b42,clean/docx/2773adf157_0004c94ca2a8684d47449bb0e7abf87de1df71a7e6543252,tracking_without_comments/docx/6dff70fa73_005df9de4a11e9d5e0809079fe33b4783538a96e645d8b42__vs__2773adf157_0004c94ca2a8684d47449bb0e7abf87de1df71a7e6543252_redline_c242b395f7.docx,tracking_without_comments/pdf/6dff70fa73_005df9de4a11e9d5e0809079fe33b4783538a96e645d8b42__vs__2773adf157_0004c94ca2a8684d47449bb0e7abf87de1df71a7e6543252_redline_c242b395f7.pdf,tracking_without_comments,c242b395f7,redlines_a100_b10
18b0cf8b48_file_24__vs__758ade931c_file_25_redline_c3412673e4,clean/docx/18b0cf8b48_file_24,clean/docx/758ade931c_file_25,tracking_without_comments/docx/18b0cf8b48_file_24__vs__758ade931c_file_25_redline_c3412673e4.docx,tracking_without_comments/pdf/18b0cf8b48_file_24__vs__758ade931c_file_25_redline_c3412673e4.pdf,tracking_without_comments,c3412673e4,nocomments_randomized
4640e71ddd_0062ef190840d69d26aa6ecec30a8cb25f8e1506cee20dac__vs__342f364d46_001342333d45627868f4dc5282abbba4598a91b4a7584b08_redline_c486f3a829,clean/docx/4640e71ddd_0062ef190840d69d26aa6ecec30a8cb25f8e1506cee20dac,clean/docx/342f364d46_001342333d45627868f4dc5282abbba4598a91b4a7584b08,tracking_without_comments/docx/4640e71ddd_0062ef190840d69d26aa6ecec30a8cb25f8e1506cee20dac__vs__342f364d46_001342333d45627868f4dc5282abbba4598a91b4a7584b08_redline_c486f3a829.docx,tracking_without_comments/pdf/4640e71ddd_0062ef190840d69d26aa6ecec30a8cb25f8e1506cee20dac__vs__342f364d46_001342333d45627868f4dc5282abbba4598a91b4a7584b08_redline_c486f3a829.pdf,tracking_without_comments,c486f3a829,redlines_a100_b10
ad525fb725_0f89ef3a0cec3c85981cde021a1c4cd2121ccf0c7a0d011c__vs__f6ac811afb_61da6f5f8f20fae419e355a027dcc55b9390c8227243d3fc_redline_c626b7f70e,clean/docx/ad525fb725_0f89ef3a0cec3c85981cde021a1c4cd2121ccf0c7a0d011c,clean/docx/f6ac811afb_61da6f5f8f20fae419e355a027dcc55b9390c8227243d3fc,tracking_without_comments/docx/ad525fb725_0f89ef3a0cec3c85981cde021a1c4cd2121ccf0c7a0d011c__vs__f6ac811afb_61da6f5f8f20fae419e355a027dcc55b9390c8227243d3fc_redline_c626b7f70e.docx,tracking_without_comments/pdf/ad525fb725_0f89ef3a0cec3c85981cde021a1c4cd2121ccf0c7a0d011c__vs__f6ac811afb_61da6f5f8f20fae419e355a027dcc55b9390c8227243d3fc_redline_c626b7f70e.pdf,tracking_without_comments,c626b7f70e,redlines_en_500
c512c8de7e_file_142__vs__eac167172d_file_143_redline_c6e5577115,clean/docx/c512c8de7e_file_142,tracking_without_comments/docx/eac167172d_file_143,tracking_without_comments/docx/c512c8de7e_file_142__vs__eac167172d_file_143_redline_c6e5577115.docx,tracking_without_comments/pdf/c512c8de7e_file_142__vs__eac167172d_file_143_redline_c6e5577115.pdf,tracking_without_comments,c6e5577115,nocomments_randomized
617c1284c9_00feb732c2ef2b643a132e4305e16833fd047b46ca44b65b__vs__bd3824dd1e_000ee64ef7226d353297888f59a251e24ce5d776fea000fa_redline_c7d135bac5,clean/docx/617c1284c9_00feb732c2ef2b643a132e4305e16833fd047b46ca44b65b,clean/docx/bd3824dd1e_000ee64ef7226d353297888f59a251e24ce5d776fea000fa,tracking_without_comments/docx/617c1284c9_00feb732c2ef2b643a132e4305e16833fd047b46ca44b65b__vs__bd3824dd1e_000ee64ef7226d353297888f59a251e24ce5d776fea000fa_redline_c7d135bac5.docx,tracking_without_comments/pdf/617c1284c9_00feb732c2ef2b643a132e4305e16833fd047b46ca44b65b__vs__bd3824dd1e_000ee64ef7226d353297888f59a251e24ce5d776fea000fa_redline_c7d135bac5.pdf,tracking_without_comments,c7d135bac5,redlines_a100_b10
73d6aee5fe_f53c751089216b69da9bc8bb36ed69f534da675b2fac0a1d__vs__ce4eeb330b_34b89dae5a52c943de7cb518e7eca958446c517976849cd1_redline_c86b61b740,clean/docx/73d6aee5fe_f53c751089216b69da9bc8bb36ed69f534da675b2fac0a1d,clean/docx/ce4eeb330b_34b89dae5a52c943de7cb518e7eca958446c517976849cd1,tracking_without_comments/docx/73d6aee5fe_f53c751089216b69da9bc8bb36ed69f534da675b2fac0a1d__vs__ce4eeb330b_34b89dae5a52c943de7cb518e7eca958446c517976849cd1_redline_c86b61b740.docx,tracking_without_comments/pdf/73d6aee5fe_f53c751089216b69da9bc8bb36ed69f534da675b2fac0a1d__vs__ce4eeb330b_34b89dae5a52c943de7cb518e7eca958446c517976849cd1_redline_c86b61b740.pdf,tracking_without_comments,c86b61b740,redlines_en_500
0e6f813e69_00d2ca27359f3d1d5ee2c2904b48a3e4717faf7fdf6413f6__vs__aa5340125d_00a4b0b91e9b5b072dc3771391c2d608518690eccf44eae8_redline_c8ffe00add,clean/docx/0e6f813e69_00d2ca27359f3d1d5ee2c2904b48a3e4717faf7fdf6413f6,clean/docx/aa5340125d_00a4b0b91e9b5b072dc3771391c2d608518690eccf44eae8,tracking_without_comments/docx/0e6f813e69_00d2ca27359f3d1d5ee2c2904b48a3e4717faf7fdf6413f6__vs__aa5340125d_00a4b0b91e9b5b072dc3771391c2d608518690eccf44eae8_redline_c8ffe00add.docx,tracking_without_comments/pdf/0e6f813e69_00d2ca27359f3d1d5ee2c2904b48a3e4717faf7fdf6413f6__vs__aa5340125d_00a4b0b91e9b5b072dc3771391c2d608518690eccf44eae8_redline_c8ffe00add.pdf,tracking_without_comments,c8ffe00add,redlines_a100_b10
f7ece685ff_behavior__math_limit_tests_6dc07867__vs__432a12b1a9_behavior__word_native_bullet_square_da8bb73c_redline_ca516d2f7f,clean/docx/f7ece685ff_behavior__math_limit_tests_6dc07867,clean/docx/432a12b1a9_behavior__word_native_bullet_square_da8bb73c,tracking_without_comments/docx/f7ece685ff_behavior__math_limit_tests_6dc07867__vs__432a12b1a9_behavior__word_native_bullet_square_da8bb73c_redline_ca516d2f7f.docx,tracking_without_comments/pdf/f7ece685ff_behavior__math_limit_tests_6dc07867__vs__432a12b1a9_behavior__word_native_bullet_square_da8bb73c_redline_ca516d2f7f.pdf,tracking_without_comments,ca516d2f7f,word_redlines_superdoc
27a86eae8a_411f3ec650e0df13d483c9404a707adfa5707f2cedfa47cf__vs__57dbc2463b_5fda2eccd82055b20583fbedb99369e4257f9f7aa8ed0986_redline_cb164cf87a,clean/docx/27a86eae8a_411f3ec650e0df13d483c9404a707adfa5707f2cedfa47cf,clean/docx/57dbc2463b_5fda2eccd82055b20583fbedb99369e4257f9f7aa8ed0986,tracking_without_comments/docx/27a86eae8a_411f3ec650e0df13d483c9404a707adfa5707f2cedfa47cf__vs__57dbc2463b_5fda2eccd82055b20583fbedb99369e4257f9f7aa8ed0986_redline_cb164cf87a.docx,tracking_without_comments/pdf/27a86eae8a_411f3ec650e0df13d483c9404a707adfa5707f2cedfa47cf__vs__57dbc2463b_5fda2eccd82055b20583fbedb99369e4257f9f7aa8ed0986_redline_cb164cf87a.pdf,tracking_without_comments,cb164cf87a,redlines_en_500
be5bf990cb_file_16__vs__d6ba4fabd2_file_17_redline_cbf73c2d81,with_comments_tracking/docx/be5bf990cb_file_16,tracking_without_comments/docx/d6ba4fabd2_file_17,with_comments_tracking/docx/be5bf990cb_file_16__vs__d6ba4fabd2_file_17_redline_cbf73c2d81.docx,with_comments_tracking/pdf/be5bf990cb_file_16__vs__d6ba4fabd2_file_17_redline_cbf73c2d81.pdf,with_comments_tracking,cbf73c2d81,word_based_randomized_0926
f89ff5989b_evals__nda_7f304918__vs__0a2898b58a_evals__report_with_formatting_03f385ed_redline_cd9b4144f9,clean/docx/f89ff5989b_evals__nda_7f304918,clean/docx/0a2898b58a_evals__report_with_formatting_03f385ed,tracking_without_comments/docx/f89ff5989b_evals__nda_7f304918__vs__0a2898b58a_evals__report_with_formatting_03f385ed_redline_cd9b4144f9.docx,tracking_without_comments/pdf/f89ff5989b_evals__nda_7f304918__vs__0a2898b58a_evals__report_with_formatting_03f385ed_redline_cd9b4144f9.pdf,tracking_without_comments,cd9b4144f9,word_redlines_superdoc
cf02e0407e_file_26__vs__b175a00954_file_27_redline_cee8601521,tracking_without_comments/docx/cf02e0407e_file_26,with_comments_tracking/docx/b175a00954_file_27,with_comments_tracking/docx/cf02e0407e_file_26__vs__b175a00954_file_27_redline_cee8601521.docx,with_comments_tracking/pdf/cf02e0407e_file_26__vs__b175a00954_file_27_redline_cee8601521.pdf,with_comments_tracking,cee8601521,word_based_randomized_0926
443c1573df_file_37__vs__d3241afc7c_file_38_redline_d0772fd5bf,clean/docx/443c1573df_file_37,clean/docx/d3241afc7c_file_38,tracking_without_comments/docx/443c1573df_file_37__vs__d3241afc7c_file_38_redline_d0772fd5bf.docx,tracking_without_comments/pdf/443c1573df_file_37__vs__d3241afc7c_file_38_redline_d0772fd5bf.pdf,tracking_without_comments,d0772fd5bf,nocomments_randomized
63f2ae8323_00d7e931786f09113a59daafeb4c51113fbd97f3f09d93c2__vs__2773adf157_0004c94ca2a8684d47449bb0e7abf87de1df71a7e6543252_redline_d18f000a30,clean/docx/63f2ae8323_00d7e931786f09113a59daafeb4c51113fbd97f3f09d93c2,clean/docx/2773adf157_0004c94ca2a8684d47449bb0e7abf87de1df71a7e6543252,tracking_without_comments/docx/63f2ae8323_00d7e931786f09113a59daafeb4c51113fbd97f3f09d93c2__vs__2773adf157_0004c94ca2a8684d47449bb0e7abf87de1df71a7e6543252_redline_d18f000a30.docx,tracking_without_comments/pdf/63f2ae8323_00d7e931786f09113a59daafeb4c51113fbd97f3f09d93c2__vs__2773adf157_0004c94ca2a8684d47449bb0e7abf87de1df71a7e6543252_redline_d18f000a30.pdf,tracking_without_comments,d18f000a30,redlines_a100_b10
8a553b35e4_super_editor__doc_with_spaces_from_styles_734ca2__vs__de3c6fded9_super_editor__doc_with_spacing_e3d47bd7_redline_d239049a2f,clean/docx/8a553b35e4_super_editor__doc_with_spaces_from_styles_734ca2,clean/docx/de3c6fded9_super_editor__doc_with_spacing_e3d47bd7,tracking_without_comments/docx/8a553b35e4_super_editor__doc_with_spaces_from_styles_734ca2__vs__de3c6fded9_super_editor__doc_with_spacing_e3d47bd7_redline_d239049a2f.docx,tracking_without_comments/pdf/8a553b35e4_super_editor__doc_with_spaces_from_styles_734ca2__vs__de3c6fded9_super_editor__doc_with_spacing_e3d47bd7_redline_d239049a2f.pdf,tracking_without_comments,d239049a2f,word_redlines_superdoc
d606327b4e_5c1229df35b4f4d9c161eb0e78d69d78168751c82ed36e23__vs__0796a8a2d6_449a3bc16d4c3f2f1c9d6bbac06f7ebbd864234fe008742f_redline_d2e3a1346e,clean/docx/d606327b4e_5c1229df35b4f4d9c161eb0e78d69d78168751c82ed36e23,clean/docx/0796a8a2d6_449a3bc16d4c3f2f1c9d6bbac06f7ebbd864234fe008742f,tracking_without_comments/docx/d606327b4e_5c1229df35b4f4d9c161eb0e78d69d78168751c82ed36e23__vs__0796a8a2d6_449a3bc16d4c3f2f1c9d6bbac06f7ebbd864234fe008742f_redline_d2e3a1346e.docx,tracking_without_comments/pdf/d606327b4e_5c1229df35b4f4d9c161eb0e78d69d78168751c82ed36e23__vs__0796a8a2d6_449a3bc16d4c3f2f1c9d6bbac06f7ebbd864234fe008742f_redline_d2e3a1346e.pdf,tracking_without_comments,d2e3a1346e,redlines_en_500
fbe14959b0_000f5278175aa01c2b9517b07e8a087014e4a05ab3e24f41__vs__342f364d46_001342333d45627868f4dc5282abbba4598a91b4a7584b08_redline_d452d8446d,clean/docx/fbe14959b0_000f5278175aa01c2b9517b07e8a087014e4a05ab3e24f41,clean/docx/342f364d46_001342333d45627868f4dc5282abbba4598a91b4a7584b08,tracking_without_comments/docx/fbe14959b0_000f5278175aa01c2b9517b07e8a087014e4a05ab3e24f41__vs__342f364d46_001342333d45627868f4dc5282abbba4598a91b4a7584b08_redline_d452d8446d.docx,tracking_without_comments/pdf/fbe14959b0_000f5278175aa01c2b9517b07e8a087014e4a05ab3e24f41__vs__342f364d46_001342333d45627868f4dc5282abbba4598a91b4a7584b08_redline_d452d8446d.pdf,tracking_without_comments,d452d8446d,redlines_a100_b10
0bf5192ed0_00afb3e6b2bb1a5ab1e1770ba41f6f455f87472d24ab2767__vs__5203829c7a_001cc92b88566d5f930fe57f25813c0bf52a7bdc72c217d0_redline_d51a137260,tracking_without_comments/docx/0bf5192ed0_00afb3e6b2bb1a5ab1e1770ba41f6f455f87472d24ab2767,clean/docx/5203829c7a_001cc92b88566d5f930fe57f25813c0bf52a7bdc72c217d0,tracking_without_comments/docx/0bf5192ed0_00afb3e6b2bb1a5ab1e1770ba41f6f455f87472d24ab2767__vs__5203829c7a_001cc92b88566d5f930fe57f25813c0bf52a7bdc72c217d0_redline_d51a137260.docx,tracking_without_comments/pdf/0bf5192ed0_00afb3e6b2bb1a5ab1e1770ba41f6f455f87472d24ab2767__vs__5203829c7a_001cc92b88566d5f930fe57f25813c0bf52a7bdc72c217d0_redline_d51a137260.pdf,tracking_without_comments,d51a137260,redlines_a100_b10
8c6f0ec73d_d54e7e995ac552e60bbf555c16f1f014c729f43736688e51__vs__c8977628cd_8b43f19268ad751b767e9dab2e46b6b786cb95f85e8ddc89_redline_d5ec340b25,clean/docx/8c6f0ec73d_d54e7e995ac552e60bbf555c16f1f014c729f43736688e51,clean/docx/c8977628cd_8b43f19268ad751b767e9dab2e46b6b786cb95f85e8ddc89,tracking_without_comments/docx/8c6f0ec73d_d54e7e995ac552e60bbf555c16f1f014c729f43736688e51__vs__c8977628cd_8b43f19268ad751b767e9dab2e46b6b786cb95f85e8ddc89_redline_d5ec340b25.docx,tracking_without_comments/pdf/8c6f0ec73d_d54e7e995ac552e60bbf555c16f1f014c729f43736688e51__vs__c8977628cd_8b43f19268ad751b767e9dab2e46b6b786cb95f85e8ddc89_redline_d5ec340b25.pdf,tracking_without_comments,d5ec340b25,redlines_en_500
eb6c0a6b3d_6e887b917bd3d9b6517240ec5fff92e2e80df2355f0b2c0d__vs__dd8f5157a7_44fde829656a31e42c997f295e47c96040150a4a122c6d6a_redline_d68996f643,clean/docx/eb6c0a6b3d_6e887b917bd3d9b6517240ec5fff92e2e80df2355f0b2c0d,clean/docx/dd8f5157a7_44fde829656a31e42c997f295e47c96040150a4a122c6d6a,tracking_without_comments/docx/eb6c0a6b3d_6e887b917bd3d9b6517240ec5fff92e2e80df2355f0b2c0d__vs__dd8f5157a7_44fde829656a31e42c997f295e47c96040150a4a122c6d6a_redline_d68996f643.docx,tracking_without_comments/pdf/eb6c0a6b3d_6e887b917bd3d9b6517240ec5fff92e2e80df2355f0b2c0d__vs__dd8f5157a7_44fde829656a31e42c997f295e47c96040150a4a122c6d6a_redline_d68996f643.pdf,tracking_without_comments,d68996f643,redlines_en_500
ef7218d9e8_001893584bf94ff30c98db48cb8a0ea0ea5abc048f3e1a4d__vs__5203829c7a_001cc92b88566d5f930fe57f25813c0bf52a7bdc72c217d0_redline_d7962d3334,clean/docx/ef7218d9e8_001893584bf94ff30c98db48cb8a0ea0ea5abc048f3e1a4d,clean/docx/5203829c7a_001cc92b88566d5f930fe57f25813c0bf52a7bdc72c217d0,tracking_without_comments/docx/ef7218d9e8_001893584bf94ff30c98db48cb8a0ea0ea5abc048f3e1a4d__vs__5203829c7a_001cc92b88566d5f930fe57f25813c0bf52a7bdc72c217d0_redline_d7962d3334.docx,tracking_without_comments/pdf/ef7218d9e8_001893584bf94ff30c98db48cb8a0ea0ea5abc048f3e1a4d__vs__5203829c7a_001cc92b88566d5f930fe57f25813c0bf52a7bdc72c217d0_redline_d7962d3334.pdf,tracking_without_comments,d7962d3334,redlines_a100_b10
75b13139d1_01424129e67ac16566c504bbb091d985cb6316a08abf5730__vs__bd3824dd1e_000ee64ef7226d353297888f59a251e24ce5d776fea000fa_redline_d86567e8af,clean/docx/75b13139d1_01424129e67ac16566c504bbb091d985cb6316a08abf5730,clean/docx/bd3824dd1e_000ee64ef7226d353297888f59a251e24ce5d776fea000fa,tracking_without_comments/docx/75b13139d1_01424129e67ac16566c504bbb091d985cb6316a08abf5730__vs__bd3824dd1e_000ee64ef7226d353297888f59a251e24ce5d776fea000fa_redline_d86567e8af.docx,tracking_without_comments/pdf/75b13139d1_01424129e67ac16566c504bbb091d985cb6316a08abf5730__vs__bd3824dd1e_000ee64ef7226d353297888f59a251e24ce5d776fea000fa_redline_d86567e8af.pdf,tracking_without_comments,d86567e8af,redlines_a100_b10
286955227d_0134fe85fb88da2accd6637e1c44bdd4f8b7fbb533bd47ba__vs__1424386e9b_017447de83753a0e3b7afc659df038ef56972925336c6a5b_redline_d95a06eed1,clean/docx/286955227d_0134fe85fb88da2accd6637e1c44bdd4f8b7fbb533bd47ba,clean/docx/1424386e9b_017447de83753a0e3b7afc659df038ef56972925336c6a5b,tracking_without_comments/docx/286955227d_0134fe85fb88da2accd6637e1c44bdd4f8b7fbb533bd47ba__vs__1424386e9b_017447de83753a0e3b7afc659df038ef56972925336c6a5b_redline_d95a06eed1.docx,tracking_without_comments/pdf/286955227d_0134fe85fb88da2accd6637e1c44bdd4f8b7fbb533bd47ba__vs__1424386e9b_017447de83753a0e3b7afc659df038ef56972925336c6a5b_redline_d95a06eed1.pdf,tracking_without_comments,d95a06eed1,redlines_a100_b10
2e7f1e6637_0120556a0553eb1ba39978d5911b7ce62be10a9bdc7c9191__vs__a5f2b9318d_002aa60c2ae1187417b4b157c5ec6450324cc056ec551a12_redline_da64554015,clean/docx/2e7f1e6637_0120556a0553eb1ba39978d5911b7ce62be10a9bdc7c9191,clean/docx/a5f2b9318d_002aa60c2ae1187417b4b157c5ec6450324cc056ec551a12,tracking_without_comments/docx/2e7f1e6637_0120556a0553eb1ba39978d5911b7ce62be10a9bdc7c9191__vs__a5f2b9318d_002aa60c2ae1187417b4b157c5ec6450324cc056ec551a12_redline_da64554015.docx,tracking_without_comments/pdf/2e7f1e6637_0120556a0553eb1ba39978d5911b7ce62be10a9bdc7c9191__vs__a5f2b9318d_002aa60c2ae1187417b4b157c5ec6450324cc056ec551a12_redline_da64554015.pdf,tracking_without_comments,da64554015,redlines_a100_b10
4c3999a0d9_2f1e47b67f38e08aa66f8c6667e88dac17cc31f5e32ce219__vs__6a0425f294_35e46f6ecb40163d6866a0374791aa3680f314adcf860db0_redline_db0f90defc,clean/docx/4c3999a0d9_2f1e47b67f38e08aa66f8c6667e88dac17cc31f5e32ce219,clean/docx/6a0425f294_35e46f6ecb40163d6866a0374791aa3680f314adcf860db0,tracking_without_comments/docx/4c3999a0d9_2f1e47b67f38e08aa66f8c6667e88dac17cc31f5e32ce219__vs__6a0425f294_35e46f6ecb40163d6866a0374791aa3680f314adcf860db0_redline_db0f90defc.docx,tracking_without_comments/pdf/4c3999a0d9_2f1e47b67f38e08aa66f8c6667e88dac17cc31f5e32ce219__vs__6a0425f294_35e46f6ecb40163d6866a0374791aa3680f314adcf860db0_redline_db0f90defc.pdf,tracking_without_comments,db0f90defc,redlines_en_500
301e302820_super_editor__basic_page_nums_d5b08fc3__vs__ef1e1c68e9_super_editor__basic_paragraph_1774f4e4_redline_dbdf0f687c,clean/docx/301e302820_super_editor__basic_page_nums_d5b08fc3,clean/docx/ef1e1c68e9_super_editor__basic_paragraph_1774f4e4,tracking_without_comments/docx/301e302820_super_editor__basic_page_nums_d5b08fc3__vs__ef1e1c68e9_super_editor__basic_paragraph_1774f4e4_redline_dbdf0f687c.docx,tracking_without_comments/pdf/301e302820_super_editor__basic_page_nums_d5b08fc3__vs__ef1e1c68e9_super_editor__basic_paragraph_1774f4e4_redline_dbdf0f687c.pdf,tracking_without_comments,dbdf0f687c,word_redlines_superdoc
6455d44e99_c9304283a12c18040a60a4b6062dd9f5d082e67d416ef82f__vs__5ef743ae0d_be0740762f580e358cc4e8dc579eba0f634ac5a6de4550ac_redline_dd1abd5b03,clean/docx/6455d44e99_c9304283a12c18040a60a4b6062dd9f5d082e67d416ef82f,clean/docx/5ef743ae0d_be0740762f580e358cc4e8dc579eba0f634ac5a6de4550ac,tracking_without_comments/docx/6455d44e99_c9304283a12c18040a60a4b6062dd9f5d082e67d416ef82f__vs__5ef743ae0d_be0740762f580e358cc4e8dc579eba0f634ac5a6de4550ac_redline_dd1abd5b03.docx,tracking_without_comments/pdf/6455d44e99_c9304283a12c18040a60a4b6062dd9f5d082e67d416ef82f__vs__5ef743ae0d_be0740762f580e358cc4e8dc579eba0f634ac5a6de4550ac_redline_dd1abd5b03.pdf,tracking_without_comments,dd1abd5b03,redlines_en_500
29379c07bf_002adf0715eed4d213774c26c60c78624c2a3cbb3d0397d2__vs__342f364d46_001342333d45627868f4dc5282abbba4598a91b4a7584b08_redline_de2fd5b7b1,clean/docx/29379c07bf_002adf0715eed4d213774c26c60c78624c2a3cbb3d0397d2,clean/docx/342f364d46_001342333d45627868f4dc5282abbba4598a91b4a7584b08,tracking_without_comments/docx/29379c07bf_002adf0715eed4d213774c26c60c78624c2a3cbb3d0397d2__vs__342f364d46_001342333d45627868f4dc5282abbba4598a91b4a7584b08_redline_de2fd5b7b1.docx,tracking_without_comments/pdf/29379c07bf_002adf0715eed4d213774c26c60c78624c2a3cbb3d0397d2__vs__342f364d46_001342333d45627868f4dc5282abbba4598a91b4a7584b08_redline_de2fd5b7b1.pdf,tracking_without_comments,de2fd5b7b1,redlines_a100_b10
fdb2976d19_01415d08f6d1a428e6949533adcd6249cf25676d98d0b78c__vs__342f364d46_001342333d45627868f4dc5282abbba4598a91b4a7584b08_redline_df75b30ef4,clean/docx/fdb2976d19_01415d08f6d1a428e6949533adcd6249cf25676d98d0b78c,clean/docx/342f364d46_001342333d45627868f4dc5282abbba4598a91b4a7584b08,tracking_without_comments/docx/fdb2976d19_01415d08f6d1a428e6949533adcd6249cf25676d98d0b78c__vs__342f364d46_001342333d45627868f4dc5282abbba4598a91b4a7584b08_redline_df75b30ef4.docx,tracking_without_comments/pdf/fdb2976d19_01415d08f6d1a428e6949533adcd6249cf25676d98d0b78c__vs__342f364d46_001342333d45627868f4dc5282abbba4598a91b4a7584b08_redline_df75b30ef4.pdf,tracking_without_comments,df75b30ef4,redlines_a100_b10
4640e71ddd_0062ef190840d69d26aa6ecec30a8cb25f8e1506cee20dac__vs__5203829c7a_001cc92b88566d5f930fe57f25813c0bf52a7bdc72c217d0_redline_e0af18fb3d,clean/docx/4640e71ddd_0062ef190840d69d26aa6ecec30a8cb25f8e1506cee20dac,clean/docx/5203829c7a_001cc92b88566d5f930fe57f25813c0bf52a7bdc72c217d0,tracking_without_comments/docx/4640e71ddd_0062ef190840d69d26aa6ecec30a8cb25f8e1506cee20dac__vs__5203829c7a_001cc92b88566d5f930fe57f25813c0bf52a7bdc72c217d0_redline_e0af18fb3d.docx,tracking_without_comments/pdf/4640e71ddd_0062ef190840d69d26aa6ecec30a8cb25f8e1506cee20dac__vs__5203829c7a_001cc92b88566d5f930fe57f25813c0bf52a7bdc72c217d0_redline_e0af18fb3d.pdf,tracking_without_comments,e0af18fb3d,redlines_a100_b10
bc514b554e_00d979c97e42f03faff5f49e2a7dfa9afd30996214602e19__vs__5203829c7a_001cc92b88566d5f930fe57f25813c0bf52a7bdc72c217d0_redline_e16b4e056d,clean/docx/bc514b554e_00d979c97e42f03faff5f49e2a7dfa9afd30996214602e19,clean/docx/5203829c7a_001cc92b88566d5f930fe57f25813c0bf52a7bdc72c217d0,tracking_without_comments/docx/bc514b554e_00d979c97e42f03faff5f49e2a7dfa9afd30996214602e19__vs__5203829c7a_001cc92b88566d5f930fe57f25813c0bf52a7bdc72c217d0_redline_e16b4e056d.docx,tracking_without_comments/pdf/bc514b554e_00d979c97e42f03faff5f49e2a7dfa9afd30996214602e19__vs__5203829c7a_001cc92b88566d5f930fe57f25813c0bf52a7bdc72c217d0_redline_e16b4e056d.pdf,tracking_without_comments,e16b4e056d,redlines_a100_b10
19891583af_000f23dc2592a0044f1da2e4f2166c6b41e8fde6a66a1988__vs__a5f2b9318d_002aa60c2ae1187417b4b157c5ec6450324cc056ec551a12_redline_e22dd7a2c9,clean/docx/19891583af_000f23dc2592a0044f1da2e4f2166c6b41e8fde6a66a1988,clean/docx/a5f2b9318d_002aa60c2ae1187417b4b157c5ec6450324cc056ec551a12,tracking_without_comments/docx/19891583af_000f23dc2592a0044f1da2e4f2166c6b41e8fde6a66a1988__vs__a5f2b9318d_002aa60c2ae1187417b4b157c5ec6450324cc056ec551a12_redline_e22dd7a2c9.docx,tracking_without_comments/pdf/19891583af_000f23dc2592a0044f1da2e4f2166c6b41e8fde6a66a1988__vs__a5f2b9318d_002aa60c2ae1187417b4b157c5ec6450324cc056ec551a12_redline_e22dd7a2c9.pdf,tracking_without_comments,e22dd7a2c9,redlines_a100_b10
a04e2d2749_ooxml_style_link__vs__053c86de5f_open_sans_bold_underline_id_paraid_overflow_redline_e355676ef2,clean/docx/a04e2d2749_ooxml_style_link,clean/docx/053c86de5f_open_sans_bold_underline_id_paraid_overflow,tracking_without_comments/docx/a04e2d2749_ooxml_style_link__vs__053c86de5f_open_sans_bold_underline_id_paraid_overflow_redline_e355676ef2.docx,tracking_without_comments/pdf/a04e2d2749_ooxml_style_link__vs__053c86de5f_open_sans_bold_underline_id_paraid_overflow_redline_e355676ef2.pdf,tracking_without_comments,e355676ef2,word_based_0926
12033d2ca5_bc404781cb7c84f7c76061d998daff4b9224a2de0cdcceb4__vs__334eb73a7c_df8c4f9c7d2c85b4042854f488e93a8d7d3404c404a512f5_redline_e48e5fec25,clean/docx/12033d2ca5_bc404781cb7c84f7c76061d998daff4b9224a2de0cdcceb4,clean/docx/334eb73a7c_df8c4f9c7d2c85b4042854f488e93a8d7d3404c404a512f5,tracking_without_comments/docx/12033d2ca5_bc404781cb7c84f7c76061d998daff4b9224a2de0cdcceb4__vs__334eb73a7c_df8c4f9c7d2c85b4042854f488e93a8d7d3404c404a512f5_redline_e48e5fec25.docx,tracking_without_comments/pdf/12033d2ca5_bc404781cb7c84f7c76061d998daff4b9224a2de0cdcceb4__vs__334eb73a7c_df8c4f9c7d2c85b4042854f488e93a8d7d3404c404a512f5_redline_e48e5fec25.pdf,tracking_without_comments,e48e5fec25,redlines_en_500
899ef4306e_0017891576e438292c35db3155e97d16ec0d68144e21bfc3__vs__2e04202552_000e3e7bd2d6215fc7b469cc3e296c1b2a510bc1abc7e0fd_redline_e56ce4ec16,clean/docx/899ef4306e_0017891576e438292c35db3155e97d16ec0d68144e21bfc3,clean/docx/2e04202552_000e3e7bd2d6215fc7b469cc3e296c1b2a510bc1abc7e0fd,tracking_without_comments/docx/899ef4306e_0017891576e438292c35db3155e97d16ec0d68144e21bfc3__vs__2e04202552_000e3e7bd2d6215fc7b469cc3e296c1b2a510bc1abc7e0fd_redline_e56ce4ec16.docx,tracking_without_comments/pdf/899ef4306e_0017891576e438292c35db3155e97d16ec0d68144e21bfc3__vs__2e04202552_000e3e7bd2d6215fc7b469cc3e296c1b2a510bc1abc7e0fd_redline_e56ce4ec16.pdf,tracking_without_comments,e56ce4ec16,redlines_a100_b10
5ad6e6d44f_0199027cbf967c88ab833b77e5bc5d629bacecbd40a87c26__vs__bd3824dd1e_000ee64ef7226d353297888f59a251e24ce5d776fea000fa_redline_e6cd25aa6e,tracking_without_comments/docx/5ad6e6d44f_0199027cbf967c88ab833b77e5bc5d629bacecbd40a87c26,clean/docx/bd3824dd1e_000ee64ef7226d353297888f59a251e24ce5d776fea000fa,tracking_without_comments/docx/5ad6e6d44f_0199027cbf967c88ab833b77e5bc5d629bacecbd40a87c26__vs__bd3824dd1e_000ee64ef7226d353297888f59a251e24ce5d776fea000fa_redline_e6cd25aa6e.docx,tracking_without_comments/pdf/5ad6e6d44f_0199027cbf967c88ab833b77e5bc5d629bacecbd40a87c26__vs__bd3824dd1e_000ee64ef7226d353297888f59a251e24ce5d776fea000fa_redline_e6cd25aa6e.pdf,tracking_without_comments,e6cd25aa6e,redlines_a100_b10
25897f5751_e5bb1119c95821ee32ba5ca19459c35c55d4830d059347c5__vs__34b4d94c87_f097aa6382405d3cfaaf4bcc18529ac94cd3a2402f8fcf5c_redline_e83dabcd41,clean/docx/25897f5751_e5bb1119c95821ee32ba5ca19459c35c55d4830d059347c5,clean/docx/34b4d94c87_f097aa6382405d3cfaaf4bcc18529ac94cd3a2402f8fcf5c,tracking_without_comments/docx/25897f5751_e5bb1119c95821ee32ba5ca19459c35c55d4830d059347c5__vs__34b4d94c87_f097aa6382405d3cfaaf4bcc18529ac94cd3a2402f8fcf5c_redline_e83dabcd41.docx,tracking_without_comments/pdf/25897f5751_e5bb1119c95821ee32ba5ca19459c35c55d4830d059347c5__vs__34b4d94c87_f097aa6382405d3cfaaf4bcc18529ac94cd3a2402f8fcf5c_redline_e83dabcd41.pdf,tracking_without_comments,e83dabcd41,redlines_en_500
f529133cd5_super_editor__basic_comment_d3ba5f1e__vs__8df6dfa8d7_alternate_content_redline_e8fafc3cba,with_comments_clean/docx/f529133cd5_super_editor__basic_comment_d3ba5f1e,clean/docx/8df6dfa8d7_alternate_content,with_comments_tracking/docx/f529133cd5_super_editor__basic_comment_d3ba5f1e__vs__8df6dfa8d7_alternate_content_redline_e8fafc3cba.docx,with_comments_tracking/pdf/f529133cd5_super_editor__basic_comment_d3ba5f1e__vs__8df6dfa8d7_alternate_content_redline_e8fafc3cba.pdf,with_comments_tracking,e8fafc3cba,word_redlines_superdoc_0926
a3df367231_001a6655d72fbecf6a1d10e479eee052a779d6ba1d0848d7__vs__bd3824dd1e_000ee64ef7226d353297888f59a251e24ce5d776fea000fa_redline_e9bf31a541,clean/docx/a3df367231_001a6655d72fbecf6a1d10e479eee052a779d6ba1d0848d7,clean/docx/bd3824dd1e_000ee64ef7226d353297888f59a251e24ce5d776fea000fa,tracking_without_comments/docx/a3df367231_001a6655d72fbecf6a1d10e479eee052a779d6ba1d0848d7__vs__bd3824dd1e_000ee64ef7226d353297888f59a251e24ce5d776fea000fa_redline_e9bf31a541.docx,tracking_without_comments/pdf/a3df367231_001a6655d72fbecf6a1d10e479eee052a779d6ba1d0848d7__vs__bd3824dd1e_000ee64ef7226d353297888f59a251e24ce5d776fea000fa_redline_e9bf31a541.pdf,tracking_without_comments,e9bf31a541,redlines_a100_b10
4640e71ddd_0062ef190840d69d26aa6ecec30a8cb25f8e1506cee20dac__vs__aa5340125d_00a4b0b91e9b5b072dc3771391c2d608518690eccf44eae8_redline_ea55c722de,clean/docx/4640e71ddd_0062ef190840d69d26aa6ecec30a8cb25f8e1506cee20dac,clean/docx/aa5340125d_00a4b0b91e9b5b072dc3771391c2d608518690eccf44eae8,tracking_without_comments/docx/4640e71ddd_0062ef190840d69d26aa6ecec30a8cb25f8e1506cee20dac__vs__aa5340125d_00a4b0b91e9b5b072dc3771391c2d608518690eccf44eae8_redline_ea55c722de.docx,tracking_without_comments/pdf/4640e71ddd_0062ef190840d69d26aa6ecec30a8cb25f8e1506cee20dac__vs__aa5340125d_00a4b0b91e9b5b072dc3771391c2d608518690eccf44eae8_redline_ea55c722de.pdf,tracking_without_comments,ea55c722de,redlines_a100_b10
bb7d7ca374_44325609d4be3b0e6299cdbd606242aab96b8e4abba544e0__vs__0f2e7c9b9b_14be283f9499c475a8b2e5b9df41db3de81072f41dc15722_redline_eb3d6ce130,clean/docx/bb7d7ca374_44325609d4be3b0e6299cdbd606242aab96b8e4abba544e0,clean/docx/0f2e7c9b9b_14be283f9499c475a8b2e5b9df41db3de81072f41dc15722,tracking_without_comments/docx/bb7d7ca374_44325609d4be3b0e6299cdbd606242aab96b8e4abba544e0__vs__0f2e7c9b9b_14be283f9499c475a8b2e5b9df41db3de81072f41dc15722_redline_eb3d6ce130.docx,tracking_without_comments/pdf/bb7d7ca374_44325609d4be3b0e6299cdbd606242aab96b8e4abba544e0__vs__0f2e7c9b9b_14be283f9499c475a8b2e5b9df41db3de81072f41dc15722_redline_eb3d6ce130.pdf,tracking_without_comments,eb3d6ce130,redlines_en_500
bc514b554e_00d979c97e42f03faff5f49e2a7dfa9afd30996214602e19__vs__1424386e9b_017447de83753a0e3b7afc659df038ef56972925336c6a5b_redline_ec403c8c9c,clean/docx/bc514b554e_00d979c97e42f03faff5f49e2a7dfa9afd30996214602e19,clean/docx/1424386e9b_017447de83753a0e3b7afc659df038ef56972925336c6a5b,tracking_without_comments/docx/bc514b554e_00d979c97e42f03faff5f49e2a7dfa9afd30996214602e19__vs__1424386e9b_017447de83753a0e3b7afc659df038ef56972925336c6a5b_redline_ec403c8c9c.docx,tracking_without_comments/pdf/bc514b554e_00d979c97e42f03faff5f49e2a7dfa9afd30996214602e19__vs__1424386e9b_017447de83753a0e3b7afc659df038ef56972925336c6a5b_redline_ec403c8c9c.pdf,tracking_without_comments,ec403c8c9c,redlines_a100_b10
3c790a30b8_file_121__vs__5584d8ea29_file_122_redline_ecda810766,clean/docx/3c790a30b8_file_121,clean/docx/5584d8ea29_file_122,tracking_without_comments/docx/3c790a30b8_file_121__vs__5584d8ea29_file_122_redline_ecda810766.docx,tracking_without_comments/pdf/3c790a30b8_file_121__vs__5584d8ea29_file_122_redline_ecda810766.pdf,tracking_without_comments,ecda810766,nocomments_randomized
66cfa52b0c_fe09ce606b20a9bbd10d61a87218cb0a70e980d2bb3639e7__vs__c28aafcf60_4e3bc5acd19c432f43ad0adb3fb56f5739bcbe6cd8e9bcb4_redline_ee3c219df7,clean/docx/66cfa52b0c_fe09ce606b20a9bbd10d61a87218cb0a70e980d2bb3639e7,clean/docx/c28aafcf60_4e3bc5acd19c432f43ad0adb3fb56f5739bcbe6cd8e9bcb4,tracking_without_comments/docx/66cfa52b0c_fe09ce606b20a9bbd10d61a87218cb0a70e980d2bb3639e7__vs__c28aafcf60_4e3bc5acd19c432f43ad0adb3fb56f5739bcbe6cd8e9bcb4_redline_ee3c219df7.docx,tracking_without_comments/pdf/66cfa52b0c_fe09ce606b20a9bbd10d61a87218cb0a70e980d2bb3639e7__vs__c28aafcf60_4e3bc5acd19c432f43ad0adb3fb56f5739bcbe6cd8e9bcb4_redline_ee3c219df7.pdf,tracking_without_comments,ee3c219df7,redlines_en_500
432bf1c280_010684299d3c5523897eb69efb8c1c743c0a7623137d64fe__vs__aa5340125d_00a4b0b91e9b5b072dc3771391c2d608518690eccf44eae8_redline_eed68538c8,clean/docx/432bf1c280_010684299d3c5523897eb69efb8c1c743c0a7623137d64fe,clean/docx/aa5340125d_00a4b0b91e9b5b072dc3771391c2d608518690eccf44eae8,tracking_without_comments/docx/432bf1c280_010684299d3c5523897eb69efb8c1c743c0a7623137d64fe__vs__aa5340125d_00a4b0b91e9b5b072dc3771391c2d608518690eccf44eae8_redline_eed68538c8.docx,tracking_without_comments/pdf/432bf1c280_010684299d3c5523897eb69efb8c1c743c0a7623137d64fe__vs__aa5340125d_00a4b0b91e9b5b072dc3771391c2d608518690eccf44eae8_redline_eed68538c8.pdf,tracking_without_comments,eed68538c8,redlines_a100_b10
6fffde4ae2_000bf66110e841e1d2c2e862fc7db869b8d410586ad12d0d__vs__2773adf157_0004c94ca2a8684d47449bb0e7abf87de1df71a7e6543252_redline_ef3ffabfc9,clean/docx/6fffde4ae2_000bf66110e841e1d2c2e862fc7db869b8d410586ad12d0d,clean/docx/2773adf157_0004c94ca2a8684d47449bb0e7abf87de1df71a7e6543252,tracking_without_comments/docx/6fffde4ae2_000bf66110e841e1d2c2e862fc7db869b8d410586ad12d0d__vs__2773adf157_0004c94ca2a8684d47449bb0e7abf87de1df71a7e6543252_redline_ef3ffabfc9.docx,tracking_without_comments/pdf/6fffde4ae2_000bf66110e841e1d2c2e862fc7db869b8d410586ad12d0d__vs__2773adf157_0004c94ca2a8684d47449bb0e7abf87de1df71a7e6543252_redline_ef3ffabfc9.pdf,tracking_without_comments,ef3ffabfc9,redlines_a100_b10
19313bb0d2_013bfd9bed003f93622f5b45095bb7471499aea576b0e48e__vs__333bfe069a_003416d620331122b93b434dad901db5836f60d2cad4b533_redline_efa9bdd06a,clean/docx/19313bb0d2_013bfd9bed003f93622f5b45095bb7471499aea576b0e48e,clean/docx/333bfe069a_003416d620331122b93b434dad901db5836f60d2cad4b533,tracking_without_comments/docx/19313bb0d2_013bfd9bed003f93622f5b45095bb7471499aea576b0e48e__vs__333bfe069a_003416d620331122b93b434dad901db5836f60d2cad4b533_redline_efa9bdd06a.docx,tracking_without_comments/pdf/19313bb0d2_013bfd9bed003f93622f5b45095bb7471499aea576b0e48e__vs__333bfe069a_003416d620331122b93b434dad901db5836f60d2cad4b533_redline_efa9bdd06a.pdf,tracking_without_comments,efa9bdd06a,redlines_a100_b10
e7c343d697_34a28b1fb81444929cf7417c8ed40888a729f9f3ac415423__vs__bcdd633e09_2386218ba0e1314b5be501f81d6d5888ccb9fd8335cfb307_redline_f0a2e4758f,clean/docx/e7c343d697_34a28b1fb81444929cf7417c8ed40888a729f9f3ac415423,clean/docx/bcdd633e09_2386218ba0e1314b5be501f81d6d5888ccb9fd8335cfb307,tracking_without_comments/docx/e7c343d697_34a28b1fb81444929cf7417c8ed40888a729f9f3ac415423__vs__bcdd633e09_2386218ba0e1314b5be501f81d6d5888ccb9fd8335cfb307_redline_f0a2e4758f.docx,tracking_without_comments/pdf/e7c343d697_34a28b1fb81444929cf7417c8ed40888a729f9f3ac415423__vs__bcdd633e09_2386218ba0e1314b5be501f81d6d5888ccb9fd8335cfb307_redline_f0a2e4758f.pdf,tracking_without_comments,f0a2e4758f,redlines_en_500
2ad8d15e88_00e901c5aa86bd93002ce801375c57e44c2c78a0e5b308d3__vs__5203829c7a_001cc92b88566d5f930fe57f25813c0bf52a7bdc72c217d0_redline_f14ce3f749,clean/docx/2ad8d15e88_00e901c5aa86bd93002ce801375c57e44c2c78a0e5b308d3,clean/docx/5203829c7a_001cc92b88566d5f930fe57f25813c0bf52a7bdc72c217d0,tracking_without_comments/docx/2ad8d15e88_00e901c5aa86bd93002ce801375c57e44c2c78a0e5b308d3__vs__5203829c7a_001cc92b88566d5f930fe57f25813c0bf52a7bdc72c217d0_redline_f14ce3f749.docx,tracking_without_comments/pdf/2ad8d15e88_00e901c5aa86bd93002ce801375c57e44c2c78a0e5b308d3__vs__5203829c7a_001cc92b88566d5f930fe57f25813c0bf52a7bdc72c217d0_redline_f14ce3f749.pdf,tracking_without_comments,f14ce3f749,redlines_a100_b10
38694026fb_0003b3ae2b115676d918e72f694790ddb64563721bb4a48d__vs__333bfe069a_003416d620331122b93b434dad901db5836f60d2cad4b533_redline_f22244fccc,clean/docx/38694026fb_0003b3ae2b115676d918e72f694790ddb64563721bb4a48d,clean/docx/333bfe069a_003416d620331122b93b434dad901db5836f60d2cad4b533,tracking_without_comments/docx/38694026fb_0003b3ae2b115676d918e72f694790ddb64563721bb4a48d__vs__333bfe069a_003416d620331122b93b434dad901db5836f60d2cad4b533_redline_f22244fccc.docx,tracking_without_comments/pdf/38694026fb_0003b3ae2b115676d918e72f694790ddb64563721bb4a48d__vs__333bfe069a_003416d620331122b93b434dad901db5836f60d2cad4b533_redline_f22244fccc.pdf,tracking_without_comments,f22244fccc,redlines_a100_b10
0a45c11e26_f3be0709437e3db487c472a0932f83d94984b9015dcc4642__vs__99c11b7d8e_f518c13245b2fdb7c69dc16a268913a43656a97451645fbe_redline_f30cea827b,clean/docx/0a45c11e26_f3be0709437e3db487c472a0932f83d94984b9015dcc4642,clean/docx/99c11b7d8e_f518c13245b2fdb7c69dc16a268913a43656a97451645fbe,tracking_without_comments/docx/0a45c11e26_f3be0709437e3db487c472a0932f83d94984b9015dcc4642__vs__99c11b7d8e_f518c13245b2fdb7c69dc16a268913a43656a97451645fbe_redline_f30cea827b.docx,tracking_without_comments/pdf/0a45c11e26_f3be0709437e3db487c472a0932f83d94984b9015dcc4642__vs__99c11b7d8e_f518c13245b2fdb7c69dc16a268913a43656a97451645fbe_redline_f30cea827b.pdf,tracking_without_comments,f30cea827b,redlines_en_500
3138fff3a6_a3023a2f84b5991c012aed0f0b05148b46c895a6909bc58b__vs__cfda171ad5_b6c5d22966c78c331541bedc08ce5c5a3e9d7cb713112201_redline_f46119e54c,clean/docx/3138fff3a6_a3023a2f84b5991c012aed0f0b05148b46c895a6909bc58b,clean/docx/cfda171ad5_b6c5d22966c78c331541bedc08ce5c5a3e9d7cb713112201,tracking_without_comments/docx/3138fff3a6_a3023a2f84b5991c012aed0f0b05148b46c895a6909bc58b__vs__cfda171ad5_b6c5d22966c78c331541bedc08ce5c5a3e9d7cb713112201_redline_f46119e54c.docx,tracking_without_comments/pdf/3138fff3a6_a3023a2f84b5991c012aed0f0b05148b46c895a6909bc58b__vs__cfda171ad5_b6c5d22966c78c331541bedc08ce5c5a3e9d7cb713112201_redline_f46119e54c.pdf,tracking_without_comments,f46119e54c,redlines_en_500
70e0b71385_verdana_italic_centered_demo_id_paraid_overflow__vs__1e0254763b_strict01_redline_f532c5754a,clean/docx/70e0b71385_verdana_italic_centered_demo_id_paraid_overflow,tracking_without_comments/docx/1e0254763b_strict01,tracking_without_comments/docx/70e0b71385_verdana_italic_centered_demo_id_paraid_overflow__vs__1e0254763b_strict01_redline_f532c5754a.docx,tracking_without_comments/pdf/70e0b71385_verdana_italic_centered_demo_id_paraid_overflow__vs__1e0254763b_strict01_redline_f532c5754a.pdf,tracking_without_comments,f532c5754a,nocomments
4ed1b6d133_0020e4099d611a050ed83fb7e0b16d6f48200018bbb1e757__vs__1424386e9b_017447de83753a0e3b7afc659df038ef56972925336c6a5b_redline_f69a70b421,clean/docx/4ed1b6d133_0020e4099d611a050ed83fb7e0b16d6f48200018bbb1e757,clean/docx/1424386e9b_017447de83753a0e3b7afc659df038ef56972925336c6a5b,tracking_without_comments/docx/4ed1b6d133_0020e4099d611a050ed83fb7e0b16d6f48200018bbb1e757__vs__1424386e9b_017447de83753a0e3b7afc659df038ef56972925336c6a5b_redline_f69a70b421.docx,tracking_without_comments/pdf/4ed1b6d133_0020e4099d611a050ed83fb7e0b16d6f48200018bbb1e757__vs__1424386e9b_017447de83753a0e3b7afc659df038ef56972925336c6a5b_redline_f69a70b421.pdf,tracking_without_comments,f69a70b421,redlines_a100_b10
bdfb38a0d4_a017dcc46573b33602a2bb8adb3b873d1e0c3e314627511d__vs__9e94d239ae_bc79e34f74cfc2d846808a6b01b2d58cc05ec74f9747c94d_redline_f789c11f9a,clean/docx/bdfb38a0d4_a017dcc46573b33602a2bb8adb3b873d1e0c3e314627511d,clean/docx/9e94d239ae_bc79e34f74cfc2d846808a6b01b2d58cc05ec74f9747c94d,tracking_without_comments/docx/bdfb38a0d4_a017dcc46573b33602a2bb8adb3b873d1e0c3e314627511d__vs__9e94d239ae_bc79e34f74cfc2d846808a6b01b2d58cc05ec74f9747c94d_redline_f789c11f9a.docx,tracking_without_comments/pdf/bdfb38a0d4_a017dcc46573b33602a2bb8adb3b873d1e0c3e314627511d__vs__9e94d239ae_bc79e34f74cfc2d846808a6b01b2d58cc05ec74f9747c94d_redline_f789c11f9a.pdf,tracking_without_comments,f789c11f9a,redlines_en_500
df9ffe9a8c_file_16__vs__ec900bd182_file_17_redline_f8286525f6,tracking_without_comments/docx/df9ffe9a8c_file_16,tracking_without_comments/docx/ec900bd182_file_17,tracking_without_comments/docx/df9ffe9a8c_file_16__vs__ec900bd182_file_17_redline_f8286525f6.docx,tracking_without_comments/pdf/df9ffe9a8c_file_16__vs__ec900bd182_file_17_redline_f8286525f6.pdf,tracking_without_comments,f8286525f6,nocomments_randomized
1d137d70ee_005bf179b17b3d109d473d5bb10a968731ba985c4bff3743__vs__a5f2b9318d_002aa60c2ae1187417b4b157c5ec6450324cc056ec551a12_redline_f8beef8268,clean/docx/1d137d70ee_005bf179b17b3d109d473d5bb10a968731ba985c4bff3743,clean/docx/a5f2b9318d_002aa60c2ae1187417b4b157c5ec6450324cc056ec551a12,tracking_without_comments/docx/1d137d70ee_005bf179b17b3d109d473d5bb10a968731ba985c4bff3743__vs__a5f2b9318d_002aa60c2ae1187417b4b157c5ec6450324cc056ec551a12_redline_f8beef8268.docx,tracking_without_comments/pdf/1d137d70ee_005bf179b17b3d109d473d5bb10a968731ba985c4bff3743__vs__a5f2b9318d_002aa60c2ae1187417b4b157c5ec6450324cc056ec551a12_redline_f8beef8268.pdf,tracking_without_comments,f8beef8268,redlines_a100_b10
acd3595c3a_0032221e68ad2a7986d1fe113eb1d46b5a7d1901b5aa9318__vs__deff0e697a_00b5defcad6e58038eac35472a2d48c89905068e5ece0cc3_redline_fab397b633,clean/docx/acd3595c3a_0032221e68ad2a7986d1fe113eb1d46b5a7d1901b5aa9318,clean/docx/deff0e697a_00b5defcad6e58038eac35472a2d48c89905068e5ece0cc3,tracking_without_comments/docx/acd3595c3a_0032221e68ad2a7986d1fe113eb1d46b5a7d1901b5aa9318__vs__deff0e697a_00b5defcad6e58038eac35472a2d48c89905068e5ece0cc3_redline_fab397b633.docx,tracking_without_comments/pdf/acd3595c3a_0032221e68ad2a7986d1fe113eb1d46b5a7d1901b5aa9318__vs__deff0e697a_00b5defcad6e58038eac35472a2d48c89905068e5ece0cc3_redline_fab397b633.pdf,tracking_without_comments,fab397b633,redlines_a100_b10
bcd9885022_3f8904d5c2347b1cbdad3ccab4dd3f55a20578b126932e1c__vs__bcb411e0dd_156c3b3ee6ea007ac5904cd8acba1b196939ed86235a029e_redline_fc700b6af5,clean/docx/bcd9885022_3f8904d5c2347b1cbdad3ccab4dd3f55a20578b126932e1c,clean/docx/bcb411e0dd_156c3b3ee6ea007ac5904cd8acba1b196939ed86235a029e,tracking_without_comments/docx/bcd9885022_3f8904d5c2347b1cbdad3ccab4dd3f55a20578b126932e1c__vs__bcb411e0dd_156c3b3ee6ea007ac5904cd8acba1b196939ed86235a029e_redline_fc700b6af5.docx,tracking_without_comments/pdf/bcd9885022_3f8904d5c2347b1cbdad3ccab4dd3f55a20578b126932e1c__vs__bcb411e0dd_156c3b3ee6ea007ac5904cd8acba1b196939ed86235a029e_redline_fc700b6af5.pdf,tracking_without_comments,fc700b6af5,redlines_en_500
aa58aada65_00160046fb2516a560a9681d7ae3e6f4659af57d19555d4e__vs__deff0e697a_00b5defcad6e58038eac35472a2d48c89905068e5ece0cc3_redline_fdd8a39d1a,clean/docx/aa58aada65_00160046fb2516a560a9681d7ae3e6f4659af57d19555d4e,clean/docx/deff0e697a_00b5defcad6e58038eac35472a2d48c89905068e5ece0cc3,tracking_without_comments/docx/aa58aada65_00160046fb2516a560a9681d7ae3e6f4659af57d19555d4e__vs__deff0e697a_00b5defcad6e58038eac35472a2d48c89905068e5ece0cc3_redline_fdd8a39d1a.docx,tracking_without_comments/pdf/aa58aada65_00160046fb2516a560a9681d7ae3e6f4659af57d19555d4e__vs__deff0e697a_00b5defcad6e58038eac35472a2d48c89905068e5ece0cc3_redline_fdd8a39d1a.pdf,tracking_without_comments,fdd8a39d1a,redlines_a100_b10
307d9d0b0c_green_highlight_demo_id_paraid_overflow__vs__510724b627_green_underline_bullet_list_id_paraid_overflow_redline_fed16207c9,clean/docx/307d9d0b0c_green_highlight_demo_id_paraid_overflow,clean/docx/510724b627_green_underline_bullet_list_id_paraid_overflow,tracking_without_comments/docx/307d9d0b0c_green_highlight_demo_id_paraid_overflow__vs__510724b627_green_underline_bullet_list_id_paraid_overflow_redline_fed16207c9.docx,tracking_without_comments/pdf/307d9d0b0c_green_highlight_demo_id_paraid_overflow__vs__510724b627_green_underline_bullet_list_id_paraid_overflow_redline_fed16207c9.pdf,tracking_without_comments,fed16207c9,nocomments
797fb67edc_e4f383ebab96630d8bcf43fff10c169f9aa68207a064b26d__vs__3d5a40fccf_d8a8dd39118782cef7ea4b0ddb841717dc11f084493620dd_redline_ff5816ee75,clean/docx/797fb67edc_e4f383ebab96630d8bcf43fff10c169f9aa68207a064b26d,clean/docx/3d5a40fccf_d8a8dd39118782cef7ea4b0ddb841717dc11f084493620dd,tracking_without_comments/docx/797fb67edc_e4f383ebab96630d8bcf43fff10c169f9aa68207a064b26d__vs__3d5a40fccf_d8a8dd39118782cef7ea4b0ddb841717dc11f084493620dd_redline_ff5816ee75.docx,tracking_without_comments/pdf/797fb67edc_e4f383ebab96630d8bcf43fff10c169f9aa68207a064b26d__vs__3d5a40fccf_d8a8dd39118782cef7ea4b0ddb841717dc11f084493620dd_redline_ff5816ee75.pdf,tracking_without_comments,ff5816ee75,redlines_en_500
