key,base,next,docx,pdf,state,id,sets
cfd53bad25_behavior__sd_2672_sdt_table_fc038913__vs__671ff91b1d_behavior__sd_2750_borderbox_7cd3768d_redline_001b877031,clean/docx/cfd53bad25_behavior__sd_2672_sdt_table_fc038913,clean/docx/671ff91b1d_behavior__sd_2750_borderbox_7cd3768d,tracking_without_comments/docx/cfd53bad25_behavior__sd_2672_sdt_table_fc038913__vs__671ff91b1d_behavior__sd_2750_borderbox_7cd3768d_redline_001b877031.docx,tracking_without_comments/pdf/cfd53bad25_behavior__sd_2672_sdt_table_fc038913__vs__671ff91b1d_behavior__sd_2750_borderbox_7cd3768d_redline_001b877031.pdf,tracking_without_comments,001b877031,word_redlines_superdoc_0926
ced58cbf54_super_editor__sd_1494_table_left_indent_03277d35__vs__92589c3e37_super_editor__pre_separated_list_bd330d28_redline_0113adc8d9,clean/docx/ced58cbf54_super_editor__sd_1494_table_left_indent_03277d35,clean/docx/92589c3e37_super_editor__pre_separated_list_bd330d28,tracking_without_comments/docx/ced58cbf54_super_editor__sd_1494_table_left_indent_03277d35__vs__92589c3e37_super_editor__pre_separated_list_bd330d28_redline_0113adc8d9.docx,tracking_without_comments/pdf/ced58cbf54_super_editor__sd_1494_table_left_indent_03277d35__vs__92589c3e37_super_editor__pre_separated_list_bd330d28_redline_0113adc8d9.pdf,tracking_without_comments,0113adc8d9,word_redlines_superdoc
26ce1d6300_super_editor__diff_after5_9fb9d5b4__vs__b389f55091_super_editor__comment_23ee5ec1_redline_01fa32ec8b,clean/docx/26ce1d6300_super_editor__diff_after5_9fb9d5b4,with_comments_clean/docx/b389f55091_super_editor__comment_23ee5ec1,with_comments_tracking/docx/26ce1d6300_super_editor__diff_after5_9fb9d5b4__vs__b389f55091_super_editor__comment_23ee5ec1_redline_01fa32ec8b.docx,with_comments_tracking/pdf/26ce1d6300_super_editor__diff_after5_9fb9d5b4__vs__b389f55091_super_editor__comment_23ee5ec1_redline_01fa32ec8b.pdf,with_comments_tracking,01fa32ec8b,word_redlines_superdoc
a54f205278_quarterly_performance_report_table__vs__daf1fa36c0_red_bold_heading_demo_style_default_missing_redline_029901dfd4,clean/docx/a54f205278_quarterly_performance_report_table,clean/docx/daf1fa36c0_red_bold_heading_demo_style_default_missing,tracking_without_comments/docx/a54f205278_quarterly_performance_report_table__vs__daf1fa36c0_red_bold_heading_demo_style_default_missing_redline_029901dfd4.docx,tracking_without_comments/pdf/a54f205278_quarterly_performance_report_table__vs__daf1fa36c0_red_bold_heading_demo_style_default_missing_redline_029901dfd4.pdf,tracking_without_comments,029901dfd4,fixtures_word_compares;pdf_fill_0928
82601d4a24_file_79__vs__fe445552ab_file_80_redline_032b8b4a85,clean/docx/82601d4a24_file_79,clean/docx/fe445552ab_file_80,tracking_without_comments/docx/82601d4a24_file_79__vs__fe445552ab_file_80_redline_032b8b4a85.docx,tracking_without_comments/pdf/82601d4a24_file_79__vs__fe445552ab_file_80_redline_032b8b4a85.pdf,tracking_without_comments,032b8b4a85,nocomments_randomized
7d89bf44b4_single_paragraph__vs__e355cec096_small_font_size_demo_id_paraid_overflow_redline_03c465ec7f,clean/docx/7d89bf44b4_single_paragraph,clean/docx/e355cec096_small_font_size_demo_id_paraid_overflow,tracking_without_comments/docx/7d89bf44b4_single_paragraph__vs__e355cec096_small_font_size_demo_id_paraid_overflow_redline_03c465ec7f.docx,tracking_without_comments/pdf/7d89bf44b4_single_paragraph__vs__e355cec096_small_font_size_demo_id_paraid_overflow_redline_03c465ec7f.pdf,tracking_without_comments,03c465ec7f,word_based_0926
fad179ac0c_file_85__vs__16c15842ae_file_86_redline_049b6411ab,clean/docx/fad179ac0c_file_85,clean/docx/16c15842ae_file_86,tracking_without_comments/docx/fad179ac0c_file_85__vs__16c15842ae_file_86_redline_049b6411ab.docx,tracking_without_comments/pdf/fad179ac0c_file_85__vs__16c15842ae_file_86_redline_049b6411ab.pdf,tracking_without_comments,049b6411ab,word_based_randomized
04dafefc52_00048cb6667d721bdb2219ecbadb6eb369e439c130ac475e__vs__aa5340125d_00a4b0b91e9b5b072dc3771391c2d608518690eccf44eae8_redline_05335e2502,clean/docx/04dafefc52_00048cb6667d721bdb2219ecbadb6eb369e439c130ac475e,clean/docx/aa5340125d_00a4b0b91e9b5b072dc3771391c2d608518690eccf44eae8,tracking_without_comments/docx/04dafefc52_00048cb6667d721bdb2219ecbadb6eb369e439c130ac475e__vs__aa5340125d_00a4b0b91e9b5b072dc3771391c2d608518690eccf44eae8_redline_05335e2502.docx,tracking_without_comments/pdf/04dafefc52_00048cb6667d721bdb2219ecbadb6eb369e439c130ac475e__vs__aa5340125d_00a4b0b91e9b5b072dc3771391c2d608518690eccf44eae8_redline_05335e2502.pdf,tracking_without_comments,05335e2502,redlines_a100_b10
a05bc8ec1e_6a5a823e4b6c60f55c050bed1862157fdf0f6f0b5fe13270__vs__be78c8a0fa_1be4351e1649f465bb69547fd96d875eae05a5136b1a65e5_redline_0633bf5b61,clean/docx/a05bc8ec1e_6a5a823e4b6c60f55c050bed1862157fdf0f6f0b5fe13270,clean/docx/be78c8a0fa_1be4351e1649f465bb69547fd96d875eae05a5136b1a65e5,tracking_without_comments/docx/a05bc8ec1e_6a5a823e4b6c60f55c050bed1862157fdf0f6f0b5fe13270__vs__be78c8a0fa_1be4351e1649f465bb69547fd96d875eae05a5136b1a65e5_redline_0633bf5b61.docx,tracking_without_comments/pdf/a05bc8ec1e_6a5a823e4b6c60f55c050bed1862157fdf0f6f0b5fe13270__vs__be78c8a0fa_1be4351e1649f465bb69547fd96d875eae05a5136b1a65e5_redline_0633bf5b61.pdf,tracking_without_comments,0633bf5b61,redlines_en_500
6f5247c921_3b36fce13f95957b9d3be507c6685d5bda824f87d04f936b__vs__81c10a4c3e_33b323a3f997c3be5df0922ca1db1f48328e31d91f5b9514_redline_06e28e4cef,clean/docx/6f5247c921_3b36fce13f95957b9d3be507c6685d5bda824f87d04f936b,clean/docx/81c10a4c3e_33b323a3f997c3be5df0922ca1db1f48328e31d91f5b9514,tracking_without_comments/docx/6f5247c921_3b36fce13f95957b9d3be507c6685d5bda824f87d04f936b__vs__81c10a4c3e_33b323a3f997c3be5df0922ca1db1f48328e31d91f5b9514_redline_06e28e4cef.docx,tracking_without_comments/pdf/6f5247c921_3b36fce13f95957b9d3be507c6685d5bda824f87d04f936b__vs__81c10a4c3e_33b323a3f997c3be5df0922ca1db1f48328e31d91f5b9514_redline_06e28e4cef.pdf,tracking_without_comments,06e28e4cef,redlines_en_500
18d1a4ad46_super_editor__sd_2534_collab_export_f3c7fdf7__vs__52dab5bc1c_super_editor__sdt_node_comment_ec887683_redline_07ab69d450,clean/docx/18d1a4ad46_super_editor__sd_2534_collab_export_f3c7fdf7,with_comments_clean/docx/52dab5bc1c_super_editor__sdt_node_comment_ec887683,with_comments_tracking/docx/18d1a4ad46_super_editor__sd_2534_collab_export_f3c7fdf7__vs__52dab5bc1c_super_editor__sdt_node_comment_ec887683_redline_07ab69d450.docx,with_comments_tracking/pdf/18d1a4ad46_super_editor__sd_2534_collab_export_f3c7fdf7__vs__52dab5bc1c_super_editor__sdt_node_comment_ec887683_redline_07ab69d450.pdf,with_comments_tracking,07ab69d450,word_redlines_superdoc
30e84496e2_bullet_list_bold_demo_id_paraid_overflow__vs__9d3fa84f9f_bullet_list_demo_id_paraid_overflow_redline_086970eb1e,clean/docx/30e84496e2_bullet_list_bold_demo_id_paraid_overflow,clean/docx/9d3fa84f9f_bullet_list_demo_id_paraid_overflow,tracking_without_comments/docx/30e84496e2_bullet_list_bold_demo_id_paraid_overflow__vs__9d3fa84f9f_bullet_list_demo_id_paraid_overflow_redline_086970eb1e.docx,tracking_without_comments/pdf/30e84496e2_bullet_list_bold_demo_id_paraid_overflow__vs__9d3fa84f9f_bullet_list_demo_id_paraid_overflow_redline_086970eb1e.pdf,tracking_without_comments,086970eb1e,word_based_0926
95c855b9a0_001671bbb68c5b9ebebebfc8be69252ccc195babb3129278__vs__bd3824dd1e_000ee64ef7226d353297888f59a251e24ce5d776fea000fa_redline_08db08ede1,clean/docx/95c855b9a0_001671bbb68c5b9ebebebfc8be69252ccc195babb3129278,clean/docx/bd3824dd1e_000ee64ef7226d353297888f59a251e24ce5d776fea000fa,tracking_without_comments/docx/95c855b9a0_001671bbb68c5b9ebebebfc8be69252ccc195babb3129278__vs__bd3824dd1e_000ee64ef7226d353297888f59a251e24ce5d776fea000fa_redline_08db08ede1.docx,tracking_without_comments/pdf/95c855b9a0_001671bbb68c5b9ebebebfc8be69252ccc195babb3129278__vs__bd3824dd1e_000ee64ef7226d353297888f59a251e24ce5d776fea000fa_redline_08db08ede1.pdf,tracking_without_comments,08db08ede1,redlines_a100_b10
82b6024490_eba09f901ffae6c9a565fe0d013e73c75ca8391ebf9af116__vs__ea63b1e6ab_08648d2f8645b144ab3a2701f5f63a1b7b60d23e9bc651bb_redline_09ae9605c6,clean/docx/82b6024490_eba09f901ffae6c9a565fe0d013e73c75ca8391ebf9af116,clean/docx/ea63b1e6ab_08648d2f8645b144ab3a2701f5f63a1b7b60d23e9bc651bb,tracking_without_comments/docx/82b6024490_eba09f901ffae6c9a565fe0d013e73c75ca8391ebf9af116__vs__ea63b1e6ab_08648d2f8645b144ab3a2701f5f63a1b7b60d23e9bc651bb_redline_09ae9605c6.docx,tracking_without_comments/pdf/82b6024490_eba09f901ffae6c9a565fe0d013e73c75ca8391ebf9af116__vs__ea63b1e6ab_08648d2f8645b144ab3a2701f5f63a1b7b60d23e9bc651bb_redline_09ae9605c6.pdf,tracking_without_comments,09ae9605c6,redlines_en_500
d8eda36137_file_34__vs__af5e239443_file_35_redline_09e86d8ba9,clean/docx/d8eda36137_file_34,clean/docx/af5e239443_file_35,tracking_without_comments/docx/d8eda36137_file_34__vs__af5e239443_file_35_redline_09e86d8ba9.docx,tracking_without_comments/pdf/d8eda36137_file_34__vs__af5e239443_file_35_redline_09e86d8ba9.pdf,tracking_without_comments,09e86d8ba9,word_based_randomized_0926
08f3411449_file_175__vs__7ac6653045_file_176_redline_0a3b2b314a,tracking_without_comments/docx/08f3411449_file_175,tracking_without_comments/docx/7ac6653045_file_176,tracking_without_comments/docx/08f3411449_file_175__vs__7ac6653045_file_176_redline_0a3b2b314a.docx,tracking_without_comments/pdf/08f3411449_file_175__vs__7ac6653045_file_176_redline_0a3b2b314a.pdf,tracking_without_comments,0a3b2b314a,nocomments_randomized
83799a0610_00bced7d0ce7770362c5b667b5e92abefcbfcf5315a2bbf6__vs__2e04202552_000e3e7bd2d6215fc7b469cc3e296c1b2a510bc1abc7e0fd_redline_0b2a9d6d97,clean/docx/83799a0610_00bced7d0ce7770362c5b667b5e92abefcbfcf5315a2bbf6,clean/docx/2e04202552_000e3e7bd2d6215fc7b469cc3e296c1b2a510bc1abc7e0fd,tracking_without_comments/docx/83799a0610_00bced7d0ce7770362c5b667b5e92abefcbfcf5315a2bbf6__vs__2e04202552_000e3e7bd2d6215fc7b469cc3e296c1b2a510bc1abc7e0fd_redline_0b2a9d6d97.docx,tracking_without_comments/pdf/83799a0610_00bced7d0ce7770362c5b667b5e92abefcbfcf5315a2bbf6__vs__2e04202552_000e3e7bd2d6215fc7b469cc3e296c1b2a510bc1abc7e0fd_redline_0b2a9d6d97.pdf,tracking_without_comments,0b2a9d6d97,redlines_a100_b10
b18190e946_c15f734eca26465e173c2c9f36ee1113e525ab3dfafb4064__vs__ba2cfffd73_f1c36266d446e07c029f99f20ac9319675eea5d1dfd33823_redline_0bdee164e5,clean/docx/b18190e946_c15f734eca26465e173c2c9f36ee1113e525ab3dfafb4064,clean/docx/ba2cfffd73_f1c36266d446e07c029f99f20ac9319675eea5d1dfd33823,tracking_without_comments/docx/b18190e946_c15f734eca26465e173c2c9f36ee1113e525ab3dfafb4064__vs__ba2cfffd73_f1c36266d446e07c029f99f20ac9319675eea5d1dfd33823_redline_0bdee164e5.docx,tracking_without_comments/pdf/b18190e946_c15f734eca26465e173c2c9f36ee1113e525ab3dfafb4064__vs__ba2cfffd73_f1c36266d446e07c029f99f20ac9319675eea5d1dfd33823_redline_0bdee164e5.pdf,tracking_without_comments,0bdee164e5,redlines_en_500
0e6f813e69_00d2ca27359f3d1d5ee2c2904b48a3e4717faf7fdf6413f6__vs__333bfe069a_003416d620331122b93b434dad901db5836f60d2cad4b533_redline_0c84d75d3f,clean/docx/0e6f813e69_00d2ca27359f3d1d5ee2c2904b48a3e4717faf7fdf6413f6,clean/docx/333bfe069a_003416d620331122b93b434dad901db5836f60d2cad4b533,tracking_without_comments/docx/0e6f813e69_00d2ca27359f3d1d5ee2c2904b48a3e4717faf7fdf6413f6__vs__333bfe069a_003416d620331122b93b434dad901db5836f60d2cad4b533_redline_0c84d75d3f.docx,tracking_without_comments/pdf/0e6f813e69_00d2ca27359f3d1d5ee2c2904b48a3e4717faf7fdf6413f6__vs__333bfe069a_003416d620331122b93b434dad901db5836f60d2cad4b533_redline_0c84d75d3f.pdf,tracking_without_comments,0c84d75d3f,redlines_a100_b10
1ec2ebecaa_sectpr_headerref__vs__efa1cb8e79_single_paragraph_redline_0cec107e8f,clean/docx/1ec2ebecaa_sectpr_headerref,clean/docx/efa1cb8e79_single_paragraph,tracking_without_comments/docx/1ec2ebecaa_sectpr_headerref__vs__efa1cb8e79_single_paragraph_redline_0cec107e8f.docx,tracking_without_comments/pdf/1ec2ebecaa_sectpr_headerref__vs__efa1cb8e79_single_paragraph_redline_0cec107e8f.pdf,tracking_without_comments,0cec107e8f,nocomments
3e33de961a_red_bold_text_demo_id_paraid_overflow__vs__635dfded4d_red_heading_demo_id_paraid_overflow_redline_0d5b51332e,clean/docx/3e33de961a_red_bold_text_demo_id_paraid_overflow,clean/docx/635dfded4d_red_heading_demo_id_paraid_overflow,tracking_without_comments/docx/3e33de961a_red_bold_text_demo_id_paraid_overflow__vs__635dfded4d_red_heading_demo_id_paraid_overflow_redline_0d5b51332e.docx,tracking_without_comments/pdf/3e33de961a_red_bold_text_demo_id_paraid_overflow__vs__635dfded4d_red_heading_demo_id_paraid_overflow_redline_0d5b51332e.pdf,tracking_without_comments,0d5b51332e,fixtures_word_compares;pdf_fill_0928
432bf1c280_010684299d3c5523897eb69efb8c1c743c0a7623137d64fe__vs__a5f2b9318d_002aa60c2ae1187417b4b157c5ec6450324cc056ec551a12_redline_0e053136eb,clean/docx/432bf1c280_010684299d3c5523897eb69efb8c1c743c0a7623137d64fe,clean/docx/a5f2b9318d_002aa60c2ae1187417b4b157c5ec6450324cc056ec551a12,tracking_without_comments/docx/432bf1c280_010684299d3c5523897eb69efb8c1c743c0a7623137d64fe__vs__a5f2b9318d_002aa60c2ae1187417b4b157c5ec6450324cc056ec551a12_redline_0e053136eb.docx,tracking_without_comments/pdf/432bf1c280_010684299d3c5523897eb69efb8c1c743c0a7623137d64fe__vs__a5f2b9318d_002aa60c2ae1187417b4b157c5ec6450324cc056ec551a12_redline_0e053136eb.pdf,tracking_without_comments,0e053136eb,redlines_a100_b10
7e77c2f888_file_120__vs__525c779243_file_121_redline_0e99767f9f,clean/docx/7e77c2f888_file_120,clean/docx/525c779243_file_121,tracking_without_comments/docx/7e77c2f888_file_120__vs__525c779243_file_121_redline_0e99767f9f.docx,tracking_without_comments/pdf/7e77c2f888_file_120__vs__525c779243_file_121_redline_0e99767f9f.pdf,tracking_without_comments,0e99767f9f,word_based_randomized
ef7218d9e8_001893584bf94ff30c98db48cb8a0ea0ea5abc048f3e1a4d__vs__a5f2b9318d_002aa60c2ae1187417b4b157c5ec6450324cc056ec551a12_redline_0f5caeaa2f,clean/docx/ef7218d9e8_001893584bf94ff30c98db48cb8a0ea0ea5abc048f3e1a4d,clean/docx/a5f2b9318d_002aa60c2ae1187417b4b157c5ec6450324cc056ec551a12,tracking_without_comments/docx/ef7218d9e8_001893584bf94ff30c98db48cb8a0ea0ea5abc048f3e1a4d__vs__a5f2b9318d_002aa60c2ae1187417b4b157c5ec6450324cc056ec551a12_redline_0f5caeaa2f.docx,tracking_without_comments/pdf/ef7218d9e8_001893584bf94ff30c98db48cb8a0ea0ea5abc048f3e1a4d__vs__a5f2b9318d_002aa60c2ae1187417b4b157c5ec6450324cc056ec551a12_redline_0f5caeaa2f.pdf,tracking_without_comments,0f5caeaa2f,redlines_a100_b10
6fffde4ae2_000bf66110e841e1d2c2e862fc7db869b8d410586ad12d0d__vs__a5f2b9318d_002aa60c2ae1187417b4b157c5ec6450324cc056ec551a12_redline_0ffe4136dd,clean/docx/6fffde4ae2_000bf66110e841e1d2c2e862fc7db869b8d410586ad12d0d,clean/docx/a5f2b9318d_002aa60c2ae1187417b4b157c5ec6450324cc056ec551a12,tracking_without_comments/docx/6fffde4ae2_000bf66110e841e1d2c2e862fc7db869b8d410586ad12d0d__vs__a5f2b9318d_002aa60c2ae1187417b4b157c5ec6450324cc056ec551a12_redline_0ffe4136dd.docx,tracking_without_comments/pdf/6fffde4ae2_000bf66110e841e1d2c2e862fc7db869b8d410586ad12d0d__vs__a5f2b9318d_002aa60c2ae1187417b4b157c5ec6450324cc056ec551a12_redline_0ffe4136dd.pdf,tracking_without_comments,0ffe4136dd,redlines_a100_b10
f6e1c253ff_super_editor__diff_before9_9818a85f__vs__0e1d01ec7d_super_editor__doc_with_graphs_diagrams_rotated_e_redline_108d3b4e97,clean/docx/f6e1c253ff_super_editor__diff_before9_9818a85f,clean/docx/0e1d01ec7d_super_editor__doc_with_graphs_diagrams_rotated_e,tracking_without_comments/docx/f6e1c253ff_super_editor__diff_before9_9818a85f__vs__0e1d01ec7d_super_editor__doc_with_graphs_diagrams_rotated_e_redline_108d3b4e97.docx,tracking_without_comments/pdf/f6e1c253ff_super_editor__diff_before9_9818a85f__vs__0e1d01ec7d_super_editor__doc_with_graphs_diagrams_rotated_e_redline_108d3b4e97.pdf,tracking_without_comments,108d3b4e97,word_redlines_superdoc
16100cd46d_behavior__sd_2323_image_resize_test_2b8a201a__vs__aa940255be_behavior__sd_2343_table_border_widths_b5148e83_redline_10cf6d1b1a,clean/docx/16100cd46d_behavior__sd_2323_image_resize_test_2b8a201a,clean/docx/aa940255be_behavior__sd_2343_table_border_widths_b5148e83,tracking_without_comments/docx/16100cd46d_behavior__sd_2323_image_resize_test_2b8a201a__vs__aa940255be_behavior__sd_2343_table_border_widths_b5148e83_redline_10cf6d1b1a.docx,tracking_without_comments/pdf/16100cd46d_behavior__sd_2323_image_resize_test_2b8a201a__vs__aa940255be_behavior__sd_2343_table_border_widths_b5148e83_redline_10cf6d1b1a.pdf,tracking_without_comments,10cf6d1b1a,word_redlines_superdoc_0926
310c03f39c_super_editor__complexexport1_69441ab1__vs__c498e8c52c_super_editor__contract_acc_bbd983a0_redline_113c57f4a8,clean/docx/310c03f39c_super_editor__complexexport1_69441ab1,clean/docx/c498e8c52c_super_editor__contract_acc_bbd983a0,tracking_without_comments/docx/310c03f39c_super_editor__complexexport1_69441ab1__vs__c498e8c52c_super_editor__contract_acc_bbd983a0_redline_113c57f4a8.docx,tracking_without_comments/pdf/310c03f39c_super_editor__complexexport1_69441ab1__vs__c498e8c52c_super_editor__contract_acc_bbd983a0_redline_113c57f4a8.pdf,tracking_without_comments,113c57f4a8,word_redlines_superdoc_0926
0a2898b58a_evals__report_with_formatting_03f385ed__vs__e844ea2053_evals__table_doc_4d728d83_redline_120ab3f7db,clean/docx/0a2898b58a_evals__report_with_formatting_03f385ed,clean/docx/e844ea2053_evals__table_doc_4d728d83,tracking_without_comments/docx/0a2898b58a_evals__report_with_formatting_03f385ed__vs__e844ea2053_evals__table_doc_4d728d83_redline_120ab3f7db.docx,tracking_without_comments/pdf/0a2898b58a_evals__report_with_formatting_03f385ed__vs__e844ea2053_evals__table_doc_4d728d83_redline_120ab3f7db.pdf,tracking_without_comments,120ab3f7db,word_redlines_superdoc
d678cb4275_super_editor__blank_doc_b2a325e7__vs__7962b06671_super_editor__bookmark_use_cases_d20f31f6_redline_12d29cabe0,clean/docx/d678cb4275_super_editor__blank_doc_b2a325e7,clean/docx/7962b06671_super_editor__bookmark_use_cases_d20f31f6,tracking_without_comments/docx/d678cb4275_super_editor__blank_doc_b2a325e7__vs__7962b06671_super_editor__bookmark_use_cases_d20f31f6_redline_12d29cabe0.docx,tracking_without_comments/pdf/d678cb4275_super_editor__blank_doc_b2a325e7__vs__7962b06671_super_editor__bookmark_use_cases_d20f31f6_redline_12d29cabe0.pdf,tracking_without_comments,12d29cabe0,word_redlines_superdoc_0926
c7dbacb26a_file_37__vs__fdaf71bd6b_file_38_redline_135dfbf65a,clean/docx/c7dbacb26a_file_37,clean/docx/fdaf71bd6b_file_38,tracking_without_comments/docx/c7dbacb26a_file_37__vs__fdaf71bd6b_file_38_redline_135dfbf65a.docx,tracking_without_comments/pdf/c7dbacb26a_file_37__vs__fdaf71bd6b_file_38_redline_135dfbf65a.pdf,tracking_without_comments,135dfbf65a,word_based_randomized_0926
89b44c96a7_super_editor__sdts_basic_45263ca5__vs__a21c45464c_super_editor__shape_group_ce60e1e6_redline_1410d52a72,clean/docx/89b44c96a7_super_editor__sdts_basic_45263ca5,clean/docx/a21c45464c_super_editor__shape_group_ce60e1e6,tracking_without_comments/docx/89b44c96a7_super_editor__sdts_basic_45263ca5__vs__a21c45464c_super_editor__shape_group_ce60e1e6_redline_1410d52a72.docx,tracking_without_comments/pdf/89b44c96a7_super_editor__sdts_basic_45263ca5__vs__a21c45464c_super_editor__shape_group_ce60e1e6_redline_1410d52a72.pdf,tracking_without_comments,1410d52a72,word_redlines_superdoc_0926
e6c8a6ec9b_file_164__vs__8d92ee6cb3_file_165_redline_14490291cc,clean/docx/e6c8a6ec9b_file_164,clean/docx/8d92ee6cb3_file_165,tracking_without_comments/docx/e6c8a6ec9b_file_164__vs__8d92ee6cb3_file_165_redline_14490291cc.docx,tracking_without_comments/pdf/e6c8a6ec9b_file_164__vs__8d92ee6cb3_file_165_redline_14490291cc.pdf,tracking_without_comments,14490291cc,nocomments_randomized
2b6b459ed7_clear_formatting_demo_id_paraid_overflow__vs__eab8aeea1f_contract_review_suggesting_insertions_redline_15222ec207,clean/docx/2b6b459ed7_clear_formatting_demo_id_paraid_overflow,tracking_without_comments/docx/eab8aeea1f_contract_review_suggesting_insertions,tracking_without_comments/docx/2b6b459ed7_clear_formatting_demo_id_paraid_overflow__vs__eab8aeea1f_contract_review_suggesting_insertions_redline_15222ec207.docx,tracking_without_comments/pdf/2b6b459ed7_clear_formatting_demo_id_paraid_overflow__vs__eab8aeea1f_contract_review_suggesting_insertions_redline_15222ec207.pdf,tracking_without_comments,15222ec207,nocomments
89f9e4fb28_530a47c076f17900c3b1ccc8e884fefd877238cbc34e8bba__vs__0d5d69bd60_531be5ad70c7cff16d6ae2d770b0af37e1b0460f6dc54c18_redline_160338d848,clean/docx/89f9e4fb28_530a47c076f17900c3b1ccc8e884fefd877238cbc34e8bba,clean/docx/0d5d69bd60_531be5ad70c7cff16d6ae2d770b0af37e1b0460f6dc54c18,tracking_without_comments/docx/89f9e4fb28_530a47c076f17900c3b1ccc8e884fefd877238cbc34e8bba__vs__0d5d69bd60_531be5ad70c7cff16d6ae2d770b0af37e1b0460f6dc54c18_redline_160338d848.docx,tracking_without_comments/pdf/89f9e4fb28_530a47c076f17900c3b1ccc8e884fefd877238cbc34e8bba__vs__0d5d69bd60_531be5ad70c7cff16d6ae2d770b0af37e1b0460f6dc54c18_redline_160338d848.pdf,tracking_without_comments,160338d848,redlines_en_500
1d137d70ee_005bf179b17b3d109d473d5bb10a968731ba985c4bff3743__vs__1424386e9b_017447de83753a0e3b7afc659df038ef56972925336c6a5b_redline_16833a9d55,clean/docx/1d137d70ee_005bf179b17b3d109d473d5bb10a968731ba985c4bff3743,clean/docx/1424386e9b_017447de83753a0e3b7afc659df038ef56972925336c6a5b,tracking_without_comments/docx/1d137d70ee_005bf179b17b3d109d473d5bb10a968731ba985c4bff3743__vs__1424386e9b_017447de83753a0e3b7afc659df038ef56972925336c6a5b_redline_16833a9d55.docx,tracking_without_comments/pdf/1d137d70ee_005bf179b17b3d109d473d5bb10a968731ba985c4bff3743__vs__1424386e9b_017447de83753a0e3b7afc659df038ef56972925336c6a5b_redline_16833a9d55.pdf,tracking_without_comments,16833a9d55,redlines_a100_b10
9586202517_super_editor__two_column_two_page_0b8a37c5__vs__7b076416b0_sectpr_headerref_redline_170add5b1c,clean/docx/9586202517_super_editor__two_column_two_page_0b8a37c5,clean/docx/7b076416b0_sectpr_headerref,tracking_without_comments/docx/9586202517_super_editor__two_column_two_page_0b8a37c5__vs__7b076416b0_sectpr_headerref_redline_170add5b1c.docx,tracking_without_comments/pdf/9586202517_super_editor__two_column_two_page_0b8a37c5__vs__7b076416b0_sectpr_headerref_redline_170add5b1c.pdf,tracking_without_comments,170add5b1c,word_redlines_superdoc
33cebde869_08d15aff33c39a743c5ef90ad0990696ad4bdd4e3b814f6c__vs__5b7ffafbb8_7deb23120af5cf67a58eb2d64fd1b545ef81ebcf8ef24664_redline_17b13be73c,clean/docx/33cebde869_08d15aff33c39a743c5ef90ad0990696ad4bdd4e3b814f6c,clean/docx/5b7ffafbb8_7deb23120af5cf67a58eb2d64fd1b545ef81ebcf8ef24664,tracking_without_comments/docx/33cebde869_08d15aff33c39a743c5ef90ad0990696ad4bdd4e3b814f6c__vs__5b7ffafbb8_7deb23120af5cf67a58eb2d64fd1b545ef81ebcf8ef24664_redline_17b13be73c.docx,tracking_without_comments/pdf/33cebde869_08d15aff33c39a743c5ef90ad0990696ad4bdd4e3b814f6c__vs__5b7ffafbb8_7deb23120af5cf67a58eb2d64fd1b545ef81ebcf8ef24664_redline_17b13be73c.pdf,tracking_without_comments,17b13be73c,redlines_en_500
c2d49e9ede_super_editor__sd_978_remove_table_borders_47f7ed__vs__f782ae23ec_super_editor__wordoriginatedcomments_c146be65_redline_18380da4e0,clean/docx/c2d49e9ede_super_editor__sd_978_remove_table_borders_47f7ed,with_comments_tracking/docx/f782ae23ec_super_editor__wordoriginatedcomments_c146be65,with_comments_tracking/docx/c2d49e9ede_super_editor__sd_978_remove_table_borders_47f7ed__vs__f782ae23ec_super_editor__wordoriginatedcomments_c146be65_redline_18380da4e0.docx,with_comments_tracking/pdf/c2d49e9ede_super_editor__sd_978_remove_table_borders_47f7ed__vs__f782ae23ec_super_editor__wordoriginatedcomments_c146be65_redline_18380da4e0.pdf,with_comments_tracking,18380da4e0,word_redlines_superdoc_0926
8cd372b814_0193e5015be906eb45df5f7b3ceb682c7ff53cb52f15a0bf__vs__2773adf157_0004c94ca2a8684d47449bb0e7abf87de1df71a7e6543252_redline_18d4bdcfd9,clean/docx/8cd372b814_0193e5015be906eb45df5f7b3ceb682c7ff53cb52f15a0bf,clean/docx/2773adf157_0004c94ca2a8684d47449bb0e7abf87de1df71a7e6543252,tracking_without_comments/docx/8cd372b814_0193e5015be906eb45df5f7b3ceb682c7ff53cb52f15a0bf__vs__2773adf157_0004c94ca2a8684d47449bb0e7abf87de1df71a7e6543252_redline_18d4bdcfd9.docx,tracking_without_comments/pdf/8cd372b814_0193e5015be906eb45df5f7b3ceb682c7ff53cb52f15a0bf__vs__2773adf157_0004c94ca2a8684d47449bb0e7abf87de1df71a7e6543252_redline_18d4bdcfd9.pdf,tracking_without_comments,18d4bdcfd9,redlines_a100_b10
badc3ff7cc_file_196__vs__0464553734_file_197_redline_1987911502,tracking_without_comments/docx/badc3ff7cc_file_196,clean/docx/0464553734_file_197,tracking_without_comments/docx/badc3ff7cc_file_196__vs__0464553734_file_197_redline_1987911502.docx,tracking_without_comments/pdf/badc3ff7cc_file_196__vs__0464553734_file_197_redline_1987911502.pdf,tracking_without_comments,1987911502,nocomments_randomized
e0c027b1ca_meeting_agenda_table__vs__87f3bff234_meeting_minutes_id_paraid_overflow_redline_1a0e553bcd,clean/docx/e0c027b1ca_meeting_agenda_table,clean/docx/87f3bff234_meeting_minutes_id_paraid_overflow,tracking_without_comments/docx/e0c027b1ca_meeting_agenda_table__vs__87f3bff234_meeting_minutes_id_paraid_overflow_redline_1a0e553bcd.docx,tracking_without_comments/pdf/e0c027b1ca_meeting_agenda_table__vs__87f3bff234_meeting_minutes_id_paraid_overflow_redline_1a0e553bcd.pdf,tracking_without_comments,1a0e553bcd,fixtures_word_compares;pdf_fill_0928
5d17fd43a9_complex_style_attr__vs__0cf73436ac_contract_review_suggesting_insertions_redline_1a9f4c23f2,clean/docx/5d17fd43a9_complex_style_attr,tracking_without_comments/docx/0cf73436ac_contract_review_suggesting_insertions,tracking_without_comments/docx/5d17fd43a9_complex_style_attr__vs__0cf73436ac_contract_review_suggesting_insertions_redline_1a9f4c23f2.docx,tracking_without_comments/pdf/5d17fd43a9_complex_style_attr__vs__0cf73436ac_contract_review_suggesting_insertions_redline_1a9f4c23f2.pdf,tracking_without_comments,1a9f4c23f2,word_based;fixtures_word_compares
b541d943e6_1097a520fdfab2a59ef7c772acad0aa59ad7d2727f4e4ce7__vs__0edf92ed26_0f2eff12c1e29291c660bab9995451c6381db123fadb5e9b_redline_1b32762a10,clean/docx/b541d943e6_1097a520fdfab2a59ef7c772acad0aa59ad7d2727f4e4ce7,clean/docx/0edf92ed26_0f2eff12c1e29291c660bab9995451c6381db123fadb5e9b,tracking_without_comments/docx/b541d943e6_1097a520fdfab2a59ef7c772acad0aa59ad7d2727f4e4ce7__vs__0edf92ed26_0f2eff12c1e29291c660bab9995451c6381db123fadb5e9b_redline_1b32762a10.docx,tracking_without_comments/pdf/b541d943e6_1097a520fdfab2a59ef7c772acad0aa59ad7d2727f4e4ce7__vs__0edf92ed26_0f2eff12c1e29291c660bab9995451c6381db123fadb5e9b_redline_1b32762a10.pdf,tracking_without_comments,1b32762a10,redlines_en_500
97b2e714de_super_editor__broken_list_7e9b9bf7__vs__fa4d5010d8_layout_engine__basic_vector_shapes_e5f0ef49_redline_1b671f8f90,clean/docx/97b2e714de_super_editor__broken_list_7e9b9bf7,clean/docx/fa4d5010d8_layout_engine__basic_vector_shapes_e5f0ef49,tracking_without_comments/docx/97b2e714de_super_editor__broken_list_7e9b9bf7__vs__fa4d5010d8_layout_engine__basic_vector_shapes_e5f0ef49_redline_1b671f8f90.docx,tracking_without_comments/pdf/97b2e714de_super_editor__broken_list_7e9b9bf7__vs__fa4d5010d8_layout_engine__basic_vector_shapes_e5f0ef49_redline_1b671f8f90.pdf,tracking_without_comments,1b671f8f90,word_redlines_superdoc
6946bd949e_64b4191d2be813478458868a22c5fb163f93a9fd1ff706cc__vs__6de86e7286_db3227cc1f95e69e7d4c01e22cedfdc9a55c7067eaa1ac25_redline_1c131721c0,clean/docx/6946bd949e_64b4191d2be813478458868a22c5fb163f93a9fd1ff706cc,clean/docx/6de86e7286_db3227cc1f95e69e7d4c01e22cedfdc9a55c7067eaa1ac25,tracking_without_comments/docx/6946bd949e_64b4191d2be813478458868a22c5fb163f93a9fd1ff706cc__vs__6de86e7286_db3227cc1f95e69e7d4c01e22cedfdc9a55c7067eaa1ac25_redline_1c131721c0.docx,tracking_without_comments/pdf/6946bd949e_64b4191d2be813478458868a22c5fb163f93a9fd1ff706cc__vs__6de86e7286_db3227cc1f95e69e7d4c01e22cedfdc9a55c7067eaa1ac25_redline_1c131721c0.pdf,tracking_without_comments,1c131721c0,redlines_en_500
42d59beb40_super_editor__diff_after10_ac257741__vs__a0e6a09304_super_editor__diff_after11_1d5b767f_redline_1c89a9e553,clean/docx/42d59beb40_super_editor__diff_after10_ac257741,with_comments_tracking/docx/a0e6a09304_super_editor__diff_after11_1d5b767f,with_comments_tracking/docx/42d59beb40_super_editor__diff_after10_ac257741__vs__a0e6a09304_super_editor__diff_after11_1d5b767f_redline_1c89a9e553.docx,with_comments_tracking/pdf/42d59beb40_super_editor__diff_after10_ac257741__vs__a0e6a09304_super_editor__diff_after11_1d5b767f_redline_1c89a9e553.pdf,with_comments_tracking,1c89a9e553,word_redlines_superdoc
e1c745d784_008243ee20adecbf2ae39c9e6809b022076aa166a4a4f9ec__vs__a5f2b9318d_002aa60c2ae1187417b4b157c5ec6450324cc056ec551a12_redline_1d701da57f,clean/docx/e1c745d784_008243ee20adecbf2ae39c9e6809b022076aa166a4a4f9ec,clean/docx/a5f2b9318d_002aa60c2ae1187417b4b157c5ec6450324cc056ec551a12,tracking_without_comments/docx/e1c745d784_008243ee20adecbf2ae39c9e6809b022076aa166a4a4f9ec__vs__a5f2b9318d_002aa60c2ae1187417b4b157c5ec6450324cc056ec551a12_redline_1d701da57f.docx,tracking_without_comments/pdf/e1c745d784_008243ee20adecbf2ae39c9e6809b022076aa166a4a4f9ec__vs__a5f2b9318d_002aa60c2ae1187417b4b157c5ec6450324cc056ec551a12_redline_1d701da57f.pdf,tracking_without_comments,1d701da57f,redlines_a100_b10
f17e96512e_001cb345cc8d6b799aa725514eb368005048b80f4b4c07a5__vs__bd3824dd1e_000ee64ef7226d353297888f59a251e24ce5d776fea000fa_redline_1e7641658c,clean/docx/f17e96512e_001cb345cc8d6b799aa725514eb368005048b80f4b4c07a5,clean/docx/bd3824dd1e_000ee64ef7226d353297888f59a251e24ce5d776fea000fa,tracking_without_comments/docx/f17e96512e_001cb345cc8d6b799aa725514eb368005048b80f4b4c07a5__vs__bd3824dd1e_000ee64ef7226d353297888f59a251e24ce5d776fea000fa_redline_1e7641658c.docx,tracking_without_comments/pdf/f17e96512e_001cb345cc8d6b799aa725514eb368005048b80f4b4c07a5__vs__bd3824dd1e_000ee64ef7226d353297888f59a251e24ce5d776fea000fa_redline_1e7641658c.pdf,tracking_without_comments,1e7641658c,redlines_a100_b10
5d185fb0dd_006ab612b3ae2e0b1915746c660d9ea64842d89c434e0a09__vs__1424386e9b_017447de83753a0e3b7afc659df038ef56972925336c6a5b_redline_1f55cd3bae,clean/docx/5d185fb0dd_006ab612b3ae2e0b1915746c660d9ea64842d89c434e0a09,clean/docx/1424386e9b_017447de83753a0e3b7afc659df038ef56972925336c6a5b,tracking_without_comments/docx/5d185fb0dd_006ab612b3ae2e0b1915746c660d9ea64842d89c434e0a09__vs__1424386e9b_017447de83753a0e3b7afc659df038ef56972925336c6a5b_redline_1f55cd3bae.docx,tracking_without_comments/pdf/5d185fb0dd_006ab612b3ae2e0b1915746c660d9ea64842d89c434e0a09__vs__1424386e9b_017447de83753a0e3b7afc659df038ef56972925336c6a5b_redline_1f55cd3bae.pdf,tracking_without_comments,1f55cd3bae,redlines_a100_b10
b27bda87ed_0023f7c421a05af9c44fb4ff9ef1bce46c53a081779b1e72__vs__aa5340125d_00a4b0b91e9b5b072dc3771391c2d608518690eccf44eae8_redline_205503ead9,clean/docx/b27bda87ed_0023f7c421a05af9c44fb4ff9ef1bce46c53a081779b1e72,clean/docx/aa5340125d_00a4b0b91e9b5b072dc3771391c2d608518690eccf44eae8,tracking_without_comments/docx/b27bda87ed_0023f7c421a05af9c44fb4ff9ef1bce46c53a081779b1e72__vs__aa5340125d_00a4b0b91e9b5b072dc3771391c2d608518690eccf44eae8_redline_205503ead9.docx,tracking_without_comments/pdf/b27bda87ed_0023f7c421a05af9c44fb4ff9ef1bce46c53a081779b1e72__vs__aa5340125d_00a4b0b91e9b5b072dc3771391c2d608518690eccf44eae8_redline_205503ead9.pdf,tracking_without_comments,205503ead9,redlines_a100_b10
0800162a66_000799b53487acb327ccf0c0ab87fb14b9e8636346719296__vs__2773adf157_0004c94ca2a8684d47449bb0e7abf87de1df71a7e6543252_redline_20c6f89d2f,clean/docx/0800162a66_000799b53487acb327ccf0c0ab87fb14b9e8636346719296,clean/docx/2773adf157_0004c94ca2a8684d47449bb0e7abf87de1df71a7e6543252,tracking_without_comments/docx/0800162a66_000799b53487acb327ccf0c0ab87fb14b9e8636346719296__vs__2773adf157_0004c94ca2a8684d47449bb0e7abf87de1df71a7e6543252_redline_20c6f89d2f.docx,tracking_without_comments/pdf/0800162a66_000799b53487acb327ccf0c0ab87fb14b9e8636346719296__vs__2773adf157_0004c94ca2a8684d47449bb0e7abf87de1df71a7e6543252_redline_20c6f89d2f.pdf,tracking_without_comments,20c6f89d2f,redlines_a100_b10
c492c95bb9_file_76__vs__cf977017dd_file_77_redline_21710455cc,clean/docx/c492c95bb9_file_76,clean/docx/cf977017dd_file_77,tracking_without_comments/docx/c492c95bb9_file_76__vs__cf977017dd_file_77_redline_21710455cc.docx,tracking_without_comments/pdf/c492c95bb9_file_76__vs__cf977017dd_file_77_redline_21710455cc.pdf,tracking_without_comments,21710455cc,nocomments_randomized
d7458be405_ac850c4ad0ef9f18aaf445fab4b43d7459ab021b787e9cad__vs__427d7a2d2d_7e8d9f20dd82c00a2859abf9b9376f0135d127718ca9891e_redline_224f62fecb,clean/docx/d7458be405_ac850c4ad0ef9f18aaf445fab4b43d7459ab021b787e9cad,clean/docx/427d7a2d2d_7e8d9f20dd82c00a2859abf9b9376f0135d127718ca9891e,tracking_without_comments/docx/d7458be405_ac850c4ad0ef9f18aaf445fab4b43d7459ab021b787e9cad__vs__427d7a2d2d_7e8d9f20dd82c00a2859abf9b9376f0135d127718ca9891e_redline_224f62fecb.docx,tracking_without_comments/pdf/d7458be405_ac850c4ad0ef9f18aaf445fab4b43d7459ab021b787e9cad__vs__427d7a2d2d_7e8d9f20dd82c00a2859abf9b9376f0135d127718ca9891e_redline_224f62fecb.pdf,tracking_without_comments,224f62fecb,redlines_en_500
14211b982b_super_editor__simple_ordered_list_8288421a__vs__9e9d83978b_super_editor__sublist_issue_66a1800a_redline_22e07f3723,clean/docx/14211b982b_super_editor__simple_ordered_list_8288421a,clean/docx/9e9d83978b_super_editor__sublist_issue_66a1800a,tracking_without_comments/docx/14211b982b_super_editor__simple_ordered_list_8288421a__vs__9e9d83978b_super_editor__sublist_issue_66a1800a_redline_22e07f3723.docx,tracking_without_comments/pdf/14211b982b_super_editor__simple_ordered_list_8288421a__vs__9e9d83978b_super_editor__sublist_issue_66a1800a_redline_22e07f3723.pdf,tracking_without_comments,22e07f3723,word_redlines_superdoc
14211b982b_super_editor__simple_ordered_list_8288421a__vs__9c7f21c23e_super_editor__line_break_627a7159_redline_237ed45f83,clean/docx/14211b982b_super_editor__simple_ordered_list_8288421a,clean/docx/9c7f21c23e_super_editor__line_break_627a7159,tracking_without_comments/docx/14211b982b_super_editor__simple_ordered_list_8288421a__vs__9c7f21c23e_super_editor__line_break_627a7159_redline_237ed45f83.docx,tracking_without_comments/pdf/14211b982b_super_editor__simple_ordered_list_8288421a__vs__9c7f21c23e_super_editor__line_break_627a7159_redline_237ed45f83.pdf,tracking_without_comments,237ed45f83,word_redlines_superdoc_0926
96a0ee0e8f_004b3b3dd84014405562584f62d67267b9a7993e21b974e8__vs__342f364d46_001342333d45627868f4dc5282abbba4598a91b4a7584b08_redline_24835ef22b,clean/docx/96a0ee0e8f_004b3b3dd84014405562584f62d67267b9a7993e21b974e8,clean/docx/342f364d46_001342333d45627868f4dc5282abbba4598a91b4a7584b08,tracking_without_comments/docx/96a0ee0e8f_004b3b3dd84014405562584f62d67267b9a7993e21b974e8__vs__342f364d46_001342333d45627868f4dc5282abbba4598a91b4a7584b08_redline_24835ef22b.docx,tracking_without_comments/pdf/96a0ee0e8f_004b3b3dd84014405562584f62d67267b9a7993e21b974e8__vs__342f364d46_001342333d45627868f4dc5282abbba4598a91b4a7584b08_redline_24835ef22b.pdf,tracking_without_comments,24835ef22b,redlines_a100_b10
d0a21b7c3c_q1_sales_summary_table_2__vs__21c900e459_q1_sales_summary_table_redline_255ff88d8b,clean/docx/d0a21b7c3c_q1_sales_summary_table_2,clean/docx/21c900e459_q1_sales_summary_table,tracking_without_comments/docx/d0a21b7c3c_q1_sales_summary_table_2__vs__21c900e459_q1_sales_summary_table_redline_255ff88d8b.docx,tracking_without_comments/pdf/d0a21b7c3c_q1_sales_summary_table_2__vs__21c900e459_q1_sales_summary_table_redline_255ff88d8b.pdf,tracking_without_comments,255ff88d8b,word_based
4c0d04c85d_book_catalog_id_paraid_overflow__vs__7cab5fbdbe_book_catalog_table_redline_263ae47a8c,clean/docx/4c0d04c85d_book_catalog_id_paraid_overflow,clean/docx/7cab5fbdbe_book_catalog_table,tracking_without_comments/docx/4c0d04c85d_book_catalog_id_paraid_overflow__vs__7cab5fbdbe_book_catalog_table_redline_263ae47a8c.docx,tracking_without_comments/pdf/4c0d04c85d_book_catalog_id_paraid_overflow__vs__7cab5fbdbe_book_catalog_table_redline_263ae47a8c.pdf,tracking_without_comments,263ae47a8c,word_based_0926
54f4bb74cd_109e410552189077d3cc1340a4f0af45587d7f86a0f93dc3__vs__16e531d5a8_17a3cbea2f582b789a9fc35c9ab70b7126430c5acbb822d0_redline_276adf43a6,clean/docx/54f4bb74cd_109e410552189077d3cc1340a4f0af45587d7f86a0f93dc3,clean/docx/16e531d5a8_17a3cbea2f582b789a9fc35c9ab70b7126430c5acbb822d0,tracking_without_comments/docx/54f4bb74cd_109e410552189077d3cc1340a4f0af45587d7f86a0f93dc3__vs__16e531d5a8_17a3cbea2f582b789a9fc35c9ab70b7126430c5acbb822d0_redline_276adf43a6.docx,tracking_without_comments/pdf/54f4bb74cd_109e410552189077d3cc1340a4f0af45587d7f86a0f93dc3__vs__16e531d5a8_17a3cbea2f582b789a9fc35c9ab70b7126430c5acbb822d0_redline_276adf43a6.pdf,tracking_without_comments,276adf43a6,redlines_en_500
5d185fb0dd_006ab612b3ae2e0b1915746c660d9ea64842d89c434e0a09__vs__333bfe069a_003416d620331122b93b434dad901db5836f60d2cad4b533_redline_282a41181b,clean/docx/5d185fb0dd_006ab612b3ae2e0b1915746c660d9ea64842d89c434e0a09,clean/docx/333bfe069a_003416d620331122b93b434dad901db5836f60d2cad4b533,tracking_without_comments/docx/5d185fb0dd_006ab612b3ae2e0b1915746c660d9ea64842d89c434e0a09__vs__333bfe069a_003416d620331122b93b434dad901db5836f60d2cad4b533_redline_282a41181b.docx,tracking_without_comments/pdf/5d185fb0dd_006ab612b3ae2e0b1915746c660d9ea64842d89c434e0a09__vs__333bfe069a_003416d620331122b93b434dad901db5836f60d2cad4b533_redline_282a41181b.pdf,tracking_without_comments,282a41181b,redlines_a100_b10
2c0c942234_super_editor__sd_2766_pirates_tracked_changes_32__vs__aa940255be_behavior__sd_2343_table_border_widths_b5148e83_redline_28d97cb1f1,tracking_without_comments/docx/2c0c942234_super_editor__sd_2766_pirates_tracked_changes_32,clean/docx/aa940255be_behavior__sd_2343_table_border_widths_b5148e83,tracking_without_comments/docx/2c0c942234_super_editor__sd_2766_pirates_tracked_changes_32__vs__aa940255be_behavior__sd_2343_table_border_widths_b5148e83_redline_28d97cb1f1.docx,tracking_without_comments/pdf/2c0c942234_super_editor__sd_2766_pirates_tracked_changes_32__vs__aa940255be_behavior__sd_2343_table_border_widths_b5148e83_redline_28d97cb1f1.pdf,tracking_without_comments,28d97cb1f1,word_redlines_superdoc
d63c7c81b4_e94a7575d2845d5df867e783dc0c3844831f8ac239e7f06a__vs__8aec02a407_108bb53cfeeba999fe4bea2d59c47d0a4a38f59d4cf45ac3_redline_297a67d458,clean/docx/d63c7c81b4_e94a7575d2845d5df867e783dc0c3844831f8ac239e7f06a,clean/docx/8aec02a407_108bb53cfeeba999fe4bea2d59c47d0a4a38f59d4cf45ac3,tracking_without_comments/docx/d63c7c81b4_e94a7575d2845d5df867e783dc0c3844831f8ac239e7f06a__vs__8aec02a407_108bb53cfeeba999fe4bea2d59c47d0a4a38f59d4cf45ac3_redline_297a67d458.docx,tracking_without_comments/pdf/d63c7c81b4_e94a7575d2845d5df867e783dc0c3844831f8ac239e7f06a__vs__8aec02a407_108bb53cfeeba999fe4bea2d59c47d0a4a38f59d4cf45ac3_redline_297a67d458.pdf,tracking_without_comments,297a67d458,redlines_en_500
9de8d635f0_file_107__vs__cdb3618419_file_108_redline_2a1212cebe,clean/docx/9de8d635f0_file_107,tracking_without_comments/docx/cdb3618419_file_108,tracking_without_comments/docx/9de8d635f0_file_107__vs__cdb3618419_file_108_redline_2a1212cebe.docx,tracking_without_comments/pdf/9de8d635f0_file_107__vs__cdb3618419_file_108_redline_2a1212cebe.pdf,tracking_without_comments,2a1212cebe,word_based_randomized_0926
9be7e36de4_00c3fd2d23e8acf016f9b2fb44f4ee84789abc39c820e7ab__vs__333bfe069a_003416d620331122b93b434dad901db5836f60d2cad4b533_redline_2ad6f86fb3,clean/docx/9be7e36de4_00c3fd2d23e8acf016f9b2fb44f4ee84789abc39c820e7ab,clean/docx/333bfe069a_003416d620331122b93b434dad901db5836f60d2cad4b533,tracking_without_comments/docx/9be7e36de4_00c3fd2d23e8acf016f9b2fb44f4ee84789abc39c820e7ab__vs__333bfe069a_003416d620331122b93b434dad901db5836f60d2cad4b533_redline_2ad6f86fb3.docx,tracking_without_comments/pdf/9be7e36de4_00c3fd2d23e8acf016f9b2fb44f4ee84789abc39c820e7ab__vs__333bfe069a_003416d620331122b93b434dad901db5836f60d2cad4b533_redline_2ad6f86fb3.pdf,tracking_without_comments,2ad6f86fb3,redlines_a100_b10
29379c07bf_002adf0715eed4d213774c26c60c78624c2a3cbb3d0397d2__vs__333bfe069a_003416d620331122b93b434dad901db5836f60d2cad4b533_redline_2bb3a576ab,clean/docx/29379c07bf_002adf0715eed4d213774c26c60c78624c2a3cbb3d0397d2,clean/docx/333bfe069a_003416d620331122b93b434dad901db5836f60d2cad4b533,tracking_without_comments/docx/29379c07bf_002adf0715eed4d213774c26c60c78624c2a3cbb3d0397d2__vs__333bfe069a_003416d620331122b93b434dad901db5836f60d2cad4b533_redline_2bb3a576ab.docx,tracking_without_comments/pdf/29379c07bf_002adf0715eed4d213774c26c60c78624c2a3cbb3d0397d2__vs__333bfe069a_003416d620331122b93b434dad901db5836f60d2cad4b533_redline_2bb3a576ab.pdf,tracking_without_comments,2bb3a576ab,redlines_a100_b10
7098537b0d_super_editor__base_custom_544164f9__vs__ee61fb4ab3_super_editor__base_ordered_fdff1fb2_redline_2ca65f90f3,clean/docx/7098537b0d_super_editor__base_custom_544164f9,clean/docx/ee61fb4ab3_super_editor__base_ordered_fdff1fb2,tracking_without_comments/docx/7098537b0d_super_editor__base_custom_544164f9__vs__ee61fb4ab3_super_editor__base_ordered_fdff1fb2_redline_2ca65f90f3.docx,tracking_without_comments/pdf/7098537b0d_super_editor__base_custom_544164f9__vs__ee61fb4ab3_super_editor__base_ordered_fdff1fb2_redline_2ca65f90f3.pdf,tracking_without_comments,2ca65f90f3,word_redlines_superdoc_0926
7d92b42353_file_147__vs__7d8bccf684_file_148_redline_2dca8cfd34,clean/docx/7d92b42353_file_147,clean/docx/7d8bccf684_file_148,tracking_without_comments/docx/7d92b42353_file_147__vs__7d8bccf684_file_148_redline_2dca8cfd34.docx,tracking_without_comments/pdf/7d92b42353_file_147__vs__7d8bccf684_file_148_redline_2dca8cfd34.pdf,tracking_without_comments,2dca8cfd34,nocomments_randomized
c5763a90ce_header_no_rels__vs__4dff3f0ab2_heading_1_bold_demo_id_paraid_overflow_redline_2e5b08815c,clean/docx/c5763a90ce_header_no_rels,clean/docx/4dff3f0ab2_heading_1_bold_demo_id_paraid_overflow,tracking_without_comments/docx/c5763a90ce_header_no_rels__vs__4dff3f0ab2_heading_1_bold_demo_id_paraid_overflow_redline_2e5b08815c.docx,tracking_without_comments/pdf/c5763a90ce_header_no_rels__vs__4dff3f0ab2_heading_1_bold_demo_id_paraid_overflow_redline_2e5b08815c.pdf,tracking_without_comments,2e5b08815c,word_based_0926
ae59d6042a_file_78__vs__82601d4a24_file_79_redline_2ee31b1dfa,tracking_without_comments/docx/ae59d6042a_file_78,clean/docx/82601d4a24_file_79,tracking_without_comments/docx/ae59d6042a_file_78__vs__82601d4a24_file_79_redline_2ee31b1dfa.docx,tracking_without_comments/pdf/ae59d6042a_file_78__vs__82601d4a24_file_79_redline_2ee31b1dfa.pdf,tracking_without_comments,2ee31b1dfa,nocomments_randomized
d776ad9be7_super_editor__multi_section_doc_080d2655__vs__1c5bd81def_super_editor__multiple_nodes_in_list_79d915a2_redline_2fb2572c2e,clean/docx/d776ad9be7_super_editor__multi_section_doc_080d2655,clean/docx/1c5bd81def_super_editor__multiple_nodes_in_list_79d915a2,tracking_without_comments/docx/d776ad9be7_super_editor__multi_section_doc_080d2655__vs__1c5bd81def_super_editor__multiple_nodes_in_list_79d915a2_redline_2fb2572c2e.docx,tracking_without_comments/pdf/d776ad9be7_super_editor__multi_section_doc_080d2655__vs__1c5bd81def_super_editor__multiple_nodes_in_list_79d915a2_redline_2fb2572c2e.pdf,tracking_without_comments,2fb2572c2e,word_redlines_superdoc_0926
0ea7414d2c_support_tickets_table__vs__4615c3c04e_support_tickets_summary_id_paraid_overflow_redline_3060d95f05,clean/docx/0ea7414d2c_support_tickets_table,clean/docx/4615c3c04e_support_tickets_summary_id_paraid_overflow,tracking_without_comments/docx/0ea7414d2c_support_tickets_table__vs__4615c3c04e_support_tickets_summary_id_paraid_overflow_redline_3060d95f05.docx,tracking_without_comments/pdf/0ea7414d2c_support_tickets_table__vs__4615c3c04e_support_tickets_summary_id_paraid_overflow_redline_3060d95f05.pdf,tracking_without_comments,3060d95f05,nocomments
3bfcb371e2_00003fff80a444ad2f706c74f3c0d9fbef00d7a99ba0c105__vs__deff0e697a_00b5defcad6e58038eac35472a2d48c89905068e5ece0cc3_redline_30b6e87178,clean/docx/3bfcb371e2_00003fff80a444ad2f706c74f3c0d9fbef00d7a99ba0c105,clean/docx/deff0e697a_00b5defcad6e58038eac35472a2d48c89905068e5ece0cc3,tracking_without_comments/docx/3bfcb371e2_00003fff80a444ad2f706c74f3c0d9fbef00d7a99ba0c105__vs__deff0e697a_00b5defcad6e58038eac35472a2d48c89905068e5ece0cc3_redline_30b6e87178.docx,tracking_without_comments/pdf/3bfcb371e2_00003fff80a444ad2f706c74f3c0d9fbef00d7a99ba0c105__vs__deff0e697a_00b5defcad6e58038eac35472a2d48c89905068e5ece0cc3_redline_30b6e87178.pdf,tracking_without_comments,30b6e87178,redlines_a100_b10
9af9772ce2_font_family_demo_id_paraid_overflow__vs__7cf8462738_font_size_12_demo_id_paraid_overflow_redline_3100fbed33,clean/docx/9af9772ce2_font_family_demo_id_paraid_overflow,clean/docx/7cf8462738_font_size_12_demo_id_paraid_overflow,tracking_without_comments/docx/9af9772ce2_font_family_demo_id_paraid_overflow__vs__7cf8462738_font_size_12_demo_id_paraid_overflow_redline_3100fbed33.docx,tracking_without_comments/pdf/9af9772ce2_font_family_demo_id_paraid_overflow__vs__7cf8462738_font_size_12_demo_id_paraid_overflow_redline_3100fbed33.pdf,tracking_without_comments,3100fbed33,nocomments
203c24d1e7_00cb988053156ab17763897a184a6655864f9c50f7ef2e53__vs__5203829c7a_001cc92b88566d5f930fe57f25813c0bf52a7bdc72c217d0_redline_31bbf97599,clean/docx/203c24d1e7_00cb988053156ab17763897a184a6655864f9c50f7ef2e53,clean/docx/5203829c7a_001cc92b88566d5f930fe57f25813c0bf52a7bdc72c217d0,tracking_without_comments/docx/203c24d1e7_00cb988053156ab17763897a184a6655864f9c50f7ef2e53__vs__5203829c7a_001cc92b88566d5f930fe57f25813c0bf52a7bdc72c217d0_redline_31bbf97599.docx,tracking_without_comments/pdf/203c24d1e7_00cb988053156ab17763897a184a6655864f9c50f7ef2e53__vs__5203829c7a_001cc92b88566d5f930fe57f25813c0bf52a7bdc72c217d0_redline_31bbf97599.pdf,tracking_without_comments,31bbf97599,redlines_a100_b10
a0d5729906_file_91__vs__6afafe50fd_file_92_redline_327dbcdaa0,clean/docx/a0d5729906_file_91,clean/docx/6afafe50fd_file_92,tracking_without_comments/docx/a0d5729906_file_91__vs__6afafe50fd_file_92_redline_327dbcdaa0.docx,tracking_without_comments/pdf/a0d5729906_file_91__vs__6afafe50fd_file_92_redline_327dbcdaa0.pdf,tracking_without_comments,327dbcdaa0,word_based_randomized_0926
37ce636fd7_tiff_image__vs__d48eb7902f_times_new_roman_bold_id_paraid_overflow_redline_3343d6352b,clean/docx/37ce636fd7_tiff_image,clean/docx/d48eb7902f_times_new_roman_bold_id_paraid_overflow,tracking_without_comments/docx/37ce636fd7_tiff_image__vs__d48eb7902f_times_new_roman_bold_id_paraid_overflow_redline_3343d6352b.docx,tracking_without_comments/pdf/37ce636fd7_tiff_image__vs__d48eb7902f_times_new_roman_bold_id_paraid_overflow_redline_3343d6352b.pdf,tracking_without_comments,3343d6352b,nocomments
725cdbebe3_0013892c946c551d309fcec9bb3f3500fc08bc77121a3849__vs__1424386e9b_017447de83753a0e3b7afc659df038ef56972925336c6a5b_redline_33b9490363,clean/docx/725cdbebe3_0013892c946c551d309fcec9bb3f3500fc08bc77121a3849,clean/docx/1424386e9b_017447de83753a0e3b7afc659df038ef56972925336c6a5b,tracking_without_comments/docx/725cdbebe3_0013892c946c551d309fcec9bb3f3500fc08bc77121a3849__vs__1424386e9b_017447de83753a0e3b7afc659df038ef56972925336c6a5b_redline_33b9490363.docx,tracking_without_comments/pdf/725cdbebe3_0013892c946c551d309fcec9bb3f3500fc08bc77121a3849__vs__1424386e9b_017447de83753a0e3b7afc659df038ef56972925336c6a5b_redline_33b9490363.pdf,tracking_without_comments,33b9490363,redlines_a100_b10
531cf3d312_00ce789bc3226c2a68967cc29792927c80b7f55d9b5267ad__vs__1424386e9b_017447de83753a0e3b7afc659df038ef56972925336c6a5b_redline_34cdc4aef6,clean/docx/531cf3d312_00ce789bc3226c2a68967cc29792927c80b7f55d9b5267ad,clean/docx/1424386e9b_017447de83753a0e3b7afc659df038ef56972925336c6a5b,tracking_without_comments/docx/531cf3d312_00ce789bc3226c2a68967cc29792927c80b7f55d9b5267ad__vs__1424386e9b_017447de83753a0e3b7afc659df038ef56972925336c6a5b_redline_34cdc4aef6.docx,tracking_without_comments/pdf/531cf3d312_00ce789bc3226c2a68967cc29792927c80b7f55d9b5267ad__vs__1424386e9b_017447de83753a0e3b7afc659df038ef56972925336c6a5b_redline_34cdc4aef6.pdf,tracking_without_comments,34cdc4aef6,redlines_a100_b10
24c6d4e57f_strikethrough_text_demo_id_paraid_overflow__vs__8e6f55ed7e_strikethrough_text_formatting_demo_id_paraid_ove_redline_3534f5ee51,clean/docx/24c6d4e57f_strikethrough_text_demo_id_paraid_overflow,clean/docx/8e6f55ed7e_strikethrough_text_formatting_demo_id_paraid_ove,tracking_without_comments/docx/24c6d4e57f_strikethrough_text_demo_id_paraid_overflow__vs__8e6f55ed7e_strikethrough_text_formatting_demo_id_paraid_ove_redline_3534f5ee51.docx,tracking_without_comments/pdf/24c6d4e57f_strikethrough_text_demo_id_paraid_overflow__vs__8e6f55ed7e_strikethrough_text_formatting_demo_id_paraid_ove_redline_3534f5ee51.pdf,tracking_without_comments,3534f5ee51,nocomments
628ec1cb76_00a9d81709806bc220522f9b062f226e19ba256e436493b1__vs__5203829c7a_001cc92b88566d5f930fe57f25813c0bf52a7bdc72c217d0_redline_35e6aad724,clean/docx/628ec1cb76_00a9d81709806bc220522f9b062f226e19ba256e436493b1,clean/docx/5203829c7a_001cc92b88566d5f930fe57f25813c0bf52a7bdc72c217d0,tracking_without_comments/docx/628ec1cb76_00a9d81709806bc220522f9b062f226e19ba256e436493b1__vs__5203829c7a_001cc92b88566d5f930fe57f25813c0bf52a7bdc72c217d0_redline_35e6aad724.docx,tracking_without_comments/pdf/628ec1cb76_00a9d81709806bc220522f9b062f226e19ba256e436493b1__vs__5203829c7a_001cc92b88566d5f930fe57f25813c0bf52a7bdc72c217d0_redline_35e6aad724.pdf,tracking_without_comments,35e6aad724,redlines_a100_b10
5d185fb0dd_006ab612b3ae2e0b1915746c660d9ea64842d89c434e0a09__vs__342f364d46_001342333d45627868f4dc5282abbba4598a91b4a7584b08_redline_36ad8d04f7,clean/docx/5d185fb0dd_006ab612b3ae2e0b1915746c660d9ea64842d89c434e0a09,clean/docx/342f364d46_001342333d45627868f4dc5282abbba4598a91b4a7584b08,tracking_without_comments/docx/5d185fb0dd_006ab612b3ae2e0b1915746c660d9ea64842d89c434e0a09__vs__342f364d46_001342333d45627868f4dc5282abbba4598a91b4a7584b08_redline_36ad8d04f7.docx,tracking_without_comments/pdf/5d185fb0dd_006ab612b3ae2e0b1915746c660d9ea64842d89c434e0a09__vs__342f364d46_001342333d45627868f4dc5282abbba4598a91b4a7584b08_redline_36ad8d04f7.pdf,tracking_without_comments,36ad8d04f7,redlines_a100_b10
d48e02b548_super_editor__google_docs_originated_comments__vs__d0281643d2_super_editor__hello_docx_world_12f11074_redline_37c978d405,with_comments_tracking/docx/d48e02b548_super_editor__google_docs_originated_comments,clean/docx/d0281643d2_super_editor__hello_docx_world_12f11074,with_comments_tracking/docx/d48e02b548_super_editor__google_docs_originated_comments__vs__d0281643d2_super_editor__hello_docx_world_12f11074_redline_37c978d405.docx,with_comments_tracking/pdf/d48e02b548_super_editor__google_docs_originated_comments__vs__d0281643d2_super_editor__hello_docx_world_12f11074_redline_37c978d405.pdf,with_comments_tracking,37c978d405,word_redlines_superdoc
5d17fd43a9_complex_style_attr__vs__c1023db5c5_super_editor__fields_test_4a8ffd8c_redline_3867fafc1b,clean/docx/5d17fd43a9_complex_style_attr,clean/docx/c1023db5c5_super_editor__fields_test_4a8ffd8c,tracking_without_comments/docx/5d17fd43a9_complex_style_attr__vs__c1023db5c5_super_editor__fields_test_4a8ffd8c_redline_3867fafc1b.docx,tracking_without_comments/pdf/5d17fd43a9_complex_style_attr__vs__c1023db5c5_super_editor__fields_test_4a8ffd8c_redline_3867fafc1b.pdf,tracking_without_comments,3867fafc1b,word_redlines_superdoc_0926
95c855b9a0_001671bbb68c5b9ebebebfc8be69252ccc195babb3129278__vs__a5f2b9318d_002aa60c2ae1187417b4b157c5ec6450324cc056ec551a12_redline_3a214edcc8,clean/docx/95c855b9a0_001671bbb68c5b9ebebebfc8be69252ccc195babb3129278,clean/docx/a5f2b9318d_002aa60c2ae1187417b4b157c5ec6450324cc056ec551a12,tracking_without_comments/docx/95c855b9a0_001671bbb68c5b9ebebebfc8be69252ccc195babb3129278__vs__a5f2b9318d_002aa60c2ae1187417b4b157c5ec6450324cc056ec551a12_redline_3a214edcc8.docx,tracking_without_comments/pdf/95c855b9a0_001671bbb68c5b9ebebebfc8be69252ccc195babb3129278__vs__a5f2b9318d_002aa60c2ae1187417b4b157c5ec6450324cc056ec551a12_redline_3a214edcc8.pdf,tracking_without_comments,3a214edcc8,redlines_a100_b10
f94aeed5f5_001f4e98e9744f89b6f26b3741cb6439f8131bf89659230e__vs__333bfe069a_003416d620331122b93b434dad901db5836f60d2cad4b533_redline_3a7f98f21b,clean/docx/f94aeed5f5_001f4e98e9744f89b6f26b3741cb6439f8131bf89659230e,clean/docx/333bfe069a_003416d620331122b93b434dad901db5836f60d2cad4b533,tracking_without_comments/docx/f94aeed5f5_001f4e98e9744f89b6f26b3741cb6439f8131bf89659230e__vs__333bfe069a_003416d620331122b93b434dad901db5836f60d2cad4b533_redline_3a7f98f21b.docx,tracking_without_comments/pdf/f94aeed5f5_001f4e98e9744f89b6f26b3741cb6439f8131bf89659230e__vs__333bfe069a_003416d620331122b93b434dad901db5836f60d2cad4b533_redline_3a7f98f21b.pdf,tracking_without_comments,3a7f98f21b,redlines_a100_b10
8ea9be8350_a8770c0030d298312df257d3a79f0467a033a21b30ac0ec8__vs__ba8afe5c7a_e73ba1e0c215ac5e356ce6dc44500e73d41ee11ce01dd91a_redline_3b429bb993,clean/docx/8ea9be8350_a8770c0030d298312df257d3a79f0467a033a21b30ac0ec8,clean/docx/ba8afe5c7a_e73ba1e0c215ac5e356ce6dc44500e73d41ee11ce01dd91a,tracking_without_comments/docx/8ea9be8350_a8770c0030d298312df257d3a79f0467a033a21b30ac0ec8__vs__ba8afe5c7a_e73ba1e0c215ac5e356ce6dc44500e73d41ee11ce01dd91a_redline_3b429bb993.docx,tracking_without_comments/pdf/8ea9be8350_a8770c0030d298312df257d3a79f0467a033a21b30ac0ec8__vs__ba8afe5c7a_e73ba1e0c215ac5e356ce6dc44500e73d41ee11ce01dd91a_redline_3b429bb993.pdf,tracking_without_comments,3b429bb993,redlines_en_500
e3d152989b_behavior__math_eqarr_tests_40a1adb0__vs__df3c3e7c40_behavior__math_func_tests_0434dd11_redline_3b995e1708,clean/docx/e3d152989b_behavior__math_eqarr_tests_40a1adb0,clean/docx/df3c3e7c40_behavior__math_func_tests_0434dd11,tracking_without_comments/docx/e3d152989b_behavior__math_eqarr_tests_40a1adb0__vs__df3c3e7c40_behavior__math_func_tests_0434dd11_redline_3b995e1708.docx,tracking_without_comments/pdf/e3d152989b_behavior__math_eqarr_tests_40a1adb0__vs__df3c3e7c40_behavior__math_func_tests_0434dd11_redline_3b995e1708.pdf,tracking_without_comments,3b995e1708,word_redlines_superdoc_0926
c498e8c52c_super_editor__contract_acc_bbd983a0__vs__ab859711f4_super_editor__custom_list_numbering1_7eb9fda4_redline_3c2c9cda82,clean/docx/c498e8c52c_super_editor__contract_acc_bbd983a0,clean/docx/ab859711f4_super_editor__custom_list_numbering1_7eb9fda4,tracking_without_comments/docx/c498e8c52c_super_editor__contract_acc_bbd983a0__vs__ab859711f4_super_editor__custom_list_numbering1_7eb9fda4_redline_3c2c9cda82.docx,tracking_without_comments/pdf/c498e8c52c_super_editor__contract_acc_bbd983a0__vs__ab859711f4_super_editor__custom_list_numbering1_7eb9fda4_redline_3c2c9cda82.pdf,tracking_without_comments,3c2c9cda82,word_redlines_superdoc
8fb278cb36_word_tolerated_duplicate_ppr__vs__a04e2d2749_ooxml_style_link_redline_3cc33aad1b,clean/docx/8fb278cb36_word_tolerated_duplicate_ppr,clean/docx/a04e2d2749_ooxml_style_link,tracking_without_comments/docx/8fb278cb36_word_tolerated_duplicate_ppr__vs__a04e2d2749_ooxml_style_link_redline_3cc33aad1b.docx,tracking_without_comments/pdf/8fb278cb36_word_tolerated_duplicate_ppr__vs__a04e2d2749_ooxml_style_link_redline_3cc33aad1b.pdf,tracking_without_comments,3cc33aad1b,word_based
aeb0ace263_793bb9c35c342cd532221e60f7f70c0411de141b896a63b2__vs__1000537d17_8d9cfd6b8768cf88164c1b8c735e97b737193f3e92fd18ee_redline_3d4318d7e9,clean/docx/aeb0ace263_793bb9c35c342cd532221e60f7f70c0411de141b896a63b2,clean/docx/1000537d17_8d9cfd6b8768cf88164c1b8c735e97b737193f3e92fd18ee,tracking_without_comments/docx/aeb0ace263_793bb9c35c342cd532221e60f7f70c0411de141b896a63b2__vs__1000537d17_8d9cfd6b8768cf88164c1b8c735e97b737193f3e92fd18ee_redline_3d4318d7e9.docx,tracking_without_comments/pdf/aeb0ace263_793bb9c35c342cd532221e60f7f70c0411de141b896a63b2__vs__1000537d17_8d9cfd6b8768cf88164c1b8c735e97b737193f3e92fd18ee_redline_3d4318d7e9.pdf,tracking_without_comments,3d4318d7e9,redlines_en_500
97de1cf4d2_74346fbef2851d215fc728038a1d003c14f8718b438cdb0c__vs__0c9090c2ef_9454b46a4a7f538b4c9af0b3248bf82241780e52dbacc33e_redline_3e31f3c8b9,clean/docx/97de1cf4d2_74346fbef2851d215fc728038a1d003c14f8718b438cdb0c,clean/docx/0c9090c2ef_9454b46a4a7f538b4c9af0b3248bf82241780e52dbacc33e,tracking_without_comments/docx/97de1cf4d2_74346fbef2851d215fc728038a1d003c14f8718b438cdb0c__vs__0c9090c2ef_9454b46a4a7f538b4c9af0b3248bf82241780e52dbacc33e_redline_3e31f3c8b9.docx,tracking_without_comments/pdf/97de1cf4d2_74346fbef2851d215fc728038a1d003c14f8718b438cdb0c__vs__0c9090c2ef_9454b46a4a7f538b4c9af0b3248bf82241780e52dbacc33e_redline_3e31f3c8b9.pdf,tracking_without_comments,3e31f3c8b9,redlines_en_500
2b4475cba6_0021f639e5dbf6c217c8d81a7ac3374624ff9901a5d4b200__vs__2773adf157_0004c94ca2a8684d47449bb0e7abf87de1df71a7e6543252_redline_3e7067f872,clean/docx/2b4475cba6_0021f639e5dbf6c217c8d81a7ac3374624ff9901a5d4b200,clean/docx/2773adf157_0004c94ca2a8684d47449bb0e7abf87de1df71a7e6543252,tracking_without_comments/docx/2b4475cba6_0021f639e5dbf6c217c8d81a7ac3374624ff9901a5d4b200__vs__2773adf157_0004c94ca2a8684d47449bb0e7abf87de1df71a7e6543252_redline_3e7067f872.docx,tracking_without_comments/pdf/2b4475cba6_0021f639e5dbf6c217c8d81a7ac3374624ff9901a5d4b200__vs__2773adf157_0004c94ca2a8684d47449bb0e7abf87de1df71a7e6543252_redline_3e7067f872.pdf,tracking_without_comments,3e7067f872,redlines_a100_b10
f9b9dbd790_0017bce9abd08007241b106f0fcf1d64e45c05cd82a05a1d__vs__bd3824dd1e_000ee64ef7226d353297888f59a251e24ce5d776fea000fa_redline_3eee1bceaf,clean/docx/f9b9dbd790_0017bce9abd08007241b106f0fcf1d64e45c05cd82a05a1d,clean/docx/bd3824dd1e_000ee64ef7226d353297888f59a251e24ce5d776fea000fa,tracking_without_comments/docx/f9b9dbd790_0017bce9abd08007241b106f0fcf1d64e45c05cd82a05a1d__vs__bd3824dd1e_000ee64ef7226d353297888f59a251e24ce5d776fea000fa_redline_3eee1bceaf.docx,tracking_without_comments/pdf/f9b9dbd790_0017bce9abd08007241b106f0fcf1d64e45c05cd82a05a1d__vs__bd3824dd1e_000ee64ef7226d353297888f59a251e24ce5d776fea000fa_redline_3eee1bceaf.pdf,tracking_without_comments,3eee1bceaf,redlines_a100_b10
e4a3a561ca_eb69ea90d9396386d231b2853b5f141a4312bddb262d96e2__vs__c0bf650392_e83fa17a4550bd0b6f71e3ef6a2c554a209aa2aea1a1d975_redline_3f56b101d2,tracking_without_comments/docx/e4a3a561ca_eb69ea90d9396386d231b2853b5f141a4312bddb262d96e2,tracking_without_comments/docx/c0bf650392_e83fa17a4550bd0b6f71e3ef6a2c554a209aa2aea1a1d975,tracking_without_comments/docx/e4a3a561ca_eb69ea90d9396386d231b2853b5f141a4312bddb262d96e2__vs__c0bf650392_e83fa17a4550bd0b6f71e3ef6a2c554a209aa2aea1a1d975_redline_3f56b101d2.docx,tracking_without_comments/pdf/e4a3a561ca_eb69ea90d9396386d231b2853b5f141a4312bddb262d96e2__vs__c0bf650392_e83fa17a4550bd0b6f71e3ef6a2c554a209aa2aea1a1d975_redline_3f56b101d2.pdf,tracking_without_comments,3f56b101d2,redlines_en_500
e7f42d32bc_right_align_bold_demo_id_paraid_overflow__vs__2c4e244c15_right_aligned_italic_demo_id_paraid_overflow_redline_3faf6e148e,clean/docx/e7f42d32bc_right_align_bold_demo_id_paraid_overflow,clean/docx/2c4e244c15_right_aligned_italic_demo_id_paraid_overflow,tracking_without_comments/docx/e7f42d32bc_right_align_bold_demo_id_paraid_overflow__vs__2c4e244c15_right_aligned_italic_demo_id_paraid_overflow_redline_3faf6e148e.docx,tracking_without_comments/pdf/e7f42d32bc_right_align_bold_demo_id_paraid_overflow__vs__2c4e244c15_right_aligned_italic_demo_id_paraid_overflow_redline_3faf6e148e.pdf,tracking_without_comments,3faf6e148e,nocomments
6e08e456f6_roboto_underline_demo_id_paraid_overflow__vs__36fbd8c734_sales_report_january_2026_suggesting_insertions_redline_4019af2d56,clean/docx/6e08e456f6_roboto_underline_demo_id_paraid_overflow,tracking_without_comments/docx/36fbd8c734_sales_report_january_2026_suggesting_insertions,tracking_without_comments/docx/6e08e456f6_roboto_underline_demo_id_paraid_overflow__vs__36fbd8c734_sales_report_january_2026_suggesting_insertions_redline_4019af2d56.docx,tracking_without_comments/pdf/6e08e456f6_roboto_underline_demo_id_paraid_overflow__vs__36fbd8c734_sales_report_january_2026_suggesting_insertions_redline_4019af2d56.pdf,tracking_without_comments,4019af2d56,word_based
048870ce18_014178090497722649b8e7aedf646339a3189ee7fe69a596__vs__5203829c7a_001cc92b88566d5f930fe57f25813c0bf52a7bdc72c217d0_redline_410ba57425,clean/docx/048870ce18_014178090497722649b8e7aedf646339a3189ee7fe69a596,clean/docx/5203829c7a_001cc92b88566d5f930fe57f25813c0bf52a7bdc72c217d0,tracking_without_comments/docx/048870ce18_014178090497722649b8e7aedf646339a3189ee7fe69a596__vs__5203829c7a_001cc92b88566d5f930fe57f25813c0bf52a7bdc72c217d0_redline_410ba57425.docx,tracking_without_comments/pdf/048870ce18_014178090497722649b8e7aedf646339a3189ee7fe69a596__vs__5203829c7a_001cc92b88566d5f930fe57f25813c0bf52a7bdc72c217d0_redline_410ba57425.pdf,tracking_without_comments,410ba57425,redlines_a100_b10
41f0a98a46_numbered_list_demo_id_paraid_overflow__vs__b27d48be08_numbered_list_italic_demo_id_paraid_overflow_redline_41f2600c49,clean/docx/41f0a98a46_numbered_list_demo_id_paraid_overflow,clean/docx/b27d48be08_numbered_list_italic_demo_id_paraid_overflow,tracking_without_comments/docx/41f0a98a46_numbered_list_demo_id_paraid_overflow__vs__b27d48be08_numbered_list_italic_demo_id_paraid_overflow_redline_41f2600c49.docx,tracking_without_comments/pdf/41f0a98a46_numbered_list_demo_id_paraid_overflow__vs__b27d48be08_numbered_list_italic_demo_id_paraid_overflow_redline_41f2600c49.pdf,tracking_without_comments,41f2600c49,nocomments
36c5050fba_super_editor__list_with_indents_efc7d4f5__vs__a21c45464c_super_editor__shape_group_ce60e1e6_redline_4264f1fbe3,clean/docx/36c5050fba_super_editor__list_with_indents_efc7d4f5,clean/docx/a21c45464c_super_editor__shape_group_ce60e1e6,tracking_without_comments/docx/36c5050fba_super_editor__list_with_indents_efc7d4f5__vs__a21c45464c_super_editor__shape_group_ce60e1e6_redline_4264f1fbe3.docx,tracking_without_comments/pdf/36c5050fba_super_editor__list_with_indents_efc7d4f5__vs__a21c45464c_super_editor__shape_group_ce60e1e6_redline_4264f1fbe3.pdf,tracking_without_comments,4264f1fbe3,word_redlines_superdoc_0926
9cef43609a_table_vmerge_colspan__vs__6758689ba7_text_box_redline_42d1acd8a6,clean/docx/9cef43609a_table_vmerge_colspan,clean/docx/6758689ba7_text_box,tracking_without_comments/docx/9cef43609a_table_vmerge_colspan__vs__6758689ba7_text_box_redline_42d1acd8a6.docx,tracking_without_comments/pdf/9cef43609a_table_vmerge_colspan__vs__6758689ba7_text_box_redline_42d1acd8a6.pdf,tracking_without_comments,42d1acd8a6,nocomments
dd85373a71_008b84e05498068c49efc5a0b73f9d5ae7992f045de8c514__vs__deff0e697a_00b5defcad6e58038eac35472a2d48c89905068e5ece0cc3_redline_434990bdb3,clean/docx/dd85373a71_008b84e05498068c49efc5a0b73f9d5ae7992f045de8c514,clean/docx/deff0e697a_00b5defcad6e58038eac35472a2d48c89905068e5ece0cc3,tracking_without_comments/docx/dd85373a71_008b84e05498068c49efc5a0b73f9d5ae7992f045de8c514__vs__deff0e697a_00b5defcad6e58038eac35472a2d48c89905068e5ece0cc3_redline_434990bdb3.docx,tracking_without_comments/pdf/dd85373a71_008b84e05498068c49efc5a0b73f9d5ae7992f045de8c514__vs__deff0e697a_00b5defcad6e58038eac35472a2d48c89905068e5ece0cc3_redline_434990bdb3.pdf,tracking_without_comments,434990bdb3,redlines_a100_b10
f795b96ac4_behavior__math_delimiter_tests_c9d034dc__vs__79cb6b6c0f_behavior__word_native_bullet_disc_bfbeb2dd_redline_43b21d082c,clean/docx/f795b96ac4_behavior__math_delimiter_tests_c9d034dc,clean/docx/79cb6b6c0f_behavior__word_native_bullet_disc_bfbeb2dd,tracking_without_comments/docx/f795b96ac4_behavior__math_delimiter_tests_c9d034dc__vs__79cb6b6c0f_behavior__word_native_bullet_disc_bfbeb2dd_redline_43b21d082c.docx,tracking_without_comments/pdf/f795b96ac4_behavior__math_delimiter_tests_c9d034dc__vs__79cb6b6c0f_behavior__word_native_bullet_disc_bfbeb2dd_redline_43b21d082c.pdf,tracking_without_comments,43b21d082c,word_redlines_superdoc_0926
58c0b986e0_left_alignment_demo_id_paraid_overflow__vs__ddfaf8c480_line_spacing_demo_id_paraid_overflow_redline_445dbf55c3,clean/docx/58c0b986e0_left_alignment_demo_id_paraid_overflow,clean/docx/ddfaf8c480_line_spacing_demo_id_paraid_overflow,tracking_without_comments/docx/58c0b986e0_left_alignment_demo_id_paraid_overflow__vs__ddfaf8c480_line_spacing_demo_id_paraid_overflow_redline_445dbf55c3.docx,tracking_without_comments/pdf/58c0b986e0_left_alignment_demo_id_paraid_overflow__vs__ddfaf8c480_line_spacing_demo_id_paraid_overflow_redline_445dbf55c3.pdf,tracking_without_comments,445dbf55c3,nocomments
c3dbab8d3b_sales_report_january_2026_suggesting_insertions__vs__d27102bf04_sample_document_afterword_repaired_word_repaired_redline_456cdec913,tracking_without_comments/docx/c3dbab8d3b_sales_report_january_2026_suggesting_insertions,tracking_without_comments/docx/d27102bf04_sample_document_afterword_repaired_word_repaired,tracking_without_comments/docx/c3dbab8d3b_sales_report_january_2026_suggesting_insertions__vs__d27102bf04_sample_document_afterword_repaired_word_repaired_redline_456cdec913.docx,tracking_without_comments/pdf/c3dbab8d3b_sales_report_january_2026_suggesting_insertions__vs__d27102bf04_sample_document_afterword_repaired_word_repaired_redline_456cdec913.pdf,tracking_without_comments,456cdec913,nocomments
c280ce0f40_019d92d986c5ba33a57df54db0056f3731e3254fcbe8ac65__vs__5203829c7a_001cc92b88566d5f930fe57f25813c0bf52a7bdc72c217d0_redline_46abf7643d,clean/docx/c280ce0f40_019d92d986c5ba33a57df54db0056f3731e3254fcbe8ac65,clean/docx/5203829c7a_001cc92b88566d5f930fe57f25813c0bf52a7bdc72c217d0,tracking_without_comments/docx/c280ce0f40_019d92d986c5ba33a57df54db0056f3731e3254fcbe8ac65__vs__5203829c7a_001cc92b88566d5f930fe57f25813c0bf52a7bdc72c217d0_redline_46abf7643d.docx,tracking_without_comments/pdf/c280ce0f40_019d92d986c5ba33a57df54db0056f3731e3254fcbe8ac65__vs__5203829c7a_001cc92b88566d5f930fe57f25813c0bf52a7bdc72c217d0_redline_46abf7643d.pdf,tracking_without_comments,46abf7643d,redlines_a100_b10
2ad8d15e88_00e901c5aa86bd93002ce801375c57e44c2c78a0e5b308d3__vs__deff0e697a_00b5defcad6e58038eac35472a2d48c89905068e5ece0cc3_redline_47af564670,clean/docx/2ad8d15e88_00e901c5aa86bd93002ce801375c57e44c2c78a0e5b308d3,clean/docx/deff0e697a_00b5defcad6e58038eac35472a2d48c89905068e5ece0cc3,tracking_without_comments/docx/2ad8d15e88_00e901c5aa86bd93002ce801375c57e44c2c78a0e5b308d3__vs__deff0e697a_00b5defcad6e58038eac35472a2d48c89905068e5ece0cc3_redline_47af564670.docx,tracking_without_comments/pdf/2ad8d15e88_00e901c5aa86bd93002ce801375c57e44c2c78a0e5b308d3__vs__deff0e697a_00b5defcad6e58038eac35472a2d48c89905068e5ece0cc3_redline_47af564670.pdf,tracking_without_comments,47af564670,redlines_a100_b10
4492bbb1f8_file_172__vs__838af02d11_file_173_redline_485b916ef9,clean/docx/4492bbb1f8_file_172,with_comments_clean/docx/838af02d11_file_173,with_comments_tracking/docx/4492bbb1f8_file_172__vs__838af02d11_file_173_redline_485b916ef9.docx,with_comments_tracking/pdf/4492bbb1f8_file_172__vs__838af02d11_file_173_redline_485b916ef9.pdf,with_comments_tracking,485b916ef9,word_based_randomized_0926
6867e05e76_00b0d42bbea3b9bac7bc95466cf416f6c89a8cda62bbf3d7__vs__deff0e697a_00b5defcad6e58038eac35472a2d48c89905068e5ece0cc3_redline_48f16bf31f,clean/docx/6867e05e76_00b0d42bbea3b9bac7bc95466cf416f6c89a8cda62bbf3d7,clean/docx/deff0e697a_00b5defcad6e58038eac35472a2d48c89905068e5ece0cc3,tracking_without_comments/docx/6867e05e76_00b0d42bbea3b9bac7bc95466cf416f6c89a8cda62bbf3d7__vs__deff0e697a_00b5defcad6e58038eac35472a2d48c89905068e5ece0cc3_redline_48f16bf31f.docx,tracking_without_comments/pdf/6867e05e76_00b0d42bbea3b9bac7bc95466cf416f6c89a8cda62bbf3d7__vs__deff0e697a_00b5defcad6e58038eac35472a2d48c89905068e5ece0cc3_redline_48f16bf31f.pdf,tracking_without_comments,48f16bf31f,redlines_a100_b10
9e4a01de0a_evals__employment_offer_4cf5a872__vs__546864032e_evals__lease_agreement_7081191d_redline_49767a79ea,clean/docx/9e4a01de0a_evals__employment_offer_4cf5a872,clean/docx/546864032e_evals__lease_agreement_7081191d,tracking_without_comments/docx/9e4a01de0a_evals__employment_offer_4cf5a872__vs__546864032e_evals__lease_agreement_7081191d_redline_49767a79ea.docx,tracking_without_comments/pdf/9e4a01de0a_evals__employment_offer_4cf5a872__vs__546864032e_evals__lease_agreement_7081191d_redline_49767a79ea.pdf,tracking_without_comments,49767a79ea,word_redlines_superdoc_0926
4e6a261969_file_197__vs__053db61e03_file_198_redline_4a2a9e7a03,clean/docx/4e6a261969_file_197,clean/docx/053db61e03_file_198,tracking_without_comments/docx/4e6a261969_file_197__vs__053db61e03_file_198_redline_4a2a9e7a03.docx,tracking_without_comments/pdf/4e6a261969_file_197__vs__053db61e03_file_198_redline_4a2a9e7a03.pdf,tracking_without_comments,4a2a9e7a03,word_based_randomized
617c1284c9_00feb732c2ef2b643a132e4305e16833fd047b46ca44b65b__vs__aa5340125d_00a4b0b91e9b5b072dc3771391c2d608518690eccf44eae8_redline_4b0ea98e79,clean/docx/617c1284c9_00feb732c2ef2b643a132e4305e16833fd047b46ca44b65b,clean/docx/aa5340125d_00a4b0b91e9b5b072dc3771391c2d608518690eccf44eae8,tracking_without_comments/docx/617c1284c9_00feb732c2ef2b643a132e4305e16833fd047b46ca44b65b__vs__aa5340125d_00a4b0b91e9b5b072dc3771391c2d608518690eccf44eae8_redline_4b0ea98e79.docx,tracking_without_comments/pdf/617c1284c9_00feb732c2ef2b643a132e4305e16833fd047b46ca44b65b__vs__aa5340125d_00a4b0b91e9b5b072dc3771391c2d608518690eccf44eae8_redline_4b0ea98e79.pdf,tracking_without_comments,4b0ea98e79,redlines_a100_b10
3fa4dd96ac_044f05e4fb62ebe801e03fb10c602e9a7ed843275755e479__vs__22e696b980_2c10ab9dc3990eb5bbfd3c9738e6ed0f2d9ed69c2d2b09a8_redline_4b964840ae,clean/docx/3fa4dd96ac_044f05e4fb62ebe801e03fb10c602e9a7ed843275755e479,clean/docx/22e696b980_2c10ab9dc3990eb5bbfd3c9738e6ed0f2d9ed69c2d2b09a8,tracking_without_comments/docx/3fa4dd96ac_044f05e4fb62ebe801e03fb10c602e9a7ed843275755e479__vs__22e696b980_2c10ab9dc3990eb5bbfd3c9738e6ed0f2d9ed69c2d2b09a8_redline_4b964840ae.docx,tracking_without_comments/pdf/3fa4dd96ac_044f05e4fb62ebe801e03fb10c602e9a7ed843275755e479__vs__22e696b980_2c10ab9dc3990eb5bbfd3c9738e6ed0f2d9ed69c2d2b09a8_redline_4b964840ae.pdf,tracking_without_comments,4b964840ae,redlines_en_500
43dd6753e6_super_editor__diff_before7_5bad2542__vs__e70f1134dd_super_editor__diff_before8_ba5faa9e_redline_4ca4e25a83,clean/docx/43dd6753e6_super_editor__diff_before7_5bad2542,with_comments_clean/docx/e70f1134dd_super_editor__diff_before8_ba5faa9e,with_comments_tracking/docx/43dd6753e6_super_editor__diff_before7_5bad2542__vs__e70f1134dd_super_editor__diff_before8_ba5faa9e_redline_4ca4e25a83.docx,with_comments_tracking/pdf/43dd6753e6_super_editor__diff_before7_5bad2542__vs__e70f1134dd_super_editor__diff_before8_ba5faa9e_redline_4ca4e25a83.pdf,with_comments_tracking,4ca4e25a83,word_redlines_superdoc_0926
adab1d7f95_e4da907284684ae6de0a0105ed31619286f85d270957e50f__vs__d66d977468_d41b0a2aae43a2286e03df83a759313b6f175040b07994fc_redline_4d10fec5fc,clean/docx/adab1d7f95_e4da907284684ae6de0a0105ed31619286f85d270957e50f,clean/docx/d66d977468_d41b0a2aae43a2286e03df83a759313b6f175040b07994fc,tracking_without_comments/docx/adab1d7f95_e4da907284684ae6de0a0105ed31619286f85d270957e50f__vs__d66d977468_d41b0a2aae43a2286e03df83a759313b6f175040b07994fc_redline_4d10fec5fc.docx,tracking_without_comments/pdf/adab1d7f95_e4da907284684ae6de0a0105ed31619286f85d270957e50f__vs__d66d977468_d41b0a2aae43a2286e03df83a759313b6f175040b07994fc_redline_4d10fec5fc.pdf,tracking_without_comments,4d10fec5fc,redlines_en_500
f4e1903ff3_super_editor__sd_1707_list_enter_track_changes_w__vs__25f07e0823_super_editor__sd_1919_word_mixed_33e049ca_redline_4d4841f48c,clean/docx/f4e1903ff3_super_editor__sd_1707_list_enter_track_changes_w,clean/docx/25f07e0823_super_editor__sd_1919_word_mixed_33e049ca,tracking_without_comments/docx/f4e1903ff3_super_editor__sd_1707_list_enter_track_changes_w__vs__25f07e0823_super_editor__sd_1919_word_mixed_33e049ca_redline_4d4841f48c.docx,tracking_without_comments/pdf/f4e1903ff3_super_editor__sd_1707_list_enter_track_changes_w__vs__25f07e0823_super_editor__sd_1919_word_mixed_33e049ca_redline_4d4841f48c.pdf,tracking_without_comments,4d4841f48c,word_redlines_superdoc_0926
f32428a03a_file_28__vs__5900cc12ca_file_29_redline_4e02f507c8,clean/docx/f32428a03a_file_28,clean/docx/5900cc12ca_file_29,tracking_without_comments/docx/f32428a03a_file_28__vs__5900cc12ca_file_29_redline_4e02f507c8.docx,tracking_without_comments/pdf/f32428a03a_file_28__vs__5900cc12ca_file_29_redline_4e02f507c8.pdf,tracking_without_comments,4e02f507c8,word_based_randomized_0926
df097720f7_file_131__vs__3c60cce945_file_132_redline_4eff11f045,with_comments_clean/docx/df097720f7_file_131,clean/docx/3c60cce945_file_132,with_comments_tracking/docx/df097720f7_file_131__vs__3c60cce945_file_132_redline_4eff11f045.docx,with_comments_tracking/pdf/df097720f7_file_131__vs__3c60cce945_file_132_redline_4eff11f045.pdf,with_comments_tracking,4eff11f045,word_based_randomized_0926
99abd76716_file_126__vs__c5c92e4f32_file_127_redline_4f992bb29a,clean/docx/99abd76716_file_126,tracking_without_comments/docx/c5c92e4f32_file_127,tracking_without_comments/docx/99abd76716_file_126__vs__c5c92e4f32_file_127_redline_4f992bb29a.docx,tracking_without_comments/pdf/99abd76716_file_126__vs__c5c92e4f32_file_127_redline_4f992bb29a.pdf,tracking_without_comments,4f992bb29a,nocomments_randomized
f394f45ba5_file_65__vs__95ff51154c_file_66_redline_50247f34d1,clean/docx/f394f45ba5_file_65,clean/docx/95ff51154c_file_66,tracking_without_comments/docx/f394f45ba5_file_65__vs__95ff51154c_file_66_redline_50247f34d1.docx,tracking_without_comments/pdf/f394f45ba5_file_65__vs__95ff51154c_file_66_redline_50247f34d1.pdf,tracking_without_comments,50247f34d1,word_based_randomized_0926
98c8b73841_0041d3944715c2fffc5929695f968e5f399e85b139fba063__vs__5203829c7a_001cc92b88566d5f930fe57f25813c0bf52a7bdc72c217d0_redline_50e71f1eff,clean/docx/98c8b73841_0041d3944715c2fffc5929695f968e5f399e85b139fba063,clean/docx/5203829c7a_001cc92b88566d5f930fe57f25813c0bf52a7bdc72c217d0,tracking_without_comments/docx/98c8b73841_0041d3944715c2fffc5929695f968e5f399e85b139fba063__vs__5203829c7a_001cc92b88566d5f930fe57f25813c0bf52a7bdc72c217d0_redline_50e71f1eff.docx,tracking_without_comments/pdf/98c8b73841_0041d3944715c2fffc5929695f968e5f399e85b139fba063__vs__5203829c7a_001cc92b88566d5f930fe57f25813c0bf52a7bdc72c217d0_redline_50e71f1eff.pdf,tracking_without_comments,50e71f1eff,redlines_a100_b10
570c8465f0_1b333fe80fef0fc98ba50b06be0ebd5f095833dfdaec7844__vs__7f567ada68_7c28073a381aa706215f6fd4196b4c66096249720665b8a7_redline_518c606bf2,clean/docx/570c8465f0_1b333fe80fef0fc98ba50b06be0ebd5f095833dfdaec7844,clean/docx/7f567ada68_7c28073a381aa706215f6fd4196b4c66096249720665b8a7,tracking_without_comments/docx/570c8465f0_1b333fe80fef0fc98ba50b06be0ebd5f095833dfdaec7844__vs__7f567ada68_7c28073a381aa706215f6fd4196b4c66096249720665b8a7_redline_518c606bf2.docx,tracking_without_comments/pdf/570c8465f0_1b333fe80fef0fc98ba50b06be0ebd5f095833dfdaec7844__vs__7f567ada68_7c28073a381aa706215f6fd4196b4c66096249720665b8a7_redline_518c606bf2.pdf,tracking_without_comments,518c606bf2,redlines_en_500
f9b9dbd790_0017bce9abd08007241b106f0fcf1d64e45c05cd82a05a1d__vs__a5f2b9318d_002aa60c2ae1187417b4b157c5ec6450324cc056ec551a12_redline_51e52dbbaf,clean/docx/f9b9dbd790_0017bce9abd08007241b106f0fcf1d64e45c05cd82a05a1d,clean/docx/a5f2b9318d_002aa60c2ae1187417b4b157c5ec6450324cc056ec551a12,tracking_without_comments/docx/f9b9dbd790_0017bce9abd08007241b106f0fcf1d64e45c05cd82a05a1d__vs__a5f2b9318d_002aa60c2ae1187417b4b157c5ec6450324cc056ec551a12_redline_51e52dbbaf.docx,tracking_without_comments/pdf/f9b9dbd790_0017bce9abd08007241b106f0fcf1d64e45c05cd82a05a1d__vs__a5f2b9318d_002aa60c2ae1187417b4b157c5ec6450324cc056ec551a12_redline_51e52dbbaf.pdf,tracking_without_comments,51e52dbbaf,redlines_a100_b10
bc514b554e_00d979c97e42f03faff5f49e2a7dfa9afd30996214602e19__vs__bd3824dd1e_000ee64ef7226d353297888f59a251e24ce5d776fea000fa_redline_527b7f9493,clean/docx/bc514b554e_00d979c97e42f03faff5f49e2a7dfa9afd30996214602e19,clean/docx/bd3824dd1e_000ee64ef7226d353297888f59a251e24ce5d776fea000fa,tracking_without_comments/docx/bc514b554e_00d979c97e42f03faff5f49e2a7dfa9afd30996214602e19__vs__bd3824dd1e_000ee64ef7226d353297888f59a251e24ce5d776fea000fa_redline_527b7f9493.docx,tracking_without_comments/pdf/bc514b554e_00d979c97e42f03faff5f49e2a7dfa9afd30996214602e19__vs__bd3824dd1e_000ee64ef7226d353297888f59a251e24ce5d776fea000fa_redline_527b7f9493.pdf,tracking_without_comments,527b7f9493,redlines_a100_b10
e871d6f4c9_sample_document_word_repair_of_our_output_word_r__vs__48a455b7e7_sd_2517_localized_heading_styles_redline_52f93a00df,tracking_without_comments/docx/e871d6f4c9_sample_document_word_repair_of_our_output_word_r,clean/docx/48a455b7e7_sd_2517_localized_heading_styles,tracking_without_comments/docx/e871d6f4c9_sample_document_word_repair_of_our_output_word_r__vs__48a455b7e7_sd_2517_localized_heading_styles_redline_52f93a00df.docx,tracking_without_comments/pdf/e871d6f4c9_sample_document_word_repair_of_our_output_word_r__vs__48a455b7e7_sd_2517_localized_heading_styles_redline_52f93a00df.pdf,tracking_without_comments,52f93a00df,nocomments
6867e05e76_00b0d42bbea3b9bac7bc95466cf416f6c89a8cda62bbf3d7__vs__2e04202552_000e3e7bd2d6215fc7b469cc3e296c1b2a510bc1abc7e0fd_redline_537a8cea0d,clean/docx/6867e05e76_00b0d42bbea3b9bac7bc95466cf416f6c89a8cda62bbf3d7,clean/docx/2e04202552_000e3e7bd2d6215fc7b469cc3e296c1b2a510bc1abc7e0fd,tracking_without_comments/docx/6867e05e76_00b0d42bbea3b9bac7bc95466cf416f6c89a8cda62bbf3d7__vs__2e04202552_000e3e7bd2d6215fc7b469cc3e296c1b2a510bc1abc7e0fd_redline_537a8cea0d.docx,tracking_without_comments/pdf/6867e05e76_00b0d42bbea3b9bac7bc95466cf416f6c89a8cda62bbf3d7__vs__2e04202552_000e3e7bd2d6215fc7b469cc3e296c1b2a510bc1abc7e0fd_redline_537a8cea0d.pdf,tracking_without_comments,537a8cea0d,redlines_a100_b10
aa58aada65_00160046fb2516a560a9681d7ae3e6f4659af57d19555d4e__vs__2e04202552_000e3e7bd2d6215fc7b469cc3e296c1b2a510bc1abc7e0fd_redline_540ffd9ee6,clean/docx/aa58aada65_00160046fb2516a560a9681d7ae3e6f4659af57d19555d4e,clean/docx/2e04202552_000e3e7bd2d6215fc7b469cc3e296c1b2a510bc1abc7e0fd,tracking_without_comments/docx/aa58aada65_00160046fb2516a560a9681d7ae3e6f4659af57d19555d4e__vs__2e04202552_000e3e7bd2d6215fc7b469cc3e296c1b2a510bc1abc7e0fd_redline_540ffd9ee6.docx,tracking_without_comments/pdf/aa58aada65_00160046fb2516a560a9681d7ae3e6f4659af57d19555d4e__vs__2e04202552_000e3e7bd2d6215fc7b469cc3e296c1b2a510bc1abc7e0fd_redline_540ffd9ee6.pdf,tracking_without_comments,540ffd9ee6,redlines_a100_b10
d3b73b5ecf_534f02b4ceb3be8720d64c2c9de45e7b41f6f232c07177fa__vs__b464bb2f28_53fae2563e6bafcd40cf05ce3f1d6b2d66f0d965f9b5c8e2_redline_548d133393,clean/docx/d3b73b5ecf_534f02b4ceb3be8720d64c2c9de45e7b41f6f232c07177fa,clean/docx/b464bb2f28_53fae2563e6bafcd40cf05ce3f1d6b2d66f0d965f9b5c8e2,tracking_without_comments/docx/d3b73b5ecf_534f02b4ceb3be8720d64c2c9de45e7b41f6f232c07177fa__vs__b464bb2f28_53fae2563e6bafcd40cf05ce3f1d6b2d66f0d965f9b5c8e2_redline_548d133393.docx,tracking_without_comments/pdf/d3b73b5ecf_534f02b4ceb3be8720d64c2c9de45e7b41f6f232c07177fa__vs__b464bb2f28_53fae2563e6bafcd40cf05ce3f1d6b2d66f0d965f9b5c8e2_redline_548d133393.pdf,tracking_without_comments,548d133393,redlines_en_500
af540c50e4_00edeec4b73ab68a9a4e2b0281464f067656d89fc9969ab4__vs__5203829c7a_001cc92b88566d5f930fe57f25813c0bf52a7bdc72c217d0_redline_5569b9c84a,clean/docx/af540c50e4_00edeec4b73ab68a9a4e2b0281464f067656d89fc9969ab4,clean/docx/5203829c7a_001cc92b88566d5f930fe57f25813c0bf52a7bdc72c217d0,tracking_without_comments/docx/af540c50e4_00edeec4b73ab68a9a4e2b0281464f067656d89fc9969ab4__vs__5203829c7a_001cc92b88566d5f930fe57f25813c0bf52a7bdc72c217d0_redline_5569b9c84a.docx,tracking_without_comments/pdf/af540c50e4_00edeec4b73ab68a9a4e2b0281464f067656d89fc9969ab4__vs__5203829c7a_001cc92b88566d5f930fe57f25813c0bf52a7bdc72c217d0_redline_5569b9c84a.pdf,tracking_without_comments,5569b9c84a,redlines_a100_b10
1f4891aebe_large_font_size_demo_id_paraid_overflow__vs__b4ba29d456_left_alignment_demo_id_paraid_overflow_redline_55e7a12ff4,clean/docx/1f4891aebe_large_font_size_demo_id_paraid_overflow,clean/docx/b4ba29d456_left_alignment_demo_id_paraid_overflow,tracking_without_comments/docx/1f4891aebe_large_font_size_demo_id_paraid_overflow__vs__b4ba29d456_left_alignment_demo_id_paraid_overflow_redline_55e7a12ff4.docx,tracking_without_comments/pdf/1f4891aebe_large_font_size_demo_id_paraid_overflow__vs__b4ba29d456_left_alignment_demo_id_paraid_overflow_redline_55e7a12ff4.pdf,tracking_without_comments,55e7a12ff4,word_based
9be7e36de4_00c3fd2d23e8acf016f9b2fb44f4ee84789abc39c820e7ab__vs__bd3824dd1e_000ee64ef7226d353297888f59a251e24ce5d776fea000fa_redline_56bca4966f,clean/docx/9be7e36de4_00c3fd2d23e8acf016f9b2fb44f4ee84789abc39c820e7ab,clean/docx/bd3824dd1e_000ee64ef7226d353297888f59a251e24ce5d776fea000fa,tracking_without_comments/docx/9be7e36de4_00c3fd2d23e8acf016f9b2fb44f4ee84789abc39c820e7ab__vs__bd3824dd1e_000ee64ef7226d353297888f59a251e24ce5d776fea000fa_redline_56bca4966f.docx,tracking_without_comments/pdf/9be7e36de4_00c3fd2d23e8acf016f9b2fb44f4ee84789abc39c820e7ab__vs__bd3824dd1e_000ee64ef7226d353297888f59a251e24ce5d776fea000fa_redline_56bca4966f.pdf,tracking_without_comments,56bca4966f,redlines_a100_b10
e78083cef0_file_32__vs__10a4a9d332_file_33_redline_57d6617649,clean/docx/e78083cef0_file_32,clean/docx/10a4a9d332_file_33,tracking_without_comments/docx/e78083cef0_file_32__vs__10a4a9d332_file_33_redline_57d6617649.docx,tracking_without_comments/pdf/e78083cef0_file_32__vs__10a4a9d332_file_33_redline_57d6617649.pdf,tracking_without_comments,57d6617649,nocomments_randomized
878549f8f2_file_193__vs__852426b54e_file_194_redline_583e56b20b,clean/docx/878549f8f2_file_193,clean/docx/852426b54e_file_194,tracking_without_comments/docx/878549f8f2_file_193__vs__852426b54e_file_194_redline_583e56b20b.docx,tracking_without_comments/pdf/878549f8f2_file_193__vs__852426b54e_file_194_redline_583e56b20b.pdf,tracking_without_comments,583e56b20b,word_based_randomized_0926
ee9bfc2650_docx_lots_of_comments_addition_removal_redline_r__vs__3fcadf4761_docx_lots_of_comments_addition_removal_redline_redline_58cd08049b,with_comments_tracking/docx/ee9bfc2650_docx_lots_of_comments_addition_removal_redline_r,with_comments_tracking/docx/3fcadf4761_docx_lots_of_comments_addition_removal_redline,with_comments_clean/docx/ee9bfc2650_docx_lots_of_comments_addition_removal_redline_r__vs__3fcadf4761_docx_lots_of_comments_addition_removal_redline_redline_58cd08049b.docx,with_comments_clean/pdf/ee9bfc2650_docx_lots_of_comments_addition_removal_redline_r__vs__3fcadf4761_docx_lots_of_comments_addition_removal_redline_redline_58cd08049b.pdf,with_comments_clean,58cd08049b,word_based
5d0e112e2c_file_194__vs__d73737e359_file_195_redline_59af96c28c,clean/docx/5d0e112e2c_file_194,clean/docx/d73737e359_file_195,tracking_without_comments/docx/5d0e112e2c_file_194__vs__d73737e359_file_195_redline_59af96c28c.docx,tracking_without_comments/pdf/5d0e112e2c_file_194__vs__d73737e359_file_195_redline_59af96c28c.pdf,tracking_without_comments,59af96c28c,nocomments_randomized
31fab2218b_file_182__vs__befb952e73_file_183_redline_5aa9df719b,tracking_without_comments/docx/31fab2218b_file_182,clean/docx/befb952e73_file_183,tracking_without_comments/docx/31fab2218b_file_182__vs__befb952e73_file_183_redline_5aa9df719b.docx,tracking_without_comments/pdf/31fab2218b_file_182__vs__befb952e73_file_183_redline_5aa9df719b.pdf,tracking_without_comments,5aa9df719b,nocomments_randomized
3539cf2404_cli_legacy__replace_test_0a793f01__vs__8df6dfa8d7_alternate_content_redline_5b35efe2bb,with_comments_tracking/docx/3539cf2404_cli_legacy__replace_test_0a793f01,clean/docx/8df6dfa8d7_alternate_content,with_comments_tracking/docx/3539cf2404_cli_legacy__replace_test_0a793f01__vs__8df6dfa8d7_alternate_content_redline_5b35efe2bb.docx,with_comments_tracking/pdf/3539cf2404_cli_legacy__replace_test_0a793f01__vs__8df6dfa8d7_alternate_content_redline_5b35efe2bb.pdf,with_comments_tracking,5b35efe2bb,word_redlines_superdoc_0926
2b6b459ed7_clear_formatting_demo_id_paraid_overflow__vs__a6ee65b3ee_comments_redline_5bae56a6bc,clean/docx/2b6b459ed7_clear_formatting_demo_id_paraid_overflow,clean/docx/a6ee65b3ee_comments,tracking_without_comments/docx/2b6b459ed7_clear_formatting_demo_id_paraid_overflow__vs__a6ee65b3ee_comments_redline_5bae56a6bc.docx,tracking_without_comments/pdf/2b6b459ed7_clear_formatting_demo_id_paraid_overflow__vs__a6ee65b3ee_comments_redline_5bae56a6bc.pdf,tracking_without_comments,5bae56a6bc,nocomments
2c0a2ac35f_double_spacing_bold_demo_id_paraid_overflow__vs__90cef57bac_eigenpal_docx_editor_suggesting_mixed_edits_redline_5d3a04d9a6,clean/docx/2c0a2ac35f_double_spacing_bold_demo_id_paraid_overflow,with_comments_tracking/docx/90cef57bac_eigenpal_docx_editor_suggesting_mixed_edits,with_comments_tracking/docx/2c0a2ac35f_double_spacing_bold_demo_id_paraid_overflow__vs__90cef57bac_eigenpal_docx_editor_suggesting_mixed_edits_redline_5d3a04d9a6.docx,with_comments_tracking/pdf/2c0a2ac35f_double_spacing_bold_demo_id_paraid_overflow__vs__90cef57bac_eigenpal_docx_editor_suggesting_mixed_edits_redline_5d3a04d9a6.pdf,with_comments_tracking,5d3a04d9a6,word_based_0926
c4ee483519_tiff_image__vs__776a437291_behavior__two_column_simple_e77be963_redline_5e067b0987,clean/docx/c4ee483519_tiff_image,clean/docx/776a437291_behavior__two_column_simple_e77be963,tracking_without_comments/docx/c4ee483519_tiff_image__vs__776a437291_behavior__two_column_simple_e77be963_redline_5e067b0987.docx,tracking_without_comments/pdf/c4ee483519_tiff_image__vs__776a437291_behavior__two_column_simple_e77be963_redline_5e067b0987.pdf,tracking_without_comments,5e067b0987,word_redlines_superdoc
718cb91f66_file_90__vs__84b67d8458_file_91_redline_5eb341a977,tracking_without_comments/docx/718cb91f66_file_90,clean/docx/84b67d8458_file_91,tracking_without_comments/docx/718cb91f66_file_90__vs__84b67d8458_file_91_redline_5eb341a977.docx,tracking_without_comments/pdf/718cb91f66_file_90__vs__84b67d8458_file_91_redline_5eb341a977.pdf,tracking_without_comments,5eb341a977,nocomments_randomized
4ade5f9207_009df71a7ecb41f9da0135915e2e4d68176e296ff69c9af0__vs__deff0e697a_00b5defcad6e58038eac35472a2d48c89905068e5ece0cc3_redline_5f90841fd1,clean/docx/4ade5f9207_009df71a7ecb41f9da0135915e2e4d68176e296ff69c9af0,clean/docx/deff0e697a_00b5defcad6e58038eac35472a2d48c89905068e5ece0cc3,tracking_without_comments/docx/4ade5f9207_009df71a7ecb41f9da0135915e2e4d68176e296ff69c9af0__vs__deff0e697a_00b5defcad6e58038eac35472a2d48c89905068e5ece0cc3_redline_5f90841fd1.docx,tracking_without_comments/pdf/4ade5f9207_009df71a7ecb41f9da0135915e2e4d68176e296ff69c9af0__vs__deff0e697a_00b5defcad6e58038eac35472a2d48c89905068e5ece0cc3_redline_5f90841fd1.pdf,tracking_without_comments,5f90841fd1,redlines_a100_b10
ef1e1c68e9_super_editor__basic_paragraph_1774f4e4__vs__08286ffbfb_super_editor__basic_resolved_comment_cac5a1b0_redline_603ef0419b,clean/docx/ef1e1c68e9_super_editor__basic_paragraph_1774f4e4,with_comments_clean/docx/08286ffbfb_super_editor__basic_resolved_comment_cac5a1b0,with_comments_tracking/docx/ef1e1c68e9_super_editor__basic_paragraph_1774f4e4__vs__08286ffbfb_super_editor__basic_resolved_comment_cac5a1b0_redline_603ef0419b.docx,with_comments_tracking/pdf/ef1e1c68e9_super_editor__basic_paragraph_1774f4e4__vs__08286ffbfb_super_editor__basic_resolved_comment_cac5a1b0_redline_603ef0419b.pdf,with_comments_tracking,603ef0419b,word_redlines_superdoc
799980e6af_file_12__vs__2bd5ae6064_file_13_redline_612a3c24fa,with_comments_clean/docx/799980e6af_file_12,clean/docx/2bd5ae6064_file_13,with_comments_tracking/docx/799980e6af_file_12__vs__2bd5ae6064_file_13_redline_612a3c24fa.docx,with_comments_tracking/pdf/799980e6af_file_12__vs__2bd5ae6064_file_13_redline_612a3c24fa.pdf,with_comments_tracking,612a3c24fa,word_based_randomized
fdaf71bd6b_file_38__vs__d62983b275_file_39_redline_618d22429e,clean/docx/fdaf71bd6b_file_38,clean/docx/d62983b275_file_39,tracking_without_comments/docx/fdaf71bd6b_file_38__vs__d62983b275_file_39_redline_618d22429e.docx,tracking_without_comments/pdf/fdaf71bd6b_file_38__vs__d62983b275_file_39_redline_618d22429e.pdf,tracking_without_comments,618d22429e,word_based_randomized_0926
9f6091a4ac_super_editor__threaded_comment_27bda0ba__vs__84f5fb598b_super_editor__diff_before11_1b953eaf_redline_621637d747,with_comments_clean/docx/9f6091a4ac_super_editor__threaded_comment_27bda0ba,with_comments_tracking/docx/84f5fb598b_super_editor__diff_before11_1b953eaf,with_comments_tracking/docx/9f6091a4ac_super_editor__threaded_comment_27bda0ba__vs__84f5fb598b_super_editor__diff_before11_1b953eaf_redline_621637d747.docx,with_comments_tracking/pdf/9f6091a4ac_super_editor__threaded_comment_27bda0ba__vs__84f5fb598b_super_editor__diff_before11_1b953eaf_redline_621637d747.pdf,with_comments_tracking,621637d747,word_redlines_superdoc
f529133cd5_super_editor__basic_comment_d3ba5f1e__vs__3b639ef236_super_editor__sdpr_8cc15994_redline_62f0f8ee91,with_comments_clean/docx/f529133cd5_super_editor__basic_comment_d3ba5f1e,tracking_without_comments/docx/3b639ef236_super_editor__sdpr_8cc15994,with_comments_tracking/docx/f529133cd5_super_editor__basic_comment_d3ba5f1e__vs__3b639ef236_super_editor__sdpr_8cc15994_redline_62f0f8ee91.docx,with_comments_tracking/pdf/f529133cd5_super_editor__basic_comment_d3ba5f1e__vs__3b639ef236_super_editor__sdpr_8cc15994_redline_62f0f8ee91.pdf,with_comments_tracking,62f0f8ee91,word_redlines_superdoc_0926
25937ddb49_d45aa3d5fdc962c7ae968e4118ab0f865de156c0d720ac0d__vs__f7988c556b_069252c3fde38e4d9f87c5a8a48590195facf9a409032580_redline_63b66681b7,clean/docx/25937ddb49_d45aa3d5fdc962c7ae968e4118ab0f865de156c0d720ac0d,clean/docx/f7988c556b_069252c3fde38e4d9f87c5a8a48590195facf9a409032580,tracking_without_comments/docx/25937ddb49_d45aa3d5fdc962c7ae968e4118ab0f865de156c0d720ac0d__vs__f7988c556b_069252c3fde38e4d9f87c5a8a48590195facf9a409032580_redline_63b66681b7.docx,tracking_without_comments/pdf/25937ddb49_d45aa3d5fdc962c7ae968e4118ab0f865de156c0d720ac0d__vs__f7988c556b_069252c3fde38e4d9f87c5a8a48590195facf9a409032580_redline_63b66681b7.pdf,tracking_without_comments,63b66681b7,redlines_en_500
dab313767f_red_heading_demo_id_paraid_overflow__vs__ba06c848cd_red_strikethrough_demo_style_default_missing_redline_645206eff8,clean/docx/dab313767f_red_heading_demo_id_paraid_overflow,clean/docx/ba06c848cd_red_strikethrough_demo_style_default_missing,tracking_without_comments/docx/dab313767f_red_heading_demo_id_paraid_overflow__vs__ba06c848cd_red_strikethrough_demo_style_default_missing_redline_645206eff8.docx,tracking_without_comments/pdf/dab313767f_red_heading_demo_id_paraid_overflow__vs__ba06c848cd_red_strikethrough_demo_style_default_missing_redline_645206eff8.pdf,tracking_without_comments,645206eff8,nocomments
5ad6e6d44f_0199027cbf967c88ab833b77e5bc5d629bacecbd40a87c26__vs__a5f2b9318d_002aa60c2ae1187417b4b157c5ec6450324cc056ec551a12_redline_6515f78ba6,tracking_without_comments/docx/5ad6e6d44f_0199027cbf967c88ab833b77e5bc5d629bacecbd40a87c26,clean/docx/a5f2b9318d_002aa60c2ae1187417b4b157c5ec6450324cc056ec551a12,tracking_without_comments/docx/5ad6e6d44f_0199027cbf967c88ab833b77e5bc5d629bacecbd40a87c26__vs__a5f2b9318d_002aa60c2ae1187417b4b157c5ec6450324cc056ec551a12_redline_6515f78ba6.docx,tracking_without_comments/pdf/5ad6e6d44f_0199027cbf967c88ab833b77e5bc5d629bacecbd40a87c26__vs__a5f2b9318d_002aa60c2ae1187417b4b157c5ec6450324cc056ec551a12_redline_6515f78ba6.pdf,tracking_without_comments,6515f78ba6,redlines_a100_b10
0a0b6470c3_00051beee50076d47db468069cab455933b72d9df9165e1f__vs__342f364d46_001342333d45627868f4dc5282abbba4598a91b4a7584b08_redline_65f635473d,clean/docx/0a0b6470c3_00051beee50076d47db468069cab455933b72d9df9165e1f,clean/docx/342f364d46_001342333d45627868f4dc5282abbba4598a91b4a7584b08,tracking_without_comments/docx/0a0b6470c3_00051beee50076d47db468069cab455933b72d9df9165e1f__vs__342f364d46_001342333d45627868f4dc5282abbba4598a91b4a7584b08_redline_65f635473d.docx,tracking_without_comments/pdf/0a0b6470c3_00051beee50076d47db468069cab455933b72d9df9165e1f__vs__342f364d46_001342333d45627868f4dc5282abbba4598a91b4a7584b08_redline_65f635473d.pdf,tracking_without_comments,65f635473d,redlines_a100_b10
083826730a_file_32__vs__a46b602ff5_file_33_redline_666e33d132,clean/docx/083826730a_file_32,clean/docx/a46b602ff5_file_33,tracking_without_comments/docx/083826730a_file_32__vs__a46b602ff5_file_33_redline_666e33d132.docx,tracking_without_comments/pdf/083826730a_file_32__vs__a46b602ff5_file_33_redline_666e33d132.pdf,tracking_without_comments,666e33d132,word_based_randomized_0926
fd68f70f24_super_editor__ooxml_highlight_rstyle_linked_comb__vs__ba54aaab82_super_editor__ooxml_italic_rstyle_combos_demo_90_redline_67b4573b7d,clean/docx/fd68f70f24_super_editor__ooxml_highlight_rstyle_linked_comb,clean/docx/ba54aaab82_super_editor__ooxml_italic_rstyle_combos_demo_90,tracking_without_comments/docx/fd68f70f24_super_editor__ooxml_highlight_rstyle_linked_comb__vs__ba54aaab82_super_editor__ooxml_italic_rstyle_combos_demo_90_redline_67b4573b7d.docx,tracking_without_comments/pdf/fd68f70f24_super_editor__ooxml_highlight_rstyle_linked_comb__vs__ba54aaab82_super_editor__ooxml_italic_rstyle_combos_demo_90_redline_67b4573b7d.pdf,tracking_without_comments,67b4573b7d,word_redlines_superdoc_0926
7a48682ea5_super_editor__superdoc_hyperlink_cases_1dde9cd3__vs__7098537b0d_super_editor__base_custom_544164f9_redline_686a6405b2,clean/docx/7a48682ea5_super_editor__superdoc_hyperlink_cases_1dde9cd3,clean/docx/7098537b0d_super_editor__base_custom_544164f9,tracking_without_comments/docx/7a48682ea5_super_editor__superdoc_hyperlink_cases_1dde9cd3__vs__7098537b0d_super_editor__base_custom_544164f9_redline_686a6405b2.docx,tracking_without_comments/pdf/7a48682ea5_super_editor__superdoc_hyperlink_cases_1dde9cd3__vs__7098537b0d_super_editor__base_custom_544164f9_redline_686a6405b2.pdf,tracking_without_comments,686a6405b2,word_redlines_superdoc
dcf7dd476f_super_editor__superdoc_table_tester_3b2de2e1__vs__f89ff5989b_evals__nda_7f304918_redline_699b8c72c1,clean/docx/dcf7dd476f_super_editor__superdoc_table_tester_3b2de2e1,clean/docx/f89ff5989b_evals__nda_7f304918,tracking_without_comments/docx/dcf7dd476f_super_editor__superdoc_table_tester_3b2de2e1__vs__f89ff5989b_evals__nda_7f304918_redline_699b8c72c1.docx,tracking_without_comments/pdf/dcf7dd476f_super_editor__superdoc_table_tester_3b2de2e1__vs__f89ff5989b_evals__nda_7f304918_redline_699b8c72c1.pdf,tracking_without_comments,699b8c72c1,word_redlines_superdoc_0926
783b1628da_green_bold_text_demo_id_paraid_overflow__vs__307d9d0b0c_green_highlight_demo_id_paraid_overflow_redline_6a034c8279,clean/docx/783b1628da_green_bold_text_demo_id_paraid_overflow,clean/docx/307d9d0b0c_green_highlight_demo_id_paraid_overflow,tracking_without_comments/docx/783b1628da_green_bold_text_demo_id_paraid_overflow__vs__307d9d0b0c_green_highlight_demo_id_paraid_overflow_redline_6a034c8279.docx,tracking_without_comments/pdf/783b1628da_green_bold_text_demo_id_paraid_overflow__vs__307d9d0b0c_green_highlight_demo_id_paraid_overflow_redline_6a034c8279.pdf,tracking_without_comments,6a034c8279,nocomments
00f467c010_0008753aa70a6a7b929aa1958001da41574c2d407e5b9863__vs__333bfe069a_003416d620331122b93b434dad901db5836f60d2cad4b533_redline_6ac9b7afd6,clean/docx/00f467c010_0008753aa70a6a7b929aa1958001da41574c2d407e5b9863,clean/docx/333bfe069a_003416d620331122b93b434dad901db5836f60d2cad4b533,tracking_without_comments/docx/00f467c010_0008753aa70a6a7b929aa1958001da41574c2d407e5b9863__vs__333bfe069a_003416d620331122b93b434dad901db5836f60d2cad4b533_redline_6ac9b7afd6.docx,tracking_without_comments/pdf/00f467c010_0008753aa70a6a7b929aa1958001da41574c2d407e5b9863__vs__333bfe069a_003416d620331122b93b434dad901db5836f60d2cad4b533_redline_6ac9b7afd6.pdf,tracking_without_comments,6ac9b7afd6,redlines_a100_b10
4ade5f9207_009df71a7ecb41f9da0135915e2e4d68176e296ff69c9af0__vs__5203829c7a_001cc92b88566d5f930fe57f25813c0bf52a7bdc72c217d0_redline_6b69ef5b77,clean/docx/4ade5f9207_009df71a7ecb41f9da0135915e2e4d68176e296ff69c9af0,clean/docx/5203829c7a_001cc92b88566d5f930fe57f25813c0bf52a7bdc72c217d0,tracking_without_comments/docx/4ade5f9207_009df71a7ecb41f9da0135915e2e4d68176e296ff69c9af0__vs__5203829c7a_001cc92b88566d5f930fe57f25813c0bf52a7bdc72c217d0_redline_6b69ef5b77.docx,tracking_without_comments/pdf/4ade5f9207_009df71a7ecb41f9da0135915e2e4d68176e296ff69c9af0__vs__5203829c7a_001cc92b88566d5f930fe57f25813c0bf52a7bdc72c217d0_redline_6b69ef5b77.pdf,tracking_without_comments,6b69ef5b77,redlines_a100_b10
a05927a875_track_changes_suggesting_bold_id_paraid_overflow__vs__cc0b2ff816_track_changes_suggesting_calibri_id_paraid_overf_redline_6ba19c43e4,clean/docx/a05927a875_track_changes_suggesting_bold_id_paraid_overflow,clean/docx/cc0b2ff816_track_changes_suggesting_calibri_id_paraid_overf,tracking_without_comments/docx/a05927a875_track_changes_suggesting_bold_id_paraid_overflow__vs__cc0b2ff816_track_changes_suggesting_calibri_id_paraid_overf_redline_6ba19c43e4.docx,tracking_without_comments/pdf/a05927a875_track_changes_suggesting_bold_id_paraid_overflow__vs__cc0b2ff816_track_changes_suggesting_calibri_id_paraid_overf_redline_6ba19c43e4.pdf,tracking_without_comments,6ba19c43e4,nocomments
286955227d_0134fe85fb88da2accd6637e1c44bdd4f8b7fbb533bd47ba__vs__333bfe069a_003416d620331122b93b434dad901db5836f60d2cad4b533_redline_6bf27a32db,clean/docx/286955227d_0134fe85fb88da2accd6637e1c44bdd4f8b7fbb533bd47ba,clean/docx/333bfe069a_003416d620331122b93b434dad901db5836f60d2cad4b533,tracking_without_comments/docx/286955227d_0134fe85fb88da2accd6637e1c44bdd4f8b7fbb533bd47ba__vs__333bfe069a_003416d620331122b93b434dad901db5836f60d2cad4b533_redline_6bf27a32db.docx,tracking_without_comments/pdf/286955227d_0134fe85fb88da2accd6637e1c44bdd4f8b7fbb533bd47ba__vs__333bfe069a_003416d620331122b93b434dad901db5836f60d2cad4b533_redline_6bf27a32db.pdf,tracking_without_comments,6bf27a32db,redlines_a100_b10
e0f4b08c23_83f64817282408df4115d6b1ef633eae270e12369098f8bb__vs__f94c56aefc_5da228de557ae69509564519e7e940c13f94199ac4cbd002_redline_6d23548b54,clean/docx/e0f4b08c23_83f64817282408df4115d6b1ef633eae270e12369098f8bb,clean/docx/f94c56aefc_5da228de557ae69509564519e7e940c13f94199ac4cbd002,tracking_without_comments/docx/e0f4b08c23_83f64817282408df4115d6b1ef633eae270e12369098f8bb__vs__f94c56aefc_5da228de557ae69509564519e7e940c13f94199ac4cbd002_redline_6d23548b54.docx,tracking_without_comments/pdf/e0f4b08c23_83f64817282408df4115d6b1ef633eae270e12369098f8bb__vs__f94c56aefc_5da228de557ae69509564519e7e940c13f94199ac4cbd002_redline_6d23548b54.pdf,tracking_without_comments,6d23548b54,redlines_en_500
9bf625ba95_file_19__vs__2bf4db734d_file_20_redline_6dee5896b8,with_comments_tracking/docx/9bf625ba95_file_19,clean/docx/2bf4db734d_file_20,with_comments_tracking/docx/9bf625ba95_file_19__vs__2bf4db734d_file_20_redline_6dee5896b8.docx,with_comments_tracking/pdf/9bf625ba95_file_19__vs__2bf4db734d_file_20_redline_6dee5896b8.pdf,with_comments_tracking,6dee5896b8,word_based_randomized
fb1c56c1e0_fdf7dbac083ccb4be9870dac580f685d72e9cb78a9e1e824__vs__a9cfeef3a5_e9dbfb36238214117a1148b5b1ebb6ce93a718fcfc7357d4_redline_6ed1a241a2,clean/docx/fb1c56c1e0_fdf7dbac083ccb4be9870dac580f685d72e9cb78a9e1e824,clean/docx/a9cfeef3a5_e9dbfb36238214117a1148b5b1ebb6ce93a718fcfc7357d4,tracking_without_comments/docx/fb1c56c1e0_fdf7dbac083ccb4be9870dac580f685d72e9cb78a9e1e824__vs__a9cfeef3a5_e9dbfb36238214117a1148b5b1ebb6ce93a718fcfc7357d4_redline_6ed1a241a2.docx,tracking_without_comments/pdf/fb1c56c1e0_fdf7dbac083ccb4be9870dac580f685d72e9cb78a9e1e824__vs__a9cfeef3a5_e9dbfb36238214117a1148b5b1ebb6ce93a718fcfc7357d4_redline_6ed1a241a2.pdf,tracking_without_comments,6ed1a241a2,redlines_en_500
f8cb67d689_file_3__vs__f8f7ed1dc0_file_4_redline_6fb703911b,clean/docx/f8cb67d689_file_3,clean/docx/f8f7ed1dc0_file_4,tracking_without_comments/docx/f8cb67d689_file_3__vs__f8f7ed1dc0_file_4_redline_6fb703911b.docx,tracking_without_comments/pdf/f8cb67d689_file_3__vs__f8f7ed1dc0_file_4_redline_6fb703911b.pdf,tracking_without_comments,6fb703911b,word_based_randomized_0926
2bf4db734d_file_20__vs__080c4822ff_file_21_redline_70526d3324,clean/docx/2bf4db734d_file_20,clean/docx/080c4822ff_file_21,tracking_without_comments/docx/2bf4db734d_file_20__vs__080c4822ff_file_21_redline_70526d3324.docx,tracking_without_comments/pdf/2bf4db734d_file_20__vs__080c4822ff_file_21_redline_70526d3324.pdf,tracking_without_comments,70526d3324,word_based_randomized_0926
6ca202588b_super_editor__ooxml_size_rstyle_linked_combos_de__vs__5b421850d5_super_editor__ooxml_strike_rstyle_linked_combos_redline_70f229e446,clean/docx/6ca202588b_super_editor__ooxml_size_rstyle_linked_combos_de,clean/docx/5b421850d5_super_editor__ooxml_strike_rstyle_linked_combos,tracking_without_comments/docx/6ca202588b_super_editor__ooxml_size_rstyle_linked_combos_de__vs__5b421850d5_super_editor__ooxml_strike_rstyle_linked_combos_redline_70f229e446.docx,tracking_without_comments/pdf/6ca202588b_super_editor__ooxml_size_rstyle_linked_combos_de__vs__5b421850d5_super_editor__ooxml_strike_rstyle_linked_combos_redline_70f229e446.pdf,tracking_without_comments,70f229e446,word_redlines_superdoc
37f61a9c26_super_editor__tab_test_576c8317__vs__3cf3093270_super_editor__diff_after7_b998213e_redline_7178e9ad57,clean/docx/37f61a9c26_super_editor__tab_test_576c8317,clean/docx/3cf3093270_super_editor__diff_after7_b998213e,tracking_without_comments/docx/37f61a9c26_super_editor__tab_test_576c8317__vs__3cf3093270_super_editor__diff_after7_b998213e_redline_7178e9ad57.docx,tracking_without_comments/pdf/37f61a9c26_super_editor__tab_test_576c8317__vs__3cf3093270_super_editor__diff_after7_b998213e_redline_7178e9ad57.pdf,tracking_without_comments,7178e9ad57,word_redlines_superdoc_0926
60dfd517a9_00f0e7f365a34acc5911a38c89776a4bdd2ba1685edcd0cc__vs__342f364d46_001342333d45627868f4dc5282abbba4598a91b4a7584b08_redline_72cc9f4ac6,clean/docx/60dfd517a9_00f0e7f365a34acc5911a38c89776a4bdd2ba1685edcd0cc,clean/docx/342f364d46_001342333d45627868f4dc5282abbba4598a91b4a7584b08,tracking_without_comments/docx/60dfd517a9_00f0e7f365a34acc5911a38c89776a4bdd2ba1685edcd0cc__vs__342f364d46_001342333d45627868f4dc5282abbba4598a91b4a7584b08_redline_72cc9f4ac6.docx,tracking_without_comments/pdf/60dfd517a9_00f0e7f365a34acc5911a38c89776a4bdd2ba1685edcd0cc__vs__342f364d46_001342333d45627868f4dc5282abbba4598a91b4a7584b08_redline_72cc9f4ac6.pdf,tracking_without_comments,72cc9f4ac6,redlines_a100_b10
9e80f22c51_behavior__word_native_bullet_circle_80d6f323__vs__79cb6b6c0f_behavior__word_native_bullet_disc_bfbeb2dd_redline_7327c473dc,clean/docx/9e80f22c51_behavior__word_native_bullet_circle_80d6f323,clean/docx/79cb6b6c0f_behavior__word_native_bullet_disc_bfbeb2dd,tracking_without_comments/docx/9e80f22c51_behavior__word_native_bullet_circle_80d6f323__vs__79cb6b6c0f_behavior__word_native_bullet_disc_bfbeb2dd_redline_7327c473dc.docx,tracking_without_comments/pdf/9e80f22c51_behavior__word_native_bullet_circle_80d6f323__vs__79cb6b6c0f_behavior__word_native_bullet_disc_bfbeb2dd_redline_7327c473dc.pdf,tracking_without_comments,7327c473dc,word_redlines_superdoc
042b952c89_file_138__vs__4fb2440e08_file_139_redline_7425b0f217,clean/docx/042b952c89_file_138,clean/docx/4fb2440e08_file_139,tracking_without_comments/docx/042b952c89_file_138__vs__4fb2440e08_file_139_redline_7425b0f217.docx,tracking_without_comments/pdf/042b952c89_file_138__vs__4fb2440e08_file_139_redline_7425b0f217.pdf,tracking_without_comments,7425b0f217,word_based_randomized_0926
ced58cbf54_super_editor__sd_1494_table_left_indent_03277d35__vs__2c0c942234_super_editor__sd_2766_pirates_tracked_changes_32_redline_75a9d7262b,clean/docx/ced58cbf54_super_editor__sd_1494_table_left_indent_03277d35,tracking_without_comments/docx/2c0c942234_super_editor__sd_2766_pirates_tracked_changes_32,tracking_without_comments/docx/ced58cbf54_super_editor__sd_1494_table_left_indent_03277d35__vs__2c0c942234_super_editor__sd_2766_pirates_tracked_changes_32_redline_75a9d7262b.docx,tracking_without_comments/pdf/ced58cbf54_super_editor__sd_1494_table_left_indent_03277d35__vs__2c0c942234_super_editor__sd_2766_pirates_tracked_changes_32_redline_75a9d7262b.pdf,tracking_without_comments,75a9d7262b,word_redlines_superdoc
2a7aebb7ce_1118d92e486cd8c59e3b10ec9f28ef9188ec989b1120da52__vs__196c44dfba_2663487136794495a0c6c3b7f67609c690cfe18469576cbb_redline_766a042194,clean/docx/2a7aebb7ce_1118d92e486cd8c59e3b10ec9f28ef9188ec989b1120da52,clean/docx/196c44dfba_2663487136794495a0c6c3b7f67609c690cfe18469576cbb,tracking_without_comments/docx/2a7aebb7ce_1118d92e486cd8c59e3b10ec9f28ef9188ec989b1120da52__vs__196c44dfba_2663487136794495a0c6c3b7f67609c690cfe18469576cbb_redline_766a042194.docx,tracking_without_comments/pdf/2a7aebb7ce_1118d92e486cd8c59e3b10ec9f28ef9188ec989b1120da52__vs__196c44dfba_2663487136794495a0c6c3b7f67609c690cfe18469576cbb_redline_766a042194.pdf,tracking_without_comments,766a042194,redlines_en_500
f7ece685ff_behavior__math_limit_tests_6dc07867__vs__3ad13eed3d_evals__document_9bff7e1b_redline_76d159d4b3,clean/docx/f7ece685ff_behavior__math_limit_tests_6dc07867,clean/docx/3ad13eed3d_evals__document_9bff7e1b,tracking_without_comments/docx/f7ece685ff_behavior__math_limit_tests_6dc07867__vs__3ad13eed3d_evals__document_9bff7e1b_redline_76d159d4b3.docx,tracking_without_comments/pdf/f7ece685ff_behavior__math_limit_tests_6dc07867__vs__3ad13eed3d_evals__document_9bff7e1b_redline_76d159d4b3.pdf,tracking_without_comments,76d159d4b3,word_redlines_superdoc
048870ce18_014178090497722649b8e7aedf646339a3189ee7fe69a596__vs__333bfe069a_003416d620331122b93b434dad901db5836f60d2cad4b533_redline_77e4a6bed0,clean/docx/048870ce18_014178090497722649b8e7aedf646339a3189ee7fe69a596,clean/docx/333bfe069a_003416d620331122b93b434dad901db5836f60d2cad4b533,tracking_without_comments/docx/048870ce18_014178090497722649b8e7aedf646339a3189ee7fe69a596__vs__333bfe069a_003416d620331122b93b434dad901db5836f60d2cad4b533_redline_77e4a6bed0.docx,tracking_without_comments/pdf/048870ce18_014178090497722649b8e7aedf646339a3189ee7fe69a596__vs__333bfe069a_003416d620331122b93b434dad901db5836f60d2cad4b533_redline_77e4a6bed0.pdf,tracking_without_comments,77e4a6bed0,redlines_a100_b10
91440900a0_00189e19139f6e3031303e4152566a7bc08fab71a5c95895__vs__333bfe069a_003416d620331122b93b434dad901db5836f60d2cad4b533_redline_78a112c677,clean/docx/91440900a0_00189e19139f6e3031303e4152566a7bc08fab71a5c95895,clean/docx/333bfe069a_003416d620331122b93b434dad901db5836f60d2cad4b533,tracking_without_comments/docx/91440900a0_00189e19139f6e3031303e4152566a7bc08fab71a5c95895__vs__333bfe069a_003416d620331122b93b434dad901db5836f60d2cad4b533_redline_78a112c677.docx,tracking_without_comments/pdf/91440900a0_00189e19139f6e3031303e4152566a7bc08fab71a5c95895__vs__333bfe069a_003416d620331122b93b434dad901db5836f60d2cad4b533_redline_78a112c677.pdf,tracking_without_comments,78a112c677,redlines_a100_b10
547e741fe3_1184839eb73df0fde338dcaadf7a601f4ceb7f2f27c33e90__vs__3cf442621c_61e91fa96ceaaca00b0c6b5767616397ab67572233fc6879_redline_7a2946950f,clean/docx/547e741fe3_1184839eb73df0fde338dcaadf7a601f4ceb7f2f27c33e90,clean/docx/3cf442621c_61e91fa96ceaaca00b0c6b5767616397ab67572233fc6879,tracking_without_comments/docx/547e741fe3_1184839eb73df0fde338dcaadf7a601f4ceb7f2f27c33e90__vs__3cf442621c_61e91fa96ceaaca00b0c6b5767616397ab67572233fc6879_redline_7a2946950f.docx,tracking_without_comments/pdf/547e741fe3_1184839eb73df0fde338dcaadf7a601f4ceb7f2f27c33e90__vs__3cf442621c_61e91fa96ceaaca00b0c6b5767616397ab67572233fc6879_redline_7a2946950f.pdf,tracking_without_comments,7a2946950f,redlines_en_500
7a48682ea5_super_editor__superdoc_hyperlink_cases_1dde9cd3__vs__dcf7dd476f_super_editor__superdoc_table_tester_3b2de2e1_redline_7aa8c28597,clean/docx/7a48682ea5_super_editor__superdoc_hyperlink_cases_1dde9cd3,clean/docx/dcf7dd476f_super_editor__superdoc_table_tester_3b2de2e1,tracking_without_comments/docx/7a48682ea5_super_editor__superdoc_hyperlink_cases_1dde9cd3__vs__dcf7dd476f_super_editor__superdoc_table_tester_3b2de2e1_redline_7aa8c28597.docx,tracking_without_comments/pdf/7a48682ea5_super_editor__superdoc_hyperlink_cases_1dde9cd3__vs__dcf7dd476f_super_editor__superdoc_table_tester_3b2de2e1_redline_7aa8c28597.pdf,tracking_without_comments,7aa8c28597,word_redlines_superdoc
f43f6ef305_002042b8a23533ba746bf4eaf56b5e62642cc111f5f5fcff__vs__333bfe069a_003416d620331122b93b434dad901db5836f60d2cad4b533_redline_7bc6ddcbba,clean/docx/f43f6ef305_002042b8a23533ba746bf4eaf56b5e62642cc111f5f5fcff,clean/docx/333bfe069a_003416d620331122b93b434dad901db5836f60d2cad4b533,tracking_without_comments/docx/f43f6ef305_002042b8a23533ba746bf4eaf56b5e62642cc111f5f5fcff__vs__333bfe069a_003416d620331122b93b434dad901db5836f60d2cad4b533_redline_7bc6ddcbba.docx,tracking_without_comments/pdf/f43f6ef305_002042b8a23533ba746bf4eaf56b5e62642cc111f5f5fcff__vs__333bfe069a_003416d620331122b93b434dad901db5836f60d2cad4b533_redline_7bc6ddcbba.pdf,tracking_without_comments,7bc6ddcbba,redlines_a100_b10
8cd372b814_0193e5015be906eb45df5f7b3ceb682c7ff53cb52f15a0bf__vs__5203829c7a_001cc92b88566d5f930fe57f25813c0bf52a7bdc72c217d0_redline_7cc49300fd,clean/docx/8cd372b814_0193e5015be906eb45df5f7b3ceb682c7ff53cb52f15a0bf,clean/docx/5203829c7a_001cc92b88566d5f930fe57f25813c0bf52a7bdc72c217d0,tracking_without_comments/docx/8cd372b814_0193e5015be906eb45df5f7b3ceb682c7ff53cb52f15a0bf__vs__5203829c7a_001cc92b88566d5f930fe57f25813c0bf52a7bdc72c217d0_redline_7cc49300fd.docx,tracking_without_comments/pdf/8cd372b814_0193e5015be906eb45df5f7b3ceb682c7ff53cb52f15a0bf__vs__5203829c7a_001cc92b88566d5f930fe57f25813c0bf52a7bdc72c217d0_redline_7cc49300fd.pdf,tracking_without_comments,7cc49300fd,redlines_a100_b10
45e6f5a2e1_00077bf334f45f6bc64fb5b73e579587002b3ccb55de03f8__vs__2e04202552_000e3e7bd2d6215fc7b469cc3e296c1b2a510bc1abc7e0fd_redline_7dd778e04f,clean/docx/45e6f5a2e1_00077bf334f45f6bc64fb5b73e579587002b3ccb55de03f8,clean/docx/2e04202552_000e3e7bd2d6215fc7b469cc3e296c1b2a510bc1abc7e0fd,tracking_without_comments/docx/45e6f5a2e1_00077bf334f45f6bc64fb5b73e579587002b3ccb55de03f8__vs__2e04202552_000e3e7bd2d6215fc7b469cc3e296c1b2a510bc1abc7e0fd_redline_7dd778e04f.docx,tracking_without_comments/pdf/45e6f5a2e1_00077bf334f45f6bc64fb5b73e579587002b3ccb55de03f8__vs__2e04202552_000e3e7bd2d6215fc7b469cc3e296c1b2a510bc1abc7e0fd_redline_7dd778e04f.pdf,tracking_without_comments,7dd778e04f,redlines_a100_b10
34ed7ebd0f_227afe23857a4ab9a224864c35859a646d77964f0091d286__vs__8540241422_1a8b2f10c75536052e991733f8d68e4e56ad2bac943b4fdf_redline_7ee9ae5c62,clean/docx/34ed7ebd0f_227afe23857a4ab9a224864c35859a646d77964f0091d286,clean/docx/8540241422_1a8b2f10c75536052e991733f8d68e4e56ad2bac943b4fdf,tracking_without_comments/docx/34ed7ebd0f_227afe23857a4ab9a224864c35859a646d77964f0091d286__vs__8540241422_1a8b2f10c75536052e991733f8d68e4e56ad2bac943b4fdf_redline_7ee9ae5c62.docx,tracking_without_comments/pdf/34ed7ebd0f_227afe23857a4ab9a224864c35859a646d77964f0091d286__vs__8540241422_1a8b2f10c75536052e991733f8d68e4e56ad2bac943b4fdf_redline_7ee9ae5c62.pdf,tracking_without_comments,7ee9ae5c62,redlines_en_500
fb7e959776_blue_centered_title_demo_style_default_missing__vs__080a32894f_blue_italic_text_demo_id_paraid_overflow_redline_7f5ab5eb89,clean/docx/fb7e959776_blue_centered_title_demo_style_default_missing,clean/docx/080a32894f_blue_italic_text_demo_id_paraid_overflow,tracking_without_comments/docx/fb7e959776_blue_centered_title_demo_style_default_missing__vs__080a32894f_blue_italic_text_demo_id_paraid_overflow_redline_7f5ab5eb89.docx,tracking_without_comments/pdf/fb7e959776_blue_centered_title_demo_style_default_missing__vs__080a32894f_blue_italic_text_demo_id_paraid_overflow_redline_7f5ab5eb89.pdf,tracking_without_comments,7f5ab5eb89,nocomments
cc82deb093_file_144__vs__8138a2180b_file_145_redline_8032e05eac,clean/docx/cc82deb093_file_144,clean/docx/8138a2180b_file_145,tracking_without_comments/docx/cc82deb093_file_144__vs__8138a2180b_file_145_redline_8032e05eac.docx,tracking_without_comments/pdf/cc82deb093_file_144__vs__8138a2180b_file_145_redline_8032e05eac.pdf,tracking_without_comments,8032e05eac,word_based_randomized_0926
83799a0610_00bced7d0ce7770362c5b667b5e92abefcbfcf5315a2bbf6__vs__5203829c7a_001cc92b88566d5f930fe57f25813c0bf52a7bdc72c217d0_redline_8124104fcc,clean/docx/83799a0610_00bced7d0ce7770362c5b667b5e92abefcbfcf5315a2bbf6,clean/docx/5203829c7a_001cc92b88566d5f930fe57f25813c0bf52a7bdc72c217d0,tracking_without_comments/docx/83799a0610_00bced7d0ce7770362c5b667b5e92abefcbfcf5315a2bbf6__vs__5203829c7a_001cc92b88566d5f930fe57f25813c0bf52a7bdc72c217d0_redline_8124104fcc.docx,tracking_without_comments/pdf/83799a0610_00bced7d0ce7770362c5b667b5e92abefcbfcf5315a2bbf6__vs__5203829c7a_001cc92b88566d5f930fe57f25813c0bf52a7bdc72c217d0_redline_8124104fcc.pdf,tracking_without_comments,8124104fcc,redlines_a100_b10
9a3be7c3ef_1abcbb169cc4860a783d2b17aec0bce05e00bd1a21d6383d__vs__0c16c039fe_7ffc1357d0f453d7d5b119b7116adbb3eb28540e9ea09253_redline_8200c1e0af,clean/docx/9a3be7c3ef_1abcbb169cc4860a783d2b17aec0bce05e00bd1a21d6383d,clean/docx/0c16c039fe_7ffc1357d0f453d7d5b119b7116adbb3eb28540e9ea09253,tracking_without_comments/docx/9a3be7c3ef_1abcbb169cc4860a783d2b17aec0bce05e00bd1a21d6383d__vs__0c16c039fe_7ffc1357d0f453d7d5b119b7116adbb3eb28540e9ea09253_redline_8200c1e0af.docx,tracking_without_comments/pdf/9a3be7c3ef_1abcbb169cc4860a783d2b17aec0bce05e00bd1a21d6383d__vs__0c16c039fe_7ffc1357d0f453d7d5b119b7116adbb3eb28540e9ea09253_redline_8200c1e0af.pdf,tracking_without_comments,8200c1e0af,redlines_en_500
531cf3d312_00ce789bc3226c2a68967cc29792927c80b7f55d9b5267ad__vs__342f364d46_001342333d45627868f4dc5282abbba4598a91b4a7584b08_redline_82c9c77361,clean/docx/531cf3d312_00ce789bc3226c2a68967cc29792927c80b7f55d9b5267ad,clean/docx/342f364d46_001342333d45627868f4dc5282abbba4598a91b4a7584b08,tracking_without_comments/docx/531cf3d312_00ce789bc3226c2a68967cc29792927c80b7f55d9b5267ad__vs__342f364d46_001342333d45627868f4dc5282abbba4598a91b4a7584b08_redline_82c9c77361.docx,tracking_without_comments/pdf/531cf3d312_00ce789bc3226c2a68967cc29792927c80b7f55d9b5267ad__vs__342f364d46_001342333d45627868f4dc5282abbba4598a91b4a7584b08_redline_82c9c77361.pdf,tracking_without_comments,82c9c77361,redlines_a100_b10
f17e96512e_001cb345cc8d6b799aa725514eb368005048b80f4b4c07a5__vs__2e04202552_000e3e7bd2d6215fc7b469cc3e296c1b2a510bc1abc7e0fd_redline_83586affa8,clean/docx/f17e96512e_001cb345cc8d6b799aa725514eb368005048b80f4b4c07a5,clean/docx/2e04202552_000e3e7bd2d6215fc7b469cc3e296c1b2a510bc1abc7e0fd,tracking_without_comments/docx/f17e96512e_001cb345cc8d6b799aa725514eb368005048b80f4b4c07a5__vs__2e04202552_000e3e7bd2d6215fc7b469cc3e296c1b2a510bc1abc7e0fd_redline_83586affa8.docx,tracking_without_comments/pdf/f17e96512e_001cb345cc8d6b799aa725514eb368005048b80f4b4c07a5__vs__2e04202552_000e3e7bd2d6215fc7b469cc3e296c1b2a510bc1abc7e0fd_redline_83586affa8.pdf,tracking_without_comments,83586affa8,redlines_a100_b10
8e534b49f0_00a9b37342f07e6b9bd5b8fffbe4dd777d31053171e69da2__vs__2773adf157_0004c94ca2a8684d47449bb0e7abf87de1df71a7e6543252_redline_83de2974df,clean/docx/8e534b49f0_00a9b37342f07e6b9bd5b8fffbe4dd777d31053171e69da2,clean/docx/2773adf157_0004c94ca2a8684d47449bb0e7abf87de1df71a7e6543252,tracking_without_comments/docx/8e534b49f0_00a9b37342f07e6b9bd5b8fffbe4dd777d31053171e69da2__vs__2773adf157_0004c94ca2a8684d47449bb0e7abf87de1df71a7e6543252_redline_83de2974df.docx,tracking_without_comments/pdf/8e534b49f0_00a9b37342f07e6b9bd5b8fffbe4dd777d31053171e69da2__vs__2773adf157_0004c94ca2a8684d47449bb0e7abf87de1df71a7e6543252_redline_83de2974df.pdf,tracking_without_comments,83de2974df,redlines_a100_b10
a6bdad436b_00e1eabab4f0fdde08a033b7d3af988ce75f7e80207c9918__vs__deff0e697a_00b5defcad6e58038eac35472a2d48c89905068e5ece0cc3_redline_84974ba395,clean/docx/a6bdad436b_00e1eabab4f0fdde08a033b7d3af988ce75f7e80207c9918,clean/docx/deff0e697a_00b5defcad6e58038eac35472a2d48c89905068e5ece0cc3,tracking_without_comments/docx/a6bdad436b_00e1eabab4f0fdde08a033b7d3af988ce75f7e80207c9918__vs__deff0e697a_00b5defcad6e58038eac35472a2d48c89905068e5ece0cc3_redline_84974ba395.docx,tracking_without_comments/pdf/a6bdad436b_00e1eabab4f0fdde08a033b7d3af988ce75f7e80207c9918__vs__deff0e697a_00b5defcad6e58038eac35472a2d48c89905068e5ece0cc3_redline_84974ba395.pdf,tracking_without_comments,84974ba395,redlines_a100_b10
0e6f813e69_00d2ca27359f3d1d5ee2c2904b48a3e4717faf7fdf6413f6__vs__2773adf157_0004c94ca2a8684d47449bb0e7abf87de1df71a7e6543252_redline_855163e39c,clean/docx/0e6f813e69_00d2ca27359f3d1d5ee2c2904b48a3e4717faf7fdf6413f6,clean/docx/2773adf157_0004c94ca2a8684d47449bb0e7abf87de1df71a7e6543252,tracking_without_comments/docx/0e6f813e69_00d2ca27359f3d1d5ee2c2904b48a3e4717faf7fdf6413f6__vs__2773adf157_0004c94ca2a8684d47449bb0e7abf87de1df71a7e6543252_redline_855163e39c.docx,tracking_without_comments/pdf/0e6f813e69_00d2ca27359f3d1d5ee2c2904b48a3e4717faf7fdf6413f6__vs__2773adf157_0004c94ca2a8684d47449bb0e7abf87de1df71a7e6543252_redline_855163e39c.pdf,tracking_without_comments,855163e39c,redlines_a100_b10
f1ea4a51fd_hr_onboarding_checklist_table__vs__d0e7f278b8_i_am_sharing_microsoft_word_vs_google_docs_compr_redline_85b1c9235c,clean/docx/f1ea4a51fd_hr_onboarding_checklist_table,clean/docx/d0e7f278b8_i_am_sharing_microsoft_word_vs_google_docs_compr,tracking_without_comments/docx/f1ea4a51fd_hr_onboarding_checklist_table__vs__d0e7f278b8_i_am_sharing_microsoft_word_vs_google_docs_compr_redline_85b1c9235c.docx,tracking_without_comments/pdf/f1ea4a51fd_hr_onboarding_checklist_table__vs__d0e7f278b8_i_am_sharing_microsoft_word_vs_google_docs_compr_redline_85b1c9235c.pdf,tracking_without_comments,85b1c9235c,word_based_0926
fc29454fff_89f617729d6e13b02ee455a6293f3bb99a733691efb9311a__vs__e3d461d691_e8b938f25b7a363d4ef544485a3e17717ee5369f4a8b637a_redline_8644055513,tracking_without_comments/docx/fc29454fff_89f617729d6e13b02ee455a6293f3bb99a733691efb9311a,clean/docx/e3d461d691_e8b938f25b7a363d4ef544485a3e17717ee5369f4a8b637a,tracking_without_comments/docx/fc29454fff_89f617729d6e13b02ee455a6293f3bb99a733691efb9311a__vs__e3d461d691_e8b938f25b7a363d4ef544485a3e17717ee5369f4a8b637a_redline_8644055513.docx,tracking_without_comments/pdf/fc29454fff_89f617729d6e13b02ee455a6293f3bb99a733691efb9311a__vs__e3d461d691_e8b938f25b7a363d4ef544485a3e17717ee5369f4a8b637a_redline_8644055513.pdf,tracking_without_comments,8644055513,redlines_en_500
e1f382e06c_c512809c25bd7361b876bd88b03147374825a08ffa6c421b__vs__913a803ec0_a483c05b535722ddc8401af50faf88e818b8c9e8730f3734_redline_86a8674d54,clean/docx/e1f382e06c_c512809c25bd7361b876bd88b03147374825a08ffa6c421b,clean/docx/913a803ec0_a483c05b535722ddc8401af50faf88e818b8c9e8730f3734,tracking_without_comments/docx/e1f382e06c_c512809c25bd7361b876bd88b03147374825a08ffa6c421b__vs__913a803ec0_a483c05b535722ddc8401af50faf88e818b8c9e8730f3734_redline_86a8674d54.docx,tracking_without_comments/pdf/e1f382e06c_c512809c25bd7361b876bd88b03147374825a08ffa6c421b__vs__913a803ec0_a483c05b535722ddc8401af50faf88e818b8c9e8730f3734_redline_86a8674d54.pdf,tracking_without_comments,86a8674d54,redlines_en_500
3bfcb371e2_00003fff80a444ad2f706c74f3c0d9fbef00d7a99ba0c105__vs__2e04202552_000e3e7bd2d6215fc7b469cc3e296c1b2a510bc1abc7e0fd_redline_875b3fba58,clean/docx/3bfcb371e2_00003fff80a444ad2f706c74f3c0d9fbef00d7a99ba0c105,clean/docx/2e04202552_000e3e7bd2d6215fc7b469cc3e296c1b2a510bc1abc7e0fd,tracking_without_comments/docx/3bfcb371e2_00003fff80a444ad2f706c74f3c0d9fbef00d7a99ba0c105__vs__2e04202552_000e3e7bd2d6215fc7b469cc3e296c1b2a510bc1abc7e0fd_redline_875b3fba58.docx,tracking_without_comments/pdf/3bfcb371e2_00003fff80a444ad2f706c74f3c0d9fbef00d7a99ba0c105__vs__2e04202552_000e3e7bd2d6215fc7b469cc3e296c1b2a510bc1abc7e0fd_redline_875b3fba58.pdf,tracking_without_comments,875b3fba58,redlines_a100_b10
45e6f5a2e1_00077bf334f45f6bc64fb5b73e579587002b3ccb55de03f8__vs__bd3824dd1e_000ee64ef7226d353297888f59a251e24ce5d776fea000fa_redline_885fcb55ac,clean/docx/45e6f5a2e1_00077bf334f45f6bc64fb5b73e579587002b3ccb55de03f8,clean/docx/bd3824dd1e_000ee64ef7226d353297888f59a251e24ce5d776fea000fa,tracking_without_comments/docx/45e6f5a2e1_00077bf334f45f6bc64fb5b73e579587002b3ccb55de03f8__vs__bd3824dd1e_000ee64ef7226d353297888f59a251e24ce5d776fea000fa_redline_885fcb55ac.docx,tracking_without_comments/pdf/45e6f5a2e1_00077bf334f45f6bc64fb5b73e579587002b3ccb55de03f8__vs__bd3824dd1e_000ee64ef7226d353297888f59a251e24ce5d776fea000fa_redline_885fcb55ac.pdf,tracking_without_comments,885fcb55ac,redlines_a100_b10
b27bda87ed_0023f7c421a05af9c44fb4ff9ef1bce46c53a081779b1e72__vs__342f364d46_001342333d45627868f4dc5282abbba4598a91b4a7584b08_redline_89a50b2cb9,clean/docx/b27bda87ed_0023f7c421a05af9c44fb4ff9ef1bce46c53a081779b1e72,clean/docx/342f364d46_001342333d45627868f4dc5282abbba4598a91b4a7584b08,tracking_without_comments/docx/b27bda87ed_0023f7c421a05af9c44fb4ff9ef1bce46c53a081779b1e72__vs__342f364d46_001342333d45627868f4dc5282abbba4598a91b4a7584b08_redline_89a50b2cb9.docx,tracking_without_comments/pdf/b27bda87ed_0023f7c421a05af9c44fb4ff9ef1bce46c53a081779b1e72__vs__342f364d46_001342333d45627868f4dc5282abbba4598a91b4a7584b08_redline_89a50b2cb9.pdf,tracking_without_comments,89a50b2cb9,redlines_a100_b10
2b53f0978a_63ab631704096bb2f59a30573d21b9f0398996d1a432767c__vs__18b67cc11e_17c3e72cc7f16277427d79c33c20a8ce2322c714a50b5072_redline_8ab94dfa20,clean/docx/2b53f0978a_63ab631704096bb2f59a30573d21b9f0398996d1a432767c,clean/docx/18b67cc11e_17c3e72cc7f16277427d79c33c20a8ce2322c714a50b5072,tracking_without_comments/docx/2b53f0978a_63ab631704096bb2f59a30573d21b9f0398996d1a432767c__vs__18b67cc11e_17c3e72cc7f16277427d79c33c20a8ce2322c714a50b5072_redline_8ab94dfa20.docx,tracking_without_comments/pdf/2b53f0978a_63ab631704096bb2f59a30573d21b9f0398996d1a432767c__vs__18b67cc11e_17c3e72cc7f16277427d79c33c20a8ce2322c714a50b5072_redline_8ab94dfa20.pdf,tracking_without_comments,8ab94dfa20,redlines_en_500
306288b670_3da80363e6a77b56bc4ded7ad9716da9fe9c2533ccad8022__vs__b8aef329df_126fe265c043fbd4a6659d9997e0267cf0648e56da6004f0_redline_8be0329c00,clean/docx/306288b670_3da80363e6a77b56bc4ded7ad9716da9fe9c2533ccad8022,tracking_without_comments/docx/b8aef329df_126fe265c043fbd4a6659d9997e0267cf0648e56da6004f0,tracking_without_comments/docx/306288b670_3da80363e6a77b56bc4ded7ad9716da9fe9c2533ccad8022__vs__b8aef329df_126fe265c043fbd4a6659d9997e0267cf0648e56da6004f0_redline_8be0329c00.docx,tracking_without_comments/pdf/306288b670_3da80363e6a77b56bc4ded7ad9716da9fe9c2533ccad8022__vs__b8aef329df_126fe265c043fbd4a6659d9997e0267cf0648e56da6004f0_redline_8be0329c00.pdf,tracking_without_comments,8be0329c00,redlines_en_500
19313bb0d2_013bfd9bed003f93622f5b45095bb7471499aea576b0e48e__vs__a5f2b9318d_002aa60c2ae1187417b4b157c5ec6450324cc056ec551a12_redline_8ccb7ab63a,clean/docx/19313bb0d2_013bfd9bed003f93622f5b45095bb7471499aea576b0e48e,clean/docx/a5f2b9318d_002aa60c2ae1187417b4b157c5ec6450324cc056ec551a12,tracking_without_comments/docx/19313bb0d2_013bfd9bed003f93622f5b45095bb7471499aea576b0e48e__vs__a5f2b9318d_002aa60c2ae1187417b4b157c5ec6450324cc056ec551a12_redline_8ccb7ab63a.docx,tracking_without_comments/pdf/19313bb0d2_013bfd9bed003f93622f5b45095bb7471499aea576b0e48e__vs__a5f2b9318d_002aa60c2ae1187417b4b157c5ec6450324cc056ec551a12_redline_8ccb7ab63a.pdf,tracking_without_comments,8ccb7ab63a,redlines_a100_b10
e70f1134dd_super_editor__diff_before8_ba5faa9e__vs__a5903a7c15_super_editor__pci_table_dc840852_redline_8d775d42d1,with_comments_clean/docx/e70f1134dd_super_editor__diff_before8_ba5faa9e,clean/docx/a5903a7c15_super_editor__pci_table_dc840852,with_comments_tracking/docx/e70f1134dd_super_editor__diff_before8_ba5faa9e__vs__a5903a7c15_super_editor__pci_table_dc840852_redline_8d775d42d1.docx,with_comments_tracking/pdf/e70f1134dd_super_editor__diff_before8_ba5faa9e__vs__a5903a7c15_super_editor__pci_table_dc840852_redline_8d775d42d1.pdf,with_comments_tracking,8d775d42d1,word_redlines_superdoc
45e6f5a2e1_00077bf334f45f6bc64fb5b73e579587002b3ccb55de03f8__vs__2773adf157_0004c94ca2a8684d47449bb0e7abf87de1df71a7e6543252_redline_8e5b509eeb,clean/docx/45e6f5a2e1_00077bf334f45f6bc64fb5b73e579587002b3ccb55de03f8,clean/docx/2773adf157_0004c94ca2a8684d47449bb0e7abf87de1df71a7e6543252,tracking_without_comments/docx/45e6f5a2e1_00077bf334f45f6bc64fb5b73e579587002b3ccb55de03f8__vs__2773adf157_0004c94ca2a8684d47449bb0e7abf87de1df71a7e6543252_redline_8e5b509eeb.docx,tracking_without_comments/pdf/45e6f5a2e1_00077bf334f45f6bc64fb5b73e579587002b3ccb55de03f8__vs__2773adf157_0004c94ca2a8684d47449bb0e7abf87de1df71a7e6543252_redline_8e5b509eeb.pdf,tracking_without_comments,8e5b509eeb,redlines_a100_b10
3c1e5d4d00_00b540ddc1a1fef3ab9acae5b93ca90e9fcef840e25d53cd__vs__333bfe069a_003416d620331122b93b434dad901db5836f60d2cad4b533_redline_8f2bd8788e,clean/docx/3c1e5d4d00_00b540ddc1a1fef3ab9acae5b93ca90e9fcef840e25d53cd,clean/docx/333bfe069a_003416d620331122b93b434dad901db5836f60d2cad4b533,tracking_without_comments/docx/3c1e5d4d00_00b540ddc1a1fef3ab9acae5b93ca90e9fcef840e25d53cd__vs__333bfe069a_003416d620331122b93b434dad901db5836f60d2cad4b533_redline_8f2bd8788e.docx,tracking_without_comments/pdf/3c1e5d4d00_00b540ddc1a1fef3ab9acae5b93ca90e9fcef840e25d53cd__vs__333bfe069a_003416d620331122b93b434dad901db5836f60d2cad4b533_redline_8f2bd8788e.pdf,tracking_without_comments,8f2bd8788e,redlines_a100_b10
dd0740a46d_f4b0f5de2361f5c7c4f1255df6c880c566d5739593fb71ad__vs__8a18def1d8_f357e874a1271b31697d8e291fdb56d6696ead9465213720_redline_8fd645df6f,clean/docx/dd0740a46d_f4b0f5de2361f5c7c4f1255df6c880c566d5739593fb71ad,clean/docx/8a18def1d8_f357e874a1271b31697d8e291fdb56d6696ead9465213720,tracking_without_comments/docx/dd0740a46d_f4b0f5de2361f5c7c4f1255df6c880c566d5739593fb71ad__vs__8a18def1d8_f357e874a1271b31697d8e291fdb56d6696ead9465213720_redline_8fd645df6f.docx,tracking_without_comments/pdf/dd0740a46d_f4b0f5de2361f5c7c4f1255df6c880c566d5739593fb71ad__vs__8a18def1d8_f357e874a1271b31697d8e291fdb56d6696ead9465213720_redline_8fd645df6f.pdf,tracking_without_comments,8fd645df6f,redlines_en_500
ba06c848cd_red_strikethrough_demo_style_default_missing__vs__5331b981b7_redline_cicerodo_v_plate_30_redline_9016b9c669,clean/docx/ba06c848cd_red_strikethrough_demo_style_default_missing,tracking_without_comments/docx/5331b981b7_redline_cicerodo_v_plate_30,tracking_without_comments/docx/ba06c848cd_red_strikethrough_demo_style_default_missing__vs__5331b981b7_redline_cicerodo_v_plate_30_redline_9016b9c669.docx,tracking_without_comments/pdf/ba06c848cd_red_strikethrough_demo_style_default_missing__vs__5331b981b7_redline_cicerodo_v_plate_30_redline_9016b9c669.pdf,tracking_without_comments,9016b9c669,nocomments
95c855b9a0_001671bbb68c5b9ebebebfc8be69252ccc195babb3129278__vs__1424386e9b_017447de83753a0e3b7afc659df038ef56972925336c6a5b_redline_911ada0883,clean/docx/95c855b9a0_001671bbb68c5b9ebebebfc8be69252ccc195babb3129278,clean/docx/1424386e9b_017447de83753a0e3b7afc659df038ef56972925336c6a5b,tracking_without_comments/docx/95c855b9a0_001671bbb68c5b9ebebebfc8be69252ccc195babb3129278__vs__1424386e9b_017447de83753a0e3b7afc659df038ef56972925336c6a5b_redline_911ada0883.docx,tracking_without_comments/pdf/95c855b9a0_001671bbb68c5b9ebebebfc8be69252ccc195babb3129278__vs__1424386e9b_017447de83753a0e3b7afc659df038ef56972925336c6a5b_redline_911ada0883.pdf,tracking_without_comments,911ada0883,redlines_a100_b10
fdb2976d19_01415d08f6d1a428e6949533adcd6249cf25676d98d0b78c__vs__2773adf157_0004c94ca2a8684d47449bb0e7abf87de1df71a7e6543252_redline_91cd75730c,clean/docx/fdb2976d19_01415d08f6d1a428e6949533adcd6249cf25676d98d0b78c,clean/docx/2773adf157_0004c94ca2a8684d47449bb0e7abf87de1df71a7e6543252,tracking_without_comments/docx/fdb2976d19_01415d08f6d1a428e6949533adcd6249cf25676d98d0b78c__vs__2773adf157_0004c94ca2a8684d47449bb0e7abf87de1df71a7e6543252_redline_91cd75730c.docx,tracking_without_comments/pdf/fdb2976d19_01415d08f6d1a428e6949533adcd6249cf25676d98d0b78c__vs__2773adf157_0004c94ca2a8684d47449bb0e7abf87de1df71a7e6543252_redline_91cd75730c.pdf,tracking_without_comments,91cd75730c,redlines_a100_b10
dd85373a71_008b84e05498068c49efc5a0b73f9d5ae7992f045de8c514__vs__bd3824dd1e_000ee64ef7226d353297888f59a251e24ce5d776fea000fa_redline_9271515406,clean/docx/dd85373a71_008b84e05498068c49efc5a0b73f9d5ae7992f045de8c514,clean/docx/bd3824dd1e_000ee64ef7226d353297888f59a251e24ce5d776fea000fa,tracking_without_comments/docx/dd85373a71_008b84e05498068c49efc5a0b73f9d5ae7992f045de8c514__vs__bd3824dd1e_000ee64ef7226d353297888f59a251e24ce5d776fea000fa_redline_9271515406.docx,tracking_without_comments/pdf/dd85373a71_008b84e05498068c49efc5a0b73f9d5ae7992f045de8c514__vs__bd3824dd1e_000ee64ef7226d353297888f59a251e24ce5d776fea000fa_redline_9271515406.pdf,tracking_without_comments,9271515406,redlines_a100_b10
5fa01813d3_super_editor__basic_table_shading_d3212ffd__vs__a04e2d2749_ooxml_style_link_redline_93e628a060,clean/docx/5fa01813d3_super_editor__basic_table_shading_d3212ffd,clean/docx/a04e2d2749_ooxml_style_link,tracking_without_comments/docx/5fa01813d3_super_editor__basic_table_shading_d3212ffd__vs__a04e2d2749_ooxml_style_link_redline_93e628a060.docx,tracking_without_comments/pdf/5fa01813d3_super_editor__basic_table_shading_d3212ffd__vs__a04e2d2749_ooxml_style_link_redline_93e628a060.pdf,tracking_without_comments,93e628a060,word_redlines_superdoc
5fe95eef15_ef8fe9466d7bdfcbb305b135138e8fb395ceceb10148015b__vs__685c8e4972_c8760b450ac4721d3acc8948a7755ac5d14f55d62483a8d9_redline_9494f2e92a,clean/docx/5fe95eef15_ef8fe9466d7bdfcbb305b135138e8fb395ceceb10148015b,clean/docx/685c8e4972_c8760b450ac4721d3acc8948a7755ac5d14f55d62483a8d9,tracking_without_comments/docx/5fe95eef15_ef8fe9466d7bdfcbb305b135138e8fb395ceceb10148015b__vs__685c8e4972_c8760b450ac4721d3acc8948a7755ac5d14f55d62483a8d9_redline_9494f2e92a.docx,tracking_without_comments/pdf/5fe95eef15_ef8fe9466d7bdfcbb305b135138e8fb395ceceb10148015b__vs__685c8e4972_c8760b450ac4721d3acc8948a7755ac5d14f55d62483a8d9_redline_9494f2e92a.pdf,tracking_without_comments,9494f2e92a,redlines_en_500
18b8dd8ea3_behavior__sd_2672_plain_3x3_87943d5d__vs__c620f64d24_super_editor__hyperlink_node_internal_1c0232f9_redline_958c6f10c9,clean/docx/18b8dd8ea3_behavior__sd_2672_plain_3x3_87943d5d,clean/docx/c620f64d24_super_editor__hyperlink_node_internal_1c0232f9,tracking_without_comments/docx/18b8dd8ea3_behavior__sd_2672_plain_3x3_87943d5d__vs__c620f64d24_super_editor__hyperlink_node_internal_1c0232f9_redline_958c6f10c9.docx,tracking_without_comments/pdf/18b8dd8ea3_behavior__sd_2672_plain_3x3_87943d5d__vs__c620f64d24_super_editor__hyperlink_node_internal_1c0232f9_redline_958c6f10c9.pdf,tracking_without_comments,958c6f10c9,word_redlines_superdoc_0926
a1872de6f9_4ba11863826eb6a508ea7cf4b938acc078e24964b0ea83a4__vs__449768761e_36038ad632cd3662736f37687dea555e6b927e719c71c644_redline_9663f2ad29,clean/docx/a1872de6f9_4ba11863826eb6a508ea7cf4b938acc078e24964b0ea83a4,clean/docx/449768761e_36038ad632cd3662736f37687dea555e6b927e719c71c644,tracking_without_comments/docx/a1872de6f9_4ba11863826eb6a508ea7cf4b938acc078e24964b0ea83a4__vs__449768761e_36038ad632cd3662736f37687dea555e6b927e719c71c644_redline_9663f2ad29.docx,tracking_without_comments/pdf/a1872de6f9_4ba11863826eb6a508ea7cf4b938acc078e24964b0ea83a4__vs__449768761e_36038ad632cd3662736f37687dea555e6b927e719c71c644_redline_9663f2ad29.pdf,tracking_without_comments,9663f2ad29,redlines_en_500
af2bb3fa96_file_70__vs__91b2b8bb84_file_71_redline_97d8ded8dc,clean/docx/af2bb3fa96_file_70,clean/docx/91b2b8bb84_file_71,tracking_without_comments/docx/af2bb3fa96_file_70__vs__91b2b8bb84_file_71_redline_97d8ded8dc.docx,tracking_without_comments/pdf/af2bb3fa96_file_70__vs__91b2b8bb84_file_71_redline_97d8ded8dc.pdf,tracking_without_comments,97d8ded8dc,word_based_randomized_0926
0bf5192ed0_00afb3e6b2bb1a5ab1e1770ba41f6f455f87472d24ab2767__vs__a5f2b9318d_002aa60c2ae1187417b4b157c5ec6450324cc056ec551a12_redline_986a611d64,tracking_without_comments/docx/0bf5192ed0_00afb3e6b2bb1a5ab1e1770ba41f6f455f87472d24ab2767,clean/docx/a5f2b9318d_002aa60c2ae1187417b4b157c5ec6450324cc056ec551a12,tracking_without_comments/docx/0bf5192ed0_00afb3e6b2bb1a5ab1e1770ba41f6f455f87472d24ab2767__vs__a5f2b9318d_002aa60c2ae1187417b4b157c5ec6450324cc056ec551a12_redline_986a611d64.docx,tracking_without_comments/pdf/0bf5192ed0_00afb3e6b2bb1a5ab1e1770ba41f6f455f87472d24ab2767__vs__a5f2b9318d_002aa60c2ae1187417b4b157c5ec6450324cc056ec551a12_redline_986a611d64.pdf,tracking_without_comments,986a611d64,redlines_a100_b10
7692b33045_super_editor__list_with_break_exported_broken_45__vs__ddfa313a5f_super_editor__list_with_break_from_word_5cc0d638_redline_9971a714c7,clean/docx/7692b33045_super_editor__list_with_break_exported_broken_45,clean/docx/ddfa313a5f_super_editor__list_with_break_from_word_5cc0d638,tracking_without_comments/docx/7692b33045_super_editor__list_with_break_exported_broken_45__vs__ddfa313a5f_super_editor__list_with_break_from_word_5cc0d638_redline_9971a714c7.docx,tracking_without_comments/pdf/7692b33045_super_editor__list_with_break_exported_broken_45__vs__ddfa313a5f_super_editor__list_with_break_from_word_5cc0d638_redline_9971a714c7.pdf,tracking_without_comments,9971a714c7,word_redlines_superdoc_0926
279abea8ce_super_editor__h_f_normal_odd_even_firstpg_9b210d__vs__76827c9f6c_super_editor__sd_1480_two_col_index_0138dccc_redline_9a93480040,clean/docx/279abea8ce_super_editor__h_f_normal_odd_even_firstpg_9b210d,clean/docx/76827c9f6c_super_editor__sd_1480_two_col_index_0138dccc,tracking_without_comments/docx/279abea8ce_super_editor__h_f_normal_odd_even_firstpg_9b210d__vs__76827c9f6c_super_editor__sd_1480_two_col_index_0138dccc_redline_9a93480040.docx,tracking_without_comments/pdf/279abea8ce_super_editor__h_f_normal_odd_even_firstpg_9b210d__vs__76827c9f6c_super_editor__sd_1480_two_col_index_0138dccc_redline_9a93480040.pdf,tracking_without_comments,9a93480040,word_redlines_superdoc
a6bdad436b_00e1eabab4f0fdde08a033b7d3af988ce75f7e80207c9918__vs__aa5340125d_00a4b0b91e9b5b072dc3771391c2d608518690eccf44eae8_redline_9b9c5719f3,clean/docx/a6bdad436b_00e1eabab4f0fdde08a033b7d3af988ce75f7e80207c9918,clean/docx/aa5340125d_00a4b0b91e9b5b072dc3771391c2d608518690eccf44eae8,tracking_without_comments/docx/a6bdad436b_00e1eabab4f0fdde08a033b7d3af988ce75f7e80207c9918__vs__aa5340125d_00a4b0b91e9b5b072dc3771391c2d608518690eccf44eae8_redline_9b9c5719f3.docx,tracking_without_comments/pdf/a6bdad436b_00e1eabab4f0fdde08a033b7d3af988ce75f7e80207c9918__vs__aa5340125d_00a4b0b91e9b5b072dc3771391c2d608518690eccf44eae8_redline_9b9c5719f3.pdf,tracking_without_comments,9b9c5719f3,redlines_a100_b10
970fd9303f_sample_document_word_repair_of_our_output_word_r__vs__8441c4ae21_sd_2517_localized_heading_styles_redline_9c71031b8a,with_comments_tracking/docx/970fd9303f_sample_document_word_repair_of_our_output_word_r,clean/docx/8441c4ae21_sd_2517_localized_heading_styles,with_comments_tracking/docx/970fd9303f_sample_document_word_repair_of_our_output_word_r__vs__8441c4ae21_sd_2517_localized_heading_styles_redline_9c71031b8a.docx,with_comments_tracking/pdf/970fd9303f_sample_document_word_repair_of_our_output_word_r__vs__8441c4ae21_sd_2517_localized_heading_styles_redline_9c71031b8a.pdf,with_comments_tracking,9c71031b8a,word_based;fixtures_word_compares;pdf_fill_0928
0bf5192ed0_00afb3e6b2bb1a5ab1e1770ba41f6f455f87472d24ab2767__vs__342f364d46_001342333d45627868f4dc5282abbba4598a91b4a7584b08_redline_9d205afaa3,tracking_without_comments/docx/0bf5192ed0_00afb3e6b2bb1a5ab1e1770ba41f6f455f87472d24ab2767,clean/docx/342f364d46_001342333d45627868f4dc5282abbba4598a91b4a7584b08,tracking_without_comments/docx/0bf5192ed0_00afb3e6b2bb1a5ab1e1770ba41f6f455f87472d24ab2767__vs__342f364d46_001342333d45627868f4dc5282abbba4598a91b4a7584b08_redline_9d205afaa3.docx,tracking_without_comments/pdf/0bf5192ed0_00afb3e6b2bb1a5ab1e1770ba41f6f455f87472d24ab2767__vs__342f364d46_001342333d45627868f4dc5282abbba4598a91b4a7584b08_redline_9d205afaa3.pdf,tracking_without_comments,9d205afaa3,redlines_a100_b10
9f56ca58a1_track_changes_suggesting_title_id_paraid_overflo__vs__5e8b43bd70_training_materials_onboarding_program_suggesting_redline_9e49d39f0b,clean/docx/9f56ca58a1_track_changes_suggesting_title_id_paraid_overflo,tracking_without_comments/docx/5e8b43bd70_training_materials_onboarding_program_suggesting,tracking_without_comments/docx/9f56ca58a1_track_changes_suggesting_title_id_paraid_overflo__vs__5e8b43bd70_training_materials_onboarding_program_suggesting_redline_9e49d39f0b.docx,tracking_without_comments/pdf/9f56ca58a1_track_changes_suggesting_title_id_paraid_overflo__vs__5e8b43bd70_training_materials_onboarding_program_suggesting_redline_9e49d39f0b.pdf,tracking_without_comments,9e49d39f0b,word_based;fixtures_word_compares
5c9b05a33e_00587c7398e1a788e79e8da144019f60214b4ac572ea28a3__vs__342f364d46_001342333d45627868f4dc5282abbba4598a91b4a7584b08_redline_9ee589e21e,clean/docx/5c9b05a33e_00587c7398e1a788e79e8da144019f60214b4ac572ea28a3,clean/docx/342f364d46_001342333d45627868f4dc5282abbba4598a91b4a7584b08,tracking_without_comments/docx/5c9b05a33e_00587c7398e1a788e79e8da144019f60214b4ac572ea28a3__vs__342f364d46_001342333d45627868f4dc5282abbba4598a91b4a7584b08_redline_9ee589e21e.docx,tracking_without_comments/pdf/5c9b05a33e_00587c7398e1a788e79e8da144019f60214b4ac572ea28a3__vs__342f364d46_001342333d45627868f4dc5282abbba4598a91b4a7584b08_redline_9ee589e21e.pdf,tracking_without_comments,9ee589e21e,redlines_a100_b10
211f5f5fb1_file_141__vs__c512c8de7e_file_142_redline_9fbeaabe7b,clean/docx/211f5f5fb1_file_141,clean/docx/c512c8de7e_file_142,tracking_without_comments/docx/211f5f5fb1_file_141__vs__c512c8de7e_file_142_redline_9fbeaabe7b.docx,tracking_without_comments/pdf/211f5f5fb1_file_141__vs__c512c8de7e_file_142_redline_9fbeaabe7b.pdf,tracking_without_comments,9fbeaabe7b,nocomments_randomized
4640e71ddd_0062ef190840d69d26aa6ecec30a8cb25f8e1506cee20dac__vs__bd3824dd1e_000ee64ef7226d353297888f59a251e24ce5d776fea000fa_redline_a09aa89f13,clean/docx/4640e71ddd_0062ef190840d69d26aa6ecec30a8cb25f8e1506cee20dac,clean/docx/bd3824dd1e_000ee64ef7226d353297888f59a251e24ce5d776fea000fa,tracking_without_comments/docx/4640e71ddd_0062ef190840d69d26aa6ecec30a8cb25f8e1506cee20dac__vs__bd3824dd1e_000ee64ef7226d353297888f59a251e24ce5d776fea000fa_redline_a09aa89f13.docx,tracking_without_comments/pdf/4640e71ddd_0062ef190840d69d26aa6ecec30a8cb25f8e1506cee20dac__vs__bd3824dd1e_000ee64ef7226d353297888f59a251e24ce5d776fea000fa_redline_a09aa89f13.pdf,tracking_without_comments,a09aa89f13,redlines_a100_b10
476dd8129a_a73aaf75c471a01c06be8a6d359813363129ce98f8961862__vs__d5147a7eac_a4f0c024045d58724784304ee89c0fe1e16361f322d279b2_redline_a1848c2b50,clean/docx/476dd8129a_a73aaf75c471a01c06be8a6d359813363129ce98f8961862,clean/docx/d5147a7eac_a4f0c024045d58724784304ee89c0fe1e16361f322d279b2,tracking_without_comments/docx/476dd8129a_a73aaf75c471a01c06be8a6d359813363129ce98f8961862__vs__d5147a7eac_a4f0c024045d58724784304ee89c0fe1e16361f322d279b2_redline_a1848c2b50.docx,tracking_without_comments/pdf/476dd8129a_a73aaf75c471a01c06be8a6d359813363129ce98f8961862__vs__d5147a7eac_a4f0c024045d58724784304ee89c0fe1e16361f322d279b2_redline_a1848c2b50.pdf,tracking_without_comments,a1848c2b50,redlines_en_500
3f5209785f_c405690532b8164445c4ef36520e25c360527bb0b152e800__vs__bb248c1757_be8ee0b53234a1f931fe02d91dc18938960e4eea05ad606f_redline_a2c9c7b925,clean/docx/3f5209785f_c405690532b8164445c4ef36520e25c360527bb0b152e800,clean/docx/bb248c1757_be8ee0b53234a1f931fe02d91dc18938960e4eea05ad606f,tracking_without_comments/docx/3f5209785f_c405690532b8164445c4ef36520e25c360527bb0b152e800__vs__bb248c1757_be8ee0b53234a1f931fe02d91dc18938960e4eea05ad606f_redline_a2c9c7b925.docx,tracking_without_comments/pdf/3f5209785f_c405690532b8164445c4ef36520e25c360527bb0b152e800__vs__bb248c1757_be8ee0b53234a1f931fe02d91dc18938960e4eea05ad606f_redline_a2c9c7b925.pdf,tracking_without_comments,a2c9c7b925,redlines_en_500
e70f1134dd_super_editor__diff_before8_ba5faa9e__vs__f6e1c253ff_super_editor__diff_before9_9818a85f_redline_a33b8e810a,with_comments_clean/docx/e70f1134dd_super_editor__diff_before8_ba5faa9e,clean/docx/f6e1c253ff_super_editor__diff_before9_9818a85f,with_comments_tracking/docx/e70f1134dd_super_editor__diff_before8_ba5faa9e__vs__f6e1c253ff_super_editor__diff_before9_9818a85f_redline_a33b8e810a.docx,with_comments_tracking/pdf/e70f1134dd_super_editor__diff_before8_ba5faa9e__vs__f6e1c253ff_super_editor__diff_before9_9818a85f_redline_a33b8e810a.pdf,with_comments_tracking,a33b8e810a,word_redlines_superdoc
1d137d70ee_005bf179b17b3d109d473d5bb10a968731ba985c4bff3743__vs__aa5340125d_00a4b0b91e9b5b072dc3771391c2d608518690eccf44eae8_redline_a43b9acb83,clean/docx/1d137d70ee_005bf179b17b3d109d473d5bb10a968731ba985c4bff3743,clean/docx/aa5340125d_00a4b0b91e9b5b072dc3771391c2d608518690eccf44eae8,tracking_without_comments/docx/1d137d70ee_005bf179b17b3d109d473d5bb10a968731ba985c4bff3743__vs__aa5340125d_00a4b0b91e9b5b072dc3771391c2d608518690eccf44eae8_redline_a43b9acb83.docx,tracking_without_comments/pdf/1d137d70ee_005bf179b17b3d109d473d5bb10a968731ba985c4bff3743__vs__aa5340125d_00a4b0b91e9b5b072dc3771391c2d608518690eccf44eae8_redline_a43b9acb83.pdf,tracking_without_comments,a43b9acb83,redlines_a100_b10
61e3967518_0011e415331e3b2d8031efcfcfecbb68df0f0b73b26350ce__vs__deff0e697a_00b5defcad6e58038eac35472a2d48c89905068e5ece0cc3_redline_a4bff48090,clean/docx/61e3967518_0011e415331e3b2d8031efcfcfecbb68df0f0b73b26350ce,clean/docx/deff0e697a_00b5defcad6e58038eac35472a2d48c89905068e5ece0cc3,tracking_without_comments/docx/61e3967518_0011e415331e3b2d8031efcfcfecbb68df0f0b73b26350ce__vs__deff0e697a_00b5defcad6e58038eac35472a2d48c89905068e5ece0cc3_redline_a4bff48090.docx,tracking_without_comments/pdf/61e3967518_0011e415331e3b2d8031efcfcfecbb68df0f0b73b26350ce__vs__deff0e697a_00b5defcad6e58038eac35472a2d48c89905068e5ece0cc3_redline_a4bff48090.pdf,tracking_without_comments,a4bff48090,redlines_a100_b10
38694026fb_0003b3ae2b115676d918e72f694790ddb64563721bb4a48d__vs__342f364d46_001342333d45627868f4dc5282abbba4598a91b4a7584b08_redline_a622521bf9,clean/docx/38694026fb_0003b3ae2b115676d918e72f694790ddb64563721bb4a48d,clean/docx/342f364d46_001342333d45627868f4dc5282abbba4598a91b4a7584b08,tracking_without_comments/docx/38694026fb_0003b3ae2b115676d918e72f694790ddb64563721bb4a48d__vs__342f364d46_001342333d45627868f4dc5282abbba4598a91b4a7584b08_redline_a622521bf9.docx,tracking_without_comments/pdf/38694026fb_0003b3ae2b115676d918e72f694790ddb64563721bb4a48d__vs__342f364d46_001342333d45627868f4dc5282abbba4598a91b4a7584b08_redline_a622521bf9.pdf,tracking_without_comments,a622521bf9,redlines_a100_b10
0a1badc333_super_editor__missing_sectpr_967a402d__vs__84f5fb598b_super_editor__diff_before11_1b953eaf_redline_a78b94020d,clean/docx/0a1badc333_super_editor__missing_sectpr_967a402d,with_comments_tracking/docx/84f5fb598b_super_editor__diff_before11_1b953eaf,with_comments_tracking/docx/0a1badc333_super_editor__missing_sectpr_967a402d__vs__84f5fb598b_super_editor__diff_before11_1b953eaf_redline_a78b94020d.docx,with_comments_tracking/pdf/0a1badc333_super_editor__missing_sectpr_967a402d__vs__84f5fb598b_super_editor__diff_before11_1b953eaf_redline_a78b94020d.pdf,with_comments_tracking,a78b94020d,word_redlines_superdoc_0926
0800162a66_000799b53487acb327ccf0c0ab87fb14b9e8636346719296__vs__342f364d46_001342333d45627868f4dc5282abbba4598a91b4a7584b08_redline_a801cecdd1,clean/docx/0800162a66_000799b53487acb327ccf0c0ab87fb14b9e8636346719296,clean/docx/342f364d46_001342333d45627868f4dc5282abbba4598a91b4a7584b08,tracking_without_comments/docx/0800162a66_000799b53487acb327ccf0c0ab87fb14b9e8636346719296__vs__342f364d46_001342333d45627868f4dc5282abbba4598a91b4a7584b08_redline_a801cecdd1.docx,tracking_without_comments/pdf/0800162a66_000799b53487acb327ccf0c0ab87fb14b9e8636346719296__vs__342f364d46_001342333d45627868f4dc5282abbba4598a91b4a7584b08_redline_a801cecdd1.pdf,tracking_without_comments,a801cecdd1,redlines_a100_b10
6dff70fa73_005df9de4a11e9d5e0809079fe33b4783538a96e645d8b42__vs__deff0e697a_00b5defcad6e58038eac35472a2d48c89905068e5ece0cc3_redline_a92c070f3a,clean/docx/6dff70fa73_005df9de4a11e9d5e0809079fe33b4783538a96e645d8b42,clean/docx/deff0e697a_00b5defcad6e58038eac35472a2d48c89905068e5ece0cc3,tracking_without_comments/docx/6dff70fa73_005df9de4a11e9d5e0809079fe33b4783538a96e645d8b42__vs__deff0e697a_00b5defcad6e58038eac35472a2d48c89905068e5ece0cc3_redline_a92c070f3a.docx,tracking_without_comments/pdf/6dff70fa73_005df9de4a11e9d5e0809079fe33b4783538a96e645d8b42__vs__deff0e697a_00b5defcad6e58038eac35472a2d48c89905068e5ece0cc3_redline_a92c070f3a.pdf,tracking_without_comments,a92c070f3a,redlines_a100_b10
3c1e5d4d00_00b540ddc1a1fef3ab9acae5b93ca90e9fcef840e25d53cd__vs__2773adf157_0004c94ca2a8684d47449bb0e7abf87de1df71a7e6543252_redline_a9a1b530a9,clean/docx/3c1e5d4d00_00b540ddc1a1fef3ab9acae5b93ca90e9fcef840e25d53cd,clean/docx/2773adf157_0004c94ca2a8684d47449bb0e7abf87de1df71a7e6543252,tracking_without_comments/docx/3c1e5d4d00_00b540ddc1a1fef3ab9acae5b93ca90e9fcef840e25d53cd__vs__2773adf157_0004c94ca2a8684d47449bb0e7abf87de1df71a7e6543252_redline_a9a1b530a9.docx,tracking_without_comments/pdf/3c1e5d4d00_00b540ddc1a1fef3ab9acae5b93ca90e9fcef840e25d53cd__vs__2773adf157_0004c94ca2a8684d47449bb0e7abf87de1df71a7e6543252_redline_a9a1b530a9.pdf,tracking_without_comments,a9a1b530a9,redlines_a100_b10
3755bf5762_0000a3a991f56b6660c630eb426231a3b4ec31e40313aab9__vs__2e04202552_000e3e7bd2d6215fc7b469cc3e296c1b2a510bc1abc7e0fd_redline_aae2a313fa,clean/docx/3755bf5762_0000a3a991f56b6660c630eb426231a3b4ec31e40313aab9,clean/docx/2e04202552_000e3e7bd2d6215fc7b469cc3e296c1b2a510bc1abc7e0fd,tracking_without_comments/docx/3755bf5762_0000a3a991f56b6660c630eb426231a3b4ec31e40313aab9__vs__2e04202552_000e3e7bd2d6215fc7b469cc3e296c1b2a510bc1abc7e0fd_redline_aae2a313fa.docx,tracking_without_comments/pdf/3755bf5762_0000a3a991f56b6660c630eb426231a3b4ec31e40313aab9__vs__2e04202552_000e3e7bd2d6215fc7b469cc3e296c1b2a510bc1abc7e0fd_redline_aae2a313fa.pdf,tracking_without_comments,aae2a313fa,redlines_a100_b10
0332219534_red_bold_text_demo_id_paraid_overflow__vs__dab313767f_red_heading_demo_id_paraid_overflow_redline_ac07053fc1,clean/docx/0332219534_red_bold_text_demo_id_paraid_overflow,clean/docx/dab313767f_red_heading_demo_id_paraid_overflow,tracking_without_comments/docx/0332219534_red_bold_text_demo_id_paraid_overflow__vs__dab313767f_red_heading_demo_id_paraid_overflow_redline_ac07053fc1.docx,tracking_without_comments/pdf/0332219534_red_bold_text_demo_id_paraid_overflow__vs__dab313767f_red_heading_demo_id_paraid_overflow_redline_ac07053fc1.pdf,tracking_without_comments,ac07053fc1,nocomments
1b8ec2a8cd_file_7__vs__c090b9f082_file_8_redline_ad34822be0,clean/docx/1b8ec2a8cd_file_7,clean/docx/c090b9f082_file_8,tracking_without_comments/docx/1b8ec2a8cd_file_7__vs__c090b9f082_file_8_redline_ad34822be0.docx,tracking_without_comments/pdf/1b8ec2a8cd_file_7__vs__c090b9f082_file_8_redline_ad34822be0.pdf,tracking_without_comments,ad34822be0,word_based_randomized
2e7f1e6637_0120556a0553eb1ba39978d5911b7ce62be10a9bdc7c9191__vs__342f364d46_001342333d45627868f4dc5282abbba4598a91b4a7584b08_redline_ae7cb7071e,clean/docx/2e7f1e6637_0120556a0553eb1ba39978d5911b7ce62be10a9bdc7c9191,clean/docx/342f364d46_001342333d45627868f4dc5282abbba4598a91b4a7584b08,tracking_without_comments/docx/2e7f1e6637_0120556a0553eb1ba39978d5911b7ce62be10a9bdc7c9191__vs__342f364d46_001342333d45627868f4dc5282abbba4598a91b4a7584b08_redline_ae7cb7071e.docx,tracking_without_comments/pdf/2e7f1e6637_0120556a0553eb1ba39978d5911b7ce62be10a9bdc7c9191__vs__342f364d46_001342333d45627868f4dc5282abbba4598a91b4a7584b08_redline_ae7cb7071e.pdf,tracking_without_comments,ae7cb7071e,redlines_a100_b10
8e534b49f0_00a9b37342f07e6b9bd5b8fffbe4dd777d31053171e69da2__vs__2e04202552_000e3e7bd2d6215fc7b469cc3e296c1b2a510bc1abc7e0fd_redline_aeff6a9631,clean/docx/8e534b49f0_00a9b37342f07e6b9bd5b8fffbe4dd777d31053171e69da2,clean/docx/2e04202552_000e3e7bd2d6215fc7b469cc3e296c1b2a510bc1abc7e0fd,tracking_without_comments/docx/8e534b49f0_00a9b37342f07e6b9bd5b8fffbe4dd777d31053171e69da2__vs__2e04202552_000e3e7bd2d6215fc7b469cc3e296c1b2a510bc1abc7e0fd_redline_aeff6a9631.docx,tracking_without_comments/pdf/8e534b49f0_00a9b37342f07e6b9bd5b8fffbe4dd777d31053171e69da2__vs__2e04202552_000e3e7bd2d6215fc7b469cc3e296c1b2a510bc1abc7e0fd_redline_aeff6a9631.pdf,tracking_without_comments,aeff6a9631,redlines_a100_b10
d212c7eab7_f794b896af23bc3faac41d754e495da7ebcb038ab52a1e39__vs__7b572bab96_28d7ae0e7bb3697f99606babb03e4c8f74db6d557fb5b785_redline_b03dd5fd4e,clean/docx/d212c7eab7_f794b896af23bc3faac41d754e495da7ebcb038ab52a1e39,clean/docx/7b572bab96_28d7ae0e7bb3697f99606babb03e4c8f74db6d557fb5b785,tracking_without_comments/docx/d212c7eab7_f794b896af23bc3faac41d754e495da7ebcb038ab52a1e39__vs__7b572bab96_28d7ae0e7bb3697f99606babb03e4c8f74db6d557fb5b785_redline_b03dd5fd4e.docx,tracking_without_comments/pdf/d212c7eab7_f794b896af23bc3faac41d754e495da7ebcb038ab52a1e39__vs__7b572bab96_28d7ae0e7bb3697f99606babb03e4c8f74db6d557fb5b785_redline_b03dd5fd4e.pdf,tracking_without_comments,b03dd5fd4e,redlines_en_500
6dff70fa73_005df9de4a11e9d5e0809079fe33b4783538a96e645d8b42__vs__342f364d46_001342333d45627868f4dc5282abbba4598a91b4a7584b08_redline_b0ddf08ac6,clean/docx/6dff70fa73_005df9de4a11e9d5e0809079fe33b4783538a96e645d8b42,clean/docx/342f364d46_001342333d45627868f4dc5282abbba4598a91b4a7584b08,tracking_without_comments/docx/6dff70fa73_005df9de4a11e9d5e0809079fe33b4783538a96e645d8b42__vs__342f364d46_001342333d45627868f4dc5282abbba4598a91b4a7584b08_redline_b0ddf08ac6.docx,tracking_without_comments/pdf/6dff70fa73_005df9de4a11e9d5e0809079fe33b4783538a96e645d8b42__vs__342f364d46_001342333d45627868f4dc5282abbba4598a91b4a7584b08_redline_b0ddf08ac6.pdf,tracking_without_comments,b0ddf08ac6,redlines_a100_b10
ffbd6a0327_calibri_bold_italic_demo_id_paraid_overflow__vs__7d0c2f81c2_calibri_font_demo_id_paraid_overflow_2_redline_b18e1c63d6,clean/docx/ffbd6a0327_calibri_bold_italic_demo_id_paraid_overflow,clean/docx/7d0c2f81c2_calibri_font_demo_id_paraid_overflow_2,tracking_without_comments/docx/ffbd6a0327_calibri_bold_italic_demo_id_paraid_overflow__vs__7d0c2f81c2_calibri_font_demo_id_paraid_overflow_2_redline_b18e1c63d6.docx,tracking_without_comments/pdf/ffbd6a0327_calibri_bold_italic_demo_id_paraid_overflow__vs__7d0c2f81c2_calibri_font_demo_id_paraid_overflow_2_redline_b18e1c63d6.pdf,tracking_without_comments,b18e1c63d6,nocomments
498a050671_super_editor__custom_list1_77f82bd7__vs__4ba01802a7_super_editor__diff_after_10f1912e_redline_b29b698adb,clean/docx/498a050671_super_editor__custom_list1_77f82bd7,clean/docx/4ba01802a7_super_editor__diff_after_10f1912e,tracking_without_comments/docx/498a050671_super_editor__custom_list1_77f82bd7__vs__4ba01802a7_super_editor__diff_after_10f1912e_redline_b29b698adb.docx,tracking_without_comments/pdf/498a050671_super_editor__custom_list1_77f82bd7__vs__4ba01802a7_super_editor__diff_after_10f1912e_redline_b29b698adb.pdf,tracking_without_comments,b29b698adb,word_redlines_superdoc
a4dedaa05a_9009c4519d3cbd224cc4dfd7059a955d4dd4c8e4f88f7f56__vs__4994ae1ac8_41d030db79bda833388f00621d330f3613fba8f48a22e8e4_redline_b36bb66cb1,clean/docx/a4dedaa05a_9009c4519d3cbd224cc4dfd7059a955d4dd4c8e4f88f7f56,clean/docx/4994ae1ac8_41d030db79bda833388f00621d330f3613fba8f48a22e8e4,tracking_without_comments/docx/a4dedaa05a_9009c4519d3cbd224cc4dfd7059a955d4dd4c8e4f88f7f56__vs__4994ae1ac8_41d030db79bda833388f00621d330f3613fba8f48a22e8e4_redline_b36bb66cb1.docx,tracking_without_comments/pdf/a4dedaa05a_9009c4519d3cbd224cc4dfd7059a955d4dd4c8e4f88f7f56__vs__4994ae1ac8_41d030db79bda833388f00621d330f3613fba8f48a22e8e4_redline_b36bb66cb1.pdf,tracking_without_comments,b36bb66cb1,redlines_en_500
bd2400ab6a_8b342c8dfa6baaabf348e26a96976c7d90ab11bd241bb6da__vs__24356a7180_d0eff8fb6a6ffe20f9c3b0a4c37ca44bdd66b1cbf91c472b_redline_b45c815da3,clean/docx/bd2400ab6a_8b342c8dfa6baaabf348e26a96976c7d90ab11bd241bb6da,clean/docx/24356a7180_d0eff8fb6a6ffe20f9c3b0a4c37ca44bdd66b1cbf91c472b,tracking_without_comments/docx/bd2400ab6a_8b342c8dfa6baaabf348e26a96976c7d90ab11bd241bb6da__vs__24356a7180_d0eff8fb6a6ffe20f9c3b0a4c37ca44bdd66b1cbf91c472b_redline_b45c815da3.docx,tracking_without_comments/pdf/bd2400ab6a_8b342c8dfa6baaabf348e26a96976c7d90ab11bd241bb6da__vs__24356a7180_d0eff8fb6a6ffe20f9c3b0a4c37ca44bdd66b1cbf91c472b_redline_b45c815da3.pdf,tracking_without_comments,b45c815da3,redlines_en_500
7d0c2f81c2_calibri_font_demo_id_paraid_overflow_2__vs__f0f7d7305e_calibri_font_demo_id_paraid_overflow_redline_b512085c37,clean/docx/7d0c2f81c2_calibri_font_demo_id_paraid_overflow_2,clean/docx/f0f7d7305e_calibri_font_demo_id_paraid_overflow,tracking_without_comments/docx/7d0c2f81c2_calibri_font_demo_id_paraid_overflow_2__vs__f0f7d7305e_calibri_font_demo_id_paraid_overflow_redline_b512085c37.docx,tracking_without_comments/pdf/7d0c2f81c2_calibri_font_demo_id_paraid_overflow_2__vs__f0f7d7305e_calibri_font_demo_id_paraid_overflow_redline_b512085c37.pdf,tracking_without_comments,b512085c37,nocomments
ef7218d9e8_001893584bf94ff30c98db48cb8a0ea0ea5abc048f3e1a4d__vs__333bfe069a_003416d620331122b93b434dad901db5836f60d2cad4b533_redline_b626364e3d,clean/docx/ef7218d9e8_001893584bf94ff30c98db48cb8a0ea0ea5abc048f3e1a4d,clean/docx/333bfe069a_003416d620331122b93b434dad901db5836f60d2cad4b533,tracking_without_comments/docx/ef7218d9e8_001893584bf94ff30c98db48cb8a0ea0ea5abc048f3e1a4d__vs__333bfe069a_003416d620331122b93b434dad901db5836f60d2cad4b533_redline_b626364e3d.docx,tracking_without_comments/pdf/ef7218d9e8_001893584bf94ff30c98db48cb8a0ea0ea5abc048f3e1a4d__vs__333bfe069a_003416d620331122b93b434dad901db5836f60d2cad4b533_redline_b626364e3d.pdf,tracking_without_comments,b626364e3d,redlines_a100_b10
ad00cf90d7_doc_api_stories__diff_doc2_bc0da0ce__vs__18eb110b3b_numwords_fldsimple_redline_b778cdcad3,clean/docx/ad00cf90d7_doc_api_stories__diff_doc2_bc0da0ce,clean/docx/18eb110b3b_numwords_fldsimple,tracking_without_comments/docx/ad00cf90d7_doc_api_stories__diff_doc2_bc0da0ce__vs__18eb110b3b_numwords_fldsimple_redline_b778cdcad3.docx,tracking_without_comments/pdf/ad00cf90d7_doc_api_stories__diff_doc2_bc0da0ce__vs__18eb110b3b_numwords_fldsimple_redline_b778cdcad3.pdf,tracking_without_comments,b778cdcad3,word_redlines_superdoc
2ba392cdd2_super_editor__broken_list_missing_items_36b4199e__vs__1c5bd81def_super_editor__multiple_nodes_in_list_79d915a2_redline_b88ba7adc8,clean/docx/2ba392cdd2_super_editor__broken_list_missing_items_36b4199e,clean/docx/1c5bd81def_super_editor__multiple_nodes_in_list_79d915a2,tracking_without_comments/docx/2ba392cdd2_super_editor__broken_list_missing_items_36b4199e__vs__1c5bd81def_super_editor__multiple_nodes_in_list_79d915a2_redline_b88ba7adc8.docx,tracking_without_comments/pdf/2ba392cdd2_super_editor__broken_list_missing_items_36b4199e__vs__1c5bd81def_super_editor__multiple_nodes_in_list_79d915a2_redline_b88ba7adc8.pdf,tracking_without_comments,b88ba7adc8,word_redlines_superdoc
3acaee795f_red_strikethrough_demo_style_default_missing__vs__1e1a24aeab_right_align_bold_demo_id_paraid_overflow_redline_b9ff832216,clean/docx/3acaee795f_red_strikethrough_demo_style_default_missing,clean/docx/1e1a24aeab_right_align_bold_demo_id_paraid_overflow,tracking_without_comments/docx/3acaee795f_red_strikethrough_demo_style_default_missing__vs__1e1a24aeab_right_align_bold_demo_id_paraid_overflow_redline_b9ff832216.docx,tracking_without_comments/pdf/3acaee795f_red_strikethrough_demo_style_default_missing__vs__1e1a24aeab_right_align_bold_demo_id_paraid_overflow_redline_b9ff832216.pdf,tracking_without_comments,b9ff832216,word_based
f141395e21_file_5__vs__b8783e46c5_file_6_redline_baf1c31339,clean/docx/f141395e21_file_5,tracking_without_comments/docx/b8783e46c5_file_6,tracking_without_comments/docx/f141395e21_file_5__vs__b8783e46c5_file_6_redline_baf1c31339.docx,tracking_without_comments/pdf/f141395e21_file_5__vs__b8783e46c5_file_6_redline_baf1c31339.pdf,tracking_without_comments,baf1c31339,nocomments_randomized
00f467c010_0008753aa70a6a7b929aa1958001da41574c2d407e5b9863__vs__5203829c7a_001cc92b88566d5f930fe57f25813c0bf52a7bdc72c217d0_redline_bbbf7b39f6,clean/docx/00f467c010_0008753aa70a6a7b929aa1958001da41574c2d407e5b9863,clean/docx/5203829c7a_001cc92b88566d5f930fe57f25813c0bf52a7bdc72c217d0,tracking_without_comments/docx/00f467c010_0008753aa70a6a7b929aa1958001da41574c2d407e5b9863__vs__5203829c7a_001cc92b88566d5f930fe57f25813c0bf52a7bdc72c217d0_redline_bbbf7b39f6.docx,tracking_without_comments/pdf/00f467c010_0008753aa70a6a7b929aa1958001da41574c2d407e5b9863__vs__5203829c7a_001cc92b88566d5f930fe57f25813c0bf52a7bdc72c217d0_redline_bbbf7b39f6.pdf,tracking_without_comments,bbbf7b39f6,redlines_a100_b10
c090b9f082_file_8__vs__3f91c8f0cd_file_9_redline_bc6f8076f9,clean/docx/c090b9f082_file_8,with_comments_tracking/docx/3f91c8f0cd_file_9,with_comments_tracking/docx/c090b9f082_file_8__vs__3f91c8f0cd_file_9_redline_bc6f8076f9.docx,with_comments_tracking/pdf/c090b9f082_file_8__vs__3f91c8f0cd_file_9_redline_bc6f8076f9.pdf,with_comments_tracking,bc6f8076f9,word_based_randomized_0926
fdb2976d19_01415d08f6d1a428e6949533adcd6249cf25676d98d0b78c__vs__333bfe069a_003416d620331122b93b434dad901db5836f60d2cad4b533_redline_bd5a452533,clean/docx/fdb2976d19_01415d08f6d1a428e6949533adcd6249cf25676d98d0b78c,clean/docx/333bfe069a_003416d620331122b93b434dad901db5836f60d2cad4b533,tracking_without_comments/docx/fdb2976d19_01415d08f6d1a428e6949533adcd6249cf25676d98d0b78c__vs__333bfe069a_003416d620331122b93b434dad901db5836f60d2cad4b533_redline_bd5a452533.docx,tracking_without_comments/pdf/fdb2976d19_01415d08f6d1a428e6949533adcd6249cf25676d98d0b78c__vs__333bfe069a_003416d620331122b93b434dad901db5836f60d2cad4b533_redline_bd5a452533.pdf,tracking_without_comments,bd5a452533,redlines_a100_b10
dcf7dd476f_super_editor__superdoc_table_tester_3b2de2e1__vs__9ef2a93274_super_editor__tab_alignment_test_184edb5d_redline_be202a3b7a,clean/docx/dcf7dd476f_super_editor__superdoc_table_tester_3b2de2e1,clean/docx/9ef2a93274_super_editor__tab_alignment_test_184edb5d,tracking_without_comments/docx/dcf7dd476f_super_editor__superdoc_table_tester_3b2de2e1__vs__9ef2a93274_super_editor__tab_alignment_test_184edb5d_redline_be202a3b7a.docx,tracking_without_comments/pdf/dcf7dd476f_super_editor__superdoc_table_tester_3b2de2e1__vs__9ef2a93274_super_editor__tab_alignment_test_184edb5d_redline_be202a3b7a.pdf,tracking_without_comments,be202a3b7a,word_redlines_superdoc
433cdffcb3_file_133__vs__a75a5d3d73_file_134_redline_bef6f2b157,tracking_without_comments/docx/433cdffcb3_file_133,clean/docx/a75a5d3d73_file_134,tracking_without_comments/docx/433cdffcb3_file_133__vs__a75a5d3d73_file_134_redline_bef6f2b157.docx,tracking_without_comments/pdf/433cdffcb3_file_133__vs__a75a5d3d73_file_134_redline_bef6f2b157.pdf,tracking_without_comments,bef6f2b157,nocomments_randomized
96a0ee0e8f_004b3b3dd84014405562584f62d67267b9a7993e21b974e8__vs__aa5340125d_00a4b0b91e9b5b072dc3771391c2d608518690eccf44eae8_redline_bfdd32d89f,clean/docx/96a0ee0e8f_004b3b3dd84014405562584f62d67267b9a7993e21b974e8,clean/docx/aa5340125d_00a4b0b91e9b5b072dc3771391c2d608518690eccf44eae8,tracking_without_comments/docx/96a0ee0e8f_004b3b3dd84014405562584f62d67267b9a7993e21b974e8__vs__aa5340125d_00a4b0b91e9b5b072dc3771391c2d608518690eccf44eae8_redline_bfdd32d89f.docx,tracking_without_comments/pdf/96a0ee0e8f_004b3b3dd84014405562584f62d67267b9a7993e21b974e8__vs__aa5340125d_00a4b0b91e9b5b072dc3771391c2d608518690eccf44eae8_redline_bfdd32d89f.pdf,tracking_without_comments,bfdd32d89f,redlines_a100_b10
75b13139d1_01424129e67ac16566c504bbb091d985cb6316a08abf5730__vs__2773adf157_0004c94ca2a8684d47449bb0e7abf87de1df71a7e6543252_redline_c0f0e89fef,clean/docx/75b13139d1_01424129e67ac16566c504bbb091d985cb6316a08abf5730,clean/docx/2773adf157_0004c94ca2a8684d47449bb0e7abf87de1df71a7e6543252,tracking_without_comments/docx/75b13139d1_01424129e67ac16566c504bbb091d985cb6316a08abf5730__vs__2773adf157_0004c94ca2a8684d47449bb0e7abf87de1df71a7e6543252_redline_c0f0e89fef.docx,tracking_without_comments/pdf/75b13139d1_01424129e67ac16566c504bbb091d985cb6316a08abf5730__vs__2773adf157_0004c94ca2a8684d47449bb0e7abf87de1df71a7e6543252_redline_c0f0e89fef.pdf,tracking_without_comments,c0f0e89fef,redlines_a100_b10
38694026fb_0003b3ae2b115676d918e72f694790ddb64563721bb4a48d__vs__a5f2b9318d_002aa60c2ae1187417b4b157c5ec6450324cc056ec551a12_redline_c1ab70efd1,clean/docx/38694026fb_0003b3ae2b115676d918e72f694790ddb64563721bb4a48d,clean/docx/a5f2b9318d_002aa60c2ae1187417b4b157c5ec6450324cc056ec551a12,tracking_without_comments/docx/38694026fb_0003b3ae2b115676d918e72f694790ddb64563721bb4a48d__vs__a5f2b9318d_002aa60c2ae1187417b4b157c5ec6450324cc056ec551a12_redline_c1ab70efd1.docx,tracking_without_comments/pdf/38694026fb_0003b3ae2b115676d918e72f694790ddb64563721bb4a48d__vs__a5f2b9318d_002aa60c2ae1187417b4b157c5ec6450324cc056ec551a12_redline_c1ab70efd1.pdf,tracking_without_comments,c1ab70efd1,redlines_a100_b10
81f7cad226_009fa3f6b717df4d0e9371d67f305110d5096bc9178134b0__vs__5203829c7a_001cc92b88566d5f930fe57f25813c0bf52a7bdc72c217d0_redline_c2a466fd9e,clean/docx/81f7cad226_009fa3f6b717df4d0e9371d67f305110d5096bc9178134b0,clean/docx/5203829c7a_001cc92b88566d5f930fe57f25813c0bf52a7bdc72c217d0,tracking_without_comments/docx/81f7cad226_009fa3f6b717df4d0e9371d67f305110d5096bc9178134b0__vs__5203829c7a_001cc92b88566d5f930fe57f25813c0bf52a7bdc72c217d0_redline_c2a466fd9e.docx,tracking_without_comments/pdf/81f7cad226_009fa3f6b717df4d0e9371d67f305110d5096bc9178134b0__vs__5203829c7a_001cc92b88566d5f930fe57f25813c0bf52a7bdc72c217d0_redline_c2a466fd9e.pdf,tracking_without_comments,c2a466fd9e,redlines_a100_b10
8cd372b814_0193e5015be906eb45df5f7b3ceb682c7ff53cb52f15a0bf__vs__bd3824dd1e_000ee64ef7226d353297888f59a251e24ce5d776fea000fa_redline_c3a0959483,clean/docx/8cd372b814_0193e5015be906eb45df5f7b3ceb682c7ff53cb52f15a0bf,clean/docx/bd3824dd1e_000ee64ef7226d353297888f59a251e24ce5d776fea000fa,tracking_without_comments/docx/8cd372b814_0193e5015be906eb45df5f7b3ceb682c7ff53cb52f15a0bf__vs__bd3824dd1e_000ee64ef7226d353297888f59a251e24ce5d776fea000fa_redline_c3a0959483.docx,tracking_without_comments/pdf/8cd372b814_0193e5015be906eb45df5f7b3ceb682c7ff53cb52f15a0bf__vs__bd3824dd1e_000ee64ef7226d353297888f59a251e24ce5d776fea000fa_redline_c3a0959483.pdf,tracking_without_comments,c3a0959483,redlines_a100_b10
12941c2a77_0023298b011b45232675215822f0f728678a238756d763c8__vs__333bfe069a_003416d620331122b93b434dad901db5836f60d2cad4b533_redline_c48daf68b8,clean/docx/12941c2a77_0023298b011b45232675215822f0f728678a238756d763c8,clean/docx/333bfe069a_003416d620331122b93b434dad901db5836f60d2cad4b533,tracking_without_comments/docx/12941c2a77_0023298b011b45232675215822f0f728678a238756d763c8__vs__333bfe069a_003416d620331122b93b434dad901db5836f60d2cad4b533_redline_c48daf68b8.docx,tracking_without_comments/pdf/12941c2a77_0023298b011b45232675215822f0f728678a238756d763c8__vs__333bfe069a_003416d620331122b93b434dad901db5836f60d2cad4b533_redline_c48daf68b8.pdf,tracking_without_comments,c48daf68b8,redlines_a100_b10
cc5f989c56_0090ba7896cba5f43500e77e151ddab12f16b20e3ddf5822__vs__342f364d46_001342333d45627868f4dc5282abbba4598a91b4a7584b08_redline_c645866078,clean/docx/cc5f989c56_0090ba7896cba5f43500e77e151ddab12f16b20e3ddf5822,clean/docx/342f364d46_001342333d45627868f4dc5282abbba4598a91b4a7584b08,tracking_without_comments/docx/cc5f989c56_0090ba7896cba5f43500e77e151ddab12f16b20e3ddf5822__vs__342f364d46_001342333d45627868f4dc5282abbba4598a91b4a7584b08_redline_c645866078.docx,tracking_without_comments/pdf/cc5f989c56_0090ba7896cba5f43500e77e151ddab12f16b20e3ddf5822__vs__342f364d46_001342333d45627868f4dc5282abbba4598a91b4a7584b08_redline_c645866078.pdf,tracking_without_comments,c645866078,redlines_a100_b10
19313bb0d2_013bfd9bed003f93622f5b45095bb7471499aea576b0e48e__vs__deff0e697a_00b5defcad6e58038eac35472a2d48c89905068e5ece0cc3_redline_c7154d9bbc,clean/docx/19313bb0d2_013bfd9bed003f93622f5b45095bb7471499aea576b0e48e,clean/docx/deff0e697a_00b5defcad6e58038eac35472a2d48c89905068e5ece0cc3,tracking_without_comments/docx/19313bb0d2_013bfd9bed003f93622f5b45095bb7471499aea576b0e48e__vs__deff0e697a_00b5defcad6e58038eac35472a2d48c89905068e5ece0cc3_redline_c7154d9bbc.docx,tracking_without_comments/pdf/19313bb0d2_013bfd9bed003f93622f5b45095bb7471499aea576b0e48e__vs__deff0e697a_00b5defcad6e58038eac35472a2d48c89905068e5ece0cc3_redline_c7154d9bbc.pdf,tracking_without_comments,c7154d9bbc,redlines_a100_b10
67f497f378_03a7fb6a57b0d73f9c73c2d5556fe93c751bbe991f3a84ec__vs__94df1c6a7f_6c6e35b9b8d5f2732e09feee42920297941af1c6b2091636_redline_c8378068f5,clean/docx/67f497f378_03a7fb6a57b0d73f9c73c2d5556fe93c751bbe991f3a84ec,clean/docx/94df1c6a7f_6c6e35b9b8d5f2732e09feee42920297941af1c6b2091636,tracking_without_comments/docx/67f497f378_03a7fb6a57b0d73f9c73c2d5556fe93c751bbe991f3a84ec__vs__94df1c6a7f_6c6e35b9b8d5f2732e09feee42920297941af1c6b2091636_redline_c8378068f5.docx,tracking_without_comments/pdf/67f497f378_03a7fb6a57b0d73f9c73c2d5556fe93c751bbe991f3a84ec__vs__94df1c6a7f_6c6e35b9b8d5f2732e09feee42920297941af1c6b2091636_redline_c8378068f5.pdf,tracking_without_comments,c8378068f5,redlines_en_500
3f4801c5c0_project_plan_suggesting_insertions__vs__8cecb6c042_project_proposal_id_paraid_overflow_redline_c88669a862,tracking_without_comments/docx/3f4801c5c0_project_plan_suggesting_insertions,clean/docx/8cecb6c042_project_proposal_id_paraid_overflow,tracking_without_comments/docx/3f4801c5c0_project_plan_suggesting_insertions__vs__8cecb6c042_project_proposal_id_paraid_overflow_redline_c88669a862.docx,tracking_without_comments/pdf/3f4801c5c0_project_plan_suggesting_insertions__vs__8cecb6c042_project_proposal_id_paraid_overflow_redline_c88669a862.pdf,tracking_without_comments,c88669a862,nocomments
fd5a40bd94_underline_text_formatting_demo_style_default_mis__vs__f43929f70c_verdana_bold_large_font_id_paraid_overflow_redline_c964f553ef,clean/docx/fd5a40bd94_underline_text_formatting_demo_style_default_mis,clean/docx/f43929f70c_verdana_bold_large_font_id_paraid_overflow,tracking_without_comments/docx/fd5a40bd94_underline_text_formatting_demo_style_default_mis__vs__f43929f70c_verdana_bold_large_font_id_paraid_overflow_redline_c964f553ef.docx,tracking_without_comments/pdf/fd5a40bd94_underline_text_formatting_demo_style_default_mis__vs__f43929f70c_verdana_bold_large_font_id_paraid_overflow_redline_c964f553ef.pdf,tracking_without_comments,c964f553ef,word_based_0926
a5eb266a1f_016236e3bf778292b45976ecd4a34b45d02104f47db7a3ca__vs__342f364d46_001342333d45627868f4dc5282abbba4598a91b4a7584b08_redline_cacb66a444,clean/docx/a5eb266a1f_016236e3bf778292b45976ecd4a34b45d02104f47db7a3ca,clean/docx/342f364d46_001342333d45627868f4dc5282abbba4598a91b4a7584b08,tracking_without_comments/docx/a5eb266a1f_016236e3bf778292b45976ecd4a34b45d02104f47db7a3ca__vs__342f364d46_001342333d45627868f4dc5282abbba4598a91b4a7584b08_redline_cacb66a444.docx,tracking_without_comments/pdf/a5eb266a1f_016236e3bf778292b45976ecd4a34b45d02104f47db7a3ca__vs__342f364d46_001342333d45627868f4dc5282abbba4598a91b4a7584b08_redline_cacb66a444.pdf,tracking_without_comments,cacb66a444,redlines_a100_b10
f786f1da65_001921017566904561ee8ce26ec591c5fb4cd1655b295518__vs__5203829c7a_001cc92b88566d5f930fe57f25813c0bf52a7bdc72c217d0_redline_cb330ddba7,clean/docx/f786f1da65_001921017566904561ee8ce26ec591c5fb4cd1655b295518,clean/docx/5203829c7a_001cc92b88566d5f930fe57f25813c0bf52a7bdc72c217d0,tracking_without_comments/docx/f786f1da65_001921017566904561ee8ce26ec591c5fb4cd1655b295518__vs__5203829c7a_001cc92b88566d5f930fe57f25813c0bf52a7bdc72c217d0_redline_cb330ddba7.docx,tracking_without_comments/pdf/f786f1da65_001921017566904561ee8ce26ec591c5fb4cd1655b295518__vs__5203829c7a_001cc92b88566d5f930fe57f25813c0bf52a7bdc72c217d0_redline_cb330ddba7.pdf,tracking_without_comments,cb330ddba7,redlines_a100_b10
61e3967518_0011e415331e3b2d8031efcfcfecbb68df0f0b73b26350ce__vs__2773adf157_0004c94ca2a8684d47449bb0e7abf87de1df71a7e6543252_redline_cc4c55c6f1,clean/docx/61e3967518_0011e415331e3b2d8031efcfcfecbb68df0f0b73b26350ce,clean/docx/2773adf157_0004c94ca2a8684d47449bb0e7abf87de1df71a7e6543252,tracking_without_comments/docx/61e3967518_0011e415331e3b2d8031efcfcfecbb68df0f0b73b26350ce__vs__2773adf157_0004c94ca2a8684d47449bb0e7abf87de1df71a7e6543252_redline_cc4c55c6f1.docx,tracking_without_comments/pdf/61e3967518_0011e415331e3b2d8031efcfcfecbb68df0f0b73b26350ce__vs__2773adf157_0004c94ca2a8684d47449bb0e7abf87de1df71a7e6543252_redline_cc4c55c6f1.pdf,tracking_without_comments,cc4c55c6f1,redlines_a100_b10
f809be38e3_526b9a2add7b99091cb17082b0173cf0494f0768c2a5d48d__vs__5ed92f798c_47f9e20139a5b07aae344e6f0fcbb842f9e3ca5f2746ac23_redline_cde0f6e857,clean/docx/f809be38e3_526b9a2add7b99091cb17082b0173cf0494f0768c2a5d48d,tracking_without_comments/docx/5ed92f798c_47f9e20139a5b07aae344e6f0fcbb842f9e3ca5f2746ac23,tracking_without_comments/docx/f809be38e3_526b9a2add7b99091cb17082b0173cf0494f0768c2a5d48d__vs__5ed92f798c_47f9e20139a5b07aae344e6f0fcbb842f9e3ca5f2746ac23_redline_cde0f6e857.docx,tracking_without_comments/pdf/f809be38e3_526b9a2add7b99091cb17082b0173cf0494f0768c2a5d48d__vs__5ed92f798c_47f9e20139a5b07aae344e6f0fcbb842f9e3ca5f2746ac23_redline_cde0f6e857.pdf,tracking_without_comments,cde0f6e857,redlines_en_500
d09a2f8509_00b5aa69a6c33b2725953348488d62605dc209411d01f80a__vs__aa5340125d_00a4b0b91e9b5b072dc3771391c2d608518690eccf44eae8_redline_cf5502ea84,clean/docx/d09a2f8509_00b5aa69a6c33b2725953348488d62605dc209411d01f80a,clean/docx/aa5340125d_00a4b0b91e9b5b072dc3771391c2d608518690eccf44eae8,tracking_without_comments/docx/d09a2f8509_00b5aa69a6c33b2725953348488d62605dc209411d01f80a__vs__aa5340125d_00a4b0b91e9b5b072dc3771391c2d608518690eccf44eae8_redline_cf5502ea84.docx,tracking_without_comments/pdf/d09a2f8509_00b5aa69a6c33b2725953348488d62605dc209411d01f80a__vs__aa5340125d_00a4b0b91e9b5b072dc3771391c2d608518690eccf44eae8_redline_cf5502ea84.pdf,tracking_without_comments,cf5502ea84,redlines_a100_b10
350b1ae68d_009a28e68eaecf1c8b456f889410ff6d221b1d0cd42b0ccf__vs__260b98f6e8_009d432b6045c2a03c19d5019e9c7fc3a6cc23e485c61e6b_redline_d0e7a08bbd,clean/docx/350b1ae68d_009a28e68eaecf1c8b456f889410ff6d221b1d0cd42b0ccf,clean/docx/260b98f6e8_009d432b6045c2a03c19d5019e9c7fc3a6cc23e485c61e6b,tracking_without_comments/docx/350b1ae68d_009a28e68eaecf1c8b456f889410ff6d221b1d0cd42b0ccf__vs__260b98f6e8_009d432b6045c2a03c19d5019e9c7fc3a6cc23e485c61e6b_redline_d0e7a08bbd.docx,tracking_without_comments/pdf/350b1ae68d_009a28e68eaecf1c8b456f889410ff6d221b1d0cd42b0ccf__vs__260b98f6e8_009d432b6045c2a03c19d5019e9c7fc3a6cc23e485c61e6b_redline_d0e7a08bbd.pdf,tracking_without_comments,d0e7a08bbd,redlines_en_500
69bfcf9176_file_163__vs__9082a99ee8_file_164_redline_d1d56e8926,clean/docx/69bfcf9176_file_163,clean/docx/9082a99ee8_file_164,tracking_without_comments/docx/69bfcf9176_file_163__vs__9082a99ee8_file_164_redline_d1d56e8926.docx,tracking_without_comments/pdf/69bfcf9176_file_163__vs__9082a99ee8_file_164_redline_d1d56e8926.pdf,tracking_without_comments,d1d56e8926,word_based_randomized
45e6f5a2e1_00077bf334f45f6bc64fb5b73e579587002b3ccb55de03f8__vs__342f364d46_001342333d45627868f4dc5282abbba4598a91b4a7584b08_redline_d244fd1091,clean/docx/45e6f5a2e1_00077bf334f45f6bc64fb5b73e579587002b3ccb55de03f8,clean/docx/342f364d46_001342333d45627868f4dc5282abbba4598a91b4a7584b08,tracking_without_comments/docx/45e6f5a2e1_00077bf334f45f6bc64fb5b73e579587002b3ccb55de03f8__vs__342f364d46_001342333d45627868f4dc5282abbba4598a91b4a7584b08_redline_d244fd1091.docx,tracking_without_comments/pdf/45e6f5a2e1_00077bf334f45f6bc64fb5b73e579587002b3ccb55de03f8__vs__342f364d46_001342333d45627868f4dc5282abbba4598a91b4a7584b08_redline_d244fd1091.pdf,tracking_without_comments,d244fd1091,redlines_a100_b10
91440900a0_00189e19139f6e3031303e4152566a7bc08fab71a5c95895__vs__1424386e9b_017447de83753a0e3b7afc659df038ef56972925336c6a5b_redline_d35dccc87b,clean/docx/91440900a0_00189e19139f6e3031303e4152566a7bc08fab71a5c95895,clean/docx/1424386e9b_017447de83753a0e3b7afc659df038ef56972925336c6a5b,tracking_without_comments/docx/91440900a0_00189e19139f6e3031303e4152566a7bc08fab71a5c95895__vs__1424386e9b_017447de83753a0e3b7afc659df038ef56972925336c6a5b_redline_d35dccc87b.docx,tracking_without_comments/pdf/91440900a0_00189e19139f6e3031303e4152566a7bc08fab71a5c95895__vs__1424386e9b_017447de83753a0e3b7afc659df038ef56972925336c6a5b_redline_d35dccc87b.pdf,tracking_without_comments,d35dccc87b,redlines_a100_b10
f795b96ac4_behavior__math_delimiter_tests_c9d034dc__vs__22ccb1b200_super_editor__diff_after19_79c6b379_redline_d47a965ac5,clean/docx/f795b96ac4_behavior__math_delimiter_tests_c9d034dc,clean/docx/22ccb1b200_super_editor__diff_after19_79c6b379,tracking_without_comments/docx/f795b96ac4_behavior__math_delimiter_tests_c9d034dc__vs__22ccb1b200_super_editor__diff_after19_79c6b379_redline_d47a965ac5.docx,tracking_without_comments/pdf/f795b96ac4_behavior__math_delimiter_tests_c9d034dc__vs__22ccb1b200_super_editor__diff_after19_79c6b379_redline_d47a965ac5.pdf,tracking_without_comments,d47a965ac5,word_redlines_superdoc
52220b20c3_00a54bff7e15af78fe7cfc20219c28cb208fde807bd28d44__vs__342f364d46_001342333d45627868f4dc5282abbba4598a91b4a7584b08_redline_d525625b0d,clean/docx/52220b20c3_00a54bff7e15af78fe7cfc20219c28cb208fde807bd28d44,clean/docx/342f364d46_001342333d45627868f4dc5282abbba4598a91b4a7584b08,tracking_without_comments/docx/52220b20c3_00a54bff7e15af78fe7cfc20219c28cb208fde807bd28d44__vs__342f364d46_001342333d45627868f4dc5282abbba4598a91b4a7584b08_redline_d525625b0d.docx,tracking_without_comments/pdf/52220b20c3_00a54bff7e15af78fe7cfc20219c28cb208fde807bd28d44__vs__342f364d46_001342333d45627868f4dc5282abbba4598a91b4a7584b08_redline_d525625b0d.pdf,tracking_without_comments,d525625b0d,redlines_a100_b10
3446bb581b_center_alignment_demo_id_paraid_overflow_2__vs__8f0ef1c2a6_center_alignment_demo_id_paraid_overflow_redline_d6120ceba7,clean/docx/3446bb581b_center_alignment_demo_id_paraid_overflow_2,clean/docx/8f0ef1c2a6_center_alignment_demo_id_paraid_overflow,tracking_without_comments/docx/3446bb581b_center_alignment_demo_id_paraid_overflow_2__vs__8f0ef1c2a6_center_alignment_demo_id_paraid_overflow_redline_d6120ceba7.docx,tracking_without_comments/pdf/3446bb581b_center_alignment_demo_id_paraid_overflow_2__vs__8f0ef1c2a6_center_alignment_demo_id_paraid_overflow_redline_d6120ceba7.pdf,tracking_without_comments,d6120ceba7,nocomments
52220b20c3_00a54bff7e15af78fe7cfc20219c28cb208fde807bd28d44__vs__1424386e9b_017447de83753a0e3b7afc659df038ef56972925336c6a5b_redline_d6b6d403cc,clean/docx/52220b20c3_00a54bff7e15af78fe7cfc20219c28cb208fde807bd28d44,clean/docx/1424386e9b_017447de83753a0e3b7afc659df038ef56972925336c6a5b,tracking_without_comments/docx/52220b20c3_00a54bff7e15af78fe7cfc20219c28cb208fde807bd28d44__vs__1424386e9b_017447de83753a0e3b7afc659df038ef56972925336c6a5b_redline_d6b6d403cc.docx,tracking_without_comments/pdf/52220b20c3_00a54bff7e15af78fe7cfc20219c28cb208fde807bd28d44__vs__1424386e9b_017447de83753a0e3b7afc659df038ef56972925336c6a5b_redline_d6b6d403cc.pdf,tracking_without_comments,d6b6d403cc,redlines_a100_b10
a24b3782e4_super_editor__list_with_table_break_ff0c4c1f__vs__98bc895b4b_super_editor__listwithspacernodes_cf53e890_redline_d7c9740ae5,clean/docx/a24b3782e4_super_editor__list_with_table_break_ff0c4c1f,clean/docx/98bc895b4b_super_editor__listwithspacernodes_cf53e890,tracking_without_comments/docx/a24b3782e4_super_editor__list_with_table_break_ff0c4c1f__vs__98bc895b4b_super_editor__listwithspacernodes_cf53e890_redline_d7c9740ae5.docx,tracking_without_comments/pdf/a24b3782e4_super_editor__list_with_table_break_ff0c4c1f__vs__98bc895b4b_super_editor__listwithspacernodes_cf53e890_redline_d7c9740ae5.pdf,tracking_without_comments,d7c9740ae5,word_redlines_superdoc
da1c3af0e0_250744bec97b45c445cac252da1aa0372e31c1fc8ca3fdc3__vs__d556f5f45b_5dc0680e3d155bb0cecd3e5dfcfae46baafc12e2e6659a70_redline_d883adc484,clean/docx/da1c3af0e0_250744bec97b45c445cac252da1aa0372e31c1fc8ca3fdc3,clean/docx/d556f5f45b_5dc0680e3d155bb0cecd3e5dfcfae46baafc12e2e6659a70,tracking_without_comments/docx/da1c3af0e0_250744bec97b45c445cac252da1aa0372e31c1fc8ca3fdc3__vs__d556f5f45b_5dc0680e3d155bb0cecd3e5dfcfae46baafc12e2e6659a70_redline_d883adc484.docx,tracking_without_comments/pdf/da1c3af0e0_250744bec97b45c445cac252da1aa0372e31c1fc8ca3fdc3__vs__d556f5f45b_5dc0680e3d155bb0cecd3e5dfcfae46baafc12e2e6659a70_redline_d883adc484.pdf,tracking_without_comments,d883adc484,redlines_en_500
83a333cc92_e461ab99efeb64948a42e3a99bf4d599f3e6fd6e23458ca7__vs__5e7102b458_feab1b350117a11ded2c16f4945a515eec1015dd741c0405_redline_d9820eaee0,clean/docx/83a333cc92_e461ab99efeb64948a42e3a99bf4d599f3e6fd6e23458ca7,clean/docx/5e7102b458_feab1b350117a11ded2c16f4945a515eec1015dd741c0405,tracking_without_comments/docx/83a333cc92_e461ab99efeb64948a42e3a99bf4d599f3e6fd6e23458ca7__vs__5e7102b458_feab1b350117a11ded2c16f4945a515eec1015dd741c0405_redline_d9820eaee0.docx,tracking_without_comments/pdf/83a333cc92_e461ab99efeb64948a42e3a99bf4d599f3e6fd6e23458ca7__vs__5e7102b458_feab1b350117a11ded2c16f4945a515eec1015dd741c0405_redline_d9820eaee0.pdf,tracking_without_comments,d9820eaee0,redlines_en_500
2ad2fc5ab0_super_editor__diff_before10_2f84ca55__vs__84f5fb598b_super_editor__diff_before11_1b953eaf_redline_da86d0513e,clean/docx/2ad2fc5ab0_super_editor__diff_before10_2f84ca55,with_comments_tracking/docx/84f5fb598b_super_editor__diff_before11_1b953eaf,with_comments_tracking/docx/2ad2fc5ab0_super_editor__diff_before10_2f84ca55__vs__84f5fb598b_super_editor__diff_before11_1b953eaf_redline_da86d0513e.docx,with_comments_tracking/pdf/2ad2fc5ab0_super_editor__diff_before10_2f84ca55__vs__84f5fb598b_super_editor__diff_before11_1b953eaf_redline_da86d0513e.pdf,with_comments_tracking,da86d0513e,word_redlines_superdoc_0926
8a706e9ba8_87098dc38df4aa38725b2fe3224f12b8ad96894827edd678__vs__da322326ad_47d343d46e76cdd4208b85cbc55cb51b769c1c184d7e62f8_redline_db1fd3730e,clean/docx/8a706e9ba8_87098dc38df4aa38725b2fe3224f12b8ad96894827edd678,clean/docx/da322326ad_47d343d46e76cdd4208b85cbc55cb51b769c1c184d7e62f8,tracking_without_comments/docx/8a706e9ba8_87098dc38df4aa38725b2fe3224f12b8ad96894827edd678__vs__da322326ad_47d343d46e76cdd4208b85cbc55cb51b769c1c184d7e62f8_redline_db1fd3730e.docx,tracking_without_comments/pdf/8a706e9ba8_87098dc38df4aa38725b2fe3224f12b8ad96894827edd678__vs__da322326ad_47d343d46e76cdd4208b85cbc55cb51b769c1c184d7e62f8_redline_db1fd3730e.pdf,tracking_without_comments,db1fd3730e,redlines_en_500
c52c06ab28_superscript_demo_id_paraid_overflow__vs__3e8be91dbf_superscript_demo_style_default_missing_redline_dbfa3d789e,clean/docx/c52c06ab28_superscript_demo_id_paraid_overflow,clean/docx/3e8be91dbf_superscript_demo_style_default_missing,tracking_without_comments/docx/c52c06ab28_superscript_demo_id_paraid_overflow__vs__3e8be91dbf_superscript_demo_style_default_missing_redline_dbfa3d789e.docx,tracking_without_comments/pdf/c52c06ab28_superscript_demo_id_paraid_overflow__vs__3e8be91dbf_superscript_demo_style_default_missing_redline_dbfa3d789e.pdf,tracking_without_comments,dbfa3d789e,nocomments
aa58aada65_00160046fb2516a560a9681d7ae3e6f4659af57d19555d4e__vs__333bfe069a_003416d620331122b93b434dad901db5836f60d2cad4b533_redline_dd43ad9d3c,clean/docx/aa58aada65_00160046fb2516a560a9681d7ae3e6f4659af57d19555d4e,clean/docx/333bfe069a_003416d620331122b93b434dad901db5836f60d2cad4b533,tracking_without_comments/docx/aa58aada65_00160046fb2516a560a9681d7ae3e6f4659af57d19555d4e__vs__333bfe069a_003416d620331122b93b434dad901db5836f60d2cad4b533_redline_dd43ad9d3c.docx,tracking_without_comments/pdf/aa58aada65_00160046fb2516a560a9681d7ae3e6f4659af57d19555d4e__vs__333bfe069a_003416d620331122b93b434dad901db5836f60d2cad4b533_redline_dd43ad9d3c.pdf,tracking_without_comments,dd43ad9d3c,redlines_a100_b10
ce8491a639_845b0a2405a186d07d9148b63a3ce3f2e6f4a1591c73daa0__vs__92f6ee8aac_5f55a25569af55c69ae82bf96cb6d0b191d64e6d91117302_redline_de69b738f5,clean/docx/ce8491a639_845b0a2405a186d07d9148b63a3ce3f2e6f4a1591c73daa0,clean/docx/92f6ee8aac_5f55a25569af55c69ae82bf96cb6d0b191d64e6d91117302,tracking_without_comments/docx/ce8491a639_845b0a2405a186d07d9148b63a3ce3f2e6f4a1591c73daa0__vs__92f6ee8aac_5f55a25569af55c69ae82bf96cb6d0b191d64e6d91117302_redline_de69b738f5.docx,tracking_without_comments/pdf/ce8491a639_845b0a2405a186d07d9148b63a3ce3f2e6f4a1591c73daa0__vs__92f6ee8aac_5f55a25569af55c69ae82bf96cb6d0b191d64e6d91117302_redline_de69b738f5.pdf,tracking_without_comments,de69b738f5,redlines_en_500
531cf3d312_00ce789bc3226c2a68967cc29792927c80b7f55d9b5267ad__vs__5203829c7a_001cc92b88566d5f930fe57f25813c0bf52a7bdc72c217d0_redline_dfd967d329,clean/docx/531cf3d312_00ce789bc3226c2a68967cc29792927c80b7f55d9b5267ad,clean/docx/5203829c7a_001cc92b88566d5f930fe57f25813c0bf52a7bdc72c217d0,tracking_without_comments/docx/531cf3d312_00ce789bc3226c2a68967cc29792927c80b7f55d9b5267ad__vs__5203829c7a_001cc92b88566d5f930fe57f25813c0bf52a7bdc72c217d0_redline_dfd967d329.docx,tracking_without_comments/pdf/531cf3d312_00ce789bc3226c2a68967cc29792927c80b7f55d9b5267ad__vs__5203829c7a_001cc92b88566d5f930fe57f25813c0bf52a7bdc72c217d0_redline_dfd967d329.pdf,tracking_without_comments,dfd967d329,redlines_a100_b10
3ee2d0ceda_00026ef6a227eca724d9cd35f12e3065557a9ef0dc7ee295__vs__2e04202552_000e3e7bd2d6215fc7b469cc3e296c1b2a510bc1abc7e0fd_redline_e0cb8553a6,clean/docx/3ee2d0ceda_00026ef6a227eca724d9cd35f12e3065557a9ef0dc7ee295,clean/docx/2e04202552_000e3e7bd2d6215fc7b469cc3e296c1b2a510bc1abc7e0fd,tracking_without_comments/docx/3ee2d0ceda_00026ef6a227eca724d9cd35f12e3065557a9ef0dc7ee295__vs__2e04202552_000e3e7bd2d6215fc7b469cc3e296c1b2a510bc1abc7e0fd_redline_e0cb8553a6.docx,tracking_without_comments/pdf/3ee2d0ceda_00026ef6a227eca724d9cd35f12e3065557a9ef0dc7ee295__vs__2e04202552_000e3e7bd2d6215fc7b469cc3e296c1b2a510bc1abc7e0fd_redline_e0cb8553a6.pdf,tracking_without_comments,e0cb8553a6,redlines_a100_b10
2ca2d3ab7b_file_22__vs__da0d11d072_file_23_redline_e1a794efce,clean/docx/2ca2d3ab7b_file_22,clean/docx/da0d11d072_file_23,tracking_without_comments/docx/2ca2d3ab7b_file_22__vs__da0d11d072_file_23_redline_e1a794efce.docx,tracking_without_comments/pdf/2ca2d3ab7b_file_22__vs__da0d11d072_file_23_redline_e1a794efce.pdf,tracking_without_comments,e1a794efce,nocomments_randomized
531cf3d312_00ce789bc3226c2a68967cc29792927c80b7f55d9b5267ad__vs__a5f2b9318d_002aa60c2ae1187417b4b157c5ec6450324cc056ec551a12_redline_e271e070c2,clean/docx/531cf3d312_00ce789bc3226c2a68967cc29792927c80b7f55d9b5267ad,clean/docx/a5f2b9318d_002aa60c2ae1187417b4b157c5ec6450324cc056ec551a12,tracking_without_comments/docx/531cf3d312_00ce789bc3226c2a68967cc29792927c80b7f55d9b5267ad__vs__a5f2b9318d_002aa60c2ae1187417b4b157c5ec6450324cc056ec551a12_redline_e271e070c2.docx,tracking_without_comments/pdf/531cf3d312_00ce789bc3226c2a68967cc29792927c80b7f55d9b5267ad__vs__a5f2b9318d_002aa60c2ae1187417b4b157c5ec6450324cc056ec551a12_redline_e271e070c2.pdf,tracking_without_comments,e271e070c2,redlines_a100_b10
8d92ee6cb3_file_165__vs__fcde913d1d_file_166_redline_e3d57f2816,clean/docx/8d92ee6cb3_file_165,clean/docx/fcde913d1d_file_166,tracking_without_comments/docx/8d92ee6cb3_file_165__vs__fcde913d1d_file_166_redline_e3d57f2816.docx,tracking_without_comments/pdf/8d92ee6cb3_file_165__vs__fcde913d1d_file_166_redline_e3d57f2816.pdf,tracking_without_comments,e3d57f2816,nocomments_randomized
6867e05e76_00b0d42bbea3b9bac7bc95466cf416f6c89a8cda62bbf3d7__vs__333bfe069a_003416d620331122b93b434dad901db5836f60d2cad4b533_redline_e4caa53829,clean/docx/6867e05e76_00b0d42bbea3b9bac7bc95466cf416f6c89a8cda62bbf3d7,clean/docx/333bfe069a_003416d620331122b93b434dad901db5836f60d2cad4b533,tracking_without_comments/docx/6867e05e76_00b0d42bbea3b9bac7bc95466cf416f6c89a8cda62bbf3d7__vs__333bfe069a_003416d620331122b93b434dad901db5836f60d2cad4b533_redline_e4caa53829.docx,tracking_without_comments/pdf/6867e05e76_00b0d42bbea3b9bac7bc95466cf416f6c89a8cda62bbf3d7__vs__333bfe069a_003416d620331122b93b434dad901db5836f60d2cad4b533_redline_e4caa53829.pdf,tracking_without_comments,e4caa53829,redlines_a100_b10
dc0cc27640_00749d7a966661b332df84521285ab93426ed3a255523f39__vs__2e04202552_000e3e7bd2d6215fc7b469cc3e296c1b2a510bc1abc7e0fd_redline_e61238bd61,clean/docx/dc0cc27640_00749d7a966661b332df84521285ab93426ed3a255523f39,clean/docx/2e04202552_000e3e7bd2d6215fc7b469cc3e296c1b2a510bc1abc7e0fd,tracking_without_comments/docx/dc0cc27640_00749d7a966661b332df84521285ab93426ed3a255523f39__vs__2e04202552_000e3e7bd2d6215fc7b469cc3e296c1b2a510bc1abc7e0fd_redline_e61238bd61.docx,tracking_without_comments/pdf/dc0cc27640_00749d7a966661b332df84521285ab93426ed3a255523f39__vs__2e04202552_000e3e7bd2d6215fc7b469cc3e296c1b2a510bc1abc7e0fd_redline_e61238bd61.pdf,tracking_without_comments,e61238bd61,redlines_a100_b10
6dff70fa73_005df9de4a11e9d5e0809079fe33b4783538a96e645d8b42__vs__1424386e9b_017447de83753a0e3b7afc659df038ef56972925336c6a5b_redline_e7880d69e4,clean/docx/6dff70fa73_005df9de4a11e9d5e0809079fe33b4783538a96e645d8b42,clean/docx/1424386e9b_017447de83753a0e3b7afc659df038ef56972925336c6a5b,tracking_without_comments/docx/6dff70fa73_005df9de4a11e9d5e0809079fe33b4783538a96e645d8b42__vs__1424386e9b_017447de83753a0e3b7afc659df038ef56972925336c6a5b_redline_e7880d69e4.docx,tracking_without_comments/pdf/6dff70fa73_005df9de4a11e9d5e0809079fe33b4783538a96e645d8b42__vs__1424386e9b_017447de83753a0e3b7afc659df038ef56972925336c6a5b_redline_e7880d69e4.pdf,tracking_without_comments,e7880d69e4,redlines_a100_b10
cc5f989c56_0090ba7896cba5f43500e77e151ddab12f16b20e3ddf5822__vs__5203829c7a_001cc92b88566d5f930fe57f25813c0bf52a7bdc72c217d0_redline_e86eac55d3,clean/docx/cc5f989c56_0090ba7896cba5f43500e77e151ddab12f16b20e3ddf5822,clean/docx/5203829c7a_001cc92b88566d5f930fe57f25813c0bf52a7bdc72c217d0,tracking_without_comments/docx/cc5f989c56_0090ba7896cba5f43500e77e151ddab12f16b20e3ddf5822__vs__5203829c7a_001cc92b88566d5f930fe57f25813c0bf52a7bdc72c217d0_redline_e86eac55d3.docx,tracking_without_comments/pdf/cc5f989c56_0090ba7896cba5f43500e77e151ddab12f16b20e3ddf5822__vs__5203829c7a_001cc92b88566d5f930fe57f25813c0bf52a7bdc72c217d0_redline_e86eac55d3.pdf,tracking_without_comments,e86eac55d3,redlines_a100_b10
ee7b597379_e1de10f3f4dde77b257e02a9bc77069e526976ce36a540ca__vs__3b4a5ba94c_f6d29022fede26a74cdf5ffea716a6251d5f0d5e3cee398f_redline_e91ecb9efa,clean/docx/ee7b597379_e1de10f3f4dde77b257e02a9bc77069e526976ce36a540ca,clean/docx/3b4a5ba94c_f6d29022fede26a74cdf5ffea716a6251d5f0d5e3cee398f,tracking_without_comments/docx/ee7b597379_e1de10f3f4dde77b257e02a9bc77069e526976ce36a540ca__vs__3b4a5ba94c_f6d29022fede26a74cdf5ffea716a6251d5f0d5e3cee398f_redline_e91ecb9efa.docx,tracking_without_comments/pdf/ee7b597379_e1de10f3f4dde77b257e02a9bc77069e526976ce36a540ca__vs__3b4a5ba94c_f6d29022fede26a74cdf5ffea716a6251d5f0d5e3cee398f_redline_e91ecb9efa.pdf,tracking_without_comments,e91ecb9efa,redlines_en_500
7160d2524e_e5f4d4edc9b0c161ce740a3c9c62279306369d710e0439bd__vs__6d510ca476_e18e70bc499a81e13497ff9a2f509657b18b7b27da9aa4c6_redline_e9de5be772,clean/docx/7160d2524e_e5f4d4edc9b0c161ce740a3c9c62279306369d710e0439bd,clean/docx/6d510ca476_e18e70bc499a81e13497ff9a2f509657b18b7b27da9aa4c6,tracking_without_comments/docx/7160d2524e_e5f4d4edc9b0c161ce740a3c9c62279306369d710e0439bd__vs__6d510ca476_e18e70bc499a81e13497ff9a2f509657b18b7b27da9aa4c6_redline_e9de5be772.docx,tracking_without_comments/pdf/7160d2524e_e5f4d4edc9b0c161ce740a3c9c62279306369d710e0439bd__vs__6d510ca476_e18e70bc499a81e13497ff9a2f509657b18b7b27da9aa4c6_redline_e9de5be772.pdf,tracking_without_comments,e9de5be772,redlines_en_500
25140a5f8e_602c1bce3ca4c37bd8dc4e3ef054f6008b4bf9e3059b3818__vs__aed957ae85_49d091a7168950a5dd1ad30e44d1105448ad660469450baa_redline_eaa64a6751,clean/docx/25140a5f8e_602c1bce3ca4c37bd8dc4e3ef054f6008b4bf9e3059b3818,clean/docx/aed957ae85_49d091a7168950a5dd1ad30e44d1105448ad660469450baa,tracking_without_comments/docx/25140a5f8e_602c1bce3ca4c37bd8dc4e3ef054f6008b4bf9e3059b3818__vs__aed957ae85_49d091a7168950a5dd1ad30e44d1105448ad660469450baa_redline_eaa64a6751.docx,tracking_without_comments/pdf/25140a5f8e_602c1bce3ca4c37bd8dc4e3ef054f6008b4bf9e3059b3818__vs__aed957ae85_49d091a7168950a5dd1ad30e44d1105448ad660469450baa_redline_eaa64a6751.pdf,tracking_without_comments,eaa64a6751,redlines_en_500
0048ba31dd_000be19a055234f8e79ec0baadc41d2a49050b2ea0a60654__vs__deff0e697a_00b5defcad6e58038eac35472a2d48c89905068e5ece0cc3_redline_eb94542086,clean/docx/0048ba31dd_000be19a055234f8e79ec0baadc41d2a49050b2ea0a60654,clean/docx/deff0e697a_00b5defcad6e58038eac35472a2d48c89905068e5ece0cc3,tracking_without_comments/docx/0048ba31dd_000be19a055234f8e79ec0baadc41d2a49050b2ea0a60654__vs__deff0e697a_00b5defcad6e58038eac35472a2d48c89905068e5ece0cc3_redline_eb94542086.docx,tracking_without_comments/pdf/0048ba31dd_000be19a055234f8e79ec0baadc41d2a49050b2ea0a60654__vs__deff0e697a_00b5defcad6e58038eac35472a2d48c89905068e5ece0cc3_redline_eb94542086.pdf,tracking_without_comments,eb94542086,redlines_a100_b10
a5eb266a1f_016236e3bf778292b45976ecd4a34b45d02104f47db7a3ca__vs__1424386e9b_017447de83753a0e3b7afc659df038ef56972925336c6a5b_redline_eca414fecf,clean/docx/a5eb266a1f_016236e3bf778292b45976ecd4a34b45d02104f47db7a3ca,clean/docx/1424386e9b_017447de83753a0e3b7afc659df038ef56972925336c6a5b,tracking_without_comments/docx/a5eb266a1f_016236e3bf778292b45976ecd4a34b45d02104f47db7a3ca__vs__1424386e9b_017447de83753a0e3b7afc659df038ef56972925336c6a5b_redline_eca414fecf.docx,tracking_without_comments/pdf/a5eb266a1f_016236e3bf778292b45976ecd4a34b45d02104f47db7a3ca__vs__1424386e9b_017447de83753a0e3b7afc659df038ef56972925336c6a5b_redline_eca414fecf.pdf,tracking_without_comments,eca414fecf,redlines_a100_b10
bee1069c5b_c83bfb0cff93a289a1f0e3ff8b3067d09c01245ad3559c41__vs__01dfe66768_1bade0e39666c3752f1c11379135dafe4307510fe1d29de8_redline_ecea12416c,clean/docx/bee1069c5b_c83bfb0cff93a289a1f0e3ff8b3067d09c01245ad3559c41,clean/docx/01dfe66768_1bade0e39666c3752f1c11379135dafe4307510fe1d29de8,tracking_without_comments/docx/bee1069c5b_c83bfb0cff93a289a1f0e3ff8b3067d09c01245ad3559c41__vs__01dfe66768_1bade0e39666c3752f1c11379135dafe4307510fe1d29de8_redline_ecea12416c.docx,tracking_without_comments/pdf/bee1069c5b_c83bfb0cff93a289a1f0e3ff8b3067d09c01245ad3559c41__vs__01dfe66768_1bade0e39666c3752f1c11379135dafe4307510fe1d29de8_redline_ecea12416c.pdf,tracking_without_comments,ecea12416c,redlines_en_500
dabf50d5d5_0071cf0910cc71fed86712d86afe96a45cf5c937af9aa006__vs__deff0e697a_00b5defcad6e58038eac35472a2d48c89905068e5ece0cc3_redline_ee62e16f5f,clean/docx/dabf50d5d5_0071cf0910cc71fed86712d86afe96a45cf5c937af9aa006,clean/docx/deff0e697a_00b5defcad6e58038eac35472a2d48c89905068e5ece0cc3,tracking_without_comments/docx/dabf50d5d5_0071cf0910cc71fed86712d86afe96a45cf5c937af9aa006__vs__deff0e697a_00b5defcad6e58038eac35472a2d48c89905068e5ece0cc3_redline_ee62e16f5f.docx,tracking_without_comments/pdf/dabf50d5d5_0071cf0910cc71fed86712d86afe96a45cf5c937af9aa006__vs__deff0e697a_00b5defcad6e58038eac35472a2d48c89905068e5ece0cc3_redline_ee62e16f5f.pdf,tracking_without_comments,ee62e16f5f,redlines_a100_b10
95992a5523_file_30__vs__999ebe4556_file_31_redline_ef0345a473,clean/docx/95992a5523_file_30,clean/docx/999ebe4556_file_31,tracking_without_comments/docx/95992a5523_file_30__vs__999ebe4556_file_31_redline_ef0345a473.docx,tracking_without_comments/pdf/95992a5523_file_30__vs__999ebe4556_file_31_redline_ef0345a473.pdf,tracking_without_comments,ef0345a473,nocomments_randomized
0bbf11cf21_5a6c9a5cc654191fa574f474976ebfbfd60a2299dfb96ebe__vs__d825254fce_048c597c1da833b932c73e97755f2f8e8113d83aecd1f13e_redline_ef51261c54,clean/docx/0bbf11cf21_5a6c9a5cc654191fa574f474976ebfbfd60a2299dfb96ebe,clean/docx/d825254fce_048c597c1da833b932c73e97755f2f8e8113d83aecd1f13e,tracking_without_comments/docx/0bbf11cf21_5a6c9a5cc654191fa574f474976ebfbfd60a2299dfb96ebe__vs__d825254fce_048c597c1da833b932c73e97755f2f8e8113d83aecd1f13e_redline_ef51261c54.docx,tracking_without_comments/pdf/0bbf11cf21_5a6c9a5cc654191fa574f474976ebfbfd60a2299dfb96ebe__vs__d825254fce_048c597c1da833b932c73e97755f2f8e8113d83aecd1f13e_redline_ef51261c54.pdf,tracking_without_comments,ef51261c54,redlines_en_500
81f7cad226_009fa3f6b717df4d0e9371d67f305110d5096bc9178134b0__vs__aa5340125d_00a4b0b91e9b5b072dc3771391c2d608518690eccf44eae8_redline_efc01e33db,clean/docx/81f7cad226_009fa3f6b717df4d0e9371d67f305110d5096bc9178134b0,clean/docx/aa5340125d_00a4b0b91e9b5b072dc3771391c2d608518690eccf44eae8,tracking_without_comments/docx/81f7cad226_009fa3f6b717df4d0e9371d67f305110d5096bc9178134b0__vs__aa5340125d_00a4b0b91e9b5b072dc3771391c2d608518690eccf44eae8_redline_efc01e33db.docx,tracking_without_comments/pdf/81f7cad226_009fa3f6b717df4d0e9371d67f305110d5096bc9178134b0__vs__aa5340125d_00a4b0b91e9b5b072dc3771391c2d608518690eccf44eae8_redline_efc01e33db.pdf,tracking_without_comments,efc01e33db,redlines_a100_b10
60640bbf85_meeting_minutes_suggesting_insertions__vs__41f0a98a46_numbered_list_demo_id_paraid_overflow_redline_f0bf52cf21,tracking_without_comments/docx/60640bbf85_meeting_minutes_suggesting_insertions,clean/docx/41f0a98a46_numbered_list_demo_id_paraid_overflow,tracking_without_comments/docx/60640bbf85_meeting_minutes_suggesting_insertions__vs__41f0a98a46_numbered_list_demo_id_paraid_overflow_redline_f0bf52cf21.docx,tracking_without_comments/pdf/60640bbf85_meeting_minutes_suggesting_insertions__vs__41f0a98a46_numbered_list_demo_id_paraid_overflow_redline_f0bf52cf21.pdf,tracking_without_comments,f0bf52cf21,nocomments
d6229441a5_0022208cff905cd74261067032c22afa148e0f63496c7f66__vs__2e04202552_000e3e7bd2d6215fc7b469cc3e296c1b2a510bc1abc7e0fd_redline_f195c279be,clean/docx/d6229441a5_0022208cff905cd74261067032c22afa148e0f63496c7f66,clean/docx/2e04202552_000e3e7bd2d6215fc7b469cc3e296c1b2a510bc1abc7e0fd,tracking_without_comments/docx/d6229441a5_0022208cff905cd74261067032c22afa148e0f63496c7f66__vs__2e04202552_000e3e7bd2d6215fc7b469cc3e296c1b2a510bc1abc7e0fd_redline_f195c279be.docx,tracking_without_comments/pdf/d6229441a5_0022208cff905cd74261067032c22afa148e0f63496c7f66__vs__2e04202552_000e3e7bd2d6215fc7b469cc3e296c1b2a510bc1abc7e0fd_redline_f195c279be.pdf,tracking_without_comments,f195c279be,redlines_a100_b10
cc901c34fc_004028ecdee3787e97aed9dafb5feb104b20ab5540af6e39__vs__342f364d46_001342333d45627868f4dc5282abbba4598a91b4a7584b08_redline_f26f0db15f,clean/docx/cc901c34fc_004028ecdee3787e97aed9dafb5feb104b20ab5540af6e39,clean/docx/342f364d46_001342333d45627868f4dc5282abbba4598a91b4a7584b08,tracking_without_comments/docx/cc901c34fc_004028ecdee3787e97aed9dafb5feb104b20ab5540af6e39__vs__342f364d46_001342333d45627868f4dc5282abbba4598a91b4a7584b08_redline_f26f0db15f.docx,tracking_without_comments/pdf/cc901c34fc_004028ecdee3787e97aed9dafb5feb104b20ab5540af6e39__vs__342f364d46_001342333d45627868f4dc5282abbba4598a91b4a7584b08_redline_f26f0db15f.pdf,tracking_without_comments,f26f0db15f,redlines_a100_b10
cb4f8b4a43_a705aeb161204d5047c4d61ed25600bc39f07a24761c4b8c__vs__f162fdb95f_b0347bad5793fe02b5d275a7d8e8620d44028811971b0f6d_redline_f3f426dc89,clean/docx/cb4f8b4a43_a705aeb161204d5047c4d61ed25600bc39f07a24761c4b8c,clean/docx/f162fdb95f_b0347bad5793fe02b5d275a7d8e8620d44028811971b0f6d,tracking_without_comments/docx/cb4f8b4a43_a705aeb161204d5047c4d61ed25600bc39f07a24761c4b8c__vs__f162fdb95f_b0347bad5793fe02b5d275a7d8e8620d44028811971b0f6d_redline_f3f426dc89.docx,tracking_without_comments/pdf/cb4f8b4a43_a705aeb161204d5047c4d61ed25600bc39f07a24761c4b8c__vs__f162fdb95f_b0347bad5793fe02b5d275a7d8e8620d44028811971b0f6d_redline_f3f426dc89.pdf,tracking_without_comments,f3f426dc89,redlines_en_500
268e8dc123_dc200f20c1e3dd27eac9a2d1f169b174b2da75ccd8dcfde8__vs__e301ee7e04_eed403fd0cd4aeef5b0d7694bab8cf5e2817d9b1a936dee6_redline_f4c6150dbe,clean/docx/268e8dc123_dc200f20c1e3dd27eac9a2d1f169b174b2da75ccd8dcfde8,clean/docx/e301ee7e04_eed403fd0cd4aeef5b0d7694bab8cf5e2817d9b1a936dee6,tracking_without_comments/docx/268e8dc123_dc200f20c1e3dd27eac9a2d1f169b174b2da75ccd8dcfde8__vs__e301ee7e04_eed403fd0cd4aeef5b0d7694bab8cf5e2817d9b1a936dee6_redline_f4c6150dbe.docx,tracking_without_comments/pdf/268e8dc123_dc200f20c1e3dd27eac9a2d1f169b174b2da75ccd8dcfde8__vs__e301ee7e04_eed403fd0cd4aeef5b0d7694bab8cf5e2817d9b1a936dee6_redline_f4c6150dbe.pdf,tracking_without_comments,f4c6150dbe,redlines_en_500
0e6f813e69_00d2ca27359f3d1d5ee2c2904b48a3e4717faf7fdf6413f6__vs__a5f2b9318d_002aa60c2ae1187417b4b157c5ec6450324cc056ec551a12_redline_f5a297b6a7,clean/docx/0e6f813e69_00d2ca27359f3d1d5ee2c2904b48a3e4717faf7fdf6413f6,clean/docx/a5f2b9318d_002aa60c2ae1187417b4b157c5ec6450324cc056ec551a12,tracking_without_comments/docx/0e6f813e69_00d2ca27359f3d1d5ee2c2904b48a3e4717faf7fdf6413f6__vs__a5f2b9318d_002aa60c2ae1187417b4b157c5ec6450324cc056ec551a12_redline_f5a297b6a7.docx,tracking_without_comments/pdf/0e6f813e69_00d2ca27359f3d1d5ee2c2904b48a3e4717faf7fdf6413f6__vs__a5f2b9318d_002aa60c2ae1187417b4b157c5ec6450324cc056ec551a12_redline_f5a297b6a7.pdf,tracking_without_comments,f5a297b6a7,redlines_a100_b10
83799a0610_00bced7d0ce7770362c5b667b5e92abefcbfcf5315a2bbf6__vs__a5f2b9318d_002aa60c2ae1187417b4b157c5ec6450324cc056ec551a12_redline_f6b05b226e,clean/docx/83799a0610_00bced7d0ce7770362c5b667b5e92abefcbfcf5315a2bbf6,clean/docx/a5f2b9318d_002aa60c2ae1187417b4b157c5ec6450324cc056ec551a12,tracking_without_comments/docx/83799a0610_00bced7d0ce7770362c5b667b5e92abefcbfcf5315a2bbf6__vs__a5f2b9318d_002aa60c2ae1187417b4b157c5ec6450324cc056ec551a12_redline_f6b05b226e.docx,tracking_without_comments/pdf/83799a0610_00bced7d0ce7770362c5b667b5e92abefcbfcf5315a2bbf6__vs__a5f2b9318d_002aa60c2ae1187417b4b157c5ec6450324cc056ec551a12_redline_f6b05b226e.pdf,tracking_without_comments,f6b05b226e,redlines_a100_b10
4db02133f5_0007ed60dbbc648e714534360ae72dd054c8322b82ac5609__vs__bd3824dd1e_000ee64ef7226d353297888f59a251e24ce5d776fea000fa_redline_f7b0b075cd,clean/docx/4db02133f5_0007ed60dbbc648e714534360ae72dd054c8322b82ac5609,clean/docx/bd3824dd1e_000ee64ef7226d353297888f59a251e24ce5d776fea000fa,tracking_without_comments/docx/4db02133f5_0007ed60dbbc648e714534360ae72dd054c8322b82ac5609__vs__bd3824dd1e_000ee64ef7226d353297888f59a251e24ce5d776fea000fa_redline_f7b0b075cd.docx,tracking_without_comments/pdf/4db02133f5_0007ed60dbbc648e714534360ae72dd054c8322b82ac5609__vs__bd3824dd1e_000ee64ef7226d353297888f59a251e24ce5d776fea000fa_redline_f7b0b075cd.pdf,tracking_without_comments,f7b0b075cd,redlines_a100_b10
76a40d9ffd_000e618d79bf03ff1783da81e6c34b7ad651896dd56e75a4__vs__2e04202552_000e3e7bd2d6215fc7b469cc3e296c1b2a510bc1abc7e0fd_redline_f864a7a355,clean/docx/76a40d9ffd_000e618d79bf03ff1783da81e6c34b7ad651896dd56e75a4,clean/docx/2e04202552_000e3e7bd2d6215fc7b469cc3e296c1b2a510bc1abc7e0fd,tracking_without_comments/docx/76a40d9ffd_000e618d79bf03ff1783da81e6c34b7ad651896dd56e75a4__vs__2e04202552_000e3e7bd2d6215fc7b469cc3e296c1b2a510bc1abc7e0fd_redline_f864a7a355.docx,tracking_without_comments/pdf/76a40d9ffd_000e618d79bf03ff1783da81e6c34b7ad651896dd56e75a4__vs__2e04202552_000e3e7bd2d6215fc7b469cc3e296c1b2a510bc1abc7e0fd_redline_f864a7a355.pdf,tracking_without_comments,f864a7a355,redlines_a100_b10
689a94ab75_1e931250b22dd86d72205c8a17e760be2df32181eb95631e__vs__652aef6635_a719122080a418927a7056741f57b5e84ee1879adb4d9dda_redline_f90c5ec9b7,clean/docx/689a94ab75_1e931250b22dd86d72205c8a17e760be2df32181eb95631e,clean/docx/652aef6635_a719122080a418927a7056741f57b5e84ee1879adb4d9dda,tracking_without_comments/docx/689a94ab75_1e931250b22dd86d72205c8a17e760be2df32181eb95631e__vs__652aef6635_a719122080a418927a7056741f57b5e84ee1879adb4d9dda_redline_f90c5ec9b7.docx,tracking_without_comments/pdf/689a94ab75_1e931250b22dd86d72205c8a17e760be2df32181eb95631e__vs__652aef6635_a719122080a418927a7056741f57b5e84ee1879adb4d9dda_redline_f90c5ec9b7.pdf,tracking_without_comments,f90c5ec9b7,redlines_en_500
8e2e05e1b0_43b1c560156f5b822a73228388d117c26882017798ddf256__vs__fdd39e6d42_22d2cba351c54488feeec2853026b75fef94f475d1ffc22d_redline_fb356fdbcd,clean/docx/8e2e05e1b0_43b1c560156f5b822a73228388d117c26882017798ddf256,clean/docx/fdd39e6d42_22d2cba351c54488feeec2853026b75fef94f475d1ffc22d,tracking_without_comments/docx/8e2e05e1b0_43b1c560156f5b822a73228388d117c26882017798ddf256__vs__fdd39e6d42_22d2cba351c54488feeec2853026b75fef94f475d1ffc22d_redline_fb356fdbcd.docx,tracking_without_comments/pdf/8e2e05e1b0_43b1c560156f5b822a73228388d117c26882017798ddf256__vs__fdd39e6d42_22d2cba351c54488feeec2853026b75fef94f475d1ffc22d_redline_fb356fdbcd.pdf,tracking_without_comments,fb356fdbcd,redlines_en_500
f43f6ef305_002042b8a23533ba746bf4eaf56b5e62642cc111f5f5fcff__vs__bd3824dd1e_000ee64ef7226d353297888f59a251e24ce5d776fea000fa_redline_fd2201fe85,clean/docx/f43f6ef305_002042b8a23533ba746bf4eaf56b5e62642cc111f5f5fcff,clean/docx/bd3824dd1e_000ee64ef7226d353297888f59a251e24ce5d776fea000fa,tracking_without_comments/docx/f43f6ef305_002042b8a23533ba746bf4eaf56b5e62642cc111f5f5fcff__vs__bd3824dd1e_000ee64ef7226d353297888f59a251e24ce5d776fea000fa_redline_fd2201fe85.docx,tracking_without_comments/pdf/f43f6ef305_002042b8a23533ba746bf4eaf56b5e62642cc111f5f5fcff__vs__bd3824dd1e_000ee64ef7226d353297888f59a251e24ce5d776fea000fa_redline_fd2201fe85.pdf,tracking_without_comments,fd2201fe85,redlines_a100_b10
899ef4306e_0017891576e438292c35db3155e97d16ec0d68144e21bfc3__vs__bd3824dd1e_000ee64ef7226d353297888f59a251e24ce5d776fea000fa_redline_fe0cad096f,clean/docx/899ef4306e_0017891576e438292c35db3155e97d16ec0d68144e21bfc3,clean/docx/bd3824dd1e_000ee64ef7226d353297888f59a251e24ce5d776fea000fa,tracking_without_comments/docx/899ef4306e_0017891576e438292c35db3155e97d16ec0d68144e21bfc3__vs__bd3824dd1e_000ee64ef7226d353297888f59a251e24ce5d776fea000fa_redline_fe0cad096f.docx,tracking_without_comments/pdf/899ef4306e_0017891576e438292c35db3155e97d16ec0d68144e21bfc3__vs__bd3824dd1e_000ee64ef7226d353297888f59a251e24ce5d776fea000fa_redline_fe0cad096f.pdf,tracking_without_comments,fe0cad096f,redlines_a100_b10
a1899173ff_cb24cea07ba59800a7dfa80de9f384885bf6e1c1b0aa967d__vs__c934a90fba_ceb60fdd4393406b78e51cb3aae7fde107a93a9e5eb97197_redline_fedc2c0ba6,clean/docx/a1899173ff_cb24cea07ba59800a7dfa80de9f384885bf6e1c1b0aa967d,clean/docx/c934a90fba_ceb60fdd4393406b78e51cb3aae7fde107a93a9e5eb97197,tracking_without_comments/docx/a1899173ff_cb24cea07ba59800a7dfa80de9f384885bf6e1c1b0aa967d__vs__c934a90fba_ceb60fdd4393406b78e51cb3aae7fde107a93a9e5eb97197_redline_fedc2c0ba6.docx,tracking_without_comments/pdf/a1899173ff_cb24cea07ba59800a7dfa80de9f384885bf6e1c1b0aa967d__vs__c934a90fba_ceb60fdd4393406b78e51cb3aae7fde107a93a9e5eb97197_redline_fedc2c0ba6.pdf,tracking_without_comments,fedc2c0ba6,redlines_en_500
193054264a_127a38d92f96a2a732d0f22d6eaad012191ba6d7525d619a__vs__0a3a0c1a32_36c6d281d1ea6bbef531f8c4ac6f8a3089348db8d85da6c6_redline_ff806d3b39,clean/docx/193054264a_127a38d92f96a2a732d0f22d6eaad012191ba6d7525d619a,clean/docx/0a3a0c1a32_36c6d281d1ea6bbef531f8c4ac6f8a3089348db8d85da6c6,tracking_without_comments/docx/193054264a_127a38d92f96a2a732d0f22d6eaad012191ba6d7525d619a__vs__0a3a0c1a32_36c6d281d1ea6bbef531f8c4ac6f8a3089348db8d85da6c6_redline_ff806d3b39.docx,tracking_without_comments/pdf/193054264a_127a38d92f96a2a732d0f22d6eaad012191ba6d7525d619a__vs__0a3a0c1a32_36c6d281d1ea6bbef531f8c4ac6f8a3089348db8d85da6c6_redline_ff806d3b39.pdf,tracking_without_comments,ff806d3b39,redlines_en_500
