key,base,next,docx,pdf,state,id,sets
491a257507_blue_bold_centered_demo_id_paraid_overflow__vs__da68abdf72_blue_centered_title_demo_style_default_missing_redline_0064a5a309,clean/docx/491a257507_blue_bold_centered_demo_id_paraid_overflow,clean/docx/da68abdf72_blue_centered_title_demo_style_default_missing,tracking_without_comments/docx/491a257507_blue_bold_centered_demo_id_paraid_overflow__vs__da68abdf72_blue_centered_title_demo_style_default_missing_redline_0064a5a309.docx,tracking_without_comments/pdf/491a257507_blue_bold_centered_demo_id_paraid_overflow__vs__da68abdf72_blue_centered_title_demo_style_default_missing_redline_0064a5a309.pdf,tracking_without_comments,0064a5a309,word_based_0926
b6dd0b6ae8_015a4f5a16a110026418c0a7f5eefa69ce6d5f9bcfc2d955__vs__1424386e9b_017447de83753a0e3b7afc659df038ef56972925336c6a5b_redline_01a43df57c,clean/docx/b6dd0b6ae8_015a4f5a16a110026418c0a7f5eefa69ce6d5f9bcfc2d955,clean/docx/1424386e9b_017447de83753a0e3b7afc659df038ef56972925336c6a5b,tracking_without_comments/docx/b6dd0b6ae8_015a4f5a16a110026418c0a7f5eefa69ce6d5f9bcfc2d955__vs__1424386e9b_017447de83753a0e3b7afc659df038ef56972925336c6a5b_redline_01a43df57c.docx,tracking_without_comments/pdf/b6dd0b6ae8_015a4f5a16a110026418c0a7f5eefa69ce6d5f9bcfc2d955__vs__1424386e9b_017447de83753a0e3b7afc659df038ef56972925336c6a5b_redline_01a43df57c.pdf,tracking_without_comments,01a43df57c,redlines_a100_b10
a24b3782e4_super_editor__list_with_table_break_ff0c4c1f__vs__18b8dd8ea3_behavior__sd_2672_plain_3x3_87943d5d_redline_022de5dc91,clean/docx/a24b3782e4_super_editor__list_with_table_break_ff0c4c1f,clean/docx/18b8dd8ea3_behavior__sd_2672_plain_3x3_87943d5d,tracking_without_comments/docx/a24b3782e4_super_editor__list_with_table_break_ff0c4c1f__vs__18b8dd8ea3_behavior__sd_2672_plain_3x3_87943d5d_redline_022de5dc91.docx,tracking_without_comments/pdf/a24b3782e4_super_editor__list_with_table_break_ff0c4c1f__vs__18b8dd8ea3_behavior__sd_2672_plain_3x3_87943d5d_redline_022de5dc91.pdf,tracking_without_comments,022de5dc91,word_redlines_superdoc
0b5f1f7cad_003ca0a88e8358b347e771feb6970ff773753fad85416364__vs__deff0e697a_00b5defcad6e58038eac35472a2d48c89905068e5ece0cc3_redline_02f4fccc04,clean/docx/0b5f1f7cad_003ca0a88e8358b347e771feb6970ff773753fad85416364,clean/docx/deff0e697a_00b5defcad6e58038eac35472a2d48c89905068e5ece0cc3,tracking_without_comments/docx/0b5f1f7cad_003ca0a88e8358b347e771feb6970ff773753fad85416364__vs__deff0e697a_00b5defcad6e58038eac35472a2d48c89905068e5ece0cc3_redline_02f4fccc04.docx,tracking_without_comments/pdf/0b5f1f7cad_003ca0a88e8358b347e771feb6970ff773753fad85416364__vs__deff0e697a_00b5defcad6e58038eac35472a2d48c89905068e5ece0cc3_redline_02f4fccc04.pdf,tracking_without_comments,02f4fccc04,redlines_a100_b10
d8f8e09b6e_file_125__vs__1ea717ddd6_file_126_redline_0389c885c1,clean/docx/d8f8e09b6e_file_125,clean/docx/1ea717ddd6_file_126,tracking_without_comments/docx/d8f8e09b6e_file_125__vs__1ea717ddd6_file_126_redline_0389c885c1.docx,tracking_without_comments/pdf/d8f8e09b6e_file_125__vs__1ea717ddd6_file_126_redline_0389c885c1.pdf,tracking_without_comments,0389c885c1,word_based_randomized
3c1e5d4d00_00b540ddc1a1fef3ab9acae5b93ca90e9fcef840e25d53cd__vs__a5f2b9318d_002aa60c2ae1187417b4b157c5ec6450324cc056ec551a12_redline_040c9b0381,clean/docx/3c1e5d4d00_00b540ddc1a1fef3ab9acae5b93ca90e9fcef840e25d53cd,clean/docx/a5f2b9318d_002aa60c2ae1187417b4b157c5ec6450324cc056ec551a12,tracking_without_comments/docx/3c1e5d4d00_00b540ddc1a1fef3ab9acae5b93ca90e9fcef840e25d53cd__vs__a5f2b9318d_002aa60c2ae1187417b4b157c5ec6450324cc056ec551a12_redline_040c9b0381.docx,tracking_without_comments/pdf/3c1e5d4d00_00b540ddc1a1fef3ab9acae5b93ca90e9fcef840e25d53cd__vs__a5f2b9318d_002aa60c2ae1187417b4b157c5ec6450324cc056ec551a12_redline_040c9b0381.pdf,tracking_without_comments,040c9b0381,redlines_a100_b10
edfaa23563_file_181__vs__0728d64a65_file_182_redline_04dbb28f62,clean/docx/edfaa23563_file_181,tracking_without_comments/docx/0728d64a65_file_182,tracking_without_comments/docx/edfaa23563_file_181__vs__0728d64a65_file_182_redline_04dbb28f62.docx,tracking_without_comments/pdf/edfaa23563_file_181__vs__0728d64a65_file_182_redline_04dbb28f62.pdf,tracking_without_comments,04dbb28f62,word_based_randomized
28edf41599_f7d1fb34700e0a929ebd0d75afa681a05584faaa13e059fa__vs__30731b76ac_edbbb194342aa8f4533e356b28cceba2f0631c4b718f7700_redline_05b6ec9d10,clean/docx/28edf41599_f7d1fb34700e0a929ebd0d75afa681a05584faaa13e059fa,clean/docx/30731b76ac_edbbb194342aa8f4533e356b28cceba2f0631c4b718f7700,tracking_without_comments/docx/28edf41599_f7d1fb34700e0a929ebd0d75afa681a05584faaa13e059fa__vs__30731b76ac_edbbb194342aa8f4533e356b28cceba2f0631c4b718f7700_redline_05b6ec9d10.docx,tracking_without_comments/pdf/28edf41599_f7d1fb34700e0a929ebd0d75afa681a05584faaa13e059fa__vs__30731b76ac_edbbb194342aa8f4533e356b28cceba2f0631c4b718f7700_redline_05b6ec9d10.pdf,tracking_without_comments,05b6ec9d10,redlines_en_500
2a46ae8292_645e030516242bdc8544fb5f1b3c12c59d77060f15dc2afa__vs__fe18e2e46d_69ccb58c3c7ff581ec4f10888da530752f45c456ee78dd4e_redline_067e1d2aea,clean/docx/2a46ae8292_645e030516242bdc8544fb5f1b3c12c59d77060f15dc2afa,clean/docx/fe18e2e46d_69ccb58c3c7ff581ec4f10888da530752f45c456ee78dd4e,tracking_without_comments/docx/2a46ae8292_645e030516242bdc8544fb5f1b3c12c59d77060f15dc2afa__vs__fe18e2e46d_69ccb58c3c7ff581ec4f10888da530752f45c456ee78dd4e_redline_067e1d2aea.docx,tracking_without_comments/pdf/2a46ae8292_645e030516242bdc8544fb5f1b3c12c59d77060f15dc2afa__vs__fe18e2e46d_69ccb58c3c7ff581ec4f10888da530752f45c456ee78dd4e_redline_067e1d2aea.pdf,tracking_without_comments,067e1d2aea,redlines_en_500
df3c3e7c40_behavior__math_func_tests_0434dd11__vs__7c87c9cd93_super_editor__complex_list_def_short_fde20a67_redline_07538260d7,clean/docx/df3c3e7c40_behavior__math_func_tests_0434dd11,clean/docx/7c87c9cd93_super_editor__complex_list_def_short_fde20a67,tracking_without_comments/docx/df3c3e7c40_behavior__math_func_tests_0434dd11__vs__7c87c9cd93_super_editor__complex_list_def_short_fde20a67_redline_07538260d7.docx,tracking_without_comments/pdf/df3c3e7c40_behavior__math_func_tests_0434dd11__vs__7c87c9cd93_super_editor__complex_list_def_short_fde20a67_redline_07538260d7.pdf,tracking_without_comments,07538260d7,word_redlines_superdoc_0926
87dc2ebfec_00ee07057c69b24e2be4bf1a2684792bf6141fdccc35d075__vs__2e04202552_000e3e7bd2d6215fc7b469cc3e296c1b2a510bc1abc7e0fd_redline_08050ab981,clean/docx/87dc2ebfec_00ee07057c69b24e2be4bf1a2684792bf6141fdccc35d075,clean/docx/2e04202552_000e3e7bd2d6215fc7b469cc3e296c1b2a510bc1abc7e0fd,tracking_without_comments/docx/87dc2ebfec_00ee07057c69b24e2be4bf1a2684792bf6141fdccc35d075__vs__2e04202552_000e3e7bd2d6215fc7b469cc3e296c1b2a510bc1abc7e0fd_redline_08050ab981.docx,tracking_without_comments/pdf/87dc2ebfec_00ee07057c69b24e2be4bf1a2684792bf6141fdccc35d075__vs__2e04202552_000e3e7bd2d6215fc7b469cc3e296c1b2a510bc1abc7e0fd_redline_08050ab981.pdf,tracking_without_comments,08050ab981,redlines_a100_b10
66b0a9112c_file_165__vs__06a48012fc_file_166_redline_089f925c77,clean/docx/66b0a9112c_file_165,clean/docx/06a48012fc_file_166,tracking_without_comments/docx/66b0a9112c_file_165__vs__06a48012fc_file_166_redline_089f925c77.docx,tracking_without_comments/pdf/66b0a9112c_file_165__vs__06a48012fc_file_166_redline_089f925c77.pdf,tracking_without_comments,089f925c77,word_based_randomized_0926
5adc853144_insert_link_demo_id_paraid_overflow__vs__e615c89269_inventory_list_suggesting_deletions_redline_0907085a84,clean/docx/5adc853144_insert_link_demo_id_paraid_overflow,tracking_without_comments/docx/e615c89269_inventory_list_suggesting_deletions,tracking_without_comments/docx/5adc853144_insert_link_demo_id_paraid_overflow__vs__e615c89269_inventory_list_suggesting_deletions_redline_0907085a84.docx,tracking_without_comments/pdf/5adc853144_insert_link_demo_id_paraid_overflow__vs__e615c89269_inventory_list_suggesting_deletions_redline_0907085a84.pdf,tracking_without_comments,0907085a84,word_based;fixtures_word_compares
d09a2f8509_00b5aa69a6c33b2725953348488d62605dc209411d01f80a__vs__bd3824dd1e_000ee64ef7226d353297888f59a251e24ce5d776fea000fa_redline_09b76bd785,clean/docx/d09a2f8509_00b5aa69a6c33b2725953348488d62605dc209411d01f80a,clean/docx/bd3824dd1e_000ee64ef7226d353297888f59a251e24ce5d776fea000fa,tracking_without_comments/docx/d09a2f8509_00b5aa69a6c33b2725953348488d62605dc209411d01f80a__vs__bd3824dd1e_000ee64ef7226d353297888f59a251e24ce5d776fea000fa_redline_09b76bd785.docx,tracking_without_comments/pdf/d09a2f8509_00b5aa69a6c33b2725953348488d62605dc209411d01f80a__vs__bd3824dd1e_000ee64ef7226d353297888f59a251e24ce5d776fea000fa_redline_09b76bd785.pdf,tracking_without_comments,09b76bd785,redlines_a100_b10
4fb2440e08_file_139__vs__e137a3db25_file_140_redline_0a1b1dbad8,clean/docx/4fb2440e08_file_139,clean/docx/e137a3db25_file_140,tracking_without_comments/docx/4fb2440e08_file_139__vs__e137a3db25_file_140_redline_0a1b1dbad8.docx,tracking_without_comments/pdf/4fb2440e08_file_139__vs__e137a3db25_file_140_redline_0a1b1dbad8.pdf,tracking_without_comments,0a1b1dbad8,word_based_randomized_0926
6b0acda259_file_73__vs__bd768e6c17_file_74_redline_0aa74e0de4,clean/docx/6b0acda259_file_73,with_comments_tracking/docx/bd768e6c17_file_74,with_comments_tracking/docx/6b0acda259_file_73__vs__bd768e6c17_file_74_redline_0aa74e0de4.docx,with_comments_tracking/pdf/6b0acda259_file_73__vs__bd768e6c17_file_74_redline_0aa74e0de4.pdf,with_comments_tracking,0aa74e0de4,word_based_randomized_0926
8c79860f8d_file_75__vs__d87d0dd9a8_file_76_redline_0ba672f125,clean/docx/8c79860f8d_file_75,clean/docx/d87d0dd9a8_file_76,tracking_without_comments/docx/8c79860f8d_file_75__vs__d87d0dd9a8_file_76_redline_0ba672f125.docx,tracking_without_comments/pdf/8c79860f8d_file_75__vs__d87d0dd9a8_file_76_redline_0ba672f125.pdf,tracking_without_comments,0ba672f125,word_based_randomized
8e534b49f0_00a9b37342f07e6b9bd5b8fffbe4dd777d31053171e69da2__vs__deff0e697a_00b5defcad6e58038eac35472a2d48c89905068e5ece0cc3_redline_0c27542f55,clean/docx/8e534b49f0_00a9b37342f07e6b9bd5b8fffbe4dd777d31053171e69da2,clean/docx/deff0e697a_00b5defcad6e58038eac35472a2d48c89905068e5ece0cc3,tracking_without_comments/docx/8e534b49f0_00a9b37342f07e6b9bd5b8fffbe4dd777d31053171e69da2__vs__deff0e697a_00b5defcad6e58038eac35472a2d48c89905068e5ece0cc3_redline_0c27542f55.docx,tracking_without_comments/pdf/8e534b49f0_00a9b37342f07e6b9bd5b8fffbe4dd777d31053171e69da2__vs__deff0e697a_00b5defcad6e58038eac35472a2d48c89905068e5ece0cc3_redline_0c27542f55.pdf,tracking_without_comments,0c27542f55,redlines_a100_b10
d6229441a5_0022208cff905cd74261067032c22afa148e0f63496c7f66__vs__aa5340125d_00a4b0b91e9b5b072dc3771391c2d608518690eccf44eae8_redline_0cbbcaa7f0,clean/docx/d6229441a5_0022208cff905cd74261067032c22afa148e0f63496c7f66,clean/docx/aa5340125d_00a4b0b91e9b5b072dc3771391c2d608518690eccf44eae8,tracking_without_comments/docx/d6229441a5_0022208cff905cd74261067032c22afa148e0f63496c7f66__vs__aa5340125d_00a4b0b91e9b5b072dc3771391c2d608518690eccf44eae8_redline_0cbbcaa7f0.docx,tracking_without_comments/pdf/d6229441a5_0022208cff905cd74261067032c22afa148e0f63496c7f66__vs__aa5340125d_00a4b0b91e9b5b072dc3771391c2d608518690eccf44eae8_redline_0cbbcaa7f0.pdf,tracking_without_comments,0cbbcaa7f0,redlines_a100_b10
03aa687c07_0fef17a42714273fc90f69ea4dc8d6b2028449267539750a__vs__7772e684bb_056aa42f3314a8a17098cba6c7afb8c21d27fc3bf274f137_redline_0d33c3afef,clean/docx/03aa687c07_0fef17a42714273fc90f69ea4dc8d6b2028449267539750a,clean/docx/7772e684bb_056aa42f3314a8a17098cba6c7afb8c21d27fc3bf274f137,tracking_without_comments/docx/03aa687c07_0fef17a42714273fc90f69ea4dc8d6b2028449267539750a__vs__7772e684bb_056aa42f3314a8a17098cba6c7afb8c21d27fc3bf274f137_redline_0d33c3afef.docx,tracking_without_comments/pdf/03aa687c07_0fef17a42714273fc90f69ea4dc8d6b2028449267539750a__vs__7772e684bb_056aa42f3314a8a17098cba6c7afb8c21d27fc3bf274f137_redline_0d33c3afef.pdf,tracking_without_comments,0d33c3afef,redlines_en_500
81f7cad226_009fa3f6b717df4d0e9371d67f305110d5096bc9178134b0__vs__333bfe069a_003416d620331122b93b434dad901db5836f60d2cad4b533_redline_0dadb2386e,clean/docx/81f7cad226_009fa3f6b717df4d0e9371d67f305110d5096bc9178134b0,clean/docx/333bfe069a_003416d620331122b93b434dad901db5836f60d2cad4b533,tracking_without_comments/docx/81f7cad226_009fa3f6b717df4d0e9371d67f305110d5096bc9178134b0__vs__333bfe069a_003416d620331122b93b434dad901db5836f60d2cad4b533_redline_0dadb2386e.docx,tracking_without_comments/pdf/81f7cad226_009fa3f6b717df4d0e9371d67f305110d5096bc9178134b0__vs__333bfe069a_003416d620331122b93b434dad901db5836f60d2cad4b533_redline_0dadb2386e.pdf,tracking_without_comments,0dadb2386e,redlines_a100_b10
ad43500302_super_editor__list_numbering_reimport_d788d573__vs__ca44eef662_super_editor__list_spacer1_06383c66_redline_0e31ba5d43,clean/docx/ad43500302_super_editor__list_numbering_reimport_d788d573,clean/docx/ca44eef662_super_editor__list_spacer1_06383c66,tracking_without_comments/docx/ad43500302_super_editor__list_numbering_reimport_d788d573__vs__ca44eef662_super_editor__list_spacer1_06383c66_redline_0e31ba5d43.docx,tracking_without_comments/pdf/ad43500302_super_editor__list_numbering_reimport_d788d573__vs__ca44eef662_super_editor__list_spacer1_06383c66_redline_0e31ba5d43.pdf,tracking_without_comments,0e31ba5d43,word_redlines_superdoc
76a40d9ffd_000e618d79bf03ff1783da81e6c34b7ad651896dd56e75a4__vs__342f364d46_001342333d45627868f4dc5282abbba4598a91b4a7584b08_redline_0eca12dbe5,clean/docx/76a40d9ffd_000e618d79bf03ff1783da81e6c34b7ad651896dd56e75a4,clean/docx/342f364d46_001342333d45627868f4dc5282abbba4598a91b4a7584b08,tracking_without_comments/docx/76a40d9ffd_000e618d79bf03ff1783da81e6c34b7ad651896dd56e75a4__vs__342f364d46_001342333d45627868f4dc5282abbba4598a91b4a7584b08_redline_0eca12dbe5.docx,tracking_without_comments/pdf/76a40d9ffd_000e618d79bf03ff1783da81e6c34b7ad651896dd56e75a4__vs__342f364d46_001342333d45627868f4dc5282abbba4598a91b4a7584b08_redline_0eca12dbe5.pdf,tracking_without_comments,0eca12dbe5,redlines_a100_b10
d1fc42d1b4_72dcf4dc5db35b70823754848e1137a2dca51c616061bea3__vs__acc20ae2d1_6292aea928cd8183d46d2e434349dbe8e5c41aceef91b0be_redline_0f841159c0,clean/docx/d1fc42d1b4_72dcf4dc5db35b70823754848e1137a2dca51c616061bea3,clean/docx/acc20ae2d1_6292aea928cd8183d46d2e434349dbe8e5c41aceef91b0be,tracking_without_comments/docx/d1fc42d1b4_72dcf4dc5db35b70823754848e1137a2dca51c616061bea3__vs__acc20ae2d1_6292aea928cd8183d46d2e434349dbe8e5c41aceef91b0be_redline_0f841159c0.docx,tracking_without_comments/pdf/d1fc42d1b4_72dcf4dc5db35b70823754848e1137a2dca51c616061bea3__vs__acc20ae2d1_6292aea928cd8183d46d2e434349dbe8e5c41aceef91b0be_redline_0f841159c0.pdf,tracking_without_comments,0f841159c0,redlines_en_500
668fe0a735_super_editor__ooxml_bold_vals_demo_9e688d8f__vs__e70f1134dd_super_editor__diff_before8_ba5faa9e_redline_1032d784bc,clean/docx/668fe0a735_super_editor__ooxml_bold_vals_demo_9e688d8f,with_comments_clean/docx/e70f1134dd_super_editor__diff_before8_ba5faa9e,with_comments_tracking/docx/668fe0a735_super_editor__ooxml_bold_vals_demo_9e688d8f__vs__e70f1134dd_super_editor__diff_before8_ba5faa9e_redline_1032d784bc.docx,with_comments_tracking/pdf/668fe0a735_super_editor__ooxml_bold_vals_demo_9e688d8f__vs__e70f1134dd_super_editor__diff_before8_ba5faa9e_redline_1032d784bc.pdf,with_comments_tracking,1032d784bc,word_redlines_superdoc_0926
4f1b13334b_0002768ad2e3174d9c557d30d4a7a8d70ae4062e52383747__vs__2773adf157_0004c94ca2a8684d47449bb0e7abf87de1df71a7e6543252_redline_10aec41832,clean/docx/4f1b13334b_0002768ad2e3174d9c557d30d4a7a8d70ae4062e52383747,clean/docx/2773adf157_0004c94ca2a8684d47449bb0e7abf87de1df71a7e6543252,tracking_without_comments/docx/4f1b13334b_0002768ad2e3174d9c557d30d4a7a8d70ae4062e52383747__vs__2773adf157_0004c94ca2a8684d47449bb0e7abf87de1df71a7e6543252_redline_10aec41832.docx,tracking_without_comments/pdf/4f1b13334b_0002768ad2e3174d9c557d30d4a7a8d70ae4062e52383747__vs__2773adf157_0004c94ca2a8684d47449bb0e7abf87de1df71a7e6543252_redline_10aec41832.pdf,tracking_without_comments,10aec41832,redlines_a100_b10
c417943be1_002b4f4d8976804c283e6f90cc51f02c7fa5ca9027ffe491__vs__1424386e9b_017447de83753a0e3b7afc659df038ef56972925336c6a5b_redline_10fe91c78a,clean/docx/c417943be1_002b4f4d8976804c283e6f90cc51f02c7fa5ca9027ffe491,clean/docx/1424386e9b_017447de83753a0e3b7afc659df038ef56972925336c6a5b,tracking_without_comments/docx/c417943be1_002b4f4d8976804c283e6f90cc51f02c7fa5ca9027ffe491__vs__1424386e9b_017447de83753a0e3b7afc659df038ef56972925336c6a5b_redline_10fe91c78a.docx,tracking_without_comments/pdf/c417943be1_002b4f4d8976804c283e6f90cc51f02c7fa5ca9027ffe491__vs__1424386e9b_017447de83753a0e3b7afc659df038ef56972925336c6a5b_redline_10fe91c78a.pdf,tracking_without_comments,10fe91c78a,redlines_a100_b10
bffb81f86c_file_192__vs__878549f8f2_file_193_redline_11675a8de2,with_comments_clean/docx/bffb81f86c_file_192,clean/docx/878549f8f2_file_193,with_comments_tracking/docx/bffb81f86c_file_192__vs__878549f8f2_file_193_redline_11675a8de2.docx,with_comments_tracking/pdf/bffb81f86c_file_192__vs__878549f8f2_file_193_redline_11675a8de2.pdf,with_comments_tracking,11675a8de2,word_based_randomized
ba54c6632c_super_editor__ooxml_rfonts_rstyle_linked_combos__vs__ced58cbf54_super_editor__sd_1494_table_left_indent_03277d35_redline_12628c3805,clean/docx/ba54c6632c_super_editor__ooxml_rfonts_rstyle_linked_combos,clean/docx/ced58cbf54_super_editor__sd_1494_table_left_indent_03277d35,tracking_without_comments/docx/ba54c6632c_super_editor__ooxml_rfonts_rstyle_linked_combos__vs__ced58cbf54_super_editor__sd_1494_table_left_indent_03277d35_redline_12628c3805.docx,tracking_without_comments/pdf/ba54c6632c_super_editor__ooxml_rfonts_rstyle_linked_combos__vs__ced58cbf54_super_editor__sd_1494_table_left_indent_03277d35_redline_12628c3805.pdf,tracking_without_comments,12628c3805,word_redlines_superdoc
a5903a7c15_super_editor__pci_table_dc840852__vs__501bf3d47b_super_editor__table_merged_cells_9c349334_redline_12e8491831,clean/docx/a5903a7c15_super_editor__pci_table_dc840852,clean/docx/501bf3d47b_super_editor__table_merged_cells_9c349334,tracking_without_comments/docx/a5903a7c15_super_editor__pci_table_dc840852__vs__501bf3d47b_super_editor__table_merged_cells_9c349334_redline_12e8491831.docx,tracking_without_comments/pdf/a5903a7c15_super_editor__pci_table_dc840852__vs__501bf3d47b_super_editor__table_merged_cells_9c349334_redline_12e8491831.pdf,tracking_without_comments,12e8491831,word_redlines_superdoc_0926
203c24d1e7_00cb988053156ab17763897a184a6655864f9c50f7ef2e53__vs__333bfe069a_003416d620331122b93b434dad901db5836f60d2cad4b533_redline_13a3fc553d,clean/docx/203c24d1e7_00cb988053156ab17763897a184a6655864f9c50f7ef2e53,clean/docx/333bfe069a_003416d620331122b93b434dad901db5836f60d2cad4b533,tracking_without_comments/docx/203c24d1e7_00cb988053156ab17763897a184a6655864f9c50f7ef2e53__vs__333bfe069a_003416d620331122b93b434dad901db5836f60d2cad4b533_redline_13a3fc553d.docx,tracking_without_comments/pdf/203c24d1e7_00cb988053156ab17763897a184a6655864f9c50f7ef2e53__vs__333bfe069a_003416d620331122b93b434dad901db5836f60d2cad4b533_redline_13a3fc553d.pdf,tracking_without_comments,13a3fc553d,redlines_a100_b10
cc901c34fc_004028ecdee3787e97aed9dafb5feb104b20ab5540af6e39__vs__deff0e697a_00b5defcad6e58038eac35472a2d48c89905068e5ece0cc3_redline_142f9e34dc,clean/docx/cc901c34fc_004028ecdee3787e97aed9dafb5feb104b20ab5540af6e39,clean/docx/deff0e697a_00b5defcad6e58038eac35472a2d48c89905068e5ece0cc3,tracking_without_comments/docx/cc901c34fc_004028ecdee3787e97aed9dafb5feb104b20ab5540af6e39__vs__deff0e697a_00b5defcad6e58038eac35472a2d48c89905068e5ece0cc3_redline_142f9e34dc.docx,tracking_without_comments/pdf/cc901c34fc_004028ecdee3787e97aed9dafb5feb104b20ab5540af6e39__vs__deff0e697a_00b5defcad6e58038eac35472a2d48c89905068e5ece0cc3_redline_142f9e34dc.pdf,tracking_without_comments,142f9e34dc,redlines_a100_b10
190782d0c5_46b5cb36b3b7d3b1fc419672811e19e13f9f3a1902a96da2__vs__aa910e0269_0b212ef01f9f16f785fb36ebf24bafc24fffc367ac583e27_redline_14b2a2feb0,clean/docx/190782d0c5_46b5cb36b3b7d3b1fc419672811e19e13f9f3a1902a96da2,clean/docx/aa910e0269_0b212ef01f9f16f785fb36ebf24bafc24fffc367ac583e27,tracking_without_comments/docx/190782d0c5_46b5cb36b3b7d3b1fc419672811e19e13f9f3a1902a96da2__vs__aa910e0269_0b212ef01f9f16f785fb36ebf24bafc24fffc367ac583e27_redline_14b2a2feb0.docx,tracking_without_comments/pdf/190782d0c5_46b5cb36b3b7d3b1fc419672811e19e13f9f3a1902a96da2__vs__aa910e0269_0b212ef01f9f16f785fb36ebf24bafc24fffc367ac583e27_redline_14b2a2feb0.pdf,tracking_without_comments,14b2a2feb0,redlines_en_500
5d185fb0dd_006ab612b3ae2e0b1915746c660d9ea64842d89c434e0a09__vs__aa5340125d_00a4b0b91e9b5b072dc3771391c2d608518690eccf44eae8_redline_15929d1b69,clean/docx/5d185fb0dd_006ab612b3ae2e0b1915746c660d9ea64842d89c434e0a09,clean/docx/aa5340125d_00a4b0b91e9b5b072dc3771391c2d608518690eccf44eae8,tracking_without_comments/docx/5d185fb0dd_006ab612b3ae2e0b1915746c660d9ea64842d89c434e0a09__vs__aa5340125d_00a4b0b91e9b5b072dc3771391c2d608518690eccf44eae8_redline_15929d1b69.docx,tracking_without_comments/pdf/5d185fb0dd_006ab612b3ae2e0b1915746c660d9ea64842d89c434e0a09__vs__aa5340125d_00a4b0b91e9b5b072dc3771391c2d608518690eccf44eae8_redline_15929d1b69.pdf,tracking_without_comments,15929d1b69,redlines_a100_b10
0fca4cca5b_file_155__vs__3f9e57ae11_file_156_redline_16096662c4,clean/docx/0fca4cca5b_file_155,clean/docx/3f9e57ae11_file_156,tracking_without_comments/docx/0fca4cca5b_file_155__vs__3f9e57ae11_file_156_redline_16096662c4.docx,tracking_without_comments/pdf/0fca4cca5b_file_155__vs__3f9e57ae11_file_156_redline_16096662c4.pdf,tracking_without_comments,16096662c4,word_based_randomized_0926
048870ce18_014178090497722649b8e7aedf646339a3189ee7fe69a596__vs__2773adf157_0004c94ca2a8684d47449bb0e7abf87de1df71a7e6543252_redline_16c26ed631,clean/docx/048870ce18_014178090497722649b8e7aedf646339a3189ee7fe69a596,clean/docx/2773adf157_0004c94ca2a8684d47449bb0e7abf87de1df71a7e6543252,tracking_without_comments/docx/048870ce18_014178090497722649b8e7aedf646339a3189ee7fe69a596__vs__2773adf157_0004c94ca2a8684d47449bb0e7abf87de1df71a7e6543252_redline_16c26ed631.docx,tracking_without_comments/pdf/048870ce18_014178090497722649b8e7aedf646339a3189ee7fe69a596__vs__2773adf157_0004c94ca2a8684d47449bb0e7abf87de1df71a7e6543252_redline_16c26ed631.pdf,tracking_without_comments,16c26ed631,redlines_a100_b10
5aa178b931_super_editor__lists_sub_paragraph_31ff3fed__vs__972dc076c1_super_editor__longer_header_sign_area_7c80b525_redline_174109b5b2,clean/docx/5aa178b931_super_editor__lists_sub_paragraph_31ff3fed,clean/docx/972dc076c1_super_editor__longer_header_sign_area_7c80b525,tracking_without_comments/docx/5aa178b931_super_editor__lists_sub_paragraph_31ff3fed__vs__972dc076c1_super_editor__longer_header_sign_area_7c80b525_redline_174109b5b2.docx,tracking_without_comments/pdf/5aa178b931_super_editor__lists_sub_paragraph_31ff3fed__vs__972dc076c1_super_editor__longer_header_sign_area_7c80b525_redline_174109b5b2.pdf,tracking_without_comments,174109b5b2,word_redlines_superdoc_0926
d27102bf04_sample_document_afterword_repaired_word_repaired__vs__f4fa801783_sample_document_really_repaired_word_repaired_redline_17d83e255a,tracking_without_comments/docx/d27102bf04_sample_document_afterword_repaired_word_repaired,tracking_without_comments/docx/f4fa801783_sample_document_really_repaired_word_repaired,tracking_without_comments/docx/d27102bf04_sample_document_afterword_repaired_word_repaired__vs__f4fa801783_sample_document_really_repaired_word_repaired_redline_17d83e255a.docx,tracking_without_comments/pdf/d27102bf04_sample_document_afterword_repaired_word_repaired__vs__f4fa801783_sample_document_really_repaired_word_repaired_redline_17d83e255a.pdf,tracking_without_comments,17d83e255a,nocomments
af540c50e4_00edeec4b73ab68a9a4e2b0281464f067656d89fc9969ab4__vs__342f364d46_001342333d45627868f4dc5282abbba4598a91b4a7584b08_redline_1855b51281,clean/docx/af540c50e4_00edeec4b73ab68a9a4e2b0281464f067656d89fc9969ab4,clean/docx/342f364d46_001342333d45627868f4dc5282abbba4598a91b4a7584b08,tracking_without_comments/docx/af540c50e4_00edeec4b73ab68a9a4e2b0281464f067656d89fc9969ab4__vs__342f364d46_001342333d45627868f4dc5282abbba4598a91b4a7584b08_redline_1855b51281.docx,tracking_without_comments/pdf/af540c50e4_00edeec4b73ab68a9a4e2b0281464f067656d89fc9969ab4__vs__342f364d46_001342333d45627868f4dc5282abbba4598a91b4a7584b08_redline_1855b51281.pdf,tracking_without_comments,1855b51281,redlines_a100_b10
10415d5332_behavior__rtl_mixed_bidi_e955f185__vs__96fa27757a_behavior__rtl_page_numpages_54739e26_redline_1942a590b4,clean/docx/10415d5332_behavior__rtl_mixed_bidi_e955f185,clean/docx/96fa27757a_behavior__rtl_page_numpages_54739e26,tracking_without_comments/docx/10415d5332_behavior__rtl_mixed_bidi_e955f185__vs__96fa27757a_behavior__rtl_page_numpages_54739e26_redline_1942a590b4.docx,tracking_without_comments/pdf/10415d5332_behavior__rtl_mixed_bidi_e955f185__vs__96fa27757a_behavior__rtl_page_numpages_54739e26_redline_1942a590b4.pdf,tracking_without_comments,1942a590b4,word_redlines_superdoc_0926
60173fbf12_file_172__vs__47af6b09d0_file_173_redline_199bc7e204,clean/docx/60173fbf12_file_172,clean/docx/47af6b09d0_file_173,tracking_without_comments/docx/60173fbf12_file_172__vs__47af6b09d0_file_173_redline_199bc7e204.docx,tracking_without_comments/pdf/60173fbf12_file_172__vs__47af6b09d0_file_173_redline_199bc7e204.pdf,tracking_without_comments,199bc7e204,nocomments_randomized
e855894947_4256746e0764d53f71723c390ba077e50881806719029dd6__vs__a9d810a3ad_65a2d0c1ef78aaca9992ad2ace66032f5438435b43b338e9_redline_1a4f106bda,clean/docx/e855894947_4256746e0764d53f71723c390ba077e50881806719029dd6,clean/docx/a9d810a3ad_65a2d0c1ef78aaca9992ad2ace66032f5438435b43b338e9,tracking_without_comments/docx/e855894947_4256746e0764d53f71723c390ba077e50881806719029dd6__vs__a9d810a3ad_65a2d0c1ef78aaca9992ad2ace66032f5438435b43b338e9_redline_1a4f106bda.docx,tracking_without_comments/pdf/e855894947_4256746e0764d53f71723c390ba077e50881806719029dd6__vs__a9d810a3ad_65a2d0c1ef78aaca9992ad2ace66032f5438435b43b338e9_redline_1a4f106bda.pdf,tracking_without_comments,1a4f106bda,redlines_en_500
fc5d9fecb7_00028d824d5d2262bc6e30692308cd1b577ac1dff228970d__vs__a5f2b9318d_002aa60c2ae1187417b4b157c5ec6450324cc056ec551a12_redline_1acd709985,clean/docx/fc5d9fecb7_00028d824d5d2262bc6e30692308cd1b577ac1dff228970d,clean/docx/a5f2b9318d_002aa60c2ae1187417b4b157c5ec6450324cc056ec551a12,tracking_without_comments/docx/fc5d9fecb7_00028d824d5d2262bc6e30692308cd1b577ac1dff228970d__vs__a5f2b9318d_002aa60c2ae1187417b4b157c5ec6450324cc056ec551a12_redline_1acd709985.docx,tracking_without_comments/pdf/fc5d9fecb7_00028d824d5d2262bc6e30692308cd1b577ac1dff228970d__vs__a5f2b9318d_002aa60c2ae1187417b4b157c5ec6450324cc056ec551a12_redline_1acd709985.pdf,tracking_without_comments,1acd709985,redlines_a100_b10
c417943be1_002b4f4d8976804c283e6f90cc51f02c7fa5ca9027ffe491__vs__2773adf157_0004c94ca2a8684d47449bb0e7abf87de1df71a7e6543252_redline_1b4dd65cb9,clean/docx/c417943be1_002b4f4d8976804c283e6f90cc51f02c7fa5ca9027ffe491,clean/docx/2773adf157_0004c94ca2a8684d47449bb0e7abf87de1df71a7e6543252,tracking_without_comments/docx/c417943be1_002b4f4d8976804c283e6f90cc51f02c7fa5ca9027ffe491__vs__2773adf157_0004c94ca2a8684d47449bb0e7abf87de1df71a7e6543252_redline_1b4dd65cb9.docx,tracking_without_comments/pdf/c417943be1_002b4f4d8976804c283e6f90cc51f02c7fa5ca9027ffe491__vs__2773adf157_0004c94ca2a8684d47449bb0e7abf87de1df71a7e6543252_redline_1b4dd65cb9.pdf,tracking_without_comments,1b4dd65cb9,redlines_a100_b10
19a25c21ea_file_58__vs__bdafce6d1d_file_59_redline_1b84039c39,clean/docx/19a25c21ea_file_58,clean/docx/bdafce6d1d_file_59,tracking_without_comments/docx/19a25c21ea_file_58__vs__bdafce6d1d_file_59_redline_1b84039c39.docx,tracking_without_comments/pdf/19a25c21ea_file_58__vs__bdafce6d1d_file_59_redline_1b84039c39.pdf,tracking_without_comments,1b84039c39,word_based_randomized_0926
687da097e9_heading_2_center_demo_id_paraid_overflow__vs__3a9525749b_heading_2_style_demo_id_paraid_overflow_redline_1c5fe20c9c,clean/docx/687da097e9_heading_2_center_demo_id_paraid_overflow,clean/docx/3a9525749b_heading_2_style_demo_id_paraid_overflow,tracking_without_comments/docx/687da097e9_heading_2_center_demo_id_paraid_overflow__vs__3a9525749b_heading_2_style_demo_id_paraid_overflow_redline_1c5fe20c9c.docx,tracking_without_comments/pdf/687da097e9_heading_2_center_demo_id_paraid_overflow__vs__3a9525749b_heading_2_style_demo_id_paraid_overflow_redline_1c5fe20c9c.pdf,tracking_without_comments,1c5fe20c9c,word_based
8cd372b814_0193e5015be906eb45df5f7b3ceb682c7ff53cb52f15a0bf__vs__aa5340125d_00a4b0b91e9b5b072dc3771391c2d608518690eccf44eae8_redline_1cd051a46c,clean/docx/8cd372b814_0193e5015be906eb45df5f7b3ceb682c7ff53cb52f15a0bf,clean/docx/aa5340125d_00a4b0b91e9b5b072dc3771391c2d608518690eccf44eae8,tracking_without_comments/docx/8cd372b814_0193e5015be906eb45df5f7b3ceb682c7ff53cb52f15a0bf__vs__aa5340125d_00a4b0b91e9b5b072dc3771391c2d608518690eccf44eae8_redline_1cd051a46c.docx,tracking_without_comments/pdf/8cd372b814_0193e5015be906eb45df5f7b3ceb682c7ff53cb52f15a0bf__vs__aa5340125d_00a4b0b91e9b5b072dc3771391c2d608518690eccf44eae8_redline_1cd051a46c.pdf,tracking_without_comments,1cd051a46c,redlines_a100_b10
a5eb266a1f_016236e3bf778292b45976ecd4a34b45d02104f47db7a3ca__vs__2773adf157_0004c94ca2a8684d47449bb0e7abf87de1df71a7e6543252_redline_1da384ebd8,clean/docx/a5eb266a1f_016236e3bf778292b45976ecd4a34b45d02104f47db7a3ca,clean/docx/2773adf157_0004c94ca2a8684d47449bb0e7abf87de1df71a7e6543252,tracking_without_comments/docx/a5eb266a1f_016236e3bf778292b45976ecd4a34b45d02104f47db7a3ca__vs__2773adf157_0004c94ca2a8684d47449bb0e7abf87de1df71a7e6543252_redline_1da384ebd8.docx,tracking_without_comments/pdf/a5eb266a1f_016236e3bf778292b45976ecd4a34b45d02104f47db7a3ca__vs__2773adf157_0004c94ca2a8684d47449bb0e7abf87de1df71a7e6543252_redline_1da384ebd8.pdf,tracking_without_comments,1da384ebd8,redlines_a100_b10
1dfdc7d8ec_super_editor__image_inline_and_block_ad6109b3__vs__058cd936de_super_editor__image_doc_c7d007ac_redline_1e988e063f,clean/docx/1dfdc7d8ec_super_editor__image_inline_and_block_ad6109b3,clean/docx/058cd936de_super_editor__image_doc_c7d007ac,tracking_without_comments/docx/1dfdc7d8ec_super_editor__image_inline_and_block_ad6109b3__vs__058cd936de_super_editor__image_doc_c7d007ac_redline_1e988e063f.docx,tracking_without_comments/pdf/1dfdc7d8ec_super_editor__image_inline_and_block_ad6109b3__vs__058cd936de_super_editor__image_doc_c7d007ac_redline_1e988e063f.pdf,tracking_without_comments,1e988e063f,word_redlines_superdoc_0926
c498e8c52c_super_editor__contract_acc_bbd983a0__vs__43dd6753e6_super_editor__diff_before7_5bad2542_redline_1f955ac1bf,clean/docx/c498e8c52c_super_editor__contract_acc_bbd983a0,clean/docx/43dd6753e6_super_editor__diff_before7_5bad2542,tracking_without_comments/docx/c498e8c52c_super_editor__contract_acc_bbd983a0__vs__43dd6753e6_super_editor__diff_before7_5bad2542_redline_1f955ac1bf.docx,tracking_without_comments/pdf/c498e8c52c_super_editor__contract_acc_bbd983a0__vs__43dd6753e6_super_editor__diff_before7_5bad2542_redline_1f955ac1bf.pdf,tracking_without_comments,1f955ac1bf,word_redlines_superdoc_0926
f4faa3ad63_file_129__vs__1547c5df73_file_130_redline_206e9d2d17,clean/docx/f4faa3ad63_file_129,clean/docx/1547c5df73_file_130,tracking_without_comments/docx/f4faa3ad63_file_129__vs__1547c5df73_file_130_redline_206e9d2d17.docx,tracking_without_comments/pdf/f4faa3ad63_file_129__vs__1547c5df73_file_130_redline_206e9d2d17.pdf,tracking_without_comments,206e9d2d17,word_based_randomized_0926
36fbd8c734_sales_report_january_2026_suggesting_insertions__vs__81158d928d_sample_document_afterword_repaired_word_repaired_redline_20eccb4f6a,tracking_without_comments/docx/36fbd8c734_sales_report_january_2026_suggesting_insertions,with_comments_tracking/docx/81158d928d_sample_document_afterword_repaired_word_repaired,with_comments_tracking/docx/36fbd8c734_sales_report_january_2026_suggesting_insertions__vs__81158d928d_sample_document_afterword_repaired_word_repaired_redline_20eccb4f6a.docx,with_comments_tracking/pdf/36fbd8c734_sales_report_january_2026_suggesting_insertions__vs__81158d928d_sample_document_afterword_repaired_word_repaired_redline_20eccb4f6a.pdf,with_comments_tracking,20eccb4f6a,word_based_0926
e70f1134dd_super_editor__diff_before8_ba5faa9e__vs__420a528aa0_super_editor__instrtext_angled_brackets_bug_ed56_redline_2200a538c5,with_comments_clean/docx/e70f1134dd_super_editor__diff_before8_ba5faa9e,clean/docx/420a528aa0_super_editor__instrtext_angled_brackets_bug_ed56,with_comments_tracking/docx/e70f1134dd_super_editor__diff_before8_ba5faa9e__vs__420a528aa0_super_editor__instrtext_angled_brackets_bug_ed56_redline_2200a538c5.docx,with_comments_tracking/pdf/e70f1134dd_super_editor__diff_before8_ba5faa9e__vs__420a528aa0_super_editor__instrtext_angled_brackets_bug_ed56_redline_2200a538c5.pdf,with_comments_tracking,2200a538c5,word_redlines_superdoc_0926
7166fa4199_document_100_ultimate_demo_id_paraid_overflow__vs__97c3dd2e86_docx_lots_of_comments_addition_redline_addition_redline_2288f27be1,clean/docx/7166fa4199_document_100_ultimate_demo_id_paraid_overflow,with_comments_tracking/docx/97c3dd2e86_docx_lots_of_comments_addition_redline_addition,with_comments_tracking/docx/7166fa4199_document_100_ultimate_demo_id_paraid_overflow__vs__97c3dd2e86_docx_lots_of_comments_addition_redline_addition_redline_2288f27be1.docx,with_comments_tracking/pdf/7166fa4199_document_100_ultimate_demo_id_paraid_overflow__vs__97c3dd2e86_docx_lots_of_comments_addition_redline_addition_redline_2288f27be1.pdf,with_comments_tracking,2288f27be1,word_based_0926
12941c2a77_0023298b011b45232675215822f0f728678a238756d763c8__vs__1424386e9b_017447de83753a0e3b7afc659df038ef56972925336c6a5b_redline_23127ea8e1,clean/docx/12941c2a77_0023298b011b45232675215822f0f728678a238756d763c8,clean/docx/1424386e9b_017447de83753a0e3b7afc659df038ef56972925336c6a5b,tracking_without_comments/docx/12941c2a77_0023298b011b45232675215822f0f728678a238756d763c8__vs__1424386e9b_017447de83753a0e3b7afc659df038ef56972925336c6a5b_redline_23127ea8e1.docx,tracking_without_comments/pdf/12941c2a77_0023298b011b45232675215822f0f728678a238756d763c8__vs__1424386e9b_017447de83753a0e3b7afc659df038ef56972925336c6a5b_redline_23127ea8e1.pdf,tracking_without_comments,23127ea8e1,redlines_a100_b10
838af02d11_file_173__vs__13ea153d22_file_174_redline_23e03057e6,with_comments_clean/docx/838af02d11_file_173,clean/docx/13ea153d22_file_174,with_comments_tracking/docx/838af02d11_file_173__vs__13ea153d22_file_174_redline_23e03057e6.docx,with_comments_tracking/pdf/838af02d11_file_173__vs__13ea153d22_file_174_redline_23e03057e6.pdf,with_comments_tracking,23e03057e6,word_based_randomized
f94aeed5f5_001f4e98e9744f89b6f26b3741cb6439f8131bf89659230e__vs__aa5340125d_00a4b0b91e9b5b072dc3771391c2d608518690eccf44eae8_redline_24d37f7b5e,clean/docx/f94aeed5f5_001f4e98e9744f89b6f26b3741cb6439f8131bf89659230e,clean/docx/aa5340125d_00a4b0b91e9b5b072dc3771391c2d608518690eccf44eae8,tracking_without_comments/docx/f94aeed5f5_001f4e98e9744f89b6f26b3741cb6439f8131bf89659230e__vs__aa5340125d_00a4b0b91e9b5b072dc3771391c2d608518690eccf44eae8_redline_24d37f7b5e.docx,tracking_without_comments/pdf/f94aeed5f5_001f4e98e9744f89b6f26b3741cb6439f8131bf89659230e__vs__aa5340125d_00a4b0b91e9b5b072dc3771391c2d608518690eccf44eae8_redline_24d37f7b5e.pdf,tracking_without_comments,24d37f7b5e,redlines_a100_b10
35ce9aa3cc_00515f13495e5bf0867b319b035d4a83c7904b55056c38f8__vs__aa5340125d_00a4b0b91e9b5b072dc3771391c2d608518690eccf44eae8_redline_25a7bc54c6,clean/docx/35ce9aa3cc_00515f13495e5bf0867b319b035d4a83c7904b55056c38f8,clean/docx/aa5340125d_00a4b0b91e9b5b072dc3771391c2d608518690eccf44eae8,tracking_without_comments/docx/35ce9aa3cc_00515f13495e5bf0867b319b035d4a83c7904b55056c38f8__vs__aa5340125d_00a4b0b91e9b5b072dc3771391c2d608518690eccf44eae8_redline_25a7bc54c6.docx,tracking_without_comments/pdf/35ce9aa3cc_00515f13495e5bf0867b319b035d4a83c7904b55056c38f8__vs__aa5340125d_00a4b0b91e9b5b072dc3771391c2d608518690eccf44eae8_redline_25a7bc54c6.pdf,tracking_without_comments,25a7bc54c6,redlines_a100_b10
0048ba31dd_000be19a055234f8e79ec0baadc41d2a49050b2ea0a60654__vs__342f364d46_001342333d45627868f4dc5282abbba4598a91b4a7584b08_redline_26be3a210e,clean/docx/0048ba31dd_000be19a055234f8e79ec0baadc41d2a49050b2ea0a60654,clean/docx/342f364d46_001342333d45627868f4dc5282abbba4598a91b4a7584b08,tracking_without_comments/docx/0048ba31dd_000be19a055234f8e79ec0baadc41d2a49050b2ea0a60654__vs__342f364d46_001342333d45627868f4dc5282abbba4598a91b4a7584b08_redline_26be3a210e.docx,tracking_without_comments/pdf/0048ba31dd_000be19a055234f8e79ec0baadc41d2a49050b2ea0a60654__vs__342f364d46_001342333d45627868f4dc5282abbba4598a91b4a7584b08_redline_26be3a210e.pdf,tracking_without_comments,26be3a210e,redlines_a100_b10
ee628c2f6a_file_146__vs__7d92b42353_file_147_redline_279f46cf54,tracking_without_comments/docx/ee628c2f6a_file_146,clean/docx/7d92b42353_file_147,tracking_without_comments/docx/ee628c2f6a_file_146__vs__7d92b42353_file_147_redline_279f46cf54.docx,tracking_without_comments/pdf/ee628c2f6a_file_146__vs__7d92b42353_file_147_redline_279f46cf54.pdf,tracking_without_comments,279f46cf54,nocomments_randomized
11860f2d78_c5c029926794053323667da4397833b447af8141ce9971f2__vs__d53c3f411e_c39de3199fc7d2e0eb44dd062bd7bd2c860354813aec5761_redline_28a24d567c,clean/docx/11860f2d78_c5c029926794053323667da4397833b447af8141ce9971f2,clean/docx/d53c3f411e_c39de3199fc7d2e0eb44dd062bd7bd2c860354813aec5761,tracking_without_comments/docx/11860f2d78_c5c029926794053323667da4397833b447af8141ce9971f2__vs__d53c3f411e_c39de3199fc7d2e0eb44dd062bd7bd2c860354813aec5761_redline_28a24d567c.docx,tracking_without_comments/pdf/11860f2d78_c5c029926794053323667da4397833b447af8141ce9971f2__vs__d53c3f411e_c39de3199fc7d2e0eb44dd062bd7bd2c860354813aec5761_redline_28a24d567c.pdf,tracking_without_comments,28a24d567c,redlines_en_500
a88f2ae357_0095a6095a0f74201c196f4944b3d93f4cf5cc20e4982903__vs__deff0e697a_00b5defcad6e58038eac35472a2d48c89905068e5ece0cc3_redline_29290a6120,clean/docx/a88f2ae357_0095a6095a0f74201c196f4944b3d93f4cf5cc20e4982903,clean/docx/deff0e697a_00b5defcad6e58038eac35472a2d48c89905068e5ece0cc3,tracking_without_comments/docx/a88f2ae357_0095a6095a0f74201c196f4944b3d93f4cf5cc20e4982903__vs__deff0e697a_00b5defcad6e58038eac35472a2d48c89905068e5ece0cc3_redline_29290a6120.docx,tracking_without_comments/pdf/a88f2ae357_0095a6095a0f74201c196f4944b3d93f4cf5cc20e4982903__vs__deff0e697a_00b5defcad6e58038eac35472a2d48c89905068e5ece0cc3_redline_29290a6120.pdf,tracking_without_comments,29290a6120,redlines_a100_b10
84f5fb598b_super_editor__diff_before11_1b953eaf__vs__7962b06671_super_editor__bookmark_use_cases_d20f31f6_redline_29d3f492fb,with_comments_tracking/docx/84f5fb598b_super_editor__diff_before11_1b953eaf,clean/docx/7962b06671_super_editor__bookmark_use_cases_d20f31f6,with_comments_tracking/docx/84f5fb598b_super_editor__diff_before11_1b953eaf__vs__7962b06671_super_editor__bookmark_use_cases_d20f31f6_redline_29d3f492fb.docx,with_comments_tracking/pdf/84f5fb598b_super_editor__diff_before11_1b953eaf__vs__7962b06671_super_editor__bookmark_use_cases_d20f31f6_redline_29d3f492fb.pdf,with_comments_tracking,29d3f492fb,word_redlines_superdoc_0926
181e161e94_file_57__vs__9e0ea45493_file_58_redline_2a5ce15271,clean/docx/181e161e94_file_57,clean/docx/9e0ea45493_file_58,tracking_without_comments/docx/181e161e94_file_57__vs__9e0ea45493_file_58_redline_2a5ce15271.docx,tracking_without_comments/pdf/181e161e94_file_57__vs__9e0ea45493_file_58_redline_2a5ce15271.pdf,tracking_without_comments,2a5ce15271,nocomments_randomized
7e4c9416aa_00803e70c3646e42abab322238df606c847686168795a703__vs__342f364d46_001342333d45627868f4dc5282abbba4598a91b4a7584b08_redline_2b1b7595a9,clean/docx/7e4c9416aa_00803e70c3646e42abab322238df606c847686168795a703,clean/docx/342f364d46_001342333d45627868f4dc5282abbba4598a91b4a7584b08,tracking_without_comments/docx/7e4c9416aa_00803e70c3646e42abab322238df606c847686168795a703__vs__342f364d46_001342333d45627868f4dc5282abbba4598a91b4a7584b08_redline_2b1b7595a9.docx,tracking_without_comments/pdf/7e4c9416aa_00803e70c3646e42abab322238df606c847686168795a703__vs__342f364d46_001342333d45627868f4dc5282abbba4598a91b4a7584b08_redline_2b1b7595a9.pdf,tracking_without_comments,2b1b7595a9,redlines_a100_b10
628ec1cb76_00a9d81709806bc220522f9b062f226e19ba256e436493b1__vs__2e04202552_000e3e7bd2d6215fc7b469cc3e296c1b2a510bc1abc7e0fd_redline_2c0433bdbc,clean/docx/628ec1cb76_00a9d81709806bc220522f9b062f226e19ba256e436493b1,clean/docx/2e04202552_000e3e7bd2d6215fc7b469cc3e296c1b2a510bc1abc7e0fd,tracking_without_comments/docx/628ec1cb76_00a9d81709806bc220522f9b062f226e19ba256e436493b1__vs__2e04202552_000e3e7bd2d6215fc7b469cc3e296c1b2a510bc1abc7e0fd_redline_2c0433bdbc.docx,tracking_without_comments/pdf/628ec1cb76_00a9d81709806bc220522f9b062f226e19ba256e436493b1__vs__2e04202552_000e3e7bd2d6215fc7b469cc3e296c1b2a510bc1abc7e0fd_redline_2c0433bdbc.pdf,tracking_without_comments,2c0433bdbc,redlines_a100_b10
25f07e0823_super_editor__sd_1919_word_mixed_33e049ca__vs__159d00085d_super_editor__sd_1919_word_simple_e3a4a818_redline_2d445349d4,clean/docx/25f07e0823_super_editor__sd_1919_word_mixed_33e049ca,clean/docx/159d00085d_super_editor__sd_1919_word_simple_e3a4a818,tracking_without_comments/docx/25f07e0823_super_editor__sd_1919_word_mixed_33e049ca__vs__159d00085d_super_editor__sd_1919_word_simple_e3a4a818_redline_2d445349d4.docx,tracking_without_comments/pdf/25f07e0823_super_editor__sd_1919_word_mixed_33e049ca__vs__159d00085d_super_editor__sd_1919_word_simple_e3a4a818_redline_2d445349d4.pdf,tracking_without_comments,2d445349d4,word_redlines_superdoc
00f467c010_0008753aa70a6a7b929aa1958001da41574c2d407e5b9863__vs__bd3824dd1e_000ee64ef7226d353297888f59a251e24ce5d776fea000fa_redline_2e24b0f4a3,clean/docx/00f467c010_0008753aa70a6a7b929aa1958001da41574c2d407e5b9863,clean/docx/bd3824dd1e_000ee64ef7226d353297888f59a251e24ce5d776fea000fa,tracking_without_comments/docx/00f467c010_0008753aa70a6a7b929aa1958001da41574c2d407e5b9863__vs__bd3824dd1e_000ee64ef7226d353297888f59a251e24ce5d776fea000fa_redline_2e24b0f4a3.docx,tracking_without_comments/pdf/00f467c010_0008753aa70a6a7b929aa1958001da41574c2d407e5b9863__vs__bd3824dd1e_000ee64ef7226d353297888f59a251e24ce5d776fea000fa_redline_2e24b0f4a3.pdf,tracking_without_comments,2e24b0f4a3,redlines_a100_b10
f9b9dbd790_0017bce9abd08007241b106f0fcf1d64e45c05cd82a05a1d__vs__1424386e9b_017447de83753a0e3b7afc659df038ef56972925336c6a5b_redline_2ea0a59b6a,clean/docx/f9b9dbd790_0017bce9abd08007241b106f0fcf1d64e45c05cd82a05a1d,clean/docx/1424386e9b_017447de83753a0e3b7afc659df038ef56972925336c6a5b,tracking_without_comments/docx/f9b9dbd790_0017bce9abd08007241b106f0fcf1d64e45c05cd82a05a1d__vs__1424386e9b_017447de83753a0e3b7afc659df038ef56972925336c6a5b_redline_2ea0a59b6a.docx,tracking_without_comments/pdf/f9b9dbd790_0017bce9abd08007241b106f0fcf1d64e45c05cd82a05a1d__vs__1424386e9b_017447de83753a0e3b7afc659df038ef56972925336c6a5b_redline_2ea0a59b6a.pdf,tracking_without_comments,2ea0a59b6a,redlines_a100_b10
60dfd517a9_00f0e7f365a34acc5911a38c89776a4bdd2ba1685edcd0cc__vs__deff0e697a_00b5defcad6e58038eac35472a2d48c89905068e5ece0cc3_redline_2f2755b316,clean/docx/60dfd517a9_00f0e7f365a34acc5911a38c89776a4bdd2ba1685edcd0cc,clean/docx/deff0e697a_00b5defcad6e58038eac35472a2d48c89905068e5ece0cc3,tracking_without_comments/docx/60dfd517a9_00f0e7f365a34acc5911a38c89776a4bdd2ba1685edcd0cc__vs__deff0e697a_00b5defcad6e58038eac35472a2d48c89905068e5ece0cc3_redline_2f2755b316.docx,tracking_without_comments/pdf/60dfd517a9_00f0e7f365a34acc5911a38c89776a4bdd2ba1685edcd0cc__vs__deff0e697a_00b5defcad6e58038eac35472a2d48c89905068e5ece0cc3_redline_2f2755b316.pdf,tracking_without_comments,2f2755b316,redlines_a100_b10
ca44eef662_super_editor__list_spacer1_06383c66__vs__9322444a3f_behavior__sd_2888_hyperlink_with_ampersand_aaaac_redline_2fe501ccce,clean/docx/ca44eef662_super_editor__list_spacer1_06383c66,clean/docx/9322444a3f_behavior__sd_2888_hyperlink_with_ampersand_aaaac,tracking_without_comments/docx/ca44eef662_super_editor__list_spacer1_06383c66__vs__9322444a3f_behavior__sd_2888_hyperlink_with_ampersand_aaaac_redline_2fe501ccce.docx,tracking_without_comments/pdf/ca44eef662_super_editor__list_spacer1_06383c66__vs__9322444a3f_behavior__sd_2888_hyperlink_with_ampersand_aaaac_redline_2fe501ccce.pdf,tracking_without_comments,2fe501ccce,word_redlines_superdoc_0926
8e362f619c_001a1c8e7a7ce5a802479fb58bf4affd239449ecb33b64ec__vs__bd3824dd1e_000ee64ef7226d353297888f59a251e24ce5d776fea000fa_redline_309cb522fb,clean/docx/8e362f619c_001a1c8e7a7ce5a802479fb58bf4affd239449ecb33b64ec,clean/docx/bd3824dd1e_000ee64ef7226d353297888f59a251e24ce5d776fea000fa,tracking_without_comments/docx/8e362f619c_001a1c8e7a7ce5a802479fb58bf4affd239449ecb33b64ec__vs__bd3824dd1e_000ee64ef7226d353297888f59a251e24ce5d776fea000fa_redline_309cb522fb.docx,tracking_without_comments/pdf/8e362f619c_001a1c8e7a7ce5a802479fb58bf4affd239449ecb33b64ec__vs__bd3824dd1e_000ee64ef7226d353297888f59a251e24ce5d776fea000fa_redline_309cb522fb.pdf,tracking_without_comments,309cb522fb,redlines_a100_b10
0f0620ff98_file_105__vs__c4c962aa85_file_106_redline_30d5d73bfb,clean/docx/0f0620ff98_file_105,clean/docx/c4c962aa85_file_106,tracking_without_comments/docx/0f0620ff98_file_105__vs__c4c962aa85_file_106_redline_30d5d73bfb.docx,tracking_without_comments/pdf/0f0620ff98_file_105__vs__c4c962aa85_file_106_redline_30d5d73bfb.pdf,tracking_without_comments,30d5d73bfb,nocomments_randomized
cc901c34fc_004028ecdee3787e97aed9dafb5feb104b20ab5540af6e39__vs__5203829c7a_001cc92b88566d5f930fe57f25813c0bf52a7bdc72c217d0_redline_3164416c91,clean/docx/cc901c34fc_004028ecdee3787e97aed9dafb5feb104b20ab5540af6e39,clean/docx/5203829c7a_001cc92b88566d5f930fe57f25813c0bf52a7bdc72c217d0,tracking_without_comments/docx/cc901c34fc_004028ecdee3787e97aed9dafb5feb104b20ab5540af6e39__vs__5203829c7a_001cc92b88566d5f930fe57f25813c0bf52a7bdc72c217d0_redline_3164416c91.docx,tracking_without_comments/pdf/cc901c34fc_004028ecdee3787e97aed9dafb5feb104b20ab5540af6e39__vs__5203829c7a_001cc92b88566d5f930fe57f25813c0bf52a7bdc72c217d0_redline_3164416c91.pdf,tracking_without_comments,3164416c91,redlines_a100_b10
053db61e03_file_198__vs__bf1e40dbc1_file_199_redline_323a1a1e2c,clean/docx/053db61e03_file_198,clean/docx/bf1e40dbc1_file_199,tracking_without_comments/docx/053db61e03_file_198__vs__bf1e40dbc1_file_199_redline_323a1a1e2c.docx,tracking_without_comments/pdf/053db61e03_file_198__vs__bf1e40dbc1_file_199_redline_323a1a1e2c.pdf,tracking_without_comments,323a1a1e2c,word_based_randomized
f782ae23ec_super_editor__wordoriginatedcomments_c146be65__vs__3539cf2404_cli_legacy__replace_test_0a793f01_redline_3303e707c8,with_comments_tracking/docx/f782ae23ec_super_editor__wordoriginatedcomments_c146be65,with_comments_tracking/docx/3539cf2404_cli_legacy__replace_test_0a793f01,with_comments_tracking/docx/f782ae23ec_super_editor__wordoriginatedcomments_c146be65__vs__3539cf2404_cli_legacy__replace_test_0a793f01_redline_3303e707c8.docx,with_comments_tracking/pdf/f782ae23ec_super_editor__wordoriginatedcomments_c146be65__vs__3539cf2404_cli_legacy__replace_test_0a793f01_redline_3303e707c8.pdf,with_comments_tracking,3303e707c8,word_redlines_superdoc_0926
61e3967518_0011e415331e3b2d8031efcfcfecbb68df0f0b73b26350ce__vs__2e04202552_000e3e7bd2d6215fc7b469cc3e296c1b2a510bc1abc7e0fd_redline_335cc03b23,clean/docx/61e3967518_0011e415331e3b2d8031efcfcfecbb68df0f0b73b26350ce,clean/docx/2e04202552_000e3e7bd2d6215fc7b469cc3e296c1b2a510bc1abc7e0fd,tracking_without_comments/docx/61e3967518_0011e415331e3b2d8031efcfcfecbb68df0f0b73b26350ce__vs__2e04202552_000e3e7bd2d6215fc7b469cc3e296c1b2a510bc1abc7e0fd_redline_335cc03b23.docx,tracking_without_comments/pdf/61e3967518_0011e415331e3b2d8031efcfcfecbb68df0f0b73b26350ce__vs__2e04202552_000e3e7bd2d6215fc7b469cc3e296c1b2a510bc1abc7e0fd_redline_335cc03b23.pdf,tracking_without_comments,335cc03b23,redlines_a100_b10
5cffc4ccab_center_bold_demo_id_paraid_overflow__vs__2b6b459ed7_clear_formatting_demo_id_paraid_overflow_redline_3416ae8421,clean/docx/5cffc4ccab_center_bold_demo_id_paraid_overflow,clean/docx/2b6b459ed7_clear_formatting_demo_id_paraid_overflow,tracking_without_comments/docx/5cffc4ccab_center_bold_demo_id_paraid_overflow__vs__2b6b459ed7_clear_formatting_demo_id_paraid_overflow_redline_3416ae8421.docx,tracking_without_comments/pdf/5cffc4ccab_center_bold_demo_id_paraid_overflow__vs__2b6b459ed7_clear_formatting_demo_id_paraid_overflow_redline_3416ae8421.pdf,tracking_without_comments,3416ae8421,nocomments
5c207ef361_super_editor__font_formatting_runs_8be3565a__vs__bb9c5a8bd5_doc_api_stories__table_style_options_roundtrip_1_redline_34e52d37ea,with_comments_tracking/docx/5c207ef361_super_editor__font_formatting_runs_8be3565a,clean/docx/bb9c5a8bd5_doc_api_stories__table_style_options_roundtrip_1,with_comments_tracking/docx/5c207ef361_super_editor__font_formatting_runs_8be3565a__vs__bb9c5a8bd5_doc_api_stories__table_style_options_roundtrip_1_redline_34e52d37ea.docx,with_comments_tracking/pdf/5c207ef361_super_editor__font_formatting_runs_8be3565a__vs__bb9c5a8bd5_doc_api_stories__table_style_options_roundtrip_1_redline_34e52d37ea.pdf,with_comments_tracking,34e52d37ea,word_redlines_superdoc
66295ae1b4_f97122253fa674a65fc7cdfc7912a42df48b17cb344279c2__vs__f435895080_f9a3b083d2ff2dd000f4daded647d16c9e0e8c466544c7ea_redline_357b04b245,clean/docx/66295ae1b4_f97122253fa674a65fc7cdfc7912a42df48b17cb344279c2,clean/docx/f435895080_f9a3b083d2ff2dd000f4daded647d16c9e0e8c466544c7ea,tracking_without_comments/docx/66295ae1b4_f97122253fa674a65fc7cdfc7912a42df48b17cb344279c2__vs__f435895080_f9a3b083d2ff2dd000f4daded647d16c9e0e8c466544c7ea_redline_357b04b245.docx,tracking_without_comments/pdf/66295ae1b4_f97122253fa674a65fc7cdfc7912a42df48b17cb344279c2__vs__f435895080_f9a3b083d2ff2dd000f4daded647d16c9e0e8c466544c7ea_redline_357b04b245.pdf,tracking_without_comments,357b04b245,redlines_en_500
4ba01802a7_super_editor__diff_after_10f1912e__vs__c498e8c52c_super_editor__contract_acc_bbd983a0_redline_362913bbc7,clean/docx/4ba01802a7_super_editor__diff_after_10f1912e,clean/docx/c498e8c52c_super_editor__contract_acc_bbd983a0,tracking_without_comments/docx/4ba01802a7_super_editor__diff_after_10f1912e__vs__c498e8c52c_super_editor__contract_acc_bbd983a0_redline_362913bbc7.docx,tracking_without_comments/pdf/4ba01802a7_super_editor__diff_after_10f1912e__vs__c498e8c52c_super_editor__contract_acc_bbd983a0_redline_362913bbc7.pdf,tracking_without_comments,362913bbc7,word_redlines_superdoc
f786f1da65_001921017566904561ee8ce26ec591c5fb4cd1655b295518__vs__333bfe069a_003416d620331122b93b434dad901db5836f60d2cad4b533_redline_3794c2d672,clean/docx/f786f1da65_001921017566904561ee8ce26ec591c5fb4cd1655b295518,clean/docx/333bfe069a_003416d620331122b93b434dad901db5836f60d2cad4b533,tracking_without_comments/docx/f786f1da65_001921017566904561ee8ce26ec591c5fb4cd1655b295518__vs__333bfe069a_003416d620331122b93b434dad901db5836f60d2cad4b533_redline_3794c2d672.docx,tracking_without_comments/pdf/f786f1da65_001921017566904561ee8ce26ec591c5fb4cd1655b295518__vs__333bfe069a_003416d620331122b93b434dad901db5836f60d2cad4b533_redline_3794c2d672.pdf,tracking_without_comments,3794c2d672,redlines_a100_b10
87dc2ebfec_00ee07057c69b24e2be4bf1a2684792bf6141fdccc35d075__vs__deff0e697a_00b5defcad6e58038eac35472a2d48c89905068e5ece0cc3_redline_37f5506f86,clean/docx/87dc2ebfec_00ee07057c69b24e2be4bf1a2684792bf6141fdccc35d075,clean/docx/deff0e697a_00b5defcad6e58038eac35472a2d48c89905068e5ece0cc3,tracking_without_comments/docx/87dc2ebfec_00ee07057c69b24e2be4bf1a2684792bf6141fdccc35d075__vs__deff0e697a_00b5defcad6e58038eac35472a2d48c89905068e5ece0cc3_redline_37f5506f86.docx,tracking_without_comments/pdf/87dc2ebfec_00ee07057c69b24e2be4bf1a2684792bf6141fdccc35d075__vs__deff0e697a_00b5defcad6e58038eac35472a2d48c89905068e5ece0cc3_redline_37f5506f86.pdf,tracking_without_comments,37f5506f86,redlines_a100_b10
a3df367231_001a6655d72fbecf6a1d10e479eee052a779d6ba1d0848d7__vs__1424386e9b_017447de83753a0e3b7afc659df038ef56972925336c6a5b_redline_394edcad89,clean/docx/a3df367231_001a6655d72fbecf6a1d10e479eee052a779d6ba1d0848d7,clean/docx/1424386e9b_017447de83753a0e3b7afc659df038ef56972925336c6a5b,tracking_without_comments/docx/a3df367231_001a6655d72fbecf6a1d10e479eee052a779d6ba1d0848d7__vs__1424386e9b_017447de83753a0e3b7afc659df038ef56972925336c6a5b_redline_394edcad89.docx,tracking_without_comments/pdf/a3df367231_001a6655d72fbecf6a1d10e479eee052a779d6ba1d0848d7__vs__1424386e9b_017447de83753a0e3b7afc659df038ef56972925336c6a5b_redline_394edcad89.pdf,tracking_without_comments,394edcad89,redlines_a100_b10
246c7fcf50_0eba5f06bc3ec2c3dcaf59bb2ddb3aea1629ebc6ab22fb21__vs__89e56b3180_bf0737f04c1281a1f1596841210b4676a5c87af074c34af3_redline_3a54118ac6,clean/docx/246c7fcf50_0eba5f06bc3ec2c3dcaf59bb2ddb3aea1629ebc6ab22fb21,clean/docx/89e56b3180_bf0737f04c1281a1f1596841210b4676a5c87af074c34af3,tracking_without_comments/docx/246c7fcf50_0eba5f06bc3ec2c3dcaf59bb2ddb3aea1629ebc6ab22fb21__vs__89e56b3180_bf0737f04c1281a1f1596841210b4676a5c87af074c34af3_redline_3a54118ac6.docx,tracking_without_comments/pdf/246c7fcf50_0eba5f06bc3ec2c3dcaf59bb2ddb3aea1629ebc6ab22fb21__vs__89e56b3180_bf0737f04c1281a1f1596841210b4676a5c87af074c34af3_redline_3a54118ac6.pdf,tracking_without_comments,3a54118ac6,redlines_en_500
98c8b73841_0041d3944715c2fffc5929695f968e5f399e85b139fba063__vs__2e04202552_000e3e7bd2d6215fc7b469cc3e296c1b2a510bc1abc7e0fd_redline_3b09d6afde,clean/docx/98c8b73841_0041d3944715c2fffc5929695f968e5f399e85b139fba063,clean/docx/2e04202552_000e3e7bd2d6215fc7b469cc3e296c1b2a510bc1abc7e0fd,tracking_without_comments/docx/98c8b73841_0041d3944715c2fffc5929695f968e5f399e85b139fba063__vs__2e04202552_000e3e7bd2d6215fc7b469cc3e296c1b2a510bc1abc7e0fd_redline_3b09d6afde.docx,tracking_without_comments/pdf/98c8b73841_0041d3944715c2fffc5929695f968e5f399e85b139fba063__vs__2e04202552_000e3e7bd2d6215fc7b469cc3e296c1b2a510bc1abc7e0fd_redline_3b09d6afde.pdf,tracking_without_comments,3b09d6afde,redlines_a100_b10
b51a7a465b_998e62501ae726f2b68ab460f7fad55f18c3bb110bfc07c4__vs__4910ce2060_8cca05f3991d33efca1a8fc83122be4940de0d3743e04244_redline_3b57d40fff,clean/docx/b51a7a465b_998e62501ae726f2b68ab460f7fad55f18c3bb110bfc07c4,clean/docx/4910ce2060_8cca05f3991d33efca1a8fc83122be4940de0d3743e04244,tracking_without_comments/docx/b51a7a465b_998e62501ae726f2b68ab460f7fad55f18c3bb110bfc07c4__vs__4910ce2060_8cca05f3991d33efca1a8fc83122be4940de0d3743e04244_redline_3b57d40fff.docx,tracking_without_comments/pdf/b51a7a465b_998e62501ae726f2b68ab460f7fad55f18c3bb110bfc07c4__vs__4910ce2060_8cca05f3991d33efca1a8fc83122be4940de0d3743e04244_redline_3b57d40fff.pdf,tracking_without_comments,3b57d40fff,redlines_en_500
476ab12079_e5c04599c47237de235c238feb7a4e6e006cc7ff15ecc70a__vs__01d8d30dcd_64a215ef9dd6ba45700f8bae07a22142ee74112b569d3e88_redline_3bc1b275af,clean/docx/476ab12079_e5c04599c47237de235c238feb7a4e6e006cc7ff15ecc70a,clean/docx/01d8d30dcd_64a215ef9dd6ba45700f8bae07a22142ee74112b569d3e88,tracking_without_comments/docx/476ab12079_e5c04599c47237de235c238feb7a4e6e006cc7ff15ecc70a__vs__01d8d30dcd_64a215ef9dd6ba45700f8bae07a22142ee74112b569d3e88_redline_3bc1b275af.docx,tracking_without_comments/pdf/476ab12079_e5c04599c47237de235c238feb7a4e6e006cc7ff15ecc70a__vs__01d8d30dcd_64a215ef9dd6ba45700f8bae07a22142ee74112b569d3e88_redline_3bc1b275af.pdf,tracking_without_comments,3bc1b275af,redlines_en_500
dc0cc27640_00749d7a966661b332df84521285ab93426ed3a255523f39__vs__deff0e697a_00b5defcad6e58038eac35472a2d48c89905068e5ece0cc3_redline_3c6ff98415,clean/docx/dc0cc27640_00749d7a966661b332df84521285ab93426ed3a255523f39,clean/docx/deff0e697a_00b5defcad6e58038eac35472a2d48c89905068e5ece0cc3,tracking_without_comments/docx/dc0cc27640_00749d7a966661b332df84521285ab93426ed3a255523f39__vs__deff0e697a_00b5defcad6e58038eac35472a2d48c89905068e5ece0cc3_redline_3c6ff98415.docx,tracking_without_comments/pdf/dc0cc27640_00749d7a966661b332df84521285ab93426ed3a255523f39__vs__deff0e697a_00b5defcad6e58038eac35472a2d48c89905068e5ece0cc3_redline_3c6ff98415.pdf,tracking_without_comments,3c6ff98415,redlines_a100_b10
5b421850d5_super_editor__ooxml_strike_rstyle_linked_combos__vs__1e1f1ad583_super_editor__diff_before2_ca0c6859_redline_3ce72acbe2,clean/docx/5b421850d5_super_editor__ooxml_strike_rstyle_linked_combos,clean/docx/1e1f1ad583_super_editor__diff_before2_ca0c6859,tracking_without_comments/docx/5b421850d5_super_editor__ooxml_strike_rstyle_linked_combos__vs__1e1f1ad583_super_editor__diff_before2_ca0c6859_redline_3ce72acbe2.docx,tracking_without_comments/pdf/5b421850d5_super_editor__ooxml_strike_rstyle_linked_combos__vs__1e1f1ad583_super_editor__diff_before2_ca0c6859_redline_3ce72acbe2.pdf,tracking_without_comments,3ce72acbe2,word_redlines_superdoc_0926
762b93bdb0_0107d2107b381c077b42490f7ff21e861a60c27ba32886ca__vs__a5f2b9318d_002aa60c2ae1187417b4b157c5ec6450324cc056ec551a12_redline_3d8ad121ed,clean/docx/762b93bdb0_0107d2107b381c077b42490f7ff21e861a60c27ba32886ca,clean/docx/a5f2b9318d_002aa60c2ae1187417b4b157c5ec6450324cc056ec551a12,tracking_without_comments/docx/762b93bdb0_0107d2107b381c077b42490f7ff21e861a60c27ba32886ca__vs__a5f2b9318d_002aa60c2ae1187417b4b157c5ec6450324cc056ec551a12_redline_3d8ad121ed.docx,tracking_without_comments/pdf/762b93bdb0_0107d2107b381c077b42490f7ff21e861a60c27ba32886ca__vs__a5f2b9318d_002aa60c2ae1187417b4b157c5ec6450324cc056ec551a12_redline_3d8ad121ed.pdf,tracking_without_comments,3d8ad121ed,redlines_a100_b10
26ce1d6300_super_editor__diff_after5_9fb9d5b4__vs__2e41610325_super_editor__diff_after6_5f9799d0_redline_3e3a4c751f,clean/docx/26ce1d6300_super_editor__diff_after5_9fb9d5b4,clean/docx/2e41610325_super_editor__diff_after6_5f9799d0,tracking_without_comments/docx/26ce1d6300_super_editor__diff_after5_9fb9d5b4__vs__2e41610325_super_editor__diff_after6_5f9799d0_redline_3e3a4c751f.docx,tracking_without_comments/pdf/26ce1d6300_super_editor__diff_after5_9fb9d5b4__vs__2e41610325_super_editor__diff_after6_5f9799d0_redline_3e3a4c751f.pdf,tracking_without_comments,3e3a4c751f,word_redlines_superdoc_0926
d09a2f8509_00b5aa69a6c33b2725953348488d62605dc209411d01f80a__vs__2e04202552_000e3e7bd2d6215fc7b469cc3e296c1b2a510bc1abc7e0fd_redline_3eae2fcfd5,clean/docx/d09a2f8509_00b5aa69a6c33b2725953348488d62605dc209411d01f80a,clean/docx/2e04202552_000e3e7bd2d6215fc7b469cc3e296c1b2a510bc1abc7e0fd,tracking_without_comments/docx/d09a2f8509_00b5aa69a6c33b2725953348488d62605dc209411d01f80a__vs__2e04202552_000e3e7bd2d6215fc7b469cc3e296c1b2a510bc1abc7e0fd_redline_3eae2fcfd5.docx,tracking_without_comments/pdf/d09a2f8509_00b5aa69a6c33b2725953348488d62605dc209411d01f80a__vs__2e04202552_000e3e7bd2d6215fc7b469cc3e296c1b2a510bc1abc7e0fd_redline_3eae2fcfd5.pdf,tracking_without_comments,3eae2fcfd5,redlines_a100_b10
29379c07bf_002adf0715eed4d213774c26c60c78624c2a3cbb3d0397d2__vs__5203829c7a_001cc92b88566d5f930fe57f25813c0bf52a7bdc72c217d0_redline_3f1f7e911f,clean/docx/29379c07bf_002adf0715eed4d213774c26c60c78624c2a3cbb3d0397d2,clean/docx/5203829c7a_001cc92b88566d5f930fe57f25813c0bf52a7bdc72c217d0,tracking_without_comments/docx/29379c07bf_002adf0715eed4d213774c26c60c78624c2a3cbb3d0397d2__vs__5203829c7a_001cc92b88566d5f930fe57f25813c0bf52a7bdc72c217d0_redline_3f1f7e911f.docx,tracking_without_comments/pdf/29379c07bf_002adf0715eed4d213774c26c60c78624c2a3cbb3d0397d2__vs__5203829c7a_001cc92b88566d5f930fe57f25813c0bf52a7bdc72c217d0_redline_3f1f7e911f.pdf,tracking_without_comments,3f1f7e911f,redlines_a100_b10
00f467c010_0008753aa70a6a7b929aa1958001da41574c2d407e5b9863__vs__1424386e9b_017447de83753a0e3b7afc659df038ef56972925336c6a5b_redline_3f877dde6e,clean/docx/00f467c010_0008753aa70a6a7b929aa1958001da41574c2d407e5b9863,clean/docx/1424386e9b_017447de83753a0e3b7afc659df038ef56972925336c6a5b,tracking_without_comments/docx/00f467c010_0008753aa70a6a7b929aa1958001da41574c2d407e5b9863__vs__1424386e9b_017447de83753a0e3b7afc659df038ef56972925336c6a5b_redline_3f877dde6e.docx,tracking_without_comments/pdf/00f467c010_0008753aa70a6a7b929aa1958001da41574c2d407e5b9863__vs__1424386e9b_017447de83753a0e3b7afc659df038ef56972925336c6a5b_redline_3f877dde6e.pdf,tracking_without_comments,3f877dde6e,redlines_a100_b10
08286ffbfb_super_editor__basic_resolved_comment_cac5a1b0__vs__5fa01813d3_super_editor__basic_table_shading_d3212ffd_redline_3fdab4ace6,with_comments_clean/docx/08286ffbfb_super_editor__basic_resolved_comment_cac5a1b0,clean/docx/5fa01813d3_super_editor__basic_table_shading_d3212ffd,with_comments_tracking/docx/08286ffbfb_super_editor__basic_resolved_comment_cac5a1b0__vs__5fa01813d3_super_editor__basic_table_shading_d3212ffd_redline_3fdab4ace6.docx,with_comments_tracking/pdf/08286ffbfb_super_editor__basic_resolved_comment_cac5a1b0__vs__5fa01813d3_super_editor__basic_table_shading_d3212ffd_redline_3fdab4ace6.pdf,with_comments_tracking,3fdab4ace6,word_redlines_superdoc
603760a2cb_035619503cc9d1833603cf8827e6ce3a24b46c012a309360__vs__b6bf1a1e8b_025114ac4b922e013686836213f363671dd941624af8bc42_redline_408597db4d,clean/docx/603760a2cb_035619503cc9d1833603cf8827e6ce3a24b46c012a309360,clean/docx/b6bf1a1e8b_025114ac4b922e013686836213f363671dd941624af8bc42,tracking_without_comments/docx/603760a2cb_035619503cc9d1833603cf8827e6ce3a24b46c012a309360__vs__b6bf1a1e8b_025114ac4b922e013686836213f363671dd941624af8bc42_redline_408597db4d.docx,tracking_without_comments/pdf/603760a2cb_035619503cc9d1833603cf8827e6ce3a24b46c012a309360__vs__b6bf1a1e8b_025114ac4b922e013686836213f363671dd941624af8bc42_redline_408597db4d.pdf,tracking_without_comments,408597db4d,redlines_en_500
f9b9dbd790_0017bce9abd08007241b106f0fcf1d64e45c05cd82a05a1d__vs__5203829c7a_001cc92b88566d5f930fe57f25813c0bf52a7bdc72c217d0_redline_415fa42f00,clean/docx/f9b9dbd790_0017bce9abd08007241b106f0fcf1d64e45c05cd82a05a1d,clean/docx/5203829c7a_001cc92b88566d5f930fe57f25813c0bf52a7bdc72c217d0,tracking_without_comments/docx/f9b9dbd790_0017bce9abd08007241b106f0fcf1d64e45c05cd82a05a1d__vs__5203829c7a_001cc92b88566d5f930fe57f25813c0bf52a7bdc72c217d0_redline_415fa42f00.docx,tracking_without_comments/pdf/f9b9dbd790_0017bce9abd08007241b106f0fcf1d64e45c05cd82a05a1d__vs__5203829c7a_001cc92b88566d5f930fe57f25813c0bf52a7bdc72c217d0_redline_415fa42f00.pdf,tracking_without_comments,415fa42f00,redlines_a100_b10
aa58aada65_00160046fb2516a560a9681d7ae3e6f4659af57d19555d4e__vs__aa5340125d_00a4b0b91e9b5b072dc3771391c2d608518690eccf44eae8_redline_420292c772,clean/docx/aa58aada65_00160046fb2516a560a9681d7ae3e6f4659af57d19555d4e,clean/docx/aa5340125d_00a4b0b91e9b5b072dc3771391c2d608518690eccf44eae8,tracking_without_comments/docx/aa58aada65_00160046fb2516a560a9681d7ae3e6f4659af57d19555d4e__vs__aa5340125d_00a4b0b91e9b5b072dc3771391c2d608518690eccf44eae8_redline_420292c772.docx,tracking_without_comments/pdf/aa58aada65_00160046fb2516a560a9681d7ae3e6f4659af57d19555d4e__vs__aa5340125d_00a4b0b91e9b5b072dc3771391c2d608518690eccf44eae8_redline_420292c772.pdf,tracking_without_comments,420292c772,redlines_a100_b10
ee5340ce7b_eb4037d30b4ce8e20b38c3fe9dc5cd26497403eaf48a0720__vs__d6c79519b8_767e1d623887009c26871f675c0d80e63b5b2558486b2c27_redline_42878027b0,clean/docx/ee5340ce7b_eb4037d30b4ce8e20b38c3fe9dc5cd26497403eaf48a0720,clean/docx/d6c79519b8_767e1d623887009c26871f675c0d80e63b5b2558486b2c27,tracking_without_comments/docx/ee5340ce7b_eb4037d30b4ce8e20b38c3fe9dc5cd26497403eaf48a0720__vs__d6c79519b8_767e1d623887009c26871f675c0d80e63b5b2558486b2c27_redline_42878027b0.docx,tracking_without_comments/pdf/ee5340ce7b_eb4037d30b4ce8e20b38c3fe9dc5cd26497403eaf48a0720__vs__d6c79519b8_767e1d623887009c26871f675c0d80e63b5b2558486b2c27_redline_42878027b0.pdf,tracking_without_comments,42878027b0,redlines_en_500
a94f4c516b_text_box__vs__356b7a3629_text_highlight_demo_style_default_missing_redline_4300f2f735,clean/docx/a94f4c516b_text_box,clean/docx/356b7a3629_text_highlight_demo_style_default_missing,tracking_without_comments/docx/a94f4c516b_text_box__vs__356b7a3629_text_highlight_demo_style_default_missing_redline_4300f2f735.docx,tracking_without_comments/pdf/a94f4c516b_text_box__vs__356b7a3629_text_highlight_demo_style_default_missing_redline_4300f2f735.pdf,tracking_without_comments,4300f2f735,word_based;fixtures_word_compares
f786f1da65_001921017566904561ee8ce26ec591c5fb4cd1655b295518__vs__1424386e9b_017447de83753a0e3b7afc659df038ef56972925336c6a5b_redline_4364428e37,clean/docx/f786f1da65_001921017566904561ee8ce26ec591c5fb4cd1655b295518,clean/docx/1424386e9b_017447de83753a0e3b7afc659df038ef56972925336c6a5b,tracking_without_comments/docx/f786f1da65_001921017566904561ee8ce26ec591c5fb4cd1655b295518__vs__1424386e9b_017447de83753a0e3b7afc659df038ef56972925336c6a5b_redline_4364428e37.docx,tracking_without_comments/pdf/f786f1da65_001921017566904561ee8ce26ec591c5fb4cd1655b295518__vs__1424386e9b_017447de83753a0e3b7afc659df038ef56972925336c6a5b_redline_4364428e37.pdf,tracking_without_comments,4364428e37,redlines_a100_b10
1af519ea80_70f204d319c24805b53d2e2861444dacb88ec67270923593__vs__65d98e4fb6_6cc9c420e9f220d99876ff3c50cc3b6bc94034863bfea1ac_redline_440c36d875,clean/docx/1af519ea80_70f204d319c24805b53d2e2861444dacb88ec67270923593,clean/docx/65d98e4fb6_6cc9c420e9f220d99876ff3c50cc3b6bc94034863bfea1ac,tracking_without_comments/docx/1af519ea80_70f204d319c24805b53d2e2861444dacb88ec67270923593__vs__65d98e4fb6_6cc9c420e9f220d99876ff3c50cc3b6bc94034863bfea1ac_redline_440c36d875.docx,tracking_without_comments/pdf/1af519ea80_70f204d319c24805b53d2e2861444dacb88ec67270923593__vs__65d98e4fb6_6cc9c420e9f220d99876ff3c50cc3b6bc94034863bfea1ac_redline_440c36d875.pdf,tracking_without_comments,440c36d875,redlines_en_500
ef7218d9e8_001893584bf94ff30c98db48cb8a0ea0ea5abc048f3e1a4d__vs__342f364d46_001342333d45627868f4dc5282abbba4598a91b4a7584b08_redline_44a468bfc6,clean/docx/ef7218d9e8_001893584bf94ff30c98db48cb8a0ea0ea5abc048f3e1a4d,clean/docx/342f364d46_001342333d45627868f4dc5282abbba4598a91b4a7584b08,tracking_without_comments/docx/ef7218d9e8_001893584bf94ff30c98db48cb8a0ea0ea5abc048f3e1a4d__vs__342f364d46_001342333d45627868f4dc5282abbba4598a91b4a7584b08_redline_44a468bfc6.docx,tracking_without_comments/pdf/ef7218d9e8_001893584bf94ff30c98db48cb8a0ea0ea5abc048f3e1a4d__vs__342f364d46_001342333d45627868f4dc5282abbba4598a91b4a7584b08_redline_44a468bfc6.pdf,tracking_without_comments,44a468bfc6,redlines_a100_b10
2e7f1e6637_0120556a0553eb1ba39978d5911b7ce62be10a9bdc7c9191__vs__5203829c7a_001cc92b88566d5f930fe57f25813c0bf52a7bdc72c217d0_redline_45a15c2fab,clean/docx/2e7f1e6637_0120556a0553eb1ba39978d5911b7ce62be10a9bdc7c9191,clean/docx/5203829c7a_001cc92b88566d5f930fe57f25813c0bf52a7bdc72c217d0,tracking_without_comments/docx/2e7f1e6637_0120556a0553eb1ba39978d5911b7ce62be10a9bdc7c9191__vs__5203829c7a_001cc92b88566d5f930fe57f25813c0bf52a7bdc72c217d0_redline_45a15c2fab.docx,tracking_without_comments/pdf/2e7f1e6637_0120556a0553eb1ba39978d5911b7ce62be10a9bdc7c9191__vs__5203829c7a_001cc92b88566d5f930fe57f25813c0bf52a7bdc72c217d0_redline_45a15c2fab.pdf,tracking_without_comments,45a15c2fab,redlines_a100_b10
1e0254763b_strict01__vs__f5bac425cd_word_tolerated_broken_media_rel_redline_46d171fe5b,tracking_without_comments/docx/1e0254763b_strict01,clean/docx/f5bac425cd_word_tolerated_broken_media_rel,tracking_without_comments/docx/1e0254763b_strict01__vs__f5bac425cd_word_tolerated_broken_media_rel_redline_46d171fe5b.docx,tracking_without_comments/pdf/1e0254763b_strict01__vs__f5bac425cd_word_tolerated_broken_media_rel_redline_46d171fe5b.pdf,tracking_without_comments,46d171fe5b,nocomments
9c0dd6b3f6_file_147__vs__43e6fedf3f_file_148_redline_47de2f6a82,clean/docx/9c0dd6b3f6_file_147,clean/docx/43e6fedf3f_file_148,tracking_without_comments/docx/9c0dd6b3f6_file_147__vs__43e6fedf3f_file_148_redline_47de2f6a82.docx,tracking_without_comments/pdf/9c0dd6b3f6_file_147__vs__43e6fedf3f_file_148_redline_47de2f6a82.pdf,tracking_without_comments,47de2f6a82,word_based_randomized
860b6e457e_superscript_demo_id_paraid_overflow__vs__af458715aa_superscript_demo_style_default_missing_redline_48919d9064,clean/docx/860b6e457e_superscript_demo_id_paraid_overflow,clean/docx/af458715aa_superscript_demo_style_default_missing,tracking_without_comments/docx/860b6e457e_superscript_demo_id_paraid_overflow__vs__af458715aa_superscript_demo_style_default_missing_redline_48919d9064.docx,tracking_without_comments/pdf/860b6e457e_superscript_demo_id_paraid_overflow__vs__af458715aa_superscript_demo_style_default_missing_redline_48919d9064.pdf,tracking_without_comments,48919d9064,word_based
286955227d_0134fe85fb88da2accd6637e1c44bdd4f8b7fbb533bd47ba__vs__2e04202552_000e3e7bd2d6215fc7b469cc3e296c1b2a510bc1abc7e0fd_redline_493ef36b4e,clean/docx/286955227d_0134fe85fb88da2accd6637e1c44bdd4f8b7fbb533bd47ba,clean/docx/2e04202552_000e3e7bd2d6215fc7b469cc3e296c1b2a510bc1abc7e0fd,tracking_without_comments/docx/286955227d_0134fe85fb88da2accd6637e1c44bdd4f8b7fbb533bd47ba__vs__2e04202552_000e3e7bd2d6215fc7b469cc3e296c1b2a510bc1abc7e0fd_redline_493ef36b4e.docx,tracking_without_comments/pdf/286955227d_0134fe85fb88da2accd6637e1c44bdd4f8b7fbb533bd47ba__vs__2e04202552_000e3e7bd2d6215fc7b469cc3e296c1b2a510bc1abc7e0fd_redline_493ef36b4e.pdf,tracking_without_comments,493ef36b4e,redlines_a100_b10
0018843794_889f4c3958e28978a0d96a95a8938d9eb0dc100e66f7c483__vs__943e62959d_88646e9284c944b7dd39810ba5832dbf955c2892c6161f87_redline_49aa6b8d2f,clean/docx/0018843794_889f4c3958e28978a0d96a95a8938d9eb0dc100e66f7c483,clean/docx/943e62959d_88646e9284c944b7dd39810ba5832dbf955c2892c6161f87,tracking_without_comments/docx/0018843794_889f4c3958e28978a0d96a95a8938d9eb0dc100e66f7c483__vs__943e62959d_88646e9284c944b7dd39810ba5832dbf955c2892c6161f87_redline_49aa6b8d2f.docx,tracking_without_comments/pdf/0018843794_889f4c3958e28978a0d96a95a8938d9eb0dc100e66f7c483__vs__943e62959d_88646e9284c944b7dd39810ba5832dbf955c2892c6161f87_redline_49aa6b8d2f.pdf,tracking_without_comments,49aa6b8d2f,redlines_en_500
2b6c7be6bd_super_editor__nested_comments_84f214bb__vs__18eb110b3b_numwords_fldsimple_redline_4a8b3c676a,with_comments_clean/docx/2b6c7be6bd_super_editor__nested_comments_84f214bb,clean/docx/18eb110b3b_numwords_fldsimple,with_comments_tracking/docx/2b6c7be6bd_super_editor__nested_comments_84f214bb__vs__18eb110b3b_numwords_fldsimple_redline_4a8b3c676a.docx,with_comments_tracking/pdf/2b6c7be6bd_super_editor__nested_comments_84f214bb__vs__18eb110b3b_numwords_fldsimple_redline_4a8b3c676a.pdf,with_comments_tracking,4a8b3c676a,word_redlines_superdoc
38694026fb_0003b3ae2b115676d918e72f694790ddb64563721bb4a48d__vs__aa5340125d_00a4b0b91e9b5b072dc3771391c2d608518690eccf44eae8_redline_4b403788af,clean/docx/38694026fb_0003b3ae2b115676d918e72f694790ddb64563721bb4a48d,clean/docx/aa5340125d_00a4b0b91e9b5b072dc3771391c2d608518690eccf44eae8,tracking_without_comments/docx/38694026fb_0003b3ae2b115676d918e72f694790ddb64563721bb4a48d__vs__aa5340125d_00a4b0b91e9b5b072dc3771391c2d608518690eccf44eae8_redline_4b403788af.docx,tracking_without_comments/pdf/38694026fb_0003b3ae2b115676d918e72f694790ddb64563721bb4a48d__vs__aa5340125d_00a4b0b91e9b5b072dc3771391c2d608518690eccf44eae8_redline_4b403788af.pdf,tracking_without_comments,4b403788af,redlines_a100_b10
a88f2ae357_0095a6095a0f74201c196f4944b3d93f4cf5cc20e4982903__vs__342f364d46_001342333d45627868f4dc5282abbba4598a91b4a7584b08_redline_4bf88ed826,clean/docx/a88f2ae357_0095a6095a0f74201c196f4944b3d93f4cf5cc20e4982903,clean/docx/342f364d46_001342333d45627868f4dc5282abbba4598a91b4a7584b08,tracking_without_comments/docx/a88f2ae357_0095a6095a0f74201c196f4944b3d93f4cf5cc20e4982903__vs__342f364d46_001342333d45627868f4dc5282abbba4598a91b4a7584b08_redline_4bf88ed826.docx,tracking_without_comments/pdf/a88f2ae357_0095a6095a0f74201c196f4944b3d93f4cf5cc20e4982903__vs__342f364d46_001342333d45627868f4dc5282abbba4598a91b4a7584b08_redline_4bf88ed826.pdf,tracking_without_comments,4bf88ed826,redlines_a100_b10
f529133cd5_super_editor__basic_comment_d3ba5f1e__vs__2dc3e97d2a_super_editor__hyperlink_node_52b7695b_redline_4ce07ffaec,with_comments_clean/docx/f529133cd5_super_editor__basic_comment_d3ba5f1e,clean/docx/2dc3e97d2a_super_editor__hyperlink_node_52b7695b,with_comments_tracking/docx/f529133cd5_super_editor__basic_comment_d3ba5f1e__vs__2dc3e97d2a_super_editor__hyperlink_node_52b7695b_redline_4ce07ffaec.docx,with_comments_tracking/pdf/f529133cd5_super_editor__basic_comment_d3ba5f1e__vs__2dc3e97d2a_super_editor__hyperlink_node_52b7695b_redline_4ce07ffaec.pdf,with_comments_tracking,4ce07ffaec,word_redlines_superdoc
0a1badc333_super_editor__missing_sectpr_967a402d__vs__c1023db5c5_super_editor__fields_test_4a8ffd8c_redline_4d1c94901b,clean/docx/0a1badc333_super_editor__missing_sectpr_967a402d,clean/docx/c1023db5c5_super_editor__fields_test_4a8ffd8c,tracking_without_comments/docx/0a1badc333_super_editor__missing_sectpr_967a402d__vs__c1023db5c5_super_editor__fields_test_4a8ffd8c_redline_4d1c94901b.docx,tracking_without_comments/pdf/0a1badc333_super_editor__missing_sectpr_967a402d__vs__c1023db5c5_super_editor__fields_test_4a8ffd8c_redline_4d1c94901b.pdf,tracking_without_comments,4d1c94901b,word_redlines_superdoc
2f23773d63_super_editor__pagination_blank_2a98ed7a__vs__9586202517_super_editor__two_column_two_page_0b8a37c5_redline_4d7ccddfdc,clean/docx/2f23773d63_super_editor__pagination_blank_2a98ed7a,clean/docx/9586202517_super_editor__two_column_two_page_0b8a37c5,tracking_without_comments/docx/2f23773d63_super_editor__pagination_blank_2a98ed7a__vs__9586202517_super_editor__two_column_two_page_0b8a37c5_redline_4d7ccddfdc.docx,tracking_without_comments/pdf/2f23773d63_super_editor__pagination_blank_2a98ed7a__vs__9586202517_super_editor__two_column_two_page_0b8a37c5_redline_4d7ccddfdc.pdf,tracking_without_comments,4d7ccddfdc,word_redlines_superdoc
c7190b3adc_file_31__vs__083826730a_file_32_redline_4e54b171c3,clean/docx/c7190b3adc_file_31,clean/docx/083826730a_file_32,tracking_without_comments/docx/c7190b3adc_file_31__vs__083826730a_file_32_redline_4e54b171c3.docx,tracking_without_comments/pdf/c7190b3adc_file_31__vs__083826730a_file_32_redline_4e54b171c3.pdf,tracking_without_comments,4e54b171c3,word_based_randomized_0926
635dfded4d_red_heading_demo_id_paraid_overflow__vs__3acaee795f_red_strikethrough_demo_style_default_missing_redline_4f5404b0fa,clean/docx/635dfded4d_red_heading_demo_id_paraid_overflow,clean/docx/3acaee795f_red_strikethrough_demo_style_default_missing,tracking_without_comments/docx/635dfded4d_red_heading_demo_id_paraid_overflow__vs__3acaee795f_red_strikethrough_demo_style_default_missing_redline_4f5404b0fa.docx,tracking_without_comments/pdf/635dfded4d_red_heading_demo_id_paraid_overflow__vs__3acaee795f_red_strikethrough_demo_style_default_missing_redline_4f5404b0fa.pdf,tracking_without_comments,4f5404b0fa,fixtures_word_compares;pdf_fill_0928
eb82ad6df1_heading_1_bold_demo_id_paraid_overflow__vs__f6bf50a9ee_heading_1_style_demo_id_paraid_overflow_redline_4fcfb3e558,clean/docx/eb82ad6df1_heading_1_bold_demo_id_paraid_overflow,clean/docx/f6bf50a9ee_heading_1_style_demo_id_paraid_overflow,tracking_without_comments/docx/eb82ad6df1_heading_1_bold_demo_id_paraid_overflow__vs__f6bf50a9ee_heading_1_style_demo_id_paraid_overflow_redline_4fcfb3e558.docx,tracking_without_comments/pdf/eb82ad6df1_heading_1_bold_demo_id_paraid_overflow__vs__f6bf50a9ee_heading_1_style_demo_id_paraid_overflow_redline_4fcfb3e558.pdf,tracking_without_comments,4fcfb3e558,nocomments
3755bf5762_0000a3a991f56b6660c630eb426231a3b4ec31e40313aab9__vs__333bfe069a_003416d620331122b93b434dad901db5836f60d2cad4b533_redline_5050355ef6,clean/docx/3755bf5762_0000a3a991f56b6660c630eb426231a3b4ec31e40313aab9,clean/docx/333bfe069a_003416d620331122b93b434dad901db5836f60d2cad4b533,tracking_without_comments/docx/3755bf5762_0000a3a991f56b6660c630eb426231a3b4ec31e40313aab9__vs__333bfe069a_003416d620331122b93b434dad901db5836f60d2cad4b533_redline_5050355ef6.docx,tracking_without_comments/pdf/3755bf5762_0000a3a991f56b6660c630eb426231a3b4ec31e40313aab9__vs__333bfe069a_003416d620331122b93b434dad901db5836f60d2cad4b533_redline_5050355ef6.pdf,tracking_without_comments,5050355ef6,redlines_a100_b10
b27a2ff1ad_a700d680776964b71b2d897597fb45bb3d9b22b973155bdc__vs__1ba087fe62_a72c54151dc0c8db3e88f7334094c49e60d7ab503f2b9fcb_redline_512b24be1e,clean/docx/b27a2ff1ad_a700d680776964b71b2d897597fb45bb3d9b22b973155bdc,clean/docx/1ba087fe62_a72c54151dc0c8db3e88f7334094c49e60d7ab503f2b9fcb,tracking_without_comments/docx/b27a2ff1ad_a700d680776964b71b2d897597fb45bb3d9b22b973155bdc__vs__1ba087fe62_a72c54151dc0c8db3e88f7334094c49e60d7ab503f2b9fcb_redline_512b24be1e.docx,tracking_without_comments/pdf/b27a2ff1ad_a700d680776964b71b2d897597fb45bb3d9b22b973155bdc__vs__1ba087fe62_a72c54151dc0c8db3e88f7334094c49e60d7ab503f2b9fcb_redline_512b24be1e.pdf,tracking_without_comments,512b24be1e,redlines_en_500
4db02133f5_0007ed60dbbc648e714534360ae72dd054c8322b82ac5609__vs__1424386e9b_017447de83753a0e3b7afc659df038ef56972925336c6a5b_redline_51a6234578,clean/docx/4db02133f5_0007ed60dbbc648e714534360ae72dd054c8322b82ac5609,clean/docx/1424386e9b_017447de83753a0e3b7afc659df038ef56972925336c6a5b,tracking_without_comments/docx/4db02133f5_0007ed60dbbc648e714534360ae72dd054c8322b82ac5609__vs__1424386e9b_017447de83753a0e3b7afc659df038ef56972925336c6a5b_redline_51a6234578.docx,tracking_without_comments/pdf/4db02133f5_0007ed60dbbc648e714534360ae72dd054c8322b82ac5609__vs__1424386e9b_017447de83753a0e3b7afc659df038ef56972925336c6a5b_redline_51a6234578.pdf,tracking_without_comments,51a6234578,redlines_a100_b10
d1b63a3385_superscript_demo_id_paraid_overflow_2__vs__c52c06ab28_superscript_demo_id_paraid_overflow_redline_520b4ff36e,clean/docx/d1b63a3385_superscript_demo_id_paraid_overflow_2,clean/docx/c52c06ab28_superscript_demo_id_paraid_overflow,tracking_without_comments/docx/d1b63a3385_superscript_demo_id_paraid_overflow_2__vs__c52c06ab28_superscript_demo_id_paraid_overflow_redline_520b4ff36e.docx,tracking_without_comments/pdf/d1b63a3385_superscript_demo_id_paraid_overflow_2__vs__c52c06ab28_superscript_demo_id_paraid_overflow_redline_520b4ff36e.pdf,tracking_without_comments,520b4ff36e,nocomments
3bfcb371e2_00003fff80a444ad2f706c74f3c0d9fbef00d7a99ba0c105__vs__a5f2b9318d_002aa60c2ae1187417b4b157c5ec6450324cc056ec551a12_redline_52a3f84699,clean/docx/3bfcb371e2_00003fff80a444ad2f706c74f3c0d9fbef00d7a99ba0c105,clean/docx/a5f2b9318d_002aa60c2ae1187417b4b157c5ec6450324cc056ec551a12,tracking_without_comments/docx/3bfcb371e2_00003fff80a444ad2f706c74f3c0d9fbef00d7a99ba0c105__vs__a5f2b9318d_002aa60c2ae1187417b4b157c5ec6450324cc056ec551a12_redline_52a3f84699.docx,tracking_without_comments/pdf/3bfcb371e2_00003fff80a444ad2f706c74f3c0d9fbef00d7a99ba0c105__vs__a5f2b9318d_002aa60c2ae1187417b4b157c5ec6450324cc056ec551a12_redline_52a3f84699.pdf,tracking_without_comments,52a3f84699,redlines_a100_b10
1eb80036ee_super_editor__diff_before3_19d22832__vs__ced58cbf54_super_editor__sd_1494_table_left_indent_03277d35_redline_5308c390fa,clean/docx/1eb80036ee_super_editor__diff_before3_19d22832,clean/docx/ced58cbf54_super_editor__sd_1494_table_left_indent_03277d35,tracking_without_comments/docx/1eb80036ee_super_editor__diff_before3_19d22832__vs__ced58cbf54_super_editor__sd_1494_table_left_indent_03277d35_redline_5308c390fa.docx,tracking_without_comments/pdf/1eb80036ee_super_editor__diff_before3_19d22832__vs__ced58cbf54_super_editor__sd_1494_table_left_indent_03277d35_redline_5308c390fa.pdf,tracking_without_comments,5308c390fa,word_redlines_superdoc_0926
98c8b73841_0041d3944715c2fffc5929695f968e5f399e85b139fba063__vs__aa5340125d_00a4b0b91e9b5b072dc3771391c2d608518690eccf44eae8_redline_53b52b7b2d,clean/docx/98c8b73841_0041d3944715c2fffc5929695f968e5f399e85b139fba063,clean/docx/aa5340125d_00a4b0b91e9b5b072dc3771391c2d608518690eccf44eae8,tracking_without_comments/docx/98c8b73841_0041d3944715c2fffc5929695f968e5f399e85b139fba063__vs__aa5340125d_00a4b0b91e9b5b072dc3771391c2d608518690eccf44eae8_redline_53b52b7b2d.docx,tracking_without_comments/pdf/98c8b73841_0041d3944715c2fffc5929695f968e5f399e85b139fba063__vs__aa5340125d_00a4b0b91e9b5b072dc3771391c2d608518690eccf44eae8_redline_53b52b7b2d.pdf,tracking_without_comments,53b52b7b2d,redlines_a100_b10
cc901c34fc_004028ecdee3787e97aed9dafb5feb104b20ab5540af6e39__vs__aa5340125d_00a4b0b91e9b5b072dc3771391c2d608518690eccf44eae8_redline_54301b1456,clean/docx/cc901c34fc_004028ecdee3787e97aed9dafb5feb104b20ab5540af6e39,clean/docx/aa5340125d_00a4b0b91e9b5b072dc3771391c2d608518690eccf44eae8,tracking_without_comments/docx/cc901c34fc_004028ecdee3787e97aed9dafb5feb104b20ab5540af6e39__vs__aa5340125d_00a4b0b91e9b5b072dc3771391c2d608518690eccf44eae8_redline_54301b1456.docx,tracking_without_comments/pdf/cc901c34fc_004028ecdee3787e97aed9dafb5feb104b20ab5540af6e39__vs__aa5340125d_00a4b0b91e9b5b072dc3771391c2d608518690eccf44eae8_redline_54301b1456.pdf,tracking_without_comments,54301b1456,redlines_a100_b10
45c1c5abec_table_vmerge_colspan__vs__a94f4c516b_text_box_redline_54dd9bf0c3,clean/docx/45c1c5abec_table_vmerge_colspan,clean/docx/a94f4c516b_text_box,tracking_without_comments/docx/45c1c5abec_table_vmerge_colspan__vs__a94f4c516b_text_box_redline_54dd9bf0c3.docx,tracking_without_comments/pdf/45c1c5abec_table_vmerge_colspan__vs__a94f4c516b_text_box_redline_54dd9bf0c3.pdf,tracking_without_comments,54dd9bf0c3,word_based_0926
049a315896_super_editor__hyperlink_multiple_runs_0138c312__vs__fd68f70f24_super_editor__ooxml_highlight_rstyle_linked_comb_redline_5593a84995,clean/docx/049a315896_super_editor__hyperlink_multiple_runs_0138c312,clean/docx/fd68f70f24_super_editor__ooxml_highlight_rstyle_linked_comb,tracking_without_comments/docx/049a315896_super_editor__hyperlink_multiple_runs_0138c312__vs__fd68f70f24_super_editor__ooxml_highlight_rstyle_linked_comb_redline_5593a84995.docx,tracking_without_comments/pdf/049a315896_super_editor__hyperlink_multiple_runs_0138c312__vs__fd68f70f24_super_editor__ooxml_highlight_rstyle_linked_comb_redline_5593a84995.pdf,tracking_without_comments,5593a84995,word_redlines_superdoc
f94aeed5f5_001f4e98e9744f89b6f26b3741cb6439f8131bf89659230e__vs__342f364d46_001342333d45627868f4dc5282abbba4598a91b4a7584b08_redline_564d441d36,clean/docx/f94aeed5f5_001f4e98e9744f89b6f26b3741cb6439f8131bf89659230e,clean/docx/342f364d46_001342333d45627868f4dc5282abbba4598a91b4a7584b08,tracking_without_comments/docx/f94aeed5f5_001f4e98e9744f89b6f26b3741cb6439f8131bf89659230e__vs__342f364d46_001342333d45627868f4dc5282abbba4598a91b4a7584b08_redline_564d441d36.docx,tracking_without_comments/pdf/f94aeed5f5_001f4e98e9744f89b6f26b3741cb6439f8131bf89659230e__vs__342f364d46_001342333d45627868f4dc5282abbba4598a91b4a7584b08_redline_564d441d36.pdf,tracking_without_comments,564d441d36,redlines_a100_b10
b8ba7fb082_file_115__vs__02d3862b8b_file_116_redline_579738cc2d,tracking_without_comments/docx/b8ba7fb082_file_115,clean/docx/02d3862b8b_file_116,tracking_without_comments/docx/b8ba7fb082_file_115__vs__02d3862b8b_file_116_redline_579738cc2d.docx,tracking_without_comments/pdf/b8ba7fb082_file_115__vs__02d3862b8b_file_116_redline_579738cc2d.pdf,tracking_without_comments,579738cc2d,nocomments_randomized
9f9fd7010e_file_129__vs__e80f3a578d_file_130_redline_57f4eb65ff,clean/docx/9f9fd7010e_file_129,clean/docx/e80f3a578d_file_130,tracking_without_comments/docx/9f9fd7010e_file_129__vs__e80f3a578d_file_130_redline_57f4eb65ff.docx,tracking_without_comments/pdf/9f9fd7010e_file_129__vs__e80f3a578d_file_130_redline_57f4eb65ff.pdf,tracking_without_comments,57f4eb65ff,nocomments_randomized
47400ffd33_file_127__vs__d62736ce40_file_128_redline_585b8c8d12,tracking_without_comments/docx/47400ffd33_file_127,tracking_without_comments/docx/d62736ce40_file_128,tracking_without_comments/docx/47400ffd33_file_127__vs__d62736ce40_file_128_redline_585b8c8d12.docx,tracking_without_comments/pdf/47400ffd33_file_127__vs__d62736ce40_file_128_redline_585b8c8d12.pdf,tracking_without_comments,585b8c8d12,word_based_randomized_0926
e663016796_behavior__sd_2672_multipara_cell_4d1f068e__vs__c620f64d24_super_editor__hyperlink_node_internal_1c0232f9_redline_59071be97f,clean/docx/e663016796_behavior__sd_2672_multipara_cell_4d1f068e,clean/docx/c620f64d24_super_editor__hyperlink_node_internal_1c0232f9,tracking_without_comments/docx/e663016796_behavior__sd_2672_multipara_cell_4d1f068e__vs__c620f64d24_super_editor__hyperlink_node_internal_1c0232f9_redline_59071be97f.docx,tracking_without_comments/pdf/e663016796_behavior__sd_2672_multipara_cell_4d1f068e__vs__c620f64d24_super_editor__hyperlink_node_internal_1c0232f9_redline_59071be97f.pdf,tracking_without_comments,59071be97f,word_redlines_superdoc_0926
b6dd0b6ae8_015a4f5a16a110026418c0a7f5eefa69ce6d5f9bcfc2d955__vs__333bfe069a_003416d620331122b93b434dad901db5836f60d2cad4b533_redline_59dbbc9d85,clean/docx/b6dd0b6ae8_015a4f5a16a110026418c0a7f5eefa69ce6d5f9bcfc2d955,clean/docx/333bfe069a_003416d620331122b93b434dad901db5836f60d2cad4b533,tracking_without_comments/docx/b6dd0b6ae8_015a4f5a16a110026418c0a7f5eefa69ce6d5f9bcfc2d955__vs__333bfe069a_003416d620331122b93b434dad901db5836f60d2cad4b533_redline_59dbbc9d85.docx,tracking_without_comments/pdf/b6dd0b6ae8_015a4f5a16a110026418c0a7f5eefa69ce6d5f9bcfc2d955__vs__333bfe069a_003416d620331122b93b434dad901db5836f60d2cad4b533_redline_59dbbc9d85.pdf,tracking_without_comments,59dbbc9d85,redlines_a100_b10
89500684a1_heading_3_style_demo_id_paraid_overflow_2__vs__d74d507271_heading_3_style_demo_id_paraid_overflow_redline_5afeaaf377,clean/docx/89500684a1_heading_3_style_demo_id_paraid_overflow_2,clean/docx/d74d507271_heading_3_style_demo_id_paraid_overflow,tracking_without_comments/docx/89500684a1_heading_3_style_demo_id_paraid_overflow_2__vs__d74d507271_heading_3_style_demo_id_paraid_overflow_redline_5afeaaf377.docx,tracking_without_comments/pdf/89500684a1_heading_3_style_demo_id_paraid_overflow_2__vs__d74d507271_heading_3_style_demo_id_paraid_overflow_redline_5afeaaf377.pdf,tracking_without_comments,5afeaaf377,nocomments
36c5050fba_super_editor__list_with_indents_efc7d4f5__vs__d0281643d2_super_editor__hello_docx_world_12f11074_redline_5b4a8e06a2,clean/docx/36c5050fba_super_editor__list_with_indents_efc7d4f5,clean/docx/d0281643d2_super_editor__hello_docx_world_12f11074,tracking_without_comments/docx/36c5050fba_super_editor__list_with_indents_efc7d4f5__vs__d0281643d2_super_editor__hello_docx_world_12f11074_redline_5b4a8e06a2.docx,tracking_without_comments/pdf/36c5050fba_super_editor__list_with_indents_efc7d4f5__vs__d0281643d2_super_editor__hello_docx_world_12f11074_redline_5b4a8e06a2.pdf,tracking_without_comments,5b4a8e06a2,word_redlines_superdoc
991f6468eb_bold_italic_combined_demo_id_paraid_overflow__vs__5d5ca75f29_bold_italic_underline_demo_id_paraid_overflow_redline_5c4b0424a1,clean/docx/991f6468eb_bold_italic_combined_demo_id_paraid_overflow,clean/docx/5d5ca75f29_bold_italic_underline_demo_id_paraid_overflow,tracking_without_comments/docx/991f6468eb_bold_italic_combined_demo_id_paraid_overflow__vs__5d5ca75f29_bold_italic_underline_demo_id_paraid_overflow_redline_5c4b0424a1.docx,tracking_without_comments/pdf/991f6468eb_bold_italic_combined_demo_id_paraid_overflow__vs__5d5ca75f29_bold_italic_underline_demo_id_paraid_overflow_redline_5c4b0424a1.pdf,tracking_without_comments,5c4b0424a1,word_based_0926
af2ea13761_6a0524deb86b08f0fb55dcbb7d469deacb25532f08824945__vs__1068eb5017_793c14bc1529c16f30ac69b82ca152f39f534a1a3f3f90e4_redline_5d8e97b0c5,tracking_without_comments/docx/af2ea13761_6a0524deb86b08f0fb55dcbb7d469deacb25532f08824945,tracking_without_comments/docx/1068eb5017_793c14bc1529c16f30ac69b82ca152f39f534a1a3f3f90e4,tracking_without_comments/docx/af2ea13761_6a0524deb86b08f0fb55dcbb7d469deacb25532f08824945__vs__1068eb5017_793c14bc1529c16f30ac69b82ca152f39f534a1a3f3f90e4_redline_5d8e97b0c5.docx,tracking_without_comments/pdf/af2ea13761_6a0524deb86b08f0fb55dcbb7d469deacb25532f08824945__vs__1068eb5017_793c14bc1529c16f30ac69b82ca152f39f534a1a3f3f90e4_redline_5d8e97b0c5.pdf,tracking_without_comments,5d8e97b0c5,redlines_en_500
0a1badc333_super_editor__missing_sectpr_967a402d__vs__b5a6dd6c66_super_editor__diff_before_019353a2_redline_5e1c82cdea,clean/docx/0a1badc333_super_editor__missing_sectpr_967a402d,clean/docx/b5a6dd6c66_super_editor__diff_before_019353a2,tracking_without_comments/docx/0a1badc333_super_editor__missing_sectpr_967a402d__vs__b5a6dd6c66_super_editor__diff_before_019353a2_redline_5e1c82cdea.docx,tracking_without_comments/pdf/0a1badc333_super_editor__missing_sectpr_967a402d__vs__b5a6dd6c66_super_editor__diff_before_019353a2_redline_5e1c82cdea.pdf,tracking_without_comments,5e1c82cdea,word_redlines_superdoc
8f47b1dc90_file_176__vs__a3586d71f8_file_177_redline_5f0fed8e2a,with_comments_tracking/docx/8f47b1dc90_file_176,clean/docx/a3586d71f8_file_177,with_comments_tracking/docx/8f47b1dc90_file_176__vs__a3586d71f8_file_177_redline_5f0fed8e2a.docx,with_comments_tracking/pdf/8f47b1dc90_file_176__vs__a3586d71f8_file_177_redline_5f0fed8e2a.pdf,with_comments_tracking,5f0fed8e2a,word_based_randomized_0926
54c9eda9fb_a7110391f4478ade5aabf48bad05d250be49cb3e1f335eee__vs__dc9c5abc73_cac3915a402fc43445f2a81133310d7f8174001a530c4f99_redline_5fb335d512,clean/docx/54c9eda9fb_a7110391f4478ade5aabf48bad05d250be49cb3e1f335eee,clean/docx/dc9c5abc73_cac3915a402fc43445f2a81133310d7f8174001a530c4f99,tracking_without_comments/docx/54c9eda9fb_a7110391f4478ade5aabf48bad05d250be49cb3e1f335eee__vs__dc9c5abc73_cac3915a402fc43445f2a81133310d7f8174001a530c4f99_redline_5fb335d512.docx,tracking_without_comments/pdf/54c9eda9fb_a7110391f4478ade5aabf48bad05d250be49cb3e1f335eee__vs__dc9c5abc73_cac3915a402fc43445f2a81133310d7f8174001a530c4f99_redline_5fb335d512.pdf,tracking_without_comments,5fb335d512,redlines_en_500
9f5481078e_docx_lots_of_comments_addition_redline__vs__ee9bfc2650_docx_lots_of_comments_addition_removal_redline_r_redline_60e784f2de,with_comments_tracking/docx/9f5481078e_docx_lots_of_comments_addition_redline,with_comments_tracking/docx/ee9bfc2650_docx_lots_of_comments_addition_removal_redline_r,with_comments_clean/docx/9f5481078e_docx_lots_of_comments_addition_redline__vs__ee9bfc2650_docx_lots_of_comments_addition_removal_redline_r_redline_60e784f2de.docx,with_comments_clean/pdf/9f5481078e_docx_lots_of_comments_addition_redline__vs__ee9bfc2650_docx_lots_of_comments_addition_removal_redline_r_redline_60e784f2de.pdf,with_comments_clean,60e784f2de,word_based_0926
8c3cb2e7dd_file_60__vs__bdf199d4af_file_61_redline_613c950c41,clean/docx/8c3cb2e7dd_file_60,clean/docx/bdf199d4af_file_61,tracking_without_comments/docx/8c3cb2e7dd_file_60__vs__bdf199d4af_file_61_redline_613c950c41.docx,tracking_without_comments/pdf/8c3cb2e7dd_file_60__vs__bdf199d4af_file_61_redline_613c950c41.pdf,tracking_without_comments,613c950c41,word_based_randomized
3b639ef236_super_editor__sdpr_8cc15994__vs__52dab5bc1c_super_editor__sdt_node_comment_ec887683_redline_61a3912d74,tracking_without_comments/docx/3b639ef236_super_editor__sdpr_8cc15994,with_comments_clean/docx/52dab5bc1c_super_editor__sdt_node_comment_ec887683,with_comments_tracking/docx/3b639ef236_super_editor__sdpr_8cc15994__vs__52dab5bc1c_super_editor__sdt_node_comment_ec887683_redline_61a3912d74.docx,with_comments_tracking/pdf/3b639ef236_super_editor__sdpr_8cc15994__vs__52dab5bc1c_super_editor__sdt_node_comment_ec887683_redline_61a3912d74.pdf,with_comments_tracking,61a3912d74,word_redlines_superdoc
f43f6ef305_002042b8a23533ba746bf4eaf56b5e62642cc111f5f5fcff__vs__deff0e697a_00b5defcad6e58038eac35472a2d48c89905068e5ece0cc3_redline_621d6afaf0,clean/docx/f43f6ef305_002042b8a23533ba746bf4eaf56b5e62642cc111f5f5fcff,clean/docx/deff0e697a_00b5defcad6e58038eac35472a2d48c89905068e5ece0cc3,tracking_without_comments/docx/f43f6ef305_002042b8a23533ba746bf4eaf56b5e62642cc111f5f5fcff__vs__deff0e697a_00b5defcad6e58038eac35472a2d48c89905068e5ece0cc3_redline_621d6afaf0.docx,tracking_without_comments/pdf/f43f6ef305_002042b8a23533ba746bf4eaf56b5e62642cc111f5f5fcff__vs__deff0e697a_00b5defcad6e58038eac35472a2d48c89905068e5ece0cc3_redline_621d6afaf0.pdf,tracking_without_comments,621d6afaf0,redlines_a100_b10
bdf199d4af_file_61__vs__2a9c68ed33_file_62_redline_6354242df2,clean/docx/bdf199d4af_file_61,tracking_without_comments/docx/2a9c68ed33_file_62,tracking_without_comments/docx/bdf199d4af_file_61__vs__2a9c68ed33_file_62_redline_6354242df2.docx,tracking_without_comments/pdf/bdf199d4af_file_61__vs__2a9c68ed33_file_62_redline_6354242df2.pdf,tracking_without_comments,6354242df2,word_based_randomized
a0e6a09304_super_editor__diff_after11_1d5b767f__vs__3e50084c2e_super_editor__diff_after16_2a48697a_redline_63ec3a403e,with_comments_tracking/docx/a0e6a09304_super_editor__diff_after11_1d5b767f,clean/docx/3e50084c2e_super_editor__diff_after16_2a48697a,with_comments_tracking/docx/a0e6a09304_super_editor__diff_after11_1d5b767f__vs__3e50084c2e_super_editor__diff_after16_2a48697a_redline_63ec3a403e.docx,with_comments_tracking/pdf/a0e6a09304_super_editor__diff_after11_1d5b767f__vs__3e50084c2e_super_editor__diff_after16_2a48697a_redline_63ec3a403e.pdf,with_comments_tracking,63ec3a403e,word_redlines_superdoc
0a58aa18b1_535dfe134fba9550db1d85ce7205d58f96240e8146d87599__vs__592ba6351f_e6afdc30427f700bcc07c89b643c9f586f0d26cb502c36f1_redline_64d05c8af4,clean/docx/0a58aa18b1_535dfe134fba9550db1d85ce7205d58f96240e8146d87599,clean/docx/592ba6351f_e6afdc30427f700bcc07c89b643c9f586f0d26cb502c36f1,tracking_without_comments/docx/0a58aa18b1_535dfe134fba9550db1d85ce7205d58f96240e8146d87599__vs__592ba6351f_e6afdc30427f700bcc07c89b643c9f586f0d26cb502c36f1_redline_64d05c8af4.docx,tracking_without_comments/pdf/0a58aa18b1_535dfe134fba9550db1d85ce7205d58f96240e8146d87599__vs__592ba6351f_e6afdc30427f700bcc07c89b643c9f586f0d26cb502c36f1_redline_64d05c8af4.pdf,tracking_without_comments,64d05c8af4,redlines_en_500
76a40d9ffd_000e618d79bf03ff1783da81e6c34b7ad651896dd56e75a4__vs__bd3824dd1e_000ee64ef7226d353297888f59a251e24ce5d776fea000fa_redline_652f5f966d,clean/docx/76a40d9ffd_000e618d79bf03ff1783da81e6c34b7ad651896dd56e75a4,clean/docx/bd3824dd1e_000ee64ef7226d353297888f59a251e24ce5d776fea000fa,tracking_without_comments/docx/76a40d9ffd_000e618d79bf03ff1783da81e6c34b7ad651896dd56e75a4__vs__bd3824dd1e_000ee64ef7226d353297888f59a251e24ce5d776fea000fa_redline_652f5f966d.docx,tracking_without_comments/pdf/76a40d9ffd_000e618d79bf03ff1783da81e6c34b7ad651896dd56e75a4__vs__bd3824dd1e_000ee64ef7226d353297888f59a251e24ce5d776fea000fa_redline_652f5f966d.pdf,tracking_without_comments,652f5f966d,redlines_a100_b10
3755bf5762_0000a3a991f56b6660c630eb426231a3b4ec31e40313aab9__vs__deff0e697a_00b5defcad6e58038eac35472a2d48c89905068e5ece0cc3_redline_660f17646d,clean/docx/3755bf5762_0000a3a991f56b6660c630eb426231a3b4ec31e40313aab9,clean/docx/deff0e697a_00b5defcad6e58038eac35472a2d48c89905068e5ece0cc3,tracking_without_comments/docx/3755bf5762_0000a3a991f56b6660c630eb426231a3b4ec31e40313aab9__vs__deff0e697a_00b5defcad6e58038eac35472a2d48c89905068e5ece0cc3_redline_660f17646d.docx,tracking_without_comments/pdf/3755bf5762_0000a3a991f56b6660c630eb426231a3b4ec31e40313aab9__vs__deff0e697a_00b5defcad6e58038eac35472a2d48c89905068e5ece0cc3_redline_660f17646d.pdf,tracking_without_comments,660f17646d,redlines_a100_b10
b6dd0b6ae8_015a4f5a16a110026418c0a7f5eefa69ce6d5f9bcfc2d955__vs__5203829c7a_001cc92b88566d5f930fe57f25813c0bf52a7bdc72c217d0_redline_66c61636a6,clean/docx/b6dd0b6ae8_015a4f5a16a110026418c0a7f5eefa69ce6d5f9bcfc2d955,clean/docx/5203829c7a_001cc92b88566d5f930fe57f25813c0bf52a7bdc72c217d0,tracking_without_comments/docx/b6dd0b6ae8_015a4f5a16a110026418c0a7f5eefa69ce6d5f9bcfc2d955__vs__5203829c7a_001cc92b88566d5f930fe57f25813c0bf52a7bdc72c217d0_redline_66c61636a6.docx,tracking_without_comments/pdf/b6dd0b6ae8_015a4f5a16a110026418c0a7f5eefa69ce6d5f9bcfc2d955__vs__5203829c7a_001cc92b88566d5f930fe57f25813c0bf52a7bdc72c217d0_redline_66c61636a6.pdf,tracking_without_comments,66c61636a6,redlines_a100_b10
758ade931c_file_25__vs__3aa967944f_file_26_redline_6801d5a297,clean/docx/758ade931c_file_25,tracking_without_comments/docx/3aa967944f_file_26,tracking_without_comments/docx/758ade931c_file_25__vs__3aa967944f_file_26_redline_6801d5a297.docx,tracking_without_comments/pdf/758ade931c_file_25__vs__3aa967944f_file_26_redline_6801d5a297.pdf,tracking_without_comments,6801d5a297,nocomments_randomized
2a69e1ce5c_green_bold_text_demo_id_paraid_overflow__vs__e1f631e28a_green_highlight_demo_id_paraid_overflow_redline_688c583b45,clean/docx/2a69e1ce5c_green_bold_text_demo_id_paraid_overflow,clean/docx/e1f631e28a_green_highlight_demo_id_paraid_overflow,tracking_without_comments/docx/2a69e1ce5c_green_bold_text_demo_id_paraid_overflow__vs__e1f631e28a_green_highlight_demo_id_paraid_overflow_redline_688c583b45.docx,tracking_without_comments/pdf/2a69e1ce5c_green_bold_text_demo_id_paraid_overflow__vs__e1f631e28a_green_highlight_demo_id_paraid_overflow_redline_688c583b45.pdf,tracking_without_comments,688c583b45,word_based_0926
43e406f9f5_blue_underline_combo_demo_id_paraid_overflow__vs__6cf4f06ce1_bold_and_italic_combo_style_default_missing_redline_69d42b2a47,clean/docx/43e406f9f5_blue_underline_combo_demo_id_paraid_overflow,clean/docx/6cf4f06ce1_bold_and_italic_combo_style_default_missing,tracking_without_comments/docx/43e406f9f5_blue_underline_combo_demo_id_paraid_overflow__vs__6cf4f06ce1_bold_and_italic_combo_style_default_missing_redline_69d42b2a47.docx,tracking_without_comments/pdf/43e406f9f5_blue_underline_combo_demo_id_paraid_overflow__vs__6cf4f06ce1_bold_and_italic_combo_style_default_missing_redline_69d42b2a47.pdf,tracking_without_comments,69d42b2a47,nocomments
a4ebc0e89c_0016d88a731db087feb2e28e8bfc163c1fe94df0ee048d55__vs__1424386e9b_017447de83753a0e3b7afc659df038ef56972925336c6a5b_redline_6a343424b7,clean/docx/a4ebc0e89c_0016d88a731db087feb2e28e8bfc163c1fe94df0ee048d55,clean/docx/1424386e9b_017447de83753a0e3b7afc659df038ef56972925336c6a5b,tracking_without_comments/docx/a4ebc0e89c_0016d88a731db087feb2e28e8bfc163c1fe94df0ee048d55__vs__1424386e9b_017447de83753a0e3b7afc659df038ef56972925336c6a5b_redline_6a343424b7.docx,tracking_without_comments/pdf/a4ebc0e89c_0016d88a731db087feb2e28e8bfc163c1fe94df0ee048d55__vs__1424386e9b_017447de83753a0e3b7afc659df038ef56972925336c6a5b_redline_6a343424b7.pdf,tracking_without_comments,6a343424b7,redlines_a100_b10
2ba76dbb7e_48021810502ba519ff3bc10a88715f6e57e23a4d93a46ada__vs__e33fe5195e_39e6a7fc140be9556ffd3722005fce7d9d04970dee1dc785_redline_6af7bc5540,tracking_without_comments/docx/2ba76dbb7e_48021810502ba519ff3bc10a88715f6e57e23a4d93a46ada,clean/docx/e33fe5195e_39e6a7fc140be9556ffd3722005fce7d9d04970dee1dc785,tracking_without_comments/docx/2ba76dbb7e_48021810502ba519ff3bc10a88715f6e57e23a4d93a46ada__vs__e33fe5195e_39e6a7fc140be9556ffd3722005fce7d9d04970dee1dc785_redline_6af7bc5540.docx,tracking_without_comments/pdf/2ba76dbb7e_48021810502ba519ff3bc10a88715f6e57e23a4d93a46ada__vs__e33fe5195e_39e6a7fc140be9556ffd3722005fce7d9d04970dee1dc785_redline_6af7bc5540.pdf,tracking_without_comments,6af7bc5540,redlines_en_500
8cd252fa94_product_roadmap_2026_suggesting_insertions__vs__3f4801c5c0_project_plan_suggesting_insertions_redline_6b7e8a63c3,tracking_without_comments/docx/8cd252fa94_product_roadmap_2026_suggesting_insertions,tracking_without_comments/docx/3f4801c5c0_project_plan_suggesting_insertions,tracking_without_comments/docx/8cd252fa94_product_roadmap_2026_suggesting_insertions__vs__3f4801c5c0_project_plan_suggesting_insertions_redline_6b7e8a63c3.docx,tracking_without_comments/pdf/8cd252fa94_product_roadmap_2026_suggesting_insertions__vs__3f4801c5c0_project_plan_suggesting_insertions_redline_6b7e8a63c3.pdf,tracking_without_comments,6b7e8a63c3,nocomments
617c1284c9_00feb732c2ef2b643a132e4305e16833fd047b46ca44b65b__vs__1424386e9b_017447de83753a0e3b7afc659df038ef56972925336c6a5b_redline_6bc323aa0d,clean/docx/617c1284c9_00feb732c2ef2b643a132e4305e16833fd047b46ca44b65b,clean/docx/1424386e9b_017447de83753a0e3b7afc659df038ef56972925336c6a5b,tracking_without_comments/docx/617c1284c9_00feb732c2ef2b643a132e4305e16833fd047b46ca44b65b__vs__1424386e9b_017447de83753a0e3b7afc659df038ef56972925336c6a5b_redline_6bc323aa0d.docx,tracking_without_comments/pdf/617c1284c9_00feb732c2ef2b643a132e4305e16833fd047b46ca44b65b__vs__1424386e9b_017447de83753a0e3b7afc659df038ef56972925336c6a5b_redline_6bc323aa0d.pdf,tracking_without_comments,6bc323aa0d,redlines_a100_b10
277b6145d6_italic_and_underline_combo_style_default_missing__vs__e1201c51d4_italic_subscript_demo_style_default_missing_redline_6ce47d4bdd,clean/docx/277b6145d6_italic_and_underline_combo_style_default_missing,clean/docx/e1201c51d4_italic_subscript_demo_style_default_missing,tracking_without_comments/docx/277b6145d6_italic_and_underline_combo_style_default_missing__vs__e1201c51d4_italic_subscript_demo_style_default_missing_redline_6ce47d4bdd.docx,tracking_without_comments/pdf/277b6145d6_italic_and_underline_combo_style_default_missing__vs__e1201c51d4_italic_subscript_demo_style_default_missing_redline_6ce47d4bdd.pdf,tracking_without_comments,6ce47d4bdd,word_based
9be7e36de4_00c3fd2d23e8acf016f9b2fb44f4ee84789abc39c820e7ab__vs__1424386e9b_017447de83753a0e3b7afc659df038ef56972925336c6a5b_redline_6d5eb2adbe,clean/docx/9be7e36de4_00c3fd2d23e8acf016f9b2fb44f4ee84789abc39c820e7ab,clean/docx/1424386e9b_017447de83753a0e3b7afc659df038ef56972925336c6a5b,tracking_without_comments/docx/9be7e36de4_00c3fd2d23e8acf016f9b2fb44f4ee84789abc39c820e7ab__vs__1424386e9b_017447de83753a0e3b7afc659df038ef56972925336c6a5b_redline_6d5eb2adbe.docx,tracking_without_comments/pdf/9be7e36de4_00c3fd2d23e8acf016f9b2fb44f4ee84789abc39c820e7ab__vs__1424386e9b_017447de83753a0e3b7afc659df038ef56972925336c6a5b_redline_6d5eb2adbe.pdf,tracking_without_comments,6d5eb2adbe,redlines_a100_b10
1aa7a03758_004c43cb816aed2ca4b0d0adf6e2bb8f115182135f2b4b42__vs__333bfe069a_003416d620331122b93b434dad901db5836f60d2cad4b533_redline_6e72a9fd74,clean/docx/1aa7a03758_004c43cb816aed2ca4b0d0adf6e2bb8f115182135f2b4b42,clean/docx/333bfe069a_003416d620331122b93b434dad901db5836f60d2cad4b533,tracking_without_comments/docx/1aa7a03758_004c43cb816aed2ca4b0d0adf6e2bb8f115182135f2b4b42__vs__333bfe069a_003416d620331122b93b434dad901db5836f60d2cad4b533_redline_6e72a9fd74.docx,tracking_without_comments/pdf/1aa7a03758_004c43cb816aed2ca4b0d0adf6e2bb8f115182135f2b4b42__vs__333bfe069a_003416d620331122b93b434dad901db5836f60d2cad4b533_redline_6e72a9fd74.pdf,tracking_without_comments,6e72a9fd74,redlines_a100_b10
2ec7c17191_book_catalog_id_paraid_overflow__vs__9cec0a4e06_book_catalog_table_redline_6f18d91819,clean/docx/2ec7c17191_book_catalog_id_paraid_overflow,clean/docx/9cec0a4e06_book_catalog_table,tracking_without_comments/docx/2ec7c17191_book_catalog_id_paraid_overflow__vs__9cec0a4e06_book_catalog_table_redline_6f18d91819.docx,tracking_without_comments/pdf/2ec7c17191_book_catalog_id_paraid_overflow__vs__9cec0a4e06_book_catalog_table_redline_6f18d91819.pdf,tracking_without_comments,6f18d91819,nocomments
7e56ed1163_df4265bd31bd7012f3cb7715d95f1fbb03351217a6e08307__vs__92a3d25272_c0c198c6e765b87c16ed0138b28e398d5023eb434e204abe_redline_6fd89bfcb3,clean/docx/7e56ed1163_df4265bd31bd7012f3cb7715d95f1fbb03351217a6e08307,clean/docx/92a3d25272_c0c198c6e765b87c16ed0138b28e398d5023eb434e204abe,tracking_without_comments/docx/7e56ed1163_df4265bd31bd7012f3cb7715d95f1fbb03351217a6e08307__vs__92a3d25272_c0c198c6e765b87c16ed0138b28e398d5023eb434e204abe_redline_6fd89bfcb3.docx,tracking_without_comments/pdf/7e56ed1163_df4265bd31bd7012f3cb7715d95f1fbb03351217a6e08307__vs__92a3d25272_c0c198c6e765b87c16ed0138b28e398d5023eb434e204abe_redline_6fd89bfcb3.pdf,tracking_without_comments,6fd89bfcb3,redlines_en_500
d6229441a5_0022208cff905cd74261067032c22afa148e0f63496c7f66__vs__342f364d46_001342333d45627868f4dc5282abbba4598a91b4a7584b08_redline_708c1113a2,clean/docx/d6229441a5_0022208cff905cd74261067032c22afa148e0f63496c7f66,clean/docx/342f364d46_001342333d45627868f4dc5282abbba4598a91b4a7584b08,tracking_without_comments/docx/d6229441a5_0022208cff905cd74261067032c22afa148e0f63496c7f66__vs__342f364d46_001342333d45627868f4dc5282abbba4598a91b4a7584b08_redline_708c1113a2.docx,tracking_without_comments/pdf/d6229441a5_0022208cff905cd74261067032c22afa148e0f63496c7f66__vs__342f364d46_001342333d45627868f4dc5282abbba4598a91b4a7584b08_redline_708c1113a2.pdf,tracking_without_comments,708c1113a2,redlines_a100_b10
dd85373a71_008b84e05498068c49efc5a0b73f9d5ae7992f045de8c514__vs__2e04202552_000e3e7bd2d6215fc7b469cc3e296c1b2a510bc1abc7e0fd_redline_710426a66c,clean/docx/dd85373a71_008b84e05498068c49efc5a0b73f9d5ae7992f045de8c514,clean/docx/2e04202552_000e3e7bd2d6215fc7b469cc3e296c1b2a510bc1abc7e0fd,tracking_without_comments/docx/dd85373a71_008b84e05498068c49efc5a0b73f9d5ae7992f045de8c514__vs__2e04202552_000e3e7bd2d6215fc7b469cc3e296c1b2a510bc1abc7e0fd_redline_710426a66c.docx,tracking_without_comments/pdf/dd85373a71_008b84e05498068c49efc5a0b73f9d5ae7992f045de8c514__vs__2e04202552_000e3e7bd2d6215fc7b469cc3e296c1b2a510bc1abc7e0fd_redline_710426a66c.pdf,tracking_without_comments,710426a66c,redlines_a100_b10
b6dd0b6ae8_015a4f5a16a110026418c0a7f5eefa69ce6d5f9bcfc2d955__vs__2e04202552_000e3e7bd2d6215fc7b469cc3e296c1b2a510bc1abc7e0fd_redline_71c08fc63c,clean/docx/b6dd0b6ae8_015a4f5a16a110026418c0a7f5eefa69ce6d5f9bcfc2d955,clean/docx/2e04202552_000e3e7bd2d6215fc7b469cc3e296c1b2a510bc1abc7e0fd,tracking_without_comments/docx/b6dd0b6ae8_015a4f5a16a110026418c0a7f5eefa69ce6d5f9bcfc2d955__vs__2e04202552_000e3e7bd2d6215fc7b469cc3e296c1b2a510bc1abc7e0fd_redline_71c08fc63c.docx,tracking_without_comments/pdf/b6dd0b6ae8_015a4f5a16a110026418c0a7f5eefa69ce6d5f9bcfc2d955__vs__2e04202552_000e3e7bd2d6215fc7b469cc3e296c1b2a510bc1abc7e0fd_redline_71c08fc63c.pdf,tracking_without_comments,71c08fc63c,redlines_a100_b10
2c4e244c15_right_aligned_italic_demo_id_paraid_overflow__vs__64486ef4bb_right_alignment_demo_id_paraid_overflow_2_redline_72fbc07de4,clean/docx/2c4e244c15_right_aligned_italic_demo_id_paraid_overflow,clean/docx/64486ef4bb_right_alignment_demo_id_paraid_overflow_2,tracking_without_comments/docx/2c4e244c15_right_aligned_italic_demo_id_paraid_overflow__vs__64486ef4bb_right_alignment_demo_id_paraid_overflow_2_redline_72fbc07de4.docx,tracking_without_comments/pdf/2c4e244c15_right_aligned_italic_demo_id_paraid_overflow__vs__64486ef4bb_right_alignment_demo_id_paraid_overflow_2_redline_72fbc07de4.pdf,tracking_without_comments,72fbc07de4,nocomments
525c779243_file_121__vs__1e212fbfdc_file_122_redline_734596543a,clean/docx/525c779243_file_121,clean/docx/1e212fbfdc_file_122,tracking_without_comments/docx/525c779243_file_121__vs__1e212fbfdc_file_122_redline_734596543a.docx,tracking_without_comments/pdf/525c779243_file_121__vs__1e212fbfdc_file_122_redline_734596543a.pdf,tracking_without_comments,734596543a,word_based_randomized_0926
ae9360e096_behavior__sd_2672_merged_table_821b922c__vs__e663016796_behavior__sd_2672_multipara_cell_4d1f068e_redline_74842a7b93,clean/docx/ae9360e096_behavior__sd_2672_merged_table_821b922c,clean/docx/e663016796_behavior__sd_2672_multipara_cell_4d1f068e,tracking_without_comments/docx/ae9360e096_behavior__sd_2672_merged_table_821b922c__vs__e663016796_behavior__sd_2672_multipara_cell_4d1f068e_redline_74842a7b93.docx,tracking_without_comments/pdf/ae9360e096_behavior__sd_2672_merged_table_821b922c__vs__e663016796_behavior__sd_2672_multipara_cell_4d1f068e_redline_74842a7b93.pdf,tracking_without_comments,74842a7b93,word_redlines_superdoc
c6956051c8_0035880301dd9b39b35318af6a88457fb4f6491a3ca1964a__vs__5203829c7a_001cc92b88566d5f930fe57f25813c0bf52a7bdc72c217d0_redline_75ee805001,clean/docx/c6956051c8_0035880301dd9b39b35318af6a88457fb4f6491a3ca1964a,clean/docx/5203829c7a_001cc92b88566d5f930fe57f25813c0bf52a7bdc72c217d0,tracking_without_comments/docx/c6956051c8_0035880301dd9b39b35318af6a88457fb4f6491a3ca1964a__vs__5203829c7a_001cc92b88566d5f930fe57f25813c0bf52a7bdc72c217d0_redline_75ee805001.docx,tracking_without_comments/pdf/c6956051c8_0035880301dd9b39b35318af6a88457fb4f6491a3ca1964a__vs__5203829c7a_001cc92b88566d5f930fe57f25813c0bf52a7bdc72c217d0_redline_75ee805001.pdf,tracking_without_comments,75ee805001,redlines_a100_b10
2b4475cba6_0021f639e5dbf6c217c8d81a7ac3374624ff9901a5d4b200__vs__deff0e697a_00b5defcad6e58038eac35472a2d48c89905068e5ece0cc3_redline_7688090a37,clean/docx/2b4475cba6_0021f639e5dbf6c217c8d81a7ac3374624ff9901a5d4b200,clean/docx/deff0e697a_00b5defcad6e58038eac35472a2d48c89905068e5ece0cc3,tracking_without_comments/docx/2b4475cba6_0021f639e5dbf6c217c8d81a7ac3374624ff9901a5d4b200__vs__deff0e697a_00b5defcad6e58038eac35472a2d48c89905068e5ece0cc3_redline_7688090a37.docx,tracking_without_comments/pdf/2b4475cba6_0021f639e5dbf6c217c8d81a7ac3374624ff9901a5d4b200__vs__deff0e697a_00b5defcad6e58038eac35472a2d48c89905068e5ece0cc3_redline_7688090a37.pdf,tracking_without_comments,7688090a37,redlines_a100_b10
0d6cc8a99c_file_101__vs__c39d1916e3_file_102_redline_77269bd39c,clean/docx/0d6cc8a99c_file_101,clean/docx/c39d1916e3_file_102,tracking_without_comments/docx/0d6cc8a99c_file_101__vs__c39d1916e3_file_102_redline_77269bd39c.docx,tracking_without_comments/pdf/0d6cc8a99c_file_101__vs__c39d1916e3_file_102_redline_77269bd39c.pdf,tracking_without_comments,77269bd39c,nocomments_randomized
dfa2ef3eca_4a9c82a108ab0a6e02adfcb1b7c40eca14c15c235601b43b__vs__9dade723b7_2da9c613cbce9974bbec12df723d6d4f5589af94e5cebbd6_redline_781108f31a,clean/docx/dfa2ef3eca_4a9c82a108ab0a6e02adfcb1b7c40eca14c15c235601b43b,clean/docx/9dade723b7_2da9c613cbce9974bbec12df723d6d4f5589af94e5cebbd6,tracking_without_comments/docx/dfa2ef3eca_4a9c82a108ab0a6e02adfcb1b7c40eca14c15c235601b43b__vs__9dade723b7_2da9c613cbce9974bbec12df723d6d4f5589af94e5cebbd6_redline_781108f31a.docx,tracking_without_comments/pdf/dfa2ef3eca_4a9c82a108ab0a6e02adfcb1b7c40eca14c15c235601b43b__vs__9dade723b7_2da9c613cbce9974bbec12df723d6d4f5589af94e5cebbd6_redline_781108f31a.pdf,tracking_without_comments,781108f31a,redlines_en_500
e1c745d784_008243ee20adecbf2ae39c9e6809b022076aa166a4a4f9ec__vs__deff0e697a_00b5defcad6e58038eac35472a2d48c89905068e5ece0cc3_redline_78beb60a00,clean/docx/e1c745d784_008243ee20adecbf2ae39c9e6809b022076aa166a4a4f9ec,clean/docx/deff0e697a_00b5defcad6e58038eac35472a2d48c89905068e5ece0cc3,tracking_without_comments/docx/e1c745d784_008243ee20adecbf2ae39c9e6809b022076aa166a4a4f9ec__vs__deff0e697a_00b5defcad6e58038eac35472a2d48c89905068e5ece0cc3_redline_78beb60a00.docx,tracking_without_comments/pdf/e1c745d784_008243ee20adecbf2ae39c9e6809b022076aa166a4a4f9ec__vs__deff0e697a_00b5defcad6e58038eac35472a2d48c89905068e5ece0cc3_redline_78beb60a00.pdf,tracking_without_comments,78beb60a00,redlines_a100_b10
f17e96512e_001cb345cc8d6b799aa725514eb368005048b80f4b4c07a5__vs__5203829c7a_001cc92b88566d5f930fe57f25813c0bf52a7bdc72c217d0_redline_7a388489bd,clean/docx/f17e96512e_001cb345cc8d6b799aa725514eb368005048b80f4b4c07a5,clean/docx/5203829c7a_001cc92b88566d5f930fe57f25813c0bf52a7bdc72c217d0,tracking_without_comments/docx/f17e96512e_001cb345cc8d6b799aa725514eb368005048b80f4b4c07a5__vs__5203829c7a_001cc92b88566d5f930fe57f25813c0bf52a7bdc72c217d0_redline_7a388489bd.docx,tracking_without_comments/pdf/f17e96512e_001cb345cc8d6b799aa725514eb368005048b80f4b4c07a5__vs__5203829c7a_001cc92b88566d5f930fe57f25813c0bf52a7bdc72c217d0_redline_7a388489bd.pdf,tracking_without_comments,7a388489bd,redlines_a100_b10
cd54518381_file_118__vs__5383bab0c2_file_119_redline_7abf90f3f1,clean/docx/cd54518381_file_118,clean/docx/5383bab0c2_file_119,tracking_without_comments/docx/cd54518381_file_118__vs__5383bab0c2_file_119_redline_7abf90f3f1.docx,tracking_without_comments/pdf/cd54518381_file_118__vs__5383bab0c2_file_119_redline_7abf90f3f1.pdf,tracking_without_comments,7abf90f3f1,word_based_randomized_0926
60dfd517a9_00f0e7f365a34acc5911a38c89776a4bdd2ba1685edcd0cc__vs__5203829c7a_001cc92b88566d5f930fe57f25813c0bf52a7bdc72c217d0_redline_7c845c604b,clean/docx/60dfd517a9_00f0e7f365a34acc5911a38c89776a4bdd2ba1685edcd0cc,clean/docx/5203829c7a_001cc92b88566d5f930fe57f25813c0bf52a7bdc72c217d0,tracking_without_comments/docx/60dfd517a9_00f0e7f365a34acc5911a38c89776a4bdd2ba1685edcd0cc__vs__5203829c7a_001cc92b88566d5f930fe57f25813c0bf52a7bdc72c217d0_redline_7c845c604b.docx,tracking_without_comments/pdf/60dfd517a9_00f0e7f365a34acc5911a38c89776a4bdd2ba1685edcd0cc__vs__5203829c7a_001cc92b88566d5f930fe57f25813c0bf52a7bdc72c217d0_redline_7c845c604b.pdf,tracking_without_comments,7c845c604b,redlines_a100_b10
4640e71ddd_0062ef190840d69d26aa6ecec30a8cb25f8e1506cee20dac__vs__deff0e697a_00b5defcad6e58038eac35472a2d48c89905068e5ece0cc3_redline_7d3cfc66f7,clean/docx/4640e71ddd_0062ef190840d69d26aa6ecec30a8cb25f8e1506cee20dac,clean/docx/deff0e697a_00b5defcad6e58038eac35472a2d48c89905068e5ece0cc3,tracking_without_comments/docx/4640e71ddd_0062ef190840d69d26aa6ecec30a8cb25f8e1506cee20dac__vs__deff0e697a_00b5defcad6e58038eac35472a2d48c89905068e5ece0cc3_redline_7d3cfc66f7.docx,tracking_without_comments/pdf/4640e71ddd_0062ef190840d69d26aa6ecec30a8cb25f8e1506cee20dac__vs__deff0e697a_00b5defcad6e58038eac35472a2d48c89905068e5ece0cc3_redline_7d3cfc66f7.pdf,tracking_without_comments,7d3cfc66f7,redlines_a100_b10
fe445552ab_file_80__vs__2cfcf343a2_file_81_redline_7e58f498a8,clean/docx/fe445552ab_file_80,clean/docx/2cfcf343a2_file_81,tracking_without_comments/docx/fe445552ab_file_80__vs__2cfcf343a2_file_81_redline_7e58f498a8.docx,tracking_without_comments/pdf/fe445552ab_file_80__vs__2cfcf343a2_file_81_redline_7e58f498a8.pdf,tracking_without_comments,7e58f498a8,nocomments_randomized
4858c9853b_behavior__multi_image_types_b962a2b8__vs__7c31a68295_behavior__pageref_standalone_h_7b3ab72e_redline_7f222bb103,clean/docx/4858c9853b_behavior__multi_image_types_b962a2b8,clean/docx/7c31a68295_behavior__pageref_standalone_h_7b3ab72e,tracking_without_comments/docx/4858c9853b_behavior__multi_image_types_b962a2b8__vs__7c31a68295_behavior__pageref_standalone_h_7b3ab72e_redline_7f222bb103.docx,tracking_without_comments/pdf/4858c9853b_behavior__multi_image_types_b962a2b8__vs__7c31a68295_behavior__pageref_standalone_h_7b3ab72e_redline_7f222bb103.pdf,tracking_without_comments,7f222bb103,word_redlines_superdoc
fc5d9fecb7_00028d824d5d2262bc6e30692308cd1b577ac1dff228970d__vs__bd3824dd1e_000ee64ef7226d353297888f59a251e24ce5d776fea000fa_redline_7fdcd442c2,clean/docx/fc5d9fecb7_00028d824d5d2262bc6e30692308cd1b577ac1dff228970d,clean/docx/bd3824dd1e_000ee64ef7226d353297888f59a251e24ce5d776fea000fa,tracking_without_comments/docx/fc5d9fecb7_00028d824d5d2262bc6e30692308cd1b577ac1dff228970d__vs__bd3824dd1e_000ee64ef7226d353297888f59a251e24ce5d776fea000fa_redline_7fdcd442c2.docx,tracking_without_comments/pdf/fc5d9fecb7_00028d824d5d2262bc6e30692308cd1b577ac1dff228970d__vs__bd3824dd1e_000ee64ef7226d353297888f59a251e24ce5d776fea000fa_redline_7fdcd442c2.pdf,tracking_without_comments,7fdcd442c2,redlines_a100_b10
8a7f242026_center_bold_demo_id_paraid_overflow__vs__3e43d24c46_clear_formatting_demo_id_paraid_overflow_redline_80572dd900,clean/docx/8a7f242026_center_bold_demo_id_paraid_overflow,clean/docx/3e43d24c46_clear_formatting_demo_id_paraid_overflow,tracking_without_comments/docx/8a7f242026_center_bold_demo_id_paraid_overflow__vs__3e43d24c46_clear_formatting_demo_id_paraid_overflow_redline_80572dd900.docx,tracking_without_comments/pdf/8a7f242026_center_bold_demo_id_paraid_overflow__vs__3e43d24c46_clear_formatting_demo_id_paraid_overflow_redline_80572dd900.pdf,tracking_without_comments,80572dd900,fixtures_word_compares;pdf_fill_0928
98c8b73841_0041d3944715c2fffc5929695f968e5f399e85b139fba063__vs__2773adf157_0004c94ca2a8684d47449bb0e7abf87de1df71a7e6543252_redline_8194fae646,clean/docx/98c8b73841_0041d3944715c2fffc5929695f968e5f399e85b139fba063,clean/docx/2773adf157_0004c94ca2a8684d47449bb0e7abf87de1df71a7e6543252,tracking_without_comments/docx/98c8b73841_0041d3944715c2fffc5929695f968e5f399e85b139fba063__vs__2773adf157_0004c94ca2a8684d47449bb0e7abf87de1df71a7e6543252_redline_8194fae646.docx,tracking_without_comments/pdf/98c8b73841_0041d3944715c2fffc5929695f968e5f399e85b139fba063__vs__2773adf157_0004c94ca2a8684d47449bb0e7abf87de1df71a7e6543252_redline_8194fae646.pdf,tracking_without_comments,8194fae646,redlines_a100_b10
4b0729d267_super_editor__h_f_normal_odd_even_unchecked_firs__vs__b992bfc6eb_super_editor__h_f_normal_odd_even_b572e46d_redline_825fb37837,clean/docx/4b0729d267_super_editor__h_f_normal_odd_even_unchecked_firs,clean/docx/b992bfc6eb_super_editor__h_f_normal_odd_even_b572e46d,tracking_without_comments/docx/4b0729d267_super_editor__h_f_normal_odd_even_unchecked_firs__vs__b992bfc6eb_super_editor__h_f_normal_odd_even_b572e46d_redline_825fb37837.docx,tracking_without_comments/pdf/4b0729d267_super_editor__h_f_normal_odd_even_unchecked_firs__vs__b992bfc6eb_super_editor__h_f_normal_odd_even_b572e46d_redline_825fb37837.pdf,tracking_without_comments,825fb37837,word_redlines_superdoc_0926
1d137d70ee_005bf179b17b3d109d473d5bb10a968731ba985c4bff3743__vs__5203829c7a_001cc92b88566d5f930fe57f25813c0bf52a7bdc72c217d0_redline_82ed5aa85c,clean/docx/1d137d70ee_005bf179b17b3d109d473d5bb10a968731ba985c4bff3743,clean/docx/5203829c7a_001cc92b88566d5f930fe57f25813c0bf52a7bdc72c217d0,tracking_without_comments/docx/1d137d70ee_005bf179b17b3d109d473d5bb10a968731ba985c4bff3743__vs__5203829c7a_001cc92b88566d5f930fe57f25813c0bf52a7bdc72c217d0_redline_82ed5aa85c.docx,tracking_without_comments/pdf/1d137d70ee_005bf179b17b3d109d473d5bb10a968731ba985c4bff3743__vs__5203829c7a_001cc92b88566d5f930fe57f25813c0bf52a7bdc72c217d0_redline_82ed5aa85c.pdf,tracking_without_comments,82ed5aa85c,redlines_a100_b10
286955227d_0134fe85fb88da2accd6637e1c44bdd4f8b7fbb533bd47ba__vs__aa5340125d_00a4b0b91e9b5b072dc3771391c2d608518690eccf44eae8_redline_839df7dfd9,clean/docx/286955227d_0134fe85fb88da2accd6637e1c44bdd4f8b7fbb533bd47ba,clean/docx/aa5340125d_00a4b0b91e9b5b072dc3771391c2d608518690eccf44eae8,tracking_without_comments/docx/286955227d_0134fe85fb88da2accd6637e1c44bdd4f8b7fbb533bd47ba__vs__aa5340125d_00a4b0b91e9b5b072dc3771391c2d608518690eccf44eae8_redline_839df7dfd9.docx,tracking_without_comments/pdf/286955227d_0134fe85fb88da2accd6637e1c44bdd4f8b7fbb533bd47ba__vs__aa5340125d_00a4b0b91e9b5b072dc3771391c2d608518690eccf44eae8_redline_839df7dfd9.pdf,tracking_without_comments,839df7dfd9,redlines_a100_b10
d0281643d2_super_editor__hello_docx_world_12f11074__vs__e3d152989b_behavior__math_eqarr_tests_40a1adb0_redline_84263b7e47,clean/docx/d0281643d2_super_editor__hello_docx_world_12f11074,clean/docx/e3d152989b_behavior__math_eqarr_tests_40a1adb0,tracking_without_comments/docx/d0281643d2_super_editor__hello_docx_world_12f11074__vs__e3d152989b_behavior__math_eqarr_tests_40a1adb0_redline_84263b7e47.docx,tracking_without_comments/pdf/d0281643d2_super_editor__hello_docx_world_12f11074__vs__e3d152989b_behavior__math_eqarr_tests_40a1adb0_redline_84263b7e47.pdf,tracking_without_comments,84263b7e47,word_redlines_superdoc
d09a2f8509_00b5aa69a6c33b2725953348488d62605dc209411d01f80a__vs__1424386e9b_017447de83753a0e3b7afc659df038ef56972925336c6a5b_redline_84ab4181b4,clean/docx/d09a2f8509_00b5aa69a6c33b2725953348488d62605dc209411d01f80a,clean/docx/1424386e9b_017447de83753a0e3b7afc659df038ef56972925336c6a5b,tracking_without_comments/docx/d09a2f8509_00b5aa69a6c33b2725953348488d62605dc209411d01f80a__vs__1424386e9b_017447de83753a0e3b7afc659df038ef56972925336c6a5b_redline_84ab4181b4.docx,tracking_without_comments/pdf/d09a2f8509_00b5aa69a6c33b2725953348488d62605dc209411d01f80a__vs__1424386e9b_017447de83753a0e3b7afc659df038ef56972925336c6a5b_redline_84ab4181b4.pdf,tracking_without_comments,84ab4181b4,redlines_a100_b10
b3028f2d5b_super_editor__super_basic_table_86d8d916__vs__7a48682ea5_super_editor__superdoc_hyperlink_cases_1dde9cd3_redline_8568a9817b,clean/docx/b3028f2d5b_super_editor__super_basic_table_86d8d916,clean/docx/7a48682ea5_super_editor__superdoc_hyperlink_cases_1dde9cd3,tracking_without_comments/docx/b3028f2d5b_super_editor__super_basic_table_86d8d916__vs__7a48682ea5_super_editor__superdoc_hyperlink_cases_1dde9cd3_redline_8568a9817b.docx,tracking_without_comments/pdf/b3028f2d5b_super_editor__super_basic_table_86d8d916__vs__7a48682ea5_super_editor__superdoc_hyperlink_cases_1dde9cd3_redline_8568a9817b.pdf,tracking_without_comments,8568a9817b,word_redlines_superdoc
98cef45df2_b92e101c3d5fa5707025f98c1c01ccec9463c1a772dbb107__vs__0893463637_242c4180ef6740abebf43cc42d2669086b03b83f3aecfee0_redline_85f2b37a37,clean/docx/98cef45df2_b92e101c3d5fa5707025f98c1c01ccec9463c1a772dbb107,clean/docx/0893463637_242c4180ef6740abebf43cc42d2669086b03b83f3aecfee0,tracking_without_comments/docx/98cef45df2_b92e101c3d5fa5707025f98c1c01ccec9463c1a772dbb107__vs__0893463637_242c4180ef6740abebf43cc42d2669086b03b83f3aecfee0_redline_85f2b37a37.docx,tracking_without_comments/pdf/98cef45df2_b92e101c3d5fa5707025f98c1c01ccec9463c1a772dbb107__vs__0893463637_242c4180ef6740abebf43cc42d2669086b03b83f3aecfee0_redline_85f2b37a37.pdf,tracking_without_comments,85f2b37a37,redlines_en_500
26d9d392e2_file_98__vs__af4645ebd0_file_99_redline_8671fb899e,clean/docx/26d9d392e2_file_98,clean/docx/af4645ebd0_file_99,tracking_without_comments/docx/26d9d392e2_file_98__vs__af4645ebd0_file_99_redline_8671fb899e.docx,tracking_without_comments/pdf/26d9d392e2_file_98__vs__af4645ebd0_file_99_redline_8671fb899e.pdf,tracking_without_comments,8671fb899e,word_based_randomized_0926
63f2ae8323_00d7e931786f09113a59daafeb4c51113fbd97f3f09d93c2__vs__1424386e9b_017447de83753a0e3b7afc659df038ef56972925336c6a5b_redline_86c9b869af,clean/docx/63f2ae8323_00d7e931786f09113a59daafeb4c51113fbd97f3f09d93c2,clean/docx/1424386e9b_017447de83753a0e3b7afc659df038ef56972925336c6a5b,tracking_without_comments/docx/63f2ae8323_00d7e931786f09113a59daafeb4c51113fbd97f3f09d93c2__vs__1424386e9b_017447de83753a0e3b7afc659df038ef56972925336c6a5b_redline_86c9b869af.docx,tracking_without_comments/pdf/63f2ae8323_00d7e931786f09113a59daafeb4c51113fbd97f3f09d93c2__vs__1424386e9b_017447de83753a0e3b7afc659df038ef56972925336c6a5b_redline_86c9b869af.pdf,tracking_without_comments,86c9b869af,redlines_a100_b10
60640bbf85_meeting_minutes_suggesting_insertions__vs__0dc1cffa18_multi_section_redline_87e1d30520,tracking_without_comments/docx/60640bbf85_meeting_minutes_suggesting_insertions,clean/docx/0dc1cffa18_multi_section,tracking_without_comments/docx/60640bbf85_meeting_minutes_suggesting_insertions__vs__0dc1cffa18_multi_section_redline_87e1d30520.docx,tracking_without_comments/pdf/60640bbf85_meeting_minutes_suggesting_insertions__vs__0dc1cffa18_multi_section_redline_87e1d30520.pdf,tracking_without_comments,87e1d30520,nocomments
a46b602ff5_file_33__vs__d8eda36137_file_34_redline_88d8d30451,clean/docx/a46b602ff5_file_33,clean/docx/d8eda36137_file_34,tracking_without_comments/docx/a46b602ff5_file_33__vs__d8eda36137_file_34_redline_88d8d30451.docx,tracking_without_comments/pdf/a46b602ff5_file_33__vs__d8eda36137_file_34_redline_88d8d30451.pdf,tracking_without_comments,88d8d30451,word_based_randomized_0926
bc85714262_file_170__vs__15b6035cc0_file_171_redline_89c44edb8b,with_comments_tracking/docx/bc85714262_file_170,clean/docx/15b6035cc0_file_171,with_comments_tracking/docx/bc85714262_file_170__vs__15b6035cc0_file_171_redline_89c44edb8b.docx,with_comments_tracking/pdf/bc85714262_file_170__vs__15b6035cc0_file_171_redline_89c44edb8b.pdf,with_comments_tracking,89c44edb8b,word_based_randomized
a6bdad436b_00e1eabab4f0fdde08a033b7d3af988ce75f7e80207c9918__vs__5203829c7a_001cc92b88566d5f930fe57f25813c0bf52a7bdc72c217d0_redline_8b7be48c4e,clean/docx/a6bdad436b_00e1eabab4f0fdde08a033b7d3af988ce75f7e80207c9918,clean/docx/5203829c7a_001cc92b88566d5f930fe57f25813c0bf52a7bdc72c217d0,tracking_without_comments/docx/a6bdad436b_00e1eabab4f0fdde08a033b7d3af988ce75f7e80207c9918__vs__5203829c7a_001cc92b88566d5f930fe57f25813c0bf52a7bdc72c217d0_redline_8b7be48c4e.docx,tracking_without_comments/pdf/a6bdad436b_00e1eabab4f0fdde08a033b7d3af988ce75f7e80207c9918__vs__5203829c7a_001cc92b88566d5f930fe57f25813c0bf52a7bdc72c217d0_redline_8b7be48c4e.pdf,tracking_without_comments,8b7be48c4e,redlines_a100_b10
b7f325bd51_6f884742d51e530f70c1c0c3d3d5892bb5c8fd96c5ecfb1e__vs__9fef546df9_4adb619b0a08f4747df387366decbcc034d14f6913e5a553_redline_8c2eb5266f,clean/docx/b7f325bd51_6f884742d51e530f70c1c0c3d3d5892bb5c8fd96c5ecfb1e,clean/docx/9fef546df9_4adb619b0a08f4747df387366decbcc034d14f6913e5a553,tracking_without_comments/docx/b7f325bd51_6f884742d51e530f70c1c0c3d3d5892bb5c8fd96c5ecfb1e__vs__9fef546df9_4adb619b0a08f4747df387366decbcc034d14f6913e5a553_redline_8c2eb5266f.docx,tracking_without_comments/pdf/b7f325bd51_6f884742d51e530f70c1c0c3d3d5892bb5c8fd96c5ecfb1e__vs__9fef546df9_4adb619b0a08f4747df387366decbcc034d14f6913e5a553_redline_8c2eb5266f.pdf,tracking_without_comments,8c2eb5266f,redlines_en_500
2cfcf343a2_file_81__vs__32a0ff4084_file_82_redline_8d433adf87,clean/docx/2cfcf343a2_file_81,clean/docx/32a0ff4084_file_82,tracking_without_comments/docx/2cfcf343a2_file_81__vs__32a0ff4084_file_82_redline_8d433adf87.docx,tracking_without_comments/pdf/2cfcf343a2_file_81__vs__32a0ff4084_file_82_redline_8d433adf87.pdf,tracking_without_comments,8d433adf87,nocomments_randomized
aa5ccfbc3c_file_2__vs__d6288bca2e_file_3_redline_8dc168dd84,clean/docx/aa5ccfbc3c_file_2,clean/docx/d6288bca2e_file_3,tracking_without_comments/docx/aa5ccfbc3c_file_2__vs__d6288bca2e_file_3_redline_8dc168dd84.docx,tracking_without_comments/pdf/aa5ccfbc3c_file_2__vs__d6288bca2e_file_3_redline_8dc168dd84.pdf,tracking_without_comments,8dc168dd84,nocomments_randomized
628ec1cb76_00a9d81709806bc220522f9b062f226e19ba256e436493b1__vs__333bfe069a_003416d620331122b93b434dad901db5836f60d2cad4b533_redline_8eb0bcd9e2,clean/docx/628ec1cb76_00a9d81709806bc220522f9b062f226e19ba256e436493b1,clean/docx/333bfe069a_003416d620331122b93b434dad901db5836f60d2cad4b533,tracking_without_comments/docx/628ec1cb76_00a9d81709806bc220522f9b062f226e19ba256e436493b1__vs__333bfe069a_003416d620331122b93b434dad901db5836f60d2cad4b533_redline_8eb0bcd9e2.docx,tracking_without_comments/pdf/628ec1cb76_00a9d81709806bc220522f9b062f226e19ba256e436493b1__vs__333bfe069a_003416d620331122b93b434dad901db5836f60d2cad4b533_redline_8eb0bcd9e2.pdf,tracking_without_comments,8eb0bcd9e2,redlines_a100_b10
95bdaad1fe_support_tickets_table__vs__01d1b3da75_table_bookmark_end_redline_8f5c81c9f4,clean/docx/95bdaad1fe_support_tickets_table,clean/docx/01d1b3da75_table_bookmark_end,tracking_without_comments/docx/95bdaad1fe_support_tickets_table__vs__01d1b3da75_table_bookmark_end_redline_8f5c81c9f4.docx,tracking_without_comments/pdf/95bdaad1fe_support_tickets_table__vs__01d1b3da75_table_bookmark_end_redline_8f5c81c9f4.pdf,tracking_without_comments,8f5c81c9f4,word_based;fixtures_word_compares
2e7f1e6637_0120556a0553eb1ba39978d5911b7ce62be10a9bdc7c9191__vs__aa5340125d_00a4b0b91e9b5b072dc3771391c2d608518690eccf44eae8_redline_8fe7181400,clean/docx/2e7f1e6637_0120556a0553eb1ba39978d5911b7ce62be10a9bdc7c9191,clean/docx/aa5340125d_00a4b0b91e9b5b072dc3771391c2d608518690eccf44eae8,tracking_without_comments/docx/2e7f1e6637_0120556a0553eb1ba39978d5911b7ce62be10a9bdc7c9191__vs__aa5340125d_00a4b0b91e9b5b072dc3771391c2d608518690eccf44eae8_redline_8fe7181400.docx,tracking_without_comments/pdf/2e7f1e6637_0120556a0553eb1ba39978d5911b7ce62be10a9bdc7c9191__vs__aa5340125d_00a4b0b91e9b5b072dc3771391c2d608518690eccf44eae8_redline_8fe7181400.pdf,tracking_without_comments,8fe7181400,redlines_a100_b10
7e4c9416aa_00803e70c3646e42abab322238df606c847686168795a703__vs__2e04202552_000e3e7bd2d6215fc7b469cc3e296c1b2a510bc1abc7e0fd_redline_908c3218df,clean/docx/7e4c9416aa_00803e70c3646e42abab322238df606c847686168795a703,clean/docx/2e04202552_000e3e7bd2d6215fc7b469cc3e296c1b2a510bc1abc7e0fd,tracking_without_comments/docx/7e4c9416aa_00803e70c3646e42abab322238df606c847686168795a703__vs__2e04202552_000e3e7bd2d6215fc7b469cc3e296c1b2a510bc1abc7e0fd_redline_908c3218df.docx,tracking_without_comments/pdf/7e4c9416aa_00803e70c3646e42abab322238df606c847686168795a703__vs__2e04202552_000e3e7bd2d6215fc7b469cc3e296c1b2a510bc1abc7e0fd_redline_908c3218df.pdf,tracking_without_comments,908c3218df,redlines_a100_b10
eb2f3c86b5_vfdsdfcacawesd_suggesting_mixed_edits__vs__cefef4e4f5_yellow_highlight_demo_id_paraid_overflow_redline_913d076e79,with_comments_tracking/docx/eb2f3c86b5_vfdsdfcacawesd_suggesting_mixed_edits,clean/docx/cefef4e4f5_yellow_highlight_demo_id_paraid_overflow,with_comments_tracking/docx/eb2f3c86b5_vfdsdfcacawesd_suggesting_mixed_edits__vs__cefef4e4f5_yellow_highlight_demo_id_paraid_overflow_redline_913d076e79.docx,with_comments_tracking/pdf/eb2f3c86b5_vfdsdfcacawesd_suggesting_mixed_edits__vs__cefef4e4f5_yellow_highlight_demo_id_paraid_overflow_redline_913d076e79.pdf,with_comments_tracking,913d076e79,word_based;fixtures_word_compares
7f37d78481_18f71536ddf978252ed48b459630b9fe2e7cb17f45595202__vs__4133a501bd_7c2138ea3fc214d17edba377ec48bfca16ae292fce36e3db_redline_920a09cccc,clean/docx/7f37d78481_18f71536ddf978252ed48b459630b9fe2e7cb17f45595202,clean/docx/4133a501bd_7c2138ea3fc214d17edba377ec48bfca16ae292fce36e3db,tracking_without_comments/docx/7f37d78481_18f71536ddf978252ed48b459630b9fe2e7cb17f45595202__vs__4133a501bd_7c2138ea3fc214d17edba377ec48bfca16ae292fce36e3db_redline_920a09cccc.docx,tracking_without_comments/pdf/7f37d78481_18f71536ddf978252ed48b459630b9fe2e7cb17f45595202__vs__4133a501bd_7c2138ea3fc214d17edba377ec48bfca16ae292fce36e3db_redline_920a09cccc.pdf,tracking_without_comments,920a09cccc,redlines_en_500
1fda7fa6e2_file_187__vs__66e70631fb_file_188_redline_92ec8417eb,clean/docx/1fda7fa6e2_file_187,with_comments_tracking/docx/66e70631fb_file_188,with_comments_tracking/docx/1fda7fa6e2_file_187__vs__66e70631fb_file_188_redline_92ec8417eb.docx,with_comments_tracking/pdf/1fda7fa6e2_file_187__vs__66e70631fb_file_188_redline_92ec8417eb.pdf,with_comments_tracking,92ec8417eb,word_based_randomized
3d8acd6139_super_editor__restart_numbering_sub_list_85ddcb7__vs__f49b3b0ec2_super_editor__sd_1919_word_table_74726d6c_redline_944074982f,clean/docx/3d8acd6139_super_editor__restart_numbering_sub_list_85ddcb7,clean/docx/f49b3b0ec2_super_editor__sd_1919_word_table_74726d6c,tracking_without_comments/docx/3d8acd6139_super_editor__restart_numbering_sub_list_85ddcb7__vs__f49b3b0ec2_super_editor__sd_1919_word_table_74726d6c_redline_944074982f.docx,tracking_without_comments/pdf/3d8acd6139_super_editor__restart_numbering_sub_list_85ddcb7__vs__f49b3b0ec2_super_editor__sd_1919_word_table_74726d6c_redline_944074982f.pdf,tracking_without_comments,944074982f,word_redlines_superdoc
74afe04686_000416d5ee481974205314977bda4d0b297b97cf56f55f5a__vs__342f364d46_001342333d45627868f4dc5282abbba4598a91b4a7584b08_redline_94c7ece66c,clean/docx/74afe04686_000416d5ee481974205314977bda4d0b297b97cf56f55f5a,clean/docx/342f364d46_001342333d45627868f4dc5282abbba4598a91b4a7584b08,tracking_without_comments/docx/74afe04686_000416d5ee481974205314977bda4d0b297b97cf56f55f5a__vs__342f364d46_001342333d45627868f4dc5282abbba4598a91b4a7584b08_redline_94c7ece66c.docx,tracking_without_comments/pdf/74afe04686_000416d5ee481974205314977bda4d0b297b97cf56f55f5a__vs__342f364d46_001342333d45627868f4dc5282abbba4598a91b4a7584b08_redline_94c7ece66c.pdf,tracking_without_comments,94c7ece66c,redlines_a100_b10
fe30a2695f_c51f8e00074742f311f06858841150c6302e5421dca6a679__vs__4792f8c6c1_1baa7641e4dff75e3351a92771d3721d1951054972c0415a_redline_95f7a84264,clean/docx/fe30a2695f_c51f8e00074742f311f06858841150c6302e5421dca6a679,clean/docx/4792f8c6c1_1baa7641e4dff75e3351a92771d3721d1951054972c0415a,tracking_without_comments/docx/fe30a2695f_c51f8e00074742f311f06858841150c6302e5421dca6a679__vs__4792f8c6c1_1baa7641e4dff75e3351a92771d3721d1951054972c0415a_redline_95f7a84264.docx,tracking_without_comments/pdf/fe30a2695f_c51f8e00074742f311f06858841150c6302e5421dca6a679__vs__4792f8c6c1_1baa7641e4dff75e3351a92771d3721d1951054972c0415a_redline_95f7a84264.pdf,tracking_without_comments,95f7a84264,redlines_en_500
ec4df76243_9126d1f4d9b39a51172c343d2ede487c97445a4264e23cb8__vs__1587a40694_4991382416adefef66b97f0a3efacf2c2a793a067541ad27_redline_968fd6cc01,clean/docx/ec4df76243_9126d1f4d9b39a51172c343d2ede487c97445a4264e23cb8,clean/docx/1587a40694_4991382416adefef66b97f0a3efacf2c2a793a067541ad27,tracking_without_comments/docx/ec4df76243_9126d1f4d9b39a51172c343d2ede487c97445a4264e23cb8__vs__1587a40694_4991382416adefef66b97f0a3efacf2c2a793a067541ad27_redline_968fd6cc01.docx,tracking_without_comments/pdf/ec4df76243_9126d1f4d9b39a51172c343d2ede487c97445a4264e23cb8__vs__1587a40694_4991382416adefef66b97f0a3efacf2c2a793a067541ad27_redline_968fd6cc01.pdf,tracking_without_comments,968fd6cc01,redlines_en_500
617c1284c9_00feb732c2ef2b643a132e4305e16833fd047b46ca44b65b__vs__2e04202552_000e3e7bd2d6215fc7b469cc3e296c1b2a510bc1abc7e0fd_redline_9812be01c0,clean/docx/617c1284c9_00feb732c2ef2b643a132e4305e16833fd047b46ca44b65b,clean/docx/2e04202552_000e3e7bd2d6215fc7b469cc3e296c1b2a510bc1abc7e0fd,tracking_without_comments/docx/617c1284c9_00feb732c2ef2b643a132e4305e16833fd047b46ca44b65b__vs__2e04202552_000e3e7bd2d6215fc7b469cc3e296c1b2a510bc1abc7e0fd_redline_9812be01c0.docx,tracking_without_comments/pdf/617c1284c9_00feb732c2ef2b643a132e4305e16833fd047b46ca44b65b__vs__2e04202552_000e3e7bd2d6215fc7b469cc3e296c1b2a510bc1abc7e0fd_redline_9812be01c0.pdf,tracking_without_comments,9812be01c0,redlines_a100_b10
dc0cc27640_00749d7a966661b332df84521285ab93426ed3a255523f39__vs__333bfe069a_003416d620331122b93b434dad901db5836f60d2cad4b533_redline_9927a758f4,clean/docx/dc0cc27640_00749d7a966661b332df84521285ab93426ed3a255523f39,clean/docx/333bfe069a_003416d620331122b93b434dad901db5836f60d2cad4b533,tracking_without_comments/docx/dc0cc27640_00749d7a966661b332df84521285ab93426ed3a255523f39__vs__333bfe069a_003416d620331122b93b434dad901db5836f60d2cad4b533_redline_9927a758f4.docx,tracking_without_comments/pdf/dc0cc27640_00749d7a966661b332df84521285ab93426ed3a255523f39__vs__333bfe069a_003416d620331122b93b434dad901db5836f60d2cad4b533_redline_9927a758f4.pdf,tracking_without_comments,9927a758f4,redlines_a100_b10
8e534b49f0_00a9b37342f07e6b9bd5b8fffbe4dd777d31053171e69da2__vs__5203829c7a_001cc92b88566d5f930fe57f25813c0bf52a7bdc72c217d0_redline_99aed3b8e2,clean/docx/8e534b49f0_00a9b37342f07e6b9bd5b8fffbe4dd777d31053171e69da2,clean/docx/5203829c7a_001cc92b88566d5f930fe57f25813c0bf52a7bdc72c217d0,tracking_without_comments/docx/8e534b49f0_00a9b37342f07e6b9bd5b8fffbe4dd777d31053171e69da2__vs__5203829c7a_001cc92b88566d5f930fe57f25813c0bf52a7bdc72c217d0_redline_99aed3b8e2.docx,tracking_without_comments/pdf/8e534b49f0_00a9b37342f07e6b9bd5b8fffbe4dd777d31053171e69da2__vs__5203829c7a_001cc92b88566d5f930fe57f25813c0bf52a7bdc72c217d0_redline_99aed3b8e2.pdf,tracking_without_comments,99aed3b8e2,redlines_a100_b10
3bfcb371e2_00003fff80a444ad2f706c74f3c0d9fbef00d7a99ba0c105__vs__1424386e9b_017447de83753a0e3b7afc659df038ef56972925336c6a5b_redline_9b22b88370,clean/docx/3bfcb371e2_00003fff80a444ad2f706c74f3c0d9fbef00d7a99ba0c105,clean/docx/1424386e9b_017447de83753a0e3b7afc659df038ef56972925336c6a5b,tracking_without_comments/docx/3bfcb371e2_00003fff80a444ad2f706c74f3c0d9fbef00d7a99ba0c105__vs__1424386e9b_017447de83753a0e3b7afc659df038ef56972925336c6a5b_redline_9b22b88370.docx,tracking_without_comments/pdf/3bfcb371e2_00003fff80a444ad2f706c74f3c0d9fbef00d7a99ba0c105__vs__1424386e9b_017447de83753a0e3b7afc659df038ef56972925336c6a5b_redline_9b22b88370.pdf,tracking_without_comments,9b22b88370,redlines_a100_b10
286955227d_0134fe85fb88da2accd6637e1c44bdd4f8b7fbb533bd47ba__vs__a5f2b9318d_002aa60c2ae1187417b4b157c5ec6450324cc056ec551a12_redline_9c1cdbe3ad,clean/docx/286955227d_0134fe85fb88da2accd6637e1c44bdd4f8b7fbb533bd47ba,clean/docx/a5f2b9318d_002aa60c2ae1187417b4b157c5ec6450324cc056ec551a12,tracking_without_comments/docx/286955227d_0134fe85fb88da2accd6637e1c44bdd4f8b7fbb533bd47ba__vs__a5f2b9318d_002aa60c2ae1187417b4b157c5ec6450324cc056ec551a12_redline_9c1cdbe3ad.docx,tracking_without_comments/pdf/286955227d_0134fe85fb88da2accd6637e1c44bdd4f8b7fbb533bd47ba__vs__a5f2b9318d_002aa60c2ae1187417b4b157c5ec6450324cc056ec551a12_redline_9c1cdbe3ad.pdf,tracking_without_comments,9c1cdbe3ad,redlines_a100_b10
ac0bcc10fe_file_146__vs__9c0dd6b3f6_file_147_redline_9c8876c6d7,with_comments_tracking/docx/ac0bcc10fe_file_146,clean/docx/9c0dd6b3f6_file_147,with_comments_tracking/docx/ac0bcc10fe_file_146__vs__9c0dd6b3f6_file_147_redline_9c8876c6d7.docx,with_comments_tracking/pdf/ac0bcc10fe_file_146__vs__9c0dd6b3f6_file_147_redline_9c8876c6d7.pdf,with_comments_tracking,9c8876c6d7,word_based_randomized_0926
19313bb0d2_013bfd9bed003f93622f5b45095bb7471499aea576b0e48e__vs__2e04202552_000e3e7bd2d6215fc7b469cc3e296c1b2a510bc1abc7e0fd_redline_9da7e08c2c,clean/docx/19313bb0d2_013bfd9bed003f93622f5b45095bb7471499aea576b0e48e,clean/docx/2e04202552_000e3e7bd2d6215fc7b469cc3e296c1b2a510bc1abc7e0fd,tracking_without_comments/docx/19313bb0d2_013bfd9bed003f93622f5b45095bb7471499aea576b0e48e__vs__2e04202552_000e3e7bd2d6215fc7b469cc3e296c1b2a510bc1abc7e0fd_redline_9da7e08c2c.docx,tracking_without_comments/pdf/19313bb0d2_013bfd9bed003f93622f5b45095bb7471499aea576b0e48e__vs__2e04202552_000e3e7bd2d6215fc7b469cc3e296c1b2a510bc1abc7e0fd_redline_9da7e08c2c.pdf,tracking_without_comments,9da7e08c2c,redlines_a100_b10
980838431e_d531e76e5fa7843773692f62553e5e55ad87321ac2c9d9a1__vs__2b5cd1ea17_dfe75653d50b93d7ae5691ec21832441438f972423704ab3_redline_9e90a372cd,clean/docx/980838431e_d531e76e5fa7843773692f62553e5e55ad87321ac2c9d9a1,clean/docx/2b5cd1ea17_dfe75653d50b93d7ae5691ec21832441438f972423704ab3,tracking_without_comments/docx/980838431e_d531e76e5fa7843773692f62553e5e55ad87321ac2c9d9a1__vs__2b5cd1ea17_dfe75653d50b93d7ae5691ec21832441438f972423704ab3_redline_9e90a372cd.docx,tracking_without_comments/pdf/980838431e_d531e76e5fa7843773692f62553e5e55ad87321ac2c9d9a1__vs__2b5cd1ea17_dfe75653d50b93d7ae5691ec21832441438f972423704ab3_redline_9e90a372cd.pdf,tracking_without_comments,9e90a372cd,redlines_en_500
b6f757462e_0006f7905281867ab0d0a45d88f88f72e2c15efbd9a8ed69__vs__5203829c7a_001cc92b88566d5f930fe57f25813c0bf52a7bdc72c217d0_redline_9f142ac84a,clean/docx/b6f757462e_0006f7905281867ab0d0a45d88f88f72e2c15efbd9a8ed69,clean/docx/5203829c7a_001cc92b88566d5f930fe57f25813c0bf52a7bdc72c217d0,tracking_without_comments/docx/b6f757462e_0006f7905281867ab0d0a45d88f88f72e2c15efbd9a8ed69__vs__5203829c7a_001cc92b88566d5f930fe57f25813c0bf52a7bdc72c217d0_redline_9f142ac84a.docx,tracking_without_comments/pdf/b6f757462e_0006f7905281867ab0d0a45d88f88f72e2c15efbd9a8ed69__vs__5203829c7a_001cc92b88566d5f930fe57f25813c0bf52a7bdc72c217d0_redline_9f142ac84a.pdf,tracking_without_comments,9f142ac84a,redlines_a100_b10
ab064d6482_super_editor__table_width_issue_20b01504__vs__01d1b3da75_table_bookmark_end_redline_9fff1c473d,clean/docx/ab064d6482_super_editor__table_width_issue_20b01504,clean/docx/01d1b3da75_table_bookmark_end,tracking_without_comments/docx/ab064d6482_super_editor__table_width_issue_20b01504__vs__01d1b3da75_table_bookmark_end_redline_9fff1c473d.docx,tracking_without_comments/pdf/ab064d6482_super_editor__table_width_issue_20b01504__vs__01d1b3da75_table_bookmark_end_redline_9fff1c473d.pdf,tracking_without_comments,9fff1c473d,word_redlines_superdoc
432bf1c280_010684299d3c5523897eb69efb8c1c743c0a7623137d64fe__vs__2e04202552_000e3e7bd2d6215fc7b469cc3e296c1b2a510bc1abc7e0fd_redline_a0e558b0b9,clean/docx/432bf1c280_010684299d3c5523897eb69efb8c1c743c0a7623137d64fe,clean/docx/2e04202552_000e3e7bd2d6215fc7b469cc3e296c1b2a510bc1abc7e0fd,tracking_without_comments/docx/432bf1c280_010684299d3c5523897eb69efb8c1c743c0a7623137d64fe__vs__2e04202552_000e3e7bd2d6215fc7b469cc3e296c1b2a510bc1abc7e0fd_redline_a0e558b0b9.docx,tracking_without_comments/pdf/432bf1c280_010684299d3c5523897eb69efb8c1c743c0a7623137d64fe__vs__2e04202552_000e3e7bd2d6215fc7b469cc3e296c1b2a510bc1abc7e0fd_redline_a0e558b0b9.pdf,tracking_without_comments,a0e558b0b9,redlines_a100_b10
56d80fab6a_justify_alignment_demo_id_paraid_overflow__vs__19cb2d5406_large_font_size_demo_id_paraid_overflow_redline_a1d1d1f6df,clean/docx/56d80fab6a_justify_alignment_demo_id_paraid_overflow,clean/docx/19cb2d5406_large_font_size_demo_id_paraid_overflow,tracking_without_comments/docx/56d80fab6a_justify_alignment_demo_id_paraid_overflow__vs__19cb2d5406_large_font_size_demo_id_paraid_overflow_redline_a1d1d1f6df.docx,tracking_without_comments/pdf/56d80fab6a_justify_alignment_demo_id_paraid_overflow__vs__19cb2d5406_large_font_size_demo_id_paraid_overflow_redline_a1d1d1f6df.pdf,tracking_without_comments,a1d1d1f6df,nocomments
33822e6e1c_381ca14cd2a65660af8edbab73edc6172c9b9a894e5a6074__vs__62780fc256_2dc03df21f0f42c5592971da4147d367e0dcd3b99e8b3f26_redline_a2fa2445c6,clean/docx/33822e6e1c_381ca14cd2a65660af8edbab73edc6172c9b9a894e5a6074,clean/docx/62780fc256_2dc03df21f0f42c5592971da4147d367e0dcd3b99e8b3f26,tracking_without_comments/docx/33822e6e1c_381ca14cd2a65660af8edbab73edc6172c9b9a894e5a6074__vs__62780fc256_2dc03df21f0f42c5592971da4147d367e0dcd3b99e8b3f26_redline_a2fa2445c6.docx,tracking_without_comments/pdf/33822e6e1c_381ca14cd2a65660af8edbab73edc6172c9b9a894e5a6074__vs__62780fc256_2dc03df21f0f42c5592971da4147d367e0dcd3b99e8b3f26_redline_a2fa2445c6.pdf,tracking_without_comments,a2fa2445c6,redlines_en_500
203c24d1e7_00cb988053156ab17763897a184a6655864f9c50f7ef2e53__vs__a5f2b9318d_002aa60c2ae1187417b4b157c5ec6450324cc056ec551a12_redline_a37ccd81f7,clean/docx/203c24d1e7_00cb988053156ab17763897a184a6655864f9c50f7ef2e53,clean/docx/a5f2b9318d_002aa60c2ae1187417b4b157c5ec6450324cc056ec551a12,tracking_without_comments/docx/203c24d1e7_00cb988053156ab17763897a184a6655864f9c50f7ef2e53__vs__a5f2b9318d_002aa60c2ae1187417b4b157c5ec6450324cc056ec551a12_redline_a37ccd81f7.docx,tracking_without_comments/pdf/203c24d1e7_00cb988053156ab17763897a184a6655864f9c50f7ef2e53__vs__a5f2b9318d_002aa60c2ae1187417b4b157c5ec6450324cc056ec551a12_redline_a37ccd81f7.pdf,tracking_without_comments,a37ccd81f7,redlines_a100_b10
95c855b9a0_001671bbb68c5b9ebebebfc8be69252ccc195babb3129278__vs__5203829c7a_001cc92b88566d5f930fe57f25813c0bf52a7bdc72c217d0_redline_a4860c6049,clean/docx/95c855b9a0_001671bbb68c5b9ebebebfc8be69252ccc195babb3129278,clean/docx/5203829c7a_001cc92b88566d5f930fe57f25813c0bf52a7bdc72c217d0,tracking_without_comments/docx/95c855b9a0_001671bbb68c5b9ebebebfc8be69252ccc195babb3129278__vs__5203829c7a_001cc92b88566d5f930fe57f25813c0bf52a7bdc72c217d0_redline_a4860c6049.docx,tracking_without_comments/pdf/95c855b9a0_001671bbb68c5b9ebebebfc8be69252ccc195babb3129278__vs__5203829c7a_001cc92b88566d5f930fe57f25813c0bf52a7bdc72c217d0_redline_a4860c6049.pdf,tracking_without_comments,a4860c6049,redlines_a100_b10
375fae81b7_a24126540f413bb464180dae1c29e089aacc4591fa07b13e__vs__f06ff371fe_d2a2b3f0c255c7e6fcf18eb649a2fce9869817b3398cceff_redline_a5678bf47a,clean/docx/375fae81b7_a24126540f413bb464180dae1c29e089aacc4591fa07b13e,clean/docx/f06ff371fe_d2a2b3f0c255c7e6fcf18eb649a2fce9869817b3398cceff,tracking_without_comments/docx/375fae81b7_a24126540f413bb464180dae1c29e089aacc4591fa07b13e__vs__f06ff371fe_d2a2b3f0c255c7e6fcf18eb649a2fce9869817b3398cceff_redline_a5678bf47a.docx,tracking_without_comments/pdf/375fae81b7_a24126540f413bb464180dae1c29e089aacc4591fa07b13e__vs__f06ff371fe_d2a2b3f0c255c7e6fcf18eb649a2fce9869817b3398cceff_redline_a5678bf47a.pdf,tracking_without_comments,a5678bf47a,redlines_en_500
af540c50e4_00edeec4b73ab68a9a4e2b0281464f067656d89fc9969ab4__vs__2e04202552_000e3e7bd2d6215fc7b469cc3e296c1b2a510bc1abc7e0fd_redline_a702002b5b,clean/docx/af540c50e4_00edeec4b73ab68a9a4e2b0281464f067656d89fc9969ab4,clean/docx/2e04202552_000e3e7bd2d6215fc7b469cc3e296c1b2a510bc1abc7e0fd,tracking_without_comments/docx/af540c50e4_00edeec4b73ab68a9a4e2b0281464f067656d89fc9969ab4__vs__2e04202552_000e3e7bd2d6215fc7b469cc3e296c1b2a510bc1abc7e0fd_redline_a702002b5b.docx,tracking_without_comments/pdf/af540c50e4_00edeec4b73ab68a9a4e2b0281464f067656d89fc9969ab4__vs__2e04202552_000e3e7bd2d6215fc7b469cc3e296c1b2a510bc1abc7e0fd_redline_a702002b5b.pdf,tracking_without_comments,a702002b5b,redlines_a100_b10
63f2ae8323_00d7e931786f09113a59daafeb4c51113fbd97f3f09d93c2__vs__5203829c7a_001cc92b88566d5f930fe57f25813c0bf52a7bdc72c217d0_redline_a7b35571b9,clean/docx/63f2ae8323_00d7e931786f09113a59daafeb4c51113fbd97f3f09d93c2,clean/docx/5203829c7a_001cc92b88566d5f930fe57f25813c0bf52a7bdc72c217d0,tracking_without_comments/docx/63f2ae8323_00d7e931786f09113a59daafeb4c51113fbd97f3f09d93c2__vs__5203829c7a_001cc92b88566d5f930fe57f25813c0bf52a7bdc72c217d0_redline_a7b35571b9.docx,tracking_without_comments/pdf/63f2ae8323_00d7e931786f09113a59daafeb4c51113fbd97f3f09d93c2__vs__5203829c7a_001cc92b88566d5f930fe57f25813c0bf52a7bdc72c217d0_redline_a7b35571b9.pdf,tracking_without_comments,a7b35571b9,redlines_a100_b10
31665191de_a7444d0b8fef75bcdddc03eb540d379d9556f19492f0234b__vs__1a3573b864_bb917ba095edcd48f3cec46016b853f8906c245660277c45_redline_a8b96f68bd,clean/docx/31665191de_a7444d0b8fef75bcdddc03eb540d379d9556f19492f0234b,clean/docx/1a3573b864_bb917ba095edcd48f3cec46016b853f8906c245660277c45,tracking_without_comments/docx/31665191de_a7444d0b8fef75bcdddc03eb540d379d9556f19492f0234b__vs__1a3573b864_bb917ba095edcd48f3cec46016b853f8906c245660277c45_redline_a8b96f68bd.docx,tracking_without_comments/pdf/31665191de_a7444d0b8fef75bcdddc03eb540d379d9556f19492f0234b__vs__1a3573b864_bb917ba095edcd48f3cec46016b853f8906c245660277c45_redline_a8b96f68bd.pdf,tracking_without_comments,a8b96f68bd,redlines_en_500
4fcecda2bb_file_42__vs__e791c4281b_file_43_redline_a95294100a,clean/docx/4fcecda2bb_file_42,clean/docx/e791c4281b_file_43,tracking_without_comments/docx/4fcecda2bb_file_42__vs__e791c4281b_file_43_redline_a95294100a.docx,tracking_without_comments/pdf/4fcecda2bb_file_42__vs__e791c4281b_file_43_redline_a95294100a.pdf,tracking_without_comments,a95294100a,nocomments_randomized
4f1b13334b_0002768ad2e3174d9c557d30d4a7a8d70ae4062e52383747__vs__1424386e9b_017447de83753a0e3b7afc659df038ef56972925336c6a5b_redline_aa270fe985,clean/docx/4f1b13334b_0002768ad2e3174d9c557d30d4a7a8d70ae4062e52383747,clean/docx/1424386e9b_017447de83753a0e3b7afc659df038ef56972925336c6a5b,tracking_without_comments/docx/4f1b13334b_0002768ad2e3174d9c557d30d4a7a8d70ae4062e52383747__vs__1424386e9b_017447de83753a0e3b7afc659df038ef56972925336c6a5b_redline_aa270fe985.docx,tracking_without_comments/pdf/4f1b13334b_0002768ad2e3174d9c557d30d4a7a8d70ae4062e52383747__vs__1424386e9b_017447de83753a0e3b7afc659df038ef56972925336c6a5b_redline_aa270fe985.pdf,tracking_without_comments,aa270fe985,redlines_a100_b10
1c29559690_38cbf57ee790ac446ec8c957189574570b7ea5b0dae2fd15__vs__689964b1d8_fcb45876931e978ee2f9052da44fe1f763e4f0c1cb7b2279_redline_ab51888caa,clean/docx/1c29559690_38cbf57ee790ac446ec8c957189574570b7ea5b0dae2fd15,clean/docx/689964b1d8_fcb45876931e978ee2f9052da44fe1f763e4f0c1cb7b2279,tracking_without_comments/docx/1c29559690_38cbf57ee790ac446ec8c957189574570b7ea5b0dae2fd15__vs__689964b1d8_fcb45876931e978ee2f9052da44fe1f763e4f0c1cb7b2279_redline_ab51888caa.docx,tracking_without_comments/pdf/1c29559690_38cbf57ee790ac446ec8c957189574570b7ea5b0dae2fd15__vs__689964b1d8_fcb45876931e978ee2f9052da44fe1f763e4f0c1cb7b2279_redline_ab51888caa.pdf,tracking_without_comments,ab51888caa,redlines_en_500
6c2c8f1b79_4746195c006945f534b2c9ac444f038d071c9f4009b49e4a__vs__9696c5a86b_849ee788c6d02e66e3d5d037056f33907af76c092dbb5494_redline_acafcbe293,clean/docx/6c2c8f1b79_4746195c006945f534b2c9ac444f038d071c9f4009b49e4a,clean/docx/9696c5a86b_849ee788c6d02e66e3d5d037056f33907af76c092dbb5494,tracking_without_comments/docx/6c2c8f1b79_4746195c006945f534b2c9ac444f038d071c9f4009b49e4a__vs__9696c5a86b_849ee788c6d02e66e3d5d037056f33907af76c092dbb5494_redline_acafcbe293.docx,tracking_without_comments/pdf/6c2c8f1b79_4746195c006945f534b2c9ac444f038d071c9f4009b49e4a__vs__9696c5a86b_849ee788c6d02e66e3d5d037056f33907af76c092dbb5494_redline_acafcbe293.pdf,tracking_without_comments,acafcbe293,redlines_en_500
48cd1e0a53_bold_and_italic_combo_style_default_missing__vs__187c1cd53e_bold_and_underline_combo_id_paraid_overflow_redline_adb78cb375,clean/docx/48cd1e0a53_bold_and_italic_combo_style_default_missing,clean/docx/187c1cd53e_bold_and_underline_combo_id_paraid_overflow,tracking_without_comments/docx/48cd1e0a53_bold_and_italic_combo_style_default_missing__vs__187c1cd53e_bold_and_underline_combo_id_paraid_overflow_redline_adb78cb375.docx,tracking_without_comments/pdf/48cd1e0a53_bold_and_italic_combo_style_default_missing__vs__187c1cd53e_bold_and_underline_combo_id_paraid_overflow_redline_adb78cb375.pdf,tracking_without_comments,adb78cb375,fixtures_word_compares;pdf_fill_0928
976e7588ea_font_size_18_demo_style_default_missing__vs__8775f4c82d_font_size_24_demo_id_paraid_overflow_redline_ae9e7b65f1,clean/docx/976e7588ea_font_size_18_demo_style_default_missing,clean/docx/8775f4c82d_font_size_24_demo_id_paraid_overflow,tracking_without_comments/docx/976e7588ea_font_size_18_demo_style_default_missing__vs__8775f4c82d_font_size_24_demo_id_paraid_overflow_redline_ae9e7b65f1.docx,tracking_without_comments/pdf/976e7588ea_font_size_18_demo_style_default_missing__vs__8775f4c82d_font_size_24_demo_id_paraid_overflow_redline_ae9e7b65f1.pdf,tracking_without_comments,ae9e7b65f1,nocomments
d996bef4c8_docx_lots_of_comments_addition_removal_redline__vs__bcae83f080_docx_lots_of_comments_addition_removal_redline_af1d2b843d,tracking_without_comments/docx/d996bef4c8_docx_lots_of_comments_addition_removal_redline,tracking_without_comments/docx/bcae83f080_docx_lots_of_comments_addition_removal,tracking_without_comments/docx/d996bef4c8_docx_lots_of_comments_addition_removal_redline__vs__bcae83f080_docx_lots_of_comments_addition_removal_redline_af1d2b843d.docx,tracking_without_comments/pdf/d996bef4c8_docx_lots_of_comments_addition_removal_redline__vs__bcae83f080_docx_lots_of_comments_addition_removal_redline_af1d2b843d.pdf,tracking_without_comments,af1d2b843d,nocomments
5fca0ac668_ooxml_style_link__vs__12809de7d6_word_tolerated_misplaced_pgsz_redline_b06fe8236d,clean/docx/5fca0ac668_ooxml_style_link,clean/docx/12809de7d6_word_tolerated_misplaced_pgsz,tracking_without_comments/docx/5fca0ac668_ooxml_style_link__vs__12809de7d6_word_tolerated_misplaced_pgsz_redline_b06fe8236d.docx,tracking_without_comments/pdf/5fca0ac668_ooxml_style_link__vs__12809de7d6_word_tolerated_misplaced_pgsz_redline_b06fe8236d.pdf,tracking_without_comments,b06fe8236d,nocomments
8e362f619c_001a1c8e7a7ce5a802479fb58bf4affd239449ecb33b64ec__vs__342f364d46_001342333d45627868f4dc5282abbba4598a91b4a7584b08_redline_b130a96405,clean/docx/8e362f619c_001a1c8e7a7ce5a802479fb58bf4affd239449ecb33b64ec,clean/docx/342f364d46_001342333d45627868f4dc5282abbba4598a91b4a7584b08,tracking_without_comments/docx/8e362f619c_001a1c8e7a7ce5a802479fb58bf4affd239449ecb33b64ec__vs__342f364d46_001342333d45627868f4dc5282abbba4598a91b4a7584b08_redline_b130a96405.docx,tracking_without_comments/pdf/8e362f619c_001a1c8e7a7ce5a802479fb58bf4affd239449ecb33b64ec__vs__342f364d46_001342333d45627868f4dc5282abbba4598a91b4a7584b08_redline_b130a96405.pdf,tracking_without_comments,b130a96405,redlines_a100_b10
73cbfcf155_8e429677b4f05a9584d0af353823c66c0f9b1c035c8e5205__vs__ab517eeffc_5ed314f75f24c6be808674e4db53ce5952aa02d8aca97ade_redline_b205e40ea1,clean/docx/73cbfcf155_8e429677b4f05a9584d0af353823c66c0f9b1c035c8e5205,clean/docx/ab517eeffc_5ed314f75f24c6be808674e4db53ce5952aa02d8aca97ade,tracking_without_comments/docx/73cbfcf155_8e429677b4f05a9584d0af353823c66c0f9b1c035c8e5205__vs__ab517eeffc_5ed314f75f24c6be808674e4db53ce5952aa02d8aca97ade_redline_b205e40ea1.docx,tracking_without_comments/pdf/73cbfcf155_8e429677b4f05a9584d0af353823c66c0f9b1c035c8e5205__vs__ab517eeffc_5ed314f75f24c6be808674e4db53ce5952aa02d8aca97ade_redline_b205e40ea1.pdf,tracking_without_comments,b205e40ea1,redlines_en_500
868b5e44f4_file_120__vs__3c790a30b8_file_121_redline_b2f9bae014,clean/docx/868b5e44f4_file_120,clean/docx/3c790a30b8_file_121,tracking_without_comments/docx/868b5e44f4_file_120__vs__3c790a30b8_file_121_redline_b2f9bae014.docx,tracking_without_comments/pdf/868b5e44f4_file_120__vs__3c790a30b8_file_121_redline_b2f9bae014.pdf,tracking_without_comments,b2f9bae014,nocomments_randomized
89e7416045_title_style_demo_id_paraid_overflow__vs__8969d20a1f_title_style_demo_style_default_missing_redline_b3e86a643b,clean/docx/89e7416045_title_style_demo_id_paraid_overflow,clean/docx/8969d20a1f_title_style_demo_style_default_missing,tracking_without_comments/docx/89e7416045_title_style_demo_id_paraid_overflow__vs__8969d20a1f_title_style_demo_style_default_missing_redline_b3e86a643b.docx,tracking_without_comments/pdf/89e7416045_title_style_demo_id_paraid_overflow__vs__8969d20a1f_title_style_demo_style_default_missing_redline_b3e86a643b.pdf,tracking_without_comments,b3e86a643b,nocomments
521bb53c59_7b5f7cc03ca143f21962fb74754cd58d9bf6d5d0ce6746fc__vs__181d75bcd4_733e30614c2af1c89ccff8e9c40056a9c86f601eff22e03d_redline_b4b07058b0,clean/docx/521bb53c59_7b5f7cc03ca143f21962fb74754cd58d9bf6d5d0ce6746fc,clean/docx/181d75bcd4_733e30614c2af1c89ccff8e9c40056a9c86f601eff22e03d,tracking_without_comments/docx/521bb53c59_7b5f7cc03ca143f21962fb74754cd58d9bf6d5d0ce6746fc__vs__181d75bcd4_733e30614c2af1c89ccff8e9c40056a9c86f601eff22e03d_redline_b4b07058b0.docx,tracking_without_comments/pdf/521bb53c59_7b5f7cc03ca143f21962fb74754cd58d9bf6d5d0ce6746fc__vs__181d75bcd4_733e30614c2af1c89ccff8e9c40056a9c86f601eff22e03d_redline_b4b07058b0.pdf,tracking_without_comments,b4b07058b0,redlines_en_500
f529133cd5_super_editor__basic_comment_d3ba5f1e__vs__199cb211b5_super_editor__basic_footnotes_5be96945_redline_b547e31a0d,with_comments_clean/docx/f529133cd5_super_editor__basic_comment_d3ba5f1e,clean/docx/199cb211b5_super_editor__basic_footnotes_5be96945,with_comments_tracking/docx/f529133cd5_super_editor__basic_comment_d3ba5f1e__vs__199cb211b5_super_editor__basic_footnotes_5be96945_redline_b547e31a0d.docx,with_comments_tracking/pdf/f529133cd5_super_editor__basic_comment_d3ba5f1e__vs__199cb211b5_super_editor__basic_footnotes_5be96945_redline_b547e31a0d.pdf,with_comments_tracking,b547e31a0d,word_redlines_superdoc_0926
2b4475cba6_0021f639e5dbf6c217c8d81a7ac3374624ff9901a5d4b200__vs__1424386e9b_017447de83753a0e3b7afc659df038ef56972925336c6a5b_redline_b6ebc56a22,clean/docx/2b4475cba6_0021f639e5dbf6c217c8d81a7ac3374624ff9901a5d4b200,clean/docx/1424386e9b_017447de83753a0e3b7afc659df038ef56972925336c6a5b,tracking_without_comments/docx/2b4475cba6_0021f639e5dbf6c217c8d81a7ac3374624ff9901a5d4b200__vs__1424386e9b_017447de83753a0e3b7afc659df038ef56972925336c6a5b_redline_b6ebc56a22.docx,tracking_without_comments/pdf/2b4475cba6_0021f639e5dbf6c217c8d81a7ac3374624ff9901a5d4b200__vs__1424386e9b_017447de83753a0e3b7afc659df038ef56972925336c6a5b_redline_b6ebc56a22.pdf,tracking_without_comments,b6ebc56a22,redlines_a100_b10
f17e96512e_001cb345cc8d6b799aa725514eb368005048b80f4b4c07a5__vs__a5f2b9318d_002aa60c2ae1187417b4b157c5ec6450324cc056ec551a12_redline_b7c11bf92a,clean/docx/f17e96512e_001cb345cc8d6b799aa725514eb368005048b80f4b4c07a5,clean/docx/a5f2b9318d_002aa60c2ae1187417b4b157c5ec6450324cc056ec551a12,tracking_without_comments/docx/f17e96512e_001cb345cc8d6b799aa725514eb368005048b80f4b4c07a5__vs__a5f2b9318d_002aa60c2ae1187417b4b157c5ec6450324cc056ec551a12_redline_b7c11bf92a.docx,tracking_without_comments/pdf/f17e96512e_001cb345cc8d6b799aa725514eb368005048b80f4b4c07a5__vs__a5f2b9318d_002aa60c2ae1187417b4b157c5ec6450324cc056ec551a12_redline_b7c11bf92a.pdf,tracking_without_comments,b7c11bf92a,redlines_a100_b10
cdc99394fd_8c45b767190482b7a94ce3492e9d5fcbfe743f72502c9169__vs__e3f5a2a35c_e03589ba2d798e04b15f136145db0af574edb4a886f65050_redline_b956ebc218,clean/docx/cdc99394fd_8c45b767190482b7a94ce3492e9d5fcbfe743f72502c9169,clean/docx/e3f5a2a35c_e03589ba2d798e04b15f136145db0af574edb4a886f65050,tracking_without_comments/docx/cdc99394fd_8c45b767190482b7a94ce3492e9d5fcbfe743f72502c9169__vs__e3f5a2a35c_e03589ba2d798e04b15f136145db0af574edb4a886f65050_redline_b956ebc218.docx,tracking_without_comments/pdf/cdc99394fd_8c45b767190482b7a94ce3492e9d5fcbfe743f72502c9169__vs__e3f5a2a35c_e03589ba2d798e04b15f136145db0af574edb4a886f65050_redline_b956ebc218.pdf,tracking_without_comments,b956ebc218,redlines_en_500
bb560d2a02_2fb37ac3b5f327c12bb8bbd95446f266c5ad631463b80be8__vs__ef8453bf9c_09f1ccf70597b739a10c1b538c7686017f63363a46df22a3_redline_ba665aeaab,clean/docx/bb560d2a02_2fb37ac3b5f327c12bb8bbd95446f266c5ad631463b80be8,clean/docx/ef8453bf9c_09f1ccf70597b739a10c1b538c7686017f63363a46df22a3,tracking_without_comments/docx/bb560d2a02_2fb37ac3b5f327c12bb8bbd95446f266c5ad631463b80be8__vs__ef8453bf9c_09f1ccf70597b739a10c1b538c7686017f63363a46df22a3_redline_ba665aeaab.docx,tracking_without_comments/pdf/bb560d2a02_2fb37ac3b5f327c12bb8bbd95446f266c5ad631463b80be8__vs__ef8453bf9c_09f1ccf70597b739a10c1b538c7686017f63363a46df22a3_redline_ba665aeaab.pdf,tracking_without_comments,ba665aeaab,redlines_en_500
a04e2d2749_ooxml_style_link__vs__20d2e7d58b_word_tolerated_misplaced_pgsz_redline_bb42b4d0bc,clean/docx/a04e2d2749_ooxml_style_link,clean/docx/20d2e7d58b_word_tolerated_misplaced_pgsz,tracking_without_comments/docx/a04e2d2749_ooxml_style_link__vs__20d2e7d58b_word_tolerated_misplaced_pgsz_redline_bb42b4d0bc.docx,tracking_without_comments/pdf/a04e2d2749_ooxml_style_link__vs__20d2e7d58b_word_tolerated_misplaced_pgsz_redline_bb42b4d0bc.pdf,tracking_without_comments,bb42b4d0bc,word_based
4adc608648_2488d971f129d2ad9ee2746e23daeadffa071001e2686533__vs__279da0a289_a4168b8a3243b602dbbc156765888e0596f9d3e4dac17549_redline_bbfeb633fc,clean/docx/4adc608648_2488d971f129d2ad9ee2746e23daeadffa071001e2686533,clean/docx/279da0a289_a4168b8a3243b602dbbc156765888e0596f9d3e4dac17549,tracking_without_comments/docx/4adc608648_2488d971f129d2ad9ee2746e23daeadffa071001e2686533__vs__279da0a289_a4168b8a3243b602dbbc156765888e0596f9d3e4dac17549_redline_bbfeb633fc.docx,tracking_without_comments/pdf/4adc608648_2488d971f129d2ad9ee2746e23daeadffa071001e2686533__vs__279da0a289_a4168b8a3243b602dbbc156765888e0596f9d3e4dac17549_redline_bbfeb633fc.pdf,tracking_without_comments,bbfeb633fc,redlines_en_500
a4ebc0e89c_0016d88a731db087feb2e28e8bfc163c1fe94df0ee048d55__vs__bd3824dd1e_000ee64ef7226d353297888f59a251e24ce5d776fea000fa_redline_bc992e6331,clean/docx/a4ebc0e89c_0016d88a731db087feb2e28e8bfc163c1fe94df0ee048d55,clean/docx/bd3824dd1e_000ee64ef7226d353297888f59a251e24ce5d776fea000fa,tracking_without_comments/docx/a4ebc0e89c_0016d88a731db087feb2e28e8bfc163c1fe94df0ee048d55__vs__bd3824dd1e_000ee64ef7226d353297888f59a251e24ce5d776fea000fa_redline_bc992e6331.docx,tracking_without_comments/pdf/a4ebc0e89c_0016d88a731db087feb2e28e8bfc163c1fe94df0ee048d55__vs__bd3824dd1e_000ee64ef7226d353297888f59a251e24ce5d776fea000fa_redline_bc992e6331.pdf,tracking_without_comments,bc992e6331,redlines_a100_b10
e1c745d784_008243ee20adecbf2ae39c9e6809b022076aa166a4a4f9ec__vs__2773adf157_0004c94ca2a8684d47449bb0e7abf87de1df71a7e6543252_redline_bdd82eb64d,clean/docx/e1c745d784_008243ee20adecbf2ae39c9e6809b022076aa166a4a4f9ec,clean/docx/2773adf157_0004c94ca2a8684d47449bb0e7abf87de1df71a7e6543252,tracking_without_comments/docx/e1c745d784_008243ee20adecbf2ae39c9e6809b022076aa166a4a4f9ec__vs__2773adf157_0004c94ca2a8684d47449bb0e7abf87de1df71a7e6543252_redline_bdd82eb64d.docx,tracking_without_comments/pdf/e1c745d784_008243ee20adecbf2ae39c9e6809b022076aa166a4a4f9ec__vs__2773adf157_0004c94ca2a8684d47449bb0e7abf87de1df71a7e6543252_redline_bdd82eb64d.pdf,tracking_without_comments,bdd82eb64d,redlines_a100_b10
432bf1c280_010684299d3c5523897eb69efb8c1c743c0a7623137d64fe__vs__333bfe069a_003416d620331122b93b434dad901db5836f60d2cad4b533_redline_be5af1ebf5,clean/docx/432bf1c280_010684299d3c5523897eb69efb8c1c743c0a7623137d64fe,clean/docx/333bfe069a_003416d620331122b93b434dad901db5836f60d2cad4b533,tracking_without_comments/docx/432bf1c280_010684299d3c5523897eb69efb8c1c743c0a7623137d64fe__vs__333bfe069a_003416d620331122b93b434dad901db5836f60d2cad4b533_redline_be5af1ebf5.docx,tracking_without_comments/pdf/432bf1c280_010684299d3c5523897eb69efb8c1c743c0a7623137d64fe__vs__333bfe069a_003416d620331122b93b434dad901db5836f60d2cad4b533_redline_be5af1ebf5.pdf,tracking_without_comments,be5af1ebf5,redlines_a100_b10
0e6f813e69_00d2ca27359f3d1d5ee2c2904b48a3e4717faf7fdf6413f6__vs__2e04202552_000e3e7bd2d6215fc7b469cc3e296c1b2a510bc1abc7e0fd_redline_bf3d5eb650,clean/docx/0e6f813e69_00d2ca27359f3d1d5ee2c2904b48a3e4717faf7fdf6413f6,clean/docx/2e04202552_000e3e7bd2d6215fc7b469cc3e296c1b2a510bc1abc7e0fd,tracking_without_comments/docx/0e6f813e69_00d2ca27359f3d1d5ee2c2904b48a3e4717faf7fdf6413f6__vs__2e04202552_000e3e7bd2d6215fc7b469cc3e296c1b2a510bc1abc7e0fd_redline_bf3d5eb650.docx,tracking_without_comments/pdf/0e6f813e69_00d2ca27359f3d1d5ee2c2904b48a3e4717faf7fdf6413f6__vs__2e04202552_000e3e7bd2d6215fc7b469cc3e296c1b2a510bc1abc7e0fd_redline_bf3d5eb650.pdf,tracking_without_comments,bf3d5eb650,redlines_a100_b10
fad186fbc9_file_185__vs__5674014cbb_file_186_redline_c09f50d3f1,tracking_without_comments/docx/fad186fbc9_file_185,clean/docx/5674014cbb_file_186,tracking_without_comments/docx/fad186fbc9_file_185__vs__5674014cbb_file_186_redline_c09f50d3f1.docx,tracking_without_comments/pdf/fad186fbc9_file_185__vs__5674014cbb_file_186_redline_c09f50d3f1.pdf,tracking_without_comments,c09f50d3f1,nocomments_randomized
13ccf06a72_file_71__vs__f2a8197531_file_72_redline_c11ed1b893,clean/docx/13ccf06a72_file_71,clean/docx/f2a8197531_file_72,tracking_without_comments/docx/13ccf06a72_file_71__vs__f2a8197531_file_72_redline_c11ed1b893.docx,tracking_without_comments/pdf/13ccf06a72_file_71__vs__f2a8197531_file_72_redline_c11ed1b893.pdf,tracking_without_comments,c11ed1b893,nocomments_randomized
a67044c7bd_file_12__vs__1ed8b01b55_file_13_redline_c21967fa3b,clean/docx/a67044c7bd_file_12,clean/docx/1ed8b01b55_file_13,tracking_without_comments/docx/a67044c7bd_file_12__vs__1ed8b01b55_file_13_redline_c21967fa3b.docx,tracking_without_comments/pdf/a67044c7bd_file_12__vs__1ed8b01b55_file_13_redline_c21967fa3b.pdf,tracking_without_comments,c21967fa3b,nocomments_randomized
f6f35375dd_4b86cf0feb7f5bded449753bfe2950d19263d9c33580247d__vs__153475ecc3_630e2755d490dfd200220fd7138cb75964ae99d9fa116455_redline_c2d6b7dbc8,clean/docx/f6f35375dd_4b86cf0feb7f5bded449753bfe2950d19263d9c33580247d,clean/docx/153475ecc3_630e2755d490dfd200220fd7138cb75964ae99d9fa116455,tracking_without_comments/docx/f6f35375dd_4b86cf0feb7f5bded449753bfe2950d19263d9c33580247d__vs__153475ecc3_630e2755d490dfd200220fd7138cb75964ae99d9fa116455_redline_c2d6b7dbc8.docx,tracking_without_comments/pdf/f6f35375dd_4b86cf0feb7f5bded449753bfe2950d19263d9c33580247d__vs__153475ecc3_630e2755d490dfd200220fd7138cb75964ae99d9fa116455_redline_c2d6b7dbc8.pdf,tracking_without_comments,c2d6b7dbc8,redlines_en_500
4640e71ddd_0062ef190840d69d26aa6ecec30a8cb25f8e1506cee20dac__vs__333bfe069a_003416d620331122b93b434dad901db5836f60d2cad4b533_redline_c40f3cc643,clean/docx/4640e71ddd_0062ef190840d69d26aa6ecec30a8cb25f8e1506cee20dac,clean/docx/333bfe069a_003416d620331122b93b434dad901db5836f60d2cad4b533,tracking_without_comments/docx/4640e71ddd_0062ef190840d69d26aa6ecec30a8cb25f8e1506cee20dac__vs__333bfe069a_003416d620331122b93b434dad901db5836f60d2cad4b533_redline_c40f3cc643.docx,tracking_without_comments/pdf/4640e71ddd_0062ef190840d69d26aa6ecec30a8cb25f8e1506cee20dac__vs__333bfe069a_003416d620331122b93b434dad901db5836f60d2cad4b533_redline_c40f3cc643.pdf,tracking_without_comments,c40f3cc643,redlines_a100_b10
4bac537e7b_file_191__vs__9ce1c5551b_file_192_redline_c4f4921c0a,tracking_without_comments/docx/4bac537e7b_file_191,clean/docx/9ce1c5551b_file_192,tracking_without_comments/docx/4bac537e7b_file_191__vs__9ce1c5551b_file_192_redline_c4f4921c0a.docx,tracking_without_comments/pdf/4bac537e7b_file_191__vs__9ce1c5551b_file_192_redline_c4f4921c0a.pdf,tracking_without_comments,c4f4921c0a,nocomments_randomized
0a1badc333_super_editor__missing_sectpr_967a402d__vs__7a48682ea5_super_editor__superdoc_hyperlink_cases_1dde9cd3_redline_c69f43f277,clean/docx/0a1badc333_super_editor__missing_sectpr_967a402d,clean/docx/7a48682ea5_super_editor__superdoc_hyperlink_cases_1dde9cd3,tracking_without_comments/docx/0a1badc333_super_editor__missing_sectpr_967a402d__vs__7a48682ea5_super_editor__superdoc_hyperlink_cases_1dde9cd3_redline_c69f43f277.docx,tracking_without_comments/pdf/0a1badc333_super_editor__missing_sectpr_967a402d__vs__7a48682ea5_super_editor__superdoc_hyperlink_cases_1dde9cd3_redline_c69f43f277.pdf,tracking_without_comments,c69f43f277,word_redlines_superdoc
1b9445becb_000516b844a100814a91ff4628bfc37fed6090074bfa22e1__vs__aa5340125d_00a4b0b91e9b5b072dc3771391c2d608518690eccf44eae8_redline_c75299fc1f,clean/docx/1b9445becb_000516b844a100814a91ff4628bfc37fed6090074bfa22e1,clean/docx/aa5340125d_00a4b0b91e9b5b072dc3771391c2d608518690eccf44eae8,tracking_without_comments/docx/1b9445becb_000516b844a100814a91ff4628bfc37fed6090074bfa22e1__vs__aa5340125d_00a4b0b91e9b5b072dc3771391c2d608518690eccf44eae8_redline_c75299fc1f.docx,tracking_without_comments/pdf/1b9445becb_000516b844a100814a91ff4628bfc37fed6090074bfa22e1__vs__aa5340125d_00a4b0b91e9b5b072dc3771391c2d608518690eccf44eae8_redline_c75299fc1f.pdf,tracking_without_comments,c75299fc1f,redlines_a100_b10
008e54e6e2_ad6f2ccf33e32e0ea2d74dee2d1bac17daf62964ec814c93__vs__ae42eec8e6_09802dae8031d4cbb7b366b067c636ea7412cbd460e1466e_redline_c85d3b6a37,clean/docx/008e54e6e2_ad6f2ccf33e32e0ea2d74dee2d1bac17daf62964ec814c93,clean/docx/ae42eec8e6_09802dae8031d4cbb7b366b067c636ea7412cbd460e1466e,tracking_without_comments/docx/008e54e6e2_ad6f2ccf33e32e0ea2d74dee2d1bac17daf62964ec814c93__vs__ae42eec8e6_09802dae8031d4cbb7b366b067c636ea7412cbd460e1466e_redline_c85d3b6a37.docx,tracking_without_comments/pdf/008e54e6e2_ad6f2ccf33e32e0ea2d74dee2d1bac17daf62964ec814c93__vs__ae42eec8e6_09802dae8031d4cbb7b366b067c636ea7412cbd460e1466e_redline_c85d3b6a37.pdf,tracking_without_comments,c85d3b6a37,redlines_en_500
ba06c848cd_red_strikethrough_demo_style_default_missing__vs__e7f42d32bc_right_align_bold_demo_id_paraid_overflow_redline_c8d28b1f77,clean/docx/ba06c848cd_red_strikethrough_demo_style_default_missing,clean/docx/e7f42d32bc_right_align_bold_demo_id_paraid_overflow,tracking_without_comments/docx/ba06c848cd_red_strikethrough_demo_style_default_missing__vs__e7f42d32bc_right_align_bold_demo_id_paraid_overflow_redline_c8d28b1f77.docx,tracking_without_comments/pdf/ba06c848cd_red_strikethrough_demo_style_default_missing__vs__e7f42d32bc_right_align_bold_demo_id_paraid_overflow_redline_c8d28b1f77.pdf,tracking_without_comments,c8d28b1f77,nocomments
3755bf5762_0000a3a991f56b6660c630eb426231a3b4ec31e40313aab9__vs__aa5340125d_00a4b0b91e9b5b072dc3771391c2d608518690eccf44eae8_redline_ca002ef9ee,clean/docx/3755bf5762_0000a3a991f56b6660c630eb426231a3b4ec31e40313aab9,clean/docx/aa5340125d_00a4b0b91e9b5b072dc3771391c2d608518690eccf44eae8,tracking_without_comments/docx/3755bf5762_0000a3a991f56b6660c630eb426231a3b4ec31e40313aab9__vs__aa5340125d_00a4b0b91e9b5b072dc3771391c2d608518690eccf44eae8_redline_ca002ef9ee.docx,tracking_without_comments/pdf/3755bf5762_0000a3a991f56b6660c630eb426231a3b4ec31e40313aab9__vs__aa5340125d_00a4b0b91e9b5b072dc3771391c2d608518690eccf44eae8_redline_ca002ef9ee.pdf,tracking_without_comments,ca002ef9ee,redlines_a100_b10
ee61fb4ab3_super_editor__base_ordered_fdff1fb2__vs__f529133cd5_super_editor__basic_comment_d3ba5f1e_redline_cb0a7d2c98,clean/docx/ee61fb4ab3_super_editor__base_ordered_fdff1fb2,with_comments_clean/docx/f529133cd5_super_editor__basic_comment_d3ba5f1e,with_comments_tracking/docx/ee61fb4ab3_super_editor__base_ordered_fdff1fb2__vs__f529133cd5_super_editor__basic_comment_d3ba5f1e_redline_cb0a7d2c98.docx,with_comments_tracking/pdf/ee61fb4ab3_super_editor__base_ordered_fdff1fb2__vs__f529133cd5_super_editor__basic_comment_d3ba5f1e_redline_cb0a7d2c98.pdf,with_comments_tracking,cb0a7d2c98,word_redlines_superdoc_0926
0bf5192ed0_00afb3e6b2bb1a5ab1e1770ba41f6f455f87472d24ab2767__vs__1424386e9b_017447de83753a0e3b7afc659df038ef56972925336c6a5b_redline_cba1b8223c,tracking_without_comments/docx/0bf5192ed0_00afb3e6b2bb1a5ab1e1770ba41f6f455f87472d24ab2767,clean/docx/1424386e9b_017447de83753a0e3b7afc659df038ef56972925336c6a5b,tracking_without_comments/docx/0bf5192ed0_00afb3e6b2bb1a5ab1e1770ba41f6f455f87472d24ab2767__vs__1424386e9b_017447de83753a0e3b7afc659df038ef56972925336c6a5b_redline_cba1b8223c.docx,tracking_without_comments/pdf/0bf5192ed0_00afb3e6b2bb1a5ab1e1770ba41f6f455f87472d24ab2767__vs__1424386e9b_017447de83753a0e3b7afc659df038ef56972925336c6a5b_redline_cba1b8223c.pdf,tracking_without_comments,cba1b8223c,redlines_a100_b10
60f8044583_301293ef2a140a99a53b6c059b90aad9f7437c63551a0618__vs__355857f6ac_1b34db5bf944e7fd70cf87eb4b895571c586e8d6cd402ebb_redline_cca74d99b4,clean/docx/60f8044583_301293ef2a140a99a53b6c059b90aad9f7437c63551a0618,clean/docx/355857f6ac_1b34db5bf944e7fd70cf87eb4b895571c586e8d6cd402ebb,tracking_without_comments/docx/60f8044583_301293ef2a140a99a53b6c059b90aad9f7437c63551a0618__vs__355857f6ac_1b34db5bf944e7fd70cf87eb4b895571c586e8d6cd402ebb_redline_cca74d99b4.docx,tracking_without_comments/pdf/60f8044583_301293ef2a140a99a53b6c059b90aad9f7437c63551a0618__vs__355857f6ac_1b34db5bf944e7fd70cf87eb4b895571c586e8d6cd402ebb_redline_cca74d99b4.pdf,tracking_without_comments,cca74d99b4,redlines_en_500
6f8da764f0_file_170__vs__a112ab39da_file_171_redline_ce8a4577c2,tracking_without_comments/docx/6f8da764f0_file_170,clean/docx/a112ab39da_file_171,tracking_without_comments/docx/6f8da764f0_file_170__vs__a112ab39da_file_171_redline_ce8a4577c2.docx,tracking_without_comments/pdf/6f8da764f0_file_170__vs__a112ab39da_file_171_redline_ce8a4577c2.pdf,tracking_without_comments,ce8a4577c2,nocomments_randomized
1a8063d60a_7978f67a2975f1076422b085e1ad3e931583286cd655db6d__vs__46f52ad96b_49f41d220ad44fc32665ae6f2fd9c332d608b029edf2ba0b_redline_cfc2954ee9,clean/docx/1a8063d60a_7978f67a2975f1076422b085e1ad3e931583286cd655db6d,clean/docx/46f52ad96b_49f41d220ad44fc32665ae6f2fd9c332d608b029edf2ba0b,tracking_without_comments/docx/1a8063d60a_7978f67a2975f1076422b085e1ad3e931583286cd655db6d__vs__46f52ad96b_49f41d220ad44fc32665ae6f2fd9c332d608b029edf2ba0b_redline_cfc2954ee9.docx,tracking_without_comments/pdf/1a8063d60a_7978f67a2975f1076422b085e1ad3e931583286cd655db6d__vs__46f52ad96b_49f41d220ad44fc32665ae6f2fd9c332d608b029edf2ba0b_redline_cfc2954ee9.pdf,tracking_without_comments,cfc2954ee9,redlines_en_500
9586202517_super_editor__two_column_two_page_0b8a37c5__vs__cdf27ad0d3_behavior__sd_2672_nested_table_dfac08bb_redline_d132040c7c,clean/docx/9586202517_super_editor__two_column_two_page_0b8a37c5,clean/docx/cdf27ad0d3_behavior__sd_2672_nested_table_dfac08bb,tracking_without_comments/docx/9586202517_super_editor__two_column_two_page_0b8a37c5__vs__cdf27ad0d3_behavior__sd_2672_nested_table_dfac08bb_redline_d132040c7c.docx,tracking_without_comments/pdf/9586202517_super_editor__two_column_two_page_0b8a37c5__vs__cdf27ad0d3_behavior__sd_2672_nested_table_dfac08bb_redline_d132040c7c.pdf,tracking_without_comments,d132040c7c,word_redlines_superdoc
3ee2d0ceda_00026ef6a227eca724d9cd35f12e3065557a9ef0dc7ee295__vs__a5f2b9318d_002aa60c2ae1187417b4b157c5ec6450324cc056ec551a12_redline_d1fd716f16,clean/docx/3ee2d0ceda_00026ef6a227eca724d9cd35f12e3065557a9ef0dc7ee295,clean/docx/a5f2b9318d_002aa60c2ae1187417b4b157c5ec6450324cc056ec551a12,tracking_without_comments/docx/3ee2d0ceda_00026ef6a227eca724d9cd35f12e3065557a9ef0dc7ee295__vs__a5f2b9318d_002aa60c2ae1187417b4b157c5ec6450324cc056ec551a12_redline_d1fd716f16.docx,tracking_without_comments/pdf/3ee2d0ceda_00026ef6a227eca724d9cd35f12e3065557a9ef0dc7ee295__vs__a5f2b9318d_002aa60c2ae1187417b4b157c5ec6450324cc056ec551a12_redline_d1fd716f16.pdf,tracking_without_comments,d1fd716f16,redlines_a100_b10
4f1b13334b_0002768ad2e3174d9c557d30d4a7a8d70ae4062e52383747__vs__aa5340125d_00a4b0b91e9b5b072dc3771391c2d608518690eccf44eae8_redline_d2bbb79024,clean/docx/4f1b13334b_0002768ad2e3174d9c557d30d4a7a8d70ae4062e52383747,clean/docx/aa5340125d_00a4b0b91e9b5b072dc3771391c2d608518690eccf44eae8,tracking_without_comments/docx/4f1b13334b_0002768ad2e3174d9c557d30d4a7a8d70ae4062e52383747__vs__aa5340125d_00a4b0b91e9b5b072dc3771391c2d608518690eccf44eae8_redline_d2bbb79024.docx,tracking_without_comments/pdf/4f1b13334b_0002768ad2e3174d9c557d30d4a7a8d70ae4062e52383747__vs__aa5340125d_00a4b0b91e9b5b072dc3771391c2d608518690eccf44eae8_redline_d2bbb79024.pdf,tracking_without_comments,d2bbb79024,redlines_a100_b10
80823431bc_ea1fed2d74136683550937c3dfae358f9b3d842d2f19a26e__vs__1f244f1bea_fb618684761911d415f0bc0e32cea10f12c6eb0f3b6f64f9_redline_d3c6552dae,clean/docx/80823431bc_ea1fed2d74136683550937c3dfae358f9b3d842d2f19a26e,clean/docx/1f244f1bea_fb618684761911d415f0bc0e32cea10f12c6eb0f3b6f64f9,tracking_without_comments/docx/80823431bc_ea1fed2d74136683550937c3dfae358f9b3d842d2f19a26e__vs__1f244f1bea_fb618684761911d415f0bc0e32cea10f12c6eb0f3b6f64f9_redline_d3c6552dae.docx,tracking_without_comments/pdf/80823431bc_ea1fed2d74136683550937c3dfae358f9b3d842d2f19a26e__vs__1f244f1bea_fb618684761911d415f0bc0e32cea10f12c6eb0f3b6f64f9_redline_d3c6552dae.pdf,tracking_without_comments,d3c6552dae,redlines_en_500
3e43d24c46_clear_formatting_demo_id_paraid_overflow__vs__adc9f524d1_comments_redline_d484b575c0,clean/docx/3e43d24c46_clear_formatting_demo_id_paraid_overflow,with_comments_clean/docx/adc9f524d1_comments,with_comments_tracking/docx/3e43d24c46_clear_formatting_demo_id_paraid_overflow__vs__adc9f524d1_comments_redline_d484b575c0.docx,with_comments_tracking/pdf/3e43d24c46_clear_formatting_demo_id_paraid_overflow__vs__adc9f524d1_comments_redline_d484b575c0.pdf,with_comments_tracking,d484b575c0,word_based;fixtures_word_compares
23cdfeee74_0022d9b76a33e7bdcda8d38ec3c898364c578897fb55d462__vs__deff0e697a_00b5defcad6e58038eac35472a2d48c89905068e5ece0cc3_redline_d5a096356a,clean/docx/23cdfeee74_0022d9b76a33e7bdcda8d38ec3c898364c578897fb55d462,clean/docx/deff0e697a_00b5defcad6e58038eac35472a2d48c89905068e5ece0cc3,tracking_without_comments/docx/23cdfeee74_0022d9b76a33e7bdcda8d38ec3c898364c578897fb55d462__vs__deff0e697a_00b5defcad6e58038eac35472a2d48c89905068e5ece0cc3_redline_d5a096356a.docx,tracking_without_comments/pdf/23cdfeee74_0022d9b76a33e7bdcda8d38ec3c898364c578897fb55d462__vs__deff0e697a_00b5defcad6e58038eac35472a2d48c89905068e5ece0cc3_redline_d5a096356a.pdf,tracking_without_comments,d5a096356a,redlines_a100_b10
19313bb0d2_013bfd9bed003f93622f5b45095bb7471499aea576b0e48e__vs__bd3824dd1e_000ee64ef7226d353297888f59a251e24ce5d776fea000fa_redline_d652ae82a1,clean/docx/19313bb0d2_013bfd9bed003f93622f5b45095bb7471499aea576b0e48e,clean/docx/bd3824dd1e_000ee64ef7226d353297888f59a251e24ce5d776fea000fa,tracking_without_comments/docx/19313bb0d2_013bfd9bed003f93622f5b45095bb7471499aea576b0e48e__vs__bd3824dd1e_000ee64ef7226d353297888f59a251e24ce5d776fea000fa_redline_d652ae82a1.docx,tracking_without_comments/pdf/19313bb0d2_013bfd9bed003f93622f5b45095bb7471499aea576b0e48e__vs__bd3824dd1e_000ee64ef7226d353297888f59a251e24ce5d776fea000fa_redline_d652ae82a1.pdf,tracking_without_comments,d652ae82a1,redlines_a100_b10
cc901c34fc_004028ecdee3787e97aed9dafb5feb104b20ab5540af6e39__vs__1424386e9b_017447de83753a0e3b7afc659df038ef56972925336c6a5b_redline_d6f41d6086,clean/docx/cc901c34fc_004028ecdee3787e97aed9dafb5feb104b20ab5540af6e39,clean/docx/1424386e9b_017447de83753a0e3b7afc659df038ef56972925336c6a5b,tracking_without_comments/docx/cc901c34fc_004028ecdee3787e97aed9dafb5feb104b20ab5540af6e39__vs__1424386e9b_017447de83753a0e3b7afc659df038ef56972925336c6a5b_redline_d6f41d6086.docx,tracking_without_comments/pdf/cc901c34fc_004028ecdee3787e97aed9dafb5feb104b20ab5540af6e39__vs__1424386e9b_017447de83753a0e3b7afc659df038ef56972925336c6a5b_redline_d6f41d6086.pdf,tracking_without_comments,d6f41d6086,redlines_a100_b10
531cf3d312_00ce789bc3226c2a68967cc29792927c80b7f55d9b5267ad__vs__deff0e697a_00b5defcad6e58038eac35472a2d48c89905068e5ece0cc3_redline_d8000a64a2,clean/docx/531cf3d312_00ce789bc3226c2a68967cc29792927c80b7f55d9b5267ad,clean/docx/deff0e697a_00b5defcad6e58038eac35472a2d48c89905068e5ece0cc3,tracking_without_comments/docx/531cf3d312_00ce789bc3226c2a68967cc29792927c80b7f55d9b5267ad__vs__deff0e697a_00b5defcad6e58038eac35472a2d48c89905068e5ece0cc3_redline_d8000a64a2.docx,tracking_without_comments/pdf/531cf3d312_00ce789bc3226c2a68967cc29792927c80b7f55d9b5267ad__vs__deff0e697a_00b5defcad6e58038eac35472a2d48c89905068e5ece0cc3_redline_d8000a64a2.pdf,tracking_without_comments,d8000a64a2,redlines_a100_b10
d6ef87dca7_budget_report_q1_2026_suggesting_insertions__vs__c63bc323ce_bullet_list_bold_demo_id_paraid_overflow_redline_d90c6d15c6,tracking_without_comments/docx/d6ef87dca7_budget_report_q1_2026_suggesting_insertions,clean/docx/c63bc323ce_bullet_list_bold_demo_id_paraid_overflow,tracking_without_comments/docx/d6ef87dca7_budget_report_q1_2026_suggesting_insertions__vs__c63bc323ce_bullet_list_bold_demo_id_paraid_overflow_redline_d90c6d15c6.docx,tracking_without_comments/pdf/d6ef87dca7_budget_report_q1_2026_suggesting_insertions__vs__c63bc323ce_bullet_list_bold_demo_id_paraid_overflow_redline_d90c6d15c6.pdf,tracking_without_comments,d90c6d15c6,nocomments
b4294a7edd_ddff881efc732399286b36322055752e7287a255646f24a3__vs__c7dd32f288_e24a428cb81de32e27f3080d20695edc90f15423c4955e00_redline_d9bb456306,clean/docx/b4294a7edd_ddff881efc732399286b36322055752e7287a255646f24a3,clean/docx/c7dd32f288_e24a428cb81de32e27f3080d20695edc90f15423c4955e00,tracking_without_comments/docx/b4294a7edd_ddff881efc732399286b36322055752e7287a255646f24a3__vs__c7dd32f288_e24a428cb81de32e27f3080d20695edc90f15423c4955e00_redline_d9bb456306.docx,tracking_without_comments/pdf/b4294a7edd_ddff881efc732399286b36322055752e7287a255646f24a3__vs__c7dd32f288_e24a428cb81de32e27f3080d20695edc90f15423c4955e00_redline_d9bb456306.pdf,tracking_without_comments,d9bb456306,redlines_en_500
b06c6c71c5_subscript_demo_id_paraid_overflow__vs__f884ff965b_subscript_demo_style_default_missing_redline_daaf1625f5,clean/docx/b06c6c71c5_subscript_demo_id_paraid_overflow,clean/docx/f884ff965b_subscript_demo_style_default_missing,tracking_without_comments/docx/b06c6c71c5_subscript_demo_id_paraid_overflow__vs__f884ff965b_subscript_demo_style_default_missing_redline_daaf1625f5.docx,tracking_without_comments/pdf/b06c6c71c5_subscript_demo_id_paraid_overflow__vs__f884ff965b_subscript_demo_style_default_missing_redline_daaf1625f5.pdf,tracking_without_comments,daaf1625f5,nocomments
b6f757462e_0006f7905281867ab0d0a45d88f88f72e2c15efbd9a8ed69__vs__1424386e9b_017447de83753a0e3b7afc659df038ef56972925336c6a5b_redline_db8fc97164,clean/docx/b6f757462e_0006f7905281867ab0d0a45d88f88f72e2c15efbd9a8ed69,clean/docx/1424386e9b_017447de83753a0e3b7afc659df038ef56972925336c6a5b,tracking_without_comments/docx/b6f757462e_0006f7905281867ab0d0a45d88f88f72e2c15efbd9a8ed69__vs__1424386e9b_017447de83753a0e3b7afc659df038ef56972925336c6a5b_redline_db8fc97164.docx,tracking_without_comments/pdf/b6f757462e_0006f7905281867ab0d0a45d88f88f72e2c15efbd9a8ed69__vs__1424386e9b_017447de83753a0e3b7afc659df038ef56972925336c6a5b_redline_db8fc97164.pdf,tracking_without_comments,db8fc97164,redlines_a100_b10
0b5f1f7cad_003ca0a88e8358b347e771feb6970ff773753fad85416364__vs__5203829c7a_001cc92b88566d5f930fe57f25813c0bf52a7bdc72c217d0_redline_dcbff66ff4,clean/docx/0b5f1f7cad_003ca0a88e8358b347e771feb6970ff773753fad85416364,clean/docx/5203829c7a_001cc92b88566d5f930fe57f25813c0bf52a7bdc72c217d0,tracking_without_comments/docx/0b5f1f7cad_003ca0a88e8358b347e771feb6970ff773753fad85416364__vs__5203829c7a_001cc92b88566d5f930fe57f25813c0bf52a7bdc72c217d0_redline_dcbff66ff4.docx,tracking_without_comments/pdf/0b5f1f7cad_003ca0a88e8358b347e771feb6970ff773753fad85416364__vs__5203829c7a_001cc92b88566d5f930fe57f25813c0bf52a7bdc72c217d0_redline_dcbff66ff4.pdf,tracking_without_comments,dcbff66ff4,redlines_a100_b10
6867e05e76_00b0d42bbea3b9bac7bc95466cf416f6c89a8cda62bbf3d7__vs__5203829c7a_001cc92b88566d5f930fe57f25813c0bf52a7bdc72c217d0_redline_ddbe8d9885,clean/docx/6867e05e76_00b0d42bbea3b9bac7bc95466cf416f6c89a8cda62bbf3d7,clean/docx/5203829c7a_001cc92b88566d5f930fe57f25813c0bf52a7bdc72c217d0,tracking_without_comments/docx/6867e05e76_00b0d42bbea3b9bac7bc95466cf416f6c89a8cda62bbf3d7__vs__5203829c7a_001cc92b88566d5f930fe57f25813c0bf52a7bdc72c217d0_redline_ddbe8d9885.docx,tracking_without_comments/pdf/6867e05e76_00b0d42bbea3b9bac7bc95466cf416f6c89a8cda62bbf3d7__vs__5203829c7a_001cc92b88566d5f930fe57f25813c0bf52a7bdc72c217d0_redline_ddbe8d9885.pdf,tracking_without_comments,ddbe8d9885,redlines_a100_b10
95c855b9a0_001671bbb68c5b9ebebebfc8be69252ccc195babb3129278__vs__aa5340125d_00a4b0b91e9b5b072dc3771391c2d608518690eccf44eae8_redline_ded01ca406,clean/docx/95c855b9a0_001671bbb68c5b9ebebebfc8be69252ccc195babb3129278,clean/docx/aa5340125d_00a4b0b91e9b5b072dc3771391c2d608518690eccf44eae8,tracking_without_comments/docx/95c855b9a0_001671bbb68c5b9ebebebfc8be69252ccc195babb3129278__vs__aa5340125d_00a4b0b91e9b5b072dc3771391c2d608518690eccf44eae8_redline_ded01ca406.docx,tracking_without_comments/pdf/95c855b9a0_001671bbb68c5b9ebebebfc8be69252ccc195babb3129278__vs__aa5340125d_00a4b0b91e9b5b072dc3771391c2d608518690eccf44eae8_redline_ded01ca406.pdf,tracking_without_comments,ded01ca406,redlines_a100_b10
4bc7274333_center_aligned_bold_text_id_paraid_overflow__vs__3446bb581b_center_alignment_demo_id_paraid_overflow_2_redline_e04a326ea5,clean/docx/4bc7274333_center_aligned_bold_text_id_paraid_overflow,clean/docx/3446bb581b_center_alignment_demo_id_paraid_overflow_2,tracking_without_comments/docx/4bc7274333_center_aligned_bold_text_id_paraid_overflow__vs__3446bb581b_center_alignment_demo_id_paraid_overflow_2_redline_e04a326ea5.docx,tracking_without_comments/pdf/4bc7274333_center_aligned_bold_text_id_paraid_overflow__vs__3446bb581b_center_alignment_demo_id_paraid_overflow_2_redline_e04a326ea5.pdf,tracking_without_comments,e04a326ea5,nocomments
85a0c80a71_f0abbe323f21465cae355c0c546e8580679a2be92c2dda24__vs__2785563e0e_e670a708fc36fa099c19e230f088168e2ec1c81a107a84f4_redline_e10f3341b2,clean/docx/85a0c80a71_f0abbe323f21465cae355c0c546e8580679a2be92c2dda24,clean/docx/2785563e0e_e670a708fc36fa099c19e230f088168e2ec1c81a107a84f4,tracking_without_comments/docx/85a0c80a71_f0abbe323f21465cae355c0c546e8580679a2be92c2dda24__vs__2785563e0e_e670a708fc36fa099c19e230f088168e2ec1c81a107a84f4_redline_e10f3341b2.docx,tracking_without_comments/pdf/85a0c80a71_f0abbe323f21465cae355c0c546e8580679a2be92c2dda24__vs__2785563e0e_e670a708fc36fa099c19e230f088168e2ec1c81a107a84f4_redline_e10f3341b2.pdf,tracking_without_comments,e10f3341b2,redlines_en_500
4ed1b6d133_0020e4099d611a050ed83fb7e0b16d6f48200018bbb1e757__vs__bd3824dd1e_000ee64ef7226d353297888f59a251e24ce5d776fea000fa_redline_e1f1792974,clean/docx/4ed1b6d133_0020e4099d611a050ed83fb7e0b16d6f48200018bbb1e757,clean/docx/bd3824dd1e_000ee64ef7226d353297888f59a251e24ce5d776fea000fa,tracking_without_comments/docx/4ed1b6d133_0020e4099d611a050ed83fb7e0b16d6f48200018bbb1e757__vs__bd3824dd1e_000ee64ef7226d353297888f59a251e24ce5d776fea000fa_redline_e1f1792974.docx,tracking_without_comments/pdf/4ed1b6d133_0020e4099d611a050ed83fb7e0b16d6f48200018bbb1e757__vs__bd3824dd1e_000ee64ef7226d353297888f59a251e24ce5d776fea000fa_redline_e1f1792974.pdf,tracking_without_comments,e1f1792974,redlines_a100_b10
14f06affbf_30d707ed0c807a2118b37014c5b1ae48bc042da6310c6e07__vs__37c0369ce2_0c0c9334d933085775ef6320a8c741d98cc95ae29c0b70bf_redline_e32180088d,clean/docx/14f06affbf_30d707ed0c807a2118b37014c5b1ae48bc042da6310c6e07,clean/docx/37c0369ce2_0c0c9334d933085775ef6320a8c741d98cc95ae29c0b70bf,tracking_without_comments/docx/14f06affbf_30d707ed0c807a2118b37014c5b1ae48bc042da6310c6e07__vs__37c0369ce2_0c0c9334d933085775ef6320a8c741d98cc95ae29c0b70bf_redline_e32180088d.docx,tracking_without_comments/pdf/14f06affbf_30d707ed0c807a2118b37014c5b1ae48bc042da6310c6e07__vs__37c0369ce2_0c0c9334d933085775ef6320a8c741d98cc95ae29c0b70bf_redline_e32180088d.pdf,tracking_without_comments,e32180088d,redlines_en_500
98bc895b4b_super_editor__listwithspacernodes_cf53e890__vs__36c5050fba_super_editor__list_with_indents_efc7d4f5_redline_e41893335f,clean/docx/98bc895b4b_super_editor__listwithspacernodes_cf53e890,clean/docx/36c5050fba_super_editor__list_with_indents_efc7d4f5,tracking_without_comments/docx/98bc895b4b_super_editor__listwithspacernodes_cf53e890__vs__36c5050fba_super_editor__list_with_indents_efc7d4f5_redline_e41893335f.docx,tracking_without_comments/pdf/98bc895b4b_super_editor__listwithspacernodes_cf53e890__vs__36c5050fba_super_editor__list_with_indents_efc7d4f5_redline_e41893335f.pdf,tracking_without_comments,e41893335f,word_redlines_superdoc_0926
38694026fb_0003b3ae2b115676d918e72f694790ddb64563721bb4a48d__vs__2773adf157_0004c94ca2a8684d47449bb0e7abf87de1df71a7e6543252_redline_e545a33fde,clean/docx/38694026fb_0003b3ae2b115676d918e72f694790ddb64563721bb4a48d,clean/docx/2773adf157_0004c94ca2a8684d47449bb0e7abf87de1df71a7e6543252,tracking_without_comments/docx/38694026fb_0003b3ae2b115676d918e72f694790ddb64563721bb4a48d__vs__2773adf157_0004c94ca2a8684d47449bb0e7abf87de1df71a7e6543252_redline_e545a33fde.docx,tracking_without_comments/pdf/38694026fb_0003b3ae2b115676d918e72f694790ddb64563721bb4a48d__vs__2773adf157_0004c94ca2a8684d47449bb0e7abf87de1df71a7e6543252_redline_e545a33fde.pdf,tracking_without_comments,e545a33fde,redlines_a100_b10
9f6f60f1db_d0a7c31f8535690716639fce8eb4081cb831a0b1c893af9f__vs__8116a767f0_723ae78054da0840fa9f450784fd17e0564865cb53a6bdd5_redline_e633129040,clean/docx/9f6f60f1db_d0a7c31f8535690716639fce8eb4081cb831a0b1c893af9f,clean/docx/8116a767f0_723ae78054da0840fa9f450784fd17e0564865cb53a6bdd5,tracking_without_comments/docx/9f6f60f1db_d0a7c31f8535690716639fce8eb4081cb831a0b1c893af9f__vs__8116a767f0_723ae78054da0840fa9f450784fd17e0564865cb53a6bdd5_redline_e633129040.docx,tracking_without_comments/pdf/9f6f60f1db_d0a7c31f8535690716639fce8eb4081cb831a0b1c893af9f__vs__8116a767f0_723ae78054da0840fa9f450784fd17e0564865cb53a6bdd5_redline_e633129040.pdf,tracking_without_comments,e633129040,redlines_en_500
d09a2f8509_00b5aa69a6c33b2725953348488d62605dc209411d01f80a__vs__a5f2b9318d_002aa60c2ae1187417b4b157c5ec6450324cc056ec551a12_redline_e7d9a076ba,clean/docx/d09a2f8509_00b5aa69a6c33b2725953348488d62605dc209411d01f80a,clean/docx/a5f2b9318d_002aa60c2ae1187417b4b157c5ec6450324cc056ec551a12,tracking_without_comments/docx/d09a2f8509_00b5aa69a6c33b2725953348488d62605dc209411d01f80a__vs__a5f2b9318d_002aa60c2ae1187417b4b157c5ec6450324cc056ec551a12_redline_e7d9a076ba.docx,tracking_without_comments/pdf/d09a2f8509_00b5aa69a6c33b2725953348488d62605dc209411d01f80a__vs__a5f2b9318d_002aa60c2ae1187417b4b157c5ec6450324cc056ec551a12_redline_e7d9a076ba.pdf,tracking_without_comments,e7d9a076ba,redlines_a100_b10
95e967cf7b_4a45c8279800a59fdb128a3e00cc935fe8475769102fcc42__vs__671b3660c2_3f671017f7272d30d5560706ed497e9fb0324587007c9d2f_redline_e8aedc3a02,clean/docx/95e967cf7b_4a45c8279800a59fdb128a3e00cc935fe8475769102fcc42,clean/docx/671b3660c2_3f671017f7272d30d5560706ed497e9fb0324587007c9d2f,tracking_without_comments/docx/95e967cf7b_4a45c8279800a59fdb128a3e00cc935fe8475769102fcc42__vs__671b3660c2_3f671017f7272d30d5560706ed497e9fb0324587007c9d2f_redline_e8aedc3a02.docx,tracking_without_comments/pdf/95e967cf7b_4a45c8279800a59fdb128a3e00cc935fe8475769102fcc42__vs__671b3660c2_3f671017f7272d30d5560706ed497e9fb0324587007c9d2f_redline_e8aedc3a02.pdf,tracking_without_comments,e8aedc3a02,redlines_en_500
e1c745d784_008243ee20adecbf2ae39c9e6809b022076aa166a4a4f9ec__vs__2e04202552_000e3e7bd2d6215fc7b469cc3e296c1b2a510bc1abc7e0fd_redline_e955dc97c5,clean/docx/e1c745d784_008243ee20adecbf2ae39c9e6809b022076aa166a4a4f9ec,clean/docx/2e04202552_000e3e7bd2d6215fc7b469cc3e296c1b2a510bc1abc7e0fd,tracking_without_comments/docx/e1c745d784_008243ee20adecbf2ae39c9e6809b022076aa166a4a4f9ec__vs__2e04202552_000e3e7bd2d6215fc7b469cc3e296c1b2a510bc1abc7e0fd_redline_e955dc97c5.docx,tracking_without_comments/pdf/e1c745d784_008243ee20adecbf2ae39c9e6809b022076aa166a4a4f9ec__vs__2e04202552_000e3e7bd2d6215fc7b469cc3e296c1b2a510bc1abc7e0fd_redline_e955dc97c5.pdf,tracking_without_comments,e955dc97c5,redlines_a100_b10
b5e2c1faa0_file_93__vs__6cac26f95c_file_94_redline_e9f3bae698,clean/docx/b5e2c1faa0_file_93,clean/docx/6cac26f95c_file_94,tracking_without_comments/docx/b5e2c1faa0_file_93__vs__6cac26f95c_file_94_redline_e9f3bae698.docx,tracking_without_comments/pdf/b5e2c1faa0_file_93__vs__6cac26f95c_file_94_redline_e9f3bae698.pdf,tracking_without_comments,e9f3bae698,word_based_randomized
0048ba31dd_000be19a055234f8e79ec0baadc41d2a49050b2ea0a60654__vs__2e04202552_000e3e7bd2d6215fc7b469cc3e296c1b2a510bc1abc7e0fd_redline_eb12b8215b,clean/docx/0048ba31dd_000be19a055234f8e79ec0baadc41d2a49050b2ea0a60654,clean/docx/2e04202552_000e3e7bd2d6215fc7b469cc3e296c1b2a510bc1abc7e0fd,tracking_without_comments/docx/0048ba31dd_000be19a055234f8e79ec0baadc41d2a49050b2ea0a60654__vs__2e04202552_000e3e7bd2d6215fc7b469cc3e296c1b2a510bc1abc7e0fd_redline_eb12b8215b.docx,tracking_without_comments/pdf/0048ba31dd_000be19a055234f8e79ec0baadc41d2a49050b2ea0a60654__vs__2e04202552_000e3e7bd2d6215fc7b469cc3e296c1b2a510bc1abc7e0fd_redline_eb12b8215b.pdf,tracking_without_comments,eb12b8215b,redlines_a100_b10
048870ce18_014178090497722649b8e7aedf646339a3189ee7fe69a596__vs__a5f2b9318d_002aa60c2ae1187417b4b157c5ec6450324cc056ec551a12_redline_ebe3e5ca03,clean/docx/048870ce18_014178090497722649b8e7aedf646339a3189ee7fe69a596,clean/docx/a5f2b9318d_002aa60c2ae1187417b4b157c5ec6450324cc056ec551a12,tracking_without_comments/docx/048870ce18_014178090497722649b8e7aedf646339a3189ee7fe69a596__vs__a5f2b9318d_002aa60c2ae1187417b4b157c5ec6450324cc056ec551a12_redline_ebe3e5ca03.docx,tracking_without_comments/pdf/048870ce18_014178090497722649b8e7aedf646339a3189ee7fe69a596__vs__a5f2b9318d_002aa60c2ae1187417b4b157c5ec6450324cc056ec551a12_redline_ebe3e5ca03.pdf,tracking_without_comments,ebe3e5ca03,redlines_a100_b10
416abd8a3c_385c8b6f6b9db5ab3b3972fd9c55d85968591f5c5984e7fe__vs__89fb6ee886_ecf988562f32de3c1dc52f4752379259dc04cfa761a0d1ab_redline_ecb53780cf,clean/docx/416abd8a3c_385c8b6f6b9db5ab3b3972fd9c55d85968591f5c5984e7fe,clean/docx/89fb6ee886_ecf988562f32de3c1dc52f4752379259dc04cfa761a0d1ab,tracking_without_comments/docx/416abd8a3c_385c8b6f6b9db5ab3b3972fd9c55d85968591f5c5984e7fe__vs__89fb6ee886_ecf988562f32de3c1dc52f4752379259dc04cfa761a0d1ab_redline_ecb53780cf.docx,tracking_without_comments/pdf/416abd8a3c_385c8b6f6b9db5ab3b3972fd9c55d85968591f5c5984e7fe__vs__89fb6ee886_ecf988562f32de3c1dc52f4752379259dc04cfa761a0d1ab_redline_ecb53780cf.pdf,tracking_without_comments,ecb53780cf,redlines_en_500
5ad6e6d44f_0199027cbf967c88ab833b77e5bc5d629bacecbd40a87c26__vs__1424386e9b_017447de83753a0e3b7afc659df038ef56972925336c6a5b_redline_ede1920163,tracking_without_comments/docx/5ad6e6d44f_0199027cbf967c88ab833b77e5bc5d629bacecbd40a87c26,clean/docx/1424386e9b_017447de83753a0e3b7afc659df038ef56972925336c6a5b,tracking_without_comments/docx/5ad6e6d44f_0199027cbf967c88ab833b77e5bc5d629bacecbd40a87c26__vs__1424386e9b_017447de83753a0e3b7afc659df038ef56972925336c6a5b_redline_ede1920163.docx,tracking_without_comments/pdf/5ad6e6d44f_0199027cbf967c88ab833b77e5bc5d629bacecbd40a87c26__vs__1424386e9b_017447de83753a0e3b7afc659df038ef56972925336c6a5b_redline_ede1920163.pdf,tracking_without_comments,ede1920163,redlines_a100_b10
8e8d328cb4_4f0e4693e69502c6d92893ba330618a8e50711e4760e48d9__vs__db5a90d753_1c521aea2a77a591a11c9fa7ed352309eb5bcdfb978a80cb_redline_eec31d3b47,clean/docx/8e8d328cb4_4f0e4693e69502c6d92893ba330618a8e50711e4760e48d9,clean/docx/db5a90d753_1c521aea2a77a591a11c9fa7ed352309eb5bcdfb978a80cb,tracking_without_comments/docx/8e8d328cb4_4f0e4693e69502c6d92893ba330618a8e50711e4760e48d9__vs__db5a90d753_1c521aea2a77a591a11c9fa7ed352309eb5bcdfb978a80cb_redline_eec31d3b47.docx,tracking_without_comments/pdf/8e8d328cb4_4f0e4693e69502c6d92893ba330618a8e50711e4760e48d9__vs__db5a90d753_1c521aea2a77a591a11c9fa7ed352309eb5bcdfb978a80cb_redline_eec31d3b47.pdf,tracking_without_comments,eec31d3b47,redlines_en_500
19891583af_000f23dc2592a0044f1da2e4f2166c6b41e8fde6a66a1988__vs__bd3824dd1e_000ee64ef7226d353297888f59a251e24ce5d776fea000fa_redline_ef2d7c6dcc,clean/docx/19891583af_000f23dc2592a0044f1da2e4f2166c6b41e8fde6a66a1988,clean/docx/bd3824dd1e_000ee64ef7226d353297888f59a251e24ce5d776fea000fa,tracking_without_comments/docx/19891583af_000f23dc2592a0044f1da2e4f2166c6b41e8fde6a66a1988__vs__bd3824dd1e_000ee64ef7226d353297888f59a251e24ce5d776fea000fa_redline_ef2d7c6dcc.docx,tracking_without_comments/pdf/19891583af_000f23dc2592a0044f1da2e4f2166c6b41e8fde6a66a1988__vs__bd3824dd1e_000ee64ef7226d353297888f59a251e24ce5d776fea000fa_redline_ef2d7c6dcc.pdf,tracking_without_comments,ef2d7c6dcc,redlines_a100_b10
c280ce0f40_019d92d986c5ba33a57df54db0056f3731e3254fcbe8ac65__vs__1424386e9b_017447de83753a0e3b7afc659df038ef56972925336c6a5b_redline_ef77d2a7c6,clean/docx/c280ce0f40_019d92d986c5ba33a57df54db0056f3731e3254fcbe8ac65,clean/docx/1424386e9b_017447de83753a0e3b7afc659df038ef56972925336c6a5b,tracking_without_comments/docx/c280ce0f40_019d92d986c5ba33a57df54db0056f3731e3254fcbe8ac65__vs__1424386e9b_017447de83753a0e3b7afc659df038ef56972925336c6a5b_redline_ef77d2a7c6.docx,tracking_without_comments/pdf/c280ce0f40_019d92d986c5ba33a57df54db0056f3731e3254fcbe8ac65__vs__1424386e9b_017447de83753a0e3b7afc659df038ef56972925336c6a5b_redline_ef77d2a7c6.pdf,tracking_without_comments,ef77d2a7c6,redlines_a100_b10
628ec1cb76_00a9d81709806bc220522f9b062f226e19ba256e436493b1__vs__2773adf157_0004c94ca2a8684d47449bb0e7abf87de1df71a7e6543252_redline_f033107e8f,clean/docx/628ec1cb76_00a9d81709806bc220522f9b062f226e19ba256e436493b1,clean/docx/2773adf157_0004c94ca2a8684d47449bb0e7abf87de1df71a7e6543252,tracking_without_comments/docx/628ec1cb76_00a9d81709806bc220522f9b062f226e19ba256e436493b1__vs__2773adf157_0004c94ca2a8684d47449bb0e7abf87de1df71a7e6543252_redline_f033107e8f.docx,tracking_without_comments/pdf/628ec1cb76_00a9d81709806bc220522f9b062f226e19ba256e436493b1__vs__2773adf157_0004c94ca2a8684d47449bb0e7abf87de1df71a7e6543252_redline_f033107e8f.pdf,tracking_without_comments,f033107e8f,redlines_a100_b10
88e7b62a09_file_11__vs__a67044c7bd_file_12_redline_f123c56b64,clean/docx/88e7b62a09_file_11,clean/docx/a67044c7bd_file_12,tracking_without_comments/docx/88e7b62a09_file_11__vs__a67044c7bd_file_12_redline_f123c56b64.docx,tracking_without_comments/pdf/88e7b62a09_file_11__vs__a67044c7bd_file_12_redline_f123c56b64.pdf,tracking_without_comments,f123c56b64,nocomments_randomized
2b4475cba6_0021f639e5dbf6c217c8d81a7ac3374624ff9901a5d4b200__vs__bd3824dd1e_000ee64ef7226d353297888f59a251e24ce5d776fea000fa_redline_f1e8654a15,clean/docx/2b4475cba6_0021f639e5dbf6c217c8d81a7ac3374624ff9901a5d4b200,clean/docx/bd3824dd1e_000ee64ef7226d353297888f59a251e24ce5d776fea000fa,tracking_without_comments/docx/2b4475cba6_0021f639e5dbf6c217c8d81a7ac3374624ff9901a5d4b200__vs__bd3824dd1e_000ee64ef7226d353297888f59a251e24ce5d776fea000fa_redline_f1e8654a15.docx,tracking_without_comments/pdf/2b4475cba6_0021f639e5dbf6c217c8d81a7ac3374624ff9901a5d4b200__vs__bd3824dd1e_000ee64ef7226d353297888f59a251e24ce5d776fea000fa_redline_f1e8654a15.pdf,tracking_without_comments,f1e8654a15,redlines_a100_b10
e1c745d784_008243ee20adecbf2ae39c9e6809b022076aa166a4a4f9ec__vs__342f364d46_001342333d45627868f4dc5282abbba4598a91b4a7584b08_redline_f2d5c31673,clean/docx/e1c745d784_008243ee20adecbf2ae39c9e6809b022076aa166a4a4f9ec,clean/docx/342f364d46_001342333d45627868f4dc5282abbba4598a91b4a7584b08,tracking_without_comments/docx/e1c745d784_008243ee20adecbf2ae39c9e6809b022076aa166a4a4f9ec__vs__342f364d46_001342333d45627868f4dc5282abbba4598a91b4a7584b08_redline_f2d5c31673.docx,tracking_without_comments/pdf/e1c745d784_008243ee20adecbf2ae39c9e6809b022076aa166a4a4f9ec__vs__342f364d46_001342333d45627868f4dc5282abbba4598a91b4a7584b08_redline_f2d5c31673.pdf,tracking_without_comments,f2d5c31673,redlines_a100_b10
b27bda87ed_0023f7c421a05af9c44fb4ff9ef1bce46c53a081779b1e72__vs__2773adf157_0004c94ca2a8684d47449bb0e7abf87de1df71a7e6543252_redline_f4228003d6,clean/docx/b27bda87ed_0023f7c421a05af9c44fb4ff9ef1bce46c53a081779b1e72,clean/docx/2773adf157_0004c94ca2a8684d47449bb0e7abf87de1df71a7e6543252,tracking_without_comments/docx/b27bda87ed_0023f7c421a05af9c44fb4ff9ef1bce46c53a081779b1e72__vs__2773adf157_0004c94ca2a8684d47449bb0e7abf87de1df71a7e6543252_redline_f4228003d6.docx,tracking_without_comments/pdf/b27bda87ed_0023f7c421a05af9c44fb4ff9ef1bce46c53a081779b1e72__vs__2773adf157_0004c94ca2a8684d47449bb0e7abf87de1df71a7e6543252_redline_f4228003d6.pdf,tracking_without_comments,f4228003d6,redlines_a100_b10
c40c88e402_project_tasks_suggesting_insertions__vs__d0a21b7c3c_q1_sales_summary_table_2_redline_f51f0a9928,tracking_without_comments/docx/c40c88e402_project_tasks_suggesting_insertions,clean/docx/d0a21b7c3c_q1_sales_summary_table_2,tracking_without_comments/docx/c40c88e402_project_tasks_suggesting_insertions__vs__d0a21b7c3c_q1_sales_summary_table_2_redline_f51f0a9928.docx,tracking_without_comments/pdf/c40c88e402_project_tasks_suggesting_insertions__vs__d0a21b7c3c_q1_sales_summary_table_2_redline_f51f0a9928.pdf,tracking_without_comments,f51f0a9928,word_based_0926
87dc2ebfec_00ee07057c69b24e2be4bf1a2684792bf6141fdccc35d075__vs__aa5340125d_00a4b0b91e9b5b072dc3771391c2d608518690eccf44eae8_redline_f5d550349e,clean/docx/87dc2ebfec_00ee07057c69b24e2be4bf1a2684792bf6141fdccc35d075,clean/docx/aa5340125d_00a4b0b91e9b5b072dc3771391c2d608518690eccf44eae8,tracking_without_comments/docx/87dc2ebfec_00ee07057c69b24e2be4bf1a2684792bf6141fdccc35d075__vs__aa5340125d_00a4b0b91e9b5b072dc3771391c2d608518690eccf44eae8_redline_f5d550349e.docx,tracking_without_comments/pdf/87dc2ebfec_00ee07057c69b24e2be4bf1a2684792bf6141fdccc35d075__vs__aa5340125d_00a4b0b91e9b5b072dc3771391c2d608518690eccf44eae8_redline_f5d550349e.pdf,tracking_without_comments,f5d550349e,redlines_a100_b10
d16179a60b_c3cb50c9620520f54d70a4f079a12e94bf94f54f507eff8d__vs__1aaca1d5af_ef31e540797c67a78c662cc2e5ecb21bf446e3d696ce26ad_redline_f72cd71154,with_comments_clean/docx/d16179a60b_c3cb50c9620520f54d70a4f079a12e94bf94f54f507eff8d,clean/docx/1aaca1d5af_ef31e540797c67a78c662cc2e5ecb21bf446e3d696ce26ad,with_comments_tracking/docx/d16179a60b_c3cb50c9620520f54d70a4f079a12e94bf94f54f507eff8d__vs__1aaca1d5af_ef31e540797c67a78c662cc2e5ecb21bf446e3d696ce26ad_redline_f72cd71154.docx,with_comments_tracking/pdf/d16179a60b_c3cb50c9620520f54d70a4f079a12e94bf94f54f507eff8d__vs__1aaca1d5af_ef31e540797c67a78c662cc2e5ecb21bf446e3d696ce26ad_redline_f72cd71154.pdf,with_comments_tracking,f72cd71154,redlines_en_500
6d60c5bedf_underline_text_formatting_demo_style_default_mis__vs__d7ff239301_verdana_bold_large_font_id_paraid_overflow_redline_f7bec3cd2c,clean/docx/6d60c5bedf_underline_text_formatting_demo_style_default_mis,clean/docx/d7ff239301_verdana_bold_large_font_id_paraid_overflow,tracking_without_comments/docx/6d60c5bedf_underline_text_formatting_demo_style_default_mis__vs__d7ff239301_verdana_bold_large_font_id_paraid_overflow_redline_f7bec3cd2c.docx,tracking_without_comments/pdf/6d60c5bedf_underline_text_formatting_demo_style_default_mis__vs__d7ff239301_verdana_bold_large_font_id_paraid_overflow_redline_f7bec3cd2c.pdf,tracking_without_comments,f7bec3cd2c,nocomments
fc5d9fecb7_00028d824d5d2262bc6e30692308cd1b577ac1dff228970d__vs__2773adf157_0004c94ca2a8684d47449bb0e7abf87de1df71a7e6543252_redline_f89e2f03ac,clean/docx/fc5d9fecb7_00028d824d5d2262bc6e30692308cd1b577ac1dff228970d,clean/docx/2773adf157_0004c94ca2a8684d47449bb0e7abf87de1df71a7e6543252,tracking_without_comments/docx/fc5d9fecb7_00028d824d5d2262bc6e30692308cd1b577ac1dff228970d__vs__2773adf157_0004c94ca2a8684d47449bb0e7abf87de1df71a7e6543252_redline_f89e2f03ac.docx,tracking_without_comments/pdf/fc5d9fecb7_00028d824d5d2262bc6e30692308cd1b577ac1dff228970d__vs__2773adf157_0004c94ca2a8684d47449bb0e7abf87de1df71a7e6543252_redline_f89e2f03ac.pdf,tracking_without_comments,f89e2f03ac,redlines_a100_b10
432c7750f9_c57c0733ce12faf35f342822f4b7eaa9355fe83b8e9ee8c7__vs__5ba87c5cbb_1dab52916414f9478e31d6debd6bba2c2961cd2f0cc637f3_redline_fa055f482b,clean/docx/432c7750f9_c57c0733ce12faf35f342822f4b7eaa9355fe83b8e9ee8c7,clean/docx/5ba87c5cbb_1dab52916414f9478e31d6debd6bba2c2961cd2f0cc637f3,tracking_without_comments/docx/432c7750f9_c57c0733ce12faf35f342822f4b7eaa9355fe83b8e9ee8c7__vs__5ba87c5cbb_1dab52916414f9478e31d6debd6bba2c2961cd2f0cc637f3_redline_fa055f482b.docx,tracking_without_comments/pdf/432c7750f9_c57c0733ce12faf35f342822f4b7eaa9355fe83b8e9ee8c7__vs__5ba87c5cbb_1dab52916414f9478e31d6debd6bba2c2961cd2f0cc637f3_redline_fa055f482b.pdf,tracking_without_comments,fa055f482b,redlines_en_500
77dcdfd6dc_20c18b4b5db86ef701aef966f4d5a28da7dd6acd0d3add9c__vs__1d6aaded23_96817b4d3631f78007ec8404ade5ef288b61af0d66770002_redline_fc14feb77d,clean/docx/77dcdfd6dc_20c18b4b5db86ef701aef966f4d5a28da7dd6acd0d3add9c,clean/docx/1d6aaded23_96817b4d3631f78007ec8404ade5ef288b61af0d66770002,tracking_without_comments/docx/77dcdfd6dc_20c18b4b5db86ef701aef966f4d5a28da7dd6acd0d3add9c__vs__1d6aaded23_96817b4d3631f78007ec8404ade5ef288b61af0d66770002_redline_fc14feb77d.docx,tracking_without_comments/pdf/77dcdfd6dc_20c18b4b5db86ef701aef966f4d5a28da7dd6acd0d3add9c__vs__1d6aaded23_96817b4d3631f78007ec8404ade5ef288b61af0d66770002_redline_fc14feb77d.pdf,tracking_without_comments,fc14feb77d,redlines_en_500
74afe04686_000416d5ee481974205314977bda4d0b297b97cf56f55f5a__vs__333bfe069a_003416d620331122b93b434dad901db5836f60d2cad4b533_redline_fd7dc3247c,clean/docx/74afe04686_000416d5ee481974205314977bda4d0b297b97cf56f55f5a,clean/docx/333bfe069a_003416d620331122b93b434dad901db5836f60d2cad4b533,tracking_without_comments/docx/74afe04686_000416d5ee481974205314977bda4d0b297b97cf56f55f5a__vs__333bfe069a_003416d620331122b93b434dad901db5836f60d2cad4b533_redline_fd7dc3247c.docx,tracking_without_comments/pdf/74afe04686_000416d5ee481974205314977bda4d0b297b97cf56f55f5a__vs__333bfe069a_003416d620331122b93b434dad901db5836f60d2cad4b533_redline_fd7dc3247c.pdf,tracking_without_comments,fd7dc3247c,redlines_a100_b10
b13ad6a30b_08da985c87d92e2aa39245f9771c0f024ba1986d40e19c4d__vs__24cfc33555_89489e767eba60afbffffd971e4fde9913403bfb29003b2b_redline_fea87b305c,clean/docx/b13ad6a30b_08da985c87d92e2aa39245f9771c0f024ba1986d40e19c4d,clean/docx/24cfc33555_89489e767eba60afbffffd971e4fde9913403bfb29003b2b,tracking_without_comments/docx/b13ad6a30b_08da985c87d92e2aa39245f9771c0f024ba1986d40e19c4d__vs__24cfc33555_89489e767eba60afbffffd971e4fde9913403bfb29003b2b_redline_fea87b305c.docx,tracking_without_comments/pdf/b13ad6a30b_08da985c87d92e2aa39245f9771c0f024ba1986d40e19c4d__vs__24cfc33555_89489e767eba60afbffffd971e4fde9913403bfb29003b2b_redline_fea87b305c.pdf,tracking_without_comments,fea87b305c,redlines_en_500
b8115d0dab_file_100__vs__c500e0081f_file_101_redline_ff24600d87,with_comments_tracking/docx/b8115d0dab_file_100,clean/docx/c500e0081f_file_101,with_comments_tracking/docx/b8115d0dab_file_100__vs__c500e0081f_file_101_redline_ff24600d87.docx,with_comments_tracking/pdf/b8115d0dab_file_100__vs__c500e0081f_file_101_redline_ff24600d87.pdf,with_comments_tracking,ff24600d87,word_based_randomized
899ef4306e_0017891576e438292c35db3155e97d16ec0d68144e21bfc3__vs__333bfe069a_003416d620331122b93b434dad901db5836f60d2cad4b533_redline_ffe81a1058,clean/docx/899ef4306e_0017891576e438292c35db3155e97d16ec0d68144e21bfc3,clean/docx/333bfe069a_003416d620331122b93b434dad901db5836f60d2cad4b533,tracking_without_comments/docx/899ef4306e_0017891576e438292c35db3155e97d16ec0d68144e21bfc3__vs__333bfe069a_003416d620331122b93b434dad901db5836f60d2cad4b533_redline_ffe81a1058.docx,tracking_without_comments/pdf/899ef4306e_0017891576e438292c35db3155e97d16ec0d68144e21bfc3__vs__333bfe069a_003416d620331122b93b434dad901db5836f60d2cad4b533_redline_ffe81a1058.pdf,tracking_without_comments,ffe81a1058,redlines_a100_b10
