key,base,next,docx,pdf,state,id,sets
159d00085d_super_editor__sd_1919_word_simple_e3a4a818__vs__26ce1d6300_super_editor__diff_after5_9fb9d5b4_redline_00d2479dc0,clean/docx/159d00085d_super_editor__sd_1919_word_simple_e3a4a818,clean/docx/26ce1d6300_super_editor__diff_after5_9fb9d5b4,tracking_without_comments/docx/159d00085d_super_editor__sd_1919_word_simple_e3a4a818__vs__26ce1d6300_super_editor__diff_after5_9fb9d5b4_redline_00d2479dc0.docx,tracking_without_comments/pdf/159d00085d_super_editor__sd_1919_word_simple_e3a4a818__vs__26ce1d6300_super_editor__diff_after5_9fb9d5b4_redline_00d2479dc0.pdf,tracking_without_comments,00d2479dc0,word_redlines_superdoc
50d8be9682_file_190__vs__e9d5410452_file_191_redline_01f3deda92,clean/docx/50d8be9682_file_190,with_comments_tracking/docx/e9d5410452_file_191,with_comments_tracking/docx/50d8be9682_file_190__vs__e9d5410452_file_191_redline_01f3deda92.docx,with_comments_tracking/pdf/50d8be9682_file_190__vs__e9d5410452_file_191_redline_01f3deda92.pdf,with_comments_tracking,01f3deda92,word_based_randomized_0926
5a508830cf_file_63__vs__48d0d0130c_file_64_redline_0279cfe1a2,tracking_without_comments/docx/5a508830cf_file_63,clean/docx/48d0d0130c_file_64,tracking_without_comments/docx/5a508830cf_file_63__vs__48d0d0130c_file_64_redline_0279cfe1a2.docx,tracking_without_comments/pdf/5a508830cf_file_63__vs__48d0d0130c_file_64_redline_0279cfe1a2.pdf,tracking_without_comments,0279cfe1a2,nocomments_randomized
e6fdfb6f2f_behavior__math_phantom_tests_263131a8__vs__0b1d0278ce_behavior__math_radical_tests_4c1ce187_redline_0313f0be86,clean/docx/e6fdfb6f2f_behavior__math_phantom_tests_263131a8,clean/docx/0b1d0278ce_behavior__math_radical_tests_4c1ce187,tracking_without_comments/docx/e6fdfb6f2f_behavior__math_phantom_tests_263131a8__vs__0b1d0278ce_behavior__math_radical_tests_4c1ce187_redline_0313f0be86.docx,tracking_without_comments/pdf/e6fdfb6f2f_behavior__math_phantom_tests_263131a8__vs__0b1d0278ce_behavior__math_radical_tests_4c1ce187_redline_0313f0be86.pdf,tracking_without_comments,0313f0be86,word_redlines_superdoc
6fffde4ae2_000bf66110e841e1d2c2e862fc7db869b8d410586ad12d0d__vs__2e04202552_000e3e7bd2d6215fc7b469cc3e296c1b2a510bc1abc7e0fd_redline_03b751f3db,clean/docx/6fffde4ae2_000bf66110e841e1d2c2e862fc7db869b8d410586ad12d0d,clean/docx/2e04202552_000e3e7bd2d6215fc7b469cc3e296c1b2a510bc1abc7e0fd,tracking_without_comments/docx/6fffde4ae2_000bf66110e841e1d2c2e862fc7db869b8d410586ad12d0d__vs__2e04202552_000e3e7bd2d6215fc7b469cc3e296c1b2a510bc1abc7e0fd_redline_03b751f3db.docx,tracking_without_comments/pdf/6fffde4ae2_000bf66110e841e1d2c2e862fc7db869b8d410586ad12d0d__vs__2e04202552_000e3e7bd2d6215fc7b469cc3e296c1b2a510bc1abc7e0fd_redline_03b751f3db.pdf,tracking_without_comments,03b751f3db,redlines_a100_b10
bfe4f398a3_c26f848848239cecb923377bfd35476bb054a42ff93cef74__vs__65c088a664_a9e49146f324b0b21c2f41ba8db3de01d69da8b6caf8232b_redline_047597cb13,clean/docx/bfe4f398a3_c26f848848239cecb923377bfd35476bb054a42ff93cef74,clean/docx/65c088a664_a9e49146f324b0b21c2f41ba8db3de01d69da8b6caf8232b,tracking_without_comments/docx/bfe4f398a3_c26f848848239cecb923377bfd35476bb054a42ff93cef74__vs__65c088a664_a9e49146f324b0b21c2f41ba8db3de01d69da8b6caf8232b_redline_047597cb13.docx,tracking_without_comments/pdf/bfe4f398a3_c26f848848239cecb923377bfd35476bb054a42ff93cef74__vs__65c088a664_a9e49146f324b0b21c2f41ba8db3de01d69da8b6caf8232b_redline_047597cb13.pdf,tracking_without_comments,047597cb13,redlines_en_500
b318dafe66_file_153__vs__24643f4e34_file_154_redline_0528c17877,clean/docx/b318dafe66_file_153,clean/docx/24643f4e34_file_154,tracking_without_comments/docx/b318dafe66_file_153__vs__24643f4e34_file_154_redline_0528c17877.docx,tracking_without_comments/pdf/b318dafe66_file_153__vs__24643f4e34_file_154_redline_0528c17877.pdf,tracking_without_comments,0528c17877,nocomments_randomized
902a69f0e4_super_editor__line_space_table_9b1ee54b__vs__5e5fa9b5fb_super_editor__list_def_mix_d7cec092_redline_062340d04a,clean/docx/902a69f0e4_super_editor__line_space_table_9b1ee54b,clean/docx/5e5fa9b5fb_super_editor__list_def_mix_d7cec092,tracking_without_comments/docx/902a69f0e4_super_editor__line_space_table_9b1ee54b__vs__5e5fa9b5fb_super_editor__list_def_mix_d7cec092_redline_062340d04a.docx,tracking_without_comments/pdf/902a69f0e4_super_editor__line_space_table_9b1ee54b__vs__5e5fa9b5fb_super_editor__list_def_mix_d7cec092_redline_062340d04a.pdf,tracking_without_comments,062340d04a,word_redlines_superdoc_0926
56d68160f4_doc_api_stories__sd_2086_header_row_shading_api__vs__bb9c5a8bd5_doc_api_stories__table_style_options_roundtrip_1_redline_06bfdc32c8,clean/docx/56d68160f4_doc_api_stories__sd_2086_header_row_shading_api,clean/docx/bb9c5a8bd5_doc_api_stories__table_style_options_roundtrip_1,tracking_without_comments/docx/56d68160f4_doc_api_stories__sd_2086_header_row_shading_api__vs__bb9c5a8bd5_doc_api_stories__table_style_options_roundtrip_1_redline_06bfdc32c8.docx,tracking_without_comments/pdf/56d68160f4_doc_api_stories__sd_2086_header_row_shading_api__vs__bb9c5a8bd5_doc_api_stories__table_style_options_roundtrip_1_redline_06bfdc32c8.pdf,tracking_without_comments,06bfdc32c8,word_redlines_superdoc
aacd2c2cf7_4f966df084ebc2af83d8646ccefd4fc9c4af40ac480b8bd4__vs__1ffdbf0950_3b8d749f956bed15c99a6700eee4d47b0b031f86e7690edf_redline_079deb8602,clean/docx/aacd2c2cf7_4f966df084ebc2af83d8646ccefd4fc9c4af40ac480b8bd4,clean/docx/1ffdbf0950_3b8d749f956bed15c99a6700eee4d47b0b031f86e7690edf,tracking_without_comments/docx/aacd2c2cf7_4f966df084ebc2af83d8646ccefd4fc9c4af40ac480b8bd4__vs__1ffdbf0950_3b8d749f956bed15c99a6700eee4d47b0b031f86e7690edf_redline_079deb8602.docx,tracking_without_comments/pdf/aacd2c2cf7_4f966df084ebc2af83d8646ccefd4fc9c4af40ac480b8bd4__vs__1ffdbf0950_3b8d749f956bed15c99a6700eee4d47b0b031f86e7690edf_redline_079deb8602.pdf,tracking_without_comments,079deb8602,redlines_en_500
d6a1c42901_super_editor__diff_before16_f518c031__vs__0e08fd6d80_super_editor__diff_before19_97e0f4e6_redline_0868ef9501,clean/docx/d6a1c42901_super_editor__diff_before16_f518c031,clean/docx/0e08fd6d80_super_editor__diff_before19_97e0f4e6,tracking_without_comments/docx/d6a1c42901_super_editor__diff_before16_f518c031__vs__0e08fd6d80_super_editor__diff_before19_97e0f4e6_redline_0868ef9501.docx,tracking_without_comments/pdf/d6a1c42901_super_editor__diff_before16_f518c031__vs__0e08fd6d80_super_editor__diff_before19_97e0f4e6_redline_0868ef9501.pdf,tracking_without_comments,0868ef9501,word_redlines_superdoc_0926
cda30726d7_ae9f826f816a21795f64a2827772d0ac2d0b14bd7f403682__vs__5cf261e998_822643bd7db332f5d2172d944ee96ecfa4079dbba515a880_redline_08d459977d,clean/docx/cda30726d7_ae9f826f816a21795f64a2827772d0ac2d0b14bd7f403682,clean/docx/5cf261e998_822643bd7db332f5d2172d944ee96ecfa4079dbba515a880,tracking_without_comments/docx/cda30726d7_ae9f826f816a21795f64a2827772d0ac2d0b14bd7f403682__vs__5cf261e998_822643bd7db332f5d2172d944ee96ecfa4079dbba515a880_redline_08d459977d.docx,tracking_without_comments/pdf/cda30726d7_ae9f826f816a21795f64a2827772d0ac2d0b14bd7f403682__vs__5cf261e998_822643bd7db332f5d2172d944ee96ecfa4079dbba515a880_redline_08d459977d.pdf,tracking_without_comments,08d459977d,redlines_en_500
eeec3949fe_file_114__vs__b8ba7fb082_file_115_redline_09a6e874c8,clean/docx/eeec3949fe_file_114,tracking_without_comments/docx/b8ba7fb082_file_115,tracking_without_comments/docx/eeec3949fe_file_114__vs__b8ba7fb082_file_115_redline_09a6e874c8.docx,tracking_without_comments/pdf/eeec3949fe_file_114__vs__b8ba7fb082_file_115_redline_09a6e874c8.pdf,tracking_without_comments,09a6e874c8,nocomments_randomized
2dc3e97d2a_super_editor__hyperlink_node_52b7695b__vs__7c31a68295_behavior__pageref_standalone_h_7b3ab72e_redline_09e156c52d,clean/docx/2dc3e97d2a_super_editor__hyperlink_node_52b7695b,clean/docx/7c31a68295_behavior__pageref_standalone_h_7b3ab72e,tracking_without_comments/docx/2dc3e97d2a_super_editor__hyperlink_node_52b7695b__vs__7c31a68295_behavior__pageref_standalone_h_7b3ab72e_redline_09e156c52d.docx,tracking_without_comments/pdf/2dc3e97d2a_super_editor__hyperlink_node_52b7695b__vs__7c31a68295_behavior__pageref_standalone_h_7b3ab72e_redline_09e156c52d.pdf,tracking_without_comments,09e156c52d,word_redlines_superdoc_0926
0e1d01ec7d_super_editor__doc_with_graphs_diagrams_rotated_e__vs__8a553b35e4_super_editor__doc_with_spaces_from_styles_734ca2_redline_0a3919850c,clean/docx/0e1d01ec7d_super_editor__doc_with_graphs_diagrams_rotated_e,clean/docx/8a553b35e4_super_editor__doc_with_spaces_from_styles_734ca2,tracking_without_comments/docx/0e1d01ec7d_super_editor__doc_with_graphs_diagrams_rotated_e__vs__8a553b35e4_super_editor__doc_with_spaces_from_styles_734ca2_redline_0a3919850c.docx,tracking_without_comments/pdf/0e1d01ec7d_super_editor__doc_with_graphs_diagrams_rotated_e__vs__8a553b35e4_super_editor__doc_with_spaces_from_styles_734ca2_redline_0a3919850c.pdf,tracking_without_comments,0a3919850c,word_redlines_superdoc
1072677c3a_file_6__vs__1b8ec2a8cd_file_7_redline_0b033b1c23,with_comments_tracking/docx/1072677c3a_file_6,clean/docx/1b8ec2a8cd_file_7,with_comments_tracking/docx/1072677c3a_file_6__vs__1b8ec2a8cd_file_7_redline_0b033b1c23.docx,with_comments_tracking/pdf/1072677c3a_file_6__vs__1b8ec2a8cd_file_7_redline_0b033b1c23.pdf,with_comments_tracking,0b033b1c23,word_based_randomized
4e2622ab00_d7df3c54812c21c8a8cf88f1b1aca08b9709429bfbf6401b__vs__f0fef5ea88_de777a7b4ef3a3e25ec5dd0903262b6f5747e14535c06453_redline_0bcbc3a0b7,clean/docx/4e2622ab00_d7df3c54812c21c8a8cf88f1b1aca08b9709429bfbf6401b,clean/docx/f0fef5ea88_de777a7b4ef3a3e25ec5dd0903262b6f5747e14535c06453,tracking_without_comments/docx/4e2622ab00_d7df3c54812c21c8a8cf88f1b1aca08b9709429bfbf6401b__vs__f0fef5ea88_de777a7b4ef3a3e25ec5dd0903262b6f5747e14535c06453_redline_0bcbc3a0b7.docx,tracking_without_comments/pdf/4e2622ab00_d7df3c54812c21c8a8cf88f1b1aca08b9709429bfbf6401b__vs__f0fef5ea88_de777a7b4ef3a3e25ec5dd0903262b6f5747e14535c06453_redline_0bcbc3a0b7.pdf,tracking_without_comments,0bcbc3a0b7,redlines_en_500
c3462f9630_file_28__vs__6955182af0_file_29_redline_0c83f949fb,clean/docx/c3462f9630_file_28,clean/docx/6955182af0_file_29,tracking_without_comments/docx/c3462f9630_file_28__vs__6955182af0_file_29_redline_0c83f949fb.docx,tracking_without_comments/pdf/c3462f9630_file_28__vs__6955182af0_file_29_redline_0c83f949fb.pdf,tracking_without_comments,0c83f949fb,nocomments_randomized
3a9525749b_heading_2_style_demo_id_paraid_overflow__vs__b2adbcc147_heading_3_center_italic_id_paraid_overflow_redline_0cea8fcfd6,clean/docx/3a9525749b_heading_2_style_demo_id_paraid_overflow,clean/docx/b2adbcc147_heading_3_center_italic_id_paraid_overflow,tracking_without_comments/docx/3a9525749b_heading_2_style_demo_id_paraid_overflow__vs__b2adbcc147_heading_3_center_italic_id_paraid_overflow_redline_0cea8fcfd6.docx,tracking_without_comments/pdf/3a9525749b_heading_2_style_demo_id_paraid_overflow__vs__b2adbcc147_heading_3_center_italic_id_paraid_overflow_redline_0cea8fcfd6.pdf,tracking_without_comments,0cea8fcfd6,word_based_0926
762b93bdb0_0107d2107b381c077b42490f7ff21e861a60c27ba32886ca__vs__1424386e9b_017447de83753a0e3b7afc659df038ef56972925336c6a5b_redline_0d58da9845,clean/docx/762b93bdb0_0107d2107b381c077b42490f7ff21e861a60c27ba32886ca,clean/docx/1424386e9b_017447de83753a0e3b7afc659df038ef56972925336c6a5b,tracking_without_comments/docx/762b93bdb0_0107d2107b381c077b42490f7ff21e861a60c27ba32886ca__vs__1424386e9b_017447de83753a0e3b7afc659df038ef56972925336c6a5b_redline_0d58da9845.docx,tracking_without_comments/pdf/762b93bdb0_0107d2107b381c077b42490f7ff21e861a60c27ba32886ca__vs__1424386e9b_017447de83753a0e3b7afc659df038ef56972925336c6a5b_redline_0d58da9845.pdf,tracking_without_comments,0d58da9845,redlines_a100_b10
4f0a3847e3_verdana_italic_centered_demo_id_paraid_overflow__vs__60697d46b7_strict01_redline_0dfc906eb1,clean/docx/4f0a3847e3_verdana_italic_centered_demo_id_paraid_overflow,with_comments_tracking/docx/60697d46b7_strict01,with_comments_tracking/docx/4f0a3847e3_verdana_italic_centered_demo_id_paraid_overflow__vs__60697d46b7_strict01_redline_0dfc906eb1.docx,with_comments_tracking/pdf/4f0a3847e3_verdana_italic_centered_demo_id_paraid_overflow__vs__60697d46b7_strict01_redline_0dfc906eb1.pdf,with_comments_tracking,0dfc906eb1,word_based_0926
9ea920c636_710d9d68ef90cbd901510c07ae7fed61173f872e9dbea061__vs__0acde9d23e_50be95cde73c1d9b994d6c75c6d2f67f7b4c6cdf0e13ba30_redline_0e7956b306,clean/docx/9ea920c636_710d9d68ef90cbd901510c07ae7fed61173f872e9dbea061,clean/docx/0acde9d23e_50be95cde73c1d9b994d6c75c6d2f67f7b4c6cdf0e13ba30,tracking_without_comments/docx/9ea920c636_710d9d68ef90cbd901510c07ae7fed61173f872e9dbea061__vs__0acde9d23e_50be95cde73c1d9b994d6c75c6d2f67f7b4c6cdf0e13ba30_redline_0e7956b306.docx,tracking_without_comments/pdf/9ea920c636_710d9d68ef90cbd901510c07ae7fed61173f872e9dbea061__vs__0acde9d23e_50be95cde73c1d9b994d6c75c6d2f67f7b4c6cdf0e13ba30_redline_0e7956b306.pdf,tracking_without_comments,0e7956b306,redlines_en_500
e69c316f39_file_179__vs__b3974bcc7b_file_180_redline_0f291ac37f,clean/docx/e69c316f39_file_179,clean/docx/b3974bcc7b_file_180,tracking_without_comments/docx/e69c316f39_file_179__vs__b3974bcc7b_file_180_redline_0f291ac37f.docx,tracking_without_comments/pdf/e69c316f39_file_179__vs__b3974bcc7b_file_180_redline_0f291ac37f.pdf,tracking_without_comments,0f291ac37f,word_based_randomized
45ffdc8474_file_149__vs__e33b9d6f5c_file_150_redline_0fcde9a5c4,clean/docx/45ffdc8474_file_149,tracking_without_comments/docx/e33b9d6f5c_file_150,tracking_without_comments/docx/45ffdc8474_file_149__vs__e33b9d6f5c_file_150_redline_0fcde9a5c4.docx,tracking_without_comments/pdf/45ffdc8474_file_149__vs__e33b9d6f5c_file_150_redline_0fcde9a5c4.pdf,tracking_without_comments,0fcde9a5c4,nocomments_randomized
b389f55091_super_editor__comment_23ee5ec1__vs__ea7427b18a_super_editor__complex_list_def_issue_326369f9_redline_108332354e,with_comments_clean/docx/b389f55091_super_editor__comment_23ee5ec1,clean/docx/ea7427b18a_super_editor__complex_list_def_issue_326369f9,with_comments_tracking/docx/b389f55091_super_editor__comment_23ee5ec1__vs__ea7427b18a_super_editor__complex_list_def_issue_326369f9_redline_108332354e.docx,with_comments_tracking/pdf/b389f55091_super_editor__comment_23ee5ec1__vs__ea7427b18a_super_editor__complex_list_def_issue_326369f9_redline_108332354e.pdf,with_comments_tracking,108332354e,word_redlines_superdoc
6d773ca294_super_editor__annot2_03ae6b74__vs__c5f3d78ca6_super_editor__annotations_import_2_eaae7b97_redline_10c6751f2e,clean/docx/6d773ca294_super_editor__annot2_03ae6b74,clean/docx/c5f3d78ca6_super_editor__annotations_import_2_eaae7b97,tracking_without_comments/docx/6d773ca294_super_editor__annot2_03ae6b74__vs__c5f3d78ca6_super_editor__annotations_import_2_eaae7b97_redline_10c6751f2e.docx,tracking_without_comments/pdf/6d773ca294_super_editor__annot2_03ae6b74__vs__c5f3d78ca6_super_editor__annotations_import_2_eaae7b97_redline_10c6751f2e.pdf,tracking_without_comments,10c6751f2e,word_redlines_superdoc
b27d48be08_numbered_list_italic_demo_id_paraid_overflow__vs__8dcd453923_numwords_fldsimple_redline_1131134f0d,clean/docx/b27d48be08_numbered_list_italic_demo_id_paraid_overflow,clean/docx/8dcd453923_numwords_fldsimple,tracking_without_comments/docx/b27d48be08_numbered_list_italic_demo_id_paraid_overflow__vs__8dcd453923_numwords_fldsimple_redline_1131134f0d.docx,tracking_without_comments/pdf/b27d48be08_numbered_list_italic_demo_id_paraid_overflow__vs__8dcd453923_numwords_fldsimple_redline_1131134f0d.pdf,tracking_without_comments,1131134f0d,nocomments
8138a2180b_file_145__vs__ac0bcc10fe_file_146_redline_11e99a0b24,clean/docx/8138a2180b_file_145,with_comments_tracking/docx/ac0bcc10fe_file_146,with_comments_tracking/docx/8138a2180b_file_145__vs__ac0bcc10fe_file_146_redline_11e99a0b24.docx,with_comments_tracking/pdf/8138a2180b_file_145__vs__ac0bcc10fe_file_146_redline_11e99a0b24.pdf,with_comments_tracking,11e99a0b24,word_based_randomized_0926
18eb110b3b_numwords_fldsimple__vs__56d68160f4_doc_api_stories__sd_2086_header_row_shading_api_redline_12c5361b58,clean/docx/18eb110b3b_numwords_fldsimple,clean/docx/56d68160f4_doc_api_stories__sd_2086_header_row_shading_api,tracking_without_comments/docx/18eb110b3b_numwords_fldsimple__vs__56d68160f4_doc_api_stories__sd_2086_header_row_shading_api_redline_12c5361b58.docx,tracking_without_comments/pdf/18eb110b3b_numwords_fldsimple__vs__56d68160f4_doc_api_stories__sd_2086_header_row_shading_api_redline_12c5361b58.pdf,tracking_without_comments,12c5361b58,word_redlines_superdoc
81f7cad226_009fa3f6b717df4d0e9371d67f305110d5096bc9178134b0__vs__342f364d46_001342333d45627868f4dc5282abbba4598a91b4a7584b08_redline_134618a872,clean/docx/81f7cad226_009fa3f6b717df4d0e9371d67f305110d5096bc9178134b0,clean/docx/342f364d46_001342333d45627868f4dc5282abbba4598a91b4a7584b08,tracking_without_comments/docx/81f7cad226_009fa3f6b717df4d0e9371d67f305110d5096bc9178134b0__vs__342f364d46_001342333d45627868f4dc5282abbba4598a91b4a7584b08_redline_134618a872.docx,tracking_without_comments/pdf/81f7cad226_009fa3f6b717df4d0e9371d67f305110d5096bc9178134b0__vs__342f364d46_001342333d45627868f4dc5282abbba4598a91b4a7584b08_redline_134618a872.pdf,tracking_without_comments,134618a872,redlines_a100_b10
420868b8ad_file_140__vs__211f5f5fb1_file_141_redline_13ffd599a8,clean/docx/420868b8ad_file_140,clean/docx/211f5f5fb1_file_141,tracking_without_comments/docx/420868b8ad_file_140__vs__211f5f5fb1_file_141_redline_13ffd599a8.docx,tracking_without_comments/pdf/420868b8ad_file_140__vs__211f5f5fb1_file_141_redline_13ffd599a8.pdf,tracking_without_comments,13ffd599a8,nocomments_randomized
f6e1c253ff_super_editor__diff_before9_9818a85f__vs__0b1d0278ce_behavior__math_radical_tests_4c1ce187_redline_1445e94e75,clean/docx/f6e1c253ff_super_editor__diff_before9_9818a85f,clean/docx/0b1d0278ce_behavior__math_radical_tests_4c1ce187,tracking_without_comments/docx/f6e1c253ff_super_editor__diff_before9_9818a85f__vs__0b1d0278ce_behavior__math_radical_tests_4c1ce187_redline_1445e94e75.docx,tracking_without_comments/pdf/f6e1c253ff_super_editor__diff_before9_9818a85f__vs__0b1d0278ce_behavior__math_radical_tests_4c1ce187_redline_1445e94e75.pdf,tracking_without_comments,1445e94e75,word_redlines_superdoc_0926
87f3bff234_meeting_minutes_id_paraid_overflow__vs__af73bfcc05_meeting_minutes_suggesting_insertions_redline_1511c9537d,clean/docx/87f3bff234_meeting_minutes_id_paraid_overflow,tracking_without_comments/docx/af73bfcc05_meeting_minutes_suggesting_insertions,tracking_without_comments/docx/87f3bff234_meeting_minutes_id_paraid_overflow__vs__af73bfcc05_meeting_minutes_suggesting_insertions_redline_1511c9537d.docx,tracking_without_comments/pdf/87f3bff234_meeting_minutes_id_paraid_overflow__vs__af73bfcc05_meeting_minutes_suggesting_insertions_redline_1511c9537d.pdf,tracking_without_comments,1511c9537d,word_based_0926
509174cb00_4dc2a0dc7286438f40da0bcc0be31afe83621d0fc6576159__vs__66b7b15a1a_59f8c04d24a6261ab1c0180bb39999080b97ef992e658302_redline_15c82f6344,clean/docx/509174cb00_4dc2a0dc7286438f40da0bcc0be31afe83621d0fc6576159,clean/docx/66b7b15a1a_59f8c04d24a6261ab1c0180bb39999080b97ef992e658302,tracking_without_comments/docx/509174cb00_4dc2a0dc7286438f40da0bcc0be31afe83621d0fc6576159__vs__66b7b15a1a_59f8c04d24a6261ab1c0180bb39999080b97ef992e658302_redline_15c82f6344.docx,tracking_without_comments/pdf/509174cb00_4dc2a0dc7286438f40da0bcc0be31afe83621d0fc6576159__vs__66b7b15a1a_59f8c04d24a6261ab1c0180bb39999080b97ef992e658302_redline_15c82f6344.pdf,tracking_without_comments,15c82f6344,redlines_en_500
2f6102d8be_file_162__vs__69bfcf9176_file_163_redline_167db6b0cf,tracking_without_comments/docx/2f6102d8be_file_162,clean/docx/69bfcf9176_file_163,tracking_without_comments/docx/2f6102d8be_file_162__vs__69bfcf9176_file_163_redline_167db6b0cf.docx,tracking_without_comments/pdf/2f6102d8be_file_162__vs__69bfcf9176_file_163_redline_167db6b0cf.pdf,tracking_without_comments,167db6b0cf,word_based_randomized_0926
2ad8d15e88_00e901c5aa86bd93002ce801375c57e44c2c78a0e5b308d3__vs__2773adf157_0004c94ca2a8684d47449bb0e7abf87de1df71a7e6543252_redline_1700ca2669,clean/docx/2ad8d15e88_00e901c5aa86bd93002ce801375c57e44c2c78a0e5b308d3,clean/docx/2773adf157_0004c94ca2a8684d47449bb0e7abf87de1df71a7e6543252,tracking_without_comments/docx/2ad8d15e88_00e901c5aa86bd93002ce801375c57e44c2c78a0e5b308d3__vs__2773adf157_0004c94ca2a8684d47449bb0e7abf87de1df71a7e6543252_redline_1700ca2669.docx,tracking_without_comments/pdf/2ad8d15e88_00e901c5aa86bd93002ce801375c57e44c2c78a0e5b308d3__vs__2773adf157_0004c94ca2a8684d47449bb0e7abf87de1df71a7e6543252_redline_1700ca2669.pdf,tracking_without_comments,1700ca2669,redlines_a100_b10
3cccdeb956_338ed100b8c726655e68862a5b4584feb59583a37fa3b69d__vs__acfb188cbe_da70fe22e2b96c62d0310d4eb7760cbac4c452a88bd62929_redline_17a4d897ce,clean/docx/3cccdeb956_338ed100b8c726655e68862a5b4584feb59583a37fa3b69d,clean/docx/acfb188cbe_da70fe22e2b96c62d0310d4eb7760cbac4c452a88bd62929,tracking_without_comments/docx/3cccdeb956_338ed100b8c726655e68862a5b4584feb59583a37fa3b69d__vs__acfb188cbe_da70fe22e2b96c62d0310d4eb7760cbac4c452a88bd62929_redline_17a4d897ce.docx,tracking_without_comments/pdf/3cccdeb956_338ed100b8c726655e68862a5b4584feb59583a37fa3b69d__vs__acfb188cbe_da70fe22e2b96c62d0310d4eb7760cbac4c452a88bd62929_redline_17a4d897ce.pdf,tracking_without_comments,17a4d897ce,redlines_en_500
63dfd87ddd_5df211d39d8f42d1e2d5408b6c477ecbf0ea8e2a8507fdcb__vs__1759f7c49e_306ec8f52c773e9b7ba8923d80987b9fa2f6415aa2e14765_redline_1827ae7738,clean/docx/63dfd87ddd_5df211d39d8f42d1e2d5408b6c477ecbf0ea8e2a8507fdcb,clean/docx/1759f7c49e_306ec8f52c773e9b7ba8923d80987b9fa2f6415aa2e14765,tracking_without_comments/docx/63dfd87ddd_5df211d39d8f42d1e2d5408b6c477ecbf0ea8e2a8507fdcb__vs__1759f7c49e_306ec8f52c773e9b7ba8923d80987b9fa2f6415aa2e14765_redline_1827ae7738.docx,tracking_without_comments/pdf/63dfd87ddd_5df211d39d8f42d1e2d5408b6c477ecbf0ea8e2a8507fdcb__vs__1759f7c49e_306ec8f52c773e9b7ba8923d80987b9fa2f6415aa2e14765_redline_1827ae7738.pdf,tracking_without_comments,1827ae7738,redlines_en_500
dd85373a71_008b84e05498068c49efc5a0b73f9d5ae7992f045de8c514__vs__333bfe069a_003416d620331122b93b434dad901db5836f60d2cad4b533_redline_18b8ae1706,clean/docx/dd85373a71_008b84e05498068c49efc5a0b73f9d5ae7992f045de8c514,clean/docx/333bfe069a_003416d620331122b93b434dad901db5836f60d2cad4b533,tracking_without_comments/docx/dd85373a71_008b84e05498068c49efc5a0b73f9d5ae7992f045de8c514__vs__333bfe069a_003416d620331122b93b434dad901db5836f60d2cad4b533_redline_18b8ae1706.docx,tracking_without_comments/pdf/dd85373a71_008b84e05498068c49efc5a0b73f9d5ae7992f045de8c514__vs__333bfe069a_003416d620331122b93b434dad901db5836f60d2cad4b533_redline_18b8ae1706.pdf,tracking_without_comments,18b8ae1706,redlines_a100_b10
00b4bca293_ba67b1a0b34e662dd68f08ac7dd30bf0db3b1e2054002207__vs__daadabf34a_d3a0981ed305b4a50bf3b4780a018be510b1f8012281f045_redline_1971c5ad89,clean/docx/00b4bca293_ba67b1a0b34e662dd68f08ac7dd30bf0db3b1e2054002207,clean/docx/daadabf34a_d3a0981ed305b4a50bf3b4780a018be510b1f8012281f045,tracking_without_comments/docx/00b4bca293_ba67b1a0b34e662dd68f08ac7dd30bf0db3b1e2054002207__vs__daadabf34a_d3a0981ed305b4a50bf3b4780a018be510b1f8012281f045_redline_1971c5ad89.docx,tracking_without_comments/pdf/00b4bca293_ba67b1a0b34e662dd68f08ac7dd30bf0db3b1e2054002207__vs__daadabf34a_d3a0981ed305b4a50bf3b4780a018be510b1f8012281f045_redline_1971c5ad89.pdf,tracking_without_comments,1971c5ad89,redlines_en_500
762b93bdb0_0107d2107b381c077b42490f7ff21e861a60c27ba32886ca__vs__bd3824dd1e_000ee64ef7226d353297888f59a251e24ce5d776fea000fa_redline_1a0528ada4,clean/docx/762b93bdb0_0107d2107b381c077b42490f7ff21e861a60c27ba32886ca,clean/docx/bd3824dd1e_000ee64ef7226d353297888f59a251e24ce5d776fea000fa,tracking_without_comments/docx/762b93bdb0_0107d2107b381c077b42490f7ff21e861a60c27ba32886ca__vs__bd3824dd1e_000ee64ef7226d353297888f59a251e24ce5d776fea000fa_redline_1a0528ada4.docx,tracking_without_comments/pdf/762b93bdb0_0107d2107b381c077b42490f7ff21e861a60c27ba32886ca__vs__bd3824dd1e_000ee64ef7226d353297888f59a251e24ce5d776fea000fa_redline_1a0528ada4.pdf,tracking_without_comments,1a0528ada4,redlines_a100_b10
23536e24d2_5ddba7ca1e7abc522e338baa1f7afc84bf0051381d8dd6e8__vs__66396a2dff_5cb08eac0fbc63f2dc66c9020486fde76b78b3b56e6cc368_redline_1a6df64b8c,clean/docx/23536e24d2_5ddba7ca1e7abc522e338baa1f7afc84bf0051381d8dd6e8,clean/docx/66396a2dff_5cb08eac0fbc63f2dc66c9020486fde76b78b3b56e6cc368,tracking_without_comments/docx/23536e24d2_5ddba7ca1e7abc522e338baa1f7afc84bf0051381d8dd6e8__vs__66396a2dff_5cb08eac0fbc63f2dc66c9020486fde76b78b3b56e6cc368_redline_1a6df64b8c.docx,tracking_without_comments/pdf/23536e24d2_5ddba7ca1e7abc522e338baa1f7afc84bf0051381d8dd6e8__vs__66396a2dff_5cb08eac0fbc63f2dc66c9020486fde76b78b3b56e6cc368_redline_1a6df64b8c.pdf,tracking_without_comments,1a6df64b8c,redlines_en_500
9224b22b43_file_1__vs__c9154561dc_file_2_redline_1b27e9960e,clean/docx/9224b22b43_file_1,clean/docx/c9154561dc_file_2,tracking_without_comments/docx/9224b22b43_file_1__vs__c9154561dc_file_2_redline_1b27e9960e.docx,tracking_without_comments/pdf/9224b22b43_file_1__vs__c9154561dc_file_2_redline_1b27e9960e.pdf,tracking_without_comments,1b27e9960e,word_based_randomized_0926
d07303cf0c_5a2295e6c3fb70b9f2ebe4b90cf34e04a9158f33c2180506__vs__cbce9c63be_515eefceeac017dd8e56ae9e0b0ab5ab85e1da58199f0d6d_redline_1b651f2fc5,clean/docx/d07303cf0c_5a2295e6c3fb70b9f2ebe4b90cf34e04a9158f33c2180506,clean/docx/cbce9c63be_515eefceeac017dd8e56ae9e0b0ab5ab85e1da58199f0d6d,tracking_without_comments/docx/d07303cf0c_5a2295e6c3fb70b9f2ebe4b90cf34e04a9158f33c2180506__vs__cbce9c63be_515eefceeac017dd8e56ae9e0b0ab5ab85e1da58199f0d6d_redline_1b651f2fc5.docx,tracking_without_comments/pdf/d07303cf0c_5a2295e6c3fb70b9f2ebe4b90cf34e04a9158f33c2180506__vs__cbce9c63be_515eefceeac017dd8e56ae9e0b0ab5ab85e1da58199f0d6d_redline_1b651f2fc5.pdf,tracking_without_comments,1b651f2fc5,redlines_en_500
8ded82ffec_file_132__vs__433cdffcb3_file_133_redline_1bdf2f6771,clean/docx/8ded82ffec_file_132,tracking_without_comments/docx/433cdffcb3_file_133,tracking_without_comments/docx/8ded82ffec_file_132__vs__433cdffcb3_file_133_redline_1bdf2f6771.docx,tracking_without_comments/pdf/8ded82ffec_file_132__vs__433cdffcb3_file_133_redline_1bdf2f6771.pdf,tracking_without_comments,1bdf2f6771,nocomments_randomized
762b93bdb0_0107d2107b381c077b42490f7ff21e861a60c27ba32886ca__vs__2773adf157_0004c94ca2a8684d47449bb0e7abf87de1df71a7e6543252_redline_1c8343b903,clean/docx/762b93bdb0_0107d2107b381c077b42490f7ff21e861a60c27ba32886ca,clean/docx/2773adf157_0004c94ca2a8684d47449bb0e7abf87de1df71a7e6543252,tracking_without_comments/docx/762b93bdb0_0107d2107b381c077b42490f7ff21e861a60c27ba32886ca__vs__2773adf157_0004c94ca2a8684d47449bb0e7abf87de1df71a7e6543252_redline_1c8343b903.docx,tracking_without_comments/pdf/762b93bdb0_0107d2107b381c077b42490f7ff21e861a60c27ba32886ca__vs__2773adf157_0004c94ca2a8684d47449bb0e7abf87de1df71a7e6543252_redline_1c8343b903.pdf,tracking_without_comments,1c8343b903,redlines_a100_b10
049e83d7a7_file_137__vs__042b952c89_file_138_redline_1d2c05bfad,clean/docx/049e83d7a7_file_137,clean/docx/042b952c89_file_138,tracking_without_comments/docx/049e83d7a7_file_137__vs__042b952c89_file_138_redline_1d2c05bfad.docx,tracking_without_comments/pdf/049e83d7a7_file_137__vs__042b952c89_file_138_redline_1d2c05bfad.pdf,tracking_without_comments,1d2c05bfad,word_based_randomized
bba83def82_e1cf1c544c37c436d50de61035d2e6b21ec08e48a55360a2__vs__58a23520d3_ea6cec4f88deb49a61a8dfe8c071976b697ef5e6b4e34668_redline_1e5841e937,clean/docx/bba83def82_e1cf1c544c37c436d50de61035d2e6b21ec08e48a55360a2,clean/docx/58a23520d3_ea6cec4f88deb49a61a8dfe8c071976b697ef5e6b4e34668,tracking_without_comments/docx/bba83def82_e1cf1c544c37c436d50de61035d2e6b21ec08e48a55360a2__vs__58a23520d3_ea6cec4f88deb49a61a8dfe8c071976b697ef5e6b4e34668_redline_1e5841e937.docx,tracking_without_comments/pdf/bba83def82_e1cf1c544c37c436d50de61035d2e6b21ec08e48a55360a2__vs__58a23520d3_ea6cec4f88deb49a61a8dfe8c071976b697ef5e6b4e34668_redline_1e5841e937.pdf,tracking_without_comments,1e5841e937,redlines_en_500
a6e4d0e065_file_161__vs__2f6102d8be_file_162_redline_1f4634946b,tracking_without_comments/docx/a6e4d0e065_file_161,tracking_without_comments/docx/2f6102d8be_file_162,tracking_without_comments/docx/a6e4d0e065_file_161__vs__2f6102d8be_file_162_redline_1f4634946b.docx,tracking_without_comments/pdf/a6e4d0e065_file_161__vs__2f6102d8be_file_162_redline_1f4634946b.pdf,tracking_without_comments,1f4634946b,word_based_randomized
725cdbebe3_0013892c946c551d309fcec9bb3f3500fc08bc77121a3849__vs__2773adf157_0004c94ca2a8684d47449bb0e7abf87de1df71a7e6543252_redline_20539234fa,clean/docx/725cdbebe3_0013892c946c551d309fcec9bb3f3500fc08bc77121a3849,clean/docx/2773adf157_0004c94ca2a8684d47449bb0e7abf87de1df71a7e6543252,tracking_without_comments/docx/725cdbebe3_0013892c946c551d309fcec9bb3f3500fc08bc77121a3849__vs__2773adf157_0004c94ca2a8684d47449bb0e7abf87de1df71a7e6543252_redline_20539234fa.docx,tracking_without_comments/pdf/725cdbebe3_0013892c946c551d309fcec9bb3f3500fc08bc77121a3849__vs__2773adf157_0004c94ca2a8684d47449bb0e7abf87de1df71a7e6543252_redline_20539234fa.pdf,tracking_without_comments,20539234fa,redlines_a100_b10
583fd6d9cb_file_51__vs__b2b3095b48_file_52_redline_20a82256a2,clean/docx/583fd6d9cb_file_51,clean/docx/b2b3095b48_file_52,tracking_without_comments/docx/583fd6d9cb_file_51__vs__b2b3095b48_file_52_redline_20a82256a2.docx,tracking_without_comments/pdf/583fd6d9cb_file_51__vs__b2b3095b48_file_52_redline_20a82256a2.pdf,tracking_without_comments,20a82256a2,word_based_randomized
8f8f5a3e4d_file_160__vs__a6e4d0e065_file_161_redline_216bc149ab,clean/docx/8f8f5a3e4d_file_160,tracking_without_comments/docx/a6e4d0e065_file_161,tracking_without_comments/docx/8f8f5a3e4d_file_160__vs__a6e4d0e065_file_161_redline_216bc149ab.docx,tracking_without_comments/pdf/8f8f5a3e4d_file_160__vs__a6e4d0e065_file_161_redline_216bc149ab.pdf,tracking_without_comments,216bc149ab,word_based_randomized_0926
61e3967518_0011e415331e3b2d8031efcfcfecbb68df0f0b73b26350ce__vs__342f364d46_001342333d45627868f4dc5282abbba4598a91b4a7584b08_redline_22254771f0,clean/docx/61e3967518_0011e415331e3b2d8031efcfcfecbb68df0f0b73b26350ce,clean/docx/342f364d46_001342333d45627868f4dc5282abbba4598a91b4a7584b08,tracking_without_comments/docx/61e3967518_0011e415331e3b2d8031efcfcfecbb68df0f0b73b26350ce__vs__342f364d46_001342333d45627868f4dc5282abbba4598a91b4a7584b08_redline_22254771f0.docx,tracking_without_comments/pdf/61e3967518_0011e415331e3b2d8031efcfcfecbb68df0f0b73b26350ce__vs__342f364d46_001342333d45627868f4dc5282abbba4598a91b4a7584b08_redline_22254771f0.pdf,tracking_without_comments,22254771f0,redlines_a100_b10
9960c72d3d_file_44__vs__ecba8d5b3b_file_45_redline_22c0cf3478,tracking_without_comments/docx/9960c72d3d_file_44,clean/docx/ecba8d5b3b_file_45,tracking_without_comments/docx/9960c72d3d_file_44__vs__ecba8d5b3b_file_45_redline_22c0cf3478.docx,tracking_without_comments/pdf/9960c72d3d_file_44__vs__ecba8d5b3b_file_45_redline_22c0cf3478.pdf,tracking_without_comments,22c0cf3478,word_based_randomized
19313bb0d2_013bfd9bed003f93622f5b45095bb7471499aea576b0e48e__vs__5203829c7a_001cc92b88566d5f930fe57f25813c0bf52a7bdc72c217d0_redline_237db14eba,clean/docx/19313bb0d2_013bfd9bed003f93622f5b45095bb7471499aea576b0e48e,clean/docx/5203829c7a_001cc92b88566d5f930fe57f25813c0bf52a7bdc72c217d0,tracking_without_comments/docx/19313bb0d2_013bfd9bed003f93622f5b45095bb7471499aea576b0e48e__vs__5203829c7a_001cc92b88566d5f930fe57f25813c0bf52a7bdc72c217d0_redline_237db14eba.docx,tracking_without_comments/pdf/19313bb0d2_013bfd9bed003f93622f5b45095bb7471499aea576b0e48e__vs__5203829c7a_001cc92b88566d5f930fe57f25813c0bf52a7bdc72c217d0_redline_237db14eba.pdf,tracking_without_comments,237db14eba,redlines_a100_b10
a1f5212957_file_145__vs__ee628c2f6a_file_146_redline_244b013316,clean/docx/a1f5212957_file_145,tracking_without_comments/docx/ee628c2f6a_file_146,tracking_without_comments/docx/a1f5212957_file_145__vs__ee628c2f6a_file_146_redline_244b013316.docx,tracking_without_comments/pdf/a1f5212957_file_145__vs__ee628c2f6a_file_146_redline_244b013316.pdf,tracking_without_comments,244b013316,nocomments_randomized
9f6091a4ac_super_editor__threaded_comment_27bda0ba__vs__b3028f2d5b_super_editor__super_basic_table_86d8d916_redline_254bc964f4,with_comments_clean/docx/9f6091a4ac_super_editor__threaded_comment_27bda0ba,clean/docx/b3028f2d5b_super_editor__super_basic_table_86d8d916,with_comments_tracking/docx/9f6091a4ac_super_editor__threaded_comment_27bda0ba__vs__b3028f2d5b_super_editor__super_basic_table_86d8d916_redline_254bc964f4.docx,with_comments_tracking/pdf/9f6091a4ac_super_editor__threaded_comment_27bda0ba__vs__b3028f2d5b_super_editor__super_basic_table_86d8d916_redline_254bc964f4.pdf,with_comments_tracking,254bc964f4,word_redlines_superdoc
4ade5f9207_009df71a7ecb41f9da0135915e2e4d68176e296ff69c9af0__vs__333bfe069a_003416d620331122b93b434dad901db5836f60d2cad4b533_redline_2630e08da9,clean/docx/4ade5f9207_009df71a7ecb41f9da0135915e2e4d68176e296ff69c9af0,clean/docx/333bfe069a_003416d620331122b93b434dad901db5836f60d2cad4b533,tracking_without_comments/docx/4ade5f9207_009df71a7ecb41f9da0135915e2e4d68176e296ff69c9af0__vs__333bfe069a_003416d620331122b93b434dad901db5836f60d2cad4b533_redline_2630e08da9.docx,tracking_without_comments/pdf/4ade5f9207_009df71a7ecb41f9da0135915e2e4d68176e296ff69c9af0__vs__333bfe069a_003416d620331122b93b434dad901db5836f60d2cad4b533_redline_2630e08da9.pdf,tracking_without_comments,2630e08da9,redlines_a100_b10
c87ab9bf12_file_52__vs__cf78e83cd4_file_53_redline_27427ee2bc,clean/docx/c87ab9bf12_file_52,tracking_without_comments/docx/cf78e83cd4_file_53,tracking_without_comments/docx/c87ab9bf12_file_52__vs__cf78e83cd4_file_53_redline_27427ee2bc.docx,tracking_without_comments/pdf/c87ab9bf12_file_52__vs__cf78e83cd4_file_53_redline_27427ee2bc.pdf,tracking_without_comments,27427ee2bc,nocomments_randomized
f0c3934ae6_file_108__vs__2a5302627e_file_109_redline_280bd21615,tracking_without_comments/docx/f0c3934ae6_file_108,clean/docx/2a5302627e_file_109,tracking_without_comments/docx/f0c3934ae6_file_108__vs__2a5302627e_file_109_redline_280bd21615.docx,tracking_without_comments/pdf/f0c3934ae6_file_108__vs__2a5302627e_file_109_redline_280bd21615.pdf,tracking_without_comments,280bd21615,nocomments_randomized
3d9b31338f_evals__memorandum_258c774a__vs__f89ff5989b_evals__nda_7f304918_redline_28cc200bf7,clean/docx/3d9b31338f_evals__memorandum_258c774a,clean/docx/f89ff5989b_evals__nda_7f304918,tracking_without_comments/docx/3d9b31338f_evals__memorandum_258c774a__vs__f89ff5989b_evals__nda_7f304918_redline_28cc200bf7.docx,tracking_without_comments/pdf/3d9b31338f_evals__memorandum_258c774a__vs__f89ff5989b_evals__nda_7f304918_redline_28cc200bf7.pdf,tracking_without_comments,28cc200bf7,word_redlines_superdoc
accec0538a_anchor_images__vs__d72fd74138_super_editor__ooxml_color_rstyle_linked_combos_d_redline_2971d117a2,clean/docx/accec0538a_anchor_images,clean/docx/d72fd74138_super_editor__ooxml_color_rstyle_linked_combos_d,tracking_without_comments/docx/accec0538a_anchor_images__vs__d72fd74138_super_editor__ooxml_color_rstyle_linked_combos_d_redline_2971d117a2.docx,tracking_without_comments/pdf/accec0538a_anchor_images__vs__d72fd74138_super_editor__ooxml_color_rstyle_linked_combos_d_redline_2971d117a2.pdf,tracking_without_comments,2971d117a2,word_redlines_superdoc_0926
83799a0610_00bced7d0ce7770362c5b667b5e92abefcbfcf5315a2bbf6__vs__333bfe069a_003416d620331122b93b434dad901db5836f60d2cad4b533_redline_2a068b16e5,clean/docx/83799a0610_00bced7d0ce7770362c5b667b5e92abefcbfcf5315a2bbf6,clean/docx/333bfe069a_003416d620331122b93b434dad901db5836f60d2cad4b533,tracking_without_comments/docx/83799a0610_00bced7d0ce7770362c5b667b5e92abefcbfcf5315a2bbf6__vs__333bfe069a_003416d620331122b93b434dad901db5836f60d2cad4b533_redline_2a068b16e5.docx,tracking_without_comments/pdf/83799a0610_00bced7d0ce7770362c5b667b5e92abefcbfcf5315a2bbf6__vs__333bfe069a_003416d620331122b93b434dad901db5836f60d2cad4b533_redline_2a068b16e5.pdf,tracking_without_comments,2a068b16e5,redlines_a100_b10
56d68160f4_doc_api_stories__sd_2086_header_row_shading_api__vs__498a050671_super_editor__custom_list1_77f82bd7_redline_2a709b2a59,clean/docx/56d68160f4_doc_api_stories__sd_2086_header_row_shading_api,clean/docx/498a050671_super_editor__custom_list1_77f82bd7,tracking_without_comments/docx/56d68160f4_doc_api_stories__sd_2086_header_row_shading_api__vs__498a050671_super_editor__custom_list1_77f82bd7_redline_2a709b2a59.docx,tracking_without_comments/pdf/56d68160f4_doc_api_stories__sd_2086_header_row_shading_api__vs__498a050671_super_editor__custom_list1_77f82bd7_redline_2a709b2a59.pdf,tracking_without_comments,2a709b2a59,word_redlines_superdoc_0926
1e212fbfdc_file_122__vs__85692b483f_file_123_redline_2ba84d60d1,clean/docx/1e212fbfdc_file_122,with_comments_clean/docx/85692b483f_file_123,with_comments_tracking/docx/1e212fbfdc_file_122__vs__85692b483f_file_123_redline_2ba84d60d1.docx,with_comments_tracking/pdf/1e212fbfdc_file_122__vs__85692b483f_file_123_redline_2ba84d60d1.pdf,with_comments_tracking,2ba84d60d1,word_based_randomized
0048ba31dd_000be19a055234f8e79ec0baadc41d2a49050b2ea0a60654__vs__1424386e9b_017447de83753a0e3b7afc659df038ef56972925336c6a5b_redline_2c803faa14,clean/docx/0048ba31dd_000be19a055234f8e79ec0baadc41d2a49050b2ea0a60654,clean/docx/1424386e9b_017447de83753a0e3b7afc659df038ef56972925336c6a5b,tracking_without_comments/docx/0048ba31dd_000be19a055234f8e79ec0baadc41d2a49050b2ea0a60654__vs__1424386e9b_017447de83753a0e3b7afc659df038ef56972925336c6a5b_redline_2c803faa14.docx,tracking_without_comments/pdf/0048ba31dd_000be19a055234f8e79ec0baadc41d2a49050b2ea0a60654__vs__1424386e9b_017447de83753a0e3b7afc659df038ef56972925336c6a5b_redline_2c803faa14.pdf,tracking_without_comments,2c803faa14,redlines_a100_b10
7098537b0d_super_editor__base_custom_544164f9__vs__9ef2a93274_super_editor__tab_alignment_test_184edb5d_redline_2dc552be5e,clean/docx/7098537b0d_super_editor__base_custom_544164f9,clean/docx/9ef2a93274_super_editor__tab_alignment_test_184edb5d,tracking_without_comments/docx/7098537b0d_super_editor__base_custom_544164f9__vs__9ef2a93274_super_editor__tab_alignment_test_184edb5d_redline_2dc552be5e.docx,tracking_without_comments/pdf/7098537b0d_super_editor__base_custom_544164f9__vs__9ef2a93274_super_editor__tab_alignment_test_184edb5d_redline_2dc552be5e.pdf,tracking_without_comments,2dc552be5e,word_redlines_superdoc
8e534b49f0_00a9b37342f07e6b9bd5b8fffbe4dd777d31053171e69da2__vs__a5f2b9318d_002aa60c2ae1187417b4b157c5ec6450324cc056ec551a12_redline_2e5338a837,clean/docx/8e534b49f0_00a9b37342f07e6b9bd5b8fffbe4dd777d31053171e69da2,clean/docx/a5f2b9318d_002aa60c2ae1187417b4b157c5ec6450324cc056ec551a12,tracking_without_comments/docx/8e534b49f0_00a9b37342f07e6b9bd5b8fffbe4dd777d31053171e69da2__vs__a5f2b9318d_002aa60c2ae1187417b4b157c5ec6450324cc056ec551a12_redline_2e5338a837.docx,tracking_without_comments/pdf/8e534b49f0_00a9b37342f07e6b9bd5b8fffbe4dd777d31053171e69da2__vs__a5f2b9318d_002aa60c2ae1187417b4b157c5ec6450324cc056ec551a12_redline_2e5338a837.pdf,tracking_without_comments,2e5338a837,redlines_a100_b10
c4ee483519_tiff_image__vs__e451997662_super_editor__h_f_normal_5d2a8d96_redline_2ed508b300,clean/docx/c4ee483519_tiff_image,clean/docx/e451997662_super_editor__h_f_normal_5d2a8d96,tracking_without_comments/docx/c4ee483519_tiff_image__vs__e451997662_super_editor__h_f_normal_5d2a8d96_redline_2ed508b300.docx,tracking_without_comments/pdf/c4ee483519_tiff_image__vs__e451997662_super_editor__h_f_normal_5d2a8d96_redline_2ed508b300.pdf,tracking_without_comments,2ed508b300,word_redlines_superdoc_0926
d04ac05d58_4b1cd45e7774350f022ae92e6566b74dda3b4638bc8212e4__vs__e938b9478b_20b46a9cd6d4b791a0edd85dcadfdfedc4c37e9d0f77d849_redline_2fa06a6cb0,clean/docx/d04ac05d58_4b1cd45e7774350f022ae92e6566b74dda3b4638bc8212e4,clean/docx/e938b9478b_20b46a9cd6d4b791a0edd85dcadfdfedc4c37e9d0f77d849,tracking_without_comments/docx/d04ac05d58_4b1cd45e7774350f022ae92e6566b74dda3b4638bc8212e4__vs__e938b9478b_20b46a9cd6d4b791a0edd85dcadfdfedc4c37e9d0f77d849_redline_2fa06a6cb0.docx,tracking_without_comments/pdf/d04ac05d58_4b1cd45e7774350f022ae92e6566b74dda3b4638bc8212e4__vs__e938b9478b_20b46a9cd6d4b791a0edd85dcadfdfedc4c37e9d0f77d849_redline_2fa06a6cb0.pdf,tracking_without_comments,2fa06a6cb0,redlines_en_500
510724b627_green_underline_bullet_list_id_paraid_overflow__vs__d560bc7296_header_no_rels_redline_301efcc9d8,clean/docx/510724b627_green_underline_bullet_list_id_paraid_overflow,clean/docx/d560bc7296_header_no_rels,tracking_without_comments/docx/510724b627_green_underline_bullet_list_id_paraid_overflow__vs__d560bc7296_header_no_rels_redline_301efcc9d8.docx,tracking_without_comments/pdf/510724b627_green_underline_bullet_list_id_paraid_overflow__vs__d560bc7296_header_no_rels_redline_301efcc9d8.pdf,tracking_without_comments,301efcc9d8,nocomments
671ff91b1d_behavior__sd_2750_borderbox_7cd3768d__vs__9322444a3f_behavior__sd_2888_hyperlink_with_ampersand_aaaac_redline_30b3e0f88b,clean/docx/671ff91b1d_behavior__sd_2750_borderbox_7cd3768d,clean/docx/9322444a3f_behavior__sd_2888_hyperlink_with_ampersand_aaaac,tracking_without_comments/docx/671ff91b1d_behavior__sd_2750_borderbox_7cd3768d__vs__9322444a3f_behavior__sd_2888_hyperlink_with_ampersand_aaaac_redline_30b3e0f88b.docx,tracking_without_comments/pdf/671ff91b1d_behavior__sd_2750_borderbox_7cd3768d__vs__9322444a3f_behavior__sd_2888_hyperlink_with_ampersand_aaaac_redline_30b3e0f88b.pdf,tracking_without_comments,30b3e0f88b,word_redlines_superdoc
18b8dd8ea3_behavior__sd_2672_plain_3x3_87943d5d__vs__667af231c2_behavior__sd_2672_rtl_table_63bd9d10_redline_30fed087bf,clean/docx/18b8dd8ea3_behavior__sd_2672_plain_3x3_87943d5d,clean/docx/667af231c2_behavior__sd_2672_rtl_table_63bd9d10,tracking_without_comments/docx/18b8dd8ea3_behavior__sd_2672_plain_3x3_87943d5d__vs__667af231c2_behavior__sd_2672_rtl_table_63bd9d10_redline_30fed087bf.docx,tracking_without_comments/pdf/18b8dd8ea3_behavior__sd_2672_plain_3x3_87943d5d__vs__667af231c2_behavior__sd_2672_rtl_table_63bd9d10_redline_30fed087bf.pdf,tracking_without_comments,30fed087bf,word_redlines_superdoc_0926
617c1284c9_00feb732c2ef2b643a132e4305e16833fd047b46ca44b65b__vs__deff0e697a_00b5defcad6e58038eac35472a2d48c89905068e5ece0cc3_redline_31b2203d8c,clean/docx/617c1284c9_00feb732c2ef2b643a132e4305e16833fd047b46ca44b65b,clean/docx/deff0e697a_00b5defcad6e58038eac35472a2d48c89905068e5ece0cc3,tracking_without_comments/docx/617c1284c9_00feb732c2ef2b643a132e4305e16833fd047b46ca44b65b__vs__deff0e697a_00b5defcad6e58038eac35472a2d48c89905068e5ece0cc3_redline_31b2203d8c.docx,tracking_without_comments/pdf/617c1284c9_00feb732c2ef2b643a132e4305e16833fd047b46ca44b65b__vs__deff0e697a_00b5defcad6e58038eac35472a2d48c89905068e5ece0cc3_redline_31b2203d8c.pdf,tracking_without_comments,31b2203d8c,redlines_a100_b10
6a8a9e859c_e38f976d3258562dfa09cecb9a34e94403098d5b8a0cd338__vs__1c96e575f8_f907e44f658eab72c9fec3635a6a64fb051c7fb2142a0d03_redline_327c9f02a2,clean/docx/6a8a9e859c_e38f976d3258562dfa09cecb9a34e94403098d5b8a0cd338,clean/docx/1c96e575f8_f907e44f658eab72c9fec3635a6a64fb051c7fb2142a0d03,tracking_without_comments/docx/6a8a9e859c_e38f976d3258562dfa09cecb9a34e94403098d5b8a0cd338__vs__1c96e575f8_f907e44f658eab72c9fec3635a6a64fb051c7fb2142a0d03_redline_327c9f02a2.docx,tracking_without_comments/pdf/6a8a9e859c_e38f976d3258562dfa09cecb9a34e94403098d5b8a0cd338__vs__1c96e575f8_f907e44f658eab72c9fec3635a6a64fb051c7fb2142a0d03_redline_327c9f02a2.pdf,tracking_without_comments,327c9f02a2,redlines_en_500
7c87c9cd93_super_editor__complex_list_def_short_fde20a67__vs__76827c9f6c_super_editor__sd_1480_two_col_index_0138dccc_redline_333e41d238,clean/docx/7c87c9cd93_super_editor__complex_list_def_short_fde20a67,clean/docx/76827c9f6c_super_editor__sd_1480_two_col_index_0138dccc,tracking_without_comments/docx/7c87c9cd93_super_editor__complex_list_def_short_fde20a67__vs__76827c9f6c_super_editor__sd_1480_two_col_index_0138dccc_redline_333e41d238.docx,tracking_without_comments/pdf/7c87c9cd93_super_editor__complex_list_def_short_fde20a67__vs__76827c9f6c_super_editor__sd_1480_two_col_index_0138dccc_redline_333e41d238.pdf,tracking_without_comments,333e41d238,word_redlines_superdoc_0926
6ccca29ad5_23ba7149bd4fe060d7bfa91163451db357038761eaa41ec1__vs__74faec1a94_0ba09db46d7f32b4147f024d707851a2955e902ca00c65cc_redline_33ad8d230f,clean/docx/6ccca29ad5_23ba7149bd4fe060d7bfa91163451db357038761eaa41ec1,clean/docx/74faec1a94_0ba09db46d7f32b4147f024d707851a2955e902ca00c65cc,tracking_without_comments/docx/6ccca29ad5_23ba7149bd4fe060d7bfa91163451db357038761eaa41ec1__vs__74faec1a94_0ba09db46d7f32b4147f024d707851a2955e902ca00c65cc_redline_33ad8d230f.docx,tracking_without_comments/pdf/6ccca29ad5_23ba7149bd4fe060d7bfa91163451db357038761eaa41ec1__vs__74faec1a94_0ba09db46d7f32b4147f024d707851a2955e902ca00c65cc_redline_33ad8d230f.pdf,tracking_without_comments,33ad8d230f,redlines_en_500
95ff51154c_file_66__vs__1bcaf87caa_file_67_redline_349cab51fb,clean/docx/95ff51154c_file_66,clean/docx/1bcaf87caa_file_67,tracking_without_comments/docx/95ff51154c_file_66__vs__1bcaf87caa_file_67_redline_349cab51fb.docx,tracking_without_comments/pdf/95ff51154c_file_66__vs__1bcaf87caa_file_67_redline_349cab51fb.pdf,tracking_without_comments,349cab51fb,word_based_randomized
8ee210e927_super_editor__missing_separator_41c823b9__vs__75aeff4f58_super_editor__diff_after9_a9d4b4b0_redline_3528434041,clean/docx/8ee210e927_super_editor__missing_separator_41c823b9,clean/docx/75aeff4f58_super_editor__diff_after9_a9d4b4b0,tracking_without_comments/docx/8ee210e927_super_editor__missing_separator_41c823b9__vs__75aeff4f58_super_editor__diff_after9_a9d4b4b0_redline_3528434041.docx,tracking_without_comments/pdf/8ee210e927_super_editor__missing_separator_41c823b9__vs__75aeff4f58_super_editor__diff_after9_a9d4b4b0_redline_3528434041.pdf,tracking_without_comments,3528434041,word_redlines_superdoc_0926
578897b374_file_56__vs__834c9f9f35_file_57_redline_3584203d14,clean/docx/578897b374_file_56,clean/docx/834c9f9f35_file_57,tracking_without_comments/docx/578897b374_file_56__vs__834c9f9f35_file_57_redline_3584203d14.docx,tracking_without_comments/pdf/578897b374_file_56__vs__834c9f9f35_file_57_redline_3584203d14.pdf,tracking_without_comments,3584203d14,word_based_randomized
af540c50e4_00edeec4b73ab68a9a4e2b0281464f067656d89fc9969ab4__vs__bd3824dd1e_000ee64ef7226d353297888f59a251e24ce5d776fea000fa_redline_367a73a255,clean/docx/af540c50e4_00edeec4b73ab68a9a4e2b0281464f067656d89fc9969ab4,clean/docx/bd3824dd1e_000ee64ef7226d353297888f59a251e24ce5d776fea000fa,tracking_without_comments/docx/af540c50e4_00edeec4b73ab68a9a4e2b0281464f067656d89fc9969ab4__vs__bd3824dd1e_000ee64ef7226d353297888f59a251e24ce5d776fea000fa_redline_367a73a255.docx,tracking_without_comments/pdf/af540c50e4_00edeec4b73ab68a9a4e2b0281464f067656d89fc9969ab4__vs__bd3824dd1e_000ee64ef7226d353297888f59a251e24ce5d776fea000fa_redline_367a73a255.pdf,tracking_without_comments,367a73a255,redlines_a100_b10
90116c8005_meeting_agenda_table__vs__3a9713f368_meeting_minutes_id_paraid_overflow_redline_37bb076519,clean/docx/90116c8005_meeting_agenda_table,clean/docx/3a9713f368_meeting_minutes_id_paraid_overflow,tracking_without_comments/docx/90116c8005_meeting_agenda_table__vs__3a9713f368_meeting_minutes_id_paraid_overflow_redline_37bb076519.docx,tracking_without_comments/pdf/90116c8005_meeting_agenda_table__vs__3a9713f368_meeting_minutes_id_paraid_overflow_redline_37bb076519.pdf,tracking_without_comments,37bb076519,nocomments
2b328caeee_0ddd11a4c4cfd99b77de17348a8ddc30ae5e5c80a101c84e__vs__882e251894_c41a01217b430717fbacf9cd114aed87b99db718803e1801_redline_3866f441cc,clean/docx/2b328caeee_0ddd11a4c4cfd99b77de17348a8ddc30ae5e5c80a101c84e,with_comments_clean/docx/882e251894_c41a01217b430717fbacf9cd114aed87b99db718803e1801,with_comments_tracking/docx/2b328caeee_0ddd11a4c4cfd99b77de17348a8ddc30ae5e5c80a101c84e__vs__882e251894_c41a01217b430717fbacf9cd114aed87b99db718803e1801_redline_3866f441cc.docx,with_comments_tracking/pdf/2b328caeee_0ddd11a4c4cfd99b77de17348a8ddc30ae5e5c80a101c84e__vs__882e251894_c41a01217b430717fbacf9cd114aed87b99db718803e1801_redline_3866f441cc.pdf,with_comments_tracking,3866f441cc,redlines_en_500
4ade5f9207_009df71a7ecb41f9da0135915e2e4d68176e296ff69c9af0__vs__2773adf157_0004c94ca2a8684d47449bb0e7abf87de1df71a7e6543252_redline_3a1639ffb9,clean/docx/4ade5f9207_009df71a7ecb41f9da0135915e2e4d68176e296ff69c9af0,clean/docx/2773adf157_0004c94ca2a8684d47449bb0e7abf87de1df71a7e6543252,tracking_without_comments/docx/4ade5f9207_009df71a7ecb41f9da0135915e2e4d68176e296ff69c9af0__vs__2773adf157_0004c94ca2a8684d47449bb0e7abf87de1df71a7e6543252_redline_3a1639ffb9.docx,tracking_without_comments/pdf/4ade5f9207_009df71a7ecb41f9da0135915e2e4d68176e296ff69c9af0__vs__2773adf157_0004c94ca2a8684d47449bb0e7abf87de1df71a7e6543252_redline_3a1639ffb9.pdf,tracking_without_comments,3a1639ffb9,redlines_a100_b10
7476f5fbb1_file_78__vs__fa962f4b9d_file_79_redline_3a7ca36d5f,with_comments_tracking/docx/7476f5fbb1_file_78,clean/docx/fa962f4b9d_file_79,with_comments_tracking/docx/7476f5fbb1_file_78__vs__fa962f4b9d_file_79_redline_3a7ca36d5f.docx,with_comments_tracking/pdf/7476f5fbb1_file_78__vs__fa962f4b9d_file_79_redline_3a7ca36d5f.pdf,with_comments_tracking,3a7ca36d5f,word_based_randomized
82928b2e05_heading_4_style_demo_id_paraid_overflow__vs__5396ca3671_helvetica_font_demo_style_default_missing_redline_3b38c427df,clean/docx/82928b2e05_heading_4_style_demo_id_paraid_overflow,clean/docx/5396ca3671_helvetica_font_demo_style_default_missing,tracking_without_comments/docx/82928b2e05_heading_4_style_demo_id_paraid_overflow__vs__5396ca3671_helvetica_font_demo_style_default_missing_redline_3b38c427df.docx,tracking_without_comments/pdf/82928b2e05_heading_4_style_demo_id_paraid_overflow__vs__5396ca3671_helvetica_font_demo_style_default_missing_redline_3b38c427df.pdf,tracking_without_comments,3b38c427df,word_based_0926
1c5bd81def_super_editor__multiple_nodes_in_list_79d915a2__vs__0e1d01ec7d_super_editor__doc_with_graphs_diagrams_rotated_e_redline_3b980fe151,clean/docx/1c5bd81def_super_editor__multiple_nodes_in_list_79d915a2,clean/docx/0e1d01ec7d_super_editor__doc_with_graphs_diagrams_rotated_e,tracking_without_comments/docx/1c5bd81def_super_editor__multiple_nodes_in_list_79d915a2__vs__0e1d01ec7d_super_editor__doc_with_graphs_diagrams_rotated_e_redline_3b980fe151.docx,tracking_without_comments/pdf/1c5bd81def_super_editor__multiple_nodes_in_list_79d915a2__vs__0e1d01ec7d_super_editor__doc_with_graphs_diagrams_rotated_e_redline_3b980fe151.pdf,tracking_without_comments,3b980fe151,word_redlines_superdoc
76a40d9ffd_000e618d79bf03ff1783da81e6c34b7ad651896dd56e75a4__vs__aa5340125d_00a4b0b91e9b5b072dc3771391c2d608518690eccf44eae8_redline_3c03f4033a,clean/docx/76a40d9ffd_000e618d79bf03ff1783da81e6c34b7ad651896dd56e75a4,clean/docx/aa5340125d_00a4b0b91e9b5b072dc3771391c2d608518690eccf44eae8,tracking_without_comments/docx/76a40d9ffd_000e618d79bf03ff1783da81e6c34b7ad651896dd56e75a4__vs__aa5340125d_00a4b0b91e9b5b072dc3771391c2d608518690eccf44eae8_redline_3c03f4033a.docx,tracking_without_comments/pdf/76a40d9ffd_000e618d79bf03ff1783da81e6c34b7ad651896dd56e75a4__vs__aa5340125d_00a4b0b91e9b5b072dc3771391c2d608518690eccf44eae8_redline_3c03f4033a.pdf,tracking_without_comments,3c03f4033a,redlines_a100_b10
531cf3d312_00ce789bc3226c2a68967cc29792927c80b7f55d9b5267ad__vs__2e04202552_000e3e7bd2d6215fc7b469cc3e296c1b2a510bc1abc7e0fd_redline_3c920d5996,clean/docx/531cf3d312_00ce789bc3226c2a68967cc29792927c80b7f55d9b5267ad,clean/docx/2e04202552_000e3e7bd2d6215fc7b469cc3e296c1b2a510bc1abc7e0fd,tracking_without_comments/docx/531cf3d312_00ce789bc3226c2a68967cc29792927c80b7f55d9b5267ad__vs__2e04202552_000e3e7bd2d6215fc7b469cc3e296c1b2a510bc1abc7e0fd_redline_3c920d5996.docx,tracking_without_comments/pdf/531cf3d312_00ce789bc3226c2a68967cc29792927c80b7f55d9b5267ad__vs__2e04202552_000e3e7bd2d6215fc7b469cc3e296c1b2a510bc1abc7e0fd_redline_3c920d5996.pdf,tracking_without_comments,3c920d5996,redlines_a100_b10
bd768e6c17_file_74__vs__8c79860f8d_file_75_redline_3d39f0120d,with_comments_tracking/docx/bd768e6c17_file_74,clean/docx/8c79860f8d_file_75,with_comments_tracking/docx/bd768e6c17_file_74__vs__8c79860f8d_file_75_redline_3d39f0120d.docx,with_comments_tracking/pdf/bd768e6c17_file_74__vs__8c79860f8d_file_75_redline_3d39f0120d.pdf,with_comments_tracking,3d39f0120d,word_based_randomized
2ed4b273bc_file_41__vs__4fcecda2bb_file_42_redline_3e2eab6d92,clean/docx/2ed4b273bc_file_41,clean/docx/4fcecda2bb_file_42,tracking_without_comments/docx/2ed4b273bc_file_41__vs__4fcecda2bb_file_42_redline_3e2eab6d92.docx,tracking_without_comments/pdf/2ed4b273bc_file_41__vs__4fcecda2bb_file_42_redline_3e2eab6d92.pdf,tracking_without_comments,3e2eab6d92,nocomments_randomized
2af2b80ea6_1d32058e44fafd7813e18fb8e09fe26a502cd10fe215311c__vs__9eea241261_223e9a6d7689ee2c8644de4c28c8721cc045034606cc942c_redline_3e6fa9fc43,clean/docx/2af2b80ea6_1d32058e44fafd7813e18fb8e09fe26a502cd10fe215311c,clean/docx/9eea241261_223e9a6d7689ee2c8644de4c28c8721cc045034606cc942c,tracking_without_comments/docx/2af2b80ea6_1d32058e44fafd7813e18fb8e09fe26a502cd10fe215311c__vs__9eea241261_223e9a6d7689ee2c8644de4c28c8721cc045034606cc942c_redline_3e6fa9fc43.docx,tracking_without_comments/pdf/2af2b80ea6_1d32058e44fafd7813e18fb8e09fe26a502cd10fe215311c__vs__9eea241261_223e9a6d7689ee2c8644de4c28c8721cc045034606cc942c_redline_3e6fa9fc43.pdf,tracking_without_comments,3e6fa9fc43,redlines_en_500
45e6f5a2e1_00077bf334f45f6bc64fb5b73e579587002b3ccb55de03f8__vs__5203829c7a_001cc92b88566d5f930fe57f25813c0bf52a7bdc72c217d0_redline_3ede38be2a,clean/docx/45e6f5a2e1_00077bf334f45f6bc64fb5b73e579587002b3ccb55de03f8,clean/docx/5203829c7a_001cc92b88566d5f930fe57f25813c0bf52a7bdc72c217d0,tracking_without_comments/docx/45e6f5a2e1_00077bf334f45f6bc64fb5b73e579587002b3ccb55de03f8__vs__5203829c7a_001cc92b88566d5f930fe57f25813c0bf52a7bdc72c217d0_redline_3ede38be2a.docx,tracking_without_comments/pdf/45e6f5a2e1_00077bf334f45f6bc64fb5b73e579587002b3ccb55de03f8__vs__5203829c7a_001cc92b88566d5f930fe57f25813c0bf52a7bdc72c217d0_redline_3ede38be2a.pdf,tracking_without_comments,3ede38be2a,redlines_a100_b10
60c3c050c6_c00fe1f6d7c5c568751881299d78a69acc28e9d91e359c17__vs__490dfc032d_9e81389b5ea7f1dbcfe83f68047563fd81eac85189d4da0f_redline_3f482c4ea6,tracking_without_comments/docx/60c3c050c6_c00fe1f6d7c5c568751881299d78a69acc28e9d91e359c17,clean/docx/490dfc032d_9e81389b5ea7f1dbcfe83f68047563fd81eac85189d4da0f,tracking_without_comments/docx/60c3c050c6_c00fe1f6d7c5c568751881299d78a69acc28e9d91e359c17__vs__490dfc032d_9e81389b5ea7f1dbcfe83f68047563fd81eac85189d4da0f_redline_3f482c4ea6.docx,tracking_without_comments/pdf/60c3c050c6_c00fe1f6d7c5c568751881299d78a69acc28e9d91e359c17__vs__490dfc032d_9e81389b5ea7f1dbcfe83f68047563fd81eac85189d4da0f_redline_3f482c4ea6.pdf,tracking_without_comments,3f482c4ea6,redlines_en_500
5b421850d5_super_editor__ooxml_strike_rstyle_linked_combos__vs__7e685cbab1_super_editor__ooxml_underline_rstyle_linked_comb_redline_3fab50f94a,clean/docx/5b421850d5_super_editor__ooxml_strike_rstyle_linked_combos,clean/docx/7e685cbab1_super_editor__ooxml_underline_rstyle_linked_comb,tracking_without_comments/docx/5b421850d5_super_editor__ooxml_strike_rstyle_linked_combos__vs__7e685cbab1_super_editor__ooxml_underline_rstyle_linked_comb_redline_3fab50f94a.docx,tracking_without_comments/pdf/5b421850d5_super_editor__ooxml_strike_rstyle_linked_combos__vs__7e685cbab1_super_editor__ooxml_underline_rstyle_linked_comb_redline_3fab50f94a.pdf,tracking_without_comments,3fab50f94a,word_redlines_superdoc
2936af4459_super_editor__sd_1480_two_col_tab_positions_0095__vs__ced58cbf54_super_editor__sd_1494_table_left_indent_03277d35_redline_40173d334a,clean/docx/2936af4459_super_editor__sd_1480_two_col_tab_positions_0095,clean/docx/ced58cbf54_super_editor__sd_1494_table_left_indent_03277d35,tracking_without_comments/docx/2936af4459_super_editor__sd_1480_two_col_tab_positions_0095__vs__ced58cbf54_super_editor__sd_1494_table_left_indent_03277d35_redline_40173d334a.docx,tracking_without_comments/pdf/2936af4459_super_editor__sd_1480_two_col_tab_positions_0095__vs__ced58cbf54_super_editor__sd_1494_table_left_indent_03277d35_redline_40173d334a.pdf,tracking_without_comments,40173d334a,word_redlines_superdoc
b7e861f912_7fa572e344a643f2f76373d2c7c396b71a55672d89ee2010__vs__d8148162b6_f86a383f7306a466de22b2fa5a191810e95d3a81bc42e74a_redline_410b10cd2e,clean/docx/b7e861f912_7fa572e344a643f2f76373d2c7c396b71a55672d89ee2010,clean/docx/d8148162b6_f86a383f7306a466de22b2fa5a191810e95d3a81bc42e74a,tracking_without_comments/docx/b7e861f912_7fa572e344a643f2f76373d2c7c396b71a55672d89ee2010__vs__d8148162b6_f86a383f7306a466de22b2fa5a191810e95d3a81bc42e74a_redline_410b10cd2e.docx,tracking_without_comments/pdf/b7e861f912_7fa572e344a643f2f76373d2c7c396b71a55672d89ee2010__vs__d8148162b6_f86a383f7306a466de22b2fa5a191810e95d3a81bc42e74a_redline_410b10cd2e.pdf,tracking_without_comments,410b10cd2e,redlines_en_500
67f36b7c3b_01ab5a08b40efea85cdb05eaeb80d99a6f24a28deebb2082__vs__3f65366367_02bbb0b7fc1f4308c677b31b6849e7ed871b5aadfad13394_redline_41e30e714b,clean/docx/67f36b7c3b_01ab5a08b40efea85cdb05eaeb80d99a6f24a28deebb2082,clean/docx/3f65366367_02bbb0b7fc1f4308c677b31b6849e7ed871b5aadfad13394,tracking_without_comments/docx/67f36b7c3b_01ab5a08b40efea85cdb05eaeb80d99a6f24a28deebb2082__vs__3f65366367_02bbb0b7fc1f4308c677b31b6849e7ed871b5aadfad13394_redline_41e30e714b.docx,tracking_without_comments/pdf/67f36b7c3b_01ab5a08b40efea85cdb05eaeb80d99a6f24a28deebb2082__vs__3f65366367_02bbb0b7fc1f4308c677b31b6849e7ed871b5aadfad13394_redline_41e30e714b.pdf,tracking_without_comments,41e30e714b,redlines_en_500
f7ece685ff_behavior__math_limit_tests_6dc07867__vs__6c0ad6c8ef_behavior__math_matrix_tests_a3b17e15_redline_4256a31075,clean/docx/f7ece685ff_behavior__math_limit_tests_6dc07867,clean/docx/6c0ad6c8ef_behavior__math_matrix_tests_a3b17e15,tracking_without_comments/docx/f7ece685ff_behavior__math_limit_tests_6dc07867__vs__6c0ad6c8ef_behavior__math_matrix_tests_a3b17e15_redline_4256a31075.docx,tracking_without_comments/pdf/f7ece685ff_behavior__math_limit_tests_6dc07867__vs__6c0ad6c8ef_behavior__math_matrix_tests_a3b17e15_redline_4256a31075.pdf,tracking_without_comments,4256a31075,word_redlines_superdoc_0926
3ee2d0ceda_00026ef6a227eca724d9cd35f12e3065557a9ef0dc7ee295__vs__5203829c7a_001cc92b88566d5f930fe57f25813c0bf52a7bdc72c217d0_redline_42a3eff631,clean/docx/3ee2d0ceda_00026ef6a227eca724d9cd35f12e3065557a9ef0dc7ee295,clean/docx/5203829c7a_001cc92b88566d5f930fe57f25813c0bf52a7bdc72c217d0,tracking_without_comments/docx/3ee2d0ceda_00026ef6a227eca724d9cd35f12e3065557a9ef0dc7ee295__vs__5203829c7a_001cc92b88566d5f930fe57f25813c0bf52a7bdc72c217d0_redline_42a3eff631.docx,tracking_without_comments/pdf/3ee2d0ceda_00026ef6a227eca724d9cd35f12e3065557a9ef0dc7ee295__vs__5203829c7a_001cc92b88566d5f930fe57f25813c0bf52a7bdc72c217d0_redline_42a3eff631.pdf,tracking_without_comments,42a3eff631,redlines_a100_b10
8f0ef1c2a6_center_alignment_demo_id_paraid_overflow__vs__5cffc4ccab_center_bold_demo_id_paraid_overflow_redline_432cdb12eb,clean/docx/8f0ef1c2a6_center_alignment_demo_id_paraid_overflow,clean/docx/5cffc4ccab_center_bold_demo_id_paraid_overflow,tracking_without_comments/docx/8f0ef1c2a6_center_alignment_demo_id_paraid_overflow__vs__5cffc4ccab_center_bold_demo_id_paraid_overflow_redline_432cdb12eb.docx,tracking_without_comments/pdf/8f0ef1c2a6_center_alignment_demo_id_paraid_overflow__vs__5cffc4ccab_center_bold_demo_id_paraid_overflow_redline_432cdb12eb.pdf,tracking_without_comments,432cdb12eb,nocomments
382497a0a8_super_editor__python_docx_comment_test_501f21cb__vs__3d8acd6139_super_editor__restart_numbering_sub_list_85ddcb7_redline_43aedaf43e,with_comments_clean/docx/382497a0a8_super_editor__python_docx_comment_test_501f21cb,clean/docx/3d8acd6139_super_editor__restart_numbering_sub_list_85ddcb7,with_comments_tracking/docx/382497a0a8_super_editor__python_docx_comment_test_501f21cb__vs__3d8acd6139_super_editor__restart_numbering_sub_list_85ddcb7_redline_43aedaf43e.docx,with_comments_tracking/pdf/382497a0a8_super_editor__python_docx_comment_test_501f21cb__vs__3d8acd6139_super_editor__restart_numbering_sub_list_85ddcb7_redline_43aedaf43e.pdf,with_comments_tracking,43aedaf43e,word_redlines_superdoc_0926
2ba392cdd2_super_editor__broken_list_missing_items_36b4199e__vs__97b2e714de_super_editor__broken_list_7e9b9bf7_redline_443c2cc494,clean/docx/2ba392cdd2_super_editor__broken_list_missing_items_36b4199e,clean/docx/97b2e714de_super_editor__broken_list_7e9b9bf7,tracking_without_comments/docx/2ba392cdd2_super_editor__broken_list_missing_items_36b4199e__vs__97b2e714de_super_editor__broken_list_7e9b9bf7_redline_443c2cc494.docx,tracking_without_comments/pdf/2ba392cdd2_super_editor__broken_list_missing_items_36b4199e__vs__97b2e714de_super_editor__broken_list_7e9b9bf7_redline_443c2cc494.pdf,tracking_without_comments,443c2cc494,word_redlines_superdoc
051e6da4f6_695660901996dceb7738cd59463a3cf5fba39c900ac811ea__vs__607dfd7780_d35af86412a3069ff85d1f291749e133590999482334275a_redline_4548a5e33f,clean/docx/051e6da4f6_695660901996dceb7738cd59463a3cf5fba39c900ac811ea,clean/docx/607dfd7780_d35af86412a3069ff85d1f291749e133590999482334275a,tracking_without_comments/docx/051e6da4f6_695660901996dceb7738cd59463a3cf5fba39c900ac811ea__vs__607dfd7780_d35af86412a3069ff85d1f291749e133590999482334275a_redline_4548a5e33f.docx,tracking_without_comments/pdf/051e6da4f6_695660901996dceb7738cd59463a3cf5fba39c900ac811ea__vs__607dfd7780_d35af86412a3069ff85d1f291749e133590999482334275a_redline_4548a5e33f.pdf,tracking_without_comments,4548a5e33f,redlines_en_500
849eefdb7e_7429fdae0db732bd2f2dbd382964e22d8200733591aa421d__vs__67555165fa_5aaa1b479afe01ccd8430417730f6ce91d16f00d01314895_redline_4699b416f2,clean/docx/849eefdb7e_7429fdae0db732bd2f2dbd382964e22d8200733591aa421d,clean/docx/67555165fa_5aaa1b479afe01ccd8430417730f6ce91d16f00d01314895,tracking_without_comments/docx/849eefdb7e_7429fdae0db732bd2f2dbd382964e22d8200733591aa421d__vs__67555165fa_5aaa1b479afe01ccd8430417730f6ce91d16f00d01314895_redline_4699b416f2.docx,tracking_without_comments/pdf/849eefdb7e_7429fdae0db732bd2f2dbd382964e22d8200733591aa421d__vs__67555165fa_5aaa1b479afe01ccd8430417730f6ce91d16f00d01314895_redline_4699b416f2.pdf,tracking_without_comments,4699b416f2,redlines_en_500
2ba392cdd2_super_editor__broken_list_missing_items_36b4199e__vs__ca44eef662_super_editor__list_spacer1_06383c66_redline_47595e5631,clean/docx/2ba392cdd2_super_editor__broken_list_missing_items_36b4199e,clean/docx/ca44eef662_super_editor__list_spacer1_06383c66,tracking_without_comments/docx/2ba392cdd2_super_editor__broken_list_missing_items_36b4199e__vs__ca44eef662_super_editor__list_spacer1_06383c66_redline_47595e5631.docx,tracking_without_comments/pdf/2ba392cdd2_super_editor__broken_list_missing_items_36b4199e__vs__ca44eef662_super_editor__list_spacer1_06383c66_redline_47595e5631.pdf,tracking_without_comments,47595e5631,word_redlines_superdoc
66dcec3e49_file_175__vs__8f47b1dc90_file_176_redline_485599b4e9,with_comments_tracking/docx/66dcec3e49_file_175,with_comments_tracking/docx/8f47b1dc90_file_176,with_comments_tracking/docx/66dcec3e49_file_175__vs__8f47b1dc90_file_176_redline_485599b4e9.docx,with_comments_tracking/pdf/66dcec3e49_file_175__vs__8f47b1dc90_file_176_redline_485599b4e9.pdf,with_comments_tracking,485599b4e9,word_based_randomized_0926
279abea8ce_super_editor__h_f_normal_odd_even_firstpg_9b210d__vs__199cb211b5_super_editor__basic_footnotes_5be96945_redline_48ef0a5cd7,clean/docx/279abea8ce_super_editor__h_f_normal_odd_even_firstpg_9b210d,clean/docx/199cb211b5_super_editor__basic_footnotes_5be96945,tracking_without_comments/docx/279abea8ce_super_editor__h_f_normal_odd_even_firstpg_9b210d__vs__199cb211b5_super_editor__basic_footnotes_5be96945_redline_48ef0a5cd7.docx,tracking_without_comments/pdf/279abea8ce_super_editor__h_f_normal_odd_even_firstpg_9b210d__vs__199cb211b5_super_editor__basic_footnotes_5be96945_redline_48ef0a5cd7.pdf,tracking_without_comments,48ef0a5cd7,word_redlines_superdoc_0926
fb7e0f5c32_a908db22eafe0ddc365cd09429341464706ffb6d315fe03a__vs__8adb5d2b90_a5de68536253cfefa979b7c78ccbfd2f4d1316632aedf7c9_redline_496b13e942,clean/docx/fb7e0f5c32_a908db22eafe0ddc365cd09429341464706ffb6d315fe03a,clean/docx/8adb5d2b90_a5de68536253cfefa979b7c78ccbfd2f4d1316632aedf7c9,tracking_without_comments/docx/fb7e0f5c32_a908db22eafe0ddc365cd09429341464706ffb6d315fe03a__vs__8adb5d2b90_a5de68536253cfefa979b7c78ccbfd2f4d1316632aedf7c9_redline_496b13e942.docx,tracking_without_comments/pdf/fb7e0f5c32_a908db22eafe0ddc365cd09429341464706ffb6d315fe03a__vs__8adb5d2b90_a5de68536253cfefa979b7c78ccbfd2f4d1316632aedf7c9_redline_496b13e942.pdf,tracking_without_comments,496b13e942,redlines_en_500
fd4aefa551_file_144__vs__a1f5212957_file_145_redline_4a05dab534,clean/docx/fd4aefa551_file_144,clean/docx/a1f5212957_file_145,tracking_without_comments/docx/fd4aefa551_file_144__vs__a1f5212957_file_145_redline_4a05dab534.docx,tracking_without_comments/pdf/fd4aefa551_file_144__vs__a1f5212957_file_145_redline_4a05dab534.pdf,tracking_without_comments,4a05dab534,nocomments_randomized
159d00085d_super_editor__sd_1919_word_simple_e3a4a818__vs__f49b3b0ec2_super_editor__sd_1919_word_table_74726d6c_redline_4aec2edb0d,clean/docx/159d00085d_super_editor__sd_1919_word_simple_e3a4a818,clean/docx/f49b3b0ec2_super_editor__sd_1919_word_table_74726d6c,tracking_without_comments/docx/159d00085d_super_editor__sd_1919_word_simple_e3a4a818__vs__f49b3b0ec2_super_editor__sd_1919_word_table_74726d6c_redline_4aec2edb0d.docx,tracking_without_comments/pdf/159d00085d_super_editor__sd_1919_word_simple_e3a4a818__vs__f49b3b0ec2_super_editor__sd_1919_word_table_74726d6c_redline_4aec2edb0d.pdf,tracking_without_comments,4aec2edb0d,word_redlines_superdoc
e1c745d784_008243ee20adecbf2ae39c9e6809b022076aa166a4a4f9ec__vs__aa5340125d_00a4b0b91e9b5b072dc3771391c2d608518690eccf44eae8_redline_4b8e914996,clean/docx/e1c745d784_008243ee20adecbf2ae39c9e6809b022076aa166a4a4f9ec,clean/docx/aa5340125d_00a4b0b91e9b5b072dc3771391c2d608518690eccf44eae8,tracking_without_comments/docx/e1c745d784_008243ee20adecbf2ae39c9e6809b022076aa166a4a4f9ec__vs__aa5340125d_00a4b0b91e9b5b072dc3771391c2d608518690eccf44eae8_redline_4b8e914996.docx,tracking_without_comments/pdf/e1c745d784_008243ee20adecbf2ae39c9e6809b022076aa166a4a4f9ec__vs__aa5340125d_00a4b0b91e9b5b072dc3771391c2d608518690eccf44eae8_redline_4b8e914996.pdf,tracking_without_comments,4b8e914996,redlines_a100_b10
4ade5f9207_009df71a7ecb41f9da0135915e2e4d68176e296ff69c9af0__vs__a5f2b9318d_002aa60c2ae1187417b4b157c5ec6450324cc056ec551a12_redline_4ca3f73206,clean/docx/4ade5f9207_009df71a7ecb41f9da0135915e2e4d68176e296ff69c9af0,clean/docx/a5f2b9318d_002aa60c2ae1187417b4b157c5ec6450324cc056ec551a12,tracking_without_comments/docx/4ade5f9207_009df71a7ecb41f9da0135915e2e4d68176e296ff69c9af0__vs__a5f2b9318d_002aa60c2ae1187417b4b157c5ec6450324cc056ec551a12_redline_4ca3f73206.docx,tracking_without_comments/pdf/4ade5f9207_009df71a7ecb41f9da0135915e2e4d68176e296ff69c9af0__vs__a5f2b9318d_002aa60c2ae1187417b4b157c5ec6450324cc056ec551a12_redline_4ca3f73206.pdf,tracking_without_comments,4ca3f73206,redlines_a100_b10
de3c6fded9_super_editor__doc_with_spacing_e3d47bd7__vs__de8054b3bc_super_editor__image_p_spacing_9b211fd7_redline_4cfbb558a3,clean/docx/de3c6fded9_super_editor__doc_with_spacing_e3d47bd7,clean/docx/de8054b3bc_super_editor__image_p_spacing_9b211fd7,tracking_without_comments/docx/de3c6fded9_super_editor__doc_with_spacing_e3d47bd7__vs__de8054b3bc_super_editor__image_p_spacing_9b211fd7_redline_4cfbb558a3.docx,tracking_without_comments/pdf/de3c6fded9_super_editor__doc_with_spacing_e3d47bd7__vs__de8054b3bc_super_editor__image_p_spacing_9b211fd7_redline_4cfbb558a3.pdf,tracking_without_comments,4cfbb558a3,word_redlines_superdoc_0926
9c6ebd430d_file_185__vs__154fce3ec8_file_186_redline_4d40d1f136,with_comments_tracking/docx/9c6ebd430d_file_185,clean/docx/154fce3ec8_file_186,with_comments_tracking/docx/9c6ebd430d_file_185__vs__154fce3ec8_file_186_redline_4d40d1f136.docx,with_comments_tracking/pdf/9c6ebd430d_file_185__vs__154fce3ec8_file_186_redline_4d40d1f136.pdf,with_comments_tracking,4d40d1f136,word_based_randomized_0926
75b13139d1_01424129e67ac16566c504bbb091d985cb6316a08abf5730__vs__2e04202552_000e3e7bd2d6215fc7b469cc3e296c1b2a510bc1abc7e0fd_redline_4db23095b1,clean/docx/75b13139d1_01424129e67ac16566c504bbb091d985cb6316a08abf5730,clean/docx/2e04202552_000e3e7bd2d6215fc7b469cc3e296c1b2a510bc1abc7e0fd,tracking_without_comments/docx/75b13139d1_01424129e67ac16566c504bbb091d985cb6316a08abf5730__vs__2e04202552_000e3e7bd2d6215fc7b469cc3e296c1b2a510bc1abc7e0fd_redline_4db23095b1.docx,tracking_without_comments/pdf/75b13139d1_01424129e67ac16566c504bbb091d985cb6316a08abf5730__vs__2e04202552_000e3e7bd2d6215fc7b469cc3e296c1b2a510bc1abc7e0fd_redline_4db23095b1.pdf,tracking_without_comments,4db23095b1,redlines_a100_b10
9149dccd33_file_113__vs__eeec3949fe_file_114_redline_4ed68831f1,clean/docx/9149dccd33_file_113,clean/docx/eeec3949fe_file_114,tracking_without_comments/docx/9149dccd33_file_113__vs__eeec3949fe_file_114_redline_4ed68831f1.docx,tracking_without_comments/pdf/9149dccd33_file_113__vs__eeec3949fe_file_114_redline_4ed68831f1.pdf,tracking_without_comments,4ed68831f1,nocomments_randomized
8e362f619c_001a1c8e7a7ce5a802479fb58bf4affd239449ecb33b64ec__vs__a5f2b9318d_002aa60c2ae1187417b4b157c5ec6450324cc056ec551a12_redline_4f964d209a,clean/docx/8e362f619c_001a1c8e7a7ce5a802479fb58bf4affd239449ecb33b64ec,clean/docx/a5f2b9318d_002aa60c2ae1187417b4b157c5ec6450324cc056ec551a12,tracking_without_comments/docx/8e362f619c_001a1c8e7a7ce5a802479fb58bf4affd239449ecb33b64ec__vs__a5f2b9318d_002aa60c2ae1187417b4b157c5ec6450324cc056ec551a12_redline_4f964d209a.docx,tracking_without_comments/pdf/8e362f619c_001a1c8e7a7ce5a802479fb58bf4affd239449ecb33b64ec__vs__a5f2b9318d_002aa60c2ae1187417b4b157c5ec6450324cc056ec551a12_redline_4f964d209a.pdf,tracking_without_comments,4f964d209a,redlines_a100_b10
f8ecf81d8b_font_size_demo_id_paraid_overflow__vs__64bdd3aded_footnotes_sample_redline_50108f87c5,clean/docx/f8ecf81d8b_font_size_demo_id_paraid_overflow,clean/docx/64bdd3aded_footnotes_sample,tracking_without_comments/docx/f8ecf81d8b_font_size_demo_id_paraid_overflow__vs__64bdd3aded_footnotes_sample_redline_50108f87c5.docx,tracking_without_comments/pdf/f8ecf81d8b_font_size_demo_id_paraid_overflow__vs__64bdd3aded_footnotes_sample_redline_50108f87c5.pdf,tracking_without_comments,50108f87c5,word_based_0926
7ca240e30d_4768dab6c717b14ead11ffd66e79b78d4634db5933c80909__vs__a26d1d04ee_cb0d0e6f87f3222263b8376dac9a147350313b4d8ddf4ece_redline_50deed1157,clean/docx/7ca240e30d_4768dab6c717b14ead11ffd66e79b78d4634db5933c80909,clean/docx/a26d1d04ee_cb0d0e6f87f3222263b8376dac9a147350313b4d8ddf4ece,tracking_without_comments/docx/7ca240e30d_4768dab6c717b14ead11ffd66e79b78d4634db5933c80909__vs__a26d1d04ee_cb0d0e6f87f3222263b8376dac9a147350313b4d8ddf4ece_redline_50deed1157.docx,tracking_without_comments/pdf/7ca240e30d_4768dab6c717b14ead11ffd66e79b78d4634db5933c80909__vs__a26d1d04ee_cb0d0e6f87f3222263b8376dac9a147350313b4d8ddf4ece_redline_50deed1157.pdf,tracking_without_comments,50deed1157,redlines_en_500
c4c962aa85_file_106__vs__e2c5596170_file_107_redline_51890e0328,clean/docx/c4c962aa85_file_106,clean/docx/e2c5596170_file_107,tracking_without_comments/docx/c4c962aa85_file_106__vs__e2c5596170_file_107_redline_51890e0328.docx,tracking_without_comments/pdf/c4c962aa85_file_106__vs__e2c5596170_file_107_redline_51890e0328.pdf,tracking_without_comments,51890e0328,nocomments_randomized
ba54aaab82_super_editor__ooxml_italic_rstyle_combos_demo_90__vs__ee61fb4ab3_super_editor__base_ordered_fdff1fb2_redline_51da0c6905,clean/docx/ba54aaab82_super_editor__ooxml_italic_rstyle_combos_demo_90,clean/docx/ee61fb4ab3_super_editor__base_ordered_fdff1fb2,tracking_without_comments/docx/ba54aaab82_super_editor__ooxml_italic_rstyle_combos_demo_90__vs__ee61fb4ab3_super_editor__base_ordered_fdff1fb2_redline_51da0c6905.docx,tracking_without_comments/pdf/ba54aaab82_super_editor__ooxml_italic_rstyle_combos_demo_90__vs__ee61fb4ab3_super_editor__base_ordered_fdff1fb2_redline_51da0c6905.pdf,tracking_without_comments,51da0c6905,word_redlines_superdoc_0926
91440900a0_00189e19139f6e3031303e4152566a7bc08fab71a5c95895__vs__bd3824dd1e_000ee64ef7226d353297888f59a251e24ce5d776fea000fa_redline_526a7a8bba,clean/docx/91440900a0_00189e19139f6e3031303e4152566a7bc08fab71a5c95895,clean/docx/bd3824dd1e_000ee64ef7226d353297888f59a251e24ce5d776fea000fa,tracking_without_comments/docx/91440900a0_00189e19139f6e3031303e4152566a7bc08fab71a5c95895__vs__bd3824dd1e_000ee64ef7226d353297888f59a251e24ce5d776fea000fa_redline_526a7a8bba.docx,tracking_without_comments/pdf/91440900a0_00189e19139f6e3031303e4152566a7bc08fab71a5c95895__vs__bd3824dd1e_000ee64ef7226d353297888f59a251e24ce5d776fea000fa_redline_526a7a8bba.pdf,tracking_without_comments,526a7a8bba,redlines_a100_b10
725cdbebe3_0013892c946c551d309fcec9bb3f3500fc08bc77121a3849__vs__333bfe069a_003416d620331122b93b434dad901db5836f60d2cad4b533_redline_52ee8bfbc7,clean/docx/725cdbebe3_0013892c946c551d309fcec9bb3f3500fc08bc77121a3849,clean/docx/333bfe069a_003416d620331122b93b434dad901db5836f60d2cad4b533,tracking_without_comments/docx/725cdbebe3_0013892c946c551d309fcec9bb3f3500fc08bc77121a3849__vs__333bfe069a_003416d620331122b93b434dad901db5836f60d2cad4b533_redline_52ee8bfbc7.docx,tracking_without_comments/pdf/725cdbebe3_0013892c946c551d309fcec9bb3f3500fc08bc77121a3849__vs__333bfe069a_003416d620331122b93b434dad901db5836f60d2cad4b533_redline_52ee8bfbc7.pdf,tracking_without_comments,52ee8bfbc7,redlines_a100_b10
fdb2976d19_01415d08f6d1a428e6949533adcd6249cf25676d98d0b78c__vs__5203829c7a_001cc92b88566d5f930fe57f25813c0bf52a7bdc72c217d0_redline_53547c0ecb,clean/docx/fdb2976d19_01415d08f6d1a428e6949533adcd6249cf25676d98d0b78c,clean/docx/5203829c7a_001cc92b88566d5f930fe57f25813c0bf52a7bdc72c217d0,tracking_without_comments/docx/fdb2976d19_01415d08f6d1a428e6949533adcd6249cf25676d98d0b78c__vs__5203829c7a_001cc92b88566d5f930fe57f25813c0bf52a7bdc72c217d0_redline_53547c0ecb.docx,tracking_without_comments/pdf/fdb2976d19_01415d08f6d1a428e6949533adcd6249cf25676d98d0b78c__vs__5203829c7a_001cc92b88566d5f930fe57f25813c0bf52a7bdc72c217d0_redline_53547c0ecb.pdf,tracking_without_comments,53547c0ecb,redlines_a100_b10
0e9f510da4_verdana_font_demo_id_paraid_overflow_2__vs__89991e3aac_verdana_font_demo_id_paraid_overflow_redline_53f28f6b44,clean/docx/0e9f510da4_verdana_font_demo_id_paraid_overflow_2,clean/docx/89991e3aac_verdana_font_demo_id_paraid_overflow,tracking_without_comments/docx/0e9f510da4_verdana_font_demo_id_paraid_overflow_2__vs__89991e3aac_verdana_font_demo_id_paraid_overflow_redline_53f28f6b44.docx,tracking_without_comments/pdf/0e9f510da4_verdana_font_demo_id_paraid_overflow_2__vs__89991e3aac_verdana_font_demo_id_paraid_overflow_redline_53f28f6b44.pdf,tracking_without_comments,53f28f6b44,nocomments
7c87c9cd93_super_editor__complex_list_def_short_fde20a67__vs__5d17fd43a9_complex_style_attr_redline_5477ba61c5,clean/docx/7c87c9cd93_super_editor__complex_list_def_short_fde20a67,clean/docx/5d17fd43a9_complex_style_attr,tracking_without_comments/docx/7c87c9cd93_super_editor__complex_list_def_short_fde20a67__vs__5d17fd43a9_complex_style_attr_redline_5477ba61c5.docx,tracking_without_comments/pdf/7c87c9cd93_super_editor__complex_list_def_short_fde20a67__vs__5d17fd43a9_complex_style_attr_redline_5477ba61c5.pdf,tracking_without_comments,5477ba61c5,word_redlines_superdoc
5e8b43bd70_training_materials_onboarding_program_suggesting__vs__b7c9d27632_underline_text_demo_id_paraid_overflow_redline_55646200ab,tracking_without_comments/docx/5e8b43bd70_training_materials_onboarding_program_suggesting,clean/docx/b7c9d27632_underline_text_demo_id_paraid_overflow,tracking_without_comments/docx/5e8b43bd70_training_materials_onboarding_program_suggesting__vs__b7c9d27632_underline_text_demo_id_paraid_overflow_redline_55646200ab.docx,tracking_without_comments/pdf/5e8b43bd70_training_materials_onboarding_program_suggesting__vs__b7c9d27632_underline_text_demo_id_paraid_overflow_redline_55646200ab.pdf,tracking_without_comments,55646200ab,word_based_0926
1b9445becb_000516b844a100814a91ff4628bfc37fed6090074bfa22e1__vs__5203829c7a_001cc92b88566d5f930fe57f25813c0bf52a7bdc72c217d0_redline_55e3a1e2d3,clean/docx/1b9445becb_000516b844a100814a91ff4628bfc37fed6090074bfa22e1,clean/docx/5203829c7a_001cc92b88566d5f930fe57f25813c0bf52a7bdc72c217d0,tracking_without_comments/docx/1b9445becb_000516b844a100814a91ff4628bfc37fed6090074bfa22e1__vs__5203829c7a_001cc92b88566d5f930fe57f25813c0bf52a7bdc72c217d0_redline_55e3a1e2d3.docx,tracking_without_comments/pdf/1b9445becb_000516b844a100814a91ff4628bfc37fed6090074bfa22e1__vs__5203829c7a_001cc92b88566d5f930fe57f25813c0bf52a7bdc72c217d0_redline_55e3a1e2d3.pdf,tracking_without_comments,55e3a1e2d3,redlines_a100_b10
840f6a63da_file_4__vs__f141395e21_file_5_redline_56b5a067ab,clean/docx/840f6a63da_file_4,clean/docx/f141395e21_file_5,tracking_without_comments/docx/840f6a63da_file_4__vs__f141395e21_file_5_redline_56b5a067ab.docx,tracking_without_comments/pdf/840f6a63da_file_4__vs__f141395e21_file_5_redline_56b5a067ab.pdf,tracking_without_comments,56b5a067ab,nocomments_randomized
8db63962d9_super_editor__fields_attrs2_fonts_ebd792fb__vs__5c207ef361_super_editor__font_formatting_runs_8be3565a_redline_57cfa10f33,clean/docx/8db63962d9_super_editor__fields_attrs2_fonts_ebd792fb,with_comments_tracking/docx/5c207ef361_super_editor__font_formatting_runs_8be3565a,with_comments_tracking/docx/8db63962d9_super_editor__fields_attrs2_fonts_ebd792fb__vs__5c207ef361_super_editor__font_formatting_runs_8be3565a_redline_57cfa10f33.docx,with_comments_tracking/pdf/8db63962d9_super_editor__fields_attrs2_fonts_ebd792fb__vs__5c207ef361_super_editor__font_formatting_runs_8be3565a_redline_57cfa10f33.pdf,with_comments_tracking,57cfa10f33,word_redlines_superdoc
e54c9bd21f_aee15f6eb7a052860e1a38eeb505d1d72c95850f4d5a85c2__vs__07b195a037_9fbdf087319a56301a305e3a3d60bcb13fe85bb880a5f8c5_redline_5822db382e,clean/docx/e54c9bd21f_aee15f6eb7a052860e1a38eeb505d1d72c95850f4d5a85c2,clean/docx/07b195a037_9fbdf087319a56301a305e3a3d60bcb13fe85bb880a5f8c5,tracking_without_comments/docx/e54c9bd21f_aee15f6eb7a052860e1a38eeb505d1d72c95850f4d5a85c2__vs__07b195a037_9fbdf087319a56301a305e3a3d60bcb13fe85bb880a5f8c5_redline_5822db382e.docx,tracking_without_comments/pdf/e54c9bd21f_aee15f6eb7a052860e1a38eeb505d1d72c95850f4d5a85c2__vs__07b195a037_9fbdf087319a56301a305e3a3d60bcb13fe85bb880a5f8c5_redline_5822db382e.pdf,tracking_without_comments,5822db382e,redlines_en_500
94ed0def64_file_54__vs__5e1297a308_file_55_redline_58bfbb8b8d,clean/docx/94ed0def64_file_54,clean/docx/5e1297a308_file_55,tracking_without_comments/docx/94ed0def64_file_54__vs__5e1297a308_file_55_redline_58bfbb8b8d.docx,tracking_without_comments/pdf/94ed0def64_file_54__vs__5e1297a308_file_55_redline_58bfbb8b8d.pdf,tracking_without_comments,58bfbb8b8d,word_based_randomized
4ade5f9207_009df71a7ecb41f9da0135915e2e4d68176e296ff69c9af0__vs__bd3824dd1e_000ee64ef7226d353297888f59a251e24ce5d776fea000fa_redline_599789f1d9,clean/docx/4ade5f9207_009df71a7ecb41f9da0135915e2e4d68176e296ff69c9af0,clean/docx/bd3824dd1e_000ee64ef7226d353297888f59a251e24ce5d776fea000fa,tracking_without_comments/docx/4ade5f9207_009df71a7ecb41f9da0135915e2e4d68176e296ff69c9af0__vs__bd3824dd1e_000ee64ef7226d353297888f59a251e24ce5d776fea000fa_redline_599789f1d9.docx,tracking_without_comments/pdf/4ade5f9207_009df71a7ecb41f9da0135915e2e4d68176e296ff69c9af0__vs__bd3824dd1e_000ee64ef7226d353297888f59a251e24ce5d776fea000fa_redline_599789f1d9.pdf,tracking_without_comments,599789f1d9,redlines_a100_b10
735c372b41_super_editor__diff_after8_58e5c288__vs__75aeff4f58_super_editor__diff_after9_a9d4b4b0_redline_5a72b1ad9e,with_comments_tracking/docx/735c372b41_super_editor__diff_after8_58e5c288,clean/docx/75aeff4f58_super_editor__diff_after9_a9d4b4b0,with_comments_tracking/docx/735c372b41_super_editor__diff_after8_58e5c288__vs__75aeff4f58_super_editor__diff_after9_a9d4b4b0_redline_5a72b1ad9e.docx,with_comments_tracking/pdf/735c372b41_super_editor__diff_after8_58e5c288__vs__75aeff4f58_super_editor__diff_after9_a9d4b4b0_redline_5a72b1ad9e.pdf,with_comments_tracking,5a72b1ad9e,word_redlines_superdoc_0926
19eb128df9_98bf5f3d218a1485f5eb284693b4f98725eadd3660097efd__vs__9666fa13fb_a3701d3600ed5bf6c9bf13e12e4c2a59542eba10f87fad69_redline_5b269ade28,clean/docx/19eb128df9_98bf5f3d218a1485f5eb284693b4f98725eadd3660097efd,clean/docx/9666fa13fb_a3701d3600ed5bf6c9bf13e12e4c2a59542eba10f87fad69,tracking_without_comments/docx/19eb128df9_98bf5f3d218a1485f5eb284693b4f98725eadd3660097efd__vs__9666fa13fb_a3701d3600ed5bf6c9bf13e12e4c2a59542eba10f87fad69_redline_5b269ade28.docx,tracking_without_comments/pdf/19eb128df9_98bf5f3d218a1485f5eb284693b4f98725eadd3660097efd__vs__9666fa13fb_a3701d3600ed5bf6c9bf13e12e4c2a59542eba10f87fad69_redline_5b269ade28.pdf,tracking_without_comments,5b269ade28,redlines_en_500
2ad2fc5ab0_super_editor__diff_before10_2f84ca55__vs__432a12b1a9_behavior__word_native_bullet_square_da8bb73c_redline_5baa576488,clean/docx/2ad2fc5ab0_super_editor__diff_before10_2f84ca55,clean/docx/432a12b1a9_behavior__word_native_bullet_square_da8bb73c,tracking_without_comments/docx/2ad2fc5ab0_super_editor__diff_before10_2f84ca55__vs__432a12b1a9_behavior__word_native_bullet_square_da8bb73c_redline_5baa576488.docx,tracking_without_comments/pdf/2ad2fc5ab0_super_editor__diff_before10_2f84ca55__vs__432a12b1a9_behavior__word_native_bullet_square_da8bb73c_redline_5baa576488.pdf,tracking_without_comments,5baa576488,word_redlines_superdoc
eee49d9614_file_92__vs__5da4d924a9_file_93_redline_5cf568c0d6,clean/docx/eee49d9614_file_92,clean/docx/5da4d924a9_file_93,tracking_without_comments/docx/eee49d9614_file_92__vs__5da4d924a9_file_93_redline_5cf568c0d6.docx,tracking_without_comments/pdf/eee49d9614_file_92__vs__5da4d924a9_file_93_redline_5cf568c0d6.pdf,tracking_without_comments,5cf568c0d6,nocomments_randomized
5c9b05a33e_00587c7398e1a788e79e8da144019f60214b4ac572ea28a3__vs__1424386e9b_017447de83753a0e3b7afc659df038ef56972925336c6a5b_redline_5e03c1afd0,clean/docx/5c9b05a33e_00587c7398e1a788e79e8da144019f60214b4ac572ea28a3,clean/docx/1424386e9b_017447de83753a0e3b7afc659df038ef56972925336c6a5b,tracking_without_comments/docx/5c9b05a33e_00587c7398e1a788e79e8da144019f60214b4ac572ea28a3__vs__1424386e9b_017447de83753a0e3b7afc659df038ef56972925336c6a5b_redline_5e03c1afd0.docx,tracking_without_comments/pdf/5c9b05a33e_00587c7398e1a788e79e8da144019f60214b4ac572ea28a3__vs__1424386e9b_017447de83753a0e3b7afc659df038ef56972925336c6a5b_redline_5e03c1afd0.pdf,tracking_without_comments,5e03c1afd0,redlines_a100_b10
0a0b6470c3_00051beee50076d47db468069cab455933b72d9df9165e1f__vs__2773adf157_0004c94ca2a8684d47449bb0e7abf87de1df71a7e6543252_redline_5eadd8381f,clean/docx/0a0b6470c3_00051beee50076d47db468069cab455933b72d9df9165e1f,clean/docx/2773adf157_0004c94ca2a8684d47449bb0e7abf87de1df71a7e6543252,tracking_without_comments/docx/0a0b6470c3_00051beee50076d47db468069cab455933b72d9df9165e1f__vs__2773adf157_0004c94ca2a8684d47449bb0e7abf87de1df71a7e6543252_redline_5eadd8381f.docx,tracking_without_comments/pdf/0a0b6470c3_00051beee50076d47db468069cab455933b72d9df9165e1f__vs__2773adf157_0004c94ca2a8684d47449bb0e7abf87de1df71a7e6543252_redline_5eadd8381f.pdf,tracking_without_comments,5eadd8381f,redlines_a100_b10
c417943be1_002b4f4d8976804c283e6f90cc51f02c7fa5ca9027ffe491__vs__5203829c7a_001cc92b88566d5f930fe57f25813c0bf52a7bdc72c217d0_redline_5f69158474,clean/docx/c417943be1_002b4f4d8976804c283e6f90cc51f02c7fa5ca9027ffe491,clean/docx/5203829c7a_001cc92b88566d5f930fe57f25813c0bf52a7bdc72c217d0,tracking_without_comments/docx/c417943be1_002b4f4d8976804c283e6f90cc51f02c7fa5ca9027ffe491__vs__5203829c7a_001cc92b88566d5f930fe57f25813c0bf52a7bdc72c217d0_redline_5f69158474.docx,tracking_without_comments/pdf/c417943be1_002b4f4d8976804c283e6f90cc51f02c7fa5ca9027ffe491__vs__5203829c7a_001cc92b88566d5f930fe57f25813c0bf52a7bdc72c217d0_redline_5f69158474.pdf,tracking_without_comments,5f69158474,redlines_a100_b10
959f4d9de2_028835b08921a5c3463ef053f5d7446520259fb2f849bdfb__vs__9a2e6d1775_a516ed5d89084f64785eb87f90bf1109ff3d241bc7f6ff9a_redline_603384c725,clean/docx/959f4d9de2_028835b08921a5c3463ef053f5d7446520259fb2f849bdfb,clean/docx/9a2e6d1775_a516ed5d89084f64785eb87f90bf1109ff3d241bc7f6ff9a,tracking_without_comments/docx/959f4d9de2_028835b08921a5c3463ef053f5d7446520259fb2f849bdfb__vs__9a2e6d1775_a516ed5d89084f64785eb87f90bf1109ff3d241bc7f6ff9a_redline_603384c725.docx,tracking_without_comments/pdf/959f4d9de2_028835b08921a5c3463ef053f5d7446520259fb2f849bdfb__vs__9a2e6d1775_a516ed5d89084f64785eb87f90bf1109ff3d241bc7f6ff9a_redline_603384c725.pdf,tracking_without_comments,603384c725,redlines_en_500
87dc2ebfec_00ee07057c69b24e2be4bf1a2684792bf6141fdccc35d075__vs__a5f2b9318d_002aa60c2ae1187417b4b157c5ec6450324cc056ec551a12_redline_61283a9049,clean/docx/87dc2ebfec_00ee07057c69b24e2be4bf1a2684792bf6141fdccc35d075,clean/docx/a5f2b9318d_002aa60c2ae1187417b4b157c5ec6450324cc056ec551a12,tracking_without_comments/docx/87dc2ebfec_00ee07057c69b24e2be4bf1a2684792bf6141fdccc35d075__vs__a5f2b9318d_002aa60c2ae1187417b4b157c5ec6450324cc056ec551a12_redline_61283a9049.docx,tracking_without_comments/pdf/87dc2ebfec_00ee07057c69b24e2be4bf1a2684792bf6141fdccc35d075__vs__a5f2b9318d_002aa60c2ae1187417b4b157c5ec6450324cc056ec551a12_redline_61283a9049.pdf,tracking_without_comments,61283a9049,redlines_a100_b10
98c8b73841_0041d3944715c2fffc5929695f968e5f399e85b139fba063__vs__333bfe069a_003416d620331122b93b434dad901db5836f60d2cad4b533_redline_617e392832,clean/docx/98c8b73841_0041d3944715c2fffc5929695f968e5f399e85b139fba063,clean/docx/333bfe069a_003416d620331122b93b434dad901db5836f60d2cad4b533,tracking_without_comments/docx/98c8b73841_0041d3944715c2fffc5929695f968e5f399e85b139fba063__vs__333bfe069a_003416d620331122b93b434dad901db5836f60d2cad4b533_redline_617e392832.docx,tracking_without_comments/pdf/98c8b73841_0041d3944715c2fffc5929695f968e5f399e85b139fba063__vs__333bfe069a_003416d620331122b93b434dad901db5836f60d2cad4b533_redline_617e392832.pdf,tracking_without_comments,617e392832,redlines_a100_b10
8df6dfa8d7_alternate_content__vs__accec0538a_anchor_images_redline_6214092ea0,clean/docx/8df6dfa8d7_alternate_content,clean/docx/accec0538a_anchor_images,tracking_without_comments/docx/8df6dfa8d7_alternate_content__vs__accec0538a_anchor_images_redline_6214092ea0.docx,tracking_without_comments/pdf/8df6dfa8d7_alternate_content__vs__accec0538a_anchor_images_redline_6214092ea0.pdf,tracking_without_comments,6214092ea0,word_based;fixtures_word_compares
9e0990025d_ab2ba6df285c5028ab883fc37c7c79ee8738e9425ef98fdd__vs__d8a845238d_56a26572796fbc6d2df49d9b938ef980a763b004e1afff57_redline_62ea9c3e48,clean/docx/9e0990025d_ab2ba6df285c5028ab883fc37c7c79ee8738e9425ef98fdd,clean/docx/d8a845238d_56a26572796fbc6d2df49d9b938ef980a763b004e1afff57,tracking_without_comments/docx/9e0990025d_ab2ba6df285c5028ab883fc37c7c79ee8738e9425ef98fdd__vs__d8a845238d_56a26572796fbc6d2df49d9b938ef980a763b004e1afff57_redline_62ea9c3e48.docx,tracking_without_comments/pdf/9e0990025d_ab2ba6df285c5028ab883fc37c7c79ee8738e9425ef98fdd__vs__d8a845238d_56a26572796fbc6d2df49d9b938ef980a763b004e1afff57_redline_62ea9c3e48.pdf,tracking_without_comments,62ea9c3e48,redlines_en_500
82794f31ff_evals__basic_list_b4d9bb45__vs__45f61cfd4f_super_editor__sd_1495_auto_page_break_2_f0f3bf0e_redline_63aab221fa,clean/docx/82794f31ff_evals__basic_list_b4d9bb45,clean/docx/45f61cfd4f_super_editor__sd_1495_auto_page_break_2_f0f3bf0e,tracking_without_comments/docx/82794f31ff_evals__basic_list_b4d9bb45__vs__45f61cfd4f_super_editor__sd_1495_auto_page_break_2_f0f3bf0e_redline_63aab221fa.docx,tracking_without_comments/pdf/82794f31ff_evals__basic_list_b4d9bb45__vs__45f61cfd4f_super_editor__sd_1495_auto_page_break_2_f0f3bf0e_redline_63aab221fa.pdf,tracking_without_comments,63aab221fa,word_redlines_superdoc_0926
8cd372b814_0193e5015be906eb45df5f7b3ceb682c7ff53cb52f15a0bf__vs__333bfe069a_003416d620331122b93b434dad901db5836f60d2cad4b533_redline_642d34f1f7,clean/docx/8cd372b814_0193e5015be906eb45df5f7b3ceb682c7ff53cb52f15a0bf,clean/docx/333bfe069a_003416d620331122b93b434dad901db5836f60d2cad4b533,tracking_without_comments/docx/8cd372b814_0193e5015be906eb45df5f7b3ceb682c7ff53cb52f15a0bf__vs__333bfe069a_003416d620331122b93b434dad901db5836f60d2cad4b533_redline_642d34f1f7.docx,tracking_without_comments/pdf/8cd372b814_0193e5015be906eb45df5f7b3ceb682c7ff53cb52f15a0bf__vs__333bfe069a_003416d620331122b93b434dad901db5836f60d2cad4b533_redline_642d34f1f7.pdf,tracking_without_comments,642d34f1f7,redlines_a100_b10
79cb6b6c0f_behavior__word_native_bullet_disc_bfbeb2dd__vs__432a12b1a9_behavior__word_native_bullet_square_da8bb73c_redline_6514f51552,clean/docx/79cb6b6c0f_behavior__word_native_bullet_disc_bfbeb2dd,clean/docx/432a12b1a9_behavior__word_native_bullet_square_da8bb73c,tracking_without_comments/docx/79cb6b6c0f_behavior__word_native_bullet_disc_bfbeb2dd__vs__432a12b1a9_behavior__word_native_bullet_square_da8bb73c_redline_6514f51552.docx,tracking_without_comments/pdf/79cb6b6c0f_behavior__word_native_bullet_disc_bfbeb2dd__vs__432a12b1a9_behavior__word_native_bullet_square_da8bb73c_redline_6514f51552.pdf,tracking_without_comments,6514f51552,word_redlines_superdoc_0926
9333b7ab9b_customer_satisfaction_survey_q4_suggesting_inser__vs__7166fa4199_document_100_ultimate_demo_id_paraid_overflow_redline_65d959fe82,tracking_without_comments/docx/9333b7ab9b_customer_satisfaction_survey_q4_suggesting_inser,clean/docx/7166fa4199_document_100_ultimate_demo_id_paraid_overflow,tracking_without_comments/docx/9333b7ab9b_customer_satisfaction_survey_q4_suggesting_inser__vs__7166fa4199_document_100_ultimate_demo_id_paraid_overflow_redline_65d959fe82.docx,tracking_without_comments/pdf/9333b7ab9b_customer_satisfaction_survey_q4_suggesting_inser__vs__7166fa4199_document_100_ultimate_demo_id_paraid_overflow_redline_65d959fe82.pdf,tracking_without_comments,65d959fe82,word_based;fixtures_word_compares
28033140a2_quarterly_performance_report_table_2__vs__fa5b142e31_quarterly_performance_report_table_redline_666d0bdeb7,clean/docx/28033140a2_quarterly_performance_report_table_2,clean/docx/fa5b142e31_quarterly_performance_report_table,tracking_without_comments/docx/28033140a2_quarterly_performance_report_table_2__vs__fa5b142e31_quarterly_performance_report_table_redline_666d0bdeb7.docx,tracking_without_comments/pdf/28033140a2_quarterly_performance_report_table_2__vs__fa5b142e31_quarterly_performance_report_table_redline_666d0bdeb7.pdf,tracking_without_comments,666d0bdeb7,nocomments
22ccb1b200_super_editor__diff_after19_79c6b379__vs__dd6dbfb284_super_editor__diff_after2_fc1e0763_redline_6795141f5a,clean/docx/22ccb1b200_super_editor__diff_after19_79c6b379,clean/docx/dd6dbfb284_super_editor__diff_after2_fc1e0763,tracking_without_comments/docx/22ccb1b200_super_editor__diff_after19_79c6b379__vs__dd6dbfb284_super_editor__diff_after2_fc1e0763_redline_6795141f5a.docx,tracking_without_comments/pdf/22ccb1b200_super_editor__diff_after19_79c6b379__vs__dd6dbfb284_super_editor__diff_after2_fc1e0763_redline_6795141f5a.pdf,tracking_without_comments,6795141f5a,word_redlines_superdoc
1d137d70ee_005bf179b17b3d109d473d5bb10a968731ba985c4bff3743__vs__bd3824dd1e_000ee64ef7226d353297888f59a251e24ce5d776fea000fa_redline_684271b9c3,clean/docx/1d137d70ee_005bf179b17b3d109d473d5bb10a968731ba985c4bff3743,clean/docx/bd3824dd1e_000ee64ef7226d353297888f59a251e24ce5d776fea000fa,tracking_without_comments/docx/1d137d70ee_005bf179b17b3d109d473d5bb10a968731ba985c4bff3743__vs__bd3824dd1e_000ee64ef7226d353297888f59a251e24ce5d776fea000fa_redline_684271b9c3.docx,tracking_without_comments/pdf/1d137d70ee_005bf179b17b3d109d473d5bb10a968731ba985c4bff3743__vs__bd3824dd1e_000ee64ef7226d353297888f59a251e24ce5d776fea000fa_redline_684271b9c3.pdf,tracking_without_comments,684271b9c3,redlines_a100_b10
c6f9b1571d_red_bold_heading_demo_style_default_missing__vs__0332219534_red_bold_text_demo_id_paraid_overflow_redline_6944078218,clean/docx/c6f9b1571d_red_bold_heading_demo_style_default_missing,clean/docx/0332219534_red_bold_text_demo_id_paraid_overflow,tracking_without_comments/docx/c6f9b1571d_red_bold_heading_demo_style_default_missing__vs__0332219534_red_bold_text_demo_id_paraid_overflow_redline_6944078218.docx,tracking_without_comments/pdf/c6f9b1571d_red_bold_heading_demo_style_default_missing__vs__0332219534_red_bold_text_demo_id_paraid_overflow_redline_6944078218.pdf,tracking_without_comments,6944078218,nocomments
a9f3a3c647_file_72__vs__6b0acda259_file_73_redline_69f4a3843c,clean/docx/a9f3a3c647_file_72,clean/docx/6b0acda259_file_73,tracking_without_comments/docx/a9f3a3c647_file_72__vs__6b0acda259_file_73_redline_69f4a3843c.docx,tracking_without_comments/pdf/a9f3a3c647_file_72__vs__6b0acda259_file_73_redline_69f4a3843c.pdf,tracking_without_comments,69f4a3843c,word_based_randomized
2bc7b14af7_project_proposal_suggesting_insertions__vs__5e9c228f85_project_tasks_suggesting_insertions_2_redline_6ab418029e,tracking_without_comments/docx/2bc7b14af7_project_proposal_suggesting_insertions,tracking_without_comments/docx/5e9c228f85_project_tasks_suggesting_insertions_2,tracking_without_comments/docx/2bc7b14af7_project_proposal_suggesting_insertions__vs__5e9c228f85_project_tasks_suggesting_insertions_2_redline_6ab418029e.docx,tracking_without_comments/pdf/2bc7b14af7_project_proposal_suggesting_insertions__vs__5e9c228f85_project_tasks_suggesting_insertions_2_redline_6ab418029e.pdf,tracking_without_comments,6ab418029e,nocomments
a94950c122_file_118__vs__ff47bdeea8_file_119_redline_6b5e01e3a3,clean/docx/a94950c122_file_118,clean/docx/ff47bdeea8_file_119,tracking_without_comments/docx/a94950c122_file_118__vs__ff47bdeea8_file_119_redline_6b5e01e3a3.docx,tracking_without_comments/pdf/a94950c122_file_118__vs__ff47bdeea8_file_119_redline_6b5e01e3a3.pdf,tracking_without_comments,6b5e01e3a3,nocomments_randomized
1aa7a03758_004c43cb816aed2ca4b0d0adf6e2bb8f115182135f2b4b42__vs__2773adf157_0004c94ca2a8684d47449bb0e7abf87de1df71a7e6543252_redline_6b9012d707,clean/docx/1aa7a03758_004c43cb816aed2ca4b0d0adf6e2bb8f115182135f2b4b42,clean/docx/2773adf157_0004c94ca2a8684d47449bb0e7abf87de1df71a7e6543252,tracking_without_comments/docx/1aa7a03758_004c43cb816aed2ca4b0d0adf6e2bb8f115182135f2b4b42__vs__2773adf157_0004c94ca2a8684d47449bb0e7abf87de1df71a7e6543252_redline_6b9012d707.docx,tracking_without_comments/pdf/1aa7a03758_004c43cb816aed2ca4b0d0adf6e2bb8f115182135f2b4b42__vs__2773adf157_0004c94ca2a8684d47449bb0e7abf87de1df71a7e6543252_redline_6b9012d707.pdf,tracking_without_comments,6b9012d707,redlines_a100_b10
66e70631fb_file_188__vs__70584b4a0e_file_189_redline_6bf1e10a91,with_comments_tracking/docx/66e70631fb_file_188,clean/docx/70584b4a0e_file_189,with_comments_tracking/docx/66e70631fb_file_188__vs__70584b4a0e_file_189_redline_6bf1e10a91.docx,with_comments_tracking/pdf/66e70631fb_file_188__vs__70584b4a0e_file_189_redline_6bf1e10a91.pdf,with_comments_tracking,6bf1e10a91,word_based_randomized
52a93475ba_782587f67411866f3365a7ca1732a2fde50189c876b6d9a4__vs__8977e1c922_7672b472b406ac51ddf3a68e14bb0255c9e0f7f732c999c7_redline_6d0d0954dd,clean/docx/52a93475ba_782587f67411866f3365a7ca1732a2fde50189c876b6d9a4,clean/docx/8977e1c922_7672b472b406ac51ddf3a68e14bb0255c9e0f7f732c999c7,tracking_without_comments/docx/52a93475ba_782587f67411866f3365a7ca1732a2fde50189c876b6d9a4__vs__8977e1c922_7672b472b406ac51ddf3a68e14bb0255c9e0f7f732c999c7_redline_6d0d0954dd.docx,tracking_without_comments/pdf/52a93475ba_782587f67411866f3365a7ca1732a2fde50189c876b6d9a4__vs__8977e1c922_7672b472b406ac51ddf3a68e14bb0255c9e0f7f732c999c7_redline_6d0d0954dd.pdf,tracking_without_comments,6d0d0954dd,redlines_en_500
52220b20c3_00a54bff7e15af78fe7cfc20219c28cb208fde807bd28d44__vs__5203829c7a_001cc92b88566d5f930fe57f25813c0bf52a7bdc72c217d0_redline_6de20376e8,clean/docx/52220b20c3_00a54bff7e15af78fe7cfc20219c28cb208fde807bd28d44,clean/docx/5203829c7a_001cc92b88566d5f930fe57f25813c0bf52a7bdc72c217d0,tracking_without_comments/docx/52220b20c3_00a54bff7e15af78fe7cfc20219c28cb208fde807bd28d44__vs__5203829c7a_001cc92b88566d5f930fe57f25813c0bf52a7bdc72c217d0_redline_6de20376e8.docx,tracking_without_comments/pdf/52220b20c3_00a54bff7e15af78fe7cfc20219c28cb208fde807bd28d44__vs__5203829c7a_001cc92b88566d5f930fe57f25813c0bf52a7bdc72c217d0_redline_6de20376e8.pdf,tracking_without_comments,6de20376e8,redlines_a100_b10
9402f06dc1_file_190__vs__4bac537e7b_file_191_redline_6ed0c9374c,clean/docx/9402f06dc1_file_190,tracking_without_comments/docx/4bac537e7b_file_191,tracking_without_comments/docx/9402f06dc1_file_190__vs__4bac537e7b_file_191_redline_6ed0c9374c.docx,tracking_without_comments/pdf/9402f06dc1_file_190__vs__4bac537e7b_file_191_redline_6ed0c9374c.pdf,tracking_without_comments,6ed0c9374c,nocomments_randomized
c51843a182_super_editor__diff_after3_3f4fb6e8__vs__6c0ad6c8ef_behavior__math_matrix_tests_a3b17e15_redline_6f6e4ae3e8,clean/docx/c51843a182_super_editor__diff_after3_3f4fb6e8,clean/docx/6c0ad6c8ef_behavior__math_matrix_tests_a3b17e15,tracking_without_comments/docx/c51843a182_super_editor__diff_after3_3f4fb6e8__vs__6c0ad6c8ef_behavior__math_matrix_tests_a3b17e15_redline_6f6e4ae3e8.docx,tracking_without_comments/pdf/c51843a182_super_editor__diff_after3_3f4fb6e8__vs__6c0ad6c8ef_behavior__math_matrix_tests_a3b17e15_redline_6f6e4ae3e8.pdf,tracking_without_comments,6f6e4ae3e8,word_redlines_superdoc
95c855b9a0_001671bbb68c5b9ebebebfc8be69252ccc195babb3129278__vs__333bfe069a_003416d620331122b93b434dad901db5836f60d2cad4b533_redline_70375949bd,clean/docx/95c855b9a0_001671bbb68c5b9ebebebfc8be69252ccc195babb3129278,clean/docx/333bfe069a_003416d620331122b93b434dad901db5836f60d2cad4b533,tracking_without_comments/docx/95c855b9a0_001671bbb68c5b9ebebebfc8be69252ccc195babb3129278__vs__333bfe069a_003416d620331122b93b434dad901db5836f60d2cad4b533_redline_70375949bd.docx,tracking_without_comments/pdf/95c855b9a0_001671bbb68c5b9ebebebfc8be69252ccc195babb3129278__vs__333bfe069a_003416d620331122b93b434dad901db5836f60d2cad4b533_redline_70375949bd.pdf,tracking_without_comments,70375949bd,redlines_a100_b10
b937fc3f17_2d0296f261823beae379699470fe8f8a1a920baadc224b8f__vs__20c9b94017_02cdd23311ebde4cee2c47042daf87d29a5e4a46e459fc79_redline_70e5a6c7c8,clean/docx/b937fc3f17_2d0296f261823beae379699470fe8f8a1a920baadc224b8f,clean/docx/20c9b94017_02cdd23311ebde4cee2c47042daf87d29a5e4a46e459fc79,tracking_without_comments/docx/b937fc3f17_2d0296f261823beae379699470fe8f8a1a920baadc224b8f__vs__20c9b94017_02cdd23311ebde4cee2c47042daf87d29a5e4a46e459fc79_redline_70e5a6c7c8.docx,tracking_without_comments/pdf/b937fc3f17_2d0296f261823beae379699470fe8f8a1a920baadc224b8f__vs__20c9b94017_02cdd23311ebde4cee2c47042daf87d29a5e4a46e459fc79_redline_70e5a6c7c8.pdf,tracking_without_comments,70e5a6c7c8,redlines_en_500
ba3f04f252_sample_document_really_repaired_word_repaired__vs__d93f1dafca_sample_document_word_repair_of_our_output_iter2_redline_713774d8e1,with_comments_tracking/docx/ba3f04f252_sample_document_really_repaired_word_repaired,with_comments_tracking/docx/d93f1dafca_sample_document_word_repair_of_our_output_iter2,with_comments_tracking/docx/ba3f04f252_sample_document_really_repaired_word_repaired__vs__d93f1dafca_sample_document_word_repair_of_our_output_iter2_redline_713774d8e1.docx,with_comments_tracking/pdf/ba3f04f252_sample_document_really_repaired_word_repaired__vs__d93f1dafca_sample_document_word_repair_of_our_output_iter2_redline_713774d8e1.pdf,with_comments_tracking,713774d8e1,word_based
5add12cb1b_super_editor__msword_tracked_changes_4794adc4__vs__d776ad9be7_super_editor__multi_section_doc_080d2655_redline_72a7cae8b6,tracking_without_comments/docx/5add12cb1b_super_editor__msword_tracked_changes_4794adc4,clean/docx/d776ad9be7_super_editor__multi_section_doc_080d2655,tracking_without_comments/docx/5add12cb1b_super_editor__msword_tracked_changes_4794adc4__vs__d776ad9be7_super_editor__multi_section_doc_080d2655_redline_72a7cae8b6.docx,tracking_without_comments/pdf/5add12cb1b_super_editor__msword_tracked_changes_4794adc4__vs__d776ad9be7_super_editor__multi_section_doc_080d2655_redline_72a7cae8b6.pdf,tracking_without_comments,72a7cae8b6,word_redlines_superdoc
c4ee483519_tiff_image__vs__d0423646cd_times_new_roman_bold_id_paraid_overflow_redline_7321b254f7,clean/docx/c4ee483519_tiff_image,clean/docx/d0423646cd_times_new_roman_bold_id_paraid_overflow,tracking_without_comments/docx/c4ee483519_tiff_image__vs__d0423646cd_times_new_roman_bold_id_paraid_overflow_redline_7321b254f7.docx,tracking_without_comments/pdf/c4ee483519_tiff_image__vs__d0423646cd_times_new_roman_bold_id_paraid_overflow_redline_7321b254f7.pdf,tracking_without_comments,7321b254f7,word_based_0926
438e423482_track_changes_suggesting_italic_id_paraid_overfl__vs__9f56ca58a1_track_changes_suggesting_title_id_paraid_overflo_redline_73e6a51032,clean/docx/438e423482_track_changes_suggesting_italic_id_paraid_overfl,clean/docx/9f56ca58a1_track_changes_suggesting_title_id_paraid_overflo,tracking_without_comments/docx/438e423482_track_changes_suggesting_italic_id_paraid_overfl__vs__9f56ca58a1_track_changes_suggesting_title_id_paraid_overflo_redline_73e6a51032.docx,tracking_without_comments/pdf/438e423482_track_changes_suggesting_italic_id_paraid_overfl__vs__9f56ca58a1_track_changes_suggesting_title_id_paraid_overflo_redline_73e6a51032.pdf,tracking_without_comments,73e6a51032,word_based
12d245d664_9b100bdcf7bb34633c6e6f845b4ce3eae33d8a2096083e28__vs__c05043adc7_c237f28127c24437bbb8b4a83965a9db2c996d272f8e7736_redline_754a666443,clean/docx/12d245d664_9b100bdcf7bb34633c6e6f845b4ce3eae33d8a2096083e28,clean/docx/c05043adc7_c237f28127c24437bbb8b4a83965a9db2c996d272f8e7736,tracking_without_comments/docx/12d245d664_9b100bdcf7bb34633c6e6f845b4ce3eae33d8a2096083e28__vs__c05043adc7_c237f28127c24437bbb8b4a83965a9db2c996d272f8e7736_redline_754a666443.docx,tracking_without_comments/pdf/12d245d664_9b100bdcf7bb34633c6e6f845b4ce3eae33d8a2096083e28__vs__c05043adc7_c237f28127c24437bbb8b4a83965a9db2c996d272f8e7736_redline_754a666443.pdf,tracking_without_comments,754a666443,redlines_en_500
a21c45464c_super_editor__shape_group_ce60e1e6__vs__14211b982b_super_editor__simple_ordered_list_8288421a_redline_764c23f57d,clean/docx/a21c45464c_super_editor__shape_group_ce60e1e6,clean/docx/14211b982b_super_editor__simple_ordered_list_8288421a,tracking_without_comments/docx/a21c45464c_super_editor__shape_group_ce60e1e6__vs__14211b982b_super_editor__simple_ordered_list_8288421a_redline_764c23f57d.docx,tracking_without_comments/pdf/a21c45464c_super_editor__shape_group_ce60e1e6__vs__14211b982b_super_editor__simple_ordered_list_8288421a_redline_764c23f57d.pdf,tracking_without_comments,764c23f57d,word_redlines_superdoc
9be7e36de4_00c3fd2d23e8acf016f9b2fb44f4ee84789abc39c820e7ab__vs__342f364d46_001342333d45627868f4dc5282abbba4598a91b4a7584b08_redline_76bfb0dd55,clean/docx/9be7e36de4_00c3fd2d23e8acf016f9b2fb44f4ee84789abc39c820e7ab,clean/docx/342f364d46_001342333d45627868f4dc5282abbba4598a91b4a7584b08,tracking_without_comments/docx/9be7e36de4_00c3fd2d23e8acf016f9b2fb44f4ee84789abc39c820e7ab__vs__342f364d46_001342333d45627868f4dc5282abbba4598a91b4a7584b08_redline_76bfb0dd55.docx,tracking_without_comments/pdf/9be7e36de4_00c3fd2d23e8acf016f9b2fb44f4ee84789abc39c820e7ab__vs__342f364d46_001342333d45627868f4dc5282abbba4598a91b4a7584b08_redline_76bfb0dd55.pdf,tracking_without_comments,76bfb0dd55,redlines_a100_b10
bb9c5a8bd5_doc_api_stories__table_style_options_roundtrip_1__vs__22ccb1b200_super_editor__diff_after19_79c6b379_redline_77a6193e3e,clean/docx/bb9c5a8bd5_doc_api_stories__table_style_options_roundtrip_1,clean/docx/22ccb1b200_super_editor__diff_after19_79c6b379,tracking_without_comments/docx/bb9c5a8bd5_doc_api_stories__table_style_options_roundtrip_1__vs__22ccb1b200_super_editor__diff_after19_79c6b379_redline_77a6193e3e.docx,tracking_without_comments/pdf/bb9c5a8bd5_doc_api_stories__table_style_options_roundtrip_1__vs__22ccb1b200_super_editor__diff_after19_79c6b379_redline_77a6193e3e.pdf,tracking_without_comments,77a6193e3e,word_redlines_superdoc_0926
203c24d1e7_00cb988053156ab17763897a184a6655864f9c50f7ef2e53__vs__2e04202552_000e3e7bd2d6215fc7b469cc3e296c1b2a510bc1abc7e0fd_redline_787c63ea48,clean/docx/203c24d1e7_00cb988053156ab17763897a184a6655864f9c50f7ef2e53,clean/docx/2e04202552_000e3e7bd2d6215fc7b469cc3e296c1b2a510bc1abc7e0fd,tracking_without_comments/docx/203c24d1e7_00cb988053156ab17763897a184a6655864f9c50f7ef2e53__vs__2e04202552_000e3e7bd2d6215fc7b469cc3e296c1b2a510bc1abc7e0fd_redline_787c63ea48.docx,tracking_without_comments/pdf/203c24d1e7_00cb988053156ab17763897a184a6655864f9c50f7ef2e53__vs__2e04202552_000e3e7bd2d6215fc7b469cc3e296c1b2a510bc1abc7e0fd_redline_787c63ea48.pdf,tracking_without_comments,787c63ea48,redlines_a100_b10
f71a12ee23_super_editor__fields_attrs1_83837249__vs__3539cf2404_cli_legacy__replace_test_0a793f01_redline_7a1d3fbeba,clean/docx/f71a12ee23_super_editor__fields_attrs1_83837249,with_comments_tracking/docx/3539cf2404_cli_legacy__replace_test_0a793f01,with_comments_tracking/docx/f71a12ee23_super_editor__fields_attrs1_83837249__vs__3539cf2404_cli_legacy__replace_test_0a793f01_redline_7a1d3fbeba.docx,with_comments_tracking/pdf/f71a12ee23_super_editor__fields_attrs1_83837249__vs__3539cf2404_cli_legacy__replace_test_0a793f01_redline_7a1d3fbeba.pdf,with_comments_tracking,7a1d3fbeba,word_redlines_superdoc
0619bc1b1d_file_84__vs__fad179ac0c_file_85_redline_7a9bcc2478,clean/docx/0619bc1b1d_file_84,clean/docx/fad179ac0c_file_85,tracking_without_comments/docx/0619bc1b1d_file_84__vs__fad179ac0c_file_85_redline_7a9bcc2478.docx,tracking_without_comments/pdf/0619bc1b1d_file_84__vs__fad179ac0c_file_85_redline_7a9bcc2478.pdf,tracking_without_comments,7a9bcc2478,word_based_randomized
3ee2d0ceda_00026ef6a227eca724d9cd35f12e3065557a9ef0dc7ee295__vs__deff0e697a_00b5defcad6e58038eac35472a2d48c89905068e5ece0cc3_redline_7b886df4cf,clean/docx/3ee2d0ceda_00026ef6a227eca724d9cd35f12e3065557a9ef0dc7ee295,clean/docx/deff0e697a_00b5defcad6e58038eac35472a2d48c89905068e5ece0cc3,tracking_without_comments/docx/3ee2d0ceda_00026ef6a227eca724d9cd35f12e3065557a9ef0dc7ee295__vs__deff0e697a_00b5defcad6e58038eac35472a2d48c89905068e5ece0cc3_redline_7b886df4cf.docx,tracking_without_comments/pdf/3ee2d0ceda_00026ef6a227eca724d9cd35f12e3065557a9ef0dc7ee295__vs__deff0e697a_00b5defcad6e58038eac35472a2d48c89905068e5ece0cc3_redline_7b886df4cf.pdf,tracking_without_comments,7b886df4cf,redlines_a100_b10
68526de79b_file_77__vs__7476f5fbb1_file_78_redline_7cc19c9376,clean/docx/68526de79b_file_77,with_comments_tracking/docx/7476f5fbb1_file_78,with_comments_tracking/docx/68526de79b_file_77__vs__7476f5fbb1_file_78_redline_7cc19c9376.docx,with_comments_tracking/pdf/68526de79b_file_77__vs__7476f5fbb1_file_78_redline_7cc19c9376.pdf,with_comments_tracking,7cc19c9376,word_based_randomized_0926
2319b00645_1c99b5cdb9c11cdf122e0b9d4b5c54c8e162dd4a809e0c88__vs__aad76374be_89459f017bb4a18c06746c1355a41c84b8de0734d3d16edf_redline_7dd062b618,clean/docx/2319b00645_1c99b5cdb9c11cdf122e0b9d4b5c54c8e162dd4a809e0c88,clean/docx/aad76374be_89459f017bb4a18c06746c1355a41c84b8de0734d3d16edf,tracking_without_comments/docx/2319b00645_1c99b5cdb9c11cdf122e0b9d4b5c54c8e162dd4a809e0c88__vs__aad76374be_89459f017bb4a18c06746c1355a41c84b8de0734d3d16edf_redline_7dd062b618.docx,tracking_without_comments/pdf/2319b00645_1c99b5cdb9c11cdf122e0b9d4b5c54c8e162dd4a809e0c88__vs__aad76374be_89459f017bb4a18c06746c1355a41c84b8de0734d3d16edf_redline_7dd062b618.pdf,tracking_without_comments,7dd062b618,redlines_en_500
8433fa4770_30de75a79752c5eab370146e5e536aa3bdf71f7b95da6c96__vs__05adbdca35_1ba6810ea0cb5c0c94062533cef18bccb57ed3b4b4be7db9_redline_7edc10162c,clean/docx/8433fa4770_30de75a79752c5eab370146e5e536aa3bdf71f7b95da6c96,clean/docx/05adbdca35_1ba6810ea0cb5c0c94062533cef18bccb57ed3b4b4be7db9,tracking_without_comments/docx/8433fa4770_30de75a79752c5eab370146e5e536aa3bdf71f7b95da6c96__vs__05adbdca35_1ba6810ea0cb5c0c94062533cef18bccb57ed3b4b4be7db9_redline_7edc10162c.docx,tracking_without_comments/pdf/8433fa4770_30de75a79752c5eab370146e5e536aa3bdf71f7b95da6c96__vs__05adbdca35_1ba6810ea0cb5c0c94062533cef18bccb57ed3b4b4be7db9_redline_7edc10162c.pdf,tracking_without_comments,7edc10162c,redlines_en_500
11b2191269_420f0b01f06c299e7e80d98beabbff166bff5557bb243fac__vs__efb6fa347a_0959b735c3f194b3dca5232cf14fd3f2fe2f92525fcfc317_redline_7f4a817c2a,clean/docx/11b2191269_420f0b01f06c299e7e80d98beabbff166bff5557bb243fac,clean/docx/efb6fa347a_0959b735c3f194b3dca5232cf14fd3f2fe2f92525fcfc317,tracking_without_comments/docx/11b2191269_420f0b01f06c299e7e80d98beabbff166bff5557bb243fac__vs__efb6fa347a_0959b735c3f194b3dca5232cf14fd3f2fe2f92525fcfc317_redline_7f4a817c2a.docx,tracking_without_comments/pdf/11b2191269_420f0b01f06c299e7e80d98beabbff166bff5557bb243fac__vs__efb6fa347a_0959b735c3f194b3dca5232cf14fd3f2fe2f92525fcfc317_redline_7f4a817c2a.pdf,tracking_without_comments,7f4a817c2a,redlines_en_500
e4ccea1362_mcdoc__vs__4d1c5d66f9_meeting_agenda_table_2_redline_8029bc78c5,clean/docx/e4ccea1362_mcdoc,clean/docx/4d1c5d66f9_meeting_agenda_table_2,tracking_without_comments/docx/e4ccea1362_mcdoc__vs__4d1c5d66f9_meeting_agenda_table_2_redline_8029bc78c5.docx,tracking_without_comments/pdf/e4ccea1362_mcdoc__vs__4d1c5d66f9_meeting_agenda_table_2_redline_8029bc78c5.pdf,tracking_without_comments,8029bc78c5,nocomments
bc514b554e_00d979c97e42f03faff5f49e2a7dfa9afd30996214602e19__vs__342f364d46_001342333d45627868f4dc5282abbba4598a91b4a7584b08_redline_80f2309cfd,clean/docx/bc514b554e_00d979c97e42f03faff5f49e2a7dfa9afd30996214602e19,clean/docx/342f364d46_001342333d45627868f4dc5282abbba4598a91b4a7584b08,tracking_without_comments/docx/bc514b554e_00d979c97e42f03faff5f49e2a7dfa9afd30996214602e19__vs__342f364d46_001342333d45627868f4dc5282abbba4598a91b4a7584b08_redline_80f2309cfd.docx,tracking_without_comments/pdf/bc514b554e_00d979c97e42f03faff5f49e2a7dfa9afd30996214602e19__vs__342f364d46_001342333d45627868f4dc5282abbba4598a91b4a7584b08_redline_80f2309cfd.pdf,tracking_without_comments,80f2309cfd,redlines_a100_b10
f644da9aeb_employee_directory_table_2__vs__7888085856_employee_directory_table_redline_81f83d335f,clean/docx/f644da9aeb_employee_directory_table_2,clean/docx/7888085856_employee_directory_table,tracking_without_comments/docx/f644da9aeb_employee_directory_table_2__vs__7888085856_employee_directory_table_redline_81f83d335f.docx,tracking_without_comments/pdf/f644da9aeb_employee_directory_table_2__vs__7888085856_employee_directory_table_redline_81f83d335f.pdf,tracking_without_comments,81f83d335f,fixtures_word_compares;pdf_fill_0928
21c900e459_q1_sales_summary_table__vs__27e6c1ad4a_quarterly_performance_report_table_2_redline_82bf64f742,clean/docx/21c900e459_q1_sales_summary_table,clean/docx/27e6c1ad4a_quarterly_performance_report_table_2,tracking_without_comments/docx/21c900e459_q1_sales_summary_table__vs__27e6c1ad4a_quarterly_performance_report_table_2_redline_82bf64f742.docx,tracking_without_comments/pdf/21c900e459_q1_sales_summary_table__vs__27e6c1ad4a_quarterly_performance_report_table_2_redline_82bf64f742.pdf,tracking_without_comments,82bf64f742,fixtures_word_compares;pdf_fill_0928
efa1cb8e79_single_paragraph__vs__11856e25f6_small_font_size_demo_id_paraid_overflow_redline_835297a585,clean/docx/efa1cb8e79_single_paragraph,clean/docx/11856e25f6_small_font_size_demo_id_paraid_overflow,tracking_without_comments/docx/efa1cb8e79_single_paragraph__vs__11856e25f6_small_font_size_demo_id_paraid_overflow_redline_835297a585.docx,tracking_without_comments/pdf/efa1cb8e79_single_paragraph__vs__11856e25f6_small_font_size_demo_id_paraid_overflow_redline_835297a585.pdf,tracking_without_comments,835297a585,nocomments
899ef4306e_0017891576e438292c35db3155e97d16ec0d68144e21bfc3__vs__2773adf157_0004c94ca2a8684d47449bb0e7abf87de1df71a7e6543252_redline_83ba58bf48,clean/docx/899ef4306e_0017891576e438292c35db3155e97d16ec0d68144e21bfc3,clean/docx/2773adf157_0004c94ca2a8684d47449bb0e7abf87de1df71a7e6543252,tracking_without_comments/docx/899ef4306e_0017891576e438292c35db3155e97d16ec0d68144e21bfc3__vs__2773adf157_0004c94ca2a8684d47449bb0e7abf87de1df71a7e6543252_redline_83ba58bf48.docx,tracking_without_comments/pdf/899ef4306e_0017891576e438292c35db3155e97d16ec0d68144e21bfc3__vs__2773adf157_0004c94ca2a8684d47449bb0e7abf87de1df71a7e6543252_redline_83ba58bf48.pdf,tracking_without_comments,83ba58bf48,redlines_a100_b10
9c7f21c23e_super_editor__line_break_627a7159__vs__902a69f0e4_super_editor__line_space_table_9b1ee54b_redline_848d599aaa,clean/docx/9c7f21c23e_super_editor__line_break_627a7159,clean/docx/902a69f0e4_super_editor__line_space_table_9b1ee54b,tracking_without_comments/docx/9c7f21c23e_super_editor__line_break_627a7159__vs__902a69f0e4_super_editor__line_space_table_9b1ee54b_redline_848d599aaa.docx,tracking_without_comments/pdf/9c7f21c23e_super_editor__line_break_627a7159__vs__902a69f0e4_super_editor__line_space_table_9b1ee54b_redline_848d599aaa.pdf,tracking_without_comments,848d599aaa,word_redlines_superdoc_0926
fc5d9fecb7_00028d824d5d2262bc6e30692308cd1b577ac1dff228970d__vs__1424386e9b_017447de83753a0e3b7afc659df038ef56972925336c6a5b_redline_854b04698b,clean/docx/fc5d9fecb7_00028d824d5d2262bc6e30692308cd1b577ac1dff228970d,clean/docx/1424386e9b_017447de83753a0e3b7afc659df038ef56972925336c6a5b,tracking_without_comments/docx/fc5d9fecb7_00028d824d5d2262bc6e30692308cd1b577ac1dff228970d__vs__1424386e9b_017447de83753a0e3b7afc659df038ef56972925336c6a5b_redline_854b04698b.docx,tracking_without_comments/pdf/fc5d9fecb7_00028d824d5d2262bc6e30692308cd1b577ac1dff228970d__vs__1424386e9b_017447de83753a0e3b7afc659df038ef56972925336c6a5b_redline_854b04698b.pdf,tracking_without_comments,854b04698b,redlines_a100_b10
fbe14959b0_000f5278175aa01c2b9517b07e8a087014e4a05ab3e24f41__vs__333bfe069a_003416d620331122b93b434dad901db5836f60d2cad4b533_redline_85aa26adba,clean/docx/fbe14959b0_000f5278175aa01c2b9517b07e8a087014e4a05ab3e24f41,clean/docx/333bfe069a_003416d620331122b93b434dad901db5836f60d2cad4b533,tracking_without_comments/docx/fbe14959b0_000f5278175aa01c2b9517b07e8a087014e4a05ab3e24f41__vs__333bfe069a_003416d620331122b93b434dad901db5836f60d2cad4b533_redline_85aa26adba.docx,tracking_without_comments/pdf/fbe14959b0_000f5278175aa01c2b9517b07e8a087014e4a05ab3e24f41__vs__333bfe069a_003416d620331122b93b434dad901db5836f60d2cad4b533_redline_85aa26adba.pdf,tracking_without_comments,85aa26adba,redlines_a100_b10
0e6f813e69_00d2ca27359f3d1d5ee2c2904b48a3e4717faf7fdf6413f6__vs__1424386e9b_017447de83753a0e3b7afc659df038ef56972925336c6a5b_redline_862df17b60,clean/docx/0e6f813e69_00d2ca27359f3d1d5ee2c2904b48a3e4717faf7fdf6413f6,clean/docx/1424386e9b_017447de83753a0e3b7afc659df038ef56972925336c6a5b,tracking_without_comments/docx/0e6f813e69_00d2ca27359f3d1d5ee2c2904b48a3e4717faf7fdf6413f6__vs__1424386e9b_017447de83753a0e3b7afc659df038ef56972925336c6a5b_redline_862df17b60.docx,tracking_without_comments/pdf/0e6f813e69_00d2ca27359f3d1d5ee2c2904b48a3e4717faf7fdf6413f6__vs__1424386e9b_017447de83753a0e3b7afc659df038ef56972925336c6a5b_redline_862df17b60.pdf,tracking_without_comments,862df17b60,redlines_a100_b10
8012c1a824_6273733807de175958d895ae29dec781318f1062595cdc19__vs__fe03df057d_62623a37c80ffa4a7b7db550dd06102d2e52c9ba384de7bd_redline_8697c178d8,clean/docx/8012c1a824_6273733807de175958d895ae29dec781318f1062595cdc19,clean/docx/fe03df057d_62623a37c80ffa4a7b7db550dd06102d2e52c9ba384de7bd,tracking_without_comments/docx/8012c1a824_6273733807de175958d895ae29dec781318f1062595cdc19__vs__fe03df057d_62623a37c80ffa4a7b7db550dd06102d2e52c9ba384de7bd_redline_8697c178d8.docx,tracking_without_comments/pdf/8012c1a824_6273733807de175958d895ae29dec781318f1062595cdc19__vs__fe03df057d_62623a37c80ffa4a7b7db550dd06102d2e52c9ba384de7bd_redline_8697c178d8.pdf,tracking_without_comments,8697c178d8,redlines_en_500
3755bf5762_0000a3a991f56b6660c630eb426231a3b4ec31e40313aab9__vs__bd3824dd1e_000ee64ef7226d353297888f59a251e24ce5d776fea000fa_redline_8707a2c3e0,clean/docx/3755bf5762_0000a3a991f56b6660c630eb426231a3b4ec31e40313aab9,clean/docx/bd3824dd1e_000ee64ef7226d353297888f59a251e24ce5d776fea000fa,tracking_without_comments/docx/3755bf5762_0000a3a991f56b6660c630eb426231a3b4ec31e40313aab9__vs__bd3824dd1e_000ee64ef7226d353297888f59a251e24ce5d776fea000fa_redline_8707a2c3e0.docx,tracking_without_comments/pdf/3755bf5762_0000a3a991f56b6660c630eb426231a3b4ec31e40313aab9__vs__bd3824dd1e_000ee64ef7226d353297888f59a251e24ce5d776fea000fa_redline_8707a2c3e0.pdf,tracking_without_comments,8707a2c3e0,redlines_a100_b10
a88f2ae357_0095a6095a0f74201c196f4944b3d93f4cf5cc20e4982903__vs__5203829c7a_001cc92b88566d5f930fe57f25813c0bf52a7bdc72c217d0_redline_885c507f6f,clean/docx/a88f2ae357_0095a6095a0f74201c196f4944b3d93f4cf5cc20e4982903,clean/docx/5203829c7a_001cc92b88566d5f930fe57f25813c0bf52a7bdc72c217d0,tracking_without_comments/docx/a88f2ae357_0095a6095a0f74201c196f4944b3d93f4cf5cc20e4982903__vs__5203829c7a_001cc92b88566d5f930fe57f25813c0bf52a7bdc72c217d0_redline_885c507f6f.docx,tracking_without_comments/pdf/a88f2ae357_0095a6095a0f74201c196f4944b3d93f4cf5cc20e4982903__vs__5203829c7a_001cc92b88566d5f930fe57f25813c0bf52a7bdc72c217d0_redline_885c507f6f.pdf,tracking_without_comments,885c507f6f,redlines_a100_b10
74afe04686_000416d5ee481974205314977bda4d0b297b97cf56f55f5a__vs__a5f2b9318d_002aa60c2ae1187417b4b157c5ec6450324cc056ec551a12_redline_89a298695e,clean/docx/74afe04686_000416d5ee481974205314977bda4d0b297b97cf56f55f5a,clean/docx/a5f2b9318d_002aa60c2ae1187417b4b157c5ec6450324cc056ec551a12,tracking_without_comments/docx/74afe04686_000416d5ee481974205314977bda4d0b297b97cf56f55f5a__vs__a5f2b9318d_002aa60c2ae1187417b4b157c5ec6450324cc056ec551a12_redline_89a298695e.docx,tracking_without_comments/pdf/74afe04686_000416d5ee481974205314977bda4d0b297b97cf56f55f5a__vs__a5f2b9318d_002aa60c2ae1187417b4b157c5ec6450324cc056ec551a12_redline_89a298695e.pdf,tracking_without_comments,89a298695e,redlines_a100_b10
e3c6e90478_file_43__vs__9960c72d3d_file_44_redline_8ab8d478ae,clean/docx/e3c6e90478_file_43,tracking_without_comments/docx/9960c72d3d_file_44,tracking_without_comments/docx/e3c6e90478_file_43__vs__9960c72d3d_file_44_redline_8ab8d478ae.docx,tracking_without_comments/pdf/e3c6e90478_file_43__vs__9960c72d3d_file_44_redline_8ab8d478ae.pdf,tracking_without_comments,8ab8d478ae,word_based_randomized
d0281643d2_super_editor__hello_docx_world_12f11074__vs__4858c9853b_behavior__multi_image_types_b962a2b8_redline_8bdd3868dc,clean/docx/d0281643d2_super_editor__hello_docx_world_12f11074,clean/docx/4858c9853b_behavior__multi_image_types_b962a2b8,tracking_without_comments/docx/d0281643d2_super_editor__hello_docx_world_12f11074__vs__4858c9853b_behavior__multi_image_types_b962a2b8_redline_8bdd3868dc.docx,tracking_without_comments/pdf/d0281643d2_super_editor__hello_docx_world_12f11074__vs__4858c9853b_behavior__multi_image_types_b962a2b8_redline_8bdd3868dc.pdf,tracking_without_comments,8bdd3868dc,word_redlines_superdoc
1de41232b3_super_editor__exported_list_font_8e6db734__vs__8fb278cb36_word_tolerated_duplicate_ppr_redline_8cb8af8d7f,clean/docx/1de41232b3_super_editor__exported_list_font_8e6db734,clean/docx/8fb278cb36_word_tolerated_duplicate_ppr,tracking_without_comments/docx/1de41232b3_super_editor__exported_list_font_8e6db734__vs__8fb278cb36_word_tolerated_duplicate_ppr_redline_8cb8af8d7f.docx,tracking_without_comments/pdf/1de41232b3_super_editor__exported_list_font_8e6db734__vs__8fb278cb36_word_tolerated_duplicate_ppr_redline_8cb8af8d7f.pdf,tracking_without_comments,8cb8af8d7f,word_redlines_superdoc_0926
eab8aeea1f_contract_review_suggesting_insertions__vs__1800ef10fa_contract_review_suggesting_mixed_edits_redline_8d63700eca,tracking_without_comments/docx/eab8aeea1f_contract_review_suggesting_insertions,tracking_without_comments/docx/1800ef10fa_contract_review_suggesting_mixed_edits,tracking_without_comments/docx/eab8aeea1f_contract_review_suggesting_insertions__vs__1800ef10fa_contract_review_suggesting_mixed_edits_redline_8d63700eca.docx,tracking_without_comments/pdf/eab8aeea1f_contract_review_suggesting_insertions__vs__1800ef10fa_contract_review_suggesting_mixed_edits_redline_8d63700eca.pdf,tracking_without_comments,8d63700eca,nocomments
f43f6ef305_002042b8a23533ba746bf4eaf56b5e62642cc111f5f5fcff__vs__342f364d46_001342333d45627868f4dc5282abbba4598a91b4a7584b08_redline_8e48e2dbd8,clean/docx/f43f6ef305_002042b8a23533ba746bf4eaf56b5e62642cc111f5f5fcff,clean/docx/342f364d46_001342333d45627868f4dc5282abbba4598a91b4a7584b08,tracking_without_comments/docx/f43f6ef305_002042b8a23533ba746bf4eaf56b5e62642cc111f5f5fcff__vs__342f364d46_001342333d45627868f4dc5282abbba4598a91b4a7584b08_redline_8e48e2dbd8.docx,tracking_without_comments/pdf/f43f6ef305_002042b8a23533ba746bf4eaf56b5e62642cc111f5f5fcff__vs__342f364d46_001342333d45627868f4dc5282abbba4598a91b4a7584b08_redline_8e48e2dbd8.pdf,tracking_without_comments,8e48e2dbd8,redlines_a100_b10
cc8fe57f46_strikethrough_bold_demo_id_paraid_overflow__vs__24c6d4e57f_strikethrough_text_demo_id_paraid_overflow_redline_8f2b9ca513,clean/docx/cc8fe57f46_strikethrough_bold_demo_id_paraid_overflow,clean/docx/24c6d4e57f_strikethrough_text_demo_id_paraid_overflow,tracking_without_comments/docx/cc8fe57f46_strikethrough_bold_demo_id_paraid_overflow__vs__24c6d4e57f_strikethrough_text_demo_id_paraid_overflow_redline_8f2b9ca513.docx,tracking_without_comments/pdf/cc8fe57f46_strikethrough_bold_demo_id_paraid_overflow__vs__24c6d4e57f_strikethrough_text_demo_id_paraid_overflow_redline_8f2b9ca513.pdf,tracking_without_comments,8f2b9ca513,nocomments
55ff5d42f1_3b6d812d7355d9d6d283c1dc21bf720c0400ee2489163629__vs__6c6803d90c_6c5f51e3cc55db6e36baaff54fd97420720c3830d9908aae_redline_8fa02c7fe4,clean/docx/55ff5d42f1_3b6d812d7355d9d6d283c1dc21bf720c0400ee2489163629,clean/docx/6c6803d90c_6c5f51e3cc55db6e36baaff54fd97420720c3830d9908aae,tracking_without_comments/docx/55ff5d42f1_3b6d812d7355d9d6d283c1dc21bf720c0400ee2489163629__vs__6c6803d90c_6c5f51e3cc55db6e36baaff54fd97420720c3830d9908aae_redline_8fa02c7fe4.docx,tracking_without_comments/pdf/55ff5d42f1_3b6d812d7355d9d6d283c1dc21bf720c0400ee2489163629__vs__6c6803d90c_6c5f51e3cc55db6e36baaff54fd97420720c3830d9908aae_redline_8fa02c7fe4.pdf,tracking_without_comments,8fa02c7fe4,redlines_en_500
00f467c010_0008753aa70a6a7b929aa1958001da41574c2d407e5b9863__vs__342f364d46_001342333d45627868f4dc5282abbba4598a91b4a7584b08_redline_9014a2c35a,clean/docx/00f467c010_0008753aa70a6a7b929aa1958001da41574c2d407e5b9863,clean/docx/342f364d46_001342333d45627868f4dc5282abbba4598a91b4a7584b08,tracking_without_comments/docx/00f467c010_0008753aa70a6a7b929aa1958001da41574c2d407e5b9863__vs__342f364d46_001342333d45627868f4dc5282abbba4598a91b4a7584b08_redline_9014a2c35a.docx,tracking_without_comments/pdf/00f467c010_0008753aa70a6a7b929aa1958001da41574c2d407e5b9863__vs__342f364d46_001342333d45627868f4dc5282abbba4598a91b4a7584b08_redline_9014a2c35a.pdf,tracking_without_comments,9014a2c35a,redlines_a100_b10
d86ec4bf8f_bold_red_text_combo_id_paraid_overflow__vs__c5b63f5273_bold_superscript_demo_style_default_missing_redline_910740cdcc,clean/docx/d86ec4bf8f_bold_red_text_combo_id_paraid_overflow,clean/docx/c5b63f5273_bold_superscript_demo_style_default_missing,tracking_without_comments/docx/d86ec4bf8f_bold_red_text_combo_id_paraid_overflow__vs__c5b63f5273_bold_superscript_demo_style_default_missing_redline_910740cdcc.docx,tracking_without_comments/pdf/d86ec4bf8f_bold_red_text_combo_id_paraid_overflow__vs__c5b63f5273_bold_superscript_demo_style_default_missing_redline_910740cdcc.pdf,tracking_without_comments,910740cdcc,nocomments
4db02133f5_0007ed60dbbc648e714534360ae72dd054c8322b82ac5609__vs__5203829c7a_001cc92b88566d5f930fe57f25813c0bf52a7bdc72c217d0_redline_91c71f47ae,clean/docx/4db02133f5_0007ed60dbbc648e714534360ae72dd054c8322b82ac5609,clean/docx/5203829c7a_001cc92b88566d5f930fe57f25813c0bf52a7bdc72c217d0,tracking_without_comments/docx/4db02133f5_0007ed60dbbc648e714534360ae72dd054c8322b82ac5609__vs__5203829c7a_001cc92b88566d5f930fe57f25813c0bf52a7bdc72c217d0_redline_91c71f47ae.docx,tracking_without_comments/pdf/4db02133f5_0007ed60dbbc648e714534360ae72dd054c8322b82ac5609__vs__5203829c7a_001cc92b88566d5f930fe57f25813c0bf52a7bdc72c217d0_redline_91c71f47ae.pdf,tracking_without_comments,91c71f47ae,redlines_a100_b10
bf23b1e436_track_changes_suggesting_bold_id_paraid_overflow__vs__966994cba9_track_changes_suggesting_calibri_id_paraid_overf_redline_9260938760,clean/docx/bf23b1e436_track_changes_suggesting_bold_id_paraid_overflow,clean/docx/966994cba9_track_changes_suggesting_calibri_id_paraid_overf,tracking_without_comments/docx/bf23b1e436_track_changes_suggesting_bold_id_paraid_overflow__vs__966994cba9_track_changes_suggesting_calibri_id_paraid_overf_redline_9260938760.docx,tracking_without_comments/pdf/bf23b1e436_track_changes_suggesting_bold_id_paraid_overflow__vs__966994cba9_track_changes_suggesting_calibri_id_paraid_overf_redline_9260938760.pdf,tracking_without_comments,9260938760,word_based
6e2576a091_docx_lots_of_comments__vs__2c0a2ac35f_double_spacing_bold_demo_id_paraid_overflow_redline_9382e03243,with_comments_clean/docx/6e2576a091_docx_lots_of_comments,clean/docx/2c0a2ac35f_double_spacing_bold_demo_id_paraid_overflow,with_comments_tracking/docx/6e2576a091_docx_lots_of_comments__vs__2c0a2ac35f_double_spacing_bold_demo_id_paraid_overflow_redline_9382e03243.docx,with_comments_tracking/pdf/6e2576a091_docx_lots_of_comments__vs__2c0a2ac35f_double_spacing_bold_demo_id_paraid_overflow_redline_9382e03243.pdf,with_comments_tracking,9382e03243,word_based
5c9b05a33e_00587c7398e1a788e79e8da144019f60214b4ac572ea28a3__vs__aa5340125d_00a4b0b91e9b5b072dc3771391c2d608518690eccf44eae8_redline_9485182778,clean/docx/5c9b05a33e_00587c7398e1a788e79e8da144019f60214b4ac572ea28a3,clean/docx/aa5340125d_00a4b0b91e9b5b072dc3771391c2d608518690eccf44eae8,tracking_without_comments/docx/5c9b05a33e_00587c7398e1a788e79e8da144019f60214b4ac572ea28a3__vs__aa5340125d_00a4b0b91e9b5b072dc3771391c2d608518690eccf44eae8_redline_9485182778.docx,tracking_without_comments/pdf/5c9b05a33e_00587c7398e1a788e79e8da144019f60214b4ac572ea28a3__vs__aa5340125d_00a4b0b91e9b5b072dc3771391c2d608518690eccf44eae8_redline_9485182778.pdf,tracking_without_comments,9485182778,redlines_a100_b10
087c7d6723_file_45__vs__ad80cf4457_file_46_redline_955c614ac4,clean/docx/087c7d6723_file_45,clean/docx/ad80cf4457_file_46,tracking_without_comments/docx/087c7d6723_file_45__vs__ad80cf4457_file_46_redline_955c614ac4.docx,tracking_without_comments/pdf/087c7d6723_file_45__vs__ad80cf4457_file_46_redline_955c614ac4.pdf,tracking_without_comments,955c614ac4,nocomments_randomized
74afe04686_000416d5ee481974205314977bda4d0b297b97cf56f55f5a__vs__bd3824dd1e_000ee64ef7226d353297888f59a251e24ce5d776fea000fa_redline_964ffc659e,clean/docx/74afe04686_000416d5ee481974205314977bda4d0b297b97cf56f55f5a,clean/docx/bd3824dd1e_000ee64ef7226d353297888f59a251e24ce5d776fea000fa,tracking_without_comments/docx/74afe04686_000416d5ee481974205314977bda4d0b297b97cf56f55f5a__vs__bd3824dd1e_000ee64ef7226d353297888f59a251e24ce5d776fea000fa_redline_964ffc659e.docx,tracking_without_comments/pdf/74afe04686_000416d5ee481974205314977bda4d0b297b97cf56f55f5a__vs__bd3824dd1e_000ee64ef7226d353297888f59a251e24ce5d776fea000fa_redline_964ffc659e.pdf,tracking_without_comments,964ffc659e,redlines_a100_b10
14d3f7889a_24_id_paraid_overflow__vs__146ce54204_blue_bold_centered_demo_id_paraid_overflow_redline_97a198f0c8,clean/docx/14d3f7889a_24_id_paraid_overflow,clean/docx/146ce54204_blue_bold_centered_demo_id_paraid_overflow,tracking_without_comments/docx/14d3f7889a_24_id_paraid_overflow__vs__146ce54204_blue_bold_centered_demo_id_paraid_overflow_redline_97a198f0c8.docx,tracking_without_comments/pdf/14d3f7889a_24_id_paraid_overflow__vs__146ce54204_blue_bold_centered_demo_id_paraid_overflow_redline_97a198f0c8.pdf,tracking_without_comments,97a198f0c8,nocomments
00da16e738_heading_4_style_demo_id_paraid_overflow_2__vs__82928b2e05_heading_4_style_demo_id_paraid_overflow_redline_98576c297a,clean/docx/00da16e738_heading_4_style_demo_id_paraid_overflow_2,clean/docx/82928b2e05_heading_4_style_demo_id_paraid_overflow,tracking_without_comments/docx/00da16e738_heading_4_style_demo_id_paraid_overflow_2__vs__82928b2e05_heading_4_style_demo_id_paraid_overflow_redline_98576c297a.docx,tracking_without_comments/pdf/00da16e738_heading_4_style_demo_id_paraid_overflow_2__vs__82928b2e05_heading_4_style_demo_id_paraid_overflow_redline_98576c297a.pdf,tracking_without_comments,98576c297a,word_based_0926
7e4c9416aa_00803e70c3646e42abab322238df606c847686168795a703__vs__333bfe069a_003416d620331122b93b434dad901db5836f60d2cad4b533_redline_996048d1f6,clean/docx/7e4c9416aa_00803e70c3646e42abab322238df606c847686168795a703,clean/docx/333bfe069a_003416d620331122b93b434dad901db5836f60d2cad4b533,tracking_without_comments/docx/7e4c9416aa_00803e70c3646e42abab322238df606c847686168795a703__vs__333bfe069a_003416d620331122b93b434dad901db5836f60d2cad4b533_redline_996048d1f6.docx,tracking_without_comments/pdf/7e4c9416aa_00803e70c3646e42abab322238df606c847686168795a703__vs__333bfe069a_003416d620331122b93b434dad901db5836f60d2cad4b533_redline_996048d1f6.pdf,tracking_without_comments,996048d1f6,redlines_a100_b10
8e694101b9_469e571050275b57ed1836b4cc17f4d29e43eec925bdfad9__vs__37c6c62345_3f296ffac9c17a92962156ff41f2b079eb687cd440513fe3_redline_9a2af58d99,clean/docx/8e694101b9_469e571050275b57ed1836b4cc17f4d29e43eec925bdfad9,with_comments_clean/docx/37c6c62345_3f296ffac9c17a92962156ff41f2b079eb687cd440513fe3,with_comments_tracking/docx/8e694101b9_469e571050275b57ed1836b4cc17f4d29e43eec925bdfad9__vs__37c6c62345_3f296ffac9c17a92962156ff41f2b079eb687cd440513fe3_redline_9a2af58d99.docx,with_comments_tracking/pdf/8e694101b9_469e571050275b57ed1836b4cc17f4d29e43eec925bdfad9__vs__37c6c62345_3f296ffac9c17a92962156ff41f2b079eb687cd440513fe3_redline_9a2af58d99.pdf,with_comments_tracking,9a2af58d99,redlines_en_500
5fca0ac668_ooxml_style_link__vs__20bf978cd7_open_sans_bold_underline_id_paraid_overflow_redline_9b9267a9c6,clean/docx/5fca0ac668_ooxml_style_link,clean/docx/20bf978cd7_open_sans_bold_underline_id_paraid_overflow,tracking_without_comments/docx/5fca0ac668_ooxml_style_link__vs__20bf978cd7_open_sans_bold_underline_id_paraid_overflow_redline_9b9267a9c6.docx,tracking_without_comments/pdf/5fca0ac668_ooxml_style_link__vs__20bf978cd7_open_sans_bold_underline_id_paraid_overflow_redline_9b9267a9c6.pdf,tracking_without_comments,9b9267a9c6,nocomments
07fce8e954_docx_lots_of_comments_addition__vs__68fdec049c_docx_lots_of_comments_redline_9c2f40d561,tracking_without_comments/docx/07fce8e954_docx_lots_of_comments_addition,clean/docx/68fdec049c_docx_lots_of_comments,tracking_without_comments/docx/07fce8e954_docx_lots_of_comments_addition__vs__68fdec049c_docx_lots_of_comments_redline_9c2f40d561.docx,tracking_without_comments/pdf/07fce8e954_docx_lots_of_comments_addition__vs__68fdec049c_docx_lots_of_comments_redline_9c2f40d561.pdf,tracking_without_comments,9c2f40d561,nocomments
52220b20c3_00a54bff7e15af78fe7cfc20219c28cb208fde807bd28d44__vs__2e04202552_000e3e7bd2d6215fc7b469cc3e296c1b2a510bc1abc7e0fd_redline_9d0b6ef8ad,clean/docx/52220b20c3_00a54bff7e15af78fe7cfc20219c28cb208fde807bd28d44,clean/docx/2e04202552_000e3e7bd2d6215fc7b469cc3e296c1b2a510bc1abc7e0fd,tracking_without_comments/docx/52220b20c3_00a54bff7e15af78fe7cfc20219c28cb208fde807bd28d44__vs__2e04202552_000e3e7bd2d6215fc7b469cc3e296c1b2a510bc1abc7e0fd_redline_9d0b6ef8ad.docx,tracking_without_comments/pdf/52220b20c3_00a54bff7e15af78fe7cfc20219c28cb208fde807bd28d44__vs__2e04202552_000e3e7bd2d6215fc7b469cc3e296c1b2a510bc1abc7e0fd_redline_9d0b6ef8ad.pdf,tracking_without_comments,9d0b6ef8ad,redlines_a100_b10
7cd71141bc_37637b13e89e6822179ec2d6712c5ef3b406f4a498ddc493__vs__30df7ffc18_5666d789d701e3ae7ba314f868c1e81226df81ef03313104_redline_9e29d57bff,clean/docx/7cd71141bc_37637b13e89e6822179ec2d6712c5ef3b406f4a498ddc493,clean/docx/30df7ffc18_5666d789d701e3ae7ba314f868c1e81226df81ef03313104,tracking_without_comments/docx/7cd71141bc_37637b13e89e6822179ec2d6712c5ef3b406f4a498ddc493__vs__30df7ffc18_5666d789d701e3ae7ba314f868c1e81226df81ef03313104_redline_9e29d57bff.docx,tracking_without_comments/pdf/7cd71141bc_37637b13e89e6822179ec2d6712c5ef3b406f4a498ddc493__vs__30df7ffc18_5666d789d701e3ae7ba314f868c1e81226df81ef03313104_redline_9e29d57bff.pdf,tracking_without_comments,9e29d57bff,redlines_en_500
e4e4a073e9_file_96__vs__60ba9c3639_file_97_redline_9ecc441a38,clean/docx/e4e4a073e9_file_96,clean/docx/60ba9c3639_file_97,tracking_without_comments/docx/e4e4a073e9_file_96__vs__60ba9c3639_file_97_redline_9ecc441a38.docx,tracking_without_comments/pdf/e4e4a073e9_file_96__vs__60ba9c3639_file_97_redline_9ecc441a38.pdf,tracking_without_comments,9ecc441a38,word_based_randomized_0926
aa58aada65_00160046fb2516a560a9681d7ae3e6f4659af57d19555d4e__vs__bd3824dd1e_000ee64ef7226d353297888f59a251e24ce5d776fea000fa_redline_9f3f036b1a,clean/docx/aa58aada65_00160046fb2516a560a9681d7ae3e6f4659af57d19555d4e,clean/docx/bd3824dd1e_000ee64ef7226d353297888f59a251e24ce5d776fea000fa,tracking_without_comments/docx/aa58aada65_00160046fb2516a560a9681d7ae3e6f4659af57d19555d4e__vs__bd3824dd1e_000ee64ef7226d353297888f59a251e24ce5d776fea000fa_redline_9f3f036b1a.docx,tracking_without_comments/pdf/aa58aada65_00160046fb2516a560a9681d7ae3e6f4659af57d19555d4e__vs__bd3824dd1e_000ee64ef7226d353297888f59a251e24ce5d776fea000fa_redline_9f3f036b1a.pdf,tracking_without_comments,9f3f036b1a,redlines_a100_b10
049a315896_super_editor__hyperlink_multiple_runs_0138c312__vs__2ad2fc5ab0_super_editor__diff_before10_2f84ca55_redline_a098bd5ad9,clean/docx/049a315896_super_editor__hyperlink_multiple_runs_0138c312,clean/docx/2ad2fc5ab0_super_editor__diff_before10_2f84ca55,tracking_without_comments/docx/049a315896_super_editor__hyperlink_multiple_runs_0138c312__vs__2ad2fc5ab0_super_editor__diff_before10_2f84ca55_redline_a098bd5ad9.docx,tracking_without_comments/pdf/049a315896_super_editor__hyperlink_multiple_runs_0138c312__vs__2ad2fc5ab0_super_editor__diff_before10_2f84ca55_redline_a098bd5ad9.pdf,tracking_without_comments,a098bd5ad9,word_redlines_superdoc
60ba9c3639_file_97__vs__26d9d392e2_file_98_redline_a17204b65b,clean/docx/60ba9c3639_file_97,clean/docx/26d9d392e2_file_98,tracking_without_comments/docx/60ba9c3639_file_97__vs__26d9d392e2_file_98_redline_a17204b65b.docx,tracking_without_comments/pdf/60ba9c3639_file_97__vs__26d9d392e2_file_98_redline_a17204b65b.pdf,tracking_without_comments,a17204b65b,word_based_randomized_0926
b5b9533ef2_vfdsdfcacawesd_suggesting_mixed_edits__vs__79702d7c2a_yellow_highlight_demo_id_paraid_overflow_redline_a28144f9d6,tracking_without_comments/docx/b5b9533ef2_vfdsdfcacawesd_suggesting_mixed_edits,clean/docx/79702d7c2a_yellow_highlight_demo_id_paraid_overflow,tracking_without_comments/docx/b5b9533ef2_vfdsdfcacawesd_suggesting_mixed_edits__vs__79702d7c2a_yellow_highlight_demo_id_paraid_overflow_redline_a28144f9d6.docx,tracking_without_comments/pdf/b5b9533ef2_vfdsdfcacawesd_suggesting_mixed_edits__vs__79702d7c2a_yellow_highlight_demo_id_paraid_overflow_redline_a28144f9d6.pdf,tracking_without_comments,a28144f9d6,nocomments
44b94a5161_167f0f7958593a10cdfcc151834f7e5836df2bfc866b93e3__vs__d2cec1018b_6781f0c4e2d2fbe62c8d5c8bf3fa3fa50bcf9d36a7d86b6e_redline_a33b3d7ea2,clean/docx/44b94a5161_167f0f7958593a10cdfcc151834f7e5836df2bfc866b93e3,clean/docx/d2cec1018b_6781f0c4e2d2fbe62c8d5c8bf3fa3fa50bcf9d36a7d86b6e,tracking_without_comments/docx/44b94a5161_167f0f7958593a10cdfcc151834f7e5836df2bfc866b93e3__vs__d2cec1018b_6781f0c4e2d2fbe62c8d5c8bf3fa3fa50bcf9d36a7d86b6e_redline_a33b3d7ea2.docx,tracking_without_comments/pdf/44b94a5161_167f0f7958593a10cdfcc151834f7e5836df2bfc866b93e3__vs__d2cec1018b_6781f0c4e2d2fbe62c8d5c8bf3fa3fa50bcf9d36a7d86b6e_redline_a33b3d7ea2.pdf,tracking_without_comments,a33b3d7ea2,redlines_en_500
6fffde4ae2_000bf66110e841e1d2c2e862fc7db869b8d410586ad12d0d__vs__342f364d46_001342333d45627868f4dc5282abbba4598a91b4a7584b08_redline_a3f932cd7b,clean/docx/6fffde4ae2_000bf66110e841e1d2c2e862fc7db869b8d410586ad12d0d,clean/docx/342f364d46_001342333d45627868f4dc5282abbba4598a91b4a7584b08,tracking_without_comments/docx/6fffde4ae2_000bf66110e841e1d2c2e862fc7db869b8d410586ad12d0d__vs__342f364d46_001342333d45627868f4dc5282abbba4598a91b4a7584b08_redline_a3f932cd7b.docx,tracking_without_comments/pdf/6fffde4ae2_000bf66110e841e1d2c2e862fc7db869b8d410586ad12d0d__vs__342f364d46_001342333d45627868f4dc5282abbba4598a91b4a7584b08_redline_a3f932cd7b.pdf,tracking_without_comments,a3f932cd7b,redlines_a100_b10
4db02133f5_0007ed60dbbc648e714534360ae72dd054c8322b82ac5609__vs__deff0e697a_00b5defcad6e58038eac35472a2d48c89905068e5ece0cc3_redline_a4bf2feaf5,clean/docx/4db02133f5_0007ed60dbbc648e714534360ae72dd054c8322b82ac5609,clean/docx/deff0e697a_00b5defcad6e58038eac35472a2d48c89905068e5ece0cc3,tracking_without_comments/docx/4db02133f5_0007ed60dbbc648e714534360ae72dd054c8322b82ac5609__vs__deff0e697a_00b5defcad6e58038eac35472a2d48c89905068e5ece0cc3_redline_a4bf2feaf5.docx,tracking_without_comments/pdf/4db02133f5_0007ed60dbbc648e714534360ae72dd054c8322b82ac5609__vs__deff0e697a_00b5defcad6e58038eac35472a2d48c89905068e5ece0cc3_redline_a4bf2feaf5.pdf,tracking_without_comments,a4bf2feaf5,redlines_a100_b10
46f47ccfe2_46fc5c182dca5262909ec84931a23338aefc1f1032ee0de6__vs__3a4df93535_3e1b81ef00b0a49ef402f6df4476f80e2b7028a1d287dfab_redline_a5c1f5bb71,clean/docx/46f47ccfe2_46fc5c182dca5262909ec84931a23338aefc1f1032ee0de6,clean/docx/3a4df93535_3e1b81ef00b0a49ef402f6df4476f80e2b7028a1d287dfab,tracking_without_comments/docx/46f47ccfe2_46fc5c182dca5262909ec84931a23338aefc1f1032ee0de6__vs__3a4df93535_3e1b81ef00b0a49ef402f6df4476f80e2b7028a1d287dfab_redline_a5c1f5bb71.docx,tracking_without_comments/pdf/46f47ccfe2_46fc5c182dca5262909ec84931a23338aefc1f1032ee0de6__vs__3a4df93535_3e1b81ef00b0a49ef402f6df4476f80e2b7028a1d287dfab_redline_a5c1f5bb71.pdf,tracking_without_comments,a5c1f5bb71,redlines_en_500
af613a9921_file_128__vs__9f9fd7010e_file_129_redline_a785e97227,tracking_without_comments/docx/af613a9921_file_128,clean/docx/9f9fd7010e_file_129,tracking_without_comments/docx/af613a9921_file_128__vs__9f9fd7010e_file_129_redline_a785e97227.docx,tracking_without_comments/pdf/af613a9921_file_128__vs__9f9fd7010e_file_129_redline_a785e97227.pdf,tracking_without_comments,a785e97227,nocomments_randomized
8afae5a971_justified_underline_demo_id_paraid_overflow__vs__f83dd8794c_justify_alignment_demo_id_paraid_overflow_2_redline_a7fd3b1771,clean/docx/8afae5a971_justified_underline_demo_id_paraid_overflow,clean/docx/f83dd8794c_justify_alignment_demo_id_paraid_overflow_2,tracking_without_comments/docx/8afae5a971_justified_underline_demo_id_paraid_overflow__vs__f83dd8794c_justify_alignment_demo_id_paraid_overflow_2_redline_a7fd3b1771.docx,tracking_without_comments/pdf/8afae5a971_justified_underline_demo_id_paraid_overflow__vs__f83dd8794c_justify_alignment_demo_id_paraid_overflow_2_redline_a7fd3b1771.pdf,tracking_without_comments,a7fd3b1771,nocomments
2b6c7be6bd_super_editor__nested_comments_84f214bb__vs__6c0ad6c8ef_behavior__math_matrix_tests_a3b17e15_redline_a9272f69c1,with_comments_clean/docx/2b6c7be6bd_super_editor__nested_comments_84f214bb,clean/docx/6c0ad6c8ef_behavior__math_matrix_tests_a3b17e15,with_comments_tracking/docx/2b6c7be6bd_super_editor__nested_comments_84f214bb__vs__6c0ad6c8ef_behavior__math_matrix_tests_a3b17e15_redline_a9272f69c1.docx,with_comments_tracking/pdf/2b6c7be6bd_super_editor__nested_comments_84f214bb__vs__6c0ad6c8ef_behavior__math_matrix_tests_a3b17e15_redline_a9272f69c1.pdf,with_comments_tracking,a9272f69c1,word_redlines_superdoc
b6f757462e_0006f7905281867ab0d0a45d88f88f72e2c15efbd9a8ed69__vs__2773adf157_0004c94ca2a8684d47449bb0e7abf87de1df71a7e6543252_redline_a990caf95a,clean/docx/b6f757462e_0006f7905281867ab0d0a45d88f88f72e2c15efbd9a8ed69,clean/docx/2773adf157_0004c94ca2a8684d47449bb0e7abf87de1df71a7e6543252,tracking_without_comments/docx/b6f757462e_0006f7905281867ab0d0a45d88f88f72e2c15efbd9a8ed69__vs__2773adf157_0004c94ca2a8684d47449bb0e7abf87de1df71a7e6543252_redline_a990caf95a.docx,tracking_without_comments/pdf/b6f757462e_0006f7905281867ab0d0a45d88f88f72e2c15efbd9a8ed69__vs__2773adf157_0004c94ca2a8684d47449bb0e7abf87de1df71a7e6543252_redline_a990caf95a.pdf,tracking_without_comments,a990caf95a,redlines_a100_b10
a4ebc0e89c_0016d88a731db087feb2e28e8bfc163c1fe94df0ee048d55__vs__342f364d46_001342333d45627868f4dc5282abbba4598a91b4a7584b08_redline_aabaef6f3d,clean/docx/a4ebc0e89c_0016d88a731db087feb2e28e8bfc163c1fe94df0ee048d55,clean/docx/342f364d46_001342333d45627868f4dc5282abbba4598a91b4a7584b08,tracking_without_comments/docx/a4ebc0e89c_0016d88a731db087feb2e28e8bfc163c1fe94df0ee048d55__vs__342f364d46_001342333d45627868f4dc5282abbba4598a91b4a7584b08_redline_aabaef6f3d.docx,tracking_without_comments/pdf/a4ebc0e89c_0016d88a731db087feb2e28e8bfc163c1fe94df0ee048d55__vs__342f364d46_001342333d45627868f4dc5282abbba4598a91b4a7584b08_redline_aabaef6f3d.pdf,tracking_without_comments,aabaef6f3d,redlines_a100_b10
1346d34fba_gdocs_comments_export__vs__783b1628da_green_bold_text_demo_id_paraid_overflow_redline_ab9446febf,clean/docx/1346d34fba_gdocs_comments_export,clean/docx/783b1628da_green_bold_text_demo_id_paraid_overflow,tracking_without_comments/docx/1346d34fba_gdocs_comments_export__vs__783b1628da_green_bold_text_demo_id_paraid_overflow_redline_ab9446febf.docx,tracking_without_comments/pdf/1346d34fba_gdocs_comments_export__vs__783b1628da_green_bold_text_demo_id_paraid_overflow_redline_ab9446febf.pdf,tracking_without_comments,ab9446febf,nocomments
23cdfeee74_0022d9b76a33e7bdcda8d38ec3c898364c578897fb55d462__vs__2e04202552_000e3e7bd2d6215fc7b469cc3e296c1b2a510bc1abc7e0fd_redline_ad3159e72e,clean/docx/23cdfeee74_0022d9b76a33e7bdcda8d38ec3c898364c578897fb55d462,clean/docx/2e04202552_000e3e7bd2d6215fc7b469cc3e296c1b2a510bc1abc7e0fd,tracking_without_comments/docx/23cdfeee74_0022d9b76a33e7bdcda8d38ec3c898364c578897fb55d462__vs__2e04202552_000e3e7bd2d6215fc7b469cc3e296c1b2a510bc1abc7e0fd_redline_ad3159e72e.docx,tracking_without_comments/pdf/23cdfeee74_0022d9b76a33e7bdcda8d38ec3c898364c578897fb55d462__vs__2e04202552_000e3e7bd2d6215fc7b469cc3e296c1b2a510bc1abc7e0fd_redline_ad3159e72e.pdf,tracking_without_comments,ad3159e72e,redlines_a100_b10
19313bb0d2_013bfd9bed003f93622f5b45095bb7471499aea576b0e48e__vs__aa5340125d_00a4b0b91e9b5b072dc3771391c2d608518690eccf44eae8_redline_ae728ba215,clean/docx/19313bb0d2_013bfd9bed003f93622f5b45095bb7471499aea576b0e48e,clean/docx/aa5340125d_00a4b0b91e9b5b072dc3771391c2d608518690eccf44eae8,tracking_without_comments/docx/19313bb0d2_013bfd9bed003f93622f5b45095bb7471499aea576b0e48e__vs__aa5340125d_00a4b0b91e9b5b072dc3771391c2d608518690eccf44eae8_redline_ae728ba215.docx,tracking_without_comments/pdf/19313bb0d2_013bfd9bed003f93622f5b45095bb7471499aea576b0e48e__vs__aa5340125d_00a4b0b91e9b5b072dc3771391c2d608518690eccf44eae8_redline_ae728ba215.pdf,tracking_without_comments,ae728ba215,redlines_a100_b10
972dc076c1_super_editor__longer_header_sign_area_7c80b525__vs__0a1badc333_super_editor__missing_sectpr_967a402d_redline_aeebe78a1f,clean/docx/972dc076c1_super_editor__longer_header_sign_area_7c80b525,clean/docx/0a1badc333_super_editor__missing_sectpr_967a402d,tracking_without_comments/docx/972dc076c1_super_editor__longer_header_sign_area_7c80b525__vs__0a1badc333_super_editor__missing_sectpr_967a402d_redline_aeebe78a1f.docx,tracking_without_comments/pdf/972dc076c1_super_editor__longer_header_sign_area_7c80b525__vs__0a1badc333_super_editor__missing_sectpr_967a402d_redline_aeebe78a1f.pdf,tracking_without_comments,aeebe78a1f,word_redlines_superdoc
3c47f1b463_8dcbefa6e9bcf0c292392ca7fda1d9f2260ea724f9ad5f98__vs__f400cafcba_6565bfe1c9b7b19a2feedc7c358db69a32ed064149f2920f_redline_b00e0b4340,clean/docx/3c47f1b463_8dcbefa6e9bcf0c292392ca7fda1d9f2260ea724f9ad5f98,clean/docx/f400cafcba_6565bfe1c9b7b19a2feedc7c358db69a32ed064149f2920f,tracking_without_comments/docx/3c47f1b463_8dcbefa6e9bcf0c292392ca7fda1d9f2260ea724f9ad5f98__vs__f400cafcba_6565bfe1c9b7b19a2feedc7c358db69a32ed064149f2920f_redline_b00e0b4340.docx,tracking_without_comments/pdf/3c47f1b463_8dcbefa6e9bcf0c292392ca7fda1d9f2260ea724f9ad5f98__vs__f400cafcba_6565bfe1c9b7b19a2feedc7c358db69a32ed064149f2920f_redline_b00e0b4340.pdf,tracking_without_comments,b00e0b4340,redlines_en_500
b389f55091_super_editor__comment_23ee5ec1__vs__6d773ca294_super_editor__annot2_03ae6b74_redline_b0d09c67a7,with_comments_clean/docx/b389f55091_super_editor__comment_23ee5ec1,clean/docx/6d773ca294_super_editor__annot2_03ae6b74,with_comments_tracking/docx/b389f55091_super_editor__comment_23ee5ec1__vs__6d773ca294_super_editor__annot2_03ae6b74_redline_b0d09c67a7.docx,with_comments_tracking/pdf/b389f55091_super_editor__comment_23ee5ec1__vs__6d773ca294_super_editor__annot2_03ae6b74_redline_b0d09c67a7.pdf,with_comments_tracking,b0d09c67a7,word_redlines_superdoc_0926
6cf4f06ce1_bold_and_italic_combo_style_default_missing__vs__91986291d0_bold_and_underline_combo_id_paraid_overflow_redline_b168b93939,clean/docx/6cf4f06ce1_bold_and_italic_combo_style_default_missing,clean/docx/91986291d0_bold_and_underline_combo_id_paraid_overflow,tracking_without_comments/docx/6cf4f06ce1_bold_and_italic_combo_style_default_missing__vs__91986291d0_bold_and_underline_combo_id_paraid_overflow_redline_b168b93939.docx,tracking_without_comments/pdf/6cf4f06ce1_bold_and_italic_combo_style_default_missing__vs__91986291d0_bold_and_underline_combo_id_paraid_overflow_redline_b168b93939.pdf,tracking_without_comments,b168b93939,nocomments
f529133cd5_super_editor__basic_comment_d3ba5f1e__vs__5fa01813d3_super_editor__basic_table_shading_d3212ffd_redline_b2704631d9,with_comments_clean/docx/f529133cd5_super_editor__basic_comment_d3ba5f1e,clean/docx/5fa01813d3_super_editor__basic_table_shading_d3212ffd,with_comments_tracking/docx/f529133cd5_super_editor__basic_comment_d3ba5f1e__vs__5fa01813d3_super_editor__basic_table_shading_d3212ffd_redline_b2704631d9.docx,with_comments_tracking/pdf/f529133cd5_super_editor__basic_comment_d3ba5f1e__vs__5fa01813d3_super_editor__basic_table_shading_d3212ffd_redline_b2704631d9.pdf,with_comments_tracking,b2704631d9,word_redlines_superdoc_0926
acd3595c3a_0032221e68ad2a7986d1fe113eb1d46b5a7d1901b5aa9318__vs__bd3824dd1e_000ee64ef7226d353297888f59a251e24ce5d776fea000fa_redline_b359531be7,clean/docx/acd3595c3a_0032221e68ad2a7986d1fe113eb1d46b5a7d1901b5aa9318,clean/docx/bd3824dd1e_000ee64ef7226d353297888f59a251e24ce5d776fea000fa,tracking_without_comments/docx/acd3595c3a_0032221e68ad2a7986d1fe113eb1d46b5a7d1901b5aa9318__vs__bd3824dd1e_000ee64ef7226d353297888f59a251e24ce5d776fea000fa_redline_b359531be7.docx,tracking_without_comments/pdf/acd3595c3a_0032221e68ad2a7986d1fe113eb1d46b5a7d1901b5aa9318__vs__bd3824dd1e_000ee64ef7226d353297888f59a251e24ce5d776fea000fa_redline_b359531be7.pdf,tracking_without_comments,b359531be7,redlines_a100_b10
dabf50d5d5_0071cf0910cc71fed86712d86afe96a45cf5c937af9aa006__vs__bd3824dd1e_000ee64ef7226d353297888f59a251e24ce5d776fea000fa_redline_b445ea52f3,clean/docx/dabf50d5d5_0071cf0910cc71fed86712d86afe96a45cf5c937af9aa006,clean/docx/bd3824dd1e_000ee64ef7226d353297888f59a251e24ce5d776fea000fa,tracking_without_comments/docx/dabf50d5d5_0071cf0910cc71fed86712d86afe96a45cf5c937af9aa006__vs__bd3824dd1e_000ee64ef7226d353297888f59a251e24ce5d776fea000fa_redline_b445ea52f3.docx,tracking_without_comments/pdf/dabf50d5d5_0071cf0910cc71fed86712d86afe96a45cf5c937af9aa006__vs__bd3824dd1e_000ee64ef7226d353297888f59a251e24ce5d776fea000fa_redline_b445ea52f3.pdf,tracking_without_comments,b445ea52f3,redlines_a100_b10
12941c2a77_0023298b011b45232675215822f0f728678a238756d763c8__vs__342f364d46_001342333d45627868f4dc5282abbba4598a91b4a7584b08_redline_b4cd671041,clean/docx/12941c2a77_0023298b011b45232675215822f0f728678a238756d763c8,clean/docx/342f364d46_001342333d45627868f4dc5282abbba4598a91b4a7584b08,tracking_without_comments/docx/12941c2a77_0023298b011b45232675215822f0f728678a238756d763c8__vs__342f364d46_001342333d45627868f4dc5282abbba4598a91b4a7584b08_redline_b4cd671041.docx,tracking_without_comments/pdf/12941c2a77_0023298b011b45232675215822f0f728678a238756d763c8__vs__342f364d46_001342333d45627868f4dc5282abbba4598a91b4a7584b08_redline_b4cd671041.pdf,tracking_without_comments,b4cd671041,redlines_a100_b10
dc0cc27640_00749d7a966661b332df84521285ab93426ed3a255523f39__vs__1424386e9b_017447de83753a0e3b7afc659df038ef56972925336c6a5b_redline_b624ac3167,clean/docx/dc0cc27640_00749d7a966661b332df84521285ab93426ed3a255523f39,clean/docx/1424386e9b_017447de83753a0e3b7afc659df038ef56972925336c6a5b,tracking_without_comments/docx/dc0cc27640_00749d7a966661b332df84521285ab93426ed3a255523f39__vs__1424386e9b_017447de83753a0e3b7afc659df038ef56972925336c6a5b_redline_b624ac3167.docx,tracking_without_comments/pdf/dc0cc27640_00749d7a966661b332df84521285ab93426ed3a255523f39__vs__1424386e9b_017447de83753a0e3b7afc659df038ef56972925336c6a5b_redline_b624ac3167.pdf,tracking_without_comments,b624ac3167,redlines_a100_b10
c6956051c8_0035880301dd9b39b35318af6a88457fb4f6491a3ca1964a__vs__a5f2b9318d_002aa60c2ae1187417b4b157c5ec6450324cc056ec551a12_redline_b72d78a5fb,clean/docx/c6956051c8_0035880301dd9b39b35318af6a88457fb4f6491a3ca1964a,clean/docx/a5f2b9318d_002aa60c2ae1187417b4b157c5ec6450324cc056ec551a12,tracking_without_comments/docx/c6956051c8_0035880301dd9b39b35318af6a88457fb4f6491a3ca1964a__vs__a5f2b9318d_002aa60c2ae1187417b4b157c5ec6450324cc056ec551a12_redline_b72d78a5fb.docx,tracking_without_comments/pdf/c6956051c8_0035880301dd9b39b35318af6a88457fb4f6491a3ca1964a__vs__a5f2b9318d_002aa60c2ae1187417b4b157c5ec6450324cc056ec551a12_redline_b72d78a5fb.pdf,tracking_without_comments,b72d78a5fb,redlines_a100_b10
5add12cb1b_super_editor__msword_tracked_changes_4794adc4__vs__ced58cbf54_super_editor__sd_1494_table_left_indent_03277d35_redline_b8478b7ac6,tracking_without_comments/docx/5add12cb1b_super_editor__msword_tracked_changes_4794adc4,clean/docx/ced58cbf54_super_editor__sd_1494_table_left_indent_03277d35,tracking_without_comments/docx/5add12cb1b_super_editor__msword_tracked_changes_4794adc4__vs__ced58cbf54_super_editor__sd_1494_table_left_indent_03277d35_redline_b8478b7ac6.docx,tracking_without_comments/pdf/5add12cb1b_super_editor__msword_tracked_changes_4794adc4__vs__ced58cbf54_super_editor__sd_1494_table_left_indent_03277d35_redline_b8478b7ac6.pdf,tracking_without_comments,b8478b7ac6,word_redlines_superdoc
d7c6d7eb36_green_underline_bullet_list_id_paraid_overflow__vs__4dff3f0ab2_heading_1_bold_demo_id_paraid_overflow_redline_b9ff71bba4,clean/docx/d7c6d7eb36_green_underline_bullet_list_id_paraid_overflow,clean/docx/4dff3f0ab2_heading_1_bold_demo_id_paraid_overflow,tracking_without_comments/docx/d7c6d7eb36_green_underline_bullet_list_id_paraid_overflow__vs__4dff3f0ab2_heading_1_bold_demo_id_paraid_overflow_redline_b9ff71bba4.docx,tracking_without_comments/pdf/d7c6d7eb36_green_underline_bullet_list_id_paraid_overflow__vs__4dff3f0ab2_heading_1_bold_demo_id_paraid_overflow_redline_b9ff71bba4.pdf,tracking_without_comments,b9ff71bba4,word_based
725cdbebe3_0013892c946c551d309fcec9bb3f3500fc08bc77121a3849__vs__deff0e697a_00b5defcad6e58038eac35472a2d48c89905068e5ece0cc3_redline_baef53386e,clean/docx/725cdbebe3_0013892c946c551d309fcec9bb3f3500fc08bc77121a3849,clean/docx/deff0e697a_00b5defcad6e58038eac35472a2d48c89905068e5ece0cc3,tracking_without_comments/docx/725cdbebe3_0013892c946c551d309fcec9bb3f3500fc08bc77121a3849__vs__deff0e697a_00b5defcad6e58038eac35472a2d48c89905068e5ece0cc3_redline_baef53386e.docx,tracking_without_comments/pdf/725cdbebe3_0013892c946c551d309fcec9bb3f3500fc08bc77121a3849__vs__deff0e697a_00b5defcad6e58038eac35472a2d48c89905068e5ece0cc3_redline_baef53386e.pdf,tracking_without_comments,baef53386e,redlines_a100_b10
ef7218d9e8_001893584bf94ff30c98db48cb8a0ea0ea5abc048f3e1a4d__vs__aa5340125d_00a4b0b91e9b5b072dc3771391c2d608518690eccf44eae8_redline_bbaad01a9e,clean/docx/ef7218d9e8_001893584bf94ff30c98db48cb8a0ea0ea5abc048f3e1a4d,clean/docx/aa5340125d_00a4b0b91e9b5b072dc3771391c2d608518690eccf44eae8,tracking_without_comments/docx/ef7218d9e8_001893584bf94ff30c98db48cb8a0ea0ea5abc048f3e1a4d__vs__aa5340125d_00a4b0b91e9b5b072dc3771391c2d608518690eccf44eae8_redline_bbaad01a9e.docx,tracking_without_comments/pdf/ef7218d9e8_001893584bf94ff30c98db48cb8a0ea0ea5abc048f3e1a4d__vs__aa5340125d_00a4b0b91e9b5b072dc3771391c2d608518690eccf44eae8_redline_bbaad01a9e.pdf,tracking_without_comments,bbaad01a9e,redlines_a100_b10
fd68f70f24_super_editor__ooxml_highlight_rstyle_linked_comb__vs__a04e2d2749_ooxml_style_link_redline_bc6acbef20,clean/docx/fd68f70f24_super_editor__ooxml_highlight_rstyle_linked_comb,clean/docx/a04e2d2749_ooxml_style_link,tracking_without_comments/docx/fd68f70f24_super_editor__ooxml_highlight_rstyle_linked_comb__vs__a04e2d2749_ooxml_style_link_redline_bc6acbef20.docx,tracking_without_comments/pdf/fd68f70f24_super_editor__ooxml_highlight_rstyle_linked_comb__vs__a04e2d2749_ooxml_style_link_redline_bc6acbef20.pdf,tracking_without_comments,bc6acbef20,word_redlines_superdoc_0926
591e5e7f06_file_106__vs__9de8d635f0_file_107_redline_bd17d03043,clean/docx/591e5e7f06_file_106,clean/docx/9de8d635f0_file_107,tracking_without_comments/docx/591e5e7f06_file_106__vs__9de8d635f0_file_107_redline_bd17d03043.docx,tracking_without_comments/pdf/591e5e7f06_file_106__vs__9de8d635f0_file_107_redline_bd17d03043.pdf,tracking_without_comments,bd17d03043,word_based_randomized
61e3967518_0011e415331e3b2d8031efcfcfecbb68df0f0b73b26350ce__vs__333bfe069a_003416d620331122b93b434dad901db5836f60d2cad4b533_redline_be1cdf6d38,clean/docx/61e3967518_0011e415331e3b2d8031efcfcfecbb68df0f0b73b26350ce,clean/docx/333bfe069a_003416d620331122b93b434dad901db5836f60d2cad4b533,tracking_without_comments/docx/61e3967518_0011e415331e3b2d8031efcfcfecbb68df0f0b73b26350ce__vs__333bfe069a_003416d620331122b93b434dad901db5836f60d2cad4b533_redline_be1cdf6d38.docx,tracking_without_comments/pdf/61e3967518_0011e415331e3b2d8031efcfcfecbb68df0f0b73b26350ce__vs__333bfe069a_003416d620331122b93b434dad901db5836f60d2cad4b533_redline_be1cdf6d38.pdf,tracking_without_comments,be1cdf6d38,redlines_a100_b10
59b0cdb4c5_f43d198617228aedfb40a784b13884e2d5d9f1169440af38__vs__e33a1cf779_6086d90a3677e518037b2da23736161a8ca4d2d1add1b8b3_redline_bef0012edd,clean/docx/59b0cdb4c5_f43d198617228aedfb40a784b13884e2d5d9f1169440af38,clean/docx/e33a1cf779_6086d90a3677e518037b2da23736161a8ca4d2d1add1b8b3,tracking_without_comments/docx/59b0cdb4c5_f43d198617228aedfb40a784b13884e2d5d9f1169440af38__vs__e33a1cf779_6086d90a3677e518037b2da23736161a8ca4d2d1add1b8b3_redline_bef0012edd.docx,tracking_without_comments/pdf/59b0cdb4c5_f43d198617228aedfb40a784b13884e2d5d9f1169440af38__vs__e33a1cf779_6086d90a3677e518037b2da23736161a8ca4d2d1add1b8b3_redline_bef0012edd.pdf,tracking_without_comments,bef0012edd,redlines_en_500
b27bda87ed_0023f7c421a05af9c44fb4ff9ef1bce46c53a081779b1e72__vs__2e04202552_000e3e7bd2d6215fc7b469cc3e296c1b2a510bc1abc7e0fd_redline_bfd8504834,clean/docx/b27bda87ed_0023f7c421a05af9c44fb4ff9ef1bce46c53a081779b1e72,clean/docx/2e04202552_000e3e7bd2d6215fc7b469cc3e296c1b2a510bc1abc7e0fd,tracking_without_comments/docx/b27bda87ed_0023f7c421a05af9c44fb4ff9ef1bce46c53a081779b1e72__vs__2e04202552_000e3e7bd2d6215fc7b469cc3e296c1b2a510bc1abc7e0fd_redline_bfd8504834.docx,tracking_without_comments/pdf/b27bda87ed_0023f7c421a05af9c44fb4ff9ef1bce46c53a081779b1e72__vs__2e04202552_000e3e7bd2d6215fc7b469cc3e296c1b2a510bc1abc7e0fd_redline_bfd8504834.pdf,tracking_without_comments,bfd8504834,redlines_a100_b10
b6f757462e_0006f7905281867ab0d0a45d88f88f72e2c15efbd9a8ed69__vs__deff0e697a_00b5defcad6e58038eac35472a2d48c89905068e5ece0cc3_redline_c0d5b06bcf,clean/docx/b6f757462e_0006f7905281867ab0d0a45d88f88f72e2c15efbd9a8ed69,clean/docx/deff0e697a_00b5defcad6e58038eac35472a2d48c89905068e5ece0cc3,tracking_without_comments/docx/b6f757462e_0006f7905281867ab0d0a45d88f88f72e2c15efbd9a8ed69__vs__deff0e697a_00b5defcad6e58038eac35472a2d48c89905068e5ece0cc3_redline_c0d5b06bcf.docx,tracking_without_comments/pdf/b6f757462e_0006f7905281867ab0d0a45d88f88f72e2c15efbd9a8ed69__vs__deff0e697a_00b5defcad6e58038eac35472a2d48c89905068e5ece0cc3_redline_c0d5b06bcf.pdf,tracking_without_comments,c0d5b06bcf,redlines_a100_b10
f94aeed5f5_001f4e98e9744f89b6f26b3741cb6439f8131bf89659230e__vs__2773adf157_0004c94ca2a8684d47449bb0e7abf87de1df71a7e6543252_redline_c1a7769ddd,clean/docx/f94aeed5f5_001f4e98e9744f89b6f26b3741cb6439f8131bf89659230e,clean/docx/2773adf157_0004c94ca2a8684d47449bb0e7abf87de1df71a7e6543252,tracking_without_comments/docx/f94aeed5f5_001f4e98e9744f89b6f26b3741cb6439f8131bf89659230e__vs__2773adf157_0004c94ca2a8684d47449bb0e7abf87de1df71a7e6543252_redline_c1a7769ddd.docx,tracking_without_comments/pdf/f94aeed5f5_001f4e98e9744f89b6f26b3741cb6439f8131bf89659230e__vs__2773adf157_0004c94ca2a8684d47449bb0e7abf87de1df71a7e6543252_redline_c1a7769ddd.pdf,tracking_without_comments,c1a7769ddd,redlines_a100_b10
ab859711f4_super_editor__custom_list_numbering1_7eb9fda4__vs__498a050671_super_editor__custom_list1_77f82bd7_redline_c277edafd3,clean/docx/ab859711f4_super_editor__custom_list_numbering1_7eb9fda4,clean/docx/498a050671_super_editor__custom_list1_77f82bd7,tracking_without_comments/docx/ab859711f4_super_editor__custom_list_numbering1_7eb9fda4__vs__498a050671_super_editor__custom_list1_77f82bd7_redline_c277edafd3.docx,tracking_without_comments/pdf/ab859711f4_super_editor__custom_list_numbering1_7eb9fda4__vs__498a050671_super_editor__custom_list1_77f82bd7_redline_c277edafd3.pdf,tracking_without_comments,c277edafd3,word_redlines_superdoc
96a0ee0e8f_004b3b3dd84014405562584f62d67267b9a7993e21b974e8__vs__deff0e697a_00b5defcad6e58038eac35472a2d48c89905068e5ece0cc3_redline_c3641772d7,clean/docx/96a0ee0e8f_004b3b3dd84014405562584f62d67267b9a7993e21b974e8,clean/docx/deff0e697a_00b5defcad6e58038eac35472a2d48c89905068e5ece0cc3,tracking_without_comments/docx/96a0ee0e8f_004b3b3dd84014405562584f62d67267b9a7993e21b974e8__vs__deff0e697a_00b5defcad6e58038eac35472a2d48c89905068e5ece0cc3_redline_c3641772d7.docx,tracking_without_comments/pdf/96a0ee0e8f_004b3b3dd84014405562584f62d67267b9a7993e21b974e8__vs__deff0e697a_00b5defcad6e58038eac35472a2d48c89905068e5ece0cc3_redline_c3641772d7.pdf,tracking_without_comments,c3641772d7,redlines_a100_b10
43801e6982_file_187__vs__020244dc00_file_188_redline_c48c01d665,clean/docx/43801e6982_file_187,tracking_without_comments/docx/020244dc00_file_188,tracking_without_comments/docx/43801e6982_file_187__vs__020244dc00_file_188_redline_c48c01d665.docx,tracking_without_comments/pdf/43801e6982_file_187__vs__020244dc00_file_188_redline_c48c01d665.pdf,tracking_without_comments,c48c01d665,nocomments_randomized
9afcac2667_track_changes_editing_strikethrough_id_paraid_ov__vs__a05927a875_track_changes_suggesting_bold_id_paraid_overflow_redline_c62d877ffe,clean/docx/9afcac2667_track_changes_editing_strikethrough_id_paraid_ov,clean/docx/a05927a875_track_changes_suggesting_bold_id_paraid_overflow,tracking_without_comments/docx/9afcac2667_track_changes_editing_strikethrough_id_paraid_ov__vs__a05927a875_track_changes_suggesting_bold_id_paraid_overflow_redline_c62d877ffe.docx,tracking_without_comments/pdf/9afcac2667_track_changes_editing_strikethrough_id_paraid_ov__vs__a05927a875_track_changes_suggesting_bold_id_paraid_overflow_redline_c62d877ffe.pdf,tracking_without_comments,c62d877ffe,nocomments
fdb2976d19_01415d08f6d1a428e6949533adcd6249cf25676d98d0b78c__vs__deff0e697a_00b5defcad6e58038eac35472a2d48c89905068e5ece0cc3_redline_c70f91f9b9,clean/docx/fdb2976d19_01415d08f6d1a428e6949533adcd6249cf25676d98d0b78c,clean/docx/deff0e697a_00b5defcad6e58038eac35472a2d48c89905068e5ece0cc3,tracking_without_comments/docx/fdb2976d19_01415d08f6d1a428e6949533adcd6249cf25676d98d0b78c__vs__deff0e697a_00b5defcad6e58038eac35472a2d48c89905068e5ece0cc3_redline_c70f91f9b9.docx,tracking_without_comments/pdf/fdb2976d19_01415d08f6d1a428e6949533adcd6249cf25676d98d0b78c__vs__deff0e697a_00b5defcad6e58038eac35472a2d48c89905068e5ece0cc3_redline_c70f91f9b9.pdf,tracking_without_comments,c70f91f9b9,redlines_a100_b10
689072d58f_590e77a9f5c0a2a019cfa2e1b21d0197fb139d0f9883f948__vs__b50d7a1bf1_af0035cc41059d71015cf5d0c46a8883f32b1118fdc695f1_redline_c8250e8905,clean/docx/689072d58f_590e77a9f5c0a2a019cfa2e1b21d0197fb139d0f9883f948,clean/docx/b50d7a1bf1_af0035cc41059d71015cf5d0c46a8883f32b1118fdc695f1,tracking_without_comments/docx/689072d58f_590e77a9f5c0a2a019cfa2e1b21d0197fb139d0f9883f948__vs__b50d7a1bf1_af0035cc41059d71015cf5d0c46a8883f32b1118fdc695f1_redline_c8250e8905.docx,tracking_without_comments/pdf/689072d58f_590e77a9f5c0a2a019cfa2e1b21d0197fb139d0f9883f948__vs__b50d7a1bf1_af0035cc41059d71015cf5d0c46a8883f32b1118fdc695f1_redline_c8250e8905.pdf,tracking_without_comments,c8250e8905,redlines_en_500
fdb2976d19_01415d08f6d1a428e6949533adcd6249cf25676d98d0b78c__vs__2e04202552_000e3e7bd2d6215fc7b469cc3e296c1b2a510bc1abc7e0fd_redline_c87d6d7acc,clean/docx/fdb2976d19_01415d08f6d1a428e6949533adcd6249cf25676d98d0b78c,clean/docx/2e04202552_000e3e7bd2d6215fc7b469cc3e296c1b2a510bc1abc7e0fd,tracking_without_comments/docx/fdb2976d19_01415d08f6d1a428e6949533adcd6249cf25676d98d0b78c__vs__2e04202552_000e3e7bd2d6215fc7b469cc3e296c1b2a510bc1abc7e0fd_redline_c87d6d7acc.docx,tracking_without_comments/pdf/fdb2976d19_01415d08f6d1a428e6949533adcd6249cf25676d98d0b78c__vs__2e04202552_000e3e7bd2d6215fc7b469cc3e296c1b2a510bc1abc7e0fd_redline_c87d6d7acc.pdf,tracking_without_comments,c87d6d7acc,redlines_a100_b10
968b9e9dda_bold_italic_combined_demo_id_paraid_overflow__vs__d340956045_bold_italic_underline_demo_id_paraid_overflow_redline_c914671b17,clean/docx/968b9e9dda_bold_italic_combined_demo_id_paraid_overflow,clean/docx/d340956045_bold_italic_underline_demo_id_paraid_overflow,tracking_without_comments/docx/968b9e9dda_bold_italic_combined_demo_id_paraid_overflow__vs__d340956045_bold_italic_underline_demo_id_paraid_overflow_redline_c914671b17.docx,tracking_without_comments/pdf/968b9e9dda_bold_italic_combined_demo_id_paraid_overflow__vs__d340956045_bold_italic_underline_demo_id_paraid_overflow_redline_c914671b17.pdf,tracking_without_comments,c914671b17,nocomments
a88f2ae357_0095a6095a0f74201c196f4944b3d93f4cf5cc20e4982903__vs__bd3824dd1e_000ee64ef7226d353297888f59a251e24ce5d776fea000fa_redline_cab517375d,clean/docx/a88f2ae357_0095a6095a0f74201c196f4944b3d93f4cf5cc20e4982903,clean/docx/bd3824dd1e_000ee64ef7226d353297888f59a251e24ce5d776fea000fa,tracking_without_comments/docx/a88f2ae357_0095a6095a0f74201c196f4944b3d93f4cf5cc20e4982903__vs__bd3824dd1e_000ee64ef7226d353297888f59a251e24ce5d776fea000fa_redline_cab517375d.docx,tracking_without_comments/pdf/a88f2ae357_0095a6095a0f74201c196f4944b3d93f4cf5cc20e4982903__vs__bd3824dd1e_000ee64ef7226d353297888f59a251e24ce5d776fea000fa_redline_cab517375d.pdf,tracking_without_comments,cab517375d,redlines_a100_b10
b714686939_9a41506d7fbb0d63da9941d021ec014c45154207904d708b__vs__0630fbac1b_abc1353804be504974138bfa1aca9f7f51124fbc7ba89b92_redline_cb17103a0f,clean/docx/b714686939_9a41506d7fbb0d63da9941d021ec014c45154207904d708b,clean/docx/0630fbac1b_abc1353804be504974138bfa1aca9f7f51124fbc7ba89b92,tracking_without_comments/docx/b714686939_9a41506d7fbb0d63da9941d021ec014c45154207904d708b__vs__0630fbac1b_abc1353804be504974138bfa1aca9f7f51124fbc7ba89b92_redline_cb17103a0f.docx,tracking_without_comments/pdf/b714686939_9a41506d7fbb0d63da9941d021ec014c45154207904d708b__vs__0630fbac1b_abc1353804be504974138bfa1aca9f7f51124fbc7ba89b92_redline_cb17103a0f.pdf,tracking_without_comments,cb17103a0f,redlines_en_500
d5fabd0d7b_inventory_list_suggesting_deletions__vs__097371c227_inventory_list_suggesting_mixed_edits_redline_cc1c952516,tracking_without_comments/docx/d5fabd0d7b_inventory_list_suggesting_deletions,tracking_without_comments/docx/097371c227_inventory_list_suggesting_mixed_edits,tracking_without_comments/docx/d5fabd0d7b_inventory_list_suggesting_deletions__vs__097371c227_inventory_list_suggesting_mixed_edits_redline_cc1c952516.docx,tracking_without_comments/pdf/d5fabd0d7b_inventory_list_suggesting_deletions__vs__097371c227_inventory_list_suggesting_mixed_edits_redline_cc1c952516.pdf,tracking_without_comments,cc1c952516,nocomments
cc901c34fc_004028ecdee3787e97aed9dafb5feb104b20ab5540af6e39__vs__2e04202552_000e3e7bd2d6215fc7b469cc3e296c1b2a510bc1abc7e0fd_redline_cda19d51ed,clean/docx/cc901c34fc_004028ecdee3787e97aed9dafb5feb104b20ab5540af6e39,clean/docx/2e04202552_000e3e7bd2d6215fc7b469cc3e296c1b2a510bc1abc7e0fd,tracking_without_comments/docx/cc901c34fc_004028ecdee3787e97aed9dafb5feb104b20ab5540af6e39__vs__2e04202552_000e3e7bd2d6215fc7b469cc3e296c1b2a510bc1abc7e0fd_redline_cda19d51ed.docx,tracking_without_comments/pdf/cc901c34fc_004028ecdee3787e97aed9dafb5feb104b20ab5540af6e39__vs__2e04202552_000e3e7bd2d6215fc7b469cc3e296c1b2a510bc1abc7e0fd_redline_cda19d51ed.pdf,tracking_without_comments,cda19d51ed,redlines_a100_b10
de2a4c9936_marketing_strategy_2026_suggesting_insertions__vs__90e2c33814_meeting_agenda_table_2_redline_cf4189e197,tracking_without_comments/docx/de2a4c9936_marketing_strategy_2026_suggesting_insertions,clean/docx/90e2c33814_meeting_agenda_table_2,tracking_without_comments/docx/de2a4c9936_marketing_strategy_2026_suggesting_insertions__vs__90e2c33814_meeting_agenda_table_2_redline_cf4189e197.docx,tracking_without_comments/pdf/de2a4c9936_marketing_strategy_2026_suggesting_insertions__vs__90e2c33814_meeting_agenda_table_2_redline_cf4189e197.pdf,tracking_without_comments,cf4189e197,word_based
8e362f619c_001a1c8e7a7ce5a802479fb58bf4affd239449ecb33b64ec__vs__5203829c7a_001cc92b88566d5f930fe57f25813c0bf52a7bdc72c217d0_redline_d0caf04bf5,clean/docx/8e362f619c_001a1c8e7a7ce5a802479fb58bf4affd239449ecb33b64ec,clean/docx/5203829c7a_001cc92b88566d5f930fe57f25813c0bf52a7bdc72c217d0,tracking_without_comments/docx/8e362f619c_001a1c8e7a7ce5a802479fb58bf4affd239449ecb33b64ec__vs__5203829c7a_001cc92b88566d5f930fe57f25813c0bf52a7bdc72c217d0_redline_d0caf04bf5.docx,tracking_without_comments/pdf/8e362f619c_001a1c8e7a7ce5a802479fb58bf4affd239449ecb33b64ec__vs__5203829c7a_001cc92b88566d5f930fe57f25813c0bf52a7bdc72c217d0_redline_d0caf04bf5.pdf,tracking_without_comments,d0caf04bf5,redlines_a100_b10
4fe24cc3d9_2b4ba26edac9365d1c7e4d627b45febf3b4a4fb075f9c7d4__vs__7b852c051b_28c6466532f6447866e5b9d8e67e4fd72163c69db1ea24c0_redline_d1b038c74f,clean/docx/4fe24cc3d9_2b4ba26edac9365d1c7e4d627b45febf3b4a4fb075f9c7d4,clean/docx/7b852c051b_28c6466532f6447866e5b9d8e67e4fd72163c69db1ea24c0,tracking_without_comments/docx/4fe24cc3d9_2b4ba26edac9365d1c7e4d627b45febf3b4a4fb075f9c7d4__vs__7b852c051b_28c6466532f6447866e5b9d8e67e4fd72163c69db1ea24c0_redline_d1b038c74f.docx,tracking_without_comments/pdf/4fe24cc3d9_2b4ba26edac9365d1c7e4d627b45febf3b4a4fb075f9c7d4__vs__7b852c051b_28c6466532f6447866e5b9d8e67e4fd72163c69db1ea24c0_redline_d1b038c74f.pdf,tracking_without_comments,d1b038c74f,redlines_en_500
32328b55db_docx_lots_of_comments_addition_removal_redline_r__vs__d996bef4c8_docx_lots_of_comments_addition_removal_redline_redline_d23d9c8cc7,tracking_without_comments/docx/32328b55db_docx_lots_of_comments_addition_removal_redline_r,tracking_without_comments/docx/d996bef4c8_docx_lots_of_comments_addition_removal_redline,clean/docx/32328b55db_docx_lots_of_comments_addition_removal_redline_r__vs__d996bef4c8_docx_lots_of_comments_addition_removal_redline_redline_d23d9c8cc7.docx,clean/pdf/32328b55db_docx_lots_of_comments_addition_removal_redline_r__vs__d996bef4c8_docx_lots_of_comments_addition_removal_redline_redline_d23d9c8cc7.pdf,clean,d23d9c8cc7,nocomments
5c9b05a33e_00587c7398e1a788e79e8da144019f60214b4ac572ea28a3__vs__2e04202552_000e3e7bd2d6215fc7b469cc3e296c1b2a510bc1abc7e0fd_redline_d343741218,clean/docx/5c9b05a33e_00587c7398e1a788e79e8da144019f60214b4ac572ea28a3,clean/docx/2e04202552_000e3e7bd2d6215fc7b469cc3e296c1b2a510bc1abc7e0fd,tracking_without_comments/docx/5c9b05a33e_00587c7398e1a788e79e8da144019f60214b4ac572ea28a3__vs__2e04202552_000e3e7bd2d6215fc7b469cc3e296c1b2a510bc1abc7e0fd_redline_d343741218.docx,tracking_without_comments/pdf/5c9b05a33e_00587c7398e1a788e79e8da144019f60214b4ac572ea28a3__vs__2e04202552_000e3e7bd2d6215fc7b469cc3e296c1b2a510bc1abc7e0fd_redline_d343741218.pdf,tracking_without_comments,d343741218,redlines_a100_b10
2ad8d15e88_00e901c5aa86bd93002ce801375c57e44c2c78a0e5b308d3__vs__aa5340125d_00a4b0b91e9b5b072dc3771391c2d608518690eccf44eae8_redline_d46c3f3f79,clean/docx/2ad8d15e88_00e901c5aa86bd93002ce801375c57e44c2c78a0e5b308d3,clean/docx/aa5340125d_00a4b0b91e9b5b072dc3771391c2d608518690eccf44eae8,tracking_without_comments/docx/2ad8d15e88_00e901c5aa86bd93002ce801375c57e44c2c78a0e5b308d3__vs__aa5340125d_00a4b0b91e9b5b072dc3771391c2d608518690eccf44eae8_redline_d46c3f3f79.docx,tracking_without_comments/pdf/2ad8d15e88_00e901c5aa86bd93002ce801375c57e44c2c78a0e5b308d3__vs__aa5340125d_00a4b0b91e9b5b072dc3771391c2d608518690eccf44eae8_redline_d46c3f3f79.pdf,tracking_without_comments,d46c3f3f79,redlines_a100_b10
1b9445becb_000516b844a100814a91ff4628bfc37fed6090074bfa22e1__vs__342f364d46_001342333d45627868f4dc5282abbba4598a91b4a7584b08_redline_d523f41499,clean/docx/1b9445becb_000516b844a100814a91ff4628bfc37fed6090074bfa22e1,clean/docx/342f364d46_001342333d45627868f4dc5282abbba4598a91b4a7584b08,tracking_without_comments/docx/1b9445becb_000516b844a100814a91ff4628bfc37fed6090074bfa22e1__vs__342f364d46_001342333d45627868f4dc5282abbba4598a91b4a7584b08_redline_d523f41499.docx,tracking_without_comments/pdf/1b9445becb_000516b844a100814a91ff4628bfc37fed6090074bfa22e1__vs__342f364d46_001342333d45627868f4dc5282abbba4598a91b4a7584b08_redline_d523f41499.pdf,tracking_without_comments,d523f41499,redlines_a100_b10
fb85d194cb_23203fe6d92dfd722597a5820480664b6fa93fdf63d04cbe__vs__5d88ca2fc6_613418ce0a9bb74e12692fcaaa305ebd1196a5e3a8f56a13_redline_d610d90c10,clean/docx/fb85d194cb_23203fe6d92dfd722597a5820480664b6fa93fdf63d04cbe,clean/docx/5d88ca2fc6_613418ce0a9bb74e12692fcaaa305ebd1196a5e3a8f56a13,tracking_without_comments/docx/fb85d194cb_23203fe6d92dfd722597a5820480664b6fa93fdf63d04cbe__vs__5d88ca2fc6_613418ce0a9bb74e12692fcaaa305ebd1196a5e3a8f56a13_redline_d610d90c10.docx,tracking_without_comments/pdf/fb85d194cb_23203fe6d92dfd722597a5820480664b6fa93fdf63d04cbe__vs__5d88ca2fc6_613418ce0a9bb74e12692fcaaa305ebd1196a5e3a8f56a13_redline_d610d90c10.pdf,tracking_without_comments,d610d90c10,redlines_en_500
1e709d032c_file_97__vs__fd1d891f44_file_98_redline_d69253ba92,clean/docx/1e709d032c_file_97,clean/docx/fd1d891f44_file_98,tracking_without_comments/docx/1e709d032c_file_97__vs__fd1d891f44_file_98_redline_d69253ba92.docx,tracking_without_comments/pdf/1e709d032c_file_97__vs__fd1d891f44_file_98_redline_d69253ba92.pdf,tracking_without_comments,d69253ba92,nocomments_randomized
301e302820_super_editor__basic_page_nums_d5b08fc3__vs__9332d3001f_super_editor__sdpr_titleonly_b0796676_redline_d7c2cc04c6,clean/docx/301e302820_super_editor__basic_page_nums_d5b08fc3,clean/docx/9332d3001f_super_editor__sdpr_titleonly_b0796676,tracking_without_comments/docx/301e302820_super_editor__basic_page_nums_d5b08fc3__vs__9332d3001f_super_editor__sdpr_titleonly_b0796676_redline_d7c2cc04c6.docx,tracking_without_comments/pdf/301e302820_super_editor__basic_page_nums_d5b08fc3__vs__9332d3001f_super_editor__sdpr_titleonly_b0796676_redline_d7c2cc04c6.pdf,tracking_without_comments,d7c2cc04c6,word_redlines_superdoc_0926
81f7cad226_009fa3f6b717df4d0e9371d67f305110d5096bc9178134b0__vs__1424386e9b_017447de83753a0e3b7afc659df038ef56972925336c6a5b_redline_d8669ef4ce,clean/docx/81f7cad226_009fa3f6b717df4d0e9371d67f305110d5096bc9178134b0,clean/docx/1424386e9b_017447de83753a0e3b7afc659df038ef56972925336c6a5b,tracking_without_comments/docx/81f7cad226_009fa3f6b717df4d0e9371d67f305110d5096bc9178134b0__vs__1424386e9b_017447de83753a0e3b7afc659df038ef56972925336c6a5b_redline_d8669ef4ce.docx,tracking_without_comments/pdf/81f7cad226_009fa3f6b717df4d0e9371d67f305110d5096bc9178134b0__vs__1424386e9b_017447de83753a0e3b7afc659df038ef56972925336c6a5b_redline_d8669ef4ce.pdf,tracking_without_comments,d8669ef4ce,redlines_a100_b10
b9dcab0309_542393d4842fda31b144a5073c88785d2cd62d857cc5679e__vs__272fd64000_3f7a021187109447b983236dc9847a42959ff4a9b610027b_redline_d95b46e5ca,clean/docx/b9dcab0309_542393d4842fda31b144a5073c88785d2cd62d857cc5679e,clean/docx/272fd64000_3f7a021187109447b983236dc9847a42959ff4a9b610027b,tracking_without_comments/docx/b9dcab0309_542393d4842fda31b144a5073c88785d2cd62d857cc5679e__vs__272fd64000_3f7a021187109447b983236dc9847a42959ff4a9b610027b_redline_d95b46e5ca.docx,tracking_without_comments/pdf/b9dcab0309_542393d4842fda31b144a5073c88785d2cd62d857cc5679e__vs__272fd64000_3f7a021187109447b983236dc9847a42959ff4a9b610027b_redline_d95b46e5ca.pdf,tracking_without_comments,d95b46e5ca,redlines_en_500
16b3bdf24f_1a9cd33781356357316c3cb0c6eed3bad72d886ad1d68dbf__vs__dbe46677da_15002e7727c63ec67c92d78a641d5d0d74911f1e64a806e8_redline_da83c9a20b,clean/docx/16b3bdf24f_1a9cd33781356357316c3cb0c6eed3bad72d886ad1d68dbf,clean/docx/dbe46677da_15002e7727c63ec67c92d78a641d5d0d74911f1e64a806e8,tracking_without_comments/docx/16b3bdf24f_1a9cd33781356357316c3cb0c6eed3bad72d886ad1d68dbf__vs__dbe46677da_15002e7727c63ec67c92d78a641d5d0d74911f1e64a806e8_redline_da83c9a20b.docx,tracking_without_comments/pdf/16b3bdf24f_1a9cd33781356357316c3cb0c6eed3bad72d886ad1d68dbf__vs__dbe46677da_15002e7727c63ec67c92d78a641d5d0d74911f1e64a806e8_redline_da83c9a20b.pdf,tracking_without_comments,da83c9a20b,redlines_en_500
0dc1cffa18_multi_section__vs__32997dd3c9_potpourritest_redline_db11975aa4,clean/docx/0dc1cffa18_multi_section,tracking_without_comments/docx/32997dd3c9_potpourritest,tracking_without_comments/docx/0dc1cffa18_multi_section__vs__32997dd3c9_potpourritest_redline_db11975aa4.docx,tracking_without_comments/pdf/0dc1cffa18_multi_section__vs__32997dd3c9_potpourritest_redline_db11975aa4.pdf,tracking_without_comments,db11975aa4,nocomments
45e6f5a2e1_00077bf334f45f6bc64fb5b73e579587002b3ccb55de03f8__vs__a5f2b9318d_002aa60c2ae1187417b4b157c5ec6450324cc056ec551a12_redline_dbf06e1ebf,clean/docx/45e6f5a2e1_00077bf334f45f6bc64fb5b73e579587002b3ccb55de03f8,clean/docx/a5f2b9318d_002aa60c2ae1187417b4b157c5ec6450324cc056ec551a12,tracking_without_comments/docx/45e6f5a2e1_00077bf334f45f6bc64fb5b73e579587002b3ccb55de03f8__vs__a5f2b9318d_002aa60c2ae1187417b4b157c5ec6450324cc056ec551a12_redline_dbf06e1ebf.docx,tracking_without_comments/pdf/45e6f5a2e1_00077bf334f45f6bc64fb5b73e579587002b3ccb55de03f8__vs__a5f2b9318d_002aa60c2ae1187417b4b157c5ec6450324cc056ec551a12_redline_dbf06e1ebf.pdf,tracking_without_comments,dbf06e1ebf,redlines_a100_b10
98c8b73841_0041d3944715c2fffc5929695f968e5f399e85b139fba063__vs__342f364d46_001342333d45627868f4dc5282abbba4598a91b4a7584b08_redline_dd200b33ce,clean/docx/98c8b73841_0041d3944715c2fffc5929695f968e5f399e85b139fba063,clean/docx/342f364d46_001342333d45627868f4dc5282abbba4598a91b4a7584b08,tracking_without_comments/docx/98c8b73841_0041d3944715c2fffc5929695f968e5f399e85b139fba063__vs__342f364d46_001342333d45627868f4dc5282abbba4598a91b4a7584b08_redline_dd200b33ce.docx,tracking_without_comments/pdf/98c8b73841_0041d3944715c2fffc5929695f968e5f399e85b139fba063__vs__342f364d46_001342333d45627868f4dc5282abbba4598a91b4a7584b08_redline_dd200b33ce.pdf,tracking_without_comments,dd200b33ce,redlines_a100_b10
dc0cc27640_00749d7a966661b332df84521285ab93426ed3a255523f39__vs__342f364d46_001342333d45627868f4dc5282abbba4598a91b4a7584b08_redline_de3fd1e089,clean/docx/dc0cc27640_00749d7a966661b332df84521285ab93426ed3a255523f39,clean/docx/342f364d46_001342333d45627868f4dc5282abbba4598a91b4a7584b08,tracking_without_comments/docx/dc0cc27640_00749d7a966661b332df84521285ab93426ed3a255523f39__vs__342f364d46_001342333d45627868f4dc5282abbba4598a91b4a7584b08_redline_de3fd1e089.docx,tracking_without_comments/pdf/dc0cc27640_00749d7a966661b332df84521285ab93426ed3a255523f39__vs__342f364d46_001342333d45627868f4dc5282abbba4598a91b4a7584b08_redline_de3fd1e089.pdf,tracking_without_comments,de3fd1e089,redlines_a100_b10
29379c07bf_002adf0715eed4d213774c26c60c78624c2a3cbb3d0397d2__vs__2773adf157_0004c94ca2a8684d47449bb0e7abf87de1df71a7e6543252_redline_dfc890ebe7,clean/docx/29379c07bf_002adf0715eed4d213774c26c60c78624c2a3cbb3d0397d2,clean/docx/2773adf157_0004c94ca2a8684d47449bb0e7abf87de1df71a7e6543252,tracking_without_comments/docx/29379c07bf_002adf0715eed4d213774c26c60c78624c2a3cbb3d0397d2__vs__2773adf157_0004c94ca2a8684d47449bb0e7abf87de1df71a7e6543252_redline_dfc890ebe7.docx,tracking_without_comments/pdf/29379c07bf_002adf0715eed4d213774c26c60c78624c2a3cbb3d0397d2__vs__2773adf157_0004c94ca2a8684d47449bb0e7abf87de1df71a7e6543252_redline_dfc890ebe7.pdf,tracking_without_comments,dfc890ebe7,redlines_a100_b10
899ef4306e_0017891576e438292c35db3155e97d16ec0d68144e21bfc3__vs__deff0e697a_00b5defcad6e58038eac35472a2d48c89905068e5ece0cc3_redline_e0ba0467a2,clean/docx/899ef4306e_0017891576e438292c35db3155e97d16ec0d68144e21bfc3,clean/docx/deff0e697a_00b5defcad6e58038eac35472a2d48c89905068e5ece0cc3,tracking_without_comments/docx/899ef4306e_0017891576e438292c35db3155e97d16ec0d68144e21bfc3__vs__deff0e697a_00b5defcad6e58038eac35472a2d48c89905068e5ece0cc3_redline_e0ba0467a2.docx,tracking_without_comments/pdf/899ef4306e_0017891576e438292c35db3155e97d16ec0d68144e21bfc3__vs__deff0e697a_00b5defcad6e58038eac35472a2d48c89905068e5ece0cc3_redline_e0ba0467a2.pdf,tracking_without_comments,e0ba0467a2,redlines_a100_b10
16ad37e660_87160078dd3ce2778683d3a74ce659126834ee6b8d767dcc__vs__7e2920b1a9_950faedd1066df99d1eac4ab70f5b91f6988516145dc8854_redline_e1981b6e58,clean/docx/16ad37e660_87160078dd3ce2778683d3a74ce659126834ee6b8d767dcc,clean/docx/7e2920b1a9_950faedd1066df99d1eac4ab70f5b91f6988516145dc8854,tracking_without_comments/docx/16ad37e660_87160078dd3ce2778683d3a74ce659126834ee6b8d767dcc__vs__7e2920b1a9_950faedd1066df99d1eac4ab70f5b91f6988516145dc8854_redline_e1981b6e58.docx,tracking_without_comments/pdf/16ad37e660_87160078dd3ce2778683d3a74ce659126834ee6b8d767dcc__vs__7e2920b1a9_950faedd1066df99d1eac4ab70f5b91f6988516145dc8854_redline_e1981b6e58.pdf,tracking_without_comments,e1981b6e58,redlines_en_500
05cadf8b81_b41061303601c5466eaae8808a8196ad9aa4e79040a716a9__vs__7e0db913e2_beeb804b22eaff60a3f67611690f5c9b42475c58bf23fd75_redline_e23c1442ca,clean/docx/05cadf8b81_b41061303601c5466eaae8808a8196ad9aa4e79040a716a9,clean/docx/7e0db913e2_beeb804b22eaff60a3f67611690f5c9b42475c58bf23fd75,tracking_without_comments/docx/05cadf8b81_b41061303601c5466eaae8808a8196ad9aa4e79040a716a9__vs__7e0db913e2_beeb804b22eaff60a3f67611690f5c9b42475c58bf23fd75_redline_e23c1442ca.docx,tracking_without_comments/pdf/05cadf8b81_b41061303601c5466eaae8808a8196ad9aa4e79040a716a9__vs__7e0db913e2_beeb804b22eaff60a3f67611690f5c9b42475c58bf23fd75_redline_e23c1442ca.pdf,tracking_without_comments,e23c1442ca,redlines_en_500
38694026fb_0003b3ae2b115676d918e72f694790ddb64563721bb4a48d__vs__deff0e697a_00b5defcad6e58038eac35472a2d48c89905068e5ece0cc3_redline_e3cc1c7993,clean/docx/38694026fb_0003b3ae2b115676d918e72f694790ddb64563721bb4a48d,clean/docx/deff0e697a_00b5defcad6e58038eac35472a2d48c89905068e5ece0cc3,tracking_without_comments/docx/38694026fb_0003b3ae2b115676d918e72f694790ddb64563721bb4a48d__vs__deff0e697a_00b5defcad6e58038eac35472a2d48c89905068e5ece0cc3_redline_e3cc1c7993.docx,tracking_without_comments/pdf/38694026fb_0003b3ae2b115676d918e72f694790ddb64563721bb4a48d__vs__deff0e697a_00b5defcad6e58038eac35472a2d48c89905068e5ece0cc3_redline_e3cc1c7993.pdf,tracking_without_comments,e3cc1c7993,redlines_a100_b10
29379c07bf_002adf0715eed4d213774c26c60c78624c2a3cbb3d0397d2__vs__a5f2b9318d_002aa60c2ae1187417b4b157c5ec6450324cc056ec551a12_redline_e4c9e96f09,clean/docx/29379c07bf_002adf0715eed4d213774c26c60c78624c2a3cbb3d0397d2,clean/docx/a5f2b9318d_002aa60c2ae1187417b4b157c5ec6450324cc056ec551a12,tracking_without_comments/docx/29379c07bf_002adf0715eed4d213774c26c60c78624c2a3cbb3d0397d2__vs__a5f2b9318d_002aa60c2ae1187417b4b157c5ec6450324cc056ec551a12_redline_e4c9e96f09.docx,tracking_without_comments/pdf/29379c07bf_002adf0715eed4d213774c26c60c78624c2a3cbb3d0397d2__vs__a5f2b9318d_002aa60c2ae1187417b4b157c5ec6450324cc056ec551a12_redline_e4c9e96f09.pdf,tracking_without_comments,e4c9e96f09,redlines_a100_b10
c7b4db5d0e_file_184__vs__fad186fbc9_file_185_redline_e5d359e783,clean/docx/c7b4db5d0e_file_184,tracking_without_comments/docx/fad186fbc9_file_185,tracking_without_comments/docx/c7b4db5d0e_file_184__vs__fad186fbc9_file_185_redline_e5d359e783.docx,tracking_without_comments/pdf/c7b4db5d0e_file_184__vs__fad186fbc9_file_185_redline_e5d359e783.pdf,tracking_without_comments,e5d359e783,nocomments_randomized
c9822f1008_docx_lots_of_comments_addition_redline__vs__32328b55db_docx_lots_of_comments_addition_removal_redline_r_redline_e6e61fc33f,tracking_without_comments/docx/c9822f1008_docx_lots_of_comments_addition_redline,tracking_without_comments/docx/32328b55db_docx_lots_of_comments_addition_removal_redline_r,clean/docx/c9822f1008_docx_lots_of_comments_addition_redline__vs__32328b55db_docx_lots_of_comments_addition_removal_redline_r_redline_e6e61fc33f.docx,clean/pdf/c9822f1008_docx_lots_of_comments_addition_redline__vs__32328b55db_docx_lots_of_comments_addition_removal_redline_r_redline_e6e61fc33f.pdf,clean,e6e61fc33f,nocomments
b8f8ef169e_0942425150346a44cbc48f8513062251cb9b20eae03668ca__vs__bc5fbc1be6_2c6ba8525a94ba9a7c1b2af73a04cad00a87499047a3f6b9_redline_e86d844120,clean/docx/b8f8ef169e_0942425150346a44cbc48f8513062251cb9b20eae03668ca,clean/docx/bc5fbc1be6_2c6ba8525a94ba9a7c1b2af73a04cad00a87499047a3f6b9,tracking_without_comments/docx/b8f8ef169e_0942425150346a44cbc48f8513062251cb9b20eae03668ca__vs__bc5fbc1be6_2c6ba8525a94ba9a7c1b2af73a04cad00a87499047a3f6b9_redline_e86d844120.docx,tracking_without_comments/pdf/b8f8ef169e_0942425150346a44cbc48f8513062251cb9b20eae03668ca__vs__bc5fbc1be6_2c6ba8525a94ba9a7c1b2af73a04cad00a87499047a3f6b9_redline_e86d844120.pdf,tracking_without_comments,e86d844120,redlines_en_500
9e0ea45493_file_58__vs__d2ca7c70b1_file_59_redline_e8fd5d8c83,clean/docx/9e0ea45493_file_58,clean/docx/d2ca7c70b1_file_59,tracking_without_comments/docx/9e0ea45493_file_58__vs__d2ca7c70b1_file_59_redline_e8fd5d8c83.docx,tracking_without_comments/pdf/9e0ea45493_file_58__vs__d2ca7c70b1_file_59_redline_e8fd5d8c83.pdf,tracking_without_comments,e8fd5d8c83,nocomments_randomized
834c9f9f35_file_57__vs__19a25c21ea_file_58_redline_e9cb6a04e1,clean/docx/834c9f9f35_file_57,clean/docx/19a25c21ea_file_58,tracking_without_comments/docx/834c9f9f35_file_57__vs__19a25c21ea_file_58_redline_e9cb6a04e1.docx,tracking_without_comments/pdf/834c9f9f35_file_57__vs__19a25c21ea_file_58_redline_e9cb6a04e1.pdf,tracking_without_comments,e9cb6a04e1,word_based_randomized
5d185fb0dd_006ab612b3ae2e0b1915746c660d9ea64842d89c434e0a09__vs__2e04202552_000e3e7bd2d6215fc7b469cc3e296c1b2a510bc1abc7e0fd_redline_ea6031f9c6,clean/docx/5d185fb0dd_006ab612b3ae2e0b1915746c660d9ea64842d89c434e0a09,clean/docx/2e04202552_000e3e7bd2d6215fc7b469cc3e296c1b2a510bc1abc7e0fd,tracking_without_comments/docx/5d185fb0dd_006ab612b3ae2e0b1915746c660d9ea64842d89c434e0a09__vs__2e04202552_000e3e7bd2d6215fc7b469cc3e296c1b2a510bc1abc7e0fd_redline_ea6031f9c6.docx,tracking_without_comments/pdf/5d185fb0dd_006ab612b3ae2e0b1915746c660d9ea64842d89c434e0a09__vs__2e04202552_000e3e7bd2d6215fc7b469cc3e296c1b2a510bc1abc7e0fd_redline_ea6031f9c6.pdf,tracking_without_comments,ea6031f9c6,redlines_a100_b10
9ef2a93274_super_editor__tab_alignment_test_184edb5d__vs__37f61a9c26_super_editor__tab_test_576c8317_redline_eb889d8159,clean/docx/9ef2a93274_super_editor__tab_alignment_test_184edb5d,clean/docx/37f61a9c26_super_editor__tab_test_576c8317,tracking_without_comments/docx/9ef2a93274_super_editor__tab_alignment_test_184edb5d__vs__37f61a9c26_super_editor__tab_test_576c8317_redline_eb889d8159.docx,tracking_without_comments/pdf/9ef2a93274_super_editor__tab_alignment_test_184edb5d__vs__37f61a9c26_super_editor__tab_test_576c8317_redline_eb889d8159.pdf,tracking_without_comments,eb889d8159,word_redlines_superdoc
4ade5f9207_009df71a7ecb41f9da0135915e2e4d68176e296ff69c9af0__vs__342f364d46_001342333d45627868f4dc5282abbba4598a91b4a7584b08_redline_ec7d978fc5,clean/docx/4ade5f9207_009df71a7ecb41f9da0135915e2e4d68176e296ff69c9af0,clean/docx/342f364d46_001342333d45627868f4dc5282abbba4598a91b4a7584b08,tracking_without_comments/docx/4ade5f9207_009df71a7ecb41f9da0135915e2e4d68176e296ff69c9af0__vs__342f364d46_001342333d45627868f4dc5282abbba4598a91b4a7584b08_redline_ec7d978fc5.docx,tracking_without_comments/pdf/4ade5f9207_009df71a7ecb41f9da0135915e2e4d68176e296ff69c9af0__vs__342f364d46_001342333d45627868f4dc5282abbba4598a91b4a7584b08_redline_ec7d978fc5.pdf,tracking_without_comments,ec7d978fc5,redlines_a100_b10
f94aeed5f5_001f4e98e9744f89b6f26b3741cb6439f8131bf89659230e__vs__1424386e9b_017447de83753a0e3b7afc659df038ef56972925336c6a5b_redline_ece42865e7,clean/docx/f94aeed5f5_001f4e98e9744f89b6f26b3741cb6439f8131bf89659230e,clean/docx/1424386e9b_017447de83753a0e3b7afc659df038ef56972925336c6a5b,tracking_without_comments/docx/f94aeed5f5_001f4e98e9744f89b6f26b3741cb6439f8131bf89659230e__vs__1424386e9b_017447de83753a0e3b7afc659df038ef56972925336c6a5b_redline_ece42865e7.docx,tracking_without_comments/pdf/f94aeed5f5_001f4e98e9744f89b6f26b3741cb6439f8131bf89659230e__vs__1424386e9b_017447de83753a0e3b7afc659df038ef56972925336c6a5b_redline_ece42865e7.pdf,tracking_without_comments,ece42865e7,redlines_a100_b10
95c855b9a0_001671bbb68c5b9ebebebfc8be69252ccc195babb3129278__vs__2773adf157_0004c94ca2a8684d47449bb0e7abf87de1df71a7e6543252_redline_ee4fe9eb15,clean/docx/95c855b9a0_001671bbb68c5b9ebebebfc8be69252ccc195babb3129278,clean/docx/2773adf157_0004c94ca2a8684d47449bb0e7abf87de1df71a7e6543252,tracking_without_comments/docx/95c855b9a0_001671bbb68c5b9ebebebfc8be69252ccc195babb3129278__vs__2773adf157_0004c94ca2a8684d47449bb0e7abf87de1df71a7e6543252_redline_ee4fe9eb15.docx,tracking_without_comments/pdf/95c855b9a0_001671bbb68c5b9ebebebfc8be69252ccc195babb3129278__vs__2773adf157_0004c94ca2a8684d47449bb0e7abf87de1df71a7e6543252_redline_ee4fe9eb15.pdf,tracking_without_comments,ee4fe9eb15,redlines_a100_b10
74afe04686_000416d5ee481974205314977bda4d0b297b97cf56f55f5a__vs__1424386e9b_017447de83753a0e3b7afc659df038ef56972925336c6a5b_redline_eee4f02ca3,clean/docx/74afe04686_000416d5ee481974205314977bda4d0b297b97cf56f55f5a,clean/docx/1424386e9b_017447de83753a0e3b7afc659df038ef56972925336c6a5b,tracking_without_comments/docx/74afe04686_000416d5ee481974205314977bda4d0b297b97cf56f55f5a__vs__1424386e9b_017447de83753a0e3b7afc659df038ef56972925336c6a5b_redline_eee4f02ca3.docx,tracking_without_comments/pdf/74afe04686_000416d5ee481974205314977bda4d0b297b97cf56f55f5a__vs__1424386e9b_017447de83753a0e3b7afc659df038ef56972925336c6a5b_redline_eee4f02ca3.pdf,tracking_without_comments,eee4f02ca3,redlines_a100_b10
e0c966e5ff_file_83__vs__0619bc1b1d_file_84_redline_ef42391c98,clean/docx/e0c966e5ff_file_83,clean/docx/0619bc1b1d_file_84,tracking_without_comments/docx/e0c966e5ff_file_83__vs__0619bc1b1d_file_84_redline_ef42391c98.docx,tracking_without_comments/pdf/e0c966e5ff_file_83__vs__0619bc1b1d_file_84_redline_ef42391c98.pdf,tracking_without_comments,ef42391c98,word_based_randomized_0926
24643f4e34_file_154__vs__a94f5abc6f_file_155_redline_efb44b2344,clean/docx/24643f4e34_file_154,clean/docx/a94f5abc6f_file_155,tracking_without_comments/docx/24643f4e34_file_154__vs__a94f5abc6f_file_155_redline_efb44b2344.docx,tracking_without_comments/pdf/24643f4e34_file_154__vs__a94f5abc6f_file_155_redline_efb44b2344.pdf,tracking_without_comments,efb44b2344,nocomments_randomized
3acdeac275_df07344201b2e66cf9240d031d4d557ff431584640d8b6e2__vs__9c1bf5f235_e8ae4e9f3b84c0245227948ea7906659c244ca4bf1ac5b96_redline_f0b602dce0,clean/docx/3acdeac275_df07344201b2e66cf9240d031d4d557ff431584640d8b6e2,clean/docx/9c1bf5f235_e8ae4e9f3b84c0245227948ea7906659c244ca4bf1ac5b96,tracking_without_comments/docx/3acdeac275_df07344201b2e66cf9240d031d4d557ff431584640d8b6e2__vs__9c1bf5f235_e8ae4e9f3b84c0245227948ea7906659c244ca4bf1ac5b96_redline_f0b602dce0.docx,tracking_without_comments/pdf/3acdeac275_df07344201b2e66cf9240d031d4d557ff431584640d8b6e2__vs__9c1bf5f235_e8ae4e9f3b84c0245227948ea7906659c244ca4bf1ac5b96_redline_f0b602dce0.pdf,tracking_without_comments,f0b602dce0,redlines_en_500
3539cf2404_cli_legacy__replace_test_0a793f01__vs__d48e02b548_super_editor__google_docs_originated_comments_redline_f194709881,with_comments_tracking/docx/3539cf2404_cli_legacy__replace_test_0a793f01,with_comments_tracking/docx/d48e02b548_super_editor__google_docs_originated_comments,with_comments_tracking/docx/3539cf2404_cli_legacy__replace_test_0a793f01__vs__d48e02b548_super_editor__google_docs_originated_comments_redline_f194709881.docx,with_comments_tracking/pdf/3539cf2404_cli_legacy__replace_test_0a793f01__vs__d48e02b548_super_editor__google_docs_originated_comments_redline_f194709881.pdf,with_comments_tracking,f194709881,word_redlines_superdoc
2ad8d15e88_00e901c5aa86bd93002ce801375c57e44c2c78a0e5b308d3__vs__342f364d46_001342333d45627868f4dc5282abbba4598a91b4a7584b08_redline_f263af77b3,clean/docx/2ad8d15e88_00e901c5aa86bd93002ce801375c57e44c2c78a0e5b308d3,clean/docx/342f364d46_001342333d45627868f4dc5282abbba4598a91b4a7584b08,tracking_without_comments/docx/2ad8d15e88_00e901c5aa86bd93002ce801375c57e44c2c78a0e5b308d3__vs__342f364d46_001342333d45627868f4dc5282abbba4598a91b4a7584b08_redline_f263af77b3.docx,tracking_without_comments/pdf/2ad8d15e88_00e901c5aa86bd93002ce801375c57e44c2c78a0e5b308d3__vs__342f364d46_001342333d45627868f4dc5282abbba4598a91b4a7584b08_redline_f263af77b3.pdf,tracking_without_comments,f263af77b3,redlines_a100_b10
0a1badc333_super_editor__missing_sectpr_967a402d__vs__8ee210e927_super_editor__missing_separator_41c823b9_redline_f32cc08e58,clean/docx/0a1badc333_super_editor__missing_sectpr_967a402d,clean/docx/8ee210e927_super_editor__missing_separator_41c823b9,tracking_without_comments/docx/0a1badc333_super_editor__missing_sectpr_967a402d__vs__8ee210e927_super_editor__missing_separator_41c823b9_redline_f32cc08e58.docx,tracking_without_comments/pdf/0a1badc333_super_editor__missing_sectpr_967a402d__vs__8ee210e927_super_editor__missing_separator_41c823b9_redline_f32cc08e58.pdf,tracking_without_comments,f32cc08e58,word_redlines_superdoc_0926
7962b06671_super_editor__bookmark_use_cases_d20f31f6__vs__7a48682ea5_super_editor__superdoc_hyperlink_cases_1dde9cd3_redline_f47143b5cb,clean/docx/7962b06671_super_editor__bookmark_use_cases_d20f31f6,clean/docx/7a48682ea5_super_editor__superdoc_hyperlink_cases_1dde9cd3,tracking_without_comments/docx/7962b06671_super_editor__bookmark_use_cases_d20f31f6__vs__7a48682ea5_super_editor__superdoc_hyperlink_cases_1dde9cd3_redline_f47143b5cb.docx,tracking_without_comments/pdf/7962b06671_super_editor__bookmark_use_cases_d20f31f6__vs__7a48682ea5_super_editor__superdoc_hyperlink_cases_1dde9cd3_redline_f47143b5cb.pdf,tracking_without_comments,f47143b5cb,word_redlines_superdoc
4ed1b6d133_0020e4099d611a050ed83fb7e0b16d6f48200018bbb1e757__vs__333bfe069a_003416d620331122b93b434dad901db5836f60d2cad4b533_redline_f569a8d64e,clean/docx/4ed1b6d133_0020e4099d611a050ed83fb7e0b16d6f48200018bbb1e757,clean/docx/333bfe069a_003416d620331122b93b434dad901db5836f60d2cad4b533,tracking_without_comments/docx/4ed1b6d133_0020e4099d611a050ed83fb7e0b16d6f48200018bbb1e757__vs__333bfe069a_003416d620331122b93b434dad901db5836f60d2cad4b533_redline_f569a8d64e.docx,tracking_without_comments/pdf/4ed1b6d133_0020e4099d611a050ed83fb7e0b16d6f48200018bbb1e757__vs__333bfe069a_003416d620331122b93b434dad901db5836f60d2cad4b533_redline_f569a8d64e.pdf,tracking_without_comments,f569a8d64e,redlines_a100_b10
66cedad6f8_font_color_demo_style_default_missing__vs__9af9772ce2_font_family_demo_id_paraid_overflow_redline_f6aa53210c,clean/docx/66cedad6f8_font_color_demo_style_default_missing,clean/docx/9af9772ce2_font_family_demo_id_paraid_overflow,tracking_without_comments/docx/66cedad6f8_font_color_demo_style_default_missing__vs__9af9772ce2_font_family_demo_id_paraid_overflow_redline_f6aa53210c.docx,tracking_without_comments/pdf/66cedad6f8_font_color_demo_style_default_missing__vs__9af9772ce2_font_family_demo_id_paraid_overflow_redline_f6aa53210c.pdf,tracking_without_comments,f6aa53210c,nocomments
fdb2976d19_01415d08f6d1a428e6949533adcd6249cf25676d98d0b78c__vs__bd3824dd1e_000ee64ef7226d353297888f59a251e24ce5d776fea000fa_redline_f78b44f607,clean/docx/fdb2976d19_01415d08f6d1a428e6949533adcd6249cf25676d98d0b78c,clean/docx/bd3824dd1e_000ee64ef7226d353297888f59a251e24ce5d776fea000fa,tracking_without_comments/docx/fdb2976d19_01415d08f6d1a428e6949533adcd6249cf25676d98d0b78c__vs__bd3824dd1e_000ee64ef7226d353297888f59a251e24ce5d776fea000fa_redline_f78b44f607.docx,tracking_without_comments/pdf/fdb2976d19_01415d08f6d1a428e6949533adcd6249cf25676d98d0b78c__vs__bd3824dd1e_000ee64ef7226d353297888f59a251e24ce5d776fea000fa_redline_f78b44f607.pdf,tracking_without_comments,f78b44f607,redlines_a100_b10
0048ba31dd_000be19a055234f8e79ec0baadc41d2a49050b2ea0a60654__vs__bd3824dd1e_000ee64ef7226d353297888f59a251e24ce5d776fea000fa_redline_f852ffac2f,clean/docx/0048ba31dd_000be19a055234f8e79ec0baadc41d2a49050b2ea0a60654,clean/docx/bd3824dd1e_000ee64ef7226d353297888f59a251e24ce5d776fea000fa,tracking_without_comments/docx/0048ba31dd_000be19a055234f8e79ec0baadc41d2a49050b2ea0a60654__vs__bd3824dd1e_000ee64ef7226d353297888f59a251e24ce5d776fea000fa_redline_f852ffac2f.docx,tracking_without_comments/pdf/0048ba31dd_000be19a055234f8e79ec0baadc41d2a49050b2ea0a60654__vs__bd3824dd1e_000ee64ef7226d353297888f59a251e24ce5d776fea000fa_redline_f852ffac2f.pdf,tracking_without_comments,f852ffac2f,redlines_a100_b10
a62ef11355_af838c136dcd3b6c93a648911f7fe7bcba87be8a27c66ac3__vs__d706876939_96241b469231f21192669d60dd79dcdf1be49260da2e0a7d_redline_f8c1ce3e92,clean/docx/a62ef11355_af838c136dcd3b6c93a648911f7fe7bcba87be8a27c66ac3,clean/docx/d706876939_96241b469231f21192669d60dd79dcdf1be49260da2e0a7d,tracking_without_comments/docx/a62ef11355_af838c136dcd3b6c93a648911f7fe7bcba87be8a27c66ac3__vs__d706876939_96241b469231f21192669d60dd79dcdf1be49260da2e0a7d_redline_f8c1ce3e92.docx,tracking_without_comments/pdf/a62ef11355_af838c136dcd3b6c93a648911f7fe7bcba87be8a27c66ac3__vs__d706876939_96241b469231f21192669d60dd79dcdf1be49260da2e0a7d_redline_f8c1ce3e92.pdf,tracking_without_comments,f8c1ce3e92,redlines_en_500
91440900a0_00189e19139f6e3031303e4152566a7bc08fab71a5c95895__vs__5203829c7a_001cc92b88566d5f930fe57f25813c0bf52a7bdc72c217d0_redline_fadd1f9bed,clean/docx/91440900a0_00189e19139f6e3031303e4152566a7bc08fab71a5c95895,clean/docx/5203829c7a_001cc92b88566d5f930fe57f25813c0bf52a7bdc72c217d0,tracking_without_comments/docx/91440900a0_00189e19139f6e3031303e4152566a7bc08fab71a5c95895__vs__5203829c7a_001cc92b88566d5f930fe57f25813c0bf52a7bdc72c217d0_redline_fadd1f9bed.docx,tracking_without_comments/pdf/91440900a0_00189e19139f6e3031303e4152566a7bc08fab71a5c95895__vs__5203829c7a_001cc92b88566d5f930fe57f25813c0bf52a7bdc72c217d0_redline_fadd1f9bed.pdf,tracking_without_comments,fadd1f9bed,redlines_a100_b10
0e6f813e69_00d2ca27359f3d1d5ee2c2904b48a3e4717faf7fdf6413f6__vs__deff0e697a_00b5defcad6e58038eac35472a2d48c89905068e5ece0cc3_redline_fce8ea8032,clean/docx/0e6f813e69_00d2ca27359f3d1d5ee2c2904b48a3e4717faf7fdf6413f6,clean/docx/deff0e697a_00b5defcad6e58038eac35472a2d48c89905068e5ece0cc3,tracking_without_comments/docx/0e6f813e69_00d2ca27359f3d1d5ee2c2904b48a3e4717faf7fdf6413f6__vs__deff0e697a_00b5defcad6e58038eac35472a2d48c89905068e5ece0cc3_redline_fce8ea8032.docx,tracking_without_comments/pdf/0e6f813e69_00d2ca27359f3d1d5ee2c2904b48a3e4717faf7fdf6413f6__vs__deff0e697a_00b5defcad6e58038eac35472a2d48c89905068e5ece0cc3_redline_fce8ea8032.pdf,tracking_without_comments,fce8ea8032,redlines_a100_b10
6683d1be44_table_bookmark_end__vs__9cef43609a_table_vmerge_colspan_redline_fdde57a985,clean/docx/6683d1be44_table_bookmark_end,clean/docx/9cef43609a_table_vmerge_colspan,tracking_without_comments/docx/6683d1be44_table_bookmark_end__vs__9cef43609a_table_vmerge_colspan_redline_fdde57a985.docx,tracking_without_comments/pdf/6683d1be44_table_bookmark_end__vs__9cef43609a_table_vmerge_colspan_redline_fdde57a985.pdf,tracking_without_comments,fdde57a985,nocomments
3c1e5d4d00_00b540ddc1a1fef3ab9acae5b93ca90e9fcef840e25d53cd__vs__2e04202552_000e3e7bd2d6215fc7b469cc3e296c1b2a510bc1abc7e0fd_redline_fed71ea308,clean/docx/3c1e5d4d00_00b540ddc1a1fef3ab9acae5b93ca90e9fcef840e25d53cd,clean/docx/2e04202552_000e3e7bd2d6215fc7b469cc3e296c1b2a510bc1abc7e0fd,tracking_without_comments/docx/3c1e5d4d00_00b540ddc1a1fef3ab9acae5b93ca90e9fcef840e25d53cd__vs__2e04202552_000e3e7bd2d6215fc7b469cc3e296c1b2a510bc1abc7e0fd_redline_fed71ea308.docx,tracking_without_comments/pdf/3c1e5d4d00_00b540ddc1a1fef3ab9acae5b93ca90e9fcef840e25d53cd__vs__2e04202552_000e3e7bd2d6215fc7b469cc3e296c1b2a510bc1abc7e0fd_redline_fed71ea308.pdf,tracking_without_comments,fed71ea308,redlines_a100_b10
1dd45d8b34_23ce39136a9b77376bab4e00c99a86f53529c3f3f9eb8dbf__vs__715d3d2b67_414e913bdcab4ac6cefcf85507ca910beead4a550959a564_redline_ff6f1dab3b,clean/docx/1dd45d8b34_23ce39136a9b77376bab4e00c99a86f53529c3f3f9eb8dbf,clean/docx/715d3d2b67_414e913bdcab4ac6cefcf85507ca910beead4a550959a564,tracking_without_comments/docx/1dd45d8b34_23ce39136a9b77376bab4e00c99a86f53529c3f3f9eb8dbf__vs__715d3d2b67_414e913bdcab4ac6cefcf85507ca910beead4a550959a564_redline_ff6f1dab3b.docx,tracking_without_comments/pdf/1dd45d8b34_23ce39136a9b77376bab4e00c99a86f53529c3f3f9eb8dbf__vs__715d3d2b67_414e913bdcab4ac6cefcf85507ca910beead4a550959a564_redline_ff6f1dab3b.pdf,tracking_without_comments,ff6f1dab3b,redlines_en_500
