+/tmp/regen.sh:4> uv run python scripts/convert_candidates.py --engine docxide --out results/docxide_0.17.1_work --jobs 8
warning: no Word PDF for 
corpus/word/tracking_without_comments/docx/82348eef4b_multi_section__vs__0b2a464
81b_nested_table_rowspan_redline_b1b752d8e6.docx; skipped
6427 fixtures, 6427 to convert with docxide
[100/6427] failed 0 elapsed 0s eta 19s
[200/6427] failed 0 elapsed 1s eta 16s
[300/6427] failed 0 elapsed 1s eta 16s
[400/6427] failed 0 elapsed 1s eta 17s
[500/6427] failed 0 elapsed 1s eta 16s
[600/6427] failed 0 elapsed 2s eta 16s
[700/6427] failed 0 elapsed 2s eta 15s
[800/6427] failed 0 elapsed 2s eta 15s
[900/6427] failed 0 elapsed 2s eta 15s
[1000/6427] failed 0 elapsed 3s eta 14s
[1100/6427] failed 0 elapsed 3s eta 14s
[1200/6427] failed 0 elapsed 3s eta 13s
[1300/6427] failed 0 elapsed 3s eta 13s
[1400/6427] failed 0 elapsed 4s eta 13s
[1500/6427] failed 0 elapsed 4s eta 12s
[1600/6427] failed 0 elapsed 4s eta 12s
[1700/6427] failed 0 elapsed 4s eta 12s
[1800/6427] failed 0 elapsed 5s eta 12s
[1900/6427] failed 0 elapsed 5s eta 12s
[2000/6427] failed 0 elapsed 5s eta 11s
[2100/6427] failed 0 elapsed 5s eta 11s
[2200/6427] failed 0 elapsed 6s eta 11s
[2300/6427] failed 0 elapsed 6s eta 10s
[2400/6427] failed 0 elapsed 6s eta 10s
[2500/6427] failed 0 elapsed 6s eta 10s
[2600/6427] failed 0 elapsed 6s eta 10s
[2700/6427] failed 0 elapsed 7s eta 9s
[2800/6427] failed 0 elapsed 7s eta 9s
[2900/6427] failed 0 elapsed 7s eta 9s
[3000/6427] failed 0 elapsed 7s eta 9s
[3100/6427] failed 0 elapsed 8s eta 8s
[3200/6427] failed 0 elapsed 8s eta 8s
[3300/6427] failed 0 elapsed 8s eta 8s
[3400/6427] failed 0 elapsed 8s eta 7s
[3500/6427] failed 0 elapsed 9s eta 7s
[3600/6427] failed 0 elapsed 9s eta 7s
[3700/6427] failed 0 elapsed 9s eta 7s
[3800/6427] failed 0 elapsed 9s eta 6s
[3900/6427] failed 0 elapsed 10s eta 6s
[4000/6427] failed 0 elapsed 10s eta 6s
[4100/6427] failed 0 elapsed 10s eta 6s
[4200/6427] failed 0 elapsed 10s eta 5s
[4300/6427] failed 0 elapsed 11s eta 5s
[4400/6427] failed 0 elapsed 11s eta 5s
[4500/6427] failed 0 elapsed 11s eta 5s
[4600/6427] failed 0 elapsed 11s eta 4s
[4700/6427] failed 0 elapsed 11s eta 4s
[4800/6427] failed 0 elapsed 12s eta 4s
[4900/6427] failed 0 elapsed 12s eta 4s
[5000/6427] failed 0 elapsed 12s eta 3s
[5100/6427] failed 0 elapsed 12s eta 3s
[5200/6427] failed 0 elapsed 13s eta 3s
[5300/6427] failed 0 elapsed 13s eta 3s
[5400/6427] failed 0 elapsed 13s eta 3s
[5500/6427] failed 0 elapsed 13s eta 2s
[5600/6427] failed 0 elapsed 14s eta 2s
[5700/6427] failed 0 elapsed 14s eta 2s
[5800/6427] failed 0 elapsed 14s eta 2s
[5900/6427] failed 0 elapsed 14s eta 1s
[6000/6427] failed 0 elapsed 15s eta 1s
[6100/6427] failed 0 elapsed 15s eta 1s
FAILED with_comments_tracking__60697d46b7_strict01: no PDF written; Error: not a valid DOCX file: Missing w:body
[6200/6427] failed 1 elapsed 15s eta 1s
FAILED with_comments_tracking__9c6ebd430d_file_185: no PDF written; Error: not a valid DOCX file: Missing w:body
FAILED with_comments_tracking__ab85c77154_file_115: no PDF written; Error: not a valid DOCX file: Missing w:body
FAILED with_comments_tracking__b8115d0dab_file_100: no PDF written; Error: not a valid DOCX file: Missing w:body
[6300/6427] failed 4 elapsed 15s eta 0s
FAILED with_comments_tracking__c09b14fcd7_file_196: no PDF written; Error: not a valid DOCX file: Missing w:body
[6400/6427] failed 5 elapsed 16s eta 0s
[6427/6427] failed 5 elapsed 16s eta 0s
done: 6422 PDFs in results/docxide_0.17.1_work/candidate, 5 failed
+/tmp/regen.sh:5> uv run python scripts/convert_candidates.py --engine soffice --out results/soffice_26.8.0.3_work --jobs 6
warning: no Word PDF for 
corpus/word/tracking_without_comments/docx/82348eef4b_multi_section__vs__0b2a464
81b_nested_table_rowspan_redline_b1b752d8e6.docx; skipped
6427 fixtures, 6427 to convert with soffice
[100/6427] failed 0 elapsed 29s eta 1844s
[200/6427] failed 0 elapsed 56s eta 1748s
[300/6427] failed 0 elapsed 83s eta 1687s
[400/6427] failed 0 elapsed 109s eta 1648s
[500/6427] failed 0 elapsed 135s eta 1606s
[600/6427] failed 0 elapsed 163s eta 1583s
[700/6427] failed 0 elapsed 189s eta 1547s
[800/6427] failed 0 elapsed 215s eta 1513s
[900/6427] failed 0 elapsed 246s eta 1508s
[1000/6427] failed 0 elapsed 283s eta 1537s
[1100/6427] failed 0 elapsed 320s eta 1548s
[1200/6427] failed 0 elapsed 353s eta 1538s
[1300/6427] failed 0 elapsed 391s eta 1540s
[1400/6427] failed 0 elapsed 425s eta 1525s
[1500/6427] failed 0 elapsed 461s eta 1513s
[1600/6427] failed 0 elapsed 495s eta 1495s
[1700/6427] failed 0 elapsed 530s eta 1473s
[1800/6427] failed 0 elapsed 563s eta 1448s
[1900/6427] failed 0 elapsed 597s eta 1423s
[2000/6427] failed 0 elapsed 632s eta 1399s
[2100/6427] failed 0 elapsed 666s eta 1372s
[2200/6427] failed 0 elapsed 703s eta 1352s
[2300/6427] failed 0 elapsed 738s eta 1324s
[2400/6427] failed 0 elapsed 767s eta 1288s
[2500/6427] failed 0 elapsed 799s eta 1255s
FAILED tracking_without_comments__048870ce18_014178090497722649b8e7aedf646339a3189ee7fe69a596__vs__aa5340125d_00a4b0b91e9b5b072dc3771391c2d608518690eccf44eae8_redline_90cfb41b70: soffice killed by signal 6: Unspecified Application Error | Fatal exception: Signal 6
FAILED tracking_without_comments__04dafefc52_00048cb6667d721bdb2219ecbadb6eb369e439c130ac475e__vs__aa5340125d_00a4b0b91e9b5b072dc3771391c2d608518690eccf44eae8_redline_05335e2502: soffice killed by signal 6: Unspecified Application Error | Fatal exception: Signal 6
[2600/6427] failed 2 elapsed 841s eta 1238s
FAILED tracking_without_comments__0800162a66_000799b53487acb327ccf0c0ab87fb14b9e8636346719296__vs__aa5340125d_00a4b0b91e9b5b072dc3771391c2d608518690eccf44eae8_redline_4aca112da9: soffice killed by signal 6: Unspecified Application Error | Fatal exception: Signal 6
FAILED clean__f89aaa5382_a6154e64eecf7e61bcc7412e4f00462d11abfb711484a9e8: soffice exit 1: Error: Please verify input parameters... (SfxBaseModel::impl_store <file:///private/var/folders/7w/dvl66_d13wx2v88nv5rcwltc0000gn/T/conv_bwf_g8hs/f89aaa5382_a6154e64eecf7e61bcc7412e4f00462d11abfb711484a9e8.pdf> failed: 0x11b(Error Area:Io Class:Abort Code:27))
FAILED tracking_without_comments__0bf5192ed0_00afb3e6b2bb1a5ab1e1770ba41f6f455f87472d24ab2767__vs__aa5340125d_00a4b0b91e9b5b072dc3771391c2d608518690eccf44eae8_redline_c88672a4fd: soffice killed by signal 6: Unspecified Application Error | Fatal exception: Signal 6
[2700/6427] failed 5 elapsed 879s eta 1214s
FAILED tracking_without_comments__12941c2a77_0023298b011b45232675215822f0f728678a238756d763c8__vs__aa5340125d_00a4b0b91e9b5b072dc3771391c2d608518690eccf44eae8_redline_07d3c689cb: soffice killed by signal 6: Unspecified Application Error | Fatal exception: Signal 6
[2800/6427] failed 6 elapsed 911s eta 1180s
FAILED tracking_without_comments__1aa7a03758_004c43cb816aed2ca4b0d0adf6e2bb8f115182135f2b4b42__vs__aa5340125d_00a4b0b91e9b5b072dc3771391c2d608518690eccf44eae8_redline_d27aec936f: soffice killed by signal 6: Unspecified Application Error | Fatal exception: Signal 6
FAILED tracking_without_comments__1b9445becb_000516b844a100814a91ff4628bfc37fed6090074bfa22e1__vs__aa5340125d_00a4b0b91e9b5b072dc3771391c2d608518690eccf44eae8_redline_c75299fc1f: soffice killed by signal 6: Unspecified Application Error | Fatal exception: Signal 6
[2900/6427] failed 8 elapsed 941s eta 1145s
FAILED tracking_without_comments__203c24d1e7_00cb988053156ab17763897a184a6655864f9c50f7ef2e53__vs__aa5340125d_00a4b0b91e9b5b072dc3771391c2d608518690eccf44eae8_redline_e9e7b29b93: soffice killed by signal 6: Unspecified Application Error | Fatal exception: Signal 6
FAILED tracking_without_comments__23cdfeee74_0022d9b76a33e7bdcda8d38ec3c898364c578897fb55d462__vs__aa5340125d_00a4b0b91e9b5b072dc3771391c2d608518690eccf44eae8_redline_7f8f86b36c: soffice killed by signal 6: Unspecified Application Error | Fatal exception: Signal 6
[3000/6427] failed 10 elapsed 976s eta 1115s
FAILED tracking_without_comments__286955227d_0134fe85fb88da2accd6637e1c44bdd4f8b7fbb533bd47ba__vs__aa5340125d_00a4b0b91e9b5b072dc3771391c2d608518690eccf44eae8_redline_839df7dfd9: soffice killed by signal 6: Unspecified Application Error | Fatal exception: Signal 6
FAILED tracking_without_comments__29379c07bf_002adf0715eed4d213774c26c60c78624c2a3cbb3d0397d2__vs__aa5340125d_00a4b0b91e9b5b072dc3771391c2d608518690eccf44eae8_redline_40f5d8efba: soffice killed by signal 6: Unspecified Application Error | Fatal exception: Signal 6
FAILED tracking_without_comments__2ad8d15e88_00e901c5aa86bd93002ce801375c57e44c2c78a0e5b308d3__vs__aa5340125d_00a4b0b91e9b5b072dc3771391c2d608518690eccf44eae8_redline_d46c3f3f79: soffice killed by signal 6: Unspecified Application Error | Fatal exception: Signal 6
FAILED tracking_without_comments__2b4475cba6_0021f639e5dbf6c217c8d81a7ac3374624ff9901a5d4b200__vs__aa5340125d_00a4b0b91e9b5b072dc3771391c2d608518690eccf44eae8_redline_030c72af8f: soffice killed by signal 6: Unspecified Application Error | Fatal exception: Signal 6
[3100/6427] failed 14 elapsed 1014s eta 1088s
[3200/6427] failed 14 elapsed 1049s eta 1058s
FAILED tracking_without_comments__35ce9aa3cc_00515f13495e5bf0867b319b035d4a83c7904b55056c38f8__vs__aa5340125d_00a4b0b91e9b5b072dc3771391c2d608518690eccf44eae8_redline_25a7bc54c6: soffice killed by signal 6: Unspecified Application Error | Fatal exception: Signal 6
FAILED tracking_without_comments__3755bf5762_0000a3a991f56b6660c630eb426231a3b4ec31e40313aab9__vs__aa5340125d_00a4b0b91e9b5b072dc3771391c2d608518690eccf44eae8_redline_ca002ef9ee: soffice killed by signal 6: Unspecified Application Error | Fatal exception: Signal 6
FAILED tracking_without_comments__38694026fb_0003b3ae2b115676d918e72f694790ddb64563721bb4a48d__vs__aa5340125d_00a4b0b91e9b5b072dc3771391c2d608518690eccf44eae8_redline_4b403788af: soffice killed by signal 6: Unspecified Application Error | Fatal exception: Signal 6
FAILED tracking_without_comments__3936a8fe56_45311d41d4a17fbedfe93a538b930e88fa0a63ff0d6ff9cc__vs__39d62be386_142e45828f53d67b780459e79d542d852b1692c83fcf6600_redline_51b9726cdf: soffice killed by signal 6: Unspecified Application Error | Fatal exception: Signal 6
FAILED tracking_without_comments__3bfcb371e2_00003fff80a444ad2f706c74f3c0d9fbef00d7a99ba0c105__vs__aa5340125d_00a4b0b91e9b5b072dc3771391c2d608518690eccf44eae8_redline_842ef93738: soffice killed by signal 6: Unspecified Application Error | Fatal exception: Signal 6
[3300/6427] failed 19 elapsed 1094s eta 1037s
FAILED tracking_without_comments__3ee2d0ceda_00026ef6a227eca724d9cd35f12e3065557a9ef0dc7ee295__vs__aa5340125d_00a4b0b91e9b5b072dc3771391c2d608518690eccf44eae8_redline_bc780cbf7b: soffice killed by signal 6: Unspecified Application Error | Fatal exception: Signal 6
FAILED tracking_without_comments__432bf1c280_010684299d3c5523897eb69efb8c1c743c0a7623137d64fe__vs__aa5340125d_00a4b0b91e9b5b072dc3771391c2d608518690eccf44eae8_redline_eed68538c8: soffice killed by signal 6: Unspecified Application Error | Fatal exception: Signal 6
[3400/6427] failed 21 elapsed 1137s eta 1012s
FAILED tracking_without_comments__4640e71ddd_0062ef190840d69d26aa6ecec30a8cb25f8e1506cee20dac__vs__aa5340125d_00a4b0b91e9b5b072dc3771391c2d608518690eccf44eae8_redline_ea55c722de: soffice killed by signal 6: Unspecified Application Error | Fatal exception: Signal 6
FAILED tracking_without_comments__4ade5f9207_009df71a7ecb41f9da0135915e2e4d68176e296ff69c9af0__vs__aa5340125d_00a4b0b91e9b5b072dc3771391c2d608518690eccf44eae8_redline_cf59b4d751: soffice killed by signal 6: Unspecified Application Error | Fatal exception: Signal 6
[3500/6427] failed 23 elapsed 1175s eta 983s
FAILED tracking_without_comments__4ed1b6d133_0020e4099d611a050ed83fb7e0b16d6f48200018bbb1e757__vs__aa5340125d_00a4b0b91e9b5b072dc3771391c2d608518690eccf44eae8_redline_5b44fd7ae2: soffice killed by signal 6: Unspecified Application Error | Fatal exception: Signal 6
FAILED tracking_without_comments__52220b20c3_00a54bff7e15af78fe7cfc20219c28cb208fde807bd28d44__vs__aa5340125d_00a4b0b91e9b5b072dc3771391c2d608518690eccf44eae8_redline_3e34a3f6b8: soffice killed by signal 6: Unspecified Application Error | Fatal exception: Signal 6
[3600/6427] failed 25 elapsed 1212s eta 951s
FAILED tracking_without_comments__5ad6e6d44f_0199027cbf967c88ab833b77e5bc5d629bacecbd40a87c26__vs__aa5340125d_00a4b0b91e9b5b072dc3771391c2d608518690eccf44eae8_redline_afd68ec48d: soffice killed by signal 6: Unspecified Application Error | Fatal exception: Signal 6
[3700/6427] failed 26 elapsed 1251s eta 922s
FAILED tracking_without_comments__617c1284c9_00feb732c2ef2b643a132e4305e16833fd047b46ca44b65b__vs__aa5340125d_00a4b0b91e9b5b072dc3771391c2d608518690eccf44eae8_redline_4b0ea98e79: soffice killed by signal 6: Unspecified Application Error | Fatal exception: Signal 6
[3800/6427] failed 27 elapsed 1289s eta 891s
FAILED tracking_without_comments__61e3967518_0011e415331e3b2d8031efcfcfecbb68df0f0b73b26350ce__vs__aa5340125d_00a4b0b91e9b5b072dc3771391c2d608518690eccf44eae8_redline_4433455597: soffice killed by signal 6: Unspecified Application Error | Fatal exception: Signal 6
FAILED tracking_without_comments__6797b1450f_fce350bbf4f75c5cee5eaea4b202d624e159bd749e2bfab1__vs__8ae10bb4b2_f0febfac48c369580c3eebb7c5dcec09b8f1c28ae489ce48_redline_00288995f0: soffice killed by signal 6: Unspecified Application Error | Fatal exception: Signal 6
[3900/6427] failed 29 elapsed 1324s eta 858s
FAILED tracking_without_comments__6fffde4ae2_000bf66110e841e1d2c2e862fc7db869b8d410586ad12d0d__vs__aa5340125d_00a4b0b91e9b5b072dc3771391c2d608518690eccf44eae8_redline_f2197b6411: soffice killed by signal 6: Unspecified Application Error | Fatal exception: Signal 6
FAILED tracking_without_comments__7160d2524e_e5f4d4edc9b0c161ce740a3c9c62279306369d710e0439bd__vs__6d510ca476_e18e70bc499a81e13497ff9a2f509657b18b7b27da9aa4c6_redline_e9de5be772: soffice killed by signal 6: Unspecified Application Error | Fatal exception: Signal 6
[4000/6427] failed 31 elapsed 1357s eta 824s
FAILED tracking_without_comments__75b13139d1_01424129e67ac16566c504bbb091d985cb6316a08abf5730__vs__aa5340125d_00a4b0b91e9b5b072dc3771391c2d608518690eccf44eae8_redline_292dea4ba5: soffice killed by signal 6: Unspecified Application Error | Fatal exception: Signal 6
[4100/6427] failed 32 elapsed 1387s eta 787s
FAILED tracking_without_comments__7e4c9416aa_00803e70c3646e42abab322238df606c847686168795a703__vs__aa5340125d_00a4b0b91e9b5b072dc3771391c2d608518690eccf44eae8_redline_2dbe802d9a: soffice killed by signal 6: Unspecified Application Error | Fatal exception: Signal 6
FAILED tracking_without_comments__81f7cad226_009fa3f6b717df4d0e9371d67f305110d5096bc9178134b0__vs__aa5340125d_00a4b0b91e9b5b072dc3771391c2d608518690eccf44eae8_redline_efc01e33db: soffice killed by signal 6: Unspecified Application Error | Fatal exception: Signal 6
[4200/6427] failed 34 elapsed 1417s eta 751s
FAILED tracking_without_comments__87dc2ebfec_00ee07057c69b24e2be4bf1a2684792bf6141fdccc35d075__vs__aa5340125d_00a4b0b91e9b5b072dc3771391c2d608518690eccf44eae8_redline_f5d550349e: soffice killed by signal 6: Unspecified Application Error | Fatal exception: Signal 6
[4300/6427] failed 35 elapsed 1454s eta 719s
FAILED tracking_without_comments__8e534b49f0_00a9b37342f07e6b9bd5b8fffbe4dd777d31053171e69da2__vs__1424386e9b_017447de83753a0e3b7afc659df038ef56972925336c6a5b_redline_4e3d14b3d3: soffice killed by signal 6: Unspecified Application Error | Fatal exception: Signal 6
FAILED tracking_without_comments__8e534b49f0_00a9b37342f07e6b9bd5b8fffbe4dd777d31053171e69da2__vs__2773adf157_0004c94ca2a8684d47449bb0e7abf87de1df71a7e6543252_redline_83de2974df: soffice killed by signal 6: Unspecified Application Error | Fatal exception: Signal 6
FAILED tracking_without_comments__8e534b49f0_00a9b37342f07e6b9bd5b8fffbe4dd777d31053171e69da2__vs__2e04202552_000e3e7bd2d6215fc7b469cc3e296c1b2a510bc1abc7e0fd_redline_aeff6a9631: soffice killed by signal 6: Unspecified Application Error | Fatal exception: Signal 6
FAILED tracking_without_comments__8e534b49f0_00a9b37342f07e6b9bd5b8fffbe4dd777d31053171e69da2__vs__333bfe069a_003416d620331122b93b434dad901db5836f60d2cad4b533_redline_2b0b9989fe: soffice killed by signal 6: Unspecified Application Error | Fatal exception: Signal 6
FAILED tracking_without_comments__8e534b49f0_00a9b37342f07e6b9bd5b8fffbe4dd777d31053171e69da2__vs__5203829c7a_001cc92b88566d5f930fe57f25813c0bf52a7bdc72c217d0_redline_99aed3b8e2: soffice killed by signal 6: Unspecified Application Error | Fatal exception: Signal 6
FAILED tracking_without_comments__8e534b49f0_00a9b37342f07e6b9bd5b8fffbe4dd777d31053171e69da2__vs__342f364d46_001342333d45627868f4dc5282abbba4598a91b4a7584b08_redline_510bcf9432: soffice killed by signal 6: Unspecified Application Error | Fatal exception: Signal 6
FAILED tracking_without_comments__8e534b49f0_00a9b37342f07e6b9bd5b8fffbe4dd777d31053171e69da2__vs__a5f2b9318d_002aa60c2ae1187417b4b157c5ec6450324cc056ec551a12_redline_2e5338a837: soffice killed by signal 6: Unspecified Application Error | Fatal exception: Signal 6
FAILED tracking_without_comments__8e534b49f0_00a9b37342f07e6b9bd5b8fffbe4dd777d31053171e69da2__vs__aa5340125d_00a4b0b91e9b5b072dc3771391c2d608518690eccf44eae8_redline_d48277585f: soffice killed by signal 6: Unspecified Application Error | Fatal exception: Signal 6
FAILED tracking_without_comments__8e534b49f0_00a9b37342f07e6b9bd5b8fffbe4dd777d31053171e69da2__vs__bd3824dd1e_000ee64ef7226d353297888f59a251e24ce5d776fea000fa_redline_ea09a6505d: soffice killed by signal 6: Unspecified Application Error | Fatal exception: Signal 6
FAILED tracking_without_comments__8e534b49f0_00a9b37342f07e6b9bd5b8fffbe4dd777d31053171e69da2__vs__deff0e697a_00b5defcad6e58038eac35472a2d48c89905068e5ece0cc3_redline_0c27542f55: soffice killed by signal 6: Unspecified Application Error | Fatal exception: Signal 6
[4400/6427] failed 45 elapsed 1484s eta 684s
FAILED tracking_without_comments__91440900a0_00189e19139f6e3031303e4152566a7bc08fab71a5c95895__vs__aa5340125d_00a4b0b91e9b5b072dc3771391c2d608518690eccf44eae8_redline_60f07758a1: soffice killed by signal 6: Unspecified Application Error | Fatal exception: Signal 6
[4500/6427] failed 46 elapsed 1517s eta 649s
FAILED tracking_without_comments__96a0ee0e8f_004b3b3dd84014405562584f62d67267b9a7993e21b974e8__vs__aa5340125d_00a4b0b91e9b5b072dc3771391c2d608518690eccf44eae8_redline_bfdd32d89f: soffice killed by signal 6: Unspecified Application Error | Fatal exception: Signal 6
FAILED tracking_without_comments__98c8b73841_0041d3944715c2fffc5929695f968e5f399e85b139fba063__vs__aa5340125d_00a4b0b91e9b5b072dc3771391c2d608518690eccf44eae8_redline_53b52b7b2d: soffice killed by signal 6: Unspecified Application Error | Fatal exception: Signal 6
FAILED tracking_without_comments__9be7e36de4_00c3fd2d23e8acf016f9b2fb44f4ee84789abc39c820e7ab__vs__aa5340125d_00a4b0b91e9b5b072dc3771391c2d608518690eccf44eae8_redline_920c7cd1d1: soffice killed by signal 6: Unspecified Application Error | Fatal exception: Signal 6
[4600/6427] failed 49 elapsed 1544s eta 613s
FAILED tracking_without_comments__a3df367231_001a6655d72fbecf6a1d10e479eee052a779d6ba1d0848d7__vs__aa5340125d_00a4b0b91e9b5b072dc3771391c2d608518690eccf44eae8_redline_76b093bc91: soffice killed by signal 6: Unspecified Application Error | Fatal exception: Signal 6
FAILED tracking_without_comments__a4ebc0e89c_0016d88a731db087feb2e28e8bfc163c1fe94df0ee048d55__vs__aa5340125d_00a4b0b91e9b5b072dc3771391c2d608518690eccf44eae8_redline_c239738453: soffice killed by signal 6: Unspecified Application Error | Fatal exception: Signal 6
[4700/6427] failed 51 elapsed 1571s eta 577s
[4800/6427] failed 51 elapsed 1597s eta 541s
FAILED tracking_without_comments__acd3595c3a_0032221e68ad2a7986d1fe113eb1d46b5a7d1901b5aa9318__vs__aa5340125d_00a4b0b91e9b5b072dc3771391c2d608518690eccf44eae8_redline_34ea4e4e07: soffice killed by signal 6: Unspecified Application Error | Fatal exception: Signal 6
FAILED tracking_without_comments__af540c50e4_00edeec4b73ab68a9a4e2b0281464f067656d89fc9969ab4__vs__aa5340125d_00a4b0b91e9b5b072dc3771391c2d608518690eccf44eae8_redline_498f22a0ba: soffice killed by signal 6: Unspecified Application Error | Fatal exception: Signal 6
FAILED tracking_without_comments__b27bda87ed_0023f7c421a05af9c44fb4ff9ef1bce46c53a081779b1e72__vs__aa5340125d_00a4b0b91e9b5b072dc3771391c2d608518690eccf44eae8_redline_205503ead9: soffice killed by signal 6: Unspecified Application Error | Fatal exception: Signal 6
[4900/6427] failed 54 elapsed 1624s eta 506s
FAILED tracking_without_comments__b6dd0b6ae8_015a4f5a16a110026418c0a7f5eefa69ce6d5f9bcfc2d955__vs__aa5340125d_00a4b0b91e9b5b072dc3771391c2d608518690eccf44eae8_redline_e54e43a5e5: soffice killed by signal 6: Unspecified Application Error | Fatal exception: Signal 6
FAILED tracking_without_comments__b6f757462e_0006f7905281867ab0d0a45d88f88f72e2c15efbd9a8ed69__vs__aa5340125d_00a4b0b91e9b5b072dc3771391c2d608518690eccf44eae8_redline_e3e1e9411f: soffice killed by signal 6: Unspecified Application Error | Fatal exception: Signal 6
[5000/6427] failed 56 elapsed 1653s eta 472s
FAILED tracking_without_comments__bc514b554e_00d979c97e42f03faff5f49e2a7dfa9afd30996214602e19__vs__aa5340125d_00a4b0b91e9b5b072dc3771391c2d608518690eccf44eae8_redline_ef5c07563d: soffice killed by signal 6: Unspecified Application Error | Fatal exception: Signal 6
FAILED tracking_without_comments__c04ae787d4_db9f753f675d3ca91a08032d07e7ec0c156fa152de3bafa7__vs__8f36ed144a_d47020aa359686bd7cbbe016e04872fb31c3995f576a2f1d_redline_be59d358de: soffice killed by signal 6: Unspecified Application Error | Fatal exception: Signal 6
FAILED tracking_without_comments__c280ce0f40_019d92d986c5ba33a57df54db0056f3731e3254fcbe8ac65__vs__aa5340125d_00a4b0b91e9b5b072dc3771391c2d608518690eccf44eae8_redline_ef3bb4f5d4: soffice killed by signal 6: Unspecified Application Error | Fatal exception: Signal 6
[5100/6427] failed 59 elapsed 1685s eta 438s
FAILED tracking_without_comments__c6956051c8_0035880301dd9b39b35318af6a88457fb4f6491a3ca1964a__vs__aa5340125d_00a4b0b91e9b5b072dc3771391c2d608518690eccf44eae8_redline_ecc5290096: soffice killed by signal 6: Unspecified Application Error | Fatal exception: Signal 6
[5200/6427] failed 60 elapsed 1721s eta 406s
FAILED tracking_without_comments__b742aca0d1_839f86bfde5b019768d7fa57ea25f61ff70e1642f87a90fc__vs__f89aaa5382_a6154e64eecf7e61bcc7412e4f00462d11abfb711484a9e8_redline_2405610dc2: soffice exit 1: Error: Please verify input parameters... (SfxBaseModel::impl_store <file:///private/var/folders/7w/dvl66_d13wx2v88nv5rcwltc0000gn/T/conv_bvm6n5kk/b742aca0d1_839f86bfde5b019768d7fa57ea25f61ff70e1642f87a90fc__vs__f89aaa5382_a6154e64eecf7e61bcc7412e4f00462d11abfb711484a9e8_redline_2405610dc2.pdf> faile
[5300/6427] failed 61 elapsed 1754s eta 373s
[5400/6427] failed 61 elapsed 1782s eta 339s
FAILED tracking_without_comments__dabf50d5d5_0071cf0910cc71fed86712d86afe96a45cf5c937af9aa006__vs__aa5340125d_00a4b0b91e9b5b072dc3771391c2d608518690eccf44eae8_redline_8276bf6a07: soffice killed by signal 6: Unspecified Application Error | Fatal exception: Signal 6
[5500/6427] failed 62 elapsed 1808s eta 305s
FAILED tracking_without_comments__e1c745d784_008243ee20adecbf2ae39c9e6809b022076aa166a4a4f9ec__vs__aa5340125d_00a4b0b91e9b5b072dc3771391c2d608518690eccf44eae8_redline_4b8e914996: soffice killed by signal 6: Unspecified Application Error | Fatal exception: Signal 6
[5600/6427] failed 63 elapsed 1834s eta 271s
FAILED tracking_without_comments__f43f6ef305_002042b8a23533ba746bf4eaf56b5e62642cc111f5f5fcff__vs__aa5340125d_00a4b0b91e9b5b072dc3771391c2d608518690eccf44eae8_redline_c4d54fcd75: soffice killed by signal 6: Unspecified Application Error | Fatal exception: Signal 6
[5700/6427] failed 64 elapsed 1861s eta 237s
FAILED tracking_without_comments__f94aeed5f5_001f4e98e9744f89b6f26b3741cb6439f8131bf89659230e__vs__aa5340125d_00a4b0b91e9b5b072dc3771391c2d608518690eccf44eae8_redline_24d37f7b5e: soffice killed by signal 6: Unspecified Application Error | Fatal exception: Signal 6
[5800/6427] failed 65 elapsed 1887s eta 204s
FAILED tracking_without_comments__f9b9dbd790_0017bce9abd08007241b106f0fcf1d64e45c05cd82a05a1d__vs__aa5340125d_00a4b0b91e9b5b072dc3771391c2d608518690eccf44eae8_redline_207461739c: soffice killed by signal 6: Unspecified Application Error | Fatal exception: Signal 6
FAILED tracking_without_comments__fbe14959b0_000f5278175aa01c2b9517b07e8a087014e4a05ab3e24f41__vs__aa5340125d_00a4b0b91e9b5b072dc3771391c2d608518690eccf44eae8_redline_d6580e6209: soffice killed by signal 6: Unspecified Application Error | Fatal exception: Signal 6
FAILED tracking_without_comments__fc5d9fecb7_00028d824d5d2262bc6e30692308cd1b577ac1dff228970d__vs__aa5340125d_00a4b0b91e9b5b072dc3771391c2d608518690eccf44eae8_redline_9f271c8e1d: soffice killed by signal 6: Unspecified Application Error | Fatal exception: Signal 6
[5900/6427] failed 68 elapsed 1922s eta 172s
[6000/6427] failed 68 elapsed 1950s eta 139s
[6100/6427] failed 68 elapsed 1977s eta 106s
[6200/6427] failed 68 elapsed 2003s eta 73s
[6300/6427] failed 68 elapsed 2034s eta 41s
[6400/6427] failed 68 elapsed 2068s eta 9s
[6427/6427] failed 68 elapsed 2075s eta 0s
done: 6359 PDFs in results/soffice_26.8.0.3_work/candidate, 68 failed
+/tmp/regen.sh:6> uv run python scripts/score_candidate_dirs.py --only-missing --candidate results/docxide_0.17.1_work/candidate --oracle results/jubarte_0.10.1_docx_to_pdf_work/oracle --json results/docx_to_pdf_docxide_0.17.1.json
3554 already scored, 2868 to score
2026-10-01T05:42:22Z scoring started, 2868 documents (0 from checkpoint, 2868 to score)
2026-10-01T05:42:29Z [1/2868]   0.0%  68.87  clean__02763de706_track_changes_suggesting_heading_id_paraid_overf  (elapsed 7s, eta 20902s)
2026-10-01T05:42:29Z [2/2868]   0.1%  61.83  clean__008908795c_increase_indent_demo_id_paraid_overflow  (elapsed 7s, eta 10479s)
2026-10-01T05:42:29Z [3/2868]   0.1%  61.44  clean__02c9605488_bold_superscript_demo_style_default_missing  (elapsed 7s, eta 6985s)
2026-10-01T05:42:29Z [4/2868]   0.1%  61.55  clean__0203b5fed7_strikethrough_bold_demo_id_paraid_overflow  (elapsed 7s, eta 5237s)
2026-10-01T05:42:29Z [5/2868]   0.2%  94.61  clean__017c22e2a3_heading_3_style_demo_id_paraid_overflow_2  (elapsed 7s, eta 4190s)
2026-10-01T05:42:29Z [6/2868]   0.2%  91.25  clean__00da16e738_heading_4_style_demo_id_paraid_overflow_2  (elapsed 7s, eta 3491s)
2026-10-01T05:42:29Z [7/2868]   0.2%  95.79  clean__020b1f3c34_c842fd0e02_accepted_tracking  (elapsed 7s, eta 3014s)
2026-10-01T05:42:31Z [8/2868]   0.3%  47.69  clean__01d1b3da75_table_bookmark_end  (elapsed 9s, eta 3177s)
2026-10-01T05:42:31Z [9/2868]   0.3%  69.39  clean__02db946bce_italic_text_formatting_demo_id_paraid_overflow_2  (elapsed 9s, eta 2863s)
2026-10-01T05:42:31Z [10/2868]   0.3%  94.87  clean__045a9b188d_heading_1_style_demo_id_paraid_overflow  (elapsed 9s, eta 2654s)
2026-10-01T05:42:32Z [11/2868]   0.4%  69.72  clean__03ace89c03_italic_and_underline_combo_style_default_missing  (elapsed 10s, eta 2650s)
2026-10-01T05:42:32Z [12/2868]   0.4%  60.34  clean__0417538906_7eeb92a3e0_rejected_tracking  (elapsed 10s, eta 2456s)
2026-10-01T05:42:32Z [13/2868]   0.5%  73.52  clean__042b952c89_file_138  (elapsed 11s, eta 2347s)
2026-10-01T05:42:33Z [14/2868]   0.5%  72.10  clean__049a315896_super_editor__hyperlink_multiple_runs_0138c312  (elapsed 11s, eta 2220s)
2026-10-01T05:42:33Z [15/2868]   0.5%  98.68  clean__049e83d7a7_file_137  (elapsed 12s, eta 2220s)
2026-10-01T05:42:35Z [16/2868]   0.6%  74.79  clean__053db61e03_file_198  (elapsed 13s, eta 2363s)
2026-10-01T05:42:35Z [17/2868]   0.6%  92.86  clean__053656fac9_file_135  (elapsed 13s, eta 2234s)
2026-10-01T05:42:35Z [18/2868]   0.6%  69.67  clean__053c86de5f_open_sans_bold_underline_id_paraid_overflow  (elapsed 14s, eta 2145s)
2026-10-01T05:42:37Z [19/2868]   0.7%  39.94  clean__04dafefc52_00048cb6667d721bdb2219ecbadb6eb369e439c130ac475e  (elapsed 15s, eta 2291s)
2026-10-01T05:42:38Z [20/2868]   0.7%  68.98  clean__05742836e4_it_security_policy_v2_suggesting_insertions_ital  (elapsed 16s, eta 2318s)
2026-10-01T05:42:39Z [21/2868]   0.7%  72.47  clean__05cb1b8b81_ac6cd8d92f_accepted_tracking  (elapsed 17s, eta 2337s)
2026-10-01T05:42:39Z [22/2868]   0.8%  96.59  clean__058cd936de_super_editor__image_doc_c7d007ac  (elapsed 18s, eta 2282s)
2026-10-01T05:42:40Z [23/2868]   0.8%  65.45  clean__0619bc1b1d_file_84  (elapsed 19s, eta 2308s)
2026-10-01T05:42:40Z [24/2868]   0.8%  72.44  clean__0626e5323b_center_aligned_bold_text_id_paraid_overflow_cent  (elapsed 19s, eta 2223s)
2026-10-01T05:42:42Z [25/2868]   0.9%  48.97  clean__07ce108491_c69908f44a_rejected_tracking  (elapsed 21s, eta 2340s)
2026-10-01T05:42:42Z [26/2868]   0.9%  97.38  clean__06a48012fc_file_166  (elapsed 21s, eta 2260s)
2026-10-01T05:42:43Z [27/2868]   0.9%  43.79  clean__046eaac0a6_a6d59e1fc25cd0e0cf155c1d7ec1b6957ee450733f415cfb  (elapsed 21s, eta 2196s)
2026-10-01T05:42:43Z [28/2868]   1.0%  65.38  clean__080c4822ff_file_21  (elapsed 22s, eta 2197s)
2026-10-01T05:42:44Z [29/2868]   1.0%  93.37  clean__08147dee09_file_195  (elapsed 22s, eta 2143s)
2026-10-01T05:42:45Z [30/2868]   1.0%  67.43  clean__083826730a_file_32  (elapsed 23s, eta 2184s)
2026-10-01T05:42:45Z [31/2868]   1.1%  55.01  clean__04eed6fc4e_e08b0400d03db8bedddf7081144e66822f032e841429f60c  (elapsed 23s, eta 2120s)
2026-10-01T05:42:45Z [32/2868]   1.1%  66.70  clean__08e3f68925_bold_underline_combined_demo_id_paraid_overflow  (elapsed 24s, eta 2086s)
2026-10-01T05:42:46Z [33/2868]   1.2%  42.11  clean__056bfeba7c_775f52b17c6b40ade66440d465d25d837a24d6636e4bf6bb  (elapsed 24s, eta 2047s)
2026-10-01T05:42:46Z [34/2868]   1.2%  62.99  clean__0935a8a24e_file_151  (elapsed 24s, eta 2021s)
2026-10-01T05:42:46Z [35/2868]   1.2%  77.29  clean__02865fc175_008f896473aec097e4bd8ff58f95b0930242cd2cae9c5146  (elapsed 25s, eta 1988s)
2026-10-01T05:42:47Z [36/2868]   1.3%  39.64  clean__0018843794_889f4c3958e28978a0d96a95a8938d9eb0dc100e66f7c483  (elapsed 26s, eta 2030s)
2026-10-01T05:42:48Z [37/2868]   1.3%  60.13  clean__0a1badc333_super_editor__missing_sectpr_967a402d  (elapsed 26s, eta 1986s)
2026-10-01T05:42:49Z [38/2868]   1.3%  64.74  clean__0aa6426932_file_114  (elapsed 27s, eta 2023s)
2026-10-01T05:42:49Z [39/2868]   1.4%  72.45  clean__0acda29624_b9997739d1_rejected_tracking  (elapsed 27s, eta 1988s)
2026-10-01T05:42:50Z [40/2868]   1.4%  59.56  clean__0b1d0278ce_behavior__math_radical_tests_4c1ce187  (elapsed 28s, eta 1970s)
2026-10-01T05:42:50Z [41/2868]   1.4%  53.01  clean__0b2a46481b_nested_table_rowspan  (elapsed 28s, eta 1964s)
2026-10-01T05:42:50Z [42/2868]   1.5%  57.23  clean__0b96f773cf_ddd1e0f952_accepted_tracking  (elapsed 28s, eta 1916s)
2026-10-01T05:42:51Z [43/2868]   1.5%  53.33  clean__0a2898b58a_evals__report_with_formatting_03f385ed  (elapsed 29s, eta 1910s)
2026-10-01T05:42:51Z [44/2868]   1.5%  68.61  clean__0b9cc47345_file_136  (elapsed 30s, eta 1905s)
2026-10-01T05:42:51Z [45/2868]   1.6%  42.75  clean__0a3a0c1a32_36c6d281d1ea6bbef531f8c4ac6f8a3089348db8d85da6c6  (elapsed 30s, eta 1869s)
2026-10-01T05:42:52Z [46/2868]   1.6%  71.53  clean__0d6b7e10e7_right_aligned_italic_demo_id_paraid_overflow_rig  (elapsed 30s, eta 1864s)
2026-10-01T05:42:53Z [47/2868]   1.6%  74.08  clean__0e08fd6d80_super_editor__diff_before19_97e0f4e6  (elapsed 31s, eta 1852s)
2026-10-01T05:42:53Z [48/2868]   1.7%  43.33  clean__0184ed196b_d1e39fbd150188925826317aa801105b2fd447d47d007d25  (elapsed 31s, eta 1843s)
2026-10-01T05:42:53Z [49/2868]   1.7%  60.37  clean__0e5afd15ed_roboto_underline_demo_id_paraid_overflow_sales_r  (elapsed 31s, eta 1808s)
2026-10-01T05:42:53Z [50/2868]   1.7%  40.59  clean__0e1d01ec7d_super_editor__doc_with_graphs_diagrams_rotated_e  (elapsed 32s, eta 1775s)
2026-10-01T05:42:53Z [51/2868]   1.8%  80.28  clean__0a0b6470c3_00051beee50076d47db468069cab455933b72d9df9165e1f  (elapsed 32s, eta 1742s)
2026-10-01T05:42:55Z [52/2868]   1.8%  30.92  clean__0f23eb6c94_super_editor__wmf_emf_44a469b8  (elapsed 33s, eta 1779s)
2026-10-01T05:42:55Z [53/2868]   1.8%  67.51  clean__0fca4cca5b_file_155  (elapsed 33s, eta 1763s)
2026-10-01T05:42:55Z [54/2868]   1.9%  71.32  clean__103aff2e88_e2b71d27e7_accepted_tracking  (elapsed 33s, eta 1738s)
2026-10-01T05:42:55Z [55/2868]   1.9%  70.30  clean__10411431f9_meeting_agenda_table_meeting_minutes_id_paraid_o  (elapsed 33s, eta 1707s)
2026-10-01T05:42:57Z [56/2868]   2.0%  59.97  clean__10415d5332_behavior__rtl_mixed_bidi_e955f185  (elapsed 35s, eta 1765s)
2026-10-01T05:42:57Z [57/2868]   2.0%  71.11  clean__1097c2ab85_right_align_bold_demo_id_paraid_overflow_right_a  (elapsed 35s, eta 1733s)
2026-10-01T05:43:00Z [58/2868]   2.0%  76.39  clean__12ebca863e_9c8876c6d7_accepted_tracking  (elapsed 38s, eta 1838s)
2026-10-01T05:43:00Z [59/2868]   2.1%  72.84  clean__122caa3520_calibri_bold_italic_demo_id_paraid_overflow_cali  (elapsed 38s, eta 1807s)
2026-10-01T05:43:00Z [60/2868]   2.1%  77.19  clean__12b7ee65cb_5b878b9756_accepted_tracking  (elapsed 38s, eta 1791s)
2026-10-01T05:43:01Z [61/2868]   2.1%  65.63  clean__12033d2ca5_bc404781cb7c84f7c76061d998daff4b9224a2de0cdcceb4  (elapsed 39s, eta 1793s)
2026-10-01T05:43:02Z [62/2868]   2.2%  62.79  clean__133bbfae84_right_alignment_demo_id_paraid_overflow_2  (elapsed 41s, eta 1843s)
2026-10-01T05:43:02Z [63/2868]   2.2%  64.00  clean__136f9f5ed4_1511c9537d_accepted_tracking  (elapsed 41s, eta 1815s)
2026-10-01T05:43:04Z [64/2868]   2.2%  63.52  clean__13911cfdb9_file_49  (elapsed 42s, eta 1836s)
2026-10-01T05:43:05Z [65/2868]   2.3%  71.54  clean__13d5dd5b42_bold_underline_highlight_demo_id_paraid_overflow  (elapsed 43s, eta 1870s)
2026-10-01T05:43:07Z [66/2868]   2.3%  86.11  clean__0f4baf4982_556b3edd1a_rejected_tracking  (elapsed 45s, eta 1904s)
2026-10-01T05:43:08Z [67/2868]   2.3%  48.97  clean__13ea153d22_file_174  (elapsed 46s, eta 1918s)
2026-10-01T05:43:09Z [68/2868]   2.4%  65.54  clean__13da8d3a5b_times_new_roman_font_id_paraid_overflow  (elapsed 47s, eta 1937s)
2026-10-01T05:43:09Z [69/2868]   2.4%  43.32  clean__0893463637_242c4180ef6740abebf43cc42d2669086b03b83f3aecfee0  (elapsed 47s, eta 1921s)
2026-10-01T05:43:10Z [70/2868]   2.4%  96.93  clean__14211b982b_super_editor__simple_ordered_list_8288421a  (elapsed 48s, eta 1921s)
2026-10-01T05:43:11Z [71/2868]   2.5%  73.39  clean__135cc33d36_roboto_font_demo_id_paraid_overflow_2_roboto_fon  (elapsed 49s, eta 1940s)
2026-10-01T05:43:14Z [72/2868]   2.5%  70.77  clean__14e0f7c0ce_italic_underline_combined_demo_id_paraid_overflo  (elapsed 52s, eta 2032s)
2026-10-01T05:43:15Z [73/2868]   2.5%  44.11  clean__0d67ac6183_b8a5ec01ff15e3d5121ff0fb4718b7e5499a04b9290a5a1a  (elapsed 53s, eta 2035s)
2026-10-01T05:43:17Z [74/2868]   2.6%  48.92  clean__0ecfaa1c19_2bd9981b3dd6ccd510a8942577ca3089f861f02f32c3200a  (elapsed 55s, eta 2075s)
2026-10-01T05:43:17Z [75/2868]   2.6%  67.19  clean__154fce3ec8_file_186  (elapsed 55s, eta 2055s)
2026-10-01T05:43:17Z [76/2868]   2.6%  61.98  clean__1558d2a6ec_project_proposal_id_paraid_overflow  (elapsed 56s, eta 2043s)
2026-10-01T05:43:17Z [77/2868]   2.7%  69.09  clean__14c9076228_track_changes_editing_strikethrough_id_paraid_ov  (elapsed 56s, eta 2017s)
2026-10-01T05:43:17Z [78/2868]   2.7%  82.10  clean__048aab732f_4bec88f88424107024aff883b5838333fbae149ecfa95e3e  (elapsed 56s, eta 1995s)
2026-10-01T05:43:19Z [79/2868]   2.8%  63.03  clean__1547c5df73_file_130  (elapsed 58s, eta 2034s)
2026-10-01T05:43:19Z [80/2868]   2.8%  53.71  clean__159d00085d_super_editor__sd_1919_word_simple_e3a4a818  (elapsed 58s, eta 2011s)
2026-10-01T05:43:19Z [81/2868]   2.8%  72.88  clean__155b751ba2_superscript_demo_style_default_missing_support_t  (elapsed 58s, eta 1986s)
2026-10-01T05:43:19Z [82/2868]   2.9%  65.69  clean__15b6035cc0_file_171  (elapsed 58s, eta 1962s)
2026-10-01T05:43:20Z [83/2868]   2.9%  87.93  clean__16100cd46d_behavior__sd_2323_image_resize_test_2b8a201a  (elapsed 58s, eta 1962s)
2026-10-01T05:43:22Z [84/2868]   2.9%  73.13  clean__16a858a856_eca414fecf_rejected_tracking  (elapsed 60s, eta 2002s)
2026-10-01T05:43:22Z [85/2868]   3.0%  73.19  clean__16e831d01f_file_95  (elapsed 61s, eta 1988s)
2026-10-01T05:43:24Z [86/2868]   3.0%  62.28  clean__16c15842ae_file_86  (elapsed 62s, eta 2008s)
2026-10-01T05:43:24Z [87/2868]   3.0%  57.29  clean__1706cea8d2_quarterly_performance_report_table_2_quarterly_p  (elapsed 62s, eta 1997s)
2026-10-01T05:43:24Z [88/2868]   3.1%  43.71  clean__16ad37e660_87160078dd3ce2778683d3a74ce659126834ee6b8d767dcc  (elapsed 63s, eta 1976s)
2026-10-01T05:43:25Z [89/2868]   3.1%  68.41  clean__174152e96d_employee_directory_table_2_employee_directory_ta  (elapsed 63s, eta 1965s)
2026-10-01T05:43:25Z [90/2868]   3.1%  66.36  clean__162fec4604_750426b989_accepted_tracking  (elapsed 64s, eta 1960s)
2026-10-01T05:43:25Z [91/2868]   3.2%  42.32  clean__01d8d30dcd_64a215ef9dd6ba45700f8bae07a22142ee74112b569d3e88  (elapsed 64s, eta 1943s)
2026-10-01T05:43:26Z [92/2868]   3.2%  60.36  clean__178804f5ce_super_editor__invalid_list_def_fallback_d7f55451  (elapsed 64s, eta 1940s)
2026-10-01T05:43:27Z [93/2868]   3.2%  75.24  clean__187c1cd53e_bold_and_underline_combo_id_paraid_overflow  (elapsed 65s, eta 1935s)
2026-10-01T05:43:27Z [94/2868]   3.3%  42.36  clean__13e655c612_modified  (elapsed 66s, eta 1934s)
2026-10-01T05:43:27Z [95/2868]   3.3%  62.88  clean__18b8dd8ea3_behavior__sd_2672_plain_3x3_87943d5d  (elapsed 66s, eta 1913s)
2026-10-01T05:43:27Z [96/2868]   3.3%  94.59  clean__18aaaf7595_heading_3_center_italic_id_paraid_overflow_headi  (elapsed 66s, eta 1895s)
2026-10-01T05:43:28Z [97/2868]   3.4%  57.72  clean__153b511c02_000be97bcad8660da79057a76a2c2271dbef0d102f5676c1  (elapsed 66s, eta 1880s)
2026-10-01T05:43:28Z [98/2868]   3.4%  50.97  clean__18d1a4ad46_super_editor__sd_2534_collab_export_f3c7fdf7  (elapsed 66s, eta 1874s)
2026-10-01T05:43:29Z [99/2868]   3.5%  46.69  clean__1482f2ea38_002c541075d4fbb73daa93da91d6e2bd59b8deb25485bc22  (elapsed 67s, eta 1879s)
2026-10-01T05:43:29Z [100/2868]   3.5%  58.86  clean__199cb211b5_super_editor__basic_footnotes_5be96945  (elapsed 67s, eta 1868s)
2026-10-01T05:43:31Z [101/2868]   3.5%  57.56  clean__19a25c21ea_file_58  (elapsed 69s, eta 1887s)
2026-10-01T05:43:31Z [102/2868]   3.6%  65.70  clean__1b8ec2a8cd_file_7  (elapsed 69s, eta 1870s)
2026-10-01T05:43:31Z [103/2868]   3.6%  67.45  clean__1bcaf87caa_file_67  (elapsed 69s, eta 1864s)
2026-10-01T05:43:32Z [104/2868]   3.6%  67.92  clean__190782d0c5_46b5cb36b3b7d3b1fc419672811e19e13f9f3a1902a96da2  (elapsed 70s, eta 1864s)
2026-10-01T05:43:32Z [105/2868]   3.7%  75.87  clean__18eb110b3b_numwords_fldsimple  (elapsed 70s, eta 1855s)
2026-10-01T05:43:33Z [106/2868]   3.7% 100.00  clean__1bdbf15f5a_super_editor__orderedlist_interrupted1_a3cd0dd3  (elapsed 71s, eta 1858s)
2026-10-01T05:43:33Z [107/2868]   3.7%  92.54  clean__1c5bd81def_super_editor__multiple_nodes_in_list_79d915a2  (elapsed 72s, eta 1848s)
2026-10-01T05:43:33Z [108/2868]   3.8%  47.14  clean__0f6fab8e93_94a0820ba43ac9b10352df6f48bf66f8a7ba06e5b151765d  (elapsed 72s, eta 1834s)
2026-10-01T05:43:35Z [109/2868]   3.8%  95.82  clean__1bd5a46741_header_no_rels_heading_1_bold_demo_id_paraid_ove  (elapsed 73s, eta 1843s)
2026-10-01T05:43:35Z [110/2868]   3.8%  77.68  clean__1cd4f9ee6c_roboto_font_demo_id_paraid_overflow  (elapsed 73s, eta 1841s)
2026-10-01T05:43:36Z [111/2868]   3.9%  42.39  clean__1c7613f27c_858e0b906671516712d44243643f864adc6ec82ae1dbb09a  (elapsed 74s, eta 1841s)
2026-10-01T05:43:37Z [112/2868]   3.9%  64.57  clean__1da0d78473_820ab5e086_rejected_tracking  (elapsed 75s, eta 1854s)
2026-10-01T05:43:39Z [113/2868]   3.9%  93.52  clean__1dbe84f1df_heading_3_style_demo_id_paraid_overflow_2_headin  (elapsed 78s, eta 1897s)
2026-10-01T05:43:41Z [114/2868]   4.0%  51.75  clean__1d80defeab_0017dd5f9a9529effc0286b8ec94dd186559dd869054bcf0  (elapsed 80s, eta 1924s)
2026-10-01T05:43:41Z [115/2868]   4.0%  45.62  clean__1c97f97985_01763950c1aaf14cea10aa2fec62710fdca4484f89e667a4  (elapsed 80s, eta 1910s)
2026-10-01T05:43:42Z [116/2868]   4.0%  96.39  clean__1de41232b3_super_editor__exported_list_font_8e6db734  (elapsed 80s, eta 1905s)
2026-10-01T05:43:43Z [117/2868]   4.1%  38.82  clean__15dc50b29a_004f6cae7f5b522b5fcaee373bb66da8b98270de7cd7ca9a  (elapsed 81s, eta 1901s)
2026-10-01T05:43:43Z [118/2868]   4.1%  64.46  clean__1e1a24aeab_right_align_bold_demo_id_paraid_overflow  (elapsed 82s, eta 1900s)
2026-10-01T05:43:43Z [119/2868]   4.1%  33.98  clean__1748cccad7_ee7944c000c0c92269ef6fdb5c5d84764166c22099f689d2  (elapsed 82s, eta 1890s)
2026-10-01T05:43:44Z [120/2868]   4.2%  96.83  clean__1dfdc7d8ec_super_editor__image_inline_and_block_ad6109b3  (elapsed 82s, eta 1878s)
2026-10-01T05:43:44Z [121/2868]   4.2%  68.50  clean__1e1f1ad583_super_editor__diff_before2_ca0c6859  (elapsed 82s, eta 1863s)
2026-10-01T05:43:45Z [122/2868]   4.3%  40.65  clean__1d6aaded23_96817b4d3631f78007ec8404ade5ef288b61af0d66770002  (elapsed 83s, eta 1872s)
2026-10-01T05:43:45Z [123/2868]   4.3%  66.03  clean__1e212fbfdc_file_122  (elapsed 83s, eta 1858s)
2026-10-01T05:43:46Z [124/2868]   4.3%  65.67  clean__1ea717ddd6_file_126  (elapsed 84s, eta 1865s)
2026-10-01T05:43:46Z [125/2868]   4.4%  60.91  clean__1f4891aebe_large_font_size_demo_id_paraid_overflow  (elapsed 84s, eta 1850s)
2026-10-01T05:43:46Z [126/2868]   4.4%  76.77  clean__1eb80036ee_super_editor__diff_before3_19d22832  (elapsed 84s, eta 1836s)
2026-10-01T05:43:47Z [127/2868]   4.4%  70.42  clean__1f5e081d3e_italic_subscript_demo_style_default_missing_ital  (elapsed 86s, eta 1851s)
2026-10-01T05:43:49Z [128/2868]   4.5%  71.30  clean__1fcc6274e4_inventory_list_suggesting_deletions_inventory_li  (elapsed 87s, eta 1865s)
2026-10-01T05:43:49Z [129/2868]   4.5%  57.47  clean__1fda7fa6e2_file_187  (elapsed 87s, eta 1857s)
2026-10-01T05:43:50Z [130/2868]   4.5%  46.62  clean__1d1c6db79e_db70e40511c7429ff6c1e51d4580e3a8427a680321813e4d  (elapsed 88s, eta 1855s)
2026-10-01T05:43:50Z [131/2868]   4.6%  72.33  clean__2026403eec_75c971b32c_rejected_tracking  (elapsed 89s, eta 1852s)
2026-10-01T05:43:51Z [132/2868]   4.6%  94.87  clean__202a0466fc_heading_1_bold_demo_id_paraid_overflow_heading_1  (elapsed 90s, eta 1859s)
2026-10-01T05:43:51Z [133/2868]   4.6%  56.80  clean__20d2e7d58b_word_tolerated_misplaced_pgsz  (elapsed 90s, eta 1844s)
2026-10-01T05:43:53Z [134/2868]   4.7%  74.05  clean__21c900e459_q1_sales_summary_table  (elapsed 91s, eta 1861s)
2026-10-01T05:43:54Z [135/2868]   4.7%  73.85  clean__22ccb1b200_super_editor__diff_after19_79c6b379  (elapsed 93s, eta 1875s)
2026-10-01T05:43:55Z [136/2868]   4.7%  75.76  clean__23fb865598_super_editor__diff_after4_471fa40f  (elapsed 94s, eta 1884s)
2026-10-01T05:43:56Z [137/2868]   4.8%  38.98  clean__1ec984c384_64c229a005667a35c63afae3c7d77480931a032c93ec1446  (elapsed 95s, eta 1884s)
2026-10-01T05:43:57Z [138/2868]   4.8%  64.03  clean__24bd3ad29d_center_aligned_bold_text_id_paraid_overflow  (elapsed 95s, eta 1888s)
2026-10-01T05:43:57Z [139/2868]   4.8%  47.05  clean__18b4666be8_001b0bc9a79fa25da0fefcc65f5ef399f7a5f8685036043b  (elapsed 96s, eta 1877s)
2026-10-01T05:43:59Z [140/2868]   4.9%  69.32  clean__24d623f497_c3b9905920_accepted_tracking  (elapsed 97s, eta 1895s)
2026-10-01T05:43:59Z [141/2868]   4.9%  56.90  clean__24e3488523_support_tickets_summary_id_paraid_overflow_suppo  (elapsed 97s, eta 1886s)
2026-10-01T05:44:01Z [142/2868]   5.0%  68.62  clean__2559e7cc41_3bc839e440_rejected_tracking  (elapsed 99s, eta 1910s)
2026-10-01T05:44:03Z [143/2868]   5.0%  59.19  clean__25a48e9772_right_alignment_demo_id_paraid_overflow_risk_ass  (elapsed 101s, eta 1929s)
2026-10-01T05:44:03Z [144/2868]   5.0%  38.33  clean__1fadbb5862_fd105f73a713d413b2adf048113dd7acba62a3d723038c9c  (elapsed 102s, eta 1923s)
2026-10-01T05:44:06Z [145/2868]   5.1%  46.56  clean__21a93ae017_000257e9e3903d324b165e458e97c21870bc8fe5b05eed4f  (elapsed 104s, eta 1950s)
2026-10-01T05:44:06Z [146/2868]   5.1%  68.85  clean__25ee8c2ab0_e91e3ea7f6_rejected_tracking  (elapsed 104s, eta 1944s)
2026-10-01T05:44:06Z [147/2868]   5.1%  45.25  clean__1a3573b864_bb917ba095edcd48f3cec46016b853f8906c245660277c45  (elapsed 105s, eta 1935s)
2026-10-01T05:44:06Z [148/2868]   5.2%  67.16  clean__25ed848ec0_75044418ff56083d58cd273fa0dd2272f8add205d2f52f9f  (elapsed 105s, eta 1925s)
2026-10-01T05:44:07Z [149/2868]   5.2%  41.38  clean__22060e7141_40b72d8c37011f35d914c2f44868286d89717c9efd10ac04  (elapsed 106s, eta 1925s)
2026-10-01T05:44:08Z [150/2868]   5.2%  61.86  clean__26ccb443f6_file_11  (elapsed 107s, eta 1933s)
2026-10-01T05:44:08Z [151/2868]   5.3%  58.13  clean__25f07e0823_super_editor__sd_1919_word_mixed_33e049ca  (elapsed 107s, eta 1920s)
2026-10-01T05:44:09Z [152/2868]   5.3%  78.82  clean__26ce1d6300_super_editor__diff_after5_9fb9d5b4  (elapsed 107s, eta 1914s)
2026-10-01T05:44:09Z [153/2868]   5.3%  75.40  clean__1f81a530ec_832b471aa42d2d3f92accaba09e162bd10c978049fd44e8b  (elapsed 107s, eta 1901s)
2026-10-01T05:44:09Z [154/2868]   5.4%  57.56  clean__26d9d392e2_file_98  (elapsed 107s, eta 1890s)
2026-10-01T05:44:10Z [155/2868]   5.4%  65.45  clean__277b6145d6_italic_and_underline_combo_style_default_missing  (elapsed 108s, eta 1897s)
2026-10-01T05:44:11Z [156/2868]   5.4%  53.43  clean__2783c4639f_00160bf269f5dffe87373bf15dd3507fb7ceacbebfd9747f  (elapsed 109s, eta 1892s)
2026-10-01T05:44:13Z [157/2868]   5.5%  73.13  clean__27e6c1ad4a_quarterly_performance_report_table_2  (elapsed 111s, eta 1916s)
2026-10-01T05:44:13Z [158/2868]   5.5%  52.21  clean__27a22c8ac3_4cb34c212d_accepted_tracking  (elapsed 111s, eta 1904s)
2026-10-01T05:44:13Z [159/2868]   5.5%  38.35  clean__0f7b796dcd_54b2104844971699da7b74d34b18580638b00d12f81ab289  (elapsed 112s, eta 1900s)
2026-10-01T05:44:14Z [160/2868]   5.6%  62.01  clean__28764ae8d5_c8bef3772a_rejected_tracking  (elapsed 113s, eta 1908s)
2026-10-01T05:44:15Z [161/2868]   5.6%  62.16  clean__2815b59d6b_f51694bde0_rejected_tracking  (elapsed 113s, eta 1903s)
2026-10-01T05:44:15Z [162/2868]   5.6%  60.36  clean__24cfc33555_89489e767eba60afbffffd971e4fde9913403bfb29003b2b  (elapsed 113s, eta 1893s)
2026-10-01T05:44:16Z [163/2868]   5.7%  70.86  clean__28bf488345_1dbbf3be63_rejected_tracking  (elapsed 114s, eta 1894s)
2026-10-01T05:44:17Z [164/2868]   5.7%  59.02  clean__2936af4459_super_editor__sd_1480_two_col_tab_positions_0095  (elapsed 115s, eta 1903s)
2026-10-01T05:44:18Z [165/2868]   5.8%  69.82  clean__298663a656_underline_text_demo_id_paraid_overflow_underline  (elapsed 116s, eta 1903s)
2026-10-01T05:44:18Z [166/2868]   5.8%  52.59  clean__2992c1fe4d_bf3d5eb650_accepted_tracking  (elapsed 116s, eta 1896s)
2026-10-01T05:44:19Z [167/2868]   5.8%  63.80  clean__2a69e1ce5c_green_bold_text_demo_id_paraid_overflow  (elapsed 117s, eta 1894s)
2026-10-01T05:44:20Z [168/2868]   5.9%  45.76  clean__25140a5f8e_602c1bce3ca4c37bd8dc4e3ef054f6008b4bf9e3059b3818  (elapsed 118s, eta 1895s)
2026-10-01T05:44:20Z [169/2868]   5.9%  98.80  clean__2a8bbf3081_774dc7a15f_accepted_tracking  (elapsed 118s, eta 1888s)
2026-10-01T05:44:20Z [170/2868]   5.9%  78.70  clean__2ad2fc5ab0_super_editor__diff_before10_2f84ca55  (elapsed 119s, eta 1884s)
2026-10-01T05:44:22Z [171/2868]   6.0%  62.96  clean__2b267ac531_right_aligned_italic_demo_id_paraid_overflow  (elapsed 120s, eta 1892s)
2026-10-01T05:44:22Z [172/2868]   6.0%  94.53  clean__2ba392cdd2_super_editor__broken_list_missing_items_36b4199e  (elapsed 120s, eta 1888s)
2026-10-01T05:44:22Z [173/2868]   6.0%  72.66  clean__2bd5ae6064_file_13  (elapsed 121s, eta 1881s)
2026-10-01T05:44:23Z [174/2868]   6.1%  61.96  clean__2bf4db734d_file_20  (elapsed 121s, eta 1872s)
2026-10-01T05:44:24Z [175/2868]   6.1%  64.42  clean__2c0a2ac35f_double_spacing_bold_demo_id_paraid_overflow  (elapsed 122s, eta 1882s)
2026-10-01T05:44:26Z [176/2868]   6.1%  67.57  clean__2d33ff722f_document_100_ultimate_demo_id_paraid_overflow_do  (elapsed 124s, eta 1895s)
2026-10-01T05:44:28Z [177/2868]   6.2%  57.24  clean__2d9166078a_file_24  (elapsed 126s, eta 1913s)
2026-10-01T05:44:29Z [178/2868]   6.2%  44.33  clean__27a86eae8a_411f3ec650e0df13d483c9404a707adfa5707f2cedfa47cf  (elapsed 128s, eta 1927s)
2026-10-01T05:44:30Z [179/2868]   6.2%  64.03  clean__2dc3e97d2a_super_editor__hyperlink_node_52b7695b  (elapsed 128s, eta 1925s)
2026-10-01T05:44:32Z [180/2868]   6.3%  61.58  clean__2e41610325_super_editor__diff_after6_5f9799d0  (elapsed 130s, eta 1942s)
2026-10-01T05:44:32Z [181/2868]   6.3%  96.85  clean__2e5e29fd1c_title_style_centered_demo_id_paraid_overflow_tit  (elapsed 131s, eta 1941s)
2026-10-01T05:44:35Z [182/2868]   6.3%  64.56  clean__2eaeebea1d_7cc19c9376_rejected_tracking  (elapsed 133s, eta 1965s)
2026-10-01T05:44:35Z [183/2868]   6.4%  65.34  clean__2efebc9bc3_blue_underline_combo_demo_id_paraid_overflow  (elapsed 133s, eta 1958s)
2026-10-01T05:44:36Z [184/2868]   6.4% 100.00  clean__2f23773d63_super_editor__pagination_blank_2a98ed7a  (elapsed 135s, eta 1962s)
2026-10-01T05:44:37Z [185/2868]   6.5%  38.01  clean__279abea8ce_super_editor__h_f_normal_odd_even_firstpg_9b210d  (elapsed 135s, eta 1960s)
2026-10-01T05:44:37Z [186/2868]   6.5%  49.57  clean__2ce3abf26a_82efe379b8e2b818c7b2a33e3295e432b10b2a7d50ede1ca  (elapsed 135s, eta 1952s)
2026-10-01T05:44:37Z [187/2868]   6.5%  53.88  clean__2f10fa15fc_mcdoc_meeting_agenda_table_2_word_redline_accept  (elapsed 136s, eta 1944s)
2026-10-01T05:44:39Z [188/2868]   6.6%  68.18  clean__30772dfd1b_subtitle_style_demo_style_default_missing_supers  (elapsed 138s, eta 1962s)
2026-10-01T05:44:40Z [189/2868]   6.6%  64.05  clean__30e84496e2_bullet_list_bold_demo_id_paraid_overflow  (elapsed 138s, eta 1959s)
2026-10-01T05:44:43Z [190/2868]   6.6%  62.51  clean__310c03f39c_super_editor__complexexport1_69441ab1  (elapsed 141s, eta 1986s)
2026-10-01T05:44:43Z [191/2868]   6.7% 100.00  clean__301e302820_super_editor__basic_page_nums_d5b08fc3  (elapsed 141s, eta 1975s)
2026-10-01T05:44:43Z [192/2868]   6.7%  62.90  clean__3126703962_track_changes_editing_bullet_id_paraid_overflow  (elapsed 141s, eta 1970s)
2026-10-01T05:44:46Z [193/2868]   6.7%  59.71  clean__316da9cc94_subscript_demo_id_paraid_overflow  (elapsed 144s, eta 1996s)
2026-10-01T05:44:48Z [194/2868]   6.8%  64.69  clean__331a2e0623_cc7edf29ba_rejected_tracking  (elapsed 147s, eta 2023s)
2026-10-01T05:44:50Z [195/2868]   6.8%  43.45  clean__334eb73a7c_df8c4f9c7d2c85b4042854f488e93a8d7d3404c404a512f5  (elapsed 148s, eta 2027s)
2026-10-01T05:44:52Z [196/2868]   6.8%  62.14  clean__33e7d339be_font_color_demo_style_default_missing  (elapsed 150s, eta 2046s)
2026-10-01T05:44:54Z [197/2868]   6.9%  63.24  clean__331a548c16_open_sans_font_demo_id_paraid_overflow_page_numb  (elapsed 152s, eta 2060s)
2026-10-01T05:44:54Z [198/2868]   6.9%  73.36  clean__2a7aebb7ce_1118d92e486cd8c59e3b10ec9f28ef9188ec989b1120da52  (elapsed 153s, eta 2060s)
2026-10-01T05:44:55Z [199/2868]   6.9%  70.74  clean__34b4bd62be_center_alignment_demo_id_paraid_overflow_2_cente  (elapsed 153s, eta 2058s)
2026-10-01T05:44:58Z [200/2868]   7.0%  65.76  clean__35266bcd04_3ce216e71a_rejected_tracking  (elapsed 156s, eta 2085s)
2026-10-01T05:44:59Z [201/2868]   7.0%  40.41  clean__2c330b89a3_d4228664ebb9b9b04720a87693cb29ef235beeff19f7baca  (elapsed 157s, eta 2086s)
2026-10-01T05:45:01Z [202/2868]   7.0%  63.49  clean__356b7a3629_text_highlight_demo_style_default_missing  (elapsed 160s, eta 2107s)
2026-10-01T05:45:03Z [203/2868]   7.1%  87.11  clean__34ed7ebd0f_227afe23857a4ab9a224864c35859a646d77964f0091d286  (elapsed 161s, eta 2119s)
2026-10-01T05:45:04Z [204/2868]   7.1%  65.32  clean__36223881e1_file_105  (elapsed 163s, eta 2124s)
2026-10-01T05:45:08Z [205/2868]   7.1%  82.87  clean__36c5050fba_super_editor__list_with_indents_efc7d4f5  (elapsed 166s, eta 2157s)
2026-10-01T05:45:09Z [206/2868]   7.2%  67.64  clean__373c45e1cd_green_highlight_demo_id_paraid_overflow_green_un  (elapsed 167s, eta 2158s)
2026-10-01T05:45:11Z [207/2868]   7.2%  70.70  clean__3742e15948_track_changes_editing_bullet_id_paraid_overflow  (elapsed 169s, eta 2170s)
2026-10-01T05:45:13Z [208/2868]   7.3%  43.71  clean__34630af40c_ce03619714889f328892106da27e3f7e22adb05c5dc06201  (elapsed 172s, eta 2196s)
2026-10-01T05:45:14Z [209/2868]   7.3%  76.77  clean__37f61a9c26_super_editor__tab_test_576c8317  (elapsed 172s, eta 2186s)
2026-10-01T05:45:34Z [210/2868]   7.3%  59.82  clean__37c0369ce2_0c0c9334d933085775ef6320a8c741d98cc95ae29c0b70bf  (elapsed 193s, eta 2439s)
2026-10-01T05:45:35Z [211/2868]   7.4%  50.87  clean__399850093b_eaa78312323629a4415231c6bd29003cf9ea6dc1eddc1f84  (elapsed 193s, eta 2432s)
2026-10-01T05:45:37Z [212/2868]   7.4%  94.84  clean__39b73c977c_title_style_demo_style_default_missing  (elapsed 195s, eta 2441s)
2026-10-01T05:45:39Z [213/2868]   7.4%  65.74  clean__39daaf8ffd_justify_alignment_demo_id_paraid_overflow_large  (elapsed 197s, eta 2458s)
2026-10-01T05:45:39Z [214/2868]   7.5%  40.85  clean__2faf211d4e_a6a90be3bb8b565f5392f67dfae6a9f42c7d3d756e9b48ab  (elapsed 197s, eta 2449s)
2026-10-01T05:46:02Z [215/2868]   7.5%  47.04  clean__3a0f2e4a57_686a44fc5e12011c0e142a5e575c11eca2bead716e4f8740  (elapsed 220s, eta 2716s)
2026-10-01T05:46:04Z [216/2868]   7.5%  56.60  clean__3a79078768_heading_4_style_demo_id_paraid_overflow_helvetic  (elapsed 223s, eta 2735s)
2026-10-01T05:46:07Z [217/2868]   7.6%  96.80  clean__3a9525749b_heading_2_style_demo_id_paraid_overflow  (elapsed 226s, eta 2758s)
2026-10-01T05:46:09Z [218/2868]   7.6%  49.99  clean__350b1ae68d_009a28e68eaecf1c8b456f889410ff6d221b1d0cd42b0ccf  (elapsed 228s, eta 2767s)
2026-10-01T05:46:10Z [219/2868]   7.6%  68.81  clean__3a9f0a431d_track_changes_suggesting_calibri_id_paraid_overf  (elapsed 228s, eta 2757s)
2026-10-01T05:46:12Z [220/2868]   7.7%  96.62  clean__3ac6990640_77fb9bd2e1_rejected_tracking  (elapsed 231s, eta 2777s)
2026-10-01T05:46:13Z [221/2868]   7.7%  59.47  clean__3acaee795f_red_strikethrough_demo_style_default_missing  (elapsed 231s, eta 2765s)
2026-10-01T05:46:15Z [222/2868]   7.7%  88.96  clean__3ad13eed3d_evals__document_9bff7e1b  (elapsed 234s, eta 2785s)
2026-10-01T05:46:18Z [223/2868]   7.8%  48.99  clean__3b5c01bae4_file_47  (elapsed 236s, eta 2803s)
2026-10-01T05:46:19Z [224/2868]   7.8%  42.56  clean__3b3d3caac7_105134a04b5566c6f74a90d0d267d3306d4b637be99fe9ba  (elapsed 238s, eta 2804s)
2026-10-01T05:46:21Z [225/2868]   7.8%  58.94  clean__3be662bc7b_project_tasks_suggesting_insertions_q1_sales_sum  (elapsed 239s, eta 2807s)
2026-10-01T05:46:23Z [226/2868]   7.9%  66.03  clean__3c018219ad_table_vmerge_colspan_text_box_word_redline_accep  (elapsed 241s, eta 2819s)
2026-10-01T05:46:43Z [227/2868]   7.9%  37.45  clean__1db907cba0_94a7caf34e3ac5700c7e3cf5f073a6fc8cfe1944a6ce8cf2  (elapsed 261s, eta 3034s)
2026-10-01T05:46:46Z [228/2868]   7.9%  62.15  clean__3c58845755_font_size_24_demo_id_paraid_overflow_font_size_d  (elapsed 264s, eta 3058s)
2026-10-01T05:46:47Z [229/2868]   8.0%  54.16  clean__355857f6ac_1b34db5bf944e7fd70cf87eb4b895571c586e8d6cd402ebb  (elapsed 265s, eta 3055s)
2026-10-01T05:46:48Z [230/2868]   8.0%  65.48  clean__3c60cce945_file_132  (elapsed 266s, eta 3054s)
2026-10-01T05:46:49Z [231/2868]   8.1%  59.22  clean__3cf3093270_super_editor__diff_after7_b998213e  (elapsed 268s, eta 3057s)
2026-10-01T05:46:50Z [232/2868]   8.1%  47.97  clean__39d62be386_142e45828f53d67b780459e79d542d852b1692c83fcf6600  (elapsed 268s, eta 3049s)
2026-10-01T05:46:51Z [233/2868]   8.1%  95.11  clean__3d8acd6139_super_editor__restart_numbering_sub_list_85ddcb7  (elapsed 270s, eta 3051s)
2026-10-01T05:46:54Z [234/2868]   8.2%  63.58  clean__3e33de961a_red_bold_text_demo_id_paraid_overflow  (elapsed 272s, eta 3064s)
2026-10-01T05:46:56Z [235/2868]   8.2%  42.24  clean__3c23561bae_515fa05a5d7bbfdbc24a5352b1ccbd38cdc9cfd5cc2a91ec  (elapsed 274s, eta 3070s)
2026-10-01T05:46:57Z [236/2868]   8.2%  62.20  clean__3e43d24c46_clear_formatting_demo_id_paraid_overflow  (elapsed 275s, eta 3068s)
2026-10-01T05:46:59Z [237/2868]   8.3%  43.20  clean__3d9b31338f_evals__memorandum_258c774a  (elapsed 277s, eta 3075s)
2026-10-01T05:46:59Z [238/2868]   8.3%  48.65  clean__3e50084c2e_super_editor__diff_after16_2a48697a  (elapsed 278s, eta 3068s)
2026-10-01T05:47:00Z [239/2868]   8.3%  64.38  clean__3eac600158_font_size_12_demo_id_paraid_overflow_font_size_1  (elapsed 278s, eta 3057s)
2026-10-01T05:47:02Z [240/2868]   8.4%  63.88  clean__3f9e57ae11_file_156  (elapsed 280s, eta 3067s)
2026-10-01T05:47:03Z [241/2868]   8.4%  62.95  clean__3fc14675e5_italic_text_formatting_demo_id_paraid_overflow_2  (elapsed 281s, eta 3062s)
2026-10-01T05:47:03Z [242/2868]   8.4%  99.40  clean__3faf9e000d_super_editor__text_color_highlight_36cb4c90  (elapsed 281s, eta 3048s)
2026-10-01T05:47:05Z [243/2868]   8.5%  79.69  clean__401bb28d69_7787357743_rejected_tracking  (elapsed 283s, eta 3058s)
2026-10-01T05:47:06Z [244/2868]   8.5%  65.62  clean__4173c2bb01_open_sans_font_demo_id_paraid_overflow_2  (elapsed 284s, eta 3053s)
2026-10-01T05:47:17Z [245/2868]   8.5%  39.02  clean__4084024f5f_7e1bd71c23f050e9e42acf3c80c580ebed4128af155febc0  (elapsed 295s, eta 3163s)
2026-10-01T05:47:18Z [246/2868]   8.6%  54.73  clean__41887884bd_2cdd902cb377787234394f4d3ece42c9f318500f242c6077  (elapsed 296s, eta 3154s)
2026-10-01T05:47:20Z [247/2868]   8.6% 100.00  clean__420a528aa0_super_editor__instrtext_angled_brackets_bug_ed56  (elapsed 298s, eta 3161s)
2026-10-01T05:47:20Z [248/2868]   8.6%  63.98  clean__421f2efe62_file_178  (elapsed 298s, eta 3151s)
2026-10-01T05:47:22Z [249/2868]   8.7%  70.14  clean__426c1b2889_calibri_font_demo_id_paraid_overflow_calibri_hea  (elapsed 301s, eta 3163s)
2026-10-01T05:47:26Z [250/2868]   8.7%  79.47  clean__42d59beb40_super_editor__diff_after10_ac257741  (elapsed 304s, eta 3182s)
2026-10-01T05:47:26Z [251/2868]   8.8%  81.18  clean__418b154e5c_28644f235b80e9dcd2ad8ac640fb08a960458dbaa35dca3e  (elapsed 304s, eta 3174s)
2026-10-01T05:47:29Z [252/2868]   8.8%  68.44  clean__42ecb0d5e6_bold_italic_combined_demo_id_paraid_overflow_bol  (elapsed 307s, eta 3192s)
2026-10-01T05:47:32Z [253/2868]   8.8%  77.76  clean__432a12b1a9_behavior__word_native_bullet_square_da8bb73c  (elapsed 310s, eta 3206s)
2026-10-01T05:47:32Z [254/2868]   8.9%  54.97  clean__42df4a13aa_file_41  (elapsed 310s, eta 3194s)
2026-10-01T05:47:35Z [255/2868]   8.9%  76.77  clean__436055d33f_super_editor__diff_before6_7c6912cb  (elapsed 313s, eta 3208s)
2026-10-01T05:47:37Z [256/2868]   8.9%  62.87  clean__438e423482_track_changes_suggesting_italic_id_paraid_overfl  (elapsed 316s, eta 3220s)
2026-10-01T05:47:41Z [257/2868]   9.0%  62.67  clean__43dd6753e6_super_editor__diff_before7_5bad2542  (elapsed 319s, eta 3239s)
2026-10-01T05:47:42Z [258/2868]   9.0%  44.67  clean__4351ae2564_000e1b3323b64d5ef8787d98095593fcfb7a1332c3a3c4f5  (elapsed 321s, eta 3242s)
2026-10-01T05:47:43Z [259/2868]   9.0%  61.16  clean__43e6fedf3f_file_148  (elapsed 322s, eta 3240s)
2026-10-01T05:47:47Z [260/2868]   9.1%  36.74  clean__44f53394b0_272c8f94f3fd187b3bd8581024dc8be7712ab9f38ce42964  (elapsed 325s, eta 3261s)
2026-10-01T05:47:50Z [261/2868]   9.1%  69.26  clean__44fb24d4cf_calibri_heading_2_right_id_paraid_overflow_cente  (elapsed 328s, eta 3277s)
2026-10-01T05:47:50Z [262/2868]   9.1%  75.63  clean__4492bbb1f8_file_172  (elapsed 329s, eta 3270s)
2026-10-01T05:47:52Z [263/2868]   9.2%  47.56  clean__45c1c5abec_table_vmerge_colspan  (elapsed 331s, eta 3276s)
2026-10-01T05:47:55Z [264/2868]   9.2%  61.54  clean__45f0e9ae25_000876cde652b7dea6edaf51f9af4efb7b0d5d0b9bb964a6  (elapsed 333s, eta 3285s)
2026-10-01T05:48:00Z [265/2868]   9.2%  96.90  clean__460d2299cd_red_bold_text_demo_id_paraid_overflow_red_headin  (elapsed 338s, eta 3321s)
2026-10-01T05:48:01Z [266/2868]   9.3%  77.97  clean__45f61cfd4f_super_editor__sd_1495_auto_page_break_2_f0f3bf0e  (elapsed 339s, eta 3319s)
2026-10-01T05:48:14Z [267/2868]   9.3%  49.56  clean__46f85000b5_001624343bcda818b2c7291e13e2a8b911cc41cfd0654720  (elapsed 352s, eta 3433s)
2026-10-01T05:48:15Z [268/2868]   9.3%  57.10  clean__26eb0ecec7_9377099d26f30a542b1c1db6c87e2a15ce0c0e3fd1e8dc01  (elapsed 354s, eta 3432s)
2026-10-01T05:48:18Z [269/2868]   9.4%  39.53  clean__4257f96bae_8fa61235b84a03e7820a3368b0a43ef1158024839c31cd3d  (elapsed 356s, eta 3444s)
2026-10-01T05:48:22Z [270/2868]   9.4%  57.32  clean__4858c9853b_behavior__multi_image_types_b962a2b8  (elapsed 361s, eta 3469s)
2026-10-01T05:48:24Z [271/2868]   9.4%  71.47  clean__4778a1a764_e20d987733a84f9080f6a514f74423bf5e3362681249ddcc  (elapsed 362s, eta 3474s)
2026-10-01T05:48:25Z [272/2868]   9.5%  64.71  clean__48cd1e0a53_bold_and_italic_combo_style_default_missing  (elapsed 363s, eta 3463s)
2026-10-01T05:48:25Z [273/2868]   9.5%  39.12  clean__385dba78fe_dab9001fa1a6592e746f2874f49bfb83036add21c90c2534  (elapsed 363s, eta 3450s)
2026-10-01T05:48:27Z [274/2868]   9.6%  63.69  clean__491a257507_blue_bold_centered_demo_id_paraid_overflow  (elapsed 365s, eta 3458s)
2026-10-01T05:48:28Z [275/2868]   9.6%  69.38  clean__4961cbb304_blue_italic_text_demo_id_paraid_overflow_blue_un  (elapsed 366s, eta 3455s)
2026-10-01T05:48:36Z [276/2868]   9.6%  73.39  clean__498a050671_super_editor__custom_list1_77f82bd7  (elapsed 374s, eta 3511s)
2026-10-01T05:48:38Z [277/2868]   9.7%  40.75  clean__24b9811b05_file_22  (elapsed 377s, eta 3524s)
2026-10-01T05:48:42Z [278/2868]   9.7%  62.44  clean__4ad775158b_bold_red_text_combo_id_paraid_overflow  (elapsed 381s, eta 3545s)
2026-10-01T05:48:46Z [279/2868]   9.7%  45.09  clean__476dd8129a_a73aaf75c471a01c06be8a6d359813363129ce98f8961862  (elapsed 384s, eta 3562s)
2026-10-01T05:48:47Z [280/2868]   9.8%  65.79  clean__49ff396d6c_25b38ba7aafd509546fa3b44c830f458c61f574879308882  (elapsed 386s, eta 3564s)
2026-10-01T05:48:50Z [281/2868]   9.8%  47.06  clean__490dfc032d_9e81389b5ea7f1dbcfe83f68047563fd81eac85189d4da0f  (elapsed 388s, eta 3576s)
2026-10-01T05:48:52Z [282/2868]   9.8%  48.68  clean__4ba01802a7_super_editor__diff_after_10f1912e  (elapsed 390s, eta 3579s)
2026-10-01T05:48:54Z [283/2868]   9.9%  61.42  clean__4bcc6433a9_employee_directory_table_employee_review_john_sm  (elapsed 392s, eta 3583s)
2026-10-01T05:48:56Z [284/2868]   9.9%  98.16  clean__4bceaacd42_file_82  (elapsed 394s, eta 3588s)
2026-10-01T05:48:57Z [285/2868]   9.9%  58.00  clean__4c0d04c85d_book_catalog_id_paraid_overflow  (elapsed 395s, eta 3583s)
2026-10-01T05:49:01Z [286/2868]  10.0%  94.82  clean__4c4f8515c5_title_style_centered_demo_id_paraid_overflow  (elapsed 399s, eta 3604s)
2026-10-01T05:49:02Z [287/2868]  10.0%  42.89  clean__4975af1511_5fb9cedf01b18203fb40ca1724457d22cef045180d44eeee  (elapsed 401s, eta 3602s)
2026-10-01T05:49:06Z [288/2868]  10.0%  56.19  clean__4c927c58aa_insert_link_demo_id_paraid_overflow_inventory_li  (elapsed 404s, eta 3620s)
2026-10-01T05:49:07Z [289/2868]  10.1%  43.98  clean__3cf442621c_61e91fa96ceaaca00b0c6b5767616397ab67572233fc6879  (elapsed 405s, eta 3616s)
2026-10-01T05:49:08Z [290/2868]  10.1%  62.35  clean__4d1070e14c_strikethrough_text_formatting_demo_id_paraid_ove  (elapsed 406s, eta 3612s)
2026-10-01T05:49:11Z [291/2868]  10.1%  53.12  clean__4b030510c8_2c352c83d380db6593aab51ee078eb7da48503f758fd80a8  (elapsed 409s, eta 3621s)
2026-10-01T05:49:11Z [292/2868]  10.2%  67.47  clean__4d93df9a83_4e54b171c3_accepted_tracking  (elapsed 409s, eta 3607s)
2026-10-01T05:49:12Z [293/2868]  10.2%  87.48  clean__4de4ec481f_9e30446cea_accepted_tracking  (elapsed 411s, eta 3608s)
2026-10-01T05:49:13Z [294/2868]  10.3%  38.59  clean__4c3999a0d9_2f1e47b67f38e08aa66f8c6667e88dac17cc31f5e32ce219  (elapsed 411s, eta 3599s)
2026-10-01T05:49:14Z [295/2868]  10.3%  68.84  clean__4decc8b4b8_large_font_size_demo_id_paraid_overflow_left_ali  (elapsed 412s, eta 3596s)
2026-10-01T05:49:14Z [296/2868]  10.3%  95.82  clean__4dff3f0ab2_heading_1_bold_demo_id_paraid_overflow  (elapsed 412s, eta 3583s)
2026-10-01T05:49:16Z [297/2868]  10.4%  70.70  clean__4e22d00d83_26fa719cba_rejected_tracking  (elapsed 414s, eta 3588s)
2026-10-01T05:49:17Z [298/2868]  10.4%  64.07  clean__4e3224b29a_left_alignment_demo_id_paraid_overflow_line_spac  (elapsed 415s, eta 3581s)
2026-10-01T05:49:18Z [299/2868]  10.4%  60.33  clean__4e6a261969_file_197  (elapsed 416s, eta 3576s)
2026-10-01T05:49:20Z [300/2868]  10.5%  64.20  clean__4ec5ae2a61_verdana-font-demo_id-paraid-overflow-2  (elapsed 418s, eta 3577s)
2026-10-01T05:49:20Z [301/2868]  10.5%  49.35  clean__4edcbf241a_behavior__math_groupchr_tests_4a4970fc  (elapsed 418s, eta 3568s)
2026-10-01T05:49:21Z [302/2868]  10.5%  63.86  clean__4f0a3847e3_verdana_italic_centered_demo_id_paraid_overflow  (elapsed 420s, eta 3566s)
2026-10-01T05:49:23Z [303/2868]  10.6%  83.05  clean__4fb2440e08_file_139  (elapsed 421s, eta 3567s)
2026-10-01T05:49:23Z [304/2868]  10.6%  41.37  clean__4ee88e44b6_0032010367a47a8b5d4312b8f8cb14033157b4f61dcf690a  (elapsed 422s, eta 3556s)
2026-10-01T05:49:25Z [305/2868]  10.6%  35.73  clean__4c80812cfc_0022e7ab9d4939afd1fc5c178c8344e8522174aee4bf6faa  (elapsed 423s, eta 3554s)
2026-10-01T05:49:25Z [306/2868]  10.7%  60.39  clean__4fd07b6dfd_218c9d60d5_accepted_tracking  (elapsed 423s, eta 3543s)
2026-10-01T05:49:25Z [307/2868]  10.7%  38.07  clean__4b0729d267_super_editor__h_f_normal_odd_even_unchecked_firs  (elapsed 423s, eta 3531s)
2026-10-01T05:49:25Z [308/2868]  10.7%  40.75  clean__2ca2d3ab7b_file_22  (elapsed 424s, eta 3521s)
2026-10-01T05:49:27Z [309/2868]  10.8%  59.38  clean__501bf3d47b_super_editor__table_merged_cells_9c349334  (elapsed 426s, eta 3526s)
2026-10-01T05:49:28Z [310/2868]  10.8%  57.20  clean__50f191b0a5_book_catalog_id_paraid_overflow_book_catalog_tab  (elapsed 426s, eta 3516s)
2026-10-01T05:49:29Z [311/2868]  10.8%  74.37  clean__50d8be9682_file_190  (elapsed 427s, eta 3515s)
2026-10-01T05:49:30Z [312/2868]  10.9%  63.29  clean__516ae5b317_justified_underline_demo_id_paraid_overflow  (elapsed 429s, eta 3511s)
2026-10-01T05:49:31Z [313/2868]  10.9%  68.20  clean__512c461d4a_subscript_demo_id_paraid_overflow_subscript_demo  (elapsed 430s, eta 3508s)
2026-10-01T05:49:36Z [314/2868]  10.9%  65.26  clean__525c779243_file_121  (elapsed 435s, eta 3536s)
2026-10-01T05:49:40Z [315/2868]  11.0%  60.03  clean__5320da1b60_file_30  (elapsed 438s, eta 3552s)
2026-10-01T05:49:43Z [316/2868]  11.0%  64.01  clean__5383bab0c2_file_119  (elapsed 441s, eta 3562s)
2026-10-01T05:49:44Z [317/2868]  11.1%  60.05  clean__4fe0d7ea9e_01726ecd054df2a1ed1f8a4a51916ac3d97b8ee67c6ad780  (elapsed 442s, eta 3559s)
2026-10-01T05:49:45Z [318/2868]  11.1%  64.85  clean__5396ca3671_helvetica_font_demo_style_default_missing  (elapsed 444s, eta 3559s)
2026-10-01T05:49:46Z [319/2868]  11.1%  72.64  clean__52220b20c3_00a54bff7e15af78fe7cfc20219c28cb208fde807bd28d44  (elapsed 444s, eta 3551s)
2026-10-01T05:49:46Z [320/2868]  11.2%  49.10  clean__52524565af_815d7d240ddb63bfc8be69c00cf62f4b9d75b494de167de6  (elapsed 445s, eta 3541s)
2026-10-01T05:49:47Z [321/2868]  11.2%  75.54  clean__53acee0b15_5f0fed8e2a_accepted_tracking  (elapsed 445s, eta 3533s)
2026-10-01T05:49:48Z [322/2868]  11.2%  65.66  clean__53de8de92b_file_183  (elapsed 447s, eta 3531s)
2026-10-01T05:49:48Z [323/2868]  11.3%  46.07  clean__521bb53c59_7b5f7cc03ca143f21962fb74754cd58d9bf6d5d0ce6746fc  (elapsed 447s, eta 3519s)
2026-10-01T05:49:49Z [324/2868]  11.3%  46.51  clean__4e1ae95712_540e14bc1dedc88dcd609487293c6b4e916bfb5354ba2ef2  (elapsed 447s, eta 3512s)
2026-10-01T05:49:51Z [325/2868]  11.3%  68.35  clean__562804ed4d_red_bold_heading_demo_style_default_missing_red  (elapsed 449s, eta 3515s)
2026-10-01T05:49:51Z [326/2868]  11.4%  61.84  clean__563331c6f3_super_editor__broken_complex_list_293fda86  (elapsed 449s, eta 3503s)
2026-10-01T05:49:52Z [327/2868]  11.4%  63.95  clean__565f0a0e94_file_149  (elapsed 450s, eta 3497s)
2026-10-01T05:49:52Z [328/2868]  11.4%  46.75  clean__546864032e_evals__lease_agreement_7081191d  (elapsed 450s, eta 3487s)
2026-10-01T05:49:52Z [329/2868]  11.5% 100.00  clean__56d68160f4_doc_api_stories__sd_2086_header_row_shading_api  (elapsed 450s, eta 3476s)
2026-10-01T05:49:54Z [330/2868]  11.5%  91.04  clean__5685f1e355_heading_4_style_demo_id_paraid_overflow_2_headin  (elapsed 453s, eta 3481s)
2026-10-01T05:49:55Z [331/2868]  11.5%  64.01  clean__572990f05c_right_alignment_demo_id_paraid_overflow  (elapsed 453s, eta 3472s)
2026-10-01T05:49:55Z [332/2868]  11.6%  63.32  clean__578897b374_file_56  (elapsed 453s, eta 3461s)
2026-10-01T05:49:57Z [333/2868]  11.6%  61.01  clean__583fd6d9cb_file_51  (elapsed 456s, eta 3469s)
2026-10-01T05:49:57Z [334/2868]  11.6% 100.00  clean__58d11506a5_file_64  (elapsed 456s, eta 3458s)
2026-10-01T05:49:58Z [335/2868]  11.7%  74.53  clean__5900cc12ca_file_29  (elapsed 456s, eta 3449s)
2026-10-01T05:50:00Z [336/2868]  11.7%  58.22  clean__591e5e7f06_file_106  (elapsed 459s, eta 3456s)
2026-10-01T05:50:03Z [337/2868]  11.8%  37.02  clean__54474d2a33_9a6137b671f8d4911a02fefd76026625a8b4fa9670672247  (elapsed 461s, eta 3463s)
2026-10-01T05:50:04Z [338/2868]  11.8%  72.65  clean__59ede3d879_track_changes_suggesting_bold_id_paraid_overflow  (elapsed 462s, eta 3460s)
2026-10-01T05:50:06Z [339/2868]  11.8%  45.57  clean__591ad043cb_6ff02404c2_rejected_tracking  (elapsed 464s, eta 3465s)
2026-10-01T05:50:06Z [340/2868]  11.9%  53.27  clean__5a1ebe17eb_endnotes_sample  (elapsed 465s, eta 3456s)
2026-10-01T05:50:07Z [341/2868]  11.9%  61.31  clean__5a8152b0cd_justify_alignment_demo_id_paraid_overflow  (elapsed 465s, eta 3446s)
2026-10-01T05:50:10Z [342/2868]  11.9%  68.60  clean__5b0564808e_justified_underline_demo_id_paraid_overflow_just  (elapsed 468s, eta 3456s)
2026-10-01T05:50:10Z [343/2868]  12.0%  62.38  clean__5adc853144_insert_link_demo_id_paraid_overflow  (elapsed 468s, eta 3445s)
2026-10-01T05:50:11Z [344/2868]  12.0%  93.12  clean__5aa178b931_super_editor__lists_sub_paragraph_31ff3fed  (elapsed 469s, eta 3440s)
2026-10-01T05:50:13Z [345/2868]  12.0%  32.23  clean__57dbc2463b_5fda2eccd82055b20583fbedb99369e4257f9f7aa8ed0986  (elapsed 471s, eta 3445s)
2026-10-01T05:50:13Z [346/2868]  12.1%  51.90  clean__5b421850d5_super_editor__ooxml_strike_rstyle_linked_combos  (elapsed 471s, eta 3433s)
2026-10-01T05:50:14Z [347/2868]  12.1%  36.50  clean__5bab7a3e37_ad3955b9d93250c7b4e6aa622571f3e99e7217b6c003e125  (elapsed 472s, eta 3430s)
2026-10-01T05:50:14Z [348/2868]  12.1%  67.45  clean__5bb92ec790_72d7218610_rejected_tracking  (elapsed 472s, eta 3419s)
2026-10-01T05:50:16Z [349/2868]  12.2%  63.93  clean__5bde480834_file_112  (elapsed 474s, eta 3425s)
2026-10-01T05:50:16Z [350/2868]  12.2%  62.51  clean__5d17fd43a9_complex_style_attr  (elapsed 474s, eta 3413s)
2026-10-01T05:50:17Z [351/2868]  12.2%  66.38  clean__5d5ca75f29_bold_italic_underline_demo_id_paraid_overflow  (elapsed 475s, eta 3409s)
2026-10-01T05:50:19Z [352/2868]  12.3%  77.24  clean__5d9783a7c4_roboto_font_demo_id_paraid_overflow_2  (elapsed 477s, eta 3412s)
2026-10-01T05:50:20Z [353/2868]  12.3% 100.00  clean__5e1297a308_file_55  (elapsed 478s, eta 3409s)
2026-10-01T05:50:23Z [354/2868]  12.3%  82.03  clean__5e5fa9b5fb_super_editor__list_def_mix_d7cec092  (elapsed 482s, eta 3420s)
2026-10-01T05:50:27Z [355/2868]  12.4%  71.05  clean__5e19ee96d9_numbered_list_italic_demo_id_paraid_overflow_num  (elapsed 485s, eta 3433s)
2026-10-01T05:50:27Z [356/2868]  12.4%  55.97  clean__5df9204197_001f8d6602c79f0612e03f81b02e4c9b7d2957fb1e9c4956  (elapsed 485s, eta 3423s)
2026-10-01T05:50:28Z [357/2868]  12.4%  46.62  clean__5d8d46dc14_773769cc16a6284c23b8eca4576bc7899f75ff2f874181fb  (elapsed 487s, eta 3424s)
2026-10-01T05:50:32Z [358/2868]  12.5%  66.74  clean__5efd1fcd25_doc_api_stories__diff_doc1_835f4535  (elapsed 490s, eta 3436s)
2026-10-01T05:50:35Z [359/2868]  12.5%  41.73  clean__5f0086929c_f776f4ab2e014d09be476a8425d45bb0814666cca9d95ba4  (elapsed 493s, eta 3448s)
2026-10-01T05:50:35Z [360/2868]  12.6%  44.63  clean__5ef743ae0d_be0740762f580e358cc4e8dc579eba0f634ac5a6de4550ac  (elapsed 493s, eta 3437s)
2026-10-01T05:50:38Z [361/2868]  12.6%  65.85  clean__5f9b4239d4_font_family_demo_id_paraid_overflow_font_size_12  (elapsed 496s, eta 3448s)
2026-10-01T05:50:38Z [362/2868]  12.6%  96.80  clean__5f733bb530_heading_2_center_demo_id_paraid_overflow_heading  (elapsed 497s, eta 3437s)
2026-10-01T05:50:41Z [363/2868]  12.7%  60.00  clean__5fa01813d3_super_editor__basic_table_shading_d3212ffd  (elapsed 500s, eta 3448s)
2026-10-01T05:50:41Z [364/2868]  12.7%  69.23  clean__600b8ca5d7_training_materials_onboarding_program_suggesting  (elapsed 500s, eta 3437s)
2026-10-01T05:50:44Z [365/2868]  12.7%  61.54  clean__60a37a935b_d12806f3e8_accepted_tracking  (elapsed 502s, eta 3445s)
2026-10-01T05:50:44Z [366/2868]  12.8%  46.93  clean__59b0cdb4c5_f43d198617228aedfb40a784b13884e2d5d9f1169440af38  (elapsed 503s, eta 3436s)
2026-10-01T05:50:47Z [367/2868]  12.8%  74.38  clean__60ba9c3639_file_97  (elapsed 505s, eta 3441s)
2026-10-01T05:50:50Z [368/2868]  12.8%  91.82  clean__61eaede95c_subtitle_style_demo_style_default_missing  (elapsed 508s, eta 3451s)
2026-10-01T05:50:50Z [369/2868]  12.9%  41.80  clean__56237c589e_00243d36a50686ad06b7033972e3cb198a6e3d404214516a  (elapsed 508s, eta 3441s)
2026-10-01T05:50:51Z [370/2868]  12.9%  37.20  clean__60f8044583_301293ef2a140a99a53b6c059b90aad9f7437c63551a0618  (elapsed 509s, eta 3438s)
2026-10-01T05:50:51Z [371/2868]  12.9%  36.98  clean__5e6a6796ab_cc0025260d3c0d8ef9778f39227d5ec1bf597041cedd43e3  (elapsed 510s, eta 3430s)
2026-10-01T05:50:52Z [372/2868]  13.0%  39.11  clean__5eea60295d_original  (elapsed 510s, eta 3424s)
2026-10-01T05:50:53Z [373/2868]  13.0%  73.43  clean__622bdcf414_employee-directory_table_shaded-cell  (elapsed 511s, eta 3420s)
2026-10-01T05:50:54Z [374/2868]  13.0%  96.48  clean__635dfded4d_red_heading_demo_id_paraid_overflow  (elapsed 512s, eta 3416s)
2026-10-01T05:50:55Z [375/2868]  13.1%  35.22  clean__633be43610_0015dee20c868dbee27193c6fa34f4bb27e8920ce596de6c  (elapsed 513s, eta 3410s)
2026-10-01T05:50:55Z [376/2868]  13.1%  72.17  clean__63726c18f5_strikethrough_text_demo_id_paraid_overflow_strik  (elapsed 513s, eta 3402s)
2026-10-01T05:50:55Z [377/2868]  13.1%  70.87  clean__63e11f9ecf_red_heading_demo_id_paraid_overflow_red_striketh  (elapsed 514s, eta 3395s)
2026-10-01T05:50:56Z [378/2868]  13.2%  45.10  clean__6224dfcb8b_2d7b815409b79ddc3ea9c52dc6aa856770ee6499e1110934  (elapsed 514s, eta 3387s)
2026-10-01T05:50:57Z [379/2868]  13.2%  40.22  clean__6055cab8ad_fc9e108f844e0aad9645a388d52ae72005e185775bbe2bfe  (elapsed 515s, eta 3381s)
2026-10-01T05:50:57Z [380/2868]  13.2%  69.87  clean__6525ae127f_bold_superscript_demo_style_default_missing_bold  (elapsed 515s, eta 3372s)
2026-10-01T05:50:57Z [381/2868]  13.3%  64.57  clean__64bdd3aded_footnotes_sample  (elapsed 515s, eta 3363s)
2026-10-01T05:50:58Z [382/2868]  13.3%  69.10  clean__65c06626cb_bold_and_italic_combo_style_default_missing_bold  (elapsed 516s, eta 3359s)
2026-10-01T05:50:58Z [383/2868]  13.4%  72.52  clean__662d48a044_open_sans_bold_underline_id_paraid_overflow_open  (elapsed 517s, eta 3353s)
2026-10-01T05:50:59Z [384/2868]  13.4%  54.61  clean__667af231c2_behavior__sd_2672_rtl_table_63bd9d10  (elapsed 518s, eta 3349s)
2026-10-01T05:51:00Z [385/2868]  13.4%  67.20  clean__668fe0a735_super_editor__ooxml_bold_vals_demo_9e688d8f  (elapsed 518s, eta 3343s)
2026-10-01T05:51:01Z [386/2868]  13.5%  73.49  clean__6692202299_0e4dfd953d_rejected_tracking  (elapsed 519s, eta 3337s)
2026-10-01T05:51:01Z [387/2868]  13.5%  53.77  clean__3bea84268c_6cbf6dfdf4b28397138c88c0353584658ccd144a913ce03b  (elapsed 519s, eta 3329s)
2026-10-01T05:51:02Z [388/2868]  13.5%  88.42  clean__66b0a9112c_file_165  (elapsed 520s, eta 3323s)
2026-10-01T05:51:02Z [389/2868]  13.6%  41.73  clean__65c1c6f91c_d8b0c2ae01_accepted_tracking  (elapsed 520s, eta 3317s)
2026-10-01T05:51:08Z [390/2868]  13.6%  46.36  clean__671ff91b1d_behavior__sd_2750_borderbox_7cd3768d  (elapsed 527s, eta 3346s)
2026-10-01T05:51:09Z [391/2868]  13.6%  56.80  clean__67555165fa_5aaa1b479afe01ccd8430417730f6ce91d16f00d01314895  (elapsed 528s, eta 3343s)
2026-10-01T05:51:12Z [392/2868]  13.7%  40.64  clean__66396a2dff_5cb08eac0fbc63f2dc66c9020486fde76b78b3b56e6cc368  (elapsed 530s, eta 3347s)
2026-10-01T05:51:13Z [393/2868]  13.7%  40.92  clean__6797b1450f_fce350bbf4f75c5cee5eaea4b202d624e159bd749e2bfab1  (elapsed 532s, eta 3348s)
2026-10-01T05:51:15Z [394/2868]  13.7%  58.73  clean__65695b941a_71df1fd99914a3abfca2de1775ccb4b2400f12430110f55d  (elapsed 534s, eta 3351s)
2026-10-01T05:51:16Z [395/2868]  13.8%  63.26  clean__68526de79b_file_77  (elapsed 534s, eta 3343s)
2026-10-01T05:51:18Z [396/2868]  13.8%  95.78  clean__687da097e9_heading_2_center_demo_id_paraid_overflow  (elapsed 536s, eta 3348s)
2026-10-01T05:51:20Z [397/2868]  13.8%  65.73  clean__689563dec1_calibri_heading_2_right_id_paraid_overflow  (elapsed 538s, eta 3351s)
2026-10-01T05:51:20Z [398/2868]  13.9%  56.08  clean__67d63b7fde_e845a3975b3857765c585e474046f546f3384b66a6a4b175  (elapsed 539s, eta 3344s)
2026-10-01T05:51:21Z [399/2868]  13.9%  37.32  clean__3a5ed45f0d_3d76420524fd4852ab017e1d57f215e37281e965b3f38b31  (elapsed 539s, eta 3334s)
2026-10-01T05:51:23Z [400/2868]  13.9%  73.62  clean__69bfcf9176_file_163  (elapsed 542s, eta 3342s)
2026-10-01T05:51:29Z [401/2868]  14.0%  46.65  clean__681fc07078_792753394635a6a7528a7bdc7b517b987d76a7ac416c92b0  (elapsed 548s, eta 3369s)
2026-10-01T05:51:30Z [402/2868]  14.0%  49.53  clean__693ed49817_98cf8bfc81136e646bba9e686e13f954e9cf5e9ae996d785  (elapsed 548s, eta 3363s)
2026-10-01T05:51:33Z [403/2868]  14.1%  62.14  clean__6a4d8ea70c_blue_italic_text_demo_id_paraid_overflow  (elapsed 551s, eta 3370s)
2026-10-01T05:51:33Z [404/2868]  14.1%  80.31  clean__6a65e5219d_24_id_paraid_overflow  (elapsed 551s, eta 3361s)
2026-10-01T05:51:33Z [405/2868]  14.1%  44.67  clean__6a2e8e695e_f24eedb542c15e32a5003e6ce0e79482109c11ec150238c6  (elapsed 551s, eta 3351s)
2026-10-01T05:51:35Z [406/2868]  14.2%  42.97  clean__6a0425f294_35e46f6ecb40163d6866a0374791aa3680f314adcf860db0  (elapsed 553s, eta 3354s)
2026-10-01T05:51:35Z [407/2868]  14.2%  63.04  clean__6b0acda259_file_73  (elapsed 554s, eta 3348s)
2026-10-01T05:51:36Z [408/2868]  14.2%  56.58  clean__6aee3ac28b_5068b053d6_rejected_tracking  (elapsed 554s, eta 3339s)
2026-10-01T05:51:37Z [409/2868]  14.3%  45.43  clean__6861cd230b_00098354963f526182265e81dacc0b65fcd448b044a082ce  (elapsed 555s, eta 3336s)
2026-10-01T05:51:38Z [410/2868]  14.3%  97.03  clean__6b8e9ee359_heading_1_style_demo_id_paraid_overflow_heading  (elapsed 556s, eta 3334s)
2026-10-01T05:51:39Z [411/2868]  14.3%  49.44  clean__6c0ad6c8ef_behavior__math_matrix_tests_a3b17e15  (elapsed 557s, eta 3329s)
2026-10-01T05:51:40Z [412/2868]  14.4%  64.67  clean__6afafe50fd_file_92  (elapsed 559s, eta 3330s)
2026-10-01T05:51:41Z [413/2868]  14.4%  69.49  clean__6c78111f6f_blue_underline_combo_demo_id_paraid_overflow_bol  (elapsed 559s, eta 3325s)
2026-10-01T05:51:44Z [414/2868]  14.4%  96.89  clean__6cac26f95c_file_94  (elapsed 562s, eta 3332s)
2026-10-01T05:51:44Z [415/2868]  14.5%  40.00  clean__671b3660c2_3f671017f7272d30d5560706ed497e9fb0324587007c9d2f  (elapsed 562s, eta 3324s)
2026-10-01T05:51:46Z [416/2868]  14.5%  50.34  clean__6ca202588b_super_editor__ooxml_size_rstyle_linked_combos_de  (elapsed 564s, eta 3325s)
2026-10-01T05:51:48Z [417/2868]  14.5%  73.75  clean__6d773ca294_super_editor__annot2_03ae6b74  (elapsed 567s, eta 3331s)
2026-10-01T05:51:49Z [418/2868]  14.6%  44.34  clean__6b651ce4d7_c57b193bfed2913adbc8d722adeb036b555243f776c4cbe4  (elapsed 567s, eta 3324s)
2026-10-01T05:51:50Z [419/2868]  14.6%  33.69  clean__6d510ca476_e18e70bc499a81e13497ff9a2f509657b18b7b27da9aa4c6  (elapsed 568s, eta 3321s)
2026-10-01T05:51:51Z [420/2868]  14.6%  67.82  clean__6df7cf2688_strikethrough_text_formatting_demo_id_paraid_ove  (elapsed 569s, eta 3319s)
2026-10-01T05:51:52Z [421/2868]  14.7%  53.43  clean__6c63c78baf_4ed6fefdc4770de14b06879bd864def9d71065293ac8f483  (elapsed 570s, eta 3312s)
2026-10-01T05:51:52Z [422/2868]  14.7%  72.10  clean__6e08e456f6_roboto_underline_demo_id_paraid_overflow  (elapsed 570s, eta 3306s)
2026-10-01T05:51:53Z [423/2868]  14.7%  72.62  clean__6eaf636739_9abf4fa5b5_rejected_tracking  (elapsed 572s, eta 3304s)
2026-10-01T05:51:53Z [424/2868]  14.8%  82.93  clean__6de86e7286_db3227cc1f95e69e7d4c01e22cedfdc9a55c7067eaa1ac25  (elapsed 572s, eta 3296s)
2026-10-01T05:51:55Z [425/2868]  14.8%  40.06  clean__19eb128df9_98bf5f3d218a1485f5eb284693b4f98725eadd3660097efd  (elapsed 574s, eta 3298s)
2026-10-01T05:51:55Z [426/2868]  14.9%  72.40  clean__6f8593051c_green_bold_text_demo_id_paraid_overflow_green_hi  (elapsed 574s, eta 3289s)
2026-10-01T05:51:57Z [427/2868]  14.9%  46.33  clean__6f02029e99_file_134  (elapsed 575s, eta 3288s)
2026-10-01T05:51:59Z [428/2868]  14.9%  64.20  clean__70584b4a0e_file_189  (elapsed 577s, eta 3289s)
2026-10-01T05:51:59Z [429/2868]  15.0%  74.02  clean__7091fcfd59_c9fc2e8899_accepted_tracking  (elapsed 577s, eta 3280s)
2026-10-01T05:52:00Z [430/2868]  15.0%  82.35  clean__7098537b0d_super_editor__base_custom_544164f9  (elapsed 579s, eta 3281s)
2026-10-01T05:52:02Z [431/2868]  15.0%  86.48  clean__70a28a8258_file_15  (elapsed 580s, eta 3280s)
2026-10-01T05:52:02Z [432/2868]  15.1%  86.20  clean__709c8435f9_25f1d6ecc3_accepted_tracking  (elapsed 580s, eta 3271s)
2026-10-01T05:52:03Z [433/2868]  15.1%  61.27  clean__70bed70fac_1_5_line_spacing_id_paraid_overflow  (elapsed 581s, eta 3269s)
2026-10-01T05:52:04Z [434/2868]  15.1%  72.65  clean__714cfd1648_b3e000423e_accepted_tracking  (elapsed 583s, eta 3268s)
2026-10-01T05:52:05Z [435/2868]  15.2%  47.99  clean__6eb165dc4b_005f3b0c3c8d3161bcac0f39afd04fb89f3a23d33036bc34  (elapsed 583s, eta 3260s)
2026-10-01T05:52:05Z [436/2868]  15.2%  96.29  clean__7166fa4199_document_100_ultimate_demo_id_paraid_overflow  (elapsed 583s, eta 3251s)
2026-10-01T05:52:05Z [437/2868]  15.2%  92.54  clean__7226967373_file_23  (elapsed 583s, eta 3246s)
2026-10-01T05:52:06Z [438/2868]  15.3%  48.24  clean__4f9dff0369_f827f1ca71b26a05479d43827a69fdb35f5acd1185196bdb  (elapsed 584s, eta 3240s)
2026-10-01T05:52:06Z [439/2868]  15.3%  59.60  clean__7367931dbf_super_editor__sdt_test_60079f08  (elapsed 585s, eta 3234s)
2026-10-01T05:52:07Z [440/2868]  15.3%  72.31  clean__72b5e3ee18_risk_assessment_product_launch_suggesting_insert  (elapsed 585s, eta 3227s)
2026-10-01T05:52:07Z [441/2868]  15.4%  60.56  clean__73e78ba640_strikethrough_and_italic_combo_id_paraid_overflo  (elapsed 585s, eta 3222s)
2026-10-01T05:52:09Z [442/2868]  15.4%  91.82  clean__74569260d2_subtitle_style_demo_id_paraid_overflow_subtitle  (elapsed 587s, eta 3224s)
2026-10-01T05:52:10Z [443/2868]  15.4%  71.34  clean__75aeff4f58_super_editor__diff_after9_a9d4b4b0  (elapsed 588s, eta 3221s)
2026-10-01T05:52:10Z [444/2868]  15.5%  54.87  clean__74f1efeece_1b993fd50b_rejected_tracking  (elapsed 588s, eta 3212s)
2026-10-01T05:52:12Z [445/2868]  15.5%  88.17  clean__76827c9f6c_super_editor__sd_1480_two_col_index_0138dccc  (elapsed 591s, eta 3216s)
2026-10-01T05:52:13Z [446/2868]  15.6% 100.00  clean__7692b33045_super_editor__list_with_break_exported_broken_45  (elapsed 591s, eta 3210s)
2026-10-01T05:52:13Z [447/2868]  15.6%  72.07  clean__76bcbe9b26_f00b7032aa_accepted_tracking  (elapsed 592s, eta 3204s)
2026-10-01T05:52:15Z [448/2868]  15.6%  69.17  clean__7794b1b8dc_text_box_text_highlight_demo_style_default_missi  (elapsed 594s, eta 3206s)
2026-10-01T05:52:15Z [449/2868]  15.7%  71.92  clean__746ad2b7f6_file_153  (elapsed 594s, eta 3198s)
2026-10-01T05:52:18Z [450/2868]  15.7%  63.99  clean__7798c47449_meeting_minutes_id_paraid_overflow_meeting_minut  (elapsed 596s, eta 3203s)
2026-10-01T05:52:20Z [451/2868]  15.7%  83.71  clean__7867ea5164_c323b1ce8e_accepted_tracking  (elapsed 598s, eta 3204s)
2026-10-01T05:52:20Z [452/2868]  15.8%  50.94  clean__6d1e362f08_4cc88ab29e9c212464ee2730d775451b98e3cd485a840ca5  (elapsed 598s, eta 3196s)
2026-10-01T05:52:20Z [453/2868]  15.8%  73.41  clean__7888085856_employee_directory_table  (elapsed 599s, eta 3191s)
2026-10-01T05:52:22Z [454/2868]  15.8%  62.89  clean__79cb6b6c0f_behavior__word_native_bullet_disc_bfbeb2dd  (elapsed 601s, eta 3193s)
2026-10-01T05:52:22Z [455/2868]  15.9%  76.27  clean__7962b06671_super_editor__bookmark_use_cases_d20f31f6  (elapsed 601s, eta 3186s)
2026-10-01T05:52:25Z [456/2868]  15.9%  48.90  clean__7a48682ea5_super_editor__superdoc_hyperlink_cases_1dde9cd3  (elapsed 604s, eta 3193s)
2026-10-01T05:52:26Z [457/2868]  15.9%  96.74  clean__7a7366be9f_16833a9d55_rejected_tracking  (elapsed 604s, eta 3186s)
2026-10-01T05:52:26Z [458/2868]  16.0%  55.83  clean__72f06ef2cd_eec6e5b32964c7f438e81e38a3348b32bbc037af503f1104  (elapsed 605s, eta 3182s)
2026-10-01T05:52:28Z [459/2868]  16.0%  48.61  clean__7772e684bb_056aa42f3314a8a17098cba6c7afb8c21d27fc3bf274f137  (elapsed 606s, eta 3180s)
2026-10-01T05:52:28Z [460/2868]  16.0%  95.95  clean__7aeb8aded2_track_changes_suggesting_italic_id_paraid_overfl  (elapsed 606s, eta 3174s)
2026-10-01T05:52:28Z [461/2868]  16.1%  55.33  clean__7b076416b0_sectpr_headerref  (elapsed 607s, eta 3167s)
2026-10-01T05:52:29Z [462/2868]  16.1%  67.53  clean__7b52eb703b_justify_alignment_demo_id_paraid_overflow_2_just  (elapsed 608s, eta 3164s)
2026-10-01T05:52:29Z [463/2868]  16.1%  41.38  clean__6fffde4ae2_000bf66110e841e1d2c2e862fc7db869b8d410586ad12d0d  (elapsed 608s, eta 3157s)
2026-10-01T05:52:31Z [464/2868]  16.2%  61.96  clean__7c568a0c73_line_spacing_demo_id_paraid_overflow_marketing_s  (elapsed 609s, eta 3156s)
2026-10-01T05:52:32Z [465/2868]  16.2%  62.38  clean__7c87c9cd93_super_editor__complex_list_def_short_fde20a67  (elapsed 610s, eta 3153s)
2026-10-01T05:52:32Z [466/2868]  16.2%  74.86  clean__7cab5fbdbe_book_catalog_table  (elapsed 611s, eta 3148s)
2026-10-01T05:52:34Z [467/2868]  16.3%  96.35  clean__7d7b8241b8_blue_bold_centered_demo_id_paraid_overflow_blue  (elapsed 612s, eta 3146s)
2026-10-01T05:52:34Z [468/2868]  16.3%  71.09  clean__689072d58f_590e77a9f5c0a2a019cfa2e1b21d0197fb139d0f9883f948  (elapsed 612s, eta 3140s)
2026-10-01T05:52:34Z [469/2868]  16.4%  73.29  clean__7d89bf44b4_single_paragraph  (elapsed 613s, eta 3133s)
2026-10-01T05:52:36Z [470/2868]  16.4%  41.76  clean__7a0f4111db_773c22a722159fae20a7cd85c87e7113ee0e2bafd2226422  (elapsed 614s, eta 3132s)
2026-10-01T05:52:36Z [471/2868]  16.4%  60.58  clean__7e405bc8f2_font_size_12_demo_id_paraid_overflow  (elapsed 614s, eta 3126s)
2026-10-01T05:52:36Z [472/2868]  16.5%  62.09  clean__7df616a4f9_4548a5e33f_accepted_tracking  (elapsed 615s, eta 3120s)
2026-10-01T05:52:36Z [473/2868]  16.5%  57.36  clean__7c31a68295_behavior__pageref_standalone_h_7b3ab72e  (elapsed 615s, eta 3112s)
2026-10-01T05:52:38Z [474/2868]  16.5%  99.44  clean__7e77c2f888_file_120  (elapsed 616s, eta 3112s)
2026-10-01T05:52:39Z [475/2868]  16.6%  87.18  clean__7ea58e56c5_5e03c1afd0_accepted_tracking  (elapsed 617s, eta 3109s)
2026-10-01T05:52:39Z [476/2868]  16.6%  48.57  clean__7e685cbab1_super_editor__ooxml_underline_rstyle_linked_comb  (elapsed 617s, eta 3103s)
2026-10-01T05:52:41Z [477/2868]  16.6%  58.12  clean__7fd9abba03_file_87  (elapsed 619s, eta 3103s)
2026-10-01T05:52:41Z [478/2868]  16.7%  39.12  clean__7fda30a6f2_9cb6df893fcd1a1597981f9b2f2919474ca3125776ed96f8  (elapsed 620s, eta 3099s)
2026-10-01T05:52:43Z [479/2868]  16.7%  94.87  clean__7fdb301d7f_customer_satisfaction_survey_q4_suggesting_inser  (elapsed 621s, eta 3099s)
2026-10-01T05:52:43Z [480/2868]  16.7%  50.64  clean__7f567ada68_7c28073a381aa706215f6fd4196b4c66096249720665b8a7  (elapsed 621s, eta 3091s)
2026-10-01T05:52:44Z [481/2868]  16.8%  46.65  clean__7c26597a5e_23094ca2670099d2a5cdc379c98283701ca48c1132a20f9b  (elapsed 622s, eta 3086s)
2026-10-01T05:52:44Z [482/2868]  16.8%  68.43  clean__7e56ed1163_df4265bd31bd7012f3cb7715d95f1fbb03351217a6e08307  (elapsed 622s, eta 3079s)
2026-10-01T05:52:45Z [483/2868]  16.8%  66.74  clean__812c0181d7_file_68  (elapsed 624s, eta 3079s)
2026-10-01T05:52:47Z [484/2868]  16.9%  69.82  clean__812c85cf2e_c964f553ef_rejected_tracking  (elapsed 625s, eta 3078s)
2026-10-01T05:52:48Z [485/2868]  16.9%  99.92  clean__8138a2180b_file_145  (elapsed 626s, eta 3077s)
2026-10-01T05:52:51Z [486/2868]  16.9%  95.46  clean__776a437291_behavior__two_column_simple_e77be963  (elapsed 630s, eta 3085s)
2026-10-01T05:52:51Z [487/2868]  17.0%  39.30  clean__7f77e21c5b_68d7b88b551ae010193fd135b7bbb0880d0b314c10b12b90  (elapsed 630s, eta 3079s)
2026-10-01T05:52:53Z [488/2868]  17.0%  63.17  clean__81ca547ef9_meeting_minutes_suggesting_insertions_multi_sect  (elapsed 631s, eta 3077s)
2026-10-01T05:52:53Z [489/2868]  17.1%  56.90  clean__821281f6b2_1eb1aa2dac_accepted_tracking  (elapsed 631s, eta 3069s)
2026-10-01T05:52:54Z [490/2868]  17.1%  91.04  clean__82928b2e05_heading_4_style_demo_id_paraid_overflow  (elapsed 632s, eta 3069s)
2026-10-01T05:52:54Z [491/2868]  17.1%  68.77  clean__82794f31ff_evals__basic_list_b4d9bb45  (elapsed 632s, eta 3061s)
2026-10-01T05:52:56Z [492/2868]  17.2%  96.76  clean__82b365789e_file_117  (elapsed 634s, eta 3063s)
2026-10-01T05:52:56Z [493/2868]  17.2%  65.77  clean__82ee7342fd_file_5  (elapsed 634s, eta 3055s)
2026-10-01T05:52:56Z [494/2868]  17.2%  62.43  clean__82348eef4b_multi_section  (elapsed 635s, eta 3049s)
2026-10-01T05:52:57Z [495/2868]  17.3%  63.43  clean__830eb0f0a2_file_169  (elapsed 636s, eta 3048s)
2026-10-01T05:52:58Z [496/2868]  17.3%  53.06  clean__834c9f9f35_file_57  (elapsed 636s, eta 3041s)
2026-10-01T05:52:59Z [497/2868]  17.3%  67.75  clean__8393268b59_right_alignment_demo_id_paraid_overflow_2_right  (elapsed 638s, eta 3041s)
2026-10-01T05:53:01Z [498/2868]  17.4%  40.74  clean__48a455b7e7_sd_2517_localized_heading_styles  (elapsed 639s, eta 3040s)
2026-10-01T05:53:01Z [499/2868]  17.4%  65.56  clean__83e4d0f6e6_title_style_demo_style_default_missing_track_cha  (elapsed 639s, eta 3035s)
2026-10-01T05:53:02Z [500/2868]  17.4%  94.75  clean__837d45926d_super_editor__header_alternating_odd_even_11e019  (elapsed 641s, eta 3034s)
2026-10-01T05:53:04Z [501/2868]  17.5%  57.43  clean__8012c1a824_6273733807de175958d895ae29dec781318f1062595cdc19  (elapsed 642s, eta 3033s)
2026-10-01T05:53:04Z [502/2868]  17.5%  52.38  clean__6ba5bd3ed9_675bc160844acf63f96db9c42125e80653db32667cac018a  (elapsed 643s, eta 3028s)
2026-10-01T05:53:04Z [503/2868]  17.5%  70.77  clean__84a69ac097_ff42b4a7a3_accepted_tracking  (elapsed 643s, eta 3021s)
2026-10-01T05:53:06Z [504/2868]  17.6%  72.14  clean__85cb685e65_tiff_image_times_new_roman_bold_id_paraid_overfl  (elapsed 645s, eta 3024s)
2026-10-01T05:53:07Z [505/2868]  17.6%  66.63  clean__852426b54e_file_194  (elapsed 645s, eta 3018s)
2026-10-01T05:53:08Z [506/2868]  17.6%  70.50  clean__860b6e457e_superscript_demo_id_paraid_overflow  (elapsed 647s, eta 3018s)
2026-10-01T05:53:09Z [507/2868]  17.7%  94.32  clean__86fc27a62e_aa270fe985_rejected_tracking  (elapsed 647s, eta 3014s)
2026-10-01T05:53:10Z [508/2868]  17.7%  74.17  clean__878549f8f2_file_193  (elapsed 649s, eta 3013s)
2026-10-01T05:53:13Z [509/2868]  17.7%  61.38  clean__87f3bff234_meeting_minutes_id_paraid_overflow  (elapsed 651s, eta 3017s)
2026-10-01T05:53:15Z [510/2868]  17.8%  46.01  clean__84fa0f7a28_01242a0a3e86537d39b92a0d4d5c6267d48f88f1b6729e48  (elapsed 653s, eta 3019s)
2026-10-01T05:53:15Z [511/2868]  17.8%  37.99  clean__884dfd796f_93cc1c58ac616e388a68fa74fbd35e803cf7e0d8b365ff82  (elapsed 654s, eta 3015s)
2026-10-01T05:53:17Z [512/2868]  17.9%  63.00  clean__889d555594_5260f46604_rejected_tracking  (elapsed 655s, eta 3015s)
2026-10-01T05:53:17Z [513/2868]  17.9%  51.82  clean__87dc2ebfec_00ee07057c69b24e2be4bf1a2684792bf6141fdccc35d075  (elapsed 655s, eta 3009s)
2026-10-01T05:53:18Z [514/2868]  17.9%  98.31  clean__88c08cf1dc_file_81  (elapsed 656s, eta 3004s)
2026-10-01T05:53:19Z [515/2868]  18.0%  63.46  clean__89aae44d46_project_proposal_suggesting_insertions_project_t  (elapsed 657s, eta 3004s)
2026-10-01T05:53:19Z [516/2868]  18.0%  68.19  clean__89b44c96a7_super_editor__sdts_basic_45263ca5  (elapsed 657s, eta 2997s)
2026-10-01T05:53:21Z [517/2868]  18.0%  67.69  clean__8a553b35e4_super_editor__doc_with_spaces_from_styles_734ca2  (elapsed 659s, eta 2997s)
2026-10-01T05:53:21Z [518/2868]  18.1%  63.93  clean__8a7f242026_center_bold_demo_id_paraid_overflow  (elapsed 659s, eta 2990s)
2026-10-01T05:53:23Z [519/2868]  18.1%  93.98  clean__8ab3f01cdd_super_editor__paragraph_indent_normal_styles_85f  (elapsed 661s, eta 2993s)
2026-10-01T05:53:25Z [520/2868]  18.1%  75.63  clean__8b3bfdf247_calibri_bold_italic_demo_id_paraid_overflow  (elapsed 664s, eta 2996s)
2026-10-01T05:53:28Z [521/2868]  18.2%  61.46  clean__8b72b370fc_image_out_of_folder  (elapsed 666s, eta 3001s)
2026-10-01T05:53:28Z [522/2868]  18.2%  38.10  clean__844ea6febc_00e23d67c3e7c2099890dd56e67ee46d42e078bec1c31d8d  (elapsed 666s, eta 2994s)
2026-10-01T05:53:31Z [523/2868]  18.2%  62.56  clean__8c3cb2e7dd_file_60  (elapsed 669s, eta 3000s)
2026-10-01T05:53:38Z [524/2868]  18.3%  38.61  clean__8c67bcfe65_d41a99929b13b393a913649f7b39e9df2a6aa4878230cf7e  (elapsed 676s, eta 3025s)
2026-10-01T05:53:39Z [525/2868]  18.3%  37.51  clean__8c58e78e4b_002ed0b9ad1fef24f83b58614b6c6b21bf3f320ba814865d  (elapsed 677s, eta 3022s)
2026-10-01T05:53:40Z [526/2868]  18.3%  91.60  clean__8c730b5c80_heading_4_right_italic_id_paraid_overflow  (elapsed 678s, eta 3020s)
2026-10-01T05:53:41Z [527/2868]  18.4%  72.87  clean__8c79860f8d_file_75  (elapsed 679s, eta 3017s)
2026-10-01T05:53:43Z [528/2868]  18.4%  44.67  clean__8aa1ebfac8_0022795af6d293660914a50334635149388c3e919e91a704  (elapsed 681s, eta 3018s)
2026-10-01T05:53:43Z [529/2868]  18.4%  99.40  clean__8db63962d9_super_editor__fields_attrs2_fonts_ebd792fb  (elapsed 681s, eta 3011s)
2026-10-01T05:53:45Z [530/2868]  18.5%  68.08  clean__8e4cd23eaf_superscript_demo_id_paraid_overflow_2_superscrip  (elapsed 683s, eta 3013s)
2026-10-01T05:53:45Z [531/2868]  18.5%  72.00  clean__8df6dfa8d7_alternate_content  (elapsed 683s, eta 3008s)
2026-10-01T05:53:46Z [532/2868]  18.5%  39.73  clean__279da0a289_a4168b8a3243b602dbbc156765888e0596f9d3e4dac17549  (elapsed 684s, eta 3003s)
2026-10-01T05:53:47Z [533/2868]  18.6%  62.51  clean__8e672e0a48_super_editor__complex_list_def_short_export_8fa1  (elapsed 685s, eta 3001s)
2026-10-01T05:53:47Z [534/2868]  18.6%  61.05  clean__8ee210e927_super_editor__missing_separator_41c823b9  (elapsed 686s, eta 2997s)
2026-10-01T05:53:48Z [535/2868]  18.7%  71.97  clean__8ef32902e8_file_158  (elapsed 686s, eta 2994s)
2026-10-01T05:53:49Z [536/2868]  18.7%  57.07  clean__8f53a13fd2_project_tasks_suggesting_insertions_2_project_ta  (elapsed 687s, eta 2991s)
2026-10-01T05:53:50Z [537/2868]  18.7%  69.75  clean__8f8f5a3e4d_file_160  (elapsed 688s, eta 2988s)
2026-10-01T05:53:50Z [538/2868]  18.8%  88.33  clean__8fb278cb36_word_tolerated_duplicate_ppr  (elapsed 688s, eta 2981s)
2026-10-01T05:53:51Z [539/2868]  18.8%  70.87  clean__8ffa474bd2_superscript_demo_id_paraid_overflow_superscript  (elapsed 690s, eta 2980s)
2026-10-01T05:53:52Z [540/2868]  18.8%  93.80  clean__905583c6e4_heading_2_style_demo_id_paraid_overflow_heading  (elapsed 691s, eta 2978s)
2026-10-01T05:53:53Z [541/2868]  18.9%  91.24  clean__902a69f0e4_super_editor__line_space_table_9b1ee54b  (elapsed 691s, eta 2973s)
2026-10-01T05:53:54Z [542/2868]  18.9%  76.93  clean__906753e55b_super_editor__table_c70ca973  (elapsed 692s, eta 2970s)
2026-10-01T05:53:55Z [543/2868]  18.9%  64.12  clean__9082a99ee8_file_164  (elapsed 693s, eta 2968s)
2026-10-01T05:53:56Z [544/2868]  19.0%  73.25  clean__90e2c33814_meeting_agenda_table_2  (elapsed 694s, eta 2964s)
2026-10-01T05:53:57Z [545/2868]  19.0%  70.40  clean__91b2b8bb84_file_71  (elapsed 695s, eta 2964s)
2026-10-01T05:53:58Z [546/2868]  19.0%  65.52  clean__9224b22b43_file_1  (elapsed 697s, eta 2963s)
2026-10-01T05:53:59Z [547/2868]  19.1%  68.65  clean__92589c3e37_super_editor__pre_separated_list_bd330d28  (elapsed 698s, eta 2961s)
2026-10-01T05:54:00Z [548/2868]  19.1%  45.45  clean__91440900a0_00189e19139f6e3031303e4152566a7bc08fab71a5c95895  (elapsed 698s, eta 2955s)
2026-10-01T05:54:01Z [549/2868]  19.1%  65.68  clean__9297fc746e_calibri_font_demo_id_paraid_overflow_2  (elapsed 699s, eta 2952s)
2026-10-01T05:54:02Z [550/2868]  19.2%  78.24  clean__9322444a3f_behavior__sd_2888_hyperlink_with_ampersand_aaaac  (elapsed 700s, eta 2952s)
2026-10-01T05:54:03Z [551/2868]  19.2%  73.92  clean__9332d3001f_super_editor__sdpr_titleonly_b0796676  (elapsed 701s, eta 2948s)
2026-10-01T05:54:04Z [552/2868]  19.2%  62.68  clean__93485182eb_font_color_blue_demo_style_default_missing  (elapsed 703s, eta 2948s)
2026-10-01T05:54:05Z [553/2868]  19.3%  59.80  clean__93e2be10e6_font_size_18_demo_style_default_missing  (elapsed 703s, eta 2945s)
2026-10-01T05:54:14Z [554/2868]  19.3%  54.00  clean__943e62959d_88646e9284c944b7dd39810ba5832dbf955c2892c6161f87  (elapsed 712s, eta 2974s)
2026-10-01T05:54:16Z [555/2868]  19.4%  62.15  clean__94ed0def64_file_54  (elapsed 714s, eta 2977s)
2026-10-01T05:54:18Z [556/2868]  19.4%  62.74  clean__94a4773791_66d254f6647175449db334fa6427a22e3a7c7fcc5bbc7950  (elapsed 717s, eta 2980s)
2026-10-01T05:54:23Z [557/2868]  19.4%  42.74  clean__80efad84d3_3691648ca828914f876d636bc9681b6ec9447969ab5ca800  (elapsed 722s, eta 2994s)
2026-10-01T05:54:25Z [558/2868]  19.5%  45.41  clean__92f6ee8aac_5f55a25569af55c69ae82bf96cb6d0b191d64e6d91117302  (elapsed 723s, eta 2993s)
2026-10-01T05:54:26Z [559/2868]  19.5%  73.24  clean__95bdaad1fe_support_tickets_table  (elapsed 724s, eta 2992s)
2026-10-01T05:54:27Z [560/2868]  19.5%  76.10  clean__95e830f2bd_c46dee2ac8_accepted_tracking  (elapsed 726s, eta 2990s)
2026-10-01T05:54:28Z [561/2868]  19.6%  67.38  clean__95ff51154c_file_66  (elapsed 726s, eta 2987s)
2026-10-01T05:54:29Z [562/2868]  19.6%  62.19  clean__9610bc363d_track_changes_editing_strikethrough_id_paraid_ov  (elapsed 728s, eta 2986s)
2026-10-01T05:54:31Z [563/2868]  19.6%  64.75  clean__966994cba9_track_changes_suggesting_calibri_id_paraid_overf  (elapsed 729s, eta 2987s)
2026-10-01T05:54:32Z [564/2868]  19.7%  39.91  clean__8d793b3df9_8389849ea8c3fee8dacbb8135dd4ac68bf50809dba47953b  (elapsed 730s, eta 2982s)
2026-10-01T05:54:34Z [565/2868]  19.7%  51.61  clean__970e9bbbcc_behavior__math_all_objects_36ab389c  (elapsed 732s, eta 2984s)
2026-10-01T05:54:35Z [566/2868]  19.7%  60.69  clean__96fa27757a_behavior__rtl_page_numpages_54739e26  (elapsed 733s, eta 2982s)
2026-10-01T05:54:37Z [567/2868]  19.8%  89.27  clean__972dc076c1_super_editor__longer_header_sign_area_7c80b525  (elapsed 735s, eta 2982s)
2026-10-01T05:54:38Z [568/2868]  19.8%  50.58  clean__97268066a6_b93742a07a47e00b24772b233211dfebeafec708420ee659  (elapsed 736s, eta 2980s)
2026-10-01T05:54:38Z [569/2868]  19.8%  56.02  clean__9764803bb0_contract_review_suggesting_mixed_edits_customer  (elapsed 737s, eta 2977s)
2026-10-01T05:54:40Z [570/2868]  19.9%  51.61  clean__97b2e714de_super_editor__broken_list_7e9b9bf7  (elapsed 739s, eta 2978s)
2026-10-01T05:54:42Z [571/2868]  19.9%  61.46  clean__980eab4f1e_book_catalog_table_budget_report_q1_2026_suggest  (elapsed 741s, eta 2980s)
2026-10-01T05:54:43Z [572/2868]  19.9%  54.91  clean__97ed49ab4b_a97bb9b57f_accepted_tracking  (elapsed 742s, eta 2976s)
2026-10-01T05:54:45Z [573/2868]  20.0%  52.34  clean__98bc895b4b_super_editor__listwithspacernodes_cf53e890  (elapsed 743s, eta 2976s)
2026-10-01T05:54:45Z [574/2868]  20.0%  66.21  clean__98c4a2b743_font_size_demo_id_paraid_overflow_footnotes_samp  (elapsed 744s, eta 2972s)
2026-10-01T05:54:47Z [575/2868]  20.0%  36.39  clean__98cef45df2_b92e101c3d5fa5707025f98c1c01ccec9463c1a772dbb107  (elapsed 745s, eta 2973s)
2026-10-01T05:54:49Z [576/2868]  20.1%  64.57  clean__991f6468eb_bold_italic_combined_demo_id_paraid_overflow  (elapsed 748s, eta 2975s)
2026-10-01T05:54:50Z [577/2868]  20.1%  52.28  clean__98d3c14c29_003329b501a7650eb0ed05803118dd2186358491fdcf543e  (elapsed 749s, eta 2973s)
2026-10-01T05:54:51Z [578/2868]  20.2%  38.97  clean__9586202517_super_editor__two_column_two_page_0b8a37c5  (elapsed 750s, eta 2970s)
2026-10-01T05:54:52Z [579/2868]  20.2%  55.26  clean__99d2bd65b6_multi_section_nested_table_rowspan_word_redline  (elapsed 750s, eta 2967s)
2026-10-01T05:54:54Z [580/2868]  20.2%  28.52  clean__8312b28068_dfdd43321e3a098547d31b405a1bfbacb81f97abbf14f2f0  (elapsed 752s, eta 2968s)
2026-10-01T05:54:55Z [581/2868]  20.3%  47.52  clean__99c11b7d8e_f518c13245b2fdb7c69dc16a268913a43656a97451645fbe  (elapsed 753s, eta 2965s)
2026-10-01T05:54:57Z [582/2868]  20.3%  65.70  clean__9b315f7fac_29e3872eed_accepted_tracking  (elapsed 755s, eta 2965s)
2026-10-01T05:54:58Z [583/2868]  20.3%  68.66  clean__9b5fbc4f51_bold_text_formatting_demo_id_paraid_overflow_bol  (elapsed 757s, eta 2965s)
2026-10-01T05:55:00Z [584/2868]  20.4%  68.65  clean__9b9fce74d9_super_editor__basic_list_0fcfe705  (elapsed 758s, eta 2966s)
2026-10-01T05:55:01Z [585/2868]  20.4%  48.43  clean__9adc367804_f1a94a792cf683005b754ab358c3e9f7689b9c5c072af42c  (elapsed 760s, eta 2964s)
2026-10-01T05:55:02Z [586/2868]  20.4%  71.96  clean__9bc627bef5_bold_text_formatting_demo_id_paraid_overflow_2_b  (elapsed 761s, eta 2963s)
2026-10-01T05:55:04Z [587/2868]  20.5%  67.37  clean__9c0dd6b3f6_file_147  (elapsed 762s, eta 2960s)
2026-10-01T05:55:06Z [588/2868]  20.5%  52.99  clean__9c7f21c23e_super_editor__line_break_627a7159  (elapsed 764s, eta 2962s)
2026-10-01T05:55:06Z [589/2868]  20.5%  53.88  clean__89d3a1c365_40d999f53c15fd5eb9e57ab8cf37f22f83d6823458897be1  (elapsed 764s, eta 2956s)
2026-10-01T05:55:07Z [590/2868]  20.6%  82.08  clean__9c1fb4747e_super_editor__sd_1495_auto_page_break_854a2dd9  (elapsed 766s, eta 2956s)
2026-10-01T05:55:08Z [591/2868]  20.6%  65.47  clean__9cdb090efa_4eff11f045_accepted_tracking  (elapsed 766s, eta 2952s)
2026-10-01T05:55:08Z [592/2868]  20.6%  65.50  clean__9d2146095f_file_80  (elapsed 766s, eta 2946s)
2026-10-01T05:55:10Z [593/2868]  20.7%  59.67  clean__9d3fa84f9f_bullet_list_demo_id_paraid_overflow  (elapsed 768s, eta 2946s)
2026-10-01T05:55:10Z [594/2868]  20.7%  66.07  clean__9de8d635f0_file_107  (elapsed 769s, eta 2942s)
2026-10-01T05:55:10Z [595/2868]  20.7%  50.78  clean__9b2d904b61_8443dc67cb0400e8992e1d4ab952cee266b113fb07e81f1b  (elapsed 769s, eta 2936s)
2026-10-01T05:55:12Z [596/2868]  20.8%  76.62  clean__9e80f22c51_behavior__word_native_bullet_circle_80d6f323  (elapsed 771s, eta 2937s)
2026-10-01T05:55:13Z [597/2868]  20.8%  56.20  clean__9e9d83978b_super_editor__sublist_issue_66a1800a  (elapsed 771s, eta 2933s)
2026-10-01T05:55:13Z [598/2868]  20.9%  51.05  clean__9e4a01de0a_evals__employment_offer_4cf5a872  (elapsed 771s, eta 2927s)
2026-10-01T05:55:13Z [599/2868]  20.9%  59.26  clean__950d333339_6a0d50215e5c7f9eb3a50dac6315d8cbb6873aea3d8aa1e4  (elapsed 771s, eta 2921s)
2026-10-01T05:55:14Z [600/2868]  20.9%  48.11  clean__9ef2a93274_super_editor__tab_alignment_test_184edb5d  (elapsed 772s, eta 2920s)
2026-10-01T05:55:15Z [601/2868]  21.0%  95.71  clean__9f56ca58a1_track_changes_suggesting_title_id_paraid_overflo  (elapsed 773s, eta 2916s)
2026-10-01T05:55:15Z [602/2868]  21.0%  46.21  clean__9b4ac7d40d_011c597c772a28de7a8bf22cc936717d8255ca84bec5f6a1  (elapsed 773s, eta 2911s)
2026-10-01T05:55:17Z [603/2868]  21.0%  66.30  clean__a07a7e0dbd_numbered_list_demo_id_paraid_overflow_numbered_l  (elapsed 775s, eta 2912s)
2026-10-01T05:55:18Z [604/2868]  21.1%  38.59  clean__9e91bf60e0_5c8effb0850299f4f3bbbe59c0ef7a1737bcdf934b1b3441  (elapsed 776s, eta 2909s)
2026-10-01T05:55:18Z [605/2868]  21.1%  50.94  clean__a04e2d2749_ooxml_style_link  (elapsed 777s, eta 2905s)
2026-10-01T05:55:19Z [606/2868]  21.1%  65.59  clean__a0d5729906_file_91  (elapsed 777s, eta 2902s)
2026-10-01T05:55:20Z [607/2868]  21.2%  63.99  clean__a11154bc42_14f0524539_rejected_tracking  (elapsed 779s, eta 2900s)
2026-10-01T05:55:23Z [608/2868]  21.2%  48.59  clean__a0f5f78de9_a22b2e62cb7a2ff65e40ac609f4093ae950cb6e346e82f45  (elapsed 782s, eta 2905s)
2026-10-01T05:55:23Z [609/2868]  21.2%  44.12  clean__9fef546df9_4adb619b0a08f4747df387366decbcc034d14f6913e5a553  (elapsed 782s, eta 2900s)
2026-10-01T05:55:26Z [610/2868]  21.3%  82.68  clean__a21c45464c_super_editor__shape_group_ce60e1e6  (elapsed 784s, eta 2903s)
2026-10-01T05:55:27Z [611/2868]  21.3%  42.07  clean__a05bc8ec1e_6a5a823e4b6c60f55c050bed1862157fdf0f6f0b5fe13270  (elapsed 785s, eta 2901s)
2026-10-01T05:55:28Z [612/2868]  21.3%  65.76  clean__a24b3782e4_super_editor__list_with_table_break_ff0c4c1f  (elapsed 786s, eta 2898s)
2026-10-01T05:55:28Z [613/2868]  21.4%  49.88  clean__a206273d01_00ba858a8099e9936d610a3f9437ac9c1e30a81bce6b71be  (elapsed 786s, eta 2893s)
2026-10-01T05:55:29Z [614/2868]  21.4%  55.31  clean__a28094b269_sd_2517_localized_heading_styles_sectpr_headerre  (elapsed 787s, eta 2890s)
2026-10-01T05:55:30Z [615/2868]  21.4%  54.42  clean__a291bf4a73_behavior__rtl_header_footer_e1ac81f6  (elapsed 788s, eta 2887s)
2026-10-01T05:55:30Z [616/2868]  21.5%  65.94  clean__a3586d71f8_file_177  (elapsed 788s, eta 2881s)
2026-10-01T05:55:31Z [617/2868]  21.5%  57.31  clean__a378be6fbe_file_103  (elapsed 789s, eta 2878s)
2026-10-01T05:55:31Z [618/2868]  21.5%  48.70  clean__7e1d0dc896_db433183ef464aaaa01d37307a1b7476eb855adb2ab2e09c  (elapsed 789s, eta 2874s)
2026-10-01T05:55:31Z [619/2868]  21.6%  40.39  clean__a4642f7f90_mcdoc  (elapsed 790s, eta 2869s)
2026-10-01T05:55:31Z [620/2868]  21.6%  62.78  clean__a391978591_yellow_highlight_italic_demo_style_default_missi  (elapsed 790s, eta 2863s)
2026-10-01T05:55:32Z [621/2868]  21.7%  90.79  clean__a43a36ff27_heading_4_right_italic_id_paraid_overflow_headin  (elapsed 790s, eta 2859s)
2026-10-01T05:55:33Z [622/2868]  21.7%  65.14  clean__a137bd88ff_cfe430bfc56eb27e340016af5f623acb9703590af329fbe5  (elapsed 791s, eta 2856s)
2026-10-01T05:55:33Z [623/2868]  21.7%  94.58  clean__a540784dac_times_new_roman_font_id_paraid_overflow_title_st  (elapsed 792s, eta 2853s)
2026-10-01T05:55:33Z [624/2868]  21.8%  71.90  clean__a54f205278_quarterly_performance_report_table  (elapsed 792s, eta 2847s)
2026-10-01T05:55:33Z [625/2868]  21.8%  96.43  clean__a46b602ff5_file_33  (elapsed 792s, eta 2841s)
2026-10-01T05:55:34Z [626/2868]  21.8%  65.93  clean__a5721f5e06_24_id_paraid_overflow_alternate_content_word_red  (elapsed 792s, eta 2837s)
2026-10-01T05:55:35Z [627/2868]  21.9%  75.11  clean__a707194fe8_ooxml_style_link_open_sans_bold_underline_id_par  (elapsed 793s, eta 2836s)
2026-10-01T05:55:35Z [628/2868]  21.9%  53.57  clean__a83d3922a8_file_104  (elapsed 794s, eta 2831s)
2026-10-01T05:55:35Z [629/2868]  21.9%  74.77  clean__a841bd75f4_roboto_font_demo_id_paraid_overflow_roboto_under  (elapsed 794s, eta 2825s)
2026-10-01T05:55:37Z [630/2868]  22.0%  48.19  clean__a5903a7c15_super_editor__pci_table_dc840852  (elapsed 795s, eta 2825s)
2026-10-01T05:55:37Z [631/2868]  22.0%  62.54  clean__a98d0a8c12_center_alignment_demo_id_paraid_overflow_2  (elapsed 795s, eta 2819s)
2026-10-01T05:55:37Z [632/2868]  22.0%  72.24  clean__a94f4c516b_text_box  (elapsed 795s, eta 2814s)
2026-10-01T05:55:39Z [633/2868]  22.1%  63.28  clean__aa62a37db2_strikethrough_text_demo_id_paraid_overflow  (elapsed 797s, eta 2814s)
2026-10-01T05:55:39Z [634/2868]  22.1%  68.30  clean__a9f3a3c647_file_72  (elapsed 797s, eta 2808s)
2026-10-01T05:55:39Z [635/2868]  22.1%  47.70  clean__a1229ed620_0156b5f0b85e21a3c75b86b035fb330098cd5b092a7feedd  (elapsed 798s, eta 2805s)
2026-10-01T05:55:42Z [636/2868]  22.2%  54.62  clean__ab064d6482_super_editor__table_width_issue_20b01504  (elapsed 800s, eta 2807s)
2026-10-01T05:55:42Z [637/2868]  22.2%  41.67  clean__aa910e0269_0b212ef01f9f16f785fb36ebf24bafc24fffc367ac583e27  (elapsed 800s, eta 2802s)
2026-10-01T05:55:44Z [638/2868]  22.2%  69.87  clean__ab859711f4_super_editor__custom_list_numbering1_7eb9fda4  (elapsed 802s, eta 2803s)
2026-10-01T05:55:44Z [639/2868]  22.3%  98.82  clean__abd0b75d88_file_184  (elapsed 802s, eta 2798s)
2026-10-01T05:55:45Z [640/2868]  22.3%  64.20  clean__ac4b41aa8e_verdana_font_demo_id_paraid_overflow  (elapsed 803s, eta 2797s)
2026-10-01T05:55:45Z [641/2868]  22.4%  85.25  clean__aaf5c08166_ba5d4af3b59ed5e067db64f2f45e003823cd5b394f4971df  (elapsed 804s, eta 2792s)
2026-10-01T05:55:46Z [642/2868]  22.4%  49.12  clean__aa940255be_behavior__sd_2343_table_border_widths_b5148e83  (elapsed 804s, eta 2788s)
2026-10-01T05:55:47Z [643/2868]  22.4%  65.56  clean__ad00cf90d7_doc_api_stories__diff_doc2_bc0da0ce  (elapsed 806s, eta 2787s)
2026-10-01T05:55:47Z [644/2868]  22.5%  59.64  clean__accec0538a_anchor_images  (elapsed 806s, eta 2782s)
2026-10-01T05:55:48Z [645/2868]  22.5%  79.44  clean__ad43500302_super_editor__list_numbering_reimport_d788d573  (elapsed 806s, eta 2778s)
2026-10-01T05:55:49Z [646/2868]  22.5%  46.17  clean__a8a3545338_d97bc6f9978ac3ee93a3a108ee6c4fe77c517a02ce7ed011  (elapsed 807s, eta 2776s)
2026-10-01T05:55:49Z [647/2868]  22.6%  55.32  clean__adc4d1102c_complex_style_attr_contract_review_suggesting_in  (elapsed 807s, eta 2771s)
2026-10-01T05:55:50Z [648/2868]  22.6%  65.86  clean__ae2abb212c_nested_table_rowspan_numbered_list_demo_id_parai  (elapsed 808s, eta 2769s)
2026-10-01T05:55:51Z [649/2868]  22.6%  73.32  clean__ae5f2d61d5_file_113  (elapsed 809s, eta 2766s)
2026-10-01T05:55:51Z [650/2868]  22.7%  64.56  clean__ae9360e096_behavior__sd_2672_merged_table_821b922c  (elapsed 810s, eta 2763s)
2026-10-01T05:55:53Z [651/2868]  22.7%  62.55  clean__af2bb3fa96_file_70  (elapsed 811s, eta 2762s)
2026-10-01T05:55:53Z [652/2868]  22.7%  63.73  clean__af458715aa_superscript_demo_style_default_missing  (elapsed 811s, eta 2758s)
2026-10-01T05:55:54Z [653/2868]  22.8%  66.91  clean__af4645ebd0_file_99  (elapsed 813s, eta 2757s)
2026-10-01T05:55:55Z [654/2868]  22.8%  67.15  clean__af5e239443_file_35  (elapsed 813s, eta 2753s)
2026-10-01T05:55:56Z [655/2868]  22.8%  65.17  clean__af9a3f5868_project_proposal_id_paraid_overflow_project_prop  (elapsed 814s, eta 2752s)
2026-10-01T05:55:57Z [656/2868]  22.9%  45.51  clean__b0010cc041_2a068b16e5_rejected_tracking  (elapsed 815s, eta 2749s)
2026-10-01T05:55:58Z [657/2868]  22.9%  66.72  clean__b0dd9fa902_file_154  (elapsed 816s, eta 2746s)
2026-10-01T05:55:59Z [658/2868]  22.9%  74.43  clean__b126641535_file_46  (elapsed 817s, eta 2744s)
2026-10-01T05:56:01Z [659/2868]  23.0%  57.69  clean__b17d854271_meeting_agenda_table_2_meeting_agenda_table_word  (elapsed 819s, eta 2746s)
2026-10-01T05:56:05Z [660/2868]  23.0%  58.42  clean__adab1d7f95_e4da907284684ae6de0a0105ed31619286f85d270957e50f  (elapsed 823s, eta 2754s)
2026-10-01T05:56:06Z [661/2868]  23.0%  41.37  clean__b1b92bb304_4ca9d50a751705618a5ad0964108b8508ce4230448e30f4e  (elapsed 824s, eta 2751s)
2026-10-01T05:56:07Z [662/2868]  23.1%  58.28  clean__b236e3c2d7_alternate_content_anchor_images_word_redline_acc  (elapsed 825s, eta 2751s)
2026-10-01T05:56:09Z [663/2868]  23.1%  65.56  clean__b26a64b60b_fe2fb2ad13_accepted_tracking  (elapsed 827s, eta 2751s)
2026-10-01T05:56:09Z [664/2868]  23.2%  44.49  clean__ae7ee72233_cb17d2d61a361074ba2688314d1e8ea44059899c5f74a347  (elapsed 827s, eta 2746s)
2026-10-01T05:56:10Z [665/2868]  23.2%  85.73  clean__b27c7b34e9_super_editor__heading_font_46041620  (elapsed 829s, eta 2746s)
2026-10-01T05:56:12Z [666/2868]  23.2%  93.79  clean__b2adbcc147_heading_3_center_italic_id_paraid_overflow  (elapsed 830s, eta 2746s)
2026-10-01T05:56:14Z [667/2868]  23.3%  87.48  clean__b2b3095b48_file_52  (elapsed 832s, eta 2746s)
2026-10-01T05:56:16Z [668/2868]  23.3%  69.05  clean__b3028f2d5b_super_editor__super_basic_table_86d8d916  (elapsed 834s, eta 2747s)
2026-10-01T05:56:17Z [669/2868]  23.3%  86.43  clean__b2aba6af49_af7f234031b030c204bb9d410ee3e339406faa0e97eaa8bc  (elapsed 835s, eta 2744s)
2026-10-01T05:56:17Z [670/2868]  23.4%  42.83  clean__a8f5da1d08_00de5c97d0349d7f0c050c791f7f46f5892952ac9dd304f7  (elapsed 835s, eta 2740s)
2026-10-01T05:56:18Z [671/2868]  23.4%  67.67  clean__b31456961a_file_42  (elapsed 836s, eta 2738s)
2026-10-01T05:56:19Z [672/2868]  23.4%  71.30  clean__b39182a410_subscript_demo_style_default_missing  (elapsed 837s, eta 2735s)
2026-10-01T05:56:19Z [673/2868]  23.5%  62.00  clean__b3974bcc7b_file_180  (elapsed 838s, eta 2732s)
2026-10-01T05:56:21Z [674/2868]  23.5%  64.90  clean__b429aac116_c58edd95f2_rejected_tracking  (elapsed 839s, eta 2731s)
2026-10-01T05:56:23Z [675/2868]  23.5%  67.06  clean__b4b7c76ecd_font_family_demo_id_paraid_overflow  (elapsed 841s, eta 2732s)
2026-10-01T05:56:24Z [676/2868]  23.6%  60.69  clean__b13ad6a30b_08da985c87d92e2aa39245f9771c0f024ba1986d40e19c4d  (elapsed 842s, eta 2731s)
2026-10-01T05:56:24Z [677/2868]  23.6%  63.00  clean__b4ba29d456_left_alignment_demo_id_paraid_overflow  (elapsed 843s, eta 2727s)
2026-10-01T05:56:25Z [678/2868]  23.6%  42.42  clean__9f6f60f1db_d0a7c31f8535690716639fce8eb4081cb831a0b1c893af9f  (elapsed 843s, eta 2724s)
2026-10-01T05:56:28Z [679/2868]  23.7%  71.59  clean__b54f749123_369705862a264e4be962e05314dd3442d40d540e5bcee581  (elapsed 847s, eta 2730s)
2026-10-01T05:56:29Z [680/2868]  23.7%  71.21  clean__b3ff2c3238_0004f1672708c04a166e0ca8453e2240bab4e6cc7efcb031  (elapsed 848s, eta 2727s)
2026-10-01T05:56:31Z [681/2868]  23.7%  48.64  clean__b5a6dd6c66_super_editor__diff_before_019353a2  (elapsed 849s, eta 2727s)
2026-10-01T05:56:32Z [682/2868]  23.8%  65.93  clean__b5c1e71474_1e11e7a678_accepted_tracking  (elapsed 850s, eta 2724s)
2026-10-01T05:56:33Z [683/2868]  23.8%  93.42  clean__b5e2c1faa0_file_93  (elapsed 852s, eta 2724s)
2026-10-01T05:56:36Z [684/2868]  23.8%  48.18  clean__b452365d7d_09d6d9401599e97360d8a7f9d3b53fbcc6851cc45bd170b8  (elapsed 855s, eta 2729s)
2026-10-01T05:56:37Z [685/2868]  23.9%  44.05  clean__b6c0e46375_support_tickets_table_table_bookmark_end_word_re  (elapsed 855s, eta 2726s)
2026-10-01T05:56:38Z [686/2868]  23.9%  64.24  clean__b7219494de_file_116  (elapsed 857s, eta 2724s)
2026-10-01T05:56:39Z [687/2868]  24.0%  68.50  clean__b786c93efd_bold_italic_underline_demo_id_paraid_overflow_bo  (elapsed 857s, eta 2720s)
2026-10-01T05:56:39Z [688/2868]  24.0%  40.74  clean__8441c4ae21_sd_2517_localized_heading_styles  (elapsed 857s, eta 2717s)
2026-10-01T05:56:40Z [689/2868]  24.0%  63.35  clean__b7c9d27632_underline_text_demo_id_paraid_overflow  (elapsed 858s, eta 2714s)
2026-10-01T05:56:40Z [690/2868]  24.1%  67.78  clean__b81f80076c_bold_red_text_combo_id_paraid_overflow_bold_supe  (elapsed 858s, eta 2710s)
2026-10-01T05:56:41Z [691/2868]  24.1%  68.86  clean__b8e0a2bad6_ff1a81cf73_accepted_tracking  (elapsed 860s, eta 2708s)
2026-10-01T05:56:42Z [692/2868]  24.1%  87.84  clean__b953b904ab_verdana_font_demo_id_paraid_overflow_verdana_ita  (elapsed 860s, eta 2705s)
2026-10-01T05:56:43Z [693/2868]  24.2%  46.52  clean__b6bf1a1e8b_025114ac4b922e013686836213f363671dd941624af8bc42  (elapsed 862s, eta 2705s)
2026-10-01T05:56:45Z [694/2868]  24.2%  45.70  clean__b580d8f318_b8a2fc259638fd1d9007b118e5dda12820cae917cd2352ba  (elapsed 863s, eta 2705s)
2026-10-01T05:56:47Z [695/2868]  24.2%  52.39  clean__ba54aaab82_super_editor__ooxml_italic_rstyle_combos_demo_90  (elapsed 865s, eta 2706s)
2026-10-01T05:56:49Z [696/2868]  24.3%  44.54  clean__b937fc3f17_2d0296f261823beae379699470fe8f8a1a920baadc224b8f  (elapsed 867s, eta 2706s)
2026-10-01T05:56:51Z [697/2868]  24.3%  98.06  clean__baf2f6eca5_75538736ac_rejected_tracking  (elapsed 869s, eta 2708s)
2026-10-01T05:56:51Z [698/2868]  24.3%  45.95  clean__ba54c6632c_super_editor__ooxml_rfonts_rstyle_linked_combos  (elapsed 870s, eta 2704s)
2026-10-01T05:56:53Z [699/2868]  24.4%  66.52  clean__bb19e9441d_budget_report_q1_2026_suggesting_insertions_bull  (elapsed 871s, eta 2704s)
2026-10-01T05:56:54Z [700/2868]  24.4%  97.80  clean__bb1cb179c2_track_changes_suggesting_center_id_paraid_overfl  (elapsed 872s, eta 2701s)
2026-10-01T05:56:55Z [701/2868]  24.4%  61.54  clean__bb46f61c5d_line_spacing_demo_id_paraid_overflow  (elapsed 873s, eta 2700s)
2026-10-01T05:57:07Z [702/2868]  24.5%  32.59  clean__ba2cfffd73_f1c36266d446e07c029f99f20ac9319675eea5d1dfd33823  (elapsed 885s, eta 2732s)
2026-10-01T05:57:08Z [703/2868]  24.5%  37.98  clean__b992bfc6eb_super_editor__h_f_normal_odd_even_b572e46d  (elapsed 886s, eta 2730s)
2026-10-01T05:57:09Z [704/2868]  24.5%  38.99  clean__bb5b3dffec_6451a5f2055600f7a4baba1695ce8e86ef517dbd5e7beb84  (elapsed 887s, eta 2726s)
2026-10-01T05:57:10Z [705/2868]  24.6%  80.17  clean__bb9c5a8bd5_doc_api_stories__table_style_options_roundtrip_1  (elapsed 888s, eta 2725s)
2026-10-01T05:57:12Z [706/2868]  24.6%  78.95  clean__bc875fa8f7_589b832f86_rejected_tracking  (elapsed 890s, eta 2725s)
2026-10-01T05:57:13Z [707/2868]  24.7%  79.21  clean__bcc7379f64_super_editor__paragraph_spacing_missing_de418c38  (elapsed 891s, eta 2725s)
2026-10-01T05:57:13Z [708/2868]  24.7%  47.69  clean__640ee26d10_57f96361b12bda78af9500fd6dafee31572e70a7333b47fd  (elapsed 892s, eta 2720s)
2026-10-01T05:57:14Z [709/2868]  24.7%  59.33  clean__bb560d2a02_2fb37ac3b5f327c12bb8bbd95446f266c5ad631463b80be8  (elapsed 892s, eta 2717s)
2026-10-01T05:57:14Z [710/2868]  24.8%  46.16  clean__bb7d7ca374_44325609d4be3b0e6299cdbd606242aab96b8e4abba544e0  (elapsed 893s, eta 2713s)
2026-10-01T05:57:16Z [711/2868]  24.8%  89.03  clean__bdafce6d1d_file_59  (elapsed 894s, eta 2713s)
2026-10-01T05:57:17Z [712/2868]  24.8%  99.82  clean__bd7b6b2bd0_super_editor__pagination_with_hard_break_8ce8c15  (elapsed 896s, eta 2712s)
2026-10-01T05:57:18Z [713/2868]  24.9%  58.16  clean__bdd82b239b_numbered_list_demo_id_paraid_overflow  (elapsed 896s, eta 2709s)
2026-10-01T05:57:19Z [714/2868]  24.9%  92.61  clean__bdf199d4af_file_61  (elapsed 898s, eta 2708s)
2026-10-01T05:57:21Z [715/2868]  24.9%  67.46  clean__be9e3b8519_f48c29c41f_accepted_tracking  (elapsed 900s, eta 2709s)
2026-10-01T05:57:22Z [716/2868]  25.0%  35.66  clean__b50d7a1bf1_af0035cc41059d71015cf5d0c46a8883f32b1118fdc695f1  (elapsed 901s, eta 2707s)
2026-10-01T05:57:23Z [717/2868]  25.0%  79.60  clean__bdfb38a0d4_a017dcc46573b33602a2bb8adb3b873d1e0c3e314627511d  (elapsed 901s, eta 2704s)
2026-10-01T05:57:24Z [718/2868]  25.0%  66.62  clean__b9d5abd50a_aceedc402bdb12ceea9223a5a0d7696e38cca0d6dd40b2fc  (elapsed 903s, eta 2703s)
2026-10-01T05:57:25Z [719/2868]  25.1%  62.78  clean__bebfc19fe0_justify_alignment_demo_id_paraid_overflow_2  (elapsed 903s, eta 2700s)
2026-10-01T05:57:25Z [720/2868]  25.1%  60.27  clean__bed95de8f9_track_changes_suggesting_title_id_paraid_overflo  (elapsed 904s, eta 2696s)
2026-10-01T05:57:25Z [721/2868]  25.1%  45.36  clean__bc26361496_00a46f851a34d91cc0a57ae50fb52b4946434753786cacbb  (elapsed 904s, eta 2691s)
2026-10-01T05:57:26Z [722/2868]  25.2%  41.03  clean__bdd4a5ea86_afb089e76ea79cffd8a0ed7e3396d7a78e6ca8bda97382db  (elapsed 905s, eta 2689s)
2026-10-01T05:57:27Z [723/2868]  25.2%  49.81  clean__bf1e40dbc1_file_199  (elapsed 905s, eta 2685s)
2026-10-01T05:57:27Z [724/2868]  25.2%  64.07  clean__bf23b1e436_track_changes_suggesting_bold_id_paraid_overflow  (elapsed 905s, eta 2680s)
2026-10-01T05:57:27Z [725/2868]  25.3%  75.72  clean__bf50ee8ac4_super_editor__hummingbird_c5e5ac81  (elapsed 906s, eta 2677s)
2026-10-01T05:57:28Z [726/2868]  25.3%  60.14  clean__bcccfaf7e1_00014f4157b9a3600a24e16b60f1aaecc134c78085090005  (elapsed 906s, eta 2674s)
2026-10-01T05:57:28Z [727/2868]  25.3%  69.82  clean__c042124d92_strikethrough_and_italic_combo_id_paraid_overflo  (elapsed 907s, eta 2670s)
2026-10-01T05:57:29Z [728/2868]  25.4%  92.56  clean__c1023db5c5_super_editor__fields_test_4a8ffd8c  (elapsed 907s, eta 2667s)
2026-10-01T05:57:30Z [729/2868]  25.4%  59.74  clean__c20e9b2d21_font_size_24_demo_id_paraid_overflow  (elapsed 909s, eta 2666s)
2026-10-01T05:57:31Z [730/2868]  25.5%  64.42  clean__c21d15c9e9_track_changes_suggesting_center_id_paraid_overfl  (elapsed 909s, eta 2662s)
2026-10-01T05:57:31Z [731/2868]  25.5%  73.97  clean__c2abfa87ac_font_color_demo_style_default_missing_font_famil  (elapsed 909s, eta 2659s)
2026-10-01T05:57:32Z [732/2868]  25.5%  58.30  clean__c2d49e9ede_super_editor__sd_978_remove_table_borders_47f7ed  (elapsed 911s, eta 2657s)
2026-10-01T05:57:33Z [733/2868]  25.6%  51.64  clean__c498e8c52c_super_editor__contract_acc_bbd983a0  (elapsed 912s, eta 2655s)
2026-10-01T05:57:34Z [734/2868]  25.6%  43.55  clean__c4ee483519_tiff_image  (elapsed 912s, eta 2652s)
2026-10-01T05:57:34Z [735/2868]  25.6%  72.70  clean__c1365f39d9_green_underline_bullet_list_id_paraid_overflow_h  (elapsed 912s, eta 2648s)
2026-10-01T05:57:35Z [736/2868]  25.7%  70.02  clean__c500e0081f_file_101  (elapsed 914s, eta 2647s)
2026-10-01T05:57:36Z [737/2868]  25.7%  75.76  clean__c51843a182_super_editor__diff_after3_3f4fb6e8  (elapsed 914s, eta 2643s)
2026-10-01T05:57:37Z [738/2868]  25.7%  35.99  clean__bea42ffae5_5624d661e4bda36d9214ddeb372b10ad0011475f8136f54f  (elapsed 915s, eta 2641s)
2026-10-01T05:57:38Z [739/2868]  25.8%  64.71  clean__c620f64d24_super_editor__hyperlink_node_internal_1c0232f9  (elapsed 916s, eta 2639s)
2026-10-01T05:57:38Z [740/2868]  25.8%  86.18  clean__c5f3d78ca6_super_editor__annotations_import_2_eaae7b97  (elapsed 916s, eta 2635s)
2026-10-01T05:57:39Z [741/2868]  25.8%  64.91  clean__c63ac7be06_font_size_18_demo_style_default_missing_font_siz  (elapsed 917s, eta 2632s)
2026-10-01T05:57:39Z [742/2868]  25.9%  48.60  clean__80e1256a8e_3832d29088f92183b9a5fbe7e9783104996aef6817f3f101  (elapsed 917s, eta 2629s)
2026-10-01T05:57:41Z [743/2868]  25.9%  65.34  clean__c706120413_open_sans_font_demo_id_paraid_overflow  (elapsed 919s, eta 2628s)
2026-10-01T05:57:41Z [744/2868]  25.9%  71.90  clean__c5763a90ce_header_no_rels  (elapsed 920s, eta 2625s)
2026-10-01T05:57:42Z [745/2868]  26.0%  59.91  clean__c7190b3adc_file_31  (elapsed 920s, eta 2622s)
2026-10-01T05:57:45Z [746/2868]  26.0%  57.04  clean__c7dbacb26a_file_37  (elapsed 923s, eta 2625s)
2026-10-01T05:57:47Z [747/2868]  26.0%  68.28  clean__c812c09234_340dd11242_rejected_tracking  (elapsed 926s, eta 2628s)
2026-10-01T05:57:49Z [748/2868]  26.1%  44.74  clean__c090b9f082_file_8  (elapsed 927s, eta 2628s)
2026-10-01T05:57:51Z [749/2868]  26.1%  62.57  clean__c917cc5055_support_tickets_summary_id_paraid_overflow  (elapsed 930s, eta 2630s)
2026-10-01T05:57:52Z [750/2868]  26.2%  46.97  clean__bf59b6619e_f0c319ff40c294c3ca967fc6067d6ba582481a6f2073b112  (elapsed 930s, eta 2626s)
2026-10-01T05:57:54Z [751/2868]  26.2%  85.05  clean__ca44eef662_super_editor__list_spacer1_06383c66  (elapsed 932s, eta 2627s)
2026-10-01T05:57:54Z [752/2868]  26.2%  57.57  clean__ca4ccabff6_superscript_demo_id_paraid_overflow_2  (elapsed 933s, eta 2624s)
2026-10-01T05:57:56Z [753/2868]  26.3%  46.93  clean__c7249e8252_001720a044f19cc17f8275bd40dd73a607ce64fcec3b8753  (elapsed 934s, eta 2624s)
2026-10-01T05:57:58Z [754/2868]  26.3%  62.33  clean__cb340e4c6a_center_alignment_demo_id_paraid_overflow  (elapsed 936s, eta 2624s)
2026-10-01T05:57:58Z [755/2868]  26.3%  65.43  clean__caa7108cd9_project_plan_suggesting_insertions_project_propo  (elapsed 936s, eta 2620s)
2026-10-01T05:57:59Z [756/2868]  26.4%  54.96  clean__c9154561dc_file_2  (elapsed 937s, eta 2619s)
2026-10-01T05:58:01Z [757/2868]  26.4%  51.31  clean__cbce9c63be_515eefceeac017dd8e56ae9e0b0ab5ab85e1da58199f0d6d  (elapsed 939s, eta 2619s)
2026-10-01T05:58:01Z [758/2868]  26.4%  64.24  clean__cc82deb093_file_144  (elapsed 940s, eta 2616s)
2026-10-01T05:58:03Z [759/2868]  26.5%  68.86  clean__ccfb9a0515_center_bold_demo_id_paraid_overflow_clear_format  (elapsed 942s, eta 2617s)
2026-10-01T05:58:06Z [760/2868]  26.5%  71.13  clean__cd54518381_file_118  (elapsed 944s, eta 2619s)
2026-10-01T05:58:07Z [761/2868]  26.5%  37.32  clean__c6956051c8_0035880301dd9b39b35318af6a88457fb4f6491a3ca1964a  (elapsed 945s, eta 2616s)
2026-10-01T05:58:09Z [762/2868]  26.6%  58.14  clean__cdf27ad0d3_behavior__sd_2672_nested_table_dfac08bb  (elapsed 947s, eta 2619s)
2026-10-01T05:58:10Z [763/2868]  26.6%  65.16  clean__cec0607d40_file_25  (elapsed 948s, eta 2615s)
2026-10-01T05:58:12Z [764/2868]  26.6%  39.40  clean__c6b1275403_7ba2b78ab7dafc8c6a9706a4bf3e2423742cf76069b0ebd2  (elapsed 950s, eta 2617s)
2026-10-01T05:58:12Z [765/2868]  26.7%  53.62  clean__ced58cbf54_super_editor__sd_1494_table_left_indent_03277d35  (elapsed 950s, eta 2612s)
2026-10-01T05:58:13Z [766/2868]  26.7%  69.97  clean__c721a969e2_457a1c824fa3968daede24f5ff81297201c62e364c155929  (elapsed 951s, eta 2610s)
2026-10-01T05:58:14Z [767/2868]  26.7%  39.56  clean__c2ecf64b81_001479d5cf22ef5a67f86f2fd4964df7f4e7f1734b6bf50f  (elapsed 952s, eta 2607s)
2026-10-01T05:58:14Z [768/2868]  26.8%  70.07  clean__cf50dbaf9b_strikethrough_bold_demo_id_paraid_overflow_strik  (elapsed 953s, eta 2605s)
2026-10-01T05:58:15Z [769/2868]  26.8%  63.10  clean__cefef4e4f5_yellow_highlight_demo_id_paraid_overflow  (elapsed 953s, eta 2602s)
2026-10-01T05:58:15Z [770/2868]  26.8%  52.10  clean__ceee8dab18_dad6c99469302f7b31da046a44fb03b2700da40336b5abc3  (elapsed 954s, eta 2599s)
2026-10-01T05:58:15Z [771/2868]  26.9%  58.29  clean__cf58803a5b_q1_sales_summary_table_quarterly_performance_rep  (elapsed 954s, eta 2594s)
2026-10-01T05:58:16Z [772/2868]  26.9%  46.65  clean__cc93934fd8_0116565f1fe1e7aaae2f11b7ed6af4bd782d9e5282ce0185  (elapsed 955s, eta 2592s)
2026-10-01T05:58:17Z [773/2868]  27.0%  52.57  clean__cf6ac9c745_c719b900f0_accepted_tracking  (elapsed 955s, eta 2588s)
2026-10-01T05:58:17Z [774/2868]  27.0%  62.88  clean__cfd53bad25_behavior__sd_2672_sdt_table_fc038913  (elapsed 955s, eta 2585s)
2026-10-01T05:58:17Z [775/2868]  27.0%  69.08  clean__cfdd9b483b_center_alignment_demo_id_paraid_overflow_center  (elapsed 956s, eta 2581s)
2026-10-01T05:58:19Z [776/2868]  27.1% 100.00  clean__d0281643d2_super_editor__hello_docx_world_12f11074  (elapsed 957s, eta 2580s)
2026-10-01T05:58:19Z [777/2868]  27.1%  68.46  clean__d0423646cd_times_new_roman_bold_id_paraid_overflow  (elapsed 957s, eta 2576s)
2026-10-01T05:58:20Z [778/2868]  27.1%  59.19  clean__d083b67a57_product_roadmap_2026_suggesting_insertions_proje  (elapsed 958s, eta 2574s)
2026-10-01T05:58:22Z [779/2868]  27.2%  74.15  clean__d0a21b7c3c_q1_sales_summary_table_2  (elapsed 960s, eta 2575s)
2026-10-01T05:58:25Z [780/2868]  27.2%  75.13  clean__d0fc18585c_open_sans_font_demo_id_paraid_overflow_2_open_sa  (elapsed 963s, eta 2578s)
2026-10-01T05:58:26Z [781/2868]  27.2%  59.57  clean__d07303cf0c_5a2295e6c3fb70b9f2ebe4b90cf34e04a9158f33c2180506  (elapsed 964s, eta 2576s)
2026-10-01T05:58:28Z [782/2868]  27.3%  50.29  clean__d192336305_table-vmerge-colspan_gridspan3  (elapsed 966s, eta 2577s)
2026-10-01T05:58:29Z [783/2868]  27.3%  44.65  clean__cbd171fa3c_4598ae603096d1560af12ca03256d8cfcf124b748d8a1924  (elapsed 967s, eta 2575s)
2026-10-01T05:58:29Z [784/2868]  27.3%  69.89  clean__cd63d2dccf_3f2752287dacf8e3e52d649dc467cbab2214df665039ab15  (elapsed 967s, eta 2571s)
2026-10-01T05:58:31Z [785/2868]  27.4%  56.68  clean__d1bbc30c1e_helvetica_font_demo_style_default_missing_hr_onb  (elapsed 969s, eta 2571s)
2026-10-01T05:58:31Z [786/2868]  27.4%  68.62  clean__d3e1fab2c6_blue_centered_title_demo_style_default_missing_b  (elapsed 970s, eta 2569s)
2026-10-01T05:58:32Z [787/2868]  27.4%  97.70  clean__d426359dd9_file_111  (elapsed 970s, eta 2565s)
2026-10-01T05:58:34Z [788/2868]  27.5%  93.18  clean__d4649ec2db_file_168  (elapsed 972s, eta 2566s)
2026-10-01T05:58:34Z [789/2868]  27.5%  87.49  clean__d4dd209af4_verdana_font_demo_id_paraid_overflow_2_verdana_f  (elapsed 973s, eta 2563s)
2026-10-01T05:58:35Z [790/2868]  27.5%  32.96  clean__cfc9a10332_2f8b89ca507b8d91b7124338900088b00fb1faa6bd8b32f7  (elapsed 974s, eta 2561s)
2026-10-01T05:58:37Z [791/2868]  27.6%  69.30  clean__d60159cb1b_bold_and_underline_combo_id_paraid_overflow_bold  (elapsed 976s, eta 2562s)
2026-10-01T05:58:39Z [792/2868]  27.6%  74.09  clean__d60ccf445a_file_167  (elapsed 978s, eta 2563s)
2026-10-01T05:58:42Z [793/2868]  27.6%  52.51  clean__d61c862854_table_bookmark_end_table_vmerge_colspan_word_red  (elapsed 980s, eta 2566s)
2026-10-01T05:58:45Z [794/2868]  27.7%  72.46  clean__d62983b275_file_39  (elapsed 983s, eta 2568s)
2026-10-01T05:58:47Z [795/2868]  27.7%  81.06  clean__d65dde18cf_1_5_line_spacing_id_paraid_overflow_24_id_paraid  (elapsed 985s, eta 2569s)
2026-10-01T05:58:48Z [796/2868]  27.8% 100.00  clean__d678cb4275_super_editor__blank_doc_b2a325e7  (elapsed 986s, eta 2566s)
2026-10-01T05:58:48Z [797/2868]  27.8%  60.62  clean__d09a2f8509_00b5aa69a6c33b2725953348488d62605dc209411d01f80a  (elapsed 986s, eta 2563s)
2026-10-01T05:58:49Z [798/2868]  27.8%  38.01  clean__d0e7f278b8_i_am_sharing_microsoft_word_vs_google_docs_compr  (elapsed 987s, eta 2560s)
2026-10-01T05:58:50Z [799/2868]  27.9%  50.48  clean__d6a1c42901_super_editor__diff_before16_f518c031  (elapsed 989s, eta 2560s)
2026-10-01T05:58:53Z [800/2868]  27.9%  45.71  clean__d6bd58bac2_behavior__math_nary_tests_dde91168  (elapsed 992s, eta 2564s)
2026-10-01T05:58:54Z [801/2868]  27.9%  57.40  clean__d72fd74138_super_editor__ooxml_color_rstyle_linked_combos_d  (elapsed 992s, eta 2560s)
2026-10-01T05:58:56Z [802/2868]  28.0%  63.92  clean__d7c6d7eb36_green_underline_bullet_list_id_paraid_overflow  (elapsed 994s, eta 2561s)
2026-10-01T05:58:56Z [803/2868]  28.0%  67.22  clean__d7ff479cb7_ce433a28fb_accepted_tracking  (elapsed 994s, eta 2557s)
2026-10-01T05:58:58Z [804/2868]  28.0%  74.84  clean__d821468074_bullet_list_demo_id_paraid_overflow_calibri_bold  (elapsed 996s, eta 2557s)
2026-10-01T05:59:00Z [805/2868]  28.1%  66.97  clean__d776ad9be7_super_editor__multi_section_doc_080d2655  (elapsed 998s, eta 2557s)
2026-10-01T05:59:01Z [806/2868]  28.1%  57.40  clean__d87d0dd9a8_file_76  (elapsed 999s, eta 2556s)
2026-10-01T05:59:02Z [807/2868]  28.1%  63.98  clean__d8adfdb298_contract_review_suggesting_insertions_contract_r  (elapsed 1001s, eta 2555s)
2026-10-01T05:59:05Z [808/2868]  28.2%  67.24  clean__d8f8e09b6e_file_125  (elapsed 1003s, eta 2558s)
2026-10-01T05:59:06Z [809/2868]  28.2%  39.55  clean__d5147a7eac_a4f0c024045d58724784304ee89c0fe1e16361f322d279b2  (elapsed 1005s, eta 2557s)
2026-10-01T05:59:06Z [810/2868]  28.2%  56.63  clean__d8eda36137_file_34  (elapsed 1005s, eta 2553s)
2026-10-01T05:59:09Z [811/2868]  28.3%  56.99  clean__da2ab05f0b_file_50  (elapsed 1008s, eta 2556s)
2026-10-01T05:59:10Z [812/2868]  28.3%  96.52  clean__da68abdf72_blue_centered_title_demo_style_default_missing  (elapsed 1008s, eta 2552s)
2026-10-01T05:59:11Z [813/2868]  28.3%  64.15  clean__d429b28164_e554db525b9692de4fa7bde50ad0d2a07929c7bff47df9d8  (elapsed 1010s, eta 2552s)
2026-10-01T05:59:12Z [814/2868]  28.4%  68.40  clean__da9833e134_bold_underline_combined_demo_id_paraid_overflow  (elapsed 1010s, eta 2549s)
2026-10-01T05:59:12Z [815/2868]  28.4%  96.23  clean__daf1fa36c0_red_bold_heading_demo_style_default_missing  (elapsed 1011s, eta 2546s)
2026-10-01T05:59:15Z [816/2868]  28.5%  97.32  clean__dc2d9eeccb_file_40  (elapsed 1013s, eta 2547s)
2026-10-01T05:59:15Z [817/2868]  28.5%  66.83  clean__dccd972179_file_142  (elapsed 1013s, eta 2544s)
2026-10-01T05:59:16Z [818/2868]  28.5%  49.83  clean__dcf7dd476f_super_editor__superdoc_table_tester_3b2de2e1  (elapsed 1014s, eta 2541s)
2026-10-01T05:59:16Z [819/2868]  28.6%  40.09  clean__d18a18cfba_0060367964f41c426f3f0aa3811b0b9d9cdb04689ef7f85d  (elapsed 1014s, eta 2538s)
2026-10-01T05:59:17Z [820/2868]  28.6%  34.68  clean__cfda171ad5_b6c5d22966c78c331541bedc08ce5c5a3e9d7cb713112201  (elapsed 1015s, eta 2535s)
2026-10-01T05:59:17Z [821/2868]  28.6%  69.48  clean__dd2e60f8f4_yellow_highlight_demo_id_paraid_overflow_yellow  (elapsed 1015s, eta 2532s)
2026-10-01T05:59:18Z [822/2868]  28.7%  68.42  clean__dd36ffac72_file_102  (elapsed 1016s, eta 2529s)
2026-10-01T05:59:18Z [823/2868]  28.7%  68.86  clean__dd6dbfb284_super_editor__diff_after2_fc1e0763  (elapsed 1016s, eta 2525s)
2026-10-01T05:59:19Z [824/2868]  28.7% 100.00  clean__ddfa313a5f_super_editor__list_with_break_from_word_5cc0d638  (elapsed 1017s, eta 2523s)
2026-10-01T05:59:20Z [825/2868]  28.8%  53.72  clean__de3c6fded9_super_editor__doc_with_spacing_e3d47bd7  (elapsed 1018s, eta 2522s)
2026-10-01T05:59:20Z [826/2868]  28.8%  51.84  clean__de07f3b7b8_sectpr_headerref_single_paragraph_word_redline_a  (elapsed 1018s, eta 2517s)
2026-10-01T05:59:20Z [827/2868]  28.8%  62.11  clean__de8054b3bc_super_editor__image_p_spacing_9b211fd7  (elapsed 1019s, eta 2514s)
2026-10-01T05:59:22Z [828/2868]  28.9%  73.69  clean__e0c027b1ca_meeting_agenda_table  (elapsed 1020s, eta 2513s)
2026-10-01T05:59:22Z [829/2868]  28.9%  53.69  clean__e0c966e5ff_file_83  (elapsed 1020s, eta 2509s)
2026-10-01T05:59:22Z [830/2868]  28.9%  50.39  clean__df3c3e7c40_behavior__math_func_tests_0434dd11  (elapsed 1020s, eta 2505s)
2026-10-01T05:59:22Z [831/2868]  29.0%  96.96  clean__e0e59cf962_track_changes_suggesting_heading_id_paraid_overf  (elapsed 1021s, eta 2502s)
2026-10-01T05:59:23Z [832/2868]  29.0%  69.29  clean__d825254fce_048c597c1da833b932c73e97755f2f8e8113d83aecd1f13e  (elapsed 1022s, eta 2500s)
2026-10-01T05:59:23Z [833/2868]  29.0%  63.82  clean__e137a3db25_file_140  (elapsed 1022s, eta 2496s)
2026-10-01T05:59:24Z [834/2868]  29.1%  68.09  clean__e1201c51d4_italic_subscript_demo_style_default_missing  (elapsed 1022s, eta 2492s)
2026-10-01T05:59:24Z [835/2868]  29.1%  93.52  clean__e0e6c96bb7_heading_3_style_demo_id_paraid_overflow  (elapsed 1022s, eta 2488s)
2026-10-01T05:59:24Z [836/2868]  29.1%  65.23  clean__e1736e61c5_italic_underline_combined_demo_id_paraid_overflo  (elapsed 1022s, eta 2485s)
2026-10-01T05:59:26Z [837/2868]  29.2%  68.31  clean__e1f631e28a_green_highlight_demo_id_paraid_overflow  (elapsed 1024s, eta 2484s)
2026-10-01T05:59:26Z [838/2868]  29.2%  97.31  clean__e27ba49905_cb0c07e105_rejected_tracking  (elapsed 1024s, eta 2481s)
2026-10-01T05:59:26Z [839/2868]  29.3%  66.37  clean__e29df71807_bold_underline_highlight_demo_id_paraid_overflow  (elapsed 1025s, eta 2478s)
2026-10-01T05:59:28Z [840/2868]  29.3%  62.25  clean__e355cec096_small_font_size_demo_id_paraid_overflow  (elapsed 1026s, eta 2478s)
2026-10-01T05:59:28Z [841/2868]  29.3%  64.28  clean__e3c6e90478_file_43  (elapsed 1027s, eta 2475s)
2026-10-01T05:59:29Z [842/2868]  29.4%  58.24  clean__e1771b0063_word_tolerated_misplaced_uipriority  (elapsed 1027s, eta 2471s)
2026-10-01T05:59:30Z [843/2868]  29.4%  51.08  clean__e3d152989b_behavior__math_eqarr_tests_40a1adb0  (elapsed 1028s, eta 2470s)
2026-10-01T05:59:30Z [844/2868]  29.4%  65.31  clean__e3d833aef0_file_10  (elapsed 1029s, eta 2467s)
2026-10-01T05:59:31Z [845/2868]  29.5%  55.44  clean__e419db942f_1bbdcbcf65_accepted_tracking  (elapsed 1029s, eta 2463s)
2026-10-01T05:59:31Z [846/2868]  29.5%  64.69  clean__8116a767f0_723ae78054da0840fa9f450784fd17e0564865cb53a6bdd5  (elapsed 1029s, eta 2461s)
2026-10-01T05:59:35Z [847/2868]  29.5%  98.26  clean__e4e4a073e9_file_96  (elapsed 1033s, eta 2466s)
2026-10-01T05:59:37Z [848/2868]  29.6%  46.49  clean__e4f7effe89_text_highlight_demo_style_default_missing_tiff_i  (elapsed 1035s, eta 2466s)
2026-10-01T05:59:37Z [849/2868]  29.6%  41.14  clean__e1f382e06c_c512809c25bd7361b876bd88b03147374825a08ffa6c421b  (elapsed 1036s, eta 2463s)
2026-10-01T05:59:38Z [850/2868]  29.6%  68.10  clean__e2b8284e60_000bf91580d58d6ebddf85255a23caa3a073e734f77f7a29  (elapsed 1036s, eta 2459s)
2026-10-01T05:59:40Z [851/2868]  29.7%  62.85  clean__e663016796_behavior__sd_2672_multipara_cell_4d1f068e  (elapsed 1038s, eta 2460s)
2026-10-01T05:59:47Z [852/2868]  29.7%  47.45  clean__da1c3af0e0_250744bec97b45c445cac252da1aa0372e31c1fc8ca3fdc3  (elapsed 1045s, eta 2473s)
2026-10-01T05:59:48Z [853/2868]  29.7%  44.76  clean__e67a78cb92_e7d0bae60d8af6cb04c2d2f9ea55d696c6306a76711199b1  (elapsed 1047s, eta 2473s)
2026-10-01T05:59:49Z [854/2868]  29.8%  65.74  clean__e69c316f39_file_179  (elapsed 1047s, eta 2470s)
2026-10-01T05:59:50Z [855/2868]  29.8%  54.10  clean__e6195c443f_368d0cc822ffa7764647877e3cd40522e5121b7286e5e6a8  (elapsed 1049s, eta 2469s)
2026-10-01T05:59:51Z [856/2868]  29.8%  44.88  clean__e5d81e791e_fa334662f6a6c1b9bd94e66766b6dbfa674edd464781d5a5  (elapsed 1049s, eta 2467s)
2026-10-01T05:59:52Z [857/2868]  29.9%  50.74  clean__e6fdfb6f2f_behavior__math_phantom_tests_263131a8  (elapsed 1050s, eta 2465s)
2026-10-01T05:59:52Z [858/2868]  29.9%  72.29  clean__e844ea2053_evals__table_doc_4d728d83  (elapsed 1050s, eta 2461s)
2026-10-01T05:59:54Z [859/2868]  30.0%  73.37  clean__e85eaac49d_calibri_font_demo_id_paraid_overflow_2_calibri_f  (elapsed 1052s, eta 2461s)
2026-10-01T05:59:55Z [860/2868]  30.0%  51.38  clean__e8d299e041_super_editor__dropcaps_520cd049  (elapsed 1053s, eta 2459s)
2026-10-01T05:59:55Z [861/2868]  30.0%  38.08  clean__e451997662_super_editor__h_f_normal_5d2a8d96  (elapsed 1054s, eta 2456s)
2026-10-01T05:59:57Z [862/2868]  30.1%  91.60  clean__e9e081dc26_heading_3_style_demo_id_paraid_overflow_heading  (elapsed 1055s, eta 2455s)
2026-10-01T05:59:57Z [863/2868]  30.1%  57.36  clean__e81d1fa10c_behavior__pageref_standalone_uppercase_h_7701e07  (elapsed 1056s, eta 2452s)
2026-10-01T05:59:57Z [864/2868]  30.1%  56.93  clean__ea7427b18a_super_editor__complex_list_def_issue_326369f9  (elapsed 1056s, eta 2448s)
2026-10-01T05:59:58Z [865/2868]  30.2% 100.00  clean__eb714d5f76_evals__blank_bc294b57  (elapsed 1056s, eta 2446s)
2026-10-01T06:00:03Z [866/2868]  30.2%  40.76  clean__eb6c0a6b3d_6e887b917bd3d9b6517240ec5fff92e2e80df2355f0b2c0d  (elapsed 1062s, eta 2454s)
2026-10-01T06:00:06Z [867/2868]  30.2%  92.87  clean__ec45d7fc58_subtitle_style_demo_id_paraid_overflow  (elapsed 1065s, eta 2457s)
2026-10-01T06:00:08Z [868/2868]  30.3%  64.29  clean__ecba8d5b3b_file_45  (elapsed 1067s, eta 2458s)
2026-10-01T06:00:09Z [869/2868]  30.3%  33.65  clean__e855894947_4256746e0764d53f71723c390ba077e50881806719029dd6  (elapsed 1068s, eta 2456s)
2026-10-01T06:00:12Z [870/2868]  30.3%  46.33  clean__ec19540e2c_d6ef382e948b98e757f3fd2067de5daf1a944935d8906ebc  (elapsed 1070s, eta 2458s)
2026-10-01T06:00:12Z [871/2868]  30.4%  78.95  clean__e90feafc5d_0029f3ca10f26d416b2e780ba30b80db0c9ebb359370f90b  (elapsed 1070s, eta 2454s)
2026-10-01T06:00:12Z [872/2868]  30.4%  70.40  clean__ed0aa93b58_file_18  (elapsed 1071s, eta 2451s)
2026-10-01T06:00:12Z [873/2868]  30.4%  55.64  clean__ea93aecce5_8d45df263debb6a32a3b999fce17c9dcbac55f6bf500108d  (elapsed 1071s, eta 2447s)
2026-10-01T06:00:14Z [874/2868]  30.5%  93.48  clean__ed8369198d_subscript_demo_style_default_missing_subtitle_st  (elapsed 1073s, eta 2447s)
2026-10-01T06:00:14Z [875/2868]  30.5%  69.56  clean__edfaa23563_file_181  (elapsed 1073s, eta 2443s)
2026-10-01T06:00:14Z [876/2868]  30.5%  87.36  clean__ee61fb4ab3_super_editor__base_ordered_fdff1fb2  (elapsed 1073s, eta 2439s)
2026-10-01T06:00:16Z [877/2868]  30.6%  34.16  clean__e4d7ce3bd9_007a42f2faa8a051057c5dd3d91e388303765ea38b514333  (elapsed 1075s, eta 2440s)
2026-10-01T06:00:16Z [878/2868]  30.6%  94.84  clean__eeddb2747d_title_style_demo_id_paraid_overflow_title_style  (elapsed 1075s, eta 2436s)
2026-10-01T06:00:16Z [879/2868]  30.6% 100.00  clean__ef1e1c68e9_super_editor__basic_paragraph_1774f4e4  (elapsed 1075s, eta 2432s)
2026-10-01T06:00:19Z [880/2868]  30.7%  87.53  clean__f04db89d3d_verdana_bold_large_font_id_paraid_overflow_verda  (elapsed 1077s, eta 2433s)
2026-10-01T06:00:19Z [881/2868]  30.7%  76.77  clean__f102bb2f46_super_editor__diff_before5_a5f60578  (elapsed 1077s, eta 2430s)
2026-10-01T06:00:21Z [882/2868]  30.8%  63.96  clean__f152875ca2_file_109  (elapsed 1080s, eta 2431s)
2026-10-01T06:00:22Z [883/2868]  30.8%  66.33  clean__f16e2226f0_single_paragraph_small_font_size_demo_id_paraid  (elapsed 1080s, eta 2428s)
2026-10-01T06:00:24Z [884/2868]  30.8%  96.23  clean__f1ad0ac41a_quarterly_performance_report_table_red_bold_head  (elapsed 1083s, eta 2430s)
2026-10-01T06:00:25Z [885/2868]  30.9%  74.94  clean__f1ea4a51fd_hr_onboarding_checklist_table  (elapsed 1083s, eta 2426s)
2026-10-01T06:00:25Z [886/2868]  30.9%  47.60  clean__ee24b1bb49_00b81efae883904f11a219b050679a3b0df621693d292ef6  (elapsed 1083s, eta 2423s)
2026-10-01T06:00:29Z [887/2868]  30.9%  58.25  clean__ece6c6931f_1f7522ec9f4a0788daef36fd07bf990f7a588ace17bbc4ee  (elapsed 1088s, eta 2429s)
2026-10-01T06:00:31Z [888/2868]  31.0%  62.95  clean__f26a5e4940_italic_text_formatting_demo_id_paraid_overflow  (elapsed 1090s, eta 2430s)
2026-10-01T06:00:33Z [889/2868]  31.0%  43.23  clean__f23fc5de2e_01a165ce869f5e578901532c8eb2826f6d131e61d8cf4c05  (elapsed 1091s, eta 2428s)
2026-10-01T06:00:35Z [890/2868]  31.0%  73.27  clean__f3100b9f19_times_new_roman_bold_id_paraid_overflow_times_ne  (elapsed 1093s, eta 2429s)
2026-10-01T06:00:37Z [891/2868]  31.1%  71.79  clean__f32428a03a_file_28  (elapsed 1095s, eta 2430s)
2026-10-01T06:00:38Z [892/2868]  31.1%  50.72  clean__f2cf7ce77c_004796b5eb1fdfced363c5f20e4b420e9ca902ea3db43979  (elapsed 1097s, eta 2429s)
2026-10-01T06:00:45Z [893/2868]  31.1%  40.39  clean__ef7218d9e8_001893584bf94ff30c98db48cb8a0ea0ea5abc048f3e1a4d  (elapsed 1103s, eta 2440s)
2026-10-01T06:00:46Z [894/2868]  31.2%  68.50  clean__ef8453bf9c_09f1ccf70597b739a10c1b538c7686017f63363a46df22a3  (elapsed 1104s, eta 2438s)
2026-10-01T06:00:47Z [895/2868]  31.2%  65.60  clean__f3b2e74e02_calibri_font_demo_id_paraid_overflow  (elapsed 1106s, eta 2437s)
2026-10-01T06:00:49Z [896/2868]  31.2%  58.91  clean__f43929f70c_verdana_bold_large_font_id_paraid_overflow  (elapsed 1107s, eta 2437s)
2026-10-01T06:00:51Z [897/2868]  31.3%  66.06  clean__b2667db50d_77a83563cfd223a53b4371f40d57ac46e1e7b0f1ced0a1a4  (elapsed 1109s, eta 2436s)
2026-10-01T06:00:51Z [898/2868]  31.3%  42.62  clean__f3627c3358_647bbcfb5983dbb22eec3b8e052f418bcfc1a5e5b81cbcb8  (elapsed 1109s, eta 2433s)
2026-10-01T06:00:51Z [899/2868]  31.3%  56.93  clean__f49b3b0ec2_super_editor__sd_1919_word_table_74726d6c  (elapsed 1110s, eta 2430s)
2026-10-01T06:00:53Z [900/2868]  31.4%  67.39  clean__f4faa3ad63_file_129  (elapsed 1111s, eta 2430s)
2026-10-01T06:00:54Z [901/2868]  31.4%  60.28  clean__f584285fed_behavior__sd_2672_gridbefore_vmerge_7c895dff  (elapsed 1112s, eta 2427s)
2026-10-01T06:00:54Z [902/2868]  31.5%  47.84  clean__f2073a2ee6_77d6cee0d30acd05102c75fd5b8140c0a9a1d0b565979f31  (elapsed 1112s, eta 2423s)
2026-10-01T06:00:56Z [903/2868]  31.5%  66.20  clean__f601de1855_file_152  (elapsed 1114s, eta 2424s)
2026-10-01T06:00:59Z [904/2868]  31.5%  70.31  clean__f400cafcba_6565bfe1c9b7b19a2feedc7c358db69a32ed064149f2920f  (elapsed 1117s, eta 2426s)
2026-10-01T06:00:59Z [905/2868]  31.6%  98.12  clean__f4e1903ff3_super_editor__sd_1707_list_enter_track_changes_w  (elapsed 1118s, eta 2425s)
2026-10-01T06:01:00Z [906/2868]  31.6%  64.68  clean__f394f45ba5_file_65  (elapsed 1118s, eta 2421s)
2026-10-01T06:01:01Z [907/2868]  31.6%  55.36  clean__f62e209c7c_super_editor__paragraph_ppr_variations_a7653eb1  (elapsed 1119s, eta 2419s)
2026-10-01T06:01:01Z [908/2868]  31.7%  73.13  clean__f644da9aeb_employee_directory_table_2  (elapsed 1120s, eta 2417s)
2026-10-01T06:01:02Z [909/2868]  31.7%  55.49  clean__f60e9642cd_04aa80f3308e053bfb2638534aacd2a17fb25b786aa3465d  (elapsed 1121s, eta 2415s)
2026-10-01T06:01:02Z [910/2868]  31.7%  61.74  clean__f6de76cc94_numbered_list_italic_demo_id_paraid_overflow  (elapsed 1121s, eta 2411s)
2026-10-01T06:01:03Z [911/2868]  31.8%  72.52  clean__f6e1c253ff_super_editor__diff_before9_9818a85f  (elapsed 1121s, eta 2409s)
2026-10-01T06:01:04Z [912/2868]  31.8% 100.00  clean__f71a12ee23_super_editor__fields_attrs1_83837249  (elapsed 1122s, eta 2407s)
2026-10-01T06:01:05Z [913/2868]  31.8%  57.10  clean__f77c192b20_inventory_list_suggesting_mixed_edits_it_securit  (elapsed 1123s, eta 2405s)
2026-10-01T06:01:06Z [914/2868]  31.9%  46.72  clean__f620bc5c6d_41bae32dd2e76af1f00d37af7b3a353ca826cd6e8c20052c  (elapsed 1124s, eta 2403s)
2026-10-01T06:01:08Z [915/2868]  31.9%  51.88  clean__f7ece685ff_behavior__math_limit_tests_6dc07867  (elapsed 1126s, eta 2404s)
2026-10-01T06:01:08Z [916/2868]  31.9%  87.18  clean__f6b4dee45a_c8545d372b_accepted_tracking  (elapsed 1126s, eta 2400s)
2026-10-01T06:01:08Z [917/2868]  32.0%  63.37  clean__f84571f3fc_bold_text_formatting_demo_id_paraid_overflow_2  (elapsed 1127s, eta 2397s)
2026-10-01T06:01:10Z [918/2868]  32.0%  73.74  clean__f861082da1_067bd871b9_rejected_tracking  (elapsed 1129s, eta 2397s)
2026-10-01T06:01:11Z [919/2868]  32.0%  66.37  clean__f8cb67d689_file_3  (elapsed 1129s, eta 2395s)
2026-10-01T06:01:13Z [920/2868]  32.1%  68.28  clean__f8d6c495b6_font_color_blue_demo_style_default_missing_font  (elapsed 1131s, eta 2396s)
2026-10-01T06:01:14Z [921/2868]  32.1%  47.69  clean__f795b96ac4_behavior__math_delimiter_tests_c9d034dc  (elapsed 1132s, eta 2393s)
2026-10-01T06:01:15Z [922/2868]  32.1%  58.83  clean__f8ecf81d8b_font_size_demo_id_paraid_overflow  (elapsed 1133s, eta 2392s)
2026-10-01T06:01:16Z [923/2868]  32.2%  96.85  clean__f8f9857e80_title_style_demo_id_paraid_overflow  (elapsed 1135s, eta 2391s)
2026-10-01T06:01:17Z [924/2868]  32.2%  46.19  clean__f89ff5989b_evals__nda_7f304918  (elapsed 1135s, eta 2388s)
2026-10-01T06:01:17Z [925/2868]  32.3%  74.90  clean__f8f7ed1dc0_file_4  (elapsed 1136s, eta 2386s)
2026-10-01T06:01:19Z [926/2868]  32.3%  58.31  clean__f9d82568a6_q1_sales_summary_table_2_q1_sales_summary_table  (elapsed 1138s, eta 2386s)
2026-10-01T06:01:20Z [927/2868]  32.3%  41.54  clean__f94c56aefc_5da228de557ae69509564519e7e940c13f94199ac4cbd002  (elapsed 1139s, eta 2384s)
2026-10-01T06:01:22Z [928/2868]  32.4%  95.73  clean__fa4d5010d8_layout_engine__basic_vector_shapes_e5f0ef49  (elapsed 1140s, eta 2383s)
2026-10-01T06:01:23Z [929/2868]  32.4%  58.44  clean__fa962f4b9d_file_79  (elapsed 1141s, eta 2382s)
2026-10-01T06:01:25Z [930/2868]  32.4%  65.66  clean__faa7c6b110_file_88  (elapsed 1143s, eta 2382s)
2026-10-01T06:01:26Z [931/2868]  32.5%  67.19  clean__fad179ac0c_file_85  (elapsed 1144s, eta 2381s)
2026-10-01T06:01:27Z [932/2868]  32.5%  68.85  clean__fc2bc342dc_italic_text_formatting_demo_id_paraid_overflow_i  (elapsed 1146s, eta 2380s)
2026-10-01T06:01:28Z [933/2868]  32.5%  48.82  clean__f235c0d3f7_ad2add2aad4f07a8bab66ba9df06bac74d5dd077c6809d37  (elapsed 1146s, eta 2377s)
2026-10-01T06:01:29Z [934/2868]  32.6%  67.03  clean__fc6edac423_bullet_list_bold_demo_id_paraid_overflow_bullet  (elapsed 1147s, eta 2375s)
2026-10-01T06:01:30Z [935/2868]  32.6%  64.98  clean__fd5a40bd94_underline_text_formatting_demo_style_default_mis  (elapsed 1148s, eta 2374s)
2026-10-01T06:01:31Z [936/2868]  32.6%  64.68  clean__fdabb735ad_bold_text_formatting_demo_id_paraid_overflow  (elapsed 1150s, eta 2373s)
2026-10-01T06:01:33Z [937/2868]  32.7%  55.81  clean__f786f1da65_001921017566904561ee8ce26ec591c5fb4cd1655b295518  (elapsed 1151s, eta 2372s)
2026-10-01T06:01:33Z [938/2868]  32.7%  65.75  clean__fdaf71bd6b_file_38  (elapsed 1151s, eta 2369s)
2026-10-01T06:01:33Z [939/2868]  32.7%  51.74  clean__fd68f70f24_super_editor__ooxml_highlight_rstyle_linked_comb  (elapsed 1152s, eta 2366s)
2026-10-01T06:01:35Z [940/2868]  32.8%  47.25  clean__f7988c556b_069252c3fde38e4d9f87c5a8a48590195facf9a409032580  (elapsed 1153s, eta 2366s)
2026-10-01T06:01:38Z [941/2868]  32.8%  49.50  clean__e06360ad93_895dbdb5cb68e336d5f090a2e2db02328ed308aa8ddad9a8  (elapsed 1156s, eta 2367s)
2026-10-01T06:01:44Z [942/2868]  32.8%  59.45  clean__fe11d14f44_behavior__sd_2447_toc_tab_alignment_8319c14c  (elapsed 1162s, eta 2376s)
2026-10-01T06:01:46Z [943/2868]  32.9%  46.20  tracking_without_comments__003c8c6d7d_4433455597_rejected_tracking  (elapsed 1164s, eta 2376s)
2026-10-01T06:01:47Z [944/2868]  32.9%  48.61  clean__fe30a2695f_c51f8e00074742f311f06858841150c6302e5421dca6a679  (elapsed 1165s, eta 2375s)
2026-10-01T06:01:47Z [945/2868]  32.9%  52.18  clean__fe882784bb_006eedc2246254bb2c376c4e2fac8d13af3085331fd4d55b  (elapsed 1165s, eta 2371s)
2026-10-01T06:01:49Z [946/2868]  33.0%  54.91  clean__ffe6488f77_02d34f01cc1f76fda7d8f6f0484f1b62d066916e75fc6767  (elapsed 1168s, eta 2372s)
2026-10-01T06:01:52Z [947/2868]  33.0%  52.00  tracking_without_comments__0048ba31dd_000be19a055234f8e79ec0baadc41d2a49050b2ea0a60654__vs__1424386e9b_017447de83753a0e3b7afc659df038ef56972925336c6a5b_redline_2c803faa14  (elapsed 1170s, eta 2373s)
2026-10-01T06:01:53Z [948/2868]  33.1%  47.16  tracking_without_comments__0048ba31dd_000be19a055234f8e79ec0baadc41d2a49050b2ea0a60654__vs__2773adf157_0004c94ca2a8684d47449bb0e7abf87de1df71a7e6543252_redline_c666af0e39  (elapsed 1171s, eta 2372s)
2026-10-01T06:01:54Z [949/2868]  33.1%  47.49  tracking_without_comments__0048ba31dd_000be19a055234f8e79ec0baadc41d2a49050b2ea0a60654__vs__2e04202552_000e3e7bd2d6215fc7b469cc3e296c1b2a510bc1abc7e0fd_redline_eb12b8215b  (elapsed 1172s, eta 2370s)
2026-10-01T06:01:54Z [950/2868]  33.1%  75.95  clean__f999eb0cd4_b8eb69d5da1651ac1d6f5b7266fd567672cda7a9e9eab37b  (elapsed 1172s, eta 2366s)
2026-10-01T06:01:54Z [951/2868]  33.2%  41.58  tracking_without_comments__0048ba31dd_000be19a055234f8e79ec0baadc41d2a49050b2ea0a60654__vs__333bfe069a_003416d620331122b93b434dad901db5836f60d2cad4b533_redline_89b5ffd92a  (elapsed 1172s, eta 2362s)
2026-10-01T06:01:57Z [952/2868]  33.2%  39.61  tracking_without_comments__0048ba31dd_000be19a055234f8e79ec0baadc41d2a49050b2ea0a60654__vs__5203829c7a_001cc92b88566d5f930fe57f25813c0bf52a7bdc72c217d0_redline_5fee58b86b  (elapsed 1176s, eta 2366s)
2026-10-01T06:02:00Z [953/2868]  33.2%  56.97  tracking_without_comments__0086695f46_file_124  (elapsed 1178s, eta 2367s)
2026-10-01T06:02:00Z [954/2868]  33.3%  45.01  tracking_without_comments__0048ba31dd_000be19a055234f8e79ec0baadc41d2a49050b2ea0a60654__vs__deff0e697a_00b5defcad6e58038eac35472a2d48c89905068e5ece0cc3_redline_eb94542086  (elapsed 1178s, eta 2364s)
2026-10-01T06:02:01Z [955/2868]  33.3%  52.47  tracking_without_comments__0048ba31dd_000be19a055234f8e79ec0baadc41d2a49050b2ea0a60654__vs__aa5340125d_00a4b0b91e9b5b072dc3771391c2d608518690eccf44eae8_redline_8d5cf8c9ad  (elapsed 1179s, eta 2361s)
2026-10-01T06:02:02Z [956/2868]  33.3%  40.43  tracking_without_comments__0018843794_889f4c3958e28978a0d96a95a8938d9eb0dc100e66f7c483__vs__943e62959d_88646e9284c944b7dd39810ba5832dbf955c2892c6161f87_redline_49aa6b8d2f  (elapsed 1180s, eta 2360s)
2026-10-01T06:02:02Z [957/2868]  33.4%  64.42  tracking_without_comments__00da16e738_heading_4_style_demo_id_paraid_overflow_2__vs__82928b2e05_heading_4_style_demo_id_paraid_overflow_redline_dbb8dfdd88  (elapsed 1180s, eta 2357s)
2026-10-01T06:02:02Z [958/2868]  33.4%  43.52  tracking_without_comments__0048ba31dd_000be19a055234f8e79ec0baadc41d2a49050b2ea0a60654__vs__bd3824dd1e_000ee64ef7226d353297888f59a251e24ce5d776fea000fa_redline_f852ffac2f  (elapsed 1181s, eta 2354s)
2026-10-01T06:02:03Z [959/2868]  33.4%  59.40  tracking_without_comments__017c22e2a3_heading_3_style_demo_id_paraid_overflow_2__vs__e0e6c96bb7_heading_3_style_demo_id_paraid_overflow_redline_db52aa8564  (elapsed 1181s, eta 2351s)
2026-10-01T06:02:03Z [960/2868]  33.5%  48.44  clean__f9fd30aee1_1c7818800c02640e8e44b03151617024d45b0d6e3d7de49b  (elapsed 1181s, eta 2348s)
2026-10-01T06:02:03Z [961/2868]  33.5%  49.06  tracking_without_comments__0048ba31dd_000be19a055234f8e79ec0baadc41d2a49050b2ea0a60654__vs__342f364d46_001342333d45627868f4dc5282abbba4598a91b4a7584b08_redline_26be3a210e  (elapsed 1181s, eta 2344s)
2026-10-01T06:02:04Z [962/2868]  33.5%  61.02  tracking_without_comments__0203b5fed7_strikethrough_bold_demo_id_paraid_overflow__vs__aa62a37db2_strikethrough_text_demo_id_paraid_overflow_redline_6bdb89e297  (elapsed 1182s, eta 2343s)
2026-10-01T06:02:04Z [963/2868]  33.6%  62.31  tracking_without_comments__02c9605488_bold_superscript_demo_style_default_missing__vs__f84571f3fc_bold_text_formatting_demo_id_paraid_overflow_2_redline_e1b23f59d9  (elapsed 1183s, eta 2340s)
2026-10-01T06:02:05Z [964/2868]  33.6%  38.22  tracking_without_comments__00f467c010_0008753aa70a6a7b929aa1958001da41574c2d407e5b9863__vs__5203829c7a_001cc92b88566d5f930fe57f25813c0bf52a7bdc72c217d0_redline_bbbf7b39f6  (elapsed 1183s, eta 2337s)
2026-10-01T06:02:05Z [965/2868]  33.6%  42.98  tracking_without_comments__01d1b3da75_table_bookmark_end__vs__906753e55b_super_editor__table_c70ca973_redline_ba99cf4c8d  (elapsed 1184s, eta 2334s)
2026-10-01T06:02:06Z [966/2868]  33.7%  42.98  tracking_without_comments__01d1b3da75_table_bookmark_end__vs__906753e55b_super_editor__table_c70ca973_redline_f6531f6275  (elapsed 1184s, eta 2331s)
2026-10-01T06:02:09Z [967/2868]  33.7%  52.70  tracking_without_comments__045a9b188d_heading_1_style_demo_id_paraid_overflow__vs__687da097e9_heading_2_center_demo_id_paraid_overflow_redline_5f413430ed  (elapsed 1187s, eta 2333s)
2026-10-01T06:02:10Z [968/2868]  33.8%  35.53  tracking_without_comments__048870ce18_014178090497722649b8e7aedf646339a3189ee7fe69a596__vs__5203829c7a_001cc92b88566d5f930fe57f25813c0bf52a7bdc72c217d0_redline_410ba57425  (elapsed 1188s, eta 2331s)
2026-10-01T06:02:12Z [969/2868]  33.8%  75.07  tracking_without_comments__049a315896_super_editor__hyperlink_multiple_runs_0138c312__vs__2dc3e97d2a_super_editor__hyperlink_node_52b7695b_redline_06963cb3b7  (elapsed 1190s, eta 2332s)
2026-10-01T06:02:14Z [970/2868]  33.8%  54.58  tracking_without_comments__049a315896_super_editor__hyperlink_multiple_runs_0138c312__vs__2ad2fc5ab0_super_editor__diff_before10_2f84ca55_redline_a098bd5ad9  (elapsed 1193s, eta 2334s)
2026-10-01T06:02:15Z [971/2868]  33.9%  50.46  tracking_without_comments__049a315896_super_editor__hyperlink_multiple_runs_0138c312__vs__fd68f70f24_super_editor__ooxml_highlight_rstyle_linked_comb_redline_5593a84995  (elapsed 1193s, eta 2332s)
2026-10-01T06:02:16Z [972/2868]  33.9%  38.05  tracking_without_comments__03aa687c07_0fef17a42714273fc90f69ea4dc8d6b2028449267539750a__vs__7772e684bb_056aa42f3314a8a17098cba6c7afb8c21d27fc3bf274f137_redline_0d33c3afef  (elapsed 1194s, eta 2330s)
2026-10-01T06:02:21Z [973/2868]  33.9%  47.36  tracking_without_comments__04dafefc52_00048cb6667d721bdb2219ecbadb6eb369e439c130ac475e__vs__2773adf157_0004c94ca2a8684d47449bb0e7abf87de1df71a7e6543252_redline_b99334425c  (elapsed 1199s, eta 2335s)
2026-10-01T06:02:21Z [974/2868]  34.0%  38.89  tracking_without_comments__04dafefc52_00048cb6667d721bdb2219ecbadb6eb369e439c130ac475e__vs__2e04202552_000e3e7bd2d6215fc7b469cc3e296c1b2a510bc1abc7e0fd_redline_c6e40e9907  (elapsed 1199s, eta 2332s)
2026-10-01T06:02:25Z [975/2868]  34.0%  59.72  tracking_without_comments__0048ba31dd_000be19a055234f8e79ec0baadc41d2a49050b2ea0a60654__vs__a5f2b9318d_002aa60c2ae1187417b4b157c5ec6450324cc056ec551a12_redline_1605249acc  (elapsed 1203s, eta 2336s)
2026-10-01T06:02:27Z [976/2868]  34.0%  40.37  tracking_without_comments__04dafefc52_00048cb6667d721bdb2219ecbadb6eb369e439c130ac475e__vs__333bfe069a_003416d620331122b93b434dad901db5836f60d2cad4b533_redline_3be4fcdaf1  (elapsed 1205s, eta 2336s)
2026-10-01T06:02:28Z [977/2868]  34.1%  35.12  tracking_without_comments__04dafefc52_00048cb6667d721bdb2219ecbadb6eb369e439c130ac475e__vs__1424386e9b_017447de83753a0e3b7afc659df038ef56972925336c6a5b_redline_b34148d916  (elapsed 1206s, eta 2334s)
2026-10-01T06:02:31Z [978/2868]  34.1%  40.28  tracking_without_comments__04dafefc52_00048cb6667d721bdb2219ecbadb6eb369e439c130ac475e__vs__342f364d46_001342333d45627868f4dc5282abbba4598a91b4a7584b08_redline_7876988ef8  (elapsed 1209s, eta 2337s)
2026-10-01T06:02:32Z [979/2868]  34.1%  37.56  tracking_without_comments__04dafefc52_00048cb6667d721bdb2219ecbadb6eb369e439c130ac475e__vs__5203829c7a_001cc92b88566d5f930fe57f25813c0bf52a7bdc72c217d0_redline_31a9b5c200  (elapsed 1210s, eta 2335s)
2026-10-01T06:02:38Z [980/2868]  34.2%  39.15  tracking_without_comments__04dafefc52_00048cb6667d721bdb2219ecbadb6eb369e439c130ac475e__vs__bd3824dd1e_000ee64ef7226d353297888f59a251e24ce5d776fea000fa_redline_d5374ad215  (elapsed 1217s, eta 2344s)
2026-10-01T06:02:39Z [981/2868]  34.2%  42.03  tracking_without_comments__04dafefc52_00048cb6667d721bdb2219ecbadb6eb369e439c130ac475e__vs__deff0e697a_00b5defcad6e58038eac35472a2d48c89905068e5ece0cc3_redline_4ea3d6091d  (elapsed 1218s, eta 2342s)
2026-10-01T06:02:41Z [982/2868]  34.2%  53.83  tracking_without_comments__04dafefc52_00048cb6667d721bdb2219ecbadb6eb369e439c130ac475e__vs__aa5340125d_00a4b0b91e9b5b072dc3771391c2d608518690eccf44eae8_redline_05335e2502  (elapsed 1219s, eta 2341s)
2026-10-01T06:02:41Z [983/2868]  34.3%  61.48  tracking_without_comments__053c86de5f_open_sans_bold_underline_id_paraid_overflow__vs__4173c2bb01_open_sans_font_demo_id_paraid_overflow_2_redline_7f178a1c3a  (elapsed 1219s, eta 2338s)
2026-10-01T06:02:42Z [984/2868]  34.3%  57.25  tracking_without_comments__058cd936de_super_editor__image_doc_c7d007ac__vs__3ad13eed3d_evals__document_9bff7e1b_redline_a70f51680b  (elapsed 1220s, eta 2336s)
2026-10-01T06:02:45Z [985/2868]  34.3%  37.58  tracking_without_comments__04dafefc52_00048cb6667d721bdb2219ecbadb6eb369e439c130ac475e__vs__a5f2b9318d_002aa60c2ae1187417b4b157c5ec6450324cc056ec551a12_redline_c12a65b46b  (elapsed 1223s, eta 2338s)
2026-10-01T06:02:47Z [986/2868]  34.4%  57.70  tracking_without_comments__058cd936de_super_editor__image_doc_c7d007ac__vs__c2d49e9ede_super_editor__sd_978_remove_table_borders_47f7ed_redline_0a77798df5  (elapsed 1226s, eta 2339s)
2026-10-01T06:02:48Z [987/2868]  34.4%  57.25  tracking_without_comments__058cd936de_super_editor__image_doc_c7d007ac__vs__3ad13eed3d_evals__document_9bff7e1b_redline_dd5bc80bc2  (elapsed 1226s, eta 2337s)
2026-10-01T06:02:50Z [988/2868]  34.4%  57.91  tracking_without_comments__058cd936de_super_editor__image_doc_c7d007ac__vs__c2d49e9ede_super_editor__sd_978_remove_table_borders_47f7ed_redline_d612da739b  (elapsed 1228s, eta 2337s)
2026-10-01T06:02:52Z [989/2868]  34.5%  64.62  tracking_without_comments__058cd936de_super_editor__image_doc_c7d007ac__vs__de8054b3bc_super_editor__image_p_spacing_9b211fd7_redline_8859b473b1  (elapsed 1231s, eta 2338s)
2026-10-01T06:02:53Z [990/2868]  34.5%  64.62  tracking_without_comments__058cd936de_super_editor__image_doc_c7d007ac__vs__de8054b3bc_super_editor__image_p_spacing_9b211fd7_redline_e09001156b  (elapsed 1231s, eta 2335s)
2026-10-01T06:02:55Z [991/2868]  34.6%  59.84  tracking_without_comments__060415914f_file_63  (elapsed 1233s, eta 2336s)
2026-10-01T06:02:57Z [992/2868]  34.6%  59.24  tracking_without_comments__0728d64a65_file_182  (elapsed 1235s, eta 2336s)
2026-10-01T06:02:59Z [993/2868]  34.6%  38.46  tracking_without_comments__05cadf8b81_b41061303601c5466eaae8808a8196ad9aa4e79040a716a9__vs__7e0db913e2_beeb804b22eaff60a3f67611690f5c9b42475c58bf23fd75_redline_e23c1442ca  (elapsed 1237s, eta 2336s)
2026-10-01T06:03:06Z [994/2868]  34.7%  43.14  tracking_without_comments__07b0453a36_2efbf6c1fe705addb0f4fb43ea69a71c47105e7be71715b7__vs__e379200bc8_1b7632e27e469daa34dd696fa9370ab73c920f9f864bd931_redline_19ec82a96f  (elapsed 1244s, eta 2346s)
2026-10-01T06:03:11Z [995/2868]  34.7%  37.51  tracking_without_comments__0184ed196b_d1e39fbd150188925826317aa801105b2fd447d47d007d25__vs__1fef0faeb8_01e7cd937539623ca99c2064895121fa38c3e2d7312c8725_redline_7ded25754f  (elapsed 1249s, eta 2352s)
2026-10-01T06:03:12Z [996/2868]  34.7%  39.12  tracking_without_comments__0800162a66_000799b53487acb327ccf0c0ab87fb14b9e8636346719296__vs__5203829c7a_001cc92b88566d5f930fe57f25813c0bf52a7bdc72c217d0_redline_86f2cf4fed  (elapsed 1250s, eta 2350s)
2026-10-01T06:03:14Z [997/2868]  34.8%  40.60  tracking_without_comments__0800162a66_000799b53487acb327ccf0c0ab87fb14b9e8636346719296__vs__342f364d46_001342333d45627868f4dc5282abbba4598a91b4a7584b08_redline_a801cecdd1  (elapsed 1252s, eta 2350s)
2026-10-01T06:03:19Z [998/2868]  34.8%  45.03  tracking_without_comments__0800162a66_000799b53487acb327ccf0c0ab87fb14b9e8636346719296__vs__bd3824dd1e_000ee64ef7226d353297888f59a251e24ce5d776fea000fa_redline_0612a68195  (elapsed 1257s, eta 2355s)
2026-10-01T06:03:22Z [999/2868]  34.8%  40.23  tracking_without_comments__058cd936de_super_editor__image_doc_c7d007ac__vs__9586202517_super_editor__two_column_two_page_0b8a37c5_redline_edebb5ef96  (elapsed 1260s, eta 2358s)
2026-10-01T06:03:24Z [1000/2868]  34.9%  49.48  clean__acce1b593c_4bb73d9addf1f02e3a2132dcd33a8feb4dfcbe076d43bb0f  (elapsed 1263s, eta 2359s)
2026-10-01T06:03:25Z [1001/2868]  34.9%  41.08  tracking_without_comments__08db38e816_ece42865e7_accepted_tracking  (elapsed 1263s, eta 2356s)
2026-10-01T06:03:25Z [1002/2868]  34.9%  40.19  tracking_without_comments__058cd936de_super_editor__image_doc_c7d007ac__vs__9586202517_super_editor__two_column_two_page_0b8a37c5_redline_941f26af01  (elapsed 1263s, eta 2352s)
2026-10-01T06:03:27Z [1003/2868]  35.0%  60.05  tracking_without_comments__09c4b04252_project_tasks_suggesting_insertions_2  (elapsed 1265s, eta 2353s)
2026-10-01T06:03:27Z [1004/2868]  35.0%  66.71  tracking_without_comments__08e3f68925_bold_underline_combined_demo_id_paraid_overflow__vs__e29df71807_bold_underline_highlight_demo_id_paraid_overflow_redline_ba1b65356f  (elapsed 1266s, eta 2350s)
2026-10-01T06:03:31Z [1005/2868]  35.0%  63.24  tracking_without_comments__0837a5af9f_7a60ec99bd_rejected_tracking  (elapsed 1269s, eta 2352s)
2026-10-01T06:03:31Z [1006/2868]  35.1%  41.87  tracking_without_comments__0a0b6470c3_00051beee50076d47db468069cab455933b72d9df9165e1f__vs__2773adf157_0004c94ca2a8684d47449bb0e7abf87de1df71a7e6543252_redline_5eadd8381f  (elapsed 1269s, eta 2349s)
2026-10-01T06:03:31Z [1007/2868]  35.1%  47.80  clean__d5049aaec2_c73c128db4c8f0b0683396b603a070256a36b398f91585f0  (elapsed 1269s, eta 2346s)
2026-10-01T06:03:32Z [1008/2868]  35.1%  44.89  tracking_without_comments__048aab732f_4bec88f88424107024aff883b5838333fbae149ecfa95e3e__vs__f9fd30aee1_1c7818800c02640e8e44b03151617024d45b0d6e3d7de49b_redline_f43143bbb5  (elapsed 1270s, eta 2343s)
2026-10-01T06:03:33Z [1009/2868]  35.2%  43.62  tracking_without_comments__0a0b6470c3_00051beee50076d47db468069cab455933b72d9df9165e1f__vs__2e04202552_000e3e7bd2d6215fc7b469cc3e296c1b2a510bc1abc7e0fd_redline_f0df95a86d  (elapsed 1271s, eta 2342s)
2026-10-01T06:03:36Z [1010/2868]  35.2%  38.39  tracking_without_comments__0a0b6470c3_00051beee50076d47db468069cab455933b72d9df9165e1f__vs__1424386e9b_017447de83753a0e3b7afc659df038ef56972925336c6a5b_redline_ef05358204  (elapsed 1274s, eta 2344s)
2026-10-01T06:03:37Z [1011/2868]  35.3%  34.92  tracking_without_comments__0a0b6470c3_00051beee50076d47db468069cab455933b72d9df9165e1f__vs__5203829c7a_001cc92b88566d5f930fe57f25813c0bf52a7bdc72c217d0_redline_ebb062d676  (elapsed 1276s, eta 2343s)
2026-10-01T06:03:38Z [1012/2868]  35.3%  38.55  tracking_without_comments__0a0b6470c3_00051beee50076d47db468069cab455933b72d9df9165e1f__vs__333bfe069a_003416d620331122b93b434dad901db5836f60d2cad4b533_redline_8e445de442  (elapsed 1276s, eta 2341s)
2026-10-01T06:03:41Z [1013/2868]  35.3%  70.66  tracking_without_comments__0a1badc333_super_editor__missing_sectpr_967a402d__vs__7a48682ea5_super_editor__superdoc_hyperlink_cases_1dde9cd3_redline_c69f43f277  (elapsed 1279s, eta 2343s)
2026-10-01T06:03:43Z [1014/2868]  35.4%  47.61  tracking_without_comments__0a0b6470c3_00051beee50076d47db468069cab455933b72d9df9165e1f__vs__aa5340125d_00a4b0b91e9b5b072dc3771391c2d608518690eccf44eae8_redline_9a24c84c64  (elapsed 1282s, eta 2344s)
2026-10-01T06:03:44Z [1015/2868]  35.4%  50.31  tracking_without_comments__0a1badc333_super_editor__missing_sectpr_967a402d__vs__8ee210e927_super_editor__missing_separator_41c823b9_redline_f32cc08e58  (elapsed 1282s, eta 2341s)
2026-10-01T06:03:45Z [1016/2868]  35.4%  39.79  tracking_without_comments__0a0b6470c3_00051beee50076d47db468069cab455933b72d9df9165e1f__vs__bd3824dd1e_000ee64ef7226d353297888f59a251e24ce5d776fea000fa_redline_58b902304a  (elapsed 1284s, eta 2340s)
2026-10-01T06:03:46Z [1017/2868]  35.5%  38.81  tracking_without_comments__0a0b6470c3_00051beee50076d47db468069cab455933b72d9df9165e1f__vs__deff0e697a_00b5defcad6e58038eac35472a2d48c89905068e5ece0cc3_redline_ee3b23ab22  (elapsed 1285s, eta 2338s)
2026-10-01T06:03:47Z [1018/2868]  35.5%  56.97  tracking_without_comments__0a1badc333_super_editor__missing_sectpr_967a402d__vs__8ee210e927_super_editor__missing_separator_41c823b9_redline_f8d1d0bcfa  (elapsed 1285s, eta 2335s)
2026-10-01T06:03:47Z [1019/2868]  35.5%  44.47  tracking_without_comments__0a0b6470c3_00051beee50076d47db468069cab455933b72d9df9165e1f__vs__342f364d46_001342333d45627868f4dc5282abbba4598a91b4a7584b08_redline_65f635473d  (elapsed 1285s, eta 2332s)
2026-10-01T06:03:47Z [1020/2868]  35.6%  68.77  tracking_without_comments__0a1badc333_super_editor__missing_sectpr_967a402d__vs__b5a6dd6c66_super_editor__diff_before_019353a2_redline_5e1c82cdea  (elapsed 1286s, eta 2329s)
2026-10-01T06:03:49Z [1021/2868]  35.6%  68.84  tracking_without_comments__0a1badc333_super_editor__missing_sectpr_967a402d__vs__b5a6dd6c66_super_editor__diff_before_019353a2_redline_d17f11acda  (elapsed 1287s, eta 2328s)
2026-10-01T06:03:50Z [1022/2868]  35.6%  63.49  tracking_without_comments__0a1badc333_super_editor__missing_sectpr_967a402d__vs__c1023db5c5_super_editor__fields_test_4a8ffd8c_redline_4d1c94901b  (elapsed 1288s, eta 2327s)
2026-10-01T06:03:50Z [1023/2868]  35.7%  63.48  tracking_without_comments__0a1badc333_super_editor__missing_sectpr_967a402d__vs__c1023db5c5_super_editor__fields_test_4a8ffd8c_redline_740c645c1d  (elapsed 1288s, eta 2323s)
2026-10-01T06:03:51Z [1024/2868]  35.7%  38.62  tracking_without_comments__0a2898b58a_evals__report_with_formatting_03f385ed__vs__e844ea2053_evals__table_doc_4d728d83_redline_88eaa1668c  (elapsed 1290s, eta 2322s)
2026-10-01T06:03:51Z [1025/2868]  35.7%  38.69  tracking_without_comments__0a2898b58a_evals__report_with_formatting_03f385ed__vs__e844ea2053_evals__table_doc_4d728d83_redline_120ab3f7db  (elapsed 1290s, eta 2319s)
2026-10-01T06:03:55Z [1026/2868]  35.8%  54.17  tracking_without_comments__0b1d0278ce_behavior__math_radical_tests_4c1ce187__vs__4858c9853b_behavior__multi_image_types_b962a2b8_redline_6130625780  (elapsed 1293s, eta 2322s)
2026-10-01T06:03:56Z [1027/2868]  35.8%  54.08  tracking_without_comments__0b1d0278ce_behavior__math_radical_tests_4c1ce187__vs__4858c9853b_behavior__multi_image_types_b962a2b8_redline_e68181a3c7  (elapsed 1294s, eta 2320s)
2026-10-01T06:03:58Z [1028/2868]  35.8%  40.96  tracking_without_comments__0b5f1f7cad_003ca0a88e8358b347e771feb6970ff773753fad85416364__vs__2773adf157_0004c94ca2a8684d47449bb0e7abf87de1df71a7e6543252_redline_05d5797055  (elapsed 1296s, eta 2320s)
2026-10-01T06:03:58Z [1029/2868]  35.9%  39.71  tracking_without_comments__0b5f1f7cad_003ca0a88e8358b347e771feb6970ff773753fad85416364__vs__1424386e9b_017447de83753a0e3b7afc659df038ef56972925336c6a5b_redline_03f6215960  (elapsed 1297s, eta 2318s)
2026-10-01T06:04:00Z [1030/2868]  35.9%  49.69  tracking_without_comments__0a0b6470c3_00051beee50076d47db468069cab455933b72d9df9165e1f__vs__a5f2b9318d_002aa60c2ae1187417b4b157c5ec6450324cc056ec551a12_redline_dc35c92ac9  (elapsed 1299s, eta 2317s)
2026-10-01T06:04:02Z [1031/2868]  35.9%  51.43  tracking_without_comments__0b5f1f7cad_003ca0a88e8358b347e771feb6970ff773753fad85416364__vs__2e04202552_000e3e7bd2d6215fc7b469cc3e296c1b2a510bc1abc7e0fd_redline_6dc5839703  (elapsed 1300s, eta 2317s)
2026-10-01T06:04:02Z [1032/2868]  36.0%  45.26  tracking_without_comments__0b5f1f7cad_003ca0a88e8358b347e771feb6970ff773753fad85416364__vs__333bfe069a_003416d620331122b93b434dad901db5836f60d2cad4b533_redline_1c63ef411e  (elapsed 1300s, eta 2313s)
2026-10-01T06:04:04Z [1033/2868]  36.0%  41.43  tracking_without_comments__0a45c11e26_f3be0709437e3db487c472a0932f83d94984b9015dcc4642__vs__99c11b7d8e_f518c13245b2fdb7c69dc16a268913a43656a97451645fbe_redline_f30cea827b  (elapsed 1302s, eta 2313s)
2026-10-01T06:04:06Z [1034/2868]  36.1%  40.60  tracking_without_comments__0b5f1f7cad_003ca0a88e8358b347e771feb6970ff773753fad85416364__vs__5203829c7a_001cc92b88566d5f930fe57f25813c0bf52a7bdc72c217d0_redline_dcbff66ff4  (elapsed 1304s, eta 2313s)
2026-10-01T06:04:10Z [1035/2868]  36.1%  49.25  tracking_without_comments__0ba7565d69_c88672a4fd_rejected_tracking  (elapsed 1308s, eta 2316s)
2026-10-01T06:04:11Z [1036/2868]  36.1%  48.99  tracking_without_comments__0b5f1f7cad_003ca0a88e8358b347e771feb6970ff773753fad85416364__vs__deff0e697a_00b5defcad6e58038eac35472a2d48c89905068e5ece0cc3_redline_02f4fccc04  (elapsed 1309s, eta 2315s)
2026-10-01T06:04:11Z [1037/2868]  36.2%  57.05  tracking_without_comments__0b5f1f7cad_003ca0a88e8358b347e771feb6970ff773753fad85416364__vs__aa5340125d_00a4b0b91e9b5b072dc3771391c2d608518690eccf44eae8_redline_e7cbc12419  (elapsed 1309s, eta 2311s)
2026-10-01T06:04:12Z [1038/2868]  36.2%  44.03  tracking_without_comments__0b5f1f7cad_003ca0a88e8358b347e771feb6970ff773753fad85416364__vs__bd3824dd1e_000ee64ef7226d353297888f59a251e24ce5d776fea000fa_redline_5ecff6e34d  (elapsed 1310s, eta 2309s)
2026-10-01T06:04:13Z [1039/2868]  36.2%  54.11  tracking_without_comments__0b5f1f7cad_003ca0a88e8358b347e771feb6970ff773753fad85416364__vs__342f364d46_001342333d45627868f4dc5282abbba4598a91b4a7584b08_redline_5f99a29063  (elapsed 1311s, eta 2308s)
2026-10-01T06:04:13Z [1040/2868]  36.3%  71.21  tracking_without_comments__0cf73436ac_contract_review_suggesting_insertions  (elapsed 1311s, eta 2305s)
2026-10-01T06:04:14Z [1041/2868]  36.3%  66.35  tracking_without_comments__0e08fd6d80_super_editor__diff_before19_97e0f4e6__vs__1e1f1ad583_super_editor__diff_before2_ca0c6859_redline_54af2359d0  (elapsed 1312s, eta 2303s)
2026-10-01T06:04:16Z [1042/2868]  36.3%  40.04  tracking_without_comments__0bf5192ed0_00afb3e6b2bb1a5ab1e1770ba41f6f455f87472d24ab2767__vs__5203829c7a_001cc92b88566d5f930fe57f25813c0bf52a7bdc72c217d0_redline_d51a137260  (elapsed 1314s, eta 2303s)
2026-10-01T06:04:18Z [1043/2868]  36.4%  65.91  tracking_without_comments__0e08fd6d80_super_editor__diff_before19_97e0f4e6__vs__301e302820_super_editor__basic_page_nums_d5b08fc3_redline_64ee3d6f02  (elapsed 1316s, eta 2303s)
2026-10-01T06:04:19Z [1044/2868]  36.4%  65.93  tracking_without_comments__0e08fd6d80_super_editor__diff_before19_97e0f4e6__vs__301e302820_super_editor__basic_page_nums_d5b08fc3_redline_813a58decb  (elapsed 1318s, eta 2302s)
2026-10-01T06:04:21Z [1045/2868]  36.4%  43.42  tracking_without_comments__0e1d01ec7d_super_editor__doc_with_graphs_diagrams_rotated_e__vs__8a553b35e4_super_editor__doc_with_spaces_from_styles_734ca2_redline_8c8c88a084  (elapsed 1319s, eta 2301s)
2026-10-01T06:04:21Z [1046/2868]  36.5%  66.34  tracking_without_comments__0e08fd6d80_super_editor__diff_before19_97e0f4e6__vs__1e1f1ad583_super_editor__diff_before2_ca0c6859_redline_e305704a74  (elapsed 1319s, eta 2298s)
2026-10-01T06:04:22Z [1047/2868]  36.5%  50.15  tracking_without_comments__0c8586915b_f8c1ce3e92_accepted_tracking  (elapsed 1320s, eta 2296s)
2026-10-01T06:04:22Z [1048/2868]  36.5%  43.93  tracking_without_comments__0e1d01ec7d_super_editor__doc_with_graphs_diagrams_rotated_e__vs__8a553b35e4_super_editor__doc_with_spaces_from_styles_734ca2_redline_0a3919850c  (elapsed 1320s, eta 2292s)
2026-10-01T06:04:26Z [1049/2868]  36.6%  37.56  tracking_without_comments__0e6f813e69_00d2ca27359f3d1d5ee2c2904b48a3e4717faf7fdf6413f6__vs__5203829c7a_001cc92b88566d5f930fe57f25813c0bf52a7bdc72c217d0_redline_2e7da780e1  (elapsed 1324s, eta 2296s)
2026-10-01T06:04:27Z [1050/2868]  36.6%  50.30  tracking_without_comments__10415d5332_behavior__rtl_mixed_bidi_e955f185__vs__96fa27757a_behavior__rtl_page_numpages_54739e26_redline_1942a590b4  (elapsed 1325s, eta 2295s)
2026-10-01T06:04:28Z [1051/2868]  36.6%  50.23  tracking_without_comments__10415d5332_behavior__rtl_mixed_bidi_e955f185__vs__96fa27757a_behavior__rtl_page_numpages_54739e26_redline_c9a41b3932  (elapsed 1326s, eta 2292s)
2026-10-01T06:04:32Z [1052/2868]  36.7%  30.24  tracking_without_comments__0f23eb6c94_super_editor__wmf_emf_44a469b8__vs__fe11d14f44_behavior__sd_2447_toc_tab_alignment_8319c14c_redline_0e40245a8f  (elapsed 1330s, eta 2296s)
2026-10-01T06:04:35Z [1053/2868]  36.7%  73.29  tracking_without_comments__11bc12050e_e97f1c7c8f_accepted_tracking  (elapsed 1333s, eta 2298s)
2026-10-01T06:04:35Z [1054/2868]  36.8%  30.29  tracking_without_comments__0f23eb6c94_super_editor__wmf_emf_44a469b8__vs__fe11d14f44_behavior__sd_2447_toc_tab_alignment_8319c14c_redline_d7da0ec57c  (elapsed 1334s, eta 2295s)
2026-10-01T06:04:42Z [1055/2868]  36.8%  42.28  tracking_without_comments__11860f2d78_c5c029926794053323667da4397833b447af8141ce9971f2__vs__d53c3f411e_c39de3199fc7d2e0eb44dd062bd7bd2c860354813aec5761_redline_28a24d567c  (elapsed 1340s, eta 2303s)
2026-10-01T06:04:43Z [1056/2868]  36.8%  36.62  tracking_without_comments__12125c346d_92142a51af438576403a4226ac79f4fb87d91783b06ff63c__vs__b6d00d198f_b6c5768500a03e5b40b7ca06cea0027e860f38fb80e3886b_redline_f1ce33adb5  (elapsed 1342s, eta 2302s)
2026-10-01T06:04:44Z [1057/2868]  36.9%  41.88  tracking_without_comments__12033d2ca5_bc404781cb7c84f7c76061d998daff4b9224a2de0cdcceb4__vs__334eb73a7c_df8c4f9c7d2c85b4042854f488e93a8d7d3404c404a512f5_redline_e48e5fec25  (elapsed 1342s, eta 2300s)
2026-10-01T06:04:46Z [1058/2868]  36.9%  66.19  tracking_without_comments__133bbfae84_right_alignment_demo_id_paraid_overflow_2__vs__572990f05c_right_alignment_demo_id_paraid_overflow_redline_cad6a08350  (elapsed 1344s, eta 2299s)
2026-10-01T06:04:52Z [1059/2868]  36.9%  41.34  tracking_without_comments__133e9207c0_file_34__vs__c90bde92a4_file_35_redline_4abb22a9a4  (elapsed 1350s, eta 2306s)
2026-10-01T06:04:54Z [1060/2868]  37.0%  70.85  tracking_without_comments__13da8d3a5b_times_new_roman_font_id_paraid_overflow__vs__4c4f8515c5_title_style_centered_demo_id_paraid_overflow_redline_bfeccef137  (elapsed 1353s, eta 2307s)
2026-10-01T06:04:55Z [1061/2868]  37.0%  53.50  tracking_without_comments__12809de7d6_word_tolerated_misplaced_pgsz__vs__44f83e9351_word_tolerated_misplaced_uipriority_redline_debc1b191d  (elapsed 1353s, eta 2304s)
2026-10-01T06:04:57Z [1062/2868]  37.0%  50.50  tracking_without_comments__14211b982b_super_editor__simple_ordered_list_8288421a__vs__9c7f21c23e_super_editor__line_break_627a7159_redline_237ed45f83  (elapsed 1355s, eta 2304s)
2026-10-01T06:04:57Z [1063/2868]  37.1%  50.18  tracking_without_comments__14211b982b_super_editor__simple_ordered_list_8288421a__vs__9c7f21c23e_super_editor__line_break_627a7159_redline_247ba17e1e  (elapsed 1356s, eta 2302s)
2026-10-01T06:05:00Z [1064/2868]  37.1%  48.60  tracking_without_comments__14211b982b_super_editor__simple_ordered_list_8288421a__vs__9e9d83978b_super_editor__sublist_issue_66a1800a_redline_22e07f3723  (elapsed 1358s, eta 2302s)
2026-10-01T06:05:00Z [1065/2868]  37.1%  48.60  tracking_without_comments__14211b982b_super_editor__simple_ordered_list_8288421a__vs__9e9d83978b_super_editor__sublist_issue_66a1800a_redline_b5b0b1f54c  (elapsed 1358s, eta 2300s)
2026-10-01T06:05:02Z [1066/2868]  37.2%  64.62  tracking_without_comments__1558d2a6ec_project_proposal_id_paraid_overflow__vs__77b9e6ba80_project_proposal_suggesting_insertions_redline_a3f0470a1d  (elapsed 1360s, eta 2299s)
2026-10-01T06:05:04Z [1067/2868]  37.2%  46.92  tracking_without_comments__159d00085d_super_editor__sd_1919_word_simple_e3a4a818__vs__26ce1d6300_super_editor__diff_after5_9fb9d5b4_redline_00d2479dc0  (elapsed 1362s, eta 2300s)
2026-10-01T06:05:06Z [1068/2868]  37.2%  37.30  tracking_without_comments__11856e25f6_small_font_size_demo_id_paraid_overflow__vs__1e0254763b_strict01_redline_831ee4fcc2  (elapsed 1365s, eta 2300s)
2026-10-01T06:05:06Z [1069/2868]  37.3%  46.99  tracking_without_comments__159d00085d_super_editor__sd_1919_word_simple_e3a4a818__vs__26ce1d6300_super_editor__diff_after5_9fb9d5b4_redline_e0ceecab46  (elapsed 1365s, eta 2296s)
2026-10-01T06:05:09Z [1070/2868]  37.3%  47.78  tracking_without_comments__159d00085d_super_editor__sd_1919_word_simple_e3a4a818__vs__f49b3b0ec2_super_editor__sd_1919_word_table_74726d6c_redline_e464647d30  (elapsed 1367s, eta 2297s)
2026-10-01T06:05:09Z [1071/2868]  37.3%  47.82  tracking_without_comments__159d00085d_super_editor__sd_1919_word_simple_e3a4a818__vs__f49b3b0ec2_super_editor__sd_1919_word_table_74726d6c_redline_4aec2edb0d  (elapsed 1367s, eta 2293s)
2026-10-01T06:05:17Z [1072/2868]  37.4%  40.17  tracking_without_comments__16100cd46d_behavior__sd_2323_image_resize_test_2b8a201a__vs__aa940255be_behavior__sd_2343_table_border_widths_b5148e83_redline_10cf6d1b1a  (elapsed 1376s, eta 2305s)
2026-10-01T06:05:18Z [1073/2868]  37.4%  40.16  tracking_without_comments__16100cd46d_behavior__sd_2323_image_resize_test_2b8a201a__vs__aa940255be_behavior__sd_2343_table_border_widths_b5148e83_redline_a169f5fa5f  (elapsed 1376s, eta 2303s)
2026-10-01T06:05:20Z [1074/2868]  37.4%  50.11  tracking_without_comments__178804f5ce_super_editor__invalid_list_def_fallback_d7f55451__vs__9c7f21c23e_super_editor__line_break_627a7159_redline_22b83e022d  (elapsed 1379s, eta 2303s)
2026-10-01T06:05:23Z [1075/2868]  37.5%  50.38  tracking_without_comments__178804f5ce_super_editor__invalid_list_def_fallback_d7f55451__vs__9c7f21c23e_super_editor__line_break_627a7159_redline_c1a556009a  (elapsed 1381s, eta 2303s)
2026-10-01T06:05:25Z [1076/2868]  37.5%  42.88  tracking_without_comments__178804f5ce_super_editor__invalid_list_def_fallback_d7f55451__vs__c4ee483519_tiff_image_redline_37277c15a6  (elapsed 1383s, eta 2303s)
2026-10-01T06:05:27Z [1077/2868]  37.6%  42.88  tracking_without_comments__178804f5ce_super_editor__invalid_list_def_fallback_d7f55451__vs__c4ee483519_tiff_image_redline_3ccea817a8  (elapsed 1385s, eta 2303s)
2026-10-01T06:05:27Z [1078/2868]  37.6%  63.40  tracking_without_comments__14f06affbf_30d707ed0c807a2118b37014c5b1ae48bc042da6310c6e07__vs__37c0369ce2_0c0c9334d933085775ef6320a8c741d98cc95ae29c0b70bf_redline_e32180088d  (elapsed 1386s, eta 2301s)
2026-10-01T06:05:28Z [1079/2868]  37.6%  62.96  tracking_without_comments__187c1cd53e_bold_and_underline_combo_id_paraid_overflow__vs__991f6468eb_bold_italic_combined_demo_id_paraid_overflow_redline_5b7086a992  (elapsed 1387s, eta 2299s)
2026-10-01T06:05:29Z [1080/2868]  37.7%  52.78  tracking_without_comments__18b8dd8ea3_behavior__sd_2672_plain_3x3_87943d5d__vs__667af231c2_behavior__sd_2672_rtl_table_63bd9d10_redline_30fed087bf  (elapsed 1388s, eta 2297s)
2026-10-01T06:05:29Z [1081/2868]  37.7%  43.22  tracking_without_comments__16ad37e660_87160078dd3ce2778683d3a74ce659126834ee6b8d767dcc__vs__7e2920b1a9_950faedd1066df99d1eac4ab70f5b91f6988516145dc8854_redline_e1981b6e58  (elapsed 1388s, eta 2294s)
2026-10-01T06:05:30Z [1082/2868]  37.7%  52.88  tracking_without_comments__18b8dd8ea3_behavior__sd_2672_plain_3x3_87943d5d__vs__667af231c2_behavior__sd_2672_rtl_table_63bd9d10_redline_6dcc4740fa  (elapsed 1388s, eta 2292s)
2026-10-01T06:05:31Z [1083/2868]  37.8%  57.46  tracking_without_comments__18b8dd8ea3_behavior__sd_2672_plain_3x3_87943d5d__vs__c620f64d24_super_editor__hyperlink_node_internal_1c0232f9_redline_958c6f10c9  (elapsed 1389s, eta 2290s)
2026-10-01T06:05:31Z [1084/2868]  37.8%  57.46  tracking_without_comments__18b8dd8ea3_behavior__sd_2672_plain_3x3_87943d5d__vs__c620f64d24_super_editor__hyperlink_node_internal_1c0232f9_redline_c8e881d569  (elapsed 1389s, eta 2286s)
2026-10-01T06:05:31Z [1085/2868]  37.8%  36.16  tracking_without_comments__12d245d664_9b100bdcf7bb34633c6e6f845b4ce3eae33d8a2096083e28__vs__c05043adc7_c237f28127c24437bbb8b4a83965a9db2c996d272f8e7736_redline_754a666443  (elapsed 1389s, eta 2283s)
2026-10-01T06:05:32Z [1086/2868]  37.9%  46.56  tracking_without_comments__18eb110b3b_numwords_fldsimple__vs__56d68160f4_doc_api_stories__sd_2086_header_row_shading_api_redline_12c5361b58  (elapsed 1390s, eta 2281s)
2026-10-01T06:05:32Z [1087/2868]  37.9%  46.55  tracking_without_comments__18eb110b3b_numwords_fldsimple__vs__56d68160f4_doc_api_stories__sd_2086_header_row_shading_api_redline_77523f01bb  (elapsed 1390s, eta 2278s)
2026-10-01T06:05:34Z [1088/2868]  37.9%  51.36  tracking_without_comments__18d1a4ad46_super_editor__sd_2534_collab_export_f3c7fdf7__vs__2c0c942234_super_editor__sd_2766_pirates_tracked_changes_32_redline_462a71fada  (elapsed 1392s, eta 2278s)
2026-10-01T06:05:36Z [1089/2868]  38.0%  47.14  tracking_without_comments__18eb110b3b_numwords_fldsimple__vs__a04e2d2749_ooxml_style_link_redline_0454ea7580  (elapsed 1394s, eta 2277s)
2026-10-01T06:05:37Z [1090/2868]  38.0%  47.25  tracking_without_comments__18eb110b3b_numwords_fldsimple__vs__a04e2d2749_ooxml_style_link_redline_5f2ec52d0f  (elapsed 1395s, eta 2275s)
2026-10-01T06:05:38Z [1091/2868]  38.0%  48.72  tracking_without_comments__18eb110b3b_numwords_fldsimple__vs__f62e209c7c_super_editor__paragraph_ppr_variations_a7653eb1_redline_c456b9c5e6  (elapsed 1397s, eta 2275s)
2026-10-01T06:05:40Z [1092/2868]  38.1%  48.79  tracking_without_comments__18eb110b3b_numwords_fldsimple__vs__f62e209c7c_super_editor__paragraph_ppr_variations_a7653eb1_redline_dbbc428ef6  (elapsed 1399s, eta 2275s)
2026-10-01T06:05:43Z [1093/2868]  38.1%  41.67  tracking_without_comments__193054264a_127a38d92f96a2a732d0f22d6eaad012191ba6d7525d619a__vs__0a3a0c1a32_36c6d281d1ea6bbef531f8c4ac6f8a3089348db8d85da6c6_redline_ff806d3b39  (elapsed 1401s, eta 2275s)
2026-10-01T06:05:45Z [1094/2868]  38.1%  57.67  tracking_without_comments__199cb211b5_super_editor__basic_footnotes_5be96945__vs__9b9fce74d9_super_editor__basic_list_0fcfe705_redline_4cc9397378  (elapsed 1403s, eta 2276s)
2026-10-01T06:05:47Z [1095/2868]  38.2%  40.94  tracking_without_comments__190782d0c5_46b5cb36b3b7d3b1fc419672811e19e13f9f3a1902a96da2__vs__aa910e0269_0b212ef01f9f16f785fb36ebf24bafc24fffc367ac583e27_redline_14b2a2feb0  (elapsed 1405s, eta 2275s)
2026-10-01T06:05:47Z [1096/2868]  38.2%  42.26  tracking_without_comments__19891583af_000f23dc2592a0044f1da2e4f2166c6b41e8fde6a66a1988__vs__5203829c7a_001cc92b88566d5f930fe57f25813c0bf52a7bdc72c217d0_redline_0bbd24a7af  (elapsed 1405s, eta 2272s)
2026-10-01T06:05:47Z [1097/2868]  38.2%  57.67  tracking_without_comments__199cb211b5_super_editor__basic_footnotes_5be96945__vs__9b9fce74d9_super_editor__basic_list_0fcfe705_redline_8d8bf493fb  (elapsed 1406s, eta 2269s)
2026-10-01T06:05:49Z [1098/2868]  38.3%  39.47  tracking_without_comments__0bbf11cf21_5a6c9a5cc654191fa574f474976ebfbfd60a2299dfb96ebe__vs__d825254fce_048c597c1da833b932c73e97755f2f8e8113d83aecd1f13e_redline_ef51261c54  (elapsed 1407s, eta 2268s)
2026-10-01T06:05:51Z [1099/2868]  38.3%  37.69  tracking_without_comments__1aa7a03758_004c43cb816aed2ca4b0d0adf6e2bb8f115182135f2b4b42__vs__5203829c7a_001cc92b88566d5f930fe57f25813c0bf52a7bdc72c217d0_redline_0a28d5402a  (elapsed 1409s, eta 2268s)
2026-10-01T06:05:51Z [1100/2868]  38.4%  44.81  tracking_without_comments__19891583af_000f23dc2592a0044f1da2e4f2166c6b41e8fde6a66a1988__vs__bd3824dd1e_000ee64ef7226d353297888f59a251e24ce5d776fea000fa_redline_ef2d7c6dcc  (elapsed 1410s, eta 2265s)
2026-10-01T06:05:52Z [1101/2868]  38.4%  37.89  tracking_without_comments__1a8063d60a_7978f67a2975f1076422b085e1ad3e931583286cd655db6d__vs__46f52ad96b_49f41d220ad44fc32665ae6f2fd9c332d608b029edf2ba0b_redline_cfc2954ee9  (elapsed 1411s, eta 2264s)
2026-10-01T06:05:53Z [1102/2868]  38.4%  51.21  tracking_without_comments__1b9445becb_000516b844a100814a91ff4628bfc37fed6090074bfa22e1__vs__2e04202552_000e3e7bd2d6215fc7b469cc3e296c1b2a510bc1abc7e0fd_redline_5c9b55c96b  (elapsed 1411s, eta 2261s)
2026-10-01T06:05:55Z [1103/2868]  38.5%  39.58  tracking_without_comments__1b9445becb_000516b844a100814a91ff4628bfc37fed6090074bfa22e1__vs__5203829c7a_001cc92b88566d5f930fe57f25813c0bf52a7bdc72c217d0_redline_55e3a1e2d3  (elapsed 1413s, eta 2261s)
2026-10-01T06:05:56Z [1104/2868]  38.5%  43.98  tracking_without_comments__1b9445becb_000516b844a100814a91ff4628bfc37fed6090074bfa22e1__vs__bd3824dd1e_000ee64ef7226d353297888f59a251e24ce5d776fea000fa_redline_dd8ca3784b  (elapsed 1415s, eta 2260s)
2026-10-01T06:05:57Z [1105/2868]  38.5%  39.40  tracking_without_comments__1c5bd81def_super_editor__multiple_nodes_in_list_79d915a2__vs__0e1d01ec7d_super_editor__doc_with_graphs_diagrams_rotated_e_redline_3b980fe151  (elapsed 1415s, eta 2258s)
2026-10-01T06:05:57Z [1106/2868]  38.6%  63.73  tracking_without_comments__1bdbf15f5a_super_editor__orderedlist_interrupted1_a3cd0dd3__vs__82348eef4b_multi_section_redline_81af8af777  (elapsed 1416s, eta 2255s)
2026-10-01T06:05:58Z [1107/2868]  38.6%  63.71  tracking_without_comments__1bdbf15f5a_super_editor__orderedlist_interrupted1_a3cd0dd3__vs__82348eef4b_multi_section_redline_9897351ddc  (elapsed 1416s, eta 2252s)
2026-10-01T06:05:58Z [1108/2868]  38.6%  67.09  tracking_without_comments__1cd4f9ee6c_roboto_font_demo_id_paraid_overflow__vs__6e08e456f6_roboto_underline_demo_id_paraid_overflow_redline_f5e9f6ac8f  (elapsed 1417s, eta 2250s)
2026-10-01T06:05:59Z [1109/2868]  38.7%  40.20  tracking_without_comments__1c5bd81def_super_editor__multiple_nodes_in_list_79d915a2__vs__0e1d01ec7d_super_editor__doc_with_graphs_diagrams_rotated_e_redline_6e89035e56  (elapsed 1417s, eta 2247s)
2026-10-01T06:06:02Z [1110/2868]  38.7%  41.29  tracking_without_comments__1cdaa2bca0_0ccc6413a5d5d36f8f9e5fd3632396e00927c9196f9566ee__vs__c7f546e99c_bf85e13edbd4d5f562657afb037269ac3addef9c430a8e77_redline_967fdd5659  (elapsed 1420s, eta 2250s)
2026-10-01T06:06:07Z [1111/2868]  38.7%  58.97  tracking_without_comments__0459f85a10_4d532b406748022c9fc1a1646c2b5002ad11afe758ca8258  (elapsed 1425s, eta 2254s)
2026-10-01T06:06:08Z [1112/2868]  38.8%  43.91  tracking_without_comments__1d1c6db79e_db70e40511c7429ff6c1e51d4580e3a8427a680321813e4d__vs__d0dc233d70_cebca675359c4cd5fa9b100ceb5268c2a7fbec54313abd05_redline_b79b6b2b58  (elapsed 1426s, eta 2252s)
2026-10-01T06:06:10Z [1113/2868]  38.8%  43.71  tracking_without_comments__1dd45d8b34_23ce39136a9b77376bab4e00c99a86f53529c3f3f9eb8dbf__vs__715d3d2b67_414e913bdcab4ac6cefcf85507ca910beead4a550959a564_redline_ff6f1dab3b  (elapsed 1428s, eta 2252s)
2026-10-01T06:06:11Z [1114/2868]  38.8%  56.66  tracking_without_comments__1de41232b3_super_editor__exported_list_font_8e6db734__vs__8fb278cb36_word_tolerated_duplicate_ppr_redline_8cb8af8d7f  (elapsed 1430s, eta 2251s)
2026-10-01T06:06:13Z [1115/2868]  38.9%  56.66  tracking_without_comments__1de41232b3_super_editor__exported_list_font_8e6db734__vs__8fb278cb36_word_tolerated_duplicate_ppr_redline_986bdf2765  (elapsed 1431s, eta 2250s)
2026-10-01T06:06:14Z [1116/2868]  38.9%  50.42  tracking_without_comments__1d4e0d1ca9_ca01c7dfa3fb10fdc8e889e8281cd8b589541bdc1d420eb3__vs__aaf5c08166_ba5d4af3b59ed5e067db64f2f45e003823cd5b394f4971df_redline_5225858123  (elapsed 1432s, eta 2249s)
2026-10-01T06:06:15Z [1117/2868]  38.9%  95.28  tracking_without_comments__1dfdc7d8ec_super_editor__image_inline_and_block_ad6109b3__vs__058cd936de_super_editor__image_doc_c7d007ac_redline_1e988e063f  (elapsed 1434s, eta 2247s)
2026-10-01T06:06:17Z [1118/2868]  39.0%  95.27  tracking_without_comments__1dfdc7d8ec_super_editor__image_inline_and_block_ad6109b3__vs__058cd936de_super_editor__image_doc_c7d007ac_redline_e58f863445  (elapsed 1435s, eta 2246s)
2026-10-01T06:06:19Z [1119/2868]  39.0%  30.20  tracking_without_comments__1dfdc7d8ec_super_editor__image_inline_and_block_ad6109b3__vs__96fa27757a_behavior__rtl_page_numpages_54739e26_redline_76f4a58792  (elapsed 1437s, eta 2246s)
2026-10-01T06:06:20Z [1120/2868]  39.1%  30.21  tracking_without_comments__1dfdc7d8ec_super_editor__image_inline_and_block_ad6109b3__vs__96fa27757a_behavior__rtl_page_numpages_54739e26_redline_8d7d998bdd  (elapsed 1438s, eta 2244s)
2026-10-01T06:06:21Z [1121/2868]  39.1%  35.59  tracking_without_comments__1d7cbe8cba_c0d5b06bcf_rejected_tracking  (elapsed 1439s, eta 2243s)
2026-10-01T06:06:22Z [1122/2868]  39.1%  40.66  tracking_without_comments__0308cb497f_file_21__vs__2ca2d3ab7b_file_22_redline_1cab097dbc  (elapsed 1440s, eta 2241s)
2026-10-01T06:06:35Z [1123/2868]  39.2%  36.83  tracking_without_comments__1e0254763b_strict01__vs__f5bac425cd_word_tolerated_broken_media_rel_redline_46d171fe5b  (elapsed 1454s, eta 2259s)
2026-10-01T06:06:37Z [1124/2868]  39.2%  62.20  tracking_without_comments__1e1a24aeab_right_align_bold_demo_id_paraid_overflow__vs__2b267ac531_right_aligned_italic_demo_id_paraid_overflow_redline_b4a0b070fc  (elapsed 1456s, eta 2258s)
2026-10-01T06:06:39Z [1125/2868]  39.2%  55.62  tracking_without_comments__1e1f1ad583_super_editor__diff_before2_ca0c6859__vs__1eb80036ee_super_editor__diff_before3_19d22832_redline_4bcb4769df  (elapsed 1457s, eta 2258s)
2026-10-01T06:06:40Z [1126/2868]  39.3%  36.03  tracking_without_comments__1e0254763b_strict01__vs__5fca0ac668_ooxml_style_link_redline_17ca3591c6  (elapsed 1458s, eta 2255s)
2026-10-01T06:06:41Z [1127/2868]  39.3%  55.40  tracking_without_comments__1e1f1ad583_super_editor__diff_before2_ca0c6859__vs__1eb80036ee_super_editor__diff_before3_19d22832_redline_9eee66ebb9  (elapsed 1459s, eta 2254s)
2026-10-01T06:06:45Z [1128/2868]  39.3%  42.06  tracking_without_comments__1e1f1ad583_super_editor__diff_before2_ca0c6859__vs__7e685cbab1_super_editor__ooxml_underline_rstyle_linked_comb_redline_3bf892c3c2  (elapsed 1463s, eta 2257s)
2026-10-01T06:06:46Z [1129/2868]  39.4%  42.10  tracking_without_comments__1e1f1ad583_super_editor__diff_before2_ca0c6859__vs__7e685cbab1_super_editor__ooxml_underline_rstyle_linked_comb_redline_dd8ab91725  (elapsed 1464s, eta 2256s)
2026-10-01T06:06:46Z [1130/2868]  39.4%  50.20  tracking_without_comments__1e0254763b_strict01  (elapsed 1464s, eta 2252s)
2026-10-01T06:06:46Z [1131/2868]  39.4%  37.03  tracking_without_comments__1e0254763b_strict01__vs__1e0254763b_strict01_redline_4822d35f9f  (elapsed 1465s, eta 2250s)
2026-10-01T06:06:48Z [1132/2868]  39.5%  52.56  tracking_without_comments__1eb80036ee_super_editor__diff_before3_19d22832__vs__ced58cbf54_super_editor__sd_1494_table_left_indent_03277d35_redline_5308c390fa  (elapsed 1466s, eta 2249s)
2026-10-01T06:06:48Z [1133/2868]  39.5%  52.73  tracking_without_comments__1eb80036ee_super_editor__diff_before3_19d22832__vs__ced58cbf54_super_editor__sd_1494_table_left_indent_03277d35_redline_f1eb137633  (elapsed 1467s, eta 2246s)
2026-10-01T06:06:51Z [1134/2868]  39.5%  39.06  tracking_without_comments__1d2b8dc6ee_92170677438db54aa8a8f98174fe909b1098525f5f7e0bf8  (elapsed 1469s, eta 2246s)
2026-10-01T06:06:51Z [1135/2868]  39.6%  47.25  tracking_without_comments__1f22b7b009_153542e701bb134da7aee3bb1c4be1f1458fb401ed835378__vs__524cd290f3_f6e23a442c10a2b2645a49855e3bcb779b2d7bf34b37e612_redline_a7fa1e6bff  (elapsed 1469s, eta 2243s)
2026-10-01T06:06:53Z [1136/2868]  39.6%  48.65  tracking_without_comments__1f4891aebe_large_font_size_demo_id_paraid_overflow__vs__b4ba29d456_left_alignment_demo_id_paraid_overflow_redline_cd5dceca39  (elapsed 1472s, eta 2244s)
2026-10-01T06:06:56Z [1137/2868]  39.6%  47.80  tracking_without_comments__1e7b61c72c_26374192eb4b1f9f9f99fd5bbb0999bb076fb04586371978__vs__d3c5dc1975_028bd6d7835f6384db7e8f465da42fff0b5e05c187c8a02b_redline_d4210ba585  (elapsed 1474s, eta 2245s)
2026-10-01T06:06:56Z [1138/2868]  39.7%  48.22  tracking_without_comments__1ed8b01b55_file_13__vs__a2ae20465c_file_14_redline_5dbefac63c  (elapsed 1475s, eta 2242s)
2026-10-01T06:06:59Z [1139/2868]  39.7%  43.25  tracking_without_comments__203c24d1e7_00cb988053156ab17763897a184a6655864f9c50f7ef2e53__vs__5203829c7a_001cc92b88566d5f930fe57f25813c0bf52a7bdc72c217d0_redline_31bbf97599  (elapsed 1478s, eta 2243s)
2026-10-01T06:06:59Z [1140/2868]  39.7%  41.36  tracking_without_comments__203c24d1e7_00cb988053156ab17763897a184a6655864f9c50f7ef2e53__vs__1424386e9b_017447de83753a0e3b7afc659df038ef56972925336c6a5b_redline_e682703ae3  (elapsed 1478s, eta 2240s)
2026-10-01T06:07:04Z [1141/2868]  39.8%  30.39  tracking_without_comments__203c24d1e7_00cb988053156ab17763897a184a6655864f9c50f7ef2e53__vs__bd3824dd1e_000ee64ef7226d353297888f59a251e24ce5d776fea000fa_redline_7070a9c7b0  (elapsed 1483s, eta 2244s)
2026-10-01T06:07:05Z [1142/2868]  39.8%  53.39  tracking_without_comments__20d2e7d58b_word_tolerated_misplaced_pgsz__vs__e1771b0063_word_tolerated_misplaced_uipriority_redline_504be025b7  (elapsed 1483s, eta 2242s)
2026-10-01T06:07:07Z [1143/2868]  39.9%  54.90  tracking_without_comments__21c900e459_q1_sales_summary_table__vs__27e6c1ad4a_quarterly_performance_report_table_2_redline_82bf64f742  (elapsed 1485s, eta 2241s)
2026-10-01T06:07:07Z [1144/2868]  39.9%  59.54  tracking_without_comments__1f3edda551_b07a76af07b3de608cd462a601faaebab9e8b9cf81e6d0c2__vs__97268066a6_b93742a07a47e00b24772b233211dfebeafec708420ee659_redline_fd70bcb5de  (elapsed 1485s, eta 2238s)
2026-10-01T06:07:08Z [1145/2868]  39.9%  40.86  tracking_without_comments__080c4822ff_file_21__vs__24b9811b05_file_22_redline_0bc3e0ae14  (elapsed 1486s, eta 2236s)
2026-10-01T06:07:09Z [1146/2868]  40.0%  53.57  tracking_without_comments__20d2e7d58b_word_tolerated_misplaced_pgsz__vs__e1771b0063_word_tolerated_misplaced_uipriority_redline_e277a2d38f  (elapsed 1488s, eta 2235s)
2026-10-01T06:07:10Z [1147/2868]  40.0%  54.24  tracking_without_comments__22ccb1b200_super_editor__diff_after19_79c6b379__vs__dd6dbfb284_super_editor__diff_after2_fc1e0763_redline_6795141f5a  (elapsed 1488s, eta 2233s)
2026-10-01T06:07:11Z [1148/2868]  40.0%  44.45  tracking_without_comments__22c4e3f83d_b03dd5fd4e_rejected_tracking  (elapsed 1489s, eta 2231s)
2026-10-01T06:07:11Z [1149/2868]  40.1%  54.17  tracking_without_comments__22ccb1b200_super_editor__diff_after19_79c6b379__vs__dd6dbfb284_super_editor__diff_after2_fc1e0763_redline_9c28f44514  (elapsed 1489s, eta 2228s)
2026-10-01T06:07:12Z [1150/2868]  40.1%  40.83  tracking_without_comments__080c4822ff_file_21__vs__24b9811b05_file_22_redline_eea084db55  (elapsed 1490s, eta 2226s)
2026-10-01T06:07:12Z [1151/2868]  40.1%  33.02  tracking_without_comments__2261da4dae_cda3ae3ebc9762a0f1f79fcc41fc2c5b21e21260d47f5b4a__vs__6e765b335d_f3a35d76c9a9598ca26d1205f927770db7ce090f10872e08_redline_337fe29e91  (elapsed 1491s, eta 2224s)
2026-10-01T06:07:13Z [1152/2868]  40.2%  76.92  tracking_without_comments__23fb865598_super_editor__diff_after4_471fa40f__vs__26ce1d6300_super_editor__diff_after5_9fb9d5b4_redline_5e52b54e3b  (elapsed 1491s, eta 2221s)
2026-10-01T06:07:14Z [1153/2868]  40.2%  76.92  tracking_without_comments__23fb865598_super_editor__diff_after4_471fa40f__vs__26ce1d6300_super_editor__diff_after5_9fb9d5b4_redline_9407071817  (elapsed 1492s, eta 2220s)
2026-10-01T06:07:15Z [1154/2868]  40.2%  40.57  tracking_without_comments__24643f4e34_file_154__vs__a94f5abc6f_file_155_redline_efb44b2344  (elapsed 1493s, eta 2218s)
2026-10-01T06:07:16Z [1155/2868]  40.3%  36.63  tracking_without_comments__1fadbb5862_fd105f73a713d413b2adf048113dd7acba62a3d723038c9c__vs__1f913da178_0ee208549f13792565193c49cd6790233f6ded077e9cf827_redline_8ececb9d11  (elapsed 1495s, eta 2217s)
2026-10-01T06:07:18Z [1156/2868]  40.3%  63.04  tracking_without_comments__24bd3ad29d_center_aligned_bold_text_id_paraid_overflow__vs__a98d0a8c12_center_alignment_demo_id_paraid_overflow_2_redline_9cb9af0f50  (elapsed 1496s, eta 2216s)
2026-10-01T06:07:23Z [1157/2868]  40.3%  39.21  tracking_without_comments__23536e24d2_5ddba7ca1e7abc522e338baa1f7afc84bf0051381d8dd6e8__vs__66396a2dff_5cb08eac0fbc63f2dc66c9020486fde76b78b3b56e6cc368_redline_1a6df64b8c  (elapsed 1501s, eta 2220s)
2026-10-01T06:07:24Z [1158/2868]  40.4%  39.31  tracking_without_comments__2330c0054c_csharp_redline  (elapsed 1502s, eta 2219s)
2026-10-01T06:07:30Z [1159/2868]  40.4%  39.36  tracking_without_comments__2490da9c82_jubarte_redline_final  (elapsed 1508s, eta 2224s)
2026-10-01T06:07:35Z [1160/2868]  40.4%  39.70  tracking_without_comments__25140a5f8e_602c1bce3ca4c37bd8dc4e3ef054f6008b4bf9e3059b3818__vs__aed957ae85_49d091a7168950a5dd1ad30e44d1105448ad660469450baa_redline_eaa64a6751  (elapsed 1513s, eta 2228s)
2026-10-01T06:07:41Z [1161/2868]  40.5%  40.49  tracking_without_comments__25ed848ec0_75044418ff56083d58cd273fa0dd2272f8add205d2f52f9f__vs__f99040e107_cd25271e4da94feba51015a01ead22c207c363c7e247b988_redline_96734562d7  (elapsed 1519s, eta 2234s)
2026-10-01T06:07:41Z [1162/2868]  40.5%  40.12  tracking_without_comments__252698e4ea_246f5a1d6059f020824c3b5635741d2d2614efeb6d7ba53c__vs__fa3be61164_1be35f7519c17b6bf1d954855528222e46a1813a939df55e_redline_7cd845f4b0  (elapsed 1520s, eta 2231s)
2026-10-01T06:07:43Z [1163/2868]  40.6%  45.16  tracking_without_comments__25f07e0823_super_editor__sd_1919_word_mixed_33e049ca__vs__159d00085d_super_editor__sd_1919_word_simple_e3a4a818_redline_2d445349d4  (elapsed 1521s, eta 2230s)
2026-10-01T06:07:44Z [1164/2868]  40.6%  45.07  tracking_without_comments__25f07e0823_super_editor__sd_1919_word_mixed_33e049ca__vs__159d00085d_super_editor__sd_1919_word_simple_e3a4a818_redline_2f2d9467bc  (elapsed 1522s, eta 2228s)
2026-10-01T06:07:45Z [1165/2868]  40.6%  58.39  tracking_without_comments__25f07e0823_super_editor__sd_1919_word_mixed_33e049ca__vs__76827c9f6c_super_editor__sd_1480_two_col_index_0138dccc_redline_639abc8bb9  (elapsed 1523s, eta 2227s)
2026-10-01T06:07:46Z [1166/2868]  40.7%  58.39  tracking_without_comments__25f07e0823_super_editor__sd_1919_word_mixed_33e049ca__vs__76827c9f6c_super_editor__sd_1480_two_col_index_0138dccc_redline_7df026e914  (elapsed 1524s, eta 2224s)
2026-10-01T06:07:46Z [1167/2868]  40.7%  43.65  tracking_without_comments__25937ddb49_d45aa3d5fdc962c7ae968e4118ab0f865de156c0d720ac0d__vs__f7988c556b_069252c3fde38e4d9f87c5a8a48590195facf9a409032580_redline_63b66681b7  (elapsed 1524s, eta 2222s)
2026-10-01T06:07:48Z [1168/2868]  40.7%  60.39  tracking_without_comments__26ce1d6300_super_editor__diff_after5_9fb9d5b4__vs__2e41610325_super_editor__diff_after6_5f9799d0_redline_3e3a4c751f  (elapsed 1526s, eta 2221s)
2026-10-01T06:07:48Z [1169/2868]  40.8%  60.39  tracking_without_comments__26ce1d6300_super_editor__diff_after5_9fb9d5b4__vs__2e41610325_super_editor__diff_after6_5f9799d0_redline_71595f1fa3  (elapsed 1526s, eta 2218s)
2026-10-01T06:07:49Z [1170/2868]  40.8%  55.47  tracking_without_comments__277b6145d6_italic_and_underline_combo_style_default_missing__vs__e1201c51d4_italic_subscript_demo_style_default_missing_redline_8899cdac97  (elapsed 1528s, eta 2217s)
2026-10-01T06:07:53Z [1171/2868]  40.8%  33.47  tracking_without_comments__279abea8ce_super_editor__h_f_normal_odd_even_firstpg_9b210d__vs__199cb211b5_super_editor__basic_footnotes_5be96945_redline_48ef0a5cd7  (elapsed 1531s, eta 2219s)
2026-10-01T06:07:54Z [1172/2868]  40.9%  33.41  tracking_without_comments__279abea8ce_super_editor__h_f_normal_odd_even_firstpg_9b210d__vs__199cb211b5_super_editor__basic_footnotes_5be96945_redline_73779e9745  (elapsed 1532s, eta 2218s)
2026-10-01T06:07:58Z [1173/2868]  40.9%  38.07  tracking_without_comments__268e8dc123_dc200f20c1e3dd27eac9a2d1f169b174b2da75ccd8dcfde8__vs__e301ee7e04_eed403fd0cd4aeef5b0d7694bab8cf5e2817d9b1a936dee6_redline_f4c6150dbe  (elapsed 1536s, eta 2220s)
2026-10-01T06:08:01Z [1174/2868]  40.9%  36.19  tracking_without_comments__1edf67e1e5_8f213f720f5776de6384d10633123cb37b9d1f64abde5fe1__vs__8d793b3df9_8389849ea8c3fee8dacbb8135dd4ac68bf50809dba47953b_redline_ec0b7a80fd  (elapsed 1540s, eta 2222s)
2026-10-01T06:08:06Z [1175/2868]  41.0%  36.99  tracking_without_comments__279abea8ce_super_editor__h_f_normal_odd_even_firstpg_9b210d__vs__76827c9f6c_super_editor__sd_1480_two_col_index_0138dccc_redline_9a93480040  (elapsed 1545s, eta 2226s)
2026-10-01T06:08:09Z [1176/2868]  41.0%  36.43  tracking_without_comments__279abea8ce_super_editor__h_f_normal_odd_even_firstpg_9b210d__vs__76827c9f6c_super_editor__sd_1480_two_col_index_0138dccc_redline_c0cbc850a8  (elapsed 1547s, eta 2226s)
2026-10-01T06:08:11Z [1177/2868]  41.0%  56.90  tracking_without_comments__27e6c1ad4a_quarterly_performance_report_table_2__vs__a54f205278_quarterly_performance_report_table_redline_4767c659ef  (elapsed 1550s, eta 2226s)
2026-10-01T06:08:17Z [1178/2868]  41.1%  45.83  tracking_without_comments__286955227d_0134fe85fb88da2accd6637e1c44bdd4f8b7fbb533bd47ba__vs__2e04202552_000e3e7bd2d6215fc7b469cc3e296c1b2a510bc1abc7e0fd_redline_493ef36b4e  (elapsed 1556s, eta 2232s)
2026-10-01T06:08:23Z [1179/2868]  41.1%  38.63  tracking_without_comments__279abea8ce_super_editor__h_f_normal_odd_even_firstpg_9b210d__vs__4b0729d267_super_editor__h_f_normal_odd_even_unchecked_firs_redline_6a38539cc2  (elapsed 1561s, eta 2236s)
2026-10-01T06:08:26Z [1180/2868]  41.1%  36.99  tracking_without_comments__286955227d_0134fe85fb88da2accd6637e1c44bdd4f8b7fbb533bd47ba__vs__5203829c7a_001cc92b88566d5f930fe57f25813c0bf52a7bdc72c217d0_redline_e629604db4  (elapsed 1564s, eta 2237s)
2026-10-01T06:08:26Z [1181/2868]  41.2%  38.63  tracking_without_comments__279abea8ce_super_editor__h_f_normal_odd_even_firstpg_9b210d__vs__4b0729d267_super_editor__h_f_normal_odd_even_unchecked_firs_redline_c4d9f33f93  (elapsed 1564s, eta 2234s)
2026-10-01T06:08:26Z [1182/2868]  41.2%  33.17  tracking_without_comments__27a86eae8a_411f3ec650e0df13d483c9404a707adfa5707f2cedfa47cf__vs__57dbc2463b_5fda2eccd82055b20583fbedb99369e4257f9f7aa8ed0986_redline_cb164cf87a  (elapsed 1565s, eta 2232s)
2026-10-01T06:08:29Z [1183/2868]  41.2%  51.19  tracking_without_comments__2936af4459_super_editor__sd_1480_two_col_tab_positions_0095__vs__0a1badc333_super_editor__missing_sectpr_967a402d_redline_18533edab7  (elapsed 1567s, eta 2233s)
2026-10-01T06:08:30Z [1184/2868]  41.3%  51.06  tracking_without_comments__2936af4459_super_editor__sd_1480_two_col_tab_positions_0095__vs__0a1badc333_super_editor__missing_sectpr_967a402d_redline_543fb8e4a7  (elapsed 1568s, eta 2230s)
2026-10-01T06:08:32Z [1185/2868]  41.3%  37.07  tracking_without_comments__286955227d_0134fe85fb88da2accd6637e1c44bdd4f8b7fbb533bd47ba__vs__bd3824dd1e_000ee64ef7226d353297888f59a251e24ce5d776fea000fa_redline_3a6795d6e4  (elapsed 1570s, eta 2230s)
2026-10-01T06:08:33Z [1186/2868]  41.4%  53.76  tracking_without_comments__2936af4459_super_editor__sd_1480_two_col_tab_positions_0095__vs__1c5bd81def_super_editor__multiple_nodes_in_list_79d915a2_redline_30a9d969c4  (elapsed 1571s, eta 2228s)
2026-10-01T06:08:33Z [1187/2868]  41.4%  53.76  tracking_without_comments__2936af4459_super_editor__sd_1480_two_col_tab_positions_0095__vs__1c5bd81def_super_editor__multiple_nodes_in_list_79d915a2_redline_8a3466d745  (elapsed 1571s, eta 2225s)
2026-10-01T06:08:34Z [1188/2868]  41.4%  40.25  tracking_without_comments__28edf41599_f7d1fb34700e0a929ebd0d75afa681a05584faaa13e059fa__vs__30731b76ac_edbbb194342aa8f4533e356b28cceba2f0631c4b718f7700_redline_05b6ec9d10  (elapsed 1572s, eta 2223s)
2026-10-01T06:08:35Z [1189/2868]  41.5%  49.26  tracking_without_comments__2936af4459_super_editor__sd_1480_two_col_tab_positions_0095__vs__ced58cbf54_super_editor__sd_1494_table_left_indent_03277d35_redline_40173d334a  (elapsed 1573s, eta 2222s)
2026-10-01T06:08:36Z [1190/2868]  41.5%  49.27  tracking_without_comments__2936af4459_super_editor__sd_1480_two_col_tab_positions_0095__vs__ced58cbf54_super_editor__sd_1494_table_left_indent_03277d35_redline_402e22a3f4  (elapsed 1574s, eta 2220s)
2026-10-01T06:08:37Z [1191/2868]  41.5%  68.57  tracking_without_comments__2a69e1ce5c_green_bold_text_demo_id_paraid_overflow__vs__e1f631e28a_green_highlight_demo_id_paraid_overflow_redline_d17d137d38  (elapsed 1576s, eta 2219s)
2026-10-01T06:08:39Z [1192/2868]  41.6%  43.88  tracking_without_comments__29379c07bf_002adf0715eed4d213774c26c60c78624c2a3cbb3d0397d2__vs__5203829c7a_001cc92b88566d5f930fe57f25813c0bf52a7bdc72c217d0_redline_3f1f7e911f  (elapsed 1578s, eta 2218s)
2026-10-01T06:08:40Z [1193/2868]  41.6%  60.73  tracking_without_comments__2a9c68ed33_file_62  (elapsed 1578s, eta 2216s)
2026-10-01T06:08:42Z [1194/2868]  41.6%  66.75  tracking_without_comments__2ad2fc5ab0_super_editor__diff_before10_2f84ca55__vs__432a12b1a9_behavior__word_native_bullet_square_da8bb73c_redline_5baa576488  (elapsed 1580s, eta 2215s)
2026-10-01T06:08:42Z [1195/2868]  41.7%  35.83  tracking_without_comments__29e553325e_66022f5febd2c3e15bd1cb4eb73c046548e4da663f4e5236__vs__e6c6450977_01517928f575736a56608e7fb08681ef5e76cec5129abc38_redline_34d8738ab3  (elapsed 1581s, eta 2213s)
2026-10-01T06:08:42Z [1196/2868]  41.7%  66.75  tracking_without_comments__2ad2fc5ab0_super_editor__diff_before10_2f84ca55__vs__432a12b1a9_behavior__word_native_bullet_square_da8bb73c_redline_5db01c7c4e  (elapsed 1581s, eta 2210s)
2026-10-01T06:08:44Z [1197/2868]  41.7%  60.29  tracking_without_comments__2b267ac531_right_aligned_italic_demo_id_paraid_overflow__vs__133bbfae84_right_alignment_demo_id_paraid_overflow_2_redline_53b5ed59aa  (elapsed 1583s, eta 2209s)
2026-10-01T06:08:46Z [1198/2868]  41.8%  39.59  tracking_without_comments__2ad8d15e88_00e901c5aa86bd93002ce801375c57e44c2c78a0e5b308d3__vs__5203829c7a_001cc92b88566d5f930fe57f25813c0bf52a7bdc72c217d0_redline_f14ce3f749  (elapsed 1585s, eta 2209s)
2026-10-01T06:08:47Z [1199/2868]  41.8%  42.21  tracking_without_comments__1d2b8dc6ee_92170677438db54aa8a8f98174fe909b1098525f5f7e0bf8__vs__4f9dff0369_f827f1ca71b26a05479d43827a69fdb35f5acd1185196bdb_redline_4c39e7ce4f  (elapsed 1585s, eta 2206s)
2026-10-01T06:08:48Z [1200/2868]  41.8%  40.54  tracking_without_comments__2ad8d15e88_00e901c5aa86bd93002ce801375c57e44c2c78a0e5b308d3__vs__bd3824dd1e_000ee64ef7226d353297888f59a251e24ce5d776fea000fa_redline_6287ad2d7a  (elapsed 1586s, eta 2205s)
2026-10-01T06:08:48Z [1201/2868]  41.9%  40.29  tracking_without_comments__2b4475cba6_0021f639e5dbf6c217c8d81a7ac3374624ff9901a5d4b200__vs__2773adf157_0004c94ca2a8684d47449bb0e7abf87de1df71a7e6543252_redline_3e7067f872  (elapsed 1587s, eta 2202s)
2026-10-01T06:08:51Z [1202/2868]  41.9%  48.24  tracking_without_comments__2b4475cba6_0021f639e5dbf6c217c8d81a7ac3374624ff9901a5d4b200__vs__2e04202552_000e3e7bd2d6215fc7b469cc3e296c1b2a510bc1abc7e0fd_redline_20f31d3886  (elapsed 1590s, eta 2203s)
2026-10-01T06:08:52Z [1203/2868]  41.9%  42.82  tracking_without_comments__2b4475cba6_0021f639e5dbf6c217c8d81a7ac3374624ff9901a5d4b200__vs__333bfe069a_003416d620331122b93b434dad901db5836f60d2cad4b533_redline_ab4013404e  (elapsed 1591s, eta 2201s)
2026-10-01T06:08:56Z [1204/2868]  42.0%  39.96  tracking_without_comments__2b4475cba6_0021f639e5dbf6c217c8d81a7ac3374624ff9901a5d4b200__vs__5203829c7a_001cc92b88566d5f930fe57f25813c0bf52a7bdc72c217d0_redline_f5c6518079  (elapsed 1594s, eta 2203s)
2026-10-01T06:09:01Z [1205/2868]  42.0%  57.56  tracking_without_comments__2b4475cba6_0021f639e5dbf6c217c8d81a7ac3374624ff9901a5d4b200__vs__aa5340125d_00a4b0b91e9b5b072dc3771391c2d608518690eccf44eae8_redline_030c72af8f  (elapsed 1599s, eta 2207s)
2026-10-01T06:09:01Z [1206/2868]  42.1%  41.26  tracking_without_comments__2a7aebb7ce_1118d92e486cd8c59e3b10ec9f28ef9188ec989b1120da52__vs__196c44dfba_2663487136794495a0c6c3b7f67609c690cfe18469576cbb_redline_766a042194  (elapsed 1599s, eta 2204s)
2026-10-01T06:09:02Z [1207/2868]  42.1%  49.07  tracking_without_comments__2b4475cba6_0021f639e5dbf6c217c8d81a7ac3374624ff9901a5d4b200__vs__342f364d46_001342333d45627868f4dc5282abbba4598a91b4a7584b08_redline_04b7d19a3a  (elapsed 1600s, eta 2202s)
2026-10-01T06:09:03Z [1208/2868]  42.1%  43.56  tracking_without_comments__2b4475cba6_0021f639e5dbf6c217c8d81a7ac3374624ff9901a5d4b200__vs__bd3824dd1e_000ee64ef7226d353297888f59a251e24ce5d776fea000fa_redline_f1e8654a15  (elapsed 1601s, eta 2201s)
2026-10-01T06:09:04Z [1209/2868]  42.2%  55.37  tracking_without_comments__2ba392cdd2_super_editor__broken_list_missing_items_36b4199e__vs__1c5bd81def_super_editor__multiple_nodes_in_list_79d915a2_redline_b88ba7adc8  (elapsed 1602s, eta 2198s)
2026-10-01T06:09:04Z [1210/2868]  42.2%  55.37  tracking_without_comments__2ba392cdd2_super_editor__broken_list_missing_items_36b4199e__vs__1c5bd81def_super_editor__multiple_nodes_in_list_79d915a2_redline_f2a013c9ac  (elapsed 1603s, eta 2196s)
2026-10-01T06:09:05Z [1211/2868]  42.2%  38.40  tracking_without_comments__24b9811b05_file_22__vs__7226967373_file_23_redline_2fe0dc77f9  (elapsed 1604s, eta 2194s)
2026-10-01T06:09:06Z [1212/2868]  42.3%  49.48  tracking_without_comments__2ba392cdd2_super_editor__broken_list_missing_items_36b4199e__vs__97b2e714de_super_editor__broken_list_7e9b9bf7_redline_443c2cc494  (elapsed 1604s, eta 2192s)
2026-10-01T06:09:06Z [1213/2868]  42.3%  49.48  tracking_without_comments__2ba392cdd2_super_editor__broken_list_missing_items_36b4199e__vs__97b2e714de_super_editor__broken_list_7e9b9bf7_redline_4bb03a8081  (elapsed 1605s, eta 2190s)
2026-10-01T06:09:07Z [1214/2868]  42.3%  41.52  tracking_without_comments__2b4475cba6_0021f639e5dbf6c217c8d81a7ac3374624ff9901a5d4b200__vs__deff0e697a_00b5defcad6e58038eac35472a2d48c89905068e5ece0cc3_redline_7688090a37  (elapsed 1605s, eta 2187s)
2026-10-01T06:09:07Z [1215/2868]  42.4%  62.70  tracking_without_comments__2ba392cdd2_super_editor__broken_list_missing_items_36b4199e__vs__ca44eef662_super_editor__list_spacer1_06383c66_redline_47595e5631  (elapsed 1606s, eta 2185s)
2026-10-01T06:09:08Z [1216/2868]  42.4%  62.70  tracking_without_comments__2ba392cdd2_super_editor__broken_list_missing_items_36b4199e__vs__ca44eef662_super_editor__list_spacer1_06383c66_redline_5664488bfe  (elapsed 1606s, eta 2182s)
2026-10-01T06:09:08Z [1217/2868]  42.4%  38.36  tracking_without_comments__24b9811b05_file_22__vs__7226967373_file_23_redline_af4266d0f3  (elapsed 1606s, eta 2179s)
2026-10-01T06:09:09Z [1218/2868]  42.5%  38.45  tracking_without_comments__2c0c942234_super_editor__sd_2766_pirates_tracked_changes_32__vs__ced58cbf54_super_editor__sd_1494_table_left_indent_03277d35_redline_737a91c72f  (elapsed 1608s, eta 2178s)
2026-10-01T06:09:10Z [1219/2868]  42.5%  58.35  tracking_without_comments__2b4475cba6_0021f639e5dbf6c217c8d81a7ac3374624ff9901a5d4b200__vs__a5f2b9318d_002aa60c2ae1187417b4b157c5ec6450324cc056ec551a12_redline_3572ffed4a  (elapsed 1608s, eta 2175s)
2026-10-01T06:09:10Z [1220/2868]  42.5%  44.55  tracking_without_comments__2c0c942234_super_editor__sd_2766_pirates_tracked_changes_32  (elapsed 1608s, eta 2173s)
2026-10-01T06:09:13Z [1221/2868]  42.6%  36.01  tracking_without_comments__2b731c913c_501debf5c8863bc05111d2e058dae1e2f2e5d000e1340ee0__vs__f1372ad5b6_c8d1d38a8fcbfbeaae0f7f8cec424b65c5560a31b286edd6_redline_b338de1957  (elapsed 1611s, eta 2173s)
2026-10-01T06:09:15Z [1222/2868]  42.6%  43.58  tracking_without_comments__2c0c942234_super_editor__sd_2766_pirates_tracked_changes_32__vs__aa940255be_behavior__sd_2343_table_border_widths_b5148e83_redline_28d97cb1f1  (elapsed 1613s, eta 2172s)
2026-10-01T06:09:16Z [1223/2868]  42.6%  56.10  tracking_without_comments__2dc3e97d2a_super_editor__hyperlink_node_52b7695b__vs__c620f64d24_super_editor__hyperlink_node_internal_1c0232f9_redline_4d6413f64d  (elapsed 1615s, eta 2172s)
2026-10-01T06:09:17Z [1224/2868]  42.7%  37.96  tracking_without_comments__2da1da401d_3e30939b715361e07ea9407c76f254c9dfcc59a573f1356c__vs__ee0625e375_6f3ad371fbfbf4100274c3bb82610b82f93109ac4d264c8b_redline_0d5f72ea14  (elapsed 1615s, eta 2169s)
2026-10-01T06:09:17Z [1225/2868]  42.7%  55.35  tracking_without_comments__2dc3e97d2a_super_editor__hyperlink_node_52b7695b__vs__7c31a68295_behavior__pageref_standalone_h_7b3ab72e_redline_09e156c52d  (elapsed 1615s, eta 2167s)
2026-10-01T06:09:18Z [1226/2868]  42.7%  56.10  tracking_without_comments__2dc3e97d2a_super_editor__hyperlink_node_52b7695b__vs__c620f64d24_super_editor__hyperlink_node_internal_1c0232f9_redline_c7c568d51e  (elapsed 1616s, eta 2165s)
2026-10-01T06:09:19Z [1227/2868]  42.8%  56.75  tracking_without_comments__2e41610325_super_editor__diff_after6_5f9799d0__vs__3cf3093270_super_editor__diff_after7_b998213e_redline_e325b37463  (elapsed 1617s, eta 2162s)
2026-10-01T06:09:19Z [1228/2868]  42.8%  56.55  tracking_without_comments__2e41610325_super_editor__diff_after6_5f9799d0__vs__3cf3093270_super_editor__diff_after7_b998213e_redline_faada41e46  (elapsed 1617s, eta 2160s)
2026-10-01T06:09:20Z [1229/2868]  42.9%  55.40  tracking_without_comments__2dc3e97d2a_super_editor__hyperlink_node_52b7695b__vs__7c31a68295_behavior__pageref_standalone_h_7b3ab72e_redline_cb6bcf6c40  (elapsed 1618s, eta 2158s)
2026-10-01T06:09:20Z [1230/2868]  42.9%  59.01  tracking_without_comments__2efebc9bc3_blue_underline_combo_demo_id_paraid_overflow__vs__48cd1e0a53_bold_and_italic_combo_style_default_missing_redline_3443f468cd  (elapsed 1619s, eta 2155s)
2026-10-01T06:09:23Z [1231/2868]  42.9%  75.69  tracking_without_comments__2f23773d63_super_editor__pagination_blank_2a98ed7a__vs__bd7b6b2bd0_super_editor__pagination_with_hard_break_8ce8c15_redline_238c08ded5  (elapsed 1622s, eta 2156s)
2026-10-01T06:09:23Z [1232/2868]  43.0%  39.99  tracking_without_comments__2da026a400_2d048ff116f39f2f4d89ebc621a016d97e5fa61696dc4172__vs__5c93efd4e5_04a0ee2c71dffb920ca495151043e732d3cd072da4854ed8_redline_b13a27e36d  (elapsed 1622s, eta 2154s)
2026-10-01T06:09:24Z [1233/2868]  43.0%  43.08  tracking_without_comments__2ea88428ca_7ece54f361890e07bdbf1ba957b63914dafc2c6275f4e9fd__vs__6a2e8e695e_f24eedb542c15e32a5003e6ce0e79482109c11ec150238c6_redline_2b28501b9c  (elapsed 1623s, eta 2152s)
2026-10-01T06:09:25Z [1234/2868]  43.0%  55.06  tracking_without_comments__2f6102d8be_file_162  (elapsed 1623s, eta 2150s)
2026-10-01T06:09:26Z [1235/2868]  43.1%  35.38  tracking_without_comments__2ce3abf26a_82efe379b8e2b818c7b2a33e3295e432b10b2a7d50ede1ca__vs__bea42ffae5_5624d661e4bda36d9214ddeb372b10ad0011475f8136f54f_redline_61a4627b2c  (elapsed 1624s, eta 2148s)
2026-10-01T06:09:27Z [1236/2868]  43.1%  75.70  tracking_without_comments__2f23773d63_super_editor__pagination_blank_2a98ed7a__vs__bd7b6b2bd0_super_editor__pagination_with_hard_break_8ce8c15_redline_4067da2661  (elapsed 1625s, eta 2146s)
2026-10-01T06:09:27Z [1237/2868]  43.1%  63.58  tracking_without_comments__301e302820_super_editor__basic_page_nums_d5b08fc3__vs__9332d3001f_super_editor__sdpr_titleonly_b0796676_redline_d7c2cc04c6  (elapsed 1625s, eta 2143s)
2026-10-01T06:09:28Z [1238/2868]  43.2%  63.60  tracking_without_comments__301e302820_super_editor__basic_page_nums_d5b08fc3__vs__9332d3001f_super_editor__sdpr_titleonly_b0796676_redline_d9dfadd84b  (elapsed 1626s, eta 2141s)
2026-10-01T06:09:28Z [1239/2868]  43.2%  50.51  tracking_without_comments__301e302820_super_editor__basic_page_nums_d5b08fc3__vs__df3c3e7c40_behavior__math_func_tests_0434dd11_redline_4fac1ecf86  (elapsed 1627s, eta 2139s)
2026-10-01T06:09:29Z [1240/2868]  43.2%  63.99  tracking_without_comments__2f76e1dd32_8644055513_rejected_tracking  (elapsed 1627s, eta 2136s)
2026-10-01T06:09:29Z [1241/2868]  43.3%  50.51  tracking_without_comments__301e302820_super_editor__basic_page_nums_d5b08fc3__vs__df3c3e7c40_behavior__math_func_tests_0434dd11_redline_60cfc15a78  (elapsed 1627s, eta 2133s)
2026-10-01T06:09:29Z [1242/2868]  43.3%  45.67  tracking_without_comments__301e302820_super_editor__basic_page_nums_d5b08fc3__vs__e3d152989b_behavior__math_eqarr_tests_40a1adb0_redline_10a8ec9bee  (elapsed 1628s, eta 2131s)
2026-10-01T06:09:30Z [1243/2868]  43.3%  45.67  tracking_without_comments__301e302820_super_editor__basic_page_nums_d5b08fc3__vs__e3d152989b_behavior__math_eqarr_tests_40a1adb0_redline_956c9153a8  (elapsed 1628s, eta 2129s)
2026-10-01T06:09:30Z [1244/2868]  43.4%  57.67  tracking_without_comments__301e302820_super_editor__basic_page_nums_d5b08fc3__vs__ef1e1c68e9_super_editor__basic_paragraph_1774f4e4_redline_dbdf0f687c  (elapsed 1629s, eta 2126s)
2026-10-01T06:09:31Z [1245/2868]  43.4%  57.67  tracking_without_comments__301e302820_super_editor__basic_page_nums_d5b08fc3__vs__ef1e1c68e9_super_editor__basic_paragraph_1774f4e4_redline_ff88b0ab54  (elapsed 1629s, eta 2123s)
2026-10-01T06:09:31Z [1246/2868]  43.4%  46.58  clean__9666fa13fb_a3701d3600ed5bf6c9bf13e12e4c2a59542eba10f87fad69  (elapsed 1629s, eta 2121s)
2026-10-01T06:09:32Z [1247/2868]  43.5%  52.77  tracking_without_comments__30e84496e2_bullet_list_bold_demo_id_paraid_overflow__vs__9d3fa84f9f_bullet_list_demo_id_paraid_overflow_redline_f04d15f6f0  (elapsed 1630s, eta 2119s)
2026-10-01T06:09:32Z [1248/2868]  43.5%  51.12  tracking_without_comments__310c03f39c_super_editor__complexexport1_69441ab1__vs__c498e8c52c_super_editor__contract_acc_bbd983a0_redline_113c57f4a8  (elapsed 1630s, eta 2116s)
2026-10-01T06:09:33Z [1249/2868]  43.5%  51.13  tracking_without_comments__310c03f39c_super_editor__complexexport1_69441ab1__vs__c498e8c52c_super_editor__contract_acc_bbd983a0_redline_9df88ffcf2  (elapsed 1631s, eta 2114s)
2026-10-01T06:09:34Z [1250/2868]  43.6%  61.72  tracking_without_comments__3126703962_track_changes_editing_bullet_id_paraid_overflow__vs__9610bc363d_track_changes_editing_strikethrough_id_paraid_ov_redline_f5996b5ea7  (elapsed 1632s, eta 2113s)
2026-10-01T06:09:35Z [1251/2868]  43.6%  61.39  tracking_without_comments__316da9cc94_subscript_demo_id_paraid_overflow__vs__b39182a410_subscript_demo_style_default_missing_redline_559330663a  (elapsed 1633s, eta 2111s)
2026-10-01T06:09:37Z [1252/2868]  43.7%  61.82  tracking_without_comments__33e7d339be_font_color_demo_style_default_missing__vs__b4b7c76ecd_font_family_demo_id_paraid_overflow_redline_d19d1a6989  (elapsed 1635s, eta 2111s)
2026-10-01T06:09:39Z [1253/2868]  43.7%  40.06  tracking_without_comments__31133aaba3_3bf3b3c4c703e23c69d1f84fccc96b8467b579ad203cb2f9__vs__ddd6e21622_30f0bf4a68aa6d8ae2b2874d1f43fc766b3e4307b673b77e_redline_a752aefea3  (elapsed 1638s, eta 2111s)
2026-10-01T06:09:41Z [1254/2868]  43.7%  34.14  tracking_without_comments__306288b670_3da80363e6a77b56bc4ded7ad9716da9fe9c2533ccad8022__vs__b8aef329df_126fe265c043fbd4a6659d9997e0267cf0648e56da6004f0_redline_8be0329c00  (elapsed 1640s, eta 2110s)
2026-10-01T06:09:47Z [1255/2868]  43.8%  38.09  tracking_without_comments__34ed7ebd0f_227afe23857a4ab9a224864c35859a646d77964f0091d286__vs__8540241422_1a8b2f10c75536052e991733f8d68e4e56ad2bac943b4fdf_redline_7ee9ae5c62  (elapsed 1645s, eta 2114s)
2026-10-01T06:09:50Z [1256/2868]  43.8%  46.27  tracking_without_comments__36c5050fba_super_editor__list_with_indents_efc7d4f5__vs__5aa178b931_super_editor__lists_sub_paragraph_31ff3fed_redline_558a7af34c  (elapsed 1648s, eta 2115s)
2026-10-01T06:09:50Z [1257/2868]  43.8%  45.59  tracking_without_comments__35ce9aa3cc_00515f13495e5bf0867b319b035d4a83c7904b55056c38f8__vs__aa5340125d_00a4b0b91e9b5b072dc3771391c2d608518690eccf44eae8_redline_25a7bc54c6  (elapsed 1648s, eta 2113s)
2026-10-01T06:09:52Z [1258/2868]  43.9%  46.29  tracking_without_comments__36c5050fba_super_editor__list_with_indents_efc7d4f5__vs__5aa178b931_super_editor__lists_sub_paragraph_31ff3fed_redline_b9e68e187e  (elapsed 1651s, eta 2113s)
2026-10-01T06:09:53Z [1259/2868]  43.9%  53.28  tracking_without_comments__36c5050fba_super_editor__list_with_indents_efc7d4f5__vs__a21c45464c_super_editor__shape_group_ce60e1e6_redline_4264f1fbe3  (elapsed 1652s, eta 2111s)
2026-10-01T06:09:54Z [1260/2868]  43.9%  72.52  tracking_without_comments__2f23773d63_super_editor__pagination_blank_2a98ed7a__vs__9586202517_super_editor__two_column_two_page_0b8a37c5_redline_4d7ccddfdc  (elapsed 1652s, eta 2108s)
2026-10-01T06:09:55Z [1261/2868]  44.0%  72.38  tracking_without_comments__2f23773d63_super_editor__pagination_blank_2a98ed7a__vs__9586202517_super_editor__two_column_two_page_0b8a37c5_redline_f7a3d7493d  (elapsed 1653s, eta 2106s)
2026-10-01T06:09:56Z [1262/2868]  44.0%  62.98  tracking_without_comments__36c5050fba_super_editor__list_with_indents_efc7d4f5__vs__a21c45464c_super_editor__shape_group_ce60e1e6_redline_97b4c2de49  (elapsed 1654s, eta 2105s)
2026-10-01T06:09:56Z [1263/2868]  44.0%  44.96  tracking_without_comments__36c5050fba_super_editor__list_with_indents_efc7d4f5__vs__d0281643d2_super_editor__hello_docx_world_12f11074_redline_5b4a8e06a2  (elapsed 1654s, eta 2102s)
2026-10-01T06:09:57Z [1264/2868]  44.1%  44.97  tracking_without_comments__36c5050fba_super_editor__list_with_indents_efc7d4f5__vs__d0281643d2_super_editor__hello_docx_world_12f11074_redline_f9ec352ab5  (elapsed 1655s, eta 2100s)
2026-10-01T06:09:57Z [1265/2868]  44.1%  59.80  tracking_without_comments__36fbd8c734_sales_report_january_2026_suggesting_insertions  (elapsed 1655s, eta 2098s)
2026-10-01T06:10:01Z [1266/2868]  44.1%  33.04  tracking_without_comments__3755bf5762_0000a3a991f56b6660c630eb426231a3b4ec31e40313aab9__vs__2773adf157_0004c94ca2a8684d47449bb0e7abf87de1df71a7e6543252_redline_fec6305982  (elapsed 1660s, eta 2100s)
2026-10-01T06:10:05Z [1267/2868]  44.2%  35.76  tracking_without_comments__3755bf5762_0000a3a991f56b6660c630eb426231a3b4ec31e40313aab9__vs__333bfe069a_003416d620331122b93b434dad901db5836f60d2cad4b533_redline_5050355ef6  (elapsed 1663s, eta 2101s)
2026-10-01T06:10:08Z [1268/2868]  44.2%  34.03  tracking_without_comments__3755bf5762_0000a3a991f56b6660c630eb426231a3b4ec31e40313aab9__vs__5203829c7a_001cc92b88566d5f930fe57f25813c0bf52a7bdc72c217d0_redline_30e7502764  (elapsed 1667s, eta 2103s)
2026-10-01T06:10:12Z [1269/2868]  44.2%  39.72  tracking_without_comments__3755bf5762_0000a3a991f56b6660c630eb426231a3b4ec31e40313aab9__vs__2e04202552_000e3e7bd2d6215fc7b469cc3e296c1b2a510bc1abc7e0fd_redline_aae2a313fa  (elapsed 1671s, eta 2105s)
2026-10-01T06:10:21Z [1270/2868]  44.3%  48.58  tracking_without_comments__3755bf5762_0000a3a991f56b6660c630eb426231a3b4ec31e40313aab9__vs__aa5340125d_00a4b0b91e9b5b072dc3771391c2d608518690eccf44eae8_redline_ca002ef9ee  (elapsed 1679s, eta 2113s)
2026-10-01T06:10:26Z [1271/2868]  44.3%  40.40  tracking_without_comments__3755bf5762_0000a3a991f56b6660c630eb426231a3b4ec31e40313aab9__vs__bd3824dd1e_000ee64ef7226d353297888f59a251e24ce5d776fea000fa_redline_8707a2c3e0  (elapsed 1684s, eta 2116s)
2026-10-01T06:10:27Z [1272/2868]  44.4%  49.62  tracking_without_comments__3755bf5762_0000a3a991f56b6660c630eb426231a3b4ec31e40313aab9__vs__a5f2b9318d_002aa60c2ae1187417b4b157c5ec6450324cc056ec551a12_redline_4d125fae2f  (elapsed 1685s, eta 2114s)
2026-10-01T06:10:28Z [1273/2868]  44.4%  67.42  tracking_without_comments__37f61a9c26_super_editor__tab_test_576c8317__vs__3cf3093270_super_editor__diff_after7_b998213e_redline_7178e9ad57  (elapsed 1687s, eta 2113s)
2026-10-01T06:10:29Z [1274/2868]  44.4%  37.81  tracking_without_comments__3755bf5762_0000a3a991f56b6660c630eb426231a3b4ec31e40313aab9__vs__deff0e697a_00b5defcad6e58038eac35472a2d48c89905068e5ece0cc3_redline_660f17646d  (elapsed 1687s, eta 2111s)
2026-10-01T06:10:29Z [1275/2868]  44.5%  67.81  tracking_without_comments__37f61a9c26_super_editor__tab_test_576c8317__vs__3cf3093270_super_editor__diff_after7_b998213e_redline_a719101ecb  (elapsed 1688s, eta 2108s)
2026-10-01T06:10:33Z [1276/2868]  44.5%  47.39  tracking_without_comments__37f61a9c26_super_editor__tab_test_576c8317__vs__a5903a7c15_super_editor__pci_table_dc840852_redline_b479ee1415  (elapsed 1691s, eta 2110s)
2026-10-01T06:10:33Z [1277/2868]  44.5%  41.14  tracking_without_comments__3755bf5762_0000a3a991f56b6660c630eb426231a3b4ec31e40313aab9__vs__342f364d46_001342333d45627868f4dc5282abbba4598a91b4a7584b08_redline_a4972d3476  (elapsed 1691s, eta 2107s)
2026-10-01T06:10:36Z [1278/2868]  44.6%  46.03  tracking_without_comments__37f61a9c26_super_editor__tab_test_576c8317__vs__a5903a7c15_super_editor__pci_table_dc840852_redline_5b45a4008a  (elapsed 1695s, eta 2108s)
2026-10-01T06:10:39Z [1279/2868]  44.6%  66.32  tracking_without_comments__1068eb5017_793c14bc1529c16f30ac69b82ca152f39f534a1a3f3f90e4  (elapsed 1697s, eta 2108s)
2026-10-01T06:10:45Z [1280/2868]  44.6%  34.21  tracking_without_comments__38694026fb_0003b3ae2b115676d918e72f694790ddb64563721bb4a48d__vs__5203829c7a_001cc92b88566d5f930fe57f25813c0bf52a7bdc72c217d0_redline_a7ee4976dd  (elapsed 1703s, eta 2113s)
2026-10-01T06:10:56Z [1281/2868]  44.7%  45.69  tracking_without_comments__38694026fb_0003b3ae2b115676d918e72f694790ddb64563721bb4a48d__vs__342f364d46_001342333d45627868f4dc5282abbba4598a91b4a7584b08_redline_a622521bf9  (elapsed 1714s, eta 2124s)
2026-10-01T06:10:56Z [1282/2868]  44.7%  41.83  tracking_without_comments__31665191de_a7444d0b8fef75bcdddc03eb540d379d9556f19492f0234b__vs__1a3573b864_bb917ba095edcd48f3cec46016b853f8906c245660277c45_redline_a8b96f68bd  (elapsed 1714s, eta 2121s)
2026-10-01T06:10:58Z [1283/2868]  44.7%  39.55  tracking_without_comments__38366ba69f_c32c6fb391053c84ab8c99cfea00c8c488560d9ac89c61fe__vs__ea93aecce5_8d45df263debb6a32a3b999fce17c9dcbac55f6bf500108d_redline_6a1f8b9ee6  (elapsed 1717s, eta 2121s)
2026-10-01T06:11:00Z [1284/2868]  44.8%  47.38  tracking_without_comments__39b73c977c_title_style_demo_style_default_missing__vs__3126703962_track_changes_editing_bullet_id_paraid_overflow_redline_818b3f47c8  (elapsed 1718s, eta 2120s)
2026-10-01T06:11:02Z [1285/2868]  44.8%  34.37  tracking_without_comments__25e6d4b508_e8dba015e1110e4266d9be9e2d3d0fe5fc700e6e8fc3a2c8__vs__385dba78fe_dab9001fa1a6592e746f2874f49bfb83036add21c90c2534_redline_5173498bab  (elapsed 1720s, eta 2119s)
2026-10-01T06:11:02Z [1286/2868]  44.8%  49.79  tracking_without_comments__39c570fef3_546a6e0c15_rejected_tracking  (elapsed 1721s, eta 2117s)
2026-10-01T06:11:05Z [1287/2868]  44.9%  54.24  tracking_without_comments__3a9525749b_heading_2_style_demo_id_paraid_overflow__vs__b2adbcc147_heading_3_center_italic_id_paraid_overflow_redline_fcf5829a2e  (elapsed 1723s, eta 2117s)
2026-10-01T06:11:07Z [1288/2868]  44.9%  46.23  tracking_without_comments__39b59f5a84_4bd68827071993e9ef15259288fc0bd69cd2649b06000e19__vs__e2727b0828_371ddf84970d73bf320cc7ae92d9214c7ebc92bff083a63f_redline_6126dd867e  (elapsed 1725s, eta 2116s)
2026-10-01T06:11:08Z [1289/2868]  44.9%  42.13  tracking_without_comments__38a1ef5bb6_7a88868c1f29765358247c7848ee3a0c61fe71106fbea68b__vs__f82761a5e5_220ce310386931394e50f26e221c47d9126154a54847a9c4_redline_43e644b1ca  (elapsed 1727s, eta 2115s)
2026-10-01T06:11:10Z [1290/2868]  45.0%  66.04  tracking_without_comments__3ad13eed3d_evals__document_9bff7e1b__vs__36c5050fba_super_editor__list_with_indents_efc7d4f5_redline_30b249c952  (elapsed 1728s, eta 2114s)
2026-10-01T06:11:11Z [1291/2868]  45.0%  65.79  tracking_without_comments__3ad13eed3d_evals__document_9bff7e1b__vs__36c5050fba_super_editor__list_with_indents_efc7d4f5_redline_dc53bd08e0  (elapsed 1729s, eta 2113s)
2026-10-01T06:11:12Z [1292/2868]  45.0%  47.41  tracking_without_comments__3acdeac275_df07344201b2e66cf9240d031d4d557ff431584640d8b6e2__vs__9c1bf5f235_e8ae4e9f3b84c0245227948ea7906659c244ca4bf1ac5b96_redline_f0b602dce0  (elapsed 1730s, eta 2110s)
2026-10-01T06:11:14Z [1293/2868]  45.1%  46.56  tracking_without_comments__3ad13eed3d_evals__document_9bff7e1b__vs__9e4a01de0a_evals__employment_offer_4cf5a872_redline_1989b1497b  (elapsed 1733s, eta 2111s)
2026-10-01T06:11:16Z [1294/2868]  45.1%  46.55  tracking_without_comments__3ad13eed3d_evals__document_9bff7e1b__vs__9e4a01de0a_evals__employment_offer_4cf5a872_redline_f8b737f4d7  (elapsed 1734s, eta 2109s)
2026-10-01T06:11:16Z [1295/2868]  45.2%  37.99  tracking_without_comments__350b1ae68d_009a28e68eaecf1c8b456f889410ff6d221b1d0cd42b0ccf__vs__260b98f6e8_009d432b6045c2a03c19d5019e9c7fc3a6cc23e485c61e6b_redline_d0e7a08bbd  (elapsed 1734s, eta 2107s)
2026-10-01T06:11:18Z [1296/2868]  45.2%  71.68  tracking_without_comments__3b639ef236_super_editor__sdpr_8cc15994  (elapsed 1736s, eta 2106s)
2026-10-01T06:11:18Z [1297/2868]  45.2%  57.10  tracking_without_comments__3b258165d3_c0cedbcb4c_accepted_tracking  (elapsed 1736s, eta 2103s)
2026-10-01T06:11:19Z [1298/2868]  45.3%  38.23  tracking_without_comments__2ca2d3ab7b_file_22__vs__da0d11d072_file_23_redline_e1a794efce  (elapsed 1737s, eta 2101s)
2026-10-01T06:11:24Z [1299/2868]  45.3%  27.27  tracking_without_comments__3bfcb371e2_00003fff80a444ad2f706c74f3c0d9fbef00d7a99ba0c105__vs__2773adf157_0004c94ca2a8684d47449bb0e7abf87de1df71a7e6543252_redline_8fff070a61  (elapsed 1742s, eta 2104s)
2026-10-01T06:11:25Z [1300/2868]  45.3%  47.69  tracking_without_comments__3bfcb371e2_00003fff80a444ad2f706c74f3c0d9fbef00d7a99ba0c105__vs__2e04202552_000e3e7bd2d6215fc7b469cc3e296c1b2a510bc1abc7e0fd_redline_875b3fba58  (elapsed 1744s, eta 2103s)
2026-10-01T06:11:27Z [1301/2868]  45.4%  35.47  tracking_without_comments__3138fff3a6_a3023a2f84b5991c012aed0f0b05148b46c895a6909bc58b__vs__cfda171ad5_b6c5d22966c78c331541bedc08ce5c5a3e9d7cb713112201_redline_f46119e54c  (elapsed 1745s, eta 2102s)
2026-10-01T06:11:30Z [1302/2868]  45.4%  27.98  tracking_without_comments__3bfcb371e2_00003fff80a444ad2f706c74f3c0d9fbef00d7a99ba0c105__vs__5203829c7a_001cc92b88566d5f930fe57f25813c0bf52a7bdc72c217d0_redline_1b64829cd7  (elapsed 1748s, eta 2103s)
2026-10-01T06:11:31Z [1303/2868]  45.4%  37.77  tracking_without_comments__3c1e5d4d00_00b540ddc1a1fef3ab9acae5b93ca90e9fcef840e25d53cd__vs__5203829c7a_001cc92b88566d5f930fe57f25813c0bf52a7bdc72c217d0_redline_b1b9a24a0a  (elapsed 1749s, eta 2101s)
2026-10-01T06:11:32Z [1304/2868]  45.5%  28.80  tracking_without_comments__3bfcb371e2_00003fff80a444ad2f706c74f3c0d9fbef00d7a99ba0c105__vs__bd3824dd1e_000ee64ef7226d353297888f59a251e24ce5d776fea000fa_redline_92e0f36a56  (elapsed 1750s, eta 2099s)
2026-10-01T06:11:32Z [1305/2868]  45.5%  27.11  tracking_without_comments__3bfcb371e2_00003fff80a444ad2f706c74f3c0d9fbef00d7a99ba0c105__vs__333bfe069a_003416d620331122b93b434dad901db5836f60d2cad4b533_redline_23c28907ad  (elapsed 1750s, eta 2096s)
2026-10-01T06:11:34Z [1306/2868]  45.5%  71.16  tracking_without_comments__3d8acd6139_super_editor__restart_numbering_sub_list_85ddcb7__vs__76827c9f6c_super_editor__sd_1480_two_col_index_0138dccc_redline_a2ccdc3c91  (elapsed 1752s, eta 2096s)
2026-10-01T06:11:36Z [1307/2868]  45.6%  71.76  tracking_without_comments__3d8acd6139_super_editor__restart_numbering_sub_list_85ddcb7__vs__76827c9f6c_super_editor__sd_1480_two_col_index_0138dccc_redline_afbbc2af9f  (elapsed 1754s, eta 2095s)
2026-10-01T06:11:37Z [1308/2868]  45.6%  50.01  tracking_without_comments__3c3938fe49_b42b3ae070_accepted_tracking  (elapsed 1755s, eta 2093s)
2026-10-01T06:11:37Z [1309/2868]  45.6%  62.74  tracking_without_comments__3d8acd6139_super_editor__restart_numbering_sub_list_85ddcb7__vs__f49b3b0ec2_super_editor__sd_1919_word_table_74726d6c_redline_944074982f  (elapsed 1755s, eta 2091s)
2026-10-01T06:11:39Z [1310/2868]  45.7%  62.78  tracking_without_comments__3d8acd6139_super_editor__restart_numbering_sub_list_85ddcb7__vs__f49b3b0ec2_super_editor__sd_1919_word_table_74726d6c_redline_f64874524e  (elapsed 1757s, eta 2090s)
2026-10-01T06:11:41Z [1311/2868]  45.7%  67.36  tracking_without_comments__3e33de961a_red_bold_text_demo_id_paraid_overflow__vs__635dfded4d_red_heading_demo_id_paraid_overflow_redline_0d5b51332e  (elapsed 1760s, eta 2090s)
2026-10-01T06:11:44Z [1312/2868]  45.7%  40.34  tracking_without_comments__3e50084c2e_super_editor__diff_after16_2a48697a__vs__22ccb1b200_super_editor__diff_after19_79c6b379_redline_039adb34f0  (elapsed 1762s, eta 2090s)
2026-10-01T06:11:47Z [1313/2868]  45.8%  40.30  tracking_without_comments__3e50084c2e_super_editor__diff_after16_2a48697a__vs__22ccb1b200_super_editor__diff_after19_79c6b379_redline_f77bce8423  (elapsed 1765s, eta 2091s)
2026-10-01T06:11:49Z [1314/2868]  45.8%  41.45  tracking_without_comments__3d9b31338f_evals__memorandum_258c774a__vs__f89ff5989b_evals__nda_7f304918_redline_77c80eb692  (elapsed 1767s, eta 2090s)
2026-10-01T06:11:50Z [1315/2868]  45.9%  36.54  tracking_without_comments__3a0f2e4a57_686a44fc5e12011c0e142a5e575c11eca2bead716e4f8740__vs__2c330b89a3_d4228664ebb9b9b04720a87693cb29ef235beeff19f7baca_redline_a9ee2a2ea7  (elapsed 1768s, eta 2088s)
2026-10-01T06:11:50Z [1316/2868]  45.9%  46.27  tracking_without_comments__3c1e5d4d00_00b540ddc1a1fef3ab9acae5b93ca90e9fcef840e25d53cd__vs__342f364d46_001342333d45627868f4dc5282abbba4598a91b4a7584b08_redline_19fabd4927  (elapsed 1768s, eta 2085s)
2026-10-01T06:11:51Z [1317/2868]  45.9%  41.50  tracking_without_comments__3d9b31338f_evals__memorandum_258c774a__vs__f89ff5989b_evals__nda_7f304918_redline_28cc200bf7  (elapsed 1769s, eta 2083s)
2026-10-01T06:11:51Z [1318/2868]  46.0%  50.37  tracking_without_comments__3e50084c2e_super_editor__diff_after16_2a48697a__vs__d6a1c42901_super_editor__diff_before16_f518c031_redline_5c295497c7  (elapsed 1769s, eta 2081s)
2026-10-01T06:11:52Z [1319/2868]  46.0%  50.37  tracking_without_comments__3e50084c2e_super_editor__diff_after16_2a48697a__vs__d6a1c42901_super_editor__diff_before16_f518c031_redline_c9d3b0b659  (elapsed 1770s, eta 2079s)
2026-10-01T06:11:55Z [1320/2868]  46.0%  41.00  tracking_without_comments__3ee2d0ceda_00026ef6a227eca724d9cd35f12e3065557a9ef0dc7ee295__vs__5203829c7a_001cc92b88566d5f930fe57f25813c0bf52a7bdc72c217d0_redline_42a3eff631  (elapsed 1773s, eta 2079s)
2026-10-01T06:11:56Z [1321/2868]  46.1%  39.36  tracking_without_comments__3f96a7ac81_80122bb2a76402060fc993788f57535ec2ab4f433a1bdda1__vs__1c7613f27c_858e0b906671516712d44243643f864adc6ec82ae1dbb09a_redline_e05a60bda3  (elapsed 1774s, eta 2078s)
2026-10-01T06:11:57Z [1322/2868]  46.1%  53.05  tracking_without_comments__3faf9e000d_super_editor__text_color_highlight_36cb4c90__vs__cdf27ad0d3_behavior__sd_2672_nested_table_dfac08bb_redline_008043410c  (elapsed 1775s, eta 2076s)
2026-10-01T06:11:58Z [1323/2868]  46.1%  53.04  tracking_without_comments__3faf9e000d_super_editor__text_color_highlight_36cb4c90__vs__cdf27ad0d3_behavior__sd_2672_nested_table_dfac08bb_redline_b7cdd4dae5  (elapsed 1776s, eta 2074s)
2026-10-01T06:11:58Z [1324/2868]  46.2%  39.39  tracking_without_comments__3ee2d0ceda_00026ef6a227eca724d9cd35f12e3065557a9ef0dc7ee295__vs__bd3824dd1e_000ee64ef7226d353297888f59a251e24ce5d776fea000fa_redline_c2b781afeb  (elapsed 1776s, eta 2071s)
2026-10-01T06:11:59Z [1325/2868]  46.2%  67.32  tracking_without_comments__3fc14675e5_italic_text_formatting_demo_id_paraid_overflow_2__vs__f26a5e4940_italic_text_formatting_demo_id_paraid_overflow_redline_9ee09a2c11  (elapsed 1777s, eta 2069s)
2026-10-01T06:12:00Z [1326/2868]  46.2%  69.06  tracking_without_comments__4173c2bb01_open_sans_font_demo_id_paraid_overflow_2__vs__c706120413_open_sans_font_demo_id_paraid_overflow_redline_0aebeacf24  (elapsed 1778s, eta 2068s)
2026-10-01T06:12:02Z [1327/2868]  46.3%  37.68  tracking_without_comments__3fcd92b87b_30ff840c5280c4e754b1d6998d936bd6ae03c4cafe1dd5c9__vs__536a1741f1_2877e96980f074938031572843306e6da8158dd87dafec3e_redline_251aa16cd3  (elapsed 1780s, eta 2067s)
2026-10-01T06:12:02Z [1328/2868]  46.3%  69.96  tracking_without_comments__420a528aa0_super_editor__instrtext_angled_brackets_bug_ed56__vs__178804f5ce_super_editor__invalid_list_def_fallback_d7f55451_redline_073a441771  (elapsed 1780s, eta 2064s)
2026-10-01T06:12:04Z [1329/2868]  46.3%  69.98  tracking_without_comments__420a528aa0_super_editor__instrtext_angled_brackets_bug_ed56__vs__178804f5ce_super_editor__invalid_list_def_fallback_d7f55451_redline_e7611ac8ac  (elapsed 1782s, eta 2064s)
2026-10-01T06:12:04Z [1330/2868]  46.4%  39.98  tracking_without_comments__3c47f1b463_8dcbefa6e9bcf0c292392ca7fda1d9f2260ea724f9ad5f98__vs__f400cafcba_6565bfe1c9b7b19a2feedc7c358db69a32ed064149f2920f_redline_b00e0b4340  (elapsed 1782s, eta 2061s)
2026-10-01T06:12:04Z [1331/2868]  46.4%  58.96  tracking_without_comments__420a528aa0_super_editor__instrtext_angled_brackets_bug_ed56__vs__501bf3d47b_super_editor__table_merged_cells_9c349334_redline_bc49514ad1  (elapsed 1782s, eta 2058s)
2026-10-01T06:12:06Z [1332/2868]  46.4%  58.97  tracking_without_comments__420a528aa0_super_editor__instrtext_angled_brackets_bug_ed56__vs__501bf3d47b_super_editor__table_merged_cells_9c349334_redline_e0c606fa10  (elapsed 1784s, eta 2057s)
2026-10-01T06:12:12Z [1333/2868]  46.5%  36.31  tracking_without_comments__42aeddc7ba_5cbfcd93ef1cfd753fa58f2dff70795b728c7227b7009556__vs__6d7a0f164f_4626df7285217bef86655a468798b451c827f24df7caec50_redline_3f74e8a0d4  (elapsed 1791s, eta 2062s)
2026-10-01T06:12:17Z [1334/2868]  46.5%  37.82  tracking_without_comments__3faf9e000d_super_editor__text_color_highlight_36cb4c90__vs__4b0729d267_super_editor__h_f_normal_odd_even_unchecked_firs_redline_c882131b50  (elapsed 1795s, eta 2064s)
2026-10-01T06:12:17Z [1335/2868]  46.5%  45.65  tracking_without_comments__42148810f2_72f824a7073c6729f8afd678daf0b9ee8944bd63b5bcdc87__vs__04ef47843d_97f0305382b8fac1dbea2e986a3e4d69c8406c398b9fb53a_redline_bc902c8157  (elapsed 1796s, eta 2062s)
2026-10-01T06:12:18Z [1336/2868]  46.6%  43.79  tracking_without_comments__3c23561bae_515fa05a5d7bbfdbc24a5352b1ccbd38cdc9cfd5cc2a91ec__vs__c721a969e2_457a1c824fa3968daede24f5ff81297201c62e364c155929_redline_4fe6c6b8eb  (elapsed 1796s, eta 2060s)
2026-10-01T06:12:19Z [1337/2868]  46.6%  37.84  tracking_without_comments__3faf9e000d_super_editor__text_color_highlight_36cb4c90__vs__4b0729d267_super_editor__h_f_normal_odd_even_unchecked_firs_redline_6218266659  (elapsed 1797s, eta 2058s)
2026-10-01T06:12:24Z [1338/2868]  46.7%  38.69  tracking_without_comments__432bf1c280_010684299d3c5523897eb69efb8c1c743c0a7623137d64fe__vs__2773adf157_0004c94ca2a8684d47449bb0e7abf87de1df71a7e6543252_redline_982694165a  (elapsed 1802s, eta 2060s)
2026-10-01T06:12:30Z [1339/2868]  46.7%  45.86  tracking_without_comments__432bf1c280_010684299d3c5523897eb69efb8c1c743c0a7623137d64fe__vs__2e04202552_000e3e7bd2d6215fc7b469cc3e296c1b2a510bc1abc7e0fd_redline_a0e558b0b9  (elapsed 1808s, eta 2065s)
2026-10-01T06:12:33Z [1340/2868]  46.7%  38.78  tracking_without_comments__432bf1c280_010684299d3c5523897eb69efb8c1c743c0a7623137d64fe__vs__333bfe069a_003416d620331122b93b434dad901db5836f60d2cad4b533_redline_be5af1ebf5  (elapsed 1811s, eta 2065s)
2026-10-01T06:12:35Z [1341/2868]  46.8%  60.83  tracking_without_comments__436055d33f_super_editor__diff_before6_7c6912cb__vs__43dd6753e6_super_editor__diff_before7_5bad2542_redline_15bbf99e99  (elapsed 1813s, eta 2065s)
2026-10-01T06:12:37Z [1342/2868]  46.8%  44.99  tracking_without_comments__3936a8fe56_45311d41d4a17fbedfe93a538b930e88fa0a63ff0d6ff9cc__vs__39d62be386_142e45828f53d67b780459e79d542d852b1692c83fcf6600_redline_51b9726cdf  (elapsed 1815s, eta 2064s)
2026-10-01T06:12:37Z [1343/2868]  46.8%  60.77  tracking_without_comments__436055d33f_super_editor__diff_before6_7c6912cb__vs__43dd6753e6_super_editor__diff_before7_5bad2542_redline_1c1fd5736f  (elapsed 1815s, eta 2061s)
2026-10-01T06:12:39Z [1344/2868]  46.9%  73.47  tracking_without_comments__438e423482_track_changes_suggesting_italic_id_paraid_overfl__vs__9f56ca58a1_track_changes_suggesting_title_id_paraid_overflo_redline_860adc1e61  (elapsed 1818s, eta 2061s)
2026-10-01T06:12:40Z [1345/2868]  46.9%  38.94  tracking_without_comments__432bf1c280_010684299d3c5523897eb69efb8c1c743c0a7623137d64fe__vs__5203829c7a_001cc92b88566d5f930fe57f25813c0bf52a7bdc72c217d0_redline_259117826d  (elapsed 1819s, eta 2059s)
2026-10-01T06:12:41Z [1346/2868]  46.9%  40.34  tracking_without_comments__432bf1c280_010684299d3c5523897eb69efb8c1c743c0a7623137d64fe__vs__bd3824dd1e_000ee64ef7226d353297888f59a251e24ce5d776fea000fa_redline_6167071c5d  (elapsed 1819s, eta 2057s)
2026-10-01T06:12:43Z [1347/2868]  47.0%  40.80  tracking_without_comments__44f83e9351_word_tolerated_misplaced_uipriority__vs__43432ba9ab_word_tolerated_orphan_comment_redline_6a25d00879  (elapsed 1822s, eta 2057s)
2026-10-01T06:12:45Z [1348/2868]  47.0%  38.30  tracking_without_comments__432bf1c280_010684299d3c5523897eb69efb8c1c743c0a7623137d64fe__vs__deff0e697a_00b5defcad6e58038eac35472a2d48c89905068e5ece0cc3_redline_ea3098283c  (elapsed 1823s, eta 2056s)
2026-10-01T06:12:49Z [1349/2868]  47.0%  44.29  tracking_without_comments__432bf1c280_010684299d3c5523897eb69efb8c1c743c0a7623137d64fe__vs__342f364d46_001342333d45627868f4dc5282abbba4598a91b4a7584b08_redline_435d2c2474  (elapsed 1827s, eta 2057s)
2026-10-01T06:12:50Z [1350/2868]  47.1%  48.01  tracking_without_comments__3823aefaec_3d1b6f42b5c8b56ade1c4448828b9b64c6c046b1e7bda606  (elapsed 1829s, eta 2056s)
2026-10-01T06:12:50Z [1351/2868]  47.1%  45.32  tracking_without_comments__43801e6982_file_187__vs__020244dc00_file_188_redline_c48c01d665  (elapsed 1829s, eta 2053s)
2026-10-01T06:12:51Z [1352/2868]  47.1%  51.50  tracking_without_comments__45e6f5a2e1_00077bf334f45f6bc64fb5b73e579587002b3ccb55de03f8__vs__1424386e9b_017447de83753a0e3b7afc659df038ef56972925336c6a5b_redline_ad45442559  (elapsed 1829s, eta 2051s)
2026-10-01T06:12:53Z [1353/2868]  47.2%  39.28  tracking_without_comments__45e6f5a2e1_00077bf334f45f6bc64fb5b73e579587002b3ccb55de03f8__vs__5203829c7a_001cc92b88566d5f930fe57f25813c0bf52a7bdc72c217d0_redline_3ede38be2a  (elapsed 1831s, eta 2050s)
2026-10-01T06:12:55Z [1354/2868]  47.2%  68.70  tracking_without_comments__45f61cfd4f_super_editor__sd_1495_auto_page_break_2_f0f3bf0e__vs__9c1fb4747e_super_editor__sd_1495_auto_page_break_854a2dd9_redline_3d7a870506  (elapsed 1833s, eta 2050s)
2026-10-01T06:12:55Z [1355/2868]  47.2%  68.04  tracking_without_comments__45f61cfd4f_super_editor__sd_1495_auto_page_break_2_f0f3bf0e__vs__9c1fb4747e_super_editor__sd_1495_auto_page_break_854a2dd9_redline_a185cbd134  (elapsed 1833s, eta 2047s)
2026-10-01T06:12:57Z [1356/2868]  47.3%  45.63  tracking_without_comments__45e6f5a2e1_00077bf334f45f6bc64fb5b73e579587002b3ccb55de03f8__vs__bd3824dd1e_000ee64ef7226d353297888f59a251e24ce5d776fea000fa_redline_885fcb55ac  (elapsed 1835s, eta 2046s)
2026-10-01T06:12:57Z [1357/2868]  47.3%  47.16  tracking_without_comments__4640e71ddd_0062ef190840d69d26aa6ecec30a8cb25f8e1506cee20dac__vs__2773adf157_0004c94ca2a8684d47449bb0e7abf87de1df71a7e6543252_redline_8f1e9d4179  (elapsed 1836s, eta 2044s)
2026-10-01T06:12:58Z [1358/2868]  47.4%  53.90  tracking_without_comments__45e6f5a2e1_00077bf334f45f6bc64fb5b73e579587002b3ccb55de03f8__vs__342f364d46_001342333d45627868f4dc5282abbba4598a91b4a7584b08_redline_d244fd1091  (elapsed 1837s, eta 2042s)
2026-10-01T06:12:59Z [1359/2868]  47.4%  41.57  tracking_without_comments__45eb809d00_64d05c8af4_rejected_tracking  (elapsed 1837s, eta 2040s)
2026-10-01T06:12:59Z [1360/2868]  47.4%  48.93  tracking_without_comments__4640e71ddd_0062ef190840d69d26aa6ecec30a8cb25f8e1506cee20dac__vs__2e04202552_000e3e7bd2d6215fc7b469cc3e296c1b2a510bc1abc7e0fd_redline_cb9583377c  (elapsed 1838s, eta 2038s)
2026-10-01T06:13:00Z [1361/2868]  47.5%  45.44  tracking_without_comments__4640e71ddd_0062ef190840d69d26aa6ecec30a8cb25f8e1506cee20dac__vs__333bfe069a_003416d620331122b93b434dad901db5836f60d2cad4b533_redline_c40f3cc643  (elapsed 1838s, eta 2035s)
2026-10-01T06:13:03Z [1362/2868]  47.5%  36.95  tracking_without_comments__4640e71ddd_0062ef190840d69d26aa6ecec30a8cb25f8e1506cee20dac__vs__5203829c7a_001cc92b88566d5f930fe57f25813c0bf52a7bdc72c217d0_redline_e0af18fb3d  (elapsed 1841s, eta 2036s)
2026-10-01T06:13:06Z [1363/2868]  47.5%  48.27  tracking_without_comments__4640e71ddd_0062ef190840d69d26aa6ecec30a8cb25f8e1506cee20dac__vs__aa5340125d_00a4b0b91e9b5b072dc3771391c2d608518690eccf44eae8_redline_ea55c722de  (elapsed 1844s, eta 2036s)
2026-10-01T06:13:07Z [1364/2868]  47.6%  46.13  tracking_without_comments__4640e71ddd_0062ef190840d69d26aa6ecec30a8cb25f8e1506cee20dac__vs__deff0e697a_00b5defcad6e58038eac35472a2d48c89905068e5ece0cc3_redline_7d3cfc66f7  (elapsed 1845s, eta 2035s)
2026-10-01T06:13:08Z [1365/2868]  47.6%  55.36  tracking_without_comments__47400ffd33_file_127  (elapsed 1847s, eta 2033s)
2026-10-01T06:13:09Z [1366/2868]  47.6%  43.27  tracking_without_comments__4640e71ddd_0062ef190840d69d26aa6ecec30a8cb25f8e1506cee20dac__vs__bd3824dd1e_000ee64ef7226d353297888f59a251e24ce5d776fea000fa_redline_a09aa89f13  (elapsed 1848s, eta 2032s)
2026-10-01T06:13:10Z [1367/2868]  47.7%  28.92  tracking_without_comments__46f47ccfe2_46fc5c182dca5262909ec84931a23338aefc1f1032ee0de6__vs__3a4df93535_3e1b81ef00b0a49ef402f6df4476f80e2b7028a1d287dfab_redline_a5c1f5bb71  (elapsed 1849s, eta 2030s)
2026-10-01T06:13:11Z [1368/2868]  47.7%  51.13  tracking_without_comments__4640e71ddd_0062ef190840d69d26aa6ecec30a8cb25f8e1506cee20dac__vs__342f364d46_001342333d45627868f4dc5282abbba4598a91b4a7584b08_redline_c486f3a829  (elapsed 1849s, eta 2027s)
2026-10-01T06:13:16Z [1369/2868]  47.7%  36.78  tracking_without_comments__457baf0679_jubarte_redline_nomove  (elapsed 1855s, eta 2031s)
2026-10-01T06:13:17Z [1370/2868]  47.8%  36.67  tracking_without_comments__4257f96bae_8fa61235b84a03e7820a3368b0a43ef1158024839c31cd3d__vs__3ec493ae9c_b83182c2d0b99fc8edbfb0dde85e393ed1e718749e059ec7_redline_f28992f568  (elapsed 1855s, eta 2029s)
2026-10-01T06:13:18Z [1371/2868]  47.8%  55.07  tracking_without_comments__474e622071_b4cd671041_accepted_tracking  (elapsed 1856s, eta 2027s)
2026-10-01T06:13:19Z [1372/2868]  47.8%  44.56  tracking_without_comments__4858c9853b_behavior__multi_image_types_b962a2b8__vs__7c31a68295_behavior__pageref_standalone_h_7b3ab72e_redline_9683765ab1  (elapsed 1858s, eta 2026s)
2026-10-01T06:13:19Z [1373/2868]  47.9%  44.54  tracking_without_comments__4858c9853b_behavior__multi_image_types_b962a2b8__vs__7c31a68295_behavior__pageref_standalone_h_7b3ab72e_redline_7f222bb103  (elapsed 1858s, eta 2023s)
2026-10-01T06:13:20Z [1374/2868]  47.9%  69.73  tracking_without_comments__48cd1e0a53_bold_and_italic_combo_style_default_missing__vs__187c1cd53e_bold_and_underline_combo_id_paraid_overflow_redline_adb78cb375  (elapsed 1858s, eta 2021s)
2026-10-01T06:13:20Z [1375/2868]  47.9%  63.81  tracking_without_comments__4640e71ddd_0062ef190840d69d26aa6ecec30a8cb25f8e1506cee20dac__vs__a5f2b9318d_002aa60c2ae1187417b4b157c5ec6450324cc056ec551a12_redline_daa4804467  (elapsed 1859s, eta 2018s)
2026-10-01T06:13:21Z [1376/2868]  48.0%  55.49  tracking_without_comments__491a257507_blue_bold_centered_demo_id_paraid_overflow__vs__da68abdf72_blue_centered_title_demo_style_default_missing_redline_3b9982e41f  (elapsed 1859s, eta 2016s)
2026-10-01T06:13:21Z [1377/2868]  48.0%  52.35  tracking_without_comments__498a050671_super_editor__custom_list1_77f82bd7__vs__4ba01802a7_super_editor__diff_after_10f1912e_redline_b29b698adb  (elapsed 1860s, eta 2014s)
2026-10-01T06:13:22Z [1378/2868]  48.0%  52.37  tracking_without_comments__498a050671_super_editor__custom_list1_77f82bd7__vs__4ba01802a7_super_editor__diff_after_10f1912e_redline_f555f644c2  (elapsed 1860s, eta 2011s)
2026-10-01T06:13:23Z [1379/2868]  48.1%  72.40  tracking_without_comments__4a25467800_8836f9bbdb_accepted_tracking  (elapsed 1861s, eta 2010s)
2026-10-01T06:13:24Z [1380/2868]  48.1%  56.70  tracking_without_comments__4ad775158b_bold_red_text_combo_id_paraid_overflow__vs__02c9605488_bold_superscript_demo_style_default_missing_redline_b543295140  (elapsed 1862s, eta 2008s)
2026-10-01T06:13:30Z [1381/2868]  48.2%  38.31  tracking_without_comments__49ea29382c_487c8ccdd0615414a847a9a6e66d26233de016c93a0cac0a__vs__baed832328_142b3c1f29abaa279fa981caccfef5fa9e1136c2c29b165c_redline_c3e69fcfe2  (elapsed 1869s, eta 2012s)
2026-10-01T06:13:30Z [1382/2868]  48.2%  39.36  tracking_without_comments__498e14e303_8aea36343507f94f9994f88eb8ec5304fe3d1bb44f06ad18__vs__d0526e27df_954534e6294cf67d9d64531e60871cdc380db5356d8d86ee_redline_b9355f7ec3  (elapsed 1869s, eta 2009s)
2026-10-01T06:13:33Z [1383/2868]  48.2%  34.00  tracking_without_comments__4868e18c2f_c4542a55b93e25d28e0dd2bcb4c344ea08a5296e16a3d8af__vs__dda66f2e20_13d11814aee9627b5817928625ff9990ebbcf1c7b664091f_redline_86652e3619  (elapsed 1871s, eta 2009s)
2026-10-01T06:13:35Z [1384/2868]  48.3%  39.97  tracking_without_comments__4ade5f9207_009df71a7ecb41f9da0135915e2e4d68176e296ff69c9af0__vs__333bfe069a_003416d620331122b93b434dad901db5836f60d2cad4b533_redline_2630e08da9  (elapsed 1873s, eta 2009s)
2026-10-01T06:13:39Z [1385/2868]  48.3%  43.09  tracking_without_comments__40ac206d09_574391833ed2592c3c7602a1392772629c80f5d9b8c61bd3  (elapsed 1877s, eta 2010s)
2026-10-01T06:13:40Z [1386/2868]  48.3%  41.47  tracking_without_comments__4b0729d267_super_editor__h_f_normal_odd_even_unchecked_firs__vs__9c1fb4747e_super_editor__sd_1495_auto_page_break_854a2dd9_redline_0b5ecec9d6  (elapsed 1878s, eta 2008s)
2026-10-01T06:13:41Z [1387/2868]  48.4%  48.25  clean__e448c8d465_9d3fc36405a3bcc0229f94b29cd91574878336de0992543d  (elapsed 1879s, eta 2006s)
2026-10-01T06:13:42Z [1388/2868]  48.4%  58.98  tracking_without_comments__4b97a33168_risk_assessment_product_launch_suggesting_insert  (elapsed 1881s, eta 2005s)
2026-10-01T06:13:42Z [1389/2868]  48.4%  41.32  tracking_without_comments__4b0729d267_super_editor__h_f_normal_odd_even_unchecked_firs__vs__9c1fb4747e_super_editor__sd_1495_auto_page_break_854a2dd9_redline_eeaf40d635  (elapsed 1881s, eta 2003s)
2026-10-01T06:13:43Z [1390/2868]  48.5%  37.67  tracking_without_comments__476dd8129a_a73aaf75c471a01c06be8a6d359813363129ce98f8961862__vs__d5147a7eac_a4f0c024045d58724784304ee89c0fe1e16361f322d279b2_redline_a1848c2b50  (elapsed 1881s, eta 2000s)
2026-10-01T06:13:43Z [1391/2868]  48.5%  39.42  tracking_without_comments__4ade5f9207_009df71a7ecb41f9da0135915e2e4d68176e296ff69c9af0__vs__5203829c7a_001cc92b88566d5f930fe57f25813c0bf52a7bdc72c217d0_redline_6b69ef5b77  (elapsed 1881s, eta 1998s)
2026-10-01T06:13:45Z [1392/2868]  48.5%  45.32  tracking_without_comments__4ba01802a7_super_editor__diff_after_10f1912e__vs__42d59beb40_super_editor__diff_after10_ac257741_redline_1282fd98dc  (elapsed 1883s, eta 1996s)
2026-10-01T06:13:45Z [1393/2868]  48.6%  45.23  tracking_without_comments__4ba01802a7_super_editor__diff_after_10f1912e__vs__42d59beb40_super_editor__diff_after10_ac257741_redline_c53c99a402  (elapsed 1883s, eta 1994s)
2026-10-01T06:13:47Z [1394/2868]  48.6%  47.38  tracking_without_comments__4ba01802a7_super_editor__diff_after_10f1912e__vs__98bc895b4b_super_editor__listwithspacernodes_cf53e890_redline_0ace7bbff2  (elapsed 1885s, eta 1993s)
2026-10-01T06:13:47Z [1395/2868]  48.6%  45.91  tracking_without_comments__4ba01802a7_super_editor__diff_after_10f1912e__vs__c498e8c52c_super_editor__contract_acc_bbd983a0_redline_362913bbc7  (elapsed 1885s, eta 1991s)
2026-10-01T06:13:48Z [1396/2868]  48.7%  45.77  tracking_without_comments__4ba01802a7_super_editor__diff_after_10f1912e__vs__c498e8c52c_super_editor__contract_acc_bbd983a0_redline_3c8263d2fa  (elapsed 1886s, eta 1989s)
2026-10-01T06:13:48Z [1397/2868]  48.7%  47.47  tracking_without_comments__4ba01802a7_super_editor__diff_after_10f1912e__vs__98bc895b4b_super_editor__listwithspacernodes_cf53e890_redline_1a9607929b  (elapsed 1886s, eta 1986s)
2026-10-01T06:13:48Z [1398/2868]  48.7%  39.89  tracking_without_comments__4ade5f9207_009df71a7ecb41f9da0135915e2e4d68176e296ff69c9af0__vs__bd3824dd1e_000ee64ef7226d353297888f59a251e24ce5d776fea000fa_redline_599789f1d9  (elapsed 1887s, eta 1984s)
2026-10-01T06:13:49Z [1399/2868]  48.8%  52.41  tracking_without_comments__4c0d04c85d_book_catalog_id_paraid_overflow__vs__7cab5fbdbe_book_catalog_table_redline_93784adf25  (elapsed 1888s, eta 1982s)
2026-10-01T06:13:50Z [1400/2868]  48.8%  68.61  tracking_without_comments__4cb1926093_behavior__sd_1960_word_replacement_no_comments_1  (elapsed 1888s, eta 1980s)
2026-10-01T06:13:51Z [1401/2868]  48.8%  55.16  tracking_without_comments__4c4f8515c5_title_style_centered_demo_id_paraid_overflow__vs__f8f9857e80_title_style_demo_id_paraid_overflow_redline_3bb3312335  (elapsed 1889s, eta 1978s)
2026-10-01T06:13:51Z [1402/2868]  48.9%  84.69  tracking_without_comments__4cb1926093_behavior__sd_1960_word_replacement_no_comments_1__vs__16100cd46d_behavior__sd_2323_image_resize_test_2b8a201a_redline_db9f3507a3  (elapsed 1889s, eta 1976s)
2026-10-01T06:13:52Z [1403/2868]  48.9%  60.20  tracking_without_comments__4cdaacc7df_823e29543e_rejected_tracking  (elapsed 1890s, eta 1974s)
2026-10-01T06:13:52Z [1404/2868]  49.0%  56.78  tracking_without_comments__4d1070e14c_strikethrough_text_formatting_demo_id_paraid_ove__vs__316da9cc94_subscript_demo_id_paraid_overflow_redline_7944fb7d31  (elapsed 1891s, eta 1972s)
2026-10-01T06:13:53Z [1405/2868]  49.0%  37.89  tracking_without_comments__476ab12079_e5c04599c47237de235c238feb7a4e6e006cc7ff15ecc70a__vs__01d8d30dcd_64a215ef9dd6ba45700f8bae07a22142ee74112b569d3e88_redline_3bc1b275af  (elapsed 1891s, eta 1969s)
2026-10-01T06:13:53Z [1406/2868]  49.0%  58.16  tracking_without_comments__4d46d744be_7f437ab2c3_accepted_tracking  (elapsed 1891s, eta 1966s)
2026-10-01T06:13:55Z [1407/2868]  49.1%  63.00  tracking_without_comments__4dff3f0ab2_heading_1_bold_demo_id_paraid_overflow__vs__045a9b188d_heading_1_style_demo_id_paraid_overflow_redline_96417ebe02  (elapsed 1893s, eta 1965s)
2026-10-01T06:13:55Z [1408/2868]  49.1%  42.11  tracking_without_comments__4db02133f5_0007ed60dbbc648e714534360ae72dd054c8322b82ac5609__vs__5203829c7a_001cc92b88566d5f930fe57f25813c0bf52a7bdc72c217d0_redline_91c71f47ae  (elapsed 1893s, eta 1963s)
2026-10-01T06:13:58Z [1409/2868]  49.1%  46.16  tracking_without_comments__4db02133f5_0007ed60dbbc648e714534360ae72dd054c8322b82ac5609__vs__bd3824dd1e_000ee64ef7226d353297888f59a251e24ce5d776fea000fa_redline_f7b0b075cd  (elapsed 1896s, eta 1963s)
2026-10-01T06:13:59Z [1410/2868]  49.2%  36.26  tracking_without_comments__4ed1b6d133_0020e4099d611a050ed83fb7e0b16d6f48200018bbb1e757__vs__5203829c7a_001cc92b88566d5f930fe57f25813c0bf52a7bdc72c217d0_redline_ffe1939713  (elapsed 1898s, eta 1962s)
2026-10-01T06:14:01Z [1411/2868]  49.2%  45.67  tracking_without_comments__4edcbf241a_behavior__math_groupchr_tests_4a4970fc__vs__d6a1c42901_super_editor__diff_before16_f518c031_redline_110e5d9ce1  (elapsed 1899s, eta 1961s)
2026-10-01T06:14:02Z [1412/2868]  49.2%  39.13  tracking_without_comments__4c3999a0d9_2f1e47b67f38e08aa66f8c6667e88dac17cc31f5e32ce219__vs__6a0425f294_35e46f6ecb40163d6866a0374791aa3680f314adcf860db0_redline_db0f90defc  (elapsed 1900s, eta 1959s)
2026-10-01T06:14:02Z [1413/2868]  49.3%  45.68  tracking_without_comments__4edcbf241a_behavior__math_groupchr_tests_4a4970fc__vs__d6a1c42901_super_editor__diff_before16_f518c031_redline_d22973c8f1  (elapsed 1900s, eta 1957s)
2026-10-01T06:14:02Z [1414/2868]  49.3%  45.11  tracking_without_comments__4ed1b6d133_0020e4099d611a050ed83fb7e0b16d6f48200018bbb1e757__vs__bd3824dd1e_000ee64ef7226d353297888f59a251e24ce5d776fea000fa_redline_e1f1792974  (elapsed 1900s, eta 1954s)
2026-10-01T06:14:05Z [1415/2868]  49.3%  45.84  tracking_without_comments__4edcbf241a_behavior__math_groupchr_tests_4a4970fc__vs__f7ece685ff_behavior__math_limit_tests_6dc07867_redline_3e47bc2c89  (elapsed 1903s, eta 1954s)
2026-10-01T06:14:05Z [1416/2868]  49.4%  38.64  tracking_without_comments__4b0729d267_super_editor__h_f_normal_odd_even_unchecked_firs__vs__b992bfc6eb_super_editor__h_f_normal_odd_even_b572e46d_redline_be248670ce  (elapsed 1904s, eta 1952s)
2026-10-01T06:14:06Z [1417/2868]  49.4%  38.64  tracking_without_comments__4b0729d267_super_editor__h_f_normal_odd_even_unchecked_firs__vs__b992bfc6eb_super_editor__h_f_normal_odd_even_b572e46d_redline_825fb37837  (elapsed 1904s, eta 1950s)
2026-10-01T06:14:06Z [1418/2868]  49.4%  45.78  tracking_without_comments__4edcbf241a_behavior__math_groupchr_tests_4a4970fc__vs__f7ece685ff_behavior__math_limit_tests_6dc07867_redline_6a6e297101  (elapsed 1905s, eta 1948s)
2026-10-01T06:14:08Z [1419/2868]  49.5%  47.33  tracking_without_comments__501bf3d47b_super_editor__table_merged_cells_9c349334__vs__ab064d6482_super_editor__table_width_issue_20b01504_redline_5245c92a2c  (elapsed 1906s, eta 1947s)
2026-10-01T06:14:09Z [1420/2868]  49.5%  47.36  tracking_without_comments__501bf3d47b_super_editor__table_merged_cells_9c349334__vs__ab064d6482_super_editor__table_width_issue_20b01504_redline_cfb3908b65  (elapsed 1907s, eta 1945s)
2026-10-01T06:14:10Z [1421/2868]  49.5%  61.69  tracking_without_comments__516ae5b317_justified_underline_demo_id_paraid_overflow__vs__bebfc19fe0_justify_alignment_demo_id_paraid_overflow_2_redline_e1df09500c  (elapsed 1909s, eta 1944s)
2026-10-01T06:14:12Z [1422/2868]  49.6%  39.06  tracking_without_comments__509174cb00_4dc2a0dc7286438f40da0bcc0be31afe83621d0fc6576159__vs__66b7b15a1a_59f8c04d24a6261ab1c0180bb39999080b97ef992e658302_redline_15c82f6344  (elapsed 1910s, eta 1942s)
2026-10-01T06:14:13Z [1423/2868]  49.6%  47.20  tracking_without_comments__4ed1b6d133_0020e4099d611a050ed83fb7e0b16d6f48200018bbb1e757__vs__342f364d46_001342333d45627868f4dc5282abbba4598a91b4a7584b08_redline_6d0354470e  (elapsed 1911s, eta 1940s)
2026-10-01T06:14:14Z [1424/2868]  49.7%  48.53  tracking_without_comments__4edcbf241a_behavior__math_groupchr_tests_4a4970fc__vs__fe11d14f44_behavior__sd_2447_toc_tab_alignment_8319c14c_redline_1563488eea  (elapsed 1912s, eta 1939s)
2026-10-01T06:14:15Z [1425/2868]  49.7%  48.58  tracking_without_comments__4edcbf241a_behavior__math_groupchr_tests_4a4970fc__vs__fe11d14f44_behavior__sd_2447_toc_tab_alignment_8319c14c_redline_0b30494579  (elapsed 1913s, eta 1937s)
2026-10-01T06:14:23Z [1426/2868]  49.7%  32.53  tracking_without_comments__52220b20c3_00a54bff7e15af78fe7cfc20219c28cb208fde807bd28d44__vs__2773adf157_0004c94ca2a8684d47449bb0e7abf87de1df71a7e6543252_redline_b799eadbeb  (elapsed 1921s, eta 1942s)
2026-10-01T06:14:23Z [1427/2868]  49.8%  34.26  tracking_without_comments__52220b20c3_00a54bff7e15af78fe7cfc20219c28cb208fde807bd28d44__vs__1424386e9b_017447de83753a0e3b7afc659df038ef56972925336c6a5b_redline_d6b6d403cc  (elapsed 1921s, eta 1940s)
2026-10-01T06:14:24Z [1428/2868]  49.8%  34.92  tracking_without_comments__521bb53c59_7b5f7cc03ca143f21962fb74754cd58d9bf6d5d0ce6746fc__vs__181d75bcd4_733e30614c2af1c89ccff8e9c40056a9c86f601eff22e03d_redline_b4b07058b0  (elapsed 1922s, eta 1938s)
2026-10-01T06:14:25Z [1429/2868]  49.8%  37.15  tracking_without_comments__52220b20c3_00a54bff7e15af78fe7cfc20219c28cb208fde807bd28d44__vs__2e04202552_000e3e7bd2d6215fc7b469cc3e296c1b2a510bc1abc7e0fd_redline_9d0b6ef8ad  (elapsed 1923s, eta 1936s)
2026-10-01T06:14:25Z [1430/2868]  49.9%  31.54  tracking_without_comments__52220b20c3_00a54bff7e15af78fe7cfc20219c28cb208fde807bd28d44__vs__5203829c7a_001cc92b88566d5f930fe57f25813c0bf52a7bdc72c217d0_redline_6de20376e8  (elapsed 1923s, eta 1934s)
2026-10-01T06:14:27Z [1431/2868]  49.9%  46.56  tracking_without_comments__52dda2acfb_029c0275ad_rejected_tracking  (elapsed 1926s, eta 1934s)
2026-10-01T06:14:28Z [1432/2868]  49.9%  35.10  tracking_without_comments__4fe24cc3d9_2b4ba26edac9365d1c7e4d627b45febf3b4a4fb075f9c7d4__vs__7b852c051b_28c6466532f6447866e5b9d8e67e4fd72163c69db1ea24c0_redline_d1b038c74f  (elapsed 1927s, eta 1932s)
2026-10-01T06:14:34Z [1433/2868]  50.0%  37.47  tracking_without_comments__52220b20c3_00a54bff7e15af78fe7cfc20219c28cb208fde807bd28d44__vs__342f364d46_001342333d45627868f4dc5282abbba4598a91b4a7584b08_redline_d525625b0d  (elapsed 1932s, eta 1935s)
2026-10-01T06:14:34Z [1434/2868]  50.0%  39.84  tracking_without_comments__52220b20c3_00a54bff7e15af78fe7cfc20219c28cb208fde807bd28d44__vs__aa5340125d_00a4b0b91e9b5b072dc3771391c2d608518690eccf44eae8_redline_3e34a3f6b8  (elapsed 1932s, eta 1932s)
2026-10-01T06:14:34Z [1435/2868]  50.0%  31.20  tracking_without_comments__52220b20c3_00a54bff7e15af78fe7cfc20219c28cb208fde807bd28d44__vs__deff0e697a_00b5defcad6e58038eac35472a2d48c89905068e5ece0cc3_redline_3313c4449e  (elapsed 1933s, eta 1930s)
2026-10-01T06:14:36Z [1436/2868]  50.1%  43.18  tracking_without_comments__531cf3d312_00ce789bc3226c2a68967cc29792927c80b7f55d9b5267ad__vs__5203829c7a_001cc92b88566d5f930fe57f25813c0bf52a7bdc72c217d0_redline_dfd967d329  (elapsed 1934s, eta 1929s)
2026-10-01T06:14:36Z [1437/2868]  50.1%  31.00  tracking_without_comments__52220b20c3_00a54bff7e15af78fe7cfc20219c28cb208fde807bd28d44__vs__bd3824dd1e_000ee64ef7226d353297888f59a251e24ce5d776fea000fa_redline_8018df6bdf  (elapsed 1934s, eta 1926s)
2026-10-01T06:14:36Z [1438/2868]  50.1%  52.32  tracking_without_comments__5396ca3671_helvetica_font_demo_style_default_missing__vs__f1ea4a51fd_hr_onboarding_checklist_table_redline_504edf1ba1  (elapsed 1934s, eta 1924s)
2026-10-01T06:14:36Z [1439/2868]  50.2%  43.22  tracking_without_comments__531cf3d312_00ce789bc3226c2a68967cc29792927c80b7f55d9b5267ad__vs__333bfe069a_003416d620331122b93b434dad901db5836f60d2cad4b533_redline_7a88634b0d  (elapsed 1935s, eta 1921s)
2026-10-01T06:14:38Z [1440/2868]  50.2%  57.42  tracking_without_comments__563331c6f3_super_editor__broken_complex_list_293fda86__vs__2ba392cdd2_super_editor__broken_list_missing_items_36b4199e_redline_49309fc804  (elapsed 1936s, eta 1920s)
2026-10-01T06:14:40Z [1441/2868]  50.2%  57.48  tracking_without_comments__563331c6f3_super_editor__broken_complex_list_293fda86__vs__2ba392cdd2_super_editor__broken_list_missing_items_36b4199e_redline_de5c26892b  (elapsed 1938s, eta 1919s)
2026-10-01T06:14:42Z [1442/2868]  50.3%  54.90  tracking_without_comments__563331c6f3_super_editor__broken_complex_list_293fda86__vs__ad43500302_super_editor__list_numbering_reimport_d788d573_redline_86b2558c9c  (elapsed 1940s, eta 1919s)
2026-10-01T06:14:42Z [1443/2868]  50.3%  45.45  tracking_without_comments__55fdbb3e31_a2fa2445c6_rejected_tracking  (elapsed 1941s, eta 1916s)
2026-10-01T06:14:43Z [1444/2868]  50.3%  42.76  tracking_without_comments__52220b20c3_00a54bff7e15af78fe7cfc20219c28cb208fde807bd28d44__vs__a5f2b9318d_002aa60c2ae1187417b4b157c5ec6450324cc056ec551a12_redline_b63bceb3e4  (elapsed 1942s, eta 1915s)
2026-10-01T06:14:44Z [1445/2868]  50.4%  54.90  tracking_without_comments__563331c6f3_super_editor__broken_complex_list_293fda86__vs__ad43500302_super_editor__list_numbering_reimport_d788d573_redline_f6ab1636eb  (elapsed 1942s, eta 1912s)
2026-10-01T06:14:44Z [1446/2868]  50.4%  42.49  tracking_without_comments__546864032e_evals__lease_agreement_7081191d__vs__3d9b31338f_evals__memorandum_258c774a_redline_ff7eacfaee  (elapsed 1943s, eta 1910s)
2026-10-01T06:14:44Z [1447/2868]  50.5%  54.74  tracking_without_comments__563331c6f3_super_editor__broken_complex_list_293fda86__vs__cdf27ad0d3_behavior__sd_2672_nested_table_dfac08bb_redline_0d79b0b2ed  (elapsed 1943s, eta 1908s)
2026-10-01T06:14:44Z [1448/2868]  50.5%  42.62  tracking_without_comments__546864032e_evals__lease_agreement_7081191d__vs__3d9b31338f_evals__memorandum_258c774a_redline_4fbd0e01b4  (elapsed 1943s, eta 1905s)
2026-10-01T06:14:46Z [1449/2868]  50.5%  53.12  tracking_without_comments__563331c6f3_super_editor__broken_complex_list_293fda86__vs__ee61fb4ab3_super_editor__base_ordered_fdff1fb2_redline_2fcd65ddc4  (elapsed 1944s, eta 1904s)
2026-10-01T06:14:46Z [1450/2868]  50.6%  54.75  tracking_without_comments__563331c6f3_super_editor__broken_complex_list_293fda86__vs__cdf27ad0d3_behavior__sd_2672_nested_table_dfac08bb_redline_be83c41480  (elapsed 1944s, eta 1901s)
2026-10-01T06:14:46Z [1451/2868]  50.6%  53.12  tracking_without_comments__563331c6f3_super_editor__broken_complex_list_293fda86__vs__ee61fb4ab3_super_editor__base_ordered_fdff1fb2_redline_de5d39e43e  (elapsed 1944s, eta 1899s)
2026-10-01T06:14:46Z [1452/2868]  50.6%  66.11  tracking_without_comments__56d68160f4_doc_api_stories__sd_2086_header_row_shading_api__vs__498a050671_super_editor__custom_list1_77f82bd7_redline_2a709b2a59  (elapsed 1945s, eta 1897s)
2026-10-01T06:14:48Z [1453/2868]  50.7%  65.59  tracking_without_comments__56d68160f4_doc_api_stories__sd_2086_header_row_shading_api__vs__498a050671_super_editor__custom_list1_77f82bd7_redline_912a401589  (elapsed 1946s, eta 1895s)
2026-10-01T06:14:48Z [1454/2868]  50.7%  64.17  tracking_without_comments__56d68160f4_doc_api_stories__sd_2086_header_row_shading_api__vs__bb9c5a8bd5_doc_api_stories__table_style_options_roundtrip_1_redline_06bfdc32c8  (elapsed 1946s, eta 1893s)
2026-10-01T06:14:48Z [1455/2868]  50.7%  64.15  tracking_without_comments__56d68160f4_doc_api_stories__sd_2086_header_row_shading_api__vs__bb9c5a8bd5_doc_api_stories__table_style_options_roundtrip_1_redline_b763eb304d  (elapsed 1946s, eta 1890s)
2026-10-01T06:14:49Z [1456/2868]  50.8%  44.61  tracking_without_comments__3823aefaec_3d1b6f42b5c8b56ade1c4448828b9b64c6c046b1e7bda606__vs__041ec70002_338200736b86ef13a659fffe1278efaad624dfdac98cd44c_redline_bb20890039  (elapsed 1948s, eta 1889s)
2026-10-01T06:14:49Z [1457/2868]  50.8%  47.07  tracking_without_comments__5651f8ea19_c8db65e1fd_accepted_tracking  (elapsed 1948s, eta 1886s)
2026-10-01T06:14:50Z [1458/2868]  50.8%  51.14  tracking_without_comments__59e262115f_super_editor__features_redlines_comments_annotat__vs__c1023db5c5_super_editor__fields_test_4a8ffd8c_redline_c8a98c3b1a  (elapsed 1948s, eta 1884s)
2026-10-01T06:14:50Z [1459/2868]  50.9%  57.34  tracking_without_comments__5a8152b0cd_justify_alignment_demo_id_paraid_overflow__vs__1f4891aebe_large_font_size_demo_id_paraid_overflow_redline_96be8b60ae  (elapsed 1948s, eta 1882s)
2026-10-01T06:14:52Z [1460/2868]  50.9%  72.85  tracking_without_comments__5aa178b931_super_editor__lists_sub_paragraph_31ff3fed__vs__972dc076c1_super_editor__longer_header_sign_area_7c80b525_redline_174109b5b2  (elapsed 1950s, eta 1881s)
2026-10-01T06:14:52Z [1461/2868]  50.9%  68.76  tracking_without_comments__5aa178b931_super_editor__lists_sub_paragraph_31ff3fed__vs__25f07e0823_super_editor__sd_1919_word_mixed_33e049ca_redline_aaba20119b  (elapsed 1950s, eta 1878s)
2026-10-01T06:14:52Z [1462/2868]  51.0%  72.86  tracking_without_comments__5aa178b931_super_editor__lists_sub_paragraph_31ff3fed__vs__972dc076c1_super_editor__longer_header_sign_area_7c80b525_redline_5c49bfc867  (elapsed 1950s, eta 1876s)
2026-10-01T06:14:53Z [1463/2868]  51.0%  68.81  tracking_without_comments__5aa178b931_super_editor__lists_sub_paragraph_31ff3fed__vs__25f07e0823_super_editor__sd_1919_word_mixed_33e049ca_redline_5851377569  (elapsed 1951s, eta 1874s)
2026-10-01T06:14:55Z [1464/2868]  51.0%  72.27  tracking_without_comments__5add12cb1b_super_editor__msword_tracked_changes_4794adc4  (elapsed 1953s, eta 1873s)
2026-10-01T06:14:56Z [1465/2868]  51.1%  37.92  tracking_without_comments__54c9eda9fb_a7110391f4478ade5aabf48bad05d250be49cb3e1f335eee__vs__dc9c5abc73_cac3915a402fc43445f2a81133310d7f8174001a530c4f99_redline_5fb335d512  (elapsed 1954s, eta 1871s)
2026-10-01T06:14:57Z [1466/2868]  51.1%  45.21  tracking_without_comments__5ad6e6d44f_0199027cbf967c88ab833b77e5bc5d629bacecbd40a87c26__vs__333bfe069a_003416d620331122b93b434dad901db5836f60d2cad4b533_redline_f0615cdf5c  (elapsed 1955s, eta 1870s)
2026-10-01T06:14:58Z [1467/2868]  51.2%  58.27  tracking_without_comments__5add12cb1b_super_editor__msword_tracked_changes_4794adc4__vs__ced58cbf54_super_editor__sd_1494_table_left_indent_03277d35_redline_b8478b7ac6  (elapsed 1956s, eta 1868s)
2026-10-01T06:14:58Z [1468/2868]  51.2%  36.41  tracking_without_comments__5ad6e6d44f_0199027cbf967c88ab833b77e5bc5d629bacecbd40a87c26__vs__5203829c7a_001cc92b88566d5f930fe57f25813c0bf52a7bdc72c217d0_redline_0c25a004f2  (elapsed 1956s, eta 1866s)
2026-10-01T06:14:58Z [1469/2868]  51.2%  43.03  tracking_without_comments__5ad6e6d44f_0199027cbf967c88ab833b77e5bc5d629bacecbd40a87c26__vs__bd3824dd1e_000ee64ef7226d353297888f59a251e24ce5d776fea000fa_redline_e6cd25aa6e  (elapsed 1957s, eta 1863s)
2026-10-01T06:15:02Z [1470/2868]  51.3%  45.20  tracking_without_comments__5b421850d5_super_editor__ooxml_strike_rstyle_linked_combos__vs__1e1f1ad583_super_editor__diff_before2_ca0c6859_redline_3ce72acbe2  (elapsed 1960s, eta 1864s)
2026-10-01T06:15:02Z [1471/2868]  51.3%  45.11  tracking_without_comments__5b421850d5_super_editor__ooxml_strike_rstyle_linked_combos__vs__1e1f1ad583_super_editor__diff_before2_ca0c6859_redline_9d94d27d7a  (elapsed 1960s, eta 1862s)
2026-10-01T06:15:04Z [1472/2868]  51.3%  42.95  tracking_without_comments__5b421850d5_super_editor__ooxml_strike_rstyle_linked_combos__vs__7e685cbab1_super_editor__ooxml_underline_rstyle_linked_comb_redline_3fab50f94a  (elapsed 1962s, eta 1861s)
2026-10-01T06:15:06Z [1473/2868]  51.4%  67.25  tracking_without_comments__5add12cb1b_super_editor__msword_tracked_changes_4794adc4__vs__d776ad9be7_super_editor__multi_section_doc_080d2655_redline_72a7cae8b6  (elapsed 1964s, eta 1860s)
2026-10-01T06:15:08Z [1474/2868]  51.4%  42.80  tracking_without_comments__5b421850d5_super_editor__ooxml_strike_rstyle_linked_combos__vs__7e685cbab1_super_editor__ooxml_underline_rstyle_linked_comb_redline_45844ba15d  (elapsed 1966s, eta 1859s)
2026-10-01T06:15:09Z [1475/2868]  51.4%  62.51  tracking_without_comments__5d17fd43a9_complex_style_attr__vs__310c03f39c_super_editor__complexexport1_69441ab1_redline_133d880cce  (elapsed 1967s, eta 1858s)
2026-10-01T06:15:10Z [1476/2868]  51.5%  45.73  tracking_without_comments__5c264a09bf_1ae50cba31_rejected_tracking  (elapsed 1968s, eta 1856s)
2026-10-01T06:15:10Z [1477/2868]  51.5%  62.51  tracking_without_comments__5d17fd43a9_complex_style_attr__vs__310c03f39c_super_editor__complexexport1_69441ab1_redline_df62df06eb  (elapsed 1968s, eta 1854s)
2026-10-01T06:15:10Z [1478/2868]  51.5%  35.41  tracking_without_comments__5aeb64856f_7bdb6096ca360ee81cd84fb187b746124bbae29dd464f539__vs__fba040ceb5_822f13252f95988184e7649eef5602a140d69cd09436e59b_redline_23598cf2a6  (elapsed 1969s, eta 1851s)
2026-10-01T06:15:12Z [1479/2868]  51.6%  53.38  tracking_without_comments__5d17fd43a9_complex_style_attr__vs__c1023db5c5_super_editor__fields_test_4a8ffd8c_redline_3867fafc1b  (elapsed 1970s, eta 1850s)
2026-10-01T06:15:12Z [1480/2868]  51.6%  53.38  tracking_without_comments__5d17fd43a9_complex_style_attr__vs__c1023db5c5_super_editor__fields_test_4a8ffd8c_redline_b20ccc26f3  (elapsed 1970s, eta 1848s)
2026-10-01T06:15:13Z [1481/2868]  51.6%  45.91  tracking_without_comments__5d17fd43a9_complex_style_attr__vs__a5903a7c15_super_editor__pci_table_dc840852_redline_234d635c04  (elapsed 1971s, eta 1846s)
2026-10-01T06:15:14Z [1482/2868]  51.7%  48.70  tracking_without_comments__5d17fd43a9_complex_style_attr__vs__a5903a7c15_super_editor__pci_table_dc840852_redline_ff9b820e90  (elapsed 1972s, eta 1844s)
2026-10-01T06:15:14Z [1483/2868]  51.7%  63.93  tracking_without_comments__5d9783a7c4_roboto_font_demo_id_paraid_overflow_2__vs__1cd4f9ee6c_roboto_font_demo_id_paraid_overflow_redline_d343008a48  (elapsed 1972s, eta 1842s)
2026-10-01T06:15:14Z [1484/2868]  51.7%  59.26  tracking_without_comments__5d5ca75f29_bold_italic_underline_demo_id_paraid_overflow__vs__4ad775158b_bold_red_text_combo_id_paraid_overflow_redline_d0687cbd18  (elapsed 1972s, eta 1839s)
2026-10-01T06:15:14Z [1485/2868]  51.8%  41.24  tracking_without_comments__5bab7a3e37_ad3955b9d93250c7b4e6aa622571f3e99e7217b6c003e125__vs__b0ed09b052_d532ddc3b6aac0ca46ac281040e748483146aa2de29a0dff_redline_be8d98785e  (elapsed 1972s, eta 1837s)
2026-10-01T06:15:14Z [1486/2868]  51.8%  52.18  tracking_without_comments__5e5fa9b5fb_super_editor__list_def_mix_d7cec092__vs__ad43500302_super_editor__list_numbering_reimport_d788d573_redline_1d00241b3c  (elapsed 1973s, eta 1834s)
2026-10-01T06:15:15Z [1487/2868]  51.8%  38.77  tracking_without_comments__48a455b7e7_sd_2517_localized_heading_styles__vs__1ec2ebecaa_sectpr_headerref_redline_08f87ed8f7  (elapsed 1973s, eta 1832s)
2026-10-01T06:15:15Z [1488/2868]  51.9%  52.16  tracking_without_comments__5e5fa9b5fb_super_editor__list_def_mix_d7cec092__vs__ad43500302_super_editor__list_numbering_reimport_d788d573_redline_1daf262783  (elapsed 1973s, eta 1830s)
2026-10-01T06:15:16Z [1489/2868]  51.9%  59.78  tracking_without_comments__5e8b43bd70_training_materials_onboarding_program_suggesting  (elapsed 1974s, eta 1828s)
2026-10-01T06:15:16Z [1490/2868]  52.0%  65.16  tracking_without_comments__5efd1fcd25_doc_api_stories__diff_doc1_835f4535__vs__ad00cf90d7_doc_api_stories__diff_doc2_bc0da0ce_redline_e8099b1c96  (elapsed 1975s, eta 1826s)
2026-10-01T06:15:16Z [1491/2868]  52.0%  65.16  tracking_without_comments__5efd1fcd25_doc_api_stories__diff_doc1_835f4535__vs__ad00cf90d7_doc_api_stories__diff_doc2_bc0da0ce_redline_9cc1e255a4  (elapsed 1975s, eta 1824s)
2026-10-01T06:15:17Z [1492/2868]  52.0%  66.51  tracking_without_comments__5fa01813d3_super_editor__basic_table_shading_d3212ffd__vs__8c7f16e573_super_editor__basic_tracked_change_5a9ff724_redline_a8eba11068  (elapsed 1976s, eta 1822s)
2026-10-01T06:15:18Z [1493/2868]  52.1%  48.92  tracking_without_comments__5fa01813d3_super_editor__basic_table_shading_d3212ffd__vs__9e9d83978b_super_editor__sublist_issue_66a1800a_redline_37d8974b01  (elapsed 1976s, eta 1820s)
2026-10-01T06:15:18Z [1494/2868]  52.1%  48.92  tracking_without_comments__5fa01813d3_super_editor__basic_table_shading_d3212ffd__vs__9e9d83978b_super_editor__sublist_issue_66a1800a_redline_70fafd509f  (elapsed 1977s, eta 1818s)
2026-10-01T06:15:20Z [1495/2868]  52.1%  42.09  tracking_without_comments__5f0086929c_f776f4ab2e014d09be476a8425d45bb0814666cca9d95ba4__vs__8945a51e06_fc55a61b8db8d57082b4aa79dd8b8ca6abebc10aad4abbaa_redline_e7e88671e4  (elapsed 1978s, eta 1817s)
2026-10-01T06:15:20Z [1496/2868]  52.2%  45.77  tracking_without_comments__5fa01813d3_super_editor__basic_table_shading_d3212ffd__vs__a04e2d2749_ooxml_style_link_redline_93e628a060  (elapsed 1978s, eta 1814s)
2026-10-01T06:15:21Z [1497/2868]  52.2%  45.79  tracking_without_comments__5fa01813d3_super_editor__basic_table_shading_d3212ffd__vs__a04e2d2749_ooxml_style_link_redline_bef7427948  (elapsed 1979s, eta 1812s)
2026-10-01T06:15:25Z [1498/2868]  52.2%  40.77  tracking_without_comments__609c7b13dc_d94eec287b_rejected_tracking  (elapsed 1983s, eta 1814s)
2026-10-01T06:15:32Z [1499/2868]  52.3%  50.45  tracking_without_comments__5ed92f798c_47f9e20139a5b07aae344e6f0fcbb842f9e3ca5f2746ac23  (elapsed 1990s, eta 1818s)
2026-10-01T06:15:32Z [1500/2868]  52.3%  43.69  tracking_without_comments__570c8465f0_1b333fe80fef0fc98ba50b06be0ebd5f095833dfdaec7844__vs__7f567ada68_7c28073a381aa706215f6fd4196b4c66096249720665b8a7_redline_518c606bf2  (elapsed 1991s, eta 1816s)
2026-10-01T06:15:38Z [1501/2868]  52.3%  44.89  tracking_without_comments__6055cab8ad_fc9e108f844e0aad9645a388d52ae72005e185775bbe2bfe__vs__dcd634cb30_e8cfb5d26cc4afc3583c5d0fd1ef7af8c87ccbd1468d7c2f_redline_aa6deadf18  (elapsed 1996s, eta 1818s)
2026-10-01T06:15:38Z [1502/2868]  52.4%  42.69  tracking_without_comments__60dfd517a9_00f0e7f365a34acc5911a38c89776a4bdd2ba1685edcd0cc__vs__5203829c7a_001cc92b88566d5f930fe57f25813c0bf52a7bdc72c217d0_redline_7c845c604b  (elapsed 1996s, eta 1815s)
2026-10-01T06:15:41Z [1503/2868]  52.4%  43.01  tracking_without_comments__617c1284c9_00feb732c2ef2b643a132e4305e16833fd047b46ca44b65b__vs__5203829c7a_001cc92b88566d5f930fe57f25813c0bf52a7bdc72c217d0_redline_044ff3ce7e  (elapsed 1999s, eta 1815s)
2026-10-01T06:15:43Z [1504/2868]  52.4%  41.05  tracking_without_comments__60bf327e86_45a1d21ecae23d1d474824ea35cb110e856491fe66c2db24__vs__681fc07078_792753394635a6a7528a7bdc7b517b987d76a7ac416c92b0_redline_9f06a0f82a  (elapsed 2001s, eta 1815s)
2026-10-01T06:15:43Z [1505/2868]  52.5%  34.45  tracking_without_comments__603760a2cb_035619503cc9d1833603cf8827e6ce3a24b46c012a309360__vs__b6bf1a1e8b_025114ac4b922e013686836213f363671dd941624af8bc42_redline_408597db4d  (elapsed 2002s, eta 1813s)
2026-10-01T06:15:45Z [1506/2868]  52.5%  39.68  tracking_without_comments__60c3c050c6_c00fe1f6d7c5c568751881299d78a69acc28e9d91e359c17__vs__490dfc032d_9e81389b5ea7f1dbcfe83f68047563fd81eac85189d4da0f_redline_3f482c4ea6  (elapsed 2004s, eta 1812s)
2026-10-01T06:15:46Z [1507/2868]  52.5%  45.27  tracking_without_comments__61eaede95c_subtitle_style_demo_style_default_missing__vs__ca4ccabff6_superscript_demo_id_paraid_overflow_2_redline_146e6680ab  (elapsed 2004s, eta 1810s)
2026-10-01T06:15:51Z [1508/2868]  52.6%  37.27  tracking_without_comments__61e3967518_0011e415331e3b2d8031efcfcfecbb68df0f0b73b26350ce__vs__5203829c7a_001cc92b88566d5f930fe57f25813c0bf52a7bdc72c217d0_redline_40016a37e5  (elapsed 2009s, eta 1812s)
2026-10-01T06:15:54Z [1509/2868]  52.6%  47.84  tracking_without_comments__6224dfcb8b_2d7b815409b79ddc3ea9c52dc6aa856770ee6499e1110934__vs__2a79eebeca_ce5848f5c0c3c529d63050f39d5186f8ea29859af3eb5d82_redline_4f54cef23c  (elapsed 2013s, eta 1812s)
2026-10-01T06:15:55Z [1510/2868]  52.6%  42.49  tracking_without_comments__628ec1cb76_00a9d81709806bc220522f9b062f226e19ba256e436493b1__vs__5203829c7a_001cc92b88566d5f930fe57f25813c0bf52a7bdc72c217d0_redline_35e6aad724  (elapsed 2014s, eta 1811s)
2026-10-01T06:15:57Z [1511/2868]  52.7%  61.21  tracking_without_comments__62d3dce03b_file_110  (elapsed 2015s, eta 1810s)
2026-10-01T06:16:01Z [1512/2868]  52.7%  48.95  tracking_without_comments__62d49ad5d7_f1257ca7ea_accepted_tracking  (elapsed 2019s, eta 1811s)
2026-10-01T06:16:01Z [1513/2868]  52.8%  43.65  tracking_without_comments__628ec1cb76_00a9d81709806bc220522f9b062f226e19ba256e436493b1__vs__bd3824dd1e_000ee64ef7226d353297888f59a251e24ce5d776fea000fa_redline_a6e9ec3f91  (elapsed 2019s, eta 1808s)
2026-10-01T06:16:03Z [1514/2868]  52.8%  47.24  tracking_without_comments__635dfded4d_red_heading_demo_id_paraid_overflow__vs__3acaee795f_red_strikethrough_demo_style_default_missing_redline_4f5404b0fa  (elapsed 2022s, eta 1808s)
2026-10-01T06:16:04Z [1515/2868]  52.8%  43.63  tracking_without_comments__62732368d5_7b6493614245aae298d715fbe16d4a4945f5ebed862c1354__vs__e91e59eaac_d53121ceeb633df57b8f83f852ee91b3143ce8915a7ef81b_redline_e1c52dc7f9  (elapsed 2022s, eta 1806s)
2026-10-01T06:16:06Z [1516/2868]  52.9%  41.06  tracking_without_comments__61ce94a90c_a140600ac824f96e6e04989b84f3cd9afe1ded1643e7ec18__vs__1e828aad45_888de4668e28ff30c8283a50945f56ca58626d629ab61b5c_redline_c104dd9bb3  (elapsed 2024s, eta 1805s)
2026-10-01T06:16:09Z [1517/2868]  52.9%  60.74  tracking_without_comments__6446faad0e_budget_report_q1_2026_suggesting_insertions  (elapsed 2027s, eta 1806s)
2026-10-01T06:16:11Z [1518/2868]  52.9%  43.75  tracking_without_comments__63f2ae8323_00d7e931786f09113a59daafeb4c51113fbd97f3f09d93c2__vs__5203829c7a_001cc92b88566d5f930fe57f25813c0bf52a7bdc72c217d0_redline_a7b35571b9  (elapsed 2030s, eta 1805s)
2026-10-01T06:16:12Z [1519/2868]  53.0%  40.39  tracking_without_comments__6482614cef_618a11caa3_rejected_tracking  (elapsed 2031s, eta 1803s)
2026-10-01T06:16:12Z [1520/2868]  53.0%  38.07  tracking_without_comments__63dfd87ddd_5df211d39d8f42d1e2d5408b6c477ecbf0ea8e2a8507fdcb__vs__1759f7c49e_306ec8f52c773e9b7ba8923d80987b9fa2f6415aa2e14765_redline_1827ae7738  (elapsed 2031s, eta 1801s)
2026-10-01T06:16:20Z [1521/2868]  53.0%  40.65  tracking_without_comments__6455d44e99_c9304283a12c18040a60a4b6062dd9f5d082e67d416ef82f__vs__5ef743ae0d_be0740762f580e358cc4e8dc579eba0f634ac5a6de4550ac_redline_dd1abd5b03  (elapsed 2038s, eta 1805s)
2026-10-01T06:16:24Z [1522/2868]  53.1%  59.45  tracking_without_comments__667af231c2_behavior__sd_2672_rtl_table_63bd9d10__vs__cfd53bad25_behavior__sd_2672_sdt_table_fc038913_redline_6810ed11e0  (elapsed 2042s, eta 1806s)
2026-10-01T06:16:26Z [1523/2868]  53.1%  43.01  tracking_without_comments__65ecb3930d_7dd062b618_rejected_tracking  (elapsed 2044s, eta 1805s)
2026-10-01T06:16:28Z [1524/2868]  53.1%  59.62  tracking_without_comments__667af231c2_behavior__sd_2672_rtl_table_63bd9d10__vs__cfd53bad25_behavior__sd_2672_sdt_table_fc038913_redline_81ff65985c  (elapsed 2046s, eta 1804s)
2026-10-01T06:16:32Z [1525/2868]  53.2%  47.57  tracking_without_comments__668fe0a735_super_editor__ooxml_bold_vals_demo_9e688d8f__vs__d72fd74138_super_editor__ooxml_color_rstyle_linked_combos_d_redline_2e1d967a62  (elapsed 2050s, eta 1806s)
2026-10-01T06:16:33Z [1526/2868]  53.2%  47.59  tracking_without_comments__668fe0a735_super_editor__ooxml_bold_vals_demo_9e688d8f__vs__d72fd74138_super_editor__ooxml_color_rstyle_linked_combos_d_redline_b2c0260aa4  (elapsed 2051s, eta 1804s)
2026-10-01T06:16:36Z [1527/2868]  53.2%  49.98  tracking_without_comments__668fe0a735_super_editor__ooxml_bold_vals_demo_9e688d8f__vs__ea7427b18a_super_editor__complex_list_def_issue_326369f9_redline_733a842334  (elapsed 2054s, eta 1804s)
2026-10-01T06:16:36Z [1528/2868]  53.3%  49.96  tracking_without_comments__668fe0a735_super_editor__ooxml_bold_vals_demo_9e688d8f__vs__ea7427b18a_super_editor__complex_list_def_issue_326369f9_redline_7998f329e8  (elapsed 2054s, eta 1802s)
2026-10-01T06:16:43Z [1529/2868]  53.3%  43.92  tracking_without_comments__671ff91b1d_behavior__sd_2750_borderbox_7cd3768d__vs__7692b33045_super_editor__list_with_break_exported_broken_45_redline_0e1c60ab8e  (elapsed 2061s, eta 1805s)
2026-10-01T06:16:43Z [1530/2868]  53.3%  49.01  tracking_without_comments__66c6d7c4f7_24d37f7b5e_rejected_tracking  (elapsed 2062s, eta 1803s)
2026-10-01T06:16:49Z [1531/2868]  53.4%  43.92  tracking_without_comments__671ff91b1d_behavior__sd_2750_borderbox_7cd3768d__vs__7692b33045_super_editor__list_with_break_exported_broken_45_redline_d24225adbf  (elapsed 2067s, eta 1805s)
2026-10-01T06:16:49Z [1532/2868]  53.4%  44.53  tracking_without_comments__671ff91b1d_behavior__sd_2750_borderbox_7cd3768d__vs__92589c3e37_super_editor__pre_separated_list_bd330d28_redline_1e56ee9760  (elapsed 2068s, eta 1803s)
2026-10-01T06:16:54Z [1533/2868]  53.5%  44.53  tracking_without_comments__671ff91b1d_behavior__sd_2750_borderbox_7cd3768d__vs__92589c3e37_super_editor__pre_separated_list_bd330d28_redline_57b579c043  (elapsed 2072s, eta 1804s)
2026-10-01T06:16:54Z [1534/2868]  53.5%  44.59  tracking_without_comments__671ff91b1d_behavior__sd_2750_borderbox_7cd3768d__vs__9322444a3f_behavior__sd_2888_hyperlink_with_ampersand_aaaac_redline_30b3e0f88b  (elapsed 2072s, eta 1802s)
2026-10-01T06:16:55Z [1535/2868]  53.5%  37.68  tracking_without_comments__63114916a7_eb682f7a779a99b02ece6fae975de27ce6cd511531e1295d__vs__14882c6359_f29e853d64aef3f69e88e2d31de7d38104611290896c26f7_redline_ef5c04859b  (elapsed 2073s, eta 1800s)
2026-10-01T06:16:58Z [1536/2868]  53.6%  44.51  tracking_without_comments__671ff91b1d_behavior__sd_2750_borderbox_7cd3768d__vs__9322444a3f_behavior__sd_2888_hyperlink_with_ampersand_aaaac_redline_495339b056  (elapsed 2076s, eta 1800s)
2026-10-01T06:17:05Z [1537/2868]  53.6%  40.03  tracking_without_comments__67637a6eb7_585e68e4ef2b75314306a126a09c9fd40665b91646df5860__vs__18e79a5049_3ff60e643d0fb0c24c31b56f97b63588a38b6acce1d470c3_redline_8771dc6990  (elapsed 2083s, eta 1804s)
2026-10-01T06:17:07Z [1538/2868]  53.6%  59.90  tracking_without_comments__687da097e9_heading_2_center_demo_id_paraid_overflow__vs__3a9525749b_heading_2_style_demo_id_paraid_overflow_redline_3b4d7703bc  (elapsed 2085s, eta 1803s)
2026-10-01T06:17:09Z [1539/2868]  53.7%  36.67  tracking_without_comments__547e741fe3_1184839eb73df0fde338dcaadf7a601f4ceb7f2f27c33e90__vs__3cf442621c_61e91fa96ceaaca00b0c6b5767616397ab67572233fc6879_redline_7a2946950f  (elapsed 2087s, eta 1802s)
2026-10-01T06:17:11Z [1540/2868]  53.7%  47.30  tracking_without_comments__689563dec1_calibri_heading_2_right_id_paraid_overflow__vs__24bd3ad29d_center_aligned_bold_text_id_paraid_overflow_redline_b7c3740e6c  (elapsed 2089s, eta 1801s)
2026-10-01T06:17:13Z [1541/2868]  53.7%  73.29  tracking_without_comments__690ce5bb47_ee4fe9eb15_accepted_tracking  (elapsed 2092s, eta 1801s)
2026-10-01T06:17:14Z [1542/2868]  53.8%  38.71  tracking_without_comments__6519f4775c_441c987c442115b1a8bc359967972df76603557cbe2c51c4__vs__636ef078e7_692dc2f71b1935c6899976836178fa654a5a71716bb636f4_redline_4593be0320  (elapsed 2092s, eta 1799s)
2026-10-01T06:17:15Z [1543/2868]  53.8%  35.33  tracking_without_comments__6797b1450f_fce350bbf4f75c5cee5eaea4b202d624e159bd749e2bfab1__vs__8ae10bb4b2_f0febfac48c369580c3eebb7c5dcec09b8f1c28ae489ce48_redline_00288995f0  (elapsed 2093s, eta 1797s)
2026-10-01T06:17:15Z [1544/2868]  53.8%  39.66  tracking_without_comments__67f36b7c3b_01ab5a08b40efea85cdb05eaeb80d99a6f24a28deebb2082__vs__3f65366367_02bbb0b7fc1f4308c677b31b6849e7ed871b5aadfad13394_redline_41e30e714b  (elapsed 2094s, eta 1795s)
2026-10-01T06:17:16Z [1545/2868]  53.9%  65.66  tracking_without_comments__6a4d8ea70c_blue_italic_text_demo_id_paraid_overflow__vs__2efebc9bc3_blue_underline_combo_demo_id_paraid_overflow_redline_a92617b92d  (elapsed 2094s, eta 1793s)
2026-10-01T06:17:19Z [1546/2868]  53.9%  51.55  tracking_without_comments__6946bd949e_64b4191d2be813478458868a22c5fb163f93a9fd1ff706cc__vs__6de86e7286_db3227cc1f95e69e7d4c01e22cedfdc9a55c7067eaa1ac25_redline_1c131721c0  (elapsed 2098s, eta 1794s)
2026-10-01T06:17:20Z [1547/2868]  53.9%  44.80  tracking_without_comments__6c0ad6c8ef_behavior__math_matrix_tests_a3b17e15__vs__d6bd58bac2_behavior__math_nary_tests_dde91168_redline_d2bc5646c2  (elapsed 2098s, eta 1792s)
2026-10-01T06:17:25Z [1548/2868]  54.0%  44.34  tracking_without_comments__6ca202588b_super_editor__ooxml_size_rstyle_linked_combos_de__vs__5b421850d5_super_editor__ooxml_strike_rstyle_linked_combos_redline_70f229e446  (elapsed 2103s, eta 1793s)
2026-10-01T06:17:30Z [1549/2868]  54.0%  44.26  tracking_without_comments__6ca202588b_super_editor__ooxml_size_rstyle_linked_combos_de__vs__5b421850d5_super_editor__ooxml_strike_rstyle_linked_combos_redline_fc34a74b4c  (elapsed 2109s, eta 1796s)
2026-10-01T06:17:31Z [1550/2868]  54.0%  45.32  tracking_without_comments__6b651ce4d7_c57b193bfed2913adbc8d722adeb036b555243f776c4cbe4__vs__72956de30c_b6416f729015c6f0441e0f472adb6c4cba663dff0dd28d6b_redline_e50d6a5647  (elapsed 2110s, eta 1794s)
2026-10-01T06:17:38Z [1551/2868]  54.1%  42.00  tracking_without_comments__6c63c78baf_4ed6fefdc4770de14b06879bd864def9d71065293ac8f483__vs__a3e6c2e426_197f067152a83fdf7b2e0aee6e62b8960edda324238a6957_redline_331ab44630  (elapsed 2116s, eta 1797s)
2026-10-01T06:17:41Z [1552/2868]  54.1%  70.50  tracking_without_comments__6d773ca294_super_editor__annot2_03ae6b74__vs__c5f3d78ca6_super_editor__annotations_import_2_eaae7b97_redline_10c6751f2e  (elapsed 2120s, eta 1797s)
2026-10-01T06:17:44Z [1553/2868]  54.1%  70.50  tracking_without_comments__6d773ca294_super_editor__annot2_03ae6b74__vs__c5f3d78ca6_super_editor__annotations_import_2_eaae7b97_redline_8ce4342423  (elapsed 2123s, eta 1797s)
2026-10-01T06:17:47Z [1554/2868]  54.2%  48.08  tracking_without_comments__60f8044583_301293ef2a140a99a53b6c059b90aad9f7437c63551a0618__vs__355857f6ac_1b34db5bf944e7fd70cf87eb4b895571c586e8d6cd402ebb_redline_cca74d99b4  (elapsed 2125s, eta 1797s)
2026-10-01T06:17:48Z [1555/2868]  54.2%  53.15  tracking_without_comments__6cf5a39359_548d133393_accepted_tracking  (elapsed 2127s, eta 1796s)
2026-10-01T06:17:55Z [1556/2868]  54.3%  58.74  tracking_without_comments__6e7b7c56cf_4aca112da9_rejected_tracking  (elapsed 2133s, eta 1798s)
2026-10-01T06:17:55Z [1557/2868]  54.3%  39.85  tracking_without_comments__59b0cdb4c5_f43d198617228aedfb40a784b13884e2d5d9f1169440af38__vs__e33a1cf779_6086d90a3677e518037b2da23736161a8ca4d2d1add1b8b3_redline_bef0012edd  (elapsed 2134s, eta 1796s)
2026-10-01T06:17:58Z [1558/2868]  54.3%  59.11  tracking_without_comments__6f510caeea_file_157  (elapsed 2136s, eta 1796s)
2026-10-01T06:18:02Z [1559/2868]  54.4%  77.66  tracking_without_comments__6fa155e6a2_440c36d875_accepted_tracking  (elapsed 2140s, eta 1797s)
2026-10-01T06:18:04Z [1560/2868]  54.4%  61.42  tracking_without_comments__6f34bda9d8_ecad91f16e_rejected_tracking  (elapsed 2142s, eta 1796s)
2026-10-01T06:18:05Z [1561/2868]  54.4%  42.33  tracking_without_comments__6d89527db3_ff2e2e30f5373639653004df2706972b1367df58a10d0f15__vs__693ed49817_98cf8bfc81136e646bba9e686e13f954e9cf5e9ae996d785_redline_a93988c2c7  (elapsed 2144s, eta 1795s)
2026-10-01T06:18:13Z [1562/2868]  54.5%  40.73  tracking_without_comments__6d1e362f08_4cc88ab29e9c212464ee2730d775451b98e3cd485a840ca5__vs__950124ddf0_3f9ae7d602e5c367de2ba0871c4c481a51c57288483be484_redline_94e8c9f0f6  (elapsed 2151s, eta 1798s)
2026-10-01T06:18:19Z [1563/2868]  54.5%  41.77  tracking_without_comments__6fe14674d0_c0fd803b8b6b01ff4cb7a21e2478c3c68451d409d6d51ebf__vs__a59274bbeb_c93f9644058bd4438866d6858880dc542ad3b6b354571a6e_redline_3a82ee5a20  (elapsed 2157s, eta 1801s)
2026-10-01T06:18:19Z [1564/2868]  54.5%  65.29  tracking_without_comments__6fcf082222_e4c9e96f09_accepted_tracking  (elapsed 2157s, eta 1799s)
2026-10-01T06:18:24Z [1565/2868]  54.6%  37.85  tracking_without_comments__6fffde4ae2_000bf66110e841e1d2c2e862fc7db869b8d410586ad12d0d__vs__2773adf157_0004c94ca2a8684d47449bb0e7abf87de1df71a7e6543252_redline_ef3ffabfc9  (elapsed 2162s, eta 1800s)
2026-10-01T06:18:30Z [1566/2868]  54.6%  44.39  tracking_without_comments__689072d58f_590e77a9f5c0a2a019cfa2e1b21d0197fb139d0f9883f948__vs__b50d7a1bf1_af0035cc41059d71015cf5d0c46a8883f32b1118fdc695f1_redline_c8250e8905  (elapsed 2168s, eta 1802s)
2026-10-01T06:18:32Z [1567/2868]  54.6%  41.30  tracking_without_comments__6fffde4ae2_000bf66110e841e1d2c2e862fc7db869b8d410586ad12d0d__vs__1424386e9b_017447de83753a0e3b7afc659df038ef56972925336c6a5b_redline_f2cd201c3a  (elapsed 2170s, eta 1802s)
2026-10-01T06:18:37Z [1568/2868]  54.7%  47.30  tracking_without_comments__6fffde4ae2_000bf66110e841e1d2c2e862fc7db869b8d410586ad12d0d__vs__2e04202552_000e3e7bd2d6215fc7b469cc3e296c1b2a510bc1abc7e0fd_redline_03b751f3db  (elapsed 2175s, eta 1804s)
2026-10-01T06:18:39Z [1569/2868]  54.7%  36.22  tracking_without_comments__6fffde4ae2_000bf66110e841e1d2c2e862fc7db869b8d410586ad12d0d__vs__333bfe069a_003416d620331122b93b434dad901db5836f60d2cad4b533_redline_5ad9c13938  (elapsed 2178s, eta 1803s)
2026-10-01T06:18:43Z [1570/2868]  54.7%  39.32  tracking_without_comments__5fbd8a7228_39cd8347f53ac1b06a6eb59399aa12a9977b0233a38ddaff__vs__89d3a1c365_40d999f53c15fd5eb9e57ab8cf37f22f83d6823458897be1_redline_049d8405bc  (elapsed 2182s, eta 1804s)
2026-10-01T06:18:44Z [1571/2868]  54.8%  48.44  tracking_without_comments__4e2d5a0b0c_4887566b3c4aad8c7f07b4ba2637c0244a1ee0d66c8d0c29  (elapsed 2182s, eta 1802s)
2026-10-01T06:18:45Z [1572/2868]  54.8%  36.16  tracking_without_comments__6fffde4ae2_000bf66110e841e1d2c2e862fc7db869b8d410586ad12d0d__vs__5203829c7a_001cc92b88566d5f930fe57f25813c0bf52a7bdc72c217d0_redline_bcaa532f7f  (elapsed 2183s, eta 1800s)
2026-10-01T06:18:45Z [1573/2868]  54.8%  66.26  tracking_without_comments__7098537b0d_super_editor__base_custom_544164f9__vs__9ef2a93274_super_editor__tab_alignment_test_184edb5d_redline_2dc552be5e  (elapsed 2184s, eta 1798s)
2026-10-01T06:18:46Z [1574/2868]  54.9%  66.13  tracking_without_comments__7098537b0d_super_editor__base_custom_544164f9__vs__9ef2a93274_super_editor__tab_alignment_test_184edb5d_redline_ec39cd0aca  (elapsed 2185s, eta 1796s)
2026-10-01T06:18:47Z [1575/2868]  54.9%  66.40  tracking_without_comments__7098537b0d_super_editor__base_custom_544164f9__vs__ee61fb4ab3_super_editor__base_ordered_fdff1fb2_redline_2ca65f90f3  (elapsed 2185s, eta 1794s)
2026-10-01T06:18:47Z [1576/2868]  55.0%  66.40  tracking_without_comments__7098537b0d_super_editor__base_custom_544164f9__vs__ee61fb4ab3_super_editor__base_ordered_fdff1fb2_redline_75bb11cb8b  (elapsed 2185s, eta 1791s)
2026-10-01T06:18:48Z [1577/2868]  55.0%  46.82  tracking_without_comments__70bed70fac_1_5_line_spacing_id_paraid_overflow__vs__6a65e5219d_24_id_paraid_overflow_redline_edce548700  (elapsed 2186s, eta 1790s)
2026-10-01T06:18:49Z [1578/2868]  55.0%  45.72  tracking_without_comments__5fbd8a7228_39cd8347f53ac1b06a6eb59399aa12a9977b0233a38ddaff  (elapsed 2187s, eta 1788s)
2026-10-01T06:18:53Z [1579/2868]  55.1%  41.39  tracking_without_comments__6fffde4ae2_000bf66110e841e1d2c2e862fc7db869b8d410586ad12d0d__vs__342f364d46_001342333d45627868f4dc5282abbba4598a91b4a7584b08_redline_a3f932cd7b  (elapsed 2191s, eta 1789s)
2026-10-01T06:18:56Z [1580/2868]  55.1%  31.72  tracking_without_comments__7160d2524e_e5f4d4edc9b0c161ce740a3c9c62279306369d710e0439bd__vs__6d510ca476_e18e70bc499a81e13497ff9a2f509657b18b7b27da9aa4c6_redline_e9de5be772  (elapsed 2194s, eta 1789s)
2026-10-01T06:18:58Z [1581/2868]  55.1%  49.06  tracking_without_comments__6fffde4ae2_000bf66110e841e1d2c2e862fc7db869b8d410586ad12d0d__vs__aa5340125d_00a4b0b91e9b5b072dc3771391c2d608518690eccf44eae8_redline_f2197b6411  (elapsed 2196s, eta 1788s)
2026-10-01T06:18:59Z [1582/2868]  55.2%  36.94  tracking_without_comments__6fffde4ae2_000bf66110e841e1d2c2e862fc7db869b8d410586ad12d0d__vs__bd3824dd1e_000ee64ef7226d353297888f59a251e24ce5d776fea000fa_redline_d16e567fd2  (elapsed 2197s, eta 1786s)
2026-10-01T06:18:59Z [1583/2868]  55.2%  41.79  tracking_without_comments__72068cbc81_24832d4ce0b7a2c99bca21a8f253bea13fdb1a19221b96bd__vs__858d6d72a3_ec2a800408708026174c549ca19882a986405e5643a0aef4_redline_df5f95e29e  (elapsed 2198s, eta 1784s)
2026-10-01T06:19:00Z [1584/2868]  55.2%  38.23  tracking_without_comments__6fffde4ae2_000bf66110e841e1d2c2e862fc7db869b8d410586ad12d0d__vs__a5f2b9318d_002aa60c2ae1187417b4b157c5ec6450324cc056ec551a12_redline_0ffe4136dd  (elapsed 2198s, eta 1782s)
2026-10-01T06:19:01Z [1585/2868]  55.3%  47.54  tracking_without_comments__725cdbebe3_0013892c946c551d309fcec9bb3f3500fc08bc77121a3849__vs__2e04202552_000e3e7bd2d6215fc7b469cc3e296c1b2a510bc1abc7e0fd_redline_9013a94f33  (elapsed 2199s, eta 1780s)
2026-10-01T06:19:02Z [1586/2868]  55.3%  38.18  tracking_without_comments__6fffde4ae2_000bf66110e841e1d2c2e862fc7db869b8d410586ad12d0d__vs__deff0e697a_00b5defcad6e58038eac35472a2d48c89905068e5ece0cc3_redline_1e8d815fcc  (elapsed 2200s, eta 1778s)
2026-10-01T06:19:04Z [1587/2868]  55.3%  40.84  tracking_without_comments__70d7086845_db8b0b605ae2c08e9cf62d5cbb24bdf31ab9bd58896590f4__vs__a7ec7d9594_e0dd35e75e8e3ecb4adfc5ce29c921d634bcee666ae65035_redline_986b2229a1  (elapsed 2202s, eta 1777s)
2026-10-01T06:19:04Z [1588/2868]  55.4%  42.30  tracking_without_comments__725cdbebe3_0013892c946c551d309fcec9bb3f3500fc08bc77121a3849__vs__5203829c7a_001cc92b88566d5f930fe57f25813c0bf52a7bdc72c217d0_redline_4957773781  (elapsed 2203s, eta 1775s)
2026-10-01T06:19:05Z [1589/2868]  55.4%  44.28  tracking_without_comments__734fe4bc1e_15c0669c4c7afae4cc2de2aeeda71623a7b27ecdef1cd0d8__vs__b74c483001_547b508a2b334a2a72a59db0718d632d5aadd236d876af75_redline_9c1f654ea9  (elapsed 2203s, eta 1774s)
2026-10-01T06:19:06Z [1590/2868]  55.4%  58.06  tracking_without_comments__7367931dbf_super_editor__sdt_test_60079f08__vs__89b44c96a7_super_editor__sdts_basic_45263ca5_redline_308e9e47b6  (elapsed 2204s, eta 1771s)
2026-10-01T06:19:06Z [1591/2868]  55.5%  37.96  tracking_without_comments__73444f5e84_aff82827a78c80e2bde19746162cd1dab4219fc091c46c59__vs__27a876dee7_c6fa0e30be63352472b401261b38948abcec01c80f386b3a_redline_07fa3d80e5  (elapsed 2204s, eta 1769s)
2026-10-01T06:19:06Z [1592/2868]  55.5%  42.70  tracking_without_comments__725cdbebe3_0013892c946c551d309fcec9bb3f3500fc08bc77121a3849__vs__bd3824dd1e_000ee64ef7226d353297888f59a251e24ce5d776fea000fa_redline_dfeccd76d2  (elapsed 2204s, eta 1767s)
2026-10-01T06:19:06Z [1593/2868]  55.5%  58.08  tracking_without_comments__7367931dbf_super_editor__sdt_test_60079f08__vs__89b44c96a7_super_editor__sdts_basic_45263ca5_redline_be85bd5027  (elapsed 2204s, eta 1764s)
2026-10-01T06:19:08Z [1594/2868]  55.6%  65.96  tracking_without_comments__73e78ba640_strikethrough_and_italic_combo_id_paraid_overflo__vs__0203b5fed7_strikethrough_bold_demo_id_paraid_overflow_redline_53d24124e7  (elapsed 2206s, eta 1763s)
2026-10-01T06:19:08Z [1595/2868]  55.6%  44.22  tracking_without_comments__7191ec5b3f_fa234da442cfde946d8a2d33c3b1b337060c9fce10401537__vs__67d63b7fde_e845a3975b3857765c585e474046f546f3384b66a6a4b175_redline_a02d3afd9f  (elapsed 2206s, eta 1761s)
2026-10-01T06:19:09Z [1596/2868]  55.6%  52.36  tracking_without_comments__725cdbebe3_0013892c946c551d309fcec9bb3f3500fc08bc77121a3849__vs__342f364d46_001342333d45627868f4dc5282abbba4598a91b4a7584b08_redline_d6dcdfe5e4  (elapsed 2207s, eta 1759s)
2026-10-01T06:19:10Z [1597/2868]  55.7%  41.00  tracking_without_comments__74afe04686_000416d5ee481974205314977bda4d0b297b97cf56f55f5a__vs__5203829c7a_001cc92b88566d5f930fe57f25813c0bf52a7bdc72c217d0_redline_2ff69c9a5d  (elapsed 2208s, eta 1757s)
2026-10-01T06:19:10Z [1598/2868]  55.7%  47.52  tracking_without_comments__75aeff4f58_super_editor__diff_after9_a9d4b4b0__vs__b5a6dd6c66_super_editor__diff_before_019353a2_redline_252aac8d9e  (elapsed 2208s, eta 1755s)
2026-10-01T06:19:10Z [1599/2868]  55.8%  65.43  tracking_without_comments__73bf4bbeba_e9e7b29b93_accepted_tracking  (elapsed 2209s, eta 1753s)
2026-10-01T06:19:11Z [1600/2868]  55.8%  47.57  tracking_without_comments__75aeff4f58_super_editor__diff_after9_a9d4b4b0__vs__b5a6dd6c66_super_editor__diff_before_019353a2_redline_9df1aeb177  (elapsed 2209s, eta 1751s)
2026-10-01T06:19:12Z [1601/2868]  55.8%  37.26  tracking_without_comments__70e0b71385_verdana_italic_centered_demo_id_paraid_overflow__vs__1e0254763b_strict01_redline_f532c5754a  (elapsed 2210s, eta 1749s)
2026-10-01T06:19:12Z [1602/2868]  55.9%  48.41  tracking_without_comments__76827c9f6c_super_editor__sd_1480_two_col_index_0138dccc__vs__2936af4459_super_editor__sd_1480_two_col_tab_positions_0095_redline_acbeb9da3c  (elapsed 2210s, eta 1747s)
2026-10-01T06:19:12Z [1603/2868]  55.9%  48.60  tracking_without_comments__76827c9f6c_super_editor__sd_1480_two_col_index_0138dccc__vs__2936af4459_super_editor__sd_1480_two_col_tab_positions_0095_redline_e2cd3330f4  (elapsed 2211s, eta 1745s)
2026-10-01T06:19:12Z [1604/2868]  55.9%  35.50  tracking_without_comments__70cf8f3c79_e3c8a85254388c86c63b168abf32fb2f2e019ae272f5b15a__vs__528b7e6689_e153d9d96bf2c9b3edd77009c97807142b0f6beec7d200b6_redline_089f8d0f89  (elapsed 2211s, eta 1742s)
2026-10-01T06:19:14Z [1605/2868]  56.0%  73.27  tracking_without_comments__7692b33045_super_editor__list_with_break_exported_broken_45__vs__ddfa313a5f_super_editor__list_with_break_from_word_5cc0d638_redline_9971a714c7  (elapsed 2212s, eta 1741s)
2026-10-01T06:19:14Z [1606/2868]  56.0%  48.77  tracking_without_comments__74fd0e410c_d8dbb34782b336d6174cb6331aedb4df0c71c254528fa3af__vs__91b413669c_d648eeed49779dcbe5c513642114cc3711d7056bb1d186d1_redline_6be28b28eb  (elapsed 2213s, eta 1739s)
2026-10-01T06:19:14Z [1607/2868]  56.0%  73.27  tracking_without_comments__7692b33045_super_editor__list_with_break_exported_broken_45__vs__ddfa313a5f_super_editor__list_with_break_from_word_5cc0d638_redline_bfd4f46b68  (elapsed 2213s, eta 1736s)
2026-10-01T06:19:14Z [1608/2868]  56.1%  41.12  tracking_without_comments__75b13139d1_01424129e67ac16566c504bbb091d985cb6316a08abf5730__vs__5203829c7a_001cc92b88566d5f930fe57f25813c0bf52a7bdc72c217d0_redline_6eae0d41a0  (elapsed 2213s, eta 1734s)
2026-10-01T06:19:16Z [1609/2868]  56.1%  43.15  tracking_without_comments__76a40d9ffd_000e618d79bf03ff1783da81e6c34b7ad651896dd56e75a4__vs__5203829c7a_001cc92b88566d5f930fe57f25813c0bf52a7bdc72c217d0_redline_3b454f7c7c  (elapsed 2214s, eta 1732s)
2026-10-01T06:19:18Z [1610/2868]  56.1%  44.46  tracking_without_comments__76c0f1a39c_b1e565871b53ce7b97fc2d3e4fdd2d8da17e067bc9b73400__vs__a235512ec1_52e271cce0b9c44c3e6ac4e2a9bc20c2df9584fe5aff46e5_redline_1e930c3e10  (elapsed 2216s, eta 1732s)
2026-10-01T06:19:18Z [1611/2868]  56.2%  45.65  tracking_without_comments__76827c9f6c_super_editor__sd_1480_two_col_index_0138dccc__vs__f795b96ac4_behavior__math_delimiter_tests_c9d034dc_redline_81e9a63aac  (elapsed 2217s, eta 1730s)
2026-10-01T06:19:20Z [1612/2868]  56.2%  60.74  tracking_without_comments__77b9e6ba80_project_proposal_suggesting_insertions  (elapsed 2218s, eta 1728s)
2026-10-01T06:19:20Z [1613/2868]  56.2%  45.59  tracking_without_comments__76827c9f6c_super_editor__sd_1480_two_col_index_0138dccc__vs__f795b96ac4_behavior__math_delimiter_tests_c9d034dc_redline_c9ee98295b  (elapsed 2218s, eta 1726s)
2026-10-01T06:19:21Z [1614/2868]  56.3%  46.30  tracking_without_comments__746fea6772_e5f04cb03eb9f707d78a8e007f06cd3193d5764d33d95f9f__vs__4778a1a764_e20d987733a84f9080f6a514f74423bf5e3362681249ddcc_redline_69dea4e4ea  (elapsed 2219s, eta 1724s)
2026-10-01T06:19:22Z [1615/2868]  56.3%  49.78  tracking_without_comments__7962b06671_super_editor__bookmark_use_cases_d20f31f6__vs__563331c6f3_super_editor__broken_complex_list_293fda86_redline_73cb7fa90e  (elapsed 2221s, eta 1723s)
2026-10-01T06:19:23Z [1616/2868]  56.3%  38.99  tracking_without_comments__776a437291_behavior__two_column_simple_e77be963__vs__9e80f22c51_behavior__word_native_bullet_circle_80d6f323_redline_3b5978446c  (elapsed 2221s, eta 1721s)
2026-10-01T06:19:23Z [1617/2868]  56.4%  39.35  tracking_without_comments__739bbcc3c1_jubarte_redline_fflate  (elapsed 2221s, eta 1718s)
2026-10-01T06:19:23Z [1618/2868]  56.4%  49.77  tracking_without_comments__7962b06671_super_editor__bookmark_use_cases_d20f31f6__vs__563331c6f3_super_editor__broken_complex_list_293fda86_redline_d9a69a3a0f  (elapsed 2221s, eta 1716s)
2026-10-01T06:19:25Z [1619/2868]  56.5%  53.70  tracking_without_comments__7962b06671_super_editor__bookmark_use_cases_d20f31f6__vs__7a48682ea5_super_editor__superdoc_hyperlink_cases_1dde9cd3_redline_f47143b5cb  (elapsed 2223s, eta 1715s)
2026-10-01T06:19:25Z [1620/2868]  56.5%  38.86  tracking_without_comments__776a437291_behavior__two_column_simple_e77be963__vs__9e80f22c51_behavior__word_native_bullet_circle_80d6f323_redline_48789ea607  (elapsed 2223s, eta 1713s)
2026-10-01T06:19:25Z [1621/2868]  56.5%  58.39  tracking_without_comments__798e9f7226_file_150  (elapsed 2223s, eta 1710s)
2026-10-01T06:19:26Z [1622/2868]  56.6%  71.78  tracking_without_comments__79cb6b6c0f_behavior__word_native_bullet_disc_bfbeb2dd__vs__3faf9e000d_super_editor__text_color_highlight_36cb4c90_redline_1100ef5607  (elapsed 2224s, eta 1708s)
2026-10-01T06:19:26Z [1623/2868]  56.6%  71.77  tracking_without_comments__79cb6b6c0f_behavior__word_native_bullet_disc_bfbeb2dd__vs__3faf9e000d_super_editor__text_color_highlight_36cb4c90_redline_a519e21029  (elapsed 2224s, eta 1706s)
2026-10-01T06:19:29Z [1624/2868]  56.6%  59.84  tracking_without_comments__79cb6b6c0f_behavior__word_native_bullet_disc_bfbeb2dd__vs__432a12b1a9_behavior__word_native_bullet_square_da8bb73c_redline_6514f51552  (elapsed 2227s, eta 1706s)
2026-10-01T06:19:29Z [1625/2868]  56.7%  59.85  tracking_without_comments__79cb6b6c0f_behavior__word_native_bullet_disc_bfbeb2dd__vs__432a12b1a9_behavior__word_native_bullet_square_da8bb73c_redline_edd3900acc  (elapsed 2228s, eta 1704s)
2026-10-01T06:19:30Z [1626/2868]  56.7%  46.16  tracking_without_comments__7a48682ea5_super_editor__superdoc_hyperlink_cases_1dde9cd3__vs__667af231c2_behavior__sd_2672_rtl_table_63bd9d10_redline_38aa2282ac  (elapsed 2228s, eta 1702s)
2026-10-01T06:19:30Z [1627/2868]  56.7%  47.51  tracking_without_comments__7a48682ea5_super_editor__superdoc_hyperlink_cases_1dde9cd3__vs__7098537b0d_super_editor__base_custom_544164f9_redline_686a6405b2  (elapsed 2229s, eta 1700s)
2026-10-01T06:19:31Z [1628/2868]  56.8%  43.28  tracking_without_comments__7a48682ea5_super_editor__superdoc_hyperlink_cases_1dde9cd3__vs__dcf7dd476f_super_editor__superdoc_table_tester_3b2de2e1_redline_7aa8c28597  (elapsed 2229s, eta 1698s)
2026-10-01T06:19:38Z [1629/2868]  56.8%  41.57  tracking_without_comments__7b076416b0_sectpr_headerref__vs__4ba01802a7_super_editor__diff_after_10f1912e_redline_3a7c6c04a0  (elapsed 2236s, eta 1701s)
2026-10-01T06:19:38Z [1630/2868]  56.8%  41.60  tracking_without_comments__7b076416b0_sectpr_headerref__vs__4ba01802a7_super_editor__diff_after_10f1912e_redline_5114828e23  (elapsed 2237s, eta 1699s)
2026-10-01T06:19:39Z [1631/2868]  56.9%  30.99  tracking_without_comments__7b076416b0_sectpr_headerref__vs__0f23eb6c94_super_editor__wmf_emf_44a469b8_redline_60ef61f086  (elapsed 2238s, eta 1697s)
2026-10-01T06:19:39Z [1632/2868]  56.9%  30.97  tracking_without_comments__7b076416b0_sectpr_headerref__vs__0f23eb6c94_super_editor__wmf_emf_44a469b8_redline_2739674623  (elapsed 2238s, eta 1695s)
2026-10-01T06:19:43Z [1633/2868]  56.9%  39.02  tracking_without_comments__784d7d3ac0_292eb8ec4c4c32df28542afd2fa58cc2fbdc06e80f796bf3__vs__48e3a1470e_544ebf53bf4a8a907e22396e5adaa7cf727a89ae989a49cd_redline_3f21ae23dc  (elapsed 2241s, eta 1695s)
2026-10-01T06:19:47Z [1634/2868]  57.0%  62.04  tracking_without_comments__7c87c9cd93_super_editor__complex_list_def_short_fde20a67__vs__5d17fd43a9_complex_style_attr_redline_5477ba61c5  (elapsed 2245s, eta 1696s)
2026-10-01T06:19:49Z [1635/2868]  57.0%  39.22  tracking_without_comments__77dcdfd6dc_20c18b4b5db86ef701aef966f4d5a28da7dd6acd0d3add9c__vs__1d6aaded23_96817b4d3631f78007ec8404ade5ef288b61af0d66770002_redline_fc14feb77d  (elapsed 2247s, eta 1695s)
2026-10-01T06:19:51Z [1636/2868]  57.0%  62.04  tracking_without_comments__7c87c9cd93_super_editor__complex_list_def_short_fde20a67__vs__5d17fd43a9_complex_style_attr_redline_9bd1b2dbb5  (elapsed 2249s, eta 1694s)
2026-10-01T06:19:51Z [1637/2868]  57.1%  52.47  tracking_without_comments__7c31a68295_behavior__pageref_standalone_h_7b3ab72e__vs__e81d1fa10c_behavior__pageref_standalone_uppercase_h_7701e07_redline_55b5c7ed99  (elapsed 2249s, eta 1692s)
2026-10-01T06:19:51Z [1638/2868]  57.1%  51.98  tracking_without_comments__7c31a68295_behavior__pageref_standalone_h_7b3ab72e__vs__e81d1fa10c_behavior__pageref_standalone_uppercase_h_7701e07_redline_9d536f516a  (elapsed 2249s, eta 1689s)
2026-10-01T06:19:53Z [1639/2868]  57.1%  67.55  tracking_without_comments__7c87c9cd93_super_editor__complex_list_def_short_fde20a67__vs__76827c9f6c_super_editor__sd_1480_two_col_index_0138dccc_redline_333e41d238  (elapsed 2251s, eta 1688s)
2026-10-01T06:19:54Z [1640/2868]  57.2%  67.54  tracking_without_comments__7c87c9cd93_super_editor__complex_list_def_short_fde20a67__vs__76827c9f6c_super_editor__sd_1480_two_col_index_0138dccc_redline_f40bd780a6  (elapsed 2252s, eta 1687s)
2026-10-01T06:19:55Z [1641/2868]  57.2%  52.86  tracking_without_comments__7c87c9cd93_super_editor__complex_list_def_short_fde20a67__vs__9b9fce74d9_super_editor__basic_list_0fcfe705_redline_e56790bd63  (elapsed 2253s, eta 1685s)
2026-10-01T06:19:55Z [1642/2868]  57.3%  52.86  tracking_without_comments__7c87c9cd93_super_editor__complex_list_def_short_fde20a67__vs__9b9fce74d9_super_editor__basic_list_0fcfe705_redline_ec822ae7cf  (elapsed 2253s, eta 1682s)
2026-10-01T06:19:57Z [1643/2868]  57.3%  58.56  tracking_without_comments__7d24c5950e_32d0abcfc9_rejected_tracking  (elapsed 2255s, eta 1682s)
2026-10-01T06:19:58Z [1644/2868]  57.3%  47.95  tracking_without_comments__7db24658c2_791ca61933_accepted_tracking  (elapsed 2256s, eta 1680s)
2026-10-01T06:19:59Z [1645/2868]  57.4%  60.68  tracking_without_comments__7e405bc8f2_font_size_12_demo_id_paraid_overflow__vs__93e2be10e6_font_size_18_demo_style_default_missing_redline_d7ca4a6291  (elapsed 2257s, eta 1678s)
2026-10-01T06:20:01Z [1646/2868]  57.4%  38.30  tracking_without_comments__776a437291_behavior__two_column_simple_e77be963__vs__9586202517_super_editor__two_column_two_page_0b8a37c5_redline_9c21af278f  (elapsed 2259s, eta 1677s)
2026-10-01T06:20:02Z [1647/2868]  57.4%  55.23  tracking_without_comments__7c02cf95f3_dec6d5bf2c713cf3e9f0b509a69a2d4b89c2b11a60a828dd  (elapsed 2261s, eta 1676s)
2026-10-01T06:20:04Z [1648/2868]  57.5%  38.30  tracking_without_comments__776a437291_behavior__two_column_simple_e77be963__vs__9586202517_super_editor__two_column_two_page_0b8a37c5_redline_bf527b6048  (elapsed 2263s, eta 1675s)
2026-10-01T06:20:05Z [1649/2868]  57.5%  42.70  tracking_without_comments__7e4c9416aa_00803e70c3646e42abab322238df606c847686168795a703__vs__2e04202552_000e3e7bd2d6215fc7b469cc3e296c1b2a510bc1abc7e0fd_redline_908c3218df  (elapsed 2263s, eta 1673s)
2026-10-01T06:20:07Z [1650/2868]  57.5%  37.59  tracking_without_comments__7e4c9416aa_00803e70c3646e42abab322238df606c847686168795a703__vs__333bfe069a_003416d620331122b93b434dad901db5836f60d2cad4b533_redline_996048d1f6  (elapsed 2265s, eta 1672s)
2026-10-01T06:20:11Z [1651/2868]  57.6%  40.01  tracking_without_comments__7b8a36fc9d_6b022d77b530d0e93df9ee17f79f06423a54fa1788a95c5d__vs__f620bc5c6d_41bae32dd2e76af1f00d37af7b3a353ca826cd6e8c20052c_redline_9129d2ecd2  (elapsed 2270s, eta 1673s)
2026-10-01T06:20:12Z [1652/2868]  57.6%  36.76  tracking_without_comments__7e4c9416aa_00803e70c3646e42abab322238df606c847686168795a703__vs__5203829c7a_001cc92b88566d5f930fe57f25813c0bf52a7bdc72c217d0_redline_fbdc6f1aca  (elapsed 2271s, eta 1671s)
2026-10-01T06:20:13Z [1653/2868]  57.6%  42.28  tracking_without_comments__7c98e8f2b6_f90bb6acf7d2db96913dfdda92798a79e009931c95e5ecec__vs__a53dfa404c_efdf9d0e5a7bcc238f6d83345fe6ee3957610ab31a724db2_redline_7c8558f8ef  (elapsed 2271s, eta 1670s)
2026-10-01T06:20:14Z [1654/2868]  57.7%  42.08  tracking_without_comments__7e685cbab1_super_editor__ooxml_underline_rstyle_linked_comb__vs__1bdbf15f5a_super_editor__orderedlist_interrupted1_a3cd0dd3_redline_78f136c5e9  (elapsed 2272s, eta 1668s)
2026-10-01T06:20:15Z [1655/2868]  57.7%  39.58  tracking_without_comments__7e4c9416aa_00803e70c3646e42abab322238df606c847686168795a703__vs__bd3824dd1e_000ee64ef7226d353297888f59a251e24ce5d776fea000fa_redline_9b0e2d0f41  (elapsed 2273s, eta 1666s)
2026-10-01T06:20:15Z [1656/2868]  57.7%  59.70  tracking_without_comments__7e4c9416aa_00803e70c3646e42abab322238df606c847686168795a703__vs__aa5340125d_00a4b0b91e9b5b072dc3771391c2d608518690eccf44eae8_redline_2dbe802d9a  (elapsed 2273s, eta 1664s)
2026-10-01T06:20:16Z [1657/2868]  57.8%  42.04  tracking_without_comments__7e685cbab1_super_editor__ooxml_underline_rstyle_linked_comb__vs__1bdbf15f5a_super_editor__orderedlist_interrupted1_a3cd0dd3_redline_a726b099a8  (elapsed 2274s, eta 1662s)
2026-10-01T06:20:17Z [1658/2868]  57.8%  47.90  tracking_without_comments__7e56ed1163_df4265bd31bd7012f3cb7715d95f1fbb03351217a6e08307__vs__92a3d25272_c0c198c6e765b87c16ed0138b28e398d5023eb434e204abe_redline_6fd89bfcb3  (elapsed 2275s, eta 1660s)
2026-10-01T06:20:17Z [1659/2868]  57.8%  44.91  tracking_without_comments__7c1109dcf7_ebe15ee657f1d5809390d220b9b5a2106a5977203aa0bfeb__vs__b8b98e975e_48d8c98074d1f09352a9c540ac61f063750ce073d17597c8_redline_538e655297  (elapsed 2276s, eta 1658s)
2026-10-01T06:20:18Z [1660/2868]  57.9%  39.52  tracking_without_comments__7e4c9416aa_00803e70c3646e42abab322238df606c847686168795a703__vs__342f364d46_001342333d45627868f4dc5282abbba4598a91b4a7584b08_redline_2b1b7595a9  (elapsed 2276s, eta 1656s)
2026-10-01T06:20:19Z [1661/2868]  57.9%  60.08  tracking_without_comments__810d222a17_c14d37ccdb_rejected_tracking  (elapsed 2278s, eta 1655s)
2026-10-01T06:20:19Z [1662/2868]  57.9%  68.77  tracking_without_comments__8039952e2d_56915a8dc8_accepted_tracking  (elapsed 2278s, eta 1653s)
2026-10-01T06:20:20Z [1663/2868]  58.0%  80.37  tracking_without_comments__8182e1f595_97e2fdc9ba_rejected_tracking  (elapsed 2278s, eta 1651s)
2026-10-01T06:20:22Z [1664/2868]  58.0%  43.29  tracking_without_comments__80823431bc_ea1fed2d74136683550937c3dfae358f9b3d842d2f19a26e__vs__1f244f1bea_fb618684761911d415f0bc0e32cea10f12c6eb0f3b6f64f9_redline_d3c6552dae  (elapsed 2280s, eta 1650s)
2026-10-01T06:20:23Z [1665/2868]  58.1%  37.68  tracking_without_comments__7fda30a6f2_9cb6df893fcd1a1597981f9b2f2919474ca3125776ed96f8__vs__854e54d0d4_b5a14ebdbbd67607b97eb464dd41ab98caafcc07fbf9b705_redline_9dfd9790c9  (elapsed 2282s, eta 1649s)
2026-10-01T06:20:24Z [1666/2868]  58.1%  45.48  tracking_without_comments__82348eef4b_multi_section__vs__2f23773d63_super_editor__pagination_blank_2a98ed7a_redline_5457f839e0  (elapsed 2283s, eta 1647s)
2026-10-01T06:20:26Z [1667/2868]  58.1%  45.49  tracking_without_comments__82348eef4b_multi_section__vs__2f23773d63_super_editor__pagination_blank_2a98ed7a_redline_7188b9787f  (elapsed 2284s, eta 1646s)
2026-10-01T06:20:26Z [1668/2868]  58.2%  30.97  tracking_without_comments__81f7cad226_009fa3f6b717df4d0e9371d67f305110d5096bc9178134b0__vs__2e04202552_000e3e7bd2d6215fc7b469cc3e296c1b2a510bc1abc7e0fd_redline_bb0bd4ac74  (elapsed 2285s, eta 1644s)
2026-10-01T06:20:28Z [1669/2868]  58.2%  30.43  tracking_without_comments__81f7cad226_009fa3f6b717df4d0e9371d67f305110d5096bc9178134b0__vs__5203829c7a_001cc92b88566d5f930fe57f25813c0bf52a7bdc72c217d0_redline_c2a466fd9e  (elapsed 2286s, eta 1642s)
2026-10-01T06:20:28Z [1670/2868]  58.2%  48.00  tracking_without_comments__82348eef4b_multi_section__vs__f7ece685ff_behavior__math_limit_tests_6dc07867_redline_249ef3e059  (elapsed 2287s, eta 1640s)
2026-10-01T06:20:29Z [1671/2868]  58.3%  34.49  tracking_without_comments__81f7cad226_009fa3f6b717df4d0e9371d67f305110d5096bc9178134b0__vs__bd3824dd1e_000ee64ef7226d353297888f59a251e24ce5d776fea000fa_redline_10c0151247  (elapsed 2287s, eta 1638s)
2026-10-01T06:20:29Z [1672/2868]  58.3%  39.90  tracking_without_comments__19eb128df9_98bf5f3d218a1485f5eb284693b4f98725eadd3660097efd__vs__9666fa13fb_a3701d3600ed5bf6c9bf13e12e4c2a59542eba10f87fad69_redline_5b269ade28  (elapsed 2287s, eta 1636s)
2026-10-01T06:20:30Z [1673/2868]  58.3%  47.96  tracking_without_comments__82794f31ff_evals__basic_list_b4d9bb45__vs__eb714d5f76_evals__blank_bc294b57_redline_31b13fd92e  (elapsed 2288s, eta 1634s)
2026-10-01T06:20:30Z [1674/2868]  58.4%  47.95  tracking_without_comments__82348eef4b_multi_section__vs__f7ece685ff_behavior__math_limit_tests_6dc07867_redline_4c9530a4f7  (elapsed 2288s, eta 1632s)
2026-10-01T06:20:30Z [1675/2868]  58.4%  47.96  tracking_without_comments__82794f31ff_evals__basic_list_b4d9bb45__vs__eb714d5f76_evals__blank_bc294b57_redline_e0510543a2  (elapsed 2288s, eta 1630s)
2026-10-01T06:20:31Z [1676/2868]  58.4%  65.67  tracking_without_comments__82794f31ff_evals__basic_list_b4d9bb45__vs__45f61cfd4f_super_editor__sd_1495_auto_page_break_2_f0f3bf0e_redline_63aab221fa  (elapsed 2290s, eta 1628s)
2026-10-01T06:20:31Z [1677/2868]  58.5%  35.64  tracking_without_comments__8012c1a824_6273733807de175958d895ae29dec781318f1062595cdc19__vs__fe03df057d_62623a37c80ffa4a7b7db550dd06102d2e52c9ba384de7bd_redline_8697c178d8  (elapsed 2290s, eta 1626s)
2026-10-01T06:20:32Z [1678/2868]  58.5%  59.18  tracking_without_comments__82928b2e05_heading_4_style_demo_id_paraid_overflow__vs__5396ca3671_helvetica_font_demo_style_default_missing_redline_d5c605370f  (elapsed 2290s, eta 1624s)
2026-10-01T06:20:33Z [1679/2868]  58.5%  65.67  tracking_without_comments__82794f31ff_evals__basic_list_b4d9bb45__vs__45f61cfd4f_super_editor__sd_1495_auto_page_break_2_f0f3bf0e_redline_9630a86562  (elapsed 2291s, eta 1622s)
2026-10-01T06:20:34Z [1680/2868]  58.6%  51.20  tracking_without_comments__837d45926d_super_editor__header_alternating_odd_even_11e019__vs__b27c7b34e9_super_editor__heading_font_46041620_redline_71e859d346  (elapsed 2292s, eta 1621s)
2026-10-01T06:20:34Z [1681/2868]  58.6%  33.27  tracking_without_comments__7f93204c6c_57c181dae3117b73355f3838635376a547f0b3bf8f865cdd__vs__cfc9a10332_2f8b89ca507b8d91b7124338900088b00fb1faa6bd8b32f7_redline_9592aa7edd  (elapsed 2292s, eta 1619s)
2026-10-01T06:20:34Z [1682/2868]  58.6%  52.87  tracking_without_comments__837d45926d_super_editor__header_alternating_odd_even_11e019__vs__b27c7b34e9_super_editor__heading_font_46041620_redline_8be9f6b228  (elapsed 2292s, eta 1616s)
2026-10-01T06:20:34Z [1683/2868]  58.7%  87.53  tracking_without_comments__831cd41f56_c3e476cddb_accepted_tracking  (elapsed 2293s, eta 1614s)
2026-10-01T06:20:39Z [1684/2868]  58.7%  46.46  tracking_without_comments__6ba5bd3ed9_675bc160844acf63f96db9c42125e80653db32667cac018a__vs__40ac206d09_574391833ed2592c3c7602a1392772629c80f5d9b8c61bd3_redline_99002a2953  (elapsed 2297s, eta 1615s)
2026-10-01T06:20:39Z [1685/2868]  58.8%  33.60  tracking_without_comments__80efad84d3_3691648ca828914f876d636bc9681b6ec9447969ab5ca800__vs__74376f2ca4_39e1a78b406c0f1a22b6a4f2dedd3ee8843fd5d5811dac5e_redline_b0c8fcde0b  (elapsed 2298s, eta 1613s)
2026-10-01T06:20:42Z [1686/2868]  58.8%  60.77  tracking_without_comments__8433fa4770_30de75a79752c5eab370146e5e536aa3bdf71f7b95da6c96__vs__05adbdca35_1ba6810ea0cb5c0c94062533cef18bccb57ed3b4b4be7db9_redline_7edc10162c  (elapsed 2300s, eta 1613s)
2026-10-01T06:20:50Z [1687/2868]  58.8%  56.73  tracking_without_comments__85dd326156_0331552025e2e125862e7037b6a403c89e80278e90344915__vs__6b0572a71a_516816ed5dbb34afd2b27481f64d33fec328af1faf1e8dfd_redline_07284a81e8  (elapsed 2308s, eta 1616s)
2026-10-01T06:20:53Z [1688/2868]  58.9%  66.39  tracking_without_comments__860b6e457e_superscript_demo_id_paraid_overflow__vs__af458715aa_superscript_demo_style_default_missing_redline_894b1e6885  (elapsed 2311s, eta 1615s)
2026-10-01T06:20:56Z [1689/2868]  58.9%  39.96  tracking_without_comments__85a0c80a71_f0abbe323f21465cae355c0c546e8580679a2be92c2dda24__vs__2785563e0e_e670a708fc36fa099c19e230f088168e2ec1c81a107a84f4_redline_e10f3341b2  (elapsed 2314s, eta 1615s)
2026-10-01T06:20:58Z [1690/2868]  58.9%  39.57  tracking_without_comments__849eefdb7e_7429fdae0db732bd2f2dbd382964e22d8200733591aa421d__vs__67555165fa_5aaa1b479afe01ccd8430417730f6ce91d16f00d01314895_redline_4699b416f2  (elapsed 2316s, eta 1615s)
2026-10-01T06:21:08Z [1691/2868]  59.0%  38.14  tracking_without_comments__83a0cec5ca_cc594ee0903acbfa9207a40e3f40a94e75a31b6cdedde4a2__vs__e3d87c5d40_57d3e8f2af09e8376ceb1fb6068ba542964c0cdc936c7995_redline_15a27d9c50  (elapsed 2327s, eta 1619s)
2026-10-01T06:21:09Z [1692/2868]  59.0%  38.93  tracking_without_comments__87dc2ebfec_00ee07057c69b24e2be4bf1a2684792bf6141fdccc35d075__vs__2773adf157_0004c94ca2a8684d47449bb0e7abf87de1df71a7e6543252_redline_9e8fdebfa2  (elapsed 2327s, eta 1617s)
2026-10-01T06:21:12Z [1693/2868]  59.0%  40.04  tracking_without_comments__87dc2ebfec_00ee07057c69b24e2be4bf1a2684792bf6141fdccc35d075__vs__1424386e9b_017447de83753a0e3b7afc659df038ef56972925336c6a5b_redline_fa616b4b60  (elapsed 2331s, eta 1618s)
2026-10-01T06:21:18Z [1694/2868]  59.1%  41.06  tracking_without_comments__87dc2ebfec_00ee07057c69b24e2be4bf1a2684792bf6141fdccc35d075__vs__2e04202552_000e3e7bd2d6215fc7b469cc3e296c1b2a510bc1abc7e0fd_redline_08050ab981  (elapsed 2336s, eta 1619s)
2026-10-01T06:21:18Z [1695/2868]  59.1%  37.83  tracking_without_comments__87dc2ebfec_00ee07057c69b24e2be4bf1a2684792bf6141fdccc35d075__vs__333bfe069a_003416d620331122b93b434dad901db5836f60d2cad4b533_redline_7252aa05ca  (elapsed 2337s, eta 1617s)
2026-10-01T06:21:29Z [1696/2868]  59.1%  36.45  tracking_without_comments__87dc2ebfec_00ee07057c69b24e2be4bf1a2684792bf6141fdccc35d075__vs__5203829c7a_001cc92b88566d5f930fe57f25813c0bf52a7bdc72c217d0_redline_143e7a6dc4  (elapsed 2348s, eta 1622s)
2026-10-01T06:21:43Z [1697/2868]  59.2%  41.74  tracking_without_comments__87dc2ebfec_00ee07057c69b24e2be4bf1a2684792bf6141fdccc35d075__vs__342f364d46_001342333d45627868f4dc5282abbba4598a91b4a7584b08_redline_12e5c4b16d  (elapsed 2361s, eta 1629s)
2026-10-01T06:21:43Z [1698/2868]  59.2%  48.96  tracking_without_comments__87dc2ebfec_00ee07057c69b24e2be4bf1a2684792bf6141fdccc35d075__vs__aa5340125d_00a4b0b91e9b5b072dc3771391c2d608518690eccf44eae8_redline_f5d550349e  (elapsed 2362s, eta 1627s)
2026-10-01T06:21:46Z [1699/2868]  59.2%  44.58  tracking_without_comments__86dc9f8b89_d9741e94a77e8a33fb7135c224d58a30ff22d024d8006678__vs__bf59b6619e_f0c319ff40c294c3ca967fc6067d6ba582481a6f2073b112_redline_ddb7863a39  (elapsed 2365s, eta 1627s)
2026-10-01T06:21:54Z [1700/2868]  59.3%  38.18  tracking_without_comments__87dc2ebfec_00ee07057c69b24e2be4bf1a2684792bf6141fdccc35d075__vs__deff0e697a_00b5defcad6e58038eac35472a2d48c89905068e5ece0cc3_redline_37f5506f86  (elapsed 2372s, eta 1630s)
2026-10-01T06:21:55Z [1701/2868]  59.3%  37.09  tracking_without_comments__87dc2ebfec_00ee07057c69b24e2be4bf1a2684792bf6141fdccc35d075__vs__a5f2b9318d_002aa60c2ae1187417b4b157c5ec6450324cc056ec551a12_redline_61283a9049  (elapsed 2373s, eta 1628s)
2026-10-01T06:21:59Z [1702/2868]  59.3%  39.73  tracking_without_comments__87dc2ebfec_00ee07057c69b24e2be4bf1a2684792bf6141fdccc35d075__vs__bd3824dd1e_000ee64ef7226d353297888f59a251e24ce5d776fea000fa_redline_1abb37f12a  (elapsed 2377s, eta 1629s)
2026-10-01T06:22:04Z [1703/2868]  59.4%  46.19  tracking_without_comments__87ee63a6b6_b88ac900a2a7f9d3d475b69fdc41a213da2f249d3f32e218__vs__1782e25c92_d9e1d2c6898adb00cf03d7667365533d6fb11663f56deafe_redline_14fb06f7e5  (elapsed 2382s, eta 1630s)
2026-10-01T06:22:06Z [1704/2868]  59.4%  41.28  tracking_without_comments__899ef4306e_0017891576e438292c35db3155e97d16ec0d68144e21bfc3__vs__5203829c7a_001cc92b88566d5f930fe57f25813c0bf52a7bdc72c217d0_redline_4cfb593176  (elapsed 2384s, eta 1629s)
2026-10-01T06:22:06Z [1705/2868]  59.4%  59.39  tracking_without_comments__89b44c96a7_super_editor__sdts_basic_45263ca5__vs__a21c45464c_super_editor__shape_group_ce60e1e6_redline_1410d52a72  (elapsed 2385s, eta 1627s)
2026-10-01T06:22:08Z [1706/2868]  59.5%  48.43  tracking_without_comments__88e20c1bd0_file_68__vs__12e6e39286_file_69_redline_10c43b4911  (elapsed 2386s, eta 1625s)
2026-10-01T06:22:09Z [1707/2868]  59.5%  49.40  tracking_without_comments__8a553b35e4_super_editor__doc_with_spaces_from_styles_734ca2__vs__0a1badc333_super_editor__missing_sectpr_967a402d_redline_b62cc72658  (elapsed 2387s, eta 1624s)
2026-10-01T06:22:09Z [1708/2868]  59.6%  77.99  tracking_without_comments__89b44c96a7_super_editor__sdts_basic_45263ca5__vs__a21c45464c_super_editor__shape_group_ce60e1e6_redline_9fae55dec1  (elapsed 2387s, eta 1621s)
2026-10-01T06:22:11Z [1709/2868]  59.6%  42.08  tracking_without_comments__899ef4306e_0017891576e438292c35db3155e97d16ec0d68144e21bfc3__vs__bd3824dd1e_000ee64ef7226d353297888f59a251e24ce5d776fea000fa_redline_fe0cad096f  (elapsed 2389s, eta 1620s)
2026-10-01T06:22:11Z [1710/2868]  59.6%  49.42  tracking_without_comments__8a553b35e4_super_editor__doc_with_spaces_from_styles_734ca2__vs__0a1badc333_super_editor__missing_sectpr_967a402d_redline_f6082a8100  (elapsed 2389s, eta 1618s)
2026-10-01T06:22:12Z [1711/2868]  59.7%  50.67  tracking_without_comments__8a553b35e4_super_editor__doc_with_spaces_from_styles_734ca2__vs__3ad13eed3d_evals__document_9bff7e1b_redline_9382a63a1e  (elapsed 2390s, eta 1616s)
2026-10-01T06:22:12Z [1712/2868]  59.7%  50.68  tracking_without_comments__8a553b35e4_super_editor__doc_with_spaces_from_styles_734ca2__vs__3ad13eed3d_evals__document_9bff7e1b_redline_f0accb02d4  (elapsed 2391s, eta 1614s)
2026-10-01T06:22:13Z [1713/2868]  59.7%  46.16  tracking_without_comments__8a553b35e4_super_editor__doc_with_spaces_from_styles_734ca2__vs__ab064d6482_super_editor__table_width_issue_20b01504_redline_f4654cac31  (elapsed 2391s, eta 1612s)
2026-10-01T06:22:13Z [1714/2868]  59.8%  46.22  tracking_without_comments__8a553b35e4_super_editor__doc_with_spaces_from_styles_734ca2__vs__ab064d6482_super_editor__table_width_issue_20b01504_redline_83a92652e5  (elapsed 2391s, eta 1610s)
2026-10-01T06:22:14Z [1715/2868]  59.8%  45.04  tracking_without_comments__8a553b35e4_super_editor__doc_with_spaces_from_styles_734ca2__vs__b5a6dd6c66_super_editor__diff_before_019353a2_redline_2210596a5e  (elapsed 2393s, eta 1609s)
2026-10-01T06:22:14Z [1716/2868]  59.8%  45.14  tracking_without_comments__8a553b35e4_super_editor__doc_with_spaces_from_styles_734ca2__vs__b5a6dd6c66_super_editor__diff_before_019353a2_redline_df196213a7  (elapsed 2393s, eta 1606s)
2026-10-01T06:22:15Z [1717/2868]  59.9%  50.02  tracking_without_comments__8a553b35e4_super_editor__doc_with_spaces_from_styles_734ca2__vs__de3c6fded9_super_editor__doc_with_spacing_e3d47bd7_redline_d239049a2f  (elapsed 2394s, eta 1605s)
2026-10-01T06:22:16Z [1718/2868]  59.9%  50.03  tracking_without_comments__8a553b35e4_super_editor__doc_with_spaces_from_styles_734ca2__vs__de3c6fded9_super_editor__doc_with_spacing_e3d47bd7_redline_e0f213a660  (elapsed 2394s, eta 1602s)
2026-10-01T06:22:17Z [1719/2868]  59.9%  59.23  tracking_without_comments__8a7f242026_center_bold_demo_id_paraid_overflow__vs__3e43d24c46_clear_formatting_demo_id_paraid_overflow_redline_80572dd900  (elapsed 2395s, eta 1601s)
2026-10-01T06:22:19Z [1720/2868]  60.0%  62.42  tracking_without_comments__8b3bfdf247_calibri_bold_italic_demo_id_paraid_overflow__vs__9297fc746e_calibri_font_demo_id_paraid_overflow_2_redline_cd116dcfa3  (elapsed 2397s, eta 1600s)
2026-10-01T06:22:20Z [1721/2868]  60.0%  52.54  tracking_without_comments__8ab3f01cdd_super_editor__paragraph_indent_normal_styles_85f__vs__f62e209c7c_super_editor__paragraph_ppr_variations_a7653eb1_redline_7809e61d82  (elapsed 2398s, eta 1598s)
2026-10-01T06:22:20Z [1722/2868]  60.0%  52.51  tracking_without_comments__8ab3f01cdd_super_editor__paragraph_indent_normal_styles_85f__vs__f62e209c7c_super_editor__paragraph_ppr_variations_a7653eb1_redline_99c941f9df  (elapsed 2398s, eta 1596s)
2026-10-01T06:22:25Z [1723/2868]  60.1%  50.68  tracking_without_comments__8c11ad13af_ede1920163_rejected_tracking  (elapsed 2404s, eta 1597s)
2026-10-01T06:22:29Z [1724/2868]  60.1%  49.21  tracking_without_comments__8b30df7b75_bcaba576298c226de3778b235884ca96d3e104c7909da8f0__vs__49ff396d6c_25b38ba7aafd509546fa3b44c830f458c61f574879308882_redline_380aeec055  (elapsed 2408s, eta 1598s)
2026-10-01T06:22:32Z [1725/2868]  60.1%  57.91  tracking_without_comments__8c730b5c80_heading_4_right_italic_id_paraid_overflow__vs__00da16e738_heading_4_style_demo_id_paraid_overflow_2_redline_4e4f5b193b  (elapsed 2410s, eta 1597s)
2026-10-01T06:22:34Z [1726/2868]  60.2%  74.61  tracking_without_comments__8c7f16e573_super_editor__basic_tracked_change_5a9ff724  (elapsed 2412s, eta 1596s)
2026-10-01T06:22:35Z [1727/2868]  60.2%  39.54  tracking_without_comments__4adc608648_2488d971f129d2ad9ee2746e23daeadffa071001e2686533__vs__279da0a289_a4168b8a3243b602dbbc156765888e0596f9d3e4dac17549_redline_bbfeb633fc  (elapsed 2414s, eta 1595s)
2026-10-01T06:22:36Z [1728/2868]  60.3%  37.26  tracking_without_comments__8b45820aa8_file_100__vs__0d6cc8a99c_file_101_redline_f953aac51a  (elapsed 2414s, eta 1593s)
2026-10-01T06:22:37Z [1729/2868]  60.3%  45.45  tracking_without_comments__8c7f16e573_super_editor__basic_tracked_change_5a9ff724__vs__d678cb4275_super_editor__blank_doc_b2a325e7_redline_4a526d096f  (elapsed 2415s, eta 1591s)
2026-10-01T06:22:37Z [1730/2868]  60.3%  70.67  tracking_without_comments__8c7f16e573_super_editor__basic_tracked_change_5a9ff724__vs__9c1fb4747e_super_editor__sd_1495_auto_page_break_854a2dd9_redline_8fe9b001b0  (elapsed 2416s, eta 1589s)
2026-10-01T06:22:39Z [1731/2868]  60.4%  40.83  tracking_without_comments__8c67bcfe65_d41a99929b13b393a913649f7b39e9df2a6aa4878230cf7e__vs__49fe5bd42a_f50f63dd4889ab0b190ef8a18dfa6b8eb308ab352f519bf4_redline_8287241b7c  (elapsed 2417s, eta 1588s)
2026-10-01T06:22:40Z [1732/2868]  60.4%  67.75  tracking_without_comments__8c9fd701f9_73105518ef_accepted_tracking  (elapsed 2418s, eta 1586s)
2026-10-01T06:22:42Z [1733/2868]  60.4%  39.21  tracking_without_comments__8cd372b814_0193e5015be906eb45df5f7b3ceb682c7ff53cb52f15a0bf__vs__5203829c7a_001cc92b88566d5f930fe57f25813c0bf52a7bdc72c217d0_redline_7cc49300fd  (elapsed 2420s, eta 1585s)
2026-10-01T06:22:44Z [1734/2868]  60.5%  38.99  tracking_without_comments__8441c4ae21_sd_2517_localized_heading_styles__vs__7b076416b0_sectpr_headerref_redline_3182a1cb82  (elapsed 2423s, eta 1584s)
2026-10-01T06:22:45Z [1735/2868]  60.5%  50.07  tracking_without_comments__8b45820aa8_file_100  (elapsed 2424s, eta 1583s)
2026-10-01T06:22:46Z [1736/2868]  60.5%  48.52  tracking_without_comments__8df6dfa8d7_alternate_content__vs__0b1d0278ce_behavior__math_radical_tests_4c1ce187_redline_57b619e3f7  (elapsed 2424s, eta 1581s)
2026-10-01T06:22:46Z [1737/2868]  60.6%  39.30  tracking_without_comments__8d7d184041_512b24be1e_accepted_tracking  (elapsed 2424s, eta 1579s)
2026-10-01T06:22:46Z [1738/2868]  60.6%  48.57  tracking_without_comments__8df6dfa8d7_alternate_content__vs__0b1d0278ce_behavior__math_radical_tests_4c1ce187_redline_9a3e55273c  (elapsed 2425s, eta 1576s)
2026-10-01T06:22:47Z [1739/2868]  60.6%  38.08  tracking_without_comments__8441c4ae21_sd_2517_localized_heading_styles__vs__7e685cbab1_super_editor__ooxml_underline_rstyle_linked_comb_redline_f0875f6d19  (elapsed 2425s, eta 1574s)
2026-10-01T06:22:47Z [1740/2868]  60.7%  38.03  tracking_without_comments__8441c4ae21_sd_2517_localized_heading_styles__vs__7e685cbab1_super_editor__ooxml_underline_rstyle_linked_comb_redline_9bd3b882f8  (elapsed 2426s, eta 1572s)
2026-10-01T06:22:47Z [1741/2868]  60.7%  50.96  tracking_without_comments__8df6dfa8d7_alternate_content__vs__accec0538a_anchor_images_redline_880cffd893  (elapsed 2426s, eta 1570s)
2026-10-01T06:22:47Z [1742/2868]  60.7%  38.43  tracking_without_comments__8441c4ae21_sd_2517_localized_heading_styles__vs__7b076416b0_sectpr_headerref_redline_5a96435b1a  (elapsed 2426s, eta 1568s)
2026-10-01T06:22:48Z [1743/2868]  60.8%  51.06  tracking_without_comments__8df6dfa8d7_alternate_content__vs__accec0538a_anchor_images_redline_fafad10028  (elapsed 2426s, eta 1566s)
2026-10-01T06:22:49Z [1744/2868]  60.8%  38.40  tracking_without_comments__8441c4ae21_sd_2517_localized_heading_styles__vs__f584285fed_behavior__sd_2672_gridbefore_vmerge_7c895dff_redline_91c1ece7c9  (elapsed 2427s, eta 1564s)
2026-10-01T06:22:50Z [1745/2868]  60.8%  46.53  tracking_without_comments__8d074dbf32_9d9a8c7a44e6936f611d8ee060f98bbc01dbe0205235d507__vs__853563f59b_805fc2a77dc40868ccc7a00204e4c6a22e8ac36e1d746361_redline_6213202228  (elapsed 2428s, eta 1563s)
2026-10-01T06:22:51Z [1746/2868]  60.9%  38.58  tracking_without_comments__8441c4ae21_sd_2517_localized_heading_styles__vs__f584285fed_behavior__sd_2672_gridbefore_vmerge_7c895dff_redline_bc8691e22a  (elapsed 2429s, eta 1561s)
2026-10-01T06:22:53Z [1747/2868]  60.9%  34.79  tracking_without_comments__8e362f619c_001a1c8e7a7ce5a802479fb58bf4affd239449ecb33b64ec__vs__333bfe069a_003416d620331122b93b434dad901db5836f60d2cad4b533_redline_7f408eb035  (elapsed 2431s, eta 1560s)
2026-10-01T06:22:54Z [1748/2868]  60.9%  41.82  tracking_without_comments__8e362f619c_001a1c8e7a7ce5a802479fb58bf4affd239449ecb33b64ec__vs__bd3824dd1e_000ee64ef7226d353297888f59a251e24ce5d776fea000fa_redline_309cb522fb  (elapsed 2432s, eta 1558s)
2026-10-01T06:22:54Z [1749/2868]  61.0%  37.78  tracking_without_comments__8e362f619c_001a1c8e7a7ce5a802479fb58bf4affd239449ecb33b64ec__vs__5203829c7a_001cc92b88566d5f930fe57f25813c0bf52a7bdc72c217d0_redline_d0caf04bf5  (elapsed 2432s, eta 1556s)
2026-10-01T06:22:54Z [1750/2868]  61.0%  43.71  tracking_without_comments__8e362f619c_001a1c8e7a7ce5a802479fb58bf4affd239449ecb33b64ec__vs__2e04202552_000e3e7bd2d6215fc7b469cc3e296c1b2a510bc1abc7e0fd_redline_843cd91c9b  (elapsed 2432s, eta 1554s)
2026-10-01T06:23:02Z [1751/2868]  61.1%  44.49  tracking_without_comments__8e534b49f0_00a9b37342f07e6b9bd5b8fffbe4dd777d31053171e69da2__vs__2773adf157_0004c94ca2a8684d47449bb0e7abf87de1df71a7e6543252_redline_83de2974df  (elapsed 2440s, eta 1556s)
2026-10-01T06:23:03Z [1752/2868]  61.1%  45.79  tracking_without_comments__8d23640a14_6e163337b1d8b01a27423711b5faa726b49440a824ae90d9__vs__4e1ae95712_540e14bc1dedc88dcd609487293c6b4e916bfb5354ba2ef2_redline_8400c88117  (elapsed 2442s, eta 1555s)
2026-10-01T06:23:04Z [1753/2868]  61.1%  62.78  tracking_without_comments__8e5efb0d0b_inventory_list_suggesting_mixed_edits  (elapsed 2442s, eta 1553s)
2026-10-01T06:23:05Z [1754/2868]  61.2%  37.64  tracking_without_comments__8e534b49f0_00a9b37342f07e6b9bd5b8fffbe4dd777d31053171e69da2__vs__2e04202552_000e3e7bd2d6215fc7b469cc3e296c1b2a510bc1abc7e0fd_redline_aeff6a9631  (elapsed 2443s, eta 1551s)
2026-10-01T06:23:05Z [1755/2868]  61.2%  37.10  tracking_without_comments__8dcd453923_numwords_fldsimple__vs__1e0254763b_strict01_redline_9ec1e7ed5d  (elapsed 2443s, eta 1550s)
2026-10-01T06:23:06Z [1756/2868]  61.2%  61.97  tracking_without_comments__8e672e0a48_super_editor__complex_list_def_short_export_8fa1__vs__7c87c9cd93_super_editor__complex_list_def_short_fde20a67_redline_05b2ec721b  (elapsed 2444s, eta 1548s)
2026-10-01T06:23:06Z [1757/2868]  61.3%  61.97  tracking_without_comments__8e672e0a48_super_editor__complex_list_def_short_export_8fa1__vs__7c87c9cd93_super_editor__complex_list_def_short_fde20a67_redline_c14ff08960  (elapsed 2444s, eta 1545s)
2026-10-01T06:23:08Z [1758/2868]  61.3%  57.67  tracking_without_comments__8ee210e927_super_editor__missing_separator_41c823b9__vs__5add12cb1b_super_editor__msword_tracked_changes_4794adc4_redline_d64aa02646  (elapsed 2446s, eta 1544s)
2026-10-01T06:23:08Z [1759/2868]  61.3%  53.35  tracking_without_comments__8ee210e927_super_editor__missing_separator_41c823b9__vs__668fe0a735_super_editor__ooxml_bold_vals_demo_9e688d8f_redline_660d1fa273  (elapsed 2446s, eta 1542s)
2026-10-01T06:23:10Z [1760/2868]  61.4%  49.21  tracking_without_comments__8ee210e927_super_editor__missing_separator_41c823b9__vs__75aeff4f58_super_editor__diff_after9_a9d4b4b0_redline_3528434041  (elapsed 2448s, eta 1541s)
2026-10-01T06:23:10Z [1761/2868]  61.4%  54.66  tracking_without_comments__8ee210e927_super_editor__missing_separator_41c823b9__vs__668fe0a735_super_editor__ooxml_bold_vals_demo_9e688d8f_redline_684e190acd  (elapsed 2448s, eta 1539s)
2026-10-01T06:23:10Z [1762/2868]  61.4%  39.15  tracking_without_comments__8e534b49f0_00a9b37342f07e6b9bd5b8fffbe4dd777d31053171e69da2__vs__5203829c7a_001cc92b88566d5f930fe57f25813c0bf52a7bdc72c217d0_redline_99aed3b8e2  (elapsed 2448s, eta 1537s)
2026-10-01T06:23:11Z [1763/2868]  61.5%  40.17  tracking_without_comments__8e534b49f0_00a9b37342f07e6b9bd5b8fffbe4dd777d31053171e69da2__vs__333bfe069a_003416d620331122b93b434dad901db5836f60d2cad4b533_redline_2b0b9989fe  (elapsed 2450s, eta 1535s)
2026-10-01T06:23:12Z [1764/2868]  61.5%  53.52  tracking_without_comments__8ee210e927_super_editor__missing_separator_41c823b9__vs__75aeff4f58_super_editor__diff_after9_a9d4b4b0_redline_452e7d4fef  (elapsed 2450s, eta 1533s)
2026-10-01T06:23:12Z [1765/2868]  61.5%  73.73  tracking_without_comments__8fb278cb36_word_tolerated_duplicate_ppr__vs__59e262115f_super_editor__features_redlines_comments_annotat_redline_c12ee3e25e  (elapsed 2451s, eta 1531s)
2026-10-01T06:23:13Z [1766/2868]  61.6%  47.50  tracking_without_comments__90072c409a_b14882f3e9_accepted_tracking  (elapsed 2451s, eta 1529s)
2026-10-01T06:23:13Z [1767/2868]  61.6%  42.17  tracking_without_comments__8ea9be8350_a8770c0030d298312df257d3a79f0467a033a21b30ac0ec8__vs__ba8afe5c7a_e73ba1e0c215ac5e356ce6dc44500e73d41ee11ce01dd91a_redline_3b429bb993  (elapsed 2452s, eta 1528s)
2026-10-01T06:23:14Z [1768/2868]  61.6%  62.82  tracking_without_comments__902a69f0e4_super_editor__line_space_table_9b1ee54b__vs__5e5fa9b5fb_super_editor__list_def_mix_d7cec092_redline_062340d04a  (elapsed 2452s, eta 1526s)
2026-10-01T06:23:14Z [1769/2868]  61.7%  39.60  tracking_without_comments__8e534b49f0_00a9b37342f07e6b9bd5b8fffbe4dd777d31053171e69da2__vs__bd3824dd1e_000ee64ef7226d353297888f59a251e24ce5d776fea000fa_redline_ea09a6505d  (elapsed 2452s, eta 1524s)
2026-10-01T06:23:14Z [1770/2868]  61.7%  62.82  tracking_without_comments__902a69f0e4_super_editor__line_space_table_9b1ee54b__vs__5e5fa9b5fb_super_editor__list_def_mix_d7cec092_redline_b0148e9dd0  (elapsed 2453s, eta 1521s)
2026-10-01T06:23:15Z [1771/2868]  61.8%  48.67  tracking_without_comments__906753e55b_super_editor__table_c70ca973__vs__2e41610325_super_editor__diff_after6_5f9799d0_redline_4d14b85c74  (elapsed 2453s, eta 1519s)
2026-10-01T06:23:15Z [1772/2868]  61.8%  39.73  tracking_without_comments__8e534b49f0_00a9b37342f07e6b9bd5b8fffbe4dd777d31053171e69da2__vs__deff0e697a_00b5defcad6e58038eac35472a2d48c89905068e5ece0cc3_redline_0c27542f55  (elapsed 2453s, eta 1517s)
2026-10-01T06:23:15Z [1773/2868]  61.8%  39.65  tracking_without_comments__8e534b49f0_00a9b37342f07e6b9bd5b8fffbe4dd777d31053171e69da2__vs__342f364d46_001342333d45627868f4dc5282abbba4598a91b4a7584b08_redline_510bcf9432  (elapsed 2453s, eta 1515s)
2026-10-01T06:23:15Z [1774/2868]  61.9%  48.83  tracking_without_comments__906753e55b_super_editor__table_c70ca973__vs__2e41610325_super_editor__diff_after6_5f9799d0_redline_bfe79c5aa2  (elapsed 2453s, eta 1513s)
2026-10-01T06:23:16Z [1775/2868]  61.9%  54.29  tracking_without_comments__906753e55b_super_editor__table_c70ca973__vs__3faf9e000d_super_editor__text_color_highlight_36cb4c90_redline_3fb1c82094  (elapsed 2454s, eta 1511s)
2026-10-01T06:23:16Z [1776/2868]  61.9%  54.30  tracking_without_comments__906753e55b_super_editor__table_c70ca973__vs__3faf9e000d_super_editor__text_color_highlight_36cb4c90_redline_7595764e92  (elapsed 2454s, eta 1509s)
2026-10-01T06:23:16Z [1777/2868]  62.0%  56.67  tracking_without_comments__90e2c33814_meeting_agenda_table_2__vs__e0c027b1ca_meeting_agenda_table_redline_eca460b37d  (elapsed 2454s, eta 1507s)
2026-10-01T06:23:17Z [1778/2868]  62.0%  48.26  tracking_without_comments__8e8d328cb4_4f0e4693e69502c6d92893ba330618a8e50711e4760e48d9__vs__db5a90d753_1c521aea2a77a591a11c9fa7ed352309eb5bcdfb978a80cb_redline_eec31d3b47  (elapsed 2456s, eta 1505s)
2026-10-01T06:23:19Z [1779/2868]  62.0%  48.44  tracking_without_comments__8e534b49f0_00a9b37342f07e6b9bd5b8fffbe4dd777d31053171e69da2__vs__aa5340125d_00a4b0b91e9b5b072dc3771391c2d608518690eccf44eae8_redline_d48277585f  (elapsed 2458s, eta 1504s)
2026-10-01T06:23:21Z [1780/2868]  62.1%  50.65  tracking_without_comments__91440900a0_00189e19139f6e3031303e4152566a7bc08fab71a5c95895__vs__2773adf157_0004c94ca2a8684d47449bb0e7abf87de1df71a7e6543252_redline_544952d399  (elapsed 2459s, eta 1503s)
2026-10-01T06:23:21Z [1781/2868]  62.1%  44.87  tracking_without_comments__91440900a0_00189e19139f6e3031303e4152566a7bc08fab71a5c95895__vs__333bfe069a_003416d620331122b93b434dad901db5836f60d2cad4b533_redline_78a112c677  (elapsed 2459s, eta 1501s)
2026-10-01T06:23:22Z [1782/2868]  62.1%  50.09  tracking_without_comments__91440900a0_00189e19139f6e3031303e4152566a7bc08fab71a5c95895__vs__2e04202552_000e3e7bd2d6215fc7b469cc3e296c1b2a510bc1abc7e0fd_redline_f5a96e5724  (elapsed 2460s, eta 1499s)
2026-10-01T06:23:24Z [1783/2868]  62.2%  41.55  tracking_without_comments__91440900a0_00189e19139f6e3031303e4152566a7bc08fab71a5c95895__vs__5203829c7a_001cc92b88566d5f930fe57f25813c0bf52a7bdc72c217d0_redline_fadd1f9bed  (elapsed 2462s, eta 1498s)
2026-10-01T06:23:27Z [1784/2868]  62.2%  53.58  tracking_without_comments__91440900a0_00189e19139f6e3031303e4152566a7bc08fab71a5c95895__vs__1424386e9b_017447de83753a0e3b7afc659df038ef56972925336c6a5b_redline_d35dccc87b  (elapsed 2466s, eta 1498s)
2026-10-01T06:23:27Z [1785/2868]  62.2%  44.20  tracking_without_comments__91440900a0_00189e19139f6e3031303e4152566a7bc08fab71a5c95895__vs__bd3824dd1e_000ee64ef7226d353297888f59a251e24ce5d776fea000fa_redline_526a7a8bba  (elapsed 2466s, eta 1496s)
2026-10-01T06:23:28Z [1786/2868]  62.3%  44.84  tracking_without_comments__91440900a0_00189e19139f6e3031303e4152566a7bc08fab71a5c95895__vs__deff0e697a_00b5defcad6e58038eac35472a2d48c89905068e5ece0cc3_redline_a3dddd5dfc  (elapsed 2466s, eta 1494s)
2026-10-01T06:23:29Z [1787/2868]  62.3%  59.68  tracking_without_comments__92589c3e37_super_editor__pre_separated_list_bd330d28__vs__43dd6753e6_super_editor__diff_before7_5bad2542_redline_4f2cc27f3b  (elapsed 2468s, eta 1493s)
2026-10-01T06:23:29Z [1788/2868]  62.3%  50.06  tracking_without_comments__8e534b49f0_00a9b37342f07e6b9bd5b8fffbe4dd777d31053171e69da2__vs__a5f2b9318d_002aa60c2ae1187417b4b157c5ec6450324cc056ec551a12_redline_2e5338a837  (elapsed 2468s, eta 1490s)
2026-10-01T06:23:30Z [1789/2868]  62.4%  59.64  tracking_without_comments__92589c3e37_super_editor__pre_separated_list_bd330d28__vs__43dd6753e6_super_editor__diff_before7_5bad2542_redline_df8e2e019f  (elapsed 2468s, eta 1488s)
2026-10-01T06:23:30Z [1790/2868]  62.4%  54.16  tracking_without_comments__91440900a0_00189e19139f6e3031303e4152566a7bc08fab71a5c95895__vs__aa5340125d_00a4b0b91e9b5b072dc3771391c2d608518690eccf44eae8_redline_60f07758a1  (elapsed 2468s, eta 1486s)
2026-10-01T06:23:32Z [1791/2868]  62.4%  90.40  tracking_without_comments__90e66cc5a0_6fb9bbdb49_accepted_tracking  (elapsed 2470s, eta 1485s)
2026-10-01T06:23:32Z [1792/2868]  62.5%  65.50  tracking_without_comments__9297fc746e_calibri_font_demo_id_paraid_overflow_2__vs__f3b2e74e02_calibri_font_demo_id_paraid_overflow_redline_34fc0e1cec  (elapsed 2470s, eta 1483s)
2026-10-01T06:23:32Z [1793/2868]  62.5%  44.73  tracking_without_comments__9322444a3f_behavior__sd_2888_hyperlink_with_ampersand_aaaac__vs__c4ee483519_tiff_image_redline_3c8e1237e2  (elapsed 2470s, eta 1481s)
2026-10-01T06:23:33Z [1794/2868]  62.6%  79.53  tracking_without_comments__9254fa17fe_0d3f2a29da_rejected_tracking  (elapsed 2472s, eta 1480s)
2026-10-01T06:23:34Z [1795/2868]  62.6%  44.73  tracking_without_comments__9322444a3f_behavior__sd_2888_hyperlink_with_ampersand_aaaac__vs__c4ee483519_tiff_image_redline_5f137fe5fa  (elapsed 2472s, eta 1478s)
2026-10-01T06:23:36Z [1796/2868]  62.6%  58.33  tracking_without_comments__9333b7ab9b_customer_satisfaction_survey_q4_suggesting_inser  (elapsed 2474s, eta 1477s)
2026-10-01T06:23:37Z [1797/2868]  62.7%  38.64  tracking_without_comments__927ac9aa34_08c4a91af911ba28211b34993f02e105aa8e3bcca2f14a62__vs__510fc04622_2e1b3238f72dd915c2fe92d6a01c213169f0992205e89bef_redline_4f6ee65d41  (elapsed 2475s, eta 1475s)
2026-10-01T06:23:37Z [1798/2868]  62.7%  56.09  tracking_without_comments__93477c6068_contract_review_suggesting_mixed_edits  (elapsed 2475s, eta 1473s)
2026-10-01T06:23:37Z [1799/2868]  62.7%  48.55  tracking_without_comments__92c32065fc_6768c9be0e1ad3a614793bcdfe18d0fc3ddde7aa6a53ea07__vs__bc8c55e9ec_8924f0828b382f66897b2746ed4b0fa509c5aebf99f369d3_redline_2f65e5a27c  (elapsed 2475s, eta 1471s)
2026-10-01T06:23:38Z [1800/2868]  62.8%  64.51  tracking_without_comments__9332d3001f_super_editor__sdpr_titleonly_b0796676__vs__3b639ef236_super_editor__sdpr_8cc15994_redline_58cf51a1e4  (elapsed 2476s, eta 1469s)
2026-10-01T06:23:38Z [1801/2868]  62.8%  59.98  tracking_without_comments__93485182eb_font_color_blue_demo_style_default_missing__vs__33e7d339be_font_color_demo_style_default_missing_redline_453147b091  (elapsed 2476s, eta 1467s)
2026-10-01T06:23:38Z [1802/2868]  62.8%  64.99  tracking_without_comments__9332d3001f_super_editor__sdpr_titleonly_b0796676__vs__3b639ef236_super_editor__sdpr_8cc15994_redline_d4475f9b62  (elapsed 2476s, eta 1465s)
2026-10-01T06:23:39Z [1803/2868]  62.9%  60.00  tracking_without_comments__936c03fb11_c41217de00_accepted_tracking  (elapsed 2477s, eta 1463s)
2026-10-01T06:23:39Z [1804/2868]  62.9%  43.47  tracking_without_comments__91440900a0_00189e19139f6e3031303e4152566a7bc08fab71a5c95895__vs__a5f2b9318d_002aa60c2ae1187417b4b157c5ec6450324cc056ec551a12_redline_4b8db8c7a5  (elapsed 2478s, eta 1461s)
2026-10-01T06:23:40Z [1805/2868]  62.9%  59.35  tracking_without_comments__93db7f65b3_project_plan_suggesting_insertions  (elapsed 2478s, eta 1459s)
2026-10-01T06:23:40Z [1806/2868]  63.0%  61.49  tracking_without_comments__93e2be10e6_font_size_18_demo_style_default_missing__vs__c20e9b2d21_font_size_24_demo_id_paraid_overflow_redline_ed96b4a4fe  (elapsed 2478s, eta 1457s)
2026-10-01T06:23:40Z [1807/2868]  63.0%  55.55  tracking_without_comments__91440900a0_00189e19139f6e3031303e4152566a7bc08fab71a5c95895__vs__342f364d46_001342333d45627868f4dc5282abbba4598a91b4a7584b08_redline_1d7fa3bd5e  (elapsed 2478s, eta 1455s)
2026-10-01T06:23:40Z [1808/2868]  63.0%  38.11  tracking_without_comments__926de38fde_6902d1d33bfc6ace15261771f39ddaa744cbf06f4ec3bf8b__vs__7209f54d75_6c5db378781787f7200117e9f8fcb4ca177e6cb11c01bad7_redline_82d548bdea  (elapsed 2478s, eta 1453s)
2026-10-01T06:23:40Z [1809/2868]  63.1%  41.69  tracking_without_comments__9157a277e6_b2f18058eb208aedb4ae71061c4b8fee327620e1a9391735__vs__e0086a5a74_9b7d937ec2a6b1fdaa04bdd3be51d145d35245d86b074053_redline_600b6a365e  (elapsed 2479s, eta 1451s)
2026-10-01T06:23:41Z [1810/2868]  63.1%  56.89  tracking_without_comments__93d00bd26b_3c920d5996_rejected_tracking  (elapsed 2479s, eta 1449s)
2026-10-01T06:23:41Z [1811/2868]  63.1%  39.32  tracking_without_comments__91c68ac12f_jubarte_redline_t0  (elapsed 2479s, eta 1447s)
2026-10-01T06:23:43Z [1812/2868]  63.2%  58.33  tracking_without_comments__9610bc363d_track_changes_editing_strikethrough_id_paraid_ov__vs__bf23b1e436_track_changes_suggesting_bold_id_paraid_overflow_redline_313468af26  (elapsed 2481s, eta 1446s)
2026-10-01T06:23:44Z [1813/2868]  63.2%  42.78  tracking_without_comments__95c855b9a0_001671bbb68c5b9ebebebfc8be69252ccc195babb3129278__vs__5203829c7a_001cc92b88566d5f930fe57f25813c0bf52a7bdc72c217d0_redline_a4860c6049  (elapsed 2482s, eta 1444s)
2026-10-01T06:23:45Z [1814/2868]  63.2%  59.83  tracking_without_comments__963d40d5f8_employee_review_john_smith_suggesting_insertions  (elapsed 2483s, eta 1443s)
2026-10-01T06:23:46Z [1815/2868]  63.3%  65.91  tracking_without_comments__966994cba9_track_changes_suggesting_calibri_id_paraid_overf__vs__c21d15c9e9_track_changes_suggesting_center_id_paraid_overfl_redline_20da99abef  (elapsed 2484s, eta 1441s)
2026-10-01T06:23:47Z [1816/2868]  63.3%  41.21  tracking_without_comments__95505e5cea_876134303c497ac4ec8cd8084f7098d889bc610b52d17afd__vs__578d5e0fb7_419db1f41a38dff07043e939caa1bc48ac1cb0c0fa157c15_redline_d3f2b808b2  (elapsed 2486s, eta 1440s)
2026-10-01T06:23:48Z [1817/2868]  63.4%  40.18  tracking_without_comments__9586202517_super_editor__two_column_two_page_0b8a37c5__vs__7b076416b0_sectpr_headerref_redline_170add5b1c  (elapsed 2486s, eta 1438s)
2026-10-01T06:23:49Z [1818/2868]  63.4%  40.19  tracking_without_comments__9586202517_super_editor__two_column_two_page_0b8a37c5__vs__7b076416b0_sectpr_headerref_redline_9b9d92c881  (elapsed 2487s, eta 1436s)
2026-10-01T06:23:49Z [1819/2868]  63.4%  39.83  tracking_without_comments__9586202517_super_editor__two_column_two_page_0b8a37c5__vs__cdf27ad0d3_behavior__sd_2672_nested_table_dfac08bb_redline_e42a88b8ef  (elapsed 2487s, eta 1434s)
2026-10-01T06:23:49Z [1820/2868]  63.5%  40.00  tracking_without_comments__9586202517_super_editor__two_column_two_page_0b8a37c5__vs__cdf27ad0d3_behavior__sd_2672_nested_table_dfac08bb_redline_d132040c7c  (elapsed 2487s, eta 1432s)
2026-10-01T06:23:49Z [1821/2868]  63.5%  51.36  tracking_without_comments__96a0ee0e8f_004b3b3dd84014405562584f62d67267b9a7993e21b974e8__vs__2773adf157_0004c94ca2a8684d47449bb0e7abf87de1df71a7e6543252_redline_fe89171ce8  (elapsed 2488s, eta 1430s)
2026-10-01T06:23:50Z [1822/2868]  63.5%  49.45  tracking_without_comments__96a0ee0e8f_004b3b3dd84014405562584f62d67267b9a7993e21b974e8__vs__2e04202552_000e3e7bd2d6215fc7b469cc3e296c1b2a510bc1abc7e0fd_redline_131d2441e6  (elapsed 2489s, eta 1429s)
2026-10-01T06:23:52Z [1823/2868]  63.6%  42.15  tracking_without_comments__96a0ee0e8f_004b3b3dd84014405562584f62d67267b9a7993e21b974e8__vs__333bfe069a_003416d620331122b93b434dad901db5836f60d2cad4b533_redline_c4a18d1d66  (elapsed 2490s, eta 1427s)
2026-10-01T06:23:53Z [1824/2868]  63.6%  43.28  tracking_without_comments__96fa27757a_behavior__rtl_page_numpages_54739e26__vs__4cb1926093_behavior__sd_1960_word_replacement_no_comments_1_redline_a57fd27d47  (elapsed 2492s, eta 1426s)
2026-10-01T06:23:55Z [1825/2868]  63.6%  42.09  tracking_without_comments__96a0ee0e8f_004b3b3dd84014405562584f62d67267b9a7993e21b974e8__vs__5203829c7a_001cc92b88566d5f930fe57f25813c0bf52a7bdc72c217d0_redline_11a0f5fc2d  (elapsed 2493s, eta 1425s)
2026-10-01T06:23:55Z [1826/2868]  63.7%  37.96  tracking_without_comments__9482ffdc82_060638586497752e8ed47e36862b219e50ada92f80b592db__vs__8b28c87945_b6dd1b2bdaef1b402ed554b3aa113cccfff1df5304936303_redline_53050f6fb8  (elapsed 2494s, eta 1423s)
2026-10-01T06:23:55Z [1827/2868]  63.7%  50.34  tracking_without_comments__972dc076c1_super_editor__longer_header_sign_area_7c80b525__vs__0a1badc333_super_editor__missing_sectpr_967a402d_redline_aeebe78a1f  (elapsed 2494s, eta 1421s)
2026-10-01T06:23:55Z [1828/2868]  63.7%  46.57  tracking_without_comments__96a0ee0e8f_004b3b3dd84014405562584f62d67267b9a7993e21b974e8__vs__deff0e697a_00b5defcad6e58038eac35472a2d48c89905068e5ece0cc3_redline_c3641772d7  (elapsed 2494s, eta 1419s)
2026-10-01T06:23:57Z [1829/2868]  63.8%  44.23  tracking_without_comments__96a0ee0e8f_004b3b3dd84014405562584f62d67267b9a7993e21b974e8__vs__bd3824dd1e_000ee64ef7226d353297888f59a251e24ce5d776fea000fa_redline_1033379241  (elapsed 2495s, eta 1417s)
2026-10-01T06:23:57Z [1830/2868]  63.8%  50.25  tracking_without_comments__972dc076c1_super_editor__longer_header_sign_area_7c80b525__vs__0a1badc333_super_editor__missing_sectpr_967a402d_redline_b1e58c7436  (elapsed 2495s, eta 1415s)
2026-10-01T06:23:58Z [1831/2868]  63.8%  87.14  tracking_without_comments__97b2e714de_super_editor__broken_list_7e9b9bf7__vs__fa4d5010d8_layout_engine__basic_vector_shapes_e5f0ef49_redline_1b671f8f90  (elapsed 2496s, eta 1414s)
2026-10-01T06:23:58Z [1832/2868]  63.9%  87.17  tracking_without_comments__97b2e714de_super_editor__broken_list_7e9b9bf7__vs__fa4d5010d8_layout_engine__basic_vector_shapes_e5f0ef49_redline_a487aeaa2b  (elapsed 2496s, eta 1411s)
2026-10-01T06:23:59Z [1833/2868]  63.9%  57.67  tracking_without_comments__98bc895b4b_super_editor__listwithspacernodes_cf53e890__vs__36c5050fba_super_editor__list_with_indents_efc7d4f5_redline_e41893335f  (elapsed 2498s, eta 1410s)
2026-10-01T06:24:00Z [1834/2868]  63.9%  57.78  tracking_without_comments__98bc895b4b_super_editor__listwithspacernodes_cf53e890__vs__36c5050fba_super_editor__list_with_indents_efc7d4f5_redline_f132d0152a  (elapsed 2498s, eta 1408s)
2026-10-01T06:24:00Z [1835/2868]  64.0%  39.43  tracking_without_comments__980ea50941_a33b3d7ea2_rejected_tracking  (elapsed 2498s, eta 1406s)
2026-10-01T06:24:00Z [1836/2868]  64.0%  48.43  tracking_without_comments__98c8b73841_0041d3944715c2fffc5929695f968e5f399e85b139fba063__vs__2e04202552_000e3e7bd2d6215fc7b469cc3e296c1b2a510bc1abc7e0fd_redline_3b09d6afde  (elapsed 2499s, eta 1404s)
2026-10-01T06:24:02Z [1837/2868]  64.1%  53.58  tracking_without_comments__96a0ee0e8f_004b3b3dd84014405562584f62d67267b9a7993e21b974e8__vs__342f364d46_001342333d45627868f4dc5282abbba4598a91b4a7584b08_redline_24835ef22b  (elapsed 2501s, eta 1403s)
2026-10-01T06:24:03Z [1838/2868]  64.1%  47.16  tracking_without_comments__970e9bbbcc_behavior__math_all_objects_36ab389c__vs__f795b96ac4_behavior__math_delimiter_tests_c9d034dc_redline_1b55e27189  (elapsed 2501s, eta 1401s)
2026-10-01T06:24:05Z [1839/2868]  64.1%  67.11  tracking_without_comments__991f6468eb_bold_italic_combined_demo_id_paraid_overflow__vs__5d5ca75f29_bold_italic_underline_demo_id_paraid_overflow_redline_eefafd673e  (elapsed 2503s, eta 1401s)
2026-10-01T06:24:05Z [1840/2868]  64.2%  37.99  tracking_without_comments__98c8b73841_0041d3944715c2fffc5929695f968e5f399e85b139fba063__vs__5203829c7a_001cc92b88566d5f930fe57f25813c0bf52a7bdc72c217d0_redline_50e71f1eff  (elapsed 2503s, eta 1399s)
2026-10-01T06:24:05Z [1841/2868]  64.2%  70.71  tracking_without_comments__9960c72d3d_file_44  (elapsed 2503s, eta 1397s)
2026-10-01T06:24:06Z [1842/2868]  64.2%  46.11  tracking_without_comments__98c8b73841_0041d3944715c2fffc5929695f968e5f399e85b139fba063__vs__bd3824dd1e_000ee64ef7226d353297888f59a251e24ce5d776fea000fa_redline_d1596a1bb2  (elapsed 2505s, eta 1395s)
2026-10-01T06:24:11Z [1843/2868]  64.3%  61.13  tracking_without_comments__96a0ee0e8f_004b3b3dd84014405562584f62d67267b9a7993e21b974e8__vs__a5f2b9318d_002aa60c2ae1187417b4b157c5ec6450324cc056ec551a12_redline_85ff5f2732  (elapsed 2509s, eta 1396s)
2026-10-01T06:24:11Z [1844/2868]  64.3%  62.33  tracking_without_comments__9b9fce74d9_super_editor__basic_list_0fcfe705__vs__301e302820_super_editor__basic_page_nums_d5b08fc3_redline_1743e156b7  (elapsed 2509s, eta 1393s)
2026-10-01T06:24:12Z [1845/2868]  64.3%  42.20  tracking_without_comments__9b3f5c96b7_9f271c8e1d_rejected_tracking  (elapsed 2510s, eta 1392s)
2026-10-01T06:24:14Z [1846/2868]  64.4%  63.46  tracking_without_comments__9b9fce74d9_super_editor__basic_list_0fcfe705__vs__f4e1903ff3_super_editor__sd_1707_list_enter_track_changes_w_redline_b527e80873  (elapsed 2512s, eta 1391s)
2026-10-01T06:24:14Z [1847/2868]  64.4%  63.46  tracking_without_comments__9b9fce74d9_super_editor__basic_list_0fcfe705__vs__f4e1903ff3_super_editor__sd_1707_list_enter_track_changes_w_redline_e7b1107227  (elapsed 2512s, eta 1389s)
2026-10-01T06:24:16Z [1848/2868]  64.4%  62.35  tracking_without_comments__9b9fce74d9_super_editor__basic_list_0fcfe705__vs__301e302820_super_editor__basic_page_nums_d5b08fc3_redline_7240c98097  (elapsed 2515s, eta 1388s)
2026-10-01T06:24:17Z [1849/2868]  64.5%  40.76  tracking_without_comments__98af75f057_4ca3f73206_rejected_tracking  (elapsed 2515s, eta 1386s)
2026-10-01T06:24:17Z [1850/2868]  64.5%  46.28  tracking_without_comments__99de296dd9_d750f6832de5fbe3c2768cf0c77499282cd00aec6f32de44__vs__04eed6fc4e_e08b0400d03db8bedddf7081144e66822f032e841429f60c_redline_0cc9882662  (elapsed 2515s, eta 1384s)
2026-10-01T06:24:19Z [1851/2868]  64.5%  41.22  tracking_without_comments__98f10d216a_78fb2518812ee75abb3e28605e76a2adcbab31e836b82136__vs__5d8d46dc14_773769cc16a6284c23b8eca4576bc7899f75ff2f874181fb_redline_76b9eb4925  (elapsed 2517s, eta 1383s)
2026-10-01T06:24:19Z [1852/2868]  64.6%  38.35  tracking_without_comments__9c1fb4747e_super_editor__sd_1495_auto_page_break_854a2dd9__vs__14211b982b_super_editor__simple_ordered_list_8288421a_redline_b4bafdd04d  (elapsed 2517s, eta 1381s)
2026-10-01T06:24:19Z [1853/2868]  64.6%  41.36  tracking_without_comments__9be7e36de4_00c3fd2d23e8acf016f9b2fb44f4ee84789abc39c820e7ab__vs__5203829c7a_001cc92b88566d5f930fe57f25813c0bf52a7bdc72c217d0_redline_8157e7cb08  (elapsed 2517s, eta 1379s)
2026-10-01T06:24:19Z [1854/2868]  64.6%  39.64  tracking_without_comments__99ef71ea03_542e3ea40461fc38266dadcfd11cd70e7e73056bfbfe20ba__vs__a3d29116c7_408da7917b268255aeb2819722dec6670c9a85c84bf4cd57_redline_ab8d070a28  (elapsed 2518s, eta 1377s)
2026-10-01T06:24:19Z [1855/2868]  64.7%  38.38  tracking_without_comments__9c1fb4747e_super_editor__sd_1495_auto_page_break_854a2dd9__vs__14211b982b_super_editor__simple_ordered_list_8288421a_redline_be40dcd167  (elapsed 2518s, eta 1375s)
2026-10-01T06:24:20Z [1856/2868]  64.7%  35.47  tracking_without_comments__9c1fb4747e_super_editor__sd_1495_auto_page_break_854a2dd9__vs__f4e1903ff3_super_editor__sd_1707_list_enter_track_changes_w_redline_22f1503d92  (elapsed 2518s, eta 1373s)
2026-10-01T06:24:21Z [1857/2868]  64.7%  35.63  tracking_without_comments__9c1fb4747e_super_editor__sd_1495_auto_page_break_854a2dd9__vs__f4e1903ff3_super_editor__sd_1707_list_enter_track_changes_w_redline_8ac912f5d3  (elapsed 2520s, eta 1372s)
2026-10-01T06:24:21Z [1858/2868]  64.8%  56.10  tracking_without_comments__9c8272b1e2_file_90  (elapsed 2520s, eta 1370s)
2026-10-01T06:24:22Z [1859/2868]  64.8%  59.41  tracking_without_comments__9c7f21c23e_super_editor__line_break_627a7159__vs__902a69f0e4_super_editor__line_space_table_9b1ee54b_redline_848d599aaa  (elapsed 2520s, eta 1368s)
2026-10-01T06:24:22Z [1860/2868]  64.9%  59.73  tracking_without_comments__9c7f21c23e_super_editor__line_break_627a7159__vs__902a69f0e4_super_editor__line_space_table_9b1ee54b_redline_ae9c8592e8  (elapsed 2520s, eta 1366s)
2026-10-01T06:24:22Z [1861/2868]  64.9%  38.32  tracking_without_comments__9c058c0cbb_54da77dde64cea3aaa809634168cb71ef0fbf2e5b01cb79e__vs__2949680ea3_770a85cfccbb920c7af4040d9129aeda91b5b6cfe9eddeef_redline_db84b38989  (elapsed 2520s, eta 1364s)
2026-10-01T06:24:24Z [1862/2868]  64.9%  46.51  tracking_without_comments__9c845aceaa_159ce5c93c_rejected_tracking  (elapsed 2522s, eta 1363s)
2026-10-01T06:24:24Z [1863/2868]  65.0%  67.27  tracking_without_comments__9d3fa84f9f_bullet_list_demo_id_paraid_overflow__vs__8b3bfdf247_calibri_bold_italic_demo_id_paraid_overflow_redline_1e0afa5923  (elapsed 2522s, eta 1361s)
2026-10-01T06:24:25Z [1864/2868]  65.0%  40.94  tracking_without_comments__98cef45df2_b92e101c3d5fa5707025f98c1c01ccec9463c1a772dbb107__vs__0893463637_242c4180ef6740abebf43cc42d2669086b03b83f3aecfee0_redline_85f2b37a37  (elapsed 2523s, eta 1359s)
2026-10-01T06:24:27Z [1865/2868]  65.0%  60.04  tracking_without_comments__9e80f22c51_behavior__word_native_bullet_circle_80d6f323__vs__79cb6b6c0f_behavior__word_native_bullet_disc_bfbeb2dd_redline_7327c473dc  (elapsed 2526s, eta 1358s)
2026-10-01T06:24:30Z [1866/2868]  65.1%  60.10  tracking_without_comments__9e80f22c51_behavior__word_native_bullet_circle_80d6f323__vs__79cb6b6c0f_behavior__word_native_bullet_disc_bfbeb2dd_redline_d520bb823d  (elapsed 2528s, eta 1358s)
2026-10-01T06:24:32Z [1867/2868]  65.1%  43.15  tracking_without_comments__9e4a01de0a_evals__employment_offer_4cf5a872__vs__546864032e_evals__lease_agreement_7081191d_redline_49767a79ea  (elapsed 2530s, eta 1357s)
2026-10-01T06:24:33Z [1868/2868]  65.1%  63.42  tracking_without_comments__9e9d83978b_super_editor__sublist_issue_66a1800a__vs__b3028f2d5b_super_editor__super_basic_table_86d8d916_redline_b3b3e1d662  (elapsed 2531s, eta 1355s)
2026-10-01T06:24:33Z [1869/2868]  65.2%  43.12  tracking_without_comments__9e4a01de0a_evals__employment_offer_4cf5a872__vs__546864032e_evals__lease_agreement_7081191d_redline_ba972e3493  (elapsed 2531s, eta 1353s)
2026-10-01T06:24:34Z [1870/2868]  65.2%  63.41  tracking_without_comments__9e9d83978b_super_editor__sublist_issue_66a1800a__vs__b3028f2d5b_super_editor__super_basic_table_86d8d916_redline_b3e9c8532e  (elapsed 2532s, eta 1352s)
2026-10-01T06:24:34Z [1871/2868]  65.2%  56.81  tracking_without_comments__937c2d593d_70bf1fc955d47b9c53240cfb85bb6783a5809a7dfbb31928  (elapsed 2533s, eta 1350s)
2026-10-01T06:24:35Z [1872/2868]  65.3%  49.92  tracking_without_comments__9ef2a93274_super_editor__tab_alignment_test_184edb5d__vs__37f61a9c26_super_editor__tab_test_576c8317_redline_eb889d8159  (elapsed 2533s, eta 1348s)
2026-10-01T06:24:35Z [1873/2868]  65.3%  55.16  tracking_without_comments__9cd756d73a_042453979cd6f5c435a3c623d89e0f1aca0c04fdbdddd785__vs__f60e9642cd_04aa80f3308e053bfb2638534aacd2a17fb25b786aa3465d_redline_10c2dcf15b  (elapsed 2533s, eta 1346s)
2026-10-01T06:24:36Z [1874/2868]  65.3%  58.75  tracking_without_comments__9f96e7f4f8_it_security_policy_v2_suggesting_insertions  (elapsed 2534s, eta 1344s)
2026-10-01T06:24:38Z [1875/2868]  65.4%  92.14  tracking_without_comments__9e2995d8f3_e271e070c2_accepted_tracking  (elapsed 2536s, eta 1343s)
2026-10-01T06:24:38Z [1876/2868]  65.4%  42.96  tracking_without_comments__a04e2d2749_ooxml_style_link__vs__668fe0a735_super_editor__ooxml_bold_vals_demo_9e688d8f_redline_a63fccdef7  (elapsed 2537s, eta 1341s)
2026-10-01T06:24:39Z [1877/2868]  65.4%  42.93  tracking_without_comments__a04e2d2749_ooxml_style_link__vs__668fe0a735_super_editor__ooxml_bold_vals_demo_9e688d8f_redline_f51bf4d7a2  (elapsed 2537s, eta 1339s)
2026-10-01T06:24:40Z [1878/2868]  65.5%  37.61  tracking_without_comments__9f2c60b301_d20125ec6aa52579b2e53d11212ae5e77501983055c37aca__vs__dafbdc6056_b2d5d9dbc708f2ae5f88e8524899cbbc8aad48d1775fd695_redline_d2327e0daf  (elapsed 2538s, eta 1338s)
2026-10-01T06:24:43Z [1879/2868]  65.5%  41.25  tracking_without_comments__9d67577d29_d418019d56e0e8331a07403e7903d264f84e3d506ac68a92__vs__5e6a6796ab_cc0025260d3c0d8ef9778f39227d5ec1bf597041cedd43e3_redline_8f47bedea1  (elapsed 2541s, eta 1338s)
2026-10-01T06:24:44Z [1880/2868]  65.6%  40.38  tracking_without_comments__9c264cb6bc_cdbe3d46d7dd78c6acf55321a1676e6baf55913ded0a082d__vs__7a37f4799c_d3cc2a89604fcd46701931d35bcfd2054842ca60c730b344_redline_88f6793bd8  (elapsed 2542s, eta 1336s)
2026-10-01T06:24:44Z [1881/2868]  65.6%  55.08  tracking_without_comments__a0d89c6069_205503ead9_rejected_tracking  (elapsed 2542s, eta 1334s)
2026-10-01T06:24:45Z [1882/2868]  65.6%  50.13  tracking_without_comments__a05bc8ec1e_6a5a823e4b6c60f55c050bed1862157fdf0f6f0b5fe13270__vs__be78c8a0fa_1be4351e1649f465bb69547fd96d875eae05a5136b1a65e5_redline_0633bf5b61  (elapsed 2543s, eta 1332s)
2026-10-01T06:24:45Z [1883/2868]  65.7%  47.76  tracking_without_comments__a0a80aaedd_72cc9f4ac6_rejected_tracking  (elapsed 2543s, eta 1330s)
2026-10-01T06:24:45Z [1884/2868]  65.7%  38.11  tracking_without_comments__95e967cf7b_4a45c8279800a59fdb128a3e00cc935fe8475769102fcc42__vs__671b3660c2_3f671017f7272d30d5560706ed497e9fb0324587007c9d2f_redline_e8aedc3a02  (elapsed 2543s, eta 1328s)
2026-10-01T06:24:45Z [1885/2868]  65.7%  71.78  tracking_without_comments__a1551a906b_1a3a95a9ba03f43f29ed1dbf1def67eeb040e544a3ab4d37__vs__3fe78a5e78_2794a33c2407f6663c9e91aeb706c5ca41ef485d54a6474b_redline_d3b5939138  (elapsed 2543s, eta 1326s)
2026-10-01T06:24:46Z [1886/2868]  65.8%  88.02  tracking_without_comments__a193b00f97_c7a0e469ba_rejected_tracking  (elapsed 2544s, eta 1325s)
2026-10-01T06:24:46Z [1887/2868]  65.8%  46.91  tracking_without_comments__7e1d0dc896_db433183ef464aaaa01d37307a1b7476eb855adb2ab2e09c__vs__26eb0ecec7_9377099d26f30a542b1c1db6c87e2a15ce0c0e3fd1e8dc01_redline_0bc720e5fa  (elapsed 2545s, eta 1323s)
2026-10-01T06:24:47Z [1888/2868]  65.8%  42.64  tracking_without_comments__a21c45464c_super_editor__shape_group_ce60e1e6__vs__14211b982b_super_editor__simple_ordered_list_8288421a_redline_764c23f57d  (elapsed 2545s, eta 1321s)
2026-10-01T06:24:47Z [1889/2868]  65.9%  42.60  tracking_without_comments__a21c45464c_super_editor__shape_group_ce60e1e6__vs__14211b982b_super_editor__simple_ordered_list_8288421a_redline_7d2b2ee4c8  (elapsed 2546s, eta 1319s)
2026-10-01T06:24:48Z [1890/2868]  65.9%  47.49  tracking_without_comments__a21c45464c_super_editor__shape_group_ce60e1e6__vs__5b421850d5_super_editor__ooxml_strike_rstyle_linked_combos_redline_71b2648111  (elapsed 2547s, eta 1318s)
2026-10-01T06:24:48Z [1891/2868]  65.9%  35.21  tracking_without_comments__a0f5f78de9_a22b2e62cb7a2ff65e40ac609f4093ae950cb6e346e82f45__vs__082d9aa8f2_78a0884f59673c9880c3e5e1b556be7401a73e25b0af4358_redline_834a4b8d15  (elapsed 2547s, eta 1316s)
2026-10-01T06:24:49Z [1892/2868]  66.0%  53.30  tracking_without_comments__a24b3782e4_super_editor__list_with_table_break_ff0c4c1f__vs__18b8dd8ea3_behavior__sd_2672_plain_3x3_87943d5d_redline_022de5dc91  (elapsed 2547s, eta 1314s)
2026-10-01T06:24:49Z [1893/2868]  66.0%  53.28  tracking_without_comments__a24b3782e4_super_editor__list_with_table_break_ff0c4c1f__vs__18b8dd8ea3_behavior__sd_2672_plain_3x3_87943d5d_redline_038d125e4b  (elapsed 2547s, eta 1312s)
2026-10-01T06:24:49Z [1894/2868]  66.0%  47.40  tracking_without_comments__a21c45464c_super_editor__shape_group_ce60e1e6__vs__5b421850d5_super_editor__ooxml_strike_rstyle_linked_combos_redline_d3653803d6  (elapsed 2548s, eta 1310s)
2026-10-01T06:24:50Z [1895/2868]  66.1%  51.94  tracking_without_comments__a24b3782e4_super_editor__list_with_table_break_ff0c4c1f__vs__563331c6f3_super_editor__broken_complex_list_293fda86_redline_3c792a7d7f  (elapsed 2548s, eta 1308s)
2026-10-01T06:24:50Z [1896/2868]  66.1%  51.97  tracking_without_comments__a24b3782e4_super_editor__list_with_table_break_ff0c4c1f__vs__563331c6f3_super_editor__broken_complex_list_293fda86_redline_f75570e5c8  (elapsed 2549s, eta 1307s)
2026-10-01T06:24:51Z [1897/2868]  66.1%  53.13  tracking_without_comments__a291bf4a73_behavior__rtl_header_footer_e1ac81f6__vs__10415d5332_behavior__rtl_mixed_bidi_e955f185_redline_13d572a45f  (elapsed 2549s, eta 1305s)
2026-10-01T06:24:51Z [1898/2868]  66.2%  52.36  tracking_without_comments__a24b3782e4_super_editor__list_with_table_break_ff0c4c1f__vs__98bc895b4b_super_editor__listwithspacernodes_cf53e890_redline_e9b8a82cb6  (elapsed 2550s, eta 1303s)
2026-10-01T06:24:51Z [1899/2868]  66.2%  52.24  tracking_without_comments__a24b3782e4_super_editor__list_with_table_break_ff0c4c1f__vs__98bc895b4b_super_editor__listwithspacernodes_cf53e890_redline_d7c9740ae5  (elapsed 2550s, eta 1301s)
2026-10-01T06:24:52Z [1900/2868]  66.2%  51.58  tracking_without_comments__a291bf4a73_behavior__rtl_header_footer_e1ac81f6__vs__7c87c9cd93_super_editor__complex_list_def_short_fde20a67_redline_805b1d56a0  (elapsed 2550s, eta 1299s)
2026-10-01T06:24:52Z [1901/2868]  66.3%  53.11  tracking_without_comments__a291bf4a73_behavior__rtl_header_footer_e1ac81f6__vs__10415d5332_behavior__rtl_mixed_bidi_e955f185_redline_e94db515fd  (elapsed 2550s, eta 1297s)
2026-10-01T06:24:52Z [1902/2868]  66.3%  51.59  tracking_without_comments__a291bf4a73_behavior__rtl_header_footer_e1ac81f6__vs__7c87c9cd93_super_editor__complex_list_def_short_fde20a67_redline_a3d368c883  (elapsed 2550s, eta 1295s)
2026-10-01T06:24:58Z [1903/2868]  66.4%  39.81  tracking_without_comments__a3df367231_001a6655d72fbecf6a1d10e479eee052a779d6ba1d0848d7__vs__333bfe069a_003416d620331122b93b434dad901db5836f60d2cad4b533_redline_e61fcf18ec  (elapsed 2556s, eta 1296s)
2026-10-01T06:24:59Z [1904/2868]  66.4%  38.83  tracking_without_comments__9c22320d9b_2b07800cab9aa0401a731384b30b476e61889b5bce7b3619__vs__4b030510c8_2c352c83d380db6593aab51ee078eb7da48503f758fd80a8_redline_fc419d8015  (elapsed 2557s, eta 1295s)
2026-10-01T06:24:59Z [1905/2868]  66.4%  37.71  tracking_without_comments__a3df367231_001a6655d72fbecf6a1d10e479eee052a779d6ba1d0848d7__vs__5203829c7a_001cc92b88566d5f930fe57f25813c0bf52a7bdc72c217d0_redline_2996886510  (elapsed 2557s, eta 1293s)
2026-10-01T06:24:59Z [1906/2868]  66.5%  49.41  tracking_without_comments__a1f5212957_file_145__vs__ee628c2f6a_file_146_redline_244b013316  (elapsed 2557s, eta 1291s)
2026-10-01T06:24:59Z [1907/2868]  66.5%  48.11  tracking_without_comments__a3df367231_001a6655d72fbecf6a1d10e479eee052a779d6ba1d0848d7__vs__2e04202552_000e3e7bd2d6215fc7b469cc3e296c1b2a510bc1abc7e0fd_redline_68d77dc8a2  (elapsed 2558s, eta 1289s)
2026-10-01T06:25:02Z [1908/2868]  66.5%  42.39  tracking_without_comments__a3df367231_001a6655d72fbecf6a1d10e479eee052a779d6ba1d0848d7__vs__1424386e9b_017447de83753a0e3b7afc659df038ef56972925336c6a5b_redline_394edcad89  (elapsed 2560s, eta 1288s)
2026-10-01T06:25:02Z [1909/2868]  66.6%  90.40  tracking_without_comments__a210c21f88_d1fd716f16_accepted_tracking  (elapsed 2560s, eta 1286s)
2026-10-01T06:25:05Z [1910/2868]  66.6%  45.37  tracking_without_comments__a4ebc0e89c_0016d88a731db087feb2e28e8bfc163c1fe94df0ee048d55__vs__2773adf157_0004c94ca2a8684d47449bb0e7abf87de1df71a7e6543252_redline_6ba792365c  (elapsed 2563s, eta 1286s)
2026-10-01T06:25:05Z [1911/2868]  66.6%  40.20  tracking_without_comments__a3df367231_001a6655d72fbecf6a1d10e479eee052a779d6ba1d0848d7__vs__deff0e697a_00b5defcad6e58038eac35472a2d48c89905068e5ece0cc3_redline_6a3dcdab1e  (elapsed 2563s, eta 1284s)
2026-10-01T06:25:06Z [1912/2868]  66.7%  51.02  tracking_without_comments__a3df367231_001a6655d72fbecf6a1d10e479eee052a779d6ba1d0848d7__vs__aa5340125d_00a4b0b91e9b5b072dc3771391c2d608518690eccf44eae8_redline_76b093bc91  (elapsed 2564s, eta 1282s)
2026-10-01T06:25:07Z [1913/2868]  66.7%  40.57  tracking_without_comments__a3df367231_001a6655d72fbecf6a1d10e479eee052a779d6ba1d0848d7__vs__bd3824dd1e_000ee64ef7226d353297888f59a251e24ce5d776fea000fa_redline_e9bf31a541  (elapsed 2565s, eta 1280s)
2026-10-01T06:25:07Z [1914/2868]  66.7%  47.60  tracking_without_comments__a4ebc0e89c_0016d88a731db087feb2e28e8bfc163c1fe94df0ee048d55__vs__2e04202552_000e3e7bd2d6215fc7b469cc3e296c1b2a510bc1abc7e0fd_redline_083a77ed44  (elapsed 2565s, eta 1279s)
2026-10-01T06:25:08Z [1915/2868]  66.8%  43.68  tracking_without_comments__a3df367231_001a6655d72fbecf6a1d10e479eee052a779d6ba1d0848d7__vs__342f364d46_001342333d45627868f4dc5282abbba4598a91b4a7584b08_redline_6d3db50bc5  (elapsed 2566s, eta 1277s)
2026-10-01T06:25:10Z [1916/2868]  66.8%  42.40  tracking_without_comments__a4ebc0e89c_0016d88a731db087feb2e28e8bfc163c1fe94df0ee048d55__vs__333bfe069a_003416d620331122b93b434dad901db5836f60d2cad4b533_redline_8231dbd001  (elapsed 2568s, eta 1276s)
2026-10-01T06:25:11Z [1917/2868]  66.8%  63.66  tracking_without_comments__a54f205278_quarterly_performance_report_table__vs__daf1fa36c0_red_bold_heading_demo_style_default_missing_redline_029901dfd4  (elapsed 2569s, eta 1274s)
2026-10-01T06:25:12Z [1918/2868]  66.9%  35.32  tracking_without_comments__937c2d593d_70bf1fc955d47b9c53240cfb85bb6783a5809a7dfbb31928__vs__950d333339_6a0d50215e5c7f9eb3a50dac6315d8cbb6873aea3d8aa1e4_redline_77800d60fe  (elapsed 2570s, eta 1273s)
2026-10-01T06:25:12Z [1919/2868]  66.9%  43.23  tracking_without_comments__a5903a7c15_super_editor__pci_table_dc840852__vs__501bf3d47b_super_editor__table_merged_cells_9c349334_redline_12e8491831  (elapsed 2570s, eta 1271s)
2026-10-01T06:25:13Z [1920/2868]  66.9%  46.26  tracking_without_comments__a5903a7c15_super_editor__pci_table_dc840852__vs__501bf3d47b_super_editor__table_merged_cells_9c349334_redline_482ad62e2c  (elapsed 2571s, eta 1270s)
2026-10-01T06:25:13Z [1921/2868]  67.0%  38.92  tracking_without_comments__a4ebc0e89c_0016d88a731db087feb2e28e8bfc163c1fe94df0ee048d55__vs__5203829c7a_001cc92b88566d5f930fe57f25813c0bf52a7bdc72c217d0_redline_44a0775d6b  (elapsed 2571s, eta 1268s)
2026-10-01T06:25:14Z [1922/2868]  67.0%  62.63  tracking_without_comments__a5903a7c15_super_editor__pci_table_dc840852__vs__92589c3e37_super_editor__pre_separated_list_bd330d28_redline_181e3e3ec7  (elapsed 2573s, eta 1266s)
2026-10-01T06:25:15Z [1923/2868]  67.1%  62.25  tracking_without_comments__a5903a7c15_super_editor__pci_table_dc840852__vs__92589c3e37_super_editor__pre_separated_list_bd330d28_redline_7deee6ffc9  (elapsed 2573s, eta 1264s)
2026-10-01T06:25:15Z [1924/2868]  67.1%  43.03  tracking_without_comments__a4ebc0e89c_0016d88a731db087feb2e28e8bfc163c1fe94df0ee048d55__vs__deff0e697a_00b5defcad6e58038eac35472a2d48c89905068e5ece0cc3_redline_46f67bb6e3  (elapsed 2573s, eta 1263s)
2026-10-01T06:25:16Z [1925/2868]  67.1%  43.90  tracking_without_comments__a4ebc0e89c_0016d88a731db087feb2e28e8bfc163c1fe94df0ee048d55__vs__bd3824dd1e_000ee64ef7226d353297888f59a251e24ce5d776fea000fa_redline_bc992e6331  (elapsed 2574s, eta 1261s)
2026-10-01T06:25:16Z [1926/2868]  67.2%  57.46  tracking_without_comments__a4ebc0e89c_0016d88a731db087feb2e28e8bfc163c1fe94df0ee048d55__vs__aa5340125d_00a4b0b91e9b5b072dc3771391c2d608518690eccf44eae8_redline_c239738453  (elapsed 2574s, eta 1259s)
2026-10-01T06:25:17Z [1927/2868]  67.2%  57.74  tracking_without_comments__a6e4d0e065_file_161  (elapsed 2575s, eta 1257s)
2026-10-01T06:25:19Z [1928/2868]  67.2%  64.48  tracking_without_comments__a98d0a8c12_center_alignment_demo_id_paraid_overflow_2__vs__cb340e4c6a_center_alignment_demo_id_paraid_overflow_redline_fa5e59e5e8  (elapsed 2577s, eta 1257s)
2026-10-01T06:25:20Z [1929/2868]  67.3%  73.29  tracking_without_comments__a9e991d99b_221577c35b_accepted_tracking  (elapsed 2578s, eta 1255s)
2026-10-01T06:25:21Z [1930/2868]  67.3%  40.34  tracking_without_comments__a6bdad436b_00e1eabab4f0fdde08a033b7d3af988ce75f7e80207c9918__vs__5203829c7a_001cc92b88566d5f930fe57f25813c0bf52a7bdc72c217d0_redline_8b7be48c4e  (elapsed 2579s, eta 1254s)
2026-10-01T06:25:21Z [1931/2868]  67.3%  39.15  tracking_without_comments__a30c48b63b_9d38c2b8863775d616563eeb35795e024fb57a99f81ad372__vs__52524565af_815d7d240ddb63bfc8be69c00cf62f4b9d75b494de167de6_redline_ee63b6fa87  (elapsed 2579s, eta 1252s)
2026-10-01T06:25:22Z [1932/2868]  67.4%  48.36  tracking_without_comments__a4ebc0e89c_0016d88a731db087feb2e28e8bfc163c1fe94df0ee048d55__vs__342f364d46_001342333d45627868f4dc5282abbba4598a91b4a7584b08_redline_aabaef6f3d  (elapsed 2580s, eta 1250s)
2026-10-01T06:25:22Z [1933/2868]  67.4%  36.61  tracking_without_comments__a88f2ae357_0095a6095a0f74201c196f4944b3d93f4cf5cc20e4982903__vs__5203829c7a_001cc92b88566d5f930fe57f25813c0bf52a7bdc72c217d0_redline_885c507f6f  (elapsed 2580s, eta 1248s)
2026-10-01T06:25:22Z [1934/2868]  67.4%  42.74  tracking_without_comments__a137bd88ff_cfe430bfc56eb27e340016af5f623acb9703590af329fbe5__vs__8a1cf7652a_35581b7ee3412e533f336af70d38e5d84f284b9914354b5a_redline_9d403ce9bf  (elapsed 2581s, eta 1246s)
2026-10-01T06:25:24Z [1935/2868]  67.5%  69.28  tracking_without_comments__aa62a37db2_strikethrough_text_demo_id_paraid_overflow__vs__4d1070e14c_strikethrough_text_formatting_demo_id_paraid_ove_redline_4ae050247d  (elapsed 2582s, eta 1245s)
2026-10-01T06:25:24Z [1936/2868]  67.5%  50.87  tracking_without_comments__aa58aada65_00160046fb2516a560a9681d7ae3e6f4659af57d19555d4e__vs__2e04202552_000e3e7bd2d6215fc7b469cc3e296c1b2a510bc1abc7e0fd_redline_540ffd9ee6  (elapsed 2582s, eta 1243s)
2026-10-01T06:25:24Z [1937/2868]  67.5%  56.73  tracking_without_comments__aa8e3ae559_file_36  (elapsed 2582s, eta 1241s)
2026-10-01T06:25:26Z [1938/2868]  67.6%  44.35  tracking_without_comments__a9799c1c12_c60edb38d05ffa6f106d048d8a07e3ec1f6134ec7c64b515__vs__180b3bfd2b_d18705d17dedb85ffea86fe2a53f8847628436d123a8571e_redline_94f418b300  (elapsed 2584s, eta 1240s)
2026-10-01T06:25:27Z [1939/2868]  67.6%  42.36  tracking_without_comments__aa58aada65_00160046fb2516a560a9681d7ae3e6f4659af57d19555d4e__vs__5203829c7a_001cc92b88566d5f930fe57f25813c0bf52a7bdc72c217d0_redline_934b3e4467  (elapsed 2586s, eta 1239s)
2026-10-01T06:25:28Z [1940/2868]  67.6%  41.64  tracking_without_comments__a5c5107d45_0f7fe6d73dc418024d632068da59a4370f871a3adb0fba52__vs__05159a58e9_06dea9396d4be7cf0c8f8aec224f7e0ad1db2f48bebd167b_redline_dad4367d08  (elapsed 2587s, eta 1237s)
2026-10-01T06:25:28Z [1941/2868]  67.7%  59.22  tracking_without_comments__a4ebc0e89c_0016d88a731db087feb2e28e8bfc163c1fe94df0ee048d55__vs__a5f2b9318d_002aa60c2ae1187417b4b157c5ec6450324cc056ec551a12_redline_279b1319b4  (elapsed 2587s, eta 1235s)
2026-10-01T06:25:30Z [1942/2868]  67.7%  44.10  tracking_without_comments__a86fb6ab5f_79e9b24ea89f126a2750ff3d2419411c4905909aff7538be__vs__ce09e55ff7_212a1c9d64f597f91a7160d3653a9d62cc230666f131104f_redline_dc8cfb0974  (elapsed 2588s, eta 1234s)
2026-10-01T06:25:30Z [1943/2868]  67.7%  43.91  tracking_without_comments__aa58aada65_00160046fb2516a560a9681d7ae3e6f4659af57d19555d4e__vs__bd3824dd1e_000ee64ef7226d353297888f59a251e24ce5d776fea000fa_redline_9f3f036b1a  (elapsed 2589s, eta 1232s)
2026-10-01T06:25:33Z [1944/2868]  67.8%  41.91  tracking_without_comments__ab064d6482_super_editor__table_width_issue_20b01504__vs__01d1b3da75_table_bookmark_end_redline_9fff1c473d  (elapsed 2591s, eta 1232s)
2026-10-01T06:25:33Z [1945/2868]  67.8%  45.24  tracking_without_comments__ab064d6482_super_editor__table_width_issue_20b01504__vs__8df6dfa8d7_alternate_content_redline_5b1a8f121b  (elapsed 2591s, eta 1230s)
2026-10-01T06:25:34Z [1946/2868]  67.9%  41.86  tracking_without_comments__ab064d6482_super_editor__table_width_issue_20b01504__vs__01d1b3da75_table_bookmark_end_redline_f125c46a9a  (elapsed 2592s, eta 1228s)
2026-10-01T06:25:35Z [1947/2868]  67.9%  57.75  tracking_without_comments__ab859711f4_super_editor__custom_list_numbering1_7eb9fda4__vs__0e08fd6d80_super_editor__diff_before19_97e0f4e6_redline_66508bbead  (elapsed 2593s, eta 1227s)
2026-10-01T06:25:35Z [1948/2868]  67.9%  45.44  tracking_without_comments__ab064d6482_super_editor__table_width_issue_20b01504__vs__8df6dfa8d7_alternate_content_redline_5c927b4333  (elapsed 2593s, eta 1225s)
2026-10-01T06:25:35Z [1949/2868]  68.0%  53.80  tracking_without_comments__ab064d6482_super_editor__table_width_issue_20b01504__vs__837d45926d_super_editor__header_alternating_odd_even_11e019_redline_85686e0233  (elapsed 2594s, eta 1223s)
2026-10-01T06:25:36Z [1950/2868]  68.0%  52.18  tracking_without_comments__aa58aada65_00160046fb2516a560a9681d7ae3e6f4659af57d19555d4e__vs__342f364d46_001342333d45627868f4dc5282abbba4598a91b4a7584b08_redline_c46a258659  (elapsed 2594s, eta 1221s)
2026-10-01T06:25:36Z [1951/2868]  68.0%  57.70  tracking_without_comments__ab859711f4_super_editor__custom_list_numbering1_7eb9fda4__vs__0e08fd6d80_super_editor__diff_before19_97e0f4e6_redline_959657014a  (elapsed 2594s, eta 1219s)
2026-10-01T06:25:36Z [1952/2868]  68.1%  42.15  tracking_without_comments__aa940255be_behavior__sd_2343_table_border_widths_b5148e83__vs__fe11d14f44_behavior__sd_2447_toc_tab_alignment_8319c14c_redline_cd389ecc3b  (elapsed 2594s, eta 1217s)
2026-10-01T06:25:36Z [1953/2868]  68.1%  53.92  tracking_without_comments__ab064d6482_super_editor__table_width_issue_20b01504__vs__837d45926d_super_editor__header_alternating_odd_even_11e019_redline_a0964b6b7d  (elapsed 2594s, eta 1215s)
2026-10-01T06:25:37Z [1954/2868]  68.1%  42.13  tracking_without_comments__aa940255be_behavior__sd_2343_table_border_widths_b5148e83__vs__fe11d14f44_behavior__sd_2447_toc_tab_alignment_8319c14c_redline_e6969287ac  (elapsed 2595s, eta 1214s)
2026-10-01T06:25:37Z [1955/2868]  68.2%  51.07  tracking_without_comments__ab859711f4_super_editor__custom_list_numbering1_7eb9fda4__vs__498a050671_super_editor__custom_list1_77f82bd7_redline_c277edafd3  (elapsed 2596s, eta 1212s)
2026-10-01T06:25:38Z [1956/2868]  68.2%  68.67  tracking_without_comments__ac4b41aa8e_verdana_font_demo_id_paraid_overflow__vs__4f0a3847e3_verdana_italic_centered_demo_id_paraid_overflow_redline_0fc7096b1f  (elapsed 2596s, eta 1210s)
2026-10-01T06:25:38Z [1957/2868]  68.2%  43.42  tracking_without_comments__accec0538a_anchor_images__vs__6d773ca294_super_editor__annot2_03ae6b74_redline_a64c98659c  (elapsed 2596s, eta 1209s)
2026-10-01T06:25:38Z [1958/2868]  68.3%  43.43  tracking_without_comments__accec0538a_anchor_images__vs__6d773ca294_super_editor__annot2_03ae6b74_redline_250b44c074  (elapsed 2596s, eta 1207s)
2026-10-01T06:25:39Z [1959/2868]  68.3%  53.14  tracking_without_comments__ab859711f4_super_editor__custom_list_numbering1_7eb9fda4__vs__4858c9853b_behavior__multi_image_types_b962a2b8_redline_0d2106d9b2  (elapsed 2597s, eta 1205s)
2026-10-01T06:25:39Z [1960/2868]  68.3%  53.28  tracking_without_comments__ab859711f4_super_editor__custom_list_numbering1_7eb9fda4__vs__4858c9853b_behavior__multi_image_types_b962a2b8_redline_d3a5b120d7  (elapsed 2597s, eta 1203s)
2026-10-01T06:25:40Z [1961/2868]  68.4%  42.17  tracking_without_comments__accec0538a_anchor_images__vs__d72fd74138_super_editor__ooxml_color_rstyle_linked_combos_d_redline_2971d117a2  (elapsed 2599s, eta 1202s)
2026-10-01T06:25:41Z [1962/2868]  68.4%  42.14  tracking_without_comments__accec0538a_anchor_images__vs__d72fd74138_super_editor__ooxml_color_rstyle_linked_combos_d_redline_66a6739bf5  (elapsed 2599s, eta 1200s)
2026-10-01T06:25:42Z [1963/2868]  68.4%  43.49  tracking_without_comments__ad00cf90d7_doc_api_stories__diff_doc2_bc0da0ce__vs__d6a1c42901_super_editor__diff_before16_f518c031_redline_5daae0d169  (elapsed 2601s, eta 1199s)
2026-10-01T06:25:43Z [1964/2868]  68.5%  39.36  tracking_without_comments__aacd2c2cf7_4f966df084ebc2af83d8646ccefd4fc9c4af40ac480b8bd4__vs__1ffdbf0950_3b8d749f956bed15c99a6700eee4d47b0b031f86e7690edf_redline_079deb8602  (elapsed 2601s, eta 1197s)
2026-10-01T06:25:43Z [1965/2868]  68.5%  43.51  tracking_without_comments__ad00cf90d7_doc_api_stories__diff_doc2_bc0da0ce__vs__d6a1c42901_super_editor__diff_before16_f518c031_redline_aef2777b99  (elapsed 2601s, eta 1195s)
2026-10-01T06:25:43Z [1966/2868]  68.5%  42.79  tracking_without_comments__acd3595c3a_0032221e68ad2a7986d1fe113eb1d46b5a7d1901b5aa9318__vs__5203829c7a_001cc92b88566d5f930fe57f25813c0bf52a7bdc72c217d0_redline_bca947baf5  (elapsed 2601s, eta 1194s)
2026-10-01T06:25:43Z [1967/2868]  68.6%  45.05  tracking_without_comments__ad00cf90d7_doc_api_stories__diff_doc2_bc0da0ce__vs__18eb110b3b_numwords_fldsimple_redline_b778cdcad3  (elapsed 2602s, eta 1192s)
2026-10-01T06:25:43Z [1968/2868]  68.6%  45.05  tracking_without_comments__ad00cf90d7_doc_api_stories__diff_doc2_bc0da0ce__vs__18eb110b3b_numwords_fldsimple_redline_e7807d14d7  (elapsed 2602s, eta 1190s)
2026-10-01T06:25:44Z [1969/2868]  68.7%  42.38  tracking_without_comments__acd3595c3a_0032221e68ad2a7986d1fe113eb1d46b5a7d1901b5aa9318__vs__bd3824dd1e_000ee64ef7226d353297888f59a251e24ce5d776fea000fa_redline_b359531be7  (elapsed 2602s, eta 1188s)
2026-10-01T06:25:44Z [1970/2868]  68.7%  83.08  tracking_without_comments__aac8b43324_97fefb0aa2_rejected_tracking  (elapsed 2602s, eta 1186s)
2026-10-01T06:25:44Z [1971/2868]  68.7%  71.69  tracking_without_comments__ad43500302_super_editor__list_numbering_reimport_d788d573__vs__ca44eef662_super_editor__list_spacer1_06383c66_redline_0e31ba5d43  (elapsed 2602s, eta 1184s)
2026-10-01T06:25:45Z [1972/2868]  68.8%  71.70  tracking_without_comments__ad43500302_super_editor__list_numbering_reimport_d788d573__vs__ca44eef662_super_editor__list_spacer1_06383c66_redline_b7520103fb  (elapsed 2603s, eta 1183s)
2026-10-01T06:25:45Z [1973/2868]  68.8%  61.49  tracking_without_comments__ae9360e096_behavior__sd_2672_merged_table_821b922c__vs__178804f5ce_super_editor__invalid_list_def_fallback_d7f55451_redline_365debc124  (elapsed 2603s, eta 1181s)
2026-10-01T06:25:46Z [1974/2868]  68.8%  61.49  tracking_without_comments__ae9360e096_behavior__sd_2672_merged_table_821b922c__vs__178804f5ce_super_editor__invalid_list_def_fallback_d7f55451_redline_8203bbecec  (elapsed 2604s, eta 1179s)
2026-10-01T06:25:47Z [1975/2868]  68.9%  58.80  tracking_without_comments__ae9360e096_behavior__sd_2672_merged_table_821b922c__vs__e663016796_behavior__sd_2672_multipara_cell_4d1f068e_redline_74842a7b93  (elapsed 2605s, eta 1178s)
2026-10-01T06:25:47Z [1976/2868]  68.9%  58.92  tracking_without_comments__ae9360e096_behavior__sd_2672_merged_table_821b922c__vs__e663016796_behavior__sd_2672_multipara_cell_4d1f068e_redline_f1a6c6ce39  (elapsed 2606s, eta 1176s)
2026-10-01T06:25:49Z [1977/2868]  68.9%  57.90  tracking_without_comments__aeba435bbd_file_133  (elapsed 2607s, eta 1175s)
2026-10-01T06:25:49Z [1978/2868]  69.0%  46.98  tracking_without_comments__ae9360e096_behavior__sd_2672_merged_table_821b922c__vs__a5903a7c15_super_editor__pci_table_dc840852_redline_00baea9614  (elapsed 2607s, eta 1173s)
2026-10-01T06:25:50Z [1979/2868]  69.0%  42.33  tracking_without_comments__ae9360e096_behavior__sd_2672_merged_table_821b922c__vs__a5903a7c15_super_editor__pci_table_dc840852_redline_4f427d1e19  (elapsed 2608s, eta 1171s)
2026-10-01T06:25:50Z [1980/2868]  69.0%  49.95  tracking_without_comments__acd3595c3a_0032221e68ad2a7986d1fe113eb1d46b5a7d1901b5aa9318__vs__342f364d46_001342333d45627868f4dc5282abbba4598a91b4a7584b08_redline_0876a1f7de  (elapsed 2608s, eta 1170s)
2026-10-01T06:25:51Z [1981/2868]  69.1%  60.80  tracking_without_comments__af73bfcc05_meeting_minutes_suggesting_insertions  (elapsed 2609s, eta 1168s)
2026-10-01T06:25:53Z [1982/2868]  69.1%  43.16  tracking_without_comments__af540c50e4_00edeec4b73ab68a9a4e2b0281464f067656d89fc9969ab4__vs__5203829c7a_001cc92b88566d5f930fe57f25813c0bf52a7bdc72c217d0_redline_5569b9c84a  (elapsed 2611s, eta 1167s)
2026-10-01T06:25:54Z [1983/2868]  69.1%  39.18  tracking_without_comments__af540c50e4_00edeec4b73ab68a9a4e2b0281464f067656d89fc9969ab4__vs__bd3824dd1e_000ee64ef7226d353297888f59a251e24ce5d776fea000fa_redline_367a73a255  (elapsed 2612s, eta 1166s)
2026-10-01T06:25:54Z [1984/2868]  69.2%  52.57  tracking_without_comments__b000749cc4_cda19d51ed_accepted_tracking  (elapsed 2613s, eta 1164s)
2026-10-01T06:25:56Z [1985/2868]  69.2%  53.61  tracking_without_comments__b1356a4fa4_tracked-deleted-listitem  (elapsed 2614s, eta 1163s)
2026-10-01T06:25:56Z [1986/2868]  69.2%  51.41  tracking_without_comments__afc02e97ee_1855b51281_accepted_tracking  (elapsed 2614s, eta 1161s)
2026-10-01T06:25:56Z [1987/2868]  69.3%  48.44  tracking_without_comments__b136d91c41_b39664d822_accepted_tracking  (elapsed 2614s, eta 1159s)
2026-10-01T06:25:57Z [1988/2868]  69.3%  37.88  tracking_without_comments__ae086861ee_39a887f5b1bab1cf142553ab31f2bbdcf6ff51b14218f14c__vs__a9477e435a_eb24288b5ce1911f33e7474501a08fe599484a8f13740443_redline_56c88d95bf  (elapsed 2615s, eta 1158s)
2026-10-01T06:25:57Z [1989/2868]  69.4%  46.74  tracking_without_comments__ae7ee72233_cb17d2d61a361074ba2688314d1e8ea44059899c5f74a347__vs__d8da0b6f8f_c3b6c527abcc8736628c2001d09c7d9bd3b53507eeb84774_redline_c6b17b514b  (elapsed 2616s, eta 1156s)
2026-10-01T06:26:00Z [1990/2868]  69.4%  51.18  tracking_without_comments__adab1d7f95_e4da907284684ae6de0a0105ed31619286f85d270957e50f__vs__d66d977468_d41b0a2aae43a2286e03df83a759313b6f175040b07994fc_redline_4d10fec5fc  (elapsed 2618s, eta 1155s)
2026-10-01T06:26:02Z [1991/2868]  69.4%  36.28  tracking_without_comments__b27bda87ed_0023f7c421a05af9c44fb4ff9ef1bce46c53a081779b1e72__vs__5203829c7a_001cc92b88566d5f930fe57f25813c0bf52a7bdc72c217d0_redline_09fd2fff5b  (elapsed 2620s, eta 1154s)
2026-10-01T06:26:03Z [1992/2868]  69.5%  38.75  tracking_without_comments__ad525fb725_0f89ef3a0cec3c85981cde021a1c4cd2121ccf0c7a0d011c__vs__f6ac811afb_61da6f5f8f20fae419e355a027dcc55b9390c8227243d3fc_redline_c626b7f70e  (elapsed 2621s, eta 1153s)
2026-10-01T06:26:04Z [1993/2868]  69.5%  44.74  tracking_without_comments__b27c7b34e9_super_editor__heading_font_46041620__vs__bf50ee8ac4_super_editor__hummingbird_c5e5ac81_redline_29eeca5c14  (elapsed 2622s, eta 1151s)
2026-10-01T06:26:05Z [1994/2868]  69.5%  60.78  tracking_without_comments__b27c7b34e9_super_editor__heading_font_46041620__vs__bf50ee8ac4_super_editor__hummingbird_c5e5ac81_redline_ece1164343  (elapsed 2623s, eta 1150s)
2026-10-01T06:26:07Z [1995/2868]  69.6%  56.92  tracking_without_comments__b2adbcc147_heading_3_center_italic_id_paraid_overflow__vs__017c22e2a3_heading_3_style_demo_id_paraid_overflow_2_redline_2d1e4920b7  (elapsed 2625s, eta 1149s)
2026-10-01T06:26:07Z [1996/2868]  69.6%  40.83  tracking_without_comments__b27bda87ed_0023f7c421a05af9c44fb4ff9ef1bce46c53a081779b1e72__vs__bd3824dd1e_000ee64ef7226d353297888f59a251e24ce5d776fea000fa_redline_4464c02259  (elapsed 2626s, eta 1147s)
2026-10-01T06:26:07Z [1997/2868]  69.6%  40.57  tracking_without_comments__b1b92bb304_4ca9d50a751705618a5ad0964108b8508ce4230448e30f4e__vs__172554060e_2e02042a66af69cac127f0cbcb6c6c2216a37d928d163008_redline_143a7466a9  (elapsed 2626s, eta 1145s)
2026-10-01T06:26:09Z [1998/2868]  69.7%  69.71  tracking_without_comments__b3028f2d5b_super_editor__super_basic_table_86d8d916__vs__7367931dbf_super_editor__sdt_test_60079f08_redline_4ca0da5018  (elapsed 2627s, eta 1144s)
2026-10-01T06:26:09Z [1999/2868]  69.7%  69.70  tracking_without_comments__b3028f2d5b_super_editor__super_basic_table_86d8d916__vs__7367931dbf_super_editor__sdt_test_60079f08_redline_1ff9bf561d  (elapsed 2627s, eta 1142s)
2026-10-01T06:26:09Z [2000/2868]  69.7%  63.82  tracking_without_comments__b3028f2d5b_super_editor__super_basic_table_86d8d916__vs__7a48682ea5_super_editor__superdoc_hyperlink_cases_1dde9cd3_redline_8568a9817b  (elapsed 2627s, eta 1140s)
2026-10-01T06:26:11Z [2001/2868]  69.8%  72.75  tracking_without_comments__b39182a410_subscript_demo_style_default_missing__vs__ec45d7fc58_subtitle_style_demo_id_paraid_overflow_redline_d5338d81a5  (elapsed 2629s, eta 1139s)
2026-10-01T06:26:13Z [2002/2868]  69.8%  58.93  tracking_without_comments__b4b7c76ecd_font_family_demo_id_paraid_overflow__vs__7e405bc8f2_font_size_12_demo_id_paraid_overflow_redline_90337df4a4  (elapsed 2631s, eta 1138s)
2026-10-01T06:26:15Z [2003/2868]  69.8%  58.64  tracking_without_comments__b4ba29d456_left_alignment_demo_id_paraid_overflow__vs__bb46f61c5d_line_spacing_demo_id_paraid_overflow_redline_d34fc45c8a  (elapsed 2633s, eta 1137s)
2026-10-01T06:26:15Z [2004/2868]  69.9%  45.52  tracking_without_comments__b4294a7edd_ddff881efc732399286b36322055752e7287a255646f24a3__vs__c7dd32f288_e24a428cb81de32e27f3080d20695edc90f15423c4955e00_redline_d9bb456306  (elapsed 2634s, eta 1135s)
2026-10-01T06:26:16Z [2005/2868]  69.9%  47.53  tracking_without_comments__b27bda87ed_0023f7c421a05af9c44fb4ff9ef1bce46c53a081779b1e72__vs__342f364d46_001342333d45627868f4dc5282abbba4598a91b4a7584b08_redline_89a50b2cb9  (elapsed 2635s, eta 1134s)
2026-10-01T06:26:19Z [2006/2868]  69.9%  45.25  tracking_without_comments__b5a6dd6c66_super_editor__diff_before_019353a2__vs__2ad2fc5ab0_super_editor__diff_before10_2f84ca55_redline_585342dcd0  (elapsed 2637s, eta 1133s)
2026-10-01T06:26:21Z [2007/2868]  70.0%  45.34  tracking_without_comments__b5a6dd6c66_super_editor__diff_before_019353a2__vs__2ad2fc5ab0_super_editor__diff_before10_2f84ca55_redline_f327194a48  (elapsed 2639s, eta 1132s)
2026-10-01T06:26:29Z [2008/2868]  70.0%  39.96  tracking_without_comments__b54f749123_369705862a264e4be962e05314dd3442d40d540e5bcee581__vs__6a583de2e9_2759ad7e33657fd3a492e78e8bce281c34f6ea85fdf822dc_redline_d6f5c7680b  (elapsed 2647s, eta 1134s)
2026-10-01T06:26:30Z [2009/2868]  70.0%  42.52  tracking_without_comments__b541d943e6_1097a520fdfab2a59ef7c772acad0aa59ad7d2727f4e4ce7__vs__0edf92ed26_0f2eff12c1e29291c660bab9995451c6381db123fadb5e9b_redline_1b32762a10  (elapsed 2648s, eta 1132s)
2026-10-01T06:26:39Z [2010/2868]  70.1%  43.62  tracking_without_comments__b452365d7d_09d6d9401599e97360d8a7f9d3b53fbcc6851cc45bd170b8__vs__341e739fd0_02de94126cbea4972c87b92b52d718e5fd87a6aa82ede5b2_redline_3d9ced3a86  (elapsed 2657s, eta 1134s)
2026-10-01T06:26:41Z [2011/2868]  70.1%  39.87  tracking_without_comments__b6dd0b6ae8_015a4f5a16a110026418c0a7f5eefa69ce6d5f9bcfc2d955__vs__5203829c7a_001cc92b88566d5f930fe57f25813c0bf52a7bdc72c217d0_redline_66c61636a6  (elapsed 2659s, eta 1133s)
2026-10-01T06:26:41Z [2012/2868]  70.2%  41.32  tracking_without_comments__b13ad6a30b_08da985c87d92e2aa39245f9771c0f024ba1986d40e19c4d__vs__24cfc33555_89489e767eba60afbffffd971e4fde9913403bfb29003b2b_redline_fea87b305c  (elapsed 2659s, eta 1131s)
2026-10-01T06:26:43Z [2013/2868]  70.2%  69.21  tracking_without_comments__b7c9d27632_underline_text_demo_id_paraid_overflow__vs__fd5a40bd94_underline_text_formatting_demo_style_default_mis_redline_c32ad0e56a  (elapsed 2661s, eta 1130s)
2026-10-01T06:26:44Z [2014/2868]  70.2%  42.80  tracking_without_comments__b6dd0b6ae8_015a4f5a16a110026418c0a7f5eefa69ce6d5f9bcfc2d955__vs__bd3824dd1e_000ee64ef7226d353297888f59a251e24ce5d776fea000fa_redline_8a860250f5  (elapsed 2662s, eta 1129s)
2026-10-01T06:26:45Z [2015/2868]  70.3%  48.23  tracking_without_comments__b6dd0b6ae8_015a4f5a16a110026418c0a7f5eefa69ce6d5f9bcfc2d955__vs__342f364d46_001342333d45627868f4dc5282abbba4598a91b4a7584b08_redline_992e41eac1  (elapsed 2663s, eta 1127s)
2026-10-01T06:26:47Z [2016/2868]  70.3%  49.33  tracking_without_comments__b8b44bb609_52ee8bfbc7_rejected_tracking  (elapsed 2666s, eta 1127s)
2026-10-01T06:26:48Z [2017/2868]  70.3%  37.08  tracking_without_comments__b72ad4f19a_a820a0da011e611146ee10c801a15125f3b3b0409b63bb83__vs__ee2865bfb3_716005f9a9603c67f2c58b85bf74320b3f214987e153a4e4_redline_85cbdd433b  (elapsed 2666s, eta 1125s)
2026-10-01T06:26:48Z [2018/2868]  70.4%  37.04  tracking_without_comments__b18190e946_c15f734eca26465e173c2c9f36ee1113e525ab3dfafb4064__vs__ba2cfffd73_f1c36266d446e07c029f99f20ac9319675eea5d1dfd33823_redline_0bdee164e5  (elapsed 2666s, eta 1123s)
2026-10-01T06:26:55Z [2019/2868]  70.4%  40.88  tracking_without_comments__b7e67597aa_c4850a8edf9d9738475b66f4cdb5dd6ac803c9222a280f8b__vs__295a21b44d_69ee89952321714d1598511247bae32b5c7b5f8830cb67b8_redline_f10b7e772e  (elapsed 2673s, eta 1124s)
2026-10-01T06:26:55Z [2020/2868]  70.4%  39.87  tracking_without_comments__b7f325bd51_6f884742d51e530f70c1c0c3d3d5892bb5c8fd96c5ecfb1e__vs__9fef546df9_4adb619b0a08f4747df387366decbcc034d14f6913e5a553_redline_8c2eb5266f  (elapsed 2673s, eta 1122s)
2026-10-01T06:26:56Z [2021/2868]  70.5%  36.43  tracking_without_comments__b8d342dce2_55168b9490e23f1c2ac65519a9186dd43da70b6f7959d39a__vs__6b0e955dfe_80114507a4f8f886e89fb8a2a9f656e5d843d92730916146_redline_749f24fa0e  (elapsed 2674s, eta 1121s)
2026-10-01T06:27:00Z [2022/2868]  70.5%  47.40  tracking_without_comments__b2aba6af49_af7f234031b030c204bb9d410ee3e339406faa0e97eaa8bc__vs__f235c0d3f7_ad2add2aad4f07a8bab66ba9df06bac74d5dd077c6809d37_redline_86518c6d5b  (elapsed 2679s, eta 1121s)
2026-10-01T06:27:02Z [2023/2868]  70.5%  37.19  tracking_without_comments__b8ba7fb082_file_115__vs__02d3862b8b_file_116_redline_579738cc2d  (elapsed 2680s, eta 1119s)
2026-10-01T06:27:05Z [2024/2868]  70.6%  45.30  tracking_without_comments__ba54aaab82_super_editor__ooxml_italic_rstyle_combos_demo_90__vs__8ab3f01cdd_super_editor__paragraph_indent_normal_styles_85f_redline_85b79dc2e9  (elapsed 2684s, eta 1119s)
2026-10-01T06:27:08Z [2025/2868]  70.6%  45.26  tracking_without_comments__ba54aaab82_super_editor__ooxml_italic_rstyle_combos_demo_90__vs__8ab3f01cdd_super_editor__paragraph_indent_normal_styles_85f_redline_ca2fbe38f3  (elapsed 2686s, eta 1118s)
2026-10-01T06:27:10Z [2026/2868]  70.6%  37.17  tracking_without_comments__b937fc3f17_2d0296f261823beae379699470fe8f8a1a920baadc224b8f__vs__20c9b94017_02cdd23311ebde4cee2c47042daf87d29a5e4a46e459fc79_redline_70e5a6c7c8  (elapsed 2688s, eta 1117s)
2026-10-01T06:27:11Z [2027/2868]  70.7%  39.56  tracking_without_comments__b9655eda15_97c8e10c724f734b332e40e6250bb36818f77e9503882733__vs__4084024f5f_7e1bd71c23f050e9e42acf3c80c580ebed4128af155febc0_redline_057d1f69a1  (elapsed 2689s, eta 1116s)
2026-10-01T06:27:11Z [2028/2868]  70.7%  45.62  tracking_without_comments__ba54aaab82_super_editor__ooxml_italic_rstyle_combos_demo_90__vs__92589c3e37_super_editor__pre_separated_list_bd330d28_redline_44a5e498e0  (elapsed 2689s, eta 1114s)
2026-10-01T06:27:13Z [2029/2868]  70.7%  45.59  tracking_without_comments__ba54aaab82_super_editor__ooxml_italic_rstyle_combos_demo_90__vs__92589c3e37_super_editor__pre_separated_list_bd330d28_redline_ab9eccbcab  (elapsed 2691s, eta 1113s)
2026-10-01T06:27:17Z [2030/2868]  70.8%  45.21  tracking_without_comments__ba54aaab82_super_editor__ooxml_italic_rstyle_combos_demo_90__vs__ee61fb4ab3_super_editor__base_ordered_fdff1fb2_redline_51da0c6905  (elapsed 2695s, eta 1112s)
2026-10-01T06:27:17Z [2031/2868]  70.8%  42.49  tracking_without_comments__ba54aaab82_super_editor__ooxml_italic_rstyle_combos_demo_90__vs__ba54c6632c_super_editor__ooxml_rfonts_rstyle_linked_combos_redline_357b0acb87  (elapsed 2695s, eta 1111s)
2026-10-01T06:27:17Z [2032/2868]  70.9%  42.58  tracking_without_comments__ba54aaab82_super_editor__ooxml_italic_rstyle_combos_demo_90__vs__ba54c6632c_super_editor__ooxml_rfonts_rstyle_linked_combos_redline_feb663539e  (elapsed 2695s, eta 1109s)
2026-10-01T06:27:17Z [2033/2868]  70.9%  50.07  tracking_without_comments__b8ba7fb082_file_115  (elapsed 2695s, eta 1107s)
2026-10-01T06:27:19Z [2034/2868]  70.9%  45.18  tracking_without_comments__ba54aaab82_super_editor__ooxml_italic_rstyle_combos_demo_90__vs__ee61fb4ab3_super_editor__base_ordered_fdff1fb2_redline_660916ed5f  (elapsed 2697s, eta 1106s)
2026-10-01T06:27:20Z [2035/2868]  71.0%  42.36  tracking_without_comments__ba54c6632c_super_editor__ooxml_rfonts_rstyle_linked_combos__vs__667af231c2_behavior__sd_2672_rtl_table_63bd9d10_redline_db67d63aaa  (elapsed 2698s, eta 1105s)
2026-10-01T06:27:20Z [2036/2868]  71.0%  42.51  tracking_without_comments__ba54c6632c_super_editor__ooxml_rfonts_rstyle_linked_combos__vs__667af231c2_behavior__sd_2672_rtl_table_63bd9d10_redline_b26364fa4f  (elapsed 2699s, eta 1103s)
2026-10-01T06:27:23Z [2037/2868]  71.0%  43.47  tracking_without_comments__ba54c6632c_super_editor__ooxml_rfonts_rstyle_linked_combos__vs__ced58cbf54_super_editor__sd_1494_table_left_indent_03277d35_redline_12628c3805  (elapsed 2701s, eta 1102s)
2026-10-01T06:27:23Z [2038/2868]  71.1%  43.63  tracking_without_comments__ba54c6632c_super_editor__ooxml_rfonts_rstyle_linked_combos__vs__ced58cbf54_super_editor__sd_1494_table_left_indent_03277d35_redline_686ddb0b99  (elapsed 2701s, eta 1100s)
2026-10-01T06:27:23Z [2039/2868]  71.1%  45.70  tracking_without_comments__b742aca0d1_839f86bfde5b019768d7fa57ea25f61ff70e1642f87a90fc__vs__f89aaa5382_a6154e64eecf7e61bcc7412e4f00462d11abfb711484a9e8_redline_2405610dc2  (elapsed 2702s, eta 1098s)
2026-10-01T06:27:23Z [2040/2868]  71.1%  42.25  tracking_without_comments__ba54c6632c_super_editor__ooxml_rfonts_rstyle_linked_combos__vs__6ca202588b_super_editor__ooxml_size_rstyle_linked_combos_de_redline_8611642b9b  (elapsed 2702s, eta 1097s)
2026-10-01T06:27:24Z [2041/2868]  71.2%  37.54  tracking_without_comments__b992bfc6eb_super_editor__h_f_normal_odd_even_b572e46d__vs__e451997662_super_editor__h_f_normal_5d2a8d96_redline_393bcc39e4  (elapsed 2702s, eta 1095s)
2026-10-01T06:27:25Z [2042/2868]  71.2%  42.34  tracking_without_comments__ba54c6632c_super_editor__ooxml_rfonts_rstyle_linked_combos__vs__6ca202588b_super_editor__ooxml_size_rstyle_linked_combos_de_redline_be14e9f3b9  (elapsed 2703s, eta 1093s)
2026-10-01T06:27:28Z [2043/2868]  71.2%  37.55  tracking_without_comments__b992bfc6eb_super_editor__h_f_normal_odd_even_b572e46d__vs__e451997662_super_editor__h_f_normal_5d2a8d96_redline_620274b310  (elapsed 2706s, eta 1093s)
2026-10-01T06:27:29Z [2044/2868]  71.3%  63.23  tracking_without_comments__aa1037aa53_667eb031689b872e9c8a9eee1f1930391b686cf88e409262  (elapsed 2707s, eta 1091s)
2026-10-01T06:27:29Z [2045/2868]  71.3%  67.04  tracking_without_comments__bb9c5a8bd5_doc_api_stories__table_style_options_roundtrip_1__vs__22ccb1b200_super_editor__diff_after19_79c6b379_redline_77a6193e3e  (elapsed 2708s, eta 1090s)
2026-10-01T06:27:31Z [2046/2868]  71.3%  67.04  tracking_without_comments__bb9c5a8bd5_doc_api_stories__table_style_options_roundtrip_1__vs__22ccb1b200_super_editor__diff_after19_79c6b379_redline_ccb1abd033  (elapsed 2709s, eta 1089s)
2026-10-01T06:27:31Z [2047/2868]  71.4%  31.40  tracking_without_comments__bb7d7ca374_44325609d4be3b0e6299cdbd606242aab96b8e4abba544e0__vs__0f2e7c9b9b_14be283f9499c475a8b2e5b9df41db3de81072f41dc15722_redline_eb3d6ce130  (elapsed 2710s, eta 1087s)
2026-10-01T06:27:35Z [2048/2868]  71.4%  39.23  tracking_without_comments__bb5b3dffec_6451a5f2055600f7a4baba1695ce8e86ef517dbd5e7beb84__vs__9e91bf60e0_5c8effb0850299f4f3bbbe59c0ef7a1737bcdf934b1b3441_redline_0f723f5bdf  (elapsed 2714s, eta 1087s)
2026-10-01T06:27:36Z [2049/2868]  71.4%  44.28  tracking_without_comments__bc514b554e_00d979c97e42f03faff5f49e2a7dfa9afd30996214602e19__vs__2773adf157_0004c94ca2a8684d47449bb0e7abf87de1df71a7e6543252_redline_b553be7ee0  (elapsed 2714s, eta 1085s)
2026-10-01T06:27:36Z [2050/2868]  71.5%  35.89  tracking_without_comments__badc3ff7cc_file_196__vs__0464553734_file_197_redline_1987911502  (elapsed 2715s, eta 1083s)
2026-10-01T06:27:40Z [2051/2868]  71.5%  45.41  tracking_without_comments__bc514b554e_00d979c97e42f03faff5f49e2a7dfa9afd30996214602e19__vs__2e04202552_000e3e7bd2d6215fc7b469cc3e296c1b2a510bc1abc7e0fd_redline_d5d3c12881  (elapsed 2718s, eta 1083s)
2026-10-01T06:27:43Z [2052/2868]  71.5%  36.24  tracking_without_comments__bc514b554e_00d979c97e42f03faff5f49e2a7dfa9afd30996214602e19__vs__333bfe069a_003416d620331122b93b434dad901db5836f60d2cad4b533_redline_3563fcefd6  (elapsed 2721s, eta 1082s)
2026-10-01T06:27:46Z [2053/2868]  71.6%  35.70  tracking_without_comments__bc514b554e_00d979c97e42f03faff5f49e2a7dfa9afd30996214602e19__vs__5203829c7a_001cc92b88566d5f930fe57f25813c0bf52a7bdc72c217d0_redline_e16b4e056d  (elapsed 2725s, eta 1082s)
2026-10-01T06:27:51Z [2054/2868]  71.6%  49.29  tracking_without_comments__bc514b554e_00d979c97e42f03faff5f49e2a7dfa9afd30996214602e19__vs__aa5340125d_00a4b0b91e9b5b072dc3771391c2d608518690eccf44eae8_redline_ef5c07563d  (elapsed 2729s, eta 1082s)
2026-10-01T06:27:51Z [2055/2868]  71.7%  50.07  tracking_without_comments__badc3ff7cc_file_196  (elapsed 2729s, eta 1080s)
2026-10-01T06:27:52Z [2056/2868]  71.7%  39.17  tracking_without_comments__bc514b554e_00d979c97e42f03faff5f49e2a7dfa9afd30996214602e19__vs__bd3824dd1e_000ee64ef7226d353297888f59a251e24ce5d776fea000fa_redline_527b7f9493  (elapsed 2731s, eta 1078s)
2026-10-01T06:27:53Z [2057/2868]  71.7%  68.99  tracking_without_comments__bc78614a22_super_editor__gdocs_tracked_changes_3c1de315  (elapsed 2731s, eta 1077s)
2026-10-01T06:27:53Z [2058/2868]  71.8%  42.98  tracking_without_comments__bb560d2a02_2fb37ac3b5f327c12bb8bbd95446f266c5ad631463b80be8__vs__ef8453bf9c_09f1ccf70597b739a10c1b538c7686017f63363a46df22a3_redline_ba665aeaab  (elapsed 2731s, eta 1075s)
2026-10-01T06:27:53Z [2059/2868]  71.8%  41.22  tracking_without_comments__bc514b554e_00d979c97e42f03faff5f49e2a7dfa9afd30996214602e19__vs__342f364d46_001342333d45627868f4dc5282abbba4598a91b4a7584b08_redline_80f2309cfd  (elapsed 2731s, eta 1073s)
2026-10-01T06:27:54Z [2060/2868]  71.8%  39.48  tracking_without_comments__bc514b554e_00d979c97e42f03faff5f49e2a7dfa9afd30996214602e19__vs__deff0e697a_00b5defcad6e58038eac35472a2d48c89905068e5ece0cc3_redline_eecdb1c507  (elapsed 2732s, eta 1072s)
2026-10-01T06:27:55Z [2061/2868]  71.9%  46.94  tracking_without_comments__bcc7379f64_super_editor__paragraph_spacing_missing_de418c38__vs__1de41232b3_super_editor__exported_list_font_8e6db734_redline_1efab8dac5  (elapsed 2733s, eta 1070s)
2026-10-01T06:27:55Z [2062/2868]  71.9%  46.93  tracking_without_comments__bcc7379f64_super_editor__paragraph_spacing_missing_de418c38__vs__1de41232b3_super_editor__exported_list_font_8e6db734_redline_f29ade9532  (elapsed 2733s, eta 1068s)
2026-10-01T06:27:56Z [2063/2868]  71.9%  57.45  tracking_without_comments__bc844a0ea5_237db14eba_rejected_tracking  (elapsed 2735s, eta 1067s)
2026-10-01T06:27:57Z [2064/2868]  72.0%  47.40  tracking_without_comments__bcc7379f64_super_editor__paragraph_spacing_missing_de418c38__vs__dd6dbfb284_super_editor__diff_after2_fc1e0763_redline_66e78aa205  (elapsed 2735s, eta 1065s)
2026-10-01T06:27:57Z [2065/2868]  72.0%  47.43  tracking_without_comments__bcc7379f64_super_editor__paragraph_spacing_missing_de418c38__vs__dd6dbfb284_super_editor__diff_after2_fc1e0763_redline_d211d634bb  (elapsed 2736s, eta 1064s)
2026-10-01T06:27:58Z [2066/2868]  72.0%  47.28  tracking_without_comments__bcc7379f64_super_editor__paragraph_spacing_missing_de418c38__vs__a5903a7c15_super_editor__pci_table_dc840852_redline_72d58e2d23  (elapsed 2736s, eta 1062s)
2026-10-01T06:27:58Z [2067/2868]  72.1%  40.57  tracking_without_comments__bc514b554e_00d979c97e42f03faff5f49e2a7dfa9afd30996214602e19__vs__a5f2b9318d_002aa60c2ae1187417b4b157c5ec6450324cc056ec551a12_redline_9cb8afca44  (elapsed 2736s, eta 1060s)
2026-10-01T06:27:58Z [2068/2868]  72.1%  47.04  tracking_without_comments__bcc7379f64_super_editor__paragraph_spacing_missing_de418c38__vs__a5903a7c15_super_editor__pci_table_dc840852_redline_98d7eb9d7e  (elapsed 2737s, eta 1059s)
2026-10-01T06:27:59Z [2069/2868]  72.1%  57.76  tracking_without_comments__bd7b6b2bd0_super_editor__pagination_with_hard_break_8ce8c15__vs__8ab3f01cdd_super_editor__paragraph_indent_normal_styles_85f_redline_064fdf1a12  (elapsed 2737s, eta 1057s)
2026-10-01T06:27:59Z [2070/2868]  72.2%  57.75  tracking_without_comments__bd7b6b2bd0_super_editor__pagination_with_hard_break_8ce8c15__vs__8ab3f01cdd_super_editor__paragraph_indent_normal_styles_85f_redline_c12085664c  (elapsed 2737s, eta 1055s)
2026-10-01T06:27:59Z [2071/2868]  72.2%  60.50  tracking_without_comments__bdd82b239b_numbered_list_demo_id_paraid_overflow__vs__f6de76cc94_numbered_list_italic_demo_id_paraid_overflow_redline_8e77e22021  (elapsed 2737s, eta 1053s)
2026-10-01T06:28:00Z [2072/2868]  72.2%  64.71  tracking_without_comments__bebfc19fe0_justify_alignment_demo_id_paraid_overflow_2__vs__5a8152b0cd_justify_alignment_demo_id_paraid_overflow_redline_949f3e87b7  (elapsed 2738s, eta 1052s)
2026-10-01T06:28:01Z [2073/2868]  72.3%  58.88  tracking_without_comments__bf23b1e436_track_changes_suggesting_bold_id_paraid_overflow__vs__966994cba9_track_changes_suggesting_calibri_id_paraid_overf_redline_c8eca58b0a  (elapsed 2739s, eta 1050s)
2026-10-01T06:28:02Z [2074/2868]  72.3%  41.92  tracking_without_comments__bf50ee8ac4_super_editor__hummingbird_c5e5ac81__vs__049a315896_super_editor__hyperlink_multiple_runs_0138c312_redline_8ba0e5b6ff  (elapsed 2740s, eta 1049s)
2026-10-01T06:28:03Z [2075/2868]  72.4%  43.54  tracking_without_comments__bf50ee8ac4_super_editor__hummingbird_c5e5ac81__vs__7962b06671_super_editor__bookmark_use_cases_d20f31f6_redline_8ad8e10ef6  (elapsed 2741s, eta 1048s)
2026-10-01T06:28:04Z [2076/2868]  72.4%  36.39  tracking_without_comments__bdfb38a0d4_a017dcc46573b33602a2bb8adb3b873d1e0c3e314627511d__vs__9e94d239ae_bc79e34f74cfc2d846808a6b01b2d58cc05ec74f9747c94d_redline_f789c11f9a  (elapsed 2742s, eta 1046s)
2026-10-01T06:28:04Z [2077/2868]  72.4%  43.74  tracking_without_comments__bf50ee8ac4_super_editor__hummingbird_c5e5ac81__vs__7962b06671_super_editor__bookmark_use_cases_d20f31f6_redline_ca2364197b  (elapsed 2743s, eta 1044s)
2026-10-01T06:28:07Z [2078/2868]  72.5%  42.93  tracking_without_comments__bf50ee8ac4_super_editor__hummingbird_c5e5ac81__vs__9e4a01de0a_evals__employment_offer_4cf5a872_redline_a592f044b1  (elapsed 2745s, eta 1044s)
2026-10-01T06:28:08Z [2079/2868]  72.5%  42.86  tracking_without_comments__bf50ee8ac4_super_editor__hummingbird_c5e5ac81__vs__9e4a01de0a_evals__employment_offer_4cf5a872_redline_e340c30d5e  (elapsed 2746s, eta 1042s)
2026-10-01T06:28:10Z [2080/2868]  72.5%  35.66  tracking_without_comments__bee1069c5b_c83bfb0cff93a289a1f0e3ff8b3067d09c01245ad3559c41__vs__01dfe66768_1bade0e39666c3752f1c11379135dafe4307510fe1d29de8_redline_ecea12416c  (elapsed 2748s, eta 1041s)
2026-10-01T06:28:11Z [2081/2868]  72.6%  38.28  tracking_without_comments__bf47cf269f_c0f5d8c999e591882046f66e8994e370e69b9a594d3ba40d__vs__5f867f61cc_16ac98f457e5a534b29209bba77316d612cb9bf3181cfc50_redline_84a4b991e5  (elapsed 2749s, eta 1040s)
2026-10-01T06:28:11Z [2082/2868]  72.6%  35.58  tracking_without_comments__bfe4f398a3_c26f848848239cecb923377bfd35476bb054a42ff93cef74__vs__65c088a664_a9e49146f324b0b21c2f41ba8db3de01d69da8b6caf8232b_redline_047597cb13  (elapsed 2749s, eta 1038s)
2026-10-01T06:28:16Z [2083/2868]  72.6%  61.92  tracking_without_comments__bc78614a22_super_editor__gdocs_tracked_changes_3c1de315__vs__279abea8ce_super_editor__h_f_normal_odd_even_firstpg_9b210d_redline_59d7431859  (elapsed 2754s, eta 1038s)
2026-10-01T06:28:18Z [2084/2868]  72.7%  40.46  tracking_without_comments__be1fd554f4_cef36bfa8d96fd42e3b1998a97c4241b48fca0e1d79d5a63__vs__259b1954c6_d4045798fefe7423d90a38ff9c33486bd497811d41480016_redline_3248620bac  (elapsed 2757s, eta 1037s)
2026-10-01T06:28:19Z [2085/2868]  72.7%  40.12  tracking_without_comments__c0bf650392_e83fa17a4550bd0b6f71e3ef6a2c554a209aa2aea1a1d975  (elapsed 2757s, eta 1035s)
2026-10-01T06:28:19Z [2086/2868]  72.7%  48.34  tracking_without_comments__bfca1179b6_1ebd22491c6e35391763e71b8061cf7208dd7ce17c7dac60__vs__e6195c443f_368d0cc822ffa7764647877e3cd40522e5121b7286e5e6a8_redline_9b4d6a9b7a  (elapsed 2758s, eta 1034s)
2026-10-01T06:28:20Z [2087/2868]  72.8%  63.67  tracking_without_comments__c1023db5c5_super_editor__fields_test_4a8ffd8c__vs__f71a12ee23_super_editor__fields_attrs1_83837249_redline_277f37e189  (elapsed 2758s, eta 1032s)
2026-10-01T06:28:21Z [2088/2868]  72.8%  63.61  tracking_without_comments__c1023db5c5_super_editor__fields_test_4a8ffd8c__vs__f71a12ee23_super_editor__fields_attrs1_83837249_redline_98ca8d1b5b  (elapsed 2759s, eta 1031s)
2026-10-01T06:28:21Z [2089/2868]  72.8%  59.27  tracking_without_comments__c20e9b2d21_font_size_24_demo_id_paraid_overflow__vs__f8ecf81d8b_font_size_demo_id_paraid_overflow_redline_f6c1cd47a3  (elapsed 2760s, eta 1029s)
2026-10-01T06:28:22Z [2090/2868]  72.9%  66.75  tracking_without_comments__c21d15c9e9_track_changes_suggesting_center_id_paraid_overfl__vs__e0e59cf962_track_changes_suggesting_heading_id_paraid_overf_redline_6ce806c638  (elapsed 2760s, eta 1028s)
2026-10-01T06:28:24Z [2091/2868]  72.9%  79.54  tracking_without_comments__c260d8a5f5_c2ab344ec8_rejected_tracking  (elapsed 2762s, eta 1026s)
2026-10-01T06:28:28Z [2092/2868]  72.9%  53.59  tracking_without_comments__c2213c7b36_cddef6229b8e4b1a7425384446d5b7727b4e87f45faedd4b__vs__00b4bc7784_c5b5be6afbbd89ed300a97624e3546105bdacaa9c8999131_redline_c7562992ed  (elapsed 2766s, eta 1026s)
2026-10-01T06:28:29Z [2093/2868]  73.0%  40.41  tracking_without_comments__c03566b6a0_619640ade3a3b2ff9158c64cc0719930a5e7bc4db3304030__vs__efc741a309_54597f58809936a0ba00d752365cc0f1f4ccbe8b9fba0d3a_redline_8869680f5f  (elapsed 2767s, eta 1025s)
2026-10-01T06:28:32Z [2094/2868]  73.0%  37.60  tracking_without_comments__c0723c2916_file_99__vs__8b45820aa8_file_100_redline_65c3d7a7a9  (elapsed 2770s, eta 1024s)
2026-10-01T06:28:33Z [2095/2868]  73.0%  36.54  tracking_without_comments__c280ce0f40_019d92d986c5ba33a57df54db0056f3731e3254fcbe8ac65__vs__2773adf157_0004c94ca2a8684d47449bb0e7abf87de1df71a7e6543252_redline_8d7a2c620c  (elapsed 2771s, eta 1022s)
2026-10-01T06:28:40Z [2096/2868]  73.1%  37.61  tracking_without_comments__c280ce0f40_019d92d986c5ba33a57df54db0056f3731e3254fcbe8ac65__vs__2e04202552_000e3e7bd2d6215fc7b469cc3e296c1b2a510bc1abc7e0fd_redline_c1ee3ae6c5  (elapsed 2779s, eta 1023s)
2026-10-01T06:28:44Z [2097/2868]  73.1%  35.73  tracking_without_comments__c280ce0f40_019d92d986c5ba33a57df54db0056f3731e3254fcbe8ac65__vs__333bfe069a_003416d620331122b93b434dad901db5836f60d2cad4b533_redline_3c90d72d3b  (elapsed 2782s, eta 1023s)
2026-10-01T06:28:49Z [2098/2868]  73.2%  52.21  tracking_without_comments__c37fe51d51_221997f1c7_accepted_tracking  (elapsed 2787s, eta 1023s)
2026-10-01T06:28:50Z [2099/2868]  73.2%  36.36  tracking_without_comments__c280ce0f40_019d92d986c5ba33a57df54db0056f3731e3254fcbe8ac65__vs__5203829c7a_001cc92b88566d5f930fe57f25813c0bf52a7bdc72c217d0_redline_46abf7643d  (elapsed 2789s, eta 1022s)
2026-10-01T06:28:51Z [2100/2868]  73.2%  35.17  tracking_without_comments__c280ce0f40_019d92d986c5ba33a57df54db0056f3731e3254fcbe8ac65__vs__bd3824dd1e_000ee64ef7226d353297888f59a251e24ce5d776fea000fa_redline_9eb92708e4  (elapsed 2789s, eta 1020s)
2026-10-01T06:28:51Z [2101/2868]  73.3%  73.00  tracking_without_comments__c3906ac66a_1b4dd65cb9_accepted_tracking  (elapsed 2789s, eta 1018s)
2026-10-01T06:28:52Z [2102/2868]  73.3%  36.35  tracking_without_comments__c280ce0f40_019d92d986c5ba33a57df54db0056f3731e3254fcbe8ac65__vs__deff0e697a_00b5defcad6e58038eac35472a2d48c89905068e5ece0cc3_redline_ce0d116e9d  (elapsed 2790s, eta 1017s)
2026-10-01T06:28:53Z [2103/2868]  73.3%  74.15  tracking_without_comments__c40c88e402_project_tasks_suggesting_insertions  (elapsed 2791s, eta 1015s)
2026-10-01T06:28:56Z [2104/2868]  73.4%  48.58  tracking_without_comments__c04ae787d4_db9f753f675d3ca91a08032d07e7ec0c156fa152de3bafa7__vs__8f36ed144a_d47020aa359686bd7cbbe016e04872fb31c3995f576a2f1d_redline_be59d358de  (elapsed 2794s, eta 1015s)
2026-10-01T06:28:57Z [2105/2868]  73.4%  33.89  tracking_without_comments__c417943be1_002b4f4d8976804c283e6f90cc51f02c7fa5ca9027ffe491__vs__5203829c7a_001cc92b88566d5f930fe57f25813c0bf52a7bdc72c217d0_redline_5f69158474  (elapsed 2795s, eta 1013s)
2026-10-01T06:28:59Z [2106/2868]  73.4%  48.44  tracking_without_comments__c498e8c52c_super_editor__contract_acc_bbd983a0__vs__43dd6753e6_super_editor__diff_before7_5bad2542_redline_1f955ac1bf  (elapsed 2797s, eta 1012s)
2026-10-01T06:29:01Z [2107/2868]  73.5%  38.84  tracking_without_comments__c417943be1_002b4f4d8976804c283e6f90cc51f02c7fa5ca9027ffe491__vs__bd3824dd1e_000ee64ef7226d353297888f59a251e24ce5d776fea000fa_redline_4f13371312  (elapsed 2799s, eta 1011s)
2026-10-01T06:29:01Z [2108/2868]  73.5%  48.38  tracking_without_comments__c3dbab8d3b_sales_report_january_2026_suggesting_insertions__vs__d27102bf04_sample_document_afterword_repaired_word_repaired_redline_456cdec913  (elapsed 2799s, eta 1009s)
2026-10-01T06:29:01Z [2109/2868]  73.5%  48.49  tracking_without_comments__c498e8c52c_super_editor__contract_acc_bbd983a0__vs__43dd6753e6_super_editor__diff_before7_5bad2542_redline_ee45c5a315  (elapsed 2800s, eta 1008s)
2026-10-01T06:29:01Z [2110/2868]  73.6%  90.53  tracking_without_comments__c4695a0b3e_434990bdb3_rejected_tracking  (elapsed 2800s, eta 1006s)
2026-10-01T06:29:02Z [2111/2868]  73.6%  46.74  tracking_without_comments__c3dbab8d3b_sales_report_january_2026_suggesting_insertions__vs__d27102bf04_sample_document_afterword_repaired_word_repaired_redline_800c860d32  (elapsed 2800s, eta 1004s)
2026-10-01T06:29:03Z [2112/2868]  73.6%  50.09  tracking_without_comments__c498e8c52c_super_editor__contract_acc_bbd983a0__vs__ab859711f4_super_editor__custom_list_numbering1_7eb9fda4_redline_3c2c9cda82  (elapsed 2801s, eta 1003s)
2026-10-01T06:29:03Z [2113/2868]  73.7%  50.11  tracking_without_comments__c498e8c52c_super_editor__contract_acc_bbd983a0__vs__ab859711f4_super_editor__custom_list_numbering1_7eb9fda4_redline_fbea12c60c  (elapsed 2801s, eta 1001s)
2026-10-01T06:29:08Z [2114/2868]  73.7%  45.64  tracking_without_comments__c4ee483519_tiff_image__vs__671ff91b1d_behavior__sd_2750_borderbox_7cd3768d_redline_f74e2a39d6  (elapsed 2806s, eta 1001s)
2026-10-01T06:29:08Z [2115/2868]  73.7%  45.59  tracking_without_comments__c4ee483519_tiff_image__vs__671ff91b1d_behavior__sd_2750_borderbox_7cd3768d_redline_f2221d321a  (elapsed 2806s, eta 999s)
2026-10-01T06:29:47Z [2116/2868]  73.8%  44.69  tracking_without_comments__c4ea091705_0198ed79934875ab0b44de910b46cded49b1a2c18ca00bf9__vs__0f590615c1_3df4a9c0b9162e00a4dc9d673fb99511b114b0ccb964c9b4_redline_d94fb4f149  (elapsed 2845s, eta 1011s)
2026-10-01T06:29:52Z [2117/2868]  73.8%  38.94  tracking_without_comments__c4ee483519_tiff_image__vs__e451997662_super_editor__h_f_normal_5d2a8d96_redline_2ed508b300  (elapsed 2850s, eta 1011s)
2026-10-01T06:29:52Z [2118/2868]  73.8%  38.89  tracking_without_comments__c4ee483519_tiff_image__vs__e451997662_super_editor__h_f_normal_5d2a8d96_redline_8e0ef1a4a3  (elapsed 2851s, eta 1009s)
2026-10-01T06:29:55Z [2119/2868]  73.9%  48.54  tracking_without_comments__c51843a182_super_editor__diff_after3_3f4fb6e8__vs__6c0ad6c8ef_behavior__math_matrix_tests_a3b17e15_redline_6f6e4ae3e8  (elapsed 2854s, eta 1009s)
2026-10-01T06:29:56Z [2120/2868]  73.9%  48.50  tracking_without_comments__c51843a182_super_editor__diff_after3_3f4fb6e8__vs__6c0ad6c8ef_behavior__math_matrix_tests_a3b17e15_redline_d742b6bb1d  (elapsed 2854s, eta 1007s)
2026-10-01T06:30:01Z [2121/2868]  74.0%  48.24  tracking_without_comments__c512c8de7e_file_142__vs__eac167172d_file_143_redline_c6e5577115  (elapsed 2859s, eta 1007s)
2026-10-01T06:30:01Z [2122/2868]  74.0%  45.80  tracking_without_comments__c51843a182_super_editor__diff_after3_3f4fb6e8__vs__fd68f70f24_super_editor__ooxml_highlight_rstyle_linked_comb_redline_3c8cb7aeeb  (elapsed 2859s, eta 1005s)
2026-10-01T06:30:01Z [2123/2868]  74.0%  45.81  tracking_without_comments__c51843a182_super_editor__diff_after3_3f4fb6e8__vs__fd68f70f24_super_editor__ooxml_highlight_rstyle_linked_comb_redline_2cc89665da  (elapsed 2859s, eta 1003s)
2026-10-01T06:30:02Z [2124/2868]  74.1%  70.57  tracking_without_comments__c4ee483519_tiff_image__vs__776a437291_behavior__two_column_simple_e77be963_redline_5e067b0987  (elapsed 2860s, eta 1002s)
2026-10-01T06:30:03Z [2125/2868]  74.1%  57.02  tracking_without_comments__c5f3d78ca6_super_editor__annotations_import_2_eaae7b97__vs__7098537b0d_super_editor__base_custom_544164f9_redline_1176021038  (elapsed 2861s, eta 1000s)
2026-10-01T06:30:03Z [2126/2868]  74.1%  70.60  tracking_without_comments__c4ee483519_tiff_image__vs__776a437291_behavior__two_column_simple_e77be963_redline_658abbd1e3  (elapsed 2861s, eta 999s)
2026-10-01T06:30:03Z [2127/2868]  74.2%  57.01  tracking_without_comments__c5f3d78ca6_super_editor__annotations_import_2_eaae7b97__vs__7098537b0d_super_editor__base_custom_544164f9_redline_d10660776d  (elapsed 2861s, eta 997s)
2026-10-01T06:30:04Z [2128/2868]  74.2%  94.61  tracking_without_comments__c620f64d24_super_editor__hyperlink_node_internal_1c0232f9__vs__1dfdc7d8ec_super_editor__image_inline_and_block_ad6109b3_redline_950c27b0db  (elapsed 2862s, eta 995s)
2026-10-01T06:30:05Z [2129/2868]  74.2%  94.62  tracking_without_comments__c620f64d24_super_editor__hyperlink_node_internal_1c0232f9__vs__1dfdc7d8ec_super_editor__image_inline_and_block_ad6109b3_redline_a181a77a63  (elapsed 2863s, eta 994s)
2026-10-01T06:30:08Z [2130/2868]  74.3%  51.43  tracking_without_comments__c66a4f1b1a_a52462ea98_accepted_tracking  (elapsed 2866s, eta 993s)
2026-10-01T06:30:15Z [2131/2868]  74.3%  33.33  tracking_without_comments__c6956051c8_0035880301dd9b39b35318af6a88457fb4f6491a3ca1964a__vs__2773adf157_0004c94ca2a8684d47449bb0e7abf87de1df71a7e6543252_redline_95b15ae762  (elapsed 2873s, eta 994s)
2026-10-01T06:30:16Z [2132/2868]  74.3%  33.96  tracking_without_comments__c6956051c8_0035880301dd9b39b35318af6a88457fb4f6491a3ca1964a__vs__2e04202552_000e3e7bd2d6215fc7b469cc3e296c1b2a510bc1abc7e0fd_redline_a302cb338a  (elapsed 2874s, eta 992s)
2026-10-01T06:30:18Z [2133/2868]  74.4%  35.16  tracking_without_comments__c6956051c8_0035880301dd9b39b35318af6a88457fb4f6491a3ca1964a__vs__333bfe069a_003416d620331122b93b434dad901db5836f60d2cad4b533_redline_ef7c904857  (elapsed 2876s, eta 991s)
2026-10-01T06:30:23Z [2134/2868]  74.4%  37.70  tracking_without_comments__c6956051c8_0035880301dd9b39b35318af6a88457fb4f6491a3ca1964a__vs__1424386e9b_017447de83753a0e3b7afc659df038ef56972925336c6a5b_redline_bb59a906e9  (elapsed 2882s, eta 991s)
2026-10-01T06:30:28Z [2135/2868]  74.4%  55.51  tracking_without_comments__ba6721eed7_1a61978f0ea0ee2ec6a626de46a977c15f84fe45e8c06d43  (elapsed 2886s, eta 991s)
2026-10-01T06:30:30Z [2136/2868]  74.5%  36.91  tracking_without_comments__c6956051c8_0035880301dd9b39b35318af6a88457fb4f6491a3ca1964a__vs__5203829c7a_001cc92b88566d5f930fe57f25813c0bf52a7bdc72c217d0_redline_75ee805001  (elapsed 2889s, eta 990s)
2026-10-01T06:30:33Z [2137/2868]  74.5%  41.15  tracking_without_comments__c6956051c8_0035880301dd9b39b35318af6a88457fb4f6491a3ca1964a__vs__342f364d46_001342333d45627868f4dc5282abbba4598a91b4a7584b08_redline_5287854336  (elapsed 2892s, eta 989s)
2026-10-01T06:30:38Z [2138/2868]  74.5%  49.38  tracking_without_comments__c6956051c8_0035880301dd9b39b35318af6a88457fb4f6491a3ca1964a__vs__aa5340125d_00a4b0b91e9b5b072dc3771391c2d608518690eccf44eae8_redline_ecc5290096  (elapsed 2896s, eta 989s)
2026-10-01T06:30:41Z [2139/2868]  74.6%  38.25  tracking_without_comments__c6956051c8_0035880301dd9b39b35318af6a88457fb4f6491a3ca1964a__vs__bd3824dd1e_000ee64ef7226d353297888f59a251e24ce5d776fea000fa_redline_29eef1f277  (elapsed 2899s, eta 988s)
2026-10-01T06:30:41Z [2140/2868]  74.6%  37.96  tracking_without_comments__c6956051c8_0035880301dd9b39b35318af6a88457fb4f6491a3ca1964a__vs__deff0e697a_00b5defcad6e58038eac35472a2d48c89905068e5ece0cc3_redline_01f1d55999  (elapsed 2900s, eta 986s)
2026-10-01T06:30:43Z [2141/2868]  74.7%  50.54  tracking_without_comments__c6956051c8_0035880301dd9b39b35318af6a88457fb4f6491a3ca1964a__vs__a5f2b9318d_002aa60c2ae1187417b4b157c5ec6450324cc056ec551a12_redline_b72d78a5fb  (elapsed 2901s, eta 985s)
2026-10-01T06:30:46Z [2142/2868]  74.7%  60.89  tracking_without_comments__ca2e7eadec_d6f41d6086_rejected_tracking  (elapsed 2904s, eta 984s)
2026-10-01T06:30:48Z [2143/2868]  74.7%  49.64  tracking_without_comments__ca44eef662_super_editor__list_spacer1_06383c66__vs__7692b33045_super_editor__list_with_break_exported_broken_45_redline_0251e3704d  (elapsed 2906s, eta 983s)
2026-10-01T06:30:50Z [2144/2868]  74.8%  49.65  tracking_without_comments__ca44eef662_super_editor__list_spacer1_06383c66__vs__7692b33045_super_editor__list_with_break_exported_broken_45_redline_a76c02ec88  (elapsed 2908s, eta 982s)
2026-10-01T06:30:51Z [2145/2868]  74.8%  92.34  tracking_without_comments__c91cd0ca16_215790de70_rejected_tracking  (elapsed 2910s, eta 981s)
2026-10-01T06:30:52Z [2146/2868]  74.8%  55.87  tracking_without_comments__ca44eef662_super_editor__list_spacer1_06383c66__vs__9322444a3f_behavior__sd_2888_hyperlink_with_ampersand_aaaac_redline_2fe501ccce  (elapsed 2910s, eta 979s)
2026-10-01T06:30:53Z [2147/2868]  74.9%  46.48  tracking_without_comments__c7dbb386e8_ba0bb09a68972afa0f8f4e51b0b68c62613927280e07053f__vs__9adc367804_f1a94a792cf683005b754ab358c3e9f7689b9c5c072af42c_redline_565ad22d0a  (elapsed 2911s, eta 978s)
2026-10-01T06:30:54Z [2148/2868]  74.9%  55.90  tracking_without_comments__ca44eef662_super_editor__list_spacer1_06383c66__vs__9322444a3f_behavior__sd_2888_hyperlink_with_ampersand_aaaac_redline_e1e0d51261  (elapsed 2912s, eta 976s)
2026-10-01T06:30:54Z [2149/2868]  74.9%  62.97  tracking_without_comments__ca4ccabff6_superscript_demo_id_paraid_overflow_2__vs__860b6e457e_superscript_demo_id_paraid_overflow_redline_e56d44b193  (elapsed 2912s, eta 974s)
2026-10-01T06:30:55Z [2150/2868]  75.0%  63.47  tracking_without_comments__cb340e4c6a_center_alignment_demo_id_paraid_overflow__vs__8a7f242026_center_bold_demo_id_paraid_overflow_redline_64a9e685b5  (elapsed 2913s, eta 973s)
2026-10-01T06:30:55Z [2151/2868]  75.0%  41.32  tracking_without_comments__c8a9a6e711_62caeb83a2234e23b2b174c85c0168e0375fb9afba53987b__vs__d7f1b4b348_4719d6f01f9ae9f32bd0869e814f1d2e53038477e2fec13c_redline_27b0d94ddb  (elapsed 2913s, eta 971s)
2026-10-01T06:30:57Z [2152/2868]  75.0%  57.11  tracking_without_comments__cdb3618419_file_108  (elapsed 2915s, eta 970s)
2026-10-01T06:30:57Z [2153/2868]  75.1%  32.97  tracking_without_comments__c6b1275403_7ba2b78ab7dafc8c6a9706a4bf3e2423742cf76069b0ebd2__vs__33c0c3af06_e7c16ce029557c9f210eb62c1e74fa49cd1909b8216969b4_redline_0cd408ce27  (elapsed 2915s, eta 968s)
2026-10-01T06:30:59Z [2154/2868]  75.1%  40.56  tracking_without_comments__cc901c34fc_004028ecdee3787e97aed9dafb5feb104b20ab5540af6e39__vs__5203829c7a_001cc92b88566d5f930fe57f25813c0bf52a7bdc72c217d0_redline_3164416c91  (elapsed 2917s, eta 967s)
2026-10-01T06:30:59Z [2155/2868]  75.1%  37.42  tracking_without_comments__c7b4db5d0e_file_184__vs__fad186fbc9_file_185_redline_e5d359e783  (elapsed 2917s, eta 965s)
2026-10-01T06:31:00Z [2156/2868]  75.2%  56.90  tracking_without_comments__cdf27ad0d3_behavior__sd_2672_nested_table_dfac08bb__vs__18b8dd8ea3_behavior__sd_2672_plain_3x3_87943d5d_redline_46cccac5f4  (elapsed 2918s, eta 964s)
2026-10-01T06:31:00Z [2157/2868]  75.2%  45.97  tracking_without_comments__cdf27ad0d3_behavior__sd_2672_nested_table_dfac08bb__vs__d678cb4275_super_editor__blank_doc_b2a325e7_redline_09c565d945  (elapsed 2918s, eta 962s)
2026-10-01T06:31:01Z [2158/2868]  75.2%  56.58  tracking_without_comments__cdf27ad0d3_behavior__sd_2672_nested_table_dfac08bb__vs__18b8dd8ea3_behavior__sd_2672_plain_3x3_87943d5d_redline_7521562542  (elapsed 2919s, eta 960s)
2026-10-01T06:31:01Z [2159/2868]  75.3%  45.98  tracking_without_comments__cdf27ad0d3_behavior__sd_2672_nested_table_dfac08bb__vs__d678cb4275_super_editor__blank_doc_b2a325e7_redline_36fb098230  (elapsed 2919s, eta 959s)
2026-10-01T06:31:03Z [2160/2868]  75.3%  44.46  tracking_without_comments__cdc99394fd_8c45b767190482b7a94ce3492e9d5fcbfe743f72502c9169__vs__e3f5a2a35c_e03589ba2d798e04b15f136145db0af574edb4a886f65050_redline_b956ebc218  (elapsed 2921s, eta 957s)
2026-10-01T06:31:05Z [2161/2868]  75.3%  51.91  tracking_without_comments__cc901c34fc_004028ecdee3787e97aed9dafb5feb104b20ab5540af6e39__vs__342f364d46_001342333d45627868f4dc5282abbba4598a91b4a7584b08_redline_f26f0db15f  (elapsed 2923s, eta 956s)
2026-10-01T06:31:06Z [2162/2868]  75.4%  45.53  tracking_without_comments__ce4c9d3b3d_7fa69790846ae2093b15137a907a6d257ba30150baeba42b__vs__3eece07f64_515d32d994d29c8964884a6f3ff725ed3edcce5254484e85_redline_334f6d93af  (elapsed 2924s, eta 955s)
2026-10-01T06:31:06Z [2163/2868]  75.4%  92.99  tracking_without_comments__ce1f8655b2_58cea5fd68_rejected_tracking  (elapsed 2925s, eta 953s)
2026-10-01T06:31:10Z [2164/2868]  75.5%  56.32  tracking_without_comments__ced58cbf54_super_editor__sd_1494_table_left_indent_03277d35__vs__2c0c942234_super_editor__sd_2766_pirates_tracked_changes_32_redline_75a9d7262b  (elapsed 2928s, eta 953s)
2026-10-01T06:31:11Z [2165/2868]  75.5%  62.61  tracking_without_comments__ced58cbf54_super_editor__sd_1494_table_left_indent_03277d35__vs__45f61cfd4f_super_editor__sd_1495_auto_page_break_2_f0f3bf0e_redline_2324d07904  (elapsed 2929s, eta 951s)
2026-10-01T06:31:11Z [2166/2868]  75.5%  63.35  tracking_without_comments__ced58cbf54_super_editor__sd_1494_table_left_indent_03277d35__vs__45f61cfd4f_super_editor__sd_1495_auto_page_break_2_f0f3bf0e_redline_ca80876718  (elapsed 2930s, eta 949s)
2026-10-01T06:31:13Z [2167/2868]  75.6%  56.47  tracking_without_comments__ced58cbf54_super_editor__sd_1494_table_left_indent_03277d35__vs__92589c3e37_super_editor__pre_separated_list_bd330d28_redline_0113adc8d9  (elapsed 2931s, eta 948s)
2026-10-01T06:31:13Z [2168/2868]  75.6%  56.47  tracking_without_comments__ced58cbf54_super_editor__sd_1494_table_left_indent_03277d35__vs__92589c3e37_super_editor__pre_separated_list_bd330d28_redline_eaa80a3b49  (elapsed 2931s, eta 947s)
2026-10-01T06:31:14Z [2169/2868]  75.6%  67.89  tracking_without_comments__ced58cbf54_super_editor__sd_1494_table_left_indent_03277d35__vs__9332d3001f_super_editor__sdpr_titleonly_b0796676_redline_288b57d41b  (elapsed 2932s, eta 945s)
2026-10-01T06:31:15Z [2170/2868]  75.7%  67.90  tracking_without_comments__ced58cbf54_super_editor__sd_1494_table_left_indent_03277d35__vs__9332d3001f_super_editor__sdpr_titleonly_b0796676_redline_6a48c223a1  (elapsed 2934s, eta 944s)
2026-10-01T06:31:16Z [2171/2868]  75.7%  38.50  tracking_without_comments__cbd171fa3c_4598ae603096d1560af12ca03256d8cfcf124b748d8a1924__vs__1e98b247d0_30a6ee467b25c608a886e28c035a537494f8b4e966b5c07b_redline_f8b4a6220f  (elapsed 2934s, eta 942s)
2026-10-01T06:31:16Z [2172/2868]  75.7%  44.04  tracking_without_comments__cebebe66c9_9dd9020b5c47292686f95356374f2f3817804d47ae0c7e4f__vs__046eaac0a6_a6d59e1fc25cd0e0cf155c1d7ec1b6957ee450733f415cfb_redline_594503ebad  (elapsed 2934s, eta 940s)
2026-10-01T06:31:16Z [2173/2868]  75.8%  56.18  tracking_without_comments__cf02e0407e_file_26  (elapsed 2935s, eta 939s)
2026-10-01T06:31:18Z [2174/2868]  75.8%  71.23  tracking_without_comments__d0281643d2_super_editor__hello_docx_world_12f11074__vs__4858c9853b_behavior__multi_image_types_b962a2b8_redline_8bdd3868dc  (elapsed 2937s, eta 937s)
2026-10-01T06:31:19Z [2175/2868]  75.8%  71.20  tracking_without_comments__d0281643d2_super_editor__hello_docx_world_12f11074__vs__4858c9853b_behavior__multi_image_types_b962a2b8_redline_c386bd7870  (elapsed 2937s, eta 936s)
2026-10-01T06:31:21Z [2176/2868]  75.9%  57.48  tracking_without_comments__d0281643d2_super_editor__hello_docx_world_12f11074__vs__c2d49e9ede_super_editor__sd_978_remove_table_borders_47f7ed_redline_99a7d5e4cb  (elapsed 2939s, eta 935s)
2026-10-01T06:31:21Z [2177/2868]  75.9%  57.28  tracking_without_comments__d0281643d2_super_editor__hello_docx_world_12f11074__vs__c2d49e9ede_super_editor__sd_978_remove_table_borders_47f7ed_redline_bdbea19d90  (elapsed 2939s, eta 933s)
2026-10-01T06:31:22Z [2178/2868]  75.9%  53.63  tracking_without_comments__ceee8dab18_dad6c99469302f7b31da046a44fb03b2700da40336b5abc3__vs__f8143832db_e3e48f378f7a0beb14abfe0a259266e08cb12a44bcad49b6_redline_cad0c541fc  (elapsed 2940s, eta 932s)
2026-10-01T06:31:22Z [2179/2868]  76.0%  46.44  tracking_without_comments__d0281643d2_super_editor__hello_docx_world_12f11074__vs__e3d152989b_behavior__math_eqarr_tests_40a1adb0_redline_84263b7e47  (elapsed 2941s, eta 930s)
2026-10-01T06:31:23Z [2180/2868]  76.0%  46.43  tracking_without_comments__d0281643d2_super_editor__hello_docx_world_12f11074__vs__e3d152989b_behavior__math_eqarr_tests_40a1adb0_redline_debc9177b1  (elapsed 2941s, eta 928s)
2026-10-01T06:31:23Z [2181/2868]  76.0%  45.60  tracking_without_comments__cfd53bad25_behavior__sd_2672_sdt_table_fc038913__vs__671ff91b1d_behavior__sd_2750_borderbox_7cd3768d_redline_001b877031  (elapsed 2941s, eta 927s)
2026-10-01T06:31:23Z [2182/2868]  76.1%  45.65  tracking_without_comments__cfd53bad25_behavior__sd_2672_sdt_table_fc038913__vs__671ff91b1d_behavior__sd_2750_borderbox_7cd3768d_redline_0e3c7a2dc2  (elapsed 2942s, eta 925s)
2026-10-01T06:31:24Z [2183/2868]  76.1%  63.21  tracking_without_comments__d0423646cd_times_new_roman_bold_id_paraid_overflow__vs__13da8d3a5b_times_new_roman_font_id_paraid_overflow_redline_99522326cb  (elapsed 2943s, eta 923s)
2026-10-01T06:31:24Z [2184/2868]  76.2%  45.12  tracking_without_comments__d058354c9f_9494f2e92a_accepted_tracking  (elapsed 2943s, eta 922s)
2026-10-01T06:31:30Z [2185/2868]  76.2%  50.14  tracking_without_comments__d07303cf0c_5a2295e6c3fb70b9f2ebe4b90cf34e04a9158f33c2180506__vs__cbce9c63be_515eefceeac017dd8e56ae9e0b0ab5ab85e1da58199f0d6d_redline_1b651f2fc5  (elapsed 2948s, eta 922s)
2026-10-01T06:31:37Z [2186/2868]  76.2%  42.78  tracking_without_comments__ce8491a639_845b0a2405a186d07d9148b63a3ce3f2e6f4a1591c73daa0__vs__92f6ee8aac_5f55a25569af55c69ae82bf96cb6d0b191d64e6d91117302_redline_de69b738f5  (elapsed 2955s, eta 922s)
2026-10-01T06:31:37Z [2187/2868]  76.3%  38.07  tracking_without_comments__d09a2f8509_00b5aa69a6c33b2725953348488d62605dc209411d01f80a__vs__2773adf157_0004c94ca2a8684d47449bb0e7abf87de1df71a7e6543252_redline_3350b94022  (elapsed 2955s, eta 920s)
2026-10-01T06:31:42Z [2188/2868]  76.3%  36.11  tracking_without_comments__d09a2f8509_00b5aa69a6c33b2725953348488d62605dc209411d01f80a__vs__333bfe069a_003416d620331122b93b434dad901db5836f60d2cad4b533_redline_01b889d1c8  (elapsed 2960s, eta 920s)
2026-10-01T06:31:46Z [2189/2868]  76.3%  48.57  tracking_without_comments__d09a2f8509_00b5aa69a6c33b2725953348488d62605dc209411d01f80a__vs__2e04202552_000e3e7bd2d6215fc7b469cc3e296c1b2a510bc1abc7e0fd_redline_3eae2fcfd5  (elapsed 2965s, eta 920s)
2026-10-01T06:31:52Z [2190/2868]  76.4%  39.61  tracking_without_comments__d09a2f8509_00b5aa69a6c33b2725953348488d62605dc209411d01f80a__vs__1424386e9b_017447de83753a0e3b7afc659df038ef56972925336c6a5b_redline_84ab4181b4  (elapsed 2971s, eta 920s)
2026-10-01T06:31:56Z [2191/2868]  76.4%  36.27  tracking_without_comments__d09a2f8509_00b5aa69a6c33b2725953348488d62605dc209411d01f80a__vs__5203829c7a_001cc92b88566d5f930fe57f25813c0bf52a7bdc72c217d0_redline_fa75ae9364  (elapsed 2974s, eta 919s)
2026-10-01T06:32:00Z [2192/2868]  76.4%  56.79  tracking_without_comments__d0a21b7c3c_q1_sales_summary_table_2__vs__21c900e459_q1_sales_summary_table_redline_a5838f2677  (elapsed 2978s, eta 918s)
2026-10-01T06:32:06Z [2193/2868]  76.5%  61.52  tracking_without_comments__af2ea13761_6a0524deb86b08f0fb55dcbb7d469deacb25532f08824945  (elapsed 2984s, eta 919s)
2026-10-01T06:32:08Z [2194/2868]  76.5%  38.32  tracking_without_comments__d09a2f8509_00b5aa69a6c33b2725953348488d62605dc209411d01f80a__vs__bd3824dd1e_000ee64ef7226d353297888f59a251e24ce5d776fea000fa_redline_09b76bd785  (elapsed 2986s, eta 917s)
2026-10-01T06:32:09Z [2195/2868]  76.5%  39.84  tracking_without_comments__d1fc42d1b4_72dcf4dc5db35b70823754848e1137a2dca51c616061bea3__vs__acc20ae2d1_6292aea928cd8183d46d2e434349dbe8e5c41aceef91b0be_redline_0f841159c0  (elapsed 2987s, eta 916s)
2026-10-01T06:32:10Z [2196/2868]  76.6%  47.80  tracking_without_comments__d09a2f8509_00b5aa69a6c33b2725953348488d62605dc209411d01f80a__vs__aa5340125d_00a4b0b91e9b5b072dc3771391c2d608518690eccf44eae8_redline_cf5502ea84  (elapsed 2988s, eta 914s)
2026-10-01T06:32:11Z [2197/2868]  76.6%  39.62  tracking_without_comments__d09a2f8509_00b5aa69a6c33b2725953348488d62605dc209411d01f80a__vs__deff0e697a_00b5defcad6e58038eac35472a2d48c89905068e5ece0cc3_redline_1b1e73b3af  (elapsed 2989s, eta 913s)
2026-10-01T06:32:12Z [2198/2868]  76.6%  58.50  tracking_without_comments__d62736ce40_file_128  (elapsed 2991s, eta 912s)
2026-10-01T06:32:14Z [2199/2868]  76.7%  45.50  tracking_without_comments__d09a2f8509_00b5aa69a6c33b2725953348488d62605dc209411d01f80a__vs__a5f2b9318d_002aa60c2ae1187417b4b157c5ec6450324cc056ec551a12_redline_e7d9a076ba  (elapsed 2992s, eta 910s)
2026-10-01T06:32:14Z [2200/2868]  76.7%  74.83  tracking_without_comments__d678cb4275_super_editor__blank_doc_b2a325e7__vs__7962b06671_super_editor__bookmark_use_cases_d20f31f6_redline_12d29cabe0  (elapsed 2992s, eta 909s)
2026-10-01T06:32:15Z [2201/2868]  76.7%  41.03  tracking_without_comments__d09a2f8509_00b5aa69a6c33b2725953348488d62605dc209411d01f80a__vs__342f364d46_001342333d45627868f4dc5282abbba4598a91b4a7584b08_redline_b06a78c266  (elapsed 2993s, eta 907s)
2026-10-01T06:32:16Z [2202/2868]  76.8%  74.84  tracking_without_comments__d678cb4275_super_editor__blank_doc_b2a325e7__vs__7962b06671_super_editor__bookmark_use_cases_d20f31f6_redline_e0933da1a4  (elapsed 2994s, eta 905s)
2026-10-01T06:32:16Z [2203/2868]  76.8%  40.24  tracking_without_comments__d606327b4e_5c1229df35b4f4d9c161eb0e78d69d78168751c82ed36e23__vs__0796a8a2d6_449a3bc16d4c3f2f1c9d6bbac06f7ebbd864234fe008742f_redline_d2e3a1346e  (elapsed 2994s, eta 904s)
2026-10-01T06:32:16Z [2204/2868]  76.8%  74.88  tracking_without_comments__d678cb4275_super_editor__blank_doc_b2a325e7__vs__89b44c96a7_super_editor__sdts_basic_45263ca5_redline_0efa049487  (elapsed 2994s, eta 902s)
2026-10-01T06:32:17Z [2205/2868]  76.9%  74.88  tracking_without_comments__d678cb4275_super_editor__blank_doc_b2a325e7__vs__89b44c96a7_super_editor__sdts_basic_45263ca5_redline_5f1a849c0b  (elapsed 2995s, eta 901s)
2026-10-01T06:32:18Z [2206/2868]  76.9%  42.88  tracking_without_comments__d6a1c42901_super_editor__diff_before16_f518c031__vs__0e08fd6d80_super_editor__diff_before19_97e0f4e6_redline_0868ef9501  (elapsed 2996s, eta 899s)
2026-10-01T06:32:18Z [2207/2868]  77.0%  42.78  tracking_without_comments__d6a1c42901_super_editor__diff_before16_f518c031__vs__0e08fd6d80_super_editor__diff_before19_97e0f4e6_redline_889844e29f  (elapsed 2996s, eta 897s)
2026-10-01T06:32:18Z [2208/2868]  77.0%  67.80  tracking_without_comments__d6ba4fabd2_file_17  (elapsed 2996s, eta 896s)
2026-10-01T06:32:18Z [2209/2868]  77.0%  52.03  tracking_without_comments__d6229441a5_0022208cff905cd74261067032c22afa148e0f63496c7f66__vs__2e04202552_000e3e7bd2d6215fc7b469cc3e296c1b2a510bc1abc7e0fd_redline_f195c279be  (elapsed 2997s, eta 894s)
2026-10-01T06:32:20Z [2210/2868]  77.1%  53.84  tracking_without_comments__9f6f60f1db_d0a7c31f8535690716639fce8eb4081cb831a0b1c893af9f__vs__8116a767f0_723ae78054da0840fa9f450784fd17e0564865cb53a6bdd5_redline_e633129040  (elapsed 2998s, eta 893s)
2026-10-01T06:32:21Z [2211/2868]  77.1%  46.36  tracking_without_comments__d72fd74138_super_editor__ooxml_color_rstyle_linked_combos_d__vs__fd68f70f24_super_editor__ooxml_highlight_rstyle_linked_comb_redline_4b58ae9bb4  (elapsed 3000s, eta 891s)
2026-10-01T06:32:21Z [2212/2868]  77.1%  46.34  tracking_without_comments__d72fd74138_super_editor__ooxml_color_rstyle_linked_combos_d__vs__fd68f70f24_super_editor__ooxml_highlight_rstyle_linked_comb_redline_780e6a99fa  (elapsed 3000s, eta 890s)
2026-10-01T06:32:22Z [2213/2868]  77.2%  40.36  tracking_without_comments__c1023db5c5_super_editor__fields_test_4a8ffd8c__vs__8441c4ae21_sd_2517_localized_heading_styles_redline_2bfe0e2aef  (elapsed 3000s, eta 888s)
2026-10-01T06:32:23Z [2214/2868]  77.2%  46.66  tracking_without_comments__d6bd58bac2_behavior__math_nary_tests_dde91168__vs__e6fdfb6f2f_behavior__math_phantom_tests_263131a8_redline_f2075a6265  (elapsed 3001s, eta 886s)
2026-10-01T06:32:23Z [2215/2868]  77.2%  46.61  tracking_without_comments__d6bd58bac2_behavior__math_nary_tests_dde91168__vs__e6fdfb6f2f_behavior__math_phantom_tests_263131a8_redline_d83a0cf466  (elapsed 3002s, eta 885s)
2026-10-01T06:32:25Z [2216/2868]  77.3%  39.35  tracking_without_comments__d58692466c_redline_tool_output  (elapsed 3003s, eta 884s)
2026-10-01T06:32:26Z [2217/2868]  77.3%  45.42  tracking_without_comments__d776ad9be7_super_editor__multi_section_doc_080d2655__vs__1c5bd81def_super_editor__multiple_nodes_in_list_79d915a2_redline_2fb2572c2e  (elapsed 3004s, eta 882s)
2026-10-01T06:32:26Z [2218/2868]  77.3%  42.17  tracking_without_comments__d7458be405_ac850c4ad0ef9f18aaf445fab4b43d7459ab021b787e9cad__vs__427d7a2d2d_7e8d9f20dd82c00a2859abf9b9376f0135d127718ca9891e_redline_224f62fecb  (elapsed 3004s, eta 880s)
2026-10-01T06:32:26Z [2219/2868]  77.4%  45.42  tracking_without_comments__d776ad9be7_super_editor__multi_section_doc_080d2655__vs__1c5bd81def_super_editor__multiple_nodes_in_list_79d915a2_redline_89dcc843ca  (elapsed 3004s, eta 879s)
2026-10-01T06:32:26Z [2220/2868]  77.4%  40.82  tracking_without_comments__c1023db5c5_super_editor__fields_test_4a8ffd8c__vs__8441c4ae21_sd_2517_localized_heading_styles_redline_43cbf254ed  (elapsed 3004s, eta 877s)
2026-10-01T06:32:28Z [2221/2868]  77.4%  45.65  tracking_without_comments__da68abdf72_blue_centered_title_demo_style_default_missing__vs__6a4d8ea70c_blue_italic_text_demo_id_paraid_overflow_redline_15f013e680  (elapsed 3007s, eta 876s)
2026-10-01T06:32:32Z [2222/2868]  77.5%  41.39  tracking_without_comments__d8eda36137_file_34__vs__af5e239443_file_35_redline_09e86d8ba9  (elapsed 3010s, eta 875s)
2026-10-01T06:32:32Z [2223/2868]  77.5%  54.74  tracking_without_comments__d786fc4761_5b44fd7ae2_rejected_tracking  (elapsed 3011s, eta 874s)
2026-10-01T06:32:33Z [2224/2868]  77.5%  41.41  tracking_without_comments__d8eda36137_file_34__vs__af5e239443_file_35_redline_e73979ff6b  (elapsed 3011s, eta 872s)
2026-10-01T06:32:33Z [2225/2868]  77.6%  38.19  tracking_without_comments__dabf50d5d5_0071cf0910cc71fed86712d86afe96a45cf5c937af9aa006__vs__2773adf157_0004c94ca2a8684d47449bb0e7abf87de1df71a7e6543252_redline_22e2c276ac  (elapsed 3012s, eta 870s)
2026-10-01T06:32:34Z [2226/2868]  77.6%  48.57  tracking_without_comments__d776ad9be7_super_editor__multi_section_doc_080d2655__vs__e81d1fa10c_behavior__pageref_standalone_uppercase_h_7701e07_redline_4117d8340b  (elapsed 3012s, eta 869s)
2026-10-01T06:32:34Z [2227/2868]  77.6%  48.59  tracking_without_comments__d776ad9be7_super_editor__multi_section_doc_080d2655__vs__e81d1fa10c_behavior__pageref_standalone_uppercase_h_7701e07_redline_787e8e149a  (elapsed 3012s, eta 867s)
2026-10-01T06:32:36Z [2228/2868]  77.7%  48.16  tracking_without_comments__daf1fa36c0_red_bold_heading_demo_style_default_missing__vs__3e33de961a_red_bold_text_demo_id_paraid_overflow_redline_f45a6c4e3a  (elapsed 3015s, eta 866s)
2026-10-01T06:32:37Z [2229/2868]  77.7%  45.40  tracking_without_comments__dabf50d5d5_0071cf0910cc71fed86712d86afe96a45cf5c937af9aa006__vs__2e04202552_000e3e7bd2d6215fc7b469cc3e296c1b2a510bc1abc7e0fd_redline_7ebe43c5c3  (elapsed 3015s, eta 864s)
2026-10-01T06:32:38Z [2230/2868]  77.8%  41.93  tracking_without_comments__dabf50d5d5_0071cf0910cc71fed86712d86afe96a45cf5c937af9aa006__vs__333bfe069a_003416d620331122b93b434dad901db5836f60d2cad4b533_redline_af8426400b  (elapsed 3017s, eta 863s)
2026-10-01T06:32:40Z [2231/2868]  77.8%  40.58  tracking_without_comments__dabf50d5d5_0071cf0910cc71fed86712d86afe96a45cf5c937af9aa006__vs__bd3824dd1e_000ee64ef7226d353297888f59a251e24ce5d776fea000fa_redline_b445ea52f3  (elapsed 3018s, eta 862s)
2026-10-01T06:32:40Z [2232/2868]  77.8%  39.54  tracking_without_comments__dabf50d5d5_0071cf0910cc71fed86712d86afe96a45cf5c937af9aa006__vs__5203829c7a_001cc92b88566d5f930fe57f25813c0bf52a7bdc72c217d0_redline_1fadb8e6ce  (elapsed 3018s, eta 860s)
2026-10-01T06:32:40Z [2233/2868]  77.9%  47.44  tracking_without_comments__dabf50d5d5_0071cf0910cc71fed86712d86afe96a45cf5c937af9aa006__vs__deff0e697a_00b5defcad6e58038eac35472a2d48c89905068e5ece0cc3_redline_ee62e16f5f  (elapsed 3019s, eta 858s)
2026-10-01T06:32:43Z [2234/2868]  77.9%  39.12  tracking_without_comments__dc0cc27640_00749d7a966661b332df84521285ab93426ed3a255523f39__vs__2773adf157_0004c94ca2a8684d47449bb0e7abf87de1df71a7e6543252_redline_4591e9753b  (elapsed 3021s, eta 857s)
2026-10-01T06:32:44Z [2235/2868]  77.9%  28.48  tracking_without_comments__dab21ab21f_602f0dda46268a3316770fda51ab3a6649cc2d389000e3d9__vs__8c010ff2c5_3b89226c167b882562c5ad6dbe93dac0dcbeaf9ee9619f05_redline_2ceeca3948  (elapsed 3022s, eta 856s)
2026-10-01T06:32:45Z [2236/2868]  78.0%  38.90  tracking_without_comments__dc0cc27640_00749d7a966661b332df84521285ab93426ed3a255523f39__vs__1424386e9b_017447de83753a0e3b7afc659df038ef56972925336c6a5b_redline_b624ac3167  (elapsed 3023s, eta 855s)
2026-10-01T06:32:45Z [2237/2868]  78.0%  38.57  tracking_without_comments__dc0cc27640_00749d7a966661b332df84521285ab93426ed3a255523f39__vs__333bfe069a_003416d620331122b93b434dad901db5836f60d2cad4b533_redline_9927a758f4  (elapsed 3024s, eta 853s)
2026-10-01T06:32:47Z [2238/2868]  78.0%  42.50  tracking_without_comments__dc0cc27640_00749d7a966661b332df84521285ab93426ed3a255523f39__vs__2e04202552_000e3e7bd2d6215fc7b469cc3e296c1b2a510bc1abc7e0fd_redline_e61238bd61  (elapsed 3025s, eta 852s)
2026-10-01T06:32:47Z [2239/2868]  78.1%  38.34  tracking_without_comments__d73737e359_file_195__vs__badc3ff7cc_file_196_redline_160580d245  (elapsed 3025s, eta 850s)
2026-10-01T06:32:48Z [2240/2868]  78.1%  39.64  tracking_without_comments__db6a0b6f7a_7a2b4cfb614044966a2ecec65892fac70d6edfab784e7138__vs__b6ba6a6fcf_7eb842c8b5bd1e2a6a3f0cf79b76c74f77da2897a7cb7add_redline_64fdc8895b  (elapsed 3026s, eta 848s)
2026-10-01T06:32:48Z [2241/2868]  78.1%  36.09  tracking_without_comments__dc0cc27640_00749d7a966661b332df84521285ab93426ed3a255523f39__vs__5203829c7a_001cc92b88566d5f930fe57f25813c0bf52a7bdc72c217d0_redline_e8b19581fa  (elapsed 3026s, eta 847s)
2026-10-01T06:32:50Z [2242/2868]  78.2%  45.08  tracking_without_comments__dc0cc27640_00749d7a966661b332df84521285ab93426ed3a255523f39__vs__342f364d46_001342333d45627868f4dc5282abbba4598a91b4a7584b08_redline_de3fd1e089  (elapsed 3029s, eta 846s)
2026-10-01T06:32:51Z [2243/2868]  78.2%  39.08  tracking_without_comments__dc0cc27640_00749d7a966661b332df84521285ab93426ed3a255523f39__vs__bd3824dd1e_000ee64ef7226d353297888f59a251e24ce5d776fea000fa_redline_4428350d59  (elapsed 3030s, eta 844s)
2026-10-01T06:32:53Z [2244/2868]  78.2%  46.01  tracking_without_comments__dc0cc27640_00749d7a966661b332df84521285ab93426ed3a255523f39__vs__aa5340125d_00a4b0b91e9b5b072dc3771391c2d608518690eccf44eae8_redline_f007ed2234  (elapsed 3031s, eta 843s)
2026-10-01T06:32:54Z [2245/2868]  78.3%  37.81  tracking_without_comments__dc0cc27640_00749d7a966661b332df84521285ab93426ed3a255523f39__vs__deff0e697a_00b5defcad6e58038eac35472a2d48c89905068e5ece0cc3_redline_3c6ff98415  (elapsed 3032s, eta 841s)
2026-10-01T06:32:54Z [2246/2868]  78.3%  45.48  tracking_without_comments__dcf7dd476f_super_editor__superdoc_table_tester_3b2de2e1__vs__9ef2a93274_super_editor__tab_alignment_test_184edb5d_redline_be202a3b7a  (elapsed 3032s, eta 840s)
2026-10-01T06:32:55Z [2247/2868]  78.3%  45.45  tracking_without_comments__dcf7dd476f_super_editor__superdoc_table_tester_3b2de2e1__vs__9ef2a93274_super_editor__tab_alignment_test_184edb5d_redline_f192ed0e4a  (elapsed 3033s, eta 838s)
2026-10-01T06:32:57Z [2248/2868]  78.4%  54.41  tracking_without_comments__dd6dbfb284_super_editor__diff_after2_fc1e0763__vs__14211b982b_super_editor__simple_ordered_list_8288421a_redline_6529d3bcd8  (elapsed 3035s, eta 837s)
2026-10-01T06:32:59Z [2249/2868]  78.4%  54.41  tracking_without_comments__dd6dbfb284_super_editor__diff_after2_fc1e0763__vs__14211b982b_super_editor__simple_ordered_list_8288421a_redline_899da60033  (elapsed 3037s, eta 836s)
2026-10-01T06:33:00Z [2250/2868]  78.5%  43.62  tracking_without_comments__dcf7dd476f_super_editor__superdoc_table_tester_3b2de2e1__vs__f89ff5989b_evals__nda_7f304918_redline_699b8c72c1  (elapsed 3038s, eta 834s)
2026-10-01T06:33:00Z [2251/2868]  78.5%  43.62  tracking_without_comments__dcf7dd476f_super_editor__superdoc_table_tester_3b2de2e1__vs__f89ff5989b_evals__nda_7f304918_redline_83ec99367f  (elapsed 3038s, eta 833s)
2026-10-01T06:33:01Z [2252/2868]  78.5%  43.43  tracking_without_comments__dc66d763bc_fec394f21f9976317331f424bc24fa626c64ef3eae731937__vs__7356457460_f71434771e5404921d041fe82138aad9b59627f3e83d1057_redline_70c30e926c  (elapsed 3039s, eta 831s)
2026-10-01T06:33:01Z [2253/2868]  78.6%  54.44  tracking_without_comments__dd6dbfb284_super_editor__diff_after2_fc1e0763__vs__c51843a182_super_editor__diff_after3_3f4fb6e8_redline_b443fb9207  (elapsed 3039s, eta 830s)
2026-10-01T06:33:02Z [2254/2868]  78.6%  54.51  tracking_without_comments__dd6dbfb284_super_editor__diff_after2_fc1e0763__vs__c51843a182_super_editor__diff_after3_3f4fb6e8_redline_ce452c2155  (elapsed 3040s, eta 828s)
2026-10-01T06:33:03Z [2255/2868]  78.6%  46.34  tracking_without_comments__ddfa313a5f_super_editor__list_with_break_from_word_5cc0d638__vs__420a528aa0_super_editor__instrtext_angled_brackets_bug_ed56_redline_931691a601  (elapsed 3042s, eta 827s)
2026-10-01T06:33:03Z [2256/2868]  78.7%  46.35  tracking_without_comments__ddfa313a5f_super_editor__list_with_break_from_word_5cc0d638__vs__420a528aa0_super_editor__instrtext_angled_brackets_bug_ed56_redline_f462f95ace  (elapsed 3042s, eta 825s)
2026-10-01T06:33:04Z [2257/2868]  78.7%  55.33  tracking_without_comments__ddfa313a5f_super_editor__list_with_break_from_word_5cc0d638__vs__a24b3782e4_super_editor__list_with_table_break_ff0c4c1f_redline_9c011bc33d  (elapsed 3042s, eta 824s)
2026-10-01T06:33:05Z [2258/2868]  78.7%  47.80  tracking_without_comments__dc0cc27640_00749d7a966661b332df84521285ab93426ed3a255523f39__vs__a5f2b9318d_002aa60c2ae1187417b4b157c5ec6450324cc056ec551a12_redline_d5bbbf45e3  (elapsed 3043s, eta 822s)
2026-10-01T06:33:05Z [2259/2868]  78.8%  55.33  tracking_without_comments__ddfa313a5f_super_editor__list_with_break_from_word_5cc0d638__vs__a24b3782e4_super_editor__list_with_table_break_ff0c4c1f_redline_f7bf998f62  (elapsed 3044s, eta 821s)
2026-10-01T06:33:06Z [2260/2868]  78.8%  60.43  tracking_without_comments__de2a4c9936_marketing_strategy_2026_suggesting_insertions  (elapsed 3044s, eta 819s)
2026-10-01T06:33:06Z [2261/2868]  78.8%  46.95  tracking_without_comments__de3c6fded9_super_editor__doc_with_spacing_e3d47bd7__vs__7692b33045_super_editor__list_with_break_exported_broken_45_redline_8084ef19f0  (elapsed 3045s, eta 817s)
2026-10-01T06:33:07Z [2262/2868]  78.9%  46.94  tracking_without_comments__de3c6fded9_super_editor__doc_with_spacing_e3d47bd7__vs__7692b33045_super_editor__list_with_break_exported_broken_45_redline_a1044ca3d9  (elapsed 3045s, eta 816s)
2026-10-01T06:33:07Z [2263/2868]  78.9%  46.04  tracking_without_comments__dcee9f23ae_8f82a1a17d45527b203aae94e56227008fff487a866706c1__vs__f68348e67c_6f5dd23f809f9aac4460fcad9319090bf6b779f38a68f688_redline_295bf39150  (elapsed 3046s, eta 814s)
2026-10-01T06:33:08Z [2264/2868]  78.9%  44.63  tracking_without_comments__dc6cf74a76_hr_onboarding_checklist_table__vs__308862bb53_i_am_sharing_microsoft_word_vs_google_docs_compr_redline_e10275b787  (elapsed 3046s, eta 813s)
2026-10-01T06:33:09Z [2265/2868]  79.0%  57.35  tracking_without_comments__de3c6fded9_super_editor__doc_with_spacing_e3d47bd7__vs__de8054b3bc_super_editor__image_p_spacing_9b211fd7_redline_db34220062  (elapsed 3047s, eta 811s)
2026-10-01T06:33:09Z [2266/2868]  79.0%  57.35  tracking_without_comments__de3c6fded9_super_editor__doc_with_spacing_e3d47bd7__vs__de8054b3bc_super_editor__image_p_spacing_9b211fd7_redline_4cfbb558a3  (elapsed 3047s, eta 810s)
2026-10-01T06:33:09Z [2267/2868]  79.0%  37.50  tracking_without_comments__de8054b3bc_super_editor__image_p_spacing_9b211fd7__vs__420a528aa0_super_editor__instrtext_angled_brackets_bug_ed56_redline_639d40ef20  (elapsed 3048s, eta 808s)
2026-10-01T06:33:10Z [2268/2868]  79.1%  44.29  tracking_without_comments__de3c6fded9_super_editor__doc_with_spacing_e3d47bd7__vs__e8d299e041_super_editor__dropcaps_520cd049_redline_84b1a5774e  (elapsed 3048s, eta 806s)
2026-10-01T06:33:10Z [2269/2868]  79.1%  37.50  tracking_without_comments__de8054b3bc_super_editor__image_p_spacing_9b211fd7__vs__420a528aa0_super_editor__instrtext_angled_brackets_bug_ed56_redline_be43aa147f  (elapsed 3048s, eta 805s)
2026-10-01T06:33:10Z [2270/2868]  79.1%  44.42  tracking_without_comments__de3c6fded9_super_editor__doc_with_spacing_e3d47bd7__vs__e8d299e041_super_editor__dropcaps_520cd049_redline_d98f283c85  (elapsed 3049s, eta 803s)
2026-10-01T06:33:11Z [2271/2868]  79.2%  34.96  tracking_without_comments__de8054b3bc_super_editor__image_p_spacing_9b211fd7__vs__e8d299e041_super_editor__dropcaps_520cd049_redline_0a268c59fc  (elapsed 3050s, eta 802s)
2026-10-01T06:33:12Z [2272/2868]  79.2%  34.66  tracking_without_comments__de8054b3bc_super_editor__image_p_spacing_9b211fd7__vs__e8d299e041_super_editor__dropcaps_520cd049_redline_e1e4065e8a  (elapsed 3050s, eta 800s)
2026-10-01T06:33:13Z [2273/2868]  79.3%  46.89  tracking_without_comments__df3c3e7c40_behavior__math_func_tests_0434dd11__vs__4edcbf241a_behavior__math_groupchr_tests_4a4970fc_redline_9ef7f0f9d2  (elapsed 3052s, eta 799s)
2026-10-01T06:33:14Z [2274/2868]  79.3%  55.73  tracking_without_comments__e0c027b1ca_meeting_agenda_table__vs__87f3bff234_meeting_minutes_id_paraid_overflow_redline_1a0e553bcd  (elapsed 3052s, eta 797s)
2026-10-01T06:33:14Z [2275/2868]  79.3%  51.04  tracking_without_comments__df3c3e7c40_behavior__math_func_tests_0434dd11__vs__7c87c9cd93_super_editor__complex_list_def_short_fde20a67_redline_07538260d7  (elapsed 3052s, eta 796s)
2026-10-01T06:33:14Z [2276/2868]  79.4%  46.93  tracking_without_comments__df3c3e7c40_behavior__math_func_tests_0434dd11__vs__4edcbf241a_behavior__math_groupchr_tests_4a4970fc_redline_fed30d399d  (elapsed 3053s, eta 794s)
2026-10-01T06:33:15Z [2277/2868]  79.4%  51.04  tracking_without_comments__df3c3e7c40_behavior__math_func_tests_0434dd11__vs__7c87c9cd93_super_editor__complex_list_def_short_fde20a67_redline_c287f4b977  (elapsed 3053s, eta 792s)
2026-10-01T06:33:15Z [2278/2868]  79.4%  44.35  tracking_without_comments__dd97d8bf4d_3d4318d7e9_rejected_tracking  (elapsed 3053s, eta 791s)
2026-10-01T06:33:16Z [2279/2868]  79.5%  48.31  tracking_without_comments__e0e59cf962_track_changes_suggesting_heading_id_paraid_overf__vs__438e423482_track_changes_suggesting_italic_id_paraid_overfl_redline_5b4da5ef5a  (elapsed 3054s, eta 789s)
2026-10-01T06:33:16Z [2280/2868]  79.5%  53.64  tracking_without_comments__e0e6c96bb7_heading_3_style_demo_id_paraid_overflow__vs__8c730b5c80_heading_4_right_italic_id_paraid_overflow_redline_2e47503344  (elapsed 3054s, eta 788s)
2026-10-01T06:33:16Z [2281/2868]  79.5%  62.42  tracking_without_comments__e1201c51d4_italic_subscript_demo_style_default_missing__vs__3fc14675e5_italic_text_formatting_demo_id_paraid_overflow_2_redline_80188ee236  (elapsed 3055s, eta 786s)
2026-10-01T06:33:17Z [2282/2868]  79.6%  39.98  tracking_without_comments__da1c3af0e0_250744bec97b45c445cac252da1aa0372e31c1fc8ca3fdc3__vs__d556f5f45b_5dc0680e3d155bb0cecd3e5dfcfae46baafc12e2e6659a70_redline_d883adc484  (elapsed 3055s, eta 784s)
2026-10-01T06:33:17Z [2283/2868]  79.6%  62.70  tracking_without_comments__e1736e61c5_italic_underline_combined_demo_id_paraid_overflo__vs__516ae5b317_justified_underline_demo_id_paraid_overflow_redline_e5baed414b  (elapsed 3055s, eta 783s)
2026-10-01T06:33:19Z [2284/2868]  79.6%  59.20  tracking_without_comments__e1f631e28a_green_highlight_demo_id_paraid_overflow__vs__d7c6d7eb36_green_underline_bullet_list_id_paraid_overflow_redline_27fe57b836  (elapsed 3058s, eta 782s)
2026-10-01T06:33:20Z [2285/2868]  79.7%  55.95  tracking_without_comments__e29df71807_bold_underline_highlight_demo_id_paraid_overflow__vs__4c0d04c85d_book_catalog_id_paraid_overflow_redline_6ae26ad7ce  (elapsed 3058s, eta 780s)
2026-10-01T06:33:23Z [2286/2868]  79.7%  57.09  tracking_without_comments__e3d152989b_behavior__math_eqarr_tests_40a1adb0__vs__89b44c96a7_super_editor__sdts_basic_45263ca5_redline_331221556e  (elapsed 3061s, eta 779s)
2026-10-01T06:33:25Z [2287/2868]  79.7%  57.09  tracking_without_comments__e3d152989b_behavior__math_eqarr_tests_40a1adb0__vs__89b44c96a7_super_editor__sdts_basic_45263ca5_redline_b4cc08b6ff  (elapsed 3064s, eta 778s)
2026-10-01T06:33:28Z [2288/2868]  79.8%  36.21  tracking_without_comments__e1c745d784_008243ee20adecbf2ae39c9e6809b022076aa166a4a4f9ec__vs__2e04202552_000e3e7bd2d6215fc7b469cc3e296c1b2a510bc1abc7e0fd_redline_e955dc97c5  (elapsed 3067s, eta 777s)
2026-10-01T06:33:29Z [2289/2868]  79.8%  41.82  tracking_without_comments__e06360ad93_895dbdb5cb68e336d5f090a2e2db02328ed308aa8ddad9a8__vs__13b4616434_03a526d1d0d4fc425eae01a06f59f62b887b13a5cfbbbde5_redline_c5163ef00a  (elapsed 3067s, eta 776s)
2026-10-01T06:33:30Z [2290/2868]  79.8%  43.45  tracking_without_comments__e124592dd0_e8735707c6583763f32f7f53c7c73aaa1e555ea8afae61dc__vs__23b2146e32_1461cd3e23ccb24ba6585120b146d4148bfe03b4d38be305_redline_7825f4bf9e  (elapsed 3068s, eta 774s)
2026-10-01T06:33:30Z [2291/2868]  79.9%  38.92  tracking_without_comments__e0f4b08c23_83f64817282408df4115d6b1ef633eae270e12369098f8bb__vs__f94c56aefc_5da228de557ae69509564519e7e940c13f94199ac4cbd002_redline_6d23548b54  (elapsed 3068s, eta 773s)
2026-10-01T06:33:30Z [2292/2868]  79.9%  47.96  tracking_without_comments__e3d152989b_behavior__math_eqarr_tests_40a1adb0__vs__df3c3e7c40_behavior__math_func_tests_0434dd11_redline_3b995e1708  (elapsed 3068s, eta 771s)
2026-10-01T06:33:32Z [2293/2868]  80.0%  31.66  tracking_without_comments__e1c745d784_008243ee20adecbf2ae39c9e6809b022076aa166a4a4f9ec__vs__5203829c7a_001cc92b88566d5f930fe57f25813c0bf52a7bdc72c217d0_redline_3126b6b3e9  (elapsed 3070s, eta 770s)
2026-10-01T06:33:33Z [2294/2868]  80.0%  47.98  tracking_without_comments__e3d152989b_behavior__math_eqarr_tests_40a1adb0__vs__df3c3e7c40_behavior__math_func_tests_0434dd11_redline_550da840bc  (elapsed 3071s, eta 768s)
2026-10-01T06:33:35Z [2295/2868]  80.0%  39.36  tracking_without_comments__e1f382e06c_c512809c25bd7361b876bd88b03147374825a08ffa6c421b__vs__913a803ec0_a483c05b535722ddc8401af50faf88e818b8c9e8730f3734_redline_86a8674d54  (elapsed 3073s, eta 767s)
2026-10-01T06:33:35Z [2296/2868]  80.1%  83.28  tracking_without_comments__e4fcf6f28f_429328c875_accepted_tracking  (elapsed 3074s, eta 766s)
2026-10-01T06:33:38Z [2297/2868]  80.1%  70.94  tracking_without_comments__e615c89269_inventory_list_suggesting_deletions  (elapsed 3076s, eta 765s)
2026-10-01T06:33:43Z [2298/2868]  80.1%  34.59  tracking_without_comments__e451997662_super_editor__h_f_normal_5d2a8d96__vs__837d45926d_super_editor__header_alternating_odd_even_11e019_redline_207a4a8f72  (elapsed 3081s, eta 764s)
2026-10-01T06:33:44Z [2299/2868]  80.2%  34.64  tracking_without_comments__e451997662_super_editor__h_f_normal_5d2a8d96__vs__837d45926d_super_editor__header_alternating_odd_even_11e019_redline_b33793b0f8  (elapsed 3082s, eta 763s)
2026-10-01T06:33:45Z [2300/2868]  80.2%  64.08  tracking_without_comments__e663016796_behavior__sd_2672_multipara_cell_4d1f068e__vs__2ba392cdd2_super_editor__broken_list_missing_items_36b4199e_redline_3b56113728  (elapsed 3083s, eta 761s)
2026-10-01T06:33:47Z [2301/2868]  80.2%  64.06  tracking_without_comments__e663016796_behavior__sd_2672_multipara_cell_4d1f068e__vs__2ba392cdd2_super_editor__broken_list_missing_items_36b4199e_redline_ed8a06e4ff  (elapsed 3085s, eta 760s)
2026-10-01T06:33:47Z [2302/2868]  80.3%  39.63  tracking_without_comments__e3780f39c3_word_official_redline  (elapsed 3085s, eta 759s)
2026-10-01T06:33:48Z [2303/2868]  80.3%  50.00  tracking_without_comments__e663016796_behavior__sd_2672_multipara_cell_4d1f068e__vs__8ee210e927_super_editor__missing_separator_41c823b9_redline_e981300405  (elapsed 3086s, eta 757s)
2026-10-01T06:33:49Z [2304/2868]  80.3%  42.23  tracking_without_comments__e54c9bd21f_aee15f6eb7a052860e1a38eeb505d1d72c95850f4d5a85c2__vs__07b195a037_9fbdf087319a56301a305e3a3d60bcb13fe85bb880a5f8c5_redline_5822db382e  (elapsed 3087s, eta 756s)
2026-10-01T06:33:49Z [2305/2868]  80.4%  49.82  tracking_without_comments__e663016796_behavior__sd_2672_multipara_cell_4d1f068e__vs__8ee210e927_super_editor__missing_separator_41c823b9_redline_fe4bbe5273  (elapsed 3087s, eta 754s)
2026-10-01T06:33:50Z [2306/2868]  80.4%  56.71  tracking_without_comments__e663016796_behavior__sd_2672_multipara_cell_4d1f068e__vs__c620f64d24_super_editor__hyperlink_node_internal_1c0232f9_redline_59071be97f  (elapsed 3088s, eta 753s)
2026-10-01T06:33:50Z [2307/2868]  80.4%  56.70  tracking_without_comments__e663016796_behavior__sd_2672_multipara_cell_4d1f068e__vs__c620f64d24_super_editor__hyperlink_node_internal_1c0232f9_redline_6bce5c69f7  (elapsed 3088s, eta 751s)
2026-10-01T06:33:50Z [2308/2868]  80.5%  37.16  tracking_without_comments__e4a3a561ca_eb69ea90d9396386d231b2853b5f141a4312bddb262d96e2__vs__c0bf650392_e83fa17a4550bd0b6f71e3ef6a2c554a209aa2aea1a1d975_redline_3f56b101d2  (elapsed 3088s, eta 749s)
2026-10-01T06:33:51Z [2309/2868]  80.5%  55.66  tracking_without_comments__e663016796_behavior__sd_2672_multipara_cell_4d1f068e__vs__cdf27ad0d3_behavior__sd_2672_nested_table_dfac08bb_redline_11e0d1cba7  (elapsed 3089s, eta 748s)
2026-10-01T06:33:51Z [2310/2868]  80.5%  55.51  tracking_without_comments__e663016796_behavior__sd_2672_multipara_cell_4d1f068e__vs__cdf27ad0d3_behavior__sd_2672_nested_table_dfac08bb_redline_da2e723d26  (elapsed 3090s, eta 746s)
2026-10-01T06:33:53Z [2311/2868]  80.6%  41.43  tracking_without_comments__e68eeb99b6_bc0135eaa1_accepted_tracking  (elapsed 3091s, eta 745s)
2026-10-01T06:33:53Z [2312/2868]  80.6%  45.98  tracking_without_comments__e6fdfb6f2f_behavior__math_phantom_tests_263131a8__vs__0b1d0278ce_behavior__math_radical_tests_4c1ce187_redline_0313f0be86  (elapsed 3092s, eta 744s)
2026-10-01T06:33:54Z [2313/2868]  80.6%  45.94  tracking_without_comments__e6fdfb6f2f_behavior__math_phantom_tests_263131a8__vs__0b1d0278ce_behavior__math_radical_tests_4c1ce187_redline_496879243c  (elapsed 3093s, eta 742s)
2026-10-01T06:33:57Z [2314/2868]  80.7%  46.67  tracking_without_comments__e81d1fa10c_behavior__pageref_standalone_uppercase_h_7701e07__vs__3d8acd6139_super_editor__restart_numbering_sub_list_85ddcb7_redline_89ed94efff  (elapsed 3095s, eta 741s)
2026-10-01T06:33:57Z [2315/2868]  80.7%  46.67  tracking_without_comments__e81d1fa10c_behavior__pageref_standalone_uppercase_h_7701e07__vs__3d8acd6139_super_editor__restart_numbering_sub_list_85ddcb7_redline_7a2fba99f1  (elapsed 3095s, eta 739s)
2026-10-01T06:33:58Z [2316/2868]  80.8%  54.53  tracking_without_comments__e81d1fa10c_behavior__pageref_standalone_uppercase_h_7701e07__vs__906753e55b_super_editor__table_c70ca973_redline_53102d5380  (elapsed 3096s, eta 738s)
2026-10-01T06:33:59Z [2317/2868]  80.8%  37.99  tracking_without_comments__e4ecaf299a_e8734be8f3bad0f932748f9d1140c46156f7190a5d442720__vs__46d725d8b8_e25a417f0e4225520e3f8c44ce765a4370a00e9882ef7f44_redline_6c9e1de72b  (elapsed 3097s, eta 736s)
2026-10-01T06:34:00Z [2318/2868]  80.8%  46.43  tracking_without_comments__e81d1fa10c_behavior__pageref_standalone_uppercase_h_7701e07__vs__a291bf4a73_behavior__rtl_header_footer_e1ac81f6_redline_2a6ac88d46  (elapsed 3098s, eta 735s)
2026-10-01T06:34:00Z [2319/2868]  80.9%  33.52  tracking_without_comments__e80d7d2b35_174817c3c4ceeaa392df716bfc5b2035dead4912efb0a54a__vs__b83d53a061_0b51577fe8f261b7bbd09d6bc4b4f11cf85cb1a18e9b6f33_redline_12d5912031  (elapsed 3098s, eta 733s)
2026-10-01T06:34:00Z [2320/2868]  80.9%  37.54  tracking_without_comments__e67a78cb92_e7d0bae60d8af6cb04c2d2f9ea55d696c6306a76711199b1__vs__903433e005_e754327442cd2e893e4babc59c841abdddaabad9dce051bc_redline_3e94824738  (elapsed 3098s, eta 732s)
2026-10-01T06:34:00Z [2321/2868]  80.9%  54.38  tracking_without_comments__e81d1fa10c_behavior__pageref_standalone_uppercase_h_7701e07__vs__906753e55b_super_editor__table_c70ca973_redline_5bc41ba3c7  (elapsed 3098s, eta 730s)
2026-10-01T06:34:01Z [2322/2868]  81.0%  46.55  tracking_without_comments__e81d1fa10c_behavior__pageref_standalone_uppercase_h_7701e07__vs__a291bf4a73_behavior__rtl_header_footer_e1ac81f6_redline_780888b561  (elapsed 3099s, eta 729s)
2026-10-01T06:34:01Z [2323/2868]  81.0%  43.58  tracking_without_comments__e84c305da3_23127ea8e1_rejected_tracking  (elapsed 3100s, eta 727s)
2026-10-01T06:34:02Z [2324/2868]  81.0%  42.66  tracking_without_comments__e8d299e041_super_editor__dropcaps_520cd049__vs__1de41232b3_super_editor__exported_list_font_8e6db734_redline_10001df1c7  (elapsed 3100s, eta 726s)
2026-10-01T06:34:02Z [2325/2868]  81.1%  42.68  tracking_without_comments__e8d299e041_super_editor__dropcaps_520cd049__vs__1de41232b3_super_editor__exported_list_font_8e6db734_redline_f82cba445c  (elapsed 3100s, eta 724s)
2026-10-01T06:34:02Z [2326/2868]  81.1%  41.15  tracking_without_comments__e60fdf3850_cc8d2643e287d327c1ec8acfc1add257d40ab32416908b4a__vs__11df314724_6ade0e18e232d9ba178d04b99e4329f0375e1d97d66199ea_redline_736986d5e4  (elapsed 3100s, eta 722s)
2026-10-01T06:34:03Z [2327/2868]  81.1%  54.32  tracking_without_comments__ea7427b18a_super_editor__complex_list_def_issue_326369f9__vs__8e672e0a48_super_editor__complex_list_def_short_export_8fa1_redline_4e5492388f  (elapsed 3102s, eta 721s)
2026-10-01T06:34:04Z [2328/2868]  81.2%  54.32  tracking_without_comments__ea7427b18a_super_editor__complex_list_def_issue_326369f9__vs__8e672e0a48_super_editor__complex_list_def_short_export_8fa1_redline_7040578ca5  (elapsed 3102s, eta 720s)
2026-10-01T06:34:08Z [2329/2868]  81.2%  43.59  tracking_without_comments__e937906728_4ce0fcc29773b57d731ea2cf74f00cea1765facf87c314e3__vs__0a6015fd65_7d861e8e83ae31293d8d8390a3fe14e160d0ff79624c95de_redline_47c39c50c3  (elapsed 3106s, eta 719s)
2026-10-01T06:34:10Z [2330/2868]  81.2%  59.14  tracking_without_comments__ec45d7fc58_subtitle_style_demo_id_paraid_overflow__vs__61eaede95c_subtitle_style_demo_style_default_missing_redline_833a8af7b8  (elapsed 3109s, eta 718s)
2026-10-01T06:34:11Z [2331/2868]  81.3%  36.98  tracking_without_comments__ea4bdc5108_4bbec363f57d79c46d57c5399b187c633daa72bb576d6eb1__vs__44f53394b0_272c8f94f3fd187b3bd8581024dc8be7712ab9f38ce42964_redline_a2204e4435  (elapsed 3109s, eta 716s)
2026-10-01T06:34:15Z [2332/2868]  81.3%  39.64  tracking_without_comments__eb6c0a6b3d_6e887b917bd3d9b6517240ec5fff92e2e80df2355f0b2c0d__vs__dd8f5157a7_44fde829656a31e42c997f295e47c96040150a4a122c6d6a_redline_d68996f643  (elapsed 3114s, eta 716s)
2026-10-01T06:34:15Z [2333/2868]  81.3%  56.81  tracking_without_comments__e65add4c62_77a24d564c3ed7bd897cd7a249225e19a8e3aa4caf45115d  (elapsed 3114s, eta 714s)
2026-10-01T06:34:18Z [2334/2868]  81.4%  65.29  tracking_without_comments__e8ff0cb8ce_ebe3e5ca03_accepted_tracking  (elapsed 3116s, eta 713s)
2026-10-01T06:34:20Z [2335/2868]  81.4%  39.84  tracking_without_comments__ec19540e2c_d6ef382e948b98e757f3fd2067de5daf1a944935d8906ebc__vs__090acc461f_d27134788fec08eea4972a5641b965c0ff2238bfd18e7cfa_redline_859b75527f  (elapsed 3118s, eta 712s)
2026-10-01T06:34:22Z [2336/2868]  81.5%  61.73  tracking_without_comments__ef1e1c68e9_super_editor__basic_paragraph_1774f4e4__vs__9e80f22c51_behavior__word_native_bullet_circle_80d6f323_redline_bf59bfdb84  (elapsed 3120s, eta 711s)
2026-10-01T06:34:23Z [2337/2868]  81.5%  44.70  tracking_without_comments__ece10bd712_4a0f8a0058e714d958dba0708b5a74c40cc30a1ee1b46e5a__vs__41887884bd_2cdd902cb377787234394f4d3ece42c9f318500f242c6077_redline_30a5d2970b  (elapsed 3121s, eta 709s)
2026-10-01T06:34:24Z [2338/2868]  81.5%  61.54  tracking_without_comments__ef1e1c68e9_super_editor__basic_paragraph_1774f4e4__vs__9e80f22c51_behavior__word_native_bullet_circle_80d6f323_redline_da59776388  (elapsed 3122s, eta 708s)
2026-10-01T06:34:29Z [2339/2868]  81.6%  38.01  tracking_without_comments__ef7218d9e8_001893584bf94ff30c98db48cb8a0ea0ea5abc048f3e1a4d__vs__2773adf157_0004c94ca2a8684d47449bb0e7abf87de1df71a7e6543252_redline_75dfed19c8  (elapsed 3128s, eta 707s)
2026-10-01T06:34:31Z [2340/2868]  81.6%  49.60  tracking_without_comments__ef7218d9e8_001893584bf94ff30c98db48cb8a0ea0ea5abc048f3e1a4d__vs__1424386e9b_017447de83753a0e3b7afc659df038ef56972925336c6a5b_redline_d7ea5ec958  (elapsed 3129s, eta 706s)
2026-10-01T06:34:38Z [2341/2868]  81.6%  45.21  tracking_without_comments__ef7218d9e8_001893584bf94ff30c98db48cb8a0ea0ea5abc048f3e1a4d__vs__2e04202552_000e3e7bd2d6215fc7b469cc3e296c1b2a510bc1abc7e0fd_redline_bedd714410  (elapsed 3136s, eta 706s)
2026-10-01T06:34:38Z [2342/2868]  81.7%  39.86  tracking_without_comments__ef7218d9e8_001893584bf94ff30c98db48cb8a0ea0ea5abc048f3e1a4d__vs__333bfe069a_003416d620331122b93b434dad901db5836f60d2cad4b533_redline_b626364e3d  (elapsed 3136s, eta 704s)
2026-10-01T06:34:39Z [2343/2868]  81.7%  46.75  tracking_without_comments__ece6c6931f_1f7522ec9f4a0788daef36fd07bf990f7a588ace17bbc4ee__vs__418b154e5c_28644f235b80e9dcd2ad8ac640fb08a960458dbaa35dca3e_redline_051517534a  (elapsed 3137s, eta 703s)
2026-10-01T06:34:39Z [2344/2868]  81.7%  44.01  tracking_without_comments__acce1b593c_4bb73d9addf1f02e3a2132dcd33a8feb4dfcbe076d43bb0f__vs__4e2d5a0b0c_4887566b3c4aad8c7f07b4ba2637c0244a1ee0d66c8d0c29_redline_63ea4d3f8d  (elapsed 3137s, eta 701s)
2026-10-01T06:34:45Z [2345/2868]  81.8%  34.28  tracking_without_comments__ef7218d9e8_001893584bf94ff30c98db48cb8a0ea0ea5abc048f3e1a4d__vs__5203829c7a_001cc92b88566d5f930fe57f25813c0bf52a7bdc72c217d0_redline_d7962d3334  (elapsed 3143s, eta 701s)
2026-10-01T06:34:45Z [2346/2868]  81.8%  37.59  tracking_without_comments__eeec3949fe_file_114__vs__b8ba7fb082_file_115_redline_09a6e874c8  (elapsed 3144s, eta 699s)
2026-10-01T06:34:52Z [2347/2868]  81.8%  44.07  tracking_without_comments__ed36b607e8_fedc2c0ba6_rejected_tracking  (elapsed 3151s, eta 699s)
2026-10-01T06:34:56Z [2348/2868]  81.9%  48.26  tracking_without_comments__ef7218d9e8_001893584bf94ff30c98db48cb8a0ea0ea5abc048f3e1a4d__vs__aa5340125d_00a4b0b91e9b5b072dc3771391c2d608518690eccf44eae8_redline_bbaad01a9e  (elapsed 3154s, eta 699s)
2026-10-01T06:34:56Z [2349/2868]  81.9%  40.72  tracking_without_comments__ef7218d9e8_001893584bf94ff30c98db48cb8a0ea0ea5abc048f3e1a4d__vs__deff0e697a_00b5defcad6e58038eac35472a2d48c89905068e5ece0cc3_redline_1bc89c0f18  (elapsed 3154s, eta 697s)
2026-10-01T06:34:58Z [2350/2868]  81.9%  40.28  tracking_without_comments__ef7218d9e8_001893584bf94ff30c98db48cb8a0ea0ea5abc048f3e1a4d__vs__bd3824dd1e_000ee64ef7226d353297888f59a251e24ce5d776fea000fa_redline_67da4b412e  (elapsed 3156s, eta 696s)
2026-10-01T06:34:58Z [2351/2868]  82.0%  67.38  tracking_without_comments__ef910057dc_f4228003d6_accepted_tracking  (elapsed 3156s, eta 694s)
2026-10-01T06:35:04Z [2352/2868]  82.0%  43.24  tracking_without_comments__f0a100f46b_6231f8459f76856605dc9613074071242061e8204fcaaa23__vs__366c01499c_4a5ea51e25a7689223e27af0f1191b5c443621ba21572343_redline_1a0f04f94a  (elapsed 3162s, eta 694s)
2026-10-01T06:35:05Z [2353/2868]  82.0%  39.51  tracking_without_comments__f17e96512e_001cb345cc8d6b799aa725514eb368005048b80f4b4c07a5__vs__5203829c7a_001cc92b88566d5f930fe57f25813c0bf52a7bdc72c217d0_redline_7a388489bd  (elapsed 3163s, eta 692s)
2026-10-01T06:35:07Z [2354/2868]  82.1%  52.02  tracking_without_comments__ef7218d9e8_001893584bf94ff30c98db48cb8a0ea0ea5abc048f3e1a4d__vs__a5f2b9318d_002aa60c2ae1187417b4b157c5ec6450324cc056ec551a12_redline_0f5caeaa2f  (elapsed 3166s, eta 691s)
2026-10-01T06:35:11Z [2355/2868]  82.1%  71.76  tracking_without_comments__f26a5e4940_italic_text_formatting_demo_id_paraid_overflow__vs__e1736e61c5_italic_underline_combined_demo_id_paraid_overflo_redline_b90ed7b17f  (elapsed 3169s, eta 690s)
2026-10-01T06:35:14Z [2356/2868]  82.1%  57.80  tracking_without_comments__f17e96512e_001cb345cc8d6b799aa725514eb368005048b80f4b4c07a5__vs__342f364d46_001342333d45627868f4dc5282abbba4598a91b4a7584b08_redline_5e1c535426  (elapsed 3172s, eta 689s)
2026-10-01T06:35:16Z [2357/2868]  82.2%  44.33  tracking_without_comments__ef7218d9e8_001893584bf94ff30c98db48cb8a0ea0ea5abc048f3e1a4d__vs__342f364d46_001342333d45627868f4dc5282abbba4598a91b4a7584b08_redline_44a468bfc6  (elapsed 3174s, eta 688s)
2026-10-01T06:35:16Z [2358/2868]  82.2%  56.26  tracking_without_comments__f3b2e74e02_calibri_font_demo_id_paraid_overflow__vs__689563dec1_calibri_heading_2_right_id_paraid_overflow_redline_4308b75c50  (elapsed 3175s, eta 687s)
2026-10-01T06:35:20Z [2359/2868]  82.3%  35.12  tracking_without_comments__e855894947_4256746e0764d53f71723c390ba077e50881806719029dd6__vs__a9d810a3ad_65a2d0c1ef78aaca9992ad2ace66032f5438435b43b338e9_redline_1a4f106bda  (elapsed 3178s, eta 686s)
2026-10-01T06:35:27Z [2360/2868]  82.3%  45.22  tracking_without_comments__f43f6ef305_002042b8a23533ba746bf4eaf56b5e62642cc111f5f5fcff__vs__2e04202552_000e3e7bd2d6215fc7b469cc3e296c1b2a510bc1abc7e0fd_redline_89c1335efe  (elapsed 3185s, eta 686s)
2026-10-01T06:35:28Z [2361/2868]  82.3%  44.62  tracking_without_comments__f1ea4a51fd_hr_onboarding_checklist_table__vs__d0e7f278b8_i_am_sharing_microsoft_word_vs_google_docs_compr_redline_85b1c9235c  (elapsed 3187s, eta 684s)
2026-10-01T06:35:29Z [2362/2868]  82.4%  44.67  tracking_without_comments__f1ea4a51fd_hr_onboarding_checklist_table__vs__d0e7f278b8_i_am_sharing_microsoft_word_vs_google_docs_compr_redline_a0d1b167f5  (elapsed 3187s, eta 683s)
2026-10-01T06:35:30Z [2363/2868]  82.4%  40.24  tracking_without_comments__f43f6ef305_002042b8a23533ba746bf4eaf56b5e62642cc111f5f5fcff__vs__333bfe069a_003416d620331122b93b434dad901db5836f60d2cad4b533_redline_7bc6ddcbba  (elapsed 3188s, eta 681s)
2026-10-01T06:35:32Z [2364/2868]  82.4%  37.83  tracking_without_comments__f3627c3358_647bbcfb5983dbb22eec3b8e052f418bcfc1a5e5b81cbcb8__vs__50c0ec7ce2_e232c5055caabe5cc2b06c062fb99b3b68d7facf0101066a_redline_6926d6b8fd  (elapsed 3190s, eta 680s)
2026-10-01T06:35:33Z [2365/2868]  82.5%  37.12  tracking_without_comments__f1746514c4_db20a8e42bee45edc34c26571be6554ec377a38c56c51480__vs__0ecfaa1c19_2bd9981b3dd6ccd510a8942577ca3089f861f02f32c3200a_redline_81ecf9d6d2  (elapsed 3191s, eta 679s)
2026-10-01T06:35:36Z [2366/2868]  82.5%  43.19  tracking_without_comments__f49b3b0ec2_super_editor__sd_1919_word_table_74726d6c__vs__18d1a4ad46_super_editor__sd_2534_collab_export_f3c7fdf7_redline_6ef257d033  (elapsed 3194s, eta 678s)
2026-10-01T06:35:37Z [2367/2868]  82.5%  36.52  tracking_without_comments__f43f6ef305_002042b8a23533ba746bf4eaf56b5e62642cc111f5f5fcff__vs__5203829c7a_001cc92b88566d5f930fe57f25813c0bf52a7bdc72c217d0_redline_ca17705374  (elapsed 3196s, eta 676s)
2026-10-01T06:35:38Z [2368/2868]  82.6%  43.20  tracking_without_comments__f49b3b0ec2_super_editor__sd_1919_word_table_74726d6c__vs__18d1a4ad46_super_editor__sd_2534_collab_export_f3c7fdf7_redline_7cb6b20c15  (elapsed 3197s, eta 675s)
2026-10-01T06:35:40Z [2369/2868]  82.6%  48.35  tracking_without_comments__f49b3b0ec2_super_editor__sd_1919_word_table_74726d6c__vs__e663016796_behavior__sd_2672_multipara_cell_4d1f068e_redline_6adcb54944  (elapsed 3198s, eta 674s)
2026-10-01T06:35:41Z [2370/2868]  82.6%  48.40  tracking_without_comments__f49b3b0ec2_super_editor__sd_1919_word_table_74726d6c__vs__e663016796_behavior__sd_2672_multipara_cell_4d1f068e_redline_f189e94409  (elapsed 3199s, eta 672s)
2026-10-01T06:35:42Z [2371/2868]  82.7%  44.47  tracking_without_comments__f43f6ef305_002042b8a23533ba746bf4eaf56b5e62642cc111f5f5fcff__vs__342f364d46_001342333d45627868f4dc5282abbba4598a91b4a7584b08_redline_8e48e2dbd8  (elapsed 3200s, eta 671s)
2026-10-01T06:35:43Z [2372/2868]  82.7%  43.90  tracking_without_comments__f43f6ef305_002042b8a23533ba746bf4eaf56b5e62642cc111f5f5fcff__vs__aa5340125d_00a4b0b91e9b5b072dc3771391c2d608518690eccf44eae8_redline_c4d54fcd75  (elapsed 3201s, eta 669s)
2026-10-01T06:35:43Z [2373/2868]  82.7%  70.83  tracking_without_comments__f4e1903ff3_super_editor__sd_1707_list_enter_track_changes_w__vs__25f07e0823_super_editor__sd_1919_word_mixed_33e049ca_redline_4d4841f48c  (elapsed 3201s, eta 668s)
2026-10-01T06:35:43Z [2374/2868]  82.8%  70.78  tracking_without_comments__f4e1903ff3_super_editor__sd_1707_list_enter_track_changes_w__vs__25f07e0823_super_editor__sd_1919_word_mixed_33e049ca_redline_a91147b7d6  (elapsed 3201s, eta 666s)
2026-10-01T06:35:43Z [2375/2868]  82.8%  41.09  tracking_without_comments__f43f6ef305_002042b8a23533ba746bf4eaf56b5e62642cc111f5f5fcff__vs__bd3824dd1e_000ee64ef7226d353297888f59a251e24ce5d776fea000fa_redline_fd2201fe85  (elapsed 3202s, eta 665s)
2026-10-01T06:35:44Z [2376/2868]  82.8%  58.31  tracking_without_comments__f584285fed_behavior__sd_2672_gridbefore_vmerge_7c895dff__vs__ae9360e096_behavior__sd_2672_merged_table_821b922c_redline_6f547c7a01  (elapsed 3202s, eta 663s)
2026-10-01T06:35:45Z [2377/2868]  82.9%  58.30  tracking_without_comments__f584285fed_behavior__sd_2672_gridbefore_vmerge_7c895dff__vs__ae9360e096_behavior__sd_2672_merged_table_821b922c_redline_cd766e3806  (elapsed 3203s, eta 662s)
2026-10-01T06:35:46Z [2378/2868]  82.9%  40.26  tracking_without_comments__f43f6ef305_002042b8a23533ba746bf4eaf56b5e62642cc111f5f5fcff__vs__deff0e697a_00b5defcad6e58038eac35472a2d48c89905068e5ece0cc3_redline_621d6afaf0  (elapsed 3204s, eta 660s)
2026-10-01T06:35:47Z [2379/2868]  82.9%  64.65  tracking_without_comments__f644da9aeb_employee_directory_table_2__vs__7888085856_employee_directory_table_redline_81f83d335f  (elapsed 3205s, eta 659s)
2026-10-01T06:35:48Z [2380/2868]  83.0%  47.64  tracking_without_comments__f62e209c7c_super_editor__paragraph_ppr_variations_a7653eb1__vs__bcc7379f64_super_editor__paragraph_spacing_missing_de418c38_redline_ae1647267d  (elapsed 3206s, eta 657s)
2026-10-01T06:35:48Z [2381/2868]  83.0%  56.97  tracking_without_comments__f6e1c253ff_super_editor__diff_before9_9818a85f__vs__0b1d0278ce_behavior__math_radical_tests_4c1ce187_redline_1445e94e75  (elapsed 3206s, eta 656s)
2026-10-01T06:35:48Z [2382/2868]  83.1%  47.63  tracking_without_comments__f62e209c7c_super_editor__paragraph_ppr_variations_a7653eb1__vs__bcc7379f64_super_editor__paragraph_spacing_missing_de418c38_redline_c07a42e364  (elapsed 3206s, eta 654s)
2026-10-01T06:35:49Z [2383/2868]  83.1%  56.95  tracking_without_comments__f6e1c253ff_super_editor__diff_before9_9818a85f__vs__0b1d0278ce_behavior__math_radical_tests_4c1ce187_redline_516b8d332a  (elapsed 3207s, eta 653s)
2026-10-01T06:35:50Z [2384/2868]  83.1%  39.23  tracking_without_comments__f6e1c253ff_super_editor__diff_before9_9818a85f__vs__0e1d01ec7d_super_editor__doc_with_graphs_diagrams_rotated_e_redline_108d3b4e97  (elapsed 3208s, eta 651s)
2026-10-01T06:35:51Z [2385/2868]  83.2%  53.78  tracking_without_comments__f71a12ee23_super_editor__fields_attrs1_83837249__vs__7b076416b0_sectpr_headerref_redline_0d3b1ce858  (elapsed 3209s, eta 650s)
2026-10-01T06:35:51Z [2386/2868]  83.2%  40.32  tracking_without_comments__f6e1c253ff_super_editor__diff_before9_9818a85f__vs__0e1d01ec7d_super_editor__doc_with_graphs_diagrams_rotated_e_redline_3bf6638b1f  (elapsed 3209s, eta 648s)
2026-10-01T06:35:51Z [2387/2868]  83.2%  53.67  tracking_without_comments__f71a12ee23_super_editor__fields_attrs1_83837249__vs__7b076416b0_sectpr_headerref_redline_c1dcdc9304  (elapsed 3210s, eta 647s)
2026-10-01T06:35:52Z [2388/2868]  83.3%  96.61  tracking_without_comments__f71a12ee23_super_editor__fields_attrs1_83837249__vs__8db63962d9_super_editor__fields_attrs2_fonts_ebd792fb_redline_1824b1df94  (elapsed 3210s, eta 645s)
2026-10-01T06:35:53Z [2389/2868]  83.3%  96.61  tracking_without_comments__f71a12ee23_super_editor__fields_attrs1_83837249__vs__8db63962d9_super_editor__fields_attrs2_fonts_ebd792fb_redline_5756dc792f  (elapsed 3211s, eta 644s)
2026-10-01T06:35:53Z [2390/2868]  83.3%  53.74  tracking_without_comments__f71a12ee23_super_editor__fields_attrs1_83837249__vs__f102bb2f46_super_editor__diff_before5_a5f60578_redline_306edcd34e  (elapsed 3211s, eta 642s)
2026-10-01T06:35:53Z [2391/2868]  83.4%  53.74  tracking_without_comments__f71a12ee23_super_editor__fields_attrs1_83837249__vs__f102bb2f46_super_editor__diff_before5_a5f60578_redline_803e72f691  (elapsed 3212s, eta 641s)
2026-10-01T06:35:53Z [2392/2868]  83.4%  38.58  tracking_without_comments__f6f35375dd_4b86cf0feb7f5bded449753bfe2950d19263d9c33580247d__vs__153475ecc3_630e2755d490dfd200220fd7138cb75964ae99d9fa116455_redline_c2d6b7dbc8  (elapsed 3212s, eta 639s)
2026-10-01T06:35:54Z [2393/2868]  83.4%  42.11  tracking_without_comments__f5bfc8c602_71c08fc63c_rejected_tracking  (elapsed 3212s, eta 638s)
2026-10-01T06:35:55Z [2394/2868]  83.5%  52.80  tracking_without_comments__f43f6ef305_002042b8a23533ba746bf4eaf56b5e62642cc111f5f5fcff__vs__a5f2b9318d_002aa60c2ae1187417b4b157c5ec6450324cc056ec551a12_redline_eccfe6bdf8  (elapsed 3213s, eta 636s)
2026-10-01T06:36:08Z [2395/2868]  83.5%  45.71  tracking_without_comments__f786f1da65_001921017566904561ee8ce26ec591c5fb4cd1655b295518__vs__2773adf157_0004c94ca2a8684d47449bb0e7abf87de1df71a7e6543252_redline_bdea97dde1  (elapsed 3227s, eta 637s)
2026-10-01T06:36:11Z [2396/2868]  83.5%  40.72  tracking_without_comments__f786f1da65_001921017566904561ee8ce26ec591c5fb4cd1655b295518__vs__333bfe069a_003416d620331122b93b434dad901db5836f60d2cad4b533_redline_3794c2d672  (elapsed 3230s, eta 636s)
2026-10-01T06:36:13Z [2397/2868]  83.6%  42.28  tracking_without_comments__f786f1da65_001921017566904561ee8ce26ec591c5fb4cd1655b295518__vs__5203829c7a_001cc92b88566d5f930fe57f25813c0bf52a7bdc72c217d0_redline_cb330ddba7  (elapsed 3231s, eta 635s)
2026-10-01T06:36:18Z [2398/2868]  83.6%  54.75  tracking_without_comments__f786f1da65_001921017566904561ee8ce26ec591c5fb4cd1655b295518__vs__2e04202552_000e3e7bd2d6215fc7b469cc3e296c1b2a510bc1abc7e0fd_redline_0a0cd852ed  (elapsed 3236s, eta 634s)
2026-10-01T06:36:26Z [2399/2868]  83.6%  48.07  tracking_without_comments__f786f1da65_001921017566904561ee8ce26ec591c5fb4cd1655b295518__vs__1424386e9b_017447de83753a0e3b7afc659df038ef56972925336c6a5b_redline_4364428e37  (elapsed 3245s, eta 634s)
2026-10-01T06:36:28Z [2400/2868]  83.7%  46.26  tracking_without_comments__f795b96ac4_behavior__math_delimiter_tests_c9d034dc__vs__22ccb1b200_super_editor__diff_after19_79c6b379_redline_d47a965ac5  (elapsed 3246s, eta 633s)
2026-10-01T06:36:32Z [2401/2868]  83.7%  56.86  tracking_without_comments__f786f1da65_001921017566904561ee8ce26ec591c5fb4cd1655b295518__vs__a5f2b9318d_002aa60c2ae1187417b4b157c5ec6450324cc056ec551a12_redline_f2f9d9b24a  (elapsed 3250s, eta 632s)
2026-10-01T06:36:33Z [2402/2868]  83.8%  43.79  tracking_without_comments__f786f1da65_001921017566904561ee8ce26ec591c5fb4cd1655b295518__vs__deff0e697a_00b5defcad6e58038eac35472a2d48c89905068e5ece0cc3_redline_deab4d1fab  (elapsed 3251s, eta 631s)
2026-10-01T06:36:33Z [2403/2868]  83.8%  44.69  tracking_without_comments__f786f1da65_001921017566904561ee8ce26ec591c5fb4cd1655b295518__vs__bd3824dd1e_000ee64ef7226d353297888f59a251e24ce5d776fea000fa_redline_dd1816c8cf  (elapsed 3252s, eta 629s)
2026-10-01T06:36:36Z [2404/2868]  83.8%  46.27  tracking_without_comments__f795b96ac4_behavior__math_delimiter_tests_c9d034dc__vs__22ccb1b200_super_editor__diff_after19_79c6b379_redline_dd39d7d08c  (elapsed 3254s, eta 628s)
2026-10-01T06:36:37Z [2405/2868]  83.9%  45.05  tracking_without_comments__f795b96ac4_behavior__math_delimiter_tests_c9d034dc__vs__75aeff4f58_super_editor__diff_after9_a9d4b4b0_redline_898635595b  (elapsed 3256s, eta 627s)
2026-10-01T06:36:39Z [2406/2868]  83.9%  59.81  tracking_without_comments__f786f1da65_001921017566904561ee8ce26ec591c5fb4cd1655b295518__vs__aa5340125d_00a4b0b91e9b5b072dc3771391c2d608518690eccf44eae8_redline_41c87b1359  (elapsed 3258s, eta 626s)
2026-10-01T06:36:40Z [2407/2868]  83.9%  45.08  tracking_without_comments__f795b96ac4_behavior__math_delimiter_tests_c9d034dc__vs__75aeff4f58_super_editor__diff_after9_a9d4b4b0_redline_dca87a30ef  (elapsed 3259s, eta 624s)
2026-10-01T06:36:41Z [2408/2868]  84.0%  45.19  tracking_without_comments__f795b96ac4_behavior__math_delimiter_tests_c9d034dc__vs__79cb6b6c0f_behavior__word_native_bullet_disc_bfbeb2dd_redline_43b21d082c  (elapsed 3260s, eta 623s)
2026-10-01T06:36:42Z [2409/2868]  84.0%  59.15  tracking_without_comments__f7d8cdf9a9_product_roadmap_2026_suggesting_insertions  (elapsed 3260s, eta 621s)
2026-10-01T06:36:42Z [2410/2868]  84.0%  45.23  tracking_without_comments__f795b96ac4_behavior__math_delimiter_tests_c9d034dc__vs__79cb6b6c0f_behavior__word_native_bullet_disc_bfbeb2dd_redline_5a866f8e2e  (elapsed 3260s, eta 620s)
2026-10-01T06:36:42Z [2411/2868]  84.1%  48.43  tracking_without_comments__f7ece685ff_behavior__math_limit_tests_6dc07867__vs__3ad13eed3d_evals__document_9bff7e1b_redline_76d159d4b3  (elapsed 3260s, eta 618s)
2026-10-01T06:36:43Z [2412/2868]  84.1%  48.54  tracking_without_comments__f7ece685ff_behavior__math_limit_tests_6dc07867__vs__3ad13eed3d_evals__document_9bff7e1b_redline_ac94f0a32b  (elapsed 3261s, eta 617s)
2026-10-01T06:36:43Z [2413/2868]  84.1%  46.65  tracking_without_comments__f7ece685ff_behavior__math_limit_tests_6dc07867__vs__432a12b1a9_behavior__word_native_bullet_square_da8bb73c_redline_ca516d2f7f  (elapsed 3262s, eta 615s)
2026-10-01T06:36:44Z [2414/2868]  84.2%  45.04  tracking_without_comments__f795b96ac4_behavior__math_delimiter_tests_c9d034dc__vs__e3d152989b_behavior__math_eqarr_tests_40a1adb0_redline_5f586771fd  (elapsed 3262s, eta 613s)
2026-10-01T06:36:44Z [2415/2868]  84.2%  46.60  tracking_without_comments__f7ece685ff_behavior__math_limit_tests_6dc07867__vs__432a12b1a9_behavior__word_native_bullet_square_da8bb73c_redline_e29716b47a  (elapsed 3262s, eta 612s)
2026-10-01T06:36:44Z [2416/2868]  84.2%  45.09  tracking_without_comments__f795b96ac4_behavior__math_delimiter_tests_c9d034dc__vs__e3d152989b_behavior__math_eqarr_tests_40a1adb0_redline_ce245f5959  (elapsed 3262s, eta 610s)
2026-10-01T06:36:45Z [2417/2868]  84.3%  71.28  tracking_without_comments__f84571f3fc_bold_text_formatting_demo_id_paraid_overflow_2__vs__fdabb735ad_bold_text_formatting_demo_id_paraid_overflow_redline_fd025c2029  (elapsed 3263s, eta 609s)
2026-10-01T06:36:45Z [2418/2868]  84.3%  46.55  tracking_without_comments__f7ece685ff_behavior__math_limit_tests_6dc07867__vs__6c0ad6c8ef_behavior__math_matrix_tests_a3b17e15_redline_4256a31075  (elapsed 3263s, eta 607s)
2026-10-01T06:36:45Z [2419/2868]  84.3%  50.91  tracking_without_comments__f786f1da65_001921017566904561ee8ce26ec591c5fb4cd1655b295518__vs__342f364d46_001342333d45627868f4dc5282abbba4598a91b4a7584b08_redline_be486e3b25  (elapsed 3264s, eta 606s)
2026-10-01T06:36:46Z [2420/2868]  84.4%  46.59  tracking_without_comments__f7ece685ff_behavior__math_limit_tests_6dc07867__vs__6c0ad6c8ef_behavior__math_matrix_tests_a3b17e15_redline_7352b59314  (elapsed 3264s, eta 604s)
2026-10-01T06:36:47Z [2421/2868]  84.4%  59.15  tracking_without_comments__f8f9857e80_title_style_demo_id_paraid_overflow__vs__39b73c977c_title_style_demo_style_default_missing_redline_2c6a62810a  (elapsed 3265s, eta 603s)
2026-10-01T06:36:48Z [2422/2868]  84.4%  41.59  tracking_without_comments__f89ff5989b_evals__nda_7f304918__vs__0a2898b58a_evals__report_with_formatting_03f385ed_redline_cd9b4144f9  (elapsed 3266s, eta 601s)
2026-10-01T06:36:48Z [2423/2868]  84.5%  41.61  tracking_without_comments__f89ff5989b_evals__nda_7f304918__vs__0a2898b58a_evals__report_with_formatting_03f385ed_redline_d40627821c  (elapsed 3266s, eta 600s)
2026-10-01T06:36:50Z [2424/2868]  84.5%  40.04  tracking_without_comments__f89ff5989b_evals__nda_7f304918__vs__18eb110b3b_numwords_fldsimple_redline_1988117669  (elapsed 3268s, eta 599s)
2026-10-01T06:36:50Z [2425/2868]  84.6%  40.04  tracking_without_comments__f89ff5989b_evals__nda_7f304918__vs__18eb110b3b_numwords_fldsimple_redline_2c28e1c103  (elapsed 3269s, eta 597s)
2026-10-01T06:36:51Z [2426/2868]  84.6%  49.83  tracking_without_comments__dc5d0f4350_f569a8b7a88800ca28451782130c35f897ec727ca8750a85__vs__ba6721eed7_1a61978f0ea0ee2ec6a626de46a977c15f84fe45e8c06d43_redline_cbf65aa629  (elapsed 3270s, eta 596s)
2026-10-01T06:36:53Z [2427/2868]  84.6%  36.81  tracking_without_comments__f94aeed5f5_001f4e98e9744f89b6f26b3741cb6439f8131bf89659230e__vs__5203829c7a_001cc92b88566d5f930fe57f25813c0bf52a7bdc72c217d0_redline_bd86c75e52  (elapsed 3271s, eta 594s)
2026-10-01T06:36:53Z [2428/2868]  84.7%  36.04  tracking_without_comments__f96d955d1f_adc89f6f8c063857a4749aef826b32335f84f594f313784d__vs__2187372db5_7afce1a5de46c972eb12aa38086fda8ca550f4c811ef5d7f_redline_580f8e2e8a  (elapsed 3271s, eta 593s)
2026-10-01T06:36:54Z [2429/2868]  84.7%  43.48  tracking_without_comments__f94aeed5f5_001f4e98e9744f89b6f26b3741cb6439f8131bf89659230e__vs__bd3824dd1e_000ee64ef7226d353297888f59a251e24ce5d776fea000fa_redline_c85d7fadac  (elapsed 3272s, eta 591s)
2026-10-01T06:36:55Z [2430/2868]  84.7%  46.32  tracking_without_comments__af2ea13761_6a0524deb86b08f0fb55dcbb7d469deacb25532f08824945__vs__1068eb5017_793c14bc1529c16f30ac69b82ca152f39f534a1a3f3f90e4_redline_5d8e97b0c5  (elapsed 3273s, eta 590s)
2026-10-01T06:36:58Z [2431/2868]  84.8%  44.59  tracking_without_comments__f94aeed5f5_001f4e98e9744f89b6f26b3741cb6439f8131bf89659230e__vs__342f364d46_001342333d45627868f4dc5282abbba4598a91b4a7584b08_redline_564d441d36  (elapsed 3276s, eta 589s)
2026-10-01T06:37:01Z [2432/2868]  84.8%  37.18  tracking_without_comments__f9b9dbd790_0017bce9abd08007241b106f0fcf1d64e45c05cd82a05a1d__vs__2e04202552_000e3e7bd2d6215fc7b469cc3e296c1b2a510bc1abc7e0fd_redline_b716c93528  (elapsed 3279s, eta 588s)
2026-10-01T06:37:02Z [2433/2868]  84.8%  38.12  tracking_without_comments__f9b9dbd790_0017bce9abd08007241b106f0fcf1d64e45c05cd82a05a1d__vs__333bfe069a_003416d620331122b93b434dad901db5836f60d2cad4b533_redline_a8c44068c2  (elapsed 3280s, eta 586s)
2026-10-01T06:37:09Z [2434/2868]  84.9%  40.76  tracking_without_comments__f9b9dbd790_0017bce9abd08007241b106f0fcf1d64e45c05cd82a05a1d__vs__5203829c7a_001cc92b88566d5f930fe57f25813c0bf52a7bdc72c217d0_redline_415fa42f00  (elapsed 3288s, eta 586s)
2026-10-01T06:37:12Z [2435/2868]  84.9%  42.72  tracking_without_comments__f9b9dbd790_0017bce9abd08007241b106f0fcf1d64e45c05cd82a05a1d__vs__deff0e697a_00b5defcad6e58038eac35472a2d48c89905068e5ece0cc3_redline_5e151b767c  (elapsed 3290s, eta 585s)
2026-10-01T06:37:12Z [2436/2868]  84.9%  48.22  tracking_without_comments__fa4d5010d8_layout_engine__basic_vector_shapes_e5f0ef49__vs__ad43500302_super_editor__list_numbering_reimport_d788d573_redline_9d682fe39d  (elapsed 3290s, eta 583s)
2026-10-01T06:37:14Z [2437/2868]  85.0%  48.22  tracking_without_comments__fa4d5010d8_layout_engine__basic_vector_shapes_e5f0ef49__vs__ad43500302_super_editor__list_numbering_reimport_d788d573_redline_cf087df3b5  (elapsed 3292s, eta 582s)
2026-10-01T06:37:15Z [2438/2868]  85.0%  56.40  tracking_without_comments__f9b9dbd790_0017bce9abd08007241b106f0fcf1d64e45c05cd82a05a1d__vs__aa5340125d_00a4b0b91e9b5b072dc3771391c2d608518690eccf44eae8_redline_207461739c  (elapsed 3294s, eta 581s)
2026-10-01T06:37:16Z [2439/2868]  85.0%  40.85  tracking_without_comments__f9b9dbd790_0017bce9abd08007241b106f0fcf1d64e45c05cd82a05a1d__vs__bd3824dd1e_000ee64ef7226d353297888f59a251e24ce5d776fea000fa_redline_3eee1bceaf  (elapsed 3295s, eta 580s)
2026-10-01T06:37:17Z [2440/2868]  85.1%  53.45  tracking_without_comments__f809be38e3_526b9a2add7b99091cb17082b0173cf0494f0768c2a5d48d__vs__5ed92f798c_47f9e20139a5b07aae344e6f0fcbb842f9e3ca5f2746ac23_redline_cde0f6e857  (elapsed 3295s, eta 578s)
2026-10-01T06:37:24Z [2441/2868]  85.1%  40.87  tracking_without_comments__f9b9dbd790_0017bce9abd08007241b106f0fcf1d64e45c05cd82a05a1d__vs__a5f2b9318d_002aa60c2ae1187417b4b157c5ec6450324cc056ec551a12_redline_51e52dbbaf  (elapsed 3303s, eta 578s)
2026-10-01T06:37:25Z [2442/2868]  85.1%  35.38  tracking_without_comments__fbe14959b0_000f5278175aa01c2b9517b07e8a087014e4a05ab3e24f41__vs__5203829c7a_001cc92b88566d5f930fe57f25813c0bf52a7bdc72c217d0_redline_1b40a04f6e  (elapsed 3304s, eta 576s)
2026-10-01T06:37:25Z [2443/2868]  85.2%  46.69  tracking_without_comments__f9b9dbd790_0017bce9abd08007241b106f0fcf1d64e45c05cd82a05a1d__vs__342f364d46_001342333d45627868f4dc5282abbba4598a91b4a7584b08_redline_3a6aea7fd6  (elapsed 3304s, eta 575s)
2026-10-01T06:37:27Z [2444/2868]  85.2%  38.41  tracking_without_comments__fbe14959b0_000f5278175aa01c2b9517b07e8a087014e4a05ab3e24f41__vs__2e04202552_000e3e7bd2d6215fc7b469cc3e296c1b2a510bc1abc7e0fd_redline_638842c111  (elapsed 3305s, eta 573s)
2026-10-01T06:37:27Z [2445/2868]  85.3%  38.80  tracking_without_comments__fbe14959b0_000f5278175aa01c2b9517b07e8a087014e4a05ab3e24f41__vs__bd3824dd1e_000ee64ef7226d353297888f59a251e24ce5d776fea000fa_redline_094759eca1  (elapsed 3306s, eta 572s)
2026-10-01T06:37:28Z [2446/2868]  85.3%  37.18  tracking_without_comments__fad186fbc9_file_185__vs__5674014cbb_file_186_redline_c09f50d3f1  (elapsed 3306s, eta 570s)
2026-10-01T06:37:30Z [2447/2868]  85.3%  43.78  tracking_without_comments__fd68f70f24_super_editor__ooxml_highlight_rstyle_linked_comb__vs__1e1f1ad583_super_editor__diff_before2_ca0c6859_redline_09b9bd2f9d  (elapsed 3308s, eta 569s)
2026-10-01T06:37:31Z [2448/2868]  85.4%  43.71  tracking_without_comments__fd68f70f24_super_editor__ooxml_highlight_rstyle_linked_comb__vs__1e1f1ad583_super_editor__diff_before2_ca0c6859_redline_f365f80f93  (elapsed 3309s, eta 568s)
2026-10-01T06:37:31Z [2449/2868]  85.4%  36.55  tracking_without_comments__fc5d9fecb7_00028d824d5d2262bc6e30692308cd1b577ac1dff228970d__vs__5203829c7a_001cc92b88566d5f930fe57f25813c0bf52a7bdc72c217d0_redline_870274e32c  (elapsed 3310s, eta 566s)
2026-10-01T06:37:33Z [2450/2868]  85.4%  42.69  tracking_without_comments__fd68f70f24_super_editor__ooxml_highlight_rstyle_linked_comb__vs__a04e2d2749_ooxml_style_link_redline_cd87b11974  (elapsed 3311s, eta 565s)
2026-10-01T06:37:34Z [2451/2868]  85.5%  42.66  tracking_without_comments__fd68f70f24_super_editor__ooxml_highlight_rstyle_linked_comb__vs__a04e2d2749_ooxml_style_link_redline_bc6acbef20  (elapsed 3312s, eta 564s)
2026-10-01T06:37:34Z [2452/2868]  85.5%  68.61  tracking_without_comments__fdabb735ad_bold_text_formatting_demo_id_paraid_overflow__vs__08e3f68925_bold_underline_combined_demo_id_paraid_overflow_redline_eb3d06e16b  (elapsed 3312s, eta 562s)
2026-10-01T06:37:35Z [2453/2868]  85.5%  39.67  tracking_without_comments__f9ca1d3348_277e57f3da9c9b557af1abffa61255c6e8036e032a64a874__vs__65695b941a_71df1fd99914a3abfca2de1775ccb4b2400f12430110f55d_redline_feacbc347e  (elapsed 3314s, eta 561s)
2026-10-01T06:37:36Z [2454/2868]  85.6%  42.42  tracking_without_comments__fd68f70f24_super_editor__ooxml_highlight_rstyle_linked_comb__vs__ba54aaab82_super_editor__ooxml_italic_rstyle_combos_demo_90_redline_67b4573b7d  (elapsed 3314s, eta 559s)
2026-10-01T06:37:36Z [2455/2868]  85.6%  42.45  tracking_without_comments__fd68f70f24_super_editor__ooxml_highlight_rstyle_linked_comb__vs__ba54aaab82_super_editor__ooxml_italic_rstyle_combos_demo_90_redline_bfd015ad09  (elapsed 3314s, eta 558s)
2026-10-01T06:37:40Z [2456/2868]  85.6%  48.75  tracking_without_comments__fdb2976d19_01415d08f6d1a428e6949533adcd6249cf25676d98d0b78c__vs__2e04202552_000e3e7bd2d6215fc7b469cc3e296c1b2a510bc1abc7e0fd_redline_c87d6d7acc  (elapsed 3318s, eta 557s)
2026-10-01T06:37:40Z [2457/2868]  85.7%  50.55  tracking_without_comments__fdb2976d19_01415d08f6d1a428e6949533adcd6249cf25676d98d0b78c__vs__2773adf157_0004c94ca2a8684d47449bb0e7abf87de1df71a7e6543252_redline_91cd75730c  (elapsed 3318s, eta 555s)
2026-10-01T06:37:40Z [2458/2868]  85.7%  42.62  tracking_without_comments__fdb2976d19_01415d08f6d1a428e6949533adcd6249cf25676d98d0b78c__vs__1424386e9b_017447de83753a0e3b7afc659df038ef56972925336c6a5b_redline_e227d61add  (elapsed 3319s, eta 554s)
2026-10-01T06:37:41Z [2459/2868]  85.7%  44.08  tracking_without_comments__fdb2976d19_01415d08f6d1a428e6949533adcd6249cf25676d98d0b78c__vs__333bfe069a_003416d620331122b93b434dad901db5836f60d2cad4b533_redline_bd5a452533  (elapsed 3320s, eta 552s)
2026-10-01T06:37:42Z [2460/2868]  85.8%  50.07  tracking_without_comments__fad186fbc9_file_185  (elapsed 3320s, eta 551s)
2026-10-01T06:37:42Z [2461/2868]  85.8%  41.12  tracking_without_comments__fdb2976d19_01415d08f6d1a428e6949533adcd6249cf25676d98d0b78c__vs__5203829c7a_001cc92b88566d5f930fe57f25813c0bf52a7bdc72c217d0_redline_53547c0ecb  (elapsed 3320s, eta 549s)
2026-10-01T06:37:45Z [2462/2868]  85.8%  48.63  tracking_without_comments__fe11d14f44_behavior__sd_2447_toc_tab_alignment_8319c14c__vs__563331c6f3_super_editor__broken_complex_list_293fda86_redline_1093dd6cfd  (elapsed 3323s, eta 548s)
2026-10-01T06:37:45Z [2463/2868]  85.9%  48.64  tracking_without_comments__fe11d14f44_behavior__sd_2447_toc_tab_alignment_8319c14c__vs__563331c6f3_super_editor__broken_complex_list_293fda86_redline_28318d152d  (elapsed 3324s, eta 547s)
2026-10-01T06:37:46Z [2464/2868]  85.9%  45.88  tracking_without_comments__fdb2976d19_01415d08f6d1a428e6949533adcd6249cf25676d98d0b78c__vs__bd3824dd1e_000ee64ef7226d353297888f59a251e24ce5d776fea000fa_redline_f78b44f607  (elapsed 3324s, eta 545s)
2026-10-01T06:37:46Z [2465/2868]  85.9%  52.90  tracking_without_comments__fdb2976d19_01415d08f6d1a428e6949533adcd6249cf25676d98d0b78c__vs__aa5340125d_00a4b0b91e9b5b072dc3771391c2d608518690eccf44eae8_redline_ee00700829  (elapsed 3325s, eta 544s)
2026-10-01T06:37:47Z [2466/2868]  86.0%  51.90  tracking_without_comments__fdb2976d19_01415d08f6d1a428e6949533adcd6249cf25676d98d0b78c__vs__342f364d46_001342333d45627868f4dc5282abbba4598a91b4a7584b08_redline_df75b30ef4  (elapsed 3325s, eta 542s)
2026-10-01T06:37:47Z [2467/2868]  86.0%  44.35  tracking_without_comments__fdb2976d19_01415d08f6d1a428e6949533adcd6249cf25676d98d0b78c__vs__deff0e697a_00b5defcad6e58038eac35472a2d48c89905068e5ece0cc3_redline_c70f91f9b9  (elapsed 3325s, eta 540s)
2026-10-01T06:37:48Z [2468/2868]  86.1%  54.20  tracking_without_comments__ff8d102eb8_5620c6bac3_rejected_tracking  (elapsed 3326s, eta 539s)
2026-10-01T06:37:49Z [2469/2868]  86.1%  59.81  with_comments_clean__073f3be60a_e212b559b2_rejected_tracking  (elapsed 3328s, eta 538s)
2026-10-01T06:37:50Z [2470/2868]  86.1%  47.06  tracking_without_comments__f999eb0cd4_b8eb69d5da1651ac1d6f5b7266fd567672cda7a9e9eab37b__vs__d2ba5bddc4_b9f2793b14613aaf0fdf7f451fe3da702bcfd98b34105b2b_redline_b0c99c33c7  (elapsed 3328s, eta 536s)
2026-10-01T06:37:51Z [2471/2868]  86.2%  95.47  with_comments_clean__07fc895ed5_redline_cicerodo_v_plate_30_right_align_bold_dem  (elapsed 3329s, eta 535s)
2026-10-01T06:37:52Z [2472/2868]  86.2%  82.43  with_comments_clean__08286ffbfb_super_editor__basic_resolved_comment_cac5a1b0  (elapsed 3330s, eta 533s)
2026-10-01T06:37:53Z [2473/2868]  86.2%  83.09  with_comments_clean__09b56b824b_clear_formatting_demo_id_paraid_overflow_comment  (elapsed 3331s, eta 532s)
2026-10-01T06:37:54Z [2474/2868]  86.3%  50.94  with_comments_clean__0f5a806b4c_file_141  (elapsed 3332s, eta 531s)
2026-10-01T06:37:57Z [2475/2868]  86.3%  53.65  tracking_without_comments__fdb2976d19_01415d08f6d1a428e6949533adcd6249cf25676d98d0b78c__vs__a5f2b9318d_002aa60c2ae1187417b4b157c5ec6450324cc056ec551a12_redline_76a536e0f9  (elapsed 3336s, eta 530s)
2026-10-01T06:37:59Z [2476/2868]  86.3%  42.39  tracking_without_comments__fe30a2695f_c51f8e00074742f311f06858841150c6302e5421dca6a679__vs__4792f8c6c1_1baa7641e4dff75e3351a92771d3721d1951054972c0415a_redline_95f7a84264  (elapsed 3337s, eta 528s)
2026-10-01T06:38:04Z [2477/2868]  86.4%  47.11  tracking_without_comments__ffe6488f77_02d34f01cc1f76fda7d8f6f0484f1b62d066916e75fc6767__vs__559dcf675c_03f2673c98f5411065d51ac5c001638f7a8b8c0f9d7a5f06_redline_f19921855c  (elapsed 3342s, eta 528s)
2026-10-01T06:38:05Z [2478/2868]  86.4%  39.38  tracking_without_comments__e871d6f4c9_sample_document_word_repair_of_our_output_word_r__vs__48a455b7e7_sd_2517_localized_heading_styles_redline_52f93a00df  (elapsed 3343s, eta 526s)
2026-10-01T06:38:06Z [2479/2868]  86.4%  52.77  with_comments_clean__1672057675_485599b4e9_rejected_tracking  (elapsed 3344s, eta 525s)
2026-10-01T06:38:07Z [2480/2868]  86.5%  81.24  with_comments_clean__1f3cb56b42_r4_07_simple_para  (elapsed 3345s, eta 523s)
2026-10-01T06:38:07Z [2481/2868]  86.5%  48.24  with_comments_clean__1ff409b837_r5_07_start_body  (elapsed 3346s, eta 522s)
2026-10-01T06:38:08Z [2482/2868]  86.5%  38.67  with_comments_clean__04a44a5b5d_bc6f8076f9_accepted_tracking  (elapsed 3346s, eta 520s)
2026-10-01T06:38:09Z [2483/2868]  86.6%  51.09  with_comments_clean__123925fd74_af568343b6_accepted_tracking  (elapsed 3347s, eta 519s)
2026-10-01T06:38:09Z [2484/2868]  86.6%  53.27  with_comments_clean__23278c1180_485b916ef9_accepted_tracking  (elapsed 3348s, eta 517s)
2026-10-01T06:38:10Z [2485/2868]  86.6%  80.32  with_comments_clean__29d1e0cbd2_r5_05_span_end_ref_p2_end  (elapsed 3349s, eta 516s)
2026-10-01T06:38:11Z [2486/2868]  86.7%  50.62  tracking_without_comments__fca2e2d2fb_c7bc478bbf437dc674b15660baec7dc84871ae9fb72f59c7__vs__7da4c0927e_b9794019a3a163817e9882b71d9a9b70083625440919c6e3_redline_a72825a276  (elapsed 3349s, eta 515s)
2026-10-01T06:38:12Z [2487/2868]  86.7%  54.12  with_comments_clean__2b6c7be6bd_super_editor__nested_comments_84f214bb  (elapsed 3351s, eta 513s)
2026-10-01T06:38:14Z [2488/2868]  86.8%  48.28  with_comments_clean__2a91f7d867_r4_09_unwrap_and_accept  (elapsed 3353s, eta 512s)
2026-10-01T06:38:15Z [2489/2868]  86.8%  48.76  with_comments_clean__3413da1703_verdana_font_demo_id_paraid_overflow_2  (elapsed 3353s, eta 511s)
2026-10-01T06:38:17Z [2490/2868]  86.8%  50.94  with_comments_clean__37c10a19e1_r5_02_end_body_ref_p2_start  (elapsed 3355s, eta 509s)
2026-10-01T06:38:17Z [2491/2868]  86.9%  68.32  with_comments_clean__382497a0a8_super_editor__python_docx_comment_test_501f21cb  (elapsed 3356s, eta 508s)
2026-10-01T06:38:19Z [2492/2868]  86.9%  53.12  with_comments_clean__39ecf7e0c7_79f93926e2_rejected_tracking  (elapsed 3357s, eta 507s)
2026-10-01T06:38:19Z [2493/2868]  86.9%  53.33  with_comments_clean__3a3bc1c83f_r5_00_one_para  (elapsed 3357s, eta 505s)
2026-10-01T06:38:19Z [2494/2868]  87.0%  51.42  with_comments_clean__24247ecc6f_red_strikethrough_demo_style_default_missing_red  (elapsed 3357s, eta 503s)
2026-10-01T06:38:21Z [2495/2868]  87.0%  82.90  with_comments_clean__3e19d3e318_c0a3ea22ca_accepted_tracking  (elapsed 3359s, eta 502s)
2026-10-01T06:38:21Z [2496/2868]  87.0%  39.04  tracking_without_comments__ed848f5016_160c137c3afa67e96fb93361c0c1504f1ded9c527d1a6123  (elapsed 3359s, eta 501s)
2026-10-01T06:38:23Z [2497/2868]  87.1%  48.03  with_comments_clean__3f4af3ab94_d20ada3e0a_rejected_tracking  (elapsed 3361s, eta 499s)
2026-10-01T06:38:23Z [2498/2868]  87.1%  49.36  with_comments_clean__3e39fd5262_01f3deda92_accepted_tracking  (elapsed 3361s, eta 498s)
2026-10-01T06:38:24Z [2499/2868]  87.1%  50.94  with_comments_clean__4078aea890_r5_08_end_body_ref_p2_end  (elapsed 3362s, eta 496s)
2026-10-01T06:38:27Z [2500/2868]  87.2%  48.72  with_comments_clean__4b49484dcc_71159007ab_rejected_tracking  (elapsed 3365s, eta 495s)
2026-10-01T06:38:29Z [2501/2868]  87.2%  82.63  with_comments_clean__4c88c86790_footnotes_sample_gdocs_comments_export_word_redl  (elapsed 3368s, eta 494s)
2026-10-01T06:38:31Z [2502/2868]  87.2%  49.43  with_comments_clean__41f982920a_sample_document_word_repair_of_our_output_iter2  (elapsed 3370s, eta 493s)
2026-10-01T06:38:34Z [2503/2868]  87.3%  37.68  with_comments_clean__203efad2c1_30f20e787b_rejected_tracking  (elapsed 3372s, eta 492s)
2026-10-01T06:38:34Z [2504/2868]  87.3%  59.74  with_comments_clean__50093b5a2d_f64bfdeadc_accepted_tracking  (elapsed 3372s, eta 490s)
2026-10-01T06:38:35Z [2505/2868]  87.3%  44.94  with_comments_clean__4e09d5f8f9_ole_object_ooxml_style_link_word_redline_accepte  (elapsed 3373s, eta 489s)
2026-10-01T06:38:35Z [2506/2868]  87.4%  38.91  with_comments_clean__2dcc8240a1_2e3f1e261d_accepted_tracking  (elapsed 3373s, eta 487s)
2026-10-01T06:38:37Z [2507/2868]  87.4%  45.60  with_comments_clean__50763b9abc_vfdsdfcacawesd_suggesting_mixed_edits_yellow_hig  (elapsed 3375s, eta 486s)
2026-10-01T06:38:37Z [2508/2868]  87.4%  56.23  with_comments_clean__52dab5bc1c_super_editor__sdt_node_comment_ec887683  (elapsed 3375s, eta 484s)
2026-10-01T06:38:39Z [2509/2868]  87.5%  82.96  with_comments_clean__5685031fef_69a4d71d6f_rejected_tracking  (elapsed 3377s, eta 483s)
2026-10-01T06:38:40Z [2510/2868]  87.5%  45.84  with_comments_clean__0b6b168179_s20_control  (elapsed 3378s, eta 482s)
2026-10-01T06:38:43Z [2511/2868]  87.6%  55.03  with_comments_clean__57ff9e1b30_file_89  (elapsed 3381s, eta 481s)
2026-10-01T06:38:44Z [2512/2868]  87.6%  45.84  with_comments_clean__0f6e71381a_7057d180ffd30c96a71aa95e32993d39bf2e59a1eff850b7  (elapsed 3382s, eta 479s)
2026-10-01T06:38:44Z [2513/2868]  87.6%  49.39  with_comments_clean__5542fbce1d_957168bc45_accepted_tracking  (elapsed 3382s, eta 478s)
2026-10-01T06:38:45Z [2514/2868]  87.7%  55.61  with_comments_clean__5ebd794800_ff27140d0a_accepted_tracking  (elapsed 3383s, eta 476s)
2026-10-01T06:38:46Z [2515/2868]  87.7%  55.53  with_comments_clean__6359a7e96a_gdocs_comments_export_green_bold_text_demo_id_pa  (elapsed 3385s, eta 475s)
2026-10-01T06:38:47Z [2516/2868]  87.7%  64.86  with_comments_clean__54e4eda93f_sales_report_january_2026_suggesting_insertions  (elapsed 3385s, eta 474s)
2026-10-01T06:38:47Z [2517/2868]  87.8%  49.07  with_comments_clean__65a16df852_145b9e67e2_accepted_tracking  (elapsed 3386s, eta 472s)
2026-10-01T06:38:49Z [2518/2868]  87.8%  53.33  with_comments_clean__69b325a8cd_r5_01_end_p1_ref_p2_start  (elapsed 3387s, eta 471s)
2026-10-01T06:38:49Z [2519/2868]  87.8%  37.97  with_comments_clean__3cd8706d87_70a6883d16_accepted_tracking  (elapsed 3387s, eta 469s)
2026-10-01T06:38:51Z [2520/2868]  87.9%  51.53  with_comments_clean__6ef6726c28_comments_complex_style_attr_word_redline_accepte  (elapsed 3390s, eta 468s)
2026-10-01T06:38:53Z [2521/2868]  87.9%  37.97  with_comments_clean__4af19bfcca_cee8601521_accepted_tracking  (elapsed 3391s, eta 467s)
2026-10-01T06:38:53Z [2522/2868]  87.9%  59.89  with_comments_clean__799980e6af_file_12  (elapsed 3392s, eta 465s)
2026-10-01T06:38:56Z [2523/2868]  88.0%  52.14  with_comments_clean__7f609d4854_strict01_strikethrough_and_italic_combo_id_parai  (elapsed 3394s, eta 464s)
2026-10-01T06:38:58Z [2524/2868]  88.0%  54.38  with_comments_clean__8061e5912f_file_159  (elapsed 3396s, eta 463s)
2026-10-01T06:39:00Z [2525/2868]  88.0%  39.08  with_comments_clean__56a27bcf76_92075b7449_accepted_tracking  (elapsed 3398s, eta 462s)
2026-10-01T06:39:00Z [2526/2868]  88.1%  52.95  with_comments_clean__838af02d11_file_173  (elapsed 3398s, eta 460s)
2026-10-01T06:39:01Z [2527/2868]  88.1%  40.38  with_comments_clean__527ec4ed07_strict01_sdt_controls_strict01_word_redline_acce  (elapsed 3399s, eta 459s)
2026-10-01T06:39:02Z [2528/2868]  88.1%  55.70  with_comments_clean__83a3c25275_7da45f822a_rejected_tracking  (elapsed 3400s, eta 457s)
2026-10-01T06:39:02Z [2529/2868]  88.2%  48.72  with_comments_clean__85692b483f_file_123  (elapsed 3400s, eta 456s)
2026-10-01T06:39:03Z [2530/2868]  88.2%  44.00  with_comments_clean__29e129626a_s21_sandwich_p_l_p  (elapsed 3401s, eta 454s)
2026-10-01T06:39:05Z [2531/2868]  88.2%  53.33  with_comments_clean__8ee3977725_r5_06_end_p1_ref_p2_end  (elapsed 3403s, eta 453s)
2026-10-01T06:39:05Z [2532/2868]  88.3%  49.30  with_comments_clean__85b06aa40b_a202881c62_accepted_tracking  (elapsed 3403s, eta 452s)
2026-10-01T06:39:07Z [2533/2868]  88.3%  50.94  with_comments_clean__93d7373f57_r5_03_end_body_ref_own_para  (elapsed 3405s, eta 450s)
2026-10-01T06:39:09Z [2534/2868]  88.4%  38.14  with_comments_clean__653c23b71b_58c827e77a_rejected_tracking  (elapsed 3407s, eta 449s)
2026-10-01T06:39:09Z [2535/2868]  88.4%  39.08  with_comments_clean__6e2576a091_docx_lots_of_comments  (elapsed 3407s, eta 448s)
2026-10-01T06:39:11Z [2536/2868]  88.4%  47.97  with_comments_clean__9c16351d3a_3796807136_accepted_tracking  (elapsed 3409s, eta 446s)
2026-10-01T06:39:11Z [2537/2868]  88.5%  54.76  with_comments_clean__9f6091a4ac_super_editor__threaded_comment_27bda0ba  (elapsed 3409s, eta 445s)
2026-10-01T06:39:13Z [2538/2868]  88.5%  51.75  with_comments_clean__9fd8e8fc94_verdana_italic_centered_demo_id_paraid_overflow  (elapsed 3411s, eta 444s)
2026-10-01T06:39:13Z [2539/2868]  88.5%  83.06  with_comments_clean__a0738533be_gdocs_comments_export  (elapsed 3412s, eta 442s)
2026-10-01T06:39:13Z [2540/2868]  88.6%  38.12  with_comments_clean__6a2470aead_0f031c23c3_rejected_tracking  (elapsed 3412s, eta 441s)
2026-10-01T06:39:13Z [2541/2868]  88.6%  46.12  with_comments_clean__902c901dc6_page_numbering_examples_potpourritest_word_redli  (elapsed 3412s, eta 439s)
2026-10-01T06:39:15Z [2542/2868]  88.6%  40.98  with_comments_clean__65c79f950a_small_font_size_demo_id_paraid_overflow_strict01  (elapsed 3413s, eta 438s)
2026-10-01T06:39:15Z [2543/2868]  88.7%  50.91  with_comments_clean__a4359e1158_r5_09_end_body_text_then_ref  (elapsed 3414s, eta 436s)
2026-10-01T06:39:15Z [2544/2868]  88.7%  54.06  with_comments_clean__a4793465bd_9e3417adee_accepted_tracking  (elapsed 3414s, eta 435s)
2026-10-01T06:39:16Z [2545/2868]  88.7%  83.35  with_comments_clean__adc9f524d1_comments  (elapsed 3414s, eta 433s)
2026-10-01T06:39:17Z [2546/2868]  88.8%  38.94  with_comments_clean__7a40d95e81_db13a691da_rejected_tracking  (elapsed 3415s, eta 432s)
2026-10-01T06:39:17Z [2547/2868]  88.8%  83.91  with_comments_clean__b389f55091_super_editor__comment_23ee5ec1  (elapsed 3415s, eta 430s)
2026-10-01T06:39:17Z [2548/2868]  88.8%  54.98  with_comments_clean__bb35ae41ba_evals__comments_doc_79800b37  (elapsed 3416s, eta 429s)
2026-10-01T06:39:18Z [2549/2868]  88.9%  55.43  with_comments_clean__bffb81f86c_file_192  (elapsed 3416s, eta 428s)
2026-10-01T06:39:18Z [2550/2868]  88.9%  83.21  with_comments_clean__cbb3bab843_word_tolerated_orphan_comment  (elapsed 3416s, eta 426s)
2026-10-01T06:39:19Z [2551/2868]  88.9%  83.45  with_comments_clean__ce456a9dde_f88615e5c5_accepted_tracking  (elapsed 3417s, eta 425s)
2026-10-01T06:39:19Z [2552/2868]  89.0%  52.53  with_comments_clean__d03da97287_super_editor__nested_comments_gdocs_0c8668e1  (elapsed 3417s, eta 423s)
2026-10-01T06:39:20Z [2553/2868]  89.0%  49.39  with_comments_clean__a9b9720c53_cbd854cb68_rejected_tracking  (elapsed 3418s, eta 422s)
2026-10-01T06:39:20Z [2554/2868]  89.1%  55.52  with_comments_clean__d5a56cdeb3_super_editor__gdocs_single_comment_ac5db87f  (elapsed 3418s, eta 420s)
2026-10-01T06:39:21Z [2555/2868]  89.1%  48.92  with_comments_clean__db841a5ac1_yellow_highlight_italic_demo_style_default_missi  (elapsed 3419s, eta 419s)
2026-10-01T06:39:24Z [2556/2868]  89.1%  38.94  with_comments_clean__87c27068db_cbf73c2d81_rejected_tracking  (elapsed 3423s, eta 418s)
2026-10-01T06:39:26Z [2557/2868]  89.2%  49.44  with_comments_clean__dc55d961ee_2c123533f6_rejected_tracking  (elapsed 3424s, eta 416s)
2026-10-01T06:39:26Z [2558/2868]  89.2%  50.94  with_comments_clean__dcb3759551_r5_04_end_ref_p2_start  (elapsed 3424s, eta 415s)
2026-10-01T06:39:28Z [2559/2868]  89.2%  67.38  with_comments_clean__d4f4f33ca7_ce3c279407c9eb4e94d8e9f4ca9e68b8f882674fc6a1caff  (elapsed 3426s, eta 414s)
2026-10-01T06:39:29Z [2560/2868]  89.3%  49.29  with_comments_clean__ded7521c6f_verdana_italic_centered_demo_id_paraid_overflow  (elapsed 3427s, eta 412s)
2026-10-01T06:39:29Z [2561/2868]  89.3%  38.22  with_comments_clean__9594d79364_d6b1d609c1_accepted_tracking  (elapsed 3428s, eta 411s)
2026-10-01T06:39:29Z [2562/2868]  89.3%  51.62  with_comments_clean__8c3923e914_numwords_fldsimple_ole_object_word_redline_accep  (elapsed 3428s, eta 409s)
2026-10-01T06:39:30Z [2563/2868]  89.4%  46.66  with_comments_clean__deb019d0c2_potpourritest_product_roadmap_2026_suggesting_in  (elapsed 3428s, eta 408s)
2026-10-01T06:39:31Z [2564/2868]  89.4%  52.12  with_comments_clean__e70f1134dd_super_editor__diff_before8_ba5faa9e  (elapsed 3430s, eta 407s)
2026-10-01T06:39:32Z [2565/2868]  89.4%  75.79  with_comments_clean__ea023ca156_r4_05_tbl_and_ref_only  (elapsed 3430s, eta 405s)
2026-10-01T06:39:34Z [2566/2868]  89.5%  55.11  with_comments_clean__ea8fbfadec_849e0cb7c4_rejected_tracking  (elapsed 3432s, eta 404s)
2026-10-01T06:39:34Z [2567/2868]  89.5%  56.52  with_comments_clean__ed6c82cead_word_tolerated_broken_media_rel  (elapsed 3433s, eta 403s)
2026-10-01T06:39:36Z [2568/2868]  89.5%  83.48  with_comments_clean__ef0c9ed68a_2061218d44_rejected_tracking  (elapsed 3434s, eta 401s)
2026-10-01T06:39:37Z [2569/2868]  89.6%  55.52  with_comments_clean__f2ecba2e9a_bfff2b1ab0_accepted_tracking  (elapsed 3435s, eta 400s)
2026-10-01T06:39:38Z [2570/2868]  89.6%  62.11  with_comments_clean__df68cbafb7_3866f441cc_accepted_tracking  (elapsed 3436s, eta 398s)
2026-10-01T06:39:38Z [2571/2868]  89.6%  84.10  with_comments_clean__f529133cd5_super_editor__basic_comment_d3ba5f1e  (elapsed 3437s, eta 397s)
2026-10-01T06:39:39Z [2572/2868]  89.7%  50.76  with_comments_clean__f572255577_b3cc5c1abe_rejected_tracking  (elapsed 3437s, eta 396s)
2026-10-01T06:39:43Z [2573/2868]  89.7%  60.54  with_comments_clean__fcd2a42b64_r4_04_accept_tracked  (elapsed 3442s, eta 395s)
2026-10-01T06:39:44Z [2574/2868]  89.7%  37.97  with_comments_clean__dc2a65fef2_0aa74e0de4_accepted_tracking  (elapsed 3442s, eta 393s)
2026-10-01T06:39:46Z [2575/2868]  89.8%  45.51  with_comments_tracking__0483e899af_file_143  (elapsed 3444s, eta 392s)
2026-10-01T06:39:47Z [2576/2868]  89.8%  47.66  with_comments_clean__fc66a925e1_c6d6371812_rejected_tracking  (elapsed 3446s, eta 391s)
2026-10-01T06:39:48Z [2577/2868]  89.9%  43.65  with_comments_tracking__08286ffbfb_super_editor__basic_resolved_comment_cac5a1b0__vs__5fa01813d3_super_editor__basic_table_shading_d3212ffd_redline_3fdab4ace6  (elapsed 3447s, eta 389s)
2026-10-01T06:39:49Z [2578/2868]  89.9%  39.05  with_comments_clean__df097720f7_file_131  (elapsed 3448s, eta 388s)
2026-10-01T06:39:50Z [2579/2868]  89.9%  43.62  with_comments_tracking__08286ffbfb_super_editor__basic_resolved_comment_cac5a1b0__vs__5fa01813d3_super_editor__basic_table_shading_d3212ffd_redline_e89c50b8fe  (elapsed 3448s, eta 386s)
2026-10-01T06:39:51Z [2580/2868]  90.0%  84.54  with_comments_tracking__0a1badc333_super_editor__missing_sectpr_967a402d__vs__84f5fb598b_super_editor__diff_before11_1b953eaf_redline_a78b94020d  (elapsed 3449s, eta 385s)
2026-10-01T06:39:52Z [2581/2868]  90.0%  84.53  with_comments_tracking__0a1badc333_super_editor__missing_sectpr_967a402d__vs__84f5fb598b_super_editor__diff_before11_1b953eaf_redline_c43a56b580  (elapsed 3450s, eta 384s)
2026-10-01T06:39:55Z [2582/2868]  90.0%  38.22  with_comments_clean__e0f7da2354_ebeb91fe7f_accepted_tracking  (elapsed 3453s, eta 382s)
2026-10-01T06:39:57Z [2583/2868]  90.1%  49.09  with_comments_tracking__0edc50c464_styles-changes-comments_converted_converted  (elapsed 3455s, eta 381s)
2026-10-01T06:40:01Z [2584/2868]  90.1%  47.35  with_comments_tracking__13fe9e77fd_r4_02_all_in_cell  (elapsed 3459s, eta 380s)
2026-10-01T06:40:02Z [2585/2868]  90.1%  46.18  with_comments_clean__cc8a672efd_s22_sandwich_p_p_p  (elapsed 3461s, eta 379s)
2026-10-01T06:40:05Z [2586/2868]  90.2%  81.18  with_comments_tracking__18d1a4ad46_super_editor__sd_2534_collab_export_f3c7fdf7__vs__52dab5bc1c_super_editor__sdt_node_comment_ec887683_redline_07ab69d450  (elapsed 3463s, eta 378s)
2026-10-01T06:40:07Z [2587/2868]  90.2%  48.72  with_comments_tracking__079f874985_d7c6db54eed56cba8e414272fd1de8d10df8257850e68fc5__vs__d4f4f33ca7_ce3c279407c9eb4e94d8e9f4ca9e68b8f882674fc6a1caff_redline_51c9eab1af  (elapsed 3465s, eta 376s)
2026-10-01T06:40:07Z [2588/2868]  90.2%  81.20  with_comments_tracking__18d1a4ad46_super_editor__sd_2534_collab_export_f3c7fdf7__vs__52dab5bc1c_super_editor__sdt_node_comment_ec887683_redline_cf8049bd45  (elapsed 3465s, eta 375s)
2026-10-01T06:40:08Z [2589/2868]  90.3%  48.69  with_comments_tracking__142c084a06_multiple_comments_multiple_pars  (elapsed 3466s, eta 373s)
2026-10-01T06:40:08Z [2590/2868]  90.3%  43.07  with_comments_clean__d9c15cff3f_s23_all_landscape  (elapsed 3466s, eta 372s)
2026-10-01T06:40:10Z [2591/2868]  90.3%  57.56  with_comments_tracking__1c5bd81def_super_editor__multiple_nodes_in_list_79d915a2__vs__d03da97287_super_editor__nested_comments_gdocs_0c8668e1_redline_83ec2122ff  (elapsed 3469s, eta 371s)
2026-10-01T06:40:11Z [2592/2868]  90.4%  44.90  with_comments_tracking__08147dee09_file_195__vs__c09b14fcd7_file_196_redline_1edc0f56f4  (elapsed 3469s, eta 369s)
2026-10-01T06:40:12Z [2593/2868]  90.4%  55.74  with_comments_tracking__1bd786aef7_r3_keep_4  (elapsed 3470s, eta 368s)
2026-10-01T06:40:13Z [2594/2868]  90.4%  57.54  with_comments_tracking__1c5bd81def_super_editor__multiple_nodes_in_list_79d915a2__vs__d03da97287_super_editor__nested_comments_gdocs_0c8668e1_redline_d5562fbaed  (elapsed 3471s, eta 367s)
2026-10-01T06:40:14Z [2595/2868]  90.5%  40.98  with_comments_tracking__0aa6426932_file_114__vs__ab85c77154_file_115_redline_f7bbf6e831  (elapsed 3473s, eta 365s)
2026-10-01T06:40:17Z [2596/2868]  90.5%  38.14  with_comments_tracking__1072677c3a_file_6  (elapsed 3475s, eta 364s)
2026-10-01T06:40:18Z [2597/2868]  90.6%  55.71  with_comments_tracking__1e6f3f4572_r4_01_start_before_tbl  (elapsed 3476s, eta 363s)
2026-10-01T06:40:21Z [2598/2868]  90.6%  41.15  with_comments_tracking__115fc72278_r2_03_drop_blocks_30-42  (elapsed 3479s, eta 362s)
2026-10-01T06:40:22Z [2599/2868]  90.6%  48.35  with_comments_tracking__20bb5eaab2_r3_keep_4_5_11_12  (elapsed 3481s, eta 360s)
2026-10-01T06:40:23Z [2600/2868]  90.7%  65.13  with_comments_tracking__1e0eae0ce0_af90d4e258_accepted_tracking  (elapsed 3481s, eta 359s)
2026-10-01T06:40:24Z [2601/2868]  90.7%  61.88  with_comments_tracking__1fda7fa6e2_file_187__vs__66e70631fb_file_188_redline_92ec8417eb  (elapsed 3483s, eta 358s)
2026-10-01T06:40:25Z [2602/2868]  90.7%  43.65  tracking_without_comments__d5049aaec2_c73c128db4c8f0b0683396b603a070256a36b398f91585f0__vs__3bea84268c_6cbf6dfdf4b28397138c88c0353584658ccd144a913ce03b_redline_b567087abf  (elapsed 3483s, eta 356s)
2026-10-01T06:40:26Z [2603/2868]  90.8%  61.89  with_comments_tracking__1fda7fa6e2_file_187__vs__66e70631fb_file_188_redline_fde18c85bf  (elapsed 3485s, eta 355s)
2026-10-01T06:40:28Z [2604/2868]  90.8%  85.02  with_comments_tracking__26ce1d6300_super_editor__diff_after5_9fb9d5b4__vs__b389f55091_super_editor__comment_23ee5ec1_redline_01fa32ec8b  (elapsed 3486s, eta 353s)
2026-10-01T06:40:29Z [2605/2868]  90.8%  84.35  with_comments_tracking__26ce1d6300_super_editor__diff_after5_9fb9d5b4__vs__b389f55091_super_editor__comment_23ee5ec1_redline_fef7e1df16  (elapsed 3487s, eta 352s)
2026-10-01T06:40:29Z [2606/2868]  90.9%  84.28  with_comments_tracking__2ad2fc5ab0_super_editor__diff_before10_2f84ca55__vs__84f5fb598b_super_editor__diff_before11_1b953eaf_redline_da86d0513e  (elapsed 3488s, eta 351s)
2026-10-01T06:40:31Z [2607/2868]  90.9%  84.34  with_comments_tracking__2ad2fc5ab0_super_editor__diff_before10_2f84ca55__vs__84f5fb598b_super_editor__diff_before11_1b953eaf_redline_db73171e99  (elapsed 3489s, eta 349s)
2026-10-01T06:40:34Z [2608/2868]  90.9%  43.32  with_comments_tracking__2b6c7be6bd_super_editor__nested_comments_84f214bb__vs__6c0ad6c8ef_behavior__math_matrix_tests_a3b17e15_redline_a9272f69c1  (elapsed 3492s, eta 348s)
2026-10-01T06:40:37Z [2609/2868]  91.0%  50.89  with_comments_tracking__2b6c7be6bd_super_editor__nested_comments_84f214bb__vs__18eb110b3b_numwords_fldsimple_redline_4a8b3c676a  (elapsed 3495s, eta 347s)
2026-10-01T06:40:38Z [2610/2868]  91.0%  44.25  with_comments_tracking__2b6c7be6bd_super_editor__nested_comments_84f214bb__vs__671ff91b1d_behavior__sd_2750_borderbox_7cd3768d_redline_0858ee25d5  (elapsed 3496s, eta 346s)
2026-10-01T06:40:42Z [2611/2868]  91.0%  38.75  with_comments_tracking__25f1d311bd_ab3_02_jub_with_base_word__rels_document_xml_rel  (elapsed 3500s, eta 344s)
2026-10-01T06:40:42Z [2612/2868]  91.1%  40.46  with_comments_tracking__18eb110b3b_numwords_fldsimple__vs__60697d46b7_strict01_redline_964719255c  (elapsed 3500s, eta 343s)
2026-10-01T06:40:43Z [2613/2868]  91.1%  40.46  with_comments_tracking__18eb110b3b_numwords_fldsimple__vs__60697d46b7_strict01_redline_57dfcda882  (elapsed 3502s, eta 342s)
2026-10-01T06:40:45Z [2614/2868]  91.1%  52.44  with_comments_tracking__2dc3e97d2a_super_editor__hyperlink_node_52b7695b__vs__d48e02b548_super_editor__google_docs_originated_comments_redline_58b3bd3cbc  (elapsed 3503s, eta 340s)
2026-10-01T06:40:49Z [2615/2868]  91.2%  49.78  with_comments_tracking__2bd5ae6064_file_13__vs__836d7aa3c4_file_14_redline_01ffe97a5e  (elapsed 3507s, eta 339s)
2026-10-01T06:40:49Z [2616/2868]  91.2%  40.90  with_comments_tracking__201bf3d87a_r2_05_drop_blocks_56-67  (elapsed 3507s, eta 338s)
2026-10-01T06:40:51Z [2617/2868]  91.2%  49.78  with_comments_tracking__2bd5ae6064_file_13__vs__836d7aa3c4_file_14_redline_259023733f  (elapsed 3509s, eta 337s)
2026-10-01T06:40:54Z [2618/2868]  91.3%  49.91  with_comments_tracking__2c0a2ac35f_double_spacing_bold_demo_id_paraid_overflow__vs__90cef57bac_eigenpal_docx_editor_suggesting_mixed_edits_redline_5d3a04d9a6  (elapsed 3512s, eta 335s)
2026-10-01T06:40:56Z [2619/2868]  91.3%  43.59  with_comments_tracking__3539cf2404_cli_legacy__replace_test_0a793f01__vs__8df6dfa8d7_alternate_content_redline_5b35efe2bb  (elapsed 3514s, eta 334s)
2026-10-01T06:40:56Z [2620/2868]  91.4%  63.64  with_comments_tracking__3539cf2404_cli_legacy__replace_test_0a793f01  (elapsed 3515s, eta 333s)
2026-10-01T06:40:57Z [2621/2868]  91.4%  42.14  with_comments_tracking__3539cf2404_cli_legacy__replace_test_0a793f01__vs__3b639ef236_super_editor__sdpr_8cc15994_redline_1b5dd9fc3f  (elapsed 3515s, eta 331s)
2026-10-01T06:40:57Z [2622/2868]  91.4%  43.59  with_comments_tracking__3539cf2404_cli_legacy__replace_test_0a793f01__vs__8df6dfa8d7_alternate_content_redline_ac5e632cd2  (elapsed 3516s, eta 330s)
2026-10-01T06:40:58Z [2623/2868]  91.5%  37.53  with_comments_tracking__24ad1aa6e5_docx_lots_of_comments_addition_removal  (elapsed 3516s, eta 328s)
2026-10-01T06:41:02Z [2624/2868]  91.5%  43.92  with_comments_tracking__3539cf2404_cli_legacy__replace_test_0a793f01__vs__a21c45464c_super_editor__shape_group_ce60e1e6_redline_d6eb2a4115  (elapsed 3520s, eta 327s)
2026-10-01T06:41:02Z [2625/2868]  91.5%  42.13  with_comments_tracking__3539cf2404_cli_legacy__replace_test_0a793f01__vs__3b639ef236_super_editor__sdpr_8cc15994_redline_5500b91636  (elapsed 3521s, eta 326s)
2026-10-01T06:41:05Z [2626/2868]  91.6%  45.21  with_comments_tracking__3539cf2404_cli_legacy__replace_test_0a793f01__vs__a21c45464c_super_editor__shape_group_ce60e1e6_redline_f596a121e7  (elapsed 3523s, eta 325s)
2026-10-01T06:41:06Z [2627/2868]  91.6%  45.47  with_comments_tracking__22060e7141_40b72d8c37011f35d914c2f44868286d89717c9efd10ac04__vs__71c67c168f_37d74eebe6fd69b7f6041f8ecda8e9857d885b23dab561b0_redline_72341d8ac1  (elapsed 3524s, eta 323s)
2026-10-01T06:41:07Z [2628/2868]  91.6%  47.22  with_comments_tracking__3539cf2404_cli_legacy__replace_test_0a793f01__vs__d48e02b548_super_editor__google_docs_originated_comments_redline_f194709881  (elapsed 3525s, eta 322s)
2026-10-01T06:41:07Z [2629/2868]  91.7%  47.47  with_comments_tracking__3539cf2404_cli_legacy__replace_test_0a793f01__vs__bb35ae41ba_evals__comments_doc_79800b37_redline_eede96cbf6  (elapsed 3525s, eta 320s)
2026-10-01T06:41:07Z [2630/2868]  91.7%  47.28  with_comments_tracking__3539cf2404_cli_legacy__replace_test_0a793f01__vs__bb35ae41ba_evals__comments_doc_79800b37_redline_ce73379cca  (elapsed 3525s, eta 319s)
2026-10-01T06:41:08Z [2631/2868]  91.7%  45.88  with_comments_tracking__382497a0a8_super_editor__python_docx_comment_test_501f21cb__vs__3d8acd6139_super_editor__restart_numbering_sub_list_85ddcb7_redline_43aedaf43e  (elapsed 3526s, eta 318s)
2026-10-01T06:41:09Z [2632/2868]  91.8%  45.74  with_comments_tracking__382497a0a8_super_editor__python_docx_comment_test_501f21cb__vs__3d8acd6139_super_editor__restart_numbering_sub_list_85ddcb7_redline_67c6a3bca6  (elapsed 3527s, eta 316s)
2026-10-01T06:41:09Z [2633/2868]  91.8%  46.38  with_comments_tracking__382497a0a8_super_editor__python_docx_comment_test_501f21cb__vs__bcc7379f64_super_editor__paragraph_spacing_missing_de418c38_redline_4b140ffdfc  (elapsed 3527s, eta 315s)
2026-10-01T06:41:09Z [2634/2868]  91.8%  46.24  with_comments_tracking__382497a0a8_super_editor__python_docx_comment_test_501f21cb__vs__bcc7379f64_super_editor__paragraph_spacing_missing_de418c38_redline_b37d04ac06  (elapsed 3528s, eta 313s)
2026-10-01T06:41:10Z [2635/2868]  91.9%  43.25  with_comments_tracking__3b639ef236_super_editor__sdpr_8cc15994__vs__52dab5bc1c_super_editor__sdt_node_comment_ec887683_redline_61a3912d74  (elapsed 3529s, eta 312s)
2026-10-01T06:41:12Z [2636/2868]  91.9%  49.51  with_comments_tracking__3cf3093270_super_editor__diff_after7_b998213e__vs__735c372b41_super_editor__diff_after8_58e5c288_redline_3cddbcb812  (elapsed 3530s, eta 311s)
2026-10-01T06:41:12Z [2637/2868]  91.9%  49.55  with_comments_tracking__3cf3093270_super_editor__diff_after7_b998213e__vs__735c372b41_super_editor__diff_after8_58e5c288_redline_f6c84129e6  (elapsed 3530s, eta 309s)
2026-10-01T06:41:12Z [2638/2868]  92.0%  42.97  with_comments_tracking__3b639ef236_super_editor__sdpr_8cc15994__vs__52dab5bc1c_super_editor__sdt_node_comment_ec887683_redline_95072bfcd6  (elapsed 3530s, eta 308s)
2026-10-01T06:41:12Z [2639/2868]  92.0%  39.01  with_comments_tracking__323ed89e8c_a6aab38897_rejected_tracking  (elapsed 3530s, eta 306s)
2026-10-01T06:41:12Z [2640/2868]  92.1%  49.86  with_comments_tracking__36fbd8c734_sales_report_january_2026_suggesting_insertions__vs__81158d928d_sample_document_afterword_repaired_word_repaired_redline_20eccb4f6a  (elapsed 3531s, eta 305s)
2026-10-01T06:41:14Z [2641/2868]  92.1%  49.87  with_comments_tracking__36fbd8c734_sales_report_january_2026_suggesting_insertions__vs__81158d928d_sample_document_afterword_repaired_word_repaired_redline_46247b70dc  (elapsed 3532s, eta 304s)
2026-10-01T06:41:14Z [2642/2868]  92.1%  54.29  with_comments_tracking__3faf9e000d_super_editor__text_color_highlight_36cb4c90__vs__9f6091a4ac_super_editor__threaded_comment_27bda0ba_redline_64e3ba9c22  (elapsed 3532s, eta 302s)
2026-10-01T06:41:14Z [2643/2868]  92.2%  54.02  with_comments_tracking__3faf9e000d_super_editor__text_color_highlight_36cb4c90__vs__9f6091a4ac_super_editor__threaded_comment_27bda0ba_redline_85d3cc0cfe  (elapsed 3532s, eta 301s)
2026-10-01T06:41:15Z [2644/2868]  92.2%  48.04  with_comments_tracking__3e6eebfa05_r3_keep_296_297  (elapsed 3533s, eta 299s)
2026-10-01T06:41:15Z [2645/2868]  92.2%  49.06  with_comments_tracking__36fbd8c734_sales_report_january_2026_suggesting_insertions__vs__81158d928d_sample_document_afterword_repaired_word_repaired_redline_8813a2b815  (elapsed 3533s, eta 298s)
2026-10-01T06:41:16Z [2646/2868]  92.3%  48.29  with_comments_tracking__3e76b47958_r2_99_drop_all_unmarked  (elapsed 3534s, eta 297s)
2026-10-01T06:41:16Z [2647/2868]  92.3%  54.56  with_comments_tracking__42d59beb40_super_editor__diff_after10_ac257741__vs__a0e6a09304_super_editor__diff_after11_1d5b767f_redline_1c89a9e553  (elapsed 3534s, eta 295s)
2026-10-01T06:41:16Z [2648/2868]  92.3%  54.80  with_comments_tracking__42d59beb40_super_editor__diff_after10_ac257741__vs__a0e6a09304_super_editor__diff_after11_1d5b767f_redline_822678fea0  (elapsed 3534s, eta 294s)
2026-10-01T06:41:17Z [2649/2868]  92.4%  49.78  with_comments_tracking__43dd6753e6_super_editor__diff_before7_5bad2542__vs__e70f1134dd_super_editor__diff_before8_ba5faa9e_redline_4ca4e25a83  (elapsed 3535s, eta 292s)
2026-10-01T06:41:18Z [2650/2868]  92.4%  55.54  with_comments_tracking__41dce4fcc0_r4_08_simple_then_rest  (elapsed 3537s, eta 291s)
2026-10-01T06:41:18Z [2651/2868]  92.4%  49.77  with_comments_tracking__43dd6753e6_super_editor__diff_before7_5bad2542__vs__e70f1134dd_super_editor__diff_before8_ba5faa9e_redline_ded976e5e2  (elapsed 3537s, eta 289s)
2026-10-01T06:41:20Z [2652/2868]  92.5%  45.53  with_comments_tracking__4304570867_file_69  (elapsed 3539s, eta 288s)
2026-10-01T06:41:22Z [2653/2868]  92.5%  48.28  with_comments_tracking__43dfd99137_multiple_comments_multiple_pars_threaded  (elapsed 3540s, eta 287s)
2026-10-01T06:41:26Z [2654/2868]  92.5%  50.62  with_comments_tracking__3aedf04d35_r2_04_drop_blocks_43-55  (elapsed 3544s, eta 286s)
2026-10-01T06:41:30Z [2655/2868]  92.6%  38.75  with_comments_tracking__4b3cd5613a_ab2_e_jub_with_word_settings  (elapsed 3548s, eta 285s)
2026-10-01T06:41:34Z [2656/2868]  92.6%  69.19  with_comments_tracking__52dab5bc1c_super_editor__sdt_node_comment_ec887683__vs__7367931dbf_super_editor__sdt_test_60079f08_redline_23e5ec96c0  (elapsed 3552s, eta 284s)
2026-10-01T06:41:37Z [2657/2868]  92.6%  38.16  with_comments_tracking__3fcadf4761_docx_lots_of_comments_addition_removal_redline  (elapsed 3555s, eta 282s)
2026-10-01T06:41:37Z [2658/2868]  92.7%  68.94  with_comments_tracking__52dab5bc1c_super_editor__sdt_node_comment_ec887683__vs__7367931dbf_super_editor__sdt_test_60079f08_redline_bc29cd91ef  (elapsed 3556s, eta 281s)
2026-10-01T06:41:38Z [2659/2868]  92.7%  37.51  with_comments_tracking__3f91c8f0cd_file_9  (elapsed 3557s, eta 280s)
2026-10-01T06:41:41Z [2660/2868]  92.7%  53.94  with_comments_tracking__5710768c84_r4_06_no_pagebreak  (elapsed 3559s, eta 278s)
2026-10-01T06:41:43Z [2661/2868]  92.8%  33.82  with_comments_tracking__4f1aae5eda_ab2_d_word_with_jub_settings  (elapsed 3561s, eta 277s)
2026-10-01T06:41:45Z [2662/2868]  92.8%  40.65  with_comments_tracking__468d82c575_c690df8dcf29bb8af8646ae10768e3ca46e8a9ef5b586428  (elapsed 3563s, eta 276s)
2026-10-01T06:41:45Z [2663/2868]  92.9%  40.32  with_comments_tracking__49f80b9f0f_z02_file27_drop_landscape_break  (elapsed 3563s, eta 274s)
2026-10-01T06:41:46Z [2664/2868]  92.9%  62.95  with_comments_tracking__59e262115f_super_editor__features_redlines_comments_annotat  (elapsed 3564s, eta 273s)
2026-10-01T06:41:52Z [2665/2868]  92.9%  40.77  with_comments_tracking__4f0a3847e3_verdana_italic_centered_demo_id_paraid_overflow__vs__60697d46b7_strict01_redline_0dfc906eb1  (elapsed 3570s, eta 272s)
2026-10-01T06:41:53Z [2666/2868]  93.0%  47.78  with_comments_tracking__5c207ef361_super_editor__font_formatting_runs_8be3565a__vs__a0738533be_gdocs_comments_export_redline_1d045a4304  (elapsed 3571s, eta 271s)
2026-10-01T06:41:53Z [2667/2868]  93.0%  40.74  with_comments_tracking__4f0a3847e3_verdana_italic_centered_demo_id_paraid_overflow__vs__60697d46b7_strict01_redline_319920d9a6  (elapsed 3571s, eta 269s)
2026-10-01T06:41:54Z [2668/2868]  93.0%  63.63  with_comments_tracking__5c207ef361_super_editor__font_formatting_runs_8be3565a  (elapsed 3572s, eta 268s)
2026-10-01T06:41:55Z [2669/2868]  93.1%  40.80  tracking_without_comments__fe11d14f44_behavior__sd_2447_toc_tab_alignment_8319c14c__vs__8441c4ae21_sd_2517_localized_heading_styles_redline_9dfaecf9a9  (elapsed 3573s, eta 266s)
2026-10-01T06:41:56Z [2670/2868]  93.1%  39.29  with_comments_tracking__5c207ef361_super_editor__font_formatting_runs_8be3565a__vs__bb9c5a8bd5_doc_api_stories__table_style_options_roundtrip_1_redline_34e52d37ea  (elapsed 3574s, eta 265s)
2026-10-01T06:41:56Z [2671/2868]  93.1%  39.22  with_comments_tracking__5c207ef361_super_editor__font_formatting_runs_8be3565a__vs__bb9c5a8bd5_doc_api_stories__table_style_options_roundtrip_1_redline_350de6087f  (elapsed 3574s, eta 264s)
2026-10-01T06:41:57Z [2672/2868]  93.2%  38.75  with_comments_tracking__597f9c453c_ab2_b_jubarte  (elapsed 3575s, eta 262s)
2026-10-01T06:41:57Z [2673/2868]  93.2%  47.61  with_comments_tracking__5c207ef361_super_editor__font_formatting_runs_8be3565a__vs__a0738533be_gdocs_comments_export_redline_5bf3e7acbc  (elapsed 3575s, eta 261s)
2026-10-01T06:41:59Z [2674/2868]  93.2%  38.75  with_comments_tracking__5be7e15662_ab3_07_jub_with_base_word_settings_xml  (elapsed 3577s, eta 260s)
2026-10-01T06:41:59Z [2675/2868]  93.3%  43.94  with_comments_tracking__5c207ef361_super_editor__font_formatting_runs_8be3565a__vs__e6fdfb6f2f_behavior__math_phantom_tests_263131a8_redline_03528d6f20  (elapsed 3578s, eta 258s)
2026-10-01T06:42:01Z [2676/2868]  93.3%  43.89  with_comments_tracking__5c207ef361_super_editor__font_formatting_runs_8be3565a__vs__e6fdfb6f2f_behavior__math_phantom_tests_263131a8_redline_689f2c8333  (elapsed 3579s, eta 257s)
2026-10-01T06:42:01Z [2677/2868]  93.3%  52.10  with_comments_tracking__668fe0a735_super_editor__ooxml_bold_vals_demo_9e688d8f__vs__e70f1134dd_super_editor__diff_before8_ba5faa9e_redline_1032d784bc  (elapsed 3579s, eta 255s)
2026-10-01T06:42:02Z [2678/2868]  93.4%  40.41  tracking_without_comments__fe11d14f44_behavior__sd_2447_toc_tab_alignment_8319c14c__vs__8441c4ae21_sd_2517_localized_heading_styles_redline_fb52bbda76  (elapsed 3580s, eta 254s)
2026-10-01T06:42:02Z [2679/2868]  93.4%  38.64  with_comments_tracking__54a019bcbc_2288f27be1_accepted_tracking  (elapsed 3581s, eta 253s)
2026-10-01T06:42:03Z [2680/2868]  93.4%  40.85  with_comments_tracking__596d64d79a_r2_06_drop_blocks_68-80  (elapsed 3581s, eta 251s)
2026-10-01T06:42:03Z [2681/2868]  93.5%  52.05  with_comments_tracking__668fe0a735_super_editor__ooxml_bold_vals_demo_9e688d8f__vs__e70f1134dd_super_editor__diff_before8_ba5faa9e_redline_c615c2d56c  (elapsed 3581s, eta 250s)
2026-10-01T06:42:11Z [2682/2868]  93.5%  45.47  with_comments_tracking__66e70631fb_file_188  (elapsed 3590s, eta 249s)
2026-10-01T06:42:14Z [2683/2868]  93.5%  51.49  with_comments_tracking__66dcec3e49_file_175  (elapsed 3592s, eta 248s)
2026-10-01T06:42:14Z [2684/2868]  93.6%  52.17  with_comments_tracking__735c372b41_super_editor__diff_after8_58e5c288  (elapsed 3593s, eta 246s)
2026-10-01T06:42:15Z [2685/2868]  93.6%  48.74  with_comments_tracking__70fd78a4f8_redline_cicerodo_v_plate_30  (elapsed 3593s, eta 245s)
2026-10-01T06:42:17Z [2686/2868]  93.7%  51.56  with_comments_tracking__735c372b41_super_editor__diff_after8_58e5c288__vs__75aeff4f58_super_editor__diff_after9_a9d4b4b0_redline_5a72b1ad9e  (elapsed 3595s, eta 244s)
2026-10-01T06:42:18Z [2687/2868]  93.7%  46.56  with_comments_tracking__735c372b41_super_editor__diff_after8_58e5c288__vs__75aeff4f58_super_editor__diff_after9_a9d4b4b0_redline_897500844c  (elapsed 3596s, eta 242s)
2026-10-01T06:42:18Z [2688/2868]  93.7%  40.01  with_comments_tracking__664d982e2d_ab3_08_jub_with_base_word_styles_xml  (elapsed 3596s, eta 241s)
2026-10-01T06:42:18Z [2689/2868]  93.8%  46.59  with_comments_tracking__735c372b41_super_editor__diff_after8_58e5c288__vs__de3c6fded9_super_editor__doc_with_spacing_e3d47bd7_redline_12fca96084  (elapsed 3597s, eta 239s)
2026-10-01T06:42:19Z [2690/2868]  93.8%  38.75  with_comments_tracking__66b5ae08ae_ab3_06_jub_with_base_word_commentsids_xml  (elapsed 3598s, eta 238s)
2026-10-01T06:42:20Z [2691/2868]  93.8%  54.53  with_comments_tracking__7367931dbf_super_editor__sdt_test_60079f08__vs__b389f55091_super_editor__comment_23ee5ec1_redline_541790cd56  (elapsed 3598s, eta 237s)
2026-10-01T06:42:20Z [2692/2868]  93.9%  37.63  with_comments_tracking__60697d46b7_strict01__vs__a04e2d2749_ooxml_style_link_redline_b7603aa26f  (elapsed 3598s, eta 235s)
2026-10-01T06:42:20Z [2693/2868]  93.9%  46.64  with_comments_tracking__735c372b41_super_editor__diff_after8_58e5c288__vs__de3c6fded9_super_editor__doc_with_spacing_e3d47bd7_redline_8510b2d3c5  (elapsed 3598s, eta 234s)
2026-10-01T06:42:21Z [2694/2868]  93.9%  54.50  with_comments_tracking__7367931dbf_super_editor__sdt_test_60079f08__vs__b389f55091_super_editor__comment_23ee5ec1_redline_8ac7b0a13c  (elapsed 3599s, eta 232s)
2026-10-01T06:42:22Z [2695/2868]  94.0%  37.64  with_comments_tracking__60697d46b7_strict01__vs__a04e2d2749_ooxml_style_link_redline_6b74ac1ae6  (elapsed 3600s, eta 231s)
2026-10-01T06:42:25Z [2696/2868]  94.0%  45.44  with_comments_tracking__7476f5fbb1_file_78  (elapsed 3603s, eta 230s)
2026-10-01T06:42:26Z [2697/2868]  94.0%  40.30  with_comments_tracking__60697d46b7_strict01__vs__60697d46b7_strict01_redline_4720423c07  (elapsed 3604s, eta 229s)
2026-10-01T06:42:26Z [2698/2868]  94.1%  40.24  with_comments_tracking__60697d46b7_strict01__vs__60697d46b7_strict01_redline_34ffddfe47  (elapsed 3604s, eta 227s)
2026-10-01T06:42:27Z [2699/2868]  94.1%  43.63  with_comments_tracking__81158d928d_sample_document_afterword_repaired_word_repaired  (elapsed 3605s, eta 226s)
2026-10-01T06:42:31Z [2700/2868]  94.1%  47.52  with_comments_tracking__756fb54224_potpourritest  (elapsed 3610s, eta 225s)
2026-10-01T06:42:32Z [2701/2868]  94.2%  49.61  with_comments_tracking__812c0181d7_file_68__vs__4304570867_file_69_redline_b83c047cac  (elapsed 3610s, eta 223s)
2026-10-01T06:42:33Z [2702/2868]  94.2%  49.60  with_comments_tracking__812c0181d7_file_68__vs__4304570867_file_69_redline_dd2370e500  (elapsed 3612s, eta 222s)
2026-10-01T06:42:35Z [2703/2868]  94.2%  38.75  with_comments_tracking__7a960f9577_ab3_05_jub_with_base_word_commentsextensible_xml  (elapsed 3614s, eta 221s)
2026-10-01T06:42:36Z [2704/2868]  94.3%  60.24  with_comments_tracking__796fc7c1f2_sample_document_word_repair_of_our_output_word_r  (elapsed 3614s, eta 219s)
2026-10-01T06:42:38Z [2705/2868]  94.3%  47.39  with_comments_tracking__6bfcb50dd7_s11_sandwich_p_l_p  (elapsed 3616s, eta 218s)
2026-10-01T06:42:38Z [2706/2868]  94.4%  84.12  with_comments_tracking__84f5fb598b_super_editor__diff_before11_1b953eaf  (elapsed 3616s, eta 217s)
2026-10-01T06:42:39Z [2707/2868]  94.4%  50.58  with_comments_tracking__84f5fb598b_super_editor__diff_before11_1b953eaf__vs__7962b06671_super_editor__bookmark_use_cases_d20f31f6_redline_29d3f492fb  (elapsed 3617s, eta 215s)
2026-10-01T06:42:41Z [2708/2868]  94.4%  50.39  with_comments_tracking__84f5fb598b_super_editor__diff_before11_1b953eaf__vs__7962b06671_super_editor__bookmark_use_cases_d20f31f6_redline_2e61a08273  (elapsed 3619s, eta 214s)
2026-10-01T06:42:41Z [2709/2868]  94.5%  47.30  with_comments_tracking__84f5fb598b_super_editor__diff_before11_1b953eaf__vs__d6a1c42901_super_editor__diff_before16_f518c031_redline_90fd5a464a  (elapsed 3619s, eta 212s)
2026-10-01T06:42:41Z [2710/2868]  94.5%  45.45  with_comments_tracking__836d7aa3c4_file_14  (elapsed 3619s, eta 211s)
2026-10-01T06:42:41Z [2711/2868]  94.5%  47.11  with_comments_tracking__84f5fb598b_super_editor__diff_before11_1b953eaf__vs__d6a1c42901_super_editor__diff_before16_f518c031_redline_eef71e03e0  (elapsed 3620s, eta 210s)
2026-10-01T06:42:41Z [2712/2868]  94.6%  63.15  with_comments_tracking__82348eef4b_multi_section__vs__756fb54224_potpourritest_redline_ae9547abd2  (elapsed 3620s, eta 208s)
2026-10-01T06:42:41Z [2713/2868]  94.6%  46.27  with_comments_tracking__830eb0f0a2_file_169__vs__bc85714262_file_170_redline_10358095a4  (elapsed 3620s, eta 207s)
2026-10-01T06:42:42Z [2714/2868]  94.6%  46.22  with_comments_tracking__830eb0f0a2_file_169__vs__bc85714262_file_170_redline_b9beefb7de  (elapsed 3621s, eta 205s)
2026-10-01T06:42:42Z [2715/2868]  94.7%  49.16  with_comments_tracking__8138a2180b_file_145__vs__ac0bcc10fe_file_146_redline_11e99a0b24  (elapsed 3621s, eta 204s)
2026-10-01T06:42:44Z [2716/2868]  94.7%  49.17  with_comments_tracking__8138a2180b_file_145__vs__ac0bcc10fe_file_146_redline_77dfa18528  (elapsed 3622s, eta 203s)
2026-10-01T06:42:45Z [2717/2868]  94.7%  55.11  with_comments_tracking__82348eef4b_multi_section__vs__756fb54224_potpourritest_redline_ea2b188e7f  (elapsed 3623s, eta 201s)
2026-10-01T06:42:47Z [2718/2868]  94.8%  59.65  with_comments_tracking__902a69f0e4_super_editor__line_space_table_9b1ee54b__vs__735c372b41_super_editor__diff_after8_58e5c288_redline_4d5de07b0e  (elapsed 3625s, eta 200s)
2026-10-01T06:42:48Z [2719/2868]  94.8%  59.47  with_comments_tracking__902a69f0e4_super_editor__line_space_table_9b1ee54b__vs__735c372b41_super_editor__diff_after8_58e5c288_redline_a02879f74f  (elapsed 3626s, eta 199s)
2026-10-01T06:42:52Z [2720/2868]  94.8%  64.48  with_comments_tracking__92589c3e37_super_editor__pre_separated_list_bd330d28__vs__382497a0a8_super_editor__python_docx_comment_test_501f21cb_redline_f70e805c70  (elapsed 3630s, eta 198s)
2026-10-01T06:42:53Z [2721/2868]  94.9%  62.78  with_comments_tracking__8db63962d9_super_editor__fields_attrs2_fonts_ebd792fb__vs__5c207ef361_super_editor__font_formatting_runs_8be3565a_redline_57cfa10f33  (elapsed 3632s, eta 196s)
2026-10-01T06:42:54Z [2722/2868]  94.9%  62.77  with_comments_tracking__8db63962d9_super_editor__fields_attrs2_fonts_ebd792fb__vs__5c207ef361_super_editor__font_formatting_runs_8be3565a_redline_bc251d58f8  (elapsed 3633s, eta 195s)
2026-10-01T06:42:56Z [2723/2868]  94.9%  64.45  with_comments_tracking__92589c3e37_super_editor__pre_separated_list_bd330d28__vs__382497a0a8_super_editor__python_docx_comment_test_501f21cb_redline_f72e40955d  (elapsed 3634s, eta 194s)
2026-10-01T06:42:57Z [2724/2868]  95.0%  48.25  with_comments_tracking__970e9bbbcc_behavior__math_all_objects_36ab389c__vs__735c372b41_super_editor__diff_after8_58e5c288_redline_2a64722aad  (elapsed 3636s, eta 192s)
2026-10-01T06:42:58Z [2725/2868]  95.0%  43.63  with_comments_tracking__90cef57bac_eigenpal_docx_editor_suggesting_mixed_edits  (elapsed 3636s, eta 191s)
2026-10-01T06:42:58Z [2726/2868]  95.0%  48.24  with_comments_tracking__970e9bbbcc_behavior__math_all_objects_36ab389c__vs__735c372b41_super_editor__diff_after8_58e5c288_redline_90fc8e8c86  (elapsed 3636s, eta 189s)
2026-10-01T06:43:00Z [2727/2868]  95.1%  83.82  with_comments_tracking__97b2e714de_super_editor__broken_list_7e9b9bf7__vs__b389f55091_super_editor__comment_23ee5ec1_redline_4a9a8d0b4a  (elapsed 3638s, eta 188s)
2026-10-01T06:43:01Z [2728/2868]  95.1%  38.75  with_comments_tracking__8e1fd0a0e7_ab3_01_jub_with_base_content_types_xml  (elapsed 3639s, eta 187s)
2026-10-01T06:43:01Z [2729/2868]  95.2%  59.00  with_comments_tracking__8b0e267362_sample_document_word_repair_of_our_output_iter2  (elapsed 3639s, eta 185s)
2026-10-01T06:43:01Z [2730/2868]  95.2%  83.18  with_comments_tracking__97b2e714de_super_editor__broken_list_7e9b9bf7__vs__b389f55091_super_editor__comment_23ee5ec1_redline_5dbff5ca6e  (elapsed 3640s, eta 184s)
2026-10-01T06:43:01Z [2731/2868]  95.2%  60.49  with_comments_tracking__8f47b1dc90_file_176  (elapsed 3640s, eta 183s)
2026-10-01T06:43:02Z [2732/2868]  95.3%  43.63  with_comments_tracking__970fd9303f_sample_document_word_repair_of_our_output_word_r  (elapsed 3640s, eta 181s)
2026-10-01T06:43:02Z [2733/2868]  95.3%  38.21  with_comments_tracking__8e694101b9_469e571050275b57ed1836b4cc17f4d29e43eec925bdfad9__vs__37c6c62345_3f296ffac9c17a92962156ff41f2b079eb687cd440513fe3_redline_9a2af58d99  (elapsed 3640s, eta 180s)
2026-10-01T06:43:06Z [2734/2868]  95.3%  42.53  with_comments_tracking__9bf625ba95_file_19__vs__2bf4db734d_file_20_redline_6dee5896b8  (elapsed 3645s, eta 179s)
2026-10-01T06:43:07Z [2735/2868]  95.4%  42.52  with_comments_tracking__9bf625ba95_file_19__vs__2bf4db734d_file_20_redline_b0f67f066b  (elapsed 3645s, eta 177s)
2026-10-01T06:43:07Z [2736/2868]  95.4%  40.73  with_comments_tracking__876944b3c8_r2_08_drop_blocks_94-109  (elapsed 3646s, eta 176s)
2026-10-01T06:43:08Z [2737/2868]  95.4%  41.39  with_comments_tracking__86191281f8_r2_01_drop_blocks_0-15  (elapsed 3646s, eta 175s)
2026-10-01T06:43:09Z [2738/2868]  95.5%  43.53  with_comments_tracking__9f6091a4ac_super_editor__threaded_comment_27bda0ba__vs__5fa01813d3_super_editor__basic_table_shading_d3212ffd_redline_67d0b6f3e8  (elapsed 3647s, eta 173s)
2026-10-01T06:43:10Z [2739/2868]  95.5%  43.54  with_comments_tracking__9f6091a4ac_super_editor__threaded_comment_27bda0ba__vs__5fa01813d3_super_editor__basic_table_shading_d3212ffd_redline_a5450b8b72  (elapsed 3648s, eta 172s)
2026-10-01T06:43:10Z [2740/2868]  95.5%  51.12  with_comments_tracking__9bf625ba95_file_19  (elapsed 3649s, eta 170s)
2026-10-01T06:43:13Z [2741/2868]  95.6%  54.50  with_comments_tracking__9f6091a4ac_super_editor__threaded_comment_27bda0ba__vs__84f5fb598b_super_editor__diff_before11_1b953eaf_redline_621637d747  (elapsed 3651s, eta 169s)
2026-10-01T06:43:13Z [2742/2868]  95.6%  54.35  with_comments_tracking__9f6091a4ac_super_editor__threaded_comment_27bda0ba__vs__84f5fb598b_super_editor__diff_before11_1b953eaf_redline_91cce6fb56  (elapsed 3652s, eta 168s)
2026-10-01T06:43:16Z [2743/2868]  95.6%  44.20  with_comments_tracking__9f6091a4ac_super_editor__threaded_comment_27bda0ba__vs__b3028f2d5b_super_editor__super_basic_table_86d8d916_redline_254bc964f4  (elapsed 3654s, eta 167s)
2026-10-01T06:43:17Z [2744/2868]  95.7%  44.21  with_comments_tracking__9f6091a4ac_super_editor__threaded_comment_27bda0ba__vs__b3028f2d5b_super_editor__super_basic_table_86d8d916_redline_7643096759  (elapsed 3655s, eta 165s)
2026-10-01T06:43:19Z [2745/2868]  95.7%  45.61  with_comments_tracking__a0738533be_gdocs_comments_export__vs__199cb211b5_super_editor__basic_footnotes_5be96945_redline_6b7f035223  (elapsed 3657s, eta 164s)
2026-10-01T06:43:19Z [2746/2868]  95.7%  39.00  with_comments_tracking__9c6ebd430d_file_185__vs__154fce3ec8_file_186_redline_4d40d1f136  (elapsed 3657s, eta 162s)
2026-10-01T06:43:19Z [2747/2868]  95.8%  45.61  with_comments_tracking__a0738533be_gdocs_comments_export__vs__199cb211b5_super_editor__basic_footnotes_5be96945_redline_e5cff4e8d9  (elapsed 3658s, eta 161s)
2026-10-01T06:43:20Z [2748/2868]  95.8%  39.01  with_comments_tracking__9c6ebd430d_file_185__vs__154fce3ec8_file_186_redline_b0af33e7d7  (elapsed 3658s, eta 160s)
2026-10-01T06:43:21Z [2749/2868]  95.9%  54.62  with_comments_tracking__a0738533be_gdocs_comments_export__vs__d5a56cdeb3_super_editor__gdocs_single_comment_ac5db87f_redline_745218f254  (elapsed 3659s, eta 158s)
2026-10-01T06:43:22Z [2750/2868]  95.9%  52.32  with_comments_tracking__a0e6a09304_super_editor__diff_after11_1d5b767f  (elapsed 3660s, eta 157s)
2026-10-01T06:43:22Z [2751/2868]  95.9%  54.55  with_comments_tracking__a0738533be_gdocs_comments_export__vs__d5a56cdeb3_super_editor__gdocs_single_comment_ac5db87f_redline_bbdc7afc3e  (elapsed 3660s, eta 156s)
2026-10-01T06:43:24Z [2752/2868]  96.0%  47.01  with_comments_tracking__a0e6a09304_super_editor__diff_after11_1d5b767f__vs__3e50084c2e_super_editor__diff_after16_2a48697a_redline_63ec3a403e  (elapsed 3662s, eta 154s)
2026-10-01T06:43:24Z [2753/2868]  96.0%  46.99  with_comments_tracking__a0e6a09304_super_editor__diff_after11_1d5b767f__vs__3e50084c2e_super_editor__diff_after16_2a48697a_redline_9ee52e15be  (elapsed 3662s, eta 153s)
2026-10-01T06:43:25Z [2754/2868]  96.0%  42.05  with_comments_tracking__a0e6a09304_super_editor__diff_after11_1d5b767f__vs__e844ea2053_evals__table_doc_4d728d83_redline_8d0b00bb0a  (elapsed 3663s, eta 152s)
2026-10-01T06:43:25Z [2755/2868]  96.1%  42.07  with_comments_tracking__a0e6a09304_super_editor__diff_after11_1d5b767f__vs__e844ea2053_evals__table_doc_4d728d83_redline_80e8acff6a  (elapsed 3663s, eta 150s)
2026-10-01T06:43:31Z [2756/2868]  96.1%  48.39  with_comments_tracking__a545465802_r3_keep_11_12  (elapsed 3669s, eta 149s)
2026-10-01T06:43:34Z [2757/2868]  96.1%  37.59  with_comments_tracking__97c3dd2e86_docx_lots_of_comments_addition_redline_addition  (elapsed 3672s, eta 148s)
2026-10-01T06:43:35Z [2758/2868]  96.2%  40.69  with_comments_clean__da7fb8a123_sample_document_word_repair_of_our_output_word_r  (elapsed 3673s, eta 147s)
2026-10-01T06:43:37Z [2759/2868]  96.2%  38.17  with_comments_tracking__9f5481078e_docx_lots_of_comments_addition_redline  (elapsed 3675s, eta 145s)
2026-10-01T06:43:58Z [2760/2868]  96.2%  38.87  with_comments_tracking__ab85c77154_file_115__vs__b7219494de_file_116_redline_61959b1953  (elapsed 3696s, eta 145s)
2026-10-01T06:43:58Z [2761/2868]  96.3%  46.40  with_comments_tracking__a4c38b1bf5_4c17189eb7a543ae96f42443a9f4001a3be8fec6e47f7481  (elapsed 3697s, eta 143s)
2026-10-01T06:44:00Z [2762/2868]  96.3%  38.86  with_comments_tracking__ab85c77154_file_115__vs__b7219494de_file_116_redline_6c3c5d2765  (elapsed 3698s, eta 142s)
2026-10-01T06:44:00Z [2763/2868]  96.3%  38.89  with_comments_tracking__9f6091a4ac_super_editor__threaded_comment_27bda0ba__vs__776a437291_behavior__two_column_simple_e77be963_redline_a954a57308  (elapsed 3698s, eta 141s)
2026-10-01T06:44:00Z [2764/2868]  96.4%  40.85  with_comments_tracking__a15661410a_r2_07_drop_blocks_81-93  (elapsed 3699s, eta 139s)
2026-10-01T06:44:01Z [2765/2868]  96.4%  38.89  with_comments_tracking__9f6091a4ac_super_editor__threaded_comment_27bda0ba__vs__776a437291_behavior__two_column_simple_e77be963_redline_d600d0c446  (elapsed 3699s, eta 138s)
2026-10-01T06:44:04Z [2766/2868]  96.4%  47.34  with_comments_tracking__b389f55091_super_editor__comment_23ee5ec1__vs__3e50084c2e_super_editor__diff_after16_2a48697a_redline_371ef9feed  (elapsed 3702s, eta 137s)
2026-10-01T06:44:05Z [2767/2868]  96.5%  47.33  with_comments_tracking__b389f55091_super_editor__comment_23ee5ec1__vs__3e50084c2e_super_editor__diff_after16_2a48697a_redline_eb468b0385  (elapsed 3704s, eta 135s)
2026-10-01T06:44:07Z [2768/2868]  96.5%  55.74  with_comments_tracking__b07ba468f1_r3_keep_4_5  (elapsed 3705s, eta 134s)
2026-10-01T06:44:08Z [2769/2868]  96.5%  51.56  with_comments_tracking__b389f55091_super_editor__comment_23ee5ec1__vs__6d773ca294_super_editor__annot2_03ae6b74_redline_b0d09c67a7  (elapsed 3706s, eta 133s)
2026-10-01T06:44:10Z [2770/2868]  96.6%  51.38  with_comments_tracking__b389f55091_super_editor__comment_23ee5ec1__vs__6d773ca294_super_editor__annot2_03ae6b74_redline_bd6678767d  (elapsed 3708s, eta 131s)
2026-10-01T06:44:10Z [2771/2868]  96.6%  40.70  with_comments_tracking__a6afa4561b_ab4_0_base_control  (elapsed 3708s, eta 130s)
2026-10-01T06:44:10Z [2772/2868]  96.7%  46.84  with_comments_tracking__b389f55091_super_editor__comment_23ee5ec1__vs__ea7427b18a_super_editor__complex_list_def_issue_326369f9_redline_108332354e  (elapsed 3709s, eta 128s)
2026-10-01T06:44:12Z [2773/2868]  96.7%  46.87  with_comments_tracking__b389f55091_super_editor__comment_23ee5ec1__vs__ea7427b18a_super_editor__complex_list_def_issue_326369f9_redline_4e153e7d8c  (elapsed 3710s, eta 127s)
2026-10-01T06:44:16Z [2774/2868]  96.7%  48.08  with_comments_tracking__b6c53ac3a5_r4_03_unwrap_table  (elapsed 3714s, eta 126s)
2026-10-01T06:44:18Z [2775/2868]  96.8%  40.90  with_comments_tracking__abd0b75d88_file_184__vs__9c6ebd430d_file_185_redline_7f412aa4b4  (elapsed 3716s, eta 125s)
2026-10-01T06:44:20Z [2776/2868]  96.8%  48.41  with_comments_tracking__bb35ae41ba_evals__comments_doc_79800b37__vs__3ad13eed3d_evals__document_9bff7e1b_redline_3b0aa9cb14  (elapsed 3718s, eta 123s)
2026-10-01T06:44:20Z [2777/2868]  96.8%  43.25  with_comments_tracking__b8eb0572ed_styles-changes-comments_converted  (elapsed 3719s, eta 122s)
2026-10-01T06:44:21Z [2778/2868]  96.9%  59.01  with_comments_tracking__ac0bcc10fe_file_146  (elapsed 3719s, eta 120s)
2026-10-01T06:44:21Z [2779/2868]  96.9%  48.49  with_comments_tracking__bb35ae41ba_evals__comments_doc_79800b37__vs__3ad13eed3d_evals__document_9bff7e1b_redline_efcf4cdade  (elapsed 3720s, eta 119s)
2026-10-01T06:44:22Z [2780/2868]  96.9%  43.65  with_comments_tracking__ba3f04f252_sample_document_really_repaired_word_repaired  (elapsed 3720s, eta 118s)
2026-10-01T06:44:22Z [2781/2868]  97.0%  47.09  with_comments_tracking__bb35ae41ba_evals__comments_doc_79800b37__vs__9322444a3f_behavior__sd_2888_hyperlink_with_ampersand_aaaac_redline_e11f5f1915  (elapsed 3720s, eta 116s)
2026-10-01T06:44:23Z [2782/2868]  97.0%  47.02  with_comments_tracking__bb35ae41ba_evals__comments_doc_79800b37__vs__9322444a3f_behavior__sd_2888_hyperlink_with_ampersand_aaaac_redline_fd436bda76  (elapsed 3721s, eta 115s)
2026-10-01T06:44:35Z [2783/2868]  97.0%  39.57  with_comments_tracking__b8115d0dab_file_100__vs__c500e0081f_file_101_redline_ff24600d87  (elapsed 3734s, eta 114s)
2026-10-01T06:44:37Z [2784/2868]  97.1%  47.68  with_comments_tracking__bc85714262_file_170  (elapsed 3735s, eta 113s)
2026-10-01T06:44:39Z [2785/2868]  97.1%  40.98  with_comments_tracking__af4645ebd0_file_99__vs__b8115d0dab_file_100_redline_65aa483982  (elapsed 3737s, eta 111s)
2026-10-01T06:44:41Z [2786/2868]  97.1%  48.00  with_comments_tracking__bf8e56b2fc_r3_keep_4_5_296_297  (elapsed 3739s, eta 110s)
2026-10-01T06:44:45Z [2787/2868]  97.2%  50.85  with_comments_tracking__c2d49e9ede_super_editor__sd_978_remove_table_borders_47f7ed__vs__f782ae23ec_super_editor__wordoriginatedcomments_c146be65_redline_18380da4e0  (elapsed 3743s, eta 109s)
2026-10-01T06:44:45Z [2788/2868]  97.2%  38.75  with_comments_tracking__bde39e5d31_ab3_03_jub_with_base_word_comments_xml  (elapsed 3744s, eta 107s)
2026-10-01T06:44:48Z [2789/2868]  97.2%  51.15  with_comments_tracking__c2d49e9ede_super_editor__sd_978_remove_table_borders_47f7ed__vs__f782ae23ec_super_editor__wordoriginatedcomments_c146be65_redline_59addd896d  (elapsed 3746s, eta 106s)
2026-10-01T06:44:49Z [2790/2868]  97.3%  40.70  with_comments_tracking__b175a00954_file_27  (elapsed 3747s, eta 105s)
2026-10-01T06:44:54Z [2791/2868]  97.3%  49.28  with_comments_tracking__ced58cbf54_super_editor__sd_1494_table_left_indent_03277d35__vs__84f5fb598b_super_editor__diff_before11_1b953eaf_redline_08f3c75cf7  (elapsed 3752s, eta 104s)
2026-10-01T06:44:56Z [2792/2868]  97.4%  52.44  with_comments_tracking__c9d99961bd_eigenpal_docx_editor_suggesting_mixed_edits_2  (elapsed 3754s, eta 102s)
2026-10-01T06:44:56Z [2793/2868]  97.4%  46.42  with_comments_tracking__bd962090cd_s10_control  (elapsed 3755s, eta 101s)
2026-10-01T06:44:57Z [2794/2868]  97.4%  49.37  with_comments_tracking__ced58cbf54_super_editor__sd_1494_table_left_indent_03277d35__vs__84f5fb598b_super_editor__diff_before11_1b953eaf_redline_e50d2db84c  (elapsed 3756s, eta 99s)
2026-10-01T06:44:58Z [2795/2868]  97.5%  38.16  with_comments_tracking__bd768e6c17_file_74  (elapsed 3756s, eta 98s)
2026-10-01T06:44:59Z [2796/2868]  97.5%  38.45  with_comments_tracking__c09b14fcd7_file_196__vs__4e6a261969_file_197_redline_cfb0498eef  (elapsed 3757s, eta 97s)
2026-10-01T06:44:59Z [2797/2868]  97.5%  38.39  with_comments_tracking__c09b14fcd7_file_196__vs__4e6a261969_file_197_redline_d4ab829066  (elapsed 3757s, eta 95s)
2026-10-01T06:45:00Z [2798/2868]  97.6%  50.42  with_comments_tracking__d03da97287_super_editor__nested_comments_gdocs_0c8668e1__vs__2b6c7be6bd_super_editor__nested_comments_84f214bb_redline_ba3b77bee3  (elapsed 3758s, eta 94s)
2026-10-01T06:45:00Z [2799/2868]  97.6%  43.48  with_comments_tracking__a4c38b1bf5_4c17189eb7a543ae96f42443a9f4001a3be8fec6e47f7481__vs__cd63d2dccf_3f2752287dacf8e3e52d649dc467cbab2214df665039ab15_redline_e9ef73a8e4  (elapsed 3758s, eta 93s)
2026-10-01T06:45:00Z [2800/2868]  97.6%  37.58  with_comments_tracking__be5bf990cb_file_16  (elapsed 3759s, eta 91s)
2026-10-01T06:45:01Z [2801/2868]  97.7%  48.56  with_comments_tracking__d02a86b362_r3_keep_11  (elapsed 3759s, eta 90s)
2026-10-01T06:45:02Z [2802/2868]  97.7%  56.69  with_comments_tracking__d48e02b548_super_editor__google_docs_originated_comments  (elapsed 3760s, eta 89s)
2026-10-01T06:45:02Z [2803/2868]  97.7%  46.92  with_comments_tracking__d48e02b548_super_editor__google_docs_originated_comments__vs__d0281643d2_super_editor__hello_docx_world_12f11074_redline_37c978d405  (elapsed 3761s, eta 87s)
2026-10-01T06:45:04Z [2804/2868]  97.8%  51.70  with_comments_tracking__d5a56cdeb3_super_editor__gdocs_single_comment_ac5db87f__vs__bc78614a22_super_editor__gdocs_tracked_changes_3c1de315_redline_99740a096f  (elapsed 3762s, eta 86s)
2026-10-01T06:45:04Z [2805/2868]  97.8%  48.09  with_comments_tracking__d48e02b548_super_editor__google_docs_originated_comments__vs__e70f1134dd_super_editor__diff_before8_ba5faa9e_redline_e4569d0756  (elapsed 3762s, eta 85s)
2026-10-01T06:45:10Z [2806/2868]  97.8%  43.62  with_comments_tracking__d93f1dafca_sample_document_word_repair_of_our_output_iter2  (elapsed 3769s, eta 83s)
2026-10-01T06:45:14Z [2807/2868]  97.9%  45.47  with_comments_tracking__e1771b0063_word_tolerated_misplaced_uipriority__vs__cbb3bab843_word_tolerated_orphan_comment_redline_6532beda4d  (elapsed 3772s, eta 82s)
2026-10-01T06:45:17Z [2808/2868]  97.9%  45.52  with_comments_tracking__e1771b0063_word_tolerated_misplaced_uipriority__vs__cbb3bab843_word_tolerated_orphan_comment_redline_b41b6b3dec  (elapsed 3776s, eta 81s)
2026-10-01T06:45:19Z [2809/2868]  97.9%  49.86  with_comments_tracking__dccd972179_file_142__vs__0483e899af_file_143_redline_0c5aa7e2b1  (elapsed 3777s, eta 79s)
2026-10-01T06:45:19Z [2810/2868]  98.0%  49.86  with_comments_tracking__dccd972179_file_142__vs__0483e899af_file_143_redline_4dc72c3d9f  (elapsed 3778s, eta 78s)
2026-10-01T06:45:23Z [2811/2868]  98.0%  38.75  with_comments_tracking__dc8bc2527d_ab3_04_jub_with_base_word_commentsextended_xml  (elapsed 3781s, eta 77s)
2026-10-01T06:45:25Z [2812/2868]  98.0%  48.33  with_comments_tracking__e5634f6fba_r3_keep_11_12_296_297  (elapsed 3783s, eta 75s)
2026-10-01T06:45:27Z [2813/2868]  98.1%  40.00  with_comments_tracking__d16179a60b_c3cb50c9620520f54d70a4f079a12e94bf94f54f507eff8d__vs__1aaca1d5af_ef31e540797c67a78c662cc2e5ecb21bf446e3d696ce26ad_redline_f72cd71154  (elapsed 3786s, eta 74s)
2026-10-01T06:45:28Z [2814/2868]  98.1%  51.95  with_comments_tracking__e70f1134dd_super_editor__diff_before8_ba5faa9e__vs__420a528aa0_super_editor__instrtext_angled_brackets_bug_ed56_redline_2200a538c5  (elapsed 3786s, eta 73s)
2026-10-01T06:45:29Z [2815/2868]  98.2%  40.51  with_comments_tracking__cb94e969ef_z01_file27_landscape_to_portrait  (elapsed 3787s, eta 71s)
2026-10-01T06:45:29Z [2816/2868]  98.2%  39.89  with_comments_tracking__d04e517f1e_r2_02_drop_blocks_16-29  (elapsed 3787s, eta 70s)
2026-10-01T06:45:31Z [2817/2868]  98.2%  51.98  with_comments_tracking__e70f1134dd_super_editor__diff_before8_ba5faa9e__vs__420a528aa0_super_editor__instrtext_angled_brackets_bug_ed56_redline_dc9bcfd88b  (elapsed 3789s, eta 69s)
2026-10-01T06:45:37Z [2818/2868]  98.3%  44.99  with_comments_tracking__e70f1134dd_super_editor__diff_before8_ba5faa9e__vs__a5903a7c15_super_editor__pci_table_dc840852_redline_8d775d42d1  (elapsed 3795s, eta 67s)
2026-10-01T06:45:38Z [2819/2868]  98.3%  45.26  with_comments_tracking__e70f1134dd_super_editor__diff_before8_ba5faa9e__vs__671ff91b1d_behavior__sd_2750_borderbox_7cd3768d_redline_0e6cc23727  (elapsed 3797s, eta 66s)
2026-10-01T06:45:39Z [2820/2868]  98.3%  41.46  with_comments_tracking__e70f1134dd_super_editor__diff_before8_ba5faa9e__vs__a5903a7c15_super_editor__pci_table_dc840852_redline_ccc5f1207c  (elapsed 3797s, eta 65s)
2026-10-01T06:45:39Z [2821/2868]  98.4%  45.26  with_comments_tracking__e70f1134dd_super_editor__diff_before8_ba5faa9e__vs__671ff91b1d_behavior__sd_2750_borderbox_7cd3768d_redline_2a104af71e  (elapsed 3797s, eta 63s)
2026-10-01T06:45:41Z [2822/2868]  98.4%  46.70  with_comments_tracking__e70f1134dd_super_editor__diff_before8_ba5faa9e__vs__f6e1c253ff_super_editor__diff_before9_9818a85f_redline_a33b8e810a  (elapsed 3799s, eta 62s)
2026-10-01T06:45:42Z [2823/2868]  98.4%  51.64  with_comments_tracking__e70f1134dd_super_editor__diff_before8_ba5faa9e__vs__f6e1c253ff_super_editor__diff_before9_9818a85f_redline_f831dd3821  (elapsed 3800s, eta 61s)
2026-10-01T06:45:46Z [2824/2868]  98.5%  51.59  with_comments_tracking__e81d1fa10c_behavior__pageref_standalone_uppercase_h_7701e07__vs__735c372b41_super_editor__diff_after8_58e5c288_redline_5325dc70b4  (elapsed 3804s, eta 59s)
2026-10-01T06:45:46Z [2825/2868]  98.5%  51.53  with_comments_tracking__e81d1fa10c_behavior__pageref_standalone_uppercase_h_7701e07__vs__735c372b41_super_editor__diff_after8_58e5c288_redline_91bc739935  (elapsed 3804s, eta 58s)
2026-10-01T06:45:48Z [2826/2868]  98.5%  48.29  with_comments_tracking__e84fbd6510_r3_no_extended_parts  (elapsed 3807s, eta 57s)
2026-10-01T06:45:49Z [2827/2868]  98.6%  48.40  with_comments_tracking__e9d5410452_file_191  (elapsed 3808s, eta 55s)
2026-10-01T06:45:50Z [2828/2868]  98.6%  83.67  with_comments_tracking__eb714d5f76_evals__blank_bc294b57__vs__bb35ae41ba_evals__comments_doc_79800b37_redline_04082a11bf  (elapsed 3808s, eta 54s)
2026-10-01T06:45:51Z [2829/2868]  98.6%  55.84  with_comments_tracking__eb714d5f76_evals__blank_bc294b57__vs__bb35ae41ba_evals__comments_doc_79800b37_redline_58a2de4812  (elapsed 3810s, eta 53s)
2026-10-01T06:45:55Z [2830/2868]  98.7%  83.21  with_comments_tracking__ee61fb4ab3_super_editor__base_ordered_fdff1fb2__vs__f529133cd5_super_editor__basic_comment_d3ba5f1e_redline_cb0a7d2c98  (elapsed 3813s, eta 51s)
2026-10-01T06:45:55Z [2831/2868]  98.7%  48.36  with_comments_tracking__eb2f3c86b5_vfdsdfcacawesd_suggesting_mixed_edits  (elapsed 3813s, eta 50s)
2026-10-01T06:45:58Z [2832/2868]  98.7%  83.51  with_comments_tracking__ee61fb4ab3_super_editor__base_ordered_fdff1fb2__vs__f529133cd5_super_editor__basic_comment_d3ba5f1e_redline_d79f460bb9  (elapsed 3816s, eta 49s)
2026-10-01T06:45:59Z [2833/2868]  98.8%  43.29  with_comments_tracking__ecf6e89f6d_styles-changes-comments  (elapsed 3818s, eta 47s)
2026-10-01T06:46:02Z [2834/2868]  98.8%  41.06  with_comments_tracking__e355cec096_small_font_size_demo_id_paraid_overflow__vs__60697d46b7_strict01_redline_bf0a8404aa  (elapsed 3820s, eta 46s)
2026-10-01T06:46:02Z [2835/2868]  98.8%  38.17  with_comments_tracking__e57ad0eaa4_docx_lots_of_comments_addition  (elapsed 3820s, eta 44s)
2026-10-01T06:46:03Z [2836/2868]  98.9%  83.26  with_comments_tracking__ef1e1c68e9_super_editor__basic_paragraph_1774f4e4__vs__08286ffbfb_super_editor__basic_resolved_comment_cac5a1b0_redline_603ef0419b  (elapsed 3821s, eta 43s)
2026-10-01T06:46:03Z [2837/2868]  98.9%  41.04  with_comments_tracking__e355cec096_small_font_size_demo_id_paraid_overflow__vs__60697d46b7_strict01_redline_0cd32d67b2  (elapsed 3821s, eta 42s)
2026-10-01T06:46:05Z [2838/2868]  99.0%  40.70  with_comments_tracking__e606f032e6_ab4_a_base_rangeend_moved_into_next_p  (elapsed 3823s, eta 40s)
2026-10-01T06:46:06Z [2839/2868]  99.0%  46.50  with_comments_tracking__f49b3b0ec2_super_editor__sd_1919_word_table_74726d6c__vs__a0738533be_gdocs_comments_export_redline_99c9e229b9  (elapsed 3824s, eta 39s)
2026-10-01T06:46:06Z [2840/2868]  99.0%  82.74  with_comments_tracking__ef1e1c68e9_super_editor__basic_paragraph_1774f4e4__vs__08286ffbfb_super_editor__basic_resolved_comment_cac5a1b0_redline_a586f6ef54  (elapsed 3824s, eta 38s)
2026-10-01T06:46:07Z [2841/2868]  99.1%  45.56  with_comments_tracking__f529133cd5_super_editor__basic_comment_d3ba5f1e__vs__199cb211b5_super_editor__basic_footnotes_5be96945_redline_b547e31a0d  (elapsed 3825s, eta 36s)
2026-10-01T06:46:07Z [2842/2868]  99.1%  46.46  with_comments_tracking__f49b3b0ec2_super_editor__sd_1919_word_table_74726d6c__vs__a0738533be_gdocs_comments_export_redline_515c0aa8ab  (elapsed 3825s, eta 35s)
2026-10-01T06:46:08Z [2843/2868]  99.1%  45.59  with_comments_tracking__f529133cd5_super_editor__basic_comment_d3ba5f1e__vs__199cb211b5_super_editor__basic_footnotes_5be96945_redline_b715c8ab04  (elapsed 3826s, eta 34s)
2026-10-01T06:46:09Z [2844/2868]  99.2%  47.21  with_comments_tracking__f529133cd5_super_editor__basic_comment_d3ba5f1e__vs__2dc3e97d2a_super_editor__hyperlink_node_52b7695b_redline_4ce07ffaec  (elapsed 3827s, eta 32s)
2026-10-01T06:46:10Z [2845/2868]  99.2%  51.10  with_comments_tracking__f529133cd5_super_editor__basic_comment_d3ba5f1e__vs__2dc3e97d2a_super_editor__hyperlink_node_52b7695b_redline_9c256f094c  (elapsed 3828s, eta 31s)
2026-10-01T06:46:13Z [2846/2868]  99.2%  43.69  with_comments_tracking__f529133cd5_super_editor__basic_comment_d3ba5f1e__vs__5fa01813d3_super_editor__basic_table_shading_d3212ffd_redline_b2704631d9  (elapsed 3831s, eta 30s)
2026-10-01T06:46:15Z [2847/2868]  99.3%  42.28  with_comments_tracking__f529133cd5_super_editor__basic_comment_d3ba5f1e__vs__3b639ef236_super_editor__sdpr_8cc15994_redline_62f0f8ee91  (elapsed 3833s, eta 28s)
2026-10-01T06:46:16Z [2848/2868]  99.3%  43.72  with_comments_tracking__f529133cd5_super_editor__basic_comment_d3ba5f1e__vs__5fa01813d3_super_editor__basic_table_shading_d3212ffd_redline_ef9fae71a2  (elapsed 3834s, eta 27s)
2026-10-01T06:46:16Z [2849/2868]  99.3%  42.29  with_comments_tracking__f529133cd5_super_editor__basic_comment_d3ba5f1e__vs__3b639ef236_super_editor__sdpr_8cc15994_redline_fd268e9d60  (elapsed 3834s, eta 26s)
2026-10-01T06:46:17Z [2850/2868]  99.4%  51.97  with_comments_tracking__f529133cd5_super_editor__basic_comment_d3ba5f1e__vs__75aeff4f58_super_editor__diff_after9_a9d4b4b0_redline_2eb4edf103  (elapsed 3835s, eta 24s)
2026-10-01T06:46:19Z [2851/2868]  99.4%  52.14  with_comments_tracking__f529133cd5_super_editor__basic_comment_d3ba5f1e__vs__75aeff4f58_super_editor__diff_after9_a9d4b4b0_redline_8abeeabff4  (elapsed 3837s, eta 23s)
2026-10-01T06:46:19Z [2852/2868]  99.4%  46.99  with_comments_tracking__f529133cd5_super_editor__basic_comment_d3ba5f1e__vs__8df6dfa8d7_alternate_content_redline_e8fafc3cba  (elapsed 3838s, eta 22s)
2026-10-01T06:46:20Z [2853/2868]  99.5%  46.97  with_comments_tracking__f529133cd5_super_editor__basic_comment_d3ba5f1e__vs__8df6dfa8d7_alternate_content_redline_fa6a3b7380  (elapsed 3838s, eta 20s)
2026-10-01T06:46:20Z [2854/2868]  99.5%  62.67  with_comments_tracking__f529133cd5_super_editor__basic_comment_d3ba5f1e__vs__3539cf2404_cli_legacy__replace_test_0a793f01_redline_a15dd224a7  (elapsed 3838s, eta 19s)
2026-10-01T06:46:21Z [2855/2868]  99.5%  62.77  with_comments_tracking__f529133cd5_super_editor__basic_comment_d3ba5f1e__vs__3539cf2404_cli_legacy__replace_test_0a793f01_redline_df497fd549  (elapsed 3839s, eta 17s)
2026-10-01T06:46:22Z [2856/2868]  99.6%  44.21  with_comments_tracking__e11fc429b2_29540ef11ec3fc04ba1bca353f5140559c4b03e76516c7a7__vs__0f6e71381a_7057d180ffd30c96a71aa95e32993d39bf2e59a1eff850b7_redline_b461d6f797  (elapsed 3841s, eta 16s)
2026-10-01T06:46:23Z [2857/2868]  99.6%  53.54  with_comments_tracking__f782ae23ec_super_editor__wordoriginatedcomments_c146be65  (elapsed 3841s, eta 15s)
2026-10-01T06:46:25Z [2858/2868]  99.7%  38.16  with_comments_tracking__ec3dd0df69_file_53  (elapsed 3844s, eta 13s)
2026-10-01T06:46:29Z [2859/2868]  99.7%  62.72  with_comments_tracking__f71a12ee23_super_editor__fields_attrs1_83837249__vs__3539cf2404_cli_legacy__replace_test_0a793f01_redline_7a1d3fbeba  (elapsed 3847s, eta 12s)
2026-10-01T06:46:29Z [2860/2868]  99.7%  62.77  with_comments_tracking__f71a12ee23_super_editor__fields_attrs1_83837249__vs__3539cf2404_cli_legacy__replace_test_0a793f01_redline_deb8669aa8  (elapsed 3847s, eta 11s)
2026-10-01T06:46:31Z [2861/2868]  99.8%  49.28  with_comments_tracking__f782ae23ec_super_editor__wordoriginatedcomments_c146be65__vs__3539cf2404_cli_legacy__replace_test_0a793f01_redline_a7cfb33589  (elapsed 3849s, eta 9s)
2026-10-01T06:46:31Z [2862/2868]  99.8%  40.71  with_comments_tracking__ee9bfc2650_docx_lots_of_comments_addition_removal_redline_r  (elapsed 3849s, eta 8s)
2026-10-01T06:46:31Z [2863/2868]  99.8%  49.42  with_comments_tracking__f782ae23ec_super_editor__wordoriginatedcomments_c146be65__vs__3539cf2404_cli_legacy__replace_test_0a793f01_redline_3303e707c8  (elapsed 3849s, eta 7s)
2026-10-01T06:46:36Z [2864/2868]  99.9%  50.58  with_comments_tracking__f680cc3fe0_z03_file27_single_section  (elapsed 3854s, eta 5s)
2026-10-01T06:46:37Z [2865/2868]  99.9%  47.08  with_comments_tracking__ee91b9e453_9385adbfd34ee40a4bd2429d7385293b31a127fc9e9208d1__vs__409867707c_61a16c9bdc534801a19fcf808fdddd50a7cd74d1efd6113e_redline_9f2ce6d6bb  (elapsed 3856s, eta 4s)
2026-10-01T06:47:06Z [2866/2868]  99.9%  37.60  with_comments_tracking__970fd9303f_sample_document_word_repair_of_our_output_word_r__vs__8441c4ae21_sd_2517_localized_heading_styles_redline_9c71031b8a  (elapsed 3884s, eta 3s)
2026-10-01T06:47:07Z [2867/2868] 100.0%  36.37  with_comments_tracking__468d82c575_c690df8dcf29bb8af8646ae10768e3ca46e8a9ef5b586428__vs__3a5ed45f0d_3d76420524fd4852ab017e1d57f215e37281e965b3f38b31_redline_bbc3223232  (elapsed 3885s, eta 1s)
2026-10-01T06:47:09Z [2868/2868] 100.0%  37.74  with_comments_tracking__970fd9303f_sample_document_word_repair_of_our_output_word_r__vs__8441c4ae21_sd_2517_localized_heading_styles_redline_d5ab18a760  (elapsed 3887s, eta 0s)
6422 documents -> results/docx_to_pdf_docxide_0.17.1.json
+/tmp/regen.sh:7> uv run python scripts/score_candidate_dirs.py --only-missing --candidate results/soffice_26.8.0.3_work/candidate --oracle results/jubarte_0.10.1_docx_to_pdf_work/oracle --json results/docx_to_pdf_soffice_26.8.0.3.json
3483 already scored, 2876 to score
2026-10-01T06:47:19Z scoring started, 2876 documents (0 from checkpoint, 2876 to score)
2026-10-01T06:47:25Z [1/2876]   0.0%  85.95  clean__0203b5fed7_strikethrough_bold_demo_id_paraid_overflow  (elapsed 7s, eta 19101s)
2026-10-01T06:47:25Z [2/2876]   0.1%  86.62  clean__008908795c_increase_indent_demo_id_paraid_overflow  (elapsed 7s, eta 9548s)
2026-10-01T06:47:26Z [3/2876]   0.1%  73.38  clean__02c9605488_bold_superscript_demo_style_default_missing  (elapsed 7s, eta 6717s)
2026-10-01T06:47:26Z [4/2876]   0.1%  90.06  clean__020b1f3c34_c842fd0e02_accepted_tracking  (elapsed 7s, eta 5045s)
2026-10-01T06:47:26Z [5/2876]   0.2%  86.09  clean__02763de706_track_changes_suggesting_heading_id_paraid_overf  (elapsed 8s, eta 4372s)
2026-10-01T06:47:26Z [6/2876]   0.2%  86.94  clean__00da16e738_heading_4_style_demo_id_paraid_overflow_2  (elapsed 8s, eta 3642s)
2026-10-01T06:47:27Z [7/2876]   0.2%  85.52  clean__017c22e2a3_heading_3_style_demo_id_paraid_overflow_2  (elapsed 8s, eta 3338s)
2026-10-01T06:47:29Z [8/2876]   0.3%  83.80  clean__042b952c89_file_138  (elapsed 10s, eta 3553s)
2026-10-01T06:47:30Z [9/2876]   0.3%  57.97  clean__045a9b188d_heading_1_style_demo_id_paraid_overflow  (elapsed 11s, eta 3573s)
2026-10-01T06:47:30Z [10/2876]   0.3%  82.77  clean__02db946bce_italic_text_formatting_demo_id_paraid_overflow_2  (elapsed 11s, eta 3234s)
2026-10-01T06:47:30Z [11/2876]   0.4%  67.60  clean__03ace89c03_italic_and_underline_combo_style_default_missing  (elapsed 11s, eta 2967s)
2026-10-01T06:47:31Z [12/2876]   0.4%  76.68  clean__049a315896_super_editor__hyperlink_multiple_runs_0138c312  (elapsed 12s, eta 2883s)
2026-10-01T06:47:31Z [13/2876]   0.5%  75.38  clean__01d1b3da75_table_bookmark_end  (elapsed 12s, eta 2722s)
2026-10-01T06:47:32Z [14/2876]   0.5%  88.23  clean__049e83d7a7_file_137  (elapsed 14s, eta 2780s)
2026-10-01T06:47:32Z [15/2876]   0.5%  88.71  clean__053656fac9_file_135  (elapsed 14s, eta 2633s)
2026-10-01T06:47:33Z [16/2876]   0.6%  61.43  clean__0417538906_7eeb92a3e0_rejected_tracking  (elapsed 14s, eta 2552s)
2026-10-01T06:47:35Z [17/2876]   0.6%  72.10  clean__053db61e03_file_198  (elapsed 16s, eta 2674s)
2026-10-01T06:47:37Z [18/2876]   0.6%  76.13  clean__053c86de5f_open_sans_bold_underline_id_paraid_overflow  (elapsed 18s, eta 2847s)
2026-10-01T06:47:38Z [19/2876]   0.7%  96.73  clean__058cd936de_super_editor__image_doc_c7d007ac  (elapsed 19s, eta 2909s)
2026-10-01T06:47:39Z [20/2876]   0.7%  82.74  clean__05742836e4_it_security_policy_v2_suggesting_insertions_ital  (elapsed 20s, eta 2895s)
2026-10-01T06:47:40Z [21/2876]   0.7%  58.56  clean__046eaac0a6_a6d59e1fc25cd0e0cf155c1d7ec1b6957ee450733f415cfb  (elapsed 22s, eta 2937s)
2026-10-01T06:47:41Z [22/2876]   0.8%  90.25  clean__0619bc1b1d_file_84  (elapsed 22s, eta 2895s)
2026-10-01T06:47:42Z [23/2876]   0.8%  75.80  clean__04dafefc52_00048cb6667d721bdb2219ecbadb6eb369e439c130ac475e  (elapsed 23s, eta 2836s)
2026-10-01T06:47:42Z [24/2876]   0.8%  58.66  clean__056bfeba7c_775f52b17c6b40ade66440d465d25d837a24d6636e4bf6bb  (elapsed 23s, eta 2788s)
2026-10-01T06:47:43Z [25/2876]   0.9%  73.31  clean__05cb1b8b81_ac6cd8d92f_accepted_tracking  (elapsed 24s, eta 2752s)
2026-10-01T06:47:43Z [26/2876]   0.9%  86.55  clean__0626e5323b_center_aligned_bold_text_id_paraid_overflow_cent  (elapsed 25s, eta 2703s)
2026-10-01T06:47:44Z [27/2876]   0.9%  91.76  clean__06a48012fc_file_166  (elapsed 25s, eta 2643s)
2026-10-01T06:47:44Z [28/2876]   1.0%  64.68  clean__07ce108491_c69908f44a_rejected_tracking  (elapsed 25s, eta 2585s)
2026-10-01T06:47:45Z [29/2876]   1.0%  79.53  clean__02865fc175_008f896473aec097e4bd8ff58f95b0930242cd2cae9c5146  (elapsed 26s, eta 2589s)
2026-10-01T06:47:45Z [30/2876]   1.0%  82.95  clean__08147dee09_file_195  (elapsed 26s, eta 2508s)
2026-10-01T06:47:46Z [31/2876]   1.1%  67.37  clean__080c4822ff_file_21  (elapsed 27s, eta 2477s)
2026-10-01T06:47:46Z [32/2876]   1.1%  77.71  clean__04eed6fc4e_e08b0400d03db8bedddf7081144e66822f032e841429f60c  (elapsed 27s, eta 2422s)
2026-10-01T06:47:46Z [33/2876]   1.1%  85.35  clean__08e3f68925_bold_underline_combined_demo_id_paraid_overflow  (elapsed 28s, eta 2386s)
2026-10-01T06:47:46Z [34/2876]   1.2%  67.58  clean__0935a8a24e_file_151  (elapsed 28s, eta 2322s)
2026-10-01T06:47:47Z [35/2876]   1.2%  70.73  clean__083826730a_file_32  (elapsed 28s, eta 2266s)
2026-10-01T06:47:48Z [36/2876]   1.3%  81.05  clean__0a1badc333_super_editor__missing_sectpr_967a402d  (elapsed 29s, eta 2323s)
2026-10-01T06:47:49Z [37/2876]   1.3%  88.03  clean__0acda29624_b9997739d1_rejected_tracking  (elapsed 30s, eta 2337s)
2026-10-01T06:47:49Z [38/2876]   1.3%  82.78  clean__0aa6426932_file_114  (elapsed 30s, eta 2275s)
2026-10-01T06:47:50Z [39/2876]   1.4%  63.05  clean__0b1d0278ce_behavior__math_radical_tests_4c1ce187  (elapsed 31s, eta 2248s)
2026-10-01T06:47:51Z [40/2876]   1.4%  55.36  clean__0b2a46481b_nested_table_rowspan  (elapsed 32s, eta 2263s)
2026-10-01T06:47:52Z [41/2876]   1.4%  85.49  clean__0b9cc47345_file_136  (elapsed 33s, eta 2309s)
2026-10-01T06:47:52Z [42/2876]   1.5%  63.95  clean__0b96f773cf_ddd1e0f952_accepted_tracking  (elapsed 33s, eta 2256s)
2026-10-01T06:47:52Z [43/2876]   1.5%  44.77  clean__0018843794_889f4c3958e28978a0d96a95a8938d9eb0dc100e66f7c483  (elapsed 34s, eta 2227s)
2026-10-01T06:47:53Z [44/2876]   1.5%  44.94  clean__0a3a0c1a32_36c6d281d1ea6bbef531f8c4ac6f8a3089348db8d85da6c6  (elapsed 34s, eta 2190s)
2026-10-01T06:47:53Z [45/2876]   1.6%  68.39  clean__0d6b7e10e7_right_aligned_italic_demo_id_paraid_overflow_rig  (elapsed 34s, eta 2149s)
2026-10-01T06:47:53Z [46/2876]   1.6%  79.18  clean__0a2898b58a_evals__report_with_formatting_03f385ed  (elapsed 34s, eta 2107s)
2026-10-01T06:47:55Z [47/2876]   1.6%  75.12  clean__0e08fd6d80_super_editor__diff_before19_97e0f4e6  (elapsed 36s, eta 2160s)
2026-10-01T06:47:56Z [48/2876]   1.7%  72.76  clean__0a0b6470c3_00051beee50076d47db468069cab455933b72d9df9165e1f  (elapsed 38s, eta 2219s)
2026-10-01T06:47:57Z [49/2876]   1.7%  59.03  clean__0184ed196b_d1e39fbd150188925826317aa801105b2fd447d47d007d25  (elapsed 38s, eta 2182s)
2026-10-01T06:47:58Z [50/2876]   1.7%  82.35  clean__0e5afd15ed_roboto_underline_demo_id_paraid_overflow_sales_r  (elapsed 39s, eta 2207s)
2026-10-01T06:47:58Z [51/2876]   1.8%  88.81  clean__0e1d01ec7d_super_editor__doc_with_graphs_diagrams_rotated_e  (elapsed 40s, eta 2192s)
2026-10-01T06:47:58Z [52/2876]   1.8%  96.69  clean__0f23eb6c94_super_editor__wmf_emf_44a469b8  (elapsed 40s, eta 2150s)
2026-10-01T06:48:00Z [53/2876]   1.8%  67.52  clean__0fca4cca5b_file_155  (elapsed 41s, eta 2197s)
2026-10-01T06:48:01Z [54/2876]   1.9%  67.77  clean__10411431f9_meeting_agenda_table_meeting_minutes_id_paraid_o  (elapsed 43s, eta 2233s)
2026-10-01T06:48:01Z [55/2876]   1.9%  66.19  clean__10415d5332_behavior__rtl_mixed_bidi_e955f185  (elapsed 43s, eta 2192s)
2026-10-01T06:48:03Z [56/2876]   1.9%  83.42  clean__1097c2ab85_right_align_bold_demo_id_paraid_overflow_right_a  (elapsed 44s, eta 2233s)
2026-10-01T06:48:04Z [57/2876]   2.0%  68.91  clean__122caa3520_calibri_bold_italic_demo_id_paraid_overflow_cali  (elapsed 46s, eta 2260s)
2026-10-01T06:48:05Z [58/2876]   2.0%  73.25  clean__103aff2e88_e2b71d27e7_accepted_tracking  (elapsed 46s, eta 2241s)
2026-10-01T06:48:06Z [59/2876]   2.1%  76.35  clean__12b7ee65cb_5b878b9756_accepted_tracking  (elapsed 48s, eta 2274s)
2026-10-01T06:48:08Z [60/2876]   2.1%  68.42  clean__12ebca863e_9c8876c6d7_accepted_tracking  (elapsed 50s, eta 2332s)
2026-10-01T06:48:09Z [61/2876]   2.1%  69.85  clean__135cc33d36_roboto_font_demo_id_paraid_overflow_2_roboto_fon  (elapsed 50s, eta 2313s)
2026-10-01T06:48:09Z [62/2876]   2.2%  60.04  clean__12033d2ca5_bc404781cb7c84f7c76061d998daff4b9224a2de0cdcceb4  (elapsed 51s, eta 2302s)
2026-10-01T06:48:12Z [63/2876]   2.2%  80.72  clean__13911cfdb9_file_49  (elapsed 53s, eta 2384s)
2026-10-01T06:48:12Z [64/2876]   2.2%  68.39  clean__133bbfae84_right_alignment_demo_id_paraid_overflow_2  (elapsed 53s, eta 2346s)
2026-10-01T06:48:12Z [65/2876]   2.3%  84.34  clean__136f9f5ed4_1511c9537d_accepted_tracking  (elapsed 53s, eta 2312s)
2026-10-01T06:48:13Z [66/2876]   2.3%  67.62  clean__13d5dd5b42_bold_underline_highlight_demo_id_paraid_overflow  (elapsed 54s, eta 2313s)
2026-10-01T06:48:15Z [67/2876]   2.3%  74.75  clean__13da8d3a5b_times_new_roman_font_id_paraid_overflow  (elapsed 56s, eta 2344s)
2026-10-01T06:48:15Z [68/2876]   2.4%  64.68  clean__13ea153d22_file_174  (elapsed 56s, eta 2309s)
2026-10-01T06:48:16Z [69/2876]   2.4%  83.71  clean__14211b982b_super_editor__simple_ordered_list_8288421a  (elapsed 57s, eta 2321s)
2026-10-01T06:48:17Z [70/2876]   2.4%  86.74  clean__14c9076228_track_changes_editing_strikethrough_id_paraid_ov  (elapsed 58s, eta 2344s)
2026-10-01T06:48:19Z [71/2876]   2.5%  82.00  clean__14e0f7c0ce_italic_underline_combined_demo_id_paraid_overflo  (elapsed 60s, eta 2363s)
2026-10-01T06:48:20Z [72/2876]   2.5%  46.68  clean__0d67ac6183_b8a5ec01ff15e3d5121ff0fb4718b7e5499a04b9290a5a1a  (elapsed 61s, eta 2377s)
2026-10-01T06:48:22Z [73/2876]   2.5%  66.67  clean__1547c5df73_file_130  (elapsed 63s, eta 2422s)
2026-10-01T06:48:23Z [74/2876]   2.6%  80.70  clean__0f4baf4982_556b3edd1a_rejected_tracking  (elapsed 64s, eta 2422s)
2026-10-01T06:48:23Z [75/2876]   2.6%  85.90  clean__154fce3ec8_file_186  (elapsed 65s, eta 2411s)
2026-10-01T06:48:27Z [76/2876]   2.6%  67.80  clean__1558d2a6ec_project_proposal_id_paraid_overflow  (elapsed 68s, eta 2504s)
2026-10-01T06:48:27Z [77/2876]   2.7%  73.94  clean__0893463637_242c4180ef6740abebf43cc42d2669086b03b83f3aecfee0  (elapsed 69s, eta 2492s)
2026-10-01T06:48:28Z [78/2876]   2.7%  52.98  clean__159d00085d_super_editor__sd_1919_word_simple_e3a4a818  (elapsed 69s, eta 2477s)
2026-10-01T06:48:28Z [79/2876]   2.7%  86.84  clean__155b751ba2_superscript_demo_style_default_missing_support_t  (elapsed 69s, eta 2450s)
2026-10-01T06:48:28Z [80/2876]   2.8%  79.53  clean__048aab732f_4bec88f88424107024aff883b5838333fbae149ecfa95e3e  (elapsed 69s, eta 2421s)
2026-10-01T06:48:28Z [81/2876]   2.8%  41.39  clean__0ecfaa1c19_2bd9981b3dd6ccd510a8942577ca3089f861f02f32c3200a  (elapsed 70s, eta 2404s)
2026-10-01T06:48:30Z [82/2876]   2.9%  67.39  clean__15b6035cc0_file_171  (elapsed 71s, eta 2421s)
2026-10-01T06:48:31Z [83/2876]   2.9%  83.83  clean__16100cd46d_behavior__sd_2323_image_resize_test_2b8a201a  (elapsed 73s, eta 2440s)
2026-10-01T06:48:32Z [84/2876]   2.9%  82.31  clean__162fec4604_750426b989_accepted_tracking  (elapsed 73s, eta 2432s)
2026-10-01T06:48:32Z [85/2876]   3.0%  77.70  clean__16a858a856_eca414fecf_rejected_tracking  (elapsed 73s, eta 2406s)
2026-10-01T06:48:33Z [86/2876]   3.0%  68.34  clean__16c15842ae_file_86  (elapsed 75s, eta 2418s)
2026-10-01T06:48:34Z [87/2876]   3.0%  47.37  clean__0f6fab8e93_94a0820ba43ac9b10352df6f48bf66f8a7ba06e5b151765d  (elapsed 76s, eta 2425s)
2026-10-01T06:48:35Z [88/2876]   3.1%  71.69  clean__16e831d01f_file_95  (elapsed 76s, eta 2402s)
2026-10-01T06:48:35Z [89/2876]   3.1%  63.18  clean__174152e96d_employee_directory_table_2_employee_directory_ta  (elapsed 76s, eta 2389s)
2026-10-01T06:48:36Z [90/2876]   3.1%  53.54  clean__16ad37e660_87160078dd3ce2778683d3a74ce659126834ee6b8d767dcc  (elapsed 77s, eta 2395s)
2026-10-01T06:48:38Z [91/2876]   3.2%  63.25  clean__1706cea8d2_quarterly_performance_report_table_2_quarterly_p  (elapsed 79s, eta 2424s)
2026-10-01T06:48:38Z [92/2876]   3.2%  85.29  clean__187c1cd53e_bold_and_underline_combo_id_paraid_overflow  (elapsed 79s, eta 2404s)
2026-10-01T06:48:38Z [93/2876]   3.2%  56.98  clean__178804f5ce_super_editor__invalid_list_def_fallback_d7f55451  (elapsed 80s, eta 2380s)
2026-10-01T06:48:38Z [94/2876]   3.3%  43.82  clean__1482f2ea38_002c541075d4fbb73daa93da91d6e2bd59b8deb25485bc22  (elapsed 80s, eta 2359s)
2026-10-01T06:48:39Z [95/2876]   3.3%  87.22  clean__18aaaf7595_heading_3_center_italic_id_paraid_overflow_headi  (elapsed 81s, eta 2360s)
2026-10-01T06:48:42Z [96/2876]   3.3%  94.64  clean__18d1a4ad46_super_editor__sd_2534_collab_export_f3c7fdf7  (elapsed 83s, eta 2399s)
2026-10-01T06:48:42Z [97/2876]   3.4%  67.18  clean__18b8dd8ea3_behavior__sd_2672_plain_3x3_87943d5d  (elapsed 83s, eta 2384s)
2026-10-01T06:48:43Z [98/2876]   3.4%  79.48  clean__199cb211b5_super_editor__basic_footnotes_5be96945  (elapsed 85s, eta 2398s)
2026-10-01T06:48:44Z [99/2876]   3.4%  68.64  clean__153b511c02_000be97bcad8660da79057a76a2c2271dbef0d102f5676c1  (elapsed 85s, eta 2381s)
2026-10-01T06:48:44Z [100/2876]   3.5%  63.20  clean__01d8d30dcd_64a215ef9dd6ba45700f8bae07a22142ee74112b569d3e88  (elapsed 85s, eta 2359s)
2026-10-01T06:48:44Z [101/2876]   3.5%  63.40  clean__19a25c21ea_file_58  (elapsed 86s, eta 2357s)
2026-10-01T06:48:46Z [102/2876]   3.5%  73.67  clean__190782d0c5_46b5cb36b3b7d3b1fc419672811e19e13f9f3a1902a96da2  (elapsed 87s, eta 2362s)
2026-10-01T06:48:46Z [103/2876]   3.6%  43.96  clean__13e655c612_modified  (elapsed 87s, eta 2355s)
2026-10-01T06:48:46Z [104/2876]   3.6%  68.02  clean__1b8ec2a8cd_file_7  (elapsed 88s, eta 2333s)
2026-10-01T06:48:47Z [105/2876]   3.7%  70.35  clean__1bcaf87caa_file_67  (elapsed 88s, eta 2327s)
2026-10-01T06:48:48Z [106/2876]   3.7%  72.20  clean__18eb110b3b_numwords_fldsimple  (elapsed 89s, eta 2323s)
2026-10-01T06:48:48Z [107/2876]   3.7%  89.84  clean__1bd5a46741_header_no_rels_heading_1_bold_demo_id_paraid_ove  (elapsed 89s, eta 2308s)
2026-10-01T06:48:49Z [108/2876]   3.8%  88.97  clean__1bdbf15f5a_super_editor__orderedlist_interrupted1_a3cd0dd3  (elapsed 90s, eta 2313s)
2026-10-01T06:48:49Z [109/2876]   3.8%  82.90  clean__1c5bd81def_super_editor__multiple_nodes_in_list_79d915a2  (elapsed 90s, eta 2291s)
2026-10-01T06:48:50Z [110/2876]   3.8%  69.85  clean__1cd4f9ee6c_roboto_font_demo_id_paraid_overflow  (elapsed 92s, eta 2302s)
2026-10-01T06:48:53Z [111/2876]   3.9%  68.70  clean__1da0d78473_820ab5e086_rejected_tracking  (elapsed 94s, eta 2350s)
2026-10-01T06:48:54Z [112/2876]   3.9%  64.00  clean__1c7613f27c_858e0b906671516712d44243643f864adc6ec82ae1dbb09a  (elapsed 95s, eta 2355s)
2026-10-01T06:48:56Z [113/2876]   3.9%  86.84  clean__1dbe84f1df_heading_3_style_demo_id_paraid_overflow_2_headin  (elapsed 97s, eta 2378s)
2026-10-01T06:48:57Z [114/2876]   4.0%  56.81  clean__1d80defeab_0017dd5f9a9529effc0286b8ec94dd186559dd869054bcf0  (elapsed 98s, eta 2374s)
2026-10-01T06:48:58Z [115/2876]   4.0%  89.53  clean__1de41232b3_super_editor__exported_list_font_8e6db734  (elapsed 99s, eta 2373s)
2026-10-01T06:48:59Z [116/2876]   4.0%  95.43  clean__1dfdc7d8ec_super_editor__image_inline_and_block_ad6109b3  (elapsed 100s, eta 2383s)
2026-10-01T06:48:59Z [117/2876]   4.1%  40.94  clean__1c97f97985_01763950c1aaf14cea10aa2fec62710fdca4484f89e667a4  (elapsed 100s, eta 2365s)
2026-10-01T06:48:59Z [118/2876]   4.1%  69.17  clean__1e1a24aeab_right_align_bold_demo_id_paraid_overflow  (elapsed 100s, eta 2348s)
2026-10-01T06:49:00Z [119/2876]   4.1%  39.10  clean__1748cccad7_ee7944c000c0c92269ef6fdb5c5d84764166c22099f689d2  (elapsed 101s, eta 2346s)
2026-10-01T06:49:01Z [120/2876]   4.2%  40.56  clean__15dc50b29a_004f6cae7f5b522b5fcaee373bb66da8b98270de7cd7ca9a  (elapsed 102s, eta 2351s)
2026-10-01T06:49:01Z [121/2876]   4.2%  67.53  clean__1e212fbfdc_file_122  (elapsed 102s, eta 2333s)
2026-10-01T06:49:01Z [122/2876]   4.2%  70.70  clean__1e1f1ad583_super_editor__diff_before2_ca0c6859  (elapsed 103s, eta 2317s)
2026-10-01T06:49:01Z [123/2876]   4.3%  67.53  clean__1ea717ddd6_file_126  (elapsed 103s, eta 2298s)
2026-10-01T06:49:02Z [124/2876]   4.3%  73.39  clean__1eb80036ee_super_editor__diff_before3_19d22832  (elapsed 104s, eta 2302s)
2026-10-01T06:49:03Z [125/2876]   4.3%  66.91  clean__1f4891aebe_large_font_size_demo_id_paraid_overflow  (elapsed 105s, eta 2304s)
2026-10-01T06:49:04Z [126/2876]   4.4%  74.51  clean__1d6aaded23_96817b4d3631f78007ec8404ade5ef288b61af0d66770002  (elapsed 105s, eta 2291s)
2026-10-01T06:49:04Z [127/2876]   4.4%  82.67  clean__1f5e081d3e_italic_subscript_demo_style_default_missing_ital  (elapsed 105s, eta 2272s)
2026-10-01T06:49:06Z [128/2876]   4.5%  85.95  clean__1fcc6274e4_inventory_list_suggesting_deletions_inventory_li  (elapsed 107s, eta 2307s)
2026-10-01T06:49:06Z [129/2876]   4.5%  69.75  clean__2026403eec_75c971b32c_rejected_tracking  (elapsed 107s, eta 2289s)
2026-10-01T06:49:08Z [130/2876]   4.5%  64.03  clean__1fda7fa6e2_file_187  (elapsed 109s, eta 2300s)
2026-10-01T06:49:10Z [131/2876]   4.6%  89.47  clean__202a0466fc_heading_1_bold_demo_id_paraid_overflow_heading_1  (elapsed 111s, eta 2324s)
2026-10-01T06:49:13Z [132/2876]   4.6%  60.32  clean__20d2e7d58b_word_tolerated_misplaced_pgsz  (elapsed 114s, eta 2380s)
2026-10-01T06:49:13Z [133/2876]   4.6%  64.59  clean__1d1c6db79e_db70e40511c7429ff6c1e51d4580e3a8427a680321813e4d  (elapsed 115s, eta 2368s)
2026-10-01T06:49:14Z [134/2876]   4.7%  75.52  clean__21c900e459_q1_sales_summary_table  (elapsed 115s, eta 2358s)
2026-10-01T06:49:16Z [135/2876]   4.7%  66.97  clean__18b4666be8_001b0bc9a79fa25da0fefcc65f5ef399f7a5f8685036043b  (elapsed 118s, eta 2386s)
2026-10-01T06:49:16Z [136/2876]   4.7%  78.33  clean__23fb865598_super_editor__diff_after4_471fa40f  (elapsed 118s, eta 2370s)
2026-10-01T06:49:16Z [137/2876]   4.8%  62.15  clean__1ec984c384_64c229a005667a35c63afae3c7d77480931a032c93ec1446  (elapsed 118s, eta 2354s)
2026-10-01T06:49:17Z [138/2876]   4.8%  76.53  clean__22ccb1b200_super_editor__diff_after19_79c6b379  (elapsed 118s, eta 2342s)
2026-10-01T06:49:18Z [139/2876]   4.8%  88.37  clean__24bd3ad29d_center_aligned_bold_text_id_paraid_overflow  (elapsed 120s, eta 2354s)
2026-10-01T06:49:19Z [140/2876]   4.9%  68.83  clean__24d623f497_c3b9905920_accepted_tracking  (elapsed 120s, eta 2344s)
2026-10-01T06:49:21Z [141/2876]   4.9%  61.70  clean__24e3488523_support_tickets_summary_id_paraid_overflow_suppo  (elapsed 122s, eta 2365s)
2026-10-01T06:49:23Z [142/2876]   4.9%  67.68  clean__2559e7cc41_3bc839e440_rejected_tracking  (elapsed 125s, eta 2399s)
2026-10-01T06:49:27Z [143/2876]   5.0%  82.43  clean__25a48e9772_right_alignment_demo_id_paraid_overflow_risk_ass  (elapsed 128s, eta 2450s)
2026-10-01T06:49:30Z [144/2876]   5.0%  50.48  clean__1fadbb5862_fd105f73a713d413b2adf048113dd7acba62a3d723038c9c  (elapsed 132s, eta 2498s)
2026-10-01T06:49:31Z [145/2876]   5.0%  77.21  clean__25ed848ec0_75044418ff56083d58cd273fa0dd2272f8add205d2f52f9f  (elapsed 133s, eta 2499s)
2026-10-01T06:49:34Z [146/2876]   5.1%  42.65  clean__21a93ae017_000257e9e3903d324b165e458e97c21870bc8fe5b05eed4f  (elapsed 135s, eta 2525s)
2026-10-01T06:49:34Z [147/2876]   5.1%  67.85  clean__25ee8c2ab0_e91e3ea7f6_rejected_tracking  (elapsed 135s, eta 2511s)
2026-10-01T06:49:34Z [148/2876]   5.1%  71.81  clean__25f07e0823_super_editor__sd_1919_word_mixed_33e049ca  (elapsed 136s, eta 2503s)
2026-10-01T06:49:35Z [149/2876]   5.2%  60.02  clean__0f7b796dcd_54b2104844971699da7b74d34b18580638b00d12f81ab289  (elapsed 136s, eta 2497s)
2026-10-01T06:49:35Z [150/2876]   5.2%  59.28  clean__1a3573b864_bb917ba095edcd48f3cec46016b853f8906c245660277c45  (elapsed 137s, eta 2483s)
2026-10-01T06:49:36Z [151/2876]   5.3%  58.46  clean__26ccb443f6_file_11  (elapsed 138s, eta 2486s)
2026-10-01T06:49:36Z [152/2876]   5.3%  55.76  clean__1f81a530ec_832b471aa42d2d3f92accaba09e162bd10c978049fd44e8b  (elapsed 138s, eta 2469s)
2026-10-01T06:49:37Z [153/2876]   5.3%  76.31  clean__26d9d392e2_file_98  (elapsed 138s, eta 2463s)
2026-10-01T06:49:37Z [154/2876]   5.4%  77.50  clean__26ce1d6300_super_editor__diff_after5_9fb9d5b4  (elapsed 139s, eta 2451s)
2026-10-01T06:49:38Z [155/2876]   5.4%  37.54  clean__22060e7141_40b72d8c37011f35d914c2f44868286d89717c9efd10ac04  (elapsed 139s, eta 2439s)
2026-10-01T06:49:38Z [156/2876]   5.4%  82.46  clean__277b6145d6_italic_and_underline_combo_style_default_missing  (elapsed 139s, eta 2428s)
2026-10-01T06:49:39Z [157/2876]   5.5%  74.87  clean__2783c4639f_00160bf269f5dffe87373bf15dd3507fb7ceacbebfd9747f  (elapsed 140s, eta 2428s)
2026-10-01T06:49:40Z [158/2876]   5.5%  60.03  clean__27e6c1ad4a_quarterly_performance_report_table_2  (elapsed 141s, eta 2433s)
2026-10-01T06:49:41Z [159/2876]   5.5%  44.36  clean__27a22c8ac3_4cb34c212d_accepted_tracking  (elapsed 142s, eta 2425s)
2026-10-01T06:49:41Z [160/2876]   5.6%  88.59  clean__2815b59d6b_f51694bde0_rejected_tracking  (elapsed 142s, eta 2414s)
2026-10-01T06:49:42Z [161/2876]   5.6%  57.57  clean__24cfc33555_89489e767eba60afbffffd971e4fde9913403bfb29003b2b  (elapsed 143s, eta 2415s)
2026-10-01T06:49:43Z [162/2876]   5.6%  85.38  clean__28764ae8d5_c8bef3772a_rejected_tracking  (elapsed 144s, eta 2410s)
2026-10-01T06:49:43Z [163/2876]   5.7%  84.77  clean__28bf488345_1dbbf3be63_rejected_tracking  (elapsed 144s, eta 2405s)
2026-10-01T06:49:43Z [164/2876]   5.7%  78.94  clean__2936af4459_super_editor__sd_1480_two_col_tab_positions_0095  (elapsed 145s, eta 2393s)
2026-10-01T06:49:44Z [165/2876]   5.7%  82.53  clean__298663a656_underline_text_demo_id_paraid_overflow_underline  (elapsed 146s, eta 2395s)
2026-10-01T06:49:46Z [166/2876]   5.8%  94.94  clean__2a69e1ce5c_green_bold_text_demo_id_paraid_overflow  (elapsed 147s, eta 2397s)
2026-10-01T06:49:46Z [167/2876]   5.8%  53.78  clean__2992c1fe4d_bf3d5eb650_accepted_tracking  (elapsed 147s, eta 2390s)
2026-10-01T06:49:47Z [168/2876]   5.8%  67.23  clean__25140a5f8e_602c1bce3ca4c37bd8dc4e3ef054f6008b4bf9e3059b3818  (elapsed 148s, eta 2384s)
2026-10-01T06:49:47Z [169/2876]   5.9%  88.33  clean__2a8bbf3081_774dc7a15f_accepted_tracking  (elapsed 149s, eta 2381s)
2026-10-01T06:49:48Z [170/2876]   5.9%  81.33  clean__2ad2fc5ab0_super_editor__diff_before10_2f84ca55  (elapsed 150s, eta 2382s)
2026-10-01T06:49:49Z [171/2876]   5.9%  83.42  clean__2b267ac531_right_aligned_italic_demo_id_paraid_overflow  (elapsed 151s, eta 2382s)
2026-10-01T06:49:50Z [172/2876]   6.0%  85.47  clean__2ba392cdd2_super_editor__broken_list_missing_items_36b4199e  (elapsed 151s, eta 2376s)
2026-10-01T06:49:50Z [173/2876]   6.0%  69.30  clean__2bd5ae6064_file_13  (elapsed 151s, eta 2366s)
2026-10-01T06:49:51Z [174/2876]   6.1%  69.74  clean__2bf4db734d_file_20  (elapsed 152s, eta 2363s)
2026-10-01T06:49:52Z [175/2876]   6.1%  88.92  clean__2c0a2ac35f_double_spacing_bold_demo_id_paraid_overflow  (elapsed 153s, eta 2359s)
2026-10-01T06:49:53Z [176/2876]   6.1%  89.11  clean__2d33ff722f_document_100_ultimate_demo_id_paraid_overflow_do  (elapsed 155s, eta 2373s)
2026-10-01T06:49:55Z [177/2876]   6.2%  63.12  clean__2d9166078a_file_24  (elapsed 157s, eta 2387s)
2026-10-01T06:49:57Z [178/2876]   6.2%  80.01  clean__2dc3e97d2a_super_editor__hyperlink_node_52b7695b  (elapsed 159s, eta 2404s)
2026-10-01T06:50:00Z [179/2876]   6.2%  69.90  clean__2e41610325_super_editor__diff_after6_5f9799d0  (elapsed 161s, eta 2429s)
2026-10-01T06:50:04Z [180/2876]   6.3%  87.46  clean__2e5e29fd1c_title_style_centered_demo_id_paraid_overflow_tit  (elapsed 165s, eta 2475s)
2026-10-01T06:50:07Z [181/2876]   6.3%  62.81  clean__2eaeebea1d_7cc19c9376_rejected_tracking  (elapsed 168s, eta 2501s)
2026-10-01T06:50:07Z [182/2876]   6.3%  44.91  clean__27a86eae8a_411f3ec650e0df13d483c9404a707adfa5707f2cedfa47cf  (elapsed 169s, eta 2497s)
2026-10-01T06:50:07Z [183/2876]   6.4%  75.85  clean__2ce3abf26a_82efe379b8e2b818c7b2a33e3295e432b10b2a7d50ede1ca  (elapsed 169s, eta 2483s)
2026-10-01T06:50:08Z [184/2876]   6.4% 100.00  clean__2f23773d63_super_editor__pagination_blank_2a98ed7a  (elapsed 170s, eta 2484s)
2026-10-01T06:50:09Z [185/2876]   6.4%  38.53  clean__279abea8ce_super_editor__h_f_normal_odd_even_firstpg_9b210d  (elapsed 170s, eta 2480s)
2026-10-01T06:50:09Z [186/2876]   6.5%  91.22  clean__2efebc9bc3_blue_underline_combo_demo_id_paraid_overflow  (elapsed 171s, eta 2467s)
2026-10-01T06:50:10Z [187/2876]   6.5%  76.90  clean__2f10fa15fc_mcdoc_meeting_agenda_table_2_word_redline_accept  (elapsed 171s, eta 2458s)
2026-10-01T06:50:11Z [188/2876]   6.5%  58.61  clean__30772dfd1b_subtitle_style_demo_style_default_missing_supers  (elapsed 173s, eta 2470s)
2026-10-01T06:50:11Z [189/2876]   6.6%  91.63  clean__30e84496e2_bullet_list_bold_demo_id_paraid_overflow  (elapsed 173s, eta 2457s)
2026-10-01T06:50:14Z [190/2876]   6.6%  88.84  clean__301e302820_super_editor__basic_page_nums_d5b08fc3  (elapsed 175s, eta 2474s)
2026-10-01T06:50:14Z [191/2876]   6.6%  88.66  clean__3126703962_track_changes_editing_bullet_id_paraid_overflow  (elapsed 175s, eta 2465s)
2026-10-01T06:50:14Z [192/2876]   6.7%  85.22  clean__310c03f39c_super_editor__complexexport1_69441ab1  (elapsed 175s, eta 2452s)
2026-10-01T06:50:16Z [193/2876]   6.7%  60.51  clean__316da9cc94_subscript_demo_id_paraid_overflow  (elapsed 177s, eta 2464s)
2026-10-01T06:50:17Z [194/2876]   6.7%  42.64  clean__331a2e0623_cc7edf29ba_rejected_tracking  (elapsed 179s, eta 2471s)
2026-10-01T06:50:18Z [195/2876]   6.8%  78.48  clean__2a7aebb7ce_1118d92e486cd8c59e3b10ec9f28ef9188ec989b1120da52  (elapsed 179s, eta 2459s)
2026-10-01T06:50:19Z [196/2876]   6.8%  39.00  clean__334eb73a7c_df8c4f9c7d2c85b4042854f488e93a8d7d3404c404a512f5  (elapsed 180s, eta 2466s)
2026-10-01T06:50:20Z [197/2876]   6.8%  89.39  clean__33e7d339be_font_color_demo_style_default_missing  (elapsed 181s, eta 2464s)
2026-10-01T06:50:21Z [198/2876]   6.9%  67.84  clean__34b4bd62be_center_alignment_demo_id_paraid_overflow_2_cente  (elapsed 183s, eta 2471s)
2026-10-01T06:50:22Z [199/2876]   6.9%  79.05  clean__331a548c16_open_sans_font_demo_id_paraid_overflow_page_numb  (elapsed 183s, eta 2460s)
2026-10-01T06:50:23Z [200/2876]   7.0%  88.79  clean__35266bcd04_3ce216e71a_rejected_tracking  (elapsed 185s, eta 2471s)
2026-10-01T06:50:24Z [201/2876]   7.0%  40.09  clean__2c330b89a3_d4228664ebb9b9b04720a87693cb29ef235beeff19f7baca  (elapsed 186s, eta 2472s)
2026-10-01T06:50:26Z [202/2876]   7.0%  83.08  clean__356b7a3629_text_highlight_demo_style_default_missing  (elapsed 187s, eta 2481s)
2026-10-01T06:50:26Z [203/2876]   7.1%  79.47  clean__34ed7ebd0f_227afe23857a4ab9a224864c35859a646d77964f0091d286  (elapsed 188s, eta 2473s)
2026-10-01T06:50:28Z [204/2876]   7.1%  68.18  clean__36223881e1_file_105  (elapsed 190s, eta 2485s)
2026-10-01T06:50:30Z [205/2876]   7.1%  81.48  clean__36c5050fba_super_editor__list_with_indents_efc7d4f5  (elapsed 191s, eta 2490s)
2026-10-01T06:50:31Z [206/2876]   7.2%  69.21  clean__373c45e1cd_green_highlight_demo_id_paraid_overflow_green_un  (elapsed 193s, eta 2495s)
2026-10-01T06:50:33Z [207/2876]   7.2%  87.13  clean__3742e15948_track_changes_editing_bullet_id_paraid_overflow  (elapsed 194s, eta 2503s)
2026-10-01T06:50:37Z [208/2876]   7.2%  87.54  clean__37f61a9c26_super_editor__tab_test_576c8317  (elapsed 198s, eta 2539s)
2026-10-01T06:50:38Z [209/2876]   7.3%  59.73  clean__34630af40c_ce03619714889f328892106da27e3f7e22adb05c5dc06201  (elapsed 200s, eta 2549s)
2026-10-01T06:51:06Z [210/2876]   7.3%  72.97  clean__37c0369ce2_0c0c9334d933085775ef6320a8c741d98cc95ae29c0b70bf  (elapsed 227s, eta 2883s)
2026-10-01T06:51:07Z [211/2876]   7.3%  68.34  clean__399850093b_eaa78312323629a4415231c6bd29003cf9ea6dc1eddc1f84  (elapsed 228s, eta 2884s)
2026-10-01T06:51:08Z [212/2876]   7.4%  80.44  clean__39b73c977c_title_style_demo_style_default_missing  (elapsed 229s, eta 2884s)
2026-10-01T06:51:11Z [213/2876]   7.4%  66.91  clean__39daaf8ffd_justify_alignment_demo_id_paraid_overflow_large  (elapsed 232s, eta 2899s)
2026-10-01T06:51:13Z [214/2876]   7.4%  54.35  clean__2faf211d4e_a6a90be3bb8b565f5392f67dfae6a9f42c7d3d756e9b48ab  (elapsed 235s, eta 2920s)
2026-10-01T06:51:41Z [215/2876]   7.5%  49.99  clean__3a0f2e4a57_686a44fc5e12011c0e142a5e575c11eca2bead716e4f8740  (elapsed 262s, eta 3247s)
2026-10-01T06:51:45Z [216/2876]   7.5%  58.35  clean__3a79078768_heading_4_style_demo_id_paraid_overflow_helvetic  (elapsed 266s, eta 3275s)
2026-10-01T06:51:49Z [217/2876]   7.5%  83.45  clean__3a9525749b_heading_2_style_demo_id_paraid_overflow  (elapsed 271s, eta 3315s)
2026-10-01T06:51:50Z [218/2876]   7.6%  56.12  clean__350b1ae68d_009a28e68eaecf1c8b456f889410ff6d221b1d0cd42b0ccf  (elapsed 271s, eta 3306s)
2026-10-01T06:51:53Z [219/2876]   7.6%  82.58  clean__3a9f0a431d_track_changes_suggesting_calibri_id_paraid_overf  (elapsed 275s, eta 3330s)
2026-10-01T06:51:55Z [220/2876]   7.6%  92.08  clean__3ac6990640_77fb9bd2e1_rejected_tracking  (elapsed 276s, eta 3334s)
2026-10-01T06:51:57Z [221/2876]   7.7%  84.89  clean__3acaee795f_red_strikethrough_demo_style_default_missing  (elapsed 278s, eta 3342s)
2026-10-01T06:51:59Z [222/2876]   7.7%  64.44  clean__3ad13eed3d_evals__document_9bff7e1b  (elapsed 280s, eta 3347s)
2026-10-01T06:52:02Z [223/2876]   7.8%  59.13  clean__3b5c01bae4_file_47  (elapsed 284s, eta 3376s)
2026-10-01T06:52:06Z [224/2876]   7.8%  64.41  clean__3be662bc7b_project_tasks_suggesting_insertions_q1_sales_sum  (elapsed 288s, eta 3406s)
2026-10-01T06:52:07Z [225/2876]   7.8%  42.55  clean__3b3d3caac7_105134a04b5566c6f74a90d0d267d3306d4b637be99fe9ba  (elapsed 289s, eta 3402s)
2026-10-01T06:52:09Z [226/2876]   7.9%  64.33  clean__3c018219ad_table_vmerge_colspan_text_box_word_redline_accep  (elapsed 291s, eta 3410s)
2026-10-01T06:52:36Z [227/2876]   7.9%  64.19  clean__355857f6ac_1b34db5bf944e7fd70cf87eb4b895571c586e8d6cd402ebb  (elapsed 317s, eta 3699s)
2026-10-01T06:52:36Z [228/2876]   7.9%  63.64  clean__1db907cba0_94a7caf34e3ac5700c7e3cf5f073a6fc8cfe1944a6ce8cf2  (elapsed 317s, eta 3685s)
2026-10-01T06:52:39Z [229/2876]   8.0%  66.03  clean__3c58845755_font_size_24_demo_id_paraid_overflow_font_size_d  (elapsed 320s, eta 3698s)
2026-10-01T06:52:39Z [230/2876]   8.0%  67.76  clean__3c60cce945_file_132  (elapsed 320s, eta 3686s)
2026-10-01T06:52:41Z [231/2876]   8.0%  72.07  clean__3cf3093270_super_editor__diff_after7_b998213e  (elapsed 322s, eta 3689s)
2026-10-01T06:52:41Z [232/2876]   8.1%  64.97  clean__39d62be386_142e45828f53d67b780459e79d542d852b1692c83fcf6600  (elapsed 322s, eta 3673s)
2026-10-01T06:52:43Z [233/2876]   8.1%  85.67  clean__3d8acd6139_super_editor__restart_numbering_sub_list_85ddcb7  (elapsed 324s, eta 3674s)
2026-10-01T06:52:45Z [234/2876]   8.1%  68.74  clean__3e33de961a_red_bold_text_demo_id_paraid_overflow  (elapsed 326s, eta 3683s)
2026-10-01T06:52:46Z [235/2876]   8.2%  69.68  clean__3c23561bae_515fa05a5d7bbfdbc24a5352b1ccbd38cdc9cfd5cc2a91ec  (elapsed 327s, eta 3679s)
2026-10-01T06:52:48Z [236/2876]   8.2%  82.51  clean__3e43d24c46_clear_formatting_demo_id_paraid_overflow  (elapsed 329s, eta 3684s)
2026-10-01T06:52:49Z [237/2876]   8.2%  53.18  clean__3e50084c2e_super_editor__diff_after16_2a48697a  (elapsed 331s, eta 3682s)
2026-10-01T06:52:50Z [238/2876]   8.3%  43.08  clean__3d9b31338f_evals__memorandum_258c774a  (elapsed 331s, eta 3667s)
2026-10-01T06:52:51Z [239/2876]   8.3%  85.95  clean__3eac600158_font_size_12_demo_id_paraid_overflow_font_size_1  (elapsed 332s, eta 3668s)
2026-10-01T06:52:52Z [240/2876]   8.3%  91.55  clean__3f9e57ae11_file_156  (elapsed 333s, eta 3663s)
2026-10-01T06:52:53Z [241/2876]   8.4%  79.42  clean__3faf9e000d_super_editor__text_color_highlight_36cb4c90  (elapsed 334s, eta 3657s)
2026-10-01T06:52:54Z [242/2876]   8.4%  82.56  clean__3fc14675e5_italic_text_formatting_demo_id_paraid_overflow_2  (elapsed 335s, eta 3651s)
2026-10-01T06:52:56Z [243/2876]   8.4%  67.63  clean__401bb28d69_7787357743_rejected_tracking  (elapsed 337s, eta 3650s)
2026-10-01T06:52:57Z [244/2876]   8.5%  70.83  clean__4173c2bb01_open_sans_font_demo_id_paraid_overflow_2  (elapsed 338s, eta 3649s)
2026-10-01T06:53:09Z [245/2876]   8.5%  70.60  clean__41887884bd_2cdd902cb377787234394f4d3ece42c9f318500f242c6077  (elapsed 351s, eta 3766s)
2026-10-01T06:53:12Z [246/2876]   8.6%  65.68  clean__4084024f5f_7e1bd71c23f050e9e42acf3c80c580ebed4128af155febc0  (elapsed 353s, eta 3772s)
2026-10-01T06:53:13Z [247/2876]   8.6%  86.23  clean__420a528aa0_super_editor__instrtext_angled_brackets_bug_ed56  (elapsed 354s, eta 3766s)
2026-10-01T06:53:14Z [248/2876]   8.6%  70.37  clean__421f2efe62_file_178  (elapsed 355s, eta 3765s)
2026-10-01T06:53:17Z [249/2876]   8.7%  69.21  clean__426c1b2889_calibri_font_demo_id_paraid_overflow_calibri_hea  (elapsed 358s, eta 3778s)
2026-10-01T06:53:19Z [250/2876]   8.7%  80.09  clean__418b154e5c_28644f235b80e9dcd2ad8ac640fb08a960458dbaa35dca3e  (elapsed 360s, eta 3783s)
2026-10-01T06:53:20Z [251/2876]   8.7%  81.54  clean__42d59beb40_super_editor__diff_after10_ac257741  (elapsed 361s, eta 3780s)
2026-10-01T06:53:24Z [252/2876]   8.8%  70.79  clean__42ecb0d5e6_bold_italic_combined_demo_id_paraid_overflow_bol  (elapsed 365s, eta 3801s)
2026-10-01T06:53:26Z [253/2876]   8.8%  79.84  clean__42df4a13aa_file_41  (elapsed 367s, eta 3804s)
2026-10-01T06:53:27Z [254/2876]   8.8%  75.48  clean__432a12b1a9_behavior__word_native_bullet_square_da8bb73c  (elapsed 368s, eta 3799s)
2026-10-01T06:53:30Z [255/2876]   8.9%  73.39  clean__436055d33f_super_editor__diff_before6_7c6912cb  (elapsed 371s, eta 3814s)
2026-10-01T06:53:33Z [256/2876]   8.9%  85.62  clean__438e423482_track_changes_suggesting_italic_id_paraid_overfl  (elapsed 375s, eta 3834s)
2026-10-01T06:53:38Z [257/2876]   8.9%  62.91  clean__43dd6753e6_super_editor__diff_before7_5bad2542  (elapsed 379s, eta 3860s)
2026-10-01T06:53:38Z [258/2876]   9.0%  42.78  clean__4351ae2564_000e1b3323b64d5ef8787d98095593fcfb7a1332c3a3c4f5  (elapsed 379s, eta 3845s)
2026-10-01T06:53:41Z [259/2876]   9.0%  82.70  clean__43e6fedf3f_file_148  (elapsed 382s, eta 3862s)
2026-10-01T06:53:45Z [260/2876]   9.0%  41.56  clean__44f53394b0_272c8f94f3fd187b3bd8581024dc8be7712ab9f38ce42964  (elapsed 387s, eta 3889s)
2026-10-01T06:53:47Z [261/2876]   9.1%  69.46  clean__4492bbb1f8_file_172  (elapsed 389s, eta 3895s)
2026-10-01T06:53:49Z [262/2876]   9.1%  88.33  clean__44fb24d4cf_calibri_heading_2_right_id_paraid_overflow_cente  (elapsed 390s, eta 3890s)
2026-10-01T06:53:51Z [263/2876]   9.1%  45.60  clean__45c1c5abec_table_vmerge_colspan  (elapsed 393s, eta 3900s)
2026-10-01T06:53:53Z [264/2876]   9.2%  72.49  clean__45f0e9ae25_000876cde652b7dea6edaf51f9af4efb7b0d5d0b9bb964a6  (elapsed 394s, eta 3898s)
2026-10-01T06:53:56Z [265/2876]   9.2%  92.42  clean__460d2299cd_red_bold_text_demo_id_paraid_overflow_red_headin  (elapsed 397s, eta 3914s)
2026-10-01T06:53:57Z [266/2876]   9.2%  74.16  clean__45f61cfd4f_super_editor__sd_1495_auto_page_break_2_f0f3bf0e  (elapsed 399s, eta 3911s)
2026-10-01T06:54:03Z [267/2876]   9.3%  37.19  clean__46f85000b5_001624343bcda818b2c7291e13e2a8b911cc41cfd0654720  (elapsed 404s, eta 3951s)
2026-10-01T06:54:08Z [268/2876]   9.3%  47.59  clean__26eb0ecec7_9377099d26f30a542b1c1db6c87e2a15ce0c0e3fd1e8dc01  (elapsed 410s, eta 3988s)
2026-10-01T06:54:14Z [269/2876]   9.4%  53.65  clean__4778a1a764_e20d987733a84f9080f6a514f74423bf5e3362681249ddcc  (elapsed 415s, eta 4023s)
2026-10-01T06:54:15Z [270/2876]   9.4%  85.83  clean__4858c9853b_behavior__multi_image_types_b962a2b8  (elapsed 416s, eta 4017s)
2026-10-01T06:54:16Z [271/2876]   9.4%  53.65  clean__4257f96bae_8fa61235b84a03e7820a3368b0a43ef1158024839c31cd3d  (elapsed 418s, eta 4014s)
2026-10-01T06:54:17Z [272/2876]   9.5%  86.40  clean__48cd1e0a53_bold_and_italic_combo_style_default_missing  (elapsed 418s, eta 4001s)
2026-10-01T06:54:18Z [273/2876]   9.5%  95.07  clean__491a257507_blue_bold_centered_demo_id_paraid_overflow  (elapsed 419s, eta 3998s)
2026-10-01T06:54:19Z [274/2876]   9.5%  59.76  clean__385dba78fe_dab9001fa1a6592e746f2874f49bfb83036add21c90c2534  (elapsed 421s, eta 3994s)
2026-10-01T06:54:19Z [275/2876]   9.6%  91.22  clean__4961cbb304_blue_italic_text_demo_id_paraid_overflow_blue_un  (elapsed 421s, eta 3980s)
2026-10-01T06:54:21Z [276/2876]   9.6%  87.25  clean__498a050671_super_editor__custom_list1_77f82bd7  (elapsed 423s, eta 3982s)
2026-10-01T06:54:31Z [277/2876]   9.6%  74.02  clean__49ff396d6c_25b38ba7aafd509546fa3b44c830f458c61f574879308882  (elapsed 432s, eta 4056s)
2026-10-01T06:54:32Z [278/2876]   9.7%  59.09  clean__490dfc032d_9e81389b5ea7f1dbcfe83f68047563fd81eac85189d4da0f  (elapsed 434s, eta 4053s)
2026-10-01T06:54:34Z [279/2876]   9.7%  85.57  clean__4ad775158b_bold_red_text_combo_id_paraid_overflow  (elapsed 435s, eta 4051s)
2026-10-01T06:54:35Z [280/2876]   9.7%  50.69  clean__476dd8129a_a73aaf75c471a01c06be8a6d359813363129ce98f8961862  (elapsed 436s, eta 4042s)
2026-10-01T06:54:38Z [281/2876]   9.8%  47.16  clean__4ba01802a7_super_editor__diff_after_10f1912e  (elapsed 439s, eta 4052s)
2026-10-01T06:54:41Z [282/2876]   9.8%  67.61  clean__4bcc6433a9_employee_directory_table_employee_review_john_sm  (elapsed 442s, eta 4070s)
2026-10-01T06:54:45Z [283/2876]   9.8%  87.28  clean__4bceaacd42_file_82  (elapsed 446s, eta 4091s)
2026-10-01T06:54:48Z [284/2876]   9.9%  44.12  clean__4975af1511_5fb9cedf01b18203fb40ca1724457d22cef045180d44eeee  (elapsed 449s, eta 4101s)
2026-10-01T06:54:49Z [285/2876]   9.9%  65.79  clean__4c0d04c85d_book_catalog_id_paraid_overflow  (elapsed 450s, eta 4093s)
2026-10-01T06:54:51Z [286/2876]   9.9%  70.49  clean__24b9811b05_file_22  (elapsed 452s, eta 4092s)
2026-10-01T06:54:52Z [287/2876]  10.0%  79.74  clean__4c4f8515c5_title_style_centered_demo_id_paraid_overflow  (elapsed 453s, eta 4089s)
2026-10-01T06:54:54Z [288/2876]  10.0%  59.78  clean__4c927c58aa_insert_link_demo_id_paraid_overflow_inventory_li  (elapsed 456s, eta 4095s)
2026-10-01T06:54:54Z [289/2876]  10.0%  59.94  clean__3cf442621c_61e91fa96ceaaca00b0c6b5767616397ab67572233fc6879  (elapsed 456s, eta 4080s)
2026-10-01T06:54:55Z [290/2876]  10.1%  70.17  clean__4b030510c8_2c352c83d380db6593aab51ee078eb7da48503f758fd80a8  (elapsed 456s, eta 4065s)
2026-10-01T06:54:57Z [291/2876]  10.1%  82.46  clean__4d1070e14c_strikethrough_text_formatting_demo_id_paraid_ove  (elapsed 458s, eta 4069s)
2026-10-01T06:54:58Z [292/2876]  10.2%  70.72  clean__4d93df9a83_4e54b171c3_accepted_tracking  (elapsed 459s, eta 4062s)
2026-10-01T06:54:58Z [293/2876]  10.2%  82.95  clean__4de4ec481f_9e30446cea_accepted_tracking  (elapsed 459s, eta 4048s)
2026-10-01T06:54:59Z [294/2876]  10.2%  68.48  clean__4decc8b4b8_large_font_size_demo_id_paraid_overflow_left_ali  (elapsed 461s, eta 4045s)
2026-10-01T06:55:01Z [295/2876]  10.3%  77.92  clean__4dff3f0ab2_heading_1_bold_demo_id_paraid_overflow  (elapsed 462s, eta 4041s)
2026-10-01T06:55:02Z [296/2876]  10.3%  87.00  clean__4e22d00d83_26fa719cba_rejected_tracking  (elapsed 463s, eta 4036s)
2026-10-01T06:55:03Z [297/2876]  10.3%  82.68  clean__4e3224b29a_left_alignment_demo_id_paraid_overflow_line_spac  (elapsed 464s, eta 4032s)
2026-10-01T06:55:05Z [298/2876]  10.4%  65.33  clean__4ec5ae2a61_verdana-font-demo_id-paraid-overflow-2  (elapsed 466s, eta 4035s)
2026-10-01T06:55:05Z [299/2876]  10.4%  61.37  clean__4e6a261969_file_197  (elapsed 466s, eta 4020s)
2026-10-01T06:55:05Z [300/2876]  10.4%  54.55  clean__4c3999a0d9_2f1e47b67f38e08aa66f8c6667e88dac17cc31f5e32ce219  (elapsed 467s, eta 4006s)
2026-10-01T06:55:08Z [301/2876]  10.5%  61.94  clean__4f0a3847e3_verdana_italic_centered_demo_id_paraid_overflow  (elapsed 469s, eta 4014s)
2026-10-01T06:55:08Z [302/2876]  10.5%  38.41  clean__4c80812cfc_0022e7ab9d4939afd1fc5c178c8344e8522174aee4bf6faa  (elapsed 469s, eta 4001s)
2026-10-01T06:55:10Z [303/2876]  10.5%  50.59  clean__4edcbf241a_behavior__math_groupchr_tests_4a4970fc  (elapsed 471s, eta 4001s)
2026-10-01T06:55:10Z [304/2876]  10.6%  80.52  clean__4fb2440e08_file_139  (elapsed 471s, eta 3988s)
2026-10-01T06:55:11Z [305/2876]  10.6%  44.61  clean__4ee88e44b6_0032010367a47a8b5d4312b8f8cb14033157b4f61dcf690a  (elapsed 472s, eta 3978s)
2026-10-01T06:55:11Z [306/2876]  10.6%  38.62  clean__4b0729d267_super_editor__h_f_normal_odd_even_unchecked_firs  (elapsed 473s, eta 3970s)
2026-10-01T06:55:11Z [307/2876]  10.7%  84.52  clean__4fd07b6dfd_218c9d60d5_accepted_tracking  (elapsed 473s, eta 3956s)
2026-10-01T06:55:12Z [308/2876]  10.7%  66.45  clean__501bf3d47b_super_editor__table_merged_cells_9c349334  (elapsed 474s, eta 3949s)
2026-10-01T06:55:13Z [309/2876]  10.7%  72.18  clean__50d8be9682_file_190  (elapsed 474s, eta 3939s)
2026-10-01T06:55:13Z [310/2876]  10.8%  76.98  clean__50f191b0a5_book_catalog_id_paraid_overflow_book_catalog_tab  (elapsed 474s, eta 3926s)
2026-10-01T06:55:14Z [311/2876]  10.8%  61.87  clean__512c461d4a_subscript_demo_id_paraid_overflow_subscript_demo  (elapsed 475s, eta 3919s)
2026-10-01T06:55:15Z [312/2876]  10.8%  82.00  clean__516ae5b317_justified_underline_demo_id_paraid_overflow  (elapsed 476s, eta 3912s)
2026-10-01T06:55:15Z [313/2876]  10.9%  70.49  clean__2ca2d3ab7b_file_22  (elapsed 477s, eta 3904s)
2026-10-01T06:55:18Z [314/2876]  10.9%  88.86  clean__525c779243_file_121  (elapsed 479s, eta 3911s)
2026-10-01T06:55:20Z [315/2876]  11.0%  77.33  clean__5320da1b60_file_30  (elapsed 482s, eta 3915s)
2026-10-01T06:55:22Z [316/2876]  11.0%  67.78  clean__5383bab0c2_file_119  (elapsed 484s, eta 3918s)
2026-10-01T06:55:25Z [317/2876]  11.0%  58.35  clean__5396ca3671_helvetica_font_demo_style_default_missing  (elapsed 486s, eta 3924s)
2026-10-01T06:55:26Z [318/2876]  11.1%  79.48  clean__4fe0d7ea9e_01726ecd054df2a1ed1f8a4a51916ac3d97b8ee67c6ad780  (elapsed 488s, eta 3922s)
2026-10-01T06:55:27Z [319/2876]  11.1%  78.83  clean__52220b20c3_00a54bff7e15af78fe7cfc20219c28cb208fde807bd28d44  (elapsed 489s, eta 3916s)
2026-10-01T06:55:28Z [320/2876]  11.1%  76.61  clean__53acee0b15_5f0fed8e2a_accepted_tracking  (elapsed 489s, eta 3905s)
2026-10-01T06:55:29Z [321/2876]  11.2%  94.83  clean__53de8de92b_file_183  (elapsed 490s, eta 3902s)
2026-10-01T06:55:29Z [322/2876]  11.2%  47.73  clean__4e1ae95712_540e14bc1dedc88dcd609487293c6b4e916bfb5354ba2ef2  (elapsed 490s, eta 3889s)
2026-10-01T06:55:29Z [323/2876]  11.2%  72.08  clean__52524565af_815d7d240ddb63bfc8be69c00cf62f4b9d75b494de167de6  (elapsed 491s, eta 3879s)
2026-10-01T06:55:31Z [324/2876]  11.3%  47.41  clean__521bb53c59_7b5f7cc03ca143f21962fb74754cd58d9bf6d5d0ce6746fc  (elapsed 492s, eta 3876s)
2026-10-01T06:55:32Z [325/2876]  11.3%  92.83  clean__562804ed4d_red_bold_heading_demo_style_default_missing_red  (elapsed 493s, eta 3868s)
2026-10-01T06:55:32Z [326/2876]  11.3%  62.07  clean__563331c6f3_super_editor__broken_complex_list_293fda86  (elapsed 493s, eta 3858s)
2026-10-01T06:55:33Z [327/2876]  11.4% 100.00  clean__56d68160f4_doc_api_stories__sd_2086_header_row_shading_api  (elapsed 494s, eta 3851s)
2026-10-01T06:55:33Z [328/2876]  11.4%  78.83  clean__546864032e_evals__lease_agreement_7081191d  (elapsed 494s, eta 3839s)
2026-10-01T06:55:34Z [329/2876]  11.4%  67.40  clean__565f0a0e94_file_149  (elapsed 495s, eta 3832s)
2026-10-01T06:55:35Z [330/2876]  11.5%  86.89  clean__5685f1e355_heading_4_style_demo_id_paraid_overflow_2_headin  (elapsed 496s, eta 3825s)
2026-10-01T06:55:35Z [331/2876]  11.5%  69.05  clean__572990f05c_right_alignment_demo_id_paraid_overflow  (elapsed 497s, eta 3819s)
2026-10-01T06:55:36Z [332/2876]  11.5%  73.84  clean__578897b374_file_56  (elapsed 497s, eta 3808s)
2026-10-01T06:55:36Z [333/2876]  11.6%  67.51  clean__583fd6d9cb_file_51  (elapsed 498s, eta 3801s)
2026-10-01T06:55:38Z [334/2876]  11.6%  91.13  clean__58d11506a5_file_64  (elapsed 499s, eta 3797s)
2026-10-01T06:55:38Z [335/2876]  11.6%  69.33  clean__5900cc12ca_file_29  (elapsed 499s, eta 3785s)
2026-10-01T06:55:39Z [336/2876]  11.7%  41.37  clean__54474d2a33_9a6137b671f8d4911a02fefd76026625a8b4fa9670672247  (elapsed 501s, eta 3784s)
2026-10-01T06:55:40Z [337/2876]  11.7%  63.51  clean__591e5e7f06_file_106  (elapsed 501s, eta 3776s)
2026-10-01T06:55:42Z [338/2876]  11.8%  67.69  clean__59ede3d879_track_changes_suggesting_bold_id_paraid_overflow  (elapsed 503s, eta 3777s)
2026-10-01T06:55:42Z [339/2876]  11.8%  76.60  clean__591ad043cb_6ff02404c2_rejected_tracking  (elapsed 503s, eta 3764s)
2026-10-01T06:55:43Z [340/2876]  11.8%  58.11  clean__5a1ebe17eb_endnotes_sample  (elapsed 504s, eta 3759s)
2026-10-01T06:55:44Z [341/2876]  11.9%  67.48  clean__5a8152b0cd_justify_alignment_demo_id_paraid_overflow  (elapsed 505s, eta 3757s)
2026-10-01T06:55:44Z [342/2876]  11.9%  85.01  clean__5aa178b931_super_editor__lists_sub_paragraph_31ff3fed  (elapsed 505s, eta 3745s)
2026-10-01T06:55:45Z [343/2876]  11.9%  67.87  clean__5adc853144_insert_link_demo_id_paraid_overflow  (elapsed 506s, eta 3739s)
2026-10-01T06:55:47Z [344/2876]  12.0%  83.36  clean__5b0564808e_justified_underline_demo_id_paraid_overflow_just  (elapsed 508s, eta 3739s)
2026-10-01T06:55:47Z [345/2876]  12.0%  78.34  clean__5b421850d5_super_editor__ooxml_strike_rstyle_linked_combos  (elapsed 508s, eta 3729s)
2026-10-01T06:55:48Z [346/2876]  12.0%  41.60  clean__5bab7a3e37_ad3955b9d93250c7b4e6aa622571f3e99e7217b6c003e125  (elapsed 509s, eta 3723s)
2026-10-01T06:55:49Z [347/2876]  12.1%  70.32  clean__5bb92ec790_72d7218610_rejected_tracking  (elapsed 510s, eta 3718s)
2026-10-01T06:55:49Z [348/2876]  12.1%  59.41  clean__57dbc2463b_5fda2eccd82055b20583fbedb99369e4257f9f7aa8ed0986  (elapsed 510s, eta 3707s)
2026-10-01T06:55:50Z [349/2876]  12.1%  85.03  clean__5bde480834_file_112  (elapsed 511s, eta 3700s)
2026-10-01T06:55:50Z [350/2876]  12.2%  85.22  clean__5d17fd43a9_complex_style_attr  (elapsed 511s, eta 3690s)
2026-10-01T06:55:51Z [351/2876]  12.2%  70.76  clean__5d5ca75f29_bold_italic_underline_demo_id_paraid_overflow  (elapsed 512s, eta 3686s)
2026-10-01T06:55:52Z [352/2876]  12.2%  69.80  clean__5d9783a7c4_roboto_font_demo_id_paraid_overflow_2  (elapsed 513s, eta 3680s)
2026-10-01T06:55:53Z [353/2876]  12.3%  85.73  clean__5e1297a308_file_55  (elapsed 515s, eta 3679s)
2026-10-01T06:55:56Z [354/2876]  12.3%  82.02  clean__5e5fa9b5fb_super_editor__list_def_mix_d7cec092  (elapsed 517s, eta 3687s)
2026-10-01T06:55:58Z [355/2876]  12.3%  81.79  clean__5e19ee96d9_numbered_list_italic_demo_id_paraid_overflow_num  (elapsed 519s, eta 3686s)
2026-10-01T06:56:00Z [356/2876]  12.4%  61.30  clean__5df9204197_001f8d6602c79f0612e03f81b02e4c9b7d2957fb1e9c4956  (elapsed 521s, eta 3687s)
2026-10-01T06:56:00Z [357/2876]  12.4%  39.65  clean__5d8d46dc14_773769cc16a6284c23b8eca4576bc7899f75ff2f874181fb  (elapsed 521s, eta 3677s)
2026-10-01T06:56:03Z [358/2876]  12.4%  69.99  clean__5efd1fcd25_doc_api_stories__diff_doc1_835f4535  (elapsed 524s, eta 3687s)
2026-10-01T06:56:07Z [359/2876]  12.5%  70.98  clean__5f0086929c_f776f4ab2e014d09be476a8425d45bb0814666cca9d95ba4  (elapsed 528s, eta 3703s)
2026-10-01T06:56:08Z [360/2876]  12.5%  67.48  clean__5ef743ae0d_be0740762f580e358cc4e8dc579eba0f634ac5a6de4550ac  (elapsed 529s, eta 3700s)
2026-10-01T06:56:09Z [361/2876]  12.6%  89.13  clean__5f733bb530_heading_2_center_demo_id_paraid_overflow_heading  (elapsed 531s, eta 3696s)
2026-10-01T06:56:11Z [362/2876]  12.6%  66.49  clean__5f9b4239d4_font_family_demo_id_paraid_overflow_font_size_12  (elapsed 532s, eta 3695s)
2026-10-01T06:56:12Z [363/2876]  12.6%  72.72  clean__5fa01813d3_super_editor__basic_table_shading_d3212ffd  (elapsed 533s, eta 3692s)
2026-10-01T06:56:13Z [364/2876]  12.7%  83.75  clean__600b8ca5d7_training_materials_onboarding_program_suggesting  (elapsed 534s, eta 3687s)
2026-10-01T06:56:15Z [365/2876]  12.7%  84.38  clean__60a37a935b_d12806f3e8_accepted_tracking  (elapsed 536s, eta 3690s)
2026-10-01T06:56:15Z [366/2876]  12.7%  41.28  clean__5e6a6796ab_cc0025260d3c0d8ef9778f39227d5ec1bf597041cedd43e3  (elapsed 537s, eta 3680s)
2026-10-01T06:56:16Z [367/2876]  12.8%  43.76  clean__56237c589e_00243d36a50686ad06b7033972e3cb198a6e3d404214516a  (elapsed 537s, eta 3672s)
2026-10-01T06:56:17Z [368/2876]  12.8%  66.81  clean__60ba9c3639_file_97  (elapsed 539s, eta 3672s)
2026-10-01T06:56:18Z [369/2876]  12.8%  38.48  clean__59b0cdb4c5_f43d198617228aedfb40a784b13884e2d5d9f1169440af38  (elapsed 539s, eta 3664s)
2026-10-01T06:56:18Z [370/2876]  12.9%  79.24  clean__61eaede95c_subtitle_style_demo_style_default_missing  (elapsed 540s, eta 3655s)
2026-10-01T06:56:19Z [371/2876]  12.9%  40.78  clean__5eea60295d_original  (elapsed 540s, eta 3646s)
2026-10-01T06:56:21Z [372/2876]  12.9%  75.16  clean__622bdcf414_employee-directory_table_shaded-cell  (elapsed 542s, eta 3648s)
2026-10-01T06:56:21Z [373/2876]  13.0%  83.83  clean__635dfded4d_red_heading_demo_id_paraid_overflow  (elapsed 542s, eta 3639s)
2026-10-01T06:56:22Z [374/2876]  13.0%  71.66  clean__60f8044583_301293ef2a140a99a53b6c059b90aad9f7437c63551a0618  (elapsed 543s, eta 3632s)
2026-10-01T06:56:22Z [375/2876]  13.0%  41.74  clean__633be43610_0015dee20c868dbee27193c6fa34f4bb27e8920ce596de6c  (elapsed 543s, eta 3621s)
2026-10-01T06:56:23Z [376/2876]  13.1%  82.46  clean__63726c18f5_strikethrough_text_demo_id_paraid_overflow_strik  (elapsed 544s, eta 3617s)
2026-10-01T06:56:23Z [377/2876]  13.1%  84.89  clean__63e11f9ecf_red_heading_demo_id_paraid_overflow_red_striketh  (elapsed 544s, eta 3609s)
2026-10-01T06:56:23Z [378/2876]  13.1%  47.60  clean__6224dfcb8b_2d7b815409b79ddc3ea9c52dc6aa856770ee6499e1110934  (elapsed 544s, eta 3598s)
2026-10-01T06:56:24Z [379/2876]  13.2%  68.70  clean__64bdd3aded_footnotes_sample  (elapsed 545s, eta 3590s)
2026-10-01T06:56:24Z [380/2876]  13.2%  39.89  clean__6055cab8ad_fc9e108f844e0aad9645a388d52ae72005e185775bbe2bfe  (elapsed 545s, eta 3582s)
2026-10-01T06:56:24Z [381/2876]  13.2%  82.71  clean__6525ae127f_bold_superscript_demo_style_default_missing_bold  (elapsed 546s, eta 3573s)
2026-10-01T06:56:25Z [382/2876]  13.3%  86.17  clean__65c06626cb_bold_and_italic_combo_style_default_missing_bold  (elapsed 546s, eta 3567s)
2026-10-01T06:56:26Z [383/2876]  13.3%  70.69  clean__662d48a044_open_sans_bold_underline_id_paraid_overflow_open  (elapsed 547s, eta 3560s)
2026-10-01T06:56:27Z [384/2876]  13.4%  67.53  clean__667af231c2_behavior__sd_2672_rtl_table_63bd9d10  (elapsed 548s, eta 3556s)
2026-10-01T06:56:27Z [385/2876]  13.4%  83.41  clean__668fe0a735_super_editor__ooxml_bold_vals_demo_9e688d8f  (elapsed 549s, eta 3550s)
2026-10-01T06:56:28Z [386/2876]  13.4%  71.93  clean__6692202299_0e4dfd953d_rejected_tracking  (elapsed 549s, eta 3544s)
2026-10-01T06:56:29Z [387/2876]  13.5%  62.34  clean__66b0a9112c_file_165  (elapsed 550s, eta 3538s)
2026-10-01T06:56:29Z [388/2876]  13.5%  64.53  clean__3bea84268c_6cbf6dfdf4b28397138c88c0353584658ccd144a913ce03b  (elapsed 550s, eta 3528s)
2026-10-01T06:56:30Z [389/2876]  13.5%  52.20  clean__65c1c6f91c_d8b0c2ae01_accepted_tracking  (elapsed 551s, eta 3524s)
2026-10-01T06:56:37Z [390/2876]  13.6%  46.43  clean__671ff91b1d_behavior__sd_2750_borderbox_7cd3768d  (elapsed 559s, eta 3561s)
2026-10-01T06:56:37Z [391/2876]  13.6%  58.48  clean__67555165fa_5aaa1b479afe01ccd8430417730f6ce91d16f00d01314895  (elapsed 559s, eta 3551s)
2026-10-01T06:56:38Z [392/2876]  13.6%  48.34  clean__66396a2dff_5cb08eac0fbc63f2dc66c9020486fde76b78b3b56e6cc368  (elapsed 559s, eta 3542s)
2026-10-01T06:56:39Z [393/2876]  13.7%  43.65  clean__6797b1450f_fce350bbf4f75c5cee5eaea4b202d624e159bd749e2bfab1  (elapsed 561s, eta 3542s)
2026-10-01T06:56:40Z [394/2876]  13.7%  63.97  clean__68526de79b_file_77  (elapsed 561s, eta 3536s)
2026-10-01T06:56:42Z [395/2876]  13.7%  84.23  clean__687da097e9_heading_2_center_demo_id_paraid_overflow  (elapsed 564s, eta 3541s)
2026-10-01T06:56:44Z [396/2876]  13.8%  60.18  clean__65695b941a_71df1fd99914a3abfca2de1775ccb4b2400f12430110f55d  (elapsed 565s, eta 3539s)
2026-10-01T06:56:45Z [397/2876]  13.8%  53.01  clean__3a5ed45f0d_3d76420524fd4852ab017e1d57f215e37281e965b3f38b31  (elapsed 566s, eta 3534s)
2026-10-01T06:56:52Z [398/2876]  13.8%  51.52  clean__689563dec1_calibri_heading_2_right_id_paraid_overflow  (elapsed 574s, eta 3572s)
2026-10-01T06:56:56Z [399/2876]  13.9%  55.41  clean__67d63b7fde_e845a3975b3857765c585e474046f546f3384b66a6a4b175  (elapsed 577s, eta 3584s)
2026-10-01T06:56:57Z [400/2876]  13.9%  70.94  clean__6861cd230b_00098354963f526182265e81dacc0b65fcd448b044a082ce  (elapsed 578s, eta 3577s)
2026-10-01T06:56:59Z [401/2876]  13.9%  74.62  clean__69bfcf9176_file_163  (elapsed 581s, eta 3584s)
2026-10-01T06:57:03Z [402/2876]  14.0%  40.59  clean__671b3660c2_3f671017f7272d30d5560706ed497e9fb0324587007c9d2f  (elapsed 584s, eta 3594s)
2026-10-01T06:57:04Z [403/2876]  14.0%  77.03  clean__6a2e8e695e_f24eedb542c15e32a5003e6ce0e79482109c11ec150238c6  (elapsed 585s, eta 3591s)
2026-10-01T06:57:05Z [404/2876]  14.0%  85.30  clean__6a65e5219d_24_id_paraid_overflow  (elapsed 586s, eta 3588s)
2026-10-01T06:57:06Z [405/2876]  14.1%  90.21  clean__6a4d8ea70c_blue_italic_text_demo_id_paraid_overflow  (elapsed 587s, eta 3583s)
2026-10-01T06:57:06Z [406/2876]  14.1%  80.64  clean__6aee3ac28b_5068b053d6_rejected_tracking  (elapsed 587s, eta 3573s)
2026-10-01T06:57:12Z [407/2876]  14.2%  79.61  clean__6afafe50fd_file_92  (elapsed 593s, eta 3599s)
2026-10-01T06:57:12Z [408/2876]  14.2%  55.47  clean__681fc07078_792753394635a6a7528a7bdc7b517b987d76a7ac416c92b0  (elapsed 594s, eta 3591s)
2026-10-01T06:57:13Z [409/2876]  14.2%  67.46  clean__6b0acda259_file_73  (elapsed 595s, eta 3586s)
2026-10-01T06:57:13Z [410/2876]  14.3%  43.19  clean__6a0425f294_35e46f6ecb40163d6866a0374791aa3680f314adcf860db0  (elapsed 595s, eta 3577s)
2026-10-01T06:57:14Z [411/2876]  14.3%  89.38  clean__6b8e9ee359_heading_1_style_demo_id_paraid_overflow_heading  (elapsed 595s, eta 3571s)
2026-10-01T06:57:14Z [412/2876]  14.3%  63.86  clean__693ed49817_98cf8bfc81136e646bba9e686e13f954e9cf5e9ae996d785  (elapsed 596s, eta 3562s)
2026-10-01T06:57:16Z [413/2876]  14.4%  85.99  clean__6c78111f6f_blue_underline_combo_demo_id_paraid_overflow_bol  (elapsed 598s, eta 3563s)
2026-10-01T06:57:18Z [414/2876]  14.4%  74.43  clean__6b651ce4d7_c57b193bfed2913adbc8d722adeb036b555243f776c4cbe4  (elapsed 599s, eta 3564s)
2026-10-01T06:57:18Z [415/2876]  14.4%  80.36  clean__6cac26f95c_file_94  (elapsed 599s, eta 3555s)
2026-10-01T06:57:23Z [416/2876]  14.5%  53.25  clean__6c0ad6c8ef_behavior__math_matrix_tests_a3b17e15  (elapsed 604s, eta 3571s)
2026-10-01T06:57:24Z [417/2876]  14.5%  46.56  clean__6d510ca476_e18e70bc499a81e13497ff9a2f509657b18b7b27da9aa4c6  (elapsed 606s, eta 3571s)
2026-10-01T06:57:25Z [418/2876]  14.5%  78.92  clean__6d773ca294_super_editor__annot2_03ae6b74  (elapsed 607s, eta 3567s)
2026-10-01T06:57:26Z [419/2876]  14.6%  53.58  clean__6ca202588b_super_editor__ooxml_size_rstyle_linked_combos_de  (elapsed 607s, eta 3562s)
2026-10-01T06:57:28Z [420/2876]  14.6%  60.51  clean__6df7cf2688_strikethrough_text_formatting_demo_id_paraid_ove  (elapsed 609s, eta 3564s)
2026-10-01T06:57:29Z [421/2876]  14.6%  71.49  clean__6e08e456f6_roboto_underline_demo_id_paraid_overflow  (elapsed 611s, eta 3561s)
2026-10-01T06:57:30Z [422/2876]  14.7%  79.80  clean__6c63c78baf_4ed6fefdc4770de14b06879bd864def9d71065293ac8f483  (elapsed 612s, eta 3558s)
2026-10-01T06:57:31Z [423/2876]  14.7%  71.49  clean__6eaf636739_9abf4fa5b5_rejected_tracking  (elapsed 613s, eta 3552s)
2026-10-01T06:57:32Z [424/2876]  14.7%  78.13  clean__6de86e7286_db3227cc1f95e69e7d4c01e22cedfdc9a55c7067eaa1ac25  (elapsed 613s, eta 3546s)
2026-10-01T06:57:34Z [425/2876]  14.8%  81.62  clean__6f8593051c_green_bold_text_demo_id_paraid_overflow_green_hi  (elapsed 615s, eta 3547s)
2026-10-01T06:57:36Z [426/2876]  14.8%  74.49  clean__6f02029e99_file_134  (elapsed 618s, eta 3552s)
2026-10-01T06:57:37Z [427/2876]  14.8%  87.28  clean__70584b4a0e_file_189  (elapsed 619s, eta 3549s)
2026-10-01T06:57:39Z [428/2876]  14.9%  68.45  clean__7091fcfd59_c9fc2e8899_accepted_tracking  (elapsed 620s, eta 3548s)
2026-10-01T06:57:40Z [429/2876]  14.9%  86.89  clean__7098537b0d_super_editor__base_custom_544164f9  (elapsed 621s, eta 3545s)
2026-10-01T06:57:41Z [430/2876]  15.0%  61.19  clean__709c8435f9_25f1d6ecc3_accepted_tracking  (elapsed 623s, eta 3542s)
2026-10-01T06:57:43Z [431/2876]  15.0%  59.98  clean__70a28a8258_file_15  (elapsed 624s, eta 3541s)
2026-10-01T06:57:44Z [432/2876]  15.0%  49.50  clean__6eb165dc4b_005f3b0c3c8d3161bcac0f39afd04fb89f3a23d33036bc34  (elapsed 625s, eta 3536s)
2026-10-01T06:57:45Z [433/2876]  15.1%  84.95  clean__70bed70fac_1_5_line_spacing_id_paraid_overflow  (elapsed 626s, eta 3534s)
2026-10-01T06:57:46Z [434/2876]  15.1%  67.69  clean__714cfd1648_b3e000423e_accepted_tracking  (elapsed 628s, eta 3532s)
2026-10-01T06:57:48Z [435/2876]  15.1%  79.59  clean__7166fa4199_document_100_ultimate_demo_id_paraid_overflow  (elapsed 629s, eta 3530s)
2026-10-01T06:57:49Z [436/2876]  15.2%  88.38  clean__7226967373_file_23  (elapsed 630s, eta 3527s)
2026-10-01T06:57:49Z [437/2876]  15.2%  69.85  clean__72b5e3ee18_risk_assessment_product_launch_suggesting_insert  (elapsed 631s, eta 3520s)
2026-10-01T06:57:53Z [438/2876]  15.2%  83.28  clean__7367931dbf_super_editor__sdt_test_60079f08  (elapsed 634s, eta 3529s)
2026-10-01T06:57:53Z [439/2876]  15.3%  82.51  clean__73e78ba640_strikethrough_and_italic_combo_id_paraid_overflo  (elapsed 635s, eta 3524s)
2026-10-01T06:57:56Z [440/2876]  15.3%  88.61  clean__74569260d2_subtitle_style_demo_id_paraid_overflow_subtitle  (elapsed 637s, eta 3529s)
2026-10-01T06:57:59Z [441/2876]  15.3%  80.74  clean__74f1efeece_1b993fd50b_rejected_tracking  (elapsed 640s, eta 3536s)
2026-10-01T06:58:00Z [442/2876]  15.4%  46.81  clean__4f9dff0369_f827f1ca71b26a05479d43827a69fdb35f5acd1185196bdb  (elapsed 642s, eta 3533s)
2026-10-01T06:58:00Z [443/2876]  15.4%  67.42  clean__689072d58f_590e77a9f5c0a2a019cfa2e1b21d0197fb139d0f9883f948  (elapsed 642s, eta 3524s)
2026-10-01T06:58:01Z [444/2876]  15.4%  77.23  clean__75aeff4f58_super_editor__diff_after9_a9d4b4b0  (elapsed 643s, eta 3520s)
2026-10-01T06:58:02Z [445/2876]  15.5%  82.80  clean__746ad2b7f6_file_153  (elapsed 643s, eta 3514s)
2026-10-01T06:58:03Z [446/2876]  15.5%  85.33  clean__7692b33045_super_editor__list_with_break_exported_broken_45  (elapsed 645s, eta 3512s)
2026-10-01T06:58:04Z [447/2876]  15.5%  81.06  clean__76827c9f6c_super_editor__sd_1480_two_col_index_0138dccc  (elapsed 645s, eta 3506s)
2026-10-01T06:58:04Z [448/2876]  15.6%  74.44  clean__76bcbe9b26_f00b7032aa_accepted_tracking  (elapsed 646s, eta 3499s)
2026-10-01T06:58:06Z [449/2876]  15.6%  76.26  clean__6d1e362f08_4cc88ab29e9c212464ee2730d775451b98e3cd485a840ca5  (elapsed 647s, eta 3497s)
2026-10-01T06:58:07Z [450/2876]  15.6%  83.08  clean__7794b1b8dc_text_box_text_highlight_demo_style_default_missi  (elapsed 648s, eta 3493s)
2026-10-01T06:58:07Z [451/2876]  15.7%  84.37  clean__7798c47449_meeting_minutes_id_paraid_overflow_meeting_minut  (elapsed 648s, eta 3486s)
2026-10-01T06:58:09Z [452/2876]  15.7%  51.91  clean__72f06ef2cd_eec6e5b32964c7f438e81e38a3348b32bbc037af503f1104  (elapsed 651s, eta 3489s)
2026-10-01T06:58:10Z [453/2876]  15.8%  75.15  clean__7888085856_employee_directory_table  (elapsed 651s, eta 3482s)
2026-10-01T06:58:10Z [454/2876]  15.8%  80.66  clean__7962b06671_super_editor__bookmark_use_cases_d20f31f6  (elapsed 651s, eta 3474s)
2026-10-01T06:58:12Z [455/2876]  15.8%  72.03  clean__79cb6b6c0f_behavior__word_native_bullet_disc_bfbeb2dd  (elapsed 653s, eta 3476s)
2026-10-01T06:58:13Z [456/2876]  15.9%  50.96  clean__7a48682ea5_super_editor__superdoc_hyperlink_cases_1dde9cd3  (elapsed 654s, eta 3471s)
2026-10-01T06:58:14Z [457/2876]  15.9%  65.61  clean__6fffde4ae2_000bf66110e841e1d2c2e862fc7db869b8d410586ad12d0d  (elapsed 656s, eta 3471s)
2026-10-01T06:58:14Z [458/2876]  15.9%  83.71  clean__7a7366be9f_16833a9d55_rejected_tracking  (elapsed 656s, eta 3462s)
2026-10-01T06:58:16Z [459/2876]  16.0%  88.35  clean__7aeb8aded2_track_changes_suggesting_italic_id_paraid_overfl  (elapsed 657s, eta 3459s)
2026-10-01T06:58:16Z [460/2876]  16.0%  80.54  clean__7867ea5164_c323b1ce8e_accepted_tracking  (elapsed 657s, eta 3451s)
2026-10-01T06:58:17Z [461/2876]  16.0%  67.48  clean__7b52eb703b_justify_alignment_demo_id_paraid_overflow_2_just  (elapsed 659s, eta 3450s)
2026-10-01T06:58:18Z [462/2876]  16.1%  52.70  clean__7b076416b0_sectpr_headerref  (elapsed 659s, eta 3443s)
2026-10-01T06:58:18Z [463/2876]  16.1%  49.83  clean__7772e684bb_056aa42f3314a8a17098cba6c7afb8c21d27fc3bf274f137  (elapsed 659s, eta 3435s)
2026-10-01T06:58:19Z [464/2876]  16.1%  59.95  clean__19eb128df9_98bf5f3d218a1485f5eb284693b4f98725eadd3660097efd  (elapsed 660s, eta 3431s)
2026-10-01T06:58:20Z [465/2876]  16.2%  84.01  clean__7c568a0c73_line_spacing_demo_id_paraid_overflow_marketing_s  (elapsed 662s, eta 3431s)
2026-10-01T06:58:21Z [466/2876]  16.2%  75.12  clean__7cab5fbdbe_book_catalog_table  (elapsed 662s, eta 3425s)
2026-10-01T06:58:21Z [467/2876]  16.2%  83.71  clean__7c87c9cd93_super_editor__complex_list_def_short_fde20a67  (elapsed 662s, eta 3417s)
2026-10-01T06:58:22Z [468/2876]  16.3%  91.15  clean__7d7b8241b8_blue_bold_centered_demo_id_paraid_overflow_blue  (elapsed 664s, eta 3415s)
2026-10-01T06:58:23Z [469/2876]  16.3%  89.82  clean__7d89bf44b4_single_paragraph  (elapsed 665s, eta 3411s)
2026-10-01T06:58:25Z [470/2876]  16.3%  66.51  clean__7e405bc8f2_font_size_12_demo_id_paraid_overflow  (elapsed 667s, eta 3413s)
2026-10-01T06:58:27Z [471/2876]  16.4%  66.66  clean__7a0f4111db_773c22a722159fae20a7cd85c87e7113ee0e2bafd2226422  (elapsed 668s, eta 3410s)
2026-10-01T06:58:27Z [472/2876]  16.4%  56.84  clean__7c31a68295_behavior__pageref_standalone_h_7b3ab72e  (elapsed 668s, eta 3403s)
2026-10-01T06:58:27Z [473/2876]  16.4%  77.57  clean__7df616a4f9_4548a5e33f_accepted_tracking  (elapsed 668s, eta 3394s)
2026-10-01T06:58:30Z [474/2876]  16.5%  89.95  clean__7e77c2f888_file_120  (elapsed 671s, eta 3400s)
2026-10-01T06:58:31Z [475/2876]  16.5%  79.69  clean__7e685cbab1_super_editor__ooxml_underline_rstyle_linked_comb  (elapsed 673s, eta 3400s)
2026-10-01T06:58:32Z [476/2876]  16.6%  56.79  clean__7e56ed1163_df4265bd31bd7012f3cb7715d95f1fbb03351217a6e08307  (elapsed 673s, eta 3396s)
2026-10-01T06:58:35Z [477/2876]  16.6%  63.93  clean__7fd9abba03_file_87  (elapsed 676s, eta 3401s)
2026-10-01T06:58:37Z [478/2876]  16.6%  58.15  clean__7fda30a6f2_9cb6df893fcd1a1597981f9b2f2919474ca3125776ed96f8  (elapsed 678s, eta 3401s)
2026-10-01T06:58:38Z [479/2876]  16.7%  75.57  clean__7f567ada68_7c28073a381aa706215f6fd4196b4c66096249720665b8a7  (elapsed 679s, eta 3397s)
2026-10-01T06:58:38Z [480/2876]  16.7%  91.39  clean__7fdb301d7f_customer_satisfaction_survey_q4_suggesting_inser  (elapsed 679s, eta 3390s)
2026-10-01T06:58:38Z [481/2876]  16.7%  80.55  clean__7ea58e56c5_5e03c1afd0_accepted_tracking  (elapsed 680s, eta 3384s)
2026-10-01T06:58:39Z [482/2876]  16.8%  47.22  clean__7c26597a5e_23094ca2670099d2a5cdc379c98283701ca48c1132a20f9b  (elapsed 680s, eta 3380s)
2026-10-01T06:58:41Z [483/2876]  16.8%  68.62  clean__812c0181d7_file_68  (elapsed 682s, eta 3378s)
2026-10-01T06:58:42Z [484/2876]  16.8%  82.52  clean__812c85cf2e_c964f553ef_rejected_tracking  (elapsed 683s, eta 3376s)
2026-10-01T06:58:44Z [485/2876]  16.9%  89.36  clean__8138a2180b_file_145  (elapsed 685s, eta 3377s)
2026-10-01T06:58:49Z [486/2876]  16.9%  39.78  clean__7f77e21c5b_68d7b88b551ae010193fd135b7bbb0880d0b314c10b12b90  (elapsed 690s, eta 3395s)
2026-10-01T06:58:51Z [487/2876]  16.9%  79.15  clean__81ca547ef9_meeting_minutes_suggesting_insertions_multi_sect  (elapsed 692s, eta 3395s)
2026-10-01T06:58:51Z [488/2876]  17.0%  45.23  clean__776a437291_behavior__two_column_simple_e77be963  (elapsed 692s, eta 3387s)
2026-10-01T06:58:53Z [489/2876]  17.0%  61.70  clean__821281f6b2_1eb1aa2dac_accepted_tracking  (elapsed 694s, eta 3388s)
2026-10-01T06:58:53Z [490/2876]  17.0%  62.54  clean__82794f31ff_evals__basic_list_b4d9bb45  (elapsed 695s, eta 3383s)
2026-10-01T06:58:56Z [491/2876]  17.1%  89.27  clean__82b365789e_file_117  (elapsed 697s, eta 3385s)
2026-10-01T06:58:58Z [492/2876]  17.1%  85.59  clean__82ee7342fd_file_5  (elapsed 699s, eta 3388s)
2026-10-01T06:59:00Z [493/2876]  17.1%  82.30  clean__82928b2e05_heading_4_style_demo_id_paraid_overflow  (elapsed 701s, eta 3390s)
2026-10-01T06:59:02Z [494/2876]  17.2%  86.83  clean__830eb0f0a2_file_169  (elapsed 704s, eta 3394s)
2026-10-01T06:59:07Z [495/2876]  17.2%  54.66  clean__834c9f9f35_file_57  (elapsed 708s, eta 3407s)
2026-10-01T06:59:07Z [496/2876]  17.2%  80.27  clean__82348eef4b_multi_section  (elapsed 708s, eta 3398s)
2026-10-01T06:59:12Z [497/2876]  17.3%  69.05  clean__8393268b59_right_alignment_demo_id_paraid_overflow_2_right  (elapsed 713s, eta 3414s)
2026-10-01T06:59:21Z [498/2876]  17.3%  87.50  clean__83e4d0f6e6_title_style_demo_style_default_missing_track_cha  (elapsed 722s, eta 3447s)
2026-10-01T06:59:25Z [499/2876]  17.4%  85.31  clean__837d45926d_super_editor__header_alternating_odd_even_11e019  (elapsed 726s, eta 3461s)
2026-10-01T06:59:31Z [500/2876]  17.4%  70.04  clean__48a455b7e7_sd_2517_localized_heading_styles  (elapsed 732s, eta 3479s)
2026-10-01T06:59:39Z [501/2876]  17.4%  79.48  clean__84a69ac097_ff42b4a7a3_accepted_tracking  (elapsed 740s, eta 3508s)
2026-10-01T06:59:44Z [502/2876]  17.5%  50.12  clean__8012c1a824_6273733807de175958d895ae29dec781318f1062595cdc19  (elapsed 745s, eta 3525s)
2026-10-01T06:59:49Z [503/2876]  17.5%  71.39  clean__852426b54e_file_194  (elapsed 750s, eta 3538s)
2026-10-01T06:59:52Z [504/2876]  17.5%  71.20  clean__85cb685e65_tiff_image_times_new_roman_bold_id_paraid_overfl  (elapsed 754s, eta 3547s)
2026-10-01T06:59:57Z [505/2876]  17.6%  60.01  clean__860b6e457e_superscript_demo_id_paraid_overflow  (elapsed 759s, eta 3561s)
2026-10-01T06:59:58Z [506/2876]  17.6%  77.49  clean__6ba5bd3ed9_675bc160844acf63f96db9c42125e80653db32667cac018a  (elapsed 759s, eta 3556s)
2026-10-01T07:00:02Z [507/2876]  17.6%  79.35  clean__86fc27a62e_aa270fe985_rejected_tracking  (elapsed 764s, eta 3568s)
2026-10-01T07:00:02Z [508/2876]  17.7%  73.91  clean__878549f8f2_file_193  (elapsed 764s, eta 3560s)
2026-10-01T07:00:05Z [509/2876]  17.7%  51.39  clean__84fa0f7a28_01242a0a3e86537d39b92a0d4d5c6267d48f88f1b6729e48  (elapsed 766s, eta 3562s)
2026-10-01T07:00:07Z [510/2876]  17.7%  67.77  clean__87f3bff234_meeting_minutes_id_paraid_overflow  (elapsed 768s, eta 3564s)
2026-10-01T07:00:09Z [511/2876]  17.8%  67.58  clean__889d555594_5260f46604_rejected_tracking  (elapsed 771s, eta 3567s)
2026-10-01T07:00:10Z [512/2876]  17.8%  62.06  clean__884dfd796f_93cc1c58ac616e388a68fa74fbd35e803cf7e0d8b365ff82  (elapsed 772s, eta 3563s)
2026-10-01T07:00:13Z [513/2876]  17.8%  88.17  clean__88c08cf1dc_file_81  (elapsed 774s, eta 3566s)
2026-10-01T07:00:15Z [514/2876]  17.9%  87.41  clean__89aae44d46_project_proposal_suggesting_insertions_project_t  (elapsed 776s, eta 3565s)
2026-10-01T07:00:16Z [515/2876]  17.9%  67.58  clean__89b44c96a7_super_editor__sdts_basic_45263ca5  (elapsed 777s, eta 3563s)
2026-10-01T07:00:17Z [516/2876]  17.9%  45.32  clean__87dc2ebfec_00ee07057c69b24e2be4bf1a2684792bf6141fdccc35d075  (elapsed 779s, eta 3561s)
2026-10-01T07:00:19Z [517/2876]  18.0%  65.83  clean__8a553b35e4_super_editor__doc_with_spaces_from_styles_734ca2  (elapsed 781s, eta 3561s)
2026-10-01T07:00:21Z [518/2876]  18.0%  91.35  clean__8a7f242026_center_bold_demo_id_paraid_overflow  (elapsed 782s, eta 3560s)
2026-10-01T07:00:27Z [519/2876]  18.0%  84.93  clean__8ab3f01cdd_super_editor__paragraph_indent_normal_styles_85f  (elapsed 788s, eta 3579s)
2026-10-01T07:00:31Z [520/2876]  18.1%  70.11  clean__8b3bfdf247_calibri_bold_italic_demo_id_paraid_overflow  (elapsed 793s, eta 3591s)
2026-10-01T07:00:32Z [521/2876]  18.1%  41.12  clean__844ea6febc_00e23d67c3e7c2099890dd56e67ee46d42e078bec1c31d8d  (elapsed 793s, eta 3584s)
2026-10-01T07:00:35Z [522/2876]  18.2%  58.18  clean__8b72b370fc_image_out_of_folder  (elapsed 796s, eta 3591s)
2026-10-01T07:00:36Z [523/2876]  18.2%  87.13  clean__8c3cb2e7dd_file_60  (elapsed 798s, eta 3588s)
2026-10-01T07:00:47Z [524/2876]  18.2%  38.20  clean__8c67bcfe65_d41a99929b13b393a913649f7b39e9df2a6aa4878230cf7e  (elapsed 809s, eta 3630s)
2026-10-01T07:00:50Z [525/2876]  18.3%  56.85  clean__8c58e78e4b_002ed0b9ad1fef24f83b58614b6c6b21bf3f320ba814865d  (elapsed 811s, eta 3632s)
2026-10-01T07:00:54Z [526/2876]  18.3%  79.56  clean__8c730b5c80_heading_4_right_italic_id_paraid_overflow  (elapsed 815s, eta 3643s)
2026-10-01T07:00:55Z [527/2876]  18.3%  70.26  clean__8c79860f8d_file_75  (elapsed 816s, eta 3637s)
2026-10-01T07:00:58Z [528/2876]  18.4%  77.49  clean__8db63962d9_super_editor__fields_attrs2_fonts_ebd792fb  (elapsed 819s, eta 3642s)
2026-10-01T07:01:02Z [529/2876]  18.4%  79.47  clean__8df6dfa8d7_alternate_content  (elapsed 823s, eta 3651s)
2026-10-01T07:01:05Z [530/2876]  18.4%  60.01  clean__8e4cd23eaf_superscript_demo_id_paraid_overflow_2_superscrip  (elapsed 826s, eta 3656s)
2026-10-01T07:01:05Z [531/2876]  18.5%  45.58  clean__8aa1ebfac8_0022795af6d293660914a50334635149388c3e919e91a704  (elapsed 827s, eta 3651s)
2026-10-01T07:01:09Z [532/2876]  18.5%  85.22  clean__8e672e0a48_super_editor__complex_list_def_short_export_8fa1  (elapsed 830s, eta 3658s)
2026-10-01T07:01:10Z [533/2876]  18.5%  68.76  clean__8ee210e927_super_editor__missing_separator_41c823b9  (elapsed 831s, eta 3653s)
2026-10-01T07:01:12Z [534/2876]  18.6%  68.05  clean__8ef32902e8_file_158  (elapsed 833s, eta 3653s)
2026-10-01T07:01:13Z [535/2876]  18.6%  76.55  clean__8f53a13fd2_project_tasks_suggesting_insertions_2_project_ta  (elapsed 834s, eta 3650s)
2026-10-01T07:01:16Z [536/2876]  18.6%  69.28  clean__8f8f5a3e4d_file_160  (elapsed 837s, eta 3654s)
2026-10-01T07:01:17Z [537/2876]  18.7%  81.45  clean__8fb278cb36_word_tolerated_duplicate_ppr  (elapsed 838s, eta 3650s)
2026-10-01T07:01:20Z [538/2876]  18.7%  83.96  clean__8ffa474bd2_superscript_demo_id_paraid_overflow_superscript  (elapsed 841s, eta 3654s)
2026-10-01T07:01:21Z [539/2876]  18.7%  83.42  clean__902a69f0e4_super_editor__line_space_table_9b1ee54b  (elapsed 842s, eta 3653s)
2026-10-01T07:01:23Z [540/2876]  18.8%  86.16  clean__905583c6e4_heading_2_style_demo_id_paraid_overflow_heading  (elapsed 844s, eta 3653s)
2026-10-01T07:01:25Z [541/2876]  18.8%  58.20  clean__906753e55b_super_editor__table_c70ca973  (elapsed 847s, eta 3654s)
2026-10-01T07:01:28Z [542/2876]  18.8%  68.10  clean__9082a99ee8_file_164  (elapsed 849s, eta 3656s)
2026-10-01T07:01:29Z [543/2876]  18.9%  75.56  clean__90e2c33814_meeting_agenda_table_2  (elapsed 850s, eta 3654s)
2026-10-01T07:01:33Z [544/2876]  18.9%  81.54  clean__91b2b8bb84_file_71  (elapsed 854s, eta 3660s)
2026-10-01T07:01:36Z [545/2876]  18.9%  69.13  clean__9224b22b43_file_1  (elapsed 857s, eta 3666s)
2026-10-01T07:01:36Z [546/2876]  19.0%  54.76  clean__91440900a0_00189e19139f6e3031303e4152566a7bc08fab71a5c95895  (elapsed 858s, eta 3660s)
2026-10-01T07:01:40Z [547/2876]  19.0%  62.45  clean__92589c3e37_super_editor__pre_separated_list_bd330d28  (elapsed 861s, eta 3666s)
2026-10-01T07:01:41Z [548/2876]  19.1%  68.70  clean__9297fc746e_calibri_font_demo_id_paraid_overflow_2  (elapsed 862s, eta 3662s)
2026-10-01T07:01:43Z [549/2876]  19.1%  74.96  clean__9322444a3f_behavior__sd_2888_hyperlink_with_ampersand_aaaac  (elapsed 865s, eta 3665s)
2026-10-01T07:01:46Z [550/2876]  19.1%  55.53  clean__279da0a289_a4168b8a3243b602dbbc156765888e0596f9d3e4dac17549  (elapsed 867s, eta 3666s)
2026-10-01T07:01:47Z [551/2876]  19.2%  71.53  clean__9332d3001f_super_editor__sdpr_titleonly_b0796676  (elapsed 868s, eta 3662s)
2026-10-01T07:01:50Z [552/2876]  19.2%  94.06  clean__93485182eb_font_color_blue_demo_style_default_missing  (elapsed 871s, eta 3667s)
2026-10-01T07:01:50Z [553/2876]  19.2%  66.21  clean__93e2be10e6_font_size_18_demo_style_default_missing  (elapsed 871s, eta 3659s)
2026-10-01T07:02:05Z [554/2876]  19.3%  72.31  clean__943e62959d_88646e9284c944b7dd39810ba5832dbf955c2892c6161f87  (elapsed 886s, eta 3713s)
2026-10-01T07:02:10Z [555/2876]  19.3%  83.94  clean__94ed0def64_file_54  (elapsed 891s, eta 3728s)
2026-10-01T07:02:14Z [556/2876]  19.3%  77.17  clean__94a4773791_66d254f6647175449db334fa6427a22e3a7c7fcc5bbc7950  (elapsed 895s, eta 3736s)
2026-10-01T07:02:22Z [557/2876]  19.4%  48.75  clean__92f6ee8aac_5f55a25569af55c69ae82bf96cb6d0b191d64e6d91117302  (elapsed 903s, eta 3759s)
2026-10-01T07:02:26Z [558/2876]  19.4%  75.68  clean__95bdaad1fe_support_tickets_table  (elapsed 907s, eta 3769s)
2026-10-01T07:02:30Z [559/2876]  19.4%  75.17  clean__95e830f2bd_c46dee2ac8_accepted_tracking  (elapsed 911s, eta 3778s)
2026-10-01T07:02:35Z [560/2876]  19.5%  70.52  clean__95ff51154c_file_66  (elapsed 916s, eta 3788s)
2026-10-01T07:02:36Z [561/2876]  19.5%  40.25  clean__8d793b3df9_8389849ea8c3fee8dacbb8135dd4ac68bf50809dba47953b  (elapsed 917s, eta 3786s)
2026-10-01T07:02:38Z [562/2876]  19.5%  87.13  clean__9610bc363d_track_changes_editing_strikethrough_id_paraid_ov  (elapsed 919s, eta 3784s)
2026-10-01T07:02:40Z [563/2876]  19.6%  67.71  clean__966994cba9_track_changes_suggesting_calibri_id_paraid_overf  (elapsed 921s, eta 3784s)
2026-10-01T07:02:40Z [564/2876]  19.6%  43.49  clean__80efad84d3_3691648ca828914f876d636bc9681b6ec9447969ab5ca800  (elapsed 921s, eta 3775s)
2026-10-01T07:02:46Z [565/2876]  19.6%  65.71  clean__96fa27757a_behavior__rtl_page_numpages_54739e26  (elapsed 927s, eta 3792s)
2026-10-01T07:02:49Z [566/2876]  19.7%  65.52  clean__970e9bbbcc_behavior__math_all_objects_36ab389c  (elapsed 930s, eta 3795s)
2026-10-01T07:02:53Z [567/2876]  19.7%  81.23  clean__972dc076c1_super_editor__longer_header_sign_area_7c80b525  (elapsed 934s, eta 3803s)
2026-10-01T07:02:53Z [568/2876]  19.7%  56.99  clean__97268066a6_b93742a07a47e00b24772b233211dfebeafec708420ee659  (elapsed 934s, eta 3797s)
2026-10-01T07:02:55Z [569/2876]  19.8%  82.51  clean__9764803bb0_contract_review_suggesting_mixed_edits_customer  (elapsed 937s, eta 3798s)
2026-10-01T07:02:56Z [570/2876]  19.8%  65.06  clean__97b2e714de_super_editor__broken_list_7e9b9bf7  (elapsed 937s, eta 3793s)
2026-10-01T07:02:58Z [571/2876]  19.9%  83.26  clean__980eab4f1e_book_catalog_table_budget_report_q1_2026_suggest  (elapsed 940s, eta 3793s)
2026-10-01T07:02:59Z [572/2876]  19.9%  67.08  clean__8312b28068_dfdd43321e3a098547d31b405a1bfbacb81f97abbf14f2f0  (elapsed 941s, eta 3789s)
2026-10-01T07:03:01Z [573/2876]  19.9%  49.66  clean__97ed49ab4b_a97bb9b57f_accepted_tracking  (elapsed 942s, eta 3786s)
2026-10-01T07:03:01Z [574/2876]  20.0%  53.17  clean__98bc895b4b_super_editor__listwithspacernodes_cf53e890  (elapsed 943s, eta 3780s)
2026-10-01T07:03:03Z [575/2876]  20.0%  58.03  clean__98c4a2b743_font_size_demo_id_paraid_overflow_footnotes_samp  (elapsed 945s, eta 3781s)
2026-10-01T07:03:05Z [576/2876]  20.0%  54.59  clean__98cef45df2_b92e101c3d5fa5707025f98c1c01ccec9463c1a772dbb107  (elapsed 946s, eta 3778s)
2026-10-01T07:03:07Z [577/2876]  20.1%  85.94  clean__991f6468eb_bold_italic_combined_demo_id_paraid_overflow  (elapsed 948s, eta 3777s)
2026-10-01T07:03:10Z [578/2876]  20.1%  51.03  clean__99d2bd65b6_multi_section_nested_table_rowspan_word_redline  (elapsed 951s, eta 3781s)
2026-10-01T07:03:11Z [579/2876]  20.1%  44.82  clean__98d3c14c29_003329b501a7650eb0ed05803118dd2186358491fdcf543e  (elapsed 952s, eta 3777s)
2026-10-01T07:03:13Z [580/2876]  20.2%  79.85  clean__9586202517_super_editor__two_column_two_page_0b8a37c5  (elapsed 954s, eta 3776s)
2026-10-01T07:03:16Z [581/2876]  20.2%  68.02  clean__9b315f7fac_29e3872eed_accepted_tracking  (elapsed 958s, eta 3783s)
2026-10-01T07:03:17Z [582/2876]  20.2%  43.57  clean__89d3a1c365_40d999f53c15fd5eb9e57ab8cf37f22f83d6823458897be1  (elapsed 958s, eta 3777s)
2026-10-01T07:03:19Z [583/2876]  20.3%  46.52  clean__99c11b7d8e_f518c13245b2fdb7c69dc16a268913a43656a97451645fbe  (elapsed 960s, eta 3775s)
2026-10-01T07:03:22Z [584/2876]  20.3%  85.49  clean__9b5fbc4f51_bold_text_formatting_demo_id_paraid_overflow_bol  (elapsed 963s, eta 3779s)
2026-10-01T07:03:22Z [585/2876]  20.3%  62.45  clean__9b9fce74d9_super_editor__basic_list_0fcfe705  (elapsed 963s, eta 3773s)
2026-10-01T07:03:26Z [586/2876]  20.4%  70.63  clean__9c0dd6b3f6_file_147  (elapsed 967s, eta 3780s)
2026-10-01T07:03:27Z [587/2876]  20.4%  85.43  clean__9bc627bef5_bold_text_formatting_demo_id_paraid_overflow_2_b  (elapsed 968s, eta 3776s)
2026-10-01T07:03:31Z [588/2876]  20.4%  51.40  clean__9c7f21c23e_super_editor__line_break_627a7159  (elapsed 972s, eta 3782s)
2026-10-01T07:03:31Z [589/2876]  20.5%  48.28  clean__9adc367804_f1a94a792cf683005b754ab358c3e9f7689b9c5c072af42c  (elapsed 972s, eta 3775s)
2026-10-01T07:03:34Z [590/2876]  20.5%  77.19  clean__9c1fb4747e_super_editor__sd_1495_auto_page_break_854a2dd9  (elapsed 975s, eta 3778s)
2026-10-01T07:03:35Z [591/2876]  20.5%  68.01  clean__9d2146095f_file_80  (elapsed 976s, eta 3775s)
2026-10-01T07:03:35Z [592/2876]  20.6%  67.76  clean__9cdb090efa_4eff11f045_accepted_tracking  (elapsed 976s, eta 3767s)
2026-10-01T07:03:37Z [593/2876]  20.6%  57.53  clean__9d3fa84f9f_bullet_list_demo_id_paraid_overflow  (elapsed 979s, eta 3767s)
2026-10-01T07:03:38Z [594/2876]  20.7%  68.15  clean__9de8d635f0_file_107  (elapsed 980s, eta 3763s)
2026-10-01T07:03:41Z [595/2876]  20.7%  74.26  clean__9e80f22c51_behavior__word_native_bullet_circle_80d6f323  (elapsed 982s, eta 3764s)
2026-10-01T07:03:43Z [596/2876]  20.7%  78.70  clean__9e4a01de0a_evals__employment_offer_4cf5a872  (elapsed 984s, eta 3765s)
2026-10-01T07:03:45Z [597/2876]  20.8%  84.08  clean__9e9d83978b_super_editor__sublist_issue_66a1800a  (elapsed 986s, eta 3764s)
2026-10-01T07:03:48Z [598/2876]  20.8%  47.36  clean__9b2d904b61_8443dc67cb0400e8992e1d4ab952cee266b113fb07e81f1b  (elapsed 990s, eta 3769s)
2026-10-01T07:03:48Z [599/2876]  20.8%  48.98  clean__9ef2a93274_super_editor__tab_alignment_test_184edb5d  (elapsed 990s, eta 3762s)
2026-10-01T07:03:48Z [600/2876]  20.9%  79.17  clean__9f56ca58a1_track_changes_suggesting_title_id_paraid_overflo  (elapsed 990s, eta 3754s)
2026-10-01T07:03:49Z [601/2876]  20.9%  40.45  clean__950d333339_6a0d50215e5c7f9eb3a50dac6315d8cbb6873aea3d8aa1e4  (elapsed 990s, eta 3749s)
2026-10-01T07:03:51Z [602/2876]  20.9%  44.27  clean__9e91bf60e0_5c8effb0850299f4f3bbbe59c0ef7a1737bcdf934b1b3441  (elapsed 992s, eta 3748s)
2026-10-01T07:03:54Z [603/2876]  21.0%  45.81  clean__9b4ac7d40d_011c597c772a28de7a8bf22cc936717d8255ca84bec5f6a1  (elapsed 995s, eta 3750s)
2026-10-01T07:03:55Z [604/2876]  21.0%  67.76  clean__a07a7e0dbd_numbered_list_demo_id_paraid_overflow_numbered_l  (elapsed 996s, eta 3746s)
2026-10-01T07:03:56Z [605/2876]  21.0%  79.78  clean__a04e2d2749_ooxml_style_link  (elapsed 997s, eta 3742s)
2026-10-01T07:03:57Z [606/2876]  21.1%  67.39  clean__a0d5729906_file_91  (elapsed 998s, eta 3740s)
2026-10-01T07:03:58Z [607/2876]  21.1%  84.37  clean__a11154bc42_14f0524539_rejected_tracking  (elapsed 1000s, eta 3737s)
2026-10-01T07:04:04Z [608/2876]  21.1%  61.84  clean__9fef546df9_4adb619b0a08f4747df387366decbcc034d14f6913e5a553  (elapsed 1006s, eta 3751s)
2026-10-01T07:04:05Z [609/2876]  21.2%  50.79  clean__a0f5f78de9_a22b2e62cb7a2ff65e40ac609f4093ae950cb6e346e82f45  (elapsed 1007s, eta 3748s)
2026-10-01T07:04:07Z [610/2876]  21.2%  50.10  clean__7e1d0dc896_db433183ef464aaaa01d37307a1b7476eb855adb2ab2e09c  (elapsed 1008s, eta 3745s)
2026-10-01T07:04:07Z [611/2876]  21.2%  63.78  clean__a05bc8ec1e_6a5a823e4b6c60f55c050bed1862157fdf0f6f0b5fe13270  (elapsed 1009s, eta 3739s)
2026-10-01T07:04:10Z [612/2876]  21.3%  94.03  clean__a21c45464c_super_editor__shape_group_ce60e1e6  (elapsed 1011s, eta 3740s)
2026-10-01T07:04:11Z [613/2876]  21.3%  82.35  clean__a24b3782e4_super_editor__list_with_table_break_ff0c4c1f  (elapsed 1012s, eta 3737s)
2026-10-01T07:04:11Z [614/2876]  21.3%  52.19  clean__a28094b269_sd_2517_localized_heading_styles_sectpr_headerre  (elapsed 1013s, eta 3731s)
2026-10-01T07:04:13Z [615/2876]  21.4%  52.97  clean__a206273d01_00ba858a8099e9936d610a3f9437ac9c1e30a81bce6b71be  (elapsed 1014s, eta 3729s)
2026-10-01T07:04:13Z [616/2876]  21.4%  65.65  clean__a291bf4a73_behavior__rtl_header_footer_e1ac81f6  (elapsed 1014s, eta 3722s)
2026-10-01T07:04:15Z [617/2876]  21.5%  68.31  clean__a3586d71f8_file_177  (elapsed 1016s, eta 3720s)
2026-10-01T07:04:15Z [618/2876]  21.5%  75.95  clean__a378be6fbe_file_103  (elapsed 1016s, eta 3714s)
2026-10-01T07:04:16Z [619/2876]  21.5%  40.39  clean__a4642f7f90_mcdoc  (elapsed 1018s, eta 3711s)
2026-10-01T07:04:17Z [620/2876]  21.6%  82.24  clean__a391978591_yellow_highlight_italic_demo_style_default_missi  (elapsed 1018s, eta 3704s)
2026-10-01T07:04:17Z [621/2876]  21.6%  87.90  clean__a43a36ff27_heading_4_right_italic_id_paraid_overflow_headin  (elapsed 1018s, eta 3697s)
2026-10-01T07:04:19Z [622/2876]  21.6%  89.27  clean__a46b602ff5_file_33  (elapsed 1020s, eta 3696s)
2026-10-01T07:04:20Z [623/2876]  21.7%  86.89  clean__a540784dac_times_new_roman_font_id_paraid_overflow_title_st  (elapsed 1022s, eta 3695s)
2026-10-01T07:04:21Z [624/2876]  21.7%  72.80  clean__a54f205278_quarterly_performance_report_table  (elapsed 1023s, eta 3691s)
2026-10-01T07:04:21Z [625/2876]  21.7%  80.10  clean__a5721f5e06_24_id_paraid_overflow_alternate_content_word_red  (elapsed 1023s, eta 3684s)
2026-10-01T07:04:25Z [626/2876]  21.8%  76.13  clean__a707194fe8_ooxml_style_link_open_sans_bold_underline_id_par  (elapsed 1026s, eta 3687s)
2026-10-01T07:04:25Z [627/2876]  21.8%  70.91  clean__a841bd75f4_roboto_font_demo_id_paraid_overflow_roboto_under  (elapsed 1027s, eta 3683s)
2026-10-01T07:04:26Z [628/2876]  21.8%  74.50  clean__a137bd88ff_cfe430bfc56eb27e340016af5f623acb9703590af329fbe5  (elapsed 1027s, eta 3676s)
2026-10-01T07:04:26Z [629/2876]  21.9%  56.03  clean__a83d3922a8_file_104  (elapsed 1027s, eta 3669s)
2026-10-01T07:04:29Z [630/2876]  21.9%  82.12  clean__a94f4c516b_text_box  (elapsed 1030s, eta 3673s)
2026-10-01T07:04:29Z [631/2876]  21.9%  86.55  clean__a98d0a8c12_center_alignment_demo_id_paraid_overflow_2  (elapsed 1031s, eta 3667s)
2026-10-01T07:04:29Z [632/2876]  22.0%  48.81  clean__a1229ed620_0156b5f0b85e21a3c75b86b035fb330098cd5b092a7feedd  (elapsed 1031s, eta 3659s)
2026-10-01T07:04:30Z [633/2876]  22.0%  80.29  clean__a5903a7c15_super_editor__pci_table_dc840852  (elapsed 1031s, eta 3653s)
2026-10-01T07:04:33Z [634/2876]  22.0%  86.12  clean__a9f3a3c647_file_72  (elapsed 1034s, eta 3658s)
2026-10-01T07:04:33Z [635/2876]  22.1%  83.63  clean__aa62a37db2_strikethrough_text_demo_id_paraid_overflow  (elapsed 1035s, eta 3651s)
2026-10-01T07:04:37Z [636/2876]  22.1%  54.57  clean__ab064d6482_super_editor__table_width_issue_20b01504  (elapsed 1039s, eta 3658s)
2026-10-01T07:04:40Z [637/2876]  22.1%  56.58  clean__aa910e0269_0b212ef01f9f16f785fb36ebf24bafc24fffc367ac583e27  (elapsed 1042s, eta 3661s)
2026-10-01T07:04:41Z [638/2876]  22.2%  83.52  clean__ab859711f4_super_editor__custom_list_numbering1_7eb9fda4  (elapsed 1042s, eta 3656s)
2026-10-01T07:04:45Z [639/2876]  22.2%  64.44  clean__ac4b41aa8e_verdana_font_demo_id_paraid_overflow  (elapsed 1046s, eta 3662s)
2026-10-01T07:04:45Z [640/2876]  22.3%  91.38  clean__abd0b75d88_file_184  (elapsed 1046s, eta 3655s)
2026-10-01T07:04:46Z [641/2876]  22.3%  62.19  clean__aa940255be_behavior__sd_2343_table_border_widths_b5148e83  (elapsed 1047s, eta 3650s)
2026-10-01T07:04:46Z [642/2876]  22.3%  56.43  clean__aaf5c08166_ba5d4af3b59ed5e067db64f2f45e003823cd5b394f4971df  (elapsed 1048s, eta 3645s)
2026-10-01T07:04:48Z [643/2876]  22.4%  72.84  clean__ad00cf90d7_doc_api_stories__diff_doc2_bc0da0ce  (elapsed 1050s, eta 3645s)
2026-10-01T07:04:48Z [644/2876]  22.4%  59.80  clean__accec0538a_anchor_images  (elapsed 1050s, eta 3638s)
2026-10-01T07:04:49Z [645/2876]  22.4%  70.31  clean__ad43500302_super_editor__list_numbering_reimport_d788d573  (elapsed 1050s, eta 3632s)
2026-10-01T07:04:51Z [646/2876]  22.5%  62.77  clean__adc4d1102c_complex_style_attr_contract_review_suggesting_in  (elapsed 1053s, eta 3634s)
2026-10-01T07:04:51Z [647/2876]  22.5%  84.85  clean__ae2abb212c_nested_table_rowspan_numbered_list_demo_id_parai  (elapsed 1053s, eta 3627s)
2026-10-01T07:04:53Z [648/2876]  22.5%  46.64  clean__a8a3545338_d97bc6f9978ac3ee93a3a108ee6c4fe77c517a02ce7ed011  (elapsed 1054s, eta 3624s)
2026-10-01T07:04:54Z [649/2876]  22.6%  71.78  clean__ae5f2d61d5_file_113  (elapsed 1056s, eta 3622s)
2026-10-01T07:04:56Z [650/2876]  22.6%  67.51  clean__ae9360e096_behavior__sd_2672_merged_table_821b922c  (elapsed 1057s, eta 3620s)
2026-10-01T07:04:57Z [651/2876]  22.6%  60.42  clean__af2bb3fa96_file_70  (elapsed 1059s, eta 3618s)
2026-10-01T07:04:59Z [652/2876]  22.7%  83.96  clean__af458715aa_superscript_demo_style_default_missing  (elapsed 1060s, eta 3617s)
2026-10-01T07:05:00Z [653/2876]  22.7%  68.68  clean__af4645ebd0_file_99  (elapsed 1062s, eta 3615s)
2026-10-01T07:05:02Z [654/2876]  22.7%  82.86  clean__af5e239443_file_35  (elapsed 1064s, eta 3614s)
2026-10-01T07:05:04Z [655/2876]  22.8%  67.59  clean__af9a3f5868_project_proposal_id_paraid_overflow_project_prop  (elapsed 1065s, eta 3612s)
2026-10-01T07:05:07Z [656/2876]  22.8%  67.92  clean__b0dd9fa902_file_154  (elapsed 1068s, eta 3615s)
2026-10-01T07:05:09Z [657/2876]  22.8%  43.02  clean__b0010cc041_2a068b16e5_rejected_tracking  (elapsed 1071s, eta 3616s)
2026-10-01T07:05:10Z [658/2876]  22.9%  74.04  clean__b126641535_file_46  (elapsed 1071s, eta 3611s)
2026-10-01T07:05:13Z [659/2876]  22.9%  63.11  clean__b17d854271_meeting_agenda_table_2_meeting_agenda_table_word  (elapsed 1075s, eta 3615s)
2026-10-01T07:05:17Z [660/2876]  22.9%  46.27  clean__adab1d7f95_e4da907284684ae6de0a0105ed31619286f85d270957e50f  (elapsed 1078s, eta 3620s)
2026-10-01T07:05:20Z [661/2876]  23.0%  73.18  clean__b1b92bb304_4ca9d50a751705618a5ad0964108b8508ce4230448e30f4e  (elapsed 1081s, eta 3624s)
2026-10-01T07:05:21Z [662/2876]  23.0%  60.39  clean__b236e3c2d7_alternate_content_anchor_images_word_redline_acc  (elapsed 1082s, eta 3619s)
2026-10-01T07:05:24Z [663/2876]  23.1%  87.50  clean__b26a64b60b_fe2fb2ad13_accepted_tracking  (elapsed 1085s, eta 3621s)
2026-10-01T07:05:24Z [664/2876]  23.1%  59.47  clean__ae7ee72233_cb17d2d61a361074ba2688314d1e8ea44059899c5f74a347  (elapsed 1085s, eta 3615s)
2026-10-01T07:05:27Z [665/2876]  23.1%  58.82  clean__b27c7b34e9_super_editor__heading_font_46041620  (elapsed 1088s, eta 3618s)
2026-10-01T07:05:30Z [666/2876]  23.2%  79.20  clean__b2adbcc147_heading_3_center_italic_id_paraid_overflow  (elapsed 1091s, eta 3620s)
2026-10-01T07:05:32Z [667/2876]  23.2%  82.95  clean__b2b3095b48_file_52  (elapsed 1094s, eta 3622s)
2026-10-01T07:05:36Z [668/2876]  23.2%  80.36  clean__b3028f2d5b_super_editor__super_basic_table_86d8d916  (elapsed 1097s, eta 3626s)
2026-10-01T07:05:39Z [669/2876]  23.3%  45.17  clean__a8f5da1d08_00de5c97d0349d7f0c050c791f7f46f5892952ac9dd304f7  (elapsed 1100s, eta 3629s)
2026-10-01T07:05:39Z [670/2876]  23.3%  69.36  clean__b31456961a_file_42  (elapsed 1101s, eta 3623s)
2026-10-01T07:05:40Z [671/2876]  23.3%  77.55  clean__b2aba6af49_af7f234031b030c204bb9d410ee3e339406faa0e97eaa8bc  (elapsed 1101s, eta 3619s)
2026-10-01T07:05:42Z [672/2876]  23.4%  61.87  clean__b39182a410_subscript_demo_style_default_missing  (elapsed 1103s, eta 3619s)
2026-10-01T07:05:43Z [673/2876]  23.4%  85.37  clean__b3974bcc7b_file_180  (elapsed 1104s, eta 3613s)
2026-10-01T07:05:46Z [674/2876]  23.4%  88.40  clean__b429aac116_c58edd95f2_rejected_tracking  (elapsed 1107s, eta 3618s)
2026-10-01T07:05:50Z [675/2876]  23.5%  74.20  clean__b4b7c76ecd_font_family_demo_id_paraid_overflow  (elapsed 1111s, eta 3624s)
2026-10-01T07:05:53Z [676/2876]  23.5%  68.48  clean__b4ba29d456_left_alignment_demo_id_paraid_overflow  (elapsed 1114s, eta 3627s)
2026-10-01T07:05:56Z [677/2876]  23.5%  78.30  clean__b13ad6a30b_08da985c87d92e2aa39245f9771c0f024ba1986d40e19c4d  (elapsed 1117s, eta 3629s)
2026-10-01T07:06:01Z [678/2876]  23.6%  56.16  clean__b3ff2c3238_0004f1672708c04a166e0ca8453e2240bab4e6cc7efcb031  (elapsed 1122s, eta 3638s)
2026-10-01T07:06:04Z [679/2876]  23.6%  82.68  clean__b54f749123_369705862a264e4be962e05314dd3442d40d540e5bcee581  (elapsed 1125s, eta 3641s)
2026-10-01T07:06:07Z [680/2876]  23.6%  48.13  clean__b5a6dd6c66_super_editor__diff_before_019353a2  (elapsed 1128s, eta 3642s)
2026-10-01T07:06:08Z [681/2876]  23.7%  33.30  clean__9f6f60f1db_d0a7c31f8535690716639fce8eb4081cb831a0b1c893af9f  (elapsed 1129s, eta 3640s)
2026-10-01T07:06:09Z [682/2876]  23.7%  80.10  clean__b5c1e71474_1e11e7a678_accepted_tracking  (elapsed 1130s, eta 3635s)
2026-10-01T07:06:09Z [683/2876]  23.7%  48.99  clean__b452365d7d_09d6d9401599e97360d8a7f9d3b53fbcc6851cc45bd170b8  (elapsed 1130s, eta 3628s)
2026-10-01T07:06:11Z [684/2876]  23.8%  70.04  clean__8441c4ae21_sd_2517_localized_heading_styles  (elapsed 1132s, eta 3628s)
2026-10-01T07:06:12Z [685/2876]  23.8%  86.35  clean__b5e2c1faa0_file_93  (elapsed 1133s, eta 3624s)
2026-10-01T07:06:15Z [686/2876]  23.9%  68.72  clean__b7219494de_file_116  (elapsed 1136s, eta 3626s)
2026-10-01T07:06:15Z [687/2876]  23.9%  47.64  clean__b6c0e46375_support_tickets_table_table_bookmark_end_word_re  (elapsed 1136s, eta 3619s)
2026-10-01T07:06:15Z [688/2876]  23.9%  85.57  clean__b786c93efd_bold_italic_underline_demo_id_paraid_overflow_bo  (elapsed 1136s, eta 3614s)
2026-10-01T07:06:18Z [689/2876]  24.0%  73.60  clean__b81f80076c_bold_red_text_combo_id_paraid_overflow_bold_supe  (elapsed 1139s, eta 3617s)
2026-10-01T07:06:18Z [690/2876]  24.0%  83.57  clean__b7c9d27632_underline_text_demo_id_paraid_overflow  (elapsed 1139s, eta 3610s)
2026-10-01T07:06:18Z [691/2876]  24.0%  82.50  clean__b8e0a2bad6_ff1a81cf73_accepted_tracking  (elapsed 1140s, eta 3604s)
2026-10-01T07:06:21Z [692/2876]  24.1%  61.76  clean__b953b904ab_verdana_font_demo_id_paraid_overflow_verdana_ita  (elapsed 1142s, eta 3604s)
2026-10-01T07:06:27Z [693/2876]  24.1%  48.33  clean__640ee26d10_57f96361b12bda78af9500fd6dafee31572e70a7333b47fd  (elapsed 1148s, eta 3616s)
2026-10-01T07:06:29Z [694/2876]  24.1%  59.13  clean__b6bf1a1e8b_025114ac4b922e013686836213f363671dd941624af8bc42  (elapsed 1151s, eta 3618s)
2026-10-01T07:06:33Z [695/2876]  24.2%  47.40  clean__b580d8f318_b8a2fc259638fd1d9007b118e5dda12820cae917cd2352ba  (elapsed 1154s, eta 3622s)
2026-10-01T07:06:33Z [696/2876]  24.2%  80.45  clean__ba54aaab82_super_editor__ooxml_italic_rstyle_combos_demo_90  (elapsed 1155s, eta 3617s)
2026-10-01T07:06:34Z [697/2876]  24.2%  57.74  clean__b937fc3f17_2d0296f261823beae379699470fe8f8a1a920baadc224b8f  (elapsed 1155s, eta 3611s)
2026-10-01T07:06:37Z [698/2876]  24.3%  91.88  clean__baf2f6eca5_75538736ac_rejected_tracking  (elapsed 1159s, eta 3616s)
2026-10-01T07:06:38Z [699/2876]  24.3%  92.18  clean__bb19e9441d_budget_report_q1_2026_suggesting_insertions_bull  (elapsed 1160s, eta 3611s)
2026-10-01T07:06:42Z [700/2876]  24.3%  92.83  clean__bb1cb179c2_track_changes_suggesting_center_id_paraid_overfl  (elapsed 1163s, eta 3616s)
2026-10-01T07:06:42Z [701/2876]  24.4%  82.68  clean__bb46f61c5d_line_spacing_demo_id_paraid_overflow  (elapsed 1163s, eta 3610s)
2026-10-01T07:06:43Z [702/2876]  24.4%  69.73  clean__ba54c6632c_super_editor__ooxml_rfonts_rstyle_linked_combos  (elapsed 1164s, eta 3606s)
2026-10-01T07:07:02Z [703/2876]  24.4%  60.84  clean__bb7d7ca374_44325609d4be3b0e6299cdbd606242aab96b8e4abba544e0  (elapsed 1184s, eta 3659s)
2026-10-01T07:07:08Z [704/2876]  24.5%  88.46  clean__bb9c5a8bd5_doc_api_stories__table_style_options_roundtrip_1  (elapsed 1189s, eta 3668s)
2026-10-01T07:07:13Z [705/2876]  24.5%  43.64  clean__bb5b3dffec_6451a5f2055600f7a4baba1695ce8e86ef517dbd5e7beb84  (elapsed 1194s, eta 3678s)
2026-10-01T07:07:14Z [706/2876]  24.5%  38.56  clean__b992bfc6eb_super_editor__h_f_normal_odd_even_b572e46d  (elapsed 1196s, eta 3675s)
2026-10-01T07:07:16Z [707/2876]  24.6%  78.63  clean__bc875fa8f7_589b832f86_rejected_tracking  (elapsed 1198s, eta 3675s)
2026-10-01T07:07:18Z [708/2876]  24.6%  49.11  clean__80e1256a8e_3832d29088f92183b9a5fbe7e9783104996aef6817f3f101  (elapsed 1199s, eta 3672s)
2026-10-01T07:07:18Z [709/2876]  24.7%  37.64  clean__ba2cfffd73_f1c36266d446e07c029f99f20ac9319675eea5d1dfd33823  (elapsed 1199s, eta 3665s)
2026-10-01T07:07:18Z [710/2876]  24.7%  86.52  clean__bcc7379f64_super_editor__paragraph_spacing_missing_de418c38  (elapsed 1199s, eta 3659s)
2026-10-01T07:07:22Z [711/2876]  24.7%  59.99  clean__bdafce6d1d_file_59  (elapsed 1203s, eta 3663s)
2026-10-01T07:07:25Z [712/2876]  24.8%  74.58  clean__bb560d2a02_2fb37ac3b5f327c12bb8bbd95446f266c5ad631463b80be8  (elapsed 1206s, eta 3666s)
2026-10-01T07:07:25Z [713/2876]  24.8%  83.00  clean__bd7b6b2bd0_super_editor__pagination_with_hard_break_8ce8c15  (elapsed 1207s, eta 3661s)
2026-10-01T07:07:26Z [714/2876]  24.8%  60.65  clean__bdd82b239b_numbered_list_demo_id_paraid_overflow  (elapsed 1207s, eta 3656s)
2026-10-01T07:07:29Z [715/2876]  24.9%  90.52  clean__bdf199d4af_file_61  (elapsed 1210s, eta 3658s)
2026-10-01T07:07:29Z [716/2876]  24.9%  70.37  clean__be9e3b8519_f48c29c41f_accepted_tracking  (elapsed 1211s, eta 3652s)
2026-10-01T07:07:33Z [717/2876]  24.9%  83.36  clean__bebfc19fe0_justify_alignment_demo_id_paraid_overflow_2  (elapsed 1214s, eta 3657s)
2026-10-01T07:07:34Z [718/2876]  25.0%  81.16  clean__bdfb38a0d4_a017dcc46573b33602a2bb8adb3b873d1e0c3e314627511d  (elapsed 1216s, eta 3654s)
2026-10-01T07:07:37Z [719/2876]  25.0%  82.50  clean__bed95de8f9_track_changes_suggesting_title_id_paraid_overflo  (elapsed 1218s, eta 3653s)
2026-10-01T07:07:39Z [720/2876]  25.0%  74.79  clean__bf1e40dbc1_file_199  (elapsed 1220s, eta 3653s)
2026-10-01T07:07:39Z [721/2876]  25.1%  35.23  clean__b50d7a1bf1_af0035cc41059d71015cf5d0c46a8883f32b1118fdc695f1  (elapsed 1220s, eta 3646s)
2026-10-01T07:07:40Z [722/2876]  25.1%  86.67  clean__bf23b1e436_track_changes_suggesting_bold_id_paraid_overflow  (elapsed 1221s, eta 3644s)
2026-10-01T07:07:40Z [723/2876]  25.1%  53.40  clean__bdd4a5ea86_afb089e76ea79cffd8a0ed7e3396d7a78e6ca8bda97382db  (elapsed 1222s, eta 3637s)
2026-10-01T07:07:41Z [724/2876]  25.2%  62.97  clean__bc26361496_00a46f851a34d91cc0a57ae50fb52b4946434753786cacbb  (elapsed 1222s, eta 3633s)
2026-10-01T07:07:41Z [725/2876]  25.2%  48.34  clean__b9d5abd50a_aceedc402bdb12ceea9223a5a0d7696e38cca0d6dd40b2fc  (elapsed 1222s, eta 3627s)
2026-10-01T07:07:42Z [726/2876]  25.2%  79.75  clean__bf50ee8ac4_super_editor__hummingbird_c5e5ac81  (elapsed 1223s, eta 3622s)
2026-10-01T07:07:43Z [727/2876]  25.3%  56.07  clean__bcccfaf7e1_00014f4157b9a3600a24e16b60f1aaecc134c78085090005  (elapsed 1225s, eta 3620s)
2026-10-01T07:07:44Z [728/2876]  25.3%  86.03  clean__c042124d92_strikethrough_and_italic_combo_id_paraid_overflo  (elapsed 1225s, eta 3614s)
2026-10-01T07:07:45Z [729/2876]  25.3%  90.82  clean__c1023db5c5_super_editor__fields_test_4a8ffd8c  (elapsed 1226s, eta 3611s)
2026-10-01T07:07:47Z [730/2876]  25.4%  87.80  clean__c20e9b2d21_font_size_24_demo_id_paraid_overflow  (elapsed 1229s, eta 3611s)
2026-10-01T07:07:48Z [731/2876]  25.4%  74.61  clean__c2abfa87ac_font_color_demo_style_default_missing_font_famil  (elapsed 1229s, eta 3607s)
2026-10-01T07:07:48Z [732/2876]  25.5%  82.58  clean__c21d15c9e9_track_changes_suggesting_center_id_paraid_overfl  (elapsed 1229s, eta 3601s)
2026-10-01T07:07:48Z [733/2876]  25.5%  74.47  clean__c2d49e9ede_super_editor__sd_978_remove_table_borders_47f7ed  (elapsed 1230s, eta 3595s)
2026-10-01T07:07:51Z [734/2876]  25.5%  82.54  clean__c498e8c52c_super_editor__contract_acc_bbd983a0  (elapsed 1232s, eta 3597s)
2026-10-01T07:07:51Z [735/2876]  25.6%  59.62  clean__c4ee483519_tiff_image  (elapsed 1233s, eta 3591s)
2026-10-01T07:07:52Z [736/2876]  25.6%  67.82  clean__c500e0081f_file_101  (elapsed 1233s, eta 3586s)
2026-10-01T07:07:54Z [737/2876]  25.6%  75.37  clean__c1365f39d9_green_underline_bullet_list_id_paraid_overflow_h  (elapsed 1235s, eta 3584s)
2026-10-01T07:07:55Z [738/2876]  25.7%  78.33  clean__c51843a182_super_editor__diff_after3_3f4fb6e8  (elapsed 1236s, eta 3581s)
2026-10-01T07:07:56Z [739/2876]  25.7%  85.59  clean__c5f3d78ca6_super_editor__annotations_import_2_eaae7b97  (elapsed 1237s, eta 3578s)
2026-10-01T07:07:57Z [740/2876]  25.7%  67.04  clean__c620f64d24_super_editor__hyperlink_node_internal_1c0232f9  (elapsed 1239s, eta 3575s)
2026-10-01T07:07:59Z [741/2876]  25.8%  87.80  clean__c63ac7be06_font_size_18_demo_style_default_missing_font_siz  (elapsed 1240s, eta 3574s)
2026-10-01T07:08:01Z [742/2876]  25.8%  37.32  clean__bea42ffae5_5624d661e4bda36d9214ddeb372b10ad0011475f8136f54f  (elapsed 1242s, eta 3573s)
2026-10-01T07:08:03Z [743/2876]  25.8%  71.22  clean__c706120413_open_sans_font_demo_id_paraid_overflow  (elapsed 1244s, eta 3572s)
2026-10-01T07:08:05Z [744/2876]  25.9%  85.46  clean__c7190b3adc_file_31  (elapsed 1246s, eta 3571s)
2026-10-01T07:08:09Z [745/2876]  25.9%  82.62  clean__c5763a90ce_header_no_rels  (elapsed 1250s, eta 3576s)
2026-10-01T07:08:17Z [746/2876]  25.9%  62.16  clean__c7dbacb26a_file_37  (elapsed 1258s, eta 3592s)
2026-10-01T07:08:21Z [747/2876]  26.0%  89.56  clean__c812c09234_340dd11242_rejected_tracking  (elapsed 1262s, eta 3597s)
2026-10-01T07:08:24Z [748/2876]  26.0%  44.12  clean__c090b9f082_file_8  (elapsed 1265s, eta 3600s)
2026-10-01T07:08:26Z [749/2876]  26.0%  37.08  clean__c7249e8252_001720a044f19cc17f8275bd40dd73a607ce64fcec3b8753  (elapsed 1268s, eta 3600s)
2026-10-01T07:08:28Z [750/2876]  26.1%  75.77  clean__c917cc5055_support_tickets_summary_id_paraid_overflow  (elapsed 1269s, eta 3598s)
2026-10-01T07:08:28Z [751/2876]  26.1%  61.54  clean__c6956051c8_0035880301dd9b39b35318af6a88457fb4f6491a3ca1964a  (elapsed 1270s, eta 3593s)
2026-10-01T07:08:30Z [752/2876]  26.1%  79.84  clean__c9154561dc_file_2  (elapsed 1271s, eta 3589s)
2026-10-01T07:08:30Z [753/2876]  26.2%  82.53  clean__ca44eef662_super_editor__list_spacer1_06383c66  (elapsed 1271s, eta 3584s)
2026-10-01T07:08:32Z [754/2876]  26.2%  58.61  clean__ca4ccabff6_superscript_demo_id_paraid_overflow_2  (elapsed 1273s, eta 3582s)
2026-10-01T07:08:32Z [755/2876]  26.3%  47.84  clean__bf59b6619e_f0c319ff40c294c3ca967fc6067d6ba582481a6f2073b112  (elapsed 1273s, eta 3576s)
2026-10-01T07:08:32Z [756/2876]  26.3%  67.76  clean__caa7108cd9_project_plan_suggesting_insertions_project_propo  (elapsed 1273s, eta 3570s)
2026-10-01T07:08:32Z [757/2876]  26.3%  40.71  clean__c2ecf64b81_001479d5cf22ef5a67f86f2fd4964df7f4e7f1734b6bf50f  (elapsed 1274s, eta 3566s)
2026-10-01T07:08:33Z [758/2876]  26.4%  67.84  clean__cb340e4c6a_center_alignment_demo_id_paraid_overflow  (elapsed 1274s, eta 3559s)
2026-10-01T07:08:35Z [759/2876]  26.4%  67.25  clean__cc82deb093_file_144  (elapsed 1276s, eta 3560s)
2026-10-01T07:08:36Z [760/2876]  26.4%  67.48  clean__cd54518381_file_118  (elapsed 1277s, eta 3556s)
2026-10-01T07:08:36Z [761/2876]  26.5%  82.51  clean__ccfb9a0515_center_bold_demo_id_paraid_overflow_clear_format  (elapsed 1277s, eta 3550s)
2026-10-01T07:08:37Z [762/2876]  26.5%  54.56  clean__cbce9c63be_515eefceeac017dd8e56ae9e0b0ab5ab85e1da58199f0d6d  (elapsed 1278s, eta 3545s)
2026-10-01T07:08:39Z [763/2876]  26.5%  59.00  clean__cdf27ad0d3_behavior__sd_2672_nested_table_dfac08bb  (elapsed 1280s, eta 3545s)
2026-10-01T07:08:39Z [764/2876]  26.6%  68.43  clean__cec0607d40_file_25  (elapsed 1281s, eta 3541s)
2026-10-01T07:08:40Z [765/2876]  26.6%  54.37  clean__ced58cbf54_super_editor__sd_1494_table_left_indent_03277d35  (elapsed 1281s, eta 3536s)
2026-10-01T07:08:43Z [766/2876]  26.6%  68.83  clean__cefef4e4f5_yellow_highlight_demo_id_paraid_overflow  (elapsed 1284s, eta 3537s)
2026-10-01T07:08:44Z [767/2876]  26.7%  83.63  clean__cf50dbaf9b_strikethrough_bold_demo_id_paraid_overflow_strik  (elapsed 1285s, eta 3533s)
2026-10-01T07:08:45Z [768/2876]  26.7%  69.14  clean__ceee8dab18_dad6c99469302f7b31da046a44fb03b2700da40336b5abc3  (elapsed 1287s, eta 3531s)
2026-10-01T07:08:45Z [769/2876]  26.7%  39.93  clean__cc93934fd8_0116565f1fe1e7aaae2f11b7ed6af4bd782d9e5282ce0185  (elapsed 1287s, eta 3526s)
2026-10-01T07:08:46Z [770/2876]  26.8%  61.83  clean__cf58803a5b_q1_sales_summary_table_quarterly_performance_rep  (elapsed 1287s, eta 3520s)
2026-10-01T07:08:46Z [771/2876]  26.8%  39.12  clean__c6b1275403_7ba2b78ab7dafc8c6a9706a4bf3e2423742cf76069b0ebd2  (elapsed 1287s, eta 3515s)
2026-10-01T07:08:47Z [772/2876]  26.8%  53.71  clean__cf6ac9c745_c719b900f0_accepted_tracking  (elapsed 1288s, eta 3511s)
2026-10-01T07:08:48Z [773/2876]  26.9%  67.18  clean__cfd53bad25_behavior__sd_2672_sdt_table_fc038913  (elapsed 1290s, eta 3509s)
2026-10-01T07:08:49Z [774/2876]  26.9%  92.29  clean__cfdd9b483b_center_alignment_demo_id_paraid_overflow_center  (elapsed 1291s, eta 3505s)
2026-10-01T07:08:50Z [775/2876]  26.9%  47.13  clean__c721a969e2_457a1c824fa3968daede24f5ff81297201c62e364c155929  (elapsed 1291s, eta 3499s)
2026-10-01T07:08:50Z [776/2876]  27.0%  90.34  clean__d0281643d2_super_editor__hello_docx_world_12f11074  (elapsed 1292s, eta 3495s)
2026-10-01T07:08:52Z [777/2876]  27.0%  73.61  clean__d0423646cd_times_new_roman_bold_id_paraid_overflow  (elapsed 1293s, eta 3494s)
2026-10-01T07:08:54Z [778/2876]  27.1%  83.23  clean__d083b67a57_product_roadmap_2026_suggesting_insertions_proje  (elapsed 1295s, eta 3493s)
2026-10-01T07:08:55Z [779/2876]  27.1%  74.39  clean__d0a21b7c3c_q1_sales_summary_table_2  (elapsed 1297s, eta 3490s)
2026-10-01T07:08:58Z [780/2876]  27.1%  71.22  clean__d0fc18585c_open_sans_font_demo_id_paraid_overflow_2_open_sa  (elapsed 1300s, eta 3493s)
2026-10-01T07:09:00Z [781/2876]  27.2%  47.93  clean__cd63d2dccf_3f2752287dacf8e3e52d649dc467cbab2214df665039ab15  (elapsed 1301s, eta 3491s)
2026-10-01T07:09:03Z [782/2876]  27.2%  62.23  clean__d07303cf0c_5a2295e6c3fb70b9f2ebe4b90cf34e04a9158f33c2180506  (elapsed 1305s, eta 3494s)
2026-10-01T07:09:04Z [783/2876]  27.2%  46.94  clean__d192336305_table-vmerge-colspan_gridspan3  (elapsed 1305s, eta 3489s)
2026-10-01T07:09:07Z [784/2876]  27.3%  68.04  clean__d3e1fab2c6_blue_centered_title_demo_style_default_missing_b  (elapsed 1309s, eta 3492s)
2026-10-01T07:09:08Z [785/2876]  27.3%  60.65  clean__d1bbc30c1e_helvetica_font_demo_style_default_missing_hr_onb  (elapsed 1310s, eta 3488s)
2026-10-01T07:09:10Z [786/2876]  27.3%  62.53  clean__cbd171fa3c_4598ae603096d1560af12ca03256d8cfcf124b748d8a1924  (elapsed 1312s, eta 3488s)
2026-10-01T07:09:12Z [787/2876]  27.4%  91.66  clean__d426359dd9_file_111  (elapsed 1313s, eta 3485s)
2026-10-01T07:09:16Z [788/2876]  27.4%  48.76  clean__cfc9a10332_2f8b89ca507b8d91b7124338900088b00fb1faa6bd8b32f7  (elapsed 1317s, eta 3490s)
2026-10-01T07:09:16Z [789/2876]  27.4%  85.23  clean__d4649ec2db_file_168  (elapsed 1318s, eta 3485s)
2026-10-01T07:09:16Z [790/2876]  27.5%  64.44  clean__d4dd209af4_verdana_font_demo_id_paraid_overflow_2_verdana_f  (elapsed 1318s, eta 3479s)
2026-10-01T07:09:19Z [791/2876]  27.5%  84.82  clean__d60159cb1b_bold_and_underline_combo_id_paraid_overflow_bold  (elapsed 1320s, eta 3480s)
2026-10-01T07:09:22Z [792/2876]  27.5%  84.17  clean__d60ccf445a_file_167  (elapsed 1323s, eta 3482s)
2026-10-01T07:09:26Z [793/2876]  27.6%  49.84  clean__d61c862854_table_bookmark_end_table_vmerge_colspan_word_red  (elapsed 1327s, eta 3486s)
2026-10-01T07:09:26Z [794/2876]  27.6%  43.34  clean__d0e7f278b8_i_am_sharing_microsoft_word_vs_google_docs_compr  (elapsed 1328s, eta 3481s)
2026-10-01T07:09:29Z [795/2876]  27.6%  88.05  clean__d62983b275_file_39  (elapsed 1330s, eta 3482s)
2026-10-01T07:09:30Z [796/2876]  27.7%  85.30  clean__d65dde18cf_1_5_line_spacing_id_paraid_overflow_24_id_paraid  (elapsed 1331s, eta 3478s)
2026-10-01T07:09:30Z [797/2876]  27.7% 100.00  clean__d678cb4275_super_editor__blank_doc_b2a325e7  (elapsed 1331s, eta 3473s)
2026-10-01T07:09:33Z [798/2876]  27.7%  49.85  clean__d6a1c42901_super_editor__diff_before16_f518c031  (elapsed 1334s, eta 3474s)
2026-10-01T07:09:34Z [799/2876]  27.8%  48.49  clean__8116a767f0_723ae78054da0840fa9f450784fd17e0564865cb53a6bdd5  (elapsed 1336s, eta 3472s)
2026-10-01T07:09:36Z [800/2876]  27.8%  48.90  clean__d6bd58bac2_behavior__math_nary_tests_dde91168  (elapsed 1338s, eta 3472s)
2026-10-01T07:09:37Z [801/2876]  27.9%  50.42  clean__d09a2f8509_00b5aa69a6c33b2725953348488d62605dc209411d01f80a  (elapsed 1339s, eta 3467s)
2026-10-01T07:09:40Z [802/2876]  27.9%  79.84  clean__d72fd74138_super_editor__ooxml_color_rstyle_linked_combos_d  (elapsed 1341s, eta 3468s)
2026-10-01T07:09:40Z [803/2876]  27.9%  69.21  clean__d7c6d7eb36_green_underline_bullet_list_id_paraid_overflow  (elapsed 1341s, eta 3463s)
2026-10-01T07:09:40Z [804/2876]  28.0%  58.57  clean__d7ff479cb7_ce433a28fb_accepted_tracking  (elapsed 1342s, eta 3458s)
2026-10-01T07:09:43Z [805/2876]  28.0%  70.12  clean__d821468074_bullet_list_demo_id_paraid_overflow_calibri_bold  (elapsed 1344s, eta 3458s)
2026-10-01T07:09:44Z [806/2876]  28.0%  75.51  clean__d87d0dd9a8_file_76  (elapsed 1345s, eta 3454s)
2026-10-01T07:09:45Z [807/2876]  28.1%  88.91  clean__d8adfdb298_contract_review_suggesting_insertions_contract_r  (elapsed 1347s, eta 3452s)
2026-10-01T07:09:46Z [808/2876]  28.1%  45.26  clean__d429b28164_e554db525b9692de4fa7bde50ad0d2a07929c7bff47df9d8  (elapsed 1347s, eta 3447s)
2026-10-01T07:09:47Z [809/2876]  28.1%  59.94  clean__d5147a7eac_a4f0c024045d58724784304ee89c0fe1e16361f322d279b2  (elapsed 1348s, eta 3444s)
2026-10-01T07:09:47Z [810/2876]  28.2%  76.64  clean__d776ad9be7_super_editor__multi_section_doc_080d2655  (elapsed 1348s, eta 3438s)
2026-10-01T07:09:48Z [811/2876]  28.2%  67.52  clean__d8f8e09b6e_file_125  (elapsed 1349s, eta 3435s)
2026-10-01T07:09:50Z [812/2876]  28.2%  75.64  clean__da2ab05f0b_file_50  (elapsed 1352s, eta 3436s)
2026-10-01T07:09:50Z [813/2876]  28.3%  80.21  clean__da68abdf72_blue_centered_title_demo_style_default_missing  (elapsed 1352s, eta 3430s)
2026-10-01T07:09:51Z [814/2876]  28.3%  70.26  clean__d8eda36137_file_34  (elapsed 1353s, eta 3426s)
2026-10-01T07:09:51Z [815/2876]  28.3%  83.69  clean__da9833e134_bold_underline_combined_demo_id_paraid_overflow  (elapsed 1353s, eta 3421s)
2026-10-01T07:09:52Z [816/2876]  28.4%  40.86  clean__d18a18cfba_0060367964f41c426f3f0aa3811b0b9d9cdb04689ef7f85d  (elapsed 1353s, eta 3416s)
2026-10-01T07:09:54Z [817/2876]  28.4%  84.73  clean__daf1fa36c0_red_bold_heading_demo_style_default_missing  (elapsed 1355s, eta 3414s)
2026-10-01T07:09:54Z [818/2876]  28.4%  91.97  clean__dc2d9eeccb_file_40  (elapsed 1355s, eta 3410s)
2026-10-01T07:09:54Z [819/2876]  28.5%  68.50  clean__dccd972179_file_142  (elapsed 1356s, eta 3405s)
2026-10-01T07:09:55Z [820/2876]  28.5%  78.07  clean__dcf7dd476f_super_editor__superdoc_table_tester_3b2de2e1  (elapsed 1356s, eta 3401s)
2026-10-01T07:09:56Z [821/2876]  28.5%  82.36  clean__dd2e60f8f4_yellow_highlight_demo_id_paraid_overflow_yellow  (elapsed 1357s, eta 3397s)
2026-10-01T07:09:57Z [822/2876]  28.6%  70.80  clean__dd6dbfb284_super_editor__diff_after2_fc1e0763  (elapsed 1358s, eta 3394s)
2026-10-01T07:09:57Z [823/2876]  28.6%  69.14  clean__dd36ffac72_file_102  (elapsed 1358s, eta 3389s)
2026-10-01T07:09:58Z [824/2876]  28.7%  86.57  clean__ddfa313a5f_super_editor__list_with_break_from_word_5cc0d638  (elapsed 1359s, eta 3385s)
2026-10-01T07:09:59Z [825/2876]  28.7%  52.88  clean__de07f3b7b8_sectpr_headerref_single_paragraph_word_redline_a  (elapsed 1361s, eta 3382s)
2026-10-01T07:09:59Z [826/2876]  28.7%  86.01  clean__de3c6fded9_super_editor__doc_with_spacing_e3d47bd7  (elapsed 1361s, eta 3377s)
2026-10-01T07:10:00Z [827/2876]  28.8%  49.59  clean__df3c3e7c40_behavior__math_func_tests_0434dd11  (elapsed 1362s, eta 3374s)
2026-10-01T07:10:01Z [828/2876]  28.8%  92.19  clean__de8054b3bc_super_editor__image_p_spacing_9b211fd7  (elapsed 1362s, eta 3369s)
2026-10-01T07:10:02Z [829/2876]  28.8%  74.37  clean__e0c027b1ca_meeting_agenda_table  (elapsed 1364s, eta 3367s)
2026-10-01T07:10:02Z [830/2876]  28.9%  51.65  clean__e0c966e5ff_file_83  (elapsed 1364s, eta 3361s)
2026-10-01T07:10:04Z [831/2876]  28.9%  87.15  clean__e0e59cf962_track_changes_suggesting_heading_id_paraid_overf  (elapsed 1365s, eta 3359s)
2026-10-01T07:10:04Z [832/2876]  28.9%  59.39  clean__e0e6c96bb7_heading_3_style_demo_id_paraid_overflow  (elapsed 1365s, eta 3354s)
2026-10-01T07:10:06Z [833/2876]  29.0%  67.60  clean__e1201c51d4_italic_subscript_demo_style_default_missing  (elapsed 1367s, eta 3352s)
2026-10-01T07:10:06Z [834/2876]  29.0%  66.53  clean__e137a3db25_file_140  (elapsed 1367s, eta 3347s)
2026-10-01T07:10:09Z [835/2876]  29.0%  82.44  clean__e1736e61c5_italic_underline_combined_demo_id_paraid_overflo  (elapsed 1370s, eta 3349s)
2026-10-01T07:10:09Z [836/2876]  29.1%  81.62  clean__e1f631e28a_green_highlight_demo_id_paraid_overflow  (elapsed 1370s, eta 3344s)
2026-10-01T07:10:13Z [837/2876]  29.1%  91.93  clean__e27ba49905_cb0c07e105_rejected_tracking  (elapsed 1374s, eta 3347s)
2026-10-01T07:10:13Z [838/2876]  29.1%  83.88  clean__e29df71807_bold_underline_highlight_demo_id_paraid_overflow  (elapsed 1374s, eta 3342s)
2026-10-01T07:10:13Z [839/2876]  29.2%  64.76  clean__e1771b0063_word_tolerated_misplaced_uipriority  (elapsed 1375s, eta 3338s)
2026-10-01T07:10:14Z [840/2876]  29.2%  51.15  clean__d825254fce_048c597c1da833b932c73e97755f2f8e8113d83aecd1f13e  (elapsed 1376s, eta 3334s)
2026-10-01T07:10:16Z [841/2876]  29.2%  80.35  clean__e355cec096_small_font_size_demo_id_paraid_overflow  (elapsed 1377s, eta 3333s)
2026-10-01T07:10:16Z [842/2876]  29.3%  85.44  clean__e3c6e90478_file_43  (elapsed 1378s, eta 3328s)
2026-10-01T07:10:17Z [843/2876]  29.3%  53.62  clean__e3d152989b_behavior__math_eqarr_tests_40a1adb0  (elapsed 1378s, eta 3324s)
2026-10-01T07:10:19Z [844/2876]  29.3%  95.00  clean__e3d833aef0_file_10  (elapsed 1380s, eta 3324s)
2026-10-01T07:10:19Z [845/2876]  29.4%  82.65  clean__e419db942f_1bbdcbcf65_accepted_tracking  (elapsed 1381s, eta 3318s)
2026-10-01T07:10:21Z [846/2876]  29.4%  52.81  clean__cfda171ad5_b6c5d22966c78c331541bedc08ce5c5a3e9d7cb713112201  (elapsed 1382s, eta 3316s)
2026-10-01T07:10:22Z [847/2876]  29.5%  46.20  clean__e1f382e06c_c512809c25bd7361b876bd88b03147374825a08ffa6c421b  (elapsed 1383s, eta 3313s)
2026-10-01T07:10:24Z [848/2876]  29.5%  60.38  clean__e4e4a073e9_file_96  (elapsed 1386s, eta 3314s)
2026-10-01T07:10:25Z [849/2876]  29.5%  65.60  clean__e4f7effe89_text_highlight_demo_style_default_missing_tiff_i  (elapsed 1386s, eta 3309s)
2026-10-01T07:10:31Z [850/2876]  29.6%  72.91  clean__e2b8284e60_000bf91580d58d6ebddf85255a23caa3a073e734f77f7a29  (elapsed 1393s, eta 3319s)
2026-10-01T07:10:34Z [851/2876]  29.6%  63.52  clean__e663016796_behavior__sd_2672_multipara_cell_4d1f068e  (elapsed 1395s, eta 3320s)
2026-10-01T07:10:46Z [852/2876]  29.6%  44.72  clean__e5d81e791e_fa334662f6a6c1b9bd94e66766b6dbfa674edd464781d5a5  (elapsed 1407s, eta 3343s)
2026-10-01T07:10:46Z [853/2876]  29.7%  79.53  clean__e6195c443f_368d0cc822ffa7764647877e3cd40522e5121b7286e5e6a8  (elapsed 1408s, eta 3339s)
2026-10-01T07:10:47Z [854/2876]  29.7%  64.07  clean__da1c3af0e0_250744bec97b45c445cac252da1aa0372e31c1fc8ca3fdc3  (elapsed 1408s, eta 3334s)
2026-10-01T07:10:49Z [855/2876]  29.7%  68.77  clean__e69c316f39_file_179  (elapsed 1410s, eta 3333s)
2026-10-01T07:10:49Z [856/2876]  29.8%  49.23  clean__e67a78cb92_e7d0bae60d8af6cb04c2d2f9ea55d696c6306a76711199b1  (elapsed 1410s, eta 3328s)
2026-10-01T07:10:51Z [857/2876]  29.8%  77.74  clean__e844ea2053_evals__table_doc_4d728d83  (elapsed 1412s, eta 3327s)
2026-10-01T07:10:54Z [858/2876]  29.8%  67.99  clean__e85eaac49d_calibri_font_demo_id_paraid_overflow_2_calibri_f  (elapsed 1415s, eta 3328s)
2026-10-01T07:10:55Z [859/2876]  29.9%  52.84  clean__e6fdfb6f2f_behavior__math_phantom_tests_263131a8  (elapsed 1416s, eta 3326s)
2026-10-01T07:10:56Z [860/2876]  29.9%  56.84  clean__e81d1fa10c_behavior__pageref_standalone_uppercase_h_7701e07  (elapsed 1417s, eta 3323s)
2026-10-01T07:10:57Z [861/2876]  29.9%  72.37  clean__e8d299e041_super_editor__dropcaps_520cd049  (elapsed 1418s, eta 3318s)
2026-10-01T07:10:59Z [862/2876]  30.0%  86.10  clean__e9e081dc26_heading_3_style_demo_id_paraid_overflow_heading  (elapsed 1420s, eta 3318s)
2026-10-01T07:11:00Z [863/2876]  30.0%  38.56  clean__e451997662_super_editor__h_f_normal_5d2a8d96  (elapsed 1421s, eta 3315s)
2026-10-01T07:11:00Z [864/2876]  30.0%  61.56  clean__ea7427b18a_super_editor__complex_list_def_issue_326369f9  (elapsed 1421s, eta 3309s)
2026-10-01T07:11:01Z [865/2876]  30.1% 100.00  clean__eb714d5f76_evals__blank_bc294b57  (elapsed 1422s, eta 3307s)
2026-10-01T07:11:08Z [866/2876]  30.1%  48.17  clean__eb6c0a6b3d_6e887b917bd3d9b6517240ec5fff92e2e80df2355f0b2c0d  (elapsed 1429s, eta 3318s)
2026-10-01T07:11:13Z [867/2876]  30.1%  80.05  clean__ec45d7fc58_subtitle_style_demo_id_paraid_overflow  (elapsed 1434s, eta 3324s)
2026-10-01T07:11:21Z [868/2876]  30.2%  87.31  clean__ecba8d5b3b_file_45  (elapsed 1442s, eta 3336s)
2026-10-01T07:11:21Z [869/2876]  30.2%  79.70  clean__ec19540e2c_d6ef382e948b98e757f3fd2067de5daf1a944935d8906ebc  (elapsed 1442s, eta 3331s)
2026-10-01T07:11:22Z [870/2876]  30.3%  58.19  clean__e90feafc5d_0029f3ca10f26d416b2e780ba30b80db0c9ebb359370f90b  (elapsed 1443s, eta 3327s)
2026-10-01T07:11:25Z [871/2876]  30.3%  69.85  clean__ed0aa93b58_file_18  (elapsed 1446s, eta 3328s)
2026-10-01T07:11:26Z [872/2876]  30.3%  91.24  clean__ed8369198d_subscript_demo_style_default_missing_subtitle_st  (elapsed 1447s, eta 3325s)
2026-10-01T07:11:27Z [873/2876]  30.4%  37.34  clean__e855894947_4256746e0764d53f71723c390ba077e50881806719029dd6  (elapsed 1449s, eta 3324s)
2026-10-01T07:11:28Z [874/2876]  30.4%  95.37  clean__edfaa23563_file_181  (elapsed 1449s, eta 3319s)
2026-10-01T07:11:29Z [875/2876]  30.4%  52.18  clean__ea93aecce5_8d45df263debb6a32a3b999fce17c9dcbac55f6bf500108d  (elapsed 1450s, eta 3316s)
2026-10-01T07:11:31Z [876/2876]  30.5%  82.77  clean__ee61fb4ab3_super_editor__base_ordered_fdff1fb2  (elapsed 1452s, eta 3315s)
2026-10-01T07:11:31Z [877/2876]  30.5%  88.26  clean__eeddb2747d_title_style_demo_id_paraid_overflow_title_style  (elapsed 1453s, eta 3311s)
2026-10-01T07:11:32Z [878/2876]  30.5%  89.96  clean__ef1e1c68e9_super_editor__basic_paragraph_1774f4e4  (elapsed 1453s, eta 3307s)
2026-10-01T07:11:34Z [879/2876]  30.6%  59.27  clean__e4d7ce3bd9_007a42f2faa8a051057c5dd3d91e388303765ea38b514333  (elapsed 1455s, eta 3306s)
2026-10-01T07:11:35Z [880/2876]  30.6%  65.34  clean__f04db89d3d_verdana_bold_large_font_id_paraid_overflow_verda  (elapsed 1456s, eta 3302s)
2026-10-01T07:11:36Z [881/2876]  30.6%  73.39  clean__f102bb2f46_super_editor__diff_before5_a5f60578  (elapsed 1458s, eta 3301s)
2026-10-01T07:11:37Z [882/2876]  30.7%  60.70  clean__f152875ca2_file_109  (elapsed 1458s, eta 3296s)
2026-10-01T07:11:39Z [883/2876]  30.7%  64.57  clean__ee24b1bb49_00b81efae883904f11a219b050679a3b0df621693d292ef6  (elapsed 1460s, eta 3296s)
2026-10-01T07:11:40Z [884/2876]  30.7%  80.35  clean__f16e2226f0_single_paragraph_small_font_size_demo_id_paraid  (elapsed 1461s, eta 3292s)
2026-10-01T07:11:40Z [885/2876]  30.8%  92.22  clean__f1ad0ac41a_quarterly_performance_report_table_red_bold_head  (elapsed 1462s, eta 3288s)
2026-10-01T07:11:41Z [886/2876]  30.8%  37.73  clean__ef7218d9e8_001893584bf94ff30c98db48cb8a0ea0ea5abc048f3e1a4d  (elapsed 1462s, eta 3283s)
2026-10-01T07:11:42Z [887/2876]  30.8%  76.60  clean__f1ea4a51fd_hr_onboarding_checklist_table  (elapsed 1463s, eta 3282s)
2026-10-01T07:11:45Z [888/2876]  30.9%  82.77  clean__f26a5e4940_italic_text_formatting_demo_id_paraid_overflow  (elapsed 1467s, eta 3284s)
2026-10-01T07:11:53Z [889/2876]  30.9%  50.40  clean__ef8453bf9c_09f1ccf70597b739a10c1b538c7686017f63363a46df22a3  (elapsed 1475s, eta 3296s)
2026-10-01T07:11:53Z [890/2876]  30.9%  45.39  clean__f23fc5de2e_01a165ce869f5e578901532c8eb2826f6d131e61d8cf4c05  (elapsed 1475s, eta 3291s)
2026-10-01T07:11:54Z [891/2876]  31.0%  43.62  clean__ece6c6931f_1f7522ec9f4a0788daef36fd07bf990f7a588ace17bbc4ee  (elapsed 1475s, eta 3287s)
2026-10-01T07:11:54Z [892/2876]  31.0%  51.64  clean__f2cf7ce77c_004796b5eb1fdfced363c5f20e4b420e9ca902ea3db43979  (elapsed 1476s, eta 3282s)
2026-10-01T07:11:57Z [893/2876]  31.1%  79.60  clean__f32428a03a_file_28  (elapsed 1478s, eta 3283s)
2026-10-01T07:11:57Z [894/2876]  31.1%  74.71  clean__f3100b9f19_times_new_roman_bold_id_paraid_overflow_times_ne  (elapsed 1478s, eta 3277s)
2026-10-01T07:12:01Z [895/2876]  31.1%  67.99  clean__f3b2e74e02_calibri_font_demo_id_paraid_overflow  (elapsed 1482s, eta 3281s)
2026-10-01T07:12:05Z [896/2876]  31.2%  62.18  clean__f43929f70c_verdana_bold_large_font_id_paraid_overflow  (elapsed 1486s, eta 3284s)
2026-10-01T07:12:05Z [897/2876]  31.2%  79.66  clean__f394f45ba5_file_65  (elapsed 1486s, eta 3279s)
2026-10-01T07:12:08Z [898/2876]  31.2%  91.59  clean__f4e1903ff3_super_editor__sd_1707_list_enter_track_changes_w  (elapsed 1490s, eta 3281s)
2026-10-01T07:12:08Z [899/2876]  31.3%  57.74  clean__f49b3b0ec2_super_editor__sd_1919_word_table_74726d6c  (elapsed 1490s, eta 3276s)
2026-10-01T07:12:11Z [900/2876]  31.3%  68.97  clean__f4faa3ad63_file_129  (elapsed 1492s, eta 3276s)
2026-10-01T07:12:11Z [901/2876]  31.3%  63.68  clean__f584285fed_behavior__sd_2672_gridbefore_vmerge_7c895dff  (elapsed 1492s, eta 3271s)
2026-10-01T07:12:13Z [902/2876]  31.4%  68.39  clean__f601de1855_file_152  (elapsed 1495s, eta 3271s)
2026-10-01T07:12:15Z [903/2876]  31.4%  50.83  clean__b2667db50d_77a83563cfd223a53b4371f40d57ac46e1e7b0f1ced0a1a4  (elapsed 1496s, eta 3269s)
2026-10-01T07:12:17Z [904/2876]  31.4%  78.59  clean__f400cafcba_6565bfe1c9b7b19a2feedc7c358db69a32ed064149f2920f  (elapsed 1498s, eta 3268s)
2026-10-01T07:12:17Z [905/2876]  31.5%  49.59  clean__f60e9642cd_04aa80f3308e053bfb2638534aacd2a17fb25b786aa3465d  (elapsed 1499s, eta 3264s)
2026-10-01T07:12:19Z [906/2876]  31.5%  40.24  clean__f3627c3358_647bbcfb5983dbb22eec3b8e052f418bcfc1a5e5b81cbcb8  (elapsed 1500s, eta 3262s)
2026-10-01T07:12:20Z [907/2876]  31.5%  73.94  clean__f644da9aeb_employee_directory_table_2  (elapsed 1501s, eta 3259s)
2026-10-01T07:12:20Z [908/2876]  31.6%  47.70  clean__f2073a2ee6_77d6cee0d30acd05102c75fd5b8140c0a9a1d0b565979f31  (elapsed 1501s, eta 3254s)
2026-10-01T07:12:22Z [909/2876]  31.6%  67.91  clean__f6de76cc94_numbered_list_italic_demo_id_paraid_overflow  (elapsed 1504s, eta 3254s)
2026-10-01T07:12:23Z [910/2876]  31.6%  75.58  clean__f6e1c253ff_super_editor__diff_before9_9818a85f  (elapsed 1504s, eta 3250s)
2026-10-01T07:12:24Z [911/2876]  31.7%  91.32  clean__f71a12ee23_super_editor__fields_attrs1_83837249  (elapsed 1505s, eta 3246s)
2026-10-01T07:12:24Z [912/2876]  31.7%  78.97  clean__f62e209c7c_super_editor__paragraph_ppr_variations_a7653eb1  (elapsed 1506s, eta 3243s)
2026-10-01T07:12:25Z [913/2876]  31.7%  83.10  clean__f77c192b20_inventory_list_suggesting_mixed_edits_it_securit  (elapsed 1507s, eta 3239s)
2026-10-01T07:12:27Z [914/2876]  31.8%  60.77  clean__f620bc5c6d_41bae32dd2e76af1f00d37af7b3a353ca826cd6e8c20052c  (elapsed 1508s, eta 3238s)
2026-10-01T07:12:29Z [915/2876]  31.8%  58.41  clean__f7ece685ff_behavior__math_limit_tests_6dc07867  (elapsed 1510s, eta 3236s)
2026-10-01T07:12:30Z [916/2876]  31.8%  80.55  clean__f6b4dee45a_c8545d372b_accepted_tracking  (elapsed 1511s, eta 3234s)
2026-10-01T07:12:32Z [917/2876]  31.9%  82.71  clean__f84571f3fc_bold_text_formatting_demo_id_paraid_overflow_2  (elapsed 1514s, eta 3234s)
2026-10-01T07:12:33Z [918/2876]  31.9%  81.73  clean__f861082da1_067bd871b9_rejected_tracking  (elapsed 1514s, eta 3230s)
2026-10-01T07:12:37Z [919/2876]  32.0%  68.46  clean__f8cb67d689_file_3  (elapsed 1518s, eta 3233s)
2026-10-01T07:12:37Z [920/2876]  32.0%  89.39  clean__f8d6c495b6_font_color_blue_demo_style_default_missing_font  (elapsed 1518s, eta 3227s)
2026-10-01T07:12:39Z [921/2876]  32.0%  65.15  clean__f795b96ac4_behavior__math_delimiter_tests_c9d034dc  (elapsed 1520s, eta 3226s)
2026-10-01T07:12:39Z [922/2876]  32.1%  73.38  clean__f89ff5989b_evals__nda_7f304918  (elapsed 1521s, eta 3223s)
2026-10-01T07:12:41Z [923/2876]  32.1%  66.03  clean__f8ecf81d8b_font_size_demo_id_paraid_overflow  (elapsed 1522s, eta 3220s)
2026-10-01T07:12:41Z [924/2876]  32.1%  69.70  clean__f8f7ed1dc0_file_4  (elapsed 1522s, eta 3215s)
2026-10-01T07:12:43Z [925/2876]  32.2%  79.10  clean__f8f9857e80_title_style_demo_id_paraid_overflow  (elapsed 1524s, eta 3214s)
2026-10-01T07:12:45Z [926/2876]  32.2%  62.49  clean__f9d82568a6_q1_sales_summary_table_2_q1_sales_summary_table  (elapsed 1526s, eta 3214s)
2026-10-01T07:12:48Z [927/2876]  32.2%  91.84  clean__fa4d5010d8_layout_engine__basic_vector_shapes_e5f0ef49  (elapsed 1529s, eta 3216s)
2026-10-01T07:12:49Z [928/2876]  32.3%  52.27  clean__f94c56aefc_5da228de557ae69509564519e7e940c13f94199ac4cbd002  (elapsed 1530s, eta 3212s)
2026-10-01T07:12:52Z [929/2876]  32.3%  63.38  clean__fa962f4b9d_file_79  (elapsed 1533s, eta 3214s)
2026-10-01T07:12:54Z [930/2876]  32.3%  83.80  clean__faa7c6b110_file_88  (elapsed 1535s, eta 3212s)
2026-10-01T07:12:56Z [931/2876]  32.4%  67.90  clean__fad179ac0c_file_85  (elapsed 1537s, eta 3211s)
2026-10-01T07:12:58Z [932/2876]  32.4%  82.63  clean__fc2bc342dc_italic_text_formatting_demo_id_paraid_overflow_i  (elapsed 1539s, eta 3210s)
2026-10-01T07:13:00Z [933/2876]  32.4%  83.92  clean__fc6edac423_bullet_list_bold_demo_id_paraid_overflow_bullet  (elapsed 1541s, eta 3210s)
2026-10-01T07:13:02Z [934/2876]  32.5%  82.53  clean__fd5a40bd94_underline_text_formatting_demo_style_default_mis  (elapsed 1543s, eta 3209s)
2026-10-01T07:13:07Z [935/2876]  32.5%  85.43  clean__fdabb735ad_bold_text_formatting_demo_id_paraid_overflow  (elapsed 1548s, eta 3214s)
2026-10-01T07:13:09Z [936/2876]  32.5%  78.41  clean__f786f1da65_001921017566904561ee8ce26ec591c5fb4cd1655b295518  (elapsed 1550s, eta 3214s)
2026-10-01T07:13:09Z [937/2876]  32.6%  62.14  clean__fd68f70f24_super_editor__ooxml_highlight_rstyle_linked_comb  (elapsed 1551s, eta 3209s)
2026-10-01T07:13:11Z [938/2876]  32.6%  67.62  clean__fdaf71bd6b_file_38  (elapsed 1552s, eta 3207s)
2026-10-01T07:13:13Z [939/2876]  32.6%  50.41  clean__f235c0d3f7_ad2add2aad4f07a8bab66ba9df06bac74d5dd077c6809d37  (elapsed 1554s, eta 3207s)
2026-10-01T07:13:27Z [940/2876]  32.7%  58.71  clean__fe11d14f44_behavior__sd_2447_toc_tab_alignment_8319c14c  (elapsed 1568s, eta 3230s)
2026-10-01T07:13:28Z [941/2876]  32.7%  42.68  clean__fe30a2695f_c51f8e00074742f311f06858841150c6302e5421dca6a679  (elapsed 1569s, eta 3227s)
2026-10-01T07:13:29Z [942/2876]  32.8%  55.46  clean__f7988c556b_069252c3fde38e4d9f87c5a8a48590195facf9a409032580  (elapsed 1570s, eta 3223s)
2026-10-01T07:13:30Z [943/2876]  32.8%  76.05  clean__fe882784bb_006eedc2246254bb2c376c4e2fac8d13af3085331fd4d55b  (elapsed 1572s, eta 3222s)
2026-10-01T07:13:36Z [944/2876]  32.8%  81.52  clean__f999eb0cd4_b8eb69d5da1651ac1d6f5b7266fd567672cda7a9e9eab37b  (elapsed 1577s, eta 3227s)
2026-10-01T07:13:36Z [945/2876]  32.9%  66.80  clean__ffe6488f77_02d34f01cc1f76fda7d8f6f0484f1b62d066916e75fc6767  (elapsed 1577s, eta 3223s)
2026-10-01T07:13:38Z [946/2876]  32.9%  79.43  tracking_without_comments__003c8c6d7d_4433455597_rejected_tracking  (elapsed 1579s, eta 3222s)
2026-10-01T07:13:46Z [947/2876]  32.9%  51.19  clean__f9fd30aee1_1c7818800c02640e8e44b03151617024d45b0d6e3d7de49b  (elapsed 1587s, eta 3232s)
2026-10-01T07:13:46Z [948/2876]  33.0%  78.42  tracking_without_comments__0048ba31dd_000be19a055234f8e79ec0baadc41d2a49050b2ea0a60654__vs__2773adf157_0004c94ca2a8684d47449bb0e7abf87de1df71a7e6543252_redline_c666af0e39  (elapsed 1587s, eta 3227s)
2026-10-01T07:13:46Z [949/2876]  33.0%  47.48  tracking_without_comments__0048ba31dd_000be19a055234f8e79ec0baadc41d2a49050b2ea0a60654__vs__2e04202552_000e3e7bd2d6215fc7b469cc3e296c1b2a510bc1abc7e0fd_redline_eb12b8215b  (elapsed 1587s, eta 3223s)
2026-10-01T07:13:50Z [950/2876]  33.0%  44.92  tracking_without_comments__0048ba31dd_000be19a055234f8e79ec0baadc41d2a49050b2ea0a60654__vs__333bfe069a_003416d620331122b93b434dad901db5836f60d2cad4b533_redline_89b5ffd92a  (elapsed 1592s, eta 3227s)
2026-10-01T07:13:58Z [951/2876]  33.1%  75.95  tracking_without_comments__0048ba31dd_000be19a055234f8e79ec0baadc41d2a49050b2ea0a60654__vs__1424386e9b_017447de83753a0e3b7afc659df038ef56972925336c6a5b_redline_2c803faa14  (elapsed 1599s, eta 3236s)
2026-10-01T07:13:58Z [952/2876]  33.1%  50.81  tracking_without_comments__0048ba31dd_000be19a055234f8e79ec0baadc41d2a49050b2ea0a60654__vs__5203829c7a_001cc92b88566d5f930fe57f25813c0bf52a7bdc72c217d0_redline_5fee58b86b  (elapsed 1599s, eta 3232s)
2026-10-01T07:14:00Z [953/2876]  33.1%  49.48  tracking_without_comments__0048ba31dd_000be19a055234f8e79ec0baadc41d2a49050b2ea0a60654__vs__aa5340125d_00a4b0b91e9b5b072dc3771391c2d608518690eccf44eae8_redline_8d5cf8c9ad  (elapsed 1601s, eta 3231s)
2026-10-01T07:14:00Z [954/2876]  33.2%  72.89  tracking_without_comments__0048ba31dd_000be19a055234f8e79ec0baadc41d2a49050b2ea0a60654__vs__342f364d46_001342333d45627868f4dc5282abbba4598a91b4a7584b08_redline_26be3a210e  (elapsed 1601s, eta 3226s)
2026-10-01T07:14:02Z [955/2876]  33.2%  63.68  tracking_without_comments__0086695f46_file_124  (elapsed 1603s, eta 3225s)
2026-10-01T07:14:04Z [956/2876]  33.2%  81.19  tracking_without_comments__00da16e738_heading_4_style_demo_id_paraid_overflow_2__vs__82928b2e05_heading_4_style_demo_id_paraid_overflow_redline_dbb8dfdd88  (elapsed 1605s, eta 3223s)
2026-10-01T07:14:05Z [957/2876]  33.3%  65.44  tracking_without_comments__0048ba31dd_000be19a055234f8e79ec0baadc41d2a49050b2ea0a60654__vs__bd3824dd1e_000ee64ef7226d353297888f59a251e24ce5d776fea000fa_redline_f852ffac2f  (elapsed 1606s, eta 3220s)
2026-10-01T07:14:05Z [958/2876]  33.3%  80.95  tracking_without_comments__017c22e2a3_heading_3_style_demo_id_paraid_overflow_2__vs__e0e6c96bb7_heading_3_style_demo_id_paraid_overflow_redline_db52aa8564  (elapsed 1606s, eta 3216s)
2026-10-01T07:14:09Z [959/2876]  33.3%  46.54  tracking_without_comments__0018843794_889f4c3958e28978a0d96a95a8938d9eb0dc100e66f7c483__vs__943e62959d_88646e9284c944b7dd39810ba5832dbf955c2892c6161f87_redline_49aa6b8d2f  (elapsed 1611s, eta 3220s)
2026-10-01T07:14:12Z [960/2876]  33.4%  50.97  tracking_without_comments__01d1b3da75_table_bookmark_end__vs__906753e55b_super_editor__table_c70ca973_redline_ba99cf4c8d  (elapsed 1613s, eta 3219s)
2026-10-01T07:14:12Z [961/2876]  33.4%  52.64  tracking_without_comments__0048ba31dd_000be19a055234f8e79ec0baadc41d2a49050b2ea0a60654__vs__deff0e697a_00b5defcad6e58038eac35472a2d48c89905068e5ece0cc3_redline_eb94542086  (elapsed 1613s, eta 3214s)
2026-10-01T07:14:12Z [962/2876]  33.4%  50.97  tracking_without_comments__01d1b3da75_table_bookmark_end__vs__906753e55b_super_editor__table_c70ca973_redline_f6531f6275  (elapsed 1613s, eta 3210s)
2026-10-01T07:14:13Z [963/2876]  33.5%  79.53  tracking_without_comments__0203b5fed7_strikethrough_bold_demo_id_paraid_overflow__vs__aa62a37db2_strikethrough_text_demo_id_paraid_overflow_redline_6bdb89e297  (elapsed 1614s, eta 3207s)
2026-10-01T07:14:14Z [964/2876]  33.5%  77.49  tracking_without_comments__02c9605488_bold_superscript_demo_style_default_missing__vs__f84571f3fc_bold_text_formatting_demo_id_paraid_overflow_2_redline_e1b23f59d9  (elapsed 1615s, eta 3204s)
2026-10-01T07:14:15Z [965/2876]  33.6%  64.96  tracking_without_comments__00f467c010_0008753aa70a6a7b929aa1958001da41574c2d407e5b9863__vs__5203829c7a_001cc92b88566d5f930fe57f25813c0bf52a7bdc72c217d0_redline_bbbf7b39f6  (elapsed 1616s, eta 3201s)
2026-10-01T07:14:16Z [966/2876]  33.6%  79.25  tracking_without_comments__045a9b188d_heading_1_style_demo_id_paraid_overflow__vs__687da097e9_heading_2_center_demo_id_paraid_overflow_redline_5f413430ed  (elapsed 1617s, eta 3198s)
2026-10-01T07:14:19Z [967/2876]  33.6%  52.20  clean__e06360ad93_895dbdb5cb68e336d5f090a2e2db02328ed308aa8ddad9a8  (elapsed 1620s, eta 3198s)
2026-10-01T07:14:20Z [968/2876]  33.7%  42.78  tracking_without_comments__048870ce18_014178090497722649b8e7aedf646339a3189ee7fe69a596__vs__5203829c7a_001cc92b88566d5f930fe57f25813c0bf52a7bdc72c217d0_redline_410ba57425  (elapsed 1621s, eta 3195s)
2026-10-01T07:14:21Z [969/2876]  33.7%  45.49  tracking_without_comments__0048ba31dd_000be19a055234f8e79ec0baadc41d2a49050b2ea0a60654__vs__a5f2b9318d_002aa60c2ae1187417b4b157c5ec6450324cc056ec551a12_redline_1605249acc  (elapsed 1622s, eta 3192s)
2026-10-01T07:14:24Z [970/2876]  33.7%  76.67  tracking_without_comments__049a315896_super_editor__hyperlink_multiple_runs_0138c312__vs__2dc3e97d2a_super_editor__hyperlink_node_52b7695b_redline_06963cb3b7  (elapsed 1625s, eta 3193s)
2026-10-01T07:14:24Z [971/2876]  33.8%  78.03  tracking_without_comments__049a315896_super_editor__hyperlink_multiple_runs_0138c312__vs__2ad2fc5ab0_super_editor__diff_before10_2f84ca55_redline_a098bd5ad9  (elapsed 1626s, eta 3189s)
2026-10-01T07:14:30Z [972/2876]  33.8%  59.00  tracking_without_comments__049a315896_super_editor__hyperlink_multiple_runs_0138c312__vs__fd68f70f24_super_editor__ooxml_highlight_rstyle_linked_comb_redline_5593a84995  (elapsed 1631s, eta 3195s)
2026-10-01T07:14:39Z [973/2876]  33.8%  39.75  tracking_without_comments__03aa687c07_0fef17a42714273fc90f69ea4dc8d6b2028449267539750a__vs__7772e684bb_056aa42f3314a8a17098cba6c7afb8c21d27fc3bf274f137_redline_0d33c3afef  (elapsed 1640s, eta 3208s)
2026-10-01T07:14:45Z [974/2876]  33.9%  42.73  tracking_without_comments__04dafefc52_00048cb6667d721bdb2219ecbadb6eb369e439c130ac475e__vs__2e04202552_000e3e7bd2d6215fc7b469cc3e296c1b2a510bc1abc7e0fd_redline_c6e40e9907  (elapsed 1647s, eta 3215s)
2026-10-01T07:14:49Z [975/2876]  33.9%  41.00  tracking_without_comments__04dafefc52_00048cb6667d721bdb2219ecbadb6eb369e439c130ac475e__vs__1424386e9b_017447de83753a0e3b7afc659df038ef56972925336c6a5b_redline_b34148d916  (elapsed 1650s, eta 3218s)
2026-10-01T07:14:53Z [976/2876]  33.9%  45.29  tracking_without_comments__04dafefc52_00048cb6667d721bdb2219ecbadb6eb369e439c130ac475e__vs__2773adf157_0004c94ca2a8684d47449bb0e7abf87de1df71a7e6543252_redline_b99334425c  (elapsed 1655s, eta 3221s)
2026-10-01T07:15:03Z [977/2876]  34.0%  45.45  tracking_without_comments__04dafefc52_00048cb6667d721bdb2219ecbadb6eb369e439c130ac475e__vs__333bfe069a_003416d620331122b93b434dad901db5836f60d2cad4b533_redline_3be4fcdaf1  (elapsed 1664s, eta 3235s)
2026-10-01T07:15:13Z [978/2876]  34.0%  58.58  tracking_without_comments__04dafefc52_00048cb6667d721bdb2219ecbadb6eb369e439c130ac475e__vs__5203829c7a_001cc92b88566d5f930fe57f25813c0bf52a7bdc72c217d0_redline_31a9b5c200  (elapsed 1674s, eta 3249s)
2026-10-01T07:15:18Z [979/2876]  34.0%  63.89  tracking_without_comments__04dafefc52_00048cb6667d721bdb2219ecbadb6eb369e439c130ac475e__vs__342f364d46_001342333d45627868f4dc5282abbba4598a91b4a7584b08_redline_7876988ef8  (elapsed 1679s, eta 3254s)
2026-10-01T07:15:23Z [980/2876]  34.1%  67.81  tracking_without_comments__053c86de5f_open_sans_bold_underline_id_paraid_overflow__vs__4173c2bb01_open_sans_font_demo_id_paraid_overflow_2_redline_7f178a1c3a  (elapsed 1684s, eta 3259s)
2026-10-01T07:15:27Z [981/2876]  34.1%  65.33  tracking_without_comments__04dafefc52_00048cb6667d721bdb2219ecbadb6eb369e439c130ac475e__vs__bd3824dd1e_000ee64ef7226d353297888f59a251e24ce5d776fea000fa_redline_d5374ad215  (elapsed 1688s, eta 3261s)
2026-10-01T07:15:41Z [982/2876]  34.1%  76.96  tracking_without_comments__058cd936de_super_editor__image_doc_c7d007ac__vs__3ad13eed3d_evals__document_9bff7e1b_redline_a70f51680b  (elapsed 1702s, eta 3283s)
2026-10-01T07:15:44Z [983/2876]  34.2%  77.00  tracking_without_comments__058cd936de_super_editor__image_doc_c7d007ac__vs__3ad13eed3d_evals__document_9bff7e1b_redline_dd5bc80bc2  (elapsed 1705s, eta 3283s)
2026-10-01T07:15:46Z [984/2876]  34.2%  44.69  tracking_without_comments__04dafefc52_00048cb6667d721bdb2219ecbadb6eb369e439c130ac475e__vs__deff0e697a_00b5defcad6e58038eac35472a2d48c89905068e5ece0cc3_redline_4ea3d6091d  (elapsed 1707s, eta 3282s)
2026-10-01T07:15:55Z [985/2876]  34.2%  79.90  tracking_without_comments__058cd936de_super_editor__image_doc_c7d007ac__vs__c2d49e9ede_super_editor__sd_978_remove_table_borders_47f7ed_redline_0a77798df5  (elapsed 1716s, eta 3294s)
2026-10-01T07:15:57Z [986/2876]  34.3%  63.36  clean__acce1b593c_4bb73d9addf1f02e3a2132dcd33a8feb4dfcbe076d43bb0f  (elapsed 1718s, eta 3293s)
2026-10-01T07:16:04Z [987/2876]  34.3%  79.84  tracking_without_comments__058cd936de_super_editor__image_doc_c7d007ac__vs__c2d49e9ede_super_editor__sd_978_remove_table_borders_47f7ed_redline_d612da739b  (elapsed 1725s, eta 3301s)
2026-10-01T07:16:09Z [988/2876]  34.4%  86.44  tracking_without_comments__058cd936de_super_editor__image_doc_c7d007ac__vs__de8054b3bc_super_editor__image_p_spacing_9b211fd7_redline_8859b473b1  (elapsed 1730s, eta 3306s)
2026-10-01T07:16:09Z [989/2876]  34.4%  40.21  tracking_without_comments__04dafefc52_00048cb6667d721bdb2219ecbadb6eb369e439c130ac475e__vs__a5f2b9318d_002aa60c2ae1187417b4b157c5ec6450324cc056ec551a12_redline_c12a65b46b  (elapsed 1731s, eta 3302s)
2026-10-01T07:16:16Z [990/2876]  34.4%  67.18  tracking_without_comments__060415914f_file_63  (elapsed 1737s, eta 3309s)
2026-10-01T07:16:17Z [991/2876]  34.5%  86.40  tracking_without_comments__058cd936de_super_editor__image_doc_c7d007ac__vs__de8054b3bc_super_editor__image_p_spacing_9b211fd7_redline_e09001156b  (elapsed 1738s, eta 3307s)
2026-10-01T07:16:20Z [992/2876]  34.5%  81.76  tracking_without_comments__0728d64a65_file_182  (elapsed 1741s, eta 3307s)
2026-10-01T07:16:23Z [993/2876]  34.5%  36.08  tracking_without_comments__0184ed196b_d1e39fbd150188925826317aa801105b2fd447d47d007d25__vs__1fef0faeb8_01e7cd937539623ca99c2064895121fa38c3e2d7312c8725_redline_7ded25754f  (elapsed 1745s, eta 3309s)
2026-10-01T07:16:35Z [994/2876]  34.6%  74.67  tracking_without_comments__048aab732f_4bec88f88424107024aff883b5838333fbae149ecfa95e3e__vs__f9fd30aee1_1c7818800c02640e8e44b03151617024d45b0d6e3d7de49b_redline_f43143bbb5  (elapsed 1756s, eta 3325s)
2026-10-01T07:16:39Z [995/2876]  34.6%  60.42  tracking_without_comments__07b0453a36_2efbf6c1fe705addb0f4fb43ea69a71c47105e7be71715b7__vs__e379200bc8_1b7632e27e469daa34dd696fa9370ab73c920f9f864bd931_redline_19ec82a96f  (elapsed 1760s, eta 3328s)
2026-10-01T07:16:39Z [996/2876]  34.6%  36.31  tracking_without_comments__0800162a66_000799b53487acb327ccf0c0ab87fb14b9e8636346719296__vs__5203829c7a_001cc92b88566d5f930fe57f25813c0bf52a7bdc72c217d0_redline_86f2cf4fed  (elapsed 1761s, eta 3323s)
2026-10-01T07:16:40Z [997/2876]  34.7%  54.97  tracking_without_comments__05cadf8b81_b41061303601c5466eaae8808a8196ad9aa4e79040a716a9__vs__7e0db913e2_beeb804b22eaff60a3f67611690f5c9b42475c58bf23fd75_redline_e23c1442ca  (elapsed 1761s, eta 3319s)
2026-10-01T07:16:46Z [998/2876]  34.7%  70.07  tracking_without_comments__0800162a66_000799b53487acb327ccf0c0ab87fb14b9e8636346719296__vs__342f364d46_001342333d45627868f4dc5282abbba4598a91b4a7584b08_redline_a801cecdd1  (elapsed 1767s, eta 3325s)
2026-10-01T07:16:50Z [999/2876]  34.7%  39.09  tracking_without_comments__0800162a66_000799b53487acb327ccf0c0ab87fb14b9e8636346719296__vs__bd3824dd1e_000ee64ef7226d353297888f59a251e24ce5d776fea000fa_redline_0612a68195  (elapsed 1772s, eta 3329s)
2026-10-01T07:16:52Z [1000/2876]  34.8%  41.28  tracking_without_comments__058cd936de_super_editor__image_doc_c7d007ac__vs__9586202517_super_editor__two_column_two_page_0b8a37c5_redline_941f26af01  (elapsed 1773s, eta 3327s)
2026-10-01T07:16:55Z [1001/2876]  34.8%  81.15  tracking_without_comments__08e3f68925_bold_underline_combined_demo_id_paraid_overflow__vs__e29df71807_bold_underline_highlight_demo_id_paraid_overflow_redline_ba1b65356f  (elapsed 1777s, eta 3328s)
2026-10-01T07:16:56Z [1002/2876]  34.8%  65.11  tracking_without_comments__09c4b04252_project_tasks_suggesting_insertions_2  (elapsed 1777s, eta 3324s)
2026-10-01T07:16:59Z [1003/2876]  34.9%  51.49  tracking_without_comments__0837a5af9f_7a60ec99bd_rejected_tracking  (elapsed 1780s, eta 3324s)
2026-10-01T07:16:59Z [1004/2876]  34.9%  58.95  tracking_without_comments__08db38e816_ece42865e7_accepted_tracking  (elapsed 1780s, eta 3319s)
2026-10-01T07:17:00Z [1005/2876]  34.9%  50.07  clean__d5049aaec2_c73c128db4c8f0b0683396b603a070256a36b398f91585f0  (elapsed 1781s, eta 3317s)
2026-10-01T07:17:01Z [1006/2876]  35.0%  41.29  tracking_without_comments__058cd936de_super_editor__image_doc_c7d007ac__vs__9586202517_super_editor__two_column_two_page_0b8a37c5_redline_edebb5ef96  (elapsed 1782s, eta 3312s)
2026-10-01T07:17:16Z [1007/2876]  35.0%  70.38  tracking_without_comments__0a0b6470c3_00051beee50076d47db468069cab455933b72d9df9165e1f__vs__2773adf157_0004c94ca2a8684d47449bb0e7abf87de1df71a7e6543252_redline_5eadd8381f  (elapsed 1798s, eta 3336s)
2026-10-01T07:17:17Z [1008/2876]  35.0%  45.06  tracking_without_comments__0a0b6470c3_00051beee50076d47db468069cab455933b72d9df9165e1f__vs__2e04202552_000e3e7bd2d6215fc7b469cc3e296c1b2a510bc1abc7e0fd_redline_f0df95a86d  (elapsed 1799s, eta 3333s)
2026-10-01T07:17:25Z [1009/2876]  35.1%  48.78  tracking_without_comments__0a0b6470c3_00051beee50076d47db468069cab455933b72d9df9165e1f__vs__5203829c7a_001cc92b88566d5f930fe57f25813c0bf52a7bdc72c217d0_redline_ebb062d676  (elapsed 1807s, eta 3343s)
2026-10-01T07:17:34Z [1010/2876]  35.1%  49.10  tracking_without_comments__0a0b6470c3_00051beee50076d47db468069cab455933b72d9df9165e1f__vs__1424386e9b_017447de83753a0e3b7afc659df038ef56972925336c6a5b_redline_ef05358204  (elapsed 1815s, eta 3354s)
2026-10-01T07:17:36Z [1011/2876]  35.2%  67.51  tracking_without_comments__0a0b6470c3_00051beee50076d47db468069cab455933b72d9df9165e1f__vs__342f364d46_001342333d45627868f4dc5282abbba4598a91b4a7584b08_redline_65f635473d  (elapsed 1817s, eta 3352s)
2026-10-01T07:17:41Z [1012/2876]  35.2%  77.01  tracking_without_comments__0a1badc333_super_editor__missing_sectpr_967a402d__vs__7a48682ea5_super_editor__superdoc_hyperlink_cases_1dde9cd3_redline_c69f43f277  (elapsed 1823s, eta 3357s)
2026-10-01T07:17:42Z [1013/2876]  35.2%  36.72  tracking_without_comments__0a0b6470c3_00051beee50076d47db468069cab455933b72d9df9165e1f__vs__333bfe069a_003416d620331122b93b434dad901db5836f60d2cad4b533_redline_8e445de442  (elapsed 1823s, eta 3352s)
2026-10-01T07:17:46Z [1014/2876]  35.3%  53.21  tracking_without_comments__0a1badc333_super_editor__missing_sectpr_967a402d__vs__8ee210e927_super_editor__missing_separator_41c823b9_redline_f32cc08e58  (elapsed 1827s, eta 3356s)
2026-10-01T07:17:48Z [1015/2876]  35.3%  57.62  tracking_without_comments__0a1badc333_super_editor__missing_sectpr_967a402d__vs__8ee210e927_super_editor__missing_separator_41c823b9_redline_f8d1d0bcfa  (elapsed 1829s, eta 3353s)
2026-10-01T07:17:51Z [1016/2876]  35.3%  74.05  tracking_without_comments__0a1badc333_super_editor__missing_sectpr_967a402d__vs__b5a6dd6c66_super_editor__diff_before_019353a2_redline_5e1c82cdea  (elapsed 1832s, eta 3355s)
2026-10-01T07:17:53Z [1017/2876]  35.4%  55.31  tracking_without_comments__0a0b6470c3_00051beee50076d47db468069cab455933b72d9df9165e1f__vs__aa5340125d_00a4b0b91e9b5b072dc3771391c2d608518690eccf44eae8_redline_9a24c84c64  (elapsed 1834s, eta 3352s)
2026-10-01T07:17:53Z [1018/2876]  35.4%  74.28  tracking_without_comments__0a1badc333_super_editor__missing_sectpr_967a402d__vs__b5a6dd6c66_super_editor__diff_before_019353a2_redline_d17f11acda  (elapsed 1834s, eta 3347s)
2026-10-01T07:17:56Z [1019/2876]  35.4%  76.28  tracking_without_comments__0a1badc333_super_editor__missing_sectpr_967a402d__vs__c1023db5c5_super_editor__fields_test_4a8ffd8c_redline_4d1c94901b  (elapsed 1837s, eta 3348s)
2026-10-01T07:17:57Z [1020/2876]  35.5%  76.28  tracking_without_comments__0a1badc333_super_editor__missing_sectpr_967a402d__vs__c1023db5c5_super_editor__fields_test_4a8ffd8c_redline_740c645c1d  (elapsed 1838s, eta 3344s)
2026-10-01T07:17:58Z [1021/2876]  35.5%  62.57  tracking_without_comments__0a0b6470c3_00051beee50076d47db468069cab455933b72d9df9165e1f__vs__bd3824dd1e_000ee64ef7226d353297888f59a251e24ce5d776fea000fa_redline_58b902304a  (elapsed 1839s, eta 3341s)
2026-10-01T07:18:02Z [1022/2876]  35.5%  74.59  tracking_without_comments__0a2898b58a_evals__report_with_formatting_03f385ed__vs__e844ea2053_evals__table_doc_4d728d83_redline_120ab3f7db  (elapsed 1843s, eta 3344s)
2026-10-01T07:18:03Z [1023/2876]  35.6%  74.35  tracking_without_comments__0a2898b58a_evals__report_with_formatting_03f385ed__vs__e844ea2053_evals__table_doc_4d728d83_redline_88eaa1668c  (elapsed 1844s, eta 3340s)
2026-10-01T07:18:05Z [1024/2876]  35.6%  57.41  tracking_without_comments__0b1d0278ce_behavior__math_radical_tests_4c1ce187__vs__4858c9853b_behavior__multi_image_types_b962a2b8_redline_6130625780  (elapsed 1847s, eta 3340s)
2026-10-01T07:18:10Z [1025/2876]  35.6%  57.12  tracking_without_comments__0b1d0278ce_behavior__math_radical_tests_4c1ce187__vs__4858c9853b_behavior__multi_image_types_b962a2b8_redline_e68181a3c7  (elapsed 1851s, eta 3343s)
2026-10-01T07:18:19Z [1026/2876]  35.7%  43.56  tracking_without_comments__0b5f1f7cad_003ca0a88e8358b347e771feb6970ff773753fad85416364__vs__2773adf157_0004c94ca2a8684d47449bb0e7abf87de1df71a7e6543252_redline_05d5797055  (elapsed 1860s, eta 3354s)
2026-10-01T07:18:20Z [1027/2876]  35.7%  51.41  tracking_without_comments__0a0b6470c3_00051beee50076d47db468069cab455933b72d9df9165e1f__vs__a5f2b9318d_002aa60c2ae1187417b4b157c5ec6450324cc056ec551a12_redline_dc35c92ac9  (elapsed 1862s, eta 3351s)
2026-10-01T07:18:20Z [1028/2876]  35.7%  51.31  tracking_without_comments__0b5f1f7cad_003ca0a88e8358b347e771feb6970ff773753fad85416364__vs__2e04202552_000e3e7bd2d6215fc7b469cc3e296c1b2a510bc1abc7e0fd_redline_6dc5839703  (elapsed 1862s, eta 3346s)
2026-10-01T07:18:22Z [1029/2876]  35.8%  47.25  tracking_without_comments__0b5f1f7cad_003ca0a88e8358b347e771feb6970ff773753fad85416364__vs__1424386e9b_017447de83753a0e3b7afc659df038ef56972925336c6a5b_redline_03f6215960  (elapsed 1863s, eta 3345s)
2026-10-01T07:18:22Z [1030/2876]  35.8%  56.83  tracking_without_comments__0a0b6470c3_00051beee50076d47db468069cab455933b72d9df9165e1f__vs__deff0e697a_00b5defcad6e58038eac35472a2d48c89905068e5ece0cc3_redline_ee3b23ab22  (elapsed 1864s, eta 3340s)
2026-10-01T07:18:28Z [1031/2876]  35.8%  40.91  tracking_without_comments__0b5f1f7cad_003ca0a88e8358b347e771feb6970ff773753fad85416364__vs__333bfe069a_003416d620331122b93b434dad901db5836f60d2cad4b533_redline_1c63ef411e  (elapsed 1869s, eta 3344s)
2026-10-01T07:18:32Z [1032/2876]  35.9%  45.83  tracking_without_comments__0b5f1f7cad_003ca0a88e8358b347e771feb6970ff773753fad85416364__vs__aa5340125d_00a4b0b91e9b5b072dc3771391c2d608518690eccf44eae8_redline_e7cbc12419  (elapsed 1874s, eta 3348s)
2026-10-01T07:18:33Z [1033/2876]  35.9%  46.47  tracking_without_comments__0b5f1f7cad_003ca0a88e8358b347e771feb6970ff773753fad85416364__vs__5203829c7a_001cc92b88566d5f930fe57f25813c0bf52a7bdc72c217d0_redline_dcbff66ff4  (elapsed 1874s, eta 3344s)
2026-10-01T07:18:33Z [1034/2876]  36.0%  44.32  tracking_without_comments__0a45c11e26_f3be0709437e3db487c472a0932f83d94984b9015dcc4642__vs__99c11b7d8e_f518c13245b2fdb7c69dc16a268913a43656a97451645fbe_redline_f30cea827b  (elapsed 1875s, eta 3340s)
2026-10-01T07:18:38Z [1035/2876]  36.0%  55.86  tracking_without_comments__0b5f1f7cad_003ca0a88e8358b347e771feb6970ff773753fad85416364__vs__deff0e697a_00b5defcad6e58038eac35472a2d48c89905068e5ece0cc3_redline_02f4fccc04  (elapsed 1879s, eta 3342s)
2026-10-01T07:18:38Z [1036/2876]  36.0%  61.50  tracking_without_comments__0b5f1f7cad_003ca0a88e8358b347e771feb6970ff773753fad85416364__vs__342f364d46_001342333d45627868f4dc5282abbba4598a91b4a7584b08_redline_5f99a29063  (elapsed 1880s, eta 3338s)
2026-10-01T07:18:39Z [1037/2876]  36.1%  61.33  tracking_without_comments__0b5f1f7cad_003ca0a88e8358b347e771feb6970ff773753fad85416364__vs__bd3824dd1e_000ee64ef7226d353297888f59a251e24ce5d776fea000fa_redline_5ecff6e34d  (elapsed 1880s, eta 3334s)
2026-10-01T07:18:42Z [1038/2876]  36.1%  60.74  tracking_without_comments__0ba7565d69_c88672a4fd_rejected_tracking  (elapsed 1883s, eta 3335s)
2026-10-01T07:18:43Z [1039/2876]  36.1%  74.27  tracking_without_comments__0cf73436ac_contract_review_suggesting_insertions  (elapsed 1885s, eta 3332s)
2026-10-01T07:18:47Z [1040/2876]  36.2%  68.05  tracking_without_comments__0e08fd6d80_super_editor__diff_before19_97e0f4e6__vs__1e1f1ad583_super_editor__diff_before2_ca0c6859_redline_e305704a74  (elapsed 1888s, eta 3333s)
2026-10-01T07:18:48Z [1041/2876]  36.2%  68.05  tracking_without_comments__0e08fd6d80_super_editor__diff_before19_97e0f4e6__vs__1e1f1ad583_super_editor__diff_before2_ca0c6859_redline_54af2359d0  (elapsed 1889s, eta 3330s)
2026-10-01T07:18:51Z [1042/2876]  36.2%  56.30  tracking_without_comments__0bf5192ed0_00afb3e6b2bb1a5ab1e1770ba41f6f455f87472d24ab2767__vs__5203829c7a_001cc92b88566d5f930fe57f25813c0bf52a7bdc72c217d0_redline_d51a137260  (elapsed 1892s, eta 3331s)
2026-10-01T07:18:53Z [1043/2876]  36.3%  73.55  tracking_without_comments__0e08fd6d80_super_editor__diff_before19_97e0f4e6__vs__301e302820_super_editor__basic_page_nums_d5b08fc3_redline_64ee3d6f02  (elapsed 1894s, eta 3329s)
2026-10-01T07:18:54Z [1044/2876]  36.3%  73.54  tracking_without_comments__0e08fd6d80_super_editor__diff_before19_97e0f4e6__vs__301e302820_super_editor__basic_page_nums_d5b08fc3_redline_813a58decb  (elapsed 1895s, eta 3326s)
2026-10-01T07:18:58Z [1045/2876]  36.3%  76.47  tracking_without_comments__0c8586915b_f8c1ce3e92_accepted_tracking  (elapsed 1899s, eta 3328s)
2026-10-01T07:18:59Z [1046/2876]  36.4%  62.96  tracking_without_comments__0e1d01ec7d_super_editor__doc_with_graphs_diagrams_rotated_e__vs__8a553b35e4_super_editor__doc_with_spaces_from_styles_734ca2_redline_8c8c88a084  (elapsed 1900s, eta 3324s)
2026-10-01T07:19:00Z [1047/2876]  36.4%  62.29  tracking_without_comments__0e1d01ec7d_super_editor__doc_with_graphs_diagrams_rotated_e__vs__8a553b35e4_super_editor__doc_with_spaces_from_styles_734ca2_redline_0a3919850c  (elapsed 1902s, eta 3322s)
2026-10-01T07:19:08Z [1048/2876]  36.4%  50.67  tracking_without_comments__10415d5332_behavior__rtl_mixed_bidi_e955f185__vs__96fa27757a_behavior__rtl_page_numpages_54739e26_redline_1942a590b4  (elapsed 1909s, eta 3330s)
2026-10-01T07:19:08Z [1049/2876]  36.5%  48.96  tracking_without_comments__0e6f813e69_00d2ca27359f3d1d5ee2c2904b48a3e4717faf7fdf6413f6__vs__5203829c7a_001cc92b88566d5f930fe57f25813c0bf52a7bdc72c217d0_redline_2e7da780e1  (elapsed 1909s, eta 3325s)
2026-10-01T07:19:13Z [1050/2876]  36.5%  50.64  tracking_without_comments__10415d5332_behavior__rtl_mixed_bidi_e955f185__vs__96fa27757a_behavior__rtl_page_numpages_54739e26_redline_c9a41b3932  (elapsed 1914s, eta 3329s)
2026-10-01T07:19:14Z [1051/2876]  36.5%  73.60  tracking_without_comments__0f23eb6c94_super_editor__wmf_emf_44a469b8__vs__fe11d14f44_behavior__sd_2447_toc_tab_alignment_8319c14c_redline_0e40245a8f  (elapsed 1916s, eta 3326s)
2026-10-01T07:19:18Z [1052/2876]  36.6%  80.50  tracking_without_comments__11bc12050e_e97f1c7c8f_accepted_tracking  (elapsed 1919s, eta 3328s)
2026-10-01T07:19:19Z [1053/2876]  36.6%  73.53  tracking_without_comments__0f23eb6c94_super_editor__wmf_emf_44a469b8__vs__fe11d14f44_behavior__sd_2447_toc_tab_alignment_8319c14c_redline_d7da0ec57c  (elapsed 1920s, eta 3324s)
2026-10-01T07:19:33Z [1054/2876]  36.6%  48.45  tracking_without_comments__11860f2d78_c5c029926794053323667da4397833b447af8141ce9971f2__vs__d53c3f411e_c39de3199fc7d2e0eb44dd062bd7bd2c860354813aec5761_redline_28a24d567c  (elapsed 1934s, eta 3344s)
2026-10-01T07:19:35Z [1055/2876]  36.7%  40.08  tracking_without_comments__12033d2ca5_bc404781cb7c84f7c76061d998daff4b9224a2de0cdcceb4__vs__334eb73a7c_df8c4f9c7d2c85b4042854f488e93a8d7d3404c404a512f5_redline_e48e5fec25  (elapsed 1936s, eta 3342s)
2026-10-01T07:19:50Z [1056/2876]  36.7%  46.74  tracking_without_comments__12941c2a77_0023298b011b45232675215822f0f728678a238756d763c8__vs__2e04202552_000e3e7bd2d6215fc7b469cc3e296c1b2a510bc1abc7e0fd_redline_09a31d7c8d  (elapsed 1952s, eta 3364s)
2026-10-01T07:19:51Z [1057/2876]  36.8%  63.96  tracking_without_comments__12809de7d6_word_tolerated_misplaced_pgsz__vs__44f83e9351_word_tolerated_misplaced_uipriority_redline_debc1b191d  (elapsed 1953s, eta 3361s)
2026-10-01T07:19:55Z [1058/2876]  36.8%  80.50  tracking_without_comments__133bbfae84_right_alignment_demo_id_paraid_overflow_2__vs__572990f05c_right_alignment_demo_id_paraid_overflow_redline_cad6a08350  (elapsed 1957s, eta 3362s)
2026-10-01T07:19:55Z [1059/2876]  36.8%  58.62  tracking_without_comments__12125c346d_92142a51af438576403a4226ac79f4fb87d91783b06ff63c__vs__b6d00d198f_b6c5768500a03e5b40b7ca06cea0027e860f38fb80e3886b_redline_f1ce33adb5  (elapsed 1957s, eta 3357s)
2026-10-01T07:19:59Z [1060/2876]  36.9%  75.17  tracking_without_comments__13da8d3a5b_times_new_roman_font_id_paraid_overflow__vs__4c4f8515c5_title_style_centered_demo_id_paraid_overflow_redline_bfeccef137  (elapsed 1960s, eta 3359s)
2026-10-01T07:19:59Z [1061/2876]  36.9%  42.73  tracking_without_comments__11856e25f6_small_font_size_demo_id_paraid_overflow__vs__1e0254763b_strict01_redline_831ee4fcc2  (elapsed 1961s, eta 3354s)
2026-10-01T07:20:03Z [1062/2876]  36.9%  50.08  tracking_without_comments__14211b982b_super_editor__simple_ordered_list_8288421a__vs__9c7f21c23e_super_editor__line_break_627a7159_redline_237ed45f83  (elapsed 1964s, eta 3355s)
2026-10-01T07:20:04Z [1063/2876]  37.0%  49.96  tracking_without_comments__14211b982b_super_editor__simple_ordered_list_8288421a__vs__9c7f21c23e_super_editor__line_break_627a7159_redline_247ba17e1e  (elapsed 1965s, eta 3352s)
2026-10-01T07:20:09Z [1064/2876]  37.0%  69.37  tracking_without_comments__14211b982b_super_editor__simple_ordered_list_8288421a__vs__9e9d83978b_super_editor__sublist_issue_66a1800a_redline_22e07f3723  (elapsed 1970s, eta 3355s)
2026-10-01T07:20:09Z [1065/2876]  37.0%  69.37  tracking_without_comments__14211b982b_super_editor__simple_ordered_list_8288421a__vs__9e9d83978b_super_editor__sublist_issue_66a1800a_redline_b5b0b1f54c  (elapsed 1970s, eta 3350s)
2026-10-01T07:20:09Z [1066/2876]  37.1%  66.16  tracking_without_comments__133e9207c0_file_34__vs__c90bde92a4_file_35_redline_4abb22a9a4  (elapsed 1970s, eta 3346s)
2026-10-01T07:20:12Z [1067/2876]  37.1%  66.92  tracking_without_comments__1558d2a6ec_project_proposal_id_paraid_overflow__vs__77b9e6ba80_project_proposal_suggesting_insertions_redline_a3f0470a1d  (elapsed 1973s, eta 3345s)
2026-10-01T07:20:13Z [1068/2876]  37.1%  52.52  tracking_without_comments__159d00085d_super_editor__sd_1919_word_simple_e3a4a818__vs__26ce1d6300_super_editor__diff_after5_9fb9d5b4_redline_00d2479dc0  (elapsed 1974s, eta 3342s)
2026-10-01T07:20:19Z [1069/2876]  37.2%  52.56  tracking_without_comments__159d00085d_super_editor__sd_1919_word_simple_e3a4a818__vs__26ce1d6300_super_editor__diff_after5_9fb9d5b4_redline_e0ceecab46  (elapsed 1981s, eta 3348s)
2026-10-01T07:20:19Z [1070/2876]  37.2%  46.63  tracking_without_comments__159d00085d_super_editor__sd_1919_word_simple_e3a4a818__vs__f49b3b0ec2_super_editor__sd_1919_word_table_74726d6c_redline_4aec2edb0d  (elapsed 1981s, eta 3343s)
2026-10-01T07:20:24Z [1071/2876]  37.2%  46.60  tracking_without_comments__159d00085d_super_editor__sd_1919_word_simple_e3a4a818__vs__f49b3b0ec2_super_editor__sd_1919_word_table_74726d6c_redline_e464647d30  (elapsed 1985s, eta 3346s)
2026-10-01T07:20:36Z [1072/2876]  37.3%  60.80  tracking_without_comments__16100cd46d_behavior__sd_2323_image_resize_test_2b8a201a__vs__aa940255be_behavior__sd_2343_table_border_widths_b5148e83_redline_10cf6d1b1a  (elapsed 1997s, eta 3361s)
2026-10-01T07:20:41Z [1073/2876]  37.3%  60.85  tracking_without_comments__16100cd46d_behavior__sd_2323_image_resize_test_2b8a201a__vs__aa940255be_behavior__sd_2343_table_border_widths_b5148e83_redline_a169f5fa5f  (elapsed 2002s, eta 3365s)
2026-10-01T07:20:46Z [1074/2876]  37.3%  51.17  tracking_without_comments__178804f5ce_super_editor__invalid_list_def_fallback_d7f55451__vs__9c7f21c23e_super_editor__line_break_627a7159_redline_22b83e022d  (elapsed 2008s, eta 3369s)
2026-10-01T07:20:55Z [1075/2876]  37.4%  51.25  tracking_without_comments__178804f5ce_super_editor__invalid_list_def_fallback_d7f55451__vs__9c7f21c23e_super_editor__line_break_627a7159_redline_c1a556009a  (elapsed 2016s, eta 3378s)
2026-10-01T07:21:03Z [1076/2876]  37.4%  45.14  tracking_without_comments__178804f5ce_super_editor__invalid_list_def_fallback_d7f55451__vs__c4ee483519_tiff_image_redline_37277c15a6  (elapsed 2024s, eta 3387s)
2026-10-01T07:21:08Z [1077/2876]  37.4%  45.16  tracking_without_comments__178804f5ce_super_editor__invalid_list_def_fallback_d7f55451__vs__c4ee483519_tiff_image_redline_3ccea817a8  (elapsed 2029s, eta 3390s)
2026-10-01T07:21:10Z [1078/2876]  37.5%  42.49  tracking_without_comments__0bbf11cf21_5a6c9a5cc654191fa574f474976ebfbfd60a2299dfb96ebe__vs__d825254fce_048c597c1da833b932c73e97755f2f8e8113d83aecd1f13e_redline_ef51261c54  (elapsed 2032s, eta 3389s)
2026-10-01T07:21:12Z [1079/2876]  37.5%  81.28  tracking_without_comments__187c1cd53e_bold_and_underline_combo_id_paraid_overflow__vs__991f6468eb_bold_italic_combined_demo_id_paraid_overflow_redline_5b7086a992  (elapsed 2034s, eta 3387s)
2026-10-01T07:21:15Z [1080/2876]  37.6%  66.96  tracking_without_comments__18b8dd8ea3_behavior__sd_2672_plain_3x3_87943d5d__vs__667af231c2_behavior__sd_2672_rtl_table_63bd9d10_redline_30fed087bf  (elapsed 2036s, eta 3386s)
2026-10-01T07:21:17Z [1081/2876]  37.6%  66.89  tracking_without_comments__18b8dd8ea3_behavior__sd_2672_plain_3x3_87943d5d__vs__667af231c2_behavior__sd_2672_rtl_table_63bd9d10_redline_6dcc4740fa  (elapsed 2038s, eta 3384s)
2026-10-01T07:21:19Z [1082/2876]  37.6%  49.59  tracking_without_comments__18b8dd8ea3_behavior__sd_2672_plain_3x3_87943d5d__vs__c620f64d24_super_editor__hyperlink_node_internal_1c0232f9_redline_958c6f10c9  (elapsed 2041s, eta 3383s)
2026-10-01T07:21:20Z [1083/2876]  37.7%  49.64  tracking_without_comments__18b8dd8ea3_behavior__sd_2672_plain_3x3_87943d5d__vs__c620f64d24_super_editor__hyperlink_node_internal_1c0232f9_redline_c8e881d569  (elapsed 2041s, eta 3380s)
2026-10-01T07:21:21Z [1084/2876]  37.7%  69.12  tracking_without_comments__16ad37e660_87160078dd3ce2778683d3a74ce659126834ee6b8d767dcc__vs__7e2920b1a9_950faedd1066df99d1eac4ab70f5b91f6988516145dc8854_redline_e1981b6e58  (elapsed 2042s, eta 3376s)
2026-10-01T07:21:27Z [1085/2876]  37.7%  49.34  tracking_without_comments__18d1a4ad46_super_editor__sd_2534_collab_export_f3c7fdf7__vs__2c0c942234_super_editor__sd_2766_pirates_tracked_changes_32_redline_462a71fada  (elapsed 2048s, eta 3381s)
2026-10-01T07:21:30Z [1086/2876]  37.8%  72.06  tracking_without_comments__18eb110b3b_numwords_fldsimple__vs__56d68160f4_doc_api_stories__sd_2086_header_row_shading_api_redline_12c5361b58  (elapsed 2051s, eta 3381s)
2026-10-01T07:21:32Z [1087/2876]  37.8%  72.40  tracking_without_comments__18eb110b3b_numwords_fldsimple__vs__56d68160f4_doc_api_stories__sd_2086_header_row_shading_api_redline_77523f01bb  (elapsed 2054s, eta 3380s)
2026-10-01T07:21:33Z [1088/2876]  37.8%  68.46  tracking_without_comments__14f06affbf_30d707ed0c807a2118b37014c5b1ae48bc042da6310c6e07__vs__37c0369ce2_0c0c9334d933085775ef6320a8c741d98cc95ae29c0b70bf_redline_e32180088d  (elapsed 2054s, eta 3375s)
2026-10-01T07:21:37Z [1089/2876]  37.9%  47.31  tracking_without_comments__0459f85a10_4d532b406748022c9fc1a1646c2b5002ad11afe758ca8258  (elapsed 2059s, eta 3378s)
2026-10-01T07:21:41Z [1090/2876]  37.9%  58.12  tracking_without_comments__18eb110b3b_numwords_fldsimple__vs__a04e2d2749_ooxml_style_link_redline_0454ea7580  (elapsed 2063s, eta 3380s)
2026-10-01T07:21:44Z [1091/2876]  37.9%  59.05  tracking_without_comments__18eb110b3b_numwords_fldsimple__vs__a04e2d2749_ooxml_style_link_redline_5f2ec52d0f  (elapsed 2066s, eta 3379s)
2026-10-01T07:21:47Z [1092/2876]  38.0%  54.08  tracking_without_comments__18eb110b3b_numwords_fldsimple__vs__f62e209c7c_super_editor__paragraph_ppr_variations_a7653eb1_redline_c456b9c5e6  (elapsed 2069s, eta 3379s)
2026-10-01T07:21:49Z [1093/2876]  38.0%  54.24  tracking_without_comments__18eb110b3b_numwords_fldsimple__vs__f62e209c7c_super_editor__paragraph_ppr_variations_a7653eb1_redline_dbbc428ef6  (elapsed 2070s, eta 3377s)
2026-10-01T07:21:56Z [1094/2876]  38.0%  76.33  tracking_without_comments__199cb211b5_super_editor__basic_footnotes_5be96945__vs__9b9fce74d9_super_editor__basic_list_0fcfe705_redline_4cc9397378  (elapsed 2077s, eta 3383s)
2026-10-01T07:21:56Z [1095/2876]  38.1%  66.66  tracking_without_comments__0308cb497f_file_21__vs__2ca2d3ab7b_file_22_redline_1cab097dbc  (elapsed 2077s, eta 3378s)
2026-10-01T07:21:57Z [1096/2876]  38.1%  40.79  tracking_without_comments__193054264a_127a38d92f96a2a732d0f22d6eaad012191ba6d7525d619a__vs__0a3a0c1a32_36c6d281d1ea6bbef531f8c4ac6f8a3089348db8d85da6c6_redline_ff806d3b39  (elapsed 2078s, eta 3375s)
2026-10-01T07:22:01Z [1097/2876]  38.1%  76.33  tracking_without_comments__199cb211b5_super_editor__basic_footnotes_5be96945__vs__9b9fce74d9_super_editor__basic_list_0fcfe705_redline_8d8bf493fb  (elapsed 2082s, eta 3377s)
2026-10-01T07:22:05Z [1098/2876]  38.2%  53.23  tracking_without_comments__190782d0c5_46b5cb36b3b7d3b1fc419672811e19e13f9f3a1902a96da2__vs__aa910e0269_0b212ef01f9f16f785fb36ebf24bafc24fffc367ac583e27_redline_14b2a2feb0  (elapsed 2087s, eta 3379s)
2026-10-01T07:22:10Z [1099/2876]  38.2%  41.19  tracking_without_comments__1a8063d60a_7978f67a2975f1076422b085e1ad3e931583286cd655db6d__vs__46f52ad96b_49f41d220ad44fc32665ae6f2fd9c332d608b029edf2ba0b_redline_cfc2954ee9  (elapsed 2091s, eta 3381s)
2026-10-01T07:22:15Z [1100/2876]  38.2%  51.38  tracking_without_comments__1b9445becb_000516b844a100814a91ff4628bfc37fed6090074bfa22e1__vs__2e04202552_000e3e7bd2d6215fc7b469cc3e296c1b2a510bc1abc7e0fd_redline_5c9b55c96b  (elapsed 2097s, eta 3385s)
2026-10-01T07:22:20Z [1101/2876]  38.3%  40.95  tracking_without_comments__1b9445becb_000516b844a100814a91ff4628bfc37fed6090074bfa22e1__vs__5203829c7a_001cc92b88566d5f930fe57f25813c0bf52a7bdc72c217d0_redline_55e3a1e2d3  (elapsed 2101s, eta 3387s)
2026-10-01T07:22:20Z [1102/2876]  38.3%  58.71  tracking_without_comments__19891583af_000f23dc2592a0044f1da2e4f2166c6b41e8fde6a66a1988__vs__5203829c7a_001cc92b88566d5f930fe57f25813c0bf52a7bdc72c217d0_redline_0bbd24a7af  (elapsed 2101s, eta 3383s)
2026-10-01T07:22:27Z [1103/2876]  38.4%  57.41  tracking_without_comments__1aa7a03758_004c43cb816aed2ca4b0d0adf6e2bb8f115182135f2b4b42__vs__5203829c7a_001cc92b88566d5f930fe57f25813c0bf52a7bdc72c217d0_redline_0a28d5402a  (elapsed 2108s, eta 3388s)
2026-10-01T07:22:28Z [1104/2876]  38.4%  67.39  tracking_without_comments__1b9445becb_000516b844a100814a91ff4628bfc37fed6090074bfa22e1__vs__bd3824dd1e_000ee64ef7226d353297888f59a251e24ce5d776fea000fa_redline_dd8ca3784b  (elapsed 2109s, eta 3386s)
2026-10-01T07:22:29Z [1105/2876]  38.4%  79.00  tracking_without_comments__1bdbf15f5a_super_editor__orderedlist_interrupted1_a3cd0dd3__vs__82348eef4b_multi_section_redline_81af8af777  (elapsed 2110s, eta 3382s)
2026-10-01T07:22:30Z [1106/2876]  38.5%  78.95  tracking_without_comments__1bdbf15f5a_super_editor__orderedlist_interrupted1_a3cd0dd3__vs__82348eef4b_multi_section_redline_9897351ddc  (elapsed 2111s, eta 3378s)
2026-10-01T07:22:31Z [1107/2876]  38.5%  63.94  tracking_without_comments__19891583af_000f23dc2592a0044f1da2e4f2166c6b41e8fde6a66a1988__vs__bd3824dd1e_000ee64ef7226d353297888f59a251e24ce5d776fea000fa_redline_ef2d7c6dcc  (elapsed 2112s, eta 3375s)
2026-10-01T07:22:32Z [1108/2876]  38.5%  64.35  tracking_without_comments__1cd4f9ee6c_roboto_font_demo_id_paraid_overflow__vs__6e08e456f6_roboto_underline_demo_id_paraid_overflow_redline_f5e9f6ac8f  (elapsed 2113s, eta 3372s)
2026-10-01T07:22:33Z [1109/2876]  38.6%  73.25  tracking_without_comments__1c5bd81def_super_editor__multiple_nodes_in_list_79d915a2__vs__0e1d01ec7d_super_editor__doc_with_graphs_diagrams_rotated_e_redline_3b980fe151  (elapsed 2115s, eta 3369s)
2026-10-01T07:22:33Z [1110/2876]  38.6%  73.13  tracking_without_comments__1c5bd81def_super_editor__multiple_nodes_in_list_79d915a2__vs__0e1d01ec7d_super_editor__doc_with_graphs_diagrams_rotated_e_redline_6e89035e56  (elapsed 2115s, eta 3364s)
2026-10-01T07:22:34Z [1111/2876]  38.6%  38.42  tracking_without_comments__12d245d664_9b100bdcf7bb34633c6e6f845b4ce3eae33d8a2096083e28__vs__c05043adc7_c237f28127c24437bbb8b4a83965a9db2c996d272f8e7736_redline_754a666443  (elapsed 2116s, eta 3361s)
2026-10-01T07:22:37Z [1112/2876]  38.7%  66.48  tracking_without_comments__1cdaa2bca0_0ccc6413a5d5d36f8f9e5fd3632396e00927c9196f9566ee__vs__c7f546e99c_bf85e13edbd4d5f562657afb037269ac3addef9c430a8e77_redline_967fdd5659  (elapsed 2118s, eta 3360s)
2026-10-01T07:22:42Z [1113/2876]  38.7%  55.98  tracking_without_comments__1dd45d8b34_23ce39136a9b77376bab4e00c99a86f53529c3f3f9eb8dbf__vs__715d3d2b67_414e913bdcab4ac6cefcf85507ca910beead4a550959a564_redline_ff6f1dab3b  (elapsed 2123s, eta 3363s)
2026-10-01T07:22:44Z [1114/2876]  38.7%  70.12  tracking_without_comments__1de41232b3_super_editor__exported_list_font_8e6db734__vs__8fb278cb36_word_tolerated_duplicate_ppr_redline_8cb8af8d7f  (elapsed 2126s, eta 3362s)
2026-10-01T07:22:47Z [1115/2876]  38.8%  70.11  tracking_without_comments__1de41232b3_super_editor__exported_list_font_8e6db734__vs__8fb278cb36_word_tolerated_duplicate_ppr_redline_986bdf2765  (elapsed 2129s, eta 3362s)
2026-10-01T07:22:59Z [1116/2876]  38.8%  95.73  tracking_without_comments__1dfdc7d8ec_super_editor__image_inline_and_block_ad6109b3__vs__058cd936de_super_editor__image_doc_c7d007ac_redline_1e988e063f  (elapsed 2140s, eta 3375s)
2026-10-01T07:23:00Z [1117/2876]  38.8%  48.96  tracking_without_comments__1d1c6db79e_db70e40511c7429ff6c1e51d4580e3a8427a680321813e4d__vs__d0dc233d70_cebca675359c4cd5fa9b100ceb5268c2a7fbec54313abd05_redline_b79b6b2b58  (elapsed 2142s, eta 3373s)
2026-10-01T07:23:04Z [1118/2876]  38.9%  41.13  tracking_without_comments__1d7cbe8cba_c0d5b06bcf_rejected_tracking  (elapsed 2145s, eta 3373s)
2026-10-01T07:23:04Z [1119/2876]  38.9%  51.35  tracking_without_comments__1d4e0d1ca9_ca01c7dfa3fb10fdc8e889e8281cd8b589541bdc1d420eb3__vs__aaf5c08166_ba5d4af3b59ed5e067db64f2f45e003823cd5b394f4971df_redline_5225858123  (elapsed 2146s, eta 3369s)
2026-10-01T07:23:08Z [1120/2876]  38.9%  75.07  tracking_without_comments__1dfdc7d8ec_super_editor__image_inline_and_block_ad6109b3__vs__96fa27757a_behavior__rtl_page_numpages_54739e26_redline_76f4a58792  (elapsed 2149s, eta 3369s)
2026-10-01T07:23:08Z [1121/2876]  39.0%  95.71  tracking_without_comments__1dfdc7d8ec_super_editor__image_inline_and_block_ad6109b3__vs__058cd936de_super_editor__image_doc_c7d007ac_redline_e58f863445  (elapsed 2149s, eta 3365s)
2026-10-01T07:23:10Z [1122/2876]  39.0%  75.18  tracking_without_comments__1dfdc7d8ec_super_editor__image_inline_and_block_ad6109b3__vs__96fa27757a_behavior__rtl_page_numpages_54739e26_redline_8d7d998bdd  (elapsed 2152s, eta 3363s)
2026-10-01T07:23:52Z [1123/2876]  39.0%  65.05  tracking_without_comments__1e0254763b_strict01  (elapsed 2193s, eta 3423s)
2026-10-01T07:23:54Z [1124/2876]  39.1%  81.09  tracking_without_comments__1e1a24aeab_right_align_bold_demo_id_paraid_overflow__vs__2b267ac531_right_aligned_italic_demo_id_paraid_overflow_redline_b4a0b070fc  (elapsed 2195s, eta 3422s)
2026-10-01T07:23:57Z [1125/2876]  39.1%  71.51  tracking_without_comments__1e1f1ad583_super_editor__diff_before2_ca0c6859__vs__1eb80036ee_super_editor__diff_before3_19d22832_redline_4bcb4769df  (elapsed 2198s, eta 3421s)
2026-10-01T07:23:59Z [1126/2876]  39.2%  71.48  tracking_without_comments__1e1f1ad583_super_editor__diff_before2_ca0c6859__vs__1eb80036ee_super_editor__diff_before3_19d22832_redline_9eee66ebb9  (elapsed 2200s, eta 3419s)
2026-10-01T07:23:59Z [1127/2876]  39.2%  67.69  tracking_without_comments__1e0254763b_strict01__vs__1e0254763b_strict01_redline_4822d35f9f  (elapsed 2200s, eta 3414s)
2026-10-01T07:23:59Z [1128/2876]  39.2%  69.47  tracking_without_comments__080c4822ff_file_21__vs__24b9811b05_file_22_redline_0bc3e0ae14  (elapsed 2200s, eta 3410s)
2026-10-01T07:23:59Z [1129/2876]  39.3%  63.92  tracking_without_comments__1e0254763b_strict01__vs__f5bac425cd_word_tolerated_broken_media_rel_redline_46d171fe5b  (elapsed 2200s, eta 3405s)
2026-10-01T07:24:01Z [1130/2876]  39.3%  69.41  tracking_without_comments__080c4822ff_file_21__vs__24b9811b05_file_22_redline_eea084db55  (elapsed 2202s, eta 3402s)
2026-10-01T07:24:02Z [1131/2876]  39.3%  53.88  tracking_without_comments__1eb80036ee_super_editor__diff_before3_19d22832__vs__ced58cbf54_super_editor__sd_1494_table_left_indent_03277d35_redline_5308c390fa  (elapsed 2204s, eta 3400s)
2026-10-01T07:24:04Z [1132/2876]  39.4%  53.91  tracking_without_comments__1eb80036ee_super_editor__diff_before3_19d22832__vs__ced58cbf54_super_editor__sd_1494_table_left_indent_03277d35_redline_f1eb137633  (elapsed 2205s, eta 3397s)
2026-10-01T07:24:05Z [1133/2876]  39.4%  46.15  tracking_without_comments__1e1f1ad583_super_editor__diff_before2_ca0c6859__vs__7e685cbab1_super_editor__ooxml_underline_rstyle_linked_comb_redline_dd8ab91725  (elapsed 2206s, eta 3394s)
2026-10-01T07:24:05Z [1134/2876]  39.4%  68.84  tracking_without_comments__1d2b8dc6ee_92170677438db54aa8a8f98174fe909b1098525f5f7e0bf8  (elapsed 2206s, eta 3389s)
2026-10-01T07:24:05Z [1135/2876]  39.5%  62.89  tracking_without_comments__1e0254763b_strict01__vs__5fca0ac668_ooxml_style_link_redline_17ca3591c6  (elapsed 2207s, eta 3385s)
2026-10-01T07:24:06Z [1136/2876]  39.5%  46.03  tracking_without_comments__1e1f1ad583_super_editor__diff_before2_ca0c6859__vs__7e685cbab1_super_editor__ooxml_underline_rstyle_linked_comb_redline_3bf892c3c2  (elapsed 2207s, eta 3380s)
2026-10-01T07:24:08Z [1137/2876]  39.5%  66.48  tracking_without_comments__1f4891aebe_large_font_size_demo_id_paraid_overflow__vs__b4ba29d456_left_alignment_demo_id_paraid_overflow_redline_cd5dceca39  (elapsed 2209s, eta 3379s)
2026-10-01T07:24:11Z [1138/2876]  39.6%  51.42  tracking_without_comments__1f22b7b009_153542e701bb134da7aee3bb1c4be1f1458fb401ed835378__vs__524cd290f3_f6e23a442c10a2b2645a49855e3bcb779b2d7bf34b37e612_redline_a7fa1e6bff  (elapsed 2213s, eta 3379s)
2026-10-01T07:24:18Z [1139/2876]  39.6%  65.07  tracking_without_comments__1ed8b01b55_file_13__vs__a2ae20465c_file_14_redline_5dbefac63c  (elapsed 2219s, eta 3384s)
2026-10-01T07:24:23Z [1140/2876]  39.6%  69.25  tracking_without_comments__1e7b61c72c_26374192eb4b1f9f9f99fd5bbb0999bb076fb04586371978__vs__d3c5dc1975_028bd6d7835f6384db7e8f465da42fff0b5e05c187c8a02b_redline_d4210ba585  (elapsed 2224s, eta 3387s)
2026-10-01T07:24:24Z [1141/2876]  39.7%  62.38  tracking_without_comments__203c24d1e7_00cb988053156ab17763897a184a6655864f9c50f7ef2e53__vs__5203829c7a_001cc92b88566d5f930fe57f25813c0bf52a7bdc72c217d0_redline_31bbf97599  (elapsed 2225s, eta 3384s)
2026-10-01T07:24:30Z [1142/2876]  39.7%  41.48  tracking_without_comments__203c24d1e7_00cb988053156ab17763897a184a6655864f9c50f7ef2e53__vs__1424386e9b_017447de83753a0e3b7afc659df038ef56972925336c6a5b_redline_e682703ae3  (elapsed 2231s, eta 3388s)
2026-10-01T07:24:33Z [1143/2876]  39.7%  69.16  tracking_without_comments__203c24d1e7_00cb988053156ab17763897a184a6655864f9c50f7ef2e53__vs__bd3824dd1e_000ee64ef7226d353297888f59a251e24ce5d776fea000fa_redline_7070a9c7b0  (elapsed 2235s, eta 3388s)
2026-10-01T07:24:35Z [1144/2876]  39.8%  59.87  tracking_without_comments__1f3edda551_b07a76af07b3de608cd462a601faaebab9e8b9cf81e6d0c2__vs__97268066a6_b93742a07a47e00b24772b233211dfebeafec708420ee659_redline_fd70bcb5de  (elapsed 2236s, eta 3385s)
2026-10-01T07:24:36Z [1145/2876]  39.8%  66.85  tracking_without_comments__21c900e459_q1_sales_summary_table__vs__27e6c1ad4a_quarterly_performance_report_table_2_redline_82bf64f742  (elapsed 2237s, eta 3382s)
2026-10-01T07:24:41Z [1146/2876]  39.8%  65.19  tracking_without_comments__22ccb1b200_super_editor__diff_after19_79c6b379__vs__dd6dbfb284_super_editor__diff_after2_fc1e0763_redline_6795141f5a  (elapsed 2242s, eta 3385s)
2026-10-01T07:24:45Z [1147/2876]  39.9%  63.62  tracking_without_comments__20d2e7d58b_word_tolerated_misplaced_pgsz__vs__e1771b0063_word_tolerated_misplaced_uipriority_redline_e277a2d38f  (elapsed 2246s, eta 3385s)
2026-10-01T07:24:45Z [1148/2876]  39.9%  64.00  tracking_without_comments__20d2e7d58b_word_tolerated_misplaced_pgsz__vs__e1771b0063_word_tolerated_misplaced_uipriority_redline_504be025b7  (elapsed 2246s, eta 3381s)
2026-10-01T07:24:46Z [1149/2876]  40.0%  65.19  tracking_without_comments__22ccb1b200_super_editor__diff_after19_79c6b379__vs__dd6dbfb284_super_editor__diff_after2_fc1e0763_redline_9c28f44514  (elapsed 2247s, eta 3377s)
2026-10-01T07:24:48Z [1150/2876]  40.0%  83.57  tracking_without_comments__22c4e3f83d_b03dd5fd4e_rejected_tracking  (elapsed 2250s, eta 3376s)
2026-10-01T07:24:52Z [1151/2876]  40.0%  75.51  tracking_without_comments__23fb865598_super_editor__diff_after4_471fa40f__vs__26ce1d6300_super_editor__diff_after5_9fb9d5b4_redline_5e52b54e3b  (elapsed 2253s, eta 3376s)
2026-10-01T07:24:52Z [1152/2876]  40.1%  60.53  tracking_without_comments__2261da4dae_cda3ae3ebc9762a0f1f79fcc41fc2c5b21e21260d47f5b4a__vs__6e765b335d_f3a35d76c9a9598ca26d1205f927770db7ce090f10872e08_redline_337fe29e91  (elapsed 2253s, eta 3372s)
2026-10-01T07:24:57Z [1153/2876]  40.1%  75.51  tracking_without_comments__23fb865598_super_editor__diff_after4_471fa40f__vs__26ce1d6300_super_editor__diff_after5_9fb9d5b4_redline_9407071817  (elapsed 2258s, eta 3374s)
2026-10-01T07:24:57Z [1154/2876]  40.1%  41.10  tracking_without_comments__24643f4e34_file_154__vs__a94f5abc6f_file_155_redline_efb44b2344  (elapsed 2258s, eta 3370s)
2026-10-01T07:25:10Z [1155/2876]  40.2%  56.50  tracking_without_comments__1fadbb5862_fd105f73a713d413b2adf048113dd7acba62a3d723038c9c__vs__1f913da178_0ee208549f13792565193c49cd6790233f6ded077e9cf827_redline_8ececb9d11  (elapsed 2271s, eta 3384s)
2026-10-01T07:25:15Z [1156/2876]  40.2%  80.42  tracking_without_comments__24bd3ad29d_center_aligned_bold_text_id_paraid_overflow__vs__a98d0a8c12_center_alignment_demo_id_paraid_overflow_2_redline_9cb9af0f50  (elapsed 2276s, eta 3387s)
2026-10-01T07:25:23Z [1157/2876]  40.2%  39.80  tracking_without_comments__2330c0054c_csharp_redline  (elapsed 2285s, eta 3394s)
2026-10-01T07:25:26Z [1158/2876]  40.3%  51.14  tracking_without_comments__23536e24d2_5ddba7ca1e7abc522e338baa1f7afc84bf0051381d8dd6e8__vs__66396a2dff_5cb08eac0fbc63f2dc66c9020486fde76b78b3b56e6cc368_redline_1a6df64b8c  (elapsed 2288s, eta 3394s)
2026-10-01T07:25:29Z [1159/2876]  40.3%  39.78  tracking_without_comments__2490da9c82_jubarte_redline_final  (elapsed 2290s, eta 3392s)
2026-10-01T07:26:06Z [1160/2876]  40.3%  58.04  tracking_without_comments__25140a5f8e_602c1bce3ca4c37bd8dc4e3ef054f6008b4bf9e3059b3818__vs__aed957ae85_49d091a7168950a5dd1ad30e44d1105448ad660469450baa_redline_eaa64a6751  (elapsed 2328s, eta 3443s)
2026-10-01T07:26:16Z [1161/2876]  40.4%  59.17  tracking_without_comments__252698e4ea_246f5a1d6059f020824c3b5635741d2d2614efeb6d7ba53c__vs__fa3be61164_1be35f7519c17b6bf1d954855528222e46a1813a939df55e_redline_7cd845f4b0  (elapsed 2337s, eta 3453s)
2026-10-01T07:26:22Z [1162/2876]  40.4%  46.79  tracking_without_comments__25f07e0823_super_editor__sd_1919_word_mixed_33e049ca__vs__159d00085d_super_editor__sd_1919_word_simple_e3a4a818_redline_2d445349d4  (elapsed 2343s, eta 3456s)
2026-10-01T07:26:29Z [1163/2876]  40.4%  46.74  tracking_without_comments__25f07e0823_super_editor__sd_1919_word_mixed_33e049ca__vs__159d00085d_super_editor__sd_1919_word_simple_e3a4a818_redline_2f2d9467bc  (elapsed 2350s, eta 3461s)
2026-10-01T07:26:29Z [1164/2876]  40.5%  45.26  tracking_without_comments__25ed848ec0_75044418ff56083d58cd273fa0dd2272f8add205d2f52f9f__vs__f99040e107_cd25271e4da94feba51015a01ead22c207c363c7e247b988_redline_96734562d7  (elapsed 2351s, eta 3457s)
2026-10-01T07:26:33Z [1165/2876]  40.5%  70.74  tracking_without_comments__25f07e0823_super_editor__sd_1919_word_mixed_33e049ca__vs__76827c9f6c_super_editor__sd_1480_two_col_index_0138dccc_redline_639abc8bb9  (elapsed 2355s, eta 3458s)
2026-10-01T07:26:34Z [1166/2876]  40.5%  70.41  tracking_without_comments__25f07e0823_super_editor__sd_1919_word_mixed_33e049ca__vs__76827c9f6c_super_editor__sd_1480_two_col_index_0138dccc_redline_7df026e914  (elapsed 2356s, eta 3455s)
2026-10-01T07:26:38Z [1167/2876]  40.6%  51.61  tracking_without_comments__25937ddb49_d45aa3d5fdc962c7ae968e4118ab0f865de156c0d720ac0d__vs__f7988c556b_069252c3fde38e4d9f87c5a8a48590195facf9a409032580_redline_63b66681b7  (elapsed 2359s, eta 3455s)
2026-10-01T07:26:40Z [1168/2876]  40.6%  67.29  tracking_without_comments__26ce1d6300_super_editor__diff_after5_9fb9d5b4__vs__2e41610325_super_editor__diff_after6_5f9799d0_redline_3e3a4c751f  (elapsed 2361s, eta 3453s)
2026-10-01T07:26:43Z [1169/2876]  40.6%  67.29  tracking_without_comments__26ce1d6300_super_editor__diff_after5_9fb9d5b4__vs__2e41610325_super_editor__diff_after6_5f9799d0_redline_71595f1fa3  (elapsed 2365s, eta 3453s)
2026-10-01T07:26:44Z [1170/2876]  40.7%  68.63  tracking_without_comments__277b6145d6_italic_and_underline_combo_style_default_missing__vs__e1201c51d4_italic_subscript_demo_style_default_missing_redline_8899cdac97  (elapsed 2365s, eta 3449s)
2026-10-01T07:27:12Z [1171/2876]  40.7%  44.81  tracking_without_comments__268e8dc123_dc200f20c1e3dd27eac9a2d1f169b174b2da75ccd8dcfde8__vs__e301ee7e04_eed403fd0cd4aeef5b0d7694bab8cf5e2817d9b1a936dee6_redline_f4c6150dbe  (elapsed 2394s, eta 3485s)
2026-10-01T07:27:32Z [1172/2876]  40.8%  38.91  tracking_without_comments__1edf67e1e5_8f213f720f5776de6384d10633123cb37b9d1f64abde5fe1__vs__8d793b3df9_8389849ea8c3fee8dacbb8135dd4ac68bf50809dba47953b_redline_ec0b7a80fd  (elapsed 2413s, eta 3509s)
2026-10-01T07:27:34Z [1173/2876]  40.8%  38.61  tracking_without_comments__279abea8ce_super_editor__h_f_normal_odd_even_firstpg_9b210d__vs__199cb211b5_super_editor__basic_footnotes_5be96945_redline_48ef0a5cd7  (elapsed 2416s, eta 3507s)
2026-10-01T07:27:38Z [1174/2876]  40.8%  38.55  tracking_without_comments__279abea8ce_super_editor__h_f_normal_odd_even_firstpg_9b210d__vs__199cb211b5_super_editor__basic_footnotes_5be96945_redline_73779e9745  (elapsed 2420s, eta 3508s)
2026-10-01T07:27:52Z [1175/2876]  40.9%  38.34  tracking_without_comments__279abea8ce_super_editor__h_f_normal_odd_even_firstpg_9b210d__vs__4b0729d267_super_editor__h_f_normal_odd_even_unchecked_firs_redline_6a38539cc2  (elapsed 2434s, eta 3523s)
2026-10-01T07:28:06Z [1176/2876]  40.9%  52.02  clean__9666fa13fb_a3701d3600ed5bf6c9bf13e12e4c2a59542eba10f87fad69  (elapsed 2447s, eta 3538s)
2026-10-01T07:28:10Z [1177/2876]  40.9%  62.50  tracking_without_comments__27e6c1ad4a_quarterly_performance_report_table_2__vs__a54f205278_quarterly_performance_report_table_redline_4767c659ef  (elapsed 2451s, eta 3538s)
2026-10-01T07:28:21Z [1178/2876]  41.0%  38.33  tracking_without_comments__279abea8ce_super_editor__h_f_normal_odd_even_firstpg_9b210d__vs__4b0729d267_super_editor__h_f_normal_odd_even_unchecked_firs_redline_c4d9f33f93  (elapsed 2462s, eta 3549s)
2026-10-01T07:28:21Z [1179/2876]  41.0%  50.40  tracking_without_comments__286955227d_0134fe85fb88da2accd6637e1c44bdd4f8b7fbb533bd47ba__vs__2e04202552_000e3e7bd2d6215fc7b469cc3e296c1b2a510bc1abc7e0fd_redline_493ef36b4e  (elapsed 2463s, eta 3545s)
2026-10-01T07:28:24Z [1180/2876]  41.0%  71.11  tracking_without_comments__279abea8ce_super_editor__h_f_normal_odd_even_firstpg_9b210d__vs__76827c9f6c_super_editor__sd_1480_two_col_index_0138dccc_redline_c0cbc850a8  (elapsed 2465s, eta 3543s)
2026-10-01T07:28:28Z [1181/2876]  41.1%  72.28  tracking_without_comments__279abea8ce_super_editor__h_f_normal_odd_even_firstpg_9b210d__vs__76827c9f6c_super_editor__sd_1480_two_col_index_0138dccc_redline_9a93480040  (elapsed 2469s, eta 3543s)
2026-10-01T07:28:34Z [1182/2876]  41.1%  81.06  tracking_without_comments__2936af4459_super_editor__sd_1480_two_col_tab_positions_0095__vs__0a1badc333_super_editor__missing_sectpr_967a402d_redline_18533edab7  (elapsed 2476s, eta 3548s)
2026-10-01T07:28:44Z [1183/2876]  41.1%  81.03  tracking_without_comments__2936af4459_super_editor__sd_1480_two_col_tab_positions_0095__vs__0a1badc333_super_editor__missing_sectpr_967a402d_redline_543fb8e4a7  (elapsed 2486s, eta 3557s)
2026-10-01T07:28:46Z [1184/2876]  41.2%  61.55  tracking_without_comments__28edf41599_f7d1fb34700e0a929ebd0d75afa681a05584faaa13e059fa__vs__30731b76ac_edbbb194342aa8f4533e356b28cceba2f0631c4b718f7700_redline_05b6ec9d10  (elapsed 2487s, eta 3554s)
2026-10-01T07:28:49Z [1185/2876]  41.2%  66.95  tracking_without_comments__286955227d_0134fe85fb88da2accd6637e1c44bdd4f8b7fbb533bd47ba__vs__bd3824dd1e_000ee64ef7226d353297888f59a251e24ce5d776fea000fa_redline_3a6795d6e4  (elapsed 2491s, eta 3554s)
2026-10-01T07:28:51Z [1186/2876]  41.2%  70.76  tracking_without_comments__2936af4459_super_editor__sd_1480_two_col_tab_positions_0095__vs__1c5bd81def_super_editor__multiple_nodes_in_list_79d915a2_redline_30a9d969c4  (elapsed 2492s, eta 3552s)
2026-10-01T07:28:54Z [1187/2876]  41.3%  70.76  tracking_without_comments__2936af4459_super_editor__sd_1480_two_col_tab_positions_0095__vs__1c5bd81def_super_editor__multiple_nodes_in_list_79d915a2_redline_8a3466d745  (elapsed 2495s, eta 3550s)
2026-10-01T07:28:54Z [1188/2876]  41.3%  58.74  tracking_without_comments__286955227d_0134fe85fb88da2accd6637e1c44bdd4f8b7fbb533bd47ba__vs__5203829c7a_001cc92b88566d5f930fe57f25813c0bf52a7bdc72c217d0_redline_e629604db4  (elapsed 2495s, eta 3545s)
2026-10-01T07:29:01Z [1189/2876]  41.3%  50.19  tracking_without_comments__2936af4459_super_editor__sd_1480_two_col_tab_positions_0095__vs__ced58cbf54_super_editor__sd_1494_table_left_indent_03277d35_redline_402e22a3f4  (elapsed 2502s, eta 3550s)
2026-10-01T07:29:01Z [1190/2876]  41.4%  50.15  tracking_without_comments__2936af4459_super_editor__sd_1480_two_col_tab_positions_0095__vs__ced58cbf54_super_editor__sd_1494_table_left_indent_03277d35_redline_40173d334a  (elapsed 2503s, eta 3546s)
2026-10-01T07:29:07Z [1191/2876]  41.4%  51.88  tracking_without_comments__27a86eae8a_411f3ec650e0df13d483c9404a707adfa5707f2cedfa47cf__vs__57dbc2463b_5fda2eccd82055b20583fbedb99369e4257f9f7aa8ed0986_redline_cb164cf87a  (elapsed 2509s, eta 3549s)
2026-10-01T07:29:08Z [1192/2876]  41.4%  74.13  tracking_without_comments__2a69e1ce5c_green_bold_text_demo_id_paraid_overflow__vs__e1f631e28a_green_highlight_demo_id_paraid_overflow_redline_d17d137d38  (elapsed 2509s, eta 3545s)
2026-10-01T07:29:12Z [1193/2876]  41.5%  66.96  tracking_without_comments__2a9c68ed33_file_62  (elapsed 2514s, eta 3546s)
2026-10-01T07:29:12Z [1194/2876]  41.5%  70.28  tracking_without_comments__2ad2fc5ab0_super_editor__diff_before10_2f84ca55__vs__432a12b1a9_behavior__word_native_bullet_square_da8bb73c_redline_5baa576488  (elapsed 2514s, eta 3541s)
2026-10-01T07:29:13Z [1195/2876]  41.6%  44.81  tracking_without_comments__29e553325e_66022f5febd2c3e15bd1cb4eb73c046548e4da663f4e5236__vs__e6c6450977_01517928f575736a56608e7fb08681ef5e76cec5129abc38_redline_34d8738ab3  (elapsed 2515s, eta 3538s)
2026-10-01T07:29:13Z [1196/2876]  41.6%  49.61  tracking_without_comments__29379c07bf_002adf0715eed4d213774c26c60c78624c2a3cbb3d0397d2__vs__5203829c7a_001cc92b88566d5f930fe57f25813c0bf52a7bdc72c217d0_redline_3f1f7e911f  (elapsed 2515s, eta 3532s)
2026-10-01T07:29:16Z [1197/2876]  41.6%  70.28  tracking_without_comments__2ad2fc5ab0_super_editor__diff_before10_2f84ca55__vs__432a12b1a9_behavior__word_native_bullet_square_da8bb73c_redline_5db01c7c4e  (elapsed 2517s, eta 3531s)
2026-10-01T07:29:18Z [1198/2876]  41.7%  68.19  tracking_without_comments__2b267ac531_right_aligned_italic_demo_id_paraid_overflow__vs__133bbfae84_right_alignment_demo_id_paraid_overflow_2_redline_53b5ed59aa  (elapsed 2519s, eta 3529s)
2026-10-01T07:29:25Z [1199/2876]  41.7%  57.64  tracking_without_comments__2b4475cba6_0021f639e5dbf6c217c8d81a7ac3374624ff9901a5d4b200__vs__2773adf157_0004c94ca2a8684d47449bb0e7abf87de1df71a7e6543252_redline_3e7067f872  (elapsed 2526s, eta 3534s)
2026-10-01T07:29:26Z [1200/2876]  41.7%  48.95  tracking_without_comments__2ad8d15e88_00e901c5aa86bd93002ce801375c57e44c2c78a0e5b308d3__vs__5203829c7a_001cc92b88566d5f930fe57f25813c0bf52a7bdc72c217d0_redline_f14ce3f749  (elapsed 2527s, eta 3530s)
2026-10-01T07:29:27Z [1201/2876]  41.8%  45.27  tracking_without_comments__2ad8d15e88_00e901c5aa86bd93002ce801375c57e44c2c78a0e5b308d3__vs__bd3824dd1e_000ee64ef7226d353297888f59a251e24ce5d776fea000fa_redline_6287ad2d7a  (elapsed 2528s, eta 3526s)
2026-10-01T07:29:29Z [1202/2876]  41.8%  49.71  tracking_without_comments__2b4475cba6_0021f639e5dbf6c217c8d81a7ac3374624ff9901a5d4b200__vs__2e04202552_000e3e7bd2d6215fc7b469cc3e296c1b2a510bc1abc7e0fd_redline_20f31d3886  (elapsed 2531s, eta 3524s)
2026-10-01T07:29:35Z [1203/2876]  41.8%  39.70  tracking_without_comments__2b4475cba6_0021f639e5dbf6c217c8d81a7ac3374624ff9901a5d4b200__vs__333bfe069a_003416d620331122b93b434dad901db5836f60d2cad4b533_redline_ab4013404e  (elapsed 2536s, eta 3527s)
2026-10-01T07:29:39Z [1204/2876]  41.9%  44.53  tracking_without_comments__1d2b8dc6ee_92170677438db54aa8a8f98174fe909b1098525f5f7e0bf8__vs__4f9dff0369_f827f1ca71b26a05479d43827a69fdb35f5acd1185196bdb_redline_4c39e7ce4f  (elapsed 2541s, eta 3528s)
2026-10-01T07:29:39Z [1205/2876]  41.9%  46.03  tracking_without_comments__2b4475cba6_0021f639e5dbf6c217c8d81a7ac3374624ff9901a5d4b200__vs__5203829c7a_001cc92b88566d5f930fe57f25813c0bf52a7bdc72c217d0_redline_f5c6518079  (elapsed 2541s, eta 3523s)
2026-10-01T07:29:46Z [1206/2876]  41.9%  59.33  tracking_without_comments__2b4475cba6_0021f639e5dbf6c217c8d81a7ac3374624ff9901a5d4b200__vs__342f364d46_001342333d45627868f4dc5282abbba4598a91b4a7584b08_redline_04b7d19a3a  (elapsed 2548s, eta 3528s)
2026-10-01T07:29:50Z [1207/2876]  42.0%  60.12  tracking_without_comments__2b4475cba6_0021f639e5dbf6c217c8d81a7ac3374624ff9901a5d4b200__vs__bd3824dd1e_000ee64ef7226d353297888f59a251e24ce5d776fea000fa_redline_f1e8654a15  (elapsed 2551s, eta 3528s)
2026-10-01T07:29:50Z [1208/2876]  42.0%  75.60  tracking_without_comments__2ba392cdd2_super_editor__broken_list_missing_items_36b4199e__vs__1c5bd81def_super_editor__multiple_nodes_in_list_79d915a2_redline_b88ba7adc8  (elapsed 2551s, eta 3523s)
2026-10-01T07:29:54Z [1209/2876]  42.0%  75.60  tracking_without_comments__2ba392cdd2_super_editor__broken_list_missing_items_36b4199e__vs__1c5bd81def_super_editor__multiple_nodes_in_list_79d915a2_redline_f2a013c9ac  (elapsed 2555s, eta 3523s)
2026-10-01T07:29:56Z [1210/2876]  42.1%  70.44  tracking_without_comments__2ba392cdd2_super_editor__broken_list_missing_items_36b4199e__vs__97b2e714de_super_editor__broken_list_7e9b9bf7_redline_443c2cc494  (elapsed 2558s, eta 3521s)
2026-10-01T07:29:56Z [1211/2876]  42.1%  47.53  tracking_without_comments__2b4475cba6_0021f639e5dbf6c217c8d81a7ac3374624ff9901a5d4b200__vs__deff0e697a_00b5defcad6e58038eac35472a2d48c89905068e5ece0cc3_redline_7688090a37  (elapsed 2558s, eta 3517s)
2026-10-01T07:30:01Z [1212/2876]  42.1%  70.44  tracking_without_comments__2ba392cdd2_super_editor__broken_list_missing_items_36b4199e__vs__97b2e714de_super_editor__broken_list_7e9b9bf7_redline_4bb03a8081  (elapsed 2562s, eta 3518s)
2026-10-01T07:30:01Z [1213/2876]  42.2%  77.01  tracking_without_comments__2ba392cdd2_super_editor__broken_list_missing_items_36b4199e__vs__ca44eef662_super_editor__list_spacer1_06383c66_redline_47595e5631  (elapsed 2562s, eta 3513s)
2026-10-01T07:30:02Z [1214/2876]  42.2%  77.01  tracking_without_comments__2ba392cdd2_super_editor__broken_list_missing_items_36b4199e__vs__ca44eef662_super_editor__list_spacer1_06383c66_redline_5664488bfe  (elapsed 2564s, eta 3510s)
2026-10-01T07:30:11Z [1215/2876]  42.2%  50.46  tracking_without_comments__2c0c942234_super_editor__sd_2766_pirates_tracked_changes_32  (elapsed 2572s, eta 3517s)
2026-10-01T07:30:14Z [1216/2876]  42.3%  42.33  tracking_without_comments__2c0c942234_super_editor__sd_2766_pirates_tracked_changes_32__vs__ced58cbf54_super_editor__sd_1494_table_left_indent_03277d35_redline_737a91c72f  (elapsed 2575s, eta 3515s)
2026-10-01T07:30:14Z [1217/2876]  42.3%  44.72  tracking_without_comments__2b4475cba6_0021f639e5dbf6c217c8d81a7ac3374624ff9901a5d4b200__vs__a5f2b9318d_002aa60c2ae1187417b4b157c5ec6450324cc056ec551a12_redline_3572ffed4a  (elapsed 2575s, eta 3510s)
2026-10-01T07:30:21Z [1218/2876]  42.4%  47.80  tracking_without_comments__2c0c942234_super_editor__sd_2766_pirates_tracked_changes_32__vs__aa940255be_behavior__sd_2343_table_border_widths_b5148e83_redline_28d97cb1f1  (elapsed 2582s, eta 3515s)
2026-10-01T07:30:24Z [1219/2876]  42.4%  41.43  tracking_without_comments__2b731c913c_501debf5c8863bc05111d2e058dae1e2f2e5d000e1340ee0__vs__f1372ad5b6_c8d1d38a8fcbfbeaae0f7f8cec424b65c5560a31b286edd6_redline_b338de1957  (elapsed 2585s, eta 3514s)
2026-10-01T07:30:33Z [1220/2876]  42.4%  46.16  tracking_without_comments__2a7aebb7ce_1118d92e486cd8c59e3b10ec9f28ef9188ec989b1120da52__vs__196c44dfba_2663487136794495a0c6c3b7f67609c690cfe18469576cbb_redline_766a042194  (elapsed 2595s, eta 3522s)
2026-10-01T07:30:36Z [1221/2876]  42.5%  58.97  tracking_without_comments__2dc3e97d2a_super_editor__hyperlink_node_52b7695b__vs__7c31a68295_behavior__pageref_standalone_h_7b3ab72e_redline_09e156c52d  (elapsed 2597s, eta 3520s)
2026-10-01T07:30:36Z [1222/2876]  42.5%  46.90  tracking_without_comments__2da1da401d_3e30939b715361e07ea9407c76f254c9dfcc59a573f1356c__vs__ee0625e375_6f3ad371fbfbf4100274c3bb82610b82f93109ac4d264c8b_redline_0d5f72ea14  (elapsed 2598s, eta 3516s)
2026-10-01T07:30:40Z [1223/2876]  42.5%  59.93  tracking_without_comments__2dc3e97d2a_super_editor__hyperlink_node_52b7695b__vs__c620f64d24_super_editor__hyperlink_node_internal_1c0232f9_redline_4d6413f64d  (elapsed 2601s, eta 3516s)
2026-10-01T07:30:41Z [1224/2876]  42.6%  59.90  tracking_without_comments__2dc3e97d2a_super_editor__hyperlink_node_52b7695b__vs__c620f64d24_super_editor__hyperlink_node_internal_1c0232f9_redline_c7c568d51e  (elapsed 2602s, eta 3512s)
2026-10-01T07:30:44Z [1225/2876]  42.6%  45.16  tracking_without_comments__2da026a400_2d048ff116f39f2f4d89ebc621a016d97e5fa61696dc4172__vs__5c93efd4e5_04a0ee2c71dffb920ca495151043e732d3cd072da4854ed8_redline_b13a27e36d  (elapsed 2605s, eta 3511s)
2026-10-01T07:30:44Z [1226/2876]  42.6%  67.66  tracking_without_comments__2e41610325_super_editor__diff_after6_5f9799d0__vs__3cf3093270_super_editor__diff_after7_b998213e_redline_faada41e46  (elapsed 2605s, eta 3506s)
2026-10-01T07:30:44Z [1227/2876]  42.7%  67.62  tracking_without_comments__2e41610325_super_editor__diff_after6_5f9799d0__vs__3cf3093270_super_editor__diff_after7_b998213e_redline_e325b37463  (elapsed 2605s, eta 3502s)
2026-10-01T07:30:45Z [1228/2876]  42.7%  59.04  tracking_without_comments__2dc3e97d2a_super_editor__hyperlink_node_52b7695b__vs__7c31a68295_behavior__pageref_standalone_h_7b3ab72e_redline_cb6bcf6c40  (elapsed 2607s, eta 3498s)
2026-10-01T07:30:47Z [1229/2876]  42.7%  81.28  tracking_without_comments__2efebc9bc3_blue_underline_combo_demo_id_paraid_overflow__vs__48cd1e0a53_bold_and_italic_combo_style_default_missing_redline_3443f468cd  (elapsed 2609s, eta 3496s)
2026-10-01T07:30:52Z [1230/2876]  42.8%  77.95  tracking_without_comments__2f23773d63_super_editor__pagination_blank_2a98ed7a__vs__bd7b6b2bd0_super_editor__pagination_with_hard_break_8ce8c15_redline_238c08ded5  (elapsed 2613s, eta 3497s)
2026-10-01T07:30:56Z [1231/2876]  42.8%  34.76  tracking_without_comments__2ce3abf26a_82efe379b8e2b818c7b2a33e3295e432b10b2a7d50ede1ca__vs__bea42ffae5_5624d661e4bda36d9214ddeb372b10ad0011475f8136f54f_redline_61a4627b2c  (elapsed 2617s, eta 3497s)
2026-10-01T07:30:57Z [1232/2876]  42.8%  77.95  tracking_without_comments__2f23773d63_super_editor__pagination_blank_2a98ed7a__vs__bd7b6b2bd0_super_editor__pagination_with_hard_break_8ce8c15_redline_4067da2661  (elapsed 2618s, eta 3494s)
2026-10-01T07:30:58Z [1233/2876]  42.9%  59.21  tracking_without_comments__2ea88428ca_7ece54f361890e07bdbf1ba957b63914dafc2c6275f4e9fd__vs__6a2e8e695e_f24eedb542c15e32a5003e6ce0e79482109c11ec150238c6_redline_2b28501b9c  (elapsed 2619s, eta 3490s)
2026-10-01T07:30:59Z [1234/2876]  42.9%  81.86  tracking_without_comments__2f6102d8be_file_162  (elapsed 2620s, eta 3486s)
2026-10-01T07:31:04Z [1235/2876]  42.9%  69.09  tracking_without_comments__301e302820_super_editor__basic_page_nums_d5b08fc3__vs__9332d3001f_super_editor__sdpr_titleonly_b0796676_redline_d7c2cc04c6  (elapsed 2625s, eta 3488s)
2026-10-01T07:31:05Z [1236/2876]  43.0%  69.10  tracking_without_comments__301e302820_super_editor__basic_page_nums_d5b08fc3__vs__9332d3001f_super_editor__sdpr_titleonly_b0796676_redline_d9dfadd84b  (elapsed 2626s, eta 3484s)
2026-10-01T07:31:05Z [1237/2876]  43.0%  53.40  tracking_without_comments__2f76e1dd32_8644055513_rejected_tracking  (elapsed 2627s, eta 3480s)
2026-10-01T07:31:10Z [1238/2876]  43.0%  56.56  tracking_without_comments__1068eb5017_793c14bc1529c16f30ac69b82ca152f39f534a1a3f3f90e4  (elapsed 2631s, eta 3481s)
2026-10-01T07:31:11Z [1239/2876]  43.1%  55.56  tracking_without_comments__301e302820_super_editor__basic_page_nums_d5b08fc3__vs__df3c3e7c40_behavior__math_func_tests_0434dd11_redline_4fac1ecf86  (elapsed 2632s, eta 3477s)
2026-10-01T07:31:11Z [1240/2876]  43.1%  55.59  tracking_without_comments__301e302820_super_editor__basic_page_nums_d5b08fc3__vs__df3c3e7c40_behavior__math_func_tests_0434dd11_redline_60cfc15a78  (elapsed 2632s, eta 3473s)
2026-10-01T07:31:12Z [1241/2876]  43.2%  63.97  tracking_without_comments__301e302820_super_editor__basic_page_nums_d5b08fc3__vs__e3d152989b_behavior__math_eqarr_tests_40a1adb0_redline_10a8ec9bee  (elapsed 2633s, eta 3469s)
2026-10-01T07:31:16Z [1242/2876]  43.2%  63.94  tracking_without_comments__301e302820_super_editor__basic_page_nums_d5b08fc3__vs__e3d152989b_behavior__math_eqarr_tests_40a1adb0_redline_956c9153a8  (elapsed 2637s, eta 3469s)
2026-10-01T07:31:17Z [1243/2876]  43.2%  76.28  tracking_without_comments__301e302820_super_editor__basic_page_nums_d5b08fc3__vs__ef1e1c68e9_super_editor__basic_paragraph_1774f4e4_redline_ff88b0ab54  (elapsed 2638s, eta 3466s)
2026-10-01T07:31:17Z [1244/2876]  43.3%  76.27  tracking_without_comments__301e302820_super_editor__basic_page_nums_d5b08fc3__vs__ef1e1c68e9_super_editor__basic_paragraph_1774f4e4_redline_dbdf0f687c  (elapsed 2639s, eta 3462s)
2026-10-01T07:31:19Z [1245/2876]  43.3%  77.27  tracking_without_comments__30e84496e2_bullet_list_bold_demo_id_paraid_overflow__vs__9d3fa84f9f_bullet_list_demo_id_paraid_overflow_redline_f04d15f6f0  (elapsed 2640s, eta 3459s)
2026-10-01T07:31:21Z [1246/2876]  43.3%  54.12  tracking_without_comments__310c03f39c_super_editor__complexexport1_69441ab1__vs__c498e8c52c_super_editor__contract_acc_bbd983a0_redline_113c57f4a8  (elapsed 2642s, eta 3456s)
2026-10-01T07:31:21Z [1247/2876]  43.4%  54.06  tracking_without_comments__310c03f39c_super_editor__complexexport1_69441ab1__vs__c498e8c52c_super_editor__contract_acc_bbd983a0_redline_9df88ffcf2  (elapsed 2642s, eta 3451s)
2026-10-01T07:31:24Z [1248/2876]  43.4%  79.18  tracking_without_comments__3126703962_track_changes_editing_bullet_id_paraid_overflow__vs__9610bc363d_track_changes_editing_strikethrough_id_paraid_ov_redline_f5996b5ea7  (elapsed 2646s, eta 3451s)
2026-10-01T07:31:40Z [1249/2876]  43.4%  55.18  tracking_without_comments__31133aaba3_3bf3b3c4c703e23c69d1f84fccc96b8467b579ad203cb2f9__vs__ddd6e21622_30f0bf4a68aa6d8ae2b2874d1f43fc766b3e4307b673b77e_redline_a752aefea3  (elapsed 2661s, eta 3466s)
2026-10-01T07:31:41Z [1250/2876]  43.5%  70.52  tracking_without_comments__2f23773d63_super_editor__pagination_blank_2a98ed7a__vs__9586202517_super_editor__two_column_two_page_0b8a37c5_redline_4d7ccddfdc  (elapsed 2662s, eta 3463s)
2026-10-01T07:31:43Z [1251/2876]  43.5%  68.40  tracking_without_comments__316da9cc94_subscript_demo_id_paraid_overflow__vs__b39182a410_subscript_demo_style_default_missing_redline_559330663a  (elapsed 2664s, eta 3460s)
2026-10-01T07:31:45Z [1252/2876]  43.5%  68.79  tracking_without_comments__33e7d339be_font_color_demo_style_default_missing__vs__b4b7c76ecd_font_family_demo_id_paraid_overflow_redline_d19d1a6989  (elapsed 2666s, eta 3458s)
2026-10-01T07:31:50Z [1253/2876]  43.6%  40.61  tracking_without_comments__306288b670_3da80363e6a77b56bc4ded7ad9716da9fe9c2533ccad8022__vs__b8aef329df_126fe265c043fbd4a6659d9997e0267cf0648e56da6004f0_redline_8be0329c00  (elapsed 2671s, eta 3460s)
2026-10-01T07:31:50Z [1254/2876]  43.6%  70.61  tracking_without_comments__2f23773d63_super_editor__pagination_blank_2a98ed7a__vs__9586202517_super_editor__two_column_two_page_0b8a37c5_redline_f7a3d7493d  (elapsed 2672s, eta 3456s)
2026-10-01T07:31:56Z [1255/2876]  43.6%  76.82  tracking_without_comments__36c5050fba_super_editor__list_with_indents_efc7d4f5__vs__5aa178b931_super_editor__lists_sub_paragraph_31ff3fed_redline_b9e68e187e  (elapsed 2678s, eta 3459s)
2026-10-01T07:31:58Z [1256/2876]  43.7%  76.78  tracking_without_comments__36c5050fba_super_editor__list_with_indents_efc7d4f5__vs__5aa178b931_super_editor__lists_sub_paragraph_31ff3fed_redline_558a7af34c  (elapsed 2679s, eta 3455s)
2026-10-01T07:32:00Z [1257/2876]  43.7%  54.23  tracking_without_comments__36c5050fba_super_editor__list_with_indents_efc7d4f5__vs__a21c45464c_super_editor__shape_group_ce60e1e6_redline_4264f1fbe3  (elapsed 2682s, eta 3454s)
2026-10-01T07:32:02Z [1258/2876]  43.7%  78.04  tracking_without_comments__36c5050fba_super_editor__list_with_indents_efc7d4f5__vs__a21c45464c_super_editor__shape_group_ce60e1e6_redline_97b4c2de49  (elapsed 2683s, eta 3451s)
2026-10-01T07:32:04Z [1259/2876]  43.8%  76.64  tracking_without_comments__36c5050fba_super_editor__list_with_indents_efc7d4f5__vs__d0281643d2_super_editor__hello_docx_world_12f11074_redline_5b4a8e06a2  (elapsed 2685s, eta 3449s)
2026-10-01T07:32:05Z [1260/2876]  43.8%  76.69  tracking_without_comments__36c5050fba_super_editor__list_with_indents_efc7d4f5__vs__d0281643d2_super_editor__hello_docx_world_12f11074_redline_f9ec352ab5  (elapsed 2686s, eta 3445s)
2026-10-01T07:32:07Z [1261/2876]  43.8%  81.79  tracking_without_comments__36fbd8c734_sales_report_january_2026_suggesting_insertions  (elapsed 2688s, eta 3442s)
2026-10-01T07:32:07Z [1262/2876]  43.9%  57.34  tracking_without_comments__34ed7ebd0f_227afe23857a4ab9a224864c35859a646d77964f0091d286__vs__8540241422_1a8b2f10c75536052e991733f8d68e4e56ad2bac943b4fdf_redline_7ee9ae5c62  (elapsed 2689s, eta 3438s)
2026-10-01T07:32:22Z [1263/2876]  43.9%  65.64  tracking_without_comments__24b9811b05_file_22__vs__7226967373_file_23_redline_2fe0dc77f9  (elapsed 2703s, eta 3452s)
2026-10-01T07:32:30Z [1264/2876]  43.9%  42.24  tracking_without_comments__3755bf5762_0000a3a991f56b6660c630eb426231a3b4ec31e40313aab9__vs__2e04202552_000e3e7bd2d6215fc7b469cc3e296c1b2a510bc1abc7e0fd_redline_aae2a313fa  (elapsed 2711s, eta 3458s)
2026-10-01T07:32:32Z [1265/2876]  44.0%  37.75  tracking_without_comments__3755bf5762_0000a3a991f56b6660c630eb426231a3b4ec31e40313aab9__vs__333bfe069a_003416d620331122b93b434dad901db5836f60d2cad4b533_redline_5050355ef6  (elapsed 2713s, eta 3455s)
2026-10-01T07:32:33Z [1266/2876]  44.0%  53.55  tracking_without_comments__3755bf5762_0000a3a991f56b6660c630eb426231a3b4ec31e40313aab9__vs__2773adf157_0004c94ca2a8684d47449bb0e7abf87de1df71a7e6543252_redline_fec6305982  (elapsed 2715s, eta 3452s)
2026-10-01T07:32:37Z [1267/2876]  44.1%  66.86  clean__e448c8d465_9d3fc36405a3bcc0229f94b29cd91574878336de0992543d  (elapsed 2719s, eta 3452s)
2026-10-01T07:32:43Z [1268/2876]  44.1%  65.53  tracking_without_comments__24b9811b05_file_22__vs__7226967373_file_23_redline_af4266d0f3  (elapsed 2724s, eta 3455s)
2026-10-01T07:32:45Z [1269/2876]  44.1%  80.44  tracking_without_comments__37f61a9c26_super_editor__tab_test_576c8317__vs__3cf3093270_super_editor__diff_after7_b998213e_redline_7178e9ad57  (elapsed 2727s, eta 3453s)
2026-10-01T07:32:47Z [1270/2876]  44.2%  80.60  tracking_without_comments__37f61a9c26_super_editor__tab_test_576c8317__vs__3cf3093270_super_editor__diff_after7_b998213e_redline_a719101ecb  (elapsed 2728s, eta 3450s)
2026-10-01T07:32:55Z [1271/2876]  44.2%  56.54  tracking_without_comments__3755bf5762_0000a3a991f56b6660c630eb426231a3b4ec31e40313aab9__vs__342f364d46_001342333d45627868f4dc5282abbba4598a91b4a7584b08_redline_a4972d3476  (elapsed 2736s, eta 3455s)
2026-10-01T07:32:55Z [1272/2876]  44.2%  76.69  tracking_without_comments__37f61a9c26_super_editor__tab_test_576c8317__vs__a5903a7c15_super_editor__pci_table_dc840852_redline_5b45a4008a  (elapsed 2736s, eta 3450s)
2026-10-01T07:32:56Z [1273/2876]  44.3%  54.59  tracking_without_comments__3755bf5762_0000a3a991f56b6660c630eb426231a3b4ec31e40313aab9__vs__5203829c7a_001cc92b88566d5f930fe57f25813c0bf52a7bdc72c217d0_redline_30e7502764  (elapsed 2737s, eta 3447s)
2026-10-01T07:32:57Z [1274/2876]  44.3%  45.33  tracking_without_comments__3755bf5762_0000a3a991f56b6660c630eb426231a3b4ec31e40313aab9__vs__bd3824dd1e_000ee64ef7226d353297888f59a251e24ce5d776fea000fa_redline_8707a2c3e0  (elapsed 2739s, eta 3444s)
2026-10-01T07:32:59Z [1275/2876]  44.3%  52.72  tracking_without_comments__3755bf5762_0000a3a991f56b6660c630eb426231a3b4ec31e40313aab9__vs__deff0e697a_00b5defcad6e58038eac35472a2d48c89905068e5ece0cc3_redline_660f17646d  (elapsed 2740s, eta 3441s)
2026-10-01T07:33:02Z [1276/2876]  44.4%  72.80  tracking_without_comments__37f61a9c26_super_editor__tab_test_576c8317__vs__a5903a7c15_super_editor__pci_table_dc840852_redline_b479ee1415  (elapsed 2744s, eta 3440s)
2026-10-01T07:33:08Z [1277/2876]  44.4%  41.32  tracking_without_comments__25e6d4b508_e8dba015e1110e4266d9be9e2d3d0fe5fc700e6e8fc3a2c8__vs__385dba78fe_dab9001fa1a6592e746f2874f49bfb83036add21c90c2534_redline_5173498bab  (elapsed 2749s, eta 3442s)
2026-10-01T07:33:15Z [1278/2876]  44.4%  47.44  tracking_without_comments__3755bf5762_0000a3a991f56b6660c630eb426231a3b4ec31e40313aab9__vs__a5f2b9318d_002aa60c2ae1187417b4b157c5ec6450324cc056ec551a12_redline_4d125fae2f  (elapsed 2756s, eta 3446s)
2026-10-01T07:33:16Z [1279/2876]  44.5%  57.59  tracking_without_comments__31665191de_a7444d0b8fef75bcdddc03eb540d379d9556f19492f0234b__vs__1a3573b864_bb917ba095edcd48f3cec46016b853f8906c245660277c45_redline_a8b96f68bd  (elapsed 2757s, eta 3443s)
2026-10-01T07:33:20Z [1280/2876]  44.5%  74.36  tracking_without_comments__39b73c977c_title_style_demo_style_default_missing__vs__3126703962_track_changes_editing_bullet_id_paraid_overflow_redline_818b3f47c8  (elapsed 2762s, eta 3444s)
2026-10-01T07:33:21Z [1281/2876]  44.5%  48.32  tracking_without_comments__38694026fb_0003b3ae2b115676d918e72f694790ddb64563721bb4a48d__vs__5203829c7a_001cc92b88566d5f930fe57f25813c0bf52a7bdc72c217d0_redline_a7ee4976dd  (elapsed 2762s, eta 3439s)
2026-10-01T07:33:24Z [1282/2876]  44.6%  75.19  tracking_without_comments__39c570fef3_546a6e0c15_rejected_tracking  (elapsed 2766s, eta 3439s)
2026-10-01T07:33:27Z [1283/2876]  44.6%  67.67  tracking_without_comments__38694026fb_0003b3ae2b115676d918e72f694790ddb64563721bb4a48d__vs__342f364d46_001342333d45627868f4dc5282abbba4598a91b4a7584b08_redline_a622521bf9  (elapsed 2768s, eta 3437s)
2026-10-01T07:33:28Z [1284/2876]  44.6%  80.02  tracking_without_comments__3a9525749b_heading_2_style_demo_id_paraid_overflow__vs__b2adbcc147_heading_3_center_italic_id_paraid_overflow_redline_fcf5829a2e  (elapsed 2769s, eta 3434s)
2026-10-01T07:33:33Z [1285/2876]  44.7%  70.21  tracking_without_comments__3ad13eed3d_evals__document_9bff7e1b__vs__36c5050fba_super_editor__list_with_indents_efc7d4f5_redline_30b249c952  (elapsed 2775s, eta 3435s)
2026-10-01T07:33:34Z [1286/2876]  44.7%  50.04  tracking_without_comments__39b59f5a84_4bd68827071993e9ef15259288fc0bd69cd2649b06000e19__vs__e2727b0828_371ddf84970d73bf320cc7ae92d9214c7ebc92bff083a63f_redline_6126dd867e  (elapsed 2775s, eta 3431s)
2026-10-01T07:33:37Z [1287/2876]  44.7%  70.76  tracking_without_comments__3ad13eed3d_evals__document_9bff7e1b__vs__36c5050fba_super_editor__list_with_indents_efc7d4f5_redline_dc53bd08e0  (elapsed 2778s, eta 3430s)
2026-10-01T07:33:41Z [1288/2876]  44.8%  67.87  tracking_without_comments__3ad13eed3d_evals__document_9bff7e1b__vs__9e4a01de0a_evals__employment_offer_4cf5a872_redline_1989b1497b  (elapsed 2782s, eta 3430s)
2026-10-01T07:33:42Z [1289/2876]  44.8%  67.83  tracking_without_comments__3ad13eed3d_evals__document_9bff7e1b__vs__9e4a01de0a_evals__employment_offer_4cf5a872_redline_f8b737f4d7  (elapsed 2783s, eta 3427s)
2026-10-01T07:33:43Z [1290/2876]  44.9%  57.59  tracking_without_comments__3acdeac275_df07344201b2e66cf9240d031d4d557ff431584640d8b6e2__vs__9c1bf5f235_e8ae4e9f3b84c0245227948ea7906659c244ca4bf1ac5b96_redline_f0b602dce0  (elapsed 2785s, eta 3424s)
2026-10-01T07:33:50Z [1291/2876]  44.9%  49.61  tracking_without_comments__3b639ef236_super_editor__sdpr_8cc15994  (elapsed 2791s, eta 3426s)
2026-10-01T07:33:51Z [1292/2876]  44.9%  55.02  tracking_without_comments__3b258165d3_c0cedbcb4c_accepted_tracking  (elapsed 2792s, eta 3423s)
2026-10-01T07:33:56Z [1293/2876]  45.0%  48.16  tracking_without_comments__3138fff3a6_a3023a2f84b5991c012aed0f0b05148b46c895a6909bc58b__vs__cfda171ad5_b6c5d22966c78c331541bedc08ce5c5a3e9d7cb713112201_redline_f46119e54c  (elapsed 2797s, eta 3425s)
2026-10-01T07:34:00Z [1294/2876]  45.0%  47.50  tracking_without_comments__38366ba69f_c32c6fb391053c84ab8c99cfea00c8c488560d9ac89c61fe__vs__ea93aecce5_8d45df263debb6a32a3b999fce17c9dcbac55f6bf500108d_redline_6a1f8b9ee6  (elapsed 2801s, eta 3425s)
2026-10-01T07:34:07Z [1295/2876]  45.0%  48.00  tracking_without_comments__38a1ef5bb6_7a88868c1f29765358247c7848ee3a0c61fe71106fbea68b__vs__f82761a5e5_220ce310386931394e50f26e221c47d9126154a54847a9c4_redline_43e644b1ca  (elapsed 2809s, eta 3429s)
2026-10-01T07:34:14Z [1296/2876]  45.1%  29.06  tracking_without_comments__3bfcb371e2_00003fff80a444ad2f706c74f3c0d9fbef00d7a99ba0c105__vs__2e04202552_000e3e7bd2d6215fc7b469cc3e296c1b2a510bc1abc7e0fd_redline_875b3fba58  (elapsed 2816s, eta 3433s)
2026-10-01T07:34:14Z [1297/2876]  45.1%  49.81  tracking_without_comments__3bfcb371e2_00003fff80a444ad2f706c74f3c0d9fbef00d7a99ba0c105__vs__2773adf157_0004c94ca2a8684d47449bb0e7abf87de1df71a7e6543252_redline_8fff070a61  (elapsed 2816s, eta 3428s)
2026-10-01T07:34:17Z [1298/2876]  45.1%  40.94  tracking_without_comments__350b1ae68d_009a28e68eaecf1c8b456f889410ff6d221b1d0cd42b0ccf__vs__260b98f6e8_009d432b6045c2a03c19d5019e9c7fc3a6cc23e485c61e6b_redline_d0e7a08bbd  (elapsed 2819s, eta 3427s)
2026-10-01T07:34:26Z [1299/2876]  45.2%  42.08  tracking_without_comments__3bfcb371e2_00003fff80a444ad2f706c74f3c0d9fbef00d7a99ba0c105__vs__333bfe069a_003416d620331122b93b434dad901db5836f60d2cad4b533_redline_23c28907ad  (elapsed 2827s, eta 3432s)
2026-10-01T07:34:28Z [1300/2876]  45.2%  47.66  tracking_without_comments__3c1e5d4d00_00b540ddc1a1fef3ab9acae5b93ca90e9fcef840e25d53cd__vs__5203829c7a_001cc92b88566d5f930fe57f25813c0bf52a7bdc72c217d0_redline_b1b9a24a0a  (elapsed 2829s, eta 3429s)
2026-10-01T07:34:31Z [1301/2876]  45.2%  55.61  tracking_without_comments__3c3938fe49_b42b3ae070_accepted_tracking  (elapsed 2832s, eta 3429s)
2026-10-01T07:34:31Z [1302/2876]  45.3%  53.98  tracking_without_comments__3c1e5d4d00_00b540ddc1a1fef3ab9acae5b93ca90e9fcef840e25d53cd__vs__342f364d46_001342333d45627868f4dc5282abbba4598a91b4a7584b08_redline_19fabd4927  (elapsed 2832s, eta 3424s)
2026-10-01T07:34:31Z [1303/2876]  45.3%  77.33  tracking_without_comments__3d8acd6139_super_editor__restart_numbering_sub_list_85ddcb7__vs__76827c9f6c_super_editor__sd_1480_two_col_index_0138dccc_redline_a2ccdc3c91  (elapsed 2832s, eta 3419s)
2026-10-01T07:34:31Z [1304/2876]  45.3%  42.84  tracking_without_comments__3bfcb371e2_00003fff80a444ad2f706c74f3c0d9fbef00d7a99ba0c105__vs__bd3824dd1e_000ee64ef7226d353297888f59a251e24ce5d776fea000fa_redline_92e0f36a56  (elapsed 2833s, eta 3415s)
2026-10-01T07:34:35Z [1305/2876]  45.4%  78.07  tracking_without_comments__3d8acd6139_super_editor__restart_numbering_sub_list_85ddcb7__vs__f49b3b0ec2_super_editor__sd_1919_word_table_74726d6c_redline_f64874524e  (elapsed 2836s, eta 3414s)
2026-10-01T07:34:35Z [1306/2876]  45.4%  77.41  tracking_without_comments__3d8acd6139_super_editor__restart_numbering_sub_list_85ddcb7__vs__76827c9f6c_super_editor__sd_1480_two_col_index_0138dccc_redline_afbbc2af9f  (elapsed 2837s, eta 3410s)
2026-10-01T07:34:35Z [1307/2876]  45.4%  78.27  tracking_without_comments__3d8acd6139_super_editor__restart_numbering_sub_list_85ddcb7__vs__f49b3b0ec2_super_editor__sd_1919_word_table_74726d6c_redline_944074982f  (elapsed 2837s, eta 3405s)
2026-10-01T07:34:37Z [1308/2876]  45.5%  41.57  tracking_without_comments__3bfcb371e2_00003fff80a444ad2f706c74f3c0d9fbef00d7a99ba0c105__vs__5203829c7a_001cc92b88566d5f930fe57f25813c0bf52a7bdc72c217d0_redline_1b64829cd7  (elapsed 2839s, eta 3403s)
2026-10-01T07:34:39Z [1309/2876]  45.5%  77.53  tracking_without_comments__3e33de961a_red_bold_text_demo_id_paraid_overflow__vs__635dfded4d_red_heading_demo_id_paraid_overflow_redline_0d5b51332e  (elapsed 2840s, eta 3400s)
2026-10-01T07:34:39Z [1310/2876]  45.5%  50.89  tracking_without_comments__3e50084c2e_super_editor__diff_after16_2a48697a__vs__22ccb1b200_super_editor__diff_after19_79c6b379_redline_039adb34f0  (elapsed 2841s, eta 3396s)
2026-10-01T07:34:41Z [1311/2876]  45.6%  50.79  tracking_without_comments__3e50084c2e_super_editor__diff_after16_2a48697a__vs__22ccb1b200_super_editor__diff_after19_79c6b379_redline_f77bce8423  (elapsed 2842s, eta 3393s)
2026-10-01T07:34:42Z [1312/2876]  45.6%  49.74  tracking_without_comments__3e50084c2e_super_editor__diff_after16_2a48697a__vs__d6a1c42901_super_editor__diff_before16_f518c031_redline_c9d3b0b659  (elapsed 2844s, eta 3390s)
2026-10-01T07:34:43Z [1313/2876]  45.7%  49.74  tracking_without_comments__3e50084c2e_super_editor__diff_after16_2a48697a__vs__d6a1c42901_super_editor__diff_before16_f518c031_redline_5c295497c7  (elapsed 2844s, eta 3386s)
2026-10-01T07:34:50Z [1314/2876]  45.7%  53.59  tracking_without_comments__3ee2d0ceda_00026ef6a227eca724d9cd35f12e3065557a9ef0dc7ee295__vs__5203829c7a_001cc92b88566d5f930fe57f25813c0bf52a7bdc72c217d0_redline_42a3eff631  (elapsed 2851s, eta 3390s)
2026-10-01T07:34:51Z [1315/2876]  45.7%  44.00  tracking_without_comments__3d9b31338f_evals__memorandum_258c774a__vs__f89ff5989b_evals__nda_7f304918_redline_77c80eb692  (elapsed 2853s, eta 3386s)
2026-10-01T07:34:52Z [1316/2876]  45.8%  39.82  tracking_without_comments__3a0f2e4a57_686a44fc5e12011c0e142a5e575c11eca2bead716e4f8740__vs__2c330b89a3_d4228664ebb9b9b04720a87693cb29ef235beeff19f7baca_redline_a9ee2a2ea7  (elapsed 2854s, eta 3383s)
2026-10-01T07:34:55Z [1317/2876]  45.8%  41.65  tracking_without_comments__3ee2d0ceda_00026ef6a227eca724d9cd35f12e3065557a9ef0dc7ee295__vs__bd3824dd1e_000ee64ef7226d353297888f59a251e24ce5d776fea000fa_redline_c2b781afeb  (elapsed 2856s, eta 3381s)
2026-10-01T07:34:56Z [1318/2876]  45.8%  44.06  tracking_without_comments__3d9b31338f_evals__memorandum_258c774a__vs__f89ff5989b_evals__nda_7f304918_redline_28cc200bf7  (elapsed 2857s, eta 3377s)
2026-10-01T07:34:57Z [1319/2876]  45.9%  49.39  tracking_without_comments__3faf9e000d_super_editor__text_color_highlight_36cb4c90__vs__cdf27ad0d3_behavior__sd_2672_nested_table_dfac08bb_redline_008043410c  (elapsed 2858s, eta 3374s)
2026-10-01T07:34:59Z [1320/2876]  45.9%  49.12  tracking_without_comments__3faf9e000d_super_editor__text_color_highlight_36cb4c90__vs__cdf27ad0d3_behavior__sd_2672_nested_table_dfac08bb_redline_b7cdd4dae5  (elapsed 2860s, eta 3371s)
2026-10-01T07:35:00Z [1321/2876]  45.9%  76.78  tracking_without_comments__3fc14675e5_italic_text_formatting_demo_id_paraid_overflow_2__vs__f26a5e4940_italic_text_formatting_demo_id_paraid_overflow_redline_9ee09a2c11  (elapsed 2862s, eta 3369s)
2026-10-01T07:35:01Z [1322/2876]  46.0%  41.45  tracking_without_comments__3f96a7ac81_80122bb2a76402060fc993788f57535ec2ab4f433a1bdda1__vs__1c7613f27c_858e0b906671516712d44243643f864adc6ec82ae1dbb09a_redline_e05a60bda3  (elapsed 2863s, eta 3365s)
2026-10-01T07:35:02Z [1323/2876]  46.0%  72.32  tracking_without_comments__4173c2bb01_open_sans_font_demo_id_paraid_overflow_2__vs__c706120413_open_sans_font_demo_id_paraid_overflow_redline_0aebeacf24  (elapsed 2863s, eta 3361s)
2026-10-01T07:35:03Z [1324/2876]  46.0%  77.25  tracking_without_comments__420a528aa0_super_editor__instrtext_angled_brackets_bug_ed56__vs__178804f5ce_super_editor__invalid_list_def_fallback_d7f55451_redline_073a441771  (elapsed 2864s, eta 3358s)
2026-10-01T07:35:04Z [1325/2876]  46.1%  77.25  tracking_without_comments__420a528aa0_super_editor__instrtext_angled_brackets_bug_ed56__vs__178804f5ce_super_editor__invalid_list_def_fallback_d7f55451_redline_e7611ac8ac  (elapsed 2866s, eta 3355s)
2026-10-01T07:35:06Z [1326/2876]  46.1%  82.48  tracking_without_comments__420a528aa0_super_editor__instrtext_angled_brackets_bug_ed56__vs__501bf3d47b_super_editor__table_merged_cells_9c349334_redline_bc49514ad1  (elapsed 2867s, eta 3351s)
2026-10-01T07:35:07Z [1327/2876]  46.1%  82.48  tracking_without_comments__420a528aa0_super_editor__instrtext_angled_brackets_bug_ed56__vs__501bf3d47b_super_editor__table_merged_cells_9c349334_redline_e0c606fa10  (elapsed 2868s, eta 3348s)
2026-10-01T07:35:09Z [1328/2876]  46.2%  50.23  tracking_without_comments__3c47f1b463_8dcbefa6e9bcf0c292392ca7fda1d9f2260ea724f9ad5f98__vs__f400cafcba_6565bfe1c9b7b19a2feedc7c358db69a32ed064149f2920f_redline_b00e0b4340  (elapsed 2870s, eta 3346s)
2026-10-01T07:35:14Z [1329/2876]  46.2%  47.88  tracking_without_comments__3fcd92b87b_30ff840c5280c4e754b1d6998d936bd6ae03c4cafe1dd5c9__vs__536a1741f1_2877e96980f074938031572843306e6da8158dd87dafec3e_redline_251aa16cd3  (elapsed 2876s, eta 3347s)
2026-10-01T07:35:29Z [1330/2876]  46.2%  34.19  tracking_without_comments__42aeddc7ba_5cbfcd93ef1cfd753fa58f2dff70795b728c7227b7009556__vs__6d7a0f164f_4626df7285217bef86655a468798b451c827f24df7caec50_redline_3f74e8a0d4  (elapsed 2890s, eta 3359s)
2026-10-01T07:35:32Z [1331/2876]  46.3%  39.54  tracking_without_comments__3faf9e000d_super_editor__text_color_highlight_36cb4c90__vs__4b0729d267_super_editor__h_f_normal_odd_even_unchecked_firs_redline_6218266659  (elapsed 2893s, eta 3358s)
2026-10-01T07:35:34Z [1332/2876]  46.3%  39.49  tracking_without_comments__3faf9e000d_super_editor__text_color_highlight_36cb4c90__vs__4b0729d267_super_editor__h_f_normal_odd_even_unchecked_firs_redline_c882131b50  (elapsed 2895s, eta 3356s)
2026-10-01T07:35:36Z [1333/2876]  46.3%  49.21  tracking_without_comments__42148810f2_72f824a7073c6729f8afd678daf0b9ee8944bd63b5bcdc87__vs__04ef47843d_97f0305382b8fac1dbea2e986a3e4d69c8406c398b9fb53a_redline_bc902c8157  (elapsed 2897s, eta 3354s)
2026-10-01T07:35:36Z [1334/2876]  46.4%  45.16  tracking_without_comments__432bf1c280_010684299d3c5523897eb69efb8c1c743c0a7623137d64fe__vs__2773adf157_0004c94ca2a8684d47449bb0e7abf87de1df71a7e6543252_redline_982694165a  (elapsed 2897s, eta 3349s)
2026-10-01T07:35:48Z [1335/2876]  46.4%  45.28  tracking_without_comments__3c23561bae_515fa05a5d7bbfdbc24a5352b1ccbd38cdc9cfd5cc2a91ec__vs__c721a969e2_457a1c824fa3968daede24f5ff81297201c62e364c155929_redline_4fe6c6b8eb  (elapsed 2909s, eta 3358s)
2026-10-01T07:35:52Z [1336/2876]  46.5%  46.13  tracking_without_comments__432bf1c280_010684299d3c5523897eb69efb8c1c743c0a7623137d64fe__vs__2e04202552_000e3e7bd2d6215fc7b469cc3e296c1b2a510bc1abc7e0fd_redline_a0e558b0b9  (elapsed 2914s, eta 3359s)
2026-10-01T07:35:59Z [1337/2876]  46.5%  61.75  tracking_without_comments__436055d33f_super_editor__diff_before6_7c6912cb__vs__43dd6753e6_super_editor__diff_before7_5bad2542_redline_15bbf99e99  (elapsed 2920s, eta 3361s)
2026-10-01T07:36:03Z [1338/2876]  46.5%  61.72  tracking_without_comments__436055d33f_super_editor__diff_before6_7c6912cb__vs__43dd6753e6_super_editor__diff_before7_5bad2542_redline_1c1fd5736f  (elapsed 2924s, eta 3361s)
2026-10-01T07:36:04Z [1339/2876]  46.6%  42.73  tracking_without_comments__432bf1c280_010684299d3c5523897eb69efb8c1c743c0a7623137d64fe__vs__333bfe069a_003416d620331122b93b434dad901db5836f60d2cad4b533_redline_be5af1ebf5  (elapsed 2925s, eta 3357s)
2026-10-01T07:36:08Z [1340/2876]  46.6%  75.74  tracking_without_comments__438e423482_track_changes_suggesting_italic_id_paraid_overfl__vs__9f56ca58a1_track_changes_suggesting_title_id_paraid_overflo_redline_860adc1e61  (elapsed 2930s, eta 3358s)
2026-10-01T07:36:18Z [1341/2876]  46.6%  62.36  tracking_without_comments__44f83e9351_word_tolerated_misplaced_uipriority__vs__43432ba9ab_word_tolerated_orphan_comment_redline_6a25d00879  (elapsed 2939s, eta 3365s)
2026-10-01T07:36:20Z [1342/2876]  46.7%  44.77  tracking_without_comments__432bf1c280_010684299d3c5523897eb69efb8c1c743c0a7623137d64fe__vs__5203829c7a_001cc92b88566d5f930fe57f25813c0bf52a7bdc72c217d0_redline_259117826d  (elapsed 2941s, eta 3362s)
2026-10-01T07:36:20Z [1343/2876]  46.7%  42.75  tracking_without_comments__432bf1c280_010684299d3c5523897eb69efb8c1c743c0a7623137d64fe__vs__bd3824dd1e_000ee64ef7226d353297888f59a251e24ce5d776fea000fa_redline_6167071c5d  (elapsed 2941s, eta 3357s)
2026-10-01T07:36:21Z [1344/2876]  46.7%  47.94  tracking_without_comments__3823aefaec_3d1b6f42b5c8b56ade1c4448828b9b64c6c046b1e7bda606  (elapsed 2942s, eta 3354s)
2026-10-01T07:36:23Z [1345/2876]  46.8%  63.99  tracking_without_comments__2ca2d3ab7b_file_22__vs__da0d11d072_file_23_redline_e1a794efce  (elapsed 2944s, eta 3351s)
2026-10-01T07:36:23Z [1346/2876]  46.8%  63.16  tracking_without_comments__43801e6982_file_187__vs__020244dc00_file_188_redline_c48c01d665  (elapsed 2945s, eta 3347s)
2026-10-01T07:36:24Z [1347/2876]  46.8%  41.19  tracking_without_comments__432bf1c280_010684299d3c5523897eb69efb8c1c743c0a7623137d64fe__vs__deff0e697a_00b5defcad6e58038eac35472a2d48c89905068e5ece0cc3_redline_ea3098283c  (elapsed 2945s, eta 3343s)
2026-10-01T07:36:35Z [1348/2876]  46.9%  58.59  tracking_without_comments__45f61cfd4f_super_editor__sd_1495_auto_page_break_2_f0f3bf0e__vs__9c1fb4747e_super_editor__sd_1495_auto_page_break_854a2dd9_redline_3d7a870506  (elapsed 2957s, eta 3352s)
2026-10-01T07:36:35Z [1349/2876]  46.9%  55.77  tracking_without_comments__45e6f5a2e1_00077bf334f45f6bc64fb5b73e579587002b3ccb55de03f8__vs__5203829c7a_001cc92b88566d5f930fe57f25813c0bf52a7bdc72c217d0_redline_3ede38be2a  (elapsed 2957s, eta 3347s)
2026-10-01T07:36:37Z [1350/2876]  46.9%  49.30  tracking_without_comments__432bf1c280_010684299d3c5523897eb69efb8c1c743c0a7623137d64fe__vs__342f364d46_001342333d45627868f4dc5282abbba4598a91b4a7584b08_redline_435d2c2474  (elapsed 2958s, eta 3344s)
2026-10-01T07:36:41Z [1351/2876]  47.0%  37.75  tracking_without_comments__45eb809d00_64d05c8af4_rejected_tracking  (elapsed 2963s, eta 3344s)
2026-10-01T07:36:44Z [1352/2876]  47.0%  65.38  tracking_without_comments__4640e71ddd_0062ef190840d69d26aa6ecec30a8cb25f8e1506cee20dac__vs__2773adf157_0004c94ca2a8684d47449bb0e7abf87de1df71a7e6543252_redline_8f1e9d4179  (elapsed 2965s, eta 3342s)
2026-10-01T07:36:44Z [1353/2876]  47.0%  58.24  tracking_without_comments__45f61cfd4f_super_editor__sd_1495_auto_page_break_2_f0f3bf0e__vs__9c1fb4747e_super_editor__sd_1495_auto_page_break_854a2dd9_redline_a185cbd134  (elapsed 2966s, eta 3338s)
2026-10-01T07:36:44Z [1354/2876]  47.1%  51.98  tracking_without_comments__45e6f5a2e1_00077bf334f45f6bc64fb5b73e579587002b3ccb55de03f8__vs__1424386e9b_017447de83753a0e3b7afc659df038ef56972925336c6a5b_redline_ad45442559  (elapsed 2966s, eta 3334s)
2026-10-01T07:36:45Z [1355/2876]  47.1%  59.40  tracking_without_comments__45e6f5a2e1_00077bf334f45f6bc64fb5b73e579587002b3ccb55de03f8__vs__342f364d46_001342333d45627868f4dc5282abbba4598a91b4a7584b08_redline_d244fd1091  (elapsed 2967s, eta 3330s)
2026-10-01T07:36:46Z [1356/2876]  47.1%  52.88  tracking_without_comments__45e6f5a2e1_00077bf334f45f6bc64fb5b73e579587002b3ccb55de03f8__vs__bd3824dd1e_000ee64ef7226d353297888f59a251e24ce5d776fea000fa_redline_885fcb55ac  (elapsed 2968s, eta 3326s)
2026-10-01T07:36:49Z [1357/2876]  47.2%  49.08  tracking_without_comments__4640e71ddd_0062ef190840d69d26aa6ecec30a8cb25f8e1506cee20dac__vs__2e04202552_000e3e7bd2d6215fc7b469cc3e296c1b2a510bc1abc7e0fd_redline_cb9583377c  (elapsed 2970s, eta 3325s)
2026-10-01T07:36:50Z [1358/2876]  47.2%  53.40  tracking_without_comments__4640e71ddd_0062ef190840d69d26aa6ecec30a8cb25f8e1506cee20dac__vs__5203829c7a_001cc92b88566d5f930fe57f25813c0bf52a7bdc72c217d0_redline_e0af18fb3d  (elapsed 2971s, eta 3321s)
2026-10-01T07:36:53Z [1359/2876]  47.3%  51.81  tracking_without_comments__4640e71ddd_0062ef190840d69d26aa6ecec30a8cb25f8e1506cee20dac__vs__deff0e697a_00b5defcad6e58038eac35472a2d48c89905068e5ece0cc3_redline_7d3cfc66f7  (elapsed 2974s, eta 3320s)
2026-10-01T07:36:54Z [1360/2876]  47.3%  81.67  tracking_without_comments__47400ffd33_file_127  (elapsed 2975s, eta 3316s)
2026-10-01T07:36:55Z [1361/2876]  47.3%  45.53  tracking_without_comments__4640e71ddd_0062ef190840d69d26aa6ecec30a8cb25f8e1506cee20dac__vs__333bfe069a_003416d620331122b93b434dad901db5836f60d2cad4b533_redline_c40f3cc643  (elapsed 2976s, eta 3313s)
2026-10-01T07:36:55Z [1362/2876]  47.4%  59.38  tracking_without_comments__4640e71ddd_0062ef190840d69d26aa6ecec30a8cb25f8e1506cee20dac__vs__bd3824dd1e_000ee64ef7226d353297888f59a251e24ce5d776fea000fa_redline_a09aa89f13  (elapsed 2976s, eta 3309s)
2026-10-01T07:36:55Z [1363/2876]  47.4%  56.85  tracking_without_comments__4640e71ddd_0062ef190840d69d26aa6ecec30a8cb25f8e1506cee20dac__vs__342f364d46_001342333d45627868f4dc5282abbba4598a91b4a7584b08_redline_c486f3a829  (elapsed 2977s, eta 3304s)
2026-10-01T07:37:07Z [1364/2876]  47.4%  66.55  tracking_without_comments__474e622071_b4cd671041_accepted_tracking  (elapsed 2988s, eta 3312s)
2026-10-01T07:37:07Z [1365/2876]  47.5%  50.12  tracking_without_comments__46f47ccfe2_46fc5c182dca5262909ec84931a23338aefc1f1032ee0de6__vs__3a4df93535_3e1b81ef00b0a49ef402f6df4476f80e2b7028a1d287dfab_redline_a5c1f5bb71  (elapsed 2988s, eta 3308s)
2026-10-01T07:37:08Z [1366/2876]  47.5%  70.68  tracking_without_comments__4858c9853b_behavior__multi_image_types_b962a2b8__vs__7c31a68295_behavior__pageref_standalone_h_7b3ab72e_redline_7f222bb103  (elapsed 2990s, eta 3305s)
2026-10-01T07:37:09Z [1367/2876]  47.5%  70.07  tracking_without_comments__4858c9853b_behavior__multi_image_types_b962a2b8__vs__7c31a68295_behavior__pageref_standalone_h_7b3ab72e_redline_9683765ab1  (elapsed 2990s, eta 3301s)
2026-10-01T07:37:10Z [1368/2876]  47.6%  45.19  tracking_without_comments__4640e71ddd_0062ef190840d69d26aa6ecec30a8cb25f8e1506cee20dac__vs__a5f2b9318d_002aa60c2ae1187417b4b157c5ec6450324cc056ec551a12_redline_daa4804467  (elapsed 2991s, eta 3297s)
2026-10-01T07:37:10Z [1369/2876]  47.6%  39.08  tracking_without_comments__457baf0679_jubarte_redline_nomove  (elapsed 2991s, eta 3293s)
2026-10-01T07:37:11Z [1370/2876]  47.6%  65.59  tracking_without_comments__491a257507_blue_bold_centered_demo_id_paraid_overflow__vs__da68abdf72_blue_centered_title_demo_style_default_missing_redline_3b9982e41f  (elapsed 2992s, eta 3289s)
2026-10-01T07:37:11Z [1371/2876]  47.7%  81.37  tracking_without_comments__48cd1e0a53_bold_and_italic_combo_style_default_missing__vs__187c1cd53e_bold_and_underline_combo_id_paraid_overflow_redline_adb78cb375  (elapsed 2992s, eta 3285s)
2026-10-01T07:37:12Z [1372/2876]  47.7%  63.89  tracking_without_comments__498a050671_super_editor__custom_list1_77f82bd7__vs__4ba01802a7_super_editor__diff_after_10f1912e_redline_b29b698adb  (elapsed 2994s, eta 3282s)
2026-10-01T07:37:13Z [1373/2876]  47.7%  63.92  tracking_without_comments__498a050671_super_editor__custom_list1_77f82bd7__vs__4ba01802a7_super_editor__diff_after_10f1912e_redline_f555f644c2  (elapsed 2994s, eta 3278s)
2026-10-01T07:37:16Z [1374/2876]  47.8%  63.41  tracking_without_comments__4ad775158b_bold_red_text_combo_id_paraid_overflow__vs__02c9605488_bold_superscript_demo_style_default_missing_redline_b543295140  (elapsed 2997s, eta 3276s)
2026-10-01T07:37:16Z [1375/2876]  47.8%  80.55  tracking_without_comments__4a25467800_8836f9bbdb_accepted_tracking  (elapsed 2997s, eta 3272s)
2026-10-01T07:37:22Z [1376/2876]  47.8%  38.94  tracking_without_comments__4257f96bae_8fa61235b84a03e7820a3368b0a43ef1158024839c31cd3d__vs__3ec493ae9c_b83182c2d0b99fc8edbfb0dde85e393ed1e718749e059ec7_redline_f28992f568  (elapsed 3004s, eta 3274s)
2026-10-01T07:37:34Z [1377/2876]  47.9%  58.37  tracking_without_comments__4868e18c2f_c4542a55b93e25d28e0dd2bcb4c344ea08a5296e16a3d8af__vs__dda66f2e20_13d11814aee9627b5817928625ff9990ebbcf1c7b664091f_redline_86652e3619  (elapsed 3015s, eta 3283s)
2026-10-01T07:37:35Z [1378/2876]  47.9%  69.34  tracking_without_comments__49ea29382c_487c8ccdd0615414a847a9a6e66d26233de016c93a0cac0a__vs__baed832328_142b3c1f29abaa279fa981caccfef5fa9e1136c2c29b165c_redline_c3e69fcfe2  (elapsed 3016s, eta 3279s)
2026-10-01T07:37:36Z [1379/2876]  47.9%  51.61  tracking_without_comments__498e14e303_8aea36343507f94f9994f88eb8ec5304fe3d1bb44f06ad18__vs__d0526e27df_954534e6294cf67d9d64531e60871cdc380db5356d8d86ee_redline_b9355f7ec3  (elapsed 3017s, eta 3275s)
2026-10-01T07:37:42Z [1380/2876]  48.0%  42.28  tracking_without_comments__40ac206d09_574391833ed2592c3c7602a1392772629c80f5d9b8c61bd3  (elapsed 3024s, eta 3278s)
2026-10-01T07:37:44Z [1381/2876]  48.0%  41.27  tracking_without_comments__4ade5f9207_009df71a7ecb41f9da0135915e2e4d68176e296ff69c9af0__vs__333bfe069a_003416d620331122b93b434dad901db5836f60d2cad4b533_redline_2630e08da9  (elapsed 3025s, eta 3275s)
2026-10-01T07:37:55Z [1382/2876]  48.1%  39.46  tracking_without_comments__4ade5f9207_009df71a7ecb41f9da0135915e2e4d68176e296ff69c9af0__vs__5203829c7a_001cc92b88566d5f930fe57f25813c0bf52a7bdc72c217d0_redline_6b69ef5b77  (elapsed 3036s, eta 3282s)
2026-10-01T07:37:57Z [1383/2876]  48.1%  81.87  tracking_without_comments__4b97a33168_risk_assessment_product_launch_suggesting_insert  (elapsed 3039s, eta 3280s)
2026-10-01T07:38:01Z [1384/2876]  48.1%  46.53  tracking_without_comments__4ba01802a7_super_editor__diff_after_10f1912e__vs__42d59beb40_super_editor__diff_after10_ac257741_redline_1282fd98dc  (elapsed 3042s, eta 3279s)
2026-10-01T07:38:01Z [1385/2876]  48.2%  46.10  tracking_without_comments__476dd8129a_a73aaf75c471a01c06be8a6d359813363129ce98f8961862__vs__d5147a7eac_a4f0c024045d58724784304ee89c0fe1e16361f322d279b2_redline_a1848c2b50  (elapsed 3043s, eta 3276s)
2026-10-01T07:38:04Z [1386/2876]  48.2%  46.46  tracking_without_comments__4ba01802a7_super_editor__diff_after_10f1912e__vs__42d59beb40_super_editor__diff_after10_ac257741_redline_c53c99a402  (elapsed 3045s, eta 3274s)
2026-10-01T07:38:08Z [1387/2876]  48.2%  45.37  tracking_without_comments__4ade5f9207_009df71a7ecb41f9da0135915e2e4d68176e296ff69c9af0__vs__bd3824dd1e_000ee64ef7226d353297888f59a251e24ce5d776fea000fa_redline_599789f1d9  (elapsed 3050s, eta 3274s)
2026-10-01T07:38:09Z [1388/2876]  48.3%  47.86  tracking_without_comments__4ba01802a7_super_editor__diff_after_10f1912e__vs__98bc895b4b_super_editor__listwithspacernodes_cf53e890_redline_0ace7bbff2  (elapsed 3050s, eta 3270s)
2026-10-01T07:38:10Z [1389/2876]  48.3%  48.03  tracking_without_comments__4ba01802a7_super_editor__diff_after_10f1912e__vs__98bc895b4b_super_editor__listwithspacernodes_cf53e890_redline_1a9607929b  (elapsed 3052s, eta 3267s)
2026-10-01T07:38:12Z [1390/2876]  48.3%  42.46  tracking_without_comments__4ba01802a7_super_editor__diff_after_10f1912e__vs__c498e8c52c_super_editor__contract_acc_bbd983a0_redline_362913bbc7  (elapsed 3054s, eta 3264s)
2026-10-01T07:38:13Z [1391/2876]  48.4%  42.26  tracking_without_comments__4ba01802a7_super_editor__diff_after_10f1912e__vs__c498e8c52c_super_editor__contract_acc_bbd983a0_redline_3c8263d2fa  (elapsed 3054s, eta 3260s)
2026-10-01T07:38:15Z [1392/2876]  48.4%  68.07  tracking_without_comments__4c0d04c85d_book_catalog_id_paraid_overflow__vs__7cab5fbdbe_book_catalog_table_redline_93784adf25  (elapsed 3056s, eta 3258s)
2026-10-01T07:38:16Z [1393/2876]  48.4%  77.59  tracking_without_comments__4c4f8515c5_title_style_centered_demo_id_paraid_overflow__vs__f8f9857e80_title_style_demo_id_paraid_overflow_redline_3bb3312335  (elapsed 3058s, eta 3255s)
2026-10-01T07:38:18Z [1394/2876]  48.5%  71.09  tracking_without_comments__4cb1926093_behavior__sd_1960_word_replacement_no_comments_1  (elapsed 3060s, eta 3253s)
2026-10-01T07:38:19Z [1395/2876]  48.5%  82.81  tracking_without_comments__4cb1926093_behavior__sd_1960_word_replacement_no_comments_1__vs__16100cd46d_behavior__sd_2323_image_resize_test_2b8a201a_redline_db9f3507a3  (elapsed 3060s, eta 3249s)
2026-10-01T07:38:22Z [1396/2876]  48.5%  67.82  tracking_without_comments__4cdaacc7df_823e29543e_rejected_tracking  (elapsed 3063s, eta 3248s)
2026-10-01T07:38:22Z [1397/2876]  48.6%  66.76  tracking_without_comments__4d1070e14c_strikethrough_text_formatting_demo_id_paraid_ove__vs__316da9cc94_subscript_demo_id_paraid_overflow_redline_7944fb7d31  (elapsed 3064s, eta 3244s)
2026-10-01T07:38:23Z [1398/2876]  48.6%  38.34  tracking_without_comments__4b0729d267_super_editor__h_f_normal_odd_even_unchecked_firs__vs__b992bfc6eb_super_editor__h_f_normal_odd_even_b572e46d_redline_825fb37837  (elapsed 3064s, eta 3240s)
2026-10-01T07:38:26Z [1399/2876]  48.6%  63.43  tracking_without_comments__4d46d744be_7f437ab2c3_accepted_tracking  (elapsed 3067s, eta 3238s)
2026-10-01T07:38:27Z [1400/2876]  48.7%  75.48  tracking_without_comments__4b0729d267_super_editor__h_f_normal_odd_even_unchecked_firs__vs__9c1fb4747e_super_editor__sd_1495_auto_page_break_854a2dd9_redline_eeaf40d635  (elapsed 3068s, eta 3235s)
2026-10-01T07:38:28Z [1401/2876]  48.7%  38.34  tracking_without_comments__4b0729d267_super_editor__h_f_normal_odd_even_unchecked_firs__vs__b992bfc6eb_super_editor__h_f_normal_odd_even_b572e46d_redline_be248670ce  (elapsed 3069s, eta 3231s)
2026-10-01T07:38:29Z [1402/2876]  48.7%  79.42  tracking_without_comments__4dff3f0ab2_heading_1_bold_demo_id_paraid_overflow__vs__045a9b188d_heading_1_style_demo_id_paraid_overflow_redline_96417ebe02  (elapsed 3070s, eta 3228s)
2026-10-01T07:38:31Z [1403/2876]  48.8%  76.91  tracking_without_comments__4b0729d267_super_editor__h_f_normal_odd_even_unchecked_firs__vs__9c1fb4747e_super_editor__sd_1495_auto_page_break_854a2dd9_redline_0b5ecec9d6  (elapsed 3073s, eta 3226s)
2026-10-01T07:38:32Z [1404/2876]  48.8%  46.95  tracking_without_comments__4db02133f5_0007ed60dbbc648e714534360ae72dd054c8322b82ac5609__vs__5203829c7a_001cc92b88566d5f930fe57f25813c0bf52a7bdc72c217d0_redline_91c71f47ae  (elapsed 3074s, eta 3223s)
2026-10-01T07:38:34Z [1405/2876]  48.9%  46.03  tracking_without_comments__476ab12079_e5c04599c47237de235c238feb7a4e6e006cc7ff15ecc70a__vs__01d8d30dcd_64a215ef9dd6ba45700f8bae07a22142ee74112b569d3e88_redline_3bc1b275af  (elapsed 3075s, eta 3220s)
2026-10-01T07:38:36Z [1406/2876]  48.9%  52.84  tracking_without_comments__4db02133f5_0007ed60dbbc648e714534360ae72dd054c8322b82ac5609__vs__bd3824dd1e_000ee64ef7226d353297888f59a251e24ce5d776fea000fa_redline_f7b0b075cd  (elapsed 3077s, eta 3217s)
2026-10-01T07:38:38Z [1407/2876]  48.9%  47.00  tracking_without_comments__4edcbf241a_behavior__math_groupchr_tests_4a4970fc__vs__d6a1c42901_super_editor__diff_before16_f518c031_redline_110e5d9ce1  (elapsed 3079s, eta 3214s)
2026-10-01T07:38:39Z [1408/2876]  49.0%  39.30  tracking_without_comments__4c3999a0d9_2f1e47b67f38e08aa66f8c6667e88dac17cc31f5e32ce219__vs__6a0425f294_35e46f6ecb40163d6866a0374791aa3680f314adcf860db0_redline_db0f90defc  (elapsed 3080s, eta 3212s)
2026-10-01T07:38:39Z [1409/2876]  49.0%  46.98  tracking_without_comments__4edcbf241a_behavior__math_groupchr_tests_4a4970fc__vs__d6a1c42901_super_editor__diff_before16_f518c031_redline_d22973c8f1  (elapsed 3081s, eta 3208s)
2026-10-01T07:38:41Z [1410/2876]  49.0%  47.61  tracking_without_comments__4edcbf241a_behavior__math_groupchr_tests_4a4970fc__vs__f7ece685ff_behavior__math_limit_tests_6dc07867_redline_3e47bc2c89  (elapsed 3082s, eta 3205s)
2026-10-01T07:38:42Z [1411/2876]  49.1%  47.55  tracking_without_comments__4edcbf241a_behavior__math_groupchr_tests_4a4970fc__vs__f7ece685ff_behavior__math_limit_tests_6dc07867_redline_6a6e297101  (elapsed 3084s, eta 3202s)
2026-10-01T07:38:44Z [1412/2876]  49.1%  48.59  tracking_without_comments__4ed1b6d133_0020e4099d611a050ed83fb7e0b16d6f48200018bbb1e757__vs__5203829c7a_001cc92b88566d5f930fe57f25813c0bf52a7bdc72c217d0_redline_ffe1939713  (elapsed 3085s, eta 3199s)
2026-10-01T07:38:45Z [1413/2876]  49.1%  50.57  tracking_without_comments__501bf3d47b_super_editor__table_merged_cells_9c349334__vs__ab064d6482_super_editor__table_width_issue_20b01504_redline_5245c92a2c  (elapsed 3086s, eta 3196s)
2026-10-01T07:38:47Z [1414/2876]  49.2%  52.09  tracking_without_comments__501bf3d47b_super_editor__table_merged_cells_9c349334__vs__ab064d6482_super_editor__table_width_issue_20b01504_redline_cfb3908b65  (elapsed 3088s, eta 3193s)
2026-10-01T07:38:50Z [1415/2876]  49.2%  81.22  tracking_without_comments__516ae5b317_justified_underline_demo_id_paraid_overflow__vs__bebfc19fe0_justify_alignment_demo_id_paraid_overflow_2_redline_e1df09500c  (elapsed 3091s, eta 3192s)
2026-10-01T07:38:51Z [1416/2876]  49.2%  46.21  tracking_without_comments__509174cb00_4dc2a0dc7286438f40da0bcc0be31afe83621d0fc6576159__vs__66b7b15a1a_59f8c04d24a6261ab1c0180bb39999080b97ef992e658302_redline_15c82f6344  (elapsed 3092s, eta 3188s)
2026-10-01T07:38:52Z [1417/2876]  49.3%  57.04  tracking_without_comments__4ed1b6d133_0020e4099d611a050ed83fb7e0b16d6f48200018bbb1e757__vs__bd3824dd1e_000ee64ef7226d353297888f59a251e24ce5d776fea000fa_redline_e1f1792974  (elapsed 3093s, eta 3185s)
2026-10-01T07:38:53Z [1418/2876]  49.3%  46.00  tracking_without_comments__4edcbf241a_behavior__math_groupchr_tests_4a4970fc__vs__fe11d14f44_behavior__sd_2447_toc_tab_alignment_8319c14c_redline_1563488eea  (elapsed 3094s, eta 3182s)
2026-10-01T07:38:54Z [1419/2876]  49.3%  46.04  tracking_without_comments__4edcbf241a_behavior__math_groupchr_tests_4a4970fc__vs__fe11d14f44_behavior__sd_2447_toc_tab_alignment_8319c14c_redline_0b30494579  (elapsed 3095s, eta 3178s)
2026-10-01T07:38:54Z [1420/2876]  49.4%  60.69  tracking_without_comments__4ed1b6d133_0020e4099d611a050ed83fb7e0b16d6f48200018bbb1e757__vs__342f364d46_001342333d45627868f4dc5282abbba4598a91b4a7584b08_redline_6d0354470e  (elapsed 3096s, eta 3174s)
2026-10-01T07:39:12Z [1421/2876]  49.4%  70.17  tracking_without_comments__52220b20c3_00a54bff7e15af78fe7cfc20219c28cb208fde807bd28d44__vs__2773adf157_0004c94ca2a8684d47449bb0e7abf87de1df71a7e6543252_redline_b799eadbeb  (elapsed 3113s, eta 3188s)
2026-10-01T07:39:12Z [1422/2876]  49.4%  32.63  tracking_without_comments__4fe24cc3d9_2b4ba26edac9365d1c7e4d627b45febf3b4a4fb075f9c7d4__vs__7b852c051b_28c6466532f6447866e5b9d8e67e4fd72163c69db1ea24c0_redline_d1b038c74f  (elapsed 3113s, eta 3183s)
2026-10-01T07:39:14Z [1423/2876]  49.5%  35.20  tracking_without_comments__521bb53c59_7b5f7cc03ca143f21962fb74754cd58d9bf6d5d0ce6746fc__vs__181d75bcd4_733e30614c2af1c89ccff8e9c40056a9c86f601eff22e03d_redline_b4b07058b0  (elapsed 3115s, eta 3181s)
2026-10-01T07:39:15Z [1424/2876]  49.5%  37.60  tracking_without_comments__52220b20c3_00a54bff7e15af78fe7cfc20219c28cb208fde807bd28d44__vs__1424386e9b_017447de83753a0e3b7afc659df038ef56972925336c6a5b_redline_d6b6d403cc  (elapsed 3116s, eta 3177s)
2026-10-01T07:39:16Z [1425/2876]  49.5%  59.01  tracking_without_comments__52220b20c3_00a54bff7e15af78fe7cfc20219c28cb208fde807bd28d44__vs__5203829c7a_001cc92b88566d5f930fe57f25813c0bf52a7bdc72c217d0_redline_6de20376e8  (elapsed 3117s, eta 3174s)
2026-10-01T07:39:16Z [1426/2876]  49.6%  53.22  tracking_without_comments__52220b20c3_00a54bff7e15af78fe7cfc20219c28cb208fde807bd28d44__vs__2e04202552_000e3e7bd2d6215fc7b469cc3e296c1b2a510bc1abc7e0fd_redline_9d0b6ef8ad  (elapsed 3118s, eta 3170s)
2026-10-01T07:39:18Z [1427/2876]  49.6%  71.69  tracking_without_comments__52dda2acfb_029c0275ad_rejected_tracking  (elapsed 3119s, eta 3167s)
2026-10-01T07:39:22Z [1428/2876]  49.7%  56.29  tracking_without_comments__5396ca3671_helvetica_font_demo_style_default_missing__vs__f1ea4a51fd_hr_onboarding_checklist_table_redline_504edf1ba1  (elapsed 3123s, eta 3167s)
2026-10-01T07:39:29Z [1429/2876]  49.7%  68.76  tracking_without_comments__52220b20c3_00a54bff7e15af78fe7cfc20219c28cb208fde807bd28d44__vs__342f364d46_001342333d45627868f4dc5282abbba4598a91b4a7584b08_redline_d525625b0d  (elapsed 3130s, eta 3170s)
2026-10-01T07:39:34Z [1430/2876]  49.7%  42.52  tracking_without_comments__531cf3d312_00ce789bc3226c2a68967cc29792927c80b7f55d9b5267ad__vs__333bfe069a_003416d620331122b93b434dad901db5836f60d2cad4b533_redline_7a88634b0d  (elapsed 3136s, eta 3171s)
2026-10-01T07:39:35Z [1431/2876]  49.8%  54.34  tracking_without_comments__531cf3d312_00ce789bc3226c2a68967cc29792927c80b7f55d9b5267ad__vs__5203829c7a_001cc92b88566d5f930fe57f25813c0bf52a7bdc72c217d0_redline_dfd967d329  (elapsed 3136s, eta 3167s)
2026-10-01T07:39:37Z [1432/2876]  49.8%  64.39  tracking_without_comments__52220b20c3_00a54bff7e15af78fe7cfc20219c28cb208fde807bd28d44__vs__bd3824dd1e_000ee64ef7226d353297888f59a251e24ce5d776fea000fa_redline_8018df6bdf  (elapsed 3138s, eta 3164s)
2026-10-01T07:39:41Z [1433/2876]  49.8%  57.26  tracking_without_comments__52220b20c3_00a54bff7e15af78fe7cfc20219c28cb208fde807bd28d44__vs__deff0e697a_00b5defcad6e58038eac35472a2d48c89905068e5ece0cc3_redline_3313c4449e  (elapsed 3142s, eta 3164s)
2026-10-01T07:39:43Z [1434/2876]  49.9%  74.04  tracking_without_comments__563331c6f3_super_editor__broken_complex_list_293fda86__vs__2ba392cdd2_super_editor__broken_list_missing_items_36b4199e_redline_49309fc804  (elapsed 3145s, eta 3162s)
2026-10-01T07:39:44Z [1435/2876]  49.9%  57.33  tracking_without_comments__546864032e_evals__lease_agreement_7081191d__vs__3d9b31338f_evals__memorandum_258c774a_redline_4fbd0e01b4  (elapsed 3145s, eta 3158s)
2026-10-01T07:39:46Z [1436/2876]  49.9%  57.19  tracking_without_comments__55fdbb3e31_a2fa2445c6_rejected_tracking  (elapsed 3147s, eta 3156s)
2026-10-01T07:39:47Z [1437/2876]  50.0%  63.24  tracking_without_comments__563331c6f3_super_editor__broken_complex_list_293fda86__vs__ad43500302_super_editor__list_numbering_reimport_d788d573_redline_86b2558c9c  (elapsed 3148s, eta 3153s)
2026-10-01T07:39:50Z [1438/2876]  50.0%  63.24  tracking_without_comments__563331c6f3_super_editor__broken_complex_list_293fda86__vs__ad43500302_super_editor__list_numbering_reimport_d788d573_redline_f6ab1636eb  (elapsed 3152s, eta 3152s)
2026-10-01T07:39:52Z [1439/2876]  50.0%  74.02  tracking_without_comments__563331c6f3_super_editor__broken_complex_list_293fda86__vs__2ba392cdd2_super_editor__broken_list_missing_items_36b4199e_redline_de5c26892b  (elapsed 3153s, eta 3149s)
2026-10-01T07:39:52Z [1440/2876]  50.1%  57.25  tracking_without_comments__546864032e_evals__lease_agreement_7081191d__vs__3d9b31338f_evals__memorandum_258c774a_redline_ff7eacfaee  (elapsed 3153s, eta 3144s)
2026-10-01T07:39:52Z [1441/2876]  50.1%  53.66  tracking_without_comments__563331c6f3_super_editor__broken_complex_list_293fda86__vs__cdf27ad0d3_behavior__sd_2672_nested_table_dfac08bb_redline_0d79b0b2ed  (elapsed 3153s, eta 3140s)
2026-10-01T07:39:53Z [1442/2876]  50.1%  53.35  tracking_without_comments__563331c6f3_super_editor__broken_complex_list_293fda86__vs__cdf27ad0d3_behavior__sd_2672_nested_table_dfac08bb_redline_be83c41480  (elapsed 3154s, eta 3137s)
2026-10-01T07:39:55Z [1443/2876]  50.2%  52.74  tracking_without_comments__52220b20c3_00a54bff7e15af78fe7cfc20219c28cb208fde807bd28d44__vs__a5f2b9318d_002aa60c2ae1187417b4b157c5ec6450324cc056ec551a12_redline_b63bceb3e4  (elapsed 3157s, eta 3135s)
2026-10-01T07:39:55Z [1444/2876]  50.2%  64.53  tracking_without_comments__563331c6f3_super_editor__broken_complex_list_293fda86__vs__ee61fb4ab3_super_editor__base_ordered_fdff1fb2_redline_2fcd65ddc4  (elapsed 3157s, eta 3130s)
2026-10-01T07:39:55Z [1445/2876]  50.2%  64.53  tracking_without_comments__563331c6f3_super_editor__broken_complex_list_293fda86__vs__ee61fb4ab3_super_editor__base_ordered_fdff1fb2_redline_de5d39e43e  (elapsed 3157s, eta 3126s)
2026-10-01T07:39:57Z [1446/2876]  50.3%  75.01  tracking_without_comments__56d68160f4_doc_api_stories__sd_2086_header_row_shading_api__vs__498a050671_super_editor__custom_list1_77f82bd7_redline_2a709b2a59  (elapsed 3158s, eta 3123s)
2026-10-01T07:39:59Z [1447/2876]  50.3%  74.68  tracking_without_comments__56d68160f4_doc_api_stories__sd_2086_header_row_shading_api__vs__498a050671_super_editor__custom_list1_77f82bd7_redline_912a401589  (elapsed 3160s, eta 3121s)
2026-10-01T07:39:59Z [1448/2876]  50.3%  78.42  tracking_without_comments__56d68160f4_doc_api_stories__sd_2086_header_row_shading_api__vs__bb9c5a8bd5_doc_api_stories__table_style_options_roundtrip_1_redline_b763eb304d  (elapsed 3160s, eta 3117s)
2026-10-01T07:39:59Z [1449/2876]  50.4%  78.41  tracking_without_comments__56d68160f4_doc_api_stories__sd_2086_header_row_shading_api__vs__bb9c5a8bd5_doc_api_stories__table_style_options_roundtrip_1_redline_06bfdc32c8  (elapsed 3161s, eta 3113s)
2026-10-01T07:40:03Z [1450/2876]  50.4%  62.93  tracking_without_comments__5a8152b0cd_justify_alignment_demo_id_paraid_overflow__vs__1f4891aebe_large_font_size_demo_id_paraid_overflow_redline_96be8b60ae  (elapsed 3164s, eta 3112s)
2026-10-01T07:40:04Z [1451/2876]  50.5%  79.01  tracking_without_comments__59e262115f_super_editor__features_redlines_comments_annotat__vs__c1023db5c5_super_editor__fields_test_4a8ffd8c_redline_c8a98c3b1a  (elapsed 3165s, eta 3108s)
2026-10-01T07:40:04Z [1452/2876]  50.5%  47.91  tracking_without_comments__5651f8ea19_c8db65e1fd_accepted_tracking  (elapsed 3165s, eta 3104s)
2026-10-01T07:40:07Z [1453/2876]  50.5%  72.71  tracking_without_comments__5aa178b931_super_editor__lists_sub_paragraph_31ff3fed__vs__25f07e0823_super_editor__sd_1919_word_mixed_33e049ca_redline_5851377569  (elapsed 3169s, eta 3103s)
2026-10-01T07:40:08Z [1454/2876]  50.6%  72.83  tracking_without_comments__5aa178b931_super_editor__lists_sub_paragraph_31ff3fed__vs__25f07e0823_super_editor__sd_1919_word_mixed_33e049ca_redline_aaba20119b  (elapsed 3169s, eta 3099s)
2026-10-01T07:40:08Z [1455/2876]  50.6%  77.31  tracking_without_comments__5aa178b931_super_editor__lists_sub_paragraph_31ff3fed__vs__972dc076c1_super_editor__longer_header_sign_area_7c80b525_redline_174109b5b2  (elapsed 3170s, eta 3096s)
2026-10-01T07:40:10Z [1456/2876]  50.6%  77.29  tracking_without_comments__5aa178b931_super_editor__lists_sub_paragraph_31ff3fed__vs__972dc076c1_super_editor__longer_header_sign_area_7c80b525_redline_5c49bfc867  (elapsed 3172s, eta 3093s)
2026-10-01T07:40:23Z [1457/2876]  50.7%  57.65  tracking_without_comments__5ad6e6d44f_0199027cbf967c88ab833b77e5bc5d629bacecbd40a87c26__vs__333bfe069a_003416d620331122b93b434dad901db5836f60d2cad4b533_redline_f0615cdf5c  (elapsed 3184s, eta 3101s)
2026-10-01T07:40:27Z [1458/2876]  50.7%  41.91  tracking_without_comments__5ad6e6d44f_0199027cbf967c88ab833b77e5bc5d629bacecbd40a87c26__vs__5203829c7a_001cc92b88566d5f930fe57f25813c0bf52a7bdc72c217d0_redline_0c25a004f2  (elapsed 3188s, eta 3100s)
2026-10-01T07:40:27Z [1459/2876]  50.7%  81.31  tracking_without_comments__5add12cb1b_super_editor__msword_tracked_changes_4794adc4  (elapsed 3188s, eta 3097s)
2026-10-01T07:40:28Z [1460/2876]  50.8%  49.31  tracking_without_comments__54c9eda9fb_a7110391f4478ade5aabf48bad05d250be49cb3e1f335eee__vs__dc9c5abc73_cac3915a402fc43445f2a81133310d7f8174001a530c4f99_redline_5fb335d512  (elapsed 3189s, eta 3093s)
2026-10-01T07:40:29Z [1461/2876]  50.8%  61.99  tracking_without_comments__5add12cb1b_super_editor__msword_tracked_changes_4794adc4__vs__ced58cbf54_super_editor__sd_1494_table_left_indent_03277d35_redline_b8478b7ac6  (elapsed 3191s, eta 3090s)
2026-10-01T07:40:30Z [1462/2876]  50.8%  43.71  tracking_without_comments__5ad6e6d44f_0199027cbf967c88ab833b77e5bc5d629bacecbd40a87c26__vs__bd3824dd1e_000ee64ef7226d353297888f59a251e24ce5d776fea000fa_redline_e6cd25aa6e  (elapsed 3192s, eta 3087s)
2026-10-01T07:40:31Z [1463/2876]  50.9%  72.15  tracking_without_comments__3823aefaec_3d1b6f42b5c8b56ade1c4448828b9b64c6c046b1e7bda606__vs__041ec70002_338200736b86ef13a659fffe1278efaad624dfdac98cd44c_redline_bb20890039  (elapsed 3192s, eta 3083s)
2026-10-01T07:40:35Z [1464/2876]  50.9%  70.13  tracking_without_comments__5b421850d5_super_editor__ooxml_strike_rstyle_linked_combos__vs__1e1f1ad583_super_editor__diff_before2_ca0c6859_redline_3ce72acbe2  (elapsed 3196s, eta 3082s)
2026-10-01T07:40:37Z [1465/2876]  50.9%  69.97  tracking_without_comments__5b421850d5_super_editor__ooxml_strike_rstyle_linked_combos__vs__1e1f1ad583_super_editor__diff_before2_ca0c6859_redline_9d94d27d7a  (elapsed 3198s, eta 3080s)
2026-10-01T07:40:37Z [1466/2876]  51.0%  77.85  tracking_without_comments__5add12cb1b_super_editor__msword_tracked_changes_4794adc4__vs__d776ad9be7_super_editor__multi_section_doc_080d2655_redline_72a7cae8b6  (elapsed 3198s, eta 3076s)
2026-10-01T07:40:38Z [1467/2876]  51.0%  76.89  tracking_without_comments__5b421850d5_super_editor__ooxml_strike_rstyle_linked_combos__vs__7e685cbab1_super_editor__ooxml_underline_rstyle_linked_comb_redline_3fab50f94a  (elapsed 3199s, eta 3073s)
2026-10-01T07:40:41Z [1468/2876]  51.0%  76.78  tracking_without_comments__5b421850d5_super_editor__ooxml_strike_rstyle_linked_combos__vs__7e685cbab1_super_editor__ooxml_underline_rstyle_linked_comb_redline_45844ba15d  (elapsed 3202s, eta 3071s)
2026-10-01T07:40:41Z [1469/2876]  51.1%  84.05  tracking_without_comments__5d17fd43a9_complex_style_attr__vs__310c03f39c_super_editor__complexexport1_69441ab1_redline_133d880cce  (elapsed 3202s, eta 3067s)
2026-10-01T07:40:44Z [1470/2876]  51.1%  47.26  tracking_without_comments__5c264a09bf_1ae50cba31_rejected_tracking  (elapsed 3205s, eta 3065s)
2026-10-01T07:40:44Z [1471/2876]  51.1%  84.05  tracking_without_comments__5d17fd43a9_complex_style_attr__vs__310c03f39c_super_editor__complexexport1_69441ab1_redline_df62df06eb  (elapsed 3205s, eta 3061s)
2026-10-01T07:40:48Z [1472/2876]  51.2%  74.84  tracking_without_comments__5d17fd43a9_complex_style_attr__vs__c1023db5c5_super_editor__fields_test_4a8ffd8c_redline_3867fafc1b  (elapsed 3209s, eta 3061s)
2026-10-01T07:40:52Z [1473/2876]  51.2%  74.84  tracking_without_comments__5d17fd43a9_complex_style_attr__vs__c1023db5c5_super_editor__fields_test_4a8ffd8c_redline_b20ccc26f3  (elapsed 3214s, eta 3061s)
2026-10-01T07:40:54Z [1474/2876]  51.3%  69.19  tracking_without_comments__5d17fd43a9_complex_style_attr__vs__a5903a7c15_super_editor__pci_table_dc840852_redline_234d635c04  (elapsed 3215s, eta 3058s)
2026-10-01T07:40:58Z [1475/2876]  51.3%  71.72  tracking_without_comments__5d17fd43a9_complex_style_attr__vs__a5903a7c15_super_editor__pci_table_dc840852_redline_ff9b820e90  (elapsed 3219s, eta 3057s)
2026-10-01T07:40:58Z [1476/2876]  51.3%  68.59  tracking_without_comments__5d5ca75f29_bold_italic_underline_demo_id_paraid_overflow__vs__4ad775158b_bold_red_text_combo_id_paraid_overflow_redline_d0687cbd18  (elapsed 3219s, eta 3053s)
2026-10-01T07:41:00Z [1477/2876]  51.4%  70.30  tracking_without_comments__5d9783a7c4_roboto_font_demo_id_paraid_overflow_2__vs__1cd4f9ee6c_roboto_font_demo_id_paraid_overflow_redline_d343008a48  (elapsed 3221s, eta 3051s)
2026-10-01T07:41:03Z [1478/2876]  51.4%  62.85  tracking_without_comments__5bab7a3e37_ad3955b9d93250c7b4e6aa622571f3e99e7217b6c003e125__vs__b0ed09b052_d532ddc3b6aac0ca46ac281040e748483146aa2de29a0dff_redline_be8d98785e  (elapsed 3224s, eta 3049s)
2026-10-01T07:41:03Z [1479/2876]  51.4%  71.48  tracking_without_comments__5e5fa9b5fb_super_editor__list_def_mix_d7cec092__vs__ad43500302_super_editor__list_numbering_reimport_d788d573_redline_1d00241b3c  (elapsed 3224s, eta 3045s)
2026-10-01T07:41:03Z [1480/2876]  51.5%  71.45  tracking_without_comments__5e5fa9b5fb_super_editor__list_def_mix_d7cec092__vs__ad43500302_super_editor__list_numbering_reimport_d788d573_redline_1daf262783  (elapsed 3224s, eta 3041s)
2026-10-01T07:41:04Z [1481/2876]  51.5%  81.70  tracking_without_comments__5e8b43bd70_training_materials_onboarding_program_suggesting  (elapsed 3225s, eta 3038s)
2026-10-01T07:41:07Z [1482/2876]  51.5%  73.74  tracking_without_comments__5efd1fcd25_doc_api_stories__diff_doc1_835f4535__vs__ad00cf90d7_doc_api_stories__diff_doc2_bc0da0ce_redline_e8099b1c96  (elapsed 3228s, eta 3037s)
2026-10-01T07:41:07Z [1483/2876]  51.6%  73.25  tracking_without_comments__5efd1fcd25_doc_api_stories__diff_doc1_835f4535__vs__ad00cf90d7_doc_api_stories__diff_doc2_bc0da0ce_redline_9cc1e255a4  (elapsed 3228s, eta 3032s)
2026-10-01T07:41:11Z [1484/2876]  51.6%  70.66  tracking_without_comments__5fa01813d3_super_editor__basic_table_shading_d3212ffd__vs__8c7f16e573_super_editor__basic_tracked_change_5a9ff724_redline_a8eba11068  (elapsed 3232s, eta 3032s)
2026-10-01T07:41:11Z [1485/2876]  51.6%  49.23  tracking_without_comments__5aeb64856f_7bdb6096ca360ee81cd84fb187b746124bbae29dd464f539__vs__fba040ceb5_822f13252f95988184e7649eef5602a140d69cd09436e59b_redline_23598cf2a6  (elapsed 3233s, eta 3028s)
2026-10-01T07:41:13Z [1486/2876]  51.7%  75.72  tracking_without_comments__5fa01813d3_super_editor__basic_table_shading_d3212ffd__vs__9e9d83978b_super_editor__sublist_issue_66a1800a_redline_37d8974b01  (elapsed 3234s, eta 3025s)
2026-10-01T07:41:17Z [1487/2876]  51.7%  75.72  tracking_without_comments__5fa01813d3_super_editor__basic_table_shading_d3212ffd__vs__9e9d83978b_super_editor__sublist_issue_66a1800a_redline_70fafd509f  (elapsed 3238s, eta 3024s)
2026-10-01T07:41:22Z [1488/2876]  51.7%  57.60  tracking_without_comments__5fa01813d3_super_editor__basic_table_shading_d3212ffd__vs__a04e2d2749_ooxml_style_link_redline_bef7427948  (elapsed 3243s, eta 3025s)
2026-10-01T07:41:22Z [1489/2876]  51.8%  57.98  tracking_without_comments__5fa01813d3_super_editor__basic_table_shading_d3212ffd__vs__a04e2d2749_ooxml_style_link_redline_93e628a060  (elapsed 3243s, eta 3021s)
2026-10-01T07:41:22Z [1490/2876]  51.8%  57.52  tracking_without_comments__5f0086929c_f776f4ab2e014d09be476a8425d45bb0814666cca9d95ba4__vs__8945a51e06_fc55a61b8db8d57082b4aa79dd8b8ca6abebc10aad4abbaa_redline_e7e88671e4  (elapsed 3243s, eta 3017s)
2026-10-01T07:41:41Z [1491/2876]  51.8%  48.05  tracking_without_comments__5ed92f798c_47f9e20139a5b07aae344e6f0fcbb842f9e3ca5f2746ac23  (elapsed 3263s, eta 3031s)
2026-10-01T07:41:44Z [1492/2876]  51.9%  59.60  tracking_without_comments__570c8465f0_1b333fe80fef0fc98ba50b06be0ebd5f095833dfdaec7844__vs__7f567ada68_7c28073a381aa706215f6fd4196b4c66096249720665b8a7_redline_518c606bf2  (elapsed 3265s, eta 3029s)
2026-10-01T07:41:55Z [1493/2876]  51.9%  52.75  tracking_without_comments__609c7b13dc_d94eec287b_rejected_tracking  (elapsed 3276s, eta 3035s)
2026-10-01T07:42:22Z [1494/2876]  51.9%  43.37  tracking_without_comments__6055cab8ad_fc9e108f844e0aad9645a388d52ae72005e185775bbe2bfe__vs__dcd634cb30_e8cfb5d26cc4afc3583c5d0fd1ef7af8c87ccbd1468d7c2f_redline_aa6deadf18  (elapsed 3303s, eta 3056s)
2026-10-01T07:42:36Z [1495/2876]  52.0%  36.40  tracking_without_comments__603760a2cb_035619503cc9d1833603cf8827e6ce3a24b46c012a309360__vs__b6bf1a1e8b_025114ac4b922e013686836213f363671dd941624af8bc42_redline_408597db4d  (elapsed 3318s, eta 3065s)
2026-10-01T07:42:39Z [1496/2876]  52.0%  46.28  tracking_without_comments__60bf327e86_45a1d21ecae23d1d474824ea35cb110e856491fe66c2db24__vs__681fc07078_792753394635a6a7528a7bdc7b517b987d76a7ac416c92b0_redline_9f06a0f82a  (elapsed 3320s, eta 3063s)
2026-10-01T07:42:39Z [1497/2876]  52.1%  52.37  tracking_without_comments__60dfd517a9_00f0e7f365a34acc5911a38c89776a4bdd2ba1685edcd0cc__vs__5203829c7a_001cc92b88566d5f930fe57f25813c0bf52a7bdc72c217d0_redline_7c845c604b  (elapsed 3321s, eta 3059s)
2026-10-01T07:42:42Z [1498/2876]  52.1%  45.84  tracking_without_comments__60c3c050c6_c00fe1f6d7c5c568751881299d78a69acc28e9d91e359c17__vs__490dfc032d_9e81389b5ea7f1dbcfe83f68047563fd81eac85189d4da0f_redline_3f482c4ea6  (elapsed 3323s, eta 3057s)
2026-10-01T07:42:49Z [1499/2876]  52.1%  54.89  tracking_without_comments__617c1284c9_00feb732c2ef2b643a132e4305e16833fd047b46ca44b65b__vs__5203829c7a_001cc92b88566d5f930fe57f25813c0bf52a7bdc72c217d0_redline_044ff3ce7e  (elapsed 3331s, eta 3060s)
2026-10-01T07:42:53Z [1500/2876]  52.2%  65.36  tracking_without_comments__61eaede95c_subtitle_style_demo_style_default_missing__vs__ca4ccabff6_superscript_demo_id_paraid_overflow_2_redline_146e6680ab  (elapsed 3335s, eta 3059s)
2026-10-01T07:43:07Z [1501/2876]  52.2%  60.12  tracking_without_comments__61e3967518_0011e415331e3b2d8031efcfcfecbb68df0f0b73b26350ce__vs__5203829c7a_001cc92b88566d5f930fe57f25813c0bf52a7bdc72c217d0_redline_40016a37e5  (elapsed 3348s, eta 3067s)
2026-10-01T07:43:15Z [1502/2876]  52.2%  57.73  tracking_without_comments__6224dfcb8b_2d7b815409b79ddc3ea9c52dc6aa856770ee6499e1110934__vs__2a79eebeca_ce5848f5c0c3c529d63050f39d5186f8ea29859af3eb5d82_redline_4f54cef23c  (elapsed 3357s, eta 3071s)
2026-10-01T07:43:28Z [1503/2876]  52.3%  53.11  tracking_without_comments__628ec1cb76_00a9d81709806bc220522f9b062f226e19ba256e436493b1__vs__5203829c7a_001cc92b88566d5f930fe57f25813c0bf52a7bdc72c217d0_redline_35e6aad724  (elapsed 3369s, eta 3077s)
2026-10-01T07:43:46Z [1504/2876]  52.3%  61.41  tracking_without_comments__628ec1cb76_00a9d81709806bc220522f9b062f226e19ba256e436493b1__vs__bd3824dd1e_000ee64ef7226d353297888f59a251e24ce5d776fea000fa_redline_a6e9ec3f91  (elapsed 3388s, eta 3090s)
2026-10-01T07:43:51Z [1505/2876]  52.3%  66.82  tracking_without_comments__62d3dce03b_file_110  (elapsed 3393s, eta 3090s)
2026-10-01T07:43:59Z [1506/2876]  52.4%  71.48  tracking_without_comments__62d49ad5d7_f1257ca7ea_accepted_tracking  (elapsed 3400s, eta 3093s)
2026-10-01T07:44:04Z [1507/2876]  52.4%  60.81  tracking_without_comments__62732368d5_7b6493614245aae298d715fbe16d4a4945f5ebed862c1354__vs__e91e59eaac_d53121ceeb633df57b8f83f852ee91b3143ce8915a7ef81b_redline_e1c52dc7f9  (elapsed 3405s, eta 3093s)
2026-10-01T07:44:08Z [1508/2876]  52.4%  72.12  tracking_without_comments__635dfded4d_red_heading_demo_id_paraid_overflow__vs__3acaee795f_red_strikethrough_demo_style_default_missing_redline_4f5404b0fa  (elapsed 3410s, eta 3093s)
2026-10-01T07:44:20Z [1509/2876]  52.5%  54.24  tracking_without_comments__63dfd87ddd_5df211d39d8f42d1e2d5408b6c477ecbf0ea8e2a8507fdcb__vs__1759f7c49e_306ec8f52c773e9b7ba8923d80987b9fa2f6415aa2e14765_redline_1827ae7738  (elapsed 3422s, eta 3100s)
2026-10-01T07:44:21Z [1510/2876]  52.5%  47.34  tracking_without_comments__48a455b7e7_sd_2517_localized_heading_styles__vs__1ec2ebecaa_sectpr_headerref_redline_08f87ed8f7  (elapsed 3422s, eta 3096s)
2026-10-01T07:44:27Z [1511/2876]  52.5%  81.86  tracking_without_comments__6446faad0e_budget_report_q1_2026_suggesting_insertions  (elapsed 3428s, eta 3097s)
2026-10-01T07:44:28Z [1512/2876]  52.6%  42.79  tracking_without_comments__61ce94a90c_a140600ac824f96e6e04989b84f3cd9afe1ded1643e7ec18__vs__1e828aad45_888de4668e28ff30c8283a50945f56ca58626d629ab61b5c_redline_c104dd9bb3  (elapsed 3429s, eta 3093s)
2026-10-01T07:44:32Z [1513/2876]  52.6%  55.51  tracking_without_comments__63f2ae8323_00d7e931786f09113a59daafeb4c51113fbd97f3f09d93c2__vs__5203829c7a_001cc92b88566d5f930fe57f25813c0bf52a7bdc72c217d0_redline_a7b35571b9  (elapsed 3433s, eta 3093s)
2026-10-01T07:44:33Z [1514/2876]  52.6%  75.80  tracking_without_comments__6482614cef_618a11caa3_rejected_tracking  (elapsed 3434s, eta 3089s)
2026-10-01T07:44:43Z [1515/2876]  52.7%  47.44  tracking_without_comments__6455d44e99_c9304283a12c18040a60a4b6062dd9f5d082e67d416ef82f__vs__5ef743ae0d_be0740762f580e358cc4e8dc579eba0f634ac5a6de4550ac_redline_dd1abd5b03  (elapsed 3445s, eta 3095s)
2026-10-01T07:44:47Z [1516/2876]  52.7%  66.78  tracking_without_comments__667af231c2_behavior__sd_2672_rtl_table_63bd9d10__vs__cfd53bad25_behavior__sd_2672_sdt_table_fc038913_redline_6810ed11e0  (elapsed 3448s, eta 3094s)
2026-10-01T07:44:50Z [1517/2876]  52.7%  66.88  tracking_without_comments__667af231c2_behavior__sd_2672_rtl_table_63bd9d10__vs__cfd53bad25_behavior__sd_2672_sdt_table_fc038913_redline_81ff65985c  (elapsed 3452s, eta 3092s)
2026-10-01T07:44:50Z [1518/2876]  52.8%  45.15  tracking_without_comments__65ecb3930d_7dd062b618_rejected_tracking  (elapsed 3452s, eta 3088s)
2026-10-01T07:44:59Z [1519/2876]  52.8%  78.58  tracking_without_comments__668fe0a735_super_editor__ooxml_bold_vals_demo_9e688d8f__vs__d72fd74138_super_editor__ooxml_color_rstyle_linked_combos_d_redline_2e1d967a62  (elapsed 3461s, eta 3092s)
2026-10-01T07:45:01Z [1520/2876]  52.9%  78.76  tracking_without_comments__668fe0a735_super_editor__ooxml_bold_vals_demo_9e688d8f__vs__d72fd74138_super_editor__ooxml_color_rstyle_linked_combos_d_redline_b2c0260aa4  (elapsed 3462s, eta 3088s)
2026-10-01T07:45:06Z [1521/2876]  52.9%  44.87  tracking_without_comments__63114916a7_eb682f7a779a99b02ece6fae975de27ce6cd511531e1295d__vs__14882c6359_f29e853d64aef3f69e88e2d31de7d38104611290896c26f7_redline_ef5c04859b  (elapsed 3468s, eta 3089s)
2026-10-01T07:45:10Z [1522/2876]  52.9%  53.41  tracking_without_comments__668fe0a735_super_editor__ooxml_bold_vals_demo_9e688d8f__vs__ea7427b18a_super_editor__complex_list_def_issue_326369f9_redline_733a842334  (elapsed 3471s, eta 3088s)
2026-10-01T07:45:11Z [1523/2876]  53.0%  53.41  tracking_without_comments__668fe0a735_super_editor__ooxml_bold_vals_demo_9e688d8f__vs__ea7427b18a_super_editor__complex_list_def_issue_326369f9_redline_7998f329e8  (elapsed 3472s, eta 3084s)
2026-10-01T07:45:17Z [1524/2876]  53.0%  79.60  tracking_without_comments__66c6d7c4f7_24d37f7b5e_rejected_tracking  (elapsed 3478s, eta 3086s)
2026-10-01T07:45:25Z [1525/2876]  53.0%  45.00  tracking_without_comments__671ff91b1d_behavior__sd_2750_borderbox_7cd3768d__vs__7692b33045_super_editor__list_with_break_exported_broken_45_redline_0e1c60ab8e  (elapsed 3486s, eta 3088s)
2026-10-01T07:45:28Z [1526/2876]  53.1%  44.99  tracking_without_comments__671ff91b1d_behavior__sd_2750_borderbox_7cd3768d__vs__7692b33045_super_editor__list_with_break_exported_broken_45_redline_d24225adbf  (elapsed 3489s, eta 3087s)
2026-10-01T07:45:32Z [1527/2876]  53.1%  45.63  tracking_without_comments__671ff91b1d_behavior__sd_2750_borderbox_7cd3768d__vs__92589c3e37_super_editor__pre_separated_list_bd330d28_redline_1e56ee9760  (elapsed 3493s, eta 3086s)
2026-10-01T07:45:40Z [1528/2876]  53.1%  45.63  tracking_without_comments__671ff91b1d_behavior__sd_2750_borderbox_7cd3768d__vs__92589c3e37_super_editor__pre_separated_list_bd330d28_redline_57b579c043  (elapsed 3501s, eta 3089s)
2026-10-01T07:45:41Z [1529/2876]  53.2%  45.29  tracking_without_comments__671ff91b1d_behavior__sd_2750_borderbox_7cd3768d__vs__9322444a3f_behavior__sd_2888_hyperlink_with_ampersand_aaaac_redline_30b3e0f88b  (elapsed 3502s, eta 3085s)
2026-10-01T07:45:45Z [1530/2876]  53.2%  45.24  tracking_without_comments__671ff91b1d_behavior__sd_2750_borderbox_7cd3768d__vs__9322444a3f_behavior__sd_2888_hyperlink_with_ampersand_aaaac_redline_495339b056  (elapsed 3507s, eta 3085s)
2026-10-01T07:45:50Z [1531/2876]  53.2%  80.73  tracking_without_comments__687da097e9_heading_2_center_demo_id_paraid_overflow__vs__3a9525749b_heading_2_style_demo_id_paraid_overflow_redline_3b4d7703bc  (elapsed 3511s, eta 3084s)
2026-10-01T07:45:56Z [1532/2876]  53.3%  38.75  tracking_without_comments__547e741fe3_1184839eb73df0fde338dcaadf7a601f4ceb7f2f27c33e90__vs__3cf442621c_61e91fa96ceaaca00b0c6b5767616397ab67572233fc6879_redline_7a2946950f  (elapsed 3517s, eta 3085s)
2026-10-01T07:45:57Z [1533/2876]  53.3%  43.88  tracking_without_comments__67637a6eb7_585e68e4ef2b75314306a126a09c9fd40665b91646df5860__vs__18e79a5049_3ff60e643d0fb0c24c31b56f97b63588a38b6acce1d470c3_redline_8771dc6990  (elapsed 3519s, eta 3083s)
2026-10-01T07:45:58Z [1534/2876]  53.3%  42.72  tracking_without_comments__60f8044583_301293ef2a140a99a53b6c059b90aad9f7437c63551a0618__vs__355857f6ac_1b34db5bf944e7fd70cf87eb4b895571c586e8d6cd402ebb_redline_cca74d99b4  (elapsed 3519s, eta 3079s)
2026-10-01T07:46:02Z [1535/2876]  53.4%  72.20  tracking_without_comments__689563dec1_calibri_heading_2_right_id_paraid_overflow__vs__24bd3ad29d_center_aligned_bold_text_id_paraid_overflow_redline_b7c3740e6c  (elapsed 3523s, eta 3078s)
2026-10-01T07:46:02Z [1536/2876]  53.4%  80.50  tracking_without_comments__690ce5bb47_ee4fe9eb15_accepted_tracking  (elapsed 3524s, eta 3074s)
2026-10-01T07:46:06Z [1537/2876]  53.4%  67.88  tracking_without_comments__6a4d8ea70c_blue_italic_text_demo_id_paraid_overflow__vs__2efebc9bc3_blue_underline_combo_demo_id_paraid_overflow_redline_a92617b92d  (elapsed 3528s, eta 3073s)
2026-10-01T07:46:17Z [1538/2876]  53.5%  66.25  tracking_without_comments__6946bd949e_64b4191d2be813478458868a22c5fb163f93a9fd1ff706cc__vs__6de86e7286_db3227cc1f95e69e7d4c01e22cedfdc9a55c7067eaa1ac25_redline_1c131721c0  (elapsed 3538s, eta 3078s)
2026-10-01T07:46:25Z [1539/2876]  53.5%  41.15  tracking_without_comments__67f36b7c3b_01ab5a08b40efea85cdb05eaeb80d99a6f24a28deebb2082__vs__3f65366367_02bbb0b7fc1f4308c677b31b6849e7ed871b5aadfad13394_redline_41e30e714b  (elapsed 3546s, eta 3081s)
2026-10-01T07:46:30Z [1540/2876]  53.5%  45.50  tracking_without_comments__6c0ad6c8ef_behavior__math_matrix_tests_a3b17e15__vs__d6bd58bac2_behavior__math_nary_tests_dde91168_redline_d2bc5646c2  (elapsed 3551s, eta 3081s)
2026-10-01T07:46:43Z [1541/2876]  53.6%  61.62  tracking_without_comments__6ca202588b_super_editor__ooxml_size_rstyle_linked_combos_de__vs__5b421850d5_super_editor__ooxml_strike_rstyle_linked_combos_redline_70f229e446  (elapsed 3564s, eta 3088s)
2026-10-01T07:46:52Z [1542/2876]  53.6%  61.61  tracking_without_comments__6ca202588b_super_editor__ooxml_size_rstyle_linked_combos_de__vs__5b421850d5_super_editor__ooxml_strike_rstyle_linked_combos_redline_fc34a74b4c  (elapsed 3573s, eta 3091s)
2026-10-01T07:46:57Z [1543/2876]  53.7%  63.53  tracking_without_comments__6b651ce4d7_c57b193bfed2913adbc8d722adeb036b555243f776c4cbe4__vs__72956de30c_b6416f729015c6f0441e0f472adb6c4cba663dff0dd28d6b_redline_e50d6a5647  (elapsed 3578s, eta 3091s)
/Users/arthrod/.local/share/uv/python/cpython-3.14.2-macos-aarch64-none/lib/python3.14/multiprocessing/resource_tracker.py:396: UserWarning: resource_tracker: There appear to be 5 leaked semaphore objects to clean up at shutdown: {'/mp-lsqq9c7b', '/mp-su3u5_q2', '/mp-j5nwf79l', '/mp-xpww1b1k', '/mp-x1978vkv'}
  warnings.warn(
