key,base,next,docx,pdf,state,id,sets
0086695f46_file_124__vs__d8f8e09b6e_file_125_redline_51d1d87a1f,tracking_without_comments/docx/0086695f46_file_124,clean/docx/d8f8e09b6e_file_125,tracking_without_comments/docx/0086695f46_file_124__vs__d8f8e09b6e_file_125_redline_51d1d87a1f.docx,tracking_without_comments/pdf/0086695f46_file_124__vs__d8f8e09b6e_file_125_redline_51d1d87a1f.pdf,tracking_without_comments,51d1d87a1f,word_based_randomized_0926
008908795c_increase_indent_demo_id_paraid_overflow__vs__5adc853144_insert_link_demo_id_paraid_overflow_redline_2564d80f8c,clean/docx/008908795c_increase_indent_demo_id_paraid_overflow,clean/docx/5adc853144_insert_link_demo_id_paraid_overflow,tracking_without_comments/docx/008908795c_increase_indent_demo_id_paraid_overflow__vs__5adc853144_insert_link_demo_id_paraid_overflow_redline_2564d80f8c.docx,tracking_without_comments/pdf/008908795c_increase_indent_demo_id_paraid_overflow__vs__5adc853144_insert_link_demo_id_paraid_overflow_redline_2564d80f8c.pdf,tracking_without_comments,2564d80f8c,word_based
00da16e738_heading_4_style_demo_id_paraid_overflow_2__vs__82928b2e05_heading_4_style_demo_id_paraid_overflow_redline_98576c297a,clean/docx/00da16e738_heading_4_style_demo_id_paraid_overflow_2,clean/docx/82928b2e05_heading_4_style_demo_id_paraid_overflow,tracking_without_comments/docx/00da16e738_heading_4_style_demo_id_paraid_overflow_2__vs__82928b2e05_heading_4_style_demo_id_paraid_overflow_redline_98576c297a.docx,tracking_without_comments/pdf/00da16e738_heading_4_style_demo_id_paraid_overflow_2__vs__82928b2e05_heading_4_style_demo_id_paraid_overflow_redline_98576c297a.pdf,tracking_without_comments,98576c297a,word_based_0926
00f467c010_0008753aa70a6a7b929aa1958001da41574c2d407e5b9863__vs__bd3824dd1e_000ee64ef7226d353297888f59a251e24ce5d776fea000fa_redline_2e24b0f4a3,clean/docx/00f467c010_0008753aa70a6a7b929aa1958001da41574c2d407e5b9863,clean/docx/bd3824dd1e_000ee64ef7226d353297888f59a251e24ce5d776fea000fa,tracking_without_comments/docx/00f467c010_0008753aa70a6a7b929aa1958001da41574c2d407e5b9863__vs__bd3824dd1e_000ee64ef7226d353297888f59a251e24ce5d776fea000fa_redline_2e24b0f4a3.docx,tracking_without_comments/pdf/00f467c010_0008753aa70a6a7b929aa1958001da41574c2d407e5b9863__vs__bd3824dd1e_000ee64ef7226d353297888f59a251e24ce5d776fea000fa_redline_2e24b0f4a3.pdf,tracking_without_comments,2e24b0f4a3,redlines_a100_b10
017c22e2a3_heading_3_style_demo_id_paraid_overflow_2__vs__e0e6c96bb7_heading_3_style_demo_id_paraid_overflow_redline_db52aa8564,clean/docx/017c22e2a3_heading_3_style_demo_id_paraid_overflow_2,clean/docx/e0e6c96bb7_heading_3_style_demo_id_paraid_overflow,tracking_without_comments/docx/017c22e2a3_heading_3_style_demo_id_paraid_overflow_2__vs__e0e6c96bb7_heading_3_style_demo_id_paraid_overflow_redline_db52aa8564.docx,tracking_without_comments/pdf/017c22e2a3_heading_3_style_demo_id_paraid_overflow_2__vs__e0e6c96bb7_heading_3_style_demo_id_paraid_overflow_redline_db52aa8564.pdf,tracking_without_comments,db52aa8564,fixtures_word_compares;pdf_fill_0928
01d1b3da75_table_bookmark_end__vs__45c1c5abec_table_vmerge_colspan_redline_dc2cb3c667,clean/docx/01d1b3da75_table_bookmark_end,clean/docx/45c1c5abec_table_vmerge_colspan,tracking_without_comments/docx/01d1b3da75_table_bookmark_end__vs__45c1c5abec_table_vmerge_colspan_redline_dc2cb3c667.docx,tracking_without_comments/pdf/01d1b3da75_table_bookmark_end__vs__45c1c5abec_table_vmerge_colspan_redline_dc2cb3c667.pdf,tracking_without_comments,dc2cb3c667,word_based_0926
0203b5fed7_strikethrough_bold_demo_id_paraid_overflow__vs__aa62a37db2_strikethrough_text_demo_id_paraid_overflow_redline_2e50998dbb,clean/docx/0203b5fed7_strikethrough_bold_demo_id_paraid_overflow,clean/docx/aa62a37db2_strikethrough_text_demo_id_paraid_overflow,tracking_without_comments/docx/0203b5fed7_strikethrough_bold_demo_id_paraid_overflow__vs__aa62a37db2_strikethrough_text_demo_id_paraid_overflow_redline_2e50998dbb.docx,tracking_without_comments/pdf/0203b5fed7_strikethrough_bold_demo_id_paraid_overflow__vs__aa62a37db2_strikethrough_text_demo_id_paraid_overflow_redline_2e50998dbb.pdf,tracking_without_comments,2e50998dbb,word_based
02d3862b8b_file_116__vs__2090099ae6_file_117_redline_b04445e064,clean/docx/02d3862b8b_file_116,clean/docx/2090099ae6_file_117,tracking_without_comments/docx/02d3862b8b_file_116__vs__2090099ae6_file_117_redline_b04445e064.docx,tracking_without_comments/pdf/02d3862b8b_file_116__vs__2090099ae6_file_117_redline_b04445e064.pdf,tracking_without_comments,b04445e064,nocomments_randomized
0483e899af_file_143__vs__cc82deb093_file_144_redline_428f3f3022,with_comments_tracking/docx/0483e899af_file_143,clean/docx/cc82deb093_file_144,with_comments_tracking/docx/0483e899af_file_143__vs__cc82deb093_file_144_redline_428f3f3022.docx,with_comments_tracking/pdf/0483e899af_file_143__vs__cc82deb093_file_144_redline_428f3f3022.pdf,with_comments_tracking,428f3f3022,word_based_randomized
049a315896_super_editor__hyperlink_multiple_runs_0138c312__vs__2ad2fc5ab0_super_editor__diff_before10_2f84ca55_redline_a098bd5ad9,clean/docx/049a315896_super_editor__hyperlink_multiple_runs_0138c312,clean/docx/2ad2fc5ab0_super_editor__diff_before10_2f84ca55,tracking_without_comments/docx/049a315896_super_editor__hyperlink_multiple_runs_0138c312__vs__2ad2fc5ab0_super_editor__diff_before10_2f84ca55_redline_a098bd5ad9.docx,tracking_without_comments/pdf/049a315896_super_editor__hyperlink_multiple_runs_0138c312__vs__2ad2fc5ab0_super_editor__diff_before10_2f84ca55_redline_a098bd5ad9.pdf,tracking_without_comments,a098bd5ad9,word_redlines_superdoc
04dafefc52_00048cb6667d721bdb2219ecbadb6eb369e439c130ac475e__vs__333bfe069a_003416d620331122b93b434dad901db5836f60d2cad4b533_redline_3be4fcdaf1,clean/docx/04dafefc52_00048cb6667d721bdb2219ecbadb6eb369e439c130ac475e,clean/docx/333bfe069a_003416d620331122b93b434dad901db5836f60d2cad4b533,tracking_without_comments/docx/04dafefc52_00048cb6667d721bdb2219ecbadb6eb369e439c130ac475e__vs__333bfe069a_003416d620331122b93b434dad901db5836f60d2cad4b533_redline_3be4fcdaf1.docx,tracking_without_comments/pdf/04dafefc52_00048cb6667d721bdb2219ecbadb6eb369e439c130ac475e__vs__333bfe069a_003416d620331122b93b434dad901db5836f60d2cad4b533_redline_3be4fcdaf1.pdf,tracking_without_comments,3be4fcdaf1,redlines_a100_b10
04dafefc52_00048cb6667d721bdb2219ecbadb6eb369e439c130ac475e__vs__deff0e697a_00b5defcad6e58038eac35472a2d48c89905068e5ece0cc3_redline_4ea3d6091d,clean/docx/04dafefc52_00048cb6667d721bdb2219ecbadb6eb369e439c130ac475e,clean/docx/deff0e697a_00b5defcad6e58038eac35472a2d48c89905068e5ece0cc3,tracking_without_comments/docx/04dafefc52_00048cb6667d721bdb2219ecbadb6eb369e439c130ac475e__vs__deff0e697a_00b5defcad6e58038eac35472a2d48c89905068e5ece0cc3_redline_4ea3d6091d.docx,tracking_without_comments/pdf/04dafefc52_00048cb6667d721bdb2219ecbadb6eb369e439c130ac475e__vs__deff0e697a_00b5defcad6e58038eac35472a2d48c89905068e5ece0cc3_redline_4ea3d6091d.pdf,tracking_without_comments,4ea3d6091d,redlines_a100_b10
058cd936de_super_editor__image_doc_c7d007ac__vs__3ad13eed3d_evals__document_9bff7e1b_redline_dd5bc80bc2,clean/docx/058cd936de_super_editor__image_doc_c7d007ac,clean/docx/3ad13eed3d_evals__document_9bff7e1b,tracking_without_comments/docx/058cd936de_super_editor__image_doc_c7d007ac__vs__3ad13eed3d_evals__document_9bff7e1b_redline_dd5bc80bc2.docx,tracking_without_comments/pdf/058cd936de_super_editor__image_doc_c7d007ac__vs__3ad13eed3d_evals__document_9bff7e1b_redline_dd5bc80bc2.pdf,tracking_without_comments,dd5bc80bc2,word_redlines_superdoc_0926
058cd936de_super_editor__image_doc_c7d007ac__vs__de8054b3bc_super_editor__image_p_spacing_9b211fd7_redline_8859b473b1,clean/docx/058cd936de_super_editor__image_doc_c7d007ac,clean/docx/de8054b3bc_super_editor__image_p_spacing_9b211fd7,tracking_without_comments/docx/058cd936de_super_editor__image_doc_c7d007ac__vs__de8054b3bc_super_editor__image_p_spacing_9b211fd7_redline_8859b473b1.docx,tracking_without_comments/pdf/058cd936de_super_editor__image_doc_c7d007ac__vs__de8054b3bc_super_editor__image_p_spacing_9b211fd7_redline_8859b473b1.pdf,tracking_without_comments,8859b473b1,word_redlines_superdoc
060415914f_file_63__vs__58d11506a5_file_64_redline_f51694bde0,tracking_without_comments/docx/060415914f_file_63,clean/docx/58d11506a5_file_64,tracking_without_comments/docx/060415914f_file_63__vs__58d11506a5_file_64_redline_f51694bde0.docx,tracking_without_comments/pdf/060415914f_file_63__vs__58d11506a5_file_64_redline_f51694bde0.pdf,tracking_without_comments,f51694bde0,word_based_randomized
0619bc1b1d_file_84__vs__fad179ac0c_file_85_redline_7a9bcc2478,clean/docx/0619bc1b1d_file_84,clean/docx/fad179ac0c_file_85,tracking_without_comments/docx/0619bc1b1d_file_84__vs__fad179ac0c_file_85_redline_7a9bcc2478.docx,tracking_without_comments/pdf/0619bc1b1d_file_84__vs__fad179ac0c_file_85_redline_7a9bcc2478.pdf,tracking_without_comments,7a9bcc2478,word_based_randomized
06a48012fc_file_166__vs__d60ccf445a_file_167_redline_9dcd445afd,clean/docx/06a48012fc_file_166,clean/docx/d60ccf445a_file_167,tracking_without_comments/docx/06a48012fc_file_166__vs__d60ccf445a_file_167_redline_9dcd445afd.docx,tracking_without_comments/pdf/06a48012fc_file_166__vs__d60ccf445a_file_167_redline_9dcd445afd.pdf,tracking_without_comments,9dcd445afd,word_based_randomized
06a48012fc_file_166__vs__d60ccf445a_file_167_redline_b3aa42cfc7,clean/docx/06a48012fc_file_166,clean/docx/d60ccf445a_file_167,tracking_without_comments/docx/06a48012fc_file_166__vs__d60ccf445a_file_167_redline_b3aa42cfc7.docx,tracking_without_comments/pdf/06a48012fc_file_166__vs__d60ccf445a_file_167_redline_b3aa42cfc7.pdf,tracking_without_comments,b3aa42cfc7,word_based_randomized_0926
0728d64a65_file_182__vs__53de8de92b_file_183_redline_f8204b0629,tracking_without_comments/docx/0728d64a65_file_182,clean/docx/53de8de92b_file_183,tracking_without_comments/docx/0728d64a65_file_182__vs__53de8de92b_file_183_redline_f8204b0629.docx,tracking_without_comments/pdf/0728d64a65_file_182__vs__53de8de92b_file_183_redline_f8204b0629.pdf,tracking_without_comments,f8204b0629,word_based_randomized
0800162a66_000799b53487acb327ccf0c0ab87fb14b9e8636346719296__vs__a5f2b9318d_002aa60c2ae1187417b4b157c5ec6450324cc056ec551a12_redline_02514c26c3,clean/docx/0800162a66_000799b53487acb327ccf0c0ab87fb14b9e8636346719296,clean/docx/a5f2b9318d_002aa60c2ae1187417b4b157c5ec6450324cc056ec551a12,tracking_without_comments/docx/0800162a66_000799b53487acb327ccf0c0ab87fb14b9e8636346719296__vs__a5f2b9318d_002aa60c2ae1187417b4b157c5ec6450324cc056ec551a12_redline_02514c26c3.docx,tracking_without_comments/pdf/0800162a66_000799b53487acb327ccf0c0ab87fb14b9e8636346719296__vs__a5f2b9318d_002aa60c2ae1187417b4b157c5ec6450324cc056ec551a12_redline_02514c26c3.pdf,tracking_without_comments,02514c26c3,redlines_a100_b10
08147dee09_file_195__vs__c09b14fcd7_file_196_redline_1edc0f56f4,clean/docx/08147dee09_file_195,with_comments_tracking/docx/c09b14fcd7_file_196,with_comments_tracking/docx/08147dee09_file_195__vs__c09b14fcd7_file_196_redline_1edc0f56f4.docx,with_comments_tracking/pdf/08147dee09_file_195__vs__c09b14fcd7_file_196_redline_1edc0f56f4.pdf,with_comments_tracking,1edc0f56f4,word_based_randomized
08286ffbfb_super_editor__basic_resolved_comment_cac5a1b0__vs__5fa01813d3_super_editor__basic_table_shading_d3212ffd_redline_3fdab4ace6,with_comments_clean/docx/08286ffbfb_super_editor__basic_resolved_comment_cac5a1b0,clean/docx/5fa01813d3_super_editor__basic_table_shading_d3212ffd,with_comments_tracking/docx/08286ffbfb_super_editor__basic_resolved_comment_cac5a1b0__vs__5fa01813d3_super_editor__basic_table_shading_d3212ffd_redline_3fdab4ace6.docx,with_comments_tracking/pdf/08286ffbfb_super_editor__basic_resolved_comment_cac5a1b0__vs__5fa01813d3_super_editor__basic_table_shading_d3212ffd_redline_3fdab4ace6.pdf,with_comments_tracking,3fdab4ace6,word_redlines_superdoc
08286ffbfb_super_editor__basic_resolved_comment_cac5a1b0__vs__5fa01813d3_super_editor__basic_table_shading_d3212ffd_redline_e89c50b8fe,with_comments_clean/docx/08286ffbfb_super_editor__basic_resolved_comment_cac5a1b0,clean/docx/5fa01813d3_super_editor__basic_table_shading_d3212ffd,with_comments_tracking/docx/08286ffbfb_super_editor__basic_resolved_comment_cac5a1b0__vs__5fa01813d3_super_editor__basic_table_shading_d3212ffd_redline_e89c50b8fe.docx,with_comments_tracking/pdf/08286ffbfb_super_editor__basic_resolved_comment_cac5a1b0__vs__5fa01813d3_super_editor__basic_table_shading_d3212ffd_redline_e89c50b8fe.pdf,with_comments_tracking,e89c50b8fe,word_redlines_superdoc_0926
0935a8a24e_file_151__vs__f601de1855_file_152_redline_4376dca7a2,clean/docx/0935a8a24e_file_151,clean/docx/f601de1855_file_152,tracking_without_comments/docx/0935a8a24e_file_151__vs__f601de1855_file_152_redline_4376dca7a2.docx,tracking_without_comments/pdf/0935a8a24e_file_151__vs__f601de1855_file_152_redline_4376dca7a2.pdf,tracking_without_comments,4376dca7a2,word_based_randomized
0a0b6470c3_00051beee50076d47db468069cab455933b72d9df9165e1f__vs__333bfe069a_003416d620331122b93b434dad901db5836f60d2cad4b533_redline_8e445de442,clean/docx/0a0b6470c3_00051beee50076d47db468069cab455933b72d9df9165e1f,clean/docx/333bfe069a_003416d620331122b93b434dad901db5836f60d2cad4b533,tracking_without_comments/docx/0a0b6470c3_00051beee50076d47db468069cab455933b72d9df9165e1f__vs__333bfe069a_003416d620331122b93b434dad901db5836f60d2cad4b533_redline_8e445de442.docx,tracking_without_comments/pdf/0a0b6470c3_00051beee50076d47db468069cab455933b72d9df9165e1f__vs__333bfe069a_003416d620331122b93b434dad901db5836f60d2cad4b533_redline_8e445de442.pdf,tracking_without_comments,8e445de442,redlines_a100_b10
0a1badc333_super_editor__missing_sectpr_967a402d__vs__84f5fb598b_super_editor__diff_before11_1b953eaf_redline_a78b94020d,clean/docx/0a1badc333_super_editor__missing_sectpr_967a402d,with_comments_tracking/docx/84f5fb598b_super_editor__diff_before11_1b953eaf,with_comments_tracking/docx/0a1badc333_super_editor__missing_sectpr_967a402d__vs__84f5fb598b_super_editor__diff_before11_1b953eaf_redline_a78b94020d.docx,with_comments_tracking/pdf/0a1badc333_super_editor__missing_sectpr_967a402d__vs__84f5fb598b_super_editor__diff_before11_1b953eaf_redline_a78b94020d.pdf,with_comments_tracking,a78b94020d,word_redlines_superdoc_0926
0a1badc333_super_editor__missing_sectpr_967a402d__vs__84f5fb598b_super_editor__diff_before11_1b953eaf_redline_c43a56b580,clean/docx/0a1badc333_super_editor__missing_sectpr_967a402d,with_comments_tracking/docx/84f5fb598b_super_editor__diff_before11_1b953eaf,with_comments_tracking/docx/0a1badc333_super_editor__missing_sectpr_967a402d__vs__84f5fb598b_super_editor__diff_before11_1b953eaf_redline_c43a56b580.docx,with_comments_tracking/pdf/0a1badc333_super_editor__missing_sectpr_967a402d__vs__84f5fb598b_super_editor__diff_before11_1b953eaf_redline_c43a56b580.pdf,with_comments_tracking,c43a56b580,word_redlines_superdoc
0a1badc333_super_editor__missing_sectpr_967a402d__vs__b5a6dd6c66_super_editor__diff_before_019353a2_redline_d17f11acda,clean/docx/0a1badc333_super_editor__missing_sectpr_967a402d,clean/docx/b5a6dd6c66_super_editor__diff_before_019353a2,tracking_without_comments/docx/0a1badc333_super_editor__missing_sectpr_967a402d__vs__b5a6dd6c66_super_editor__diff_before_019353a2_redline_d17f11acda.docx,tracking_without_comments/pdf/0a1badc333_super_editor__missing_sectpr_967a402d__vs__b5a6dd6c66_super_editor__diff_before_019353a2_redline_d17f11acda.pdf,tracking_without_comments,d17f11acda,word_redlines_superdoc_0926
0aa6426932_file_114__vs__ab85c77154_file_115_redline_f7bbf6e831,clean/docx/0aa6426932_file_114,with_comments_tracking/docx/ab85c77154_file_115,with_comments_tracking/docx/0aa6426932_file_114__vs__ab85c77154_file_115_redline_f7bbf6e831.docx,with_comments_tracking/pdf/0aa6426932_file_114__vs__ab85c77154_file_115_redline_f7bbf6e831.pdf,with_comments_tracking,f7bbf6e831,word_based_randomized
0b1d0278ce_behavior__math_radical_tests_4c1ce187__vs__4858c9853b_behavior__multi_image_types_b962a2b8_redline_e68181a3c7,clean/docx/0b1d0278ce_behavior__math_radical_tests_4c1ce187,clean/docx/4858c9853b_behavior__multi_image_types_b962a2b8,tracking_without_comments/docx/0b1d0278ce_behavior__math_radical_tests_4c1ce187__vs__4858c9853b_behavior__multi_image_types_b962a2b8_redline_e68181a3c7.docx,tracking_without_comments/pdf/0b1d0278ce_behavior__math_radical_tests_4c1ce187__vs__4858c9853b_behavior__multi_image_types_b962a2b8_redline_e68181a3c7.pdf,tracking_without_comments,e68181a3c7,word_redlines_superdoc_0926
0bf5192ed0_00afb3e6b2bb1a5ab1e1770ba41f6f455f87472d24ab2767__vs__2773adf157_0004c94ca2a8684d47449bb0e7abf87de1df71a7e6543252_redline_eabf2cede7,tracking_without_comments/docx/0bf5192ed0_00afb3e6b2bb1a5ab1e1770ba41f6f455f87472d24ab2767,clean/docx/2773adf157_0004c94ca2a8684d47449bb0e7abf87de1df71a7e6543252,tracking_without_comments/docx/0bf5192ed0_00afb3e6b2bb1a5ab1e1770ba41f6f455f87472d24ab2767__vs__2773adf157_0004c94ca2a8684d47449bb0e7abf87de1df71a7e6543252_redline_eabf2cede7.docx,tracking_without_comments/pdf/0bf5192ed0_00afb3e6b2bb1a5ab1e1770ba41f6f455f87472d24ab2767__vs__2773adf157_0004c94ca2a8684d47449bb0e7abf87de1df71a7e6543252_redline_eabf2cede7.pdf,tracking_without_comments,eabf2cede7,redlines_a100_b10
0bf5192ed0_00afb3e6b2bb1a5ab1e1770ba41f6f455f87472d24ab2767__vs__342f364d46_001342333d45627868f4dc5282abbba4598a91b4a7584b08_redline_9d205afaa3,tracking_without_comments/docx/0bf5192ed0_00afb3e6b2bb1a5ab1e1770ba41f6f455f87472d24ab2767,clean/docx/342f364d46_001342333d45627868f4dc5282abbba4598a91b4a7584b08,tracking_without_comments/docx/0bf5192ed0_00afb3e6b2bb1a5ab1e1770ba41f6f455f87472d24ab2767__vs__342f364d46_001342333d45627868f4dc5282abbba4598a91b4a7584b08_redline_9d205afaa3.docx,tracking_without_comments/pdf/0bf5192ed0_00afb3e6b2bb1a5ab1e1770ba41f6f455f87472d24ab2767__vs__342f364d46_001342333d45627868f4dc5282abbba4598a91b4a7584b08_redline_9d205afaa3.pdf,tracking_without_comments,9d205afaa3,redlines_a100_b10
0cf73436ac_contract_review_suggesting_insertions__vs__93477c6068_contract_review_suggesting_mixed_edits_redline_bda43b51f7,tracking_without_comments/docx/0cf73436ac_contract_review_suggesting_insertions,tracking_without_comments/docx/93477c6068_contract_review_suggesting_mixed_edits,tracking_without_comments/docx/0cf73436ac_contract_review_suggesting_insertions__vs__93477c6068_contract_review_suggesting_mixed_edits_redline_bda43b51f7.docx,tracking_without_comments/pdf/0cf73436ac_contract_review_suggesting_insertions__vs__93477c6068_contract_review_suggesting_mixed_edits_redline_bda43b51f7.pdf,tracking_without_comments,bda43b51f7,word_based
0e1d01ec7d_super_editor__doc_with_graphs_diagrams_rotated_e__vs__8a553b35e4_super_editor__doc_with_spaces_from_styles_734ca2_redline_0a3919850c,clean/docx/0e1d01ec7d_super_editor__doc_with_graphs_diagrams_rotated_e,clean/docx/8a553b35e4_super_editor__doc_with_spaces_from_styles_734ca2,tracking_without_comments/docx/0e1d01ec7d_super_editor__doc_with_graphs_diagrams_rotated_e__vs__8a553b35e4_super_editor__doc_with_spaces_from_styles_734ca2_redline_0a3919850c.docx,tracking_without_comments/pdf/0e1d01ec7d_super_editor__doc_with_graphs_diagrams_rotated_e__vs__8a553b35e4_super_editor__doc_with_spaces_from_styles_734ca2_redline_0a3919850c.pdf,tracking_without_comments,0a3919850c,word_redlines_superdoc
0e6f813e69_00d2ca27359f3d1d5ee2c2904b48a3e4717faf7fdf6413f6__vs__1424386e9b_017447de83753a0e3b7afc659df038ef56972925336c6a5b_redline_862df17b60,clean/docx/0e6f813e69_00d2ca27359f3d1d5ee2c2904b48a3e4717faf7fdf6413f6,clean/docx/1424386e9b_017447de83753a0e3b7afc659df038ef56972925336c6a5b,tracking_without_comments/docx/0e6f813e69_00d2ca27359f3d1d5ee2c2904b48a3e4717faf7fdf6413f6__vs__1424386e9b_017447de83753a0e3b7afc659df038ef56972925336c6a5b_redline_862df17b60.docx,tracking_without_comments/pdf/0e6f813e69_00d2ca27359f3d1d5ee2c2904b48a3e4717faf7fdf6413f6__vs__1424386e9b_017447de83753a0e3b7afc659df038ef56972925336c6a5b_redline_862df17b60.pdf,tracking_without_comments,862df17b60,redlines_a100_b10
0f5a806b4c_file_141__vs__dccd972179_file_142_redline_3d22ad3c37,with_comments_clean/docx/0f5a806b4c_file_141,clean/docx/dccd972179_file_142,with_comments_tracking/docx/0f5a806b4c_file_141__vs__dccd972179_file_142_redline_3d22ad3c37.docx,with_comments_tracking/pdf/0f5a806b4c_file_141__vs__dccd972179_file_142_redline_3d22ad3c37.pdf,with_comments_tracking,3d22ad3c37,word_based_randomized
0f5a806b4c_file_141__vs__dccd972179_file_142_redline_b3cc5c1abe,with_comments_clean/docx/0f5a806b4c_file_141,clean/docx/dccd972179_file_142,with_comments_tracking/docx/0f5a806b4c_file_141__vs__dccd972179_file_142_redline_b3cc5c1abe.docx,with_comments_tracking/pdf/0f5a806b4c_file_141__vs__dccd972179_file_142_redline_b3cc5c1abe.pdf,with_comments_tracking,b3cc5c1abe,word_based_randomized_0926
1072677c3a_file_6__vs__1b8ec2a8cd_file_7_redline_29e3872eed,with_comments_tracking/docx/1072677c3a_file_6,clean/docx/1b8ec2a8cd_file_7,with_comments_tracking/docx/1072677c3a_file_6__vs__1b8ec2a8cd_file_7_redline_29e3872eed.docx,with_comments_tracking/pdf/1072677c3a_file_6__vs__1b8ec2a8cd_file_7_redline_29e3872eed.pdf,with_comments_tracking,29e3872eed,word_based_randomized_0926
12941c2a77_0023298b011b45232675215822f0f728678a238756d763c8__vs__342f364d46_001342333d45627868f4dc5282abbba4598a91b4a7584b08_redline_b4cd671041,clean/docx/12941c2a77_0023298b011b45232675215822f0f728678a238756d763c8,clean/docx/342f364d46_001342333d45627868f4dc5282abbba4598a91b4a7584b08,tracking_without_comments/docx/12941c2a77_0023298b011b45232675215822f0f728678a238756d763c8__vs__342f364d46_001342333d45627868f4dc5282abbba4598a91b4a7584b08_redline_b4cd671041.docx,tracking_without_comments/pdf/12941c2a77_0023298b011b45232675215822f0f728678a238756d763c8__vs__342f364d46_001342333d45627868f4dc5282abbba4598a91b4a7584b08_redline_b4cd671041.pdf,tracking_without_comments,b4cd671041,redlines_a100_b10
12941c2a77_0023298b011b45232675215822f0f728678a238756d763c8__vs__bd3824dd1e_000ee64ef7226d353297888f59a251e24ce5d776fea000fa_redline_25f48c003d,clean/docx/12941c2a77_0023298b011b45232675215822f0f728678a238756d763c8,clean/docx/bd3824dd1e_000ee64ef7226d353297888f59a251e24ce5d776fea000fa,tracking_without_comments/docx/12941c2a77_0023298b011b45232675215822f0f728678a238756d763c8__vs__bd3824dd1e_000ee64ef7226d353297888f59a251e24ce5d776fea000fa_redline_25f48c003d.docx,tracking_without_comments/pdf/12941c2a77_0023298b011b45232675215822f0f728678a238756d763c8__vs__bd3824dd1e_000ee64ef7226d353297888f59a251e24ce5d776fea000fa_redline_25f48c003d.pdf,tracking_without_comments,25f48c003d,redlines_a100_b10
12d245d664_9b100bdcf7bb34633c6e6f845b4ce3eae33d8a2096083e28__vs__c05043adc7_c237f28127c24437bbb8b4a83965a9db2c996d272f8e7736_redline_754a666443,clean/docx/12d245d664_9b100bdcf7bb34633c6e6f845b4ce3eae33d8a2096083e28,clean/docx/c05043adc7_c237f28127c24437bbb8b4a83965a9db2c996d272f8e7736,tracking_without_comments/docx/12d245d664_9b100bdcf7bb34633c6e6f845b4ce3eae33d8a2096083e28__vs__c05043adc7_c237f28127c24437bbb8b4a83965a9db2c996d272f8e7736_redline_754a666443.docx,tracking_without_comments/pdf/12d245d664_9b100bdcf7bb34633c6e6f845b4ce3eae33d8a2096083e28__vs__c05043adc7_c237f28127c24437bbb8b4a83965a9db2c996d272f8e7736_redline_754a666443.pdf,tracking_without_comments,754a666443,redlines_en_500
133bbfae84_right_alignment_demo_id_paraid_overflow_2__vs__572990f05c_right_alignment_demo_id_paraid_overflow_redline_fdd264a203,clean/docx/133bbfae84_right_alignment_demo_id_paraid_overflow_2,clean/docx/572990f05c_right_alignment_demo_id_paraid_overflow,tracking_without_comments/docx/133bbfae84_right_alignment_demo_id_paraid_overflow_2__vs__572990f05c_right_alignment_demo_id_paraid_overflow_redline_fdd264a203.docx,tracking_without_comments/pdf/133bbfae84_right_alignment_demo_id_paraid_overflow_2__vs__572990f05c_right_alignment_demo_id_paraid_overflow_redline_fdd264a203.pdf,tracking_without_comments,fdd264a203,word_based_0926
133e9207c0_file_34__vs__c90bde92a4_file_35_redline_4abb22a9a4,clean/docx/133e9207c0_file_34,clean/docx/c90bde92a4_file_35,tracking_without_comments/docx/133e9207c0_file_34__vs__c90bde92a4_file_35_redline_4abb22a9a4.docx,tracking_without_comments/pdf/133e9207c0_file_34__vs__c90bde92a4_file_35_redline_4abb22a9a4.pdf,tracking_without_comments,4abb22a9a4,nocomments_randomized
13da8d3a5b_times_new_roman_font_id_paraid_overflow__vs__4c4f8515c5_title_style_centered_demo_id_paraid_overflow_redline_3e4a08bd2d,clean/docx/13da8d3a5b_times_new_roman_font_id_paraid_overflow,clean/docx/4c4f8515c5_title_style_centered_demo_id_paraid_overflow,tracking_without_comments/docx/13da8d3a5b_times_new_roman_font_id_paraid_overflow__vs__4c4f8515c5_title_style_centered_demo_id_paraid_overflow_redline_3e4a08bd2d.docx,tracking_without_comments/pdf/13da8d3a5b_times_new_roman_font_id_paraid_overflow__vs__4c4f8515c5_title_style_centered_demo_id_paraid_overflow_redline_3e4a08bd2d.pdf,tracking_without_comments,3e4a08bd2d,word_based_0926
13ea153d22_file_174__vs__66dcec3e49_file_175_redline_301e236134,clean/docx/13ea153d22_file_174,with_comments_tracking/docx/66dcec3e49_file_175,with_comments_tracking/docx/13ea153d22_file_174__vs__66dcec3e49_file_175_redline_301e236134.docx,with_comments_tracking/pdf/13ea153d22_file_174__vs__66dcec3e49_file_175_redline_301e236134.pdf,with_comments_tracking,301e236134,word_based_randomized
13ea153d22_file_174__vs__66dcec3e49_file_175_redline_c69908f44a,clean/docx/13ea153d22_file_174,with_comments_tracking/docx/66dcec3e49_file_175,with_comments_tracking/docx/13ea153d22_file_174__vs__66dcec3e49_file_175_redline_c69908f44a.docx,with_comments_tracking/pdf/13ea153d22_file_174__vs__66dcec3e49_file_175_redline_c69908f44a.pdf,with_comments_tracking,c69908f44a,word_based_randomized_0926
13ee1cb061_ee56b1c2f1e42b79dfa8700e709c224299c1f85b41eb490e__vs__1c1fc4a7d3_921a851075ff3eb89f6ca703f298e6504a0ab0c43507f650_redline_48fe34d6a4,clean/docx/13ee1cb061_ee56b1c2f1e42b79dfa8700e709c224299c1f85b41eb490e,clean/docx/1c1fc4a7d3_921a851075ff3eb89f6ca703f298e6504a0ab0c43507f650,tracking_without_comments/docx/13ee1cb061_ee56b1c2f1e42b79dfa8700e709c224299c1f85b41eb490e__vs__1c1fc4a7d3_921a851075ff3eb89f6ca703f298e6504a0ab0c43507f650_redline_48fe34d6a4.docx,tracking_without_comments/pdf/13ee1cb061_ee56b1c2f1e42b79dfa8700e709c224299c1f85b41eb490e__vs__1c1fc4a7d3_921a851075ff3eb89f6ca703f298e6504a0ab0c43507f650_redline_48fe34d6a4.pdf,tracking_without_comments,48fe34d6a4,redlines_en_500
1547c5df73_file_130__vs__df097720f7_file_131_redline_2e3f1e261d,clean/docx/1547c5df73_file_130,with_comments_clean/docx/df097720f7_file_131,with_comments_tracking/docx/1547c5df73_file_130__vs__df097720f7_file_131_redline_2e3f1e261d.docx,with_comments_tracking/pdf/1547c5df73_file_130__vs__df097720f7_file_131_redline_2e3f1e261d.pdf,with_comments_tracking,2e3f1e261d,word_based_randomized_0926
1547c5df73_file_130__vs__df097720f7_file_131_redline_e4df2c199d,clean/docx/1547c5df73_file_130,with_comments_clean/docx/df097720f7_file_131,with_comments_tracking/docx/1547c5df73_file_130__vs__df097720f7_file_131_redline_e4df2c199d.docx,with_comments_tracking/pdf/1547c5df73_file_130__vs__df097720f7_file_131_redline_e4df2c199d.pdf,with_comments_tracking,e4df2c199d,word_based_randomized
154fce3ec8_file_186__vs__1fda7fa6e2_file_187_redline_f303456c76,clean/docx/154fce3ec8_file_186,clean/docx/1fda7fa6e2_file_187,tracking_without_comments/docx/154fce3ec8_file_186__vs__1fda7fa6e2_file_187_redline_f303456c76.docx,tracking_without_comments/pdf/154fce3ec8_file_186__vs__1fda7fa6e2_file_187_redline_f303456c76.pdf,tracking_without_comments,f303456c76,word_based_randomized_0926
1558d2a6ec_project_proposal_id_paraid_overflow__vs__77b9e6ba80_project_proposal_suggesting_insertions_redline_a3f0470a1d,clean/docx/1558d2a6ec_project_proposal_id_paraid_overflow,tracking_without_comments/docx/77b9e6ba80_project_proposal_suggesting_insertions,tracking_without_comments/docx/1558d2a6ec_project_proposal_id_paraid_overflow__vs__77b9e6ba80_project_proposal_suggesting_insertions_redline_a3f0470a1d.docx,tracking_without_comments/pdf/1558d2a6ec_project_proposal_id_paraid_overflow__vs__77b9e6ba80_project_proposal_suggesting_insertions_redline_a3f0470a1d.pdf,tracking_without_comments,a3f0470a1d,fixtures_word_compares;pdf_fill_0928
16100cd46d_behavior__sd_2323_image_resize_test_2b8a201a__vs__aa940255be_behavior__sd_2343_table_border_widths_b5148e83_redline_a169f5fa5f,clean/docx/16100cd46d_behavior__sd_2323_image_resize_test_2b8a201a,clean/docx/aa940255be_behavior__sd_2343_table_border_widths_b5148e83,tracking_without_comments/docx/16100cd46d_behavior__sd_2323_image_resize_test_2b8a201a__vs__aa940255be_behavior__sd_2343_table_border_widths_b5148e83_redline_a169f5fa5f.docx,tracking_without_comments/pdf/16100cd46d_behavior__sd_2323_image_resize_test_2b8a201a__vs__aa940255be_behavior__sd_2343_table_border_widths_b5148e83_redline_a169f5fa5f.pdf,tracking_without_comments,a169f5fa5f,word_redlines_superdoc
164e42c955_632d47971a1f534d075daf4b75b99cd76b038b36fb303530__vs__39a8b7b250_444d9bbf258316eee4352ac560f6ca28a0e5dd10b52ceb16_redline_1ae50cba31,clean/docx/164e42c955_632d47971a1f534d075daf4b75b99cd76b038b36fb303530,clean/docx/39a8b7b250_444d9bbf258316eee4352ac560f6ca28a0e5dd10b52ceb16,tracking_without_comments/docx/164e42c955_632d47971a1f534d075daf4b75b99cd76b038b36fb303530__vs__39a8b7b250_444d9bbf258316eee4352ac560f6ca28a0e5dd10b52ceb16_redline_1ae50cba31.docx,tracking_without_comments/pdf/164e42c955_632d47971a1f534d075daf4b75b99cd76b038b36fb303530__vs__39a8b7b250_444d9bbf258316eee4352ac560f6ca28a0e5dd10b52ceb16_redline_1ae50cba31.pdf,tracking_without_comments,1ae50cba31,redlines_en_500
16e831d01f_file_95__vs__e4e4a073e9_file_96_redline_d07bde3859,clean/docx/16e831d01f_file_95,clean/docx/e4e4a073e9_file_96,tracking_without_comments/docx/16e831d01f_file_95__vs__e4e4a073e9_file_96_redline_d07bde3859.docx,tracking_without_comments/pdf/16e831d01f_file_95__vs__e4e4a073e9_file_96_redline_d07bde3859.pdf,tracking_without_comments,d07bde3859,word_based_randomized
178804f5ce_super_editor__invalid_list_def_fallback_d7f55451__vs__9c7f21c23e_super_editor__line_break_627a7159_redline_22b83e022d,clean/docx/178804f5ce_super_editor__invalid_list_def_fallback_d7f55451,clean/docx/9c7f21c23e_super_editor__line_break_627a7159,tracking_without_comments/docx/178804f5ce_super_editor__invalid_list_def_fallback_d7f55451__vs__9c7f21c23e_super_editor__line_break_627a7159_redline_22b83e022d.docx,tracking_without_comments/pdf/178804f5ce_super_editor__invalid_list_def_fallback_d7f55451__vs__9c7f21c23e_super_editor__line_break_627a7159_redline_22b83e022d.pdf,tracking_without_comments,22b83e022d,word_redlines_superdoc
18b8dd8ea3_behavior__sd_2672_plain_3x3_87943d5d__vs__667af231c2_behavior__sd_2672_rtl_table_63bd9d10_redline_30fed087bf,clean/docx/18b8dd8ea3_behavior__sd_2672_plain_3x3_87943d5d,clean/docx/667af231c2_behavior__sd_2672_rtl_table_63bd9d10,tracking_without_comments/docx/18b8dd8ea3_behavior__sd_2672_plain_3x3_87943d5d__vs__667af231c2_behavior__sd_2672_rtl_table_63bd9d10_redline_30fed087bf.docx,tracking_without_comments/pdf/18b8dd8ea3_behavior__sd_2672_plain_3x3_87943d5d__vs__667af231c2_behavior__sd_2672_rtl_table_63bd9d10_redline_30fed087bf.pdf,tracking_without_comments,30fed087bf,word_redlines_superdoc_0926
18b8dd8ea3_behavior__sd_2672_plain_3x3_87943d5d__vs__667af231c2_behavior__sd_2672_rtl_table_63bd9d10_redline_6dcc4740fa,clean/docx/18b8dd8ea3_behavior__sd_2672_plain_3x3_87943d5d,clean/docx/667af231c2_behavior__sd_2672_rtl_table_63bd9d10,tracking_without_comments/docx/18b8dd8ea3_behavior__sd_2672_plain_3x3_87943d5d__vs__667af231c2_behavior__sd_2672_rtl_table_63bd9d10_redline_6dcc4740fa.docx,tracking_without_comments/pdf/18b8dd8ea3_behavior__sd_2672_plain_3x3_87943d5d__vs__667af231c2_behavior__sd_2672_rtl_table_63bd9d10_redline_6dcc4740fa.pdf,tracking_without_comments,6dcc4740fa,word_redlines_superdoc
18d1a4ad46_super_editor__sd_2534_collab_export_f3c7fdf7__vs__52dab5bc1c_super_editor__sdt_node_comment_ec887683_redline_07ab69d450,clean/docx/18d1a4ad46_super_editor__sd_2534_collab_export_f3c7fdf7,with_comments_clean/docx/52dab5bc1c_super_editor__sdt_node_comment_ec887683,with_comments_tracking/docx/18d1a4ad46_super_editor__sd_2534_collab_export_f3c7fdf7__vs__52dab5bc1c_super_editor__sdt_node_comment_ec887683_redline_07ab69d450.docx,with_comments_tracking/pdf/18d1a4ad46_super_editor__sd_2534_collab_export_f3c7fdf7__vs__52dab5bc1c_super_editor__sdt_node_comment_ec887683_redline_07ab69d450.pdf,with_comments_tracking,07ab69d450,word_redlines_superdoc
18d1a4ad46_super_editor__sd_2534_collab_export_f3c7fdf7__vs__52dab5bc1c_super_editor__sdt_node_comment_ec887683_redline_cf8049bd45,clean/docx/18d1a4ad46_super_editor__sd_2534_collab_export_f3c7fdf7,with_comments_clean/docx/52dab5bc1c_super_editor__sdt_node_comment_ec887683,with_comments_tracking/docx/18d1a4ad46_super_editor__sd_2534_collab_export_f3c7fdf7__vs__52dab5bc1c_super_editor__sdt_node_comment_ec887683_redline_cf8049bd45.docx,with_comments_tracking/pdf/18d1a4ad46_super_editor__sd_2534_collab_export_f3c7fdf7__vs__52dab5bc1c_super_editor__sdt_node_comment_ec887683_redline_cf8049bd45.pdf,with_comments_tracking,cf8049bd45,word_redlines_superdoc_0926
18eb110b3b_numwords_fldsimple__vs__56d68160f4_doc_api_stories__sd_2086_header_row_shading_api_redline_12c5361b58,clean/docx/18eb110b3b_numwords_fldsimple,clean/docx/56d68160f4_doc_api_stories__sd_2086_header_row_shading_api,tracking_without_comments/docx/18eb110b3b_numwords_fldsimple__vs__56d68160f4_doc_api_stories__sd_2086_header_row_shading_api_redline_12c5361b58.docx,tracking_without_comments/pdf/18eb110b3b_numwords_fldsimple__vs__56d68160f4_doc_api_stories__sd_2086_header_row_shading_api_redline_12c5361b58.pdf,tracking_without_comments,12c5361b58,word_redlines_superdoc
18eb110b3b_numwords_fldsimple__vs__60697d46b7_strict01_redline_964719255c,clean/docx/18eb110b3b_numwords_fldsimple,with_comments_tracking/docx/60697d46b7_strict01,with_comments_tracking/docx/18eb110b3b_numwords_fldsimple__vs__60697d46b7_strict01_redline_964719255c.docx,with_comments_tracking/pdf/18eb110b3b_numwords_fldsimple__vs__60697d46b7_strict01_redline_964719255c.pdf,with_comments_tracking,964719255c,word_based_0926
1b8ec2a8cd_file_7__vs__c090b9f082_file_8_redline_ad34822be0,clean/docx/1b8ec2a8cd_file_7,clean/docx/c090b9f082_file_8,tracking_without_comments/docx/1b8ec2a8cd_file_7__vs__c090b9f082_file_8_redline_ad34822be0.docx,tracking_without_comments/pdf/1b8ec2a8cd_file_7__vs__c090b9f082_file_8_redline_ad34822be0.pdf,tracking_without_comments,ad34822be0,word_based_randomized
1bdbf15f5a_super_editor__orderedlist_interrupted1_a3cd0dd3__vs__82348eef4b_multi_section_redline_9897351ddc,clean/docx/1bdbf15f5a_super_editor__orderedlist_interrupted1_a3cd0dd3,clean/docx/82348eef4b_multi_section,tracking_without_comments/docx/1bdbf15f5a_super_editor__orderedlist_interrupted1_a3cd0dd3__vs__82348eef4b_multi_section_redline_9897351ddc.docx,tracking_without_comments/pdf/1bdbf15f5a_super_editor__orderedlist_interrupted1_a3cd0dd3__vs__82348eef4b_multi_section_redline_9897351ddc.pdf,tracking_without_comments,9897351ddc,word_redlines_superdoc_0926
1c5bd81def_super_editor__multiple_nodes_in_list_79d915a2__vs__d03da97287_super_editor__nested_comments_gdocs_0c8668e1_redline_83ec2122ff,clean/docx/1c5bd81def_super_editor__multiple_nodes_in_list_79d915a2,with_comments_clean/docx/d03da97287_super_editor__nested_comments_gdocs_0c8668e1,with_comments_tracking/docx/1c5bd81def_super_editor__multiple_nodes_in_list_79d915a2__vs__d03da97287_super_editor__nested_comments_gdocs_0c8668e1_redline_83ec2122ff.docx,with_comments_tracking/pdf/1c5bd81def_super_editor__multiple_nodes_in_list_79d915a2__vs__d03da97287_super_editor__nested_comments_gdocs_0c8668e1_redline_83ec2122ff.pdf,with_comments_tracking,83ec2122ff,word_redlines_superdoc
1c5bd81def_super_editor__multiple_nodes_in_list_79d915a2__vs__d03da97287_super_editor__nested_comments_gdocs_0c8668e1_redline_d5562fbaed,clean/docx/1c5bd81def_super_editor__multiple_nodes_in_list_79d915a2,with_comments_clean/docx/d03da97287_super_editor__nested_comments_gdocs_0c8668e1,with_comments_tracking/docx/1c5bd81def_super_editor__multiple_nodes_in_list_79d915a2__vs__d03da97287_super_editor__nested_comments_gdocs_0c8668e1_redline_d5562fbaed.docx,with_comments_tracking/pdf/1c5bd81def_super_editor__multiple_nodes_in_list_79d915a2__vs__d03da97287_super_editor__nested_comments_gdocs_0c8668e1_redline_d5562fbaed.pdf,with_comments_tracking,d5562fbaed,word_redlines_superdoc_0926
1cd4f9ee6c_roboto_font_demo_id_paraid_overflow__vs__6e08e456f6_roboto_underline_demo_id_paraid_overflow_redline_f5e9f6ac8f,clean/docx/1cd4f9ee6c_roboto_font_demo_id_paraid_overflow,clean/docx/6e08e456f6_roboto_underline_demo_id_paraid_overflow,tracking_without_comments/docx/1cd4f9ee6c_roboto_font_demo_id_paraid_overflow__vs__6e08e456f6_roboto_underline_demo_id_paraid_overflow_redline_f5e9f6ac8f.docx,tracking_without_comments/pdf/1cd4f9ee6c_roboto_font_demo_id_paraid_overflow__vs__6e08e456f6_roboto_underline_demo_id_paraid_overflow_redline_f5e9f6ac8f.pdf,tracking_without_comments,f5e9f6ac8f,fixtures_word_compares;pdf_fill_0928
1dfdc7d8ec_super_editor__image_inline_and_block_ad6109b3__vs__058cd936de_super_editor__image_doc_c7d007ac_redline_e58f863445,clean/docx/1dfdc7d8ec_super_editor__image_inline_and_block_ad6109b3,clean/docx/058cd936de_super_editor__image_doc_c7d007ac,tracking_without_comments/docx/1dfdc7d8ec_super_editor__image_inline_and_block_ad6109b3__vs__058cd936de_super_editor__image_doc_c7d007ac_redline_e58f863445.docx,tracking_without_comments/pdf/1dfdc7d8ec_super_editor__image_inline_and_block_ad6109b3__vs__058cd936de_super_editor__image_doc_c7d007ac_redline_e58f863445.pdf,tracking_without_comments,e58f863445,word_redlines_superdoc
1dfdc7d8ec_super_editor__image_inline_and_block_ad6109b3__vs__96fa27757a_behavior__rtl_page_numpages_54739e26_redline_8d7d998bdd,clean/docx/1dfdc7d8ec_super_editor__image_inline_and_block_ad6109b3,clean/docx/96fa27757a_behavior__rtl_page_numpages_54739e26,tracking_without_comments/docx/1dfdc7d8ec_super_editor__image_inline_and_block_ad6109b3__vs__96fa27757a_behavior__rtl_page_numpages_54739e26_redline_8d7d998bdd.docx,tracking_without_comments/pdf/1dfdc7d8ec_super_editor__image_inline_and_block_ad6109b3__vs__96fa27757a_behavior__rtl_page_numpages_54739e26_redline_8d7d998bdd.pdf,tracking_without_comments,8d7d998bdd,word_redlines_superdoc_0926
1e0254763b_strict01__vs__1e0254763b_strict01_redline_4822d35f9f,tracking_without_comments/docx/1e0254763b_strict01,tracking_without_comments/docx/1e0254763b_strict01,tracking_without_comments/docx/1e0254763b_strict01__vs__1e0254763b_strict01_redline_4822d35f9f.docx,tracking_without_comments/pdf/1e0254763b_strict01__vs__1e0254763b_strict01_redline_4822d35f9f.pdf,tracking_without_comments,4822d35f9f,nocomments
1e212fbfdc_file_122__vs__85692b483f_file_123_redline_2ba84d60d1,clean/docx/1e212fbfdc_file_122,with_comments_clean/docx/85692b483f_file_123,with_comments_tracking/docx/1e212fbfdc_file_122__vs__85692b483f_file_123_redline_2ba84d60d1.docx,with_comments_tracking/pdf/1e212fbfdc_file_122__vs__85692b483f_file_123_redline_2ba84d60d1.pdf,with_comments_tracking,2ba84d60d1,word_based_randomized
1e212fbfdc_file_122__vs__85692b483f_file_123_redline_71159007ab,clean/docx/1e212fbfdc_file_122,with_comments_clean/docx/85692b483f_file_123,with_comments_tracking/docx/1e212fbfdc_file_122__vs__85692b483f_file_123_redline_71159007ab.docx,with_comments_tracking/pdf/1e212fbfdc_file_122__vs__85692b483f_file_123_redline_71159007ab.pdf,with_comments_tracking,71159007ab,word_based_randomized_0926
1ed8b01b55_file_13__vs__a2ae20465c_file_14_redline_5dbefac63c,clean/docx/1ed8b01b55_file_13,tracking_without_comments/docx/a2ae20465c_file_14,tracking_without_comments/docx/1ed8b01b55_file_13__vs__a2ae20465c_file_14_redline_5dbefac63c.docx,tracking_without_comments/pdf/1ed8b01b55_file_13__vs__a2ae20465c_file_14_redline_5dbefac63c.pdf,tracking_without_comments,5dbefac63c,nocomments_randomized
1f22b7b009_153542e701bb134da7aee3bb1c4be1f1458fb401ed835378__vs__524cd290f3_f6e23a442c10a2b2645a49855e3bcb779b2d7bf34b37e612_redline_a7fa1e6bff,clean/docx/1f22b7b009_153542e701bb134da7aee3bb1c4be1f1458fb401ed835378,clean/docx/524cd290f3_f6e23a442c10a2b2645a49855e3bcb779b2d7bf34b37e612,tracking_without_comments/docx/1f22b7b009_153542e701bb134da7aee3bb1c4be1f1458fb401ed835378__vs__524cd290f3_f6e23a442c10a2b2645a49855e3bcb779b2d7bf34b37e612_redline_a7fa1e6bff.docx,tracking_without_comments/pdf/1f22b7b009_153542e701bb134da7aee3bb1c4be1f1458fb401ed835378__vs__524cd290f3_f6e23a442c10a2b2645a49855e3bcb779b2d7bf34b37e612_redline_a7fa1e6bff.pdf,tracking_without_comments,a7fa1e6bff,redlines_en_500
1f4891aebe_large_font_size_demo_id_paraid_overflow__vs__b4ba29d456_left_alignment_demo_id_paraid_overflow_redline_cd5dceca39,clean/docx/1f4891aebe_large_font_size_demo_id_paraid_overflow,clean/docx/b4ba29d456_left_alignment_demo_id_paraid_overflow,tracking_without_comments/docx/1f4891aebe_large_font_size_demo_id_paraid_overflow__vs__b4ba29d456_left_alignment_demo_id_paraid_overflow_redline_cd5dceca39.docx,tracking_without_comments/pdf/1f4891aebe_large_font_size_demo_id_paraid_overflow__vs__b4ba29d456_left_alignment_demo_id_paraid_overflow_redline_cd5dceca39.pdf,tracking_without_comments,cd5dceca39,fixtures_word_compares;pdf_fill_0928
1fda7fa6e2_file_187__vs__66e70631fb_file_188_redline_92ec8417eb,clean/docx/1fda7fa6e2_file_187,with_comments_tracking/docx/66e70631fb_file_188,with_comments_tracking/docx/1fda7fa6e2_file_187__vs__66e70631fb_file_188_redline_92ec8417eb.docx,with_comments_tracking/pdf/1fda7fa6e2_file_187__vs__66e70631fb_file_188_redline_92ec8417eb.pdf,with_comments_tracking,92ec8417eb,word_based_randomized
1fda7fa6e2_file_187__vs__66e70631fb_file_188_redline_fde18c85bf,clean/docx/1fda7fa6e2_file_187,with_comments_tracking/docx/66e70631fb_file_188,with_comments_tracking/docx/1fda7fa6e2_file_187__vs__66e70631fb_file_188_redline_fde18c85bf.docx,with_comments_tracking/pdf/1fda7fa6e2_file_187__vs__66e70631fb_file_188_redline_fde18c85bf.pdf,with_comments_tracking,fde18c85bf,word_based_randomized_0926
22060e7141_40b72d8c37011f35d914c2f44868286d89717c9efd10ac04__vs__71c67c168f_37d74eebe6fd69b7f6041f8ecda8e9857d885b23dab561b0_redline_72341d8ac1,clean/docx/22060e7141_40b72d8c37011f35d914c2f44868286d89717c9efd10ac04,with_comments_clean/docx/71c67c168f_37d74eebe6fd69b7f6041f8ecda8e9857d885b23dab561b0,with_comments_tracking/docx/22060e7141_40b72d8c37011f35d914c2f44868286d89717c9efd10ac04__vs__71c67c168f_37d74eebe6fd69b7f6041f8ecda8e9857d885b23dab561b0_redline_72341d8ac1.docx,with_comments_tracking/pdf/22060e7141_40b72d8c37011f35d914c2f44868286d89717c9efd10ac04__vs__71c67c168f_37d74eebe6fd69b7f6041f8ecda8e9857d885b23dab561b0_redline_72341d8ac1.pdf,with_comments_tracking,72341d8ac1,redlines_en_500
23cdfeee74_0022d9b76a33e7bdcda8d38ec3c898364c578897fb55d462__vs__5203829c7a_001cc92b88566d5f930fe57f25813c0bf52a7bdc72c217d0_redline_3a979dc632,clean/docx/23cdfeee74_0022d9b76a33e7bdcda8d38ec3c898364c578897fb55d462,clean/docx/5203829c7a_001cc92b88566d5f930fe57f25813c0bf52a7bdc72c217d0,tracking_without_comments/docx/23cdfeee74_0022d9b76a33e7bdcda8d38ec3c898364c578897fb55d462__vs__5203829c7a_001cc92b88566d5f930fe57f25813c0bf52a7bdc72c217d0_redline_3a979dc632.docx,tracking_without_comments/pdf/23cdfeee74_0022d9b76a33e7bdcda8d38ec3c898364c578897fb55d462__vs__5203829c7a_001cc92b88566d5f930fe57f25813c0bf52a7bdc72c217d0_redline_3a979dc632.pdf,tracking_without_comments,3a979dc632,redlines_a100_b10
23cdfeee74_0022d9b76a33e7bdcda8d38ec3c898364c578897fb55d462__vs__a5f2b9318d_002aa60c2ae1187417b4b157c5ec6450324cc056ec551a12_redline_fee04c36ab,clean/docx/23cdfeee74_0022d9b76a33e7bdcda8d38ec3c898364c578897fb55d462,clean/docx/a5f2b9318d_002aa60c2ae1187417b4b157c5ec6450324cc056ec551a12,tracking_without_comments/docx/23cdfeee74_0022d9b76a33e7bdcda8d38ec3c898364c578897fb55d462__vs__a5f2b9318d_002aa60c2ae1187417b4b157c5ec6450324cc056ec551a12_redline_fee04c36ab.docx,tracking_without_comments/pdf/23cdfeee74_0022d9b76a33e7bdcda8d38ec3c898364c578897fb55d462__vs__a5f2b9318d_002aa60c2ae1187417b4b157c5ec6450324cc056ec551a12_redline_fee04c36ab.pdf,tracking_without_comments,fee04c36ab,redlines_a100_b10
24ad1aa6e5_docx_lots_of_comments_addition_removal__vs__e57ad0eaa4_docx_lots_of_comments_addition_redline_a836952933,with_comments_tracking/docx/24ad1aa6e5_docx_lots_of_comments_addition_removal,with_comments_tracking/docx/e57ad0eaa4_docx_lots_of_comments_addition,with_comments_tracking/docx/24ad1aa6e5_docx_lots_of_comments_addition_removal__vs__e57ad0eaa4_docx_lots_of_comments_addition_redline_a836952933.docx,with_comments_tracking/pdf/24ad1aa6e5_docx_lots_of_comments_addition_removal__vs__e57ad0eaa4_docx_lots_of_comments_addition_redline_a836952933.pdf,with_comments_tracking,a836952933,word_based
24ad1aa6e5_docx_lots_of_comments_addition_removal__vs__e57ad0eaa4_docx_lots_of_comments_addition_redline_ebeb91fe7f,with_comments_tracking/docx/24ad1aa6e5_docx_lots_of_comments_addition_removal,with_comments_tracking/docx/e57ad0eaa4_docx_lots_of_comments_addition,with_comments_tracking/docx/24ad1aa6e5_docx_lots_of_comments_addition_removal__vs__e57ad0eaa4_docx_lots_of_comments_addition_redline_ebeb91fe7f.docx,with_comments_tracking/pdf/24ad1aa6e5_docx_lots_of_comments_addition_removal__vs__e57ad0eaa4_docx_lots_of_comments_addition_redline_ebeb91fe7f.pdf,with_comments_tracking,ebeb91fe7f,word_based_0926
25f07e0823_super_editor__sd_1919_word_mixed_33e049ca__vs__76827c9f6c_super_editor__sd_1480_two_col_index_0138dccc_redline_7df026e914,clean/docx/25f07e0823_super_editor__sd_1919_word_mixed_33e049ca,clean/docx/76827c9f6c_super_editor__sd_1480_two_col_index_0138dccc,tracking_without_comments/docx/25f07e0823_super_editor__sd_1919_word_mixed_33e049ca__vs__76827c9f6c_super_editor__sd_1480_two_col_index_0138dccc_redline_7df026e914.docx,tracking_without_comments/pdf/25f07e0823_super_editor__sd_1919_word_mixed_33e049ca__vs__76827c9f6c_super_editor__sd_1480_two_col_index_0138dccc_redline_7df026e914.pdf,tracking_without_comments,7df026e914,word_redlines_superdoc_0926
266b027513_file_73__vs__f03f54c09d_file_74_redline_e4f8d7c4e5,clean/docx/266b027513_file_73,tracking_without_comments/docx/f03f54c09d_file_74,tracking_without_comments/docx/266b027513_file_73__vs__f03f54c09d_file_74_redline_e4f8d7c4e5.docx,tracking_without_comments/pdf/266b027513_file_73__vs__f03f54c09d_file_74_redline_e4f8d7c4e5.pdf,tracking_without_comments,e4f8d7c4e5,nocomments_randomized
26ccb443f6_file_11__vs__799980e6af_file_12_redline_69e44ac125,clean/docx/26ccb443f6_file_11,with_comments_clean/docx/799980e6af_file_12,with_comments_tracking/docx/26ccb443f6_file_11__vs__799980e6af_file_12_redline_69e44ac125.docx,with_comments_tracking/pdf/26ccb443f6_file_11__vs__799980e6af_file_12_redline_69e44ac125.pdf,with_comments_tracking,69e44ac125,word_based_randomized
26ccb443f6_file_11__vs__799980e6af_file_12_redline_f64bfdeadc,clean/docx/26ccb443f6_file_11,with_comments_clean/docx/799980e6af_file_12,with_comments_tracking/docx/26ccb443f6_file_11__vs__799980e6af_file_12_redline_f64bfdeadc.docx,with_comments_tracking/pdf/26ccb443f6_file_11__vs__799980e6af_file_12_redline_f64bfdeadc.pdf,with_comments_tracking,f64bfdeadc,word_based_randomized_0926
26ce1d6300_super_editor__diff_after5_9fb9d5b4__vs__2e41610325_super_editor__diff_after6_5f9799d0_redline_71595f1fa3,clean/docx/26ce1d6300_super_editor__diff_after5_9fb9d5b4,clean/docx/2e41610325_super_editor__diff_after6_5f9799d0,tracking_without_comments/docx/26ce1d6300_super_editor__diff_after5_9fb9d5b4__vs__2e41610325_super_editor__diff_after6_5f9799d0_redline_71595f1fa3.docx,tracking_without_comments/pdf/26ce1d6300_super_editor__diff_after5_9fb9d5b4__vs__2e41610325_super_editor__diff_after6_5f9799d0_redline_71595f1fa3.pdf,tracking_without_comments,71595f1fa3,word_redlines_superdoc
26ce1d6300_super_editor__diff_after5_9fb9d5b4__vs__b389f55091_super_editor__comment_23ee5ec1_redline_01fa32ec8b,clean/docx/26ce1d6300_super_editor__diff_after5_9fb9d5b4,with_comments_clean/docx/b389f55091_super_editor__comment_23ee5ec1,with_comments_tracking/docx/26ce1d6300_super_editor__diff_after5_9fb9d5b4__vs__b389f55091_super_editor__comment_23ee5ec1_redline_01fa32ec8b.docx,with_comments_tracking/pdf/26ce1d6300_super_editor__diff_after5_9fb9d5b4__vs__b389f55091_super_editor__comment_23ee5ec1_redline_01fa32ec8b.pdf,with_comments_tracking,01fa32ec8b,word_redlines_superdoc
26ce1d6300_super_editor__diff_after5_9fb9d5b4__vs__b389f55091_super_editor__comment_23ee5ec1_redline_fef7e1df16,clean/docx/26ce1d6300_super_editor__diff_after5_9fb9d5b4,with_comments_clean/docx/b389f55091_super_editor__comment_23ee5ec1,with_comments_tracking/docx/26ce1d6300_super_editor__diff_after5_9fb9d5b4__vs__b389f55091_super_editor__comment_23ee5ec1_redline_fef7e1df16.docx,with_comments_tracking/pdf/26ce1d6300_super_editor__diff_after5_9fb9d5b4__vs__b389f55091_super_editor__comment_23ee5ec1_redline_fef7e1df16.pdf,with_comments_tracking,fef7e1df16,word_redlines_superdoc_0926
279abea8ce_super_editor__h_f_normal_odd_even_firstpg_9b210d__vs__76827c9f6c_super_editor__sd_1480_two_col_index_0138dccc_redline_c0cbc850a8,clean/docx/279abea8ce_super_editor__h_f_normal_odd_even_firstpg_9b210d,clean/docx/76827c9f6c_super_editor__sd_1480_two_col_index_0138dccc,tracking_without_comments/docx/279abea8ce_super_editor__h_f_normal_odd_even_firstpg_9b210d__vs__76827c9f6c_super_editor__sd_1480_two_col_index_0138dccc_redline_c0cbc850a8.docx,tracking_without_comments/pdf/279abea8ce_super_editor__h_f_normal_odd_even_firstpg_9b210d__vs__76827c9f6c_super_editor__sd_1480_two_col_index_0138dccc_redline_c0cbc850a8.pdf,tracking_without_comments,c0cbc850a8,word_redlines_superdoc_0926
28033140a2_quarterly_performance_report_table_2__vs__fa5b142e31_quarterly_performance_report_table_redline_666d0bdeb7,clean/docx/28033140a2_quarterly_performance_report_table_2,clean/docx/fa5b142e31_quarterly_performance_report_table,tracking_without_comments/docx/28033140a2_quarterly_performance_report_table_2__vs__fa5b142e31_quarterly_performance_report_table_redline_666d0bdeb7.docx,tracking_without_comments/pdf/28033140a2_quarterly_performance_report_table_2__vs__fa5b142e31_quarterly_performance_report_table_redline_666d0bdeb7.pdf,tracking_without_comments,666d0bdeb7,nocomments
284df3bf07_740579c5f762ce4977e0febc5edec27d4df4d4059510a808__vs__9cab09c08d_75bc7006ba70183c4543590a4131ca692719a521bcd85ad7_redline_d3782b3407,clean/docx/284df3bf07_740579c5f762ce4977e0febc5edec27d4df4d4059510a808,clean/docx/9cab09c08d_75bc7006ba70183c4543590a4131ca692719a521bcd85ad7,tracking_without_comments/docx/284df3bf07_740579c5f762ce4977e0febc5edec27d4df4d4059510a808__vs__9cab09c08d_75bc7006ba70183c4543590a4131ca692719a521bcd85ad7_redline_d3782b3407.docx,tracking_without_comments/pdf/284df3bf07_740579c5f762ce4977e0febc5edec27d4df4d4059510a808__vs__9cab09c08d_75bc7006ba70183c4543590a4131ca692719a521bcd85ad7_redline_d3782b3407.pdf,tracking_without_comments,d3782b3407,redlines_en_500
286955227d_0134fe85fb88da2accd6637e1c44bdd4f8b7fbb533bd47ba__vs__342f364d46_001342333d45627868f4dc5282abbba4598a91b4a7584b08_redline_7ff6ee4617,clean/docx/286955227d_0134fe85fb88da2accd6637e1c44bdd4f8b7fbb533bd47ba,clean/docx/342f364d46_001342333d45627868f4dc5282abbba4598a91b4a7584b08,tracking_without_comments/docx/286955227d_0134fe85fb88da2accd6637e1c44bdd4f8b7fbb533bd47ba__vs__342f364d46_001342333d45627868f4dc5282abbba4598a91b4a7584b08_redline_7ff6ee4617.docx,tracking_without_comments/pdf/286955227d_0134fe85fb88da2accd6637e1c44bdd4f8b7fbb533bd47ba__vs__342f364d46_001342333d45627868f4dc5282abbba4598a91b4a7584b08_redline_7ff6ee4617.pdf,tracking_without_comments,7ff6ee4617,redlines_a100_b10
286955227d_0134fe85fb88da2accd6637e1c44bdd4f8b7fbb533bd47ba__vs__5203829c7a_001cc92b88566d5f930fe57f25813c0bf52a7bdc72c217d0_redline_e629604db4,clean/docx/286955227d_0134fe85fb88da2accd6637e1c44bdd4f8b7fbb533bd47ba,clean/docx/5203829c7a_001cc92b88566d5f930fe57f25813c0bf52a7bdc72c217d0,tracking_without_comments/docx/286955227d_0134fe85fb88da2accd6637e1c44bdd4f8b7fbb533bd47ba__vs__5203829c7a_001cc92b88566d5f930fe57f25813c0bf52a7bdc72c217d0_redline_e629604db4.docx,tracking_without_comments/pdf/286955227d_0134fe85fb88da2accd6637e1c44bdd4f8b7fbb533bd47ba__vs__5203829c7a_001cc92b88566d5f930fe57f25813c0bf52a7bdc72c217d0_redline_e629604db4.pdf,tracking_without_comments,e629604db4,redlines_a100_b10
2936af4459_super_editor__sd_1480_two_col_tab_positions_0095__vs__ced58cbf54_super_editor__sd_1494_table_left_indent_03277d35_redline_402e22a3f4,clean/docx/2936af4459_super_editor__sd_1480_two_col_tab_positions_0095,clean/docx/ced58cbf54_super_editor__sd_1494_table_left_indent_03277d35,tracking_without_comments/docx/2936af4459_super_editor__sd_1480_two_col_tab_positions_0095__vs__ced58cbf54_super_editor__sd_1494_table_left_indent_03277d35_redline_402e22a3f4.docx,tracking_without_comments/pdf/2936af4459_super_editor__sd_1480_two_col_tab_positions_0095__vs__ced58cbf54_super_editor__sd_1494_table_left_indent_03277d35_redline_402e22a3f4.pdf,tracking_without_comments,402e22a3f4,word_redlines_superdoc_0926
29379c07bf_002adf0715eed4d213774c26c60c78624c2a3cbb3d0397d2__vs__2773adf157_0004c94ca2a8684d47449bb0e7abf87de1df71a7e6543252_redline_dfc890ebe7,clean/docx/29379c07bf_002adf0715eed4d213774c26c60c78624c2a3cbb3d0397d2,clean/docx/2773adf157_0004c94ca2a8684d47449bb0e7abf87de1df71a7e6543252,tracking_without_comments/docx/29379c07bf_002adf0715eed4d213774c26c60c78624c2a3cbb3d0397d2__vs__2773adf157_0004c94ca2a8684d47449bb0e7abf87de1df71a7e6543252_redline_dfc890ebe7.docx,tracking_without_comments/pdf/29379c07bf_002adf0715eed4d213774c26c60c78624c2a3cbb3d0397d2__vs__2773adf157_0004c94ca2a8684d47449bb0e7abf87de1df71a7e6543252_redline_dfc890ebe7.pdf,tracking_without_comments,dfc890ebe7,redlines_a100_b10
29379c07bf_002adf0715eed4d213774c26c60c78624c2a3cbb3d0397d2__vs__a5f2b9318d_002aa60c2ae1187417b4b157c5ec6450324cc056ec551a12_redline_e4c9e96f09,clean/docx/29379c07bf_002adf0715eed4d213774c26c60c78624c2a3cbb3d0397d2,clean/docx/a5f2b9318d_002aa60c2ae1187417b4b157c5ec6450324cc056ec551a12,tracking_without_comments/docx/29379c07bf_002adf0715eed4d213774c26c60c78624c2a3cbb3d0397d2__vs__a5f2b9318d_002aa60c2ae1187417b4b157c5ec6450324cc056ec551a12_redline_e4c9e96f09.docx,tracking_without_comments/pdf/29379c07bf_002adf0715eed4d213774c26c60c78624c2a3cbb3d0397d2__vs__a5f2b9318d_002aa60c2ae1187417b4b157c5ec6450324cc056ec551a12_redline_e4c9e96f09.pdf,tracking_without_comments,e4c9e96f09,redlines_a100_b10
2a69e1ce5c_green_bold_text_demo_id_paraid_overflow__vs__e1f631e28a_green_highlight_demo_id_paraid_overflow_redline_9d466d3cf5,clean/docx/2a69e1ce5c_green_bold_text_demo_id_paraid_overflow,clean/docx/e1f631e28a_green_highlight_demo_id_paraid_overflow,tracking_without_comments/docx/2a69e1ce5c_green_bold_text_demo_id_paraid_overflow__vs__e1f631e28a_green_highlight_demo_id_paraid_overflow_redline_9d466d3cf5.docx,tracking_without_comments/pdf/2a69e1ce5c_green_bold_text_demo_id_paraid_overflow__vs__e1f631e28a_green_highlight_demo_id_paraid_overflow_redline_9d466d3cf5.pdf,tracking_without_comments,9d466d3cf5,word_based
2ad2fc5ab0_super_editor__diff_before10_2f84ca55__vs__84f5fb598b_super_editor__diff_before11_1b953eaf_redline_da86d0513e,clean/docx/2ad2fc5ab0_super_editor__diff_before10_2f84ca55,with_comments_tracking/docx/84f5fb598b_super_editor__diff_before11_1b953eaf,with_comments_tracking/docx/2ad2fc5ab0_super_editor__diff_before10_2f84ca55__vs__84f5fb598b_super_editor__diff_before11_1b953eaf_redline_da86d0513e.docx,with_comments_tracking/pdf/2ad2fc5ab0_super_editor__diff_before10_2f84ca55__vs__84f5fb598b_super_editor__diff_before11_1b953eaf_redline_da86d0513e.pdf,with_comments_tracking,da86d0513e,word_redlines_superdoc_0926
2ad8d15e88_00e901c5aa86bd93002ce801375c57e44c2c78a0e5b308d3__vs__bd3824dd1e_000ee64ef7226d353297888f59a251e24ce5d776fea000fa_redline_6287ad2d7a,clean/docx/2ad8d15e88_00e901c5aa86bd93002ce801375c57e44c2c78a0e5b308d3,clean/docx/bd3824dd1e_000ee64ef7226d353297888f59a251e24ce5d776fea000fa,tracking_without_comments/docx/2ad8d15e88_00e901c5aa86bd93002ce801375c57e44c2c78a0e5b308d3__vs__bd3824dd1e_000ee64ef7226d353297888f59a251e24ce5d776fea000fa_redline_6287ad2d7a.docx,tracking_without_comments/pdf/2ad8d15e88_00e901c5aa86bd93002ce801375c57e44c2c78a0e5b308d3__vs__bd3824dd1e_000ee64ef7226d353297888f59a251e24ce5d776fea000fa_redline_6287ad2d7a.pdf,tracking_without_comments,6287ad2d7a,redlines_a100_b10
2b328caeee_0ddd11a4c4cfd99b77de17348a8ddc30ae5e5c80a101c84e__vs__882e251894_c41a01217b430717fbacf9cd114aed87b99db718803e1801_redline_3866f441cc,clean/docx/2b328caeee_0ddd11a4c4cfd99b77de17348a8ddc30ae5e5c80a101c84e,with_comments_clean/docx/882e251894_c41a01217b430717fbacf9cd114aed87b99db718803e1801,with_comments_tracking/docx/2b328caeee_0ddd11a4c4cfd99b77de17348a8ddc30ae5e5c80a101c84e__vs__882e251894_c41a01217b430717fbacf9cd114aed87b99db718803e1801_redline_3866f441cc.docx,with_comments_tracking/pdf/2b328caeee_0ddd11a4c4cfd99b77de17348a8ddc30ae5e5c80a101c84e__vs__882e251894_c41a01217b430717fbacf9cd114aed87b99db718803e1801_redline_3866f441cc.pdf,with_comments_tracking,3866f441cc,redlines_en_500
2b4475cba6_0021f639e5dbf6c217c8d81a7ac3374624ff9901a5d4b200__vs__bd3824dd1e_000ee64ef7226d353297888f59a251e24ce5d776fea000fa_redline_f1e8654a15,clean/docx/2b4475cba6_0021f639e5dbf6c217c8d81a7ac3374624ff9901a5d4b200,clean/docx/bd3824dd1e_000ee64ef7226d353297888f59a251e24ce5d776fea000fa,tracking_without_comments/docx/2b4475cba6_0021f639e5dbf6c217c8d81a7ac3374624ff9901a5d4b200__vs__bd3824dd1e_000ee64ef7226d353297888f59a251e24ce5d776fea000fa_redline_f1e8654a15.docx,tracking_without_comments/pdf/2b4475cba6_0021f639e5dbf6c217c8d81a7ac3374624ff9901a5d4b200__vs__bd3824dd1e_000ee64ef7226d353297888f59a251e24ce5d776fea000fa_redline_f1e8654a15.pdf,tracking_without_comments,f1e8654a15,redlines_a100_b10
2b6c7be6bd_super_editor__nested_comments_84f214bb__vs__18eb110b3b_numwords_fldsimple_redline_4a8b3c676a,with_comments_clean/docx/2b6c7be6bd_super_editor__nested_comments_84f214bb,clean/docx/18eb110b3b_numwords_fldsimple,with_comments_tracking/docx/2b6c7be6bd_super_editor__nested_comments_84f214bb__vs__18eb110b3b_numwords_fldsimple_redline_4a8b3c676a.docx,with_comments_tracking/pdf/2b6c7be6bd_super_editor__nested_comments_84f214bb__vs__18eb110b3b_numwords_fldsimple_redline_4a8b3c676a.pdf,with_comments_tracking,4a8b3c676a,word_redlines_superdoc
2b6c7be6bd_super_editor__nested_comments_84f214bb__vs__671ff91b1d_behavior__sd_2750_borderbox_7cd3768d_redline_0858ee25d5,with_comments_clean/docx/2b6c7be6bd_super_editor__nested_comments_84f214bb,clean/docx/671ff91b1d_behavior__sd_2750_borderbox_7cd3768d,with_comments_tracking/docx/2b6c7be6bd_super_editor__nested_comments_84f214bb__vs__671ff91b1d_behavior__sd_2750_borderbox_7cd3768d_redline_0858ee25d5.docx,with_comments_tracking/pdf/2b6c7be6bd_super_editor__nested_comments_84f214bb__vs__671ff91b1d_behavior__sd_2750_borderbox_7cd3768d_redline_0858ee25d5.pdf,with_comments_tracking,0858ee25d5,word_redlines_superdoc
2b6c7be6bd_super_editor__nested_comments_84f214bb__vs__6c0ad6c8ef_behavior__math_matrix_tests_a3b17e15_redline_a9272f69c1,with_comments_clean/docx/2b6c7be6bd_super_editor__nested_comments_84f214bb,clean/docx/6c0ad6c8ef_behavior__math_matrix_tests_a3b17e15,with_comments_tracking/docx/2b6c7be6bd_super_editor__nested_comments_84f214bb__vs__6c0ad6c8ef_behavior__math_matrix_tests_a3b17e15_redline_a9272f69c1.docx,with_comments_tracking/pdf/2b6c7be6bd_super_editor__nested_comments_84f214bb__vs__6c0ad6c8ef_behavior__math_matrix_tests_a3b17e15_redline_a9272f69c1.pdf,with_comments_tracking,a9272f69c1,word_redlines_superdoc
2bd5ae6064_file_13__vs__836d7aa3c4_file_14_redline_01ffe97a5e,clean/docx/2bd5ae6064_file_13,with_comments_tracking/docx/836d7aa3c4_file_14,with_comments_tracking/docx/2bd5ae6064_file_13__vs__836d7aa3c4_file_14_redline_01ffe97a5e.docx,with_comments_tracking/pdf/2bd5ae6064_file_13__vs__836d7aa3c4_file_14_redline_01ffe97a5e.pdf,with_comments_tracking,01ffe97a5e,word_based_randomized_0926
2bd5ae6064_file_13__vs__836d7aa3c4_file_14_redline_259023733f,clean/docx/2bd5ae6064_file_13,with_comments_tracking/docx/836d7aa3c4_file_14,with_comments_tracking/docx/2bd5ae6064_file_13__vs__836d7aa3c4_file_14_redline_259023733f.docx,with_comments_tracking/pdf/2bd5ae6064_file_13__vs__836d7aa3c4_file_14_redline_259023733f.pdf,with_comments_tracking,259023733f,word_based_randomized
2bf4db734d_file_20__vs__080c4822ff_file_21_redline_70526d3324,clean/docx/2bf4db734d_file_20,clean/docx/080c4822ff_file_21,tracking_without_comments/docx/2bf4db734d_file_20__vs__080c4822ff_file_21_redline_70526d3324.docx,tracking_without_comments/pdf/2bf4db734d_file_20__vs__080c4822ff_file_21_redline_70526d3324.pdf,tracking_without_comments,70526d3324,word_based_randomized_0926
2bf4db734d_file_20__vs__080c4822ff_file_21_redline_98ebd05df6,clean/docx/2bf4db734d_file_20,clean/docx/080c4822ff_file_21,tracking_without_comments/docx/2bf4db734d_file_20__vs__080c4822ff_file_21_redline_98ebd05df6.docx,tracking_without_comments/pdf/2bf4db734d_file_20__vs__080c4822ff_file_21_redline_98ebd05df6.pdf,tracking_without_comments,98ebd05df6,word_based_randomized
2c0a2ac35f_double_spacing_bold_demo_id_paraid_overflow__vs__90cef57bac_eigenpal_docx_editor_suggesting_mixed_edits_redline_5d3a04d9a6,clean/docx/2c0a2ac35f_double_spacing_bold_demo_id_paraid_overflow,with_comments_tracking/docx/90cef57bac_eigenpal_docx_editor_suggesting_mixed_edits,with_comments_tracking/docx/2c0a2ac35f_double_spacing_bold_demo_id_paraid_overflow__vs__90cef57bac_eigenpal_docx_editor_suggesting_mixed_edits_redline_5d3a04d9a6.docx,with_comments_tracking/pdf/2c0a2ac35f_double_spacing_bold_demo_id_paraid_overflow__vs__90cef57bac_eigenpal_docx_editor_suggesting_mixed_edits_redline_5d3a04d9a6.pdf,with_comments_tracking,5d3a04d9a6,word_based_0926
2d9166078a_file_24__vs__cec0607d40_file_25_redline_f5345067bd,clean/docx/2d9166078a_file_24,clean/docx/cec0607d40_file_25,tracking_without_comments/docx/2d9166078a_file_24__vs__cec0607d40_file_25_redline_f5345067bd.docx,tracking_without_comments/pdf/2d9166078a_file_24__vs__cec0607d40_file_25_redline_f5345067bd.pdf,tracking_without_comments,f5345067bd,word_based_randomized_0926
2dc3e97d2a_super_editor__hyperlink_node_52b7695b__vs__d48e02b548_super_editor__google_docs_originated_comments_redline_58b3bd3cbc,clean/docx/2dc3e97d2a_super_editor__hyperlink_node_52b7695b,with_comments_tracking/docx/d48e02b548_super_editor__google_docs_originated_comments,with_comments_tracking/docx/2dc3e97d2a_super_editor__hyperlink_node_52b7695b__vs__d48e02b548_super_editor__google_docs_originated_comments_redline_58b3bd3cbc.docx,with_comments_tracking/pdf/2dc3e97d2a_super_editor__hyperlink_node_52b7695b__vs__d48e02b548_super_editor__google_docs_originated_comments_redline_58b3bd3cbc.pdf,with_comments_tracking,58b3bd3cbc,word_redlines_superdoc
30e84496e2_bullet_list_bold_demo_id_paraid_overflow__vs__9d3fa84f9f_bullet_list_demo_id_paraid_overflow_redline_086970eb1e,clean/docx/30e84496e2_bullet_list_bold_demo_id_paraid_overflow,clean/docx/9d3fa84f9f_bullet_list_demo_id_paraid_overflow,tracking_without_comments/docx/30e84496e2_bullet_list_bold_demo_id_paraid_overflow__vs__9d3fa84f9f_bullet_list_demo_id_paraid_overflow_redline_086970eb1e.docx,tracking_without_comments/pdf/30e84496e2_bullet_list_bold_demo_id_paraid_overflow__vs__9d3fa84f9f_bullet_list_demo_id_paraid_overflow_redline_086970eb1e.pdf,tracking_without_comments,086970eb1e,word_based_0926
316da9cc94_subscript_demo_id_paraid_overflow__vs__b39182a410_subscript_demo_style_default_missing_redline_349073146a,clean/docx/316da9cc94_subscript_demo_id_paraid_overflow,clean/docx/b39182a410_subscript_demo_style_default_missing,tracking_without_comments/docx/316da9cc94_subscript_demo_id_paraid_overflow__vs__b39182a410_subscript_demo_style_default_missing_redline_349073146a.docx,tracking_without_comments/pdf/316da9cc94_subscript_demo_id_paraid_overflow__vs__b39182a410_subscript_demo_style_default_missing_redline_349073146a.pdf,tracking_without_comments,349073146a,word_based
32328b55db_docx_lots_of_comments_addition_removal_redline_r__vs__d996bef4c8_docx_lots_of_comments_addition_removal_redline_redline_d23d9c8cc7,tracking_without_comments/docx/32328b55db_docx_lots_of_comments_addition_removal_redline_r,tracking_without_comments/docx/d996bef4c8_docx_lots_of_comments_addition_removal_redline,clean/docx/32328b55db_docx_lots_of_comments_addition_removal_redline_r__vs__d996bef4c8_docx_lots_of_comments_addition_removal_redline_redline_d23d9c8cc7.docx,clean/pdf/32328b55db_docx_lots_of_comments_addition_removal_redline_r__vs__d996bef4c8_docx_lots_of_comments_addition_removal_redline_redline_d23d9c8cc7.pdf,clean,d23d9c8cc7,nocomments
33e7d339be_font_color_demo_style_default_missing__vs__b4b7c76ecd_font_family_demo_id_paraid_overflow_redline_340dd11242,clean/docx/33e7d339be_font_color_demo_style_default_missing,clean/docx/b4b7c76ecd_font_family_demo_id_paraid_overflow,tracking_without_comments/docx/33e7d339be_font_color_demo_style_default_missing__vs__b4b7c76ecd_font_family_demo_id_paraid_overflow_redline_340dd11242.docx,tracking_without_comments/pdf/33e7d339be_font_color_demo_style_default_missing__vs__b4b7c76ecd_font_family_demo_id_paraid_overflow_redline_340dd11242.pdf,tracking_without_comments,340dd11242,word_based_0926
3413da1703_verdana_font_demo_id_paraid_overflow_2__vs__ac4b41aa8e_verdana_font_demo_id_paraid_overflow_redline_804039550d,with_comments_clean/docx/3413da1703_verdana_font_demo_id_paraid_overflow_2,clean/docx/ac4b41aa8e_verdana_font_demo_id_paraid_overflow,tracking_without_comments/docx/3413da1703_verdana_font_demo_id_paraid_overflow_2__vs__ac4b41aa8e_verdana_font_demo_id_paraid_overflow_redline_804039550d.docx,tracking_without_comments/pdf/3413da1703_verdana_font_demo_id_paraid_overflow_2__vs__ac4b41aa8e_verdana_font_demo_id_paraid_overflow_redline_804039550d.pdf,tracking_without_comments,804039550d,word_based;fixtures_word_compares
3413da1703_verdana_font_demo_id_paraid_overflow_2__vs__ac4b41aa8e_verdana_font_demo_id_paraid_overflow_redline_d5efaa5b6d,with_comments_clean/docx/3413da1703_verdana_font_demo_id_paraid_overflow_2,clean/docx/ac4b41aa8e_verdana_font_demo_id_paraid_overflow,with_comments_clean/docx/3413da1703_verdana_font_demo_id_paraid_overflow_2__vs__ac4b41aa8e_verdana_font_demo_id_paraid_overflow_redline_d5efaa5b6d.docx,with_comments_clean/pdf/3413da1703_verdana_font_demo_id_paraid_overflow_2__vs__ac4b41aa8e_verdana_font_demo_id_paraid_overflow_redline_d5efaa5b6d.pdf,with_comments_clean,d5efaa5b6d,word_based_0926
34ed7ebd0f_227afe23857a4ab9a224864c35859a646d77964f0091d286__vs__8540241422_1a8b2f10c75536052e991733f8d68e4e56ad2bac943b4fdf_redline_7ee9ae5c62,clean/docx/34ed7ebd0f_227afe23857a4ab9a224864c35859a646d77964f0091d286,clean/docx/8540241422_1a8b2f10c75536052e991733f8d68e4e56ad2bac943b4fdf,tracking_without_comments/docx/34ed7ebd0f_227afe23857a4ab9a224864c35859a646d77964f0091d286__vs__8540241422_1a8b2f10c75536052e991733f8d68e4e56ad2bac943b4fdf_redline_7ee9ae5c62.docx,tracking_without_comments/pdf/34ed7ebd0f_227afe23857a4ab9a224864c35859a646d77964f0091d286__vs__8540241422_1a8b2f10c75536052e991733f8d68e4e56ad2bac943b4fdf_redline_7ee9ae5c62.pdf,tracking_without_comments,7ee9ae5c62,redlines_en_500
3539cf2404_cli_legacy__replace_test_0a793f01__vs__3b639ef236_super_editor__sdpr_8cc15994_redline_5500b91636,with_comments_tracking/docx/3539cf2404_cli_legacy__replace_test_0a793f01,tracking_without_comments/docx/3b639ef236_super_editor__sdpr_8cc15994,with_comments_tracking/docx/3539cf2404_cli_legacy__replace_test_0a793f01__vs__3b639ef236_super_editor__sdpr_8cc15994_redline_5500b91636.docx,with_comments_tracking/pdf/3539cf2404_cli_legacy__replace_test_0a793f01__vs__3b639ef236_super_editor__sdpr_8cc15994_redline_5500b91636.pdf,with_comments_tracking,5500b91636,word_redlines_superdoc_0926
3539cf2404_cli_legacy__replace_test_0a793f01__vs__8df6dfa8d7_alternate_content_redline_ac5e632cd2,with_comments_tracking/docx/3539cf2404_cli_legacy__replace_test_0a793f01,clean/docx/8df6dfa8d7_alternate_content,with_comments_tracking/docx/3539cf2404_cli_legacy__replace_test_0a793f01__vs__8df6dfa8d7_alternate_content_redline_ac5e632cd2.docx,with_comments_tracking/pdf/3539cf2404_cli_legacy__replace_test_0a793f01__vs__8df6dfa8d7_alternate_content_redline_ac5e632cd2.pdf,with_comments_tracking,ac5e632cd2,word_redlines_superdoc
3539cf2404_cli_legacy__replace_test_0a793f01__vs__a21c45464c_super_editor__shape_group_ce60e1e6_redline_d6eb2a4115,with_comments_tracking/docx/3539cf2404_cli_legacy__replace_test_0a793f01,clean/docx/a21c45464c_super_editor__shape_group_ce60e1e6,with_comments_tracking/docx/3539cf2404_cli_legacy__replace_test_0a793f01__vs__a21c45464c_super_editor__shape_group_ce60e1e6_redline_d6eb2a4115.docx,with_comments_tracking/pdf/3539cf2404_cli_legacy__replace_test_0a793f01__vs__a21c45464c_super_editor__shape_group_ce60e1e6_redline_d6eb2a4115.pdf,with_comments_tracking,d6eb2a4115,word_redlines_superdoc
3539cf2404_cli_legacy__replace_test_0a793f01__vs__a21c45464c_super_editor__shape_group_ce60e1e6_redline_f596a121e7,with_comments_tracking/docx/3539cf2404_cli_legacy__replace_test_0a793f01,clean/docx/a21c45464c_super_editor__shape_group_ce60e1e6,with_comments_tracking/docx/3539cf2404_cli_legacy__replace_test_0a793f01__vs__a21c45464c_super_editor__shape_group_ce60e1e6_redline_f596a121e7.docx,with_comments_tracking/pdf/3539cf2404_cli_legacy__replace_test_0a793f01__vs__a21c45464c_super_editor__shape_group_ce60e1e6_redline_f596a121e7.pdf,with_comments_tracking,f596a121e7,word_redlines_superdoc_0926
3539cf2404_cli_legacy__replace_test_0a793f01__vs__bb35ae41ba_evals__comments_doc_79800b37_redline_eede96cbf6,with_comments_tracking/docx/3539cf2404_cli_legacy__replace_test_0a793f01,with_comments_clean/docx/bb35ae41ba_evals__comments_doc_79800b37,with_comments_tracking/docx/3539cf2404_cli_legacy__replace_test_0a793f01__vs__bb35ae41ba_evals__comments_doc_79800b37_redline_eede96cbf6.docx,with_comments_tracking/pdf/3539cf2404_cli_legacy__replace_test_0a793f01__vs__bb35ae41ba_evals__comments_doc_79800b37_redline_eede96cbf6.pdf,with_comments_tracking,eede96cbf6,word_redlines_superdoc_0926
356b7a3629_text_highlight_demo_style_default_missing__vs__c4ee483519_tiff_image_redline_6b82730fb0,clean/docx/356b7a3629_text_highlight_demo_style_default_missing,clean/docx/c4ee483519_tiff_image,tracking_without_comments/docx/356b7a3629_text_highlight_demo_style_default_missing__vs__c4ee483519_tiff_image_redline_6b82730fb0.docx,tracking_without_comments/pdf/356b7a3629_text_highlight_demo_style_default_missing__vs__c4ee483519_tiff_image_redline_6b82730fb0.pdf,tracking_without_comments,6b82730fb0,word_based_0926
35ce9aa3cc_00515f13495e5bf0867b319b035d4a83c7904b55056c38f8__vs__aa5340125d_00a4b0b91e9b5b072dc3771391c2d608518690eccf44eae8_redline_25a7bc54c6,clean/docx/35ce9aa3cc_00515f13495e5bf0867b319b035d4a83c7904b55056c38f8,clean/docx/aa5340125d_00a4b0b91e9b5b072dc3771391c2d608518690eccf44eae8,tracking_without_comments/docx/35ce9aa3cc_00515f13495e5bf0867b319b035d4a83c7904b55056c38f8__vs__aa5340125d_00a4b0b91e9b5b072dc3771391c2d608518690eccf44eae8_redline_25a7bc54c6.docx,tracking_without_comments/pdf/35ce9aa3cc_00515f13495e5bf0867b319b035d4a83c7904b55056c38f8__vs__aa5340125d_00a4b0b91e9b5b072dc3771391c2d608518690eccf44eae8_redline_25a7bc54c6.pdf,tracking_without_comments,25a7bc54c6,redlines_a100_b10
36fbd8c734_sales_report_january_2026_suggesting_insertions__vs__81158d928d_sample_document_afterword_repaired_word_repaired_redline_20eccb4f6a,tracking_without_comments/docx/36fbd8c734_sales_report_january_2026_suggesting_insertions,with_comments_tracking/docx/81158d928d_sample_document_afterword_repaired_word_repaired,with_comments_tracking/docx/36fbd8c734_sales_report_january_2026_suggesting_insertions__vs__81158d928d_sample_document_afterword_repaired_word_repaired_redline_20eccb4f6a.docx,with_comments_tracking/pdf/36fbd8c734_sales_report_january_2026_suggesting_insertions__vs__81158d928d_sample_document_afterword_repaired_word_repaired_redline_20eccb4f6a.pdf,with_comments_tracking,20eccb4f6a,word_based_0926
36fbd8c734_sales_report_january_2026_suggesting_insertions__vs__81158d928d_sample_document_afterword_repaired_word_repaired_redline_46247b70dc,tracking_without_comments/docx/36fbd8c734_sales_report_january_2026_suggesting_insertions,with_comments_tracking/docx/81158d928d_sample_document_afterword_repaired_word_repaired,with_comments_tracking/docx/36fbd8c734_sales_report_january_2026_suggesting_insertions__vs__81158d928d_sample_document_afterword_repaired_word_repaired_redline_46247b70dc.docx,with_comments_tracking/pdf/36fbd8c734_sales_report_january_2026_suggesting_insertions__vs__81158d928d_sample_document_afterword_repaired_word_repaired_redline_46247b70dc.pdf,with_comments_tracking,46247b70dc,word_based
36fbd8c734_sales_report_january_2026_suggesting_insertions__vs__81158d928d_sample_document_afterword_repaired_word_repaired_redline_8813a2b815,tracking_without_comments/docx/36fbd8c734_sales_report_january_2026_suggesting_insertions,with_comments_tracking/docx/81158d928d_sample_document_afterword_repaired_word_repaired,with_comments_tracking/docx/36fbd8c734_sales_report_january_2026_suggesting_insertions__vs__81158d928d_sample_document_afterword_repaired_word_repaired_redline_8813a2b815.docx,with_comments_tracking/pdf/36fbd8c734_sales_report_january_2026_suggesting_insertions__vs__81158d928d_sample_document_afterword_repaired_word_repaired_redline_8813a2b815.pdf,with_comments_tracking,8813a2b815,word_based;fixtures_word_compares;pdf_fill_0928
3755bf5762_0000a3a991f56b6660c630eb426231a3b4ec31e40313aab9__vs__2e04202552_000e3e7bd2d6215fc7b469cc3e296c1b2a510bc1abc7e0fd_redline_aae2a313fa,clean/docx/3755bf5762_0000a3a991f56b6660c630eb426231a3b4ec31e40313aab9,clean/docx/2e04202552_000e3e7bd2d6215fc7b469cc3e296c1b2a510bc1abc7e0fd,tracking_without_comments/docx/3755bf5762_0000a3a991f56b6660c630eb426231a3b4ec31e40313aab9__vs__2e04202552_000e3e7bd2d6215fc7b469cc3e296c1b2a510bc1abc7e0fd_redline_aae2a313fa.docx,tracking_without_comments/pdf/3755bf5762_0000a3a991f56b6660c630eb426231a3b4ec31e40313aab9__vs__2e04202552_000e3e7bd2d6215fc7b469cc3e296c1b2a510bc1abc7e0fd_redline_aae2a313fa.pdf,tracking_without_comments,aae2a313fa,redlines_a100_b10
3755bf5762_0000a3a991f56b6660c630eb426231a3b4ec31e40313aab9__vs__bd3824dd1e_000ee64ef7226d353297888f59a251e24ce5d776fea000fa_redline_8707a2c3e0,clean/docx/3755bf5762_0000a3a991f56b6660c630eb426231a3b4ec31e40313aab9,clean/docx/bd3824dd1e_000ee64ef7226d353297888f59a251e24ce5d776fea000fa,tracking_without_comments/docx/3755bf5762_0000a3a991f56b6660c630eb426231a3b4ec31e40313aab9__vs__bd3824dd1e_000ee64ef7226d353297888f59a251e24ce5d776fea000fa_redline_8707a2c3e0.docx,tracking_without_comments/pdf/3755bf5762_0000a3a991f56b6660c630eb426231a3b4ec31e40313aab9__vs__bd3824dd1e_000ee64ef7226d353297888f59a251e24ce5d776fea000fa_redline_8707a2c3e0.pdf,tracking_without_comments,8707a2c3e0,redlines_a100_b10
37ce636fd7_tiff_image__vs__d48eb7902f_times_new_roman_bold_id_paraid_overflow_redline_3343d6352b,clean/docx/37ce636fd7_tiff_image,clean/docx/d48eb7902f_times_new_roman_bold_id_paraid_overflow,tracking_without_comments/docx/37ce636fd7_tiff_image__vs__d48eb7902f_times_new_roman_bold_id_paraid_overflow_redline_3343d6352b.docx,tracking_without_comments/pdf/37ce636fd7_tiff_image__vs__d48eb7902f_times_new_roman_bold_id_paraid_overflow_redline_3343d6352b.pdf,tracking_without_comments,3343d6352b,nocomments
382497a0a8_super_editor__python_docx_comment_test_501f21cb__vs__3d8acd6139_super_editor__restart_numbering_sub_list_85ddcb7_redline_43aedaf43e,with_comments_clean/docx/382497a0a8_super_editor__python_docx_comment_test_501f21cb,clean/docx/3d8acd6139_super_editor__restart_numbering_sub_list_85ddcb7,with_comments_tracking/docx/382497a0a8_super_editor__python_docx_comment_test_501f21cb__vs__3d8acd6139_super_editor__restart_numbering_sub_list_85ddcb7_redline_43aedaf43e.docx,with_comments_tracking/pdf/382497a0a8_super_editor__python_docx_comment_test_501f21cb__vs__3d8acd6139_super_editor__restart_numbering_sub_list_85ddcb7_redline_43aedaf43e.pdf,with_comments_tracking,43aedaf43e,word_redlines_superdoc_0926
38694026fb_0003b3ae2b115676d918e72f694790ddb64563721bb4a48d__vs__deff0e697a_00b5defcad6e58038eac35472a2d48c89905068e5ece0cc3_redline_e3cc1c7993,clean/docx/38694026fb_0003b3ae2b115676d918e72f694790ddb64563721bb4a48d,clean/docx/deff0e697a_00b5defcad6e58038eac35472a2d48c89905068e5ece0cc3,tracking_without_comments/docx/38694026fb_0003b3ae2b115676d918e72f694790ddb64563721bb4a48d__vs__deff0e697a_00b5defcad6e58038eac35472a2d48c89905068e5ece0cc3_redline_e3cc1c7993.docx,tracking_without_comments/pdf/38694026fb_0003b3ae2b115676d918e72f694790ddb64563721bb4a48d__vs__deff0e697a_00b5defcad6e58038eac35472a2d48c89905068e5ece0cc3_redline_e3cc1c7993.pdf,tracking_without_comments,e3cc1c7993,redlines_a100_b10
3acaee795f_red_strikethrough_demo_style_default_missing__vs__70fd78a4f8_redline_cicerodo_v_plate_30_redline_1dbbf3be63,clean/docx/3acaee795f_red_strikethrough_demo_style_default_missing,with_comments_tracking/docx/70fd78a4f8_redline_cicerodo_v_plate_30,with_comments_tracking/docx/3acaee795f_red_strikethrough_demo_style_default_missing__vs__70fd78a4f8_redline_cicerodo_v_plate_30_redline_1dbbf3be63.docx,with_comments_tracking/pdf/3acaee795f_red_strikethrough_demo_style_default_missing__vs__70fd78a4f8_redline_cicerodo_v_plate_30_redline_1dbbf3be63.pdf,with_comments_tracking,1dbbf3be63,word_based_0926
3acaee795f_red_strikethrough_demo_style_default_missing__vs__70fd78a4f8_redline_cicerodo_v_plate_30_redline_b2334f8c1c,clean/docx/3acaee795f_red_strikethrough_demo_style_default_missing,with_comments_tracking/docx/70fd78a4f8_redline_cicerodo_v_plate_30,with_comments_tracking/docx/3acaee795f_red_strikethrough_demo_style_default_missing__vs__70fd78a4f8_redline_cicerodo_v_plate_30_redline_b2334f8c1c.docx,with_comments_tracking/pdf/3acaee795f_red_strikethrough_demo_style_default_missing__vs__70fd78a4f8_redline_cicerodo_v_plate_30_redline_b2334f8c1c.pdf,with_comments_tracking,b2334f8c1c,word_based;fixtures_word_compares
3ad856ac79_file_39__vs__03c2173f9b_file_40_redline_1a5a8a93b8,clean/docx/3ad856ac79_file_39,clean/docx/03c2173f9b_file_40,tracking_without_comments/docx/3ad856ac79_file_39__vs__03c2173f9b_file_40_redline_1a5a8a93b8.docx,tracking_without_comments/pdf/3ad856ac79_file_39__vs__03c2173f9b_file_40_redline_1a5a8a93b8.pdf,tracking_without_comments,1a5a8a93b8,nocomments_randomized
3b639ef236_super_editor__sdpr_8cc15994__vs__52dab5bc1c_super_editor__sdt_node_comment_ec887683_redline_61a3912d74,tracking_without_comments/docx/3b639ef236_super_editor__sdpr_8cc15994,with_comments_clean/docx/52dab5bc1c_super_editor__sdt_node_comment_ec887683,with_comments_tracking/docx/3b639ef236_super_editor__sdpr_8cc15994__vs__52dab5bc1c_super_editor__sdt_node_comment_ec887683_redline_61a3912d74.docx,with_comments_tracking/pdf/3b639ef236_super_editor__sdpr_8cc15994__vs__52dab5bc1c_super_editor__sdt_node_comment_ec887683_redline_61a3912d74.pdf,with_comments_tracking,61a3912d74,word_redlines_superdoc
3b639ef236_super_editor__sdpr_8cc15994__vs__52dab5bc1c_super_editor__sdt_node_comment_ec887683_redline_95072bfcd6,tracking_without_comments/docx/3b639ef236_super_editor__sdpr_8cc15994,with_comments_clean/docx/52dab5bc1c_super_editor__sdt_node_comment_ec887683,with_comments_tracking/docx/3b639ef236_super_editor__sdpr_8cc15994__vs__52dab5bc1c_super_editor__sdt_node_comment_ec887683_redline_95072bfcd6.docx,with_comments_tracking/pdf/3b639ef236_super_editor__sdpr_8cc15994__vs__52dab5bc1c_super_editor__sdt_node_comment_ec887683_redline_95072bfcd6.pdf,with_comments_tracking,95072bfcd6,word_redlines_superdoc_0926
3cf3093270_super_editor__diff_after7_b998213e__vs__735c372b41_super_editor__diff_after8_58e5c288_redline_3cddbcb812,clean/docx/3cf3093270_super_editor__diff_after7_b998213e,with_comments_tracking/docx/735c372b41_super_editor__diff_after8_58e5c288,with_comments_tracking/docx/3cf3093270_super_editor__diff_after7_b998213e__vs__735c372b41_super_editor__diff_after8_58e5c288_redline_3cddbcb812.docx,with_comments_tracking/pdf/3cf3093270_super_editor__diff_after7_b998213e__vs__735c372b41_super_editor__diff_after8_58e5c288_redline_3cddbcb812.pdf,with_comments_tracking,3cddbcb812,word_redlines_superdoc
3cf3093270_super_editor__diff_after7_b998213e__vs__735c372b41_super_editor__diff_after8_58e5c288_redline_f6c84129e6,clean/docx/3cf3093270_super_editor__diff_after7_b998213e,with_comments_tracking/docx/735c372b41_super_editor__diff_after8_58e5c288,with_comments_tracking/docx/3cf3093270_super_editor__diff_after7_b998213e__vs__735c372b41_super_editor__diff_after8_58e5c288_redline_f6c84129e6.docx,with_comments_tracking/pdf/3cf3093270_super_editor__diff_after7_b998213e__vs__735c372b41_super_editor__diff_after8_58e5c288_redline_f6c84129e6.pdf,with_comments_tracking,f6c84129e6,word_redlines_superdoc_0926
3d495db791_file_95__vs__c6ce4423f8_file_96_redline_a4c9622fa7,clean/docx/3d495db791_file_95,clean/docx/c6ce4423f8_file_96,tracking_without_comments/docx/3d495db791_file_95__vs__c6ce4423f8_file_96_redline_a4c9622fa7.docx,tracking_without_comments/pdf/3d495db791_file_95__vs__c6ce4423f8_file_96_redline_a4c9622fa7.pdf,tracking_without_comments,a4c9622fa7,nocomments_randomized
3e43d24c46_clear_formatting_demo_id_paraid_overflow__vs__0cf73436ac_contract_review_suggesting_insertions_redline_35a8be94f9,clean/docx/3e43d24c46_clear_formatting_demo_id_paraid_overflow,tracking_without_comments/docx/0cf73436ac_contract_review_suggesting_insertions,tracking_without_comments/docx/3e43d24c46_clear_formatting_demo_id_paraid_overflow__vs__0cf73436ac_contract_review_suggesting_insertions_redline_35a8be94f9.docx,tracking_without_comments/pdf/3e43d24c46_clear_formatting_demo_id_paraid_overflow__vs__0cf73436ac_contract_review_suggesting_insertions_redline_35a8be94f9.pdf,tracking_without_comments,35a8be94f9,word_based
3e43d24c46_clear_formatting_demo_id_paraid_overflow__vs__adc9f524d1_comments_redline_d484b575c0,clean/docx/3e43d24c46_clear_formatting_demo_id_paraid_overflow,with_comments_clean/docx/adc9f524d1_comments,with_comments_tracking/docx/3e43d24c46_clear_formatting_demo_id_paraid_overflow__vs__adc9f524d1_comments_redline_d484b575c0.docx,with_comments_tracking/pdf/3e43d24c46_clear_formatting_demo_id_paraid_overflow__vs__adc9f524d1_comments_redline_d484b575c0.pdf,with_comments_tracking,d484b575c0,word_based;fixtures_word_compares
3e43d24c46_clear_formatting_demo_id_paraid_overflow__vs__adc9f524d1_comments_redline_f88615e5c5,clean/docx/3e43d24c46_clear_formatting_demo_id_paraid_overflow,with_comments_clean/docx/adc9f524d1_comments,with_comments_tracking/docx/3e43d24c46_clear_formatting_demo_id_paraid_overflow__vs__adc9f524d1_comments_redline_f88615e5c5.docx,with_comments_tracking/pdf/3e43d24c46_clear_formatting_demo_id_paraid_overflow__vs__adc9f524d1_comments_redline_f88615e5c5.pdf,with_comments_tracking,f88615e5c5,word_based_0926
3ee2d0ceda_00026ef6a227eca724d9cd35f12e3065557a9ef0dc7ee295__vs__5203829c7a_001cc92b88566d5f930fe57f25813c0bf52a7bdc72c217d0_redline_42a3eff631,clean/docx/3ee2d0ceda_00026ef6a227eca724d9cd35f12e3065557a9ef0dc7ee295,clean/docx/5203829c7a_001cc92b88566d5f930fe57f25813c0bf52a7bdc72c217d0,tracking_without_comments/docx/3ee2d0ceda_00026ef6a227eca724d9cd35f12e3065557a9ef0dc7ee295__vs__5203829c7a_001cc92b88566d5f930fe57f25813c0bf52a7bdc72c217d0_redline_42a3eff631.docx,tracking_without_comments/pdf/3ee2d0ceda_00026ef6a227eca724d9cd35f12e3065557a9ef0dc7ee295__vs__5203829c7a_001cc92b88566d5f930fe57f25813c0bf52a7bdc72c217d0_redline_42a3eff631.pdf,tracking_without_comments,42a3eff631,redlines_a100_b10
3f91c8f0cd_file_9__vs__e3d833aef0_file_10_redline_581907f19c,with_comments_tracking/docx/3f91c8f0cd_file_9,clean/docx/e3d833aef0_file_10,with_comments_tracking/docx/3f91c8f0cd_file_9__vs__e3d833aef0_file_10_redline_581907f19c.docx,with_comments_tracking/pdf/3f91c8f0cd_file_9__vs__e3d833aef0_file_10_redline_581907f19c.pdf,with_comments_tracking,581907f19c,word_based_randomized
3faf9e000d_super_editor__text_color_highlight_36cb4c90__vs__9f6091a4ac_super_editor__threaded_comment_27bda0ba_redline_64e3ba9c22,clean/docx/3faf9e000d_super_editor__text_color_highlight_36cb4c90,with_comments_clean/docx/9f6091a4ac_super_editor__threaded_comment_27bda0ba,with_comments_tracking/docx/3faf9e000d_super_editor__text_color_highlight_36cb4c90__vs__9f6091a4ac_super_editor__threaded_comment_27bda0ba_redline_64e3ba9c22.docx,with_comments_tracking/pdf/3faf9e000d_super_editor__text_color_highlight_36cb4c90__vs__9f6091a4ac_super_editor__threaded_comment_27bda0ba_redline_64e3ba9c22.pdf,with_comments_tracking,64e3ba9c22,word_redlines_superdoc_0926
3faf9e000d_super_editor__text_color_highlight_36cb4c90__vs__9f6091a4ac_super_editor__threaded_comment_27bda0ba_redline_85d3cc0cfe,clean/docx/3faf9e000d_super_editor__text_color_highlight_36cb4c90,with_comments_clean/docx/9f6091a4ac_super_editor__threaded_comment_27bda0ba,with_comments_tracking/docx/3faf9e000d_super_editor__text_color_highlight_36cb4c90__vs__9f6091a4ac_super_editor__threaded_comment_27bda0ba_redline_85d3cc0cfe.docx,with_comments_tracking/pdf/3faf9e000d_super_editor__text_color_highlight_36cb4c90__vs__9f6091a4ac_super_editor__threaded_comment_27bda0ba_redline_85d3cc0cfe.pdf,with_comments_tracking,85d3cc0cfe,word_redlines_superdoc
3fcadf4761_docx_lots_of_comments_addition_removal_redline__vs__24ad1aa6e5_docx_lots_of_comments_addition_removal_redline_30f20e787b,with_comments_tracking/docx/3fcadf4761_docx_lots_of_comments_addition_removal_redline,with_comments_tracking/docx/24ad1aa6e5_docx_lots_of_comments_addition_removal,with_comments_tracking/docx/3fcadf4761_docx_lots_of_comments_addition_removal_redline__vs__24ad1aa6e5_docx_lots_of_comments_addition_removal_redline_30f20e787b.docx,with_comments_tracking/pdf/3fcadf4761_docx_lots_of_comments_addition_removal_redline__vs__24ad1aa6e5_docx_lots_of_comments_addition_removal_redline_30f20e787b.pdf,with_comments_tracking,30f20e787b,word_based_0926
3fcadf4761_docx_lots_of_comments_addition_removal_redline__vs__24ad1aa6e5_docx_lots_of_comments_addition_removal_redline_48b006f032,with_comments_tracking/docx/3fcadf4761_docx_lots_of_comments_addition_removal_redline,with_comments_tracking/docx/24ad1aa6e5_docx_lots_of_comments_addition_removal,with_comments_tracking/docx/3fcadf4761_docx_lots_of_comments_addition_removal_redline__vs__24ad1aa6e5_docx_lots_of_comments_addition_removal_redline_48b006f032.docx,with_comments_tracking/pdf/3fcadf4761_docx_lots_of_comments_addition_removal_redline__vs__24ad1aa6e5_docx_lots_of_comments_addition_removal_redline_48b006f032.pdf,with_comments_tracking,48b006f032,word_based
420a528aa0_super_editor__instrtext_angled_brackets_bug_ed56__vs__501bf3d47b_super_editor__table_merged_cells_9c349334_redline_bc49514ad1,clean/docx/420a528aa0_super_editor__instrtext_angled_brackets_bug_ed56,clean/docx/501bf3d47b_super_editor__table_merged_cells_9c349334,tracking_without_comments/docx/420a528aa0_super_editor__instrtext_angled_brackets_bug_ed56__vs__501bf3d47b_super_editor__table_merged_cells_9c349334_redline_bc49514ad1.docx,tracking_without_comments/pdf/420a528aa0_super_editor__instrtext_angled_brackets_bug_ed56__vs__501bf3d47b_super_editor__table_merged_cells_9c349334_redline_bc49514ad1.pdf,tracking_without_comments,bc49514ad1,word_redlines_superdoc_0926
42d59beb40_super_editor__diff_after10_ac257741__vs__a0e6a09304_super_editor__diff_after11_1d5b767f_redline_1c89a9e553,clean/docx/42d59beb40_super_editor__diff_after10_ac257741,with_comments_tracking/docx/a0e6a09304_super_editor__diff_after11_1d5b767f,with_comments_tracking/docx/42d59beb40_super_editor__diff_after10_ac257741__vs__a0e6a09304_super_editor__diff_after11_1d5b767f_redline_1c89a9e553.docx,with_comments_tracking/pdf/42d59beb40_super_editor__diff_after10_ac257741__vs__a0e6a09304_super_editor__diff_after11_1d5b767f_redline_1c89a9e553.pdf,with_comments_tracking,1c89a9e553,word_redlines_superdoc
42d59beb40_super_editor__diff_after10_ac257741__vs__a0e6a09304_super_editor__diff_after11_1d5b767f_redline_822678fea0,clean/docx/42d59beb40_super_editor__diff_after10_ac257741,with_comments_tracking/docx/a0e6a09304_super_editor__diff_after11_1d5b767f,with_comments_tracking/docx/42d59beb40_super_editor__diff_after10_ac257741__vs__a0e6a09304_super_editor__diff_after11_1d5b767f_redline_822678fea0.docx,with_comments_tracking/pdf/42d59beb40_super_editor__diff_after10_ac257741__vs__a0e6a09304_super_editor__diff_after11_1d5b767f_redline_822678fea0.pdf,with_comments_tracking,822678fea0,word_redlines_superdoc_0926
4304570867_file_69__vs__af2bb3fa96_file_70_redline_3dac82f40a,with_comments_tracking/docx/4304570867_file_69,clean/docx/af2bb3fa96_file_70,with_comments_tracking/docx/4304570867_file_69__vs__af2bb3fa96_file_70_redline_3dac82f40a.docx,with_comments_tracking/pdf/4304570867_file_69__vs__af2bb3fa96_file_70_redline_3dac82f40a.pdf,with_comments_tracking,3dac82f40a,word_based_randomized
4304570867_file_69__vs__af2bb3fa96_file_70_redline_ac6cd8d92f,with_comments_tracking/docx/4304570867_file_69,clean/docx/af2bb3fa96_file_70,with_comments_tracking/docx/4304570867_file_69__vs__af2bb3fa96_file_70_redline_ac6cd8d92f.docx,with_comments_tracking/pdf/4304570867_file_69__vs__af2bb3fa96_file_70_redline_ac6cd8d92f.pdf,with_comments_tracking,ac6cd8d92f,word_based_randomized_0926
43dd6753e6_super_editor__diff_before7_5bad2542__vs__e70f1134dd_super_editor__diff_before8_ba5faa9e_redline_ded976e5e2,clean/docx/43dd6753e6_super_editor__diff_before7_5bad2542,with_comments_clean/docx/e70f1134dd_super_editor__diff_before8_ba5faa9e,with_comments_tracking/docx/43dd6753e6_super_editor__diff_before7_5bad2542__vs__e70f1134dd_super_editor__diff_before8_ba5faa9e_redline_ded976e5e2.docx,with_comments_tracking/pdf/43dd6753e6_super_editor__diff_before7_5bad2542__vs__e70f1134dd_super_editor__diff_before8_ba5faa9e_redline_ded976e5e2.pdf,with_comments_tracking,ded976e5e2,word_redlines_superdoc
43e406f9f5_blue_underline_combo_demo_id_paraid_overflow__vs__6cf4f06ce1_bold_and_italic_combo_style_default_missing_redline_69d42b2a47,clean/docx/43e406f9f5_blue_underline_combo_demo_id_paraid_overflow,clean/docx/6cf4f06ce1_bold_and_italic_combo_style_default_missing,tracking_without_comments/docx/43e406f9f5_blue_underline_combo_demo_id_paraid_overflow__vs__6cf4f06ce1_bold_and_italic_combo_style_default_missing_redline_69d42b2a47.docx,tracking_without_comments/pdf/43e406f9f5_blue_underline_combo_demo_id_paraid_overflow__vs__6cf4f06ce1_bold_and_italic_combo_style_default_missing_redline_69d42b2a47.pdf,tracking_without_comments,69d42b2a47,nocomments
4492bbb1f8_file_172__vs__838af02d11_file_173_redline_485b916ef9,clean/docx/4492bbb1f8_file_172,with_comments_clean/docx/838af02d11_file_173,with_comments_tracking/docx/4492bbb1f8_file_172__vs__838af02d11_file_173_redline_485b916ef9.docx,with_comments_tracking/pdf/4492bbb1f8_file_172__vs__838af02d11_file_173_redline_485b916ef9.pdf,with_comments_tracking,485b916ef9,word_based_randomized_0926
4492bbb1f8_file_172__vs__838af02d11_file_173_redline_ffcb9d33c5,clean/docx/4492bbb1f8_file_172,with_comments_clean/docx/838af02d11_file_173,with_comments_tracking/docx/4492bbb1f8_file_172__vs__838af02d11_file_173_redline_ffcb9d33c5.docx,with_comments_tracking/pdf/4492bbb1f8_file_172__vs__838af02d11_file_173_redline_ffcb9d33c5.pdf,with_comments_tracking,ffcb9d33c5,word_based_randomized
45e6f5a2e1_00077bf334f45f6bc64fb5b73e579587002b3ccb55de03f8__vs__a5f2b9318d_002aa60c2ae1187417b4b157c5ec6450324cc056ec551a12_redline_dbf06e1ebf,clean/docx/45e6f5a2e1_00077bf334f45f6bc64fb5b73e579587002b3ccb55de03f8,clean/docx/a5f2b9318d_002aa60c2ae1187417b4b157c5ec6450324cc056ec551a12,tracking_without_comments/docx/45e6f5a2e1_00077bf334f45f6bc64fb5b73e579587002b3ccb55de03f8__vs__a5f2b9318d_002aa60c2ae1187417b4b157c5ec6450324cc056ec551a12_redline_dbf06e1ebf.docx,tracking_without_comments/pdf/45e6f5a2e1_00077bf334f45f6bc64fb5b73e579587002b3ccb55de03f8__vs__a5f2b9318d_002aa60c2ae1187417b4b157c5ec6450324cc056ec551a12_redline_dbf06e1ebf.pdf,tracking_without_comments,dbf06e1ebf,redlines_a100_b10
468d82c575_c690df8dcf29bb8af8646ae10768e3ca46e8a9ef5b586428__vs__3a5ed45f0d_3d76420524fd4852ab017e1d57f215e37281e965b3f38b31_redline_bbc3223232,with_comments_tracking/docx/468d82c575_c690df8dcf29bb8af8646ae10768e3ca46e8a9ef5b586428,clean/docx/3a5ed45f0d_3d76420524fd4852ab017e1d57f215e37281e965b3f38b31,with_comments_tracking/docx/468d82c575_c690df8dcf29bb8af8646ae10768e3ca46e8a9ef5b586428__vs__3a5ed45f0d_3d76420524fd4852ab017e1d57f215e37281e965b3f38b31_redline_bbc3223232.docx,with_comments_tracking/pdf/468d82c575_c690df8dcf29bb8af8646ae10768e3ca46e8a9ef5b586428__vs__3a5ed45f0d_3d76420524fd4852ab017e1d57f215e37281e965b3f38b31_redline_bbc3223232.pdf,with_comments_tracking,bbc3223232,redlines_en_500
48cd1e0a53_bold_and_italic_combo_style_default_missing__vs__187c1cd53e_bold_and_underline_combo_id_paraid_overflow_redline_c4e9d43965,clean/docx/48cd1e0a53_bold_and_italic_combo_style_default_missing,clean/docx/187c1cd53e_bold_and_underline_combo_id_paraid_overflow,tracking_without_comments/docx/48cd1e0a53_bold_and_italic_combo_style_default_missing__vs__187c1cd53e_bold_and_underline_combo_id_paraid_overflow_redline_c4e9d43965.docx,tracking_without_comments/pdf/48cd1e0a53_bold_and_italic_combo_style_default_missing__vs__187c1cd53e_bold_and_underline_combo_id_paraid_overflow_redline_c4e9d43965.pdf,tracking_without_comments,c4e9d43965,word_based
49ea29382c_487c8ccdd0615414a847a9a6e66d26233de016c93a0cac0a__vs__baed832328_142b3c1f29abaa279fa981caccfef5fa9e1136c2c29b165c_redline_c3e69fcfe2,clean/docx/49ea29382c_487c8ccdd0615414a847a9a6e66d26233de016c93a0cac0a,clean/docx/baed832328_142b3c1f29abaa279fa981caccfef5fa9e1136c2c29b165c,tracking_without_comments/docx/49ea29382c_487c8ccdd0615414a847a9a6e66d26233de016c93a0cac0a__vs__baed832328_142b3c1f29abaa279fa981caccfef5fa9e1136c2c29b165c_redline_c3e69fcfe2.docx,tracking_without_comments/pdf/49ea29382c_487c8ccdd0615414a847a9a6e66d26233de016c93a0cac0a__vs__baed832328_142b3c1f29abaa279fa981caccfef5fa9e1136c2c29b165c_redline_c3e69fcfe2.pdf,tracking_without_comments,c3e69fcfe2,redlines_en_500
4ade5f9207_009df71a7ecb41f9da0135915e2e4d68176e296ff69c9af0__vs__bd3824dd1e_000ee64ef7226d353297888f59a251e24ce5d776fea000fa_redline_599789f1d9,clean/docx/4ade5f9207_009df71a7ecb41f9da0135915e2e4d68176e296ff69c9af0,clean/docx/bd3824dd1e_000ee64ef7226d353297888f59a251e24ce5d776fea000fa,tracking_without_comments/docx/4ade5f9207_009df71a7ecb41f9da0135915e2e4d68176e296ff69c9af0__vs__bd3824dd1e_000ee64ef7226d353297888f59a251e24ce5d776fea000fa_redline_599789f1d9.docx,tracking_without_comments/pdf/4ade5f9207_009df71a7ecb41f9da0135915e2e4d68176e296ff69c9af0__vs__bd3824dd1e_000ee64ef7226d353297888f59a251e24ce5d776fea000fa_redline_599789f1d9.pdf,tracking_without_comments,599789f1d9,redlines_a100_b10
4ba01802a7_super_editor__diff_after_10f1912e__vs__98bc895b4b_super_editor__listwithspacernodes_cf53e890_redline_1a9607929b,clean/docx/4ba01802a7_super_editor__diff_after_10f1912e,clean/docx/98bc895b4b_super_editor__listwithspacernodes_cf53e890,tracking_without_comments/docx/4ba01802a7_super_editor__diff_after_10f1912e__vs__98bc895b4b_super_editor__listwithspacernodes_cf53e890_redline_1a9607929b.docx,tracking_without_comments/pdf/4ba01802a7_super_editor__diff_after_10f1912e__vs__98bc895b4b_super_editor__listwithspacernodes_cf53e890_redline_1a9607929b.pdf,tracking_without_comments,1a9607929b,word_redlines_superdoc_0926
4c4f8515c5_title_style_centered_demo_id_paraid_overflow__vs__f8f9857e80_title_style_demo_id_paraid_overflow_redline_3bb3312335,clean/docx/4c4f8515c5_title_style_centered_demo_id_paraid_overflow,clean/docx/f8f9857e80_title_style_demo_id_paraid_overflow,tracking_without_comments/docx/4c4f8515c5_title_style_centered_demo_id_paraid_overflow__vs__f8f9857e80_title_style_demo_id_paraid_overflow_redline_3bb3312335.docx,tracking_without_comments/pdf/4c4f8515c5_title_style_centered_demo_id_paraid_overflow__vs__f8f9857e80_title_style_demo_id_paraid_overflow_redline_3bb3312335.pdf,tracking_without_comments,3bb3312335,fixtures_word_compares;pdf_fill_0928
4db02133f5_0007ed60dbbc648e714534360ae72dd054c8322b82ac5609__vs__aa5340125d_00a4b0b91e9b5b072dc3771391c2d608518690eccf44eae8_redline_1b3a0d0494,clean/docx/4db02133f5_0007ed60dbbc648e714534360ae72dd054c8322b82ac5609,clean/docx/aa5340125d_00a4b0b91e9b5b072dc3771391c2d608518690eccf44eae8,tracking_without_comments/docx/4db02133f5_0007ed60dbbc648e714534360ae72dd054c8322b82ac5609__vs__aa5340125d_00a4b0b91e9b5b072dc3771391c2d608518690eccf44eae8_redline_1b3a0d0494.docx,tracking_without_comments/pdf/4db02133f5_0007ed60dbbc648e714534360ae72dd054c8322b82ac5609__vs__aa5340125d_00a4b0b91e9b5b072dc3771391c2d608518690eccf44eae8_redline_1b3a0d0494.pdf,tracking_without_comments,1b3a0d0494,redlines_a100_b10
4dff3f0ab2_heading_1_bold_demo_id_paraid_overflow__vs__045a9b188d_heading_1_style_demo_id_paraid_overflow_redline_c31d6dc680,clean/docx/4dff3f0ab2_heading_1_bold_demo_id_paraid_overflow,clean/docx/045a9b188d_heading_1_style_demo_id_paraid_overflow,tracking_without_comments/docx/4dff3f0ab2_heading_1_bold_demo_id_paraid_overflow__vs__045a9b188d_heading_1_style_demo_id_paraid_overflow_redline_c31d6dc680.docx,tracking_without_comments/pdf/4dff3f0ab2_heading_1_bold_demo_id_paraid_overflow__vs__045a9b188d_heading_1_style_demo_id_paraid_overflow_redline_c31d6dc680.pdf,tracking_without_comments,c31d6dc680,word_based
4ed1b6d133_0020e4099d611a050ed83fb7e0b16d6f48200018bbb1e757__vs__a5f2b9318d_002aa60c2ae1187417b4b157c5ec6450324cc056ec551a12_redline_e87c7d62ef,clean/docx/4ed1b6d133_0020e4099d611a050ed83fb7e0b16d6f48200018bbb1e757,clean/docx/a5f2b9318d_002aa60c2ae1187417b4b157c5ec6450324cc056ec551a12,tracking_without_comments/docx/4ed1b6d133_0020e4099d611a050ed83fb7e0b16d6f48200018bbb1e757__vs__a5f2b9318d_002aa60c2ae1187417b4b157c5ec6450324cc056ec551a12_redline_e87c7d62ef.docx,tracking_without_comments/pdf/4ed1b6d133_0020e4099d611a050ed83fb7e0b16d6f48200018bbb1e757__vs__a5f2b9318d_002aa60c2ae1187417b4b157c5ec6450324cc056ec551a12_redline_e87c7d62ef.pdf,tracking_without_comments,e87c7d62ef,redlines_a100_b10
4ed1b6d133_0020e4099d611a050ed83fb7e0b16d6f48200018bbb1e757__vs__deff0e697a_00b5defcad6e58038eac35472a2d48c89905068e5ece0cc3_redline_5528a0da48,clean/docx/4ed1b6d133_0020e4099d611a050ed83fb7e0b16d6f48200018bbb1e757,clean/docx/deff0e697a_00b5defcad6e58038eac35472a2d48c89905068e5ece0cc3,tracking_without_comments/docx/4ed1b6d133_0020e4099d611a050ed83fb7e0b16d6f48200018bbb1e757__vs__deff0e697a_00b5defcad6e58038eac35472a2d48c89905068e5ece0cc3_redline_5528a0da48.docx,tracking_without_comments/pdf/4ed1b6d133_0020e4099d611a050ed83fb7e0b16d6f48200018bbb1e757__vs__deff0e697a_00b5defcad6e58038eac35472a2d48c89905068e5ece0cc3_redline_5528a0da48.pdf,tracking_without_comments,5528a0da48,redlines_a100_b10
4f0a3847e3_verdana_italic_centered_demo_id_paraid_overflow__vs__eb2f3c86b5_vfdsdfcacawesd_suggesting_mixed_edits_redline_5af67335fe,clean/docx/4f0a3847e3_verdana_italic_centered_demo_id_paraid_overflow,with_comments_tracking/docx/eb2f3c86b5_vfdsdfcacawesd_suggesting_mixed_edits,with_comments_tracking/docx/4f0a3847e3_verdana_italic_centered_demo_id_paraid_overflow__vs__eb2f3c86b5_vfdsdfcacawesd_suggesting_mixed_edits_redline_5af67335fe.docx,with_comments_tracking/pdf/4f0a3847e3_verdana_italic_centered_demo_id_paraid_overflow__vs__eb2f3c86b5_vfdsdfcacawesd_suggesting_mixed_edits_redline_5af67335fe.pdf,with_comments_tracking,5af67335fe,word_based;fixtures_word_compares
4f0a3847e3_verdana_italic_centered_demo_id_paraid_overflow__vs__eb2f3c86b5_vfdsdfcacawesd_suggesting_mixed_edits_redline_a202881c62,clean/docx/4f0a3847e3_verdana_italic_centered_demo_id_paraid_overflow,with_comments_tracking/docx/eb2f3c86b5_vfdsdfcacawesd_suggesting_mixed_edits,with_comments_tracking/docx/4f0a3847e3_verdana_italic_centered_demo_id_paraid_overflow__vs__eb2f3c86b5_vfdsdfcacawesd_suggesting_mixed_edits_redline_a202881c62.docx,with_comments_tracking/pdf/4f0a3847e3_verdana_italic_centered_demo_id_paraid_overflow__vs__eb2f3c86b5_vfdsdfcacawesd_suggesting_mixed_edits_redline_a202881c62.pdf,with_comments_tracking,a202881c62,word_based_0926
4f1b13334b_0002768ad2e3174d9c557d30d4a7a8d70ae4062e52383747__vs__5203829c7a_001cc92b88566d5f930fe57f25813c0bf52a7bdc72c217d0_redline_7e598e6a80,clean/docx/4f1b13334b_0002768ad2e3174d9c557d30d4a7a8d70ae4062e52383747,clean/docx/5203829c7a_001cc92b88566d5f930fe57f25813c0bf52a7bdc72c217d0,tracking_without_comments/docx/4f1b13334b_0002768ad2e3174d9c557d30d4a7a8d70ae4062e52383747__vs__5203829c7a_001cc92b88566d5f930fe57f25813c0bf52a7bdc72c217d0_redline_7e598e6a80.docx,tracking_without_comments/pdf/4f1b13334b_0002768ad2e3174d9c557d30d4a7a8d70ae4062e52383747__vs__5203829c7a_001cc92b88566d5f930fe57f25813c0bf52a7bdc72c217d0_redline_7e598e6a80.pdf,tracking_without_comments,7e598e6a80,redlines_a100_b10
4f1b13334b_0002768ad2e3174d9c557d30d4a7a8d70ae4062e52383747__vs__bd3824dd1e_000ee64ef7226d353297888f59a251e24ce5d776fea000fa_redline_77a403d02f,clean/docx/4f1b13334b_0002768ad2e3174d9c557d30d4a7a8d70ae4062e52383747,clean/docx/bd3824dd1e_000ee64ef7226d353297888f59a251e24ce5d776fea000fa,tracking_without_comments/docx/4f1b13334b_0002768ad2e3174d9c557d30d4a7a8d70ae4062e52383747__vs__bd3824dd1e_000ee64ef7226d353297888f59a251e24ce5d776fea000fa_redline_77a403d02f.docx,tracking_without_comments/pdf/4f1b13334b_0002768ad2e3174d9c557d30d4a7a8d70ae4062e52383747__vs__bd3824dd1e_000ee64ef7226d353297888f59a251e24ce5d776fea000fa_redline_77a403d02f.pdf,tracking_without_comments,77a403d02f,redlines_a100_b10
501bf3d47b_super_editor__table_merged_cells_9c349334__vs__ab064d6482_super_editor__table_width_issue_20b01504_redline_cfb3908b65,clean/docx/501bf3d47b_super_editor__table_merged_cells_9c349334,clean/docx/ab064d6482_super_editor__table_width_issue_20b01504,tracking_without_comments/docx/501bf3d47b_super_editor__table_merged_cells_9c349334__vs__ab064d6482_super_editor__table_width_issue_20b01504_redline_cfb3908b65.docx,tracking_without_comments/pdf/501bf3d47b_super_editor__table_merged_cells_9c349334__vs__ab064d6482_super_editor__table_width_issue_20b01504_redline_cfb3908b65.pdf,tracking_without_comments,cfb3908b65,word_redlines_superdoc
50d8be9682_file_190__vs__e9d5410452_file_191_redline_01f3deda92,clean/docx/50d8be9682_file_190,with_comments_tracking/docx/e9d5410452_file_191,with_comments_tracking/docx/50d8be9682_file_190__vs__e9d5410452_file_191_redline_01f3deda92.docx,with_comments_tracking/pdf/50d8be9682_file_190__vs__e9d5410452_file_191_redline_01f3deda92.pdf,with_comments_tracking,01f3deda92,word_based_randomized_0926
52220b20c3_00a54bff7e15af78fe7cfc20219c28cb208fde807bd28d44__vs__5203829c7a_001cc92b88566d5f930fe57f25813c0bf52a7bdc72c217d0_redline_6de20376e8,clean/docx/52220b20c3_00a54bff7e15af78fe7cfc20219c28cb208fde807bd28d44,clean/docx/5203829c7a_001cc92b88566d5f930fe57f25813c0bf52a7bdc72c217d0,tracking_without_comments/docx/52220b20c3_00a54bff7e15af78fe7cfc20219c28cb208fde807bd28d44__vs__5203829c7a_001cc92b88566d5f930fe57f25813c0bf52a7bdc72c217d0_redline_6de20376e8.docx,tracking_without_comments/pdf/52220b20c3_00a54bff7e15af78fe7cfc20219c28cb208fde807bd28d44__vs__5203829c7a_001cc92b88566d5f930fe57f25813c0bf52a7bdc72c217d0_redline_6de20376e8.pdf,tracking_without_comments,6de20376e8,redlines_a100_b10
52220b20c3_00a54bff7e15af78fe7cfc20219c28cb208fde807bd28d44__vs__bd3824dd1e_000ee64ef7226d353297888f59a251e24ce5d776fea000fa_redline_8018df6bdf,clean/docx/52220b20c3_00a54bff7e15af78fe7cfc20219c28cb208fde807bd28d44,clean/docx/bd3824dd1e_000ee64ef7226d353297888f59a251e24ce5d776fea000fa,tracking_without_comments/docx/52220b20c3_00a54bff7e15af78fe7cfc20219c28cb208fde807bd28d44__vs__bd3824dd1e_000ee64ef7226d353297888f59a251e24ce5d776fea000fa_redline_8018df6bdf.docx,tracking_without_comments/pdf/52220b20c3_00a54bff7e15af78fe7cfc20219c28cb208fde807bd28d44__vs__bd3824dd1e_000ee64ef7226d353297888f59a251e24ce5d776fea000fa_redline_8018df6bdf.pdf,tracking_without_comments,8018df6bdf,redlines_a100_b10
52dab5bc1c_super_editor__sdt_node_comment_ec887683__vs__7367931dbf_super_editor__sdt_test_60079f08_redline_23e5ec96c0,with_comments_clean/docx/52dab5bc1c_super_editor__sdt_node_comment_ec887683,clean/docx/7367931dbf_super_editor__sdt_test_60079f08,with_comments_tracking/docx/52dab5bc1c_super_editor__sdt_node_comment_ec887683__vs__7367931dbf_super_editor__sdt_test_60079f08_redline_23e5ec96c0.docx,with_comments_tracking/pdf/52dab5bc1c_super_editor__sdt_node_comment_ec887683__vs__7367931dbf_super_editor__sdt_test_60079f08_redline_23e5ec96c0.pdf,with_comments_tracking,23e5ec96c0,word_redlines_superdoc
52dab5bc1c_super_editor__sdt_node_comment_ec887683__vs__7367931dbf_super_editor__sdt_test_60079f08_redline_bc29cd91ef,with_comments_clean/docx/52dab5bc1c_super_editor__sdt_node_comment_ec887683,clean/docx/7367931dbf_super_editor__sdt_test_60079f08,with_comments_tracking/docx/52dab5bc1c_super_editor__sdt_node_comment_ec887683__vs__7367931dbf_super_editor__sdt_test_60079f08_redline_bc29cd91ef.docx,with_comments_tracking/pdf/52dab5bc1c_super_editor__sdt_node_comment_ec887683__vs__7367931dbf_super_editor__sdt_test_60079f08_redline_bc29cd91ef.pdf,with_comments_tracking,bc29cd91ef,word_redlines_superdoc_0926
531cf3d312_00ce789bc3226c2a68967cc29792927c80b7f55d9b5267ad__vs__2773adf157_0004c94ca2a8684d47449bb0e7abf87de1df71a7e6543252_redline_8c49315d23,clean/docx/531cf3d312_00ce789bc3226c2a68967cc29792927c80b7f55d9b5267ad,clean/docx/2773adf157_0004c94ca2a8684d47449bb0e7abf87de1df71a7e6543252,tracking_without_comments/docx/531cf3d312_00ce789bc3226c2a68967cc29792927c80b7f55d9b5267ad__vs__2773adf157_0004c94ca2a8684d47449bb0e7abf87de1df71a7e6543252_redline_8c49315d23.docx,tracking_without_comments/pdf/531cf3d312_00ce789bc3226c2a68967cc29792927c80b7f55d9b5267ad__vs__2773adf157_0004c94ca2a8684d47449bb0e7abf87de1df71a7e6543252_redline_8c49315d23.pdf,tracking_without_comments,8c49315d23,redlines_a100_b10
5320da1b60_file_30__vs__c7190b3adc_file_31_redline_ce75c31472,clean/docx/5320da1b60_file_30,clean/docx/c7190b3adc_file_31,tracking_without_comments/docx/5320da1b60_file_30__vs__c7190b3adc_file_31_redline_ce75c31472.docx,tracking_without_comments/pdf/5320da1b60_file_30__vs__c7190b3adc_file_31_redline_ce75c31472.pdf,tracking_without_comments,ce75c31472,word_based_randomized
5383bab0c2_file_119__vs__7e77c2f888_file_120_redline_93a34bcae7,clean/docx/5383bab0c2_file_119,clean/docx/7e77c2f888_file_120,tracking_without_comments/docx/5383bab0c2_file_119__vs__7e77c2f888_file_120_redline_93a34bcae7.docx,tracking_without_comments/pdf/5383bab0c2_file_119__vs__7e77c2f888_file_120_redline_93a34bcae7.pdf,tracking_without_comments,93a34bcae7,word_based_randomized
5396ca3671_helvetica_font_demo_style_default_missing__vs__f1ea4a51fd_hr_onboarding_checklist_table_redline_504edf1ba1,clean/docx/5396ca3671_helvetica_font_demo_style_default_missing,clean/docx/f1ea4a51fd_hr_onboarding_checklist_table,tracking_without_comments/docx/5396ca3671_helvetica_font_demo_style_default_missing__vs__f1ea4a51fd_hr_onboarding_checklist_table_redline_504edf1ba1.docx,tracking_without_comments/pdf/5396ca3671_helvetica_font_demo_style_default_missing__vs__f1ea4a51fd_hr_onboarding_checklist_table_redline_504edf1ba1.pdf,tracking_without_comments,504edf1ba1,fixtures_word_compares;pdf_fill_0928
53de8de92b_file_183__vs__abd0b75d88_file_184_redline_d40e4d812a,clean/docx/53de8de92b_file_183,clean/docx/abd0b75d88_file_184,tracking_without_comments/docx/53de8de92b_file_183__vs__abd0b75d88_file_184_redline_d40e4d812a.docx,tracking_without_comments/pdf/53de8de92b_file_183__vs__abd0b75d88_file_184_redline_d40e4d812a.pdf,tracking_without_comments,d40e4d812a,word_based_randomized_0926
54f4bb74cd_109e410552189077d3cc1340a4f0af45587d7f86a0f93dc3__vs__16e531d5a8_17a3cbea2f582b789a9fc35c9ab70b7126430c5acbb822d0_redline_276adf43a6,clean/docx/54f4bb74cd_109e410552189077d3cc1340a4f0af45587d7f86a0f93dc3,clean/docx/16e531d5a8_17a3cbea2f582b789a9fc35c9ab70b7126430c5acbb822d0,tracking_without_comments/docx/54f4bb74cd_109e410552189077d3cc1340a4f0af45587d7f86a0f93dc3__vs__16e531d5a8_17a3cbea2f582b789a9fc35c9ab70b7126430c5acbb822d0_redline_276adf43a6.docx,tracking_without_comments/pdf/54f4bb74cd_109e410552189077d3cc1340a4f0af45587d7f86a0f93dc3__vs__16e531d5a8_17a3cbea2f582b789a9fc35c9ab70b7126430c5acbb822d0_redline_276adf43a6.pdf,tracking_without_comments,276adf43a6,redlines_en_500
563331c6f3_super_editor__broken_complex_list_293fda86__vs__cdf27ad0d3_behavior__sd_2672_nested_table_dfac08bb_redline_0d79b0b2ed,clean/docx/563331c6f3_super_editor__broken_complex_list_293fda86,clean/docx/cdf27ad0d3_behavior__sd_2672_nested_table_dfac08bb,tracking_without_comments/docx/563331c6f3_super_editor__broken_complex_list_293fda86__vs__cdf27ad0d3_behavior__sd_2672_nested_table_dfac08bb_redline_0d79b0b2ed.docx,tracking_without_comments/pdf/563331c6f3_super_editor__broken_complex_list_293fda86__vs__cdf27ad0d3_behavior__sd_2672_nested_table_dfac08bb_redline_0d79b0b2ed.pdf,tracking_without_comments,0d79b0b2ed,word_redlines_superdoc
563331c6f3_super_editor__broken_complex_list_293fda86__vs__ee61fb4ab3_super_editor__base_ordered_fdff1fb2_redline_de5d39e43e,clean/docx/563331c6f3_super_editor__broken_complex_list_293fda86,clean/docx/ee61fb4ab3_super_editor__base_ordered_fdff1fb2,tracking_without_comments/docx/563331c6f3_super_editor__broken_complex_list_293fda86__vs__ee61fb4ab3_super_editor__base_ordered_fdff1fb2_redline_de5d39e43e.docx,tracking_without_comments/pdf/563331c6f3_super_editor__broken_complex_list_293fda86__vs__ee61fb4ab3_super_editor__base_ordered_fdff1fb2_redline_de5d39e43e.pdf,tracking_without_comments,de5d39e43e,word_redlines_superdoc_0926
57ff9e1b30_file_89__vs__9c8272b1e2_file_90_redline_849e0cb7c4,with_comments_clean/docx/57ff9e1b30_file_89,tracking_without_comments/docx/9c8272b1e2_file_90,with_comments_tracking/docx/57ff9e1b30_file_89__vs__9c8272b1e2_file_90_redline_849e0cb7c4.docx,with_comments_tracking/pdf/57ff9e1b30_file_89__vs__9c8272b1e2_file_90_redline_849e0cb7c4.pdf,with_comments_tracking,849e0cb7c4,word_based_randomized
5aa178b931_super_editor__lists_sub_paragraph_31ff3fed__vs__25f07e0823_super_editor__sd_1919_word_mixed_33e049ca_redline_aaba20119b,clean/docx/5aa178b931_super_editor__lists_sub_paragraph_31ff3fed,clean/docx/25f07e0823_super_editor__sd_1919_word_mixed_33e049ca,tracking_without_comments/docx/5aa178b931_super_editor__lists_sub_paragraph_31ff3fed__vs__25f07e0823_super_editor__sd_1919_word_mixed_33e049ca_redline_aaba20119b.docx,tracking_without_comments/pdf/5aa178b931_super_editor__lists_sub_paragraph_31ff3fed__vs__25f07e0823_super_editor__sd_1919_word_mixed_33e049ca_redline_aaba20119b.pdf,tracking_without_comments,aaba20119b,word_redlines_superdoc
5ad6e6d44f_0199027cbf967c88ab833b77e5bc5d629bacecbd40a87c26__vs__1424386e9b_017447de83753a0e3b7afc659df038ef56972925336c6a5b_redline_ede1920163,tracking_without_comments/docx/5ad6e6d44f_0199027cbf967c88ab833b77e5bc5d629bacecbd40a87c26,clean/docx/1424386e9b_017447de83753a0e3b7afc659df038ef56972925336c6a5b,tracking_without_comments/docx/5ad6e6d44f_0199027cbf967c88ab833b77e5bc5d629bacecbd40a87c26__vs__1424386e9b_017447de83753a0e3b7afc659df038ef56972925336c6a5b_redline_ede1920163.docx,tracking_without_comments/pdf/5ad6e6d44f_0199027cbf967c88ab833b77e5bc5d629bacecbd40a87c26__vs__1424386e9b_017447de83753a0e3b7afc659df038ef56972925336c6a5b_redline_ede1920163.pdf,tracking_without_comments,ede1920163,redlines_a100_b10
5adc853144_insert_link_demo_id_paraid_overflow__vs__e615c89269_inventory_list_suggesting_deletions_redline_7fd2b78918,clean/docx/5adc853144_insert_link_demo_id_paraid_overflow,tracking_without_comments/docx/e615c89269_inventory_list_suggesting_deletions,tracking_without_comments/docx/5adc853144_insert_link_demo_id_paraid_overflow__vs__e615c89269_inventory_list_suggesting_deletions_redline_7fd2b78918.docx,tracking_without_comments/pdf/5adc853144_insert_link_demo_id_paraid_overflow__vs__e615c89269_inventory_list_suggesting_deletions_redline_7fd2b78918.pdf,tracking_without_comments,7fd2b78918,word_based
5b421850d5_super_editor__ooxml_strike_rstyle_linked_combos__vs__7e685cbab1_super_editor__ooxml_underline_rstyle_linked_comb_redline_45844ba15d,clean/docx/5b421850d5_super_editor__ooxml_strike_rstyle_linked_combos,clean/docx/7e685cbab1_super_editor__ooxml_underline_rstyle_linked_comb,tracking_without_comments/docx/5b421850d5_super_editor__ooxml_strike_rstyle_linked_combos__vs__7e685cbab1_super_editor__ooxml_underline_rstyle_linked_comb_redline_45844ba15d.docx,tracking_without_comments/pdf/5b421850d5_super_editor__ooxml_strike_rstyle_linked_combos__vs__7e685cbab1_super_editor__ooxml_underline_rstyle_linked_comb_redline_45844ba15d.pdf,tracking_without_comments,45844ba15d,word_redlines_superdoc_0926
5bde480834_file_112__vs__ae5f2d61d5_file_113_redline_3eaf131a58,clean/docx/5bde480834_file_112,clean/docx/ae5f2d61d5_file_113,tracking_without_comments/docx/5bde480834_file_112__vs__ae5f2d61d5_file_113_redline_3eaf131a58.docx,tracking_without_comments/pdf/5bde480834_file_112__vs__ae5f2d61d5_file_113_redline_3eaf131a58.pdf,tracking_without_comments,3eaf131a58,word_based_randomized
5c207ef361_super_editor__font_formatting_runs_8be3565a__vs__a0738533be_gdocs_comments_export_redline_5bf3e7acbc,with_comments_tracking/docx/5c207ef361_super_editor__font_formatting_runs_8be3565a,with_comments_clean/docx/a0738533be_gdocs_comments_export,with_comments_tracking/docx/5c207ef361_super_editor__font_formatting_runs_8be3565a__vs__a0738533be_gdocs_comments_export_redline_5bf3e7acbc.docx,with_comments_tracking/pdf/5c207ef361_super_editor__font_formatting_runs_8be3565a__vs__a0738533be_gdocs_comments_export_redline_5bf3e7acbc.pdf,with_comments_tracking,5bf3e7acbc,word_redlines_superdoc_0926
5c207ef361_super_editor__font_formatting_runs_8be3565a__vs__bb9c5a8bd5_doc_api_stories__table_style_options_roundtrip_1_redline_350de6087f,with_comments_tracking/docx/5c207ef361_super_editor__font_formatting_runs_8be3565a,clean/docx/bb9c5a8bd5_doc_api_stories__table_style_options_roundtrip_1,with_comments_tracking/docx/5c207ef361_super_editor__font_formatting_runs_8be3565a__vs__bb9c5a8bd5_doc_api_stories__table_style_options_roundtrip_1_redline_350de6087f.docx,with_comments_tracking/pdf/5c207ef361_super_editor__font_formatting_runs_8be3565a__vs__bb9c5a8bd5_doc_api_stories__table_style_options_roundtrip_1_redline_350de6087f.pdf,with_comments_tracking,350de6087f,word_redlines_superdoc_0926
5c207ef361_super_editor__font_formatting_runs_8be3565a__vs__e6fdfb6f2f_behavior__math_phantom_tests_263131a8_redline_689f2c8333,with_comments_tracking/docx/5c207ef361_super_editor__font_formatting_runs_8be3565a,clean/docx/e6fdfb6f2f_behavior__math_phantom_tests_263131a8,with_comments_tracking/docx/5c207ef361_super_editor__font_formatting_runs_8be3565a__vs__e6fdfb6f2f_behavior__math_phantom_tests_263131a8_redline_689f2c8333.docx,with_comments_tracking/pdf/5c207ef361_super_editor__font_formatting_runs_8be3565a__vs__e6fdfb6f2f_behavior__math_phantom_tests_263131a8_redline_689f2c8333.pdf,with_comments_tracking,689f2c8333,word_redlines_superdoc_0926
5d17fd43a9_complex_style_attr__vs__310c03f39c_super_editor__complexexport1_69441ab1_redline_133d880cce,clean/docx/5d17fd43a9_complex_style_attr,clean/docx/310c03f39c_super_editor__complexexport1_69441ab1,tracking_without_comments/docx/5d17fd43a9_complex_style_attr__vs__310c03f39c_super_editor__complexexport1_69441ab1_redline_133d880cce.docx,tracking_without_comments/pdf/5d17fd43a9_complex_style_attr__vs__310c03f39c_super_editor__complexexport1_69441ab1_redline_133d880cce.pdf,tracking_without_comments,133d880cce,word_redlines_superdoc
5da4d924a9_file_93__vs__16a20f25a8_file_94_redline_301443d5e9,clean/docx/5da4d924a9_file_93,clean/docx/16a20f25a8_file_94,tracking_without_comments/docx/5da4d924a9_file_93__vs__16a20f25a8_file_94_redline_301443d5e9.docx,tracking_without_comments/pdf/5da4d924a9_file_93__vs__16a20f25a8_file_94_redline_301443d5e9.pdf,tracking_without_comments,301443d5e9,nocomments_randomized
5e5fa9b5fb_super_editor__list_def_mix_d7cec092__vs__ad43500302_super_editor__list_numbering_reimport_d788d573_redline_1daf262783,clean/docx/5e5fa9b5fb_super_editor__list_def_mix_d7cec092,clean/docx/ad43500302_super_editor__list_numbering_reimport_d788d573,tracking_without_comments/docx/5e5fa9b5fb_super_editor__list_def_mix_d7cec092__vs__ad43500302_super_editor__list_numbering_reimport_d788d573_redline_1daf262783.docx,tracking_without_comments/pdf/5e5fa9b5fb_super_editor__list_def_mix_d7cec092__vs__ad43500302_super_editor__list_numbering_reimport_d788d573_redline_1daf262783.pdf,tracking_without_comments,1daf262783,word_redlines_superdoc_0926
5fa01813d3_super_editor__basic_table_shading_d3212ffd__vs__9e9d83978b_super_editor__sublist_issue_66a1800a_redline_70fafd509f,clean/docx/5fa01813d3_super_editor__basic_table_shading_d3212ffd,clean/docx/9e9d83978b_super_editor__sublist_issue_66a1800a,tracking_without_comments/docx/5fa01813d3_super_editor__basic_table_shading_d3212ffd__vs__9e9d83978b_super_editor__sublist_issue_66a1800a_redline_70fafd509f.docx,tracking_without_comments/pdf/5fa01813d3_super_editor__basic_table_shading_d3212ffd__vs__9e9d83978b_super_editor__sublist_issue_66a1800a_redline_70fafd509f.pdf,tracking_without_comments,70fafd509f,word_redlines_superdoc_0926
60640bbf85_meeting_minutes_suggesting_insertions__vs__41f0a98a46_numbered_list_demo_id_paraid_overflow_redline_f0bf52cf21,tracking_without_comments/docx/60640bbf85_meeting_minutes_suggesting_insertions,clean/docx/41f0a98a46_numbered_list_demo_id_paraid_overflow,tracking_without_comments/docx/60640bbf85_meeting_minutes_suggesting_insertions__vs__41f0a98a46_numbered_list_demo_id_paraid_overflow_redline_f0bf52cf21.docx,tracking_without_comments/pdf/60640bbf85_meeting_minutes_suggesting_insertions__vs__41f0a98a46_numbered_list_demo_id_paraid_overflow_redline_f0bf52cf21.pdf,tracking_without_comments,f0bf52cf21,nocomments
60697d46b7_strict01__vs__60697d46b7_strict01_redline_4720423c07,with_comments_tracking/docx/60697d46b7_strict01,with_comments_tracking/docx/60697d46b7_strict01,with_comments_tracking/docx/60697d46b7_strict01__vs__60697d46b7_strict01_redline_4720423c07.docx,with_comments_tracking/pdf/60697d46b7_strict01__vs__60697d46b7_strict01_redline_4720423c07.pdf,with_comments_tracking,4720423c07,word_based;fixtures_word_compares;pdf_fill_0928
60dfd517a9_00f0e7f365a34acc5911a38c89776a4bdd2ba1685edcd0cc__vs__2773adf157_0004c94ca2a8684d47449bb0e7abf87de1df71a7e6543252_redline_5095f45581,clean/docx/60dfd517a9_00f0e7f365a34acc5911a38c89776a4bdd2ba1685edcd0cc,clean/docx/2773adf157_0004c94ca2a8684d47449bb0e7abf87de1df71a7e6543252,tracking_without_comments/docx/60dfd517a9_00f0e7f365a34acc5911a38c89776a4bdd2ba1685edcd0cc__vs__2773adf157_0004c94ca2a8684d47449bb0e7abf87de1df71a7e6543252_redline_5095f45581.docx,tracking_without_comments/pdf/60dfd517a9_00f0e7f365a34acc5911a38c89776a4bdd2ba1685edcd0cc__vs__2773adf157_0004c94ca2a8684d47449bb0e7abf87de1df71a7e6543252_redline_5095f45581.pdf,tracking_without_comments,5095f45581,redlines_a100_b10
60dfd517a9_00f0e7f365a34acc5911a38c89776a4bdd2ba1685edcd0cc__vs__5203829c7a_001cc92b88566d5f930fe57f25813c0bf52a7bdc72c217d0_redline_7c845c604b,clean/docx/60dfd517a9_00f0e7f365a34acc5911a38c89776a4bdd2ba1685edcd0cc,clean/docx/5203829c7a_001cc92b88566d5f930fe57f25813c0bf52a7bdc72c217d0,tracking_without_comments/docx/60dfd517a9_00f0e7f365a34acc5911a38c89776a4bdd2ba1685edcd0cc__vs__5203829c7a_001cc92b88566d5f930fe57f25813c0bf52a7bdc72c217d0_redline_7c845c604b.docx,tracking_without_comments/pdf/60dfd517a9_00f0e7f365a34acc5911a38c89776a4bdd2ba1685edcd0cc__vs__5203829c7a_001cc92b88566d5f930fe57f25813c0bf52a7bdc72c217d0_redline_7c845c604b.pdf,tracking_without_comments,7c845c604b,redlines_a100_b10
62732368d5_7b6493614245aae298d715fbe16d4a4945f5ebed862c1354__vs__e91e59eaac_d53121ceeb633df57b8f83f852ee91b3143ce8915a7ef81b_redline_e1c52dc7f9,clean/docx/62732368d5_7b6493614245aae298d715fbe16d4a4945f5ebed862c1354,clean/docx/e91e59eaac_d53121ceeb633df57b8f83f852ee91b3143ce8915a7ef81b,tracking_without_comments/docx/62732368d5_7b6493614245aae298d715fbe16d4a4945f5ebed862c1354__vs__e91e59eaac_d53121ceeb633df57b8f83f852ee91b3143ce8915a7ef81b_redline_e1c52dc7f9.docx,tracking_without_comments/pdf/62732368d5_7b6493614245aae298d715fbe16d4a4945f5ebed862c1354__vs__e91e59eaac_d53121ceeb633df57b8f83f852ee91b3143ce8915a7ef81b_redline_e1c52dc7f9.pdf,tracking_without_comments,e1c52dc7f9,redlines_en_500
628ec1cb76_00a9d81709806bc220522f9b062f226e19ba256e436493b1__vs__1424386e9b_017447de83753a0e3b7afc659df038ef56972925336c6a5b_redline_7127dd0325,clean/docx/628ec1cb76_00a9d81709806bc220522f9b062f226e19ba256e436493b1,clean/docx/1424386e9b_017447de83753a0e3b7afc659df038ef56972925336c6a5b,tracking_without_comments/docx/628ec1cb76_00a9d81709806bc220522f9b062f226e19ba256e436493b1__vs__1424386e9b_017447de83753a0e3b7afc659df038ef56972925336c6a5b_redline_7127dd0325.docx,tracking_without_comments/pdf/628ec1cb76_00a9d81709806bc220522f9b062f226e19ba256e436493b1__vs__1424386e9b_017447de83753a0e3b7afc659df038ef56972925336c6a5b_redline_7127dd0325.pdf,tracking_without_comments,7127dd0325,redlines_a100_b10
628ec1cb76_00a9d81709806bc220522f9b062f226e19ba256e436493b1__vs__5203829c7a_001cc92b88566d5f930fe57f25813c0bf52a7bdc72c217d0_redline_35e6aad724,clean/docx/628ec1cb76_00a9d81709806bc220522f9b062f226e19ba256e436493b1,clean/docx/5203829c7a_001cc92b88566d5f930fe57f25813c0bf52a7bdc72c217d0,tracking_without_comments/docx/628ec1cb76_00a9d81709806bc220522f9b062f226e19ba256e436493b1__vs__5203829c7a_001cc92b88566d5f930fe57f25813c0bf52a7bdc72c217d0_redline_35e6aad724.docx,tracking_without_comments/pdf/628ec1cb76_00a9d81709806bc220522f9b062f226e19ba256e436493b1__vs__5203829c7a_001cc92b88566d5f930fe57f25813c0bf52a7bdc72c217d0_redline_35e6aad724.pdf,tracking_without_comments,35e6aad724,redlines_a100_b10
628ec1cb76_00a9d81709806bc220522f9b062f226e19ba256e436493b1__vs__deff0e697a_00b5defcad6e58038eac35472a2d48c89905068e5ece0cc3_redline_fd7dbb0869,clean/docx/628ec1cb76_00a9d81709806bc220522f9b062f226e19ba256e436493b1,clean/docx/deff0e697a_00b5defcad6e58038eac35472a2d48c89905068e5ece0cc3,tracking_without_comments/docx/628ec1cb76_00a9d81709806bc220522f9b062f226e19ba256e436493b1__vs__deff0e697a_00b5defcad6e58038eac35472a2d48c89905068e5ece0cc3_redline_fd7dbb0869.docx,tracking_without_comments/pdf/628ec1cb76_00a9d81709806bc220522f9b062f226e19ba256e436493b1__vs__deff0e697a_00b5defcad6e58038eac35472a2d48c89905068e5ece0cc3_redline_fd7dbb0869.pdf,tracking_without_comments,fd7dbb0869,redlines_a100_b10
63f2ae8323_00d7e931786f09113a59daafeb4c51113fbd97f3f09d93c2__vs__342f364d46_001342333d45627868f4dc5282abbba4598a91b4a7584b08_redline_6f561090f4,clean/docx/63f2ae8323_00d7e931786f09113a59daafeb4c51113fbd97f3f09d93c2,clean/docx/342f364d46_001342333d45627868f4dc5282abbba4598a91b4a7584b08,tracking_without_comments/docx/63f2ae8323_00d7e931786f09113a59daafeb4c51113fbd97f3f09d93c2__vs__342f364d46_001342333d45627868f4dc5282abbba4598a91b4a7584b08_redline_6f561090f4.docx,tracking_without_comments/pdf/63f2ae8323_00d7e931786f09113a59daafeb4c51113fbd97f3f09d93c2__vs__342f364d46_001342333d45627868f4dc5282abbba4598a91b4a7584b08_redline_6f561090f4.pdf,tracking_without_comments,6f561090f4,redlines_a100_b10
64bdd3aded_footnotes_sample__vs__a0738533be_gdocs_comments_export_redline_75ff938b20,clean/docx/64bdd3aded_footnotes_sample,with_comments_clean/docx/a0738533be_gdocs_comments_export,with_comments_tracking/docx/64bdd3aded_footnotes_sample__vs__a0738533be_gdocs_comments_export_redline_75ff938b20.docx,with_comments_tracking/pdf/64bdd3aded_footnotes_sample__vs__a0738533be_gdocs_comments_export_redline_75ff938b20.pdf,with_comments_tracking,75ff938b20,word_based;fixtures_word_compares
64bdd3aded_footnotes_sample__vs__a0738533be_gdocs_comments_export_redline_820ab5e086,clean/docx/64bdd3aded_footnotes_sample,with_comments_clean/docx/a0738533be_gdocs_comments_export,with_comments_tracking/docx/64bdd3aded_footnotes_sample__vs__a0738533be_gdocs_comments_export_redline_820ab5e086.docx,with_comments_tracking/pdf/64bdd3aded_footnotes_sample__vs__a0738533be_gdocs_comments_export_redline_820ab5e086.pdf,with_comments_tracking,820ab5e086,word_based_0926
668fe0a735_super_editor__ooxml_bold_vals_demo_9e688d8f__vs__e70f1134dd_super_editor__diff_before8_ba5faa9e_redline_1032d784bc,clean/docx/668fe0a735_super_editor__ooxml_bold_vals_demo_9e688d8f,with_comments_clean/docx/e70f1134dd_super_editor__diff_before8_ba5faa9e,with_comments_tracking/docx/668fe0a735_super_editor__ooxml_bold_vals_demo_9e688d8f__vs__e70f1134dd_super_editor__diff_before8_ba5faa9e_redline_1032d784bc.docx,with_comments_tracking/pdf/668fe0a735_super_editor__ooxml_bold_vals_demo_9e688d8f__vs__e70f1134dd_super_editor__diff_before8_ba5faa9e_redline_1032d784bc.pdf,with_comments_tracking,1032d784bc,word_redlines_superdoc_0926
66b0a9112c_file_165__vs__06a48012fc_file_166_redline_5d87b818ea,clean/docx/66b0a9112c_file_165,clean/docx/06a48012fc_file_166,tracking_without_comments/docx/66b0a9112c_file_165__vs__06a48012fc_file_166_redline_5d87b818ea.docx,tracking_without_comments/pdf/66b0a9112c_file_165__vs__06a48012fc_file_166_redline_5d87b818ea.pdf,tracking_without_comments,5d87b818ea,word_based_randomized
66cedad6f8_font_color_demo_style_default_missing__vs__9af9772ce2_font_family_demo_id_paraid_overflow_redline_f6aa53210c,clean/docx/66cedad6f8_font_color_demo_style_default_missing,clean/docx/9af9772ce2_font_family_demo_id_paraid_overflow,tracking_without_comments/docx/66cedad6f8_font_color_demo_style_default_missing__vs__9af9772ce2_font_family_demo_id_paraid_overflow_redline_f6aa53210c.docx,tracking_without_comments/pdf/66cedad6f8_font_color_demo_style_default_missing__vs__9af9772ce2_font_family_demo_id_paraid_overflow_redline_f6aa53210c.pdf,tracking_without_comments,f6aa53210c,nocomments
66e70631fb_file_188__vs__70584b4a0e_file_189_redline_6bf1e10a91,with_comments_tracking/docx/66e70631fb_file_188,clean/docx/70584b4a0e_file_189,with_comments_tracking/docx/66e70631fb_file_188__vs__70584b4a0e_file_189_redline_6bf1e10a91.docx,with_comments_tracking/pdf/66e70631fb_file_188__vs__70584b4a0e_file_189_redline_6bf1e10a91.pdf,with_comments_tracking,6bf1e10a91,word_based_randomized
66e70631fb_file_188__vs__70584b4a0e_file_189_redline_c46dee2ac8,with_comments_tracking/docx/66e70631fb_file_188,clean/docx/70584b4a0e_file_189,with_comments_tracking/docx/66e70631fb_file_188__vs__70584b4a0e_file_189_redline_c46dee2ac8.docx,with_comments_tracking/pdf/66e70631fb_file_188__vs__70584b4a0e_file_189_redline_c46dee2ac8.pdf,with_comments_tracking,c46dee2ac8,word_based_randomized_0926
68526de79b_file_77__vs__7476f5fbb1_file_78_redline_822ad81a4c,clean/docx/68526de79b_file_77,with_comments_tracking/docx/7476f5fbb1_file_78,with_comments_tracking/docx/68526de79b_file_77__vs__7476f5fbb1_file_78_redline_822ad81a4c.docx,with_comments_tracking/pdf/68526de79b_file_77__vs__7476f5fbb1_file_78_redline_822ad81a4c.pdf,with_comments_tracking,822ad81a4c,word_based_randomized
687da097e9_heading_2_center_demo_id_paraid_overflow__vs__3a9525749b_heading_2_style_demo_id_paraid_overflow_redline_1c5fe20c9c,clean/docx/687da097e9_heading_2_center_demo_id_paraid_overflow,clean/docx/3a9525749b_heading_2_style_demo_id_paraid_overflow,tracking_without_comments/docx/687da097e9_heading_2_center_demo_id_paraid_overflow__vs__3a9525749b_heading_2_style_demo_id_paraid_overflow_redline_1c5fe20c9c.docx,tracking_without_comments/pdf/687da097e9_heading_2_center_demo_id_paraid_overflow__vs__3a9525749b_heading_2_style_demo_id_paraid_overflow_redline_1c5fe20c9c.pdf,tracking_without_comments,1c5fe20c9c,word_based
687da097e9_heading_2_center_demo_id_paraid_overflow__vs__3a9525749b_heading_2_style_demo_id_paraid_overflow_redline_3b4d7703bc,clean/docx/687da097e9_heading_2_center_demo_id_paraid_overflow,clean/docx/3a9525749b_heading_2_style_demo_id_paraid_overflow,tracking_without_comments/docx/687da097e9_heading_2_center_demo_id_paraid_overflow__vs__3a9525749b_heading_2_style_demo_id_paraid_overflow_redline_3b4d7703bc.docx,tracking_without_comments/pdf/687da097e9_heading_2_center_demo_id_paraid_overflow__vs__3a9525749b_heading_2_style_demo_id_paraid_overflow_redline_3b4d7703bc.pdf,tracking_without_comments,3b4d7703bc,fixtures_word_compares;pdf_fill_0928
689563dec1_calibri_heading_2_right_id_paraid_overflow__vs__24bd3ad29d_center_aligned_bold_text_id_paraid_overflow_redline_4c8efcc17b,clean/docx/689563dec1_calibri_heading_2_right_id_paraid_overflow,clean/docx/24bd3ad29d_center_aligned_bold_text_id_paraid_overflow,tracking_without_comments/docx/689563dec1_calibri_heading_2_right_id_paraid_overflow__vs__24bd3ad29d_center_aligned_bold_text_id_paraid_overflow_redline_4c8efcc17b.docx,tracking_without_comments/pdf/689563dec1_calibri_heading_2_right_id_paraid_overflow__vs__24bd3ad29d_center_aligned_bold_text_id_paraid_overflow_redline_4c8efcc17b.pdf,tracking_without_comments,4c8efcc17b,word_based_0926
6a65e5219d_24_id_paraid_overflow__vs__8df6dfa8d7_alternate_content_redline_1e11e7a678,clean/docx/6a65e5219d_24_id_paraid_overflow,clean/docx/8df6dfa8d7_alternate_content,tracking_without_comments/docx/6a65e5219d_24_id_paraid_overflow__vs__8df6dfa8d7_alternate_content_redline_1e11e7a678.docx,tracking_without_comments/pdf/6a65e5219d_24_id_paraid_overflow__vs__8df6dfa8d7_alternate_content_redline_1e11e7a678.pdf,tracking_without_comments,1e11e7a678,word_based_0926
6b0acda259_file_73__vs__bd768e6c17_file_74_redline_0aa74e0de4,clean/docx/6b0acda259_file_73,with_comments_tracking/docx/bd768e6c17_file_74,with_comments_tracking/docx/6b0acda259_file_73__vs__bd768e6c17_file_74_redline_0aa74e0de4.docx,with_comments_tracking/pdf/6b0acda259_file_73__vs__bd768e6c17_file_74_redline_0aa74e0de4.pdf,with_comments_tracking,0aa74e0de4,word_based_randomized_0926
6b0acda259_file_73__vs__bd768e6c17_file_74_redline_d392f01661,clean/docx/6b0acda259_file_73,with_comments_tracking/docx/bd768e6c17_file_74,with_comments_tracking/docx/6b0acda259_file_73__vs__bd768e6c17_file_74_redline_d392f01661.docx,with_comments_tracking/pdf/6b0acda259_file_73__vs__bd768e6c17_file_74_redline_d392f01661.pdf,with_comments_tracking,d392f01661,word_based_randomized
6b2515b2e1_c0be5f1c808dfc28139ea2d7bbf34d3bf7e15237a63f7474__vs__3fe23ce412_a5b49e91304cf881ab4b07cd810e62ed6f68ac9c0d529815_redline_0e9c762eba,clean/docx/6b2515b2e1_c0be5f1c808dfc28139ea2d7bbf34d3bf7e15237a63f7474,tracking_without_comments/docx/3fe23ce412_a5b49e91304cf881ab4b07cd810e62ed6f68ac9c0d529815,tracking_without_comments/docx/6b2515b2e1_c0be5f1c808dfc28139ea2d7bbf34d3bf7e15237a63f7474__vs__3fe23ce412_a5b49e91304cf881ab4b07cd810e62ed6f68ac9c0d529815_redline_0e9c762eba.docx,tracking_without_comments/pdf/6b2515b2e1_c0be5f1c808dfc28139ea2d7bbf34d3bf7e15237a63f7474__vs__3fe23ce412_a5b49e91304cf881ab4b07cd810e62ed6f68ac9c0d529815_redline_0e9c762eba.pdf,tracking_without_comments,0e9c762eba,redlines_en_500
6c3b9cb467_file_111__vs__61bf578c91_file_112_redline_04eed658ca,clean/docx/6c3b9cb467_file_111,clean/docx/61bf578c91_file_112,tracking_without_comments/docx/6c3b9cb467_file_111__vs__61bf578c91_file_112_redline_04eed658ca.docx,tracking_without_comments/pdf/6c3b9cb467_file_111__vs__61bf578c91_file_112_redline_04eed658ca.pdf,tracking_without_comments,04eed658ca,nocomments_randomized
6ca202588b_super_editor__ooxml_size_rstyle_linked_combos_de__vs__5b421850d5_super_editor__ooxml_strike_rstyle_linked_combos_redline_70f229e446,clean/docx/6ca202588b_super_editor__ooxml_size_rstyle_linked_combos_de,clean/docx/5b421850d5_super_editor__ooxml_strike_rstyle_linked_combos,tracking_without_comments/docx/6ca202588b_super_editor__ooxml_size_rstyle_linked_combos_de__vs__5b421850d5_super_editor__ooxml_strike_rstyle_linked_combos_redline_70f229e446.docx,tracking_without_comments/pdf/6ca202588b_super_editor__ooxml_size_rstyle_linked_combos_de__vs__5b421850d5_super_editor__ooxml_strike_rstyle_linked_combos_redline_70f229e446.pdf,tracking_without_comments,70f229e446,word_redlines_superdoc
6ca202588b_super_editor__ooxml_size_rstyle_linked_combos_de__vs__5b421850d5_super_editor__ooxml_strike_rstyle_linked_combos_redline_fc34a74b4c,clean/docx/6ca202588b_super_editor__ooxml_size_rstyle_linked_combos_de,clean/docx/5b421850d5_super_editor__ooxml_strike_rstyle_linked_combos,tracking_without_comments/docx/6ca202588b_super_editor__ooxml_size_rstyle_linked_combos_de__vs__5b421850d5_super_editor__ooxml_strike_rstyle_linked_combos_redline_fc34a74b4c.docx,tracking_without_comments/pdf/6ca202588b_super_editor__ooxml_size_rstyle_linked_combos_de__vs__5b421850d5_super_editor__ooxml_strike_rstyle_linked_combos_redline_fc34a74b4c.pdf,tracking_without_comments,fc34a74b4c,word_redlines_superdoc_0926
6dff70fa73_005df9de4a11e9d5e0809079fe33b4783538a96e645d8b42__vs__2e04202552_000e3e7bd2d6215fc7b469cc3e296c1b2a510bc1abc7e0fd_redline_4a5ba8ba7d,clean/docx/6dff70fa73_005df9de4a11e9d5e0809079fe33b4783538a96e645d8b42,clean/docx/2e04202552_000e3e7bd2d6215fc7b469cc3e296c1b2a510bc1abc7e0fd,tracking_without_comments/docx/6dff70fa73_005df9de4a11e9d5e0809079fe33b4783538a96e645d8b42__vs__2e04202552_000e3e7bd2d6215fc7b469cc3e296c1b2a510bc1abc7e0fd_redline_4a5ba8ba7d.docx,tracking_without_comments/pdf/6dff70fa73_005df9de4a11e9d5e0809079fe33b4783538a96e645d8b42__vs__2e04202552_000e3e7bd2d6215fc7b469cc3e296c1b2a510bc1abc7e0fd_redline_4a5ba8ba7d.pdf,tracking_without_comments,4a5ba8ba7d,redlines_a100_b10
6e08e456f6_roboto_underline_demo_id_paraid_overflow__vs__36fbd8c734_sales_report_january_2026_suggesting_insertions_redline_9abf4fa5b5,clean/docx/6e08e456f6_roboto_underline_demo_id_paraid_overflow,tracking_without_comments/docx/36fbd8c734_sales_report_january_2026_suggesting_insertions,tracking_without_comments/docx/6e08e456f6_roboto_underline_demo_id_paraid_overflow__vs__36fbd8c734_sales_report_january_2026_suggesting_insertions_redline_9abf4fa5b5.docx,tracking_without_comments/pdf/6e08e456f6_roboto_underline_demo_id_paraid_overflow__vs__36fbd8c734_sales_report_january_2026_suggesting_insertions_redline_9abf4fa5b5.pdf,tracking_without_comments,9abf4fa5b5,word_based_0926
6e2576a091_docx_lots_of_comments__vs__2c0a2ac35f_double_spacing_bold_demo_id_paraid_overflow_redline_9382e03243,with_comments_clean/docx/6e2576a091_docx_lots_of_comments,clean/docx/2c0a2ac35f_double_spacing_bold_demo_id_paraid_overflow,with_comments_tracking/docx/6e2576a091_docx_lots_of_comments__vs__2c0a2ac35f_double_spacing_bold_demo_id_paraid_overflow_redline_9382e03243.docx,with_comments_tracking/pdf/6e2576a091_docx_lots_of_comments__vs__2c0a2ac35f_double_spacing_bold_demo_id_paraid_overflow_redline_9382e03243.pdf,with_comments_tracking,9382e03243,word_based
6e2576a091_docx_lots_of_comments__vs__2c0a2ac35f_double_spacing_bold_demo_id_paraid_overflow_redline_a6aab38897,with_comments_clean/docx/6e2576a091_docx_lots_of_comments,clean/docx/2c0a2ac35f_double_spacing_bold_demo_id_paraid_overflow,with_comments_tracking/docx/6e2576a091_docx_lots_of_comments__vs__2c0a2ac35f_double_spacing_bold_demo_id_paraid_overflow_redline_a6aab38897.docx,with_comments_tracking/pdf/6e2576a091_docx_lots_of_comments__vs__2c0a2ac35f_double_spacing_bold_demo_id_paraid_overflow_redline_a6aab38897.pdf,with_comments_tracking,a6aab38897,word_based_0926
6e815c07c5_62add5a5c8787d17ea1d5204bdc76f56947b74002c9ff1bd__vs__70564ba056_5f805e025d5505775b628335b352c04f89636f46b0b1801d_redline_6ad70d9acc,clean/docx/6e815c07c5_62add5a5c8787d17ea1d5204bdc76f56947b74002c9ff1bd,clean/docx/70564ba056_5f805e025d5505775b628335b352c04f89636f46b0b1801d,tracking_without_comments/docx/6e815c07c5_62add5a5c8787d17ea1d5204bdc76f56947b74002c9ff1bd__vs__70564ba056_5f805e025d5505775b628335b352c04f89636f46b0b1801d_redline_6ad70d9acc.docx,tracking_without_comments/pdf/6e815c07c5_62add5a5c8787d17ea1d5204bdc76f56947b74002c9ff1bd__vs__70564ba056_5f805e025d5505775b628335b352c04f89636f46b0b1801d_redline_6ad70d9acc.pdf,tracking_without_comments,6ad70d9acc,redlines_en_500
6fffde4ae2_000bf66110e841e1d2c2e862fc7db869b8d410586ad12d0d__vs__2e04202552_000e3e7bd2d6215fc7b469cc3e296c1b2a510bc1abc7e0fd_redline_03b751f3db,clean/docx/6fffde4ae2_000bf66110e841e1d2c2e862fc7db869b8d410586ad12d0d,clean/docx/2e04202552_000e3e7bd2d6215fc7b469cc3e296c1b2a510bc1abc7e0fd,tracking_without_comments/docx/6fffde4ae2_000bf66110e841e1d2c2e862fc7db869b8d410586ad12d0d__vs__2e04202552_000e3e7bd2d6215fc7b469cc3e296c1b2a510bc1abc7e0fd_redline_03b751f3db.docx,tracking_without_comments/pdf/6fffde4ae2_000bf66110e841e1d2c2e862fc7db869b8d410586ad12d0d__vs__2e04202552_000e3e7bd2d6215fc7b469cc3e296c1b2a510bc1abc7e0fd_redline_03b751f3db.pdf,tracking_without_comments,03b751f3db,redlines_a100_b10
6fffde4ae2_000bf66110e841e1d2c2e862fc7db869b8d410586ad12d0d__vs__deff0e697a_00b5defcad6e58038eac35472a2d48c89905068e5ece0cc3_redline_1e8d815fcc,clean/docx/6fffde4ae2_000bf66110e841e1d2c2e862fc7db869b8d410586ad12d0d,clean/docx/deff0e697a_00b5defcad6e58038eac35472a2d48c89905068e5ece0cc3,tracking_without_comments/docx/6fffde4ae2_000bf66110e841e1d2c2e862fc7db869b8d410586ad12d0d__vs__deff0e697a_00b5defcad6e58038eac35472a2d48c89905068e5ece0cc3_redline_1e8d815fcc.docx,tracking_without_comments/pdf/6fffde4ae2_000bf66110e841e1d2c2e862fc7db869b8d410586ad12d0d__vs__deff0e697a_00b5defcad6e58038eac35472a2d48c89905068e5ece0cc3_redline_1e8d815fcc.pdf,tracking_without_comments,1e8d815fcc,redlines_a100_b10
7098537b0d_super_editor__base_custom_544164f9__vs__9ef2a93274_super_editor__tab_alignment_test_184edb5d_redline_2dc552be5e,clean/docx/7098537b0d_super_editor__base_custom_544164f9,clean/docx/9ef2a93274_super_editor__tab_alignment_test_184edb5d,tracking_without_comments/docx/7098537b0d_super_editor__base_custom_544164f9__vs__9ef2a93274_super_editor__tab_alignment_test_184edb5d_redline_2dc552be5e.docx,tracking_without_comments/pdf/7098537b0d_super_editor__base_custom_544164f9__vs__9ef2a93274_super_editor__tab_alignment_test_184edb5d_redline_2dc552be5e.pdf,tracking_without_comments,2dc552be5e,word_redlines_superdoc
70a28a8258_file_15__vs__be5bf990cb_file_16_redline_699cc8bd70,clean/docx/70a28a8258_file_15,with_comments_tracking/docx/be5bf990cb_file_16,with_comments_tracking/docx/70a28a8258_file_15__vs__be5bf990cb_file_16_redline_699cc8bd70.docx,with_comments_tracking/pdf/70a28a8258_file_15__vs__be5bf990cb_file_16_redline_699cc8bd70.pdf,with_comments_tracking,699cc8bd70,word_based_randomized
70a28a8258_file_15__vs__be5bf990cb_file_16_redline_7787357743,clean/docx/70a28a8258_file_15,with_comments_tracking/docx/be5bf990cb_file_16,with_comments_tracking/docx/70a28a8258_file_15__vs__be5bf990cb_file_16_redline_7787357743.docx,with_comments_tracking/pdf/70a28a8258_file_15__vs__be5bf990cb_file_16_redline_7787357743.pdf,with_comments_tracking,7787357743,word_based_randomized_0926
70cf8f3c79_e3c8a85254388c86c63b168abf32fb2f2e019ae272f5b15a__vs__528b7e6689_e153d9d96bf2c9b3edd77009c97807142b0f6beec7d200b6_redline_089f8d0f89,clean/docx/70cf8f3c79_e3c8a85254388c86c63b168abf32fb2f2e019ae272f5b15a,clean/docx/528b7e6689_e153d9d96bf2c9b3edd77009c97807142b0f6beec7d200b6,tracking_without_comments/docx/70cf8f3c79_e3c8a85254388c86c63b168abf32fb2f2e019ae272f5b15a__vs__528b7e6689_e153d9d96bf2c9b3edd77009c97807142b0f6beec7d200b6_redline_089f8d0f89.docx,tracking_without_comments/pdf/70cf8f3c79_e3c8a85254388c86c63b168abf32fb2f2e019ae272f5b15a__vs__528b7e6689_e153d9d96bf2c9b3edd77009c97807142b0f6beec7d200b6_redline_089f8d0f89.pdf,tracking_without_comments,089f8d0f89,redlines_en_500
7166fa4199_document_100_ultimate_demo_id_paraid_overflow__vs__97c3dd2e86_docx_lots_of_comments_addition_redline_addition_redline_2288f27be1,clean/docx/7166fa4199_document_100_ultimate_demo_id_paraid_overflow,with_comments_tracking/docx/97c3dd2e86_docx_lots_of_comments_addition_redline_addition,with_comments_tracking/docx/7166fa4199_document_100_ultimate_demo_id_paraid_overflow__vs__97c3dd2e86_docx_lots_of_comments_addition_redline_addition_redline_2288f27be1.docx,with_comments_tracking/pdf/7166fa4199_document_100_ultimate_demo_id_paraid_overflow__vs__97c3dd2e86_docx_lots_of_comments_addition_redline_addition_redline_2288f27be1.pdf,with_comments_tracking,2288f27be1,word_based_0926
7166fa4199_document_100_ultimate_demo_id_paraid_overflow__vs__97c3dd2e86_docx_lots_of_comments_addition_redline_addition_redline_8993b015d5,clean/docx/7166fa4199_document_100_ultimate_demo_id_paraid_overflow,with_comments_tracking/docx/97c3dd2e86_docx_lots_of_comments_addition_redline_addition,with_comments_tracking/docx/7166fa4199_document_100_ultimate_demo_id_paraid_overflow__vs__97c3dd2e86_docx_lots_of_comments_addition_redline_addition_redline_8993b015d5.docx,with_comments_tracking/pdf/7166fa4199_document_100_ultimate_demo_id_paraid_overflow__vs__97c3dd2e86_docx_lots_of_comments_addition_redline_addition_redline_8993b015d5.pdf,with_comments_tracking,8993b015d5,word_based
718cb91f66_file_90__vs__84b67d8458_file_91_redline_5eb341a977,tracking_without_comments/docx/718cb91f66_file_90,clean/docx/84b67d8458_file_91,tracking_without_comments/docx/718cb91f66_file_90__vs__84b67d8458_file_91_redline_5eb341a977.docx,tracking_without_comments/pdf/718cb91f66_file_90__vs__84b67d8458_file_91_redline_5eb341a977.pdf,tracking_without_comments,5eb341a977,nocomments_randomized
725cdbebe3_0013892c946c551d309fcec9bb3f3500fc08bc77121a3849__vs__2773adf157_0004c94ca2a8684d47449bb0e7abf87de1df71a7e6543252_redline_20539234fa,clean/docx/725cdbebe3_0013892c946c551d309fcec9bb3f3500fc08bc77121a3849,clean/docx/2773adf157_0004c94ca2a8684d47449bb0e7abf87de1df71a7e6543252,tracking_without_comments/docx/725cdbebe3_0013892c946c551d309fcec9bb3f3500fc08bc77121a3849__vs__2773adf157_0004c94ca2a8684d47449bb0e7abf87de1df71a7e6543252_redline_20539234fa.docx,tracking_without_comments/pdf/725cdbebe3_0013892c946c551d309fcec9bb3f3500fc08bc77121a3849__vs__2773adf157_0004c94ca2a8684d47449bb0e7abf87de1df71a7e6543252_redline_20539234fa.pdf,tracking_without_comments,20539234fa,redlines_a100_b10
725cdbebe3_0013892c946c551d309fcec9bb3f3500fc08bc77121a3849__vs__2e04202552_000e3e7bd2d6215fc7b469cc3e296c1b2a510bc1abc7e0fd_redline_9013a94f33,clean/docx/725cdbebe3_0013892c946c551d309fcec9bb3f3500fc08bc77121a3849,clean/docx/2e04202552_000e3e7bd2d6215fc7b469cc3e296c1b2a510bc1abc7e0fd,tracking_without_comments/docx/725cdbebe3_0013892c946c551d309fcec9bb3f3500fc08bc77121a3849__vs__2e04202552_000e3e7bd2d6215fc7b469cc3e296c1b2a510bc1abc7e0fd_redline_9013a94f33.docx,tracking_without_comments/pdf/725cdbebe3_0013892c946c551d309fcec9bb3f3500fc08bc77121a3849__vs__2e04202552_000e3e7bd2d6215fc7b469cc3e296c1b2a510bc1abc7e0fd_redline_9013a94f33.pdf,tracking_without_comments,9013a94f33,redlines_a100_b10
725cdbebe3_0013892c946c551d309fcec9bb3f3500fc08bc77121a3849__vs__bd3824dd1e_000ee64ef7226d353297888f59a251e24ce5d776fea000fa_redline_dfeccd76d2,clean/docx/725cdbebe3_0013892c946c551d309fcec9bb3f3500fc08bc77121a3849,clean/docx/bd3824dd1e_000ee64ef7226d353297888f59a251e24ce5d776fea000fa,tracking_without_comments/docx/725cdbebe3_0013892c946c551d309fcec9bb3f3500fc08bc77121a3849__vs__bd3824dd1e_000ee64ef7226d353297888f59a251e24ce5d776fea000fa_redline_dfeccd76d2.docx,tracking_without_comments/pdf/725cdbebe3_0013892c946c551d309fcec9bb3f3500fc08bc77121a3849__vs__bd3824dd1e_000ee64ef7226d353297888f59a251e24ce5d776fea000fa_redline_dfeccd76d2.pdf,tracking_without_comments,dfeccd76d2,redlines_a100_b10
735c372b41_super_editor__diff_after8_58e5c288__vs__75aeff4f58_super_editor__diff_after9_a9d4b4b0_redline_5a72b1ad9e,with_comments_tracking/docx/735c372b41_super_editor__diff_after8_58e5c288,clean/docx/75aeff4f58_super_editor__diff_after9_a9d4b4b0,with_comments_tracking/docx/735c372b41_super_editor__diff_after8_58e5c288__vs__75aeff4f58_super_editor__diff_after9_a9d4b4b0_redline_5a72b1ad9e.docx,with_comments_tracking/pdf/735c372b41_super_editor__diff_after8_58e5c288__vs__75aeff4f58_super_editor__diff_after9_a9d4b4b0_redline_5a72b1ad9e.pdf,with_comments_tracking,5a72b1ad9e,word_redlines_superdoc_0926
735c372b41_super_editor__diff_after8_58e5c288__vs__75aeff4f58_super_editor__diff_after9_a9d4b4b0_redline_897500844c,with_comments_tracking/docx/735c372b41_super_editor__diff_after8_58e5c288,clean/docx/75aeff4f58_super_editor__diff_after9_a9d4b4b0,with_comments_tracking/docx/735c372b41_super_editor__diff_after8_58e5c288__vs__75aeff4f58_super_editor__diff_after9_a9d4b4b0_redline_897500844c.docx,with_comments_tracking/pdf/735c372b41_super_editor__diff_after8_58e5c288__vs__75aeff4f58_super_editor__diff_after9_a9d4b4b0_redline_897500844c.pdf,with_comments_tracking,897500844c,word_redlines_superdoc
735c372b41_super_editor__diff_after8_58e5c288__vs__de3c6fded9_super_editor__doc_with_spacing_e3d47bd7_redline_12fca96084,with_comments_tracking/docx/735c372b41_super_editor__diff_after8_58e5c288,clean/docx/de3c6fded9_super_editor__doc_with_spacing_e3d47bd7,with_comments_tracking/docx/735c372b41_super_editor__diff_after8_58e5c288__vs__de3c6fded9_super_editor__doc_with_spacing_e3d47bd7_redline_12fca96084.docx,with_comments_tracking/pdf/735c372b41_super_editor__diff_after8_58e5c288__vs__de3c6fded9_super_editor__doc_with_spacing_e3d47bd7_redline_12fca96084.pdf,with_comments_tracking,12fca96084,word_redlines_superdoc
735c372b41_super_editor__diff_after8_58e5c288__vs__de3c6fded9_super_editor__doc_with_spacing_e3d47bd7_redline_8510b2d3c5,with_comments_tracking/docx/735c372b41_super_editor__diff_after8_58e5c288,clean/docx/de3c6fded9_super_editor__doc_with_spacing_e3d47bd7,with_comments_tracking/docx/735c372b41_super_editor__diff_after8_58e5c288__vs__de3c6fded9_super_editor__doc_with_spacing_e3d47bd7_redline_8510b2d3c5.docx,with_comments_tracking/pdf/735c372b41_super_editor__diff_after8_58e5c288__vs__de3c6fded9_super_editor__doc_with_spacing_e3d47bd7_redline_8510b2d3c5.pdf,with_comments_tracking,8510b2d3c5,word_redlines_superdoc_0926
7367931dbf_super_editor__sdt_test_60079f08__vs__89b44c96a7_super_editor__sdts_basic_45263ca5_redline_be85bd5027,clean/docx/7367931dbf_super_editor__sdt_test_60079f08,clean/docx/89b44c96a7_super_editor__sdts_basic_45263ca5,tracking_without_comments/docx/7367931dbf_super_editor__sdt_test_60079f08__vs__89b44c96a7_super_editor__sdts_basic_45263ca5_redline_be85bd5027.docx,tracking_without_comments/pdf/7367931dbf_super_editor__sdt_test_60079f08__vs__89b44c96a7_super_editor__sdts_basic_45263ca5_redline_be85bd5027.pdf,tracking_without_comments,be85bd5027,word_redlines_superdoc_0926
7367931dbf_super_editor__sdt_test_60079f08__vs__b389f55091_super_editor__comment_23ee5ec1_redline_541790cd56,clean/docx/7367931dbf_super_editor__sdt_test_60079f08,with_comments_clean/docx/b389f55091_super_editor__comment_23ee5ec1,with_comments_tracking/docx/7367931dbf_super_editor__sdt_test_60079f08__vs__b389f55091_super_editor__comment_23ee5ec1_redline_541790cd56.docx,with_comments_tracking/pdf/7367931dbf_super_editor__sdt_test_60079f08__vs__b389f55091_super_editor__comment_23ee5ec1_redline_541790cd56.pdf,with_comments_tracking,541790cd56,word_redlines_superdoc
7367931dbf_super_editor__sdt_test_60079f08__vs__b389f55091_super_editor__comment_23ee5ec1_redline_8ac7b0a13c,clean/docx/7367931dbf_super_editor__sdt_test_60079f08,with_comments_clean/docx/b389f55091_super_editor__comment_23ee5ec1,with_comments_tracking/docx/7367931dbf_super_editor__sdt_test_60079f08__vs__b389f55091_super_editor__comment_23ee5ec1_redline_8ac7b0a13c.docx,with_comments_tracking/pdf/7367931dbf_super_editor__sdt_test_60079f08__vs__b389f55091_super_editor__comment_23ee5ec1_redline_8ac7b0a13c.pdf,with_comments_tracking,8ac7b0a13c,word_redlines_superdoc_0926
7476f5fbb1_file_78__vs__fa962f4b9d_file_79_redline_5b878b9756,with_comments_tracking/docx/7476f5fbb1_file_78,clean/docx/fa962f4b9d_file_79,with_comments_tracking/docx/7476f5fbb1_file_78__vs__fa962f4b9d_file_79_redline_5b878b9756.docx,with_comments_tracking/pdf/7476f5fbb1_file_78__vs__fa962f4b9d_file_79_redline_5b878b9756.pdf,with_comments_tracking,5b878b9756,word_based_randomized_0926
74afe04686_000416d5ee481974205314977bda4d0b297b97cf56f55f5a__vs__1424386e9b_017447de83753a0e3b7afc659df038ef56972925336c6a5b_redline_eee4f02ca3,clean/docx/74afe04686_000416d5ee481974205314977bda4d0b297b97cf56f55f5a,clean/docx/1424386e9b_017447de83753a0e3b7afc659df038ef56972925336c6a5b,tracking_without_comments/docx/74afe04686_000416d5ee481974205314977bda4d0b297b97cf56f55f5a__vs__1424386e9b_017447de83753a0e3b7afc659df038ef56972925336c6a5b_redline_eee4f02ca3.docx,tracking_without_comments/pdf/74afe04686_000416d5ee481974205314977bda4d0b297b97cf56f55f5a__vs__1424386e9b_017447de83753a0e3b7afc659df038ef56972925336c6a5b_redline_eee4f02ca3.pdf,tracking_without_comments,eee4f02ca3,redlines_a100_b10
756fb54224_potpourritest__vs__f7d8cdf9a9_product_roadmap_2026_suggesting_insertions_redline_8358846f3a,with_comments_tracking/docx/756fb54224_potpourritest,tracking_without_comments/docx/f7d8cdf9a9_product_roadmap_2026_suggesting_insertions,with_comments_tracking/docx/756fb54224_potpourritest__vs__f7d8cdf9a9_product_roadmap_2026_suggesting_insertions_redline_8358846f3a.docx,with_comments_tracking/pdf/756fb54224_potpourritest__vs__f7d8cdf9a9_product_roadmap_2026_suggesting_insertions_redline_8358846f3a.pdf,with_comments_tracking,8358846f3a,word_based;fixtures_word_compares
756fb54224_potpourritest__vs__f7d8cdf9a9_product_roadmap_2026_suggesting_insertions_redline_c6d6371812,with_comments_tracking/docx/756fb54224_potpourritest,tracking_without_comments/docx/f7d8cdf9a9_product_roadmap_2026_suggesting_insertions,with_comments_tracking/docx/756fb54224_potpourritest__vs__f7d8cdf9a9_product_roadmap_2026_suggesting_insertions_redline_c6d6371812.docx,with_comments_tracking/pdf/756fb54224_potpourritest__vs__f7d8cdf9a9_product_roadmap_2026_suggesting_insertions_redline_c6d6371812.pdf,with_comments_tracking,c6d6371812,word_based_0926
75b13139d1_01424129e67ac16566c504bbb091d985cb6316a08abf5730__vs__1424386e9b_017447de83753a0e3b7afc659df038ef56972925336c6a5b_redline_fe1fadd8f9,clean/docx/75b13139d1_01424129e67ac16566c504bbb091d985cb6316a08abf5730,clean/docx/1424386e9b_017447de83753a0e3b7afc659df038ef56972925336c6a5b,tracking_without_comments/docx/75b13139d1_01424129e67ac16566c504bbb091d985cb6316a08abf5730__vs__1424386e9b_017447de83753a0e3b7afc659df038ef56972925336c6a5b_redline_fe1fadd8f9.docx,tracking_without_comments/pdf/75b13139d1_01424129e67ac16566c504bbb091d985cb6316a08abf5730__vs__1424386e9b_017447de83753a0e3b7afc659df038ef56972925336c6a5b_redline_fe1fadd8f9.pdf,tracking_without_comments,fe1fadd8f9,redlines_a100_b10
75b13139d1_01424129e67ac16566c504bbb091d985cb6316a08abf5730__vs__2773adf157_0004c94ca2a8684d47449bb0e7abf87de1df71a7e6543252_redline_c0f0e89fef,clean/docx/75b13139d1_01424129e67ac16566c504bbb091d985cb6316a08abf5730,clean/docx/2773adf157_0004c94ca2a8684d47449bb0e7abf87de1df71a7e6543252,tracking_without_comments/docx/75b13139d1_01424129e67ac16566c504bbb091d985cb6316a08abf5730__vs__2773adf157_0004c94ca2a8684d47449bb0e7abf87de1df71a7e6543252_redline_c0f0e89fef.docx,tracking_without_comments/pdf/75b13139d1_01424129e67ac16566c504bbb091d985cb6316a08abf5730__vs__2773adf157_0004c94ca2a8684d47449bb0e7abf87de1df71a7e6543252_redline_c0f0e89fef.pdf,tracking_without_comments,c0f0e89fef,redlines_a100_b10
75b13139d1_01424129e67ac16566c504bbb091d985cb6316a08abf5730__vs__bd3824dd1e_000ee64ef7226d353297888f59a251e24ce5d776fea000fa_redline_d86567e8af,clean/docx/75b13139d1_01424129e67ac16566c504bbb091d985cb6316a08abf5730,clean/docx/bd3824dd1e_000ee64ef7226d353297888f59a251e24ce5d776fea000fa,tracking_without_comments/docx/75b13139d1_01424129e67ac16566c504bbb091d985cb6316a08abf5730__vs__bd3824dd1e_000ee64ef7226d353297888f59a251e24ce5d776fea000fa_redline_d86567e8af.docx,tracking_without_comments/pdf/75b13139d1_01424129e67ac16566c504bbb091d985cb6316a08abf5730__vs__bd3824dd1e_000ee64ef7226d353297888f59a251e24ce5d776fea000fa_redline_d86567e8af.pdf,tracking_without_comments,d86567e8af,redlines_a100_b10
76a40d9ffd_000e618d79bf03ff1783da81e6c34b7ad651896dd56e75a4__vs__2773adf157_0004c94ca2a8684d47449bb0e7abf87de1df71a7e6543252_redline_8684b04242,clean/docx/76a40d9ffd_000e618d79bf03ff1783da81e6c34b7ad651896dd56e75a4,clean/docx/2773adf157_0004c94ca2a8684d47449bb0e7abf87de1df71a7e6543252,tracking_without_comments/docx/76a40d9ffd_000e618d79bf03ff1783da81e6c34b7ad651896dd56e75a4__vs__2773adf157_0004c94ca2a8684d47449bb0e7abf87de1df71a7e6543252_redline_8684b04242.docx,tracking_without_comments/pdf/76a40d9ffd_000e618d79bf03ff1783da81e6c34b7ad651896dd56e75a4__vs__2773adf157_0004c94ca2a8684d47449bb0e7abf87de1df71a7e6543252_redline_8684b04242.pdf,tracking_without_comments,8684b04242,redlines_a100_b10
776a437291_behavior__two_column_simple_e77be963__vs__9586202517_super_editor__two_column_two_page_0b8a37c5_redline_9c21af278f,clean/docx/776a437291_behavior__two_column_simple_e77be963,clean/docx/9586202517_super_editor__two_column_two_page_0b8a37c5,tracking_without_comments/docx/776a437291_behavior__two_column_simple_e77be963__vs__9586202517_super_editor__two_column_two_page_0b8a37c5_redline_9c21af278f.docx,tracking_without_comments/pdf/776a437291_behavior__two_column_simple_e77be963__vs__9586202517_super_editor__two_column_two_page_0b8a37c5_redline_9c21af278f.pdf,tracking_without_comments,9c21af278f,word_redlines_superdoc_0926
776a437291_behavior__two_column_simple_e77be963__vs__9e80f22c51_behavior__word_native_bullet_circle_80d6f323_redline_48789ea607,clean/docx/776a437291_behavior__two_column_simple_e77be963,clean/docx/9e80f22c51_behavior__word_native_bullet_circle_80d6f323,tracking_without_comments/docx/776a437291_behavior__two_column_simple_e77be963__vs__9e80f22c51_behavior__word_native_bullet_circle_80d6f323_redline_48789ea607.docx,tracking_without_comments/pdf/776a437291_behavior__two_column_simple_e77be963__vs__9e80f22c51_behavior__word_native_bullet_circle_80d6f323_redline_48789ea607.pdf,tracking_without_comments,48789ea607,word_redlines_superdoc_0926
778598c773_1_5_line_spacing_id_paraid_overflow__vs__14d3f7889a_24_id_paraid_overflow_redline_d67fac1454,clean/docx/778598c773_1_5_line_spacing_id_paraid_overflow,clean/docx/14d3f7889a_24_id_paraid_overflow,tracking_without_comments/docx/778598c773_1_5_line_spacing_id_paraid_overflow__vs__14d3f7889a_24_id_paraid_overflow_redline_d67fac1454.docx,tracking_without_comments/pdf/778598c773_1_5_line_spacing_id_paraid_overflow__vs__14d3f7889a_24_id_paraid_overflow_redline_d67fac1454.pdf,tracking_without_comments,d67fac1454,nocomments
7962b06671_super_editor__bookmark_use_cases_d20f31f6__vs__7a48682ea5_super_editor__superdoc_hyperlink_cases_1dde9cd3_redline_f47143b5cb,clean/docx/7962b06671_super_editor__bookmark_use_cases_d20f31f6,clean/docx/7a48682ea5_super_editor__superdoc_hyperlink_cases_1dde9cd3,tracking_without_comments/docx/7962b06671_super_editor__bookmark_use_cases_d20f31f6__vs__7a48682ea5_super_editor__superdoc_hyperlink_cases_1dde9cd3_redline_f47143b5cb.docx,tracking_without_comments/pdf/7962b06671_super_editor__bookmark_use_cases_d20f31f6__vs__7a48682ea5_super_editor__superdoc_hyperlink_cases_1dde9cd3_redline_f47143b5cb.pdf,tracking_without_comments,f47143b5cb,word_redlines_superdoc
799980e6af_file_12__vs__2bd5ae6064_file_13_redline_612a3c24fa,with_comments_clean/docx/799980e6af_file_12,clean/docx/2bd5ae6064_file_13,with_comments_tracking/docx/799980e6af_file_12__vs__2bd5ae6064_file_13_redline_612a3c24fa.docx,with_comments_tracking/pdf/799980e6af_file_12__vs__2bd5ae6064_file_13_redline_612a3c24fa.pdf,with_comments_tracking,612a3c24fa,word_based_randomized
799980e6af_file_12__vs__2bd5ae6064_file_13_redline_e212b559b2,with_comments_clean/docx/799980e6af_file_12,clean/docx/2bd5ae6064_file_13,with_comments_tracking/docx/799980e6af_file_12__vs__2bd5ae6064_file_13_redline_e212b559b2.docx,with_comments_tracking/pdf/799980e6af_file_12__vs__2bd5ae6064_file_13_redline_e212b559b2.pdf,with_comments_tracking,e212b559b2,word_based_randomized_0926
7a0bdaf60f_file_9__vs__5863557aba_file_10_redline_2c3258f626,tracking_without_comments/docx/7a0bdaf60f_file_9,clean/docx/5863557aba_file_10,tracking_without_comments/docx/7a0bdaf60f_file_9__vs__5863557aba_file_10_redline_2c3258f626.docx,tracking_without_comments/pdf/7a0bdaf60f_file_9__vs__5863557aba_file_10_redline_2c3258f626.pdf,tracking_without_comments,2c3258f626,nocomments_randomized
7b076416b0_sectpr_headerref__vs__4ba01802a7_super_editor__diff_after_10f1912e_redline_3a7c6c04a0,clean/docx/7b076416b0_sectpr_headerref,clean/docx/4ba01802a7_super_editor__diff_after_10f1912e,tracking_without_comments/docx/7b076416b0_sectpr_headerref__vs__4ba01802a7_super_editor__diff_after_10f1912e_redline_3a7c6c04a0.docx,tracking_without_comments/pdf/7b076416b0_sectpr_headerref__vs__4ba01802a7_super_editor__diff_after_10f1912e_redline_3a7c6c04a0.pdf,tracking_without_comments,3a7c6c04a0,word_redlines_superdoc
7c87c9cd93_super_editor__complex_list_def_short_fde20a67__vs__5d17fd43a9_complex_style_attr_redline_5477ba61c5,clean/docx/7c87c9cd93_super_editor__complex_list_def_short_fde20a67,clean/docx/5d17fd43a9_complex_style_attr,tracking_without_comments/docx/7c87c9cd93_super_editor__complex_list_def_short_fde20a67__vs__5d17fd43a9_complex_style_attr_redline_5477ba61c5.docx,tracking_without_comments/pdf/7c87c9cd93_super_editor__complex_list_def_short_fde20a67__vs__5d17fd43a9_complex_style_attr_redline_5477ba61c5.pdf,tracking_without_comments,5477ba61c5,word_redlines_superdoc
7d0c2f81c2_calibri_font_demo_id_paraid_overflow_2__vs__f0f7d7305e_calibri_font_demo_id_paraid_overflow_redline_b512085c37,clean/docx/7d0c2f81c2_calibri_font_demo_id_paraid_overflow_2,clean/docx/f0f7d7305e_calibri_font_demo_id_paraid_overflow,tracking_without_comments/docx/7d0c2f81c2_calibri_font_demo_id_paraid_overflow_2__vs__f0f7d7305e_calibri_font_demo_id_paraid_overflow_redline_b512085c37.docx,tracking_without_comments/pdf/7d0c2f81c2_calibri_font_demo_id_paraid_overflow_2__vs__f0f7d7305e_calibri_font_demo_id_paraid_overflow_redline_b512085c37.pdf,tracking_without_comments,b512085c37,nocomments
7dfa52fb98_alternate_content__vs__989d39fe65_anchor_images_redline_9c7c3c5be2,clean/docx/7dfa52fb98_alternate_content,clean/docx/989d39fe65_anchor_images,tracking_without_comments/docx/7dfa52fb98_alternate_content__vs__989d39fe65_anchor_images_redline_9c7c3c5be2.docx,tracking_without_comments/pdf/7dfa52fb98_alternate_content__vs__989d39fe65_anchor_images_redline_9c7c3c5be2.pdf,tracking_without_comments,9c7c3c5be2,nocomments
7e405bc8f2_font_size_12_demo_id_paraid_overflow__vs__93e2be10e6_font_size_18_demo_style_default_missing_redline_83b966e72a,clean/docx/7e405bc8f2_font_size_12_demo_id_paraid_overflow,clean/docx/93e2be10e6_font_size_18_demo_style_default_missing,tracking_without_comments/docx/7e405bc8f2_font_size_12_demo_id_paraid_overflow__vs__93e2be10e6_font_size_18_demo_style_default_missing_redline_83b966e72a.docx,tracking_without_comments/pdf/7e405bc8f2_font_size_12_demo_id_paraid_overflow__vs__93e2be10e6_font_size_18_demo_style_default_missing_redline_83b966e72a.pdf,tracking_without_comments,83b966e72a,word_based_0926
7e4c9416aa_00803e70c3646e42abab322238df606c847686168795a703__vs__deff0e697a_00b5defcad6e58038eac35472a2d48c89905068e5ece0cc3_redline_28bffdda4c,clean/docx/7e4c9416aa_00803e70c3646e42abab322238df606c847686168795a703,clean/docx/deff0e697a_00b5defcad6e58038eac35472a2d48c89905068e5ece0cc3,tracking_without_comments/docx/7e4c9416aa_00803e70c3646e42abab322238df606c847686168795a703__vs__deff0e697a_00b5defcad6e58038eac35472a2d48c89905068e5ece0cc3_redline_28bffdda4c.docx,tracking_without_comments/pdf/7e4c9416aa_00803e70c3646e42abab322238df606c847686168795a703__vs__deff0e697a_00b5defcad6e58038eac35472a2d48c89905068e5ece0cc3_redline_28bffdda4c.pdf,tracking_without_comments,28bffdda4c,redlines_a100_b10
7e77c2f888_file_120__vs__525c779243_file_121_redline_ec35cc3904,clean/docx/7e77c2f888_file_120,clean/docx/525c779243_file_121,tracking_without_comments/docx/7e77c2f888_file_120__vs__525c779243_file_121_redline_ec35cc3904.docx,tracking_without_comments/pdf/7e77c2f888_file_120__vs__525c779243_file_121_redline_ec35cc3904.pdf,tracking_without_comments,ec35cc3904,word_based_randomized_0926
7fd9abba03_file_87__vs__faa7c6b110_file_88_redline_168f905e48,clean/docx/7fd9abba03_file_87,clean/docx/faa7c6b110_file_88,tracking_without_comments/docx/7fd9abba03_file_87__vs__faa7c6b110_file_88_redline_168f905e48.docx,tracking_without_comments/pdf/7fd9abba03_file_87__vs__faa7c6b110_file_88_redline_168f905e48.pdf,tracking_without_comments,168f905e48,word_based_randomized_0926
81158d928d_sample_document_afterword_repaired_word_repaired__vs__ba3f04f252_sample_document_really_repaired_word_repaired_redline_2c123533f6,with_comments_tracking/docx/81158d928d_sample_document_afterword_repaired_word_repaired,with_comments_tracking/docx/ba3f04f252_sample_document_really_repaired_word_repaired,with_comments_tracking/docx/81158d928d_sample_document_afterword_repaired_word_repaired__vs__ba3f04f252_sample_document_really_repaired_word_repaired_redline_2c123533f6.docx,with_comments_tracking/pdf/81158d928d_sample_document_afterword_repaired_word_repaired__vs__ba3f04f252_sample_document_really_repaired_word_repaired_redline_2c123533f6.pdf,with_comments_tracking,2c123533f6,word_based_0926
812c0181d7_file_68__vs__4304570867_file_69_redline_b83c047cac,clean/docx/812c0181d7_file_68,with_comments_tracking/docx/4304570867_file_69,with_comments_tracking/docx/812c0181d7_file_68__vs__4304570867_file_69_redline_b83c047cac.docx,with_comments_tracking/pdf/812c0181d7_file_68__vs__4304570867_file_69_redline_b83c047cac.pdf,with_comments_tracking,b83c047cac,word_based_randomized
812c0181d7_file_68__vs__4304570867_file_69_redline_dd2370e500,clean/docx/812c0181d7_file_68,with_comments_tracking/docx/4304570867_file_69,with_comments_tracking/docx/812c0181d7_file_68__vs__4304570867_file_69_redline_dd2370e500.docx,with_comments_tracking/pdf/812c0181d7_file_68__vs__4304570867_file_69_redline_dd2370e500.pdf,with_comments_tracking,dd2370e500,word_based_randomized_0926
8138a2180b_file_145__vs__ac0bcc10fe_file_146_redline_77dfa18528,clean/docx/8138a2180b_file_145,with_comments_tracking/docx/ac0bcc10fe_file_146,with_comments_tracking/docx/8138a2180b_file_145__vs__ac0bcc10fe_file_146_redline_77dfa18528.docx,with_comments_tracking/pdf/8138a2180b_file_145__vs__ac0bcc10fe_file_146_redline_77dfa18528.pdf,with_comments_tracking,77dfa18528,word_based_randomized
81f7cad226_009fa3f6b717df4d0e9371d67f305110d5096bc9178134b0__vs__aa5340125d_00a4b0b91e9b5b072dc3771391c2d608518690eccf44eae8_redline_efc01e33db,clean/docx/81f7cad226_009fa3f6b717df4d0e9371d67f305110d5096bc9178134b0,clean/docx/aa5340125d_00a4b0b91e9b5b072dc3771391c2d608518690eccf44eae8,tracking_without_comments/docx/81f7cad226_009fa3f6b717df4d0e9371d67f305110d5096bc9178134b0__vs__aa5340125d_00a4b0b91e9b5b072dc3771391c2d608518690eccf44eae8_redline_efc01e33db.docx,tracking_without_comments/pdf/81f7cad226_009fa3f6b717df4d0e9371d67f305110d5096bc9178134b0__vs__aa5340125d_00a4b0b91e9b5b072dc3771391c2d608518690eccf44eae8_redline_efc01e33db.pdf,tracking_without_comments,efc01e33db,redlines_a100_b10
81f7cad226_009fa3f6b717df4d0e9371d67f305110d5096bc9178134b0__vs__deff0e697a_00b5defcad6e58038eac35472a2d48c89905068e5ece0cc3_redline_4ff9420e2e,clean/docx/81f7cad226_009fa3f6b717df4d0e9371d67f305110d5096bc9178134b0,clean/docx/deff0e697a_00b5defcad6e58038eac35472a2d48c89905068e5ece0cc3,tracking_without_comments/docx/81f7cad226_009fa3f6b717df4d0e9371d67f305110d5096bc9178134b0__vs__deff0e697a_00b5defcad6e58038eac35472a2d48c89905068e5ece0cc3_redline_4ff9420e2e.docx,tracking_without_comments/pdf/81f7cad226_009fa3f6b717df4d0e9371d67f305110d5096bc9178134b0__vs__deff0e697a_00b5defcad6e58038eac35472a2d48c89905068e5ece0cc3_redline_4ff9420e2e.pdf,tracking_without_comments,4ff9420e2e,redlines_a100_b10
82348eef4b_multi_section__vs__756fb54224_potpourritest_redline_ae9547abd2,clean/docx/82348eef4b_multi_section,with_comments_tracking/docx/756fb54224_potpourritest,with_comments_tracking/docx/82348eef4b_multi_section__vs__756fb54224_potpourritest_redline_ae9547abd2.docx,with_comments_tracking/pdf/82348eef4b_multi_section__vs__756fb54224_potpourritest_redline_ae9547abd2.pdf,with_comments_tracking,ae9547abd2,word_based_0926
82348eef4b_multi_section__vs__756fb54224_potpourritest_redline_ea2b188e7f,clean/docx/82348eef4b_multi_section,with_comments_tracking/docx/756fb54224_potpourritest,with_comments_tracking/docx/82348eef4b_multi_section__vs__756fb54224_potpourritest_redline_ea2b188e7f.docx,with_comments_tracking/pdf/82348eef4b_multi_section__vs__756fb54224_potpourritest_redline_ea2b188e7f.pdf,with_comments_tracking,ea2b188e7f,word_based;fixtures_word_compares;pdf_fill_0928
82348eef4b_multi_section__vs__f7ece685ff_behavior__math_limit_tests_6dc07867_redline_4c9530a4f7,clean/docx/82348eef4b_multi_section,clean/docx/f7ece685ff_behavior__math_limit_tests_6dc07867,tracking_without_comments/docx/82348eef4b_multi_section__vs__f7ece685ff_behavior__math_limit_tests_6dc07867_redline_4c9530a4f7.docx,tracking_without_comments/pdf/82348eef4b_multi_section__vs__f7ece685ff_behavior__math_limit_tests_6dc07867_redline_4c9530a4f7.pdf,tracking_without_comments,4c9530a4f7,word_redlines_superdoc_0926
82794f31ff_evals__basic_list_b4d9bb45__vs__eb714d5f76_evals__blank_bc294b57_redline_31b13fd92e,clean/docx/82794f31ff_evals__basic_list_b4d9bb45,clean/docx/eb714d5f76_evals__blank_bc294b57,tracking_without_comments/docx/82794f31ff_evals__basic_list_b4d9bb45__vs__eb714d5f76_evals__blank_bc294b57_redline_31b13fd92e.docx,tracking_without_comments/pdf/82794f31ff_evals__basic_list_b4d9bb45__vs__eb714d5f76_evals__blank_bc294b57_redline_31b13fd92e.pdf,tracking_without_comments,31b13fd92e,word_redlines_superdoc
82b6024490_eba09f901ffae6c9a565fe0d013e73c75ca8391ebf9af116__vs__ea63b1e6ab_08648d2f8645b144ab3a2701f5f63a1b7b60d23e9bc651bb_redline_09ae9605c6,clean/docx/82b6024490_eba09f901ffae6c9a565fe0d013e73c75ca8391ebf9af116,clean/docx/ea63b1e6ab_08648d2f8645b144ab3a2701f5f63a1b7b60d23e9bc651bb,tracking_without_comments/docx/82b6024490_eba09f901ffae6c9a565fe0d013e73c75ca8391ebf9af116__vs__ea63b1e6ab_08648d2f8645b144ab3a2701f5f63a1b7b60d23e9bc651bb_redline_09ae9605c6.docx,tracking_without_comments/pdf/82b6024490_eba09f901ffae6c9a565fe0d013e73c75ca8391ebf9af116__vs__ea63b1e6ab_08648d2f8645b144ab3a2701f5f63a1b7b60d23e9bc651bb_redline_09ae9605c6.pdf,tracking_without_comments,09ae9605c6,redlines_en_500
82ee7342fd_file_5__vs__1072677c3a_file_6_redline_70a6883d16,clean/docx/82ee7342fd_file_5,with_comments_tracking/docx/1072677c3a_file_6,with_comments_tracking/docx/82ee7342fd_file_5__vs__1072677c3a_file_6_redline_70a6883d16.docx,with_comments_tracking/pdf/82ee7342fd_file_5__vs__1072677c3a_file_6_redline_70a6883d16.pdf,with_comments_tracking,70a6883d16,word_based_randomized_0926
830eb0f0a2_file_169__vs__bc85714262_file_170_redline_10358095a4,clean/docx/830eb0f0a2_file_169,with_comments_tracking/docx/bc85714262_file_170,with_comments_tracking/docx/830eb0f0a2_file_169__vs__bc85714262_file_170_redline_10358095a4.docx,with_comments_tracking/pdf/830eb0f0a2_file_169__vs__bc85714262_file_170_redline_10358095a4.pdf,with_comments_tracking,10358095a4,word_based_randomized_0926
836d7aa3c4_file_14__vs__70a28a8258_file_15_redline_a045479a81,with_comments_tracking/docx/836d7aa3c4_file_14,clean/docx/70a28a8258_file_15,with_comments_tracking/docx/836d7aa3c4_file_14__vs__70a28a8258_file_15_redline_a045479a81.docx,with_comments_tracking/pdf/836d7aa3c4_file_14__vs__70a28a8258_file_15_redline_a045479a81.pdf,with_comments_tracking,a045479a81,word_based_randomized
83799a0610_00bced7d0ce7770362c5b667b5e92abefcbfcf5315a2bbf6__vs__2773adf157_0004c94ca2a8684d47449bb0e7abf87de1df71a7e6543252_redline_f4eef0df39,clean/docx/83799a0610_00bced7d0ce7770362c5b667b5e92abefcbfcf5315a2bbf6,clean/docx/2773adf157_0004c94ca2a8684d47449bb0e7abf87de1df71a7e6543252,tracking_without_comments/docx/83799a0610_00bced7d0ce7770362c5b667b5e92abefcbfcf5315a2bbf6__vs__2773adf157_0004c94ca2a8684d47449bb0e7abf87de1df71a7e6543252_redline_f4eef0df39.docx,tracking_without_comments/pdf/83799a0610_00bced7d0ce7770362c5b667b5e92abefcbfcf5315a2bbf6__vs__2773adf157_0004c94ca2a8684d47449bb0e7abf87de1df71a7e6543252_redline_f4eef0df39.pdf,tracking_without_comments,f4eef0df39,redlines_a100_b10
838af02d11_file_173__vs__13ea153d22_file_174_redline_23e03057e6,with_comments_clean/docx/838af02d11_file_173,clean/docx/13ea153d22_file_174,with_comments_tracking/docx/838af02d11_file_173__vs__13ea153d22_file_174_redline_23e03057e6.docx,with_comments_tracking/pdf/838af02d11_file_173__vs__13ea153d22_file_174_redline_23e03057e6.pdf,with_comments_tracking,23e03057e6,word_based_randomized
838af02d11_file_173__vs__13ea153d22_file_174_redline_79f93926e2,with_comments_clean/docx/838af02d11_file_173,clean/docx/13ea153d22_file_174,with_comments_tracking/docx/838af02d11_file_173__vs__13ea153d22_file_174_redline_79f93926e2.docx,with_comments_tracking/pdf/838af02d11_file_173__vs__13ea153d22_file_174_redline_79f93926e2.pdf,with_comments_tracking,79f93926e2,word_based_randomized_0926
840f6a63da_file_4__vs__f141395e21_file_5_redline_56b5a067ab,clean/docx/840f6a63da_file_4,clean/docx/f141395e21_file_5,tracking_without_comments/docx/840f6a63da_file_4__vs__f141395e21_file_5_redline_56b5a067ab.docx,tracking_without_comments/pdf/840f6a63da_file_4__vs__f141395e21_file_5_redline_56b5a067ab.pdf,tracking_without_comments,56b5a067ab,nocomments_randomized
8441c4ae21_sd_2517_localized_heading_styles__vs__7e685cbab1_super_editor__ooxml_underline_rstyle_linked_comb_redline_9bd3b882f8,clean/docx/8441c4ae21_sd_2517_localized_heading_styles,clean/docx/7e685cbab1_super_editor__ooxml_underline_rstyle_linked_comb,tracking_without_comments/docx/8441c4ae21_sd_2517_localized_heading_styles__vs__7e685cbab1_super_editor__ooxml_underline_rstyle_linked_comb_redline_9bd3b882f8.docx,tracking_without_comments/pdf/8441c4ae21_sd_2517_localized_heading_styles__vs__7e685cbab1_super_editor__ooxml_underline_rstyle_linked_comb_redline_9bd3b882f8.pdf,tracking_without_comments,9bd3b882f8,word_redlines_superdoc
8441c4ae21_sd_2517_localized_heading_styles__vs__f584285fed_behavior__sd_2672_gridbefore_vmerge_7c895dff_redline_bc8691e22a,clean/docx/8441c4ae21_sd_2517_localized_heading_styles,clean/docx/f584285fed_behavior__sd_2672_gridbefore_vmerge_7c895dff,tracking_without_comments/docx/8441c4ae21_sd_2517_localized_heading_styles__vs__f584285fed_behavior__sd_2672_gridbefore_vmerge_7c895dff_redline_bc8691e22a.docx,tracking_without_comments/pdf/8441c4ae21_sd_2517_localized_heading_styles__vs__f584285fed_behavior__sd_2672_gridbefore_vmerge_7c895dff_redline_bc8691e22a.pdf,tracking_without_comments,bc8691e22a,word_redlines_superdoc
849eefdb7e_7429fdae0db732bd2f2dbd382964e22d8200733591aa421d__vs__67555165fa_5aaa1b479afe01ccd8430417730f6ce91d16f00d01314895_redline_4699b416f2,clean/docx/849eefdb7e_7429fdae0db732bd2f2dbd382964e22d8200733591aa421d,clean/docx/67555165fa_5aaa1b479afe01ccd8430417730f6ce91d16f00d01314895,tracking_without_comments/docx/849eefdb7e_7429fdae0db732bd2f2dbd382964e22d8200733591aa421d__vs__67555165fa_5aaa1b479afe01ccd8430417730f6ce91d16f00d01314895_redline_4699b416f2.docx,tracking_without_comments/pdf/849eefdb7e_7429fdae0db732bd2f2dbd382964e22d8200733591aa421d__vs__67555165fa_5aaa1b479afe01ccd8430417730f6ce91d16f00d01314895_redline_4699b416f2.pdf,tracking_without_comments,4699b416f2,redlines_en_500
84b67d8458_file_91__vs__eee49d9614_file_92_redline_5f28b316eb,clean/docx/84b67d8458_file_91,clean/docx/eee49d9614_file_92,tracking_without_comments/docx/84b67d8458_file_91__vs__eee49d9614_file_92_redline_5f28b316eb.docx,tracking_without_comments/pdf/84b67d8458_file_91__vs__eee49d9614_file_92_redline_5f28b316eb.pdf,tracking_without_comments,5f28b316eb,nocomments_randomized
84f5fb598b_super_editor__diff_before11_1b953eaf__vs__7962b06671_super_editor__bookmark_use_cases_d20f31f6_redline_29d3f492fb,with_comments_tracking/docx/84f5fb598b_super_editor__diff_before11_1b953eaf,clean/docx/7962b06671_super_editor__bookmark_use_cases_d20f31f6,with_comments_tracking/docx/84f5fb598b_super_editor__diff_before11_1b953eaf__vs__7962b06671_super_editor__bookmark_use_cases_d20f31f6_redline_29d3f492fb.docx,with_comments_tracking/pdf/84f5fb598b_super_editor__diff_before11_1b953eaf__vs__7962b06671_super_editor__bookmark_use_cases_d20f31f6_redline_29d3f492fb.pdf,with_comments_tracking,29d3f492fb,word_redlines_superdoc_0926
84f5fb598b_super_editor__diff_before11_1b953eaf__vs__7962b06671_super_editor__bookmark_use_cases_d20f31f6_redline_2e61a08273,with_comments_tracking/docx/84f5fb598b_super_editor__diff_before11_1b953eaf,clean/docx/7962b06671_super_editor__bookmark_use_cases_d20f31f6,with_comments_tracking/docx/84f5fb598b_super_editor__diff_before11_1b953eaf__vs__7962b06671_super_editor__bookmark_use_cases_d20f31f6_redline_2e61a08273.docx,with_comments_tracking/pdf/84f5fb598b_super_editor__diff_before11_1b953eaf__vs__7962b06671_super_editor__bookmark_use_cases_d20f31f6_redline_2e61a08273.pdf,with_comments_tracking,2e61a08273,word_redlines_superdoc
852426b54e_file_194__vs__08147dee09_file_195_redline_077e0aba23,clean/docx/852426b54e_file_194,clean/docx/08147dee09_file_195,tracking_without_comments/docx/852426b54e_file_194__vs__08147dee09_file_195_redline_077e0aba23.docx,tracking_without_comments/pdf/852426b54e_file_194__vs__08147dee09_file_195_redline_077e0aba23.pdf,tracking_without_comments,077e0aba23,word_based_randomized
85692b483f_file_123__vs__0086695f46_file_124_redline_1108cc4aae,with_comments_clean/docx/85692b483f_file_123,tracking_without_comments/docx/0086695f46_file_124,with_comments_tracking/docx/85692b483f_file_123__vs__0086695f46_file_124_redline_1108cc4aae.docx,with_comments_tracking/pdf/85692b483f_file_123__vs__0086695f46_file_124_redline_1108cc4aae.pdf,with_comments_tracking,1108cc4aae,word_based_randomized
86dc9f8b89_d9741e94a77e8a33fb7135c224d58a30ff22d024d8006678__vs__bf59b6619e_f0c319ff40c294c3ca967fc6067d6ba582481a6f2073b112_redline_ddb7863a39,clean/docx/86dc9f8b89_d9741e94a77e8a33fb7135c224d58a30ff22d024d8006678,clean/docx/bf59b6619e_f0c319ff40c294c3ca967fc6067d6ba582481a6f2073b112,tracking_without_comments/docx/86dc9f8b89_d9741e94a77e8a33fb7135c224d58a30ff22d024d8006678__vs__bf59b6619e_f0c319ff40c294c3ca967fc6067d6ba582481a6f2073b112_redline_ddb7863a39.docx,tracking_without_comments/pdf/86dc9f8b89_d9741e94a77e8a33fb7135c224d58a30ff22d024d8006678__vs__bf59b6619e_f0c319ff40c294c3ca967fc6067d6ba582481a6f2073b112_redline_ddb7863a39.pdf,tracking_without_comments,ddb7863a39,redlines_en_500
8775f4c82d_font_size_24_demo_id_paraid_overflow__vs__145c9e6761_font_size_demo_id_paraid_overflow_redline_b534da972f,clean/docx/8775f4c82d_font_size_24_demo_id_paraid_overflow,clean/docx/145c9e6761_font_size_demo_id_paraid_overflow,tracking_without_comments/docx/8775f4c82d_font_size_24_demo_id_paraid_overflow__vs__145c9e6761_font_size_demo_id_paraid_overflow_redline_b534da972f.docx,tracking_without_comments/pdf/8775f4c82d_font_size_24_demo_id_paraid_overflow__vs__145c9e6761_font_size_demo_id_paraid_overflow_redline_b534da972f.pdf,tracking_without_comments,b534da972f,nocomments
899ef4306e_0017891576e438292c35db3155e97d16ec0d68144e21bfc3__vs__2773adf157_0004c94ca2a8684d47449bb0e7abf87de1df71a7e6543252_redline_83ba58bf48,clean/docx/899ef4306e_0017891576e438292c35db3155e97d16ec0d68144e21bfc3,clean/docx/2773adf157_0004c94ca2a8684d47449bb0e7abf87de1df71a7e6543252,tracking_without_comments/docx/899ef4306e_0017891576e438292c35db3155e97d16ec0d68144e21bfc3__vs__2773adf157_0004c94ca2a8684d47449bb0e7abf87de1df71a7e6543252_redline_83ba58bf48.docx,tracking_without_comments/pdf/899ef4306e_0017891576e438292c35db3155e97d16ec0d68144e21bfc3__vs__2773adf157_0004c94ca2a8684d47449bb0e7abf87de1df71a7e6543252_redline_83ba58bf48.pdf,tracking_without_comments,83ba58bf48,redlines_a100_b10
899ef4306e_0017891576e438292c35db3155e97d16ec0d68144e21bfc3__vs__aa5340125d_00a4b0b91e9b5b072dc3771391c2d608518690eccf44eae8_redline_33d486ead6,clean/docx/899ef4306e_0017891576e438292c35db3155e97d16ec0d68144e21bfc3,clean/docx/aa5340125d_00a4b0b91e9b5b072dc3771391c2d608518690eccf44eae8,tracking_without_comments/docx/899ef4306e_0017891576e438292c35db3155e97d16ec0d68144e21bfc3__vs__aa5340125d_00a4b0b91e9b5b072dc3771391c2d608518690eccf44eae8_redline_33d486ead6.docx,tracking_without_comments/pdf/899ef4306e_0017891576e438292c35db3155e97d16ec0d68144e21bfc3__vs__aa5340125d_00a4b0b91e9b5b072dc3771391c2d608518690eccf44eae8_redline_33d486ead6.pdf,tracking_without_comments,33d486ead6,redlines_a100_b10
899ef4306e_0017891576e438292c35db3155e97d16ec0d68144e21bfc3__vs__deff0e697a_00b5defcad6e58038eac35472a2d48c89905068e5ece0cc3_redline_e0ba0467a2,clean/docx/899ef4306e_0017891576e438292c35db3155e97d16ec0d68144e21bfc3,clean/docx/deff0e697a_00b5defcad6e58038eac35472a2d48c89905068e5ece0cc3,tracking_without_comments/docx/899ef4306e_0017891576e438292c35db3155e97d16ec0d68144e21bfc3__vs__deff0e697a_00b5defcad6e58038eac35472a2d48c89905068e5ece0cc3_redline_e0ba0467a2.docx,tracking_without_comments/pdf/899ef4306e_0017891576e438292c35db3155e97d16ec0d68144e21bfc3__vs__deff0e697a_00b5defcad6e58038eac35472a2d48c89905068e5ece0cc3_redline_e0ba0467a2.pdf,tracking_without_comments,e0ba0467a2,redlines_a100_b10
89b44c96a7_super_editor__sdts_basic_45263ca5__vs__a21c45464c_super_editor__shape_group_ce60e1e6_redline_9fae55dec1,clean/docx/89b44c96a7_super_editor__sdts_basic_45263ca5,clean/docx/a21c45464c_super_editor__shape_group_ce60e1e6,tracking_without_comments/docx/89b44c96a7_super_editor__sdts_basic_45263ca5__vs__a21c45464c_super_editor__shape_group_ce60e1e6_redline_9fae55dec1.docx,tracking_without_comments/pdf/89b44c96a7_super_editor__sdts_basic_45263ca5__vs__a21c45464c_super_editor__shape_group_ce60e1e6_redline_9fae55dec1.pdf,tracking_without_comments,9fae55dec1,word_redlines_superdoc
8a553b35e4_super_editor__doc_with_spaces_from_styles_734ca2__vs__0a1badc333_super_editor__missing_sectpr_967a402d_redline_b62cc72658,clean/docx/8a553b35e4_super_editor__doc_with_spaces_from_styles_734ca2,clean/docx/0a1badc333_super_editor__missing_sectpr_967a402d,tracking_without_comments/docx/8a553b35e4_super_editor__doc_with_spaces_from_styles_734ca2__vs__0a1badc333_super_editor__missing_sectpr_967a402d_redline_b62cc72658.docx,tracking_without_comments/pdf/8a553b35e4_super_editor__doc_with_spaces_from_styles_734ca2__vs__0a1badc333_super_editor__missing_sectpr_967a402d_redline_b62cc72658.pdf,tracking_without_comments,b62cc72658,word_redlines_superdoc_0926
8a553b35e4_super_editor__doc_with_spaces_from_styles_734ca2__vs__b5a6dd6c66_super_editor__diff_before_019353a2_redline_df196213a7,clean/docx/8a553b35e4_super_editor__doc_with_spaces_from_styles_734ca2,clean/docx/b5a6dd6c66_super_editor__diff_before_019353a2,tracking_without_comments/docx/8a553b35e4_super_editor__doc_with_spaces_from_styles_734ca2__vs__b5a6dd6c66_super_editor__diff_before_019353a2_redline_df196213a7.docx,tracking_without_comments/pdf/8a553b35e4_super_editor__doc_with_spaces_from_styles_734ca2__vs__b5a6dd6c66_super_editor__diff_before_019353a2_redline_df196213a7.pdf,tracking_without_comments,df196213a7,word_redlines_superdoc_0926
8a553b35e4_super_editor__doc_with_spaces_from_styles_734ca2__vs__de3c6fded9_super_editor__doc_with_spacing_e3d47bd7_redline_e0f213a660,clean/docx/8a553b35e4_super_editor__doc_with_spaces_from_styles_734ca2,clean/docx/de3c6fded9_super_editor__doc_with_spacing_e3d47bd7,tracking_without_comments/docx/8a553b35e4_super_editor__doc_with_spaces_from_styles_734ca2__vs__de3c6fded9_super_editor__doc_with_spacing_e3d47bd7_redline_e0f213a660.docx,tracking_without_comments/pdf/8a553b35e4_super_editor__doc_with_spaces_from_styles_734ca2__vs__de3c6fded9_super_editor__doc_with_spacing_e3d47bd7_redline_e0f213a660.pdf,tracking_without_comments,e0f213a660,word_redlines_superdoc_0926
8bf3c89c49_roboto_font_demo_id_paraid_overflow_2__vs__80c61daaae_roboto_font_demo_id_paraid_overflow_redline_ac2d091203,clean/docx/8bf3c89c49_roboto_font_demo_id_paraid_overflow_2,clean/docx/80c61daaae_roboto_font_demo_id_paraid_overflow,tracking_without_comments/docx/8bf3c89c49_roboto_font_demo_id_paraid_overflow_2__vs__80c61daaae_roboto_font_demo_id_paraid_overflow_redline_ac2d091203.docx,tracking_without_comments/pdf/8bf3c89c49_roboto_font_demo_id_paraid_overflow_2__vs__80c61daaae_roboto_font_demo_id_paraid_overflow_redline_ac2d091203.pdf,tracking_without_comments,ac2d091203,nocomments
8c730b5c80_heading_4_right_italic_id_paraid_overflow__vs__00da16e738_heading_4_style_demo_id_paraid_overflow_2_redline_42e2b0605f,clean/docx/8c730b5c80_heading_4_right_italic_id_paraid_overflow,clean/docx/00da16e738_heading_4_style_demo_id_paraid_overflow_2,tracking_without_comments/docx/8c730b5c80_heading_4_right_italic_id_paraid_overflow__vs__00da16e738_heading_4_style_demo_id_paraid_overflow_2_redline_42e2b0605f.docx,tracking_without_comments/pdf/8c730b5c80_heading_4_right_italic_id_paraid_overflow__vs__00da16e738_heading_4_style_demo_id_paraid_overflow_2_redline_42e2b0605f.pdf,tracking_without_comments,42e2b0605f,word_based_0926
8c79860f8d_file_75__vs__d87d0dd9a8_file_76_redline_0ba672f125,clean/docx/8c79860f8d_file_75,clean/docx/d87d0dd9a8_file_76,tracking_without_comments/docx/8c79860f8d_file_75__vs__d87d0dd9a8_file_76_redline_0ba672f125.docx,tracking_without_comments/pdf/8c79860f8d_file_75__vs__d87d0dd9a8_file_76_redline_0ba672f125.pdf,tracking_without_comments,0ba672f125,word_based_randomized
8cd372b814_0193e5015be906eb45df5f7b3ceb682c7ff53cb52f15a0bf__vs__2773adf157_0004c94ca2a8684d47449bb0e7abf87de1df71a7e6543252_redline_18d4bdcfd9,clean/docx/8cd372b814_0193e5015be906eb45df5f7b3ceb682c7ff53cb52f15a0bf,clean/docx/2773adf157_0004c94ca2a8684d47449bb0e7abf87de1df71a7e6543252,tracking_without_comments/docx/8cd372b814_0193e5015be906eb45df5f7b3ceb682c7ff53cb52f15a0bf__vs__2773adf157_0004c94ca2a8684d47449bb0e7abf87de1df71a7e6543252_redline_18d4bdcfd9.docx,tracking_without_comments/pdf/8cd372b814_0193e5015be906eb45df5f7b3ceb682c7ff53cb52f15a0bf__vs__2773adf157_0004c94ca2a8684d47449bb0e7abf87de1df71a7e6543252_redline_18d4bdcfd9.pdf,tracking_without_comments,18d4bdcfd9,redlines_a100_b10
8cd372b814_0193e5015be906eb45df5f7b3ceb682c7ff53cb52f15a0bf__vs__333bfe069a_003416d620331122b93b434dad901db5836f60d2cad4b533_redline_642d34f1f7,clean/docx/8cd372b814_0193e5015be906eb45df5f7b3ceb682c7ff53cb52f15a0bf,clean/docx/333bfe069a_003416d620331122b93b434dad901db5836f60d2cad4b533,tracking_without_comments/docx/8cd372b814_0193e5015be906eb45df5f7b3ceb682c7ff53cb52f15a0bf__vs__333bfe069a_003416d620331122b93b434dad901db5836f60d2cad4b533_redline_642d34f1f7.docx,tracking_without_comments/pdf/8cd372b814_0193e5015be906eb45df5f7b3ceb682c7ff53cb52f15a0bf__vs__333bfe069a_003416d620331122b93b434dad901db5836f60d2cad4b533_redline_642d34f1f7.pdf,tracking_without_comments,642d34f1f7,redlines_a100_b10
8db63962d9_super_editor__fields_attrs2_fonts_ebd792fb__vs__5c207ef361_super_editor__font_formatting_runs_8be3565a_redline_57cfa10f33,clean/docx/8db63962d9_super_editor__fields_attrs2_fonts_ebd792fb,with_comments_tracking/docx/5c207ef361_super_editor__font_formatting_runs_8be3565a,with_comments_tracking/docx/8db63962d9_super_editor__fields_attrs2_fonts_ebd792fb__vs__5c207ef361_super_editor__font_formatting_runs_8be3565a_redline_57cfa10f33.docx,with_comments_tracking/pdf/8db63962d9_super_editor__fields_attrs2_fonts_ebd792fb__vs__5c207ef361_super_editor__font_formatting_runs_8be3565a_redline_57cfa10f33.pdf,with_comments_tracking,57cfa10f33,word_redlines_superdoc
8e362f619c_001a1c8e7a7ce5a802479fb58bf4affd239449ecb33b64ec__vs__333bfe069a_003416d620331122b93b434dad901db5836f60d2cad4b533_redline_7f408eb035,clean/docx/8e362f619c_001a1c8e7a7ce5a802479fb58bf4affd239449ecb33b64ec,clean/docx/333bfe069a_003416d620331122b93b434dad901db5836f60d2cad4b533,tracking_without_comments/docx/8e362f619c_001a1c8e7a7ce5a802479fb58bf4affd239449ecb33b64ec__vs__333bfe069a_003416d620331122b93b434dad901db5836f60d2cad4b533_redline_7f408eb035.docx,tracking_without_comments/pdf/8e362f619c_001a1c8e7a7ce5a802479fb58bf4affd239449ecb33b64ec__vs__333bfe069a_003416d620331122b93b434dad901db5836f60d2cad4b533_redline_7f408eb035.pdf,tracking_without_comments,7f408eb035,redlines_a100_b10
8e672e0a48_super_editor__complex_list_def_short_export_8fa1__vs__7c87c9cd93_super_editor__complex_list_def_short_fde20a67_redline_05b2ec721b,clean/docx/8e672e0a48_super_editor__complex_list_def_short_export_8fa1,clean/docx/7c87c9cd93_super_editor__complex_list_def_short_fde20a67,tracking_without_comments/docx/8e672e0a48_super_editor__complex_list_def_short_export_8fa1__vs__7c87c9cd93_super_editor__complex_list_def_short_fde20a67_redline_05b2ec721b.docx,tracking_without_comments/pdf/8e672e0a48_super_editor__complex_list_def_short_export_8fa1__vs__7c87c9cd93_super_editor__complex_list_def_short_fde20a67_redline_05b2ec721b.pdf,tracking_without_comments,05b2ec721b,word_redlines_superdoc_0926
8e8d328cb4_4f0e4693e69502c6d92893ba330618a8e50711e4760e48d9__vs__db5a90d753_1c521aea2a77a591a11c9fa7ed352309eb5bcdfb978a80cb_redline_eec31d3b47,clean/docx/8e8d328cb4_4f0e4693e69502c6d92893ba330618a8e50711e4760e48d9,clean/docx/db5a90d753_1c521aea2a77a591a11c9fa7ed352309eb5bcdfb978a80cb,tracking_without_comments/docx/8e8d328cb4_4f0e4693e69502c6d92893ba330618a8e50711e4760e48d9__vs__db5a90d753_1c521aea2a77a591a11c9fa7ed352309eb5bcdfb978a80cb_redline_eec31d3b47.docx,tracking_without_comments/pdf/8e8d328cb4_4f0e4693e69502c6d92893ba330618a8e50711e4760e48d9__vs__db5a90d753_1c521aea2a77a591a11c9fa7ed352309eb5bcdfb978a80cb_redline_eec31d3b47.pdf,tracking_without_comments,eec31d3b47,redlines_en_500
8ee210e927_super_editor__missing_separator_41c823b9__vs__668fe0a735_super_editor__ooxml_bold_vals_demo_9e688d8f_redline_684e190acd,clean/docx/8ee210e927_super_editor__missing_separator_41c823b9,clean/docx/668fe0a735_super_editor__ooxml_bold_vals_demo_9e688d8f,tracking_without_comments/docx/8ee210e927_super_editor__missing_separator_41c823b9__vs__668fe0a735_super_editor__ooxml_bold_vals_demo_9e688d8f_redline_684e190acd.docx,tracking_without_comments/pdf/8ee210e927_super_editor__missing_separator_41c823b9__vs__668fe0a735_super_editor__ooxml_bold_vals_demo_9e688d8f_redline_684e190acd.pdf,tracking_without_comments,684e190acd,word_redlines_superdoc
8ee210e927_super_editor__missing_separator_41c823b9__vs__75aeff4f58_super_editor__diff_after9_a9d4b4b0_redline_3528434041,clean/docx/8ee210e927_super_editor__missing_separator_41c823b9,clean/docx/75aeff4f58_super_editor__diff_after9_a9d4b4b0,tracking_without_comments/docx/8ee210e927_super_editor__missing_separator_41c823b9__vs__75aeff4f58_super_editor__diff_after9_a9d4b4b0_redline_3528434041.docx,tracking_without_comments/pdf/8ee210e927_super_editor__missing_separator_41c823b9__vs__75aeff4f58_super_editor__diff_after9_a9d4b4b0_redline_3528434041.pdf,tracking_without_comments,3528434041,word_redlines_superdoc_0926
8ef32902e8_file_158__vs__8061e5912f_file_159_redline_8de55978f2,clean/docx/8ef32902e8_file_158,with_comments_clean/docx/8061e5912f_file_159,with_comments_tracking/docx/8ef32902e8_file_158__vs__8061e5912f_file_159_redline_8de55978f2.docx,with_comments_tracking/pdf/8ef32902e8_file_158__vs__8061e5912f_file_159_redline_8de55978f2.pdf,with_comments_tracking,8de55978f2,word_based_randomized
8ef32902e8_file_158__vs__8061e5912f_file_159_redline_c0a3ea22ca,clean/docx/8ef32902e8_file_158,with_comments_clean/docx/8061e5912f_file_159,with_comments_tracking/docx/8ef32902e8_file_158__vs__8061e5912f_file_159_redline_c0a3ea22ca.docx,with_comments_tracking/pdf/8ef32902e8_file_158__vs__8061e5912f_file_159_redline_c0a3ea22ca.pdf,with_comments_tracking,c0a3ea22ca,word_based_randomized_0926
8eff3a4440_track_changes_editing_bullet_id_paraid_overflow__vs__9afcac2667_track_changes_editing_strikethrough_id_paraid_ov_redline_a4920bc6af,clean/docx/8eff3a4440_track_changes_editing_bullet_id_paraid_overflow,clean/docx/9afcac2667_track_changes_editing_strikethrough_id_paraid_ov,tracking_without_comments/docx/8eff3a4440_track_changes_editing_bullet_id_paraid_overflow__vs__9afcac2667_track_changes_editing_strikethrough_id_paraid_ov_redline_a4920bc6af.docx,tracking_without_comments/pdf/8eff3a4440_track_changes_editing_bullet_id_paraid_overflow__vs__9afcac2667_track_changes_editing_strikethrough_id_paraid_ov_redline_a4920bc6af.pdf,tracking_without_comments,a4920bc6af,nocomments
8f47b1dc90_file_176__vs__a3586d71f8_file_177_redline_ad917ac52c,with_comments_tracking/docx/8f47b1dc90_file_176,clean/docx/a3586d71f8_file_177,with_comments_tracking/docx/8f47b1dc90_file_176__vs__a3586d71f8_file_177_redline_ad917ac52c.docx,with_comments_tracking/pdf/8f47b1dc90_file_176__vs__a3586d71f8_file_177_redline_ad917ac52c.pdf,with_comments_tracking,ad917ac52c,word_based_randomized
902a69f0e4_super_editor__line_space_table_9b1ee54b__vs__5e5fa9b5fb_super_editor__list_def_mix_d7cec092_redline_062340d04a,clean/docx/902a69f0e4_super_editor__line_space_table_9b1ee54b,clean/docx/5e5fa9b5fb_super_editor__list_def_mix_d7cec092,tracking_without_comments/docx/902a69f0e4_super_editor__line_space_table_9b1ee54b__vs__5e5fa9b5fb_super_editor__list_def_mix_d7cec092_redline_062340d04a.docx,tracking_without_comments/pdf/902a69f0e4_super_editor__line_space_table_9b1ee54b__vs__5e5fa9b5fb_super_editor__list_def_mix_d7cec092_redline_062340d04a.pdf,tracking_without_comments,062340d04a,word_redlines_superdoc_0926
902a69f0e4_super_editor__line_space_table_9b1ee54b__vs__735c372b41_super_editor__diff_after8_58e5c288_redline_a02879f74f,clean/docx/902a69f0e4_super_editor__line_space_table_9b1ee54b,with_comments_tracking/docx/735c372b41_super_editor__diff_after8_58e5c288,with_comments_tracking/docx/902a69f0e4_super_editor__line_space_table_9b1ee54b__vs__735c372b41_super_editor__diff_after8_58e5c288_redline_a02879f74f.docx,with_comments_tracking/pdf/902a69f0e4_super_editor__line_space_table_9b1ee54b__vs__735c372b41_super_editor__diff_after8_58e5c288_redline_a02879f74f.pdf,with_comments_tracking,a02879f74f,word_redlines_superdoc_0926
906753e55b_super_editor__table_c70ca973__vs__3faf9e000d_super_editor__text_color_highlight_36cb4c90_redline_7595764e92,clean/docx/906753e55b_super_editor__table_c70ca973,clean/docx/3faf9e000d_super_editor__text_color_highlight_36cb4c90,tracking_without_comments/docx/906753e55b_super_editor__table_c70ca973__vs__3faf9e000d_super_editor__text_color_highlight_36cb4c90_redline_7595764e92.docx,tracking_without_comments/pdf/906753e55b_super_editor__table_c70ca973__vs__3faf9e000d_super_editor__text_color_highlight_36cb4c90_redline_7595764e92.pdf,tracking_without_comments,7595764e92,word_redlines_superdoc_0926
9082a99ee8_file_164__vs__66b0a9112c_file_165_redline_5ffff64469,clean/docx/9082a99ee8_file_164,clean/docx/66b0a9112c_file_165,tracking_without_comments/docx/9082a99ee8_file_164__vs__66b0a9112c_file_165_redline_5ffff64469.docx,tracking_without_comments/pdf/9082a99ee8_file_164__vs__66b0a9112c_file_165_redline_5ffff64469.pdf,tracking_without_comments,5ffff64469,word_based_randomized
90cef57bac_eigenpal_docx_editor_suggesting_mixed_edits__vs__f644da9aeb_employee_directory_table_2_redline_ff42b4a7a3,with_comments_tracking/docx/90cef57bac_eigenpal_docx_editor_suggesting_mixed_edits,clean/docx/f644da9aeb_employee_directory_table_2,with_comments_tracking/docx/90cef57bac_eigenpal_docx_editor_suggesting_mixed_edits__vs__f644da9aeb_employee_directory_table_2_redline_ff42b4a7a3.docx,with_comments_tracking/pdf/90cef57bac_eigenpal_docx_editor_suggesting_mixed_edits__vs__f644da9aeb_employee_directory_table_2_redline_ff42b4a7a3.pdf,with_comments_tracking,ff42b4a7a3,word_based_0926
91440900a0_00189e19139f6e3031303e4152566a7bc08fab71a5c95895__vs__a5f2b9318d_002aa60c2ae1187417b4b157c5ec6450324cc056ec551a12_redline_4b8db8c7a5,clean/docx/91440900a0_00189e19139f6e3031303e4152566a7bc08fab71a5c95895,clean/docx/a5f2b9318d_002aa60c2ae1187417b4b157c5ec6450324cc056ec551a12,tracking_without_comments/docx/91440900a0_00189e19139f6e3031303e4152566a7bc08fab71a5c95895__vs__a5f2b9318d_002aa60c2ae1187417b4b157c5ec6450324cc056ec551a12_redline_4b8db8c7a5.docx,tracking_without_comments/pdf/91440900a0_00189e19139f6e3031303e4152566a7bc08fab71a5c95895__vs__a5f2b9318d_002aa60c2ae1187417b4b157c5ec6450324cc056ec551a12_redline_4b8db8c7a5.pdf,tracking_without_comments,4b8db8c7a5,redlines_a100_b10
91b2b8bb84_file_71__vs__a9f3a3c647_file_72_redline_0becba7c16,clean/docx/91b2b8bb84_file_71,clean/docx/a9f3a3c647_file_72,tracking_without_comments/docx/91b2b8bb84_file_71__vs__a9f3a3c647_file_72_redline_0becba7c16.docx,tracking_without_comments/pdf/91b2b8bb84_file_71__vs__a9f3a3c647_file_72_redline_0becba7c16.pdf,tracking_without_comments,0becba7c16,word_based_randomized_0926
9224b22b43_file_1__vs__c9154561dc_file_2_redline_1b27e9960e,clean/docx/9224b22b43_file_1,clean/docx/c9154561dc_file_2,tracking_without_comments/docx/9224b22b43_file_1__vs__c9154561dc_file_2_redline_1b27e9960e.docx,tracking_without_comments/pdf/9224b22b43_file_1__vs__c9154561dc_file_2_redline_1b27e9960e.pdf,tracking_without_comments,1b27e9960e,word_based_randomized_0926
92589c3e37_super_editor__pre_separated_list_bd330d28__vs__382497a0a8_super_editor__python_docx_comment_test_501f21cb_redline_f72e40955d,clean/docx/92589c3e37_super_editor__pre_separated_list_bd330d28,with_comments_clean/docx/382497a0a8_super_editor__python_docx_comment_test_501f21cb,with_comments_tracking/docx/92589c3e37_super_editor__pre_separated_list_bd330d28__vs__382497a0a8_super_editor__python_docx_comment_test_501f21cb_redline_f72e40955d.docx,with_comments_tracking/pdf/92589c3e37_super_editor__pre_separated_list_bd330d28__vs__382497a0a8_super_editor__python_docx_comment_test_501f21cb_redline_f72e40955d.pdf,with_comments_tracking,f72e40955d,word_redlines_superdoc_0926
9322444a3f_behavior__sd_2888_hyperlink_with_ampersand_aaaac__vs__c4ee483519_tiff_image_redline_3c8e1237e2,clean/docx/9322444a3f_behavior__sd_2888_hyperlink_with_ampersand_aaaac,clean/docx/c4ee483519_tiff_image,tracking_without_comments/docx/9322444a3f_behavior__sd_2888_hyperlink_with_ampersand_aaaac__vs__c4ee483519_tiff_image_redline_3c8e1237e2.docx,tracking_without_comments/pdf/9322444a3f_behavior__sd_2888_hyperlink_with_ampersand_aaaac__vs__c4ee483519_tiff_image_redline_3c8e1237e2.pdf,tracking_without_comments,3c8e1237e2,word_redlines_superdoc
9332d3001f_super_editor__sdpr_titleonly_b0796676__vs__3b639ef236_super_editor__sdpr_8cc15994_redline_d4475f9b62,clean/docx/9332d3001f_super_editor__sdpr_titleonly_b0796676,tracking_without_comments/docx/3b639ef236_super_editor__sdpr_8cc15994,tracking_without_comments/docx/9332d3001f_super_editor__sdpr_titleonly_b0796676__vs__3b639ef236_super_editor__sdpr_8cc15994_redline_d4475f9b62.docx,tracking_without_comments/pdf/9332d3001f_super_editor__sdpr_titleonly_b0796676__vs__3b639ef236_super_editor__sdpr_8cc15994_redline_d4475f9b62.pdf,tracking_without_comments,d4475f9b62,word_redlines_superdoc_0926
9333b7ab9b_customer_satisfaction_survey_q4_suggesting_inser__vs__7166fa4199_document_100_ultimate_demo_id_paraid_overflow_redline_65d959fe82,tracking_without_comments/docx/9333b7ab9b_customer_satisfaction_survey_q4_suggesting_inser,clean/docx/7166fa4199_document_100_ultimate_demo_id_paraid_overflow,tracking_without_comments/docx/9333b7ab9b_customer_satisfaction_survey_q4_suggesting_inser__vs__7166fa4199_document_100_ultimate_demo_id_paraid_overflow_redline_65d959fe82.docx,tracking_without_comments/pdf/9333b7ab9b_customer_satisfaction_survey_q4_suggesting_inser__vs__7166fa4199_document_100_ultimate_demo_id_paraid_overflow_redline_65d959fe82.pdf,tracking_without_comments,65d959fe82,word_based;fixtures_word_compares
9333b7ab9b_customer_satisfaction_survey_q4_suggesting_inser__vs__7166fa4199_document_100_ultimate_demo_id_paraid_overflow_redline_a5063c32c8,tracking_without_comments/docx/9333b7ab9b_customer_satisfaction_survey_q4_suggesting_inser,clean/docx/7166fa4199_document_100_ultimate_demo_id_paraid_overflow,tracking_without_comments/docx/9333b7ab9b_customer_satisfaction_survey_q4_suggesting_inser__vs__7166fa4199_document_100_ultimate_demo_id_paraid_overflow_redline_a5063c32c8.docx,tracking_without_comments/pdf/9333b7ab9b_customer_satisfaction_survey_q4_suggesting_inser__vs__7166fa4199_document_100_ultimate_demo_id_paraid_overflow_redline_a5063c32c8.pdf,tracking_without_comments,a5063c32c8,word_based_0926
93477c6068_contract_review_suggesting_mixed_edits__vs__9333b7ab9b_customer_satisfaction_survey_q4_suggesting_inser_redline_8b97fbb240,tracking_without_comments/docx/93477c6068_contract_review_suggesting_mixed_edits,tracking_without_comments/docx/9333b7ab9b_customer_satisfaction_survey_q4_suggesting_inser,tracking_without_comments/docx/93477c6068_contract_review_suggesting_mixed_edits__vs__9333b7ab9b_customer_satisfaction_survey_q4_suggesting_inser_redline_8b97fbb240.docx,tracking_without_comments/pdf/93477c6068_contract_review_suggesting_mixed_edits__vs__9333b7ab9b_customer_satisfaction_survey_q4_suggesting_inser_redline_8b97fbb240.pdf,tracking_without_comments,8b97fbb240,word_based;fixtures_word_compares
9402f06dc1_file_190__vs__4bac537e7b_file_191_redline_6ed0c9374c,clean/docx/9402f06dc1_file_190,tracking_without_comments/docx/4bac537e7b_file_191,tracking_without_comments/docx/9402f06dc1_file_190__vs__4bac537e7b_file_191_redline_6ed0c9374c.docx,tracking_without_comments/pdf/9402f06dc1_file_190__vs__4bac537e7b_file_191_redline_6ed0c9374c.pdf,tracking_without_comments,6ed0c9374c,nocomments_randomized
95505e5cea_876134303c497ac4ec8cd8084f7098d889bc610b52d17afd__vs__578d5e0fb7_419db1f41a38dff07043e939caa1bc48ac1cb0c0fa157c15_redline_d3f2b808b2,clean/docx/95505e5cea_876134303c497ac4ec8cd8084f7098d889bc610b52d17afd,clean/docx/578d5e0fb7_419db1f41a38dff07043e939caa1bc48ac1cb0c0fa157c15,tracking_without_comments/docx/95505e5cea_876134303c497ac4ec8cd8084f7098d889bc610b52d17afd__vs__578d5e0fb7_419db1f41a38dff07043e939caa1bc48ac1cb0c0fa157c15_redline_d3f2b808b2.docx,tracking_without_comments/pdf/95505e5cea_876134303c497ac4ec8cd8084f7098d889bc610b52d17afd__vs__578d5e0fb7_419db1f41a38dff07043e939caa1bc48ac1cb0c0fa157c15_redline_d3f2b808b2.pdf,tracking_without_comments,d3f2b808b2,redlines_en_500
9586202517_super_editor__two_column_two_page_0b8a37c5__vs__7b076416b0_sectpr_headerref_redline_9b9d92c881,clean/docx/9586202517_super_editor__two_column_two_page_0b8a37c5,clean/docx/7b076416b0_sectpr_headerref,tracking_without_comments/docx/9586202517_super_editor__two_column_two_page_0b8a37c5__vs__7b076416b0_sectpr_headerref_redline_9b9d92c881.docx,tracking_without_comments/pdf/9586202517_super_editor__two_column_two_page_0b8a37c5__vs__7b076416b0_sectpr_headerref_redline_9b9d92c881.pdf,tracking_without_comments,9b9d92c881,word_redlines_superdoc_0926
95c855b9a0_001671bbb68c5b9ebebebfc8be69252ccc195babb3129278__vs__2e04202552_000e3e7bd2d6215fc7b469cc3e296c1b2a510bc1abc7e0fd_redline_c56e84eaea,clean/docx/95c855b9a0_001671bbb68c5b9ebebebfc8be69252ccc195babb3129278,clean/docx/2e04202552_000e3e7bd2d6215fc7b469cc3e296c1b2a510bc1abc7e0fd,tracking_without_comments/docx/95c855b9a0_001671bbb68c5b9ebebebfc8be69252ccc195babb3129278__vs__2e04202552_000e3e7bd2d6215fc7b469cc3e296c1b2a510bc1abc7e0fd_redline_c56e84eaea.docx,tracking_without_comments/pdf/95c855b9a0_001671bbb68c5b9ebebebfc8be69252ccc195babb3129278__vs__2e04202552_000e3e7bd2d6215fc7b469cc3e296c1b2a510bc1abc7e0fd_redline_c56e84eaea.pdf,tracking_without_comments,c56e84eaea,redlines_a100_b10
95c855b9a0_001671bbb68c5b9ebebebfc8be69252ccc195babb3129278__vs__342f364d46_001342333d45627868f4dc5282abbba4598a91b4a7584b08_redline_c7a0e469ba,clean/docx/95c855b9a0_001671bbb68c5b9ebebebfc8be69252ccc195babb3129278,clean/docx/342f364d46_001342333d45627868f4dc5282abbba4598a91b4a7584b08,tracking_without_comments/docx/95c855b9a0_001671bbb68c5b9ebebebfc8be69252ccc195babb3129278__vs__342f364d46_001342333d45627868f4dc5282abbba4598a91b4a7584b08_redline_c7a0e469ba.docx,tracking_without_comments/pdf/95c855b9a0_001671bbb68c5b9ebebebfc8be69252ccc195babb3129278__vs__342f364d46_001342333d45627868f4dc5282abbba4598a91b4a7584b08_redline_c7a0e469ba.pdf,tracking_without_comments,c7a0e469ba,redlines_a100_b10
95c855b9a0_001671bbb68c5b9ebebebfc8be69252ccc195babb3129278__vs__aa5340125d_00a4b0b91e9b5b072dc3771391c2d608518690eccf44eae8_redline_ded01ca406,clean/docx/95c855b9a0_001671bbb68c5b9ebebebfc8be69252ccc195babb3129278,clean/docx/aa5340125d_00a4b0b91e9b5b072dc3771391c2d608518690eccf44eae8,tracking_without_comments/docx/95c855b9a0_001671bbb68c5b9ebebebfc8be69252ccc195babb3129278__vs__aa5340125d_00a4b0b91e9b5b072dc3771391c2d608518690eccf44eae8_redline_ded01ca406.docx,tracking_without_comments/pdf/95c855b9a0_001671bbb68c5b9ebebebfc8be69252ccc195babb3129278__vs__aa5340125d_00a4b0b91e9b5b072dc3771391c2d608518690eccf44eae8_redline_ded01ca406.pdf,tracking_without_comments,ded01ca406,redlines_a100_b10
963d40d5f8_employee_review_john_smith_suggesting_insertions__vs__93485182eb_font_color_blue_demo_style_default_missing_redline_5b160c491f,tracking_without_comments/docx/963d40d5f8_employee_review_john_smith_suggesting_insertions,clean/docx/93485182eb_font_color_blue_demo_style_default_missing,tracking_without_comments/docx/963d40d5f8_employee_review_john_smith_suggesting_insertions__vs__93485182eb_font_color_blue_demo_style_default_missing_redline_5b160c491f.docx,tracking_without_comments/pdf/963d40d5f8_employee_review_john_smith_suggesting_insertions__vs__93485182eb_font_color_blue_demo_style_default_missing_redline_5b160c491f.pdf,tracking_without_comments,5b160c491f,word_based_0926
96a0ee0e8f_004b3b3dd84014405562584f62d67267b9a7993e21b974e8__vs__333bfe069a_003416d620331122b93b434dad901db5836f60d2cad4b533_redline_c4a18d1d66,clean/docx/96a0ee0e8f_004b3b3dd84014405562584f62d67267b9a7993e21b974e8,clean/docx/333bfe069a_003416d620331122b93b434dad901db5836f60d2cad4b533,tracking_without_comments/docx/96a0ee0e8f_004b3b3dd84014405562584f62d67267b9a7993e21b974e8__vs__333bfe069a_003416d620331122b93b434dad901db5836f60d2cad4b533_redline_c4a18d1d66.docx,tracking_without_comments/pdf/96a0ee0e8f_004b3b3dd84014405562584f62d67267b9a7993e21b974e8__vs__333bfe069a_003416d620331122b93b434dad901db5836f60d2cad4b533_redline_c4a18d1d66.pdf,tracking_without_comments,c4a18d1d66,redlines_a100_b10
96a0ee0e8f_004b3b3dd84014405562584f62d67267b9a7993e21b974e8__vs__342f364d46_001342333d45627868f4dc5282abbba4598a91b4a7584b08_redline_24835ef22b,clean/docx/96a0ee0e8f_004b3b3dd84014405562584f62d67267b9a7993e21b974e8,clean/docx/342f364d46_001342333d45627868f4dc5282abbba4598a91b4a7584b08,tracking_without_comments/docx/96a0ee0e8f_004b3b3dd84014405562584f62d67267b9a7993e21b974e8__vs__342f364d46_001342333d45627868f4dc5282abbba4598a91b4a7584b08_redline_24835ef22b.docx,tracking_without_comments/pdf/96a0ee0e8f_004b3b3dd84014405562584f62d67267b9a7993e21b974e8__vs__342f364d46_001342333d45627868f4dc5282abbba4598a91b4a7584b08_redline_24835ef22b.pdf,tracking_without_comments,24835ef22b,redlines_a100_b10
970e9bbbcc_behavior__math_all_objects_36ab389c__vs__735c372b41_super_editor__diff_after8_58e5c288_redline_2a64722aad,clean/docx/970e9bbbcc_behavior__math_all_objects_36ab389c,with_comments_tracking/docx/735c372b41_super_editor__diff_after8_58e5c288,with_comments_tracking/docx/970e9bbbcc_behavior__math_all_objects_36ab389c__vs__735c372b41_super_editor__diff_after8_58e5c288_redline_2a64722aad.docx,with_comments_tracking/pdf/970e9bbbcc_behavior__math_all_objects_36ab389c__vs__735c372b41_super_editor__diff_after8_58e5c288_redline_2a64722aad.pdf,with_comments_tracking,2a64722aad,word_redlines_superdoc_0926
970e9bbbcc_behavior__math_all_objects_36ab389c__vs__735c372b41_super_editor__diff_after8_58e5c288_redline_90fc8e8c86,clean/docx/970e9bbbcc_behavior__math_all_objects_36ab389c,with_comments_tracking/docx/735c372b41_super_editor__diff_after8_58e5c288,with_comments_tracking/docx/970e9bbbcc_behavior__math_all_objects_36ab389c__vs__735c372b41_super_editor__diff_after8_58e5c288_redline_90fc8e8c86.docx,with_comments_tracking/pdf/970e9bbbcc_behavior__math_all_objects_36ab389c__vs__735c372b41_super_editor__diff_after8_58e5c288_redline_90fc8e8c86.pdf,with_comments_tracking,90fc8e8c86,word_redlines_superdoc
970fd9303f_sample_document_word_repair_of_our_output_word_r__vs__e355cec096_small_font_size_demo_id_paraid_overflow_redline_aa31228e52,with_comments_tracking/docx/970fd9303f_sample_document_word_repair_of_our_output_word_r,clean/docx/e355cec096_small_font_size_demo_id_paraid_overflow,with_comments_tracking/docx/970fd9303f_sample_document_word_repair_of_our_output_word_r__vs__e355cec096_small_font_size_demo_id_paraid_overflow_redline_aa31228e52.docx,with_comments_tracking/pdf/970fd9303f_sample_document_word_repair_of_our_output_word_r__vs__e355cec096_small_font_size_demo_id_paraid_overflow_redline_aa31228e52.pdf,with_comments_tracking,aa31228e52,word_based
970fd9303f_sample_document_word_repair_of_our_output_word_r__vs__e355cec096_small_font_size_demo_id_paraid_overflow_redline_e2b71d27e7,with_comments_tracking/docx/970fd9303f_sample_document_word_repair_of_our_output_word_r,clean/docx/e355cec096_small_font_size_demo_id_paraid_overflow,with_comments_tracking/docx/970fd9303f_sample_document_word_repair_of_our_output_word_r__vs__e355cec096_small_font_size_demo_id_paraid_overflow_redline_e2b71d27e7.docx,with_comments_tracking/pdf/970fd9303f_sample_document_word_repair_of_our_output_word_r__vs__e355cec096_small_font_size_demo_id_paraid_overflow_redline_e2b71d27e7.pdf,with_comments_tracking,e2b71d27e7,word_based_0926
97b2e714de_super_editor__broken_list_7e9b9bf7__vs__b389f55091_super_editor__comment_23ee5ec1_redline_4a9a8d0b4a,clean/docx/97b2e714de_super_editor__broken_list_7e9b9bf7,with_comments_clean/docx/b389f55091_super_editor__comment_23ee5ec1,with_comments_tracking/docx/97b2e714de_super_editor__broken_list_7e9b9bf7__vs__b389f55091_super_editor__comment_23ee5ec1_redline_4a9a8d0b4a.docx,with_comments_tracking/pdf/97b2e714de_super_editor__broken_list_7e9b9bf7__vs__b389f55091_super_editor__comment_23ee5ec1_redline_4a9a8d0b4a.pdf,with_comments_tracking,4a9a8d0b4a,word_redlines_superdoc
97c3dd2e86_docx_lots_of_comments_addition_redline_addition__vs__9f5481078e_docx_lots_of_comments_addition_redline_redline_2d65e392ab,with_comments_tracking/docx/97c3dd2e86_docx_lots_of_comments_addition_redline_addition,with_comments_tracking/docx/9f5481078e_docx_lots_of_comments_addition_redline,with_comments_tracking/docx/97c3dd2e86_docx_lots_of_comments_addition_redline_addition__vs__9f5481078e_docx_lots_of_comments_addition_redline_redline_2d65e392ab.docx,with_comments_tracking/pdf/97c3dd2e86_docx_lots_of_comments_addition_redline_addition__vs__9f5481078e_docx_lots_of_comments_addition_redline_redline_2d65e392ab.pdf,with_comments_tracking,2d65e392ab,word_based
97c3dd2e86_docx_lots_of_comments_addition_redline_addition__vs__9f5481078e_docx_lots_of_comments_addition_redline_redline_d6b1d609c1,with_comments_tracking/docx/97c3dd2e86_docx_lots_of_comments_addition_redline_addition,with_comments_tracking/docx/9f5481078e_docx_lots_of_comments_addition_redline,with_comments_tracking/docx/97c3dd2e86_docx_lots_of_comments_addition_redline_addition__vs__9f5481078e_docx_lots_of_comments_addition_redline_redline_d6b1d609c1.docx,with_comments_tracking/pdf/97c3dd2e86_docx_lots_of_comments_addition_redline_addition__vs__9f5481078e_docx_lots_of_comments_addition_redline_redline_d6b1d609c1.pdf,with_comments_tracking,d6b1d609c1,word_based_0926
99de296dd9_d750f6832de5fbe3c2768cf0c77499282cd00aec6f32de44__vs__04eed6fc4e_e08b0400d03db8bedddf7081144e66822f032e841429f60c_redline_0cc9882662,clean/docx/99de296dd9_d750f6832de5fbe3c2768cf0c77499282cd00aec6f32de44,clean/docx/04eed6fc4e_e08b0400d03db8bedddf7081144e66822f032e841429f60c,tracking_without_comments/docx/99de296dd9_d750f6832de5fbe3c2768cf0c77499282cd00aec6f32de44__vs__04eed6fc4e_e08b0400d03db8bedddf7081144e66822f032e841429f60c_redline_0cc9882662.docx,tracking_without_comments/pdf/99de296dd9_d750f6832de5fbe3c2768cf0c77499282cd00aec6f32de44__vs__04eed6fc4e_e08b0400d03db8bedddf7081144e66822f032e841429f60c_redline_0cc9882662.pdf,tracking_without_comments,0cc9882662,redlines_en_500
99ef71ea03_542e3ea40461fc38266dadcfd11cd70e7e73056bfbfe20ba__vs__a3d29116c7_408da7917b268255aeb2819722dec6670c9a85c84bf4cd57_redline_ab8d070a28,clean/docx/99ef71ea03_542e3ea40461fc38266dadcfd11cd70e7e73056bfbfe20ba,clean/docx/a3d29116c7_408da7917b268255aeb2819722dec6670c9a85c84bf4cd57,tracking_without_comments/docx/99ef71ea03_542e3ea40461fc38266dadcfd11cd70e7e73056bfbfe20ba__vs__a3d29116c7_408da7917b268255aeb2819722dec6670c9a85c84bf4cd57_redline_ab8d070a28.docx,tracking_without_comments/pdf/99ef71ea03_542e3ea40461fc38266dadcfd11cd70e7e73056bfbfe20ba__vs__a3d29116c7_408da7917b268255aeb2819722dec6670c9a85c84bf4cd57_redline_ab8d070a28.pdf,tracking_without_comments,ab8d070a28,redlines_en_500
9b9fce74d9_super_editor__basic_list_0fcfe705__vs__301e302820_super_editor__basic_page_nums_d5b08fc3_redline_1743e156b7,clean/docx/9b9fce74d9_super_editor__basic_list_0fcfe705,clean/docx/301e302820_super_editor__basic_page_nums_d5b08fc3,tracking_without_comments/docx/9b9fce74d9_super_editor__basic_list_0fcfe705__vs__301e302820_super_editor__basic_page_nums_d5b08fc3_redline_1743e156b7.docx,tracking_without_comments/pdf/9b9fce74d9_super_editor__basic_list_0fcfe705__vs__301e302820_super_editor__basic_page_nums_d5b08fc3_redline_1743e156b7.pdf,tracking_without_comments,1743e156b7,word_redlines_superdoc
9bf625ba95_file_19__vs__2bf4db734d_file_20_redline_6dee5896b8,with_comments_tracking/docx/9bf625ba95_file_19,clean/docx/2bf4db734d_file_20,with_comments_tracking/docx/9bf625ba95_file_19__vs__2bf4db734d_file_20_redline_6dee5896b8.docx,with_comments_tracking/pdf/9bf625ba95_file_19__vs__2bf4db734d_file_20_redline_6dee5896b8.pdf,with_comments_tracking,6dee5896b8,word_based_randomized
9c1fb4747e_super_editor__sd_1495_auto_page_break_854a2dd9__vs__14211b982b_super_editor__simple_ordered_list_8288421a_redline_be40dcd167,clean/docx/9c1fb4747e_super_editor__sd_1495_auto_page_break_854a2dd9,clean/docx/14211b982b_super_editor__simple_ordered_list_8288421a,tracking_without_comments/docx/9c1fb4747e_super_editor__sd_1495_auto_page_break_854a2dd9__vs__14211b982b_super_editor__simple_ordered_list_8288421a_redline_be40dcd167.docx,tracking_without_comments/pdf/9c1fb4747e_super_editor__sd_1495_auto_page_break_854a2dd9__vs__14211b982b_super_editor__simple_ordered_list_8288421a_redline_be40dcd167.pdf,tracking_without_comments,be40dcd167,word_redlines_superdoc_0926
9e0990025d_ab2ba6df285c5028ab883fc37c7c79ee8738e9425ef98fdd__vs__d8a845238d_56a26572796fbc6d2df49d9b938ef980a763b004e1afff57_redline_62ea9c3e48,clean/docx/9e0990025d_ab2ba6df285c5028ab883fc37c7c79ee8738e9425ef98fdd,clean/docx/d8a845238d_56a26572796fbc6d2df49d9b938ef980a763b004e1afff57,tracking_without_comments/docx/9e0990025d_ab2ba6df285c5028ab883fc37c7c79ee8738e9425ef98fdd__vs__d8a845238d_56a26572796fbc6d2df49d9b938ef980a763b004e1afff57_redline_62ea9c3e48.docx,tracking_without_comments/pdf/9e0990025d_ab2ba6df285c5028ab883fc37c7c79ee8738e9425ef98fdd__vs__d8a845238d_56a26572796fbc6d2df49d9b938ef980a763b004e1afff57_redline_62ea9c3e48.pdf,tracking_without_comments,62ea9c3e48,redlines_en_500
9ea920c636_710d9d68ef90cbd901510c07ae7fed61173f872e9dbea061__vs__0acde9d23e_50be95cde73c1d9b994d6c75c6d2f67f7b4c6cdf0e13ba30_redline_0e7956b306,clean/docx/9ea920c636_710d9d68ef90cbd901510c07ae7fed61173f872e9dbea061,clean/docx/0acde9d23e_50be95cde73c1d9b994d6c75c6d2f67f7b4c6cdf0e13ba30,tracking_without_comments/docx/9ea920c636_710d9d68ef90cbd901510c07ae7fed61173f872e9dbea061__vs__0acde9d23e_50be95cde73c1d9b994d6c75c6d2f67f7b4c6cdf0e13ba30_redline_0e7956b306.docx,tracking_without_comments/pdf/9ea920c636_710d9d68ef90cbd901510c07ae7fed61173f872e9dbea061__vs__0acde9d23e_50be95cde73c1d9b994d6c75c6d2f67f7b4c6cdf0e13ba30_redline_0e7956b306.pdf,tracking_without_comments,0e7956b306,redlines_en_500
9ef2a93274_super_editor__tab_alignment_test_184edb5d__vs__37f61a9c26_super_editor__tab_test_576c8317_redline_eb889d8159,clean/docx/9ef2a93274_super_editor__tab_alignment_test_184edb5d,clean/docx/37f61a9c26_super_editor__tab_test_576c8317,tracking_without_comments/docx/9ef2a93274_super_editor__tab_alignment_test_184edb5d__vs__37f61a9c26_super_editor__tab_test_576c8317_redline_eb889d8159.docx,tracking_without_comments/pdf/9ef2a93274_super_editor__tab_alignment_test_184edb5d__vs__37f61a9c26_super_editor__tab_test_576c8317_redline_eb889d8159.pdf,tracking_without_comments,eb889d8159,word_redlines_superdoc
9f5481078e_docx_lots_of_comments_addition_redline__vs__ee9bfc2650_docx_lots_of_comments_addition_removal_redline_r_redline_60e784f2de,with_comments_tracking/docx/9f5481078e_docx_lots_of_comments_addition_redline,with_comments_tracking/docx/ee9bfc2650_docx_lots_of_comments_addition_removal_redline_r,with_comments_clean/docx/9f5481078e_docx_lots_of_comments_addition_redline__vs__ee9bfc2650_docx_lots_of_comments_addition_removal_redline_r_redline_60e784f2de.docx,with_comments_clean/pdf/9f5481078e_docx_lots_of_comments_addition_redline__vs__ee9bfc2650_docx_lots_of_comments_addition_removal_redline_r_redline_60e784f2de.pdf,with_comments_clean,60e784f2de,word_based_0926
9f5481078e_docx_lots_of_comments_addition_redline__vs__ee9bfc2650_docx_lots_of_comments_addition_removal_redline_r_redline_d4c19477cb,with_comments_tracking/docx/9f5481078e_docx_lots_of_comments_addition_redline,with_comments_tracking/docx/ee9bfc2650_docx_lots_of_comments_addition_removal_redline_r,with_comments_clean/docx/9f5481078e_docx_lots_of_comments_addition_redline__vs__ee9bfc2650_docx_lots_of_comments_addition_removal_redline_r_redline_d4c19477cb.docx,with_comments_clean/pdf/9f5481078e_docx_lots_of_comments_addition_redline__vs__ee9bfc2650_docx_lots_of_comments_addition_removal_redline_r_redline_d4c19477cb.pdf,with_comments_clean,d4c19477cb,word_based
9f6091a4ac_super_editor__threaded_comment_27bda0ba__vs__5fa01813d3_super_editor__basic_table_shading_d3212ffd_redline_67d0b6f3e8,with_comments_clean/docx/9f6091a4ac_super_editor__threaded_comment_27bda0ba,clean/docx/5fa01813d3_super_editor__basic_table_shading_d3212ffd,with_comments_tracking/docx/9f6091a4ac_super_editor__threaded_comment_27bda0ba__vs__5fa01813d3_super_editor__basic_table_shading_d3212ffd_redline_67d0b6f3e8.docx,with_comments_tracking/pdf/9f6091a4ac_super_editor__threaded_comment_27bda0ba__vs__5fa01813d3_super_editor__basic_table_shading_d3212ffd_redline_67d0b6f3e8.pdf,with_comments_tracking,67d0b6f3e8,word_redlines_superdoc
9f6091a4ac_super_editor__threaded_comment_27bda0ba__vs__5fa01813d3_super_editor__basic_table_shading_d3212ffd_redline_a5450b8b72,with_comments_clean/docx/9f6091a4ac_super_editor__threaded_comment_27bda0ba,clean/docx/5fa01813d3_super_editor__basic_table_shading_d3212ffd,with_comments_tracking/docx/9f6091a4ac_super_editor__threaded_comment_27bda0ba__vs__5fa01813d3_super_editor__basic_table_shading_d3212ffd_redline_a5450b8b72.docx,with_comments_tracking/pdf/9f6091a4ac_super_editor__threaded_comment_27bda0ba__vs__5fa01813d3_super_editor__basic_table_shading_d3212ffd_redline_a5450b8b72.pdf,with_comments_tracking,a5450b8b72,word_redlines_superdoc_0926
9f6091a4ac_super_editor__threaded_comment_27bda0ba__vs__776a437291_behavior__two_column_simple_e77be963_redline_a954a57308,with_comments_clean/docx/9f6091a4ac_super_editor__threaded_comment_27bda0ba,clean/docx/776a437291_behavior__two_column_simple_e77be963,with_comments_tracking/docx/9f6091a4ac_super_editor__threaded_comment_27bda0ba__vs__776a437291_behavior__two_column_simple_e77be963_redline_a954a57308.docx,with_comments_tracking/pdf/9f6091a4ac_super_editor__threaded_comment_27bda0ba__vs__776a437291_behavior__two_column_simple_e77be963_redline_a954a57308.pdf,with_comments_tracking,a954a57308,word_redlines_superdoc_0926
9f6091a4ac_super_editor__threaded_comment_27bda0ba__vs__776a437291_behavior__two_column_simple_e77be963_redline_d600d0c446,with_comments_clean/docx/9f6091a4ac_super_editor__threaded_comment_27bda0ba,clean/docx/776a437291_behavior__two_column_simple_e77be963,with_comments_tracking/docx/9f6091a4ac_super_editor__threaded_comment_27bda0ba__vs__776a437291_behavior__two_column_simple_e77be963_redline_d600d0c446.docx,with_comments_tracking/pdf/9f6091a4ac_super_editor__threaded_comment_27bda0ba__vs__776a437291_behavior__two_column_simple_e77be963_redline_d600d0c446.pdf,with_comments_tracking,d600d0c446,word_redlines_superdoc
9f6091a4ac_super_editor__threaded_comment_27bda0ba__vs__84f5fb598b_super_editor__diff_before11_1b953eaf_redline_621637d747,with_comments_clean/docx/9f6091a4ac_super_editor__threaded_comment_27bda0ba,with_comments_tracking/docx/84f5fb598b_super_editor__diff_before11_1b953eaf,with_comments_tracking/docx/9f6091a4ac_super_editor__threaded_comment_27bda0ba__vs__84f5fb598b_super_editor__diff_before11_1b953eaf_redline_621637d747.docx,with_comments_tracking/pdf/9f6091a4ac_super_editor__threaded_comment_27bda0ba__vs__84f5fb598b_super_editor__diff_before11_1b953eaf_redline_621637d747.pdf,with_comments_tracking,621637d747,word_redlines_superdoc
9f6091a4ac_super_editor__threaded_comment_27bda0ba__vs__84f5fb598b_super_editor__diff_before11_1b953eaf_redline_91cce6fb56,with_comments_clean/docx/9f6091a4ac_super_editor__threaded_comment_27bda0ba,with_comments_tracking/docx/84f5fb598b_super_editor__diff_before11_1b953eaf,with_comments_tracking/docx/9f6091a4ac_super_editor__threaded_comment_27bda0ba__vs__84f5fb598b_super_editor__diff_before11_1b953eaf_redline_91cce6fb56.docx,with_comments_tracking/pdf/9f6091a4ac_super_editor__threaded_comment_27bda0ba__vs__84f5fb598b_super_editor__diff_before11_1b953eaf_redline_91cce6fb56.pdf,with_comments_tracking,91cce6fb56,word_redlines_superdoc_0926
9f6091a4ac_super_editor__threaded_comment_27bda0ba__vs__b3028f2d5b_super_editor__super_basic_table_86d8d916_redline_7643096759,with_comments_clean/docx/9f6091a4ac_super_editor__threaded_comment_27bda0ba,clean/docx/b3028f2d5b_super_editor__super_basic_table_86d8d916,with_comments_tracking/docx/9f6091a4ac_super_editor__threaded_comment_27bda0ba__vs__b3028f2d5b_super_editor__super_basic_table_86d8d916_redline_7643096759.docx,with_comments_tracking/pdf/9f6091a4ac_super_editor__threaded_comment_27bda0ba__vs__b3028f2d5b_super_editor__super_basic_table_86d8d916_redline_7643096759.pdf,with_comments_tracking,7643096759,word_redlines_superdoc_0926
a04e2d2749_ooxml_style_link__vs__20d2e7d58b_word_tolerated_misplaced_pgsz_redline_bb42b4d0bc,clean/docx/a04e2d2749_ooxml_style_link,clean/docx/20d2e7d58b_word_tolerated_misplaced_pgsz,tracking_without_comments/docx/a04e2d2749_ooxml_style_link__vs__20d2e7d58b_word_tolerated_misplaced_pgsz_redline_bb42b4d0bc.docx,tracking_without_comments/pdf/a04e2d2749_ooxml_style_link__vs__20d2e7d58b_word_tolerated_misplaced_pgsz_redline_bb42b4d0bc.pdf,tracking_without_comments,bb42b4d0bc,word_based
a05bc8ec1e_6a5a823e4b6c60f55c050bed1862157fdf0f6f0b5fe13270__vs__be78c8a0fa_1be4351e1649f465bb69547fd96d875eae05a5136b1a65e5_redline_0633bf5b61,clean/docx/a05bc8ec1e_6a5a823e4b6c60f55c050bed1862157fdf0f6f0b5fe13270,clean/docx/be78c8a0fa_1be4351e1649f465bb69547fd96d875eae05a5136b1a65e5,tracking_without_comments/docx/a05bc8ec1e_6a5a823e4b6c60f55c050bed1862157fdf0f6f0b5fe13270__vs__be78c8a0fa_1be4351e1649f465bb69547fd96d875eae05a5136b1a65e5_redline_0633bf5b61.docx,tracking_without_comments/pdf/a05bc8ec1e_6a5a823e4b6c60f55c050bed1862157fdf0f6f0b5fe13270__vs__be78c8a0fa_1be4351e1649f465bb69547fd96d875eae05a5136b1a65e5_redline_0633bf5b61.pdf,tracking_without_comments,0633bf5b61,redlines_en_500
a0738533be_gdocs_comments_export__vs__199cb211b5_super_editor__basic_footnotes_5be96945_redline_6b7f035223,with_comments_clean/docx/a0738533be_gdocs_comments_export,clean/docx/199cb211b5_super_editor__basic_footnotes_5be96945,with_comments_tracking/docx/a0738533be_gdocs_comments_export__vs__199cb211b5_super_editor__basic_footnotes_5be96945_redline_6b7f035223.docx,with_comments_tracking/pdf/a0738533be_gdocs_comments_export__vs__199cb211b5_super_editor__basic_footnotes_5be96945_redline_6b7f035223.pdf,with_comments_tracking,6b7f035223,word_redlines_superdoc_0926
a0738533be_gdocs_comments_export__vs__199cb211b5_super_editor__basic_footnotes_5be96945_redline_e5cff4e8d9,with_comments_clean/docx/a0738533be_gdocs_comments_export,clean/docx/199cb211b5_super_editor__basic_footnotes_5be96945,with_comments_tracking/docx/a0738533be_gdocs_comments_export__vs__199cb211b5_super_editor__basic_footnotes_5be96945_redline_e5cff4e8d9.docx,with_comments_tracking/pdf/a0738533be_gdocs_comments_export__vs__199cb211b5_super_editor__basic_footnotes_5be96945_redline_e5cff4e8d9.pdf,with_comments_tracking,e5cff4e8d9,word_redlines_superdoc
a0738533be_gdocs_comments_export__vs__2a69e1ce5c_green_bold_text_demo_id_paraid_overflow_redline_b4c606bf91,with_comments_clean/docx/a0738533be_gdocs_comments_export,clean/docx/2a69e1ce5c_green_bold_text_demo_id_paraid_overflow,with_comments_tracking/docx/a0738533be_gdocs_comments_export__vs__2a69e1ce5c_green_bold_text_demo_id_paraid_overflow_redline_b4c606bf91.docx,with_comments_tracking/pdf/a0738533be_gdocs_comments_export__vs__2a69e1ce5c_green_bold_text_demo_id_paraid_overflow_redline_b4c606bf91.pdf,with_comments_tracking,b4c606bf91,word_based;fixtures_word_compares
a0738533be_gdocs_comments_export__vs__2a69e1ce5c_green_bold_text_demo_id_paraid_overflow_redline_ff27140d0a,with_comments_clean/docx/a0738533be_gdocs_comments_export,clean/docx/2a69e1ce5c_green_bold_text_demo_id_paraid_overflow,with_comments_tracking/docx/a0738533be_gdocs_comments_export__vs__2a69e1ce5c_green_bold_text_demo_id_paraid_overflow_redline_ff27140d0a.docx,with_comments_tracking/pdf/a0738533be_gdocs_comments_export__vs__2a69e1ce5c_green_bold_text_demo_id_paraid_overflow_redline_ff27140d0a.pdf,with_comments_tracking,ff27140d0a,word_based_0926
a0738533be_gdocs_comments_export__vs__d5a56cdeb3_super_editor__gdocs_single_comment_ac5db87f_redline_745218f254,with_comments_clean/docx/a0738533be_gdocs_comments_export,with_comments_clean/docx/d5a56cdeb3_super_editor__gdocs_single_comment_ac5db87f,with_comments_tracking/docx/a0738533be_gdocs_comments_export__vs__d5a56cdeb3_super_editor__gdocs_single_comment_ac5db87f_redline_745218f254.docx,with_comments_tracking/pdf/a0738533be_gdocs_comments_export__vs__d5a56cdeb3_super_editor__gdocs_single_comment_ac5db87f_redline_745218f254.pdf,with_comments_tracking,745218f254,word_redlines_superdoc
a0e6a09304_super_editor__diff_after11_1d5b767f__vs__3e50084c2e_super_editor__diff_after16_2a48697a_redline_63ec3a403e,with_comments_tracking/docx/a0e6a09304_super_editor__diff_after11_1d5b767f,clean/docx/3e50084c2e_super_editor__diff_after16_2a48697a,with_comments_tracking/docx/a0e6a09304_super_editor__diff_after11_1d5b767f__vs__3e50084c2e_super_editor__diff_after16_2a48697a_redline_63ec3a403e.docx,with_comments_tracking/pdf/a0e6a09304_super_editor__diff_after11_1d5b767f__vs__3e50084c2e_super_editor__diff_after16_2a48697a_redline_63ec3a403e.pdf,with_comments_tracking,63ec3a403e,word_redlines_superdoc
a0e6a09304_super_editor__diff_after11_1d5b767f__vs__3e50084c2e_super_editor__diff_after16_2a48697a_redline_9ee52e15be,with_comments_tracking/docx/a0e6a09304_super_editor__diff_after11_1d5b767f,clean/docx/3e50084c2e_super_editor__diff_after16_2a48697a,with_comments_tracking/docx/a0e6a09304_super_editor__diff_after11_1d5b767f__vs__3e50084c2e_super_editor__diff_after16_2a48697a_redline_9ee52e15be.docx,with_comments_tracking/pdf/a0e6a09304_super_editor__diff_after11_1d5b767f__vs__3e50084c2e_super_editor__diff_after16_2a48697a_redline_9ee52e15be.pdf,with_comments_tracking,9ee52e15be,word_redlines_superdoc_0926
a0e6a09304_super_editor__diff_after11_1d5b767f__vs__e844ea2053_evals__table_doc_4d728d83_redline_8d0b00bb0a,with_comments_tracking/docx/a0e6a09304_super_editor__diff_after11_1d5b767f,clean/docx/e844ea2053_evals__table_doc_4d728d83,with_comments_tracking/docx/a0e6a09304_super_editor__diff_after11_1d5b767f__vs__e844ea2053_evals__table_doc_4d728d83_redline_8d0b00bb0a.docx,with_comments_tracking/pdf/a0e6a09304_super_editor__diff_after11_1d5b767f__vs__e844ea2053_evals__table_doc_4d728d83_redline_8d0b00bb0a.pdf,with_comments_tracking,8d0b00bb0a,word_redlines_superdoc_0926
a1551a906b_1a3a95a9ba03f43f29ed1dbf1def67eeb040e544a3ab4d37__vs__3fe78a5e78_2794a33c2407f6663c9e91aeb706c5ca41ef485d54a6474b_redline_d3b5939138,clean/docx/a1551a906b_1a3a95a9ba03f43f29ed1dbf1def67eeb040e544a3ab4d37,clean/docx/3fe78a5e78_2794a33c2407f6663c9e91aeb706c5ca41ef485d54a6474b,tracking_without_comments/docx/a1551a906b_1a3a95a9ba03f43f29ed1dbf1def67eeb040e544a3ab4d37__vs__3fe78a5e78_2794a33c2407f6663c9e91aeb706c5ca41ef485d54a6474b_redline_d3b5939138.docx,tracking_without_comments/pdf/a1551a906b_1a3a95a9ba03f43f29ed1dbf1def67eeb040e544a3ab4d37__vs__3fe78a5e78_2794a33c2407f6663c9e91aeb706c5ca41ef485d54a6474b_redline_d3b5939138.pdf,tracking_without_comments,d3b5939138,redlines_en_500
a1dd2e1369_increase_indent_demo_id_paraid_overflow__vs__6a909493e9_insert_link_demo_id_paraid_overflow_redline_a151dfccc4,clean/docx/a1dd2e1369_increase_indent_demo_id_paraid_overflow,clean/docx/6a909493e9_insert_link_demo_id_paraid_overflow,tracking_without_comments/docx/a1dd2e1369_increase_indent_demo_id_paraid_overflow__vs__6a909493e9_insert_link_demo_id_paraid_overflow_redline_a151dfccc4.docx,tracking_without_comments/pdf/a1dd2e1369_increase_indent_demo_id_paraid_overflow__vs__6a909493e9_insert_link_demo_id_paraid_overflow_redline_a151dfccc4.pdf,tracking_without_comments,a151dfccc4,nocomments
a21c45464c_super_editor__shape_group_ce60e1e6__vs__14211b982b_super_editor__simple_ordered_list_8288421a_redline_7d2b2ee4c8,clean/docx/a21c45464c_super_editor__shape_group_ce60e1e6,clean/docx/14211b982b_super_editor__simple_ordered_list_8288421a,tracking_without_comments/docx/a21c45464c_super_editor__shape_group_ce60e1e6__vs__14211b982b_super_editor__simple_ordered_list_8288421a_redline_7d2b2ee4c8.docx,tracking_without_comments/pdf/a21c45464c_super_editor__shape_group_ce60e1e6__vs__14211b982b_super_editor__simple_ordered_list_8288421a_redline_7d2b2ee4c8.pdf,tracking_without_comments,7d2b2ee4c8,word_redlines_superdoc_0926
a248dd803d_file_86__vs__28d139cbd3_file_87_redline_5c20ddfb6b,clean/docx/a248dd803d_file_86,clean/docx/28d139cbd3_file_87,tracking_without_comments/docx/a248dd803d_file_86__vs__28d139cbd3_file_87_redline_5c20ddfb6b.docx,tracking_without_comments/pdf/a248dd803d_file_86__vs__28d139cbd3_file_87_redline_5c20ddfb6b.pdf,tracking_without_comments,5c20ddfb6b,nocomments_randomized
a3df367231_001a6655d72fbecf6a1d10e479eee052a779d6ba1d0848d7__vs__a5f2b9318d_002aa60c2ae1187417b4b157c5ec6450324cc056ec551a12_redline_7c91c539fa,clean/docx/a3df367231_001a6655d72fbecf6a1d10e479eee052a779d6ba1d0848d7,clean/docx/a5f2b9318d_002aa60c2ae1187417b4b157c5ec6450324cc056ec551a12,tracking_without_comments/docx/a3df367231_001a6655d72fbecf6a1d10e479eee052a779d6ba1d0848d7__vs__a5f2b9318d_002aa60c2ae1187417b4b157c5ec6450324cc056ec551a12_redline_7c91c539fa.docx,tracking_without_comments/pdf/a3df367231_001a6655d72fbecf6a1d10e479eee052a779d6ba1d0848d7__vs__a5f2b9318d_002aa60c2ae1187417b4b157c5ec6450324cc056ec551a12_redline_7c91c539fa.pdf,tracking_without_comments,7c91c539fa,redlines_a100_b10
a3df367231_001a6655d72fbecf6a1d10e479eee052a779d6ba1d0848d7__vs__aa5340125d_00a4b0b91e9b5b072dc3771391c2d608518690eccf44eae8_redline_76b093bc91,clean/docx/a3df367231_001a6655d72fbecf6a1d10e479eee052a779d6ba1d0848d7,clean/docx/aa5340125d_00a4b0b91e9b5b072dc3771391c2d608518690eccf44eae8,tracking_without_comments/docx/a3df367231_001a6655d72fbecf6a1d10e479eee052a779d6ba1d0848d7__vs__aa5340125d_00a4b0b91e9b5b072dc3771391c2d608518690eccf44eae8_redline_76b093bc91.docx,tracking_without_comments/pdf/a3df367231_001a6655d72fbecf6a1d10e479eee052a779d6ba1d0848d7__vs__aa5340125d_00a4b0b91e9b5b072dc3771391c2d608518690eccf44eae8_redline_76b093bc91.pdf,tracking_without_comments,76b093bc91,redlines_a100_b10
a3df367231_001a6655d72fbecf6a1d10e479eee052a779d6ba1d0848d7__vs__bd3824dd1e_000ee64ef7226d353297888f59a251e24ce5d776fea000fa_redline_e9bf31a541,clean/docx/a3df367231_001a6655d72fbecf6a1d10e479eee052a779d6ba1d0848d7,clean/docx/bd3824dd1e_000ee64ef7226d353297888f59a251e24ce5d776fea000fa,tracking_without_comments/docx/a3df367231_001a6655d72fbecf6a1d10e479eee052a779d6ba1d0848d7__vs__bd3824dd1e_000ee64ef7226d353297888f59a251e24ce5d776fea000fa_redline_e9bf31a541.docx,tracking_without_comments/pdf/a3df367231_001a6655d72fbecf6a1d10e479eee052a779d6ba1d0848d7__vs__bd3824dd1e_000ee64ef7226d353297888f59a251e24ce5d776fea000fa_redline_e9bf31a541.pdf,tracking_without_comments,e9bf31a541,redlines_a100_b10
a4ebc0e89c_0016d88a731db087feb2e28e8bfc163c1fe94df0ee048d55__vs__2773adf157_0004c94ca2a8684d47449bb0e7abf87de1df71a7e6543252_redline_6ba792365c,clean/docx/a4ebc0e89c_0016d88a731db087feb2e28e8bfc163c1fe94df0ee048d55,clean/docx/2773adf157_0004c94ca2a8684d47449bb0e7abf87de1df71a7e6543252,tracking_without_comments/docx/a4ebc0e89c_0016d88a731db087feb2e28e8bfc163c1fe94df0ee048d55__vs__2773adf157_0004c94ca2a8684d47449bb0e7abf87de1df71a7e6543252_redline_6ba792365c.docx,tracking_without_comments/pdf/a4ebc0e89c_0016d88a731db087feb2e28e8bfc163c1fe94df0ee048d55__vs__2773adf157_0004c94ca2a8684d47449bb0e7abf87de1df71a7e6543252_redline_6ba792365c.pdf,tracking_without_comments,6ba792365c,redlines_a100_b10
a5903a7c15_super_editor__pci_table_dc840852__vs__501bf3d47b_super_editor__table_merged_cells_9c349334_redline_482ad62e2c,clean/docx/a5903a7c15_super_editor__pci_table_dc840852,clean/docx/501bf3d47b_super_editor__table_merged_cells_9c349334,tracking_without_comments/docx/a5903a7c15_super_editor__pci_table_dc840852__vs__501bf3d47b_super_editor__table_merged_cells_9c349334_redline_482ad62e2c.docx,tracking_without_comments/pdf/a5903a7c15_super_editor__pci_table_dc840852__vs__501bf3d47b_super_editor__table_merged_cells_9c349334_redline_482ad62e2c.pdf,tracking_without_comments,482ad62e2c,word_redlines_superdoc
a5eb266a1f_016236e3bf778292b45976ecd4a34b45d02104f47db7a3ca__vs__1424386e9b_017447de83753a0e3b7afc659df038ef56972925336c6a5b_redline_eca414fecf,clean/docx/a5eb266a1f_016236e3bf778292b45976ecd4a34b45d02104f47db7a3ca,clean/docx/1424386e9b_017447de83753a0e3b7afc659df038ef56972925336c6a5b,tracking_without_comments/docx/a5eb266a1f_016236e3bf778292b45976ecd4a34b45d02104f47db7a3ca__vs__1424386e9b_017447de83753a0e3b7afc659df038ef56972925336c6a5b_redline_eca414fecf.docx,tracking_without_comments/pdf/a5eb266a1f_016236e3bf778292b45976ecd4a34b45d02104f47db7a3ca__vs__1424386e9b_017447de83753a0e3b7afc659df038ef56972925336c6a5b_redline_eca414fecf.pdf,tracking_without_comments,eca414fecf,redlines_a100_b10
a5eb266a1f_016236e3bf778292b45976ecd4a34b45d02104f47db7a3ca__vs__5203829c7a_001cc92b88566d5f930fe57f25813c0bf52a7bdc72c217d0_redline_a9785a24a3,clean/docx/a5eb266a1f_016236e3bf778292b45976ecd4a34b45d02104f47db7a3ca,clean/docx/5203829c7a_001cc92b88566d5f930fe57f25813c0bf52a7bdc72c217d0,tracking_without_comments/docx/a5eb266a1f_016236e3bf778292b45976ecd4a34b45d02104f47db7a3ca__vs__5203829c7a_001cc92b88566d5f930fe57f25813c0bf52a7bdc72c217d0_redline_a9785a24a3.docx,tracking_without_comments/pdf/a5eb266a1f_016236e3bf778292b45976ecd4a34b45d02104f47db7a3ca__vs__5203829c7a_001cc92b88566d5f930fe57f25813c0bf52a7bdc72c217d0_redline_a9785a24a3.pdf,tracking_without_comments,a9785a24a3,redlines_a100_b10
a5eb266a1f_016236e3bf778292b45976ecd4a34b45d02104f47db7a3ca__vs__aa5340125d_00a4b0b91e9b5b072dc3771391c2d608518690eccf44eae8_redline_9a2234ae00,clean/docx/a5eb266a1f_016236e3bf778292b45976ecd4a34b45d02104f47db7a3ca,clean/docx/aa5340125d_00a4b0b91e9b5b072dc3771391c2d608518690eccf44eae8,tracking_without_comments/docx/a5eb266a1f_016236e3bf778292b45976ecd4a34b45d02104f47db7a3ca__vs__aa5340125d_00a4b0b91e9b5b072dc3771391c2d608518690eccf44eae8_redline_9a2234ae00.docx,tracking_without_comments/pdf/a5eb266a1f_016236e3bf778292b45976ecd4a34b45d02104f47db7a3ca__vs__aa5340125d_00a4b0b91e9b5b072dc3771391c2d608518690eccf44eae8_redline_9a2234ae00.pdf,tracking_without_comments,9a2234ae00,redlines_a100_b10
a6bdad436b_00e1eabab4f0fdde08a033b7d3af988ce75f7e80207c9918__vs__2773adf157_0004c94ca2a8684d47449bb0e7abf87de1df71a7e6543252_redline_1533ea6dc3,clean/docx/a6bdad436b_00e1eabab4f0fdde08a033b7d3af988ce75f7e80207c9918,clean/docx/2773adf157_0004c94ca2a8684d47449bb0e7abf87de1df71a7e6543252,tracking_without_comments/docx/a6bdad436b_00e1eabab4f0fdde08a033b7d3af988ce75f7e80207c9918__vs__2773adf157_0004c94ca2a8684d47449bb0e7abf87de1df71a7e6543252_redline_1533ea6dc3.docx,tracking_without_comments/pdf/a6bdad436b_00e1eabab4f0fdde08a033b7d3af988ce75f7e80207c9918__vs__2773adf157_0004c94ca2a8684d47449bb0e7abf87de1df71a7e6543252_redline_1533ea6dc3.pdf,tracking_without_comments,1533ea6dc3,redlines_a100_b10
a6e4d0e065_file_161__vs__2f6102d8be_file_162_redline_1f4634946b,tracking_without_comments/docx/a6e4d0e065_file_161,tracking_without_comments/docx/2f6102d8be_file_162,tracking_without_comments/docx/a6e4d0e065_file_161__vs__2f6102d8be_file_162_redline_1f4634946b.docx,tracking_without_comments/pdf/a6e4d0e065_file_161__vs__2f6102d8be_file_162_redline_1f4634946b.pdf,tracking_without_comments,1f4634946b,word_based_randomized
a6e4d0e065_file_161__vs__2f6102d8be_file_162_redline_55cfba243f,tracking_without_comments/docx/a6e4d0e065_file_161,tracking_without_comments/docx/2f6102d8be_file_162,tracking_without_comments/docx/a6e4d0e065_file_161__vs__2f6102d8be_file_162_redline_55cfba243f.docx,tracking_without_comments/pdf/a6e4d0e065_file_161__vs__2f6102d8be_file_162_redline_55cfba243f.pdf,tracking_without_comments,55cfba243f,word_based_randomized_0926
a6ee65b3ee_comments__vs__dc40c7300f_complex_style_attr_redline_141207cab1,clean/docx/a6ee65b3ee_comments,clean/docx/dc40c7300f_complex_style_attr,tracking_without_comments/docx/a6ee65b3ee_comments__vs__dc40c7300f_complex_style_attr_redline_141207cab1.docx,tracking_without_comments/pdf/a6ee65b3ee_comments__vs__dc40c7300f_complex_style_attr_redline_141207cab1.pdf,tracking_without_comments,141207cab1,nocomments
a702c82e3c_598501d54a14144db04eb8bced2dc8848d2323280dd388aa__vs__9924302ad5_a0ad3c6fc339f68b3ae1700cce528baf0f9be9a23bfcc1ec_redline_6ce722f9ab,clean/docx/a702c82e3c_598501d54a14144db04eb8bced2dc8848d2323280dd388aa,clean/docx/9924302ad5_a0ad3c6fc339f68b3ae1700cce528baf0f9be9a23bfcc1ec,tracking_without_comments/docx/a702c82e3c_598501d54a14144db04eb8bced2dc8848d2323280dd388aa__vs__9924302ad5_a0ad3c6fc339f68b3ae1700cce528baf0f9be9a23bfcc1ec_redline_6ce722f9ab.docx,tracking_without_comments/pdf/a702c82e3c_598501d54a14144db04eb8bced2dc8848d2323280dd388aa__vs__9924302ad5_a0ad3c6fc339f68b3ae1700cce528baf0f9be9a23bfcc1ec_redline_6ce722f9ab.pdf,tracking_without_comments,6ce722f9ab,redlines_en_500
a94f5abc6f_file_155__vs__b373229160_file_156_redline_e0dd866330,clean/docx/a94f5abc6f_file_155,clean/docx/b373229160_file_156,tracking_without_comments/docx/a94f5abc6f_file_155__vs__b373229160_file_156_redline_e0dd866330.docx,tracking_without_comments/pdf/a94f5abc6f_file_155__vs__b373229160_file_156_redline_e0dd866330.pdf,tracking_without_comments,e0dd866330,nocomments_randomized
a98d0a8c12_center_alignment_demo_id_paraid_overflow_2__vs__cb340e4c6a_center_alignment_demo_id_paraid_overflow_redline_fa65e6ca11,clean/docx/a98d0a8c12_center_alignment_demo_id_paraid_overflow_2,clean/docx/cb340e4c6a_center_alignment_demo_id_paraid_overflow,tracking_without_comments/docx/a98d0a8c12_center_alignment_demo_id_paraid_overflow_2__vs__cb340e4c6a_center_alignment_demo_id_paraid_overflow_redline_fa65e6ca11.docx,tracking_without_comments/pdf/a98d0a8c12_center_alignment_demo_id_paraid_overflow_2__vs__cb340e4c6a_center_alignment_demo_id_paraid_overflow_redline_fa65e6ca11.pdf,tracking_without_comments,fa65e6ca11,word_based
a9f3a3c647_file_72__vs__6b0acda259_file_73_redline_8f1d60fe98,clean/docx/a9f3a3c647_file_72,clean/docx/6b0acda259_file_73,tracking_without_comments/docx/a9f3a3c647_file_72__vs__6b0acda259_file_73_redline_8f1d60fe98.docx,tracking_without_comments/pdf/a9f3a3c647_file_72__vs__6b0acda259_file_73_redline_8f1d60fe98.pdf,tracking_without_comments,8f1d60fe98,word_based_randomized_0926
aa58aada65_00160046fb2516a560a9681d7ae3e6f4659af57d19555d4e__vs__333bfe069a_003416d620331122b93b434dad901db5836f60d2cad4b533_redline_dd43ad9d3c,clean/docx/aa58aada65_00160046fb2516a560a9681d7ae3e6f4659af57d19555d4e,clean/docx/333bfe069a_003416d620331122b93b434dad901db5836f60d2cad4b533,tracking_without_comments/docx/aa58aada65_00160046fb2516a560a9681d7ae3e6f4659af57d19555d4e__vs__333bfe069a_003416d620331122b93b434dad901db5836f60d2cad4b533_redline_dd43ad9d3c.docx,tracking_without_comments/pdf/aa58aada65_00160046fb2516a560a9681d7ae3e6f4659af57d19555d4e__vs__333bfe069a_003416d620331122b93b434dad901db5836f60d2cad4b533_redline_dd43ad9d3c.pdf,tracking_without_comments,dd43ad9d3c,redlines_a100_b10
aa58aada65_00160046fb2516a560a9681d7ae3e6f4659af57d19555d4e__vs__bd3824dd1e_000ee64ef7226d353297888f59a251e24ce5d776fea000fa_redline_9f3f036b1a,clean/docx/aa58aada65_00160046fb2516a560a9681d7ae3e6f4659af57d19555d4e,clean/docx/bd3824dd1e_000ee64ef7226d353297888f59a251e24ce5d776fea000fa,tracking_without_comments/docx/aa58aada65_00160046fb2516a560a9681d7ae3e6f4659af57d19555d4e__vs__bd3824dd1e_000ee64ef7226d353297888f59a251e24ce5d776fea000fa_redline_9f3f036b1a.docx,tracking_without_comments/pdf/aa58aada65_00160046fb2516a560a9681d7ae3e6f4659af57d19555d4e__vs__bd3824dd1e_000ee64ef7226d353297888f59a251e24ce5d776fea000fa_redline_9f3f036b1a.pdf,tracking_without_comments,9f3f036b1a,redlines_a100_b10
aa62a37db2_strikethrough_text_demo_id_paraid_overflow__vs__4d1070e14c_strikethrough_text_formatting_demo_id_paraid_ove_redline_4ae050247d,clean/docx/aa62a37db2_strikethrough_text_demo_id_paraid_overflow,clean/docx/4d1070e14c_strikethrough_text_formatting_demo_id_paraid_ove,tracking_without_comments/docx/aa62a37db2_strikethrough_text_demo_id_paraid_overflow__vs__4d1070e14c_strikethrough_text_formatting_demo_id_paraid_ove_redline_4ae050247d.docx,tracking_without_comments/pdf/aa62a37db2_strikethrough_text_demo_id_paraid_overflow__vs__4d1070e14c_strikethrough_text_formatting_demo_id_paraid_ove_redline_4ae050247d.pdf,tracking_without_comments,4ae050247d,fixtures_word_compares;pdf_fill_0928
ab859711f4_super_editor__custom_list_numbering1_7eb9fda4__vs__4858c9853b_behavior__multi_image_types_b962a2b8_redline_0d2106d9b2,clean/docx/ab859711f4_super_editor__custom_list_numbering1_7eb9fda4,clean/docx/4858c9853b_behavior__multi_image_types_b962a2b8,tracking_without_comments/docx/ab859711f4_super_editor__custom_list_numbering1_7eb9fda4__vs__4858c9853b_behavior__multi_image_types_b962a2b8_redline_0d2106d9b2.docx,tracking_without_comments/pdf/ab859711f4_super_editor__custom_list_numbering1_7eb9fda4__vs__4858c9853b_behavior__multi_image_types_b962a2b8_redline_0d2106d9b2.pdf,tracking_without_comments,0d2106d9b2,word_redlines_superdoc_0926
abd0b75d88_file_184__vs__9c6ebd430d_file_185_redline_7f412aa4b4,clean/docx/abd0b75d88_file_184,with_comments_tracking/docx/9c6ebd430d_file_185,with_comments_tracking/docx/abd0b75d88_file_184__vs__9c6ebd430d_file_185_redline_7f412aa4b4.docx,with_comments_tracking/pdf/abd0b75d88_file_184__vs__9c6ebd430d_file_185_redline_7f412aa4b4.pdf,with_comments_tracking,7f412aa4b4,word_based_randomized
ac0bcc10fe_file_146__vs__9c0dd6b3f6_file_147_redline_9c8876c6d7,with_comments_tracking/docx/ac0bcc10fe_file_146,clean/docx/9c0dd6b3f6_file_147,with_comments_tracking/docx/ac0bcc10fe_file_146__vs__9c0dd6b3f6_file_147_redline_9c8876c6d7.docx,with_comments_tracking/pdf/ac0bcc10fe_file_146__vs__9c0dd6b3f6_file_147_redline_9c8876c6d7.pdf,with_comments_tracking,9c8876c6d7,word_based_randomized_0926
ac0bcc10fe_file_146__vs__9c0dd6b3f6_file_147_redline_ee80941306,with_comments_tracking/docx/ac0bcc10fe_file_146,clean/docx/9c0dd6b3f6_file_147,with_comments_tracking/docx/ac0bcc10fe_file_146__vs__9c0dd6b3f6_file_147_redline_ee80941306.docx,with_comments_tracking/pdf/ac0bcc10fe_file_146__vs__9c0dd6b3f6_file_147_redline_ee80941306.pdf,with_comments_tracking,ee80941306,word_based_randomized
ac4b41aa8e_verdana_font_demo_id_paraid_overflow__vs__4f0a3847e3_verdana_italic_centered_demo_id_paraid_overflow_redline_30d1cde0ac,clean/docx/ac4b41aa8e_verdana_font_demo_id_paraid_overflow,clean/docx/4f0a3847e3_verdana_italic_centered_demo_id_paraid_overflow,with_comments_tracking/docx/ac4b41aa8e_verdana_font_demo_id_paraid_overflow__vs__4f0a3847e3_verdana_italic_centered_demo_id_paraid_overflow_redline_30d1cde0ac.docx,with_comments_tracking/pdf/ac4b41aa8e_verdana_font_demo_id_paraid_overflow__vs__4f0a3847e3_verdana_italic_centered_demo_id_paraid_overflow_redline_30d1cde0ac.pdf,with_comments_tracking,30d1cde0ac,word_based
accec0538a_anchor_images__vs__d72fd74138_super_editor__ooxml_color_rstyle_linked_combos_d_redline_66a6739bf5,clean/docx/accec0538a_anchor_images,clean/docx/d72fd74138_super_editor__ooxml_color_rstyle_linked_combos_d,tracking_without_comments/docx/accec0538a_anchor_images__vs__d72fd74138_super_editor__ooxml_color_rstyle_linked_combos_d_redline_66a6739bf5.docx,tracking_without_comments/pdf/accec0538a_anchor_images__vs__d72fd74138_super_editor__ooxml_color_rstyle_linked_combos_d_redline_66a6739bf5.pdf,tracking_without_comments,66a6739bf5,word_redlines_superdoc
acd3595c3a_0032221e68ad2a7986d1fe113eb1d46b5a7d1901b5aa9318__vs__1424386e9b_017447de83753a0e3b7afc659df038ef56972925336c6a5b_redline_bc0135eaa1,clean/docx/acd3595c3a_0032221e68ad2a7986d1fe113eb1d46b5a7d1901b5aa9318,clean/docx/1424386e9b_017447de83753a0e3b7afc659df038ef56972925336c6a5b,tracking_without_comments/docx/acd3595c3a_0032221e68ad2a7986d1fe113eb1d46b5a7d1901b5aa9318__vs__1424386e9b_017447de83753a0e3b7afc659df038ef56972925336c6a5b_redline_bc0135eaa1.docx,tracking_without_comments/pdf/acd3595c3a_0032221e68ad2a7986d1fe113eb1d46b5a7d1901b5aa9318__vs__1424386e9b_017447de83753a0e3b7afc659df038ef56972925336c6a5b_redline_bc0135eaa1.pdf,tracking_without_comments,bc0135eaa1,redlines_a100_b10
ad00cf90d7_doc_api_stories__diff_doc2_bc0da0ce__vs__d6a1c42901_super_editor__diff_before16_f518c031_redline_5daae0d169,clean/docx/ad00cf90d7_doc_api_stories__diff_doc2_bc0da0ce,clean/docx/d6a1c42901_super_editor__diff_before16_f518c031,tracking_without_comments/docx/ad00cf90d7_doc_api_stories__diff_doc2_bc0da0ce__vs__d6a1c42901_super_editor__diff_before16_f518c031_redline_5daae0d169.docx,tracking_without_comments/pdf/ad00cf90d7_doc_api_stories__diff_doc2_bc0da0ce__vs__d6a1c42901_super_editor__diff_before16_f518c031_redline_5daae0d169.pdf,tracking_without_comments,5daae0d169,word_redlines_superdoc_0926
adc9f524d1_comments__vs__5d17fd43a9_complex_style_attr_redline_2061218d44,with_comments_clean/docx/adc9f524d1_comments,clean/docx/5d17fd43a9_complex_style_attr,with_comments_tracking/docx/adc9f524d1_comments__vs__5d17fd43a9_complex_style_attr_redline_2061218d44.docx,with_comments_tracking/pdf/adc9f524d1_comments__vs__5d17fd43a9_complex_style_attr_redline_2061218d44.pdf,with_comments_tracking,2061218d44,word_based_0926
adc9f524d1_comments__vs__5d17fd43a9_complex_style_attr_redline_ffed78e6e8,with_comments_clean/docx/adc9f524d1_comments,clean/docx/5d17fd43a9_complex_style_attr,with_comments_tracking/docx/adc9f524d1_comments__vs__5d17fd43a9_complex_style_attr_redline_ffed78e6e8.docx,with_comments_tracking/pdf/adc9f524d1_comments__vs__5d17fd43a9_complex_style_attr_redline_ffed78e6e8.pdf,with_comments_tracking,ffed78e6e8,word_based;fixtures_word_compares
ae9360e096_behavior__sd_2672_merged_table_821b922c__vs__a5903a7c15_super_editor__pci_table_dc840852_redline_4f427d1e19,clean/docx/ae9360e096_behavior__sd_2672_merged_table_821b922c,clean/docx/a5903a7c15_super_editor__pci_table_dc840852,tracking_without_comments/docx/ae9360e096_behavior__sd_2672_merged_table_821b922c__vs__a5903a7c15_super_editor__pci_table_dc840852_redline_4f427d1e19.docx,tracking_without_comments/pdf/ae9360e096_behavior__sd_2672_merged_table_821b922c__vs__a5903a7c15_super_editor__pci_table_dc840852_redline_4f427d1e19.pdf,tracking_without_comments,4f427d1e19,word_redlines_superdoc
ae9360e096_behavior__sd_2672_merged_table_821b922c__vs__e663016796_behavior__sd_2672_multipara_cell_4d1f068e_redline_74842a7b93,clean/docx/ae9360e096_behavior__sd_2672_merged_table_821b922c,clean/docx/e663016796_behavior__sd_2672_multipara_cell_4d1f068e,tracking_without_comments/docx/ae9360e096_behavior__sd_2672_merged_table_821b922c__vs__e663016796_behavior__sd_2672_multipara_cell_4d1f068e_redline_74842a7b93.docx,tracking_without_comments/pdf/ae9360e096_behavior__sd_2672_merged_table_821b922c__vs__e663016796_behavior__sd_2672_multipara_cell_4d1f068e_redline_74842a7b93.pdf,tracking_without_comments,74842a7b93,word_redlines_superdoc
aeba435bbd_file_133__vs__6f02029e99_file_134_redline_3e4b94de41,tracking_without_comments/docx/aeba435bbd_file_133,clean/docx/6f02029e99_file_134,tracking_without_comments/docx/aeba435bbd_file_133__vs__6f02029e99_file_134_redline_3e4b94de41.docx,tracking_without_comments/pdf/aeba435bbd_file_133__vs__6f02029e99_file_134_redline_3e4b94de41.pdf,tracking_without_comments,3e4b94de41,word_based_randomized
af540c50e4_00edeec4b73ab68a9a4e2b0281464f067656d89fc9969ab4__vs__2773adf157_0004c94ca2a8684d47449bb0e7abf87de1df71a7e6543252_redline_6f4e7d3d95,clean/docx/af540c50e4_00edeec4b73ab68a9a4e2b0281464f067656d89fc9969ab4,clean/docx/2773adf157_0004c94ca2a8684d47449bb0e7abf87de1df71a7e6543252,tracking_without_comments/docx/af540c50e4_00edeec4b73ab68a9a4e2b0281464f067656d89fc9969ab4__vs__2773adf157_0004c94ca2a8684d47449bb0e7abf87de1df71a7e6543252_redline_6f4e7d3d95.docx,tracking_without_comments/pdf/af540c50e4_00edeec4b73ab68a9a4e2b0281464f067656d89fc9969ab4__vs__2773adf157_0004c94ca2a8684d47449bb0e7abf87de1df71a7e6543252_redline_6f4e7d3d95.pdf,tracking_without_comments,6f4e7d3d95,redlines_a100_b10
af540c50e4_00edeec4b73ab68a9a4e2b0281464f067656d89fc9969ab4__vs__2e04202552_000e3e7bd2d6215fc7b469cc3e296c1b2a510bc1abc7e0fd_redline_a702002b5b,clean/docx/af540c50e4_00edeec4b73ab68a9a4e2b0281464f067656d89fc9969ab4,clean/docx/2e04202552_000e3e7bd2d6215fc7b469cc3e296c1b2a510bc1abc7e0fd,tracking_without_comments/docx/af540c50e4_00edeec4b73ab68a9a4e2b0281464f067656d89fc9969ab4__vs__2e04202552_000e3e7bd2d6215fc7b469cc3e296c1b2a510bc1abc7e0fd_redline_a702002b5b.docx,tracking_without_comments/pdf/af540c50e4_00edeec4b73ab68a9a4e2b0281464f067656d89fc9969ab4__vs__2e04202552_000e3e7bd2d6215fc7b469cc3e296c1b2a510bc1abc7e0fd_redline_a702002b5b.pdf,tracking_without_comments,a702002b5b,redlines_a100_b10
af540c50e4_00edeec4b73ab68a9a4e2b0281464f067656d89fc9969ab4__vs__333bfe069a_003416d620331122b93b434dad901db5836f60d2cad4b533_redline_fd9d6be0de,clean/docx/af540c50e4_00edeec4b73ab68a9a4e2b0281464f067656d89fc9969ab4,clean/docx/333bfe069a_003416d620331122b93b434dad901db5836f60d2cad4b533,tracking_without_comments/docx/af540c50e4_00edeec4b73ab68a9a4e2b0281464f067656d89fc9969ab4__vs__333bfe069a_003416d620331122b93b434dad901db5836f60d2cad4b533_redline_fd9d6be0de.docx,tracking_without_comments/pdf/af540c50e4_00edeec4b73ab68a9a4e2b0281464f067656d89fc9969ab4__vs__333bfe069a_003416d620331122b93b434dad901db5836f60d2cad4b533_redline_fd9d6be0de.pdf,tracking_without_comments,fd9d6be0de,redlines_a100_b10
af540c50e4_00edeec4b73ab68a9a4e2b0281464f067656d89fc9969ab4__vs__bd3824dd1e_000ee64ef7226d353297888f59a251e24ce5d776fea000fa_redline_367a73a255,clean/docx/af540c50e4_00edeec4b73ab68a9a4e2b0281464f067656d89fc9969ab4,clean/docx/bd3824dd1e_000ee64ef7226d353297888f59a251e24ce5d776fea000fa,tracking_without_comments/docx/af540c50e4_00edeec4b73ab68a9a4e2b0281464f067656d89fc9969ab4__vs__bd3824dd1e_000ee64ef7226d353297888f59a251e24ce5d776fea000fa_redline_367a73a255.docx,tracking_without_comments/pdf/af540c50e4_00edeec4b73ab68a9a4e2b0281464f067656d89fc9969ab4__vs__bd3824dd1e_000ee64ef7226d353297888f59a251e24ce5d776fea000fa_redline_367a73a255.pdf,tracking_without_comments,367a73a255,redlines_a100_b10
af613a9921_file_128__vs__9f9fd7010e_file_129_redline_a785e97227,tracking_without_comments/docx/af613a9921_file_128,clean/docx/9f9fd7010e_file_129,tracking_without_comments/docx/af613a9921_file_128__vs__9f9fd7010e_file_129_redline_a785e97227.docx,tracking_without_comments/pdf/af613a9921_file_128__vs__9f9fd7010e_file_129_redline_a785e97227.pdf,tracking_without_comments,a785e97227,nocomments_randomized
af73bfcc05_meeting_minutes_suggesting_insertions__vs__82348eef4b_multi_section_redline_4318cac120,tracking_without_comments/docx/af73bfcc05_meeting_minutes_suggesting_insertions,clean/docx/82348eef4b_multi_section,tracking_without_comments/docx/af73bfcc05_meeting_minutes_suggesting_insertions__vs__82348eef4b_multi_section_redline_4318cac120.docx,tracking_without_comments/pdf/af73bfcc05_meeting_minutes_suggesting_insertions__vs__82348eef4b_multi_section_redline_4318cac120.pdf,tracking_without_comments,4318cac120,word_based;fixtures_word_compares
b126641535_file_46__vs__3b5c01bae4_file_47_redline_0244dddfe6,clean/docx/b126641535_file_46,clean/docx/3b5c01bae4_file_47,tracking_without_comments/docx/b126641535_file_46__vs__3b5c01bae4_file_47_redline_0244dddfe6.docx,tracking_without_comments/pdf/b126641535_file_46__vs__3b5c01bae4_file_47_redline_0244dddfe6.pdf,tracking_without_comments,0244dddfe6,word_based_randomized
b13ad6a30b_08da985c87d92e2aa39245f9771c0f024ba1986d40e19c4d__vs__24cfc33555_89489e767eba60afbffffd971e4fde9913403bfb29003b2b_redline_fea87b305c,clean/docx/b13ad6a30b_08da985c87d92e2aa39245f9771c0f024ba1986d40e19c4d,clean/docx/24cfc33555_89489e767eba60afbffffd971e4fde9913403bfb29003b2b,tracking_without_comments/docx/b13ad6a30b_08da985c87d92e2aa39245f9771c0f024ba1986d40e19c4d__vs__24cfc33555_89489e767eba60afbffffd971e4fde9913403bfb29003b2b_redline_fea87b305c.docx,tracking_without_comments/pdf/b13ad6a30b_08da985c87d92e2aa39245f9771c0f024ba1986d40e19c4d__vs__24cfc33555_89489e767eba60afbffffd971e4fde9913403bfb29003b2b_redline_fea87b305c.pdf,tracking_without_comments,fea87b305c,redlines_en_500
b27c7b34e9_super_editor__heading_font_46041620__vs__bf50ee8ac4_super_editor__hummingbird_c5e5ac81_redline_29eeca5c14,clean/docx/b27c7b34e9_super_editor__heading_font_46041620,clean/docx/bf50ee8ac4_super_editor__hummingbird_c5e5ac81,tracking_without_comments/docx/b27c7b34e9_super_editor__heading_font_46041620__vs__bf50ee8ac4_super_editor__hummingbird_c5e5ac81_redline_29eeca5c14.docx,tracking_without_comments/pdf/b27c7b34e9_super_editor__heading_font_46041620__vs__bf50ee8ac4_super_editor__hummingbird_c5e5ac81_redline_29eeca5c14.pdf,tracking_without_comments,29eeca5c14,word_redlines_superdoc_0926
b3028f2d5b_super_editor__super_basic_table_86d8d916__vs__7367931dbf_super_editor__sdt_test_60079f08_redline_1ff9bf561d,clean/docx/b3028f2d5b_super_editor__super_basic_table_86d8d916,clean/docx/7367931dbf_super_editor__sdt_test_60079f08,tracking_without_comments/docx/b3028f2d5b_super_editor__super_basic_table_86d8d916__vs__7367931dbf_super_editor__sdt_test_60079f08_redline_1ff9bf561d.docx,tracking_without_comments/pdf/b3028f2d5b_super_editor__super_basic_table_86d8d916__vs__7367931dbf_super_editor__sdt_test_60079f08_redline_1ff9bf561d.pdf,tracking_without_comments,1ff9bf561d,word_redlines_superdoc_0926
b31456961a_file_42__vs__e3c6e90478_file_43_redline_47d0da4ff9,clean/docx/b31456961a_file_42,clean/docx/e3c6e90478_file_43,tracking_without_comments/docx/b31456961a_file_42__vs__e3c6e90478_file_43_redline_47d0da4ff9.docx,tracking_without_comments/pdf/b31456961a_file_42__vs__e3c6e90478_file_43_redline_47d0da4ff9.pdf,tracking_without_comments,47d0da4ff9,word_based_randomized
b389f55091_super_editor__comment_23ee5ec1__vs__3e50084c2e_super_editor__diff_after16_2a48697a_redline_eb468b0385,with_comments_clean/docx/b389f55091_super_editor__comment_23ee5ec1,clean/docx/3e50084c2e_super_editor__diff_after16_2a48697a,with_comments_tracking/docx/b389f55091_super_editor__comment_23ee5ec1__vs__3e50084c2e_super_editor__diff_after16_2a48697a_redline_eb468b0385.docx,with_comments_tracking/pdf/b389f55091_super_editor__comment_23ee5ec1__vs__3e50084c2e_super_editor__diff_after16_2a48697a_redline_eb468b0385.pdf,with_comments_tracking,eb468b0385,word_redlines_superdoc
b389f55091_super_editor__comment_23ee5ec1__vs__6d773ca294_super_editor__annot2_03ae6b74_redline_b0d09c67a7,with_comments_clean/docx/b389f55091_super_editor__comment_23ee5ec1,clean/docx/6d773ca294_super_editor__annot2_03ae6b74,with_comments_tracking/docx/b389f55091_super_editor__comment_23ee5ec1__vs__6d773ca294_super_editor__annot2_03ae6b74_redline_b0d09c67a7.docx,with_comments_tracking/pdf/b389f55091_super_editor__comment_23ee5ec1__vs__6d773ca294_super_editor__annot2_03ae6b74_redline_b0d09c67a7.pdf,with_comments_tracking,b0d09c67a7,word_redlines_superdoc_0926
b389f55091_super_editor__comment_23ee5ec1__vs__6d773ca294_super_editor__annot2_03ae6b74_redline_bd6678767d,with_comments_clean/docx/b389f55091_super_editor__comment_23ee5ec1,clean/docx/6d773ca294_super_editor__annot2_03ae6b74,with_comments_tracking/docx/b389f55091_super_editor__comment_23ee5ec1__vs__6d773ca294_super_editor__annot2_03ae6b74_redline_bd6678767d.docx,with_comments_tracking/pdf/b389f55091_super_editor__comment_23ee5ec1__vs__6d773ca294_super_editor__annot2_03ae6b74_redline_bd6678767d.pdf,with_comments_tracking,bd6678767d,word_redlines_superdoc
b389f55091_super_editor__comment_23ee5ec1__vs__ea7427b18a_super_editor__complex_list_def_issue_326369f9_redline_108332354e,with_comments_clean/docx/b389f55091_super_editor__comment_23ee5ec1,clean/docx/ea7427b18a_super_editor__complex_list_def_issue_326369f9,with_comments_tracking/docx/b389f55091_super_editor__comment_23ee5ec1__vs__ea7427b18a_super_editor__complex_list_def_issue_326369f9_redline_108332354e.docx,with_comments_tracking/pdf/b389f55091_super_editor__comment_23ee5ec1__vs__ea7427b18a_super_editor__complex_list_def_issue_326369f9_redline_108332354e.pdf,with_comments_tracking,108332354e,word_redlines_superdoc
b389f55091_super_editor__comment_23ee5ec1__vs__ea7427b18a_super_editor__complex_list_def_issue_326369f9_redline_4e153e7d8c,with_comments_clean/docx/b389f55091_super_editor__comment_23ee5ec1,clean/docx/ea7427b18a_super_editor__complex_list_def_issue_326369f9,with_comments_tracking/docx/b389f55091_super_editor__comment_23ee5ec1__vs__ea7427b18a_super_editor__complex_list_def_issue_326369f9_redline_4e153e7d8c.docx,with_comments_tracking/pdf/b389f55091_super_editor__comment_23ee5ec1__vs__ea7427b18a_super_editor__complex_list_def_issue_326369f9_redline_4e153e7d8c.pdf,with_comments_tracking,4e153e7d8c,word_redlines_superdoc_0926
b39182a410_subscript_demo_style_default_missing__vs__ec45d7fc58_subtitle_style_demo_id_paraid_overflow_redline_e1bf5187ee,clean/docx/b39182a410_subscript_demo_style_default_missing,clean/docx/ec45d7fc58_subtitle_style_demo_id_paraid_overflow,tracking_without_comments/docx/b39182a410_subscript_demo_style_default_missing__vs__ec45d7fc58_subtitle_style_demo_id_paraid_overflow_redline_e1bf5187ee.docx,tracking_without_comments/pdf/b39182a410_subscript_demo_style_default_missing__vs__ec45d7fc58_subtitle_style_demo_id_paraid_overflow_redline_e1bf5187ee.pdf,tracking_without_comments,e1bf5187ee,word_based_0926
b4b7c76ecd_font_family_demo_id_paraid_overflow__vs__7e405bc8f2_font_size_12_demo_id_paraid_overflow_redline_9974d0551e,clean/docx/b4b7c76ecd_font_family_demo_id_paraid_overflow,clean/docx/7e405bc8f2_font_size_12_demo_id_paraid_overflow,tracking_without_comments/docx/b4b7c76ecd_font_family_demo_id_paraid_overflow__vs__7e405bc8f2_font_size_12_demo_id_paraid_overflow_redline_9974d0551e.docx,tracking_without_comments/pdf/b4b7c76ecd_font_family_demo_id_paraid_overflow__vs__7e405bc8f2_font_size_12_demo_id_paraid_overflow_redline_9974d0551e.pdf,tracking_without_comments,9974d0551e,word_based
b6bcd5d86d_file_198__vs__7f73d1af22_file_199_redline_619c44196e,clean/docx/b6bcd5d86d_file_198,clean/docx/7f73d1af22_file_199,tracking_without_comments/docx/b6bcd5d86d_file_198__vs__7f73d1af22_file_199_redline_619c44196e.docx,tracking_without_comments/pdf/b6bcd5d86d_file_198__vs__7f73d1af22_file_199_redline_619c44196e.pdf,tracking_without_comments,619c44196e,nocomments_randomized
b7c9d27632_underline_text_demo_id_paraid_overflow__vs__fd5a40bd94_underline_text_formatting_demo_style_default_mis_redline_d0b7eea602,clean/docx/b7c9d27632_underline_text_demo_id_paraid_overflow,clean/docx/fd5a40bd94_underline_text_formatting_demo_style_default_mis,tracking_without_comments/docx/b7c9d27632_underline_text_demo_id_paraid_overflow__vs__fd5a40bd94_underline_text_formatting_demo_style_default_mis_redline_d0b7eea602.docx,tracking_without_comments/pdf/b7c9d27632_underline_text_demo_id_paraid_overflow__vs__fd5a40bd94_underline_text_formatting_demo_style_default_mis_redline_d0b7eea602.pdf,tracking_without_comments,d0b7eea602,word_based_0926
b8d342dce2_55168b9490e23f1c2ac65519a9186dd43da70b6f7959d39a__vs__6b0e955dfe_80114507a4f8f886e89fb8a2a9f656e5d843d92730916146_redline_749f24fa0e,clean/docx/b8d342dce2_55168b9490e23f1c2ac65519a9186dd43da70b6f7959d39a,clean/docx/6b0e955dfe_80114507a4f8f886e89fb8a2a9f656e5d843d92730916146,tracking_without_comments/docx/b8d342dce2_55168b9490e23f1c2ac65519a9186dd43da70b6f7959d39a__vs__6b0e955dfe_80114507a4f8f886e89fb8a2a9f656e5d843d92730916146_redline_749f24fa0e.docx,tracking_without_comments/pdf/b8d342dce2_55168b9490e23f1c2ac65519a9186dd43da70b6f7959d39a__vs__6b0e955dfe_80114507a4f8f886e89fb8a2a9f656e5d843d92730916146_redline_749f24fa0e.pdf,tracking_without_comments,749f24fa0e,redlines_en_500
bb35ae41ba_evals__comments_doc_79800b37__vs__3ad13eed3d_evals__document_9bff7e1b_redline_3b0aa9cb14,with_comments_clean/docx/bb35ae41ba_evals__comments_doc_79800b37,clean/docx/3ad13eed3d_evals__document_9bff7e1b,with_comments_tracking/docx/bb35ae41ba_evals__comments_doc_79800b37__vs__3ad13eed3d_evals__document_9bff7e1b_redline_3b0aa9cb14.docx,with_comments_tracking/pdf/bb35ae41ba_evals__comments_doc_79800b37__vs__3ad13eed3d_evals__document_9bff7e1b_redline_3b0aa9cb14.pdf,with_comments_tracking,3b0aa9cb14,word_redlines_superdoc_0926
bb35ae41ba_evals__comments_doc_79800b37__vs__3ad13eed3d_evals__document_9bff7e1b_redline_efcf4cdade,with_comments_clean/docx/bb35ae41ba_evals__comments_doc_79800b37,clean/docx/3ad13eed3d_evals__document_9bff7e1b,with_comments_tracking/docx/bb35ae41ba_evals__comments_doc_79800b37__vs__3ad13eed3d_evals__document_9bff7e1b_redline_efcf4cdade.docx,with_comments_tracking/pdf/bb35ae41ba_evals__comments_doc_79800b37__vs__3ad13eed3d_evals__document_9bff7e1b_redline_efcf4cdade.pdf,with_comments_tracking,efcf4cdade,word_redlines_superdoc
bb35ae41ba_evals__comments_doc_79800b37__vs__9322444a3f_behavior__sd_2888_hyperlink_with_ampersand_aaaac_redline_e11f5f1915,with_comments_clean/docx/bb35ae41ba_evals__comments_doc_79800b37,clean/docx/9322444a3f_behavior__sd_2888_hyperlink_with_ampersand_aaaac,with_comments_tracking/docx/bb35ae41ba_evals__comments_doc_79800b37__vs__9322444a3f_behavior__sd_2888_hyperlink_with_ampersand_aaaac_redline_e11f5f1915.docx,with_comments_tracking/pdf/bb35ae41ba_evals__comments_doc_79800b37__vs__9322444a3f_behavior__sd_2888_hyperlink_with_ampersand_aaaac_redline_e11f5f1915.pdf,with_comments_tracking,e11f5f1915,word_redlines_superdoc
bb35ae41ba_evals__comments_doc_79800b37__vs__9322444a3f_behavior__sd_2888_hyperlink_with_ampersand_aaaac_redline_fd436bda76,with_comments_clean/docx/bb35ae41ba_evals__comments_doc_79800b37,clean/docx/9322444a3f_behavior__sd_2888_hyperlink_with_ampersand_aaaac,with_comments_tracking/docx/bb35ae41ba_evals__comments_doc_79800b37__vs__9322444a3f_behavior__sd_2888_hyperlink_with_ampersand_aaaac_redline_fd436bda76.docx,with_comments_tracking/pdf/bb35ae41ba_evals__comments_doc_79800b37__vs__9322444a3f_behavior__sd_2888_hyperlink_with_ampersand_aaaac_redline_fd436bda76.pdf,with_comments_tracking,fd436bda76,word_redlines_superdoc_0926
bb9c5a8bd5_doc_api_stories__table_style_options_roundtrip_1__vs__22ccb1b200_super_editor__diff_after19_79c6b379_redline_ccb1abd033,clean/docx/bb9c5a8bd5_doc_api_stories__table_style_options_roundtrip_1,clean/docx/22ccb1b200_super_editor__diff_after19_79c6b379,tracking_without_comments/docx/bb9c5a8bd5_doc_api_stories__table_style_options_roundtrip_1__vs__22ccb1b200_super_editor__diff_after19_79c6b379_redline_ccb1abd033.docx,tracking_without_comments/pdf/bb9c5a8bd5_doc_api_stories__table_style_options_roundtrip_1__vs__22ccb1b200_super_editor__diff_after19_79c6b379_redline_ccb1abd033.pdf,tracking_without_comments,ccb1abd033,word_redlines_superdoc
bc514b554e_00d979c97e42f03faff5f49e2a7dfa9afd30996214602e19__vs__deff0e697a_00b5defcad6e58038eac35472a2d48c89905068e5ece0cc3_redline_eecdb1c507,clean/docx/bc514b554e_00d979c97e42f03faff5f49e2a7dfa9afd30996214602e19,clean/docx/deff0e697a_00b5defcad6e58038eac35472a2d48c89905068e5ece0cc3,tracking_without_comments/docx/bc514b554e_00d979c97e42f03faff5f49e2a7dfa9afd30996214602e19__vs__deff0e697a_00b5defcad6e58038eac35472a2d48c89905068e5ece0cc3_redline_eecdb1c507.docx,tracking_without_comments/pdf/bc514b554e_00d979c97e42f03faff5f49e2a7dfa9afd30996214602e19__vs__deff0e697a_00b5defcad6e58038eac35472a2d48c89905068e5ece0cc3_redline_eecdb1c507.pdf,tracking_without_comments,eecdb1c507,redlines_a100_b10
bcc7379f64_super_editor__paragraph_spacing_missing_de418c38__vs__dd6dbfb284_super_editor__diff_after2_fc1e0763_redline_d211d634bb,clean/docx/bcc7379f64_super_editor__paragraph_spacing_missing_de418c38,clean/docx/dd6dbfb284_super_editor__diff_after2_fc1e0763,tracking_without_comments/docx/bcc7379f64_super_editor__paragraph_spacing_missing_de418c38__vs__dd6dbfb284_super_editor__diff_after2_fc1e0763_redline_d211d634bb.docx,tracking_without_comments/pdf/bcc7379f64_super_editor__paragraph_spacing_missing_de418c38__vs__dd6dbfb284_super_editor__diff_after2_fc1e0763_redline_d211d634bb.pdf,tracking_without_comments,d211d634bb,word_redlines_superdoc_0926
bd2400ab6a_8b342c8dfa6baaabf348e26a96976c7d90ab11bd241bb6da__vs__24356a7180_d0eff8fb6a6ffe20f9c3b0a4c37ca44bdd66b1cbf91c472b_redline_b45c815da3,clean/docx/bd2400ab6a_8b342c8dfa6baaabf348e26a96976c7d90ab11bd241bb6da,clean/docx/24356a7180_d0eff8fb6a6ffe20f9c3b0a4c37ca44bdd66b1cbf91c472b,tracking_without_comments/docx/bd2400ab6a_8b342c8dfa6baaabf348e26a96976c7d90ab11bd241bb6da__vs__24356a7180_d0eff8fb6a6ffe20f9c3b0a4c37ca44bdd66b1cbf91c472b_redline_b45c815da3.docx,tracking_without_comments/pdf/bd2400ab6a_8b342c8dfa6baaabf348e26a96976c7d90ab11bd241bb6da__vs__24356a7180_d0eff8fb6a6ffe20f9c3b0a4c37ca44bdd66b1cbf91c472b_redline_b45c815da3.pdf,tracking_without_comments,b45c815da3,redlines_en_500
bd386ff044_51ae5a28375c271d1238bf671ece74421eb9ccf840ccf5af__vs__3b6b7312de_7d4bf96c3fc438f9ea5c94331aa2e2586fbb2ae5a4162075_redline_962c107d2e,clean/docx/bd386ff044_51ae5a28375c271d1238bf671ece74421eb9ccf840ccf5af,clean/docx/3b6b7312de_7d4bf96c3fc438f9ea5c94331aa2e2586fbb2ae5a4162075,tracking_without_comments/docx/bd386ff044_51ae5a28375c271d1238bf671ece74421eb9ccf840ccf5af__vs__3b6b7312de_7d4bf96c3fc438f9ea5c94331aa2e2586fbb2ae5a4162075_redline_962c107d2e.docx,tracking_without_comments/pdf/bd386ff044_51ae5a28375c271d1238bf671ece74421eb9ccf840ccf5af__vs__3b6b7312de_7d4bf96c3fc438f9ea5c94331aa2e2586fbb2ae5a4162075_redline_962c107d2e.pdf,tracking_without_comments,962c107d2e,redlines_en_500
bd768e6c17_file_74__vs__8c79860f8d_file_75_redline_58c827e77a,with_comments_tracking/docx/bd768e6c17_file_74,clean/docx/8c79860f8d_file_75,with_comments_tracking/docx/bd768e6c17_file_74__vs__8c79860f8d_file_75_redline_58c827e77a.docx,with_comments_tracking/pdf/bd768e6c17_file_74__vs__8c79860f8d_file_75_redline_58c827e77a.pdf,with_comments_tracking,58c827e77a,word_based_randomized_0926
be5bf990cb_file_16__vs__d6ba4fabd2_file_17_redline_cbf73c2d81,with_comments_tracking/docx/be5bf990cb_file_16,tracking_without_comments/docx/d6ba4fabd2_file_17,with_comments_tracking/docx/be5bf990cb_file_16__vs__d6ba4fabd2_file_17_redline_cbf73c2d81.docx,with_comments_tracking/pdf/be5bf990cb_file_16__vs__d6ba4fabd2_file_17_redline_cbf73c2d81.pdf,with_comments_tracking,cbf73c2d81,word_based_randomized_0926
befb952e73_file_183__vs__c7b4db5d0e_file_184_redline_596515221a,clean/docx/befb952e73_file_183,clean/docx/c7b4db5d0e_file_184,tracking_without_comments/docx/befb952e73_file_183__vs__c7b4db5d0e_file_184_redline_596515221a.docx,tracking_without_comments/pdf/befb952e73_file_183__vs__c7b4db5d0e_file_184_redline_596515221a.pdf,tracking_without_comments,596515221a,nocomments_randomized
bf23b1e436_track_changes_suggesting_bold_id_paraid_overflow__vs__966994cba9_track_changes_suggesting_calibri_id_paraid_overf_redline_9260938760,clean/docx/bf23b1e436_track_changes_suggesting_bold_id_paraid_overflow,clean/docx/966994cba9_track_changes_suggesting_calibri_id_paraid_overf,tracking_without_comments/docx/bf23b1e436_track_changes_suggesting_bold_id_paraid_overflow__vs__966994cba9_track_changes_suggesting_calibri_id_paraid_overf_redline_9260938760.docx,tracking_without_comments/pdf/bf23b1e436_track_changes_suggesting_bold_id_paraid_overflow__vs__966994cba9_track_changes_suggesting_calibri_id_paraid_overf_redline_9260938760.pdf,tracking_without_comments,9260938760,word_based
bf23b1e436_track_changes_suggesting_bold_id_paraid_overflow__vs__966994cba9_track_changes_suggesting_calibri_id_paraid_overf_redline_c8eca58b0a,clean/docx/bf23b1e436_track_changes_suggesting_bold_id_paraid_overflow,clean/docx/966994cba9_track_changes_suggesting_calibri_id_paraid_overf,tracking_without_comments/docx/bf23b1e436_track_changes_suggesting_bold_id_paraid_overflow__vs__966994cba9_track_changes_suggesting_calibri_id_paraid_overf_redline_c8eca58b0a.docx,tracking_without_comments/pdf/bf23b1e436_track_changes_suggesting_bold_id_paraid_overflow__vs__966994cba9_track_changes_suggesting_calibri_id_paraid_overf_redline_c8eca58b0a.pdf,tracking_without_comments,c8eca58b0a,fixtures_word_compares;pdf_fill_0928
bfe4f398a3_c26f848848239cecb923377bfd35476bb054a42ff93cef74__vs__65c088a664_a9e49146f324b0b21c2f41ba8db3de01d69da8b6caf8232b_redline_047597cb13,clean/docx/bfe4f398a3_c26f848848239cecb923377bfd35476bb054a42ff93cef74,clean/docx/65c088a664_a9e49146f324b0b21c2f41ba8db3de01d69da8b6caf8232b,tracking_without_comments/docx/bfe4f398a3_c26f848848239cecb923377bfd35476bb054a42ff93cef74__vs__65c088a664_a9e49146f324b0b21c2f41ba8db3de01d69da8b6caf8232b_redline_047597cb13.docx,tracking_without_comments/pdf/bfe4f398a3_c26f848848239cecb923377bfd35476bb054a42ff93cef74__vs__65c088a664_a9e49146f324b0b21c2f41ba8db3de01d69da8b6caf8232b_redline_047597cb13.pdf,tracking_without_comments,047597cb13,redlines_en_500
bffb81f86c_file_192__vs__878549f8f2_file_193_redline_11675a8de2,with_comments_clean/docx/bffb81f86c_file_192,clean/docx/878549f8f2_file_193,with_comments_tracking/docx/bffb81f86c_file_192__vs__878549f8f2_file_193_redline_11675a8de2.docx,with_comments_tracking/pdf/bffb81f86c_file_192__vs__878549f8f2_file_193_redline_11675a8de2.pdf,with_comments_tracking,11675a8de2,word_based_randomized
bffb81f86c_file_192__vs__878549f8f2_file_193_redline_145b9e67e2,with_comments_clean/docx/bffb81f86c_file_192,clean/docx/878549f8f2_file_193,with_comments_tracking/docx/bffb81f86c_file_192__vs__878549f8f2_file_193_redline_145b9e67e2.docx,with_comments_tracking/pdf/bffb81f86c_file_192__vs__878549f8f2_file_193_redline_145b9e67e2.pdf,with_comments_tracking,145b9e67e2,word_based_randomized_0926
c20e9b2d21_font_size_24_demo_id_paraid_overflow__vs__f8ecf81d8b_font_size_demo_id_paraid_overflow_redline_49ff615f6a,clean/docx/c20e9b2d21_font_size_24_demo_id_paraid_overflow,clean/docx/f8ecf81d8b_font_size_demo_id_paraid_overflow,tracking_without_comments/docx/c20e9b2d21_font_size_24_demo_id_paraid_overflow__vs__f8ecf81d8b_font_size_demo_id_paraid_overflow_redline_49ff615f6a.docx,tracking_without_comments/pdf/c20e9b2d21_font_size_24_demo_id_paraid_overflow__vs__f8ecf81d8b_font_size_demo_id_paraid_overflow_redline_49ff615f6a.pdf,tracking_without_comments,49ff615f6a,word_based
c21d15c9e9_track_changes_suggesting_center_id_paraid_overfl__vs__e0e59cf962_track_changes_suggesting_heading_id_paraid_overf_redline_6ce806c638,clean/docx/c21d15c9e9_track_changes_suggesting_center_id_paraid_overfl,clean/docx/e0e59cf962_track_changes_suggesting_heading_id_paraid_overf,tracking_without_comments/docx/c21d15c9e9_track_changes_suggesting_center_id_paraid_overfl__vs__e0e59cf962_track_changes_suggesting_heading_id_paraid_overf_redline_6ce806c638.docx,tracking_without_comments/pdf/c21d15c9e9_track_changes_suggesting_center_id_paraid_overfl__vs__e0e59cf962_track_changes_suggesting_heading_id_paraid_overf_redline_6ce806c638.pdf,tracking_without_comments,6ce806c638,fixtures_word_compares;pdf_fill_0928
c21d15c9e9_track_changes_suggesting_center_id_paraid_overfl__vs__e0e59cf962_track_changes_suggesting_heading_id_paraid_overf_redline_f137e740f1,clean/docx/c21d15c9e9_track_changes_suggesting_center_id_paraid_overfl,clean/docx/e0e59cf962_track_changes_suggesting_heading_id_paraid_overf,tracking_without_comments/docx/c21d15c9e9_track_changes_suggesting_center_id_paraid_overfl__vs__e0e59cf962_track_changes_suggesting_heading_id_paraid_overf_redline_f137e740f1.docx,tracking_without_comments/pdf/c21d15c9e9_track_changes_suggesting_center_id_paraid_overfl__vs__e0e59cf962_track_changes_suggesting_heading_id_paraid_overf_redline_f137e740f1.pdf,tracking_without_comments,f137e740f1,word_based_0926
c2965a9277_file_125__vs__99abd76716_file_126_redline_d8e7ae0e58,clean/docx/c2965a9277_file_125,clean/docx/99abd76716_file_126,tracking_without_comments/docx/c2965a9277_file_125__vs__99abd76716_file_126_redline_d8e7ae0e58.docx,tracking_without_comments/pdf/c2965a9277_file_125__vs__99abd76716_file_126_redline_d8e7ae0e58.pdf,tracking_without_comments,d8e7ae0e58,nocomments_randomized
c7190b3adc_file_31__vs__083826730a_file_32_redline_4e54b171c3,clean/docx/c7190b3adc_file_31,clean/docx/083826730a_file_32,tracking_without_comments/docx/c7190b3adc_file_31__vs__083826730a_file_32_redline_4e54b171c3.docx,tracking_without_comments/pdf/c7190b3adc_file_31__vs__083826730a_file_32_redline_4e54b171c3.pdf,tracking_without_comments,4e54b171c3,word_based_randomized_0926
cec0607d40_file_25__vs__cf02e0407e_file_26_redline_6652e44fd7,clean/docx/cec0607d40_file_25,tracking_without_comments/docx/cf02e0407e_file_26,tracking_without_comments/docx/cec0607d40_file_25__vs__cf02e0407e_file_26_redline_6652e44fd7.docx,tracking_without_comments/pdf/cec0607d40_file_25__vs__cf02e0407e_file_26_redline_6652e44fd7.pdf,tracking_without_comments,6652e44fd7,word_based_randomized_0926
ced58cbf54_super_editor__sd_1494_table_left_indent_03277d35__vs__45f61cfd4f_super_editor__sd_1495_auto_page_break_2_f0f3bf0e_redline_ca80876718,clean/docx/ced58cbf54_super_editor__sd_1494_table_left_indent_03277d35,clean/docx/45f61cfd4f_super_editor__sd_1495_auto_page_break_2_f0f3bf0e,tracking_without_comments/docx/ced58cbf54_super_editor__sd_1494_table_left_indent_03277d35__vs__45f61cfd4f_super_editor__sd_1495_auto_page_break_2_f0f3bf0e_redline_ca80876718.docx,tracking_without_comments/pdf/ced58cbf54_super_editor__sd_1494_table_left_indent_03277d35__vs__45f61cfd4f_super_editor__sd_1495_auto_page_break_2_f0f3bf0e_redline_ca80876718.pdf,tracking_without_comments,ca80876718,word_redlines_superdoc_0926
ced58cbf54_super_editor__sd_1494_table_left_indent_03277d35__vs__84f5fb598b_super_editor__diff_before11_1b953eaf_redline_08f3c75cf7,clean/docx/ced58cbf54_super_editor__sd_1494_table_left_indent_03277d35,with_comments_tracking/docx/84f5fb598b_super_editor__diff_before11_1b953eaf,with_comments_tracking/docx/ced58cbf54_super_editor__sd_1494_table_left_indent_03277d35__vs__84f5fb598b_super_editor__diff_before11_1b953eaf_redline_08f3c75cf7.docx,with_comments_tracking/pdf/ced58cbf54_super_editor__sd_1494_table_left_indent_03277d35__vs__84f5fb598b_super_editor__diff_before11_1b953eaf_redline_08f3c75cf7.pdf,with_comments_tracking,08f3c75cf7,word_redlines_superdoc
cefef4e4f5_yellow_highlight_demo_id_paraid_overflow__vs__a391978591_yellow_highlight_italic_demo_style_default_missi_redline_aec80553e5,clean/docx/cefef4e4f5_yellow_highlight_demo_id_paraid_overflow,clean/docx/a391978591_yellow_highlight_italic_demo_style_default_missi,with_comments_tracking/docx/cefef4e4f5_yellow_highlight_demo_id_paraid_overflow__vs__a391978591_yellow_highlight_italic_demo_style_default_missi_redline_aec80553e5.docx,with_comments_tracking/pdf/cefef4e4f5_yellow_highlight_demo_id_paraid_overflow__vs__a391978591_yellow_highlight_italic_demo_style_default_missi_redline_aec80553e5.pdf,with_comments_tracking,aec80553e5,word_based
d72fd74138_super_editor__ooxml_color_rstyle_linked_combos_d__vs__fd68f70f24_super_editor__ooxml_highlight_rstyle_linked_comb_redline_780e6a99fa,clean/docx/d72fd74138_super_editor__ooxml_color_rstyle_linked_combos_d,clean/docx/fd68f70f24_super_editor__ooxml_highlight_rstyle_linked_comb,tracking_without_comments/docx/d72fd74138_super_editor__ooxml_color_rstyle_linked_combos_d__vs__fd68f70f24_super_editor__ooxml_highlight_rstyle_linked_comb_redline_780e6a99fa.docx,tracking_without_comments/pdf/d72fd74138_super_editor__ooxml_color_rstyle_linked_combos_d__vs__fd68f70f24_super_editor__ooxml_highlight_rstyle_linked_comb_redline_780e6a99fa.pdf,tracking_without_comments,780e6a99fa,word_redlines_superdoc_0926
d776ad9be7_super_editor__multi_section_doc_080d2655__vs__1c5bd81def_super_editor__multiple_nodes_in_list_79d915a2_redline_89dcc843ca,clean/docx/d776ad9be7_super_editor__multi_section_doc_080d2655,clean/docx/1c5bd81def_super_editor__multiple_nodes_in_list_79d915a2,tracking_without_comments/docx/d776ad9be7_super_editor__multi_section_doc_080d2655__vs__1c5bd81def_super_editor__multiple_nodes_in_list_79d915a2_redline_89dcc843ca.docx,tracking_without_comments/pdf/d776ad9be7_super_editor__multi_section_doc_080d2655__vs__1c5bd81def_super_editor__multiple_nodes_in_list_79d915a2_redline_89dcc843ca.pdf,tracking_without_comments,89dcc843ca,word_redlines_superdoc
d776ad9be7_super_editor__multi_section_doc_080d2655__vs__e81d1fa10c_behavior__pageref_standalone_uppercase_h_7701e07_redline_787e8e149a,clean/docx/d776ad9be7_super_editor__multi_section_doc_080d2655,clean/docx/e81d1fa10c_behavior__pageref_standalone_uppercase_h_7701e07,tracking_without_comments/docx/d776ad9be7_super_editor__multi_section_doc_080d2655__vs__e81d1fa10c_behavior__pageref_standalone_uppercase_h_7701e07_redline_787e8e149a.docx,tracking_without_comments/pdf/d776ad9be7_super_editor__multi_section_doc_080d2655__vs__e81d1fa10c_behavior__pageref_standalone_uppercase_h_7701e07_redline_787e8e149a.pdf,tracking_without_comments,787e8e149a,word_redlines_superdoc
d93f1dafca_sample_document_word_repair_of_our_output_iter2__vs__970fd9303f_sample_document_word_repair_of_our_output_word_r_redline_cbd854cb68,with_comments_tracking/docx/d93f1dafca_sample_document_word_repair_of_our_output_iter2,with_comments_tracking/docx/970fd9303f_sample_document_word_repair_of_our_output_word_r,with_comments_tracking/docx/d93f1dafca_sample_document_word_repair_of_our_output_iter2__vs__970fd9303f_sample_document_word_repair_of_our_output_word_r_redline_cbd854cb68.docx,with_comments_tracking/pdf/d93f1dafca_sample_document_word_repair_of_our_output_iter2__vs__970fd9303f_sample_document_word_repair_of_our_output_word_r_redline_cbd854cb68.pdf,with_comments_tracking,cbd854cb68,word_based_0926
d93f1dafca_sample_document_word_repair_of_our_output_iter2__vs__970fd9303f_sample_document_word_repair_of_our_output_word_r_redline_e47152cecc,with_comments_tracking/docx/d93f1dafca_sample_document_word_repair_of_our_output_iter2,with_comments_tracking/docx/970fd9303f_sample_document_word_repair_of_our_output_word_r,with_comments_tracking/docx/d93f1dafca_sample_document_word_repair_of_our_output_iter2__vs__970fd9303f_sample_document_word_repair_of_our_output_word_r_redline_e47152cecc.docx,with_comments_tracking/pdf/d93f1dafca_sample_document_word_repair_of_our_output_iter2__vs__970fd9303f_sample_document_word_repair_of_our_output_word_r_redline_e47152cecc.pdf,with_comments_tracking,e47152cecc,word_based;fixtures_word_compares
daf1fa36c0_red_bold_heading_demo_style_default_missing__vs__3e33de961a_red_bold_text_demo_id_paraid_overflow_redline_f45a6c4e3a,clean/docx/daf1fa36c0_red_bold_heading_demo_style_default_missing,clean/docx/3e33de961a_red_bold_text_demo_id_paraid_overflow,tracking_without_comments/docx/daf1fa36c0_red_bold_heading_demo_style_default_missing__vs__3e33de961a_red_bold_text_demo_id_paraid_overflow_redline_f45a6c4e3a.docx,tracking_without_comments/pdf/daf1fa36c0_red_bold_heading_demo_style_default_missing__vs__3e33de961a_red_bold_text_demo_id_paraid_overflow_redline_f45a6c4e3a.pdf,tracking_without_comments,f45a6c4e3a,fixtures_word_compares;pdf_fill_0928
daf1fa36c0_red_bold_heading_demo_style_default_missing__vs__3e33de961a_red_bold_text_demo_id_paraid_overflow_redline_fbe88a3141,clean/docx/daf1fa36c0_red_bold_heading_demo_style_default_missing,clean/docx/3e33de961a_red_bold_text_demo_id_paraid_overflow,tracking_without_comments/docx/daf1fa36c0_red_bold_heading_demo_style_default_missing__vs__3e33de961a_red_bold_text_demo_id_paraid_overflow_redline_fbe88a3141.docx,tracking_without_comments/pdf/daf1fa36c0_red_bold_heading_demo_style_default_missing__vs__3e33de961a_red_bold_text_demo_id_paraid_overflow_redline_fbe88a3141.pdf,tracking_without_comments,fbe88a3141,word_based_0926
dcf7dd476f_super_editor__superdoc_table_tester_3b2de2e1__vs__f89ff5989b_evals__nda_7f304918_redline_83ec99367f,clean/docx/dcf7dd476f_super_editor__superdoc_table_tester_3b2de2e1,clean/docx/f89ff5989b_evals__nda_7f304918,tracking_without_comments/docx/dcf7dd476f_super_editor__superdoc_table_tester_3b2de2e1__vs__f89ff5989b_evals__nda_7f304918_redline_83ec99367f.docx,tracking_without_comments/pdf/dcf7dd476f_super_editor__superdoc_table_tester_3b2de2e1__vs__f89ff5989b_evals__nda_7f304918_redline_83ec99367f.pdf,tracking_without_comments,83ec99367f,word_redlines_superdoc
dd6dbfb284_super_editor__diff_after2_fc1e0763__vs__c51843a182_super_editor__diff_after3_3f4fb6e8_redline_b443fb9207,clean/docx/dd6dbfb284_super_editor__diff_after2_fc1e0763,clean/docx/c51843a182_super_editor__diff_after3_3f4fb6e8,tracking_without_comments/docx/dd6dbfb284_super_editor__diff_after2_fc1e0763__vs__c51843a182_super_editor__diff_after3_3f4fb6e8_redline_b443fb9207.docx,tracking_without_comments/pdf/dd6dbfb284_super_editor__diff_after2_fc1e0763__vs__c51843a182_super_editor__diff_after3_3f4fb6e8_redline_b443fb9207.pdf,tracking_without_comments,b443fb9207,word_redlines_superdoc
dd6dbfb284_super_editor__diff_after2_fc1e0763__vs__c51843a182_super_editor__diff_after3_3f4fb6e8_redline_ce452c2155,clean/docx/dd6dbfb284_super_editor__diff_after2_fc1e0763,clean/docx/c51843a182_super_editor__diff_after3_3f4fb6e8,tracking_without_comments/docx/dd6dbfb284_super_editor__diff_after2_fc1e0763__vs__c51843a182_super_editor__diff_after3_3f4fb6e8_redline_ce452c2155.docx,tracking_without_comments/pdf/dd6dbfb284_super_editor__diff_after2_fc1e0763__vs__c51843a182_super_editor__diff_after3_3f4fb6e8_redline_ce452c2155.pdf,tracking_without_comments,ce452c2155,word_redlines_superdoc_0926
ddfa313a5f_super_editor__list_with_break_from_word_5cc0d638__vs__420a528aa0_super_editor__instrtext_angled_brackets_bug_ed56_redline_931691a601,clean/docx/ddfa313a5f_super_editor__list_with_break_from_word_5cc0d638,clean/docx/420a528aa0_super_editor__instrtext_angled_brackets_bug_ed56,tracking_without_comments/docx/ddfa313a5f_super_editor__list_with_break_from_word_5cc0d638__vs__420a528aa0_super_editor__instrtext_angled_brackets_bug_ed56_redline_931691a601.docx,tracking_without_comments/pdf/ddfa313a5f_super_editor__list_with_break_from_word_5cc0d638__vs__420a528aa0_super_editor__instrtext_angled_brackets_bug_ed56_redline_931691a601.pdf,tracking_without_comments,931691a601,word_redlines_superdoc
df097720f7_file_131__vs__3c60cce945_file_132_redline_4eff11f045,with_comments_clean/docx/df097720f7_file_131,clean/docx/3c60cce945_file_132,with_comments_tracking/docx/df097720f7_file_131__vs__3c60cce945_file_132_redline_4eff11f045.docx,with_comments_tracking/pdf/df097720f7_file_131__vs__3c60cce945_file_132_redline_4eff11f045.pdf,with_comments_tracking,4eff11f045,word_based_randomized_0926
df9ffe9a8c_file_16__vs__ec900bd182_file_17_redline_f8286525f6,tracking_without_comments/docx/df9ffe9a8c_file_16,tracking_without_comments/docx/ec900bd182_file_17,tracking_without_comments/docx/df9ffe9a8c_file_16__vs__ec900bd182_file_17_redline_f8286525f6.docx,tracking_without_comments/pdf/df9ffe9a8c_file_16__vs__ec900bd182_file_17_redline_f8286525f6.pdf,tracking_without_comments,f8286525f6,nocomments_randomized
e0e59cf962_track_changes_suggesting_heading_id_paraid_overf__vs__438e423482_track_changes_suggesting_italic_id_paraid_overfl_redline_401b6671a7,clean/docx/e0e59cf962_track_changes_suggesting_heading_id_paraid_overf,clean/docx/438e423482_track_changes_suggesting_italic_id_paraid_overfl,tracking_without_comments/docx/e0e59cf962_track_changes_suggesting_heading_id_paraid_overf__vs__438e423482_track_changes_suggesting_italic_id_paraid_overfl_redline_401b6671a7.docx,tracking_without_comments/pdf/e0e59cf962_track_changes_suggesting_heading_id_paraid_overf__vs__438e423482_track_changes_suggesting_italic_id_paraid_overfl_redline_401b6671a7.pdf,tracking_without_comments,401b6671a7,word_based
e137a3db25_file_140__vs__0f5a806b4c_file_141_redline_421d863d4e,clean/docx/e137a3db25_file_140,with_comments_clean/docx/0f5a806b4c_file_141,with_comments_tracking/docx/e137a3db25_file_140__vs__0f5a806b4c_file_141_redline_421d863d4e.docx,with_comments_tracking/pdf/e137a3db25_file_140__vs__0f5a806b4c_file_141_redline_421d863d4e.pdf,with_comments_tracking,421d863d4e,word_based_randomized
e137a3db25_file_140__vs__0f5a806b4c_file_141_redline_d20ada3e0a,clean/docx/e137a3db25_file_140,with_comments_clean/docx/0f5a806b4c_file_141,with_comments_tracking/docx/e137a3db25_file_140__vs__0f5a806b4c_file_141_redline_d20ada3e0a.docx,with_comments_tracking/pdf/e137a3db25_file_140__vs__0f5a806b4c_file_141_redline_d20ada3e0a.pdf,with_comments_tracking,d20ada3e0a,word_based_randomized_0926
e70f1134dd_super_editor__diff_before8_ba5faa9e__vs__a5903a7c15_super_editor__pci_table_dc840852_redline_8d775d42d1,with_comments_clean/docx/e70f1134dd_super_editor__diff_before8_ba5faa9e,clean/docx/a5903a7c15_super_editor__pci_table_dc840852,with_comments_tracking/docx/e70f1134dd_super_editor__diff_before8_ba5faa9e__vs__a5903a7c15_super_editor__pci_table_dc840852_redline_8d775d42d1.docx,with_comments_tracking/pdf/e70f1134dd_super_editor__diff_before8_ba5faa9e__vs__a5903a7c15_super_editor__pci_table_dc840852_redline_8d775d42d1.pdf,with_comments_tracking,8d775d42d1,word_redlines_superdoc
e70f1134dd_super_editor__diff_before8_ba5faa9e__vs__a5903a7c15_super_editor__pci_table_dc840852_redline_ccc5f1207c,with_comments_clean/docx/e70f1134dd_super_editor__diff_before8_ba5faa9e,clean/docx/a5903a7c15_super_editor__pci_table_dc840852,with_comments_tracking/docx/e70f1134dd_super_editor__diff_before8_ba5faa9e__vs__a5903a7c15_super_editor__pci_table_dc840852_redline_ccc5f1207c.docx,with_comments_tracking/pdf/e70f1134dd_super_editor__diff_before8_ba5faa9e__vs__a5903a7c15_super_editor__pci_table_dc840852_redline_ccc5f1207c.pdf,with_comments_tracking,ccc5f1207c,word_redlines_superdoc_0926
e81d1fa10c_behavior__pageref_standalone_uppercase_h_7701e07__vs__735c372b41_super_editor__diff_after8_58e5c288_redline_5325dc70b4,clean/docx/e81d1fa10c_behavior__pageref_standalone_uppercase_h_7701e07,with_comments_tracking/docx/735c372b41_super_editor__diff_after8_58e5c288,with_comments_tracking/docx/e81d1fa10c_behavior__pageref_standalone_uppercase_h_7701e07__vs__735c372b41_super_editor__diff_after8_58e5c288_redline_5325dc70b4.docx,with_comments_tracking/pdf/e81d1fa10c_behavior__pageref_standalone_uppercase_h_7701e07__vs__735c372b41_super_editor__diff_after8_58e5c288_redline_5325dc70b4.pdf,with_comments_tracking,5325dc70b4,word_redlines_superdoc_0926
eb2f3c86b5_vfdsdfcacawesd_suggesting_mixed_edits__vs__cefef4e4f5_yellow_highlight_demo_id_paraid_overflow_redline_913d076e79,with_comments_tracking/docx/eb2f3c86b5_vfdsdfcacawesd_suggesting_mixed_edits,clean/docx/cefef4e4f5_yellow_highlight_demo_id_paraid_overflow,with_comments_tracking/docx/eb2f3c86b5_vfdsdfcacawesd_suggesting_mixed_edits__vs__cefef4e4f5_yellow_highlight_demo_id_paraid_overflow_redline_913d076e79.docx,with_comments_tracking/pdf/eb2f3c86b5_vfdsdfcacawesd_suggesting_mixed_edits__vs__cefef4e4f5_yellow_highlight_demo_id_paraid_overflow_redline_913d076e79.pdf,with_comments_tracking,913d076e79,word_based;fixtures_word_compares
eb2f3c86b5_vfdsdfcacawesd_suggesting_mixed_edits__vs__cefef4e4f5_yellow_highlight_demo_id_paraid_overflow_redline_c3b9905920,with_comments_tracking/docx/eb2f3c86b5_vfdsdfcacawesd_suggesting_mixed_edits,clean/docx/cefef4e4f5_yellow_highlight_demo_id_paraid_overflow,with_comments_tracking/docx/eb2f3c86b5_vfdsdfcacawesd_suggesting_mixed_edits__vs__cefef4e4f5_yellow_highlight_demo_id_paraid_overflow_redline_c3b9905920.docx,with_comments_tracking/pdf/eb2f3c86b5_vfdsdfcacawesd_suggesting_mixed_edits__vs__cefef4e4f5_yellow_highlight_demo_id_paraid_overflow_redline_c3b9905920.pdf,with_comments_tracking,c3b9905920,word_based_0926
ed0aa93b58_file_18__vs__9bf625ba95_file_19_redline_8694636a78,clean/docx/ed0aa93b58_file_18,with_comments_tracking/docx/9bf625ba95_file_19,with_comments_tracking/docx/ed0aa93b58_file_18__vs__9bf625ba95_file_19_redline_8694636a78.docx,with_comments_tracking/pdf/ed0aa93b58_file_18__vs__9bf625ba95_file_19_redline_8694636a78.pdf,with_comments_tracking,8694636a78,word_based_randomized
ed0aa93b58_file_18__vs__9bf625ba95_file_19_redline_af568343b6,clean/docx/ed0aa93b58_file_18,with_comments_tracking/docx/9bf625ba95_file_19,with_comments_tracking/docx/ed0aa93b58_file_18__vs__9bf625ba95_file_19_redline_af568343b6.docx,with_comments_tracking/pdf/ed0aa93b58_file_18__vs__9bf625ba95_file_19_redline_af568343b6.pdf,with_comments_tracking,af568343b6,word_based_randomized_0926
ee61fb4ab3_super_editor__base_ordered_fdff1fb2__vs__f529133cd5_super_editor__basic_comment_d3ba5f1e_redline_cb0a7d2c98,clean/docx/ee61fb4ab3_super_editor__base_ordered_fdff1fb2,with_comments_clean/docx/f529133cd5_super_editor__basic_comment_d3ba5f1e,with_comments_tracking/docx/ee61fb4ab3_super_editor__base_ordered_fdff1fb2__vs__f529133cd5_super_editor__basic_comment_d3ba5f1e_redline_cb0a7d2c98.docx,with_comments_tracking/pdf/ee61fb4ab3_super_editor__base_ordered_fdff1fb2__vs__f529133cd5_super_editor__basic_comment_d3ba5f1e_redline_cb0a7d2c98.pdf,with_comments_tracking,cb0a7d2c98,word_redlines_superdoc_0926
ee9bfc2650_docx_lots_of_comments_addition_removal_redline_r__vs__3fcadf4761_docx_lots_of_comments_addition_removal_redline_redline_58cd08049b,with_comments_tracking/docx/ee9bfc2650_docx_lots_of_comments_addition_removal_redline_r,with_comments_tracking/docx/3fcadf4761_docx_lots_of_comments_addition_removal_redline,with_comments_clean/docx/ee9bfc2650_docx_lots_of_comments_addition_removal_redline_r__vs__3fcadf4761_docx_lots_of_comments_addition_removal_redline_redline_58cd08049b.docx,with_comments_clean/pdf/ee9bfc2650_docx_lots_of_comments_addition_removal_redline_r__vs__3fcadf4761_docx_lots_of_comments_addition_removal_redline_redline_58cd08049b.pdf,with_comments_clean,58cd08049b,word_based
ee9bfc2650_docx_lots_of_comments_addition_removal_redline_r__vs__3fcadf4761_docx_lots_of_comments_addition_removal_redline_redline_d2e24e9733,with_comments_tracking/docx/ee9bfc2650_docx_lots_of_comments_addition_removal_redline_r,with_comments_tracking/docx/3fcadf4761_docx_lots_of_comments_addition_removal_redline,with_comments_clean/docx/ee9bfc2650_docx_lots_of_comments_addition_removal_redline_r__vs__3fcadf4761_docx_lots_of_comments_addition_removal_redline_redline_d2e24e9733.docx,with_comments_clean/pdf/ee9bfc2650_docx_lots_of_comments_addition_removal_redline_r__vs__3fcadf4761_docx_lots_of_comments_addition_removal_redline_redline_d2e24e9733.pdf,with_comments_clean,d2e24e9733,word_based_0926
ef7218d9e8_001893584bf94ff30c98db48cb8a0ea0ea5abc048f3e1a4d__vs__2e04202552_000e3e7bd2d6215fc7b469cc3e296c1b2a510bc1abc7e0fd_redline_bedd714410,clean/docx/ef7218d9e8_001893584bf94ff30c98db48cb8a0ea0ea5abc048f3e1a4d,clean/docx/2e04202552_000e3e7bd2d6215fc7b469cc3e296c1b2a510bc1abc7e0fd,tracking_without_comments/docx/ef7218d9e8_001893584bf94ff30c98db48cb8a0ea0ea5abc048f3e1a4d__vs__2e04202552_000e3e7bd2d6215fc7b469cc3e296c1b2a510bc1abc7e0fd_redline_bedd714410.docx,tracking_without_comments/pdf/ef7218d9e8_001893584bf94ff30c98db48cb8a0ea0ea5abc048f3e1a4d__vs__2e04202552_000e3e7bd2d6215fc7b469cc3e296c1b2a510bc1abc7e0fd_redline_bedd714410.pdf,tracking_without_comments,bedd714410,redlines_a100_b10
ef7218d9e8_001893584bf94ff30c98db48cb8a0ea0ea5abc048f3e1a4d__vs__333bfe069a_003416d620331122b93b434dad901db5836f60d2cad4b533_redline_b626364e3d,clean/docx/ef7218d9e8_001893584bf94ff30c98db48cb8a0ea0ea5abc048f3e1a4d,clean/docx/333bfe069a_003416d620331122b93b434dad901db5836f60d2cad4b533,tracking_without_comments/docx/ef7218d9e8_001893584bf94ff30c98db48cb8a0ea0ea5abc048f3e1a4d__vs__333bfe069a_003416d620331122b93b434dad901db5836f60d2cad4b533_redline_b626364e3d.docx,tracking_without_comments/pdf/ef7218d9e8_001893584bf94ff30c98db48cb8a0ea0ea5abc048f3e1a4d__vs__333bfe069a_003416d620331122b93b434dad901db5836f60d2cad4b533_redline_b626364e3d.pdf,tracking_without_comments,b626364e3d,redlines_a100_b10
f0f90aa0cf_981631a715108df2a9c75275cd04a5fc2495ce3ad604790b__vs__e0ada445ca_4f48d962d05d1fca7e32a424ff8e815c01637102694d57df_redline_6ddf25f1b8,clean/docx/f0f90aa0cf_981631a715108df2a9c75275cd04a5fc2495ce3ad604790b,clean/docx/e0ada445ca_4f48d962d05d1fca7e32a424ff8e815c01637102694d57df,tracking_without_comments/docx/f0f90aa0cf_981631a715108df2a9c75275cd04a5fc2495ce3ad604790b__vs__e0ada445ca_4f48d962d05d1fca7e32a424ff8e815c01637102694d57df_redline_6ddf25f1b8.docx,tracking_without_comments/pdf/f0f90aa0cf_981631a715108df2a9c75275cd04a5fc2495ce3ad604790b__vs__e0ada445ca_4f48d962d05d1fca7e32a424ff8e815c01637102694d57df_redline_6ddf25f1b8.pdf,tracking_without_comments,6ddf25f1b8,redlines_en_500
f4e1903ff3_super_editor__sd_1707_list_enter_track_changes_w__vs__25f07e0823_super_editor__sd_1919_word_mixed_33e049ca_redline_a91147b7d6,clean/docx/f4e1903ff3_super_editor__sd_1707_list_enter_track_changes_w,clean/docx/25f07e0823_super_editor__sd_1919_word_mixed_33e049ca,tracking_without_comments/docx/f4e1903ff3_super_editor__sd_1707_list_enter_track_changes_w__vs__25f07e0823_super_editor__sd_1919_word_mixed_33e049ca_redline_a91147b7d6.docx,tracking_without_comments/pdf/f4e1903ff3_super_editor__sd_1707_list_enter_track_changes_w__vs__25f07e0823_super_editor__sd_1919_word_mixed_33e049ca_redline_a91147b7d6.pdf,tracking_without_comments,a91147b7d6,word_redlines_superdoc
f529133cd5_super_editor__basic_comment_d3ba5f1e__vs__199cb211b5_super_editor__basic_footnotes_5be96945_redline_b547e31a0d,with_comments_clean/docx/f529133cd5_super_editor__basic_comment_d3ba5f1e,clean/docx/199cb211b5_super_editor__basic_footnotes_5be96945,with_comments_tracking/docx/f529133cd5_super_editor__basic_comment_d3ba5f1e__vs__199cb211b5_super_editor__basic_footnotes_5be96945_redline_b547e31a0d.docx,with_comments_tracking/pdf/f529133cd5_super_editor__basic_comment_d3ba5f1e__vs__199cb211b5_super_editor__basic_footnotes_5be96945_redline_b547e31a0d.pdf,with_comments_tracking,b547e31a0d,word_redlines_superdoc_0926
f529133cd5_super_editor__basic_comment_d3ba5f1e__vs__199cb211b5_super_editor__basic_footnotes_5be96945_redline_b715c8ab04,with_comments_clean/docx/f529133cd5_super_editor__basic_comment_d3ba5f1e,clean/docx/199cb211b5_super_editor__basic_footnotes_5be96945,with_comments_tracking/docx/f529133cd5_super_editor__basic_comment_d3ba5f1e__vs__199cb211b5_super_editor__basic_footnotes_5be96945_redline_b715c8ab04.docx,with_comments_tracking/pdf/f529133cd5_super_editor__basic_comment_d3ba5f1e__vs__199cb211b5_super_editor__basic_footnotes_5be96945_redline_b715c8ab04.pdf,with_comments_tracking,b715c8ab04,word_redlines_superdoc
f6e1c253ff_super_editor__diff_before9_9818a85f__vs__0e1d01ec7d_super_editor__doc_with_graphs_diagrams_rotated_e_redline_108d3b4e97,clean/docx/f6e1c253ff_super_editor__diff_before9_9818a85f,clean/docx/0e1d01ec7d_super_editor__doc_with_graphs_diagrams_rotated_e,tracking_without_comments/docx/f6e1c253ff_super_editor__diff_before9_9818a85f__vs__0e1d01ec7d_super_editor__doc_with_graphs_diagrams_rotated_e_redline_108d3b4e97.docx,tracking_without_comments/pdf/f6e1c253ff_super_editor__diff_before9_9818a85f__vs__0e1d01ec7d_super_editor__doc_with_graphs_diagrams_rotated_e_redline_108d3b4e97.pdf,tracking_without_comments,108d3b4e97,word_redlines_superdoc
f71a12ee23_super_editor__fields_attrs1_83837249__vs__3539cf2404_cli_legacy__replace_test_0a793f01_redline_deb8669aa8,clean/docx/f71a12ee23_super_editor__fields_attrs1_83837249,with_comments_tracking/docx/3539cf2404_cli_legacy__replace_test_0a793f01,with_comments_tracking/docx/f71a12ee23_super_editor__fields_attrs1_83837249__vs__3539cf2404_cli_legacy__replace_test_0a793f01_redline_deb8669aa8.docx,with_comments_tracking/pdf/f71a12ee23_super_editor__fields_attrs1_83837249__vs__3539cf2404_cli_legacy__replace_test_0a793f01_redline_deb8669aa8.pdf,with_comments_tracking,deb8669aa8,word_redlines_superdoc_0926
f71a12ee23_super_editor__fields_attrs1_83837249__vs__8db63962d9_super_editor__fields_attrs2_fonts_ebd792fb_redline_5756dc792f,clean/docx/f71a12ee23_super_editor__fields_attrs1_83837249,clean/docx/8db63962d9_super_editor__fields_attrs2_fonts_ebd792fb,tracking_without_comments/docx/f71a12ee23_super_editor__fields_attrs1_83837249__vs__8db63962d9_super_editor__fields_attrs2_fonts_ebd792fb_redline_5756dc792f.docx,tracking_without_comments/pdf/f71a12ee23_super_editor__fields_attrs1_83837249__vs__8db63962d9_super_editor__fields_attrs2_fonts_ebd792fb_redline_5756dc792f.pdf,tracking_without_comments,5756dc792f,word_redlines_superdoc_0926
0048ba31dd_000be19a055234f8e79ec0baadc41d2a49050b2ea0a60654__vs__2e04202552_000e3e7bd2d6215fc7b469cc3e296c1b2a510bc1abc7e0fd_redline_eb12b8215b,clean/docx/0048ba31dd_000be19a055234f8e79ec0baadc41d2a49050b2ea0a60654,clean/docx/2e04202552_000e3e7bd2d6215fc7b469cc3e296c1b2a510bc1abc7e0fd,tracking_without_comments/docx/0048ba31dd_000be19a055234f8e79ec0baadc41d2a49050b2ea0a60654__vs__2e04202552_000e3e7bd2d6215fc7b469cc3e296c1b2a510bc1abc7e0fd_redline_eb12b8215b.docx,tracking_without_comments/pdf/0048ba31dd_000be19a055234f8e79ec0baadc41d2a49050b2ea0a60654__vs__2e04202552_000e3e7bd2d6215fc7b469cc3e296c1b2a510bc1abc7e0fd_redline_eb12b8215b.pdf,tracking_without_comments,eb12b8215b,redlines_a100_b10
079f874985_d7c6db54eed56cba8e414272fd1de8d10df8257850e68fc5__vs__d4f4f33ca7_ce3c279407c9eb4e94d8e9f4ca9e68b8f882674fc6a1caff_redline_51c9eab1af,clean/docx/079f874985_d7c6db54eed56cba8e414272fd1de8d10df8257850e68fc5,with_comments_clean/docx/d4f4f33ca7_ce3c279407c9eb4e94d8e9f4ca9e68b8f882674fc6a1caff,with_comments_tracking/docx/079f874985_d7c6db54eed56cba8e414272fd1de8d10df8257850e68fc5__vs__d4f4f33ca7_ce3c279407c9eb4e94d8e9f4ca9e68b8f882674fc6a1caff_redline_51c9eab1af.docx,with_comments_tracking/pdf/079f874985_d7c6db54eed56cba8e414272fd1de8d10df8257850e68fc5__vs__d4f4f33ca7_ce3c279407c9eb4e94d8e9f4ca9e68b8f882674fc6a1caff_redline_51c9eab1af.pdf,with_comments_tracking,51c9eab1af,redlines_en_500
0800162a66_000799b53487acb327ccf0c0ab87fb14b9e8636346719296__vs__2e04202552_000e3e7bd2d6215fc7b469cc3e296c1b2a510bc1abc7e0fd_redline_f7ff3d75ec,clean/docx/0800162a66_000799b53487acb327ccf0c0ab87fb14b9e8636346719296,clean/docx/2e04202552_000e3e7bd2d6215fc7b469cc3e296c1b2a510bc1abc7e0fd,tracking_without_comments/docx/0800162a66_000799b53487acb327ccf0c0ab87fb14b9e8636346719296__vs__2e04202552_000e3e7bd2d6215fc7b469cc3e296c1b2a510bc1abc7e0fd_redline_f7ff3d75ec.docx,tracking_without_comments/pdf/0800162a66_000799b53487acb327ccf0c0ab87fb14b9e8636346719296__vs__2e04202552_000e3e7bd2d6215fc7b469cc3e296c1b2a510bc1abc7e0fd_redline_f7ff3d75ec.pdf,tracking_without_comments,f7ff3d75ec,redlines_a100_b10
0800162a66_000799b53487acb327ccf0c0ab87fb14b9e8636346719296__vs__deff0e697a_00b5defcad6e58038eac35472a2d48c89905068e5ece0cc3_redline_0a26c74d55,clean/docx/0800162a66_000799b53487acb327ccf0c0ab87fb14b9e8636346719296,clean/docx/deff0e697a_00b5defcad6e58038eac35472a2d48c89905068e5ece0cc3,tracking_without_comments/docx/0800162a66_000799b53487acb327ccf0c0ab87fb14b9e8636346719296__vs__deff0e697a_00b5defcad6e58038eac35472a2d48c89905068e5ece0cc3_redline_0a26c74d55.docx,tracking_without_comments/pdf/0800162a66_000799b53487acb327ccf0c0ab87fb14b9e8636346719296__vs__deff0e697a_00b5defcad6e58038eac35472a2d48c89905068e5ece0cc3_redline_0a26c74d55.pdf,tracking_without_comments,0a26c74d55,redlines_a100_b10
08e3f68925_bold_underline_combined_demo_id_paraid_overflow__vs__e29df71807_bold_underline_highlight_demo_id_paraid_overflow_redline_eab3698414,clean/docx/08e3f68925_bold_underline_combined_demo_id_paraid_overflow,clean/docx/e29df71807_bold_underline_highlight_demo_id_paraid_overflow,tracking_without_comments/docx/08e3f68925_bold_underline_combined_demo_id_paraid_overflow__vs__e29df71807_bold_underline_highlight_demo_id_paraid_overflow_redline_eab3698414.docx,tracking_without_comments/pdf/08e3f68925_bold_underline_combined_demo_id_paraid_overflow__vs__e29df71807_bold_underline_highlight_demo_id_paraid_overflow_redline_eab3698414.pdf,tracking_without_comments,eab3698414,word_based
09c4b04252_project_tasks_suggesting_insertions_2__vs__c40c88e402_project_tasks_suggesting_insertions_redline_f2b0b00c65,tracking_without_comments/docx/09c4b04252_project_tasks_suggesting_insertions_2,tracking_without_comments/docx/c40c88e402_project_tasks_suggesting_insertions,tracking_without_comments/docx/09c4b04252_project_tasks_suggesting_insertions_2__vs__c40c88e402_project_tasks_suggesting_insertions_redline_f2b0b00c65.docx,tracking_without_comments/pdf/09c4b04252_project_tasks_suggesting_insertions_2__vs__c40c88e402_project_tasks_suggesting_insertions_redline_f2b0b00c65.pdf,tracking_without_comments,f2b0b00c65,word_based;fixtures_word_compares
0b2a46481b_nested_table_rowspan__vs__bdd82b239b_numbered_list_demo_id_paraid_overflow_redline_c053ccd3b8,clean/docx/0b2a46481b_nested_table_rowspan,clean/docx/bdd82b239b_numbered_list_demo_id_paraid_overflow,tracking_without_comments/docx/0b2a46481b_nested_table_rowspan__vs__bdd82b239b_numbered_list_demo_id_paraid_overflow_redline_c053ccd3b8.docx,tracking_without_comments/pdf/0b2a46481b_nested_table_rowspan__vs__bdd82b239b_numbered_list_demo_id_paraid_overflow_redline_c053ccd3b8.pdf,tracking_without_comments,c053ccd3b8,word_based;fixtures_word_compares
0bf5192ed0_00afb3e6b2bb1a5ab1e1770ba41f6f455f87472d24ab2767__vs__a5f2b9318d_002aa60c2ae1187417b4b157c5ec6450324cc056ec551a12_redline_986a611d64,tracking_without_comments/docx/0bf5192ed0_00afb3e6b2bb1a5ab1e1770ba41f6f455f87472d24ab2767,clean/docx/a5f2b9318d_002aa60c2ae1187417b4b157c5ec6450324cc056ec551a12,tracking_without_comments/docx/0bf5192ed0_00afb3e6b2bb1a5ab1e1770ba41f6f455f87472d24ab2767__vs__a5f2b9318d_002aa60c2ae1187417b4b157c5ec6450324cc056ec551a12_redline_986a611d64.docx,tracking_without_comments/pdf/0bf5192ed0_00afb3e6b2bb1a5ab1e1770ba41f6f455f87472d24ab2767__vs__a5f2b9318d_002aa60c2ae1187417b4b157c5ec6450324cc056ec551a12_redline_986a611d64.pdf,tracking_without_comments,986a611d64,redlines_a100_b10
0e6f813e69_00d2ca27359f3d1d5ee2c2904b48a3e4717faf7fdf6413f6__vs__342f364d46_001342333d45627868f4dc5282abbba4598a91b4a7584b08_redline_2a200ba71b,clean/docx/0e6f813e69_00d2ca27359f3d1d5ee2c2904b48a3e4717faf7fdf6413f6,clean/docx/342f364d46_001342333d45627868f4dc5282abbba4598a91b4a7584b08,tracking_without_comments/docx/0e6f813e69_00d2ca27359f3d1d5ee2c2904b48a3e4717faf7fdf6413f6__vs__342f364d46_001342333d45627868f4dc5282abbba4598a91b4a7584b08_redline_2a200ba71b.docx,tracking_without_comments/pdf/0e6f813e69_00d2ca27359f3d1d5ee2c2904b48a3e4717faf7fdf6413f6__vs__342f364d46_001342333d45627868f4dc5282abbba4598a91b4a7584b08_redline_2a200ba71b.pdf,tracking_without_comments,2a200ba71b,redlines_a100_b10
0e6f813e69_00d2ca27359f3d1d5ee2c2904b48a3e4717faf7fdf6413f6__vs__deff0e697a_00b5defcad6e58038eac35472a2d48c89905068e5ece0cc3_redline_fce8ea8032,clean/docx/0e6f813e69_00d2ca27359f3d1d5ee2c2904b48a3e4717faf7fdf6413f6,clean/docx/deff0e697a_00b5defcad6e58038eac35472a2d48c89905068e5ece0cc3,tracking_without_comments/docx/0e6f813e69_00d2ca27359f3d1d5ee2c2904b48a3e4717faf7fdf6413f6__vs__deff0e697a_00b5defcad6e58038eac35472a2d48c89905068e5ece0cc3_redline_fce8ea8032.docx,tracking_without_comments/pdf/0e6f813e69_00d2ca27359f3d1d5ee2c2904b48a3e4717faf7fdf6413f6__vs__deff0e697a_00b5defcad6e58038eac35472a2d48c89905068e5ece0cc3_redline_fce8ea8032.pdf,tracking_without_comments,fce8ea8032,redlines_a100_b10
0ea7414d2c_support_tickets_table__vs__6683d1be44_table_bookmark_end_redline_ff4144939a,clean/docx/0ea7414d2c_support_tickets_table,clean/docx/6683d1be44_table_bookmark_end,tracking_without_comments/docx/0ea7414d2c_support_tickets_table__vs__6683d1be44_table_bookmark_end_redline_ff4144939a.docx,tracking_without_comments/pdf/0ea7414d2c_support_tickets_table__vs__6683d1be44_table_bookmark_end_redline_ff4144939a.pdf,tracking_without_comments,ff4144939a,nocomments
12941c2a77_0023298b011b45232675215822f0f728678a238756d763c8__vs__deff0e697a_00b5defcad6e58038eac35472a2d48c89905068e5ece0cc3_redline_ef3fa5ea66,clean/docx/12941c2a77_0023298b011b45232675215822f0f728678a238756d763c8,clean/docx/deff0e697a_00b5defcad6e58038eac35472a2d48c89905068e5ece0cc3,tracking_without_comments/docx/12941c2a77_0023298b011b45232675215822f0f728678a238756d763c8__vs__deff0e697a_00b5defcad6e58038eac35472a2d48c89905068e5ece0cc3_redline_ef3fa5ea66.docx,tracking_without_comments/pdf/12941c2a77_0023298b011b45232675215822f0f728678a238756d763c8__vs__deff0e697a_00b5defcad6e58038eac35472a2d48c89905068e5ece0cc3_redline_ef3fa5ea66.pdf,tracking_without_comments,ef3fa5ea66,redlines_a100_b10
14f06affbf_30d707ed0c807a2118b37014c5b1ae48bc042da6310c6e07__vs__37c0369ce2_0c0c9334d933085775ef6320a8c741d98cc95ae29c0b70bf_redline_e32180088d,clean/docx/14f06affbf_30d707ed0c807a2118b37014c5b1ae48bc042da6310c6e07,clean/docx/37c0369ce2_0c0c9334d933085775ef6320a8c741d98cc95ae29c0b70bf,tracking_without_comments/docx/14f06affbf_30d707ed0c807a2118b37014c5b1ae48bc042da6310c6e07__vs__37c0369ce2_0c0c9334d933085775ef6320a8c741d98cc95ae29c0b70bf_redline_e32180088d.docx,tracking_without_comments/pdf/14f06affbf_30d707ed0c807a2118b37014c5b1ae48bc042da6310c6e07__vs__37c0369ce2_0c0c9334d933085775ef6320a8c741d98cc95ae29c0b70bf_redline_e32180088d.pdf,tracking_without_comments,e32180088d,redlines_en_500
193054264a_127a38d92f96a2a732d0f22d6eaad012191ba6d7525d619a__vs__0a3a0c1a32_36c6d281d1ea6bbef531f8c4ac6f8a3089348db8d85da6c6_redline_ff806d3b39,clean/docx/193054264a_127a38d92f96a2a732d0f22d6eaad012191ba6d7525d619a,clean/docx/0a3a0c1a32_36c6d281d1ea6bbef531f8c4ac6f8a3089348db8d85da6c6,tracking_without_comments/docx/193054264a_127a38d92f96a2a732d0f22d6eaad012191ba6d7525d619a__vs__0a3a0c1a32_36c6d281d1ea6bbef531f8c4ac6f8a3089348db8d85da6c6_redline_ff806d3b39.docx,tracking_without_comments/pdf/193054264a_127a38d92f96a2a732d0f22d6eaad012191ba6d7525d619a__vs__0a3a0c1a32_36c6d281d1ea6bbef531f8c4ac6f8a3089348db8d85da6c6_redline_ff806d3b39.pdf,tracking_without_comments,ff806d3b39,redlines_en_500
1aa7a03758_004c43cb816aed2ca4b0d0adf6e2bb8f115182135f2b4b42__vs__1424386e9b_017447de83753a0e3b7afc659df038ef56972925336c6a5b_redline_b1191f033d,clean/docx/1aa7a03758_004c43cb816aed2ca4b0d0adf6e2bb8f115182135f2b4b42,clean/docx/1424386e9b_017447de83753a0e3b7afc659df038ef56972925336c6a5b,tracking_without_comments/docx/1aa7a03758_004c43cb816aed2ca4b0d0adf6e2bb8f115182135f2b4b42__vs__1424386e9b_017447de83753a0e3b7afc659df038ef56972925336c6a5b_redline_b1191f033d.docx,tracking_without_comments/pdf/1aa7a03758_004c43cb816aed2ca4b0d0adf6e2bb8f115182135f2b4b42__vs__1424386e9b_017447de83753a0e3b7afc659df038ef56972925336c6a5b_redline_b1191f033d.pdf,tracking_without_comments,b1191f033d,redlines_a100_b10
1e1a24aeab_right_align_bold_demo_id_paraid_overflow__vs__2b267ac531_right_aligned_italic_demo_id_paraid_overflow_redline_4477d8566b,clean/docx/1e1a24aeab_right_align_bold_demo_id_paraid_overflow,clean/docx/2b267ac531_right_aligned_italic_demo_id_paraid_overflow,tracking_without_comments/docx/1e1a24aeab_right_align_bold_demo_id_paraid_overflow__vs__2b267ac531_right_aligned_italic_demo_id_paraid_overflow_redline_4477d8566b.docx,tracking_without_comments/pdf/1e1a24aeab_right_align_bold_demo_id_paraid_overflow__vs__2b267ac531_right_aligned_italic_demo_id_paraid_overflow_redline_4477d8566b.pdf,tracking_without_comments,4477d8566b,word_based
24bd3ad29d_center_aligned_bold_text_id_paraid_overflow__vs__a98d0a8c12_center_alignment_demo_id_paraid_overflow_2_redline_9cb9af0f50,clean/docx/24bd3ad29d_center_aligned_bold_text_id_paraid_overflow,clean/docx/a98d0a8c12_center_alignment_demo_id_paraid_overflow_2,tracking_without_comments/docx/24bd3ad29d_center_aligned_bold_text_id_paraid_overflow__vs__a98d0a8c12_center_alignment_demo_id_paraid_overflow_2_redline_9cb9af0f50.docx,tracking_without_comments/pdf/24bd3ad29d_center_aligned_bold_text_id_paraid_overflow__vs__a98d0a8c12_center_alignment_demo_id_paraid_overflow_2_redline_9cb9af0f50.pdf,tracking_without_comments,9cb9af0f50,fixtures_word_compares;pdf_fill_0928
25937ddb49_d45aa3d5fdc962c7ae968e4118ab0f865de156c0d720ac0d__vs__f7988c556b_069252c3fde38e4d9f87c5a8a48590195facf9a409032580_redline_63b66681b7,clean/docx/25937ddb49_d45aa3d5fdc962c7ae968e4118ab0f865de156c0d720ac0d,clean/docx/f7988c556b_069252c3fde38e4d9f87c5a8a48590195facf9a409032580,tracking_without_comments/docx/25937ddb49_d45aa3d5fdc962c7ae968e4118ab0f865de156c0d720ac0d__vs__f7988c556b_069252c3fde38e4d9f87c5a8a48590195facf9a409032580_redline_63b66681b7.docx,tracking_without_comments/pdf/25937ddb49_d45aa3d5fdc962c7ae968e4118ab0f865de156c0d720ac0d__vs__f7988c556b_069252c3fde38e4d9f87c5a8a48590195facf9a409032580_redline_63b66681b7.pdf,tracking_without_comments,63b66681b7,redlines_en_500
277b6145d6_italic_and_underline_combo_style_default_missing__vs__e1201c51d4_italic_subscript_demo_style_default_missing_redline_eb9f33dadd,clean/docx/277b6145d6_italic_and_underline_combo_style_default_missing,clean/docx/e1201c51d4_italic_subscript_demo_style_default_missing,tracking_without_comments/docx/277b6145d6_italic_and_underline_combo_style_default_missing__vs__e1201c51d4_italic_subscript_demo_style_default_missing_redline_eb9f33dadd.docx,tracking_without_comments/pdf/277b6145d6_italic_and_underline_combo_style_default_missing__vs__e1201c51d4_italic_subscript_demo_style_default_missing_redline_eb9f33dadd.pdf,tracking_without_comments,eb9f33dadd,word_based_0926
28a7b1d2bd_risk_assessment_product_launch_suggesting_insert__vs__8bf3c89c49_roboto_font_demo_id_paraid_overflow_2_redline_f903446fa2,tracking_without_comments/docx/28a7b1d2bd_risk_assessment_product_launch_suggesting_insert,clean/docx/8bf3c89c49_roboto_font_demo_id_paraid_overflow_2,tracking_without_comments/docx/28a7b1d2bd_risk_assessment_product_launch_suggesting_insert__vs__8bf3c89c49_roboto_font_demo_id_paraid_overflow_2_redline_f903446fa2.docx,tracking_without_comments/pdf/28a7b1d2bd_risk_assessment_product_launch_suggesting_insert__vs__8bf3c89c49_roboto_font_demo_id_paraid_overflow_2_redline_f903446fa2.pdf,tracking_without_comments,f903446fa2,nocomments
2a7aebb7ce_1118d92e486cd8c59e3b10ec9f28ef9188ec989b1120da52__vs__196c44dfba_2663487136794495a0c6c3b7f67609c690cfe18469576cbb_redline_766a042194,clean/docx/2a7aebb7ce_1118d92e486cd8c59e3b10ec9f28ef9188ec989b1120da52,clean/docx/196c44dfba_2663487136794495a0c6c3b7f67609c690cfe18469576cbb,tracking_without_comments/docx/2a7aebb7ce_1118d92e486cd8c59e3b10ec9f28ef9188ec989b1120da52__vs__196c44dfba_2663487136794495a0c6c3b7f67609c690cfe18469576cbb_redline_766a042194.docx,tracking_without_comments/pdf/2a7aebb7ce_1118d92e486cd8c59e3b10ec9f28ef9188ec989b1120da52__vs__196c44dfba_2663487136794495a0c6c3b7f67609c690cfe18469576cbb_redline_766a042194.pdf,tracking_without_comments,766a042194,redlines_en_500
2ad8d15e88_00e901c5aa86bd93002ce801375c57e44c2c78a0e5b308d3__vs__2e04202552_000e3e7bd2d6215fc7b469cc3e296c1b2a510bc1abc7e0fd_redline_9ea8efb431,clean/docx/2ad8d15e88_00e901c5aa86bd93002ce801375c57e44c2c78a0e5b308d3,clean/docx/2e04202552_000e3e7bd2d6215fc7b469cc3e296c1b2a510bc1abc7e0fd,tracking_without_comments/docx/2ad8d15e88_00e901c5aa86bd93002ce801375c57e44c2c78a0e5b308d3__vs__2e04202552_000e3e7bd2d6215fc7b469cc3e296c1b2a510bc1abc7e0fd_redline_9ea8efb431.docx,tracking_without_comments/pdf/2ad8d15e88_00e901c5aa86bd93002ce801375c57e44c2c78a0e5b308d3__vs__2e04202552_000e3e7bd2d6215fc7b469cc3e296c1b2a510bc1abc7e0fd_redline_9ea8efb431.pdf,tracking_without_comments,9ea8efb431,redlines_a100_b10
2b267ac531_right_aligned_italic_demo_id_paraid_overflow__vs__133bbfae84_right_alignment_demo_id_paraid_overflow_2_redline_24c220ff48,clean/docx/2b267ac531_right_aligned_italic_demo_id_paraid_overflow,clean/docx/133bbfae84_right_alignment_demo_id_paraid_overflow_2,tracking_without_comments/docx/2b267ac531_right_aligned_italic_demo_id_paraid_overflow__vs__133bbfae84_right_alignment_demo_id_paraid_overflow_2_redline_24c220ff48.docx,tracking_without_comments/pdf/2b267ac531_right_aligned_italic_demo_id_paraid_overflow__vs__133bbfae84_right_alignment_demo_id_paraid_overflow_2_redline_24c220ff48.pdf,tracking_without_comments,24c220ff48,word_based_0926
2e7f1e6637_0120556a0553eb1ba39978d5911b7ce62be10a9bdc7c9191__vs__a5f2b9318d_002aa60c2ae1187417b4b157c5ec6450324cc056ec551a12_redline_da64554015,clean/docx/2e7f1e6637_0120556a0553eb1ba39978d5911b7ce62be10a9bdc7c9191,clean/docx/a5f2b9318d_002aa60c2ae1187417b4b157c5ec6450324cc056ec551a12,tracking_without_comments/docx/2e7f1e6637_0120556a0553eb1ba39978d5911b7ce62be10a9bdc7c9191__vs__a5f2b9318d_002aa60c2ae1187417b4b157c5ec6450324cc056ec551a12_redline_da64554015.docx,tracking_without_comments/pdf/2e7f1e6637_0120556a0553eb1ba39978d5911b7ce62be10a9bdc7c9191__vs__a5f2b9318d_002aa60c2ae1187417b4b157c5ec6450324cc056ec551a12_redline_da64554015.pdf,tracking_without_comments,da64554015,redlines_a100_b10
38694026fb_0003b3ae2b115676d918e72f694790ddb64563721bb4a48d__vs__1424386e9b_017447de83753a0e3b7afc659df038ef56972925336c6a5b_redline_d2553ac48a,clean/docx/38694026fb_0003b3ae2b115676d918e72f694790ddb64563721bb4a48d,clean/docx/1424386e9b_017447de83753a0e3b7afc659df038ef56972925336c6a5b,tracking_without_comments/docx/38694026fb_0003b3ae2b115676d918e72f694790ddb64563721bb4a48d__vs__1424386e9b_017447de83753a0e3b7afc659df038ef56972925336c6a5b_redline_d2553ac48a.docx,tracking_without_comments/pdf/38694026fb_0003b3ae2b115676d918e72f694790ddb64563721bb4a48d__vs__1424386e9b_017447de83753a0e3b7afc659df038ef56972925336c6a5b_redline_d2553ac48a.pdf,tracking_without_comments,d2553ac48a,redlines_a100_b10
3f4801c5c0_project_plan_suggesting_insertions__vs__8cecb6c042_project_proposal_id_paraid_overflow_redline_f641b0ff64,tracking_without_comments/docx/3f4801c5c0_project_plan_suggesting_insertions,clean/docx/8cecb6c042_project_proposal_id_paraid_overflow,tracking_without_comments/docx/3f4801c5c0_project_plan_suggesting_insertions__vs__8cecb6c042_project_proposal_id_paraid_overflow_redline_f641b0ff64.docx,tracking_without_comments/pdf/3f4801c5c0_project_plan_suggesting_insertions__vs__8cecb6c042_project_proposal_id_paraid_overflow_redline_f641b0ff64.pdf,tracking_without_comments,f641b0ff64,nocomments
3f9e7fe8a5_1909bbbfb6abdc12d641a5e88b1b98b8f68e11a3666816f9__vs__2604267933_77c0c55589e54ae1ef618a5d395870cdfa0db0500c90dc17_redline_172d60276a,clean/docx/3f9e7fe8a5_1909bbbfb6abdc12d641a5e88b1b98b8f68e11a3666816f9,clean/docx/2604267933_77c0c55589e54ae1ef618a5d395870cdfa0db0500c90dc17,tracking_without_comments/docx/3f9e7fe8a5_1909bbbfb6abdc12d641a5e88b1b98b8f68e11a3666816f9__vs__2604267933_77c0c55589e54ae1ef618a5d395870cdfa0db0500c90dc17_redline_172d60276a.docx,tracking_without_comments/pdf/3f9e7fe8a5_1909bbbfb6abdc12d641a5e88b1b98b8f68e11a3666816f9__vs__2604267933_77c0c55589e54ae1ef618a5d395870cdfa0db0500c90dc17_redline_172d60276a.pdf,tracking_without_comments,172d60276a,redlines_en_500
3fc14675e5_italic_text_formatting_demo_id_paraid_overflow_2__vs__f26a5e4940_italic_text_formatting_demo_id_paraid_overflow_redline_7c3b405f35,clean/docx/3fc14675e5_italic_text_formatting_demo_id_paraid_overflow_2,clean/docx/f26a5e4940_italic_text_formatting_demo_id_paraid_overflow,tracking_without_comments/docx/3fc14675e5_italic_text_formatting_demo_id_paraid_overflow_2__vs__f26a5e4940_italic_text_formatting_demo_id_paraid_overflow_redline_7c3b405f35.docx,tracking_without_comments/pdf/3fc14675e5_italic_text_formatting_demo_id_paraid_overflow_2__vs__f26a5e4940_italic_text_formatting_demo_id_paraid_overflow_redline_7c3b405f35.pdf,tracking_without_comments,7c3b405f35,word_based
45c1c5abec_table_vmerge_colspan__vs__a94f4c516b_text_box_redline_e0305725c1,clean/docx/45c1c5abec_table_vmerge_colspan,clean/docx/a94f4c516b_text_box,tracking_without_comments/docx/45c1c5abec_table_vmerge_colspan__vs__a94f4c516b_text_box_redline_e0305725c1.docx,tracking_without_comments/pdf/45c1c5abec_table_vmerge_colspan__vs__a94f4c516b_text_box_redline_e0305725c1.pdf,tracking_without_comments,e0305725c1,word_based;fixtures_word_compares
4841fd31f0_q1_sales_summary_table__vs__28033140a2_quarterly_performance_report_table_2_redline_86aef9a34a,clean/docx/4841fd31f0_q1_sales_summary_table,clean/docx/28033140a2_quarterly_performance_report_table_2,tracking_without_comments/docx/4841fd31f0_q1_sales_summary_table__vs__28033140a2_quarterly_performance_report_table_2_redline_86aef9a34a.docx,tracking_without_comments/pdf/4841fd31f0_q1_sales_summary_table__vs__28033140a2_quarterly_performance_report_table_2_redline_86aef9a34a.pdf,tracking_without_comments,86aef9a34a,nocomments
491a257507_blue_bold_centered_demo_id_paraid_overflow__vs__da68abdf72_blue_centered_title_demo_style_default_missing_redline_3b9982e41f,clean/docx/491a257507_blue_bold_centered_demo_id_paraid_overflow,clean/docx/da68abdf72_blue_centered_title_demo_style_default_missing,tracking_without_comments/docx/491a257507_blue_bold_centered_demo_id_paraid_overflow__vs__da68abdf72_blue_centered_title_demo_style_default_missing_redline_3b9982e41f.docx,tracking_without_comments/pdf/491a257507_blue_bold_centered_demo_id_paraid_overflow__vs__da68abdf72_blue_centered_title_demo_style_default_missing_redline_3b9982e41f.pdf,tracking_without_comments,3b9982e41f,fixtures_word_compares;pdf_fill_0928
4ad775158b_bold_red_text_combo_id_paraid_overflow__vs__02c9605488_bold_superscript_demo_style_default_missing_redline_4eefb99db1,clean/docx/4ad775158b_bold_red_text_combo_id_paraid_overflow,clean/docx/02c9605488_bold_superscript_demo_style_default_missing,tracking_without_comments/docx/4ad775158b_bold_red_text_combo_id_paraid_overflow__vs__02c9605488_bold_superscript_demo_style_default_missing_redline_4eefb99db1.docx,tracking_without_comments/pdf/4ad775158b_bold_red_text_combo_id_paraid_overflow__vs__02c9605488_bold_superscript_demo_style_default_missing_redline_4eefb99db1.pdf,tracking_without_comments,4eefb99db1,word_based_0926
4c0d04c85d_book_catalog_id_paraid_overflow__vs__7cab5fbdbe_book_catalog_table_redline_b6a0f44ca8,clean/docx/4c0d04c85d_book_catalog_id_paraid_overflow,clean/docx/7cab5fbdbe_book_catalog_table,tracking_without_comments/docx/4c0d04c85d_book_catalog_id_paraid_overflow__vs__7cab5fbdbe_book_catalog_table_redline_b6a0f44ca8.docx,tracking_without_comments/pdf/4c0d04c85d_book_catalog_id_paraid_overflow__vs__7cab5fbdbe_book_catalog_table_redline_b6a0f44ca8.pdf,tracking_without_comments,b6a0f44ca8,word_based
4db02133f5_0007ed60dbbc648e714534360ae72dd054c8322b82ac5609__vs__342f364d46_001342333d45627868f4dc5282abbba4598a91b4a7584b08_redline_f309056f9b,clean/docx/4db02133f5_0007ed60dbbc648e714534360ae72dd054c8322b82ac5609,clean/docx/342f364d46_001342333d45627868f4dc5282abbba4598a91b4a7584b08,tracking_without_comments/docx/4db02133f5_0007ed60dbbc648e714534360ae72dd054c8322b82ac5609__vs__342f364d46_001342333d45627868f4dc5282abbba4598a91b4a7584b08_redline_f309056f9b.docx,tracking_without_comments/pdf/4db02133f5_0007ed60dbbc648e714534360ae72dd054c8322b82ac5609__vs__342f364d46_001342333d45627868f4dc5282abbba4598a91b4a7584b08_redline_f309056f9b.pdf,tracking_without_comments,f309056f9b,redlines_a100_b10
4db02133f5_0007ed60dbbc648e714534360ae72dd054c8322b82ac5609__vs__deff0e697a_00b5defcad6e58038eac35472a2d48c89905068e5ece0cc3_redline_a4bf2feaf5,clean/docx/4db02133f5_0007ed60dbbc648e714534360ae72dd054c8322b82ac5609,clean/docx/deff0e697a_00b5defcad6e58038eac35472a2d48c89905068e5ece0cc3,tracking_without_comments/docx/4db02133f5_0007ed60dbbc648e714534360ae72dd054c8322b82ac5609__vs__deff0e697a_00b5defcad6e58038eac35472a2d48c89905068e5ece0cc3_redline_a4bf2feaf5.docx,tracking_without_comments/pdf/4db02133f5_0007ed60dbbc648e714534360ae72dd054c8322b82ac5609__vs__deff0e697a_00b5defcad6e58038eac35472a2d48c89905068e5ece0cc3_redline_a4bf2feaf5.pdf,tracking_without_comments,a4bf2feaf5,redlines_a100_b10
4f1b13334b_0002768ad2e3174d9c557d30d4a7a8d70ae4062e52383747__vs__deff0e697a_00b5defcad6e58038eac35472a2d48c89905068e5ece0cc3_redline_7496d9e432,clean/docx/4f1b13334b_0002768ad2e3174d9c557d30d4a7a8d70ae4062e52383747,clean/docx/deff0e697a_00b5defcad6e58038eac35472a2d48c89905068e5ece0cc3,tracking_without_comments/docx/4f1b13334b_0002768ad2e3174d9c557d30d4a7a8d70ae4062e52383747__vs__deff0e697a_00b5defcad6e58038eac35472a2d48c89905068e5ece0cc3_redline_7496d9e432.docx,tracking_without_comments/pdf/4f1b13334b_0002768ad2e3174d9c557d30d4a7a8d70ae4062e52383747__vs__deff0e697a_00b5defcad6e58038eac35472a2d48c89905068e5ece0cc3_redline_7496d9e432.pdf,tracking_without_comments,7496d9e432,redlines_a100_b10
516ae5b317_justified_underline_demo_id_paraid_overflow__vs__bebfc19fe0_justify_alignment_demo_id_paraid_overflow_2_redline_e1df09500c,clean/docx/516ae5b317_justified_underline_demo_id_paraid_overflow,clean/docx/bebfc19fe0_justify_alignment_demo_id_paraid_overflow_2,tracking_without_comments/docx/516ae5b317_justified_underline_demo_id_paraid_overflow__vs__bebfc19fe0_justify_alignment_demo_id_paraid_overflow_2_redline_e1df09500c.docx,tracking_without_comments/pdf/516ae5b317_justified_underline_demo_id_paraid_overflow__vs__bebfc19fe0_justify_alignment_demo_id_paraid_overflow_2_redline_e1df09500c.pdf,tracking_without_comments,e1df09500c,fixtures_word_compares;pdf_fill_0928
5a8152b0cd_justify_alignment_demo_id_paraid_overflow__vs__1f4891aebe_large_font_size_demo_id_paraid_overflow_redline_8a0c950e5d,clean/docx/5a8152b0cd_justify_alignment_demo_id_paraid_overflow,clean/docx/1f4891aebe_large_font_size_demo_id_paraid_overflow,tracking_without_comments/docx/5a8152b0cd_justify_alignment_demo_id_paraid_overflow__vs__1f4891aebe_large_font_size_demo_id_paraid_overflow_redline_8a0c950e5d.docx,tracking_without_comments/pdf/5a8152b0cd_justify_alignment_demo_id_paraid_overflow__vs__1f4891aebe_large_font_size_demo_id_paraid_overflow_redline_8a0c950e5d.pdf,tracking_without_comments,8a0c950e5d,word_based
5d185fb0dd_006ab612b3ae2e0b1915746c660d9ea64842d89c434e0a09__vs__333bfe069a_003416d620331122b93b434dad901db5836f60d2cad4b533_redline_282a41181b,clean/docx/5d185fb0dd_006ab612b3ae2e0b1915746c660d9ea64842d89c434e0a09,clean/docx/333bfe069a_003416d620331122b93b434dad901db5836f60d2cad4b533,tracking_without_comments/docx/5d185fb0dd_006ab612b3ae2e0b1915746c660d9ea64842d89c434e0a09__vs__333bfe069a_003416d620331122b93b434dad901db5836f60d2cad4b533_redline_282a41181b.docx,tracking_without_comments/pdf/5d185fb0dd_006ab612b3ae2e0b1915746c660d9ea64842d89c434e0a09__vs__333bfe069a_003416d620331122b93b434dad901db5836f60d2cad4b533_redline_282a41181b.pdf,tracking_without_comments,282a41181b,redlines_a100_b10
5d5ca75f29_bold_italic_underline_demo_id_paraid_overflow__vs__4ad775158b_bold_red_text_combo_id_paraid_overflow_redline_9990cae06d,clean/docx/5d5ca75f29_bold_italic_underline_demo_id_paraid_overflow,clean/docx/4ad775158b_bold_red_text_combo_id_paraid_overflow,tracking_without_comments/docx/5d5ca75f29_bold_italic_underline_demo_id_paraid_overflow__vs__4ad775158b_bold_red_text_combo_id_paraid_overflow_redline_9990cae06d.docx,tracking_without_comments/pdf/5d5ca75f29_bold_italic_underline_demo_id_paraid_overflow__vs__4ad775158b_bold_red_text_combo_id_paraid_overflow_redline_9990cae06d.pdf,tracking_without_comments,9990cae06d,word_based
5e8b43bd70_training_materials_onboarding_program_suggesting__vs__b7c9d27632_underline_text_demo_id_paraid_overflow_redline_ce280b5e4c,tracking_without_comments/docx/5e8b43bd70_training_materials_onboarding_program_suggesting,clean/docx/b7c9d27632_underline_text_demo_id_paraid_overflow,tracking_without_comments/docx/5e8b43bd70_training_materials_onboarding_program_suggesting__vs__b7c9d27632_underline_text_demo_id_paraid_overflow_redline_ce280b5e4c.docx,tracking_without_comments/pdf/5e8b43bd70_training_materials_onboarding_program_suggesting__vs__b7c9d27632_underline_text_demo_id_paraid_overflow_redline_ce280b5e4c.pdf,tracking_without_comments,ce280b5e4c,word_based
603760a2cb_035619503cc9d1833603cf8827e6ce3a24b46c012a309360__vs__b6bf1a1e8b_025114ac4b922e013686836213f363671dd941624af8bc42_redline_408597db4d,clean/docx/603760a2cb_035619503cc9d1833603cf8827e6ce3a24b46c012a309360,clean/docx/b6bf1a1e8b_025114ac4b922e013686836213f363671dd941624af8bc42,tracking_without_comments/docx/603760a2cb_035619503cc9d1833603cf8827e6ce3a24b46c012a309360__vs__b6bf1a1e8b_025114ac4b922e013686836213f363671dd941624af8bc42_redline_408597db4d.docx,tracking_without_comments/pdf/603760a2cb_035619503cc9d1833603cf8827e6ce3a24b46c012a309360__vs__b6bf1a1e8b_025114ac4b922e013686836213f363671dd941624af8bc42_redline_408597db4d.pdf,tracking_without_comments,408597db4d,redlines_en_500
61eaede95c_subtitle_style_demo_style_default_missing__vs__ca4ccabff6_superscript_demo_id_paraid_overflow_2_redline_146e6680ab,clean/docx/61eaede95c_subtitle_style_demo_style_default_missing,clean/docx/ca4ccabff6_superscript_demo_id_paraid_overflow_2,tracking_without_comments/docx/61eaede95c_subtitle_style_demo_style_default_missing__vs__ca4ccabff6_superscript_demo_id_paraid_overflow_2_redline_146e6680ab.docx,tracking_without_comments/pdf/61eaede95c_subtitle_style_demo_style_default_missing__vs__ca4ccabff6_superscript_demo_id_paraid_overflow_2_redline_146e6680ab.pdf,tracking_without_comments,146e6680ab,fixtures_word_compares;pdf_fill_0928
635dfded4d_red_heading_demo_id_paraid_overflow__vs__3acaee795f_red_strikethrough_demo_style_default_missing_redline_fad67b15df,clean/docx/635dfded4d_red_heading_demo_id_paraid_overflow,clean/docx/3acaee795f_red_strikethrough_demo_style_default_missing,tracking_without_comments/docx/635dfded4d_red_heading_demo_id_paraid_overflow__vs__3acaee795f_red_strikethrough_demo_style_default_missing_redline_fad67b15df.docx,tracking_without_comments/pdf/635dfded4d_red_heading_demo_id_paraid_overflow__vs__3acaee795f_red_strikethrough_demo_style_default_missing_redline_fad67b15df.pdf,tracking_without_comments,fad67b15df,word_based
6446faad0e_budget_report_q1_2026_suggesting_insertions__vs__30e84496e2_bullet_list_bold_demo_id_paraid_overflow_redline_1277d3c5cb,tracking_without_comments/docx/6446faad0e_budget_report_q1_2026_suggesting_insertions,clean/docx/30e84496e2_bullet_list_bold_demo_id_paraid_overflow,tracking_without_comments/docx/6446faad0e_budget_report_q1_2026_suggesting_insertions__vs__30e84496e2_bullet_list_bold_demo_id_paraid_overflow_redline_1277d3c5cb.docx,tracking_without_comments/pdf/6446faad0e_budget_report_q1_2026_suggesting_insertions__vs__30e84496e2_bullet_list_bold_demo_id_paraid_overflow_redline_1277d3c5cb.pdf,tracking_without_comments,1277d3c5cb,word_based;fixtures_word_compares
6867e05e76_00b0d42bbea3b9bac7bc95466cf416f6c89a8cda62bbf3d7__vs__aa5340125d_00a4b0b91e9b5b072dc3771391c2d608518690eccf44eae8_redline_e012892af0,clean/docx/6867e05e76_00b0d42bbea3b9bac7bc95466cf416f6c89a8cda62bbf3d7,clean/docx/aa5340125d_00a4b0b91e9b5b072dc3771391c2d608518690eccf44eae8,tracking_without_comments/docx/6867e05e76_00b0d42bbea3b9bac7bc95466cf416f6c89a8cda62bbf3d7__vs__aa5340125d_00a4b0b91e9b5b072dc3771391c2d608518690eccf44eae8_redline_e012892af0.docx,tracking_without_comments/pdf/6867e05e76_00b0d42bbea3b9bac7bc95466cf416f6c89a8cda62bbf3d7__vs__aa5340125d_00a4b0b91e9b5b072dc3771391c2d608518690eccf44eae8_redline_e012892af0.pdf,tracking_without_comments,e012892af0,redlines_a100_b10
6a4d8ea70c_blue_italic_text_demo_id_paraid_overflow__vs__2efebc9bc3_blue_underline_combo_demo_id_paraid_overflow_redline_c5995bc106,clean/docx/6a4d8ea70c_blue_italic_text_demo_id_paraid_overflow,clean/docx/2efebc9bc3_blue_underline_combo_demo_id_paraid_overflow,tracking_without_comments/docx/6a4d8ea70c_blue_italic_text_demo_id_paraid_overflow__vs__2efebc9bc3_blue_underline_combo_demo_id_paraid_overflow_redline_c5995bc106.docx,tracking_without_comments/pdf/6a4d8ea70c_blue_italic_text_demo_id_paraid_overflow__vs__2efebc9bc3_blue_underline_combo_demo_id_paraid_overflow_redline_c5995bc106.pdf,tracking_without_comments,c5995bc106,word_based
70d7086845_db8b0b605ae2c08e9cf62d5cbb24bdf31ab9bd58896590f4__vs__a7ec7d9594_e0dd35e75e8e3ecb4adfc5ce29c921d634bcee666ae65035_redline_986b2229a1,clean/docx/70d7086845_db8b0b605ae2c08e9cf62d5cbb24bdf31ab9bd58896590f4,clean/docx/a7ec7d9594_e0dd35e75e8e3ecb4adfc5ce29c921d634bcee666ae65035,tracking_without_comments/docx/70d7086845_db8b0b605ae2c08e9cf62d5cbb24bdf31ab9bd58896590f4__vs__a7ec7d9594_e0dd35e75e8e3ecb4adfc5ce29c921d634bcee666ae65035_redline_986b2229a1.docx,tracking_without_comments/pdf/70d7086845_db8b0b605ae2c08e9cf62d5cbb24bdf31ab9bd58896590f4__vs__a7ec7d9594_e0dd35e75e8e3ecb4adfc5ce29c921d634bcee666ae65035_redline_986b2229a1.pdf,tracking_without_comments,986b2229a1,redlines_en_500
725cdbebe3_0013892c946c551d309fcec9bb3f3500fc08bc77121a3849__vs__1424386e9b_017447de83753a0e3b7afc659df038ef56972925336c6a5b_redline_33b9490363,clean/docx/725cdbebe3_0013892c946c551d309fcec9bb3f3500fc08bc77121a3849,clean/docx/1424386e9b_017447de83753a0e3b7afc659df038ef56972925336c6a5b,tracking_without_comments/docx/725cdbebe3_0013892c946c551d309fcec9bb3f3500fc08bc77121a3849__vs__1424386e9b_017447de83753a0e3b7afc659df038ef56972925336c6a5b_redline_33b9490363.docx,tracking_without_comments/pdf/725cdbebe3_0013892c946c551d309fcec9bb3f3500fc08bc77121a3849__vs__1424386e9b_017447de83753a0e3b7afc659df038ef56972925336c6a5b_redline_33b9490363.pdf,tracking_without_comments,33b9490363,redlines_a100_b10
734fe4bc1e_15c0669c4c7afae4cc2de2aeeda71623a7b27ecdef1cd0d8__vs__b74c483001_547b508a2b334a2a72a59db0718d632d5aadd236d876af75_redline_9c1f654ea9,clean/docx/734fe4bc1e_15c0669c4c7afae4cc2de2aeeda71623a7b27ecdef1cd0d8,clean/docx/b74c483001_547b508a2b334a2a72a59db0718d632d5aadd236d876af75,tracking_without_comments/docx/734fe4bc1e_15c0669c4c7afae4cc2de2aeeda71623a7b27ecdef1cd0d8__vs__b74c483001_547b508a2b334a2a72a59db0718d632d5aadd236d876af75_redline_9c1f654ea9.docx,tracking_without_comments/pdf/734fe4bc1e_15c0669c4c7afae4cc2de2aeeda71623a7b27ecdef1cd0d8__vs__b74c483001_547b508a2b334a2a72a59db0718d632d5aadd236d876af75_redline_9c1f654ea9.pdf,tracking_without_comments,9c1f654ea9,redlines_en_500
73cbfcf155_8e429677b4f05a9584d0af353823c66c0f9b1c035c8e5205__vs__ab517eeffc_5ed314f75f24c6be808674e4db53ce5952aa02d8aca97ade_redline_b205e40ea1,clean/docx/73cbfcf155_8e429677b4f05a9584d0af353823c66c0f9b1c035c8e5205,clean/docx/ab517eeffc_5ed314f75f24c6be808674e4db53ce5952aa02d8aca97ade,tracking_without_comments/docx/73cbfcf155_8e429677b4f05a9584d0af353823c66c0f9b1c035c8e5205__vs__ab517eeffc_5ed314f75f24c6be808674e4db53ce5952aa02d8aca97ade_redline_b205e40ea1.docx,tracking_without_comments/pdf/73cbfcf155_8e429677b4f05a9584d0af353823c66c0f9b1c035c8e5205__vs__ab517eeffc_5ed314f75f24c6be808674e4db53ce5952aa02d8aca97ade_redline_b205e40ea1.pdf,tracking_without_comments,b205e40ea1,redlines_en_500
73e78ba640_strikethrough_and_italic_combo_id_paraid_overflo__vs__0203b5fed7_strikethrough_bold_demo_id_paraid_overflow_redline_68a593987f,clean/docx/73e78ba640_strikethrough_and_italic_combo_id_paraid_overflo,clean/docx/0203b5fed7_strikethrough_bold_demo_id_paraid_overflow,tracking_without_comments/docx/73e78ba640_strikethrough_and_italic_combo_id_paraid_overflo__vs__0203b5fed7_strikethrough_bold_demo_id_paraid_overflow_redline_68a593987f.docx,tracking_without_comments/pdf/73e78ba640_strikethrough_and_italic_combo_id_paraid_overflo__vs__0203b5fed7_strikethrough_bold_demo_id_paraid_overflow_redline_68a593987f.pdf,tracking_without_comments,68a593987f,word_based_0926
762b93bdb0_0107d2107b381c077b42490f7ff21e861a60c27ba32886ca__vs__a5f2b9318d_002aa60c2ae1187417b4b157c5ec6450324cc056ec551a12_redline_3d8ad121ed,clean/docx/762b93bdb0_0107d2107b381c077b42490f7ff21e861a60c27ba32886ca,clean/docx/a5f2b9318d_002aa60c2ae1187417b4b157c5ec6450324cc056ec551a12,tracking_without_comments/docx/762b93bdb0_0107d2107b381c077b42490f7ff21e861a60c27ba32886ca__vs__a5f2b9318d_002aa60c2ae1187417b4b157c5ec6450324cc056ec551a12_redline_3d8ad121ed.docx,tracking_without_comments/pdf/762b93bdb0_0107d2107b381c077b42490f7ff21e861a60c27ba32886ca__vs__a5f2b9318d_002aa60c2ae1187417b4b157c5ec6450324cc056ec551a12_redline_3d8ad121ed.pdf,tracking_without_comments,3d8ad121ed,redlines_a100_b10
7d89bf44b4_single_paragraph__vs__e355cec096_small_font_size_demo_id_paraid_overflow_redline_454084a8c3,clean/docx/7d89bf44b4_single_paragraph,clean/docx/e355cec096_small_font_size_demo_id_paraid_overflow,tracking_without_comments/docx/7d89bf44b4_single_paragraph__vs__e355cec096_small_font_size_demo_id_paraid_overflow_redline_454084a8c3.docx,tracking_without_comments/pdf/7d89bf44b4_single_paragraph__vs__e355cec096_small_font_size_demo_id_paraid_overflow_redline_454084a8c3.pdf,tracking_without_comments,454084a8c3,word_based;fixtures_word_compares
7e4c9416aa_00803e70c3646e42abab322238df606c847686168795a703__vs__aa5340125d_00a4b0b91e9b5b072dc3771391c2d608518690eccf44eae8_redline_2dbe802d9a,clean/docx/7e4c9416aa_00803e70c3646e42abab322238df606c847686168795a703,clean/docx/aa5340125d_00a4b0b91e9b5b072dc3771391c2d608518690eccf44eae8,tracking_without_comments/docx/7e4c9416aa_00803e70c3646e42abab322238df606c847686168795a703__vs__aa5340125d_00a4b0b91e9b5b072dc3771391c2d608518690eccf44eae8_redline_2dbe802d9a.docx,tracking_without_comments/pdf/7e4c9416aa_00803e70c3646e42abab322238df606c847686168795a703__vs__aa5340125d_00a4b0b91e9b5b072dc3771391c2d608518690eccf44eae8_redline_2dbe802d9a.pdf,tracking_without_comments,2dbe802d9a,redlines_a100_b10
8a7f242026_center_bold_demo_id_paraid_overflow__vs__3e43d24c46_clear_formatting_demo_id_paraid_overflow_redline_e5c6ee8155,clean/docx/8a7f242026_center_bold_demo_id_paraid_overflow,clean/docx/3e43d24c46_clear_formatting_demo_id_paraid_overflow,tracking_without_comments/docx/8a7f242026_center_bold_demo_id_paraid_overflow__vs__3e43d24c46_clear_formatting_demo_id_paraid_overflow_redline_e5c6ee8155.docx,tracking_without_comments/pdf/8a7f242026_center_bold_demo_id_paraid_overflow__vs__3e43d24c46_clear_formatting_demo_id_paraid_overflow_redline_e5c6ee8155.pdf,tracking_without_comments,e5c6ee8155,word_based
8b3bfdf247_calibri_bold_italic_demo_id_paraid_overflow__vs__9297fc746e_calibri_font_demo_id_paraid_overflow_2_redline_471c6d4b9d,clean/docx/8b3bfdf247_calibri_bold_italic_demo_id_paraid_overflow,clean/docx/9297fc746e_calibri_font_demo_id_paraid_overflow_2,tracking_without_comments/docx/8b3bfdf247_calibri_bold_italic_demo_id_paraid_overflow__vs__9297fc746e_calibri_font_demo_id_paraid_overflow_2_redline_471c6d4b9d.docx,tracking_without_comments/pdf/8b3bfdf247_calibri_bold_italic_demo_id_paraid_overflow__vs__9297fc746e_calibri_font_demo_id_paraid_overflow_2_redline_471c6d4b9d.pdf,tracking_without_comments,471c6d4b9d,word_based
8e694101b9_469e571050275b57ed1836b4cc17f4d29e43eec925bdfad9__vs__37c6c62345_3f296ffac9c17a92962156ff41f2b079eb687cd440513fe3_redline_9a2af58d99,clean/docx/8e694101b9_469e571050275b57ed1836b4cc17f4d29e43eec925bdfad9,with_comments_clean/docx/37c6c62345_3f296ffac9c17a92962156ff41f2b079eb687cd440513fe3,with_comments_tracking/docx/8e694101b9_469e571050275b57ed1836b4cc17f4d29e43eec925bdfad9__vs__37c6c62345_3f296ffac9c17a92962156ff41f2b079eb687cd440513fe3_redline_9a2af58d99.docx,with_comments_tracking/pdf/8e694101b9_469e571050275b57ed1836b4cc17f4d29e43eec925bdfad9__vs__37c6c62345_3f296ffac9c17a92962156ff41f2b079eb687cd440513fe3_redline_9a2af58d99.pdf,with_comments_tracking,9a2af58d99,redlines_en_500
8eef85ebbd_employee_directory_table__vs__e51fcdfdbe_employee_review_john_smith_suggesting_insertions_redline_32e4d51014,clean/docx/8eef85ebbd_employee_directory_table,tracking_without_comments/docx/e51fcdfdbe_employee_review_john_smith_suggesting_insertions,tracking_without_comments/docx/8eef85ebbd_employee_directory_table__vs__e51fcdfdbe_employee_review_john_smith_suggesting_insertions_redline_32e4d51014.docx,tracking_without_comments/pdf/8eef85ebbd_employee_directory_table__vs__e51fcdfdbe_employee_review_john_smith_suggesting_insertions_redline_32e4d51014.pdf,tracking_without_comments,32e4d51014,nocomments
90e2c33814_meeting_agenda_table_2__vs__e0c027b1ca_meeting_agenda_table_redline_eca460b37d,clean/docx/90e2c33814_meeting_agenda_table_2,clean/docx/e0c027b1ca_meeting_agenda_table,tracking_without_comments/docx/90e2c33814_meeting_agenda_table_2__vs__e0c027b1ca_meeting_agenda_table_redline_eca460b37d.docx,tracking_without_comments/pdf/90e2c33814_meeting_agenda_table_2__vs__e0c027b1ca_meeting_agenda_table_redline_eca460b37d.pdf,tracking_without_comments,eca460b37d,fixtures_word_compares;pdf_fill_0928
9be7e36de4_00c3fd2d23e8acf016f9b2fb44f4ee84789abc39c820e7ab__vs__deff0e697a_00b5defcad6e58038eac35472a2d48c89905068e5ece0cc3_redline_f6c99c51c2,clean/docx/9be7e36de4_00c3fd2d23e8acf016f9b2fb44f4ee84789abc39c820e7ab,clean/docx/deff0e697a_00b5defcad6e58038eac35472a2d48c89905068e5ece0cc3,tracking_without_comments/docx/9be7e36de4_00c3fd2d23e8acf016f9b2fb44f4ee84789abc39c820e7ab__vs__deff0e697a_00b5defcad6e58038eac35472a2d48c89905068e5ece0cc3_redline_f6c99c51c2.docx,tracking_without_comments/pdf/9be7e36de4_00c3fd2d23e8acf016f9b2fb44f4ee84789abc39c820e7ab__vs__deff0e697a_00b5defcad6e58038eac35472a2d48c89905068e5ece0cc3_redline_f6c99c51c2.pdf,tracking_without_comments,f6c99c51c2,redlines_a100_b10
9f96e7f4f8_it_security_policy_v2_suggesting_insertions__vs__277b6145d6_italic_and_underline_combo_style_default_missing_redline_1825689107,tracking_without_comments/docx/9f96e7f4f8_it_security_policy_v2_suggesting_insertions,clean/docx/277b6145d6_italic_and_underline_combo_style_default_missing,tracking_without_comments/docx/9f96e7f4f8_it_security_policy_v2_suggesting_insertions__vs__277b6145d6_italic_and_underline_combo_style_default_missing_redline_1825689107.docx,tracking_without_comments/pdf/9f96e7f4f8_it_security_policy_v2_suggesting_insertions__vs__277b6145d6_italic_and_underline_combo_style_default_missing_redline_1825689107.pdf,tracking_without_comments,1825689107,word_based;fixtures_word_compares
a3df367231_001a6655d72fbecf6a1d10e479eee052a779d6ba1d0848d7__vs__2e04202552_000e3e7bd2d6215fc7b469cc3e296c1b2a510bc1abc7e0fd_redline_68d77dc8a2,clean/docx/a3df367231_001a6655d72fbecf6a1d10e479eee052a779d6ba1d0848d7,clean/docx/2e04202552_000e3e7bd2d6215fc7b469cc3e296c1b2a510bc1abc7e0fd,tracking_without_comments/docx/a3df367231_001a6655d72fbecf6a1d10e479eee052a779d6ba1d0848d7__vs__2e04202552_000e3e7bd2d6215fc7b469cc3e296c1b2a510bc1abc7e0fd_redline_68d77dc8a2.docx,tracking_without_comments/pdf/a3df367231_001a6655d72fbecf6a1d10e479eee052a779d6ba1d0848d7__vs__2e04202552_000e3e7bd2d6215fc7b469cc3e296c1b2a510bc1abc7e0fd_redline_68d77dc8a2.pdf,tracking_without_comments,68d77dc8a2,redlines_a100_b10
a4642f7f90_mcdoc__vs__90e2c33814_meeting_agenda_table_2_redline_618a11caa3,clean/docx/a4642f7f90_mcdoc,clean/docx/90e2c33814_meeting_agenda_table_2,tracking_without_comments/docx/a4642f7f90_mcdoc__vs__90e2c33814_meeting_agenda_table_2_redline_618a11caa3.docx,tracking_without_comments/pdf/a4642f7f90_mcdoc__vs__90e2c33814_meeting_agenda_table_2_redline_618a11caa3.pdf,tracking_without_comments,618a11caa3,word_based_0926
a4c38b1bf5_4c17189eb7a543ae96f42443a9f4001a3be8fec6e47f7481__vs__cd63d2dccf_3f2752287dacf8e3e52d649dc467cbab2214df665039ab15_redline_e9ef73a8e4,with_comments_tracking/docx/a4c38b1bf5_4c17189eb7a543ae96f42443a9f4001a3be8fec6e47f7481,clean/docx/cd63d2dccf_3f2752287dacf8e3e52d649dc467cbab2214df665039ab15,with_comments_tracking/docx/a4c38b1bf5_4c17189eb7a543ae96f42443a9f4001a3be8fec6e47f7481__vs__cd63d2dccf_3f2752287dacf8e3e52d649dc467cbab2214df665039ab15_redline_e9ef73a8e4.docx,with_comments_tracking/pdf/a4c38b1bf5_4c17189eb7a543ae96f42443a9f4001a3be8fec6e47f7481__vs__cd63d2dccf_3f2752287dacf8e3e52d649dc467cbab2214df665039ab15_redline_e9ef73a8e4.pdf,with_comments_tracking,e9ef73a8e4,redlines_en_500
a5eb266a1f_016236e3bf778292b45976ecd4a34b45d02104f47db7a3ca__vs__2773adf157_0004c94ca2a8684d47449bb0e7abf87de1df71a7e6543252_redline_1da384ebd8,clean/docx/a5eb266a1f_016236e3bf778292b45976ecd4a34b45d02104f47db7a3ca,clean/docx/2773adf157_0004c94ca2a8684d47449bb0e7abf87de1df71a7e6543252,tracking_without_comments/docx/a5eb266a1f_016236e3bf778292b45976ecd4a34b45d02104f47db7a3ca__vs__2773adf157_0004c94ca2a8684d47449bb0e7abf87de1df71a7e6543252_redline_1da384ebd8.docx,tracking_without_comments/pdf/a5eb266a1f_016236e3bf778292b45976ecd4a34b45d02104f47db7a3ca__vs__2773adf157_0004c94ca2a8684d47449bb0e7abf87de1df71a7e6543252_redline_1da384ebd8.pdf,tracking_without_comments,1da384ebd8,redlines_a100_b10
a6bdad436b_00e1eabab4f0fdde08a033b7d3af988ce75f7e80207c9918__vs__bd3824dd1e_000ee64ef7226d353297888f59a251e24ce5d776fea000fa_redline_409de8d456,clean/docx/a6bdad436b_00e1eabab4f0fdde08a033b7d3af988ce75f7e80207c9918,clean/docx/bd3824dd1e_000ee64ef7226d353297888f59a251e24ce5d776fea000fa,tracking_without_comments/docx/a6bdad436b_00e1eabab4f0fdde08a033b7d3af988ce75f7e80207c9918__vs__bd3824dd1e_000ee64ef7226d353297888f59a251e24ce5d776fea000fa_redline_409de8d456.docx,tracking_without_comments/pdf/a6bdad436b_00e1eabab4f0fdde08a033b7d3af988ce75f7e80207c9918__vs__bd3824dd1e_000ee64ef7226d353297888f59a251e24ce5d776fea000fa_redline_409de8d456.pdf,tracking_without_comments,409de8d456,redlines_a100_b10
a94f4c516b_text_box__vs__356b7a3629_text_highlight_demo_style_default_missing_redline_54602effb2,clean/docx/a94f4c516b_text_box,clean/docx/356b7a3629_text_highlight_demo_style_default_missing,tracking_without_comments/docx/a94f4c516b_text_box__vs__356b7a3629_text_highlight_demo_style_default_missing_redline_54602effb2.docx,tracking_without_comments/pdf/a94f4c516b_text_box__vs__356b7a3629_text_highlight_demo_style_default_missing_redline_54602effb2.pdf,tracking_without_comments,54602effb2,word_based_0926
aa58aada65_00160046fb2516a560a9681d7ae3e6f4659af57d19555d4e__vs__342f364d46_001342333d45627868f4dc5282abbba4598a91b4a7584b08_redline_c46a258659,clean/docx/aa58aada65_00160046fb2516a560a9681d7ae3e6f4659af57d19555d4e,clean/docx/342f364d46_001342333d45627868f4dc5282abbba4598a91b4a7584b08,tracking_without_comments/docx/aa58aada65_00160046fb2516a560a9681d7ae3e6f4659af57d19555d4e__vs__342f364d46_001342333d45627868f4dc5282abbba4598a91b4a7584b08_redline_c46a258659.docx,tracking_without_comments/pdf/aa58aada65_00160046fb2516a560a9681d7ae3e6f4659af57d19555d4e__vs__342f364d46_001342333d45627868f4dc5282abbba4598a91b4a7584b08_redline_c46a258659.pdf,tracking_without_comments,c46a258659,redlines_a100_b10
b27bda87ed_0023f7c421a05af9c44fb4ff9ef1bce46c53a081779b1e72__vs__aa5340125d_00a4b0b91e9b5b072dc3771391c2d608518690eccf44eae8_redline_205503ead9,clean/docx/b27bda87ed_0023f7c421a05af9c44fb4ff9ef1bce46c53a081779b1e72,clean/docx/aa5340125d_00a4b0b91e9b5b072dc3771391c2d608518690eccf44eae8,tracking_without_comments/docx/b27bda87ed_0023f7c421a05af9c44fb4ff9ef1bce46c53a081779b1e72__vs__aa5340125d_00a4b0b91e9b5b072dc3771391c2d608518690eccf44eae8_redline_205503ead9.docx,tracking_without_comments/pdf/b27bda87ed_0023f7c421a05af9c44fb4ff9ef1bce46c53a081779b1e72__vs__aa5340125d_00a4b0b91e9b5b072dc3771391c2d608518690eccf44eae8_redline_205503ead9.pdf,tracking_without_comments,205503ead9,redlines_a100_b10
b4ba29d456_left_alignment_demo_id_paraid_overflow__vs__bb46f61c5d_line_spacing_demo_id_paraid_overflow_redline_7b637208fb,clean/docx/b4ba29d456_left_alignment_demo_id_paraid_overflow,clean/docx/bb46f61c5d_line_spacing_demo_id_paraid_overflow,tracking_without_comments/docx/b4ba29d456_left_alignment_demo_id_paraid_overflow__vs__bb46f61c5d_line_spacing_demo_id_paraid_overflow_redline_7b637208fb.docx,tracking_without_comments/pdf/b4ba29d456_left_alignment_demo_id_paraid_overflow__vs__bb46f61c5d_line_spacing_demo_id_paraid_overflow_redline_7b637208fb.pdf,tracking_without_comments,7b637208fb,word_based
bdd82b239b_numbered_list_demo_id_paraid_overflow__vs__f6de76cc94_numbered_list_italic_demo_id_paraid_overflow_redline_93d4a23ac7,clean/docx/bdd82b239b_numbered_list_demo_id_paraid_overflow,clean/docx/f6de76cc94_numbered_list_italic_demo_id_paraid_overflow,tracking_without_comments/docx/bdd82b239b_numbered_list_demo_id_paraid_overflow__vs__f6de76cc94_numbered_list_italic_demo_id_paraid_overflow_redline_93d4a23ac7.docx,tracking_without_comments/pdf/bdd82b239b_numbered_list_demo_id_paraid_overflow__vs__f6de76cc94_numbered_list_italic_demo_id_paraid_overflow_redline_93d4a23ac7.pdf,tracking_without_comments,93d4a23ac7,word_based
c5b63f5273_bold_superscript_demo_style_default_missing__vs__dccd86b590_bold_text_formatting_demo_id_paraid_overflow_2_redline_0480d8c02b,clean/docx/c5b63f5273_bold_superscript_demo_style_default_missing,clean/docx/dccd86b590_bold_text_formatting_demo_id_paraid_overflow_2,tracking_without_comments/docx/c5b63f5273_bold_superscript_demo_style_default_missing__vs__dccd86b590_bold_text_formatting_demo_id_paraid_overflow_2_redline_0480d8c02b.docx,tracking_without_comments/pdf/c5b63f5273_bold_superscript_demo_style_default_missing__vs__dccd86b590_bold_text_formatting_demo_id_paraid_overflow_2_redline_0480d8c02b.pdf,tracking_without_comments,0480d8c02b,nocomments
c6956051c8_0035880301dd9b39b35318af6a88457fb4f6491a3ca1964a__vs__2e04202552_000e3e7bd2d6215fc7b469cc3e296c1b2a510bc1abc7e0fd_redline_a302cb338a,clean/docx/c6956051c8_0035880301dd9b39b35318af6a88457fb4f6491a3ca1964a,clean/docx/2e04202552_000e3e7bd2d6215fc7b469cc3e296c1b2a510bc1abc7e0fd,tracking_without_comments/docx/c6956051c8_0035880301dd9b39b35318af6a88457fb4f6491a3ca1964a__vs__2e04202552_000e3e7bd2d6215fc7b469cc3e296c1b2a510bc1abc7e0fd_redline_a302cb338a.docx,tracking_without_comments/pdf/c6956051c8_0035880301dd9b39b35318af6a88457fb4f6491a3ca1964a__vs__2e04202552_000e3e7bd2d6215fc7b469cc3e296c1b2a510bc1abc7e0fd_redline_a302cb338a.pdf,tracking_without_comments,a302cb338a,redlines_a100_b10
c706120413_open_sans_font_demo_id_paraid_overflow__vs__82348eef4b_multi_section_redline_a0b32ee481,clean/docx/c706120413_open_sans_font_demo_id_paraid_overflow,clean/docx/82348eef4b_multi_section,tracking_without_comments/docx/c706120413_open_sans_font_demo_id_paraid_overflow__vs__82348eef4b_multi_section_redline_a0b32ee481.docx,tracking_without_comments/pdf/c706120413_open_sans_font_demo_id_paraid_overflow__vs__82348eef4b_multi_section_redline_a0b32ee481.pdf,tracking_without_comments,a0b32ee481,word_based;fixtures_word_compares
ca4ccabff6_superscript_demo_id_paraid_overflow_2__vs__860b6e457e_superscript_demo_id_paraid_overflow_redline_ad1cd7a177,clean/docx/ca4ccabff6_superscript_demo_id_paraid_overflow_2,clean/docx/860b6e457e_superscript_demo_id_paraid_overflow,tracking_without_comments/docx/ca4ccabff6_superscript_demo_id_paraid_overflow_2__vs__860b6e457e_superscript_demo_id_paraid_overflow_redline_ad1cd7a177.docx,tracking_without_comments/pdf/ca4ccabff6_superscript_demo_id_paraid_overflow_2__vs__860b6e457e_superscript_demo_id_paraid_overflow_redline_ad1cd7a177.pdf,tracking_without_comments,ad1cd7a177,word_based
cbb3bab843_word_tolerated_orphan_comment__vs__cefef4e4f5_yellow_highlight_demo_id_paraid_overflow_redline_44c8cc9358,with_comments_clean/docx/cbb3bab843_word_tolerated_orphan_comment,clean/docx/cefef4e4f5_yellow_highlight_demo_id_paraid_overflow,with_comments_tracking/docx/cbb3bab843_word_tolerated_orphan_comment__vs__cefef4e4f5_yellow_highlight_demo_id_paraid_overflow_redline_44c8cc9358.docx,with_comments_tracking/pdf/cbb3bab843_word_tolerated_orphan_comment__vs__cefef4e4f5_yellow_highlight_demo_id_paraid_overflow_redline_44c8cc9358.pdf,with_comments_tracking,44c8cc9358,word_based
cfb3c9f5f7_60168e4d4fe36b23bee30244f89884e3a9b364b2b8270abc__vs__6c8fc15329_adec1f56bbf0e13c249c914129851ad18623e311ccbfde12_redline_a9333255ca,clean/docx/cfb3c9f5f7_60168e4d4fe36b23bee30244f89884e3a9b364b2b8270abc,clean/docx/6c8fc15329_adec1f56bbf0e13c249c914129851ad18623e311ccbfde12,tracking_without_comments/docx/cfb3c9f5f7_60168e4d4fe36b23bee30244f89884e3a9b364b2b8270abc__vs__6c8fc15329_adec1f56bbf0e13c249c914129851ad18623e311ccbfde12_redline_a9333255ca.docx,tracking_without_comments/pdf/cfb3c9f5f7_60168e4d4fe36b23bee30244f89884e3a9b364b2b8270abc__vs__6c8fc15329_adec1f56bbf0e13c249c914129851ad18623e311ccbfde12_redline_a9333255ca.pdf,tracking_without_comments,a9333255ca,redlines_en_500
d09a2f8509_00b5aa69a6c33b2725953348488d62605dc209411d01f80a__vs__2773adf157_0004c94ca2a8684d47449bb0e7abf87de1df71a7e6543252_redline_3350b94022,clean/docx/d09a2f8509_00b5aa69a6c33b2725953348488d62605dc209411d01f80a,clean/docx/2773adf157_0004c94ca2a8684d47449bb0e7abf87de1df71a7e6543252,tracking_without_comments/docx/d09a2f8509_00b5aa69a6c33b2725953348488d62605dc209411d01f80a__vs__2773adf157_0004c94ca2a8684d47449bb0e7abf87de1df71a7e6543252_redline_3350b94022.docx,tracking_without_comments/pdf/d09a2f8509_00b5aa69a6c33b2725953348488d62605dc209411d01f80a__vs__2773adf157_0004c94ca2a8684d47449bb0e7abf87de1df71a7e6543252_redline_3350b94022.pdf,tracking_without_comments,3350b94022,redlines_a100_b10
d16179a60b_c3cb50c9620520f54d70a4f079a12e94bf94f54f507eff8d__vs__1aaca1d5af_ef31e540797c67a78c662cc2e5ecb21bf446e3d696ce26ad_redline_f72cd71154,with_comments_clean/docx/d16179a60b_c3cb50c9620520f54d70a4f079a12e94bf94f54f507eff8d,clean/docx/1aaca1d5af_ef31e540797c67a78c662cc2e5ecb21bf446e3d696ce26ad,with_comments_tracking/docx/d16179a60b_c3cb50c9620520f54d70a4f079a12e94bf94f54f507eff8d__vs__1aaca1d5af_ef31e540797c67a78c662cc2e5ecb21bf446e3d696ce26ad_redline_f72cd71154.docx,with_comments_tracking/pdf/d16179a60b_c3cb50c9620520f54d70a4f079a12e94bf94f54f507eff8d__vs__1aaca1d5af_ef31e540797c67a78c662cc2e5ecb21bf446e3d696ce26ad_redline_f72cd71154.pdf,with_comments_tracking,f72cd71154,redlines_en_500
d560bc7296_header_no_rels__vs__eb82ad6df1_heading_1_bold_demo_id_paraid_overflow_redline_52058c5190,clean/docx/d560bc7296_header_no_rels,clean/docx/eb82ad6df1_heading_1_bold_demo_id_paraid_overflow,tracking_without_comments/docx/d560bc7296_header_no_rels__vs__eb82ad6df1_heading_1_bold_demo_id_paraid_overflow_redline_52058c5190.docx,tracking_without_comments/pdf/d560bc7296_header_no_rels__vs__eb82ad6df1_heading_1_bold_demo_id_paraid_overflow_redline_52058c5190.pdf,tracking_without_comments,52058c5190,nocomments
d6229441a5_0022208cff905cd74261067032c22afa148e0f63496c7f66__vs__333bfe069a_003416d620331122b93b434dad901db5836f60d2cad4b533_redline_c68bde126f,clean/docx/d6229441a5_0022208cff905cd74261067032c22afa148e0f63496c7f66,clean/docx/333bfe069a_003416d620331122b93b434dad901db5836f60d2cad4b533,tracking_without_comments/docx/d6229441a5_0022208cff905cd74261067032c22afa148e0f63496c7f66__vs__333bfe069a_003416d620331122b93b434dad901db5836f60d2cad4b533_redline_c68bde126f.docx,tracking_without_comments/pdf/d6229441a5_0022208cff905cd74261067032c22afa148e0f63496c7f66__vs__333bfe069a_003416d620331122b93b434dad901db5836f60d2cad4b533_redline_c68bde126f.pdf,tracking_without_comments,c68bde126f,redlines_a100_b10
d6229441a5_0022208cff905cd74261067032c22afa148e0f63496c7f66__vs__aa5340125d_00a4b0b91e9b5b072dc3771391c2d608518690eccf44eae8_redline_0cbbcaa7f0,clean/docx/d6229441a5_0022208cff905cd74261067032c22afa148e0f63496c7f66,clean/docx/aa5340125d_00a4b0b91e9b5b072dc3771391c2d608518690eccf44eae8,tracking_without_comments/docx/d6229441a5_0022208cff905cd74261067032c22afa148e0f63496c7f66__vs__aa5340125d_00a4b0b91e9b5b072dc3771391c2d608518690eccf44eae8_redline_0cbbcaa7f0.docx,tracking_without_comments/pdf/d6229441a5_0022208cff905cd74261067032c22afa148e0f63496c7f66__vs__aa5340125d_00a4b0b91e9b5b072dc3771391c2d608518690eccf44eae8_redline_0cbbcaa7f0.pdf,tracking_without_comments,0cbbcaa7f0,redlines_a100_b10
d7c6d7eb36_green_underline_bullet_list_id_paraid_overflow__vs__c5763a90ce_header_no_rels_redline_1b7bd516c0,clean/docx/d7c6d7eb36_green_underline_bullet_list_id_paraid_overflow,clean/docx/c5763a90ce_header_no_rels,tracking_without_comments/docx/d7c6d7eb36_green_underline_bullet_list_id_paraid_overflow__vs__c5763a90ce_header_no_rels_redline_1b7bd516c0.docx,tracking_without_comments/pdf/d7c6d7eb36_green_underline_bullet_list_id_paraid_overflow__vs__c5763a90ce_header_no_rels_redline_1b7bd516c0.pdf,tracking_without_comments,1b7bd516c0,word_based_0926
da68abdf72_blue_centered_title_demo_style_default_missing__vs__6a4d8ea70c_blue_italic_text_demo_id_paraid_overflow_redline_d4abbe07c3,clean/docx/da68abdf72_blue_centered_title_demo_style_default_missing,clean/docx/6a4d8ea70c_blue_italic_text_demo_id_paraid_overflow,tracking_without_comments/docx/da68abdf72_blue_centered_title_demo_style_default_missing__vs__6a4d8ea70c_blue_italic_text_demo_id_paraid_overflow_redline_d4abbe07c3.docx,tracking_without_comments/pdf/da68abdf72_blue_centered_title_demo_style_default_missing__vs__6a4d8ea70c_blue_italic_text_demo_id_paraid_overflow_redline_d4abbe07c3.pdf,tracking_without_comments,d4abbe07c3,word_based
dc6cf74a76_hr_onboarding_checklist_table__vs__308862bb53_i_am_sharing_microsoft_word_vs_google_docs_compr_redline_e10275b787,clean/docx/dc6cf74a76_hr_onboarding_checklist_table,clean/docx/308862bb53_i_am_sharing_microsoft_word_vs_google_docs_compr,tracking_without_comments/docx/dc6cf74a76_hr_onboarding_checklist_table__vs__308862bb53_i_am_sharing_microsoft_word_vs_google_docs_compr_redline_e10275b787.docx,tracking_without_comments/pdf/dc6cf74a76_hr_onboarding_checklist_table__vs__308862bb53_i_am_sharing_microsoft_word_vs_google_docs_compr_redline_e10275b787.pdf,tracking_without_comments,e10275b787,nocomments
ddfaf8c480_line_spacing_demo_id_paraid_overflow__vs__ea970f238e_marketing_strategy_2026_suggesting_insertions_redline_047b4c0dba,clean/docx/ddfaf8c480_line_spacing_demo_id_paraid_overflow,tracking_without_comments/docx/ea970f238e_marketing_strategy_2026_suggesting_insertions,tracking_without_comments/docx/ddfaf8c480_line_spacing_demo_id_paraid_overflow__vs__ea970f238e_marketing_strategy_2026_suggesting_insertions_redline_047b4c0dba.docx,tracking_without_comments/pdf/ddfaf8c480_line_spacing_demo_id_paraid_overflow__vs__ea970f238e_marketing_strategy_2026_suggesting_insertions_redline_047b4c0dba.pdf,tracking_without_comments,047b4c0dba,nocomments
de2a4c9936_marketing_strategy_2026_suggesting_insertions__vs__90e2c33814_meeting_agenda_table_2_redline_cf4189e197,tracking_without_comments/docx/de2a4c9936_marketing_strategy_2026_suggesting_insertions,clean/docx/90e2c33814_meeting_agenda_table_2,tracking_without_comments/docx/de2a4c9936_marketing_strategy_2026_suggesting_insertions__vs__90e2c33814_meeting_agenda_table_2_redline_cf4189e197.docx,tracking_without_comments/pdf/de2a4c9936_marketing_strategy_2026_suggesting_insertions__vs__90e2c33814_meeting_agenda_table_2_redline_cf4189e197.pdf,tracking_without_comments,cf4189e197,word_based
e11fc429b2_29540ef11ec3fc04ba1bca353f5140559c4b03e76516c7a7__vs__0f6e71381a_7057d180ffd30c96a71aa95e32993d39bf2e59a1eff850b7_redline_b461d6f797,clean/docx/e11fc429b2_29540ef11ec3fc04ba1bca353f5140559c4b03e76516c7a7,with_comments_clean/docx/0f6e71381a_7057d180ffd30c96a71aa95e32993d39bf2e59a1eff850b7,with_comments_tracking/docx/e11fc429b2_29540ef11ec3fc04ba1bca353f5140559c4b03e76516c7a7__vs__0f6e71381a_7057d180ffd30c96a71aa95e32993d39bf2e59a1eff850b7_redline_b461d6f797.docx,with_comments_tracking/pdf/e11fc429b2_29540ef11ec3fc04ba1bca353f5140559c4b03e76516c7a7__vs__0f6e71381a_7057d180ffd30c96a71aa95e32993d39bf2e59a1eff850b7_redline_b461d6f797.pdf,with_comments_tracking,b461d6f797,redlines_en_500
e1201c51d4_italic_subscript_demo_style_default_missing__vs__3fc14675e5_italic_text_formatting_demo_id_paraid_overflow_2_redline_ef075ffb0b,clean/docx/e1201c51d4_italic_subscript_demo_style_default_missing,clean/docx/3fc14675e5_italic_text_formatting_demo_id_paraid_overflow_2,tracking_without_comments/docx/e1201c51d4_italic_subscript_demo_style_default_missing__vs__3fc14675e5_italic_text_formatting_demo_id_paraid_overflow_2_redline_ef075ffb0b.docx,tracking_without_comments/pdf/e1201c51d4_italic_subscript_demo_style_default_missing__vs__3fc14675e5_italic_text_formatting_demo_id_paraid_overflow_2_redline_ef075ffb0b.pdf,tracking_without_comments,ef075ffb0b,word_based
e1736e61c5_italic_underline_combined_demo_id_paraid_overflo__vs__516ae5b317_justified_underline_demo_id_paraid_overflow_redline_0a5a39916e,clean/docx/e1736e61c5_italic_underline_combined_demo_id_paraid_overflo,clean/docx/516ae5b317_justified_underline_demo_id_paraid_overflow,tracking_without_comments/docx/e1736e61c5_italic_underline_combined_demo_id_paraid_overflo__vs__516ae5b317_justified_underline_demo_id_paraid_overflow_redline_0a5a39916e.docx,tracking_without_comments/pdf/e1736e61c5_italic_underline_combined_demo_id_paraid_overflo__vs__516ae5b317_justified_underline_demo_id_paraid_overflow_redline_0a5a39916e.pdf,tracking_without_comments,0a5a39916e,word_based
e1f631e28a_green_highlight_demo_id_paraid_overflow__vs__d7c6d7eb36_green_underline_bullet_list_id_paraid_overflow_redline_407acd7ea1,clean/docx/e1f631e28a_green_highlight_demo_id_paraid_overflow,clean/docx/d7c6d7eb36_green_underline_bullet_list_id_paraid_overflow,tracking_without_comments/docx/e1f631e28a_green_highlight_demo_id_paraid_overflow__vs__d7c6d7eb36_green_underline_bullet_list_id_paraid_overflow_redline_407acd7ea1.docx,tracking_without_comments/pdf/e1f631e28a_green_highlight_demo_id_paraid_overflow__vs__d7c6d7eb36_green_underline_bullet_list_id_paraid_overflow_redline_407acd7ea1.pdf,tracking_without_comments,407acd7ea1,word_based_0926
e355cec096_small_font_size_demo_id_paraid_overflow__vs__60697d46b7_strict01_redline_0cd32d67b2,clean/docx/e355cec096_small_font_size_demo_id_paraid_overflow,with_comments_tracking/docx/60697d46b7_strict01,with_comments_tracking/docx/e355cec096_small_font_size_demo_id_paraid_overflow__vs__60697d46b7_strict01_redline_0cd32d67b2.docx,with_comments_tracking/pdf/e355cec096_small_font_size_demo_id_paraid_overflow__vs__60697d46b7_strict01_redline_0cd32d67b2.pdf,with_comments_tracking,0cd32d67b2,word_based;fixtures_word_compares;pdf_fill_0928
e615c89269_inventory_list_suggesting_deletions__vs__8e5efb0d0b_inventory_list_suggesting_mixed_edits_redline_137d46157c,tracking_without_comments/docx/e615c89269_inventory_list_suggesting_deletions,tracking_without_comments/docx/8e5efb0d0b_inventory_list_suggesting_mixed_edits,tracking_without_comments/docx/e615c89269_inventory_list_suggesting_deletions__vs__8e5efb0d0b_inventory_list_suggesting_mixed_edits_redline_137d46157c.docx,tracking_without_comments/pdf/e615c89269_inventory_list_suggesting_deletions__vs__8e5efb0d0b_inventory_list_suggesting_mixed_edits_redline_137d46157c.pdf,tracking_without_comments,137d46157c,word_based;fixtures_word_compares
ee91b9e453_9385adbfd34ee40a4bd2429d7385293b31a127fc9e9208d1__vs__409867707c_61a16c9bdc534801a19fcf808fdddd50a7cd74d1efd6113e_redline_9f2ce6d6bb,clean/docx/ee91b9e453_9385adbfd34ee40a4bd2429d7385293b31a127fc9e9208d1,with_comments_clean/docx/409867707c_61a16c9bdc534801a19fcf808fdddd50a7cd74d1efd6113e,with_comments_tracking/docx/ee91b9e453_9385adbfd34ee40a4bd2429d7385293b31a127fc9e9208d1__vs__409867707c_61a16c9bdc534801a19fcf808fdddd50a7cd74d1efd6113e_redline_9f2ce6d6bb.docx,with_comments_tracking/pdf/ee91b9e453_9385adbfd34ee40a4bd2429d7385293b31a127fc9e9208d1__vs__409867707c_61a16c9bdc534801a19fcf808fdddd50a7cd74d1efd6113e_redline_9f2ce6d6bb.pdf,with_comments_tracking,9f2ce6d6bb,redlines_en_500
f43929f70c_verdana_bold_large_font_id_paraid_overflow__vs__ac4b41aa8e_verdana_font_demo_id_paraid_overflow_redline_ab1fd1e5f3,clean/docx/f43929f70c_verdana_bold_large_font_id_paraid_overflow,clean/docx/ac4b41aa8e_verdana_font_demo_id_paraid_overflow,with_comments_tracking/docx/f43929f70c_verdana_bold_large_font_id_paraid_overflow__vs__ac4b41aa8e_verdana_font_demo_id_paraid_overflow_redline_ab1fd1e5f3.docx,with_comments_tracking/pdf/f43929f70c_verdana_bold_large_font_id_paraid_overflow__vs__ac4b41aa8e_verdana_font_demo_id_paraid_overflow_redline_ab1fd1e5f3.pdf,with_comments_tracking,ab1fd1e5f3,word_based
f7d8cdf9a9_product_roadmap_2026_suggesting_insertions__vs__93db7f65b3_project_plan_suggesting_insertions_redline_61d6a6f326,tracking_without_comments/docx/f7d8cdf9a9_product_roadmap_2026_suggesting_insertions,tracking_without_comments/docx/93db7f65b3_project_plan_suggesting_insertions,tracking_without_comments/docx/f7d8cdf9a9_product_roadmap_2026_suggesting_insertions__vs__93db7f65b3_project_plan_suggesting_insertions_redline_61d6a6f326.docx,tracking_without_comments/pdf/f7d8cdf9a9_product_roadmap_2026_suggesting_insertions__vs__93db7f65b3_project_plan_suggesting_insertions_redline_61d6a6f326.pdf,tracking_without_comments,61d6a6f326,word_based;fixtures_word_compares
f84571f3fc_bold_text_formatting_demo_id_paraid_overflow_2__vs__fdabb735ad_bold_text_formatting_demo_id_paraid_overflow_redline_fd025c2029,clean/docx/f84571f3fc_bold_text_formatting_demo_id_paraid_overflow_2,clean/docx/fdabb735ad_bold_text_formatting_demo_id_paraid_overflow,tracking_without_comments/docx/f84571f3fc_bold_text_formatting_demo_id_paraid_overflow_2__vs__fdabb735ad_bold_text_formatting_demo_id_paraid_overflow_redline_fd025c2029.docx,tracking_without_comments/pdf/f84571f3fc_bold_text_formatting_demo_id_paraid_overflow_2__vs__fdabb735ad_bold_text_formatting_demo_id_paraid_overflow_redline_fd025c2029.pdf,tracking_without_comments,fd025c2029,fixtures_word_compares;pdf_fill_0928
fa4d5010d8_layout_engine__basic_vector_shapes_e5f0ef49__vs__ad43500302_super_editor__list_numbering_reimport_d788d573_redline_9d682fe39d,clean/docx/fa4d5010d8_layout_engine__basic_vector_shapes_e5f0ef49,clean/docx/ad43500302_super_editor__list_numbering_reimport_d788d573,tracking_without_comments/docx/fa4d5010d8_layout_engine__basic_vector_shapes_e5f0ef49__vs__ad43500302_super_editor__list_numbering_reimport_d788d573_redline_9d682fe39d.docx,tracking_without_comments/pdf/fa4d5010d8_layout_engine__basic_vector_shapes_e5f0ef49__vs__ad43500302_super_editor__list_numbering_reimport_d788d573_redline_9d682fe39d.pdf,tracking_without_comments,9d682fe39d,word_redlines_superdoc
fdb2976d19_01415d08f6d1a428e6949533adcd6249cf25676d98d0b78c__vs__bd3824dd1e_000ee64ef7226d353297888f59a251e24ce5d776fea000fa_redline_f78b44f607,clean/docx/fdb2976d19_01415d08f6d1a428e6949533adcd6249cf25676d98d0b78c,clean/docx/bd3824dd1e_000ee64ef7226d353297888f59a251e24ce5d776fea000fa,tracking_without_comments/docx/fdb2976d19_01415d08f6d1a428e6949533adcd6249cf25676d98d0b78c__vs__bd3824dd1e_000ee64ef7226d353297888f59a251e24ce5d776fea000fa_redline_f78b44f607.docx,tracking_without_comments/pdf/fdb2976d19_01415d08f6d1a428e6949533adcd6249cf25676d98d0b78c__vs__bd3824dd1e_000ee64ef7226d353297888f59a251e24ce5d776fea000fa_redline_f78b44f607.pdf,tracking_without_comments,f78b44f607,redlines_a100_b10
