key,id,state,sets,oracle,oracle_pdf,oracle_sha256,candidate_pdf,candidate_sha256
50d8be9682_file_190__vs__e9d5410452_file_191_redline_01f3deda92,01f3deda92,with_comments_tracking,word_based_randomized_0926,fresh,/Users/arthrod/temp/T/compare_regen/out/01f3deda92__vs__01f3deda92.pdf,8f5b94ab1ecc6acc8ac63ac619abfed1a32445ea7be5438b2d90043694b5bd2a,/Users/arthrod/temp/T/neurotic_docx_bench/results/redlines_0929_full/docxodus/pdf_by_word/50d8be9682_file_190__vs__e9d5410452_file_191_redline_01f3deda92_docxodus.pdf,fd48c06672902b0f3d2bd53be1bb326b3d90ea65c8643f97fae9fa7d6e6de1c3
26ce1d6300_super_editor__diff_after5_9fb9d5b4__vs__b389f55091_super_editor__comment_23ee5ec1_redline_01fa32ec8b,01fa32ec8b,with_comments_tracking,word_redlines_superdoc,fresh,/Users/arthrod/temp/T/compare_regen/out/01fa32ec8b__vs__01fa32ec8b.pdf,55f56ad66350b932039c4fe7452341c3f2cef3888520ab6556ab4cea070bc2ba,/Users/arthrod/temp/T/neurotic_docx_bench/results/redlines_0929_full/docxodus/pdf_by_word/26ce1d6300_super_editor__diff_after5_9fb9d5b4__vs__b389f55091_super_editor__comment_23ee5ec1_redline_01fa32ec8b_docxodus.pdf,fd5299ff42956e16960e47e2ca2325ce12e80e7fcbb035fd491ef0c30e3a8acd
2bd5ae6064_file_13__vs__836d7aa3c4_file_14_redline_01ffe97a5e,01ffe97a5e,with_comments_tracking,word_based_randomized_0926,fresh,/Users/arthrod/temp/T/compare_regen/out/01ffe97a5e__vs__01ffe97a5e.pdf,907161b13da56dfbbb7ea97ee51ee397014da909afa67ae09e7c13fe242144fc,/Users/arthrod/temp/T/neurotic_docx_bench/results/redlines_0929_full/docxodus/pdf_by_word/2bd5ae6064_file_13__vs__836d7aa3c4_file_14_redline_01ffe97a5e_docxodus.pdf,a03d124758e2fea2706333f9d068180e040e8213cdcb07516992d99fa943fba0
b126641535_file_46__vs__3b5c01bae4_file_47_redline_0244dddfe6,0244dddfe6,tracking_without_comments,word_based_randomized,corpus,/Users/arthrod/temp/T/neurotic_docx_bench/corpus/word/tracking_without_comments/pdf/b126641535_file_46__vs__3b5c01bae4_file_47_redline_0244dddfe6.pdf,6d7c624a0c52156ab113e6536f3c1be29cf7eb2fb1f90075b376d4c19283a106,/Users/arthrod/temp/T/neurotic_docx_bench/results/redlines_0929_full/docxodus/pdf_by_word/b126641535_file_46__vs__3b5c01bae4_file_47_redline_0244dddfe6_docxodus.pdf,46469c7ccdcd7694a5f27730e15fd0724eddd982c06d27caace4513b8039f749
0800162a66_000799b53487acb327ccf0c0ab87fb14b9e8636346719296__vs__a5f2b9318d_002aa60c2ae1187417b4b157c5ec6450324cc056ec551a12_redline_02514c26c3,02514c26c3,tracking_without_comments,redlines_a100_b10,corpus,/Users/arthrod/temp/T/neurotic_docx_bench/corpus/word/tracking_without_comments/pdf/0800162a66_000799b53487acb327ccf0c0ab87fb14b9e8636346719296__vs__a5f2b9318d_002aa60c2ae1187417b4b157c5ec6450324cc056ec551a12_redline_02514c26c3.pdf,2ebd361c07f8d60b2a0d9f73bea347e2d7ff4e37bbc0d4efd309859b9408f1d1,/Users/arthrod/temp/T/neurotic_docx_bench/results/redlines_0929_full/docxodus/pdf_by_word/0800162a66_000799b53487acb327ccf0c0ab87fb14b9e8636346719296__vs__a5f2b9318d_002aa60c2ae1187417b4b157c5ec6450324cc056ec551a12_redline_02514c26c3_docxodus.pdf,d34eb3c248542f03eac20b99ddb1d2baecfabd0b037b1b954853fe992de2757b
6fffde4ae2_000bf66110e841e1d2c2e862fc7db869b8d410586ad12d0d__vs__2e04202552_000e3e7bd2d6215fc7b469cc3e296c1b2a510bc1abc7e0fd_redline_03b751f3db,03b751f3db,tracking_without_comments,redlines_a100_b10,corpus,/Users/arthrod/temp/T/neurotic_docx_bench/corpus/word/tracking_without_comments/pdf/6fffde4ae2_000bf66110e841e1d2c2e862fc7db869b8d410586ad12d0d__vs__2e04202552_000e3e7bd2d6215fc7b469cc3e296c1b2a510bc1abc7e0fd_redline_03b751f3db.pdf,12bb1f9bd1081e2ccc9425560f4fa7473948eb7d32bec38b308649b01e02fb3d,/Users/arthrod/temp/T/neurotic_docx_bench/results/redlines_0929_full/docxodus/pdf_by_word/6fffde4ae2_000bf66110e841e1d2c2e862fc7db869b8d410586ad12d0d__vs__2e04202552_000e3e7bd2d6215fc7b469cc3e296c1b2a510bc1abc7e0fd_redline_03b751f3db_docxodus.pdf,4281839afd40d8266e3fb8d8a9cba1cdce73c167a00ac66c7e45be2efb645de5
bfe4f398a3_c26f848848239cecb923377bfd35476bb054a42ff93cef74__vs__65c088a664_a9e49146f324b0b21c2f41ba8db3de01d69da8b6caf8232b_redline_047597cb13,047597cb13,tracking_without_comments,redlines_en_500,corpus,/Users/arthrod/temp/T/neurotic_docx_bench/corpus/word/tracking_without_comments/pdf/bfe4f398a3_c26f848848239cecb923377bfd35476bb054a42ff93cef74__vs__65c088a664_a9e49146f324b0b21c2f41ba8db3de01d69da8b6caf8232b_redline_047597cb13.pdf,32f644e36672b3166c8ee96f9f97e2c004566c990f6d1344aa73cc34c1ecb4ae,/Users/arthrod/temp/T/neurotic_docx_bench/results/redlines_0929_full/docxodus/pdf_by_word/bfe4f398a3_c26f848848239cecb923377bfd35476bb054a42ff93cef74__vs__65c088a664_a9e49146f324b0b21c2f41ba8db3de01d69da8b6caf8232b_redline_047597cb13_docxodus.pdf,d6dca2c45d5f602b7a0a63bdcb98ef68bffa1f60c33c5830451f55350d957701
6c3b9cb467_file_111__vs__61bf578c91_file_112_redline_04eed658ca,04eed658ca,tracking_without_comments,nocomments_randomized,corpus,/Users/arthrod/temp/T/neurotic_docx_bench/corpus/word/tracking_without_comments/pdf/6c3b9cb467_file_111__vs__61bf578c91_file_112_redline_04eed658ca.pdf,1abb1a5cc73634c0a30927a32cae5d170840ac6049dcbda2a5f070563d5e6250,/Users/arthrod/temp/T/neurotic_docx_bench/results/redlines_0929_full/docxodus/pdf_by_word/6c3b9cb467_file_111__vs__61bf578c91_file_112_redline_04eed658ca_docxodus.pdf,cd45a46c50a25fc091066f4416e3aac4952ab2857e9dbe92d6272daa348e0fbb
8e672e0a48_super_editor__complex_list_def_short_export_8fa1__vs__7c87c9cd93_super_editor__complex_list_def_short_fde20a67_redline_05b2ec721b,05b2ec721b,tracking_without_comments,word_redlines_superdoc_0926,corpus,/Users/arthrod/temp/T/neurotic_docx_bench/corpus/word/tracking_without_comments/pdf/8e672e0a48_super_editor__complex_list_def_short_export_8fa1__vs__7c87c9cd93_super_editor__complex_list_def_short_fde20a67_redline_05b2ec721b.pdf,668eb919cfb149d7f811c17077a8f0b4ab97f02170ea57404d730dfaa9780229,/Users/arthrod/temp/T/neurotic_docx_bench/results/redlines_0929_full/docxodus/pdf_by_word/8e672e0a48_super_editor__complex_list_def_short_export_8fa1__vs__7c87c9cd93_super_editor__complex_list_def_short_fde20a67_redline_05b2ec721b_docxodus.pdf,e3515afa4916f5705c877fe9e7fa4128747dca8f5233cb0140c884dcca6c5528
902a69f0e4_super_editor__line_space_table_9b1ee54b__vs__5e5fa9b5fb_super_editor__list_def_mix_d7cec092_redline_062340d04a,062340d04a,tracking_without_comments,word_redlines_superdoc_0926,corpus,/Users/arthrod/temp/T/neurotic_docx_bench/corpus/word/tracking_without_comments/pdf/902a69f0e4_super_editor__line_space_table_9b1ee54b__vs__5e5fa9b5fb_super_editor__list_def_mix_d7cec092_redline_062340d04a.pdf,0d1c2b8657a1469d15f5a327ff8408bf3982b7da5a2815a1cbecdb03ce5636fc,/Users/arthrod/temp/T/neurotic_docx_bench/results/redlines_0929_full/docxodus/pdf_by_word/902a69f0e4_super_editor__line_space_table_9b1ee54b__vs__5e5fa9b5fb_super_editor__list_def_mix_d7cec092_redline_062340d04a_docxodus.pdf,95791e7c206f9476892d47284852f3b5a102cf368159ef43e831850501c428fd
a05bc8ec1e_6a5a823e4b6c60f55c050bed1862157fdf0f6f0b5fe13270__vs__be78c8a0fa_1be4351e1649f465bb69547fd96d875eae05a5136b1a65e5_redline_0633bf5b61,0633bf5b61,tracking_without_comments,redlines_en_500,corpus,/Users/arthrod/temp/T/neurotic_docx_bench/corpus/word/tracking_without_comments/pdf/a05bc8ec1e_6a5a823e4b6c60f55c050bed1862157fdf0f6f0b5fe13270__vs__be78c8a0fa_1be4351e1649f465bb69547fd96d875eae05a5136b1a65e5_redline_0633bf5b61.pdf,ae08766b2167e27ff5161131df971ebf03c4f9fc7d928c82313e6f78f4f6f338,/Users/arthrod/temp/T/neurotic_docx_bench/results/redlines_0929_full/docxodus/pdf_by_word/a05bc8ec1e_6a5a823e4b6c60f55c050bed1862157fdf0f6f0b5fe13270__vs__be78c8a0fa_1be4351e1649f465bb69547fd96d875eae05a5136b1a65e5_redline_0633bf5b61_docxodus.pdf,557e08a25d7be8d345acad3b79a4e22f78b0afabaa764884771a8999b514e14a
852426b54e_file_194__vs__08147dee09_file_195_redline_077e0aba23,077e0aba23,tracking_without_comments,word_based_randomized,corpus,/Users/arthrod/temp/T/neurotic_docx_bench/corpus/word/tracking_without_comments/pdf/852426b54e_file_194__vs__08147dee09_file_195_redline_077e0aba23.pdf,136940e6612554a42f8aa6baf125b724551d3e8df359566303642ec539347897,/Users/arthrod/temp/T/neurotic_docx_bench/results/redlines_0929_full/docxodus/pdf_by_word/852426b54e_file_194__vs__08147dee09_file_195_redline_077e0aba23_docxodus.pdf,d33ab3179d110211b625db2b509800d64518bff3a8d83ef21e2a583023956859
18d1a4ad46_super_editor__sd_2534_collab_export_f3c7fdf7__vs__52dab5bc1c_super_editor__sdt_node_comment_ec887683_redline_07ab69d450,07ab69d450,with_comments_tracking,word_redlines_superdoc,fresh,/Users/arthrod/temp/T/compare_regen/out/07ab69d450__vs__07ab69d450.pdf,8364149d144df22d94ef02c60ba2725ba04bc1eba3f2bd443a2c9146cf130f96,/Users/arthrod/temp/T/neurotic_docx_bench/results/redlines_0929_full/docxodus/pdf_by_word/18d1a4ad46_super_editor__sd_2534_collab_export_f3c7fdf7__vs__52dab5bc1c_super_editor__sdt_node_comment_ec887683_redline_07ab69d450_docxodus.pdf,f7ef3ee4c04a1a484d3080ccdd72abd2a2f5699f897993d0db381cc8a5be783c
2b6c7be6bd_super_editor__nested_comments_84f214bb__vs__671ff91b1d_behavior__sd_2750_borderbox_7cd3768d_redline_0858ee25d5,0858ee25d5,with_comments_tracking,word_redlines_superdoc,fresh,/Users/arthrod/temp/T/compare_regen/out/0858ee25d5__vs__0858ee25d5.pdf,42cafc140003506138fa731b8f54e9bde80ac51002ce1e13136bff633faff4a9,/Users/arthrod/temp/T/neurotic_docx_bench/results/redlines_0929_full/docxodus/pdf_by_word/2b6c7be6bd_super_editor__nested_comments_84f214bb__vs__671ff91b1d_behavior__sd_2750_borderbox_7cd3768d_redline_0858ee25d5_docxodus.pdf,cd1b6db8203d2e50ffa99e1b7f9ffe79bca98c7333e88655779074e986da6bf3
30e84496e2_bullet_list_bold_demo_id_paraid_overflow__vs__9d3fa84f9f_bullet_list_demo_id_paraid_overflow_redline_086970eb1e,086970eb1e,tracking_without_comments,word_based_0926,corpus,/Users/arthrod/temp/T/neurotic_docx_bench/corpus/word/tracking_without_comments/pdf/30e84496e2_bullet_list_bold_demo_id_paraid_overflow__vs__9d3fa84f9f_bullet_list_demo_id_paraid_overflow_redline_086970eb1e.pdf,b715796296cdbe974a3e496ce28b26d955e1f5d2f90b46f7ceabe056bd1509fe,/Users/arthrod/temp/T/neurotic_docx_bench/results/redlines_0929_full/docxodus/pdf_by_word/30e84496e2_bullet_list_bold_demo_id_paraid_overflow__vs__9d3fa84f9f_bullet_list_demo_id_paraid_overflow_redline_086970eb1e_docxodus.pdf,0d3ebe09f80b071ee0d4f5a6e8d505ecdad0b28ac5a42b090f5f5c55d2e595c7
70cf8f3c79_e3c8a85254388c86c63b168abf32fb2f2e019ae272f5b15a__vs__528b7e6689_e153d9d96bf2c9b3edd77009c97807142b0f6beec7d200b6_redline_089f8d0f89,089f8d0f89,tracking_without_comments,redlines_en_500,corpus,/Users/arthrod/temp/T/neurotic_docx_bench/corpus/word/tracking_without_comments/pdf/70cf8f3c79_e3c8a85254388c86c63b168abf32fb2f2e019ae272f5b15a__vs__528b7e6689_e153d9d96bf2c9b3edd77009c97807142b0f6beec7d200b6_redline_089f8d0f89.pdf,2f12a0e7d743ccaf3f9494a05fadfde9ddd8095df20519ea8a38f89a79ce4177,/Users/arthrod/temp/T/neurotic_docx_bench/results/redlines_0929_full/docxodus/pdf_by_word/70cf8f3c79_e3c8a85254388c86c63b168abf32fb2f2e019ae272f5b15a__vs__528b7e6689_e153d9d96bf2c9b3edd77009c97807142b0f6beec7d200b6_redline_089f8d0f89_docxodus.pdf,3240ae6b74bed6abd7c92a7b0a0799b09248cefe31e70ce662f8284715b4c28e
ced58cbf54_super_editor__sd_1494_table_left_indent_03277d35__vs__84f5fb598b_super_editor__diff_before11_1b953eaf_redline_08f3c75cf7,08f3c75cf7,with_comments_tracking,word_redlines_superdoc,fresh,/Users/arthrod/temp/T/compare_regen/out/08f3c75cf7__vs__08f3c75cf7.pdf,152c5a57c77849c8a4ca551b91e9f60707652877eed96bcb0694502553423ae8,/Users/arthrod/temp/T/neurotic_docx_bench/results/redlines_0929_full/docxodus/pdf_by_word/ced58cbf54_super_editor__sd_1494_table_left_indent_03277d35__vs__84f5fb598b_super_editor__diff_before11_1b953eaf_redline_08f3c75cf7_docxodus.pdf,d2f179bd68af0f4ec9d0eb7a8e7f79fdc088516c09e78b6903f28557ee39bbcf
82b6024490_eba09f901ffae6c9a565fe0d013e73c75ca8391ebf9af116__vs__ea63b1e6ab_08648d2f8645b144ab3a2701f5f63a1b7b60d23e9bc651bb_redline_09ae9605c6,09ae9605c6,tracking_without_comments,redlines_en_500,corpus,/Users/arthrod/temp/T/neurotic_docx_bench/corpus/word/tracking_without_comments/pdf/82b6024490_eba09f901ffae6c9a565fe0d013e73c75ca8391ebf9af116__vs__ea63b1e6ab_08648d2f8645b144ab3a2701f5f63a1b7b60d23e9bc651bb_redline_09ae9605c6.pdf,23bae7f679397b9e5ee297a929872642d680e894ba6809995a7b01d5007016b7,/Users/arthrod/temp/T/neurotic_docx_bench/results/redlines_0929_full/docxodus/pdf_by_word/82b6024490_eba09f901ffae6c9a565fe0d013e73c75ca8391ebf9af116__vs__ea63b1e6ab_08648d2f8645b144ab3a2701f5f63a1b7b60d23e9bc651bb_redline_09ae9605c6_docxodus.pdf,9afd6f5c987fc08fe96d24470f62e1304227c851d75ab60f4aaaaef08fef7cd8
0e1d01ec7d_super_editor__doc_with_graphs_diagrams_rotated_e__vs__8a553b35e4_super_editor__doc_with_spaces_from_styles_734ca2_redline_0a3919850c,0a3919850c,tracking_without_comments,word_redlines_superdoc,corpus,/Users/arthrod/temp/T/neurotic_docx_bench/corpus/word/tracking_without_comments/pdf/0e1d01ec7d_super_editor__doc_with_graphs_diagrams_rotated_e__vs__8a553b35e4_super_editor__doc_with_spaces_from_styles_734ca2_redline_0a3919850c.pdf,594e6362b1a03a7a9aadece2cbedc8b7e71f99ecc2e17239caee3ed739222ab8,/Users/arthrod/temp/T/neurotic_docx_bench/results/redlines_0929_full/docxodus/pdf_by_word/0e1d01ec7d_super_editor__doc_with_graphs_diagrams_rotated_e__vs__8a553b35e4_super_editor__doc_with_spaces_from_styles_734ca2_redline_0a3919850c_docxodus.pdf,0642418fe8b09919fa8fe27804b908d39b1d75b169e143433d61c98f72f6fe39
6b0acda259_file_73__vs__bd768e6c17_file_74_redline_0aa74e0de4,0aa74e0de4,with_comments_tracking,word_based_randomized_0926,fresh,/Users/arthrod/temp/T/compare_regen/out/0aa74e0de4__vs__0aa74e0de4.pdf,26a1938ca65e7985567e92ba0e1a57bb756bcdb15b4f1c3ec9904e0b22e754e9,/Users/arthrod/temp/T/neurotic_docx_bench/results/redlines_0929_full/docxodus/pdf_by_word/6b0acda259_file_73__vs__bd768e6c17_file_74_redline_0aa74e0de4_docxodus.pdf,3a2eb209110a5be8325fa4fb09ea87e3735ea50cfb846c634ea86f657b60cf89
8c79860f8d_file_75__vs__d87d0dd9a8_file_76_redline_0ba672f125,0ba672f125,tracking_without_comments,word_based_randomized,corpus,/Users/arthrod/temp/T/neurotic_docx_bench/corpus/word/tracking_without_comments/pdf/8c79860f8d_file_75__vs__d87d0dd9a8_file_76_redline_0ba672f125.pdf,c9207c35ffffbe139cb94333293d9b8284eb3dcb08df27d86a8e8036812e1fb4,/Users/arthrod/temp/T/neurotic_docx_bench/results/redlines_0929_full/docxodus/pdf_by_word/8c79860f8d_file_75__vs__d87d0dd9a8_file_76_redline_0ba672f125_docxodus.pdf,c8258c00f30ed68d91d422b89b3fdf062cc4893f0da0931451d9fffc4a2ab8ba
91b2b8bb84_file_71__vs__a9f3a3c647_file_72_redline_0becba7c16,0becba7c16,tracking_without_comments,word_based_randomized_0926,corpus,/Users/arthrod/temp/T/neurotic_docx_bench/corpus/word/tracking_without_comments/pdf/91b2b8bb84_file_71__vs__a9f3a3c647_file_72_redline_0becba7c16.pdf,e5f322a0ab49f36700237ffdb9fce6461e8223ec1622a04500ddc8be6b6d33ec,/Users/arthrod/temp/T/neurotic_docx_bench/results/redlines_0929_full/docxodus/pdf_by_word/91b2b8bb84_file_71__vs__a9f3a3c647_file_72_redline_0becba7c16_docxodus.pdf,473c2f538019d36c44492980995992a19a9d96a063ebdf9eb7c0745c3cbbb93b
99de296dd9_d750f6832de5fbe3c2768cf0c77499282cd00aec6f32de44__vs__04eed6fc4e_e08b0400d03db8bedddf7081144e66822f032e841429f60c_redline_0cc9882662,0cc9882662,tracking_without_comments,redlines_en_500,corpus,/Users/arthrod/temp/T/neurotic_docx_bench/corpus/word/tracking_without_comments/pdf/99de296dd9_d750f6832de5fbe3c2768cf0c77499282cd00aec6f32de44__vs__04eed6fc4e_e08b0400d03db8bedddf7081144e66822f032e841429f60c_redline_0cc9882662.pdf,cc1eea2b6a84375925fe242c5f1ae1c04aa6558dfb06868a50a28bdb91250752,/Users/arthrod/temp/T/neurotic_docx_bench/results/redlines_0929_full/docxodus/pdf_by_word/99de296dd9_d750f6832de5fbe3c2768cf0c77499282cd00aec6f32de44__vs__04eed6fc4e_e08b0400d03db8bedddf7081144e66822f032e841429f60c_redline_0cc9882662_docxodus.pdf,8f2a94ec48aba3dd2a9a2f1df64b823a7bd9d3a2012cfb5ce292087894a40d1c
ab859711f4_super_editor__custom_list_numbering1_7eb9fda4__vs__4858c9853b_behavior__multi_image_types_b962a2b8_redline_0d2106d9b2,0d2106d9b2,tracking_without_comments,word_redlines_superdoc_0926,corpus,/Users/arthrod/temp/T/neurotic_docx_bench/corpus/word/tracking_without_comments/pdf/ab859711f4_super_editor__custom_list_numbering1_7eb9fda4__vs__4858c9853b_behavior__multi_image_types_b962a2b8_redline_0d2106d9b2.pdf,81a48d9a85c447528e45c446493bba887d3a4ace523a91bfbb8330ced8fdbbfa,/Users/arthrod/temp/T/neurotic_docx_bench/results/redlines_0929_full/docxodus/pdf_by_word/ab859711f4_super_editor__custom_list_numbering1_7eb9fda4__vs__4858c9853b_behavior__multi_image_types_b962a2b8_redline_0d2106d9b2_docxodus.pdf,19214f1851a5577373d63a2a49f175adca59fd795504f3b64b5b0ab06ff31c4a
563331c6f3_super_editor__broken_complex_list_293fda86__vs__cdf27ad0d3_behavior__sd_2672_nested_table_dfac08bb_redline_0d79b0b2ed,0d79b0b2ed,tracking_without_comments,word_redlines_superdoc,corpus,/Users/arthrod/temp/T/neurotic_docx_bench/corpus/word/tracking_without_comments/pdf/563331c6f3_super_editor__broken_complex_list_293fda86__vs__cdf27ad0d3_behavior__sd_2672_nested_table_dfac08bb_redline_0d79b0b2ed.pdf,8768e600ed68499b4475104948254d48e55145c8ad85284cd20da68e1e4fa2f2,/Users/arthrod/temp/T/neurotic_docx_bench/results/redlines_0929_full/docxodus/pdf_by_word/563331c6f3_super_editor__broken_complex_list_293fda86__vs__cdf27ad0d3_behavior__sd_2672_nested_table_dfac08bb_redline_0d79b0b2ed_docxodus.pdf,2549c07fd3ef91be6750efb06dc9641644537a8a106678cec43f7e18c5f40c3d
9ea920c636_710d9d68ef90cbd901510c07ae7fed61173f872e9dbea061__vs__0acde9d23e_50be95cde73c1d9b994d6c75c6d2f67f7b4c6cdf0e13ba30_redline_0e7956b306,0e7956b306,tracking_without_comments,redlines_en_500,corpus,/Users/arthrod/temp/T/neurotic_docx_bench/corpus/word/tracking_without_comments/pdf/9ea920c636_710d9d68ef90cbd901510c07ae7fed61173f872e9dbea061__vs__0acde9d23e_50be95cde73c1d9b994d6c75c6d2f67f7b4c6cdf0e13ba30_redline_0e7956b306.pdf,d32736c39eba7263ed1fd9071d1005e64dc8eb205325294d429b5eebdade8b27,/Users/arthrod/temp/T/neurotic_docx_bench/results/redlines_0929_full/docxodus/pdf_by_word/9ea920c636_710d9d68ef90cbd901510c07ae7fed61173f872e9dbea061__vs__0acde9d23e_50be95cde73c1d9b994d6c75c6d2f67f7b4c6cdf0e13ba30_redline_0e7956b306_docxodus.pdf,d8a4a9cc2654ec0b33f51a6a1f21fc829c17e5453c23574d6ad17bd0a0bd544f
6b2515b2e1_c0be5f1c808dfc28139ea2d7bbf34d3bf7e15237a63f7474__vs__3fe23ce412_a5b49e91304cf881ab4b07cd810e62ed6f68ac9c0d529815_redline_0e9c762eba,0e9c762eba,tracking_without_comments,redlines_en_500,corpus,/Users/arthrod/temp/T/neurotic_docx_bench/corpus/word/tracking_without_comments/pdf/6b2515b2e1_c0be5f1c808dfc28139ea2d7bbf34d3bf7e15237a63f7474__vs__3fe23ce412_a5b49e91304cf881ab4b07cd810e62ed6f68ac9c0d529815_redline_0e9c762eba.pdf,f3e0253349f6ec5fb02225a2b8e17cf8394002787f790cdf072e6b4536a42853,/Users/arthrod/temp/T/neurotic_docx_bench/results/redlines_0929_full/docxodus/pdf_by_word/6b2515b2e1_c0be5f1c808dfc28139ea2d7bbf34d3bf7e15237a63f7474__vs__3fe23ce412_a5b49e91304cf881ab4b07cd810e62ed6f68ac9c0d529815_redline_0e9c762eba_docxodus.pdf,68e99045492ddffbdc7f3097370f14ea9b23c9addb7586bb649159128918104b
668fe0a735_super_editor__ooxml_bold_vals_demo_9e688d8f__vs__e70f1134dd_super_editor__diff_before8_ba5faa9e_redline_1032d784bc,1032d784bc,with_comments_tracking,word_redlines_superdoc_0926,fresh,/Users/arthrod/temp/T/compare_regen/out/1032d784bc__vs__1032d784bc.pdf,50ce28461ffdd72c5c49555dc45b862618aab00182ec61e72d289e8725d09fb3,/Users/arthrod/temp/T/neurotic_docx_bench/results/redlines_0929_full/docxodus/pdf_by_word/668fe0a735_super_editor__ooxml_bold_vals_demo_9e688d8f__vs__e70f1134dd_super_editor__diff_before8_ba5faa9e_redline_1032d784bc_docxodus.pdf,ab629591238bb6896792e3daa5797bab3f1ea4aa42c63f7ae3a0c89d9f16a647
830eb0f0a2_file_169__vs__bc85714262_file_170_redline_10358095a4,10358095a4,with_comments_tracking,word_based_randomized_0926,fresh,/Users/arthrod/temp/T/compare_regen/out/10358095a4__vs__10358095a4.pdf,fb6ed360c84c9ecaac0829da018b2e2a99859037a0ed1b6213aa2ca23ad6e0c0,/Users/arthrod/temp/T/neurotic_docx_bench/results/redlines_0929_full/docxodus/pdf_by_word/830eb0f0a2_file_169__vs__bc85714262_file_170_redline_10358095a4_docxodus.pdf,619f60e2b1971245703a269feb3ce13daf0d2895d57f7e0508a2a74b107513d7
b389f55091_super_editor__comment_23ee5ec1__vs__ea7427b18a_super_editor__complex_list_def_issue_326369f9_redline_108332354e,108332354e,with_comments_tracking,word_redlines_superdoc,fresh,/Users/arthrod/temp/T/compare_regen/out/108332354e__vs__108332354e.pdf,13dd8becac7284a7628251d587899508e26c17932c7b741c27a95973aed1319a,/Users/arthrod/temp/T/neurotic_docx_bench/results/redlines_0929_full/docxodus/pdf_by_word/b389f55091_super_editor__comment_23ee5ec1__vs__ea7427b18a_super_editor__complex_list_def_issue_326369f9_redline_108332354e_docxodus.pdf,a609b682ae462a698dc4cdc7f84e06e191eae1b9eaf43f321a4d4f37acdcc630
f6e1c253ff_super_editor__diff_before9_9818a85f__vs__0e1d01ec7d_super_editor__doc_with_graphs_diagrams_rotated_e_redline_108d3b4e97,108d3b4e97,tracking_without_comments,word_redlines_superdoc,corpus,/Users/arthrod/temp/T/neurotic_docx_bench/corpus/word/tracking_without_comments/pdf/f6e1c253ff_super_editor__diff_before9_9818a85f__vs__0e1d01ec7d_super_editor__doc_with_graphs_diagrams_rotated_e_redline_108d3b4e97.pdf,4d57b25df17ff5ac0442a69fed7a2090b1165c8229ed12dfe3d4a4641c8ed403,/Users/arthrod/temp/T/neurotic_docx_bench/results/redlines_0929_full/docxodus/pdf_by_word/f6e1c253ff_super_editor__diff_before9_9818a85f__vs__0e1d01ec7d_super_editor__doc_with_graphs_diagrams_rotated_e_redline_108d3b4e97_docxodus.pdf,c9ef60a9b630c9ee5fdc22dfb78d3128f40d3d9cad39ae1a18ddca453d5701a8
85692b483f_file_123__vs__0086695f46_file_124_redline_1108cc4aae,1108cc4aae,with_comments_tracking,word_based_randomized,fresh,/Users/arthrod/temp/T/compare_regen/out/1108cc4aae__vs__1108cc4aae.pdf,98cdf9c48da0c176559b8e247003296c29309e689fc778c48ca5d6f246784909,/Users/arthrod/temp/T/neurotic_docx_bench/results/redlines_0929_full/docxodus/pdf_by_word/85692b483f_file_123__vs__0086695f46_file_124_redline_1108cc4aae_docxodus.pdf,59dd1d7a2ba1231cff6ec9a8e856c07b1490b588e07519e3d21a07c30c762456
bffb81f86c_file_192__vs__878549f8f2_file_193_redline_11675a8de2,11675a8de2,with_comments_tracking,word_based_randomized,fresh,/Users/arthrod/temp/T/compare_regen/out/11675a8de2__vs__11675a8de2.pdf,0f96a91da512c6c0ee6994cf3389d8bd4d629fb64ad56baeeb1e91167da4b01d,/Users/arthrod/temp/T/neurotic_docx_bench/results/redlines_0929_full/docxodus/pdf_by_word/bffb81f86c_file_192__vs__878549f8f2_file_193_redline_11675a8de2_docxodus.pdf,d3d37868ca9392c4b8e0fd7912c72ebc18ed5714cd9a224579296275b932d988
18eb110b3b_numwords_fldsimple__vs__56d68160f4_doc_api_stories__sd_2086_header_row_shading_api_redline_12c5361b58,12c5361b58,tracking_without_comments,word_redlines_superdoc,corpus,/Users/arthrod/temp/T/neurotic_docx_bench/corpus/word/tracking_without_comments/pdf/18eb110b3b_numwords_fldsimple__vs__56d68160f4_doc_api_stories__sd_2086_header_row_shading_api_redline_12c5361b58.pdf,60f0a4533cb456c104013dcc9ba9f95ceba4ff6a7974a9d75be668725cb9f6d3,/Users/arthrod/temp/T/neurotic_docx_bench/results/redlines_0929_full/docxodus/pdf_by_word/18eb110b3b_numwords_fldsimple__vs__56d68160f4_doc_api_stories__sd_2086_header_row_shading_api_redline_12c5361b58_docxodus.pdf,75a7640dcf8349c234a9d1d99d16ab597d881c7ae791cb63dfcce0aa549f1a8d
735c372b41_super_editor__diff_after8_58e5c288__vs__de3c6fded9_super_editor__doc_with_spacing_e3d47bd7_redline_12fca96084,12fca96084,with_comments_tracking,word_redlines_superdoc,fresh,/Users/arthrod/temp/T/compare_regen/out/12fca96084__vs__12fca96084.pdf,e6685e1684b6ee03146675d89a7e459323b6e7a9180d7ec0d2208b3ad3090a95,/Users/arthrod/temp/T/neurotic_docx_bench/results/redlines_0929_full/docxodus/pdf_by_word/735c372b41_super_editor__diff_after8_58e5c288__vs__de3c6fded9_super_editor__doc_with_spacing_e3d47bd7_redline_12fca96084_docxodus.pdf,a2908fdb4c1dcaf1bbe7b18f101e216fabeb859561587bce5ab28ee1f78056a0
5d17fd43a9_complex_style_attr__vs__310c03f39c_super_editor__complexexport1_69441ab1_redline_133d880cce,133d880cce,tracking_without_comments,word_redlines_superdoc,corpus,/Users/arthrod/temp/T/neurotic_docx_bench/corpus/word/tracking_without_comments/pdf/5d17fd43a9_complex_style_attr__vs__310c03f39c_super_editor__complexexport1_69441ab1_redline_133d880cce.pdf,f4f59e6b2946e8ee9a066a2394e2ec649859bcf7f9be766d12fa0387550f6ed8,/Users/arthrod/temp/T/neurotic_docx_bench/results/redlines_0929_full/docxodus/pdf_by_word/5d17fd43a9_complex_style_attr__vs__310c03f39c_super_editor__complexexport1_69441ab1_redline_133d880cce_docxodus.pdf,ab500f5e592df2404ea9a78719da481656a759455528ada7bc323b44238a8381
a6ee65b3ee_comments__vs__dc40c7300f_complex_style_attr_redline_141207cab1,141207cab1,tracking_without_comments,nocomments,corpus,/Users/arthrod/temp/T/neurotic_docx_bench/corpus/word/tracking_without_comments/pdf/a6ee65b3ee_comments__vs__dc40c7300f_complex_style_attr_redline_141207cab1.pdf,20c403a576f908f1fbb3ffdf287b9f648a63fc960316ad61e36f2e7899d74723,/Users/arthrod/temp/T/neurotic_docx_bench/results/redlines_0929_full/docxodus/pdf_by_word/a6ee65b3ee_comments__vs__dc40c7300f_complex_style_attr_redline_141207cab1_docxodus.pdf,c7df328727f13fb5576101275ec22791b18921c6e8e11c08059a17bbe2176e04
bffb81f86c_file_192__vs__878549f8f2_file_193_redline_145b9e67e2,145b9e67e2,with_comments_tracking,word_based_randomized_0926,fresh,/Users/arthrod/temp/T/compare_regen/out/145b9e67e2__vs__145b9e67e2.pdf,7817b34fd518448c5f92ed5fe7e7bb38b36483942af1f51bab3fe96d60551ea3,/Users/arthrod/temp/T/neurotic_docx_bench/results/redlines_0929_full/docxodus/pdf_by_word/bffb81f86c_file_192__vs__878549f8f2_file_193_redline_11675a8de2_docxodus.pdf,d3d37868ca9392c4b8e0fd7912c72ebc18ed5714cd9a224579296275b932d988
a6bdad436b_00e1eabab4f0fdde08a033b7d3af988ce75f7e80207c9918__vs__2773adf157_0004c94ca2a8684d47449bb0e7abf87de1df71a7e6543252_redline_1533ea6dc3,1533ea6dc3,tracking_without_comments,redlines_a100_b10,corpus,/Users/arthrod/temp/T/neurotic_docx_bench/corpus/word/tracking_without_comments/pdf/a6bdad436b_00e1eabab4f0fdde08a033b7d3af988ce75f7e80207c9918__vs__2773adf157_0004c94ca2a8684d47449bb0e7abf87de1df71a7e6543252_redline_1533ea6dc3.pdf,6c306f3861838e84f8b21c6cab9c8251b64fce48710672495820ff08d5a59712,/Users/arthrod/temp/T/neurotic_docx_bench/results/redlines_0929_full/docxodus/pdf_by_word/a6bdad436b_00e1eabab4f0fdde08a033b7d3af988ce75f7e80207c9918__vs__2773adf157_0004c94ca2a8684d47449bb0e7abf87de1df71a7e6543252_redline_1533ea6dc3_docxodus.pdf,4f0f92964f7f8766e67c8473d76e9444f32eadaa2b256e032586cedd8150bfa6
7fd9abba03_file_87__vs__faa7c6b110_file_88_redline_168f905e48,168f905e48,tracking_without_comments,word_based_randomized_0926,corpus,/Users/arthrod/temp/T/neurotic_docx_bench/corpus/word/tracking_without_comments/pdf/7fd9abba03_file_87__vs__faa7c6b110_file_88_redline_168f905e48.pdf,d13e8266e879b01c07271b1f61f512fe4c14ea5c4b5b1e2cb4cbaaee331b2b73,/Users/arthrod/temp/T/neurotic_docx_bench/results/redlines_0929_full/docxodus/pdf_by_word/7fd9abba03_file_87__vs__faa7c6b110_file_88_redline_168f905e48_docxodus.pdf,aae9451a1b917fb016013b0a5aa5ee2263e4fd65809785bc01843acb9b419609
9b9fce74d9_super_editor__basic_list_0fcfe705__vs__301e302820_super_editor__basic_page_nums_d5b08fc3_redline_1743e156b7,1743e156b7,tracking_without_comments,word_redlines_superdoc,corpus,/Users/arthrod/temp/T/neurotic_docx_bench/corpus/word/tracking_without_comments/pdf/9b9fce74d9_super_editor__basic_list_0fcfe705__vs__301e302820_super_editor__basic_page_nums_d5b08fc3_redline_1743e156b7.pdf,0e1d7a3b01a56a5132e4f774fc283d589894148616a7228ab9f524bdda61847f,/Users/arthrod/temp/T/neurotic_docx_bench/results/redlines_0929_full/docxodus/pdf_by_word/9b9fce74d9_super_editor__basic_list_0fcfe705__vs__301e302820_super_editor__basic_page_nums_d5b08fc3_redline_1743e156b7_docxodus.pdf,af35090044fc75372de245e7556ad02bf695e06837be060c081915ce7cab448e
8cd372b814_0193e5015be906eb45df5f7b3ceb682c7ff53cb52f15a0bf__vs__2773adf157_0004c94ca2a8684d47449bb0e7abf87de1df71a7e6543252_redline_18d4bdcfd9,18d4bdcfd9,tracking_without_comments,redlines_a100_b10,corpus,/Users/arthrod/temp/T/neurotic_docx_bench/corpus/word/tracking_without_comments/pdf/8cd372b814_0193e5015be906eb45df5f7b3ceb682c7ff53cb52f15a0bf__vs__2773adf157_0004c94ca2a8684d47449bb0e7abf87de1df71a7e6543252_redline_18d4bdcfd9.pdf,2b95ae0c1bd873bdee011a6561c67b75007df3e944de9fe212fc163142ad4949,/Users/arthrod/temp/T/neurotic_docx_bench/results/redlines_0929_full/docxodus/pdf_by_word/8cd372b814_0193e5015be906eb45df5f7b3ceb682c7ff53cb52f15a0bf__vs__2773adf157_0004c94ca2a8684d47449bb0e7abf87de1df71a7e6543252_redline_18d4bdcfd9_docxodus.pdf,4f57e9d481b9c2b0f9c6c01e600921eba85758fd6897aa6d432f7a0283efca50
3ad856ac79_file_39__vs__03c2173f9b_file_40_redline_1a5a8a93b8,1a5a8a93b8,tracking_without_comments,nocomments_randomized,corpus,/Users/arthrod/temp/T/neurotic_docx_bench/corpus/word/tracking_without_comments/pdf/3ad856ac79_file_39__vs__03c2173f9b_file_40_redline_1a5a8a93b8.pdf,58395eb4a077b060214caf5f4df62f3bc885f63f04eb932765d2ec361f2600df,/Users/arthrod/temp/T/neurotic_docx_bench/results/redlines_0929_full/docxodus/pdf_by_word/3ad856ac79_file_39__vs__03c2173f9b_file_40_redline_1a5a8a93b8_docxodus.pdf,ca36d886b8f37a53baa2acd244a9819c5b31b0e1b018640a5b193ee5b9810c56
4ba01802a7_super_editor__diff_after_10f1912e__vs__98bc895b4b_super_editor__listwithspacernodes_cf53e890_redline_1a9607929b,1a9607929b,tracking_without_comments,word_redlines_superdoc_0926,corpus,/Users/arthrod/temp/T/neurotic_docx_bench/corpus/word/tracking_without_comments/pdf/4ba01802a7_super_editor__diff_after_10f1912e__vs__98bc895b4b_super_editor__listwithspacernodes_cf53e890_redline_1a9607929b.pdf,1e7d9c4e1b710bafcede722d2cd6d58e810459b06fe3db03040a895d80a60cfb,/Users/arthrod/temp/T/neurotic_docx_bench/results/redlines_0929_full/docxodus/pdf_by_word/4ba01802a7_super_editor__diff_after_10f1912e__vs__98bc895b4b_super_editor__listwithspacernodes_cf53e890_redline_0ace7bbff2_docxodus.pdf,886e61feebe67d5e864f433a1660cadab4bee56a182bdc6094662fe1fac6e6e4
164e42c955_632d47971a1f534d075daf4b75b99cd76b038b36fb303530__vs__39a8b7b250_444d9bbf258316eee4352ac560f6ca28a0e5dd10b52ceb16_redline_1ae50cba31,1ae50cba31,tracking_without_comments,redlines_en_500,corpus,/Users/arthrod/temp/T/neurotic_docx_bench/corpus/word/tracking_without_comments/pdf/164e42c955_632d47971a1f534d075daf4b75b99cd76b038b36fb303530__vs__39a8b7b250_444d9bbf258316eee4352ac560f6ca28a0e5dd10b52ceb16_redline_1ae50cba31.pdf,d4a99e8a5d50835cdba5bb60172cfe40adb8d2b44a50a92e614d88614effd782,/Users/arthrod/temp/T/neurotic_docx_bench/results/redlines_0929_full/docxodus/pdf_by_word/164e42c955_632d47971a1f534d075daf4b75b99cd76b038b36fb303530__vs__39a8b7b250_444d9bbf258316eee4352ac560f6ca28a0e5dd10b52ceb16_redline_1ae50cba31_docxodus.pdf,75d5b7c86d040cfddcf556f7b78a65d03709dd51d3b07cf30e82849176c4e297
9224b22b43_file_1__vs__c9154561dc_file_2_redline_1b27e9960e,1b27e9960e,tracking_without_comments,word_based_randomized_0926,corpus,/Users/arthrod/temp/T/neurotic_docx_bench/corpus/word/tracking_without_comments/pdf/9224b22b43_file_1__vs__c9154561dc_file_2_redline_1b27e9960e.pdf,ceddd775c0ef0613636d91c5293797ca68a371b236b8b738f26b311d7b14f746,/Users/arthrod/temp/T/neurotic_docx_bench/results/redlines_0929_full/docxodus/pdf_by_word/9224b22b43_file_1__vs__c9154561dc_file_2_redline_1b27e9960e_docxodus.pdf,9a0519398daefd35dc60b7a27072298ac651f5aac22f6cbfb85467366cf40a27
4db02133f5_0007ed60dbbc648e714534360ae72dd054c8322b82ac5609__vs__aa5340125d_00a4b0b91e9b5b072dc3771391c2d608518690eccf44eae8_redline_1b3a0d0494,1b3a0d0494,tracking_without_comments,redlines_a100_b10,corpus,/Users/arthrod/temp/T/neurotic_docx_bench/corpus/word/tracking_without_comments/pdf/4db02133f5_0007ed60dbbc648e714534360ae72dd054c8322b82ac5609__vs__aa5340125d_00a4b0b91e9b5b072dc3771391c2d608518690eccf44eae8_redline_1b3a0d0494.pdf,48d98952d0dd0dd9057050150bcb84d54e9e9212f787b55b29d5ecc57db058c6,/Users/arthrod/temp/T/neurotic_docx_bench/results/redlines_0929_full/docxodus/pdf_by_word/4db02133f5_0007ed60dbbc648e714534360ae72dd054c8322b82ac5609__vs__aa5340125d_00a4b0b91e9b5b072dc3771391c2d608518690eccf44eae8_redline_1b3a0d0494_docxodus.pdf,5afd2b32a0866f066b926b43bfb5bbb93dd84d425338ea40b874299f04121a8d
687da097e9_heading_2_center_demo_id_paraid_overflow__vs__3a9525749b_heading_2_style_demo_id_paraid_overflow_redline_1c5fe20c9c,1c5fe20c9c,tracking_without_comments,word_based,corpus,/Users/arthrod/temp/T/neurotic_docx_bench/corpus/word/tracking_without_comments/pdf/687da097e9_heading_2_center_demo_id_paraid_overflow__vs__3a9525749b_heading_2_style_demo_id_paraid_overflow_redline_1c5fe20c9c.pdf,b62b4b7f8aaa7cb89249704ad6dcaac461422261c6cc3ef037cd3f510690b624,/Users/arthrod/temp/T/neurotic_docx_bench/results/redlines_0929_full/docxodus/pdf_by_word/687da097e9_heading_2_center_demo_id_paraid_overflow__vs__3a9525749b_heading_2_style_demo_id_paraid_overflow_redline_1c5fe20c9c_docxodus.pdf,9876d9b8ca6cfd876478c6ee9fe481de9e32bfdfb29ecf691e31d82063c07a84
42d59beb40_super_editor__diff_after10_ac257741__vs__a0e6a09304_super_editor__diff_after11_1d5b767f_redline_1c89a9e553,1c89a9e553,with_comments_tracking,word_redlines_superdoc,fresh,/Users/arthrod/temp/T/compare_regen/out/1c89a9e553__vs__1c89a9e553.pdf,477e6592d455be4ce1036d2e2d988694a6c1e02479d57d0b221b5562a42d4e2e,/Users/arthrod/temp/T/neurotic_docx_bench/results/redlines_0929_full/docxodus/pdf_by_word/42d59beb40_super_editor__diff_after10_ac257741__vs__a0e6a09304_super_editor__diff_after11_1d5b767f_redline_1c89a9e553_docxodus.pdf,6df0c7512b7500344a1cd2c21a0c5b87b396eaef6034d738a347fcac9e8e366d
5e5fa9b5fb_super_editor__list_def_mix_d7cec092__vs__ad43500302_super_editor__list_numbering_reimport_d788d573_redline_1daf262783,1daf262783,tracking_without_comments,word_redlines_superdoc_0926,corpus,/Users/arthrod/temp/T/neurotic_docx_bench/corpus/word/tracking_without_comments/pdf/5e5fa9b5fb_super_editor__list_def_mix_d7cec092__vs__ad43500302_super_editor__list_numbering_reimport_d788d573_redline_1daf262783.pdf,61f469e748ce153a54c56968e73abba23fb33968054c03afbeb15d5db2256315,/Users/arthrod/temp/T/neurotic_docx_bench/results/redlines_0929_full/docxodus/pdf_by_word/5e5fa9b5fb_super_editor__list_def_mix_d7cec092__vs__ad43500302_super_editor__list_numbering_reimport_d788d573_redline_1d00241b3c_docxodus.pdf,82cbabaa3668016f6807e8984ca9284716570ff4d6fc94516cf9f1d3e95cff95
3acaee795f_red_strikethrough_demo_style_default_missing__vs__70fd78a4f8_redline_cicerodo_v_plate_30_redline_1dbbf3be63,1dbbf3be63,with_comments_tracking,word_based_0926,fresh,/Users/arthrod/temp/T/compare_regen/out/1dbbf3be63__vs__1dbbf3be63.pdf,4c58f83610415832340e13c78b7456c592c52236434673fb7dbb238073d55a9b,/Users/arthrod/temp/T/neurotic_docx_bench/results/redlines_0929_full/docxodus/pdf_by_word/3acaee795f_red_strikethrough_demo_style_default_missing__vs__70fd78a4f8_redline_cicerodo_v_plate_30_redline_1dbbf3be63_docxodus.pdf,d8cb53cfc6afd40f0637e25c6269ace4ccbfdf66a87337a32e59acef1197cb56
6a65e5219d_24_id_paraid_overflow__vs__8df6dfa8d7_alternate_content_redline_1e11e7a678,1e11e7a678,tracking_without_comments,word_based_0926,fresh,/Users/arthrod/temp/T/compare_regen/out/1e11e7a678__vs__1e11e7a678.pdf,09783206db2406ed88bb4564cee566dbe57c61053a951c9101cc64f588e552b4,/Users/arthrod/temp/T/neurotic_docx_bench/results/redlines_0929_full/docxodus/pdf_by_word/6a65e5219d_24_id_paraid_overflow__vs__8df6dfa8d7_alternate_content_redline_1e11e7a678_docxodus.pdf,28398ba376a04fcc7c406062912c5e80cccd2f9daad2834119876018418dff85
6fffde4ae2_000bf66110e841e1d2c2e862fc7db869b8d410586ad12d0d__vs__deff0e697a_00b5defcad6e58038eac35472a2d48c89905068e5ece0cc3_redline_1e8d815fcc,1e8d815fcc,tracking_without_comments,redlines_a100_b10,corpus,/Users/arthrod/temp/T/neurotic_docx_bench/corpus/word/tracking_without_comments/pdf/6fffde4ae2_000bf66110e841e1d2c2e862fc7db869b8d410586ad12d0d__vs__deff0e697a_00b5defcad6e58038eac35472a2d48c89905068e5ece0cc3_redline_1e8d815fcc.pdf,87113e2db6e8a74abbca43bb51b79cc7324dc1fce58bf4bd7cb3516956e5c217,/Users/arthrod/temp/T/neurotic_docx_bench/results/redlines_0929_full/docxodus/pdf_by_word/6fffde4ae2_000bf66110e841e1d2c2e862fc7db869b8d410586ad12d0d__vs__deff0e697a_00b5defcad6e58038eac35472a2d48c89905068e5ece0cc3_redline_1e8d815fcc_docxodus.pdf,d50ccff032001c43bcf769722bc7419990093458d423f7a4fee428e02760e669
08147dee09_file_195__vs__c09b14fcd7_file_196_redline_1edc0f56f4,1edc0f56f4,with_comments_tracking,word_based_randomized,fresh,/Users/arthrod/temp/T/compare_regen/out/1edc0f56f4__vs__1edc0f56f4.pdf,aecf1f74b4e75a4b21726c2102bd200c607d2dc7761beb81c26787d02501955c,/Users/arthrod/temp/T/neurotic_docx_bench/results/redlines_0929_full/docxodus/pdf_by_word/08147dee09_file_195__vs__c09b14fcd7_file_196_redline_1edc0f56f4_docxodus.pdf,f24f2f73605b123f3d736b3f057ede7aacf6d32d8406c7ddda68ec2c92f443e3
a6e4d0e065_file_161__vs__2f6102d8be_file_162_redline_1f4634946b,1f4634946b,tracking_without_comments,word_based_randomized,corpus,/Users/arthrod/temp/T/neurotic_docx_bench/corpus/word/tracking_without_comments/pdf/a6e4d0e065_file_161__vs__2f6102d8be_file_162_redline_1f4634946b.pdf,d2bf131730760bdef88b4ac19b8ab67dc74118dad92aadd9d124fdaa1d8ac1c1,/Users/arthrod/temp/T/neurotic_docx_bench/results/redlines_0929_full/docxodus/pdf_by_word/a6e4d0e065_file_161__vs__2f6102d8be_file_162_redline_1f4634946b_docxodus.pdf,fbdc828e72a989addd76da75b1c83b2fb527c5e78289aaa0cdba16893bf00d89
b3028f2d5b_super_editor__super_basic_table_86d8d916__vs__7367931dbf_super_editor__sdt_test_60079f08_redline_1ff9bf561d,1ff9bf561d,tracking_without_comments,word_redlines_superdoc_0926,corpus,/Users/arthrod/temp/T/neurotic_docx_bench/corpus/word/tracking_without_comments/pdf/b3028f2d5b_super_editor__super_basic_table_86d8d916__vs__7367931dbf_super_editor__sdt_test_60079f08_redline_1ff9bf561d.pdf,f01f1cdcd1a76518a27d5b569e7b7fee51768bcddeb89eabb896be4b44857278,/Users/arthrod/temp/T/neurotic_docx_bench/results/redlines_0929_full/docxodus/pdf_by_word/b3028f2d5b_super_editor__super_basic_table_86d8d916__vs__7367931dbf_super_editor__sdt_test_60079f08_redline_1ff9bf561d_docxodus.pdf,4c26a4c7d3189055546323451198e174e04baa022e82c178c61593a4a331b7dd
725cdbebe3_0013892c946c551d309fcec9bb3f3500fc08bc77121a3849__vs__2773adf157_0004c94ca2a8684d47449bb0e7abf87de1df71a7e6543252_redline_20539234fa,20539234fa,tracking_without_comments,redlines_a100_b10,corpus,/Users/arthrod/temp/T/neurotic_docx_bench/corpus/word/tracking_without_comments/pdf/725cdbebe3_0013892c946c551d309fcec9bb3f3500fc08bc77121a3849__vs__2773adf157_0004c94ca2a8684d47449bb0e7abf87de1df71a7e6543252_redline_20539234fa.pdf,265aa9efd77fe87daa7e1ba6df33db0f75c1736a6d472c32db172ca5a0de2c57,/Users/arthrod/temp/T/neurotic_docx_bench/results/redlines_0929_full/docxodus/pdf_by_word/725cdbebe3_0013892c946c551d309fcec9bb3f3500fc08bc77121a3849__vs__2773adf157_0004c94ca2a8684d47449bb0e7abf87de1df71a7e6543252_redline_20539234fa_docxodus.pdf,41faf96c0879c800b24cc30097d2d2c8cde75b6849baf22dedf045bc32dac539
adc9f524d1_comments__vs__5d17fd43a9_complex_style_attr_redline_2061218d44,2061218d44,with_comments_tracking,word_based_0926,fresh,/Users/arthrod/temp/T/compare_regen/out/2061218d44__vs__2061218d44.pdf,1f4ed054ebb46e507769843d0be489434e0f3e21b47d4d413b27a9919ae46ef2,/Users/arthrod/temp/T/neurotic_docx_bench/results/redlines_0929_full/docxodus/pdf_by_word/adc9f524d1_comments__vs__5d17fd43a9_complex_style_attr_redline_2061218d44_docxodus.pdf,ba10091715a5eed1a12540fba3f277c13ef08b4dace6882ec505add8f6ab681a
36fbd8c734_sales_report_january_2026_suggesting_insertions__vs__81158d928d_sample_document_afterword_repaired_word_repaired_redline_20eccb4f6a,20eccb4f6a,with_comments_tracking,word_based_0926,fresh,/Users/arthrod/temp/T/compare_regen/out/20eccb4f6a__vs__20eccb4f6a.pdf,f3cc120ddf9f3d76bc14ff41b9cef828b2ffb25d32e808f4b107cc6765ab50c6,/Users/arthrod/temp/T/neurotic_docx_bench/results/redlines_0929_full/docxodus/pdf_by_word/36fbd8c734_sales_report_january_2026_suggesting_insertions__vs__81158d928d_sample_document_afterword_repaired_word_repaired_redline_20eccb4f6a_docxodus.pdf,7cd180931f38e1c5fde59f3ddaccf053e034c7594061785a627750bb4142ddf6
7166fa4199_document_100_ultimate_demo_id_paraid_overflow__vs__97c3dd2e86_docx_lots_of_comments_addition_redline_addition_redline_2288f27be1,2288f27be1,with_comments_tracking,word_based_0926,fresh,/Users/arthrod/temp/T/compare_regen/out/2288f27be1__vs__2288f27be1.pdf,90a38b5b69d56552889ef96d2671f488ca759b8dc79e05dbfcdd9089a4cb5038,/Users/arthrod/temp/T/neurotic_docx_bench/results/redlines_0929_full/docxodus/pdf_by_word/7166fa4199_document_100_ultimate_demo_id_paraid_overflow__vs__97c3dd2e86_docx_lots_of_comments_addition_redline_addition_redline_2288f27be1_docxodus.pdf,aead11e719b62651d74152a7ef28f7716118ad0b0ee7c20e7063129e3e459b68
178804f5ce_super_editor__invalid_list_def_fallback_d7f55451__vs__9c7f21c23e_super_editor__line_break_627a7159_redline_22b83e022d,22b83e022d,tracking_without_comments,word_redlines_superdoc,corpus,/Users/arthrod/temp/T/neurotic_docx_bench/corpus/word/tracking_without_comments/pdf/178804f5ce_super_editor__invalid_list_def_fallback_d7f55451__vs__9c7f21c23e_super_editor__line_break_627a7159_redline_22b83e022d.pdf,a1e9457fc66bad4e01eb12082f902370234fa36384944004c8b46bf62bad806a,/Users/arthrod/temp/T/neurotic_docx_bench/results/redlines_0929_full/docxodus/pdf_by_word/178804f5ce_super_editor__invalid_list_def_fallback_d7f55451__vs__9c7f21c23e_super_editor__line_break_627a7159_redline_22b83e022d_docxodus.pdf,4263d803fe4f2ca7bbecca222cca33c0c9e8ffdd2f9846b3b222714a4ddca20e
838af02d11_file_173__vs__13ea153d22_file_174_redline_23e03057e6,23e03057e6,with_comments_tracking,word_based_randomized,fresh,/Users/arthrod/temp/T/compare_regen/out/23e03057e6__vs__23e03057e6.pdf,05fdc3d2367f01bb42e5aee84eafe7f5ad778eee22fa2a2d7b05666f1d744680,/Users/arthrod/temp/T/neurotic_docx_bench/results/redlines_0929_full/docxodus/pdf_by_word/838af02d11_file_173__vs__13ea153d22_file_174_redline_23e03057e6_docxodus.pdf,c7bb96baf9e6c2d956d1b3fb5802607f6e8feb9fc61fe061917be825d9ea28ba
52dab5bc1c_super_editor__sdt_node_comment_ec887683__vs__7367931dbf_super_editor__sdt_test_60079f08_redline_23e5ec96c0,23e5ec96c0,with_comments_tracking,word_redlines_superdoc,fresh,/Users/arthrod/temp/T/compare_regen/out/23e5ec96c0__vs__23e5ec96c0.pdf,226aad3f70bb41d265070683ddfec3182ad37e4b1c4d866e3f1e63fa44106c5c,/Users/arthrod/temp/T/neurotic_docx_bench/results/redlines_0929_full/docxodus/pdf_by_word/52dab5bc1c_super_editor__sdt_node_comment_ec887683__vs__7367931dbf_super_editor__sdt_test_60079f08_redline_23e5ec96c0_docxodus.pdf,89a71558165a42f67b9702bba1e088f0f6a4d48cf827906515872a7984f5daf4
96a0ee0e8f_004b3b3dd84014405562584f62d67267b9a7993e21b974e8__vs__342f364d46_001342333d45627868f4dc5282abbba4598a91b4a7584b08_redline_24835ef22b,24835ef22b,tracking_without_comments,redlines_a100_b10,corpus,/Users/arthrod/temp/T/neurotic_docx_bench/corpus/word/tracking_without_comments/pdf/96a0ee0e8f_004b3b3dd84014405562584f62d67267b9a7993e21b974e8__vs__342f364d46_001342333d45627868f4dc5282abbba4598a91b4a7584b08_redline_24835ef22b.pdf,27e7279035d40ec4519a4420de7da2b1ba0e7b7e9badbda9e112d569982bca8c,/Users/arthrod/temp/T/neurotic_docx_bench/results/redlines_0929_full/docxodus/pdf_by_word/96a0ee0e8f_004b3b3dd84014405562584f62d67267b9a7993e21b974e8__vs__342f364d46_001342333d45627868f4dc5282abbba4598a91b4a7584b08_redline_24835ef22b_docxodus.pdf,deecfa1f552770c99a8125f12fae4c68b4793f09dc72725da1e1b33074e7e263
008908795c_increase_indent_demo_id_paraid_overflow__vs__5adc853144_insert_link_demo_id_paraid_overflow_redline_2564d80f8c,2564d80f8c,tracking_without_comments,word_based,corpus,/Users/arthrod/temp/T/neurotic_docx_bench/corpus/word/tracking_without_comments/pdf/008908795c_increase_indent_demo_id_paraid_overflow__vs__5adc853144_insert_link_demo_id_paraid_overflow_redline_2564d80f8c.pdf,5ba4753b975ab3d2a6ec842fd3dab995c29cebde00f132d7f2d590b7aa6b0a8a,/Users/arthrod/temp/T/neurotic_docx_bench/results/redlines_0929_full/docxodus/pdf_by_word/008908795c_increase_indent_demo_id_paraid_overflow__vs__5adc853144_insert_link_demo_id_paraid_overflow_redline_2564d80f8c_docxodus.pdf,9a504df556b2a69a26f79d7809f7eb29bce12039410a09e16ebb13bd897ff935
2bd5ae6064_file_13__vs__836d7aa3c4_file_14_redline_259023733f,259023733f,with_comments_tracking,word_based_randomized,fresh,/Users/arthrod/temp/T/compare_regen/out/259023733f__vs__259023733f.pdf,0a016411ce11647b861f22db35f128202a8d386021cd960b089d13fceebb04bf,/Users/arthrod/temp/T/neurotic_docx_bench/results/redlines_0929_full/docxodus/pdf_by_word/2bd5ae6064_file_13__vs__836d7aa3c4_file_14_redline_01ffe97a5e_docxodus.pdf,a03d124758e2fea2706333f9d068180e040e8213cdcb07516992d99fa943fba0
35ce9aa3cc_00515f13495e5bf0867b319b035d4a83c7904b55056c38f8__vs__aa5340125d_00a4b0b91e9b5b072dc3771391c2d608518690eccf44eae8_redline_25a7bc54c6,25a7bc54c6,tracking_without_comments,redlines_a100_b10,corpus,/Users/arthrod/temp/T/neurotic_docx_bench/corpus/word/tracking_without_comments/pdf/35ce9aa3cc_00515f13495e5bf0867b319b035d4a83c7904b55056c38f8__vs__aa5340125d_00a4b0b91e9b5b072dc3771391c2d608518690eccf44eae8_redline_25a7bc54c6.pdf,79ebf2ec17134fb4f2ae3ca2ff8a7ee95d662382651ddde8e31d38f18a3eddff,/Users/arthrod/temp/T/neurotic_docx_bench/results/redlines_0929_full/docxodus/pdf_by_word/35ce9aa3cc_00515f13495e5bf0867b319b035d4a83c7904b55056c38f8__vs__aa5340125d_00a4b0b91e9b5b072dc3771391c2d608518690eccf44eae8_redline_25a7bc54c6_docxodus.pdf,b5fcb26d161187999e4b4b1e7ab2ab21321b89b569aff1c11b2667ab036a1ddf
12941c2a77_0023298b011b45232675215822f0f728678a238756d763c8__vs__bd3824dd1e_000ee64ef7226d353297888f59a251e24ce5d776fea000fa_redline_25f48c003d,25f48c003d,tracking_without_comments,redlines_a100_b10,corpus,/Users/arthrod/temp/T/neurotic_docx_bench/corpus/word/tracking_without_comments/pdf/12941c2a77_0023298b011b45232675215822f0f728678a238756d763c8__vs__bd3824dd1e_000ee64ef7226d353297888f59a251e24ce5d776fea000fa_redline_25f48c003d.pdf,ef23bc62fe8dea40e5e68f588538991ec3f5a5261ee8c2720089cd3ab4e9df00,/Users/arthrod/temp/T/neurotic_docx_bench/results/redlines_0929_full/docxodus/pdf_by_word/12941c2a77_0023298b011b45232675215822f0f728678a238756d763c8__vs__bd3824dd1e_000ee64ef7226d353297888f59a251e24ce5d776fea000fa_redline_25f48c003d_docxodus.pdf,da49b5faf120ee936da0491dfa596a8e8e867aee2a93d280020c7a859bf61acf
54f4bb74cd_109e410552189077d3cc1340a4f0af45587d7f86a0f93dc3__vs__16e531d5a8_17a3cbea2f582b789a9fc35c9ab70b7126430c5acbb822d0_redline_276adf43a6,276adf43a6,tracking_without_comments,redlines_en_500,corpus,/Users/arthrod/temp/T/neurotic_docx_bench/corpus/word/tracking_without_comments/pdf/54f4bb74cd_109e410552189077d3cc1340a4f0af45587d7f86a0f93dc3__vs__16e531d5a8_17a3cbea2f582b789a9fc35c9ab70b7126430c5acbb822d0_redline_276adf43a6.pdf,046359c32baa29d37a7beb3d05644768e7679e9e380d415a515dc9e08768f022,/Users/arthrod/temp/T/neurotic_docx_bench/results/redlines_0929_full/docxodus/pdf_by_word/54f4bb74cd_109e410552189077d3cc1340a4f0af45587d7f86a0f93dc3__vs__16e531d5a8_17a3cbea2f582b789a9fc35c9ab70b7126430c5acbb822d0_redline_276adf43a6_docxodus.pdf,4903f9b04b2b14eff2aa96b5bd47952448e6a77e3966ca77b5bb9a66be511a26
7e4c9416aa_00803e70c3646e42abab322238df606c847686168795a703__vs__deff0e697a_00b5defcad6e58038eac35472a2d48c89905068e5ece0cc3_redline_28bffdda4c,28bffdda4c,tracking_without_comments,redlines_a100_b10,corpus,/Users/arthrod/temp/T/neurotic_docx_bench/corpus/word/tracking_without_comments/pdf/7e4c9416aa_00803e70c3646e42abab322238df606c847686168795a703__vs__deff0e697a_00b5defcad6e58038eac35472a2d48c89905068e5ece0cc3_redline_28bffdda4c.pdf,c47dde90f3d7edf982ee2c50615ecd30fee44f15065404aa2e50cb8676e9903c,/Users/arthrod/temp/T/neurotic_docx_bench/results/redlines_0929_full/docxodus/pdf_by_word/7e4c9416aa_00803e70c3646e42abab322238df606c847686168795a703__vs__deff0e697a_00b5defcad6e58038eac35472a2d48c89905068e5ece0cc3_redline_28bffdda4c_docxodus.pdf,1d9c3c6de13ddf98a08b0f766e500a1dc6bcc5580c90477462119d331373b547
84f5fb598b_super_editor__diff_before11_1b953eaf__vs__7962b06671_super_editor__bookmark_use_cases_d20f31f6_redline_29d3f492fb,29d3f492fb,with_comments_tracking,word_redlines_superdoc_0926,fresh,/Users/arthrod/temp/T/compare_regen/out/29d3f492fb__vs__29d3f492fb.pdf,bf4768cfaac6b1afcf47fcba6e9042843d6a85090856b1ee568a8ce24da9f835,/Users/arthrod/temp/T/neurotic_docx_bench/results/redlines_0929_full/docxodus/pdf_by_word/84f5fb598b_super_editor__diff_before11_1b953eaf__vs__7962b06671_super_editor__bookmark_use_cases_d20f31f6_redline_29d3f492fb_docxodus.pdf,f9a7e93c58344b3e8098199f7d79c8c1aed5cb08b03ab35cec1a0cbb768d5223
1072677c3a_file_6__vs__1b8ec2a8cd_file_7_redline_29e3872eed,29e3872eed,with_comments_tracking,word_based_randomized_0926,fresh,/Users/arthrod/temp/T/compare_regen/out/29e3872eed__vs__29e3872eed.pdf,f525c8547300bfdf7456d7f915301b79e88f88fbdcb329e139d68748e67c5996,/Users/arthrod/temp/T/neurotic_docx_bench/results/redlines_0929_full/docxodus/pdf_by_word/1072677c3a_file_6__vs__1b8ec2a8cd_file_7_redline_0b033b1c23_docxodus.pdf,64b9e4e5457f268fb6af5720ee0932afc1ae3e155afe0d4efa6817f4816d63b9
b27c7b34e9_super_editor__heading_font_46041620__vs__bf50ee8ac4_super_editor__hummingbird_c5e5ac81_redline_29eeca5c14,29eeca5c14,tracking_without_comments,word_redlines_superdoc_0926,corpus,/Users/arthrod/temp/T/neurotic_docx_bench/corpus/word/tracking_without_comments/pdf/b27c7b34e9_super_editor__heading_font_46041620__vs__bf50ee8ac4_super_editor__hummingbird_c5e5ac81_redline_29eeca5c14.pdf,71b55b2a3bd2c78659aae787cbcee7d8da789a93fd5393da235c30b3d7e63930,/Users/arthrod/temp/T/neurotic_docx_bench/results/redlines_0929_full/docxodus/pdf_by_word/b27c7b34e9_super_editor__heading_font_46041620__vs__bf50ee8ac4_super_editor__hummingbird_c5e5ac81_redline_29eeca5c14_docxodus.pdf,f124bd7000cebfdc7b9cbbe71ae28f880cd9dd933e053b48b5141ea7aefc7931
970e9bbbcc_behavior__math_all_objects_36ab389c__vs__735c372b41_super_editor__diff_after8_58e5c288_redline_2a64722aad,2a64722aad,with_comments_tracking,word_redlines_superdoc_0926,fresh,/Users/arthrod/temp/T/compare_regen/out/2a64722aad__vs__2a64722aad.pdf,6fcfcfbdbb813cd9f4ee4a931bc78968ca46e66f11bdd765687df88d1838e655,/Users/arthrod/temp/T/neurotic_docx_bench/results/redlines_0929_full/docxodus/pdf_by_word/970e9bbbcc_behavior__math_all_objects_36ab389c__vs__735c372b41_super_editor__diff_after8_58e5c288_redline_2a64722aad_docxodus.pdf,dbe08d81db34999955b49d1a9d2b24f055ee43bbb2a5e941dd250ab0c6e807ef
1e212fbfdc_file_122__vs__85692b483f_file_123_redline_2ba84d60d1,2ba84d60d1,with_comments_tracking,word_based_randomized,fresh,/Users/arthrod/temp/T/compare_regen/out/2ba84d60d1__vs__2ba84d60d1.pdf,e660a2bd3abe8b414924fc1fbc1e14f62a6ad2f1b15b475d6498ff66d547d0f8,/Users/arthrod/temp/T/neurotic_docx_bench/results/redlines_0929_full/docxodus/pdf_by_word/1e212fbfdc_file_122__vs__85692b483f_file_123_redline_2ba84d60d1_docxodus.pdf,0a0bed8e2df3630abf002b872e6dad6fb9985891ed192700323c83c1a78309a6
81158d928d_sample_document_afterword_repaired_word_repaired__vs__ba3f04f252_sample_document_really_repaired_word_repaired_redline_2c123533f6,2c123533f6,with_comments_tracking,word_based_0926,fresh,/Users/arthrod/temp/T/compare_regen/out/2c123533f6__vs__2c123533f6.pdf,0ffa26adf99fe8ed76d40032d7579dd9fa79c10eafe1810958bf87914b5d1ab9,/Users/arthrod/temp/T/neurotic_docx_bench/results/redlines_0929_full/docxodus/pdf_by_word/81158d928d_sample_document_afterword_repaired_word_repaired__vs__ba3f04f252_sample_document_really_repaired_word_repaired_redline_2c123533f6_docxodus.pdf,12c2586fb14a463a97915b55704632b39a7d0f53ab05192346e4bc102f8f02e2
7a0bdaf60f_file_9__vs__5863557aba_file_10_redline_2c3258f626,2c3258f626,tracking_without_comments,nocomments_randomized,corpus,/Users/arthrod/temp/T/neurotic_docx_bench/corpus/word/tracking_without_comments/pdf/7a0bdaf60f_file_9__vs__5863557aba_file_10_redline_2c3258f626.pdf,4665fff4135f0ea32b59db9f2010456610dd3962f8d02a0d155ce46c21bafddc,/Users/arthrod/temp/T/neurotic_docx_bench/results/redlines_0929_full/docxodus/pdf_by_word/7a0bdaf60f_file_9__vs__5863557aba_file_10_redline_2c3258f626_docxodus.pdf,fc5c944d6aa105c50e18891abe43a7818dfd43aaeabdb6e411bb49ab42783141
97c3dd2e86_docx_lots_of_comments_addition_redline_addition__vs__9f5481078e_docx_lots_of_comments_addition_redline_redline_2d65e392ab,2d65e392ab,with_comments_tracking,word_based,fresh,/Users/arthrod/temp/T/compare_regen/out/2d65e392ab__vs__2d65e392ab.pdf,7c3b69d03feb564c104de50a64c711ce621bcbc8257a1954d842b21829bfd89f,/Users/arthrod/temp/T/neurotic_docx_bench/results/redlines_0929_full/docxodus/pdf_by_word/97c3dd2e86_docx_lots_of_comments_addition_redline_addition__vs__9f5481078e_docx_lots_of_comments_addition_redline_redline_2d65e392ab_docxodus.pdf,b6a223b2c1b772f1c28c838509d1086b1723b3208ddac38ba43f77785b503d3c
7098537b0d_super_editor__base_custom_544164f9__vs__9ef2a93274_super_editor__tab_alignment_test_184edb5d_redline_2dc552be5e,2dc552be5e,tracking_without_comments,word_redlines_superdoc,corpus,/Users/arthrod/temp/T/neurotic_docx_bench/corpus/word/tracking_without_comments/pdf/7098537b0d_super_editor__base_custom_544164f9__vs__9ef2a93274_super_editor__tab_alignment_test_184edb5d_redline_2dc552be5e.pdf,4c5113aefdf0089636e3997857c934de2d07ff9d75e767acea1772feee94b8f1,/Users/arthrod/temp/T/neurotic_docx_bench/results/redlines_0929_full/docxodus/pdf_by_word/7098537b0d_super_editor__base_custom_544164f9__vs__9ef2a93274_super_editor__tab_alignment_test_184edb5d_redline_2dc552be5e_docxodus.pdf,313abdc7068307ce96aa7a36dce3ea4864a70305cfcc8d2e9b3ef4090f79fb64
00f467c010_0008753aa70a6a7b929aa1958001da41574c2d407e5b9863__vs__bd3824dd1e_000ee64ef7226d353297888f59a251e24ce5d776fea000fa_redline_2e24b0f4a3,2e24b0f4a3,tracking_without_comments,redlines_a100_b10,corpus,/Users/arthrod/temp/T/neurotic_docx_bench/corpus/word/tracking_without_comments/pdf/00f467c010_0008753aa70a6a7b929aa1958001da41574c2d407e5b9863__vs__bd3824dd1e_000ee64ef7226d353297888f59a251e24ce5d776fea000fa_redline_2e24b0f4a3.pdf,7c254939b0696fb391af6da8912b07a4b76bf97ccd76fae8eb5dd31cd4fd477e,/Users/arthrod/temp/T/neurotic_docx_bench/results/redlines_0929_full/docxodus/pdf_by_word/00f467c010_0008753aa70a6a7b929aa1958001da41574c2d407e5b9863__vs__bd3824dd1e_000ee64ef7226d353297888f59a251e24ce5d776fea000fa_redline_2e24b0f4a3_docxodus.pdf,8d741d3ae50d60e990df8e5971758e80efb727557dad132b9febfc16223ae29f
1547c5df73_file_130__vs__df097720f7_file_131_redline_2e3f1e261d,2e3f1e261d,with_comments_tracking,word_based_randomized_0926,fresh,/Users/arthrod/temp/T/compare_regen/out/2e3f1e261d__vs__2e3f1e261d.pdf,d3c88ecaf33931a26a0b0a07d42a453b366968315150d5010d2bfd606ae2d195,/Users/arthrod/temp/T/neurotic_docx_bench/results/redlines_0929_full/docxodus/pdf_by_word/1547c5df73_file_130__vs__df097720f7_file_131_redline_2e3f1e261d_docxodus.pdf,2821bf9e0cf2b3a446e69fd6579fe69ff762420a9e572905f2b3157a0bfc311e
0203b5fed7_strikethrough_bold_demo_id_paraid_overflow__vs__aa62a37db2_strikethrough_text_demo_id_paraid_overflow_redline_2e50998dbb,2e50998dbb,tracking_without_comments,word_based,corpus,/Users/arthrod/temp/T/neurotic_docx_bench/corpus/word/tracking_without_comments/pdf/0203b5fed7_strikethrough_bold_demo_id_paraid_overflow__vs__aa62a37db2_strikethrough_text_demo_id_paraid_overflow_redline_2e50998dbb.pdf,54eb42e23266d3f5320a524557747124f676ec25cbba78a8a044437b7600cb22,/Users/arthrod/temp/T/neurotic_docx_bench/results/redlines_0929_full/docxodus/pdf_by_word/0203b5fed7_strikethrough_bold_demo_id_paraid_overflow__vs__aa62a37db2_strikethrough_text_demo_id_paraid_overflow_redline_2e50998dbb_docxodus.pdf,d279c3ea15f4b35a7c1b197cd3f92c49fe7c87e9e2f14d2589c11ab02ce4e103
84f5fb598b_super_editor__diff_before11_1b953eaf__vs__7962b06671_super_editor__bookmark_use_cases_d20f31f6_redline_2e61a08273,2e61a08273,with_comments_tracking,word_redlines_superdoc,fresh,/Users/arthrod/temp/T/compare_regen/out/2e61a08273__vs__2e61a08273.pdf,64d86bb5785d879cb51004ca156b4aa36f84c436d85560a3b69e22b3056b398d,/Users/arthrod/temp/T/neurotic_docx_bench/results/redlines_0929_full/docxodus/pdf_by_word/84f5fb598b_super_editor__diff_before11_1b953eaf__vs__7962b06671_super_editor__bookmark_use_cases_d20f31f6_redline_29d3f492fb_docxodus.pdf,f9a7e93c58344b3e8098199f7d79c8c1aed5cb08b03ab35cec1a0cbb768d5223
5da4d924a9_file_93__vs__16a20f25a8_file_94_redline_301443d5e9,301443d5e9,tracking_without_comments,nocomments_randomized,corpus,/Users/arthrod/temp/T/neurotic_docx_bench/corpus/word/tracking_without_comments/pdf/5da4d924a9_file_93__vs__16a20f25a8_file_94_redline_301443d5e9.pdf,eabac9057e996f54e9921440676787232ffc8a0adba201304193576d169eba33,/Users/arthrod/temp/T/neurotic_docx_bench/results/redlines_0929_full/docxodus/pdf_by_word/5da4d924a9_file_93__vs__16a20f25a8_file_94_redline_301443d5e9_docxodus.pdf,eb2cfc4d022ba6db479bf46c161d7688412edf4f5f2bf935c09e6a682131df90
13ea153d22_file_174__vs__66dcec3e49_file_175_redline_301e236134,301e236134,with_comments_tracking,word_based_randomized,fresh,/Users/arthrod/temp/T/compare_regen/out/301e236134__vs__301e236134.pdf,ff541316ffa055b866b59181e3432f6041188bb80c74a05180dcee4c160dcb0d,/Users/arthrod/temp/T/neurotic_docx_bench/results/redlines_0929_full/docxodus/pdf_by_word/13ea153d22_file_174__vs__66dcec3e49_file_175_redline_301e236134_docxodus.pdf,97cef155c593967cfd162b9c6499919e0d667303f3752fceed2aa8f5095410fd
ac4b41aa8e_verdana_font_demo_id_paraid_overflow__vs__4f0a3847e3_verdana_italic_centered_demo_id_paraid_overflow_redline_30d1cde0ac,30d1cde0ac,with_comments_tracking,word_based,fresh,/Users/arthrod/temp/T/compare_regen/out/30d1cde0ac__vs__30d1cde0ac.pdf,65e2e9e42cb698d7a1939211c69d0fc61fb274fae1ce3a503dec2eecea0d584d,/Users/arthrod/temp/T/neurotic_docx_bench/results/redlines_0929_full/docxodus/pdf_by_word/ac4b41aa8e_verdana_font_demo_id_paraid_overflow__vs__4f0a3847e3_verdana_italic_centered_demo_id_paraid_overflow_redline_0fc7096b1f_docxodus.pdf,f16ea0d4b0237a02e0a9b25b05cdd10024b6df035d14c925ea41966b75be1d81
3fcadf4761_docx_lots_of_comments_addition_removal_redline__vs__24ad1aa6e5_docx_lots_of_comments_addition_removal_redline_30f20e787b,30f20e787b,with_comments_tracking,word_based_0926,fresh,/Users/arthrod/temp/T/compare_regen/out/30f20e787b__vs__30f20e787b.pdf,4438bb7a2f656495871bc98e1f04780f1df910391ccd6e348b4dd1b869490771,/Users/arthrod/temp/T/neurotic_docx_bench/results/redlines_0929_full/docxodus/pdf_by_word/3fcadf4761_docx_lots_of_comments_addition_removal_redline__vs__24ad1aa6e5_docx_lots_of_comments_addition_removal_redline_30f20e787b_docxodus.pdf,d892fb4c9ce67daed57426e2b6b2abcbd474bc825973de351091de4e5281946b
18b8dd8ea3_behavior__sd_2672_plain_3x3_87943d5d__vs__667af231c2_behavior__sd_2672_rtl_table_63bd9d10_redline_30fed087bf,30fed087bf,tracking_without_comments,word_redlines_superdoc_0926,corpus,/Users/arthrod/temp/T/neurotic_docx_bench/corpus/word/tracking_without_comments/pdf/18b8dd8ea3_behavior__sd_2672_plain_3x3_87943d5d__vs__667af231c2_behavior__sd_2672_rtl_table_63bd9d10_redline_30fed087bf.pdf,1b766d61d08e6470265a8665a2bdbc305cc0490470a5ac16d40d7c3e3f18b13b,/Users/arthrod/temp/T/neurotic_docx_bench/results/redlines_0929_full/docxodus/pdf_by_word/18b8dd8ea3_behavior__sd_2672_plain_3x3_87943d5d__vs__667af231c2_behavior__sd_2672_rtl_table_63bd9d10_redline_30fed087bf_docxodus.pdf,d66ee9d4ad3704549602d4313a73c92738c691266ff9349686d8bd24b009de76
82794f31ff_evals__basic_list_b4d9bb45__vs__eb714d5f76_evals__blank_bc294b57_redline_31b13fd92e,31b13fd92e,tracking_without_comments,word_redlines_superdoc,corpus,/Users/arthrod/temp/T/neurotic_docx_bench/corpus/word/tracking_without_comments/pdf/82794f31ff_evals__basic_list_b4d9bb45__vs__eb714d5f76_evals__blank_bc294b57_redline_31b13fd92e.pdf,44f392e2d4727577a67e79bc881a366364bf35740ef1e21f1cf739b8db63e1b1,/Users/arthrod/temp/T/neurotic_docx_bench/results/redlines_0929_full/docxodus/pdf_by_word/82794f31ff_evals__basic_list_b4d9bb45__vs__eb714d5f76_evals__blank_bc294b57_redline_31b13fd92e_docxodus.pdf,525748070d3abd1c3fb15814e40d5cbb61fbd42a02c91bb60c638de47880e515
37ce636fd7_tiff_image__vs__d48eb7902f_times_new_roman_bold_id_paraid_overflow_redline_3343d6352b,3343d6352b,tracking_without_comments,nocomments,corpus,/Users/arthrod/temp/T/neurotic_docx_bench/corpus/word/tracking_without_comments/pdf/37ce636fd7_tiff_image__vs__d48eb7902f_times_new_roman_bold_id_paraid_overflow_redline_3343d6352b.pdf,215f5261b5c9f2db9a1756c9c497d95ccc4e6cc87e08b6b1b8584ad8ea5a1dc8,/Users/arthrod/temp/T/neurotic_docx_bench/results/redlines_0929_full/docxodus/pdf_by_word/37ce636fd7_tiff_image__vs__d48eb7902f_times_new_roman_bold_id_paraid_overflow_redline_3343d6352b_docxodus.pdf,f5333800b7e0109c1bd668e3b9bf03a2cdd5e52d408de579ac9795452d36afba
899ef4306e_0017891576e438292c35db3155e97d16ec0d68144e21bfc3__vs__aa5340125d_00a4b0b91e9b5b072dc3771391c2d608518690eccf44eae8_redline_33d486ead6,33d486ead6,tracking_without_comments,redlines_a100_b10,corpus,/Users/arthrod/temp/T/neurotic_docx_bench/corpus/word/tracking_without_comments/pdf/899ef4306e_0017891576e438292c35db3155e97d16ec0d68144e21bfc3__vs__aa5340125d_00a4b0b91e9b5b072dc3771391c2d608518690eccf44eae8_redline_33d486ead6.pdf,8395365d44f2655617cce9a346ac7aaef762c3f68650a564ab0f28df7e5c3d1e,/Users/arthrod/temp/T/neurotic_docx_bench/results/redlines_0929_full/docxodus/pdf_by_word/899ef4306e_0017891576e438292c35db3155e97d16ec0d68144e21bfc3__vs__aa5340125d_00a4b0b91e9b5b072dc3771391c2d608518690eccf44eae8_redline_33d486ead6_docxodus.pdf,007cf8ada77fd80a510c77ede7746139118f90360440f7910cd11c1bd50495f4
33e7d339be_font_color_demo_style_default_missing__vs__b4b7c76ecd_font_family_demo_id_paraid_overflow_redline_340dd11242,340dd11242,tracking_without_comments,word_based_0926,corpus,/Users/arthrod/temp/T/neurotic_docx_bench/corpus/word/tracking_without_comments/pdf/33e7d339be_font_color_demo_style_default_missing__vs__b4b7c76ecd_font_family_demo_id_paraid_overflow_redline_340dd11242.pdf,0843c34a352f3d857a1a735490a6261170544c068bd06fd17524bd69ba53b523,/Users/arthrod/temp/T/neurotic_docx_bench/results/redlines_0929_full/docxodus/pdf_by_word/33e7d339be_font_color_demo_style_default_missing__vs__b4b7c76ecd_font_family_demo_id_paraid_overflow_redline_340dd11242_docxodus.pdf,b58b60be595174236425a958bf99b085d8727c5df63f19becf4f7871633f6442
316da9cc94_subscript_demo_id_paraid_overflow__vs__b39182a410_subscript_demo_style_default_missing_redline_349073146a,349073146a,tracking_without_comments,word_based,corpus,/Users/arthrod/temp/T/neurotic_docx_bench/corpus/word/tracking_without_comments/pdf/316da9cc94_subscript_demo_id_paraid_overflow__vs__b39182a410_subscript_demo_style_default_missing_redline_349073146a.pdf,f96165f79502083feb827a66d543e108c641ac3c2a07a1c0683c440aba0f52c9,/Users/arthrod/temp/T/neurotic_docx_bench/results/redlines_0929_full/docxodus/pdf_by_word/316da9cc94_subscript_demo_id_paraid_overflow__vs__b39182a410_subscript_demo_style_default_missing_redline_349073146a_docxodus.pdf,0deecf0c3d695f59d4031e5e7a2369fb6447951c77c26c5870a14c26e9a3b9c3
5c207ef361_super_editor__font_formatting_runs_8be3565a__vs__bb9c5a8bd5_doc_api_stories__table_style_options_roundtrip_1_redline_350de6087f,350de6087f,with_comments_tracking,word_redlines_superdoc_0926,fresh,/Users/arthrod/temp/T/compare_regen/out/350de6087f__vs__350de6087f.pdf,b5933fde2e70e04748d641efc27d5e670b42cfcee89f773d410af9401bc080f1,/Users/arthrod/temp/T/neurotic_docx_bench/results/redlines_0929_full/docxodus/pdf_by_word/5c207ef361_super_editor__font_formatting_runs_8be3565a__vs__bb9c5a8bd5_doc_api_stories__table_style_options_roundtrip_1_redline_34e52d37ea_docxodus.pdf,b4b83f1b0805a10377b5bbe39478b9fc73d2ae74272a9ed6f86ac278e1001023
8ee210e927_super_editor__missing_separator_41c823b9__vs__75aeff4f58_super_editor__diff_after9_a9d4b4b0_redline_3528434041,3528434041,tracking_without_comments,word_redlines_superdoc_0926,corpus,/Users/arthrod/temp/T/neurotic_docx_bench/corpus/word/tracking_without_comments/pdf/8ee210e927_super_editor__missing_separator_41c823b9__vs__75aeff4f58_super_editor__diff_after9_a9d4b4b0_redline_3528434041.pdf,119d2c1313e9db3f7610b71ad291b9986c1aabd1c75d653c05cc93e490a56405,/Users/arthrod/temp/T/neurotic_docx_bench/results/redlines_0929_full/docxodus/pdf_by_word/8ee210e927_super_editor__missing_separator_41c823b9__vs__75aeff4f58_super_editor__diff_after9_a9d4b4b0_redline_3528434041_docxodus.pdf,8f3bb9bf52e8e87432583ca51706c32bc6b398f87e5ebab9c1b35d7f8a475da5
3e43d24c46_clear_formatting_demo_id_paraid_overflow__vs__0cf73436ac_contract_review_suggesting_insertions_redline_35a8be94f9,35a8be94f9,tracking_without_comments,word_based,corpus,/Users/arthrod/temp/T/neurotic_docx_bench/corpus/word/tracking_without_comments/pdf/3e43d24c46_clear_formatting_demo_id_paraid_overflow__vs__0cf73436ac_contract_review_suggesting_insertions_redline_35a8be94f9.pdf,da82f6276c475ffdea16cb6261d5c5d199a4e057b588ff800bf87e4495238186,/Users/arthrod/temp/T/neurotic_docx_bench/results/redlines_0929_full/docxodus/pdf_by_word/3e43d24c46_clear_formatting_demo_id_paraid_overflow__vs__0cf73436ac_contract_review_suggesting_insertions_redline_10e0bef64b_docxodus.pdf,0d4cdfafab659c5a53d2540400c940c26b9a4fd19c0cbde6d8613ae7f983b990
628ec1cb76_00a9d81709806bc220522f9b062f226e19ba256e436493b1__vs__5203829c7a_001cc92b88566d5f930fe57f25813c0bf52a7bdc72c217d0_redline_35e6aad724,35e6aad724,tracking_without_comments,redlines_a100_b10,corpus,/Users/arthrod/temp/T/neurotic_docx_bench/corpus/word/tracking_without_comments/pdf/628ec1cb76_00a9d81709806bc220522f9b062f226e19ba256e436493b1__vs__5203829c7a_001cc92b88566d5f930fe57f25813c0bf52a7bdc72c217d0_redline_35e6aad724.pdf,aa5ba1ea67c5089360b9f187ec5557e198893f4cfde118dd748de8d756714b85,/Users/arthrod/temp/T/neurotic_docx_bench/results/redlines_0929_full/docxodus/pdf_by_word/628ec1cb76_00a9d81709806bc220522f9b062f226e19ba256e436493b1__vs__5203829c7a_001cc92b88566d5f930fe57f25813c0bf52a7bdc72c217d0_redline_35e6aad724_docxodus.pdf,5c9ee6888cbf2a5d55a38919461493380f055fa8eaa067349f7508e6b62c118f
af540c50e4_00edeec4b73ab68a9a4e2b0281464f067656d89fc9969ab4__vs__bd3824dd1e_000ee64ef7226d353297888f59a251e24ce5d776fea000fa_redline_367a73a255,367a73a255,tracking_without_comments,redlines_a100_b10,corpus,/Users/arthrod/temp/T/neurotic_docx_bench/corpus/word/tracking_without_comments/pdf/af540c50e4_00edeec4b73ab68a9a4e2b0281464f067656d89fc9969ab4__vs__bd3824dd1e_000ee64ef7226d353297888f59a251e24ce5d776fea000fa_redline_367a73a255.pdf,18d319fee1a06a52837d6c6ad5ba89ad4d4bcaaa823f55d523654a35ac254649,/Users/arthrod/temp/T/neurotic_docx_bench/results/redlines_0929_full/docxodus/pdf_by_word/af540c50e4_00edeec4b73ab68a9a4e2b0281464f067656d89fc9969ab4__vs__bd3824dd1e_000ee64ef7226d353297888f59a251e24ce5d776fea000fa_redline_367a73a255_docxodus.pdf,4a8548b5a4b5ea5be75dffa42d4f9c786268cfdc1b4bdf4ac0b5ac54fbb6a87a
2b328caeee_0ddd11a4c4cfd99b77de17348a8ddc30ae5e5c80a101c84e__vs__882e251894_c41a01217b430717fbacf9cd114aed87b99db718803e1801_redline_3866f441cc,3866f441cc,with_comments_tracking,redlines_en_500,fresh,/Users/arthrod/temp/T/compare_regen/out/3866f441cc__vs__3866f441cc.pdf,ad02a8f92ee90588e0b8965fa246e64e6268e096903ac2b596cf8e744a60db33,/Users/arthrod/temp/T/neurotic_docx_bench/results/redlines_0929_full/docxodus/pdf_by_word/2b328caeee_0ddd11a4c4cfd99b77de17348a8ddc30ae5e5c80a101c84e__vs__882e251894_c41a01217b430717fbacf9cd114aed87b99db718803e1801_redline_3866f441cc_docxodus.pdf,39636b7da35f32e6fc15dd02ae434bd6f12ec8c07883926e485799651e7e6c88
7b076416b0_sectpr_headerref__vs__4ba01802a7_super_editor__diff_after_10f1912e_redline_3a7c6c04a0,3a7c6c04a0,tracking_without_comments,word_redlines_superdoc,corpus,/Users/arthrod/temp/T/neurotic_docx_bench/corpus/word/tracking_without_comments/pdf/7b076416b0_sectpr_headerref__vs__4ba01802a7_super_editor__diff_after_10f1912e_redline_3a7c6c04a0.pdf,5d78c4f962a5e3c25d301f3cd498ca29a2d07404236900ed2c45da1a90e23204,/Users/arthrod/temp/T/neurotic_docx_bench/results/redlines_0929_full/docxodus/pdf_by_word/7b076416b0_sectpr_headerref__vs__4ba01802a7_super_editor__diff_after_10f1912e_redline_3a7c6c04a0_docxodus.pdf,4ef578e9bdb963c8778b0c1179f3a6e352c9e0709dd3df7b7d139078e63a9c9e
23cdfeee74_0022d9b76a33e7bdcda8d38ec3c898364c578897fb55d462__vs__5203829c7a_001cc92b88566d5f930fe57f25813c0bf52a7bdc72c217d0_redline_3a979dc632,3a979dc632,tracking_without_comments,redlines_a100_b10,corpus,/Users/arthrod/temp/T/neurotic_docx_bench/corpus/word/tracking_without_comments/pdf/23cdfeee74_0022d9b76a33e7bdcda8d38ec3c898364c578897fb55d462__vs__5203829c7a_001cc92b88566d5f930fe57f25813c0bf52a7bdc72c217d0_redline_3a979dc632.pdf,fce05b987bce665dc3122bda8595563b34690345c280aad5407f1bcd2f8f9170,/Users/arthrod/temp/T/neurotic_docx_bench/results/redlines_0929_full/docxodus/pdf_by_word/23cdfeee74_0022d9b76a33e7bdcda8d38ec3c898364c578897fb55d462__vs__5203829c7a_001cc92b88566d5f930fe57f25813c0bf52a7bdc72c217d0_redline_3a979dc632_docxodus.pdf,863633f448146dbd4c333f1dfc490ae1aabe72ff82ee4777f5f1b3214b3d0dad
bb35ae41ba_evals__comments_doc_79800b37__vs__3ad13eed3d_evals__document_9bff7e1b_redline_3b0aa9cb14,3b0aa9cb14,with_comments_tracking,word_redlines_superdoc_0926,fresh,/Users/arthrod/temp/T/compare_regen/out/3b0aa9cb14__vs__3b0aa9cb14.pdf,55bd31d5b1b83ab5766bd263f9c825935036195cb4353a511412acc61853dfd6,/Users/arthrod/temp/T/neurotic_docx_bench/results/redlines_0929_full/docxodus/pdf_by_word/bb35ae41ba_evals__comments_doc_79800b37__vs__3ad13eed3d_evals__document_9bff7e1b_redline_3b0aa9cb14_docxodus.pdf,609e08d1650c4755377e0980f8dbc9a82f4a7e8bcba17764cd2550adaea54a95
687da097e9_heading_2_center_demo_id_paraid_overflow__vs__3a9525749b_heading_2_style_demo_id_paraid_overflow_redline_3b4d7703bc,3b4d7703bc,tracking_without_comments,fixtures_word_compares;pdf_fill_0928,fresh,/Users/arthrod/temp/T/compare_regen/out/3b4d7703bc__vs__3b4d7703bc.pdf,26d232396051f67fb5481e69985e05f28a6ea6d7d3cbfcad36962338048c9e5f,/Users/arthrod/temp/T/neurotic_docx_bench/results/redlines_0929_full/docxodus/pdf_by_word/687da097e9_heading_2_center_demo_id_paraid_overflow__vs__3a9525749b_heading_2_style_demo_id_paraid_overflow_redline_1c5fe20c9c_docxodus.pdf,9876d9b8ca6cfd876478c6ee9fe481de9e32bfdfb29ecf691e31d82063c07a84
4c4f8515c5_title_style_centered_demo_id_paraid_overflow__vs__f8f9857e80_title_style_demo_id_paraid_overflow_redline_3bb3312335,3bb3312335,tracking_without_comments,fixtures_word_compares;pdf_fill_0928,fresh,/Users/arthrod/temp/T/compare_regen/out/3bb3312335__vs__3bb3312335.pdf,b8d8289460446b62f3cefe8ce3e95267697fef01e2b5847383bad44b158294d0,/Users/arthrod/temp/T/neurotic_docx_bench/results/redlines_0929_full/docxodus/pdf_by_word/4c4f8515c5_title_style_centered_demo_id_paraid_overflow__vs__f8f9857e80_title_style_demo_id_paraid_overflow_redline_3bb3312335_docxodus.pdf,b5e0d85983d5435d0e06d9a63f21fb37eba2776d3822b8151ecb4815ebaa18c0
04dafefc52_00048cb6667d721bdb2219ecbadb6eb369e439c130ac475e__vs__333bfe069a_003416d620331122b93b434dad901db5836f60d2cad4b533_redline_3be4fcdaf1,3be4fcdaf1,tracking_without_comments,redlines_a100_b10,corpus,/Users/arthrod/temp/T/neurotic_docx_bench/corpus/word/tracking_without_comments/pdf/04dafefc52_00048cb6667d721bdb2219ecbadb6eb369e439c130ac475e__vs__333bfe069a_003416d620331122b93b434dad901db5836f60d2cad4b533_redline_3be4fcdaf1.pdf,b1fa01ec87760ecef496b2bb6f8b2e0c0cd244ac68a27eb0bbe00a1d03220ea9,/Users/arthrod/temp/T/neurotic_docx_bench/results/redlines_0929_full/docxodus/pdf_by_word/04dafefc52_00048cb6667d721bdb2219ecbadb6eb369e439c130ac475e__vs__333bfe069a_003416d620331122b93b434dad901db5836f60d2cad4b533_redline_3be4fcdaf1_docxodus.pdf,493ed1f47218dcdfac57907f68634cb207acbe327298859092ec4a41b31726f5
9322444a3f_behavior__sd_2888_hyperlink_with_ampersand_aaaac__vs__c4ee483519_tiff_image_redline_3c8e1237e2,3c8e1237e2,tracking_without_comments,word_redlines_superdoc,corpus,/Users/arthrod/temp/T/neurotic_docx_bench/corpus/word/tracking_without_comments/pdf/9322444a3f_behavior__sd_2888_hyperlink_with_ampersand_aaaac__vs__c4ee483519_tiff_image_redline_3c8e1237e2.pdf,73e54cc592dab8adf5c8ce3139f2f713a3fee316857e66c05b5bf21e3d1c7038,/Users/arthrod/temp/T/neurotic_docx_bench/results/redlines_0929_full/docxodus/pdf_by_word/9322444a3f_behavior__sd_2888_hyperlink_with_ampersand_aaaac__vs__c4ee483519_tiff_image_redline_3c8e1237e2_docxodus.pdf,b0f07b306f865f7c0c5906f2603aa297cedd76f0c80ae23a0968666801133a38
3cf3093270_super_editor__diff_after7_b998213e__vs__735c372b41_super_editor__diff_after8_58e5c288_redline_3cddbcb812,3cddbcb812,with_comments_tracking,word_redlines_superdoc,fresh,/Users/arthrod/temp/T/compare_regen/out/3cddbcb812__vs__3cddbcb812.pdf,ba2cf150591f1bf2765058987eeb69d58aae3d69b43c45afe2c9a4662b9c5c31,/Users/arthrod/temp/T/neurotic_docx_bench/results/redlines_0929_full/docxodus/pdf_by_word/3cf3093270_super_editor__diff_after7_b998213e__vs__735c372b41_super_editor__diff_after8_58e5c288_redline_3cddbcb812_docxodus.pdf,b59b385a47dba7a88210723efa292208f5850b5b086fd783410ee87037788391
0f5a806b4c_file_141__vs__dccd972179_file_142_redline_3d22ad3c37,3d22ad3c37,with_comments_tracking,word_based_randomized,fresh,/Users/arthrod/temp/T/compare_regen/out/3d22ad3c37__vs__3d22ad3c37.pdf,55125e92683369a10ff099871743c2c67fcd91f2ca1469c1a13202068718aa5e,/Users/arthrod/temp/T/neurotic_docx_bench/results/redlines_0929_full/docxodus/pdf_by_word/0f5a806b4c_file_141__vs__dccd972179_file_142_redline_3d22ad3c37_docxodus.pdf,149d0d718331eabb3385e1b771f7e345804922fb9b2bb61e539e49ed1e1f21ea
4304570867_file_69__vs__af2bb3fa96_file_70_redline_3dac82f40a,3dac82f40a,with_comments_tracking,word_based_randomized,fresh,/Users/arthrod/temp/T/compare_regen/out/3dac82f40a__vs__3dac82f40a.pdf,5fa25ab4090a068cbc40f2ec721cea1a2a65bc24d740f81c2387d7ec5a515286,/Users/arthrod/temp/T/neurotic_docx_bench/results/redlines_0929_full/docxodus/pdf_by_word/4304570867_file_69__vs__af2bb3fa96_file_70_redline_3dac82f40a_docxodus.pdf,61632de330823410614501b37a6a53fd84ee35b3447c14f3b4c83831445b79b7
13da8d3a5b_times_new_roman_font_id_paraid_overflow__vs__4c4f8515c5_title_style_centered_demo_id_paraid_overflow_redline_3e4a08bd2d,3e4a08bd2d,tracking_without_comments,word_based_0926,corpus,/Users/arthrod/temp/T/neurotic_docx_bench/corpus/word/tracking_without_comments/pdf/13da8d3a5b_times_new_roman_font_id_paraid_overflow__vs__4c4f8515c5_title_style_centered_demo_id_paraid_overflow_redline_3e4a08bd2d.pdf,914d52be30d940e9c0489957ae6d7c48e2dd2f325da2bd7b52ea6ad33590f723,/Users/arthrod/temp/T/neurotic_docx_bench/results/redlines_0929_full/docxodus/pdf_by_word/13da8d3a5b_times_new_roman_font_id_paraid_overflow__vs__4c4f8515c5_title_style_centered_demo_id_paraid_overflow_redline_1779634f9b_docxodus.pdf,88284509c075e4d84319ea7d44c5d1529985d4b8d757df4699fe7974cddbdf58
aeba435bbd_file_133__vs__6f02029e99_file_134_redline_3e4b94de41,3e4b94de41,tracking_without_comments,word_based_randomized,corpus,/Users/arthrod/temp/T/neurotic_docx_bench/corpus/word/tracking_without_comments/pdf/aeba435bbd_file_133__vs__6f02029e99_file_134_redline_3e4b94de41.pdf,6ccfafd630fe6f9dd7b092a3efda0f9a5652807f0527afc704417dbdb8c7e7b5,/Users/arthrod/temp/T/neurotic_docx_bench/results/redlines_0929_full/docxodus/pdf_by_word/aeba435bbd_file_133__vs__6f02029e99_file_134_redline_3e4b94de41_docxodus.pdf,ac7eac4c9069e491a4cfee6969c8e651dd3f72c9af1635be9d1b4839d3602066
5bde480834_file_112__vs__ae5f2d61d5_file_113_redline_3eaf131a58,3eaf131a58,tracking_without_comments,word_based_randomized,corpus,/Users/arthrod/temp/T/neurotic_docx_bench/corpus/word/tracking_without_comments/pdf/5bde480834_file_112__vs__ae5f2d61d5_file_113_redline_3eaf131a58.pdf,560fdfc101e6f5ce540d84752d62af40b622cdf0ccdc520c85f13f0a1d7b7d18,/Users/arthrod/temp/T/neurotic_docx_bench/results/redlines_0929_full/docxodus/pdf_by_word/5bde480834_file_112__vs__ae5f2d61d5_file_113_redline_3eaf131a58_docxodus.pdf,cc2b9503ba2d18969f97e720ae20a996ea24a3d760892b2fb04db5b5f3c67b45
08286ffbfb_super_editor__basic_resolved_comment_cac5a1b0__vs__5fa01813d3_super_editor__basic_table_shading_d3212ffd_redline_3fdab4ace6,3fdab4ace6,with_comments_tracking,word_redlines_superdoc,fresh,/Users/arthrod/temp/T/compare_regen/out/3fdab4ace6__vs__3fdab4ace6.pdf,1565944f165a3fa9edd24e545d38c55a5086fcd4ced5984de916138854dc9155,/Users/arthrod/temp/T/neurotic_docx_bench/results/redlines_0929_full/docxodus/pdf_by_word/08286ffbfb_super_editor__basic_resolved_comment_cac5a1b0__vs__5fa01813d3_super_editor__basic_table_shading_d3212ffd_redline_3fdab4ace6_docxodus.pdf,fdeb482f5caff4a712464a47006172d55e20b8d3f086f977f285743ee085f937
e0e59cf962_track_changes_suggesting_heading_id_paraid_overf__vs__438e423482_track_changes_suggesting_italic_id_paraid_overfl_redline_401b6671a7,401b6671a7,tracking_without_comments,word_based,corpus,/Users/arthrod/temp/T/neurotic_docx_bench/corpus/word/tracking_without_comments/pdf/e0e59cf962_track_changes_suggesting_heading_id_paraid_overf__vs__438e423482_track_changes_suggesting_italic_id_paraid_overfl_redline_401b6671a7.pdf,619e689374b4b7dd701faaac0188a6b7380a377cd2360a03790147504897fb1f,/Users/arthrod/temp/T/neurotic_docx_bench/results/redlines_0929_full/docxodus/pdf_by_word/e0e59cf962_track_changes_suggesting_heading_id_paraid_overf__vs__438e423482_track_changes_suggesting_italic_id_paraid_overfl_redline_401b6671a7_docxodus.pdf,be317e12c3096c059b0bc1ca514ad1470793d79661942080bc5fbabbee9f999d
2936af4459_super_editor__sd_1480_two_col_tab_positions_0095__vs__ced58cbf54_super_editor__sd_1494_table_left_indent_03277d35_redline_402e22a3f4,402e22a3f4,tracking_without_comments,word_redlines_superdoc_0926,corpus,/Users/arthrod/temp/T/neurotic_docx_bench/corpus/word/tracking_without_comments/pdf/2936af4459_super_editor__sd_1480_two_col_tab_positions_0095__vs__ced58cbf54_super_editor__sd_1494_table_left_indent_03277d35_redline_402e22a3f4.pdf,47ccbf00fe5220ba711b942feb2b4d0600b1c06994ccbcc382a5d116584c667d,/Users/arthrod/temp/T/neurotic_docx_bench/results/redlines_0929_full/docxodus/pdf_by_word/2936af4459_super_editor__sd_1480_two_col_tab_positions_0095__vs__ced58cbf54_super_editor__sd_1494_table_left_indent_03277d35_redline_40173d334a_docxodus.pdf,67c48076b4d9c39efd247115b8c58886fd238e85e44377f3e29801707b3f78c8
e137a3db25_file_140__vs__0f5a806b4c_file_141_redline_421d863d4e,421d863d4e,with_comments_tracking,word_based_randomized,fresh,/Users/arthrod/temp/T/compare_regen/out/421d863d4e__vs__421d863d4e.pdf,db834608277cef27934aaede602e8f5c803a4521b5a186f1ee2057d2fce221a9,/Users/arthrod/temp/T/neurotic_docx_bench/results/redlines_0929_full/docxodus/pdf_by_word/e137a3db25_file_140__vs__0f5a806b4c_file_141_redline_421d863d4e_docxodus.pdf,9e1e7fecaa66e52049108ded02e5dee81cee8c9a51ad1946b19f3325b3b44edf
0483e899af_file_143__vs__cc82deb093_file_144_redline_428f3f3022,428f3f3022,with_comments_tracking,word_based_randomized,fresh,/Users/arthrod/temp/T/compare_regen/out/428f3f3022__vs__428f3f3022.pdf,8afc07d7d32687b2fe4357f40d0fa515b02020a7ba9f201dd9bf979e405c1ef7,/Users/arthrod/temp/T/neurotic_docx_bench/results/redlines_0929_full/docxodus/pdf_by_word/0483e899af_file_143__vs__cc82deb093_file_144_redline_428f3f3022_docxodus.pdf,499cae6f2200dafdb23a00e262ae078f39f9cca46019474eb5377ec460bc40d9
3ee2d0ceda_00026ef6a227eca724d9cd35f12e3065557a9ef0dc7ee295__vs__5203829c7a_001cc92b88566d5f930fe57f25813c0bf52a7bdc72c217d0_redline_42a3eff631,42a3eff631,tracking_without_comments,redlines_a100_b10,corpus,/Users/arthrod/temp/T/neurotic_docx_bench/corpus/word/tracking_without_comments/pdf/3ee2d0ceda_00026ef6a227eca724d9cd35f12e3065557a9ef0dc7ee295__vs__5203829c7a_001cc92b88566d5f930fe57f25813c0bf52a7bdc72c217d0_redline_42a3eff631.pdf,140e5132ce5ce6096fc9dedf7d633ee17d59695994b24e4162414db286f89df2,/Users/arthrod/temp/T/neurotic_docx_bench/results/redlines_0929_full/docxodus/pdf_by_word/3ee2d0ceda_00026ef6a227eca724d9cd35f12e3065557a9ef0dc7ee295__vs__5203829c7a_001cc92b88566d5f930fe57f25813c0bf52a7bdc72c217d0_redline_42a3eff631_docxodus.pdf,30d762fa83b0bf35c9b68c9f49559d5bf297ace2f5f9eb7d00d837c31972eb85
8c730b5c80_heading_4_right_italic_id_paraid_overflow__vs__00da16e738_heading_4_style_demo_id_paraid_overflow_2_redline_42e2b0605f,42e2b0605f,tracking_without_comments,word_based_0926,corpus,/Users/arthrod/temp/T/neurotic_docx_bench/corpus/word/tracking_without_comments/pdf/8c730b5c80_heading_4_right_italic_id_paraid_overflow__vs__00da16e738_heading_4_style_demo_id_paraid_overflow_2_redline_42e2b0605f.pdf,24292e6814c688b61f80e8bfd9a40ee69fe0f02694f40121025222be640a90a0,/Users/arthrod/temp/T/neurotic_docx_bench/results/redlines_0929_full/docxodus/pdf_by_word/8c730b5c80_heading_4_right_italic_id_paraid_overflow__vs__00da16e738_heading_4_style_demo_id_paraid_overflow_2_redline_42e2b0605f_docxodus.pdf,1f0bdccdddb74c8d9af6a1bfaf4614ec8b1322b7d23174633f43699fd4a3dc6c
af73bfcc05_meeting_minutes_suggesting_insertions__vs__82348eef4b_multi_section_redline_4318cac120,4318cac120,tracking_without_comments,word_based;fixtures_word_compares,fresh,/Users/arthrod/temp/T/compare_regen/out/4318cac120__vs__4318cac120.pdf,b307345ba5d04ce45dd476b1d8554e7b70367e9c89593205f7d5818a2fd19915,/Users/arthrod/temp/T/neurotic_docx_bench/results/redlines_0929_full/docxodus/pdf_by_word/af73bfcc05_meeting_minutes_suggesting_insertions__vs__82348eef4b_multi_section_redline_4318cac120_docxodus.pdf,f16a3340543a2527b2f9f56903e8e2c1434d37e965ed7b4e358850f796a18bc8
0935a8a24e_file_151__vs__f601de1855_file_152_redline_4376dca7a2,4376dca7a2,tracking_without_comments,word_based_randomized,corpus,/Users/arthrod/temp/T/neurotic_docx_bench/corpus/word/tracking_without_comments/pdf/0935a8a24e_file_151__vs__f601de1855_file_152_redline_4376dca7a2.pdf,d7a697a91657f1e517843b357e123d05acf14866992141511a07930af9f997ba,/Users/arthrod/temp/T/neurotic_docx_bench/results/redlines_0929_full/docxodus/pdf_by_word/0935a8a24e_file_151__vs__f601de1855_file_152_redline_4376dca7a2_docxodus.pdf,025a953409d5887ffad6baded5c6773bdb602c9e4bd136d4dc0b3e6fd876566b
382497a0a8_super_editor__python_docx_comment_test_501f21cb__vs__3d8acd6139_super_editor__restart_numbering_sub_list_85ddcb7_redline_43aedaf43e,43aedaf43e,with_comments_tracking,word_redlines_superdoc_0926,fresh,/Users/arthrod/temp/T/compare_regen/out/43aedaf43e__vs__43aedaf43e.pdf,fb23716593fa4a681470adb0d15292435209d90fdc41954ad8119718a79e83ed,/Users/arthrod/temp/T/neurotic_docx_bench/results/redlines_0929_full/docxodus/pdf_by_word/382497a0a8_super_editor__python_docx_comment_test_501f21cb__vs__3d8acd6139_super_editor__restart_numbering_sub_list_85ddcb7_redline_43aedaf43e_docxodus.pdf,29cdfff4efaa403746835a10ce524a4386d4984c73b11fcc481d4f18b277f0cf
5b421850d5_super_editor__ooxml_strike_rstyle_linked_combos__vs__7e685cbab1_super_editor__ooxml_underline_rstyle_linked_comb_redline_45844ba15d,45844ba15d,tracking_without_comments,word_redlines_superdoc_0926,corpus,/Users/arthrod/temp/T/neurotic_docx_bench/corpus/word/tracking_without_comments/pdf/5b421850d5_super_editor__ooxml_strike_rstyle_linked_combos__vs__7e685cbab1_super_editor__ooxml_underline_rstyle_linked_comb_redline_45844ba15d.pdf,3e12e5ee9c8f59c675d8731f7ed8620d5245e3412bb26370bfeec12fe3ad2516,/Users/arthrod/temp/T/neurotic_docx_bench/results/redlines_0929_full/docxodus/pdf_by_word/5b421850d5_super_editor__ooxml_strike_rstyle_linked_combos__vs__7e685cbab1_super_editor__ooxml_underline_rstyle_linked_comb_redline_3fab50f94a_docxodus.pdf,6c2d490441698d45afb2668c8763773260f48ca7666715f4a4d1b03c8d3a10f7
36fbd8c734_sales_report_january_2026_suggesting_insertions__vs__81158d928d_sample_document_afterword_repaired_word_repaired_redline_46247b70dc,46247b70dc,with_comments_tracking,word_based,fresh,/Users/arthrod/temp/T/compare_regen/out/46247b70dc__vs__46247b70dc.pdf,9334b1fe0ca9a8d62f168edf2e5faf600fa1717b57ed46306947639d0d14c584,/Users/arthrod/temp/T/neurotic_docx_bench/results/redlines_0929_full/docxodus/pdf_by_word/36fbd8c734_sales_report_january_2026_suggesting_insertions__vs__81158d928d_sample_document_afterword_repaired_word_repaired_redline_20eccb4f6a_docxodus.pdf,7cd180931f38e1c5fde59f3ddaccf053e034c7594061785a627750bb4142ddf6
849eefdb7e_7429fdae0db732bd2f2dbd382964e22d8200733591aa421d__vs__67555165fa_5aaa1b479afe01ccd8430417730f6ce91d16f00d01314895_redline_4699b416f2,4699b416f2,tracking_without_comments,redlines_en_500,corpus,/Users/arthrod/temp/T/neurotic_docx_bench/corpus/word/tracking_without_comments/pdf/849eefdb7e_7429fdae0db732bd2f2dbd382964e22d8200733591aa421d__vs__67555165fa_5aaa1b479afe01ccd8430417730f6ce91d16f00d01314895_redline_4699b416f2.pdf,bc0507f75971b7d8bb2c409a6b654607555c3fa22db88f833bee66398786c434,/Users/arthrod/temp/T/neurotic_docx_bench/results/redlines_0929_full/docxodus/pdf_by_word/849eefdb7e_7429fdae0db732bd2f2dbd382964e22d8200733591aa421d__vs__67555165fa_5aaa1b479afe01ccd8430417730f6ce91d16f00d01314895_redline_4699b416f2_docxodus.pdf,e1bc5143df3b8c51d4f8f62148cb726c02a65d69bea067f567bef3e800cbc549
60697d46b7_strict01__vs__60697d46b7_strict01_redline_4720423c07,4720423c07,with_comments_tracking,word_based;fixtures_word_compares;pdf_fill_0928,fresh,/Users/arthrod/temp/T/compare_regen/out/4720423c07__vs__4720423c07.pdf,f13404c21f69c0eb23be9ba8f5cad01990fae410478985861ae441dba542e4d0,/Users/arthrod/temp/T/neurotic_docx_bench/results/redlines_0929_full/docxodus/pdf_by_word/60697d46b7_strict01__vs__60697d46b7_strict01_redline_34ffddfe47_docxodus.pdf,eb2975e9be1f4fef48465cb321fc45b331eda920685f9097dc959a111b60965d
b31456961a_file_42__vs__e3c6e90478_file_43_redline_47d0da4ff9,47d0da4ff9,tracking_without_comments,word_based_randomized,corpus,/Users/arthrod/temp/T/neurotic_docx_bench/corpus/word/tracking_without_comments/pdf/b31456961a_file_42__vs__e3c6e90478_file_43_redline_47d0da4ff9.pdf,e0f471e854a77f2bd486b4e95f3ab9a4d35af21df7059921e4322e034f359d12,/Users/arthrod/temp/T/neurotic_docx_bench/results/redlines_0929_full/docxodus/pdf_by_word/b31456961a_file_42__vs__e3c6e90478_file_43_redline_47d0da4ff9_docxodus.pdf,1003b1ac63501daf290d899301213a274c28645dbfc2b083ef78be20a3a32932
1e0254763b_strict01__vs__1e0254763b_strict01_redline_4822d35f9f,4822d35f9f,tracking_without_comments,nocomments,corpus,/Users/arthrod/temp/T/neurotic_docx_bench/corpus/word/tracking_without_comments/pdf/1e0254763b_strict01__vs__1e0254763b_strict01_redline_4822d35f9f.pdf,f9d367c83411a959517fd681c6f6a58d592f2279a2e361647034c29eb45a4f7b,/Users/arthrod/temp/T/neurotic_docx_bench/results/redlines_0929_full/docxodus/pdf_by_word/1e0254763b_strict01__vs__1e0254763b_strict01_redline_4822d35f9f_docxodus.pdf,04153800241e84fb83a7f2b282cce4f93e1511c065a8ece08d1161e02e749489
a5903a7c15_super_editor__pci_table_dc840852__vs__501bf3d47b_super_editor__table_merged_cells_9c349334_redline_482ad62e2c,482ad62e2c,tracking_without_comments,word_redlines_superdoc,corpus,/Users/arthrod/temp/T/neurotic_docx_bench/corpus/word/tracking_without_comments/pdf/a5903a7c15_super_editor__pci_table_dc840852__vs__501bf3d47b_super_editor__table_merged_cells_9c349334_redline_482ad62e2c.pdf,547e48099ae9b6d0e6ededd35a4177a994a7639895207971cf7b1cf7d62a5e84,/Users/arthrod/temp/T/neurotic_docx_bench/results/redlines_0929_full/docxodus/pdf_by_word/a5903a7c15_super_editor__pci_table_dc840852__vs__501bf3d47b_super_editor__table_merged_cells_9c349334_redline_12e8491831_docxodus.pdf,06fd3ba61e645b285b815fbefe46ce09f6bc1bc798f2562c94b2632e02035a62
4492bbb1f8_file_172__vs__838af02d11_file_173_redline_485b916ef9,485b916ef9,with_comments_tracking,word_based_randomized_0926,fresh,/Users/arthrod/temp/T/compare_regen/out/485b916ef9__vs__485b916ef9.pdf,ad06fafeb92d4e986c5bd8a678e1361b3bd73263cb15c57f1386b62393a0f5a5,/Users/arthrod/temp/T/neurotic_docx_bench/results/redlines_0929_full/docxodus/pdf_by_word/4492bbb1f8_file_172__vs__838af02d11_file_173_redline_485b916ef9_docxodus.pdf,084a7c3ee13c810f17749c5be1f11f82784a8b4b15e749bee1e6c4f8756a171a
776a437291_behavior__two_column_simple_e77be963__vs__9e80f22c51_behavior__word_native_bullet_circle_80d6f323_redline_48789ea607,48789ea607,tracking_without_comments,word_redlines_superdoc_0926,corpus,/Users/arthrod/temp/T/neurotic_docx_bench/corpus/word/tracking_without_comments/pdf/776a437291_behavior__two_column_simple_e77be963__vs__9e80f22c51_behavior__word_native_bullet_circle_80d6f323_redline_48789ea607.pdf,3d4cb1b44d48b1e1c446ec86e3092e732862bb1acafa1f70a58b1ef3066f753d,/Users/arthrod/temp/T/neurotic_docx_bench/results/redlines_0929_full/docxodus/pdf_by_word/776a437291_behavior__two_column_simple_e77be963__vs__9e80f22c51_behavior__word_native_bullet_circle_80d6f323_redline_3b5978446c_docxodus.pdf,fff978278b81422af3a06952e216eea7964aa3df27dfb183bdf9c5ab676c3a33
3fcadf4761_docx_lots_of_comments_addition_removal_redline__vs__24ad1aa6e5_docx_lots_of_comments_addition_removal_redline_48b006f032,48b006f032,with_comments_tracking,word_based,fresh,/Users/arthrod/temp/T/compare_regen/out/48b006f032__vs__48b006f032.pdf,4a1ecf7b983d35223c7ed6322312ad76742b5ea08c58272e8db548b49905a848,/Users/arthrod/temp/T/neurotic_docx_bench/results/redlines_0929_full/docxodus/pdf_by_word/3fcadf4761_docx_lots_of_comments_addition_removal_redline__vs__24ad1aa6e5_docx_lots_of_comments_addition_removal_redline_30f20e787b_docxodus.pdf,d892fb4c9ce67daed57426e2b6b2abcbd474bc825973de351091de4e5281946b
13ee1cb061_ee56b1c2f1e42b79dfa8700e709c224299c1f85b41eb490e__vs__1c1fc4a7d3_921a851075ff3eb89f6ca703f298e6504a0ab0c43507f650_redline_48fe34d6a4,48fe34d6a4,tracking_without_comments,redlines_en_500,corpus,/Users/arthrod/temp/T/neurotic_docx_bench/corpus/word/tracking_without_comments/pdf/13ee1cb061_ee56b1c2f1e42b79dfa8700e709c224299c1f85b41eb490e__vs__1c1fc4a7d3_921a851075ff3eb89f6ca703f298e6504a0ab0c43507f650_redline_48fe34d6a4.pdf,081167f1fb4c15610a1a3f88edbee7290136efbf957bbab9a1891be003eb56d5,/Users/arthrod/temp/T/neurotic_docx_bench/results/redlines_0929_full/docxodus/pdf_by_word/13ee1cb061_ee56b1c2f1e42b79dfa8700e709c224299c1f85b41eb490e__vs__1c1fc4a7d3_921a851075ff3eb89f6ca703f298e6504a0ab0c43507f650_redline_48fe34d6a4_docxodus.pdf,70c48eb18ceaff1d5a949d887dbfe672aadedf555c0d2a8f25a10285ca3e0646
c20e9b2d21_font_size_24_demo_id_paraid_overflow__vs__f8ecf81d8b_font_size_demo_id_paraid_overflow_redline_49ff615f6a,49ff615f6a,tracking_without_comments,word_based,corpus,/Users/arthrod/temp/T/neurotic_docx_bench/corpus/word/tracking_without_comments/pdf/c20e9b2d21_font_size_24_demo_id_paraid_overflow__vs__f8ecf81d8b_font_size_demo_id_paraid_overflow_redline_49ff615f6a.pdf,2a8fe87306d6951222c06086f1b86da6f4255ec79fb7e1fac73d7ef417879542,/Users/arthrod/temp/T/neurotic_docx_bench/results/redlines_0929_full/docxodus/pdf_by_word/c20e9b2d21_font_size_24_demo_id_paraid_overflow__vs__f8ecf81d8b_font_size_demo_id_paraid_overflow_redline_49ff615f6a_docxodus.pdf,96618b39641987c92d0b5b6762c1337c4faec2c1127c94dd470d0f89a37f05e0
6dff70fa73_005df9de4a11e9d5e0809079fe33b4783538a96e645d8b42__vs__2e04202552_000e3e7bd2d6215fc7b469cc3e296c1b2a510bc1abc7e0fd_redline_4a5ba8ba7d,4a5ba8ba7d,tracking_without_comments,redlines_a100_b10,corpus,/Users/arthrod/temp/T/neurotic_docx_bench/corpus/word/tracking_without_comments/pdf/6dff70fa73_005df9de4a11e9d5e0809079fe33b4783538a96e645d8b42__vs__2e04202552_000e3e7bd2d6215fc7b469cc3e296c1b2a510bc1abc7e0fd_redline_4a5ba8ba7d.pdf,3db6345e43fa1ef8b3122eb19ed30150b83cfb1008918bd0d758aaa16b5e616e,/Users/arthrod/temp/T/neurotic_docx_bench/results/redlines_0929_full/docxodus/pdf_by_word/6dff70fa73_005df9de4a11e9d5e0809079fe33b4783538a96e645d8b42__vs__2e04202552_000e3e7bd2d6215fc7b469cc3e296c1b2a510bc1abc7e0fd_redline_4a5ba8ba7d_docxodus.pdf,54373aae300789c3d11120c694141df131354a603fd767ec3864d16a9ded9401
2b6c7be6bd_super_editor__nested_comments_84f214bb__vs__18eb110b3b_numwords_fldsimple_redline_4a8b3c676a,4a8b3c676a,with_comments_tracking,word_redlines_superdoc,fresh,/Users/arthrod/temp/T/compare_regen/out/4a8b3c676a__vs__4a8b3c676a.pdf,454b4d5d86e5348fecaf7f3f2b303667f0913f272eb369ce6f1f02f4eb31bacd,/Users/arthrod/temp/T/neurotic_docx_bench/results/redlines_0929_full/docxodus/pdf_by_word/2b6c7be6bd_super_editor__nested_comments_84f214bb__vs__18eb110b3b_numwords_fldsimple_redline_4a8b3c676a_docxodus.pdf,2ca6bb043ddde3ebf47244231bdbed6ef4a673b13697305a36c2ab979817ed93
97b2e714de_super_editor__broken_list_7e9b9bf7__vs__b389f55091_super_editor__comment_23ee5ec1_redline_4a9a8d0b4a,4a9a8d0b4a,with_comments_tracking,word_redlines_superdoc,fresh,/Users/arthrod/temp/T/compare_regen/out/4a9a8d0b4a__vs__4a9a8d0b4a.pdf,642a55cf056b22db86ba358212a135b4d95f96eed5c86a1512102750bb915a2f,/Users/arthrod/temp/T/neurotic_docx_bench/results/redlines_0929_full/docxodus/pdf_by_word/97b2e714de_super_editor__broken_list_7e9b9bf7__vs__b389f55091_super_editor__comment_23ee5ec1_redline_4a9a8d0b4a_docxodus.pdf,9b092e0175e92aa0f3471ce2bd39bc34d8040bfe3edd6137bb806e19a8d70e29
133e9207c0_file_34__vs__c90bde92a4_file_35_redline_4abb22a9a4,4abb22a9a4,tracking_without_comments,nocomments_randomized,corpus,/Users/arthrod/temp/T/neurotic_docx_bench/corpus/word/tracking_without_comments/pdf/133e9207c0_file_34__vs__c90bde92a4_file_35_redline_4abb22a9a4.pdf,fe10b1ab471be610e982fcec0f9acce0d359fbfdac6746ea3209ebdabe62e8af,/Users/arthrod/temp/T/neurotic_docx_bench/results/redlines_0929_full/docxodus/pdf_by_word/133e9207c0_file_34__vs__c90bde92a4_file_35_redline_4abb22a9a4_docxodus.pdf,adff05fd173c1710b0d3fa57e540a3ff5f656240ab56f074defe8d3b3bb5b818
aa62a37db2_strikethrough_text_demo_id_paraid_overflow__vs__4d1070e14c_strikethrough_text_formatting_demo_id_paraid_ove_redline_4ae050247d,4ae050247d,tracking_without_comments,fixtures_word_compares;pdf_fill_0928,fresh,/Users/arthrod/temp/T/compare_regen/out/4ae050247d__vs__4ae050247d.pdf,5026667382baad91909e5d065d1eea8042d3131aaf4a7fb96d299167f00e4827,/Users/arthrod/temp/T/neurotic_docx_bench/results/redlines_0929_full/docxodus/pdf_by_word/aa62a37db2_strikethrough_text_demo_id_paraid_overflow__vs__4d1070e14c_strikethrough_text_formatting_demo_id_paraid_ove_redline_126f86e26e_docxodus.pdf,369b3f9ec955fc4bd8bfa2322ac7273b0dd64148b5cd928f8df0cace0005dbfa
91440900a0_00189e19139f6e3031303e4152566a7bc08fab71a5c95895__vs__a5f2b9318d_002aa60c2ae1187417b4b157c5ec6450324cc056ec551a12_redline_4b8db8c7a5,4b8db8c7a5,tracking_without_comments,redlines_a100_b10,corpus,/Users/arthrod/temp/T/neurotic_docx_bench/corpus/word/tracking_without_comments/pdf/91440900a0_00189e19139f6e3031303e4152566a7bc08fab71a5c95895__vs__a5f2b9318d_002aa60c2ae1187417b4b157c5ec6450324cc056ec551a12_redline_4b8db8c7a5.pdf,5ff9add052a7ecaae5e0a41aa801c9ecabc3e4a3d4c75a13696e3365ba5ae277,/Users/arthrod/temp/T/neurotic_docx_bench/results/redlines_0929_full/docxodus/pdf_by_word/91440900a0_00189e19139f6e3031303e4152566a7bc08fab71a5c95895__vs__a5f2b9318d_002aa60c2ae1187417b4b157c5ec6450324cc056ec551a12_redline_4b8db8c7a5_docxodus.pdf,5141a20ba5c9161a0b0673960e2d85500c0bf96ab7486551afe64ba96d317fe1
689563dec1_calibri_heading_2_right_id_paraid_overflow__vs__24bd3ad29d_center_aligned_bold_text_id_paraid_overflow_redline_4c8efcc17b,4c8efcc17b,tracking_without_comments,word_based_0926,corpus,/Users/arthrod/temp/T/neurotic_docx_bench/corpus/word/tracking_without_comments/pdf/689563dec1_calibri_heading_2_right_id_paraid_overflow__vs__24bd3ad29d_center_aligned_bold_text_id_paraid_overflow_redline_4c8efcc17b.pdf,a28d04c1bbd7238eee86074131c6d81e9de4c3a51d1d5c680c7ae9742fce6c21,/Users/arthrod/temp/T/neurotic_docx_bench/results/redlines_0929_full/docxodus/pdf_by_word/689563dec1_calibri_heading_2_right_id_paraid_overflow__vs__24bd3ad29d_center_aligned_bold_text_id_paraid_overflow_redline_4c8efcc17b_docxodus.pdf,ddf7ddb0f441a3fad5f2724e92558b78ef9fdeb4d258378dbce7b19ec619fc72
82348eef4b_multi_section__vs__f7ece685ff_behavior__math_limit_tests_6dc07867_redline_4c9530a4f7,4c9530a4f7,tracking_without_comments,word_redlines_superdoc_0926,corpus,/Users/arthrod/temp/T/neurotic_docx_bench/corpus/word/tracking_without_comments/pdf/82348eef4b_multi_section__vs__f7ece685ff_behavior__math_limit_tests_6dc07867_redline_4c9530a4f7.pdf,9629c4383b1f0c0def5db7b302fec2c62898e51d2a19ffb7acdf4dece1e6184c,/Users/arthrod/temp/T/neurotic_docx_bench/results/redlines_0929_full/docxodus/pdf_by_word/82348eef4b_multi_section__vs__f7ece685ff_behavior__math_limit_tests_6dc07867_redline_249ef3e059_docxodus.pdf,b0e0e320f9d292a1388667dc50f3982d177024252a5adc2949a9d961e780fa8f
b389f55091_super_editor__comment_23ee5ec1__vs__ea7427b18a_super_editor__complex_list_def_issue_326369f9_redline_4e153e7d8c,4e153e7d8c,with_comments_tracking,word_redlines_superdoc_0926,fresh,/Users/arthrod/temp/T/compare_regen/out/4e153e7d8c__vs__4e153e7d8c.pdf,7cfaf44757e0dfa82d00f5cad6aacb5105ec869ea21ba8a11d272192a3dd347c,/Users/arthrod/temp/T/neurotic_docx_bench/results/redlines_0929_full/docxodus/pdf_by_word/b389f55091_super_editor__comment_23ee5ec1__vs__ea7427b18a_super_editor__complex_list_def_issue_326369f9_redline_108332354e_docxodus.pdf,a609b682ae462a698dc4cdc7f84e06e191eae1b9eaf43f321a4d4f37acdcc630
c7190b3adc_file_31__vs__083826730a_file_32_redline_4e54b171c3,4e54b171c3,tracking_without_comments,word_based_randomized_0926,corpus,/Users/arthrod/temp/T/neurotic_docx_bench/corpus/word/tracking_without_comments/pdf/c7190b3adc_file_31__vs__083826730a_file_32_redline_4e54b171c3.pdf,f7bdceb700d6d9dae17509f616d23d9ab0ea38376a3b499ba2af3db68f68d010,/Users/arthrod/temp/T/neurotic_docx_bench/results/redlines_0929_full/docxodus/pdf_by_word/c7190b3adc_file_31__vs__083826730a_file_32_redline_4e54b171c3_docxodus.pdf,22fad4b228efcecbb6493f33e305a505f245a4b88d54b83f82529387e44c3e8b
04dafefc52_00048cb6667d721bdb2219ecbadb6eb369e439c130ac475e__vs__deff0e697a_00b5defcad6e58038eac35472a2d48c89905068e5ece0cc3_redline_4ea3d6091d,4ea3d6091d,tracking_without_comments,redlines_a100_b10,corpus,/Users/arthrod/temp/T/neurotic_docx_bench/corpus/word/tracking_without_comments/pdf/04dafefc52_00048cb6667d721bdb2219ecbadb6eb369e439c130ac475e__vs__deff0e697a_00b5defcad6e58038eac35472a2d48c89905068e5ece0cc3_redline_4ea3d6091d.pdf,c161a4f290554fbde0a932d6150a03cf00ef8177f6b34a6dd35857f818a30f18,/Users/arthrod/temp/T/neurotic_docx_bench/results/redlines_0929_full/docxodus/pdf_by_word/04dafefc52_00048cb6667d721bdb2219ecbadb6eb369e439c130ac475e__vs__deff0e697a_00b5defcad6e58038eac35472a2d48c89905068e5ece0cc3_redline_4ea3d6091d_docxodus.pdf,ecb0a03cd671025c98aa35075c0d4805650cca387588dfd92ae515dce648a585
df097720f7_file_131__vs__3c60cce945_file_132_redline_4eff11f045,4eff11f045,with_comments_tracking,word_based_randomized_0926,fresh,/Users/arthrod/temp/T/compare_regen/out/4eff11f045__vs__4eff11f045.pdf,868aa5b5c6903aa8d02043651307af457c663cf15fc3f328e579546a2e175467,/Users/arthrod/temp/T/neurotic_docx_bench/results/redlines_0929_full/docxodus/pdf_by_word/df097720f7_file_131__vs__3c60cce945_file_132_redline_4eff11f045_docxodus.pdf,12b266610152caa1534cb95a098af6ebb71eae6be542c9164369e09c32668d5f
ae9360e096_behavior__sd_2672_merged_table_821b922c__vs__a5903a7c15_super_editor__pci_table_dc840852_redline_4f427d1e19,4f427d1e19,tracking_without_comments,word_redlines_superdoc,corpus,/Users/arthrod/temp/T/neurotic_docx_bench/corpus/word/tracking_without_comments/pdf/ae9360e096_behavior__sd_2672_merged_table_821b922c__vs__a5903a7c15_super_editor__pci_table_dc840852_redline_4f427d1e19.pdf,ba73872a5060229ce50e21d8ac90a8add6b2df152da8da9d7d5992a9b51af900,/Users/arthrod/temp/T/neurotic_docx_bench/results/redlines_0929_full/docxodus/pdf_by_word/ae9360e096_behavior__sd_2672_merged_table_821b922c__vs__a5903a7c15_super_editor__pci_table_dc840852_redline_00baea9614_docxodus.pdf,c6a3a15f21d9b7b8e9c90c0e2505aee9c512534cfc37d7ae51f19e4c814192c5
81f7cad226_009fa3f6b717df4d0e9371d67f305110d5096bc9178134b0__vs__deff0e697a_00b5defcad6e58038eac35472a2d48c89905068e5ece0cc3_redline_4ff9420e2e,4ff9420e2e,tracking_without_comments,redlines_a100_b10,corpus,/Users/arthrod/temp/T/neurotic_docx_bench/corpus/word/tracking_without_comments/pdf/81f7cad226_009fa3f6b717df4d0e9371d67f305110d5096bc9178134b0__vs__deff0e697a_00b5defcad6e58038eac35472a2d48c89905068e5ece0cc3_redline_4ff9420e2e.pdf,ccebb53e964abfe72445fdde95794c2fb7a9d53a032c2d34404e1ad1edd92076,/Users/arthrod/temp/T/neurotic_docx_bench/results/redlines_0929_full/docxodus/pdf_by_word/81f7cad226_009fa3f6b717df4d0e9371d67f305110d5096bc9178134b0__vs__deff0e697a_00b5defcad6e58038eac35472a2d48c89905068e5ece0cc3_redline_4ff9420e2e_docxodus.pdf,a9b01c9bc1da574f16f0aba22a1c894a419f32b24375509c81320a6548054472
5396ca3671_helvetica_font_demo_style_default_missing__vs__f1ea4a51fd_hr_onboarding_checklist_table_redline_504edf1ba1,504edf1ba1,tracking_without_comments,fixtures_word_compares;pdf_fill_0928,fresh,/Users/arthrod/temp/T/compare_regen/out/504edf1ba1__vs__504edf1ba1.pdf,1d9ef73517b27442dfb4a538a98dfd070be4aa9a39267f8da172777340b6270a,/Users/arthrod/temp/T/neurotic_docx_bench/results/redlines_0929_full/docxodus/pdf_by_word/5396ca3671_helvetica_font_demo_style_default_missing__vs__f1ea4a51fd_hr_onboarding_checklist_table_redline_504edf1ba1_docxodus.pdf,b6e5340ae866364ab7ebbb90b9538580e4c63aa8a66c6daf5b7bbe6471592ab9
60dfd517a9_00f0e7f365a34acc5911a38c89776a4bdd2ba1685edcd0cc__vs__2773adf157_0004c94ca2a8684d47449bb0e7abf87de1df71a7e6543252_redline_5095f45581,5095f45581,tracking_without_comments,redlines_a100_b10,corpus,/Users/arthrod/temp/T/neurotic_docx_bench/corpus/word/tracking_without_comments/pdf/60dfd517a9_00f0e7f365a34acc5911a38c89776a4bdd2ba1685edcd0cc__vs__2773adf157_0004c94ca2a8684d47449bb0e7abf87de1df71a7e6543252_redline_5095f45581.pdf,8f0f5fb41ac25a3727ed35fb9291e63f2c4c10c8a7b5f16afe854675fd92bb60,/Users/arthrod/temp/T/neurotic_docx_bench/results/redlines_0929_full/docxodus/pdf_by_word/60dfd517a9_00f0e7f365a34acc5911a38c89776a4bdd2ba1685edcd0cc__vs__2773adf157_0004c94ca2a8684d47449bb0e7abf87de1df71a7e6543252_redline_5095f45581_docxodus.pdf,16043fad607e48b5423a283742c5e0faf9f6bc81aaad7e63cde871093719a5f4
0086695f46_file_124__vs__d8f8e09b6e_file_125_redline_51d1d87a1f,51d1d87a1f,tracking_without_comments,word_based_randomized_0926,corpus,/Users/arthrod/temp/T/neurotic_docx_bench/corpus/word/tracking_without_comments/pdf/0086695f46_file_124__vs__d8f8e09b6e_file_125_redline_51d1d87a1f.pdf,b4d8a10c974c5d8b918472e58a14edc8f28554a27a5f4cd1f3c67b42e79c99eb,/Users/arthrod/temp/T/neurotic_docx_bench/results/redlines_0929_full/docxodus/pdf_by_word/0086695f46_file_124__vs__d8f8e09b6e_file_125_redline_51d1d87a1f_docxodus.pdf,1eb9bfba136bd1d39977984d89524b1ac21b5ec9378ad18d90d570b5ad67a767
e81d1fa10c_behavior__pageref_standalone_uppercase_h_7701e07__vs__735c372b41_super_editor__diff_after8_58e5c288_redline_5325dc70b4,5325dc70b4,with_comments_tracking,word_redlines_superdoc_0926,fresh,/Users/arthrod/temp/T/compare_regen/out/5325dc70b4__vs__5325dc70b4.pdf,20d59da8e44541232aa26e04a6c5f57bb6eb4ab954a48c117e994a330431ce07,/Users/arthrod/temp/T/neurotic_docx_bench/results/redlines_0929_full/docxodus/pdf_by_word/e81d1fa10c_behavior__pageref_standalone_uppercase_h_7701e07__vs__735c372b41_super_editor__diff_after8_58e5c288_redline_5325dc70b4_docxodus.pdf,5df9137458dfa2d5667a104b7fc4d55be25f49241fadca0bc40b14f196bd603b
7367931dbf_super_editor__sdt_test_60079f08__vs__b389f55091_super_editor__comment_23ee5ec1_redline_541790cd56,541790cd56,with_comments_tracking,word_redlines_superdoc,fresh,/Users/arthrod/temp/T/compare_regen/out/541790cd56__vs__541790cd56.pdf,56d24a8e2b60401d3f06a5b03870b7db108e8708011dc1ae50441be3f30d82d5,/Users/arthrod/temp/T/neurotic_docx_bench/results/redlines_0929_full/docxodus/pdf_by_word/7367931dbf_super_editor__sdt_test_60079f08__vs__b389f55091_super_editor__comment_23ee5ec1_redline_541790cd56_docxodus.pdf,84bd8709208b07683626ef5664b5ffdc56d6d679e37ea2d70649517b08344ed4
7c87c9cd93_super_editor__complex_list_def_short_fde20a67__vs__5d17fd43a9_complex_style_attr_redline_5477ba61c5,5477ba61c5,tracking_without_comments,word_redlines_superdoc,corpus,/Users/arthrod/temp/T/neurotic_docx_bench/corpus/word/tracking_without_comments/pdf/7c87c9cd93_super_editor__complex_list_def_short_fde20a67__vs__5d17fd43a9_complex_style_attr_redline_5477ba61c5.pdf,d439986787f307282ded253776477912df20125a8d8991fab6e906a7ab645c24,/Users/arthrod/temp/T/neurotic_docx_bench/results/redlines_0929_full/docxodus/pdf_by_word/7c87c9cd93_super_editor__complex_list_def_short_fde20a67__vs__5d17fd43a9_complex_style_attr_redline_5477ba61c5_docxodus.pdf,bc7750ccc21e3fd42952ce2b7bb6e3cbc50d0417845201ecf4516e22c29d7600
3539cf2404_cli_legacy__replace_test_0a793f01__vs__3b639ef236_super_editor__sdpr_8cc15994_redline_5500b91636,5500b91636,with_comments_tracking,word_redlines_superdoc_0926,fresh,/Users/arthrod/temp/T/compare_regen/out/5500b91636__vs__5500b91636.pdf,91d12376868bd7d69f74e815e857d6b592c2aea71de15871bf44fcfefc8285ac,/Users/arthrod/temp/T/neurotic_docx_bench/results/redlines_0929_full/docxodus/pdf_by_word/3539cf2404_cli_legacy__replace_test_0a793f01__vs__3b639ef236_super_editor__sdpr_8cc15994_redline_1b5dd9fc3f_docxodus.pdf,4820821f6c308c7300bd8594858bfd135e7498326a102225c5b5de40b55aaa8a
4ed1b6d133_0020e4099d611a050ed83fb7e0b16d6f48200018bbb1e757__vs__deff0e697a_00b5defcad6e58038eac35472a2d48c89905068e5ece0cc3_redline_5528a0da48,5528a0da48,tracking_without_comments,redlines_a100_b10,corpus,/Users/arthrod/temp/T/neurotic_docx_bench/corpus/word/tracking_without_comments/pdf/4ed1b6d133_0020e4099d611a050ed83fb7e0b16d6f48200018bbb1e757__vs__deff0e697a_00b5defcad6e58038eac35472a2d48c89905068e5ece0cc3_redline_5528a0da48.pdf,97d3116f248a5ea15df599903cbd01272609c74d5dccb2eecda8c4aae8facc76,/Users/arthrod/temp/T/neurotic_docx_bench/results/redlines_0929_full/docxodus/pdf_by_word/4ed1b6d133_0020e4099d611a050ed83fb7e0b16d6f48200018bbb1e757__vs__deff0e697a_00b5defcad6e58038eac35472a2d48c89905068e5ece0cc3_redline_5528a0da48_docxodus.pdf,ff5399b18d57d87feb98e8f31c327543f0aca641ee280e50aa381fd06894e5c2
a6e4d0e065_file_161__vs__2f6102d8be_file_162_redline_55cfba243f,55cfba243f,tracking_without_comments,word_based_randomized_0926,corpus,/Users/arthrod/temp/T/neurotic_docx_bench/corpus/word/tracking_without_comments/pdf/a6e4d0e065_file_161__vs__2f6102d8be_file_162_redline_55cfba243f.pdf,edf344bfe4e19153c2c02705bc4e2b7763b4421a302120b4e1e35c1fea914f32,/Users/arthrod/temp/T/neurotic_docx_bench/results/redlines_0929_full/docxodus/pdf_by_word/a6e4d0e065_file_161__vs__2f6102d8be_file_162_redline_1f4634946b_docxodus.pdf,fbdc828e72a989addd76da75b1c83b2fb527c5e78289aaa0cdba16893bf00d89
840f6a63da_file_4__vs__f141395e21_file_5_redline_56b5a067ab,56b5a067ab,tracking_without_comments,nocomments_randomized,corpus,/Users/arthrod/temp/T/neurotic_docx_bench/corpus/word/tracking_without_comments/pdf/840f6a63da_file_4__vs__f141395e21_file_5_redline_56b5a067ab.pdf,62079b3c9698afab46dac6899f7a6c815107d3cf756756252e6e28f39f3dfc85,/Users/arthrod/temp/T/neurotic_docx_bench/results/redlines_0929_full/docxodus/pdf_by_word/840f6a63da_file_4__vs__f141395e21_file_5_redline_56b5a067ab_docxodus.pdf,2666a245ce547d44387ffef04c369c59c2f2713aa174cb57a09e78b7aeede5e0
f71a12ee23_super_editor__fields_attrs1_83837249__vs__8db63962d9_super_editor__fields_attrs2_fonts_ebd792fb_redline_5756dc792f,5756dc792f,tracking_without_comments,word_redlines_superdoc_0926,corpus,/Users/arthrod/temp/T/neurotic_docx_bench/corpus/word/tracking_without_comments/pdf/f71a12ee23_super_editor__fields_attrs1_83837249__vs__8db63962d9_super_editor__fields_attrs2_fonts_ebd792fb_redline_5756dc792f.pdf,1c650851772d7e66c8867c8033169408b315d436fdbf101be12a076bfba4ff34,/Users/arthrod/temp/T/neurotic_docx_bench/results/redlines_0929_full/docxodus/pdf_by_word/f71a12ee23_super_editor__fields_attrs1_83837249__vs__8db63962d9_super_editor__fields_attrs2_fonts_ebd792fb_redline_1824b1df94_docxodus.pdf,796e59d2b58d4258c52a65834b81f9924b3f14a0bfe442c5deb9bc85e37cc133
8db63962d9_super_editor__fields_attrs2_fonts_ebd792fb__vs__5c207ef361_super_editor__font_formatting_runs_8be3565a_redline_57cfa10f33,57cfa10f33,with_comments_tracking,word_redlines_superdoc,fresh,/Users/arthrod/temp/T/compare_regen/out/57cfa10f33__vs__57cfa10f33.pdf,a74e9c36051c4a38d337d74d58dd14b74f24b2c2c08e09f500c67e76625669d5,/Users/arthrod/temp/T/neurotic_docx_bench/results/redlines_0929_full/docxodus/pdf_by_word/8db63962d9_super_editor__fields_attrs2_fonts_ebd792fb__vs__5c207ef361_super_editor__font_formatting_runs_8be3565a_redline_57cfa10f33_docxodus.pdf,e01785fa43fef70688a96bf562e608199594b2f1a5bbfcd5896c754ed235d9a5
3f91c8f0cd_file_9__vs__e3d833aef0_file_10_redline_581907f19c,581907f19c,with_comments_tracking,word_based_randomized,fresh,/Users/arthrod/temp/T/compare_regen/out/581907f19c__vs__581907f19c.pdf,2e83e920e858a7705e2e2066d793519a5704dc4134c50427740ea6f0a3f6f478,/Users/arthrod/temp/T/neurotic_docx_bench/results/redlines_0929_full/docxodus/pdf_by_word/3f91c8f0cd_file_9__vs__e3d833aef0_file_10_redline_581907f19c_docxodus.pdf,dae0e27716e2ea15c93d2b08c1263163ac613c873da2333c5b2a27854d381f64
2dc3e97d2a_super_editor__hyperlink_node_52b7695b__vs__d48e02b548_super_editor__google_docs_originated_comments_redline_58b3bd3cbc,58b3bd3cbc,with_comments_tracking,word_redlines_superdoc,fresh,/Users/arthrod/temp/T/compare_regen/out/58b3bd3cbc__vs__58b3bd3cbc.pdf,737ab10ad608b0183fea345c62c482ad72f7cc20a5c650ef095b71843416ef8b,/Users/arthrod/temp/T/neurotic_docx_bench/results/redlines_0929_full/docxodus/pdf_by_word/2dc3e97d2a_super_editor__hyperlink_node_52b7695b__vs__d48e02b548_super_editor__google_docs_originated_comments_redline_58b3bd3cbc_docxodus.pdf,f5f571d223c6a28b8f6a29cd0f52ecacb1a388dcf50a021f603a721a3be5aa3c
bd768e6c17_file_74__vs__8c79860f8d_file_75_redline_58c827e77a,58c827e77a,with_comments_tracking,word_based_randomized_0926,fresh,/Users/arthrod/temp/T/compare_regen/out/58c827e77a__vs__58c827e77a.pdf,4e68fec8b85bcceb576cdc995edd43aaf9ca841b9083e895f80473eca6e0dfcb,/Users/arthrod/temp/T/neurotic_docx_bench/results/redlines_0929_full/docxodus/pdf_by_word/bd768e6c17_file_74__vs__8c79860f8d_file_75_redline_3d39f0120d_docxodus.pdf,62232fec217fe59c7402be11d74c3fdccbcf3c2f8399bb9b550f29e4a1a87676
ee9bfc2650_docx_lots_of_comments_addition_removal_redline_r__vs__3fcadf4761_docx_lots_of_comments_addition_removal_redline_redline_58cd08049b,58cd08049b,with_comments_clean,word_based,fresh,/Users/arthrod/temp/T/compare_regen/out/58cd08049b__vs__58cd08049b.pdf,5e650aebb0067c72b4c0096445c17da79cb0b5e3b446747a12224be5737cd9ff,/Users/arthrod/temp/T/neurotic_docx_bench/results/redlines_0929_full/docxodus/pdf_by_word/ee9bfc2650_docx_lots_of_comments_addition_removal_redline_r__vs__3fcadf4761_docx_lots_of_comments_addition_removal_redline_redline_58cd08049b_docxodus.pdf,9acdad68e64db76d3e5bf5e9f7c93ccf3619acedcef1c073485cc4dc9e2ae46e
befb952e73_file_183__vs__c7b4db5d0e_file_184_redline_596515221a,596515221a,tracking_without_comments,nocomments_randomized,corpus,/Users/arthrod/temp/T/neurotic_docx_bench/corpus/word/tracking_without_comments/pdf/befb952e73_file_183__vs__c7b4db5d0e_file_184_redline_596515221a.pdf,aedb2637e8c6485aafab33039739dc8ba4a1cd71b41aa9b4f4cd945fe114487a,/Users/arthrod/temp/T/neurotic_docx_bench/results/redlines_0929_full/docxodus/pdf_by_word/befb952e73_file_183__vs__c7b4db5d0e_file_184_redline_596515221a_docxodus.pdf,63d799764baaa12f506a119a4ba08f2e5880bb887cff057f9197a45137ab3723
4ade5f9207_009df71a7ecb41f9da0135915e2e4d68176e296ff69c9af0__vs__bd3824dd1e_000ee64ef7226d353297888f59a251e24ce5d776fea000fa_redline_599789f1d9,599789f1d9,tracking_without_comments,redlines_a100_b10,corpus,/Users/arthrod/temp/T/neurotic_docx_bench/corpus/word/tracking_without_comments/pdf/4ade5f9207_009df71a7ecb41f9da0135915e2e4d68176e296ff69c9af0__vs__bd3824dd1e_000ee64ef7226d353297888f59a251e24ce5d776fea000fa_redline_599789f1d9.pdf,b655b97a4e5cacf012b552fc574796720ebf144b26111bf6a3cfc4c891f3d3e6,/Users/arthrod/temp/T/neurotic_docx_bench/results/redlines_0929_full/docxodus/pdf_by_word/4ade5f9207_009df71a7ecb41f9da0135915e2e4d68176e296ff69c9af0__vs__bd3824dd1e_000ee64ef7226d353297888f59a251e24ce5d776fea000fa_redline_599789f1d9_docxodus.pdf,f05f6fda070a10123b493c0d266256f9761b63afdd6096e6fe32c75d630eeea2
735c372b41_super_editor__diff_after8_58e5c288__vs__75aeff4f58_super_editor__diff_after9_a9d4b4b0_redline_5a72b1ad9e,5a72b1ad9e,with_comments_tracking,word_redlines_superdoc_0926,fresh,/Users/arthrod/temp/T/compare_regen/out/5a72b1ad9e__vs__5a72b1ad9e.pdf,440dfc4034e04927b4627c99f039ed341de809798803eef8e7a554464a1ff27b,/Users/arthrod/temp/T/neurotic_docx_bench/results/redlines_0929_full/docxodus/pdf_by_word/735c372b41_super_editor__diff_after8_58e5c288__vs__75aeff4f58_super_editor__diff_after9_a9d4b4b0_redline_5a72b1ad9e_docxodus.pdf,8490937277b13df2ab82f9114957ce76e19516c72df9eb2a57d328b399922a9c
4f0a3847e3_verdana_italic_centered_demo_id_paraid_overflow__vs__eb2f3c86b5_vfdsdfcacawesd_suggesting_mixed_edits_redline_5af67335fe,5af67335fe,with_comments_tracking,word_based;fixtures_word_compares,fresh,/Users/arthrod/temp/T/compare_regen/out/5af67335fe__vs__5af67335fe.pdf,d29ba3e079a596693a32e651b481f04cc2a6ea4b1e26d8046200d6e2cad103b4,/Users/arthrod/temp/T/neurotic_docx_bench/results/redlines_0929_full/docxodus/pdf_by_word/4f0a3847e3_verdana_italic_centered_demo_id_paraid_overflow__vs__eb2f3c86b5_vfdsdfcacawesd_suggesting_mixed_edits_redline_5af67335fe_docxodus.pdf,742f1b75167628558163f06b2b1119cc6ef55e36d5f00dd0711f4a4ee7715098
963d40d5f8_employee_review_john_smith_suggesting_insertions__vs__93485182eb_font_color_blue_demo_style_default_missing_redline_5b160c491f,5b160c491f,tracking_without_comments,word_based_0926,corpus,/Users/arthrod/temp/T/neurotic_docx_bench/corpus/word/tracking_without_comments/pdf/963d40d5f8_employee_review_john_smith_suggesting_insertions__vs__93485182eb_font_color_blue_demo_style_default_missing_redline_5b160c491f.pdf,933739ad2244869608a79b122328c01476b998683b73a3c2f3ec643c982af7e8,/Users/arthrod/temp/T/neurotic_docx_bench/results/redlines_0929_full/docxodus/pdf_by_word/963d40d5f8_employee_review_john_smith_suggesting_insertions__vs__93485182eb_font_color_blue_demo_style_default_missing_redline_5b160c491f_docxodus.pdf,21df28bb0e95e1e650bc9d94b1da0a60c4e8dbe39d43efa6b22b96b6f086c420
7476f5fbb1_file_78__vs__fa962f4b9d_file_79_redline_5b878b9756,5b878b9756,with_comments_tracking,word_based_randomized_0926,fresh,/Users/arthrod/temp/T/compare_regen/out/5b878b9756__vs__5b878b9756.pdf,b79cf6c2d80f88206beb911ed2db8cb42c4cf00235e37ec2a00520a7cb7d1c11,/Users/arthrod/temp/T/neurotic_docx_bench/results/redlines_0929_full/docxodus/pdf_by_word/7476f5fbb1_file_78__vs__fa962f4b9d_file_79_redline_3a7ca36d5f_docxodus.pdf,3c4a69381a8df559f3f459bc8ad81ba4bae4a37525d0176a0c034eb0bdef9030
5c207ef361_super_editor__font_formatting_runs_8be3565a__vs__a0738533be_gdocs_comments_export_redline_5bf3e7acbc,5bf3e7acbc,with_comments_tracking,word_redlines_superdoc_0926,fresh,/Users/arthrod/temp/T/compare_regen/out/5bf3e7acbc__vs__5bf3e7acbc.pdf,d8baa3d7c2c56df881f061abd108df10708a56d5e2247e825c5d0a58db120d38,/Users/arthrod/temp/T/neurotic_docx_bench/results/redlines_0929_full/docxodus/pdf_by_word/5c207ef361_super_editor__font_formatting_runs_8be3565a__vs__a0738533be_gdocs_comments_export_redline_1d045a4304_docxodus.pdf,6ec147724fc2330a52241d54498c13ddc47afabba60ffbb6b2da72a48e19a9f2
a248dd803d_file_86__vs__28d139cbd3_file_87_redline_5c20ddfb6b,5c20ddfb6b,tracking_without_comments,nocomments_randomized,corpus,/Users/arthrod/temp/T/neurotic_docx_bench/corpus/word/tracking_without_comments/pdf/a248dd803d_file_86__vs__28d139cbd3_file_87_redline_5c20ddfb6b.pdf,4ece58f09f533032aae397ef996498a003f123d7256abcfafb101445ca178d2b,/Users/arthrod/temp/T/neurotic_docx_bench/results/redlines_0929_full/docxodus/pdf_by_word/a248dd803d_file_86__vs__28d139cbd3_file_87_redline_5c20ddfb6b_docxodus.pdf,640257333de4f1285fb61773379f717ad36361a208ad6bee74b8bbe31985836c
2c0a2ac35f_double_spacing_bold_demo_id_paraid_overflow__vs__90cef57bac_eigenpal_docx_editor_suggesting_mixed_edits_redline_5d3a04d9a6,5d3a04d9a6,with_comments_tracking,word_based_0926,fresh,/Users/arthrod/temp/T/compare_regen/out/5d3a04d9a6__vs__5d3a04d9a6.pdf,4e39f58d7f057363b8cde6066434f7c9abd230cb46b30dd75adcbb76eb7b9679,/Users/arthrod/temp/T/neurotic_docx_bench/results/redlines_0929_full/docxodus/pdf_by_word/2c0a2ac35f_double_spacing_bold_demo_id_paraid_overflow__vs__90cef57bac_eigenpal_docx_editor_suggesting_mixed_edits_redline_5d3a04d9a6_docxodus.pdf,6da012f6be80d8940a0db56455aa9d55c941de25dabc4c5285dd27ba434d2133
66b0a9112c_file_165__vs__06a48012fc_file_166_redline_5d87b818ea,5d87b818ea,tracking_without_comments,word_based_randomized,corpus,/Users/arthrod/temp/T/neurotic_docx_bench/corpus/word/tracking_without_comments/pdf/66b0a9112c_file_165__vs__06a48012fc_file_166_redline_5d87b818ea.pdf,1bc89da07c923e3a075b24668788d3e008ecdc73f305749943620767fe78f40a,/Users/arthrod/temp/T/neurotic_docx_bench/results/redlines_0929_full/docxodus/pdf_by_word/66b0a9112c_file_165__vs__06a48012fc_file_166_redline_089f925c77_docxodus.pdf,dde4be7a70acf31ff1176641f91993d978278364563f0e83f13ad8d3729721af
ad00cf90d7_doc_api_stories__diff_doc2_bc0da0ce__vs__d6a1c42901_super_editor__diff_before16_f518c031_redline_5daae0d169,5daae0d169,tracking_without_comments,word_redlines_superdoc_0926,corpus,/Users/arthrod/temp/T/neurotic_docx_bench/corpus/word/tracking_without_comments/pdf/ad00cf90d7_doc_api_stories__diff_doc2_bc0da0ce__vs__d6a1c42901_super_editor__diff_before16_f518c031_redline_5daae0d169.pdf,fb7a34de5bed75c2ce0360c38a60fd869a3baf75418c6bd72147e96844409ac4,/Users/arthrod/temp/T/neurotic_docx_bench/results/redlines_0929_full/docxodus/pdf_by_word/ad00cf90d7_doc_api_stories__diff_doc2_bc0da0ce__vs__d6a1c42901_super_editor__diff_before16_f518c031_redline_5daae0d169_docxodus.pdf,5ce7035cf7d768673605863bcddd29e28a8766673858b72932335bbf798b0632
1ed8b01b55_file_13__vs__a2ae20465c_file_14_redline_5dbefac63c,5dbefac63c,tracking_without_comments,nocomments_randomized,corpus,/Users/arthrod/temp/T/neurotic_docx_bench/corpus/word/tracking_without_comments/pdf/1ed8b01b55_file_13__vs__a2ae20465c_file_14_redline_5dbefac63c.pdf,8f07c71f34dfb96601ebab51df25fb39106a4c42f6849b6ab70c9186a9b08fc8,/Users/arthrod/temp/T/neurotic_docx_bench/results/redlines_0929_full/docxodus/pdf_by_word/1ed8b01b55_file_13__vs__a2ae20465c_file_14_redline_5dbefac63c_docxodus.pdf,da32e4e981bd78dc50b3f5f9682283f490e1f1e54b54976bd18c209853b59bd5
718cb91f66_file_90__vs__84b67d8458_file_91_redline_5eb341a977,5eb341a977,tracking_without_comments,nocomments_randomized,corpus,/Users/arthrod/temp/T/neurotic_docx_bench/corpus/word/tracking_without_comments/pdf/718cb91f66_file_90__vs__84b67d8458_file_91_redline_5eb341a977.pdf,86bdd2da72a6a9b4c7ebd4723fe0bf5fb8c1f1ec2162bc9a07272ecab3460f9c,/Users/arthrod/temp/T/neurotic_docx_bench/results/redlines_0929_full/docxodus/pdf_by_word/718cb91f66_file_90__vs__84b67d8458_file_91_redline_5eb341a977_docxodus.pdf,90b280ecbfad49776c80a2125ed2ab5c838b1458e6daf39ca9c96674843f8acc
84b67d8458_file_91__vs__eee49d9614_file_92_redline_5f28b316eb,5f28b316eb,tracking_without_comments,nocomments_randomized,corpus,/Users/arthrod/temp/T/neurotic_docx_bench/corpus/word/tracking_without_comments/pdf/84b67d8458_file_91__vs__eee49d9614_file_92_redline_5f28b316eb.pdf,63d95e0d81181153f9d2363492b926cb12e33348dac6a506d447ddfbcd25600d,/Users/arthrod/temp/T/neurotic_docx_bench/results/redlines_0929_full/docxodus/pdf_by_word/84b67d8458_file_91__vs__eee49d9614_file_92_redline_5f28b316eb_docxodus.pdf,8a586288e8dc5436f016a795a7500c0b0d17ede58ad89f329b9b1cfa80c71fc0
9082a99ee8_file_164__vs__66b0a9112c_file_165_redline_5ffff64469,5ffff64469,tracking_without_comments,word_based_randomized,corpus,/Users/arthrod/temp/T/neurotic_docx_bench/corpus/word/tracking_without_comments/pdf/9082a99ee8_file_164__vs__66b0a9112c_file_165_redline_5ffff64469.pdf,24ccb09c5d6ada8b6623b467ddb68eed830cdd0596eb389b052bf03281f80bcd,/Users/arthrod/temp/T/neurotic_docx_bench/results/redlines_0929_full/docxodus/pdf_by_word/9082a99ee8_file_164__vs__66b0a9112c_file_165_redline_52c55be055_docxodus.pdf,37eecf27ee00666e30e57f7a68c56651579b871cf464681ed96902f6fe43e096
9f5481078e_docx_lots_of_comments_addition_redline__vs__ee9bfc2650_docx_lots_of_comments_addition_removal_redline_r_redline_60e784f2de,60e784f2de,with_comments_clean,word_based_0926,fresh,/Users/arthrod/temp/T/compare_regen/out/60e784f2de__vs__60e784f2de.pdf,8636b7719da0fad86b178aea1f01224e3315ff4780075254d332f89a5dbfaf23,/Users/arthrod/temp/T/neurotic_docx_bench/results/redlines_0929_full/docxodus/pdf_by_word/9f5481078e_docx_lots_of_comments_addition_redline__vs__ee9bfc2650_docx_lots_of_comments_addition_removal_redline_r_redline_60e784f2de_docxodus.pdf,21e460b0cb5573c246d5d57ca0e584c73446b9d8d82935d0513c4e04a96007d9
799980e6af_file_12__vs__2bd5ae6064_file_13_redline_612a3c24fa,612a3c24fa,with_comments_tracking,word_based_randomized,fresh,/Users/arthrod/temp/T/compare_regen/out/612a3c24fa__vs__612a3c24fa.pdf,453d168ec20d70ae3c68b38e5960f370d82fc021190a903e1a6ed3b0b12c4e96,/Users/arthrod/temp/T/neurotic_docx_bench/results/redlines_0929_full/docxodus/pdf_by_word/799980e6af_file_12__vs__2bd5ae6064_file_13_redline_612a3c24fa_docxodus.pdf,5823bd2a24e2d37a1d52d50d9077c584c84652665590168c42884407694253af
b6bcd5d86d_file_198__vs__7f73d1af22_file_199_redline_619c44196e,619c44196e,tracking_without_comments,nocomments_randomized,corpus,/Users/arthrod/temp/T/neurotic_docx_bench/corpus/word/tracking_without_comments/pdf/b6bcd5d86d_file_198__vs__7f73d1af22_file_199_redline_619c44196e.pdf,9308990472ce06e15e2419da8a8ec005d4e0dd63603632e189a23834093e61b0,/Users/arthrod/temp/T/neurotic_docx_bench/results/redlines_0929_full/docxodus/pdf_by_word/b6bcd5d86d_file_198__vs__7f73d1af22_file_199_redline_619c44196e_docxodus.pdf,6a44b300a6dd6f5f050a318fa106f8488558168c2e27367b55433e3a5418a21d
3b639ef236_super_editor__sdpr_8cc15994__vs__52dab5bc1c_super_editor__sdt_node_comment_ec887683_redline_61a3912d74,61a3912d74,with_comments_tracking,word_redlines_superdoc,fresh,/Users/arthrod/temp/T/compare_regen/out/61a3912d74__vs__61a3912d74.pdf,125cac8b423d07b677684f3a821d4ddde762ec8a8884584a0d03819a7dd165b3,/Users/arthrod/temp/T/neurotic_docx_bench/results/redlines_0929_full/docxodus/pdf_by_word/3b639ef236_super_editor__sdpr_8cc15994__vs__52dab5bc1c_super_editor__sdt_node_comment_ec887683_redline_61a3912d74_docxodus.pdf,86b4aa5a12af7ad138bb17767bf79bd8a1440113fa43cbed856a33d5df6b3b7d
9f6091a4ac_super_editor__threaded_comment_27bda0ba__vs__84f5fb598b_super_editor__diff_before11_1b953eaf_redline_621637d747,621637d747,with_comments_tracking,word_redlines_superdoc,fresh,/Users/arthrod/temp/T/compare_regen/out/621637d747__vs__621637d747.pdf,128d3fcd03d3b0d8e4800e972397edc8b1e22eae9a6f03de3e30fb526bf2b9d3,/Users/arthrod/temp/T/neurotic_docx_bench/results/redlines_0929_full/docxodus/pdf_by_word/9f6091a4ac_super_editor__threaded_comment_27bda0ba__vs__84f5fb598b_super_editor__diff_before11_1b953eaf_redline_621637d747_docxodus.pdf,88a995e505ab3bbd10f6c5c049556fbbac4936240e14db0be29a086a9c5e2151
2ad8d15e88_00e901c5aa86bd93002ce801375c57e44c2c78a0e5b308d3__vs__bd3824dd1e_000ee64ef7226d353297888f59a251e24ce5d776fea000fa_redline_6287ad2d7a,6287ad2d7a,tracking_without_comments,redlines_a100_b10,corpus,/Users/arthrod/temp/T/neurotic_docx_bench/corpus/word/tracking_without_comments/pdf/2ad8d15e88_00e901c5aa86bd93002ce801375c57e44c2c78a0e5b308d3__vs__bd3824dd1e_000ee64ef7226d353297888f59a251e24ce5d776fea000fa_redline_6287ad2d7a.pdf,b0b4d4256e47820fd67b1b6fe3d560f17f4b0af32622912a9c22106dbcaa1b5e,/Users/arthrod/temp/T/neurotic_docx_bench/results/redlines_0929_full/docxodus/pdf_by_word/2ad8d15e88_00e901c5aa86bd93002ce801375c57e44c2c78a0e5b308d3__vs__bd3824dd1e_000ee64ef7226d353297888f59a251e24ce5d776fea000fa_redline_6287ad2d7a_docxodus.pdf,5d89ed70a7a0aed16c7a722c3bdc6d39be2bf65074895606dd06383e11fddc77
9e0990025d_ab2ba6df285c5028ab883fc37c7c79ee8738e9425ef98fdd__vs__d8a845238d_56a26572796fbc6d2df49d9b938ef980a763b004e1afff57_redline_62ea9c3e48,62ea9c3e48,tracking_without_comments,redlines_en_500,corpus,/Users/arthrod/temp/T/neurotic_docx_bench/corpus/word/tracking_without_comments/pdf/9e0990025d_ab2ba6df285c5028ab883fc37c7c79ee8738e9425ef98fdd__vs__d8a845238d_56a26572796fbc6d2df49d9b938ef980a763b004e1afff57_redline_62ea9c3e48.pdf,dfa0307b87d4056adce8d85ddfeb890aeb787bc50dc2b08fec36de98d1359ff4,/Users/arthrod/temp/T/neurotic_docx_bench/results/redlines_0929_full/docxodus/pdf_by_word/9e0990025d_ab2ba6df285c5028ab883fc37c7c79ee8738e9425ef98fdd__vs__d8a845238d_56a26572796fbc6d2df49d9b938ef980a763b004e1afff57_redline_62ea9c3e48_docxodus.pdf,fc59313b965418e9d58c94dd35843f8972e028af3b61e8cab8d37fd01fb1e6a4
a0e6a09304_super_editor__diff_after11_1d5b767f__vs__3e50084c2e_super_editor__diff_after16_2a48697a_redline_63ec3a403e,63ec3a403e,with_comments_tracking,word_redlines_superdoc,fresh,/Users/arthrod/temp/T/compare_regen/out/63ec3a403e__vs__63ec3a403e.pdf,e0bd722593ccf24d212942c275be212563cc09e759f7ddd630b00c06935936c3,/Users/arthrod/temp/T/neurotic_docx_bench/results/redlines_0929_full/docxodus/pdf_by_word/a0e6a09304_super_editor__diff_after11_1d5b767f__vs__3e50084c2e_super_editor__diff_after16_2a48697a_redline_63ec3a403e_docxodus.pdf,f688d3a668529db22da7509ca243032dc62dd7b3481badcb71e10b00827e550b
8cd372b814_0193e5015be906eb45df5f7b3ceb682c7ff53cb52f15a0bf__vs__333bfe069a_003416d620331122b93b434dad901db5836f60d2cad4b533_redline_642d34f1f7,642d34f1f7,tracking_without_comments,redlines_a100_b10,corpus,/Users/arthrod/temp/T/neurotic_docx_bench/corpus/word/tracking_without_comments/pdf/8cd372b814_0193e5015be906eb45df5f7b3ceb682c7ff53cb52f15a0bf__vs__333bfe069a_003416d620331122b93b434dad901db5836f60d2cad4b533_redline_642d34f1f7.pdf,bd68e840e9513db4c593d2c84a63f2d7c2a96f0a16f0913ae7ff34a408451d00,/Users/arthrod/temp/T/neurotic_docx_bench/results/redlines_0929_full/docxodus/pdf_by_word/8cd372b814_0193e5015be906eb45df5f7b3ceb682c7ff53cb52f15a0bf__vs__333bfe069a_003416d620331122b93b434dad901db5836f60d2cad4b533_redline_642d34f1f7_docxodus.pdf,57a446840f2f62f77f382af204053f4ccc85f5afdd0622c730fd62fcffa8c031
3faf9e000d_super_editor__text_color_highlight_36cb4c90__vs__9f6091a4ac_super_editor__threaded_comment_27bda0ba_redline_64e3ba9c22,64e3ba9c22,with_comments_tracking,word_redlines_superdoc_0926,fresh,/Users/arthrod/temp/T/compare_regen/out/64e3ba9c22__vs__64e3ba9c22.pdf,17946d9e0eda176dee36430b4e5973fdb9e5eb8bab94b47d632a9bb4afa0b1e9,/Users/arthrod/temp/T/neurotic_docx_bench/results/redlines_0929_full/docxodus/pdf_by_word/3faf9e000d_super_editor__text_color_highlight_36cb4c90__vs__9f6091a4ac_super_editor__threaded_comment_27bda0ba_redline_64e3ba9c22_docxodus.pdf,faf2694d5aa4dc85e0352b8d0bd8e7314a800027e92ba1cc10006c2986aebd65
9333b7ab9b_customer_satisfaction_survey_q4_suggesting_inser__vs__7166fa4199_document_100_ultimate_demo_id_paraid_overflow_redline_65d959fe82,65d959fe82,tracking_without_comments,word_based;fixtures_word_compares,fresh,/Users/arthrod/temp/T/compare_regen/out/65d959fe82__vs__65d959fe82.pdf,2158862e04c8bcebb56d342427d3cf5ea4d8e20d33fc6ce4af5e7acdfd0ce531,/Users/arthrod/temp/T/neurotic_docx_bench/results/redlines_0929_full/docxodus/pdf_by_word/9333b7ab9b_customer_satisfaction_survey_q4_suggesting_inser__vs__7166fa4199_document_100_ultimate_demo_id_paraid_overflow_redline_65d959fe82_docxodus.pdf,fa14e1ae5a624c408ea38467c08bf171fa2995d7cac55330f1f8a0ba810e312b
cec0607d40_file_25__vs__cf02e0407e_file_26_redline_6652e44fd7,6652e44fd7,tracking_without_comments,word_based_randomized_0926,corpus,/Users/arthrod/temp/T/neurotic_docx_bench/corpus/word/tracking_without_comments/pdf/cec0607d40_file_25__vs__cf02e0407e_file_26_redline_6652e44fd7.pdf,05e7f00bed210a7ab5b1c7fbaae2ac96b32a1a1201b3706b3a1dc8c20090ff2c,/Users/arthrod/temp/T/neurotic_docx_bench/results/redlines_0929_full/docxodus/pdf_by_word/cec0607d40_file_25__vs__cf02e0407e_file_26_redline_621c68893b_docxodus.pdf,ab4839248c09767d3d4a8e526f3d0fcc1d4ed30e3036e312f1f5684988e1d257
28033140a2_quarterly_performance_report_table_2__vs__fa5b142e31_quarterly_performance_report_table_redline_666d0bdeb7,666d0bdeb7,tracking_without_comments,nocomments,corpus,/Users/arthrod/temp/T/neurotic_docx_bench/corpus/word/tracking_without_comments/pdf/28033140a2_quarterly_performance_report_table_2__vs__fa5b142e31_quarterly_performance_report_table_redline_666d0bdeb7.pdf,73d652a3d87ca7e42e28a4c7aa96e9c8ced2776783bee5eced83c535d574789f,/Users/arthrod/temp/T/neurotic_docx_bench/results/redlines_0929_full/docxodus/pdf_by_word/28033140a2_quarterly_performance_report_table_2__vs__fa5b142e31_quarterly_performance_report_table_redline_666d0bdeb7_docxodus.pdf,d9c122e05fa7c99a363462c194a957f1c0e67ad26f89ac75577654d9c8cf55a5
accec0538a_anchor_images__vs__d72fd74138_super_editor__ooxml_color_rstyle_linked_combos_d_redline_66a6739bf5,66a6739bf5,tracking_without_comments,word_redlines_superdoc,corpus,/Users/arthrod/temp/T/neurotic_docx_bench/corpus/word/tracking_without_comments/pdf/accec0538a_anchor_images__vs__d72fd74138_super_editor__ooxml_color_rstyle_linked_combos_d_redline_66a6739bf5.pdf,0278daadcb2088fbe434addfdfdb1a6e8b98656cb07b709a701586b73fcdf6b6,/Users/arthrod/temp/T/neurotic_docx_bench/results/redlines_0929_full/docxodus/pdf_by_word/accec0538a_anchor_images__vs__d72fd74138_super_editor__ooxml_color_rstyle_linked_combos_d_redline_2971d117a2_docxodus.pdf,a2339998a977dd1c72705145e3faed3d928e85a9897c95f80dfafff8f54bda1f
9f6091a4ac_super_editor__threaded_comment_27bda0ba__vs__5fa01813d3_super_editor__basic_table_shading_d3212ffd_redline_67d0b6f3e8,67d0b6f3e8,with_comments_tracking,word_redlines_superdoc,fresh,/Users/arthrod/temp/T/compare_regen/out/67d0b6f3e8__vs__67d0b6f3e8.pdf,a5e804438c227c0226287f3d58145c0ac5927db3537a485847e2fe7178a2a8d3,/Users/arthrod/temp/T/neurotic_docx_bench/results/redlines_0929_full/docxodus/pdf_by_word/9f6091a4ac_super_editor__threaded_comment_27bda0ba__vs__5fa01813d3_super_editor__basic_table_shading_d3212ffd_redline_67d0b6f3e8_docxodus.pdf,1c4f95ce34ea241e9fdc1280b1c0eaad58778c1a4879ac207840124d8ec83951
8ee210e927_super_editor__missing_separator_41c823b9__vs__668fe0a735_super_editor__ooxml_bold_vals_demo_9e688d8f_redline_684e190acd,684e190acd,tracking_without_comments,word_redlines_superdoc,corpus,/Users/arthrod/temp/T/neurotic_docx_bench/corpus/word/tracking_without_comments/pdf/8ee210e927_super_editor__missing_separator_41c823b9__vs__668fe0a735_super_editor__ooxml_bold_vals_demo_9e688d8f_redline_684e190acd.pdf,3264ec3b360712571d0bbd50676a4d7416c3e51db4f8b6ea6614775ff3609a30,/Users/arthrod/temp/T/neurotic_docx_bench/results/redlines_0929_full/docxodus/pdf_by_word/8ee210e927_super_editor__missing_separator_41c823b9__vs__668fe0a735_super_editor__ooxml_bold_vals_demo_9e688d8f_redline_660d1fa273_docxodus.pdf,10cec10f0fda8edd12286217b8aed0e03ceb41a52bac5066c944af995fb1189e
5c207ef361_super_editor__font_formatting_runs_8be3565a__vs__e6fdfb6f2f_behavior__math_phantom_tests_263131a8_redline_689f2c8333,689f2c8333,with_comments_tracking,word_redlines_superdoc_0926,fresh,/Users/arthrod/temp/T/compare_regen/out/689f2c8333__vs__689f2c8333.pdf,683662589052b476705fa96b2b6e9759a3f1c36aa23a5c7afbdc72837795d9a9,/Users/arthrod/temp/T/neurotic_docx_bench/results/redlines_0929_full/docxodus/pdf_by_word/5c207ef361_super_editor__font_formatting_runs_8be3565a__vs__e6fdfb6f2f_behavior__math_phantom_tests_263131a8_redline_03528d6f20_docxodus.pdf,3875863c07f5ba0d8e533d67db1069661736b2e1286d606b05ae5348fdc0e78d
70a28a8258_file_15__vs__be5bf990cb_file_16_redline_699cc8bd70,699cc8bd70,with_comments_tracking,word_based_randomized,fresh,/Users/arthrod/temp/T/compare_regen/out/699cc8bd70__vs__699cc8bd70.pdf,552138c2c977198af32cf529d4a21555421e24159efbda8f8003804e6aa9874e,/Users/arthrod/temp/T/neurotic_docx_bench/results/redlines_0929_full/docxodus/pdf_by_word/70a28a8258_file_15__vs__be5bf990cb_file_16_redline_699cc8bd70_docxodus.pdf,79613c50be1ceec363b73b917e8696203ce1728ef3bc43ab79fa0a33e63b4395
43e406f9f5_blue_underline_combo_demo_id_paraid_overflow__vs__6cf4f06ce1_bold_and_italic_combo_style_default_missing_redline_69d42b2a47,69d42b2a47,tracking_without_comments,nocomments,corpus,/Users/arthrod/temp/T/neurotic_docx_bench/corpus/word/tracking_without_comments/pdf/43e406f9f5_blue_underline_combo_demo_id_paraid_overflow__vs__6cf4f06ce1_bold_and_italic_combo_style_default_missing_redline_69d42b2a47.pdf,35ac512cbd25686f3f07f777f5fb1d1df764f547134ab8ef641f59058d463a4e,/Users/arthrod/temp/T/neurotic_docx_bench/results/redlines_0929_full/docxodus/pdf_by_word/43e406f9f5_blue_underline_combo_demo_id_paraid_overflow__vs__6cf4f06ce1_bold_and_italic_combo_style_default_missing_redline_69d42b2a47_docxodus.pdf,86226c3abe66fe01043d42fede3f29310b4da9972470f78e107ada867b480cff
26ccb443f6_file_11__vs__799980e6af_file_12_redline_69e44ac125,69e44ac125,with_comments_tracking,word_based_randomized,fresh,/Users/arthrod/temp/T/compare_regen/out/69e44ac125__vs__69e44ac125.pdf,a9191e3deb9faa33464b4c1653567a753606ea4a507e4cc85210b01e3560a053,/Users/arthrod/temp/T/neurotic_docx_bench/results/redlines_0929_full/docxodus/pdf_by_word/26ccb443f6_file_11__vs__799980e6af_file_12_redline_69e44ac125_docxodus.pdf,02143c92e8b021b810168f1c4de00a7b5f88cf3e89c33b61748a01cb2d94cb64
6e815c07c5_62add5a5c8787d17ea1d5204bdc76f56947b74002c9ff1bd__vs__70564ba056_5f805e025d5505775b628335b352c04f89636f46b0b1801d_redline_6ad70d9acc,6ad70d9acc,tracking_without_comments,redlines_en_500,corpus,/Users/arthrod/temp/T/neurotic_docx_bench/corpus/word/tracking_without_comments/pdf/6e815c07c5_62add5a5c8787d17ea1d5204bdc76f56947b74002c9ff1bd__vs__70564ba056_5f805e025d5505775b628335b352c04f89636f46b0b1801d_redline_6ad70d9acc.pdf,1d7640c97e5c79bf47151f41f68bf7c195bb9d4f959a497788f40a205c500610,/Users/arthrod/temp/T/neurotic_docx_bench/results/redlines_0929_full/docxodus/pdf_by_word/6e815c07c5_62add5a5c8787d17ea1d5204bdc76f56947b74002c9ff1bd__vs__70564ba056_5f805e025d5505775b628335b352c04f89636f46b0b1801d_redline_6ad70d9acc_docxodus.pdf,4b5b823d6cf4c4f97d993ccb449080eb501676f1f368aa9fb1353d38a07fc602
a0738533be_gdocs_comments_export__vs__199cb211b5_super_editor__basic_footnotes_5be96945_redline_6b7f035223,6b7f035223,with_comments_tracking,word_redlines_superdoc_0926,fresh,/Users/arthrod/temp/T/compare_regen/out/6b7f035223__vs__6b7f035223.pdf,495e427e1d90c6497337214bcd66cfd16cbb2e6ab8b107fc6eaa77c74792360f,/Users/arthrod/temp/T/neurotic_docx_bench/results/redlines_0929_full/docxodus/pdf_by_word/a0738533be_gdocs_comments_export__vs__199cb211b5_super_editor__basic_footnotes_5be96945_redline_6b7f035223_docxodus.pdf,5f0c6b456259e088f8b0b417f123d4e79798d95883a9cdf8dc5959ebb7a57399
356b7a3629_text_highlight_demo_style_default_missing__vs__c4ee483519_tiff_image_redline_6b82730fb0,6b82730fb0,tracking_without_comments,word_based_0926,corpus,/Users/arthrod/temp/T/neurotic_docx_bench/corpus/word/tracking_without_comments/pdf/356b7a3629_text_highlight_demo_style_default_missing__vs__c4ee483519_tiff_image_redline_6b82730fb0.pdf,8173c4c07feec4caeb5f148e3876ee3775ac359ed8884ee1a4fa2c4e8278ec17,/Users/arthrod/temp/T/neurotic_docx_bench/results/redlines_0929_full/docxodus/pdf_by_word/356b7a3629_text_highlight_demo_style_default_missing__vs__c4ee483519_tiff_image_redline_6b82730fb0_docxodus.pdf,e6e9531a13dacc7714c70fceaca63a33df7e8537b289fd3b5dc4e9b883fa442e
a4ebc0e89c_0016d88a731db087feb2e28e8bfc163c1fe94df0ee048d55__vs__2773adf157_0004c94ca2a8684d47449bb0e7abf87de1df71a7e6543252_redline_6ba792365c,6ba792365c,tracking_without_comments,redlines_a100_b10,corpus,/Users/arthrod/temp/T/neurotic_docx_bench/corpus/word/tracking_without_comments/pdf/a4ebc0e89c_0016d88a731db087feb2e28e8bfc163c1fe94df0ee048d55__vs__2773adf157_0004c94ca2a8684d47449bb0e7abf87de1df71a7e6543252_redline_6ba792365c.pdf,b11bf005340966015c888ae519c910b395b829d12503039b782906c7e1e48338,/Users/arthrod/temp/T/neurotic_docx_bench/results/redlines_0929_full/docxodus/pdf_by_word/a4ebc0e89c_0016d88a731db087feb2e28e8bfc163c1fe94df0ee048d55__vs__2773adf157_0004c94ca2a8684d47449bb0e7abf87de1df71a7e6543252_redline_6ba792365c_docxodus.pdf,3608625ef4a61f4f5635104cb01fbe78144cae8427ba65b33141bb5df2c9c1e3
66e70631fb_file_188__vs__70584b4a0e_file_189_redline_6bf1e10a91,6bf1e10a91,with_comments_tracking,word_based_randomized,fresh,/Users/arthrod/temp/T/compare_regen/out/6bf1e10a91__vs__6bf1e10a91.pdf,04827d1ff8c7ffcc67c274bbdc785b0b8000eb43a98fd83e5c04a4b96997de28,/Users/arthrod/temp/T/neurotic_docx_bench/results/redlines_0929_full/docxodus/pdf_by_word/66e70631fb_file_188__vs__70584b4a0e_file_189_redline_6bf1e10a91_docxodus.pdf,5666f3ce0b1189d2aafcec22836a267acc149bff491cdac0a3b00fa72e9a319a
a702c82e3c_598501d54a14144db04eb8bced2dc8848d2323280dd388aa__vs__9924302ad5_a0ad3c6fc339f68b3ae1700cce528baf0f9be9a23bfcc1ec_redline_6ce722f9ab,6ce722f9ab,tracking_without_comments,redlines_en_500,corpus,/Users/arthrod/temp/T/neurotic_docx_bench/corpus/word/tracking_without_comments/pdf/a702c82e3c_598501d54a14144db04eb8bced2dc8848d2323280dd388aa__vs__9924302ad5_a0ad3c6fc339f68b3ae1700cce528baf0f9be9a23bfcc1ec_redline_6ce722f9ab.pdf,5421721401f06d1095ca51f15b15fc053b1d65493fc98d17f680025767f6e1aa,/Users/arthrod/temp/T/neurotic_docx_bench/results/redlines_0929_full/docxodus/pdf_by_word/a702c82e3c_598501d54a14144db04eb8bced2dc8848d2323280dd388aa__vs__9924302ad5_a0ad3c6fc339f68b3ae1700cce528baf0f9be9a23bfcc1ec_redline_6ce722f9ab_docxodus.pdf,33c8697683659f048fdea83218344d12f4ab8337a596b20dd625ffe57d50b33f
c21d15c9e9_track_changes_suggesting_center_id_paraid_overfl__vs__e0e59cf962_track_changes_suggesting_heading_id_paraid_overf_redline_6ce806c638,6ce806c638,tracking_without_comments,fixtures_word_compares;pdf_fill_0928,fresh,/Users/arthrod/temp/T/compare_regen/out/6ce806c638__vs__6ce806c638.pdf,435165a8ead1b6c648e4b79b3c43ed5d11b3c65ff6d24f766c7dd643b29fa5bf,/Users/arthrod/temp/T/neurotic_docx_bench/results/redlines_0929_full/docxodus/pdf_by_word/c21d15c9e9_track_changes_suggesting_center_id_paraid_overfl__vs__e0e59cf962_track_changes_suggesting_heading_id_paraid_overf_redline_120dc222ce_docxodus.pdf,45cd005d9ba952bc87b185958a3d9893868776b21ef775876018fd4500ed5f4e
18b8dd8ea3_behavior__sd_2672_plain_3x3_87943d5d__vs__667af231c2_behavior__sd_2672_rtl_table_63bd9d10_redline_6dcc4740fa,6dcc4740fa,tracking_without_comments,word_redlines_superdoc,corpus,/Users/arthrod/temp/T/neurotic_docx_bench/corpus/word/tracking_without_comments/pdf/18b8dd8ea3_behavior__sd_2672_plain_3x3_87943d5d__vs__667af231c2_behavior__sd_2672_rtl_table_63bd9d10_redline_6dcc4740fa.pdf,0aa64dcf79e72b97970f1636b7c6b6f51cda2843e1397f5707e731f7e6b908a8,/Users/arthrod/temp/T/neurotic_docx_bench/results/redlines_0929_full/docxodus/pdf_by_word/18b8dd8ea3_behavior__sd_2672_plain_3x3_87943d5d__vs__667af231c2_behavior__sd_2672_rtl_table_63bd9d10_redline_30fed087bf_docxodus.pdf,d66ee9d4ad3704549602d4313a73c92738c691266ff9349686d8bd24b009de76
f0f90aa0cf_981631a715108df2a9c75275cd04a5fc2495ce3ad604790b__vs__e0ada445ca_4f48d962d05d1fca7e32a424ff8e815c01637102694d57df_redline_6ddf25f1b8,6ddf25f1b8,tracking_without_comments,redlines_en_500,corpus,/Users/arthrod/temp/T/neurotic_docx_bench/corpus/word/tracking_without_comments/pdf/f0f90aa0cf_981631a715108df2a9c75275cd04a5fc2495ce3ad604790b__vs__e0ada445ca_4f48d962d05d1fca7e32a424ff8e815c01637102694d57df_redline_6ddf25f1b8.pdf,b089e98aab76056f5b05780ad2d9c942532fa877f72fa9a616fe6523695d96a8,/Users/arthrod/temp/T/neurotic_docx_bench/results/redlines_0929_full/docxodus/pdf_by_word/f0f90aa0cf_981631a715108df2a9c75275cd04a5fc2495ce3ad604790b__vs__e0ada445ca_4f48d962d05d1fca7e32a424ff8e815c01637102694d57df_redline_6ddf25f1b8_docxodus.pdf,e4ea70329d4e851269ff75281e3661b754f0827a4c6fedeef4820be7e113e957
52220b20c3_00a54bff7e15af78fe7cfc20219c28cb208fde807bd28d44__vs__5203829c7a_001cc92b88566d5f930fe57f25813c0bf52a7bdc72c217d0_redline_6de20376e8,6de20376e8,tracking_without_comments,redlines_a100_b10,corpus,/Users/arthrod/temp/T/neurotic_docx_bench/corpus/word/tracking_without_comments/pdf/52220b20c3_00a54bff7e15af78fe7cfc20219c28cb208fde807bd28d44__vs__5203829c7a_001cc92b88566d5f930fe57f25813c0bf52a7bdc72c217d0_redline_6de20376e8.pdf,e5f6cf52167562ca7387ceda8a29406a2a4a86ebbb4e002e6f5660d02984b605,/Users/arthrod/temp/T/neurotic_docx_bench/results/redlines_0929_full/docxodus/pdf_by_word/52220b20c3_00a54bff7e15af78fe7cfc20219c28cb208fde807bd28d44__vs__5203829c7a_001cc92b88566d5f930fe57f25813c0bf52a7bdc72c217d0_redline_6de20376e8_docxodus.pdf,06eb61199c7fb49f63d403984b967b4f961e9d5a27cd4d032938c62fccbd9b33
9bf625ba95_file_19__vs__2bf4db734d_file_20_redline_6dee5896b8,6dee5896b8,with_comments_tracking,word_based_randomized,fresh,/Users/arthrod/temp/T/compare_regen/out/6dee5896b8__vs__6dee5896b8.pdf,e7f0a1b52475e3ab75ca77116a05de7cd578e8046ce535ec720e48ef11864d88,/Users/arthrod/temp/T/neurotic_docx_bench/results/redlines_0929_full/docxodus/pdf_by_word/9bf625ba95_file_19__vs__2bf4db734d_file_20_redline_6dee5896b8_docxodus.pdf,690389bfb0002d1703a20598a749147ed84a326e29a82478ca1cdc90a7e479f1
9402f06dc1_file_190__vs__4bac537e7b_file_191_redline_6ed0c9374c,6ed0c9374c,tracking_without_comments,nocomments_randomized,corpus,/Users/arthrod/temp/T/neurotic_docx_bench/corpus/word/tracking_without_comments/pdf/9402f06dc1_file_190__vs__4bac537e7b_file_191_redline_6ed0c9374c.pdf,88c0e21038a22069586cb327a98990d836029999e27f61828c1d5e3f393597eb,/Users/arthrod/temp/T/neurotic_docx_bench/results/redlines_0929_full/docxodus/pdf_by_word/9402f06dc1_file_190__vs__4bac537e7b_file_191_redline_6ed0c9374c_docxodus.pdf,edc7073f8e4ca602797a6e12e6039e9c119c8be4caa9c90c712a099fc9d8f6f8
af540c50e4_00edeec4b73ab68a9a4e2b0281464f067656d89fc9969ab4__vs__2773adf157_0004c94ca2a8684d47449bb0e7abf87de1df71a7e6543252_redline_6f4e7d3d95,6f4e7d3d95,tracking_without_comments,redlines_a100_b10,corpus,/Users/arthrod/temp/T/neurotic_docx_bench/corpus/word/tracking_without_comments/pdf/af540c50e4_00edeec4b73ab68a9a4e2b0281464f067656d89fc9969ab4__vs__2773adf157_0004c94ca2a8684d47449bb0e7abf87de1df71a7e6543252_redline_6f4e7d3d95.pdf,69b2ed2829a738a6f752ab79c458f1fd8f159faf649b793fe625227fb334b07f,/Users/arthrod/temp/T/neurotic_docx_bench/results/redlines_0929_full/docxodus/pdf_by_word/af540c50e4_00edeec4b73ab68a9a4e2b0281464f067656d89fc9969ab4__vs__2773adf157_0004c94ca2a8684d47449bb0e7abf87de1df71a7e6543252_redline_6f4e7d3d95_docxodus.pdf,07c8406a57934058cc1291ff479dfed871a47b06bc3f81c0c490f4e9b2c0629e
63f2ae8323_00d7e931786f09113a59daafeb4c51113fbd97f3f09d93c2__vs__342f364d46_001342333d45627868f4dc5282abbba4598a91b4a7584b08_redline_6f561090f4,6f561090f4,tracking_without_comments,redlines_a100_b10,corpus,/Users/arthrod/temp/T/neurotic_docx_bench/corpus/word/tracking_without_comments/pdf/63f2ae8323_00d7e931786f09113a59daafeb4c51113fbd97f3f09d93c2__vs__342f364d46_001342333d45627868f4dc5282abbba4598a91b4a7584b08_redline_6f561090f4.pdf,75137d94b2f26e0e4672771cf0f9197dd59bb4bf446a72a2478a68803c395ab3,/Users/arthrod/temp/T/neurotic_docx_bench/results/redlines_0929_full/docxodus/pdf_by_word/63f2ae8323_00d7e931786f09113a59daafeb4c51113fbd97f3f09d93c2__vs__342f364d46_001342333d45627868f4dc5282abbba4598a91b4a7584b08_redline_6f561090f4_docxodus.pdf,cf055f3e7efb43fed42466216f56f18fc26bb21f50f0eba75f48e172e757048d
2bf4db734d_file_20__vs__080c4822ff_file_21_redline_70526d3324,70526d3324,tracking_without_comments,word_based_randomized_0926,corpus,/Users/arthrod/temp/T/neurotic_docx_bench/corpus/word/tracking_without_comments/pdf/2bf4db734d_file_20__vs__080c4822ff_file_21_redline_70526d3324.pdf,f351d9eac278221182987b8925b1d6f98b27e0d83583f5a9d91c3d7146437f2f,/Users/arthrod/temp/T/neurotic_docx_bench/results/redlines_0929_full/docxodus/pdf_by_word/2bf4db734d_file_20__vs__080c4822ff_file_21_redline_70526d3324_docxodus.pdf,61fb0dfed58c8bf14ead7555a14a50f186d096bc3fa1e0b78824c4ac26818203
82ee7342fd_file_5__vs__1072677c3a_file_6_redline_70a6883d16,70a6883d16,with_comments_tracking,word_based_randomized_0926,fresh,/Users/arthrod/temp/T/compare_regen/out/70a6883d16__vs__70a6883d16.pdf,6c31d1cab34112d6f85172d23c72d3cbf689cfc9aad7719ed523f197f3e0d209,/Users/arthrod/temp/T/neurotic_docx_bench/results/redlines_0929_full/docxodus/pdf_by_word/82ee7342fd_file_5__vs__1072677c3a_file_6_redline_70a6883d16_docxodus.pdf,717fd1286ffa76f5150a6ebacde2fde45c6b89b0dd388ba14960588abac86315
6ca202588b_super_editor__ooxml_size_rstyle_linked_combos_de__vs__5b421850d5_super_editor__ooxml_strike_rstyle_linked_combos_redline_70f229e446,70f229e446,tracking_without_comments,word_redlines_superdoc,corpus,/Users/arthrod/temp/T/neurotic_docx_bench/corpus/word/tracking_without_comments/pdf/6ca202588b_super_editor__ooxml_size_rstyle_linked_combos_de__vs__5b421850d5_super_editor__ooxml_strike_rstyle_linked_combos_redline_70f229e446.pdf,498e6c7a017166ed50a3c81fff599008c917486acaed66fc04e44c4412926aa2,/Users/arthrod/temp/T/neurotic_docx_bench/results/redlines_0929_full/docxodus/pdf_by_word/6ca202588b_super_editor__ooxml_size_rstyle_linked_combos_de__vs__5b421850d5_super_editor__ooxml_strike_rstyle_linked_combos_redline_70f229e446_docxodus.pdf,597ca9b06966508e67b05a0104e148533f1dada116c17e56e717bb4c07d97565
5fa01813d3_super_editor__basic_table_shading_d3212ffd__vs__9e9d83978b_super_editor__sublist_issue_66a1800a_redline_70fafd509f,70fafd509f,tracking_without_comments,word_redlines_superdoc_0926,corpus,/Users/arthrod/temp/T/neurotic_docx_bench/corpus/word/tracking_without_comments/pdf/5fa01813d3_super_editor__basic_table_shading_d3212ffd__vs__9e9d83978b_super_editor__sublist_issue_66a1800a_redline_70fafd509f.pdf,3327580c7e9cf9a2cf8932df972bce4fd869d12e45243ff6796378ee6d325821,/Users/arthrod/temp/T/neurotic_docx_bench/results/redlines_0929_full/docxodus/pdf_by_word/5fa01813d3_super_editor__basic_table_shading_d3212ffd__vs__9e9d83978b_super_editor__sublist_issue_66a1800a_redline_37d8974b01_docxodus.pdf,a84f7e84cd0577c411ad3d5d56f197d986827437067d29a992258fd61861823b
1e212fbfdc_file_122__vs__85692b483f_file_123_redline_71159007ab,71159007ab,with_comments_tracking,word_based_randomized_0926,fresh,/Users/arthrod/temp/T/compare_regen/out/71159007ab__vs__71159007ab.pdf,9b96951794edd52f6497626d88595d4707d19c82305d5f3aff917d4ac0472c16,/Users/arthrod/temp/T/neurotic_docx_bench/results/redlines_0929_full/docxodus/pdf_by_word/1e212fbfdc_file_122__vs__85692b483f_file_123_redline_2ba84d60d1_docxodus.pdf,0a0bed8e2df3630abf002b872e6dad6fb9985891ed192700323c83c1a78309a6
628ec1cb76_00a9d81709806bc220522f9b062f226e19ba256e436493b1__vs__1424386e9b_017447de83753a0e3b7afc659df038ef56972925336c6a5b_redline_7127dd0325,7127dd0325,tracking_without_comments,redlines_a100_b10,corpus,/Users/arthrod/temp/T/neurotic_docx_bench/corpus/word/tracking_without_comments/pdf/628ec1cb76_00a9d81709806bc220522f9b062f226e19ba256e436493b1__vs__1424386e9b_017447de83753a0e3b7afc659df038ef56972925336c6a5b_redline_7127dd0325.pdf,eae2e32c49d2b295eda8bda6f00d081907864bdb1b9850050a0e47cc834d1cf1,/Users/arthrod/temp/T/neurotic_docx_bench/results/redlines_0929_full/docxodus/pdf_by_word/628ec1cb76_00a9d81709806bc220522f9b062f226e19ba256e436493b1__vs__1424386e9b_017447de83753a0e3b7afc659df038ef56972925336c6a5b_redline_7127dd0325_docxodus.pdf,283c03c860beaf7654bab98333c2b295e835fedeefd600d187e0510f2174748f
26ce1d6300_super_editor__diff_after5_9fb9d5b4__vs__2e41610325_super_editor__diff_after6_5f9799d0_redline_71595f1fa3,71595f1fa3,tracking_without_comments,word_redlines_superdoc,corpus,/Users/arthrod/temp/T/neurotic_docx_bench/corpus/word/tracking_without_comments/pdf/26ce1d6300_super_editor__diff_after5_9fb9d5b4__vs__2e41610325_super_editor__diff_after6_5f9799d0_redline_71595f1fa3.pdf,0061d82dfaad8ff1e8cf43f291b9eabb14b8efa1e4300a81826895c683c88b3e,/Users/arthrod/temp/T/neurotic_docx_bench/results/redlines_0929_full/docxodus/pdf_by_word/26ce1d6300_super_editor__diff_after5_9fb9d5b4__vs__2e41610325_super_editor__diff_after6_5f9799d0_redline_3e3a4c751f_docxodus.pdf,6b9377cc6a3d9f78218c8a1d04538caca3930497bc3e8b139aae812ff823a02a
22060e7141_40b72d8c37011f35d914c2f44868286d89717c9efd10ac04__vs__71c67c168f_37d74eebe6fd69b7f6041f8ecda8e9857d885b23dab561b0_redline_72341d8ac1,72341d8ac1,with_comments_tracking,redlines_en_500,fresh,/Users/arthrod/temp/T/compare_regen/out/72341d8ac1__vs__72341d8ac1.pdf,92e2acd980ba1c4b3fa000954994ea04f2ec21902ac567d20be01dc5b193463b,/Users/arthrod/temp/T/neurotic_docx_bench/results/redlines_0929_full/docxodus/pdf_by_word/22060e7141_40b72d8c37011f35d914c2f44868286d89717c9efd10ac04__vs__71c67c168f_37d74eebe6fd69b7f6041f8ecda8e9857d885b23dab561b0_redline_72341d8ac1_docxodus.pdf,2c49df911095ee49a23254ab5bb3b4c951f00b8a055ab796e54aff594cfbcb77
a0738533be_gdocs_comments_export__vs__d5a56cdeb3_super_editor__gdocs_single_comment_ac5db87f_redline_745218f254,745218f254,with_comments_tracking,word_redlines_superdoc,fresh,/Users/arthrod/temp/T/compare_regen/out/745218f254__vs__745218f254.pdf,fa3b94e33fb2540dd34f1acfdd8c56019a9e3679cd0de3af88641021c2a13d78,/Users/arthrod/temp/T/neurotic_docx_bench/results/redlines_0929_full/docxodus/pdf_by_word/a0738533be_gdocs_comments_export__vs__d5a56cdeb3_super_editor__gdocs_single_comment_ac5db87f_redline_745218f254_docxodus.pdf,3ca3c95391891eddd6412dc2e93d6f98ea933cebe7f560da275f5ba889d9297f
ae9360e096_behavior__sd_2672_merged_table_821b922c__vs__e663016796_behavior__sd_2672_multipara_cell_4d1f068e_redline_74842a7b93,74842a7b93,tracking_without_comments,word_redlines_superdoc,corpus,/Users/arthrod/temp/T/neurotic_docx_bench/corpus/word/tracking_without_comments/pdf/ae9360e096_behavior__sd_2672_merged_table_821b922c__vs__e663016796_behavior__sd_2672_multipara_cell_4d1f068e_redline_74842a7b93.pdf,aa4194bcca85ebad2e4bf06acf79347e93f973df3bdfa10e134869204f87a2c2,/Users/arthrod/temp/T/neurotic_docx_bench/results/redlines_0929_full/docxodus/pdf_by_word/ae9360e096_behavior__sd_2672_merged_table_821b922c__vs__e663016796_behavior__sd_2672_multipara_cell_4d1f068e_redline_74842a7b93_docxodus.pdf,bb4896c25ecbbe1de3776de042dcfc5f5fb6d8029536af769351479efec762cd
b8d342dce2_55168b9490e23f1c2ac65519a9186dd43da70b6f7959d39a__vs__6b0e955dfe_80114507a4f8f886e89fb8a2a9f656e5d843d92730916146_redline_749f24fa0e,749f24fa0e,tracking_without_comments,redlines_en_500,corpus,/Users/arthrod/temp/T/neurotic_docx_bench/corpus/word/tracking_without_comments/pdf/b8d342dce2_55168b9490e23f1c2ac65519a9186dd43da70b6f7959d39a__vs__6b0e955dfe_80114507a4f8f886e89fb8a2a9f656e5d843d92730916146_redline_749f24fa0e.pdf,abab09c3a3c7031a6c136a55be0d312c4172a9a21ac54ac43c2cc66363f25201,/Users/arthrod/temp/T/neurotic_docx_bench/results/redlines_0929_full/docxodus/pdf_by_word/b8d342dce2_55168b9490e23f1c2ac65519a9186dd43da70b6f7959d39a__vs__6b0e955dfe_80114507a4f8f886e89fb8a2a9f656e5d843d92730916146_redline_749f24fa0e_docxodus.pdf,16971b5136bd947bb3f65c4420ea3e83b75a2cccbeb8570d7e5b6c0fd849d250
12d245d664_9b100bdcf7bb34633c6e6f845b4ce3eae33d8a2096083e28__vs__c05043adc7_c237f28127c24437bbb8b4a83965a9db2c996d272f8e7736_redline_754a666443,754a666443,tracking_without_comments,redlines_en_500,corpus,/Users/arthrod/temp/T/neurotic_docx_bench/corpus/word/tracking_without_comments/pdf/12d245d664_9b100bdcf7bb34633c6e6f845b4ce3eae33d8a2096083e28__vs__c05043adc7_c237f28127c24437bbb8b4a83965a9db2c996d272f8e7736_redline_754a666443.pdf,a850fe90d794f8fe5c214ad0a0b187edf1b79c3db2276d8f9a18c8c4ce446fa0,/Users/arthrod/temp/T/neurotic_docx_bench/results/redlines_0929_full/docxodus/pdf_by_word/12d245d664_9b100bdcf7bb34633c6e6f845b4ce3eae33d8a2096083e28__vs__c05043adc7_c237f28127c24437bbb8b4a83965a9db2c996d272f8e7736_redline_754a666443_docxodus.pdf,19636843738b2430a894fd4d9b89f4d9e7050df12dd398da7ec41bf627430ded
906753e55b_super_editor__table_c70ca973__vs__3faf9e000d_super_editor__text_color_highlight_36cb4c90_redline_7595764e92,7595764e92,tracking_without_comments,word_redlines_superdoc_0926,corpus,/Users/arthrod/temp/T/neurotic_docx_bench/corpus/word/tracking_without_comments/pdf/906753e55b_super_editor__table_c70ca973__vs__3faf9e000d_super_editor__text_color_highlight_36cb4c90_redline_7595764e92.pdf,058799b2633b4581efc5b7d5b6dc7bf1d2d10b55e6fe2d71db0918da902fea6b,/Users/arthrod/temp/T/neurotic_docx_bench/results/redlines_0929_full/docxodus/pdf_by_word/906753e55b_super_editor__table_c70ca973__vs__3faf9e000d_super_editor__text_color_highlight_36cb4c90_redline_3fb1c82094_docxodus.pdf,2ffc9edea86f9add0d0323f3526591a0d1d891b9f270281e36f345fc6884e15e
64bdd3aded_footnotes_sample__vs__a0738533be_gdocs_comments_export_redline_75ff938b20,75ff938b20,with_comments_tracking,word_based;fixtures_word_compares,fresh,/Users/arthrod/temp/T/compare_regen/out/75ff938b20__vs__75ff938b20.pdf,724c21e98fcee2cdae5c4c6d3d781eaca81e5f880ac679241f7e8d4748bfbd16,/Users/arthrod/temp/T/neurotic_docx_bench/results/redlines_0929_full/docxodus/pdf_by_word/64bdd3aded_footnotes_sample__vs__a0738533be_gdocs_comments_export_redline_75ff938b20_docxodus.pdf,0de37183687f6975d6c67fbcff2d3f0d1da90f1d7682fd8e2e3bb63320b3ffa7
9f6091a4ac_super_editor__threaded_comment_27bda0ba__vs__b3028f2d5b_super_editor__super_basic_table_86d8d916_redline_7643096759,7643096759,with_comments_tracking,word_redlines_superdoc_0926,fresh,/Users/arthrod/temp/T/compare_regen/out/7643096759__vs__7643096759.pdf,28a556caa14540adc5f347fd25272d4148783c2e8589310b0d811f1a12571380,/Users/arthrod/temp/T/neurotic_docx_bench/results/redlines_0929_full/docxodus/pdf_by_word/9f6091a4ac_super_editor__threaded_comment_27bda0ba__vs__b3028f2d5b_super_editor__super_basic_table_86d8d916_redline_254bc964f4_docxodus.pdf,2400ffe29e105bb0f210d0d26a5c3819642df936172567187854d0e10f43acdb
a3df367231_001a6655d72fbecf6a1d10e479eee052a779d6ba1d0848d7__vs__aa5340125d_00a4b0b91e9b5b072dc3771391c2d608518690eccf44eae8_redline_76b093bc91,76b093bc91,tracking_without_comments,redlines_a100_b10,corpus,/Users/arthrod/temp/T/neurotic_docx_bench/corpus/word/tracking_without_comments/pdf/a3df367231_001a6655d72fbecf6a1d10e479eee052a779d6ba1d0848d7__vs__aa5340125d_00a4b0b91e9b5b072dc3771391c2d608518690eccf44eae8_redline_76b093bc91.pdf,66ec7c1aca08c7d7dfd688c280691870cd3aab99adb4cce65e8a934113eaf0c0,/Users/arthrod/temp/T/neurotic_docx_bench/results/redlines_0929_full/docxodus/pdf_by_word/a3df367231_001a6655d72fbecf6a1d10e479eee052a779d6ba1d0848d7__vs__aa5340125d_00a4b0b91e9b5b072dc3771391c2d608518690eccf44eae8_redline_76b093bc91_docxodus.pdf,4a564461238f7ae7218dab21140978703b910b83a31010818741bfb3567f4a7a
70a28a8258_file_15__vs__be5bf990cb_file_16_redline_7787357743,7787357743,with_comments_tracking,word_based_randomized_0926,fresh,/Users/arthrod/temp/T/compare_regen/out/7787357743__vs__7787357743.pdf,df87b235740fcd0880dfe42d013789866df592cfbbb9a2373471142436513ac5,/Users/arthrod/temp/T/neurotic_docx_bench/results/redlines_0929_full/docxodus/pdf_by_word/70a28a8258_file_15__vs__be5bf990cb_file_16_redline_699cc8bd70_docxodus.pdf,79613c50be1ceec363b73b917e8696203ce1728ef3bc43ab79fa0a33e63b4395
4f1b13334b_0002768ad2e3174d9c557d30d4a7a8d70ae4062e52383747__vs__bd3824dd1e_000ee64ef7226d353297888f59a251e24ce5d776fea000fa_redline_77a403d02f,77a403d02f,tracking_without_comments,redlines_a100_b10,corpus,/Users/arthrod/temp/T/neurotic_docx_bench/corpus/word/tracking_without_comments/pdf/4f1b13334b_0002768ad2e3174d9c557d30d4a7a8d70ae4062e52383747__vs__bd3824dd1e_000ee64ef7226d353297888f59a251e24ce5d776fea000fa_redline_77a403d02f.pdf,6fb55b93fb480158c19f1e5392ed589b4ed70d8ee5a10c1f51099f7d3aec8d78,/Users/arthrod/temp/T/neurotic_docx_bench/results/redlines_0929_full/docxodus/pdf_by_word/4f1b13334b_0002768ad2e3174d9c557d30d4a7a8d70ae4062e52383747__vs__bd3824dd1e_000ee64ef7226d353297888f59a251e24ce5d776fea000fa_redline_77a403d02f_docxodus.pdf,b5fcbe2c9c486872a39eb35425f9a9113db32b77712ceb204f22e41e70ff0f16
8138a2180b_file_145__vs__ac0bcc10fe_file_146_redline_77dfa18528,77dfa18528,with_comments_tracking,word_based_randomized,fresh,/Users/arthrod/temp/T/compare_regen/out/77dfa18528__vs__77dfa18528.pdf,cbe677127abd401ef91669c7bbd4dbe13c1e9d139293f7d6e794a8df531b782e,/Users/arthrod/temp/T/neurotic_docx_bench/results/redlines_0929_full/docxodus/pdf_by_word/8138a2180b_file_145__vs__ac0bcc10fe_file_146_redline_11e99a0b24_docxodus.pdf,b13b1594790c79445196da3a173b754ceb5fdab75de9e509ddae38e7a7de78e5
d72fd74138_super_editor__ooxml_color_rstyle_linked_combos_d__vs__fd68f70f24_super_editor__ooxml_highlight_rstyle_linked_comb_redline_780e6a99fa,780e6a99fa,tracking_without_comments,word_redlines_superdoc_0926,corpus,/Users/arthrod/temp/T/neurotic_docx_bench/corpus/word/tracking_without_comments/pdf/d72fd74138_super_editor__ooxml_color_rstyle_linked_combos_d__vs__fd68f70f24_super_editor__ooxml_highlight_rstyle_linked_comb_redline_780e6a99fa.pdf,8b9db6ec783e54ebf2f9adf052e7fb3ed98b03793532c2ed9ee6807efd754f3d,/Users/arthrod/temp/T/neurotic_docx_bench/results/redlines_0929_full/docxodus/pdf_by_word/d72fd74138_super_editor__ooxml_color_rstyle_linked_combos_d__vs__fd68f70f24_super_editor__ooxml_highlight_rstyle_linked_comb_redline_4b58ae9bb4_docxodus.pdf,d89efdf0779ac98ee2730d9e1e34b9be88673fe8c8f88abef759db7d66a1ed6b
d776ad9be7_super_editor__multi_section_doc_080d2655__vs__e81d1fa10c_behavior__pageref_standalone_uppercase_h_7701e07_redline_787e8e149a,787e8e149a,tracking_without_comments,word_redlines_superdoc,corpus,/Users/arthrod/temp/T/neurotic_docx_bench/corpus/word/tracking_without_comments/pdf/d776ad9be7_super_editor__multi_section_doc_080d2655__vs__e81d1fa10c_behavior__pageref_standalone_uppercase_h_7701e07_redline_787e8e149a.pdf,85aa92b29fa802a96f1d5b2cea70ee850b13f904038808dac0480f26dceb222a,/Users/arthrod/temp/T/neurotic_docx_bench/results/redlines_0929_full/docxodus/pdf_by_word/d776ad9be7_super_editor__multi_section_doc_080d2655__vs__e81d1fa10c_behavior__pageref_standalone_uppercase_h_7701e07_redline_4117d8340b_docxodus.pdf,d0de7b322fd7d0e2608707885136cd34abe18f621863b69d52d72f29b6b5f0aa
838af02d11_file_173__vs__13ea153d22_file_174_redline_79f93926e2,79f93926e2,with_comments_tracking,word_based_randomized_0926,fresh,/Users/arthrod/temp/T/compare_regen/out/79f93926e2__vs__79f93926e2.pdf,9d044936fb3fa5a7ef46d40fb2ff4e2fa61a6773361cf1f5429358aab585fe7a,/Users/arthrod/temp/T/neurotic_docx_bench/results/redlines_0929_full/docxodus/pdf_by_word/838af02d11_file_173__vs__13ea153d22_file_174_redline_23e03057e6_docxodus.pdf,c7bb96baf9e6c2d956d1b3fb5802607f6e8feb9fc61fe061917be825d9ea28ba
0619bc1b1d_file_84__vs__fad179ac0c_file_85_redline_7a9bcc2478,7a9bcc2478,tracking_without_comments,word_based_randomized,corpus,/Users/arthrod/temp/T/neurotic_docx_bench/corpus/word/tracking_without_comments/pdf/0619bc1b1d_file_84__vs__fad179ac0c_file_85_redline_7a9bcc2478.pdf,fc805e59da1a0746dbfb4fafb24618b133253a7f869c26c0476c4c05ea2f1203,/Users/arthrod/temp/T/neurotic_docx_bench/results/redlines_0929_full/docxodus/pdf_by_word/0619bc1b1d_file_84__vs__fad179ac0c_file_85_redline_7a9bcc2478_docxodus.pdf,cce3b87eab8c9b157802b93c223861898391dd4a7e318c58dbe1ec48176030e6
60dfd517a9_00f0e7f365a34acc5911a38c89776a4bdd2ba1685edcd0cc__vs__5203829c7a_001cc92b88566d5f930fe57f25813c0bf52a7bdc72c217d0_redline_7c845c604b,7c845c604b,tracking_without_comments,redlines_a100_b10,corpus,/Users/arthrod/temp/T/neurotic_docx_bench/corpus/word/tracking_without_comments/pdf/60dfd517a9_00f0e7f365a34acc5911a38c89776a4bdd2ba1685edcd0cc__vs__5203829c7a_001cc92b88566d5f930fe57f25813c0bf52a7bdc72c217d0_redline_7c845c604b.pdf,dc2936a78c23c9c51762a5d443a31adea45d4e30b01c8780d40f369a590bbf76,/Users/arthrod/temp/T/neurotic_docx_bench/results/redlines_0929_full/docxodus/pdf_by_word/60dfd517a9_00f0e7f365a34acc5911a38c89776a4bdd2ba1685edcd0cc__vs__5203829c7a_001cc92b88566d5f930fe57f25813c0bf52a7bdc72c217d0_redline_7c845c604b_docxodus.pdf,033f428706b17aba37ebb141634b6c713d82e0578d2413a910ac625b1808997b
a3df367231_001a6655d72fbecf6a1d10e479eee052a779d6ba1d0848d7__vs__a5f2b9318d_002aa60c2ae1187417b4b157c5ec6450324cc056ec551a12_redline_7c91c539fa,7c91c539fa,tracking_without_comments,redlines_a100_b10,corpus,/Users/arthrod/temp/T/neurotic_docx_bench/corpus/word/tracking_without_comments/pdf/a3df367231_001a6655d72fbecf6a1d10e479eee052a779d6ba1d0848d7__vs__a5f2b9318d_002aa60c2ae1187417b4b157c5ec6450324cc056ec551a12_redline_7c91c539fa.pdf,aa5273c85ce88a7b21ecb9d1852e6ceac937e54230261b67a40069142f04ed56,/Users/arthrod/temp/T/neurotic_docx_bench/results/redlines_0929_full/docxodus/pdf_by_word/a3df367231_001a6655d72fbecf6a1d10e479eee052a779d6ba1d0848d7__vs__a5f2b9318d_002aa60c2ae1187417b4b157c5ec6450324cc056ec551a12_redline_7c91c539fa_docxodus.pdf,4bac2a61f0ff6e9f73160178bb0cd70e36b5ee4f7426cdf5c37db7c64475e1a4
a21c45464c_super_editor__shape_group_ce60e1e6__vs__14211b982b_super_editor__simple_ordered_list_8288421a_redline_7d2b2ee4c8,7d2b2ee4c8,tracking_without_comments,word_redlines_superdoc_0926,corpus,/Users/arthrod/temp/T/neurotic_docx_bench/corpus/word/tracking_without_comments/pdf/a21c45464c_super_editor__shape_group_ce60e1e6__vs__14211b982b_super_editor__simple_ordered_list_8288421a_redline_7d2b2ee4c8.pdf,5e34c8aea1a44a9cf7079c3e7b63826a9892e523d8b66b2c1af00620df68d5f5,/Users/arthrod/temp/T/neurotic_docx_bench/results/redlines_0929_full/docxodus/pdf_by_word/a21c45464c_super_editor__shape_group_ce60e1e6__vs__14211b982b_super_editor__simple_ordered_list_8288421a_redline_764c23f57d_docxodus.pdf,2c820554bab51107631bf56b3d1ba66eb850f6e92538ca5f10b50559ebe162fd
25f07e0823_super_editor__sd_1919_word_mixed_33e049ca__vs__76827c9f6c_super_editor__sd_1480_two_col_index_0138dccc_redline_7df026e914,7df026e914,tracking_without_comments,word_redlines_superdoc_0926,corpus,/Users/arthrod/temp/T/neurotic_docx_bench/corpus/word/tracking_without_comments/pdf/25f07e0823_super_editor__sd_1919_word_mixed_33e049ca__vs__76827c9f6c_super_editor__sd_1480_two_col_index_0138dccc_redline_7df026e914.pdf,b16896be34c390103427af3f9be15e92685c747625af5edd869350ca45b360fe,/Users/arthrod/temp/T/neurotic_docx_bench/results/redlines_0929_full/docxodus/pdf_by_word/25f07e0823_super_editor__sd_1919_word_mixed_33e049ca__vs__76827c9f6c_super_editor__sd_1480_two_col_index_0138dccc_redline_639abc8bb9_docxodus.pdf,22dcbd83535d7b6932ab33d8a5240c31223b5204f7244d1ea33df5c70d6f119a
4f1b13334b_0002768ad2e3174d9c557d30d4a7a8d70ae4062e52383747__vs__5203829c7a_001cc92b88566d5f930fe57f25813c0bf52a7bdc72c217d0_redline_7e598e6a80,7e598e6a80,tracking_without_comments,redlines_a100_b10,corpus,/Users/arthrod/temp/T/neurotic_docx_bench/corpus/word/tracking_without_comments/pdf/4f1b13334b_0002768ad2e3174d9c557d30d4a7a8d70ae4062e52383747__vs__5203829c7a_001cc92b88566d5f930fe57f25813c0bf52a7bdc72c217d0_redline_7e598e6a80.pdf,c15f3765e490c5f34b48bdf38f0be3e9fba221d07d516dc311405e189dccc5dc,/Users/arthrod/temp/T/neurotic_docx_bench/results/redlines_0929_full/docxodus/pdf_by_word/4f1b13334b_0002768ad2e3174d9c557d30d4a7a8d70ae4062e52383747__vs__5203829c7a_001cc92b88566d5f930fe57f25813c0bf52a7bdc72c217d0_redline_7e598e6a80_docxodus.pdf,6985f0682e4dbe3c2fe1d0372f9b6870cad6fa7af635f54f731d7500cc34a933
34ed7ebd0f_227afe23857a4ab9a224864c35859a646d77964f0091d286__vs__8540241422_1a8b2f10c75536052e991733f8d68e4e56ad2bac943b4fdf_redline_7ee9ae5c62,7ee9ae5c62,tracking_without_comments,redlines_en_500,corpus,/Users/arthrod/temp/T/neurotic_docx_bench/corpus/word/tracking_without_comments/pdf/34ed7ebd0f_227afe23857a4ab9a224864c35859a646d77964f0091d286__vs__8540241422_1a8b2f10c75536052e991733f8d68e4e56ad2bac943b4fdf_redline_7ee9ae5c62.pdf,77223e6fc0e6c5eb94d7e0df3a80845ac0a937d86ccf2cc7c3a436979bc52a10,/Users/arthrod/temp/T/neurotic_docx_bench/results/redlines_0929_full/docxodus/pdf_by_word/34ed7ebd0f_227afe23857a4ab9a224864c35859a646d77964f0091d286__vs__8540241422_1a8b2f10c75536052e991733f8d68e4e56ad2bac943b4fdf_redline_7ee9ae5c62_docxodus.pdf,81113c18741ac46ecd971acd3a8dfc4e8597e2237e9c74b5d0586de4d4aec746
8e362f619c_001a1c8e7a7ce5a802479fb58bf4affd239449ecb33b64ec__vs__333bfe069a_003416d620331122b93b434dad901db5836f60d2cad4b533_redline_7f408eb035,7f408eb035,tracking_without_comments,redlines_a100_b10,corpus,/Users/arthrod/temp/T/neurotic_docx_bench/corpus/word/tracking_without_comments/pdf/8e362f619c_001a1c8e7a7ce5a802479fb58bf4affd239449ecb33b64ec__vs__333bfe069a_003416d620331122b93b434dad901db5836f60d2cad4b533_redline_7f408eb035.pdf,2ef71670e2346318b617f1cfcef300acaaaad7e0f35c9bac59917a67e71b91b7,/Users/arthrod/temp/T/neurotic_docx_bench/results/redlines_0929_full/docxodus/pdf_by_word/8e362f619c_001a1c8e7a7ce5a802479fb58bf4affd239449ecb33b64ec__vs__333bfe069a_003416d620331122b93b434dad901db5836f60d2cad4b533_redline_7f408eb035_docxodus.pdf,58e961e525db274544f4dad1294d6600fda74879cd5abf8ba5401c54577fb54b
abd0b75d88_file_184__vs__9c6ebd430d_file_185_redline_7f412aa4b4,7f412aa4b4,with_comments_tracking,word_based_randomized,fresh,/Users/arthrod/temp/T/compare_regen/out/7f412aa4b4__vs__7f412aa4b4.pdf,312b2bdf738477a33678cbd8fb1e387c287a5178d432fa3db2fb3d508757c2f7,/Users/arthrod/temp/T/neurotic_docx_bench/results/redlines_0929_full/docxodus/pdf_by_word/abd0b75d88_file_184__vs__9c6ebd430d_file_185_redline_7f412aa4b4_docxodus.pdf,05b088023c6f7f49ebab4b2ade58fe4870b9b23fd2913949095708b0e93017c8
5adc853144_insert_link_demo_id_paraid_overflow__vs__e615c89269_inventory_list_suggesting_deletions_redline_7fd2b78918,7fd2b78918,tracking_without_comments,word_based,corpus,/Users/arthrod/temp/T/neurotic_docx_bench/corpus/word/tracking_without_comments/pdf/5adc853144_insert_link_demo_id_paraid_overflow__vs__e615c89269_inventory_list_suggesting_deletions_redline_7fd2b78918.pdf,f3d6c3b61582445a59e7abe6344dfe9052c3e9ea88c29c0f64c012dd4620358a,/Users/arthrod/temp/T/neurotic_docx_bench/results/redlines_0929_full/docxodus/pdf_by_word/5adc853144_insert_link_demo_id_paraid_overflow__vs__e615c89269_inventory_list_suggesting_deletions_redline_0907085a84_docxodus.pdf,c88d5a6f177b2cedb7ae1ba31facc43cc6975dfc4440cee2ea0cf56abc0a9245
286955227d_0134fe85fb88da2accd6637e1c44bdd4f8b7fbb533bd47ba__vs__342f364d46_001342333d45627868f4dc5282abbba4598a91b4a7584b08_redline_7ff6ee4617,7ff6ee4617,tracking_without_comments,redlines_a100_b10,corpus,/Users/arthrod/temp/T/neurotic_docx_bench/corpus/word/tracking_without_comments/pdf/286955227d_0134fe85fb88da2accd6637e1c44bdd4f8b7fbb533bd47ba__vs__342f364d46_001342333d45627868f4dc5282abbba4598a91b4a7584b08_redline_7ff6ee4617.pdf,3404127c6f2d3624f1b9cb6482d9cc0fd323db4d9542062c1e752a29be7d23f9,/Users/arthrod/temp/T/neurotic_docx_bench/results/redlines_0929_full/docxodus/pdf_by_word/286955227d_0134fe85fb88da2accd6637e1c44bdd4f8b7fbb533bd47ba__vs__342f364d46_001342333d45627868f4dc5282abbba4598a91b4a7584b08_redline_7ff6ee4617_docxodus.pdf,18162b9eb53f5779cd2aa4ea49cafa4d375dc51d762a36b257d665f698f06022
52220b20c3_00a54bff7e15af78fe7cfc20219c28cb208fde807bd28d44__vs__bd3824dd1e_000ee64ef7226d353297888f59a251e24ce5d776fea000fa_redline_8018df6bdf,8018df6bdf,tracking_without_comments,redlines_a100_b10,corpus,/Users/arthrod/temp/T/neurotic_docx_bench/corpus/word/tracking_without_comments/pdf/52220b20c3_00a54bff7e15af78fe7cfc20219c28cb208fde807bd28d44__vs__bd3824dd1e_000ee64ef7226d353297888f59a251e24ce5d776fea000fa_redline_8018df6bdf.pdf,87c5953b87c66f0958b13197e23e1b370b707e3a40f25a85d241a1b423b06f1a,/Users/arthrod/temp/T/neurotic_docx_bench/results/redlines_0929_full/docxodus/pdf_by_word/52220b20c3_00a54bff7e15af78fe7cfc20219c28cb208fde807bd28d44__vs__bd3824dd1e_000ee64ef7226d353297888f59a251e24ce5d776fea000fa_redline_8018df6bdf_docxodus.pdf,248aa0006c86af0a46555ccea91734154ca5b5dc949a3337d2536299ce093877
3413da1703_verdana_font_demo_id_paraid_overflow_2__vs__ac4b41aa8e_verdana_font_demo_id_paraid_overflow_redline_804039550d,804039550d,tracking_without_comments,word_based;fixtures_word_compares,fresh,/Users/arthrod/temp/T/compare_regen/out/804039550d__vs__804039550d.pdf,c81d5eee396ba9390758eda71d930d37ba2d0c0cc534c2fe8b970d66899bc809,/Users/arthrod/temp/T/neurotic_docx_bench/results/redlines_0929_full/docxodus/pdf_by_word/3413da1703_verdana_font_demo_id_paraid_overflow_2__vs__ac4b41aa8e_verdana_font_demo_id_paraid_overflow_redline_804039550d_docxodus.pdf,37395946449613ecc52ce7104625a93eeb90e032d563f103cd6bb171352abc92
64bdd3aded_footnotes_sample__vs__a0738533be_gdocs_comments_export_redline_820ab5e086,820ab5e086,with_comments_tracking,word_based_0926,fresh,/Users/arthrod/temp/T/compare_regen/out/820ab5e086__vs__820ab5e086.pdf,392068d3d3eeee72581f9eb54ec81a6d3e17b3bf067a5e35501f8df620dece88,/Users/arthrod/temp/T/neurotic_docx_bench/results/redlines_0929_full/docxodus/pdf_by_word/64bdd3aded_footnotes_sample__vs__a0738533be_gdocs_comments_export_redline_75ff938b20_docxodus.pdf,0de37183687f6975d6c67fbcff2d3f0d1da90f1d7682fd8e2e3bb63320b3ffa7
42d59beb40_super_editor__diff_after10_ac257741__vs__a0e6a09304_super_editor__diff_after11_1d5b767f_redline_822678fea0,822678fea0,with_comments_tracking,word_redlines_superdoc_0926,fresh,/Users/arthrod/temp/T/compare_regen/out/822678fea0__vs__822678fea0.pdf,9eaba98518a7326f10f9f24c6e9cc7e8685cc7879cf8c0a07b85e837101ca15c,/Users/arthrod/temp/T/neurotic_docx_bench/results/redlines_0929_full/docxodus/pdf_by_word/42d59beb40_super_editor__diff_after10_ac257741__vs__a0e6a09304_super_editor__diff_after11_1d5b767f_redline_1c89a9e553_docxodus.pdf,6df0c7512b7500344a1cd2c21a0c5b87b396eaef6034d738a347fcac9e8e366d
68526de79b_file_77__vs__7476f5fbb1_file_78_redline_822ad81a4c,822ad81a4c,with_comments_tracking,word_based_randomized,fresh,/Users/arthrod/temp/T/compare_regen/out/822ad81a4c__vs__822ad81a4c.pdf,161396e8f6f2e9f96a58b427fbc6193e83e67fcfcf4df4941b83850e46eb9161,/Users/arthrod/temp/T/neurotic_docx_bench/results/redlines_0929_full/docxodus/pdf_by_word/68526de79b_file_77__vs__7476f5fbb1_file_78_redline_7cc19c9376_docxodus.pdf,41811d57509657d21dedc5511a362572e585843adf3f63297ec98b8a3928b2c5
756fb54224_potpourritest__vs__f7d8cdf9a9_product_roadmap_2026_suggesting_insertions_redline_8358846f3a,8358846f3a,with_comments_tracking,word_based;fixtures_word_compares,fresh,/Users/arthrod/temp/T/compare_regen/out/8358846f3a__vs__8358846f3a.pdf,5765e7b4c5aa3298fc0c32be7a53014ce926f57e95ef8f7718f8957d203fe568,/Users/arthrod/temp/T/neurotic_docx_bench/results/redlines_0929_full/docxodus/pdf_by_word/756fb54224_potpourritest__vs__f7d8cdf9a9_product_roadmap_2026_suggesting_insertions_redline_8358846f3a_docxodus.pdf,cfea79acc295626292a34a54a6161dfcd700da97a5f6982c62094eff9b3da442
7e405bc8f2_font_size_12_demo_id_paraid_overflow__vs__93e2be10e6_font_size_18_demo_style_default_missing_redline_83b966e72a,83b966e72a,tracking_without_comments,word_based_0926,corpus,/Users/arthrod/temp/T/neurotic_docx_bench/corpus/word/tracking_without_comments/pdf/7e405bc8f2_font_size_12_demo_id_paraid_overflow__vs__93e2be10e6_font_size_18_demo_style_default_missing_redline_83b966e72a.pdf,939f6825f081491adb3cc15e3db527526744810cb7e37f44f66b7c2eb1cc026f,/Users/arthrod/temp/T/neurotic_docx_bench/results/redlines_0929_full/docxodus/pdf_by_word/7e405bc8f2_font_size_12_demo_id_paraid_overflow__vs__93e2be10e6_font_size_18_demo_style_default_missing_redline_83b966e72a_docxodus.pdf,f9943580a4621b1905c5112fe574a7eadf8f2f4ce02b999439d1be78616d3897
899ef4306e_0017891576e438292c35db3155e97d16ec0d68144e21bfc3__vs__2773adf157_0004c94ca2a8684d47449bb0e7abf87de1df71a7e6543252_redline_83ba58bf48,83ba58bf48,tracking_without_comments,redlines_a100_b10,corpus,/Users/arthrod/temp/T/neurotic_docx_bench/corpus/word/tracking_without_comments/pdf/899ef4306e_0017891576e438292c35db3155e97d16ec0d68144e21bfc3__vs__2773adf157_0004c94ca2a8684d47449bb0e7abf87de1df71a7e6543252_redline_83ba58bf48.pdf,73239e2b2520a08f6b99d16063d52e96b11ac5bc4f3dbbd6471fcc46d4d4d245,/Users/arthrod/temp/T/neurotic_docx_bench/results/redlines_0929_full/docxodus/pdf_by_word/899ef4306e_0017891576e438292c35db3155e97d16ec0d68144e21bfc3__vs__2773adf157_0004c94ca2a8684d47449bb0e7abf87de1df71a7e6543252_redline_83ba58bf48_docxodus.pdf,199648bee3c6d8a820f02234566969a2cf43854ad4d66956ea044f6573ae108b
1c5bd81def_super_editor__multiple_nodes_in_list_79d915a2__vs__d03da97287_super_editor__nested_comments_gdocs_0c8668e1_redline_83ec2122ff,83ec2122ff,with_comments_tracking,word_redlines_superdoc,fresh,/Users/arthrod/temp/T/compare_regen/out/83ec2122ff__vs__83ec2122ff.pdf,ed1709d7592257ea9c28504ba6cf74fe3e4dc9bea3c3b26405454f7d79378a9e,/Users/arthrod/temp/T/neurotic_docx_bench/results/redlines_0929_full/docxodus/pdf_by_word/1c5bd81def_super_editor__multiple_nodes_in_list_79d915a2__vs__d03da97287_super_editor__nested_comments_gdocs_0c8668e1_redline_83ec2122ff_docxodus.pdf,97d5c34d364214a300ca123e4483d2d97d76b10a167c81075da6a445b81a800d
dcf7dd476f_super_editor__superdoc_table_tester_3b2de2e1__vs__f89ff5989b_evals__nda_7f304918_redline_83ec99367f,83ec99367f,tracking_without_comments,word_redlines_superdoc,corpus,/Users/arthrod/temp/T/neurotic_docx_bench/corpus/word/tracking_without_comments/pdf/dcf7dd476f_super_editor__superdoc_table_tester_3b2de2e1__vs__f89ff5989b_evals__nda_7f304918_redline_83ec99367f.pdf,1c909aadead2bb0b0bfb39092a258c45a3a3bad8e3c99d8dcc472d0e04e22041,/Users/arthrod/temp/T/neurotic_docx_bench/results/redlines_0929_full/docxodus/pdf_by_word/dcf7dd476f_super_editor__superdoc_table_tester_3b2de2e1__vs__f89ff5989b_evals__nda_7f304918_redline_699b8c72c1_docxodus.pdf,d384da97ab925997d458d11cbf9b991843caa816dd680c59bcca41284e0f1c89
57ff9e1b30_file_89__vs__9c8272b1e2_file_90_redline_849e0cb7c4,849e0cb7c4,with_comments_tracking,word_based_randomized,fresh,/Users/arthrod/temp/T/compare_regen/out/849e0cb7c4__vs__849e0cb7c4.pdf,b5d612955928f9355446086bcf764edbe21451fca9623d6704665711804906b6,/Users/arthrod/temp/T/neurotic_docx_bench/results/redlines_0929_full/docxodus/pdf_by_word/57ff9e1b30_file_89__vs__9c8272b1e2_file_90_redline_849e0cb7c4_docxodus.pdf,89983a7fcae2bc6193a483251b47d0ffbe2288553321a2c60052f0789fa5bc14
735c372b41_super_editor__diff_after8_58e5c288__vs__de3c6fded9_super_editor__doc_with_spacing_e3d47bd7_redline_8510b2d3c5,8510b2d3c5,with_comments_tracking,word_redlines_superdoc_0926,fresh,/Users/arthrod/temp/T/compare_regen/out/8510b2d3c5__vs__8510b2d3c5.pdf,b9ae6918dc4a8885667edf19c42acd3f058eaaf9c912201b2ab2ac4153564970,/Users/arthrod/temp/T/neurotic_docx_bench/results/redlines_0929_full/docxodus/pdf_by_word/735c372b41_super_editor__diff_after8_58e5c288__vs__de3c6fded9_super_editor__doc_with_spacing_e3d47bd7_redline_12fca96084_docxodus.pdf,a2908fdb4c1dcaf1bbe7b18f101e216fabeb859561587bce5ab28ee1f78056a0
3faf9e000d_super_editor__text_color_highlight_36cb4c90__vs__9f6091a4ac_super_editor__threaded_comment_27bda0ba_redline_85d3cc0cfe,85d3cc0cfe,with_comments_tracking,word_redlines_superdoc,fresh,/Users/arthrod/temp/T/compare_regen/out/85d3cc0cfe__vs__85d3cc0cfe.pdf,736f3cb5a31619cd59d579fe09e0c7ee709851d2cdf7d86b38c6236850f91a15,/Users/arthrod/temp/T/neurotic_docx_bench/results/redlines_0929_full/docxodus/pdf_by_word/3faf9e000d_super_editor__text_color_highlight_36cb4c90__vs__9f6091a4ac_super_editor__threaded_comment_27bda0ba_redline_64e3ba9c22_docxodus.pdf,faf2694d5aa4dc85e0352b8d0bd8e7314a800027e92ba1cc10006c2986aebd65
0e6f813e69_00d2ca27359f3d1d5ee2c2904b48a3e4717faf7fdf6413f6__vs__1424386e9b_017447de83753a0e3b7afc659df038ef56972925336c6a5b_redline_862df17b60,862df17b60,tracking_without_comments,redlines_a100_b10,corpus,/Users/arthrod/temp/T/neurotic_docx_bench/corpus/word/tracking_without_comments/pdf/0e6f813e69_00d2ca27359f3d1d5ee2c2904b48a3e4717faf7fdf6413f6__vs__1424386e9b_017447de83753a0e3b7afc659df038ef56972925336c6a5b_redline_862df17b60.pdf,2926f3ddbc2fb4f0a68a7bb90eb7cdf556307b8a4a0abf2af39700bb5f23e7fa,/Users/arthrod/temp/T/neurotic_docx_bench/results/redlines_0929_full/docxodus/pdf_by_word/0e6f813e69_00d2ca27359f3d1d5ee2c2904b48a3e4717faf7fdf6413f6__vs__1424386e9b_017447de83753a0e3b7afc659df038ef56972925336c6a5b_redline_862df17b60_docxodus.pdf,8f78649fb073cd34273e118bd1a15ac1c519fd35d352a931889d024e9222d5bf
76a40d9ffd_000e618d79bf03ff1783da81e6c34b7ad651896dd56e75a4__vs__2773adf157_0004c94ca2a8684d47449bb0e7abf87de1df71a7e6543252_redline_8684b04242,8684b04242,tracking_without_comments,redlines_a100_b10,corpus,/Users/arthrod/temp/T/neurotic_docx_bench/corpus/word/tracking_without_comments/pdf/76a40d9ffd_000e618d79bf03ff1783da81e6c34b7ad651896dd56e75a4__vs__2773adf157_0004c94ca2a8684d47449bb0e7abf87de1df71a7e6543252_redline_8684b04242.pdf,7cedc5d6bd5eb9700bb005c3d176fdad4ffd24f4bc634d70e6badde64a0cc733,/Users/arthrod/temp/T/neurotic_docx_bench/results/redlines_0929_full/docxodus/pdf_by_word/76a40d9ffd_000e618d79bf03ff1783da81e6c34b7ad651896dd56e75a4__vs__2773adf157_0004c94ca2a8684d47449bb0e7abf87de1df71a7e6543252_redline_8684b04242_docxodus.pdf,dd58dc4d7ff9ba44e44c3677ec3451ce998b4600a38294e3c2b3b33a83dc2aa9
ed0aa93b58_file_18__vs__9bf625ba95_file_19_redline_8694636a78,8694636a78,with_comments_tracking,word_based_randomized,fresh,/Users/arthrod/temp/T/compare_regen/out/8694636a78__vs__8694636a78.pdf,c04e582a37629c9f19e94d7a67d26b9e8fd743d58213e79e34d2e244e9fd2719,/Users/arthrod/temp/T/neurotic_docx_bench/results/redlines_0929_full/docxodus/pdf_by_word/ed0aa93b58_file_18__vs__9bf625ba95_file_19_redline_8694636a78_docxodus.pdf,40661518b7954ce673190fe088dff5eed3c5ad612148a851ba5ca1e70a4b52ae
3755bf5762_0000a3a991f56b6660c630eb426231a3b4ec31e40313aab9__vs__bd3824dd1e_000ee64ef7226d353297888f59a251e24ce5d776fea000fa_redline_8707a2c3e0,8707a2c3e0,tracking_without_comments,redlines_a100_b10,corpus,/Users/arthrod/temp/T/neurotic_docx_bench/corpus/word/tracking_without_comments/pdf/3755bf5762_0000a3a991f56b6660c630eb426231a3b4ec31e40313aab9__vs__bd3824dd1e_000ee64ef7226d353297888f59a251e24ce5d776fea000fa_redline_8707a2c3e0.pdf,1a8aa7e1e016d95331e1068fbbe992442eda3098fba8c8c0eda4a981eb010e9b,/Users/arthrod/temp/T/neurotic_docx_bench/results/redlines_0929_full/docxodus/pdf_by_word/3755bf5762_0000a3a991f56b6660c630eb426231a3b4ec31e40313aab9__vs__bd3824dd1e_000ee64ef7226d353297888f59a251e24ce5d776fea000fa_redline_8707a2c3e0_docxodus.pdf,0ef3d1653569333246af49558c869502fe6eb018d3bb294cc9a090781561d865
36fbd8c734_sales_report_january_2026_suggesting_insertions__vs__81158d928d_sample_document_afterword_repaired_word_repaired_redline_8813a2b815,8813a2b815,with_comments_tracking,word_based;fixtures_word_compares;pdf_fill_0928,fresh,/Users/arthrod/temp/T/compare_regen/out/8813a2b815__vs__8813a2b815.pdf,4484f90b8a66a2ffc9b6d2fd59f24593993c4f4c3b92a9d76573bef9166f7249,/Users/arthrod/temp/T/neurotic_docx_bench/results/redlines_0929_full/docxodus/pdf_by_word/36fbd8c734_sales_report_january_2026_suggesting_insertions__vs__81158d928d_sample_document_afterword_repaired_word_repaired_redline_20eccb4f6a_docxodus.pdf,7cd180931f38e1c5fde59f3ddaccf053e034c7594061785a627750bb4142ddf6
058cd936de_super_editor__image_doc_c7d007ac__vs__de8054b3bc_super_editor__image_p_spacing_9b211fd7_redline_8859b473b1,8859b473b1,tracking_without_comments,word_redlines_superdoc,corpus,/Users/arthrod/temp/T/neurotic_docx_bench/corpus/word/tracking_without_comments/pdf/058cd936de_super_editor__image_doc_c7d007ac__vs__de8054b3bc_super_editor__image_p_spacing_9b211fd7_redline_8859b473b1.pdf,b7d0d66a5a74fc011bcb1795ccf2ca42dd260c197e5eda306f30be15bb6b0da5,/Users/arthrod/temp/T/neurotic_docx_bench/results/redlines_0929_full/docxodus/pdf_by_word/058cd936de_super_editor__image_doc_c7d007ac__vs__de8054b3bc_super_editor__image_p_spacing_9b211fd7_redline_8859b473b1_docxodus.pdf,6e578c5e9a3ea5e727519ddcf4af58bfbe35f0cf0ff89180bcefb0445d2d4954
735c372b41_super_editor__diff_after8_58e5c288__vs__75aeff4f58_super_editor__diff_after9_a9d4b4b0_redline_897500844c,897500844c,with_comments_tracking,word_redlines_superdoc,fresh,/Users/arthrod/temp/T/compare_regen/out/897500844c__vs__897500844c.pdf,53c99508e167084da5b61892e73ddc164bc6a83543d48fcc31d2a4f335de1854,/Users/arthrod/temp/T/neurotic_docx_bench/results/redlines_0929_full/docxodus/pdf_by_word/735c372b41_super_editor__diff_after8_58e5c288__vs__75aeff4f58_super_editor__diff_after9_a9d4b4b0_redline_5a72b1ad9e_docxodus.pdf,8490937277b13df2ab82f9114957ce76e19516c72df9eb2a57d328b399922a9c
7166fa4199_document_100_ultimate_demo_id_paraid_overflow__vs__97c3dd2e86_docx_lots_of_comments_addition_redline_addition_redline_8993b015d5,8993b015d5,with_comments_tracking,word_based,fresh,/Users/arthrod/temp/T/compare_regen/out/8993b015d5__vs__8993b015d5.pdf,85de41e8f38ec425c4e0b46dd94cd2a87907cb57e607aa5fb54c314f6797d936,/Users/arthrod/temp/T/neurotic_docx_bench/results/redlines_0929_full/docxodus/pdf_by_word/7166fa4199_document_100_ultimate_demo_id_paraid_overflow__vs__97c3dd2e86_docx_lots_of_comments_addition_redline_addition_redline_2288f27be1_docxodus.pdf,aead11e719b62651d74152a7ef28f7716118ad0b0ee7c20e7063129e3e459b68
d776ad9be7_super_editor__multi_section_doc_080d2655__vs__1c5bd81def_super_editor__multiple_nodes_in_list_79d915a2_redline_89dcc843ca,89dcc843ca,tracking_without_comments,word_redlines_superdoc,corpus,/Users/arthrod/temp/T/neurotic_docx_bench/corpus/word/tracking_without_comments/pdf/d776ad9be7_super_editor__multi_section_doc_080d2655__vs__1c5bd81def_super_editor__multiple_nodes_in_list_79d915a2_redline_89dcc843ca.pdf,59b731154e74872527cf763f7aa73a5fb87c636b8f53a4a93c20912a0079c9f5,/Users/arthrod/temp/T/neurotic_docx_bench/results/redlines_0929_full/docxodus/pdf_by_word/d776ad9be7_super_editor__multi_section_doc_080d2655__vs__1c5bd81def_super_editor__multiple_nodes_in_list_79d915a2_redline_2fb2572c2e_docxodus.pdf,78d3604459d8b4098eb9758680ca8296755745dbc8dd2deec243bd33e9aa65b8
7367931dbf_super_editor__sdt_test_60079f08__vs__b389f55091_super_editor__comment_23ee5ec1_redline_8ac7b0a13c,8ac7b0a13c,with_comments_tracking,word_redlines_superdoc_0926,fresh,/Users/arthrod/temp/T/compare_regen/out/8ac7b0a13c__vs__8ac7b0a13c.pdf,ce70faa58a7604bc85817fa42ae774264faaf9b0b50f584041e4f3f944d86fb7,/Users/arthrod/temp/T/neurotic_docx_bench/results/redlines_0929_full/docxodus/pdf_by_word/7367931dbf_super_editor__sdt_test_60079f08__vs__b389f55091_super_editor__comment_23ee5ec1_redline_541790cd56_docxodus.pdf,84bd8709208b07683626ef5664b5ffdc56d6d679e37ea2d70649517b08344ed4
93477c6068_contract_review_suggesting_mixed_edits__vs__9333b7ab9b_customer_satisfaction_survey_q4_suggesting_inser_redline_8b97fbb240,8b97fbb240,tracking_without_comments,word_based;fixtures_word_compares,fresh,/Users/arthrod/temp/T/compare_regen/out/8b97fbb240__vs__8b97fbb240.pdf,595c868566f5a91c68cf1e0b1775523f31e023f3635dc7f623fb73065b1166c2,/Users/arthrod/temp/T/neurotic_docx_bench/results/redlines_0929_full/docxodus/pdf_by_word/93477c6068_contract_review_suggesting_mixed_edits__vs__9333b7ab9b_customer_satisfaction_survey_q4_suggesting_inser_redline_8b97fbb240_docxodus.pdf,12e5454c87e0067bbe512d3cea368561d5c1bf5aa2b96693e395821e84a7c6dc
531cf3d312_00ce789bc3226c2a68967cc29792927c80b7f55d9b5267ad__vs__2773adf157_0004c94ca2a8684d47449bb0e7abf87de1df71a7e6543252_redline_8c49315d23,8c49315d23,tracking_without_comments,redlines_a100_b10,corpus,/Users/arthrod/temp/T/neurotic_docx_bench/corpus/word/tracking_without_comments/pdf/531cf3d312_00ce789bc3226c2a68967cc29792927c80b7f55d9b5267ad__vs__2773adf157_0004c94ca2a8684d47449bb0e7abf87de1df71a7e6543252_redline_8c49315d23.pdf,16efb97b9e851492bea2fbc51f3966e33e1ea8a855cd68c50ab25336ceb2c9e6,/Users/arthrod/temp/T/neurotic_docx_bench/results/redlines_0929_full/docxodus/pdf_by_word/531cf3d312_00ce789bc3226c2a68967cc29792927c80b7f55d9b5267ad__vs__2773adf157_0004c94ca2a8684d47449bb0e7abf87de1df71a7e6543252_redline_8c49315d23_docxodus.pdf,66f9c16ee7e9ef03b53ce08440aa3d1010af693abe3d2e43d7c20aceeed1bf15
a0e6a09304_super_editor__diff_after11_1d5b767f__vs__e844ea2053_evals__table_doc_4d728d83_redline_8d0b00bb0a,8d0b00bb0a,with_comments_tracking,word_redlines_superdoc_0926,fresh,/Users/arthrod/temp/T/compare_regen/out/8d0b00bb0a__vs__8d0b00bb0a.pdf,dd4ede3fed962ad62962007e777ebfb2c2f12b47dab2c08b5aaa8badc791cbc3,/Users/arthrod/temp/T/neurotic_docx_bench/results/redlines_0929_full/docxodus/pdf_by_word/a0e6a09304_super_editor__diff_after11_1d5b767f__vs__e844ea2053_evals__table_doc_4d728d83_redline_80e8acff6a_docxodus.pdf,bce5e3cd952ddc119a145e9b3d5bc9a4d2357425e262fdd91f836881d4dab7c9
e70f1134dd_super_editor__diff_before8_ba5faa9e__vs__a5903a7c15_super_editor__pci_table_dc840852_redline_8d775d42d1,8d775d42d1,with_comments_tracking,word_redlines_superdoc,fresh,/Users/arthrod/temp/T/compare_regen/out/8d775d42d1__vs__8d775d42d1.pdf,937881b653381ab374a3731681363f19b063058da35b51ac98607cccbc6f0ca3,/Users/arthrod/temp/T/neurotic_docx_bench/results/redlines_0929_full/docxodus/pdf_by_word/e70f1134dd_super_editor__diff_before8_ba5faa9e__vs__a5903a7c15_super_editor__pci_table_dc840852_redline_8d775d42d1_docxodus.pdf,d7288b334f979561a6d9c15388e50f0868d165ecc675291b3abe23c1d627f9f1
1dfdc7d8ec_super_editor__image_inline_and_block_ad6109b3__vs__96fa27757a_behavior__rtl_page_numpages_54739e26_redline_8d7d998bdd,8d7d998bdd,tracking_without_comments,word_redlines_superdoc_0926,corpus,/Users/arthrod/temp/T/neurotic_docx_bench/corpus/word/tracking_without_comments/pdf/1dfdc7d8ec_super_editor__image_inline_and_block_ad6109b3__vs__96fa27757a_behavior__rtl_page_numpages_54739e26_redline_8d7d998bdd.pdf,44cd525ceb3dcf61d5317f6cb6d36a912da51155f4fb1ecb86475006b65a1aec,/Users/arthrod/temp/T/neurotic_docx_bench/results/redlines_0929_full/docxodus/pdf_by_word/1dfdc7d8ec_super_editor__image_inline_and_block_ad6109b3__vs__96fa27757a_behavior__rtl_page_numpages_54739e26_redline_76f4a58792_docxodus.pdf,5a896bdf7fb2d2bb6a339ce6515d8a41400eb9f8fa1735a871b850543dba8885
8ef32902e8_file_158__vs__8061e5912f_file_159_redline_8de55978f2,8de55978f2,with_comments_tracking,word_based_randomized,fresh,/Users/arthrod/temp/T/compare_regen/out/8de55978f2__vs__8de55978f2.pdf,30aac568cfb3c22875e3aef045dd23c97a63cea8ae134387b9f8c992d4b1b6ba,/Users/arthrod/temp/T/neurotic_docx_bench/results/redlines_0929_full/docxodus/pdf_by_word/8ef32902e8_file_158__vs__8061e5912f_file_159_redline_8de55978f2_docxodus.pdf,0d42ea96d808507f7412283df31825f7f3a9646d6804b8d3bed37850f228dc45
0a0b6470c3_00051beee50076d47db468069cab455933b72d9df9165e1f__vs__333bfe069a_003416d620331122b93b434dad901db5836f60d2cad4b533_redline_8e445de442,8e445de442,tracking_without_comments,redlines_a100_b10,corpus,/Users/arthrod/temp/T/neurotic_docx_bench/corpus/word/tracking_without_comments/pdf/0a0b6470c3_00051beee50076d47db468069cab455933b72d9df9165e1f__vs__333bfe069a_003416d620331122b93b434dad901db5836f60d2cad4b533_redline_8e445de442.pdf,94ea9eb93e75c9b8066b84d74a4c4bf0fba6908aef432a754cb427e0ca639fa1,/Users/arthrod/temp/T/neurotic_docx_bench/results/redlines_0929_full/docxodus/pdf_by_word/0a0b6470c3_00051beee50076d47db468069cab455933b72d9df9165e1f__vs__333bfe069a_003416d620331122b93b434dad901db5836f60d2cad4b533_redline_8e445de442_docxodus.pdf,1d7e1a5e7d25a9c8b23b2d1ff7ca82d61aef1b42b821a7215683f0564e6d05b4
a9f3a3c647_file_72__vs__6b0acda259_file_73_redline_8f1d60fe98,8f1d60fe98,tracking_without_comments,word_based_randomized_0926,corpus,/Users/arthrod/temp/T/neurotic_docx_bench/corpus/word/tracking_without_comments/pdf/a9f3a3c647_file_72__vs__6b0acda259_file_73_redline_8f1d60fe98.pdf,d42bb76adfcc79980d35f2e9d10ea38aba8c2f4f0779e7f1f50b39a6ee058395,/Users/arthrod/temp/T/neurotic_docx_bench/results/redlines_0929_full/docxodus/pdf_by_word/a9f3a3c647_file_72__vs__6b0acda259_file_73_redline_69f4a3843c_docxodus.pdf,c0d87777558fb1f768876e6dd02601b2f376ba7ba8d867ed1ca44bdac13792ae
725cdbebe3_0013892c946c551d309fcec9bb3f3500fc08bc77121a3849__vs__2e04202552_000e3e7bd2d6215fc7b469cc3e296c1b2a510bc1abc7e0fd_redline_9013a94f33,9013a94f33,tracking_without_comments,redlines_a100_b10,corpus,/Users/arthrod/temp/T/neurotic_docx_bench/corpus/word/tracking_without_comments/pdf/725cdbebe3_0013892c946c551d309fcec9bb3f3500fc08bc77121a3849__vs__2e04202552_000e3e7bd2d6215fc7b469cc3e296c1b2a510bc1abc7e0fd_redline_9013a94f33.pdf,0dceb55fcf58d177a78c297d4ec9ddfdcd0c739a5d78f483f5b38d37f6dc2681,/Users/arthrod/temp/T/neurotic_docx_bench/results/redlines_0929_full/docxodus/pdf_by_word/725cdbebe3_0013892c946c551d309fcec9bb3f3500fc08bc77121a3849__vs__2e04202552_000e3e7bd2d6215fc7b469cc3e296c1b2a510bc1abc7e0fd_redline_9013a94f33_docxodus.pdf,96c0b9539edd96e61164a0d3292025c5ca177b7ead18dfe4457364ba0f82cd16
970e9bbbcc_behavior__math_all_objects_36ab389c__vs__735c372b41_super_editor__diff_after8_58e5c288_redline_90fc8e8c86,90fc8e8c86,with_comments_tracking,word_redlines_superdoc,fresh,/Users/arthrod/temp/T/compare_regen/out/90fc8e8c86__vs__90fc8e8c86.pdf,e2c0938370889cbc0b0aa1a7ed33329ab99e0ba6380a68534591f12885b1b31e,/Users/arthrod/temp/T/neurotic_docx_bench/results/redlines_0929_full/docxodus/pdf_by_word/970e9bbbcc_behavior__math_all_objects_36ab389c__vs__735c372b41_super_editor__diff_after8_58e5c288_redline_2a64722aad_docxodus.pdf,dbe08d81db34999955b49d1a9d2b24f055ee43bbb2a5e941dd250ab0c6e807ef
eb2f3c86b5_vfdsdfcacawesd_suggesting_mixed_edits__vs__cefef4e4f5_yellow_highlight_demo_id_paraid_overflow_redline_913d076e79,913d076e79,with_comments_tracking,word_based;fixtures_word_compares,fresh,/Users/arthrod/temp/T/compare_regen/out/913d076e79__vs__913d076e79.pdf,56de760c62d4fdfc695adafcc57b83d3ed5136c00dfa4c9667fbafbfbbf03968,/Users/arthrod/temp/T/neurotic_docx_bench/results/redlines_0929_full/docxodus/pdf_by_word/eb2f3c86b5_vfdsdfcacawesd_suggesting_mixed_edits__vs__cefef4e4f5_yellow_highlight_demo_id_paraid_overflow_redline_913d076e79_docxodus.pdf,c2b84a55987d959a89bde538789392fce2f45f7b4cec0e6263ca9e8ed5ee5881
9f6091a4ac_super_editor__threaded_comment_27bda0ba__vs__84f5fb598b_super_editor__diff_before11_1b953eaf_redline_91cce6fb56,91cce6fb56,with_comments_tracking,word_redlines_superdoc_0926,fresh,/Users/arthrod/temp/T/compare_regen/out/91cce6fb56__vs__91cce6fb56.pdf,eb11057d319c423e627f7b872ba12c01ebce4c872d3b575ad395d137e9be31bf,/Users/arthrod/temp/T/neurotic_docx_bench/results/redlines_0929_full/docxodus/pdf_by_word/9f6091a4ac_super_editor__threaded_comment_27bda0ba__vs__84f5fb598b_super_editor__diff_before11_1b953eaf_redline_621637d747_docxodus.pdf,88a995e505ab3bbd10f6c5c049556fbbac4936240e14db0be29a086a9c5e2151
bf23b1e436_track_changes_suggesting_bold_id_paraid_overflow__vs__966994cba9_track_changes_suggesting_calibri_id_paraid_overf_redline_9260938760,9260938760,tracking_without_comments,word_based,corpus,/Users/arthrod/temp/T/neurotic_docx_bench/corpus/word/tracking_without_comments/pdf/bf23b1e436_track_changes_suggesting_bold_id_paraid_overflow__vs__966994cba9_track_changes_suggesting_calibri_id_paraid_overf_redline_9260938760.pdf,385b18989757d5e422fa196477ad1b15dbae523e0625a1c0d84ae730041da027,/Users/arthrod/temp/T/neurotic_docx_bench/results/redlines_0929_full/docxodus/pdf_by_word/bf23b1e436_track_changes_suggesting_bold_id_paraid_overflow__vs__966994cba9_track_changes_suggesting_calibri_id_paraid_overf_redline_9260938760_docxodus.pdf,3e6903b054ed1326e80209edf73c9f003bf5ae8f31b13bfbbffd4bb4a6bce463
1fda7fa6e2_file_187__vs__66e70631fb_file_188_redline_92ec8417eb,92ec8417eb,with_comments_tracking,word_based_randomized,fresh,/Users/arthrod/temp/T/compare_regen/out/92ec8417eb__vs__92ec8417eb.pdf,461233b1f07d9add233f2cf87f172006464c0ff8eb63914811ea8e3534995461,/Users/arthrod/temp/T/neurotic_docx_bench/results/redlines_0929_full/docxodus/pdf_by_word/1fda7fa6e2_file_187__vs__66e70631fb_file_188_redline_92ec8417eb_docxodus.pdf,c5cd844617c33d17a6e108d1b322618da33b1034b18a1cfe87f59a51f7fb2e3b
ddfa313a5f_super_editor__list_with_break_from_word_5cc0d638__vs__420a528aa0_super_editor__instrtext_angled_brackets_bug_ed56_redline_931691a601,931691a601,tracking_without_comments,word_redlines_superdoc,corpus,/Users/arthrod/temp/T/neurotic_docx_bench/corpus/word/tracking_without_comments/pdf/ddfa313a5f_super_editor__list_with_break_from_word_5cc0d638__vs__420a528aa0_super_editor__instrtext_angled_brackets_bug_ed56_redline_931691a601.pdf,e0a6f3639972c8b21799a8b5011678e203a400a9a099df4a69050b2c61a165f9,/Users/arthrod/temp/T/neurotic_docx_bench/results/redlines_0929_full/docxodus/pdf_by_word/ddfa313a5f_super_editor__list_with_break_from_word_5cc0d638__vs__420a528aa0_super_editor__instrtext_angled_brackets_bug_ed56_redline_931691a601_docxodus.pdf,c995ef7b1ff30d935806c286e51d3f846a5614b851829af1bd5c6f802f907dc0
6e2576a091_docx_lots_of_comments__vs__2c0a2ac35f_double_spacing_bold_demo_id_paraid_overflow_redline_9382e03243,9382e03243,with_comments_tracking,word_based,fresh,/Users/arthrod/temp/T/compare_regen/out/9382e03243__vs__9382e03243.pdf,e968034bd020ba50588645f747f7c92c08dceb108d2289578c304131a45da9c1,/Users/arthrod/temp/T/neurotic_docx_bench/results/redlines_0929_full/docxodus/pdf_by_word/6e2576a091_docx_lots_of_comments__vs__2c0a2ac35f_double_spacing_bold_demo_id_paraid_overflow_redline_9382e03243_docxodus.pdf,70f5edee911b85c39bc5b75fe12a4b43b08a3f084240cb0995c1bda90fa6aec2
5383bab0c2_file_119__vs__7e77c2f888_file_120_redline_93a34bcae7,93a34bcae7,tracking_without_comments,word_based_randomized,corpus,/Users/arthrod/temp/T/neurotic_docx_bench/corpus/word/tracking_without_comments/pdf/5383bab0c2_file_119__vs__7e77c2f888_file_120_redline_93a34bcae7.pdf,135d82369a877649809c0bff2103616374459c82122dca5ca4306f7341d3885a,/Users/arthrod/temp/T/neurotic_docx_bench/results/redlines_0929_full/docxodus/pdf_by_word/5383bab0c2_file_119__vs__7e77c2f888_file_120_redline_4941e7e276_docxodus.pdf,14204079d60dec6b2be86f25d5cd5a1506fef1cd5ebe74ab3a71edf1fbcc7936
3b639ef236_super_editor__sdpr_8cc15994__vs__52dab5bc1c_super_editor__sdt_node_comment_ec887683_redline_95072bfcd6,95072bfcd6,with_comments_tracking,word_redlines_superdoc_0926,fresh,/Users/arthrod/temp/T/compare_regen/out/95072bfcd6__vs__95072bfcd6.pdf,1ac6a9b8cd7ae84a1d7cbd2d79617da49d61db1ca6b6f31a00daaa9103a1878f,/Users/arthrod/temp/T/neurotic_docx_bench/results/redlines_0929_full/docxodus/pdf_by_word/3b639ef236_super_editor__sdpr_8cc15994__vs__52dab5bc1c_super_editor__sdt_node_comment_ec887683_redline_61a3912d74_docxodus.pdf,86b4aa5a12af7ad138bb17767bf79bd8a1440113fa43cbed856a33d5df6b3b7d
bd386ff044_51ae5a28375c271d1238bf671ece74421eb9ccf840ccf5af__vs__3b6b7312de_7d4bf96c3fc438f9ea5c94331aa2e2586fbb2ae5a4162075_redline_962c107d2e,962c107d2e,tracking_without_comments,redlines_en_500,corpus,/Users/arthrod/temp/T/neurotic_docx_bench/corpus/word/tracking_without_comments/pdf/bd386ff044_51ae5a28375c271d1238bf671ece74421eb9ccf840ccf5af__vs__3b6b7312de_7d4bf96c3fc438f9ea5c94331aa2e2586fbb2ae5a4162075_redline_962c107d2e.pdf,6f9152be77d7562a9e434369cecd5fe47f85c055015d31151f50ad2f26b9ad9e,/Users/arthrod/temp/T/neurotic_docx_bench/results/redlines_0929_full/docxodus/pdf_by_word/bd386ff044_51ae5a28375c271d1238bf671ece74421eb9ccf840ccf5af__vs__3b6b7312de_7d4bf96c3fc438f9ea5c94331aa2e2586fbb2ae5a4162075_redline_962c107d2e_docxodus.pdf,47e2b0a56434ef7a64c0fd71b70367683d76c82d94f8c7ee6c6bec3abb605913
18eb110b3b_numwords_fldsimple__vs__60697d46b7_strict01_redline_964719255c,964719255c,with_comments_tracking,word_based_0926,fresh,/Users/arthrod/temp/T/compare_regen/out/964719255c__vs__964719255c.pdf,aaba4ae4591cd9c5355c90d81ce238b18944c577be80f69c2f2c8e639dc1f656,/Users/arthrod/temp/T/neurotic_docx_bench/results/redlines_0929_full/docxodus/pdf_by_word/18eb110b3b_numwords_fldsimple__vs__60697d46b7_strict01_redline_57dfcda882_docxodus.pdf,7d929ad0e78fb9004570b2ffd42cc4475e01bc4883799ef1154832994e2be447
00da16e738_heading_4_style_demo_id_paraid_overflow_2__vs__82928b2e05_heading_4_style_demo_id_paraid_overflow_redline_98576c297a,98576c297a,tracking_without_comments,word_based_0926,corpus,/Users/arthrod/temp/T/neurotic_docx_bench/corpus/word/tracking_without_comments/pdf/00da16e738_heading_4_style_demo_id_paraid_overflow_2__vs__82928b2e05_heading_4_style_demo_id_paraid_overflow_redline_98576c297a.pdf,b9f75a9ffc5f731d39e22634c8e0f70b3c22a36dceef900ea0c35253f88e2814,/Users/arthrod/temp/T/neurotic_docx_bench/results/redlines_0929_full/docxodus/pdf_by_word/00da16e738_heading_4_style_demo_id_paraid_overflow_2__vs__82928b2e05_heading_4_style_demo_id_paraid_overflow_redline_98576c297a_docxodus.pdf,eec0e497b806a6c0953f490de2ef9df90ead806402384878a6e266eb5867412a
1bdbf15f5a_super_editor__orderedlist_interrupted1_a3cd0dd3__vs__82348eef4b_multi_section_redline_9897351ddc,9897351ddc,tracking_without_comments,word_redlines_superdoc_0926,corpus,/Users/arthrod/temp/T/neurotic_docx_bench/corpus/word/tracking_without_comments/pdf/1bdbf15f5a_super_editor__orderedlist_interrupted1_a3cd0dd3__vs__82348eef4b_multi_section_redline_9897351ddc.pdf,731058d7551224a37979c2a28ba1a31107f464b5c5ffe3666fa644dcf0ee34a8,/Users/arthrod/temp/T/neurotic_docx_bench/results/redlines_0929_full/docxodus/pdf_by_word/1bdbf15f5a_super_editor__orderedlist_interrupted1_a3cd0dd3__vs__82348eef4b_multi_section_redline_81af8af777_docxodus.pdf,db1bf0740b85804f4c731715dfc0487101730074eadc59e6cdfa6cfb498d339c
2bf4db734d_file_20__vs__080c4822ff_file_21_redline_98ebd05df6,98ebd05df6,tracking_without_comments,word_based_randomized,corpus,/Users/arthrod/temp/T/neurotic_docx_bench/corpus/word/tracking_without_comments/pdf/2bf4db734d_file_20__vs__080c4822ff_file_21_redline_98ebd05df6.pdf,d5d9557b844394af03587dd802d34f480a2bccecce1a46469c0867ca312865e0,/Users/arthrod/temp/T/neurotic_docx_bench/results/redlines_0929_full/docxodus/pdf_by_word/2bf4db734d_file_20__vs__080c4822ff_file_21_redline_70526d3324_docxodus.pdf,61fb0dfed58c8bf14ead7555a14a50f186d096bc3fa1e0b78824c4ac26818203
b4b7c76ecd_font_family_demo_id_paraid_overflow__vs__7e405bc8f2_font_size_12_demo_id_paraid_overflow_redline_9974d0551e,9974d0551e,tracking_without_comments,word_based,corpus,/Users/arthrod/temp/T/neurotic_docx_bench/corpus/word/tracking_without_comments/pdf/b4b7c76ecd_font_family_demo_id_paraid_overflow__vs__7e405bc8f2_font_size_12_demo_id_paraid_overflow_redline_9974d0551e.pdf,da06cd67792cbcbbacc46675a77ae400f4443ec8080778cae5a5815ce0a66f15,/Users/arthrod/temp/T/neurotic_docx_bench/results/redlines_0929_full/docxodus/pdf_by_word/b4b7c76ecd_font_family_demo_id_paraid_overflow__vs__7e405bc8f2_font_size_12_demo_id_paraid_overflow_redline_90337df4a4_docxodus.pdf,bd89c27db8cf3961491337011c6274493a01eb6d392c7e04d81eff55b701e58d
a5eb266a1f_016236e3bf778292b45976ecd4a34b45d02104f47db7a3ca__vs__aa5340125d_00a4b0b91e9b5b072dc3771391c2d608518690eccf44eae8_redline_9a2234ae00,9a2234ae00,tracking_without_comments,redlines_a100_b10,corpus,/Users/arthrod/temp/T/neurotic_docx_bench/corpus/word/tracking_without_comments/pdf/a5eb266a1f_016236e3bf778292b45976ecd4a34b45d02104f47db7a3ca__vs__aa5340125d_00a4b0b91e9b5b072dc3771391c2d608518690eccf44eae8_redline_9a2234ae00.pdf,d647ca31c9e03d6a350cd96449c4b16f4f566574fa4044d0b2e0e5e35e37d0c9,/Users/arthrod/temp/T/neurotic_docx_bench/results/redlines_0929_full/docxodus/pdf_by_word/a5eb266a1f_016236e3bf778292b45976ecd4a34b45d02104f47db7a3ca__vs__aa5340125d_00a4b0b91e9b5b072dc3771391c2d608518690eccf44eae8_redline_9a2234ae00_docxodus.pdf,f02c151437e7dd8d3c317a6d05ccc2f72ccd45789aba73f42514074bf8854d29
6e08e456f6_roboto_underline_demo_id_paraid_overflow__vs__36fbd8c734_sales_report_january_2026_suggesting_insertions_redline_9abf4fa5b5,9abf4fa5b5,tracking_without_comments,word_based_0926,corpus,/Users/arthrod/temp/T/neurotic_docx_bench/corpus/word/tracking_without_comments/pdf/6e08e456f6_roboto_underline_demo_id_paraid_overflow__vs__36fbd8c734_sales_report_january_2026_suggesting_insertions_redline_9abf4fa5b5.pdf,50ef2a951d7f2afbcbdf45b018710adf8b249fc11c9ecb7f801c8fe338f054f1,/Users/arthrod/temp/T/neurotic_docx_bench/results/redlines_0929_full/docxodus/pdf_by_word/6e08e456f6_roboto_underline_demo_id_paraid_overflow__vs__36fbd8c734_sales_report_january_2026_suggesting_insertions_redline_4019af2d56_docxodus.pdf,777c16b60d176f4ef91c9245c66e44acd5f18e761f3b28f14e6fc847ba25a497
9586202517_super_editor__two_column_two_page_0b8a37c5__vs__7b076416b0_sectpr_headerref_redline_9b9d92c881,9b9d92c881,tracking_without_comments,word_redlines_superdoc_0926,corpus,/Users/arthrod/temp/T/neurotic_docx_bench/corpus/word/tracking_without_comments/pdf/9586202517_super_editor__two_column_two_page_0b8a37c5__vs__7b076416b0_sectpr_headerref_redline_9b9d92c881.pdf,b6856772f70fe5a230920dc560a499d583f4034deab973153d369f4729c1737b,/Users/arthrod/temp/T/neurotic_docx_bench/results/redlines_0929_full/docxodus/pdf_by_word/9586202517_super_editor__two_column_two_page_0b8a37c5__vs__7b076416b0_sectpr_headerref_redline_170add5b1c_docxodus.pdf,2f38cb9f9dfe31895050bca486aa0e1924263f1148dccce3a1b236f2d6f20199
8441c4ae21_sd_2517_localized_heading_styles__vs__7e685cbab1_super_editor__ooxml_underline_rstyle_linked_comb_redline_9bd3b882f8,9bd3b882f8,tracking_without_comments,word_redlines_superdoc,corpus,/Users/arthrod/temp/T/neurotic_docx_bench/corpus/word/tracking_without_comments/pdf/8441c4ae21_sd_2517_localized_heading_styles__vs__7e685cbab1_super_editor__ooxml_underline_rstyle_linked_comb_redline_9bd3b882f8.pdf,63a2216c8470ba7e111d98aecfae7ac1763eb513f8c6b29717057bdd2bddd07a,/Users/arthrod/temp/T/neurotic_docx_bench/results/redlines_0929_full/docxodus/pdf_by_word/8441c4ae21_sd_2517_localized_heading_styles__vs__7e685cbab1_super_editor__ooxml_underline_rstyle_linked_comb_redline_9bd3b882f8_docxodus.pdf,25e6a60587ac4c81c629531bc4dc3a8b07f92a541d4b0f6c7e6465ede0ab5bbb
776a437291_behavior__two_column_simple_e77be963__vs__9586202517_super_editor__two_column_two_page_0b8a37c5_redline_9c21af278f,9c21af278f,tracking_without_comments,word_redlines_superdoc_0926,corpus,/Users/arthrod/temp/T/neurotic_docx_bench/corpus/word/tracking_without_comments/pdf/776a437291_behavior__two_column_simple_e77be963__vs__9586202517_super_editor__two_column_two_page_0b8a37c5_redline_9c21af278f.pdf,9919b7c98a75377d30edff293573d3ab55acd659ca70883fbf0e77c9ea41d162,/Users/arthrod/temp/T/neurotic_docx_bench/results/redlines_0929_full/docxodus/pdf_by_word/776a437291_behavior__two_column_simple_e77be963__vs__9586202517_super_editor__two_column_two_page_0b8a37c5_redline_9c21af278f_docxodus.pdf,70289ee3a7ea9f8a8ee558cfb13a841c233104673d9dc030e361557105f4428a
7dfa52fb98_alternate_content__vs__989d39fe65_anchor_images_redline_9c7c3c5be2,9c7c3c5be2,tracking_without_comments,nocomments,fresh,/Users/arthrod/temp/T/compare_regen/out/9c7c3c5be2__vs__9c7c3c5be2.pdf,b30fcc9ea1d35848e2bff821c092b73a9d3c8b5747e63ddb8b512cf0a6a73020,/Users/arthrod/temp/T/neurotic_docx_bench/results/redlines_0929_full/docxodus/pdf_by_word/7dfa52fb98_alternate_content__vs__989d39fe65_anchor_images_redline_9c7c3c5be2_docxodus.pdf,966b0c657582805200e42e142bb9ccd0e3a72f343117ef9f5e5c09b277e53677
ac0bcc10fe_file_146__vs__9c0dd6b3f6_file_147_redline_9c8876c6d7,9c8876c6d7,with_comments_tracking,word_based_randomized_0926,fresh,/Users/arthrod/temp/T/compare_regen/out/9c8876c6d7__vs__9c8876c6d7.pdf,cbfee5065411ed175c80a48f9e4d5af2f305d7f16061c0337ec07d001b13bf3e,/Users/arthrod/temp/T/neurotic_docx_bench/results/redlines_0929_full/docxodus/pdf_by_word/ac0bcc10fe_file_146__vs__9c0dd6b3f6_file_147_redline_9c8876c6d7_docxodus.pdf,4e3cdcae49fa3c018f2ff676764834268cc46ae0e331a8420feef463c059fbe9
0bf5192ed0_00afb3e6b2bb1a5ab1e1770ba41f6f455f87472d24ab2767__vs__342f364d46_001342333d45627868f4dc5282abbba4598a91b4a7584b08_redline_9d205afaa3,9d205afaa3,tracking_without_comments,redlines_a100_b10,corpus,/Users/arthrod/temp/T/neurotic_docx_bench/corpus/word/tracking_without_comments/pdf/0bf5192ed0_00afb3e6b2bb1a5ab1e1770ba41f6f455f87472d24ab2767__vs__342f364d46_001342333d45627868f4dc5282abbba4598a91b4a7584b08_redline_9d205afaa3.pdf,33185de8bbf4a57a32b75f27ae231e4908192747a1699ea151dde5cbf3f173a0,/Users/arthrod/temp/T/neurotic_docx_bench/results/redlines_0929_full/docxodus/pdf_by_word/0bf5192ed0_00afb3e6b2bb1a5ab1e1770ba41f6f455f87472d24ab2767__vs__342f364d46_001342333d45627868f4dc5282abbba4598a91b4a7584b08_redline_9d205afaa3_docxodus.pdf,a39d2f5561c2f424b83132e7f3db959b039d9ffa471543aa40f3ccf48c5f6855
2a69e1ce5c_green_bold_text_demo_id_paraid_overflow__vs__e1f631e28a_green_highlight_demo_id_paraid_overflow_redline_9d466d3cf5,9d466d3cf5,tracking_without_comments,word_based,corpus,/Users/arthrod/temp/T/neurotic_docx_bench/corpus/word/tracking_without_comments/pdf/2a69e1ce5c_green_bold_text_demo_id_paraid_overflow__vs__e1f631e28a_green_highlight_demo_id_paraid_overflow_redline_9d466d3cf5.pdf,5a6cf2abbb39acfc68534aa5097211afc1f7ea21f8493db40effa2add43819d1,/Users/arthrod/temp/T/neurotic_docx_bench/results/redlines_0929_full/docxodus/pdf_by_word/2a69e1ce5c_green_bold_text_demo_id_paraid_overflow__vs__e1f631e28a_green_highlight_demo_id_paraid_overflow_redline_688c583b45_docxodus.pdf,3ca3e82513acca7995e20cfe05926f4a968fc87753a60dd4b4f479cb7ac37d82
06a48012fc_file_166__vs__d60ccf445a_file_167_redline_9dcd445afd,9dcd445afd,tracking_without_comments,word_based_randomized,corpus,/Users/arthrod/temp/T/neurotic_docx_bench/corpus/word/tracking_without_comments/pdf/06a48012fc_file_166__vs__d60ccf445a_file_167_redline_9dcd445afd.pdf,cfb07917181fee727174dc81d64e6c0a4c773a6be4a20e5bdae1432ddb25f191,/Users/arthrod/temp/T/neurotic_docx_bench/results/redlines_0929_full/docxodus/pdf_by_word/06a48012fc_file_166__vs__d60ccf445a_file_167_redline_9dcd445afd_docxodus.pdf,b0a1522d5d147b2f8d63d35c0241098668cedcea2d5d65ae8abd06bb8f1fe60e
a0e6a09304_super_editor__diff_after11_1d5b767f__vs__3e50084c2e_super_editor__diff_after16_2a48697a_redline_9ee52e15be,9ee52e15be,with_comments_tracking,word_redlines_superdoc_0926,fresh,/Users/arthrod/temp/T/compare_regen/out/9ee52e15be__vs__9ee52e15be.pdf,32a8795d0caa75cfdf5fb3d2160186e39d58f70614448478c6fb758e60ab7f21,/Users/arthrod/temp/T/neurotic_docx_bench/results/redlines_0929_full/docxodus/pdf_by_word/a0e6a09304_super_editor__diff_after11_1d5b767f__vs__3e50084c2e_super_editor__diff_after16_2a48697a_redline_63ec3a403e_docxodus.pdf,f688d3a668529db22da7509ca243032dc62dd7b3481badcb71e10b00827e550b
aa58aada65_00160046fb2516a560a9681d7ae3e6f4659af57d19555d4e__vs__bd3824dd1e_000ee64ef7226d353297888f59a251e24ce5d776fea000fa_redline_9f3f036b1a,9f3f036b1a,tracking_without_comments,redlines_a100_b10,corpus,/Users/arthrod/temp/T/neurotic_docx_bench/corpus/word/tracking_without_comments/pdf/aa58aada65_00160046fb2516a560a9681d7ae3e6f4659af57d19555d4e__vs__bd3824dd1e_000ee64ef7226d353297888f59a251e24ce5d776fea000fa_redline_9f3f036b1a.pdf,7bacf077b38795a3f2f30392db09b8d2ada3b0a7f3fd9cd8d353e5d2bef0e0a6,/Users/arthrod/temp/T/neurotic_docx_bench/results/redlines_0929_full/docxodus/pdf_by_word/aa58aada65_00160046fb2516a560a9681d7ae3e6f4659af57d19555d4e__vs__bd3824dd1e_000ee64ef7226d353297888f59a251e24ce5d776fea000fa_redline_9f3f036b1a_docxodus.pdf,e3b24ec3f941398891ec592406b74e42eb47d6e38910a66bf33736a264bc3586
89b44c96a7_super_editor__sdts_basic_45263ca5__vs__a21c45464c_super_editor__shape_group_ce60e1e6_redline_9fae55dec1,9fae55dec1,tracking_without_comments,word_redlines_superdoc,corpus,/Users/arthrod/temp/T/neurotic_docx_bench/corpus/word/tracking_without_comments/pdf/89b44c96a7_super_editor__sdts_basic_45263ca5__vs__a21c45464c_super_editor__shape_group_ce60e1e6_redline_9fae55dec1.pdf,dba6db62d6e2d5c77cd333207432e4d61e98e236f4f4adba71e47a39a416652d,/Users/arthrod/temp/T/neurotic_docx_bench/results/redlines_0929_full/docxodus/pdf_by_word/89b44c96a7_super_editor__sdts_basic_45263ca5__vs__a21c45464c_super_editor__shape_group_ce60e1e6_redline_1410d52a72_docxodus.pdf,44e449fdd4b0fef146e9075f7a92146fa3114c03c637fd701487eeff6dc4acbb
902a69f0e4_super_editor__line_space_table_9b1ee54b__vs__735c372b41_super_editor__diff_after8_58e5c288_redline_a02879f74f,a02879f74f,with_comments_tracking,word_redlines_superdoc_0926,fresh,/Users/arthrod/temp/T/compare_regen/out/a02879f74f__vs__a02879f74f.pdf,c11bb3948fa4282e44eb00554fabb5fe73d09e638b2b15de634e24633b641b3f,/Users/arthrod/temp/T/neurotic_docx_bench/results/redlines_0929_full/docxodus/pdf_by_word/902a69f0e4_super_editor__line_space_table_9b1ee54b__vs__735c372b41_super_editor__diff_after8_58e5c288_redline_4d5de07b0e_docxodus.pdf,376afb7df81233a395c560a90702a4bd5266d6fc408bc17959f4aab5bcf119e2
836d7aa3c4_file_14__vs__70a28a8258_file_15_redline_a045479a81,a045479a81,with_comments_tracking,word_based_randomized,fresh,/Users/arthrod/temp/T/compare_regen/out/a045479a81__vs__a045479a81.pdf,ebf2a6c688ea2b0dd209e511193b2cc29d35cea626cc6a96cb53a8708363d2f7,/Users/arthrod/temp/T/neurotic_docx_bench/results/redlines_0929_full/docxodus/pdf_by_word/836d7aa3c4_file_14__vs__70a28a8258_file_15_redline_25f1d6ecc3_docxodus.pdf,a1d1e9b426032b0a229876c861794e258aa833ca92a1609ef393e37c726554b1
049a315896_super_editor__hyperlink_multiple_runs_0138c312__vs__2ad2fc5ab0_super_editor__diff_before10_2f84ca55_redline_a098bd5ad9,a098bd5ad9,tracking_without_comments,word_redlines_superdoc,corpus,/Users/arthrod/temp/T/neurotic_docx_bench/corpus/word/tracking_without_comments/pdf/049a315896_super_editor__hyperlink_multiple_runs_0138c312__vs__2ad2fc5ab0_super_editor__diff_before10_2f84ca55_redline_a098bd5ad9.pdf,3bfa891b62d96747aec253755442da8a4fec68e92216382e47092d34e3e2be34,/Users/arthrod/temp/T/neurotic_docx_bench/results/redlines_0929_full/docxodus/pdf_by_word/049a315896_super_editor__hyperlink_multiple_runs_0138c312__vs__2ad2fc5ab0_super_editor__diff_before10_2f84ca55_redline_a098bd5ad9_docxodus.pdf,d1b32ea619a85ca4278a5f2a082bb0103225797d2abab36c7df0f073dda9d840
a1dd2e1369_increase_indent_demo_id_paraid_overflow__vs__6a909493e9_insert_link_demo_id_paraid_overflow_redline_a151dfccc4,a151dfccc4,tracking_without_comments,nocomments,corpus,/Users/arthrod/temp/T/neurotic_docx_bench/corpus/word/tracking_without_comments/pdf/a1dd2e1369_increase_indent_demo_id_paraid_overflow__vs__6a909493e9_insert_link_demo_id_paraid_overflow_redline_a151dfccc4.pdf,28eaa8ac3626bca49952ea0df4bb62444d4e2bba5667ed0567350c895a4b9836,/Users/arthrod/temp/T/neurotic_docx_bench/results/redlines_0929_full/docxodus/pdf_by_word/a1dd2e1369_increase_indent_demo_id_paraid_overflow__vs__6a909493e9_insert_link_demo_id_paraid_overflow_redline_a151dfccc4_docxodus.pdf,baeb1509b486b4f0337a28796cadf585c20f84119c969274d9031472954dfa35
16100cd46d_behavior__sd_2323_image_resize_test_2b8a201a__vs__aa940255be_behavior__sd_2343_table_border_widths_b5148e83_redline_a169f5fa5f,a169f5fa5f,tracking_without_comments,word_redlines_superdoc,corpus,/Users/arthrod/temp/T/neurotic_docx_bench/corpus/word/tracking_without_comments/pdf/16100cd46d_behavior__sd_2323_image_resize_test_2b8a201a__vs__aa940255be_behavior__sd_2343_table_border_widths_b5148e83_redline_a169f5fa5f.pdf,a7c31e6ba9d3a510031b8444c08d67a7f783d709458c175329208368c356a6e5,/Users/arthrod/temp/T/neurotic_docx_bench/results/redlines_0929_full/docxodus/pdf_by_word/16100cd46d_behavior__sd_2323_image_resize_test_2b8a201a__vs__aa940255be_behavior__sd_2343_table_border_widths_b5148e83_redline_10cf6d1b1a_docxodus.pdf,257a0852c903891906b4ff8ef10b97bc012e6b49c15ca1d203d3cb96568e65e6
4f0a3847e3_verdana_italic_centered_demo_id_paraid_overflow__vs__eb2f3c86b5_vfdsdfcacawesd_suggesting_mixed_edits_redline_a202881c62,a202881c62,with_comments_tracking,word_based_0926,fresh,/Users/arthrod/temp/T/compare_regen/out/a202881c62__vs__a202881c62.pdf,63033b365bc8830d74ac1c5e32f8eb4916b2a4d9502754619b53e6808151a1fd,/Users/arthrod/temp/T/neurotic_docx_bench/results/redlines_0929_full/docxodus/pdf_by_word/4f0a3847e3_verdana_italic_centered_demo_id_paraid_overflow__vs__eb2f3c86b5_vfdsdfcacawesd_suggesting_mixed_edits_redline_5af67335fe_docxodus.pdf,742f1b75167628558163f06b2b1119cc6ef55e36d5f00dd0711f4a4ee7715098
1558d2a6ec_project_proposal_id_paraid_overflow__vs__77b9e6ba80_project_proposal_suggesting_insertions_redline_a3f0470a1d,a3f0470a1d,tracking_without_comments,fixtures_word_compares;pdf_fill_0928,fresh,/Users/arthrod/temp/T/compare_regen/out/a3f0470a1d__vs__a3f0470a1d.pdf,df5b5c52f12662c709ecd7c6a0e6d1ce37bef03cd73fc34fa34f992120916d9b,/Users/arthrod/temp/T/neurotic_docx_bench/results/redlines_0929_full/docxodus/pdf_by_word/1558d2a6ec_project_proposal_id_paraid_overflow__vs__77b9e6ba80_project_proposal_suggesting_insertions_redline_a3f0470a1d_docxodus.pdf,d34d919043996d95dd6d23243266110e0235b9b94e727d2a99a1940d43a3c7b4
8eff3a4440_track_changes_editing_bullet_id_paraid_overflow__vs__9afcac2667_track_changes_editing_strikethrough_id_paraid_ov_redline_a4920bc6af,a4920bc6af,tracking_without_comments,nocomments,corpus,/Users/arthrod/temp/T/neurotic_docx_bench/corpus/word/tracking_without_comments/pdf/8eff3a4440_track_changes_editing_bullet_id_paraid_overflow__vs__9afcac2667_track_changes_editing_strikethrough_id_paraid_ov_redline_a4920bc6af.pdf,1dee3765947fe1fe3ad3306469e4444c7e64850e73a85211eaf3f63313f7bc43,/Users/arthrod/temp/T/neurotic_docx_bench/results/redlines_0929_full/docxodus/pdf_by_word/8eff3a4440_track_changes_editing_bullet_id_paraid_overflow__vs__9afcac2667_track_changes_editing_strikethrough_id_paraid_ov_redline_a4920bc6af_docxodus.pdf,07f285b51e0db3c4567b2c43a04e83f050c794fb87fb4de67df1324814667f5d
3d495db791_file_95__vs__c6ce4423f8_file_96_redline_a4c9622fa7,a4c9622fa7,tracking_without_comments,nocomments_randomized,corpus,/Users/arthrod/temp/T/neurotic_docx_bench/corpus/word/tracking_without_comments/pdf/3d495db791_file_95__vs__c6ce4423f8_file_96_redline_a4c9622fa7.pdf,c0428d49f34a5b428045fd54892287948db483d6bd589fdc3137b151143fd7cc,/Users/arthrod/temp/T/neurotic_docx_bench/results/redlines_0929_full/docxodus/pdf_by_word/3d495db791_file_95__vs__c6ce4423f8_file_96_redline_a4c9622fa7_docxodus.pdf,3ceb016df5308e62bdef3d87e9642fc07ebe993c20d1db91d23e8c287626e73e
9333b7ab9b_customer_satisfaction_survey_q4_suggesting_inser__vs__7166fa4199_document_100_ultimate_demo_id_paraid_overflow_redline_a5063c32c8,a5063c32c8,tracking_without_comments,word_based_0926,corpus,/Users/arthrod/temp/T/neurotic_docx_bench/corpus/word/tracking_without_comments/pdf/9333b7ab9b_customer_satisfaction_survey_q4_suggesting_inser__vs__7166fa4199_document_100_ultimate_demo_id_paraid_overflow_redline_a5063c32c8.pdf,32e97d98fa98867e116f6b7133fdfca2adacfe651be239f8000d74d3a877b069,/Users/arthrod/temp/T/neurotic_docx_bench/results/redlines_0929_full/docxodus/pdf_by_word/9333b7ab9b_customer_satisfaction_survey_q4_suggesting_inser__vs__7166fa4199_document_100_ultimate_demo_id_paraid_overflow_redline_65d959fe82_docxodus.pdf,fa14e1ae5a624c408ea38467c08bf171fa2995d7cac55330f1f8a0ba810e312b
9f6091a4ac_super_editor__threaded_comment_27bda0ba__vs__5fa01813d3_super_editor__basic_table_shading_d3212ffd_redline_a5450b8b72,a5450b8b72,with_comments_tracking,word_redlines_superdoc_0926,fresh,/Users/arthrod/temp/T/compare_regen/out/a5450b8b72__vs__a5450b8b72.pdf,b8347eb5b3be3726143f4bea54e0bd2ebb57039e62b8cbb92bff182cf0f4010a,/Users/arthrod/temp/T/neurotic_docx_bench/results/redlines_0929_full/docxodus/pdf_by_word/9f6091a4ac_super_editor__threaded_comment_27bda0ba__vs__5fa01813d3_super_editor__basic_table_shading_d3212ffd_redline_67d0b6f3e8_docxodus.pdf,1c4f95ce34ea241e9fdc1280b1c0eaad58778c1a4879ac207840124d8ec83951
6e2576a091_docx_lots_of_comments__vs__2c0a2ac35f_double_spacing_bold_demo_id_paraid_overflow_redline_a6aab38897,a6aab38897,with_comments_tracking,word_based_0926,fresh,/Users/arthrod/temp/T/compare_regen/out/a6aab38897__vs__a6aab38897.pdf,e91cf5fb7707af56b9d773a1edab41154c73f63d7ed6058564f4cf2bcbc992a5,/Users/arthrod/temp/T/neurotic_docx_bench/results/redlines_0929_full/docxodus/pdf_by_word/6e2576a091_docx_lots_of_comments__vs__2c0a2ac35f_double_spacing_bold_demo_id_paraid_overflow_redline_9382e03243_docxodus.pdf,70f5edee911b85c39bc5b75fe12a4b43b08a3f084240cb0995c1bda90fa6aec2
af540c50e4_00edeec4b73ab68a9a4e2b0281464f067656d89fc9969ab4__vs__2e04202552_000e3e7bd2d6215fc7b469cc3e296c1b2a510bc1abc7e0fd_redline_a702002b5b,a702002b5b,tracking_without_comments,redlines_a100_b10,corpus,/Users/arthrod/temp/T/neurotic_docx_bench/corpus/word/tracking_without_comments/pdf/af540c50e4_00edeec4b73ab68a9a4e2b0281464f067656d89fc9969ab4__vs__2e04202552_000e3e7bd2d6215fc7b469cc3e296c1b2a510bc1abc7e0fd_redline_a702002b5b.pdf,c38752dec08a9cf1f63735ab17b30575700c872528e6ad045027b561560c95eb,/Users/arthrod/temp/T/neurotic_docx_bench/results/redlines_0929_full/docxodus/pdf_by_word/af540c50e4_00edeec4b73ab68a9a4e2b0281464f067656d89fc9969ab4__vs__2e04202552_000e3e7bd2d6215fc7b469cc3e296c1b2a510bc1abc7e0fd_redline_a702002b5b_docxodus.pdf,96d3bb48fdd5fc67f0e9beedaae2a50c86b56ef8686a4ac9f4d94eb3ce18216d
af613a9921_file_128__vs__9f9fd7010e_file_129_redline_a785e97227,a785e97227,tracking_without_comments,nocomments_randomized,corpus,/Users/arthrod/temp/T/neurotic_docx_bench/corpus/word/tracking_without_comments/pdf/af613a9921_file_128__vs__9f9fd7010e_file_129_redline_a785e97227.pdf,5089243484446680e95feff76ec5f22a80c564e2c7c204202d4792f63cbb8809,/Users/arthrod/temp/T/neurotic_docx_bench/results/redlines_0929_full/docxodus/pdf_by_word/af613a9921_file_128__vs__9f9fd7010e_file_129_redline_a785e97227_docxodus.pdf,1eb7e7581e4c3332d845d31ca85bf411fed4b7a6f634e55c5fdf442a4868c664
0a1badc333_super_editor__missing_sectpr_967a402d__vs__84f5fb598b_super_editor__diff_before11_1b953eaf_redline_a78b94020d,a78b94020d,with_comments_tracking,word_redlines_superdoc_0926,fresh,/Users/arthrod/temp/T/compare_regen/out/a78b94020d__vs__a78b94020d.pdf,2186791dbd7d0d984db7a5179dd62d08ca87eca9b3ecfdd73939efdf059d7487,/Users/arthrod/temp/T/neurotic_docx_bench/results/redlines_0929_full/docxodus/pdf_by_word/0a1badc333_super_editor__missing_sectpr_967a402d__vs__84f5fb598b_super_editor__diff_before11_1b953eaf_redline_a78b94020d_docxodus.pdf,b183452962e2d8cc3b808b7fd3b37b3bb18e2d3f9da7f0384cf6a50d7f56992d
1f22b7b009_153542e701bb134da7aee3bb1c4be1f1458fb401ed835378__vs__524cd290f3_f6e23a442c10a2b2645a49855e3bcb779b2d7bf34b37e612_redline_a7fa1e6bff,a7fa1e6bff,tracking_without_comments,redlines_en_500,corpus,/Users/arthrod/temp/T/neurotic_docx_bench/corpus/word/tracking_without_comments/pdf/1f22b7b009_153542e701bb134da7aee3bb1c4be1f1458fb401ed835378__vs__524cd290f3_f6e23a442c10a2b2645a49855e3bcb779b2d7bf34b37e612_redline_a7fa1e6bff.pdf,e6b5fa9025cab82ee06061439a9e73f280320082a8774706c052c48ccc43ef4c,/Users/arthrod/temp/T/neurotic_docx_bench/results/redlines_0929_full/docxodus/pdf_by_word/1f22b7b009_153542e701bb134da7aee3bb1c4be1f1458fb401ed835378__vs__524cd290f3_f6e23a442c10a2b2645a49855e3bcb779b2d7bf34b37e612_redline_a7fa1e6bff_docxodus.pdf,ba6b512158f88afb18cb9fa63c2e3f13c1ee4e41264bfbcc8d04cbe1698e2b2a
24ad1aa6e5_docx_lots_of_comments_addition_removal__vs__e57ad0eaa4_docx_lots_of_comments_addition_redline_a836952933,a836952933,with_comments_tracking,word_based,fresh,/Users/arthrod/temp/T/compare_regen/out/a836952933__vs__a836952933.pdf,3b50cd92860d28fabaed68774a8cb35d80e0086ec89a7ada469e5852c4495dd1,/Users/arthrod/temp/T/neurotic_docx_bench/results/redlines_0929_full/docxodus/pdf_by_word/24ad1aa6e5_docx_lots_of_comments_addition_removal__vs__e57ad0eaa4_docx_lots_of_comments_addition_redline_a836952933_docxodus.pdf,69e830d3ba7c37c02001ae7f7001acf047172f258867891f393beb46bb866325
f4e1903ff3_super_editor__sd_1707_list_enter_track_changes_w__vs__25f07e0823_super_editor__sd_1919_word_mixed_33e049ca_redline_a91147b7d6,a91147b7d6,tracking_without_comments,word_redlines_superdoc,corpus,/Users/arthrod/temp/T/neurotic_docx_bench/corpus/word/tracking_without_comments/pdf/f4e1903ff3_super_editor__sd_1707_list_enter_track_changes_w__vs__25f07e0823_super_editor__sd_1919_word_mixed_33e049ca_redline_a91147b7d6.pdf,cf4a101b07a9e4462ec1dc171d24c04392be87e7d3e503ada5d53a4d1423a1a3,/Users/arthrod/temp/T/neurotic_docx_bench/results/redlines_0929_full/docxodus/pdf_by_word/f4e1903ff3_super_editor__sd_1707_list_enter_track_changes_w__vs__25f07e0823_super_editor__sd_1919_word_mixed_33e049ca_redline_4d4841f48c_docxodus.pdf,08878fec1591b01278a47a91cf2f61570f23c1514cfff0c815b0bd470dbf2372
2b6c7be6bd_super_editor__nested_comments_84f214bb__vs__6c0ad6c8ef_behavior__math_matrix_tests_a3b17e15_redline_a9272f69c1,a9272f69c1,with_comments_tracking,word_redlines_superdoc,fresh,/Users/arthrod/temp/T/compare_regen/out/a9272f69c1__vs__a9272f69c1.pdf,9722c6b67ef9023bfe1d83ec3ef1bdf56054d9a25f59bab7ff39dca9c0db7f9f,/Users/arthrod/temp/T/neurotic_docx_bench/results/redlines_0929_full/docxodus/pdf_by_word/2b6c7be6bd_super_editor__nested_comments_84f214bb__vs__6c0ad6c8ef_behavior__math_matrix_tests_a3b17e15_redline_a9272f69c1_docxodus.pdf,dd24493ec4b9ea70a4a02a0d1fc6c0d885fa91de4f2eb6e03300df15ef71a150
9f6091a4ac_super_editor__threaded_comment_27bda0ba__vs__776a437291_behavior__two_column_simple_e77be963_redline_a954a57308,a954a57308,with_comments_tracking,word_redlines_superdoc_0926,fresh,/Users/arthrod/temp/T/compare_regen/out/a954a57308__vs__a954a57308.pdf,14846f0a4dfe1f09c28b96d4f3ccad0be0322998073896e135d36d4862f84b15,/Users/arthrod/temp/T/neurotic_docx_bench/results/redlines_0929_full/docxodus/pdf_by_word/9f6091a4ac_super_editor__threaded_comment_27bda0ba__vs__776a437291_behavior__two_column_simple_e77be963_redline_a954a57308_docxodus.pdf,711082c036e559cc898bbe53b8eda8214729ebc5adef0b686c96e2993cc57ebc
a5eb266a1f_016236e3bf778292b45976ecd4a34b45d02104f47db7a3ca__vs__5203829c7a_001cc92b88566d5f930fe57f25813c0bf52a7bdc72c217d0_redline_a9785a24a3,a9785a24a3,tracking_without_comments,redlines_a100_b10,corpus,/Users/arthrod/temp/T/neurotic_docx_bench/corpus/word/tracking_without_comments/pdf/a5eb266a1f_016236e3bf778292b45976ecd4a34b45d02104f47db7a3ca__vs__5203829c7a_001cc92b88566d5f930fe57f25813c0bf52a7bdc72c217d0_redline_a9785a24a3.pdf,7f35e1d1e7b9f196936ae6055523f822ff979497fe472858930ba31522a3355f,/Users/arthrod/temp/T/neurotic_docx_bench/results/redlines_0929_full/docxodus/pdf_by_word/a5eb266a1f_016236e3bf778292b45976ecd4a34b45d02104f47db7a3ca__vs__5203829c7a_001cc92b88566d5f930fe57f25813c0bf52a7bdc72c217d0_redline_a9785a24a3_docxodus.pdf,36645965885cc0e06b415bc4ca108341d080c953febb12cf768852240c9e84ec
970fd9303f_sample_document_word_repair_of_our_output_word_r__vs__e355cec096_small_font_size_demo_id_paraid_overflow_redline_aa31228e52,aa31228e52,with_comments_tracking,word_based,fresh,/Users/arthrod/temp/T/compare_regen/out/aa31228e52__vs__aa31228e52.pdf,e25dab210e1f2b06c48782af48ddbf9bd53da21581d1c5d65004a691e8554ecb,/Users/arthrod/temp/T/neurotic_docx_bench/results/redlines_0929_full/docxodus/pdf_by_word/970fd9303f_sample_document_word_repair_of_our_output_word_r__vs__e355cec096_small_font_size_demo_id_paraid_overflow_redline_aa31228e52_docxodus.pdf,4ca8bb611d54e668fc5909271fe06515a3e1ea7859b965fcd4a4caf0763b4fda
5aa178b931_super_editor__lists_sub_paragraph_31ff3fed__vs__25f07e0823_super_editor__sd_1919_word_mixed_33e049ca_redline_aaba20119b,aaba20119b,tracking_without_comments,word_redlines_superdoc,corpus,/Users/arthrod/temp/T/neurotic_docx_bench/corpus/word/tracking_without_comments/pdf/5aa178b931_super_editor__lists_sub_paragraph_31ff3fed__vs__25f07e0823_super_editor__sd_1919_word_mixed_33e049ca_redline_aaba20119b.pdf,01314daf95e1efddb04761b80a4ebdb496d15d1549e47f5064115fdcef656292,/Users/arthrod/temp/T/neurotic_docx_bench/results/redlines_0929_full/docxodus/pdf_by_word/5aa178b931_super_editor__lists_sub_paragraph_31ff3fed__vs__25f07e0823_super_editor__sd_1919_word_mixed_33e049ca_redline_5851377569_docxodus.pdf,dd47c8d887dc16fa6f074784fe21c7d02b15ab2f67c043be2ef171d1bb61b195
3755bf5762_0000a3a991f56b6660c630eb426231a3b4ec31e40313aab9__vs__2e04202552_000e3e7bd2d6215fc7b469cc3e296c1b2a510bc1abc7e0fd_redline_aae2a313fa,aae2a313fa,tracking_without_comments,redlines_a100_b10,corpus,/Users/arthrod/temp/T/neurotic_docx_bench/corpus/word/tracking_without_comments/pdf/3755bf5762_0000a3a991f56b6660c630eb426231a3b4ec31e40313aab9__vs__2e04202552_000e3e7bd2d6215fc7b469cc3e296c1b2a510bc1abc7e0fd_redline_aae2a313fa.pdf,f37ff2b38a7a72ea0072dd1582fa6c66ce637282f460f1e2c8826017f5274c0e,/Users/arthrod/temp/T/neurotic_docx_bench/results/redlines_0929_full/docxodus/pdf_by_word/3755bf5762_0000a3a991f56b6660c630eb426231a3b4ec31e40313aab9__vs__2e04202552_000e3e7bd2d6215fc7b469cc3e296c1b2a510bc1abc7e0fd_redline_aae2a313fa_docxodus.pdf,8b1dc40f8a340c92470ca9ea0f8b567419399cae102d4409ced071cb5aca13b0
99ef71ea03_542e3ea40461fc38266dadcfd11cd70e7e73056bfbfe20ba__vs__a3d29116c7_408da7917b268255aeb2819722dec6670c9a85c84bf4cd57_redline_ab8d070a28,ab8d070a28,tracking_without_comments,redlines_en_500,corpus,/Users/arthrod/temp/T/neurotic_docx_bench/corpus/word/tracking_without_comments/pdf/99ef71ea03_542e3ea40461fc38266dadcfd11cd70e7e73056bfbfe20ba__vs__a3d29116c7_408da7917b268255aeb2819722dec6670c9a85c84bf4cd57_redline_ab8d070a28.pdf,d696a197e6144e46a554bbcfe30c118758d98c68216683d2ad3b3756f1c70c8e,/Users/arthrod/temp/T/neurotic_docx_bench/results/redlines_0929_full/docxodus/pdf_by_word/99ef71ea03_542e3ea40461fc38266dadcfd11cd70e7e73056bfbfe20ba__vs__a3d29116c7_408da7917b268255aeb2819722dec6670c9a85c84bf4cd57_redline_ab8d070a28_docxodus.pdf,624d0a6793aa0db571b167f75d97252b71446be6526d2036934765912245e2dd
8bf3c89c49_roboto_font_demo_id_paraid_overflow_2__vs__80c61daaae_roboto_font_demo_id_paraid_overflow_redline_ac2d091203,ac2d091203,tracking_without_comments,nocomments,corpus,/Users/arthrod/temp/T/neurotic_docx_bench/corpus/word/tracking_without_comments/pdf/8bf3c89c49_roboto_font_demo_id_paraid_overflow_2__vs__80c61daaae_roboto_font_demo_id_paraid_overflow_redline_ac2d091203.pdf,7b56edc3737814de3af93d3d30de2e43390324fb057a11dce9854395f14e033c,/Users/arthrod/temp/T/neurotic_docx_bench/results/redlines_0929_full/docxodus/pdf_by_word/8bf3c89c49_roboto_font_demo_id_paraid_overflow_2__vs__80c61daaae_roboto_font_demo_id_paraid_overflow_redline_ac2d091203_docxodus.pdf,86fbbd6c420c60ad8639f2db2b6410e5d2f9b550f7aa4ea4d2cbfd0389962431
3539cf2404_cli_legacy__replace_test_0a793f01__vs__8df6dfa8d7_alternate_content_redline_ac5e632cd2,ac5e632cd2,with_comments_tracking,word_redlines_superdoc,fresh,/Users/arthrod/temp/T/compare_regen/out/ac5e632cd2__vs__ac5e632cd2.pdf,ec22de642362bc40d50fbf1f9166c8a4870892ae02934151afbc051a14e57874,/Users/arthrod/temp/T/neurotic_docx_bench/results/redlines_0929_full/docxodus/pdf_by_word/3539cf2404_cli_legacy__replace_test_0a793f01__vs__8df6dfa8d7_alternate_content_redline_5b35efe2bb_docxodus.pdf,6d7025fed3f3f4a6a86f49e423a993be4ff5376eaffbfd19a5d9d1acba3b6bfd
4304570867_file_69__vs__af2bb3fa96_file_70_redline_ac6cd8d92f,ac6cd8d92f,with_comments_tracking,word_based_randomized_0926,fresh,/Users/arthrod/temp/T/compare_regen/out/ac6cd8d92f__vs__ac6cd8d92f.pdf,abeacf2880759d8952ac9bb9acf5018848cd67d08e79503e8554bb53affe05d1,/Users/arthrod/temp/T/neurotic_docx_bench/results/redlines_0929_full/docxodus/pdf_by_word/4304570867_file_69__vs__af2bb3fa96_file_70_redline_3dac82f40a_docxodus.pdf,61632de330823410614501b37a6a53fd84ee35b3447c14f3b4c83831445b79b7
1b8ec2a8cd_file_7__vs__c090b9f082_file_8_redline_ad34822be0,ad34822be0,tracking_without_comments,word_based_randomized,corpus,/Users/arthrod/temp/T/neurotic_docx_bench/corpus/word/tracking_without_comments/pdf/1b8ec2a8cd_file_7__vs__c090b9f082_file_8_redline_ad34822be0.pdf,0461f6c166c08aaf78d1bce53edea9e3e45ee17fd36000c3b3a00ec91088085f,/Users/arthrod/temp/T/neurotic_docx_bench/results/redlines_0929_full/docxodus/pdf_by_word/1b8ec2a8cd_file_7__vs__c090b9f082_file_8_redline_ad34822be0_docxodus.pdf,8e97fbc73f479dc23cd9f5b595fffc151ae0f4b4a5727660ba667305f99059ef
8f47b1dc90_file_176__vs__a3586d71f8_file_177_redline_ad917ac52c,ad917ac52c,with_comments_tracking,word_based_randomized,fresh,/Users/arthrod/temp/T/compare_regen/out/ad917ac52c__vs__ad917ac52c.pdf,c91463b245ce53f6ed5133035ad13c2d413a7ffc96a3c5bbb0cc812d9a7d1a03,/Users/arthrod/temp/T/neurotic_docx_bench/results/redlines_0929_full/docxodus/pdf_by_word/8f47b1dc90_file_176__vs__a3586d71f8_file_177_redline_5f0fed8e2a_docxodus.pdf,ec51b0f9c6b1d91839f7b710a75b051c4f11f290aad2d3c71b6156140a4b8089
82348eef4b_multi_section__vs__756fb54224_potpourritest_redline_ae9547abd2,ae9547abd2,with_comments_tracking,word_based_0926,fresh,/Users/arthrod/temp/T/compare_regen/out/ae9547abd2__vs__ae9547abd2.pdf,f1df576171dc94aa5b394817b190047a8f1ef9f84ba57a6b47b60710f049edcf,/Users/arthrod/temp/T/neurotic_docx_bench/results/redlines_0929_full/docxodus/pdf_by_word/82348eef4b_multi_section__vs__756fb54224_potpourritest_redline_ae9547abd2_docxodus.pdf,8e64bf18bf46e45d42e211a9eb1122e3b4e2178deffc8eb553d947db2d380131
cefef4e4f5_yellow_highlight_demo_id_paraid_overflow__vs__a391978591_yellow_highlight_italic_demo_style_default_missi_redline_aec80553e5,aec80553e5,with_comments_tracking,word_based,fresh,/Users/arthrod/temp/T/compare_regen/out/aec80553e5__vs__aec80553e5.pdf,9d6b2e0c7a56c7bf70c09f692761f1130e5ad1bb87a17f5ee4dfafbabc2b2fdb,/Users/arthrod/temp/T/neurotic_docx_bench/results/redlines_0929_full/docxodus/pdf_by_word/cefef4e4f5_yellow_highlight_demo_id_paraid_overflow__vs__a391978591_yellow_highlight_italic_demo_style_default_missi_redline_aec80553e5_docxodus.pdf,f666afe061df478d193c319e3a0b341367968e1c361e574a6bc197b669ce4c81
ed0aa93b58_file_18__vs__9bf625ba95_file_19_redline_af568343b6,af568343b6,with_comments_tracking,word_based_randomized_0926,fresh,/Users/arthrod/temp/T/compare_regen/out/af568343b6__vs__af568343b6.pdf,97ff6057f59ca5e44ccc43c7f17a1ae66683e44b8bf7b0f6c77021894f16d476,/Users/arthrod/temp/T/neurotic_docx_bench/results/redlines_0929_full/docxodus/pdf_by_word/ed0aa93b58_file_18__vs__9bf625ba95_file_19_redline_8694636a78_docxodus.pdf,40661518b7954ce673190fe088dff5eed3c5ad612148a851ba5ca1e70a4b52ae
02d3862b8b_file_116__vs__2090099ae6_file_117_redline_b04445e064,b04445e064,tracking_without_comments,nocomments_randomized,corpus,/Users/arthrod/temp/T/neurotic_docx_bench/corpus/word/tracking_without_comments/pdf/02d3862b8b_file_116__vs__2090099ae6_file_117_redline_b04445e064.pdf,1e0bd22c37fd32c9b03cef1bded11ad821731e290c280401260edb3cbb4baec9,/Users/arthrod/temp/T/neurotic_docx_bench/results/redlines_0929_full/docxodus/pdf_by_word/02d3862b8b_file_116__vs__2090099ae6_file_117_redline_b04445e064_docxodus.pdf,62560248a934053d3c6f4dc0ea6f2be608f848e54018b1a686fee021e6c3766a
b389f55091_super_editor__comment_23ee5ec1__vs__6d773ca294_super_editor__annot2_03ae6b74_redline_b0d09c67a7,b0d09c67a7,with_comments_tracking,word_redlines_superdoc_0926,fresh,/Users/arthrod/temp/T/compare_regen/out/b0d09c67a7__vs__b0d09c67a7.pdf,e68fdd78196c28b14658d188b2d5855fd4e545ccd117a73b5f08d129d4f78f30,/Users/arthrod/temp/T/neurotic_docx_bench/results/redlines_0929_full/docxodus/pdf_by_word/b389f55091_super_editor__comment_23ee5ec1__vs__6d773ca294_super_editor__annot2_03ae6b74_redline_b0d09c67a7_docxodus.pdf,0b071275859b55cacad11f8a795973e7d14fda17b637a841f8fe41cc9445cb74
3acaee795f_red_strikethrough_demo_style_default_missing__vs__70fd78a4f8_redline_cicerodo_v_plate_30_redline_b2334f8c1c,b2334f8c1c,with_comments_tracking,word_based;fixtures_word_compares,fresh,/Users/arthrod/temp/T/compare_regen/out/b2334f8c1c__vs__b2334f8c1c.pdf,760d22330291261bc57f16805182d83ae79ccdce6faeff13545205d7cdaaca4e,/Users/arthrod/temp/T/neurotic_docx_bench/results/redlines_0929_full/docxodus/pdf_by_word/3acaee795f_red_strikethrough_demo_style_default_missing__vs__70fd78a4f8_redline_cicerodo_v_plate_30_redline_1dbbf3be63_docxodus.pdf,d8cb53cfc6afd40f0637e25c6269ace4ccbfdf66a87337a32e59acef1197cb56
06a48012fc_file_166__vs__d60ccf445a_file_167_redline_b3aa42cfc7,b3aa42cfc7,tracking_without_comments,word_based_randomized_0926,corpus,/Users/arthrod/temp/T/neurotic_docx_bench/corpus/word/tracking_without_comments/pdf/06a48012fc_file_166__vs__d60ccf445a_file_167_redline_b3aa42cfc7.pdf,a228cb8d690af42dcae1a6aad9ef7e6099e62efdae9de0ca20111b5c7d11bdd6,/Users/arthrod/temp/T/neurotic_docx_bench/results/redlines_0929_full/docxodus/pdf_by_word/06a48012fc_file_166__vs__d60ccf445a_file_167_redline_9dcd445afd_docxodus.pdf,b0a1522d5d147b2f8d63d35c0241098668cedcea2d5d65ae8abd06bb8f1fe60e
0f5a806b4c_file_141__vs__dccd972179_file_142_redline_b3cc5c1abe,b3cc5c1abe,with_comments_tracking,word_based_randomized_0926,fresh,/Users/arthrod/temp/T/compare_regen/out/b3cc5c1abe__vs__b3cc5c1abe.pdf,63ad0441fd5548c07edc59c36f4ff55da615e1f789d64eaa1282b040658f3e16,/Users/arthrod/temp/T/neurotic_docx_bench/results/redlines_0929_full/docxodus/pdf_by_word/0f5a806b4c_file_141__vs__dccd972179_file_142_redline_3d22ad3c37_docxodus.pdf,149d0d718331eabb3385e1b771f7e345804922fb9b2bb61e539e49ed1e1f21ea
dd6dbfb284_super_editor__diff_after2_fc1e0763__vs__c51843a182_super_editor__diff_after3_3f4fb6e8_redline_b443fb9207,b443fb9207,tracking_without_comments,word_redlines_superdoc,corpus,/Users/arthrod/temp/T/neurotic_docx_bench/corpus/word/tracking_without_comments/pdf/dd6dbfb284_super_editor__diff_after2_fc1e0763__vs__c51843a182_super_editor__diff_after3_3f4fb6e8_redline_b443fb9207.pdf,f96019ca05f84f6795ad5daab0f47c5fcce9515a9793dc342da26be8207bc940,/Users/arthrod/temp/T/neurotic_docx_bench/results/redlines_0929_full/docxodus/pdf_by_word/dd6dbfb284_super_editor__diff_after2_fc1e0763__vs__c51843a182_super_editor__diff_after3_3f4fb6e8_redline_b443fb9207_docxodus.pdf,155ee989b7e266e01bf75bf121e9e7cbd8514ecc4be4300fc38c3fcc52b4bc27
bd2400ab6a_8b342c8dfa6baaabf348e26a96976c7d90ab11bd241bb6da__vs__24356a7180_d0eff8fb6a6ffe20f9c3b0a4c37ca44bdd66b1cbf91c472b_redline_b45c815da3,b45c815da3,tracking_without_comments,redlines_en_500,corpus,/Users/arthrod/temp/T/neurotic_docx_bench/corpus/word/tracking_without_comments/pdf/bd2400ab6a_8b342c8dfa6baaabf348e26a96976c7d90ab11bd241bb6da__vs__24356a7180_d0eff8fb6a6ffe20f9c3b0a4c37ca44bdd66b1cbf91c472b_redline_b45c815da3.pdf,a6c433d945b8b791558d016f0597216e040ea910d3bff3862c13e9c5aec11fc5,/Users/arthrod/temp/T/neurotic_docx_bench/results/redlines_0929_full/docxodus/pdf_by_word/bd2400ab6a_8b342c8dfa6baaabf348e26a96976c7d90ab11bd241bb6da__vs__24356a7180_d0eff8fb6a6ffe20f9c3b0a4c37ca44bdd66b1cbf91c472b_redline_b45c815da3_docxodus.pdf,9f03d7f864780453c99d5f7c457722a7f0225d166d8040040cad224495be391a
a0738533be_gdocs_comments_export__vs__2a69e1ce5c_green_bold_text_demo_id_paraid_overflow_redline_b4c606bf91,b4c606bf91,with_comments_tracking,word_based;fixtures_word_compares,fresh,/Users/arthrod/temp/T/compare_regen/out/b4c606bf91__vs__b4c606bf91.pdf,d5e84dcf7b6ba90a77f37062067784539cebeb09bff743d02b2ca1a5d7495024,/Users/arthrod/temp/T/neurotic_docx_bench/results/redlines_0929_full/docxodus/pdf_by_word/a0738533be_gdocs_comments_export__vs__2a69e1ce5c_green_bold_text_demo_id_paraid_overflow_redline_b4c606bf91_docxodus.pdf,2a2599eb7a0b203007376d05cab74b53d690e07964ff3025d3d262a85ec57c1b
12941c2a77_0023298b011b45232675215822f0f728678a238756d763c8__vs__342f364d46_001342333d45627868f4dc5282abbba4598a91b4a7584b08_redline_b4cd671041,b4cd671041,tracking_without_comments,redlines_a100_b10,corpus,/Users/arthrod/temp/T/neurotic_docx_bench/corpus/word/tracking_without_comments/pdf/12941c2a77_0023298b011b45232675215822f0f728678a238756d763c8__vs__342f364d46_001342333d45627868f4dc5282abbba4598a91b4a7584b08_redline_b4cd671041.pdf,0427cc677d63ecf8c81890bb5db6f33eb90cc6a83cc41e3c9d3eca6dc768c502,/Users/arthrod/temp/T/neurotic_docx_bench/results/redlines_0929_full/docxodus/pdf_by_word/12941c2a77_0023298b011b45232675215822f0f728678a238756d763c8__vs__342f364d46_001342333d45627868f4dc5282abbba4598a91b4a7584b08_redline_b4cd671041_docxodus.pdf,beea1e0d1ceea9b869898ba3f63069519b230a597f34827f0e35862ea94aff3a
7d0c2f81c2_calibri_font_demo_id_paraid_overflow_2__vs__f0f7d7305e_calibri_font_demo_id_paraid_overflow_redline_b512085c37,b512085c37,tracking_without_comments,nocomments,corpus,/Users/arthrod/temp/T/neurotic_docx_bench/corpus/word/tracking_without_comments/pdf/7d0c2f81c2_calibri_font_demo_id_paraid_overflow_2__vs__f0f7d7305e_calibri_font_demo_id_paraid_overflow_redline_b512085c37.pdf,38e934a42c881805b00cf30e6a6f96d8e8b44f2566cdca4b00b433db7f67c227,/Users/arthrod/temp/T/neurotic_docx_bench/results/redlines_0929_full/docxodus/pdf_by_word/7d0c2f81c2_calibri_font_demo_id_paraid_overflow_2__vs__f0f7d7305e_calibri_font_demo_id_paraid_overflow_redline_b512085c37_docxodus.pdf,6eaceba353c38eab417673c4838d361c3c1e984614a81cadd4afb94f94446bf1
8775f4c82d_font_size_24_demo_id_paraid_overflow__vs__145c9e6761_font_size_demo_id_paraid_overflow_redline_b534da972f,b534da972f,tracking_without_comments,nocomments,corpus,/Users/arthrod/temp/T/neurotic_docx_bench/corpus/word/tracking_without_comments/pdf/8775f4c82d_font_size_24_demo_id_paraid_overflow__vs__145c9e6761_font_size_demo_id_paraid_overflow_redline_b534da972f.pdf,206d88e502f020ff9fbf14e4ac558eb6955ad9221d90abe5a7b7eb1cacdb8482,/Users/arthrod/temp/T/neurotic_docx_bench/results/redlines_0929_full/docxodus/pdf_by_word/8775f4c82d_font_size_24_demo_id_paraid_overflow__vs__145c9e6761_font_size_demo_id_paraid_overflow_redline_b534da972f_docxodus.pdf,884d4215da75f57de2bdf093e5b4b1818c59cdc3f23ebb7c288d3c2a6df0d49f
f529133cd5_super_editor__basic_comment_d3ba5f1e__vs__199cb211b5_super_editor__basic_footnotes_5be96945_redline_b547e31a0d,b547e31a0d,with_comments_tracking,word_redlines_superdoc_0926,fresh,/Users/arthrod/temp/T/compare_regen/out/b547e31a0d__vs__b547e31a0d.pdf,d5a41780894b46df9ad013356a417e7ef403c3099f378fc378dca88adbfb2e8a,/Users/arthrod/temp/T/neurotic_docx_bench/results/redlines_0929_full/docxodus/pdf_by_word/f529133cd5_super_editor__basic_comment_d3ba5f1e__vs__199cb211b5_super_editor__basic_footnotes_5be96945_redline_b547e31a0d_docxodus.pdf,f2c5fb64bb3d6ab5dd439848ddc52162abb95e31f1713cc982801f0ed932a0cf
ef7218d9e8_001893584bf94ff30c98db48cb8a0ea0ea5abc048f3e1a4d__vs__333bfe069a_003416d620331122b93b434dad901db5836f60d2cad4b533_redline_b626364e3d,b626364e3d,tracking_without_comments,redlines_a100_b10,corpus,/Users/arthrod/temp/T/neurotic_docx_bench/corpus/word/tracking_without_comments/pdf/ef7218d9e8_001893584bf94ff30c98db48cb8a0ea0ea5abc048f3e1a4d__vs__333bfe069a_003416d620331122b93b434dad901db5836f60d2cad4b533_redline_b626364e3d.pdf,ef580a822c20c074b0b29efca3ef105d8d6179186d0e13f84c51c18cf36f5d76,/Users/arthrod/temp/T/neurotic_docx_bench/results/redlines_0929_full/docxodus/pdf_by_word/ef7218d9e8_001893584bf94ff30c98db48cb8a0ea0ea5abc048f3e1a4d__vs__333bfe069a_003416d620331122b93b434dad901db5836f60d2cad4b533_redline_b626364e3d_docxodus.pdf,134f61e84bc86603bf7144399eae696b045e538ea15a0df5aa7bc65ebf902986
8a553b35e4_super_editor__doc_with_spaces_from_styles_734ca2__vs__0a1badc333_super_editor__missing_sectpr_967a402d_redline_b62cc72658,b62cc72658,tracking_without_comments,word_redlines_superdoc_0926,corpus,/Users/arthrod/temp/T/neurotic_docx_bench/corpus/word/tracking_without_comments/pdf/8a553b35e4_super_editor__doc_with_spaces_from_styles_734ca2__vs__0a1badc333_super_editor__missing_sectpr_967a402d_redline_b62cc72658.pdf,fb51391f8b1f9912a76759db50a88de6001bf998e324306d893e595d3a5b8214,/Users/arthrod/temp/T/neurotic_docx_bench/results/redlines_0929_full/docxodus/pdf_by_word/8a553b35e4_super_editor__doc_with_spaces_from_styles_734ca2__vs__0a1badc333_super_editor__missing_sectpr_967a402d_redline_b62cc72658_docxodus.pdf,498ca7252d5d83af6b9ea39c665a81fcc716687ffa201ef4389690610b42e523
f529133cd5_super_editor__basic_comment_d3ba5f1e__vs__199cb211b5_super_editor__basic_footnotes_5be96945_redline_b715c8ab04,b715c8ab04,with_comments_tracking,word_redlines_superdoc,fresh,/Users/arthrod/temp/T/compare_regen/out/b715c8ab04__vs__b715c8ab04.pdf,7726203daae53c3f1e41e764b3c4ee4a3c398912a834748a060eed6de1861711,/Users/arthrod/temp/T/neurotic_docx_bench/results/redlines_0929_full/docxodus/pdf_by_word/f529133cd5_super_editor__basic_comment_d3ba5f1e__vs__199cb211b5_super_editor__basic_footnotes_5be96945_redline_b547e31a0d_docxodus.pdf,f2c5fb64bb3d6ab5dd439848ddc52162abb95e31f1713cc982801f0ed932a0cf
812c0181d7_file_68__vs__4304570867_file_69_redline_b83c047cac,b83c047cac,with_comments_tracking,word_based_randomized,fresh,/Users/arthrod/temp/T/compare_regen/out/b83c047cac__vs__b83c047cac.pdf,2cee6c56a5a527523479d1337d8181cdd69e251ce63cdad63dcbc9e412e3f5d7,/Users/arthrod/temp/T/neurotic_docx_bench/results/redlines_0929_full/docxodus/pdf_by_word/812c0181d7_file_68__vs__4304570867_file_69_redline_b83c047cac_docxodus.pdf,06b0a3f2218cd3bc15191b464ac33e15370c09b8995662ca194a7b58a68de758
a04e2d2749_ooxml_style_link__vs__20d2e7d58b_word_tolerated_misplaced_pgsz_redline_bb42b4d0bc,bb42b4d0bc,tracking_without_comments,word_based,corpus,/Users/arthrod/temp/T/neurotic_docx_bench/corpus/word/tracking_without_comments/pdf/a04e2d2749_ooxml_style_link__vs__20d2e7d58b_word_tolerated_misplaced_pgsz_redline_bb42b4d0bc.pdf,dbdd94122d9411bb619c620c2c32b46c069e5df347c794b7c9a9c66b4902003a,/Users/arthrod/temp/T/neurotic_docx_bench/results/redlines_0929_full/docxodus/pdf_by_word/a04e2d2749_ooxml_style_link__vs__20d2e7d58b_word_tolerated_misplaced_pgsz_redline_bb42b4d0bc_docxodus.pdf,1d86f23fba83e4ca81a00f38f88f5a9b4160b3842f07c67f1bae61146ff8aff4
468d82c575_c690df8dcf29bb8af8646ae10768e3ca46e8a9ef5b586428__vs__3a5ed45f0d_3d76420524fd4852ab017e1d57f215e37281e965b3f38b31_redline_bbc3223232,bbc3223232,with_comments_tracking,redlines_en_500,fresh,/Users/arthrod/temp/T/compare_regen/out/bbc3223232__vs__bbc3223232.pdf,9c4691a8cc563e879c75b4705d9f45c3284636971cdd06a80d051c6a321b8a7e,/Users/arthrod/temp/T/neurotic_docx_bench/results/redlines_0929_full/docxodus/pdf_by_word/468d82c575_c690df8dcf29bb8af8646ae10768e3ca46e8a9ef5b586428__vs__3a5ed45f0d_3d76420524fd4852ab017e1d57f215e37281e965b3f38b31_redline_bbc3223232_docxodus.pdf,0e65ec8d5255c25bea5332a977cb318ccc918f034e5dcdad3869f4a0389e6d30
acd3595c3a_0032221e68ad2a7986d1fe113eb1d46b5a7d1901b5aa9318__vs__1424386e9b_017447de83753a0e3b7afc659df038ef56972925336c6a5b_redline_bc0135eaa1,bc0135eaa1,tracking_without_comments,redlines_a100_b10,corpus,/Users/arthrod/temp/T/neurotic_docx_bench/corpus/word/tracking_without_comments/pdf/acd3595c3a_0032221e68ad2a7986d1fe113eb1d46b5a7d1901b5aa9318__vs__1424386e9b_017447de83753a0e3b7afc659df038ef56972925336c6a5b_redline_bc0135eaa1.pdf,15ea97674aac8e6ac3318eec53d081120ddf0a29085ffc4038884d8852825102,/Users/arthrod/temp/T/neurotic_docx_bench/results/redlines_0929_full/docxodus/pdf_by_word/acd3595c3a_0032221e68ad2a7986d1fe113eb1d46b5a7d1901b5aa9318__vs__1424386e9b_017447de83753a0e3b7afc659df038ef56972925336c6a5b_redline_bc0135eaa1_docxodus.pdf,78cfaf6c100b300d3b3df1b07f7935c0eb5a588cd5128fc372b1c44aee81063f
52dab5bc1c_super_editor__sdt_node_comment_ec887683__vs__7367931dbf_super_editor__sdt_test_60079f08_redline_bc29cd91ef,bc29cd91ef,with_comments_tracking,word_redlines_superdoc_0926,fresh,/Users/arthrod/temp/T/compare_regen/out/bc29cd91ef__vs__bc29cd91ef.pdf,75f569897bee0b9b95f0c59ec86d8ac608cb43f75a72f24ce30b6fa698df23df,/Users/arthrod/temp/T/neurotic_docx_bench/results/redlines_0929_full/docxodus/pdf_by_word/52dab5bc1c_super_editor__sdt_node_comment_ec887683__vs__7367931dbf_super_editor__sdt_test_60079f08_redline_23e5ec96c0_docxodus.pdf,89a71558165a42f67b9702bba1e088f0f6a4d48cf827906515872a7984f5daf4
420a528aa0_super_editor__instrtext_angled_brackets_bug_ed56__vs__501bf3d47b_super_editor__table_merged_cells_9c349334_redline_bc49514ad1,bc49514ad1,tracking_without_comments,word_redlines_superdoc_0926,corpus,/Users/arthrod/temp/T/neurotic_docx_bench/corpus/word/tracking_without_comments/pdf/420a528aa0_super_editor__instrtext_angled_brackets_bug_ed56__vs__501bf3d47b_super_editor__table_merged_cells_9c349334_redline_bc49514ad1.pdf,785ed8fe04d0983c59fd14e471f19d65ba964809d08219841e8e6d9bcba5a641,/Users/arthrod/temp/T/neurotic_docx_bench/results/redlines_0929_full/docxodus/pdf_by_word/420a528aa0_super_editor__instrtext_angled_brackets_bug_ed56__vs__501bf3d47b_super_editor__table_merged_cells_9c349334_redline_bc49514ad1_docxodus.pdf,c9befa52cdd251cad337053151945df5d35889cffbe4fcbded18d9e1aa66ae3a
8441c4ae21_sd_2517_localized_heading_styles__vs__f584285fed_behavior__sd_2672_gridbefore_vmerge_7c895dff_redline_bc8691e22a,bc8691e22a,tracking_without_comments,word_redlines_superdoc,corpus,/Users/arthrod/temp/T/neurotic_docx_bench/corpus/word/tracking_without_comments/pdf/8441c4ae21_sd_2517_localized_heading_styles__vs__f584285fed_behavior__sd_2672_gridbefore_vmerge_7c895dff_redline_bc8691e22a.pdf,5daf6d3980838ede66ebb9b023ea9bb2179d07dd921676b882bc6c737c8036f4,/Users/arthrod/temp/T/neurotic_docx_bench/results/redlines_0929_full/docxodus/pdf_by_word/8441c4ae21_sd_2517_localized_heading_styles__vs__f584285fed_behavior__sd_2672_gridbefore_vmerge_7c895dff_redline_91c1ece7c9_docxodus.pdf,7e0aeae930e2a437c837642327c0a1656b4f16a562bac763ba5f571d54be54dd
b389f55091_super_editor__comment_23ee5ec1__vs__6d773ca294_super_editor__annot2_03ae6b74_redline_bd6678767d,bd6678767d,with_comments_tracking,word_redlines_superdoc,fresh,/Users/arthrod/temp/T/compare_regen/out/bd6678767d__vs__bd6678767d.pdf,71ccc9b1e3adf392e415ad332748f46afa6447289764fecfe477f4527a475de5,/Users/arthrod/temp/T/neurotic_docx_bench/results/redlines_0929_full/docxodus/pdf_by_word/b389f55091_super_editor__comment_23ee5ec1__vs__6d773ca294_super_editor__annot2_03ae6b74_redline_b0d09c67a7_docxodus.pdf,0b071275859b55cacad11f8a795973e7d14fda17b637a841f8fe41cc9445cb74
0cf73436ac_contract_review_suggesting_insertions__vs__93477c6068_contract_review_suggesting_mixed_edits_redline_bda43b51f7,bda43b51f7,tracking_without_comments,word_based,corpus,/Users/arthrod/temp/T/neurotic_docx_bench/corpus/word/tracking_without_comments/pdf/0cf73436ac_contract_review_suggesting_insertions__vs__93477c6068_contract_review_suggesting_mixed_edits_redline_bda43b51f7.pdf,c081f823097114a97c3dc84140b6015e785bb710b16ee4949106b9f1a064b5cd,/Users/arthrod/temp/T/neurotic_docx_bench/results/redlines_0929_full/docxodus/pdf_by_word/0cf73436ac_contract_review_suggesting_insertions__vs__93477c6068_contract_review_suggesting_mixed_edits_redline_6bba73f309_docxodus.pdf,0523108420b943411e0eea06cb918ce7daf296f65983fdfc6868778dacc76ebe
9c1fb4747e_super_editor__sd_1495_auto_page_break_854a2dd9__vs__14211b982b_super_editor__simple_ordered_list_8288421a_redline_be40dcd167,be40dcd167,tracking_without_comments,word_redlines_superdoc_0926,corpus,/Users/arthrod/temp/T/neurotic_docx_bench/corpus/word/tracking_without_comments/pdf/9c1fb4747e_super_editor__sd_1495_auto_page_break_854a2dd9__vs__14211b982b_super_editor__simple_ordered_list_8288421a_redline_be40dcd167.pdf,04f89fd25f97d5fa896d18a2f117a5023e0e998cb4994dd5a41019bc3588eb54,/Users/arthrod/temp/T/neurotic_docx_bench/results/redlines_0929_full/docxodus/pdf_by_word/9c1fb4747e_super_editor__sd_1495_auto_page_break_854a2dd9__vs__14211b982b_super_editor__simple_ordered_list_8288421a_redline_b4bafdd04d_docxodus.pdf,5ac513805f808e70846d6ec9c7ce708554c251a7518aa055c4a8e6f4520d33b2
7367931dbf_super_editor__sdt_test_60079f08__vs__89b44c96a7_super_editor__sdts_basic_45263ca5_redline_be85bd5027,be85bd5027,tracking_without_comments,word_redlines_superdoc_0926,corpus,/Users/arthrod/temp/T/neurotic_docx_bench/corpus/word/tracking_without_comments/pdf/7367931dbf_super_editor__sdt_test_60079f08__vs__89b44c96a7_super_editor__sdts_basic_45263ca5_redline_be85bd5027.pdf,06479bbb8d92c84dad06729e20b78148b4b48764e1997809f17ef1dac4156d31,/Users/arthrod/temp/T/neurotic_docx_bench/results/redlines_0929_full/docxodus/pdf_by_word/7367931dbf_super_editor__sdt_test_60079f08__vs__89b44c96a7_super_editor__sdts_basic_45263ca5_redline_308e9e47b6_docxodus.pdf,d3fc9e773301a250c1e5aa43c28718dfc7a3d4ff7d6c70c6b2793e235d511aba
ef7218d9e8_001893584bf94ff30c98db48cb8a0ea0ea5abc048f3e1a4d__vs__2e04202552_000e3e7bd2d6215fc7b469cc3e296c1b2a510bc1abc7e0fd_redline_bedd714410,bedd714410,tracking_without_comments,redlines_a100_b10,corpus,/Users/arthrod/temp/T/neurotic_docx_bench/corpus/word/tracking_without_comments/pdf/ef7218d9e8_001893584bf94ff30c98db48cb8a0ea0ea5abc048f3e1a4d__vs__2e04202552_000e3e7bd2d6215fc7b469cc3e296c1b2a510bc1abc7e0fd_redline_bedd714410.pdf,27c91d1180b711c9902fbcfd906aa59907d9b13b9497edbafdacc7185128f871,/Users/arthrod/temp/T/neurotic_docx_bench/results/redlines_0929_full/docxodus/pdf_by_word/ef7218d9e8_001893584bf94ff30c98db48cb8a0ea0ea5abc048f3e1a4d__vs__2e04202552_000e3e7bd2d6215fc7b469cc3e296c1b2a510bc1abc7e0fd_redline_bedd714410_docxodus.pdf,2942510baea46eaa0fa22d2ee6b8c8fd71cbd2293835aab6604aa1beee6658ac
8ef32902e8_file_158__vs__8061e5912f_file_159_redline_c0a3ea22ca,c0a3ea22ca,with_comments_tracking,word_based_randomized_0926,fresh,/Users/arthrod/temp/T/compare_regen/out/c0a3ea22ca__vs__c0a3ea22ca.pdf,04a0f0429f7104eb2ec88827235f7da030bfec646778543fd9c7845cabd11113,/Users/arthrod/temp/T/neurotic_docx_bench/results/redlines_0929_full/docxodus/pdf_by_word/8ef32902e8_file_158__vs__8061e5912f_file_159_redline_8de55978f2_docxodus.pdf,0d42ea96d808507f7412283df31825f7f3a9646d6804b8d3bed37850f228dc45
279abea8ce_super_editor__h_f_normal_odd_even_firstpg_9b210d__vs__76827c9f6c_super_editor__sd_1480_two_col_index_0138dccc_redline_c0cbc850a8,c0cbc850a8,tracking_without_comments,word_redlines_superdoc_0926,corpus,/Users/arthrod/temp/T/neurotic_docx_bench/corpus/word/tracking_without_comments/pdf/279abea8ce_super_editor__h_f_normal_odd_even_firstpg_9b210d__vs__76827c9f6c_super_editor__sd_1480_two_col_index_0138dccc_redline_c0cbc850a8.pdf,68a946d3d2703e9af1bed48c5ae24601ad7f2fda84d219603ee1f2621f97a5e2,/Users/arthrod/temp/T/neurotic_docx_bench/results/redlines_0929_full/docxodus/pdf_by_word/279abea8ce_super_editor__h_f_normal_odd_even_firstpg_9b210d__vs__76827c9f6c_super_editor__sd_1480_two_col_index_0138dccc_redline_9a93480040_docxodus.pdf,35c2ae6d707e05e31168773de5aa8e3f50d4dc55e9e7ccd0a617ded43b211734
75b13139d1_01424129e67ac16566c504bbb091d985cb6316a08abf5730__vs__2773adf157_0004c94ca2a8684d47449bb0e7abf87de1df71a7e6543252_redline_c0f0e89fef,c0f0e89fef,tracking_without_comments,redlines_a100_b10,corpus,/Users/arthrod/temp/T/neurotic_docx_bench/corpus/word/tracking_without_comments/pdf/75b13139d1_01424129e67ac16566c504bbb091d985cb6316a08abf5730__vs__2773adf157_0004c94ca2a8684d47449bb0e7abf87de1df71a7e6543252_redline_c0f0e89fef.pdf,b92c486f4d7634691e7a8e53df8ff88e31b7a332463f67f701620f8de75f05ee,/Users/arthrod/temp/T/neurotic_docx_bench/results/redlines_0929_full/docxodus/pdf_by_word/75b13139d1_01424129e67ac16566c504bbb091d985cb6316a08abf5730__vs__2773adf157_0004c94ca2a8684d47449bb0e7abf87de1df71a7e6543252_redline_c0f0e89fef_docxodus.pdf,13d1c4a575b4af4cc17902cceb1e82b45d8daed2aea9d50dc6dd9005a8ad13b0
4dff3f0ab2_heading_1_bold_demo_id_paraid_overflow__vs__045a9b188d_heading_1_style_demo_id_paraid_overflow_redline_c31d6dc680,c31d6dc680,tracking_without_comments,word_based,corpus,/Users/arthrod/temp/T/neurotic_docx_bench/corpus/word/tracking_without_comments/pdf/4dff3f0ab2_heading_1_bold_demo_id_paraid_overflow__vs__045a9b188d_heading_1_style_demo_id_paraid_overflow_redline_c31d6dc680.pdf,ba8e5be33faf02505f9dcd512bf9e02f72f6244bdd5857852730478691c8e88e,/Users/arthrod/temp/T/neurotic_docx_bench/results/redlines_0929_full/docxodus/pdf_by_word/4dff3f0ab2_heading_1_bold_demo_id_paraid_overflow__vs__045a9b188d_heading_1_style_demo_id_paraid_overflow_redline_96417ebe02_docxodus.pdf,fedde1fc164924b773588a080d0f0576c021dbbcf601e624e54dc87ce69e9d80
eb2f3c86b5_vfdsdfcacawesd_suggesting_mixed_edits__vs__cefef4e4f5_yellow_highlight_demo_id_paraid_overflow_redline_c3b9905920,c3b9905920,with_comments_tracking,word_based_0926,fresh,/Users/arthrod/temp/T/compare_regen/out/c3b9905920__vs__c3b9905920.pdf,053b4f3e82e7247ecd8104a453bb4d5c17b2635cf52fed59cbc77247e17ed0a4,/Users/arthrod/temp/T/neurotic_docx_bench/results/redlines_0929_full/docxodus/pdf_by_word/eb2f3c86b5_vfdsdfcacawesd_suggesting_mixed_edits__vs__cefef4e4f5_yellow_highlight_demo_id_paraid_overflow_redline_913d076e79_docxodus.pdf,c2b84a55987d959a89bde538789392fce2f45f7b4cec0e6263ca9e8ed5ee5881
49ea29382c_487c8ccdd0615414a847a9a6e66d26233de016c93a0cac0a__vs__baed832328_142b3c1f29abaa279fa981caccfef5fa9e1136c2c29b165c_redline_c3e69fcfe2,c3e69fcfe2,tracking_without_comments,redlines_en_500,corpus,/Users/arthrod/temp/T/neurotic_docx_bench/corpus/word/tracking_without_comments/pdf/49ea29382c_487c8ccdd0615414a847a9a6e66d26233de016c93a0cac0a__vs__baed832328_142b3c1f29abaa279fa981caccfef5fa9e1136c2c29b165c_redline_c3e69fcfe2.pdf,b66662e576f831ef747392cd58045c5f76f816d22f4659192d0c84ad7458281a,/Users/arthrod/temp/T/neurotic_docx_bench/results/redlines_0929_full/docxodus/pdf_by_word/49ea29382c_487c8ccdd0615414a847a9a6e66d26233de016c93a0cac0a__vs__baed832328_142b3c1f29abaa279fa981caccfef5fa9e1136c2c29b165c_redline_c3e69fcfe2_docxodus.pdf,7c3af4f7d128fb1d3a94702f0b77c5467875ab09181b4ae87e8b3c38ecfbd193
0a1badc333_super_editor__missing_sectpr_967a402d__vs__84f5fb598b_super_editor__diff_before11_1b953eaf_redline_c43a56b580,c43a56b580,with_comments_tracking,word_redlines_superdoc,fresh,/Users/arthrod/temp/T/compare_regen/out/c43a56b580__vs__c43a56b580.pdf,f96f83a531c92b98ca8e28373cdfb03c9d5e0e2485c1c57e992bbf10c015bc05,/Users/arthrod/temp/T/neurotic_docx_bench/results/redlines_0929_full/docxodus/pdf_by_word/0a1badc333_super_editor__missing_sectpr_967a402d__vs__84f5fb598b_super_editor__diff_before11_1b953eaf_redline_a78b94020d_docxodus.pdf,b183452962e2d8cc3b808b7fd3b37b3bb18e2d3f9da7f0384cf6a50d7f56992d
66e70631fb_file_188__vs__70584b4a0e_file_189_redline_c46dee2ac8,c46dee2ac8,with_comments_tracking,word_based_randomized_0926,fresh,/Users/arthrod/temp/T/compare_regen/out/c46dee2ac8__vs__c46dee2ac8.pdf,d92a06d9e70e4d56dc6cda5253865396e8147bb6a01b9ede8f9de3b8838c40a4,/Users/arthrod/temp/T/neurotic_docx_bench/results/redlines_0929_full/docxodus/pdf_by_word/66e70631fb_file_188__vs__70584b4a0e_file_189_redline_6bf1e10a91_docxodus.pdf,5666f3ce0b1189d2aafcec22836a267acc149bff491cdac0a3b00fa72e9a319a
96a0ee0e8f_004b3b3dd84014405562584f62d67267b9a7993e21b974e8__vs__333bfe069a_003416d620331122b93b434dad901db5836f60d2cad4b533_redline_c4a18d1d66,c4a18d1d66,tracking_without_comments,redlines_a100_b10,corpus,/Users/arthrod/temp/T/neurotic_docx_bench/corpus/word/tracking_without_comments/pdf/96a0ee0e8f_004b3b3dd84014405562584f62d67267b9a7993e21b974e8__vs__333bfe069a_003416d620331122b93b434dad901db5836f60d2cad4b533_redline_c4a18d1d66.pdf,0758382cc007da0d4cdca429064a45068068cc86c824adfebe37f3368879e78a,/Users/arthrod/temp/T/neurotic_docx_bench/results/redlines_0929_full/docxodus/pdf_by_word/96a0ee0e8f_004b3b3dd84014405562584f62d67267b9a7993e21b974e8__vs__333bfe069a_003416d620331122b93b434dad901db5836f60d2cad4b533_redline_c4a18d1d66_docxodus.pdf,0a6127bcad351172a35916b39e67e9f2417bbc71537ffe4efd3b3467ff8e33d1
48cd1e0a53_bold_and_italic_combo_style_default_missing__vs__187c1cd53e_bold_and_underline_combo_id_paraid_overflow_redline_c4e9d43965,c4e9d43965,tracking_without_comments,word_based,corpus,/Users/arthrod/temp/T/neurotic_docx_bench/corpus/word/tracking_without_comments/pdf/48cd1e0a53_bold_and_italic_combo_style_default_missing__vs__187c1cd53e_bold_and_underline_combo_id_paraid_overflow_redline_c4e9d43965.pdf,cca7e8d0995a1fc8d259c489278ff6b4c269545ce9efcbf3b548d73919f0914e,/Users/arthrod/temp/T/neurotic_docx_bench/results/redlines_0929_full/docxodus/pdf_by_word/48cd1e0a53_bold_and_italic_combo_style_default_missing__vs__187c1cd53e_bold_and_underline_combo_id_paraid_overflow_redline_adb78cb375_docxodus.pdf,196c789331eeb950b6ff65121e955a803ba527e2ba0c67e246abb1af3dd2ab57
95c855b9a0_001671bbb68c5b9ebebebfc8be69252ccc195babb3129278__vs__2e04202552_000e3e7bd2d6215fc7b469cc3e296c1b2a510bc1abc7e0fd_redline_c56e84eaea,c56e84eaea,tracking_without_comments,redlines_a100_b10,corpus,/Users/arthrod/temp/T/neurotic_docx_bench/corpus/word/tracking_without_comments/pdf/95c855b9a0_001671bbb68c5b9ebebebfc8be69252ccc195babb3129278__vs__2e04202552_000e3e7bd2d6215fc7b469cc3e296c1b2a510bc1abc7e0fd_redline_c56e84eaea.pdf,b4b75df4027a5ea1381d64e13e0d0e76b2466cb654519c2418ffa0945f7d1dec,/Users/arthrod/temp/T/neurotic_docx_bench/results/redlines_0929_full/docxodus/pdf_by_word/95c855b9a0_001671bbb68c5b9ebebebfc8be69252ccc195babb3129278__vs__2e04202552_000e3e7bd2d6215fc7b469cc3e296c1b2a510bc1abc7e0fd_redline_c56e84eaea_docxodus.pdf,e22f81330f38576617e296054754860f8df34b17e65bf4a0089b7906ff0c6a8d
13ea153d22_file_174__vs__66dcec3e49_file_175_redline_c69908f44a,c69908f44a,with_comments_tracking,word_based_randomized_0926,fresh,/Users/arthrod/temp/T/compare_regen/out/c69908f44a__vs__c69908f44a.pdf,29a53bbf33590dee219c111a7489f42904952dfae3627720442a670af1f80e06,/Users/arthrod/temp/T/neurotic_docx_bench/results/redlines_0929_full/docxodus/pdf_by_word/13ea153d22_file_174__vs__66dcec3e49_file_175_redline_301e236134_docxodus.pdf,97cef155c593967cfd162b9c6499919e0d667303f3752fceed2aa8f5095410fd
756fb54224_potpourritest__vs__f7d8cdf9a9_product_roadmap_2026_suggesting_insertions_redline_c6d6371812,c6d6371812,with_comments_tracking,word_based_0926,fresh,/Users/arthrod/temp/T/compare_regen/out/c6d6371812__vs__c6d6371812.pdf,c6791a2061ad604780dc302dab69d13fa4b6921e8aaa8dd1ce47b15baa6e02f8,/Users/arthrod/temp/T/neurotic_docx_bench/results/redlines_0929_full/docxodus/pdf_by_word/756fb54224_potpourritest__vs__f7d8cdf9a9_product_roadmap_2026_suggesting_insertions_redline_8358846f3a_docxodus.pdf,cfea79acc295626292a34a54a6161dfcd700da97a5f6982c62094eff9b3da442
95c855b9a0_001671bbb68c5b9ebebebfc8be69252ccc195babb3129278__vs__342f364d46_001342333d45627868f4dc5282abbba4598a91b4a7584b08_redline_c7a0e469ba,c7a0e469ba,tracking_without_comments,redlines_a100_b10,corpus,/Users/arthrod/temp/T/neurotic_docx_bench/corpus/word/tracking_without_comments/pdf/95c855b9a0_001671bbb68c5b9ebebebfc8be69252ccc195babb3129278__vs__342f364d46_001342333d45627868f4dc5282abbba4598a91b4a7584b08_redline_c7a0e469ba.pdf,2119a8460422becda8ab0b0018b5917d9cec1469b4438f2b3f59bbd422c6bdce,/Users/arthrod/temp/T/neurotic_docx_bench/results/redlines_0929_full/docxodus/pdf_by_word/95c855b9a0_001671bbb68c5b9ebebebfc8be69252ccc195babb3129278__vs__342f364d46_001342333d45627868f4dc5282abbba4598a91b4a7584b08_redline_c7a0e469ba_docxodus.pdf,8b2f8878b1b80c5f7b40389eadafd0f18f3e5743a46485679d702c114e80ab64
bf23b1e436_track_changes_suggesting_bold_id_paraid_overflow__vs__966994cba9_track_changes_suggesting_calibri_id_paraid_overf_redline_c8eca58b0a,c8eca58b0a,tracking_without_comments,fixtures_word_compares;pdf_fill_0928,fresh,/Users/arthrod/temp/T/compare_regen/out/c8eca58b0a__vs__c8eca58b0a.pdf,188a843ecf455157c557ff3a34680ce356d74890a7ba4c3c8effa56f0188d3ef,/Users/arthrod/temp/T/neurotic_docx_bench/results/redlines_0929_full/docxodus/pdf_by_word/bf23b1e436_track_changes_suggesting_bold_id_paraid_overflow__vs__966994cba9_track_changes_suggesting_calibri_id_paraid_overf_redline_9260938760_docxodus.pdf,3e6903b054ed1326e80209edf73c9f003bf5ae8f31b13bfbbffd4bb4a6bce463
ced58cbf54_super_editor__sd_1494_table_left_indent_03277d35__vs__45f61cfd4f_super_editor__sd_1495_auto_page_break_2_f0f3bf0e_redline_ca80876718,ca80876718,tracking_without_comments,word_redlines_superdoc_0926,corpus,/Users/arthrod/temp/T/neurotic_docx_bench/corpus/word/tracking_without_comments/pdf/ced58cbf54_super_editor__sd_1494_table_left_indent_03277d35__vs__45f61cfd4f_super_editor__sd_1495_auto_page_break_2_f0f3bf0e_redline_ca80876718.pdf,ab4318529217449a5e18828ddb348cfa9e2f0d5196b2f90ac8481f2dac15c438,/Users/arthrod/temp/T/neurotic_docx_bench/results/redlines_0929_full/docxodus/pdf_by_word/ced58cbf54_super_editor__sd_1494_table_left_indent_03277d35__vs__45f61cfd4f_super_editor__sd_1495_auto_page_break_2_f0f3bf0e_redline_2324d07904_docxodus.pdf,cfe674c39252aee6439dfe3bfa6e8c606ddfd6e59240378e84d0372018eb549b
ee61fb4ab3_super_editor__base_ordered_fdff1fb2__vs__f529133cd5_super_editor__basic_comment_d3ba5f1e_redline_cb0a7d2c98,cb0a7d2c98,with_comments_tracking,word_redlines_superdoc_0926,fresh,/Users/arthrod/temp/T/compare_regen/out/cb0a7d2c98__vs__cb0a7d2c98.pdf,348834f4444c19e43d99f4923a42b84b32cb73bde38618d5c422f73be59bb7d8,/Users/arthrod/temp/T/neurotic_docx_bench/results/redlines_0929_full/docxodus/pdf_by_word/ee61fb4ab3_super_editor__base_ordered_fdff1fb2__vs__f529133cd5_super_editor__basic_comment_d3ba5f1e_redline_cb0a7d2c98_docxodus.pdf,ab327ca93c06770624aa5d37b256b590943c87fac114c896a8f562216efd5f34
d93f1dafca_sample_document_word_repair_of_our_output_iter2__vs__970fd9303f_sample_document_word_repair_of_our_output_word_r_redline_cbd854cb68,cbd854cb68,with_comments_tracking,word_based_0926,fresh,/Users/arthrod/temp/T/compare_regen/out/cbd854cb68__vs__cbd854cb68.pdf,cbeafbc2079b1172bcf3ca5e3d5d48b4f8393fee8e876610822920484dfaf281,/Users/arthrod/temp/T/neurotic_docx_bench/results/redlines_0929_full/docxodus/pdf_by_word/d93f1dafca_sample_document_word_repair_of_our_output_iter2__vs__970fd9303f_sample_document_word_repair_of_our_output_word_r_redline_ace788a217_docxodus.pdf,e4556c6ab8f8a50b790cbd31f0abac772914b4706181aa09b8157ab70f253cd8
be5bf990cb_file_16__vs__d6ba4fabd2_file_17_redline_cbf73c2d81,cbf73c2d81,with_comments_tracking,word_based_randomized_0926,fresh,/Users/arthrod/temp/T/compare_regen/out/cbf73c2d81__vs__cbf73c2d81.pdf,d0b1f538ec3dfaf5ad40a27fc12aa2875818368629cb067fc48056b8d0b0d803,/Users/arthrod/temp/T/neurotic_docx_bench/results/redlines_0929_full/docxodus/pdf_by_word/be5bf990cb_file_16__vs__d6ba4fabd2_file_17_redline_cbf73c2d81_docxodus.pdf,2902c88b9d6cf3c48a7da45e08d9e78d2528232213ab63a80c201e29ab55f923
bb9c5a8bd5_doc_api_stories__table_style_options_roundtrip_1__vs__22ccb1b200_super_editor__diff_after19_79c6b379_redline_ccb1abd033,ccb1abd033,tracking_without_comments,word_redlines_superdoc,corpus,/Users/arthrod/temp/T/neurotic_docx_bench/corpus/word/tracking_without_comments/pdf/bb9c5a8bd5_doc_api_stories__table_style_options_roundtrip_1__vs__22ccb1b200_super_editor__diff_after19_79c6b379_redline_ccb1abd033.pdf,b3d34bdf8f41180ffac8ccf031515aa2408b9978db739d994d0f4eacd97e861e,/Users/arthrod/temp/T/neurotic_docx_bench/results/redlines_0929_full/docxodus/pdf_by_word/bb9c5a8bd5_doc_api_stories__table_style_options_roundtrip_1__vs__22ccb1b200_super_editor__diff_after19_79c6b379_redline_77a6193e3e_docxodus.pdf,b0ba3a1f10cff771dbef6bff9a43d7fed2a1df4c15d4dcf48fbcd8cb94c24a0f
e70f1134dd_super_editor__diff_before8_ba5faa9e__vs__a5903a7c15_super_editor__pci_table_dc840852_redline_ccc5f1207c,ccc5f1207c,with_comments_tracking,word_redlines_superdoc_0926,fresh,/Users/arthrod/temp/T/compare_regen/out/ccc5f1207c__vs__ccc5f1207c.pdf,613be3dbfa69068124a71cc61987e97e17bda5a5eddef0a62471ffa5a8f7dc7c,/Users/arthrod/temp/T/neurotic_docx_bench/results/redlines_0929_full/docxodus/pdf_by_word/e70f1134dd_super_editor__diff_before8_ba5faa9e__vs__a5903a7c15_super_editor__pci_table_dc840852_redline_8d775d42d1_docxodus.pdf,d7288b334f979561a6d9c15388e50f0868d165ecc675291b3abe23c1d627f9f1
1f4891aebe_large_font_size_demo_id_paraid_overflow__vs__b4ba29d456_left_alignment_demo_id_paraid_overflow_redline_cd5dceca39,cd5dceca39,tracking_without_comments,fixtures_word_compares;pdf_fill_0928,fresh,/Users/arthrod/temp/T/compare_regen/out/cd5dceca39__vs__cd5dceca39.pdf,284037a32e87b4d2013176f7c1efdffa8574bb2931cab4e3f54ec04dccde6e21,/Users/arthrod/temp/T/neurotic_docx_bench/results/redlines_0929_full/docxodus/pdf_by_word/1f4891aebe_large_font_size_demo_id_paraid_overflow__vs__b4ba29d456_left_alignment_demo_id_paraid_overflow_redline_55e7a12ff4_docxodus.pdf,a1a4fe8d6dabf687be9e1f116cbf43870f6f4b12aa77e6cfe10b3aaa6ffbda66
dd6dbfb284_super_editor__diff_after2_fc1e0763__vs__c51843a182_super_editor__diff_after3_3f4fb6e8_redline_ce452c2155,ce452c2155,tracking_without_comments,word_redlines_superdoc_0926,corpus,/Users/arthrod/temp/T/neurotic_docx_bench/corpus/word/tracking_without_comments/pdf/dd6dbfb284_super_editor__diff_after2_fc1e0763__vs__c51843a182_super_editor__diff_after3_3f4fb6e8_redline_ce452c2155.pdf,4e62120ce678513a621c47eeb7933b0110caa972f6c29457821f1b131e83b361,/Users/arthrod/temp/T/neurotic_docx_bench/results/redlines_0929_full/docxodus/pdf_by_word/dd6dbfb284_super_editor__diff_after2_fc1e0763__vs__c51843a182_super_editor__diff_after3_3f4fb6e8_redline_b443fb9207_docxodus.pdf,155ee989b7e266e01bf75bf121e9e7cbd8514ecc4be4300fc38c3fcc52b4bc27
5320da1b60_file_30__vs__c7190b3adc_file_31_redline_ce75c31472,ce75c31472,tracking_without_comments,word_based_randomized,corpus,/Users/arthrod/temp/T/neurotic_docx_bench/corpus/word/tracking_without_comments/pdf/5320da1b60_file_30__vs__c7190b3adc_file_31_redline_ce75c31472.pdf,c638b043f62c5afa47f0197a4c7db4ffa8ad66149f7d7ad32a20f1b68e2a52b9,/Users/arthrod/temp/T/neurotic_docx_bench/results/redlines_0929_full/docxodus/pdf_by_word/5320da1b60_file_30__vs__c7190b3adc_file_31_redline_64c527dde8_docxodus.pdf,c4ef165ad1fe660bd3828fa67c763bc913567c2a42451ebc4de1ed89b75e2ea1
18d1a4ad46_super_editor__sd_2534_collab_export_f3c7fdf7__vs__52dab5bc1c_super_editor__sdt_node_comment_ec887683_redline_cf8049bd45,cf8049bd45,with_comments_tracking,word_redlines_superdoc_0926,fresh,/Users/arthrod/temp/T/compare_regen/out/cf8049bd45__vs__cf8049bd45.pdf,39ec3e583857f6a668d77d2e8419e8af723860325126a7b588104b69e01b70d0,/Users/arthrod/temp/T/neurotic_docx_bench/results/redlines_0929_full/docxodus/pdf_by_word/18d1a4ad46_super_editor__sd_2534_collab_export_f3c7fdf7__vs__52dab5bc1c_super_editor__sdt_node_comment_ec887683_redline_07ab69d450_docxodus.pdf,f7ef3ee4c04a1a484d3080ccdd72abd2a2f5699f897993d0db381cc8a5be783c
501bf3d47b_super_editor__table_merged_cells_9c349334__vs__ab064d6482_super_editor__table_width_issue_20b01504_redline_cfb3908b65,cfb3908b65,tracking_without_comments,word_redlines_superdoc,corpus,/Users/arthrod/temp/T/neurotic_docx_bench/corpus/word/tracking_without_comments/pdf/501bf3d47b_super_editor__table_merged_cells_9c349334__vs__ab064d6482_super_editor__table_width_issue_20b01504_redline_cfb3908b65.pdf,7c35b52499383f4bbf15624eda8ac2f1e8975d0aa33f3593d0ca711c84b04197,/Users/arthrod/temp/T/neurotic_docx_bench/results/redlines_0929_full/docxodus/pdf_by_word/501bf3d47b_super_editor__table_merged_cells_9c349334__vs__ab064d6482_super_editor__table_width_issue_20b01504_redline_5245c92a2c_docxodus.pdf,f70d6b0142bea12149ae0419d0f9dfff5e978a6c07dac38b72945fa1dca4c14c
16e831d01f_file_95__vs__e4e4a073e9_file_96_redline_d07bde3859,d07bde3859,tracking_without_comments,word_based_randomized,corpus,/Users/arthrod/temp/T/neurotic_docx_bench/corpus/word/tracking_without_comments/pdf/16e831d01f_file_95__vs__e4e4a073e9_file_96_redline_d07bde3859.pdf,d03746e6a4c7c6d0df2ea80e3c46eb34013e618bb3ed913902df968992d6f3e5,/Users/arthrod/temp/T/neurotic_docx_bench/results/redlines_0929_full/docxodus/pdf_by_word/16e831d01f_file_95__vs__e4e4a073e9_file_96_redline_0e4dfd953d_docxodus.pdf,28e097e20ebeb4994947a0884494a9da5be56054376ee92f9d9d2e97c2a3bcbd
b7c9d27632_underline_text_demo_id_paraid_overflow__vs__fd5a40bd94_underline_text_formatting_demo_style_default_mis_redline_d0b7eea602,d0b7eea602,tracking_without_comments,word_based_0926,corpus,/Users/arthrod/temp/T/neurotic_docx_bench/corpus/word/tracking_without_comments/pdf/b7c9d27632_underline_text_demo_id_paraid_overflow__vs__fd5a40bd94_underline_text_formatting_demo_style_default_mis_redline_d0b7eea602.pdf,df0a185ea02437f8a568cc3a29be862da13a4b11ec498f24758ee7424de7dc7d,/Users/arthrod/temp/T/neurotic_docx_bench/results/redlines_0929_full/docxodus/pdf_by_word/b7c9d27632_underline_text_demo_id_paraid_overflow__vs__fd5a40bd94_underline_text_formatting_demo_style_default_mis_redline_b2d01cb7ae_docxodus.pdf,6a33e0e63728970b91d9522f43891a43b68eb37b4aa516ef23fa67510bd90e34
0a1badc333_super_editor__missing_sectpr_967a402d__vs__b5a6dd6c66_super_editor__diff_before_019353a2_redline_d17f11acda,d17f11acda,tracking_without_comments,word_redlines_superdoc_0926,corpus,/Users/arthrod/temp/T/neurotic_docx_bench/corpus/word/tracking_without_comments/pdf/0a1badc333_super_editor__missing_sectpr_967a402d__vs__b5a6dd6c66_super_editor__diff_before_019353a2_redline_d17f11acda.pdf,a12e0de5f126cc5aebde9b34a5bb3e207bc1caa299c8f49fce3748338a3129ff,/Users/arthrod/temp/T/neurotic_docx_bench/results/redlines_0929_full/docxodus/pdf_by_word/0a1badc333_super_editor__missing_sectpr_967a402d__vs__b5a6dd6c66_super_editor__diff_before_019353a2_redline_5e1c82cdea_docxodus.pdf,c2482dee1311e9b21a5e3e3a7c71feb1dd3f7decd3f8d8c7be1da163f60a3c60
e137a3db25_file_140__vs__0f5a806b4c_file_141_redline_d20ada3e0a,d20ada3e0a,with_comments_tracking,word_based_randomized_0926,fresh,/Users/arthrod/temp/T/compare_regen/out/d20ada3e0a__vs__d20ada3e0a.pdf,deaa8c50ec5d99274c842513bcf7239ce0df7ddfe1c204713830a90742362265,/Users/arthrod/temp/T/neurotic_docx_bench/results/redlines_0929_full/docxodus/pdf_by_word/e137a3db25_file_140__vs__0f5a806b4c_file_141_redline_421d863d4e_docxodus.pdf,9e1e7fecaa66e52049108ded02e5dee81cee8c9a51ad1946b19f3325b3b44edf
bcc7379f64_super_editor__paragraph_spacing_missing_de418c38__vs__dd6dbfb284_super_editor__diff_after2_fc1e0763_redline_d211d634bb,d211d634bb,tracking_without_comments,word_redlines_superdoc_0926,corpus,/Users/arthrod/temp/T/neurotic_docx_bench/corpus/word/tracking_without_comments/pdf/bcc7379f64_super_editor__paragraph_spacing_missing_de418c38__vs__dd6dbfb284_super_editor__diff_after2_fc1e0763_redline_d211d634bb.pdf,8d6d2d08e04b077fa50708dfbe077b423c51aba79a7e2ce41b6e584c9dcca113,/Users/arthrod/temp/T/neurotic_docx_bench/results/redlines_0929_full/docxodus/pdf_by_word/bcc7379f64_super_editor__paragraph_spacing_missing_de418c38__vs__dd6dbfb284_super_editor__diff_after2_fc1e0763_redline_66e78aa205_docxodus.pdf,90c602a69a74627c7fb12cb59eb577471ada41d3bc55036d4f66c38c5c57a45e
32328b55db_docx_lots_of_comments_addition_removal_redline_r__vs__d996bef4c8_docx_lots_of_comments_addition_removal_redline_redline_d23d9c8cc7,d23d9c8cc7,clean,nocomments,corpus,/Users/arthrod/temp/T/neurotic_docx_bench/corpus/word/clean/pdf/32328b55db_docx_lots_of_comments_addition_removal_redline_r__vs__d996bef4c8_docx_lots_of_comments_addition_removal_redline_redline_d23d9c8cc7.pdf,35a568dfdd22672c6a9d78b631cee4c8c9dab275f2d074bdac2b85f8632c2ade,/Users/arthrod/temp/T/neurotic_docx_bench/results/redlines_0929_full/docxodus/pdf_by_word/32328b55db_docx_lots_of_comments_addition_removal_redline_r__vs__d996bef4c8_docx_lots_of_comments_addition_removal_redline_redline_d23d9c8cc7_docxodus.pdf,3adf7054cc22df9c0c0fe9e8f693b956d3a0559a1baca2049f192fa0df9bdf47
ee9bfc2650_docx_lots_of_comments_addition_removal_redline_r__vs__3fcadf4761_docx_lots_of_comments_addition_removal_redline_redline_d2e24e9733,d2e24e9733,with_comments_clean,word_based_0926,fresh,/Users/arthrod/temp/T/compare_regen/out/d2e24e9733__vs__d2e24e9733.pdf,91d7df6deb6593a67d0e8720aa7f5846915c30d36041aa4a499944bd41565de8,/Users/arthrod/temp/T/neurotic_docx_bench/results/redlines_0929_full/docxodus/pdf_by_word/ee9bfc2650_docx_lots_of_comments_addition_removal_redline_r__vs__3fcadf4761_docx_lots_of_comments_addition_removal_redline_redline_58cd08049b_docxodus.pdf,9acdad68e64db76d3e5bf5e9f7c93ccf3619acedcef1c073485cc4dc9e2ae46e
284df3bf07_740579c5f762ce4977e0febc5edec27d4df4d4059510a808__vs__9cab09c08d_75bc7006ba70183c4543590a4131ca692719a521bcd85ad7_redline_d3782b3407,d3782b3407,tracking_without_comments,redlines_en_500,corpus,/Users/arthrod/temp/T/neurotic_docx_bench/corpus/word/tracking_without_comments/pdf/284df3bf07_740579c5f762ce4977e0febc5edec27d4df4d4059510a808__vs__9cab09c08d_75bc7006ba70183c4543590a4131ca692719a521bcd85ad7_redline_d3782b3407.pdf,8f7ce9c0f47b74102ce26a7c06838740ae81b2c5fdfc324b03d9fede35ee01c0,/Users/arthrod/temp/T/neurotic_docx_bench/results/redlines_0929_full/docxodus/pdf_by_word/284df3bf07_740579c5f762ce4977e0febc5edec27d4df4d4059510a808__vs__9cab09c08d_75bc7006ba70183c4543590a4131ca692719a521bcd85ad7_redline_d3782b3407_docxodus.pdf,657708f13321eecffcd2c70dc0a596c5778198917a403a310d210a87c5120f97
6b0acda259_file_73__vs__bd768e6c17_file_74_redline_d392f01661,d392f01661,with_comments_tracking,word_based_randomized,fresh,/Users/arthrod/temp/T/compare_regen/out/d392f01661__vs__d392f01661.pdf,172981e527d29fb76e68830a4f3b6bee0d12900cbc3f741c274a462b860d48ee,/Users/arthrod/temp/T/neurotic_docx_bench/results/redlines_0929_full/docxodus/pdf_by_word/6b0acda259_file_73__vs__bd768e6c17_file_74_redline_0aa74e0de4_docxodus.pdf,3a2eb209110a5be8325fa4fb09ea87e3735ea50cfb846c634ea86f657b60cf89
a1551a906b_1a3a95a9ba03f43f29ed1dbf1def67eeb040e544a3ab4d37__vs__3fe78a5e78_2794a33c2407f6663c9e91aeb706c5ca41ef485d54a6474b_redline_d3b5939138,d3b5939138,tracking_without_comments,redlines_en_500,corpus,/Users/arthrod/temp/T/neurotic_docx_bench/corpus/word/tracking_without_comments/pdf/a1551a906b_1a3a95a9ba03f43f29ed1dbf1def67eeb040e544a3ab4d37__vs__3fe78a5e78_2794a33c2407f6663c9e91aeb706c5ca41ef485d54a6474b_redline_d3b5939138.pdf,2126ae161c00dc531d34032745d69ff7af47893f48032899bd7f5ad46ee93b5d,/Users/arthrod/temp/T/neurotic_docx_bench/results/redlines_0929_full/docxodus/pdf_by_word/a1551a906b_1a3a95a9ba03f43f29ed1dbf1def67eeb040e544a3ab4d37__vs__3fe78a5e78_2794a33c2407f6663c9e91aeb706c5ca41ef485d54a6474b_redline_d3b5939138_docxodus.pdf,b0c712b7bcdfb6ae38da9794b8b69b49f4f35f0dd110772994053eb470627317
95505e5cea_876134303c497ac4ec8cd8084f7098d889bc610b52d17afd__vs__578d5e0fb7_419db1f41a38dff07043e939caa1bc48ac1cb0c0fa157c15_redline_d3f2b808b2,d3f2b808b2,tracking_without_comments,redlines_en_500,corpus,/Users/arthrod/temp/T/neurotic_docx_bench/corpus/word/tracking_without_comments/pdf/95505e5cea_876134303c497ac4ec8cd8084f7098d889bc610b52d17afd__vs__578d5e0fb7_419db1f41a38dff07043e939caa1bc48ac1cb0c0fa157c15_redline_d3f2b808b2.pdf,086b70c94e9c5bf8e79de8f763deaa9bb7c306af6aef8e286ea9a886a098d3dc,/Users/arthrod/temp/T/neurotic_docx_bench/results/redlines_0929_full/docxodus/pdf_by_word/95505e5cea_876134303c497ac4ec8cd8084f7098d889bc610b52d17afd__vs__578d5e0fb7_419db1f41a38dff07043e939caa1bc48ac1cb0c0fa157c15_redline_d3f2b808b2_docxodus.pdf,e299343e3844db2c3fea1968a7fa3b5c127f4bf9f9e209aba18912adbd957965
53de8de92b_file_183__vs__abd0b75d88_file_184_redline_d40e4d812a,d40e4d812a,tracking_without_comments,word_based_randomized_0926,corpus,/Users/arthrod/temp/T/neurotic_docx_bench/corpus/word/tracking_without_comments/pdf/53de8de92b_file_183__vs__abd0b75d88_file_184_redline_d40e4d812a.pdf,4426b5efdc6143ed995623ba1f395a161448a16d66ba2a5ca03064911a89e295,/Users/arthrod/temp/T/neurotic_docx_bench/results/redlines_0929_full/docxodus/pdf_by_word/53de8de92b_file_183__vs__abd0b75d88_file_184_redline_22702d4c54_docxodus.pdf,7823c50bb1ea3e1e20e94fc54c2910f73ed739beead943cdc22a037efc8aaa55
9332d3001f_super_editor__sdpr_titleonly_b0796676__vs__3b639ef236_super_editor__sdpr_8cc15994_redline_d4475f9b62,d4475f9b62,tracking_without_comments,word_redlines_superdoc_0926,corpus,/Users/arthrod/temp/T/neurotic_docx_bench/corpus/word/tracking_without_comments/pdf/9332d3001f_super_editor__sdpr_titleonly_b0796676__vs__3b639ef236_super_editor__sdpr_8cc15994_redline_d4475f9b62.pdf,91239b5f9ca14c0408a811ed16f468f32eb0c39240a619429450ac43c7477a95,/Users/arthrod/temp/T/neurotic_docx_bench/results/redlines_0929_full/docxodus/pdf_by_word/9332d3001f_super_editor__sdpr_titleonly_b0796676__vs__3b639ef236_super_editor__sdpr_8cc15994_redline_58cf51a1e4_docxodus.pdf,3d0778cf24f6cb374a414b27642dc400070f3f89eb4269763b273ffc0966c4fb
3e43d24c46_clear_formatting_demo_id_paraid_overflow__vs__adc9f524d1_comments_redline_d484b575c0,d484b575c0,with_comments_tracking,word_based;fixtures_word_compares,fresh,/Users/arthrod/temp/T/compare_regen/out/d484b575c0__vs__d484b575c0.pdf,41e0e05803e8659bfa5f0dda25b0f12f487cd65b2cdd786348aadaa0c5b23bdb,/Users/arthrod/temp/T/neurotic_docx_bench/results/redlines_0929_full/docxodus/pdf_by_word/3e43d24c46_clear_formatting_demo_id_paraid_overflow__vs__adc9f524d1_comments_redline_d484b575c0_docxodus.pdf,1fd9349d910abaf3062734ad25dbbc50404fecdded9878ff65bdcab8a7f27adb
9f5481078e_docx_lots_of_comments_addition_redline__vs__ee9bfc2650_docx_lots_of_comments_addition_removal_redline_r_redline_d4c19477cb,d4c19477cb,with_comments_clean,word_based,fresh,/Users/arthrod/temp/T/compare_regen/out/d4c19477cb__vs__d4c19477cb.pdf,a352866599c22e0ecb961a32347a8cc90f07b2d8a9bdac7868fa12e359af547a,/Users/arthrod/temp/T/neurotic_docx_bench/results/redlines_0929_full/docxodus/pdf_by_word/9f5481078e_docx_lots_of_comments_addition_redline__vs__ee9bfc2650_docx_lots_of_comments_addition_removal_redline_r_redline_60e784f2de_docxodus.pdf,21e460b0cb5573c246d5d57ca0e584c73446b9d8d82935d0513c4e04a96007d9
1c5bd81def_super_editor__multiple_nodes_in_list_79d915a2__vs__d03da97287_super_editor__nested_comments_gdocs_0c8668e1_redline_d5562fbaed,d5562fbaed,with_comments_tracking,word_redlines_superdoc_0926,fresh,/Users/arthrod/temp/T/compare_regen/out/d5562fbaed__vs__d5562fbaed.pdf,0079cbac6dd6b4ae7393b21d67abd083a4ece4b0fe94169bcadb8d5bb01ef505,/Users/arthrod/temp/T/neurotic_docx_bench/results/redlines_0929_full/docxodus/pdf_by_word/1c5bd81def_super_editor__multiple_nodes_in_list_79d915a2__vs__d03da97287_super_editor__nested_comments_gdocs_0c8668e1_redline_83ec2122ff_docxodus.pdf,97d5c34d364214a300ca123e4483d2d97d76b10a167c81075da6a445b81a800d
3413da1703_verdana_font_demo_id_paraid_overflow_2__vs__ac4b41aa8e_verdana_font_demo_id_paraid_overflow_redline_d5efaa5b6d,d5efaa5b6d,with_comments_clean,word_based_0926,fresh,/Users/arthrod/temp/T/compare_regen/out/d5efaa5b6d__vs__d5efaa5b6d.pdf,fd938d553d5c880e3633d96faee164d499fb012938f9fbffee332c2dab2191f5,/Users/arthrod/temp/T/neurotic_docx_bench/results/redlines_0929_full/docxodus/pdf_by_word/3413da1703_verdana_font_demo_id_paraid_overflow_2__vs__ac4b41aa8e_verdana_font_demo_id_paraid_overflow_redline_804039550d_docxodus.pdf,37395946449613ecc52ce7104625a93eeb90e032d563f103cd6bb171352abc92
9f6091a4ac_super_editor__threaded_comment_27bda0ba__vs__776a437291_behavior__two_column_simple_e77be963_redline_d600d0c446,d600d0c446,with_comments_tracking,word_redlines_superdoc,fresh,/Users/arthrod/temp/T/compare_regen/out/d600d0c446__vs__d600d0c446.pdf,e8f5fcaf0f6909d4412b6b4932227d2c53f0f32ada1b7d14ba2eaa4930c406f9,/Users/arthrod/temp/T/neurotic_docx_bench/results/redlines_0929_full/docxodus/pdf_by_word/9f6091a4ac_super_editor__threaded_comment_27bda0ba__vs__776a437291_behavior__two_column_simple_e77be963_redline_a954a57308_docxodus.pdf,711082c036e559cc898bbe53b8eda8214729ebc5adef0b686c96e2993cc57ebc
778598c773_1_5_line_spacing_id_paraid_overflow__vs__14d3f7889a_24_id_paraid_overflow_redline_d67fac1454,d67fac1454,tracking_without_comments,nocomments,corpus,/Users/arthrod/temp/T/neurotic_docx_bench/corpus/word/tracking_without_comments/pdf/778598c773_1_5_line_spacing_id_paraid_overflow__vs__14d3f7889a_24_id_paraid_overflow_redline_d67fac1454.pdf,de05ccd6fcbf383f675ffd94274554da4cb47eafb924b1ef363adf29f5b5ad81,/Users/arthrod/temp/T/neurotic_docx_bench/results/redlines_0929_full/docxodus/pdf_by_word/778598c773_1_5_line_spacing_id_paraid_overflow__vs__14d3f7889a_24_id_paraid_overflow_redline_d67fac1454_docxodus.pdf,09506333ba9e801e9ca65a6e3e6a49a14b104c0634e5ac31d0f5c52a65fd55e0
97c3dd2e86_docx_lots_of_comments_addition_redline_addition__vs__9f5481078e_docx_lots_of_comments_addition_redline_redline_d6b1d609c1,d6b1d609c1,with_comments_tracking,word_based_0926,fresh,/Users/arthrod/temp/T/compare_regen/out/d6b1d609c1__vs__d6b1d609c1.pdf,059652cbb58a4267c5ba0325264682cbc199a486d916f2c04d15d42556a1173a,/Users/arthrod/temp/T/neurotic_docx_bench/results/redlines_0929_full/docxodus/pdf_by_word/97c3dd2e86_docx_lots_of_comments_addition_redline_addition__vs__9f5481078e_docx_lots_of_comments_addition_redline_redline_2d65e392ab_docxodus.pdf,b6a223b2c1b772f1c28c838509d1086b1723b3208ddac38ba43f77785b503d3c
3539cf2404_cli_legacy__replace_test_0a793f01__vs__a21c45464c_super_editor__shape_group_ce60e1e6_redline_d6eb2a4115,d6eb2a4115,with_comments_tracking,word_redlines_superdoc,fresh,/Users/arthrod/temp/T/compare_regen/out/d6eb2a4115__vs__d6eb2a4115.pdf,488e9d49e23b5fd5bbf0b1a2f7ba61f8f2509a74a7072db2e5e6be42b277eacf,/Users/arthrod/temp/T/neurotic_docx_bench/results/redlines_0929_full/docxodus/pdf_by_word/3539cf2404_cli_legacy__replace_test_0a793f01__vs__a21c45464c_super_editor__shape_group_ce60e1e6_redline_d6eb2a4115_docxodus.pdf,02ed1facab181651c2e7ca939bfa28ef6da92fd6796f8d226395f97e03ab0980
75b13139d1_01424129e67ac16566c504bbb091d985cb6316a08abf5730__vs__bd3824dd1e_000ee64ef7226d353297888f59a251e24ce5d776fea000fa_redline_d86567e8af,d86567e8af,tracking_without_comments,redlines_a100_b10,corpus,/Users/arthrod/temp/T/neurotic_docx_bench/corpus/word/tracking_without_comments/pdf/75b13139d1_01424129e67ac16566c504bbb091d985cb6316a08abf5730__vs__bd3824dd1e_000ee64ef7226d353297888f59a251e24ce5d776fea000fa_redline_d86567e8af.pdf,71a592935ce08ce35ddf52f1c1a20d43b1214b8aa7562bcb15795587996b6d26,/Users/arthrod/temp/T/neurotic_docx_bench/results/redlines_0929_full/docxodus/pdf_by_word/75b13139d1_01424129e67ac16566c504bbb091d985cb6316a08abf5730__vs__bd3824dd1e_000ee64ef7226d353297888f59a251e24ce5d776fea000fa_redline_d86567e8af_docxodus.pdf,f217023bdadecdf43a2b2e84c1a71dd71f6b9783f51ffc314972b57db9a8c510
c2965a9277_file_125__vs__99abd76716_file_126_redline_d8e7ae0e58,d8e7ae0e58,tracking_without_comments,nocomments_randomized,corpus,/Users/arthrod/temp/T/neurotic_docx_bench/corpus/word/tracking_without_comments/pdf/c2965a9277_file_125__vs__99abd76716_file_126_redline_d8e7ae0e58.pdf,7bd9eaf95daa396cc302d4174fb7ac265041007a74c7e1e4a2a7dd1a8ea237e8,/Users/arthrod/temp/T/neurotic_docx_bench/results/redlines_0929_full/docxodus/pdf_by_word/c2965a9277_file_125__vs__99abd76716_file_126_redline_d8e7ae0e58_docxodus.pdf,8278568b6b2696599f1cc5ba9105219fd188ba68fa3e41fe85d679f1641795b6
2ad2fc5ab0_super_editor__diff_before10_2f84ca55__vs__84f5fb598b_super_editor__diff_before11_1b953eaf_redline_da86d0513e,da86d0513e,with_comments_tracking,word_redlines_superdoc_0926,fresh,/Users/arthrod/temp/T/compare_regen/out/da86d0513e__vs__da86d0513e.pdf,9271bb04e8a2a137483c8e68d978b5c2869e8df1e10aa4afd39cfbf582def5d4,/Users/arthrod/temp/T/neurotic_docx_bench/results/redlines_0929_full/docxodus/pdf_by_word/2ad2fc5ab0_super_editor__diff_before10_2f84ca55__vs__84f5fb598b_super_editor__diff_before11_1b953eaf_redline_da86d0513e_docxodus.pdf,7a1ce2735155d7576fc7682049f11c4fa82f695f07f8f7dc2b1b54a52446dd3c
017c22e2a3_heading_3_style_demo_id_paraid_overflow_2__vs__e0e6c96bb7_heading_3_style_demo_id_paraid_overflow_redline_db52aa8564,db52aa8564,tracking_without_comments,fixtures_word_compares;pdf_fill_0928,fresh,/Users/arthrod/temp/T/compare_regen/out/db52aa8564__vs__db52aa8564.pdf,6fe30715d7bcb18b435b3096842592fa7d8a1c3fd26513882019f1c2b7f4881a,/Users/arthrod/temp/T/neurotic_docx_bench/results/redlines_0929_full/docxodus/pdf_by_word/017c22e2a3_heading_3_style_demo_id_paraid_overflow_2__vs__e0e6c96bb7_heading_3_style_demo_id_paraid_overflow_redline_2a01fde7a0_docxodus.pdf,2271b2eb07eec93ec8a2cef8e3c9554299a11e04701302296c376a26fc6fff69
45e6f5a2e1_00077bf334f45f6bc64fb5b73e579587002b3ccb55de03f8__vs__a5f2b9318d_002aa60c2ae1187417b4b157c5ec6450324cc056ec551a12_redline_dbf06e1ebf,dbf06e1ebf,tracking_without_comments,redlines_a100_b10,corpus,/Users/arthrod/temp/T/neurotic_docx_bench/corpus/word/tracking_without_comments/pdf/45e6f5a2e1_00077bf334f45f6bc64fb5b73e579587002b3ccb55de03f8__vs__a5f2b9318d_002aa60c2ae1187417b4b157c5ec6450324cc056ec551a12_redline_dbf06e1ebf.pdf,544b3f1c581b426dbabda138dfb9d02a904eac8e410647ecd48fc3da52814f77,/Users/arthrod/temp/T/neurotic_docx_bench/results/redlines_0929_full/docxodus/pdf_by_word/45e6f5a2e1_00077bf334f45f6bc64fb5b73e579587002b3ccb55de03f8__vs__a5f2b9318d_002aa60c2ae1187417b4b157c5ec6450324cc056ec551a12_redline_dbf06e1ebf_docxodus.pdf,e8fa36876e386408c568611a1d719c901ed268e945425be12bbd7d8260211154
01d1b3da75_table_bookmark_end__vs__45c1c5abec_table_vmerge_colspan_redline_dc2cb3c667,dc2cb3c667,tracking_without_comments,word_based_0926,corpus,/Users/arthrod/temp/T/neurotic_docx_bench/corpus/word/tracking_without_comments/pdf/01d1b3da75_table_bookmark_end__vs__45c1c5abec_table_vmerge_colspan_redline_dc2cb3c667.pdf,90ab8e05ccebbfbc93ff7a68956057dfd6888b2a2d31460d38f0685fa1c0f9a0,/Users/arthrod/temp/T/neurotic_docx_bench/results/redlines_0929_full/docxodus/pdf_by_word/01d1b3da75_table_bookmark_end__vs__45c1c5abec_table_vmerge_colspan_redline_6e159e8a9b_docxodus.pdf,8f059e78ab15ef0148d787c0538d915d32c2d36134ec267b4e5d347f276a9417
812c0181d7_file_68__vs__4304570867_file_69_redline_dd2370e500,dd2370e500,with_comments_tracking,word_based_randomized_0926,fresh,/Users/arthrod/temp/T/compare_regen/out/dd2370e500__vs__dd2370e500.pdf,d52a1562944b3ab4a2d50cc29cc5466309176152b29d20009181945c9d709f81,/Users/arthrod/temp/T/neurotic_docx_bench/results/redlines_0929_full/docxodus/pdf_by_word/812c0181d7_file_68__vs__4304570867_file_69_redline_b83c047cac_docxodus.pdf,06b0a3f2218cd3bc15191b464ac33e15370c09b8995662ca194a7b58a68de758
aa58aada65_00160046fb2516a560a9681d7ae3e6f4659af57d19555d4e__vs__333bfe069a_003416d620331122b93b434dad901db5836f60d2cad4b533_redline_dd43ad9d3c,dd43ad9d3c,tracking_without_comments,redlines_a100_b10,corpus,/Users/arthrod/temp/T/neurotic_docx_bench/corpus/word/tracking_without_comments/pdf/aa58aada65_00160046fb2516a560a9681d7ae3e6f4659af57d19555d4e__vs__333bfe069a_003416d620331122b93b434dad901db5836f60d2cad4b533_redline_dd43ad9d3c.pdf,906e5f607e6450b7a59de357f7ff4393f4c74f5ee0e2e69eb8da89c092c37a56,/Users/arthrod/temp/T/neurotic_docx_bench/results/redlines_0929_full/docxodus/pdf_by_word/aa58aada65_00160046fb2516a560a9681d7ae3e6f4659af57d19555d4e__vs__333bfe069a_003416d620331122b93b434dad901db5836f60d2cad4b533_redline_dd43ad9d3c_docxodus.pdf,a6f143fdf17f2e9f08b56e7635185c52f5e680356ad6cd413df085ece8beb496
058cd936de_super_editor__image_doc_c7d007ac__vs__3ad13eed3d_evals__document_9bff7e1b_redline_dd5bc80bc2,dd5bc80bc2,tracking_without_comments,word_redlines_superdoc_0926,corpus,/Users/arthrod/temp/T/neurotic_docx_bench/corpus/word/tracking_without_comments/pdf/058cd936de_super_editor__image_doc_c7d007ac__vs__3ad13eed3d_evals__document_9bff7e1b_redline_dd5bc80bc2.pdf,9e6dcf049fd07093f76099b6b8e283f12911b35b18923ac06f506965dd99f4ee,/Users/arthrod/temp/T/neurotic_docx_bench/results/redlines_0929_full/docxodus/pdf_by_word/058cd936de_super_editor__image_doc_c7d007ac__vs__3ad13eed3d_evals__document_9bff7e1b_redline_a70f51680b_docxodus.pdf,4f36e21e8674cd4bcebfde36d22312dba5406a2b65ce7594035b856eb9e1a99a
86dc9f8b89_d9741e94a77e8a33fb7135c224d58a30ff22d024d8006678__vs__bf59b6619e_f0c319ff40c294c3ca967fc6067d6ba582481a6f2073b112_redline_ddb7863a39,ddb7863a39,tracking_without_comments,redlines_en_500,corpus,/Users/arthrod/temp/T/neurotic_docx_bench/corpus/word/tracking_without_comments/pdf/86dc9f8b89_d9741e94a77e8a33fb7135c224d58a30ff22d024d8006678__vs__bf59b6619e_f0c319ff40c294c3ca967fc6067d6ba582481a6f2073b112_redline_ddb7863a39.pdf,fb38fac582173c7031dbf579046c11d838fbbf0adb2c549389ce05e4751a35fb,/Users/arthrod/temp/T/neurotic_docx_bench/results/redlines_0929_full/docxodus/pdf_by_word/86dc9f8b89_d9741e94a77e8a33fb7135c224d58a30ff22d024d8006678__vs__bf59b6619e_f0c319ff40c294c3ca967fc6067d6ba582481a6f2073b112_redline_ddb7863a39_docxodus.pdf,2b92e01043f7cb043a547282f7237695e828be1db4804b9f6f28ecc2a7b94395
563331c6f3_super_editor__broken_complex_list_293fda86__vs__ee61fb4ab3_super_editor__base_ordered_fdff1fb2_redline_de5d39e43e,de5d39e43e,tracking_without_comments,word_redlines_superdoc_0926,corpus,/Users/arthrod/temp/T/neurotic_docx_bench/corpus/word/tracking_without_comments/pdf/563331c6f3_super_editor__broken_complex_list_293fda86__vs__ee61fb4ab3_super_editor__base_ordered_fdff1fb2_redline_de5d39e43e.pdf,cc756e165b8d32bed635853b63044655eeb46fdea4bca68d178b97f46959f40e,/Users/arthrod/temp/T/neurotic_docx_bench/results/redlines_0929_full/docxodus/pdf_by_word/563331c6f3_super_editor__broken_complex_list_293fda86__vs__ee61fb4ab3_super_editor__base_ordered_fdff1fb2_redline_2fcd65ddc4_docxodus.pdf,6601d45001da26f6084db0cdf99110f7c25009a200c7401a1d3360df1ecd09e5
f71a12ee23_super_editor__fields_attrs1_83837249__vs__3539cf2404_cli_legacy__replace_test_0a793f01_redline_deb8669aa8,deb8669aa8,with_comments_tracking,word_redlines_superdoc_0926,fresh,/Users/arthrod/temp/T/compare_regen/out/deb8669aa8__vs__deb8669aa8.pdf,c6328518a06f3d7fa88ee0d439ff6196eeb3e7f4ae4c53d584de0e42f98aab03,/Users/arthrod/temp/T/neurotic_docx_bench/results/redlines_0929_full/docxodus/pdf_by_word/f71a12ee23_super_editor__fields_attrs1_83837249__vs__3539cf2404_cli_legacy__replace_test_0a793f01_redline_7a1d3fbeba_docxodus.pdf,ac59b9dcdbd9d06c6670e8177aa08f0e9cf6466a04f5a508e51ecb304c5a3520
95c855b9a0_001671bbb68c5b9ebebebfc8be69252ccc195babb3129278__vs__aa5340125d_00a4b0b91e9b5b072dc3771391c2d608518690eccf44eae8_redline_ded01ca406,ded01ca406,tracking_without_comments,redlines_a100_b10,corpus,/Users/arthrod/temp/T/neurotic_docx_bench/corpus/word/tracking_without_comments/pdf/95c855b9a0_001671bbb68c5b9ebebebfc8be69252ccc195babb3129278__vs__aa5340125d_00a4b0b91e9b5b072dc3771391c2d608518690eccf44eae8_redline_ded01ca406.pdf,3ed52ed9fc7a9019661eeea081c19bc167d0a019f87ed735b270da0d4b41d252,/Users/arthrod/temp/T/neurotic_docx_bench/results/redlines_0929_full/docxodus/pdf_by_word/95c855b9a0_001671bbb68c5b9ebebebfc8be69252ccc195babb3129278__vs__aa5340125d_00a4b0b91e9b5b072dc3771391c2d608518690eccf44eae8_redline_ded01ca406_docxodus.pdf,5e0a3c2660780600ac51f965f67bef5781f1c9fb808183bbcb43c425e2492b41
43dd6753e6_super_editor__diff_before7_5bad2542__vs__e70f1134dd_super_editor__diff_before8_ba5faa9e_redline_ded976e5e2,ded976e5e2,with_comments_tracking,word_redlines_superdoc,fresh,/Users/arthrod/temp/T/compare_regen/out/ded976e5e2__vs__ded976e5e2.pdf,920b4aa10b1feef29fa075af8a5ed8159152ba925ac2815acf50d5fb0c2af55f,/Users/arthrod/temp/T/neurotic_docx_bench/results/redlines_0929_full/docxodus/pdf_by_word/43dd6753e6_super_editor__diff_before7_5bad2542__vs__e70f1134dd_super_editor__diff_before8_ba5faa9e_redline_4ca4e25a83_docxodus.pdf,8c14fce788edccea0e486c1c179561ce311c51a38997626ec20715cc24bb9299
8a553b35e4_super_editor__doc_with_spaces_from_styles_734ca2__vs__b5a6dd6c66_super_editor__diff_before_019353a2_redline_df196213a7,df196213a7,tracking_without_comments,word_redlines_superdoc_0926,corpus,/Users/arthrod/temp/T/neurotic_docx_bench/corpus/word/tracking_without_comments/pdf/8a553b35e4_super_editor__doc_with_spaces_from_styles_734ca2__vs__b5a6dd6c66_super_editor__diff_before_019353a2_redline_df196213a7.pdf,1e2489dbc396879d44e4871ca1ce4467a3988a2433772b9f6a22f157e915deff,/Users/arthrod/temp/T/neurotic_docx_bench/results/redlines_0929_full/docxodus/pdf_by_word/8a553b35e4_super_editor__doc_with_spaces_from_styles_734ca2__vs__b5a6dd6c66_super_editor__diff_before_019353a2_redline_2210596a5e_docxodus.pdf,e905b3f13f6fb598a94da3f1ac528ec3c28dace285a4a74db46a7eef5631833b
29379c07bf_002adf0715eed4d213774c26c60c78624c2a3cbb3d0397d2__vs__2773adf157_0004c94ca2a8684d47449bb0e7abf87de1df71a7e6543252_redline_dfc890ebe7,dfc890ebe7,tracking_without_comments,redlines_a100_b10,corpus,/Users/arthrod/temp/T/neurotic_docx_bench/corpus/word/tracking_without_comments/pdf/29379c07bf_002adf0715eed4d213774c26c60c78624c2a3cbb3d0397d2__vs__2773adf157_0004c94ca2a8684d47449bb0e7abf87de1df71a7e6543252_redline_dfc890ebe7.pdf,8a240c16663cce812ec493cc3423ca0c3a9eb52aac27a03987448be69efc3ac9,/Users/arthrod/temp/T/neurotic_docx_bench/results/redlines_0929_full/docxodus/pdf_by_word/29379c07bf_002adf0715eed4d213774c26c60c78624c2a3cbb3d0397d2__vs__2773adf157_0004c94ca2a8684d47449bb0e7abf87de1df71a7e6543252_redline_dfc890ebe7_docxodus.pdf,19f0cdb96b0c8673a1754c1183a82b5afc208141d2e9dd520a7ec2de6e0184f5
725cdbebe3_0013892c946c551d309fcec9bb3f3500fc08bc77121a3849__vs__bd3824dd1e_000ee64ef7226d353297888f59a251e24ce5d776fea000fa_redline_dfeccd76d2,dfeccd76d2,tracking_without_comments,redlines_a100_b10,corpus,/Users/arthrod/temp/T/neurotic_docx_bench/corpus/word/tracking_without_comments/pdf/725cdbebe3_0013892c946c551d309fcec9bb3f3500fc08bc77121a3849__vs__bd3824dd1e_000ee64ef7226d353297888f59a251e24ce5d776fea000fa_redline_dfeccd76d2.pdf,0d3b28b1016f66d5fd6d0559649437289f9e1df158e1a2b49c4a54d1b1c41039,/Users/arthrod/temp/T/neurotic_docx_bench/results/redlines_0929_full/docxodus/pdf_by_word/725cdbebe3_0013892c946c551d309fcec9bb3f3500fc08bc77121a3849__vs__bd3824dd1e_000ee64ef7226d353297888f59a251e24ce5d776fea000fa_redline_dfeccd76d2_docxodus.pdf,035156fe6e59cfe95e5a20c166b82cb24124f73b65d042f33054b0297e6518dc
899ef4306e_0017891576e438292c35db3155e97d16ec0d68144e21bfc3__vs__deff0e697a_00b5defcad6e58038eac35472a2d48c89905068e5ece0cc3_redline_e0ba0467a2,e0ba0467a2,tracking_without_comments,redlines_a100_b10,corpus,/Users/arthrod/temp/T/neurotic_docx_bench/corpus/word/tracking_without_comments/pdf/899ef4306e_0017891576e438292c35db3155e97d16ec0d68144e21bfc3__vs__deff0e697a_00b5defcad6e58038eac35472a2d48c89905068e5ece0cc3_redline_e0ba0467a2.pdf,9a8d15e22ca7bb685e31eff6a8a9af788773f4b9022c74fca28e608f8a6a3009,/Users/arthrod/temp/T/neurotic_docx_bench/results/redlines_0929_full/docxodus/pdf_by_word/899ef4306e_0017891576e438292c35db3155e97d16ec0d68144e21bfc3__vs__deff0e697a_00b5defcad6e58038eac35472a2d48c89905068e5ece0cc3_redline_e0ba0467a2_docxodus.pdf,5d6f129488bf7f30110c0639903927f065621c93433696f57f990034ba91aea5
a94f5abc6f_file_155__vs__b373229160_file_156_redline_e0dd866330,e0dd866330,tracking_without_comments,nocomments_randomized,corpus,/Users/arthrod/temp/T/neurotic_docx_bench/corpus/word/tracking_without_comments/pdf/a94f5abc6f_file_155__vs__b373229160_file_156_redline_e0dd866330.pdf,eba26dc7b87bccadb9ab3eaa94f79052b75aa44fde6a323ec9c07402603da3e2,/Users/arthrod/temp/T/neurotic_docx_bench/results/redlines_0929_full/docxodus/pdf_by_word/a94f5abc6f_file_155__vs__b373229160_file_156_redline_e0dd866330_docxodus.pdf,bae1f1199e0d09d709e058ed15d3bc2c78cc8638d55e29cf1863f096b53f8261
8a553b35e4_super_editor__doc_with_spaces_from_styles_734ca2__vs__de3c6fded9_super_editor__doc_with_spacing_e3d47bd7_redline_e0f213a660,e0f213a660,tracking_without_comments,word_redlines_superdoc_0926,corpus,/Users/arthrod/temp/T/neurotic_docx_bench/corpus/word/tracking_without_comments/pdf/8a553b35e4_super_editor__doc_with_spaces_from_styles_734ca2__vs__de3c6fded9_super_editor__doc_with_spacing_e3d47bd7_redline_e0f213a660.pdf,310d916f3bdb6b20aed04f94ab1823c0dabc68ca22a668e93a6da60c51d56abd,/Users/arthrod/temp/T/neurotic_docx_bench/results/redlines_0929_full/docxodus/pdf_by_word/8a553b35e4_super_editor__doc_with_spaces_from_styles_734ca2__vs__de3c6fded9_super_editor__doc_with_spacing_e3d47bd7_redline_d239049a2f_docxodus.pdf,2e85b7da4dbfdf29ad5f4864c3565e38face26dc2c5a35681785d086cd6587d2
bb35ae41ba_evals__comments_doc_79800b37__vs__9322444a3f_behavior__sd_2888_hyperlink_with_ampersand_aaaac_redline_e11f5f1915,e11f5f1915,with_comments_tracking,word_redlines_superdoc,fresh,/Users/arthrod/temp/T/compare_regen/out/e11f5f1915__vs__e11f5f1915.pdf,384622a6c657288a0ed36f4b6d3c328603eb07fdfa30a36e029923c7c71a0666,/Users/arthrod/temp/T/neurotic_docx_bench/results/redlines_0929_full/docxodus/pdf_by_word/bb35ae41ba_evals__comments_doc_79800b37__vs__9322444a3f_behavior__sd_2888_hyperlink_with_ampersand_aaaac_redline_e11f5f1915_docxodus.pdf,d0d02798b66859d8f278facf53c98033144df0a502d447e23180656cb0783a5a
b39182a410_subscript_demo_style_default_missing__vs__ec45d7fc58_subtitle_style_demo_id_paraid_overflow_redline_e1bf5187ee,e1bf5187ee,tracking_without_comments,word_based_0926,corpus,/Users/arthrod/temp/T/neurotic_docx_bench/corpus/word/tracking_without_comments/pdf/b39182a410_subscript_demo_style_default_missing__vs__ec45d7fc58_subtitle_style_demo_id_paraid_overflow_redline_e1bf5187ee.pdf,a159b4e46bf61e33c837ae628dee37baaa0245879ec29236db071d6f1dc60dd7,/Users/arthrod/temp/T/neurotic_docx_bench/results/redlines_0929_full/docxodus/pdf_by_word/b39182a410_subscript_demo_style_default_missing__vs__ec45d7fc58_subtitle_style_demo_id_paraid_overflow_redline_050304bad7_docxodus.pdf,64ade3969a3b3ee85ae3bb0217a25af25d7787e1b6348aa0f57bf3b8aeaed284
62732368d5_7b6493614245aae298d715fbe16d4a4945f5ebed862c1354__vs__e91e59eaac_d53121ceeb633df57b8f83f852ee91b3143ce8915a7ef81b_redline_e1c52dc7f9,e1c52dc7f9,tracking_without_comments,redlines_en_500,corpus,/Users/arthrod/temp/T/neurotic_docx_bench/corpus/word/tracking_without_comments/pdf/62732368d5_7b6493614245aae298d715fbe16d4a4945f5ebed862c1354__vs__e91e59eaac_d53121ceeb633df57b8f83f852ee91b3143ce8915a7ef81b_redline_e1c52dc7f9.pdf,66dfd156ed4b852c991e9da8bbf02dcda45c3cd1f3675edd2e2c21399d432663,/Users/arthrod/temp/T/neurotic_docx_bench/results/redlines_0929_full/docxodus/pdf_by_word/62732368d5_7b6493614245aae298d715fbe16d4a4945f5ebed862c1354__vs__e91e59eaac_d53121ceeb633df57b8f83f852ee91b3143ce8915a7ef81b_redline_e1c52dc7f9_docxodus.pdf,64f0c494744f628076f3aaa02e30ece1009e2df43bc91ab7649cc53d06626a65
799980e6af_file_12__vs__2bd5ae6064_file_13_redline_e212b559b2,e212b559b2,with_comments_tracking,word_based_randomized_0926,fresh,/Users/arthrod/temp/T/compare_regen/out/e212b559b2__vs__e212b559b2.pdf,fed358821eb1b77aadfa7fdbdd776f82904be6dd313f76fe981ff48eeb91ad94,/Users/arthrod/temp/T/neurotic_docx_bench/results/redlines_0929_full/docxodus/pdf_by_word/799980e6af_file_12__vs__2bd5ae6064_file_13_redline_612a3c24fa_docxodus.pdf,5823bd2a24e2d37a1d52d50d9077c584c84652665590168c42884407694253af
970fd9303f_sample_document_word_repair_of_our_output_word_r__vs__e355cec096_small_font_size_demo_id_paraid_overflow_redline_e2b71d27e7,e2b71d27e7,with_comments_tracking,word_based_0926,fresh,/Users/arthrod/temp/T/compare_regen/out/e2b71d27e7__vs__e2b71d27e7.pdf,38d39e91de7ddc17c1051e593861a8927523105f43992163d70c1c0de74cc915,/Users/arthrod/temp/T/neurotic_docx_bench/results/redlines_0929_full/docxodus/pdf_by_word/970fd9303f_sample_document_word_repair_of_our_output_word_r__vs__e355cec096_small_font_size_demo_id_paraid_overflow_redline_aa31228e52_docxodus.pdf,4ca8bb611d54e668fc5909271fe06515a3e1ea7859b965fcd4a4caf0763b4fda
38694026fb_0003b3ae2b115676d918e72f694790ddb64563721bb4a48d__vs__deff0e697a_00b5defcad6e58038eac35472a2d48c89905068e5ece0cc3_redline_e3cc1c7993,e3cc1c7993,tracking_without_comments,redlines_a100_b10,corpus,/Users/arthrod/temp/T/neurotic_docx_bench/corpus/word/tracking_without_comments/pdf/38694026fb_0003b3ae2b115676d918e72f694790ddb64563721bb4a48d__vs__deff0e697a_00b5defcad6e58038eac35472a2d48c89905068e5ece0cc3_redline_e3cc1c7993.pdf,6919a4d4e72b317dae8baf350550e2233bef6d3addb2a1bbaa8934582792d3ba,/Users/arthrod/temp/T/neurotic_docx_bench/results/redlines_0929_full/docxodus/pdf_by_word/38694026fb_0003b3ae2b115676d918e72f694790ddb64563721bb4a48d__vs__deff0e697a_00b5defcad6e58038eac35472a2d48c89905068e5ece0cc3_redline_e3cc1c7993_docxodus.pdf,c5fc6035e4311a1938155db5e5d9ea848ef692e5d89ad7839f39fc5a28e7d387
d93f1dafca_sample_document_word_repair_of_our_output_iter2__vs__970fd9303f_sample_document_word_repair_of_our_output_word_r_redline_e47152cecc,e47152cecc,with_comments_tracking,word_based;fixtures_word_compares,fresh,/Users/arthrod/temp/T/compare_regen/out/e47152cecc__vs__e47152cecc.pdf,ab5bcfa04517ea454611e2aa1df340f4b5c60930330641e3e9080e2ef752eb05,/Users/arthrod/temp/T/neurotic_docx_bench/results/redlines_0929_full/docxodus/pdf_by_word/d93f1dafca_sample_document_word_repair_of_our_output_iter2__vs__970fd9303f_sample_document_word_repair_of_our_output_word_r_redline_ace788a217_docxodus.pdf,e4556c6ab8f8a50b790cbd31f0abac772914b4706181aa09b8157ab70f253cd8
29379c07bf_002adf0715eed4d213774c26c60c78624c2a3cbb3d0397d2__vs__a5f2b9318d_002aa60c2ae1187417b4b157c5ec6450324cc056ec551a12_redline_e4c9e96f09,e4c9e96f09,tracking_without_comments,redlines_a100_b10,corpus,/Users/arthrod/temp/T/neurotic_docx_bench/corpus/word/tracking_without_comments/pdf/29379c07bf_002adf0715eed4d213774c26c60c78624c2a3cbb3d0397d2__vs__a5f2b9318d_002aa60c2ae1187417b4b157c5ec6450324cc056ec551a12_redline_e4c9e96f09.pdf,7366fd36091a29d7fd719f176b970e813a2cbf60dddc88b968fce3ac821b3f21,/Users/arthrod/temp/T/neurotic_docx_bench/results/redlines_0929_full/docxodus/pdf_by_word/29379c07bf_002adf0715eed4d213774c26c60c78624c2a3cbb3d0397d2__vs__a5f2b9318d_002aa60c2ae1187417b4b157c5ec6450324cc056ec551a12_redline_e4c9e96f09_docxodus.pdf,adcbf510977dee500db9d3b13d580c4c2b0a02920b7d48e56d4f3cf63336dbc5
1547c5df73_file_130__vs__df097720f7_file_131_redline_e4df2c199d,e4df2c199d,with_comments_tracking,word_based_randomized,fresh,/Users/arthrod/temp/T/compare_regen/out/e4df2c199d__vs__e4df2c199d.pdf,6cafc92cb9eb6ebc87803470e19dc3a9e90e9d4c51a0d037878aa2322d1805cd,/Users/arthrod/temp/T/neurotic_docx_bench/results/redlines_0929_full/docxodus/pdf_by_word/1547c5df73_file_130__vs__df097720f7_file_131_redline_2e3f1e261d_docxodus.pdf,2821bf9e0cf2b3a446e69fd6579fe69ff762420a9e572905f2b3157a0bfc311e
266b027513_file_73__vs__f03f54c09d_file_74_redline_e4f8d7c4e5,e4f8d7c4e5,tracking_without_comments,nocomments_randomized,corpus,/Users/arthrod/temp/T/neurotic_docx_bench/corpus/word/tracking_without_comments/pdf/266b027513_file_73__vs__f03f54c09d_file_74_redline_e4f8d7c4e5.pdf,0cd8454aca9366402e494e1ddf25a385b4dbf5691894da42b104191eb5ec3682,/Users/arthrod/temp/T/neurotic_docx_bench/results/redlines_0929_full/docxodus/pdf_by_word/266b027513_file_73__vs__f03f54c09d_file_74_redline_e4f8d7c4e5_docxodus.pdf,0e6ca187113d956e97c45fedb30f338eaad648081546361b509b91a68d9e0abe
1dfdc7d8ec_super_editor__image_inline_and_block_ad6109b3__vs__058cd936de_super_editor__image_doc_c7d007ac_redline_e58f863445,e58f863445,tracking_without_comments,word_redlines_superdoc,corpus,/Users/arthrod/temp/T/neurotic_docx_bench/corpus/word/tracking_without_comments/pdf/1dfdc7d8ec_super_editor__image_inline_and_block_ad6109b3__vs__058cd936de_super_editor__image_doc_c7d007ac_redline_e58f863445.pdf,b75cfb161f35667624855ae933fa6fab801dc05d61316263a0f2bcecfb050f24,/Users/arthrod/temp/T/neurotic_docx_bench/results/redlines_0929_full/docxodus/pdf_by_word/1dfdc7d8ec_super_editor__image_inline_and_block_ad6109b3__vs__058cd936de_super_editor__image_doc_c7d007ac_redline_1e988e063f_docxodus.pdf,74e7f9621526d0d4c72facafd71507a3b5c73015f973231f501331f2ea6f4688
a0738533be_gdocs_comments_export__vs__199cb211b5_super_editor__basic_footnotes_5be96945_redline_e5cff4e8d9,e5cff4e8d9,with_comments_tracking,word_redlines_superdoc,fresh,/Users/arthrod/temp/T/compare_regen/out/e5cff4e8d9__vs__e5cff4e8d9.pdf,a20da0efbc8b0db27b3d793ecb4a226d72a83703546254ccdca8a1a69112e384,/Users/arthrod/temp/T/neurotic_docx_bench/results/redlines_0929_full/docxodus/pdf_by_word/a0738533be_gdocs_comments_export__vs__199cb211b5_super_editor__basic_footnotes_5be96945_redline_6b7f035223_docxodus.pdf,5f0c6b456259e088f8b0b417f123d4e79798d95883a9cdf8dc5959ebb7a57399
286955227d_0134fe85fb88da2accd6637e1c44bdd4f8b7fbb533bd47ba__vs__5203829c7a_001cc92b88566d5f930fe57f25813c0bf52a7bdc72c217d0_redline_e629604db4,e629604db4,tracking_without_comments,redlines_a100_b10,corpus,/Users/arthrod/temp/T/neurotic_docx_bench/corpus/word/tracking_without_comments/pdf/286955227d_0134fe85fb88da2accd6637e1c44bdd4f8b7fbb533bd47ba__vs__5203829c7a_001cc92b88566d5f930fe57f25813c0bf52a7bdc72c217d0_redline_e629604db4.pdf,4d2e776033c0d31cf57228ce20d7e461dfad4e9d45c6dfd7cf57f80fa1f6a8c9,/Users/arthrod/temp/T/neurotic_docx_bench/results/redlines_0929_full/docxodus/pdf_by_word/286955227d_0134fe85fb88da2accd6637e1c44bdd4f8b7fbb533bd47ba__vs__5203829c7a_001cc92b88566d5f930fe57f25813c0bf52a7bdc72c217d0_redline_e629604db4_docxodus.pdf,1f7d167b9ca30b698befbe5176437432510524f9387981098950c0e87396c04d
0b1d0278ce_behavior__math_radical_tests_4c1ce187__vs__4858c9853b_behavior__multi_image_types_b962a2b8_redline_e68181a3c7,e68181a3c7,tracking_without_comments,word_redlines_superdoc_0926,corpus,/Users/arthrod/temp/T/neurotic_docx_bench/corpus/word/tracking_without_comments/pdf/0b1d0278ce_behavior__math_radical_tests_4c1ce187__vs__4858c9853b_behavior__multi_image_types_b962a2b8_redline_e68181a3c7.pdf,758b3a31354dee067e066c2befd816e71dcb79ca1beebd075d91d14a9ed75702,/Users/arthrod/temp/T/neurotic_docx_bench/results/redlines_0929_full/docxodus/pdf_by_word/0b1d0278ce_behavior__math_radical_tests_4c1ce187__vs__4858c9853b_behavior__multi_image_types_b962a2b8_redline_6130625780_docxodus.pdf,63cb5e2a02e29096d814c2290cdde2bbd8e08d0b4fecfb1d8da70e129137f5c1
4ed1b6d133_0020e4099d611a050ed83fb7e0b16d6f48200018bbb1e757__vs__a5f2b9318d_002aa60c2ae1187417b4b157c5ec6450324cc056ec551a12_redline_e87c7d62ef,e87c7d62ef,tracking_without_comments,redlines_a100_b10,corpus,/Users/arthrod/temp/T/neurotic_docx_bench/corpus/word/tracking_without_comments/pdf/4ed1b6d133_0020e4099d611a050ed83fb7e0b16d6f48200018bbb1e757__vs__a5f2b9318d_002aa60c2ae1187417b4b157c5ec6450324cc056ec551a12_redline_e87c7d62ef.pdf,e629560e42640571fdca6917e4a1aa7188d2a2970d53fc7b39c1ab718f308b29,/Users/arthrod/temp/T/neurotic_docx_bench/results/redlines_0929_full/docxodus/pdf_by_word/4ed1b6d133_0020e4099d611a050ed83fb7e0b16d6f48200018bbb1e757__vs__a5f2b9318d_002aa60c2ae1187417b4b157c5ec6450324cc056ec551a12_redline_e87c7d62ef_docxodus.pdf,a89e12be0dcb18e535a545d4fd6cd2449238b31f18514d243c9099e66758c063
08286ffbfb_super_editor__basic_resolved_comment_cac5a1b0__vs__5fa01813d3_super_editor__basic_table_shading_d3212ffd_redline_e89c50b8fe,e89c50b8fe,with_comments_tracking,word_redlines_superdoc_0926,fresh,/Users/arthrod/temp/T/compare_regen/out/e89c50b8fe__vs__e89c50b8fe.pdf,13794395211200b5a6039016727b1c170ddaf4534761f07042275e1833e5f4d7,/Users/arthrod/temp/T/neurotic_docx_bench/results/redlines_0929_full/docxodus/pdf_by_word/08286ffbfb_super_editor__basic_resolved_comment_cac5a1b0__vs__5fa01813d3_super_editor__basic_table_shading_d3212ffd_redline_3fdab4ace6_docxodus.pdf,fdeb482f5caff4a712464a47006172d55e20b8d3f086f977f285743ee085f937
a3df367231_001a6655d72fbecf6a1d10e479eee052a779d6ba1d0848d7__vs__bd3824dd1e_000ee64ef7226d353297888f59a251e24ce5d776fea000fa_redline_e9bf31a541,e9bf31a541,tracking_without_comments,redlines_a100_b10,corpus,/Users/arthrod/temp/T/neurotic_docx_bench/corpus/word/tracking_without_comments/pdf/a3df367231_001a6655d72fbecf6a1d10e479eee052a779d6ba1d0848d7__vs__bd3824dd1e_000ee64ef7226d353297888f59a251e24ce5d776fea000fa_redline_e9bf31a541.pdf,74042440959450fdf027ab9bb237bd24a8279c91155ba2adc196766455a9843b,/Users/arthrod/temp/T/neurotic_docx_bench/results/redlines_0929_full/docxodus/pdf_by_word/a3df367231_001a6655d72fbecf6a1d10e479eee052a779d6ba1d0848d7__vs__bd3824dd1e_000ee64ef7226d353297888f59a251e24ce5d776fea000fa_redline_e9bf31a541_docxodus.pdf,2c9e367b842541c238f2ff02f305d3365e5a8dcaf5f52edc5bcda18fece9592d
82348eef4b_multi_section__vs__756fb54224_potpourritest_redline_ea2b188e7f,ea2b188e7f,with_comments_tracking,word_based;fixtures_word_compares;pdf_fill_0928,fresh,/Users/arthrod/temp/T/compare_regen/out/ea2b188e7f__vs__ea2b188e7f.pdf,c7b8d94a53a165b1aa2388b94311b42ed1b6cbfec7121453a11187530bf28e8f,/Users/arthrod/temp/T/neurotic_docx_bench/results/redlines_0929_full/docxodus/pdf_by_word/82348eef4b_multi_section__vs__756fb54224_potpourritest_redline_ae9547abd2_docxodus.pdf,8e64bf18bf46e45d42e211a9eb1122e3b4e2178deffc8eb553d947db2d380131
0bf5192ed0_00afb3e6b2bb1a5ab1e1770ba41f6f455f87472d24ab2767__vs__2773adf157_0004c94ca2a8684d47449bb0e7abf87de1df71a7e6543252_redline_eabf2cede7,eabf2cede7,tracking_without_comments,redlines_a100_b10,corpus,/Users/arthrod/temp/T/neurotic_docx_bench/corpus/word/tracking_without_comments/pdf/0bf5192ed0_00afb3e6b2bb1a5ab1e1770ba41f6f455f87472d24ab2767__vs__2773adf157_0004c94ca2a8684d47449bb0e7abf87de1df71a7e6543252_redline_eabf2cede7.pdf,0ae83fe44f957b824a9867a1e2cbc5f1b8d72d079a998e8ac079e5f6a9be9bf5,/Users/arthrod/temp/T/neurotic_docx_bench/results/redlines_0929_full/docxodus/pdf_by_word/0bf5192ed0_00afb3e6b2bb1a5ab1e1770ba41f6f455f87472d24ab2767__vs__2773adf157_0004c94ca2a8684d47449bb0e7abf87de1df71a7e6543252_redline_eabf2cede7_docxodus.pdf,d48e5754166705143caaa7a12ec7cc64a266ca672ba07145b43e34284b23de9d
b389f55091_super_editor__comment_23ee5ec1__vs__3e50084c2e_super_editor__diff_after16_2a48697a_redline_eb468b0385,eb468b0385,with_comments_tracking,word_redlines_superdoc,fresh,/Users/arthrod/temp/T/compare_regen/out/eb468b0385__vs__eb468b0385.pdf,a5f7c58b525446f3c88b213c1412160cff91efd1c1fd51b7606c3c9e438b2a44,/Users/arthrod/temp/T/neurotic_docx_bench/results/redlines_0929_full/docxodus/pdf_by_word/b389f55091_super_editor__comment_23ee5ec1__vs__3e50084c2e_super_editor__diff_after16_2a48697a_redline_371ef9feed_docxodus.pdf,08e2c6b75fb1b94fecf3e94be6f0a7acd2e7d27d2765c53c45c960e223276c5d
9ef2a93274_super_editor__tab_alignment_test_184edb5d__vs__37f61a9c26_super_editor__tab_test_576c8317_redline_eb889d8159,eb889d8159,tracking_without_comments,word_redlines_superdoc,corpus,/Users/arthrod/temp/T/neurotic_docx_bench/corpus/word/tracking_without_comments/pdf/9ef2a93274_super_editor__tab_alignment_test_184edb5d__vs__37f61a9c26_super_editor__tab_test_576c8317_redline_eb889d8159.pdf,566240344dcdca62f80faf627dfd9a11cce2c437b737cd41d000fedfe43ee664,/Users/arthrod/temp/T/neurotic_docx_bench/results/redlines_0929_full/docxodus/pdf_by_word/9ef2a93274_super_editor__tab_alignment_test_184edb5d__vs__37f61a9c26_super_editor__tab_test_576c8317_redline_eb889d8159_docxodus.pdf,ad46c068ded7b9cb33f171dde3d029010cdfe798f6727b9e52b6618f999fdd11
24ad1aa6e5_docx_lots_of_comments_addition_removal__vs__e57ad0eaa4_docx_lots_of_comments_addition_redline_ebeb91fe7f,ebeb91fe7f,with_comments_tracking,word_based_0926,fresh,/Users/arthrod/temp/T/compare_regen/out/ebeb91fe7f__vs__ebeb91fe7f.pdf,4f772365cf9dc7329dcf17dfdb400c1cd11bbf0b1014dc85b655965b47169524,/Users/arthrod/temp/T/neurotic_docx_bench/results/redlines_0929_full/docxodus/pdf_by_word/24ad1aa6e5_docx_lots_of_comments_addition_removal__vs__e57ad0eaa4_docx_lots_of_comments_addition_redline_a836952933_docxodus.pdf,69e830d3ba7c37c02001ae7f7001acf047172f258867891f393beb46bb866325
7e77c2f888_file_120__vs__525c779243_file_121_redline_ec35cc3904,ec35cc3904,tracking_without_comments,word_based_randomized_0926,corpus,/Users/arthrod/temp/T/neurotic_docx_bench/corpus/word/tracking_without_comments/pdf/7e77c2f888_file_120__vs__525c779243_file_121_redline_ec35cc3904.pdf,57d93f82dbed46ed0c041c0b868c8ffadb3aae592c6ef9f17a6d8a14e648a61b,/Users/arthrod/temp/T/neurotic_docx_bench/results/redlines_0929_full/docxodus/pdf_by_word/7e77c2f888_file_120__vs__525c779243_file_121_redline_0e99767f9f_docxodus.pdf,a74d3391eed18d7e19b3cc2541301b4ee3ca32b2fa14ac374f82cabb180703a8
a5eb266a1f_016236e3bf778292b45976ecd4a34b45d02104f47db7a3ca__vs__1424386e9b_017447de83753a0e3b7afc659df038ef56972925336c6a5b_redline_eca414fecf,eca414fecf,tracking_without_comments,redlines_a100_b10,corpus,/Users/arthrod/temp/T/neurotic_docx_bench/corpus/word/tracking_without_comments/pdf/a5eb266a1f_016236e3bf778292b45976ecd4a34b45d02104f47db7a3ca__vs__1424386e9b_017447de83753a0e3b7afc659df038ef56972925336c6a5b_redline_eca414fecf.pdf,323ca35597fbcf30b728fb88de952953bbca40d2fb64c625655dfffb96608a4c,/Users/arthrod/temp/T/neurotic_docx_bench/results/redlines_0929_full/docxodus/pdf_by_word/a5eb266a1f_016236e3bf778292b45976ecd4a34b45d02104f47db7a3ca__vs__1424386e9b_017447de83753a0e3b7afc659df038ef56972925336c6a5b_redline_eca414fecf_docxodus.pdf,b5b9e7bb808caf5696e1a57ef9a11c1a34608121e47bba4a5fadd7baa5e269fd
5ad6e6d44f_0199027cbf967c88ab833b77e5bc5d629bacecbd40a87c26__vs__1424386e9b_017447de83753a0e3b7afc659df038ef56972925336c6a5b_redline_ede1920163,ede1920163,tracking_without_comments,redlines_a100_b10,corpus,/Users/arthrod/temp/T/neurotic_docx_bench/corpus/word/tracking_without_comments/pdf/5ad6e6d44f_0199027cbf967c88ab833b77e5bc5d629bacecbd40a87c26__vs__1424386e9b_017447de83753a0e3b7afc659df038ef56972925336c6a5b_redline_ede1920163.pdf,4b3d70b7a4da3913f0e3b8ab88630bd24cc061d385138b60b49b693c380acb52,/Users/arthrod/temp/T/neurotic_docx_bench/results/redlines_0929_full/docxodus/pdf_by_word/5ad6e6d44f_0199027cbf967c88ab833b77e5bc5d629bacecbd40a87c26__vs__1424386e9b_017447de83753a0e3b7afc659df038ef56972925336c6a5b_redline_ede1920163_docxodus.pdf,c28e21cdd26a13f97a77c8bf53743d5b30886713f95382c2bff4b1c27f8b0c40
ac0bcc10fe_file_146__vs__9c0dd6b3f6_file_147_redline_ee80941306,ee80941306,with_comments_tracking,word_based_randomized,fresh,/Users/arthrod/temp/T/compare_regen/out/ee80941306__vs__ee80941306.pdf,5522b5d1031ab5afbf5bc0c8bb691ed4f573747dc23883fbc6522957a96b82e5,/Users/arthrod/temp/T/neurotic_docx_bench/results/redlines_0929_full/docxodus/pdf_by_word/ac0bcc10fe_file_146__vs__9c0dd6b3f6_file_147_redline_9c8876c6d7_docxodus.pdf,4e3cdcae49fa3c018f2ff676764834268cc46ae0e331a8420feef463c059fbe9
8e8d328cb4_4f0e4693e69502c6d92893ba330618a8e50711e4760e48d9__vs__db5a90d753_1c521aea2a77a591a11c9fa7ed352309eb5bcdfb978a80cb_redline_eec31d3b47,eec31d3b47,tracking_without_comments,redlines_en_500,corpus,/Users/arthrod/temp/T/neurotic_docx_bench/corpus/word/tracking_without_comments/pdf/8e8d328cb4_4f0e4693e69502c6d92893ba330618a8e50711e4760e48d9__vs__db5a90d753_1c521aea2a77a591a11c9fa7ed352309eb5bcdfb978a80cb_redline_eec31d3b47.pdf,01a1c718bb27fcb4334f683689406dfe42302b9714b0a4a96a33763eda54b4df,/Users/arthrod/temp/T/neurotic_docx_bench/results/redlines_0929_full/docxodus/pdf_by_word/8e8d328cb4_4f0e4693e69502c6d92893ba330618a8e50711e4760e48d9__vs__db5a90d753_1c521aea2a77a591a11c9fa7ed352309eb5bcdfb978a80cb_redline_eec31d3b47_docxodus.pdf,f55f8cf23608ba05f4b3dc9d80aa4491c7351e51e0d250b6883e203c01e733fa
bc514b554e_00d979c97e42f03faff5f49e2a7dfa9afd30996214602e19__vs__deff0e697a_00b5defcad6e58038eac35472a2d48c89905068e5ece0cc3_redline_eecdb1c507,eecdb1c507,tracking_without_comments,redlines_a100_b10,corpus,/Users/arthrod/temp/T/neurotic_docx_bench/corpus/word/tracking_without_comments/pdf/bc514b554e_00d979c97e42f03faff5f49e2a7dfa9afd30996214602e19__vs__deff0e697a_00b5defcad6e58038eac35472a2d48c89905068e5ece0cc3_redline_eecdb1c507.pdf,f7fe22615e4bb0ad6b16a133436551dd5c5121aabcaee5c3b76bf25d4a2d8b1a,/Users/arthrod/temp/T/neurotic_docx_bench/results/redlines_0929_full/docxodus/pdf_by_word/bc514b554e_00d979c97e42f03faff5f49e2a7dfa9afd30996214602e19__vs__deff0e697a_00b5defcad6e58038eac35472a2d48c89905068e5ece0cc3_redline_eecdb1c507_docxodus.pdf,c5348716ec2dbb17ac785cb9c701d0779dd72f900042d095f4820da6e4885d12
3539cf2404_cli_legacy__replace_test_0a793f01__vs__bb35ae41ba_evals__comments_doc_79800b37_redline_eede96cbf6,eede96cbf6,with_comments_tracking,word_redlines_superdoc_0926,fresh,/Users/arthrod/temp/T/compare_regen/out/eede96cbf6__vs__eede96cbf6.pdf,8e5872f1c822d380036b5cabc03b8b98004db45503c77c97afaba892ead0959b,/Users/arthrod/temp/T/neurotic_docx_bench/results/redlines_0929_full/docxodus/pdf_by_word/3539cf2404_cli_legacy__replace_test_0a793f01__vs__bb35ae41ba_evals__comments_doc_79800b37_redline_ce73379cca_docxodus.pdf,53277185b0b089e48b1e3e6334f1eb4588c711f80c5bd72839fc7357871c8223
74afe04686_000416d5ee481974205314977bda4d0b297b97cf56f55f5a__vs__1424386e9b_017447de83753a0e3b7afc659df038ef56972925336c6a5b_redline_eee4f02ca3,eee4f02ca3,tracking_without_comments,redlines_a100_b10,corpus,/Users/arthrod/temp/T/neurotic_docx_bench/corpus/word/tracking_without_comments/pdf/74afe04686_000416d5ee481974205314977bda4d0b297b97cf56f55f5a__vs__1424386e9b_017447de83753a0e3b7afc659df038ef56972925336c6a5b_redline_eee4f02ca3.pdf,8e8811512b22b1e6834588d2473e3c9ee1f2b7c3cf4e44516139a07315746973,/Users/arthrod/temp/T/neurotic_docx_bench/results/redlines_0929_full/docxodus/pdf_by_word/74afe04686_000416d5ee481974205314977bda4d0b297b97cf56f55f5a__vs__1424386e9b_017447de83753a0e3b7afc659df038ef56972925336c6a5b_redline_eee4f02ca3_docxodus.pdf,18b99d105689d4404e65292b2d764803116d968b4dedbcb9d90731fb753ef62d
81f7cad226_009fa3f6b717df4d0e9371d67f305110d5096bc9178134b0__vs__aa5340125d_00a4b0b91e9b5b072dc3771391c2d608518690eccf44eae8_redline_efc01e33db,efc01e33db,tracking_without_comments,redlines_a100_b10,corpus,/Users/arthrod/temp/T/neurotic_docx_bench/corpus/word/tracking_without_comments/pdf/81f7cad226_009fa3f6b717df4d0e9371d67f305110d5096bc9178134b0__vs__aa5340125d_00a4b0b91e9b5b072dc3771391c2d608518690eccf44eae8_redline_efc01e33db.pdf,60db1bcd6379fef2706492adc247255c65d89bcc6305ed9168f223d3a5d0fd8a,/Users/arthrod/temp/T/neurotic_docx_bench/results/redlines_0929_full/docxodus/pdf_by_word/81f7cad226_009fa3f6b717df4d0e9371d67f305110d5096bc9178134b0__vs__aa5340125d_00a4b0b91e9b5b072dc3771391c2d608518690eccf44eae8_redline_efc01e33db_docxodus.pdf,c71a598fdaed7ad515859d0c7a77807de0036a8f05382428637fa41521865b4d
bb35ae41ba_evals__comments_doc_79800b37__vs__3ad13eed3d_evals__document_9bff7e1b_redline_efcf4cdade,efcf4cdade,with_comments_tracking,word_redlines_superdoc,fresh,/Users/arthrod/temp/T/compare_regen/out/efcf4cdade__vs__efcf4cdade.pdf,5336fd64286a72a1971cd0e5c68bca5bb8f3e03bca8c121b00fa1cf6d6f29884,/Users/arthrod/temp/T/neurotic_docx_bench/results/redlines_0929_full/docxodus/pdf_by_word/bb35ae41ba_evals__comments_doc_79800b37__vs__3ad13eed3d_evals__document_9bff7e1b_redline_3b0aa9cb14_docxodus.pdf,609e08d1650c4755377e0980f8dbc9a82f4a7e8bcba17764cd2550adaea54a95
60640bbf85_meeting_minutes_suggesting_insertions__vs__41f0a98a46_numbered_list_demo_id_paraid_overflow_redline_f0bf52cf21,f0bf52cf21,tracking_without_comments,nocomments,corpus,/Users/arthrod/temp/T/neurotic_docx_bench/corpus/word/tracking_without_comments/pdf/60640bbf85_meeting_minutes_suggesting_insertions__vs__41f0a98a46_numbered_list_demo_id_paraid_overflow_redline_f0bf52cf21.pdf,896154870cb5c15749875858d3008b313bb7de7f1f6d52f057943600d9187898,/Users/arthrod/temp/T/neurotic_docx_bench/results/redlines_0929_full/docxodus/pdf_by_word/60640bbf85_meeting_minutes_suggesting_insertions__vs__41f0a98a46_numbered_list_demo_id_paraid_overflow_redline_f0bf52cf21_docxodus.pdf,e1eb8a5d9dcdd3b9ab15e0decce26b1719d2cf698928637543afb5d395148f3b
c21d15c9e9_track_changes_suggesting_center_id_paraid_overfl__vs__e0e59cf962_track_changes_suggesting_heading_id_paraid_overf_redline_f137e740f1,f137e740f1,tracking_without_comments,word_based_0926,corpus,/Users/arthrod/temp/T/neurotic_docx_bench/corpus/word/tracking_without_comments/pdf/c21d15c9e9_track_changes_suggesting_center_id_paraid_overfl__vs__e0e59cf962_track_changes_suggesting_heading_id_paraid_overf_redline_f137e740f1.pdf,d80a13256f0483247feb1be5db3f3f0305e6d4052ee0201b4e67f228ab069565,/Users/arthrod/temp/T/neurotic_docx_bench/results/redlines_0929_full/docxodus/pdf_by_word/c21d15c9e9_track_changes_suggesting_center_id_paraid_overfl__vs__e0e59cf962_track_changes_suggesting_heading_id_paraid_overf_redline_120dc222ce_docxodus.pdf,45cd005d9ba952bc87b185958a3d9893868776b21ef775876018fd4500ed5f4e
2b4475cba6_0021f639e5dbf6c217c8d81a7ac3374624ff9901a5d4b200__vs__bd3824dd1e_000ee64ef7226d353297888f59a251e24ce5d776fea000fa_redline_f1e8654a15,f1e8654a15,tracking_without_comments,redlines_a100_b10,corpus,/Users/arthrod/temp/T/neurotic_docx_bench/corpus/word/tracking_without_comments/pdf/2b4475cba6_0021f639e5dbf6c217c8d81a7ac3374624ff9901a5d4b200__vs__bd3824dd1e_000ee64ef7226d353297888f59a251e24ce5d776fea000fa_redline_f1e8654a15.pdf,626c42582f950e20b858ee33d9b4d05d52383676f0b9f321f2027b9e4f166f3d,/Users/arthrod/temp/T/neurotic_docx_bench/results/redlines_0929_full/docxodus/pdf_by_word/2b4475cba6_0021f639e5dbf6c217c8d81a7ac3374624ff9901a5d4b200__vs__bd3824dd1e_000ee64ef7226d353297888f59a251e24ce5d776fea000fa_redline_f1e8654a15_docxodus.pdf,637b20932fd2722e4ea8c60c529be4fa7939927c431274a4ba5351f5dc132eeb
154fce3ec8_file_186__vs__1fda7fa6e2_file_187_redline_f303456c76,f303456c76,tracking_without_comments,word_based_randomized_0926,corpus,/Users/arthrod/temp/T/neurotic_docx_bench/corpus/word/tracking_without_comments/pdf/154fce3ec8_file_186__vs__1fda7fa6e2_file_187_redline_f303456c76.pdf,fe8545596a62c8b48fc7a6d689ef2f726fd8bcba3ff432b6c0637971e511e8a8,/Users/arthrod/temp/T/neurotic_docx_bench/results/redlines_0929_full/docxodus/pdf_by_word/154fce3ec8_file_186__vs__1fda7fa6e2_file_187_redline_5382cefb5d_docxodus.pdf,76fe32592e294d32e52f636586265cdcc583941b1eaa6495caa6334df44d9efe
daf1fa36c0_red_bold_heading_demo_style_default_missing__vs__3e33de961a_red_bold_text_demo_id_paraid_overflow_redline_f45a6c4e3a,f45a6c4e3a,tracking_without_comments,fixtures_word_compares;pdf_fill_0928,fresh,/Users/arthrod/temp/T/compare_regen/out/f45a6c4e3a__vs__f45a6c4e3a.pdf,25eeb2a1b5f9c5d416be75464a7fe50e9e807fea7af95115fe69b7504ff4e7a4,/Users/arthrod/temp/T/neurotic_docx_bench/results/redlines_0929_full/docxodus/pdf_by_word/daf1fa36c0_red_bold_heading_demo_style_default_missing__vs__3e33de961a_red_bold_text_demo_id_paraid_overflow_redline_2648efbf3a_docxodus.pdf,469fd3f8b1043253ba176d55d57db29146261e3684f0a471e1aac8baf82a7fb4
7962b06671_super_editor__bookmark_use_cases_d20f31f6__vs__7a48682ea5_super_editor__superdoc_hyperlink_cases_1dde9cd3_redline_f47143b5cb,f47143b5cb,tracking_without_comments,word_redlines_superdoc,fresh,/Users/arthrod/temp/T/compare_regen/out/f47143b5cb__vs__f47143b5cb.pdf,856a2ef43301497e7c7f161f2993765069f7738a00da7c245eb592626ded0c59,/Users/arthrod/temp/T/neurotic_docx_bench/results/redlines_0929_full/docxodus/pdf_by_word/7962b06671_super_editor__bookmark_use_cases_d20f31f6__vs__7a48682ea5_super_editor__superdoc_hyperlink_cases_1dde9cd3_redline_f47143b5cb_docxodus.pdf,83e441baada90a3373c88f5fa2172dc4c2f730791729446196832c5b8c9c1c4f
83799a0610_00bced7d0ce7770362c5b667b5e92abefcbfcf5315a2bbf6__vs__2773adf157_0004c94ca2a8684d47449bb0e7abf87de1df71a7e6543252_redline_f4eef0df39,f4eef0df39,tracking_without_comments,redlines_a100_b10,corpus,/Users/arthrod/temp/T/neurotic_docx_bench/corpus/word/tracking_without_comments/pdf/83799a0610_00bced7d0ce7770362c5b667b5e92abefcbfcf5315a2bbf6__vs__2773adf157_0004c94ca2a8684d47449bb0e7abf87de1df71a7e6543252_redline_f4eef0df39.pdf,324184c38409d54d6a02a065f5ae07d82abdc51873b6726f276f2423a39c1c14,/Users/arthrod/temp/T/neurotic_docx_bench/results/redlines_0929_full/docxodus/pdf_by_word/83799a0610_00bced7d0ce7770362c5b667b5e92abefcbfcf5315a2bbf6__vs__2773adf157_0004c94ca2a8684d47449bb0e7abf87de1df71a7e6543252_redline_f4eef0df39_docxodus.pdf,f49840e32643ee5827fbb4420c8c5b872a3c1a1de81d1d5882dc8b2f61aa362c
060415914f_file_63__vs__58d11506a5_file_64_redline_f51694bde0,f51694bde0,tracking_without_comments,word_based_randomized,corpus,/Users/arthrod/temp/T/neurotic_docx_bench/corpus/word/tracking_without_comments/pdf/060415914f_file_63__vs__58d11506a5_file_64_redline_f51694bde0.pdf,e60edde07a6750d7ea6e48a8aedd825b330ae203ebc752d64e0717fec073d28d,/Users/arthrod/temp/T/neurotic_docx_bench/results/redlines_0929_full/docxodus/pdf_by_word/060415914f_file_63__vs__58d11506a5_file_64_redline_f51694bde0_docxodus.pdf,b9d35b93938166c329eb7c4183f0a76a36152398ffeb16a56eb48d592daf1749
2d9166078a_file_24__vs__cec0607d40_file_25_redline_f5345067bd,f5345067bd,tracking_without_comments,word_based_randomized_0926,corpus,/Users/arthrod/temp/T/neurotic_docx_bench/corpus/word/tracking_without_comments/pdf/2d9166078a_file_24__vs__cec0607d40_file_25_redline_f5345067bd.pdf,c8f829eab1e7646b1dd1b73819ff57e857a7788cfd222927e40db0db4f24a161,/Users/arthrod/temp/T/neurotic_docx_bench/results/redlines_0929_full/docxodus/pdf_by_word/2d9166078a_file_24__vs__cec0607d40_file_25_redline_7a7dde5cc0_docxodus.pdf,4b9c5bca5180e8420eec02cb1e9bcc2c78efee572f65616455fcf6b709f73cc5
3539cf2404_cli_legacy__replace_test_0a793f01__vs__a21c45464c_super_editor__shape_group_ce60e1e6_redline_f596a121e7,f596a121e7,with_comments_tracking,word_redlines_superdoc_0926,fresh,/Users/arthrod/temp/T/compare_regen/out/f596a121e7__vs__f596a121e7.pdf,ed4a1f93031093f56051f18084f67c7b1136ce7149d2019a31311342683ee945,/Users/arthrod/temp/T/neurotic_docx_bench/results/redlines_0929_full/docxodus/pdf_by_word/3539cf2404_cli_legacy__replace_test_0a793f01__vs__a21c45464c_super_editor__shape_group_ce60e1e6_redline_d6eb2a4115_docxodus.pdf,02ed1facab181651c2e7ca939bfa28ef6da92fd6796f8d226395f97e03ab0980
1cd4f9ee6c_roboto_font_demo_id_paraid_overflow__vs__6e08e456f6_roboto_underline_demo_id_paraid_overflow_redline_f5e9f6ac8f,f5e9f6ac8f,tracking_without_comments,fixtures_word_compares;pdf_fill_0928,fresh,/Users/arthrod/temp/T/compare_regen/out/f5e9f6ac8f__vs__f5e9f6ac8f.pdf,4528a560a2c0afeccc707fd08d7da2fb899e547c6ca105e3accc9ca22bb7cb7d,/Users/arthrod/temp/T/neurotic_docx_bench/results/redlines_0929_full/docxodus/pdf_by_word/1cd4f9ee6c_roboto_font_demo_id_paraid_overflow__vs__6e08e456f6_roboto_underline_demo_id_paraid_overflow_redline_8f77b9462e_docxodus.pdf,6f8852e588d6ef1d77033e279c563e1dd95c9c3f57fb805a1361e2a0f45a7244
26ccb443f6_file_11__vs__799980e6af_file_12_redline_f64bfdeadc,f64bfdeadc,with_comments_tracking,word_based_randomized_0926,fresh,/Users/arthrod/temp/T/compare_regen/out/f64bfdeadc__vs__f64bfdeadc.pdf,d75cae6cc1b4d5fc138428042a174ee3247eabbfa521e0aa9eb5844f25541f67,/Users/arthrod/temp/T/neurotic_docx_bench/results/redlines_0929_full/docxodus/pdf_by_word/26ccb443f6_file_11__vs__799980e6af_file_12_redline_69e44ac125_docxodus.pdf,02143c92e8b021b810168f1c4de00a7b5f88cf3e89c33b61748a01cb2d94cb64
66cedad6f8_font_color_demo_style_default_missing__vs__9af9772ce2_font_family_demo_id_paraid_overflow_redline_f6aa53210c,f6aa53210c,tracking_without_comments,nocomments,corpus,/Users/arthrod/temp/T/neurotic_docx_bench/corpus/word/tracking_without_comments/pdf/66cedad6f8_font_color_demo_style_default_missing__vs__9af9772ce2_font_family_demo_id_paraid_overflow_redline_f6aa53210c.pdf,5177c5b3aba69f63ee3cb368e68d59e6312ec8fb037228ccaa33cbd774f5d728,/Users/arthrod/temp/T/neurotic_docx_bench/results/redlines_0929_full/docxodus/pdf_by_word/66cedad6f8_font_color_demo_style_default_missing__vs__9af9772ce2_font_family_demo_id_paraid_overflow_redline_f6aa53210c_docxodus.pdf,f5b6d56fbcf5643f17ca7276cc30a4530e061fa85ccda4d5d7a18bb052fd1558
3cf3093270_super_editor__diff_after7_b998213e__vs__735c372b41_super_editor__diff_after8_58e5c288_redline_f6c84129e6,f6c84129e6,with_comments_tracking,word_redlines_superdoc_0926,fresh,/Users/arthrod/temp/T/compare_regen/out/f6c84129e6__vs__f6c84129e6.pdf,17e2204ed2cf1f78810c7b58b1aed2b9de6ea26355f6f611d3355274ab9ebbf5,/Users/arthrod/temp/T/neurotic_docx_bench/results/redlines_0929_full/docxodus/pdf_by_word/3cf3093270_super_editor__diff_after7_b998213e__vs__735c372b41_super_editor__diff_after8_58e5c288_redline_3cddbcb812_docxodus.pdf,b59b385a47dba7a88210723efa292208f5850b5b086fd783410ee87037788391
92589c3e37_super_editor__pre_separated_list_bd330d28__vs__382497a0a8_super_editor__python_docx_comment_test_501f21cb_redline_f72e40955d,f72e40955d,with_comments_tracking,word_redlines_superdoc_0926,fresh,/Users/arthrod/temp/T/compare_regen/out/f72e40955d__vs__f72e40955d.pdf,b9ff1732206a60d77157d8868957d99c7acded3a57564de1af8fdeabf503ae50,/Users/arthrod/temp/T/neurotic_docx_bench/results/redlines_0929_full/docxodus/pdf_by_word/92589c3e37_super_editor__pre_separated_list_bd330d28__vs__382497a0a8_super_editor__python_docx_comment_test_501f21cb_redline_f70e805c70_docxodus.pdf,595946e7e4a074616709f31756d371f3840b79e39d65893930e6a00bd78b4f66
0aa6426932_file_114__vs__ab85c77154_file_115_redline_f7bbf6e831,f7bbf6e831,with_comments_tracking,word_based_randomized,fresh,/Users/arthrod/temp/T/compare_regen/out/f7bbf6e831__vs__f7bbf6e831.pdf,c267cbcc046f122ec6b0c41ba4e829de9a9ca404af2afdfc2be6f88f0f6d4e45,/Users/arthrod/temp/T/neurotic_docx_bench/results/redlines_0929_full/docxodus/pdf_by_word/0aa6426932_file_114__vs__ab85c77154_file_115_redline_f7bbf6e831_docxodus.pdf,87f62dd8a9e61f329362836ab997cab87342bd43a4550399654c938339436838
0728d64a65_file_182__vs__53de8de92b_file_183_redline_f8204b0629,f8204b0629,tracking_without_comments,word_based_randomized,corpus,/Users/arthrod/temp/T/neurotic_docx_bench/corpus/word/tracking_without_comments/pdf/0728d64a65_file_182__vs__53de8de92b_file_183_redline_f8204b0629.pdf,1449d7400b4cdb5d1ad47b3c4710ccd7f8b4525bfc4e26aadbd69e3f96efb927,/Users/arthrod/temp/T/neurotic_docx_bench/results/redlines_0929_full/docxodus/pdf_by_word/0728d64a65_file_182__vs__53de8de92b_file_183_redline_100e81634b_docxodus.pdf,bee27c2c1fd7851c093fa8cb97a38329b540d0064423b1c8c0bc3fdd54b8f57c
df9ffe9a8c_file_16__vs__ec900bd182_file_17_redline_f8286525f6,f8286525f6,tracking_without_comments,nocomments_randomized,corpus,/Users/arthrod/temp/T/neurotic_docx_bench/corpus/word/tracking_without_comments/pdf/df9ffe9a8c_file_16__vs__ec900bd182_file_17_redline_f8286525f6.pdf,06c7f5333e151293e54c19d1f452f3cebbb93d980ff0ba75190e669b3a050add,/Users/arthrod/temp/T/neurotic_docx_bench/results/redlines_0929_full/docxodus/pdf_by_word/df9ffe9a8c_file_16__vs__ec900bd182_file_17_redline_f8286525f6_docxodus.pdf,adfce24bd2979e27f00fa32fed5db58be485adff9f6baffec0037882b99273f1
3e43d24c46_clear_formatting_demo_id_paraid_overflow__vs__adc9f524d1_comments_redline_f88615e5c5,f88615e5c5,with_comments_tracking,word_based_0926,fresh,/Users/arthrod/temp/T/compare_regen/out/f88615e5c5__vs__f88615e5c5.pdf,fab0a10486aefbafd1e62f3853ed1bc7ae9de99f56a41fbffd3eb55c9c714aff,/Users/arthrod/temp/T/neurotic_docx_bench/results/redlines_0929_full/docxodus/pdf_by_word/3e43d24c46_clear_formatting_demo_id_paraid_overflow__vs__adc9f524d1_comments_redline_d484b575c0_docxodus.pdf,1fd9349d910abaf3062734ad25dbbc50404fecdded9878ff65bdcab8a7f27adb
a98d0a8c12_center_alignment_demo_id_paraid_overflow_2__vs__cb340e4c6a_center_alignment_demo_id_paraid_overflow_redline_fa65e6ca11,fa65e6ca11,tracking_without_comments,word_based,corpus,/Users/arthrod/temp/T/neurotic_docx_bench/corpus/word/tracking_without_comments/pdf/a98d0a8c12_center_alignment_demo_id_paraid_overflow_2__vs__cb340e4c6a_center_alignment_demo_id_paraid_overflow_redline_fa65e6ca11.pdf,6c7a8c53deee6c717b3c1a4b6c503cc7d398f5ebff84dd20151b56c9c4ae9df0,/Users/arthrod/temp/T/neurotic_docx_bench/results/redlines_0929_full/docxodus/pdf_by_word/a98d0a8c12_center_alignment_demo_id_paraid_overflow_2__vs__cb340e4c6a_center_alignment_demo_id_paraid_overflow_redline_aab02de072_docxodus.pdf,efdceadd7640d74e7bb7f0d0d3ab42333ac5fd8981433c026d8bd279298ec964
daf1fa36c0_red_bold_heading_demo_style_default_missing__vs__3e33de961a_red_bold_text_demo_id_paraid_overflow_redline_fbe88a3141,fbe88a3141,tracking_without_comments,word_based_0926,corpus,/Users/arthrod/temp/T/neurotic_docx_bench/corpus/word/tracking_without_comments/pdf/daf1fa36c0_red_bold_heading_demo_style_default_missing__vs__3e33de961a_red_bold_text_demo_id_paraid_overflow_redline_fbe88a3141.pdf,397c4e393e4f1612430151c1a3d463d946b7dd3be07f07069527a96043e87919,/Users/arthrod/temp/T/neurotic_docx_bench/results/redlines_0929_full/docxodus/pdf_by_word/daf1fa36c0_red_bold_heading_demo_style_default_missing__vs__3e33de961a_red_bold_text_demo_id_paraid_overflow_redline_2648efbf3a_docxodus.pdf,469fd3f8b1043253ba176d55d57db29146261e3684f0a471e1aac8baf82a7fb4
6ca202588b_super_editor__ooxml_size_rstyle_linked_combos_de__vs__5b421850d5_super_editor__ooxml_strike_rstyle_linked_combos_redline_fc34a74b4c,fc34a74b4c,tracking_without_comments,word_redlines_superdoc_0926,corpus,/Users/arthrod/temp/T/neurotic_docx_bench/corpus/word/tracking_without_comments/pdf/6ca202588b_super_editor__ooxml_size_rstyle_linked_combos_de__vs__5b421850d5_super_editor__ooxml_strike_rstyle_linked_combos_redline_fc34a74b4c.pdf,3fb4a375697459a603a10565829f54d80520dfc0469a408d1fd0b3d46556f08b,/Users/arthrod/temp/T/neurotic_docx_bench/results/redlines_0929_full/docxodus/pdf_by_word/6ca202588b_super_editor__ooxml_size_rstyle_linked_combos_de__vs__5b421850d5_super_editor__ooxml_strike_rstyle_linked_combos_redline_70f229e446_docxodus.pdf,597ca9b06966508e67b05a0104e148533f1dada116c17e56e717bb4c07d97565
bb35ae41ba_evals__comments_doc_79800b37__vs__9322444a3f_behavior__sd_2888_hyperlink_with_ampersand_aaaac_redline_fd436bda76,fd436bda76,with_comments_tracking,word_redlines_superdoc_0926,fresh,/Users/arthrod/temp/T/compare_regen/out/fd436bda76__vs__fd436bda76.pdf,26ae0142e2d0a0d6737bea3c52d3fa76262712505887b60feb1060bd84d2a1b9,/Users/arthrod/temp/T/neurotic_docx_bench/results/redlines_0929_full/docxodus/pdf_by_word/bb35ae41ba_evals__comments_doc_79800b37__vs__9322444a3f_behavior__sd_2888_hyperlink_with_ampersand_aaaac_redline_e11f5f1915_docxodus.pdf,d0d02798b66859d8f278facf53c98033144df0a502d447e23180656cb0783a5a
628ec1cb76_00a9d81709806bc220522f9b062f226e19ba256e436493b1__vs__deff0e697a_00b5defcad6e58038eac35472a2d48c89905068e5ece0cc3_redline_fd7dbb0869,fd7dbb0869,tracking_without_comments,redlines_a100_b10,corpus,/Users/arthrod/temp/T/neurotic_docx_bench/corpus/word/tracking_without_comments/pdf/628ec1cb76_00a9d81709806bc220522f9b062f226e19ba256e436493b1__vs__deff0e697a_00b5defcad6e58038eac35472a2d48c89905068e5ece0cc3_redline_fd7dbb0869.pdf,3bdc0df747e1d5f806b5faee4550dfc7c34b82a9b7f6472df7b691f22a792b13,/Users/arthrod/temp/T/neurotic_docx_bench/results/redlines_0929_full/docxodus/pdf_by_word/628ec1cb76_00a9d81709806bc220522f9b062f226e19ba256e436493b1__vs__deff0e697a_00b5defcad6e58038eac35472a2d48c89905068e5ece0cc3_redline_fd7dbb0869_docxodus.pdf,10dba1148f4fd3050a602b638d56ffc4561e174b5d98df5dbe3593bc7e198f13
af540c50e4_00edeec4b73ab68a9a4e2b0281464f067656d89fc9969ab4__vs__333bfe069a_003416d620331122b93b434dad901db5836f60d2cad4b533_redline_fd9d6be0de,fd9d6be0de,tracking_without_comments,redlines_a100_b10,corpus,/Users/arthrod/temp/T/neurotic_docx_bench/corpus/word/tracking_without_comments/pdf/af540c50e4_00edeec4b73ab68a9a4e2b0281464f067656d89fc9969ab4__vs__333bfe069a_003416d620331122b93b434dad901db5836f60d2cad4b533_redline_fd9d6be0de.pdf,f31db4c7c497e3fbb9ae946ea5d5e64ea5456f8f71ed9e0066b4a2ba04173fef,/Users/arthrod/temp/T/neurotic_docx_bench/results/redlines_0929_full/docxodus/pdf_by_word/af540c50e4_00edeec4b73ab68a9a4e2b0281464f067656d89fc9969ab4__vs__333bfe069a_003416d620331122b93b434dad901db5836f60d2cad4b533_redline_fd9d6be0de_docxodus.pdf,7a5c8f75cb42a10b9727eda1575ec39c1d3dcdd82c2f7ea45b4e9704148e3f9a
133bbfae84_right_alignment_demo_id_paraid_overflow_2__vs__572990f05c_right_alignment_demo_id_paraid_overflow_redline_fdd264a203,fdd264a203,tracking_without_comments,word_based_0926,corpus,/Users/arthrod/temp/T/neurotic_docx_bench/corpus/word/tracking_without_comments/pdf/133bbfae84_right_alignment_demo_id_paraid_overflow_2__vs__572990f05c_right_alignment_demo_id_paraid_overflow_redline_fdd264a203.pdf,e8392b1a48e62dd6b816c019abcb89f29a7a3ff516ce34a8dd8efe28809524fc,/Users/arthrod/temp/T/neurotic_docx_bench/results/redlines_0929_full/docxodus/pdf_by_word/133bbfae84_right_alignment_demo_id_paraid_overflow_2__vs__572990f05c_right_alignment_demo_id_paraid_overflow_redline_cad6a08350_docxodus.pdf,9fd7f8bbb6d12c62850f93dee5c24d3a6cf76b5e60b28dfdc05ebaf0a7d4898e
1fda7fa6e2_file_187__vs__66e70631fb_file_188_redline_fde18c85bf,fde18c85bf,with_comments_tracking,word_based_randomized_0926,fresh,/Users/arthrod/temp/T/compare_regen/out/fde18c85bf__vs__fde18c85bf.pdf,074f16b68d6f560e2955a7ac4e7d22c8455580566e349a65e40b2f05a2a960df,/Users/arthrod/temp/T/neurotic_docx_bench/results/redlines_0929_full/docxodus/pdf_by_word/1fda7fa6e2_file_187__vs__66e70631fb_file_188_redline_92ec8417eb_docxodus.pdf,c5cd844617c33d17a6e108d1b322618da33b1034b18a1cfe87f59a51f7fb2e3b
75b13139d1_01424129e67ac16566c504bbb091d985cb6316a08abf5730__vs__1424386e9b_017447de83753a0e3b7afc659df038ef56972925336c6a5b_redline_fe1fadd8f9,fe1fadd8f9,tracking_without_comments,redlines_a100_b10,corpus,/Users/arthrod/temp/T/neurotic_docx_bench/corpus/word/tracking_without_comments/pdf/75b13139d1_01424129e67ac16566c504bbb091d985cb6316a08abf5730__vs__1424386e9b_017447de83753a0e3b7afc659df038ef56972925336c6a5b_redline_fe1fadd8f9.pdf,adaf5c7cb2001617952fb7157a004c95ac48da8c08a227d1535bff99fb10c9c4,/Users/arthrod/temp/T/neurotic_docx_bench/results/redlines_0929_full/docxodus/pdf_by_word/75b13139d1_01424129e67ac16566c504bbb091d985cb6316a08abf5730__vs__1424386e9b_017447de83753a0e3b7afc659df038ef56972925336c6a5b_redline_fe1fadd8f9_docxodus.pdf,0e584c6fb12fd95fd96df1094b3100cb095e70d4e317d7e47b9dbd6bfefa19ec
b13ad6a30b_08da985c87d92e2aa39245f9771c0f024ba1986d40e19c4d__vs__24cfc33555_89489e767eba60afbffffd971e4fde9913403bfb29003b2b_redline_fea87b305c,fea87b305c,tracking_without_comments,redlines_en_500,corpus,/Users/arthrod/temp/T/neurotic_docx_bench/corpus/word/tracking_without_comments/pdf/b13ad6a30b_08da985c87d92e2aa39245f9771c0f024ba1986d40e19c4d__vs__24cfc33555_89489e767eba60afbffffd971e4fde9913403bfb29003b2b_redline_fea87b305c.pdf,0ed2d1fab179f62d0a4b777199f9b92b09db46af85e557a0a3a4c3bc5e2c1926,/Users/arthrod/temp/T/neurotic_docx_bench/results/redlines_0929_full/docxodus/pdf_by_word/b13ad6a30b_08da985c87d92e2aa39245f9771c0f024ba1986d40e19c4d__vs__24cfc33555_89489e767eba60afbffffd971e4fde9913403bfb29003b2b_redline_fea87b305c_docxodus.pdf,68366d437aae1de9ed39f20ba1467cdc8b2a5970b85e4ca671ca4a8167217c74
23cdfeee74_0022d9b76a33e7bdcda8d38ec3c898364c578897fb55d462__vs__a5f2b9318d_002aa60c2ae1187417b4b157c5ec6450324cc056ec551a12_redline_fee04c36ab,fee04c36ab,tracking_without_comments,redlines_a100_b10,corpus,/Users/arthrod/temp/T/neurotic_docx_bench/corpus/word/tracking_without_comments/pdf/23cdfeee74_0022d9b76a33e7bdcda8d38ec3c898364c578897fb55d462__vs__a5f2b9318d_002aa60c2ae1187417b4b157c5ec6450324cc056ec551a12_redline_fee04c36ab.pdf,282b390f34ca83774b98172b6f45351e431077e5de88517b58db4fb7a7a00a37,/Users/arthrod/temp/T/neurotic_docx_bench/results/redlines_0929_full/docxodus/pdf_by_word/23cdfeee74_0022d9b76a33e7bdcda8d38ec3c898364c578897fb55d462__vs__a5f2b9318d_002aa60c2ae1187417b4b157c5ec6450324cc056ec551a12_redline_fee04c36ab_docxodus.pdf,1da344f7879922d7db3681b63221a9d967d8aebdbc89daae1372c57c82443c5c
26ce1d6300_super_editor__diff_after5_9fb9d5b4__vs__b389f55091_super_editor__comment_23ee5ec1_redline_fef7e1df16,fef7e1df16,with_comments_tracking,word_redlines_superdoc_0926,fresh,/Users/arthrod/temp/T/compare_regen/out/fef7e1df16__vs__fef7e1df16.pdf,78c39f84fafa2e3d86667fc7f5014ec24a2f0b3e91f470cb16f06af6febeb1db,/Users/arthrod/temp/T/neurotic_docx_bench/results/redlines_0929_full/docxodus/pdf_by_word/26ce1d6300_super_editor__diff_after5_9fb9d5b4__vs__b389f55091_super_editor__comment_23ee5ec1_redline_01fa32ec8b_docxodus.pdf,fd5299ff42956e16960e47e2ca2325ce12e80e7fcbb035fd491ef0c30e3a8acd
a0738533be_gdocs_comments_export__vs__2a69e1ce5c_green_bold_text_demo_id_paraid_overflow_redline_ff27140d0a,ff27140d0a,with_comments_tracking,word_based_0926,fresh,/Users/arthrod/temp/T/compare_regen/out/ff27140d0a__vs__ff27140d0a.pdf,0e3254212900f1e57940f934d75dd8fcbaef3230533d76663bbaa0396083c28a,/Users/arthrod/temp/T/neurotic_docx_bench/results/redlines_0929_full/docxodus/pdf_by_word/a0738533be_gdocs_comments_export__vs__2a69e1ce5c_green_bold_text_demo_id_paraid_overflow_redline_b4c606bf91_docxodus.pdf,2a2599eb7a0b203007376d05cab74b53d690e07964ff3025d3d262a85ec57c1b
90cef57bac_eigenpal_docx_editor_suggesting_mixed_edits__vs__f644da9aeb_employee_directory_table_2_redline_ff42b4a7a3,ff42b4a7a3,with_comments_tracking,word_based_0926,fresh,/Users/arthrod/temp/T/compare_regen/out/ff42b4a7a3__vs__ff42b4a7a3.pdf,842ac1f1efb0eebeac0e40082497194857248a23b2472f1226442caadc783099,/Users/arthrod/temp/T/neurotic_docx_bench/results/redlines_0929_full/docxodus/pdf_by_word/90cef57bac_eigenpal_docx_editor_suggesting_mixed_edits__vs__f644da9aeb_employee_directory_table_2_redline_b351836b34_docxodus.pdf,0f56ef5d4cca309e15328910e9ac15e3c2c3dfaa9bbe1cd528acee9bac87b0a6
4492bbb1f8_file_172__vs__838af02d11_file_173_redline_ffcb9d33c5,ffcb9d33c5,with_comments_tracking,word_based_randomized,fresh,/Users/arthrod/temp/T/compare_regen/out/ffcb9d33c5__vs__ffcb9d33c5.pdf,121f89e17cd6d70c8c3cffbdec8d2e9de875a0eea5f616c85dab84b19b87c4cf,/Users/arthrod/temp/T/neurotic_docx_bench/results/redlines_0929_full/docxodus/pdf_by_word/4492bbb1f8_file_172__vs__838af02d11_file_173_redline_485b916ef9_docxodus.pdf,084a7c3ee13c810f17749c5be1f11f82784a8b4b15e749bee1e6c4f8756a171a
adc9f524d1_comments__vs__5d17fd43a9_complex_style_attr_redline_ffed78e6e8,ffed78e6e8,with_comments_tracking,word_based;fixtures_word_compares,fresh,/Users/arthrod/temp/T/compare_regen/out/ffed78e6e8__vs__ffed78e6e8.pdf,232f4b85665b18e51fbaf2be101baf46b617ad71bdea57f05b54a70f8d7ad7e4,/Users/arthrod/temp/T/neurotic_docx_bench/results/redlines_0929_full/docxodus/pdf_by_word/adc9f524d1_comments__vs__5d17fd43a9_complex_style_attr_redline_2061218d44_docxodus.pdf,ba10091715a5eed1a12540fba3f277c13ef08b4dace6882ec505add8f6ab681a
