key,id,state,sets,oracle,oracle_pdf,oracle_sha256,candidate_pdf,candidate_sha256
1800ef10fa_contract_review_suggesting_mixed_edits__vs__824e211e7e_customer_satisfaction_survey_q4_suggesting_inser_redline_01e0dea21e,01e0dea21e,tracking_without_comments,nocomments,fresh,/Users/arthrod/temp/T/compare_regen/out/01e0dea21e__vs__01e0dea21e.pdf,c176b6aab75eb9f950515168e4df403eec3d46af386a11bf764ea9ee01541bd9,/Users/arthrod/temp/T/neurotic_docx_bench/results/redlines_0929_full/docxodus/pdf_by_word/1800ef10fa_contract_review_suggesting_mixed_edits__vs__824e211e7e_customer_satisfaction_survey_q4_suggesting_inser_redline_01e0dea21e_docxodus.pdf,096ed8487170978da8d0f93094ff728e26f4d3ef06d9b18bbb9c89b55fd278dd
0800162a66_000799b53487acb327ccf0c0ab87fb14b9e8636346719296__vs__a5f2b9318d_002aa60c2ae1187417b4b157c5ec6450324cc056ec551a12_redline_02514c26c3,02514c26c3,tracking_without_comments,redlines_a100_b10,corpus,/Users/arthrod/temp/T/neurotic_docx_bench/corpus/word/tracking_without_comments/pdf/0800162a66_000799b53487acb327ccf0c0ab87fb14b9e8636346719296__vs__a5f2b9318d_002aa60c2ae1187417b4b157c5ec6450324cc056ec551a12_redline_02514c26c3.pdf,2ebd361c07f8d60b2a0d9f73bea347e2d7ff4e37bbc0d4efd309859b9408f1d1,/Users/arthrod/temp/T/neurotic_docx_bench/results/redlines_0929_full/docxodus/pdf_by_word/0800162a66_000799b53487acb327ccf0c0ab87fb14b9e8636346719296__vs__a5f2b9318d_002aa60c2ae1187417b4b157c5ec6450324cc056ec551a12_redline_02514c26c3_docxodus.pdf,d34eb3c248542f03eac20b99ddb1d2baecfabd0b037b1b954853fe992de2757b
6df9364352_right_alignment_demo_id_paraid_overflow__vs__28a7b1d2bd_risk_assessment_product_launch_suggesting_insert_redline_0258a207ee,0258a207ee,tracking_without_comments,nocomments,corpus,/Users/arthrod/temp/T/neurotic_docx_bench/corpus/word/tracking_without_comments/pdf/6df9364352_right_alignment_demo_id_paraid_overflow__vs__28a7b1d2bd_risk_assessment_product_launch_suggesting_insert_redline_0258a207ee.pdf,cb82e4aa3ceef65bad90d7a3e911aef45f6627ecf45ba1a952e183d7ae1259a1,/Users/arthrod/temp/T/neurotic_docx_bench/results/redlines_0929_full/docxodus/pdf_by_word/6df9364352_right_alignment_demo_id_paraid_overflow__vs__28a7b1d2bd_risk_assessment_product_launch_suggesting_insert_redline_0258a207ee_docxodus.pdf,3a8eb8a28c26ca4b3d818c14a42af4ddf866dfe43e6ebe85079e203910dfb017
a54f205278_quarterly_performance_report_table__vs__daf1fa36c0_red_bold_heading_demo_style_default_missing_redline_029901dfd4,029901dfd4,tracking_without_comments,fixtures_word_compares;pdf_fill_0928,fresh,/Users/arthrod/temp/T/compare_regen/out/029901dfd4__vs__029901dfd4.pdf,6d83f30acb40dcdb18d239958b9b9d4f1a3e176e93e07248e390d4b73021a330,/Users/arthrod/temp/T/neurotic_docx_bench/results/redlines_0929_full/docxodus/pdf_by_word/a54f205278_quarterly_performance_report_table__vs__daf1fa36c0_red_bold_heading_demo_style_default_missing_redline_029901dfd4_docxodus.pdf,f9c3edda960bc5470ad393a3b33fa5e84e07129e4e8ab5df5094f2c4186a74a6
a24b3782e4_super_editor__list_with_table_break_ff0c4c1f__vs__18b8dd8ea3_behavior__sd_2672_plain_3x3_87943d5d_redline_038d125e4b,038d125e4b,tracking_without_comments,word_redlines_superdoc_0926,corpus,/Users/arthrod/temp/T/neurotic_docx_bench/corpus/word/tracking_without_comments/pdf/a24b3782e4_super_editor__list_with_table_break_ff0c4c1f__vs__18b8dd8ea3_behavior__sd_2672_plain_3x3_87943d5d_redline_038d125e4b.pdf,93efcef4001623f8fcac0b612c86c81092bd558b7af8cbbb3e1303f4a490b06b,/Users/arthrod/temp/T/neurotic_docx_bench/results/redlines_0929_full/docxodus/pdf_by_word/a24b3782e4_super_editor__list_with_table_break_ff0c4c1f__vs__18b8dd8ea3_behavior__sd_2672_plain_3x3_87943d5d_redline_022de5dc91_docxodus.pdf,ed27865a8e815a8353626ce72bb9c96c2dfb605714427b4b7942b7ac629d41e9
0fc80afa25_6c48d6e5a703fe986580f2da2dfb0a6b1147051c349357bb__vs__9b53454565_6bf87f4fc70178cc0dee818e7ce3142a6b6d9cd172785530_redline_0390281a8b,0390281a8b,tracking_without_comments,redlines_en_500,corpus,/Users/arthrod/temp/T/neurotic_docx_bench/corpus/word/tracking_without_comments/pdf/0fc80afa25_6c48d6e5a703fe986580f2da2dfb0a6b1147051c349357bb__vs__9b53454565_6bf87f4fc70178cc0dee818e7ce3142a6b6d9cd172785530_redline_0390281a8b.pdf,14a697bd2acde1b7bea8617ceaac9e3bb7bf4f265777094b1f291e7f8e642f28,/Users/arthrod/temp/T/neurotic_docx_bench/results/redlines_0929_full/docxodus/pdf_by_word/0fc80afa25_6c48d6e5a703fe986580f2da2dfb0a6b1147051c349357bb__vs__9b53454565_6bf87f4fc70178cc0dee818e7ce3142a6b6d9cd172785530_redline_0390281a8b_docxodus.pdf,513809efe2fc1875a1ffc04afe7ea3de53e4031612a0a09b6c5d900369702f7a
fad179ac0c_file_85__vs__16c15842ae_file_86_redline_049b6411ab,049b6411ab,tracking_without_comments,word_based_randomized,corpus,/Users/arthrod/temp/T/neurotic_docx_bench/corpus/word/tracking_without_comments/pdf/fad179ac0c_file_85__vs__16c15842ae_file_86_redline_049b6411ab.pdf,4a5ec76ef41a5afd99d6a5d53e957f8343b28ff83fc92ae3c25687b907b81951,/Users/arthrod/temp/T/neurotic_docx_bench/results/redlines_0929_full/docxodus/pdf_by_word/fad179ac0c_file_85__vs__16c15842ae_file_86_redline_049b6411ab_docxodus.pdf,f11c188edb68cefa982e19ebc22d0f0035dbea781de5ac3058de5ca88e820953
2b4475cba6_0021f639e5dbf6c217c8d81a7ac3374624ff9901a5d4b200__vs__342f364d46_001342333d45627868f4dc5282abbba4598a91b4a7584b08_redline_04b7d19a3a,04b7d19a3a,tracking_without_comments,redlines_a100_b10,corpus,/Users/arthrod/temp/T/neurotic_docx_bench/corpus/word/tracking_without_comments/pdf/2b4475cba6_0021f639e5dbf6c217c8d81a7ac3374624ff9901a5d4b200__vs__342f364d46_001342333d45627868f4dc5282abbba4598a91b4a7584b08_redline_04b7d19a3a.pdf,86cd2a2625953f97b661db0fb5a49dc8ba4e39911b55593cf665002491dd90f4,/Users/arthrod/temp/T/neurotic_docx_bench/results/redlines_0929_full/docxodus/pdf_by_word/2b4475cba6_0021f639e5dbf6c217c8d81a7ac3374624ff9901a5d4b200__vs__342f364d46_001342333d45627868f4dc5282abbba4598a91b4a7584b08_redline_04b7d19a3a_docxodus.pdf,68a8382c19659d2caf95e17df31a8039116fc2ef9331e1276a85307c20a69fed
6c3b9cb467_file_111__vs__61bf578c91_file_112_redline_04eed658ca,04eed658ca,tracking_without_comments,nocomments_randomized,corpus,/Users/arthrod/temp/T/neurotic_docx_bench/corpus/word/tracking_without_comments/pdf/6c3b9cb467_file_111__vs__61bf578c91_file_112_redline_04eed658ca.pdf,1abb1a5cc73634c0a30927a32cae5d170840ac6049dcbda2a5f070563d5e6250,/Users/arthrod/temp/T/neurotic_docx_bench/results/redlines_0929_full/docxodus/pdf_by_word/6c3b9cb467_file_111__vs__61bf578c91_file_112_redline_04eed658ca_docxodus.pdf,cd45a46c50a25fc091066f4416e3aac4952ab2857e9dbe92d6272daa348e0fbb
bd7b6b2bd0_super_editor__pagination_with_hard_break_8ce8c15__vs__8ab3f01cdd_super_editor__paragraph_indent_normal_styles_85f_redline_064fdf1a12,064fdf1a12,tracking_without_comments,word_redlines_superdoc,corpus,/Users/arthrod/temp/T/neurotic_docx_bench/corpus/word/tracking_without_comments/pdf/bd7b6b2bd0_super_editor__pagination_with_hard_break_8ce8c15__vs__8ab3f01cdd_super_editor__paragraph_indent_normal_styles_85f_redline_064fdf1a12.pdf,0a6b512e474bc428424330f0e9e02974187ca8f21f67df72497b4e42afb30636,,
420a528aa0_super_editor__instrtext_angled_brackets_bug_ed56__vs__178804f5ce_super_editor__invalid_list_def_fallback_d7f55451_redline_073a441771,073a441771,tracking_without_comments,word_redlines_superdoc_0926,corpus,/Users/arthrod/temp/T/neurotic_docx_bench/corpus/word/tracking_without_comments/pdf/420a528aa0_super_editor__instrtext_angled_brackets_bug_ed56__vs__178804f5ce_super_editor__invalid_list_def_fallback_d7f55451_redline_073a441771.pdf,a3b3df3d1411e2655138061eca12e90cfbe8851d7620dcfc1e6e07f8adb28d3c,/Users/arthrod/temp/T/neurotic_docx_bench/results/redlines_0929_full/docxodus/pdf_by_word/420a528aa0_super_editor__instrtext_angled_brackets_bug_ed56__vs__178804f5ce_super_editor__invalid_list_def_fallback_d7f55451_redline_073a441771_docxodus.pdf,17e9ad2f90a2aebdf72240e80eb049d09371a579fd3828099d6f42979b420af8
ced58cbf54_super_editor__sd_1494_table_left_indent_03277d35__vs__84f5fb598b_super_editor__diff_before11_1b953eaf_redline_08f3c75cf7,08f3c75cf7,with_comments_tracking,word_redlines_superdoc,fresh,/Users/arthrod/temp/T/compare_regen/out/08f3c75cf7__vs__08f3c75cf7.pdf,152c5a57c77849c8a4ca551b91e9f60707652877eed96bcb0694502553423ae8,/Users/arthrod/temp/T/neurotic_docx_bench/results/redlines_0929_full/docxodus/pdf_by_word/ced58cbf54_super_editor__sd_1494_table_left_indent_03277d35__vs__84f5fb598b_super_editor__diff_before11_1b953eaf_redline_08f3c75cf7_docxodus.pdf,d2f179bd68af0f4ec9d0eb7a8e7f79fdc088516c09e78b6903f28557ee39bbcf
b2adbcc147_heading_3_center_italic_id_paraid_overflow__vs__017c22e2a3_heading_3_style_demo_id_paraid_overflow_2_redline_0921eca76e,0921eca76e,tracking_without_comments,word_based_0926,corpus,/Users/arthrod/temp/T/neurotic_docx_bench/corpus/word/tracking_without_comments/pdf/b2adbcc147_heading_3_center_italic_id_paraid_overflow__vs__017c22e2a3_heading_3_style_demo_id_paraid_overflow_2_redline_0921eca76e.pdf,90407d185b9fed69d4c697d6a139478d9a6ddc01649c33db02f9e3e35f5e6220,/Users/arthrod/temp/T/neurotic_docx_bench/results/redlines_0929_full/docxodus/pdf_by_word/b2adbcc147_heading_3_center_italic_id_paraid_overflow__vs__017c22e2a3_heading_3_style_demo_id_paraid_overflow_2_redline_0921eca76e_docxodus.pdf,a009b632c29ab046f189aab5c8340b0b34b666465d413ecc0ee97e78b8943c70
eeec3949fe_file_114__vs__b8ba7fb082_file_115_redline_09a6e874c8,09a6e874c8,tracking_without_comments,nocomments_randomized,fresh,/Users/arthrod/temp/T/compare_regen/out/09a6e874c8__vs__09a6e874c8.pdf,c31cfcbed6676b50885e53ad58bce5d833fdc1542574b166cec53f1f93964aa5,,
0800162a66_000799b53487acb327ccf0c0ab87fb14b9e8636346719296__vs__deff0e697a_00b5defcad6e58038eac35472a2d48c89905068e5ece0cc3_redline_0a26c74d55,0a26c74d55,tracking_without_comments,redlines_a100_b10,corpus,/Users/arthrod/temp/T/neurotic_docx_bench/corpus/word/tracking_without_comments/pdf/0800162a66_000799b53487acb327ccf0c0ab87fb14b9e8636346719296__vs__deff0e697a_00b5defcad6e58038eac35472a2d48c89905068e5ece0cc3_redline_0a26c74d55.pdf,fb32a12ac611975a3c0d51c9d8a8df177ec43614b0e9b203a6e54dd092c54098,/Users/arthrod/temp/T/neurotic_docx_bench/results/redlines_0929_full/docxodus/pdf_by_word/0800162a66_000799b53487acb327ccf0c0ab87fb14b9e8636346719296__vs__deff0e697a_00b5defcad6e58038eac35472a2d48c89905068e5ece0cc3_redline_0a26c74d55_docxodus.pdf,7ded757f5f5e2a99d221e1114006fc9d0def433d1b5917668efb679a65590442
af458715aa_superscript_demo_style_default_missing__vs__95bdaad1fe_support_tickets_table_redline_0acdd00ded,0acdd00ded,tracking_without_comments,word_based_0926,corpus,/Users/arthrod/temp/T/neurotic_docx_bench/corpus/word/tracking_without_comments/pdf/af458715aa_superscript_demo_style_default_missing__vs__95bdaad1fe_support_tickets_table_redline_0acdd00ded.pdf,64faa5089086eb1b3ef166e7f335576dad61a6b3f56bf76ffffda8044766d502,/Users/arthrod/temp/T/neurotic_docx_bench/results/redlines_0929_full/docxodus/pdf_by_word/af458715aa_superscript_demo_style_default_missing__vs__95bdaad1fe_support_tickets_table_redline_0acdd00ded_docxodus.pdf,8e74724b706284b09e805ac9953a14fb17f7bd548d4df9c4b68ddb99c940410d
4b0729d267_super_editor__h_f_normal_odd_even_unchecked_firs__vs__9c1fb4747e_super_editor__sd_1495_auto_page_break_854a2dd9_redline_0b5ecec9d6,0b5ecec9d6,tracking_without_comments,word_redlines_superdoc,corpus,/Users/arthrod/temp/T/neurotic_docx_bench/corpus/word/tracking_without_comments/pdf/4b0729d267_super_editor__h_f_normal_odd_even_unchecked_firs__vs__9c1fb4747e_super_editor__sd_1495_auto_page_break_854a2dd9_redline_0b5ecec9d6.pdf,4f55a25974f461d1c9d0f33ae144659fc08261f6edccc532b87d5c2ff8783994,/Users/arthrod/temp/T/neurotic_docx_bench/results/redlines_0929_full/docxodus/pdf_by_word/4b0729d267_super_editor__h_f_normal_odd_even_unchecked_firs__vs__9c1fb4747e_super_editor__sd_1495_auto_page_break_854a2dd9_redline_0b5ecec9d6_docxodus.pdf,89abedff2ef848a607e430d9a3954665dc2054ff20cd565c56e3d1a104657b4b
080c4822ff_file_21__vs__24b9811b05_file_22_redline_0bc3e0ae14,0bc3e0ae14,tracking_without_comments,word_based_randomized,corpus,/Users/arthrod/temp/T/neurotic_docx_bench/corpus/word/tracking_without_comments/pdf/080c4822ff_file_21__vs__24b9811b05_file_22_redline_0bc3e0ae14.pdf,6007fb8b61533320a42c50a8cd222e8668df240b2d103d9b5bba2522c8b37c8b,/Users/arthrod/temp/T/neurotic_docx_bench/results/redlines_0929_full/docxodus/pdf_by_word/080c4822ff_file_21__vs__24b9811b05_file_22_redline_0bc3e0ae14_docxodus.pdf,8f8be8060b5e754ffb6d235830f966b401496a2b0dff46bd9d18ed96f130fab5
4e2622ab00_d7df3c54812c21c8a8cf88f1b1aca08b9709429bfbf6401b__vs__f0fef5ea88_de777a7b4ef3a3e25ec5dd0903262b6f5747e14535c06453_redline_0bcbc3a0b7,0bcbc3a0b7,tracking_without_comments,redlines_en_500,corpus,/Users/arthrod/temp/T/neurotic_docx_bench/corpus/word/tracking_without_comments/pdf/4e2622ab00_d7df3c54812c21c8a8cf88f1b1aca08b9709429bfbf6401b__vs__f0fef5ea88_de777a7b4ef3a3e25ec5dd0903262b6f5747e14535c06453_redline_0bcbc3a0b7.pdf,a722e2a28664380e8ba5d8e8618693cd8dd6ba7af7be878d37293a046f85a80e,/Users/arthrod/temp/T/neurotic_docx_bench/results/redlines_0929_full/docxodus/pdf_by_word/4e2622ab00_d7df3c54812c21c8a8cf88f1b1aca08b9709429bfbf6401b__vs__f0fef5ea88_de777a7b4ef3a3e25ec5dd0903262b6f5747e14535c06453_redline_0bcbc3a0b7_docxodus.pdf,9ebd18d430a2e7cc8f59465ec437344c42d4973ee36d86563f58fe9bc95d7aae
b18190e946_c15f734eca26465e173c2c9f36ee1113e525ab3dfafb4064__vs__ba2cfffd73_f1c36266d446e07c029f99f20ac9319675eea5d1dfd33823_redline_0bdee164e5,0bdee164e5,tracking_without_comments,redlines_en_500,corpus,/Users/arthrod/temp/T/neurotic_docx_bench/corpus/word/tracking_without_comments/pdf/b18190e946_c15f734eca26465e173c2c9f36ee1113e525ab3dfafb4064__vs__ba2cfffd73_f1c36266d446e07c029f99f20ac9319675eea5d1dfd33823_redline_0bdee164e5.pdf,ef48a20f68aa8b839cd25692ea4909adf311289f3e072fd1bd37a056ea0d2e94,,
5ad6e6d44f_0199027cbf967c88ab833b77e5bc5d629bacecbd40a87c26__vs__5203829c7a_001cc92b88566d5f930fe57f25813c0bf52a7bdc72c217d0_redline_0c25a004f2,0c25a004f2,tracking_without_comments,redlines_a100_b10,corpus,/Users/arthrod/temp/T/neurotic_docx_bench/corpus/word/tracking_without_comments/pdf/5ad6e6d44f_0199027cbf967c88ab833b77e5bc5d629bacecbd40a87c26__vs__5203829c7a_001cc92b88566d5f930fe57f25813c0bf52a7bdc72c217d0_redline_0c25a004f2.pdf,9cdfcb97beda083a5c2d9b0f753416eee641b84d150a9a0b9e54c8b6c962dbc6,/Users/arthrod/temp/T/neurotic_docx_bench/results/redlines_0929_full/docxodus/pdf_by_word/5ad6e6d44f_0199027cbf967c88ab833b77e5bc5d629bacecbd40a87c26__vs__5203829c7a_001cc92b88566d5f930fe57f25813c0bf52a7bdc72c217d0_redline_0c25a004f2_docxodus.pdf,75a20fc97a37522507094c3b498fa4ab0118450dcc8688a4dd7d6fba62ff4e1a
d6229441a5_0022208cff905cd74261067032c22afa148e0f63496c7f66__vs__aa5340125d_00a4b0b91e9b5b072dc3771391c2d608518690eccf44eae8_redline_0cbbcaa7f0,0cbbcaa7f0,tracking_without_comments,redlines_a100_b10,corpus,/Users/arthrod/temp/T/neurotic_docx_bench/corpus/word/tracking_without_comments/pdf/d6229441a5_0022208cff905cd74261067032c22afa148e0f63496c7f66__vs__aa5340125d_00a4b0b91e9b5b072dc3771391c2d608518690eccf44eae8_redline_0cbbcaa7f0.pdf,fdc11680eef9cdb1078092d8df8e594537c27479932f6a55f792366233cea87b,/Users/arthrod/temp/T/neurotic_docx_bench/results/redlines_0929_full/docxodus/pdf_by_word/d6229441a5_0022208cff905cd74261067032c22afa148e0f63496c7f66__vs__aa5340125d_00a4b0b91e9b5b072dc3771391c2d608518690eccf44eae8_redline_0cbbcaa7f0_docxodus.pdf,ddd8ed07d3a7a8f07a8625113b7ae5b6cc4001a0010ce2264a6fe9566fa6465b
7e77c2f888_file_120__vs__525c779243_file_121_redline_0e99767f9f,0e99767f9f,tracking_without_comments,word_based_randomized,corpus,/Users/arthrod/temp/T/neurotic_docx_bench/corpus/word/tracking_without_comments/pdf/7e77c2f888_file_120__vs__525c779243_file_121_redline_0e99767f9f.pdf,05d67730f216bc40bddcc64deaf0b562fbb506d94ede0f07519eb535ed1591dd,/Users/arthrod/temp/T/neurotic_docx_bench/results/redlines_0929_full/docxodus/pdf_by_word/7e77c2f888_file_120__vs__525c779243_file_121_redline_0e99767f9f_docxodus.pdf,a74d3391eed18d7e19b3cc2541301b4ee3ca32b2fa14ac374f82cabb180703a8
2523714a7f_166230a5d0c1ffc0b39476f0358811a3ae000db31e399eeb__vs__fa99066c51_19d1ea39b560e3746c8fdebc84dfc3dfbb74c345dd5e3f35_redline_0f8eb45f51,0f8eb45f51,tracking_without_comments,redlines_en_500,corpus,/Users/arthrod/temp/T/neurotic_docx_bench/corpus/word/tracking_without_comments/pdf/2523714a7f_166230a5d0c1ffc0b39476f0358811a3ae000db31e399eeb__vs__fa99066c51_19d1ea39b560e3746c8fdebc84dfc3dfbb74c345dd5e3f35_redline_0f8eb45f51.pdf,344995bf7b1495746002ca88bb7cd924ad0fc170bb3a56bf8b1647e0dca78b27,,
45ffdc8474_file_149__vs__e33b9d6f5c_file_150_redline_0fcde9a5c4,0fcde9a5c4,tracking_without_comments,nocomments_randomized,corpus,/Users/arthrod/temp/T/neurotic_docx_bench/corpus/word/tracking_without_comments/pdf/45ffdc8474_file_149__vs__e33b9d6f5c_file_150_redline_0fcde9a5c4.pdf,fd94bb8d506ed007eb6ce212b9461f4d6c746f919d87feee7212990b15f8f30f,/Users/arthrod/temp/T/neurotic_docx_bench/results/redlines_0929_full/docxodus/pdf_by_word/45ffdc8474_file_149__vs__e33b9d6f5c_file_150_redline_0fcde9a5c4_docxodus.pdf,c5cb1568d9a9eb6f4400ae9a511670aabd79940a21d8570eb473c57d7fc41e15
0728d64a65_file_182__vs__53de8de92b_file_183_redline_100e81634b,100e81634b,tracking_without_comments,word_based_randomized_0926,corpus,/Users/arthrod/temp/T/neurotic_docx_bench/corpus/word/tracking_without_comments/pdf/0728d64a65_file_182__vs__53de8de92b_file_183_redline_100e81634b.pdf,595e4c1f3b0bf6c719e08313b290f1a114d6b33eecc63d4bdc94515f73fdfac4,/Users/arthrod/temp/T/neurotic_docx_bench/results/redlines_0929_full/docxodus/pdf_by_word/0728d64a65_file_182__vs__53de8de92b_file_183_redline_100e81634b_docxodus.pdf,bee27c2c1fd7851c093fa8cb97a38329b540d0064423b1c8c0bc3fdd54b8f57c
f6e1c253ff_super_editor__diff_before9_9818a85f__vs__0e1d01ec7d_super_editor__doc_with_graphs_diagrams_rotated_e_redline_108d3b4e97,108d3b4e97,tracking_without_comments,word_redlines_superdoc,corpus,/Users/arthrod/temp/T/neurotic_docx_bench/corpus/word/tracking_without_comments/pdf/f6e1c253ff_super_editor__diff_before9_9818a85f__vs__0e1d01ec7d_super_editor__doc_with_graphs_diagrams_rotated_e_redline_108d3b4e97.pdf,4d57b25df17ff5ac0442a69fed7a2090b1165c8229ed12dfe3d4a4641c8ed403,/Users/arthrod/temp/T/neurotic_docx_bench/results/redlines_0929_full/docxodus/pdf_by_word/f6e1c253ff_super_editor__diff_before9_9818a85f__vs__0e1d01ec7d_super_editor__doc_with_graphs_diagrams_rotated_e_redline_108d3b4e97_docxodus.pdf,c9ef60a9b630c9ee5fdc22dfb78d3128f40d3d9cad39ae1a18ddca453d5701a8
08e3f68925_bold_underline_combined_demo_id_paraid_overflow__vs__e29df71807_bold_underline_highlight_demo_id_paraid_overflow_redline_10bf0a337d,10bf0a337d,tracking_without_comments,word_based_0926,corpus,/Users/arthrod/temp/T/neurotic_docx_bench/corpus/word/tracking_without_comments/pdf/08e3f68925_bold_underline_combined_demo_id_paraid_overflow__vs__e29df71807_bold_underline_highlight_demo_id_paraid_overflow_redline_10bf0a337d.pdf,225a97bfd9eb77da7b9b467f3bbdf99e1ee14577f1d903fef8a93552360bab92,/Users/arthrod/temp/T/neurotic_docx_bench/results/redlines_0929_full/docxodus/pdf_by_word/08e3f68925_bold_underline_combined_demo_id_paraid_overflow__vs__e29df71807_bold_underline_highlight_demo_id_paraid_overflow_redline_10bf0a337d_docxodus.pdf,a706c72b6661c68e3206bababa3c9f18ab0ba5431f8a2aceda2848f2fe81e37a
79cb6b6c0f_behavior__word_native_bullet_disc_bfbeb2dd__vs__3faf9e000d_super_editor__text_color_highlight_36cb4c90_redline_1100ef5607,1100ef5607,tracking_without_comments,word_redlines_superdoc_0926,corpus,/Users/arthrod/temp/T/neurotic_docx_bench/corpus/word/tracking_without_comments/pdf/79cb6b6c0f_behavior__word_native_bullet_disc_bfbeb2dd__vs__3faf9e000d_super_editor__text_color_highlight_36cb4c90_redline_1100ef5607.pdf,4c94fc6a108ef31aacd4e7abad9e3feec6ee937e080f6665bcb778fbee6ed1bd,/Users/arthrod/temp/T/neurotic_docx_bench/results/redlines_0929_full/docxodus/pdf_by_word/79cb6b6c0f_behavior__word_native_bullet_disc_bfbeb2dd__vs__3faf9e000d_super_editor__text_color_highlight_36cb4c90_redline_1100ef5607_docxodus.pdf,1263b0be5843fcc2b76d247bd31c68f0d23a6b7e1c0d3b2a4a89e22f0e820f5c
310c03f39c_super_editor__complexexport1_69441ab1__vs__c498e8c52c_super_editor__contract_acc_bbd983a0_redline_113c57f4a8,113c57f4a8,tracking_without_comments,word_redlines_superdoc_0926,corpus,/Users/arthrod/temp/T/neurotic_docx_bench/corpus/word/tracking_without_comments/pdf/310c03f39c_super_editor__complexexport1_69441ab1__vs__c498e8c52c_super_editor__contract_acc_bbd983a0_redline_113c57f4a8.pdf,155371b443391a4c66cbafb37ce0eeee64030e38c63fd74bedbdcb2e6894ef56,/Users/arthrod/temp/T/neurotic_docx_bench/results/redlines_0929_full/docxodus/pdf_by_word/310c03f39c_super_editor__complexexport1_69441ab1__vs__c498e8c52c_super_editor__contract_acc_bbd983a0_redline_113c57f4a8_docxodus.pdf,8fd288b86e5d632818bea9b29a7f73114abf91b89b295e772a5a4ed78f69993b
ba54c6632c_super_editor__ooxml_rfonts_rstyle_linked_combos__vs__ced58cbf54_super_editor__sd_1494_table_left_indent_03277d35_redline_12628c3805,12628c3805,tracking_without_comments,word_redlines_superdoc,corpus,/Users/arthrod/temp/T/neurotic_docx_bench/corpus/word/tracking_without_comments/pdf/ba54c6632c_super_editor__ooxml_rfonts_rstyle_linked_combos__vs__ced58cbf54_super_editor__sd_1494_table_left_indent_03277d35_redline_12628c3805.pdf,d5b27b6a1b8dcc74fc40c0409110ec90a7fe19bd02b9e14eec0bb0958ff166d5,/Users/arthrod/temp/T/neurotic_docx_bench/results/redlines_0929_full/docxodus/pdf_by_word/ba54c6632c_super_editor__ooxml_rfonts_rstyle_linked_combos__vs__ced58cbf54_super_editor__sd_1494_table_left_indent_03277d35_redline_12628c3805_docxodus.pdf,a511a7c4b3965c27c316c4a35242f39079da4a8e43600367e57928c902a49014
87dc2ebfec_00ee07057c69b24e2be4bf1a2684792bf6141fdccc35d075__vs__342f364d46_001342333d45627868f4dc5282abbba4598a91b4a7584b08_redline_12e5c4b16d,12e5c4b16d,tracking_without_comments,redlines_a100_b10,corpus,/Users/arthrod/temp/T/neurotic_docx_bench/corpus/word/tracking_without_comments/pdf/87dc2ebfec_00ee07057c69b24e2be4bf1a2684792bf6141fdccc35d075__vs__342f364d46_001342333d45627868f4dc5282abbba4598a91b4a7584b08_redline_12e5c4b16d.pdf,027d3ff1f013240857b5d3c3fe41daf3c37873c3d44e16caae438e8a76b640eb,,
e615c89269_inventory_list_suggesting_deletions__vs__8e5efb0d0b_inventory_list_suggesting_mixed_edits_redline_137d46157c,137d46157c,tracking_without_comments,word_based;fixtures_word_compares,fresh,/Users/arthrod/temp/T/compare_regen/out/137d46157c__vs__137d46157c.pdf,dad31f00ee742551c3b0ee9bda41b099426a1b1837e4e47e57cc9600ece34804,/Users/arthrod/temp/T/neurotic_docx_bench/results/redlines_0929_full/docxodus/pdf_by_word/e615c89269_inventory_list_suggesting_deletions__vs__8e5efb0d0b_inventory_list_suggesting_mixed_edits_redline_137d46157c_docxodus.pdf,2b9869f657df79ab32f42e55c1a38049e9468190a8aeb52827e927f57dd83b47
bffb81f86c_file_192__vs__878549f8f2_file_193_redline_145b9e67e2,145b9e67e2,with_comments_tracking,word_based_randomized_0926,fresh,/Users/arthrod/temp/T/compare_regen/out/145b9e67e2__vs__145b9e67e2.pdf,7817b34fd518448c5f92ed5fe7e7bb38b36483942af1f51bab3fe96d60551ea3,/Users/arthrod/temp/T/neurotic_docx_bench/results/redlines_0929_full/docxodus/pdf_by_word/bffb81f86c_file_192__vs__878549f8f2_file_193_redline_11675a8de2_docxodus.pdf,d3d37868ca9392c4b8e0fd7912c72ebc18ed5714cd9a224579296275b932d988
61eaede95c_subtitle_style_demo_style_default_missing__vs__ca4ccabff6_superscript_demo_id_paraid_overflow_2_redline_146e6680ab,146e6680ab,tracking_without_comments,fixtures_word_compares;pdf_fill_0928,fresh,/Users/arthrod/temp/T/compare_regen/out/146e6680ab__vs__146e6680ab.pdf,cf2b683c1436e74ae382f9db1a608982025253d0e04d4cc14948309d54c0141e,/Users/arthrod/temp/T/neurotic_docx_bench/results/redlines_0929_full/docxodus/pdf_by_word/61eaede95c_subtitle_style_demo_style_default_missing__vs__ca4ccabff6_superscript_demo_id_paraid_overflow_2_redline_146e6680ab_docxodus.pdf,c5e47efc372b4cf5840cde8649f762295ec130682f1f5289c440983b364a09c1
190782d0c5_46b5cb36b3b7d3b1fc419672811e19e13f9f3a1902a96da2__vs__aa910e0269_0b212ef01f9f16f785fb36ebf24bafc24fffc367ac583e27_redline_14b2a2feb0,14b2a2feb0,tracking_without_comments,redlines_en_500,corpus,/Users/arthrod/temp/T/neurotic_docx_bench/corpus/word/tracking_without_comments/pdf/190782d0c5_46b5cb36b3b7d3b1fc419672811e19e13f9f3a1902a96da2__vs__aa910e0269_0b212ef01f9f16f785fb36ebf24bafc24fffc367ac583e27_redline_14b2a2feb0.pdf,bf4fd1dbd629419ded4602adbae02cede575f00e3ea03d6c47392b96df7b9fcc,/Users/arthrod/temp/T/neurotic_docx_bench/results/redlines_0929_full/docxodus/pdf_by_word/190782d0c5_46b5cb36b3b7d3b1fc419672811e19e13f9f3a1902a96da2__vs__aa910e0269_0b212ef01f9f16f785fb36ebf24bafc24fffc367ac583e27_redline_14b2a2feb0_docxodus.pdf,d0b67e5d9b3390ee35683df483ee6ce9daf592f536759fcf2e993bcd1b1943ef
1d137d70ee_005bf179b17b3d109d473d5bb10a968731ba985c4bff3743__vs__1424386e9b_017447de83753a0e3b7afc659df038ef56972925336c6a5b_redline_16833a9d55,16833a9d55,tracking_without_comments,redlines_a100_b10,corpus,/Users/arthrod/temp/T/neurotic_docx_bench/corpus/word/tracking_without_comments/pdf/1d137d70ee_005bf179b17b3d109d473d5bb10a968731ba985c4bff3743__vs__1424386e9b_017447de83753a0e3b7afc659df038ef56972925336c6a5b_redline_16833a9d55.pdf,ec2eef684ccc90dc76048d05b5f109ead00b28f5dd85a2c3e2c82a13730c283b,/Users/arthrod/temp/T/neurotic_docx_bench/results/redlines_0929_full/docxodus/pdf_by_word/1d137d70ee_005bf179b17b3d109d473d5bb10a968731ba985c4bff3743__vs__1424386e9b_017447de83753a0e3b7afc659df038ef56972925336c6a5b_redline_16833a9d55_docxodus.pdf,e83cf1e53f9289540af00fd9c491d8f74554b91162d2e4269c3e324a5a615c73
a6b430bba8_file_61__vs__fa6006c2ee_file_62_redline_16c8cb365a,16c8cb365a,tracking_without_comments,nocomments_randomized,corpus,/Users/arthrod/temp/T/neurotic_docx_bench/corpus/word/tracking_without_comments/pdf/a6b430bba8_file_61__vs__fa6006c2ee_file_62_redline_16c8cb365a.pdf,7ad16f44785712613ef081816040f161b1f2cfcc0c505c5085f2e2091c2a063e,/Users/arthrod/temp/T/neurotic_docx_bench/results/redlines_0929_full/docxodus/pdf_by_word/a6b430bba8_file_61__vs__fa6006c2ee_file_62_redline_16c8cb365a_docxodus.pdf,f6ea31ef6d48d32b6cff8c9c5e0deacaba320c2ec3458e3976e3d92b8101d714
9586202517_super_editor__two_column_two_page_0b8a37c5__vs__7b076416b0_sectpr_headerref_redline_170add5b1c,170add5b1c,tracking_without_comments,word_redlines_superdoc,corpus,/Users/arthrod/temp/T/neurotic_docx_bench/corpus/word/tracking_without_comments/pdf/9586202517_super_editor__two_column_two_page_0b8a37c5__vs__7b076416b0_sectpr_headerref_redline_170add5b1c.pdf,5b0692a7eaf07d431511f1a38cfb67013ebb7e584fbeb9d72157ca53e8f739e2,/Users/arthrod/temp/T/neurotic_docx_bench/results/redlines_0929_full/docxodus/pdf_by_word/9586202517_super_editor__two_column_two_page_0b8a37c5__vs__7b076416b0_sectpr_headerref_redline_170add5b1c_docxodus.pdf,2f38cb9f9dfe31895050bca486aa0e1924263f1148dccce3a1b236f2d6f20199
3f9e7fe8a5_1909bbbfb6abdc12d641a5e88b1b98b8f68e11a3666816f9__vs__2604267933_77c0c55589e54ae1ef618a5d395870cdfa0db0500c90dc17_redline_172d60276a,172d60276a,tracking_without_comments,redlines_en_500,corpus,/Users/arthrod/temp/T/neurotic_docx_bench/corpus/word/tracking_without_comments/pdf/3f9e7fe8a5_1909bbbfb6abdc12d641a5e88b1b98b8f68e11a3666816f9__vs__2604267933_77c0c55589e54ae1ef618a5d395870cdfa0db0500c90dc17_redline_172d60276a.pdf,b5e208c69a6036b9ba9d900d15c5cfece692a9574053e3d2303ef137eec828b9,/Users/arthrod/temp/T/neurotic_docx_bench/results/redlines_0929_full/docxodus/pdf_by_word/3f9e7fe8a5_1909bbbfb6abdc12d641a5e88b1b98b8f68e11a3666816f9__vs__2604267933_77c0c55589e54ae1ef618a5d395870cdfa0db0500c90dc17_redline_172d60276a_docxodus.pdf,54e280ef31b514cec6fd006e7ea10e5799fa4b08fc7ba4651d40c84972f6c58d
1e0254763b_strict01__vs__5fca0ac668_ooxml_style_link_redline_17ca3591c6,17ca3591c6,tracking_without_comments,nocomments,corpus,/Users/arthrod/temp/T/neurotic_docx_bench/corpus/word/tracking_without_comments/pdf/1e0254763b_strict01__vs__5fca0ac668_ooxml_style_link_redline_17ca3591c6.pdf,c5715f29a4ee5ec8aba01e3991a31df8521a1f0b6453806185d4777b61334ac2,,
f71a12ee23_super_editor__fields_attrs1_83837249__vs__8db63962d9_super_editor__fields_attrs2_fonts_ebd792fb_redline_1824b1df94,1824b1df94,tracking_without_comments,word_redlines_superdoc,corpus,/Users/arthrod/temp/T/neurotic_docx_bench/corpus/word/tracking_without_comments/pdf/f71a12ee23_super_editor__fields_attrs1_83837249__vs__8db63962d9_super_editor__fields_attrs2_fonts_ebd792fb_redline_1824b1df94.pdf,4ac97c91fc08cf63c54e932496f1a291575d2b1d407d454631e232ee6b5fa592,/Users/arthrod/temp/T/neurotic_docx_bench/results/redlines_0929_full/docxodus/pdf_by_word/f71a12ee23_super_editor__fields_attrs1_83837249__vs__8db63962d9_super_editor__fields_attrs2_fonts_ebd792fb_redline_1824b1df94_docxodus.pdf,796e59d2b58d4258c52a65834b81f9924b3f14a0bfe442c5deb9bc85e37cc133
2936af4459_super_editor__sd_1480_two_col_tab_positions_0095__vs__0a1badc333_super_editor__missing_sectpr_967a402d_redline_18533edab7,18533edab7,tracking_without_comments,word_redlines_superdoc_0926,corpus,/Users/arthrod/temp/T/neurotic_docx_bench/corpus/word/tracking_without_comments/pdf/2936af4459_super_editor__sd_1480_two_col_tab_positions_0095__vs__0a1badc333_super_editor__missing_sectpr_967a402d_redline_18533edab7.pdf,911e5712ccda4530cd39b58238ba94192ec06542ec4a35e684913d8bd834fde8,/Users/arthrod/temp/T/neurotic_docx_bench/results/redlines_0929_full/docxodus/pdf_by_word/2936af4459_super_editor__sd_1480_two_col_tab_positions_0095__vs__0a1badc333_super_editor__missing_sectpr_967a402d_redline_18533edab7_docxodus.pdf,75c9861d88ec1a9af780ef60d91a99a74cb9ee4d4543d4106b71f6abd71ea490
ddfaf8c480_line_spacing_demo_id_paraid_overflow__vs__ea970f238e_marketing_strategy_2026_suggesting_insertions_redline_1911694835,1911694835,tracking_without_comments,nocomments,corpus,/Users/arthrod/temp/T/neurotic_docx_bench/corpus/word/tracking_without_comments/pdf/ddfaf8c480_line_spacing_demo_id_paraid_overflow__vs__ea970f238e_marketing_strategy_2026_suggesting_insertions_redline_1911694835.pdf,96da2edb968cf39f3fb3ce48f490ca551fb2a80ac4788dfa0e0d2aa74d6b3eab,/Users/arthrod/temp/T/neurotic_docx_bench/results/redlines_0929_full/docxodus/pdf_by_word/ddfaf8c480_line_spacing_demo_id_paraid_overflow__vs__ea970f238e_marketing_strategy_2026_suggesting_insertions_redline_047b4c0dba_docxodus.pdf,8beb1f31ceabe5d786321ccf944dcfc0de59c426dadd5abf71afc138585cd689
10415d5332_behavior__rtl_mixed_bidi_e955f185__vs__96fa27757a_behavior__rtl_page_numpages_54739e26_redline_1942a590b4,1942a590b4,tracking_without_comments,word_redlines_superdoc_0926,corpus,/Users/arthrod/temp/T/neurotic_docx_bench/corpus/word/tracking_without_comments/pdf/10415d5332_behavior__rtl_mixed_bidi_e955f185__vs__96fa27757a_behavior__rtl_page_numpages_54739e26_redline_1942a590b4.pdf,a0beef52b2b572f64e6cf291b7ebd3c0c8975c9bf1d2af83e6df1dcf625884f6,/Users/arthrod/temp/T/neurotic_docx_bench/results/redlines_0929_full/docxodus/pdf_by_word/10415d5332_behavior__rtl_mixed_bidi_e955f185__vs__96fa27757a_behavior__rtl_page_numpages_54739e26_redline_1942a590b4_docxodus.pdf,9f68c3d24db7567a4f1df277bf446e1f74a49ddd3d2a02c39370bd2d5cd7c4b0
60173fbf12_file_172__vs__47af6b09d0_file_173_redline_199bc7e204,199bc7e204,tracking_without_comments,nocomments_randomized,corpus,/Users/arthrod/temp/T/neurotic_docx_bench/corpus/word/tracking_without_comments/pdf/60173fbf12_file_172__vs__47af6b09d0_file_173_redline_199bc7e204.pdf,215ab65875b35eb3d5585bfe748ac23e3b3e2c211ea1773fe9b560bfb63a3399,/Users/arthrod/temp/T/neurotic_docx_bench/results/redlines_0929_full/docxodus/pdf_by_word/60173fbf12_file_172__vs__47af6b09d0_file_173_redline_199bc7e204_docxodus.pdf,05cbf0619cf956c3ac6398da190c75bab50e9ba201f7c29c0e5f7f492d73481d
4ba01802a7_super_editor__diff_after_10f1912e__vs__98bc895b4b_super_editor__listwithspacernodes_cf53e890_redline_1a9607929b,1a9607929b,tracking_without_comments,word_redlines_superdoc_0926,corpus,/Users/arthrod/temp/T/neurotic_docx_bench/corpus/word/tracking_without_comments/pdf/4ba01802a7_super_editor__diff_after_10f1912e__vs__98bc895b4b_super_editor__listwithspacernodes_cf53e890_redline_1a9607929b.pdf,1e7d9c4e1b710bafcede722d2cd6d58e810459b06fe3db03040a895d80a60cfb,/Users/arthrod/temp/T/neurotic_docx_bench/results/redlines_0929_full/docxodus/pdf_by_word/4ba01802a7_super_editor__diff_after_10f1912e__vs__98bc895b4b_super_editor__listwithspacernodes_cf53e890_redline_0ace7bbff2_docxodus.pdf,886e61feebe67d5e864f433a1660cadab4bee56a182bdc6094662fe1fac6e6e4
436055d33f_super_editor__diff_before6_7c6912cb__vs__43dd6753e6_super_editor__diff_before7_5bad2542_redline_1c1fd5736f,1c1fd5736f,tracking_without_comments,word_redlines_superdoc_0926,corpus,/Users/arthrod/temp/T/neurotic_docx_bench/corpus/word/tracking_without_comments/pdf/436055d33f_super_editor__diff_before6_7c6912cb__vs__43dd6753e6_super_editor__diff_before7_5bad2542_redline_1c1fd5736f.pdf,2a465e7dafdb96b209ca8cba864319fc196723c3e17a9adbff5f31ac950190b0,/Users/arthrod/temp/T/neurotic_docx_bench/results/redlines_0929_full/docxodus/pdf_by_word/436055d33f_super_editor__diff_before6_7c6912cb__vs__43dd6753e6_super_editor__diff_before7_5bad2542_redline_15bbf99e99_docxodus.pdf,1cb08875309869c1d47efefbf611578183ad6ab2feb35046af637a62596bcdfa
049e83d7a7_file_137__vs__042b952c89_file_138_redline_1d2c05bfad,1d2c05bfad,tracking_without_comments,word_based_randomized,corpus,/Users/arthrod/temp/T/neurotic_docx_bench/corpus/word/tracking_without_comments/pdf/049e83d7a7_file_137__vs__042b952c89_file_138_redline_1d2c05bfad.pdf,ffe0700f7e936b4ff7e6c3493652ce4c32cee3902bd2daff35e539e6d246ea07,/Users/arthrod/temp/T/neurotic_docx_bench/results/redlines_0929_full/docxodus/pdf_by_word/049e83d7a7_file_137__vs__042b952c89_file_138_redline_1d2c05bfad_docxodus.pdf,c28d9eaf0f9f0b9b15ddd7a2faaea5318b8992606d53dc3a6379a2bcafdbf637
a5eb266a1f_016236e3bf778292b45976ecd4a34b45d02104f47db7a3ca__vs__2773adf157_0004c94ca2a8684d47449bb0e7abf87de1df71a7e6543252_redline_1da384ebd8,1da384ebd8,tracking_without_comments,redlines_a100_b10,corpus,/Users/arthrod/temp/T/neurotic_docx_bench/corpus/word/tracking_without_comments/pdf/a5eb266a1f_016236e3bf778292b45976ecd4a34b45d02104f47db7a3ca__vs__2773adf157_0004c94ca2a8684d47449bb0e7abf87de1df71a7e6543252_redline_1da384ebd8.pdf,95e68cd8f259ad4af279cc3ce980b1f1af0aca918c9d0ef00b95cc117bf30aab,/Users/arthrod/temp/T/neurotic_docx_bench/results/redlines_0929_full/docxodus/pdf_by_word/a5eb266a1f_016236e3bf778292b45976ecd4a34b45d02104f47db7a3ca__vs__2773adf157_0004c94ca2a8684d47449bb0e7abf87de1df71a7e6543252_redline_1da384ebd8_docxodus.pdf,51c768dd9c9b85a64e509c25b78fefb791606af2df7a5c67265ffd58b296f478
145c9e6761_font_size_demo_id_paraid_overflow__vs__783b1628da_green_bold_text_demo_id_paraid_overflow_redline_1dd8c158fd,1dd8c158fd,tracking_without_comments,nocomments,corpus,/Users/arthrod/temp/T/neurotic_docx_bench/corpus/word/tracking_without_comments/pdf/145c9e6761_font_size_demo_id_paraid_overflow__vs__783b1628da_green_bold_text_demo_id_paraid_overflow_redline_1dd8c158fd.pdf,5590046e7abc0ab8de22b03addd7062d8af3a11dfa2eddcdf8b90fe9cee6e71f,/Users/arthrod/temp/T/neurotic_docx_bench/results/redlines_0929_full/docxodus/pdf_by_word/145c9e6761_font_size_demo_id_paraid_overflow__vs__783b1628da_green_bold_text_demo_id_paraid_overflow_redline_1dd8c158fd_docxodus.pdf,70c48c20d07489e8d6da9195bcd4137aef035400b7e9db155cfb14cc7f78ec5e
6fffde4ae2_000bf66110e841e1d2c2e862fc7db869b8d410586ad12d0d__vs__deff0e697a_00b5defcad6e58038eac35472a2d48c89905068e5ece0cc3_redline_1e8d815fcc,1e8d815fcc,tracking_without_comments,redlines_a100_b10,corpus,/Users/arthrod/temp/T/neurotic_docx_bench/corpus/word/tracking_without_comments/pdf/6fffde4ae2_000bf66110e841e1d2c2e862fc7db869b8d410586ad12d0d__vs__deff0e697a_00b5defcad6e58038eac35472a2d48c89905068e5ece0cc3_redline_1e8d815fcc.pdf,87113e2db6e8a74abbca43bb51b79cc7324dc1fce58bf4bd7cb3516956e5c217,/Users/arthrod/temp/T/neurotic_docx_bench/results/redlines_0929_full/docxodus/pdf_by_word/6fffde4ae2_000bf66110e841e1d2c2e862fc7db869b8d410586ad12d0d__vs__deff0e697a_00b5defcad6e58038eac35472a2d48c89905068e5ece0cc3_redline_1e8d815fcc_docxodus.pdf,d50ccff032001c43bcf769722bc7419990093458d423f7a4fee428e02760e669
5e8ea1f5e9_track_changes_suggesting_center_id_paraid_overfl__vs__df5f785d0e_track_changes_suggesting_heading_id_paraid_overf_redline_1f7ff80e43,1f7ff80e43,tracking_without_comments,nocomments,corpus,/Users/arthrod/temp/T/neurotic_docx_bench/corpus/word/tracking_without_comments/pdf/5e8ea1f5e9_track_changes_suggesting_center_id_paraid_overfl__vs__df5f785d0e_track_changes_suggesting_heading_id_paraid_overf_redline_1f7ff80e43.pdf,b2e31b527ed50f775d66ca9f51b84bd5c0eba7c165b869b0b446c9d47eddf3e4,/Users/arthrod/temp/T/neurotic_docx_bench/results/redlines_0929_full/docxodus/pdf_by_word/5e8ea1f5e9_track_changes_suggesting_center_id_paraid_overfl__vs__df5f785d0e_track_changes_suggesting_heading_id_paraid_overf_redline_1f7ff80e43_docxodus.pdf,2755b58bcdd38444db40aa93ab8e17006d38ba822fe26e0562d4c3c02ccbdacd
b27bda87ed_0023f7c421a05af9c44fb4ff9ef1bce46c53a081779b1e72__vs__aa5340125d_00a4b0b91e9b5b072dc3771391c2d608518690eccf44eae8_redline_205503ead9,205503ead9,tracking_without_comments,redlines_a100_b10,corpus,/Users/arthrod/temp/T/neurotic_docx_bench/corpus/word/tracking_without_comments/pdf/b27bda87ed_0023f7c421a05af9c44fb4ff9ef1bce46c53a081779b1e72__vs__aa5340125d_00a4b0b91e9b5b072dc3771391c2d608518690eccf44eae8_redline_205503ead9.pdf,afe288212c6dc89d3a5971120d6e4fe7e02239fa88c4c2a4a4139154893626a7,/Users/arthrod/temp/T/neurotic_docx_bench/results/redlines_0929_full/docxodus/pdf_by_word/b27bda87ed_0023f7c421a05af9c44fb4ff9ef1bce46c53a081779b1e72__vs__aa5340125d_00a4b0b91e9b5b072dc3771391c2d608518690eccf44eae8_redline_205503ead9_docxodus.pdf,cbc9cba2f9c1b7e085c2ebc4cc8fb13c68307690334b403331be19255c31b392
f4faa3ad63_file_129__vs__1547c5df73_file_130_redline_206e9d2d17,206e9d2d17,tracking_without_comments,word_based_randomized_0926,corpus,/Users/arthrod/temp/T/neurotic_docx_bench/corpus/word/tracking_without_comments/pdf/f4faa3ad63_file_129__vs__1547c5df73_file_130_redline_206e9d2d17.pdf,b5b26de0594a254daf79248d680c8e31629378a25ecadac981c8aba3b464a35f,/Users/arthrod/temp/T/neurotic_docx_bench/results/redlines_0929_full/docxodus/pdf_by_word/f4faa3ad63_file_129__vs__1547c5df73_file_130_redline_206e9d2d17_docxodus.pdf,44535480293d3d7084f7a6d04073dcc2bcf6adb9e9d8bd955aeefb7b71da51dc
e451997662_super_editor__h_f_normal_5d2a8d96__vs__837d45926d_super_editor__header_alternating_odd_even_11e019_redline_207a4a8f72,207a4a8f72,tracking_without_comments,word_redlines_superdoc,corpus,/Users/arthrod/temp/T/neurotic_docx_bench/corpus/word/tracking_without_comments/pdf/e451997662_super_editor__h_f_normal_5d2a8d96__vs__837d45926d_super_editor__header_alternating_odd_even_11e019_redline_207a4a8f72.pdf,c7d80db10def807ac04fcaa9e44c1d6579c760679203bd03036f7df74931aa7b,/Users/arthrod/temp/T/neurotic_docx_bench/results/redlines_0929_full/docxodus/pdf_by_word/e451997662_super_editor__h_f_normal_5d2a8d96__vs__837d45926d_super_editor__header_alternating_odd_even_11e019_redline_207a4a8f72_docxodus.pdf,1d097f9a4201964bdc3c1e74fab829b649fac9baa82673d01fb15bb547eb70e1
53de8de92b_file_183__vs__abd0b75d88_file_184_redline_22702d4c54,22702d4c54,tracking_without_comments,word_based_randomized,corpus,/Users/arthrod/temp/T/neurotic_docx_bench/corpus/word/tracking_without_comments/pdf/53de8de92b_file_183__vs__abd0b75d88_file_184_redline_22702d4c54.pdf,891fbc7faff257e34a023b6437d6d575990107dace8ea961c43db84e319d66f5,/Users/arthrod/temp/T/neurotic_docx_bench/results/redlines_0929_full/docxodus/pdf_by_word/53de8de92b_file_183__vs__abd0b75d88_file_184_redline_22702d4c54_docxodus.pdf,7823c50bb1ea3e1e20e94fc54c2910f73ed739beead943cdc22a037efc8aaa55
a1f5212957_file_145__vs__ee628c2f6a_file_146_redline_244b013316,244b013316,tracking_without_comments,nocomments_randomized,corpus,/Users/arthrod/temp/T/neurotic_docx_bench/corpus/word/tracking_without_comments/pdf/a1f5212957_file_145__vs__ee628c2f6a_file_146_redline_244b013316.pdf,d89fda811f046539e4177e86e290b992d691050adf145e41394b98fb65faf4ee,/Users/arthrod/temp/T/neurotic_docx_bench/results/redlines_0929_full/docxodus/pdf_by_word/a1f5212957_file_145__vs__ee628c2f6a_file_146_redline_244b013316_docxodus.pdf,0410f2d76b8a093b3e6c65a37a757cea5a3d460a14c70d8069418dad16faa0db
82348eef4b_multi_section__vs__f7ece685ff_behavior__math_limit_tests_6dc07867_redline_249ef3e059,249ef3e059,tracking_without_comments,word_redlines_superdoc,corpus,/Users/arthrod/temp/T/neurotic_docx_bench/corpus/word/tracking_without_comments/pdf/82348eef4b_multi_section__vs__f7ece685ff_behavior__math_limit_tests_6dc07867_redline_249ef3e059.pdf,dbde88d32e86258dbe493fc63fb1227c02c82eef647058e8c8da364af651a234,/Users/arthrod/temp/T/neurotic_docx_bench/results/redlines_0929_full/docxodus/pdf_by_word/82348eef4b_multi_section__vs__f7ece685ff_behavior__math_limit_tests_6dc07867_redline_249ef3e059_docxodus.pdf,b0e0e320f9d292a1388667dc50f3982d177024252a5adc2949a9d961e780fa8f
2b267ac531_right_aligned_italic_demo_id_paraid_overflow__vs__133bbfae84_right_alignment_demo_id_paraid_overflow_2_redline_24c220ff48,24c220ff48,tracking_without_comments,word_based_0926,corpus,/Users/arthrod/temp/T/neurotic_docx_bench/corpus/word/tracking_without_comments/pdf/2b267ac531_right_aligned_italic_demo_id_paraid_overflow__vs__133bbfae84_right_alignment_demo_id_paraid_overflow_2_redline_24c220ff48.pdf,a45afc2ca07f1663d993da00cff7a05e57a9c5087adc248f350bc1dd836194d1,/Users/arthrod/temp/T/neurotic_docx_bench/results/redlines_0929_full/docxodus/pdf_by_word/2b267ac531_right_aligned_italic_demo_id_paraid_overflow__vs__133bbfae84_right_alignment_demo_id_paraid_overflow_2_redline_24c220ff48_docxodus.pdf,cf1888bab1b6d9975dc1a768d37ef9af96d0fb370dbfeaa3e3a2cb6d2287893c
daf1fa36c0_red_bold_heading_demo_style_default_missing__vs__3e33de961a_red_bold_text_demo_id_paraid_overflow_redline_2648efbf3a,2648efbf3a,tracking_without_comments,word_based,corpus,/Users/arthrod/temp/T/neurotic_docx_bench/corpus/word/tracking_without_comments/pdf/daf1fa36c0_red_bold_heading_demo_style_default_missing__vs__3e33de961a_red_bold_text_demo_id_paraid_overflow_redline_2648efbf3a.pdf,c2b5e2d2834b5825c77ff23204599eed5559a76c87ac1d34ccd0ec59f16e4537,/Users/arthrod/temp/T/neurotic_docx_bench/results/redlines_0929_full/docxodus/pdf_by_word/daf1fa36c0_red_bold_heading_demo_style_default_missing__vs__3e33de961a_red_bold_text_demo_id_paraid_overflow_redline_2648efbf3a_docxodus.pdf,469fd3f8b1043253ba176d55d57db29146261e3684f0a471e1aac8baf82a7fb4
4ad775158b_bold_red_text_combo_id_paraid_overflow__vs__02c9605488_bold_superscript_demo_style_default_missing_redline_2693af7e81,2693af7e81,tracking_without_comments,word_based,corpus,/Users/arthrod/temp/T/neurotic_docx_bench/corpus/word/tracking_without_comments/pdf/4ad775158b_bold_red_text_combo_id_paraid_overflow__vs__02c9605488_bold_superscript_demo_style_default_missing_redline_2693af7e81.pdf,415398ba1daaaf823ee61b70aacfbe037055a9ade3d1a6c65aa9e818fa6eb666,/Users/arthrod/temp/T/neurotic_docx_bench/results/redlines_0929_full/docxodus/pdf_by_word/4ad775158b_bold_red_text_combo_id_paraid_overflow__vs__02c9605488_bold_superscript_demo_style_default_missing_redline_2693af7e81_docxodus.pdf,33d9a32ee82f8635120b155fa791df10ca7652067c1c5c2c3241391ad961c86c
54f4bb74cd_109e410552189077d3cc1340a4f0af45587d7f86a0f93dc3__vs__16e531d5a8_17a3cbea2f582b789a9fc35c9ab70b7126430c5acbb822d0_redline_276adf43a6,276adf43a6,tracking_without_comments,redlines_en_500,corpus,/Users/arthrod/temp/T/neurotic_docx_bench/corpus/word/tracking_without_comments/pdf/54f4bb74cd_109e410552189077d3cc1340a4f0af45587d7f86a0f93dc3__vs__16e531d5a8_17a3cbea2f582b789a9fc35c9ab70b7126430c5acbb822d0_redline_276adf43a6.pdf,046359c32baa29d37a7beb3d05644768e7679e9e380d415a515dc9e08768f022,/Users/arthrod/temp/T/neurotic_docx_bench/results/redlines_0929_full/docxodus/pdf_by_word/54f4bb74cd_109e410552189077d3cc1340a4f0af45587d7f86a0f93dc3__vs__16e531d5a8_17a3cbea2f582b789a9fc35c9ab70b7126430c5acbb822d0_redline_276adf43a6_docxodus.pdf,4903f9b04b2b14eff2aa96b5bd47952448e6a77e3966ca77b5bb9a66be511a26
c706120413_open_sans_font_demo_id_paraid_overflow__vs__f7d8cdf9a9_product_roadmap_2026_suggesting_insertions_redline_279d92fc33,279d92fc33,tracking_without_comments,word_based,corpus,/Users/arthrod/temp/T/neurotic_docx_bench/corpus/word/tracking_without_comments/pdf/c706120413_open_sans_font_demo_id_paraid_overflow__vs__f7d8cdf9a9_product_roadmap_2026_suggesting_insertions_redline_279d92fc33.pdf,6575721e9e82cff855249c26737fd022d524188c812e358bf9a46581edf41f2d,/Users/arthrod/temp/T/neurotic_docx_bench/results/redlines_0929_full/docxodus/pdf_by_word/c706120413_open_sans_font_demo_id_paraid_overflow__vs__f7d8cdf9a9_product_roadmap_2026_suggesting_insertions_redline_279d92fc33_docxodus.pdf,819db8aa2a6d385ac822a10863507a97e664d9157eb1166b2d571338a9d21d2a
5d185fb0dd_006ab612b3ae2e0b1915746c660d9ea64842d89c434e0a09__vs__333bfe069a_003416d620331122b93b434dad901db5836f60d2cad4b533_redline_282a41181b,282a41181b,tracking_without_comments,redlines_a100_b10,corpus,/Users/arthrod/temp/T/neurotic_docx_bench/corpus/word/tracking_without_comments/pdf/5d185fb0dd_006ab612b3ae2e0b1915746c660d9ea64842d89c434e0a09__vs__333bfe069a_003416d620331122b93b434dad901db5836f60d2cad4b533_redline_282a41181b.pdf,94d3509f9b11692c7299854915e8906d2ac0200e868ce2ba85b5f0e9c6888292,/Users/arthrod/temp/T/neurotic_docx_bench/results/redlines_0929_full/docxodus/pdf_by_word/5d185fb0dd_006ab612b3ae2e0b1915746c660d9ea64842d89c434e0a09__vs__333bfe069a_003416d620331122b93b434dad901db5836f60d2cad4b533_redline_282a41181b_docxodus.pdf,7a11953650695f5500edf841ad1630cc46dbdf6eedc0d99bf3aa501425ce76a8
8eef85ebbd_employee_directory_table__vs__e51fcdfdbe_employee_review_john_smith_suggesting_insertions_redline_28c6e74c0f,28c6e74c0f,tracking_without_comments,nocomments,corpus,/Users/arthrod/temp/T/neurotic_docx_bench/corpus/word/tracking_without_comments/pdf/8eef85ebbd_employee_directory_table__vs__e51fcdfdbe_employee_review_john_smith_suggesting_insertions_redline_28c6e74c0f.pdf,f869413e0b784958c0938f6ff2e4ef73ad65d76792ce93e1a3022f2597b53ed7,/Users/arthrod/temp/T/neurotic_docx_bench/results/redlines_0929_full/docxodus/pdf_by_word/8eef85ebbd_employee_directory_table__vs__e51fcdfdbe_employee_review_john_smith_suggesting_insertions_redline_28c6e74c0f_docxodus.pdf,fe629c216ca7903fa24aa67df6c1d1ffa434e1bfbfaece5ded3cb627c6675b18
3d9b31338f_evals__memorandum_258c774a__vs__f89ff5989b_evals__nda_7f304918_redline_28cc200bf7,28cc200bf7,tracking_without_comments,word_redlines_superdoc,corpus,/Users/arthrod/temp/T/neurotic_docx_bench/corpus/word/tracking_without_comments/pdf/3d9b31338f_evals__memorandum_258c774a__vs__f89ff5989b_evals__nda_7f304918_redline_28cc200bf7.pdf,81f1f098b63a0768caea7caa4b4575b65aeba40cf99d9772a142307647956b6d,/Users/arthrod/temp/T/neurotic_docx_bench/results/redlines_0929_full/docxodus/pdf_by_word/3d9b31338f_evals__memorandum_258c774a__vs__f89ff5989b_evals__nda_7f304918_redline_28cc200bf7_docxodus.pdf,457bae817a1f0bab90b55f737039c87f8f8c4e1475cd7bc3b9052cd44616d621
017c22e2a3_heading_3_style_demo_id_paraid_overflow_2__vs__e0e6c96bb7_heading_3_style_demo_id_paraid_overflow_redline_2a1fd29427,2a1fd29427,tracking_without_comments,word_based_0926,corpus,/Users/arthrod/temp/T/neurotic_docx_bench/corpus/word/tracking_without_comments/pdf/017c22e2a3_heading_3_style_demo_id_paraid_overflow_2__vs__e0e6c96bb7_heading_3_style_demo_id_paraid_overflow_redline_2a1fd29427.pdf,e17ae6db69d367b7fe3a9a39f499075f01607c63da8d4133af98c6c2781e4f15,/Users/arthrod/temp/T/neurotic_docx_bench/results/redlines_0929_full/docxodus/pdf_by_word/017c22e2a3_heading_3_style_demo_id_paraid_overflow_2__vs__e0e6c96bb7_heading_3_style_demo_id_paraid_overflow_redline_2a01fde7a0_docxodus.pdf,2271b2eb07eec93ec8a2cef8e3c9554299a11e04701302296c376a26fc6fff69
0e6f813e69_00d2ca27359f3d1d5ee2c2904b48a3e4717faf7fdf6413f6__vs__342f364d46_001342333d45627868f4dc5282abbba4598a91b4a7584b08_redline_2a200ba71b,2a200ba71b,tracking_without_comments,redlines_a100_b10,corpus,/Users/arthrod/temp/T/neurotic_docx_bench/corpus/word/tracking_without_comments/pdf/0e6f813e69_00d2ca27359f3d1d5ee2c2904b48a3e4717faf7fdf6413f6__vs__342f364d46_001342333d45627868f4dc5282abbba4598a91b4a7584b08_redline_2a200ba71b.pdf,39c5d1c3cb931c34cfbe56399d817d1b61dbd09bb1b4edf6ce4947f7d64938e3,/Users/arthrod/temp/T/neurotic_docx_bench/results/redlines_0929_full/docxodus/pdf_by_word/0e6f813e69_00d2ca27359f3d1d5ee2c2904b48a3e4717faf7fdf6413f6__vs__342f364d46_001342333d45627868f4dc5282abbba4598a91b4a7584b08_redline_2a200ba71b_docxodus.pdf,cd225141261bedf5e87ff981df6210c5ca27767f2574992f9a63dc30aa3c0f71
4db02133f5_0007ed60dbbc648e714534360ae72dd054c8322b82ac5609__vs__a5f2b9318d_002aa60c2ae1187417b4b157c5ec6450324cc056ec551a12_redline_2b6cd27147,2b6cd27147,tracking_without_comments,redlines_a100_b10,corpus,/Users/arthrod/temp/T/neurotic_docx_bench/corpus/word/tracking_without_comments/pdf/4db02133f5_0007ed60dbbc648e714534360ae72dd054c8322b82ac5609__vs__a5f2b9318d_002aa60c2ae1187417b4b157c5ec6450324cc056ec551a12_redline_2b6cd27147.pdf,403ee61fb9880012d1ceeff1d9d8f97d7a44c6802610465bead1b28a4b084209,/Users/arthrod/temp/T/neurotic_docx_bench/results/redlines_0929_full/docxodus/pdf_by_word/4db02133f5_0007ed60dbbc648e714534360ae72dd054c8322b82ac5609__vs__a5f2b9318d_002aa60c2ae1187417b4b157c5ec6450324cc056ec551a12_redline_2b6cd27147_docxodus.pdf,689bbdcb559c97dc4ad8f078feb5a444b51f958a0794087150d2c3dbaa1540e4
053656fac9_file_135__vs__0b9cc47345_file_136_redline_2b96209f39,2b96209f39,tracking_without_comments,word_based_randomized_0926,corpus,/Users/arthrod/temp/T/neurotic_docx_bench/corpus/word/tracking_without_comments/pdf/053656fac9_file_135__vs__0b9cc47345_file_136_redline_2b96209f39.pdf,2bf46f0ab39488f84e4c95b7978b974e4e6a616937e5f1df526a8dc77a5395d5,/Users/arthrod/temp/T/neurotic_docx_bench/results/redlines_0929_full/docxodus/pdf_by_word/053656fac9_file_135__vs__0b9cc47345_file_136_redline_27f897961f_docxodus.pdf,0759729911c17c32b047e0a97f812d859b55c0f3e557382c9b1ecebd686272c7
7e4c9416aa_00803e70c3646e42abab322238df606c847686168795a703__vs__aa5340125d_00a4b0b91e9b5b072dc3771391c2d608518690eccf44eae8_redline_2dbe802d9a,2dbe802d9a,tracking_without_comments,redlines_a100_b10,corpus,/Users/arthrod/temp/T/neurotic_docx_bench/corpus/word/tracking_without_comments/pdf/7e4c9416aa_00803e70c3646e42abab322238df606c847686168795a703__vs__aa5340125d_00a4b0b91e9b5b072dc3771391c2d608518690eccf44eae8_redline_2dbe802d9a.pdf,87d74c5762753e03bb239df223cfd82e255d482e759aba2561d0e50f5ef0fd17,/Users/arthrod/temp/T/neurotic_docx_bench/results/redlines_0929_full/docxodus/pdf_by_word/7e4c9416aa_00803e70c3646e42abab322238df606c847686168795a703__vs__aa5340125d_00a4b0b91e9b5b072dc3771391c2d608518690eccf44eae8_redline_2dbe802d9a_docxodus.pdf,1c43af98d53c72aaf75b23c99d839d150bcab13db1f3e0ce2aab40f7a5481ee0
7d92b42353_file_147__vs__7d8bccf684_file_148_redline_2dca8cfd34,2dca8cfd34,tracking_without_comments,nocomments_randomized,corpus,/Users/arthrod/temp/T/neurotic_docx_bench/corpus/word/tracking_without_comments/pdf/7d92b42353_file_147__vs__7d8bccf684_file_148_redline_2dca8cfd34.pdf,eb093d1cede7bcc509d3eb039df0ca4544ade2433aae720849e40d80487bf915,/Users/arthrod/temp/T/neurotic_docx_bench/results/redlines_0929_full/docxodus/pdf_by_word/7d92b42353_file_147__vs__7d8bccf684_file_148_redline_2dca8cfd34_docxodus.pdf,d7be2777418ac8734d980a85aa1e8e31b4c1fde405eec61a8414a8b9964accef
00f467c010_0008753aa70a6a7b929aa1958001da41574c2d407e5b9863__vs__bd3824dd1e_000ee64ef7226d353297888f59a251e24ce5d776fea000fa_redline_2e24b0f4a3,2e24b0f4a3,tracking_without_comments,redlines_a100_b10,corpus,/Users/arthrod/temp/T/neurotic_docx_bench/corpus/word/tracking_without_comments/pdf/00f467c010_0008753aa70a6a7b929aa1958001da41574c2d407e5b9863__vs__bd3824dd1e_000ee64ef7226d353297888f59a251e24ce5d776fea000fa_redline_2e24b0f4a3.pdf,7c254939b0696fb391af6da8912b07a4b76bf97ccd76fae8eb5dd31cd4fd477e,/Users/arthrod/temp/T/neurotic_docx_bench/results/redlines_0929_full/docxodus/pdf_by_word/00f467c010_0008753aa70a6a7b929aa1958001da41574c2d407e5b9863__vs__bd3824dd1e_000ee64ef7226d353297888f59a251e24ce5d776fea000fa_redline_2e24b0f4a3_docxodus.pdf,8d741d3ae50d60e990df8e5971758e80efb727557dad132b9febfc16223ae29f
98c8b73841_0041d3944715c2fffc5929695f968e5f399e85b139fba063__vs__a5f2b9318d_002aa60c2ae1187417b4b157c5ec6450324cc056ec551a12_redline_2e391c5378,2e391c5378,tracking_without_comments,redlines_a100_b10,corpus,/Users/arthrod/temp/T/neurotic_docx_bench/corpus/word/tracking_without_comments/pdf/98c8b73841_0041d3944715c2fffc5929695f968e5f399e85b139fba063__vs__a5f2b9318d_002aa60c2ae1187417b4b157c5ec6450324cc056ec551a12_redline_2e391c5378.pdf,b42386bcd19dbad00afabf36a11d53d25b2901068041a89a2dea3ac95658e456,,
84f5fb598b_super_editor__diff_before11_1b953eaf__vs__7962b06671_super_editor__bookmark_use_cases_d20f31f6_redline_2e61a08273,2e61a08273,with_comments_tracking,word_redlines_superdoc,fresh,/Users/arthrod/temp/T/compare_regen/out/2e61a08273__vs__2e61a08273.pdf,64d86bb5785d879cb51004ca156b4aa36f84c436d85560a3b69e22b3056b398d,/Users/arthrod/temp/T/neurotic_docx_bench/results/redlines_0929_full/docxodus/pdf_by_word/84f5fb598b_super_editor__diff_before11_1b953eaf__vs__7962b06671_super_editor__bookmark_use_cases_d20f31f6_redline_29d3f492fb_docxodus.pdf,f9a7e93c58344b3e8098199f7d79c8c1aed5cb08b03ab35cec1a0cbb768d5223
60dfd517a9_00f0e7f365a34acc5911a38c89776a4bdd2ba1685edcd0cc__vs__deff0e697a_00b5defcad6e58038eac35472a2d48c89905068e5ece0cc3_redline_2f2755b316,2f2755b316,tracking_without_comments,redlines_a100_b10,corpus,/Users/arthrod/temp/T/neurotic_docx_bench/corpus/word/tracking_without_comments/pdf/60dfd517a9_00f0e7f365a34acc5911a38c89776a4bdd2ba1685edcd0cc__vs__deff0e697a_00b5defcad6e58038eac35472a2d48c89905068e5ece0cc3_redline_2f2755b316.pdf,c7c0e489db80d569bb1adcc6e063ab52a5a124f85d60e1d4a48eefb8c577cecb,/Users/arthrod/temp/T/neurotic_docx_bench/results/redlines_0929_full/docxodus/pdf_by_word/60dfd517a9_00f0e7f365a34acc5911a38c89776a4bdd2ba1685edcd0cc__vs__deff0e697a_00b5defcad6e58038eac35472a2d48c89905068e5ece0cc3_redline_2f2755b316_docxodus.pdf,1764c905e85429cd2638270185429367a89c282d42c17a24875d23e44bc59060
1d5505e889_b0619f2c3cf5c201db5ff844fd6a32c7db38a093bf3cff9c__vs__4b8f467eb1_b3e6fc4431471a33131aa612c95d48aad15dbf29256ce623_redline_2f7b665e00,2f7b665e00,tracking_without_comments,redlines_en_500,corpus,/Users/arthrod/temp/T/neurotic_docx_bench/corpus/word/tracking_without_comments/pdf/1d5505e889_b0619f2c3cf5c201db5ff844fd6a32c7db38a093bf3cff9c__vs__4b8f467eb1_b3e6fc4431471a33131aa612c95d48aad15dbf29256ce623_redline_2f7b665e00.pdf,8e909e4d622931ffda84f37cdf0aed134dd72413b0d58f194ba54f3dd08b381a,/Users/arthrod/temp/T/neurotic_docx_bench/results/redlines_0929_full/docxodus/pdf_by_word/1d5505e889_b0619f2c3cf5c201db5ff844fd6a32c7db38a093bf3cff9c__vs__4b8f467eb1_b3e6fc4431471a33131aa612c95d48aad15dbf29256ce623_redline_2f7b665e00_docxodus.pdf,c4f091b802dd3e7e27733740882e4512f3c35984accaf909241bc1405a33e2ee
d776ad9be7_super_editor__multi_section_doc_080d2655__vs__1c5bd81def_super_editor__multiple_nodes_in_list_79d915a2_redline_2fb2572c2e,2fb2572c2e,tracking_without_comments,word_redlines_superdoc_0926,corpus,/Users/arthrod/temp/T/neurotic_docx_bench/corpus/word/tracking_without_comments/pdf/d776ad9be7_super_editor__multi_section_doc_080d2655__vs__1c5bd81def_super_editor__multiple_nodes_in_list_79d915a2_redline_2fb2572c2e.pdf,9ffe0ffa0209e54fe96710485b0475b84d1b70d65acc8143e6cd580710733019,/Users/arthrod/temp/T/neurotic_docx_bench/results/redlines_0929_full/docxodus/pdf_by_word/d776ad9be7_super_editor__multi_section_doc_080d2655__vs__1c5bd81def_super_editor__multiple_nodes_in_list_79d915a2_redline_2fb2572c2e_docxodus.pdf,78d3604459d8b4098eb9758680ca8296755745dbc8dd2deec243bd33e9aa65b8
563331c6f3_super_editor__broken_complex_list_293fda86__vs__ee61fb4ab3_super_editor__base_ordered_fdff1fb2_redline_2fcd65ddc4,2fcd65ddc4,tracking_without_comments,word_redlines_superdoc,corpus,/Users/arthrod/temp/T/neurotic_docx_bench/corpus/word/tracking_without_comments/pdf/563331c6f3_super_editor__broken_complex_list_293fda86__vs__ee61fb4ab3_super_editor__base_ordered_fdff1fb2_redline_2fcd65ddc4.pdf,f5ee07c08fca5741fd7bfe45105ddf4425935383a1acfd74b2538b84dc2c2ce4,/Users/arthrod/temp/T/neurotic_docx_bench/results/redlines_0929_full/docxodus/pdf_by_word/563331c6f3_super_editor__broken_complex_list_293fda86__vs__ee61fb4ab3_super_editor__base_ordered_fdff1fb2_redline_2fcd65ddc4_docxodus.pdf,6601d45001da26f6084db0cdf99110f7c25009a200c7401a1d3360df1ecd09e5
5da4d924a9_file_93__vs__16a20f25a8_file_94_redline_301443d5e9,301443d5e9,tracking_without_comments,nocomments_randomized,corpus,/Users/arthrod/temp/T/neurotic_docx_bench/corpus/word/tracking_without_comments/pdf/5da4d924a9_file_93__vs__16a20f25a8_file_94_redline_301443d5e9.pdf,eabac9057e996f54e9921440676787232ffc8a0adba201304193576d169eba33,/Users/arthrod/temp/T/neurotic_docx_bench/results/redlines_0929_full/docxodus/pdf_by_word/5da4d924a9_file_93__vs__16a20f25a8_file_94_redline_301443d5e9_docxodus.pdf,eb2cfc4d022ba6db479bf46c161d7688412edf4f5f2bf935c09e6a682131df90
ac4b41aa8e_verdana_font_demo_id_paraid_overflow__vs__4f0a3847e3_verdana_italic_centered_demo_id_paraid_overflow_redline_30d1cde0ac,30d1cde0ac,with_comments_tracking,word_based,fresh,/Users/arthrod/temp/T/compare_regen/out/30d1cde0ac__vs__30d1cde0ac.pdf,65e2e9e42cb698d7a1939211c69d0fc61fb274fae1ce3a503dec2eecea0d584d,/Users/arthrod/temp/T/neurotic_docx_bench/results/redlines_0929_full/docxodus/pdf_by_word/ac4b41aa8e_verdana_font_demo_id_paraid_overflow__vs__4f0a3847e3_verdana_italic_centered_demo_id_paraid_overflow_redline_0fc7096b1f_docxodus.pdf,f16ea0d4b0237a02e0a9b25b05cdd10024b6df035d14c925ea41966b75be1d81
8441c4ae21_sd_2517_localized_heading_styles__vs__7b076416b0_sectpr_headerref_redline_3182a1cb82,3182a1cb82,tracking_without_comments,word_based;fixtures_word_compares;pdf_fill_0928,fresh,/Users/arthrod/temp/T/compare_regen/out/3182a1cb82__vs__3182a1cb82.pdf,777944a70dbf3a9402a4f06078c07e953ee01a176b1d8b0630f04f3334563fe4,/Users/arthrod/temp/T/neurotic_docx_bench/results/redlines_0929_full/docxodus/pdf_by_word/8441c4ae21_sd_2517_localized_heading_styles__vs__7b076416b0_sectpr_headerref_redline_3182a1cb82_docxodus.pdf,cae80cf51f8d2cb86fb609b6f5cc2ed5fca5dc440f0aa0a9fb4498e3948a610e
bb46f61c5d_line_spacing_demo_id_paraid_overflow__vs__de2a4c9936_marketing_strategy_2026_suggesting_insertions_redline_327ae4e5e4,327ae4e5e4,tracking_without_comments,word_based_0926,corpus,/Users/arthrod/temp/T/neurotic_docx_bench/corpus/word/tracking_without_comments/pdf/bb46f61c5d_line_spacing_demo_id_paraid_overflow__vs__de2a4c9936_marketing_strategy_2026_suggesting_insertions_redline_327ae4e5e4.pdf,4154a2be83fe47a793791e2aa1a03900d8aeaa3d0edf949ceea4367d3fd5c39a,/Users/arthrod/temp/T/neurotic_docx_bench/results/redlines_0929_full/docxodus/pdf_by_word/bb46f61c5d_line_spacing_demo_id_paraid_overflow__vs__de2a4c9936_marketing_strategy_2026_suggesting_insertions_redline_327ae4e5e4_docxodus.pdf,9714c73b0da9906f64c7094bf623ea5a205559e67e4795ff219f18dc9801009e
ce4c9d3b3d_7fa69790846ae2093b15137a907a6d257ba30150baeba42b__vs__3eece07f64_515d32d994d29c8964884a6f3ff725ed3edcce5254484e85_redline_334f6d93af,334f6d93af,tracking_without_comments,redlines_en_500,corpus,/Users/arthrod/temp/T/neurotic_docx_bench/corpus/word/tracking_without_comments/pdf/ce4c9d3b3d_7fa69790846ae2093b15137a907a6d257ba30150baeba42b__vs__3eece07f64_515d32d994d29c8964884a6f3ff725ed3edcce5254484e85_redline_334f6d93af.pdf,9f26015780b453ec709fa8ebee5a89f37673d5aa01a6c3617d45d655f80d0527,/Users/arthrod/temp/T/neurotic_docx_bench/results/redlines_0929_full/docxodus/pdf_by_word/ce4c9d3b3d_7fa69790846ae2093b15137a907a6d257ba30150baeba42b__vs__3eece07f64_515d32d994d29c8964884a6f3ff725ed3edcce5254484e85_redline_334f6d93af_docxodus.pdf,70de0daefbca3b3cb6a9deb9dfa4efe61d9f52f0285d8ff6eebb4d4cd079f89e
d09a2f8509_00b5aa69a6c33b2725953348488d62605dc209411d01f80a__vs__2773adf157_0004c94ca2a8684d47449bb0e7abf87de1df71a7e6543252_redline_3350b94022,3350b94022,tracking_without_comments,redlines_a100_b10,corpus,/Users/arthrod/temp/T/neurotic_docx_bench/corpus/word/tracking_without_comments/pdf/d09a2f8509_00b5aa69a6c33b2725953348488d62605dc209411d01f80a__vs__2773adf157_0004c94ca2a8684d47449bb0e7abf87de1df71a7e6543252_redline_3350b94022.pdf,230a19d1563fde9aef9722c4a1acd0486bb909f46484f2e4e17424ed58feae46,/Users/arthrod/temp/T/neurotic_docx_bench/results/redlines_0929_full/docxodus/pdf_by_word/d09a2f8509_00b5aa69a6c33b2725953348488d62605dc209411d01f80a__vs__2773adf157_0004c94ca2a8684d47449bb0e7abf87de1df71a7e6543252_redline_3350b94022_docxodus.pdf,172b57e1594b711287afc0ce42ba33c849ac8b7214abbe1abc19be9f00f4e4bd
725cdbebe3_0013892c946c551d309fcec9bb3f3500fc08bc77121a3849__vs__1424386e9b_017447de83753a0e3b7afc659df038ef56972925336c6a5b_redline_33b9490363,33b9490363,tracking_without_comments,redlines_a100_b10,corpus,/Users/arthrod/temp/T/neurotic_docx_bench/corpus/word/tracking_without_comments/pdf/725cdbebe3_0013892c946c551d309fcec9bb3f3500fc08bc77121a3849__vs__1424386e9b_017447de83753a0e3b7afc659df038ef56972925336c6a5b_redline_33b9490363.pdf,e254354a32e1b1515f85f876fa501301263608f27e8e541f4d927e03210ac93d,/Users/arthrod/temp/T/neurotic_docx_bench/results/redlines_0929_full/docxodus/pdf_by_word/725cdbebe3_0013892c946c551d309fcec9bb3f3500fc08bc77121a3849__vs__1424386e9b_017447de83753a0e3b7afc659df038ef56972925336c6a5b_redline_33b9490363_docxodus.pdf,b3c71e2f789a468aa4191fa7430108a7dffe4dec548f694e2d8cdae1d9f9002c
316da9cc94_subscript_demo_id_paraid_overflow__vs__b39182a410_subscript_demo_style_default_missing_redline_349073146a,349073146a,tracking_without_comments,word_based,corpus,/Users/arthrod/temp/T/neurotic_docx_bench/corpus/word/tracking_without_comments/pdf/316da9cc94_subscript_demo_id_paraid_overflow__vs__b39182a410_subscript_demo_style_default_missing_redline_349073146a.pdf,f96165f79502083feb827a66d543e108c641ac3c2a07a1c0683c440aba0f52c9,/Users/arthrod/temp/T/neurotic_docx_bench/results/redlines_0929_full/docxodus/pdf_by_word/316da9cc94_subscript_demo_id_paraid_overflow__vs__b39182a410_subscript_demo_style_default_missing_redline_349073146a_docxodus.pdf,0deecf0c3d695f59d4031e5e7a2369fb6447951c77c26c5870a14c26e9a3b9c3
95ff51154c_file_66__vs__1bcaf87caa_file_67_redline_349cab51fb,349cab51fb,tracking_without_comments,word_based_randomized,corpus,/Users/arthrod/temp/T/neurotic_docx_bench/corpus/word/tracking_without_comments/pdf/95ff51154c_file_66__vs__1bcaf87caa_file_67_redline_349cab51fb.pdf,dda2ea2817d403387c5ba9f75ae6f129c85163009656a76006855ff4069d5e10,/Users/arthrod/temp/T/neurotic_docx_bench/results/redlines_0929_full/docxodus/pdf_by_word/95ff51154c_file_66__vs__1bcaf87caa_file_67_redline_349cab51fb_docxodus.pdf,dd75e9f7ca1437145cfff3685101475905c04827144ae0c1c7255f4afd3faaaa
29e553325e_66022f5febd2c3e15bd1cb4eb73c046548e4da663f4e5236__vs__e6c6450977_01517928f575736a56608e7fb08681ef5e76cec5129abc38_redline_34d8738ab3,34d8738ab3,tracking_without_comments,redlines_en_500,corpus,/Users/arthrod/temp/T/neurotic_docx_bench/corpus/word/tracking_without_comments/pdf/29e553325e_66022f5febd2c3e15bd1cb4eb73c046548e4da663f4e5236__vs__e6c6450977_01517928f575736a56608e7fb08681ef5e76cec5129abc38_redline_34d8738ab3.pdf,7f657b65d52ac9e223bcbeea79dbd746608df65fc001042a6e89c29e39f2ffda,/Users/arthrod/temp/T/neurotic_docx_bench/results/redlines_0929_full/docxodus/pdf_by_word/29e553325e_66022f5febd2c3e15bd1cb4eb73c046548e4da663f4e5236__vs__e6c6450977_01517928f575736a56608e7fb08681ef5e76cec5129abc38_redline_34d8738ab3_docxodus.pdf,f625399e0c97a97626b221bc407817d5331684d49e4ca30558d907e4fadeddf8
ba54aaab82_super_editor__ooxml_italic_rstyle_combos_demo_90__vs__ba54c6632c_super_editor__ooxml_rfonts_rstyle_linked_combos_redline_357b0acb87,357b0acb87,tracking_without_comments,word_redlines_superdoc_0926,corpus,/Users/arthrod/temp/T/neurotic_docx_bench/corpus/word/tracking_without_comments/pdf/ba54aaab82_super_editor__ooxml_italic_rstyle_combos_demo_90__vs__ba54c6632c_super_editor__ooxml_rfonts_rstyle_linked_combos_redline_357b0acb87.pdf,db2b8611650bc35714c8caf6e13e3ae55ff1b48350724c7395701631fedea19a,/Users/arthrod/temp/T/neurotic_docx_bench/results/redlines_0929_full/docxodus/pdf_by_word/ba54aaab82_super_editor__ooxml_italic_rstyle_combos_demo_90__vs__ba54c6632c_super_editor__ooxml_rfonts_rstyle_linked_combos_redline_357b0acb87_docxodus.pdf,e928c7d29295ab043eca621732bff36f32851eb6a4cd117b622c18bfcf45a59c
6afafe50fd_file_92__vs__b5e2c1faa0_file_93_redline_3597052acf,3597052acf,tracking_without_comments,word_based_randomized_0926,corpus,/Users/arthrod/temp/T/neurotic_docx_bench/corpus/word/tracking_without_comments/pdf/6afafe50fd_file_92__vs__b5e2c1faa0_file_93_redline_3597052acf.pdf,2db3ddc7dcf282fd955665d5bc88e8445a30ef449cb01707ce499230d4e80eea,/Users/arthrod/temp/T/neurotic_docx_bench/results/redlines_0929_full/docxodus/pdf_by_word/6afafe50fd_file_92__vs__b5e2c1faa0_file_93_redline_298961f036_docxodus.pdf,8a56c81745a5cb27a7e884d74b7f3550f9f04c5d1325ba91e547224e22a44631
4ba01802a7_super_editor__diff_after_10f1912e__vs__c498e8c52c_super_editor__contract_acc_bbd983a0_redline_362913bbc7,362913bbc7,tracking_without_comments,word_redlines_superdoc,corpus,/Users/arthrod/temp/T/neurotic_docx_bench/corpus/word/tracking_without_comments/pdf/4ba01802a7_super_editor__diff_after_10f1912e__vs__c498e8c52c_super_editor__contract_acc_bbd983a0_redline_362913bbc7.pdf,8eff11b6aff69bc84a80a198323c0e7a59f90ed5f0e06f4d955a026588567f0f,/Users/arthrod/temp/T/neurotic_docx_bench/results/redlines_0929_full/docxodus/pdf_by_word/4ba01802a7_super_editor__diff_after_10f1912e__vs__c498e8c52c_super_editor__contract_acc_bbd983a0_redline_362913bbc7_docxodus.pdf,379d796f38d5e07657767757f31c6f76cf89fa1de39d7358a980c6691d3ab50c
cdf27ad0d3_behavior__sd_2672_nested_table_dfac08bb__vs__d678cb4275_super_editor__blank_doc_b2a325e7_redline_36fb098230,36fb098230,tracking_without_comments,word_redlines_superdoc_0926,corpus,/Users/arthrod/temp/T/neurotic_docx_bench/corpus/word/tracking_without_comments/pdf/cdf27ad0d3_behavior__sd_2672_nested_table_dfac08bb__vs__d678cb4275_super_editor__blank_doc_b2a325e7_redline_36fb098230.pdf,5a6041e3b8a4a340079e00b1dfeb2cab88a487a17f180b83c4e9d772b21c28a3,/Users/arthrod/temp/T/neurotic_docx_bench/results/redlines_0929_full/docxodus/pdf_by_word/cdf27ad0d3_behavior__sd_2672_nested_table_dfac08bb__vs__d678cb4275_super_editor__blank_doc_b2a325e7_redline_09c565d945_docxodus.pdf,790ea80f7447075e2d9c48b3792021371b945b5050b0087ecb3dc693aee67b70
f786f1da65_001921017566904561ee8ce26ec591c5fb4cd1655b295518__vs__333bfe069a_003416d620331122b93b434dad901db5836f60d2cad4b533_redline_3794c2d672,3794c2d672,tracking_without_comments,redlines_a100_b10,corpus,/Users/arthrod/temp/T/neurotic_docx_bench/corpus/word/tracking_without_comments/pdf/f786f1da65_001921017566904561ee8ce26ec591c5fb4cd1655b295518__vs__333bfe069a_003416d620331122b93b434dad901db5836f60d2cad4b533_redline_3794c2d672.pdf,2e7ae1165602e2c72ce92586445281a1dffb68a42f1f1f7217ed0140efeb6484,/Users/arthrod/temp/T/neurotic_docx_bench/results/redlines_0929_full/docxodus/pdf_by_word/f786f1da65_001921017566904561ee8ce26ec591c5fb4cd1655b295518__vs__333bfe069a_003416d620331122b93b434dad901db5836f60d2cad4b533_redline_3794c2d672_docxodus.pdf,c06228e6774c060d1d7eee4660ee924d85ee316b46147a43873137efe7b3c004
2ad8d15e88_00e901c5aa86bd93002ce801375c57e44c2c78a0e5b308d3__vs__1424386e9b_017447de83753a0e3b7afc659df038ef56972925336c6a5b_redline_37a937b13b,37a937b13b,tracking_without_comments,redlines_a100_b10,corpus,/Users/arthrod/temp/T/neurotic_docx_bench/corpus/word/tracking_without_comments/pdf/2ad8d15e88_00e901c5aa86bd93002ce801375c57e44c2c78a0e5b308d3__vs__1424386e9b_017447de83753a0e3b7afc659df038ef56972925336c6a5b_redline_37a937b13b.pdf,c46e0cad9ba5d1865ae2644d3015794bbba92df630dfb1b73d6d920c678ad979,/Users/arthrod/temp/T/neurotic_docx_bench/results/redlines_0929_full/docxodus/pdf_by_word/2ad8d15e88_00e901c5aa86bd93002ce801375c57e44c2c78a0e5b308d3__vs__1424386e9b_017447de83753a0e3b7afc659df038ef56972925336c6a5b_redline_37a937b13b_docxodus.pdf,6e7710a3fd32217aaae364f327d0f2503ea3501ff4582a504c3fe1655a07de92
5fa01813d3_super_editor__basic_table_shading_d3212ffd__vs__9e9d83978b_super_editor__sublist_issue_66a1800a_redline_37d8974b01,37d8974b01,tracking_without_comments,word_redlines_superdoc,corpus,/Users/arthrod/temp/T/neurotic_docx_bench/corpus/word/tracking_without_comments/pdf/5fa01813d3_super_editor__basic_table_shading_d3212ffd__vs__9e9d83978b_super_editor__sublist_issue_66a1800a_redline_37d8974b01.pdf,75826452611d244b9d99a0363c15353369bc6c327583ab756c521622c683afa3,/Users/arthrod/temp/T/neurotic_docx_bench/results/redlines_0929_full/docxodus/pdf_by_word/5fa01813d3_super_editor__basic_table_shading_d3212ffd__vs__9e9d83978b_super_editor__sublist_issue_66a1800a_redline_37d8974b01_docxodus.pdf,a84f7e84cd0577c411ad3d5d56f197d986827437067d29a992258fd61861823b
b992bfc6eb_super_editor__h_f_normal_odd_even_b572e46d__vs__e451997662_super_editor__h_f_normal_5d2a8d96_redline_393bcc39e4,393bcc39e4,tracking_without_comments,word_redlines_superdoc,corpus,/Users/arthrod/temp/T/neurotic_docx_bench/corpus/word/tracking_without_comments/pdf/b992bfc6eb_super_editor__h_f_normal_odd_even_b572e46d__vs__e451997662_super_editor__h_f_normal_5d2a8d96_redline_393bcc39e4.pdf,f433b721265ba77c93d4263a6b0a81876996886d163bfc362730664c8630c0b9,/Users/arthrod/temp/T/neurotic_docx_bench/results/redlines_0929_full/docxodus/pdf_by_word/b992bfc6eb_super_editor__h_f_normal_odd_even_b572e46d__vs__e451997662_super_editor__h_f_normal_5d2a8d96_redline_393bcc39e4_docxodus.pdf,eac920a3ebf0f8f23fcf020af3a1646b6da3707719735c67b648ad4ed8bd8786
8ea9be8350_a8770c0030d298312df257d3a79f0467a033a21b30ac0ec8__vs__ba8afe5c7a_e73ba1e0c215ac5e356ce6dc44500e73d41ee11ce01dd91a_redline_3b429bb993,3b429bb993,tracking_without_comments,redlines_en_500,corpus,/Users/arthrod/temp/T/neurotic_docx_bench/corpus/word/tracking_without_comments/pdf/8ea9be8350_a8770c0030d298312df257d3a79f0467a033a21b30ac0ec8__vs__ba8afe5c7a_e73ba1e0c215ac5e356ce6dc44500e73d41ee11ce01dd91a_redline_3b429bb993.pdf,e5550b81e81b1e6ee1244ab0f0303adfb9a617198102f5b6b205c5725a90bae0,/Users/arthrod/temp/T/neurotic_docx_bench/results/redlines_0929_full/docxodus/pdf_by_word/8ea9be8350_a8770c0030d298312df257d3a79f0467a033a21b30ac0ec8__vs__ba8afe5c7a_e73ba1e0c215ac5e356ce6dc44500e73d41ee11ce01dd91a_redline_3b429bb993_docxodus.pdf,23d638c4fa5a92f18da27f97b7a39078a5670978183210ca4d51e60c9eeebcdf
687da097e9_heading_2_center_demo_id_paraid_overflow__vs__3a9525749b_heading_2_style_demo_id_paraid_overflow_redline_3b4d7703bc,3b4d7703bc,tracking_without_comments,fixtures_word_compares;pdf_fill_0928,fresh,/Users/arthrod/temp/T/compare_regen/out/3b4d7703bc__vs__3b4d7703bc.pdf,26d232396051f67fb5481e69985e05f28a6ea6d7d3cbfcad36962338048c9e5f,/Users/arthrod/temp/T/neurotic_docx_bench/results/redlines_0929_full/docxodus/pdf_by_word/687da097e9_heading_2_center_demo_id_paraid_overflow__vs__3a9525749b_heading_2_style_demo_id_paraid_overflow_redline_1c5fe20c9c_docxodus.pdf,9876d9b8ca6cfd876478c6ee9fe481de9e32bfdfb29ecf691e31d82063c07a84
ca4ccabff6_superscript_demo_id_paraid_overflow_2__vs__860b6e457e_superscript_demo_id_paraid_overflow_redline_3b88fd5ebe,3b88fd5ebe,tracking_without_comments,word_based_0926,corpus,/Users/arthrod/temp/T/neurotic_docx_bench/corpus/word/tracking_without_comments/pdf/ca4ccabff6_superscript_demo_id_paraid_overflow_2__vs__860b6e457e_superscript_demo_id_paraid_overflow_redline_3b88fd5ebe.pdf,aeee16a63db17ab3ff4656dc502c9630198f766b6e419f98ad62f4ab6e47036b,/Users/arthrod/temp/T/neurotic_docx_bench/results/redlines_0929_full/docxodus/pdf_by_word/ca4ccabff6_superscript_demo_id_paraid_overflow_2__vs__860b6e457e_superscript_demo_id_paraid_overflow_redline_3b88fd5ebe_docxodus.pdf,675fb698a11854f430518e6cad3aed16705ff3fa307d924c5f29c4cd350597b8
1c5bd81def_super_editor__multiple_nodes_in_list_79d915a2__vs__0e1d01ec7d_super_editor__doc_with_graphs_diagrams_rotated_e_redline_3b980fe151,3b980fe151,tracking_without_comments,word_redlines_superdoc,corpus,/Users/arthrod/temp/T/neurotic_docx_bench/corpus/word/tracking_without_comments/pdf/1c5bd81def_super_editor__multiple_nodes_in_list_79d915a2__vs__0e1d01ec7d_super_editor__doc_with_graphs_diagrams_rotated_e_redline_3b980fe151.pdf,f2def54e41826276230c5bebcb0cee39db1b0a9041d13904ad83f55727b72e5e,/Users/arthrod/temp/T/neurotic_docx_bench/results/redlines_0929_full/docxodus/pdf_by_word/1c5bd81def_super_editor__multiple_nodes_in_list_79d915a2__vs__0e1d01ec7d_super_editor__doc_with_graphs_diagrams_rotated_e_redline_3b980fe151_docxodus.pdf,8c58c2bc03c8e87f21ad982658185f9cca014557d595153577f81671ed3a0145
476ab12079_e5c04599c47237de235c238feb7a4e6e006cc7ff15ecc70a__vs__01d8d30dcd_64a215ef9dd6ba45700f8bae07a22142ee74112b569d3e88_redline_3bc1b275af,3bc1b275af,tracking_without_comments,redlines_en_500,corpus,/Users/arthrod/temp/T/neurotic_docx_bench/corpus/word/tracking_without_comments/pdf/476ab12079_e5c04599c47237de235c238feb7a4e6e006cc7ff15ecc70a__vs__01d8d30dcd_64a215ef9dd6ba45700f8bae07a22142ee74112b569d3e88_redline_3bc1b275af.pdf,4c190807215a2ac5f4e33a06d93d9960d65a03c5398c0dab92b30c5363c264a2,/Users/arthrod/temp/T/neurotic_docx_bench/results/redlines_0929_full/docxodus/pdf_by_word/476ab12079_e5c04599c47237de235c238feb7a4e6e006cc7ff15ecc70a__vs__01d8d30dcd_64a215ef9dd6ba45700f8bae07a22142ee74112b569d3e88_redline_3bc1b275af_docxodus.pdf,da8f628ce8b94cd635e48981c3009cd2a046c93d22274d72b7ecfa6c350a31e6
d6ba4fabd2_file_17__vs__ed0aa93b58_file_18_redline_3bc839e440,3bc839e440,tracking_without_comments,word_based_randomized_0926,corpus,/Users/arthrod/temp/T/neurotic_docx_bench/corpus/word/tracking_without_comments/pdf/d6ba4fabd2_file_17__vs__ed0aa93b58_file_18_redline_3bc839e440.pdf,7a278250987bce1c42e1237dd411451d2c3cfa218781d302472d1f4baccae977,/Users/arthrod/temp/T/neurotic_docx_bench/results/redlines_0929_full/docxodus/pdf_by_word/d6ba4fabd2_file_17__vs__ed0aa93b58_file_18_redline_3bc839e440_docxodus.pdf,5f73dc7b7219451f5878f00e60b11fbf6e14b7b554e0bc2323de4dfb486b0970
9b18b79637_file_56__vs__181e161e94_file_57_redline_3d1c28da8f,3d1c28da8f,tracking_without_comments,nocomments_randomized,corpus,/Users/arthrod/temp/T/neurotic_docx_bench/corpus/word/tracking_without_comments/pdf/9b18b79637_file_56__vs__181e161e94_file_57_redline_3d1c28da8f.pdf,98b7ef699137f513205da36afa8e17526241e3c303ff8a753bfb8f8d43b7e3c0,/Users/arthrod/temp/T/neurotic_docx_bench/results/redlines_0929_full/docxodus/pdf_by_word/9b18b79637_file_56__vs__181e161e94_file_57_redline_3d1c28da8f_docxodus.pdf,309bd471561c069fdb08f688cc080bc77dc74a51ac3d030cf19cedf0b610431a
b6dd0b6ae8_015a4f5a16a110026418c0a7f5eefa69ce6d5f9bcfc2d955__vs__a5f2b9318d_002aa60c2ae1187417b4b157c5ec6450324cc056ec551a12_redline_3d2c176562,3d2c176562,tracking_without_comments,redlines_a100_b10,corpus,/Users/arthrod/temp/T/neurotic_docx_bench/corpus/word/tracking_without_comments/pdf/b6dd0b6ae8_015a4f5a16a110026418c0a7f5eefa69ce6d5f9bcfc2d955__vs__a5f2b9318d_002aa60c2ae1187417b4b157c5ec6450324cc056ec551a12_redline_3d2c176562.pdf,7e4f70d4537c07cf7a811f9d1cdc88bff591c64dd22f0f7f46ae1ca8901254cf,/Users/arthrod/temp/T/neurotic_docx_bench/results/redlines_0929_full/docxodus/pdf_by_word/b6dd0b6ae8_015a4f5a16a110026418c0a7f5eefa69ce6d5f9bcfc2d955__vs__a5f2b9318d_002aa60c2ae1187417b4b157c5ec6450324cc056ec551a12_redline_3d2c176562_docxodus.pdf,4a4d43d593fdd9ca436e7c4f025d048b784f71da7853b8d05fe42f479eec6cd3
762b93bdb0_0107d2107b381c077b42490f7ff21e861a60c27ba32886ca__vs__a5f2b9318d_002aa60c2ae1187417b4b157c5ec6450324cc056ec551a12_redline_3d8ad121ed,3d8ad121ed,tracking_without_comments,redlines_a100_b10,corpus,/Users/arthrod/temp/T/neurotic_docx_bench/corpus/word/tracking_without_comments/pdf/762b93bdb0_0107d2107b381c077b42490f7ff21e861a60c27ba32886ca__vs__a5f2b9318d_002aa60c2ae1187417b4b157c5ec6450324cc056ec551a12_redline_3d8ad121ed.pdf,0f10344586f994dc2dedc791ec12fdea18cf11a3846caf8d850ae383f1905adb,/Users/arthrod/temp/T/neurotic_docx_bench/results/redlines_0929_full/docxodus/pdf_by_word/762b93bdb0_0107d2107b381c077b42490f7ff21e861a60c27ba32886ca__vs__a5f2b9318d_002aa60c2ae1187417b4b157c5ec6450324cc056ec551a12_redline_3d8ad121ed_docxodus.pdf,b70081c7e9cbcd072a2f18460317061e7bb593749c8161332f26bc3be32f1e33
008908795c_increase_indent_demo_id_paraid_overflow__vs__5adc853144_insert_link_demo_id_paraid_overflow_redline_3e548d2eec,3e548d2eec,tracking_without_comments,word_based_0926,corpus,/Users/arthrod/temp/T/neurotic_docx_bench/corpus/word/tracking_without_comments/pdf/008908795c_increase_indent_demo_id_paraid_overflow__vs__5adc853144_insert_link_demo_id_paraid_overflow_redline_3e548d2eec.pdf,eb83f922a94be630cada19c34c113f447cd905b72b33b69518e6c0beef441cef,/Users/arthrod/temp/T/neurotic_docx_bench/results/redlines_0929_full/docxodus/pdf_by_word/008908795c_increase_indent_demo_id_paraid_overflow__vs__5adc853144_insert_link_demo_id_paraid_overflow_redline_2564d80f8c_docxodus.pdf,9a504df556b2a69a26f79d7809f7eb29bce12039410a09e16ebb13bd897ff935
60c3c050c6_c00fe1f6d7c5c568751881299d78a69acc28e9d91e359c17__vs__490dfc032d_9e81389b5ea7f1dbcfe83f68047563fd81eac85189d4da0f_redline_3f482c4ea6,3f482c4ea6,tracking_without_comments,redlines_en_500,corpus,/Users/arthrod/temp/T/neurotic_docx_bench/corpus/word/tracking_without_comments/pdf/60c3c050c6_c00fe1f6d7c5c568751881299d78a69acc28e9d91e359c17__vs__490dfc032d_9e81389b5ea7f1dbcfe83f68047563fd81eac85189d4da0f_redline_3f482c4ea6.pdf,f568584edfd0b00dbbe35c78170d5e624ac5ab602db5ffad268ed135130858e6,,
cc5f989c56_0090ba7896cba5f43500e77e151ddab12f16b20e3ddf5822__vs__333bfe069a_003416d620331122b93b434dad901db5836f60d2cad4b533_redline_3fa2e4b5de,3fa2e4b5de,tracking_without_comments,redlines_a100_b10,corpus,/Users/arthrod/temp/T/neurotic_docx_bench/corpus/word/tracking_without_comments/pdf/cc5f989c56_0090ba7896cba5f43500e77e151ddab12f16b20e3ddf5822__vs__333bfe069a_003416d620331122b93b434dad901db5836f60d2cad4b533_redline_3fa2e4b5de.pdf,66a3dfaaeda226c4b98ff65f86466be12783295700b3ba667eaa728bd7346488,/Users/arthrod/temp/T/neurotic_docx_bench/results/redlines_0929_full/docxodus/pdf_by_word/cc5f989c56_0090ba7896cba5f43500e77e151ddab12f16b20e3ddf5822__vs__333bfe069a_003416d620331122b93b434dad901db5836f60d2cad4b533_redline_3fa2e4b5de_docxodus.pdf,35b5464a7e0deb8ade94633610269c3f4599742ce80127d7631be26c6f1eef28
e7f42d32bc_right_align_bold_demo_id_paraid_overflow__vs__2c4e244c15_right_aligned_italic_demo_id_paraid_overflow_redline_3faf6e148e,3faf6e148e,tracking_without_comments,nocomments,corpus,/Users/arthrod/temp/T/neurotic_docx_bench/corpus/word/tracking_without_comments/pdf/e7f42d32bc_right_align_bold_demo_id_paraid_overflow__vs__2c4e244c15_right_aligned_italic_demo_id_paraid_overflow_redline_3faf6e148e.pdf,d529b882dafb9e86f423bb273d1e89b57ffe926fcbdd6c97472a76435b3c66d5,/Users/arthrod/temp/T/neurotic_docx_bench/results/redlines_0929_full/docxodus/pdf_by_word/e7f42d32bc_right_align_bold_demo_id_paraid_overflow__vs__2c4e244c15_right_aligned_italic_demo_id_paraid_overflow_redline_3faf6e148e_docxodus.pdf,9b7325e96b6233e62760218636accdf4985e1683b90dab6791746b3fd73b015e
61e3967518_0011e415331e3b2d8031efcfcfecbb68df0f0b73b26350ce__vs__5203829c7a_001cc92b88566d5f930fe57f25813c0bf52a7bdc72c217d0_redline_40016a37e5,40016a37e5,tracking_without_comments,redlines_a100_b10,corpus,/Users/arthrod/temp/T/neurotic_docx_bench/corpus/word/tracking_without_comments/pdf/61e3967518_0011e415331e3b2d8031efcfcfecbb68df0f0b73b26350ce__vs__5203829c7a_001cc92b88566d5f930fe57f25813c0bf52a7bdc72c217d0_redline_40016a37e5.pdf,2ec02d454f9caa300c9783d14d600d1344cb7d2efd0e1242680e6b9858ce6360,/Users/arthrod/temp/T/neurotic_docx_bench/results/redlines_0929_full/docxodus/pdf_by_word/61e3967518_0011e415331e3b2d8031efcfcfecbb68df0f0b73b26350ce__vs__5203829c7a_001cc92b88566d5f930fe57f25813c0bf52a7bdc72c217d0_redline_40016a37e5_docxodus.pdf,7ae84552cbb4945fad44861d4f25557394b2a682f30df362699771f80a544798
2936af4459_super_editor__sd_1480_two_col_tab_positions_0095__vs__ced58cbf54_super_editor__sd_1494_table_left_indent_03277d35_redline_40173d334a,40173d334a,tracking_without_comments,word_redlines_superdoc,corpus,/Users/arthrod/temp/T/neurotic_docx_bench/corpus/word/tracking_without_comments/pdf/2936af4459_super_editor__sd_1480_two_col_tab_positions_0095__vs__ced58cbf54_super_editor__sd_1494_table_left_indent_03277d35_redline_40173d334a.pdf,9e0a8e192e07de71ff32bd5f40cc49081be1ac2b36b83fcd07ddb557e1e54616,/Users/arthrod/temp/T/neurotic_docx_bench/results/redlines_0929_full/docxodus/pdf_by_word/2936af4459_super_editor__sd_1480_two_col_tab_positions_0095__vs__ced58cbf54_super_editor__sd_1494_table_left_indent_03277d35_redline_40173d334a_docxodus.pdf,67c48076b4d9c39efd247115b8c58886fd238e85e44377f3e29801707b3f78c8
fcc5e086dc_d38dd05c8c808a25b353ce7cb5fd8c30d6e32030eec8807b__vs__ba0e5d3d86_cd9a78ddbb58fe7243f12aed561becbe8b00c1777ba93709_redline_40291033f2,40291033f2,tracking_without_comments,redlines_en_500,corpus,/Users/arthrod/temp/T/neurotic_docx_bench/corpus/word/tracking_without_comments/pdf/fcc5e086dc_d38dd05c8c808a25b353ce7cb5fd8c30d6e32030eec8807b__vs__ba0e5d3d86_cd9a78ddbb58fe7243f12aed561becbe8b00c1777ba93709_redline_40291033f2.pdf,5f561b04f97f7435704dbbf64fd3f52913449a3f84e3bc168176786d08da04c2,/Users/arthrod/temp/T/neurotic_docx_bench/results/redlines_0929_full/docxodus/pdf_by_word/fcc5e086dc_d38dd05c8c808a25b353ce7cb5fd8c30d6e32030eec8807b__vs__ba0e5d3d86_cd9a78ddbb58fe7243f12aed561becbe8b00c1777ba93709_redline_40291033f2_docxodus.pdf,b1675a56e7dbe743be3622f25d91ef49c5946a3f5acba4a5bbd9569994ab7e63
e1f631e28a_green_highlight_demo_id_paraid_overflow__vs__d7c6d7eb36_green_underline_bullet_list_id_paraid_overflow_redline_407acd7ea1,407acd7ea1,tracking_without_comments,word_based_0926,corpus,/Users/arthrod/temp/T/neurotic_docx_bench/corpus/word/tracking_without_comments/pdf/e1f631e28a_green_highlight_demo_id_paraid_overflow__vs__d7c6d7eb36_green_underline_bullet_list_id_paraid_overflow_redline_407acd7ea1.pdf,d7b29b6b21916020d0c7b0eabe48d996b4e192da3e09c208fdb7126b5e9ae1c1,/Users/arthrod/temp/T/neurotic_docx_bench/results/redlines_0929_full/docxodus/pdf_by_word/e1f631e28a_green_highlight_demo_id_paraid_overflow__vs__d7c6d7eb36_green_underline_bullet_list_id_paraid_overflow_redline_27fe57b836_docxodus.pdf,5d76691293c4a07b0fb5a0d3a238a796270fdf0723794a4e51b612be7c0e53c8
603760a2cb_035619503cc9d1833603cf8827e6ce3a24b46c012a309360__vs__b6bf1a1e8b_025114ac4b922e013686836213f363671dd941624af8bc42_redline_408597db4d,408597db4d,tracking_without_comments,redlines_en_500,corpus,/Users/arthrod/temp/T/neurotic_docx_bench/corpus/word/tracking_without_comments/pdf/603760a2cb_035619503cc9d1833603cf8827e6ce3a24b46c012a309360__vs__b6bf1a1e8b_025114ac4b922e013686836213f363671dd941624af8bc42_redline_408597db4d.pdf,38ccd4af8b814eb104c8230e6863b3f51b3d89ddc1b6861e3f29d54eb023ba90,/Users/arthrod/temp/T/neurotic_docx_bench/results/redlines_0929_full/docxodus/pdf_by_word/603760a2cb_035619503cc9d1833603cf8827e6ce3a24b46c012a309360__vs__b6bf1a1e8b_025114ac4b922e013686836213f363671dd941624af8bc42_redline_408597db4d_docxodus.pdf,dd680eddabb3e5121251114951abb64bdad1779d18196d0f4da8d4c0d2e10677
a6bdad436b_00e1eabab4f0fdde08a033b7d3af988ce75f7e80207c9918__vs__bd3824dd1e_000ee64ef7226d353297888f59a251e24ce5d776fea000fa_redline_409de8d456,409de8d456,tracking_without_comments,redlines_a100_b10,corpus,/Users/arthrod/temp/T/neurotic_docx_bench/corpus/word/tracking_without_comments/pdf/a6bdad436b_00e1eabab4f0fdde08a033b7d3af988ce75f7e80207c9918__vs__bd3824dd1e_000ee64ef7226d353297888f59a251e24ce5d776fea000fa_redline_409de8d456.pdf,b0defcd16d2790f9911fa68a96a65c29f4d2c329a7ed18ed6f82175c72475b29,/Users/arthrod/temp/T/neurotic_docx_bench/results/redlines_0929_full/docxodus/pdf_by_word/a6bdad436b_00e1eabab4f0fdde08a033b7d3af988ce75f7e80207c9918__vs__bd3824dd1e_000ee64ef7226d353297888f59a251e24ce5d776fea000fa_redline_409de8d456_docxodus.pdf,d75d3fb7888945352946970a6cd9e8412f5b5a17c0b4e9e605f391215318a468
d776ad9be7_super_editor__multi_section_doc_080d2655__vs__e81d1fa10c_behavior__pageref_standalone_uppercase_h_7701e07_redline_4117d8340b,4117d8340b,tracking_without_comments,word_redlines_superdoc_0926,corpus,/Users/arthrod/temp/T/neurotic_docx_bench/corpus/word/tracking_without_comments/pdf/d776ad9be7_super_editor__multi_section_doc_080d2655__vs__e81d1fa10c_behavior__pageref_standalone_uppercase_h_7701e07_redline_4117d8340b.pdf,23e23cb6720e700d352182a24311818c8548887f9ba2da47e6d07d73894fb72e,/Users/arthrod/temp/T/neurotic_docx_bench/results/redlines_0929_full/docxodus/pdf_by_word/d776ad9be7_super_editor__multi_section_doc_080d2655__vs__e81d1fa10c_behavior__pageref_standalone_uppercase_h_7701e07_redline_4117d8340b_docxodus.pdf,d0de7b322fd7d0e2608707885136cd34abe18f621863b69d52d72f29b6b5f0aa
d3241afc7c_file_38__vs__3ad856ac79_file_39_redline_41cb395fac,41cb395fac,tracking_without_comments,nocomments_randomized,corpus,/Users/arthrod/temp/T/neurotic_docx_bench/corpus/word/tracking_without_comments/pdf/d3241afc7c_file_38__vs__3ad856ac79_file_39_redline_41cb395fac.pdf,ff25324a4241ca7a3f31b66ec3b5c07fe870522187da7cc1789ac94a58a7f2df,/Users/arthrod/temp/T/neurotic_docx_bench/results/redlines_0929_full/docxodus/pdf_by_word/d3241afc7c_file_38__vs__3ad856ac79_file_39_redline_41cb395fac_docxodus.pdf,e3012e8d70a002a04a3286959bf70d4a86ee48a23d79f0c80bf592e099da2c24
41f0a98a46_numbered_list_demo_id_paraid_overflow__vs__b27d48be08_numbered_list_italic_demo_id_paraid_overflow_redline_41f2600c49,41f2600c49,tracking_without_comments,nocomments,corpus,/Users/arthrod/temp/T/neurotic_docx_bench/corpus/word/tracking_without_comments/pdf/41f0a98a46_numbered_list_demo_id_paraid_overflow__vs__b27d48be08_numbered_list_italic_demo_id_paraid_overflow_redline_41f2600c49.pdf,39a0a7bbafd73f15006c6ca3a6777ca8a08c1be4654f3b6fff5d576353285d83,/Users/arthrod/temp/T/neurotic_docx_bench/results/redlines_0929_full/docxodus/pdf_by_word/41f0a98a46_numbered_list_demo_id_paraid_overflow__vs__b27d48be08_numbered_list_italic_demo_id_paraid_overflow_redline_41f2600c49_docxodus.pdf,3e5661fe88dfe6fb40137f24749389c17a155e18c559bcdcaaea8b60eee916fd
b7219494de_file_116__vs__82b365789e_file_117_redline_423e1fe083,423e1fe083,tracking_without_comments,word_based_randomized,corpus,/Users/arthrod/temp/T/neurotic_docx_bench/corpus/word/tracking_without_comments/pdf/b7219494de_file_116__vs__82b365789e_file_117_redline_423e1fe083.pdf,99951a7f86ed97c2f3a0610bc421286b195dec57a7f2f941c70a25b752288a2b,/Users/arthrod/temp/T/neurotic_docx_bench/results/redlines_0929_full/docxodus/pdf_by_word/b7219494de_file_116__vs__82b365789e_file_117_redline_336fa06e47_docxodus.pdf,6ee98c6d4c467349b75613a2277a67da994b5482700f5f9991d6814f416d71fc
0483e899af_file_143__vs__cc82deb093_file_144_redline_428f3f3022,428f3f3022,with_comments_tracking,word_based_randomized,fresh,/Users/arthrod/temp/T/compare_regen/out/428f3f3022__vs__428f3f3022.pdf,8afc07d7d32687b2fe4357f40d0fa515b02020a7ba9f201dd9bf979e405c1ef7,/Users/arthrod/temp/T/neurotic_docx_bench/results/redlines_0929_full/docxodus/pdf_by_word/0483e899af_file_143__vs__cc82deb093_file_144_redline_428f3f3022_docxodus.pdf,499cae6f2200dafdb23a00e262ae078f39f9cca46019474eb5377ec460bc40d9
9cef43609a_table_vmerge_colspan__vs__6758689ba7_text_box_redline_42d1acd8a6,42d1acd8a6,tracking_without_comments,nocomments,corpus,/Users/arthrod/temp/T/neurotic_docx_bench/corpus/word/tracking_without_comments/pdf/9cef43609a_table_vmerge_colspan__vs__6758689ba7_text_box_redline_42d1acd8a6.pdf,4054c6ae95e26cac01e55861de0c46742afd2459a5ae7969748b5c0133d0701f,,
b4ba29d456_left_alignment_demo_id_paraid_overflow__vs__bb46f61c5d_line_spacing_demo_id_paraid_overflow_redline_434a1cac8e,434a1cac8e,tracking_without_comments,word_based_0926,corpus,/Users/arthrod/temp/T/neurotic_docx_bench/corpus/word/tracking_without_comments/pdf/b4ba29d456_left_alignment_demo_id_paraid_overflow__vs__bb46f61c5d_line_spacing_demo_id_paraid_overflow_redline_434a1cac8e.pdf,9f82027f7995ac685fc7a4720f24bca042b430916e2a2ae71dc86eee9726dab3,/Users/arthrod/temp/T/neurotic_docx_bench/results/redlines_0929_full/docxodus/pdf_by_word/b4ba29d456_left_alignment_demo_id_paraid_overflow__vs__bb46f61c5d_line_spacing_demo_id_paraid_overflow_redline_434a1cac8e_docxodus.pdf,d1b9a0acd622a5fa9fdd3378748762975aabd81d06e8cc7f564b98e15e7cdfc8
61e3967518_0011e415331e3b2d8031efcfcfecbb68df0f0b73b26350ce__vs__aa5340125d_00a4b0b91e9b5b072dc3771391c2d608518690eccf44eae8_redline_4433455597,4433455597,tracking_without_comments,redlines_a100_b10,corpus,/Users/arthrod/temp/T/neurotic_docx_bench/corpus/word/tracking_without_comments/pdf/61e3967518_0011e415331e3b2d8031efcfcfecbb68df0f0b73b26350ce__vs__aa5340125d_00a4b0b91e9b5b072dc3771391c2d608518690eccf44eae8_redline_4433455597.pdf,68ec2445386d32c14a4914ade98061cee94024f43ca6e3a4d848195bf8cca5c2,/Users/arthrod/temp/T/neurotic_docx_bench/results/redlines_0929_full/docxodus/pdf_by_word/61e3967518_0011e415331e3b2d8031efcfcfecbb68df0f0b73b26350ce__vs__aa5340125d_00a4b0b91e9b5b072dc3771391c2d608518690eccf44eae8_redline_4433455597_docxodus.pdf,2f3f34755b7bf66be138c4248804b5193bb92f3d5a42cc66b253bb945b82ca01
b27bda87ed_0023f7c421a05af9c44fb4ff9ef1bce46c53a081779b1e72__vs__bd3824dd1e_000ee64ef7226d353297888f59a251e24ce5d776fea000fa_redline_4464c02259,4464c02259,tracking_without_comments,redlines_a100_b10,corpus,/Users/arthrod/temp/T/neurotic_docx_bench/corpus/word/tracking_without_comments/pdf/b27bda87ed_0023f7c421a05af9c44fb4ff9ef1bce46c53a081779b1e72__vs__bd3824dd1e_000ee64ef7226d353297888f59a251e24ce5d776fea000fa_redline_4464c02259.pdf,1d3b8fa8f47984e3a457530cb94367cb145821b455c438a3859cf461fb4870ba,/Users/arthrod/temp/T/neurotic_docx_bench/results/redlines_0929_full/docxodus/pdf_by_word/b27bda87ed_0023f7c421a05af9c44fb4ff9ef1bce46c53a081779b1e72__vs__bd3824dd1e_000ee64ef7226d353297888f59a251e24ce5d776fea000fa_redline_4464c02259_docxodus.pdf,81f676d277040436b0370cccfd10bfec1c6a687df4496bdc1a7ced329174524a
7d89bf44b4_single_paragraph__vs__e355cec096_small_font_size_demo_id_paraid_overflow_redline_454084a8c3,454084a8c3,tracking_without_comments,word_based;fixtures_word_compares,fresh,/Users/arthrod/temp/T/compare_regen/out/454084a8c3__vs__454084a8c3.pdf,76438f4a8056f851bb7e629f283e3c8944145c18f424b31edde87a03639f97b9,/Users/arthrod/temp/T/neurotic_docx_bench/results/redlines_0929_full/docxodus/pdf_by_word/7d89bf44b4_single_paragraph__vs__e355cec096_small_font_size_demo_id_paraid_overflow_redline_03c465ec7f_docxodus.pdf,599a2a769d8c29d2f5b69d497007c9e029927a5cbe7d4779495867ba680a91d1
36fbd8c734_sales_report_january_2026_suggesting_insertions__vs__81158d928d_sample_document_afterword_repaired_word_repaired_redline_46247b70dc,46247b70dc,with_comments_tracking,word_based,fresh,/Users/arthrod/temp/T/compare_regen/out/46247b70dc__vs__46247b70dc.pdf,9334b1fe0ca9a8d62f168edf2e5faf600fa1717b57ed46306947639d0d14c584,/Users/arthrod/temp/T/neurotic_docx_bench/results/redlines_0929_full/docxodus/pdf_by_word/36fbd8c734_sales_report_january_2026_suggesting_insertions__vs__81158d928d_sample_document_afterword_repaired_word_repaired_redline_20eccb4f6a_docxodus.pdf,7cd180931f38e1c5fde59f3ddaccf053e034c7594061785a627750bb4142ddf6
899ef4306e_0017891576e438292c35db3155e97d16ec0d68144e21bfc3__vs__342f364d46_001342333d45627868f4dc5282abbba4598a91b4a7584b08_redline_46cc39a0bf,46cc39a0bf,tracking_without_comments,redlines_a100_b10,corpus,/Users/arthrod/temp/T/neurotic_docx_bench/corpus/word/tracking_without_comments/pdf/899ef4306e_0017891576e438292c35db3155e97d16ec0d68144e21bfc3__vs__342f364d46_001342333d45627868f4dc5282abbba4598a91b4a7584b08_redline_46cc39a0bf.pdf,2e193f6fd5fb5a270be0c7100041c4de8ea7b6c3c01a2186282731f61eb4288d,/Users/arthrod/temp/T/neurotic_docx_bench/results/redlines_0929_full/docxodus/pdf_by_word/899ef4306e_0017891576e438292c35db3155e97d16ec0d68144e21bfc3__vs__342f364d46_001342333d45627868f4dc5282abbba4598a91b4a7584b08_redline_46cc39a0bf_docxodus.pdf,345df2e0b755b1023887bff8073204b6d32bc011015f11332cf347689556d570
cdf27ad0d3_behavior__sd_2672_nested_table_dfac08bb__vs__18b8dd8ea3_behavior__sd_2672_plain_3x3_87943d5d_redline_46cccac5f4,46cccac5f4,tracking_without_comments,word_redlines_superdoc,corpus,/Users/arthrod/temp/T/neurotic_docx_bench/corpus/word/tracking_without_comments/pdf/cdf27ad0d3_behavior__sd_2672_nested_table_dfac08bb__vs__18b8dd8ea3_behavior__sd_2672_plain_3x3_87943d5d_redline_46cccac5f4.pdf,b34a774baa26b1079e86cdee2bda1997a84b89d6aabdd02d6070cab1c8102d6f,/Users/arthrod/temp/T/neurotic_docx_bench/results/redlines_0929_full/docxodus/pdf_by_word/cdf27ad0d3_behavior__sd_2672_nested_table_dfac08bb__vs__18b8dd8ea3_behavior__sd_2672_plain_3x3_87943d5d_redline_46cccac5f4_docxodus.pdf,050dd4c16f27ef72222b5b55d271816edb5790c68aba61d6b7f9d69cc48a068f
a4ebc0e89c_0016d88a731db087feb2e28e8bfc163c1fe94df0ee048d55__vs__deff0e697a_00b5defcad6e58038eac35472a2d48c89905068e5ece0cc3_redline_46f67bb6e3,46f67bb6e3,tracking_without_comments,redlines_a100_b10,corpus,/Users/arthrod/temp/T/neurotic_docx_bench/corpus/word/tracking_without_comments/pdf/a4ebc0e89c_0016d88a731db087feb2e28e8bfc163c1fe94df0ee048d55__vs__deff0e697a_00b5defcad6e58038eac35472a2d48c89905068e5ece0cc3_redline_46f67bb6e3.pdf,b69ac9559325c5e382b91908b5f1cfe75b5421accbd7ca1ab2a5182a0441b697,/Users/arthrod/temp/T/neurotic_docx_bench/results/redlines_0929_full/docxodus/pdf_by_word/a4ebc0e89c_0016d88a731db087feb2e28e8bfc163c1fe94df0ee048d55__vs__deff0e697a_00b5defcad6e58038eac35472a2d48c89905068e5ece0cc3_redline_46f67bb6e3_docxodus.pdf,7e8c18253de93d23e108f6234b48b1e6f42c2d2061ca935e58c7d8fcf35156c6
d340956045_bold_italic_underline_demo_id_paraid_overflow__vs__d86ec4bf8f_bold_red_text_combo_id_paraid_overflow_redline_4739edceb9,4739edceb9,tracking_without_comments,nocomments,corpus,/Users/arthrod/temp/T/neurotic_docx_bench/corpus/word/tracking_without_comments/pdf/d340956045_bold_italic_underline_demo_id_paraid_overflow__vs__d86ec4bf8f_bold_red_text_combo_id_paraid_overflow_redline_4739edceb9.pdf,a48de84c4d1d3f41d4394713dfd4375c5d1fec17d6d65e8127d205b614609820,/Users/arthrod/temp/T/neurotic_docx_bench/results/redlines_0929_full/docxodus/pdf_by_word/d340956045_bold_italic_underline_demo_id_paraid_overflow__vs__d86ec4bf8f_bold_red_text_combo_id_paraid_overflow_redline_4739edceb9_docxodus.pdf,ef56d47653d6aab0332b2812cf2c3d88310f172a82336cd5cdae30605b6bf387
e937906728_4ce0fcc29773b57d731ea2cf74f00cea1765facf87c314e3__vs__0a6015fd65_7d861e8e83ae31293d8d8390a3fe14e160d0ff79624c95de_redline_47c39c50c3,47c39c50c3,tracking_without_comments,redlines_en_500,corpus,/Users/arthrod/temp/T/neurotic_docx_bench/corpus/word/tracking_without_comments/pdf/e937906728_4ce0fcc29773b57d731ea2cf74f00cea1765facf87c314e3__vs__0a6015fd65_7d861e8e83ae31293d8d8390a3fe14e160d0ff79624c95de_redline_47c39c50c3.pdf,df8eb3dac98538d0fb8e29a2bdc485aab2098cd67370fa55668a9dd52e1057ab,,
4492bbb1f8_file_172__vs__838af02d11_file_173_redline_485b916ef9,485b916ef9,with_comments_tracking,word_based_randomized_0926,fresh,/Users/arthrod/temp/T/compare_regen/out/485b916ef9__vs__485b916ef9.pdf,ad06fafeb92d4e986c5bd8a678e1361b3bd73263cb15c57f1386b62393a0f5a5,/Users/arthrod/temp/T/neurotic_docx_bench/results/redlines_0929_full/docxodus/pdf_by_word/4492bbb1f8_file_172__vs__838af02d11_file_173_redline_485b916ef9_docxodus.pdf,084a7c3ee13c810f17749c5be1f11f82784a8b4b15e749bee1e6c4f8756a171a
563331c6f3_super_editor__broken_complex_list_293fda86__vs__2ba392cdd2_super_editor__broken_list_missing_items_36b4199e_redline_49309fc804,49309fc804,tracking_without_comments,word_redlines_superdoc_0926,corpus,/Users/arthrod/temp/T/neurotic_docx_bench/corpus/word/tracking_without_comments/pdf/563331c6f3_super_editor__broken_complex_list_293fda86__vs__2ba392cdd2_super_editor__broken_list_missing_items_36b4199e_redline_49309fc804.pdf,8d88b4d55485e86ee31cd83f5530fa7559d45bdf756a6a5b0971b7db0b43d0eb,/Users/arthrod/temp/T/neurotic_docx_bench/results/redlines_0929_full/docxodus/pdf_by_word/563331c6f3_super_editor__broken_complex_list_293fda86__vs__2ba392cdd2_super_editor__broken_list_missing_items_36b4199e_redline_49309fc804_docxodus.pdf,479b0ee18a71fcdf814e73f5226537676a31a611af9f1e1961343ce5bedffaf9
c20e9b2d21_font_size_24_demo_id_paraid_overflow__vs__f8ecf81d8b_font_size_demo_id_paraid_overflow_redline_49ff615f6a,49ff615f6a,tracking_without_comments,word_based,corpus,/Users/arthrod/temp/T/neurotic_docx_bench/corpus/word/tracking_without_comments/pdf/c20e9b2d21_font_size_24_demo_id_paraid_overflow__vs__f8ecf81d8b_font_size_demo_id_paraid_overflow_redline_49ff615f6a.pdf,2a8fe87306d6951222c06086f1b86da6f4255ec79fb7e1fac73d7ef417879542,/Users/arthrod/temp/T/neurotic_docx_bench/results/redlines_0929_full/docxodus/pdf_by_word/c20e9b2d21_font_size_24_demo_id_paraid_overflow__vs__f8ecf81d8b_font_size_demo_id_paraid_overflow_redline_49ff615f6a_docxodus.pdf,96618b39641987c92d0b5b6762c1337c4faec2c1127c94dd470d0f89a37f05e0
6dff70fa73_005df9de4a11e9d5e0809079fe33b4783538a96e645d8b42__vs__2e04202552_000e3e7bd2d6215fc7b469cc3e296c1b2a510bc1abc7e0fd_redline_4a5ba8ba7d,4a5ba8ba7d,tracking_without_comments,redlines_a100_b10,corpus,/Users/arthrod/temp/T/neurotic_docx_bench/corpus/word/tracking_without_comments/pdf/6dff70fa73_005df9de4a11e9d5e0809079fe33b4783538a96e645d8b42__vs__2e04202552_000e3e7bd2d6215fc7b469cc3e296c1b2a510bc1abc7e0fd_redline_4a5ba8ba7d.pdf,3db6345e43fa1ef8b3122eb19ed30150b83cfb1008918bd0d758aaa16b5e616e,/Users/arthrod/temp/T/neurotic_docx_bench/results/redlines_0929_full/docxodus/pdf_by_word/6dff70fa73_005df9de4a11e9d5e0809079fe33b4783538a96e645d8b42__vs__2e04202552_000e3e7bd2d6215fc7b469cc3e296c1b2a510bc1abc7e0fd_redline_4a5ba8ba7d_docxodus.pdf,54373aae300789c3d11120c694141df131354a603fd767ec3864d16a9ded9401
133e9207c0_file_34__vs__c90bde92a4_file_35_redline_4abb22a9a4,4abb22a9a4,tracking_without_comments,nocomments_randomized,corpus,/Users/arthrod/temp/T/neurotic_docx_bench/corpus/word/tracking_without_comments/pdf/133e9207c0_file_34__vs__c90bde92a4_file_35_redline_4abb22a9a4.pdf,fe10b1ab471be610e982fcec0f9acce0d359fbfdac6746ea3209ebdabe62e8af,/Users/arthrod/temp/T/neurotic_docx_bench/results/redlines_0929_full/docxodus/pdf_by_word/133e9207c0_file_34__vs__c90bde92a4_file_35_redline_4abb22a9a4_docxodus.pdf,adff05fd173c1710b0d3fa57e540a3ff5f656240ab56f074defe8d3b3bb5b818
e1c745d784_008243ee20adecbf2ae39c9e6809b022076aa166a4a4f9ec__vs__aa5340125d_00a4b0b91e9b5b072dc3771391c2d608518690eccf44eae8_redline_4b8e914996,4b8e914996,tracking_without_comments,redlines_a100_b10,corpus,/Users/arthrod/temp/T/neurotic_docx_bench/corpus/word/tracking_without_comments/pdf/e1c745d784_008243ee20adecbf2ae39c9e6809b022076aa166a4a4f9ec__vs__aa5340125d_00a4b0b91e9b5b072dc3771391c2d608518690eccf44eae8_redline_4b8e914996.pdf,f5f479a38a7c35cb7fead2254ef3413c9c2a748d2e5ad075c27e157f20806f11,,
899ef4306e_0017891576e438292c35db3155e97d16ec0d68144e21bfc3__vs__5203829c7a_001cc92b88566d5f930fe57f25813c0bf52a7bdc72c217d0_redline_4cfb593176,4cfb593176,tracking_without_comments,redlines_a100_b10,corpus,/Users/arthrod/temp/T/neurotic_docx_bench/corpus/word/tracking_without_comments/pdf/899ef4306e_0017891576e438292c35db3155e97d16ec0d68144e21bfc3__vs__5203829c7a_001cc92b88566d5f930fe57f25813c0bf52a7bdc72c217d0_redline_4cfb593176.pdf,920333f4090becfd4ce304d0794089423a00a2657c76c0345ded22d7a7b62751,/Users/arthrod/temp/T/neurotic_docx_bench/results/redlines_0929_full/docxodus/pdf_by_word/899ef4306e_0017891576e438292c35db3155e97d16ec0d68144e21bfc3__vs__5203829c7a_001cc92b88566d5f930fe57f25813c0bf52a7bdc72c217d0_redline_4cfb593176_docxodus.pdf,2ec34cff9f2d0c3ce461c2ee0bcedfc18343ff42ec52436f3ac20e674271e79a
0a1badc333_super_editor__missing_sectpr_967a402d__vs__c1023db5c5_super_editor__fields_test_4a8ffd8c_redline_4d1c94901b,4d1c94901b,tracking_without_comments,word_redlines_superdoc,corpus,/Users/arthrod/temp/T/neurotic_docx_bench/corpus/word/tracking_without_comments/pdf/0a1badc333_super_editor__missing_sectpr_967a402d__vs__c1023db5c5_super_editor__fields_test_4a8ffd8c_redline_4d1c94901b.pdf,4ca242ea0eddc50364c97f47acfb3629b747112690b37b76bb1ddfe48f7a1a72,/Users/arthrod/temp/T/neurotic_docx_bench/results/redlines_0929_full/docxodus/pdf_by_word/0a1badc333_super_editor__missing_sectpr_967a402d__vs__c1023db5c5_super_editor__fields_test_4a8ffd8c_redline_4d1c94901b_docxodus.pdf,083462d6aff46aa82d8f57c654e307835c5fd2379caa96090a43f2e446fd035b
f4e1903ff3_super_editor__sd_1707_list_enter_track_changes_w__vs__25f07e0823_super_editor__sd_1919_word_mixed_33e049ca_redline_4d4841f48c,4d4841f48c,tracking_without_comments,word_redlines_superdoc_0926,corpus,/Users/arthrod/temp/T/neurotic_docx_bench/corpus/word/tracking_without_comments/pdf/f4e1903ff3_super_editor__sd_1707_list_enter_track_changes_w__vs__25f07e0823_super_editor__sd_1919_word_mixed_33e049ca_redline_4d4841f48c.pdf,643f579275d0da7fe00c2a43d7a668ebdb648ce7c9e5a7ba52646b7a9bd8ff27,/Users/arthrod/temp/T/neurotic_docx_bench/results/redlines_0929_full/docxodus/pdf_by_word/f4e1903ff3_super_editor__sd_1707_list_enter_track_changes_w__vs__25f07e0823_super_editor__sd_1919_word_mixed_33e049ca_redline_4d4841f48c_docxodus.pdf,08878fec1591b01278a47a91cf2f61570f23c1514cfff0c815b0bd470dbf2372
9149dccd33_file_113__vs__eeec3949fe_file_114_redline_4ed68831f1,4ed68831f1,tracking_without_comments,nocomments_randomized,corpus,/Users/arthrod/temp/T/neurotic_docx_bench/corpus/word/tracking_without_comments/pdf/9149dccd33_file_113__vs__eeec3949fe_file_114_redline_4ed68831f1.pdf,973a99e0efa74dd603a646bdb03892b35652da5083601969485807fcb1443e73,/Users/arthrod/temp/T/neurotic_docx_bench/results/redlines_0929_full/docxodus/pdf_by_word/9149dccd33_file_113__vs__eeec3949fe_file_114_redline_4ed68831f1_docxodus.pdf,15ff2b3f18cd5af02704e4a6f783540e9695a246df860bedf21a0112a13fa40a
df097720f7_file_131__vs__3c60cce945_file_132_redline_4eff11f045,4eff11f045,with_comments_tracking,word_based_randomized_0926,fresh,/Users/arthrod/temp/T/compare_regen/out/4eff11f045__vs__4eff11f045.pdf,868aa5b5c6903aa8d02043651307af457c663cf15fc3f328e579546a2e175467,/Users/arthrod/temp/T/neurotic_docx_bench/results/redlines_0929_full/docxodus/pdf_by_word/df097720f7_file_131__vs__3c60cce945_file_132_redline_4eff11f045_docxodus.pdf,12b266610152caa1534cb95a098af6ebb71eae6be542c9164369e09c32668d5f
92589c3e37_super_editor__pre_separated_list_bd330d28__vs__43dd6753e6_super_editor__diff_before7_5bad2542_redline_4f2cc27f3b,4f2cc27f3b,tracking_without_comments,word_redlines_superdoc,corpus,/Users/arthrod/temp/T/neurotic_docx_bench/corpus/word/tracking_without_comments/pdf/92589c3e37_super_editor__pre_separated_list_bd330d28__vs__43dd6753e6_super_editor__diff_before7_5bad2542_redline_4f2cc27f3b.pdf,701b2764da9c3d0924e726a4b499a52375d9d46196235b399cc9c733f2a00b45,/Users/arthrod/temp/T/neurotic_docx_bench/results/redlines_0929_full/docxodus/pdf_by_word/92589c3e37_super_editor__pre_separated_list_bd330d28__vs__43dd6753e6_super_editor__diff_before7_5bad2542_redline_4f2cc27f3b_docxodus.pdf,e648ae64841aea4c0da8fce1554ed57cbb9ef55a0e0339bc3f32b3096f0a4541
99abd76716_file_126__vs__c5c92e4f32_file_127_redline_4f992bb29a,4f992bb29a,tracking_without_comments,nocomments_randomized,corpus,/Users/arthrod/temp/T/neurotic_docx_bench/corpus/word/tracking_without_comments/pdf/99abd76716_file_126__vs__c5c92e4f32_file_127_redline_4f992bb29a.pdf,a5e649c9a570e7bcd587586abf41403b08c6e1315cd76d6673e2e2100aed33e9,/Users/arthrod/temp/T/neurotic_docx_bench/results/redlines_0929_full/docxodus/pdf_by_word/99abd76716_file_126__vs__c5c92e4f32_file_127_redline_4f992bb29a_docxodus.pdf,b9a1669226d9b94dc1c6d8c27e889edc195f15e01fbdb9c9dda3fb457302bb8f
20d2e7d58b_word_tolerated_misplaced_pgsz__vs__e1771b0063_word_tolerated_misplaced_uipriority_redline_504be025b7,504be025b7,tracking_without_comments,word_based,corpus,/Users/arthrod/temp/T/neurotic_docx_bench/corpus/word/tracking_without_comments/pdf/20d2e7d58b_word_tolerated_misplaced_pgsz__vs__e1771b0063_word_tolerated_misplaced_uipriority_redline_504be025b7.pdf,1e26cc85055d68c125ee966a1acd39b54fcf047b3209675303715701a3d722c3,/Users/arthrod/temp/T/neurotic_docx_bench/results/redlines_0929_full/docxodus/pdf_by_word/20d2e7d58b_word_tolerated_misplaced_pgsz__vs__e1771b0063_word_tolerated_misplaced_uipriority_redline_504be025b7_docxodus.pdf,aa6d2ca4380ce4a8b22d5d500941acb7d0c9a22f373b4e44a92b56ad81629ec0
9be7e36de4_00c3fd2d23e8acf016f9b2fb44f4ee84789abc39c820e7ab__vs__a5f2b9318d_002aa60c2ae1187417b4b157c5ec6450324cc056ec551a12_redline_5068b053d6,5068b053d6,tracking_without_comments,redlines_a100_b10,corpus,/Users/arthrod/temp/T/neurotic_docx_bench/corpus/word/tracking_without_comments/pdf/9be7e36de4_00c3fd2d23e8acf016f9b2fb44f4ee84789abc39c820e7ab__vs__a5f2b9318d_002aa60c2ae1187417b4b157c5ec6450324cc056ec551a12_redline_5068b053d6.pdf,681d7648de5d2e208133b0687b58b014d2502e1235e36cbab7acfa968618c566,/Users/arthrod/temp/T/neurotic_docx_bench/results/redlines_0929_full/docxodus/pdf_by_word/9be7e36de4_00c3fd2d23e8acf016f9b2fb44f4ee84789abc39c820e7ab__vs__a5f2b9318d_002aa60c2ae1187417b4b157c5ec6450324cc056ec551a12_redline_5068b053d6_docxodus.pdf,581ab84e50351cbe2347fece583786b670602ed335d5d1b454c4db8b4781df0f
91440900a0_00189e19139f6e3031303e4152566a7bc08fab71a5c95895__vs__bd3824dd1e_000ee64ef7226d353297888f59a251e24ce5d776fea000fa_redline_526a7a8bba,526a7a8bba,tracking_without_comments,redlines_a100_b10,corpus,/Users/arthrod/temp/T/neurotic_docx_bench/corpus/word/tracking_without_comments/pdf/91440900a0_00189e19139f6e3031303e4152566a7bc08fab71a5c95895__vs__bd3824dd1e_000ee64ef7226d353297888f59a251e24ce5d776fea000fa_redline_526a7a8bba.pdf,31fa81f35bd63f9ba690c859567c3b375ed733fd815e20d4cbf426138d97bf04,/Users/arthrod/temp/T/neurotic_docx_bench/results/redlines_0929_full/docxodus/pdf_by_word/91440900a0_00189e19139f6e3031303e4152566a7bc08fab71a5c95895__vs__bd3824dd1e_000ee64ef7226d353297888f59a251e24ce5d776fea000fa_redline_526a7a8bba_docxodus.pdf,90ab66dd746cee5947b67b092a32b68c1527900ecd2777bd0ce2f3991777a972
6a65e5219d_24_id_paraid_overflow__vs__8df6dfa8d7_alternate_content_redline_52a957c23d,52a957c23d,tracking_without_comments,word_based;fixtures_word_compares,fresh,/Users/arthrod/temp/T/compare_regen/out/52a957c23d__vs__52a957c23d.pdf,b5fcde7f4f54f6bf1c6024021ad70b5c3a551c80e6bbcdfa6c9489c69f8d623c,/Users/arthrod/temp/T/neurotic_docx_bench/results/redlines_0929_full/docxodus/pdf_by_word/6a65e5219d_24_id_paraid_overflow__vs__8df6dfa8d7_alternate_content_redline_1e11e7a678_docxodus.pdf,28398ba376a04fcc7c406062912c5e80cccd2f9daad2834119876018418dff85
9082a99ee8_file_164__vs__66b0a9112c_file_165_redline_52c55be055,52c55be055,tracking_without_comments,word_based_randomized_0926,corpus,/Users/arthrod/temp/T/neurotic_docx_bench/corpus/word/tracking_without_comments/pdf/9082a99ee8_file_164__vs__66b0a9112c_file_165_redline_52c55be055.pdf,b0d80428d725b28a087c5f2813ef0c572eadcab12575c5ef325ca3ec6e4ff398,/Users/arthrod/temp/T/neurotic_docx_bench/results/redlines_0929_full/docxodus/pdf_by_word/9082a99ee8_file_164__vs__66b0a9112c_file_165_redline_52c55be055_docxodus.pdf,37eecf27ee00666e30e57f7a68c56651579b871cf464681ed96902f6fe43e096
1eb80036ee_super_editor__diff_before3_19d22832__vs__ced58cbf54_super_editor__sd_1494_table_left_indent_03277d35_redline_5308c390fa,5308c390fa,tracking_without_comments,word_redlines_superdoc_0926,corpus,/Users/arthrod/temp/T/neurotic_docx_bench/corpus/word/tracking_without_comments/pdf/1eb80036ee_super_editor__diff_before3_19d22832__vs__ced58cbf54_super_editor__sd_1494_table_left_indent_03277d35_redline_5308c390fa.pdf,69607d37d4ab0c4c32dff786cabe893203f4191d91b549cb1931b6f784b8344b,/Users/arthrod/temp/T/neurotic_docx_bench/results/redlines_0929_full/docxodus/pdf_by_word/1eb80036ee_super_editor__diff_before3_19d22832__vs__ced58cbf54_super_editor__sd_1494_table_left_indent_03277d35_redline_5308c390fa_docxodus.pdf,b9f480fb4587bd5a12674e95c60ad987509c47df969e98682fc08006b18db387
e81d1fa10c_behavior__pageref_standalone_uppercase_h_7701e07__vs__735c372b41_super_editor__diff_after8_58e5c288_redline_5325dc70b4,5325dc70b4,with_comments_tracking,word_redlines_superdoc_0926,fresh,/Users/arthrod/temp/T/compare_regen/out/5325dc70b4__vs__5325dc70b4.pdf,20d59da8e44541232aa26e04a6c5f57bb6eb4ab954a48c117e994a330431ce07,/Users/arthrod/temp/T/neurotic_docx_bench/results/redlines_0929_full/docxodus/pdf_by_word/e81d1fa10c_behavior__pageref_standalone_uppercase_h_7701e07__vs__735c372b41_super_editor__diff_after8_58e5c288_redline_5325dc70b4_docxodus.pdf,5df9137458dfa2d5667a104b7fc4d55be25f49241fadca0bc40b14f196bd603b
6867e05e76_00b0d42bbea3b9bac7bc95466cf416f6c89a8cda62bbf3d7__vs__2e04202552_000e3e7bd2d6215fc7b469cc3e296c1b2a510bc1abc7e0fd_redline_537a8cea0d,537a8cea0d,tracking_without_comments,redlines_a100_b10,corpus,/Users/arthrod/temp/T/neurotic_docx_bench/corpus/word/tracking_without_comments/pdf/6867e05e76_00b0d42bbea3b9bac7bc95466cf416f6c89a8cda62bbf3d7__vs__2e04202552_000e3e7bd2d6215fc7b469cc3e296c1b2a510bc1abc7e0fd_redline_537a8cea0d.pdf,0e84887a0a0908d1fc8cb56360472425a33a82b23d633da247afc8fa8a65d33b,/Users/arthrod/temp/T/neurotic_docx_bench/results/redlines_0929_full/docxodus/pdf_by_word/6867e05e76_00b0d42bbea3b9bac7bc95466cf416f6c89a8cda62bbf3d7__vs__2e04202552_000e3e7bd2d6215fc7b469cc3e296c1b2a510bc1abc7e0fd_redline_537a8cea0d_docxodus.pdf,c6b0bc42dd7f96ee7199e9b48a40467f0ede85c99bb2dc0679a7a29e4063af87
23cdfeee74_0022d9b76a33e7bdcda8d38ec3c898364c578897fb55d462__vs__bd3824dd1e_000ee64ef7226d353297888f59a251e24ce5d776fea000fa_redline_546a6e0c15,546a6e0c15,tracking_without_comments,redlines_a100_b10,corpus,/Users/arthrod/temp/T/neurotic_docx_bench/corpus/word/tracking_without_comments/pdf/23cdfeee74_0022d9b76a33e7bdcda8d38ec3c898364c578897fb55d462__vs__bd3824dd1e_000ee64ef7226d353297888f59a251e24ce5d776fea000fa_redline_546a6e0c15.pdf,e31846c15948049833e5541f92c2ae0d215d524c0dbbf707e0ac50532f50fcff,/Users/arthrod/temp/T/neurotic_docx_bench/results/redlines_0929_full/docxodus/pdf_by_word/23cdfeee74_0022d9b76a33e7bdcda8d38ec3c898364c578897fb55d462__vs__bd3824dd1e_000ee64ef7226d353297888f59a251e24ce5d776fea000fa_redline_546a6e0c15_docxodus.pdf,23621b673ed772c783f6acfb835131ebd5c1a2d4349738972e7d78ae88888a30
d7ff239301_verdana_bold_large_font_id_paraid_overflow__vs__89991e3aac_verdana_font_demo_id_paraid_overflow_redline_57a5d8f118,57a5d8f118,tracking_without_comments,nocomments,corpus,/Users/arthrod/temp/T/neurotic_docx_bench/corpus/word/tracking_without_comments/pdf/d7ff239301_verdana_bold_large_font_id_paraid_overflow__vs__89991e3aac_verdana_font_demo_id_paraid_overflow_redline_57a5d8f118.pdf,f3a4aeb17a533038b46ede6b94a5115349fc8baa9f0402773fc4a64aae1f17df,/Users/arthrod/temp/T/neurotic_docx_bench/results/redlines_0929_full/docxodus/pdf_by_word/d7ff239301_verdana_bold_large_font_id_paraid_overflow__vs__89991e3aac_verdana_font_demo_id_paraid_overflow_redline_57a5d8f118_docxodus.pdf,22ff990090c01286fc25c69269d0a35b21bf12f1fc10ea028ca30a5f44c7cee3
2dc3e97d2a_super_editor__hyperlink_node_52b7695b__vs__d48e02b548_super_editor__google_docs_originated_comments_redline_58b3bd3cbc,58b3bd3cbc,with_comments_tracking,word_redlines_superdoc,fresh,/Users/arthrod/temp/T/compare_regen/out/58b3bd3cbc__vs__58b3bd3cbc.pdf,737ab10ad608b0183fea345c62c482ad72f7cc20a5c650ef095b71843416ef8b,/Users/arthrod/temp/T/neurotic_docx_bench/results/redlines_0929_full/docxodus/pdf_by_word/2dc3e97d2a_super_editor__hyperlink_node_52b7695b__vs__d48e02b548_super_editor__google_docs_originated_comments_redline_58b3bd3cbc_docxodus.pdf,f5f571d223c6a28b8f6a29cd0f52ecacb1a388dcf50a021f603a721a3be5aa3c
ee9bfc2650_docx_lots_of_comments_addition_removal_redline_r__vs__3fcadf4761_docx_lots_of_comments_addition_removal_redline_redline_58cd08049b,58cd08049b,with_comments_clean,word_based,fresh,/Users/arthrod/temp/T/compare_regen/out/58cd08049b__vs__58cd08049b.pdf,5e650aebb0067c72b4c0096445c17da79cb0b5e3b446747a12224be5737cd9ff,/Users/arthrod/temp/T/neurotic_docx_bench/results/redlines_0929_full/docxodus/pdf_by_word/ee9bfc2650_docx_lots_of_comments_addition_removal_redline_r__vs__3fcadf4761_docx_lots_of_comments_addition_removal_redline_redline_58cd08049b_docxodus.pdf,9acdad68e64db76d3e5bf5e9f7c93ccf3619acedcef1c073485cc4dc9e2ae46e
8cd372b814_0193e5015be906eb45df5f7b3ceb682c7ff53cb52f15a0bf__vs__2e04202552_000e3e7bd2d6215fc7b469cc3e296c1b2a510bc1abc7e0fd_redline_58cea5fd68,58cea5fd68,tracking_without_comments,redlines_a100_b10,corpus,/Users/arthrod/temp/T/neurotic_docx_bench/corpus/word/tracking_without_comments/pdf/8cd372b814_0193e5015be906eb45df5f7b3ceb682c7ff53cb52f15a0bf__vs__2e04202552_000e3e7bd2d6215fc7b469cc3e296c1b2a510bc1abc7e0fd_redline_58cea5fd68.pdf,eee1539cb9657879f0762e80bee1f41c6b78884aa90a32e4ec36a3873efe3d29,/Users/arthrod/temp/T/neurotic_docx_bench/results/redlines_0929_full/docxodus/pdf_by_word/8cd372b814_0193e5015be906eb45df5f7b3ceb682c7ff53cb52f15a0bf__vs__2e04202552_000e3e7bd2d6215fc7b469cc3e296c1b2a510bc1abc7e0fd_redline_58cea5fd68_docxodus.pdf,78a13c31398db7492b9c0c75797c0be698c08c26e5272fa841cb1f6e997a4cf4
3bfcb371e2_00003fff80a444ad2f706c74f3c0d9fbef00d7a99ba0c105__vs__342f364d46_001342333d45627868f4dc5282abbba4598a91b4a7584b08_redline_5a0e502265,5a0e502265,tracking_without_comments,redlines_a100_b10,corpus,/Users/arthrod/temp/T/neurotic_docx_bench/corpus/word/tracking_without_comments/pdf/3bfcb371e2_00003fff80a444ad2f706c74f3c0d9fbef00d7a99ba0c105__vs__342f364d46_001342333d45627868f4dc5282abbba4598a91b4a7584b08_redline_5a0e502265.pdf,6e640cd2bdf78932992d322d3fee829dfa4858c511a725a95b0bb049b3bb1389,,
4f0a3847e3_verdana_italic_centered_demo_id_paraid_overflow__vs__eb2f3c86b5_vfdsdfcacawesd_suggesting_mixed_edits_redline_5af67335fe,5af67335fe,with_comments_tracking,word_based;fixtures_word_compares,fresh,/Users/arthrod/temp/T/compare_regen/out/5af67335fe__vs__5af67335fe.pdf,d29ba3e079a596693a32e651b481f04cc2a6ea4b1e26d8046200d6e2cad103b4,/Users/arthrod/temp/T/neurotic_docx_bench/results/redlines_0929_full/docxodus/pdf_by_word/4f0a3847e3_verdana_italic_centered_demo_id_paraid_overflow__vs__eb2f3c86b5_vfdsdfcacawesd_suggesting_mixed_edits_redline_5af67335fe_docxodus.pdf,742f1b75167628558163f06b2b1119cc6ef55e36d5f00dd0711f4a4ee7715098
963d40d5f8_employee_review_john_smith_suggesting_insertions__vs__93485182eb_font_color_blue_demo_style_default_missing_redline_5b160c491f,5b160c491f,tracking_without_comments,word_based_0926,corpus,/Users/arthrod/temp/T/neurotic_docx_bench/corpus/word/tracking_without_comments/pdf/963d40d5f8_employee_review_john_smith_suggesting_insertions__vs__93485182eb_font_color_blue_demo_style_default_missing_redline_5b160c491f.pdf,933739ad2244869608a79b122328c01476b998683b73a3c2f3ec643c982af7e8,/Users/arthrod/temp/T/neurotic_docx_bench/results/redlines_0929_full/docxodus/pdf_by_word/963d40d5f8_employee_review_john_smith_suggesting_insertions__vs__93485182eb_font_color_blue_demo_style_default_missing_redline_5b160c491f_docxodus.pdf,21df28bb0e95e1e650bc9d94b1da0a60c4e8dbe39d43efa6b22b96b6f086c420
3aa967944f_file_26__vs__3890d0a960_file_27_redline_5b1a59baee,5b1a59baee,tracking_without_comments,nocomments_randomized,corpus,/Users/arthrod/temp/T/neurotic_docx_bench/corpus/word/tracking_without_comments/pdf/3aa967944f_file_26__vs__3890d0a960_file_27_redline_5b1a59baee.pdf,c6ded8fa8f102d0eeb7212b7b9fa71de388a8c9eb0a07c1fb54eb8870fa2d208,/Users/arthrod/temp/T/neurotic_docx_bench/results/redlines_0929_full/docxodus/pdf_by_word/3aa967944f_file_26__vs__3890d0a960_file_27_redline_5b1a59baee_docxodus.pdf,462716cfabf1be56b37d1e63f98d32ba071e9bd65bb6adb42a93f9e98f76dc57
ab064d6482_super_editor__table_width_issue_20b01504__vs__8df6dfa8d7_alternate_content_redline_5c927b4333,5c927b4333,tracking_without_comments,word_redlines_superdoc_0926,fresh,/Users/arthrod/temp/T/compare_regen/out/5c927b4333__vs__5c927b4333.pdf,443c3332a2ce4cb2e8c79416ade2bc11d5d36bba659507cbb6e2078c4df924c3,,
5c9b05a33e_00587c7398e1a788e79e8da144019f60214b4ac572ea28a3__vs__1424386e9b_017447de83753a0e3b7afc659df038ef56972925336c6a5b_redline_5e03c1afd0,5e03c1afd0,tracking_without_comments,redlines_a100_b10,corpus,/Users/arthrod/temp/T/neurotic_docx_bench/corpus/word/tracking_without_comments/pdf/5c9b05a33e_00587c7398e1a788e79e8da144019f60214b4ac572ea28a3__vs__1424386e9b_017447de83753a0e3b7afc659df038ef56972925336c6a5b_redline_5e03c1afd0.pdf,21820140f6e4911267833dfb1521b3663ecb04d1b919b3457dbe603315d1cc49,/Users/arthrod/temp/T/neurotic_docx_bench/results/redlines_0929_full/docxodus/pdf_by_word/5c9b05a33e_00587c7398e1a788e79e8da144019f60214b4ac572ea28a3__vs__1424386e9b_017447de83753a0e3b7afc659df038ef56972925336c6a5b_redline_5e03c1afd0_docxodus.pdf,78b5b013f7b0d8b51530bf00e8b72d3df22e90c8564f04d90ea0cfe854b5e2fc
c4ee483519_tiff_image__vs__776a437291_behavior__two_column_simple_e77be963_redline_5e067b0987,5e067b0987,tracking_without_comments,word_redlines_superdoc,corpus,/Users/arthrod/temp/T/neurotic_docx_bench/corpus/word/tracking_without_comments/pdf/c4ee483519_tiff_image__vs__776a437291_behavior__two_column_simple_e77be963_redline_5e067b0987.pdf,474abbcdf9512e78bbdf4bf093516288af463e191e97199cfded0a0a313bf2f1,/Users/arthrod/temp/T/neurotic_docx_bench/results/redlines_0929_full/docxodus/pdf_by_word/c4ee483519_tiff_image__vs__776a437291_behavior__two_column_simple_e77be963_redline_5e067b0987_docxodus.pdf,3480267e3cdfe53a74955d4254d091d29afd3446675b1255416c5f6aa7459c09
0a1badc333_super_editor__missing_sectpr_967a402d__vs__b5a6dd6c66_super_editor__diff_before_019353a2_redline_5e1c82cdea,5e1c82cdea,tracking_without_comments,word_redlines_superdoc,corpus,/Users/arthrod/temp/T/neurotic_docx_bench/corpus/word/tracking_without_comments/pdf/0a1badc333_super_editor__missing_sectpr_967a402d__vs__b5a6dd6c66_super_editor__diff_before_019353a2_redline_5e1c82cdea.pdf,e600d4961d8ff21c383f77d5bbffe9df13f2be83904ca0864687da9c1614cb45,/Users/arthrod/temp/T/neurotic_docx_bench/results/redlines_0929_full/docxodus/pdf_by_word/0a1badc333_super_editor__missing_sectpr_967a402d__vs__b5a6dd6c66_super_editor__diff_before_019353a2_redline_5e1c82cdea_docxodus.pdf,c2482dee1311e9b21a5e3e3a7c71feb1dd3f7decd3f8d8c7be1da163f60a3c60
23fb865598_super_editor__diff_after4_471fa40f__vs__26ce1d6300_super_editor__diff_after5_9fb9d5b4_redline_5e52b54e3b,5e52b54e3b,tracking_without_comments,word_redlines_superdoc,corpus,/Users/arthrod/temp/T/neurotic_docx_bench/corpus/word/tracking_without_comments/pdf/23fb865598_super_editor__diff_after4_471fa40f__vs__26ce1d6300_super_editor__diff_after5_9fb9d5b4_redline_5e52b54e3b.pdf,c44e0820786195cc2eb9bd01fb033963350e1862938508b7782df0cac78157d0,/Users/arthrod/temp/T/neurotic_docx_bench/results/redlines_0929_full/docxodus/pdf_by_word/23fb865598_super_editor__diff_after4_471fa40f__vs__26ce1d6300_super_editor__diff_after5_9fb9d5b4_redline_5e52b54e3b_docxodus.pdf,852d36324d70644fea53aeb23dc662c39b76c65c4261dbedcf705c185ff97719
0a0b6470c3_00051beee50076d47db468069cab455933b72d9df9165e1f__vs__2773adf157_0004c94ca2a8684d47449bb0e7abf87de1df71a7e6543252_redline_5eadd8381f,5eadd8381f,tracking_without_comments,redlines_a100_b10,corpus,/Users/arthrod/temp/T/neurotic_docx_bench/corpus/word/tracking_without_comments/pdf/0a0b6470c3_00051beee50076d47db468069cab455933b72d9df9165e1f__vs__2773adf157_0004c94ca2a8684d47449bb0e7abf87de1df71a7e6543252_redline_5eadd8381f.pdf,c8bafe6a6e5a8ad19c2295c0f22599793e07602e3eb0097532fa413e001a944f,/Users/arthrod/temp/T/neurotic_docx_bench/results/redlines_0929_full/docxodus/pdf_by_word/0a0b6470c3_00051beee50076d47db468069cab455933b72d9df9165e1f__vs__2773adf157_0004c94ca2a8684d47449bb0e7abf87de1df71a7e6543252_redline_5eadd8381f_docxodus.pdf,515bc27325e67d31d013cf64bd5de73d1f647476478dba6e4e19b679eab7faf1
0b5f1f7cad_003ca0a88e8358b347e771feb6970ff773753fad85416364__vs__bd3824dd1e_000ee64ef7226d353297888f59a251e24ce5d776fea000fa_redline_5ecff6e34d,5ecff6e34d,tracking_without_comments,redlines_a100_b10,corpus,/Users/arthrod/temp/T/neurotic_docx_bench/corpus/word/tracking_without_comments/pdf/0b5f1f7cad_003ca0a88e8358b347e771feb6970ff773753fad85416364__vs__bd3824dd1e_000ee64ef7226d353297888f59a251e24ce5d776fea000fa_redline_5ecff6e34d.pdf,b05da5a5047d65a812a225211efbaafe81d3cb6e8dde3b6ff5864b3585b0b0f8,/Users/arthrod/temp/T/neurotic_docx_bench/results/redlines_0929_full/docxodus/pdf_by_word/0b5f1f7cad_003ca0a88e8358b347e771feb6970ff773753fad85416364__vs__bd3824dd1e_000ee64ef7226d353297888f59a251e24ce5d776fea000fa_redline_5ecff6e34d_docxodus.pdf,40b2e29ab98eaa7650d1616bfff871596d061778de742c161a543203b87d324a
54c9eda9fb_a7110391f4478ade5aabf48bad05d250be49cb3e1f335eee__vs__dc9c5abc73_cac3915a402fc43445f2a81133310d7f8174001a530c4f99_redline_5fb335d512,5fb335d512,tracking_without_comments,redlines_en_500,corpus,/Users/arthrod/temp/T/neurotic_docx_bench/corpus/word/tracking_without_comments/pdf/54c9eda9fb_a7110391f4478ade5aabf48bad05d250be49cb3e1f335eee__vs__dc9c5abc73_cac3915a402fc43445f2a81133310d7f8174001a530c4f99_redline_5fb335d512.pdf,3c76f8fe7a89509c6969889ef2a4006c9ff84f628eaea07f35d2289ddebe2758,,
91440900a0_00189e19139f6e3031303e4152566a7bc08fab71a5c95895__vs__aa5340125d_00a4b0b91e9b5b072dc3771391c2d608518690eccf44eae8_redline_60f07758a1,60f07758a1,tracking_without_comments,redlines_a100_b10,corpus,/Users/arthrod/temp/T/neurotic_docx_bench/corpus/word/tracking_without_comments/pdf/91440900a0_00189e19139f6e3031303e4152566a7bc08fab71a5c95895__vs__aa5340125d_00a4b0b91e9b5b072dc3771391c2d608518690eccf44eae8_redline_60f07758a1.pdf,3cf888040a5e323aa772a53b3e82efaa1055a479ddc047993aba9acc79d34b3e,/Users/arthrod/temp/T/neurotic_docx_bench/results/redlines_0929_full/docxodus/pdf_by_word/91440900a0_00189e19139f6e3031303e4152566a7bc08fab71a5c95895__vs__aa5340125d_00a4b0b91e9b5b072dc3771391c2d608518690eccf44eae8_redline_60f07758a1_docxodus.pdf,1453e688acb1d087371188ae4d428644221a5978f5ba609421851c14f86bbde6
87dc2ebfec_00ee07057c69b24e2be4bf1a2684792bf6141fdccc35d075__vs__a5f2b9318d_002aa60c2ae1187417b4b157c5ec6450324cc056ec551a12_redline_61283a9049,61283a9049,tracking_without_comments,redlines_a100_b10,corpus,/Users/arthrod/temp/T/neurotic_docx_bench/corpus/word/tracking_without_comments/pdf/87dc2ebfec_00ee07057c69b24e2be4bf1a2684792bf6141fdccc35d075__vs__a5f2b9318d_002aa60c2ae1187417b4b157c5ec6450324cc056ec551a12_redline_61283a9049.pdf,967f9e4414a4bd933bbfdcd95257aa89e593b3b5db3430d2e39a76de1c2505c7,,
432bf1c280_010684299d3c5523897eb69efb8c1c743c0a7623137d64fe__vs__bd3824dd1e_000ee64ef7226d353297888f59a251e24ce5d776fea000fa_redline_6167071c5d,6167071c5d,tracking_without_comments,redlines_a100_b10,corpus,/Users/arthrod/temp/T/neurotic_docx_bench/corpus/word/tracking_without_comments/pdf/432bf1c280_010684299d3c5523897eb69efb8c1c743c0a7623137d64fe__vs__bd3824dd1e_000ee64ef7226d353297888f59a251e24ce5d776fea000fa_redline_6167071c5d.pdf,138adb52f6f0800dfcea5b12db91bf9ac8fb10d7e80885d7de898caca00791fc,,
f43f6ef305_002042b8a23533ba746bf4eaf56b5e62642cc111f5f5fcff__vs__deff0e697a_00b5defcad6e58038eac35472a2d48c89905068e5ece0cc3_redline_621d6afaf0,621d6afaf0,tracking_without_comments,redlines_a100_b10,corpus,/Users/arthrod/temp/T/neurotic_docx_bench/corpus/word/tracking_without_comments/pdf/f43f6ef305_002042b8a23533ba746bf4eaf56b5e62642cc111f5f5fcff__vs__deff0e697a_00b5defcad6e58038eac35472a2d48c89905068e5ece0cc3_redline_621d6afaf0.pdf,e000514c2c663c13717e2e7f60044360c39e5585520695c49b5b1361e5f8d660,/Users/arthrod/temp/T/neurotic_docx_bench/results/redlines_0929_full/docxodus/pdf_by_word/f43f6ef305_002042b8a23533ba746bf4eaf56b5e62642cc111f5f5fcff__vs__deff0e697a_00b5defcad6e58038eac35472a2d48c89905068e5ece0cc3_redline_621d6afaf0_docxodus.pdf,5de1fb152cb377ede04fbb2189ca0e800516e31f623662dc600c6f1c2c60fc6d
25937ddb49_d45aa3d5fdc962c7ae968e4118ab0f865de156c0d720ac0d__vs__f7988c556b_069252c3fde38e4d9f87c5a8a48590195facf9a409032580_redline_63b66681b7,63b66681b7,tracking_without_comments,redlines_en_500,corpus,/Users/arthrod/temp/T/neurotic_docx_bench/corpus/word/tracking_without_comments/pdf/25937ddb49_d45aa3d5fdc962c7ae968e4118ab0f865de156c0d720ac0d__vs__f7988c556b_069252c3fde38e4d9f87c5a8a48590195facf9a409032580_redline_63b66681b7.pdf,56ebdbb0220ed87d99ffb2669ffe8714a969d789f1c10f6d0925c5a379aa8216,/Users/arthrod/temp/T/neurotic_docx_bench/results/redlines_0929_full/docxodus/pdf_by_word/25937ddb49_d45aa3d5fdc962c7ae968e4118ab0f865de156c0d720ac0d__vs__f7988c556b_069252c3fde38e4d9f87c5a8a48590195facf9a409032580_redline_63b66681b7_docxodus.pdf,f75d55185a09a65c374c636cd68032c045bd23f67c5f7b4b3c81d6966c89480b
a2ae20465c_file_14__vs__9338d8c9d9_file_15_redline_63ef9002ec,63ef9002ec,tracking_without_comments,nocomments_randomized,corpus,/Users/arthrod/temp/T/neurotic_docx_bench/corpus/word/tracking_without_comments/pdf/a2ae20465c_file_14__vs__9338d8c9d9_file_15_redline_63ef9002ec.pdf,51407a1f2fc88170a82deb221c486b96e692ddacd6c1edb7e6c6e40d9aebe38a,/Users/arthrod/temp/T/neurotic_docx_bench/results/redlines_0929_full/docxodus/pdf_by_word/a2ae20465c_file_14__vs__9338d8c9d9_file_15_redline_63ef9002ec_docxodus.pdf,6a78b471527175141c0a85968673bb9c3df91e787d4c9939681dd7919d64e383
8cd372b814_0193e5015be906eb45df5f7b3ceb682c7ff53cb52f15a0bf__vs__333bfe069a_003416d620331122b93b434dad901db5836f60d2cad4b533_redline_642d34f1f7,642d34f1f7,tracking_without_comments,redlines_a100_b10,corpus,/Users/arthrod/temp/T/neurotic_docx_bench/corpus/word/tracking_without_comments/pdf/8cd372b814_0193e5015be906eb45df5f7b3ceb682c7ff53cb52f15a0bf__vs__333bfe069a_003416d620331122b93b434dad901db5836f60d2cad4b533_redline_642d34f1f7.pdf,bd68e840e9513db4c593d2c84a63f2d7c2a96f0a16f0913ae7ff34a408451d00,/Users/arthrod/temp/T/neurotic_docx_bench/results/redlines_0929_full/docxodus/pdf_by_word/8cd372b814_0193e5015be906eb45df5f7b3ceb682c7ff53cb52f15a0bf__vs__333bfe069a_003416d620331122b93b434dad901db5836f60d2cad4b533_redline_642d34f1f7_docxodus.pdf,57a446840f2f62f77f382af204053f4ccc85f5afdd0622c730fd62fcffa8c031
cb340e4c6a_center_alignment_demo_id_paraid_overflow__vs__8a7f242026_center_bold_demo_id_paraid_overflow_redline_64a9e685b5,64a9e685b5,tracking_without_comments,fixtures_word_compares;pdf_fill_0928,fresh,/Users/arthrod/temp/T/compare_regen/out/64a9e685b5__vs__64a9e685b5.pdf,8c6c9ad93dfaf54a067f9327cb9c9996b672e42dbf1f56fed4b075d1872b1be7,/Users/arthrod/temp/T/neurotic_docx_bench/results/redlines_0929_full/docxodus/pdf_by_word/cb340e4c6a_center_alignment_demo_id_paraid_overflow__vs__8a7f242026_center_bold_demo_id_paraid_overflow_redline_008c2d8700_docxodus.pdf,a13d89eb21818c0fb3d38dabcf9abdbc4804e91e68e90241fbcd1ab7e436d860
5320da1b60_file_30__vs__c7190b3adc_file_31_redline_64c527dde8,64c527dde8,tracking_without_comments,word_based_randomized_0926,corpus,/Users/arthrod/temp/T/neurotic_docx_bench/corpus/word/tracking_without_comments/pdf/5320da1b60_file_30__vs__c7190b3adc_file_31_redline_64c527dde8.pdf,162a98bb31e9fb7a098fb0472ac79798b8a7ab654a09fded1e3b666e97c21f56,/Users/arthrod/temp/T/neurotic_docx_bench/results/redlines_0929_full/docxodus/pdf_by_word/5320da1b60_file_30__vs__c7190b3adc_file_31_redline_64c527dde8_docxodus.pdf,c4ef165ad1fe660bd3828fa67c763bc913567c2a42451ebc4de1ed89b75e2ea1
79cb6b6c0f_behavior__word_native_bullet_disc_bfbeb2dd__vs__432a12b1a9_behavior__word_native_bullet_square_da8bb73c_redline_6514f51552,6514f51552,tracking_without_comments,word_redlines_superdoc_0926,corpus,/Users/arthrod/temp/T/neurotic_docx_bench/corpus/word/tracking_without_comments/pdf/79cb6b6c0f_behavior__word_native_bullet_disc_bfbeb2dd__vs__432a12b1a9_behavior__word_native_bullet_square_da8bb73c_redline_6514f51552.pdf,e40cc665d0d629142a8c1802a8e19b8680de53a083fa3b7626051bca939fc23f,/Users/arthrod/temp/T/neurotic_docx_bench/results/redlines_0929_full/docxodus/pdf_by_word/79cb6b6c0f_behavior__word_native_bullet_disc_bfbeb2dd__vs__432a12b1a9_behavior__word_native_bullet_square_da8bb73c_redline_6514f51552_docxodus.pdf,4ae1db3e71be6d0bc19eafe784dad14fdff830e762465a21aed74825ef1c322a
a9de4ed3f9_9c337ad7e3719f79f6cbf0deed6badf7a57a4c6482c0cf76__vs__ef7870f9f4_22be2b6e0c6f8f306d5e2a268d7164e59b90b72404e75678_redline_651e1bcc1c,651e1bcc1c,tracking_without_comments,redlines_en_500,corpus,/Users/arthrod/temp/T/neurotic_docx_bench/corpus/word/tracking_without_comments/pdf/a9de4ed3f9_9c337ad7e3719f79f6cbf0deed6badf7a57a4c6482c0cf76__vs__ef7870f9f4_22be2b6e0c6f8f306d5e2a268d7164e59b90b72404e75678_redline_651e1bcc1c.pdf,550b22ba1a975e54a51c0e1f4928c2a3f317e90cc0fe5b652e8d7514392e6c91,/Users/arthrod/temp/T/neurotic_docx_bench/results/redlines_0929_full/docxodus/pdf_by_word/a9de4ed3f9_9c337ad7e3719f79f6cbf0deed6badf7a57a4c6482c0cf76__vs__ef7870f9f4_22be2b6e0c6f8f306d5e2a268d7164e59b90b72404e75678_redline_651e1bcc1c_docxodus.pdf,ba9b10d830ca88f315e3de96dcaf234eac3b9540bef3431a109bdcb51d092f54
5d5ca75f29_bold_italic_underline_demo_id_paraid_overflow__vs__4ad775158b_bold_red_text_combo_id_paraid_overflow_redline_660862c753,660862c753,tracking_without_comments,word_based_0926,corpus,/Users/arthrod/temp/T/neurotic_docx_bench/corpus/word/tracking_without_comments/pdf/5d5ca75f29_bold_italic_underline_demo_id_paraid_overflow__vs__4ad775158b_bold_red_text_combo_id_paraid_overflow_redline_660862c753.pdf,a66ca2ea3ed70248a37b2ec8cc9f3971d6409228f64da1a26bc1019ddf9af72f,/Users/arthrod/temp/T/neurotic_docx_bench/results/redlines_0929_full/docxodus/pdf_by_word/5d5ca75f29_bold_italic_underline_demo_id_paraid_overflow__vs__4ad775158b_bold_red_text_combo_id_paraid_overflow_redline_660862c753_docxodus.pdf,4f49fb394cae1d11badcd95565d4f96f31c75082a39df3164f121f79e8db5816
8ee210e927_super_editor__missing_separator_41c823b9__vs__668fe0a735_super_editor__ooxml_bold_vals_demo_9e688d8f_redline_660d1fa273,660d1fa273,tracking_without_comments,word_redlines_superdoc_0926,corpus,/Users/arthrod/temp/T/neurotic_docx_bench/corpus/word/tracking_without_comments/pdf/8ee210e927_super_editor__missing_separator_41c823b9__vs__668fe0a735_super_editor__ooxml_bold_vals_demo_9e688d8f_redline_660d1fa273.pdf,c8d66a78213037462453327c1265e0742cfc37de16952508ba92ed311fdcc0d5,/Users/arthrod/temp/T/neurotic_docx_bench/results/redlines_0929_full/docxodus/pdf_by_word/8ee210e927_super_editor__missing_separator_41c823b9__vs__668fe0a735_super_editor__ooxml_bold_vals_demo_9e688d8f_redline_660d1fa273_docxodus.pdf,10cec10f0fda8edd12286217b8aed0e03ceb41a52bac5066c944af995fb1189e
6758689ba7_text_box__vs__9f27b9f0d4_text_highlight_demo_style_default_missing_redline_6615bbe1a9,6615bbe1a9,tracking_without_comments,nocomments,corpus,/Users/arthrod/temp/T/neurotic_docx_bench/corpus/word/tracking_without_comments/pdf/6758689ba7_text_box__vs__9f27b9f0d4_text_highlight_demo_style_default_missing_redline_6615bbe1a9.pdf,4724509b06929d3dc738b6af661fda1898d53ec5342e5360ce6a56cd977dbef5,,
cec0607d40_file_25__vs__cf02e0407e_file_26_redline_6652e44fd7,6652e44fd7,tracking_without_comments,word_based_randomized_0926,corpus,/Users/arthrod/temp/T/neurotic_docx_bench/corpus/word/tracking_without_comments/pdf/cec0607d40_file_25__vs__cf02e0407e_file_26_redline_6652e44fd7.pdf,05e7f00bed210a7ab5b1c7fbaae2ac96b32a1a1201b3706b3a1dc8c20090ff2c,/Users/arthrod/temp/T/neurotic_docx_bench/results/redlines_0929_full/docxodus/pdf_by_word/cec0607d40_file_25__vs__cf02e0407e_file_26_redline_621c68893b_docxodus.pdf,ab4839248c09767d3d4a8e526f3d0fcc1d4ed30e3036e312f1f5684988e1d257
28033140a2_quarterly_performance_report_table_2__vs__fa5b142e31_quarterly_performance_report_table_redline_666d0bdeb7,666d0bdeb7,tracking_without_comments,nocomments,corpus,/Users/arthrod/temp/T/neurotic_docx_bench/corpus/word/tracking_without_comments/pdf/28033140a2_quarterly_performance_report_table_2__vs__fa5b142e31_quarterly_performance_report_table_redline_666d0bdeb7.pdf,73d652a3d87ca7e42e28a4c7aa96e9c8ced2776783bee5eced83c535d574789f,/Users/arthrod/temp/T/neurotic_docx_bench/results/redlines_0929_full/docxodus/pdf_by_word/28033140a2_quarterly_performance_report_table_2__vs__fa5b142e31_quarterly_performance_report_table_redline_666d0bdeb7_docxodus.pdf,d9c122e05fa7c99a363462c194a957f1c0e67ad26f89ac75577654d9c8cf55a5
083826730a_file_32__vs__a46b602ff5_file_33_redline_666e33d132,666e33d132,tracking_without_comments,word_based_randomized_0926,corpus,/Users/arthrod/temp/T/neurotic_docx_bench/corpus/word/tracking_without_comments/pdf/083826730a_file_32__vs__a46b602ff5_file_33_redline_666e33d132.pdf,ea4a50986c60e2e4454494ed6543dccb020adb4ad35f7e16f87fe6ab326cdcda,/Users/arthrod/temp/T/neurotic_docx_bench/results/redlines_0929_full/docxodus/pdf_by_word/083826730a_file_32__vs__a46b602ff5_file_33_redline_666e33d132_docxodus.pdf,892fc01b8b626c96b0e68546cb39a17f41d07700e885fa276290fb1a04500bdb
accec0538a_anchor_images__vs__d72fd74138_super_editor__ooxml_color_rstyle_linked_combos_d_redline_66a6739bf5,66a6739bf5,tracking_without_comments,word_redlines_superdoc,corpus,/Users/arthrod/temp/T/neurotic_docx_bench/corpus/word/tracking_without_comments/pdf/accec0538a_anchor_images__vs__d72fd74138_super_editor__ooxml_color_rstyle_linked_combos_d_redline_66a6739bf5.pdf,0278daadcb2088fbe434addfdfdb1a6e8b98656cb07b709a701586b73fcdf6b6,/Users/arthrod/temp/T/neurotic_docx_bench/results/redlines_0929_full/docxodus/pdf_by_word/accec0538a_anchor_images__vs__d72fd74138_super_editor__ooxml_color_rstyle_linked_combos_d_redline_2971d117a2_docxodus.pdf,a2339998a977dd1c72705145e3faed3d928e85a9897c95f80dfafff8f54bda1f
667af231c2_behavior__sd_2672_rtl_table_63bd9d10__vs__cfd53bad25_behavior__sd_2672_sdt_table_fc038913_redline_6810ed11e0,6810ed11e0,tracking_without_comments,word_redlines_superdoc_0926,corpus,/Users/arthrod/temp/T/neurotic_docx_bench/corpus/word/tracking_without_comments/pdf/667af231c2_behavior__sd_2672_rtl_table_63bd9d10__vs__cfd53bad25_behavior__sd_2672_sdt_table_fc038913_redline_6810ed11e0.pdf,d26d14680729931bdbdd2528ac3bf9d77af7355368c82aa73741686b11ca1183,/Users/arthrod/temp/T/neurotic_docx_bench/results/redlines_0929_full/docxodus/pdf_by_word/667af231c2_behavior__sd_2672_rtl_table_63bd9d10__vs__cfd53bad25_behavior__sd_2672_sdt_table_fc038913_redline_6810ed11e0_docxodus.pdf,2a5b57b15ad24585f66b0e0ace6600d4fd8ccf5c034c3726b0461908196647c8
7a48682ea5_super_editor__superdoc_hyperlink_cases_1dde9cd3__vs__7098537b0d_super_editor__base_custom_544164f9_redline_686a6405b2,686a6405b2,tracking_without_comments,word_redlines_superdoc,fresh,/Users/arthrod/temp/T/compare_regen/out/686a6405b2__vs__686a6405b2.pdf,73a508c8cdb8d87595a8ac3501d3cd56e286feede2ccc8ab08bd5adf8c556d20,,
a3df367231_001a6655d72fbecf6a1d10e479eee052a779d6ba1d0848d7__vs__2e04202552_000e3e7bd2d6215fc7b469cc3e296c1b2a510bc1abc7e0fd_redline_68d77dc8a2,68d77dc8a2,tracking_without_comments,redlines_a100_b10,corpus,/Users/arthrod/temp/T/neurotic_docx_bench/corpus/word/tracking_without_comments/pdf/a3df367231_001a6655d72fbecf6a1d10e479eee052a779d6ba1d0848d7__vs__2e04202552_000e3e7bd2d6215fc7b469cc3e296c1b2a510bc1abc7e0fd_redline_68d77dc8a2.pdf,43e71d963e284fdf39d0caa0125529b01cc63a0039feb02ceafa581f659446b5,/Users/arthrod/temp/T/neurotic_docx_bench/results/redlines_0929_full/docxodus/pdf_by_word/a3df367231_001a6655d72fbecf6a1d10e479eee052a779d6ba1d0848d7__vs__2e04202552_000e3e7bd2d6215fc7b469cc3e296c1b2a510bc1abc7e0fd_redline_68d77dc8a2_docxodus.pdf,57d4f032d3d503b77eae4a94aa580350ae720187a9ea9468327a876d61479540
8061e5912f_file_159__vs__8f8f5a3e4d_file_160_redline_69a4d71d6f,69a4d71d6f,with_comments_tracking,word_based_randomized_0926,fresh,/Users/arthrod/temp/T/compare_regen/out/69a4d71d6f__vs__69a4d71d6f.pdf,ed14ba7072445047eccff1fe7ba5deb17974b1cda7be10e2250c780eeade1f4e,/Users/arthrod/temp/T/neurotic_docx_bench/results/redlines_0929_full/docxodus/pdf_by_word/8061e5912f_file_159__vs__8f8f5a3e4d_file_160_redline_69a4d71d6f_docxodus.pdf,5dd116f88f99b82e6d064b905b19522e178e8309862bb0b92f661461b96bbcc5
783b1628da_green_bold_text_demo_id_paraid_overflow__vs__307d9d0b0c_green_highlight_demo_id_paraid_overflow_redline_6a034c8279,6a034c8279,tracking_without_comments,nocomments,corpus,/Users/arthrod/temp/T/neurotic_docx_bench/corpus/word/tracking_without_comments/pdf/783b1628da_green_bold_text_demo_id_paraid_overflow__vs__307d9d0b0c_green_highlight_demo_id_paraid_overflow_redline_6a034c8279.pdf,3041ad01337793ebb6419958ad110d84e392032f23eb4e3337b1c93ab0e25737,/Users/arthrod/temp/T/neurotic_docx_bench/results/redlines_0929_full/docxodus/pdf_by_word/783b1628da_green_bold_text_demo_id_paraid_overflow__vs__307d9d0b0c_green_highlight_demo_id_paraid_overflow_redline_6a034c8279_docxodus.pdf,2050c57551b6ac237f08d81c75f40c736950d73697a5263bbdac22c1b4958937
38366ba69f_c32c6fb391053c84ab8c99cfea00c8c488560d9ac89c61fe__vs__ea93aecce5_8d45df263debb6a32a3b999fce17c9dcbac55f6bf500108d_redline_6a1f8b9ee6,6a1f8b9ee6,tracking_without_comments,redlines_en_500,corpus,/Users/arthrod/temp/T/neurotic_docx_bench/corpus/word/tracking_without_comments/pdf/38366ba69f_c32c6fb391053c84ab8c99cfea00c8c488560d9ac89c61fe__vs__ea93aecce5_8d45df263debb6a32a3b999fce17c9dcbac55f6bf500108d_redline_6a1f8b9ee6.pdf,aa1fe05307875281a81bf32485ce79182fbd051a142915d8930031da852a6f7e,/Users/arthrod/temp/T/neurotic_docx_bench/results/redlines_0929_full/docxodus/pdf_by_word/38366ba69f_c32c6fb391053c84ab8c99cfea00c8c488560d9ac89c61fe__vs__ea93aecce5_8d45df263debb6a32a3b999fce17c9dcbac55f6bf500108d_redline_6a1f8b9ee6_docxodus.pdf,2d94e4dc4186d7687ed9c687442c1c8935be72385ff025f9a350a1b215347468
8545b37ca3_open_sans_font_demo_id_paraid_overflow__vs__0dc1cffa18_multi_section_redline_6a6843005a,6a6843005a,tracking_without_comments,nocomments,corpus,/Users/arthrod/temp/T/neurotic_docx_bench/corpus/word/tracking_without_comments/pdf/8545b37ca3_open_sans_font_demo_id_paraid_overflow__vs__0dc1cffa18_multi_section_redline_6a6843005a.pdf,83e6a15505a929efa44c64a8f151f7ad75f7974985f58c1381dfdbfca2f187eb,/Users/arthrod/temp/T/neurotic_docx_bench/results/redlines_0929_full/docxodus/pdf_by_word/8545b37ca3_open_sans_font_demo_id_paraid_overflow__vs__0dc1cffa18_multi_section_redline_6a6843005a_docxodus.pdf,81987cee5d6e8598585274857d7b4cdd9394e2f96e0cde50248e7fcea2faf65e
60697d46b7_strict01__vs__a04e2d2749_ooxml_style_link_redline_6b74ac1ae6,6b74ac1ae6,with_comments_tracking,word_based;fixtures_word_compares;pdf_fill_0928,fresh,/Users/arthrod/temp/T/compare_regen/out/6b74ac1ae6__vs__6b74ac1ae6.pdf,68a4e52adb17b9684d2e170b9bd1944fae498fc10c3b1525694c546ffa744bd5,,
f9b9dbd790_0017bce9abd08007241b106f0fcf1d64e45c05cd82a05a1d__vs__2773adf157_0004c94ca2a8684d47449bb0e7abf87de1df71a7e6543252_redline_6bcf56a447,6bcf56a447,tracking_without_comments,redlines_a100_b10,corpus,/Users/arthrod/temp/T/neurotic_docx_bench/corpus/word/tracking_without_comments/pdf/f9b9dbd790_0017bce9abd08007241b106f0fcf1d64e45c05cd82a05a1d__vs__2773adf157_0004c94ca2a8684d47449bb0e7abf87de1df71a7e6543252_redline_6bcf56a447.pdf,87efb085fe035da929864a23c58109df92e8394fabbc25f6298dda81355526e8,/Users/arthrod/temp/T/neurotic_docx_bench/results/redlines_0929_full/docxodus/pdf_by_word/f9b9dbd790_0017bce9abd08007241b106f0fcf1d64e45c05cd82a05a1d__vs__2773adf157_0004c94ca2a8684d47449bb0e7abf87de1df71a7e6543252_redline_6bcf56a447_docxodus.pdf,1136d1b0ea4fa85473a6d79d7808db5b378ed925d777adcb4cf34eaae62f149b
f0f90aa0cf_981631a715108df2a9c75275cd04a5fc2495ce3ad604790b__vs__e0ada445ca_4f48d962d05d1fca7e32a424ff8e815c01637102694d57df_redline_6ddf25f1b8,6ddf25f1b8,tracking_without_comments,redlines_en_500,corpus,/Users/arthrod/temp/T/neurotic_docx_bench/corpus/word/tracking_without_comments/pdf/f0f90aa0cf_981631a715108df2a9c75275cd04a5fc2495ce3ad604790b__vs__e0ada445ca_4f48d962d05d1fca7e32a424ff8e815c01637102694d57df_redline_6ddf25f1b8.pdf,b089e98aab76056f5b05780ad2d9c942532fa877f72fa9a616fe6523695d96a8,/Users/arthrod/temp/T/neurotic_docx_bench/results/redlines_0929_full/docxodus/pdf_by_word/f0f90aa0cf_981631a715108df2a9c75275cd04a5fc2495ce3ad604790b__vs__e0ada445ca_4f48d962d05d1fca7e32a424ff8e815c01637102694d57df_redline_6ddf25f1b8_docxodus.pdf,e4ea70329d4e851269ff75281e3661b754f0827a4c6fedeef4820be7e113e957
9bf625ba95_file_19__vs__2bf4db734d_file_20_redline_6dee5896b8,6dee5896b8,with_comments_tracking,word_based_randomized,fresh,/Users/arthrod/temp/T/compare_regen/out/6dee5896b8__vs__6dee5896b8.pdf,e7f0a1b52475e3ab75ca77116a05de7cd578e8046ce535ec720e48ef11864d88,/Users/arthrod/temp/T/neurotic_docx_bench/results/redlines_0929_full/docxodus/pdf_by_word/9bf625ba95_file_19__vs__2bf4db734d_file_20_redline_6dee5896b8_docxodus.pdf,690389bfb0002d1703a20598a749147ed84a326e29a82478ca1cdc90a7e479f1
7c574c6405_75ec25360b1ad076f683dc85c01cb39e1c1a73264f48f966__vs__0623cf25e8_fbd9a532ec1595761c8da6dc475ac9154c1d81c002e99cf5_redline_6fe4ab13ba,6fe4ab13ba,tracking_without_comments,redlines_en_500,corpus,/Users/arthrod/temp/T/neurotic_docx_bench/corpus/word/tracking_without_comments/pdf/7c574c6405_75ec25360b1ad076f683dc85c01cb39e1c1a73264f48f966__vs__0623cf25e8_fbd9a532ec1595761c8da6dc475ac9154c1d81c002e99cf5_redline_6fe4ab13ba.pdf,b758e7f8757b7183fcf915f729e2149d7121aa964bc8d6a977f9cc5dfa4f21bd,/Users/arthrod/temp/T/neurotic_docx_bench/results/redlines_0929_full/docxodus/pdf_by_word/7c574c6405_75ec25360b1ad076f683dc85c01cb39e1c1a73264f48f966__vs__0623cf25e8_fbd9a532ec1595761c8da6dc475ac9154c1d81c002e99cf5_redline_6fe4ab13ba_docxodus.pdf,d2cb71cf06f73a08c47548a7377f32ceb52ea2becff064fe4b7caa82872ac5f0
203c24d1e7_00cb988053156ab17763897a184a6655864f9c50f7ef2e53__vs__bd3824dd1e_000ee64ef7226d353297888f59a251e24ce5d776fea000fa_redline_7070a9c7b0,7070a9c7b0,tracking_without_comments,redlines_a100_b10,corpus,/Users/arthrod/temp/T/neurotic_docx_bench/corpus/word/tracking_without_comments/pdf/203c24d1e7_00cb988053156ab17763897a184a6655864f9c50f7ef2e53__vs__bd3824dd1e_000ee64ef7226d353297888f59a251e24ce5d776fea000fa_redline_7070a9c7b0.pdf,7b825125aa8673ce277585844105cece808169b1bce10e413249db08774d468b,,
82ee7342fd_file_5__vs__1072677c3a_file_6_redline_70a6883d16,70a6883d16,with_comments_tracking,word_based_randomized_0926,fresh,/Users/arthrod/temp/T/compare_regen/out/70a6883d16__vs__70a6883d16.pdf,6c31d1cab34112d6f85172d23c72d3cbf689cfc9aad7719ed523f197f3e0d209,/Users/arthrod/temp/T/neurotic_docx_bench/results/redlines_0929_full/docxodus/pdf_by_word/82ee7342fd_file_5__vs__1072677c3a_file_6_redline_70a6883d16_docxodus.pdf,717fd1286ffa76f5150a6ebacde2fde45c6b89b0dd388ba14960588abac86315
e355cec096_small_font_size_demo_id_paraid_overflow__vs__73e78ba640_strikethrough_and_italic_combo_id_paraid_overflo_redline_70f8737437,70f8737437,tracking_without_comments,word_based,corpus,/Users/arthrod/temp/T/neurotic_docx_bench/corpus/word/tracking_without_comments/pdf/e355cec096_small_font_size_demo_id_paraid_overflow__vs__73e78ba640_strikethrough_and_italic_combo_id_paraid_overflo_redline_70f8737437.pdf,ee719cf81c080a8c80715bbc4f6cfbe563db48f2aede519a2fb0660520a3d30c,/Users/arthrod/temp/T/neurotic_docx_bench/results/redlines_0929_full/docxodus/pdf_by_word/e355cec096_small_font_size_demo_id_paraid_overflow__vs__73e78ba640_strikethrough_and_italic_combo_id_paraid_overflo_redline_70f8737437_docxodus.pdf,e39f97529c9b27074fcdaeaeff50773debf7ea7afcbee6aa75c2d281dfb75b0f
82348eef4b_multi_section__vs__2f23773d63_super_editor__pagination_blank_2a98ed7a_redline_7188b9787f,7188b9787f,tracking_without_comments,word_redlines_superdoc,corpus,/Users/arthrod/temp/T/neurotic_docx_bench/corpus/word/tracking_without_comments/pdf/82348eef4b_multi_section__vs__2f23773d63_super_editor__pagination_blank_2a98ed7a_redline_7188b9787f.pdf,16744f830825f5377a8958c6f3f50eb3da80ea7aba0e6d0049d49b2cf903c7e3,/Users/arthrod/temp/T/neurotic_docx_bench/results/redlines_0929_full/docxodus/pdf_by_word/82348eef4b_multi_section__vs__2f23773d63_super_editor__pagination_blank_2a98ed7a_redline_5457f839e0_docxodus.pdf,f14a8a77928e2599fa3853ccc67d09c2bd18311bf939832fb7d5a06106277385
9b9fce74d9_super_editor__basic_list_0fcfe705__vs__301e302820_super_editor__basic_page_nums_d5b08fc3_redline_7240c98097,7240c98097,tracking_without_comments,word_redlines_superdoc_0926,corpus,/Users/arthrod/temp/T/neurotic_docx_bench/corpus/word/tracking_without_comments/pdf/9b9fce74d9_super_editor__basic_list_0fcfe705__vs__301e302820_super_editor__basic_page_nums_d5b08fc3_redline_7240c98097.pdf,4b7bd3c5f77878ed183c994ed52a992209a97c107e0645a099ac7f13f47e6ad8,/Users/arthrod/temp/T/neurotic_docx_bench/results/redlines_0929_full/docxodus/pdf_by_word/9b9fce74d9_super_editor__basic_list_0fcfe705__vs__301e302820_super_editor__basic_page_nums_d5b08fc3_redline_1743e156b7_docxodus.pdf,af35090044fc75372de245e7556ad02bf695e06837be060c081915ce7cab448e
bcc7379f64_super_editor__paragraph_spacing_missing_de418c38__vs__a5903a7c15_super_editor__pci_table_dc840852_redline_72d58e2d23,72d58e2d23,tracking_without_comments,word_redlines_superdoc_0926,corpus,/Users/arthrod/temp/T/neurotic_docx_bench/corpus/word/tracking_without_comments/pdf/bcc7379f64_super_editor__paragraph_spacing_missing_de418c38__vs__a5903a7c15_super_editor__pci_table_dc840852_redline_72d58e2d23.pdf,eb8bdb19b196903a00c86e5bb8c8fb962956b512204ebbde08169609f361dac9,/Users/arthrod/temp/T/neurotic_docx_bench/results/redlines_0929_full/docxodus/pdf_by_word/bcc7379f64_super_editor__paragraph_spacing_missing_de418c38__vs__a5903a7c15_super_editor__pci_table_dc840852_redline_72d58e2d23_docxodus.pdf,ea46ceffd2cca44764bbc91d01d777337420b3e4e18481cb9c4983855d1af8ff
2c4e244c15_right_aligned_italic_demo_id_paraid_overflow__vs__64486ef4bb_right_alignment_demo_id_paraid_overflow_2_redline_72fbc07de4,72fbc07de4,tracking_without_comments,nocomments,corpus,/Users/arthrod/temp/T/neurotic_docx_bench/corpus/word/tracking_without_comments/pdf/2c4e244c15_right_aligned_italic_demo_id_paraid_overflow__vs__64486ef4bb_right_alignment_demo_id_paraid_overflow_2_redline_72fbc07de4.pdf,d14bc10d7c7bbd521c509d36d2fb80e01ce0f7c74cf0d949168b048a96b3d830,/Users/arthrod/temp/T/neurotic_docx_bench/results/redlines_0929_full/docxodus/pdf_by_word/2c4e244c15_right_aligned_italic_demo_id_paraid_overflow__vs__64486ef4bb_right_alignment_demo_id_paraid_overflow_2_redline_72fbc07de4_docxodus.pdf,5b36623eb52c02d85e45a922c19fd49aba0917f03c44542e38e83ec0833e4d88
565f0a0e94_file_149__vs__798e9f7226_file_150_redline_73046962ee,73046962ee,tracking_without_comments,word_based_randomized_0926,corpus,/Users/arthrod/temp/T/neurotic_docx_bench/corpus/word/tracking_without_comments/pdf/565f0a0e94_file_149__vs__798e9f7226_file_150_redline_73046962ee.pdf,a103fea9e9e12103d7ba4d47180ae1fe9929d553280e841c78b6c09db6fa4891,/Users/arthrod/temp/T/neurotic_docx_bench/results/redlines_0929_full/docxodus/pdf_by_word/565f0a0e94_file_149__vs__798e9f7226_file_150_redline_1ce9c0fc17_docxodus.pdf,b08a2f0276e0baf4afbca492555758c1c398dc5adc7150dd91d0925220903981
1b9445becb_000516b844a100814a91ff4628bfc37fed6090074bfa22e1__vs__2773adf157_0004c94ca2a8684d47449bb0e7abf87de1df71a7e6543252_redline_73105518ef,73105518ef,tracking_without_comments,redlines_a100_b10,corpus,/Users/arthrod/temp/T/neurotic_docx_bench/corpus/word/tracking_without_comments/pdf/1b9445becb_000516b844a100814a91ff4628bfc37fed6090074bfa22e1__vs__2773adf157_0004c94ca2a8684d47449bb0e7abf87de1df71a7e6543252_redline_73105518ef.pdf,5fa912a29093294f802db5fa0d04b2a08e05ec16c11a5a6868972e37fafad174,/Users/arthrod/temp/T/neurotic_docx_bench/results/redlines_0929_full/docxodus/pdf_by_word/1b9445becb_000516b844a100814a91ff4628bfc37fed6090074bfa22e1__vs__2773adf157_0004c94ca2a8684d47449bb0e7abf87de1df71a7e6543252_redline_73105518ef_docxodus.pdf,a959fef3b3fa7d8e69a031b055160ac76a6bcc888d2a012c8e477ae0f91660e9
c4ee483519_tiff_image__vs__d0423646cd_times_new_roman_bold_id_paraid_overflow_redline_7321b254f7,7321b254f7,tracking_without_comments,word_based_0926,corpus,/Users/arthrod/temp/T/neurotic_docx_bench/corpus/word/tracking_without_comments/pdf/c4ee483519_tiff_image__vs__d0423646cd_times_new_roman_bold_id_paraid_overflow_redline_7321b254f7.pdf,c3505ee5e76ff7ca291a973aa6c810abecc8c813d9252c00d2376b0aa9faf105,/Users/arthrod/temp/T/neurotic_docx_bench/results/redlines_0929_full/docxodus/pdf_by_word/c4ee483519_tiff_image__vs__d0423646cd_times_new_roman_bold_id_paraid_overflow_redline_7321b254f7_docxodus.pdf,5cadf0c272cd65e935dfe7c2069795658ae9f70a597e2b73b036306f24c8fc46
4f1b13334b_0002768ad2e3174d9c557d30d4a7a8d70ae4062e52383747__vs__deff0e697a_00b5defcad6e58038eac35472a2d48c89905068e5ece0cc3_redline_7496d9e432,7496d9e432,tracking_without_comments,redlines_a100_b10,corpus,/Users/arthrod/temp/T/neurotic_docx_bench/corpus/word/tracking_without_comments/pdf/4f1b13334b_0002768ad2e3174d9c557d30d4a7a8d70ae4062e52383747__vs__deff0e697a_00b5defcad6e58038eac35472a2d48c89905068e5ece0cc3_redline_7496d9e432.pdf,f6da4236a5943ef82010f1bec7a6858fa6b84dea32e4883e8f20ade81d390ff3,/Users/arthrod/temp/T/neurotic_docx_bench/results/redlines_0929_full/docxodus/pdf_by_word/4f1b13334b_0002768ad2e3174d9c557d30d4a7a8d70ae4062e52383747__vs__deff0e697a_00b5defcad6e58038eac35472a2d48c89905068e5ece0cc3_redline_7496d9e432_docxodus.pdf,b8c1cfaa87ed2874c2d43f166b580d68f899754069a9d6a36efa88f62c01d9cc
e0e59cf962_track_changes_suggesting_heading_id_paraid_overf__vs__438e423482_track_changes_suggesting_italic_id_paraid_overfl_redline_75538736ac,75538736ac,tracking_without_comments,word_based_0926,corpus,/Users/arthrod/temp/T/neurotic_docx_bench/corpus/word/tracking_without_comments/pdf/e0e59cf962_track_changes_suggesting_heading_id_paraid_overf__vs__438e423482_track_changes_suggesting_italic_id_paraid_overfl_redline_75538736ac.pdf,290a65bcf8b563aa60c786b2d4b575cc2fa23d4b758bba50b8605c980854f5b4,/Users/arthrod/temp/T/neurotic_docx_bench/results/redlines_0929_full/docxodus/pdf_by_word/e0e59cf962_track_changes_suggesting_heading_id_paraid_overf__vs__438e423482_track_changes_suggesting_italic_id_paraid_overfl_redline_401b6671a7_docxodus.pdf,be317e12c3096c059b0bc1ca514ad1470793d79661942080bc5fbabbee9f999d
ced58cbf54_super_editor__sd_1494_table_left_indent_03277d35__vs__2c0c942234_super_editor__sd_2766_pirates_tracked_changes_32_redline_75a9d7262b,75a9d7262b,tracking_without_comments,word_redlines_superdoc,corpus,/Users/arthrod/temp/T/neurotic_docx_bench/corpus/word/tracking_without_comments/pdf/ced58cbf54_super_editor__sd_1494_table_left_indent_03277d35__vs__2c0c942234_super_editor__sd_2766_pirates_tracked_changes_32_redline_75a9d7262b.pdf,f855433c13d58b2e6afd00948949a5a52942fceb9c051003d66a32404a3cbd61,/Users/arthrod/temp/T/neurotic_docx_bench/results/redlines_0929_full/docxodus/pdf_by_word/ced58cbf54_super_editor__sd_1494_table_left_indent_03277d35__vs__2c0c942234_super_editor__sd_2766_pirates_tracked_changes_32_redline_75a9d7262b_docxodus.pdf,0501457fcd26c1322357570ef9e23054ed59c94d79e74c6f1e21264d5f32bf1a
ef7218d9e8_001893584bf94ff30c98db48cb8a0ea0ea5abc048f3e1a4d__vs__2773adf157_0004c94ca2a8684d47449bb0e7abf87de1df71a7e6543252_redline_75dfed19c8,75dfed19c8,tracking_without_comments,redlines_a100_b10,corpus,/Users/arthrod/temp/T/neurotic_docx_bench/corpus/word/tracking_without_comments/pdf/ef7218d9e8_001893584bf94ff30c98db48cb8a0ea0ea5abc048f3e1a4d__vs__2773adf157_0004c94ca2a8684d47449bb0e7abf87de1df71a7e6543252_redline_75dfed19c8.pdf,5d0dcd5819a874df6cfe675795f56b7b19af1a1100e5999bf3ef5873bb7204a5,/Users/arthrod/temp/T/neurotic_docx_bench/results/redlines_0929_full/docxodus/pdf_by_word/ef7218d9e8_001893584bf94ff30c98db48cb8a0ea0ea5abc048f3e1a4d__vs__2773adf157_0004c94ca2a8684d47449bb0e7abf87de1df71a7e6543252_redline_75dfed19c8_docxodus.pdf,0c0f7eddbe4df7a15ce1892b7b8f9be7a39a61f2768a74698b16f72ff8c7ecbd
2a7aebb7ce_1118d92e486cd8c59e3b10ec9f28ef9188ec989b1120da52__vs__196c44dfba_2663487136794495a0c6c3b7f67609c690cfe18469576cbb_redline_766a042194,766a042194,tracking_without_comments,redlines_en_500,corpus,/Users/arthrod/temp/T/neurotic_docx_bench/corpus/word/tracking_without_comments/pdf/2a7aebb7ce_1118d92e486cd8c59e3b10ec9f28ef9188ec989b1120da52__vs__196c44dfba_2663487136794495a0c6c3b7f67609c690cfe18469576cbb_redline_766a042194.pdf,c956671753a067c670737a2fa8ff138141c45f7413782f8f33c06faa4b024254,/Users/arthrod/temp/T/neurotic_docx_bench/results/redlines_0929_full/docxodus/pdf_by_word/2a7aebb7ce_1118d92e486cd8c59e3b10ec9f28ef9188ec989b1120da52__vs__196c44dfba_2663487136794495a0c6c3b7f67609c690cfe18469576cbb_redline_766a042194_docxodus.pdf,9f0ebe6996e351799d3b8802187ebe53bd1e1a38f513b91d66655cd87498c918
a3df367231_001a6655d72fbecf6a1d10e479eee052a779d6ba1d0848d7__vs__aa5340125d_00a4b0b91e9b5b072dc3771391c2d608518690eccf44eae8_redline_76b093bc91,76b093bc91,tracking_without_comments,redlines_a100_b10,corpus,/Users/arthrod/temp/T/neurotic_docx_bench/corpus/word/tracking_without_comments/pdf/a3df367231_001a6655d72fbecf6a1d10e479eee052a779d6ba1d0848d7__vs__aa5340125d_00a4b0b91e9b5b072dc3771391c2d608518690eccf44eae8_redline_76b093bc91.pdf,66ec7c1aca08c7d7dfd688c280691870cd3aab99adb4cce65e8a934113eaf0c0,/Users/arthrod/temp/T/neurotic_docx_bench/results/redlines_0929_full/docxodus/pdf_by_word/a3df367231_001a6655d72fbecf6a1d10e479eee052a779d6ba1d0848d7__vs__aa5340125d_00a4b0b91e9b5b072dc3771391c2d608518690eccf44eae8_redline_76b093bc91_docxodus.pdf,4a564461238f7ae7218dab21140978703b910b83a31010818741bfb3567f4a7a
50d8be9682_file_190__vs__e9d5410452_file_191_redline_771e9393ce,771e9393ce,with_comments_tracking,word_based_randomized,fresh,/Users/arthrod/temp/T/compare_regen/out/771e9393ce__vs__771e9393ce.pdf,b38b5dd7ad0999f021625bdc3bc55236be7261cdc6115722625b6131506629a2,/Users/arthrod/temp/T/neurotic_docx_bench/results/redlines_0929_full/docxodus/pdf_by_word/50d8be9682_file_190__vs__e9d5410452_file_191_redline_01f3deda92_docxodus.pdf,fd48c06672902b0f3d2bd53be1bb326b3d90ea65c8643f97fae9fa7d6e6de1c3
bb9c5a8bd5_doc_api_stories__table_style_options_roundtrip_1__vs__22ccb1b200_super_editor__diff_after19_79c6b379_redline_77a6193e3e,77a6193e3e,tracking_without_comments,word_redlines_superdoc_0926,corpus,/Users/arthrod/temp/T/neurotic_docx_bench/corpus/word/tracking_without_comments/pdf/bb9c5a8bd5_doc_api_stories__table_style_options_roundtrip_1__vs__22ccb1b200_super_editor__diff_after19_79c6b379_redline_77a6193e3e.pdf,e6c60cd07e3c3dd4ba0c4ac5e94714a7c4de5899addea6af2d1f38f43dd49318,/Users/arthrod/temp/T/neurotic_docx_bench/results/redlines_0929_full/docxodus/pdf_by_word/bb9c5a8bd5_doc_api_stories__table_style_options_roundtrip_1__vs__22ccb1b200_super_editor__diff_after19_79c6b379_redline_77a6193e3e_docxodus.pdf,b0ba3a1f10cff771dbef6bff9a43d7fed2a1df4c15d4dcf48fbcd8cb94c24a0f
048870ce18_014178090497722649b8e7aedf646339a3189ee7fe69a596__vs__333bfe069a_003416d620331122b93b434dad901db5836f60d2cad4b533_redline_77e4a6bed0,77e4a6bed0,tracking_without_comments,redlines_a100_b10,corpus,/Users/arthrod/temp/T/neurotic_docx_bench/corpus/word/tracking_without_comments/pdf/048870ce18_014178090497722649b8e7aedf646339a3189ee7fe69a596__vs__333bfe069a_003416d620331122b93b434dad901db5836f60d2cad4b533_redline_77e4a6bed0.pdf,8369a32d35a9a9a09f2ddf38926a22ae2c2cdc37abd4adc1572544c00f484c79,,
d72fd74138_super_editor__ooxml_color_rstyle_linked_combos_d__vs__fd68f70f24_super_editor__ooxml_highlight_rstyle_linked_comb_redline_780e6a99fa,780e6a99fa,tracking_without_comments,word_redlines_superdoc_0926,corpus,/Users/arthrod/temp/T/neurotic_docx_bench/corpus/word/tracking_without_comments/pdf/d72fd74138_super_editor__ooxml_color_rstyle_linked_combos_d__vs__fd68f70f24_super_editor__ooxml_highlight_rstyle_linked_comb_redline_780e6a99fa.pdf,8b9db6ec783e54ebf2f9adf052e7fb3ed98b03793532c2ed9ee6807efd754f3d,/Users/arthrod/temp/T/neurotic_docx_bench/results/redlines_0929_full/docxodus/pdf_by_word/d72fd74138_super_editor__ooxml_color_rstyle_linked_combos_d__vs__fd68f70f24_super_editor__ooxml_highlight_rstyle_linked_comb_redline_4b58ae9bb4_docxodus.pdf,d89efdf0779ac98ee2730d9e1e34b9be88673fe8c8f88abef759db7d66a1ed6b
99ef9c7a7e_file_75__vs__c492c95bb9_file_76_redline_7810afa11e,7810afa11e,tracking_without_comments,nocomments_randomized,corpus,/Users/arthrod/temp/T/neurotic_docx_bench/corpus/word/tracking_without_comments/pdf/99ef9c7a7e_file_75__vs__c492c95bb9_file_76_redline_7810afa11e.pdf,1f3d62bbbf35b798821bc916f1d31eed686fbf2ba70afb624eb5feccf7813689,/Users/arthrod/temp/T/neurotic_docx_bench/results/redlines_0929_full/docxodus/pdf_by_word/99ef9c7a7e_file_75__vs__c492c95bb9_file_76_redline_7810afa11e_docxodus.pdf,4a340c9351e25a9a5356203aad30512d867e7d06228456667a09bbd31b9a1c79
f71a12ee23_super_editor__fields_attrs1_83837249__vs__3539cf2404_cli_legacy__replace_test_0a793f01_redline_7a1d3fbeba,7a1d3fbeba,with_comments_tracking,word_redlines_superdoc,fresh,/Users/arthrod/temp/T/compare_regen/out/7a1d3fbeba__vs__7a1d3fbeba.pdf,feb4d2bc9903233281cba3c7f4be6d0847cb45995185e5e4a9e4baf4a81e02e5,/Users/arthrod/temp/T/neurotic_docx_bench/results/redlines_0929_full/docxodus/pdf_by_word/f71a12ee23_super_editor__fields_attrs1_83837249__vs__3539cf2404_cli_legacy__replace_test_0a793f01_redline_7a1d3fbeba_docxodus.pdf,ac59b9dcdbd9d06c6670e8177aa08f0e9cf6466a04f5a508e51ecb304c5a3520
be269c4536_030a008838bfcb43faba99301aaa87db68098b4774c54d2b__vs__4b03fba2ed_3ebc9f1f058f2c2a4df5058921d3eb9b0ecfa59a5ea55cb2_redline_7ab61e8c4f,7ab61e8c4f,tracking_without_comments,redlines_en_500,corpus,/Users/arthrod/temp/T/neurotic_docx_bench/corpus/word/tracking_without_comments/pdf/be269c4536_030a008838bfcb43faba99301aaa87db68098b4774c54d2b__vs__4b03fba2ed_3ebc9f1f058f2c2a4df5058921d3eb9b0ecfa59a5ea55cb2_redline_7ab61e8c4f.pdf,a963a4576354c830aa58d5df25a3f0dcfdbc80eed691e67d95e735bf641d5003,,
a5eb266a1f_016236e3bf778292b45976ecd4a34b45d02104f47db7a3ca__vs__a5f2b9318d_002aa60c2ae1187417b4b157c5ec6450324cc056ec551a12_redline_7ae7a33979,7ae7a33979,tracking_without_comments,redlines_a100_b10,corpus,/Users/arthrod/temp/T/neurotic_docx_bench/corpus/word/tracking_without_comments/pdf/a5eb266a1f_016236e3bf778292b45976ecd4a34b45d02104f47db7a3ca__vs__a5f2b9318d_002aa60c2ae1187417b4b157c5ec6450324cc056ec551a12_redline_7ae7a33979.pdf,ba018df571ce5d2e0625487c9cfaeab8e0ec0e2a7852fa160e88c07145fff22c,/Users/arthrod/temp/T/neurotic_docx_bench/results/redlines_0929_full/docxodus/pdf_by_word/a5eb266a1f_016236e3bf778292b45976ecd4a34b45d02104f47db7a3ca__vs__a5f2b9318d_002aa60c2ae1187417b4b157c5ec6450324cc056ec551a12_redline_7ae7a33979_docxodus.pdf,e5c83d6444c5e6dc675a4b88e19e5bfeeaaa56460a2e735c10f54ea220fa8b9d
90e2c33814_meeting_agenda_table_2__vs__e0c027b1ca_meeting_agenda_table_redline_7c3a177c6d,7c3a177c6d,tracking_without_comments,word_based,corpus,/Users/arthrod/temp/T/neurotic_docx_bench/corpus/word/tracking_without_comments/pdf/90e2c33814_meeting_agenda_table_2__vs__e0c027b1ca_meeting_agenda_table_redline_7c3a177c6d.pdf,84d5982147f13549e5050122213737d0d884794af46625e736bc396aa75628ff,/Users/arthrod/temp/T/neurotic_docx_bench/results/redlines_0929_full/docxodus/pdf_by_word/90e2c33814_meeting_agenda_table_2__vs__e0c027b1ca_meeting_agenda_table_redline_7c3a177c6d_docxodus.pdf,598d85d33f444b52594ab642378bcbb4d6456f0e55313cae7fbcf6d3ad466211
60dfd517a9_00f0e7f365a34acc5911a38c89776a4bdd2ba1685edcd0cc__vs__5203829c7a_001cc92b88566d5f930fe57f25813c0bf52a7bdc72c217d0_redline_7c845c604b,7c845c604b,tracking_without_comments,redlines_a100_b10,corpus,/Users/arthrod/temp/T/neurotic_docx_bench/corpus/word/tracking_without_comments/pdf/60dfd517a9_00f0e7f365a34acc5911a38c89776a4bdd2ba1685edcd0cc__vs__5203829c7a_001cc92b88566d5f930fe57f25813c0bf52a7bdc72c217d0_redline_7c845c604b.pdf,dc2936a78c23c9c51762a5d443a31adea45d4e30b01c8780d40f369a590bbf76,/Users/arthrod/temp/T/neurotic_docx_bench/results/redlines_0929_full/docxodus/pdf_by_word/60dfd517a9_00f0e7f365a34acc5911a38c89776a4bdd2ba1685edcd0cc__vs__5203829c7a_001cc92b88566d5f930fe57f25813c0bf52a7bdc72c217d0_redline_7c845c604b_docxodus.pdf,033f428706b17aba37ebb141634b6c713d82e0578d2413a910ac625b1808997b
93db7f65b3_project_plan_suggesting_insertions__vs__1558d2a6ec_project_proposal_id_paraid_overflow_redline_7d3f3e1a6d,7d3f3e1a6d,tracking_without_comments,word_based_0926,corpus,/Users/arthrod/temp/T/neurotic_docx_bench/corpus/word/tracking_without_comments/pdf/93db7f65b3_project_plan_suggesting_insertions__vs__1558d2a6ec_project_proposal_id_paraid_overflow_redline_7d3f3e1a6d.pdf,b46b8ec3d4558d664dc1979a614cc7b9e7cfec440dce34167799d1e3bc353d08,/Users/arthrod/temp/T/neurotic_docx_bench/results/redlines_0929_full/docxodus/pdf_by_word/93db7f65b3_project_plan_suggesting_insertions__vs__1558d2a6ec_project_proposal_id_paraid_overflow_redline_41ff794e9c_docxodus.pdf,f3e424f2284f21a9b3e59b588e5b4728739f5b65d4c86111b9ef9e5ec8aed047
25f07e0823_super_editor__sd_1919_word_mixed_33e049ca__vs__76827c9f6c_super_editor__sd_1480_two_col_index_0138dccc_redline_7df026e914,7df026e914,tracking_without_comments,word_redlines_superdoc_0926,corpus,/Users/arthrod/temp/T/neurotic_docx_bench/corpus/word/tracking_without_comments/pdf/25f07e0823_super_editor__sd_1919_word_mixed_33e049ca__vs__76827c9f6c_super_editor__sd_1480_two_col_index_0138dccc_redline_7df026e914.pdf,b16896be34c390103427af3f9be15e92685c747625af5edd869350ca45b360fe,/Users/arthrod/temp/T/neurotic_docx_bench/results/redlines_0929_full/docxodus/pdf_by_word/25f07e0823_super_editor__sd_1919_word_mixed_33e049ca__vs__76827c9f6c_super_editor__sd_1480_two_col_index_0138dccc_redline_639abc8bb9_docxodus.pdf,22dcbd83535d7b6932ab33d8a5240c31223b5204f7244d1ea33df5c70d6f119a
2e3c742956_heading_4_right_italic_id_paraid_overflow__vs__7e0b49aa9d_heading_4_style_demo_id_paraid_overflow_2_redline_7e23462759,7e23462759,tracking_without_comments,nocomments,corpus,/Users/arthrod/temp/T/neurotic_docx_bench/corpus/word/tracking_without_comments/pdf/2e3c742956_heading_4_right_italic_id_paraid_overflow__vs__7e0b49aa9d_heading_4_style_demo_id_paraid_overflow_2_redline_7e23462759.pdf,91fbd8b43978058889c53c419aa78f2bb5e5c2c8f1ee5bfcc9e716023fde217a,/Users/arthrod/temp/T/neurotic_docx_bench/results/redlines_0929_full/docxodus/pdf_by_word/2e3c742956_heading_4_right_italic_id_paraid_overflow__vs__7e0b49aa9d_heading_4_style_demo_id_paraid_overflow_2_redline_7e23462759_docxodus.pdf,b106da1b69820f0352bf409ace39686a83a917faea9cf2de0653fedce1696955
34ed7ebd0f_227afe23857a4ab9a224864c35859a646d77964f0091d286__vs__8540241422_1a8b2f10c75536052e991733f8d68e4e56ad2bac943b4fdf_redline_7ee9ae5c62,7ee9ae5c62,tracking_without_comments,redlines_en_500,corpus,/Users/arthrod/temp/T/neurotic_docx_bench/corpus/word/tracking_without_comments/pdf/34ed7ebd0f_227afe23857a4ab9a224864c35859a646d77964f0091d286__vs__8540241422_1a8b2f10c75536052e991733f8d68e4e56ad2bac943b4fdf_redline_7ee9ae5c62.pdf,77223e6fc0e6c5eb94d7e0df3a80845ac0a937d86ccf2cc7c3a436979bc52a10,/Users/arthrod/temp/T/neurotic_docx_bench/results/redlines_0929_full/docxodus/pdf_by_word/34ed7ebd0f_227afe23857a4ab9a224864c35859a646d77964f0091d286__vs__8540241422_1a8b2f10c75536052e991733f8d68e4e56ad2bac943b4fdf_redline_7ee9ae5c62_docxodus.pdf,81113c18741ac46ecd971acd3a8dfc4e8597e2237e9c74b5d0586de4d4aec746
286955227d_0134fe85fb88da2accd6637e1c44bdd4f8b7fbb533bd47ba__vs__342f364d46_001342333d45627868f4dc5282abbba4598a91b4a7584b08_redline_7ff6ee4617,7ff6ee4617,tracking_without_comments,redlines_a100_b10,corpus,/Users/arthrod/temp/T/neurotic_docx_bench/corpus/word/tracking_without_comments/pdf/286955227d_0134fe85fb88da2accd6637e1c44bdd4f8b7fbb533bd47ba__vs__342f364d46_001342333d45627868f4dc5282abbba4598a91b4a7584b08_redline_7ff6ee4617.pdf,3404127c6f2d3624f1b9cb6482d9cc0fd323db4d9542062c1e752a29be7d23f9,/Users/arthrod/temp/T/neurotic_docx_bench/results/redlines_0929_full/docxodus/pdf_by_word/286955227d_0134fe85fb88da2accd6637e1c44bdd4f8b7fbb533bd47ba__vs__342f364d46_001342333d45627868f4dc5282abbba4598a91b4a7584b08_redline_7ff6ee4617_docxodus.pdf,18162b9eb53f5779cd2aa4ea49cafa4d375dc51d762a36b257d665f698f06022
878549f8f2_file_193__vs__852426b54e_file_194_redline_809cf47e76,809cf47e76,tracking_without_comments,word_based_randomized,corpus,/Users/arthrod/temp/T/neurotic_docx_bench/corpus/word/tracking_without_comments/pdf/878549f8f2_file_193__vs__852426b54e_file_194_redline_809cf47e76.pdf,f78d39cd86e605593b33981d5dba97b1494e697f65e0a3b082d23cebf215ee14,/Users/arthrod/temp/T/neurotic_docx_bench/results/redlines_0929_full/docxodus/pdf_by_word/878549f8f2_file_193__vs__852426b54e_file_194_redline_583e56b20b_docxodus.pdf,5395b1f087f9820e69b244872b83ff2fdcde906ca0a35db77ad9dc788ad73a84
a0e6a09304_super_editor__diff_after11_1d5b767f__vs__e844ea2053_evals__table_doc_4d728d83_redline_80e8acff6a,80e8acff6a,with_comments_tracking,word_redlines_superdoc,fresh,/Users/arthrod/temp/T/compare_regen/out/80e8acff6a__vs__80e8acff6a.pdf,92b3d15294634fabd67c47ccd080675006cd4d676bb4088e1afe946854d3b040,/Users/arthrod/temp/T/neurotic_docx_bench/results/redlines_0929_full/docxodus/pdf_by_word/a0e6a09304_super_editor__diff_after11_1d5b767f__vs__e844ea2053_evals__table_doc_4d728d83_redline_80e8acff6a_docxodus.pdf,bce5e3cd952ddc119a145e9b3d5bc9a4d2357425e262fdd91f836881d4dab7c9
98c8b73841_0041d3944715c2fffc5929695f968e5f399e85b139fba063__vs__2773adf157_0004c94ca2a8684d47449bb0e7abf87de1df71a7e6543252_redline_8194fae646,8194fae646,tracking_without_comments,redlines_a100_b10,corpus,/Users/arthrod/temp/T/neurotic_docx_bench/corpus/word/tracking_without_comments/pdf/98c8b73841_0041d3944715c2fffc5929695f968e5f399e85b139fba063__vs__2773adf157_0004c94ca2a8684d47449bb0e7abf87de1df71a7e6543252_redline_8194fae646.pdf,ed0711fc767b6929c9d782c898525fae8e08603e2ee11675e434ab3c4dccc84d,,
9a3be7c3ef_1abcbb169cc4860a783d2b17aec0bce05e00bd1a21d6383d__vs__0c16c039fe_7ffc1357d0f453d7d5b119b7116adbb3eb28540e9ea09253_redline_8200c1e0af,8200c1e0af,tracking_without_comments,redlines_en_500,corpus,/Users/arthrod/temp/T/neurotic_docx_bench/corpus/word/tracking_without_comments/pdf/9a3be7c3ef_1abcbb169cc4860a783d2b17aec0bce05e00bd1a21d6383d__vs__0c16c039fe_7ffc1357d0f453d7d5b119b7116adbb3eb28540e9ea09253_redline_8200c1e0af.pdf,4e811dad75a20e4beb609e963f5d2a3a8946bc689473ba9b33665344ce197a65,/Users/arthrod/temp/T/neurotic_docx_bench/results/redlines_0929_full/docxodus/pdf_by_word/9a3be7c3ef_1abcbb169cc4860a783d2b17aec0bce05e00bd1a21d6383d__vs__0c16c039fe_7ffc1357d0f453d7d5b119b7116adbb3eb28540e9ea09253_redline_8200c1e0af_docxodus.pdf,7519340429d8a23caa7cc1bf06aa40f0203fb28f8c0c8bd6c333cbaee0cd3684
a4ebc0e89c_0016d88a731db087feb2e28e8bfc163c1fe94df0ee048d55__vs__333bfe069a_003416d620331122b93b434dad901db5836f60d2cad4b533_redline_8231dbd001,8231dbd001,tracking_without_comments,redlines_a100_b10,corpus,/Users/arthrod/temp/T/neurotic_docx_bench/corpus/word/tracking_without_comments/pdf/a4ebc0e89c_0016d88a731db087feb2e28e8bfc163c1fe94df0ee048d55__vs__333bfe069a_003416d620331122b93b434dad901db5836f60d2cad4b533_redline_8231dbd001.pdf,514070cedbb33c65798b536856fa7a5b95f2712458413fd12a5a6b106c1f9c32,/Users/arthrod/temp/T/neurotic_docx_bench/results/redlines_0929_full/docxodus/pdf_by_word/a4ebc0e89c_0016d88a731db087feb2e28e8bfc163c1fe94df0ee048d55__vs__333bfe069a_003416d620331122b93b434dad901db5836f60d2cad4b533_redline_8231dbd001_docxodus.pdf,d54849a242161bccc99f52acac31ec657bf487cbdd72577e7e34bc778eb6a351
4b0729d267_super_editor__h_f_normal_odd_even_unchecked_firs__vs__b992bfc6eb_super_editor__h_f_normal_odd_even_b572e46d_redline_825fb37837,825fb37837,tracking_without_comments,word_redlines_superdoc_0926,corpus,/Users/arthrod/temp/T/neurotic_docx_bench/corpus/word/tracking_without_comments/pdf/4b0729d267_super_editor__h_f_normal_odd_even_unchecked_firs__vs__b992bfc6eb_super_editor__h_f_normal_odd_even_b572e46d_redline_825fb37837.pdf,25ddecde235744646c1a0098aade05eb918326994bf8154d6e6cfa872dccbc8a,/Users/arthrod/temp/T/neurotic_docx_bench/results/redlines_0929_full/docxodus/pdf_by_word/4b0729d267_super_editor__h_f_normal_odd_even_unchecked_firs__vs__b992bfc6eb_super_editor__h_f_normal_odd_even_b572e46d_redline_825fb37837_docxodus.pdf,74e9b12830c31ab90d1a72d0b8a463696ab4af85908651d2bcc7c302d4b94833
8c67bcfe65_d41a99929b13b393a913649f7b39e9df2a6aa4878230cf7e__vs__49fe5bd42a_f50f63dd4889ab0b190ef8a18dfa6b8eb308ab352f519bf4_redline_8287241b7c,8287241b7c,tracking_without_comments,redlines_en_500,corpus,/Users/arthrod/temp/T/neurotic_docx_bench/corpus/word/tracking_without_comments/pdf/8c67bcfe65_d41a99929b13b393a913649f7b39e9df2a6aa4878230cf7e__vs__49fe5bd42a_f50f63dd4889ab0b190ef8a18dfa6b8eb308ab352f519bf4_redline_8287241b7c.pdf,d3581f7e6ae9774f624ff4a4f9e4c06646ef9fe13273012409b3b443010878d8,/Users/arthrod/temp/T/neurotic_docx_bench/results/redlines_0929_full/docxodus/pdf_by_word/8c67bcfe65_d41a99929b13b393a913649f7b39e9df2a6aa4878230cf7e__vs__49fe5bd42a_f50f63dd4889ab0b190ef8a18dfa6b8eb308ab352f519bf4_redline_8287241b7c_docxodus.pdf,4d1e205652f9000ee6bbb88168c6729df4a1342291af823256f9377b20e19cbe
8a553b35e4_super_editor__doc_with_spaces_from_styles_734ca2__vs__ab064d6482_super_editor__table_width_issue_20b01504_redline_83a92652e5,83a92652e5,tracking_without_comments,word_redlines_superdoc_0926,corpus,/Users/arthrod/temp/T/neurotic_docx_bench/corpus/word/tracking_without_comments/pdf/8a553b35e4_super_editor__doc_with_spaces_from_styles_734ca2__vs__ab064d6482_super_editor__table_width_issue_20b01504_redline_83a92652e5.pdf,7b4f4e3484457a4d768c6d1080572c2542036bb9135c29555cdada680044723e,/Users/arthrod/temp/T/neurotic_docx_bench/results/redlines_0929_full/docxodus/pdf_by_word/8a553b35e4_super_editor__doc_with_spaces_from_styles_734ca2__vs__ab064d6482_super_editor__table_width_issue_20b01504_redline_83a92652e5_docxodus.pdf,ea153c1a2645746780c198119af162cb6ff339373c6de2d74eb724aa43103828
1c5bd81def_super_editor__multiple_nodes_in_list_79d915a2__vs__d03da97287_super_editor__nested_comments_gdocs_0c8668e1_redline_83ec2122ff,83ec2122ff,with_comments_tracking,word_redlines_superdoc,fresh,/Users/arthrod/temp/T/compare_regen/out/83ec2122ff__vs__83ec2122ff.pdf,ed1709d7592257ea9c28504ba6cf74fe3e4dc9bea3c3b26405454f7d79378a9e,/Users/arthrod/temp/T/neurotic_docx_bench/results/redlines_0929_full/docxodus/pdf_by_word/1c5bd81def_super_editor__multiple_nodes_in_list_79d915a2__vs__d03da97287_super_editor__nested_comments_gdocs_0c8668e1_redline_83ec2122ff_docxodus.pdf,97d5c34d364214a300ca123e4483d2d97d76b10a167c81075da6a445b81a800d
dcf7dd476f_super_editor__superdoc_table_tester_3b2de2e1__vs__f89ff5989b_evals__nda_7f304918_redline_83ec99367f,83ec99367f,tracking_without_comments,word_redlines_superdoc,corpus,/Users/arthrod/temp/T/neurotic_docx_bench/corpus/word/tracking_without_comments/pdf/dcf7dd476f_super_editor__superdoc_table_tester_3b2de2e1__vs__f89ff5989b_evals__nda_7f304918_redline_83ec99367f.pdf,1c909aadead2bb0b0bfb39092a258c45a3a3bad8e3c99d8dcc472d0e04e22041,/Users/arthrod/temp/T/neurotic_docx_bench/results/redlines_0929_full/docxodus/pdf_by_word/dcf7dd476f_super_editor__superdoc_table_tester_3b2de2e1__vs__f89ff5989b_evals__nda_7f304918_redline_699b8c72c1_docxodus.pdf,d384da97ab925997d458d11cbf9b991843caa816dd680c59bcca41284e0f1c89
aa62a37db2_strikethrough_text_demo_id_paraid_overflow__vs__4d1070e14c_strikethrough_text_formatting_demo_id_paraid_ove_redline_844a80f0a6,844a80f0a6,tracking_without_comments,word_based_0926,corpus,/Users/arthrod/temp/T/neurotic_docx_bench/corpus/word/tracking_without_comments/pdf/aa62a37db2_strikethrough_text_demo_id_paraid_overflow__vs__4d1070e14c_strikethrough_text_formatting_demo_id_paraid_ove_redline_844a80f0a6.pdf,c5d329470c587426e8d180262180d07ad5aa40bee815def83b6a393c7ba00a23,/Users/arthrod/temp/T/neurotic_docx_bench/results/redlines_0929_full/docxodus/pdf_by_word/aa62a37db2_strikethrough_text_demo_id_paraid_overflow__vs__4d1070e14c_strikethrough_text_formatting_demo_id_paraid_ove_redline_126f86e26e_docxodus.pdf,369b3f9ec955fc4bd8bfa2322ac7273b0dd64148b5cd928f8df0cace0005dbfa
735c372b41_super_editor__diff_after8_58e5c288__vs__de3c6fded9_super_editor__doc_with_spacing_e3d47bd7_redline_8510b2d3c5,8510b2d3c5,with_comments_tracking,word_redlines_superdoc_0926,fresh,/Users/arthrod/temp/T/compare_regen/out/8510b2d3c5__vs__8510b2d3c5.pdf,b9ae6918dc4a8885667edf19c42acd3f058eaaf9c912201b2ab2ac4153564970,/Users/arthrod/temp/T/neurotic_docx_bench/results/redlines_0929_full/docxodus/pdf_by_word/735c372b41_super_editor__diff_after8_58e5c288__vs__de3c6fded9_super_editor__doc_with_spacing_e3d47bd7_redline_12fca96084_docxodus.pdf,a2908fdb4c1dcaf1bbe7b18f101e216fabeb859561587bce5ab28ee1f78056a0
ab064d6482_super_editor__table_width_issue_20b01504__vs__837d45926d_super_editor__header_alternating_odd_even_11e019_redline_85686e0233,85686e0233,tracking_without_comments,word_redlines_superdoc_0926,corpus,/Users/arthrod/temp/T/neurotic_docx_bench/corpus/word/tracking_without_comments/pdf/ab064d6482_super_editor__table_width_issue_20b01504__vs__837d45926d_super_editor__header_alternating_odd_even_11e019_redline_85686e0233.pdf,9a033c1f872b4f9220ade736ae9fd382bdecce21076f3fecc2ecb4f057fe68e6,,
3faf9e000d_super_editor__text_color_highlight_36cb4c90__vs__9f6091a4ac_super_editor__threaded_comment_27bda0ba_redline_85d3cc0cfe,85d3cc0cfe,with_comments_tracking,word_redlines_superdoc,fresh,/Users/arthrod/temp/T/compare_regen/out/85d3cc0cfe__vs__85d3cc0cfe.pdf,736f3cb5a31619cd59d579fe09e0c7ee709851d2cdf7d86b38c6236850f91a15,/Users/arthrod/temp/T/neurotic_docx_bench/results/redlines_0929_full/docxodus/pdf_by_word/3faf9e000d_super_editor__text_color_highlight_36cb4c90__vs__9f6091a4ac_super_editor__threaded_comment_27bda0ba_redline_64e3ba9c22_docxodus.pdf,faf2694d5aa4dc85e0352b8d0bd8e7314a800027e92ba1cc10006c2986aebd65
96a0ee0e8f_004b3b3dd84014405562584f62d67267b9a7993e21b974e8__vs__a5f2b9318d_002aa60c2ae1187417b4b157c5ec6450324cc056ec551a12_redline_85ff5f2732,85ff5f2732,tracking_without_comments,redlines_a100_b10,corpus,/Users/arthrod/temp/T/neurotic_docx_bench/corpus/word/tracking_without_comments/pdf/96a0ee0e8f_004b3b3dd84014405562584f62d67267b9a7993e21b974e8__vs__a5f2b9318d_002aa60c2ae1187417b4b157c5ec6450324cc056ec551a12_redline_85ff5f2732.pdf,a0aaf545f79289b1d8fc7749de6a5be95cd8278c40d780ae146c3b1f887d2a52,/Users/arthrod/temp/T/neurotic_docx_bench/results/redlines_0929_full/docxodus/pdf_by_word/96a0ee0e8f_004b3b3dd84014405562584f62d67267b9a7993e21b974e8__vs__a5f2b9318d_002aa60c2ae1187417b4b157c5ec6450324cc056ec551a12_redline_85ff5f2732_docxodus.pdf,1ade97207ac97ed8c4d1ef5bf60aa572cd025de46974fc491e181b309fec39d4
fc29454fff_89f617729d6e13b02ee455a6293f3bb99a733691efb9311a__vs__e3d461d691_e8b938f25b7a363d4ef544485a3e17717ee5369f4a8b637a_redline_8644055513,8644055513,tracking_without_comments,redlines_en_500,corpus,/Users/arthrod/temp/T/neurotic_docx_bench/corpus/word/tracking_without_comments/pdf/fc29454fff_89f617729d6e13b02ee455a6293f3bb99a733691efb9311a__vs__e3d461d691_e8b938f25b7a363d4ef544485a3e17717ee5369f4a8b637a_redline_8644055513.pdf,a87efb6feb69ac727f7e3278cc9a1952ed54b7e605c566fe0ef10cc08dd80812,/Users/arthrod/temp/T/neurotic_docx_bench/results/redlines_0929_full/docxodus/pdf_by_word/fc29454fff_89f617729d6e13b02ee455a6293f3bb99a733691efb9311a__vs__e3d461d691_e8b938f25b7a363d4ef544485a3e17717ee5369f4a8b637a_redline_8644055513_docxodus.pdf,72fb8e852fd815f36a13ac54503387ec2e710542182adef67b48bd308df9ade0
ed0aa93b58_file_18__vs__9bf625ba95_file_19_redline_8694636a78,8694636a78,with_comments_tracking,word_based_randomized,fresh,/Users/arthrod/temp/T/compare_regen/out/8694636a78__vs__8694636a78.pdf,c04e582a37629c9f19e94d7a67d26b9e8fd743d58213e79e34d2e244e9fd2719,/Users/arthrod/temp/T/neurotic_docx_bench/results/redlines_0929_full/docxodus/pdf_by_word/ed0aa93b58_file_18__vs__9bf625ba95_file_19_redline_8694636a78_docxodus.pdf,40661518b7954ce673190fe088dff5eed3c5ad612148a851ba5ca1e70a4b52ae
4841fd31f0_q1_sales_summary_table__vs__28033140a2_quarterly_performance_report_table_2_redline_86aef9a34a,86aef9a34a,tracking_without_comments,nocomments,corpus,/Users/arthrod/temp/T/neurotic_docx_bench/corpus/word/tracking_without_comments/pdf/4841fd31f0_q1_sales_summary_table__vs__28033140a2_quarterly_performance_report_table_2_redline_86aef9a34a.pdf,3d28bff88c0306fb276df85e6e9e53c3f9328114745e1867bb18c52245d4ddd9,/Users/arthrod/temp/T/neurotic_docx_bench/results/redlines_0929_full/docxodus/pdf_by_word/4841fd31f0_q1_sales_summary_table__vs__28033140a2_quarterly_performance_report_table_2_redline_86aef9a34a_docxodus.pdf,330d4b1e0cb6d2a04f8bc728af3b097ee6df8078836031b9b1674c3bbf937db5
0a2898b58a_evals__report_with_formatting_03f385ed__vs__e844ea2053_evals__table_doc_4d728d83_redline_88eaa1668c,88eaa1668c,tracking_without_comments,word_redlines_superdoc_0926,corpus,/Users/arthrod/temp/T/neurotic_docx_bench/corpus/word/tracking_without_comments/pdf/0a2898b58a_evals__report_with_formatting_03f385ed__vs__e844ea2053_evals__table_doc_4d728d83_redline_88eaa1668c.pdf,b2bc1b0cf1210facb9b2a519d3d888e94b67d5ace3e89cc2b59fec287c0d0510,/Users/arthrod/temp/T/neurotic_docx_bench/results/redlines_0929_full/docxodus/pdf_by_word/0a2898b58a_evals__report_with_formatting_03f385ed__vs__e844ea2053_evals__table_doc_4d728d83_redline_120ab3f7db_docxodus.pdf,fb6a734096974455682383b87dfed859f6fa902621a6edd67cb9d94a306dea19
9c264cb6bc_cdbe3d46d7dd78c6acf55321a1676e6baf55913ded0a082d__vs__7a37f4799c_d3cc2a89604fcd46701931d35bcfd2054842ca60c730b344_redline_88f6793bd8,88f6793bd8,tracking_without_comments,redlines_en_500,corpus,/Users/arthrod/temp/T/neurotic_docx_bench/corpus/word/tracking_without_comments/pdf/9c264cb6bc_cdbe3d46d7dd78c6acf55321a1676e6baf55913ded0a082d__vs__7a37f4799c_d3cc2a89604fcd46701931d35bcfd2054842ca60c730b344_redline_88f6793bd8.pdf,65a0c438de9c2822e23312d89849cf9790cf5060e5351c722d70783cafb72120,/Users/arthrod/temp/T/neurotic_docx_bench/results/redlines_0929_full/docxodus/pdf_by_word/9c264cb6bc_cdbe3d46d7dd78c6acf55321a1676e6baf55913ded0a082d__vs__7a37f4799c_d3cc2a89604fcd46701931d35bcfd2054842ca60c730b344_redline_88f6793bd8_docxodus.pdf,54868667fb1cc0b0943766243cc3330dea8470ca0496197bccf762a1fd87e378
735c372b41_super_editor__diff_after8_58e5c288__vs__75aeff4f58_super_editor__diff_after9_a9d4b4b0_redline_897500844c,897500844c,with_comments_tracking,word_redlines_superdoc,fresh,/Users/arthrod/temp/T/compare_regen/out/897500844c__vs__897500844c.pdf,53c99508e167084da5b61892e73ddc164bc6a83543d48fcc31d2a4f335de1854,/Users/arthrod/temp/T/neurotic_docx_bench/results/redlines_0929_full/docxodus/pdf_by_word/735c372b41_super_editor__diff_after8_58e5c288__vs__75aeff4f58_super_editor__diff_after9_a9d4b4b0_redline_5a72b1ad9e_docxodus.pdf,8490937277b13df2ab82f9114957ce76e19516c72df9eb2a57d328b399922a9c
7166fa4199_document_100_ultimate_demo_id_paraid_overflow__vs__97c3dd2e86_docx_lots_of_comments_addition_redline_addition_redline_8993b015d5,8993b015d5,with_comments_tracking,word_based,fresh,/Users/arthrod/temp/T/compare_regen/out/8993b015d5__vs__8993b015d5.pdf,85de41e8f38ec425c4e0b46dd94cd2a87907cb57e607aa5fb54c314f6797d936,/Users/arthrod/temp/T/neurotic_docx_bench/results/redlines_0929_full/docxodus/pdf_by_word/7166fa4199_document_100_ultimate_demo_id_paraid_overflow__vs__97c3dd2e86_docx_lots_of_comments_addition_redline_addition_redline_2288f27be1_docxodus.pdf,aead11e719b62651d74152a7ef28f7716118ad0b0ee7c20e7063129e3e459b68
c7190b3adc_file_31__vs__083826730a_file_32_redline_8a4fbbdf3a,8a4fbbdf3a,tracking_without_comments,word_based_randomized,corpus,/Users/arthrod/temp/T/neurotic_docx_bench/corpus/word/tracking_without_comments/pdf/c7190b3adc_file_31__vs__083826730a_file_32_redline_8a4fbbdf3a.pdf,9f2f17a6304c80057d2fceb15319c0c563e11164c1cce1b190975ffa4712251a,/Users/arthrod/temp/T/neurotic_docx_bench/results/redlines_0929_full/docxodus/pdf_by_word/c7190b3adc_file_31__vs__083826730a_file_32_redline_4e54b171c3_docxodus.pdf,22fad4b228efcecbb6493f33e305a505f245a4b88d54b83f82529387e44c3e8b
e3c6e90478_file_43__vs__9960c72d3d_file_44_redline_8ab8d478ae,8ab8d478ae,tracking_without_comments,word_based_randomized,corpus,/Users/arthrod/temp/T/neurotic_docx_bench/corpus/word/tracking_without_comments/pdf/e3c6e90478_file_43__vs__9960c72d3d_file_44_redline_8ab8d478ae.pdf,2baadcc3c3595ed38d828f38ddae919735aea632b817c83045ec50e135a1ab00,/Users/arthrod/temp/T/neurotic_docx_bench/results/redlines_0929_full/docxodus/pdf_by_word/e3c6e90478_file_43__vs__9960c72d3d_file_44_redline_8ab8d478ae_docxodus.pdf,a404028c8a8a37a26cc2589109f1a44d7f9424c6f06c05feaeddebf34e61b353
70584b4a0e_file_189__vs__50d8be9682_file_190_redline_8b2753ce02,8b2753ce02,tracking_without_comments,word_based_randomized,corpus,/Users/arthrod/temp/T/neurotic_docx_bench/corpus/word/tracking_without_comments/pdf/70584b4a0e_file_189__vs__50d8be9682_file_190_redline_8b2753ce02.pdf,919a73648650920cf71af7b71e561c69336ad893f3091382ad3e5c66124190b1,/Users/arthrod/temp/T/neurotic_docx_bench/results/redlines_0929_full/docxodus/pdf_by_word/70584b4a0e_file_189__vs__50d8be9682_file_190_redline_5ed87ed3c0_docxodus.pdf,018e1ca4d3c3740bc8ad35c4379e55014cb2676133fd54e0085d181a8c6e8daa
837d45926d_super_editor__header_alternating_odd_even_11e019__vs__b27c7b34e9_super_editor__heading_font_46041620_redline_8be9f6b228,8be9f6b228,tracking_without_comments,word_redlines_superdoc_0926,corpus,/Users/arthrod/temp/T/neurotic_docx_bench/corpus/word/tracking_without_comments/pdf/837d45926d_super_editor__header_alternating_odd_even_11e019__vs__b27c7b34e9_super_editor__heading_font_46041620_redline_8be9f6b228.pdf,a8a6ccc25fd595734b8c8600335d9c0872588c9e6e4cf39eb87a80733ba58c99,/Users/arthrod/temp/T/neurotic_docx_bench/results/redlines_0929_full/docxodus/pdf_by_word/837d45926d_super_editor__header_alternating_odd_even_11e019__vs__b27c7b34e9_super_editor__heading_font_46041620_redline_71e859d346_docxodus.pdf,27b7e437df0c07f924fcde1cf36135149d19062fb947f56b5350b4a939a98220
b7f325bd51_6f884742d51e530f70c1c0c3d3d5892bb5c8fd96c5ecfb1e__vs__9fef546df9_4adb619b0a08f4747df387366decbcc034d14f6913e5a553_redline_8c2eb5266f,8c2eb5266f,tracking_without_comments,redlines_en_500,corpus,/Users/arthrod/temp/T/neurotic_docx_bench/corpus/word/tracking_without_comments/pdf/b7f325bd51_6f884742d51e530f70c1c0c3d3d5892bb5c8fd96c5ecfb1e__vs__9fef546df9_4adb619b0a08f4747df387366decbcc034d14f6913e5a553_redline_8c2eb5266f.pdf,503ca7d5a692d32ba6ff0aacbd1fceaab4272c1210b721127ee675d28be3aba1,/Users/arthrod/temp/T/neurotic_docx_bench/results/redlines_0929_full/docxodus/pdf_by_word/b7f325bd51_6f884742d51e530f70c1c0c3d3d5892bb5c8fd96c5ecfb1e__vs__9fef546df9_4adb619b0a08f4747df387366decbcc034d14f6913e5a553_redline_8c2eb5266f_docxodus.pdf,d888d818a1eaee2d183bc66608c742ea28c98fc2a168b57a2ed760b4b4aa7f20
0e1d01ec7d_super_editor__doc_with_graphs_diagrams_rotated_e__vs__8a553b35e4_super_editor__doc_with_spaces_from_styles_734ca2_redline_8c8c88a084,8c8c88a084,tracking_without_comments,word_redlines_superdoc_0926,corpus,/Users/arthrod/temp/T/neurotic_docx_bench/corpus/word/tracking_without_comments/pdf/0e1d01ec7d_super_editor__doc_with_graphs_diagrams_rotated_e__vs__8a553b35e4_super_editor__doc_with_spaces_from_styles_734ca2_redline_8c8c88a084.pdf,dea189ae493cdecf437fe4d2bea15982de28dfe95528e12ad2705d4b9632b64e,/Users/arthrod/temp/T/neurotic_docx_bench/results/redlines_0929_full/docxodus/pdf_by_word/0e1d01ec7d_super_editor__doc_with_graphs_diagrams_rotated_e__vs__8a553b35e4_super_editor__doc_with_spaces_from_styles_734ca2_redline_0a3919850c_docxodus.pdf,0642418fe8b09919fa8fe27804b908d39b1d75b169e143433d61c98f72f6fe39
421f2efe62_file_178__vs__e69c316f39_file_179_redline_8c9cd0815d,8c9cd0815d,tracking_without_comments,word_based_randomized_0926,corpus,/Users/arthrod/temp/T/neurotic_docx_bench/corpus/word/tracking_without_comments/pdf/421f2efe62_file_178__vs__e69c316f39_file_179_redline_8c9cd0815d.pdf,55127c08b03678c02d9c521ce508b14bb6fefc20966bb8326e1aa7c2631c58ff,/Users/arthrod/temp/T/neurotic_docx_bench/results/redlines_0929_full/docxodus/pdf_by_word/421f2efe62_file_178__vs__e69c316f39_file_179_redline_69dadc11a4_docxodus.pdf,20895bf8fc24a9152cd70f9a3800704aadb017ba4dc01bb4a117f563acc81486
aa5ccfbc3c_file_2__vs__d6288bca2e_file_3_redline_8dc168dd84,8dc168dd84,tracking_without_comments,nocomments_randomized,corpus,/Users/arthrod/temp/T/neurotic_docx_bench/corpus/word/tracking_without_comments/pdf/aa5ccfbc3c_file_2__vs__d6288bca2e_file_3_redline_8dc168dd84.pdf,9b25e51170b4876a43df02f0b459dea108e913278a218923dd7367749926e653,/Users/arthrod/temp/T/neurotic_docx_bench/results/redlines_0929_full/docxodus/pdf_by_word/aa5ccfbc3c_file_2__vs__d6288bca2e_file_3_redline_8dc168dd84_docxodus.pdf,cb61e111a05f3fbbc965deb1d3d14f0ad90b2d28bd870d88cdad2fb323f7d8de
d426359dd9_file_111__vs__5bde480834_file_112_redline_8facef9390,8facef9390,tracking_without_comments,word_based_randomized,corpus,/Users/arthrod/temp/T/neurotic_docx_bench/corpus/word/tracking_without_comments/pdf/d426359dd9_file_111__vs__5bde480834_file_112_redline_8facef9390.pdf,6e73135533d9cf48e255f65773867e3b37f1dc94488390dd623e24838c1adeda,/Users/arthrod/temp/T/neurotic_docx_bench/results/redlines_0929_full/docxodus/pdf_by_word/d426359dd9_file_111__vs__5bde480834_file_112_redline_07558141ca_docxodus.pdf,40d91d09f7b3d8460d827aa1d1e929f9a58ee8af5ef5321c390d7a6e369ce4dd
2e7f1e6637_0120556a0553eb1ba39978d5911b7ce62be10a9bdc7c9191__vs__aa5340125d_00a4b0b91e9b5b072dc3771391c2d608518690eccf44eae8_redline_8fe7181400,8fe7181400,tracking_without_comments,redlines_a100_b10,corpus,/Users/arthrod/temp/T/neurotic_docx_bench/corpus/word/tracking_without_comments/pdf/2e7f1e6637_0120556a0553eb1ba39978d5911b7ce62be10a9bdc7c9191__vs__aa5340125d_00a4b0b91e9b5b072dc3771391c2d608518690eccf44eae8_redline_8fe7181400.pdf,5229c20b5224f41021153f255f94caba979d1914b979c3d155b23178fb431b90,/Users/arthrod/temp/T/neurotic_docx_bench/results/redlines_0929_full/docxodus/pdf_by_word/2e7f1e6637_0120556a0553eb1ba39978d5911b7ce62be10a9bdc7c9191__vs__aa5340125d_00a4b0b91e9b5b072dc3771391c2d608518690eccf44eae8_redline_8fe7181400_docxodus.pdf,2b8e75a2c376680359beeab917ba65aba543a911adb11450d35990be0371c531
74afe04686_000416d5ee481974205314977bda4d0b297b97cf56f55f5a__vs__2e04202552_000e3e7bd2d6215fc7b469cc3e296c1b2a510bc1abc7e0fd_redline_90d4d9e661,90d4d9e661,tracking_without_comments,redlines_a100_b10,corpus,/Users/arthrod/temp/T/neurotic_docx_bench/corpus/word/tracking_without_comments/pdf/74afe04686_000416d5ee481974205314977bda4d0b297b97cf56f55f5a__vs__2e04202552_000e3e7bd2d6215fc7b469cc3e296c1b2a510bc1abc7e0fd_redline_90d4d9e661.pdf,912e6767f597462521592f580d4d5b8a82406989e7c1cda1b189ac7ce7bce0b8,/Users/arthrod/temp/T/neurotic_docx_bench/results/redlines_0929_full/docxodus/pdf_by_word/74afe04686_000416d5ee481974205314977bda4d0b297b97cf56f55f5a__vs__2e04202552_000e3e7bd2d6215fc7b469cc3e296c1b2a510bc1abc7e0fd_redline_90d4d9e661_docxodus.pdf,b697594d5d7a3ae9661c273de08908dc1814066377169356ffd9114756ee96cd
ddfa313a5f_super_editor__list_with_break_from_word_5cc0d638__vs__420a528aa0_super_editor__instrtext_angled_brackets_bug_ed56_redline_931691a601,931691a601,tracking_without_comments,word_redlines_superdoc,corpus,/Users/arthrod/temp/T/neurotic_docx_bench/corpus/word/tracking_without_comments/pdf/ddfa313a5f_super_editor__list_with_break_from_word_5cc0d638__vs__420a528aa0_super_editor__instrtext_angled_brackets_bug_ed56_redline_931691a601.pdf,e0a6f3639972c8b21799a8b5011678e203a400a9a099df4a69050b2c61a165f9,/Users/arthrod/temp/T/neurotic_docx_bench/results/redlines_0929_full/docxodus/pdf_by_word/ddfa313a5f_super_editor__list_with_break_from_word_5cc0d638__vs__420a528aa0_super_editor__instrtext_angled_brackets_bug_ed56_redline_931691a601_docxodus.pdf,c995ef7b1ff30d935806c286e51d3f846a5614b851829af1bd5c6f802f907dc0
aa58aada65_00160046fb2516a560a9681d7ae3e6f4659af57d19555d4e__vs__5203829c7a_001cc92b88566d5f930fe57f25813c0bf52a7bdc72c217d0_redline_934b3e4467,934b3e4467,tracking_without_comments,redlines_a100_b10,corpus,/Users/arthrod/temp/T/neurotic_docx_bench/corpus/word/tracking_without_comments/pdf/aa58aada65_00160046fb2516a560a9681d7ae3e6f4659af57d19555d4e__vs__5203829c7a_001cc92b88566d5f930fe57f25813c0bf52a7bdc72c217d0_redline_934b3e4467.pdf,39e933634499a22ca52a41e96a625c704195abbb56332eaf36c2de231a93ade5,/Users/arthrod/temp/T/neurotic_docx_bench/results/redlines_0929_full/docxodus/pdf_by_word/aa58aada65_00160046fb2516a560a9681d7ae3e6f4659af57d19555d4e__vs__5203829c7a_001cc92b88566d5f930fe57f25813c0bf52a7bdc72c217d0_redline_934b3e4467_docxodus.pdf,194ff527f6e1c0e43d0b9e22af4715af289121fc5683a4decad0ac09ef5a6301
bdd82b239b_numbered_list_demo_id_paraid_overflow__vs__f6de76cc94_numbered_list_italic_demo_id_paraid_overflow_redline_93d4a23ac7,93d4a23ac7,tracking_without_comments,word_based,corpus,/Users/arthrod/temp/T/neurotic_docx_bench/corpus/word/tracking_without_comments/pdf/bdd82b239b_numbered_list_demo_id_paraid_overflow__vs__f6de76cc94_numbered_list_italic_demo_id_paraid_overflow_redline_93d4a23ac7.pdf,72af2dc2baa0d162751c647e5dbac75a7be308193ca0692f5ee5abaf5f1e9d9a,/Users/arthrod/temp/T/neurotic_docx_bench/results/redlines_0929_full/docxodus/pdf_by_word/bdd82b239b_numbered_list_demo_id_paraid_overflow__vs__f6de76cc94_numbered_list_italic_demo_id_paraid_overflow_redline_52d9251560_docxodus.pdf,71378667862fbbda30bdec99c583d02a266901e87d8371a83f61c10904038fae
ed65623ab9_6458bec742693d740cee892f243c72f6cbe05b0fcf62f4cd__vs__0fe46e33f7_664674359ac6798a3fe13805bc5137057d6c73b8da3910c9_redline_941344b7e8,941344b7e8,tracking_without_comments,redlines_en_500,corpus,/Users/arthrod/temp/T/neurotic_docx_bench/corpus/word/tracking_without_comments/pdf/ed65623ab9_6458bec742693d740cee892f243c72f6cbe05b0fcf62f4cd__vs__0fe46e33f7_664674359ac6798a3fe13805bc5137057d6c73b8da3910c9_redline_941344b7e8.pdf,bcce140da4340f1284d91c87ba1d12f67ad1d6ed8d962d49502341128b2a1834,/Users/arthrod/temp/T/neurotic_docx_bench/results/redlines_0929_full/docxodus/pdf_by_word/ed65623ab9_6458bec742693d740cee892f243c72f6cbe05b0fcf62f4cd__vs__0fe46e33f7_664674359ac6798a3fe13805bc5137057d6c73b8da3910c9_redline_941344b7e8_docxodus.pdf,0929fce7fb84a98adb6092bf2b9137855d95266f39ccb725b9a74928447c2ba7
a9799c1c12_c60edb38d05ffa6f106d048d8a07e3ec1f6134ec7c64b515__vs__180b3bfd2b_d18705d17dedb85ffea86fe2a53f8847628436d123a8571e_redline_94f418b300,94f418b300,tracking_without_comments,redlines_en_500,corpus,/Users/arthrod/temp/T/neurotic_docx_bench/corpus/word/tracking_without_comments/pdf/a9799c1c12_c60edb38d05ffa6f106d048d8a07e3ec1f6134ec7c64b515__vs__180b3bfd2b_d18705d17dedb85ffea86fe2a53f8847628436d123a8571e_redline_94f418b300.pdf,2fd50dc5ce53c9ad5cc857a82428c8223fa6b26a3b0ff635b4b05b26cbc5d221,/Users/arthrod/temp/T/neurotic_docx_bench/results/redlines_0929_full/docxodus/pdf_by_word/a9799c1c12_c60edb38d05ffa6f106d048d8a07e3ec1f6134ec7c64b515__vs__180b3bfd2b_d18705d17dedb85ffea86fe2a53f8847628436d123a8571e_redline_94f418b300_docxodus.pdf,af8ac7df8a137c1ce3bdcab7c1289bbf279d5c3b652b585a67408f9acca11564
7166fa4199_document_100_ultimate_demo_id_paraid_overflow__vs__2c0a2ac35f_double_spacing_bold_demo_id_paraid_overflow_redline_95b11c4458,95b11c4458,tracking_without_comments,word_based_0926,corpus,/Users/arthrod/temp/T/neurotic_docx_bench/corpus/word/tracking_without_comments/pdf/7166fa4199_document_100_ultimate_demo_id_paraid_overflow__vs__2c0a2ac35f_double_spacing_bold_demo_id_paraid_overflow_redline_95b11c4458.pdf,0c9a7b86949fdad93b3997fb6dbece52f6640852ca9db85e34f5606f9b29b4d1,/Users/arthrod/temp/T/neurotic_docx_bench/results/redlines_0929_full/docxodus/pdf_by_word/7166fa4199_document_100_ultimate_demo_id_paraid_overflow__vs__2c0a2ac35f_double_spacing_bold_demo_id_paraid_overflow_redline_1345ecae1e_docxodus.pdf,6104e29dc229c3473d26e5d709c8b12f6ede3bacd2df7ecb5cfed66b4bd8b20c
fe30a2695f_c51f8e00074742f311f06858841150c6302e5421dca6a679__vs__4792f8c6c1_1baa7641e4dff75e3351a92771d3721d1951054972c0415a_redline_95f7a84264,95f7a84264,tracking_without_comments,redlines_en_500,corpus,/Users/arthrod/temp/T/neurotic_docx_bench/corpus/word/tracking_without_comments/pdf/fe30a2695f_c51f8e00074742f311f06858841150c6302e5421dca6a679__vs__4792f8c6c1_1baa7641e4dff75e3351a92771d3721d1951054972c0415a_redline_95f7a84264.pdf,df625d72f0de7aeef675398a05255c9c053e361a3f525f60de667affffd066bd,,
bd386ff044_51ae5a28375c271d1238bf671ece74421eb9ccf840ccf5af__vs__3b6b7312de_7d4bf96c3fc438f9ea5c94331aa2e2586fbb2ae5a4162075_redline_962c107d2e,962c107d2e,tracking_without_comments,redlines_en_500,corpus,/Users/arthrod/temp/T/neurotic_docx_bench/corpus/word/tracking_without_comments/pdf/bd386ff044_51ae5a28375c271d1238bf671ece74421eb9ccf840ccf5af__vs__3b6b7312de_7d4bf96c3fc438f9ea5c94331aa2e2586fbb2ae5a4162075_redline_962c107d2e.pdf,6f9152be77d7562a9e434369cecd5fe47f85c055015d31151f50ad2f26b9ad9e,/Users/arthrod/temp/T/neurotic_docx_bench/results/redlines_0929_full/docxodus/pdf_by_word/bd386ff044_51ae5a28375c271d1238bf671ece74421eb9ccf840ccf5af__vs__3b6b7312de_7d4bf96c3fc438f9ea5c94331aa2e2586fbb2ae5a4162075_redline_962c107d2e_docxodus.pdf,47e2b0a56434ef7a64c0fd71b70367683d76c82d94f8c7ee6c6bec3abb605913
18eb110b3b_numwords_fldsimple__vs__60697d46b7_strict01_redline_964719255c,964719255c,with_comments_tracking,word_based_0926,fresh,/Users/arthrod/temp/T/compare_regen/out/964719255c__vs__964719255c.pdf,aaba4ae4591cd9c5355c90d81ce238b18944c577be80f69c2f2c8e639dc1f656,/Users/arthrod/temp/T/neurotic_docx_bench/results/redlines_0929_full/docxodus/pdf_by_word/18eb110b3b_numwords_fldsimple__vs__60697d46b7_strict01_redline_57dfcda882_docxodus.pdf,7d929ad0e78fb9004570b2ffd42cc4475e01bc4883799ef1154832994e2be447
5a8152b0cd_justify_alignment_demo_id_paraid_overflow__vs__1f4891aebe_large_font_size_demo_id_paraid_overflow_redline_96be8b60ae,96be8b60ae,tracking_without_comments,fixtures_word_compares;pdf_fill_0928,fresh,/Users/arthrod/temp/T/compare_regen/out/96be8b60ae__vs__96be8b60ae.pdf,f38192f653598a5a122eb22825e1929e4d7645d089b000b02b40ecff4b9dba8d,/Users/arthrod/temp/T/neurotic_docx_bench/results/redlines_0929_full/docxodus/pdf_by_word/5a8152b0cd_justify_alignment_demo_id_paraid_overflow__vs__1f4891aebe_large_font_size_demo_id_paraid_overflow_redline_0c59a03988_docxodus.pdf,60d7841d69557ff4bed58649546539dd42374722e3a0388b775bfc70a9d39a2d
00f467c010_0008753aa70a6a7b929aa1958001da41574c2d407e5b9863__vs__2e04202552_000e3e7bd2d6215fc7b469cc3e296c1b2a510bc1abc7e0fd_redline_973fc142ed,973fc142ed,tracking_without_comments,redlines_a100_b10,corpus,/Users/arthrod/temp/T/neurotic_docx_bench/corpus/word/tracking_without_comments/pdf/00f467c010_0008753aa70a6a7b929aa1958001da41574c2d407e5b9863__vs__2e04202552_000e3e7bd2d6215fc7b469cc3e296c1b2a510bc1abc7e0fd_redline_973fc142ed.pdf,b01a31b6ca752088d27ee3f76f3575b18daaeba5332e8a40857a8c4bd35e3406,/Users/arthrod/temp/T/neurotic_docx_bench/results/redlines_0929_full/docxodus/pdf_by_word/00f467c010_0008753aa70a6a7b929aa1958001da41574c2d407e5b9863__vs__2e04202552_000e3e7bd2d6215fc7b469cc3e296c1b2a510bc1abc7e0fd_redline_973fc142ed_docxodus.pdf,79560865302db561eb23de989060806f3f266aa9e255cf79afd71174ca8e2fe9
d06f02170c_914a656a272c07020597a26de1146332b876882074314111__vs__6ae732f532_66435fc0be860bac907701a81a0e85c5ea2e69b4f88c1b9b_redline_97fefb0aa2,97fefb0aa2,tracking_without_comments,redlines_en_500,corpus,/Users/arthrod/temp/T/neurotic_docx_bench/corpus/word/tracking_without_comments/pdf/d06f02170c_914a656a272c07020597a26de1146332b876882074314111__vs__6ae732f532_66435fc0be860bac907701a81a0e85c5ea2e69b4f88c1b9b_redline_97fefb0aa2.pdf,49209c4c7465a0610d352bc147ef2b87688f25185f5c5b682543c0a3431d3102,/Users/arthrod/temp/T/neurotic_docx_bench/results/redlines_0929_full/docxodus/pdf_by_word/d06f02170c_914a656a272c07020597a26de1146332b876882074314111__vs__6ae732f532_66435fc0be860bac907701a81a0e85c5ea2e69b4f88c1b9b_redline_97fefb0aa2_docxodus.pdf,1b88933305d09103766fe65f4116eea6b54d7f203853c7fef3acf23d64aaf477
432bf1c280_010684299d3c5523897eb69efb8c1c743c0a7623137d64fe__vs__2773adf157_0004c94ca2a8684d47449bb0e7abf87de1df71a7e6543252_redline_982694165a,982694165a,tracking_without_comments,redlines_a100_b10,corpus,/Users/arthrod/temp/T/neurotic_docx_bench/corpus/word/tracking_without_comments/pdf/432bf1c280_010684299d3c5523897eb69efb8c1c743c0a7623137d64fe__vs__2773adf157_0004c94ca2a8684d47449bb0e7abf87de1df71a7e6543252_redline_982694165a.pdf,0f5b4b903b9374ed5b27bd16f6857a1cdd237e0702705c561b1037c972bdfc7f,,
00da16e738_heading_4_style_demo_id_paraid_overflow_2__vs__82928b2e05_heading_4_style_demo_id_paraid_overflow_redline_98576c297a,98576c297a,tracking_without_comments,word_based_0926,corpus,/Users/arthrod/temp/T/neurotic_docx_bench/corpus/word/tracking_without_comments/pdf/00da16e738_heading_4_style_demo_id_paraid_overflow_2__vs__82928b2e05_heading_4_style_demo_id_paraid_overflow_redline_98576c297a.pdf,b9f75a9ffc5f731d39e22634c8e0f70b3c22a36dceef900ea0c35253f88e2814,/Users/arthrod/temp/T/neurotic_docx_bench/results/redlines_0929_full/docxodus/pdf_by_word/00da16e738_heading_4_style_demo_id_paraid_overflow_2__vs__82928b2e05_heading_4_style_demo_id_paraid_overflow_redline_98576c297a_docxodus.pdf,eec0e497b806a6c0953f490de2ef9df90ead806402384878a6e266eb5867412a
0bf5192ed0_00afb3e6b2bb1a5ab1e1770ba41f6f455f87472d24ab2767__vs__a5f2b9318d_002aa60c2ae1187417b4b157c5ec6450324cc056ec551a12_redline_986a611d64,986a611d64,tracking_without_comments,redlines_a100_b10,corpus,/Users/arthrod/temp/T/neurotic_docx_bench/corpus/word/tracking_without_comments/pdf/0bf5192ed0_00afb3e6b2bb1a5ab1e1770ba41f6f455f87472d24ab2767__vs__a5f2b9318d_002aa60c2ae1187417b4b157c5ec6450324cc056ec551a12_redline_986a611d64.pdf,9c11c47d6c737aed55a87744cf3b52fb2e907dfdf90f04fadc1d74b8ebdfa3fa,/Users/arthrod/temp/T/neurotic_docx_bench/results/redlines_0929_full/docxodus/pdf_by_word/0bf5192ed0_00afb3e6b2bb1a5ab1e1770ba41f6f455f87472d24ab2767__vs__a5f2b9318d_002aa60c2ae1187417b4b157c5ec6450324cc056ec551a12_redline_986a611d64_docxodus.pdf,fc8a7bf6f1a7dc391b84862bcc177068aed97f13b478b978c4f3b78fc474f764
70d7086845_db8b0b605ae2c08e9cf62d5cbb24bdf31ab9bd58896590f4__vs__a7ec7d9594_e0dd35e75e8e3ecb4adfc5ce29c921d634bcee666ae65035_redline_986b2229a1,986b2229a1,tracking_without_comments,redlines_en_500,corpus,/Users/arthrod/temp/T/neurotic_docx_bench/corpus/word/tracking_without_comments/pdf/70d7086845_db8b0b605ae2c08e9cf62d5cbb24bdf31ab9bd58896590f4__vs__a7ec7d9594_e0dd35e75e8e3ecb4adfc5ce29c921d634bcee666ae65035_redline_986b2229a1.pdf,522403d6858a3139513e26f41d9ad2598147054b9e7b6ef0b8ae80cb595c6c61,/Users/arthrod/temp/T/neurotic_docx_bench/results/redlines_0929_full/docxodus/pdf_by_word/70d7086845_db8b0b605ae2c08e9cf62d5cbb24bdf31ab9bd58896590f4__vs__a7ec7d9594_e0dd35e75e8e3ecb4adfc5ce29c921d634bcee666ae65035_redline_986b2229a1_docxodus.pdf,136996d5519b974790e0a9d97bea57b14afed5b650884ae0828432952a65fa6e
6ba5bd3ed9_675bc160844acf63f96db9c42125e80653db32667cac018a__vs__40ac206d09_574391833ed2592c3c7602a1392772629c80f5d9b8c61bd3_redline_99002a2953,99002a2953,tracking_without_comments,redlines_en_500,corpus,/Users/arthrod/temp/T/neurotic_docx_bench/corpus/word/tracking_without_comments/pdf/6ba5bd3ed9_675bc160844acf63f96db9c42125e80653db32667cac018a__vs__40ac206d09_574391833ed2592c3c7602a1392772629c80f5d9b8c61bd3_redline_99002a2953.pdf,65dcd0fb324539fc88323becb748bef603390e49d7b3571d8ef069c83c633858,/Users/arthrod/temp/T/neurotic_docx_bench/results/redlines_0929_full/docxodus/pdf_by_word/6ba5bd3ed9_675bc160844acf63f96db9c42125e80653db32667cac018a__vs__40ac206d09_574391833ed2592c3c7602a1392772629c80f5d9b8c61bd3_redline_99002a2953_docxodus.pdf,d1a29aec98856a711b35c981b8ff19378f69f61ea79bffc409ffa7966ce04827
b6dd0b6ae8_015a4f5a16a110026418c0a7f5eefa69ce6d5f9bcfc2d955__vs__342f364d46_001342333d45627868f4dc5282abbba4598a91b4a7584b08_redline_992e41eac1,992e41eac1,tracking_without_comments,redlines_a100_b10,corpus,/Users/arthrod/temp/T/neurotic_docx_bench/corpus/word/tracking_without_comments/pdf/b6dd0b6ae8_015a4f5a16a110026418c0a7f5eefa69ce6d5f9bcfc2d955__vs__342f364d46_001342333d45627868f4dc5282abbba4598a91b4a7584b08_redline_992e41eac1.pdf,c77ac7bdabecd9d2f2a13d5bf44dcb5ba65b7225f122b782e54eecfc547cb36c,/Users/arthrod/temp/T/neurotic_docx_bench/results/redlines_0929_full/docxodus/pdf_by_word/b6dd0b6ae8_015a4f5a16a110026418c0a7f5eefa69ce6d5f9bcfc2d955__vs__342f364d46_001342333d45627868f4dc5282abbba4598a91b4a7584b08_redline_992e41eac1_docxodus.pdf,10747dae762002f13743a6af28c0baa354f9456a8541a1c9c210a98b2a4b2f4d
d0281643d2_super_editor__hello_docx_world_12f11074__vs__c2d49e9ede_super_editor__sd_978_remove_table_borders_47f7ed_redline_99a7d5e4cb,99a7d5e4cb,tracking_without_comments,word_redlines_superdoc,corpus,/Users/arthrod/temp/T/neurotic_docx_bench/corpus/word/tracking_without_comments/pdf/d0281643d2_super_editor__hello_docx_world_12f11074__vs__c2d49e9ede_super_editor__sd_978_remove_table_borders_47f7ed_redline_99a7d5e4cb.pdf,394305f2be37cb8521c43a58fabeb11723915dc93f0454d756018405cb307c49,/Users/arthrod/temp/T/neurotic_docx_bench/results/redlines_0929_full/docxodus/pdf_by_word/d0281643d2_super_editor__hello_docx_world_12f11074__vs__c2d49e9ede_super_editor__sd_978_remove_table_borders_47f7ed_redline_99a7d5e4cb_docxodus.pdf,365febef270fa9415a1ec340dc8ba14cb87d8e45294532c155bca01c4a47ade0
734fe4bc1e_15c0669c4c7afae4cc2de2aeeda71623a7b27ecdef1cd0d8__vs__b74c483001_547b508a2b334a2a72a59db0718d632d5aadd236d876af75_redline_9c1f654ea9,9c1f654ea9,tracking_without_comments,redlines_en_500,corpus,/Users/arthrod/temp/T/neurotic_docx_bench/corpus/word/tracking_without_comments/pdf/734fe4bc1e_15c0669c4c7afae4cc2de2aeeda71623a7b27ecdef1cd0d8__vs__b74c483001_547b508a2b334a2a72a59db0718d632d5aadd236d876af75_redline_9c1f654ea9.pdf,5f5ca6eb52bec0c92c02146979a386ef74c78f2fecbe8918d92178c584025d1f,/Users/arthrod/temp/T/neurotic_docx_bench/results/redlines_0929_full/docxodus/pdf_by_word/734fe4bc1e_15c0669c4c7afae4cc2de2aeeda71623a7b27ecdef1cd0d8__vs__b74c483001_547b508a2b334a2a72a59db0718d632d5aadd236d876af75_redline_9c1f654ea9_docxodus.pdf,8c2823ead1c056ef6176f1c15f408c44cefcb9ce7aa2a00bc8159d4ed0eb2b18
5b421850d5_super_editor__ooxml_strike_rstyle_linked_combos__vs__1e1f1ad583_super_editor__diff_before2_ca0c6859_redline_9d94d27d7a,9d94d27d7a,tracking_without_comments,word_redlines_superdoc,corpus,/Users/arthrod/temp/T/neurotic_docx_bench/corpus/word/tracking_without_comments/pdf/5b421850d5_super_editor__ooxml_strike_rstyle_linked_combos__vs__1e1f1ad583_super_editor__diff_before2_ca0c6859_redline_9d94d27d7a.pdf,d8d8590339d56b455b3b7cdef9d19a5652a9871acf772b489415e8fed523f1c4,/Users/arthrod/temp/T/neurotic_docx_bench/results/redlines_0929_full/docxodus/pdf_by_word/5b421850d5_super_editor__ooxml_strike_rstyle_linked_combos__vs__1e1f1ad583_super_editor__diff_before2_ca0c6859_redline_3ce72acbe2_docxodus.pdf,41cea93cc13fbc39f6431cf3f0e233c51deadec85092323a92bd11ca6e6a59a7
87dc2ebfec_00ee07057c69b24e2be4bf1a2684792bf6141fdccc35d075__vs__2773adf157_0004c94ca2a8684d47449bb0e7abf87de1df71a7e6543252_redline_9e8fdebfa2,9e8fdebfa2,tracking_without_comments,redlines_a100_b10,corpus,/Users/arthrod/temp/T/neurotic_docx_bench/corpus/word/tracking_without_comments/pdf/87dc2ebfec_00ee07057c69b24e2be4bf1a2684792bf6141fdccc35d075__vs__2773adf157_0004c94ca2a8684d47449bb0e7abf87de1df71a7e6543252_redline_9e8fdebfa2.pdf,19a1630871e69ccc1e78953df3c13c494c10c397458468c277eae97dc9c363fc,,
2ad8d15e88_00e901c5aa86bd93002ce801375c57e44c2c78a0e5b308d3__vs__2e04202552_000e3e7bd2d6215fc7b469cc3e296c1b2a510bc1abc7e0fd_redline_9ea8efb431,9ea8efb431,tracking_without_comments,redlines_a100_b10,corpus,/Users/arthrod/temp/T/neurotic_docx_bench/corpus/word/tracking_without_comments/pdf/2ad8d15e88_00e901c5aa86bd93002ce801375c57e44c2c78a0e5b308d3__vs__2e04202552_000e3e7bd2d6215fc7b469cc3e296c1b2a510bc1abc7e0fd_redline_9ea8efb431.pdf,962456f4b8ac7a2e0422defd03cd4a8ec7e538ed5d7845959c49c4f884fd0a69,/Users/arthrod/temp/T/neurotic_docx_bench/results/redlines_0929_full/docxodus/pdf_by_word/2ad8d15e88_00e901c5aa86bd93002ce801375c57e44c2c78a0e5b308d3__vs__2e04202552_000e3e7bd2d6215fc7b469cc3e296c1b2a510bc1abc7e0fd_redline_9ea8efb431_docxodus.pdf,319c1bd7054396adfea1d7f16dce9ae306ac2922d37951b06df9fc3685562f13
3fc14675e5_italic_text_formatting_demo_id_paraid_overflow_2__vs__f26a5e4940_italic_text_formatting_demo_id_paraid_overflow_redline_9ee09a2c11,9ee09a2c11,tracking_without_comments,fixtures_word_compares;pdf_fill_0928,fresh,/Users/arthrod/temp/T/compare_regen/out/9ee09a2c11__vs__9ee09a2c11.pdf,7dd2d74189f03b7ece0f789d259ff240fbb14893777aff8caeffafd6ecb20b69,/Users/arthrod/temp/T/neurotic_docx_bench/results/redlines_0929_full/docxodus/pdf_by_word/3fc14675e5_italic_text_formatting_demo_id_paraid_overflow_2__vs__f26a5e4940_italic_text_formatting_demo_id_paraid_overflow_redline_3f1ba46ee7_docxodus.pdf,57210920d99cd194ea5bb3bf2a8852ae88f1f4ad8e0092cc8d905eb266d198e0
1e1f1ad583_super_editor__diff_before2_ca0c6859__vs__1eb80036ee_super_editor__diff_before3_19d22832_redline_9eee66ebb9,9eee66ebb9,tracking_without_comments,word_redlines_superdoc,corpus,/Users/arthrod/temp/T/neurotic_docx_bench/corpus/word/tracking_without_comments/pdf/1e1f1ad583_super_editor__diff_before2_ca0c6859__vs__1eb80036ee_super_editor__diff_before3_19d22832_redline_9eee66ebb9.pdf,7a4373919ff2e2148e3b4c2cf029a0fb9ec7f9245a2c9fa161c3340686391161,/Users/arthrod/temp/T/neurotic_docx_bench/results/redlines_0929_full/docxodus/pdf_by_word/1e1f1ad583_super_editor__diff_before2_ca0c6859__vs__1eb80036ee_super_editor__diff_before3_19d22832_redline_4bcb4769df_docxodus.pdf,f060e3c3ded51447e2c957360b89c47343523f78e0ba68f8dd638e79386fb9f5
b6f757462e_0006f7905281867ab0d0a45d88f88f72e2c15efbd9a8ed69__vs__5203829c7a_001cc92b88566d5f930fe57f25813c0bf52a7bdc72c217d0_redline_9f142ac84a,9f142ac84a,tracking_without_comments,redlines_a100_b10,corpus,/Users/arthrod/temp/T/neurotic_docx_bench/corpus/word/tracking_without_comments/pdf/b6f757462e_0006f7905281867ab0d0a45d88f88f72e2c15efbd9a8ed69__vs__5203829c7a_001cc92b88566d5f930fe57f25813c0bf52a7bdc72c217d0_redline_9f142ac84a.pdf,5d9d9baca972f89809a815452dbcc601b70099c48ea6fcf7491717a608276516,/Users/arthrod/temp/T/neurotic_docx_bench/results/redlines_0929_full/docxodus/pdf_by_word/b6f757462e_0006f7905281867ab0d0a45d88f88f72e2c15efbd9a8ed69__vs__5203829c7a_001cc92b88566d5f930fe57f25813c0bf52a7bdc72c217d0_redline_9f142ac84a_docxodus.pdf,295624225e1f09a61e7629a311a866235ebbfb043bd92a8ef00ecab024785fa7
a46b602ff5_file_33__vs__d8eda36137_file_34_redline_9fd20a9e99,9fd20a9e99,tracking_without_comments,word_based_randomized,corpus,/Users/arthrod/temp/T/neurotic_docx_bench/corpus/word/tracking_without_comments/pdf/a46b602ff5_file_33__vs__d8eda36137_file_34_redline_9fd20a9e99.pdf,32e0baca3098e6cd3aa2d71847e0b259636fc715107983f4a963e3b100e14b6e,/Users/arthrod/temp/T/neurotic_docx_bench/results/redlines_0929_full/docxodus/pdf_by_word/a46b602ff5_file_33__vs__d8eda36137_file_34_redline_88d8d30451_docxodus.pdf,320858b0d45dac127fa042f60267d386ae5ba2a2754eccc2ffcb3622e5ebf7a1
5e9c228f85_project_tasks_suggesting_insertions_2__vs__5f8559c5b8_project_tasks_suggesting_insertions_redline_9ffe7f6646,9ffe7f6646,tracking_without_comments,nocomments,fresh,/Users/arthrod/temp/T/compare_regen/out/9ffe7f6646__vs__9ffe7f6646.pdf,943cc477b6943f279d45eb991b376ef176ab070618dea6959974b0c81f39998d,/Users/arthrod/temp/T/neurotic_docx_bench/results/redlines_0929_full/docxodus/pdf_by_word/5e9c228f85_project_tasks_suggesting_insertions_2__vs__5f8559c5b8_project_tasks_suggesting_insertions_redline_9ffe7f6646_docxodus.pdf,9b08b6fcd235bbae41ae0d5faa0a3e77450eceb5cf4db3080ff9487345e8dcf8
902a69f0e4_super_editor__line_space_table_9b1ee54b__vs__735c372b41_super_editor__diff_after8_58e5c288_redline_a02879f74f,a02879f74f,with_comments_tracking,word_redlines_superdoc_0926,fresh,/Users/arthrod/temp/T/compare_regen/out/a02879f74f__vs__a02879f74f.pdf,c11bb3948fa4282e44eb00554fabb5fe73d09e638b2b15de634e24633b641b3f,/Users/arthrod/temp/T/neurotic_docx_bench/results/redlines_0929_full/docxodus/pdf_by_word/902a69f0e4_super_editor__line_space_table_9b1ee54b__vs__735c372b41_super_editor__diff_after8_58e5c288_redline_4d5de07b0e_docxodus.pdf,376afb7df81233a395c560a90702a4bd5266d6fc408bc17959f4aab5bcf119e2
836d7aa3c4_file_14__vs__70a28a8258_file_15_redline_a045479a81,a045479a81,with_comments_tracking,word_based_randomized,fresh,/Users/arthrod/temp/T/compare_regen/out/a045479a81__vs__a045479a81.pdf,ebf2a6c688ea2b0dd209e511193b2cc29d35cea626cc6a96cb53a8708363d2f7,/Users/arthrod/temp/T/neurotic_docx_bench/results/redlines_0929_full/docxodus/pdf_by_word/836d7aa3c4_file_14__vs__70a28a8258_file_15_redline_25f1d6ecc3_docxodus.pdf,a1d1e9b426032b0a229876c861794e258aa833ca92a1609ef393e37c726554b1
c706120413_open_sans_font_demo_id_paraid_overflow__vs__82348eef4b_multi_section_redline_a0b32ee481,a0b32ee481,tracking_without_comments,word_based;fixtures_word_compares,fresh,/Users/arthrod/temp/T/compare_regen/out/a0b32ee481__vs__a0b32ee481.pdf,32e85d85b37c393806d2204a33db2dcee5f4bff0807e0e3e402c665932834413,/Users/arthrod/temp/T/neurotic_docx_bench/results/redlines_0929_full/docxodus/pdf_by_word/c706120413_open_sans_font_demo_id_paraid_overflow__vs__82348eef4b_multi_section_redline_a0b32ee481_docxodus.pdf,737fdc791de0564eed1447b192f80ebe8e3de1b7653a014be931c2f2e6f55f75
45f61cfd4f_super_editor__sd_1495_auto_page_break_2_f0f3bf0e__vs__9c1fb4747e_super_editor__sd_1495_auto_page_break_854a2dd9_redline_a185cbd134,a185cbd134,tracking_without_comments,word_redlines_superdoc,corpus,/Users/arthrod/temp/T/neurotic_docx_bench/corpus/word/tracking_without_comments/pdf/45f61cfd4f_super_editor__sd_1495_auto_page_break_2_f0f3bf0e__vs__9c1fb4747e_super_editor__sd_1495_auto_page_break_854a2dd9_redline_a185cbd134.pdf,264d831641974fed049c78a8f7fe5038ca40bc9822b96feea0b51ab3e2e4d989,/Users/arthrod/temp/T/neurotic_docx_bench/results/redlines_0929_full/docxodus/pdf_by_word/45f61cfd4f_super_editor__sd_1495_auto_page_break_2_f0f3bf0e__vs__9c1fb4747e_super_editor__sd_1495_auto_page_break_854a2dd9_redline_3d7a870506_docxodus.pdf,9ddf9781fe9728a3f9af4b9c4e3d698442c11c02ba3e769d2f21a6bbbbdc1632
6867e05e76_00b0d42bbea3b9bac7bc95466cf416f6c89a8cda62bbf3d7__vs__1424386e9b_017447de83753a0e3b7afc659df038ef56972925336c6a5b_redline_a20d355157,a20d355157,tracking_without_comments,redlines_a100_b10,corpus,/Users/arthrod/temp/T/neurotic_docx_bench/corpus/word/tracking_without_comments/pdf/6867e05e76_00b0d42bbea3b9bac7bc95466cf416f6c89a8cda62bbf3d7__vs__1424386e9b_017447de83753a0e3b7afc659df038ef56972925336c6a5b_redline_a20d355157.pdf,41257f1c18d2a89b0c2e126c66931bd09a895ffbcfbba61679ec9101f6d5c524,/Users/arthrod/temp/T/neurotic_docx_bench/results/redlines_0929_full/docxodus/pdf_by_word/6867e05e76_00b0d42bbea3b9bac7bc95466cf416f6c89a8cda62bbf3d7__vs__1424386e9b_017447de83753a0e3b7afc659df038ef56972925336c6a5b_redline_a20d355157_docxodus.pdf,f949f2330370e7363d0925d02a59e8391d89ac6f7fc16c40f4e8c6a10d2cd4c0
c6956051c8_0035880301dd9b39b35318af6a88457fb4f6491a3ca1964a__vs__2e04202552_000e3e7bd2d6215fc7b469cc3e296c1b2a510bc1abc7e0fd_redline_a302cb338a,a302cb338a,tracking_without_comments,redlines_a100_b10,corpus,/Users/arthrod/temp/T/neurotic_docx_bench/corpus/word/tracking_without_comments/pdf/c6956051c8_0035880301dd9b39b35318af6a88457fb4f6491a3ca1964a__vs__2e04202552_000e3e7bd2d6215fc7b469cc3e296c1b2a510bc1abc7e0fd_redline_a302cb338a.pdf,ce242d74a72445db556b7da61304f05dd86ca3073a6fcda5050fc84a2a889a1b,/Users/arthrod/temp/T/neurotic_docx_bench/results/redlines_0929_full/docxodus/pdf_by_word/c6956051c8_0035880301dd9b39b35318af6a88457fb4f6491a3ca1964a__vs__2e04202552_000e3e7bd2d6215fc7b469cc3e296c1b2a510bc1abc7e0fd_redline_a302cb338a_docxodus.pdf,bbbb4f81c98bffec4a78e3c42bc8d4d95ca2893fc962070ac6226de4643aaf9d
91440900a0_00189e19139f6e3031303e4152566a7bc08fab71a5c95895__vs__deff0e697a_00b5defcad6e58038eac35472a2d48c89905068e5ece0cc3_redline_a3dddd5dfc,a3dddd5dfc,tracking_without_comments,redlines_a100_b10,corpus,/Users/arthrod/temp/T/neurotic_docx_bench/corpus/word/tracking_without_comments/pdf/91440900a0_00189e19139f6e3031303e4152566a7bc08fab71a5c95895__vs__deff0e697a_00b5defcad6e58038eac35472a2d48c89905068e5ece0cc3_redline_a3dddd5dfc.pdf,1db11ea5c46cd03003e04d4ee5b314d86be0324b00ea7e02205abde96e3907da,/Users/arthrod/temp/T/neurotic_docx_bench/results/redlines_0929_full/docxodus/pdf_by_word/91440900a0_00189e19139f6e3031303e4152566a7bc08fab71a5c95895__vs__deff0e697a_00b5defcad6e58038eac35472a2d48c89905068e5ece0cc3_redline_a3dddd5dfc_docxodus.pdf,34e4562b8fbdd7a942afecb3da229da043698ae7642e310c9e92ed0d88484200
95c855b9a0_001671bbb68c5b9ebebebfc8be69252ccc195babb3129278__vs__5203829c7a_001cc92b88566d5f930fe57f25813c0bf52a7bdc72c217d0_redline_a4860c6049,a4860c6049,tracking_without_comments,redlines_a100_b10,corpus,/Users/arthrod/temp/T/neurotic_docx_bench/corpus/word/tracking_without_comments/pdf/95c855b9a0_001671bbb68c5b9ebebebfc8be69252ccc195babb3129278__vs__5203829c7a_001cc92b88566d5f930fe57f25813c0bf52a7bdc72c217d0_redline_a4860c6049.pdf,95118a409dd51bb008031ecf28f92a3181c8a01542a6f399ac19e96a1b6a4a8e,/Users/arthrod/temp/T/neurotic_docx_bench/results/redlines_0929_full/docxodus/pdf_by_word/95c855b9a0_001671bbb68c5b9ebebebfc8be69252ccc195babb3129278__vs__5203829c7a_001cc92b88566d5f930fe57f25813c0bf52a7bdc72c217d0_redline_a4860c6049_docxodus.pdf,653ea46fe4eab4cfea31d1f33bd2a27d4beaa632976f750349b975d7f2a6530d
4db02133f5_0007ed60dbbc648e714534360ae72dd054c8322b82ac5609__vs__deff0e697a_00b5defcad6e58038eac35472a2d48c89905068e5ece0cc3_redline_a4bf2feaf5,a4bf2feaf5,tracking_without_comments,redlines_a100_b10,corpus,/Users/arthrod/temp/T/neurotic_docx_bench/corpus/word/tracking_without_comments/pdf/4db02133f5_0007ed60dbbc648e714534360ae72dd054c8322b82ac5609__vs__deff0e697a_00b5defcad6e58038eac35472a2d48c89905068e5ece0cc3_redline_a4bf2feaf5.pdf,dc29b2ae289f45dbbdeae13d9fa7f072c4f94c4197d4c767cf32a4085e93e193,/Users/arthrod/temp/T/neurotic_docx_bench/results/redlines_0929_full/docxodus/pdf_by_word/4db02133f5_0007ed60dbbc648e714534360ae72dd054c8322b82ac5609__vs__deff0e697a_00b5defcad6e58038eac35472a2d48c89905068e5ece0cc3_redline_a4bf2feaf5_docxodus.pdf,f0d9bb4b269c058536e5abb42b7f391d2c427c07de05a1faba3a930ebaa67eec
3d495db791_file_95__vs__c6ce4423f8_file_96_redline_a4c9622fa7,a4c9622fa7,tracking_without_comments,nocomments_randomized,corpus,/Users/arthrod/temp/T/neurotic_docx_bench/corpus/word/tracking_without_comments/pdf/3d495db791_file_95__vs__c6ce4423f8_file_96_redline_a4c9622fa7.pdf,c0428d49f34a5b428045fd54892287948db483d6bd589fdc3137b151143fd7cc,/Users/arthrod/temp/T/neurotic_docx_bench/results/redlines_0929_full/docxodus/pdf_by_word/3d495db791_file_95__vs__c6ce4423f8_file_96_redline_a4c9622fa7_docxodus.pdf,3ceb016df5308e62bdef3d87e9642fc07ebe993c20d1db91d23e8c287626e73e
058cd936de_super_editor__image_doc_c7d007ac__vs__3ad13eed3d_evals__document_9bff7e1b_redline_a70f51680b,a70f51680b,tracking_without_comments,word_redlines_superdoc,corpus,/Users/arthrod/temp/T/neurotic_docx_bench/corpus/word/tracking_without_comments/pdf/058cd936de_super_editor__image_doc_c7d007ac__vs__3ad13eed3d_evals__document_9bff7e1b_redline_a70f51680b.pdf,5f2aed978b4042fa72a004f0f35dca05f868dde46cbea01871db6df74829e8cb,/Users/arthrod/temp/T/neurotic_docx_bench/results/redlines_0929_full/docxodus/pdf_by_word/058cd936de_super_editor__image_doc_c7d007ac__vs__3ad13eed3d_evals__document_9bff7e1b_redline_a70f51680b_docxodus.pdf,4f36e21e8674cd4bcebfde36d22312dba5406a2b65ce7594035b856eb9e1a99a
0a1badc333_super_editor__missing_sectpr_967a402d__vs__84f5fb598b_super_editor__diff_before11_1b953eaf_redline_a78b94020d,a78b94020d,with_comments_tracking,word_redlines_superdoc_0926,fresh,/Users/arthrod/temp/T/compare_regen/out/a78b94020d__vs__a78b94020d.pdf,2186791dbd7d0d984db7a5179dd62d08ca87eca9b3ecfdd73939efdf059d7487,/Users/arthrod/temp/T/neurotic_docx_bench/results/redlines_0929_full/docxodus/pdf_by_word/0a1badc333_super_editor__missing_sectpr_967a402d__vs__84f5fb598b_super_editor__diff_before11_1b953eaf_redline_a78b94020d_docxodus.pdf,b183452962e2d8cc3b808b7fd3b37b3bb18e2d3f9da7f0384cf6a50d7f56992d
ba34cb6c16_eda376478bd22b6efe271689611062b00729223acd19eefe__vs__3ad98f3623_1b591486e98a3d44a0de0cc7a2a8120323c0333a80bf940f_redline_a78bc32904,a78bc32904,tracking_without_comments,redlines_en_500,corpus,/Users/arthrod/temp/T/neurotic_docx_bench/corpus/word/tracking_without_comments/pdf/ba34cb6c16_eda376478bd22b6efe271689611062b00729223acd19eefe__vs__3ad98f3623_1b591486e98a3d44a0de0cc7a2a8120323c0333a80bf940f_redline_a78bc32904.pdf,1903ad11a281ef83679946f6dd30cdc05a6b080968a83988a18b728743cc5b58,,
d94f1115a7_file_152__vs__b318dafe66_file_153_redline_a816fdc8d9,a816fdc8d9,tracking_without_comments,nocomments_randomized,corpus,/Users/arthrod/temp/T/neurotic_docx_bench/corpus/word/tracking_without_comments/pdf/d94f1115a7_file_152__vs__b318dafe66_file_153_redline_a816fdc8d9.pdf,2099e33046c2a456c0cb49a69528edbd75058d5a338fb8eaf9cf3e9ffacdf490,/Users/arthrod/temp/T/neurotic_docx_bench/results/redlines_0929_full/docxodus/pdf_by_word/d94f1115a7_file_152__vs__b318dafe66_file_153_redline_a816fdc8d9_docxodus.pdf,9f8017f2ea482a299784b4a3b4b25e53b4deb8bbe5a60b03a30e4662fc54d369
31665191de_a7444d0b8fef75bcdddc03eb540d379d9556f19492f0234b__vs__1a3573b864_bb917ba095edcd48f3cec46016b853f8906c245660277c45_redline_a8b96f68bd,a8b96f68bd,tracking_without_comments,redlines_en_500,corpus,/Users/arthrod/temp/T/neurotic_docx_bench/corpus/word/tracking_without_comments/pdf/31665191de_a7444d0b8fef75bcdddc03eb540d379d9556f19492f0234b__vs__1a3573b864_bb917ba095edcd48f3cec46016b853f8906c245660277c45_redline_a8b96f68bd.pdf,6a539078e919a33920f6c3b9cfaf6f232a5f797c7f0b67055016f886faa0f330,/Users/arthrod/temp/T/neurotic_docx_bench/results/redlines_0929_full/docxodus/pdf_by_word/31665191de_a7444d0b8fef75bcdddc03eb540d379d9556f19492f0234b__vs__1a3573b864_bb917ba095edcd48f3cec46016b853f8906c245660277c45_redline_a8b96f68bd_docxodus.pdf,3d29bcd6a563258bed8a60f007c5b59e13875206a4ec4f449e1820dd19a21c9d
61bf578c91_file_112__vs__9149dccd33_file_113_redline_a8fd90ecd6,a8fd90ecd6,tracking_without_comments,nocomments_randomized,corpus,/Users/arthrod/temp/T/neurotic_docx_bench/corpus/word/tracking_without_comments/pdf/61bf578c91_file_112__vs__9149dccd33_file_113_redline_a8fd90ecd6.pdf,609628273b460fbb0ae8448d060012d62fb044d1d47a607f31b334cbf546cd27,/Users/arthrod/temp/T/neurotic_docx_bench/results/redlines_0929_full/docxodus/pdf_by_word/61bf578c91_file_112__vs__9149dccd33_file_113_redline_a8fd90ecd6_docxodus.pdf,274d3c991df18ad5002479733c371a5165b1ed451be8d6ccc71e10562b10641c
cfb3c9f5f7_60168e4d4fe36b23bee30244f89884e3a9b364b2b8270abc__vs__6c8fc15329_adec1f56bbf0e13c249c914129851ad18623e311ccbfde12_redline_a9333255ca,a9333255ca,tracking_without_comments,redlines_en_500,corpus,/Users/arthrod/temp/T/neurotic_docx_bench/corpus/word/tracking_without_comments/pdf/cfb3c9f5f7_60168e4d4fe36b23bee30244f89884e3a9b364b2b8270abc__vs__6c8fc15329_adec1f56bbf0e13c249c914129851ad18623e311ccbfde12_redline_a9333255ca.pdf,8c1002b46ac144ad6a8635859dbe4d9cb1691fccfcf30b6e3a6e8886345135c1,/Users/arthrod/temp/T/neurotic_docx_bench/results/redlines_0929_full/docxodus/pdf_by_word/cfb3c9f5f7_60168e4d4fe36b23bee30244f89884e3a9b364b2b8270abc__vs__6c8fc15329_adec1f56bbf0e13c249c914129851ad18623e311ccbfde12_redline_a9333255ca_docxodus.pdf,26fb665c8d3f6aaaa3c31e5c97e18bf153dff093d6c3044b25f682bed3bb4c4f
12e6e39286_file_69__vs__f950268631_file_70_redline_a9c36c66b8,a9c36c66b8,tracking_without_comments,nocomments_randomized,corpus,/Users/arthrod/temp/T/neurotic_docx_bench/corpus/word/tracking_without_comments/pdf/12e6e39286_file_69__vs__f950268631_file_70_redline_a9c36c66b8.pdf,3db6edcbfcd6e357fc85f71b6761fd84616294353b3b755a8b89809e98191e97,/Users/arthrod/temp/T/neurotic_docx_bench/results/redlines_0929_full/docxodus/pdf_by_word/12e6e39286_file_69__vs__f950268631_file_70_redline_a9c36c66b8_docxodus.pdf,067c99a8cf80f50e3c556dea0104320df425329b871080b748157551800142d4
a4ebc0e89c_0016d88a731db087feb2e28e8bfc163c1fe94df0ee048d55__vs__342f364d46_001342333d45627868f4dc5282abbba4598a91b4a7584b08_redline_aabaef6f3d,aabaef6f3d,tracking_without_comments,redlines_a100_b10,corpus,/Users/arthrod/temp/T/neurotic_docx_bench/corpus/word/tracking_without_comments/pdf/a4ebc0e89c_0016d88a731db087feb2e28e8bfc163c1fe94df0ee048d55__vs__342f364d46_001342333d45627868f4dc5282abbba4598a91b4a7584b08_redline_aabaef6f3d.pdf,f5b6c511ab77ef3d449825ee24aded63e7da43af488fe823cb0fd38aba1b0586,/Users/arthrod/temp/T/neurotic_docx_bench/results/redlines_0929_full/docxodus/pdf_by_word/a4ebc0e89c_0016d88a731db087feb2e28e8bfc163c1fe94df0ee048d55__vs__342f364d46_001342333d45627868f4dc5282abbba4598a91b4a7584b08_redline_aabaef6f3d_docxodus.pdf,046e8349985685d29563fc624e6bd07eee5065a489f8a6d40cff30b410d65538
1346d34fba_gdocs_comments_export__vs__783b1628da_green_bold_text_demo_id_paraid_overflow_redline_ab9446febf,ab9446febf,tracking_without_comments,nocomments,corpus,/Users/arthrod/temp/T/neurotic_docx_bench/corpus/word/tracking_without_comments/pdf/1346d34fba_gdocs_comments_export__vs__783b1628da_green_bold_text_demo_id_paraid_overflow_redline_ab9446febf.pdf,2b8437a7e6d51ec5e921cdab96ad1ecc94100cd79141a6478b9581c702c8ba60,/Users/arthrod/temp/T/neurotic_docx_bench/results/redlines_0929_full/docxodus/pdf_by_word/1346d34fba_gdocs_comments_export__vs__783b1628da_green_bold_text_demo_id_paraid_overflow_redline_ab9446febf_docxodus.pdf,69a5d44f80d4fcf73f3c7c29856361e23653e6960457e685558c678e894ffc78
ba54aaab82_super_editor__ooxml_italic_rstyle_combos_demo_90__vs__92589c3e37_super_editor__pre_separated_list_bd330d28_redline_ab9eccbcab,ab9eccbcab,tracking_without_comments,word_redlines_superdoc,corpus,/Users/arthrod/temp/T/neurotic_docx_bench/corpus/word/tracking_without_comments/pdf/ba54aaab82_super_editor__ooxml_italic_rstyle_combos_demo_90__vs__92589c3e37_super_editor__pre_separated_list_bd330d28_redline_ab9eccbcab.pdf,37e06fbb2bad8d703b595a94643453fb4a7538197ed56be37b04308ed0f2faf5,/Users/arthrod/temp/T/neurotic_docx_bench/results/redlines_0929_full/docxodus/pdf_by_word/ba54aaab82_super_editor__ooxml_italic_rstyle_combos_demo_90__vs__92589c3e37_super_editor__pre_separated_list_bd330d28_redline_44a5e498e0_docxodus.pdf,bfe57eabe5a08ecec1903fcb2dc6422bd382d5843f52b18721014990ee54d2a2
8bf3c89c49_roboto_font_demo_id_paraid_overflow_2__vs__80c61daaae_roboto_font_demo_id_paraid_overflow_redline_ac2d091203,ac2d091203,tracking_without_comments,nocomments,corpus,/Users/arthrod/temp/T/neurotic_docx_bench/corpus/word/tracking_without_comments/pdf/8bf3c89c49_roboto_font_demo_id_paraid_overflow_2__vs__80c61daaae_roboto_font_demo_id_paraid_overflow_redline_ac2d091203.pdf,7b56edc3737814de3af93d3d30de2e43390324fb057a11dce9854395f14e033c,/Users/arthrod/temp/T/neurotic_docx_bench/results/redlines_0929_full/docxodus/pdf_by_word/8bf3c89c49_roboto_font_demo_id_paraid_overflow_2__vs__80c61daaae_roboto_font_demo_id_paraid_overflow_redline_ac2d091203_docxodus.pdf,86fbbd6c420c60ad8639f2db2b6410e5d2f9b550f7aa4ea4d2cbfd0389962431
7226967373_file_23__vs__2d9166078a_file_24_redline_ac6a069643,ac6a069643,tracking_without_comments,word_based_randomized_0926,corpus,/Users/arthrod/temp/T/neurotic_docx_bench/corpus/word/tracking_without_comments/pdf/7226967373_file_23__vs__2d9166078a_file_24_redline_ac6a069643.pdf,a437d577bb13c3863d7d31d7ba5f166f898948a7dd7d1dc5b143366da04b5ec3,/Users/arthrod/temp/T/neurotic_docx_bench/results/redlines_0929_full/docxodus/pdf_by_word/7226967373_file_23__vs__2d9166078a_file_24_redline_30c1fd702b_docxodus.pdf,b3e9867b936613c4dd49d63ac4eb42fc9812da78bbc3b11c03737ec1ff1870f2
2e7f1e6637_0120556a0553eb1ba39978d5911b7ce62be10a9bdc7c9191__vs__342f364d46_001342333d45627868f4dc5282abbba4598a91b4a7584b08_redline_ae7cb7071e,ae7cb7071e,tracking_without_comments,redlines_a100_b10,corpus,/Users/arthrod/temp/T/neurotic_docx_bench/corpus/word/tracking_without_comments/pdf/2e7f1e6637_0120556a0553eb1ba39978d5911b7ce62be10a9bdc7c9191__vs__342f364d46_001342333d45627868f4dc5282abbba4598a91b4a7584b08_redline_ae7cb7071e.pdf,528c6a189986fd767226de88363ba86dd1233264ff15029f159b67388480c789,/Users/arthrod/temp/T/neurotic_docx_bench/results/redlines_0929_full/docxodus/pdf_by_word/2e7f1e6637_0120556a0553eb1ba39978d5911b7ce62be10a9bdc7c9191__vs__342f364d46_001342333d45627868f4dc5282abbba4598a91b4a7584b08_redline_ae7cb7071e_docxodus.pdf,eb0ef4f758b511624c98282cf928a570cf08e9ead6d0210b4674a64fe775064b
c54c269d79_file_131__vs__8ded82ffec_file_132_redline_aed2c1780a,aed2c1780a,tracking_without_comments,nocomments_randomized,corpus,/Users/arthrod/temp/T/neurotic_docx_bench/corpus/word/tracking_without_comments/pdf/c54c269d79_file_131__vs__8ded82ffec_file_132_redline_aed2c1780a.pdf,e313815a55d63c37ee2f41561c119e9140f78601ce7b93f030f0bb793b519f6a,/Users/arthrod/temp/T/neurotic_docx_bench/results/redlines_0929_full/docxodus/pdf_by_word/c54c269d79_file_131__vs__8ded82ffec_file_132_redline_aed2c1780a_docxodus.pdf,70ebdb63e7430fbb0aefcf2799f06256d918c2861d211151f0246e4c075e7755
8e6f55ed7e_strikethrough_text_formatting_demo_id_paraid_ove__vs__b06c6c71c5_subscript_demo_id_paraid_overflow_redline_af750bce28,af750bce28,tracking_without_comments,nocomments,corpus,/Users/arthrod/temp/T/neurotic_docx_bench/corpus/word/tracking_without_comments/pdf/8e6f55ed7e_strikethrough_text_formatting_demo_id_paraid_ove__vs__b06c6c71c5_subscript_demo_id_paraid_overflow_redline_af750bce28.pdf,6fb13e3370b8bd0960ab38046e5197c61a83ae23f831c75a63f516951240793c,/Users/arthrod/temp/T/neurotic_docx_bench/results/redlines_0929_full/docxodus/pdf_by_word/8e6f55ed7e_strikethrough_text_formatting_demo_id_paraid_ove__vs__b06c6c71c5_subscript_demo_id_paraid_overflow_redline_af750bce28_docxodus.pdf,45e523793d901f6019703c36affc30426b5519260177154bbebe7dee3c48d66f
1cd4f9ee6c_roboto_font_demo_id_paraid_overflow__vs__6e08e456f6_roboto_underline_demo_id_paraid_overflow_redline_afad9d8d2c,afad9d8d2c,tracking_without_comments,word_based,corpus,/Users/arthrod/temp/T/neurotic_docx_bench/corpus/word/tracking_without_comments/pdf/1cd4f9ee6c_roboto_font_demo_id_paraid_overflow__vs__6e08e456f6_roboto_underline_demo_id_paraid_overflow_redline_afad9d8d2c.pdf,4f1830dd0db1fe2d2d04024c168e35c600d692954c54ab2863bc5ebe0aa50b83,/Users/arthrod/temp/T/neurotic_docx_bench/results/redlines_0929_full/docxodus/pdf_by_word/1cd4f9ee6c_roboto_font_demo_id_paraid_overflow__vs__6e08e456f6_roboto_underline_demo_id_paraid_overflow_redline_8f77b9462e_docxodus.pdf,6f8852e588d6ef1d77033e279c563e1dd95c9c3f57fb805a1361e2a0f45a7244
eab8aeea1f_contract_review_suggesting_insertions__vs__1800ef10fa_contract_review_suggesting_mixed_edits_redline_affb979b83,affb979b83,tracking_without_comments,nocomments,fresh,/Users/arthrod/temp/T/compare_regen/out/affb979b83__vs__affb979b83.pdf,c29463fa53d8197760654bd21d3c8108f06510d32eacdd870a451dbfe83d5a68,/Users/arthrod/temp/T/neurotic_docx_bench/results/redlines_0929_full/docxodus/pdf_by_word/eab8aeea1f_contract_review_suggesting_insertions__vs__1800ef10fa_contract_review_suggesting_mixed_edits_redline_8d63700eca_docxodus.pdf,359ff78d1a7045047a5188b9ec38c3c8d8a733498e596b38a88ad7feeaf5ce92
902a69f0e4_super_editor__line_space_table_9b1ee54b__vs__5e5fa9b5fb_super_editor__list_def_mix_d7cec092_redline_b0148e9dd0,b0148e9dd0,tracking_without_comments,word_redlines_superdoc,corpus,/Users/arthrod/temp/T/neurotic_docx_bench/corpus/word/tracking_without_comments/pdf/902a69f0e4_super_editor__line_space_table_9b1ee54b__vs__5e5fa9b5fb_super_editor__list_def_mix_d7cec092_redline_b0148e9dd0.pdf,87fdf232c2560fd9b815c769d845acf800cdc56dda9df2c4f31a43a7c50d2344,/Users/arthrod/temp/T/neurotic_docx_bench/results/redlines_0929_full/docxodus/pdf_by_word/902a69f0e4_super_editor__line_space_table_9b1ee54b__vs__5e5fa9b5fb_super_editor__list_def_mix_d7cec092_redline_062340d04a_docxodus.pdf,95791e7c206f9476892d47284852f3b5a102cf368159ef43e831850501c428fd
8cd372b814_0193e5015be906eb45df5f7b3ceb682c7ff53cb52f15a0bf__vs__deff0e697a_00b5defcad6e58038eac35472a2d48c89905068e5ece0cc3_redline_b0bff2d5de,b0bff2d5de,tracking_without_comments,redlines_a100_b10,corpus,/Users/arthrod/temp/T/neurotic_docx_bench/corpus/word/tracking_without_comments/pdf/8cd372b814_0193e5015be906eb45df5f7b3ceb682c7ff53cb52f15a0bf__vs__deff0e697a_00b5defcad6e58038eac35472a2d48c89905068e5ece0cc3_redline_b0bff2d5de.pdf,85f16cb7fc1136afa6799efb5301b3d85ee0169f5f8c6ebda27a5655893d507d,/Users/arthrod/temp/T/neurotic_docx_bench/results/redlines_0929_full/docxodus/pdf_by_word/8cd372b814_0193e5015be906eb45df5f7b3ceb682c7ff53cb52f15a0bf__vs__deff0e697a_00b5defcad6e58038eac35472a2d48c89905068e5ece0cc3_redline_b0bff2d5de_docxodus.pdf,174f6fbf8009998ddb9180dae17af4c38d28ec6a72a628f25700993eada4d57e
1aa7a03758_004c43cb816aed2ca4b0d0adf6e2bb8f115182135f2b4b42__vs__1424386e9b_017447de83753a0e3b7afc659df038ef56972925336c6a5b_redline_b1191f033d,b1191f033d,tracking_without_comments,redlines_a100_b10,corpus,/Users/arthrod/temp/T/neurotic_docx_bench/corpus/word/tracking_without_comments/pdf/1aa7a03758_004c43cb816aed2ca4b0d0adf6e2bb8f115182135f2b4b42__vs__1424386e9b_017447de83753a0e3b7afc659df038ef56972925336c6a5b_redline_b1191f033d.pdf,2e80ed730a87c295c5f7ada0e8ca4e17038e9582f3d79047905863fad4f38db2,/Users/arthrod/temp/T/neurotic_docx_bench/results/redlines_0929_full/docxodus/pdf_by_word/1aa7a03758_004c43cb816aed2ca4b0d0adf6e2bb8f115182135f2b4b42__vs__1424386e9b_017447de83753a0e3b7afc659df038ef56972925336c6a5b_redline_b1191f033d_docxodus.pdf,1273e1d273ba2eefb2eba7748695736f9d553606a2d8307cddee025a658cfa6f
27c9cbd809_b4b5463ef111d72dc319a5ccf52ae7b396c494e99b89c857__vs__7f90ff7f2c_d94124e867cf9e31389cfa780818a638161d676f6b79049f_redline_b14882f3e9,b14882f3e9,tracking_without_comments,redlines_en_500,corpus,/Users/arthrod/temp/T/neurotic_docx_bench/corpus/word/tracking_without_comments/pdf/27c9cbd809_b4b5463ef111d72dc319a5ccf52ae7b396c494e99b89c857__vs__7f90ff7f2c_d94124e867cf9e31389cfa780818a638161d676f6b79049f_redline_b14882f3e9.pdf,3f600796694280b0b2786e6a3e7b2ed916328f18734644f3cc0960b415436863,/Users/arthrod/temp/T/neurotic_docx_bench/results/redlines_0929_full/docxodus/pdf_by_word/27c9cbd809_b4b5463ef111d72dc319a5ccf52ae7b396c494e99b89c857__vs__7f90ff7f2c_d94124e867cf9e31389cfa780818a638161d676f6b79049f_redline_b14882f3e9_docxodus.pdf,32a3ef0fc44954fc067f85446911e955a7cb037b3f08ea46b3d077b0b19d7395
af5e239443_file_35__vs__aa8e3ae559_file_36_redline_b14918411c,b14918411c,tracking_without_comments,word_based_randomized_0926,corpus,/Users/arthrod/temp/T/neurotic_docx_bench/corpus/word/tracking_without_comments/pdf/af5e239443_file_35__vs__aa8e3ae559_file_36_redline_b14918411c.pdf,76239fe55eb63bfb54b041b7bbc562a783311926da78082ecf971ad8576991a0,/Users/arthrod/temp/T/neurotic_docx_bench/results/redlines_0929_full/docxodus/pdf_by_word/af5e239443_file_35__vs__aa8e3ae559_file_36_redline_580f51f15c_docxodus.pdf,43b238a67a613d35f6deb63a8b8fb00edcf95bbcdf7ade0d11780d728f68762c
6cf4f06ce1_bold_and_italic_combo_style_default_missing__vs__91986291d0_bold_and_underline_combo_id_paraid_overflow_redline_b168b93939,b168b93939,tracking_without_comments,nocomments,corpus,/Users/arthrod/temp/T/neurotic_docx_bench/corpus/word/tracking_without_comments/pdf/6cf4f06ce1_bold_and_italic_combo_style_default_missing__vs__91986291d0_bold_and_underline_combo_id_paraid_overflow_redline_b168b93939.pdf,cbf87eda362ccff52051e00c761ededaaa1f0b13bded67a17635b4d1b31f9098,/Users/arthrod/temp/T/neurotic_docx_bench/results/redlines_0929_full/docxodus/pdf_by_word/6cf4f06ce1_bold_and_italic_combo_style_default_missing__vs__91986291d0_bold_and_underline_combo_id_paraid_overflow_redline_b168b93939_docxodus.pdf,7513098f37b2b830e5b58043186f974d8ad5abb76939fbfbe420f1ca1d853775
972dc076c1_super_editor__longer_header_sign_area_7c80b525__vs__0a1badc333_super_editor__missing_sectpr_967a402d_redline_b1e58c7436,b1e58c7436,tracking_without_comments,word_redlines_superdoc_0926,corpus,/Users/arthrod/temp/T/neurotic_docx_bench/corpus/word/tracking_without_comments/pdf/972dc076c1_super_editor__longer_header_sign_area_7c80b525__vs__0a1badc333_super_editor__missing_sectpr_967a402d_redline_b1e58c7436.pdf,e5b97595ac3e7c5988ef360ec54735ba4755bcbe0e8012a69574516a2134a712,/Users/arthrod/temp/T/neurotic_docx_bench/results/redlines_0929_full/docxodus/pdf_by_word/972dc076c1_super_editor__longer_header_sign_area_7c80b525__vs__0a1badc333_super_editor__missing_sectpr_967a402d_redline_aeebe78a1f_docxodus.pdf,ad61e3682b65a6e1dd998e3ac4eccc3e1efc91d75887b85fe6c43215a81bd933
73cbfcf155_8e429677b4f05a9584d0af353823c66c0f9b1c035c8e5205__vs__ab517eeffc_5ed314f75f24c6be808674e4db53ce5952aa02d8aca97ade_redline_b205e40ea1,b205e40ea1,tracking_without_comments,redlines_en_500,corpus,/Users/arthrod/temp/T/neurotic_docx_bench/corpus/word/tracking_without_comments/pdf/73cbfcf155_8e429677b4f05a9584d0af353823c66c0f9b1c035c8e5205__vs__ab517eeffc_5ed314f75f24c6be808674e4db53ce5952aa02d8aca97ade_redline_b205e40ea1.pdf,11ec1be04edb9635c25934265e85e04c6da9f0288adcafb63e42771f1a46b65b,/Users/arthrod/temp/T/neurotic_docx_bench/results/redlines_0929_full/docxodus/pdf_by_word/73cbfcf155_8e429677b4f05a9584d0af353823c66c0f9b1c035c8e5205__vs__ab517eeffc_5ed314f75f24c6be808674e4db53ce5952aa02d8aca97ade_redline_b205e40ea1_docxodus.pdf,599aa9d225bf057c9557e34f3ad1f229ae24bd10be1dd4a4ad3108493e6849ad
68fdec049c_docx_lots_of_comments__vs__921334044d_double_spacing_bold_demo_id_paraid_overflow_redline_b215cbb09e,b215cbb09e,tracking_without_comments,nocomments,corpus,/Users/arthrod/temp/T/neurotic_docx_bench/corpus/word/tracking_without_comments/pdf/68fdec049c_docx_lots_of_comments__vs__921334044d_double_spacing_bold_demo_id_paraid_overflow_redline_b215cbb09e.pdf,00fe85a8381806431577a509471e1315f5ec5a767a1b9ce4068dda75280bfe8e,/Users/arthrod/temp/T/neurotic_docx_bench/results/redlines_0929_full/docxodus/pdf_by_word/68fdec049c_docx_lots_of_comments__vs__921334044d_double_spacing_bold_demo_id_paraid_overflow_redline_b215cbb09e_docxodus.pdf,9c7b94b0ed72c255bdd5a2915640642fdcd3ae5ccdbfdc6ede0dc63b4d1e5106
498a050671_super_editor__custom_list1_77f82bd7__vs__4ba01802a7_super_editor__diff_after_10f1912e_redline_b29b698adb,b29b698adb,tracking_without_comments,word_redlines_superdoc,corpus,/Users/arthrod/temp/T/neurotic_docx_bench/corpus/word/tracking_without_comments/pdf/498a050671_super_editor__custom_list1_77f82bd7__vs__4ba01802a7_super_editor__diff_after_10f1912e_redline_b29b698adb.pdf,64fcb4eacee6f218662aba2d398b6c313cd3479f27f3cc157d716e50f9d91ef9,/Users/arthrod/temp/T/neurotic_docx_bench/results/redlines_0929_full/docxodus/pdf_by_word/498a050671_super_editor__custom_list1_77f82bd7__vs__4ba01802a7_super_editor__diff_after_10f1912e_redline_b29b698adb_docxodus.pdf,0176cf72dede7dad60d7b2551339222c0bad60b9ddad758b75b894cc9f678250
668fe0a735_super_editor__ooxml_bold_vals_demo_9e688d8f__vs__d72fd74138_super_editor__ooxml_color_rstyle_linked_combos_d_redline_b2c0260aa4,b2c0260aa4,tracking_without_comments,word_redlines_superdoc,corpus,/Users/arthrod/temp/T/neurotic_docx_bench/corpus/word/tracking_without_comments/pdf/668fe0a735_super_editor__ooxml_bold_vals_demo_9e688d8f__vs__d72fd74138_super_editor__ooxml_color_rstyle_linked_combos_d_redline_b2c0260aa4.pdf,ea970a9fbc7817c9a643d3915f4e0561c8671cc0a236b670a6ce34a5416e522a,/Users/arthrod/temp/T/neurotic_docx_bench/results/redlines_0929_full/docxodus/pdf_by_word/668fe0a735_super_editor__ooxml_bold_vals_demo_9e688d8f__vs__d72fd74138_super_editor__ooxml_color_rstyle_linked_combos_d_redline_2e1d967a62_docxodus.pdf,8e2972ac50be4836534a066b85b601ed737b798861b3c0fea08b78adcc5fee89
1e1a24aeab_right_align_bold_demo_id_paraid_overflow__vs__2b267ac531_right_aligned_italic_demo_id_paraid_overflow_redline_b4a0b070fc,b4a0b070fc,tracking_without_comments,fixtures_word_compares;pdf_fill_0928,fresh,/Users/arthrod/temp/T/compare_regen/out/b4a0b070fc__vs__b4a0b070fc.pdf,37ad806f0109e513e9436e5cff13467a20d1111e7dd88c939d5948f231e8cec2,/Users/arthrod/temp/T/neurotic_docx_bench/results/redlines_0929_full/docxodus/pdf_by_word/1e1a24aeab_right_align_bold_demo_id_paraid_overflow__vs__2b267ac531_right_aligned_italic_demo_id_paraid_overflow_redline_08050cf72c_docxodus.pdf,2854381979a5911f4dbeec3a431776cc47f173cc073d669c422824ce0c744ca9
8775f4c82d_font_size_24_demo_id_paraid_overflow__vs__145c9e6761_font_size_demo_id_paraid_overflow_redline_b534da972f,b534da972f,tracking_without_comments,nocomments,corpus,/Users/arthrod/temp/T/neurotic_docx_bench/corpus/word/tracking_without_comments/pdf/8775f4c82d_font_size_24_demo_id_paraid_overflow__vs__145c9e6761_font_size_demo_id_paraid_overflow_redline_b534da972f.pdf,206d88e502f020ff9fbf14e4ac558eb6955ad9221d90abe5a7b7eb1cacdb8482,/Users/arthrod/temp/T/neurotic_docx_bench/results/redlines_0929_full/docxodus/pdf_by_word/8775f4c82d_font_size_24_demo_id_paraid_overflow__vs__145c9e6761_font_size_demo_id_paraid_overflow_redline_b534da972f_docxodus.pdf,884d4215da75f57de2bdf093e5b4b1818c59cdc3f23ebb7c288d3c2a6df0d49f
f529133cd5_super_editor__basic_comment_d3ba5f1e__vs__199cb211b5_super_editor__basic_footnotes_5be96945_redline_b547e31a0d,b547e31a0d,with_comments_tracking,word_redlines_superdoc_0926,fresh,/Users/arthrod/temp/T/compare_regen/out/b547e31a0d__vs__b547e31a0d.pdf,d5a41780894b46df9ad013356a417e7ef403c3099f378fc378dca88adbfb2e8a,/Users/arthrod/temp/T/neurotic_docx_bench/results/redlines_0929_full/docxodus/pdf_by_word/f529133cd5_super_editor__basic_comment_d3ba5f1e__vs__199cb211b5_super_editor__basic_footnotes_5be96945_redline_b547e31a0d_docxodus.pdf,f2c5fb64bb3d6ab5dd439848ddc52162abb95e31f1713cc982801f0ed932a0cf
bc514b554e_00d979c97e42f03faff5f49e2a7dfa9afd30996214602e19__vs__2773adf157_0004c94ca2a8684d47449bb0e7abf87de1df71a7e6543252_redline_b553be7ee0,b553be7ee0,tracking_without_comments,redlines_a100_b10,corpus,/Users/arthrod/temp/T/neurotic_docx_bench/corpus/word/tracking_without_comments/pdf/bc514b554e_00d979c97e42f03faff5f49e2a7dfa9afd30996214602e19__vs__2773adf157_0004c94ca2a8684d47449bb0e7abf87de1df71a7e6543252_redline_b553be7ee0.pdf,3b3685a07f749907e1b75bf8d0783c952758fa58f74e829ab9030eda0fc8a8bc,/Users/arthrod/temp/T/neurotic_docx_bench/results/redlines_0929_full/docxodus/pdf_by_word/bc514b554e_00d979c97e42f03faff5f49e2a7dfa9afd30996214602e19__vs__2773adf157_0004c94ca2a8684d47449bb0e7abf87de1df71a7e6543252_redline_b553be7ee0_docxodus.pdf,037825fa1081371263b4cac7654fcbaa4e303a019a2b98a17fdc237bb64230a7
14211b982b_super_editor__simple_ordered_list_8288421a__vs__9e9d83978b_super_editor__sublist_issue_66a1800a_redline_b5b0b1f54c,b5b0b1f54c,tracking_without_comments,word_redlines_superdoc_0926,corpus,/Users/arthrod/temp/T/neurotic_docx_bench/corpus/word/tracking_without_comments/pdf/14211b982b_super_editor__simple_ordered_list_8288421a__vs__9e9d83978b_super_editor__sublist_issue_66a1800a_redline_b5b0b1f54c.pdf,f0cc73399464b5d7889db1882b6db50fafc570a10dc9bd45aec68ff2c9e6ec3a,/Users/arthrod/temp/T/neurotic_docx_bench/results/redlines_0929_full/docxodus/pdf_by_word/14211b982b_super_editor__simple_ordered_list_8288421a__vs__9e9d83978b_super_editor__sublist_issue_66a1800a_redline_22e07f3723_docxodus.pdf,074139c9fa657b08ecb2846456749853a9c0e08e1b34937a460b74a5451baf01
dc0cc27640_00749d7a966661b332df84521285ab93426ed3a255523f39__vs__1424386e9b_017447de83753a0e3b7afc659df038ef56972925336c6a5b_redline_b624ac3167,b624ac3167,tracking_without_comments,redlines_a100_b10,corpus,/Users/arthrod/temp/T/neurotic_docx_bench/corpus/word/tracking_without_comments/pdf/dc0cc27640_00749d7a966661b332df84521285ab93426ed3a255523f39__vs__1424386e9b_017447de83753a0e3b7afc659df038ef56972925336c6a5b_redline_b624ac3167.pdf,7156498c1f3da8b98229002d6158b3d5e745c539ebafd9c29d00eeae71ba6f7e,/Users/arthrod/temp/T/neurotic_docx_bench/results/redlines_0929_full/docxodus/pdf_by_word/dc0cc27640_00749d7a966661b332df84521285ab93426ed3a255523f39__vs__1424386e9b_017447de83753a0e3b7afc659df038ef56972925336c6a5b_redline_b624ac3167_docxodus.pdf,ba58b625912159aa897b53ec12b2a3d10dce7a8cd56728b5cd4b07bda0dcbd8a
ef7218d9e8_001893584bf94ff30c98db48cb8a0ea0ea5abc048f3e1a4d__vs__333bfe069a_003416d620331122b93b434dad901db5836f60d2cad4b533_redline_b626364e3d,b626364e3d,tracking_without_comments,redlines_a100_b10,corpus,/Users/arthrod/temp/T/neurotic_docx_bench/corpus/word/tracking_without_comments/pdf/ef7218d9e8_001893584bf94ff30c98db48cb8a0ea0ea5abc048f3e1a4d__vs__333bfe069a_003416d620331122b93b434dad901db5836f60d2cad4b533_redline_b626364e3d.pdf,ef580a822c20c074b0b29efca3ef105d8d6179186d0e13f84c51c18cf36f5d76,/Users/arthrod/temp/T/neurotic_docx_bench/results/redlines_0929_full/docxodus/pdf_by_word/ef7218d9e8_001893584bf94ff30c98db48cb8a0ea0ea5abc048f3e1a4d__vs__333bfe069a_003416d620331122b93b434dad901db5836f60d2cad4b533_redline_b626364e3d_docxodus.pdf,134f61e84bc86603bf7144399eae696b045e538ea15a0df5aa7bc65ebf902986
c6956051c8_0035880301dd9b39b35318af6a88457fb4f6491a3ca1964a__vs__a5f2b9318d_002aa60c2ae1187417b4b157c5ec6450324cc056ec551a12_redline_b72d78a5fb,b72d78a5fb,tracking_without_comments,redlines_a100_b10,corpus,/Users/arthrod/temp/T/neurotic_docx_bench/corpus/word/tracking_without_comments/pdf/c6956051c8_0035880301dd9b39b35318af6a88457fb4f6491a3ca1964a__vs__a5f2b9318d_002aa60c2ae1187417b4b157c5ec6450324cc056ec551a12_redline_b72d78a5fb.pdf,b2b487ec2000ae704cb347e7c3f3cc61b55d9d1730e427fdeaef18ba88e0fc01,/Users/arthrod/temp/T/neurotic_docx_bench/results/redlines_0929_full/docxodus/pdf_by_word/c6956051c8_0035880301dd9b39b35318af6a88457fb4f6491a3ca1964a__vs__a5f2b9318d_002aa60c2ae1187417b4b157c5ec6450324cc056ec551a12_redline_b72d78a5fb_docxodus.pdf,81d23f41971e8311031b97fb99d8b1e2ad95b3bd6202e0be17ab8695d89affd0
ad43500302_super_editor__list_numbering_reimport_d788d573__vs__ca44eef662_super_editor__list_spacer1_06383c66_redline_b7520103fb,b7520103fb,tracking_without_comments,word_redlines_superdoc_0926,corpus,/Users/arthrod/temp/T/neurotic_docx_bench/corpus/word/tracking_without_comments/pdf/ad43500302_super_editor__list_numbering_reimport_d788d573__vs__ca44eef662_super_editor__list_spacer1_06383c66_redline_b7520103fb.pdf,e55a9a3775d2e2bc9af9c97b48e9044956a5fd5baf4f87a617a28a9046c7732f,/Users/arthrod/temp/T/neurotic_docx_bench/results/redlines_0929_full/docxodus/pdf_by_word/ad43500302_super_editor__list_numbering_reimport_d788d573__vs__ca44eef662_super_editor__list_spacer1_06383c66_redline_0e31ba5d43_docxodus.pdf,1dd6f375822e62ed1fd0486fdd767d210b14d6750ca9c5bc799f37fabfbe0302
52220b20c3_00a54bff7e15af78fe7cfc20219c28cb208fde807bd28d44__vs__2773adf157_0004c94ca2a8684d47449bb0e7abf87de1df71a7e6543252_redline_b799eadbeb,b799eadbeb,tracking_without_comments,redlines_a100_b10,corpus,/Users/arthrod/temp/T/neurotic_docx_bench/corpus/word/tracking_without_comments/pdf/52220b20c3_00a54bff7e15af78fe7cfc20219c28cb208fde807bd28d44__vs__2773adf157_0004c94ca2a8684d47449bb0e7abf87de1df71a7e6543252_redline_b799eadbeb.pdf,cd194c714798a2c499af2fff98670fcca38cd24281de4536c5a5752f6e7b1331,/Users/arthrod/temp/T/neurotic_docx_bench/results/redlines_0929_full/docxodus/pdf_by_word/52220b20c3_00a54bff7e15af78fe7cfc20219c28cb208fde807bd28d44__vs__2773adf157_0004c94ca2a8684d47449bb0e7abf87de1df71a7e6543252_redline_b799eadbeb_docxodus.pdf,fe7dd96604298dfbcd685a1dd1ea1e063abba6d198240e4b2173d50b1508a246
f17e96512e_001cb345cc8d6b799aa725514eb368005048b80f4b4c07a5__vs__a5f2b9318d_002aa60c2ae1187417b4b157c5ec6450324cc056ec551a12_redline_b7c11bf92a,b7c11bf92a,tracking_without_comments,redlines_a100_b10,corpus,/Users/arthrod/temp/T/neurotic_docx_bench/corpus/word/tracking_without_comments/pdf/f17e96512e_001cb345cc8d6b799aa725514eb368005048b80f4b4c07a5__vs__a5f2b9318d_002aa60c2ae1187417b4b157c5ec6450324cc056ec551a12_redline_b7c11bf92a.pdf,277dc4d08de8fc0d2319619f84698acbdb0d0b34308086bbf1ae54b9d5c8a758,/Users/arthrod/temp/T/neurotic_docx_bench/results/redlines_0929_full/docxodus/pdf_by_word/f17e96512e_001cb345cc8d6b799aa725514eb368005048b80f4b4c07a5__vs__a5f2b9318d_002aa60c2ae1187417b4b157c5ec6450324cc056ec551a12_redline_b7c11bf92a_docxodus.pdf,f095f69d115f27eb2e99b3f66605644818d9ead6ceda76784e400e62144b30fe
bb560d2a02_2fb37ac3b5f327c12bb8bbd95446f266c5ad631463b80be8__vs__ef8453bf9c_09f1ccf70597b739a10c1b538c7686017f63363a46df22a3_redline_ba665aeaab,ba665aeaab,tracking_without_comments,redlines_en_500,corpus,/Users/arthrod/temp/T/neurotic_docx_bench/corpus/word/tracking_without_comments/pdf/bb560d2a02_2fb37ac3b5f327c12bb8bbd95446f266c5ad631463b80be8__vs__ef8453bf9c_09f1ccf70597b739a10c1b538c7686017f63363a46df22a3_redline_ba665aeaab.pdf,44c24b47c69593779bf4dd25c0e7ee9cd02ca69f66de95d9a1688a03183aa9d6,/Users/arthrod/temp/T/neurotic_docx_bench/results/redlines_0929_full/docxodus/pdf_by_word/bb560d2a02_2fb37ac3b5f327c12bb8bbd95446f266c5ad631463b80be8__vs__ef8453bf9c_09f1ccf70597b739a10c1b538c7686017f63363a46df22a3_redline_ba665aeaab_docxodus.pdf,f3ce566e4b7255af5b57d7b623bc27bbb6934adea3de99aa9c6f2178b60927a4
9e4a01de0a_evals__employment_offer_4cf5a872__vs__546864032e_evals__lease_agreement_7081191d_redline_ba972e3493,ba972e3493,tracking_without_comments,word_redlines_superdoc,corpus,/Users/arthrod/temp/T/neurotic_docx_bench/corpus/word/tracking_without_comments/pdf/9e4a01de0a_evals__employment_offer_4cf5a872__vs__546864032e_evals__lease_agreement_7081191d_redline_ba972e3493.pdf,cc753032d090cd6a91fd72a3631aed499f623ff3585b2d06b922b1917a727fc9,/Users/arthrod/temp/T/neurotic_docx_bench/results/redlines_0929_full/docxodus/pdf_by_word/9e4a01de0a_evals__employment_offer_4cf5a872__vs__546864032e_evals__lease_agreement_7081191d_redline_49767a79ea_docxodus.pdf,0665eeef5adb6be72aef0cf70aead7a63cd257ac61bd30fd2e6af7c8802ba2c5
ecba8d5b3b_file_45__vs__b126641535_file_46_redline_ba99195c25,ba99195c25,tracking_without_comments,word_based_randomized,corpus,/Users/arthrod/temp/T/neurotic_docx_bench/corpus/word/tracking_without_comments/pdf/ecba8d5b3b_file_45__vs__b126641535_file_46_redline_ba99195c25.pdf,6c2330f0ba5222cdd7a87daf6d55e47ce79af47b861d79456f8785624b6c815f,/Users/arthrod/temp/T/neurotic_docx_bench/results/redlines_0929_full/docxodus/pdf_by_word/ecba8d5b3b_file_45__vs__b126641535_file_46_redline_4d3cead538_docxodus.pdf,a91c74615fe7b135c0544e0073e9283582f06c2b931ca467692e45c504ca8d14
4e7bb2a1be_7695f5c28812587fab95312957ba9320966f8270ea3863b6__vs__b1eac08c1e_ecd9fba7f7435c6c04fcb895c2c7d749e3552469675bcb22_redline_bb49a2b7e6,bb49a2b7e6,tracking_without_comments,redlines_en_500,corpus,/Users/arthrod/temp/T/neurotic_docx_bench/corpus/word/tracking_without_comments/pdf/4e7bb2a1be_7695f5c28812587fab95312957ba9320966f8270ea3863b6__vs__b1eac08c1e_ecd9fba7f7435c6c04fcb895c2c7d749e3552469675bcb22_redline_bb49a2b7e6.pdf,a13604c1fcd527c4283773e6b6c14c8cb9faeac61c7beee1192b27d8ca2f63ae,/Users/arthrod/temp/T/neurotic_docx_bench/results/redlines_0929_full/docxodus/pdf_by_word/4e7bb2a1be_7695f5c28812587fab95312957ba9320966f8270ea3863b6__vs__b1eac08c1e_ecd9fba7f7435c6c04fcb895c2c7d749e3552469675bcb22_redline_bb49a2b7e6_docxodus.pdf,8fbd682fd085e48d34e11b334f86d583b16525836e1182b0b6abd3e5a36eaa46
ef7218d9e8_001893584bf94ff30c98db48cb8a0ea0ea5abc048f3e1a4d__vs__aa5340125d_00a4b0b91e9b5b072dc3771391c2d608518690eccf44eae8_redline_bbaad01a9e,bbaad01a9e,tracking_without_comments,redlines_a100_b10,corpus,/Users/arthrod/temp/T/neurotic_docx_bench/corpus/word/tracking_without_comments/pdf/ef7218d9e8_001893584bf94ff30c98db48cb8a0ea0ea5abc048f3e1a4d__vs__aa5340125d_00a4b0b91e9b5b072dc3771391c2d608518690eccf44eae8_redline_bbaad01a9e.pdf,cad0f83abaae0af746ccae228e6598af7095f4fecd5683e564de46e4a07f5195,/Users/arthrod/temp/T/neurotic_docx_bench/results/redlines_0929_full/docxodus/pdf_by_word/ef7218d9e8_001893584bf94ff30c98db48cb8a0ea0ea5abc048f3e1a4d__vs__aa5340125d_00a4b0b91e9b5b072dc3771391c2d608518690eccf44eae8_redline_bbaad01a9e_docxodus.pdf,cb5b293af50c2d7bb027c45b6e80e9decbddd58a19078f2475bde22fd23d6197
4adc608648_2488d971f129d2ad9ee2746e23daeadffa071001e2686533__vs__279da0a289_a4168b8a3243b602dbbc156765888e0596f9d3e4dac17549_redline_bbfeb633fc,bbfeb633fc,tracking_without_comments,redlines_en_500,corpus,/Users/arthrod/temp/T/neurotic_docx_bench/corpus/word/tracking_without_comments/pdf/4adc608648_2488d971f129d2ad9ee2746e23daeadffa071001e2686533__vs__279da0a289_a4168b8a3243b602dbbc156765888e0596f9d3e4dac17549_redline_bbfeb633fc.pdf,d05b075507ffa14847ea630cfebd9193a478b0639034e3d32bc6a41a5e9f43f9,/Users/arthrod/temp/T/neurotic_docx_bench/results/redlines_0929_full/docxodus/pdf_by_word/4adc608648_2488d971f129d2ad9ee2746e23daeadffa071001e2686533__vs__279da0a289_a4168b8a3243b602dbbc156765888e0596f9d3e4dac17549_redline_bbfeb633fc_docxodus.pdf,9a55f425b74d7676801f4b55ba7ed7dfa13299bff1a339a6e9b2e7c0ec436adb
fdb2976d19_01415d08f6d1a428e6949533adcd6249cf25676d98d0b78c__vs__333bfe069a_003416d620331122b93b434dad901db5836f60d2cad4b533_redline_bd5a452533,bd5a452533,tracking_without_comments,redlines_a100_b10,corpus,/Users/arthrod/temp/T/neurotic_docx_bench/corpus/word/tracking_without_comments/pdf/fdb2976d19_01415d08f6d1a428e6949533adcd6249cf25676d98d0b78c__vs__333bfe069a_003416d620331122b93b434dad901db5836f60d2cad4b533_redline_bd5a452533.pdf,d47b4f0e5c78bb0c31ece6492cd97fd6d10405252c6090bba0a83a9b66da81e0,/Users/arthrod/temp/T/neurotic_docx_bench/results/redlines_0929_full/docxodus/pdf_by_word/fdb2976d19_01415d08f6d1a428e6949533adcd6249cf25676d98d0b78c__vs__333bfe069a_003416d620331122b93b434dad901db5836f60d2cad4b533_redline_bd5a452533_docxodus.pdf,13b5d02ed2cef8a82194c71e0e532389d7f4400fda46faa9022fbfcc3c09b1bc
e1c745d784_008243ee20adecbf2ae39c9e6809b022076aa166a4a4f9ec__vs__2773adf157_0004c94ca2a8684d47449bb0e7abf87de1df71a7e6543252_redline_bdd82eb64d,bdd82eb64d,tracking_without_comments,redlines_a100_b10,corpus,/Users/arthrod/temp/T/neurotic_docx_bench/corpus/word/tracking_without_comments/pdf/e1c745d784_008243ee20adecbf2ae39c9e6809b022076aa166a4a4f9ec__vs__2773adf157_0004c94ca2a8684d47449bb0e7abf87de1df71a7e6543252_redline_bdd82eb64d.pdf,74dc7998751dbdb4fa0bc708c6e0d6df5c109e6f00c7dc58fc32e7def9e2f1cc,/Users/arthrod/temp/T/neurotic_docx_bench/results/redlines_0929_full/docxodus/pdf_by_word/e1c745d784_008243ee20adecbf2ae39c9e6809b022076aa166a4a4f9ec__vs__2773adf157_0004c94ca2a8684d47449bb0e7abf87de1df71a7e6543252_redline_bdd82eb64d_docxodus.pdf,1df90ea91d09a6f5342e9da1121ad0f215f71e4d91ca49a6c84991f6e937e7d4
3754ca7e23_track_changes_suggesting_title_id_paraid_overflo__vs__1f0fb35694_training_materials_onboarding_program_suggesting_redline_bde3fc3193,bde3fc3193,tracking_without_comments,nocomments,corpus,/Users/arthrod/temp/T/neurotic_docx_bench/corpus/word/tracking_without_comments/pdf/3754ca7e23_track_changes_suggesting_title_id_paraid_overflo__vs__1f0fb35694_training_materials_onboarding_program_suggesting_redline_bde3fc3193.pdf,e9de0d976fd99645081384013a0f4816e2d1e6dcf4fa694f596af0f16b55a81f,/Users/arthrod/temp/T/neurotic_docx_bench/results/redlines_0929_full/docxodus/pdf_by_word/3754ca7e23_track_changes_suggesting_title_id_paraid_overflo__vs__1f0fb35694_training_materials_onboarding_program_suggesting_redline_19c69f3652_docxodus.pdf,8051c88a6f84cc9a45d861f1423914405f32c8f30e51e41a93830768e21c888b
f2879fa280_2dd94f5357ffe6981e258cfa4030572f15f98140b67e9de8__vs__1944b72130_5d7507b903a1772b7e3be2b9506424aca7430698963897ae_redline_be10e7059e,be10e7059e,tracking_without_comments,redlines_en_500,corpus,/Users/arthrod/temp/T/neurotic_docx_bench/corpus/word/tracking_without_comments/pdf/f2879fa280_2dd94f5357ffe6981e258cfa4030572f15f98140b67e9de8__vs__1944b72130_5d7507b903a1772b7e3be2b9506424aca7430698963897ae_redline_be10e7059e.pdf,7c2de886656306c885a3028dcb1e18b1c9734a19163a05a1a67acf6ea07ddd6e,/Users/arthrod/temp/T/neurotic_docx_bench/results/redlines_0929_full/docxodus/pdf_by_word/f2879fa280_2dd94f5357ffe6981e258cfa4030572f15f98140b67e9de8__vs__1944b72130_5d7507b903a1772b7e3be2b9506424aca7430698963897ae_redline_be10e7059e_docxodus.pdf,afc10643be5f1dde6b0b89619ce7e5c88e82943f946dd64ad8ce6f5bf4560c8f
61e3967518_0011e415331e3b2d8031efcfcfecbb68df0f0b73b26350ce__vs__333bfe069a_003416d620331122b93b434dad901db5836f60d2cad4b533_redline_be1cdf6d38,be1cdf6d38,tracking_without_comments,redlines_a100_b10,corpus,/Users/arthrod/temp/T/neurotic_docx_bench/corpus/word/tracking_without_comments/pdf/61e3967518_0011e415331e3b2d8031efcfcfecbb68df0f0b73b26350ce__vs__333bfe069a_003416d620331122b93b434dad901db5836f60d2cad4b533_redline_be1cdf6d38.pdf,9bd51162e296cb19a5b887d11864ed5f654666e54033642af83cb0e0092abff8,/Users/arthrod/temp/T/neurotic_docx_bench/results/redlines_0929_full/docxodus/pdf_by_word/61e3967518_0011e415331e3b2d8031efcfcfecbb68df0f0b73b26350ce__vs__333bfe069a_003416d620331122b93b434dad901db5836f60d2cad4b533_redline_be1cdf6d38_docxodus.pdf,aac9544121c6c363ea66f88a0cca1766104b620e341f2dc41fb2ba65be19b93b
9c1fb4747e_super_editor__sd_1495_auto_page_break_854a2dd9__vs__14211b982b_super_editor__simple_ordered_list_8288421a_redline_be40dcd167,be40dcd167,tracking_without_comments,word_redlines_superdoc_0926,corpus,/Users/arthrod/temp/T/neurotic_docx_bench/corpus/word/tracking_without_comments/pdf/9c1fb4747e_super_editor__sd_1495_auto_page_break_854a2dd9__vs__14211b982b_super_editor__simple_ordered_list_8288421a_redline_be40dcd167.pdf,04f89fd25f97d5fa896d18a2f117a5023e0e998cb4994dd5a41019bc3588eb54,/Users/arthrod/temp/T/neurotic_docx_bench/results/redlines_0929_full/docxodus/pdf_by_word/9c1fb4747e_super_editor__sd_1495_auto_page_break_854a2dd9__vs__14211b982b_super_editor__simple_ordered_list_8288421a_redline_b4bafdd04d_docxodus.pdf,5ac513805f808e70846d6ec9c7ce708554c251a7518aa055c4a8e6f4520d33b2
432bf1c280_010684299d3c5523897eb69efb8c1c743c0a7623137d64fe__vs__333bfe069a_003416d620331122b93b434dad901db5836f60d2cad4b533_redline_be5af1ebf5,be5af1ebf5,tracking_without_comments,redlines_a100_b10,corpus,/Users/arthrod/temp/T/neurotic_docx_bench/corpus/word/tracking_without_comments/pdf/432bf1c280_010684299d3c5523897eb69efb8c1c743c0a7623137d64fe__vs__333bfe069a_003416d620331122b93b434dad901db5836f60d2cad4b533_redline_be5af1ebf5.pdf,a06cae7181d04b0de7ec61f568ba30dde7bb3dba596f1eef82dd3e55a8755323,,
ef7218d9e8_001893584bf94ff30c98db48cb8a0ea0ea5abc048f3e1a4d__vs__2e04202552_000e3e7bd2d6215fc7b469cc3e296c1b2a510bc1abc7e0fd_redline_bedd714410,bedd714410,tracking_without_comments,redlines_a100_b10,corpus,/Users/arthrod/temp/T/neurotic_docx_bench/corpus/word/tracking_without_comments/pdf/ef7218d9e8_001893584bf94ff30c98db48cb8a0ea0ea5abc048f3e1a4d__vs__2e04202552_000e3e7bd2d6215fc7b469cc3e296c1b2a510bc1abc7e0fd_redline_bedd714410.pdf,27c91d1180b711c9902fbcfd906aa59907d9b13b9497edbafdacc7185128f871,/Users/arthrod/temp/T/neurotic_docx_bench/results/redlines_0929_full/docxodus/pdf_by_word/ef7218d9e8_001893584bf94ff30c98db48cb8a0ea0ea5abc048f3e1a4d__vs__2e04202552_000e3e7bd2d6215fc7b469cc3e296c1b2a510bc1abc7e0fd_redline_bedd714410_docxodus.pdf,2942510baea46eaa0fa22d2ee6b8c8fd71cbd2293835aab6604aa1beee6658ac
13da8d3a5b_times_new_roman_font_id_paraid_overflow__vs__4c4f8515c5_title_style_centered_demo_id_paraid_overflow_redline_bfeccef137,bfeccef137,tracking_without_comments,fixtures_word_compares;pdf_fill_0928,fresh,/Users/arthrod/temp/T/compare_regen/out/bfeccef137__vs__bfeccef137.pdf,9a64a1d6633efadd75fdd3a314af6c019b11a2c4aba3a6453c247918ec5a9c3a,/Users/arthrod/temp/T/neurotic_docx_bench/results/redlines_0929_full/docxodus/pdf_by_word/13da8d3a5b_times_new_roman_font_id_paraid_overflow__vs__4c4f8515c5_title_style_centered_demo_id_paraid_overflow_redline_1779634f9b_docxodus.pdf,88284509c075e4d84319ea7d44c5d1529985d4b8d757df4699fe7974cddbdf58
0b2a46481b_nested_table_rowspan__vs__bdd82b239b_numbered_list_demo_id_paraid_overflow_redline_c053ccd3b8,c053ccd3b8,tracking_without_comments,word_based;fixtures_word_compares,fresh,/Users/arthrod/temp/T/compare_regen/out/c053ccd3b8__vs__c053ccd3b8.pdf,8f520f4038cc917ceac7e2bbe3628faf737279786383701ddf885ab3ea5316d0,/Users/arthrod/temp/T/neurotic_docx_bench/results/redlines_0929_full/docxodus/pdf_by_word/0b2a46481b_nested_table_rowspan__vs__bdd82b239b_numbered_list_demo_id_paraid_overflow_redline_c053ccd3b8_docxodus.pdf,6a6cd31ecc3da7c38b8bcf66b69ad8c7965b11bfd18d94b8ed6c2d718f8ea881
3f9e57ae11_file_156__vs__6f510caeea_file_157_redline_c066ed0986,c066ed0986,tracking_without_comments,word_based_randomized_0926,corpus,/Users/arthrod/temp/T/neurotic_docx_bench/corpus/word/tracking_without_comments/pdf/3f9e57ae11_file_156__vs__6f510caeea_file_157_redline_c066ed0986.pdf,80eabd4f34e7bb9f6a4ddac1e13b5dbfe6c78b5f61500ab52f24e7a5eb7a9592,/Users/arthrod/temp/T/neurotic_docx_bench/results/redlines_0929_full/docxodus/pdf_by_word/3f9e57ae11_file_156__vs__6f510caeea_file_157_redline_b98c8775af_docxodus.pdf,4657a8c9f1fb623e53ca04ea3026e6f0ef979d68a624ee8622eb478600629df9
b6f757462e_0006f7905281867ab0d0a45d88f88f72e2c15efbd9a8ed69__vs__deff0e697a_00b5defcad6e58038eac35472a2d48c89905068e5ece0cc3_redline_c0d5b06bcf,c0d5b06bcf,tracking_without_comments,redlines_a100_b10,corpus,/Users/arthrod/temp/T/neurotic_docx_bench/corpus/word/tracking_without_comments/pdf/b6f757462e_0006f7905281867ab0d0a45d88f88f72e2c15efbd9a8ed69__vs__deff0e697a_00b5defcad6e58038eac35472a2d48c89905068e5ece0cc3_redline_c0d5b06bcf.pdf,b2130d3d6e1aca0f1232ea404844c8f9673d34fdbba16cda1e793bf0506d070c,/Users/arthrod/temp/T/neurotic_docx_bench/results/redlines_0929_full/docxodus/pdf_by_word/b6f757462e_0006f7905281867ab0d0a45d88f88f72e2c15efbd9a8ed69__vs__deff0e697a_00b5defcad6e58038eac35472a2d48c89905068e5ece0cc3_redline_c0d5b06bcf_docxodus.pdf,8b66c4d554efce7ad6dfdede43f6a57c8dd142f1f71d8096c9afcf1e13fd795c
8fb278cb36_word_tolerated_duplicate_ppr__vs__59e262115f_super_editor__features_redlines_comments_annotat_redline_c12ee3e25e,c12ee3e25e,tracking_without_comments,word_redlines_superdoc,corpus,/Users/arthrod/temp/T/neurotic_docx_bench/corpus/word/tracking_without_comments/pdf/8fb278cb36_word_tolerated_duplicate_ppr__vs__59e262115f_super_editor__features_redlines_comments_annotat_redline_c12ee3e25e.pdf,e4de7a23fa8125e9f48548efecb13be6c0c543fca38df29490ad96095cdbd683,/Users/arthrod/temp/T/neurotic_docx_bench/results/redlines_0929_full/docxodus/pdf_by_word/8fb278cb36_word_tolerated_duplicate_ppr__vs__59e262115f_super_editor__features_redlines_comments_annotat_redline_c12ee3e25e_docxodus.pdf,cf974f57ce1d29f18589d39c06b44b2a88b1d3e4eea5eb3f961c7232c5453ace
c280ce0f40_019d92d986c5ba33a57df54db0056f3731e3254fcbe8ac65__vs__2e04202552_000e3e7bd2d6215fc7b469cc3e296c1b2a510bc1abc7e0fd_redline_c1ee3ae6c5,c1ee3ae6c5,tracking_without_comments,redlines_a100_b10,corpus,/Users/arthrod/temp/T/neurotic_docx_bench/corpus/word/tracking_without_comments/pdf/c280ce0f40_019d92d986c5ba33a57df54db0056f3731e3254fcbe8ac65__vs__2e04202552_000e3e7bd2d6215fc7b469cc3e296c1b2a510bc1abc7e0fd_redline_c1ee3ae6c5.pdf,915b2c2c7c89a56b21052e28d5f7b61f2b35a6c07ff4d7342b67993bdad58c59,,
432bf1c280_010684299d3c5523897eb69efb8c1c743c0a7623137d64fe__vs__1424386e9b_017447de83753a0e3b7afc659df038ef56972925336c6a5b_redline_c323b1ce8e,c323b1ce8e,tracking_without_comments,redlines_a100_b10,corpus,/Users/arthrod/temp/T/neurotic_docx_bench/corpus/word/tracking_without_comments/pdf/432bf1c280_010684299d3c5523897eb69efb8c1c743c0a7623137d64fe__vs__1424386e9b_017447de83753a0e3b7afc659df038ef56972925336c6a5b_redline_c323b1ce8e.pdf,ac79025639a5e3d1f94cb0e2afc68b112288a06a5b26569143452430a58594ba,,
eb2f3c86b5_vfdsdfcacawesd_suggesting_mixed_edits__vs__cefef4e4f5_yellow_highlight_demo_id_paraid_overflow_redline_c3b9905920,c3b9905920,with_comments_tracking,word_based_0926,fresh,/Users/arthrod/temp/T/compare_regen/out/c3b9905920__vs__c3b9905920.pdf,053b4f3e82e7247ecd8104a453bb4d5c17b2635cf52fed59cbc77247e17ed0a4,/Users/arthrod/temp/T/neurotic_docx_bench/results/redlines_0929_full/docxodus/pdf_by_word/eb2f3c86b5_vfdsdfcacawesd_suggesting_mixed_edits__vs__cefef4e4f5_yellow_highlight_demo_id_paraid_overflow_redline_913d076e79_docxodus.pdf,c2b84a55987d959a89bde538789392fce2f45f7b4cec0e6263ca9e8ed5ee5881
5ad6e6d44f_0199027cbf967c88ab833b77e5bc5d629bacecbd40a87c26__vs__deff0e697a_00b5defcad6e58038eac35472a2d48c89905068e5ece0cc3_redline_c3e476cddb,c3e476cddb,tracking_without_comments,redlines_a100_b10,corpus,/Users/arthrod/temp/T/neurotic_docx_bench/corpus/word/tracking_without_comments/pdf/5ad6e6d44f_0199027cbf967c88ab833b77e5bc5d629bacecbd40a87c26__vs__deff0e697a_00b5defcad6e58038eac35472a2d48c89905068e5ece0cc3_redline_c3e476cddb.pdf,400e8f9737c5454e2854f087cc3f6e1ea644539ca324b4d5a067625918a9a54b,/Users/arthrod/temp/T/neurotic_docx_bench/results/redlines_0929_full/docxodus/pdf_by_word/5ad6e6d44f_0199027cbf967c88ab833b77e5bc5d629bacecbd40a87c26__vs__deff0e697a_00b5defcad6e58038eac35472a2d48c89905068e5ece0cc3_redline_c3e476cddb_docxodus.pdf,1f8bca06f8c2b895466d86577455132d0ccb773078e15075f2a6a1c871adc81a
5900cc12ca_file_29__vs__5320da1b60_file_30_redline_c41217de00,c41217de00,tracking_without_comments,word_based_randomized_0926,corpus,/Users/arthrod/temp/T/neurotic_docx_bench/corpus/word/tracking_without_comments/pdf/5900cc12ca_file_29__vs__5320da1b60_file_30_redline_c41217de00.pdf,f1ca6925ea5aaad126ae0ba59f58e14a2ce11544216724b0084f1db838eb14eb,/Users/arthrod/temp/T/neurotic_docx_bench/results/redlines_0929_full/docxodus/pdf_by_word/5900cc12ca_file_29__vs__5320da1b60_file_30_redline_2943d4098b_docxodus.pdf,5919dff38fd251b8ea7af44fdb3dbd26b3efe0d310cbd274f7864dc2b673ea7f
bdf199d4af_file_61__vs__2a9c68ed33_file_62_redline_c468945d63,c468945d63,tracking_without_comments,word_based_randomized_0926,corpus,/Users/arthrod/temp/T/neurotic_docx_bench/corpus/word/tracking_without_comments/pdf/bdf199d4af_file_61__vs__2a9c68ed33_file_62_redline_c468945d63.pdf,c6cbe952d39c72aa1207399be03d903d3717d80ae9efb9dfc1b9d114270f1e94,/Users/arthrod/temp/T/neurotic_docx_bench/results/redlines_0929_full/docxodus/pdf_by_word/bdf199d4af_file_61__vs__2a9c68ed33_file_62_redline_6354242df2_docxodus.pdf,bfef3ad5eff74af7ee6ca8923c3616bc518e58ccb0b1430a2bcd40f2fa29bd29
aa58aada65_00160046fb2516a560a9681d7ae3e6f4659af57d19555d4e__vs__342f364d46_001342333d45627868f4dc5282abbba4598a91b4a7584b08_redline_c46a258659,c46a258659,tracking_without_comments,redlines_a100_b10,corpus,/Users/arthrod/temp/T/neurotic_docx_bench/corpus/word/tracking_without_comments/pdf/aa58aada65_00160046fb2516a560a9681d7ae3e6f4659af57d19555d4e__vs__342f364d46_001342333d45627868f4dc5282abbba4598a91b4a7584b08_redline_c46a258659.pdf,c27207e01307e842d8b6e3cf563415222077e78b14ff1a3685b4b35dc841d22d,/Users/arthrod/temp/T/neurotic_docx_bench/results/redlines_0929_full/docxodus/pdf_by_word/aa58aada65_00160046fb2516a560a9681d7ae3e6f4659af57d19555d4e__vs__342f364d46_001342333d45627868f4dc5282abbba4598a91b4a7584b08_redline_c46a258659_docxodus.pdf,1209095e2bfc94c62717bc60802fd78acc5e5aa5cc835c340bec8add9958056e
4640e71ddd_0062ef190840d69d26aa6ecec30a8cb25f8e1506cee20dac__vs__342f364d46_001342333d45627868f4dc5282abbba4598a91b4a7584b08_redline_c486f3a829,c486f3a829,tracking_without_comments,redlines_a100_b10,corpus,/Users/arthrod/temp/T/neurotic_docx_bench/corpus/word/tracking_without_comments/pdf/4640e71ddd_0062ef190840d69d26aa6ecec30a8cb25f8e1506cee20dac__vs__342f364d46_001342333d45627868f4dc5282abbba4598a91b4a7584b08_redline_c486f3a829.pdf,57557a1006862cdcb81cebce3c9f1384bb674d48680305a146bd5484c97f596f,,
48cd1e0a53_bold_and_italic_combo_style_default_missing__vs__187c1cd53e_bold_and_underline_combo_id_paraid_overflow_redline_c4e9d43965,c4e9d43965,tracking_without_comments,word_based,corpus,/Users/arthrod/temp/T/neurotic_docx_bench/corpus/word/tracking_without_comments/pdf/48cd1e0a53_bold_and_italic_combo_style_default_missing__vs__187c1cd53e_bold_and_underline_combo_id_paraid_overflow_redline_c4e9d43965.pdf,cca7e8d0995a1fc8d259c489278ff6b4c269545ce9efcbf3b548d73919f0914e,/Users/arthrod/temp/T/neurotic_docx_bench/results/redlines_0929_full/docxodus/pdf_by_word/48cd1e0a53_bold_and_italic_combo_style_default_missing__vs__187c1cd53e_bold_and_underline_combo_id_paraid_overflow_redline_adb78cb375_docxodus.pdf,196c789331eeb950b6ff65121e955a803ba527e2ba0c67e246abb1af3dd2ab57
95c855b9a0_001671bbb68c5b9ebebebfc8be69252ccc195babb3129278__vs__2e04202552_000e3e7bd2d6215fc7b469cc3e296c1b2a510bc1abc7e0fd_redline_c56e84eaea,c56e84eaea,tracking_without_comments,redlines_a100_b10,corpus,/Users/arthrod/temp/T/neurotic_docx_bench/corpus/word/tracking_without_comments/pdf/95c855b9a0_001671bbb68c5b9ebebebfc8be69252ccc195babb3129278__vs__2e04202552_000e3e7bd2d6215fc7b469cc3e296c1b2a510bc1abc7e0fd_redline_c56e84eaea.pdf,b4b75df4027a5ea1381d64e13e0d0e76b2466cb654519c2418ffa0945f7d1dec,/Users/arthrod/temp/T/neurotic_docx_bench/results/redlines_0929_full/docxodus/pdf_by_word/95c855b9a0_001671bbb68c5b9ebebebfc8be69252ccc195babb3129278__vs__2e04202552_000e3e7bd2d6215fc7b469cc3e296c1b2a510bc1abc7e0fd_redline_c56e84eaea_docxodus.pdf,e22f81330f38576617e296054754860f8df34b17e65bf4a0089b7906ff0c6a8d
6a4d8ea70c_blue_italic_text_demo_id_paraid_overflow__vs__2efebc9bc3_blue_underline_combo_demo_id_paraid_overflow_redline_c5995bc106,c5995bc106,tracking_without_comments,word_based,corpus,/Users/arthrod/temp/T/neurotic_docx_bench/corpus/word/tracking_without_comments/pdf/6a4d8ea70c_blue_italic_text_demo_id_paraid_overflow__vs__2efebc9bc3_blue_underline_combo_demo_id_paraid_overflow_redline_c5995bc106.pdf,276046c2f2e6309b4401e48efd3500ec07a9753a74231ff7ea32ff6f7ed4fa6c,/Users/arthrod/temp/T/neurotic_docx_bench/results/redlines_0929_full/docxodus/pdf_by_word/6a4d8ea70c_blue_italic_text_demo_id_paraid_overflow__vs__2efebc9bc3_blue_underline_combo_demo_id_paraid_overflow_redline_3e31f3e5ec_docxodus.pdf,a1b719413aeb5ada69906687049a66d7c8b10ec7244d21f1de62dfacd6a03af4
668fe0a735_super_editor__ooxml_bold_vals_demo_9e688d8f__vs__e70f1134dd_super_editor__diff_before8_ba5faa9e_redline_c615c2d56c,c615c2d56c,with_comments_tracking,word_redlines_superdoc,fresh,/Users/arthrod/temp/T/compare_regen/out/c615c2d56c__vs__c615c2d56c.pdf,ee2ea33a46cce85e99d1f2c469156b24c23f7e787d3a62d53687f9f568767834,/Users/arthrod/temp/T/neurotic_docx_bench/results/redlines_0929_full/docxodus/pdf_by_word/668fe0a735_super_editor__ooxml_bold_vals_demo_9e688d8f__vs__e70f1134dd_super_editor__diff_before8_ba5faa9e_redline_1032d784bc_docxodus.pdf,ab629591238bb6896792e3daa5797bab3f1ea4aa42c63f7ae3a0c89d9f16a647
d6229441a5_0022208cff905cd74261067032c22afa148e0f63496c7f66__vs__333bfe069a_003416d620331122b93b434dad901db5836f60d2cad4b533_redline_c68bde126f,c68bde126f,tracking_without_comments,redlines_a100_b10,corpus,/Users/arthrod/temp/T/neurotic_docx_bench/corpus/word/tracking_without_comments/pdf/d6229441a5_0022208cff905cd74261067032c22afa148e0f63496c7f66__vs__333bfe069a_003416d620331122b93b434dad901db5836f60d2cad4b533_redline_c68bde126f.pdf,2589d322323fc759c5bad5d0d2492777938f64cd62c1b2a9fa7883791b3b3d07,/Users/arthrod/temp/T/neurotic_docx_bench/results/redlines_0929_full/docxodus/pdf_by_word/d6229441a5_0022208cff905cd74261067032c22afa148e0f63496c7f66__vs__333bfe069a_003416d620331122b93b434dad901db5836f60d2cad4b533_redline_c68bde126f_docxodus.pdf,fd33ab20ba84e978f47c15d5d173cf50123f8a36f4338ad81eed2923380a1f0f
c512c8de7e_file_142__vs__eac167172d_file_143_redline_c6e5577115,c6e5577115,tracking_without_comments,nocomments_randomized,corpus,/Users/arthrod/temp/T/neurotic_docx_bench/corpus/word/tracking_without_comments/pdf/c512c8de7e_file_142__vs__eac167172d_file_143_redline_c6e5577115.pdf,60ed33734995e6f9fa30860f396f7eeff11cd73aadce3f68f7bbb8652b73d486,/Users/arthrod/temp/T/neurotic_docx_bench/results/redlines_0929_full/docxodus/pdf_by_word/c512c8de7e_file_142__vs__eac167172d_file_143_redline_c6e5577115_docxodus.pdf,08e7b161625fa539b01369c2d999cb7db93ddffd438daa515bf5a00733494177
95c855b9a0_001671bbb68c5b9ebebebfc8be69252ccc195babb3129278__vs__342f364d46_001342333d45627868f4dc5282abbba4598a91b4a7584b08_redline_c7a0e469ba,c7a0e469ba,tracking_without_comments,redlines_a100_b10,corpus,/Users/arthrod/temp/T/neurotic_docx_bench/corpus/word/tracking_without_comments/pdf/95c855b9a0_001671bbb68c5b9ebebebfc8be69252ccc195babb3129278__vs__342f364d46_001342333d45627868f4dc5282abbba4598a91b4a7584b08_redline_c7a0e469ba.pdf,2119a8460422becda8ab0b0018b5917d9cec1469b4438f2b3f59bbd422c6bdce,/Users/arthrod/temp/T/neurotic_docx_bench/results/redlines_0929_full/docxodus/pdf_by_word/95c855b9a0_001671bbb68c5b9ebebebfc8be69252ccc195babb3129278__vs__342f364d46_001342333d45627868f4dc5282abbba4598a91b4a7584b08_redline_c7a0e469ba_docxodus.pdf,8b2f8878b1b80c5f7b40389eadafd0f18f3e5743a46485679d702c114e80ab64
fdb2976d19_01415d08f6d1a428e6949533adcd6249cf25676d98d0b78c__vs__2e04202552_000e3e7bd2d6215fc7b469cc3e296c1b2a510bc1abc7e0fd_redline_c87d6d7acc,c87d6d7acc,tracking_without_comments,redlines_a100_b10,corpus,/Users/arthrod/temp/T/neurotic_docx_bench/corpus/word/tracking_without_comments/pdf/fdb2976d19_01415d08f6d1a428e6949533adcd6249cf25676d98d0b78c__vs__2e04202552_000e3e7bd2d6215fc7b469cc3e296c1b2a510bc1abc7e0fd_redline_c87d6d7acc.pdf,e864d6cd70ea87670318835af3cf3b42ae3209055f9f7a78137261e1bf26865b,/Users/arthrod/temp/T/neurotic_docx_bench/results/redlines_0929_full/docxodus/pdf_by_word/fdb2976d19_01415d08f6d1a428e6949533adcd6249cf25676d98d0b78c__vs__2e04202552_000e3e7bd2d6215fc7b469cc3e296c1b2a510bc1abc7e0fd_redline_c87d6d7acc_docxodus.pdf,763f8c037af9271240575abb6345d56694fdeed9a472717e384efcfa6c306b9d
3f4801c5c0_project_plan_suggesting_insertions__vs__8cecb6c042_project_proposal_id_paraid_overflow_redline_c88669a862,c88669a862,tracking_without_comments,nocomments,corpus,/Users/arthrod/temp/T/neurotic_docx_bench/corpus/word/tracking_without_comments/pdf/3f4801c5c0_project_plan_suggesting_insertions__vs__8cecb6c042_project_proposal_id_paraid_overflow_redline_c88669a862.pdf,05ef93b21cc6ae050d8726a1c04bb8014e72014aeea9241dbf966edc31ff5d76,/Users/arthrod/temp/T/neurotic_docx_bench/results/redlines_0929_full/docxodus/pdf_by_word/3f4801c5c0_project_plan_suggesting_insertions__vs__8cecb6c042_project_proposal_id_paraid_overflow_redline_c88669a862_docxodus.pdf,089da16f64f00c2e709a4755657ed7c97a6645672d9968c002bcadd276441027
ced58cbf54_super_editor__sd_1494_table_left_indent_03277d35__vs__45f61cfd4f_super_editor__sd_1495_auto_page_break_2_f0f3bf0e_redline_ca80876718,ca80876718,tracking_without_comments,word_redlines_superdoc_0926,corpus,/Users/arthrod/temp/T/neurotic_docx_bench/corpus/word/tracking_without_comments/pdf/ced58cbf54_super_editor__sd_1494_table_left_indent_03277d35__vs__45f61cfd4f_super_editor__sd_1495_auto_page_break_2_f0f3bf0e_redline_ca80876718.pdf,ab4318529217449a5e18828ddb348cfa9e2f0d5196b2f90ac8481f2dac15c438,/Users/arthrod/temp/T/neurotic_docx_bench/results/redlines_0929_full/docxodus/pdf_by_word/ced58cbf54_super_editor__sd_1494_table_left_indent_03277d35__vs__45f61cfd4f_super_editor__sd_1495_auto_page_break_2_f0f3bf0e_redline_2324d07904_docxodus.pdf,cfe674c39252aee6439dfe3bfa6e8c606ddfd6e59240378e84d0372018eb549b
ee61fb4ab3_super_editor__base_ordered_fdff1fb2__vs__f529133cd5_super_editor__basic_comment_d3ba5f1e_redline_cb0a7d2c98,cb0a7d2c98,with_comments_tracking,word_redlines_superdoc_0926,fresh,/Users/arthrod/temp/T/compare_regen/out/cb0a7d2c98__vs__cb0a7d2c98.pdf,348834f4444c19e43d99f4923a42b84b32cb73bde38618d5c422f73be59bb7d8,/Users/arthrod/temp/T/neurotic_docx_bench/results/redlines_0929_full/docxodus/pdf_by_word/ee61fb4ab3_super_editor__base_ordered_fdff1fb2__vs__f529133cd5_super_editor__basic_comment_d3ba5f1e_redline_cb0a7d2c98_docxodus.pdf,ab327ca93c06770624aa5d37b256b590943c87fac114c896a8f562216efd5f34
dc2d9eeccb_file_40__vs__42df4a13aa_file_41_redline_cb0c07e105,cb0c07e105,tracking_without_comments,word_based_randomized_0926,corpus,/Users/arthrod/temp/T/neurotic_docx_bench/corpus/word/tracking_without_comments/pdf/dc2d9eeccb_file_40__vs__42df4a13aa_file_41_redline_cb0c07e105.pdf,897740d2efbbb68b8af12e1b389139ad8f3d7a5ef9697bd0cd793f2782f6fc10,/Users/arthrod/temp/T/neurotic_docx_bench/results/redlines_0929_full/docxodus/pdf_by_word/dc2d9eeccb_file_40__vs__42df4a13aa_file_41_redline_cb0c07e105_docxodus.pdf,266a2d2356732681f1678f33c41ef59c88611b3102ca9cb0fbdf2391cad40e11
0bf5192ed0_00afb3e6b2bb1a5ab1e1770ba41f6f455f87472d24ab2767__vs__1424386e9b_017447de83753a0e3b7afc659df038ef56972925336c6a5b_redline_cba1b8223c,cba1b8223c,tracking_without_comments,redlines_a100_b10,corpus,/Users/arthrod/temp/T/neurotic_docx_bench/corpus/word/tracking_without_comments/pdf/0bf5192ed0_00afb3e6b2bb1a5ab1e1770ba41f6f455f87472d24ab2767__vs__1424386e9b_017447de83753a0e3b7afc659df038ef56972925336c6a5b_redline_cba1b8223c.pdf,1f9006b6834ce25ad04db807ad0cda58f2aa435d398cd938af456c4e502f2fa6,/Users/arthrod/temp/T/neurotic_docx_bench/results/redlines_0929_full/docxodus/pdf_by_word/0bf5192ed0_00afb3e6b2bb1a5ab1e1770ba41f6f455f87472d24ab2767__vs__1424386e9b_017447de83753a0e3b7afc659df038ef56972925336c6a5b_redline_cba1b8223c_docxodus.pdf,daaa9160eb4a931f11ba6d6af3eb8b3a042fa1b0313156a4e65297afe17e86d4
d93f1dafca_sample_document_word_repair_of_our_output_iter2__vs__970fd9303f_sample_document_word_repair_of_our_output_word_r_redline_cbd854cb68,cbd854cb68,with_comments_tracking,word_based_0926,fresh,/Users/arthrod/temp/T/compare_regen/out/cbd854cb68__vs__cbd854cb68.pdf,cbeafbc2079b1172bcf3ca5e3d5d48b4f8393fee8e876610822920484dfaf281,/Users/arthrod/temp/T/neurotic_docx_bench/results/redlines_0929_full/docxodus/pdf_by_word/d93f1dafca_sample_document_word_repair_of_our_output_iter2__vs__970fd9303f_sample_document_word_repair_of_our_output_word_r_redline_ace788a217_docxodus.pdf,e4556c6ab8f8a50b790cbd31f0abac772914b4706181aa09b8157ab70f253cd8
dc5d0f4350_f569a8b7a88800ca28451782130c35f897ec727ca8750a85__vs__ba6721eed7_1a61978f0ea0ee2ec6a626de46a977c15f84fe45e8c06d43_redline_cbf65aa629,cbf65aa629,tracking_without_comments,redlines_en_500,corpus,/Users/arthrod/temp/T/neurotic_docx_bench/corpus/word/tracking_without_comments/pdf/dc5d0f4350_f569a8b7a88800ca28451782130c35f897ec727ca8750a85__vs__ba6721eed7_1a61978f0ea0ee2ec6a626de46a977c15f84fe45e8c06d43_redline_cbf65aa629.pdf,17cad3866ca2389ab0e08189ef7af656266145b00e47e77dbf2bf4cd64bf2ef3,,
e70f1134dd_super_editor__diff_before8_ba5faa9e__vs__a5903a7c15_super_editor__pci_table_dc840852_redline_ccc5f1207c,ccc5f1207c,with_comments_tracking,word_redlines_superdoc_0926,fresh,/Users/arthrod/temp/T/compare_regen/out/ccc5f1207c__vs__ccc5f1207c.pdf,613be3dbfa69068124a71cc61987e97e17bda5a5eddef0a62471ffa5a8f7dc7c,/Users/arthrod/temp/T/neurotic_docx_bench/results/redlines_0929_full/docxodus/pdf_by_word/e70f1134dd_super_editor__diff_before8_ba5faa9e__vs__a5903a7c15_super_editor__pci_table_dc840852_redline_8d775d42d1_docxodus.pdf,d7288b334f979561a6d9c15388e50f0868d165ecc675291b3abe23c1d627f9f1
8b3bfdf247_calibri_bold_italic_demo_id_paraid_overflow__vs__9297fc746e_calibri_font_demo_id_paraid_overflow_2_redline_cd116dcfa3,cd116dcfa3,tracking_without_comments,fixtures_word_compares;pdf_fill_0928,fresh,/Users/arthrod/temp/T/compare_regen/out/cd116dcfa3__vs__cd116dcfa3.pdf,f04e329734871bde33824a3f02318df31c8ed9d8b3374f124dc63a46d1be5ff4,/Users/arthrod/temp/T/neurotic_docx_bench/results/redlines_0929_full/docxodus/pdf_by_word/8b3bfdf247_calibri_bold_italic_demo_id_paraid_overflow__vs__9297fc746e_calibri_font_demo_id_paraid_overflow_2_redline_02e4be5909_docxodus.pdf,bbc51395c46fdfe4f8e1eb8b992ec44e5e5e9bc26806ef11e505945f4a2bcf0e
a7bce539e1_c01d8d723db353c3d44bc000eef8cb64cf05710ff39e6263__vs__c03ff52e4d_e022c44716b9213b4aa69931b79685a1f711443b13ea8945_redline_cd49552c60,cd49552c60,tracking_without_comments,redlines_en_500,corpus,/Users/arthrod/temp/T/neurotic_docx_bench/corpus/word/tracking_without_comments/pdf/a7bce539e1_c01d8d723db353c3d44bc000eef8cb64cf05710ff39e6263__vs__c03ff52e4d_e022c44716b9213b4aa69931b79685a1f711443b13ea8945_redline_cd49552c60.pdf,cb0c84e667264220fe3576ba71596f655a20de1e7cb8605c0b7699fd60c4bfa5,/Users/arthrod/temp/T/neurotic_docx_bench/results/redlines_0929_full/docxodus/pdf_by_word/a7bce539e1_c01d8d723db353c3d44bc000eef8cb64cf05710ff39e6263__vs__c03ff52e4d_e022c44716b9213b4aa69931b79685a1f711443b13ea8945_redline_cd49552c60_docxodus.pdf,81fc3096b149a3afa1a4e7aade63ba96139f39b1f154a3189587be93c5720d71
1f4891aebe_large_font_size_demo_id_paraid_overflow__vs__b4ba29d456_left_alignment_demo_id_paraid_overflow_redline_cd5dceca39,cd5dceca39,tracking_without_comments,fixtures_word_compares;pdf_fill_0928,fresh,/Users/arthrod/temp/T/compare_regen/out/cd5dceca39__vs__cd5dceca39.pdf,284037a32e87b4d2013176f7c1efdffa8574bb2931cab4e3f54ec04dccde6e21,/Users/arthrod/temp/T/neurotic_docx_bench/results/redlines_0929_full/docxodus/pdf_by_word/1f4891aebe_large_font_size_demo_id_paraid_overflow__vs__b4ba29d456_left_alignment_demo_id_paraid_overflow_redline_55e7a12ff4_docxodus.pdf,a1a4fe8d6dabf687be9e1f116cbf43870f6f4b12aa77e6cfe10b3aaa6ffbda66
fd68f70f24_super_editor__ooxml_highlight_rstyle_linked_comb__vs__a04e2d2749_ooxml_style_link_redline_cd87b11974,cd87b11974,tracking_without_comments,word_redlines_superdoc,corpus,/Users/arthrod/temp/T/neurotic_docx_bench/corpus/word/tracking_without_comments/pdf/fd68f70f24_super_editor__ooxml_highlight_rstyle_linked_comb__vs__a04e2d2749_ooxml_style_link_redline_cd87b11974.pdf,bfb76996ec43d6d190a603f26b442e41b43b328137c7880941b320b1d0a19e64,/Users/arthrod/temp/T/neurotic_docx_bench/results/redlines_0929_full/docxodus/pdf_by_word/fd68f70f24_super_editor__ooxml_highlight_rstyle_linked_comb__vs__a04e2d2749_ooxml_style_link_redline_bc6acbef20_docxodus.pdf,f9deb9e7e62088a7fa6e8b123624820ca50ae9552d073069a90b451870b9eb69
c280ce0f40_019d92d986c5ba33a57df54db0056f3731e3254fcbe8ac65__vs__deff0e697a_00b5defcad6e58038eac35472a2d48c89905068e5ece0cc3_redline_ce0d116e9d,ce0d116e9d,tracking_without_comments,redlines_a100_b10,corpus,/Users/arthrod/temp/T/neurotic_docx_bench/corpus/word/tracking_without_comments/pdf/c280ce0f40_019d92d986c5ba33a57df54db0056f3731e3254fcbe8ac65__vs__deff0e697a_00b5defcad6e58038eac35472a2d48c89905068e5ece0cc3_redline_ce0d116e9d.pdf,da24d43797c7e779acefb431093979d4d050f92ca2267fd54cc41440800b82b4,,
f795b96ac4_behavior__math_delimiter_tests_c9d034dc__vs__e3d152989b_behavior__math_eqarr_tests_40a1adb0_redline_ce245f5959,ce245f5959,tracking_without_comments,word_redlines_superdoc,corpus,/Users/arthrod/temp/T/neurotic_docx_bench/corpus/word/tracking_without_comments/pdf/f795b96ac4_behavior__math_delimiter_tests_c9d034dc__vs__e3d152989b_behavior__math_eqarr_tests_40a1adb0_redline_ce245f5959.pdf,a0124f344106adae0edb9535050ad09d91b0698acfedba25c8cdd7d6d5f468d0,/Users/arthrod/temp/T/neurotic_docx_bench/results/redlines_0929_full/docxodus/pdf_by_word/f795b96ac4_behavior__math_delimiter_tests_c9d034dc__vs__e3d152989b_behavior__math_eqarr_tests_40a1adb0_redline_5f586771fd_docxodus.pdf,5e80c1023662e6fcb5fc1ae52d3e1b60ca5a7dd4a342c0b99fa95a3953906f5a
5e8b43bd70_training_materials_onboarding_program_suggesting__vs__b7c9d27632_underline_text_demo_id_paraid_overflow_redline_ce280b5e4c,ce280b5e4c,tracking_without_comments,word_based,corpus,/Users/arthrod/temp/T/neurotic_docx_bench/corpus/word/tracking_without_comments/pdf/5e8b43bd70_training_materials_onboarding_program_suggesting__vs__b7c9d27632_underline_text_demo_id_paraid_overflow_redline_ce280b5e4c.pdf,832fcf0abb5d29951896ec311cdaa992534a810f69887a88179e16d8357ebc38,/Users/arthrod/temp/T/neurotic_docx_bench/results/redlines_0929_full/docxodus/pdf_by_word/5e8b43bd70_training_materials_onboarding_program_suggesting__vs__b7c9d27632_underline_text_demo_id_paraid_overflow_redline_55646200ab_docxodus.pdf,8c6544d024c2721d724edf64b2f896aaf7db5294b911299096d59bba33cdb02e
dd6dbfb284_super_editor__diff_after2_fc1e0763__vs__c51843a182_super_editor__diff_after3_3f4fb6e8_redline_ce452c2155,ce452c2155,tracking_without_comments,word_redlines_superdoc_0926,corpus,/Users/arthrod/temp/T/neurotic_docx_bench/corpus/word/tracking_without_comments/pdf/dd6dbfb284_super_editor__diff_after2_fc1e0763__vs__c51843a182_super_editor__diff_after3_3f4fb6e8_redline_ce452c2155.pdf,4e62120ce678513a621c47eeb7933b0110caa972f6c29457821f1b131e83b361,/Users/arthrod/temp/T/neurotic_docx_bench/results/redlines_0929_full/docxodus/pdf_by_word/dd6dbfb284_super_editor__diff_after2_fc1e0763__vs__c51843a182_super_editor__diff_after3_3f4fb6e8_redline_b443fb9207_docxodus.pdf,155ee989b7e266e01bf75bf121e9e7cbd8514ecc4be4300fc38c3fcc52b4bc27
8df6dfa8d7_alternate_content__vs__accec0538a_anchor_images_redline_cee35a2633,cee35a2633,tracking_without_comments,word_based_0926,fresh,/Users/arthrod/temp/T/compare_regen/out/cee35a2633__vs__cee35a2633.pdf,435d5c9825405dec23ebd02f6ef938be49de9b84ad31db20b3fb87a778a13d1f,/Users/arthrod/temp/T/neurotic_docx_bench/results/redlines_0929_full/docxodus/pdf_by_word/8df6dfa8d7_alternate_content__vs__accec0538a_anchor_images_redline_6214092ea0_docxodus.pdf,0c5d9639dd05a0f7587e09805741703c3e7d93b9686d833f1caf740643cd5d39
d87d0dd9a8_file_76__vs__68526de79b_file_77_redline_cf7f535435,cf7f535435,tracking_without_comments,word_based_randomized,corpus,/Users/arthrod/temp/T/neurotic_docx_bench/corpus/word/tracking_without_comments/pdf/d87d0dd9a8_file_76__vs__68526de79b_file_77_redline_cf7f535435.pdf,4d05505a5112b378416ad9a657b344718a20c6c8c7b05eaf7fc0d7541f67ddf2,/Users/arthrod/temp/T/neurotic_docx_bench/results/redlines_0929_full/docxodus/pdf_by_word/d87d0dd9a8_file_76__vs__68526de79b_file_77_redline_133a1a1e42_docxodus.pdf,1b0d5c75cd8302fcc7b751560ce82598f62b47053658ec0465da36a87cc86f83
c09b14fcd7_file_196__vs__4e6a261969_file_197_redline_cfb0498eef,cfb0498eef,with_comments_tracking,word_based_randomized,fresh,/Users/arthrod/temp/T/compare_regen/out/cfb0498eef__vs__cfb0498eef.pdf,39dd97d6609ecb44d06ac4bca31d02632a4a8ef3adc03640e84db4b94e7bc09a,,
9f96e7f4f8_it_security_policy_v2_suggesting_insertions__vs__277b6145d6_italic_and_underline_combo_style_default_missing_redline_cfdf26962f,cfdf26962f,tracking_without_comments,word_based,corpus,/Users/arthrod/temp/T/neurotic_docx_bench/corpus/word/tracking_without_comments/pdf/9f96e7f4f8_it_security_policy_v2_suggesting_insertions__vs__277b6145d6_italic_and_underline_combo_style_default_missing_redline_cfdf26962f.pdf,55fea0cd36d223d8d92eadae5c718ca5bafb05585a9bc857ea601c0894f7fa96,/Users/arthrod/temp/T/neurotic_docx_bench/results/redlines_0929_full/docxodus/pdf_by_word/9f96e7f4f8_it_security_policy_v2_suggesting_insertions__vs__277b6145d6_italic_and_underline_combo_style_default_missing_redline_1825689107_docxodus.pdf,b08ea80d42afe6988cf2c0dbc7e7faf847968133c81e2bf96360fe389c9575f3
61e3967518_0011e415331e3b2d8031efcfcfecbb68df0f0b73b26350ce__vs__1424386e9b_017447de83753a0e3b7afc659df038ef56972925336c6a5b_redline_d110c99d97,d110c99d97,tracking_without_comments,redlines_a100_b10,corpus,/Users/arthrod/temp/T/neurotic_docx_bench/corpus/word/tracking_without_comments/pdf/61e3967518_0011e415331e3b2d8031efcfcfecbb68df0f0b73b26350ce__vs__1424386e9b_017447de83753a0e3b7afc659df038ef56972925336c6a5b_redline_d110c99d97.pdf,1a20e43b2286a556015e82337d12b32287ca0cd2486d22b1f508fd4df860e9ec,/Users/arthrod/temp/T/neurotic_docx_bench/results/redlines_0929_full/docxodus/pdf_by_word/61e3967518_0011e415331e3b2d8031efcfcfecbb68df0f0b73b26350ce__vs__1424386e9b_017447de83753a0e3b7afc659df038ef56972925336c6a5b_redline_d110c99d97_docxodus.pdf,df1d1c94930d4d649adfc0df8b753509cdd7424cfbe053dd54aaa4b8ce762e02
33e7d339be_font_color_demo_style_default_missing__vs__b4b7c76ecd_font_family_demo_id_paraid_overflow_redline_d19d1a6989,d19d1a6989,tracking_without_comments,fixtures_word_compares;pdf_fill_0928,fresh,/Users/arthrod/temp/T/compare_regen/out/d19d1a6989__vs__d19d1a6989.pdf,77d502c2056ba70d96ca206a2942f274cd6df5aa0b2f1570b0be3a41599d415e,/Users/arthrod/temp/T/neurotic_docx_bench/results/redlines_0929_full/docxodus/pdf_by_word/33e7d339be_font_color_demo_style_default_missing__vs__b4b7c76ecd_font_family_demo_id_paraid_overflow_redline_340dd11242_docxodus.pdf,b58b60be595174236425a958bf99b085d8727c5df63f19becf4f7871633f6442
6446faad0e_budget_report_q1_2026_suggesting_insertions__vs__30e84496e2_bullet_list_bold_demo_id_paraid_overflow_redline_d1b9e58c2f,d1b9e58c2f,tracking_without_comments,word_based_0926,corpus,/Users/arthrod/temp/T/neurotic_docx_bench/corpus/word/tracking_without_comments/pdf/6446faad0e_budget_report_q1_2026_suggesting_insertions__vs__30e84496e2_bullet_list_bold_demo_id_paraid_overflow_redline_d1b9e58c2f.pdf,3f6d73d3c71ecb26f77874cc4e2635eb4d03f3f8562b943fcb82f7c44c9fa546,/Users/arthrod/temp/T/neurotic_docx_bench/results/redlines_0929_full/docxodus/pdf_by_word/6446faad0e_budget_report_q1_2026_suggesting_insertions__vs__30e84496e2_bullet_list_bold_demo_id_paraid_overflow_redline_1277d3c5cb_docxodus.pdf,b226d502ff7967626f1f28cb377adbeff8a79e0bdcf96e42f1dd29ffe6a4cee6
69bfcf9176_file_163__vs__9082a99ee8_file_164_redline_d1d56e8926,d1d56e8926,tracking_without_comments,word_based_randomized,corpus,/Users/arthrod/temp/T/neurotic_docx_bench/corpus/word/tracking_without_comments/pdf/69bfcf9176_file_163__vs__9082a99ee8_file_164_redline_d1d56e8926.pdf,68d35753fea270b728e2b152dea80503da80c313cf105da37315a9f8ee826d95,/Users/arthrod/temp/T/neurotic_docx_bench/results/redlines_0929_full/docxodus/pdf_by_word/69bfcf9176_file_163__vs__9082a99ee8_file_164_redline_d1d56e8926_docxodus.pdf,a93b99d89e2f1091f8ffccd04ada8e987e4014ed5077fbaf6ae1dbd7c20d9acd
d6229441a5_0022208cff905cd74261067032c22afa148e0f63496c7f66__vs__bd3824dd1e_000ee64ef7226d353297888f59a251e24ce5d776fea000fa_redline_d1ee2400d5,d1ee2400d5,tracking_without_comments,redlines_a100_b10,corpus,/Users/arthrod/temp/T/neurotic_docx_bench/corpus/word/tracking_without_comments/pdf/d6229441a5_0022208cff905cd74261067032c22afa148e0f63496c7f66__vs__bd3824dd1e_000ee64ef7226d353297888f59a251e24ce5d776fea000fa_redline_d1ee2400d5.pdf,6878eed6abf0bb67ecdf38c511f8de2c6af561ec8badec8c9a160848d620f04f,/Users/arthrod/temp/T/neurotic_docx_bench/results/redlines_0929_full/docxodus/pdf_by_word/d6229441a5_0022208cff905cd74261067032c22afa148e0f63496c7f66__vs__bd3824dd1e_000ee64ef7226d353297888f59a251e24ce5d776fea000fa_redline_d1ee2400d5_docxodus.pdf,da36d39badc14883b742aee9a538e0d808536a01ee54a3a011cfce6295bcca7d
e137a3db25_file_140__vs__0f5a806b4c_file_141_redline_d20ada3e0a,d20ada3e0a,with_comments_tracking,word_based_randomized_0926,fresh,/Users/arthrod/temp/T/compare_regen/out/d20ada3e0a__vs__d20ada3e0a.pdf,deaa8c50ec5d99274c842513bcf7239ce0df7ddfe1c204713830a90742362265,/Users/arthrod/temp/T/neurotic_docx_bench/results/redlines_0929_full/docxodus/pdf_by_word/e137a3db25_file_140__vs__0f5a806b4c_file_141_redline_421d863d4e_docxodus.pdf,9e1e7fecaa66e52049108ded02e5dee81cee8c9a51ad1946b19f3325b3b44edf
4edcbf241a_behavior__math_groupchr_tests_4a4970fc__vs__d6a1c42901_super_editor__diff_before16_f518c031_redline_d22973c8f1,d22973c8f1,tracking_without_comments,word_redlines_superdoc,corpus,/Users/arthrod/temp/T/neurotic_docx_bench/corpus/word/tracking_without_comments/pdf/4edcbf241a_behavior__math_groupchr_tests_4a4970fc__vs__d6a1c42901_super_editor__diff_before16_f518c031_redline_d22973c8f1.pdf,ffcb5afd3244e511e994b2e5233410eccd3ee024d4a91a49bdf9810fb024cf23,/Users/arthrod/temp/T/neurotic_docx_bench/results/redlines_0929_full/docxodus/pdf_by_word/4edcbf241a_behavior__math_groupchr_tests_4a4970fc__vs__d6a1c42901_super_editor__diff_before16_f518c031_redline_110e5d9ce1_docxodus.pdf,3ae132c8e66ee95441990b5bf480152527d9c72a5143e652e04ff4a63ffd1161
8a553b35e4_super_editor__doc_with_spaces_from_styles_734ca2__vs__de3c6fded9_super_editor__doc_with_spacing_e3d47bd7_redline_d239049a2f,d239049a2f,tracking_without_comments,word_redlines_superdoc,corpus,/Users/arthrod/temp/T/neurotic_docx_bench/corpus/word/tracking_without_comments/pdf/8a553b35e4_super_editor__doc_with_spaces_from_styles_734ca2__vs__de3c6fded9_super_editor__doc_with_spacing_e3d47bd7_redline_d239049a2f.pdf,6e2237b33ed277d71d6f0d51e295e1d7b6ee4b13d13648e4e54b16d0291fb127,/Users/arthrod/temp/T/neurotic_docx_bench/results/redlines_0929_full/docxodus/pdf_by_word/8a553b35e4_super_editor__doc_with_spaces_from_styles_734ca2__vs__de3c6fded9_super_editor__doc_with_spacing_e3d47bd7_redline_d239049a2f_docxodus.pdf,2e85b7da4dbfdf29ad5f4864c3565e38face26dc2c5a35681785d086cd6587d2
32328b55db_docx_lots_of_comments_addition_removal_redline_r__vs__d996bef4c8_docx_lots_of_comments_addition_removal_redline_redline_d23d9c8cc7,d23d9c8cc7,clean,nocomments,corpus,/Users/arthrod/temp/T/neurotic_docx_bench/corpus/word/clean/pdf/32328b55db_docx_lots_of_comments_addition_removal_redline_r__vs__d996bef4c8_docx_lots_of_comments_addition_removal_redline_redline_d23d9c8cc7.pdf,35a568dfdd22672c6a9d78b631cee4c8c9dab275f2d074bdac2b85f8632c2ade,/Users/arthrod/temp/T/neurotic_docx_bench/results/redlines_0929_full/docxodus/pdf_by_word/32328b55db_docx_lots_of_comments_addition_removal_redline_r__vs__d996bef4c8_docx_lots_of_comments_addition_removal_redline_redline_d23d9c8cc7_docxodus.pdf,3adf7054cc22df9c0c0fe9e8f693b956d3a0559a1baca2049f192fa0df9bdf47
38694026fb_0003b3ae2b115676d918e72f694790ddb64563721bb4a48d__vs__1424386e9b_017447de83753a0e3b7afc659df038ef56972925336c6a5b_redline_d2553ac48a,d2553ac48a,tracking_without_comments,redlines_a100_b10,corpus,/Users/arthrod/temp/T/neurotic_docx_bench/corpus/word/tracking_without_comments/pdf/38694026fb_0003b3ae2b115676d918e72f694790ddb64563721bb4a48d__vs__1424386e9b_017447de83753a0e3b7afc659df038ef56972925336c6a5b_redline_d2553ac48a.pdf,8323ca3eea8dfeb4d92b78dae03bfc4b30a42eb26b7930e2e57207da15638b88,/Users/arthrod/temp/T/neurotic_docx_bench/results/redlines_0929_full/docxodus/pdf_by_word/38694026fb_0003b3ae2b115676d918e72f694790ddb64563721bb4a48d__vs__1424386e9b_017447de83753a0e3b7afc659df038ef56972925336c6a5b_redline_d2553ac48a_docxodus.pdf,c7dc612da373aa7e060c8b0bdb0ea0d7de6437437de2fff6d0a0df4af69b1eaa
5c9b05a33e_00587c7398e1a788e79e8da144019f60214b4ac572ea28a3__vs__2e04202552_000e3e7bd2d6215fc7b469cc3e296c1b2a510bc1abc7e0fd_redline_d343741218,d343741218,tracking_without_comments,redlines_a100_b10,corpus,/Users/arthrod/temp/T/neurotic_docx_bench/corpus/word/tracking_without_comments/pdf/5c9b05a33e_00587c7398e1a788e79e8da144019f60214b4ac572ea28a3__vs__2e04202552_000e3e7bd2d6215fc7b469cc3e296c1b2a510bc1abc7e0fd_redline_d343741218.pdf,769e745c9cb75c19dca9e644634625027293e081a117d9b5b7cf49f37e88ef49,/Users/arthrod/temp/T/neurotic_docx_bench/results/redlines_0929_full/docxodus/pdf_by_word/5c9b05a33e_00587c7398e1a788e79e8da144019f60214b4ac572ea28a3__vs__2e04202552_000e3e7bd2d6215fc7b469cc3e296c1b2a510bc1abc7e0fd_redline_d343741218_docxodus.pdf,b06eff7c234e44950754fe72ab7136fcfe7eb33cfdca38013c5bcfe9101bed2b
6b0acda259_file_73__vs__bd768e6c17_file_74_redline_d392f01661,d392f01661,with_comments_tracking,word_based_randomized,fresh,/Users/arthrod/temp/T/compare_regen/out/d392f01661__vs__d392f01661.pdf,172981e527d29fb76e68830a4f3b6bee0d12900cbc3f741c274a462b860d48ee,/Users/arthrod/temp/T/neurotic_docx_bench/results/redlines_0929_full/docxodus/pdf_by_word/6b0acda259_file_73__vs__bd768e6c17_file_74_redline_0aa74e0de4_docxodus.pdf,3a2eb209110a5be8325fa4fb09ea87e3735ea50cfb846c634ea86f657b60cf89
5d9783a7c4_roboto_font_demo_id_paraid_overflow_2__vs__1cd4f9ee6c_roboto_font_demo_id_paraid_overflow_redline_d598c3ab47,d598c3ab47,tracking_without_comments,word_based,corpus,/Users/arthrod/temp/T/neurotic_docx_bench/corpus/word/tracking_without_comments/pdf/5d9783a7c4_roboto_font_demo_id_paraid_overflow_2__vs__1cd4f9ee6c_roboto_font_demo_id_paraid_overflow_redline_d598c3ab47.pdf,497b5fbff6b71a18be30304dc843c591163a33a49e9c7312e42de9ab58577629,/Users/arthrod/temp/T/neurotic_docx_bench/results/redlines_0929_full/docxodus/pdf_by_word/5d9783a7c4_roboto_font_demo_id_paraid_overflow_2__vs__1cd4f9ee6c_roboto_font_demo_id_paraid_overflow_redline_75c971b32c_docxodus.pdf,3d6c6c0fbf1851636ec7592bdd9b16aeb6373b1ed7a349fdea65c3c0fc8b8c9a
3413da1703_verdana_font_demo_id_paraid_overflow_2__vs__ac4b41aa8e_verdana_font_demo_id_paraid_overflow_redline_d5efaa5b6d,d5efaa5b6d,with_comments_clean,word_based_0926,fresh,/Users/arthrod/temp/T/compare_regen/out/d5efaa5b6d__vs__d5efaa5b6d.pdf,fd938d553d5c880e3633d96faee164d499fb012938f9fbffee332c2dab2191f5,/Users/arthrod/temp/T/neurotic_docx_bench/results/redlines_0929_full/docxodus/pdf_by_word/3413da1703_verdana_font_demo_id_paraid_overflow_2__vs__ac4b41aa8e_verdana_font_demo_id_paraid_overflow_redline_804039550d_docxodus.pdf,37395946449613ecc52ce7104625a93eeb90e032d563f103cd6bb171352abc92
058cd936de_super_editor__image_doc_c7d007ac__vs__c2d49e9ede_super_editor__sd_978_remove_table_borders_47f7ed_redline_d612da739b,d612da739b,tracking_without_comments,word_redlines_superdoc,corpus,/Users/arthrod/temp/T/neurotic_docx_bench/corpus/word/tracking_without_comments/pdf/058cd936de_super_editor__image_doc_c7d007ac__vs__c2d49e9ede_super_editor__sd_978_remove_table_borders_47f7ed_redline_d612da739b.pdf,bfc963b97a5f41904eee4e98dbfb5774ac73dbc6b1d979440638fc5bf40228e5,/Users/arthrod/temp/T/neurotic_docx_bench/results/redlines_0929_full/docxodus/pdf_by_word/058cd936de_super_editor__image_doc_c7d007ac__vs__c2d49e9ede_super_editor__sd_978_remove_table_borders_47f7ed_redline_0a77798df5_docxodus.pdf,8b78c698129f00c8a2a1162b5482e6a3e4c71e3df821f3ba01b41a03db1fa0fc
19313bb0d2_013bfd9bed003f93622f5b45095bb7471499aea576b0e48e__vs__bd3824dd1e_000ee64ef7226d353297888f59a251e24ce5d776fea000fa_redline_d652ae82a1,d652ae82a1,tracking_without_comments,redlines_a100_b10,corpus,/Users/arthrod/temp/T/neurotic_docx_bench/corpus/word/tracking_without_comments/pdf/19313bb0d2_013bfd9bed003f93622f5b45095bb7471499aea576b0e48e__vs__bd3824dd1e_000ee64ef7226d353297888f59a251e24ce5d776fea000fa_redline_d652ae82a1.pdf,6669a51a3894d29dfbb135eeac4b797e32d1ffbd0b2c1d5cbfbcd5f900b68761,/Users/arthrod/temp/T/neurotic_docx_bench/results/redlines_0929_full/docxodus/pdf_by_word/19313bb0d2_013bfd9bed003f93622f5b45095bb7471499aea576b0e48e__vs__bd3824dd1e_000ee64ef7226d353297888f59a251e24ce5d776fea000fa_redline_d652ae82a1_docxodus.pdf,c74d7c05afe19f96bed937942d7ffb1ab2255ce3ed0866c8009db5ae05b268f9
7e405bc8f2_font_size_12_demo_id_paraid_overflow__vs__93e2be10e6_font_size_18_demo_style_default_missing_redline_d7ca4a6291,d7ca4a6291,tracking_without_comments,fixtures_word_compares;pdf_fill_0928,fresh,/Users/arthrod/temp/T/compare_regen/out/d7ca4a6291__vs__d7ca4a6291.pdf,5ca93e9a83e18bec52f5044e3bf53baba309a90e98df08893b5c0ead22886d43,/Users/arthrod/temp/T/neurotic_docx_bench/results/redlines_0929_full/docxodus/pdf_by_word/7e405bc8f2_font_size_12_demo_id_paraid_overflow__vs__93e2be10e6_font_size_18_demo_style_default_missing_redline_83b966e72a_docxodus.pdf,f9943580a4621b1905c5112fe574a7eadf8f2f4ce02b999439d1be78616d3897
1a20b2f5c1_file_110__vs__6c3b9cb467_file_111_redline_d7f0f488d0,d7f0f488d0,tracking_without_comments,nocomments_randomized,corpus,/Users/arthrod/temp/T/neurotic_docx_bench/corpus/word/tracking_without_comments/pdf/1a20b2f5c1_file_110__vs__6c3b9cb467_file_111_redline_d7f0f488d0.pdf,712301af9d58a451749b55c1afe5c8f5d9b68272b8e96b5f43772e2529ee2751,/Users/arthrod/temp/T/neurotic_docx_bench/results/redlines_0929_full/docxodus/pdf_by_word/1a20b2f5c1_file_110__vs__6c3b9cb467_file_111_redline_d7f0f488d0_docxodus.pdf,6108561e1e5955aafae303065dda6d3cc9474f17d56c7aa8ffadbf6489df64f7
d6229441a5_0022208cff905cd74261067032c22afa148e0f63496c7f66__vs__5203829c7a_001cc92b88566d5f930fe57f25813c0bf52a7bdc72c217d0_redline_d857dcf970,d857dcf970,tracking_without_comments,redlines_a100_b10,corpus,/Users/arthrod/temp/T/neurotic_docx_bench/corpus/word/tracking_without_comments/pdf/d6229441a5_0022208cff905cd74261067032c22afa148e0f63496c7f66__vs__5203829c7a_001cc92b88566d5f930fe57f25813c0bf52a7bdc72c217d0_redline_d857dcf970.pdf,3efe513a99090ad6c3e5ab0ae7c70a12bbe7120a5b3e569844cd19e29c7f8a84,/Users/arthrod/temp/T/neurotic_docx_bench/results/redlines_0929_full/docxodus/pdf_by_word/d6229441a5_0022208cff905cd74261067032c22afa148e0f63496c7f66__vs__5203829c7a_001cc92b88566d5f930fe57f25813c0bf52a7bdc72c217d0_redline_d857dcf970_docxodus.pdf,94cf00329fd6a9452b54fad9ee5216ac27d35d40e3c930d1441a28244882efe5
81f7cad226_009fa3f6b717df4d0e9371d67f305110d5096bc9178134b0__vs__1424386e9b_017447de83753a0e3b7afc659df038ef56972925336c6a5b_redline_d8669ef4ce,d8669ef4ce,tracking_without_comments,redlines_a100_b10,corpus,/Users/arthrod/temp/T/neurotic_docx_bench/corpus/word/tracking_without_comments/pdf/81f7cad226_009fa3f6b717df4d0e9371d67f305110d5096bc9178134b0__vs__1424386e9b_017447de83753a0e3b7afc659df038ef56972925336c6a5b_redline_d8669ef4ce.pdf,38bbd3ba6abf4ec96302f4e67dd11cd544ffc311d5b51b8959e96f34b2f16536,/Users/arthrod/temp/T/neurotic_docx_bench/results/redlines_0929_full/docxodus/pdf_by_word/81f7cad226_009fa3f6b717df4d0e9371d67f305110d5096bc9178134b0__vs__1424386e9b_017447de83753a0e3b7afc659df038ef56972925336c6a5b_redline_d8669ef4ce_docxodus.pdf,d51a684615d17496c4aabb73e1759f37ba3c688d7187ffd5af816efc76a59992
c2965a9277_file_125__vs__99abd76716_file_126_redline_d8e7ae0e58,d8e7ae0e58,tracking_without_comments,nocomments_randomized,corpus,/Users/arthrod/temp/T/neurotic_docx_bench/corpus/word/tracking_without_comments/pdf/c2965a9277_file_125__vs__99abd76716_file_126_redline_d8e7ae0e58.pdf,7bd9eaf95daa396cc302d4174fb7ac265041007a74c7e1e4a2a7dd1a8ea237e8,/Users/arthrod/temp/T/neurotic_docx_bench/results/redlines_0929_full/docxodus/pdf_by_word/c2965a9277_file_125__vs__99abd76716_file_126_redline_d8e7ae0e58_docxodus.pdf,8278568b6b2696599f1cc5ba9105219fd188ba68fa3e41fe85d679f1641795b6
4bceaacd42_file_82__vs__e0c966e5ff_file_83_redline_d91bee7f99,d91bee7f99,tracking_without_comments,word_based_randomized,corpus,/Users/arthrod/temp/T/neurotic_docx_bench/corpus/word/tracking_without_comments/pdf/4bceaacd42_file_82__vs__e0c966e5ff_file_83_redline_d91bee7f99.pdf,cafd98d6688bb3567915b3e3ba1d2c29040c79a7b09b41291279cec6515f6630,/Users/arthrod/temp/T/neurotic_docx_bench/results/redlines_0929_full/docxodus/pdf_by_word/4bceaacd42_file_82__vs__e0c966e5ff_file_83_redline_d10c4336ed_docxodus.pdf,0e32b0f10e29283d08354a7d81a00666e27ce5b1a8ffa32388bd910de3c93e3d
301e302820_super_editor__basic_page_nums_d5b08fc3__vs__9332d3001f_super_editor__sdpr_titleonly_b0796676_redline_d9dfadd84b,d9dfadd84b,tracking_without_comments,word_redlines_superdoc,corpus,/Users/arthrod/temp/T/neurotic_docx_bench/corpus/word/tracking_without_comments/pdf/301e302820_super_editor__basic_page_nums_d5b08fc3__vs__9332d3001f_super_editor__sdpr_titleonly_b0796676_redline_d9dfadd84b.pdf,4b29bff65d8f7715a8ec0724a8b0738fa0b2c3ff03ef7b36cda8186449a36bfa,/Users/arthrod/temp/T/neurotic_docx_bench/results/redlines_0929_full/docxodus/pdf_by_word/301e302820_super_editor__basic_page_nums_d5b08fc3__vs__9332d3001f_super_editor__sdpr_titleonly_b0796676_redline_d7c2cc04c6_docxodus.pdf,b054a2c79d265d0ebeebb974938ecc3d43789f202d3c98ed54f7a8f8eaba6390
2e7f1e6637_0120556a0553eb1ba39978d5911b7ce62be10a9bdc7c9191__vs__a5f2b9318d_002aa60c2ae1187417b4b157c5ec6450324cc056ec551a12_redline_da64554015,da64554015,tracking_without_comments,redlines_a100_b10,corpus,/Users/arthrod/temp/T/neurotic_docx_bench/corpus/word/tracking_without_comments/pdf/2e7f1e6637_0120556a0553eb1ba39978d5911b7ce62be10a9bdc7c9191__vs__a5f2b9318d_002aa60c2ae1187417b4b157c5ec6450324cc056ec551a12_redline_da64554015.pdf,1aaa056707466b72f2551b097b19b1acc4896f071e1ade8c129cdfc4ef4a9902,/Users/arthrod/temp/T/neurotic_docx_bench/results/redlines_0929_full/docxodus/pdf_by_word/2e7f1e6637_0120556a0553eb1ba39978d5911b7ce62be10a9bdc7c9191__vs__a5f2b9318d_002aa60c2ae1187417b4b157c5ec6450324cc056ec551a12_redline_da64554015_docxodus.pdf,43bf93cd8fe938a199a567cdca008798765ceeb13341491c1d341ef60af23ae2
16b3bdf24f_1a9cd33781356357316c3cb0c6eed3bad72d886ad1d68dbf__vs__dbe46677da_15002e7727c63ec67c92d78a641d5d0d74911f1e64a806e8_redline_da83c9a20b,da83c9a20b,tracking_without_comments,redlines_en_500,corpus,/Users/arthrod/temp/T/neurotic_docx_bench/corpus/word/tracking_without_comments/pdf/16b3bdf24f_1a9cd33781356357316c3cb0c6eed3bad72d886ad1d68dbf__vs__dbe46677da_15002e7727c63ec67c92d78a641d5d0d74911f1e64a806e8_redline_da83c9a20b.pdf,d560077e682e067195a54617ae036874df8bc0a01f445ca41edb8ddbe43868a7,/Users/arthrod/temp/T/neurotic_docx_bench/results/redlines_0929_full/docxodus/pdf_by_word/16b3bdf24f_1a9cd33781356357316c3cb0c6eed3bad72d886ad1d68dbf__vs__dbe46677da_15002e7727c63ec67c92d78a641d5d0d74911f1e64a806e8_redline_da83c9a20b_docxodus.pdf,b3d201460b969b769d5bb65b2713523f072a7007565d54e664642d3899d0ae66
ba54c6632c_super_editor__ooxml_rfonts_rstyle_linked_combos__vs__667af231c2_behavior__sd_2672_rtl_table_63bd9d10_redline_db67d63aaa,db67d63aaa,tracking_without_comments,word_redlines_superdoc_0926,corpus,/Users/arthrod/temp/T/neurotic_docx_bench/corpus/word/tracking_without_comments/pdf/ba54c6632c_super_editor__ooxml_rfonts_rstyle_linked_combos__vs__667af231c2_behavior__sd_2672_rtl_table_63bd9d10_redline_db67d63aaa.pdf,d9ad5b2be7e39a24faf7cb1aed0de19139672156fea85ab72ca0bc00ef492e40,/Users/arthrod/temp/T/neurotic_docx_bench/results/redlines_0929_full/docxodus/pdf_by_word/ba54c6632c_super_editor__ooxml_rfonts_rstyle_linked_combos__vs__667af231c2_behavior__sd_2672_rtl_table_63bd9d10_redline_b26364fa4f_docxodus.pdf,0c399f655e61c9801bc1121dfb2a5d1da261bd87c000596667f237bc3247fcb4
301e302820_super_editor__basic_page_nums_d5b08fc3__vs__ef1e1c68e9_super_editor__basic_paragraph_1774f4e4_redline_dbdf0f687c,dbdf0f687c,tracking_without_comments,word_redlines_superdoc,corpus,/Users/arthrod/temp/T/neurotic_docx_bench/corpus/word/tracking_without_comments/pdf/301e302820_super_editor__basic_page_nums_d5b08fc3__vs__ef1e1c68e9_super_editor__basic_paragraph_1774f4e4_redline_dbdf0f687c.pdf,b089288ced3698e977175aa3501745179e4dab4794b91914e71bd83797cf6045,/Users/arthrod/temp/T/neurotic_docx_bench/results/redlines_0929_full/docxodus/pdf_by_word/301e302820_super_editor__basic_page_nums_d5b08fc3__vs__ef1e1c68e9_super_editor__basic_paragraph_1774f4e4_redline_dbdf0f687c_docxodus.pdf,6b4865e7d4564b37e139d45a6dbf0ae668c50f4314a27eec72596e3919d24964
f795b96ac4_behavior__math_delimiter_tests_c9d034dc__vs__75aeff4f58_super_editor__diff_after9_a9d4b4b0_redline_dca87a30ef,dca87a30ef,tracking_without_comments,word_redlines_superdoc_0926,corpus,/Users/arthrod/temp/T/neurotic_docx_bench/corpus/word/tracking_without_comments/pdf/f795b96ac4_behavior__math_delimiter_tests_c9d034dc__vs__75aeff4f58_super_editor__diff_after9_a9d4b4b0_redline_dca87a30ef.pdf,36afde6027085420782c658809d2c31db6e524bbd5cd2c9c74bab8fbf0e4cf12,/Users/arthrod/temp/T/neurotic_docx_bench/results/redlines_0929_full/docxodus/pdf_by_word/f795b96ac4_behavior__math_delimiter_tests_c9d034dc__vs__75aeff4f58_super_editor__diff_after9_a9d4b4b0_redline_898635595b_docxodus.pdf,77fa970b1e5883483d0c5ea9dcfff72a027efe88890f8bb923b23813266dbb63
85692b483f_file_123__vs__0086695f46_file_124_redline_ddd1e0f952,ddd1e0f952,with_comments_tracking,word_based_randomized_0926,fresh,/Users/arthrod/temp/T/compare_regen/out/ddd1e0f952__vs__ddd1e0f952.pdf,3c12e27b7f556cb48ae6e0ae76aa570579fe7de6e2a0710be0bb43888ade357a,/Users/arthrod/temp/T/neurotic_docx_bench/results/redlines_0929_full/docxodus/pdf_by_word/85692b483f_file_123__vs__0086695f46_file_124_redline_1108cc4aae_docxodus.pdf,59dd1d7a2ba1231cff6ec9a8e856c07b1490b588e07519e3d21a07c30c762456
fbe14959b0_000f5278175aa01c2b9517b07e8a087014e4a05ab3e24f41__vs__deff0e697a_00b5defcad6e58038eac35472a2d48c89905068e5ece0cc3_redline_dde913904e,dde913904e,tracking_without_comments,redlines_a100_b10,corpus,/Users/arthrod/temp/T/neurotic_docx_bench/corpus/word/tracking_without_comments/pdf/fbe14959b0_000f5278175aa01c2b9517b07e8a087014e4a05ab3e24f41__vs__deff0e697a_00b5defcad6e58038eac35472a2d48c89905068e5ece0cc3_redline_dde913904e.pdf,f816efb01a7259d2136645bf431fd3d8b8a9992e344eb1be7e8de308f199193e,/Users/arthrod/temp/T/neurotic_docx_bench/results/redlines_0929_full/docxodus/pdf_by_word/fbe14959b0_000f5278175aa01c2b9517b07e8a087014e4a05ab3e24f41__vs__deff0e697a_00b5defcad6e58038eac35472a2d48c89905068e5ece0cc3_redline_dde913904e_docxodus.pdf,73a4a454572f8c9567c007292a80e4e36040a5264a037135e6803e3667dd5180
95c855b9a0_001671bbb68c5b9ebebebfc8be69252ccc195babb3129278__vs__aa5340125d_00a4b0b91e9b5b072dc3771391c2d608518690eccf44eae8_redline_ded01ca406,ded01ca406,tracking_without_comments,redlines_a100_b10,corpus,/Users/arthrod/temp/T/neurotic_docx_bench/corpus/word/tracking_without_comments/pdf/95c855b9a0_001671bbb68c5b9ebebebfc8be69252ccc195babb3129278__vs__aa5340125d_00a4b0b91e9b5b072dc3771391c2d608518690eccf44eae8_redline_ded01ca406.pdf,3ed52ed9fc7a9019661eeea081c19bc167d0a019f87ed735b270da0d4b41d252,/Users/arthrod/temp/T/neurotic_docx_bench/results/redlines_0929_full/docxodus/pdf_by_word/95c855b9a0_001671bbb68c5b9ebebebfc8be69252ccc195babb3129278__vs__aa5340125d_00a4b0b91e9b5b072dc3771391c2d608518690eccf44eae8_redline_ded01ca406_docxodus.pdf,5e0a3c2660780600ac51f965f67bef5781f1c9fb808183bbcb43c425e2492b41
43dd6753e6_super_editor__diff_before7_5bad2542__vs__e70f1134dd_super_editor__diff_before8_ba5faa9e_redline_ded976e5e2,ded976e5e2,with_comments_tracking,word_redlines_superdoc,fresh,/Users/arthrod/temp/T/compare_regen/out/ded976e5e2__vs__ded976e5e2.pdf,920b4aa10b1feef29fa075af8a5ed8159152ba925ac2815acf50d5fb0c2af55f,/Users/arthrod/temp/T/neurotic_docx_bench/results/redlines_0929_full/docxodus/pdf_by_word/43dd6753e6_super_editor__diff_before7_5bad2542__vs__e70f1134dd_super_editor__diff_before8_ba5faa9e_redline_4ca4e25a83_docxodus.pdf,8c14fce788edccea0e486c1c179561ce311c51a38997626ec20715cc24bb9299
f529133cd5_super_editor__basic_comment_d3ba5f1e__vs__3539cf2404_cli_legacy__replace_test_0a793f01_redline_df497fd549,df497fd549,with_comments_tracking,word_redlines_superdoc_0926,fresh,/Users/arthrod/temp/T/compare_regen/out/df497fd549__vs__df497fd549.pdf,b4601d79c1f2868e81346df406d9db5742875bbd9218ed0d4a1db3b867f3d058,/Users/arthrod/temp/T/neurotic_docx_bench/results/redlines_0929_full/docxodus/pdf_by_word/f529133cd5_super_editor__basic_comment_d3ba5f1e__vs__3539cf2404_cli_legacy__replace_test_0a793f01_redline_a15dd224a7_docxodus.pdf,6fda852f849d5e697eb6425aa51fceb7b52eb026acf3576b92077e76ea053139
5d17fd43a9_complex_style_attr__vs__310c03f39c_super_editor__complexexport1_69441ab1_redline_df62df06eb,df62df06eb,tracking_without_comments,word_redlines_superdoc_0926,corpus,/Users/arthrod/temp/T/neurotic_docx_bench/corpus/word/tracking_without_comments/pdf/5d17fd43a9_complex_style_attr__vs__310c03f39c_super_editor__complexexport1_69441ab1_redline_df62df06eb.pdf,92585e50396ac18bbd92d75f9d6136153c9cc882241792edd77bafd188511ffe,/Users/arthrod/temp/T/neurotic_docx_bench/results/redlines_0929_full/docxodus/pdf_by_word/5d17fd43a9_complex_style_attr__vs__310c03f39c_super_editor__complexexport1_69441ab1_redline_133d880cce_docxodus.pdf,ab500f5e592df2404ea9a78719da481656a759455528ada7bc323b44238a8381
725cdbebe3_0013892c946c551d309fcec9bb3f3500fc08bc77121a3849__vs__bd3824dd1e_000ee64ef7226d353297888f59a251e24ce5d776fea000fa_redline_dfeccd76d2,dfeccd76d2,tracking_without_comments,redlines_a100_b10,corpus,/Users/arthrod/temp/T/neurotic_docx_bench/corpus/word/tracking_without_comments/pdf/725cdbebe3_0013892c946c551d309fcec9bb3f3500fc08bc77121a3849__vs__bd3824dd1e_000ee64ef7226d353297888f59a251e24ce5d776fea000fa_redline_dfeccd76d2.pdf,0d3b28b1016f66d5fd6d0559649437289f9e1df158e1a2b49c4a54d1b1c41039,/Users/arthrod/temp/T/neurotic_docx_bench/results/redlines_0929_full/docxodus/pdf_by_word/725cdbebe3_0013892c946c551d309fcec9bb3f3500fc08bc77121a3849__vs__bd3824dd1e_000ee64ef7226d353297888f59a251e24ce5d776fea000fa_redline_dfeccd76d2_docxodus.pdf,035156fe6e59cfe95e5a20c166b82cb24124f73b65d042f33054b0297e6518dc
6867e05e76_00b0d42bbea3b9bac7bc95466cf416f6c89a8cda62bbf3d7__vs__aa5340125d_00a4b0b91e9b5b072dc3771391c2d608518690eccf44eae8_redline_e012892af0,e012892af0,tracking_without_comments,redlines_a100_b10,corpus,/Users/arthrod/temp/T/neurotic_docx_bench/corpus/word/tracking_without_comments/pdf/6867e05e76_00b0d42bbea3b9bac7bc95466cf416f6c89a8cda62bbf3d7__vs__aa5340125d_00a4b0b91e9b5b072dc3771391c2d608518690eccf44eae8_redline_e012892af0.pdf,cfd23ef6991c67de5d91c1749b96a339ffb0e26c930ec390cec6714acdd9d505,/Users/arthrod/temp/T/neurotic_docx_bench/results/redlines_0929_full/docxodus/pdf_by_word/6867e05e76_00b0d42bbea3b9bac7bc95466cf416f6c89a8cda62bbf3d7__vs__aa5340125d_00a4b0b91e9b5b072dc3771391c2d608518690eccf44eae8_redline_e012892af0_docxodus.pdf,c4e9432141050ec34a357a2c24cf0fe3684310627a04943195d0b7b226a287ac
82794f31ff_evals__basic_list_b4d9bb45__vs__eb714d5f76_evals__blank_bc294b57_redline_e0510543a2,e0510543a2,tracking_without_comments,word_redlines_superdoc_0926,corpus,/Users/arthrod/temp/T/neurotic_docx_bench/corpus/word/tracking_without_comments/pdf/82794f31ff_evals__basic_list_b4d9bb45__vs__eb714d5f76_evals__blank_bc294b57_redline_e0510543a2.pdf,7fcdad3d694b764e8e36f30e494446945efd382ba190d61d81581856882963ed,/Users/arthrod/temp/T/neurotic_docx_bench/results/redlines_0929_full/docxodus/pdf_by_word/82794f31ff_evals__basic_list_b4d9bb45__vs__eb714d5f76_evals__blank_bc294b57_redline_31b13fd92e_docxodus.pdf,525748070d3abd1c3fb15814e40d5cbb61fbd42a02c91bb60c638de47880e515
58d11506a5_file_64__vs__f394f45ba5_file_65_redline_e07ede4023,e07ede4023,tracking_without_comments,word_based_randomized,corpus,/Users/arthrod/temp/T/neurotic_docx_bench/corpus/word/tracking_without_comments/pdf/58d11506a5_file_64__vs__f394f45ba5_file_65_redline_e07ede4023.pdf,a06febf792be09b7641fd205289a8eb41013bc4a51301b52ba54114ccbe9dcd0,/Users/arthrod/temp/T/neurotic_docx_bench/results/redlines_0929_full/docxodus/pdf_by_word/58d11506a5_file_64__vs__f394f45ba5_file_65_redline_42eb451ae7_docxodus.pdf,06973e8cfb833d1d7d56b15eeaeeef39d54e254bfc4e62135eb545d4fccbce40
b2b3095b48_file_52__vs__ec3dd0df69_file_53_redline_e14d8c4c7d,e14d8c4c7d,with_comments_tracking,word_based_randomized,fresh,/Users/arthrod/temp/T/compare_regen/out/e14d8c4c7d__vs__e14d8c4c7d.pdf,287d2f201be0bd000e146cd20f3a8a9c6772da45c3cdfdc0533419a6ab40156c,/Users/arthrod/temp/T/neurotic_docx_bench/results/redlines_0929_full/docxodus/pdf_by_word/b2b3095b48_file_52__vs__ec3dd0df69_file_53_redline_589b832f86_docxodus.pdf,cbce8ddf9f6bb2ab421d3e904fc98f2272fa0fe0963c18105fd30a0c09c2d02d
2ca2d3ab7b_file_22__vs__da0d11d072_file_23_redline_e1a794efce,e1a794efce,tracking_without_comments,nocomments_randomized,corpus,/Users/arthrod/temp/T/neurotic_docx_bench/corpus/word/tracking_without_comments/pdf/2ca2d3ab7b_file_22__vs__da0d11d072_file_23_redline_e1a794efce.pdf,09ac623d87e140241ba045a61fb965b4c045c3922900890e818da04eea524982,/Users/arthrod/temp/T/neurotic_docx_bench/results/redlines_0929_full/docxodus/pdf_by_word/2ca2d3ab7b_file_22__vs__da0d11d072_file_23_redline_e1a794efce_docxodus.pdf,14e0d5c0682a5edc6c58d8001fb9da1914378c23cb78b9f689b248c86df0f56b
62732368d5_7b6493614245aae298d715fbe16d4a4945f5ebed862c1354__vs__e91e59eaac_d53121ceeb633df57b8f83f852ee91b3143ce8915a7ef81b_redline_e1c52dc7f9,e1c52dc7f9,tracking_without_comments,redlines_en_500,corpus,/Users/arthrod/temp/T/neurotic_docx_bench/corpus/word/tracking_without_comments/pdf/62732368d5_7b6493614245aae298d715fbe16d4a4945f5ebed862c1354__vs__e91e59eaac_d53121ceeb633df57b8f83f852ee91b3143ce8915a7ef81b_redline_e1c52dc7f9.pdf,66dfd156ed4b852c991e9da8bbf02dcda45c3cd1f3675edd2e2c21399d432663,/Users/arthrod/temp/T/neurotic_docx_bench/results/redlines_0929_full/docxodus/pdf_by_word/62732368d5_7b6493614245aae298d715fbe16d4a4945f5ebed862c1354__vs__e91e59eaac_d53121ceeb633df57b8f83f852ee91b3143ce8915a7ef81b_redline_e1c52dc7f9_docxodus.pdf,64f0c494744f628076f3aaa02e30ece1009e2df43bc91ab7649cc53d06626a65
2b479f55f8_ab1a60a25dd051171cff9456f1fdafa82d5d746f4a494cce__vs__63db0bebfc_98f3b26190a9ad2d0c27e5505ef29521d4faff960deea626_redline_e22069e294,e22069e294,tracking_without_comments,redlines_en_500,corpus,/Users/arthrod/temp/T/neurotic_docx_bench/corpus/word/tracking_without_comments/pdf/2b479f55f8_ab1a60a25dd051171cff9456f1fdafa82d5d746f4a494cce__vs__63db0bebfc_98f3b26190a9ad2d0c27e5505ef29521d4faff960deea626_redline_e22069e294.pdf,bbb38404a8096cbbbfbe5ae47015ada3d18a7656190e0f60c5d55b6daba30cc6,,
14f06affbf_30d707ed0c807a2118b37014c5b1ae48bc042da6310c6e07__vs__37c0369ce2_0c0c9334d933085775ef6320a8c741d98cc95ae29c0b70bf_redline_e32180088d,e32180088d,tracking_without_comments,redlines_en_500,corpus,/Users/arthrod/temp/T/neurotic_docx_bench/corpus/word/tracking_without_comments/pdf/14f06affbf_30d707ed0c807a2118b37014c5b1ae48bc042da6310c6e07__vs__37c0369ce2_0c0c9334d933085775ef6320a8c741d98cc95ae29c0b70bf_redline_e32180088d.pdf,0ca677b03287aa5a55b02d3cbe17e78564963029846f37462762dbc0b0396ee5,/Users/arthrod/temp/T/neurotic_docx_bench/results/redlines_0929_full/docxodus/pdf_by_word/14f06affbf_30d707ed0c807a2118b37014c5b1ae48bc042da6310c6e07__vs__37c0369ce2_0c0c9334d933085775ef6320a8c741d98cc95ae29c0b70bf_redline_e32180088d_docxodus.pdf,70cff0015885063ad352123984c3d6cf90c04d2a44523279ddb1f7528dbc7e22
9f56ca58a1_track_changes_suggesting_title_id_paraid_overflo__vs__5e8b43bd70_training_materials_onboarding_program_suggesting_redline_e327f1d7f9,e327f1d7f9,tracking_without_comments,word_based_0926,corpus,/Users/arthrod/temp/T/neurotic_docx_bench/corpus/word/tracking_without_comments/pdf/9f56ca58a1_track_changes_suggesting_title_id_paraid_overflo__vs__5e8b43bd70_training_materials_onboarding_program_suggesting_redline_e327f1d7f9.pdf,3e5afe77f6fc9affa8dcced4a75fe4f67e0b28b116c477575978e3c7a937e60b,/Users/arthrod/temp/T/neurotic_docx_bench/results/redlines_0929_full/docxodus/pdf_by_word/9f56ca58a1_track_changes_suggesting_title_id_paraid_overflo__vs__5e8b43bd70_training_materials_onboarding_program_suggesting_redline_9e49d39f0b_docxodus.pdf,f119bfc20aef8134eb2be6f6a96094f45b93db313efbd22ef01283b60e090224
491a257507_blue_bold_centered_demo_id_paraid_overflow__vs__da68abdf72_blue_centered_title_demo_style_default_missing_redline_e3911f726b,e3911f726b,tracking_without_comments,word_based,corpus,/Users/arthrod/temp/T/neurotic_docx_bench/corpus/word/tracking_without_comments/pdf/491a257507_blue_bold_centered_demo_id_paraid_overflow__vs__da68abdf72_blue_centered_title_demo_style_default_missing_redline_e3911f726b.pdf,ecdce283406367b5d6fa27a2077854b0039b214df1b11a7ae329b4499b6ec6df,/Users/arthrod/temp/T/neurotic_docx_bench/results/redlines_0929_full/docxodus/pdf_by_word/491a257507_blue_bold_centered_demo_id_paraid_overflow__vs__da68abdf72_blue_centered_title_demo_style_default_missing_redline_0064a5a309_docxodus.pdf,d4a6c7bd4073c730e8397ba7205b1406d99a33c12fcf0daffe0b517b4c705ded
2e12832cb1_c65db669ac8327b135c7e46015fceb45bc2b3999a830af04__vs__98881ded44_a817a83ac4d1a94e9b2c6030d9810f3b198536e7c0562b0d_redline_e3f9ea76f0,e3f9ea76f0,tracking_without_comments,redlines_en_500,corpus,/Users/arthrod/temp/T/neurotic_docx_bench/corpus/word/tracking_without_comments/pdf/2e12832cb1_c65db669ac8327b135c7e46015fceb45bc2b3999a830af04__vs__98881ded44_a817a83ac4d1a94e9b2c6030d9810f3b198536e7c0562b0d_redline_e3f9ea76f0.pdf,a107e588319ff3872de385ba2f239aac16674eddd45ab0e6455d29c419641c82,/Users/arthrod/temp/T/neurotic_docx_bench/results/redlines_0929_full/docxodus/pdf_by_word/2e12832cb1_c65db669ac8327b135c7e46015fceb45bc2b3999a830af04__vs__98881ded44_a817a83ac4d1a94e9b2c6030d9810f3b198536e7c0562b0d_redline_e3f9ea76f0_docxodus.pdf,65b65c79f9e22a10165428c141cb3d3cd7ce6103c26c6d79ee13b29ff9ef9a24
e1736e61c5_italic_underline_combined_demo_id_paraid_overflo__vs__516ae5b317_justified_underline_demo_id_paraid_overflow_redline_e5baed414b,e5baed414b,tracking_without_comments,fixtures_word_compares;pdf_fill_0928,fresh,/Users/arthrod/temp/T/compare_regen/out/e5baed414b__vs__e5baed414b.pdf,4e5eadfbd69a6c5542fe67c21048b592ec9b4449ce2811b75b5f747c5c15b497,/Users/arthrod/temp/T/neurotic_docx_bench/results/redlines_0929_full/docxodus/pdf_by_word/e1736e61c5_italic_underline_combined_demo_id_paraid_overflo__vs__516ae5b317_justified_underline_demo_id_paraid_overflow_redline_0a5a39916e_docxodus.pdf,fdc0a025632630acaddf7e2ac2a3cea3922377c2554f310a720a267c653e23b8
8a7f242026_center_bold_demo_id_paraid_overflow__vs__3e43d24c46_clear_formatting_demo_id_paraid_overflow_redline_e5c6ee8155,e5c6ee8155,tracking_without_comments,word_based,corpus,/Users/arthrod/temp/T/neurotic_docx_bench/corpus/word/tracking_without_comments/pdf/8a7f242026_center_bold_demo_id_paraid_overflow__vs__3e43d24c46_clear_formatting_demo_id_paraid_overflow_redline_e5c6ee8155.pdf,05bfae265c6473688eba5f9bafa87af1370f9c5c35af6a6900cdcdbf3fbc5269,/Users/arthrod/temp/T/neurotic_docx_bench/results/redlines_0929_full/docxodus/pdf_by_word/8a7f242026_center_bold_demo_id_paraid_overflow__vs__3e43d24c46_clear_formatting_demo_id_paraid_overflow_redline_80572dd900_docxodus.pdf,a066778045d96ffdcaea2676ffb2bafdc045499a479d26c8899185ea79bf51cd
286955227d_0134fe85fb88da2accd6637e1c44bdd4f8b7fbb533bd47ba__vs__5203829c7a_001cc92b88566d5f930fe57f25813c0bf52a7bdc72c217d0_redline_e629604db4,e629604db4,tracking_without_comments,redlines_a100_b10,corpus,/Users/arthrod/temp/T/neurotic_docx_bench/corpus/word/tracking_without_comments/pdf/286955227d_0134fe85fb88da2accd6637e1c44bdd4f8b7fbb533bd47ba__vs__5203829c7a_001cc92b88566d5f930fe57f25813c0bf52a7bdc72c217d0_redline_e629604db4.pdf,4d2e776033c0d31cf57228ce20d7e461dfad4e9d45c6dfd7cf57f80fa1f6a8c9,/Users/arthrod/temp/T/neurotic_docx_bench/results/redlines_0929_full/docxodus/pdf_by_word/286955227d_0134fe85fb88da2accd6637e1c44bdd4f8b7fbb533bd47ba__vs__5203829c7a_001cc92b88566d5f930fe57f25813c0bf52a7bdc72c217d0_redline_e629604db4_docxodus.pdf,1f7d167b9ca30b698befbe5176437432510524f9387981098950c0e87396c04d
0b1d0278ce_behavior__math_radical_tests_4c1ce187__vs__4858c9853b_behavior__multi_image_types_b962a2b8_redline_e68181a3c7,e68181a3c7,tracking_without_comments,word_redlines_superdoc_0926,corpus,/Users/arthrod/temp/T/neurotic_docx_bench/corpus/word/tracking_without_comments/pdf/0b1d0278ce_behavior__math_radical_tests_4c1ce187__vs__4858c9853b_behavior__multi_image_types_b962a2b8_redline_e68181a3c7.pdf,758b3a31354dee067e066c2befd816e71dcb79ca1beebd075d91d14a9ed75702,/Users/arthrod/temp/T/neurotic_docx_bench/results/redlines_0929_full/docxodus/pdf_by_word/0b1d0278ce_behavior__math_radical_tests_4c1ce187__vs__4858c9853b_behavior__multi_image_types_b962a2b8_redline_6130625780_docxodus.pdf,63cb5e2a02e29096d814c2290cdde2bbd8e08d0b4fecfb1d8da70e129137f5c1
aa940255be_behavior__sd_2343_table_border_widths_b5148e83__vs__fe11d14f44_behavior__sd_2447_toc_tab_alignment_8319c14c_redline_e6969287ac,e6969287ac,tracking_without_comments,word_redlines_superdoc_0926,corpus,/Users/arthrod/temp/T/neurotic_docx_bench/corpus/word/tracking_without_comments/pdf/aa940255be_behavior__sd_2343_table_border_widths_b5148e83__vs__fe11d14f44_behavior__sd_2447_toc_tab_alignment_8319c14c_redline_e6969287ac.pdf,352f2d43185611a43628470cef888d12ea68da274cedb9492453cdac31c3ac45,/Users/arthrod/temp/T/neurotic_docx_bench/results/redlines_0929_full/docxodus/pdf_by_word/aa940255be_behavior__sd_2343_table_border_widths_b5148e83__vs__fe11d14f44_behavior__sd_2447_toc_tab_alignment_8319c14c_redline_cd389ecc3b_docxodus.pdf,34e6b7516047b3cd11e6e9ec2c08ead3b12a8b229ac3a5cb3e57197f8ae35356
e3d833aef0_file_10__vs__26ccb443f6_file_11_redline_e698ff3bbe,e698ff3bbe,tracking_without_comments,word_based_randomized_0926,corpus,/Users/arthrod/temp/T/neurotic_docx_bench/corpus/word/tracking_without_comments/pdf/e3d833aef0_file_10__vs__26ccb443f6_file_11_redline_e698ff3bbe.pdf,cefdec977c6bb14cc69df9d8cbaf24f63a1d7c8367a6f61e16d058b7d6f12f68,/Users/arthrod/temp/T/neurotic_docx_bench/results/redlines_0929_full/docxodus/pdf_by_word/e3d833aef0_file_10__vs__26ccb443f6_file_11_redline_384dfbe9f5_docxodus.pdf,4298856836a4b52700a1f1feea9187c022b703d53305d61182a143aa243c3b0a
d09a2f8509_00b5aa69a6c33b2725953348488d62605dc209411d01f80a__vs__a5f2b9318d_002aa60c2ae1187417b4b157c5ec6450324cc056ec551a12_redline_e7d9a076ba,e7d9a076ba,tracking_without_comments,redlines_a100_b10,corpus,/Users/arthrod/temp/T/neurotic_docx_bench/corpus/word/tracking_without_comments/pdf/d09a2f8509_00b5aa69a6c33b2725953348488d62605dc209411d01f80a__vs__a5f2b9318d_002aa60c2ae1187417b4b157c5ec6450324cc056ec551a12_redline_e7d9a076ba.pdf,c7e0a3ba6a223db363703d152c9b77f7bee8acc87e2bade587e79127690345c0,/Users/arthrod/temp/T/neurotic_docx_bench/results/redlines_0929_full/docxodus/pdf_by_word/d09a2f8509_00b5aa69a6c33b2725953348488d62605dc209411d01f80a__vs__a5f2b9318d_002aa60c2ae1187417b4b157c5ec6450324cc056ec551a12_redline_e7d9a076ba_docxodus.pdf,eda94f0e4e6d757fd33e7ecb40e2199be83d5296000e67eb7f8b3021568a23b4
7160d2524e_e5f4d4edc9b0c161ce740a3c9c62279306369d710e0439bd__vs__6d510ca476_e18e70bc499a81e13497ff9a2f509657b18b7b27da9aa4c6_redline_e9de5be772,e9de5be772,tracking_without_comments,redlines_en_500,corpus,/Users/arthrod/temp/T/neurotic_docx_bench/corpus/word/tracking_without_comments/pdf/7160d2524e_e5f4d4edc9b0c161ce740a3c9c62279306369d710e0439bd__vs__6d510ca476_e18e70bc499a81e13497ff9a2f509657b18b7b27da9aa4c6_redline_e9de5be772.pdf,32351fca0f475f390483f079724ae9de68bdd6f1ddd10248725785638bdc103f,/Users/arthrod/temp/T/neurotic_docx_bench/results/redlines_0929_full/docxodus/pdf_by_word/7160d2524e_e5f4d4edc9b0c161ce740a3c9c62279306369d710e0439bd__vs__6d510ca476_e18e70bc499a81e13497ff9a2f509657b18b7b27da9aa4c6_redline_e9de5be772_docxodus.pdf,e66dfc9a0d349000225c1bda565ab55c2d6d8041823e246ed52ecd65f49c6eb1
a4c38b1bf5_4c17189eb7a543ae96f42443a9f4001a3be8fec6e47f7481__vs__cd63d2dccf_3f2752287dacf8e3e52d649dc467cbab2214df665039ab15_redline_e9ef73a8e4,e9ef73a8e4,with_comments_tracking,redlines_en_500,fresh,/Users/arthrod/temp/T/compare_regen/out/e9ef73a8e4__vs__e9ef73a8e4.pdf,36deee585c69eb5cda1287e51c67b0d0854f0d51ffb5f7c3e91147422e9b25d8,,
8e534b49f0_00a9b37342f07e6b9bd5b8fffbe4dd777d31053171e69da2__vs__bd3824dd1e_000ee64ef7226d353297888f59a251e24ce5d776fea000fa_redline_ea09a6505d,ea09a6505d,tracking_without_comments,redlines_a100_b10,corpus,/Users/arthrod/temp/T/neurotic_docx_bench/corpus/word/tracking_without_comments/pdf/8e534b49f0_00a9b37342f07e6b9bd5b8fffbe4dd777d31053171e69da2__vs__bd3824dd1e_000ee64ef7226d353297888f59a251e24ce5d776fea000fa_redline_ea09a6505d.pdf,a51246509f2f7641c4873e204ec25123d72de405a0023b4888d0f671c4001300,,
0048ba31dd_000be19a055234f8e79ec0baadc41d2a49050b2ea0a60654__vs__2e04202552_000e3e7bd2d6215fc7b469cc3e296c1b2a510bc1abc7e0fd_redline_eb12b8215b,eb12b8215b,tracking_without_comments,redlines_a100_b10,corpus,/Users/arthrod/temp/T/neurotic_docx_bench/corpus/word/tracking_without_comments/pdf/0048ba31dd_000be19a055234f8e79ec0baadc41d2a49050b2ea0a60654__vs__2e04202552_000e3e7bd2d6215fc7b469cc3e296c1b2a510bc1abc7e0fd_redline_eb12b8215b.pdf,5b7ac7425d0b1139d0b9af141c1aad90944615969c23cb47cb0440895cf7f326,/Users/arthrod/temp/T/neurotic_docx_bench/results/redlines_0929_full/docxodus/pdf_by_word/0048ba31dd_000be19a055234f8e79ec0baadc41d2a49050b2ea0a60654__vs__2e04202552_000e3e7bd2d6215fc7b469cc3e296c1b2a510bc1abc7e0fd_redline_eb12b8215b_docxodus.pdf,87a7f3f9f0eab5596f89fdb782dafada3ecf666345cd397a4bf076b7e1b9fa3f
bb7d7ca374_44325609d4be3b0e6299cdbd606242aab96b8e4abba544e0__vs__0f2e7c9b9b_14be283f9499c475a8b2e5b9df41db3de81072f41dc15722_redline_eb3d6ce130,eb3d6ce130,tracking_without_comments,redlines_en_500,corpus,/Users/arthrod/temp/T/neurotic_docx_bench/corpus/word/tracking_without_comments/pdf/bb7d7ca374_44325609d4be3b0e6299cdbd606242aab96b8e4abba544e0__vs__0f2e7c9b9b_14be283f9499c475a8b2e5b9df41db3de81072f41dc15722_redline_eb3d6ce130.pdf,2c581f752aada6c0212e9a80658f89d7d728d0b4d601eedf20daea484ea9d8d2,/Users/arthrod/temp/T/neurotic_docx_bench/results/redlines_0929_full/docxodus/pdf_by_word/bb7d7ca374_44325609d4be3b0e6299cdbd606242aab96b8e4abba544e0__vs__0f2e7c9b9b_14be283f9499c475a8b2e5b9df41db3de81072f41dc15722_redline_eb3d6ce130_docxodus.pdf,3203a132a2b90fa62bf7f24de2db7a164b686053101b81d050f38c7d3a043276
0a0b6470c3_00051beee50076d47db468069cab455933b72d9df9165e1f__vs__5203829c7a_001cc92b88566d5f930fe57f25813c0bf52a7bdc72c217d0_redline_ebb062d676,ebb062d676,tracking_without_comments,redlines_a100_b10,corpus,/Users/arthrod/temp/T/neurotic_docx_bench/corpus/word/tracking_without_comments/pdf/0a0b6470c3_00051beee50076d47db468069cab455933b72d9df9165e1f__vs__5203829c7a_001cc92b88566d5f930fe57f25813c0bf52a7bdc72c217d0_redline_ebb062d676.pdf,3034a25b932b6772e272b2e8d7e7b780d613a1f1604b53f2fe5fd10fbaf1e016,/Users/arthrod/temp/T/neurotic_docx_bench/results/redlines_0929_full/docxodus/pdf_by_word/0a0b6470c3_00051beee50076d47db468069cab455933b72d9df9165e1f__vs__5203829c7a_001cc92b88566d5f930fe57f25813c0bf52a7bdc72c217d0_redline_ebb062d676_docxodus.pdf,e8cb9a26ae793724f24656d2a8391d95132d6e85f6dbdcd4372e1e3e2e4ee1b5
1d137d70ee_005bf179b17b3d109d473d5bb10a968731ba985c4bff3743__vs__333bfe069a_003416d620331122b93b434dad901db5836f60d2cad4b533_redline_ecaf3839d4,ecaf3839d4,tracking_without_comments,redlines_a100_b10,corpus,/Users/arthrod/temp/T/neurotic_docx_bench/corpus/word/tracking_without_comments/pdf/1d137d70ee_005bf179b17b3d109d473d5bb10a968731ba985c4bff3743__vs__333bfe069a_003416d620331122b93b434dad901db5836f60d2cad4b533_redline_ecaf3839d4.pdf,db5aa759d21b97437536a4efaf5b8b7a1c9d0cb20ab26723e8d05cc317b66554,/Users/arthrod/temp/T/neurotic_docx_bench/results/redlines_0929_full/docxodus/pdf_by_word/1d137d70ee_005bf179b17b3d109d473d5bb10a968731ba985c4bff3743__vs__333bfe069a_003416d620331122b93b434dad901db5836f60d2cad4b533_redline_ecaf3839d4_docxodus.pdf,b9c5954f4c26b3d02abe4ee675623b78de70db94dea451d4a9b6695c2da81adc
416abd8a3c_385c8b6f6b9db5ab3b3972fd9c55d85968591f5c5984e7fe__vs__89fb6ee886_ecf988562f32de3c1dc52f4752379259dc04cfa761a0d1ab_redline_ecb53780cf,ecb53780cf,tracking_without_comments,redlines_en_500,corpus,/Users/arthrod/temp/T/neurotic_docx_bench/corpus/word/tracking_without_comments/pdf/416abd8a3c_385c8b6f6b9db5ab3b3972fd9c55d85968591f5c5984e7fe__vs__89fb6ee886_ecf988562f32de3c1dc52f4752379259dc04cfa761a0d1ab_redline_ecb53780cf.pdf,645fe6c446345419c2f3c2894662f34e29156e00b0392782859b6ac2306aef30,/Users/arthrod/temp/T/neurotic_docx_bench/results/redlines_0929_full/docxodus/pdf_by_word/416abd8a3c_385c8b6f6b9db5ab3b3972fd9c55d85968591f5c5984e7fe__vs__89fb6ee886_ecf988562f32de3c1dc52f4752379259dc04cfa761a0d1ab_redline_ecb53780cf_docxodus.pdf,1bb31a052ed5aa44b23ea9d09f3891bf65a60ceb8b4c0d931d83abd8cc5ac921
f43f6ef305_002042b8a23533ba746bf4eaf56b5e62642cc111f5f5fcff__vs__a5f2b9318d_002aa60c2ae1187417b4b157c5ec6450324cc056ec551a12_redline_eccfe6bdf8,eccfe6bdf8,tracking_without_comments,redlines_a100_b10,corpus,/Users/arthrod/temp/T/neurotic_docx_bench/corpus/word/tracking_without_comments/pdf/f43f6ef305_002042b8a23533ba746bf4eaf56b5e62642cc111f5f5fcff__vs__a5f2b9318d_002aa60c2ae1187417b4b157c5ec6450324cc056ec551a12_redline_eccfe6bdf8.pdf,6721614fe8438f290a26eb7411c0e3d62a92aa0337cd6c0549e45b7ca3868594,/Users/arthrod/temp/T/neurotic_docx_bench/results/redlines_0929_full/docxodus/pdf_by_word/f43f6ef305_002042b8a23533ba746bf4eaf56b5e62642cc111f5f5fcff__vs__a5f2b9318d_002aa60c2ae1187417b4b157c5ec6450324cc056ec551a12_redline_eccfe6bdf8_docxodus.pdf,17b2e7a5a0d29d388bc6838daa0bb783afee14b955b85aa420d42942cf004549
93e2be10e6_font_size_18_demo_style_default_missing__vs__c20e9b2d21_font_size_24_demo_id_paraid_overflow_redline_ed96b4a4fe,ed96b4a4fe,tracking_without_comments,fixtures_word_compares;pdf_fill_0928,fresh,/Users/arthrod/temp/T/compare_regen/out/ed96b4a4fe__vs__ed96b4a4fe.pdf,0be313fdb718d4bf23bc4a1dcaf4c46d6d3c38801245302116256bd1e3b3b124,/Users/arthrod/temp/T/neurotic_docx_bench/results/redlines_0929_full/docxodus/pdf_by_word/93e2be10e6_font_size_18_demo_style_default_missing__vs__c20e9b2d21_font_size_24_demo_id_paraid_overflow_redline_09b081cf95_docxodus.pdf,e9c5a5461ef33e5b0f93e8b6492cb694c10cde1a61ab45c7ebe104c317680e6c
5ad6e6d44f_0199027cbf967c88ab833b77e5bc5d629bacecbd40a87c26__vs__1424386e9b_017447de83753a0e3b7afc659df038ef56972925336c6a5b_redline_ede1920163,ede1920163,tracking_without_comments,redlines_a100_b10,corpus,/Users/arthrod/temp/T/neurotic_docx_bench/corpus/word/tracking_without_comments/pdf/5ad6e6d44f_0199027cbf967c88ab833b77e5bc5d629bacecbd40a87c26__vs__1424386e9b_017447de83753a0e3b7afc659df038ef56972925336c6a5b_redline_ede1920163.pdf,4b3d70b7a4da3913f0e3b8ab88630bd24cc061d385138b60b49b693c380acb52,/Users/arthrod/temp/T/neurotic_docx_bench/results/redlines_0929_full/docxodus/pdf_by_word/5ad6e6d44f_0199027cbf967c88ab833b77e5bc5d629bacecbd40a87c26__vs__1424386e9b_017447de83753a0e3b7afc659df038ef56972925336c6a5b_redline_ede1920163_docxodus.pdf,c28e21cdd26a13f97a77c8bf53743d5b30886713f95382c2bff4b1c27f8b0c40
6867e05e76_00b0d42bbea3b9bac7bc95466cf416f6c89a8cda62bbf3d7__vs__2773adf157_0004c94ca2a8684d47449bb0e7abf87de1df71a7e6543252_redline_eeca464515,eeca464515,tracking_without_comments,redlines_a100_b10,corpus,/Users/arthrod/temp/T/neurotic_docx_bench/corpus/word/tracking_without_comments/pdf/6867e05e76_00b0d42bbea3b9bac7bc95466cf416f6c89a8cda62bbf3d7__vs__2773adf157_0004c94ca2a8684d47449bb0e7abf87de1df71a7e6543252_redline_eeca464515.pdf,555b6b6adf4aea59c343d318ef6faa6701a88f03f69b2609288f4f1155bc9aab,/Users/arthrod/temp/T/neurotic_docx_bench/results/redlines_0929_full/docxodus/pdf_by_word/6867e05e76_00b0d42bbea3b9bac7bc95466cf416f6c89a8cda62bbf3d7__vs__2773adf157_0004c94ca2a8684d47449bb0e7abf87de1df71a7e6543252_redline_eeca464515_docxodus.pdf,34e7f132331e7dbff7d2be434a50c40a505dd9352c989faa9ec1dd301ebb4fe9
3539cf2404_cli_legacy__replace_test_0a793f01__vs__bb35ae41ba_evals__comments_doc_79800b37_redline_eede96cbf6,eede96cbf6,with_comments_tracking,word_redlines_superdoc_0926,fresh,/Users/arthrod/temp/T/compare_regen/out/eede96cbf6__vs__eede96cbf6.pdf,8e5872f1c822d380036b5cabc03b8b98004db45503c77c97afaba892ead0959b,/Users/arthrod/temp/T/neurotic_docx_bench/results/redlines_0929_full/docxodus/pdf_by_word/3539cf2404_cli_legacy__replace_test_0a793f01__vs__bb35ae41ba_evals__comments_doc_79800b37_redline_ce73379cca_docxodus.pdf,53277185b0b089e48b1e3e6334f1eb4588c711f80c5bd72839fc7357871c8223
30e84496e2_bullet_list_bold_demo_id_paraid_overflow__vs__9d3fa84f9f_bullet_list_demo_id_paraid_overflow_redline_ef28b8340d,ef28b8340d,tracking_without_comments,word_based,corpus,/Users/arthrod/temp/T/neurotic_docx_bench/corpus/word/tracking_without_comments/pdf/30e84496e2_bullet_list_bold_demo_id_paraid_overflow__vs__9d3fa84f9f_bullet_list_demo_id_paraid_overflow_redline_ef28b8340d.pdf,b62bf1db6af2a577e319932e09d348634974f6c839732d010f8d343b69d248c6,/Users/arthrod/temp/T/neurotic_docx_bench/results/redlines_0929_full/docxodus/pdf_by_word/30e84496e2_bullet_list_bold_demo_id_paraid_overflow__vs__9d3fa84f9f_bullet_list_demo_id_paraid_overflow_redline_086970eb1e_docxodus.pdf,0d3ebe09f80b071ee0d4f5a6e8d505ecdad0b28ac5a42b090f5f5c55d2e595c7
12941c2a77_0023298b011b45232675215822f0f728678a238756d763c8__vs__deff0e697a_00b5defcad6e58038eac35472a2d48c89905068e5ece0cc3_redline_ef3fa5ea66,ef3fa5ea66,tracking_without_comments,redlines_a100_b10,corpus,/Users/arthrod/temp/T/neurotic_docx_bench/corpus/word/tracking_without_comments/pdf/12941c2a77_0023298b011b45232675215822f0f728678a238756d763c8__vs__deff0e697a_00b5defcad6e58038eac35472a2d48c89905068e5ece0cc3_redline_ef3fa5ea66.pdf,dc4a398500c018f8c1e3f08329888ecf38b1c633521ac40c361524d7e88a66f0,/Users/arthrod/temp/T/neurotic_docx_bench/results/redlines_0929_full/docxodus/pdf_by_word/12941c2a77_0023298b011b45232675215822f0f728678a238756d763c8__vs__deff0e697a_00b5defcad6e58038eac35472a2d48c89905068e5ece0cc3_redline_ef3fa5ea66_docxodus.pdf,2b9980e625fff3f56648422035828817e702e0ca0a78ad7c6d4017c015e97dc2
cefef4e4f5_yellow_highlight_demo_id_paraid_overflow__vs__a391978591_yellow_highlight_italic_demo_style_default_missi_redline_f02a796ff6,f02a796ff6,tracking_without_comments,word_based;fixtures_word_compares,fresh,/Users/arthrod/temp/T/compare_regen/out/f02a796ff6__vs__f02a796ff6.pdf,cb0ed3a0433e50bad9aa78079f789577afffa29ec59b4ba74a236fc52b685f03,/Users/arthrod/temp/T/neurotic_docx_bench/results/redlines_0929_full/docxodus/pdf_by_word/cefef4e4f5_yellow_highlight_demo_id_paraid_overflow__vs__a391978591_yellow_highlight_italic_demo_style_default_missi_redline_aec80553e5_docxodus.pdf,f666afe061df478d193c319e3a0b341367968e1c361e574a6bc197b669ce4c81
9be7e36de4_00c3fd2d23e8acf016f9b2fb44f4ee84789abc39c820e7ab__vs__2773adf157_0004c94ca2a8684d47449bb0e7abf87de1df71a7e6543252_redline_f1257ca7ea,f1257ca7ea,tracking_without_comments,redlines_a100_b10,corpus,/Users/arthrod/temp/T/neurotic_docx_bench/corpus/word/tracking_without_comments/pdf/9be7e36de4_00c3fd2d23e8acf016f9b2fb44f4ee84789abc39c820e7ab__vs__2773adf157_0004c94ca2a8684d47449bb0e7abf87de1df71a7e6543252_redline_f1257ca7ea.pdf,68e2935ea287fdd4272dd5d500da3d83b749bec04a0628f0a0fe76b5c5cdbddf,/Users/arthrod/temp/T/neurotic_docx_bench/results/redlines_0929_full/docxodus/pdf_by_word/9be7e36de4_00c3fd2d23e8acf016f9b2fb44f4ee84789abc39c820e7ab__vs__2773adf157_0004c94ca2a8684d47449bb0e7abf87de1df71a7e6543252_redline_f1257ca7ea_docxodus.pdf,b2bfd465822d4c399f55313ed12df30cb25aed4e305fc8deb0d60b85e2283db7
0fca4cca5b_file_155__vs__3f9e57ae11_file_156_redline_f15c558534,f15c558534,tracking_without_comments,word_based_randomized,corpus,/Users/arthrod/temp/T/neurotic_docx_bench/corpus/word/tracking_without_comments/pdf/0fca4cca5b_file_155__vs__3f9e57ae11_file_156_redline_f15c558534.pdf,e227752bf3f9f5e9962108badd68dc824779cff6c59dc68d89306a98cb871604,/Users/arthrod/temp/T/neurotic_docx_bench/results/redlines_0929_full/docxodus/pdf_by_word/0fca4cca5b_file_155__vs__3f9e57ae11_file_156_redline_16096662c4_docxodus.pdf,1948baea9aab33cc14f92d10e630323a32f6482b5c88e1eaf75d9322d7775dc1
6fffde4ae2_000bf66110e841e1d2c2e862fc7db869b8d410586ad12d0d__vs__aa5340125d_00a4b0b91e9b5b072dc3771391c2d608518690eccf44eae8_redline_f2197b6411,f2197b6411,tracking_without_comments,redlines_a100_b10,corpus,/Users/arthrod/temp/T/neurotic_docx_bench/corpus/word/tracking_without_comments/pdf/6fffde4ae2_000bf66110e841e1d2c2e862fc7db869b8d410586ad12d0d__vs__aa5340125d_00a4b0b91e9b5b072dc3771391c2d608518690eccf44eae8_redline_f2197b6411.pdf,3f9392d10022ada1ff9199f1a5f50af3700db7d559d276ac10255a4a5d137f9a,/Users/arthrod/temp/T/neurotic_docx_bench/results/redlines_0929_full/docxodus/pdf_by_word/6fffde4ae2_000bf66110e841e1d2c2e862fc7db869b8d410586ad12d0d__vs__aa5340125d_00a4b0b91e9b5b072dc3771391c2d608518690eccf44eae8_redline_f2197b6411_docxodus.pdf,b6c525bfc511e9fd344eec28215ad086fbde32547e527d13a90c379beece57fd
09c4b04252_project_tasks_suggesting_insertions_2__vs__c40c88e402_project_tasks_suggesting_insertions_redline_f2b0b00c65,f2b0b00c65,tracking_without_comments,word_based;fixtures_word_compares,fresh,/Users/arthrod/temp/T/compare_regen/out/f2b0b00c65__vs__f2b0b00c65.pdf,3a0280c5fc06e47973413e998392532715b6737995616f35b854377c8aa02a7b,/Users/arthrod/temp/T/neurotic_docx_bench/results/redlines_0929_full/docxodus/pdf_by_word/09c4b04252_project_tasks_suggesting_insertions_2__vs__c40c88e402_project_tasks_suggesting_insertions_redline_17c822fbe5_docxodus.pdf,18f058aad13dfb6615b8a13caa3f1b9a0bac863c01949f3eece8d3cd8b5ed3ac
f786f1da65_001921017566904561ee8ce26ec591c5fb4cd1655b295518__vs__a5f2b9318d_002aa60c2ae1187417b4b157c5ec6450324cc056ec551a12_redline_f2f9d9b24a,f2f9d9b24a,tracking_without_comments,redlines_a100_b10,corpus,/Users/arthrod/temp/T/neurotic_docx_bench/corpus/word/tracking_without_comments/pdf/f786f1da65_001921017566904561ee8ce26ec591c5fb4cd1655b295518__vs__a5f2b9318d_002aa60c2ae1187417b4b157c5ec6450324cc056ec551a12_redline_f2f9d9b24a.pdf,3c4ae4aefd1c1b9b1ac625aa749e40a4dc9cf097304c2435d9bf4459b01ab39b,/Users/arthrod/temp/T/neurotic_docx_bench/results/redlines_0929_full/docxodus/pdf_by_word/f786f1da65_001921017566904561ee8ce26ec591c5fb4cd1655b295518__vs__a5f2b9318d_002aa60c2ae1187417b4b157c5ec6450324cc056ec551a12_redline_f2f9d9b24a_docxodus.pdf,962daa23ff2844a1c0394373ca08ff23ded5abc56f1282280a82bb08365e956f
4db02133f5_0007ed60dbbc648e714534360ae72dd054c8322b82ac5609__vs__342f364d46_001342333d45627868f4dc5282abbba4598a91b4a7584b08_redline_f309056f9b,f309056f9b,tracking_without_comments,redlines_a100_b10,corpus,/Users/arthrod/temp/T/neurotic_docx_bench/corpus/word/tracking_without_comments/pdf/4db02133f5_0007ed60dbbc648e714534360ae72dd054c8322b82ac5609__vs__342f364d46_001342333d45627868f4dc5282abbba4598a91b4a7584b08_redline_f309056f9b.pdf,5cee4edcaa9f7e450f74ed940e29d07ba54b3e94aca34121e341e06d443bf413,/Users/arthrod/temp/T/neurotic_docx_bench/results/redlines_0929_full/docxodus/pdf_by_word/4db02133f5_0007ed60dbbc648e714534360ae72dd054c8322b82ac5609__vs__342f364d46_001342333d45627868f4dc5282abbba4598a91b4a7584b08_redline_f309056f9b_docxodus.pdf,13d0def45e3f4067593a4f45713e8b20b2000eceee8621cc1a672afab633a2ce
cb4f8b4a43_a705aeb161204d5047c4d61ed25600bc39f07a24761c4b8c__vs__f162fdb95f_b0347bad5793fe02b5d275a7d8e8620d44028811971b0f6d_redline_f3f426dc89,f3f426dc89,tracking_without_comments,redlines_en_500,corpus,/Users/arthrod/temp/T/neurotic_docx_bench/corpus/word/tracking_without_comments/pdf/cb4f8b4a43_a705aeb161204d5047c4d61ed25600bc39f07a24761c4b8c__vs__f162fdb95f_b0347bad5793fe02b5d275a7d8e8620d44028811971b0f6d_redline_f3f426dc89.pdf,4e31e9a9c79fc9d021ede218aeb5bd585140cc4044dffc025da6439d0fa01d22,/Users/arthrod/temp/T/neurotic_docx_bench/results/redlines_0929_full/docxodus/pdf_by_word/cb4f8b4a43_a705aeb161204d5047c4d61ed25600bc39f07a24761c4b8c__vs__f162fdb95f_b0347bad5793fe02b5d275a7d8e8620d44028811971b0f6d_redline_f3f426dc89_docxodus.pdf,7f172a25c49022b4d986af9fa2dba4dc458a6c058bd05200265a07e3ece27b04
048aab732f_4bec88f88424107024aff883b5838333fbae149ecfa95e3e__vs__f9fd30aee1_1c7818800c02640e8e44b03151617024d45b0d6e3d7de49b_redline_f43143bbb5,f43143bbb5,tracking_without_comments,redlines_en_500,corpus,/Users/arthrod/temp/T/neurotic_docx_bench/corpus/word/tracking_without_comments/pdf/048aab732f_4bec88f88424107024aff883b5838333fbae149ecfa95e3e__vs__f9fd30aee1_1c7818800c02640e8e44b03151617024d45b0d6e3d7de49b_redline_f43143bbb5.pdf,91b8cbf5738a6c732d17472837a0af3e8923cc2241c0fc797aae8012ccbe0e16,/Users/arthrod/temp/T/neurotic_docx_bench/results/redlines_0929_full/docxodus/pdf_by_word/048aab732f_4bec88f88424107024aff883b5838333fbae149ecfa95e3e__vs__f9fd30aee1_1c7818800c02640e8e44b03151617024d45b0d6e3d7de49b_redline_f43143bbb5_docxodus.pdf,d0a3f85ea6cb35624281f620fb6ad6de97e405d73fcea6752baea8ad804326ea
2d9166078a_file_24__vs__cec0607d40_file_25_redline_f5345067bd,f5345067bd,tracking_without_comments,word_based_randomized_0926,corpus,/Users/arthrod/temp/T/neurotic_docx_bench/corpus/word/tracking_without_comments/pdf/2d9166078a_file_24__vs__cec0607d40_file_25_redline_f5345067bd.pdf,c8f829eab1e7646b1dd1b73819ff57e857a7788cfd222927e40db0db4f24a161,/Users/arthrod/temp/T/neurotic_docx_bench/results/redlines_0929_full/docxodus/pdf_by_word/2d9166078a_file_24__vs__cec0607d40_file_25_redline_7a7dde5cc0_docxodus.pdf,4b9c5bca5180e8420eec02cb1e9bcc2c78efee572f65616455fcf6b709f73cc5
798e9f7226_file_150__vs__0935a8a24e_file_151_redline_f5def8948d,f5def8948d,tracking_without_comments,word_based_randomized,corpus,/Users/arthrod/temp/T/neurotic_docx_bench/corpus/word/tracking_without_comments/pdf/798e9f7226_file_150__vs__0935a8a24e_file_151_redline_f5def8948d.pdf,88708df12a3a454113ec18a202e479b2ec7925cf2c84ace24079881078211df7,/Users/arthrod/temp/T/neurotic_docx_bench/results/redlines_0929_full/docxodus/pdf_by_word/798e9f7226_file_150__vs__0935a8a24e_file_151_redline_d2bede1df3_docxodus.pdf,0984af9ffcc69ffc7742ac2027b2aac1c052285440d861cb108ae2ef5d5bd032
555f3bce3f_bullet_list_demo_id_paraid_overflow__vs__ffbd6a0327_calibri_bold_italic_demo_id_paraid_overflow_redline_f670d03eff,f670d03eff,tracking_without_comments,nocomments,corpus,/Users/arthrod/temp/T/neurotic_docx_bench/corpus/word/tracking_without_comments/pdf/555f3bce3f_bullet_list_demo_id_paraid_overflow__vs__ffbd6a0327_calibri_bold_italic_demo_id_paraid_overflow_redline_f670d03eff.pdf,d12527f6774d818e975f78016d855a04d4c138df49f77076bb4c58424a2906e3,/Users/arthrod/temp/T/neurotic_docx_bench/results/redlines_0929_full/docxodus/pdf_by_word/555f3bce3f_bullet_list_demo_id_paraid_overflow__vs__ffbd6a0327_calibri_bold_italic_demo_id_paraid_overflow_redline_f670d03eff_docxodus.pdf,ad36a8182d9d20727b4205f4f963507652402ffb76ec3ceae4292d7ab7c7500e
9be7e36de4_00c3fd2d23e8acf016f9b2fb44f4ee84789abc39c820e7ab__vs__deff0e697a_00b5defcad6e58038eac35472a2d48c89905068e5ece0cc3_redline_f6c99c51c2,f6c99c51c2,tracking_without_comments,redlines_a100_b10,corpus,/Users/arthrod/temp/T/neurotic_docx_bench/corpus/word/tracking_without_comments/pdf/9be7e36de4_00c3fd2d23e8acf016f9b2fb44f4ee84789abc39c820e7ab__vs__deff0e697a_00b5defcad6e58038eac35472a2d48c89905068e5ece0cc3_redline_f6c99c51c2.pdf,309c692e7319611763c3536df6fb6204e61d865086b3a2ff1fd799c843009caa,/Users/arthrod/temp/T/neurotic_docx_bench/results/redlines_0929_full/docxodus/pdf_by_word/9be7e36de4_00c3fd2d23e8acf016f9b2fb44f4ee84789abc39c820e7ab__vs__deff0e697a_00b5defcad6e58038eac35472a2d48c89905068e5ece0cc3_redline_f6c99c51c2_docxodus.pdf,e6cc4bdc09cbf3ba090633f21fb684104024d615081c9d5d04bae9694c6452fe
fdb2976d19_01415d08f6d1a428e6949533adcd6249cf25676d98d0b78c__vs__bd3824dd1e_000ee64ef7226d353297888f59a251e24ce5d776fea000fa_redline_f78b44f607,f78b44f607,tracking_without_comments,redlines_a100_b10,corpus,/Users/arthrod/temp/T/neurotic_docx_bench/corpus/word/tracking_without_comments/pdf/fdb2976d19_01415d08f6d1a428e6949533adcd6249cf25676d98d0b78c__vs__bd3824dd1e_000ee64ef7226d353297888f59a251e24ce5d776fea000fa_redline_f78b44f607.pdf,9cd785c09733b9eca8f86c3e15b7cad5078b93af062e26b0209089e0ee3021d6,/Users/arthrod/temp/T/neurotic_docx_bench/results/redlines_0929_full/docxodus/pdf_by_word/fdb2976d19_01415d08f6d1a428e6949533adcd6249cf25676d98d0b78c__vs__bd3824dd1e_000ee64ef7226d353297888f59a251e24ce5d776fea000fa_redline_f78b44f607_docxodus.pdf,8794ff8bae661d621096e72ce6426c0d93686fcc20eccdf71dbb1ab0e3264942
0800162a66_000799b53487acb327ccf0c0ab87fb14b9e8636346719296__vs__2e04202552_000e3e7bd2d6215fc7b469cc3e296c1b2a510bc1abc7e0fd_redline_f7ff3d75ec,f7ff3d75ec,tracking_without_comments,redlines_a100_b10,corpus,/Users/arthrod/temp/T/neurotic_docx_bench/corpus/word/tracking_without_comments/pdf/0800162a66_000799b53487acb327ccf0c0ab87fb14b9e8636346719296__vs__2e04202552_000e3e7bd2d6215fc7b469cc3e296c1b2a510bc1abc7e0fd_redline_f7ff3d75ec.pdf,efe9cb9de15232cecdcc49f18a8ba8870b13cb8461f927a827383d78cb56494f,/Users/arthrod/temp/T/neurotic_docx_bench/results/redlines_0929_full/docxodus/pdf_by_word/0800162a66_000799b53487acb327ccf0c0ab87fb14b9e8636346719296__vs__2e04202552_000e3e7bd2d6215fc7b469cc3e296c1b2a510bc1abc7e0fd_redline_f7ff3d75ec_docxodus.pdf,14bef7e71323293abdd2df2f149f7a1e86c9e5ff1f299f7cf9a26f16852a33fc
df9ffe9a8c_file_16__vs__ec900bd182_file_17_redline_f8286525f6,f8286525f6,tracking_without_comments,nocomments_randomized,corpus,/Users/arthrod/temp/T/neurotic_docx_bench/corpus/word/tracking_without_comments/pdf/df9ffe9a8c_file_16__vs__ec900bd182_file_17_redline_f8286525f6.pdf,06c7f5333e151293e54c19d1f452f3cebbb93d980ff0ba75190e669b3a050add,/Users/arthrod/temp/T/neurotic_docx_bench/results/redlines_0929_full/docxodus/pdf_by_word/df9ffe9a8c_file_16__vs__ec900bd182_file_17_redline_f8286525f6_docxodus.pdf,adfce24bd2979e27f00fa32fed5db58be485adff9f6baffec0037882b99273f1
dd85373a71_008b84e05498068c49efc5a0b73f9d5ae7992f045de8c514__vs__a5f2b9318d_002aa60c2ae1187417b4b157c5ec6450324cc056ec551a12_redline_f89b2e8365,f89b2e8365,tracking_without_comments,redlines_a100_b10,corpus,/Users/arthrod/temp/T/neurotic_docx_bench/corpus/word/tracking_without_comments/pdf/dd85373a71_008b84e05498068c49efc5a0b73f9d5ae7992f045de8c514__vs__a5f2b9318d_002aa60c2ae1187417b4b157c5ec6450324cc056ec551a12_redline_f89b2e8365.pdf,5855b2b4f6bf6a8a8fe8770f055d0781dce6c17ce8e282a1b68cb7faee1e5000,/Users/arthrod/temp/T/neurotic_docx_bench/results/redlines_0929_full/docxodus/pdf_by_word/dd85373a71_008b84e05498068c49efc5a0b73f9d5ae7992f045de8c514__vs__a5f2b9318d_002aa60c2ae1187417b4b157c5ec6450324cc056ec551a12_redline_f89b2e8365_docxodus.pdf,50b8f193f5699f8db03b43150dcd5c8a41b9ca223c39df150e40d7c1c0f2591d
8b45820aa8_file_100__vs__0d6cc8a99c_file_101_redline_f953aac51a,f953aac51a,tracking_without_comments,nocomments_randomized,corpus,/Users/arthrod/temp/T/neurotic_docx_bench/corpus/word/tracking_without_comments/pdf/8b45820aa8_file_100__vs__0d6cc8a99c_file_101_redline_f953aac51a.pdf,8414b70e15b5f65300001c61d32e5a78e53888d8d5eb95e7d308fa7ebfffa0e2,,
a98d0a8c12_center_alignment_demo_id_paraid_overflow_2__vs__cb340e4c6a_center_alignment_demo_id_paraid_overflow_redline_fa65e6ca11,fa65e6ca11,tracking_without_comments,word_based,corpus,/Users/arthrod/temp/T/neurotic_docx_bench/corpus/word/tracking_without_comments/pdf/a98d0a8c12_center_alignment_demo_id_paraid_overflow_2__vs__cb340e4c6a_center_alignment_demo_id_paraid_overflow_redline_fa65e6ca11.pdf,6c7a8c53deee6c717b3c1a4b6c503cc7d398f5ebff84dd20151b56c9c4ae9df0,/Users/arthrod/temp/T/neurotic_docx_bench/results/redlines_0929_full/docxodus/pdf_by_word/a98d0a8c12_center_alignment_demo_id_paraid_overflow_2__vs__cb340e4c6a_center_alignment_demo_id_paraid_overflow_redline_aab02de072_docxodus.pdf,efdceadd7640d74e7bb7f0d0d3ab42333ac5fd8981433c026d8bd279298ec964
635dfded4d_red_heading_demo_id_paraid_overflow__vs__3acaee795f_red_strikethrough_demo_style_default_missing_redline_fad67b15df,fad67b15df,tracking_without_comments,word_based,corpus,/Users/arthrod/temp/T/neurotic_docx_bench/corpus/word/tracking_without_comments/pdf/635dfded4d_red_heading_demo_id_paraid_overflow__vs__3acaee795f_red_strikethrough_demo_style_default_missing_redline_fad67b15df.pdf,31a11254ea1acf4e2ce829b37f331c725c0d54882de6bdf73ac064dd2b2128cf,/Users/arthrod/temp/T/neurotic_docx_bench/results/redlines_0929_full/docxodus/pdf_by_word/635dfded4d_red_heading_demo_id_paraid_overflow__vs__3acaee795f_red_strikethrough_demo_style_default_missing_redline_4f5404b0fa_docxodus.pdf,a799be57f01a8dfedf21aaa2d35978c36306e28604e75daf8fdf6690e4cd80cf
bcd9885022_3f8904d5c2347b1cbdad3ccab4dd3f55a20578b126932e1c__vs__bcb411e0dd_156c3b3ee6ea007ac5904cd8acba1b196939ed86235a029e_redline_fc700b6af5,fc700b6af5,tracking_without_comments,redlines_en_500,corpus,/Users/arthrod/temp/T/neurotic_docx_bench/corpus/word/tracking_without_comments/pdf/bcd9885022_3f8904d5c2347b1cbdad3ccab4dd3f55a20578b126932e1c__vs__bcb411e0dd_156c3b3ee6ea007ac5904cd8acba1b196939ed86235a029e_redline_fc700b6af5.pdf,63f8da4305a95248c1ffc7f6b24bc19db7e7c143dad707531b44b79e56d38e84,/Users/arthrod/temp/T/neurotic_docx_bench/results/redlines_0929_full/docxodus/pdf_by_word/bcd9885022_3f8904d5c2347b1cbdad3ccab4dd3f55a20578b126932e1c__vs__bcb411e0dd_156c3b3ee6ea007ac5904cd8acba1b196939ed86235a029e_redline_fc700b6af5_docxodus.pdf,1dd6606c2007b8ef57cf94303033d391457dd7724cc50c6c5904b70511e70e43
0e6f813e69_00d2ca27359f3d1d5ee2c2904b48a3e4717faf7fdf6413f6__vs__deff0e697a_00b5defcad6e58038eac35472a2d48c89905068e5ece0cc3_redline_fce8ea8032,fce8ea8032,tracking_without_comments,redlines_a100_b10,corpus,/Users/arthrod/temp/T/neurotic_docx_bench/corpus/word/tracking_without_comments/pdf/0e6f813e69_00d2ca27359f3d1d5ee2c2904b48a3e4717faf7fdf6413f6__vs__deff0e697a_00b5defcad6e58038eac35472a2d48c89905068e5ece0cc3_redline_fce8ea8032.pdf,b01e336b3df68de36c88bf1f852fe354c40d6079b498490ac461a942487a046f,/Users/arthrod/temp/T/neurotic_docx_bench/results/redlines_0929_full/docxodus/pdf_by_word/0e6f813e69_00d2ca27359f3d1d5ee2c2904b48a3e4717faf7fdf6413f6__vs__deff0e697a_00b5defcad6e58038eac35472a2d48c89905068e5ece0cc3_redline_fce8ea8032_docxodus.pdf,a95b62740bc1998bc1b2b6765eb693d7859c188dc999d5e306ab4bbc45e70bb9
f43f6ef305_002042b8a23533ba746bf4eaf56b5e62642cc111f5f5fcff__vs__bd3824dd1e_000ee64ef7226d353297888f59a251e24ce5d776fea000fa_redline_fd2201fe85,fd2201fe85,tracking_without_comments,redlines_a100_b10,corpus,/Users/arthrod/temp/T/neurotic_docx_bench/corpus/word/tracking_without_comments/pdf/f43f6ef305_002042b8a23533ba746bf4eaf56b5e62642cc111f5f5fcff__vs__bd3824dd1e_000ee64ef7226d353297888f59a251e24ce5d776fea000fa_redline_fd2201fe85.pdf,50c369fe166710972c968bdf09c25deec48976510f5f33437ea7a3b6944e4ca0,/Users/arthrod/temp/T/neurotic_docx_bench/results/redlines_0929_full/docxodus/pdf_by_word/f43f6ef305_002042b8a23533ba746bf4eaf56b5e62642cc111f5f5fcff__vs__bd3824dd1e_000ee64ef7226d353297888f59a251e24ce5d776fea000fa_redline_fd2201fe85_docxodus.pdf,7f11a5950e28f3371e1bef6c12c3a3f69bcd4f218f4e6f9d498e114e5f6127c9
133bbfae84_right_alignment_demo_id_paraid_overflow_2__vs__572990f05c_right_alignment_demo_id_paraid_overflow_redline_fdd264a203,fdd264a203,tracking_without_comments,word_based_0926,corpus,/Users/arthrod/temp/T/neurotic_docx_bench/corpus/word/tracking_without_comments/pdf/133bbfae84_right_alignment_demo_id_paraid_overflow_2__vs__572990f05c_right_alignment_demo_id_paraid_overflow_redline_fdd264a203.pdf,e8392b1a48e62dd6b816c019abcb89f29a7a3ff516ce34a8dd8efe28809524fc,/Users/arthrod/temp/T/neurotic_docx_bench/results/redlines_0929_full/docxodus/pdf_by_word/133bbfae84_right_alignment_demo_id_paraid_overflow_2__vs__572990f05c_right_alignment_demo_id_paraid_overflow_redline_cad6a08350_docxodus.pdf,9fd7f8bbb6d12c62850f93dee5c24d3a6cf76b5e60b28dfdc05ebaf0a7d4898e
aa58aada65_00160046fb2516a560a9681d7ae3e6f4659af57d19555d4e__vs__deff0e697a_00b5defcad6e58038eac35472a2d48c89905068e5ece0cc3_redline_fdd8a39d1a,fdd8a39d1a,tracking_without_comments,redlines_a100_b10,corpus,/Users/arthrod/temp/T/neurotic_docx_bench/corpus/word/tracking_without_comments/pdf/aa58aada65_00160046fb2516a560a9681d7ae3e6f4659af57d19555d4e__vs__deff0e697a_00b5defcad6e58038eac35472a2d48c89905068e5ece0cc3_redline_fdd8a39d1a.pdf,99c8526ab586dcedda2e3e00b1e84f354c36ab9bc31bb24a5299e073cff35b97,/Users/arthrod/temp/T/neurotic_docx_bench/results/redlines_0929_full/docxodus/pdf_by_word/aa58aada65_00160046fb2516a560a9681d7ae3e6f4659af57d19555d4e__vs__deff0e697a_00b5defcad6e58038eac35472a2d48c89905068e5ece0cc3_redline_fdd8a39d1a_docxodus.pdf,ed9b93a6ec6d4d13431b8125befd2a0f6f1825f90f9fa6f774d3357abd74111e
39b73c977c_title_style_demo_style_default_missing__vs__3126703962_track_changes_editing_bullet_id_paraid_overflow_redline_fe2fb2ad13,fe2fb2ad13,tracking_without_comments,word_based_0926,corpus,/Users/arthrod/temp/T/neurotic_docx_bench/corpus/word/tracking_without_comments/pdf/39b73c977c_title_style_demo_style_default_missing__vs__3126703962_track_changes_editing_bullet_id_paraid_overflow_redline_fe2fb2ad13.pdf,fd158897127e1529d702a3fc0325a7064be06810eb1dcef549166816a26640d7,/Users/arthrod/temp/T/neurotic_docx_bench/results/redlines_0929_full/docxodus/pdf_by_word/39b73c977c_title_style_demo_style_default_missing__vs__3126703962_track_changes_editing_bullet_id_paraid_overflow_redline_50027fb5a5_docxodus.pdf,cf4c6280f3aa69e0b9e8809198305751b32685bbfd03a1aa7d2bea1becdd7b06
e663016796_behavior__sd_2672_multipara_cell_4d1f068e__vs__8ee210e927_super_editor__missing_separator_41c823b9_redline_fe4bbe5273,fe4bbe5273,tracking_without_comments,word_redlines_superdoc_0926,corpus,/Users/arthrod/temp/T/neurotic_docx_bench/corpus/word/tracking_without_comments/pdf/e663016796_behavior__sd_2672_multipara_cell_4d1f068e__vs__8ee210e927_super_editor__missing_separator_41c823b9_redline_fe4bbe5273.pdf,4cd781645c1bca89748022e5de07e31c38f67e3fbddeb49de05cae11eaa7d372,/Users/arthrod/temp/T/neurotic_docx_bench/results/redlines_0929_full/docxodus/pdf_by_word/e663016796_behavior__sd_2672_multipara_cell_4d1f068e__vs__8ee210e927_super_editor__missing_separator_41c823b9_redline_e981300405_docxodus.pdf,3a83eba81996837acb1f635cdb18b492bc565af2d806a9072f5c351657abcc9b
f9ca1d3348_277e57f3da9c9b557af1abffa61255c6e8036e032a64a874__vs__65695b941a_71df1fd99914a3abfca2de1775ccb4b2400f12430110f55d_redline_feacbc347e,feacbc347e,tracking_without_comments,redlines_en_500,corpus,/Users/arthrod/temp/T/neurotic_docx_bench/corpus/word/tracking_without_comments/pdf/f9ca1d3348_277e57f3da9c9b557af1abffa61255c6e8036e032a64a874__vs__65695b941a_71df1fd99914a3abfca2de1775ccb4b2400f12430110f55d_redline_feacbc347e.pdf,16023e93de2b72380345d51cd81eef9b7560e6cb8a412376ab3cea71a96d1003,,
df3c3e7c40_behavior__math_func_tests_0434dd11__vs__4edcbf241a_behavior__math_groupchr_tests_4a4970fc_redline_fed30d399d,fed30d399d,tracking_without_comments,word_redlines_superdoc,corpus,/Users/arthrod/temp/T/neurotic_docx_bench/corpus/word/tracking_without_comments/pdf/df3c3e7c40_behavior__math_func_tests_0434dd11__vs__4edcbf241a_behavior__math_groupchr_tests_4a4970fc_redline_fed30d399d.pdf,da4e8d98d59fa5ab51a1828733b46e960a7c73ab4630b9adbec084da3dc0b7fc,/Users/arthrod/temp/T/neurotic_docx_bench/results/redlines_0929_full/docxodus/pdf_by_word/df3c3e7c40_behavior__math_func_tests_0434dd11__vs__4edcbf241a_behavior__math_groupchr_tests_4a4970fc_redline_9ef7f0f9d2_docxodus.pdf,89e0ff6349e61376efb300fa3f597dd14585961868e32e08b06f2d1d55daba05
a1899173ff_cb24cea07ba59800a7dfa80de9f384885bf6e1c1b0aa967d__vs__c934a90fba_ceb60fdd4393406b78e51cb3aae7fde107a93a9e5eb97197_redline_fedc2c0ba6,fedc2c0ba6,tracking_without_comments,redlines_en_500,corpus,/Users/arthrod/temp/T/neurotic_docx_bench/corpus/word/tracking_without_comments/pdf/a1899173ff_cb24cea07ba59800a7dfa80de9f384885bf6e1c1b0aa967d__vs__c934a90fba_ceb60fdd4393406b78e51cb3aae7fde107a93a9e5eb97197_redline_fedc2c0ba6.pdf,2e2c21d4bf9fe4e21111b3dcd2fe13fd6ad709f2ad10068a268e99d2b6b0b3d1,/Users/arthrod/temp/T/neurotic_docx_bench/results/redlines_0929_full/docxodus/pdf_by_word/a1899173ff_cb24cea07ba59800a7dfa80de9f384885bf6e1c1b0aa967d__vs__c934a90fba_ceb60fdd4393406b78e51cb3aae7fde107a93a9e5eb97197_redline_fedc2c0ba6_docxodus.pdf,54b90f899fb998c3c475741f5849e4622765b81bc248109c9680f2c541185873
0ea7414d2c_support_tickets_table__vs__6683d1be44_table_bookmark_end_redline_ff4144939a,ff4144939a,tracking_without_comments,nocomments,corpus,/Users/arthrod/temp/T/neurotic_docx_bench/corpus/word/tracking_without_comments/pdf/0ea7414d2c_support_tickets_table__vs__6683d1be44_table_bookmark_end_redline_ff4144939a.pdf,c8ffe894fdbbc22bf3fdd3804be6b264051a98fd66fc7ae875208b40377a0581,/Users/arthrod/temp/T/neurotic_docx_bench/results/redlines_0929_full/docxodus/pdf_by_word/0ea7414d2c_support_tickets_table__vs__6683d1be44_table_bookmark_end_redline_ff4144939a_docxodus.pdf,8ae39b094e2d355f576017bf3d5f3b38d61c8316e7a4be3422bdf46092677024
90cef57bac_eigenpal_docx_editor_suggesting_mixed_edits__vs__f644da9aeb_employee_directory_table_2_redline_ff42b4a7a3,ff42b4a7a3,with_comments_tracking,word_based_0926,fresh,/Users/arthrod/temp/T/compare_regen/out/ff42b4a7a3__vs__ff42b4a7a3.pdf,842ac1f1efb0eebeac0e40082497194857248a23b2472f1226442caadc783099,/Users/arthrod/temp/T/neurotic_docx_bench/results/redlines_0929_full/docxodus/pdf_by_word/90cef57bac_eigenpal_docx_editor_suggesting_mixed_edits__vs__f644da9aeb_employee_directory_table_2_redline_b351836b34_docxodus.pdf,0f56ef5d4cca309e15328910e9ac15e3c2c3dfaa9bbe1cd528acee9bac87b0a6
193054264a_127a38d92f96a2a732d0f22d6eaad012191ba6d7525d619a__vs__0a3a0c1a32_36c6d281d1ea6bbef531f8c4ac6f8a3089348db8d85da6c6_redline_ff806d3b39,ff806d3b39,tracking_without_comments,redlines_en_500,corpus,/Users/arthrod/temp/T/neurotic_docx_bench/corpus/word/tracking_without_comments/pdf/193054264a_127a38d92f96a2a732d0f22d6eaad012191ba6d7525d619a__vs__0a3a0c1a32_36c6d281d1ea6bbef531f8c4ac6f8a3089348db8d85da6c6_redline_ff806d3b39.pdf,d0c68636b632795f8ef39e20cd7ac1ff4363b25b81ce112216a2210262528918,/Users/arthrod/temp/T/neurotic_docx_bench/results/redlines_0929_full/docxodus/pdf_by_word/193054264a_127a38d92f96a2a732d0f22d6eaad012191ba6d7525d619a__vs__0a3a0c1a32_36c6d281d1ea6bbef531f8c4ac6f8a3089348db8d85da6c6_redline_ff806d3b39_docxodus.pdf,659a6d0c71144b285bca507ce1a092dbbfd6cf7629ce5274c866a006403a5c97
3c1e5d4d00_00b540ddc1a1fef3ab9acae5b93ca90e9fcef840e25d53cd__vs__bd3824dd1e_000ee64ef7226d353297888f59a251e24ce5d776fea000fa_redline_ffd6b29609,ffd6b29609,tracking_without_comments,redlines_a100_b10,corpus,/Users/arthrod/temp/T/neurotic_docx_bench/corpus/word/tracking_without_comments/pdf/3c1e5d4d00_00b540ddc1a1fef3ab9acae5b93ca90e9fcef840e25d53cd__vs__bd3824dd1e_000ee64ef7226d353297888f59a251e24ce5d776fea000fa_redline_ffd6b29609.pdf,eba84f0f8945e6007a2da57614b8138b2361fb7cd06a0f88ef3e8adaa1ed7159,/Users/arthrod/temp/T/neurotic_docx_bench/results/redlines_0929_full/docxodus/pdf_by_word/3c1e5d4d00_00b540ddc1a1fef3ab9acae5b93ca90e9fcef840e25d53cd__vs__bd3824dd1e_000ee64ef7226d353297888f59a251e24ce5d776fea000fa_redline_ffd6b29609_docxodus.pdf,f4c1a0c6af4df30feba261737e3d7fe6d17876085b4b8a2cd9fc22fe31210753
