stem,engine,path,bytes
clean__010cd893de_003c49178daa9062e84e769e1d6ab945d773ead75ca6da68,docxide,corpus/clean/010cd893de/docxide.pdf,68522
clean__010cd893de_003c49178daa9062e84e769e1d6ab945d773ead75ca6da68,soffice,corpus/clean/010cd893de/soffice.pdf,43500
clean__014f5b166b_0085209e9b3ab0868bc2f0148f1d27f12a95fa9a49727438,docxide,corpus/clean/014f5b166b/docxide.pdf,136813
clean__014f5b166b_0085209e9b3ab0868bc2f0148f1d27f12a95fa9a49727438,soffice,corpus/clean/014f5b166b/soffice.pdf,40153
clean__030c864b67_2c913d23ee4b63d2320f1a131e2b9e2148951743abc5bc09,docxide,corpus/clean/030c864b67/docxide.pdf,97133
clean__030c864b67_2c913d23ee4b63d2320f1a131e2b9e2148951743abc5bc09,soffice,corpus/clean/030c864b67/soffice.pdf,72911
clean__0354a8143c_00af3bb0e8885235a1af8d3b67776e6640e6578e458b3855,docxide,corpus/clean/0354a8143c/docxide.pdf,164775
clean__0354a8143c_00af3bb0e8885235a1af8d3b67776e6640e6578e458b3855,soffice,corpus/clean/0354a8143c/soffice.pdf,155829
clean__03aa687c07_0fef17a42714273fc90f69ea4dc8d6b2028449267539750a,docxide,corpus/clean/03aa687c07/docxide.pdf,86923
clean__03aa687c07_0fef17a42714273fc90f69ea4dc8d6b2028449267539750a,soffice,corpus/clean/03aa687c07/soffice.pdf,57646
clean__03ef530e80_0017ac0f107053706db33bc61286192aef27633027f1c053,docxide,corpus/clean/03ef530e80/docxide.pdf,815921
clean__03ef530e80_0017ac0f107053706db33bc61286192aef27633027f1c053,soffice,corpus/clean/03ef530e80/soffice.pdf,695941
clean__041ec70002_338200736b86ef13a659fffe1278efaad624dfdac98cd44c,docxide,corpus/clean/041ec70002/docxide.pdf,37771
clean__041ec70002_338200736b86ef13a659fffe1278efaad624dfdac98cd44c,soffice,corpus/clean/041ec70002/soffice.pdf,21038
clean__06a3b2e973_file_160,docxide,corpus/clean/06a3b2e973/docxide.pdf,13101
clean__06a3b2e973_file_160,soffice,corpus/clean/06a3b2e973/soffice.pdf,8732
clean__07b195a037_9fbdf087319a56301a305e3a3d60bcb13fe85bb880a5f8c5,docxide,corpus/clean/07b195a037/docxide.pdf,7191
clean__07b195a037_9fbdf087319a56301a305e3a3d60bcb13fe85bb880a5f8c5,soffice,corpus/clean/07b195a037/soffice.pdf,93770
clean__08074964d7_01870f7ea5cec263713c811d8938a05f1730d362aad060f6,docxide,corpus/clean/08074964d7/docxide.pdf,151171
clean__08074964d7_01870f7ea5cec263713c811d8938a05f1730d362aad060f6,soffice,corpus/clean/08074964d7/soffice.pdf,129540
clean__087c7d6723_file_45,docxide,corpus/clean/087c7d6723/docxide.pdf,15691
clean__087c7d6723_file_45,soffice,corpus/clean/087c7d6723/soffice.pdf,8269
clean__090acc461f_d27134788fec08eea4972a5641b965c0ff2238bfd18e7cfa,docxide,corpus/clean/090acc461f/docxide.pdf,93955
clean__090acc461f_d27134788fec08eea4972a5641b965c0ff2238bfd18e7cfa,soffice,corpus/clean/090acc461f/soffice.pdf,47833
clean__09321ae5d1_008afd8be8c5793215aa1c7b0b9faa35d239e7fb43b0aa56,docxide,corpus/clean/09321ae5d1/docxide.pdf,51594
clean__09321ae5d1_008afd8be8c5793215aa1c7b0b9faa35d239e7fb43b0aa56,soffice,corpus/clean/09321ae5d1/soffice.pdf,24189
clean__0a45c11e26_f3be0709437e3db487c472a0932f83d94984b9015dcc4642,docxide,corpus/clean/0a45c11e26/docxide.pdf,87986
clean__0a45c11e26_f3be0709437e3db487c472a0932f83d94984b9015dcc4642,soffice,corpus/clean/0a45c11e26/soffice.pdf,46234
clean__0b5f1f7cad_003ca0a88e8358b347e771feb6970ff773753fad85416364,docxide,corpus/clean/0b5f1f7cad/docxide.pdf,106315
clean__0b5f1f7cad_003ca0a88e8358b347e771feb6970ff773753fad85416364,soffice,corpus/clean/0b5f1f7cad/soffice.pdf,46287
clean__0c9090c2ef_9454b46a4a7f538b4c9af0b3248bf82241780e52dbacc33e,docxide,corpus/clean/0c9090c2ef/docxide.pdf,88077
clean__0c9090c2ef_9454b46a4a7f538b4c9af0b3248bf82241780e52dbacc33e,soffice,corpus/clean/0c9090c2ef/soffice.pdf,60797
clean__0d5d69bd60_531be5ad70c7cff16d6ae2d770b0af37e1b0460f6dc54c18,docxide,corpus/clean/0d5d69bd60/docxide.pdf,114161
clean__0d5d69bd60_531be5ad70c7cff16d6ae2d770b0af37e1b0460f6dc54c18,soffice,corpus/clean/0d5d69bd60/soffice.pdf,51942
clean__0e847e911d_05fd9d10497dff54ee9d8b126cb1ca49718369f80c5226c2,docxide,corpus/clean/0e847e911d/docxide.pdf,36902
clean__0e847e911d_05fd9d10497dff54ee9d8b126cb1ca49718369f80c5226c2,soffice,corpus/clean/0e847e911d/soffice.pdf,21655
clean__0f2e7c9b9b_14be283f9499c475a8b2e5b9df41db3de81072f41dc15722,docxide,corpus/clean/0f2e7c9b9b/docxide.pdf,55948
clean__0f2e7c9b9b_14be283f9499c475a8b2e5b9df41db3de81072f41dc15722,soffice,corpus/clean/0f2e7c9b9b/soffice.pdf,42090
clean__0f590615c1_3df4a9c0b9162e00a4dc9d673fb99511b114b0ccb964c9b4,docxide,corpus/clean/0f590615c1/docxide.pdf,73047
clean__0f590615c1_3df4a9c0b9162e00a4dc9d673fb99511b114b0ccb964c9b4,soffice,corpus/clean/0f590615c1/soffice.pdf,35464
clean__11334445c8_8de4768ac8c9565247c3fc03009e8f40ff51d14f2953b999,docxide,corpus/clean/11334445c8/docxide.pdf,77212
clean__11334445c8_8de4768ac8c9565247c3fc03009e8f40ff51d14f2953b999,soffice,corpus/clean/11334445c8/soffice.pdf,46766
clean__12d245d664_9b100bdcf7bb34633c6e6f845b4ce3eae33d8a2096083e28,docxide,corpus/clean/12d245d664/docxide.pdf,167798
clean__12d245d664_9b100bdcf7bb34633c6e6f845b4ce3eae33d8a2096083e28,soffice,corpus/clean/12d245d664/soffice.pdf,165007
clean__1424386e9b_017447de83753a0e3b7afc659df038ef56972925336c6a5b,docxide,corpus/clean/1424386e9b/docxide.pdf,68870
clean__1424386e9b_017447de83753a0e3b7afc659df038ef56972925336c6a5b,soffice,corpus/clean/1424386e9b/soffice.pdf,44900
clean__14882c6359_f29e853d64aef3f69e88e2d31de7d38104611290896c26f7,docxide,corpus/clean/14882c6359/docxide.pdf,71514
clean__14882c6359_f29e853d64aef3f69e88e2d31de7d38104611290896c26f7,soffice,corpus/clean/14882c6359/soffice.pdf,42980
clean__14b8544140_0107980dabc407d166b0906687772c82ebc2549813f370f7,docxide,corpus/clean/14b8544140/docxide.pdf,82689
clean__14b8544140_0107980dabc407d166b0906687772c82ebc2549813f370f7,soffice,corpus/clean/14b8544140/soffice.pdf,79679
clean__14d3f7889a_24_id_paraid_overflow,docxide,corpus/clean/14d3f7889a/docxide.pdf,742
clean__14d3f7889a_24_id_paraid_overflow,soffice,corpus/clean/14d3f7889a/soffice.pdf,4565
clean__1587a40694_4991382416adefef66b97f0a3efacf2c2a793a067541ad27,docxide,corpus/clean/1587a40694/docxide.pdf,60102
clean__1587a40694_4991382416adefef66b97f0a3efacf2c2a793a067541ad27,soffice,corpus/clean/1587a40694/soffice.pdf,62393
clean__16a20f25a8_file_94,docxide,corpus/clean/16a20f25a8/docxide.pdf,18298
clean__16a20f25a8_file_94,soffice,corpus/clean/16a20f25a8/soffice.pdf,9854
clean__16e531d5a8_17a3cbea2f582b789a9fc35c9ab70b7126430c5acbb822d0,docxide,corpus/clean/16e531d5a8/docxide.pdf,6633
clean__16e531d5a8_17a3cbea2f582b789a9fc35c9ab70b7126430c5acbb822d0,soffice,corpus/clean/16e531d5a8/soffice.pdf,91978
clean__180b3bfd2b_d18705d17dedb85ffea86fe2a53f8847628436d123a8571e,docxide,corpus/clean/180b3bfd2b/docxide.pdf,94848
clean__180b3bfd2b_d18705d17dedb85ffea86fe2a53f8847628436d123a8571e,soffice,corpus/clean/180b3bfd2b/soffice.pdf,43726
clean__1811a17455_015348d20af4b6360c5efc7cc2fc6a4326b3fae66e698f2a,docxide,corpus/clean/1811a17455/docxide.pdf,80817
clean__1811a17455_015348d20af4b6360c5efc7cc2fc6a4326b3fae66e698f2a,soffice,corpus/clean/1811a17455/soffice.pdf,34004
clean__18b67cc11e_17c3e72cc7f16277427d79c33c20a8ce2322c714a50b5072,docxide,corpus/clean/18b67cc11e/docxide.pdf,122213
clean__18b67cc11e_17c3e72cc7f16277427d79c33c20a8ce2322c714a50b5072,soffice,corpus/clean/18b67cc11e/soffice.pdf,151860
clean__1923fb03f9_001a702d4b921dc50b96911bb2e4f4043cf5fc4c679261a9,docxide,corpus/clean/1923fb03f9/docxide.pdf,48398
clean__1923fb03f9_001a702d4b921dc50b96911bb2e4f4043cf5fc4c679261a9,soffice,corpus/clean/1923fb03f9/soffice.pdf,49492
clean__1944b72130_5d7507b903a1772b7e3be2b9506424aca7430698963897ae,docxide,corpus/clean/1944b72130/docxide.pdf,312536
clean__1944b72130_5d7507b903a1772b7e3be2b9506424aca7430698963897ae,soffice,corpus/clean/1944b72130/soffice.pdf,346251
clean__1a4af4a033_081dd2f1c6086ea49b874e78eead2e623e9197598c3dde9e,docxide,corpus/clean/1a4af4a033/docxide.pdf,79221
clean__1a4af4a033_081dd2f1c6086ea49b874e78eead2e623e9197598c3dde9e,soffice,corpus/clean/1a4af4a033/soffice.pdf,51473
clean__1afc37b04d_019af8fc64dc4ca045632889d8d1f8ac64ae5caea5c56343,docxide,corpus/clean/1afc37b04d/docxide.pdf,85948
clean__1afc37b04d_019af8fc64dc4ca045632889d8d1f8ac64ae5caea5c56343,soffice,corpus/clean/1afc37b04d/soffice.pdf,57000
clean__1aff6b41d6_139e78e528e9a9c7f5c7254aaf96d46f83bd6c0f097c3ce7,docxide,corpus/clean/1aff6b41d6/docxide.pdf,67871
clean__1aff6b41d6_139e78e528e9a9c7f5c7254aaf96d46f83bd6c0f097c3ce7,soffice,corpus/clean/1aff6b41d6/soffice.pdf,54435
clean__1b441e1cfe_0005f1a3f78ce5974a2f5bddbae1e4f6ddcb5d0f94874a6c,docxide,corpus/clean/1b441e1cfe/docxide.pdf,79574
clean__1b441e1cfe_0005f1a3f78ce5974a2f5bddbae1e4f6ddcb5d0f94874a6c,soffice,corpus/clean/1b441e1cfe/soffice.pdf,82751
clean__1ba087fe62_a72c54151dc0c8db3e88f7334094c49e60d7ab503f2b9fcb,docxide,corpus/clean/1ba087fe62/docxide.pdf,101246
clean__1ba087fe62_a72c54151dc0c8db3e88f7334094c49e60d7ab503f2b9fcb,soffice,corpus/clean/1ba087fe62/soffice.pdf,140038
clean__1c1fc4a7d3_921a851075ff3eb89f6ca703f298e6504a0ab0c43507f650,docxide,corpus/clean/1c1fc4a7d3/docxide.pdf,534928
clean__1c1fc4a7d3_921a851075ff3eb89f6ca703f298e6504a0ab0c43507f650,soffice,corpus/clean/1c1fc4a7d3/soffice.pdf,778184
clean__1c41ab317c_015beda94c3f3dc0099f6ad8ffbfe1ef670f172afb889d90,docxide,corpus/clean/1c41ab317c/docxide.pdf,7020
clean__1c41ab317c_015beda94c3f3dc0099f6ad8ffbfe1ef670f172afb889d90,soffice,corpus/clean/1c41ab317c/soffice.pdf,86278
clean__1edf67e1e5_8f213f720f5776de6384d10633123cb37b9d1f64abde5fe1,docxide,corpus/clean/1edf67e1e5/docxide.pdf,125040
clean__1edf67e1e5_8f213f720f5776de6384d10633123cb37b9d1f64abde5fe1,soffice,corpus/clean/1edf67e1e5/soffice.pdf,133923
clean__1f3edda551_b07a76af07b3de608cd462a601faaebab9e8b9cf81e6d0c2,docxide,corpus/clean/1f3edda551/docxide.pdf,89115
clean__1f3edda551_b07a76af07b3de608cd462a601faaebab9e8b9cf81e6d0c2,soffice,corpus/clean/1f3edda551/soffice.pdf,48655
clean__1f913da178_0ee208549f13792565193c49cd6790233f6ded077e9cf827,docxide,corpus/clean/1f913da178/docxide.pdf,117524
clean__1f913da178_0ee208549f13792565193c49cd6790233f6ded077e9cf827,soffice,corpus/clean/1f913da178/soffice.pdf,65227
clean__1fac2eb255_006ef799027b6e5b19b90f35d3bb888b5a0581fba9806128,docxide,corpus/clean/1fac2eb255/docxide.pdf,77802
clean__1fac2eb255_006ef799027b6e5b19b90f35d3bb888b5a0581fba9806128,soffice,corpus/clean/1fac2eb255/soffice.pdf,54453
clean__1fbed20aeb_italic_and_underline_combo_style_default_missing,docxide,corpus/clean/1fbed20aeb/docxide.pdf,995
clean__1fbed20aeb_italic_and_underline_combo_style_default_missing,soffice,corpus/clean/1fbed20aeb/soffice.pdf,8051
clean__1fef0faeb8_01e7cd937539623ca99c2064895121fa38c3e2d7312c8725,docxide,corpus/clean/1fef0faeb8/docxide.pdf,251647
clean__1fef0faeb8_01e7cd937539623ca99c2064895121fa38c3e2d7312c8725,soffice,corpus/clean/1fef0faeb8/soffice.pdf,126379
clean__214f17788e_019d9ee6b2fc3ec87ac9b742174d29787101464facdd6509,docxide,corpus/clean/214f17788e/docxide.pdf,53059
clean__214f17788e_019d9ee6b2fc3ec87ac9b742174d29787101464facdd6509,soffice,corpus/clean/214f17788e/soffice.pdf,34809
clean__22ab7ffc8c_001e3c6ab5f83e2b59d5db6594a983adfb230ff1778ac282,docxide,corpus/clean/22ab7ffc8c/docxide.pdf,77976
clean__22ab7ffc8c_001e3c6ab5f83e2b59d5db6594a983adfb230ff1778ac282,soffice,corpus/clean/22ab7ffc8c/soffice.pdf,46087
clean__2319b00645_1c99b5cdb9c11cdf122e0b9d4b5c54c8e162dd4a809e0c88,docxide,corpus/clean/2319b00645/docxide.pdf,103288
clean__2319b00645_1c99b5cdb9c11cdf122e0b9d4b5c54c8e162dd4a809e0c88,soffice,corpus/clean/2319b00645/soffice.pdf,88751
clean__23536e24d2_5ddba7ca1e7abc522e338baa1f7afc84bf0051381d8dd6e8,docxide,corpus/clean/23536e24d2/docxide.pdf,39543
clean__23536e24d2_5ddba7ca1e7abc522e338baa1f7afc84bf0051381d8dd6e8,soffice,corpus/clean/23536e24d2/soffice.pdf,24756
clean__23cdfeee74_0022d9b76a33e7bdcda8d38ec3c898364c578897fb55d462,docxide,corpus/clean/23cdfeee74/docxide.pdf,34562
clean__23cdfeee74_0022d9b76a33e7bdcda8d38ec3c898364c578897fb55d462,soffice,corpus/clean/23cdfeee74/soffice.pdf,99218
clean__24356a7180_d0eff8fb6a6ffe20f9c3b0a4c37ca44bdd66b1cbf91c472b,docxide,corpus/clean/24356a7180/docxide.pdf,358841
clean__24356a7180_d0eff8fb6a6ffe20f9c3b0a4c37ca44bdd66b1cbf91c472b,soffice,corpus/clean/24356a7180/soffice.pdf,400421
clean__2559791938_000fc5c18b76d181aa59daf3814d2121c6d11cb35a7dd069,docxide,corpus/clean/2559791938/docxide.pdf,42180
clean__2559791938_000fc5c18b76d181aa59daf3814d2121c6d11cb35a7dd069,soffice,corpus/clean/2559791938/soffice.pdf,28704
clean__25e6d4b508_e8dba015e1110e4266d9be9e2d3d0fe5fc700e6e8fc3a2c8,docxide,corpus/clean/25e6d4b508/docxide.pdf,231268
clean__25e6d4b508_e8dba015e1110e4266d9be9e2d3d0fe5fc700e6e8fc3a2c8,soffice,corpus/clean/25e6d4b508/soffice.pdf,410522
clean__260b98f6e8_009d432b6045c2a03c19d5019e9c7fc3a6cc23e485c61e6b,docxide,corpus/clean/260b98f6e8/docxide.pdf,66027
clean__260b98f6e8_009d432b6045c2a03c19d5019e9c7fc3a6cc23e485c61e6b,soffice,corpus/clean/260b98f6e8/soffice.pdf,132998
clean__272aa04df8_0ad28cd5ea99b3ad2a2953ac0fda5e8a12e57d26d7822ac8,docxide,corpus/clean/272aa04df8/docxide.pdf,88398
clean__272aa04df8_0ad28cd5ea99b3ad2a2953ac0fda5e8a12e57d26d7822ac8,soffice,corpus/clean/272aa04df8/soffice.pdf,47285
clean__2773adf157_0004c94ca2a8684d47449bb0e7abf87de1df71a7e6543252,docxide,corpus/clean/2773adf157/docxide.pdf,105906
clean__2773adf157_0004c94ca2a8684d47449bb0e7abf87de1df71a7e6543252,soffice,corpus/clean/2773adf157/soffice.pdf,69493
clean__284df3bf07_740579c5f762ce4977e0febc5edec27d4df4d4059510a808,docxide,corpus/clean/284df3bf07/docxide.pdf,70333
clean__284df3bf07_740579c5f762ce4977e0febc5edec27d4df4d4059510a808,soffice,corpus/clean/284df3bf07/soffice.pdf,60172
clean__28edf41599_f7d1fb34700e0a929ebd0d75afa681a05584faaa13e059fa,docxide,corpus/clean/28edf41599/docxide.pdf,46826
clean__28edf41599_f7d1fb34700e0a929ebd0d75afa681a05584faaa13e059fa,soffice,corpus/clean/28edf41599/soffice.pdf,121464
clean__2af2b80ea6_1d32058e44fafd7813e18fb8e09fe26a502cd10fe215311c,docxide,corpus/clean/2af2b80ea6/docxide.pdf,43347
clean__2af2b80ea6_1d32058e44fafd7813e18fb8e09fe26a502cd10fe215311c,soffice,corpus/clean/2af2b80ea6/soffice.pdf,21096
clean__2b479f55f8_ab1a60a25dd051171cff9456f1fdafa82d5d746f4a494cce,docxide,corpus/clean/2b479f55f8/docxide.pdf,216980
clean__2b479f55f8_ab1a60a25dd051171cff9456f1fdafa82d5d746f4a494cce,soffice,corpus/clean/2b479f55f8/soffice.pdf,258656
clean__2b5cd1ea17_dfe75653d50b93d7ae5691ec21832441438f972423704ab3,docxide,corpus/clean/2b5cd1ea17/docxide.pdf,43741
clean__2b5cd1ea17_dfe75653d50b93d7ae5691ec21832441438f972423704ab3,soffice,corpus/clean/2b5cd1ea17/soffice.pdf,23774
clean__2c8278c511_00267d8993494cde9c51edff5cfcd0f54d41ba65399b312a,docxide,corpus/clean/2c8278c511/docxide.pdf,92203
clean__2c8278c511_00267d8993494cde9c51edff5cfcd0f54d41ba65399b312a,soffice,corpus/clean/2c8278c511/soffice.pdf,28861
clean__2cf5d3545b_000f68169b4d165f0ae128cdbc6ace3a38d8d1fe1146bd8f,docxide,corpus/clean/2cf5d3545b/docxide.pdf,50475
clean__2cf5d3545b_000f68169b4d165f0ae128cdbc6ace3a38d8d1fe1146bd8f,soffice,corpus/clean/2cf5d3545b/soffice.pdf,22726
clean__2d535859ad_001bbca5f158a5f594e083c8607c49fe173c85baae41d3dd,docxide,corpus/clean/2d535859ad/docxide.pdf,77645
clean__2d535859ad_001bbca5f158a5f594e083c8607c49fe173c85baae41d3dd,soffice,corpus/clean/2d535859ad/soffice.pdf,71211
clean__2da1da401d_3e30939b715361e07ea9407c76f254c9dfcc59a573f1356c,docxide,corpus/clean/2da1da401d/docxide.pdf,100775
clean__2da1da401d_3e30939b715361e07ea9407c76f254c9dfcc59a573f1356c,soffice,corpus/clean/2da1da401d/soffice.pdf,92935
clean__2df6e0bce4_006c0cc339314e7388e1caaa9b967a4f8ccd37d24578c330,docxide,corpus/clean/2df6e0bce4/docxide.pdf,52243
clean__2df6e0bce4_006c0cc339314e7388e1caaa9b967a4f8ccd37d24578c330,soffice,corpus/clean/2df6e0bce4/soffice.pdf,40889
clean__2e04202552_000e3e7bd2d6215fc7b469cc3e296c1b2a510bc1abc7e0fd,docxide,corpus/clean/2e04202552/docxide.pdf,148058
clean__2e04202552_000e3e7bd2d6215fc7b469cc3e296c1b2a510bc1abc7e0fd,soffice,corpus/clean/2e04202552/soffice.pdf,203974
clean__2ece4b6c84_0012056ac9d4f46088b4ec6bb97b3a30a5f83e2a78a2de80,docxide,corpus/clean/2ece4b6c84/docxide.pdf,53026
clean__2ece4b6c84_0012056ac9d4f46088b4ec6bb97b3a30a5f83e2a78a2de80,soffice,corpus/clean/2ece4b6c84/soffice.pdf,37049
clean__2f8665b47c_00bbb10f9846e1e4462b2808ef01808c5799f6ec9aab6462,docxide,corpus/clean/2f8665b47c/docxide.pdf,136654
clean__2f8665b47c_00bbb10f9846e1e4462b2808ef01808c5799f6ec9aab6462,soffice,corpus/clean/2f8665b47c/soffice.pdf,184568
clean__308862bb53_i_am_sharing_microsoft_word_vs_google_docs_compr,docxide,corpus/clean/308862bb53/docxide.pdf,93668
clean__308862bb53_i_am_sharing_microsoft_word_vs_google_docs_compr,soffice,corpus/clean/308862bb53/soffice.pdf,210132
clean__30aaf19677_00df9dc498862a112855d5d05b30a9dea813f1c279f1120d,docxide,corpus/clean/30aaf19677/docxide.pdf,292861
clean__30aaf19677_00df9dc498862a112855d5d05b30a9dea813f1c279f1120d,soffice,corpus/clean/30aaf19677/soffice.pdf,504776
clean__3138fff3a6_a3023a2f84b5991c012aed0f0b05148b46c895a6909bc58b,docxide,corpus/clean/3138fff3a6/docxide.pdf,83683
clean__3138fff3a6_a3023a2f84b5991c012aed0f0b05148b46c895a6909bc58b,soffice,corpus/clean/3138fff3a6/soffice.pdf,69287
clean__31665191de_a7444d0b8fef75bcdddc03eb540d379d9556f19492f0234b,docxide,corpus/clean/31665191de/docxide.pdf,154874
clean__31665191de_a7444d0b8fef75bcdddc03eb540d379d9556f19492f0234b,soffice,corpus/clean/31665191de/soffice.pdf,58112
clean__3186dce1c9_000af17f67209a4fbaeda7573992d956d66d3eb76a32b275,docxide,corpus/clean/3186dce1c9/docxide.pdf,101778
clean__3186dce1c9_000af17f67209a4fbaeda7573992d956d66d3eb76a32b275,soffice,corpus/clean/3186dce1c9/soffice.pdf,22750
clean__32328b55db_docx_lots_of_comments_addition_removal_redline_r__vs__d996bef4c8_docx_lots_of_comments_addition_removal_redline_redline_d23d9c8cc7,docxide,corpus/clean/32328b55db-d996bef4c8-f5eccd/docxide.pdf,191436
clean__32328b55db_docx_lots_of_comments_addition_removal_redline_r__vs__d996bef4c8_docx_lots_of_comments_addition_removal_redline_redline_d23d9c8cc7,soffice,corpus/clean/32328b55db-d996bef4c8-f5eccd/soffice.pdf,210185
clean__33c0c3af06_e7c16ce029557c9f210eb62c1e74fa49cd1909b8216969b4,docxide,corpus/clean/33c0c3af06/docxide.pdf,80277
clean__33c0c3af06_e7c16ce029557c9f210eb62c1e74fa49cd1909b8216969b4,soffice,corpus/clean/33c0c3af06/soffice.pdf,61626
clean__341e739fd0_02de94126cbea4972c87b92b52d718e5fd87a6aa82ede5b2,docxide,corpus/clean/341e739fd0/docxide.pdf,73393
clean__341e739fd0_02de94126cbea4972c87b92b52d718e5fd87a6aa82ede5b2,soffice,corpus/clean/341e739fd0/soffice.pdf,32663
clean__34a17504be_0024c2ebf618f38ba06574c5de01714a0e3197bd686149cb,docxide,corpus/clean/34a17504be/docxide.pdf,76531
clean__34a17504be_0024c2ebf618f38ba06574c5de01714a0e3197bd686149cb,soffice,corpus/clean/34a17504be/soffice.pdf,46645
clean__361c330b8d_heading_2_center_demo_id_paraid_overflow,docxide,corpus/clean/361c330b8d/docxide.pdf,15408
clean__361c330b8d_heading_2_center_demo_id_paraid_overflow,soffice,corpus/clean/361c330b8d/soffice.pdf,9159
clean__3755bf5762_0000a3a991f56b6660c630eb426231a3b4ec31e40313aab9,docxide,corpus/clean/3755bf5762/docxide.pdf,96945
clean__3755bf5762_0000a3a991f56b6660c630eb426231a3b4ec31e40313aab9,soffice,corpus/clean/3755bf5762/soffice.pdf,66084
clean__37d8f80c24_005919f8b88b2cddff17bdf93b6af428a85e6928674d83fd,docxide,corpus/clean/37d8f80c24/docxide.pdf,96046
clean__37d8f80c24_005919f8b88b2cddff17bdf93b6af428a85e6928674d83fd,soffice,corpus/clean/37d8f80c24/soffice.pdf,28407
clean__380bb26c47_001acbf24916073ee0e626c28d400cfcdde4e57482b256ac,docxide,corpus/clean/380bb26c47/docxide.pdf,71949
clean__380bb26c47_001acbf24916073ee0e626c28d400cfcdde4e57482b256ac,soffice,corpus/clean/380bb26c47/soffice.pdf,48365
clean__38a1ef5bb6_7a88868c1f29765358247c7848ee3a0c61fe71106fbea68b,docxide,corpus/clean/38a1ef5bb6/docxide.pdf,133970
clean__38a1ef5bb6_7a88868c1f29765358247c7848ee3a0c61fe71106fbea68b,soffice,corpus/clean/38a1ef5bb6/soffice.pdf,166329
clean__38c3e8efca_53c48e7d968a4c4eda062fe4de0f7fdb8db00164dc062c32,docxide,corpus/clean/38c3e8efca/docxide.pdf,87403
clean__38c3e8efca_53c48e7d968a4c4eda062fe4de0f7fdb8db00164dc062c32,soffice,corpus/clean/38c3e8efca/soffice.pdf,88052
clean__3936a8fe56_45311d41d4a17fbedfe93a538b930e88fa0a63ff0d6ff9cc,docxide,corpus/clean/3936a8fe56/docxide.pdf,122232
clean__3936a8fe56_45311d41d4a17fbedfe93a538b930e88fa0a63ff0d6ff9cc,soffice,corpus/clean/3936a8fe56/soffice.pdf,192216
clean__3a9713f368_meeting_minutes_id_paraid_overflow,docxide,corpus/clean/3a9713f368/docxide.pdf,1006
clean__3a9713f368_meeting_minutes_id_paraid_overflow,soffice,corpus/clean/3a9713f368/soffice.pdf,9898
clean__3ad98f3623_1b591486e98a3d44a0de0cc7a2a8120323c0333a80bf940f,docxide,corpus/clean/3ad98f3623/docxide.pdf,69333
clean__3ad98f3623_1b591486e98a3d44a0de0cc7a2a8120323c0333a80bf940f,soffice,corpus/clean/3ad98f3623/soffice.pdf,36344
clean__3c4058034c_00f45b1b7812db57f5a024f116de6c6f0cfab5b79c9bc336,docxide,corpus/clean/3c4058034c/docxide.pdf,214488
clean__3c4058034c_00f45b1b7812db57f5a024f116de6c6f0cfab5b79c9bc336,soffice,corpus/clean/3c4058034c/soffice.pdf,329729
clean__3cb3ce78a0_00fe5f11cd1a3b8b29ce96d833b7384f888d1686a2e374f8,docxide,corpus/clean/3cb3ce78a0/docxide.pdf,142832
clean__3cb3ce78a0_00fe5f11cd1a3b8b29ce96d833b7384f888d1686a2e374f8,soffice,corpus/clean/3cb3ce78a0/soffice.pdf,135633
clean__3cccdeb956_338ed100b8c726655e68862a5b4584feb59583a37fa3b69d,docxide,corpus/clean/3cccdeb956/docxide.pdf,63247
clean__3cccdeb956_338ed100b8c726655e68862a5b4584feb59583a37fa3b69d,soffice,corpus/clean/3cccdeb956/soffice.pdf,60297
clean__3ec493ae9c_b83182c2d0b99fc8edbfb0dde85e393ed1e718749e059ec7,docxide,corpus/clean/3ec493ae9c/docxide.pdf,102024
clean__3ec493ae9c_b83182c2d0b99fc8edbfb0dde85e393ed1e718749e059ec7,soffice,corpus/clean/3ec493ae9c/soffice.pdf,55422
clean__3ec631ca50_00da7db6735b17da80d85373a7cde4ba91bcc84d9bfde972,docxide,corpus/clean/3ec631ca50/docxide.pdf,92895
clean__3ec631ca50_00da7db6735b17da80d85373a7cde4ba91bcc84d9bfde972,soffice,corpus/clean/3ec631ca50/soffice.pdf,143994
clean__3f96a7ac81_80122bb2a76402060fc993788f57535ec2ab4f433a1bdda1,docxide,corpus/clean/3f96a7ac81/docxide.pdf,76408
clean__3f96a7ac81_80122bb2a76402060fc993788f57535ec2ab4f433a1bdda1,soffice,corpus/clean/3f96a7ac81/soffice.pdf,38133
clean__3fa4dd96ac_044f05e4fb62ebe801e03fb10c602e9a7ed843275755e479,docxide,corpus/clean/3fa4dd96ac/docxide.pdf,165566
clean__3fa4dd96ac_044f05e4fb62ebe801e03fb10c602e9a7ed843275755e479,soffice,corpus/clean/3fa4dd96ac/soffice.pdf,120179
clean__3fcd92b87b_30ff840c5280c4e754b1d6998d936bd6ae03c4cafe1dd5c9,docxide,corpus/clean/3fcd92b87b/docxide.pdf,200935
clean__3fcd92b87b_30ff840c5280c4e754b1d6998d936bd6ae03c4cafe1dd5c9,soffice,corpus/clean/3fcd92b87b/soffice.pdf,139193
clean__3fd1c3ce43_0012f88804d5044f39e59eb475388596f275ff8a6f7a28c7,docxide,corpus/clean/3fd1c3ce43/docxide.pdf,67961
clean__3fd1c3ce43_0012f88804d5044f39e59eb475388596f275ff8a6f7a28c7,soffice,corpus/clean/3fd1c3ce43/soffice.pdf,30504
clean__41164f20b4_001fe960bc70a499e6538af3a03c87616743e4e2ecfc23cb,docxide,corpus/clean/41164f20b4/docxide.pdf,114116
clean__41164f20b4_001fe960bc70a499e6538af3a03c87616743e4e2ecfc23cb,soffice,corpus/clean/41164f20b4/soffice.pdf,42226
clean__41f0a98a46_numbered_list_demo_id_paraid_overflow,docxide,corpus/clean/41f0a98a46/docxide.pdf,867
clean__41f0a98a46_numbered_list_demo_id_paraid_overflow,soffice,corpus/clean/41f0a98a46/soffice.pdf,6885
clean__431db0484e_file_163,docxide,corpus/clean/431db0484e/docxide.pdf,18130
clean__431db0484e_file_163,soffice,corpus/clean/431db0484e/soffice.pdf,10101
clean__44c002ce3c_0ae6cecfd3bbc0271966316df350de5bd4a4c3f54eff5493,docxide,corpus/clean/44c002ce3c/docxide.pdf,77873
clean__44c002ce3c_0ae6cecfd3bbc0271966316df350de5bd4a4c3f54eff5493,soffice,corpus/clean/44c002ce3c/soffice.pdf,107657
clean__4682cbe561_000541d8cb6e087579d901736386d20e969c08e3db811707,docxide,corpus/clean/4682cbe561/docxide.pdf,123502
clean__4682cbe561_000541d8cb6e087579d901736386d20e969c08e3db811707,soffice,corpus/clean/4682cbe561/soffice.pdf,45844
clean__476ab12079_e5c04599c47237de235c238feb7a4e6e006cc7ff15ecc70a,docxide,corpus/clean/476ab12079/docxide.pdf,202629
clean__476ab12079_e5c04599c47237de235c238feb7a4e6e006cc7ff15ecc70a,soffice,corpus/clean/476ab12079/soffice.pdf,110312
clean__4792f8c6c1_1baa7641e4dff75e3351a92771d3721d1951054972c0415a,docxide,corpus/clean/4792f8c6c1/docxide.pdf,160471
clean__4792f8c6c1_1baa7641e4dff75e3351a92771d3721d1951054972c0415a,soffice,corpus/clean/4792f8c6c1/soffice.pdf,244571
clean__48446212f6_0035a261467bd1a88f5ed8b0be9a2ef931a50df52d031955,docxide,corpus/clean/48446212f6/docxide.pdf,45499
clean__48446212f6_0035a261467bd1a88f5ed8b0be9a2ef931a50df52d031955,soffice,corpus/clean/48446212f6/soffice.pdf,20932
clean__4910ce2060_8cca05f3991d33efca1a8fc83122be4940de0d3743e04244,docxide,corpus/clean/4910ce2060/docxide.pdf,145958
clean__4910ce2060_8cca05f3991d33efca1a8fc83122be4940de0d3743e04244,soffice,corpus/clean/4910ce2060/soffice.pdf,173454
clean__49482a748b_44ed9426ac1847fd1d74df3e3982cb437c9658c49aead9c6,docxide,corpus/clean/49482a748b/docxide.pdf,111866
clean__49482a748b_44ed9426ac1847fd1d74df3e3982cb437c9658c49aead9c6,soffice,corpus/clean/49482a748b/soffice.pdf,155151
clean__4951736f32_000f3a4e95ad716aa35a7adc4379327d7fd20c4d15602c2b,docxide,corpus/clean/4951736f32/docxide.pdf,55409
clean__4951736f32_000f3a4e95ad716aa35a7adc4379327d7fd20c4d15602c2b,soffice,corpus/clean/4951736f32/soffice.pdf,39853
clean__498e14e303_8aea36343507f94f9994f88eb8ec5304fe3d1bb44f06ad18,docxide,corpus/clean/498e14e303/docxide.pdf,106606
clean__498e14e303_8aea36343507f94f9994f88eb8ec5304fe3d1bb44f06ad18,soffice,corpus/clean/498e14e303/soffice.pdf,87381
clean__49fe5bd42a_f50f63dd4889ab0b190ef8a18dfa6b8eb308ab352f519bf4,docxide,corpus/clean/49fe5bd42a/docxide.pdf,115558
clean__49fe5bd42a_f50f63dd4889ab0b190ef8a18dfa6b8eb308ab352f519bf4,soffice,corpus/clean/49fe5bd42a/soffice.pdf,88709
clean__4a1a5ed599_e259c0b54eeb4f7e59bc60e6408fb9ce07ac2b736ddc8c62,docxide,corpus/clean/4a1a5ed599/docxide.pdf,72291
clean__4a1a5ed599_e259c0b54eeb4f7e59bc60e6408fb9ce07ac2b736ddc8c62,soffice,corpus/clean/4a1a5ed599/soffice.pdf,48094
clean__4bc7274333_center_aligned_bold_text_id_paraid_overflow,docxide,corpus/clean/4bc7274333/docxide.pdf,951
clean__4bc7274333_center_aligned_bold_text_id_paraid_overflow,soffice,corpus/clean/4bc7274333/soffice.pdf,8394
clean__4d1c5d66f9_meeting_agenda_table_2,docxide,corpus/clean/4d1c5d66f9/docxide.pdf,1099
clean__4d1c5d66f9_meeting_agenda_table_2,soffice,corpus/clean/4d1c5d66f9/soffice.pdf,9189
clean__4e2622ab00_d7df3c54812c21c8a8cf88f1b1aca08b9709429bfbf6401b,docxide,corpus/clean/4e2622ab00/docxide.pdf,56194
clean__4e2622ab00_d7df3c54812c21c8a8cf88f1b1aca08b9709429bfbf6401b,soffice,corpus/clean/4e2622ab00/soffice.pdf,55237
clean__4e48679b44_5fbfd52a7b48bfd1e61c9cb308519c7fb1ee64784ea5f730,docxide,corpus/clean/4e48679b44/docxide.pdf,44710
clean__4e48679b44_5fbfd52a7b48bfd1e61c9cb308519c7fb1ee64784ea5f730,soffice,corpus/clean/4e48679b44/soffice.pdf,25989
clean__4f1b13334b_0002768ad2e3174d9c557d30d4a7a8d70ae4062e52383747,docxide,corpus/clean/4f1b13334b/docxide.pdf,45335
clean__4f1b13334b_0002768ad2e3174d9c557d30d4a7a8d70ae4062e52383747,soffice,corpus/clean/4f1b13334b/soffice.pdf,25919
clean__4f1bd1d864_f45d97ec3782aef3a2cf8df168e863bab6bc74da646ca21c,docxide,corpus/clean/4f1bd1d864/docxide.pdf,97974
clean__4f1bd1d864_f45d97ec3782aef3a2cf8df168e863bab6bc74da646ca21c,soffice,corpus/clean/4f1bd1d864/soffice.pdf,95419
clean__50c0ec7ce2_e232c5055caabe5cc2b06c062fb99b3b68d7facf0101066a,docxide,corpus/clean/50c0ec7ce2/docxide.pdf,133643
clean__50c0ec7ce2_e232c5055caabe5cc2b06c062fb99b3b68d7facf0101066a,soffice,corpus/clean/50c0ec7ce2/soffice.pdf,69798
clean__510fc04622_2e1b3238f72dd915c2fe92d6a01c213169f0992205e89bef,docxide,corpus/clean/510fc04622/docxide.pdf,100111
clean__510fc04622_2e1b3238f72dd915c2fe92d6a01c213169f0992205e89bef,soffice,corpus/clean/510fc04622/soffice.pdf,87642
clean__5203829c7a_001cc92b88566d5f930fe57f25813c0bf52a7bdc72c217d0,docxide,corpus/clean/5203829c7a/docxide.pdf,121915
clean__5203829c7a_001cc92b88566d5f930fe57f25813c0bf52a7bdc72c217d0,soffice,corpus/clean/5203829c7a/soffice.pdf,72097
clean__52545bbf00_c6209bb293e3d902b2de2e9b20a2e0e29d2f82dd7dab17df,docxide,corpus/clean/52545bbf00/docxide.pdf,101530
clean__52545bbf00_c6209bb293e3d902b2de2e9b20a2e0e29d2f82dd7dab17df,soffice,corpus/clean/52545bbf00/soffice.pdf,52532
clean__531cf3d312_00ce789bc3226c2a68967cc29792927c80b7f55d9b5267ad,docxide,corpus/clean/531cf3d312/docxide.pdf,65995
clean__531cf3d312_00ce789bc3226c2a68967cc29792927c80b7f55d9b5267ad,soffice,corpus/clean/531cf3d312/soffice.pdf,36600
clean__547e741fe3_1184839eb73df0fde338dcaadf7a601f4ceb7f2f27c33e90,docxide,corpus/clean/547e741fe3/docxide.pdf,141377
clean__547e741fe3_1184839eb73df0fde338dcaadf7a601f4ceb7f2f27c33e90,soffice,corpus/clean/547e741fe3/soffice.pdf,110169
clean__54c0b3ed3d_title_style_centered_demo_id_paraid_overflow,docxide,corpus/clean/54c0b3ed3d/docxide.pdf,15406
clean__54c0b3ed3d_title_style_centered_demo_id_paraid_overflow,soffice,corpus/clean/54c0b3ed3d/soffice.pdf,9286
clean__54c9eda9fb_a7110391f4478ade5aabf48bad05d250be49cb3e1f335eee,docxide,corpus/clean/54c9eda9fb/docxide.pdf,128044
clean__54c9eda9fb_a7110391f4478ade5aabf48bad05d250be49cb3e1f335eee,soffice,corpus/clean/54c9eda9fb/soffice.pdf,114211
clean__54f4bb74cd_109e410552189077d3cc1340a4f0af45587d7f86a0f93dc3,docxide,corpus/clean/54f4bb74cd/docxide.pdf,76203
clean__54f4bb74cd_109e410552189077d3cc1340a4f0af45587d7f86a0f93dc3,soffice,corpus/clean/54f4bb74cd/soffice.pdf,40086
clean__5569dce1b1_c9db810dc76f74e53813cab92bccb93eeddb880cfbb4e632,docxide,corpus/clean/5569dce1b1/docxide.pdf,67551
clean__5569dce1b1_c9db810dc76f74e53813cab92bccb93eeddb880cfbb4e632,soffice,corpus/clean/5569dce1b1/soffice.pdf,91018
clean__559dcf675c_03f2673c98f5411065d51ac5c001638f7a8b8c0f9d7a5f06,docxide,corpus/clean/559dcf675c/docxide.pdf,120657
clean__559dcf675c_03f2673c98f5411065d51ac5c001638f7a8b8c0f9d7a5f06,soffice,corpus/clean/559dcf675c/soffice.pdf,112331
clean__55fcbe9086_0003fc93d088dc4c17f3eabc859086df5cdac48fc1106b6e,docxide,corpus/clean/55fcbe9086/docxide.pdf,68638
clean__55fcbe9086_0003fc93d088dc4c17f3eabc859086df5cdac48fc1106b6e,soffice,corpus/clean/55fcbe9086/soffice.pdf,51360
clean__562ab63668_c32d7d404d41ffad48b82d7fd645b0c880c31055a8e58510,docxide,corpus/clean/562ab63668/docxide.pdf,71209
clean__562ab63668_c32d7d404d41ffad48b82d7fd645b0c880c31055a8e58510,soffice,corpus/clean/562ab63668/soffice.pdf,66779
clean__5704f225b0_00157a505b6a16b2c4db6f13937480a06ccacbae07df171f,docxide,corpus/clean/5704f225b0/docxide.pdf,89247
clean__5704f225b0_00157a505b6a16b2c4db6f13937480a06ccacbae07df171f,soffice,corpus/clean/5704f225b0/soffice.pdf,75174
clean__570c8465f0_1b333fe80fef0fc98ba50b06be0ebd5f095833dfdaec7844,docxide,corpus/clean/570c8465f0/docxide.pdf,72039
clean__570c8465f0_1b333fe80fef0fc98ba50b06be0ebd5f095833dfdaec7844,soffice,corpus/clean/570c8465f0/soffice.pdf,80882
clean__5770da215a_0065c8734bc8a27255309fdcfd68b04992603f53b5dfc443,docxide,corpus/clean/5770da215a/docxide.pdf,55445
clean__5770da215a_0065c8734bc8a27255309fdcfd68b04992603f53b5dfc443,soffice,corpus/clean/5770da215a/soffice.pdf,12724
clean__578d5e0fb7_419db1f41a38dff07043e939caa1bc48ac1cb0c0fa157c15,docxide,corpus/clean/578d5e0fb7/docxide.pdf,110237
clean__578d5e0fb7_419db1f41a38dff07043e939caa1bc48ac1cb0c0fa157c15,soffice,corpus/clean/578d5e0fb7/soffice.pdf,50212
clean__584d80b6b1_001d5e43c6d6c6d18cb3a0390fa683e532284f72def04e2b,docxide,corpus/clean/584d80b6b1/docxide.pdf,92617
clean__584d80b6b1_001d5e43c6d6c6d18cb3a0390fa683e532284f72def04e2b,soffice,corpus/clean/584d80b6b1/soffice.pdf,61534
clean__592ba6351f_e6afdc30427f700bcc07c89b643c9f586f0d26cb502c36f1,docxide,corpus/clean/592ba6351f/docxide.pdf,73470
clean__592ba6351f_e6afdc30427f700bcc07c89b643c9f586f0d26cb502c36f1,soffice,corpus/clean/592ba6351f/soffice.pdf,43260
clean__59b2ff9584_8a2be086d95bca59e90f02f29e1018efbe75cab111b962ef,docxide,corpus/clean/59b2ff9584/docxide.pdf,66766
clean__59b2ff9584_8a2be086d95bca59e90f02f29e1018efbe75cab111b962ef,soffice,corpus/clean/59b2ff9584/soffice.pdf,76769
clean__59f5913b97_00189e5031c6fc8b71ed14ed80bb5fbe597a50585c910acc,docxide,corpus/clean/59f5913b97/docxide.pdf,86536
clean__59f5913b97_00189e5031c6fc8b71ed14ed80bb5fbe597a50585c910acc,soffice,corpus/clean/59f5913b97/soffice.pdf,58533
clean__5a2663625f_file_47,docxide,corpus/clean/5a2663625f/docxide.pdf,5156
clean__5a2663625f_file_47,soffice,corpus/clean/5a2663625f/soffice.pdf,7927
clean__5aeb64856f_7bdb6096ca360ee81cd84fb187b746124bbae29dd464f539,docxide,corpus/clean/5aeb64856f/docxide.pdf,103486
clean__5aeb64856f_7bdb6096ca360ee81cd84fb187b746124bbae29dd464f539,soffice,corpus/clean/5aeb64856f/soffice.pdf,112878
clean__5ba87c5cbb_1dab52916414f9478e31d6debd6bba2c2961cd2f0cc637f3,docxide,corpus/clean/5ba87c5cbb/docxide.pdf,74347
clean__5ba87c5cbb_1dab52916414f9478e31d6debd6bba2c2961cd2f0cc637f3,soffice,corpus/clean/5ba87c5cbb/soffice.pdf,37152
clean__5c1db01eb9_b83cb9816496b5e7d270d4f3f019d564d552ab006abb3305,docxide,corpus/clean/5c1db01eb9/docxide.pdf,124707
clean__5c1db01eb9_b83cb9816496b5e7d270d4f3f019d564d552ab006abb3305,soffice,corpus/clean/5c1db01eb9/soffice.pdf,111583
clean__5cffc4ccab_center_bold_demo_id_paraid_overflow,docxide,corpus/clean/5cffc4ccab/docxide.pdf,969
clean__5cffc4ccab_center_bold_demo_id_paraid_overflow,soffice,corpus/clean/5cffc4ccab/soffice.pdf,8805
clean__5d4fa143bc_bcb1157a541cb85d846ee3164a5b853be5525432221dfce5,docxide,corpus/clean/5d4fa143bc/docxide.pdf,90336
clean__5d4fa143bc_bcb1157a541cb85d846ee3164a5b853be5525432221dfce5,soffice,corpus/clean/5d4fa143bc/soffice.pdf,70330
clean__5d848a2e1c_011402710324274d71d6d135d7359a0a1fd5b6e21500a58c,docxide,corpus/clean/5d848a2e1c/docxide.pdf,1273
clean__5d848a2e1c_011402710324274d71d6d135d7359a0a1fd5b6e21500a58c,soffice,corpus/clean/5d848a2e1c/soffice.pdf,35294
clean__5e12c4a385_008b5e8cb1c7eb309c676be61e7bdedba7fe574da6d4bc99,docxide,corpus/clean/5e12c4a385/docxide.pdf,102047
clean__5e12c4a385_008b5e8cb1c7eb309c676be61e7bdedba7fe574da6d4bc99,soffice,corpus/clean/5e12c4a385/soffice.pdf,62694
clean__5f867f61cc_16ac98f457e5a534b29209bba77316d612cb9bf3181cfc50,docxide,corpus/clean/5f867f61cc/docxide.pdf,190426
clean__5f867f61cc_16ac98f457e5a534b29209bba77316d612cb9bf3181cfc50,soffice,corpus/clean/5f867f61cc/soffice.pdf,130652
clean__60173fbf12_file_172,docxide,corpus/clean/60173fbf12/docxide.pdf,16529
clean__60173fbf12_file_172,soffice,corpus/clean/60173fbf12/soffice.pdf,10707
clean__60c8b69ce1_00165d1538bc12d2d72b350a79ea2a658086d80922d94eac,docxide,corpus/clean/60c8b69ce1/docxide.pdf,111719
clean__60c8b69ce1_00165d1538bc12d2d72b350a79ea2a658086d80922d94eac,soffice,corpus/clean/60c8b69ce1/soffice.pdf,31464
clean__60d5bc44c6_001e4328855b5333d9d7a9c753ea351ad78961b782d1f9f7,docxide,corpus/clean/60d5bc44c6/docxide.pdf,66849
clean__60d5bc44c6_001e4328855b5333d9d7a9c753ea351ad78961b782d1f9f7,soffice,corpus/clean/60d5bc44c6/soffice.pdf,48585
clean__60dfd517a9_00f0e7f365a34acc5911a38c89776a4bdd2ba1685edcd0cc,docxide,corpus/clean/60dfd517a9/docxide.pdf,32127
clean__60dfd517a9_00f0e7f365a34acc5911a38c89776a4bdd2ba1685edcd0cc,soffice,corpus/clean/60dfd517a9/soffice.pdf,23231
clean__61ce94a90c_a140600ac824f96e6e04989b84f3cd9afe1ded1643e7ec18,docxide,corpus/clean/61ce94a90c/docxide.pdf,90470
clean__61ce94a90c_a140600ac824f96e6e04989b84f3cd9afe1ded1643e7ec18,soffice,corpus/clean/61ce94a90c/soffice.pdf,69061
clean__61e555c547_00101f550b3485d5d059f3b72afa6317fa809be5b183c8e4,docxide,corpus/clean/61e555c547/docxide.pdf,204594
clean__61e555c547_00101f550b3485d5d059f3b72afa6317fa809be5b183c8e4,soffice,corpus/clean/61e555c547/soffice.pdf,59811
clean__62732368d5_7b6493614245aae298d715fbe16d4a4945f5ebed862c1354,docxide,corpus/clean/62732368d5/docxide.pdf,61071
clean__62732368d5_7b6493614245aae298d715fbe16d4a4945f5ebed862c1354,soffice,corpus/clean/62732368d5/soffice.pdf,74689
clean__6343611658_00915150d7cf67324a804c00e2f33713fd35c63fd86d105f,docxide,corpus/clean/6343611658/docxide.pdf,115752
clean__6343611658_00915150d7cf67324a804c00e2f33713fd35c63fd86d105f,soffice,corpus/clean/6343611658/soffice.pdf,74802
clean__636ef078e7_692dc2f71b1935c6899976836178fa654a5a71716bb636f4,docxide,corpus/clean/636ef078e7/docxide.pdf,98701
clean__636ef078e7_692dc2f71b1935c6899976836178fa654a5a71716bb636f4,soffice,corpus/clean/636ef078e7/soffice.pdf,114762
clean__63db0bebfc_98f3b26190a9ad2d0c27e5505ef29521d4faff960deea626,docxide,corpus/clean/63db0bebfc/docxide.pdf,185709
clean__63db0bebfc_98f3b26190a9ad2d0c27e5505ef29521d4faff960deea626,soffice,corpus/clean/63db0bebfc/soffice.pdf,169034
clean__63f2ae8323_00d7e931786f09113a59daafeb4c51113fbd97f3f09d93c2,docxide,corpus/clean/63f2ae8323/docxide.pdf,30596
clean__63f2ae8323_00d7e931786f09113a59daafeb4c51113fbd97f3f09d93c2,soffice,corpus/clean/63f2ae8323/soffice.pdf,22574
clean__6519f4775c_441c987c442115b1a8bc359967972df76603557cbe2c51c4,docxide,corpus/clean/6519f4775c/docxide.pdf,82116
clean__6519f4775c_441c987c442115b1a8bc359967972df76603557cbe2c51c4,soffice,corpus/clean/6519f4775c/soffice.pdf,78747
clean__652aef6635_a719122080a418927a7056741f57b5e84ee1879adb4d9dda,docxide,corpus/clean/652aef6635/docxide.pdf,28382
clean__652aef6635_a719122080a418927a7056741f57b5e84ee1879adb4d9dda,soffice,corpus/clean/652aef6635/soffice.pdf,15033
clean__67f497f378_03a7fb6a57b0d73f9c73c2d5556fe93c751bbe991f3a84ec,docxide,corpus/clean/67f497f378/docxide.pdf,71396
clean__67f497f378_03a7fb6a57b0d73f9c73c2d5556fe93c751bbe991f3a84ec,soffice,corpus/clean/67f497f378/soffice.pdf,133207
clean__689964b1d8_fcb45876931e978ee2f9052da44fe1f763e4f0c1cb7b2279,docxide,corpus/clean/689964b1d8/docxide.pdf,178025
clean__689964b1d8_fcb45876931e978ee2f9052da44fe1f763e4f0c1cb7b2279,soffice,corpus/clean/689964b1d8/soffice.pdf,344441
clean__68fdec049c_docx_lots_of_comments,docxide,corpus/clean/68fdec049c/docxide.pdf,191431
clean__68fdec049c_docx_lots_of_comments,soffice,corpus/clean/68fdec049c/soffice.pdf,210189
clean__6955182af0_file_29,docxide,corpus/clean/6955182af0/docxide.pdf,22738
clean__6955182af0_file_29,soffice,corpus/clean/6955182af0/soffice.pdf,11137
clean__6c8fc15329_adec1f56bbf0e13c249c914129851ad18623e311ccbfde12,docxide,corpus/clean/6c8fc15329/docxide.pdf,50728
clean__6c8fc15329_adec1f56bbf0e13c249c914129851ad18623e311ccbfde12,soffice,corpus/clean/6c8fc15329/soffice.pdf,36090
clean__6df9364352_right_alignment_demo_id_paraid_overflow,docxide,corpus/clean/6df9364352/docxide.pdf,995
clean__6df9364352_right_alignment_demo_id_paraid_overflow,soffice,corpus/clean/6df9364352/soffice.pdf,7629
clean__6fd0bcf742_4d924bef342148e103a8bd4cc7e318ca54c332845ae0d45f,docxide,corpus/clean/6fd0bcf742/docxide.pdf,62962
clean__6fd0bcf742_4d924bef342148e103a8bd4cc7e318ca54c332845ae0d45f,soffice,corpus/clean/6fd0bcf742/soffice.pdf,102762
clean__708e97c5e2_00182e72667f48ae6e4f132ee0476af5954107dc05e7d41f,docxide,corpus/clean/708e97c5e2/docxide.pdf,57101
clean__708e97c5e2_00182e72667f48ae6e4f132ee0476af5954107dc05e7d41f,soffice,corpus/clean/708e97c5e2/soffice.pdf,28786
clean__714166b02d_068b2be61df1b92baef01bb3b66e4e1ff3c715f6c7f2c7c4,docxide,corpus/clean/714166b02d/docxide.pdf,115548
clean__714166b02d_068b2be61df1b92baef01bb3b66e4e1ff3c715f6c7f2c7c4,soffice,corpus/clean/714166b02d/soffice.pdf,73092
clean__715d3d2b67_414e913bdcab4ac6cefcf85507ca910beead4a550959a564,docxide,corpus/clean/715d3d2b67/docxide.pdf,54478
clean__715d3d2b67_414e913bdcab4ac6cefcf85507ca910beead4a550959a564,soffice,corpus/clean/715d3d2b67/soffice.pdf,81489
clean__72956de30c_b6416f729015c6f0441e0f472adb6c4cba663dff0dd28d6b,docxide,corpus/clean/72956de30c/docxide.pdf,87624
clean__72956de30c_b6416f729015c6f0441e0f472adb6c4cba663dff0dd28d6b,soffice,corpus/clean/72956de30c/soffice.pdf,91774
clean__732ab791e2_00eae78266ed78aa8332e1bf90285523dd0ee723f6d555f2,docxide,corpus/clean/732ab791e2/docxide.pdf,44328
clean__732ab791e2_00eae78266ed78aa8332e1bf90285523dd0ee723f6d555f2,soffice,corpus/clean/732ab791e2/soffice.pdf,193902
clean__7546c69e4c_000617577d6598fe8fdbf40305a9516992bf7c0507ffcfb9,docxide,corpus/clean/7546c69e4c/docxide.pdf,81680
clean__7546c69e4c_000617577d6598fe8fdbf40305a9516992bf7c0507ffcfb9,soffice,corpus/clean/7546c69e4c/soffice.pdf,74763
clean__76c0f1a39c_b1e565871b53ce7b97fc2d3e4fdd2d8da17e067bc9b73400,docxide,corpus/clean/76c0f1a39c/docxide.pdf,36289
clean__76c0f1a39c_b1e565871b53ce7b97fc2d3e4fdd2d8da17e067bc9b73400,soffice,corpus/clean/76c0f1a39c/soffice.pdf,39497
clean__77dcdfd6dc_20c18b4b5db86ef701aef966f4d5a28da7dd6acd0d3add9c,docxide,corpus/clean/77dcdfd6dc/docxide.pdf,83956
clean__77dcdfd6dc_20c18b4b5db86ef701aef966f4d5a28da7dd6acd0d3add9c,soffice,corpus/clean/77dcdfd6dc/soffice.pdf,85659
clean__79467878e1_0033746301aa0d3cf5ab1e08176a8b958798b5ac31376c2c,docxide,corpus/clean/79467878e1/docxide.pdf,19484
clean__79467878e1_0033746301aa0d3cf5ab1e08176a8b958798b5ac31376c2c,soffice,corpus/clean/79467878e1/soffice.pdf,136646
clean__79ab992a54_00049f2706c11911869d277f2bf130aa92cb7d8dea5fb084,docxide,corpus/clean/79ab992a54/docxide.pdf,65273
clean__79ab992a54_00049f2706c11911869d277f2bf130aa92cb7d8dea5fb084,soffice,corpus/clean/79ab992a54/soffice.pdf,53115
clean__7bae84c9cd_002a1cab21848bc36a20af24d342ae97c7995849d9d67f24,docxide,corpus/clean/7bae84c9cd/docxide.pdf,72597
clean__7bae84c9cd_002a1cab21848bc36a20af24d342ae97c7995849d9d67f24,soffice,corpus/clean/7bae84c9cd/soffice.pdf,38652
clean__7c574c6405_75ec25360b1ad076f683dc85c01cb39e1c1a73264f48f966,docxide,corpus/clean/7c574c6405/docxide.pdf,120485
clean__7c574c6405_75ec25360b1ad076f683dc85c01cb39e1c1a73264f48f966,soffice,corpus/clean/7c574c6405/soffice.pdf,71156
clean__7cbc814bd0_01254bd7c9b378df5f85b98dcd9d84ea96fb6b7dab6c920c,docxide,corpus/clean/7cbc814bd0/docxide.pdf,51190
clean__7cbc814bd0_01254bd7c9b378df5f85b98dcd9d84ea96fb6b7dab6c920c,soffice,corpus/clean/7cbc814bd0/soffice.pdf,26956
clean__7d835a8b2b_0045cb6a38cb7d196b7cda11bd527a7d22cf5293b0777e9d,docxide,corpus/clean/7d835a8b2b/docxide.pdf,40687
clean__7d835a8b2b_0045cb6a38cb7d196b7cda11bd527a7d22cf5293b0777e9d,soffice,corpus/clean/7d835a8b2b/soffice.pdf,28626
clean__7da4c0927e_b9794019a3a163817e9882b71d9a9b70083625440919c6e3,docxide,corpus/clean/7da4c0927e/docxide.pdf,91417
clean__7da4c0927e_b9794019a3a163817e9882b71d9a9b70083625440919c6e3,soffice,corpus/clean/7da4c0927e/soffice.pdf,49587
clean__80295797f5_006d2bea81cfd29be2e59dca8a75d898b98be4e550876cab,docxide,corpus/clean/80295797f5/docxide.pdf,49383
clean__80295797f5_006d2bea81cfd29be2e59dca8a75d898b98be4e550876cab,soffice,corpus/clean/80295797f5/soffice.pdf,48185
clean__80aa142151_file_8,docxide,corpus/clean/80aa142151/docxide.pdf,191891
clean__80aa142151_file_8,soffice,corpus/clean/80aa142151/soffice.pdf,210957
clean__812f9a84da_00ac06fef95cc36c8559ec486c7822d97e29002456b38066,docxide,corpus/clean/812f9a84da/docxide.pdf,85731
clean__812f9a84da_00ac06fef95cc36c8559ec486c7822d97e29002456b38066,soffice,corpus/clean/812f9a84da/soffice.pdf,61163
clean__82b6024490_eba09f901ffae6c9a565fe0d013e73c75ca8391ebf9af116,docxide,corpus/clean/82b6024490/docxide.pdf,42833
clean__82b6024490_eba09f901ffae6c9a565fe0d013e73c75ca8391ebf9af116,soffice,corpus/clean/82b6024490/soffice.pdf,48022
clean__8363f472b5_c19dd67235accb6bea40c7dc9a79f86d7abdb92aa3b914b2,docxide,corpus/clean/8363f472b5/docxide.pdf,102348
clean__8363f472b5_c19dd67235accb6bea40c7dc9a79f86d7abdb92aa3b914b2,soffice,corpus/clean/8363f472b5/soffice.pdf,69506
clean__83a0cec5ca_cc594ee0903acbfa9207a40e3f40a94e75a31b6cdedde4a2,docxide,corpus/clean/83a0cec5ca/docxide.pdf,62164
clean__83a0cec5ca_cc594ee0903acbfa9207a40e3f40a94e75a31b6cdedde4a2,soffice,corpus/clean/83a0cec5ca/soffice.pdf,147266
clean__8433fa4770_30de75a79752c5eab370146e5e536aa3bdf71f7b95da6c96,docxide,corpus/clean/8433fa4770/docxide.pdf,76094
clean__8433fa4770_30de75a79752c5eab370146e5e536aa3bdf71f7b95da6c96,soffice,corpus/clean/8433fa4770/soffice.pdf,51148
clean__851f0db23f_003df1e72a9f80cb2eeccc51cd6f81fdefde5d23a79a8f84,docxide,corpus/clean/851f0db23f/docxide.pdf,83107
clean__851f0db23f_003df1e72a9f80cb2eeccc51cd6f81fdefde5d23a79a8f84,soffice,corpus/clean/851f0db23f/soffice.pdf,28546
clean__854e54d0d4_b5a14ebdbbd67607b97eb464dd41ab98caafcc07fbf9b705,docxide,corpus/clean/854e54d0d4/docxide.pdf,136409
clean__854e54d0d4_b5a14ebdbbd67607b97eb464dd41ab98caafcc07fbf9b705,soffice,corpus/clean/854e54d0d4/soffice.pdf,134620
clean__887ab1b510_0023e437f8c28adfe624c06dc0226739f80bdbc2a09a7efe,docxide,corpus/clean/887ab1b510/docxide.pdf,66473
clean__887ab1b510_0023e437f8c28adfe624c06dc0226739f80bdbc2a09a7efe,soffice,corpus/clean/887ab1b510/soffice.pdf,18283
clean__88bbab5a54_08c53c4f6a7731a1dd2b7d06d65d3631cefd5455facfc34f,docxide,corpus/clean/88bbab5a54/docxide.pdf,59774
clean__88bbab5a54_08c53c4f6a7731a1dd2b7d06d65d3631cefd5455facfc34f,soffice,corpus/clean/88bbab5a54/soffice.pdf,38116
clean__88ca4973bc_2f32ace542a5cf1e3ce7ae99904c4367c33ef810e5a15775,docxide,corpus/clean/88ca4973bc/docxide.pdf,70679
clean__88ca4973bc_2f32ace542a5cf1e3ce7ae99904c4367c33ef810e5a15775,soffice,corpus/clean/88ca4973bc/soffice.pdf,65213
clean__89bbfb0478_5ef2e4f53af5317c9cfc522c9692ecfe36e326dfe5d7d15d,docxide,corpus/clean/89bbfb0478/docxide.pdf,38311
clean__89bbfb0478_5ef2e4f53af5317c9cfc522c9692ecfe36e326dfe5d7d15d,soffice,corpus/clean/89bbfb0478/soffice.pdf,22964
clean__89f9e4fb28_530a47c076f17900c3b1ccc8e884fefd877238cbc34e8bba,docxide,corpus/clean/89f9e4fb28/docxide.pdf,36487
clean__89f9e4fb28_530a47c076f17900c3b1ccc8e884fefd877238cbc34e8bba,soffice,corpus/clean/89f9e4fb28/soffice.pdf,20658
clean__89fb6ee886_ecf988562f32de3c1dc52f4752379259dc04cfa761a0d1ab,docxide,corpus/clean/89fb6ee886/docxide.pdf,35179
clean__89fb6ee886_ecf988562f32de3c1dc52f4752379259dc04cfa761a0d1ab,soffice,corpus/clean/89fb6ee886/soffice.pdf,20145
clean__8a1cf7652a_35581b7ee3412e533f336af70d38e5d84f284b9914354b5a,docxide,corpus/clean/8a1cf7652a/docxide.pdf,34944
clean__8a1cf7652a_35581b7ee3412e533f336af70d38e5d84f284b9914354b5a,soffice,corpus/clean/8a1cf7652a/soffice.pdf,19806
clean__8adb5d2b90_a5de68536253cfefa979b7c78ccbfd2f4d1316632aedf7c9,docxide,corpus/clean/8adb5d2b90/docxide.pdf,53010
clean__8adb5d2b90_a5de68536253cfefa979b7c78ccbfd2f4d1316632aedf7c9,soffice,corpus/clean/8adb5d2b90/soffice.pdf,30764
clean__8b28c87945_b6dd1b2bdaef1b402ed554b3aa113cccfff1df5304936303,docxide,corpus/clean/8b28c87945/docxide.pdf,70235
clean__8b28c87945_b6dd1b2bdaef1b402ed554b3aa113cccfff1df5304936303,soffice,corpus/clean/8b28c87945/soffice.pdf,59021
clean__8b30df7b75_bcaba576298c226de3778b235884ca96d3e104c7909da8f0,docxide,corpus/clean/8b30df7b75/docxide.pdf,55440
clean__8b30df7b75_bcaba576298c226de3778b235884ca96d3e104c7909da8f0,soffice,corpus/clean/8b30df7b75/soffice.pdf,36471
clean__8bf3c89c49_roboto_font_demo_id_paraid_overflow_2,docxide,corpus/clean/8bf3c89c49/docxide.pdf,971
clean__8bf3c89c49_roboto_font_demo_id_paraid_overflow_2,soffice,corpus/clean/8bf3c89c49/soffice.pdf,10403
clean__8c010ff2c5_3b89226c167b882562c5ad6dbe93dac0dcbeaf9ee9619f05,docxide,corpus/clean/8c010ff2c5/docxide.pdf,118736
clean__8c010ff2c5_3b89226c167b882562c5ad6dbe93dac0dcbeaf9ee9619f05,soffice,corpus/clean/8c010ff2c5/soffice.pdf,120225
clean__8e2e4a07f5_file_174,docxide,corpus/clean/8e2e4a07f5/docxide.pdf,12734
clean__8e2e4a07f5_file_174,soffice,corpus/clean/8e2e4a07f5/soffice.pdf,8683
clean__8e534b49f0_00a9b37342f07e6b9bd5b8fffbe4dd777d31053171e69da2,docxide,corpus/clean/8e534b49f0/docxide.pdf,208159
clean__8e534b49f0_00a9b37342f07e6b9bd5b8fffbe4dd777d31053171e69da2,soffice,corpus/clean/8e534b49f0/soffice.pdf,311752
clean__8e6f55ed7e_strikethrough_text_formatting_demo_id_paraid_ove,docxide,corpus/clean/8e6f55ed7e/docxide.pdf,1027
clean__8e6f55ed7e_strikethrough_text_formatting_demo_id_paraid_ove,soffice,corpus/clean/8e6f55ed7e/soffice.pdf,7909
clean__8f05cb9991_993974b1b002c578bf35a3ded864a397a20d2e562360114e,docxide,corpus/clean/8f05cb9991/docxide.pdf,69346
clean__8f05cb9991_993974b1b002c578bf35a3ded864a397a20d2e562360114e,soffice,corpus/clean/8f05cb9991/soffice.pdf,63723
clean__8f0ef1c2a6_center_alignment_demo_id_paraid_overflow,docxide,corpus/clean/8f0ef1c2a6/docxide.pdf,1005
clean__8f0ef1c2a6_center_alignment_demo_id_paraid_overflow,soffice,corpus/clean/8f0ef1c2a6/soffice.pdf,7975
clean__8f36ed144a_d47020aa359686bd7cbbe016e04872fb31c3995f576a2f1d,docxide,corpus/clean/8f36ed144a/docxide.pdf,90302
clean__8f36ed144a_d47020aa359686bd7cbbe016e04872fb31c3995f576a2f1d,soffice,corpus/clean/8f36ed144a/soffice.pdf,76549
clean__8f608a1558_yellow_highlight_italic_demo_style_default_missi,docxide,corpus/clean/8f608a1558/docxide.pdf,13534
clean__8f608a1558_yellow_highlight_italic_demo_style_default_missi,soffice,corpus/clean/8f608a1558/soffice.pdf,9080
clean__91b413669c_d648eeed49779dcbe5c513642114cc3711d7056bb1d186d1,docxide,corpus/clean/91b413669c/docxide.pdf,58552
clean__91b413669c_d648eeed49779dcbe5c513642114cc3711d7056bb1d186d1,soffice,corpus/clean/91b413669c/soffice.pdf,71157
clean__935ca2b17e_001472bb3ded604a6a8ecc22c13d174d4a8840ca7f9ea05b,docxide,corpus/clean/935ca2b17e/docxide.pdf,38841
clean__935ca2b17e_001472bb3ded604a6a8ecc22c13d174d4a8840ca7f9ea05b,soffice,corpus/clean/935ca2b17e/soffice.pdf,54738
clean__942c4e928e_0220d390b233bb5fce23512533a30a14eeb1cf87c0e005c9,docxide,corpus/clean/942c4e928e/docxide.pdf,159062
clean__942c4e928e_0220d390b233bb5fce23512533a30a14eeb1cf87c0e005c9,soffice,corpus/clean/942c4e928e/soffice.pdf,257648
clean__950124ddf0_3f9ae7d602e5c367de2ba0871c4c481a51c57288483be484,docxide,corpus/clean/950124ddf0/docxide.pdf,98670
clean__950124ddf0_3f9ae7d602e5c367de2ba0871c4c481a51c57288483be484,soffice,corpus/clean/950124ddf0/soffice.pdf,83238
clean__950e17c79e_0033befc1519430a818941e90fd628be519b0d4bac0bd08e,docxide,corpus/clean/950e17c79e/docxide.pdf,52134
clean__950e17c79e_0033befc1519430a818941e90fd628be519b0d4bac0bd08e,soffice,corpus/clean/950e17c79e/soffice.pdf,587792
clean__95505e5cea_876134303c497ac4ec8cd8084f7098d889bc610b52d17afd,docxide,corpus/clean/95505e5cea/docxide.pdf,119675
clean__95505e5cea_876134303c497ac4ec8cd8084f7098d889bc610b52d17afd,soffice,corpus/clean/95505e5cea/soffice.pdf,171476
clean__95e967cf7b_4a45c8279800a59fdb128a3e00cc935fe8475769102fcc42,docxide,corpus/clean/95e967cf7b/docxide.pdf,301645
clean__95e967cf7b_4a45c8279800a59fdb128a3e00cc935fe8475769102fcc42,soffice,corpus/clean/95e967cf7b/soffice.pdf,407870
clean__968b9e9dda_bold_italic_combined_demo_id_paraid_overflow,docxide,corpus/clean/968b9e9dda/docxide.pdf,979
clean__968b9e9dda_bold_italic_combined_demo_id_paraid_overflow,soffice,corpus/clean/968b9e9dda/soffice.pdf,8479
clean__9696c5a86b_849ee788c6d02e66e3d5d037056f33907af76c092dbb5494,docxide,corpus/clean/9696c5a86b/docxide.pdf,53222
clean__9696c5a86b_849ee788c6d02e66e3d5d037056f33907af76c092dbb5494,soffice,corpus/clean/9696c5a86b/soffice.pdf,51012
clean__97ec0fecd2_bdfddb39d04de4c189c85b353faf57d3bd637b8a74322c41,docxide,corpus/clean/97ec0fecd2/docxide.pdf,7119
clean__97ec0fecd2_bdfddb39d04de4c189c85b353faf57d3bd637b8a74322c41,soffice,corpus/clean/97ec0fecd2/soffice.pdf,91940
clean__9861e3ad38_66cec55756dbf486326e2c5d1db5ead225c2d21af9a208db,docxide,corpus/clean/9861e3ad38/docxide.pdf,108539
clean__9861e3ad38_66cec55756dbf486326e2c5d1db5ead225c2d21af9a208db,soffice,corpus/clean/9861e3ad38/soffice.pdf,147602
clean__992a706bab_003f6eae08417a020a7650beceacb98bdaad173aa528504f,docxide,corpus/clean/992a706bab/docxide.pdf,46424
clean__992a706bab_003f6eae08417a020a7650beceacb98bdaad173aa528504f,soffice,corpus/clean/992a706bab/soffice.pdf,29558
clean__999fd4a55d_000824600b952578b4afa6408afacaa2b5db3f9d209fd944,docxide,corpus/clean/999fd4a55d/docxide.pdf,119398
clean__999fd4a55d_000824600b952578b4afa6408afacaa2b5db3f9d209fd944,soffice,corpus/clean/999fd4a55d/soffice.pdf,108624
clean__99de296dd9_d750f6832de5fbe3c2768cf0c77499282cd00aec6f32de44,docxide,corpus/clean/99de296dd9/docxide.pdf,68404
clean__99de296dd9_d750f6832de5fbe3c2768cf0c77499282cd00aec6f32de44,soffice,corpus/clean/99de296dd9/soffice.pdf,59650
clean__9a03a3aa5b_000ae86305b36544d2a827795e4f4d0e10ea719c0c937336,docxide,corpus/clean/9a03a3aa5b/docxide.pdf,84517
clean__9a03a3aa5b_000ae86305b36544d2a827795e4f4d0e10ea719c0c937336,soffice,corpus/clean/9a03a3aa5b/soffice.pdf,643000
clean__9a1c0cc482_00189bfa50665ef68d774f0fa46d3c42e2acc5de12083ae6,docxide,corpus/clean/9a1c0cc482/docxide.pdf,73164
clean__9a1c0cc482_00189bfa50665ef68d774f0fa46d3c42e2acc5de12083ae6,soffice,corpus/clean/9a1c0cc482/soffice.pdf,84642
clean__9c22320d9b_2b07800cab9aa0401a731384b30b476e61889b5bce7b3619,docxide,corpus/clean/9c22320d9b/docxide.pdf,100188
clean__9c22320d9b_2b07800cab9aa0401a731384b30b476e61889b5bce7b3619,soffice,corpus/clean/9c22320d9b/soffice.pdf,104099
clean__9c264cb6bc_cdbe3d46d7dd78c6acf55321a1676e6baf55913ded0a082d,docxide,corpus/clean/9c264cb6bc/docxide.pdf,99965
clean__9c264cb6bc_cdbe3d46d7dd78c6acf55321a1676e6baf55913ded0a082d,soffice,corpus/clean/9c264cb6bc/soffice.pdf,54172
clean__9c47558205_0127c9a31eab89607ec01340971ddea1021d427ece1fd37d,docxide,corpus/clean/9c47558205/docxide.pdf,82796
clean__9c47558205_0127c9a31eab89607ec01340971ddea1021d427ece1fd37d,soffice,corpus/clean/9c47558205/soffice.pdf,55651
clean__9cab09c08d_75bc7006ba70183c4543590a4131ca692719a521bcd85ad7,docxide,corpus/clean/9cab09c08d/docxide.pdf,91892
clean__9cab09c08d_75bc7006ba70183c4543590a4131ca692719a521bcd85ad7,soffice,corpus/clean/9cab09c08d/soffice.pdf,115992
clean__9ce84b16b6_8130ebf3e279cc2752198e46e0003239b9179f0cfc2b4f46,docxide,corpus/clean/9ce84b16b6/docxide.pdf,104627
clean__9ce84b16b6_8130ebf3e279cc2752198e46e0003239b9179f0cfc2b4f46,soffice,corpus/clean/9ce84b16b6/soffice.pdf,126296
clean__9dade723b7_2da9c613cbce9974bbec12df723d6d4f5589af94e5cebbd6,docxide,corpus/clean/9dade723b7/docxide.pdf,86429
clean__9dade723b7_2da9c613cbce9974bbec12df723d6d4f5589af94e5cebbd6,soffice,corpus/clean/9dade723b7/soffice.pdf,89645
clean__9e0fe37bd3_c5ddb65c304e51ee1968486ee5967cce78db93eece4177fe,docxide,corpus/clean/9e0fe37bd3/docxide.pdf,89532
clean__9e0fe37bd3_c5ddb65c304e51ee1968486ee5967cce78db93eece4177fe,soffice,corpus/clean/9e0fe37bd3/soffice.pdf,95898
clean__9e94d239ae_bc79e34f74cfc2d846808a6b01b2d58cc05ec74f9747c94d,docxide,corpus/clean/9e94d239ae/docxide.pdf,127385
clean__9e94d239ae_bc79e34f74cfc2d846808a6b01b2d58cc05ec74f9747c94d,soffice,corpus/clean/9e94d239ae/soffice.pdf,141875
clean__9f2c60b301_d20125ec6aa52579b2e53d11212ae5e77501983055c37aca,docxide,corpus/clean/9f2c60b301/docxide.pdf,467145
clean__9f2c60b301_d20125ec6aa52579b2e53d11212ae5e77501983055c37aca,soffice,corpus/clean/9f2c60b301/soffice.pdf,380797
clean__a1664c9ad4_6567ec68ee0f2368109ba42c94ee96db2d9bbd318c55e414,docxide,corpus/clean/a1664c9ad4/docxide.pdf,117390
clean__a1664c9ad4_6567ec68ee0f2368109ba42c94ee96db2d9bbd318c55e414,soffice,corpus/clean/a1664c9ad4/soffice.pdf,125329
clean__a1872de6f9_4ba11863826eb6a508ea7cf4b938acc078e24964b0ea83a4,docxide,corpus/clean/a1872de6f9/docxide.pdf,73855
clean__a1872de6f9_4ba11863826eb6a508ea7cf4b938acc078e24964b0ea83a4,soffice,corpus/clean/a1872de6f9/soffice.pdf,33067
clean__a1dd2e1369_increase_indent_demo_id_paraid_overflow,docxide,corpus/clean/a1dd2e1369/docxide.pdf,896
clean__a1dd2e1369_increase_indent_demo_id_paraid_overflow,soffice,corpus/clean/a1dd2e1369/soffice.pdf,7070
clean__a3d29116c7_408da7917b268255aeb2819722dec6670c9a85c84bf4cd57,docxide,corpus/clean/a3d29116c7/docxide.pdf,109050
clean__a3d29116c7_408da7917b268255aeb2819722dec6670c9a85c84bf4cd57,soffice,corpus/clean/a3d29116c7/soffice.pdf,82448
clean__a3e6c2e426_197f067152a83fdf7b2e0aee6e62b8960edda324238a6957,docxide,corpus/clean/a3e6c2e426/docxide.pdf,115017
clean__a3e6c2e426_197f067152a83fdf7b2e0aee6e62b8960edda324238a6957,soffice,corpus/clean/a3e6c2e426/soffice.pdf,94884
clean__a3e81bfee9_0ca05d229c42f488863fa60d0e0d51356cb5a451016d9fca,docxide,corpus/clean/a3e81bfee9/docxide.pdf,111205
clean__a3e81bfee9_0ca05d229c42f488863fa60d0e0d51356cb5a451016d9fca,soffice,corpus/clean/a3e81bfee9/soffice.pdf,104536
clean__a4dedaa05a_9009c4519d3cbd224cc4dfd7059a955d4dd4c8e4f88f7f56,docxide,corpus/clean/a4dedaa05a/docxide.pdf,73074
clean__a4dedaa05a_9009c4519d3cbd224cc4dfd7059a955d4dd4c8e4f88f7f56,soffice,corpus/clean/a4dedaa05a/soffice.pdf,51901
clean__a5f2b9318d_002aa60c2ae1187417b4b157c5ec6450324cc056ec551a12,docxide,corpus/clean/a5f2b9318d/docxide.pdf,126442
clean__a5f2b9318d_002aa60c2ae1187417b4b157c5ec6450324cc056ec551a12,soffice,corpus/clean/a5f2b9318d/soffice.pdf,91219
clean__a62ef11355_af838c136dcd3b6c93a648911f7fe7bcba87be8a27c66ac3,docxide,corpus/clean/a62ef11355/docxide.pdf,82169
clean__a62ef11355_af838c136dcd3b6c93a648911f7fe7bcba87be8a27c66ac3,soffice,corpus/clean/a62ef11355/soffice.pdf,44489
clean__a6bdad436b_00e1eabab4f0fdde08a033b7d3af988ce75f7e80207c9918,docxide,corpus/clean/a6bdad436b/docxide.pdf,38846
clean__a6bdad436b_00e1eabab4f0fdde08a033b7d3af988ce75f7e80207c9918,soffice,corpus/clean/a6bdad436b/soffice.pdf,33885
clean__a789872985_da406ab4e4c16c2b9bd6fc462214e6049e9f45c41e2111c8,docxide,corpus/clean/a789872985/docxide.pdf,61949
clean__a789872985_da406ab4e4c16c2b9bd6fc462214e6049e9f45c41e2111c8,soffice,corpus/clean/a789872985/soffice.pdf,26753
clean__a7ec7d9594_e0dd35e75e8e3ecb4adfc5ce29c921d634bcee666ae65035,docxide,corpus/clean/a7ec7d9594/docxide.pdf,117347
clean__a7ec7d9594_e0dd35e75e8e3ecb4adfc5ce29c921d634bcee666ae65035,soffice,corpus/clean/a7ec7d9594/soffice.pdf,91456
clean__a86fb6ab5f_79e9b24ea89f126a2750ff3d2419411c4905909aff7538be,docxide,corpus/clean/a86fb6ab5f/docxide.pdf,83950
clean__a86fb6ab5f_79e9b24ea89f126a2750ff3d2419411c4905909aff7538be,soffice,corpus/clean/a86fb6ab5f/soffice.pdf,121559
clean__a9799c1c12_c60edb38d05ffa6f106d048d8a07e3ec1f6134ec7c64b515,docxide,corpus/clean/a9799c1c12/docxide.pdf,248029
clean__a9799c1c12_c60edb38d05ffa6f106d048d8a07e3ec1f6134ec7c64b515,soffice,corpus/clean/a9799c1c12/soffice.pdf,212834
clean__a9e2f2c9c6_03db4d3e4022d9613a4bbbb7f7b4bc98bed915d4491cb897,docxide,corpus/clean/a9e2f2c9c6/docxide.pdf,58108
clean__a9e2f2c9c6_03db4d3e4022d9613a4bbbb7f7b4bc98bed915d4491cb897,soffice,corpus/clean/a9e2f2c9c6/soffice.pdf,59602
clean__aa5ccfbc3c_file_2,docxide,corpus/clean/aa5ccfbc3c/docxide.pdf,55593
clean__aa5ccfbc3c_file_2,soffice,corpus/clean/aa5ccfbc3c/soffice.pdf,13801
clean__aad76374be_89459f017bb4a18c06746c1355a41c84b8de0734d3d16edf,docxide,corpus/clean/aad76374be/docxide.pdf,58062
clean__aad76374be_89459f017bb4a18c06746c1355a41c84b8de0734d3d16edf,soffice,corpus/clean/aad76374be/soffice.pdf,45225
clean__ab30f8e4c2_4d890d60e5aea15ab0da82edfa19c9cff4f3bf518de8a520,docxide,corpus/clean/ab30f8e4c2/docxide.pdf,100094
clean__ab30f8e4c2_4d890d60e5aea15ab0da82edfa19c9cff4f3bf518de8a520,soffice,corpus/clean/ab30f8e4c2/soffice.pdf,82016
clean__ab517eeffc_5ed314f75f24c6be808674e4db53ce5952aa02d8aca97ade,docxide,corpus/clean/ab517eeffc/docxide.pdf,68020
clean__ab517eeffc_5ed314f75f24c6be808674e4db53ce5952aa02d8aca97ade,soffice,corpus/clean/ab517eeffc/soffice.pdf,52668
clean__acfb188cbe_da70fe22e2b96c62d0310d4eb7760cbac4c452a88bd62929,docxide,corpus/clean/acfb188cbe/docxide.pdf,66407
clean__acfb188cbe_da70fe22e2b96c62d0310d4eb7760cbac4c452a88bd62929,soffice,corpus/clean/acfb188cbe/soffice.pdf,28973
clean__ad525fb725_0f89ef3a0cec3c85981cde021a1c4cd2121ccf0c7a0d011c,docxide,corpus/clean/ad525fb725/docxide.pdf,60748
clean__ad525fb725_0f89ef3a0cec3c85981cde021a1c4cd2121ccf0c7a0d011c,soffice,corpus/clean/ad525fb725/soffice.pdf,101432
clean__ad80cf4457_file_46,docxide,corpus/clean/ad80cf4457/docxide.pdf,21403
clean__ad80cf4457_file_46,soffice,corpus/clean/ad80cf4457/soffice.pdf,9449
clean__ae086861ee_39a887f5b1bab1cf142553ab31f2bbdcf6ff51b14218f14c,docxide,corpus/clean/ae086861ee/docxide.pdf,84941
clean__ae086861ee_39a887f5b1bab1cf142553ab31f2bbdcf6ff51b14218f14c,soffice,corpus/clean/ae086861ee/soffice.pdf,117675
clean__affe6c2bdb_000ff4412a9a24cdcfb8f0a3f8c5108de1cc4e4450134017,docxide,corpus/clean/affe6c2bdb/docxide.pdf,52407
clean__affe6c2bdb_000ff4412a9a24cdcfb8f0a3f8c5108de1cc4e4450134017,soffice,corpus/clean/affe6c2bdb/soffice.pdf,40588
clean__b28a444b77_00ae7e02568168b8fe3237a0d4bf8372bc37d126684dcfd3,docxide,corpus/clean/b28a444b77/docxide.pdf,59522
clean__b28a444b77_00ae7e02568168b8fe3237a0d4bf8372bc37d126684dcfd3,soffice,corpus/clean/b28a444b77/soffice.pdf,69258
clean__b395a44ac3_014babb22d56cf52366789d45014c634e57e5c3990b0b3b0,docxide,corpus/clean/b395a44ac3/docxide.pdf,92002
clean__b395a44ac3_014babb22d56cf52366789d45014c634e57e5c3990b0b3b0,soffice,corpus/clean/b395a44ac3/soffice.pdf,49493
clean__b4294a7edd_ddff881efc732399286b36322055752e7287a255646f24a3,docxide,corpus/clean/b4294a7edd/docxide.pdf,29250
clean__b4294a7edd_ddff881efc732399286b36322055752e7287a255646f24a3,soffice,corpus/clean/b4294a7edd/soffice.pdf,15804
clean__b464bb2f28_53fae2563e6bafcd40cf05ce3f1d6b2d66f0d965f9b5c8e2,docxide,corpus/clean/b464bb2f28/docxide.pdf,85095
clean__b464bb2f28_53fae2563e6bafcd40cf05ce3f1d6b2d66f0d965f9b5c8e2,soffice,corpus/clean/b464bb2f28/soffice.pdf,52571
clean__b50b23cc7c_00177a6001ce3df28759049baecced2e1804b7b336f0551a,docxide,corpus/clean/b50b23cc7c/docxide.pdf,79611
clean__b50b23cc7c_00177a6001ce3df28759049baecced2e1804b7b336f0551a,soffice,corpus/clean/b50b23cc7c/soffice.pdf,60115
clean__b535008087_a1c0c04747ae1fda785d5bd3748890f39c0bc43d28b1d463,docxide,corpus/clean/b535008087/docxide.pdf,100111
clean__b535008087_a1c0c04747ae1fda785d5bd3748890f39c0bc43d28b1d463,soffice,corpus/clean/b535008087/soffice.pdf,75648
clean__b541d943e6_1097a520fdfab2a59ef7c772acad0aa59ad7d2727f4e4ce7,docxide,corpus/clean/b541d943e6/docxide.pdf,174798
clean__b541d943e6_1097a520fdfab2a59ef7c772acad0aa59ad7d2727f4e4ce7,soffice,corpus/clean/b541d943e6/soffice.pdf,147751
clean__b72ad4f19a_a820a0da011e611146ee10c801a15125f3b3b0409b63bb83,docxide,corpus/clean/b72ad4f19a/docxide.pdf,91065
clean__b72ad4f19a_a820a0da011e611146ee10c801a15125f3b3b0409b63bb83,soffice,corpus/clean/b72ad4f19a/soffice.pdf,61685
clean__b7e67597aa_c4850a8edf9d9738475b66f4cdb5dd6ac803c9222a280f8b,docxide,corpus/clean/b7e67597aa/docxide.pdf,90255
clean__b7e67597aa_c4850a8edf9d9738475b66f4cdb5dd6ac803c9222a280f8b,soffice,corpus/clean/b7e67597aa/soffice.pdf,69852
clean__b7f325bd51_6f884742d51e530f70c1c0c3d3d5892bb5c8fd96c5ecfb1e,docxide,corpus/clean/b7f325bd51/docxide.pdf,118565
clean__b7f325bd51_6f884742d51e530f70c1c0c3d3d5892bb5c8fd96c5ecfb1e,soffice,corpus/clean/b7f325bd51/soffice.pdf,71065
clean__b83d53a061_0b51577fe8f261b7bbd09d6bc4b4f11cf85cb1a18e9b6f33,docxide,corpus/clean/b83d53a061/docxide.pdf,68647
clean__b83d53a061_0b51577fe8f261b7bbd09d6bc4b4f11cf85cb1a18e9b6f33,soffice,corpus/clean/b83d53a061/soffice.pdf,52182
clean__b8b98e975e_48d8c98074d1f09352a9c540ac61f063750ce073d17597c8,docxide,corpus/clean/b8b98e975e/docxide.pdf,89391
clean__b8b98e975e_48d8c98074d1f09352a9c540ac61f063750ce073d17597c8,soffice,corpus/clean/b8b98e975e/soffice.pdf,100321
clean__b9f65c9711_008b8dcd109463ea88d4b09f91e77f3eb16ca2c2699924e6,docxide,corpus/clean/b9f65c9711/docxide.pdf,106902
clean__b9f65c9711_008b8dcd109463ea88d4b09f91e77f3eb16ca2c2699924e6,soffice,corpus/clean/b9f65c9711/soffice.pdf,65531
clean__bb0791442a_00996ee577abead0a05c62e3a5a22e583f683208d0d3fbdc,docxide,corpus/clean/bb0791442a/docxide.pdf,74842
clean__bb0791442a_00996ee577abead0a05c62e3a5a22e583f683208d0d3fbdc,soffice,corpus/clean/bb0791442a/soffice.pdf,37229
clean__bb77c5d70e_file_20,docxide,corpus/clean/bb77c5d70e/docxide.pdf,15577
clean__bb77c5d70e_file_20,soffice,corpus/clean/bb77c5d70e/soffice.pdf,8835
clean__bc106103a4_010ec7df28a0621c2935e464411e6bc186dfc7e7056ed3f2,docxide,corpus/clean/bc106103a4/docxide.pdf,80456
clean__bc106103a4_010ec7df28a0621c2935e464411e6bc186dfc7e7056ed3f2,soffice,corpus/clean/bc106103a4/soffice.pdf,106416
clean__bc514b554e_00d979c97e42f03faff5f49e2a7dfa9afd30996214602e19,docxide,corpus/clean/bc514b554e/docxide.pdf,118186
clean__bc514b554e_00d979c97e42f03faff5f49e2a7dfa9afd30996214602e19,soffice,corpus/clean/bc514b554e/soffice.pdf,116700
clean__bcd9885022_3f8904d5c2347b1cbdad3ccab4dd3f55a20578b126932e1c,docxide,corpus/clean/bcd9885022/docxide.pdf,117302
clean__bcd9885022_3f8904d5c2347b1cbdad3ccab4dd3f55a20578b126932e1c,soffice,corpus/clean/bcd9885022/soffice.pdf,101615
clean__bd2400ab6a_8b342c8dfa6baaabf348e26a96976c7d90ab11bd241bb6da,docxide,corpus/clean/bd2400ab6a/docxide.pdf,115742
clean__bd2400ab6a_8b342c8dfa6baaabf348e26a96976c7d90ab11bd241bb6da,soffice,corpus/clean/bd2400ab6a/soffice.pdf,86046
clean__be1fd554f4_cef36bfa8d96fd42e3b1998a97c4241b48fca0e1d79d5a63,docxide,corpus/clean/be1fd554f4/docxide.pdf,129270
clean__be1fd554f4_cef36bfa8d96fd42e3b1998a97c4241b48fca0e1d79d5a63,soffice,corpus/clean/be1fd554f4/soffice.pdf,154095
clean__be269c4536_030a008838bfcb43faba99301aaa87db68098b4774c54d2b,docxide,corpus/clean/be269c4536/docxide.pdf,307492
clean__be269c4536_030a008838bfcb43faba99301aaa87db68098b4774c54d2b,soffice,corpus/clean/be269c4536/soffice.pdf,357128
clean__befb952e73_file_183,docxide,corpus/clean/befb952e73/docxide.pdf,16401
clean__befb952e73_file_183,soffice,corpus/clean/befb952e73/soffice.pdf,9056
clean__bf47cf269f_c0f5d8c999e591882046f66e8994e370e69b9a594d3ba40d,docxide,corpus/clean/bf47cf269f/docxide.pdf,42545
clean__bf47cf269f_c0f5d8c999e591882046f66e8994e370e69b9a594d3ba40d,soffice,corpus/clean/bf47cf269f/soffice.pdf,29738
clean__bfca1179b6_1ebd22491c6e35391763e71b8061cf7208dd7ce17c7dac60,docxide,corpus/clean/bfca1179b6/docxide.pdf,92950
clean__bfca1179b6_1ebd22491c6e35391763e71b8061cf7208dd7ce17c7dac60,soffice,corpus/clean/bfca1179b6/soffice.pdf,62148
clean__c0244672eb_45b4c6e76930adcb64f88166517b8bfc7e7c963a1a342b4c,docxide,corpus/clean/c0244672eb/docxide.pdf,67694
clean__c0244672eb_45b4c6e76930adcb64f88166517b8bfc7e7c963a1a342b4c,soffice,corpus/clean/c0244672eb/soffice.pdf,62697
clean__c03566b6a0_619640ade3a3b2ff9158c64cc0719930a5e7bc4db3304030,docxide,corpus/clean/c03566b6a0/docxide.pdf,67568
clean__c03566b6a0_619640ade3a3b2ff9158c64cc0719930a5e7bc4db3304030,soffice,corpus/clean/c03566b6a0/soffice.pdf,80467
clean__c0576670e4_file_49,docxide,corpus/clean/c0576670e4/docxide.pdf,16820
clean__c0576670e4_file_49,soffice,corpus/clean/c0576670e4/soffice.pdf,8394
clean__c185a8c7cb_19b968cfe8104263bb49fc5a8f278cf5482847a9587b64d5,docxide,corpus/clean/c185a8c7cb/docxide.pdf,67810
clean__c185a8c7cb_19b968cfe8104263bb49fc5a8f278cf5482847a9587b64d5,soffice,corpus/clean/c185a8c7cb/soffice.pdf,52950
clean__c1a1763682_008469e72716471f0a90687366bac1bed5d63ae8b5022a5a,docxide,corpus/clean/c1a1763682/docxide.pdf,76551
clean__c1a1763682_008469e72716471f0a90687366bac1bed5d63ae8b5022a5a,soffice,corpus/clean/c1a1763682/soffice.pdf,91559
clean__c28aafcf60_4e3bc5acd19c432f43ad0adb3fb56f5739bcbe6cd8e9bcb4,docxide,corpus/clean/c28aafcf60/docxide.pdf,127303
clean__c28aafcf60_4e3bc5acd19c432f43ad0adb3fb56f5739bcbe6cd8e9bcb4,soffice,corpus/clean/c28aafcf60/soffice.pdf,117039
clean__c4ea091705_0198ed79934875ab0b44de910b46cded49b1a2c18ca00bf9,docxide,corpus/clean/c4ea091705/docxide.pdf,87267
clean__c4ea091705_0198ed79934875ab0b44de910b46cded49b1a2c18ca00bf9,soffice,corpus/clean/c4ea091705/soffice.pdf,48308
clean__c642904fa7_010a751443b39a0fa9d349b792c5312de3883f2cdb774d50,docxide,corpus/clean/c642904fa7/docxide.pdf,118423
clean__c642904fa7_010a751443b39a0fa9d349b792c5312de3883f2cdb774d50,soffice,corpus/clean/c642904fa7/soffice.pdf,84262
clean__c74846e5a9_9e3aae2bc084de88767ccc19639d6b5534a4750a4b9882a4,docxide,corpus/clean/c74846e5a9/docxide.pdf,63133
clean__c74846e5a9_9e3aae2bc084de88767ccc19639d6b5534a4750a4b9882a4,soffice,corpus/clean/c74846e5a9/soffice.pdf,47337
clean__c7dbb386e8_ba0bb09a68972afa0f8f4e51b0b68c62613927280e07053f,docxide,corpus/clean/c7dbb386e8/docxide.pdf,98960
clean__c7dbb386e8_ba0bb09a68972afa0f8f4e51b0b68c62613927280e07053f,soffice,corpus/clean/c7dbb386e8/soffice.pdf,78815
clean__c8977628cd_8b43f19268ad751b767e9dab2e46b6b786cb95f85e8ddc89,docxide,corpus/clean/c8977628cd/docxide.pdf,35322
clean__c8977628cd_8b43f19268ad751b767e9dab2e46b6b786cb95f85e8ddc89,soffice,corpus/clean/c8977628cd/soffice.pdf,21140
clean__c934a90fba_ceb60fdd4393406b78e51cb3aae7fde107a93a9e5eb97197,docxide,corpus/clean/c934a90fba/docxide.pdf,73020
clean__c934a90fba_ceb60fdd4393406b78e51cb3aae7fde107a93a9e5eb97197,soffice,corpus/clean/c934a90fba/soffice.pdf,76594
clean__c9939de03d_aab177188825fa8c9516d1ea438f65f5bf2743e02b29b60e,docxide,corpus/clean/c9939de03d/docxide.pdf,35167
clean__c9939de03d_aab177188825fa8c9516d1ea438f65f5bf2743e02b29b60e,soffice,corpus/clean/c9939de03d/soffice.pdf,25084
clean__c997f74452_a7dcf35a333cba753c9292cf8e71e5ba575c89a599becf65,docxide,corpus/clean/c997f74452/docxide.pdf,73645
clean__c997f74452_a7dcf35a333cba753c9292cf8e71e5ba575c89a599becf65,soffice,corpus/clean/c997f74452/soffice.pdf,52393
clean__caa07b2eac_5c10dcd62b9d099b057d74e201379f0ebcaeef69e0a69b42,docxide,corpus/clean/caa07b2eac/docxide.pdf,130060
clean__caa07b2eac_5c10dcd62b9d099b057d74e201379f0ebcaeef69e0a69b42,soffice,corpus/clean/caa07b2eac/soffice.pdf,80826
clean__cc5f989c56_0090ba7896cba5f43500e77e151ddab12f16b20e3ddf5822,docxide,corpus/clean/cc5f989c56/docxide.pdf,34974
clean__cc5f989c56_0090ba7896cba5f43500e77e151ddab12f16b20e3ddf5822,soffice,corpus/clean/cc5f989c56/soffice.pdf,20082
clean__ccc54a2d1b_file_1,docxide,corpus/clean/ccc54a2d1b/docxide.pdf,16874
clean__ccc54a2d1b_file_1,soffice,corpus/clean/ccc54a2d1b/soffice.pdf,8739
clean__cda773cac7_00c975b827e3d3ee663f56f26d834e139914c93d5303c860,docxide,corpus/clean/cda773cac7/docxide.pdf,158572
clean__cda773cac7_00c975b827e3d3ee663f56f26d834e139914c93d5303c860,soffice,corpus/clean/cda773cac7/soffice.pdf,247540
clean__ce6923934a_e17f3f92e295ce289eca28869a1a70e813c5d1bb612a37fa,docxide,corpus/clean/ce6923934a/docxide.pdf,53224
clean__ce6923934a_e17f3f92e295ce289eca28869a1a70e813c5d1bb612a37fa,soffice,corpus/clean/ce6923934a/soffice.pdf,23424
clean__ce8491a639_845b0a2405a186d07d9148b63a3ce3f2e6f4a1591c73daa0,docxide,corpus/clean/ce8491a639/docxide.pdf,66307
clean__ce8491a639_845b0a2405a186d07d9148b63a3ce3f2e6f4a1591c73daa0,soffice,corpus/clean/ce8491a639/soffice.pdf,36155
clean__cfb3c9f5f7_60168e4d4fe36b23bee30244f89884e3a9b364b2b8270abc,docxide,corpus/clean/cfb3c9f5f7/docxide.pdf,69133
clean__cfb3c9f5f7_60168e4d4fe36b23bee30244f89884e3a9b364b2b8270abc,soffice,corpus/clean/cfb3c9f5f7/soffice.pdf,61302
clean__d212c7eab7_f794b896af23bc3faac41d754e495da7ebcb038ab52a1e39,docxide,corpus/clean/d212c7eab7/docxide.pdf,57309
clean__d212c7eab7_f794b896af23bc3faac41d754e495da7ebcb038ab52a1e39,soffice,corpus/clean/d212c7eab7/soffice.pdf,97700
clean__d2ba5bddc4_b9f2793b14613aaf0fdf7f451fe3da702bcfd98b34105b2b,docxide,corpus/clean/d2ba5bddc4/docxide.pdf,97624
clean__d2ba5bddc4_b9f2793b14613aaf0fdf7f451fe3da702bcfd98b34105b2b,soffice,corpus/clean/d2ba5bddc4/soffice.pdf,59600
clean__d4f0fde34b_000e00360e892ca3edf264068631e045129c1f3f08145a8a,docxide,corpus/clean/d4f0fde34b/docxide.pdf,86441
clean__d4f0fde34b_000e00360e892ca3edf264068631e045129c1f3f08145a8a,soffice,corpus/clean/d4f0fde34b/soffice.pdf,17769
clean__d53c3f411e_c39de3199fc7d2e0eb44dd062bd7bd2c860354813aec5761,docxide,corpus/clean/d53c3f411e/docxide.pdf,102133
clean__d53c3f411e_c39de3199fc7d2e0eb44dd062bd7bd2c860354813aec5761,soffice,corpus/clean/d53c3f411e/soffice.pdf,67543
clean__d5f6c20be1_714dc4ada82c218154bb078861a2edd138b65ff31504d8e4,docxide,corpus/clean/d5f6c20be1/docxide.pdf,113606
clean__d5f6c20be1_714dc4ada82c218154bb078861a2edd138b65ff31504d8e4,soffice,corpus/clean/d5f6c20be1/soffice.pdf,64068
clean__d7f1b4b348_4719d6f01f9ae9f32bd0869e814f1d2e53038477e2fec13c,docxide,corpus/clean/d7f1b4b348/docxide.pdf,57595
clean__d7f1b4b348_4719d6f01f9ae9f32bd0869e814f1d2e53038477e2fec13c,soffice,corpus/clean/d7f1b4b348/soffice.pdf,40134
clean__d94268aa8a_003013d4d6060d20e32216e5dbbe8ead29710cff6800733d,docxide,corpus/clean/d94268aa8a/docxide.pdf,158114
clean__d94268aa8a_003013d4d6060d20e32216e5dbbe8ead29710cff6800733d,soffice,corpus/clean/d94268aa8a/soffice.pdf,145150
clean__d94f1115a7_file_152,docxide,corpus/clean/d94f1115a7/docxide.pdf,17070
clean__d94f1115a7_file_152,soffice,corpus/clean/d94f1115a7/soffice.pdf,8870
clean__d9b54326f3_b5fa1037b202f01407579f793af7c3cf7f3236fe8f9224b1,docxide,corpus/clean/d9b54326f3/docxide.pdf,139142
clean__d9b54326f3_b5fa1037b202f01407579f793af7c3cf7f3236fe8f9224b1,soffice,corpus/clean/d9b54326f3/soffice.pdf,219409
clean__d9cd734a9d_calibri_heading_2_right_id_paraid_overflow,docxide,corpus/clean/d9cd734a9d/docxide.pdf,968
clean__d9cd734a9d_calibri_heading_2_right_id_paraid_overflow,soffice,corpus/clean/d9cd734a9d/soffice.pdf,8682
clean__da0d11d072_file_23,docxide,corpus/clean/da0d11d072/docxide.pdf,15632
clean__da0d11d072_file_23,soffice,corpus/clean/da0d11d072/soffice.pdf,9027
clean__da322326ad_47d343d46e76cdd4208b85cbc55cb51b769c1c184d7e62f8,docxide,corpus/clean/da322326ad/docxide.pdf,85173
clean__da322326ad_47d343d46e76cdd4208b85cbc55cb51b769c1c184d7e62f8,soffice,corpus/clean/da322326ad/soffice.pdf,48301
clean__da533ddf21_44371e429fc2916cb3a7b9acd07f8e836dc6c7cbc81fdbbd,docxide,corpus/clean/da533ddf21/docxide.pdf,58549
clean__da533ddf21_44371e429fc2916cb3a7b9acd07f8e836dc6c7cbc81fdbbd,soffice,corpus/clean/da533ddf21/soffice.pdf,34898
clean__dc0cc27640_00749d7a966661b332df84521285ab93426ed3a255523f39,docxide,corpus/clean/dc0cc27640/docxide.pdf,230608
clean__dc0cc27640_00749d7a966661b332df84521285ab93426ed3a255523f39,soffice,corpus/clean/dc0cc27640/soffice.pdf,355931
clean__dc5d0f4350_f569a8b7a88800ca28451782130c35f897ec727ca8750a85,docxide,corpus/clean/dc5d0f4350/docxide.pdf,112300
clean__dc5d0f4350_f569a8b7a88800ca28451782130c35f897ec727ca8750a85,soffice,corpus/clean/dc5d0f4350/soffice.pdf,93300
clean__dc6cf74a76_hr_onboarding_checklist_table,docxide,corpus/clean/dc6cf74a76/docxide.pdf,1091
clean__dc6cf74a76_hr_onboarding_checklist_table,soffice,corpus/clean/dc6cf74a76/soffice.pdf,8623
clean__dc9c5abc73_cac3915a402fc43445f2a81133310d7f8174001a530c4f99,docxide,corpus/clean/dc9c5abc73/docxide.pdf,88124
clean__dc9c5abc73_cac3915a402fc43445f2a81133310d7f8174001a530c4f99,soffice,corpus/clean/dc9c5abc73/soffice.pdf,64269
clean__dd92de8f15_0008eb8e63b7adff0d83f57644e9d7b3350ac05573e1d5e2,docxide,corpus/clean/dd92de8f15/docxide.pdf,64503
clean__dd92de8f15_0008eb8e63b7adff0d83f57644e9d7b3350ac05573e1d5e2,soffice,corpus/clean/dd92de8f15/soffice.pdf,43730
clean__ddfaf8c480_line_spacing_demo_id_paraid_overflow,docxide,corpus/clean/ddfaf8c480/docxide.pdf,982
clean__ddfaf8c480_line_spacing_demo_id_paraid_overflow,soffice,corpus/clean/ddfaf8c480/soffice.pdf,8036
clean__dec275ede4_0078c7c2c06787f2ae36c861fb3e9f81b97474e1a243ce40,docxide,corpus/clean/dec275ede4/docxide.pdf,74262
clean__dec275ede4_0078c7c2c06787f2ae36c861fb3e9f81b97474e1a243ce40,soffice,corpus/clean/dec275ede4/soffice.pdf,63662
clean__dfefb3f171_0062780dc733fbc5897a08e57692c6e608b680ab723f936a,docxide,corpus/clean/dfefb3f171/docxide.pdf,195870
clean__dfefb3f171_0062780dc733fbc5897a08e57692c6e608b680ab723f936a,soffice,corpus/clean/dfefb3f171/soffice.pdf,273048
clean__e0fe3a82eb_61fe77888354b4f7129251c0759c217c0d05f8418b8f978b,docxide,corpus/clean/e0fe3a82eb/docxide.pdf,112437
clean__e0fe3a82eb_61fe77888354b4f7129251c0759c217c0d05f8418b8f978b,soffice,corpus/clean/e0fe3a82eb/soffice.pdf,90269
clean__e11fc429b2_29540ef11ec3fc04ba1bca353f5140559c4b03e76516c7a7,docxide,corpus/clean/e11fc429b2/docxide.pdf,87020
clean__e11fc429b2_29540ef11ec3fc04ba1bca353f5140559c4b03e76516c7a7,soffice,corpus/clean/e11fc429b2/soffice.pdf,80930
clean__e12998d969_31a07e63d6c64e6c910dd78dd0cd0daf230c123da91e19fd,docxide,corpus/clean/e12998d969/docxide.pdf,51637
clean__e12998d969_31a07e63d6c64e6c910dd78dd0cd0daf230c123da91e19fd,soffice,corpus/clean/e12998d969/soffice.pdf,29269
clean__e1cfa0591a_0217951c5f043355bd62c80e33cbc736f027cec6eb5920cc,docxide,corpus/clean/e1cfa0591a/docxide.pdf,140715
clean__e1cfa0591a_0217951c5f043355bd62c80e33cbc736f027cec6eb5920cc,soffice,corpus/clean/e1cfa0591a/soffice.pdf,99197
clean__e33a1cf779_6086d90a3677e518037b2da23736161a8ca4d2d1add1b8b3,docxide,corpus/clean/e33a1cf779/docxide.pdf,129389
clean__e33a1cf779_6086d90a3677e518037b2da23736161a8ca4d2d1add1b8b3,soffice,corpus/clean/e33a1cf779/soffice.pdf,146684
clean__e3d87c5d40_57d3e8f2af09e8376ceb1fb6068ba542964c0cdc936c7995,docxide,corpus/clean/e3d87c5d40/docxide.pdf,85372
clean__e3d87c5d40_57d3e8f2af09e8376ceb1fb6068ba542964c0cdc936c7995,soffice,corpus/clean/e3d87c5d40/soffice.pdf,70294
clean__e3f5a2a35c_e03589ba2d798e04b15f136145db0af574edb4a886f65050,docxide,corpus/clean/e3f5a2a35c/docxide.pdf,39145
clean__e3f5a2a35c_e03589ba2d798e04b15f136145db0af574edb4a886f65050,soffice,corpus/clean/e3f5a2a35c/soffice.pdf,17881
clean__e8e3e98133_496e2984f7995a419de190dbb9ccef317dc5d575303ee816,docxide,corpus/clean/e8e3e98133/docxide.pdf,63064
clean__e8e3e98133_496e2984f7995a419de190dbb9ccef317dc5d575303ee816,soffice,corpus/clean/e8e3e98133/soffice.pdf,35900
clean__e91e59eaac_d53121ceeb633df57b8f83f852ee91b3143ce8915a7ef81b,docxide,corpus/clean/e91e59eaac/docxide.pdf,226664
clean__e91e59eaac_d53121ceeb633df57b8f83f852ee91b3143ce8915a7ef81b,soffice,corpus/clean/e91e59eaac/soffice.pdf,260464
clean__e937906728_4ce0fcc29773b57d731ea2cf74f00cea1765facf87c314e3,docxide,corpus/clean/e937906728/docxide.pdf,128245
clean__e937906728_4ce0fcc29773b57d731ea2cf74f00cea1765facf87c314e3,soffice,corpus/clean/e937906728/soffice.pdf,122360
clean__ea63b1e6ab_08648d2f8645b144ab3a2701f5f63a1b7b60d23e9bc651bb,docxide,corpus/clean/ea63b1e6ab/docxide.pdf,69455
clean__ea63b1e6ab_08648d2f8645b144ab3a2701f5f63a1b7b60d23e9bc651bb,soffice,corpus/clean/ea63b1e6ab/soffice.pdf,55744
clean__ed54f530fd_5ca225a29b58bc6c7c1f7319480272dd123c15ed8f6152dd,docxide,corpus/clean/ed54f530fd/docxide.pdf,90398
clean__ed54f530fd_5ca225a29b58bc6c7c1f7319480272dd123c15ed8f6152dd,soffice,corpus/clean/ed54f530fd/soffice.pdf,92401
clean__ee7b597379_e1de10f3f4dde77b257e02a9bc77069e526976ce36a540ca,docxide,corpus/clean/ee7b597379/docxide.pdf,75633
clean__ee7b597379_e1de10f3f4dde77b257e02a9bc77069e526976ce36a540ca,soffice,corpus/clean/ee7b597379/soffice.pdf,53708
clean__eeec3949fe_file_114,docxide,corpus/clean/eeec3949fe/docxide.pdf,14137
clean__eeec3949fe_file_114,soffice,corpus/clean/eeec3949fe/soffice.pdf,8788
clean__efc741a309_54597f58809936a0ba00d752365cc0f1f4ccbe8b9fba0d3a,docxide,corpus/clean/efc741a309/docxide.pdf,151794
clean__efc741a309_54597f58809936a0ba00d752365cc0f1f4ccbe8b9fba0d3a,soffice,corpus/clean/efc741a309/soffice.pdf,78625
clean__f0070fef24_file_51,docxide,corpus/clean/f0070fef24/docxide.pdf,19569
clean__f0070fef24_file_51,soffice,corpus/clean/f0070fef24/soffice.pdf,10364
clean__f1746514c4_db20a8e42bee45edc34c26571be6554ec377a38c56c51480,docxide,corpus/clean/f1746514c4/docxide.pdf,119562
clean__f1746514c4_db20a8e42bee45edc34c26571be6554ec377a38c56c51480,soffice,corpus/clean/f1746514c4/soffice.pdf,92723
clean__f350365b2d_018e9352f51271980b7196a0f7dea7bbaea8256d6477ee02,docxide,corpus/clean/f350365b2d/docxide.pdf,56291
clean__f350365b2d_018e9352f51271980b7196a0f7dea7bbaea8256d6477ee02,soffice,corpus/clean/f350365b2d/soffice.pdf,33828
clean__f3b486981d_00312ddd84880f9dccdb13b6db393d62445892cd6c4799af,docxide,corpus/clean/f3b486981d/docxide.pdf,65155
clean__f3b486981d_00312ddd84880f9dccdb13b6db393d62445892cd6c4799af,soffice,corpus/clean/f3b486981d/soffice.pdf,79175
clean__f674383583_0a13797c389da172501896a9b68dd7d748a608831c242794,docxide,corpus/clean/f674383583/docxide.pdf,49313
clean__f674383583_0a13797c389da172501896a9b68dd7d748a608831c242794,soffice,corpus/clean/f674383583/soffice.pdf,47580
clean__f6ac811afb_61da6f5f8f20fae419e355a027dcc55b9390c8227243d3fc,docxide,corpus/clean/f6ac811afb/docxide.pdf,104047
clean__f6ac811afb_61da6f5f8f20fae419e355a027dcc55b9390c8227243d3fc,soffice,corpus/clean/f6ac811afb/soffice.pdf,90332
clean__f7bf118807_00da409caa14489fa4a780a6cd9d71c94cb243537fbb304c,docxide,corpus/clean/f7bf118807/docxide.pdf,67456
clean__f7bf118807_00da409caa14489fa4a780a6cd9d71c94cb243537fbb304c,soffice,corpus/clean/f7bf118807/soffice.pdf,35710
clean__f809be38e3_526b9a2add7b99091cb17082b0173cf0494f0768c2a5d48d,docxide,corpus/clean/f809be38e3/docxide.pdf,79763
clean__f809be38e3_526b9a2add7b99091cb17082b0173cf0494f0768c2a5d48d,soffice,corpus/clean/f809be38e3/soffice.pdf,77163
clean__f82761a5e5_220ce310386931394e50f26e221c47d9126154a54847a9c4,docxide,corpus/clean/f82761a5e5/docxide.pdf,119103
clean__f82761a5e5_220ce310386931394e50f26e221c47d9126154a54847a9c4,soffice,corpus/clean/f82761a5e5/soffice.pdf,57424
clean__f8342b8058_a06b592ce3073b4030b3f9617563ae9610159cc3f2213c80,docxide,corpus/clean/f8342b8058/docxide.pdf,102879
clean__f8342b8058_a06b592ce3073b4030b3f9617563ae9610159cc3f2213c80,soffice,corpus/clean/f8342b8058/soffice.pdf,125489
clean__f83dd8794c_justify_alignment_demo_id_paraid_overflow_2,docxide,corpus/clean/f83dd8794c/docxide.pdf,965
clean__f83dd8794c_justify_alignment_demo_id_paraid_overflow_2,soffice,corpus/clean/f83dd8794c/soffice.pdf,8531
clean__f87a367a7f_001a020a1dd0b4d924f4d84b36b429e55a0d403395a3ca8e,docxide,corpus/clean/f87a367a7f/docxide.pdf,59340
clean__f87a367a7f_001a020a1dd0b4d924f4d84b36b429e55a0d403395a3ca8e,soffice,corpus/clean/f87a367a7f/soffice.pdf,46912
clean__fa5b1dd76a_file_66,docxide,corpus/clean/fa5b1dd76a/docxide.pdf,15408
clean__fa5b1dd76a_file_66,soffice,corpus/clean/fa5b1dd76a/soffice.pdf,9140
clean__fa99066c51_19d1ea39b560e3746c8fdebc84dfc3dfbb74c345dd5e3f35,docxide,corpus/clean/fa99066c51/docxide.pdf,337863
clean__fa99066c51_19d1ea39b560e3746c8fdebc84dfc3dfbb74c345dd5e3f35,soffice,corpus/clean/fa99066c51/soffice.pdf,342232
clean__fb1c56c1e0_fdf7dbac083ccb4be9870dac580f685d72e9cb78a9e1e824,docxide,corpus/clean/fb1c56c1e0/docxide.pdf,58896
clean__fb1c56c1e0_fdf7dbac083ccb4be9870dac580f685d72e9cb78a9e1e824,soffice,corpus/clean/fb1c56c1e0/soffice.pdf,34400
clean__fba040ceb5_822f13252f95988184e7649eef5602a140d69cd09436e59b,docxide,corpus/clean/fba040ceb5/docxide.pdf,86531
clean__fba040ceb5_822f13252f95988184e7649eef5602a140d69cd09436e59b,soffice,corpus/clean/fba040ceb5/soffice.pdf,66879
clean__fbe14959b0_000f5278175aa01c2b9517b07e8a087014e4a05ab3e24f41,docxide,corpus/clean/fbe14959b0/docxide.pdf,572206
clean__fbe14959b0_000f5278175aa01c2b9517b07e8a087014e4a05ab3e24f41,soffice,corpus/clean/fbe14959b0/soffice.pdf,828765
clean__fc5d9fecb7_00028d824d5d2262bc6e30692308cd1b577ac1dff228970d,docxide,corpus/clean/fc5d9fecb7/docxide.pdf,200454
clean__fc5d9fecb7_00028d824d5d2262bc6e30692308cd1b577ac1dff228970d,soffice,corpus/clean/fc5d9fecb7/soffice.pdf,263645
clean__fca2e2d2fb_c7bc478bbf437dc674b15660baec7dc84871ae9fb72f59c7,docxide,corpus/clean/fca2e2d2fb/docxide.pdf,15268
clean__fca2e2d2fb_c7bc478bbf437dc674b15660baec7dc84871ae9fb72f59c7,soffice,corpus/clean/fca2e2d2fb/soffice.pdf,55190
clean__fd4aefa551_file_144,docxide,corpus/clean/fd4aefa551/docxide.pdf,17655
clean__fd4aefa551_file_144,soffice,corpus/clean/fd4aefa551/soffice.pdf,9440
clean__fdd39e6d42_22d2cba351c54488feeec2853026b75fef94f475d1ffc22d,docxide,corpus/clean/fdd39e6d42/docxide.pdf,98941
clean__fdd39e6d42_22d2cba351c54488feeec2853026b75fef94f475d1ffc22d,soffice,corpus/clean/fdd39e6d42/soffice.pdf,65592
clean__fdd60beead_nested_table_rowspan,docxide,corpus/clean/fdd60beead/docxide.pdf,10766
clean__fdd60beead_nested_table_rowspan,soffice,corpus/clean/fdd60beead/soffice.pdf,6088
clean__ff414aab54_19347b1070dc340b9b529b1d2c25367e8dfcee88e0b4d66f,docxide,corpus/clean/ff414aab54/docxide.pdf,58685
clean__ff414aab54_19347b1070dc340b9b529b1d2c25367e8dfcee88e0b4d66f,soffice,corpus/clean/ff414aab54/soffice.pdf,41553
tracking_without_comments__008e54e6e2_ad6f2ccf33e32e0ea2d74dee2d1bac17daf62964ec814c93__vs__ae42eec8e6_09802dae8031d4cbb7b366b067c636ea7412cbd460e1466e_redline_c85d3b6a37,docxide,corpus/tracking_without_comments/008e54e6e2-ae42eec8e6-44986c/docxide.pdf,77313
tracking_without_comments__008e54e6e2_ad6f2ccf33e32e0ea2d74dee2d1bac17daf62964ec814c93__vs__ae42eec8e6_09802dae8031d4cbb7b366b067c636ea7412cbd460e1466e_redline_c85d3b6a37,soffice,corpus/tracking_without_comments/008e54e6e2-ae42eec8e6-44986c/soffice.pdf,87422
tracking_without_comments__00f467c010_0008753aa70a6a7b929aa1958001da41574c2d407e5b9863__vs__342f364d46_001342333d45627868f4dc5282abbba4598a91b4a7584b08_redline_9014a2c35a,docxide,corpus/tracking_without_comments/00f467c010-342f364d46-d0866d/docxide.pdf,81468
tracking_without_comments__00f467c010_0008753aa70a6a7b929aa1958001da41574c2d407e5b9863__vs__342f364d46_001342333d45627868f4dc5282abbba4598a91b4a7584b08_redline_9014a2c35a,soffice,corpus/tracking_without_comments/00f467c010-342f364d46-d0866d/soffice.pdf,95170
tracking_without_comments__00f467c010_0008753aa70a6a7b929aa1958001da41574c2d407e5b9863__vs__aa5340125d_00a4b0b91e9b5b072dc3771391c2d608518690eccf44eae8_redline_ecad91f16e,docxide,corpus/tracking_without_comments/00f467c010-aa5340125d-f047be/docxide.pdf,87095
tracking_without_comments__00f467c010_0008753aa70a6a7b929aa1958001da41574c2d407e5b9863__vs__aa5340125d_00a4b0b91e9b5b072dc3771391c2d608518690eccf44eae8_redline_ecad91f16e,soffice,corpus/tracking_without_comments/00f467c010-aa5340125d-f047be/soffice.pdf,138896
tracking_without_comments__00f467c010_0008753aa70a6a7b929aa1958001da41574c2d407e5b9863__vs__deff0e697a_00b5defcad6e58038eac35472a2d48c89905068e5ece0cc3_redline_4d1ffaf0a1,docxide,corpus/tracking_without_comments/00f467c010-deff0e697a-be6a8c/docxide.pdf,74616
tracking_without_comments__00f467c010_0008753aa70a6a7b929aa1958001da41574c2d407e5b9863__vs__deff0e697a_00b5defcad6e58038eac35472a2d48c89905068e5ece0cc3_redline_4d1ffaf0a1,soffice,corpus/tracking_without_comments/00f467c010-deff0e697a-be6a8c/soffice.pdf,84358
tracking_without_comments__01d1b3da75_table_bookmark_end__vs__45c1c5abec_table_vmerge_colspan_redline_6e159e8a9b,docxide,corpus/tracking_without_comments/01d1b3da75-45c1c5abec-909c31/docxide.pdf,21797
tracking_without_comments__01d1b3da75_table_bookmark_end__vs__45c1c5abec_table_vmerge_colspan_redline_6e159e8a9b,soffice,corpus/tracking_without_comments/01d1b3da75-45c1c5abec-909c31/soffice.pdf,39033
tracking_without_comments__02d3862b8b_file_116__vs__2090099ae6_file_117_redline_b04445e064,docxide,corpus/tracking_without_comments/02d3862b8b-2090099ae6-f5c1cd/docxide.pdf,22354
tracking_without_comments__02d3862b8b_file_116__vs__2090099ae6_file_117_redline_b04445e064,soffice,corpus/tracking_without_comments/02d3862b8b-2090099ae6-f5c1cd/soffice.pdf,16479
tracking_without_comments__036dd6afba_1f3856c4ed541130981057ee14c01ea5f236ef15a17f4081__vs__d72fa600dc_c0a01852b14c64dd0d4b293a503be479d26f4e9f57deea87_redline_02104a7e9e,docxide,corpus/tracking_without_comments/036dd6afba-d72fa600dc-cdb642/docxide.pdf,89518
tracking_without_comments__036dd6afba_1f3856c4ed541130981057ee14c01ea5f236ef15a17f4081__vs__d72fa600dc_c0a01852b14c64dd0d4b293a503be479d26f4e9f57deea87_redline_02104a7e9e,soffice,corpus/tracking_without_comments/036dd6afba-d72fa600dc-cdb642/soffice.pdf,114786
tracking_without_comments__048870ce18_014178090497722649b8e7aedf646339a3189ee7fe69a596__vs__2773adf157_0004c94ca2a8684d47449bb0e7abf87de1df71a7e6543252_redline_16c26ed631,docxide,corpus/tracking_without_comments/048870ce18-2773adf157-1309ff/docxide.pdf,106219
tracking_without_comments__048870ce18_014178090497722649b8e7aedf646339a3189ee7fe69a596__vs__2773adf157_0004c94ca2a8684d47449bb0e7abf87de1df71a7e6543252_redline_16c26ed631,soffice,corpus/tracking_without_comments/048870ce18-2773adf157-1309ff/soffice.pdf,154633
tracking_without_comments__048870ce18_014178090497722649b8e7aedf646339a3189ee7fe69a596__vs__2e04202552_000e3e7bd2d6215fc7b469cc3e296c1b2a510bc1abc7e0fd_redline_670204a885,docxide,corpus/tracking_without_comments/048870ce18-2e04202552-049439/docxide.pdf,155552
tracking_without_comments__048870ce18_014178090497722649b8e7aedf646339a3189ee7fe69a596__vs__2e04202552_000e3e7bd2d6215fc7b469cc3e296c1b2a510bc1abc7e0fd_redline_670204a885,soffice,corpus/tracking_without_comments/048870ce18-2e04202552-049439/soffice.pdf,283386
tracking_without_comments__053656fac9_file_135__vs__0b9cc47345_file_136_redline_2b96209f39,docxide,corpus/tracking_without_comments/053656fac9-0b9cc47345-aacc46/docxide.pdf,16565
tracking_without_comments__053656fac9_file_135__vs__0b9cc47345_file_136_redline_2b96209f39,soffice,corpus/tracking_without_comments/053656fac9-0b9cc47345-aacc46/soffice.pdf,28237
tracking_without_comments__053c86de5f_open_sans_bold_underline_id_paraid_overflow__vs__4173c2bb01_open_sans_font_demo_id_paraid_overflow_2_redline_d32aa9b706,docxide,corpus/tracking_without_comments/053c86de5f-4173c2bb01-03370b/docxide.pdf,21022
tracking_without_comments__053c86de5f_open_sans_bold_underline_id_paraid_overflow__vs__4173c2bb01_open_sans_font_demo_id_paraid_overflow_2_redline_d32aa9b706,soffice,corpus/tracking_without_comments/053c86de5f-4173c2bb01-03370b/soffice.pdf,17548
tracking_without_comments__053db61e03_file_198__vs__bf1e40dbc1_file_199_redline_323a1a1e2c,docxide,corpus/tracking_without_comments/053db61e03-bf1e40dbc1-56f723/docxide.pdf,6943
tracking_without_comments__053db61e03_file_198__vs__bf1e40dbc1_file_199_redline_323a1a1e2c,soffice,corpus/tracking_without_comments/053db61e03-bf1e40dbc1-56f723/soffice.pdf,17821
tracking_without_comments__053db61e03_file_198__vs__bf1e40dbc1_file_199_redline_4e90d8893f,docxide,corpus/tracking_without_comments/053db61e03-bf1e40dbc1-239cc1/docxide.pdf,6947
tracking_without_comments__053db61e03_file_198__vs__bf1e40dbc1_file_199_redline_4e90d8893f,soffice,corpus/tracking_without_comments/053db61e03-bf1e40dbc1-239cc1/soffice.pdf,17821
tracking_without_comments__0619bc1b1d_file_84__vs__fad179ac0c_file_85_redline_7a9bcc2478,docxide,corpus/tracking_without_comments/0619bc1b1d-fad179ac0c-82ef54/docxide.pdf,15263
tracking_without_comments__0619bc1b1d_file_84__vs__fad179ac0c_file_85_redline_7a9bcc2478,soffice,corpus/tracking_without_comments/0619bc1b1d-fad179ac0c-82ef54/soffice.pdf,16278
tracking_without_comments__07fce8e954_docx_lots_of_comments_addition__vs__68fdec049c_docx_lots_of_comments_redline_9c2f40d561,docxide,corpus/tracking_without_comments/07fce8e954-68fdec049c-96e9e3/docxide.pdf,191375
tracking_without_comments__07fce8e954_docx_lots_of_comments_addition__vs__68fdec049c_docx_lots_of_comments_redline_9c2f40d561,soffice,corpus/tracking_without_comments/07fce8e954-68fdec049c-96e9e3/soffice.pdf,210201
tracking_without_comments__0800162a66_000799b53487acb327ccf0c0ab87fb14b9e8636346719296__vs__1424386e9b_017447de83753a0e3b7afc659df038ef56972925336c6a5b_redline_b11e674787,docxide,corpus/tracking_without_comments/0800162a66-1424386e9b-ff5510/docxide.pdf,96556
tracking_without_comments__0800162a66_000799b53487acb327ccf0c0ab87fb14b9e8636346719296__vs__1424386e9b_017447de83753a0e3b7afc659df038ef56972925336c6a5b_redline_b11e674787,soffice,corpus/tracking_without_comments/0800162a66-1424386e9b-ff5510/soffice.pdf,108137
tracking_without_comments__0800162a66_000799b53487acb327ccf0c0ab87fb14b9e8636346719296__vs__2e04202552_000e3e7bd2d6215fc7b469cc3e296c1b2a510bc1abc7e0fd_redline_f7ff3d75ec,docxide,corpus/tracking_without_comments/0800162a66-2e04202552-6f3ef5/docxide.pdf,158274
tracking_without_comments__0800162a66_000799b53487acb327ccf0c0ab87fb14b9e8636346719296__vs__2e04202552_000e3e7bd2d6215fc7b469cc3e296c1b2a510bc1abc7e0fd_redline_f7ff3d75ec,soffice,corpus/tracking_without_comments/0800162a66-2e04202552-6f3ef5/soffice.pdf,280580
tracking_without_comments__0800162a66_000799b53487acb327ccf0c0ab87fb14b9e8636346719296__vs__333bfe069a_003416d620331122b93b434dad901db5836f60d2cad4b533_redline_da2602b1c0,docxide,corpus/tracking_without_comments/0800162a66-333bfe069a-bb97b2/docxide.pdf,65752
tracking_without_comments__0800162a66_000799b53487acb327ccf0c0ab87fb14b9e8636346719296__vs__333bfe069a_003416d620331122b93b434dad901db5836f60d2cad4b533_redline_da2602b1c0,soffice,corpus/tracking_without_comments/0800162a66-333bfe069a-bb97b2/soffice.pdf,118047
tracking_without_comments__0800162a66_000799b53487acb327ccf0c0ab87fb14b9e8636346719296__vs__a5f2b9318d_002aa60c2ae1187417b4b157c5ec6450324cc056ec551a12_redline_02514c26c3,docxide,corpus/tracking_without_comments/0800162a66-a5f2b9318d-802fd8/docxide.pdf,144504
tracking_without_comments__0800162a66_000799b53487acb327ccf0c0ab87fb14b9e8636346719296__vs__a5f2b9318d_002aa60c2ae1187417b4b157c5ec6450324cc056ec551a12_redline_02514c26c3,soffice,corpus/tracking_without_comments/0800162a66-a5f2b9318d-802fd8/soffice.pdf,158059
tracking_without_comments__0800162a66_000799b53487acb327ccf0c0ab87fb14b9e8636346719296__vs__deff0e697a_00b5defcad6e58038eac35472a2d48c89905068e5ece0cc3_redline_0a26c74d55,docxide,corpus/tracking_without_comments/0800162a66-deff0e697a-64e14e/docxide.pdf,75603
tracking_without_comments__0800162a66_000799b53487acb327ccf0c0ab87fb14b9e8636346719296__vs__deff0e697a_00b5defcad6e58038eac35472a2d48c89905068e5ece0cc3_redline_0a26c74d55,soffice,corpus/tracking_without_comments/0800162a66-deff0e697a-64e14e/soffice.pdf,119096
tracking_without_comments__087c7d6723_file_45__vs__ad80cf4457_file_46_redline_955c614ac4,docxide,corpus/tracking_without_comments/087c7d6723-ad80cf4457-8040b8/docxide.pdf,28890
tracking_without_comments__087c7d6723_file_45__vs__ad80cf4457_file_46_redline_955c614ac4,soffice,corpus/tracking_without_comments/087c7d6723-ad80cf4457-8040b8/soffice.pdf,25897
tracking_without_comments__097371c227_inventory_list_suggesting_mixed_edits__vs__5d3a211e19_it_security_policy_v2_suggesting_insertions_redline_0138f8f26f,docxide,corpus/tracking_without_comments/097371c227-5d3a211e19-5495d5/docxide.pdf,21496
tracking_without_comments__097371c227_inventory_list_suggesting_mixed_edits__vs__5d3a211e19_it_security_policy_v2_suggesting_insertions_redline_0138f8f26f,soffice,corpus/tracking_without_comments/097371c227-5d3a211e19-5495d5/soffice.pdf,13141
tracking_without_comments__0b2a46481b_nested_table_rowspan__vs__bdd82b239b_numbered_list_demo_id_paraid_overflow_redline_c053ccd3b8,docxide,corpus/tracking_without_comments/0b2a46481b-bdd82b239b-f2358b/docxide.pdf,14620
tracking_without_comments__0b2a46481b_nested_table_rowspan__vs__bdd82b239b_numbered_list_demo_id_paraid_overflow_redline_c053ccd3b8,soffice,corpus/tracking_without_comments/0b2a46481b-bdd82b239b-f2358b/soffice.pdf,8867
tracking_without_comments__0bf5192ed0_00afb3e6b2bb1a5ab1e1770ba41f6f455f87472d24ab2767__vs__2773adf157_0004c94ca2a8684d47449bb0e7abf87de1df71a7e6543252_redline_eabf2cede7,docxide,corpus/tracking_without_comments/0bf5192ed0-2773adf157-4c31a4/docxide.pdf,111679
tracking_without_comments__0bf5192ed0_00afb3e6b2bb1a5ab1e1770ba41f6f455f87472d24ab2767__vs__2773adf157_0004c94ca2a8684d47449bb0e7abf87de1df71a7e6543252_redline_eabf2cede7,soffice,corpus/tracking_without_comments/0bf5192ed0-2773adf157-4c31a4/soffice.pdf,157513
tracking_without_comments__12941c2a77_0023298b011b45232675215822f0f728678a238756d763c8__vs__2773adf157_0004c94ca2a8684d47449bb0e7abf87de1df71a7e6543252_redline_b48f365f87,docxide,corpus/tracking_without_comments/12941c2a77-2773adf157-5ced98/docxide.pdf,115317
tracking_without_comments__12941c2a77_0023298b011b45232675215822f0f728678a238756d763c8__vs__2773adf157_0004c94ca2a8684d47449bb0e7abf87de1df71a7e6543252_redline_b48f365f87,soffice,corpus/tracking_without_comments/12941c2a77-2773adf157-5ced98/soffice.pdf,193757
tracking_without_comments__12941c2a77_0023298b011b45232675215822f0f728678a238756d763c8__vs__333bfe069a_003416d620331122b93b434dad901db5836f60d2cad4b533_redline_c48daf68b8,docxide,corpus/tracking_without_comments/12941c2a77-333bfe069a-d44d83/docxide.pdf,59628
tracking_without_comments__12941c2a77_0023298b011b45232675215822f0f728678a238756d763c8__vs__333bfe069a_003416d620331122b93b434dad901db5836f60d2cad4b533_redline_c48daf68b8,soffice,corpus/tracking_without_comments/12941c2a77-333bfe069a-d44d83/soffice.pdf,170959
tracking_without_comments__12941c2a77_0023298b011b45232675215822f0f728678a238756d763c8__vs__5203829c7a_001cc92b88566d5f930fe57f25813c0bf52a7bdc72c217d0_redline_2f41a3a362,docxide,corpus/tracking_without_comments/12941c2a77-5203829c7a-64ce70/docxide.pdf,131199
tracking_without_comments__12941c2a77_0023298b011b45232675215822f0f728678a238756d763c8__vs__5203829c7a_001cc92b88566d5f930fe57f25813c0bf52a7bdc72c217d0_redline_2f41a3a362,soffice,corpus/tracking_without_comments/12941c2a77-5203829c7a-64ce70/soffice.pdf,196733
tracking_without_comments__12941c2a77_0023298b011b45232675215822f0f728678a238756d763c8__vs__bd3824dd1e_000ee64ef7226d353297888f59a251e24ce5d776fea000fa_redline_25f48c003d,docxide,corpus/tracking_without_comments/12941c2a77-bd3824dd1e-e5cfa7/docxide.pdf,273735
tracking_without_comments__12941c2a77_0023298b011b45232675215822f0f728678a238756d763c8__vs__bd3824dd1e_000ee64ef7226d353297888f59a251e24ce5d776fea000fa_redline_25f48c003d,soffice,corpus/tracking_without_comments/12941c2a77-bd3824dd1e-e5cfa7/soffice.pdf,332818
tracking_without_comments__132172576b_75a451230827f240c9c4dab9e021188ec6973f5c681627ae__vs__a4ca6f4c68_e9717d82c1d6cb9bfb67ad47ebd8682c83991f2f0f0afcf5_redline_e12e4521c6,docxide,corpus/tracking_without_comments/132172576b-a4ca6f4c68-fe65f8/docxide.pdf,35838
tracking_without_comments__132172576b_75a451230827f240c9c4dab9e021188ec6973f5c681627ae__vs__a4ca6f4c68_e9717d82c1d6cb9bfb67ad47ebd8682c83991f2f0f0afcf5_redline_e12e4521c6,soffice,corpus/tracking_without_comments/132172576b-a4ca6f4c68-fe65f8/soffice.pdf,46383
tracking_without_comments__133bbfae84_right_alignment_demo_id_paraid_overflow_2__vs__572990f05c_right_alignment_demo_id_paraid_overflow_redline_d659c812d4,docxide,corpus/tracking_without_comments/133bbfae84-572990f05c-b38934/docxide.pdf,14718
tracking_without_comments__133bbfae84_right_alignment_demo_id_paraid_overflow_2__vs__572990f05c_right_alignment_demo_id_paraid_overflow_redline_d659c812d4,soffice,corpus/tracking_without_comments/133bbfae84-572990f05c-b38934/soffice.pdf,12693
tracking_without_comments__13ee1cb061_ee56b1c2f1e42b79dfa8700e709c224299c1f85b41eb490e__vs__1c1fc4a7d3_921a851075ff3eb89f6ca703f298e6504a0ab0c43507f650_redline_48fe34d6a4,docxide,corpus/tracking_without_comments/13ee1cb061-1c1fc4a7d3-03cb30/docxide.pdf,535128
tracking_without_comments__13ee1cb061_ee56b1c2f1e42b79dfa8700e709c224299c1f85b41eb490e__vs__1c1fc4a7d3_921a851075ff3eb89f6ca703f298e6504a0ab0c43507f650_redline_48fe34d6a4,soffice,corpus/tracking_without_comments/13ee1cb061-1c1fc4a7d3-03cb30/soffice.pdf,802881
tracking_without_comments__145c9e6761_font_size_demo_id_paraid_overflow__vs__783b1628da_green_bold_text_demo_id_paraid_overflow_redline_1dd8c158fd,docxide,corpus/tracking_without_comments/145c9e6761-783b1628da-521e45/docxide.pdf,15754
tracking_without_comments__145c9e6761_font_size_demo_id_paraid_overflow__vs__783b1628da_green_bold_text_demo_id_paraid_overflow_redline_1dd8c158fd,soffice,corpus/tracking_without_comments/145c9e6761-783b1628da-521e45/soffice.pdf,16207
tracking_without_comments__14d3f7889a_24_id_paraid_overflow__vs__7dfa52fb98_alternate_content_redline_3236df7c1e,docxide,corpus/tracking_without_comments/14d3f7889a-7dfa52fb98-fcdc71/docxide.pdf,31370
tracking_without_comments__14d3f7889a_24_id_paraid_overflow__vs__7dfa52fb98_alternate_content_redline_3236df7c1e,soffice,corpus/tracking_without_comments/14d3f7889a-7dfa52fb98-fcdc71/soffice.pdf,16048
tracking_without_comments__15b6035cc0_file_171__vs__4492bbb1f8_file_172_redline_39de17fd49,docxide,corpus/tracking_without_comments/15b6035cc0-4492bbb1f8-6b0c4b/docxide.pdf,18352
tracking_without_comments__15b6035cc0_file_171__vs__4492bbb1f8_file_172_redline_39de17fd49,soffice,corpus/tracking_without_comments/15b6035cc0-4492bbb1f8-6b0c4b/soffice.pdf,14641
tracking_without_comments__16c15842ae_file_86__vs__7fd9abba03_file_87_redline_fdba8dfb36,docxide,corpus/tracking_without_comments/16c15842ae-7fd9abba03-69a018/docxide.pdf,28287
tracking_without_comments__16c15842ae_file_86__vs__7fd9abba03_file_87_redline_fdba8dfb36,soffice,corpus/tracking_without_comments/16c15842ae-7fd9abba03-69a018/soffice.pdf,17737
tracking_without_comments__19313bb0d2_013bfd9bed003f93622f5b45095bb7471499aea576b0e48e__vs__2773adf157_0004c94ca2a8684d47449bb0e7abf87de1df71a7e6543252_redline_855fc409d3,docxide,corpus/tracking_without_comments/19313bb0d2-2773adf157-306593/docxide.pdf,113812
tracking_without_comments__19313bb0d2_013bfd9bed003f93622f5b45095bb7471499aea576b0e48e__vs__2773adf157_0004c94ca2a8684d47449bb0e7abf87de1df71a7e6543252_redline_855fc409d3,soffice,corpus/tracking_without_comments/19313bb0d2-2773adf157-306593/soffice.pdf,96147
tracking_without_comments__19313bb0d2_013bfd9bed003f93622f5b45095bb7471499aea576b0e48e__vs__333bfe069a_003416d620331122b93b434dad901db5836f60d2cad4b533_redline_efa9bdd06a,docxide,corpus/tracking_without_comments/19313bb0d2-333bfe069a-6a126b/docxide.pdf,51020
tracking_without_comments__19313bb0d2_013bfd9bed003f93622f5b45095bb7471499aea576b0e48e__vs__333bfe069a_003416d620331122b93b434dad901db5836f60d2cad4b533_redline_efa9bdd06a,soffice,corpus/tracking_without_comments/19313bb0d2-333bfe069a-6a126b/soffice.pdf,81994
tracking_without_comments__19891583af_000f23dc2592a0044f1da2e4f2166c6b41e8fde6a66a1988__vs__1424386e9b_017447de83753a0e3b7afc659df038ef56972925336c6a5b_redline_8514e5d136,docxide,corpus/tracking_without_comments/19891583af-1424386e9b-9ad5d0/docxide.pdf,70869
tracking_without_comments__19891583af_000f23dc2592a0044f1da2e4f2166c6b41e8fde6a66a1988__vs__1424386e9b_017447de83753a0e3b7afc659df038ef56972925336c6a5b_redline_8514e5d136,soffice,corpus/tracking_without_comments/19891583af-1424386e9b-9ad5d0/soffice.pdf,55442
tracking_without_comments__19891583af_000f23dc2592a0044f1da2e4f2166c6b41e8fde6a66a1988__vs__333bfe069a_003416d620331122b93b434dad901db5836f60d2cad4b533_redline_556b3edd1a,docxide,corpus/tracking_without_comments/19891583af-333bfe069a-eecd88/docxide.pdf,43448
tracking_without_comments__19891583af_000f23dc2592a0044f1da2e4f2166c6b41e8fde6a66a1988__vs__333bfe069a_003416d620331122b93b434dad901db5836f60d2cad4b533_redline_556b3edd1a,soffice,corpus/tracking_without_comments/19891583af-333bfe069a-eecd88/soffice.pdf,95247
tracking_without_comments__19891583af_000f23dc2592a0044f1da2e4f2166c6b41e8fde6a66a1988__vs__a5f2b9318d_002aa60c2ae1187417b4b157c5ec6450324cc056ec551a12_redline_e22dd7a2c9,docxide,corpus/tracking_without_comments/19891583af-a5f2b9318d-82f393/docxide.pdf,127357
tracking_without_comments__19891583af_000f23dc2592a0044f1da2e4f2166c6b41e8fde6a66a1988__vs__a5f2b9318d_002aa60c2ae1187417b4b157c5ec6450324cc056ec551a12_redline_e22dd7a2c9,soffice,corpus/tracking_without_comments/19891583af-a5f2b9318d-82f393/soffice.pdf,119214
tracking_without_comments__1aa7a03758_004c43cb816aed2ca4b0d0adf6e2bb8f115182135f2b4b42__vs__1424386e9b_017447de83753a0e3b7afc659df038ef56972925336c6a5b_redline_b1191f033d,docxide,corpus/tracking_without_comments/1aa7a03758-1424386e9b-781cd4/docxide.pdf,65802
tracking_without_comments__1aa7a03758_004c43cb816aed2ca4b0d0adf6e2bb8f115182135f2b4b42__vs__1424386e9b_017447de83753a0e3b7afc659df038ef56972925336c6a5b_redline_b1191f033d,soffice,corpus/tracking_without_comments/1aa7a03758-1424386e9b-781cd4/soffice.pdf,208949
tracking_without_comments__1aa7a03758_004c43cb816aed2ca4b0d0adf6e2bb8f115182135f2b4b42__vs__342f364d46_001342333d45627868f4dc5282abbba4598a91b4a7584b08_redline_766d6d6968,docxide,corpus/tracking_without_comments/1aa7a03758-342f364d46-e0f261/docxide.pdf,75557
tracking_without_comments__1aa7a03758_004c43cb816aed2ca4b0d0adf6e2bb8f115182135f2b4b42__vs__342f364d46_001342333d45627868f4dc5282abbba4598a91b4a7584b08_redline_766d6d6968,soffice,corpus/tracking_without_comments/1aa7a03758-342f364d46-e0f261/soffice.pdf,199058
tracking_without_comments__1aa7a03758_004c43cb816aed2ca4b0d0adf6e2bb8f115182135f2b4b42__vs__bd3824dd1e_000ee64ef7226d353297888f59a251e24ce5d776fea000fa_redline_5620c6bac3,docxide,corpus/tracking_without_comments/1aa7a03758-bd3824dd1e-11df2e/docxide.pdf,271897
tracking_without_comments__1aa7a03758_004c43cb816aed2ca4b0d0adf6e2bb8f115182135f2b4b42__vs__bd3824dd1e_000ee64ef7226d353297888f59a251e24ce5d776fea000fa_redline_5620c6bac3,soffice,corpus/tracking_without_comments/1aa7a03758-bd3824dd1e-11df2e/soffice.pdf,366590
tracking_without_comments__1aff6b41d6_139e78e528e9a9c7f5c7254aaf96d46f83bd6c0f097c3ce7__vs__1a4af4a033_081dd2f1c6086ea49b874e78eead2e623e9197598c3dde9e_redline_0d3f2a29da,docxide,corpus/tracking_without_comments/1aff6b41d6-1a4af4a033-e8d3a5/docxide.pdf,88810
tracking_without_comments__1aff6b41d6_139e78e528e9a9c7f5c7254aaf96d46f83bd6c0f097c3ce7__vs__1a4af4a033_081dd2f1c6086ea49b874e78eead2e623e9197598c3dde9e_redline_0d3f2a29da,soffice,corpus/tracking_without_comments/1aff6b41d6-1a4af4a033-e8d3a5/soffice.pdf,96454
tracking_without_comments__1b9445becb_000516b844a100814a91ff4628bfc37fed6090074bfa22e1__vs__333bfe069a_003416d620331122b93b434dad901db5836f60d2cad4b533_redline_bf0f18053e,docxide,corpus/tracking_without_comments/1b9445becb-333bfe069a-7c2fd5/docxide.pdf,58239
tracking_without_comments__1b9445becb_000516b844a100814a91ff4628bfc37fed6090074bfa22e1__vs__333bfe069a_003416d620331122b93b434dad901db5836f60d2cad4b533_redline_bf0f18053e,soffice,corpus/tracking_without_comments/1b9445becb-333bfe069a-7c2fd5/soffice.pdf,87215
tracking_without_comments__1b9445becb_000516b844a100814a91ff4628bfc37fed6090074bfa22e1__vs__342f364d46_001342333d45627868f4dc5282abbba4598a91b4a7584b08_redline_d523f41499,docxide,corpus/tracking_without_comments/1b9445becb-342f364d46-743201/docxide.pdf,83411
tracking_without_comments__1b9445becb_000516b844a100814a91ff4628bfc37fed6090074bfa22e1__vs__342f364d46_001342333d45627868f4dc5282abbba4598a91b4a7584b08_redline_d523f41499,soffice,corpus/tracking_without_comments/1b9445becb-342f364d46-743201/soffice.pdf,86556
tracking_without_comments__1bcaf87caa_file_67__vs__812c0181d7_file_68_redline_09b41b0cf0,docxide,corpus/tracking_without_comments/1bcaf87caa-812c0181d7-08efd9/docxide.pdf,17825
tracking_without_comments__1bcaf87caa_file_67__vs__812c0181d7_file_68_redline_09b41b0cf0,soffice,corpus/tracking_without_comments/1bcaf87caa-812c0181d7-08efd9/soffice.pdf,22827
tracking_without_comments__1cd4f9ee6c_roboto_font_demo_id_paraid_overflow__vs__6e08e456f6_roboto_underline_demo_id_paraid_overflow_redline_8f77b9462e,docxide,corpus/tracking_without_comments/1cd4f9ee6c-6e08e456f6-236a8c/docxide.pdf,22230
tracking_without_comments__1cd4f9ee6c_roboto_font_demo_id_paraid_overflow__vs__6e08e456f6_roboto_underline_demo_id_paraid_overflow_redline_8f77b9462e,soffice,corpus/tracking_without_comments/1cd4f9ee6c-6e08e456f6-236a8c/soffice.pdf,16975
tracking_without_comments__1d137d70ee_005bf179b17b3d109d473d5bb10a968731ba985c4bff3743__vs__bd3824dd1e_000ee64ef7226d353297888f59a251e24ce5d776fea000fa_redline_684271b9c3,docxide,corpus/tracking_without_comments/1d137d70ee-bd3824dd1e-2bb57e/docxide.pdf,264167
tracking_without_comments__1d137d70ee_005bf179b17b3d109d473d5bb10a968731ba985c4bff3743__vs__bd3824dd1e_000ee64ef7226d353297888f59a251e24ce5d776fea000fa_redline_684271b9c3,soffice,corpus/tracking_without_comments/1d137d70ee-bd3824dd1e-2bb57e/soffice.pdf,224522
tracking_without_comments__1d5505e889_b0619f2c3cf5c201db5ff844fd6a32c7db38a093bf3cff9c__vs__4b8f467eb1_b3e6fc4431471a33131aa612c95d48aad15dbf29256ce623_redline_2f7b665e00,docxide,corpus/tracking_without_comments/1d5505e889-4b8f467eb1-4ac390/docxide.pdf,85349
tracking_without_comments__1d5505e889_b0619f2c3cf5c201db5ff844fd6a32c7db38a093bf3cff9c__vs__4b8f467eb1_b3e6fc4431471a33131aa612c95d48aad15dbf29256ce623_redline_2f7b665e00,soffice,corpus/tracking_without_comments/1d5505e889-4b8f467eb1-4ac390/soffice.pdf,138777
tracking_without_comments__2319b00645_1c99b5cdb9c11cdf122e0b9d4b5c54c8e162dd4a809e0c88__vs__aad76374be_89459f017bb4a18c06746c1355a41c84b8de0734d3d16edf_redline_7dd062b618,docxide,corpus/tracking_without_comments/2319b00645-aad76374be-437c38/docxide.pdf,72079
tracking_without_comments__2319b00645_1c99b5cdb9c11cdf122e0b9d4b5c54c8e162dd4a809e0c88__vs__aad76374be_89459f017bb4a18c06746c1355a41c84b8de0734d3d16edf_redline_7dd062b618,soffice,corpus/tracking_without_comments/2319b00645-aad76374be-437c38/soffice.pdf,142895
tracking_without_comments__23cdfeee74_0022d9b76a33e7bdcda8d38ec3c898364c578897fb55d462__vs__a5f2b9318d_002aa60c2ae1187417b4b157c5ec6450324cc056ec551a12_redline_fee04c36ab,docxide,corpus/tracking_without_comments/23cdfeee74-a5f2b9318d-febdfe/docxide.pdf,126426
tracking_without_comments__23cdfeee74_0022d9b76a33e7bdcda8d38ec3c898364c578897fb55d462__vs__a5f2b9318d_002aa60c2ae1187417b4b157c5ec6450324cc056ec551a12_redline_fee04c36ab,soffice,corpus/tracking_without_comments/23cdfeee74-a5f2b9318d-febdfe/soffice.pdf,191421
tracking_without_comments__23cdfeee74_0022d9b76a33e7bdcda8d38ec3c898364c578897fb55d462__vs__deff0e697a_00b5defcad6e58038eac35472a2d48c89905068e5ece0cc3_redline_d5a096356a,docxide,corpus/tracking_without_comments/23cdfeee74-deff0e697a-d75154/docxide.pdf,66479
tracking_without_comments__23cdfeee74_0022d9b76a33e7bdcda8d38ec3c898364c578897fb55d462__vs__deff0e697a_00b5defcad6e58038eac35472a2d48c89905068e5ece0cc3_redline_d5a096356a,soffice,corpus/tracking_without_comments/23cdfeee74-deff0e697a-d75154/soffice.pdf,152698
tracking_without_comments__246c7fcf50_0eba5f06bc3ec2c3dcaf59bb2ddb3aea1629ebc6ab22fb21__vs__89e56b3180_bf0737f04c1281a1f1596841210b4676a5c87af074c34af3_redline_3a54118ac6,docxide,corpus/tracking_without_comments/246c7fcf50-89e56b3180-98c8c8/docxide.pdf,137935
tracking_without_comments__246c7fcf50_0eba5f06bc3ec2c3dcaf59bb2ddb3aea1629ebc6ab22fb21__vs__89e56b3180_bf0737f04c1281a1f1596841210b4676a5c87af074c34af3_redline_3a54118ac6,soffice,corpus/tracking_without_comments/246c7fcf50-89e56b3180-98c8c8/soffice.pdf,110906
tracking_without_comments__2765643928_9819562bf2551355c13cb3637b8c9f64d04106d8e0b7e113__vs__4c13b4530d_c5a540d6b77685e0eb28f956cbf66cd8380de744447ab8f3_redline_a1aeb4c173,docxide,corpus/tracking_without_comments/2765643928-4c13b4530d-7212ff/docxide.pdf,102186
tracking_without_comments__2765643928_9819562bf2551355c13cb3637b8c9f64d04106d8e0b7e113__vs__4c13b4530d_c5a540d6b77685e0eb28f956cbf66cd8380de744447ab8f3_redline_a1aeb4c173,soffice,corpus/tracking_without_comments/2765643928-4c13b4530d-7212ff/soffice.pdf,102256
tracking_without_comments__27c9cbd809_b4b5463ef111d72dc319a5ccf52ae7b396c494e99b89c857__vs__7f90ff7f2c_d94124e867cf9e31389cfa780818a638161d676f6b79049f_redline_b14882f3e9,docxide,corpus/tracking_without_comments/27c9cbd809-7f90ff7f2c-fabafa/docxide.pdf,82804
tracking_without_comments__27c9cbd809_b4b5463ef111d72dc319a5ccf52ae7b396c494e99b89c857__vs__7f90ff7f2c_d94124e867cf9e31389cfa780818a638161d676f6b79049f_redline_b14882f3e9,soffice,corpus/tracking_without_comments/27c9cbd809-7f90ff7f2c-fabafa/soffice.pdf,99689
tracking_without_comments__28033140a2_quarterly_performance_report_table_2__vs__fa5b142e31_quarterly_performance_report_table_redline_666d0bdeb7,docxide,corpus/tracking_without_comments/28033140a2-fa5b142e31-585d69/docxide.pdf,20276
tracking_without_comments__28033140a2_quarterly_performance_report_table_2__vs__fa5b142e31_quarterly_performance_report_table_redline_666d0bdeb7,soffice,corpus/tracking_without_comments/28033140a2-fa5b142e31-585d69/soffice.pdf,10403
tracking_without_comments__29379c07bf_002adf0715eed4d213774c26c60c78624c2a3cbb3d0397d2__vs__2773adf157_0004c94ca2a8684d47449bb0e7abf87de1df71a7e6543252_redline_dfc890ebe7,docxide,corpus/tracking_without_comments/29379c07bf-2773adf157-b64621/docxide.pdf,106708
tracking_without_comments__29379c07bf_002adf0715eed4d213774c26c60c78624c2a3cbb3d0397d2__vs__2773adf157_0004c94ca2a8684d47449bb0e7abf87de1df71a7e6543252_redline_dfc890ebe7,soffice,corpus/tracking_without_comments/29379c07bf-2773adf157-b64621/soffice.pdf,143838
tracking_without_comments__29379c07bf_002adf0715eed4d213774c26c60c78624c2a3cbb3d0397d2__vs__342f364d46_001342333d45627868f4dc5282abbba4598a91b4a7584b08_redline_de2fd5b7b1,docxide,corpus/tracking_without_comments/29379c07bf-342f364d46-4d5d07/docxide.pdf,82550
tracking_without_comments__29379c07bf_002adf0715eed4d213774c26c60c78624c2a3cbb3d0397d2__vs__342f364d46_001342333d45627868f4dc5282abbba4598a91b4a7584b08_redline_de2fd5b7b1,soffice,corpus/tracking_without_comments/29379c07bf-342f364d46-4d5d07/soffice.pdf,124308
tracking_without_comments__29379c07bf_002adf0715eed4d213774c26c60c78624c2a3cbb3d0397d2__vs__bd3824dd1e_000ee64ef7226d353297888f59a251e24ce5d776fea000fa_redline_a3eabf7b42,docxide,corpus/tracking_without_comments/29379c07bf-bd3824dd1e-e61016/docxide.pdf,264854
tracking_without_comments__29379c07bf_002adf0715eed4d213774c26c60c78624c2a3cbb3d0397d2__vs__bd3824dd1e_000ee64ef7226d353297888f59a251e24ce5d776fea000fa_redline_a3eabf7b42,soffice,corpus/tracking_without_comments/29379c07bf-bd3824dd1e-e61016/soffice.pdf,278490
tracking_without_comments__29379c07bf_002adf0715eed4d213774c26c60c78624c2a3cbb3d0397d2__vs__deff0e697a_00b5defcad6e58038eac35472a2d48c89905068e5ece0cc3_redline_139a2a1fc3,docxide,corpus/tracking_without_comments/29379c07bf-deff0e697a-347672/docxide.pdf,73339
tracking_without_comments__29379c07bf_002adf0715eed4d213774c26c60c78624c2a3cbb3d0397d2__vs__deff0e697a_00b5defcad6e58038eac35472a2d48c89905068e5ece0cc3_redline_139a2a1fc3,soffice,corpus/tracking_without_comments/29379c07bf-deff0e697a-347672/soffice.pdf,116987
tracking_without_comments__296017bb6c_e50f81744ccce7418f6ea7874637338d569d6f4e44b35eb1,docxide,corpus/tracking_without_comments/296017bb6c/docxide.pdf,83001
tracking_without_comments__296017bb6c_e50f81744ccce7418f6ea7874637338d569d6f4e44b35eb1,soffice,corpus/tracking_without_comments/296017bb6c/soffice.pdf,127000
tracking_without_comments__2a69e1ce5c_green_bold_text_demo_id_paraid_overflow__vs__e1f631e28a_green_highlight_demo_id_paraid_overflow_redline_9d466d3cf5,docxide,corpus/tracking_without_comments/2a69e1ce5c-e1f631e28a-712d8f/docxide.pdf,15005
tracking_without_comments__2a69e1ce5c_green_bold_text_demo_id_paraid_overflow__vs__e1f631e28a_green_highlight_demo_id_paraid_overflow_redline_9d466d3cf5,soffice,corpus/tracking_without_comments/2a69e1ce5c-e1f631e28a-712d8f/soffice.pdf,16162
tracking_without_comments__2a9c68ed33_file_62__vs__060415914f_file_63_redline_913396304d,docxide,corpus/tracking_without_comments/2a9c68ed33-060415914f-2bbbd2/docxide.pdf,20710
tracking_without_comments__2a9c68ed33_file_62__vs__060415914f_file_63_redline_913396304d,soffice,corpus/tracking_without_comments/2a9c68ed33-060415914f-2bbbd2/soffice.pdf,12999
tracking_without_comments__2ad8d15e88_00e901c5aa86bd93002ce801375c57e44c2c78a0e5b308d3__vs__1424386e9b_017447de83753a0e3b7afc659df038ef56972925336c6a5b_redline_37a937b13b,docxide,corpus/tracking_without_comments/2ad8d15e88-1424386e9b-d080e2/docxide.pdf,94353
tracking_without_comments__2ad8d15e88_00e901c5aa86bd93002ce801375c57e44c2c78a0e5b308d3__vs__1424386e9b_017447de83753a0e3b7afc659df038ef56972925336c6a5b_redline_37a937b13b,soffice,corpus/tracking_without_comments/2ad8d15e88-1424386e9b-d080e2/soffice.pdf,123565
tracking_without_comments__2ad8d15e88_00e901c5aa86bd93002ce801375c57e44c2c78a0e5b308d3__vs__333bfe069a_003416d620331122b93b434dad901db5836f60d2cad4b533_redline_5666a8b6aa,docxide,corpus/tracking_without_comments/2ad8d15e88-333bfe069a-367cbf/docxide.pdf,74302
tracking_without_comments__2ad8d15e88_00e901c5aa86bd93002ce801375c57e44c2c78a0e5b308d3__vs__333bfe069a_003416d620331122b93b434dad901db5836f60d2cad4b533_redline_5666a8b6aa,soffice,corpus/tracking_without_comments/2ad8d15e88-333bfe069a-367cbf/soffice.pdf,127596
tracking_without_comments__2b479f55f8_ab1a60a25dd051171cff9456f1fdafa82d5d746f4a494cce__vs__63db0bebfc_98f3b26190a9ad2d0c27e5505ef29521d4faff960deea626_redline_e22069e294,docxide,corpus/tracking_without_comments/2b479f55f8-63db0bebfc-446107/docxide.pdf,194440
tracking_without_comments__2b479f55f8_ab1a60a25dd051171cff9456f1fdafa82d5d746f4a494cce__vs__63db0bebfc_98f3b26190a9ad2d0c27e5505ef29521d4faff960deea626_redline_e22069e294,soffice,corpus/tracking_without_comments/2b479f55f8-63db0bebfc-446107/soffice.pdf,343175
tracking_without_comments__2ba76dbb7e_48021810502ba519ff3bc10a88715f6e57e23a4d93a46ada__vs__e33fe5195e_39e6a7fc140be9556ffd3722005fce7d9d04970dee1dc785_redline_6af7bc5540,docxide,corpus/tracking_without_comments/2ba76dbb7e-e33fe5195e-29d930/docxide.pdf,236918
tracking_without_comments__2ba76dbb7e_48021810502ba519ff3bc10a88715f6e57e23a4d93a46ada__vs__e33fe5195e_39e6a7fc140be9556ffd3722005fce7d9d04970dee1dc785_redline_6af7bc5540,soffice,corpus/tracking_without_comments/2ba76dbb7e-e33fe5195e-29d930/soffice.pdf,264184
tracking_without_comments__2bc7b14af7_project_proposal_suggesting_insertions__vs__5e9c228f85_project_tasks_suggesting_insertions_2_redline_6ab418029e,docxide,corpus/tracking_without_comments/2bc7b14af7-5e9c228f85-eabc3b/docxide.pdf,19731
tracking_without_comments__2bc7b14af7_project_proposal_suggesting_insertions__vs__5e9c228f85_project_tasks_suggesting_insertions_2_redline_6ab418029e,soffice,corpus/tracking_without_comments/2bc7b14af7-5e9c228f85-eabc3b/soffice.pdf,11040
tracking_without_comments__2d2158c9e4_file_54__vs__e3d25f2c7f_file_55_redline_3e8ead00a7,docxide,corpus/tracking_without_comments/2d2158c9e4-e3d25f2c7f-243d09/docxide.pdf,12106
tracking_without_comments__2d2158c9e4_file_54__vs__e3d25f2c7f_file_55_redline_3e8ead00a7,soffice,corpus/tracking_without_comments/2d2158c9e4-e3d25f2c7f-243d09/soffice.pdf,16561
tracking_without_comments__2e7f1e6637_0120556a0553eb1ba39978d5911b7ce62be10a9bdc7c9191__vs__1424386e9b_017447de83753a0e3b7afc659df038ef56972925336c6a5b_redline_397d177f69,docxide,corpus/tracking_without_comments/2e7f1e6637-1424386e9b-e73e29/docxide.pdf,99843
tracking_without_comments__2e7f1e6637_0120556a0553eb1ba39978d5911b7ce62be10a9bdc7c9191__vs__1424386e9b_017447de83753a0e3b7afc659df038ef56972925336c6a5b_redline_397d177f69,soffice,corpus/tracking_without_comments/2e7f1e6637-1424386e9b-e73e29/soffice.pdf,63780
tracking_without_comments__2e7f1e6637_0120556a0553eb1ba39978d5911b7ce62be10a9bdc7c9191__vs__2773adf157_0004c94ca2a8684d47449bb0e7abf87de1df71a7e6543252_redline_945512cfa2,docxide,corpus/tracking_without_comments/2e7f1e6637-2773adf157-cfc5d3/docxide.pdf,114191
tracking_without_comments__2e7f1e6637_0120556a0553eb1ba39978d5911b7ce62be10a9bdc7c9191__vs__2773adf157_0004c94ca2a8684d47449bb0e7abf87de1df71a7e6543252_redline_945512cfa2,soffice,corpus/tracking_without_comments/2e7f1e6637-2773adf157-cfc5d3/soffice.pdf,95326
tracking_without_comments__2f6102d8be_file_162__vs__69bfcf9176_file_163_redline_167db6b0cf,docxide,corpus/tracking_without_comments/2f6102d8be-69bfcf9176-43e5b5/docxide.pdf,24456
tracking_without_comments__2f6102d8be_file_162__vs__69bfcf9176_file_163_redline_167db6b0cf,soffice,corpus/tracking_without_comments/2f6102d8be-69bfcf9176-43e5b5/soffice.pdf,21091
tracking_without_comments__30f195a272_1773a11956d682dede9401c3226fbbf2b6bfec21a2235354__vs__54286b56f0_03fcabccc151de9af114d16cb6fd34438b05eafb886faa4e_redline_9240f816df,docxide,corpus/tracking_without_comments/30f195a272-54286b56f0-9addbe/docxide.pdf,112508
tracking_without_comments__30f195a272_1773a11956d682dede9401c3226fbbf2b6bfec21a2235354__vs__54286b56f0_03fcabccc151de9af114d16cb6fd34438b05eafb886faa4e_redline_9240f816df,soffice,corpus/tracking_without_comments/30f195a272-54286b56f0-9addbe/soffice.pdf,115889
tracking_without_comments__31612a8334_file_88__vs__f1b1749251_file_89_redline_5dc5d92340,docxide,corpus/tracking_without_comments/31612a8334-f1b1749251-f432fd/docxide.pdf,20323
tracking_without_comments__31612a8334_file_88__vs__f1b1749251_file_89_redline_5dc5d92340,soffice,corpus/tracking_without_comments/31612a8334-f1b1749251-f432fd/soffice.pdf,15025
tracking_without_comments__316da9cc94_subscript_demo_id_paraid_overflow__vs__b39182a410_subscript_demo_style_default_missing_redline_5bb6f6a473,docxide,corpus/tracking_without_comments/316da9cc94-b39182a410-3fc7c1/docxide.pdf,15579
tracking_without_comments__316da9cc94_subscript_demo_id_paraid_overflow__vs__b39182a410_subscript_demo_style_default_missing_redline_5bb6f6a473,soffice,corpus/tracking_without_comments/316da9cc94-b39182a410-3fc7c1/soffice.pdf,9020
tracking_without_comments__31fab2218b_file_182__vs__befb952e73_file_183_redline_5aa9df719b,docxide,corpus/tracking_without_comments/31fab2218b-befb952e73-4e0436/docxide.pdf,22775
tracking_without_comments__31fab2218b_file_182__vs__befb952e73_file_183_redline_5aa9df719b,soffice,corpus/tracking_without_comments/31fab2218b-befb952e73-4e0436/soffice.pdf,19090
tracking_without_comments__32328b55db_docx_lots_of_comments_addition_removal_redline_r,docxide,corpus/tracking_without_comments/32328b55db/docxide.pdf,191266
tracking_without_comments__32328b55db_docx_lots_of_comments_addition_removal_redline_r,soffice,corpus/tracking_without_comments/32328b55db/soffice.pdf,210575
tracking_without_comments__32391f3b12_fa5f97906c44861431c0df1263739bce18d03b511ea5bb8c__vs__9e6e6d4f44_5c6200fa3d220d6d5e9ab4dfe33d43b0caa724c81222a257_redline_b39664d822,docxide,corpus/tracking_without_comments/32391f3b12-9e6e6d4f44-d3223b/docxide.pdf,66441
tracking_without_comments__32391f3b12_fa5f97906c44861431c0df1263739bce18d03b511ea5bb8c__vs__9e6e6d4f44_5c6200fa3d220d6d5e9ab4dfe33d43b0caa724c81222a257_redline_b39664d822,soffice,corpus/tracking_without_comments/32391f3b12-9e6e6d4f44-d3223b/soffice.pdf,311274
tracking_without_comments__358c1c639f_file_124,docxide,corpus/tracking_without_comments/358c1c639f/docxide.pdf,19712
tracking_without_comments__358c1c639f_file_124,soffice,corpus/tracking_without_comments/358c1c639f/soffice.pdf,9918
tracking_without_comments__3754ca7e23_track_changes_suggesting_title_id_paraid_overflo__vs__1f0fb35694_training_materials_onboarding_program_suggesting_redline_19c69f3652,docxide,corpus/tracking_without_comments/3754ca7e23-1f0fb35694-14c419/docxide.pdf,20393
tracking_without_comments__3754ca7e23_track_changes_suggesting_title_id_paraid_overflo__vs__1f0fb35694_training_materials_onboarding_program_suggesting_redline_19c69f3652,soffice,corpus/tracking_without_comments/3754ca7e23-1f0fb35694-14c419/soffice.pdf,19788
tracking_without_comments__3755bf5762_0000a3a991f56b6660c630eb426231a3b4ec31e40313aab9__vs__1424386e9b_017447de83753a0e3b7afc659df038ef56972925336c6a5b_redline_16168f8350,docxide,corpus/tracking_without_comments/3755bf5762-1424386e9b-6e908d/docxide.pdf,84505
tracking_without_comments__3755bf5762_0000a3a991f56b6660c630eb426231a3b4ec31e40313aab9__vs__1424386e9b_017447de83753a0e3b7afc659df038ef56972925336c6a5b_redline_16168f8350,soffice,corpus/tracking_without_comments/3755bf5762-1424386e9b-6e908d/soffice.pdf,126362
tracking_without_comments__38694026fb_0003b3ae2b115676d918e72f694790ddb64563721bb4a48d__vs__a5f2b9318d_002aa60c2ae1187417b4b157c5ec6450324cc056ec551a12_redline_c1ab70efd1,docxide,corpus/tracking_without_comments/38694026fb-a5f2b9318d-717370/docxide.pdf,129656
tracking_without_comments__38694026fb_0003b3ae2b115676d918e72f694790ddb64563721bb4a48d__vs__a5f2b9318d_002aa60c2ae1187417b4b157c5ec6450324cc056ec551a12_redline_c1ab70efd1,soffice,corpus/tracking_without_comments/38694026fb-a5f2b9318d-717370/soffice.pdf,110016
tracking_without_comments__3890d0a960_file_27__vs__c3462f9630_file_28_redline_6bd2deb635,docxide,corpus/tracking_without_comments/3890d0a960-c3462f9630-4ffd31/docxide.pdf,68966
tracking_without_comments__3890d0a960_file_27__vs__c3462f9630_file_28_redline_6bd2deb635,soffice,corpus/tracking_without_comments/3890d0a960-c3462f9630-4ffd31/soffice.pdf,190575
tracking_without_comments__3a9525749b_heading_2_style_demo_id_paraid_overflow__vs__b2adbcc147_heading_3_center_italic_id_paraid_overflow_redline_6c81b9cb32,docxide,corpus/tracking_without_comments/3a9525749b-b2adbcc147-905ed5/docxide.pdf,17053
tracking_without_comments__3a9525749b_heading_2_style_demo_id_paraid_overflow__vs__b2adbcc147_heading_3_center_italic_id_paraid_overflow_redline_6c81b9cb32,soffice,corpus/tracking_without_comments/3a9525749b-b2adbcc147-905ed5/soffice.pdf,17001
tracking_without_comments__3ad856ac79_file_39__vs__03c2173f9b_file_40_redline_1a5a8a93b8,docxide,corpus/tracking_without_comments/3ad856ac79-03c2173f9b-bf91ce/docxide.pdf,22563
tracking_without_comments__3ad856ac79_file_39__vs__03c2173f9b_file_40_redline_1a5a8a93b8,soffice,corpus/tracking_without_comments/3ad856ac79-03c2173f9b-bf91ce/soffice.pdf,22941
tracking_without_comments__3bfcb371e2_00003fff80a444ad2f706c74f3c0d9fbef00d7a99ba0c105__vs__a5f2b9318d_002aa60c2ae1187417b4b157c5ec6450324cc056ec551a12_redline_52a3f84699,docxide,corpus/tracking_without_comments/3bfcb371e2-a5f2b9318d-3ad2d7/docxide.pdf,155867
tracking_without_comments__3bfcb371e2_00003fff80a444ad2f706c74f3c0d9fbef00d7a99ba0c105__vs__a5f2b9318d_002aa60c2ae1187417b4b157c5ec6450324cc056ec551a12_redline_52a3f84699,soffice,corpus/tracking_without_comments/3bfcb371e2-a5f2b9318d-3ad2d7/soffice.pdf,671673
tracking_without_comments__3bfcb371e2_00003fff80a444ad2f706c74f3c0d9fbef00d7a99ba0c105__vs__deff0e697a_00b5defcad6e58038eac35472a2d48c89905068e5ece0cc3_redline_30b6e87178,docxide,corpus/tracking_without_comments/3bfcb371e2-deff0e697a-3b1dcf/docxide.pdf,101160
tracking_without_comments__3bfcb371e2_00003fff80a444ad2f706c74f3c0d9fbef00d7a99ba0c105__vs__deff0e697a_00b5defcad6e58038eac35472a2d48c89905068e5ece0cc3_redline_30b6e87178,soffice,corpus/tracking_without_comments/3bfcb371e2-deff0e697a-3b1dcf/soffice.pdf,609139
tracking_without_comments__3c1e5d4d00_00b540ddc1a1fef3ab9acae5b93ca90e9fcef840e25d53cd__vs__333bfe069a_003416d620331122b93b434dad901db5836f60d2cad4b533_redline_8f2bd8788e,docxide,corpus/tracking_without_comments/3c1e5d4d00-333bfe069a-67846a/docxide.pdf,58386
tracking_without_comments__3c1e5d4d00_00b540ddc1a1fef3ab9acae5b93ca90e9fcef840e25d53cd__vs__333bfe069a_003416d620331122b93b434dad901db5836f60d2cad4b533_redline_8f2bd8788e,soffice,corpus/tracking_without_comments/3c1e5d4d00-333bfe069a-67846a/soffice.pdf,78320
tracking_without_comments__3e8be91dbf_superscript_demo_style_default_missing__vs__4615c3c04e_support_tickets_summary_id_paraid_overflow_redline_5b7b713db0,docxide,corpus/tracking_without_comments/3e8be91dbf-4615c3c04e-837b3f/docxide.pdf,28733
tracking_without_comments__3e8be91dbf_superscript_demo_style_default_missing__vs__4615c3c04e_support_tickets_summary_id_paraid_overflow_redline_5b7b713db0,soffice,corpus/tracking_without_comments/3e8be91dbf-4615c3c04e-837b3f/soffice.pdf,14632
tracking_without_comments__3ee2d0ceda_00026ef6a227eca724d9cd35f12e3065557a9ef0dc7ee295__vs__2e04202552_000e3e7bd2d6215fc7b469cc3e296c1b2a510bc1abc7e0fd_redline_e0cb8553a6,docxide,corpus/tracking_without_comments/3ee2d0ceda-2e04202552-103969/docxide.pdf,156931
tracking_without_comments__3ee2d0ceda_00026ef6a227eca724d9cd35f12e3065557a9ef0dc7ee295__vs__2e04202552_000e3e7bd2d6215fc7b469cc3e296c1b2a510bc1abc7e0fd_redline_e0cb8553a6,soffice,corpus/tracking_without_comments/3ee2d0ceda-2e04202552-103969/soffice.pdf,247041
tracking_without_comments__3f4801c5c0_project_plan_suggesting_insertions__vs__8cecb6c042_project_proposal_id_paraid_overflow_redline_c88669a862,docxide,corpus/tracking_without_comments/3f4801c5c0-8cecb6c042-d308b9/docxide.pdf,16449
tracking_without_comments__3f4801c5c0_project_plan_suggesting_insertions__vs__8cecb6c042_project_proposal_id_paraid_overflow_redline_c88669a862,soffice,corpus/tracking_without_comments/3f4801c5c0-8cecb6c042-d308b9/soffice.pdf,16490
tracking_without_comments__432bf1c280_010684299d3c5523897eb69efb8c1c743c0a7623137d64fe__vs__1424386e9b_017447de83753a0e3b7afc659df038ef56972925336c6a5b_redline_c323b1ce8e,docxide,corpus/tracking_without_comments/432bf1c280-1424386e9b-e3ada9/docxide.pdf,98516
tracking_without_comments__432bf1c280_010684299d3c5523897eb69efb8c1c743c0a7623137d64fe__vs__1424386e9b_017447de83753a0e3b7afc659df038ef56972925336c6a5b_redline_c323b1ce8e,soffice,corpus/tracking_without_comments/432bf1c280-1424386e9b-e3ada9/soffice.pdf,164054
tracking_without_comments__432bf1c280_010684299d3c5523897eb69efb8c1c743c0a7623137d64fe__vs__a5f2b9318d_002aa60c2ae1187417b4b157c5ec6450324cc056ec551a12_redline_0e053136eb,docxide,corpus/tracking_without_comments/432bf1c280-a5f2b9318d-3d57d3/docxide.pdf,146636
tracking_without_comments__432bf1c280_010684299d3c5523897eb69efb8c1c743c0a7623137d64fe__vs__a5f2b9318d_002aa60c2ae1187417b4b157c5ec6450324cc056ec551a12_redline_0e053136eb,soffice,corpus/tracking_without_comments/432bf1c280-a5f2b9318d-3d57d3/soffice.pdf,214800
tracking_without_comments__433cdffcb3_file_133,docxide,corpus/tracking_without_comments/433cdffcb3/docxide.pdf,19373
tracking_without_comments__433cdffcb3_file_133,soffice,corpus/tracking_without_comments/433cdffcb3/soffice.pdf,10142
tracking_without_comments__44b94a5161_167f0f7958593a10cdfcc151834f7e5836df2bfc866b93e3__vs__d2cec1018b_6781f0c4e2d2fbe62c8d5c8bf3fa3fa50bcf9d36a7d86b6e_redline_a33b3d7ea2,docxide,corpus/tracking_without_comments/44b94a5161-d2cec1018b-7bef7b/docxide.pdf,79600
tracking_without_comments__44b94a5161_167f0f7958593a10cdfcc151834f7e5836df2bfc866b93e3__vs__d2cec1018b_6781f0c4e2d2fbe62c8d5c8bf3fa3fa50bcf9d36a7d86b6e_redline_a33b3d7ea2,soffice,corpus/tracking_without_comments/44b94a5161-d2cec1018b-7bef7b/soffice.pdf,138729
tracking_without_comments__451b3b3460_sample_document_word_repair_of_our_output_iter2,docxide,corpus/tracking_without_comments/451b3b3460/docxide.pdf,94519
tracking_without_comments__451b3b3460_sample_document_word_repair_of_our_output_iter2,soffice,corpus/tracking_without_comments/451b3b3460/soffice.pdf,92012
tracking_without_comments__45e6f5a2e1_00077bf334f45f6bc64fb5b73e579587002b3ccb55de03f8__vs__333bfe069a_003416d620331122b93b434dad901db5836f60d2cad4b533_redline_221997f1c7,docxide,corpus/tracking_without_comments/45e6f5a2e1-333bfe069a-dfdf99/docxide.pdf,43391
tracking_without_comments__45e6f5a2e1_00077bf334f45f6bc64fb5b73e579587002b3ccb55de03f8__vs__333bfe069a_003416d620331122b93b434dad901db5836f60d2cad4b533_redline_221997f1c7,soffice,corpus/tracking_without_comments/45e6f5a2e1-333bfe069a-dfdf99/soffice.pdf,81295
tracking_without_comments__48cd1e0a53_bold_and_italic_combo_style_default_missing__vs__187c1cd53e_bold_and_underline_combo_id_paraid_overflow_redline_c4e9d43965,docxide,corpus/tracking_without_comments/48cd1e0a53-187c1cd53e-a9245c/docxide.pdf,14730
tracking_without_comments__48cd1e0a53_bold_and_italic_combo_style_default_missing__vs__187c1cd53e_bold_and_underline_combo_id_paraid_overflow_redline_c4e9d43965,soffice,corpus/tracking_without_comments/48cd1e0a53-187c1cd53e-a9245c/soffice.pdf,13442
tracking_without_comments__4ade5f9207_009df71a7ecb41f9da0135915e2e4d68176e296ff69c9af0__vs__2e04202552_000e3e7bd2d6215fc7b469cc3e296c1b2a510bc1abc7e0fd_redline_76dc7b8823,docxide,corpus/tracking_without_comments/4ade5f9207-2e04202552-7a87d8/docxide.pdf,156523
tracking_without_comments__4ade5f9207_009df71a7ecb41f9da0135915e2e4d68176e296ff69c9af0__vs__2e04202552_000e3e7bd2d6215fc7b469cc3e296c1b2a510bc1abc7e0fd_redline_76dc7b8823,soffice,corpus/tracking_without_comments/4ade5f9207-2e04202552-7a87d8/soffice.pdf,285662
tracking_without_comments__4ade5f9207_009df71a7ecb41f9da0135915e2e4d68176e296ff69c9af0__vs__342f364d46_001342333d45627868f4dc5282abbba4598a91b4a7584b08_redline_ec7d978fc5,docxide,corpus/tracking_without_comments/4ade5f9207-342f364d46-a33798/docxide.pdf,75836
tracking_without_comments__4ade5f9207_009df71a7ecb41f9da0135915e2e4d68176e296ff69c9af0__vs__342f364d46_001342333d45627868f4dc5282abbba4598a91b4a7584b08_redline_ec7d978fc5,soffice,corpus/tracking_without_comments/4ade5f9207-342f364d46-a33798/soffice.pdf,129733
tracking_without_comments__4bac537e7b_file_191__vs__9ce1c5551b_file_192_redline_c4f4921c0a,docxide,corpus/tracking_without_comments/4bac537e7b-9ce1c5551b-8a8477/docxide.pdf,11932
tracking_without_comments__4bac537e7b_file_191__vs__9ce1c5551b_file_192_redline_c4f4921c0a,soffice,corpus/tracking_without_comments/4bac537e7b-9ce1c5551b-8a8477/soffice.pdf,8827
tracking_without_comments__4db02133f5_0007ed60dbbc648e714534360ae72dd054c8322b82ac5609__vs__333bfe069a_003416d620331122b93b434dad901db5836f60d2cad4b533_redline_e09413fc87,docxide,corpus/tracking_without_comments/4db02133f5-333bfe069a-4217fd/docxide.pdf,43050
tracking_without_comments__4db02133f5_0007ed60dbbc648e714534360ae72dd054c8322b82ac5609__vs__333bfe069a_003416d620331122b93b434dad901db5836f60d2cad4b533_redline_e09413fc87,soffice,corpus/tracking_without_comments/4db02133f5-333bfe069a-4217fd/soffice.pdf,82827
tracking_without_comments__4f1b13334b_0002768ad2e3174d9c557d30d4a7a8d70ae4062e52383747__vs__aa5340125d_00a4b0b91e9b5b072dc3771391c2d608518690eccf44eae8_redline_d2bbb79024,docxide,corpus/tracking_without_comments/4f1b13334b-aa5340125d-e9a076/docxide.pdf,77380
tracking_without_comments__4f1b13334b_0002768ad2e3174d9c557d30d4a7a8d70ae4062e52383747__vs__aa5340125d_00a4b0b91e9b5b072dc3771391c2d608518690eccf44eae8_redline_d2bbb79024,soffice,corpus/tracking_without_comments/4f1b13334b-aa5340125d-e9a076/soffice.pdf,129017
tracking_without_comments__5209712a8c_4247523423991f3100db4918d302547c03353f789b7ba28d__vs__86c5c7a110_2ea4a99ee323d3c041b1e503da675d3631695fb92e4e356d_redline_6b588b2e21,docxide,corpus/tracking_without_comments/5209712a8c-86c5c7a110-cede60/docxide.pdf,96561
tracking_without_comments__5209712a8c_4247523423991f3100db4918d302547c03353f789b7ba28d__vs__86c5c7a110_2ea4a99ee323d3c041b1e503da675d3631695fb92e4e356d_redline_6b588b2e21,soffice,corpus/tracking_without_comments/5209712a8c-86c5c7a110-cede60/soffice.pdf,170330
tracking_without_comments__531cf3d312_00ce789bc3226c2a68967cc29792927c80b7f55d9b5267ad__vs__1424386e9b_017447de83753a0e3b7afc659df038ef56972925336c6a5b_redline_34cdc4aef6,docxide,corpus/tracking_without_comments/531cf3d312-1424386e9b-4cddc2/docxide.pdf,106563
tracking_without_comments__531cf3d312_00ce789bc3226c2a68967cc29792927c80b7f55d9b5267ad__vs__1424386e9b_017447de83753a0e3b7afc659df038ef56972925336c6a5b_redline_34cdc4aef6,soffice,corpus/tracking_without_comments/531cf3d312-1424386e9b-4cddc2/soffice.pdf,63088
tracking_without_comments__531cf3d312_00ce789bc3226c2a68967cc29792927c80b7f55d9b5267ad__vs__342f364d46_001342333d45627868f4dc5282abbba4598a91b4a7584b08_redline_82c9c77361,docxide,corpus/tracking_without_comments/531cf3d312-342f364d46-2325ab/docxide.pdf,96439
tracking_without_comments__531cf3d312_00ce789bc3226c2a68967cc29792927c80b7f55d9b5267ad__vs__342f364d46_001342333d45627868f4dc5282abbba4598a91b4a7584b08_redline_82c9c77361,soffice,corpus/tracking_without_comments/531cf3d312-342f364d46-2325ab/soffice.pdf,78011
tracking_without_comments__531cf3d312_00ce789bc3226c2a68967cc29792927c80b7f55d9b5267ad__vs__aa5340125d_00a4b0b91e9b5b072dc3771391c2d608518690eccf44eae8_redline_4406e9133e,docxide,corpus/tracking_without_comments/531cf3d312-aa5340125d-ff5f5c/docxide.pdf,86188
tracking_without_comments__531cf3d312_00ce789bc3226c2a68967cc29792927c80b7f55d9b5267ad__vs__aa5340125d_00a4b0b91e9b5b072dc3771391c2d608518690eccf44eae8_redline_4406e9133e,soffice,corpus/tracking_without_comments/531cf3d312-aa5340125d-ff5f5c/soffice.pdf,135101
tracking_without_comments__531cf3d312_00ce789bc3226c2a68967cc29792927c80b7f55d9b5267ad__vs__deff0e697a_00b5defcad6e58038eac35472a2d48c89905068e5ece0cc3_redline_d8000a64a2,docxide,corpus/tracking_without_comments/531cf3d312-deff0e697a-b115fb/docxide.pdf,87454
tracking_without_comments__531cf3d312_00ce789bc3226c2a68967cc29792927c80b7f55d9b5267ad__vs__deff0e697a_00b5defcad6e58038eac35472a2d48c89905068e5ece0cc3_redline_d8000a64a2,soffice,corpus/tracking_without_comments/531cf3d312-deff0e697a-b115fb/soffice.pdf,76799
tracking_without_comments__5396ca3671_helvetica_font_demo_style_default_missing__vs__f1ea4a51fd_hr_onboarding_checklist_table_redline_e9a52fcf1b,docxide,corpus/tracking_without_comments/5396ca3671-f1ea4a51fd-da65ac/docxide.pdf,16964
tracking_without_comments__5396ca3671_helvetica_font_demo_style_default_missing__vs__f1ea4a51fd_hr_onboarding_checklist_table_redline_e9a52fcf1b,soffice,corpus/tracking_without_comments/5396ca3671-f1ea4a51fd-da65ac/soffice.pdf,17809
tracking_without_comments__53de8de92b_file_183__vs__abd0b75d88_file_184_redline_22702d4c54,docxide,corpus/tracking_without_comments/53de8de92b-abd0b75d88-6c99ab/docxide.pdf,16598
tracking_without_comments__53de8de92b_file_183__vs__abd0b75d88_file_184_redline_22702d4c54,soffice,corpus/tracking_without_comments/53de8de92b-abd0b75d88-6c99ab/soffice.pdf,17428
tracking_without_comments__53de8de92b_file_183__vs__abd0b75d88_file_184_redline_d40e4d812a,docxide,corpus/tracking_without_comments/53de8de92b-abd0b75d88-c5a85f/docxide.pdf,16613
tracking_without_comments__53de8de92b_file_183__vs__abd0b75d88_file_184_redline_d40e4d812a,soffice,corpus/tracking_without_comments/53de8de92b-abd0b75d88-c5a85f/soffice.pdf,17428
tracking_without_comments__5569dce1b1_c9db810dc76f74e53813cab92bccb93eeddb880cfbb4e632__vs__7cdf8f6ba8_caddb36ce8cd278a99f7ddc41e48fe0249fd17865b94353a_redline_1437cf3a56,docxide,corpus/tracking_without_comments/5569dce1b1-7cdf8f6ba8-1d4cfc/docxide.pdf,45122
tracking_without_comments__5569dce1b1_c9db810dc76f74e53813cab92bccb93eeddb880cfbb4e632__vs__7cdf8f6ba8_caddb36ce8cd278a99f7ddc41e48fe0249fd17865b94353a_redline_1437cf3a56,soffice,corpus/tracking_without_comments/5569dce1b1-7cdf8f6ba8-1d4cfc/soffice.pdf,88032
tracking_without_comments__570c517678_file_161,docxide,corpus/tracking_without_comments/570c517678/docxide.pdf,21382
tracking_without_comments__570c517678_file_161,soffice,corpus/tracking_without_comments/570c517678/soffice.pdf,10894
tracking_without_comments__572990f05c_right_alignment_demo_id_paraid_overflow__vs__4b97a33168_risk_assessment_product_launch_suggesting_insert_redline_0000ae5089,docxide,corpus/tracking_without_comments/572990f05c-4b97a33168-9643d3/docxide.pdf,21230
tracking_without_comments__572990f05c_right_alignment_demo_id_paraid_overflow__vs__4b97a33168_risk_assessment_product_launch_suggesting_insert_redline_0000ae5089,soffice,corpus/tracking_without_comments/572990f05c-4b97a33168-9643d3/soffice.pdf,17173
tracking_without_comments__572990f05c_right_alignment_demo_id_paraid_overflow__vs__4b97a33168_risk_assessment_product_launch_suggesting_insert_redline_93cdd28c28,docxide,corpus/tracking_without_comments/572990f05c-4b97a33168-f544a2/docxide.pdf,21236
tracking_without_comments__572990f05c_right_alignment_demo_id_paraid_overflow__vs__4b97a33168_risk_assessment_product_launch_suggesting_insert_redline_93cdd28c28,soffice,corpus/tracking_without_comments/572990f05c-4b97a33168-f544a2/soffice.pdf,17248
tracking_without_comments__58d11506a5_file_64__vs__f394f45ba5_file_65_redline_e07ede4023,docxide,corpus/tracking_without_comments/58d11506a5-f394f45ba5-71d9cb/docxide.pdf,62855
tracking_without_comments__58d11506a5_file_64__vs__f394f45ba5_file_65_redline_e07ede4023,soffice,corpus/tracking_without_comments/58d11506a5-f394f45ba5-71d9cb/soffice.pdf,38801
tracking_without_comments__591e5e7f06_file_106__vs__9de8d635f0_file_107_redline_bd17d03043,docxide,corpus/tracking_without_comments/591e5e7f06-9de8d635f0-6d4897/docxide.pdf,20721
tracking_without_comments__591e5e7f06_file_106__vs__9de8d635f0_file_107_redline_bd17d03043,soffice,corpus/tracking_without_comments/591e5e7f06-9de8d635f0-6d4897/soffice.pdf,26654
tracking_without_comments__5a508830cf_file_63,docxide,corpus/tracking_without_comments/5a508830cf/docxide.pdf,20692
tracking_without_comments__5a508830cf_file_63,soffice,corpus/tracking_without_comments/5a508830cf/soffice.pdf,10821
tracking_without_comments__5ad6e6d44f_0199027cbf967c88ab833b77e5bc5d629bacecbd40a87c26,docxide,corpus/tracking_without_comments/5ad6e6d44f/docxide.pdf,81131
tracking_without_comments__5ad6e6d44f_0199027cbf967c88ab833b77e5bc5d629bacecbd40a87c26,soffice,corpus/tracking_without_comments/5ad6e6d44f/soffice.pdf,42984
tracking_without_comments__5ad6e6d44f_0199027cbf967c88ab833b77e5bc5d629bacecbd40a87c26__vs__1424386e9b_017447de83753a0e3b7afc659df038ef56972925336c6a5b_redline_ede1920163,docxide,corpus/tracking_without_comments/5ad6e6d44f-1424386e9b-caf86f/docxide.pdf,88815
tracking_without_comments__5ad6e6d44f_0199027cbf967c88ab833b77e5bc5d629bacecbd40a87c26__vs__1424386e9b_017447de83753a0e3b7afc659df038ef56972925336c6a5b_redline_ede1920163,soffice,corpus/tracking_without_comments/5ad6e6d44f-1424386e9b-caf86f/soffice.pdf,129397
tracking_without_comments__5ad6e6d44f_0199027cbf967c88ab833b77e5bc5d629bacecbd40a87c26__vs__2773adf157_0004c94ca2a8684d47449bb0e7abf87de1df71a7e6543252_redline_99b69bb632,docxide,corpus/tracking_without_comments/5ad6e6d44f-2773adf157-b14b9b/docxide.pdf,120434
tracking_without_comments__5ad6e6d44f_0199027cbf967c88ab833b77e5bc5d629bacecbd40a87c26__vs__2773adf157_0004c94ca2a8684d47449bb0e7abf87de1df71a7e6543252_redline_99b69bb632,soffice,corpus/tracking_without_comments/5ad6e6d44f-2773adf157-b14b9b/soffice.pdf,176572
tracking_without_comments__5ad6e6d44f_0199027cbf967c88ab833b77e5bc5d629bacecbd40a87c26__vs__2e04202552_000e3e7bd2d6215fc7b469cc3e296c1b2a510bc1abc7e0fd_redline_ba0ce6cf52,docxide,corpus/tracking_without_comments/5ad6e6d44f-2e04202552-1d808c/docxide.pdf,159765
tracking_without_comments__5ad6e6d44f_0199027cbf967c88ab833b77e5bc5d629bacecbd40a87c26__vs__2e04202552_000e3e7bd2d6215fc7b469cc3e296c1b2a510bc1abc7e0fd_redline_ba0ce6cf52,soffice,corpus/tracking_without_comments/5ad6e6d44f-2e04202552-1d808c/soffice.pdf,297952
tracking_without_comments__5ad6e6d44f_0199027cbf967c88ab833b77e5bc5d629bacecbd40a87c26__vs__a5f2b9318d_002aa60c2ae1187417b4b157c5ec6450324cc056ec551a12_redline_6515f78ba6,docxide,corpus/tracking_without_comments/5ad6e6d44f-a5f2b9318d-5a8663/docxide.pdf,71039
tracking_without_comments__5ad6e6d44f_0199027cbf967c88ab833b77e5bc5d629bacecbd40a87c26__vs__a5f2b9318d_002aa60c2ae1187417b4b157c5ec6450324cc056ec551a12_redline_6515f78ba6,soffice,corpus/tracking_without_comments/5ad6e6d44f-a5f2b9318d-5a8663/soffice.pdf,165876
tracking_without_comments__5ad6e6d44f_0199027cbf967c88ab833b77e5bc5d629bacecbd40a87c26__vs__deff0e697a_00b5defcad6e58038eac35472a2d48c89905068e5ece0cc3_redline_c3e476cddb,docxide,corpus/tracking_without_comments/5ad6e6d44f-deff0e697a-e84ec7/docxide.pdf,56102
tracking_without_comments__5ad6e6d44f_0199027cbf967c88ab833b77e5bc5d629bacecbd40a87c26__vs__deff0e697a_00b5defcad6e58038eac35472a2d48c89905068e5ece0cc3_redline_c3e476cddb,soffice,corpus/tracking_without_comments/5ad6e6d44f-deff0e697a-e84ec7/soffice.pdf,139693
tracking_without_comments__5cffc4ccab_center_bold_demo_id_paraid_overflow__vs__2b6b459ed7_clear_formatting_demo_id_paraid_overflow_redline_3416ae8421,docxide,corpus/tracking_without_comments/5cffc4ccab-2b6b459ed7-5c84b8/docxide.pdf,15766
tracking_without_comments__5cffc4ccab_center_bold_demo_id_paraid_overflow__vs__2b6b459ed7_clear_formatting_demo_id_paraid_overflow_redline_3416ae8421,soffice,corpus/tracking_without_comments/5cffc4ccab-2b6b459ed7-5c84b8/soffice.pdf,16033
tracking_without_comments__5d185fb0dd_006ab612b3ae2e0b1915746c660d9ea64842d89c434e0a09__vs__333bfe069a_003416d620331122b93b434dad901db5836f60d2cad4b533_redline_282a41181b,docxide,corpus/tracking_without_comments/5d185fb0dd-333bfe069a-fb1a00/docxide.pdf,42919
tracking_without_comments__5d185fb0dd_006ab612b3ae2e0b1915746c660d9ea64842d89c434e0a09__vs__333bfe069a_003416d620331122b93b434dad901db5836f60d2cad4b533_redline_282a41181b,soffice,corpus/tracking_without_comments/5d185fb0dd-333bfe069a-fb1a00/soffice.pdf,62548
tracking_without_comments__5d4fa143bc_bcb1157a541cb85d846ee3164a5b853be5525432221dfce5__vs__296017bb6c_e50f81744ccce7418f6ea7874637338d569d6f4e44b35eb1_redline_dcd3bc76c9,docxide,corpus/tracking_without_comments/5d4fa143bc-296017bb6c-84c591/docxide.pdf,83984
tracking_without_comments__5d4fa143bc_bcb1157a541cb85d846ee3164a5b853be5525432221dfce5__vs__296017bb6c_e50f81744ccce7418f6ea7874637338d569d6f4e44b35eb1_redline_dcd3bc76c9,soffice,corpus/tracking_without_comments/5d4fa143bc-296017bb6c-84c591/soffice.pdf,202409
tracking_without_comments__5e91be0083_edaa63e59fb2eccfbbe0371a940417a1e9eab2096cf9694a__vs__5d4f20ab0c_e2f20e966e869cb70660df4aa57f109759e3809e2640530c_redline_6f0fc0f2e9,docxide,corpus/tracking_without_comments/5e91be0083-5d4f20ab0c-16fe3c/docxide.pdf,111499
tracking_without_comments__5e91be0083_edaa63e59fb2eccfbbe0371a940417a1e9eab2096cf9694a__vs__5d4f20ab0c_e2f20e966e869cb70660df4aa57f109759e3809e2640530c_redline_6f0fc0f2e9,soffice,corpus/tracking_without_comments/5e91be0083-5d4f20ab0c-16fe3c/soffice.pdf,197111
tracking_without_comments__5f8559c5b8_project_tasks_suggesting_insertions,docxide,corpus/tracking_without_comments/5f8559c5b8/docxide.pdf,1152
tracking_without_comments__5f8559c5b8_project_tasks_suggesting_insertions,soffice,corpus/tracking_without_comments/5f8559c5b8/soffice.pdf,9138
tracking_without_comments__5fca0ac668_ooxml_style_link__vs__12809de7d6_word_tolerated_misplaced_pgsz_redline_b06fe8236d,docxide,corpus/tracking_without_comments/5fca0ac668-12809de7d6-0319a4/docxide.pdf,40578
tracking_without_comments__5fca0ac668_ooxml_style_link__vs__12809de7d6_word_tolerated_misplaced_pgsz_redline_b06fe8236d,soffice,corpus/tracking_without_comments/5fca0ac668-12809de7d6-0319a4/soffice.pdf,30046
tracking_without_comments__5fca0ac668_ooxml_style_link__vs__20bf978cd7_open_sans_bold_underline_id_paraid_overflow_redline_9b9267a9c6,docxide,corpus/tracking_without_comments/5fca0ac668-20bf978cd7-03f65c/docxide.pdf,35828
tracking_without_comments__5fca0ac668_ooxml_style_link__vs__20bf978cd7_open_sans_bold_underline_id_paraid_overflow_redline_9b9267a9c6,soffice,corpus/tracking_without_comments/5fca0ac668-20bf978cd7-03f65c/soffice.pdf,23128
tracking_without_comments__5fe95eef15_ef8fe9466d7bdfcbb305b135138e8fb395ceceb10148015b__vs__685c8e4972_c8760b450ac4721d3acc8948a7755ac5d14f55d62483a8d9_redline_9494f2e92a,docxide,corpus/tracking_without_comments/5fe95eef15-685c8e4972-af76ab/docxide.pdf,61687
tracking_without_comments__5fe95eef15_ef8fe9466d7bdfcbb305b135138e8fb395ceceb10148015b__vs__685c8e4972_c8760b450ac4721d3acc8948a7755ac5d14f55d62483a8d9_redline_9494f2e92a,soffice,corpus/tracking_without_comments/5fe95eef15-685c8e4972-af76ab/soffice.pdf,78729
tracking_without_comments__60173fbf12_file_172__vs__47af6b09d0_file_173_redline_199bc7e204,docxide,corpus/tracking_without_comments/60173fbf12-47af6b09d0-4b5456/docxide.pdf,16878
tracking_without_comments__60173fbf12_file_172__vs__47af6b09d0_file_173_redline_199bc7e204,soffice,corpus/tracking_without_comments/60173fbf12-47af6b09d0-4b5456/soffice.pdf,23828
tracking_without_comments__60640bbf85_meeting_minutes_suggesting_insertions,docxide,corpus/tracking_without_comments/60640bbf85/docxide.pdf,1013
tracking_without_comments__60640bbf85_meeting_minutes_suggesting_insertions,soffice,corpus/tracking_without_comments/60640bbf85/soffice.pdf,10214
tracking_without_comments__60b1d43132_eigenpal_docx_editor_suggesting_mixed_edits_2,docxide,corpus/tracking_without_comments/60b1d43132/docxide.pdf,35495
tracking_without_comments__60b1d43132_eigenpal_docx_editor_suggesting_mixed_edits_2,soffice,corpus/tracking_without_comments/60b1d43132/soffice.pdf,91401
tracking_without_comments__60dfd517a9_00f0e7f365a34acc5911a38c89776a4bdd2ba1685edcd0cc__vs__2773adf157_0004c94ca2a8684d47449bb0e7abf87de1df71a7e6543252_redline_5095f45581,docxide,corpus/tracking_without_comments/60dfd517a9-2773adf157-65a2b7/docxide.pdf,107695
tracking_without_comments__60dfd517a9_00f0e7f365a34acc5911a38c89776a4bdd2ba1685edcd0cc__vs__2773adf157_0004c94ca2a8684d47449bb0e7abf87de1df71a7e6543252_redline_5095f45581,soffice,corpus/tracking_without_comments/60dfd517a9-2773adf157-65a2b7/soffice.pdf,103434
tracking_without_comments__60dfd517a9_00f0e7f365a34acc5911a38c89776a4bdd2ba1685edcd0cc__vs__aa5340125d_00a4b0b91e9b5b072dc3771391c2d608518690eccf44eae8_redline_3f3f2b03b1,docxide,corpus/tracking_without_comments/60dfd517a9-aa5340125d-d32cc6/docxide.pdf,79219
tracking_without_comments__60dfd517a9_00f0e7f365a34acc5911a38c89776a4bdd2ba1685edcd0cc__vs__aa5340125d_00a4b0b91e9b5b072dc3771391c2d608518690eccf44eae8_redline_3f3f2b03b1,soffice,corpus/tracking_without_comments/60dfd517a9-aa5340125d-d32cc6/soffice.pdf,132236
tracking_without_comments__617c1284c9_00feb732c2ef2b643a132e4305e16833fd047b46ca44b65b__vs__333bfe069a_003416d620331122b93b434dad901db5836f60d2cad4b533_redline_4cb34c212d,docxide,corpus/tracking_without_comments/617c1284c9-333bfe069a-bf60e6/docxide.pdf,43016
tracking_without_comments__617c1284c9_00feb732c2ef2b643a132e4305e16833fd047b46ca44b65b__vs__333bfe069a_003416d620331122b93b434dad901db5836f60d2cad4b533_redline_4cb34c212d,soffice,corpus/tracking_without_comments/617c1284c9-333bfe069a-bf60e6/soffice.pdf,280219
tracking_without_comments__617c1284c9_00feb732c2ef2b643a132e4305e16833fd047b46ca44b65b__vs__a5f2b9318d_002aa60c2ae1187417b4b157c5ec6450324cc056ec551a12_redline_428fe8b1c0,docxide,corpus/tracking_without_comments/617c1284c9-a5f2b9318d-9c1945/docxide.pdf,125991
tracking_without_comments__617c1284c9_00feb732c2ef2b643a132e4305e16833fd047b46ca44b65b__vs__a5f2b9318d_002aa60c2ae1187417b4b157c5ec6450324cc056ec551a12_redline_428fe8b1c0,soffice,corpus/tracking_without_comments/617c1284c9-a5f2b9318d-9c1945/soffice.pdf,315125
tracking_without_comments__617c1284c9_00feb732c2ef2b643a132e4305e16833fd047b46ca44b65b__vs__bd3824dd1e_000ee64ef7226d353297888f59a251e24ce5d776fea000fa_redline_c7d135bac5,docxide,corpus/tracking_without_comments/617c1284c9-bd3824dd1e-ab2c3c/docxide.pdf,264418
tracking_without_comments__617c1284c9_00feb732c2ef2b643a132e4305e16833fd047b46ca44b65b__vs__bd3824dd1e_000ee64ef7226d353297888f59a251e24ce5d776fea000fa_redline_c7d135bac5,soffice,corpus/tracking_without_comments/617c1284c9-bd3824dd1e-ab2c3c/soffice.pdf,426847
tracking_without_comments__61bf578c91_file_112__vs__9149dccd33_file_113_redline_a8fd90ecd6,docxide,corpus/tracking_without_comments/61bf578c91-9149dccd33-76084b/docxide.pdf,29294
tracking_without_comments__61bf578c91_file_112__vs__9149dccd33_file_113_redline_a8fd90ecd6,soffice,corpus/tracking_without_comments/61bf578c91-9149dccd33-76084b/soffice.pdf,24132
tracking_without_comments__61e3967518_0011e415331e3b2d8031efcfcfecbb68df0f0b73b26350ce__vs__1424386e9b_017447de83753a0e3b7afc659df038ef56972925336c6a5b_redline_d110c99d97,docxide,corpus/tracking_without_comments/61e3967518-1424386e9b-87b7e6/docxide.pdf,83807
tracking_without_comments__61e3967518_0011e415331e3b2d8031efcfcfecbb68df0f0b73b26350ce__vs__1424386e9b_017447de83753a0e3b7afc659df038ef56972925336c6a5b_redline_d110c99d97,soffice,corpus/tracking_without_comments/61e3967518-1424386e9b-87b7e6/soffice.pdf,73597
tracking_without_comments__61e3967518_0011e415331e3b2d8031efcfcfecbb68df0f0b73b26350ce__vs__2773adf157_0004c94ca2a8684d47449bb0e7abf87de1df71a7e6543252_redline_cc4c55c6f1,docxide,corpus/tracking_without_comments/61e3967518-2773adf157-c097e2/docxide.pdf,108818
tracking_without_comments__61e3967518_0011e415331e3b2d8031efcfcfecbb68df0f0b73b26350ce__vs__2773adf157_0004c94ca2a8684d47449bb0e7abf87de1df71a7e6543252_redline_cc4c55c6f1,soffice,corpus/tracking_without_comments/61e3967518-2773adf157-c097e2/soffice.pdf,113986
tracking_without_comments__61e3967518_0011e415331e3b2d8031efcfcfecbb68df0f0b73b26350ce__vs__333bfe069a_003416d620331122b93b434dad901db5836f60d2cad4b533_redline_be1cdf6d38,docxide,corpus/tracking_without_comments/61e3967518-333bfe069a-28aacb/docxide.pdf,52967
tracking_without_comments__61e3967518_0011e415331e3b2d8031efcfcfecbb68df0f0b73b26350ce__vs__333bfe069a_003416d620331122b93b434dad901db5836f60d2cad4b533_redline_be1cdf6d38,soffice,corpus/tracking_without_comments/61e3967518-333bfe069a-28aacb/soffice.pdf,115297
tracking_without_comments__61e3967518_0011e415331e3b2d8031efcfcfecbb68df0f0b73b26350ce__vs__342f364d46_001342333d45627868f4dc5282abbba4598a91b4a7584b08_redline_22254771f0,docxide,corpus/tracking_without_comments/61e3967518-342f364d46-8488b8/docxide.pdf,84231
tracking_without_comments__61e3967518_0011e415331e3b2d8031efcfcfecbb68df0f0b73b26350ce__vs__342f364d46_001342333d45627868f4dc5282abbba4598a91b4a7584b08_redline_22254771f0,soffice,corpus/tracking_without_comments/61e3967518-342f364d46-8488b8/soffice.pdf,103448
tracking_without_comments__63f2ae8323_00d7e931786f09113a59daafeb4c51113fbd97f3f09d93c2__vs__deff0e697a_00b5defcad6e58038eac35472a2d48c89905068e5ece0cc3_redline_17ec0f1a38,docxide,corpus/tracking_without_comments/63f2ae8323-deff0e697a-964252/docxide.pdf,68310
tracking_without_comments__63f2ae8323_00d7e931786f09113a59daafeb4c51113fbd97f3f09d93c2__vs__deff0e697a_00b5defcad6e58038eac35472a2d48c89905068e5ece0cc3_redline_17ec0f1a38,soffice,corpus/tracking_without_comments/63f2ae8323-deff0e697a-964252/soffice.pdf,78389
tracking_without_comments__64486ef4bb_right_alignment_demo_id_paraid_overflow_2__vs__6df9364352_right_alignment_demo_id_paraid_overflow_redline_54a357b53a,docxide,corpus/tracking_without_comments/64486ef4bb-6df9364352-d0e63d/docxide.pdf,14742
tracking_without_comments__64486ef4bb_right_alignment_demo_id_paraid_overflow_2__vs__6df9364352_right_alignment_demo_id_paraid_overflow_redline_54a357b53a,soffice,corpus/tracking_without_comments/64486ef4bb-6df9364352-d0e63d/soffice.pdf,12693
tracking_without_comments__66295ae1b4_f97122253fa674a65fc7cdfc7912a42df48b17cb344279c2__vs__f435895080_f9a3b083d2ff2dd000f4daded647d16c9e0e8c466544c7ea_redline_357b04b245,docxide,corpus/tracking_without_comments/66295ae1b4-f435895080-00a3ed/docxide.pdf,34189
tracking_without_comments__66295ae1b4_f97122253fa674a65fc7cdfc7912a42df48b17cb344279c2__vs__f435895080_f9a3b083d2ff2dd000f4daded647d16c9e0e8c466544c7ea_redline_357b04b245,soffice,corpus/tracking_without_comments/66295ae1b4-f435895080-00a3ed/soffice.pdf,49974
tracking_without_comments__6683d1be44_table_bookmark_end__vs__9cef43609a_table_vmerge_colspan_redline_fdde57a985,docxide,corpus/tracking_without_comments/6683d1be44-9cef43609a-9596fa/docxide.pdf,21798
tracking_without_comments__6683d1be44_table_bookmark_end__vs__9cef43609a_table_vmerge_colspan_redline_fdde57a985,soffice,corpus/tracking_without_comments/6683d1be44-9cef43609a-9596fa/soffice.pdf,39033
tracking_without_comments__6867e05e76_00b0d42bbea3b9bac7bc95466cf416f6c89a8cda62bbf3d7__vs__333bfe069a_003416d620331122b93b434dad901db5836f60d2cad4b533_redline_e4caa53829,docxide,corpus/tracking_without_comments/6867e05e76-333bfe069a-68f6bf/docxide.pdf,49661
tracking_without_comments__6867e05e76_00b0d42bbea3b9bac7bc95466cf416f6c89a8cda62bbf3d7__vs__333bfe069a_003416d620331122b93b434dad901db5836f60d2cad4b533_redline_e4caa53829,soffice,corpus/tracking_without_comments/6867e05e76-333bfe069a-68f6bf/soffice.pdf,83056
tracking_without_comments__6867e05e76_00b0d42bbea3b9bac7bc95466cf416f6c89a8cda62bbf3d7__vs__a5f2b9318d_002aa60c2ae1187417b4b157c5ec6450324cc056ec551a12_redline_8487cca767,docxide,corpus/tracking_without_comments/6867e05e76-a5f2b9318d-cca6f7/docxide.pdf,126378
tracking_without_comments__6867e05e76_00b0d42bbea3b9bac7bc95466cf416f6c89a8cda62bbf3d7__vs__a5f2b9318d_002aa60c2ae1187417b4b157c5ec6450324cc056ec551a12_redline_8487cca767,soffice,corpus/tracking_without_comments/6867e05e76-a5f2b9318d-cca6f7/soffice.pdf,95823
tracking_without_comments__687da097e9_heading_2_center_demo_id_paraid_overflow__vs__3a9525749b_heading_2_style_demo_id_paraid_overflow_redline_1c5fe20c9c,docxide,corpus/tracking_without_comments/687da097e9-3a9525749b-460578/docxide.pdf,15049
tracking_without_comments__687da097e9_heading_2_center_demo_id_paraid_overflow__vs__3a9525749b_heading_2_style_demo_id_paraid_overflow_redline_1c5fe20c9c,soffice,corpus/tracking_without_comments/687da097e9-3a9525749b-460578/soffice.pdf,9920
tracking_without_comments__68fdec049c_docx_lots_of_comments__vs__921334044d_double_spacing_bold_demo_id_paraid_overflow_redline_b215cbb09e,docxide,corpus/tracking_without_comments/68fdec049c-921334044d-b8ff3a/docxide.pdf,43702
tracking_without_comments__68fdec049c_docx_lots_of_comments__vs__921334044d_double_spacing_bold_demo_id_paraid_overflow_redline_b215cbb09e,soffice,corpus/tracking_without_comments/68fdec049c-921334044d-b8ff3a/soffice.pdf,201026
tracking_without_comments__6a4d8ea70c_blue_italic_text_demo_id_paraid_overflow__vs__2efebc9bc3_blue_underline_combo_demo_id_paraid_overflow_redline_c5995bc106,docxide,corpus/tracking_without_comments/6a4d8ea70c-2efebc9bc3-902c78/docxide.pdf,16047
tracking_without_comments__6a4d8ea70c_blue_italic_text_demo_id_paraid_overflow__vs__2efebc9bc3_blue_underline_combo_demo_id_paraid_overflow_redline_c5995bc106,soffice,corpus/tracking_without_comments/6a4d8ea70c-2efebc9bc3-902c78/soffice.pdf,20315
tracking_without_comments__6a65e5219d_24_id_paraid_overflow__vs__491a257507_blue_bold_centered_demo_id_paraid_overflow_redline_4b296f85a3,docxide,corpus/tracking_without_comments/6a65e5219d-491a257507-6f0724/docxide.pdf,21868
tracking_without_comments__6a65e5219d_24_id_paraid_overflow__vs__491a257507_blue_bold_centered_demo_id_paraid_overflow_redline_4b296f85a3,soffice,corpus/tracking_without_comments/6a65e5219d-491a257507-6f0724/soffice.pdf,11712
tracking_without_comments__6a8a9e859c_e38f976d3258562dfa09cecb9a34e94403098d5b8a0cd338__vs__1c96e575f8_f907e44f658eab72c9fec3635a6a64fb051c7fb2142a0d03_redline_327c9f02a2,docxide,corpus/tracking_without_comments/6a8a9e859c-1c96e575f8-7ec04c/docxide.pdf,110138
tracking_without_comments__6a8a9e859c_e38f976d3258562dfa09cecb9a34e94403098d5b8a0cd338__vs__1c96e575f8_f907e44f658eab72c9fec3635a6a64fb051c7fb2142a0d03_redline_327c9f02a2,soffice,corpus/tracking_without_comments/6a8a9e859c-1c96e575f8-7ec04c/soffice.pdf,122883
tracking_without_comments__6a909493e9_insert_link_demo_id_paraid_overflow__vs__d5fabd0d7b_inventory_list_suggesting_deletions_redline_a6e2675c08,docxide,corpus/tracking_without_comments/6a909493e9-d5fabd0d7b-bcccd7/docxide.pdf,16343
tracking_without_comments__6a909493e9_insert_link_demo_id_paraid_overflow__vs__d5fabd0d7b_inventory_list_suggesting_deletions_redline_a6e2675c08,soffice,corpus/tracking_without_comments/6a909493e9-d5fabd0d7b-bcccd7/soffice.pdf,10418
tracking_without_comments__6afafe50fd_file_92__vs__b5e2c1faa0_file_93_redline_298961f036,docxide,corpus/tracking_without_comments/6afafe50fd-b5e2c1faa0-feb570/docxide.pdf,25951
tracking_without_comments__6afafe50fd_file_92__vs__b5e2c1faa0_file_93_redline_298961f036,soffice,corpus/tracking_without_comments/6afafe50fd-b5e2c1faa0-feb570/soffice.pdf,38890
tracking_without_comments__6b2515b2e1_c0be5f1c808dfc28139ea2d7bbf34d3bf7e15237a63f7474__vs__3fe23ce412_a5b49e91304cf881ab4b07cd810e62ed6f68ac9c0d529815_redline_0e9c762eba,docxide,corpus/tracking_without_comments/6b2515b2e1-3fe23ce412-be6d51/docxide.pdf,62204
tracking_without_comments__6b2515b2e1_c0be5f1c808dfc28139ea2d7bbf34d3bf7e15237a63f7474__vs__3fe23ce412_a5b49e91304cf881ab4b07cd810e62ed6f68ac9c0d529815_redline_0e9c762eba,soffice,corpus/tracking_without_comments/6b2515b2e1-3fe23ce412-be6d51/soffice.pdf,93533
tracking_without_comments__6c2c8f1b79_4746195c006945f534b2c9ac444f038d071c9f4009b49e4a__vs__9696c5a86b_849ee788c6d02e66e3d5d037056f33907af76c092dbb5494_redline_acafcbe293,docxide,corpus/tracking_without_comments/6c2c8f1b79-9696c5a86b-973403/docxide.pdf,60063
tracking_without_comments__6c2c8f1b79_4746195c006945f534b2c9ac444f038d071c9f4009b49e4a__vs__9696c5a86b_849ee788c6d02e66e3d5d037056f33907af76c092dbb5494_redline_acafcbe293,soffice,corpus/tracking_without_comments/6c2c8f1b79-9696c5a86b-973403/soffice.pdf,128433
tracking_without_comments__6d13563b2c_fd1392562a78d712e541310fcbd437bdc6f0deef9fbacf87,docxide,corpus/tracking_without_comments/6d13563b2c/docxide.pdf,560951
tracking_without_comments__6d13563b2c_fd1392562a78d712e541310fcbd437bdc6f0deef9fbacf87,soffice,corpus/tracking_without_comments/6d13563b2c/soffice.pdf,1126516
tracking_without_comments__6dff70fa73_005df9de4a11e9d5e0809079fe33b4783538a96e645d8b42__vs__2e04202552_000e3e7bd2d6215fc7b469cc3e296c1b2a510bc1abc7e0fd_redline_4a5ba8ba7d,docxide,corpus/tracking_without_comments/6dff70fa73-2e04202552-b1982f/docxide.pdf,148133
tracking_without_comments__6dff70fa73_005df9de4a11e9d5e0809079fe33b4783538a96e645d8b42__vs__2e04202552_000e3e7bd2d6215fc7b469cc3e296c1b2a510bc1abc7e0fd_redline_4a5ba8ba7d,soffice,corpus/tracking_without_comments/6dff70fa73-2e04202552-b1982f/soffice.pdf,226603
tracking_without_comments__6dff70fa73_005df9de4a11e9d5e0809079fe33b4783538a96e645d8b42__vs__333bfe069a_003416d620331122b93b434dad901db5836f60d2cad4b533_redline_358234e61c,docxide,corpus/tracking_without_comments/6dff70fa73-333bfe069a-0e39d2/docxide.pdf,43056
tracking_without_comments__6dff70fa73_005df9de4a11e9d5e0809079fe33b4783538a96e645d8b42__vs__333bfe069a_003416d620331122b93b434dad901db5836f60d2cad4b533_redline_358234e61c,soffice,corpus/tracking_without_comments/6dff70fa73-333bfe069a-0e39d2/soffice.pdf,60568
tracking_without_comments__6f5247c921_3b36fce13f95957b9d3be507c6685d5bda824f87d04f936b__vs__81c10a4c3e_33b323a3f997c3be5df0922ca1db1f48328e31d91f5b9514_redline_06e28e4cef,docxide,corpus/tracking_without_comments/6f5247c921-81c10a4c3e-ec69e7/docxide.pdf,102290
tracking_without_comments__6f5247c921_3b36fce13f95957b9d3be507c6685d5bda824f87d04f936b__vs__81c10a4c3e_33b323a3f997c3be5df0922ca1db1f48328e31d91f5b9514_redline_06e28e4cef,soffice,corpus/tracking_without_comments/6f5247c921-81c10a4c3e-ec69e7/soffice.pdf,95841
tracking_without_comments__70584b4a0e_file_189__vs__50d8be9682_file_190_redline_5ed87ed3c0,docxide,corpus/tracking_without_comments/70584b4a0e-50d8be9682-83d015/docxide.pdf,18437
tracking_without_comments__70584b4a0e_file_189__vs__50d8be9682_file_190_redline_5ed87ed3c0,soffice,corpus/tracking_without_comments/70584b4a0e-50d8be9682-83d015/soffice.pdf,17187
tracking_without_comments__725cdbebe3_0013892c946c551d309fcec9bb3f3500fc08bc77121a3849__vs__333bfe069a_003416d620331122b93b434dad901db5836f60d2cad4b533_redline_52ee8bfbc7,docxide,corpus/tracking_without_comments/725cdbebe3-333bfe069a-532de4/docxide.pdf,43378
tracking_without_comments__725cdbebe3_0013892c946c551d309fcec9bb3f3500fc08bc77121a3849__vs__333bfe069a_003416d620331122b93b434dad901db5836f60d2cad4b533_redline_52ee8bfbc7,soffice,corpus/tracking_without_comments/725cdbebe3-333bfe069a-532de4/soffice.pdf,79361
tracking_without_comments__725cdbebe3_0013892c946c551d309fcec9bb3f3500fc08bc77121a3849__vs__deff0e697a_00b5defcad6e58038eac35472a2d48c89905068e5ece0cc3_redline_baef53386e,docxide,corpus/tracking_without_comments/725cdbebe3-deff0e697a-75a005/docxide.pdf,66811
tracking_without_comments__725cdbebe3_0013892c946c551d309fcec9bb3f3500fc08bc77121a3849__vs__deff0e697a_00b5defcad6e58038eac35472a2d48c89905068e5ece0cc3_redline_baef53386e,soffice,corpus/tracking_without_comments/725cdbebe3-deff0e697a-75a005/soffice.pdf,76552
tracking_without_comments__73cbfcf155_8e429677b4f05a9584d0af353823c66c0f9b1c035c8e5205__vs__ab517eeffc_5ed314f75f24c6be808674e4db53ce5952aa02d8aca97ade_redline_b205e40ea1,docxide,corpus/tracking_without_comments/73cbfcf155-ab517eeffc-695c7a/docxide.pdf,56040
tracking_without_comments__73cbfcf155_8e429677b4f05a9584d0af353823c66c0f9b1c035c8e5205__vs__ab517eeffc_5ed314f75f24c6be808674e4db53ce5952aa02d8aca97ade_redline_b205e40ea1,soffice,corpus/tracking_without_comments/73cbfcf155-ab517eeffc-695c7a/soffice.pdf,68821
tracking_without_comments__746ad2b7f6_file_153__vs__b0dd9fa902_file_154_redline_51b93c163c,docxide,corpus/tracking_without_comments/746ad2b7f6-b0dd9fa902-f228a4/docxide.pdf,16483
tracking_without_comments__746ad2b7f6_file_153__vs__b0dd9fa902_file_154_redline_51b93c163c,soffice,corpus/tracking_without_comments/746ad2b7f6-b0dd9fa902-f228a4/soffice.pdf,11307
tracking_without_comments__74afe04686_000416d5ee481974205314977bda4d0b297b97cf56f55f5a__vs__a5f2b9318d_002aa60c2ae1187417b4b157c5ec6450324cc056ec551a12_redline_89a298695e,docxide,corpus/tracking_without_comments/74afe04686-a5f2b9318d-216887/docxide.pdf,126495
tracking_without_comments__74afe04686_000416d5ee481974205314977bda4d0b297b97cf56f55f5a__vs__a5f2b9318d_002aa60c2ae1187417b4b157c5ec6450324cc056ec551a12_redline_89a298695e,soffice,corpus/tracking_without_comments/74afe04686-a5f2b9318d-216887/soffice.pdf,110676
tracking_without_comments__74afe04686_000416d5ee481974205314977bda4d0b297b97cf56f55f5a__vs__aa5340125d_00a4b0b91e9b5b072dc3771391c2d608518690eccf44eae8_redline_c0ccf8398d,docxide,corpus/tracking_without_comments/74afe04686-aa5340125d-3752a6/docxide.pdf,76234
tracking_without_comments__74afe04686_000416d5ee481974205314977bda4d0b297b97cf56f55f5a__vs__aa5340125d_00a4b0b91e9b5b072dc3771391c2d608518690eccf44eae8_redline_c0ccf8398d,soffice,corpus/tracking_without_comments/74afe04686-aa5340125d-3752a6/soffice.pdf,121486
tracking_without_comments__74afe04686_000416d5ee481974205314977bda4d0b297b97cf56f55f5a__vs__deff0e697a_00b5defcad6e58038eac35472a2d48c89905068e5ece0cc3_redline_838cab60dc,docxide,corpus/tracking_without_comments/74afe04686-deff0e697a-87d0cd/docxide.pdf,66431
tracking_without_comments__74afe04686_000416d5ee481974205314977bda4d0b297b97cf56f55f5a__vs__deff0e697a_00b5defcad6e58038eac35472a2d48c89905068e5ece0cc3_redline_838cab60dc,soffice,corpus/tracking_without_comments/74afe04686-deff0e697a-87d0cd/soffice.pdf,73887
tracking_without_comments__758ade931c_file_25__vs__3aa967944f_file_26_redline_6801d5a297,docxide,corpus/tracking_without_comments/758ade931c-3aa967944f-bd96ef/docxide.pdf,23499
tracking_without_comments__758ade931c_file_25__vs__3aa967944f_file_26_redline_6801d5a297,soffice,corpus/tracking_without_comments/758ade931c-3aa967944f-bd96ef/soffice.pdf,19672
tracking_without_comments__762b93bdb0_0107d2107b381c077b42490f7ff21e861a60c27ba32886ca__vs__2773adf157_0004c94ca2a8684d47449bb0e7abf87de1df71a7e6543252_redline_1c8343b903,docxide,corpus/tracking_without_comments/762b93bdb0-2773adf157-e37535/docxide.pdf,106786
tracking_without_comments__762b93bdb0_0107d2107b381c077b42490f7ff21e861a60c27ba32886ca__vs__2773adf157_0004c94ca2a8684d47449bb0e7abf87de1df71a7e6543252_redline_1c8343b903,soffice,corpus/tracking_without_comments/762b93bdb0-2773adf157-e37535/soffice.pdf,90635
tracking_without_comments__762b93bdb0_0107d2107b381c077b42490f7ff21e861a60c27ba32886ca__vs__333bfe069a_003416d620331122b93b434dad901db5836f60d2cad4b533_redline_f7837e0e51,docxide,corpus/tracking_without_comments/762b93bdb0-333bfe069a-19a70a/docxide.pdf,49698
tracking_without_comments__762b93bdb0_0107d2107b381c077b42490f7ff21e861a60c27ba32886ca__vs__333bfe069a_003416d620331122b93b434dad901db5836f60d2cad4b533_redline_f7837e0e51,soffice,corpus/tracking_without_comments/762b93bdb0-333bfe069a-19a70a/soffice.pdf,83337
tracking_without_comments__762b93bdb0_0107d2107b381c077b42490f7ff21e861a60c27ba32886ca__vs__bd3824dd1e_000ee64ef7226d353297888f59a251e24ce5d776fea000fa_redline_1a0528ada4,docxide,corpus/tracking_without_comments/762b93bdb0-bd3824dd1e-c0fedf/docxide.pdf,264905
tracking_without_comments__762b93bdb0_0107d2107b381c077b42490f7ff21e861a60c27ba32886ca__vs__bd3824dd1e_000ee64ef7226d353297888f59a251e24ce5d776fea000fa_redline_1a0528ada4,soffice,corpus/tracking_without_comments/762b93bdb0-bd3824dd1e-c0fedf/soffice.pdf,229964
tracking_without_comments__762b93bdb0_0107d2107b381c077b42490f7ff21e861a60c27ba32886ca__vs__deff0e697a_00b5defcad6e58038eac35472a2d48c89905068e5ece0cc3_redline_b42b3ae070,docxide,corpus/tracking_without_comments/762b93bdb0-deff0e697a-faa01b/docxide.pdf,67000
tracking_without_comments__762b93bdb0_0107d2107b381c077b42490f7ff21e861a60c27ba32886ca__vs__deff0e697a_00b5defcad6e58038eac35472a2d48c89905068e5ece0cc3_redline_b42b3ae070,soffice,corpus/tracking_without_comments/762b93bdb0-deff0e697a-faa01b/soffice.pdf,70063
tracking_without_comments__76a40d9ffd_000e618d79bf03ff1783da81e6c34b7ad651896dd56e75a4__vs__a5f2b9318d_002aa60c2ae1187417b4b157c5ec6450324cc056ec551a12_redline_9c27cc7cb6,docxide,corpus/tracking_without_comments/76a40d9ffd-a5f2b9318d-b7ea50/docxide.pdf,126509
tracking_without_comments__76a40d9ffd_000e618d79bf03ff1783da81e6c34b7ad651896dd56e75a4__vs__a5f2b9318d_002aa60c2ae1187417b4b157c5ec6450324cc056ec551a12_redline_9c27cc7cb6,soffice,corpus/tracking_without_comments/76a40d9ffd-a5f2b9318d-b7ea50/soffice.pdf,116533
tracking_without_comments__77b9e6ba80_project_proposal_suggesting_insertions__vs__09c4b04252_project_tasks_suggesting_insertions_2_redline_0188af32a4,docxide,corpus/tracking_without_comments/77b9e6ba80-09c4b04252-d74dfe/docxide.pdf,18838
tracking_without_comments__77b9e6ba80_project_proposal_suggesting_insertions__vs__09c4b04252_project_tasks_suggesting_insertions_2_redline_0188af32a4,soffice,corpus/tracking_without_comments/77b9e6ba80-09c4b04252-d74dfe/soffice.pdf,10837
tracking_without_comments__79702d7c2a_yellow_highlight_demo_id_paraid_overflow__vs__f8ef38d5dd_yellow_highlight_italic_demo_style_default_missi_redline_4999aabb52,docxide,corpus/tracking_without_comments/79702d7c2a-f8ef38d5dd-778f24/docxide.pdf,13522
tracking_without_comments__79702d7c2a_yellow_highlight_demo_id_paraid_overflow__vs__f8ef38d5dd_yellow_highlight_italic_demo_style_default_missi_redline_4999aabb52,soffice,corpus/tracking_without_comments/79702d7c2a-f8ef38d5dd-778f24/soffice.pdf,21343
tracking_without_comments__7b7b4b8f51_f3047fa17908fddacbfe1810d977d3a84e3b42e340f787b0__vs__efd194c0ab_fbc0fb2f5b1ef8f625da65770507dd98bf116d7a3ed07704_redline_3661b66884,docxide,corpus/tracking_without_comments/7b7b4b8f51-efd194c0ab-6f6c9c/docxide.pdf,112987
tracking_without_comments__7b7b4b8f51_f3047fa17908fddacbfe1810d977d3a84e3b42e340f787b0__vs__efd194c0ab_fbc0fb2f5b1ef8f625da65770507dd98bf116d7a3ed07704_redline_3661b66884,soffice,corpus/tracking_without_comments/7b7b4b8f51-efd194c0ab-6f6c9c/soffice.pdf,115627
tracking_without_comments__7cab5fbdbe_book_catalog_table__vs__6446faad0e_budget_report_q1_2026_suggesting_insertions_redline_9ba4666f4b,docxide,corpus/tracking_without_comments/7cab5fbdbe-6446faad0e-2b5c7b/docxide.pdf,21832
tracking_without_comments__7cab5fbdbe_book_catalog_table__vs__6446faad0e_budget_report_q1_2026_suggesting_insertions_redline_9ba4666f4b,soffice,corpus/tracking_without_comments/7cab5fbdbe-6446faad0e-2b5c7b/soffice.pdf,18204
tracking_without_comments__7d89bf44b4_single_paragraph__vs__e355cec096_small_font_size_demo_id_paraid_overflow_redline_454084a8c3,docxide,corpus/tracking_without_comments/7d89bf44b4-e355cec096-d8e565/docxide.pdf,15582
tracking_without_comments__7d89bf44b4_single_paragraph__vs__e355cec096_small_font_size_demo_id_paraid_overflow_redline_454084a8c3,soffice,corpus/tracking_without_comments/7d89bf44b4-e355cec096-d8e565/soffice.pdf,13243
tracking_without_comments__7d92b42353_file_147__vs__7d8bccf684_file_148_redline_2dca8cfd34,docxide,corpus/tracking_without_comments/7d92b42353-7d8bccf684-eabc59/docxide.pdf,16507
tracking_without_comments__7d92b42353_file_147__vs__7d8bccf684_file_148_redline_2dca8cfd34,soffice,corpus/tracking_without_comments/7d92b42353-7d8bccf684-eabc59/soffice.pdf,16962
tracking_without_comments__7dfa52fb98_alternate_content__vs__989d39fe65_anchor_images_redline_9c7c3c5be2,docxide,corpus/tracking_without_comments/7dfa52fb98-989d39fe65-caf552/docxide.pdf,40137
tracking_without_comments__7dfa52fb98_alternate_content__vs__989d39fe65_anchor_images_redline_9c7c3c5be2,soffice,corpus/tracking_without_comments/7dfa52fb98-989d39fe65-caf552/soffice.pdf,43350
tracking_without_comments__7f37d78481_18f71536ddf978252ed48b459630b9fe2e7cb17f45595202__vs__4133a501bd_7c2138ea3fc214d17edba377ec48bfca16ae292fce36e3db_redline_920a09cccc,docxide,corpus/tracking_without_comments/7f37d78481-4133a501bd-2c8495/docxide.pdf,35176
tracking_without_comments__7f37d78481_18f71536ddf978252ed48b459630b9fe2e7cb17f45595202__vs__4133a501bd_7c2138ea3fc214d17edba377ec48bfca16ae292fce36e3db_redline_920a09cccc,soffice,corpus/tracking_without_comments/7f37d78481-4133a501bd-2c8495/soffice.pdf,69535
tracking_without_comments__80aa142151_file_8__vs__7a0bdaf60f_file_9_redline_4618d6926f,docxide,corpus/tracking_without_comments/80aa142151-7a0bdaf60f-c62a25/docxide.pdf,191655
tracking_without_comments__80aa142151_file_8__vs__7a0bdaf60f_file_9_redline_4618d6926f,soffice,corpus/tracking_without_comments/80aa142151-7a0bdaf60f-c62a25/soffice.pdf,211661
tracking_without_comments__81f7cad226_009fa3f6b717df4d0e9371d67f305110d5096bc9178134b0__vs__2773adf157_0004c94ca2a8684d47449bb0e7abf87de1df71a7e6543252_redline_18ffd56fc4,docxide,corpus/tracking_without_comments/81f7cad226-2773adf157-d5400e/docxide.pdf,123563
tracking_without_comments__81f7cad226_009fa3f6b717df4d0e9371d67f305110d5096bc9178134b0__vs__2773adf157_0004c94ca2a8684d47449bb0e7abf87de1df71a7e6543252_redline_18ffd56fc4,soffice,corpus/tracking_without_comments/81f7cad226-2773adf157-d5400e/soffice.pdf,159590
tracking_without_comments__81f7cad226_009fa3f6b717df4d0e9371d67f305110d5096bc9178134b0__vs__333bfe069a_003416d620331122b93b434dad901db5836f60d2cad4b533_redline_0dadb2386e,docxide,corpus/tracking_without_comments/81f7cad226-333bfe069a-247808/docxide.pdf,57365
tracking_without_comments__81f7cad226_009fa3f6b717df4d0e9371d67f305110d5096bc9178134b0__vs__333bfe069a_003416d620331122b93b434dad901db5836f60d2cad4b533_redline_0dadb2386e,soffice,corpus/tracking_without_comments/81f7cad226-333bfe069a-247808/soffice.pdf,141475
tracking_without_comments__81f7cad226_009fa3f6b717df4d0e9371d67f305110d5096bc9178134b0__vs__a5f2b9318d_002aa60c2ae1187417b4b157c5ec6450324cc056ec551a12_redline_215790de70,docxide,corpus/tracking_without_comments/81f7cad226-a5f2b9318d-704aca/docxide.pdf,143611
tracking_without_comments__81f7cad226_009fa3f6b717df4d0e9371d67f305110d5096bc9178134b0__vs__a5f2b9318d_002aa60c2ae1187417b4b157c5ec6450324cc056ec551a12_redline_215790de70,soffice,corpus/tracking_without_comments/81f7cad226-a5f2b9318d-704aca/soffice.pdf,167294
tracking_without_comments__824e211e7e_customer_satisfaction_survey_q4_suggesting_inser__vs__d2f322d733_document_100_ultimate_demo_id_paraid_overflow_redline_8a1d3ff00e,docxide,corpus/tracking_without_comments/824e211e7e-d2f322d733-2bdb5f/docxide.pdf,23101
tracking_without_comments__824e211e7e_customer_satisfaction_survey_q4_suggesting_inser__vs__d2f322d733_document_100_ultimate_demo_id_paraid_overflow_redline_8a1d3ff00e,soffice,corpus/tracking_without_comments/824e211e7e-d2f322d733-2bdb5f/soffice.pdf,25748
tracking_without_comments__82928b2e05_heading_4_style_demo_id_paraid_overflow__vs__5396ca3671_helvetica_font_demo_style_default_missing_redline_a5322e6961,docxide,corpus/tracking_without_comments/82928b2e05-5396ca3671-66febe/docxide.pdf,27990
tracking_without_comments__82928b2e05_heading_4_style_demo_id_paraid_overflow__vs__5396ca3671_helvetica_font_demo_style_default_missing_redline_a5322e6961,soffice,corpus/tracking_without_comments/82928b2e05-5396ca3671-66febe/soffice.pdf,20142
tracking_without_comments__83799a0610_00bced7d0ce7770362c5b667b5e92abefcbfcf5315a2bbf6__vs__aa5340125d_00a4b0b91e9b5b072dc3771391c2d608518690eccf44eae8_redline_2a5c1ad2ad,docxide,corpus/tracking_without_comments/83799a0610-aa5340125d-507483/docxide.pdf,77501
tracking_without_comments__83799a0610_00bced7d0ce7770362c5b667b5e92abefcbfcf5315a2bbf6__vs__aa5340125d_00a4b0b91e9b5b072dc3771391c2d608518690eccf44eae8_redline_2a5c1ad2ad,soffice,corpus/tracking_without_comments/83799a0610-aa5340125d-507483/soffice.pdf,113001
tracking_without_comments__83799a0610_00bced7d0ce7770362c5b667b5e92abefcbfcf5315a2bbf6__vs__bd3824dd1e_000ee64ef7226d353297888f59a251e24ce5d776fea000fa_redline_09b6cdca0b,docxide,corpus/tracking_without_comments/83799a0610-bd3824dd1e-fcfd52/docxide.pdf,264317
tracking_without_comments__83799a0610_00bced7d0ce7770362c5b667b5e92abefcbfcf5315a2bbf6__vs__bd3824dd1e_000ee64ef7226d353297888f59a251e24ce5d776fea000fa_redline_09b6cdca0b,soffice,corpus/tracking_without_comments/83799a0610-bd3824dd1e-fcfd52/soffice.pdf,244098
tracking_without_comments__840f6a63da_file_4__vs__f141395e21_file_5_redline_56b5a067ab,docxide,corpus/tracking_without_comments/840f6a63da-f141395e21-4abb1e/docxide.pdf,16466
tracking_without_comments__840f6a63da_file_4__vs__f141395e21_file_5_redline_56b5a067ab,soffice,corpus/tracking_without_comments/840f6a63da-f141395e21-4abb1e/soffice.pdf,17135
tracking_without_comments__8545b37ca3_open_sans_font_demo_id_paraid_overflow__vs__0dc1cffa18_multi_section_redline_6a6843005a,docxide,corpus/tracking_without_comments/8545b37ca3-0dc1cffa18-10ae58/docxide.pdf,60956
tracking_without_comments__8545b37ca3_open_sans_font_demo_id_paraid_overflow__vs__0dc1cffa18_multi_section_redline_6a6843005a,soffice,corpus/tracking_without_comments/8545b37ca3-0dc1cffa18-10ae58/soffice.pdf,35165
tracking_without_comments__88e7b62a09_file_11__vs__a67044c7bd_file_12_redline_f123c56b64,docxide,corpus/tracking_without_comments/88e7b62a09-a67044c7bd-bb5041/docxide.pdf,15463
tracking_without_comments__88e7b62a09_file_11__vs__a67044c7bd_file_12_redline_f123c56b64,soffice,corpus/tracking_without_comments/88e7b62a09-a67044c7bd-bb5041/soffice.pdf,17698
tracking_without_comments__899ef4306e_0017891576e438292c35db3155e97d16ec0d68144e21bfc3__vs__342f364d46_001342333d45627868f4dc5282abbba4598a91b4a7584b08_redline_46cc39a0bf,docxide,corpus/tracking_without_comments/899ef4306e-342f364d46-836893/docxide.pdf,77065
tracking_without_comments__899ef4306e_0017891576e438292c35db3155e97d16ec0d68144e21bfc3__vs__342f364d46_001342333d45627868f4dc5282abbba4598a91b4a7584b08_redline_46cc39a0bf,soffice,corpus/tracking_without_comments/899ef4306e-342f364d46-836893/soffice.pdf,73209
tracking_without_comments__899ef4306e_0017891576e438292c35db3155e97d16ec0d68144e21bfc3__vs__a5f2b9318d_002aa60c2ae1187417b4b157c5ec6450324cc056ec551a12_redline_a06288e6ff,docxide,corpus/tracking_without_comments/899ef4306e-a5f2b9318d-83cd8b/docxide.pdf,129261
tracking_without_comments__899ef4306e_0017891576e438292c35db3155e97d16ec0d68144e21bfc3__vs__a5f2b9318d_002aa60c2ae1187417b4b157c5ec6450324cc056ec551a12_redline_a06288e6ff,soffice,corpus/tracking_without_comments/899ef4306e-a5f2b9318d-83cd8b/soffice.pdf,120302
tracking_without_comments__89f9e4fb28_530a47c076f17900c3b1ccc8e884fefd877238cbc34e8bba__vs__0d5d69bd60_531be5ad70c7cff16d6ae2d770b0af37e1b0460f6dc54c18_redline_160338d848,docxide,corpus/tracking_without_comments/89f9e4fb28-0d5d69bd60-f99da7/docxide.pdf,114111
tracking_without_comments__89f9e4fb28_530a47c076f17900c3b1ccc8e884fefd877238cbc34e8bba__vs__0d5d69bd60_531be5ad70c7cff16d6ae2d770b0af37e1b0460f6dc54c18_redline_160338d848,soffice,corpus/tracking_without_comments/89f9e4fb28-0d5d69bd60-f99da7/soffice.pdf,55533
tracking_without_comments__8a7f242026_center_bold_demo_id_paraid_overflow__vs__3e43d24c46_clear_formatting_demo_id_paraid_overflow_redline_e5c6ee8155,docxide,corpus/tracking_without_comments/8a7f242026-3e43d24c46-271de2/docxide.pdf,15755
tracking_without_comments__8a7f242026_center_bold_demo_id_paraid_overflow__vs__3e43d24c46_clear_formatting_demo_id_paraid_overflow_redline_e5c6ee8155,soffice,corpus/tracking_without_comments/8a7f242026-3e43d24c46-271de2/soffice.pdf,16033
tracking_without_comments__8c730b5c80_heading_4_right_italic_id_paraid_overflow__vs__00da16e738_heading_4_style_demo_id_paraid_overflow_2_redline_e14b118e9f,docxide,corpus/tracking_without_comments/8c730b5c80-00da16e738-9435dd/docxide.pdf,15284
tracking_without_comments__8c730b5c80_heading_4_right_italic_id_paraid_overflow__vs__00da16e738_heading_4_style_demo_id_paraid_overflow_2_redline_e14b118e9f,soffice,corpus/tracking_without_comments/8c730b5c80-00da16e738-9435dd/soffice.pdf,17278
tracking_without_comments__8cd372b814_0193e5015be906eb45df5f7b3ceb682c7ff53cb52f15a0bf__vs__2e04202552_000e3e7bd2d6215fc7b469cc3e296c1b2a510bc1abc7e0fd_redline_58cea5fd68,docxide,corpus/tracking_without_comments/8cd372b814-2e04202552-9f97a6/docxide.pdf,155977
tracking_without_comments__8cd372b814_0193e5015be906eb45df5f7b3ceb682c7ff53cb52f15a0bf__vs__2e04202552_000e3e7bd2d6215fc7b469cc3e296c1b2a510bc1abc7e0fd_redline_58cea5fd68,soffice,corpus/tracking_without_comments/8cd372b814-2e04202552-9f97a6/soffice.pdf,272406
tracking_without_comments__8cd372b814_0193e5015be906eb45df5f7b3ceb682c7ff53cb52f15a0bf__vs__342f364d46_001342333d45627868f4dc5282abbba4598a91b4a7584b08_redline_eb2d185bc5,docxide,corpus/tracking_without_comments/8cd372b814-342f364d46-d04467/docxide.pdf,81804
tracking_without_comments__8cd372b814_0193e5015be906eb45df5f7b3ceb682c7ff53cb52f15a0bf__vs__342f364d46_001342333d45627868f4dc5282abbba4598a91b4a7584b08_redline_eb2d185bc5,soffice,corpus/tracking_without_comments/8cd372b814-342f364d46-d04467/soffice.pdf,104229
tracking_without_comments__8cd372b814_0193e5015be906eb45df5f7b3ceb682c7ff53cb52f15a0bf__vs__a5f2b9318d_002aa60c2ae1187417b4b157c5ec6450324cc056ec551a12_redline_86dd7a85be,docxide,corpus/tracking_without_comments/8cd372b814-a5f2b9318d-b0c302/docxide.pdf,126483
tracking_without_comments__8cd372b814_0193e5015be906eb45df5f7b3ceb682c7ff53cb52f15a0bf__vs__a5f2b9318d_002aa60c2ae1187417b4b157c5ec6450324cc056ec551a12_redline_86dd7a85be,soffice,corpus/tracking_without_comments/8cd372b814-a5f2b9318d-b0c302/soffice.pdf,124261
tracking_without_comments__8ded82ffec_file_132__vs__433cdffcb3_file_133_redline_1bdf2f6771,docxide,corpus/tracking_without_comments/8ded82ffec-433cdffcb3-227777/docxide.pdf,19357
tracking_without_comments__8ded82ffec_file_132__vs__433cdffcb3_file_133_redline_1bdf2f6771,soffice,corpus/tracking_without_comments/8ded82ffec-433cdffcb3-227777/soffice.pdf,17237
tracking_without_comments__8df6dfa8d7_alternate_content__vs__accec0538a_anchor_images_redline_cee35a2633,docxide,corpus/tracking_without_comments/8df6dfa8d7-accec0538a-aeaf96/docxide.pdf,40118
tracking_without_comments__8df6dfa8d7_alternate_content__vs__accec0538a_anchor_images_redline_cee35a2633,soffice,corpus/tracking_without_comments/8df6dfa8d7-accec0538a-aeaf96/soffice.pdf,43350
tracking_without_comments__8e362f619c_001a1c8e7a7ce5a802479fb58bf4affd239449ecb33b64ec__vs__aa5340125d_00a4b0b91e9b5b072dc3771391c2d608518690eccf44eae8_redline_3f873a5063,docxide,corpus/tracking_without_comments/8e362f619c-aa5340125d-85cb01/docxide.pdf,93924
tracking_without_comments__8e362f619c_001a1c8e7a7ce5a802479fb58bf4affd239449ecb33b64ec__vs__aa5340125d_00a4b0b91e9b5b072dc3771391c2d608518690eccf44eae8_redline_3f873a5063,soffice,corpus/tracking_without_comments/8e362f619c-aa5340125d-85cb01/soffice.pdf,178966
tracking_without_comments__8e362f619c_001a1c8e7a7ce5a802479fb58bf4affd239449ecb33b64ec__vs__deff0e697a_00b5defcad6e58038eac35472a2d48c89905068e5ece0cc3_redline_a52462ea98,docxide,corpus/tracking_without_comments/8e362f619c-deff0e697a-ba7671/docxide.pdf,90023
tracking_without_comments__8e362f619c_001a1c8e7a7ce5a802479fb58bf4affd239449ecb33b64ec__vs__deff0e697a_00b5defcad6e58038eac35472a2d48c89905068e5ece0cc3_redline_a52462ea98,soffice,corpus/tracking_without_comments/8e362f619c-deff0e697a-ba7671/soffice.pdf,105347
tracking_without_comments__8eff3a4440_track_changes_editing_bullet_id_paraid_overflow__vs__9afcac2667_track_changes_editing_strikethrough_id_paraid_ov_redline_a4920bc6af,docxide,corpus/tracking_without_comments/8eff3a4440-9afcac2667-b0397b/docxide.pdf,16872
tracking_without_comments__8eff3a4440_track_changes_editing_bullet_id_paraid_overflow__vs__9afcac2667_track_changes_editing_strikethrough_id_paraid_ov_redline_a4920bc6af,soffice,corpus/tracking_without_comments/8eff3a4440-9afcac2667-b0397b/soffice.pdf,16437
tracking_without_comments__9082a99ee8_file_164__vs__66b0a9112c_file_165_redline_5ffff64469,docxide,corpus/tracking_without_comments/9082a99ee8-66b0a9112c-ba325a/docxide.pdf,10353
tracking_without_comments__9082a99ee8_file_164__vs__66b0a9112c_file_165_redline_5ffff64469,soffice,corpus/tracking_without_comments/9082a99ee8-66b0a9112c-ba325a/soffice.pdf,23271
tracking_without_comments__90e2c33814_meeting_agenda_table_2__vs__e0c027b1ca_meeting_agenda_table_redline_d28d9f053a,docxide,corpus/tracking_without_comments/90e2c33814-e0c027b1ca-1853be/docxide.pdf,18190
tracking_without_comments__90e2c33814_meeting_agenda_table_2__vs__e0c027b1ca_meeting_agenda_table_redline_d28d9f053a,soffice,corpus/tracking_without_comments/90e2c33814-e0c027b1ca-1853be/soffice.pdf,9743
tracking_without_comments__9149dccd33_file_113__vs__eeec3949fe_file_114_redline_4ed68831f1,docxide,corpus/tracking_without_comments/9149dccd33-eeec3949fe-14136b/docxide.pdf,14148
tracking_without_comments__9149dccd33_file_113__vs__eeec3949fe_file_114_redline_4ed68831f1,soffice,corpus/tracking_without_comments/9149dccd33-eeec3949fe-14136b/soffice.pdf,23616
tracking_without_comments__9224b22b43_file_1__vs__c9154561dc_file_2_redline_1b27e9960e,docxide,corpus/tracking_without_comments/9224b22b43-c9154561dc-dcd0fd/docxide.pdf,73073
tracking_without_comments__9224b22b43_file_1__vs__c9154561dc_file_2_redline_1b27e9960e,soffice,corpus/tracking_without_comments/9224b22b43-c9154561dc-dcd0fd/soffice.pdf,42321
tracking_without_comments__9338d8c9d9_file_15__vs__df9ffe9a8c_file_16_redline_8f874f5725,docxide,corpus/tracking_without_comments/9338d8c9d9-df9ffe9a8c-6afe8b/docxide.pdf,191333
tracking_without_comments__9338d8c9d9_file_15__vs__df9ffe9a8c_file_16_redline_8f874f5725,soffice,corpus/tracking_without_comments/9338d8c9d9-df9ffe9a8c-6afe8b/soffice.pdf,224843
tracking_without_comments__93e2be10e6_font_size_18_demo_style_default_missing__vs__c20e9b2d21_font_size_24_demo_id_paraid_overflow_redline_81b3772ff5,docxide,corpus/tracking_without_comments/93e2be10e6-c20e9b2d21-b6273d/docxide.pdf,16623
tracking_without_comments__93e2be10e6_font_size_18_demo_style_default_missing__vs__c20e9b2d21_font_size_24_demo_id_paraid_overflow_redline_81b3772ff5,soffice,corpus/tracking_without_comments/93e2be10e6-c20e9b2d21-b6273d/soffice.pdf,9620
tracking_without_comments__9402f06dc1_file_190__vs__4bac537e7b_file_191_redline_6ed0c9374c,docxide,corpus/tracking_without_comments/9402f06dc1-4bac537e7b-7fdd0d/docxide.pdf,14049
tracking_without_comments__9402f06dc1_file_190__vs__4bac537e7b_file_191_redline_6ed0c9374c,soffice,corpus/tracking_without_comments/9402f06dc1-4bac537e7b-7fdd0d/soffice.pdf,19704
tracking_without_comments__95c855b9a0_001671bbb68c5b9ebebebfc8be69252ccc195babb3129278__vs__2e04202552_000e3e7bd2d6215fc7b469cc3e296c1b2a510bc1abc7e0fd_redline_c56e84eaea,docxide,corpus/tracking_without_comments/95c855b9a0-2e04202552-7768ed/docxide.pdf,155514
tracking_without_comments__95c855b9a0_001671bbb68c5b9ebebebfc8be69252ccc195babb3129278__vs__2e04202552_000e3e7bd2d6215fc7b469cc3e296c1b2a510bc1abc7e0fd_redline_c56e84eaea,soffice,corpus/tracking_without_comments/95c855b9a0-2e04202552-7768ed/soffice.pdf,236546
tracking_without_comments__95c855b9a0_001671bbb68c5b9ebebebfc8be69252ccc195babb3129278__vs__333bfe069a_003416d620331122b93b434dad901db5836f60d2cad4b533_redline_70375949bd,docxide,corpus/tracking_without_comments/95c855b9a0-333bfe069a-fdd844/docxide.pdf,50471
tracking_without_comments__95c855b9a0_001671bbb68c5b9ebebebfc8be69252ccc195babb3129278__vs__333bfe069a_003416d620331122b93b434dad901db5836f60d2cad4b533_redline_70375949bd,soffice,corpus/tracking_without_comments/95c855b9a0-333bfe069a-fdd844/soffice.pdf,59856
tracking_without_comments__97de1cf4d2_74346fbef2851d215fc728038a1d003c14f8718b438cdb0c__vs__0c9090c2ef_9454b46a4a7f538b4c9af0b3248bf82241780e52dbacc33e_redline_3e31f3c8b9,docxide,corpus/tracking_without_comments/97de1cf4d2-0c9090c2ef-b32077/docxide.pdf,106641
tracking_without_comments__97de1cf4d2_74346fbef2851d215fc728038a1d003c14f8718b438cdb0c__vs__0c9090c2ef_9454b46a4a7f538b4c9af0b3248bf82241780e52dbacc33e_redline_3e31f3c8b9,soffice,corpus/tracking_without_comments/97de1cf4d2-0c9090c2ef-b32077/soffice.pdf,106725
tracking_without_comments__98c8b73841_0041d3944715c2fffc5929695f968e5f399e85b139fba063__vs__2773adf157_0004c94ca2a8684d47449bb0e7abf87de1df71a7e6543252_redline_8194fae646,docxide,corpus/tracking_without_comments/98c8b73841-2773adf157-88af10/docxide.pdf,119947
tracking_without_comments__98c8b73841_0041d3944715c2fffc5929695f968e5f399e85b139fba063__vs__2773adf157_0004c94ca2a8684d47449bb0e7abf87de1df71a7e6543252_redline_8194fae646,soffice,corpus/tracking_without_comments/98c8b73841-2773adf157-88af10/soffice.pdf,241203
tracking_without_comments__98c8b73841_0041d3944715c2fffc5929695f968e5f399e85b139fba063__vs__333bfe069a_003416d620331122b93b434dad901db5836f60d2cad4b533_redline_617e392832,docxide,corpus/tracking_without_comments/98c8b73841-333bfe069a-2ceb12/docxide.pdf,55707
tracking_without_comments__98c8b73841_0041d3944715c2fffc5929695f968e5f399e85b139fba063__vs__333bfe069a_003416d620331122b93b434dad901db5836f60d2cad4b533_redline_617e392832,soffice,corpus/tracking_without_comments/98c8b73841-333bfe069a-2ceb12/soffice.pdf,214988
tracking_without_comments__98c8b73841_0041d3944715c2fffc5929695f968e5f399e85b139fba063__vs__a5f2b9318d_002aa60c2ae1187417b4b157c5ec6450324cc056ec551a12_redline_2e391c5378,docxide,corpus/tracking_without_comments/98c8b73841-a5f2b9318d-743322/docxide.pdf,140196
tracking_without_comments__98c8b73841_0041d3944715c2fffc5929695f968e5f399e85b139fba063__vs__a5f2b9318d_002aa60c2ae1187417b4b157c5ec6450324cc056ec551a12_redline_2e391c5378,soffice,corpus/tracking_without_comments/98c8b73841-a5f2b9318d-743322/soffice.pdf,246194
tracking_without_comments__9be7e36de4_00c3fd2d23e8acf016f9b2fb44f4ee84789abc39c820e7ab__vs__1424386e9b_017447de83753a0e3b7afc659df038ef56972925336c6a5b_redline_6d5eb2adbe,docxide,corpus/tracking_without_comments/9be7e36de4-1424386e9b-9cd353/docxide.pdf,70582
tracking_without_comments__9be7e36de4_00c3fd2d23e8acf016f9b2fb44f4ee84789abc39c820e7ab__vs__1424386e9b_017447de83753a0e3b7afc659df038ef56972925336c6a5b_redline_6d5eb2adbe,soffice,corpus/tracking_without_comments/9be7e36de4-1424386e9b-9cd353/soffice.pdf,68592
tracking_without_comments__9be7e36de4_00c3fd2d23e8acf016f9b2fb44f4ee84789abc39c820e7ab__vs__2e04202552_000e3e7bd2d6215fc7b469cc3e296c1b2a510bc1abc7e0fd_redline_9722936e52,docxide,corpus/tracking_without_comments/9be7e36de4-2e04202552-dee8aa/docxide.pdf,155469
tracking_without_comments__9be7e36de4_00c3fd2d23e8acf016f9b2fb44f4ee84789abc39c820e7ab__vs__2e04202552_000e3e7bd2d6215fc7b469cc3e296c1b2a510bc1abc7e0fd_redline_9722936e52,soffice,corpus/tracking_without_comments/9be7e36de4-2e04202552-dee8aa/soffice.pdf,235177
tracking_without_comments__9be7e36de4_00c3fd2d23e8acf016f9b2fb44f4ee84789abc39c820e7ab__vs__a5f2b9318d_002aa60c2ae1187417b4b157c5ec6450324cc056ec551a12_redline_5068b053d6,docxide,corpus/tracking_without_comments/9be7e36de4-a5f2b9318d-9cb02e/docxide.pdf,126333
tracking_without_comments__9be7e36de4_00c3fd2d23e8acf016f9b2fb44f4ee84789abc39c820e7ab__vs__a5f2b9318d_002aa60c2ae1187417b4b157c5ec6450324cc056ec551a12_redline_5068b053d6,soffice,corpus/tracking_without_comments/9be7e36de4-a5f2b9318d-9cb02e/soffice.pdf,113430
tracking_without_comments__9d2146095f_file_80__vs__88c08cf1dc_file_81_redline_36011882a9,docxide,corpus/tracking_without_comments/9d2146095f-88c08cf1dc-4b7e84/docxide.pdf,15810
tracking_without_comments__9d2146095f_file_80__vs__88c08cf1dc_file_81_redline_36011882a9,soffice,corpus/tracking_without_comments/9d2146095f-88c08cf1dc-4b7e84/soffice.pdf,15834
tracking_without_comments__9d3fa84f9f_bullet_list_demo_id_paraid_overflow__vs__8b3bfdf247_calibri_bold_italic_demo_id_paraid_overflow_redline_ada34cd34e,docxide,corpus/tracking_without_comments/9d3fa84f9f-8b3bfdf247-87bb95/docxide.pdf,25102
tracking_without_comments__9d3fa84f9f_bullet_list_demo_id_paraid_overflow__vs__8b3bfdf247_calibri_bold_italic_demo_id_paraid_overflow_redline_ada34cd34e,soffice,corpus/tracking_without_comments/9d3fa84f9f-8b3bfdf247-87bb95/soffice.pdf,19105
tracking_without_comments__9de8d635f0_file_107__vs__cdb3618419_file_108_redline_2a1212cebe,docxide,corpus/tracking_without_comments/9de8d635f0-cdb3618419-e4454f/docxide.pdf,22568
tracking_without_comments__9de8d635f0_file_107__vs__cdb3618419_file_108_redline_2a1212cebe,soffice,corpus/tracking_without_comments/9de8d635f0-cdb3618419-e4454f/soffice.pdf,23700
tracking_without_comments__9fb24a57cb_335cec3b57a5a4804013d7360befe640c5f394a9ee02cb76__vs__6e4df646e3_2e9aafb40bdf9eb9251d2f4715702ed3c6a1367f04757fa4_redline_921f798437,docxide,corpus/tracking_without_comments/9fb24a57cb-6e4df646e3-5c03cf/docxide.pdf,193158
tracking_without_comments__9fb24a57cb_335cec3b57a5a4804013d7360befe640c5f394a9ee02cb76__vs__6e4df646e3_2e9aafb40bdf9eb9251d2f4715702ed3c6a1367f04757fa4_redline_921f798437,soffice,corpus/tracking_without_comments/9fb24a57cb-6e4df646e3-5c03cf/soffice.pdf,222467
tracking_without_comments__a04e2d2749_ooxml_style_link__vs__053c86de5f_open_sans_bold_underline_id_paraid_overflow_redline_ed44094556,docxide,corpus/tracking_without_comments/a04e2d2749-053c86de5f-1a27a2/docxide.pdf,35841
tracking_without_comments__a04e2d2749_ooxml_style_link__vs__053c86de5f_open_sans_bold_underline_id_paraid_overflow_redline_ed44094556,soffice,corpus/tracking_without_comments/a04e2d2749-053c86de5f-1a27a2/soffice.pdf,23128
tracking_without_comments__a05927a875_track_changes_suggesting_bold_id_paraid_overflow__vs__cc0b2ff816_track_changes_suggesting_calibri_id_paraid_overf_redline_6ba19c43e4,docxide,corpus/tracking_without_comments/a05927a875-cc0b2ff816-690c33/docxide.pdf,17678
tracking_without_comments__a05927a875_track_changes_suggesting_bold_id_paraid_overflow__vs__cc0b2ff816_track_changes_suggesting_calibri_id_paraid_overf_redline_6ba19c43e4,soffice,corpus/tracking_without_comments/a05927a875-cc0b2ff816-690c33/soffice.pdf,22472
tracking_without_comments__a1899173ff_cb24cea07ba59800a7dfa80de9f384885bf6e1c1b0aa967d__vs__c934a90fba_ceb60fdd4393406b78e51cb3aae7fde107a93a9e5eb97197_redline_fedc2c0ba6,docxide,corpus/tracking_without_comments/a1899173ff-c934a90fba-5cd18e/docxide.pdf,73055
tracking_without_comments__a1899173ff_cb24cea07ba59800a7dfa80de9f384885bf6e1c1b0aa967d__vs__c934a90fba_ceb60fdd4393406b78e51cb3aae7fde107a93a9e5eb97197_redline_fedc2c0ba6,soffice,corpus/tracking_without_comments/a1899173ff-c934a90fba-5cd18e/soffice.pdf,133216
tracking_without_comments__a4a4ad540d_e296110b14b9efb410f9521e5d7725611d22585187015eee__vs__036120477a_383ce8207ac2e4b6736a25d380839e792b1615fbacec1968_redline_a7a2b67fe7,docxide,corpus/tracking_without_comments/a4a4ad540d-036120477a-c5e8eb/docxide.pdf,421303
tracking_without_comments__a4a4ad540d_e296110b14b9efb410f9521e5d7725611d22585187015eee__vs__036120477a_383ce8207ac2e4b6736a25d380839e792b1615fbacec1968_redline_a7a2b67fe7,soffice,corpus/tracking_without_comments/a4a4ad540d-036120477a-c5e8eb/soffice.pdf,1256482
tracking_without_comments__a4d89532a6_07303e5ce18e115211dfb2914becfb8f5c40306f16210a9d__vs__272aa04df8_0ad28cd5ea99b3ad2a2953ac0fda5e8a12e57d26d7822ac8_redline_357b5237e5,docxide,corpus/tracking_without_comments/a4d89532a6-272aa04df8-13804a/docxide.pdf,106636
tracking_without_comments__a4d89532a6_07303e5ce18e115211dfb2914becfb8f5c40306f16210a9d__vs__272aa04df8_0ad28cd5ea99b3ad2a2953ac0fda5e8a12e57d26d7822ac8_redline_357b5237e5,soffice,corpus/tracking_without_comments/a4d89532a6-272aa04df8-13804a/soffice.pdf,93352
tracking_without_comments__a4ebc0e89c_0016d88a731db087feb2e28e8bfc163c1fe94df0ee048d55__vs__1424386e9b_017447de83753a0e3b7afc659df038ef56972925336c6a5b_redline_6a343424b7,docxide,corpus/tracking_without_comments/a4ebc0e89c-1424386e9b-0f875e/docxide.pdf,85108
tracking_without_comments__a4ebc0e89c_0016d88a731db087feb2e28e8bfc163c1fe94df0ee048d55__vs__1424386e9b_017447de83753a0e3b7afc659df038ef56972925336c6a5b_redline_6a343424b7,soffice,corpus/tracking_without_comments/a4ebc0e89c-1424386e9b-0f875e/soffice.pdf,85373
tracking_without_comments__a5eb266a1f_016236e3bf778292b45976ecd4a34b45d02104f47db7a3ca__vs__aa5340125d_00a4b0b91e9b5b072dc3771391c2d608518690eccf44eae8_redline_9a2234ae00,docxide,corpus/tracking_without_comments/a5eb266a1f-aa5340125d-598acd/docxide.pdf,76809
tracking_without_comments__a5eb266a1f_016236e3bf778292b45976ecd4a34b45d02104f47db7a3ca__vs__aa5340125d_00a4b0b91e9b5b072dc3771391c2d608518690eccf44eae8_redline_9a2234ae00,soffice,corpus/tracking_without_comments/a5eb266a1f-aa5340125d-598acd/soffice.pdf,121768
tracking_without_comments__a5eb266a1f_016236e3bf778292b45976ecd4a34b45d02104f47db7a3ca__vs__deff0e697a_00b5defcad6e58038eac35472a2d48c89905068e5ece0cc3_redline_b4072979f7,docxide,corpus/tracking_without_comments/a5eb266a1f-deff0e697a-76fc05/docxide.pdf,67034
tracking_without_comments__a5eb266a1f_016236e3bf778292b45976ecd4a34b45d02104f47db7a3ca__vs__deff0e697a_00b5defcad6e58038eac35472a2d48c89905068e5ece0cc3_redline_b4072979f7,soffice,corpus/tracking_without_comments/a5eb266a1f-deff0e697a-76fc05/soffice.pdf,70175
tracking_without_comments__a62ef11355_af838c136dcd3b6c93a648911f7fe7bcba87be8a27c66ac3__vs__d706876939_96241b469231f21192669d60dd79dcdf1be49260da2e0a7d_redline_f8c1ce3e92,docxide,corpus/tracking_without_comments/a62ef11355-d706876939-15af5f/docxide.pdf,112082
tracking_without_comments__a62ef11355_af838c136dcd3b6c93a648911f7fe7bcba87be8a27c66ac3__vs__d706876939_96241b469231f21192669d60dd79dcdf1be49260da2e0a7d_redline_f8c1ce3e92,soffice,corpus/tracking_without_comments/a62ef11355-d706876939-15af5f/soffice.pdf,195309
tracking_without_comments__a6bdad436b_00e1eabab4f0fdde08a033b7d3af988ce75f7e80207c9918__vs__1424386e9b_017447de83753a0e3b7afc659df038ef56972925336c6a5b_redline_48e4b4f346,docxide,corpus/tracking_without_comments/a6bdad436b-1424386e9b-cc15b0/docxide.pdf,82097
tracking_without_comments__a6bdad436b_00e1eabab4f0fdde08a033b7d3af988ce75f7e80207c9918__vs__1424386e9b_017447de83753a0e3b7afc659df038ef56972925336c6a5b_redline_48e4b4f346,soffice,corpus/tracking_without_comments/a6bdad436b-1424386e9b-cc15b0/soffice.pdf,74859
tracking_without_comments__a6e4d0e065_file_161__vs__2f6102d8be_file_162_redline_1f4634946b,docxide,corpus/tracking_without_comments/a6e4d0e065-2f6102d8be-42fbbe/docxide.pdf,24452
tracking_without_comments__a6e4d0e065_file_161__vs__2f6102d8be_file_162_redline_1f4634946b,soffice,corpus/tracking_without_comments/a6e4d0e065-2f6102d8be-42fbbe/soffice.pdf,13142
tracking_without_comments__a702c82e3c_598501d54a14144db04eb8bced2dc8848d2323280dd388aa__vs__9924302ad5_a0ad3c6fc339f68b3ae1700cce528baf0f9be9a23bfcc1ec_redline_6ce722f9ab,docxide,corpus/tracking_without_comments/a702c82e3c-9924302ad5-af4153/docxide.pdf,69739
tracking_without_comments__a702c82e3c_598501d54a14144db04eb8bced2dc8848d2323280dd388aa__vs__9924302ad5_a0ad3c6fc339f68b3ae1700cce528baf0f9be9a23bfcc1ec_redline_6ce722f9ab,soffice,corpus/tracking_without_comments/a702c82e3c-9924302ad5-af4153/soffice.pdf,161314
tracking_without_comments__a83d3922a8_file_104__vs__36223881e1_file_105_redline_e1e686111b,docxide,corpus/tracking_without_comments/a83d3922a8-36223881e1-ba5527/docxide.pdf,15631
tracking_without_comments__a83d3922a8_file_104__vs__36223881e1_file_105_redline_e1e686111b,soffice,corpus/tracking_without_comments/a83d3922a8-36223881e1-ba5527/soffice.pdf,14546
tracking_without_comments__a94950c122_file_118__vs__ff47bdeea8_file_119_redline_6b5e01e3a3,docxide,corpus/tracking_without_comments/a94950c122-ff47bdeea8-d42ca8/docxide.pdf,14932
tracking_without_comments__a94950c122_file_118__vs__ff47bdeea8_file_119_redline_6b5e01e3a3,soffice,corpus/tracking_without_comments/a94950c122-ff47bdeea8-d42ca8/soffice.pdf,21475
tracking_without_comments__aa58aada65_00160046fb2516a560a9681d7ae3e6f4659af57d19555d4e__vs__333bfe069a_003416d620331122b93b434dad901db5836f60d2cad4b533_redline_dd43ad9d3c,docxide,corpus/tracking_without_comments/aa58aada65-333bfe069a-040b65/docxide.pdf,43455
tracking_without_comments__aa58aada65_00160046fb2516a560a9681d7ae3e6f4659af57d19555d4e__vs__333bfe069a_003416d620331122b93b434dad901db5836f60d2cad4b533_redline_dd43ad9d3c,soffice,corpus/tracking_without_comments/aa58aada65-333bfe069a-040b65/soffice.pdf,96980
tracking_without_comments__ac4b41aa8e_verdana_font_demo_id_paraid_overflow__vs__4f0a3847e3_verdana_italic_centered_demo_id_paraid_overflow_redline_1869926886,docxide,corpus/tracking_without_comments/ac4b41aa8e-4f0a3847e3-c6bde8/docxide.pdf,9741
tracking_without_comments__ac4b41aa8e_verdana_font_demo_id_paraid_overflow__vs__4f0a3847e3_verdana_italic_centered_demo_id_paraid_overflow_redline_1869926886,soffice,corpus/tracking_without_comments/ac4b41aa8e-4f0a3847e3-c6bde8/soffice.pdf,22684
tracking_without_comments__acd3595c3a_0032221e68ad2a7986d1fe113eb1d46b5a7d1901b5aa9318__vs__1424386e9b_017447de83753a0e3b7afc659df038ef56972925336c6a5b_redline_bc0135eaa1,docxide,corpus/tracking_without_comments/acd3595c3a-1424386e9b-61c71d/docxide.pdf,85858
tracking_without_comments__acd3595c3a_0032221e68ad2a7986d1fe113eb1d46b5a7d1901b5aa9318__vs__1424386e9b_017447de83753a0e3b7afc659df038ef56972925336c6a5b_redline_bc0135eaa1,soffice,corpus/tracking_without_comments/acd3595c3a-1424386e9b-61c71d/soffice.pdf,131230
tracking_without_comments__acd3595c3a_0032221e68ad2a7986d1fe113eb1d46b5a7d1901b5aa9318__vs__2e04202552_000e3e7bd2d6215fc7b469cc3e296c1b2a510bc1abc7e0fd_redline_a2efa3a876,docxide,corpus/tracking_without_comments/acd3595c3a-2e04202552-878f74/docxide.pdf,156182
tracking_without_comments__acd3595c3a_0032221e68ad2a7986d1fe113eb1d46b5a7d1901b5aa9318__vs__2e04202552_000e3e7bd2d6215fc7b469cc3e296c1b2a510bc1abc7e0fd_redline_a2efa3a876,soffice,corpus/tracking_without_comments/acd3595c3a-2e04202552-878f74/soffice.pdf,311697
tracking_without_comments__ad80cf4457_file_46__vs__5a2663625f_file_47_redline_0dc864b6b3,docxide,corpus/tracking_without_comments/ad80cf4457-5a2663625f-f4d769/docxide.pdf,5167
tracking_without_comments__ad80cf4457_file_46__vs__5a2663625f_file_47_redline_0dc864b6b3,soffice,corpus/tracking_without_comments/ad80cf4457-5a2663625f-f4d769/soffice.pdf,10862
tracking_without_comments__aeb0ace263_793bb9c35c342cd532221e60f7f70c0411de141b896a63b2__vs__1000537d17_8d9cfd6b8768cf88164c1b8c735e97b737193f3e92fd18ee_redline_3d4318d7e9,docxide,corpus/tracking_without_comments/aeb0ace263-1000537d17-0157a0/docxide.pdf,70922
tracking_without_comments__aeb0ace263_793bb9c35c342cd532221e60f7f70c0411de141b896a63b2__vs__1000537d17_8d9cfd6b8768cf88164c1b8c735e97b737193f3e92fd18ee_redline_3d4318d7e9,soffice,corpus/tracking_without_comments/aeb0ace263-1000537d17-0157a0/soffice.pdf,61438
tracking_without_comments__aeba435bbd_file_133__vs__6f02029e99_file_134_redline_fc12ef6776,docxide,corpus/tracking_without_comments/aeba435bbd-6f02029e99-70b624/docxide.pdf,55449
tracking_without_comments__aeba435bbd_file_133__vs__6f02029e99_file_134_redline_fc12ef6776,soffice,corpus/tracking_without_comments/aeba435bbd-6f02029e99-70b624/soffice.pdf,51416
tracking_without_comments__af540c50e4_00edeec4b73ab68a9a4e2b0281464f067656d89fc9969ab4__vs__2e04202552_000e3e7bd2d6215fc7b469cc3e296c1b2a510bc1abc7e0fd_redline_a702002b5b,docxide,corpus/tracking_without_comments/af540c50e4-2e04202552-dcde38/docxide.pdf,178961
tracking_without_comments__af540c50e4_00edeec4b73ab68a9a4e2b0281464f067656d89fc9969ab4__vs__2e04202552_000e3e7bd2d6215fc7b469cc3e296c1b2a510bc1abc7e0fd_redline_a702002b5b,soffice,corpus/tracking_without_comments/af540c50e4-2e04202552-dcde38/soffice.pdf,284849
tracking_without_comments__b1564f6aaf_font_color_blue_demo_style_default_missing__vs__66cedad6f8_font_color_demo_style_default_missing_redline_8f6917f79c,docxide,corpus/tracking_without_comments/b1564f6aaf-66cedad6f8-0ffa2e/docxide.pdf,13732
tracking_without_comments__b1564f6aaf_font_color_blue_demo_style_default_missing__vs__66cedad6f8_font_color_demo_style_default_missing_redline_8f6917f79c,soffice,corpus/tracking_without_comments/b1564f6aaf-66cedad6f8-0ffa2e/soffice.pdf,13512
tracking_without_comments__b27a2ff1ad_a700d680776964b71b2d897597fb45bb3d9b22b973155bdc__vs__1ba087fe62_a72c54151dc0c8db3e88f7334094c49e60d7ab503f2b9fcb_redline_512b24be1e,docxide,corpus/tracking_without_comments/b27a2ff1ad-1ba087fe62-7ecb45/docxide.pdf,107761
tracking_without_comments__b27a2ff1ad_a700d680776964b71b2d897597fb45bb3d9b22b973155bdc__vs__1ba087fe62_a72c54151dc0c8db3e88f7334094c49e60d7ab503f2b9fcb_redline_512b24be1e,soffice,corpus/tracking_without_comments/b27a2ff1ad-1ba087fe62-7ecb45/soffice.pdf,163733
tracking_without_comments__b27bda87ed_0023f7c421a05af9c44fb4ff9ef1bce46c53a081779b1e72__vs__2773adf157_0004c94ca2a8684d47449bb0e7abf87de1df71a7e6543252_redline_f4228003d6,docxide,corpus/tracking_without_comments/b27bda87ed-2773adf157-c7768e/docxide.pdf,116236
tracking_without_comments__b27bda87ed_0023f7c421a05af9c44fb4ff9ef1bce46c53a081779b1e72__vs__2773adf157_0004c94ca2a8684d47449bb0e7abf87de1df71a7e6543252_redline_f4228003d6,soffice,corpus/tracking_without_comments/b27bda87ed-2773adf157-c7768e/soffice.pdf,118132
tracking_without_comments__b27bda87ed_0023f7c421a05af9c44fb4ff9ef1bce46c53a081779b1e72__vs__2e04202552_000e3e7bd2d6215fc7b469cc3e296c1b2a510bc1abc7e0fd_redline_bfd8504834,docxide,corpus/tracking_without_comments/b27bda87ed-2e04202552-e6700b/docxide.pdf,159516
tracking_without_comments__b27bda87ed_0023f7c421a05af9c44fb4ff9ef1bce46c53a081779b1e72__vs__2e04202552_000e3e7bd2d6215fc7b469cc3e296c1b2a510bc1abc7e0fd_redline_bfd8504834,soffice,corpus/tracking_without_comments/b27bda87ed-2e04202552-e6700b/soffice.pdf,262800
tracking_without_comments__b27bda87ed_0023f7c421a05af9c44fb4ff9ef1bce46c53a081779b1e72__vs__333bfe069a_003416d620331122b93b434dad901db5836f60d2cad4b533_redline_4c587eace6,docxide,corpus/tracking_without_comments/b27bda87ed-333bfe069a-7e37ac/docxide.pdf,43311
tracking_without_comments__b27bda87ed_0023f7c421a05af9c44fb4ff9ef1bce46c53a081779b1e72__vs__333bfe069a_003416d620331122b93b434dad901db5836f60d2cad4b533_redline_4c587eace6,soffice,corpus/tracking_without_comments/b27bda87ed-333bfe069a-7e37ac/soffice.pdf,97635
tracking_without_comments__b27bda87ed_0023f7c421a05af9c44fb4ff9ef1bce46c53a081779b1e72__vs__a5f2b9318d_002aa60c2ae1187417b4b157c5ec6450324cc056ec551a12_redline_3b63fb2ef1,docxide,corpus/tracking_without_comments/b27bda87ed-a5f2b9318d-484e81/docxide.pdf,129868
tracking_without_comments__b27bda87ed_0023f7c421a05af9c44fb4ff9ef1bce46c53a081779b1e72__vs__a5f2b9318d_002aa60c2ae1187417b4b157c5ec6450324cc056ec551a12_redline_3b63fb2ef1,soffice,corpus/tracking_without_comments/b27bda87ed-a5f2b9318d-484e81/soffice.pdf,141805
tracking_without_comments__b27d48be08_numbered_list_italic_demo_id_paraid_overflow__vs__8dcd453923_numwords_fldsimple_redline_1131134f0d,docxide,corpus/tracking_without_comments/b27d48be08-8dcd453923-c7f770/docxide.pdf,17120
tracking_without_comments__b27d48be08_numbered_list_italic_demo_id_paraid_overflow__vs__8dcd453923_numwords_fldsimple_redline_1131134f0d,soffice,corpus/tracking_without_comments/b27d48be08-8dcd453923-c7f770/soffice.pdf,15849
tracking_without_comments__b4b7c76ecd_font_family_demo_id_paraid_overflow__vs__7e405bc8f2_font_size_12_demo_id_paraid_overflow_redline_9974d0551e,docxide,corpus/tracking_without_comments/b4b7c76ecd-7e405bc8f2-7d6d9f/docxide.pdf,15573
tracking_without_comments__b4b7c76ecd_font_family_demo_id_paraid_overflow__vs__7e405bc8f2_font_size_12_demo_id_paraid_overflow_redline_9974d0551e,soffice,corpus/tracking_without_comments/b4b7c76ecd-7e405bc8f2-7d6d9f/soffice.pdf,22366
tracking_without_comments__b4b7c76ecd_font_family_demo_id_paraid_overflow__vs__7e405bc8f2_font_size_12_demo_id_paraid_overflow_redline_df081c4551,docxide,corpus/tracking_without_comments/b4b7c76ecd-7e405bc8f2-b2489a/docxide.pdf,15565
tracking_without_comments__b4b7c76ecd_font_family_demo_id_paraid_overflow__vs__7e405bc8f2_font_size_12_demo_id_paraid_overflow_redline_df081c4551,soffice,corpus/tracking_without_comments/b4b7c76ecd-7e405bc8f2-b2489a/soffice.pdf,22366
tracking_without_comments__b51a7a465b_998e62501ae726f2b68ab460f7fad55f18c3bb110bfc07c4__vs__4910ce2060_8cca05f3991d33efca1a8fc83122be4940de0d3743e04244_redline_3b57d40fff,docxide,corpus/tracking_without_comments/b51a7a465b-4910ce2060-bb1501/docxide.pdf,154071
tracking_without_comments__b51a7a465b_998e62501ae726f2b68ab460f7fad55f18c3bb110bfc07c4__vs__4910ce2060_8cca05f3991d33efca1a8fc83122be4940de0d3743e04244_redline_3b57d40fff,soffice,corpus/tracking_without_comments/b51a7a465b-4910ce2060-bb1501/soffice.pdf,215074
tracking_without_comments__b535008087_a1c0c04747ae1fda785d5bd3748890f39c0bc43d28b1d463__vs__813771d860_9e288428882b21a59d50f62a44c24f3fa9c01f8c2be6eb24_redline_eaa985ccbd,docxide,corpus/tracking_without_comments/b535008087-813771d860-2c0cce/docxide.pdf,103845
tracking_without_comments__b535008087_a1c0c04747ae1fda785d5bd3748890f39c0bc43d28b1d463__vs__813771d860_9e288428882b21a59d50f62a44c24f3fa9c01f8c2be6eb24_redline_eaa985ccbd,soffice,corpus/tracking_without_comments/b535008087-813771d860-2c0cce/soffice.pdf,184717
tracking_without_comments__b6bcd5d86d_file_198__vs__7f73d1af22_file_199_redline_619c44196e,docxide,corpus/tracking_without_comments/b6bcd5d86d-7f73d1af22-08b94f/docxide.pdf,6941
tracking_without_comments__b6bcd5d86d_file_198__vs__7f73d1af22_file_199_redline_619c44196e,soffice,corpus/tracking_without_comments/b6bcd5d86d-7f73d1af22-08b94f/soffice.pdf,17821
tracking_without_comments__b6f757462e_0006f7905281867ab0d0a45d88f88f72e2c15efbd9a8ed69__vs__2e04202552_000e3e7bd2d6215fc7b469cc3e296c1b2a510bc1abc7e0fd_redline_3d748a8f3c,docxide,corpus/tracking_without_comments/b6f757462e-2e04202552-c4ac3e/docxide.pdf,167111
tracking_without_comments__b6f757462e_0006f7905281867ab0d0a45d88f88f72e2c15efbd9a8ed69__vs__2e04202552_000e3e7bd2d6215fc7b469cc3e296c1b2a510bc1abc7e0fd_redline_3d748a8f3c,soffice,corpus/tracking_without_comments/b6f757462e-2e04202552-c4ac3e/soffice.pdf,266472
tracking_without_comments__b6f757462e_0006f7905281867ab0d0a45d88f88f72e2c15efbd9a8ed69__vs__bd3824dd1e_000ee64ef7226d353297888f59a251e24ce5d776fea000fa_redline_3b133e5659,docxide,corpus/tracking_without_comments/b6f757462e-bd3824dd1e-75ad28/docxide.pdf,273913
tracking_without_comments__b6f757462e_0006f7905281867ab0d0a45d88f88f72e2c15efbd9a8ed69__vs__bd3824dd1e_000ee64ef7226d353297888f59a251e24ce5d776fea000fa_redline_3b133e5659,soffice,corpus/tracking_without_comments/b6f757462e-bd3824dd1e-75ad28/soffice.pdf,253595
tracking_without_comments__b8aef329df_126fe265c043fbd4a6659d9997e0267cf0648e56da6004f0,docxide,corpus/tracking_without_comments/b8aef329df/docxide.pdf,119786
tracking_without_comments__b8aef329df_126fe265c043fbd4a6659d9997e0267cf0648e56da6004f0,soffice,corpus/tracking_without_comments/b8aef329df/soffice.pdf,86059
tracking_without_comments__b9dcab0309_542393d4842fda31b144a5073c88785d2cd62d857cc5679e__vs__272fd64000_3f7a021187109447b983236dc9847a42959ff4a9b610027b_redline_d95b46e5ca,docxide,corpus/tracking_without_comments/b9dcab0309-272fd64000-7d7ebc/docxide.pdf,61854
tracking_without_comments__b9dcab0309_542393d4842fda31b144a5073c88785d2cd62d857cc5679e__vs__272fd64000_3f7a021187109447b983236dc9847a42959ff4a9b610027b_redline_d95b46e5ca,soffice,corpus/tracking_without_comments/b9dcab0309-272fd64000-7d7ebc/soffice.pdf,70666
tracking_without_comments__ba06c848cd_red_strikethrough_demo_style_default_missing__vs__5331b981b7_redline_cicerodo_v_plate_30_redline_9016b9c669,docxide,corpus/tracking_without_comments/ba06c848cd-5331b981b7-efe9a1/docxide.pdf,82720
tracking_without_comments__ba06c848cd_red_strikethrough_demo_style_default_missing__vs__5331b981b7_redline_cicerodo_v_plate_30_redline_9016b9c669,soffice,corpus/tracking_without_comments/ba06c848cd-5331b981b7-efe9a1/soffice.pdf,60470
tracking_without_comments__bcae83f080_docx_lots_of_comments_addition_removal,docxide,corpus/tracking_without_comments/bcae83f080/docxide.pdf,190593
tracking_without_comments__bcae83f080_docx_lots_of_comments_addition_removal,soffice,corpus/tracking_without_comments/bcae83f080/soffice.pdf,211184
tracking_without_comments__bdf199d4af_file_61__vs__2a9c68ed33_file_62_redline_6354242df2,docxide,corpus/tracking_without_comments/bdf199d4af-2a9c68ed33-abab5c/docxide.pdf,19645
tracking_without_comments__bdf199d4af_file_61__vs__2a9c68ed33_file_62_redline_6354242df2,soffice,corpus/tracking_without_comments/bdf199d4af-2a9c68ed33-abab5c/soffice.pdf,27735
tracking_without_comments__be269c4536_030a008838bfcb43faba99301aaa87db68098b4774c54d2b__vs__4b03fba2ed_3ebc9f1f058f2c2a4df5058921d3eb9b0ecfa59a5ea55cb2_redline_7ab61e8c4f,docxide,corpus/tracking_without_comments/be269c4536-4b03fba2ed-466ae0/docxide.pdf,89879
tracking_without_comments__be269c4536_030a008838bfcb43faba99301aaa87db68098b4774c54d2b__vs__4b03fba2ed_3ebc9f1f058f2c2a4df5058921d3eb9b0ecfa59a5ea55cb2_redline_7ab61e8c4f,soffice,corpus/tracking_without_comments/be269c4536-4b03fba2ed-466ae0/soffice.pdf,404785
tracking_without_comments__c3462f9630_file_28__vs__6955182af0_file_29_redline_0c83f949fb,docxide,corpus/tracking_without_comments/c3462f9630-6955182af0-8de28c/docxide.pdf,30166
tracking_without_comments__c3462f9630_file_28__vs__6955182af0_file_29_redline_0c83f949fb,soffice,corpus/tracking_without_comments/c3462f9630-6955182af0-8de28c/soffice.pdf,24063
tracking_without_comments__c40c88e402_project_tasks_suggesting_insertions__vs__d0a21b7c3c_q1_sales_summary_table_2_redline_f9d6035f66,docxide,corpus/tracking_without_comments/c40c88e402-d0a21b7c3c-8d8bd4/docxide.pdf,27358
tracking_without_comments__c40c88e402_project_tasks_suggesting_insertions__vs__d0a21b7c3c_q1_sales_summary_table_2_redline_f9d6035f66,soffice,corpus/tracking_without_comments/c40c88e402-d0a21b7c3c-8d8bd4/soffice.pdf,16465
tracking_without_comments__c54c269d79_file_131__vs__8ded82ffec_file_132_redline_aed2c1780a,docxide,corpus/tracking_without_comments/c54c269d79-8ded82ffec-865122/docxide.pdf,44606
tracking_without_comments__c54c269d79_file_131__vs__8ded82ffec_file_132_redline_aed2c1780a,soffice,corpus/tracking_without_comments/c54c269d79-8ded82ffec-865122/soffice.pdf,201727
tracking_without_comments__c5b63f5273_bold_superscript_demo_style_default_missing__vs__dccd86b590_bold_text_formatting_demo_id_paraid_overflow_2_redline_0480d8c02b,docxide,corpus/tracking_without_comments/c5b63f5273-dccd86b590-09a2dd/docxide.pdf,14349
tracking_without_comments__c5b63f5273_bold_superscript_demo_style_default_missing__vs__dccd86b590_bold_text_formatting_demo_id_paraid_overflow_2_redline_0480d8c02b,soffice,corpus/tracking_without_comments/c5b63f5273-dccd86b590-09a2dd/soffice.pdf,20660
tracking_without_comments__c5c92e4f32_file_127__vs__af613a9921_file_128_redline_f04e60fd3d,docxide,corpus/tracking_without_comments/c5c92e4f32-af613a9921-f7b662/docxide.pdf,20944
tracking_without_comments__c5c92e4f32_file_127__vs__af613a9921_file_128_redline_f04e60fd3d,soffice,corpus/tracking_without_comments/c5c92e4f32-af613a9921-f7b662/soffice.pdf,18738
tracking_without_comments__c706120413_open_sans_font_demo_id_paraid_overflow__vs__f7d8cdf9a9_product_roadmap_2026_suggesting_insertions_redline_279d92fc33,docxide,corpus/tracking_without_comments/c706120413-f7d8cdf9a9-c9462b/docxide.pdf,22995
tracking_without_comments__c706120413_open_sans_font_demo_id_paraid_overflow__vs__f7d8cdf9a9_product_roadmap_2026_suggesting_insertions_redline_279d92fc33,soffice,corpus/tracking_without_comments/c706120413-f7d8cdf9a9-c9462b/soffice.pdf,19839
tracking_without_comments__c87ab9bf12_file_52__vs__cf78e83cd4_file_53_redline_27427ee2bc,docxide,corpus/tracking_without_comments/c87ab9bf12-cf78e83cd4-ae997e/docxide.pdf,191143
tracking_without_comments__c87ab9bf12_file_52__vs__cf78e83cd4_file_53_redline_27427ee2bc,soffice,corpus/tracking_without_comments/c87ab9bf12-cf78e83cd4-ae997e/soffice.pdf,224908
tracking_without_comments__c9154561dc_file_2__vs__f8cb67d689_file_3_redline_0deb8a8c1a,docxide,corpus/tracking_without_comments/c9154561dc-f8cb67d689-9ed787/docxide.pdf,27048
tracking_without_comments__c9154561dc_file_2__vs__f8cb67d689_file_3_redline_0deb8a8c1a,soffice,corpus/tracking_without_comments/c9154561dc-f8cb67d689-9ed787/soffice.pdf,15316
tracking_without_comments__c91bf152c5_ea2c23f94ba56d92b15dbc39a228be84ec544937a287e82f__vs__55e94572f9_b1df51bc6cfddae69d97759cdfaf15206b6bd9dc8cf0f9d3_redline_d8b0c2ae01,docxide,corpus/tracking_without_comments/c91bf152c5-55e94572f9-56fd1a/docxide.pdf,115942
tracking_without_comments__c91bf152c5_ea2c23f94ba56d92b15dbc39a228be84ec544937a287e82f__vs__55e94572f9_b1df51bc6cfddae69d97759cdfaf15206b6bd9dc8cf0f9d3_redline_d8b0c2ae01,soffice,corpus/tracking_without_comments/c91bf152c5-55e94572f9-56fd1a/soffice.pdf,78239
tracking_without_comments__ca4ccabff6_superscript_demo_id_paraid_overflow_2__vs__860b6e457e_superscript_demo_id_paraid_overflow_redline_3b88fd5ebe,docxide,corpus/tracking_without_comments/ca4ccabff6-860b6e457e-8933aa/docxide.pdf,15158
tracking_without_comments__ca4ccabff6_superscript_demo_id_paraid_overflow_2__vs__860b6e457e_superscript_demo_id_paraid_overflow_redline_3b88fd5ebe,soffice,corpus/tracking_without_comments/ca4ccabff6-860b6e457e-8933aa/soffice.pdf,12145
tracking_without_comments__cc5f989c56_0090ba7896cba5f43500e77e151ddab12f16b20e3ddf5822__vs__333bfe069a_003416d620331122b93b434dad901db5836f60d2cad4b533_redline_3fa2e4b5de,docxide,corpus/tracking_without_comments/cc5f989c56-333bfe069a-4f842c/docxide.pdf,49700
tracking_without_comments__cc5f989c56_0090ba7896cba5f43500e77e151ddab12f16b20e3ddf5822__vs__333bfe069a_003416d620331122b93b434dad901db5836f60d2cad4b533_redline_3fa2e4b5de,soffice,corpus/tracking_without_comments/cc5f989c56-333bfe069a-4f842c/soffice.pdf,83178
tracking_without_comments__cc901c34fc_004028ecdee3787e97aed9dafb5feb104b20ab5540af6e39__vs__2773adf157_0004c94ca2a8684d47449bb0e7abf87de1df71a7e6543252_redline_13a4602c5c,docxide,corpus/tracking_without_comments/cc901c34fc-2773adf157-5d047b/docxide.pdf,113845
tracking_without_comments__cc901c34fc_004028ecdee3787e97aed9dafb5feb104b20ab5540af6e39__vs__2773adf157_0004c94ca2a8684d47449bb0e7abf87de1df71a7e6543252_redline_13a4602c5c,soffice,corpus/tracking_without_comments/cc901c34fc-2773adf157-5d047b/soffice.pdf,82791
tracking_without_comments__cc901c34fc_004028ecdee3787e97aed9dafb5feb104b20ab5540af6e39__vs__2e04202552_000e3e7bd2d6215fc7b469cc3e296c1b2a510bc1abc7e0fd_redline_cda19d51ed,docxide,corpus/tracking_without_comments/cc901c34fc-2e04202552-421e80/docxide.pdf,163597
tracking_without_comments__cc901c34fc_004028ecdee3787e97aed9dafb5feb104b20ab5540af6e39__vs__2e04202552_000e3e7bd2d6215fc7b469cc3e296c1b2a510bc1abc7e0fd_redline_cda19d51ed,soffice,corpus/tracking_without_comments/cc901c34fc-2e04202552-421e80/soffice.pdf,251889
tracking_without_comments__cc901c34fc_004028ecdee3787e97aed9dafb5feb104b20ab5540af6e39__vs__aa5340125d_00a4b0b91e9b5b072dc3771391c2d608518690eccf44eae8_redline_54301b1456,docxide,corpus/tracking_without_comments/cc901c34fc-aa5340125d-5b6dc5/docxide.pdf,91299
tracking_without_comments__cc901c34fc_004028ecdee3787e97aed9dafb5feb104b20ab5540af6e39__vs__aa5340125d_00a4b0b91e9b5b072dc3771391c2d608518690eccf44eae8_redline_54301b1456,soffice,corpus/tracking_without_comments/cc901c34fc-aa5340125d-5b6dc5/soffice.pdf,137877
tracking_without_comments__cd98652e16_file_60__vs__a6b430bba8_file_61_redline_88892de262,docxide,corpus/tracking_without_comments/cd98652e16-a6b430bba8-95bd84/docxide.pdf,22113
tracking_without_comments__cd98652e16_file_60__vs__a6b430bba8_file_61_redline_88892de262,soffice,corpus/tracking_without_comments/cd98652e16-a6b430bba8-95bd84/soffice.pdf,26813
tracking_without_comments__cf9be22981_8c4ddc470d5375b8695f9f0f3c48d1fdc152dca3fbac13ae__vs__3c1ec8dfd3_a561150e9c973ab5f22a1eaa541f739bb7683339375baf5f_redline_bed67c8950,docxide,corpus/tracking_without_comments/cf9be22981-3c1ec8dfd3-9727be/docxide.pdf,73049
tracking_without_comments__cf9be22981_8c4ddc470d5375b8695f9f0f3c48d1fdc152dca3fbac13ae__vs__3c1ec8dfd3_a561150e9c973ab5f22a1eaa541f739bb7683339375baf5f_redline_bed67c8950,soffice,corpus/tracking_without_comments/cf9be22981-3c1ec8dfd3-9727be/soffice.pdf,69374
tracking_without_comments__cfb3c9f5f7_60168e4d4fe36b23bee30244f89884e3a9b364b2b8270abc__vs__6c8fc15329_adec1f56bbf0e13c249c914129851ad18623e311ccbfde12_redline_a9333255ca,docxide,corpus/tracking_without_comments/cfb3c9f5f7-6c8fc15329-804288/docxide.pdf,65348
tracking_without_comments__cfb3c9f5f7_60168e4d4fe36b23bee30244f89884e3a9b364b2b8270abc__vs__6c8fc15329_adec1f56bbf0e13c249c914129851ad18623e311ccbfde12_redline_a9333255ca,soffice,corpus/tracking_without_comments/cfb3c9f5f7-6c8fc15329-804288/soffice.pdf,98674
tracking_without_comments__d06f02170c_914a656a272c07020597a26de1146332b876882074314111__vs__6ae732f532_66435fc0be860bac907701a81a0e85c5ea2e69b4f88c1b9b_redline_97fefb0aa2,docxide,corpus/tracking_without_comments/d06f02170c-6ae732f532-217714/docxide.pdf,126459
tracking_without_comments__d06f02170c_914a656a272c07020597a26de1146332b876882074314111__vs__6ae732f532_66435fc0be860bac907701a81a0e85c5ea2e69b4f88c1b9b_redline_97fefb0aa2,soffice,corpus/tracking_without_comments/d06f02170c-6ae732f532-217714/soffice.pdf,96951
tracking_without_comments__d0a21b7c3c_q1_sales_summary_table_2__vs__21c900e459_q1_sales_summary_table_redline_b7f295f683,docxide,corpus/tracking_without_comments/d0a21b7c3c-21c900e459-dca6ca/docxide.pdf,26463
tracking_without_comments__d0a21b7c3c_q1_sales_summary_table_2__vs__21c900e459_q1_sales_summary_table_redline_b7f295f683,soffice,corpus/tracking_without_comments/d0a21b7c3c-21c900e459-dca6ca/soffice.pdf,13517
tracking_without_comments__d1b63a3385_superscript_demo_id_paraid_overflow_2__vs__c52c06ab28_superscript_demo_id_paraid_overflow_redline_520b4ff36e,docxide,corpus/tracking_without_comments/d1b63a3385-c52c06ab28-23c4a6/docxide.pdf,15174
tracking_without_comments__d1b63a3385_superscript_demo_id_paraid_overflow_2__vs__c52c06ab28_superscript_demo_id_paraid_overflow_redline_520b4ff36e,soffice,corpus/tracking_without_comments/d1b63a3385-c52c06ab28-23c4a6/soffice.pdf,12145
tracking_without_comments__d27102bf04_sample_document_afterword_repaired_word_repaired__vs__f4fa801783_sample_document_really_repaired_word_repaired_redline_17d83e255a,docxide,corpus/tracking_without_comments/d27102bf04-f4fa801783-5cf5b1/docxide.pdf,94632
tracking_without_comments__d27102bf04_sample_document_afterword_repaired_word_repaired__vs__f4fa801783_sample_document_really_repaired_word_repaired_redline_17d83e255a,soffice,corpus/tracking_without_comments/d27102bf04-f4fa801783-5cf5b1/soffice.pdf,100012
tracking_without_comments__d47fd711cd_864f7e50608a409f9364f895f79f57c10cbb1944e0c648d0,docxide,corpus/tracking_without_comments/d47fd711cd/docxide.pdf,99918
tracking_without_comments__d47fd711cd_864f7e50608a409f9364f895f79f57c10cbb1944e0c648d0,soffice,corpus/tracking_without_comments/d47fd711cd/soffice.pdf,109765
tracking_without_comments__d5fabd0d7b_inventory_list_suggesting_deletions__vs__097371c227_inventory_list_suggesting_mixed_edits_redline_fe739f56b2,docxide,corpus/tracking_without_comments/d5fabd0d7b-097371c227-fac0a9/docxide.pdf,19736
tracking_without_comments__d5fabd0d7b_inventory_list_suggesting_deletions__vs__097371c227_inventory_list_suggesting_mixed_edits_redline_fe739f56b2,soffice,corpus/tracking_without_comments/d5fabd0d7b-097371c227-fac0a9/soffice.pdf,10478
tracking_without_comments__d60ccf445a_file_167__vs__d4649ec2db_file_168_redline_ba803b83fd,docxide,corpus/tracking_without_comments/d60ccf445a-d4649ec2db-f011d4/docxide.pdf,22825
tracking_without_comments__d60ccf445a_file_167__vs__d4649ec2db_file_168_redline_ba803b83fd,soffice,corpus/tracking_without_comments/d60ccf445a-d4649ec2db-f011d4/soffice.pdf,13541
tracking_without_comments__d6229441a5_0022208cff905cd74261067032c22afa148e0f63496c7f66__vs__2773adf157_0004c94ca2a8684d47449bb0e7abf87de1df71a7e6543252_redline_1c2ae7a3f0,docxide,corpus/tracking_without_comments/d6229441a5-2773adf157-1b3aad/docxide.pdf,113794
tracking_without_comments__d6229441a5_0022208cff905cd74261067032c22afa148e0f63496c7f66__vs__2773adf157_0004c94ca2a8684d47449bb0e7abf87de1df71a7e6543252_redline_1c2ae7a3f0,soffice,corpus/tracking_without_comments/d6229441a5-2773adf157-1b3aad/soffice.pdf,115436
tracking_without_comments__d6229441a5_0022208cff905cd74261067032c22afa148e0f63496c7f66__vs__a5f2b9318d_002aa60c2ae1187417b4b157c5ec6450324cc056ec551a12_redline_6e6d73057f,docxide,corpus/tracking_without_comments/d6229441a5-a5f2b9318d-a76060/docxide.pdf,119917
tracking_without_comments__d6229441a5_0022208cff905cd74261067032c22afa148e0f63496c7f66__vs__a5f2b9318d_002aa60c2ae1187417b4b157c5ec6450324cc056ec551a12_redline_6e6d73057f,soffice,corpus/tracking_without_comments/d6229441a5-a5f2b9318d-a76060/soffice.pdf,119186
tracking_without_comments__d62736ce40_file_128__vs__f4faa3ad63_file_129_redline_95226ea1b7,docxide,corpus/tracking_without_comments/d62736ce40-f4faa3ad63-2a92aa/docxide.pdf,19588
tracking_without_comments__d62736ce40_file_128__vs__f4faa3ad63_file_129_redline_95226ea1b7,soffice,corpus/tracking_without_comments/d62736ce40-f4faa3ad63-2a92aa/soffice.pdf,28983
tracking_without_comments__d9321981c0_4152fc2c61833859abf17195561c7b789ee5f2672881e477__vs__c0244672eb_45b4c6e76930adcb64f88166517b8bfc7e7c963a1a342b4c_redline_4b66d5f6e9,docxide,corpus/tracking_without_comments/d9321981c0-c0244672eb-2fda46/docxide.pdf,81341
tracking_without_comments__d9321981c0_4152fc2c61833859abf17195561c7b789ee5f2672881e477__vs__c0244672eb_45b4c6e76930adcb64f88166517b8bfc7e7c963a1a342b4c_redline_4b66d5f6e9,soffice,corpus/tracking_without_comments/d9321981c0-c0244672eb-2fda46/soffice.pdf,125801
tracking_without_comments__d996bef4c8_docx_lots_of_comments_addition_removal_redline__vs__bcae83f080_docx_lots_of_comments_addition_removal_redline_af1d2b843d,docxide,corpus/tracking_without_comments/d996bef4c8-bcae83f080-39e39b/docxide.pdf,190401
tracking_without_comments__d996bef4c8_docx_lots_of_comments_addition_removal_redline__vs__bcae83f080_docx_lots_of_comments_addition_removal_redline_af1d2b843d,soffice,corpus/tracking_without_comments/d996bef4c8-bcae83f080-39e39b/soffice.pdf,210377
tracking_without_comments__dab313767f_red_heading_demo_id_paraid_overflow__vs__ba06c848cd_red_strikethrough_demo_style_default_missing_redline_645206eff8,docxide,corpus/tracking_without_comments/dab313767f-ba06c848cd-7bd168/docxide.pdf,16385
tracking_without_comments__dab313767f_red_heading_demo_id_paraid_overflow__vs__ba06c848cd_red_strikethrough_demo_style_default_missing_redline_645206eff8,soffice,corpus/tracking_without_comments/dab313767f-ba06c848cd-7bd168/soffice.pdf,21799
tracking_without_comments__dc2d9eeccb_file_40__vs__42df4a13aa_file_41_redline_cb0c07e105,docxide,corpus/tracking_without_comments/dc2d9eeccb-42df4a13aa-d70369/docxide.pdf,72870
tracking_without_comments__dc2d9eeccb_file_40__vs__42df4a13aa_file_41_redline_cb0c07e105,soffice,corpus/tracking_without_comments/dc2d9eeccb-42df4a13aa-d70369/soffice.pdf,49962
tracking_without_comments__dd0740a46d_f4b0f5de2361f5c7c4f1255df6c880c566d5739593fb71ad__vs__8a18def1d8_f357e874a1271b31697d8e291fdb56d6696ead9465213720_redline_8fd645df6f,docxide,corpus/tracking_without_comments/dd0740a46d-8a18def1d8-2859ba/docxide.pdf,57020
tracking_without_comments__dd0740a46d_f4b0f5de2361f5c7c4f1255df6c880c566d5739593fb71ad__vs__8a18def1d8_f357e874a1271b31697d8e291fdb56d6696ead9465213720_redline_8fd645df6f,soffice,corpus/tracking_without_comments/dd0740a46d-8a18def1d8-2859ba/soffice.pdf,74649
tracking_without_comments__dd85373a71_008b84e05498068c49efc5a0b73f9d5ae7992f045de8c514__vs__2773adf157_0004c94ca2a8684d47449bb0e7abf87de1df71a7e6543252_redline_717c57bbca,docxide,corpus/tracking_without_comments/dd85373a71-2773adf157-330e95/docxide.pdf,109661
tracking_without_comments__dd85373a71_008b84e05498068c49efc5a0b73f9d5ae7992f045de8c514__vs__2773adf157_0004c94ca2a8684d47449bb0e7abf87de1df71a7e6543252_redline_717c57bbca,soffice,corpus/tracking_without_comments/dd85373a71-2773adf157-330e95/soffice.pdf,94791
tracking_without_comments__dd85373a71_008b84e05498068c49efc5a0b73f9d5ae7992f045de8c514__vs__333bfe069a_003416d620331122b93b434dad901db5836f60d2cad4b533_redline_18b8ae1706,docxide,corpus/tracking_without_comments/dd85373a71-333bfe069a-964383/docxide.pdf,43070
tracking_without_comments__dd85373a71_008b84e05498068c49efc5a0b73f9d5ae7992f045de8c514__vs__333bfe069a_003416d620331122b93b434dad901db5836f60d2cad4b533_redline_18b8ae1706,soffice,corpus/tracking_without_comments/dd85373a71-333bfe069a-964383/soffice.pdf,71298
tracking_without_comments__dd85373a71_008b84e05498068c49efc5a0b73f9d5ae7992f045de8c514__vs__a5f2b9318d_002aa60c2ae1187417b4b157c5ec6450324cc056ec551a12_redline_f89b2e8365,docxide,corpus/tracking_without_comments/dd85373a71-a5f2b9318d-a6bdf1/docxide.pdf,129971
tracking_without_comments__dd85373a71_008b84e05498068c49efc5a0b73f9d5ae7992f045de8c514__vs__a5f2b9318d_002aa60c2ae1187417b4b157c5ec6450324cc056ec551a12_redline_f89b2e8365,soffice,corpus/tracking_without_comments/dd85373a71-a5f2b9318d-a6bdf1/soffice.pdf,113252
tracking_without_comments__dd85373a71_008b84e05498068c49efc5a0b73f9d5ae7992f045de8c514__vs__aa5340125d_00a4b0b91e9b5b072dc3771391c2d608518690eccf44eae8_redline_c9e5aa6529,docxide,corpus/tracking_without_comments/dd85373a71-aa5340125d-533d5f/docxide.pdf,80988
tracking_without_comments__dd85373a71_008b84e05498068c49efc5a0b73f9d5ae7992f045de8c514__vs__aa5340125d_00a4b0b91e9b5b072dc3771391c2d608518690eccf44eae8_redline_c9e5aa6529,soffice,corpus/tracking_without_comments/dd85373a71-aa5340125d-533d5f/soffice.pdf,126728
tracking_without_comments__dd9c48af48_2239b06c2a4d399cef8befe79b1fbea969cac79f1f994a24__vs__4a0a25d62c_02cbcefb8dc888f4ba5d051f869b3d23d3bebeed4fda49fd_redline_5fab6dba51,docxide,corpus/tracking_without_comments/dd9c48af48-4a0a25d62c-39bdce/docxide.pdf,67997
tracking_without_comments__dd9c48af48_2239b06c2a4d399cef8befe79b1fbea969cac79f1f994a24__vs__4a0a25d62c_02cbcefb8dc888f4ba5d051f869b3d23d3bebeed4fda49fd_redline_5fab6dba51,soffice,corpus/tracking_without_comments/dd9c48af48-4a0a25d62c-39bdce/soffice.pdf,116121
tracking_without_comments__e1047ee31c_97e599309df89c311961a7d44aeb414231354ebe786ba2a0__vs__0278e9298d_f3a3a94e08be4e5cce05139444d92dfbfc60bfe1ad839671_redline_8ebf34fee2,docxide,corpus/tracking_without_comments/e1047ee31c-0278e9298d-7fddc7/docxide.pdf,60618
tracking_without_comments__e1047ee31c_97e599309df89c311961a7d44aeb414231354ebe786ba2a0__vs__0278e9298d_f3a3a94e08be4e5cce05139444d92dfbfc60bfe1ad839671_redline_8ebf34fee2,soffice,corpus/tracking_without_comments/e1047ee31c-0278e9298d-7fddc7/soffice.pdf,143560
tracking_without_comments__e12998d969_31a07e63d6c64e6c910dd78dd0cd0daf230c123da91e19fd__vs__c4fca65332_c3ea38d80a2751db02d15f6c9d06ee440d9265ab5cd44858_redline_f530e02882,docxide,corpus/tracking_without_comments/e12998d969-c4fca65332-7e0a5a/docxide.pdf,60460
tracking_without_comments__e12998d969_31a07e63d6c64e6c910dd78dd0cd0daf230c123da91e19fd__vs__c4fca65332_c3ea38d80a2751db02d15f6c9d06ee440d9265ab5cd44858_redline_f530e02882,soffice,corpus/tracking_without_comments/e12998d969-c4fca65332-7e0a5a/soffice.pdf,69800
tracking_without_comments__e1c745d784_008243ee20adecbf2ae39c9e6809b022076aa166a4a4f9ec__vs__2773adf157_0004c94ca2a8684d47449bb0e7abf87de1df71a7e6543252_redline_bdd82eb64d,docxide,corpus/tracking_without_comments/e1c745d784-2773adf157-47469b/docxide.pdf,113659
tracking_without_comments__e1c745d784_008243ee20adecbf2ae39c9e6809b022076aa166a4a4f9ec__vs__2773adf157_0004c94ca2a8684d47449bb0e7abf87de1df71a7e6543252_redline_bdd82eb64d,soffice,corpus/tracking_without_comments/e1c745d784-2773adf157-47469b/soffice.pdf,302730
tracking_without_comments__e1c745d784_008243ee20adecbf2ae39c9e6809b022076aa166a4a4f9ec__vs__333bfe069a_003416d620331122b93b434dad901db5836f60d2cad4b533_redline_ef88f5b119,docxide,corpus/tracking_without_comments/e1c745d784-333bfe069a-9bf7d4/docxide.pdf,50378
tracking_without_comments__e1c745d784_008243ee20adecbf2ae39c9e6809b022076aa166a4a4f9ec__vs__333bfe069a_003416d620331122b93b434dad901db5836f60d2cad4b533_redline_ef88f5b119,soffice,corpus/tracking_without_comments/e1c745d784-333bfe069a-9bf7d4/soffice.pdf,289211
tracking_without_comments__e1c745d784_008243ee20adecbf2ae39c9e6809b022076aa166a4a4f9ec__vs__a5f2b9318d_002aa60c2ae1187417b4b157c5ec6450324cc056ec551a12_redline_1d701da57f,docxide,corpus/tracking_without_comments/e1c745d784-a5f2b9318d-d643fd/docxide.pdf,126610
tracking_without_comments__e1c745d784_008243ee20adecbf2ae39c9e6809b022076aa166a4a4f9ec__vs__a5f2b9318d_002aa60c2ae1187417b4b157c5ec6450324cc056ec551a12_redline_1d701da57f,soffice,corpus/tracking_without_comments/e1c745d784-a5f2b9318d-d643fd/soffice.pdf,307176
tracking_without_comments__e1c745d784_008243ee20adecbf2ae39c9e6809b022076aa166a4a4f9ec__vs__bd3824dd1e_000ee64ef7226d353297888f59a251e24ce5d776fea000fa_redline_cbe8b159d8,docxide,corpus/tracking_without_comments/e1c745d784-bd3824dd1e-a010db/docxide.pdf,271308
tracking_without_comments__e1c745d784_008243ee20adecbf2ae39c9e6809b022076aa166a4a4f9ec__vs__bd3824dd1e_000ee64ef7226d353297888f59a251e24ce5d776fea000fa_redline_cbe8b159d8,soffice,corpus/tracking_without_comments/e1c745d784-bd3824dd1e-a010db/soffice.pdf,437025
tracking_without_comments__e1c745d784_008243ee20adecbf2ae39c9e6809b022076aa166a4a4f9ec__vs__deff0e697a_00b5defcad6e58038eac35472a2d48c89905068e5ece0cc3_redline_78beb60a00,docxide,corpus/tracking_without_comments/e1c745d784-deff0e697a-d8806f/docxide.pdf,73852
tracking_without_comments__e1c745d784_008243ee20adecbf2ae39c9e6809b022076aa166a4a4f9ec__vs__deff0e697a_00b5defcad6e58038eac35472a2d48c89905068e5ece0cc3_redline_78beb60a00,soffice,corpus/tracking_without_comments/e1c745d784-deff0e697a-d8806f/soffice.pdf,260370
tracking_without_comments__e33b9d6f5c_file_150__vs__78338ff080_file_151_redline_6b8b7bf9cb,docxide,corpus/tracking_without_comments/e33b9d6f5c-78338ff080-3058b5/docxide.pdf,17505
tracking_without_comments__e33b9d6f5c_file_150__vs__78338ff080_file_151_redline_6b8b7bf9cb,soffice,corpus/tracking_without_comments/e33b9d6f5c-78338ff080-3058b5/soffice.pdf,12831
tracking_without_comments__e355cec096_small_font_size_demo_id_paraid_overflow__vs__73e78ba640_strikethrough_and_italic_combo_id_paraid_overflo_redline_70f8737437,docxide,corpus/tracking_without_comments/e355cec096-73e78ba640-32f264/docxide.pdf,13360
tracking_without_comments__e355cec096_small_font_size_demo_id_paraid_overflow__vs__73e78ba640_strikethrough_and_italic_combo_id_paraid_overflo_redline_70f8737437,soffice,corpus/tracking_without_comments/e355cec096-73e78ba640-32f264/soffice.pdf,19749
tracking_without_comments__e4a3a561ca_eb69ea90d9396386d231b2853b5f141a4312bddb262d96e2,docxide,corpus/tracking_without_comments/e4a3a561ca/docxide.pdf,111029
tracking_without_comments__e4a3a561ca_eb69ea90d9396386d231b2853b5f141a4312bddb262d96e2,soffice,corpus/tracking_without_comments/e4a3a561ca/soffice.pdf,69430
tracking_without_comments__e616ed8a32_file_180__vs__194f96511f_file_181_redline_c2e1ec13df,docxide,corpus/tracking_without_comments/e616ed8a32-194f96511f-be9eee/docxide.pdf,16394
tracking_without_comments__e616ed8a32_file_180__vs__194f96511f_file_181_redline_c2e1ec13df,soffice,corpus/tracking_without_comments/e616ed8a32-194f96511f-be9eee/soffice.pdf,21227
tracking_without_comments__e7f42d32bc_right_align_bold_demo_id_paraid_overflow__vs__2c4e244c15_right_aligned_italic_demo_id_paraid_overflow_redline_3faf6e148e,docxide,corpus/tracking_without_comments/e7f42d32bc-2c4e244c15-391395/docxide.pdf,14679
tracking_without_comments__e7f42d32bc_right_align_bold_demo_id_paraid_overflow__vs__2c4e244c15_right_aligned_italic_demo_id_paraid_overflow_redline_3faf6e148e,soffice,corpus/tracking_without_comments/e7f42d32bc-2c4e244c15-391395/soffice.pdf,14687
tracking_without_comments__e871d6f4c9_sample_document_word_repair_of_our_output_word_r__vs__11856e25f6_small_font_size_demo_id_paraid_overflow_redline_486822a083,docxide,corpus/tracking_without_comments/e871d6f4c9-11856e25f6-b046b6/docxide.pdf,23255
tracking_without_comments__e871d6f4c9_sample_document_word_repair_of_our_output_word_r__vs__11856e25f6_small_font_size_demo_id_paraid_overflow_redline_486822a083,soffice,corpus/tracking_without_comments/e871d6f4c9-11856e25f6-b046b6/soffice.pdf,109987
tracking_without_comments__e886422c26_times_new_roman_font_id_paraid_overflow__vs__54c0b3ed3d_title_style_centered_demo_id_paraid_overflow_redline_b71737269e,docxide,corpus/tracking_without_comments/e886422c26-54c0b3ed3d-cd5261/docxide.pdf,15405
tracking_without_comments__e886422c26_times_new_roman_font_id_paraid_overflow__vs__54c0b3ed3d_title_style_centered_demo_id_paraid_overflow_redline_b71737269e,soffice,corpus/tracking_without_comments/e886422c26-54c0b3ed3d-cd5261/soffice.pdf,17065
tracking_without_comments__eac167172d_file_143__vs__fd4aefa551_file_144_redline_d4b3b91c87,docxide,corpus/tracking_without_comments/eac167172d-fd4aefa551-ecf721/docxide.pdf,26264
tracking_without_comments__eac167172d_file_143__vs__fd4aefa551_file_144_redline_d4b3b91c87,soffice,corpus/tracking_without_comments/eac167172d-fd4aefa551-ecf721/soffice.pdf,102318
tracking_without_comments__eb82ad6df1_heading_1_bold_demo_id_paraid_overflow__vs__f6bf50a9ee_heading_1_style_demo_id_paraid_overflow_redline_4fcfb3e558,docxide,corpus/tracking_without_comments/eb82ad6df1-f6bf50a9ee-0103fe/docxide.pdf,15141
tracking_without_comments__eb82ad6df1_heading_1_bold_demo_id_paraid_overflow__vs__f6bf50a9ee_heading_1_style_demo_id_paraid_overflow_redline_4fcfb3e558,soffice,corpus/tracking_without_comments/eb82ad6df1-f6bf50a9ee-0103fe/soffice.pdf,10186
tracking_without_comments__ec4df76243_9126d1f4d9b39a51172c343d2ede487c97445a4264e23cb8__vs__1587a40694_4991382416adefef66b97f0a3efacf2c2a793a067541ad27_redline_968fd6cc01,docxide,corpus/tracking_without_comments/ec4df76243-1587a40694-102ff8/docxide.pdf,106155
tracking_without_comments__ec4df76243_9126d1f4d9b39a51172c343d2ede487c97445a4264e23cb8__vs__1587a40694_4991382416adefef66b97f0a3efacf2c2a793a067541ad27_redline_968fd6cc01,soffice,corpus/tracking_without_comments/ec4df76243-1587a40694-102ff8/soffice.pdf,164859
tracking_without_comments__ed54f530fd_5ca225a29b58bc6c7c1f7319480272dd123c15ed8f6152dd__vs__562ab63668_c32d7d404d41ffad48b82d7fd645b0c880c31055a8e58510_redline_62992fde4e,docxide,corpus/tracking_without_comments/ed54f530fd-562ab63668-676592/docxide.pdf,65482
tracking_without_comments__ed54f530fd_5ca225a29b58bc6c7c1f7319480272dd123c15ed8f6152dd__vs__562ab63668_c32d7d404d41ffad48b82d7fd645b0c880c31055a8e58510_redline_62992fde4e,soffice,corpus/tracking_without_comments/ed54f530fd-562ab63668-676592/soffice.pdf,101108
tracking_without_comments__ed65623ab9_6458bec742693d740cee892f243c72f6cbe05b0fcf62f4cd__vs__0fe46e33f7_664674359ac6798a3fe13805bc5137057d6c73b8da3910c9_redline_941344b7e8,docxide,corpus/tracking_without_comments/ed65623ab9-0fe46e33f7-7aa8ed/docxide.pdf,69342
tracking_without_comments__ed65623ab9_6458bec742693d740cee892f243c72f6cbe05b0fcf62f4cd__vs__0fe46e33f7_664674359ac6798a3fe13805bc5137057d6c73b8da3910c9_redline_941344b7e8,soffice,corpus/tracking_without_comments/ed65623ab9-0fe46e33f7-7aa8ed/soffice.pdf,111454
tracking_without_comments__ee5340ce7b_eb4037d30b4ce8e20b38c3fe9dc5cd26497403eaf48a0720__vs__d6c79519b8_767e1d623887009c26871f675c0d80e63b5b2558486b2c27_redline_42878027b0,docxide,corpus/tracking_without_comments/ee5340ce7b-d6c79519b8-9b7191/docxide.pdf,121348
tracking_without_comments__ee5340ce7b_eb4037d30b4ce8e20b38c3fe9dc5cd26497403eaf48a0720__vs__d6c79519b8_767e1d623887009c26871f675c0d80e63b5b2558486b2c27_redline_42878027b0,soffice,corpus/tracking_without_comments/ee5340ce7b-d6c79519b8-9b7191/soffice.pdf,87470
tracking_without_comments__ee628c2f6a_file_146__vs__7d92b42353_file_147_redline_279f46cf54,docxide,corpus/tracking_without_comments/ee628c2f6a-7d92b42353-425f4a/docxide.pdf,31538
tracking_without_comments__ee628c2f6a_file_146__vs__7d92b42353_file_147_redline_279f46cf54,soffice,corpus/tracking_without_comments/ee628c2f6a-7d92b42353-425f4a/soffice.pdf,104387
tracking_without_comments__ee7b597379_e1de10f3f4dde77b257e02a9bc77069e526976ce36a540ca__vs__3b4a5ba94c_f6d29022fede26a74cdf5ffea716a6251d5f0d5e3cee398f_redline_e91ecb9efa,docxide,corpus/tracking_without_comments/ee7b597379-3b4a5ba94c-26a235/docxide.pdf,87665
tracking_without_comments__ee7b597379_e1de10f3f4dde77b257e02a9bc77069e526976ce36a540ca__vs__3b4a5ba94c_f6d29022fede26a74cdf5ffea716a6251d5f0d5e3cee398f_redline_e91ecb9efa,soffice,corpus/tracking_without_comments/ee7b597379-3b4a5ba94c-26a235/soffice.pdf,114854
tracking_without_comments__f05b2b13ee_file_103__vs__d435c8d66c_file_104_redline_ed3701fb29,docxide,corpus/tracking_without_comments/f05b2b13ee-d435c8d66c-ab635f/docxide.pdf,11197
tracking_without_comments__f05b2b13ee_file_103__vs__d435c8d66c_file_104_redline_ed3701fb29,soffice,corpus/tracking_without_comments/f05b2b13ee-d435c8d66c-ab635f/soffice.pdf,16834
tracking_without_comments__f0c3934ae6_file_108,docxide,corpus/tracking_without_comments/f0c3934ae6/docxide.pdf,22516
tracking_without_comments__f0c3934ae6_file_108,soffice,corpus/tracking_without_comments/f0c3934ae6/soffice.pdf,11198
tracking_without_comments__f0f90aa0cf_981631a715108df2a9c75275cd04a5fc2495ce3ad604790b__vs__e0ada445ca_4f48d962d05d1fca7e32a424ff8e815c01637102694d57df_redline_6ddf25f1b8,docxide,corpus/tracking_without_comments/f0f90aa0cf-e0ada445ca-6433ef/docxide.pdf,27633
tracking_without_comments__f0f90aa0cf_981631a715108df2a9c75275cd04a5fc2495ce3ad604790b__vs__e0ada445ca_4f48d962d05d1fca7e32a424ff8e815c01637102694d57df_redline_6ddf25f1b8,soffice,corpus/tracking_without_comments/f0f90aa0cf-e0ada445ca-6433ef/soffice.pdf,45706
tracking_without_comments__f17e96512e_001cb345cc8d6b799aa725514eb368005048b80f4b4c07a5__vs__2773adf157_0004c94ca2a8684d47449bb0e7abf87de1df71a7e6543252_redline_b142c6fab2,docxide,corpus/tracking_without_comments/f17e96512e-2773adf157-e0c700/docxide.pdf,106193
tracking_without_comments__f17e96512e_001cb345cc8d6b799aa725514eb368005048b80f4b4c07a5__vs__2773adf157_0004c94ca2a8684d47449bb0e7abf87de1df71a7e6543252_redline_b142c6fab2,soffice,corpus/tracking_without_comments/f17e96512e-2773adf157-e0c700/soffice.pdf,92921
tracking_without_comments__f17e96512e_001cb345cc8d6b799aa725514eb368005048b80f4b4c07a5__vs__a5f2b9318d_002aa60c2ae1187417b4b157c5ec6450324cc056ec551a12_redline_b7c11bf92a,docxide,corpus/tracking_without_comments/f17e96512e-a5f2b9318d-ca9f5c/docxide.pdf,129505
tracking_without_comments__f17e96512e_001cb345cc8d6b799aa725514eb368005048b80f4b4c07a5__vs__a5f2b9318d_002aa60c2ae1187417b4b157c5ec6450324cc056ec551a12_redline_b7c11bf92a,soffice,corpus/tracking_without_comments/f17e96512e-a5f2b9318d-ca9f5c/soffice.pdf,106320
tracking_without_comments__f17e96512e_001cb345cc8d6b799aa725514eb368005048b80f4b4c07a5__vs__deff0e697a_00b5defcad6e58038eac35472a2d48c89905068e5ece0cc3_redline_05f1cb1522,docxide,corpus/tracking_without_comments/f17e96512e-deff0e697a-5b430c/docxide.pdf,66673
tracking_without_comments__f17e96512e_001cb345cc8d6b799aa725514eb368005048b80f4b4c07a5__vs__deff0e697a_00b5defcad6e58038eac35472a2d48c89905068e5ece0cc3_redline_05f1cb1522,soffice,corpus/tracking_without_comments/f17e96512e-deff0e697a-5b430c/soffice.pdf,62044
tracking_without_comments__f43929f70c_verdana_bold_large_font_id_paraid_overflow__vs__3413da1703_verdana_font_demo_id_paraid_overflow_2_redline_a0d2331c56,docxide,corpus/tracking_without_comments/f43929f70c-3413da1703-9b7578/docxide.pdf,9432
tracking_without_comments__f43929f70c_verdana_bold_large_font_id_paraid_overflow__vs__3413da1703_verdana_font_demo_id_paraid_overflow_2_redline_a0d2331c56,soffice,corpus/tracking_without_comments/f43929f70c-3413da1703-9b7578/soffice.pdf,22181
tracking_without_comments__f43929f70c_verdana_bold_large_font_id_paraid_overflow__vs__ac4b41aa8e_verdana_font_demo_id_paraid_overflow_redline_814dac9051,docxide,corpus/tracking_without_comments/f43929f70c-ac4b41aa8e-d89b17/docxide.pdf,9336
tracking_without_comments__f43929f70c_verdana_bold_large_font_id_paraid_overflow__vs__ac4b41aa8e_verdana_font_demo_id_paraid_overflow_redline_814dac9051,soffice,corpus/tracking_without_comments/f43929f70c-ac4b41aa8e-d89b17/soffice.pdf,21810
tracking_without_comments__f4fa801783_sample_document_really_repaired_word_repaired,docxide,corpus/tracking_without_comments/f4fa801783/docxide.pdf,94522
tracking_without_comments__f4fa801783_sample_document_really_repaired_word_repaired,soffice,corpus/tracking_without_comments/f4fa801783/soffice.pdf,92015
tracking_without_comments__f601de1855_file_152__vs__746ad2b7f6_file_153_redline_8d257ab7b4,docxide,corpus/tracking_without_comments/f601de1855-746ad2b7f6-b35ba1/docxide.pdf,31491
tracking_without_comments__f601de1855_file_152__vs__746ad2b7f6_file_153_redline_8d257ab7b4,soffice,corpus/tracking_without_comments/f601de1855-746ad2b7f6-b35ba1/soffice.pdf,29447
tracking_without_comments__f7d8cdf9a9_product_roadmap_2026_suggesting_insertions__vs__93db7f65b3_project_plan_suggesting_insertions_redline_218c9d60d5,docxide,corpus/tracking_without_comments/f7d8cdf9a9-93db7f65b3-8f52ba/docxide.pdf,18499
tracking_without_comments__f7d8cdf9a9_product_roadmap_2026_suggesting_insertions__vs__93db7f65b3_project_plan_suggesting_insertions_redline_218c9d60d5,soffice,corpus/tracking_without_comments/f7d8cdf9a9-93db7f65b3-8f52ba/soffice.pdf,17570
tracking_without_comments__f84571f3fc_bold_text_formatting_demo_id_paraid_overflow_2__vs__fdabb735ad_bold_text_formatting_demo_id_paraid_overflow_redline_031d0f0b06,docxide,corpus/tracking_without_comments/f84571f3fc-fdabb735ad-d9f927/docxide.pdf,14529
tracking_without_comments__f84571f3fc_bold_text_formatting_demo_id_paraid_overflow_2__vs__fdabb735ad_bold_text_formatting_demo_id_paraid_overflow_redline_031d0f0b06,soffice,corpus/tracking_without_comments/f84571f3fc-fdabb735ad-d9f927/soffice.pdf,8191
tracking_without_comments__f84571f3fc_bold_text_formatting_demo_id_paraid_overflow_2__vs__fdabb735ad_bold_text_formatting_demo_id_paraid_overflow_redline_9e2f695098,docxide,corpus/tracking_without_comments/f84571f3fc-fdabb735ad-b299fa/docxide.pdf,14526
tracking_without_comments__f84571f3fc_bold_text_formatting_demo_id_paraid_overflow_2__vs__fdabb735ad_bold_text_formatting_demo_id_paraid_overflow_redline_9e2f695098,soffice,corpus/tracking_without_comments/f84571f3fc-fdabb735ad-b299fa/soffice.pdf,8191
tracking_without_comments__f901587291_docx_lots_of_comments_addition_redline_addition,docxide,corpus/tracking_without_comments/f901587291/docxide.pdf,190579
tracking_without_comments__f901587291_docx_lots_of_comments_addition_redline_addition,soffice,corpus/tracking_without_comments/f901587291/soffice.pdf,211184
tracking_without_comments__f9b9dbd790_0017bce9abd08007241b106f0fcf1d64e45c05cd82a05a1d__vs__1424386e9b_017447de83753a0e3b7afc659df038ef56972925336c6a5b_redline_2ea0a59b6a,docxide,corpus/tracking_without_comments/f9b9dbd790-1424386e9b-b60529/docxide.pdf,80831
tracking_without_comments__f9b9dbd790_0017bce9abd08007241b106f0fcf1d64e45c05cd82a05a1d__vs__1424386e9b_017447de83753a0e3b7afc659df038ef56972925336c6a5b_redline_2ea0a59b6a,soffice,corpus/tracking_without_comments/f9b9dbd790-1424386e9b-b60529/soffice.pdf,165681
tracking_without_comments__f9b9dbd790_0017bce9abd08007241b106f0fcf1d64e45c05cd82a05a1d__vs__2773adf157_0004c94ca2a8684d47449bb0e7abf87de1df71a7e6543252_redline_6bcf56a447,docxide,corpus/tracking_without_comments/f9b9dbd790-2773adf157-f4b08f/docxide.pdf,106947
tracking_without_comments__f9b9dbd790_0017bce9abd08007241b106f0fcf1d64e45c05cd82a05a1d__vs__2773adf157_0004c94ca2a8684d47449bb0e7abf87de1df71a7e6543252_redline_6bcf56a447,soffice,corpus/tracking_without_comments/f9b9dbd790-2773adf157-f4b08f/soffice.pdf,182472
tracking_without_comments__fa6006c2ee_file_62__vs__5a508830cf_file_63_redline_0161808db0,docxide,corpus/tracking_without_comments/fa6006c2ee-5a508830cf-80043e/docxide.pdf,20706
tracking_without_comments__fa6006c2ee_file_62__vs__5a508830cf_file_63_redline_0161808db0,soffice,corpus/tracking_without_comments/fa6006c2ee-5a508830cf-80043e/soffice.pdf,12999
tracking_without_comments__fc29454fff_89f617729d6e13b02ee455a6293f3bb99a733691efb9311a,docxide,corpus/tracking_without_comments/fc29454fff/docxide.pdf,125082
tracking_without_comments__fc29454fff_89f617729d6e13b02ee455a6293f3bb99a733691efb9311a,soffice,corpus/tracking_without_comments/fc29454fff/soffice.pdf,93600
tracking_without_comments__fc5d9fecb7_00028d824d5d2262bc6e30692308cd1b577ac1dff228970d__vs__bd3824dd1e_000ee64ef7226d353297888f59a251e24ce5d776fea000fa_redline_7fdcd442c2,docxide,corpus/tracking_without_comments/fc5d9fecb7-bd3824dd1e-2b92d7/docxide.pdf,264597
tracking_without_comments__fc5d9fecb7_00028d824d5d2262bc6e30692308cd1b577ac1dff228970d__vs__bd3824dd1e_000ee64ef7226d353297888f59a251e24ce5d776fea000fa_redline_7fdcd442c2,soffice,corpus/tracking_without_comments/fc5d9fecb7-bd3824dd1e-2b92d7/soffice.pdf,471563
tracking_without_comments__fd1d891f44_file_98__vs__c0723c2916_file_99_redline_0d06710c45,docxide,corpus/tracking_without_comments/fd1d891f44-c0723c2916-fd29fe/docxide.pdf,15560
tracking_without_comments__fd1d891f44_file_98__vs__c0723c2916_file_99_redline_0d06710c45,soffice,corpus/tracking_without_comments/fd1d891f44-c0723c2916-fd29fe/soffice.pdf,14663
with_comments_clean__115a9fa36c_00b0c1ee03bebb82d730a127b2dc2a13c07e5e98b98100d6,docxide,corpus/with_comments_clean/115a9fa36c/docxide.pdf,132911
with_comments_clean__115a9fa36c_00b0c1ee03bebb82d730a127b2dc2a13c07e5e98b98100d6,soffice,corpus/with_comments_clean/115a9fa36c/soffice.pdf,80370
with_comments_clean__3413da1703_verdana_font_demo_id_paraid_overflow_2__vs__ac4b41aa8e_verdana_font_demo_id_paraid_overflow_redline_d5efaa5b6d,docxide,corpus/with_comments_clean/3413da1703-ac4b41aa8e-a81d6c/docxide.pdf,16809
with_comments_clean__3413da1703_verdana_font_demo_id_paraid_overflow_2__vs__ac4b41aa8e_verdana_font_demo_id_paraid_overflow_redline_d5efaa5b6d,soffice,corpus/with_comments_clean/3413da1703-ac4b41aa8e-a81d6c/soffice.pdf,9799
with_comments_clean__37c6c62345_3f296ffac9c17a92962156ff41f2b079eb687cd440513fe3,docxide,corpus/with_comments_clean/37c6c62345/docxide.pdf,117822
with_comments_clean__37c6c62345_3f296ffac9c17a92962156ff41f2b079eb687cd440513fe3,soffice,corpus/with_comments_clean/37c6c62345/soffice.pdf,84938
with_comments_clean__409867707c_61a16c9bdc534801a19fcf808fdddd50a7cd74d1efd6113e,docxide,corpus/with_comments_clean/409867707c/docxide.pdf,89975
with_comments_clean__409867707c_61a16c9bdc534801a19fcf808fdddd50a7cd74d1efd6113e,soffice,corpus/with_comments_clean/409867707c/soffice.pdf,58621
with_comments_clean__71c67c168f_37d74eebe6fd69b7f6041f8ecda8e9857d885b23dab561b0,docxide,corpus/with_comments_clean/71c67c168f/docxide.pdf,95961
with_comments_clean__71c67c168f_37d74eebe6fd69b7f6041f8ecda8e9857d885b23dab561b0,soffice,corpus/with_comments_clean/71c67c168f/soffice.pdf,58299
with_comments_clean__882e251894_c41a01217b430717fbacf9cd114aed87b99db718803e1801,docxide,corpus/with_comments_clean/882e251894/docxide.pdf,66881
with_comments_clean__882e251894_c41a01217b430717fbacf9cd114aed87b99db718803e1801,soffice,corpus/with_comments_clean/882e251894/soffice.pdf,49334
with_comments_clean__9f5481078e_docx_lots_of_comments_addition_redline__vs__ee9bfc2650_docx_lots_of_comments_addition_removal_redline_r_redline_60e784f2de,docxide,corpus/with_comments_clean/9f5481078e-ee9bfc2650-734d63/docxide.pdf,194152
with_comments_clean__9f5481078e_docx_lots_of_comments_addition_redline__vs__ee9bfc2650_docx_lots_of_comments_addition_removal_redline_r_redline_60e784f2de,soffice,corpus/with_comments_clean/9f5481078e-ee9bfc2650-734d63/soffice.pdf,210185
with_comments_clean__9f5481078e_docx_lots_of_comments_addition_redline__vs__ee9bfc2650_docx_lots_of_comments_addition_removal_redline_r_redline_d4c19477cb,docxide,corpus/with_comments_clean/9f5481078e-ee9bfc2650-cbe59e/docxide.pdf,194209
with_comments_clean__9f5481078e_docx_lots_of_comments_addition_redline__vs__ee9bfc2650_docx_lots_of_comments_addition_removal_redline_r_redline_d4c19477cb,soffice,corpus/with_comments_clean/9f5481078e-ee9bfc2650-cbe59e/soffice.pdf,210185
with_comments_clean__d16179a60b_c3cb50c9620520f54d70a4f079a12e94bf94f54f507eff8d,docxide,corpus/with_comments_clean/d16179a60b/docxide.pdf,111660
with_comments_clean__d16179a60b_c3cb50c9620520f54d70a4f079a12e94bf94f54f507eff8d,soffice,corpus/with_comments_clean/d16179a60b/soffice.pdf,52542
with_comments_clean__d2b26d3d09_2e08021f1da5c44102c6290537cebdf19167b3b14d7b60fc,docxide,corpus/with_comments_clean/d2b26d3d09/docxide.pdf,78286
with_comments_clean__d2b26d3d09_2e08021f1da5c44102c6290537cebdf19167b3b14d7b60fc,soffice,corpus/with_comments_clean/d2b26d3d09/soffice.pdf,44864
with_comments_clean__ee9bfc2650_docx_lots_of_comments_addition_removal_redline_r__vs__3fcadf4761_docx_lots_of_comments_addition_removal_redline_redline_58cd08049b,docxide,corpus/with_comments_clean/ee9bfc2650-3fcadf4761-08bd88/docxide.pdf,194251
with_comments_clean__ee9bfc2650_docx_lots_of_comments_addition_removal_redline_r__vs__3fcadf4761_docx_lots_of_comments_addition_removal_redline_redline_58cd08049b,soffice,corpus/with_comments_clean/ee9bfc2650-3fcadf4761-08bd88/soffice.pdf,210185
with_comments_clean__ee9bfc2650_docx_lots_of_comments_addition_removal_redline_r__vs__3fcadf4761_docx_lots_of_comments_addition_removal_redline_redline_d2e24e9733,docxide,corpus/with_comments_clean/ee9bfc2650-3fcadf4761-343b6c/docxide.pdf,194134
with_comments_clean__ee9bfc2650_docx_lots_of_comments_addition_removal_redline_r__vs__3fcadf4761_docx_lots_of_comments_addition_removal_redline_redline_d2e24e9733,soffice,corpus/with_comments_clean/ee9bfc2650-3fcadf4761-343b6c/soffice.pdf,210185
with_comments_tracking__0f5a806b4c_file_141__vs__dccd972179_file_142_redline_3d22ad3c37,docxide,corpus/with_comments_tracking/0f5a806b4c-dccd972179-119d22/docxide.pdf,26879
with_comments_tracking__0f5a806b4c_file_141__vs__dccd972179_file_142_redline_3d22ad3c37,soffice,corpus/with_comments_tracking/0f5a806b4c-dccd972179-119d22/soffice.pdf,17279
with_comments_tracking__0f5a806b4c_file_141__vs__dccd972179_file_142_redline_b3cc5c1abe,docxide,corpus/with_comments_tracking/0f5a806b4c-dccd972179-b9792b/docxide.pdf,26872
with_comments_tracking__0f5a806b4c_file_141__vs__dccd972179_file_142_redline_b3cc5c1abe,soffice,corpus/with_comments_tracking/0f5a806b4c-dccd972179-b9792b/soffice.pdf,17279
with_comments_tracking__1072677c3a_file_6__vs__1b8ec2a8cd_file_7_redline_29e3872eed,docxide,corpus/with_comments_tracking/1072677c3a-1b8ec2a8cd-bc9b22/docxide.pdf,48865
with_comments_tracking__1072677c3a_file_6__vs__1b8ec2a8cd_file_7_redline_29e3872eed,soffice,corpus/with_comments_tracking/1072677c3a-1b8ec2a8cd-bc9b22/soffice.pdf,201504
with_comments_tracking__13ea153d22_file_174__vs__66dcec3e49_file_175_redline_301e236134,docxide,corpus/with_comments_tracking/13ea153d22-66dcec3e49-5f585e/docxide.pdf,106802
with_comments_tracking__13ea153d22_file_174__vs__66dcec3e49_file_175_redline_301e236134,soffice,corpus/with_comments_tracking/13ea153d22-66dcec3e49-5f585e/soffice.pdf,99689
with_comments_tracking__1547c5df73_file_130__vs__df097720f7_file_131_redline_2e3f1e261d,docxide,corpus/with_comments_tracking/1547c5df73-df097720f7-511bf6/docxide.pdf,193162
with_comments_tracking__1547c5df73_file_130__vs__df097720f7_file_131_redline_2e3f1e261d,soffice,corpus/with_comments_tracking/1547c5df73-df097720f7-511bf6/soffice.pdf,229983
with_comments_tracking__1547c5df73_file_130__vs__df097720f7_file_131_redline_e4df2c199d,docxide,corpus/with_comments_tracking/1547c5df73-df097720f7-efc49b/docxide.pdf,193209
with_comments_tracking__1547c5df73_file_130__vs__df097720f7_file_131_redline_e4df2c199d,soffice,corpus/with_comments_tracking/1547c5df73-df097720f7-efc49b/soffice.pdf,229983
with_comments_tracking__1e212fbfdc_file_122__vs__85692b483f_file_123_redline_71159007ab,docxide,corpus/with_comments_tracking/1e212fbfdc-85692b483f-d52e31/docxide.pdf,36293
with_comments_tracking__1e212fbfdc_file_122__vs__85692b483f_file_123_redline_71159007ab,soffice,corpus/with_comments_tracking/1e212fbfdc-85692b483f-d52e31/soffice.pdf,22530
with_comments_tracking__24ad1aa6e5_docx_lots_of_comments_addition_removal__vs__e57ad0eaa4_docx_lots_of_comments_addition_redline_a836952933,docxide,corpus/with_comments_tracking/24ad1aa6e5-e57ad0eaa4-db1fca/docxide.pdf,194085
with_comments_tracking__24ad1aa6e5_docx_lots_of_comments_addition_removal__vs__e57ad0eaa4_docx_lots_of_comments_addition_redline_a836952933,soffice,corpus/with_comments_tracking/24ad1aa6e5-e57ad0eaa4-db1fca/soffice.pdf,211224
with_comments_tracking__26ccb443f6_file_11__vs__799980e6af_file_12_redline_69e44ac125,docxide,corpus/with_comments_tracking/26ccb443f6-799980e6af-d74ac6/docxide.pdf,29235
with_comments_tracking__26ccb443f6_file_11__vs__799980e6af_file_12_redline_69e44ac125,soffice,corpus/with_comments_tracking/26ccb443f6-799980e6af-d74ac6/soffice.pdf,19709
with_comments_tracking__2b328caeee_0ddd11a4c4cfd99b77de17348a8ddc30ae5e5c80a101c84e__vs__882e251894_c41a01217b430717fbacf9cd114aed87b99db718803e1801_redline_3866f441cc,docxide,corpus/with_comments_tracking/2b328caeee-882e251894-11e252/docxide.pdf,65251
with_comments_tracking__2b328caeee_0ddd11a4c4cfd99b77de17348a8ddc30ae5e5c80a101c84e__vs__882e251894_c41a01217b430717fbacf9cd114aed87b99db718803e1801_redline_3866f441cc,soffice,corpus/with_comments_tracking/2b328caeee-882e251894-11e252/soffice.pdf,95279
with_comments_tracking__2c0a2ac35f_double_spacing_bold_demo_id_paraid_overflow__vs__90cef57bac_eigenpal_docx_editor_suggesting_mixed_edits_redline_af90d4e258,docxide,corpus/with_comments_tracking/2c0a2ac35f-90cef57bac-c1d876/docxide.pdf,109272
with_comments_tracking__2c0a2ac35f_double_spacing_bold_demo_id_paraid_overflow__vs__90cef57bac_eigenpal_docx_editor_suggesting_mixed_edits_redline_af90d4e258,soffice,corpus/with_comments_tracking/2c0a2ac35f-90cef57bac-c1d876/soffice.pdf,107591
with_comments_tracking__3acaee795f_red_strikethrough_demo_style_default_missing__vs__70fd78a4f8_redline_cicerodo_v_plate_30_redline_1dbbf3be63,docxide,corpus/with_comments_tracking/3acaee795f-70fd78a4f8-ad38e3/docxide.pdf,83771
with_comments_tracking__3acaee795f_red_strikethrough_demo_style_default_missing__vs__70fd78a4f8_redline_cicerodo_v_plate_30_redline_1dbbf3be63,soffice,corpus/with_comments_tracking/3acaee795f-70fd78a4f8-ad38e3/soffice.pdf,60446
with_comments_tracking__3e43d24c46_clear_formatting_demo_id_paraid_overflow__vs__adc9f524d1_comments_redline_f88615e5c5,docxide,corpus/with_comments_tracking/3e43d24c46-adc9f524d1-e42069/docxide.pdf,25574
with_comments_tracking__3e43d24c46_clear_formatting_demo_id_paraid_overflow__vs__adc9f524d1_comments_redline_f88615e5c5,soffice,corpus/with_comments_tracking/3e43d24c46-adc9f524d1-e42069/soffice.pdf,8614
with_comments_tracking__3fcadf4761_docx_lots_of_comments_addition_removal_redline__vs__24ad1aa6e5_docx_lots_of_comments_addition_removal_redline_30f20e787b,docxide,corpus/with_comments_tracking/3fcadf4761-24ad1aa6e5-3f3fc5/docxide.pdf,192799
with_comments_tracking__3fcadf4761_docx_lots_of_comments_addition_removal_redline__vs__24ad1aa6e5_docx_lots_of_comments_addition_removal_redline_30f20e787b,soffice,corpus/with_comments_tracking/3fcadf4761-24ad1aa6e5-3f3fc5/soffice.pdf,210335
with_comments_tracking__3fcadf4761_docx_lots_of_comments_addition_removal_redline__vs__24ad1aa6e5_docx_lots_of_comments_addition_removal_redline_48b006f032,docxide,corpus/with_comments_tracking/3fcadf4761-24ad1aa6e5-4d6589/docxide.pdf,192813
with_comments_tracking__3fcadf4761_docx_lots_of_comments_addition_removal_redline__vs__24ad1aa6e5_docx_lots_of_comments_addition_removal_redline_48b006f032,soffice,corpus/with_comments_tracking/3fcadf4761-24ad1aa6e5-4d6589/soffice.pdf,210335
with_comments_tracking__4492bbb1f8_file_172__vs__838af02d11_file_173_redline_485b916ef9,docxide,corpus/with_comments_tracking/4492bbb1f8-838af02d11-fc3c29/docxide.pdf,32099
with_comments_tracking__4492bbb1f8_file_172__vs__838af02d11_file_173_redline_485b916ef9,soffice,corpus/with_comments_tracking/4492bbb1f8-838af02d11-fc3c29/soffice.pdf,23828
with_comments_tracking__4f0a3847e3_verdana_italic_centered_demo_id_paraid_overflow__vs__eb2f3c86b5_vfdsdfcacawesd_suggesting_mixed_edits_redline_5af67335fe,docxide,corpus/with_comments_tracking/4f0a3847e3-eb2f3c86b5-a1eac0/docxide.pdf,27359
with_comments_tracking__4f0a3847e3_verdana_italic_centered_demo_id_paraid_overflow__vs__eb2f3c86b5_vfdsdfcacawesd_suggesting_mixed_edits_redline_5af67335fe,soffice,corpus/with_comments_tracking/4f0a3847e3-eb2f3c86b5-a1eac0/soffice.pdf,15809
with_comments_tracking__50d8be9682_file_190__vs__e9d5410452_file_191_redline_01f3deda92,docxide,corpus/with_comments_tracking/50d8be9682-e9d5410452-276649/docxide.pdf,29252
with_comments_tracking__50d8be9682_file_190__vs__e9d5410452_file_191_redline_01f3deda92,soffice,corpus/with_comments_tracking/50d8be9682-e9d5410452-276649/soffice.pdf,19724
with_comments_tracking__50d8be9682_file_190__vs__e9d5410452_file_191_redline_771e9393ce,docxide,corpus/with_comments_tracking/50d8be9682-e9d5410452-c4db6e/docxide.pdf,29255
with_comments_tracking__50d8be9682_file_190__vs__e9d5410452_file_191_redline_771e9393ce,soffice,corpus/with_comments_tracking/50d8be9682-e9d5410452-c4db6e/soffice.pdf,19724
with_comments_tracking__57ff9e1b30_file_89__vs__9c8272b1e2_file_90_redline_849e0cb7c4,docxide,corpus/with_comments_tracking/57ff9e1b30-9c8272b1e2-4d1a8d/docxide.pdf,29620
with_comments_tracking__57ff9e1b30_file_89__vs__9c8272b1e2_file_90_redline_849e0cb7c4,soffice,corpus/with_comments_tracking/57ff9e1b30-9c8272b1e2-4d1a8d/soffice.pdf,11052
with_comments_tracking__64bdd3aded_footnotes_sample__vs__a0738533be_gdocs_comments_export_redline_75ff938b20,docxide,corpus/with_comments_tracking/64bdd3aded-a0738533be-0526ad/docxide.pdf,23338
with_comments_tracking__64bdd3aded_footnotes_sample__vs__a0738533be_gdocs_comments_export_redline_75ff938b20,soffice,corpus/with_comments_tracking/64bdd3aded-a0738533be-0526ad/soffice.pdf,16241
with_comments_tracking__66dcec3e49_file_175__vs__8f47b1dc90_file_176_redline_485599b4e9,docxide,corpus/with_comments_tracking/66dcec3e49-8f47b1dc90-b079ae/docxide.pdf,97049
with_comments_tracking__66dcec3e49_file_175__vs__8f47b1dc90_file_176_redline_485599b4e9,soffice,corpus/with_comments_tracking/66dcec3e49-8f47b1dc90-b079ae/soffice.pdf,106426
with_comments_tracking__66dcec3e49_file_175__vs__8f47b1dc90_file_176_redline_acccebf575,docxide,corpus/with_comments_tracking/66dcec3e49-8f47b1dc90-031895/docxide.pdf,97127
with_comments_tracking__66dcec3e49_file_175__vs__8f47b1dc90_file_176_redline_acccebf575,soffice,corpus/with_comments_tracking/66dcec3e49-8f47b1dc90-031895/soffice.pdf,106426
with_comments_tracking__66e70631fb_file_188__vs__70584b4a0e_file_189_redline_6bf1e10a91,docxide,corpus/with_comments_tracking/66e70631fb-70584b4a0e-7ed03c/docxide.pdf,39850
with_comments_tracking__66e70631fb_file_188__vs__70584b4a0e_file_189_redline_6bf1e10a91,soffice,corpus/with_comments_tracking/66e70631fb-70584b4a0e-7ed03c/soffice.pdf,103027
with_comments_tracking__66e70631fb_file_188__vs__70584b4a0e_file_189_redline_c46dee2ac8,docxide,corpus/with_comments_tracking/66e70631fb-70584b4a0e-a8297e/docxide.pdf,39884
with_comments_tracking__66e70631fb_file_188__vs__70584b4a0e_file_189_redline_c46dee2ac8,soffice,corpus/with_comments_tracking/66e70631fb-70584b4a0e-a8297e/soffice.pdf,103027
with_comments_tracking__68526de79b_file_77__vs__7476f5fbb1_file_78_redline_822ad81a4c,docxide,corpus/with_comments_tracking/68526de79b-7476f5fbb1-2201f7/docxide.pdf,96106
with_comments_tracking__68526de79b_file_77__vs__7476f5fbb1_file_78_redline_822ad81a4c,soffice,corpus/with_comments_tracking/68526de79b-7476f5fbb1-2201f7/soffice.pdf,104443
with_comments_tracking__70a28a8258_file_15__vs__be5bf990cb_file_16_redline_699cc8bd70,docxide,corpus/with_comments_tracking/70a28a8258-be5bf990cb-9a1b64/docxide.pdf,193060
with_comments_tracking__70a28a8258_file_15__vs__be5bf990cb_file_16_redline_699cc8bd70,soffice,corpus/with_comments_tracking/70a28a8258-be5bf990cb-9a1b64/soffice.pdf,224834
with_comments_tracking__7166fa4199_document_100_ultimate_demo_id_paraid_overflow__vs__97c3dd2e86_docx_lots_of_comments_addition_redline_addition_redline_8993b015d5,docxide,corpus/with_comments_tracking/7166fa4199-97c3dd2e86-e3bec9/docxide.pdf,191253
with_comments_tracking__7166fa4199_document_100_ultimate_demo_id_paraid_overflow__vs__97c3dd2e86_docx_lots_of_comments_addition_redline_addition_redline_8993b015d5,soffice,corpus/with_comments_tracking/7166fa4199-97c3dd2e86-e3bec9/soffice.pdf,222512
with_comments_tracking__7476f5fbb1_file_78__vs__fa962f4b9d_file_79_redline_5b878b9756,docxide,corpus/with_comments_tracking/7476f5fbb1-fa962f4b9d-c7845a/docxide.pdf,40987
with_comments_tracking__7476f5fbb1_file_78__vs__fa962f4b9d_file_79_redline_5b878b9756,soffice,corpus/with_comments_tracking/7476f5fbb1-fa962f4b9d-c7845a/soffice.pdf,105846
with_comments_tracking__756fb54224_potpourritest__vs__f7d8cdf9a9_product_roadmap_2026_suggesting_insertions_redline_8358846f3a,docxide,corpus/with_comments_tracking/756fb54224-f7d8cdf9a9-188c8b/docxide.pdf,119331
with_comments_tracking__756fb54224_potpourritest__vs__f7d8cdf9a9_product_roadmap_2026_suggesting_insertions_redline_8358846f3a,soffice,corpus/with_comments_tracking/756fb54224-f7d8cdf9a9-188c8b/soffice.pdf,122242
with_comments_tracking__756fb54224_potpourritest__vs__f7d8cdf9a9_product_roadmap_2026_suggesting_insertions_redline_c6d6371812,docxide,corpus/with_comments_tracking/756fb54224-f7d8cdf9a9-aba84e/docxide.pdf,62782
with_comments_tracking__756fb54224_potpourritest__vs__f7d8cdf9a9_product_roadmap_2026_suggesting_insertions_redline_c6d6371812,soffice,corpus/with_comments_tracking/756fb54224-f7d8cdf9a9-aba84e/soffice.pdf,121726
with_comments_tracking__799980e6af_file_12__vs__2bd5ae6064_file_13_redline_612a3c24fa,docxide,corpus/with_comments_tracking/799980e6af-2bd5ae6064-25a476/docxide.pdf,43586
with_comments_tracking__799980e6af_file_12__vs__2bd5ae6064_file_13_redline_612a3c24fa,soffice,corpus/with_comments_tracking/799980e6af-2bd5ae6064-25a476/soffice.pdf,21296
with_comments_tracking__799980e6af_file_12__vs__2bd5ae6064_file_13_redline_e212b559b2,docxide,corpus/with_comments_tracking/799980e6af-2bd5ae6064-0a9cc0/docxide.pdf,43584
with_comments_tracking__799980e6af_file_12__vs__2bd5ae6064_file_13_redline_e212b559b2,soffice,corpus/with_comments_tracking/799980e6af-2bd5ae6064-0a9cc0/soffice.pdf,21296
with_comments_tracking__8061e5912f_file_159__vs__8f8f5a3e4d_file_160_redline_69a4d71d6f,docxide,corpus/with_comments_tracking/8061e5912f-8f8f5a3e4d-d1dab3/docxide.pdf,46880
with_comments_tracking__8061e5912f_file_159__vs__8f8f5a3e4d_file_160_redline_69a4d71d6f,soffice,corpus/with_comments_tracking/8061e5912f-8f8f5a3e4d-d1dab3/soffice.pdf,19206
with_comments_tracking__8061e5912f_file_159__vs__8f8f5a3e4d_file_160_redline_85cf240f69,docxide,corpus/with_comments_tracking/8061e5912f-8f8f5a3e4d-3daa04/docxide.pdf,46931
with_comments_tracking__8061e5912f_file_159__vs__8f8f5a3e4d_file_160_redline_85cf240f69,soffice,corpus/with_comments_tracking/8061e5912f-8f8f5a3e4d-3daa04/soffice.pdf,19206
with_comments_tracking__81158d928d_sample_document_afterword_repaired_word_repaired__vs__ba3f04f252_sample_document_really_repaired_word_repaired_redline_2c123533f6,docxide,corpus/with_comments_tracking/81158d928d-ba3f04f252-4e8cb6/docxide.pdf,95875
with_comments_tracking__81158d928d_sample_document_afterword_repaired_word_repaired__vs__ba3f04f252_sample_document_really_repaired_word_repaired_redline_2c123533f6,soffice,corpus/with_comments_tracking/81158d928d-ba3f04f252-4e8cb6/soffice.pdf,100035
with_comments_tracking__81158d928d_sample_document_afterword_repaired_word_repaired__vs__ba3f04f252_sample_document_really_repaired_word_repaired_redline_c1ab41fd94,docxide,corpus/with_comments_tracking/81158d928d-ba3f04f252-a14f2f/docxide.pdf,95923
with_comments_tracking__81158d928d_sample_document_afterword_repaired_word_repaired__vs__ba3f04f252_sample_document_really_repaired_word_repaired_redline_c1ab41fd94,soffice,corpus/with_comments_tracking/81158d928d-ba3f04f252-a14f2f/soffice.pdf,100035
with_comments_tracking__82ee7342fd_file_5__vs__1072677c3a_file_6_redline_70a6883d16,docxide,corpus/with_comments_tracking/82ee7342fd-1072677c3a-62e574/docxide.pdf,193796
with_comments_tracking__82ee7342fd_file_5__vs__1072677c3a_file_6_redline_70a6883d16,soffice,corpus/with_comments_tracking/82ee7342fd-1072677c3a-62e574/soffice.pdf,222739
with_comments_tracking__836d7aa3c4_file_14__vs__70a28a8258_file_15_redline_25f1d6ecc3,docxide,corpus/with_comments_tracking/836d7aa3c4-70a28a8258-48ae37/docxide.pdf,37815
with_comments_tracking__836d7aa3c4_file_14__vs__70a28a8258_file_15_redline_25f1d6ecc3,soffice,corpus/with_comments_tracking/836d7aa3c4-70a28a8258-48ae37/soffice.pdf,113271
with_comments_tracking__836d7aa3c4_file_14__vs__70a28a8258_file_15_redline_a045479a81,docxide,corpus/with_comments_tracking/836d7aa3c4-70a28a8258-a2a24f/docxide.pdf,37820
with_comments_tracking__836d7aa3c4_file_14__vs__70a28a8258_file_15_redline_a045479a81,soffice,corpus/with_comments_tracking/836d7aa3c4-70a28a8258-a2a24f/soffice.pdf,113271
with_comments_tracking__838af02d11_file_173__vs__13ea153d22_file_174_redline_23e03057e6,docxide,corpus/with_comments_tracking/838af02d11-13ea153d22-0cdf3f/docxide.pdf,25114
with_comments_tracking__838af02d11_file_173__vs__13ea153d22_file_174_redline_23e03057e6,soffice,corpus/with_comments_tracking/838af02d11-13ea153d22-0cdf3f/soffice.pdf,20347
with_comments_tracking__838af02d11_file_173__vs__13ea153d22_file_174_redline_79f93926e2,docxide,corpus/with_comments_tracking/838af02d11-13ea153d22-6fd670/docxide.pdf,25139
with_comments_tracking__838af02d11_file_173__vs__13ea153d22_file_174_redline_79f93926e2,soffice,corpus/with_comments_tracking/838af02d11-13ea153d22-6fd670/soffice.pdf,20347
with_comments_tracking__85692b483f_file_123__vs__0086695f46_file_124_redline_1108cc4aae,docxide,corpus/with_comments_tracking/85692b483f-0086695f46-9d9903/docxide.pdf,31387
with_comments_tracking__85692b483f_file_123__vs__0086695f46_file_124_redline_1108cc4aae,soffice,corpus/with_comments_tracking/85692b483f-0086695f46-9d9903/soffice.pdf,22740
with_comments_tracking__8ef32902e8_file_158__vs__8061e5912f_file_159_redline_8de55978f2,docxide,corpus/with_comments_tracking/8ef32902e8-8061e5912f-93a7cf/docxide.pdf,28044
with_comments_tracking__8ef32902e8_file_158__vs__8061e5912f_file_159_redline_8de55978f2,soffice,corpus/with_comments_tracking/8ef32902e8-8061e5912f-93a7cf/soffice.pdf,9119
with_comments_tracking__8f47b1dc90_file_176__vs__a3586d71f8_file_177_redline_5f0fed8e2a,docxide,corpus/with_comments_tracking/8f47b1dc90-a3586d71f8-ca5cf9/docxide.pdf,40633
with_comments_tracking__8f47b1dc90_file_176__vs__a3586d71f8_file_177_redline_5f0fed8e2a,soffice,corpus/with_comments_tracking/8f47b1dc90-a3586d71f8-ca5cf9/soffice.pdf,103472
with_comments_tracking__8f47b1dc90_file_176__vs__a3586d71f8_file_177_redline_ad917ac52c,docxide,corpus/with_comments_tracking/8f47b1dc90-a3586d71f8-75e603/docxide.pdf,40636
with_comments_tracking__8f47b1dc90_file_176__vs__a3586d71f8_file_177_redline_ad917ac52c,soffice,corpus/with_comments_tracking/8f47b1dc90-a3586d71f8-75e603/soffice.pdf,103472
with_comments_tracking__970fd9303f_sample_document_word_repair_of_our_output_word_r__vs__e355cec096_small_font_size_demo_id_paraid_overflow_redline_aa31228e52,docxide,corpus/with_comments_tracking/970fd9303f-e355cec096-34ac8f/docxide.pdf,39332
with_comments_tracking__970fd9303f_sample_document_word_repair_of_our_output_word_r__vs__e355cec096_small_font_size_demo_id_paraid_overflow_redline_aa31228e52,soffice,corpus/with_comments_tracking/970fd9303f-e355cec096-34ac8f/soffice.pdf,110010
with_comments_tracking__97c3dd2e86_docx_lots_of_comments_addition_redline_addition__vs__9f5481078e_docx_lots_of_comments_addition_redline_redline_2d65e392ab,docxide,corpus/with_comments_tracking/97c3dd2e86-9f5481078e-7712e9/docxide.pdf,194079
with_comments_tracking__97c3dd2e86_docx_lots_of_comments_addition_redline_addition__vs__9f5481078e_docx_lots_of_comments_addition_redline_redline_2d65e392ab,soffice,corpus/with_comments_tracking/97c3dd2e86-9f5481078e-7712e9/soffice.pdf,211224
with_comments_tracking__ac0bcc10fe_file_146__vs__9c0dd6b3f6_file_147_redline_9c8876c6d7,docxide,corpus/with_comments_tracking/ac0bcc10fe-9c0dd6b3f6-a0aecc/docxide.pdf,38789
with_comments_tracking__ac0bcc10fe_file_146__vs__9c0dd6b3f6_file_147_redline_9c8876c6d7,soffice,corpus/with_comments_tracking/ac0bcc10fe-9c0dd6b3f6-a0aecc/soffice.pdf,104460
with_comments_tracking__ac4b41aa8e_verdana_font_demo_id_paraid_overflow__vs__4f0a3847e3_verdana_italic_centered_demo_id_paraid_overflow_redline_30d1cde0ac,docxide,corpus/with_comments_tracking/ac4b41aa8e-4f0a3847e3-3c2eb4/docxide.pdf,23988
with_comments_tracking__ac4b41aa8e_verdana_font_demo_id_paraid_overflow__vs__4f0a3847e3_verdana_italic_centered_demo_id_paraid_overflow_redline_30d1cde0ac,soffice,corpus/with_comments_tracking/ac4b41aa8e-4f0a3847e3-3c2eb4/soffice.pdf,22684
with_comments_tracking__b175a00954_file_27__vs__f32428a03a_file_28_redline_0f031c23c3,docxide,corpus/with_comments_tracking/b175a00954-f32428a03a-bdf916/docxide.pdf,72042
with_comments_tracking__b175a00954_file_27__vs__f32428a03a_file_28_redline_0f031c23c3,soffice,corpus/with_comments_tracking/b175a00954-f32428a03a-bdf916/soffice.pdf,190566
with_comments_tracking__b175a00954_file_27__vs__f32428a03a_file_28_redline_f8f8d224f2,docxide,corpus/with_comments_tracking/b175a00954-f32428a03a-c61b52/docxide.pdf,72000
with_comments_tracking__b175a00954_file_27__vs__f32428a03a_file_28_redline_f8f8d224f2,soffice,corpus/with_comments_tracking/b175a00954-f32428a03a-c61b52/soffice.pdf,190566
with_comments_tracking__ba3f04f252_sample_document_really_repaired_word_repaired__vs__d93f1dafca_sample_document_word_repair_of_our_output_iter2_redline_713774d8e1,docxide,corpus/with_comments_tracking/ba3f04f252-d93f1dafca-ee68be/docxide.pdf,97004
with_comments_tracking__ba3f04f252_sample_document_really_repaired_word_repaired__vs__d93f1dafca_sample_document_word_repair_of_our_output_iter2_redline_713774d8e1,soffice,corpus/with_comments_tracking/ba3f04f252-d93f1dafca-ee68be/soffice.pdf,102005
with_comments_tracking__ba3f04f252_sample_document_really_repaired_word_repaired__vs__d93f1dafca_sample_document_word_repair_of_our_output_iter2_redline_957168bc45,docxide,corpus/with_comments_tracking/ba3f04f252-d93f1dafca-80e587/docxide.pdf,95847
with_comments_tracking__ba3f04f252_sample_document_really_repaired_word_repaired__vs__d93f1dafca_sample_document_word_repair_of_our_output_iter2_redline_957168bc45,soffice,corpus/with_comments_tracking/ba3f04f252-d93f1dafca-80e587/soffice.pdf,100028
with_comments_tracking__bc85714262_file_170__vs__15b6035cc0_file_171_redline_89c44edb8b,docxide,corpus/with_comments_tracking/bc85714262-15b6035cc0-c60d50/docxide.pdf,53902
with_comments_tracking__bc85714262_file_170__vs__15b6035cc0_file_171_redline_89c44edb8b,soffice,corpus/with_comments_tracking/bc85714262-15b6035cc0-c60d50/soffice.pdf,119704
with_comments_tracking__bc85714262_file_170__vs__15b6035cc0_file_171_redline_c9fc2e8899,docxide,corpus/with_comments_tracking/bc85714262-15b6035cc0-01bc23/docxide.pdf,53915
with_comments_tracking__bc85714262_file_170__vs__15b6035cc0_file_171_redline_c9fc2e8899,soffice,corpus/with_comments_tracking/bc85714262-15b6035cc0-01bc23/soffice.pdf,119704
with_comments_tracking__bd768e6c17_file_74__vs__8c79860f8d_file_75_redline_58c827e77a,docxide,corpus/with_comments_tracking/bd768e6c17-8c79860f8d-029650/docxide.pdf,73050
with_comments_tracking__bd768e6c17_file_74__vs__8c79860f8d_file_75_redline_58c827e77a,soffice,corpus/with_comments_tracking/bd768e6c17-8c79860f8d-029650/soffice.pdf,215396
with_comments_tracking__c090b9f082_file_8__vs__3f91c8f0cd_file_9_redline_cac2492b83,docxide,corpus/with_comments_tracking/c090b9f082-3f91c8f0cd-0548f8/docxide.pdf,193251
with_comments_tracking__c090b9f082_file_8__vs__3f91c8f0cd_file_9_redline_cac2492b83,soffice,corpus/with_comments_tracking/c090b9f082-3f91c8f0cd-0548f8/soffice.pdf,211661
with_comments_tracking__cbb3bab843_word_tolerated_orphan_comment__vs__cefef4e4f5_yellow_highlight_demo_id_paraid_overflow_redline_3796807136,docxide,corpus/with_comments_tracking/cbb3bab843-cefef4e4f5-7f28e9/docxide.pdf,37424
with_comments_tracking__cbb3bab843_word_tolerated_orphan_comment__vs__cefef4e4f5_yellow_highlight_demo_id_paraid_overflow_redline_3796807136,soffice,corpus/with_comments_tracking/cbb3bab843-cefef4e4f5-7f28e9/soffice.pdf,10008
with_comments_tracking__d93f1dafca_sample_document_word_repair_of_our_output_iter2__vs__970fd9303f_sample_document_word_repair_of_our_output_word_r_redline_ace788a217,docxide,corpus/with_comments_tracking/d93f1dafca-970fd9303f-2bb686/docxide.pdf,98398
with_comments_tracking__d93f1dafca_sample_document_word_repair_of_our_output_iter2__vs__970fd9303f_sample_document_word_repair_of_our_output_word_r_redline_ace788a217,soffice,corpus/with_comments_tracking/d93f1dafca-970fd9303f-2bb686/soffice.pdf,94086
with_comments_tracking__d93f1dafca_sample_document_word_repair_of_our_output_iter2__vs__970fd9303f_sample_document_word_repair_of_our_output_word_r_redline_e47152cecc,docxide,corpus/with_comments_tracking/d93f1dafca-970fd9303f-58d751/docxide.pdf,95863
with_comments_tracking__d93f1dafca_sample_document_word_repair_of_our_output_iter2__vs__970fd9303f_sample_document_word_repair_of_our_output_word_r_redline_e47152cecc,soffice,corpus/with_comments_tracking/d93f1dafca-970fd9303f-58d751/soffice.pdf,100798
with_comments_tracking__df097720f7_file_131__vs__3c60cce945_file_132_redline_4eff11f045,docxide,corpus/with_comments_tracking/df097720f7-3c60cce945-a56f5e/docxide.pdf,49894
with_comments_tracking__df097720f7_file_131__vs__3c60cce945_file_132_redline_4eff11f045,soffice,corpus/with_comments_tracking/df097720f7-3c60cce945-a56f5e/soffice.pdf,201717
with_comments_tracking__df097720f7_file_131__vs__3c60cce945_file_132_redline_fa05623f53,docxide,corpus/with_comments_tracking/df097720f7-3c60cce945-00fceb/docxide.pdf,49935
with_comments_tracking__df097720f7_file_131__vs__3c60cce945_file_132_redline_fa05623f53,soffice,corpus/with_comments_tracking/df097720f7-3c60cce945-00fceb/soffice.pdf,201717
with_comments_tracking__e137a3db25_file_140__vs__0f5a806b4c_file_141_redline_d20ada3e0a,docxide,corpus/with_comments_tracking/e137a3db25-0f5a806b4c-f60fdf/docxide.pdf,17520
with_comments_tracking__e137a3db25_file_140__vs__0f5a806b4c_file_141_redline_d20ada3e0a,soffice,corpus/with_comments_tracking/e137a3db25-0f5a806b4c-f60fdf/soffice.pdf,22004
with_comments_tracking__e9d5410452_file_191__vs__bffb81f86c_file_192_redline_0cbac1d96f,docxide,corpus/with_comments_tracking/e9d5410452-bffb81f86c-8d0dcd/docxide.pdf,32019
with_comments_tracking__e9d5410452_file_191__vs__bffb81f86c_file_192_redline_0cbac1d96f,soffice,corpus/with_comments_tracking/e9d5410452-bffb81f86c-8d0dcd/soffice.pdf,8873
with_comments_tracking__e9d5410452_file_191__vs__bffb81f86c_file_192_redline_bfff2b1ab0,docxide,corpus/with_comments_tracking/e9d5410452-bffb81f86c-3ccb8f/docxide.pdf,32008
with_comments_tracking__e9d5410452_file_191__vs__bffb81f86c_file_192_redline_bfff2b1ab0,soffice,corpus/with_comments_tracking/e9d5410452-bffb81f86c-3ccb8f/soffice.pdf,8873
with_comments_tracking__eb2f3c86b5_vfdsdfcacawesd_suggesting_mixed_edits__vs__cefef4e4f5_yellow_highlight_demo_id_paraid_overflow_redline_913d076e79,docxide,corpus/with_comments_tracking/eb2f3c86b5-cefef4e4f5-09a216/docxide.pdf,30299
with_comments_tracking__eb2f3c86b5_vfdsdfcacawesd_suggesting_mixed_edits__vs__cefef4e4f5_yellow_highlight_demo_id_paraid_overflow_redline_913d076e79,soffice,corpus/with_comments_tracking/eb2f3c86b5-cefef4e4f5-09a216/soffice.pdf,9984
with_comments_tracking__eb2f3c86b5_vfdsdfcacawesd_suggesting_mixed_edits__vs__cefef4e4f5_yellow_highlight_demo_id_paraid_overflow_redline_c3b9905920,docxide,corpus/with_comments_tracking/eb2f3c86b5-cefef4e4f5-a7d776/docxide.pdf,30154
with_comments_tracking__eb2f3c86b5_vfdsdfcacawesd_suggesting_mixed_edits__vs__cefef4e4f5_yellow_highlight_demo_id_paraid_overflow_redline_c3b9905920,soffice,corpus/with_comments_tracking/eb2f3c86b5-cefef4e4f5-a7d776/soffice.pdf,9716
with_comments_tracking__ec3dd0df69_file_53__vs__94ed0def64_file_54_redline_c2380a4677,docxide,corpus/with_comments_tracking/ec3dd0df69-94ed0def64-af4f65/docxide.pdf,51949
with_comments_tracking__ec3dd0df69_file_53__vs__94ed0def64_file_54_redline_c2380a4677,soffice,corpus/with_comments_tracking/ec3dd0df69-94ed0def64-af4f65/soffice.pdf,202012
with_comments_tracking__ed0aa93b58_file_18__vs__9bf625ba95_file_19_redline_8694636a78,docxide,corpus/with_comments_tracking/ed0aa93b58-9bf625ba95-6022de/docxide.pdf,83900
with_comments_tracking__ed0aa93b58_file_18__vs__9bf625ba95_file_19_redline_8694636a78,soffice,corpus/with_comments_tracking/ed0aa93b58-9bf625ba95-6022de/soffice.pdf,63174
with_comments_tracking__f43929f70c_verdana_bold_large_font_id_paraid_overflow__vs__3413da1703_verdana_font_demo_id_paraid_overflow_2_redline_7da45f822a,docxide,corpus/with_comments_tracking/f43929f70c-3413da1703-a5015e/docxide.pdf,16807
with_comments_tracking__f43929f70c_verdana_bold_large_font_id_paraid_overflow__vs__3413da1703_verdana_font_demo_id_paraid_overflow_2_redline_7da45f822a,soffice,corpus/with_comments_tracking/f43929f70c-3413da1703-a5015e/soffice.pdf,21810
with_comments_tracking__faa7c6b110_file_88__vs__57ff9e1b30_file_89_redline_4319e3d7c7,docxide,corpus/with_comments_tracking/faa7c6b110-57ff9e1b30-8fa1c3/docxide.pdf,25008
with_comments_tracking__faa7c6b110_file_88__vs__57ff9e1b30_file_89_redline_4319e3d7c7,soffice,corpus/with_comments_tracking/faa7c6b110-57ff9e1b30-8fa1c3/soffice.pdf,15029
